Id,futime,fustat,age,gender,stage,T,M,N,TAT,CYP8B1,PCK2,SLC10A1,SLC27A5,ALDH6A1,SEC14L2,GLYATL1,LDHD,CYP4F2,ABCB4,ABAT,CES2,SLC27A2,MPDZ,ACSM2A,DCXR,ETNK2,HSD11B1,CYP2A6,EHHADH,DMGDH,ABCA6,AR,ACSM5,AASS,PFKFB1,TSKU,RDH16,HSD17B6,CD14,GLYAT,ASPDH,C8A,ABCB11,C3P1,HPD,CYP2C8,FBP1,CTH,SLC25A15,LRRC1,GPD1,SLC16A2,SLC22A1,ST3GAL6,INSIG1,OTC,CEP55,PDK4,FMO4,SLC46A3,SHMT1,C6,MYBL2,F11,RTP3,HAAO,DAO,PCK1,DEPDC1B,NR1I3,KCTD17,NR1I2,AQP9,CDCA7,ACSM2B,ACSL1,ENPEP,CYP4F11,APOA5,MAT1A,AURKB,HAO1,AZGP1,BHMT,GPT,ECM2,PRR11,AKR7A3,ACOX2,DEPDC7,KIF2C,SLCO2B1,UGT2B7,LIPG,PIPOX,RBP5,TTPA,ADH1B,SOX4,TMSB10,CYP4F3,CYP3A4,CCNB1,TYRO3,XDH,PLK1,OGDHL,DPYS,GTSE1,UBE2C,CYP4A22,IL27,GPT2,CYP2B6,FGGY,BDH1,HPR,FETUB,TRO,SARDH,EPS8L3,UGT2B10,GAL3ST1,KIF23,C8B,CENPF,ABCC9,MMP11,GHR,CCNB2,F9,CDK1,CYP2C9,GPLD1,NUF2,CDC20,ADH4,CDH23,HJURP,MASP2,ADRB2,TM6SF2,SULT2A1,ACY3,BIRC5,TRIP13,IGDCC4,FMO3,TROAP,KIFC1,MYRIP,UPB1,CYP4A11,CDO1,CMBL,CDCA3,SPHK1,KCNJ8,DLGAP5,ALDH1L1,MAPK13,SNHG4,CPEB3,RUNDC3B,F12,ADH1C,NEK2,AGXT2,ABCG8,CENPA,ACADL,TTK,SLC28A1,PTTG1,CYP7B1,FHDC1,F13B,CCL16,IYD,GADD45G,HP,KIF18B,KIF18A,AGXT,IGF2BP2,ARID3A,CPN2,ALDH8A1,ALPL,SDS,BUB1,SLC38A4,GSTZ1,SERPINC1,ADHFE1,ZMYND12,ANLN,ACMSD,BUB1B,MKI67,CFHR4,APBA1,RTKN2,TTR,GBP7,RCOR2,KIF20A,PLG,CENPM,MCM10,LRRC2,COL9A2,CDCA2,MAN1C1,GNMT,SKA3,MFAP3L,ABCG5,SLC4A11,SALL2,AMDHD1,TOP2A,SPDYC,APOF,ZIC5,ALDOB,ACOT12,NAGS,HPX,ARID3C,ADRA1B,SPC25,GYS2,APOC3,GBA3,GNA14,KIF15,WNK2,DQX1,SLC1A1,SLC22A25,PON1,DIO1,AFM,CPS1,PITX1,KIF4A,ABCA8,EXO1,TESC,SLC6A1,NANOS1,TRIM17,KCNF1,MELK,PTHLH,HMGA2,IGF2BP1,NCAPG,SLC6A12,PRAME,ZBTB16,G6PC,TRNP1,TPPP2,SLCO1B1,SLC2A2,PPARGC1A,SKA1,SLC6A13,SRD5A2,ABCA9,CD24,GNAZ,INHBC,LYPD1,SLC13A5,ASPM,MOGAT2,SYTL4,HRG,HAO2,KNG1,EME1,SIX2,LRRC3,ENPP7,SYNGR3,CES3,ETV4,UGT2B15,ESR1,RDH5,HDC,REEP2,AKR1D1,ZNF239,CFHR5,STEAP4,PROZ,DKK1,TDO2,SOX9,KCNH2,RIBC2,MYO16,TRIM71,WNK3,ABCG2,GFRA1,CUX2,FRAS1,ANGPTL6,AFP,UBXN10,OASL,SPP2,SULT1B1,FOXJ1,NECAB2,ANO1,PLEKHB1,ANXA10,CTHRC1,CFHR2,CES1,SAA1,MMP9,MTTP,AADAT,MNX1,DUSP9,ECHDC3,NAT2,HORMAD2,TRPM8,NXPH4,TTC36,DSG1,CA9,BCAS1,FITM1,LPA,CTNND2,CCL20,SULT1C2,ARG1,RASAL1,PYCR1,DMBT1,HS6ST2,PKIA,NEIL3,MFSD2A,DRD1,CDA,PNCK,DMKN,SEC14L3,NLRP6,GLP1R,SPIB,KMO,MDK,KCNJ4,LEPR,CDC25C,SLC1A2,VIPR1,CD300LG,PHYHD1,SERPINA11,UGT1A4,LCAT,USH2A,UGT1A1,GSTA2,FMO2,SLC6A14,CFHR3,ZBTB7C,KCNB1,ZIC2,UGT1A3,ADRA1A,CLDN18,SLC7A10,CA5A,GLS2,MMP10,ADH1A,FNDC5,SIX4,SHD,SSTR5,ATP8A2,FXYD2,SALL4,LECT2,GSTA1,B4GALNT4,CYP2D6,RANBP3L,DIRAS1,SAA4,ZNF385B,SLC22A7,SYT8,TMEM82,PACSIN1,HSD17B13,DAB1,SLC29A4,PLGLA,DNASE1L3,PCSK1N,GLOD5,LINGO4,MMP12,IGF1,CYP19A1,SNAP25,MATN3,SLC4A3,AOX1,BCO2,HOXC9,ARPP21,RIPPLY1,EXPH5,AQP7P1,TMEM100,PGC,BICC1,DBH,INHA,IGDCC3,CYP3A43,CKMT1B,CYP2A13,VIL1,SYT7,A4GNT,PGLYRP2,TNNT1,BEX2,FER1L6,MBL2,GNG4,GNAO1,CACNG4,MEP1B,FCAMR,RHOV,RHCE,MEP1A,C6orf223,PRR15L,GPM6A,IDO2,PEG10,GPR182,HOXC10,S100P,OCA2,CDH17,MSI1,THRSP,DEFB132,BRSK2,IGF2BP3,CYP11A1,C1orf116,ATOH8,SPINT1,UPP2,ZG16,TMC5,VSIG1,UGT1A9,FAM155B,GREM2,MAP7D2,PRODH,PAPPA2,PIGR,COL22A1,KCND3,HAVCR1,DIRAS3,ANXA13,KLC3,HOXB13,ACSL4,CTNNA3,CYP2A7,ELFN1,BBOX1,EPCAM,CYP39A1,SLC7A11,CYP26B1,PPP1R14D,ABCB5,UPK3A,DCDC2,CLEC2L,AVPR1A,TREH,SYT9,MCOLN3,GLDN,NR0B1,PRAMEF10,PPP2R2C,DNAH6,CBS,TSLP,ANKRD35,PEBP4,APOC1P1,SLC2A12,REN,CRHBP,MRAP2,CYP7A1,GDA,NRCAM,ACE2,GRIN2A,MT1X,IL1RAPL2,IGFBPL1,HOXA10,BMP7,MCCD1,SAA2,SCUBE1,FAM99B,ELOVL7,CADPS,GJB6,MPPED1,FOLH1B,GCNT3,HSD3B1,B3GNT3,GCK,MT1A,PIK3C2G,RGSL1,ZDHHC19,FAM99A,CYP1A1,RBP2,FCN2,C9,SPP1,CNDP1,UROC1,UBE2QL1,CYP26A1,ZNF648,GDNF,IL20RA,COL2A1,GCGR,FAM180A,IL1RL1,PDX1,LGSN,ACSM1,CXCL5,SLC6A11,KRT19,B4GALNT2,POPDC3,TRIM55,SYT13,CLDN2,FCN3,AQP4,GPC3,NRG1,KCNK9,KRT23,AGR2,FAM3B,HEPACAM,GABRA2,BMPER,CNTN3,UGT3A1,TFF1,COLEC10,BMP10,MT1E,MME,SULT1E1,CYP1A2,CHRNA4,NTS,RXRG,COX6A2,IGF2,TRIM50,GRPR,C7,GPR88,LHX3,GRIA3,SLITRK3,GDF2,CLEC4M,SPINK1,SLC12A1,ESRP1,CYP17A1,ASCL1,CLEC1B,USH1C,DLK1,CAMK2B,FAM151A,PDZK1IP1,MT1M,HGFAC,NOTUM,AQP8,CD5L,MT1G,FAM163B,PAGE4,ASPG,SLC6A2,SLC22A12,GSTM1
TCGA-2Y-A9GT_1,4.44931506849315,1,51,1,1,1,2,2,440,228,114,235,75,43,49,72,33,80,39,41,91,94,10,79,239,18,181,803,94,43,6,27,32,15,16,64,313,856,143,85,31,396,12,120,248,329,123,95,68,0,40,111,309,9,590,38,0,25,15,49,19,163,0,36,33,91,20,497,0,26,0,16,117,0,76,354,4,34,75,339,0,158,272,236,47,8,0,39,83,18,0,34,467,8,153,61,44,223,1,332,97,73,0,0,30,0,27,114,0,0,57,9,25,166,18,13,274,113,4,34,0,255,0,0,259,0,2,0,38,0,304,0,154,37,0,0,668,0,0,56,2,3,253,20,0,0,0,148,0,0,0,19,151,288,27,0,0,12,0,12,0,0,2,1,157,985,0,40,20,0,6,0,28,2,3,0,115,35,2,84,4752,0,0,412,0,0,75,114,24,474,0,265,10,1495,2,3,0,54,0,0,51,0,0,829,63,0,0,514,0,0,2,0,0,1,144,0,5,39,0,0,87,1,2,203,0,2342,42,1,1166,3,0,0,0,5426,65,0,0,0,0,42,14,213,67,105,291,0,0,6,0,0,16,0,0,0,0,0,0,0,0,7,0,3,549,0,0,142,252,2,0,6,68,0,0,0,53,0,17,0,23,6,779,121,628,0,0,8,0,0,11,0,283,0,0,0,0,222,0,174,3,31,0,85,1,0,0,0,0,3,12,0,11,0,0,0,2,15,71,3,0,1,17,0,50,0,225,453,9068,0,56,5,0,0,34,33,0,0,0,12,0,0,0,0,34,0,3,0,263,0,0,0,0,0,0,29,0,33,0,0,3,0,0,0,6,34,66,14,0,3,0,0,2,121,45,45,0,4,447,0,0,49,0,0,0,1,2,0,0,5,0,0,156,98,0,5,0,0,0,0,26,540,0,73,0,0,1,2,100,0,4,0,319,0,0,8,15,0,0,0,0,2,0,0,0,0,208,0,0,0,0,0,0,1,0,0,1,0,0,2,0,0,0,18,0,77,0,0,0,137,0,1,0,0,4,0,0,0,0,0,0,6,0,0,0,1,0,0,0,147,4,0,0,0,0,0,0,3,17,0,0,9,0,2,0,0,0,4,0,1,0,1,0,0,0,52,0,217,5,2,0,10,0,0,0,0,0,0,0,23,0,0,0,0,0,1,0,0,0,0,0,0,8,0,0,0,0,26,7,0,0,0,9,0,0,0,0,0,316,0,2,0,0,0,0,0,0,0,0,0,6,2,0,0,8,0,0,0,459,0,14,61,0,0,0,2,0,0,36,0,0,0,0,0,0,0,0,0,0,0,0,5,0,0,0,0,0,0,0,0,0,0,0,0,24,0,0,0,104,0,0,4,8,0,0,0,0,0,0,15,0,0,0,0,0,0,1,0,0,0,0,0,0,0,0,0,0,13,54,0,8,19,58,0,0,4,0,0,34
TCGA-2Y-A9GU_2,5.31232876712329,0,55,0,1,1,2,2,165,1,54,199,12,33,10,20,53,0,8,32,54,21,2,53,71,1,48,322,91,28,2,0,0,8,8,5,8,614,76,0,1,197,0,4,104,262,24,30,44,0,6,4,135,2,46,162,0,9,9,5,70,174,0,163,31,92,18,8,0,4,0,4,26,0,38,225,8,14,22,92,0,263,346,151,43,4,1,38,20,0,0,46,74,0,26,9,6,291,2,239,149,64,17,0,50,0,4,55,0,4,47,0,31,18,13,12,94,22,0,13,0,56,14,0,183,3,0,2,18,5,117,2,259,40,1,4,236,0,0,52,0,9,126,1,3,0,0,0,1,0,0,54,181,71,17,0,0,0,2,4,0,0,2,0,187,540,4,2,10,0,0,1,10,7,0,0,195,0,0,4,265,0,0,701,2,4,63,37,0,37,0,125,0,1788,0,0,0,12,0,1,189,0,0,1166,0,0,1,505,0,0,0,0,0,0,49,1,0,12,0,0,35,4,0,0,0,2725,12,12,1025,0,0,0,0,5426,38,0,0,0,0,0,15,354,23,157,173,2,1,5,0,0,25,0,0,0,0,0,0,4,0,15,0,0,579,10,0,288,281,19,3,6,0,2,51,0,18,0,0,3,0,0,522,9,915,0,0,5,1,0,3,0,467,0,0,0,0,98,0,5,0,39,0,9,5,0,0,0,2,1,0,0,0,0,0,0,0,0,21,1,0,0,4,0,19,0,278,779,7,0,0,0,0,1,6,2,0,0,1,0,0,0,0,0,8,0,0,0,210,0,6,0,0,0,0,0,0,0,0,0,0,5,0,0,13,55,1,48,0,0,0,0,0,231,3,20,1,4,248,0,0,22,0,0,0,0,0,0,0,8,0,0,628,29,0,1,17,0,0,0,7,885,4,76,0,0,0,0,235,0,3,0,77,0,9,0,0,0,0,0,0,0,0,0,0,0,33,0,0,0,0,0,0,0,0,0,0,1,0,0,0,14,5,7,0,12,0,5,2,0,0,0,0,0,0,0,0,0,0,13,0,0,342,0,0,18,0,0,0,2,0,0,0,0,0,0,0,0,0,0,0,0,0,0,0,0,0,0,29,0,0,0,0,0,0,31,0,11,24,4,29,0,0,0,0,0,0,3,0,0,0,0,0,0,0,0,4,0,0,0,0,0,1,0,0,0,0,30,11,0,0,0,0,0,0,0,0,1,0,0,0,2,0,0,8,0,0,0,0,0,2,0,0,0,0,0,0,0,0,1,0,21,1,0,0,0,0,43,0,0,0,0,0,22,0,22,0,0,0,23,0,0,0,0,293,0,0,0,0,0,0,0,0,0,8,0,0,0,0,0,0,0,14,0,0,0,100,32,0,0,18,0,0,0,0,0,1,0,0,28,2,0,2,0,0,0,0,0,213,0,0,2,0,0,0,14,0,0,21
TCGA-2Y-A9GV_3,6.93698630136986,1,54,0,1,1,2,2,150,236,84,191,99,48,28,66,49,103,50,93,71,137,9,53,354,14,278,885,129,38,7,13,46,1,12,106,133,540,276,33,29,422,4,82,215,299,90,10,11,1,95,17,387,4,67,38,0,32,16,68,28,206,0,31,72,52,23,132,0,13,0,13,192,0,62,250,17,27,107,248,0,177,270,46,14,2,0,74,19,8,0,45,157,7,130,29,74,93,0,339,92,17,0,0,21,0,16,140,0,0,31,9,7,29,17,11,440,98,1,35,0,55,0,0,304,0,3,0,63,0,246,0,117,32,0,0,313,0,0,40,2,5,522,10,0,0,0,176,0,0,8,29,159,116,75,0,0,4,0,9,0,0,9,0,283,219,0,20,9,0,5,0,56,0,1,0,57,76,7,44,4215,0,0,412,0,0,196,82,71,24,0,136,1,1416,0,1,0,26,0,0,60,0,0,1223,60,0,0,569,0,0,2,0,0,0,26,0,7,22,0,0,22,1,0,226,0,2725,83,7,1166,0,1,0,0,2962,33,0,0,0,0,35,7,114,125,101,50,0,0,1,0,0,15,0,0,0,0,0,0,0,0,1,0,1,169,4,1,105,296,0,0,2,5,0,0,0,98,0,28,0,31,1,756,112,407,0,0,11,15,0,10,0,80,2,0,0,0,86,0,81,4,23,0,172,0,0,0,0,0,1,1,1,12,0,0,0,0,1,82,5,0,7,22,0,31,0,241,628,29064,0,27,7,0,0,44,55,0,4,0,4,0,0,0,0,1,0,14,5,335,0,0,0,0,0,0,44,0,14,0,0,0,6,0,0,1,0,0,10,0,0,0,0,0,185,27,46,2,10,212,0,0,95,0,0,0,0,4,0,0,9,0,0,95,20,0,0,0,0,0,0,19,358,0,138,0,0,3,0,366,0,20,0,167,0,0,5,2,0,1,0,0,2,0,0,0,0,374,8,0,0,0,0,0,0,0,0,2,0,0,0,0,0,3,67,0,7,0,0,0,103,0,2,0,0,25,0,0,0,0,0,0,8,0,0,0,0,0,0,0,291,0,0,0,0,0,2,0,3,4,1,0,16,0,0,0,0,0,53,0,0,0,0,1,0,0,0,0,14,23,26,0,22,0,0,0,0,0,0,0,61,1,0,0,0,0,0,0,0,0,1,0,7,3,0,0,0,0,73,6,0,0,0,69,0,0,0,0,0,949,2,35,0,0,0,5,0,0,0,0,7,9,5,0,0,32,0,0,4,467,2,6,6,0,0,0,0,0,0,35,0,0,0,0,0,0,0,0,0,0,7,0,0,0,0,1,0,0,0,0,0,0,0,0,0,5,0,0,0,175,0,1,0,11,0,0,0,0,0,0,0,4,0,0,7,0,0,145,0,0,29,0,0,0,0,0,0,7,13,63,2,0,1,549,0,1,14,0,0,0
TCGA-2Y-A9GW_4,3.48219178082192,1,64,1,1,1,2,0,77,55,44,49,12,12,8,16,18,28,31,29,96,134,0,36,89,6,86,82,20,14,2,17,11,0,11,44,49,362,76,9,14,132,4,42,281,10,28,1,23,0,5,20,80,2,253,67,0,8,17,52,29,98,0,9,31,19,6,24,0,1,1,4,95,0,54,132,2,38,14,143,0,95,106,4,17,2,0,52,10,4,0,12,447,2,74,7,188,50,7,590,44,6,3,0,1,0,15,205,0,3,19,4,12,19,1,12,238,37,0,7,0,263,0,0,151,0,0,4,1,0,160,2,17,7,0,1,78,0,0,32,2,2,206,3,0,0,0,134,0,0,2,6,76,78,20,0,0,8,0,14,0,0,0,0,99,179,0,22,3,0,1,0,16,3,9,0,123,48,0,22,2725,0,0,111,0,0,44,34,3,379,0,40,1,2530,10,0,0,16,0,0,112,0,0,1348,10,0,0,181,0,0,0,0,0,0,6,0,0,3,0,0,8,3,0,49,0,474,29,2,829,0,0,0,0,2342,8,0,0,0,0,4,7,154,59,55,46,0,0,0,0,4,5,0,0,0,0,0,0,0,0,2,0,4,51,4,0,48,83,0,0,0,0,0,9,0,30,0,22,0,0,0,342,38,250,0,0,1,0,0,1,0,549,0,0,0,0,28,0,119,0,1,0,93,7,0,0,0,0,1,0,0,4,0,0,0,1,8,9,0,0,0,9,0,2,4,278,718,9068,40,18,0,0,0,23,0,0,2,0,0,0,0,0,0,5,0,94,4,316,0,0,0,0,0,0,4,0,10,0,0,0,0,0,0,4,25,1,2,0,0,0,0,0,103,3,9,0,14,8,0,0,102,0,0,0,0,0,0,0,2,0,0,99,5,0,0,0,0,0,0,15,215,0,46,0,0,4,0,38,0,0,0,0,0,0,0,0,0,0,0,16,0,0,0,0,0,99,0,0,0,0,0,0,1,8,3,0,0,0,1,0,0,0,5,0,33,0,0,0,83,0,0,0,0,26,0,0,0,0,0,0,0,0,0,0,0,0,0,2,7,0,0,0,0,0,0,4,15,3,1,0,32,0,0,0,0,0,68,0,0,0,0,4,0,0,203,0,0,0,4,12,0,0,0,0,0,0,0,0,0,0,0,0,0,0,7,0,0,0,0,0,0,241,0,0,0,0,101,4,1,0,0,2,0,0,0,0,0,329,0,0,0,0,0,0,0,0,0,2,0,18,0,0,0,0,0,0,0,417,2027,0,6,0,0,0,0,0,0,0,0,0,0,0,16,0,0,0,0,0,61,0,8,0,0,569,0,0,13,0,0,0,0,0,0,15,0,0,0,7,0,0,0,1,0,0,0,0,0,0,11,7,0,0,0,0,0,885,0,0,2,0,0,0,0,0,0,43,0,56,0,1,0,8,0,0,6,0,0,0
TCGA-2Y-A9GY_5,2.07397260273973,1,64,0,2,2,2,2,8,0,8,0,1,6,0,0,0,0,0,2,0,29,0,0,34,0,0,155,6,1,0,0,0,0,0,23,0,0,111,0,0,3,3,0,1,2,3,2,3,7,0,1,0,0,4,5,0,0,1,0,1,2,11,2,0,22,0,2,8,0,8,0,0,0,0,2,0,0,0,64,6,54,86,1,0,0,1,0,6,2,7,4,37,0,25,3,0,0,7,3487,3,0,30,3,2,2,0,29,0,18,0,0,4,31,1,0,0,2,0,8,6,31,8,0,42,0,0,4,0,7,0,10,3,0,1,14,0,0,2,7,0,0,0,0,17,3,0,4,1,6,0,0,2,2,11,1,6,2,2,9,4,0,0,0,50,0,1,7,0,0,0,3,0,13,0,0,10,4,0,1,8,0,0,0,4,3,6,11,0,8,1,42,0,736,0,0,1,0,0,1,0,0,0,1223,0,0,2,197,7,0,0,0,0,0,0,1,0,0,0,1,4,20,0,9,1,233,11,0,27,0,0,3,0,33,6,0,0,1,4,5,0,4,41,0,98,0,4,0,0,4,0,0,0,0,2,0,0,13,2,0,22,0,21,120,0,7,4,0,3,0,0,0,17,3,0,0,0,1,0,0,8,0,75,0,0,0,4,0,0,8,40,0,0,0,0,4,1,1,0,0,5,3,8,0,0,0,2,0,1,0,0,0,0,2342,0,0,0,0,1,0,0,0,1,0,3,274,0,18,25,0,0,81,0,0,0,0,0,0,0,6,0,0,0,0,23,6,248,0,8,0,0,0,1,0,0,0,0,2,0,0,0,0,0,67,0,8,0,0,0,0,0,47,0,1,0,4,50,0,0,0,0,0,3,0,0,0,0,0,0,0,0,0,0,0,0,0,0,0,0,392,0,0,0,0,0,0,0,0,9,0,0,0,0,0,0,0,0,0,9,0,0,0,0,0,33,0,0,0,0,0,0,0,0,11,0,1,0,0,0,0,15,0,0,0,0,4,0,12,0,0,0,0,0,0,0,11,0,13,0,0,2,0,0,1025,0,0,0,0,0,0,0,0,0,0,9,0,0,0,1,5,0,0,0,0,0,0,0,0,0,0,30,0,0,24,0,0,0,1,6,3,2,0,0,0,11,0,0,0,0,0,0,0,14,0,0,0,0,0,0,0,2,0,0,0,0,0,0,2,0,0,2,0,0,0,0,0,0,0,0,9,0,0,0,0,2,0,0,0,1,0,0,0,0,0,8,0,5,402,0,1,0,0,0,0,0,0,0,0,0,0,4,0,0,0,1,0,0,6,0,0,0,0,1166,0,0,0,101,0,0,0,0,0,15,0,0,0,72,0,1,0,0,6589,0,0,0,0,0,0,0,0,0,0,0,0,21,0,0,0,0,0,3,0,0,1,0,0,0,0,0,0,20,0,0,0,0,0,0
TCGA-2Y-A9GZ_6,2.32328767123288,1,82,0,2,2,2,2,641,181,205,346,103,106,69,46,73,31,18,76,255,83,16,130,736,54,422,2962,159,66,46,19,55,42,23,126,162,540,274,164,51,248,37,25,307,522,127,59,38,0,58,36,236,6,151,135,0,192,24,20,53,238,0,82,34,134,30,358,0,50,0,16,145,0,99,281,12,34,182,474,0,288,549,396,37,5,0,48,63,12,0,54,412,12,153,33,30,226,0,120,59,1071,3,0,52,0,22,124,0,1,134,16,29,89,24,8,276,268,2,86,0,342,0,0,219,0,7,0,20,0,257,0,614,9,0,2,985,2,0,55,3,2,505,26,2,0,0,152,0,0,2,49,278,185,127,0,0,17,0,58,0,0,0,3,170,175,0,19,8,0,3,0,22,1,2,0,115,26,2,22,2027,0,0,628,0,0,157,56,2,199,0,370,6,4752,1,3,0,56,0,0,61,0,0,4215,12,0,0,569,0,0,1,0,0,2,362,0,5,14,0,0,35,3,1,166,0,9068,24,8,1348,35,1,0,2,6589,57,0,0,0,0,11,14,230,46,213,417,0,0,11,0,0,15,0,0,0,0,0,0,0,0,15,0,11,246,0,0,220,440,7,0,2,11,1,1,0,79,0,14,0,49,3,1223,206,590,0,0,11,2,0,14,0,197,0,0,0,0,178,0,156,0,31,0,116,0,0,0,0,0,2,8,2,2,0,0,1,0,3,147,4,0,7,9,0,21,0,163,701,718,0,36,19,0,0,6,19,0,1,0,18,1,0,0,0,22,0,2,0,335,0,0,0,0,0,0,8,0,26,0,0,0,0,0,0,15,4,0,62,0,0,0,3,1,286,24,7,2,6,949,0,0,19,0,0,1,1,2,0,0,2,1,0,117,21,0,5,0,0,0,0,4,1282,0,88,0,0,0,3,129,0,37,0,176,0,0,16,2,0,0,0,0,0,0,0,0,0,222,1,0,0,0,0,0,0,0,0,7,0,0,7,0,19,8,10,0,99,0,0,0,2,0,0,0,0,0,0,0,0,0,0,0,2,9,0,0,0,0,0,0,20,0,0,0,0,0,0,0,0,4,0,0,29,0,1,0,12,0,4,0,0,0,9,1,0,0,13,0,291,13,27,0,31,0,0,0,0,0,0,0,19,6,6,0,0,0,0,0,0,2,1,0,0,1,0,0,8,0,383,5,0,0,0,19,0,0,0,0,0,62,0,5,0,0,0,0,2,0,0,0,15,15,4,0,0,7,0,0,8,122,7,2,64,0,0,0,0,0,0,79,0,0,0,0,55,0,0,0,0,0,0,0,0,0,0,24,0,0,0,0,0,7,0,0,0,0,0,0,0,141,7,6,0,5,0,0,0,0,0,0,0,46,0,0,2,0,0,35,0,0,0,16,0,0,0,0,0,9,21,12,1,0,1,392,0,4,29,0,0,0
TCGA-2Y-A9H0_7,10.0684931506849,0,49,1,3,3,0,0,245,104,90,22,10,26,3,2,14,43,6,15,21,33,8,8,143,16,69,12,15,8,5,1,16,2,6,20,6,95,78,1,9,21,0,23,7,21,83,9,25,1,4,14,27,0,55,97,2,7,3,40,56,36,22,6,132,31,20,0,1,4,1,1,0,0,16,230,4,17,25,86,4,60,156,162,8,0,1,9,52,6,4,7,313,2,128,67,9,23,4,407,25,64,18,0,11,4,9,252,0,19,0,0,4,6,6,3,132,49,1,22,1,87,1,1,68,4,5,0,14,9,66,29,64,0,7,13,316,0,3,17,0,1,949,5,23,3,0,73,4,8,4,9,16,96,47,1,0,6,6,0,2,0,0,0,47,2,10,13,3,4,2,1,6,24,2,0,101,41,0,16,1348,2,0,531,1,0,80,13,1,7,2,110,0,1902,0,0,3,13,1,8,0,0,0,549,31,0,2,26,6,1,2,0,2,1,18,4,0,6,0,0,25,47,1,6,0,1680,9,10,148,1,0,5,0,4215,3,0,1,0,0,4,0,115,157,173,417,0,15,0,2,0,5,0,0,0,6,0,0,2,4,0,0,0,55,0,0,106,157,4,12,0,12,0,3,1,73,0,1,5,4,0,453,32,392,0,0,0,6,0,7,0,113,0,0,0,0,9,1,71,0,6,0,6,4,0,0,0,0,2,0,0,0,0,0,641,0,58,18,0,0,12,2,0,1,0,123,668,150,0,23,1,0,12,20,0,0,2,7,0,0,9,0,0,0,2,12,8,272,0,0,0,0,0,0,0,0,13,74,0,0,0,0,0,2,79,0,0,4,0,0,0,7,58,0,8,2,1,569,0,0,54,0,0,2,0,0,0,0,3,0,0,56,0,0,11,0,0,0,0,12,736,0,11,0,0,0,0,145,0,6,1,15,0,0,0,0,0,0,0,0,0,9,0,0,0,6,0,0,0,0,0,0,0,0,0,0,0,0,0,0,0,4,55,0,50,0,31,0,5,3,0,1,0,0,0,0,0,16,0,0,0,9,0,0,10,4,0,8,37,0,0,0,0,0,0,0,0,3,0,0,37,0,0,0,0,0,2,0,0,0,0,0,0,0,15,0,0,0,0,0,0,0,0,0,0,17,0,0,37,0,0,2,0,0,0,0,0,0,0,3,0,29,0,0,0,0,26,2,0,0,0,8,0,0,0,0,0,5,0,9,0,0,0,0,0,2,0,0,0,14,0,0,0,20,0,0,0,154,136,0,0,0,0,0,0,0,0,2,0,0,0,0,8,0,0,0,0,4,5,0,1,0,0,985,0,0,0,0,0,0,0,0,0,2,0,0,0,61,4,10,0,0,0,1,4,0,0,0,0,433,0,0,0,0,0,248,0,0,0,45,0,0,0,0,3,12,29,0,0,5,0,422,0,0,0,0,0,4
TCGA-2Y-A9H1_8,3.36712328767123,1,58,1,1,1,2,2,14,27,60,24,55,10,17,15,37,24,5,20,55,63,2,35,459,12,28,79,36,10,7,7,13,3,6,57,32,213,248,44,32,95,8,20,540,32,3,9,13,0,3,6,26,4,185,109,0,2,3,16,24,82,0,6,66,55,6,31,0,19,0,4,129,0,69,48,2,28,12,119,0,87,307,86,48,5,0,89,8,10,0,4,339,0,101,38,37,304,2,641,39,72,1,0,6,0,15,75,0,0,15,5,25,36,27,13,779,56,0,14,0,402,0,0,145,0,0,0,0,0,39,0,128,2,0,0,140,0,0,65,1,2,127,11,0,0,0,52,0,0,0,22,121,97,30,0,0,19,0,48,0,0,0,0,71,241,0,28,3,0,1,0,8,4,9,0,68,149,2,43,3487,0,0,159,4,0,22,22,18,50,0,60,1,2175,15,3,0,30,0,0,19,0,0,2027,7,0,0,110,0,0,0,0,0,0,85,0,2,5,0,0,29,0,0,118,0,447,10,8,628,1,1,0,0,949,10,0,0,0,0,4,0,130,62,116,28,0,0,3,0,10,2,0,0,0,0,0,0,0,0,5,0,0,15,1,0,54,76,0,0,2,2,0,5,0,16,0,23,0,8,0,915,15,165,0,0,3,3,0,1,5,489,0,0,0,0,26,1,36,0,5,0,44,21,0,0,0,0,0,1,0,0,0,0,3,0,2,63,0,0,0,1,0,8,0,474,183,4752,4,21,0,0,0,35,7,0,4,0,2,1,0,0,0,14,0,10,2,123,0,0,0,0,0,0,0,0,8,0,0,0,0,0,0,7,37,0,4,0,2,0,0,8,75,0,15,0,2,43,0,0,79,0,0,0,0,0,0,0,14,0,0,265,0,0,6,0,0,0,0,58,736,0,46,0,0,0,1,15,0,0,0,9,0,0,2,10,0,10,0,0,0,0,0,0,0,89,0,0,0,0,0,0,0,0,1,0,0,0,0,0,0,0,0,0,54,0,0,0,70,0,0,0,0,0,0,2,0,0,2,0,0,0,0,0,16,0,0,1,66,0,0,0,3,0,0,0,0,9,0,0,0,0,0,0,0,0,17,0,1,0,0,0,0,0,67,0,3,0,0,0,7,0,0,0,0,0,0,0,0,0,0,0,0,0,0,0,0,0,0,0,0,270,0,0,0,2,80,0,0,0,0,11,0,0,0,0,0,366,0,0,0,0,0,0,0,0,0,0,0,7,0,0,0,1,13,0,0,192,467,0,1,2,0,1,0,0,0,0,0,0,0,0,50,0,0,0,0,0,91,0,5,0,0,358,0,0,78,0,6,0,0,0,0,2,0,0,0,38,0,0,8,1,0,0,5,0,0,0,0,0,0,0,0,0,0,985,0,0,0,0,0,0,0,0,0,76,0,55,1,0,0,6,0,0,0,0,0,0
TCGA-2Y-A9H2_9,4.74246575342466,0,64,0,1,1,2,0,54,24,12,32,4,3,4,4,2,4,0,3,8,11,0,3,35,0,20,130,7,1,0,1,1,0,0,5,36,117,30,5,1,47,0,8,33,39,13,7,8,1,1,11,36,0,101,2,0,2,0,3,6,13,1,2,1,10,0,69,0,0,2,0,8,0,6,41,0,3,3,48,1,12,49,21,2,0,0,3,4,0,4,3,85,0,15,5,7,29,42,6589,7,10,2,0,4,0,5,7,0,6,3,0,2,16,1,0,32,9,0,1,6,31,16,0,37,2,0,1,1,4,45,1,23,1,0,6,143,0,0,4,0,0,27,0,8,2,0,12,0,2,0,0,17,30,2,0,39,0,0,0,15,0,0,0,13,134,2,1,0,0,0,0,3,4,3,0,10,2,0,7,1071,0,0,45,0,0,4,11,0,63,0,33,0,459,0,0,1,6,0,1,2,0,0,188,2,0,1,67,1,0,0,2,0,0,9,0,0,1,0,1,4,13,0,24,0,522,2,0,192,0,0,0,0,1025,4,0,0,11,0,46,0,20,4,10,30,0,1,0,0,108,0,0,0,0,0,3,0,0,0,0,0,0,106,0,0,14,33,2,0,0,3,0,219,0,4,0,0,0,0,0,114,12,83,0,0,0,0,0,0,1,63,0,0,0,0,19,0,19,0,1,0,6,48,0,0,0,0,0,0,0,0,1,0,0,0,0,5,0,1,0,1,2,2,3,26,71,3487,5,4,0,0,0,2,0,0,0,0,0,0,0,0,0,1,7,81,0,37,0,5,0,0,0,0,1,0,1,0,3,0,0,0,24,0,80,2,0,0,0,0,0,0,9,3,4,0,0,75,0,0,2,0,0,0,0,0,0,0,0,0,0,14,6,0,0,0,0,0,0,0,71,10,3,0,0,0,0,8,0,0,0,50,0,0,0,0,0,0,0,0,0,0,15,0,3,21,0,0,0,0,0,0,0,0,24,0,0,0,0,0,0,0,0,0,5,0,0,0,12,0,0,2,0,0,84,0,0,0,9,0,0,0,0,0,0,0,0,0,13,0,0,0,0,8,0,175,0,0,9,0,0,1,0,0,0,0,5,0,0,0,0,4,0,0,7,0,23,0,2,402,0,0,0,0,0,0,274,0,0,0,0,0,0,0,0,0,0,0,0,0,0,0,0,0,0,0,0,0,0,0,0,1,0,0,0,0,0,46,0,0,23,0,0,0,0,0,0,2,0,0,0,0,0,0,0,0,0,81,9068,0,2,0,0,0,0,0,0,1,0,0,0,0,0,78,0,49,1,0,0,74,0,0,0,0,0,0,4,0,3,0,0,0,0,0,0,0,0,29,0,0,0,0,0,0,0,0,0,0,0,0,0,0,0,0,0,3,0,26,0,0,0,10,0,0,0,121,0,2,0,0,0,7,0,0,0,0,0,4
TCGA-2Y-A9H3_10,4.15342465753425,0,45,1,2,2,2,2,1,0,11,15,2,6,0,1,14,0,0,0,7,17,0,9,37,2,0,0,35,20,0,0,0,0,0,7,0,50,24,0,0,44,0,2,1,12,8,1,24,0,0,0,17,0,19,0,0,19,8,2,24,71,1,10,7,64,0,5,0,0,0,0,6,0,22,34,1,0,95,62,0,200,87,26,27,3,0,18,8,6,0,19,4,0,50,76,0,47,4,1416,31,12,6,2,3,0,20,3,0,2,2,0,10,0,11,8,93,12,0,7,0,2,6,0,102,0,0,12,3,0,0,1,78,3,0,1,112,0,0,52,0,9,39,14,1,0,0,0,0,0,0,11,16,37,40,0,1,0,0,9,0,0,0,0,197,12,0,0,0,0,0,0,1,4,0,0,101,0,0,16,559,0,0,211,0,1,24,12,3,25,0,94,1,1071,0,0,0,0,0,0,41,0,0,1223,0,0,0,128,0,0,0,0,0,0,18,0,0,0,0,0,20,0,0,0,0,2342,15,5,1282,0,0,0,0,5426,3,0,0,0,0,0,26,65,3,20,29,1,0,3,0,1,7,0,0,4,0,0,0,9,0,2,2,0,199,5,0,117,83,10,0,3,0,0,161,1,5,0,0,0,0,0,602,0,684,0,0,0,0,0,0,1,79,0,0,7,0,24,0,0,0,23,0,0,1,0,0,0,0,0,1,0,0,0,0,856,0,0,7,0,0,0,0,0,37,3,105,50,17,1,0,0,0,15,8,0,0,0,0,0,0,0,0,0,10,0,0,0,88,0,2,0,6,0,0,0,0,0,0,0,0,0,0,0,0,335,0,27,0,0,0,0,0,27,0,45,0,0,2175,0,0,25,0,0,0,0,0,0,0,1,0,0,248,3,0,0,2,0,0,0,0,1680,0,29,0,0,0,0,10,0,1,1,1,0,7,0,5,0,0,0,0,0,0,0,0,4,51,0,0,0,0,0,0,0,0,0,0,12,0,0,0,0,4,5,0,23,0,14,0,0,0,0,0,0,0,0,0,0,0,3,0,0,5,0,0,1495,0,0,0,0,0,0,0,0,0,1,0,0,0,0,0,0,0,0,2,0,0,0,0,0,0,0,0,0,0,59,0,0,11,0,2,0,0,0,0,0,1,3,0,0,0,0,0,0,0,0,0,0,0,0,0,0,107,0,0,0,0,10,3,0,0,0,0,0,0,0,0,241,0,0,0,1,0,0,1,0,0,0,3,0,0,0,0,0,0,0,0,0,0,0,0,6,1,0,0,0,0,25,14,0,0,0,0,0,0,0,4,0,0,24,0,0,0,0,736,0,0,0,0,0,0,0,0,0,0,38,0,0,2,0,0,0,0,0,0,0,6,10,0,0,7,0,0,0,0,0,81,0,0,0,4,0,0,7,1,0,1,0,96,0,0,54,0,0,0,8,0,0,0
TCGA-2Y-A9H4_11,3.97808219178082,0,68,1,1,1,2,0,316,93,170,139,78,25,26,46,37,56,4,18,65,63,4,26,270,43,98,1680,55,22,2,13,15,8,4,56,262,417,48,119,31,142,4,32,259,130,97,27,17,0,47,29,194,6,56,72,0,35,4,37,63,73,0,19,245,122,12,17,0,19,0,7,69,0,34,283,8,28,116,164,0,125,1348,590,46,5,0,4,43,39,0,31,1166,1,187,235,16,167,4,514,47,6,6,0,22,0,14,107,0,3,3,6,32,69,32,10,313,231,0,26,0,75,0,0,322,0,0,0,15,1,104,0,115,0,0,3,402,0,0,28,0,2,263,31,4,0,0,132,0,1,1,9,69,243,92,0,7,6,0,29,0,0,0,1,147,138,1,10,8,0,13,0,20,7,3,0,68,91,4,9,1025,0,0,549,0,0,45,71,6,387,0,126,6,1495,1,3,0,41,0,0,0,0,0,2342,47,0,0,233,0,0,2,0,0,0,118,1,2,16,0,0,36,4,2,26,0,1902,38,16,829,2,0,1,0,12700,27,0,0,0,0,2,3,203,76,71,602,2,1,0,0,0,7,0,0,0,0,0,0,0,1,8,0,0,25,0,0,37,136,4,1,2,17,0,5,0,20,0,11,0,15,1,856,150,489,0,0,2,6,0,2,0,335,0,0,0,0,92,0,15,0,32,0,108,2,0,0,0,0,0,9,0,1,0,0,0,0,2,180,1,0,1,0,0,18,0,133,481,718,0,73,4,0,0,77,9,0,1,0,9,0,0,0,0,19,0,0,0,559,0,0,0,0,0,0,1,0,15,0,0,1,0,0,0,2,59,0,0,1,4,0,0,9,7,14,85,1,2,1416,0,0,0,0,0,1,0,0,0,0,6,0,0,253,4,0,4,0,0,0,0,49,2530,0,21,0,0,0,2,37,0,30,0,6,0,0,2,6,0,6,0,0,2,0,0,0,0,99,0,0,0,0,0,0,0,0,0,0,0,0,0,0,0,0,7,0,29,0,1,0,0,0,0,0,0,20,0,0,0,0,0,0,1,0,0,0,3,0,0,0,4,0,0,0,6,0,0,0,1,1,0,0,0,0,0,0,9,0,13,0,2,0,3,3,0,0,0,0,57,0,44,0,11,0,0,0,0,0,0,0,0,10,0,0,0,0,0,0,0,0,1,0,2,14,0,0,0,0,342,15,0,0,0,1,0,0,0,0,0,41,0,0,0,0,0,0,0,0,0,0,1,1,1,0,0,2,2,0,0,78,0,0,20,0,0,0,0,0,0,22,0,0,0,0,12,0,0,0,0,0,10,0,0,0,0,7,0,0,0,0,0,0,0,0,0,19,0,0,0,19,0,3,21,0,0,4,0,0,0,0,0,20,2,2,1,0,0,16,0,0,9,0,0,0,0,0,68,10,1,25,0,0,0,19,0,0,0,0,0,29
TCGA-2Y-A9H5_12,1.52054794520548,1,59,0,1,1,2,0,0,0,49,32,14,10,3,3,8,63,0,45,30,31,1,15,47,1,7,8,38,10,0,0,5,0,8,9,21,304,90,0,4,33,0,6,10,133,27,0,8,4,3,14,5,0,199,108,0,14,6,0,7,26,1,27,7,17,13,37,0,4,1,4,50,0,21,125,3,9,75,92,0,113,57,2,3,3,0,32,13,3,0,23,41,0,61,5,48,125,11,1495,53,41,6,0,10,0,0,30,0,4,13,0,10,11,2,4,34,73,0,14,2,43,1,0,62,1,0,6,7,2,67,2,77,5,0,1,104,0,0,12,0,0,222,3,0,0,0,101,0,2,0,39,27,132,20,0,0,2,0,0,20,0,0,0,131,459,1,1,4,0,0,0,6,4,0,0,44,18,1,24,319,0,0,216,4,2,45,62,5,0,0,44,0,1788,0,0,0,7,0,0,10,0,0,1416,1,0,0,157,0,0,0,0,0,0,14,0,0,10,0,0,9,4,0,3,0,1025,25,1,949,2,0,0,0,3835,3,0,0,2,2,0,0,123,47,522,13,0,0,0,0,2,8,0,0,0,0,0,0,0,0,0,0,0,177,7,0,75,281,0,0,0,0,0,313,1,67,0,14,0,0,0,489,0,559,0,0,6,1,0,1,6,296,0,0,0,0,31,0,106,0,11,0,12,23,0,0,0,0,0,0,0,0,0,0,602,0,2,231,0,0,0,2,0,1,6,177,143,15,0,29,0,0,6,29,0,0,3,0,0,0,0,0,0,0,2,49,0,122,0,1,0,0,0,0,0,0,2,0,0,0,1,0,0,2,26,0,1,0,0,0,0,0,191,7,4,0,16,40,0,0,23,0,0,0,0,0,0,0,2,0,0,316,0,0,5,4,0,0,0,5,1282,0,43,0,0,0,0,243,0,5,0,103,0,0,1,0,0,2,0,0,0,0,1,0,0,149,0,0,0,0,0,0,0,0,1,0,0,0,0,0,0,20,10,0,165,0,6,0,17,0,0,0,0,0,0,0,0,0,25,0,0,102,0,0,28,0,0,6,2,0,0,0,0,3,0,55,0,4,0,0,2,0,0,0,0,0,5,0,0,0,0,4,0,0,235,0,0,6,0,211,0,0,0,0,0,4,9,0,0,0,0,0,0,0,0,0,0,0,0,0,0,23,1,0,1,0,10,13,0,0,0,0,0,0,0,0,0,0,0,0,3,0,0,1,0,0,0,4,0,0,0,0,0,0,0,0,0,6,31,0,16,0,0,0,0,0,0,3,0,0,1,0,0,0,0,4,0,0,28,0,1,0,0,701,0,0,33,0,19,0,0,0,0,4,0,0,0,7,0,0,2,0,0,0,0,27,2,0,21,0,0,0,0,0,0,614,0,13,0,0,0,0,50,0,0,1,0,1,1,0,0,5,0,0,2,0,0,0
TCGA-2Y-A9H6_13,0.978082191780822,0,68,0,1,1,2,2,335,0,51,148,12,37,12,43,46,67,22,31,41,95,1,42,86,6,70,304,58,24,2,1,2,6,18,7,7,602,89,10,29,65,0,18,447,307,42,13,42,0,5,7,132,4,50,128,0,28,13,16,44,236,1,39,22,39,4,95,0,7,0,0,77,0,49,126,1,31,74,299,0,95,396,157,58,2,0,30,12,1,0,32,49,0,119,41,14,252,4,668,90,72,2,0,16,0,36,78,0,2,62,4,20,40,4,16,225,32,3,8,1,104,1,0,86,0,0,2,21,0,131,0,197,8,0,0,641,0,0,18,0,2,84,3,0,0,0,38,0,0,0,22,176,94,13,0,0,0,0,8,0,0,0,0,241,149,0,16,3,0,0,0,2,1,0,0,72,78,5,30,1495,0,0,628,0,1,37,44,1,152,0,60,0,2342,2,0,0,22,0,0,48,0,0,1113,0,0,0,370,0,0,0,0,0,0,103,0,0,10,0,0,31,1,0,0,0,885,17,4,1071,0,0,0,0,4752,16,0,0,0,0,0,8,195,2,313,358,0,0,1,0,18,19,0,0,0,0,0,0,0,0,11,0,0,210,1,0,109,319,9,0,3,0,0,67,0,47,0,0,0,0,0,1025,10,653,0,0,2,0,0,23,5,531,0,0,0,0,41,0,48,0,15,0,22,3,0,0,0,0,2,0,2,1,0,0,1,0,0,114,0,0,0,0,0,37,2,174,379,125,2,2,0,0,2,27,0,0,1,0,0,1,0,0,0,16,0,44,0,134,0,4,0,0,0,0,0,0,1,0,0,0,0,0,0,2,110,2,9,0,0,0,0,0,18,26,43,0,37,522,0,0,257,0,0,1,0,0,0,0,6,0,0,505,12,0,0,2,0,0,0,81,467,2,66,0,0,0,0,25,0,3,0,0,0,14,0,16,0,0,0,0,0,0,0,0,0,189,0,0,0,0,0,0,0,0,0,1,8,0,1,0,0,4,9,0,87,0,1,0,9,0,0,0,0,0,0,0,0,0,0,0,0,0,0,2,68,0,0,0,2,0,0,0,0,0,0,0,0,3,0,0,0,0,2,0,0,0,8,0,0,0,0,1,0,0,136,0,2,9,0,12,2,0,0,0,0,12,10,0,0,0,0,0,0,0,0,0,0,1,0,0,0,22,0,0,0,0,7,9,0,0,0,0,0,0,0,0,10,2,0,0,0,0,0,0,0,0,0,2,0,1,0,0,0,0,0,0,0,0,52,0,14,1,0,0,0,0,0,4,0,0,0,0,4,0,20,0,0,0,0,0,0,0,0,96,0,0,0,0,0,0,0,0,0,3,2,1,0,0,0,0,0,0,0,0,0,8,10,0,51,1,0,0,0,0,0,12,0,0,5,0,0,0,0,1,0,0,0,296,0,8,0,0,0,0,8,0,0,0
TCGA-2Y-A9H7_14,3.2,0,81,0,1,1,2,0,20,0,53,0,3,29,1,12,17,0,4,21,2,10,4,2,149,0,36,0,20,14,2,0,0,5,0,0,10,14,95,0,0,23,0,0,0,0,16,3,23,1,8,20,0,1,36,59,0,2,3,6,5,21,0,15,5,14,6,0,0,5,28,0,80,0,3,53,0,2,6,313,2,107,288,14,31,0,0,0,17,2,0,0,21,0,170,3,11,83,0,325,23,0,15,0,8,0,5,96,0,6,18,0,0,32,0,19,32,10,0,30,2,76,5,0,103,2,0,0,5,4,71,3,41,23,0,2,2,0,0,16,2,0,82,3,4,0,0,14,1,1,0,33,107,174,3,0,1,11,0,4,0,0,0,0,212,0,2,1,5,0,0,0,0,8,2,0,45,0,0,10,559,0,0,569,9,8,29,51,0,0,0,58,0,1223,1,0,0,12,0,1,5,0,0,684,0,0,1,64,0,0,4,0,0,0,29,1,0,11,0,3,70,9,0,0,0,489,8,12,628,5,0,3,0,1680,0,0,0,0,1,0,1,57,0,74,206,0,1,0,0,0,13,0,0,0,0,0,0,8,0,20,16,1,50,0,0,128,291,1,1,0,0,0,71,0,10,0,26,3,0,0,440,0,803,0,0,0,0,0,2,0,0,0,0,0,9,6,0,88,0,10,0,71,4,0,0,0,0,0,0,10,0,0,0,188,0,0,447,0,0,0,4,0,2,0,169,166,4,0,24,1,0,10,13,0,0,0,0,0,0,0,0,0,0,0,101,0,130,0,4,0,0,0,0,0,0,12,0,1,0,0,0,0,2,87,0,4,0,0,0,0,0,27,2,1,0,15,0,0,0,6,0,0,2,0,0,0,0,3,0,0,374,0,0,2,0,0,0,0,135,756,0,46,0,0,0,1,134,0,0,0,0,0,8,4,8,0,0,0,0,0,0,6,0,0,36,0,0,0,0,0,0,0,0,0,2,0,0,0,0,0,11,8,3,223,0,50,0,24,0,0,0,0,0,0,0,4,0,13,0,0,358,0,0,1,0,0,7,0,0,0,0,0,0,0,0,0,8,0,0,0,0,0,0,0,0,17,2,0,0,0,15,0,1,332,0,0,5,0,0,0,0,0,0,0,0,5,0,9,0,0,0,10,0,0,0,0,0,0,0,0,7,0,0,0,0,12,0,0,0,0,0,0,0,0,0,1,0,0,0,0,0,0,0,5,0,0,0,0,0,0,0,0,11,0,0,0,12,62,0,23,0,0,0,0,0,0,25,0,0,0,0,0,0,0,0,0,0,40,0,0,1,0,1166,0,0,12,0,3,0,0,0,0,0,0,0,0,1,0,9,0,0,49,0,0,18,0,0,0,48,0,0,0,0,0,641,0,0,0,0,0,0,0,0,0,0,0,100,0,0,0,0,0,0,6,0,0,0
TCGA-2Y-A9H9_15,1.90958904109589,0,70,1,1,1,2,0,1585,130,123,142,81,37,16,31,58,31,29,44,94,63,8,72,392,37,228,1416,49,24,14,3,21,123,13,81,65,422,174,37,18,226,38,21,590,89,34,459,215,0,9,20,231,4,1113,78,0,52,16,35,41,140,0,55,11,86,11,579,0,45,0,7,110,0,46,181,11,26,42,549,0,211,684,139,53,2,0,33,26,8,0,29,185,4,203,26,18,222,1,342,76,56,3,0,20,0,27,72,0,1,15,6,134,180,25,5,358,65,1,42,0,151,0,0,208,0,3,0,2,0,109,2,177,30,0,0,253,0,0,40,1,2,268,15,4,0,0,108,0,0,1,18,85,236,26,0,0,30,0,47,0,0,0,1,257,126,0,8,6,0,2,0,15,8,2,0,138,17,2,31,1902,0,0,701,0,0,60,58,18,1071,0,223,1,4215,3,1,0,130,0,0,17,0,0,1025,23,0,0,407,0,0,0,0,0,0,207,1,0,12,0,0,143,3,0,99,0,1680,15,8,915,1,0,0,0,12700,20,0,0,0,0,42,8,173,9,56,829,0,0,9,0,0,15,0,0,0,0,0,0,0,0,3,0,12,319,0,0,83,138,60,0,1,20,0,8,0,7,0,3,0,4,1,1282,14,668,0,0,8,11,0,3,0,248,0,0,0,0,47,0,49,0,4,0,128,1,0,0,0,0,0,5,0,0,0,0,0,5,12,115,0,0,10,3,0,16,0,210,396,185,0,61,9,0,0,6,0,0,0,0,2,0,0,0,0,0,0,2,0,779,0,0,0,0,0,0,48,0,30,0,0,0,0,0,0,4,105,0,82,0,17,0,0,0,91,24,8,0,7,21,0,0,30,0,0,0,0,0,0,0,31,0,0,219,36,0,4,0,0,0,0,40,985,0,193,0,0,0,0,26,0,3,0,9,0,0,4,2,0,0,0,0,0,0,0,0,0,278,0,0,0,0,0,0,0,0,0,2,0,0,2,0,0,0,17,0,103,0,0,0,8,0,0,0,0,0,0,0,0,0,0,0,2,0,0,0,0,0,0,0,0,5,0,0,1,0,0,0,14,1,0,0,0,0,10,0,11,4,13,0,0,0,2,0,0,0,33,0,39,0,13,0,11,0,0,0,0,0,0,0,3,0,0,0,0,0,1,0,0,2,0,3,0,19,0,0,0,0,46,6,0,0,0,17,0,0,0,0,0,7,0,0,0,0,0,0,0,0,0,0,0,21,2,0,0,0,0,0,0,169,1,3,15,0,0,0,0,0,0,37,0,0,0,0,0,0,1,0,0,0,39,0,0,0,0,0,0,0,0,0,0,0,0,0,0,4,0,0,0,36,0,0,0,1,0,0,0,0,0,0,0,6,0,0,0,0,0,31,0,0,0,0,0,0,0,0,0,4,5,36,0,0,0,0,0,0,3,0,0,21
TCGA-2Y-A9HA_16,0.0986301369863014,1,70,1,2,2,2,2,31,47,163,98,60,47,16,0,16,16,22,35,77,34,7,21,387,3,201,152,51,32,1,3,23,4,6,87,9,210,110,28,10,32,8,5,559,155,8,16,7,0,9,10,2,1,119,132,0,17,2,8,16,17,8,22,164,15,13,48,0,32,0,1,628,0,44,185,8,21,166,304,0,167,569,358,21,2,0,67,18,4,0,5,161,2,81,20,207,489,4,505,18,1348,7,0,5,0,15,87,0,3,3,1,22,9,3,7,32,31,2,7,1,157,0,0,70,0,0,0,0,1,33,3,134,7,4,4,206,0,0,31,2,2,1416,5,2,2,0,84,0,1,26,8,17,252,56,0,0,15,0,68,0,0,0,0,117,199,0,2,1,0,0,2,17,4,7,0,14,173,0,25,422,0,0,222,7,0,101,7,1,0,0,20,1,829,4,0,0,4,0,0,0,0,0,2530,6,0,1,262,1,0,0,0,0,0,25,0,5,3,0,0,15,5,0,7,0,255,25,35,407,3,1,0,0,3487,0,0,0,0,0,2,2,59,213,61,134,0,0,0,0,1,10,0,0,0,1,0,0,0,0,9,0,0,42,2,0,143,230,0,1,1,3,0,92,0,12,0,4,0,1,0,459,1,779,0,0,0,1,0,0,0,248,0,0,0,0,0,1,8,0,3,18,30,10,0,0,0,0,0,11,6,0,0,0,57,1,6,18,1,0,0,1,0,0,0,37,4215,185,1,102,1,0,6,27,4,0,7,0,0,3,0,0,0,0,0,6,5,120,0,9,0,0,0,0,0,0,3,0,0,0,0,0,0,0,46,0,10,0,4,0,0,1,32,122,0,0,83,92,0,0,0,0,0,0,7,0,0,2,2,0,0,309,7,0,0,0,0,0,0,56,531,0,195,0,0,0,1,16,0,4,0,4,0,4,0,0,0,0,0,0,0,0,0,0,0,346,0,0,0,0,0,0,0,7,0,0,0,0,0,0,0,5,2,0,1,0,0,0,1,1,0,0,0,9,0,0,0,0,0,0,0,106,0,0,7,0,0,0,79,0,0,0,0,0,0,0,0,0,0,0,77,0,0,0,0,0,67,0,1,0,0,0,0,0,24,0,2,1,9,0,1,2,0,0,0,0,0,0,0,1,0,0,0,0,0,0,0,0,0,0,0,61,1,0,0,6,467,1,7,0,0,2,0,0,0,0,0,5,10,0,0,0,0,0,0,0,0,0,4,44,0,0,0,0,30,0,1,0,1282,0,0,0,0,0,0,0,0,0,0,0,0,0,43,0,0,0,0,0,5,0,28,0,0,540,0,0,0,0,39,1,0,0,0,16,0,0,0,89,10,0,23,1,0,1,0,0,0,0,0,0,0,0,0,0,0,49,0,0,52,0,0,1,6,0,1,19,19,12,50,5,0,188,0,0,0,17,2,0
TCGA-2Y-A9HB_17,0.712328767123288,0,66,1,1,1,2,2,803,33,111,73,70,59,8,36,65,59,15,53,71,217,8,38,313,32,18,122,21,0,5,4,26,26,10,93,1,354,178,9,14,169,18,44,219,253,24,77,112,0,6,8,134,4,291,116,0,17,6,23,44,139,0,22,35,90,9,86,0,51,0,11,165,0,50,319,8,9,150,514,0,202,370,116,16,13,0,72,49,8,0,16,187,2,106,26,36,250,1,412,50,53,3,0,6,0,32,16,0,2,14,5,103,190,11,19,179,84,0,41,0,92,0,0,155,0,0,0,6,0,66,0,283,21,0,0,522,0,0,63,5,2,602,19,0,0,0,246,0,0,1,31,77,211,18,0,0,8,0,44,0,0,1,0,379,127,0,10,6,0,4,0,1,2,0,0,181,65,1,43,1025,0,0,559,1,0,109,44,13,243,0,207,1,4752,4,1,0,41,0,0,94,0,0,1495,16,0,0,459,0,0,2,0,0,0,329,0,0,8,0,0,68,3,0,196,0,1788,13,23,1282,2,0,0,0,5426,2,0,0,0,0,8,7,193,21,176,309,0,0,0,0,0,9,0,0,0,0,0,0,0,0,9,0,7,107,5,0,46,130,16,0,0,0,0,0,0,12,0,62,0,18,0,489,33,433,0,0,0,0,0,3,0,126,0,0,0,0,61,0,199,0,24,0,262,0,0,0,0,0,0,0,2,1,0,0,0,3,11,58,1,0,0,2,0,6,1,531,191,164,0,49,1,0,0,28,10,0,4,0,3,1,0,0,0,18,0,5,0,417,0,0,0,0,0,0,0,0,29,0,0,0,0,0,0,9,147,0,0,0,9,0,0,2,62,63,6,0,74,1,0,0,174,0,0,1,2,0,0,0,4,0,0,307,0,0,1,0,0,0,0,22,422,0,83,0,0,0,2,0,0,9,0,4,0,0,7,1,0,0,0,0,0,0,0,0,0,325,0,0,0,0,0,0,1,0,0,0,0,0,0,0,0,1,0,0,38,0,0,0,85,0,0,0,0,0,0,0,0,0,0,0,0,0,0,0,641,0,0,0,32,0,0,0,1,0,0,0,5,0,0,1,3,0,11,0,2,2,15,0,0,0,0,0,0,0,175,0,0,0,0,0,19,0,0,0,0,0,1,0,0,0,0,0,0,0,2,0,0,0,0,0,0,99,1,0,0,0,0,7,0,0,0,1,0,0,0,0,0,3,0,0,0,0,0,0,0,0,0,0,0,0,0,0,0,3,11,0,0,151,22,1,0,0,0,0,0,0,0,0,0,0,0,0,158,0,0,0,0,0,15,0,0,0,0,177,0,0,13,0,0,0,0,0,0,0,0,0,0,1,0,0,7,0,7,0,0,0,2,0,0,0,0,0,0,0,0,1680,0,0,5,0,0,0,0,0,0,0,0,101,0,0,16,0,0,0,4,0,0,0
TCGA-3K-AAZ8_18,1.08493150684932,0,65,1,3,3,2,2,379,34,117,40,24,31,17,18,33,49,29,34,74,94,0,30,291,4,14,0,58,23,2,7,23,9,8,17,46,668,309,23,14,89,8,28,366,99,18,66,42,0,4,8,180,4,549,67,0,14,14,10,115,117,0,14,38,29,7,127,0,0,0,0,201,0,62,166,2,31,18,374,0,189,319,1,24,4,0,27,10,21,0,10,121,2,145,19,32,174,0,169,38,11,0,0,10,0,15,126,0,0,15,4,42,44,8,21,602,79,0,13,0,120,0,0,222,0,0,0,9,0,21,0,23,2,0,0,342,0,0,29,6,1,489,7,0,0,0,246,0,0,1,19,101,135,36,0,1,40,0,22,0,0,0,3,153,569,0,2,3,0,1,0,6,1,6,0,58,90,0,56,1282,0,0,220,2,0,87,21,6,173,0,69,1,3835,3,1,0,15,0,0,33,0,0,949,20,0,0,459,0,0,0,0,0,0,24,0,4,6,0,0,34,0,0,44,0,653,11,7,474,0,1,0,0,1585,1,0,0,0,0,5,4,272,38,92,143,0,0,1,0,8,4,0,0,0,0,0,0,0,0,2,0,2,281,0,0,128,235,1,0,0,0,0,8,0,28,0,25,0,0,1,803,0,684,0,0,0,0,0,1,5,402,0,0,0,0,39,0,71,0,0,0,91,4,0,0,0,0,1,0,4,0,0,1,0,9,24,250,0,0,0,6,0,11,0,236,718,111,0,30,0,0,0,47,3,0,1,0,0,0,0,0,0,22,0,12,0,216,0,6,0,0,0,0,3,0,0,0,0,0,0,0,0,0,28,0,8,0,2,0,0,0,45,27,4,0,48,109,0,0,30,0,0,0,0,0,0,0,16,0,0,332,34,0,8,0,0,0,0,19,1902,0,64,0,0,0,2,15,0,0,0,4,0,0,1,1,0,0,0,0,0,0,3,0,0,253,0,0,0,0,0,0,0,0,0,0,0,0,0,0,0,6,2,0,67,0,0,0,42,0,0,0,0,0,0,0,0,0,0,0,0,4,0,0,0,0,0,0,7,0,0,0,2,0,0,0,0,0,0,0,7,0,0,0,0,0,9,0,0,0,0,0,0,0,81,0,0,0,4,0,9,0,0,0,0,0,0,0,0,0,0,0,0,0,0,0,0,0,1,3,0,6,0,8,0,0,76,5,0,0,0,11,0,0,0,0,0,1,0,0,0,0,0,0,0,0,0,0,0,32,0,0,0,14,111,0,0,4,5,0,0,1,0,0,0,0,0,0,0,0,0,0,20,0,2,0,0,0,29,0,19,0,0,54,0,0,0,0,0,0,0,0,0,0,0,0,0,0,0,0,30,0,0,0,0,0,0,0,14,0,0,0,0,0,0,37,0,0,0,0,0,0,0,0,0,0,0,69,9,11,0,0,0,0,1,0,0,0
TCGA-4R-AA8I_19,0.717808219178082,1,66,1,2,2,2,2,250,161,168,110,90,89,84,18,96,21,33,55,228,76,12,26,158,22,362,1902,119,47,7,4,42,25,16,55,35,270,157,12,20,168,8,25,736,243,187,83,25,0,19,22,36,4,24,106,0,50,16,19,66,182,0,47,75,24,26,62,0,21,2,12,222,0,27,171,11,29,497,329,0,160,440,274,112,4,0,31,34,4,0,33,302,7,155,54,50,358,0,299,40,205,10,0,23,0,39,163,0,4,23,8,74,22,10,9,293,37,2,51,3,653,0,0,179,1,3,0,8,0,103,3,140,18,0,3,1788,0,0,80,1,1,803,9,0,0,0,238,1,2,2,19,75,107,87,0,0,14,0,18,0,0,0,0,120,350,1,4,4,0,2,0,15,4,6,0,56,84,0,35,1416,0,0,579,0,0,110,15,5,72,0,106,11,2962,2,2,0,33,0,1,3,0,0,1025,21,0,1,255,0,0,2,0,0,0,111,0,2,5,0,0,45,11,1,42,0,2027,23,15,590,4,0,0,0,9068,14,0,0,0,0,14,3,140,61,147,829,0,0,2,0,0,3,0,0,0,0,0,0,0,0,21,0,2,103,2,0,90,276,7,0,4,3,0,12,0,54,0,7,0,7,0,1071,49,701,0,0,0,19,0,12,0,220,0,0,0,0,11,0,73,0,10,0,98,2,0,0,0,0,4,7,4,8,0,0,0,19,22,12,20,0,0,8,0,9,0,130,1495,412,0,76,8,0,0,17,36,2,11,0,3,0,0,0,0,0,0,21,0,286,0,0,0,0,0,0,40,0,14,0,0,2,1,0,0,7,29,4,37,0,9,0,0,0,29,61,4,0,44,985,0,0,8,0,1,1,2,1,0,0,3,0,0,239,24,0,3,0,0,0,0,61,392,0,131,0,0,0,0,225,0,63,0,56,0,0,0,0,0,0,0,0,1,0,0,0,0,219,0,0,0,2,0,0,0,322,0,1,0,0,4,0,1,4,32,0,59,0,5,0,40,0,0,0,0,0,0,0,0,0,0,0,9,1,0,0,43,0,0,0,0,2,0,0,2,0,0,0,1,3,0,0,27,0,10,0,10,10,14,0,1,0,0,0,0,0,0,0,37,3,18,0,0,0,0,0,0,0,1,0,3,0,0,0,0,0,5,0,0,0,0,2,0,9,0,0,0,0,14,16,0,0,0,24,0,0,0,0,0,19,0,0,0,0,0,0,0,0,0,0,0,33,0,0,0,0,8,0,0,72,44,0,2,0,0,0,0,0,0,0,0,0,0,0,24,0,2,0,0,0,14,0,34,0,0,13,0,0,0,1,0,0,0,0,1,6,0,0,0,173,10,2,30,1,0,0,0,0,0,0,0,19,0,0,0,0,0,97,5,0,40,1,0,1,0,0,1,1,26,0,6,26,0,319,0,0,0,0,3,92
TCGA-5C-A9VG_20,0.898630136986301,0,58,1,2,2,0,0,7,0,12,0,5,35,0,0,35,0,0,20,14,14,3,0,102,2,0,0,30,8,0,0,0,62,0,1,0,1,8,0,1,24,0,0,2530,0,1,42,213,0,0,0,0,2,16,0,0,5,0,0,28,0,9,11,0,10,0,12,0,1,0,0,0,0,3,212,0,0,15,55,6,0,134,6,39,1,1,1,2,0,2,32,13,0,13,8,2,0,2,383,13,0,20,0,0,4,5,0,0,13,0,1,346,0,0,3,32,0,0,14,0,27,5,0,29,5,0,5,0,11,0,7,17,0,3,7,668,0,0,19,0,0,1,0,8,1,0,0,0,1,1,0,2,128,0,0,0,1,2,0,0,1,0,0,109,0,3,0,0,0,0,2,0,9,0,0,103,0,0,1,39,0,0,144,0,15,72,0,0,467,0,276,0,296,0,0,2,4,1,5,23,0,0,35,0,0,4,127,0,0,0,0,0,0,60,1,0,0,0,0,54,11,0,0,0,829,32,21,370,0,0,0,0,1585,0,0,0,0,4,0,2,0,0,0,350,0,2,4,0,3,2,0,0,0,0,0,0,23,3,7,0,0,342,0,0,114,60,16,3,0,0,0,2,0,4,0,0,3,0,0,9,0,193,0,0,0,0,0,0,9,60,0,0,0,0,0,0,1,0,7,0,0,0,0,0,0,2,0,0,0,0,0,0,4215,0,0,21,0,0,0,0,0,0,3,8,2,3,0,16,0,0,26,18,0,0,0,0,0,0,0,0,0,0,18,0,0,92,0,28,0,0,0,0,0,0,0,0,0,0,0,0,0,0,208,0,58,0,16,0,0,0,1,0,18,0,0,6,0,0,0,0,0,0,0,0,0,0,25,0,0,167,0,0,0,0,0,0,0,44,16,0,14,0,0,0,0,0,0,4,1,0,2,10,0,0,0,0,0,0,0,0,0,0,1,19,0,0,0,0,0,0,0,2,0,0,4,0,0,0,0,9,7,0,2,0,2,0,0,6,0,0,0,0,0,0,0,0,5,0,0,1113,0,0,1,0,0,0,0,0,0,0,0,0,0,0,0,0,0,0,0,0,0,0,4,0,0,0,0,0,0,0,0,0,358,0,0,1,0,50,0,0,0,0,0,0,29,0,0,0,0,0,0,0,0,0,0,1,0,0,0,0,0,0,0,0,0,0,0,0,0,3,0,0,0,0,81,0,0,0,0,0,0,0,0,0,0,0,0,4,1,0,0,0,0,0,0,0,3,0,1,0,0,0,0,0,1,0,0,0,0,0,0,0,41,9,0,0,45,0,0,0,0,1788,0,0,0,0,1,0,0,0,0,0,0,0,0,30,0,0,0,0,36,0,0,98,43,0,11,2,0,0,0,0,0,8,0,0,0,0,0,1,205,0,0,0,8,31,48,0,4,129,0,0,14,0,0,0
TCGA-5C-A9VH_21,0.882191780821918,0,70,1,1,1,0,0,21,6,41,30,5,12,4,1,20,23,2,35,75,17,1,18,94,3,2,4,42,2,1,0,3,1,4,12,4,182,195,0,14,17,0,8,36,60,9,1,21,1,1,6,6,2,118,74,0,15,5,5,21,26,1,12,30,12,6,0,0,0,0,6,47,0,38,75,0,16,48,107,2,145,80,0,9,2,0,76,20,1,0,21,22,0,64,29,62,48,6,2725,48,80,6,0,1,0,5,49,0,6,8,4,37,2,1,12,325,20,0,4,0,110,0,0,30,0,0,6,0,0,20,3,128,2,0,1,231,0,0,24,0,2,250,8,1,0,0,159,1,0,0,31,33,77,16,0,0,0,0,6,8,0,0,0,111,126,0,2,0,0,0,0,0,4,14,0,87,74,2,4,829,0,0,94,5,0,42,18,6,28,0,31,0,1680,2,0,0,6,0,0,71,0,0,2530,1,0,0,158,0,0,1,0,0,0,58,0,0,2,0,0,9,4,0,9,0,202,8,4,614,1,0,0,0,3487,5,0,0,0,0,2,5,191,80,100,111,0,0,0,0,13,7,0,0,0,1,0,0,0,0,4,0,0,15,5,0,75,255,0,0,0,0,0,117,0,27,0,30,0,0,0,474,0,387,0,0,1,0,0,3,10,412,0,0,0,0,14,0,85,0,6,0,54,13,0,0,0,0,1,0,0,0,0,0,116,0,5,88,0,0,4,6,0,0,4,248,185,668,0,2,0,0,0,24,0,0,6,0,0,0,0,0,0,2,2,55,0,86,0,0,0,0,0,0,0,0,4,0,0,0,0,0,0,1,72,0,2,0,0,0,0,3,92,0,10,0,13,55,0,0,95,0,0,0,0,0,0,0,2,0,0,193,0,0,4,1,0,0,0,5,949,0,41,0,0,0,0,28,0,9,0,1,0,0,0,0,0,10,0,0,0,0,2,0,0,165,0,0,0,0,0,0,0,20,0,0,0,0,0,0,0,10,1,0,31,0,3,0,38,0,0,0,0,0,0,0,0,0,56,0,0,7,0,0,1071,0,0,11,0,0,0,0,0,10,0,15,0,2,0,0,3,0,0,0,0,0,42,0,0,0,0,0,0,0,131,0,0,0,0,66,0,0,0,0,0,0,8,0,0,2,0,0,0,0,0,0,0,0,0,0,0,20,0,0,0,0,37,5,0,0,0,0,0,0,0,0,0,12,0,0,0,0,0,0,0,0,0,6,0,5,1,0,0,0,0,0,0,6,4,0,4,0,0,0,0,0,0,0,0,0,4,0,12,0,0,0,0,0,50,0,3,0,0,489,0,0,86,1,40,0,0,0,0,0,8,0,0,4,0,0,0,0,0,0,0,9,3,0,3,0,0,0,0,0,0,1788,0,27,16,0,0,0,3,0,0,54,0,40,0,0,0,0,0,0,0,0,0,6
TCGA-5C-AAPD_22,0.0547945205479452,0,61,1,2,2,0,0,12,17,53,16,5,13,13,4,2,9,8,8,15,16,0,11,113,7,190,22,29,1,0,13,9,1,8,6,17,163,35,7,1,213,0,1,131,66,15,12,8,0,0,12,37,1,27,69,1,7,9,5,11,23,9,5,2,76,6,95,0,0,1,9,11,0,32,49,0,5,36,27,4,60,374,41,4,2,0,0,4,0,5,2,302,1,176,16,10,72,0,4215,15,8,14,1,7,2,4,40,0,16,10,5,4,15,0,6,30,32,0,6,0,108,4,0,210,1,2,3,18,9,35,6,59,2,3,14,49,0,1,26,0,1,272,1,10,1,0,33,1,5,0,1,70,24,22,1,0,1,0,0,10,0,0,0,21,75,5,3,3,0,0,1,0,20,0,0,9,22,0,11,322,0,0,316,0,0,37,8,0,17,1,62,0,1416,0,1,1,19,0,1,0,0,0,1282,10,1,0,125,6,0,0,0,0,0,28,3,0,4,0,0,3,15,0,11,0,701,2,0,123,0,0,5,0,6589,7,0,0,0,0,4,0,38,15,14,96,0,8,0,1,0,0,0,0,0,8,0,0,0,0,0,0,0,23,1,0,0,58,0,3,0,1,0,30,1,40,0,0,0,4,0,132,447,779,0,0,0,0,0,1,0,182,0,0,0,0,9,1,31,0,5,0,74,5,0,3,0,0,2,0,0,4,0,0,1,0,2,5,0,0,0,0,0,8,6,106,175,602,9,9,0,0,21,29,13,0,0,5,0,0,1,0,10,5,0,40,2,87,0,0,0,0,0,0,13,0,24,0,0,0,0,0,0,2,18,0,0,0,0,0,0,0,41,0,8,1,0,19,0,0,0,0,0,0,0,0,0,0,0,0,0,64,10,0,0,0,0,0,0,13,736,0,19,0,0,0,0,21,0,0,0,0,0,2,0,0,0,1,0,3,0,0,0,0,0,3,0,0,0,0,0,0,0,0,0,0,0,0,0,0,0,7,6,0,37,0,6,0,6,0,0,3,0,0,0,0,0,0,0,0,0,9,0,0,3,0,0,1,0,0,0,0,0,3,0,16,0,0,0,0,0,0,0,0,0,0,13,0,0,0,0,3,0,0,24,0,0,0,0,30,0,0,0,9,0,13,0,0,0,0,0,0,0,0,8,0,0,0,0,4,0,5,0,0,0,0,24,0,0,0,0,0,0,0,1,0,0,8,0,0,0,0,0,0,0,0,0,8,0,0,0,0,1,0,0,0,0,0,46,0,7,0,0,0,0,0,0,0,0,0,0,0,69,0,0,45,0,0,0,0,0,0,0,1585,0,0,0,10,19,0,0,0,0,11,0,0,0,20,0,1,0,0,0,1,0,0,0,0,2,84,0,0,0,0,0,141,0,12,0,0,0,0,0,0,13,22,3,0,0,0,0,18,0,0,0,0,0,0
TCGA-5R-AA1C_23,1.42465753424658,0,57,1,2,2,0,0,34,230,75,110,66,53,37,4,61,16,6,21,121,24,12,39,803,41,2725,2,92,37,6,14,12,4,4,132,59,174,23,43,60,83,35,12,653,31,9,34,15,0,4,9,0,13,156,20,0,69,52,10,21,52,0,11,139,61,14,33,0,23,0,7,374,0,48,71,0,41,157,540,0,149,169,0,22,17,0,48,51,9,0,13,35,0,163,23,74,856,0,293,39,1788,2,0,0,0,9,93,0,2,3,5,21,0,1,18,590,0,0,50,4,40,0,0,28,0,6,0,1,0,94,1,58,13,0,1,684,1,0,38,3,0,2027,15,0,0,0,228,0,0,42,22,41,120,114,0,0,29,0,185,0,0,0,2,148,1585,1,19,1,0,5,0,4,2,6,0,112,34,0,109,3192,0,0,51,0,0,151,12,3,41,0,68,4,4752,2,3,0,3,0,0,54,0,0,668,0,0,0,138,0,0,0,0,0,2,0,0,1,3,0,0,27,2,2,6,0,59,7,24,332,0,2,0,0,1348,1,0,0,0,0,18,1,59,9,19,217,0,0,0,0,1,3,0,0,0,1,0,0,1,1,8,0,4,8,0,0,163,265,1,0,2,32,0,0,0,2,0,31,0,0,4,24,0,325,0,0,0,4,0,3,0,213,0,4,0,0,0,0,422,1,6,0,4,0,0,0,0,0,1,45,10,11,0,2,1,3,1,38,7,0,0,3,0,7,0,253,2530,1223,0,53,0,0,0,37,24,0,0,0,3,3,0,0,0,0,0,0,0,25,0,0,0,0,0,0,0,0,0,0,0,0,0,0,0,0,20,0,9,0,6,0,0,15,13,153,0,0,7,522,0,0,18,0,0,0,12,0,0,0,2,0,0,9,0,0,0,0,0,0,0,0,178,0,35,0,0,0,4,0,0,1,0,0,0,0,0,0,0,0,0,0,1,0,0,0,0,379,0,0,0,4,0,0,3,514,0,0,0,0,2,0,0,0,0,0,9,0,0,0,170,0,0,4,0,4,0,0,0,0,0,0,0,0,0,0,0,0,0,0,0,6,0,0,0,0,1,0,2,0,0,0,89,0,10,0,0,3,19,0,9,0,0,5,0,0,0,0,0,0,0,0,4,3,0,0,0,0,0,0,0,0,0,0,0,0,0,2,0,0,0,0,0,4,6,0,0,1,3,0,20,0,0,12,0,0,0,0,0,30,8,0,0,0,0,0,2,2,0,0,0,1,0,1,0,0,32,0,0,191,2962,0,0,3,0,0,0,0,0,0,0,0,0,0,3,0,0,0,0,0,0,0,94,0,0,53,0,0,0,0,0,12,0,0,0,2,0,0,0,0,58,0,12,0,0,0,0,0,0,0,0,0,0,0,0,0,0,0,0,0,0,0,0,3,0,0,0,252,0,0,130,0,0,0,0,7,0,37,11,56
TCGA-5R-AA1D_24,1.23013698630137,0,17,0,3,3,0,0,531,49,37,2,17,32,0,8,39,8,6,24,27,90,2,0,142,1,96,0,23,11,0,0,0,7,0,2,18,105,151,4,0,149,0,12,2530,12,402,288,64,0,8,3,18,2,268,34,0,73,1,18,26,32,0,4,8,21,0,433,0,0,1,0,0,0,2,33,6,14,161,116,0,84,274,4,149,8,0,0,9,6,0,14,14,0,34,39,17,100,5,1223,25,0,0,0,1,0,8,71,0,0,1,0,29,0,10,4,117,0,0,3,0,2,0,0,248,0,6,0,11,0,67,0,19,0,0,0,313,0,0,38,0,0,65,2,0,0,0,15,0,0,0,0,14,91,12,0,0,48,0,2,0,0,0,0,40,14,0,9,3,0,0,0,2,0,1,0,4,3,0,31,3835,0,0,255,0,0,43,110,30,549,0,119,2,175,1,0,0,56,0,0,8,0,0,58,2,0,0,56,0,0,1,0,0,1,24,0,0,4,0,0,79,1,0,0,0,2342,2,4,412,0,0,0,0,1902,0,0,0,0,0,21,0,50,0,35,474,0,0,2,0,138,0,0,0,0,0,0,0,0,0,3,0,6,76,0,0,76,85,5,0,0,0,0,104,0,7,0,13,0,0,0,31,0,117,0,0,0,0,0,0,0,11,0,0,0,0,0,0,0,12,11,0,35,0,0,0,0,0,0,3,0,0,0,0,0,1,0,4,3,0,0,2,0,1,33,80,210,559,0,12,0,0,0,33,19,0,0,0,0,0,0,0,0,0,0,0,0,829,0,0,0,0,0,0,26,0,47,0,0,0,0,0,0,10,15,0,19,0,5,0,0,1,18,0,15,0,0,5,2,0,4,0,0,0,0,0,0,0,10,0,0,71,0,0,0,0,0,0,0,53,182,0,17,0,0,0,0,12,0,2,0,0,0,0,0,16,22,0,0,0,0,14,0,0,0,106,0,0,0,0,0,0,3,0,2,0,0,0,0,0,0,0,0,0,0,0,3,0,20,0,0,0,0,0,0,0,0,0,0,0,0,0,0,0,79,0,0,0,0,0,0,0,0,0,0,0,12,0,3,0,6,0,9,0,0,0,0,0,0,0,0,6,0,0,9,0,0,0,0,8,1,0,0,0,0,0,14,0,2,0,0,0,23,0,0,0,0,0,0,0,0,3,0,0,0,6,0,32,0,0,0,136,0,0,0,0,0,32,0,0,0,0,0,0,0,0,0,0,0,56,0,0,0,0,0,0,0,199,1166,1,1,1,0,0,0,0,0,0,0,0,0,0,0,2,0,0,0,0,13,0,18,2,0,25,0,0,0,0,1,0,0,0,0,7,0,0,0,985,0,0,0,0,169,0,0,0,1,0,128,0,0,0,0,0,0,12,0,0,1,0,0,0,4,0,0,0,140,51,0,0,0,1585,0,0,15,0,5,0
TCGA-5R-AAAM_25,0.126027397260274,1,65,0,2,2,0,0,489,219,80,179,66,49,23,40,42,43,44,68,84,157,7,49,174,13,302,392,93,31,17,13,24,3,9,55,135,422,200,46,20,212,34,20,299,362,160,18,16,0,52,28,55,4,257,94,0,190,8,25,29,136,0,30,21,53,11,440,0,10,0,8,110,0,49,185,2,33,531,329,0,191,281,173,27,6,0,57,15,5,0,14,383,4,132,33,94,396,2,402,51,736,0,0,22,0,21,101,0,1,51,4,21,57,17,16,259,34,0,26,0,152,0,0,374,0,3,0,14,0,137,0,122,2,0,0,207,0,0,30,7,2,803,9,0,0,0,151,0,0,12,15,276,143,43,0,0,16,0,48,0,0,0,0,58,250,0,19,6,0,3,0,13,0,8,0,91,103,2,70,2725,0,0,274,0,0,85,57,22,49,0,188,2,2027,1,1,0,25,0,0,60,0,0,1166,12,0,0,181,0,0,0,0,0,1,15,0,7,9,0,0,17,1,0,124,0,1416,54,13,915,0,2,0,0,3487,33,1,0,0,0,37,2,101,64,149,60,0,0,3,0,0,5,0,0,0,0,0,0,0,0,4,0,11,268,1,0,168,196,4,0,0,2,0,0,0,55,0,15,0,13,3,1223,63,433,0,0,2,6,0,4,0,342,0,0,0,0,55,0,88,3,3,0,109,3,0,0,0,0,0,7,4,1,0,1,0,0,4,335,3,0,4,7,0,8,3,225,1113,3192,4,43,3,0,0,36,17,0,2,0,4,0,0,0,0,0,0,8,1,288,0,0,0,0,0,0,33,0,22,0,0,0,0,0,0,2,6,0,27,0,2,0,0,2,163,48,9,0,29,106,0,0,58,0,0,0,1,0,0,0,4,0,0,210,1,0,0,0,0,0,0,23,387,0,91,0,0,0,0,48,0,16,0,157,0,0,5,26,0,0,0,0,0,0,0,0,0,339,4,0,0,0,0,0,2,0,0,0,0,0,1,0,0,0,7,0,33,0,0,0,29,0,4,0,0,10,0,0,0,0,0,0,0,0,0,0,0,0,0,0,113,0,0,0,1,0,1,0,23,7,0,0,62,0,0,0,0,0,22,0,1,0,0,1,0,0,0,0,8,4,19,0,17,0,0,0,0,26,0,0,26,0,0,0,0,0,0,0,0,0,0,0,0,52,0,0,14,0,63,6,0,0,0,37,0,0,0,0,0,127,0,1,0,0,0,0,0,0,0,0,5,7,4,0,0,6,0,0,10,467,59,0,20,0,0,0,0,0,0,23,1,0,0,0,2,0,0,0,0,0,16,0,3,13,0,38,0,0,7,0,0,0,0,0,0,11,0,7,0,42,0,0,20,1,0,0,0,0,0,0,78,0,0,0,0,1,0,25,0,0,0,0,0,0,0,0,0,115,13,24,0,0,34,53,6,2,13,0,0,21
TCGA-BC-4073_26,2.32602739726027,0,73,1,3,3,2,0,22,0,7,3,0,4,0,0,8,2,9,9,25,5,0,0,21,0,4,0,6,1,3,0,1,0,0,3,7,56,108,0,0,80,0,2,12,27,4,6,5,0,1,0,0,0,140,0,0,4,0,3,8,0,20,10,0,5,2,114,4,0,7,0,4,0,0,262,2,14,39,30,1,28,177,0,9,0,1,13,13,0,2,5,163,2,11,3,5,10,29,3192,7,0,13,1,8,1,1,7,0,9,0,0,11,2,0,0,11,0,0,10,8,131,4,0,80,1,0,0,6,4,0,12,1,0,0,8,1,0,1,0,0,0,14,2,5,1,0,6,0,4,0,12,2,14,13,0,0,0,4,0,2,0,0,0,10,37,2,0,2,0,0,1,0,7,0,0,49,0,0,16,63,0,0,199,6,2,33,8,6,4,1,45,0,140,0,0,2,4,1,2,0,0,0,8,0,0,2,43,1,0,0,0,1,0,0,0,1,2,0,0,1,24,0,22,0,127,6,0,304,0,0,0,0,885,1,0,0,0,0,5,0,102,10,61,4,0,2,0,0,23,3,0,0,0,2,4,0,0,2,1,42,0,38,29,0,37,39,5,0,0,0,0,157,7,37,0,0,0,0,0,21,0,246,0,0,0,4,0,0,10,202,0,0,0,0,2,0,17,0,0,7,78,19,0,0,0,0,0,0,0,0,0,0,370,0,0,0,0,0,0,0,0,0,9,27,379,62,35,7,0,0,2,6,0,0,0,9,0,0,156,0,0,0,0,114,0,75,0,6,0,0,0,0,0,0,43,2,0,0,0,0,0,0,17,0,4,0,0,0,0,0,68,0,0,0,26,0,0,0,0,0,0,0,0,0,0,0,0,0,30,33,0,0,0,0,0,0,0,0,12,0,8,0,0,0,0,4,0,0,0,0,0,5,0,0,0,0,0,114,0,0,0,0,0,82,0,0,0,0,0,0,0,225,10,0,0,0,0,0,0,18,3,0,6,0,0,16,47,0,0,0,0,0,0,0,0,3,0,0,0,20,0,0,856,0,0,0,27,0,0,0,0,0,0,16,0,0,5,2,0,0,7,0,0,0,13,0,0,0,0,0,0,0,4,0,0,0,0,0,4,0,0,0,0,0,4,0,1,0,0,0,2,0,53,0,0,0,0,0,0,3,0,0,0,0,0,30,0,0,0,0,0,0,0,0,0,1,0,0,17,0,0,0,0,0,0,25,0,0,1,0,0,0,0,0,0,12,166,0,0,0,0,0,0,0,0,0,0,2,0,0,0,107,0,4,0,0,0,0,0,0,0,30,0,0,21,291,0,0,9,0,0,0,185,0,0,22,0,0,0,0,2175,0,0,0,0,0,0,0,0,0,0,0,0,2725,0,0,0,0,0,4,0,0,0,0,0,0,0,0,0,1,0,0,0,0,0,0
TCGA-BC-A10X_27,2.10958904109589,1,52,0,3,3,2,0,123,217,100,178,58,71,21,48,56,51,28,56,98,75,11,41,417,9,283,219,87,47,13,9,53,4,7,88,58,262,362,54,40,231,15,13,474,433,95,32,27,0,56,22,185,5,96,94,0,30,12,26,52,158,0,24,25,73,23,246,0,12,0,6,216,0,34,197,9,20,210,335,0,211,481,125,22,11,0,142,34,13,0,25,350,2,119,41,56,540,7,440,41,1416,0,0,12,0,30,106,0,0,32,1,33,68,2,16,202,47,0,32,0,181,0,0,199,0,8,1,49,0,108,0,253,6,0,0,1113,0,0,38,7,4,497,23,0,0,0,288,0,0,6,34,215,96,53,0,0,19,0,55,0,0,7,0,220,779,0,21,6,0,3,0,21,0,7,0,74,45,4,86,2962,0,0,274,0,0,110,73,37,42,0,98,6,1680,0,1,0,9,0,0,12,0,0,1166,19,0,0,522,0,0,0,0,0,1,47,0,9,7,0,0,35,1,2,117,0,1348,58,8,1071,1,4,0,0,4215,19,1,0,0,0,15,0,212,73,387,195,0,0,3,0,2,11,0,0,0,0,0,0,0,0,14,0,2,143,3,1,163,257,11,0,0,9,0,26,0,60,0,41,0,12,1,641,75,392,0,0,0,3,0,7,0,191,2,0,0,0,42,0,83,4,22,0,85,2,0,0,0,0,0,4,2,1,0,4,0,2,5,241,4,0,2,10,0,23,0,190,736,207,0,72,10,0,0,47,37,0,7,0,10,0,2,0,0,8,0,16,0,169,0,0,0,0,0,0,30,0,31,0,0,0,1,0,0,6,8,0,30,0,2,4,0,4,358,43,50,0,37,7,0,0,36,0,0,0,0,3,0,0,6,0,0,489,1,0,0,0,0,0,0,54,319,0,44,0,0,0,2,72,0,18,0,188,0,0,3,39,0,1,0,0,0,0,0,0,0,299,4,0,0,0,0,0,0,0,1,9,0,0,1,0,0,2,4,0,94,0,0,0,101,0,0,0,0,0,0,0,0,0,0,2,0,0,0,0,0,1,0,0,153,0,0,0,0,0,3,2,0,5,0,16,10,0,6,0,0,0,21,0,1,0,0,0,0,0,2,0,2,9,1,3,25,0,0,0,0,0,4,0,10,0,0,0,0,0,0,0,0,0,1,0,0,75,0,0,23,0,3,6,0,0,0,84,0,0,0,0,5,9,0,0,0,0,0,6,2,0,0,4,0,43,3,0,0,18,2,0,48,286,24,2,20,0,0,0,0,0,0,14,3,0,0,0,0,0,0,8,0,0,9,1,32,50,0,6,0,0,0,0,0,0,0,0,0,16,0,21,1,428,0,3,252,0,118,0,0,0,2,0,65,5,0,0,0,14,1,38,0,0,0,0,0,0,0,0,0,4,179,66,23,0,19,1223,3,0,0,0,0,30
TCGA-BC-A10X_28,2.10958904109589,1,52,0,3,3,2,0,263,212,129,197,111,91,31,68,83,82,15,74,67,78,14,70,653,25,319,668,114,69,13,16,72,9,13,66,149,392,270,94,104,272,16,29,342,590,106,89,47,0,65,34,329,9,322,78,0,51,15,40,65,188,0,28,31,100,39,467,0,19,0,13,238,0,53,309,10,28,177,481,0,222,641,228,42,8,0,128,59,15,0,23,335,8,154,63,62,505,6,187,65,985,0,0,21,0,28,160,0,0,57,13,30,136,2,18,206,95,0,68,0,241,0,0,205,0,11,0,78,0,151,0,230,11,0,0,1166,0,0,38,5,8,379,27,0,0,0,259,0,0,5,56,293,153,98,0,0,27,0,50,0,0,14,2,332,684,0,34,10,0,3,0,31,0,7,0,72,44,8,107,3192,0,0,514,0,0,128,98,34,181,0,195,16,1788,3,3,0,21,0,0,22,0,0,2175,30,0,0,474,0,0,0,0,0,2,175,0,8,15,0,0,53,0,3,196,0,1902,39,7,1348,10,3,0,1,9068,41,0,0,0,0,12,4,248,108,350,219,0,0,3,0,1,16,0,0,0,0,0,0,0,0,17,0,1,274,1,1,144,246,21,0,3,18,0,9,0,81,0,36,0,30,0,602,145,374,0,0,2,1,0,12,0,151,5,1,0,0,125,0,65,3,28,0,91,3,0,0,0,0,0,8,5,3,0,8,0,3,4,223,6,0,4,25,0,21,0,157,701,433,0,52,24,0,0,42,47,0,12,0,25,0,0,0,1,24,0,0,0,200,0,0,0,0,0,0,32,0,44,0,0,1,4,0,0,7,1,0,19,0,1,3,0,7,402,37,85,1,32,115,0,0,56,0,0,0,0,9,0,0,12,0,0,540,2,0,2,0,0,0,0,49,736,0,72,3,0,1,6,101,0,32,0,199,2,0,8,36,0,2,0,0,2,0,0,0,0,276,11,0,0,0,0,0,1,0,0,12,0,0,5,0,0,1,12,0,158,0,0,0,103,0,1,0,0,2,0,0,0,0,1,0,0,0,0,0,1,0,0,0,313,0,0,0,0,0,3,2,0,16,0,0,21,0,14,0,0,0,24,0,4,0,3,0,0,0,0,0,25,15,30,4,35,0,0,0,0,0,2,0,17,0,1,0,0,0,0,0,0,0,1,0,1,98,0,0,35,0,6,8,0,0,0,131,0,0,0,0,0,13,0,0,0,0,0,5,2,0,0,0,6,71,2,0,0,24,17,0,52,299,12,14,67,0,0,0,0,0,0,32,2,0,0,0,0,0,0,19,0,0,15,0,20,42,0,2,0,0,0,0,0,2,0,0,0,9,0,16,0,497,8,4,366,0,0,0,3,0,0,0,43,2,0,0,1,8,6,23,0,0,0,12,2,0,0,0,0,0,325,97,8,0,22,2725,1,0,12,0,0,69
TCGA-BC-A10Z_29,0.0931506849315069,1,62,0,1,1,2,0,474,80,178,90,28,76,5,10,29,60,39,73,72,171,9,32,701,43,668,1902,145,38,22,2,12,14,21,206,37,362,736,16,1,118,32,9,253,590,131,108,88,1,13,14,278,2,160,95,0,32,13,6,63,2,6,39,11,173,8,140,0,39,1,2,187,0,23,231,0,45,64,447,0,92,885,407,31,4,0,2,55,4,0,15,210,1,179,71,20,283,0,60,69,72,4,0,23,1,3,33,0,3,20,2,74,85,25,9,33,86,5,18,0,55,0,0,73,0,3,0,0,1,53,4,291,30,0,4,73,0,0,30,0,2,1223,2,3,0,0,128,0,1,8,47,93,45,51,0,0,19,0,42,0,0,4,0,241,302,1,0,11,0,1,1,11,3,9,0,219,97,1,20,272,0,0,1113,15,1,105,34,0,85,0,211,6,453,1,0,0,26,0,2,0,1,0,1416,11,0,1,366,2,0,2,0,0,0,481,0,8,23,0,0,143,12,0,84,0,3487,12,35,250,5,0,0,0,6589,23,0,0,0,0,4,5,157,72,19,137,0,1,0,0,0,35,0,0,0,2,0,0,1,2,7,0,0,489,16,0,175,106,13,0,1,7,0,8,0,5,0,36,0,6,1,2725,6,985,0,0,0,2,0,0,0,168,0,1,0,0,44,0,36,0,14,0,201,0,0,0,0,0,0,3,0,0,0,0,0,2,14,230,1,0,1,2,0,12,0,105,153,14,0,42,7,0,0,29,0,0,7,0,10,0,0,0,0,2,0,10,0,293,0,0,0,0,0,0,0,0,46,0,0,0,0,0,0,2,26,1,182,0,4,0,0,1,196,12,4,0,26,602,0,0,0,0,0,2,4,0,0,0,3,0,0,81,0,0,0,0,0,0,0,8,569,0,53,0,0,0,0,22,0,15,0,245,0,1,1,0,0,0,0,0,0,1,0,0,0,97,0,0,0,0,0,0,0,1,0,2,0,0,0,0,7,8,18,0,12,0,26,0,12,0,0,0,0,0,0,0,47,0,0,0,0,27,0,0,0,0,0,0,614,0,0,0,0,0,0,0,0,0,0,0,3,0,0,1,0,2,0,0,0,12,0,0,0,0,40,0,422,0,4,0,13,1,0,0,0,0,0,0,32,0,0,0,0,0,29,0,0,1,0,0,0,1,0,0,0,0,43,9,0,0,0,0,0,0,0,0,0,0,0,0,4,0,0,0,0,0,0,0,0,0,2,0,1,0,4,0,0,4,30,2,44,0,0,0,0,0,0,0,0,0,0,0,52,0,0,0,0,0,7,0,0,0,0,641,0,0,0,0,0,0,0,0,0,32,0,0,0,40,1,1,6,0,0,0,0,0,0,0,0,147,0,0,0,0,0,0,0,0,21,0,0,0,0,0,0,329,3,0,0,0,0,6,0,4,0,0,0,0
TCGA-BC-A10Z_30,0.0931506849315069,1,62,0,1,1,2,0,114,59,93,153,94,69,7,50,43,38,22,56,53,60,5,29,362,8,304,1113,48,33,6,5,35,7,14,44,105,281,514,48,39,196,9,28,263,339,118,29,10,0,12,14,193,6,116,67,0,17,5,17,39,114,0,22,16,130,9,342,0,20,0,4,128,0,29,151,3,16,87,412,0,183,701,163,28,8,0,88,32,15,0,14,217,2,112,44,32,257,11,505,58,779,0,0,13,0,17,82,0,0,72,2,27,366,8,10,181,54,0,25,0,60,0,0,325,0,0,0,9,0,113,0,253,0,0,0,332,0,0,28,2,1,185,15,0,0,0,84,0,0,4,32,248,151,25,0,4,8,0,19,0,0,5,4,208,756,0,25,3,0,5,0,20,0,8,0,31,73,5,111,4752,0,0,614,0,0,101,74,46,49,0,84,8,1788,3,1,0,19,0,0,5,0,0,1348,11,0,0,319,0,0,0,0,0,0,124,0,4,10,0,0,92,0,0,307,0,2342,23,1,1166,2,0,0,0,3192,24,0,0,0,0,18,1,188,28,109,128,0,0,3,0,5,4,0,0,1,0,1,0,0,0,7,0,0,13,7,0,98,131,5,0,3,10,0,55,0,35,0,35,0,9,0,885,50,329,0,0,0,1,0,2,0,144,0,1,0,0,45,0,35,4,23,0,81,16,0,0,0,0,0,7,0,0,0,4,0,1,1,167,1,0,0,3,0,43,0,178,262,2027,0,33,13,0,0,27,25,0,1,0,9,0,0,0,1,15,0,56,0,195,0,0,0,0,0,0,20,0,21,0,0,0,0,0,0,5,4,0,38,0,1,0,0,4,322,19,41,0,15,402,0,0,28,0,0,0,0,0,0,0,2,0,0,153,0,0,1,0,0,0,0,4,433,0,45,0,0,3,1,57,0,20,0,228,0,1,8,29,0,2,0,0,0,0,1,0,0,194,2,0,0,0,0,0,1,0,5,5,0,0,0,0,0,2,2,0,93,0,0,0,12,0,0,0,0,0,0,0,0,0,2,0,0,0,0,0,1,0,0,0,44,0,0,0,0,0,0,14,0,4,0,0,4,0,3,0,0,0,6,0,0,0,5,2,0,0,3,0,40,0,3,16,26,0,0,0,0,0,5,0,13,0,0,0,0,0,0,0,0,0,3,0,0,17,0,0,11,0,3,5,0,0,0,44,0,0,0,0,0,70,0,2,0,0,0,2,2,0,0,1,0,20,4,0,0,10,22,0,33,440,100,2,17,0,0,0,0,0,0,15,3,0,0,0,7,0,0,49,0,0,7,3,15,9,0,0,0,0,4,0,0,0,0,0,0,7,0,15,0,474,0,1,85,0,0,0,0,0,0,0,29,6,0,0,1,4,7,6,0,0,0,0,0,0,0,0,0,6,56,89,0,0,6,602,0,0,15,0,0,0
TCGA-BC-A216_31,3.7013698630137,0,62,0,3,3,0,2,641,278,87,191,92,88,20,70,60,39,28,80,49,146,7,58,346,16,335,339,98,47,7,17,45,14,8,55,158,447,272,89,44,374,10,33,459,402,220,108,63,0,27,22,156,10,263,55,0,68,18,35,65,223,0,24,13,63,14,756,0,16,0,13,96,0,58,274,5,14,276,392,0,216,481,246,60,5,0,67,25,14,0,22,157,6,149,47,35,325,2,262,54,379,0,0,17,0,25,140,0,2,78,9,41,208,5,16,161,54,0,42,0,123,0,0,433,0,7,0,37,0,203,0,185,9,0,0,467,0,0,50,3,5,531,10,0,0,0,213,0,0,4,19,270,233,46,0,0,23,0,15,0,0,7,2,181,283,0,53,12,0,4,0,14,0,4,0,50,88,3,171,6589,0,0,549,0,0,106,105,37,319,0,245,10,1282,7,2,0,47,0,0,34,0,0,985,23,0,0,407,0,0,1,0,0,5,90,0,7,8,0,0,98,2,1,342,0,1495,55,6,1025,3,3,0,0,3835,29,1,0,0,0,48,2,265,32,130,366,0,0,2,0,0,4,0,0,0,0,0,0,0,0,9,0,8,350,1,0,97,211,20,0,1,14,0,11,0,48,0,32,0,24,0,628,128,417,0,0,2,3,0,12,0,137,3,1,0,0,77,0,119,4,21,0,149,4,0,0,0,0,0,3,3,4,0,5,0,2,2,99,12,0,0,14,0,36,0,201,307,29064,0,38,17,0,0,39,69,0,4,0,26,0,0,0,9,29,0,13,0,302,0,0,0,0,0,0,60,0,43,0,0,0,0,0,0,13,1,0,40,0,8,2,0,8,152,25,67,0,24,195,1,0,0,0,0,0,0,4,0,0,5,0,0,252,3,0,4,0,0,0,0,56,329,0,101,0,0,2,2,48,0,38,0,85,0,0,5,50,0,1,0,0,3,0,0,0,0,362,7,0,0,0,0,0,4,0,0,8,0,0,2,0,0,5,15,0,52,0,0,0,109,0,2,0,0,3,0,0,0,0,1,1,0,0,0,0,6,0,3,0,42,0,0,0,0,0,2,2,1,7,0,0,7,0,27,0,1,0,18,0,5,0,3,1,0,0,10,0,2,1,22,18,27,0,0,0,0,0,0,0,64,2,2,0,0,0,0,0,0,0,0,0,0,14,0,0,34,0,7,7,0,0,0,259,0,0,0,0,0,1071,0,0,0,0,0,0,2,0,0,0,0,44,1,0,0,7,0,0,52,653,6,18,40,0,1,0,0,0,0,18,3,1,0,0,0,0,0,7,0,0,14,0,14,51,0,0,0,0,0,2,0,0,0,0,0,19,0,23,1,569,0,0,50,0,0,0,1,0,0,0,61,3,0,0,0,8,7,26,0,0,0,3,1,0,0,0,2,2,383,71,0,0,52,1680,0,0,24,0,0,37
TCGA-BC-A216_32,3.7013698630137,0,62,0,3,3,0,2,230,52,50,5,4,31,11,6,11,15,5,44,7,53,0,56,276,6,8,22,25,4,0,5,6,17,2,12,48,130,60,0,0,175,1,2,0,302,7,28,22,0,0,6,22,4,140,14,2,6,8,9,32,91,12,44,50,30,8,53,2,6,12,6,37,0,54,447,13,16,132,248,3,31,407,64,15,1,2,47,10,2,18,1,128,4,59,43,9,68,4,779,25,0,15,0,19,1,5,15,2,36,52,6,8,27,21,4,3,24,0,14,11,51,0,1,286,12,3,0,8,13,24,24,179,0,10,22,75,0,8,29,8,0,309,13,21,1,0,52,8,7,0,24,366,72,15,2,0,15,3,0,0,0,2,0,88,22,14,4,8,6,1,4,0,54,0,0,84,15,0,30,1585,2,0,467,0,0,28,31,37,33,2,98,0,1680,4,0,4,16,2,15,11,0,0,915,42,0,4,160,9,0,4,0,0,0,39,4,0,13,0,0,24,36,0,17,2,1788,0,8,602,0,0,5,0,6589,6,0,1,0,0,15,4,106,16,111,192,3,7,0,2,1,10,0,0,0,5,0,0,0,4,0,0,16,95,9,0,17,118,3,1,0,0,0,67,1,37,0,0,16,1,0,505,370,335,0,0,1,0,0,0,3,85,0,0,0,0,3,0,61,0,23,0,106,13,0,0,0,0,2,0,11,0,0,0,2,0,0,17,0,0,0,12,0,10,0,268,130,396,0,23,0,0,12,7,0,0,1,11,0,0,0,0,0,12,1,157,0,74,0,2,0,0,0,0,4,0,13,0,0,2,0,0,0,0,8,0,11,7,0,0,0,0,18,0,3,0,5,65,0,0,0,0,0,5,0,0,0,0,1,0,0,74,0,0,23,0,0,0,0,3,151,0,40,0,0,0,1,171,0,0,0,21,0,4,0,0,0,0,0,0,4,0,0,0,0,34,0,0,0,0,0,0,0,0,0,0,0,0,0,0,0,8,7,0,114,0,0,0,58,0,0,0,0,0,0,0,0,17,7,0,0,23,0,0,1071,0,7,0,16,0,0,0,0,0,0,4,0,0,0,0,4,0,39,0,0,0,120,0,0,0,4,0,0,0,153,0,0,0,0,48,0,0,0,2,0,0,0,0,6,0,0,0,2,0,0,0,0,0,0,0,0,8,0,0,0,0,0,14,7,0,0,1,0,0,0,0,0,10,0,1,9,0,0,0,0,0,2,3,0,0,2,0,0,8,0,0,0,54,25,0,0,0,0,0,0,0,0,3,0,0,0,0,0,0,0,10,0,0,10,0,0,0,0,108,0,0,0,67,0,0,0,0,0,2,17,0,0,4,1,0,0,0,0,0,0,0,0,0,0,307,0,0,0,0,0,2530,0,1,0,0,0,1,0,0,0,5,0,0,0,0,3,4,0,0,0,0,0,4
TCGA-BC-A217_33,3.82739726027397,1,75,0,2,2,0,2,313,35,43,123,10,16,6,2,33,23,1,18,23,10,2,20,549,2,22,192,18,6,10,1,8,7,7,7,5,178,684,4,1,19,8,3,2,68,21,47,23,0,0,4,3,2,225,4,0,17,4,10,18,67,4,15,16,31,5,309,0,12,2,0,69,0,29,31,1,28,195,121,4,128,216,77,9,2,1,5,3,1,3,0,16,1,166,8,7,628,7,1680,58,23,9,0,8,0,7,13,0,4,4,8,36,11,29,2,132,40,1,6,0,11,0,0,93,0,1,1,4,8,27,8,102,13,2,13,255,0,2,16,2,2,252,8,14,1,0,14,2,9,2,10,50,181,19,0,0,15,2,6,1,0,0,0,143,856,4,3,3,1,1,3,4,26,2,0,57,29,0,39,1223,0,0,402,1,0,22,26,17,46,1,132,2,1902,2,0,0,46,0,2,2,0,0,779,9,0,0,133,3,0,1,4,0,0,45,1,3,18,0,0,11,20,0,17,0,531,5,4,447,3,0,3,0,4752,1,0,0,0,0,0,3,45,7,80,165,0,4,0,0,0,15,0,0,0,7,0,0,0,2,0,0,0,246,4,0,46,118,16,0,0,7,0,58,1,17,0,1,1,0,0,433,0,1282,0,0,1,3,0,1,0,281,0,0,0,0,8,0,6,0,1,0,38,3,0,0,0,0,0,1,2,0,0,0,3,8,6,65,0,0,0,0,0,43,2,183,354,64,3,35,0,0,1,34,0,0,6,4,0,0,17,0,0,2,0,3,0,238,0,8,0,0,0,0,6,0,49,0,0,0,1,0,0,0,161,0,11,3,0,0,0,1,95,0,0,0,0,83,0,0,18,0,0,1,0,0,0,0,3,0,0,602,8,0,6,0,0,0,0,7,459,0,3,0,0,0,0,4,0,13,0,94,0,1,0,0,0,0,1,0,0,0,0,0,0,41,0,0,0,0,0,0,0,0,0,0,0,0,0,0,2,6,4,0,10,0,13,0,0,0,0,0,0,0,0,0,0,0,0,0,0,8,0,0,18,0,0,0,16,0,0,0,0,0,0,9,0,0,0,0,0,0,22,0,0,0,10,0,0,0,0,0,0,0,9,0,12,0,0,0,2,0,0,0,0,0,0,0,12,0,0,0,0,0,7,0,0,0,0,1,0,0,0,0,0,0,25,0,0,0,0,1,0,0,0,0,0,4,0,0,0,0,0,0,0,0,0,3,0,7,0,0,1,0,14,0,0,23,96,0,0,0,0,0,0,0,0,29,0,0,0,0,31,0,0,0,0,0,21,0,0,0,0,137,0,0,0,0,13,0,0,0,0,15,0,0,0,10,0,0,39,0,0,0,0,0,0,0,0,67,0,0,0,0,0,38,0,0,1,0,0,2,0,0,0,16,4,0,0,0,0,10,0,0,0,0,0,0
TCGA-BC-A3KF_34,0.0219178082191781,0,66,0,1,1,0,2,199,195,137,53,18,27,9,16,40,50,15,50,124,115,6,109,140,36,21,132,104,32,5,2,28,8,11,32,14,278,172,47,39,129,3,22,531,302,215,16,18,1,56,15,68,4,206,219,0,189,14,35,262,76,4,7,87,16,25,33,0,12,0,12,80,0,37,147,7,8,12,119,0,274,97,133,11,6,0,15,22,9,0,37,362,1,130,78,82,38,8,641,53,2342,6,0,15,0,24,250,0,7,31,4,28,11,12,10,252,38,2,19,0,111,5,0,165,0,0,5,14,3,38,3,208,0,0,1,736,0,0,28,0,2,296,22,2,0,0,118,0,1,0,35,187,117,52,0,0,1,0,6,2,0,0,1,82,4,0,10,4,0,1,0,15,4,8,0,143,92,1,18,1495,0,0,332,2,0,105,27,3,540,0,210,0,1902,1,0,0,8,0,0,0,2,0,6589,32,0,0,163,1,0,1,0,0,1,27,0,0,7,0,0,37,9,0,16,3,4752,57,18,238,1,0,0,0,2175,31,0,0,0,0,4,2,157,392,440,176,0,0,0,0,0,17,0,0,0,0,0,0,0,0,14,0,0,51,10,0,101,428,12,0,1,1,0,9,0,66,0,18,0,4,1,579,117,602,0,0,0,18,0,7,0,1,0,0,0,0,156,0,17,0,44,0,196,0,0,0,0,0,2,3,1,1,0,0,19,0,5,56,0,0,4,4,0,6,0,127,407,268,0,33,0,0,2,25,4,0,3,0,0,0,0,0,0,0,0,2,3,335,0,0,0,0,0,0,11,0,10,0,0,0,0,0,0,6,25,0,18,0,0,0,0,4,21,1,29,1,4,2962,0,0,2,0,0,3,0,0,0,0,8,0,0,73,0,0,4,0,0,0,0,12,2725,0,93,0,0,0,0,239,0,36,0,160,5,2,4,3,0,1,0,0,0,0,0,0,0,21,0,0,0,0,0,0,0,0,0,0,0,0,7,0,0,4,32,0,11,0,0,0,6,0,0,0,0,12,0,0,37,0,19,0,0,14,0,0,0,0,0,0,213,0,0,0,3,0,0,3,20,3,0,0,17,0,0,0,3,0,24,0,0,0,0,27,0,0,56,0,5,4,41,11,9,0,0,0,0,309,0,0,0,0,0,1,0,0,0,0,0,0,0,0,0,59,0,0,0,0,179,42,0,0,0,4,0,0,0,0,4,11,0,3,2,0,0,0,0,0,0,0,9,5,0,0,0,7,0,0,0,6,1,0,19,0,0,0,0,0,0,12,0,0,0,0,1,0,0,0,0,0,11,0,1,0,0,1223,0,0,0,0,0,0,0,0,0,0,0,0,0,25,8,14,0,0,0,0,1,0,3,0,0,263,0,0,0,0,0,5,0,0,40,0,0,0,0,0,3,112,1,0,0,1,0,91,0,0,0,0,0,18
TCGA-BC-A3KG_35,1.86301369863014,0,68,0,2,2,0,0,3,10,38,4,0,22,0,24,30,1,6,20,9,168,1,18,481,1,28,176,34,3,0,0,0,1,0,24,4,193,136,0,0,0,0,1,0,0,8,26,12,0,1,0,0,4,17,0,0,19,0,2,94,2,10,15,131,41,1,4,1,0,0,0,0,0,63,579,0,4,49,23,3,80,196,61,29,1,0,0,12,0,8,1,64,1,171,138,2,803,4,531,4,0,30,0,0,4,0,13,1,36,13,0,2,0,10,10,32,147,0,7,0,6,0,2,2,13,5,0,4,18,0,15,18,2,16,73,2027,0,8,1,0,0,383,25,6,0,0,52,6,28,0,15,200,88,31,2,0,21,8,3,0,0,0,0,93,2,17,0,1,2,5,5,0,34,0,0,55,0,0,0,181,0,3,1902,2,4,18,2,2,0,4,329,0,602,1,0,5,2,7,4,5,0,0,191,20,0,10,45,4,0,2,0,1,0,118,2,0,12,0,4,24,47,0,0,0,433,2,10,262,0,0,4,0,3192,5,0,1,0,0,0,8,74,4,10,387,0,9,0,5,0,7,0,0,0,7,0,0,0,4,0,0,0,8,0,0,19,43,0,2,0,0,0,43,0,43,0,0,15,1,0,549,74,1495,2,0,0,0,0,0,0,73,0,0,0,0,35,0,43,0,1,46,81,0,0,1,0,0,0,0,0,0,0,0,3,0,0,0,0,1,0,0,0,4,0,288,175,756,0,12,0,0,21,37,0,0,0,0,0,0,0,0,0,0,5,6,0,147,0,1,0,0,1,1,0,0,78,0,0,0,0,0,0,0,6,1,0,5,0,0,0,1,0,0,1,0,0,718,0,0,18,0,0,4,0,0,0,31,0,0,0,417,0,0,0,0,0,0,0,0,2962,0,29,0,0,0,0,6,0,0,0,1,0,20,0,0,0,0,0,0,0,0,0,0,0,3,0,0,0,0,0,0,0,0,0,0,0,0,0,0,0,11,8,0,5,0,0,0,1,0,0,0,0,0,0,0,0,10,5,0,0,0,0,0,112,0,0,0,0,0,0,1,0,0,0,0,0,0,0,0,0,0,2,0,0,0,0,0,0,1,0,0,0,0,99,0,0,0,0,0,0,0,0,0,0,0,0,0,18,0,0,0,0,0,0,0,0,0,0,2,0,17,0,0,0,0,63,0,0,0,0,0,0,0,1,0,0,5,0,0,7,0,0,0,0,0,4,0,15,0,1,0,0,0,0,0,0,0,14,0,0,0,0,0,9,0,0,0,0,0,0,0,0,0,0,0,0,0,6,0,0,0,0,1113,0,0,0,2,2,0,0,0,0,15,0,0,0,0,0,0,0,0,0,0,0,0,0,0,0,8,0,0,0,0,0,316,0,0,1,0,0,0,0,0,0,1,0,0,0,0,0,0,0,0,0,0,0,0
TCGA-BC-A5W4_36,1.4986301369863,1,69,1,3,3,0,2,379,236,114,407,35,17,11,43,23,85,124,10,220,27,2,15,153,18,82,985,47,12,10,9,7,5,28,8,19,549,64,96,7,168,0,0,268,433,61,5,13,1,4,25,53,4,137,87,0,85,25,51,24,128,1,9,191,62,27,147,0,29,0,4,829,0,31,40,5,68,183,130,0,165,350,150,19,2,0,79,30,8,0,10,531,16,104,18,17,123,3,1282,46,4215,10,0,13,0,5,121,0,3,74,2,15,138,44,16,278,34,1,19,0,569,0,0,304,0,0,1,12,0,34,1,71,9,0,3,0,0,0,0,0,1,1416,57,0,0,0,246,0,0,1,9,170,174,61,0,0,8,3,5,0,0,0,1,84,36,0,2,24,0,2,0,20,9,5,0,97,52,0,20,579,0,0,505,3,0,38,20,2,0,0,43,0,3487,1,3,0,43,0,0,1,0,0,2962,5,0,0,241,0,0,1,0,0,4,9,0,0,40,0,0,3,2,4,10,0,885,26,8,36,0,0,0,0,9068,12,0,0,0,0,5,0,412,171,358,3,0,0,2,0,0,8,0,0,0,0,0,0,0,0,1,0,5,257,17,0,21,139,0,1,0,3,0,94,0,80,0,7,0,2,0,497,79,1788,0,0,5,21,0,34,0,417,0,0,0,0,0,0,47,0,14,0,25,4,0,0,0,0,6,0,4,5,0,0,0,3,4,1495,0,0,8,10,0,6,0,374,590,0,0,33,0,0,0,33,21,0,7,2,0,2,0,0,0,0,0,0,0,96,0,4,0,0,0,0,50,0,1,0,1,0,0,0,0,0,5,0,0,0,0,0,0,4,110,13,5,0,9,3,0,0,0,2,0,1,0,0,0,0,14,0,0,178,134,0,7,0,0,0,0,74,370,0,36,0,0,0,0,102,0,3,0,0,0,0,0,0,0,11,0,0,6,0,4,0,0,95,0,0,0,0,0,0,0,0,0,0,0,0,15,0,0,11,17,0,4,0,10,0,0,2,0,0,0,0,0,0,0,0,2,0,0,153,0,0,0,0,0,0,15,3,0,0,0,0,0,2,0,6,0,0,3,0,9,0,0,0,4,0,0,0,4,1,0,0,0,0,33,0,0,0,0,0,0,0,0,9,0,0,2,2,3,0,0,0,0,0,2,0,0,1,0,205,0,0,0,2,225,11,1,0,0,17,0,0,0,0,0,0,0,0,10,0,0,0,2,0,0,3,0,329,0,0,1,0,0,0,3,10,21,0,0,0,0,0,0,0,0,0,0,0,2,0,24,0,0,0,0,0,0,0,0,0,0,97,0,0,0,0,0,0,0,0,0,7,0,0,0,210,4,0,0,0,0,0,2,0,0,0,0,98,0,0,0,0,0,162,0,0,0,2,0,4,0,0,2,2,10,0,0,2,0,180,0,0,0,0,0,0
TCGA-BC-A69H_37,1.21643835616438,0,64,1,2,2,0,2,0,0,10,0,2,2,1,0,5,1,3,1,3,15,0,0,49,0,0,0,18,3,0,0,0,0,0,21,6,31,57,0,3,16,0,2,3,18,2,1,3,5,1,2,0,4,42,1,1,4,0,0,4,5,16,1,0,15,0,1,1,1,10,0,0,3,5,16,0,11,1,42,8,103,150,0,2,0,5,16,25,3,6,5,24,0,23,16,2,0,17,4752,2,0,36,1,2,2,0,21,0,15,3,0,4,19,0,0,44,7,0,6,3,50,33,0,25,1,0,5,0,8,3,7,71,0,4,14,14,0,2,1,0,1,4,0,27,4,0,5,1,4,0,0,10,18,11,2,24,5,3,5,7,0,0,0,15,5,6,5,0,2,0,2,0,41,0,0,20,91,0,5,276,0,0,14,15,2,6,8,0,1,1,12,3,172,0,0,1,3,0,4,0,0,0,628,0,0,2,145,21,1,0,1,0,0,0,4,0,0,0,0,5,13,0,19,1,122,0,0,81,0,0,6,0,216,1,0,1,0,0,0,0,358,35,1,36,2,2,0,1,60,0,0,0,1,4,0,3,10,1,0,2,0,7,44,0,62,26,0,5,0,0,0,92,0,4,0,2,1,0,0,64,0,69,0,0,0,2,0,1,30,39,0,0,0,0,3,0,0,0,0,111,2,18,0,3,0,1,0,0,0,0,0,0,3835,0,0,0,0,5,0,0,2,1,73,47,136,22,9,25,0,0,19,6,0,0,0,6,0,0,19,0,0,2,0,81,4,36,0,4,0,0,0,0,0,0,1,0,0,0,0,0,0,0,105,0,0,2,0,0,0,0,83,0,1,0,6,7,0,0,5,0,0,1,0,0,0,0,0,0,1,31,0,0,0,1,0,0,0,0,43,0,16,0,0,0,0,1,3,5,0,0,0,9,4,2,0,0,0,9,0,0,0,0,0,12,0,0,0,0,0,0,0,0,5,0,0,0,0,0,0,9,0,0,8,0,0,0,11,1,0,0,0,0,0,0,15,0,15,0,0,28,0,0,549,0,0,2,0,0,0,0,0,0,0,2,0,1,1,0,1,0,0,0,0,0,0,0,0,0,0,3,0,0,42,0,0,0,0,60,0,0,0,0,0,54,6,5,0,0,0,0,0,0,0,0,0,0,0,0,0,26,0,0,0,2,0,1,0,0,0,4,0,1,0,1,0,0,0,0,0,0,0,0,1,0,0,11,0,5,0,0,0,0,0,0,0,78,208,0,0,0,0,0,0,0,16,0,0,0,0,1,0,0,3,26,0,9,14,0,1,0,0,286,0,0,27,246,0,0,0,0,0,0,26,0,0,25,0,0,0,0,143,0,0,0,0,0,0,0,0,0,0,0,0,440,0,0,0,0,0,3,253,0,0,0,2,0,0,0,0,21,0,0,0,0,0,0
TCGA-BC-A69I_38,1.06027397260274,0,69,1,1,1,0,0,736,239,122,94,77,48,36,27,45,39,23,26,106,49,4,50,885,18,569,76,63,22,10,8,21,15,6,49,42,309,447,62,61,226,9,29,985,63,30,262,49,0,11,15,23,13,402,101,0,41,12,25,72,61,0,16,32,33,13,78,0,20,0,7,417,0,77,100,8,22,112,407,0,160,412,46,48,9,0,33,35,27,0,26,265,1,71,38,27,531,1,329,41,1495,0,0,3,0,16,68,0,0,24,1,68,19,6,10,779,26,0,22,0,362,0,0,276,0,3,0,5,0,68,0,257,9,0,0,453,0,0,61,8,3,207,30,0,0,0,238,0,0,5,22,121,158,35,0,0,76,0,35,0,0,0,3,197,579,0,15,2,0,5,0,11,3,3,0,59,96,0,136,4215,0,0,162,0,0,73,28,2,18,0,132,6,2725,2,3,0,30,0,0,34,0,0,1585,2,0,0,246,0,0,0,0,0,1,65,0,2,3,0,0,31,0,4,63,0,684,10,27,1166,0,2,0,0,3487,6,0,0,0,0,25,1,243,35,121,228,1,0,3,0,0,4,0,0,0,0,0,0,0,0,13,0,5,183,0,0,29,293,15,0,3,13,0,0,0,24,0,44,0,9,0,346,65,335,0,0,1,8,0,12,0,156,0,2,0,0,21,0,379,0,4,0,7,0,0,0,0,0,1,10,16,8,0,0,0,18,5,19,8,0,0,5,0,12,0,422,701,2027,0,40,2,0,4,24,8,0,4,0,13,0,0,0,0,0,0,0,0,6,0,0,0,0,0,0,8,2,2,0,0,0,1,0,0,4,13,0,6,0,11,0,0,9,30,38,24,0,4,49,0,0,41,0,0,0,0,0,0,0,30,0,0,42,19,0,3,0,0,0,0,87,602,0,41,0,0,1,3,34,0,3,0,0,0,0,4,17,0,0,0,0,0,0,3,0,0,296,2,0,0,3,0,0,10,0,0,0,0,0,0,0,0,0,3,0,40,0,0,0,34,0,0,0,0,1,0,0,0,0,0,0,0,0,0,0,0,0,0,0,21,6,0,0,1,0,2,0,1,4,0,0,0,0,2,0,0,0,18,0,0,0,0,0,0,0,11,0,0,5,0,0,12,0,0,0,0,0,0,0,0,7,0,0,0,0,0,0,0,0,0,0,0,90,0,10,0,1,31,4,0,0,0,180,0,0,0,0,0,131,0,0,0,0,0,0,10,0,0,0,0,272,0,0,0,0,40,0,0,94,13,0,7,3,0,0,0,0,0,1,0,0,0,0,6,0,0,0,0,0,23,0,131,0,0,4,0,0,0,0,8,0,0,0,0,4,0,2,0,668,9,2,90,0,0,0,0,0,0,2,23,0,0,2,0,0,0,13,0,0,0,0,0,0,0,0,4,5,358,67,144,0,5,590,0,32,0,0,1,0
TCGA-BC-A8YO_39,1.53972602739726,0,66,0,3,4,0,0,0,6,96,1,4,35,0,0,14,1,0,32,18,12,1,24,115,4,6,156,98,19,2,11,37,3,0,101,51,177,46,32,5,85,3,7,0,440,58,8,4,1,3,2,127,1,26,7,0,14,6,1,15,22,12,32,0,60,4,2,1,1,0,4,68,2,45,145,3,75,14,168,2,103,78,206,7,0,1,30,14,1,6,13,291,3,58,65,25,268,12,628,24,26,27,0,15,4,0,34,0,16,3,1,0,1,11,7,6,1,0,25,0,62,7,3,79,5,0,0,4,11,6,11,3,0,5,35,7,0,6,0,0,0,210,27,8,1,0,185,4,10,0,13,87,50,140,1,10,4,7,139,0,0,0,0,157,4752,5,22,11,2,0,3,45,13,7,0,60,0,0,8,117,2,1,319,1,0,27,3,2,0,3,138,0,1025,0,0,4,13,0,6,7,0,0,497,26,0,10,335,1,0,1,2,0,0,1,1,0,11,0,0,0,62,0,0,0,3192,2,0,82,0,0,1,0,2175,11,0,1,0,0,15,8,175,3,25,0,0,6,0,0,0,8,0,0,0,5,0,0,0,5,0,0,0,46,0,0,48,383,0,1,0,0,0,94,1,23,0,0,8,1,0,288,0,322,0,0,0,0,0,0,2,803,0,0,0,0,2,0,38,0,1,0,177,9,0,0,0,0,0,2,1,0,0,0,0,0,0,0,0,2,5,0,0,4,0,62,3487,73,2,101,0,0,0,50,0,0,0,1,0,0,19,0,0,2,0,2,4,228,0,0,0,0,0,1,0,0,0,0,0,0,0,0,0,0,69,0,10,3,0,0,0,6,9,51,2,3,8,885,0,0,42,0,0,2,0,0,0,0,0,0,0,257,0,0,0,0,0,0,0,0,1495,0,7,0,0,0,3,106,0,0,0,252,0,1,0,0,0,0,0,7,0,0,0,0,0,75,0,0,0,0,0,0,0,0,0,0,0,0,1,0,0,7,0,0,17,0,0,0,0,0,0,0,0,3,0,0,10,0,0,0,0,9,0,0,0,0,0,0,0,0,0,1,0,0,0,1,0,0,0,0,84,0,0,0,0,0,25,1,0,0,0,0,0,0,11,0,0,0,0,0,1,0,0,0,0,3,0,0,0,0,0,0,1,0,0,0,0,0,0,0,0,4,1,0,0,0,34,0,1,0,0,0,0,0,0,0,0,4,0,0,0,0,0,0,0,0,0,0,0,0,1,0,0,0,0,0,1,4,24,0,0,0,0,0,0,0,0,0,0,0,0,0,19,0,0,0,0,0,0,0,0,0,0,117,0,0,0,0,0,0,0,0,0,12,0,0,0,0,3,0,0,0,0,0,0,0,0,0,0,2,0,0,0,0,0,0,0,0,0,0,0,0,0,0,17,0,0,16,0,0,0,1,0,0,0,0,0,0
TCGA-BD-A3EP_40,1.12054794520548,0,75,0,1,1,0,0,131,138,119,194,93,74,27,50,64,77,15,67,71,123,8,67,387,17,276,829,106,48,10,12,53,8,13,87,124,474,235,88,56,239,21,22,319,628,162,32,20,0,41,25,313,6,255,111,0,22,14,26,100,175,0,29,27,83,15,283,0,14,0,10,215,0,47,250,5,16,164,540,0,268,467,211,27,6,0,52,47,9,0,25,370,2,130,31,69,505,6,245,47,497,0,0,16,0,32,155,0,0,132,1,44,422,3,21,668,96,1,41,0,316,0,0,222,0,6,0,30,0,161,0,296,3,0,0,756,0,0,28,5,2,248,20,0,0,0,157,0,0,4,27,358,123,76,0,1,8,0,40,0,0,2,3,117,684,0,11,3,0,2,0,26,0,6,0,71,145,5,61,2027,0,0,263,0,0,97,96,38,65,0,168,11,1902,2,0,0,23,0,0,39,0,0,2530,6,0,0,522,0,0,0,0,0,5,84,0,4,6,0,0,60,0,2,188,0,2175,29,2,1348,3,1,0,0,5426,44,2,0,0,0,16,3,207,50,322,253,0,0,3,0,1,10,0,0,0,0,0,0,0,0,10,0,0,77,1,0,238,307,7,0,1,35,0,5,0,62,0,27,0,16,1,1025,113,379,0,0,8,3,0,10,0,335,0,1,0,0,48,0,58,4,22,0,169,1,0,0,0,0,0,12,6,3,0,6,0,3,0,185,7,0,13,9,0,14,0,195,885,329,0,54,12,0,0,56,53,0,7,0,12,0,0,0,0,32,0,1,0,210,0,0,0,0,0,0,7,0,33,0,0,0,1,0,0,10,0,0,29,0,1,0,0,2,243,49,74,0,25,202,0,0,127,0,0,0,0,7,0,0,8,0,0,433,0,0,1,0,0,0,0,38,779,0,69,0,0,1,1,70,0,22,0,136,0,0,12,39,0,2,0,0,0,0,0,0,0,339,0,0,0,0,2,0,0,0,0,8,0,0,0,0,0,19,11,0,174,0,0,0,40,0,0,0,0,0,0,0,0,0,0,0,0,0,0,0,0,0,0,0,152,0,0,0,0,0,0,2,0,7,0,0,38,0,6,0,0,0,13,0,2,0,11,2,0,0,42,0,20,10,24,2,42,0,0,0,0,0,0,0,3,0,1,0,0,0,0,0,0,0,3,0,0,10,0,0,29,0,19,6,0,0,0,77,0,0,0,0,0,14,0,4,0,0,0,6,2,0,0,0,0,11,4,0,0,15,6,0,44,417,20,5,27,0,3,0,0,0,0,14,2,0,0,0,6,1,0,17,0,0,9,0,19,35,0,0,0,0,0,0,0,2,0,0,0,6,0,11,0,489,4,2,168,4,0,0,0,0,0,0,40,0,0,0,0,9,6,1,0,0,0,0,0,0,0,0,1,0,90,103,5,0,42,1113,1,0,8,0,0,0
TCGA-BD-A3EP_41,1.12054794520548,0,75,0,1,1,0,0,2,31,44,4,30,4,1,12,13,21,6,10,31,65,2,9,124,5,20,215,26,7,2,4,6,0,1,27,44,350,175,2,8,120,2,12,38,58,18,4,10,0,15,7,32,2,80,17,0,10,3,19,25,28,2,8,16,33,1,35,0,0,0,1,89,0,4,73,7,24,71,128,0,173,177,1,8,2,0,22,15,15,0,9,225,0,70,34,19,162,4,856,28,3,4,0,0,0,6,80,0,3,17,0,3,15,8,4,296,9,0,8,1,38,0,0,142,0,0,6,10,0,68,0,15,0,0,1,288,0,0,31,0,3,202,6,0,0,0,125,0,0,1,2,50,121,20,0,0,2,0,10,0,0,0,1,82,467,2,1,0,0,0,0,6,1,1,0,54,133,0,56,915,0,0,113,0,0,48,29,14,9,0,47,0,803,0,0,0,6,0,0,22,0,0,684,5,0,0,383,0,0,1,0,0,0,1,0,1,3,0,0,14,3,0,34,0,949,6,0,1113,0,0,0,0,4215,10,0,0,0,0,9,4,147,41,37,1,0,0,0,0,2,3,0,0,0,0,0,0,0,0,6,0,0,62,5,0,161,94,1,0,0,1,0,31,1,30,0,19,0,0,0,335,9,268,0,0,0,3,0,0,2,152,0,0,0,0,0,0,29,0,8,0,16,9,0,0,0,0,0,1,2,1,0,0,4,0,25,53,0,0,7,3,0,1,4,208,1166,1416,5,17,0,0,0,24,0,0,0,0,0,0,0,0,0,0,0,96,0,153,0,0,0,0,0,0,0,0,17,0,0,0,1,0,0,0,27,0,9,0,1,0,0,0,61,5,17,0,14,179,0,0,87,0,0,0,0,0,0,0,2,0,0,207,0,0,0,0,0,0,0,13,602,0,24,0,0,0,0,73,0,0,0,58,0,0,1,2,0,0,0,0,0,0,0,0,0,250,0,0,0,0,0,0,0,2,0,0,0,0,0,0,0,5,0,0,27,0,3,0,34,0,0,0,0,0,0,0,9,0,0,0,0,10,0,0,194,0,0,0,89,0,0,0,0,0,0,0,0,0,0,0,22,0,0,0,0,0,1,0,0,0,0,0,0,0,125,0,0,6,12,0,1,0,0,0,0,2,0,0,0,0,0,0,0,0,0,0,0,0,0,0,0,0,0,0,0,0,39,1,7,0,0,7,0,0,0,0,0,93,3,2,0,0,0,1,0,0,0,0,6,0,0,0,0,5,0,0,0,346,201,0,0,0,0,0,0,0,0,0,0,0,0,0,2,0,0,0,0,0,2,0,14,0,0,235,0,0,6,0,0,0,0,0,0,0,0,0,0,19,0,0,0,0,0,0,0,0,0,0,13,1,4,0,0,0,0,1348,0,0,0,0,0,0,0,0,0,2,0,0,5,0,0,52,0,0,0,0,16,0
TCGA-BD-A3ER_42,3.05479452054795,0,62,1,2,2,2,2,15,37,54,31,20,23,8,26,58,41,22,57,53,149,2,44,116,6,288,68,57,18,3,5,24,0,7,72,75,276,286,11,12,181,10,24,84,195,77,26,15,1,24,16,43,4,176,178,0,6,2,24,73,87,0,25,39,28,10,23,0,2,0,4,60,0,49,262,14,37,46,228,0,96,207,5,21,2,0,23,11,4,0,13,342,1,115,32,64,190,7,559,45,27,3,0,7,0,20,171,0,2,22,1,17,38,7,12,236,37,0,13,2,196,0,0,219,0,0,0,11,0,127,0,87,4,0,0,396,0,0,13,0,2,412,6,0,0,0,91,0,0,1,11,70,94,52,0,1,5,0,29,0,0,0,0,81,569,0,22,5,0,2,0,11,1,6,0,111,30,0,62,2962,0,0,241,0,0,103,57,15,46,0,89,1,1348,6,0,0,18,0,0,65,0,0,1416,14,0,0,255,0,0,0,0,0,0,40,0,4,5,0,0,36,1,0,41,0,1025,18,4,756,0,0,0,0,2725,25,0,0,0,0,21,2,185,72,81,67,0,0,0,0,5,4,0,0,0,0,0,0,0,0,2,0,0,25,1,0,113,119,0,0,0,0,0,38,0,40,0,42,0,7,0,668,54,304,0,0,2,0,0,6,1,313,0,0,0,0,39,0,329,3,10,0,59,19,0,0,0,0,0,0,2,0,0,0,0,0,5,11,1,0,4,5,0,3,4,374,1282,9068,4,39,0,0,0,35,9,0,2,0,0,0,0,0,0,16,0,141,1,350,0,0,0,0,0,0,0,0,5,0,0,0,0,0,0,9,18,0,0,0,0,0,0,5,86,13,15,0,17,272,0,0,47,0,0,0,0,0,0,0,6,0,0,257,1,0,0,0,0,0,0,18,641,0,47,0,0,3,0,60,0,3,0,91,0,0,0,0,0,0,0,0,0,0,1,0,0,151,0,0,0,0,0,0,0,0,0,0,0,0,0,0,0,2,17,0,40,0,0,0,97,0,0,0,0,41,0,0,0,0,0,0,0,0,0,0,3,0,0,1,177,0,0,0,0,0,0,2,1,4,1,0,26,0,0,0,0,0,216,0,0,0,0,5,0,0,203,0,0,1,5,0,0,0,0,0,0,10,2,0,2,0,0,0,0,0,0,0,0,0,0,0,0,39,1,0,0,0,12,14,2,0,0,11,0,0,0,0,0,497,0,2,0,0,0,0,0,0,0,3,0,9,3,0,0,6,0,0,0,392,2342,0,15,0,0,0,0,0,0,8,0,0,3,0,1,0,0,0,0,3,0,0,8,0,0,95,0,0,18,0,0,0,0,0,0,13,0,0,0,45,2,0,0,0,0,0,0,0,1,0,11,0,0,0,0,0,0,505,0,0,0,0,0,0,0,0,0,56,4,71,0,0,0,53,0,0,6,0,4,0
TCGA-BW-A5NO_43,0.0547945205479452,0,50,1,3,3,2,2,137,112,74,115,51,34,14,18,28,27,38,17,82,67,6,17,641,24,219,417,22,12,13,3,13,7,42,53,181,440,136,10,10,164,17,33,187,54,41,24,13,2,4,18,61,1,195,66,0,45,7,11,21,16,4,18,60,42,8,180,0,28,0,0,46,0,22,90,1,18,200,130,0,47,505,263,14,4,0,3,30,2,0,14,175,9,168,58,11,104,3,489,79,5,4,0,8,0,4,33,0,2,12,7,4,17,50,4,126,113,10,25,0,17,0,0,268,0,0,0,5,0,105,1,85,13,1,3,829,0,0,32,1,0,316,13,2,0,0,31,0,2,3,13,46,92,31,0,0,7,0,4,0,0,0,1,133,82,1,3,6,0,1,1,16,4,0,0,68,63,0,35,1495,0,0,522,3,0,24,47,34,9,0,205,9,2342,4,1,0,35,0,0,3,0,0,2027,20,0,0,134,1,0,2,0,0,0,137,0,7,17,0,0,81,4,1,70,0,1282,14,26,325,6,0,1,0,5426,5,0,0,0,0,5,1,139,71,62,101,0,2,0,0,0,15,0,0,0,0,0,0,0,0,3,0,0,140,12,0,70,111,3,0,0,2,0,64,0,19,0,3,0,5,0,366,37,756,0,0,3,27,0,0,0,103,0,0,0,0,23,0,71,0,3,0,50,0,0,0,0,0,3,0,0,0,0,0,1,0,18,64,0,0,1,1,0,10,1,270,108,346,6,21,3,0,1,27,4,3,7,0,1,0,0,0,0,0,0,9,0,274,0,11,0,0,0,0,19,0,56,0,0,0,0,0,0,0,38,2,2,0,0,0,0,1,230,0,6,0,0,1071,0,0,17,0,0,1,0,0,0,0,3,0,0,185,31,0,7,0,0,0,0,17,949,0,64,0,0,0,0,35,0,16,0,15,0,0,0,0,0,0,0,0,0,0,0,0,0,6,0,0,0,0,0,0,0,0,0,0,0,0,0,0,0,3,24,0,8,0,9,0,3,0,0,0,0,0,0,0,0,3,1,0,0,10,0,0,95,0,0,0,239,0,0,0,0,0,0,4,0,2,0,0,1,0,0,0,0,0,8,0,0,0,0,0,0,0,76,0,165,0,3,0,1,0,0,0,0,0,2,0,10,0,0,0,0,0,0,0,0,0,0,1,0,61,0,0,0,0,177,4,0,0,0,2,0,1,0,0,0,24,0,0,4,0,0,0,0,0,0,2,0,4,0,0,2,0,14,0,0,166,33,0,6,0,0,0,5,0,0,11,0,0,0,3,42,0,1,0,0,0,19,0,0,0,0,1585,0,0,0,0,7,0,0,0,0,9,0,0,0,16,0,0,14,0,0,0,0,0,0,0,0,98,0,0,0,0,0,55,0,0,6,0,0,0,0,0,0,374,7,0,0,2,0,55,0,6,0,0,0,8
TCGA-BW-A5NP_44,0.00273972602739726,0,26,0,4,2,1,0,3,0,18,0,0,9,0,0,2,6,0,9,6,13,0,0,69,0,3,0,6,3,0,0,0,0,0,6,4,76,45,0,0,1,0,0,9,5,20,2,10,1,0,2,0,0,44,0,0,6,1,0,13,9,1,4,2,9,0,55,1,0,3,0,59,20,0,35,0,4,8,125,2,15,197,9,9,0,0,0,5,1,0,1,8,0,47,4,8,14,16,718,7,0,10,2,0,0,1,9,0,6,4,0,9,19,0,3,8,0,0,11,0,3,14,0,44,2,0,14,0,2,0,6,15,0,1,3,21,0,4,1,0,0,67,0,4,1,0,3,0,6,0,0,33,137,13,0,17,0,0,3,4,0,0,0,83,0,2,0,0,0,0,0,0,7,0,0,4,0,0,19,123,0,0,236,14,6,30,5,0,0,0,34,0,143,0,0,1,0,0,1,0,0,0,129,0,0,2,21,0,0,0,0,0,0,38,2,0,0,0,3,17,9,0,0,2,125,2,12,195,0,0,4,0,474,0,0,0,8,2,1,0,26,2,26,54,0,0,0,0,32,9,0,0,0,1,0,0,0,0,2,11,0,68,3,0,12,61,1,0,0,0,0,74,1,18,0,2,0,0,0,4,0,134,0,5,0,0,0,3,19,2,0,0,0,0,0,0,0,0,1,44,9,47,1,0,0,2,0,0,0,0,7,0,109,0,0,130,0,0,0,2,19,0,0,49,193,2,0,4,0,0,23,0,0,0,8,0,0,0,31,0,0,0,6,89,6,71,0,5,0,8,0,0,0,0,0,0,1,0,0,1,0,0,15,0,0,0,0,0,0,0,48,0,1,0,0,0,0,0,0,0,0,4,0,0,0,0,0,0,0,104,0,0,0,0,0,0,0,18,4,0,15,0,0,0,2,3,1,0,4,0,0,6,0,0,0,0,0,0,0,0,7,0,0,28,0,1,0,0,0,0,0,92,13,0,1,0,0,0,0,27,0,13,29,0,26,0,16,0,0,0,0,0,0,0,0,2,10,0,0,133,0,2,75,1,0,1,0,0,0,0,0,1,0,7,0,0,0,0,0,0,0,0,0,0,0,0,0,0,0,32,0,0,139,0,0,0,0,161,0,0,0,0,0,3,50,0,0,0,0,0,0,0,0,0,0,0,0,0,0,6,0,0,0,0,1,0,0,0,0,0,0,0,0,1,7,0,0,0,0,0,0,0,0,0,0,8,0,0,0,0,0,0,0,0,0,0,85,0,0,0,0,0,0,0,3,0,0,0,14,0,0,0,5,34,0,0,0,0,0,0,0,1348,0,0,3,0,25,0,0,0,0,0,0,0,0,0,0,0,0,0,0,0,0,29,12,0,0,0,0,0,0,0,0,1,0,0,0,0,0,0,412,0,0,0,0,5,11,0,0,0,0,0,0,0,0,0
TCGA-CC-5258_45,0.353424657534247,1,48,1,2,2,0,0,4,0,41,0,2,18,0,5,1,0,3,5,0,9,1,1,30,0,0,322,4,6,3,0,0,0,0,44,0,1,93,0,0,77,0,0,24,6,2,4,7,2,0,3,0,0,76,17,0,0,0,0,0,3,10,7,1,9,0,24,2,10,9,0,1,6,0,27,0,2,14,248,2,22,208,4,5,0,3,0,39,0,2,11,90,0,34,6,31,2,13,514,9,0,18,2,0,3,0,28,0,21,8,0,0,0,0,0,18,58,0,17,0,231,32,0,55,1,0,8,0,8,16,8,55,0,1,11,2,0,4,31,0,0,1,2,8,3,0,0,1,5,0,1,110,46,1,0,5,7,4,10,2,1,0,0,102,1,1,3,1,1,0,3,0,12,6,0,239,10,0,0,354,0,0,123,8,10,30,8,0,5,1,84,0,481,0,0,2,7,0,5,2,0,0,779,0,1,7,422,1,0,0,0,0,0,7,1,0,2,0,3,48,15,0,14,0,412,16,3,335,0,0,1,0,614,4,0,0,0,0,0,6,34,2,0,52,0,4,0,0,4,3,0,0,2,0,0,0,14,5,3,23,3,42,58,0,131,57,0,2,0,0,0,6,1,0,0,11,7,0,0,69,0,95,0,0,2,0,0,0,13,165,0,0,0,0,63,3,4,0,4,0,15,12,0,0,0,7,0,1,2,0,0,0,6589,0,0,25,0,9,0,0,0,0,19,75,108,17,37,41,0,0,47,4,0,0,0,0,0,0,0,0,0,0,0,222,1,168,0,20,0,0,0,0,0,0,0,2,0,0,0,0,1,0,177,0,35,1,0,0,0,0,40,0,2,0,19,91,0,0,11,0,0,0,0,0,0,5,0,0,0,60,0,0,0,0,0,0,1,5,228,0,22,0,0,0,0,15,0,7,0,0,0,11,0,0,0,0,0,0,0,0,0,0,0,2,0,0,0,0,0,0,0,0,2,0,1,0,0,0,0,39,3,0,12,0,14,0,16,0,0,0,0,0,0,0,4,0,6,0,0,107,0,0,3,0,0,9,0,0,0,6,0,0,0,0,0,0,0,2,0,0,0,5,0,0,0,6,0,83,0,36,0,0,628,0,2,0,0,5,4,1,4,0,0,4,9,0,0,0,0,0,0,6,0,0,0,0,0,0,0,3,0,0,0,1,0,0,0,0,0,0,0,0,0,0,12,0,0,0,0,0,0,0,0,0,0,0,0,0,3,0,0,0,0,3,0,1,17,0,3,0,0,0,0,0,0,0,0,0,0,0,0,8,3,0,0,0,28,0,0,0,0,569,0,0,0,0,0,0,2,0,0,0,0,0,0,0,0,26,0,0,29,0,0,26,0,0,0,0,0,0,0,0,0,281,0,0,0,0,0,0,243,0,2,0,0,9,0,0,11,0,0,0,3,0,0,0
TCGA-CC-5259_46,0.684931506849315,0,60,0,3,4,0,0,30,1,21,6,52,12,4,7,10,5,3,15,22,26,0,15,211,1,4,35,8,1,1,3,0,0,4,13,17,164,56,5,19,57,1,5,118,132,8,5,6,2,1,4,0,0,14,85,1,0,0,2,8,26,7,1,60,43,5,4,0,4,1,2,39,0,34,93,0,16,28,76,3,61,281,8,16,3,4,16,14,5,2,3,40,0,31,20,9,55,16,2175,13,3,13,1,0,0,3,64,0,21,15,0,14,25,4,4,590,1,0,12,7,80,1,0,142,1,0,4,0,1,81,5,46,0,2,11,73,0,2,31,0,3,417,4,10,0,0,33,1,3,0,8,77,69,8,1,0,7,0,0,2,0,0,0,20,248,4,7,4,1,0,2,0,27,3,0,16,8,0,25,3487,0,0,138,5,0,22,62,20,0,0,30,0,756,1,0,0,12,0,2,1,0,0,949,4,0,4,97,3,0,2,1,1,0,7,0,0,5,2,0,13,8,1,160,0,540,5,0,402,0,0,2,0,3835,4,0,0,0,0,4,0,83,33,38,64,3,2,0,0,26,0,0,0,0,0,4,0,0,0,8,2,0,8,67,0,23,35,0,12,0,0,0,90,3,22,0,8,0,0,0,342,36,215,0,0,6,1,0,5,5,159,0,0,0,0,0,0,32,0,14,1,2,26,0,0,0,0,0,0,0,0,0,0,64,2,1,8,2,0,5,3,0,7,1,210,176,161,2,24,0,0,1,32,0,0,2,13,0,0,9,0,0,9,1,55,4,73,0,0,0,0,0,0,0,0,7,4,0,0,0,0,0,2,90,0,6,0,0,0,0,0,103,2,34,0,0,5,0,0,44,0,0,1,0,0,0,0,5,0,2,191,0,0,5,0,0,0,0,70,602,0,90,0,0,0,0,25,2,3,0,0,0,0,0,0,1,4,0,0,2,0,0,0,0,70,0,1,0,1,0,0,0,62,1,0,0,0,0,0,0,9,4,0,13,0,1,0,55,0,0,0,0,0,0,0,0,0,0,0,0,29,0,0,1680,0,0,7,46,0,0,0,1,0,1,0,0,4,4,9,0,0,13,0,0,0,1,1,0,0,0,7,0,0,78,0,3,0,0,0,0,0,0,1,0,9,1,0,0,0,0,0,1,0,0,0,0,0,0,0,0,579,0,0,0,6,3,10,2,0,0,45,0,2,1,0,0,4,0,0,3,0,0,0,0,0,0,5,0,13,0,0,2,0,0,0,0,222,28,0,0,0,0,0,0,0,0,0,0,0,0,0,3,3,4,2,0,4,23,0,26,0,0,354,0,0,28,8,1,0,0,0,0,2,82,0,0,505,0,0,0,0,653,0,0,0,0,0,0,29,0,0,0,0,0,2962,0,0,0,0,0,0,0,0,0,0,25,9,0,1,0,302,0,0,3,0,0,1
TCGA-CC-5260_47,0.238356164383562,1,61,0,3,4,0,0,0,0,2,0,0,0,0,0,0,0,0,0,2,16,1,0,6,0,2,0,0,0,0,0,0,0,0,1,0,0,21,0,0,0,0,0,0,0,0,0,1,6,0,1,0,0,18,0,1,1,0,0,6,21,6,0,0,2,0,0,21,0,4,0,0,0,0,3,0,4,0,0,0,0,0,0,0,0,1,0,0,0,1,1,28,0,0,0,0,0,67,6589,0,0,11,1,2,0,0,0,0,7,0,0,0,0,0,0,0,0,0,0,7,0,27,0,0,2,0,2,0,0,0,1,0,0,0,4,0,0,1,0,0,0,0,0,4,1,0,0,0,2,0,0,21,0,0,0,4,0,1,0,10,0,0,0,1,2,1,0,0,0,0,0,9,2,0,0,0,0,0,0,0,0,0,0,4,0,0,0,0,0,0,0,0,0,0,0,3,2,0,2,0,0,0,1,0,0,2,0,2,0,0,0,0,0,0,0,0,0,0,0,0,16,0,0,0,0,0,0,0,0,0,1,0,0,0,0,0,17,0,5,0,0,0,0,0,0,1,0,0,28,0,0,0,0,5,1,0,0,2,0,0,0,1,9,0,0,0,5,1,0,0,0,374,0,0,1,0,0,0,0,0,0,0,0,0,0,0,0,0,4,8,0,0,0,0,0,2,0,0,0,0,0,30,0,0,0,0,0,0,0,0,10,0,3,0,0,0,7,0,0,7,0,0,7,0,0,0,0,0,0,0,0,0,0,0,0,7,0,0,392,0,0,0,11,10,0,0,0,2,0,0,0,0,0,0,0,0,1,0,0,0,0,0,1,0,0,0,0,0,0,0,0,0,0,0,1,0,0,0,0,0,0,0,0,0,0,0,0,0,0,0,0,0,0,0,10,0,0,0,0,2,0,0,0,0,0,0,0,0,0,0,0,0,0,0,10,0,0,0,0,0,26,0,0,0,0,0,0,0,0,0,1,0,33,0,0,0,0,0,0,16,0,0,0,4,0,0,0,0,0,0,0,0,22,0,0,0,50,0,0,0,0,0,0,0,0,0,0,0,0,1,0,19,0,151,0,0,9,0,108,0,0,0,0,0,18,0,0,37,0,147,0,0,4,0,0,0,4,313,0,0,0,4,0,0,194,0,0,0,0,0,0,0,0,0,0,0,0,0,0,0,0,0,0,1,0,0,0,0,2,0,0,0,0,0,0,0,0,0,46,0,0,0,0,25,0,99,0,0,0,0,0,0,0,0,0,0,29064,0,0,0,0,0,0,0,0,0,0,0,0,0,0,0,0,474,0,0,0,133,192,0,0,0,0,0,96,0,0,0,0,0,0,0,0,0,0,1,0,0,0,0,0,0,0,0,0,0,73,0,0,0,0,0,0,0,0,21,0,0,0,22,0,0,0,522,0,0,0,0,0,0,0,0,0,0,0,0
TCGA-CC-5261_48,0.265753424657534,1,44,1,2,2,0,0,1,0,46,7,1,4,4,0,1,4,0,7,11,44,0,0,29,0,19,14,10,0,0,0,0,0,0,4,33,171,102,0,0,10,0,0,3,163,14,0,5,3,0,11,2,0,38,6,0,4,1,4,8,15,3,3,1,3,0,25,0,1,3,0,3,2,0,61,0,2,4,27,0,9,48,6,0,0,0,0,8,0,0,4,24,1,105,0,8,18,101,2175,22,0,11,0,10,0,6,0,1,16,6,0,5,0,0,0,6,17,0,7,2,7,2,0,106,4,0,11,2,3,12,6,12,3,1,3,18,0,1,1,0,0,52,2,3,0,0,38,0,5,0,0,34,48,3,0,10,1,3,0,12,0,0,0,27,33,3,0,0,0,0,0,0,4,0,0,12,0,2,18,158,0,0,89,3,2,40,36,0,1,0,199,0,1348,0,0,0,0,0,3,3,0,0,157,0,0,5,32,0,0,0,0,0,0,25,0,0,0,0,4,2,33,0,0,1,422,0,2,358,0,0,0,0,1416,0,0,0,3,2,16,0,9,27,309,2,2,1,0,0,15,1,0,0,2,1,0,0,0,0,0,0,0,80,1,0,16,190,1,0,0,0,0,228,0,49,0,0,2,0,0,53,6,370,0,10,0,0,0,0,17,36,0,0,0,0,3,1,28,0,1,3,2,71,0,0,0,0,0,0,0,0,0,0,354,0,0,44,0,1,0,3,0,0,7,322,67,5,2,0,0,0,0,6,0,0,13,0,0,0,0,0,0,0,0,146,1,59,0,0,0,6,0,0,0,0,6,0,4,0,0,0,2,2,108,0,0,0,0,0,0,0,41,0,0,0,0,3,0,0,0,0,0,5,0,0,0,0,0,0,0,48,0,0,0,4,0,0,1,8,339,2,127,0,0,0,0,0,0,0,0,0,0,0,0,0,0,0,0,0,0,0,7,0,0,0,0,0,0,0,0,0,0,0,8,0,0,0,0,0,0,13,1,0,94,0,7,1,12,0,0,0,0,0,2,0,0,0,28,0,0,76,0,0,123,0,0,1,0,0,0,0,0,7,0,84,0,0,0,0,0,0,0,6,0,0,1,0,0,0,0,11,0,0,231,0,0,0,0,137,0,0,0,0,0,2,42,0,0,0,0,1,0,0,0,1,0,0,0,0,0,0,0,0,0,0,10,1,0,0,0,0,0,1,0,0,0,0,0,0,6,0,0,0,0,0,0,11,0,0,0,0,0,0,0,0,0,2,20,0,0,0,0,0,0,2,0,0,0,0,0,0,3,0,4,21,0,0,0,1,0,0,0,1025,0,0,62,11,15,0,0,0,0,0,0,0,0,1,0,0,0,0,0,0,0,14,13,0,114,0,0,0,0,0,0,83,0,15,0,0,0,0,0,0,0,0,0,0,0,0,0,0,0,0,0,0,0,0
TCGA-CC-5262_49,0.282191780821918,1,67,1,3,4,0,0,61,15,78,21,23,15,5,12,16,12,15,6,28,108,0,6,111,4,489,24,19,7,3,0,0,0,3,51,35,200,370,3,7,41,2,4,396,47,34,28,5,0,16,10,18,3,100,81,1,5,6,8,8,11,5,8,132,8,3,2,0,2,1,0,307,0,7,178,8,24,61,182,1,78,245,11,6,1,0,34,17,3,2,5,69,0,60,6,24,191,9,949,20,6,15,0,1,0,5,55,0,12,3,0,6,2,6,2,38,36,0,10,0,69,0,0,114,1,0,5,3,4,30,5,58,1,0,8,168,0,1,13,0,0,246,3,8,0,0,80,0,1,1,7,14,83,14,0,1,8,2,28,0,0,0,1,38,579,2,2,1,1,0,1,0,9,1,0,55,26,0,22,3192,0,0,238,0,0,61,19,7,32,0,53,0,985,0,0,0,5,0,0,0,0,0,291,1,0,1,103,4,0,2,0,0,0,2,1,0,3,0,0,15,9,0,23,0,1025,4,11,278,0,0,2,0,2175,3,0,0,0,0,14,0,66,93,52,48,0,0,0,0,18,2,0,0,0,1,0,0,0,2,11,0,0,29,9,0,82,109,0,2,0,0,0,7,0,16,0,13,0,0,0,281,0,339,0,0,0,4,0,3,7,207,0,0,0,0,15,0,160,0,0,6,48,19,0,0,0,0,0,0,0,0,0,0,13,2,16,13,0,0,0,0,0,0,14,56,1348,856,0,24,0,0,0,10,0,0,6,0,0,0,0,0,0,0,0,113,2,262,0,1,0,0,0,0,1,0,27,0,0,0,0,0,0,2,38,0,18,0,1,0,0,0,46,12,0,0,4,4,0,0,2,0,0,1,0,0,0,0,1,0,0,142,0,0,0,0,0,0,0,15,684,0,215,0,0,0,0,12,0,0,0,46,0,0,0,0,0,0,0,0,0,0,0,0,0,124,0,0,0,0,0,0,0,0,0,0,0,0,0,0,0,0,2,0,18,0,0,0,51,0,0,0,0,22,0,0,0,0,0,0,0,0,0,0,10,0,0,0,110,0,0,0,3,0,0,0,1,0,0,0,17,0,0,0,0,0,168,0,0,0,0,0,0,0,185,0,0,0,0,6,6,1,0,0,0,0,1,0,0,0,0,0,0,0,5,0,0,0,0,0,0,45,1,0,0,1,2,8,0,0,0,1,0,7,0,0,0,53,0,0,5,0,0,0,0,0,0,0,0,0,0,0,0,0,3,0,0,163,2962,0,1,0,0,0,0,0,0,0,0,0,0,0,13,37,0,0,0,0,0,0,28,0,0,497,0,0,35,0,0,0,0,0,0,1,0,0,0,24,0,0,5,0,0,0,1,0,0,0,8,0,0,0,0,0,0,422,0,0,2,0,0,0,0,0,0,48,0,0,6,0,2,8,0,0,0,0,0,0
TCGA-CC-5263_50,0.353424657534247,1,35,1,3,3,0,0,0,0,7,0,0,9,0,0,0,2,0,4,5,1,0,0,29,0,0,0,11,1,0,0,0,0,0,0,0,6,44,0,0,85,0,0,0,94,4,1,1,2,0,7,0,1,47,9,4,2,0,0,12,11,24,6,0,3,0,0,1,0,17,0,0,0,3,78,6,7,0,44,3,17,18,8,1,0,5,9,0,0,8,0,133,1,6,2,2,3,70,2962,1,0,11,0,7,5,0,3,3,22,1,0,7,0,0,0,0,0,0,2,11,2,11,4,178,7,0,1,8,12,0,16,112,0,2,34,0,0,7,0,0,0,17,0,27,4,0,10,4,22,0,7,16,0,24,1,0,1,5,0,7,0,0,0,1,15,6,0,2,5,0,4,0,21,0,1,37,0,0,4,53,6,1,75,8,0,7,0,0,0,0,5,1,28,0,0,13,4,5,38,0,0,0,66,1,2,6,28,7,1,0,0,1,0,1,6,0,2,0,0,0,96,0,0,0,121,0,3,31,0,0,4,0,379,0,0,1,2,0,6,0,53,7,36,24,1,8,0,2,16,0,0,0,0,6,0,0,0,6,0,0,0,0,22,0,2,4,2,6,0,0,0,128,8,44,0,0,4,0,0,0,2,31,0,0,0,0,0,0,11,335,0,0,0,0,0,0,11,0,0,31,230,15,0,1,0,0,0,0,0,1,0,0,30,0,0,0,0,0,0,0,0,0,1,13,339,1,3,3,0,0,0,6,0,0,0,142,0,0,239,0,0,0,13,14,9,12,0,10,8,0,4,1,0,0,2,0,0,0,0,1,0,0,106,0,3,0,0,0,0,0,0,0,0,0,2,0,0,0,3,0,0,4,0,0,0,0,0,0,19,3,0,0,0,2,0,0,0,0,3,0,54,0,0,0,0,0,1,0,0,0,0,6,0,0,0,0,0,8,0,0,0,0,0,50,0,0,0,0,0,0,0,0,7,0,0,0,0,0,0,44,0,0,14,2,0,0,14,0,0,7,0,0,0,0,19,15,4,0,0,32,0,0,160,0,0,0,0,0,0,1,0,0,0,7,0,0,21,2,15,0,0,0,0,0,4,0,0,0,0,9,0,0,27,0,0,0,0,14,0,0,5,0,0,0,3,0,0,0,0,1,0,0,0,0,0,0,0,0,0,0,0,0,0,0,0,3,6,0,0,0,0,0,0,0,0,0,0,0,6,0,0,0,0,1,3,30,0,0,4,0,0,0,0,0,0,0,387,0,0,0,0,0,0,0,0,0,0,0,0,0,0,76,0,10,0,0,0,0,0,0,0,86,0,0,0,222,0,0,0,0,0,2,75,0,0,0,0,0,0,0,226,0,0,0,0,0,0,58,0,1,1,0,0,701,0,0,0,0,0,0,0,0,0,0,0,0,0,0,0,0,0,0,0,0,0,0
TCGA-CC-5264_51,0.279452054794521,1,71,1,3,3,0,0,5,13,25,0,0,15,2,3,7,26,5,8,447,5,0,5,77,15,0,0,18,1,0,9,1,0,1,1,1,100,10,0,1,49,0,2,0,40,28,2,4,1,0,44,8,0,149,139,5,6,3,4,22,96,66,1,6,31,7,0,2,0,0,4,3,0,10,127,1,13,7,62,8,28,15,7,1,3,4,22,1,3,8,10,64,1,16,42,65,2,0,540,19,9,17,0,0,2,20,31,1,39,1,8,7,6,6,3,121,0,0,6,6,90,58,1,293,8,1,0,18,8,51,15,55,0,7,24,0,0,1,0,0,0,141,7,15,9,0,43,4,10,0,2,16,13,43,3,0,8,3,0,6,0,0,2,11,24,16,17,20,8,0,3,18,14,3,0,11,15,0,20,949,2,2,82,3,0,8,21,2,0,2,27,0,569,0,0,13,7,1,11,3,0,0,268,11,0,5,150,4,4,0,0,3,0,17,3,0,13,0,0,1,55,0,34,0,346,1,8,158,1,0,2,0,2725,0,0,1,0,0,4,0,253,88,0,3,0,23,0,3,0,6,0,0,0,12,0,0,2,5,0,0,0,8,8,0,39,29,0,4,0,0,0,57,0,173,0,8,8,0,3,75,226,161,0,0,0,0,0,13,0,396,0,0,0,0,37,0,67,0,0,0,12,15,0,0,0,0,1,0,0,3,0,0,756,0,1,0,8,0,0,3,0,1,0,92,246,18,0,25,0,0,49,40,0,0,0,23,0,0,28,0,0,2,1,0,4,47,0,0,36,0,0,0,0,0,0,9,0,0,0,0,0,0,104,0,1,1,0,0,0,0,0,0,20,0,1,43,0,0,7,0,0,1,0,0,1,0,0,0,0,9,0,0,7,0,0,0,0,0,168,0,243,0,0,0,0,135,0,4,6,0,0,0,0,0,0,0,0,0,0,0,0,0,0,37,0,0,0,0,0,0,0,5,3,0,0,0,0,0,0,12,5,0,106,0,0,0,61,0,0,0,0,0,0,0,5,0,11,0,0,31,0,0,0,0,4,8,0,0,0,1,0,4,0,0,0,4,1,0,19,0,3,0,0,0,9,0,0,0,0,10,0,0,154,0,0,0,0,103,0,0,0,5,0,24,0,0,0,0,0,2,0,0,0,0,0,0,0,0,0,7,0,0,0,0,46,3,4,0,0,4,0,0,0,0,0,0,0,0,7,0,0,0,0,0,0,17,0,42,6,0,0,0,0,0,0,160,143,0,0,0,0,0,0,0,0,0,0,0,6,0,0,0,0,5,1,0,0,0,0,0,0,1416,0,0,0,5,2,0,0,0,0,40,2,0,0,200,0,0,0,0,6,0,0,0,1,0,0,208,0,0,0,0,0,602,0,3,0,0,0,3,0,0,0,0,23,0,0,4,0,342,0,0,0,0,0,0
TCGA-CC-A123_52,0.6,0,24,0,3,3,0,0,2,2,10,0,13,3,1,6,7,0,1,0,0,23,0,10,138,0,0,2,25,1,1,1,0,0,0,1,8,52,80,0,1,34,1,1,4,3,8,3,4,14,0,11,1,0,36,27,1,2,0,0,1,15,12,1,1,15,0,16,1,2,6,0,12,3,16,36,0,0,6,125,4,32,151,30,11,0,6,0,8,3,4,1,14,0,32,9,0,51,8,1788,24,0,16,0,1,0,0,38,0,11,10,0,1,5,0,3,89,3,0,9,1,8,6,0,76,0,0,4,2,9,46,3,108,0,0,13,14,0,1,8,0,0,208,0,26,1,0,7,0,3,0,0,68,97,5,1,6,17,1,1,6,0,0,0,46,44,2,5,4,1,0,0,0,42,0,0,20,50,0,41,641,0,0,58,6,2,19,29,0,6,0,35,5,248,0,0,0,21,0,3,0,0,0,428,0,0,0,57,3,0,0,0,0,0,5,2,2,10,0,0,14,4,0,10,0,412,7,0,288,0,0,2,0,1113,0,0,0,0,0,0,0,37,12,25,46,0,1,0,0,2,1,0,0,0,0,0,0,6,0,2,14,1,77,3,0,27,111,0,0,0,0,0,195,5,4,0,8,0,0,0,79,0,178,0,0,4,0,0,1,0,2,0,0,0,1,8,0,10,0,2,0,4,17,0,0,0,5,0,0,0,0,0,0,1416,0,0,245,0,0,0,0,0,0,0,78,31,33,2,18,0,0,26,12,0,0,0,0,0,0,0,0,0,3,0,56,0,89,0,1,0,0,0,0,0,0,5,0,10,0,0,1,0,0,51,0,6,1,0,0,0,0,65,0,1,0,0,6,0,0,15,0,0,0,0,0,0,0,9,0,0,259,0,0,1,0,0,0,0,156,628,0,39,0,0,0,0,86,0,0,0,0,0,0,0,3,13,0,0,0,0,0,2,0,0,34,0,0,0,0,0,0,0,0,2,0,0,0,0,0,0,7,0,1,2,0,24,0,32,0,0,0,0,0,0,0,0,0,1,0,0,94,0,0,27,0,0,4,0,0,0,0,0,0,0,0,0,1,1,0,0,0,0,46,0,0,0,4,0,0,0,0,0,0,65,0,0,0,0,7,0,0,0,0,0,5,3,0,0,0,0,0,0,0,0,0,0,0,0,0,0,67,0,0,0,21,23,0,0,0,0,81,0,0,0,0,0,4,0,0,0,0,0,0,0,0,0,0,0,47,0,0,0,0,0,0,0,110,62,0,5,0,0,0,0,0,1,2,0,0,0,0,0,1,4,0,0,0,47,0,0,0,0,453,0,0,3,0,0,0,0,0,0,0,0,0,0,263,0,2,0,0,0,0,0,9,0,0,1,0,0,0,0,0,0,370,0,0,0,0,0,0,171,0,0,0,108,1,0,0,3,467,0,0,2,0,0,0
TCGA-CC-A3MA_53,0.83013698630137,1,61,1,3,3,0,0,4,3,4,4,1,3,0,0,0,0,0,0,3,1,0,0,36,2,22,7,1,0,0,0,0,0,0,4,2,7,17,1,0,7,0,0,47,22,4,0,5,0,0,1,3,0,9,2,6,2,1,0,3,3,9,0,0,3,0,11,2,0,2,0,7,1,0,6,2,0,6,14,2,7,307,2,0,1,4,4,0,0,5,0,19,0,2,0,17,31,76,9068,0,64,42,2,0,1,0,1,2,25,2,0,2,0,0,0,5,0,0,0,0,2,20,1,38,10,0,10,0,6,2,23,12,0,9,13,127,0,6,0,0,0,35,0,8,4,0,7,0,10,0,0,13,3,1,1,25,1,3,0,7,0,0,12,2,68,11,0,0,3,0,0,0,22,0,0,0,0,0,0,309,1,0,7,0,0,2,0,0,0,1,1,0,119,0,0,6,0,0,2,0,0,2,130,0,0,12,17,2,1,0,0,0,0,2,3,0,0,0,0,0,34,0,3,0,136,0,0,63,0,4,5,0,467,0,0,0,4,0,17,0,6,0,8,8,1,3,0,1,21,0,0,0,0,6,0,0,0,5,0,0,0,9,3,0,3,11,5,4,0,0,0,949,0,0,0,0,3,0,0,65,3,12,0,0,0,0,0,0,1,7,0,0,0,0,0,7,0,0,0,0,5,69,0,0,0,0,0,0,2,0,1,0,0,0,0,11,0,0,0,32,4,0,25,8,40,24,392,0,0,0,0,16,0,0,0,0,0,0,1,0,0,0,4,0,0,8,0,2,0,0,0,0,0,0,0,0,1,0,0,0,0,0,93,0,0,0,0,0,0,0,7,0,0,0,0,1,0,0,2,0,0,0,0,0,0,0,0,0,0,11,7,0,0,0,0,0,0,0,29,0,7,0,0,0,0,0,0,0,0,10,0,0,0,1,1,0,0,0,0,0,3,0,5,19,7,0,0,0,0,0,0,0,167,0,2,0,0,0,0,0,3,0,2,0,0,0,2,0,0,0,0,0,2,0,0,0,9,0,0,0,0,0,0,0,0,0,4,0,0,0,0,15,0,43,0,0,0,0,0,0,0,0,0,0,0,0,0,0,0,0,1,0,7,0,0,0,0,370,0,0,0,0,0,0,81,0,0,0,0,0,0,0,0,0,0,0,0,0,0,0,0,0,0,0,0,0,0,0,0,1,0,0,0,0,0,0,0,0,2,0,0,0,0,0,0,0,0,0,0,0,0,0,0,0,0,20,29064,0,0,0,0,0,0,0,0,0,0,0,0,0,0,4,0,1,0,0,0,0,0,1,0,0,0,0,0,0,0,0,0,0,0,0,0,0,0,78,0,0,22,0,0,0,0,0,8,0,3,0,0,0,0,0,0,0,0,31,0,0,0,3,0,0,0,26,2,2,0,0,0,45,0,0,0,0,0,0
TCGA-CC-A3MB_54,0.863013698630137,1,36,1,3,3,0,0,73,2,42,22,7,9,3,16,15,29,22,19,28,14,1,9,66,3,222,206,34,4,4,2,14,0,1,13,2,188,153,2,4,52,2,9,13,70,6,5,15,0,7,13,9,0,106,107,0,8,8,0,40,9,27,14,13,13,4,75,4,4,6,6,18,2,4,126,1,9,57,121,7,119,641,8,1,1,2,18,11,3,2,14,48,0,117,18,6,35,5,1223,28,19,29,0,3,3,0,12,2,22,4,0,16,1,0,2,43,7,0,10,9,11,0,2,99,3,0,0,7,9,53,9,69,0,5,8,44,0,7,1,0,1,122,8,10,3,0,67,3,8,0,39,40,11,19,1,0,6,1,0,0,0,0,0,39,374,5,6,5,2,0,6,6,22,0,0,21,59,0,11,316,1,0,309,4,0,80,21,1,2,1,76,0,3487,0,0,7,25,2,5,0,0,0,118,2,0,6,307,13,2,0,0,0,0,1,2,0,12,0,0,12,22,0,24,0,1025,9,9,407,0,1,5,0,4752,7,0,0,0,0,7,3,107,25,74,12,0,6,0,0,4,3,0,0,0,5,0,0,0,6,2,0,1,135,24,0,73,61,2,3,0,0,0,51,7,31,0,5,2,0,0,203,10,358,0,0,4,0,0,0,7,152,0,0,0,0,6,0,5,0,1,0,67,5,0,0,0,0,1,1,2,0,0,0,6,0,1,44,0,0,0,5,0,4,0,39,668,136,0,31,0,0,3,1,0,0,0,0,0,0,0,0,0,0,0,69,14,78,0,2,0,0,0,0,0,0,12,0,0,0,1,0,0,0,29,0,12,1,0,0,0,2,20,23,4,0,24,12,0,0,25,0,0,0,0,0,0,0,3,0,1,34,0,0,2,0,0,0,0,4,283,0,46,0,0,0,0,172,0,1,0,67,0,3,3,0,0,0,0,0,0,0,0,0,0,8,0,0,0,0,0,0,0,0,1,0,0,0,0,0,0,13,14,0,2,0,0,0,27,0,0,0,0,0,0,0,0,0,0,0,0,0,0,0,2962,0,0,0,9,0,0,0,0,0,0,0,0,3,0,0,32,0,0,0,0,0,6,0,0,0,0,7,0,0,96,0,4,1,0,0,0,0,0,0,0,0,0,0,0,0,0,0,0,0,10,0,0,0,0,0,0,7,0,0,0,1,0,6,0,0,0,0,0,0,0,0,0,1,0,0,2,0,0,0,0,0,6,11,0,4,5,0,0,0,1,0,0,29,4,0,0,0,0,0,0,0,0,0,0,0,0,0,0,0,0,0,0,0,12,0,1,1,0,73,0,0,2,0,0,0,0,0,0,24,0,0,0,20,0,1,12,0,0,0,0,16,0,0,2,2,0,0,0,0,0,531,0,0,7,0,0,0,0,0,0,0,1,0,0,0,1,16,0,0,0,0,0,0
TCGA-CC-A3MC_55,0.994520547945206,0,54,1,3,3,0,0,30,3,32,32,3,16,6,1,14,9,4,20,38,118,0,29,84,5,143,9,36,7,3,2,3,1,5,57,17,73,61,1,5,56,9,0,125,94,82,34,17,1,6,4,4,2,160,41,0,9,1,4,16,80,13,11,0,14,3,106,0,2,4,0,27,0,23,92,16,49,25,220,0,79,137,187,20,0,0,36,15,2,1,11,131,9,49,3,43,36,5,718,25,0,12,1,8,1,6,80,1,11,1,0,17,1,3,2,10,27,0,5,8,59,1,0,233,3,0,1,1,3,19,5,142,1,5,4,4,0,4,40,0,0,402,5,7,3,0,133,0,4,1,13,4,22,100,0,0,4,2,27,5,0,0,0,106,559,4,7,9,1,0,1,8,17,3,0,100,31,0,29,2342,0,0,185,0,0,79,25,14,346,1,203,0,1071,2,0,2,26,0,4,21,0,0,2175,6,0,7,90,6,0,0,0,0,0,24,0,0,5,0,0,14,15,0,1,0,1348,4,5,531,0,0,0,0,2725,2,0,0,0,0,21,0,169,10,49,180,6,2,0,2,3,0,0,0,0,2,0,0,0,2,0,7,1,121,0,0,58,72,10,4,0,0,0,259,1,9,0,2,3,1,0,433,9,332,0,0,1,3,0,1,2,263,0,0,0,0,0,0,370,0,3,0,158,5,0,0,0,0,1,0,1,0,0,0,2,0,0,2,0,0,4,0,0,0,2,245,3192,1025,0,41,0,0,0,12,0,0,3,1,0,0,0,0,0,0,0,25,7,309,0,10,0,0,0,0,0,0,17,0,0,0,0,0,0,7,73,2,16,0,0,0,0,1,5,10,0,0,21,14,0,0,9,0,0,0,0,0,0,0,0,0,0,27,0,0,0,0,0,0,0,0,856,0,210,0,0,0,0,16,0,7,0,0,0,0,0,0,0,0,0,0,0,0,0,0,0,104,0,0,0,0,0,0,0,0,0,0,0,0,0,0,0,0,4,0,53,0,0,0,9,0,0,0,0,0,0,0,0,0,0,0,0,0,0,0,641,0,0,0,0,0,0,0,1,0,0,8,1,0,10,0,92,0,0,0,0,0,270,0,0,0,0,0,0,0,70,0,0,0,1,0,0,0,0,0,0,2,0,0,0,0,0,0,0,1,0,0,0,0,0,0,0,4,0,0,0,8,54,24,7,0,0,0,0,6,0,0,0,15,11,0,2,0,0,0,0,4,0,7,0,5,0,0,0,0,0,0,0,358,1166,0,1,0,0,0,0,0,0,0,0,0,0,0,33,3,0,0,0,7,38,3,2,0,0,217,0,0,0,0,0,0,0,0,0,65,0,0,0,10,0,0,0,0,0,0,3,0,0,0,3,0,0,0,0,0,0,174,0,0,0,0,0,2,0,0,0,23,0,18,0,0,0,6,0,0,5,0,0,0
TCGA-CC-A5UC_56,0.950684931506849,1,63,1,3,3,0,0,37,11,38,8,6,10,1,8,10,2,6,4,6,28,0,6,79,4,40,11,14,7,3,0,0,0,0,14,3,32,67,2,1,46,2,1,73,19,7,2,13,1,4,1,6,4,49,52,1,3,1,2,2,9,21,15,6,7,0,21,2,7,8,0,22,2,3,85,0,0,24,146,6,26,61,9,1,0,1,9,29,2,2,3,54,1,17,8,10,111,11,985,11,94,45,0,0,1,0,33,1,23,3,0,6,0,0,1,55,3,0,18,0,140,0,0,24,3,0,21,0,7,9,20,72,0,4,9,190,0,2,7,0,0,602,1,18,6,0,26,2,5,0,30,16,18,9,2,2,8,6,12,0,2,0,0,25,145,5,0,2,3,0,3,1,31,0,0,173,6,0,4,668,1,0,179,7,11,21,10,2,4,1,99,1,1348,0,0,3,6,0,2,0,0,0,1416,0,0,5,296,6,1,0,0,1,0,2,4,0,5,0,1,46,24,0,10,0,407,9,1,262,0,0,4,0,2962,0,0,0,0,0,2,0,31,14,20,156,0,0,0,1,10,0,0,0,0,5,0,0,4,6,6,0,0,101,35,0,81,73,0,4,0,0,0,38,0,2,0,19,5,0,0,78,4,433,0,0,1,2,0,0,30,30,0,0,0,0,9,1,21,0,1,30,95,15,0,0,0,6,0,3,0,0,0,0,6589,0,0,24,0,0,0,0,3,1,2,81,235,151,9,53,0,0,104,0,6,0,0,0,0,0,0,0,0,2,0,134,0,164,0,14,0,0,0,0,4,0,1,0,0,0,0,0,0,0,180,0,0,1,0,0,0,1,63,1,6,0,14,18,0,0,13,0,0,0,0,0,0,2,4,0,0,241,0,0,0,0,0,0,2,40,259,0,20,0,0,0,0,12,0,6,0,11,0,3,0,2,7,0,0,0,0,29,1,0,0,37,0,0,0,0,0,0,0,1,1,0,0,0,0,0,0,1,1,0,4,0,20,0,35,9,0,0,0,0,0,0,18,0,0,0,0,322,0,0,106,0,0,9,5,0,0,0,0,0,0,3,0,0,0,0,0,0,0,5,0,0,1,0,0,0,0,0,0,0,124,0,0,0,0,7,5,0,0,0,0,2,16,0,0,0,0,0,0,0,0,0,0,0,0,0,0,43,0,2,1,0,0,9,0,0,0,2,0,0,0,0,0,9,0,0,0,0,0,0,0,0,0,0,0,8,0,0,0,0,0,12,0,45,50,0,10,0,0,0,0,0,43,2,0,0,0,0,0,0,10,13,0,0,15,0,4,5,0,949,0,0,4,0,2,0,0,0,0,0,0,1,0,46,0,10,16,0,12,0,0,4,4,0,4,0,0,0,0,0,0,358,0,0,0,0,0,0,104,0,0,5,6,8,2,0,4,38,0,0,1,0,0,0
TCGA-CC-A5UD_57,0.832876712328767,1,45,1,3,3,0,0,0,0,15,2,1,14,23,0,10,0,3,3,57,6,0,2,111,8,0,0,47,5,0,5,3,0,0,49,0,30,14,9,3,0,0,0,278,19,0,0,1,0,0,0,0,5,20,0,6,10,3,10,40,0,16,0,0,60,4,2,0,0,0,0,220,4,15,61,0,7,11,21,9,41,38,8,1,2,4,7,11,0,6,8,23,0,34,3,4,1,22,9068,1,0,35,2,0,4,0,33,1,52,0,0,21,0,0,0,121,0,0,0,6,0,4,2,0,7,0,0,0,12,0,17,0,0,11,21,0,0,8,0,6,0,137,9,23,7,0,383,4,8,0,3,0,52,58,6,1,17,9,21,0,0,0,0,0,172,7,0,4,4,0,3,0,24,2,0,0,0,0,10,14,1,2,0,1,0,11,0,7,0,2,9,1,92,2,1,3,2,0,1,0,0,0,49,0,0,7,0,11,2,0,0,0,0,0,6,0,4,2,0,7,40,0,0,0,1,0,8,2,0,0,5,0,151,2,0,1,1,0,15,0,0,28,19,0,6,2,0,1,13,0,0,0,0,6,0,0,0,5,1,0,0,0,2,0,1,0,0,4,5,0,0,14,0,20,0,2,3,0,0,0,0,6,1,0,0,2,0,4,2,2,0,0,0,0,0,0,0,0,0,0,0,23,0,2,0,0,0,0,4,3,0,0,0,5,0,0,1,0,1,0,0,0,2,0,2725,51,0,10,0,0,1,58,38,0,0,0,0,0,0,0,0,0,0,2,2,0,0,7,0,0,0,0,1,0,0,0,0,0,0,0,0,0,985,0,9,0,0,0,0,1,0,164,1,0,6,33,0,0,0,0,0,0,0,0,0,0,0,0,0,0,0,0,0,0,0,0,0,0,428,0,12,0,0,0,0,0,1,0,0,0,1,14,0,0,1,0,0,0,17,0,1,10,0,69,0,0,0,0,0,0,3,5426,4,0,0,0,0,0,0,0,0,0,0,0,0,0,0,0,0,44,0,0,0,0,0,5,0,0,0,2,0,0,0,0,0,0,0,0,0,0,0,2,4,0,0,0,0,0,104,0,11,0,0,0,0,0,0,0,0,0,0,0,3,0,0,0,0,0,0,1,0,5,0,15,1,0,0,0,0,0,0,0,0,0,0,0,0,0,0,0,0,0,0,0,0,1,13,0,0,0,0,3,0,0,0,0,0,0,0,0,0,0,0,0,0,0,0,12,0,0,0,0,23,0,0,0,163,0,0,2,0,0,0,0,0,0,1,0,0,0,0,0,0,12,0,0,0,0,387,0,0,5,0,0,0,0,4,0,0,0,0,0,0,0,0,0,156,0,3,0,0,0,0,0,0,1,0,0,0,0,0,0,0,0,0,0,0,0,0,11,0,0,0,38,0,0,915,0,0,2,0,8,0,0,3,0
TCGA-CC-A5UE_58,0.745205479452055,1,48,1,3,4,0,0,5,0,27,41,15,6,5,10,15,5,2,10,32,11,0,0,259,5,19,54,16,21,8,0,10,0,0,21,20,113,22,9,8,87,0,0,34,14,8,11,4,0,0,1,2,0,28,85,0,8,23,0,3,29,15,10,0,33,19,22,2,24,7,0,76,2,3,54,0,36,1,159,3,74,168,335,9,0,3,33,26,4,12,12,47,0,34,2,7,81,7,3192,27,2,30,0,4,2,6,88,1,8,4,0,7,0,1,3,36,0,0,16,25,45,15,1,120,1,0,0,1,10,92,6,1,2,6,26,18,0,4,29,0,1,23,2,34,4,0,137,1,7,0,12,10,100,32,0,0,2,3,14,5,1,0,1,127,59,5,2,3,1,0,4,6,22,1,0,12,19,0,1,342,0,0,103,1,0,39,14,3,0,2,6,0,4752,0,3,5,14,1,0,0,0,0,440,0,0,6,190,8,0,0,1,2,0,0,1,0,16,0,0,22,22,0,26,0,36,17,0,412,0,0,4,0,1680,0,0,0,0,0,1,0,127,115,91,0,0,7,3,1,0,5,0,0,0,2,0,0,0,7,1,89,0,62,64,0,31,246,0,4,0,0,0,114,0,18,0,9,2,0,1,602,0,293,0,0,0,7,0,1,4,151,0,0,0,0,0,3,37,0,0,0,6,0,0,1,0,0,0,5,0,0,0,0,1,0,4,64,0,0,0,0,0,3,12,163,428,0,4,28,1,0,0,22,11,0,0,0,0,2,1,3,0,0,0,24,7,68,0,31,0,0,0,2,0,0,4,0,0,0,0,1,0,1,106,0,33,1,0,0,0,0,85,37,0,0,68,0,0,0,0,0,0,1,1,0,0,0,0,0,1,149,4,0,0,0,0,0,0,1,0,0,18,0,0,0,0,5,0,5,0,0,0,0,0,0,23,0,0,0,0,0,6,0,0,91,0,0,0,0,0,0,0,0,1,0,0,0,0,0,0,33,1,0,8,0,13,4,77,0,0,0,0,0,0,0,0,0,12,0,0,46,0,0,1416,0,0,0,0,0,0,0,0,0,0,2,0,4,0,19,27,0,1,8,0,0,15,0,0,0,0,41,0,0,140,0,0,0,0,74,0,0,0,0,0,37,3,0,0,0,0,0,0,0,0,1,0,0,1,0,0,0,1,0,0,8,0,0,0,0,0,1,0,2,0,0,0,0,0,0,1,0,0,0,0,0,0,6,0,64,0,0,0,0,7,0,0,12,701,0,3,0,0,0,0,1,0,11,0,0,0,0,0,0,2,0,0,7,2,0,0,0,0,549,0,0,0,0,0,0,0,0,0,0,0,0,0,44,0,0,0,0,83,0,0,0,0,0,0,6,0,0,0,0,0,39,0,0,0,0,0,0,0,0,0,0,0,0,0,0,0,27,0,0,0,0,0,0
TCGA-CC-A7IE_59,0.594520547945205,1,57,1,3,3,0,0,0,0,10,0,0,3,0,0,0,1,0,0,1,29,0,0,32,1,0,0,9,1,0,0,0,0,0,10,0,4,67,0,1,15,0,0,75,0,4,1,14,6,0,0,0,0,30,4,1,4,0,0,10,0,14,0,0,6,0,59,6,16,1,0,0,6,1,11,0,3,104,111,14,0,80,12,4,0,3,0,16,3,4,3,10,0,38,3,3,8,11,2530,15,0,18,0,0,2,0,7,0,39,0,0,6,24,0,3,18,2,0,7,2,25,4,0,13,2,0,7,0,6,1,13,2,0,4,9,26,0,4,10,0,0,24,0,11,3,0,0,3,6,0,0,59,65,1,1,14,5,5,24,2,0,0,0,21,1,6,0,3,1,0,4,0,17,0,0,33,71,0,6,217,0,0,131,23,18,16,0,0,0,1,38,0,248,0,0,3,7,1,2,0,0,0,653,0,0,5,168,2,0,0,0,0,0,0,5,0,13,0,0,8,21,0,6,2,230,0,0,109,0,0,4,0,4215,0,0,0,1,6,0,0,1,7,0,111,0,2,0,0,10,0,0,0,0,2,0,0,10,2,9,17,1,549,40,0,40,172,1,1,0,0,0,43,2,0,0,30,3,0,0,117,0,253,0,0,0,3,0,0,7,4,0,0,0,0,11,2,0,0,1,20,7,38,0,0,0,7,0,1,0,0,1,0,2962,0,0,14,0,2,0,0,9,0,20,2,87,7,12,59,0,0,101,9,0,0,0,0,0,0,0,0,0,0,0,505,1,243,0,19,0,4,0,0,0,0,3,21,4,0,0,0,0,0,185,0,0,0,0,0,0,0,70,0,2,0,19,1,0,0,0,0,0,5,0,0,0,3,2,0,0,105,0,0,0,0,0,0,3,21,15,5,55,0,0,0,0,9,0,0,0,0,0,3,0,1,6,0,0,2,0,0,0,0,0,9,0,2,0,0,0,0,0,27,1,0,2,0,0,0,0,3,0,0,0,0,2,0,33,30,0,0,0,0,0,0,4,0,0,0,0,27,0,8,40,0,0,8,0,0,0,0,0,0,0,3,0,2,0,0,0,0,0,0,0,0,0,0,0,4,0,2,0,0,335,0,0,0,0,160,2,0,0,0,0,0,20,0,0,0,0,0,0,0,0,0,0,0,0,0,0,200,0,0,0,0,0,0,0,0,0,0,0,0,0,0,1,0,0,0,0,0,0,0,0,0,0,0,0,0,0,0,0,0,0,3,0,11,205,0,10,0,0,0,0,0,0,0,0,0,0,0,0,0,5,18,0,0,15,0,0,0,0,17,0,0,23,2,15,0,0,0,0,0,0,0,0,5,0,3,0,0,0,0,0,14,0,0,0,0,0,0,0,0,0,4,0,1,0,0,0,0,129,0,0,0,0,2,2,0,2,5,0,0,5,0,0,0
TCGA-CC-A7IF_60,1.77808219178082,1,59,1,3,3,0,0,259,140,87,358,41,42,33,5,10,33,8,39,22,236,2,109,302,16,55,1585,68,17,8,1,22,11,11,37,148,718,114,85,18,92,37,17,288,641,110,9,24,0,5,32,92,6,540,35,0,94,19,3,10,6,6,16,42,53,16,296,0,18,0,12,255,0,52,79,5,11,95,119,0,174,262,193,58,0,2,45,36,19,1,27,210,4,278,47,20,77,1,497,46,5,14,0,9,0,20,257,0,10,34,2,202,8,13,11,79,14,3,24,0,27,1,0,206,3,0,1,8,6,90,3,157,16,0,3,0,0,2,38,0,2,614,9,13,1,0,87,2,4,0,31,96,231,55,0,2,0,0,8,4,0,0,1,65,19,4,8,6,1,0,1,20,10,3,0,69,87,4,69,1025,1,0,474,0,0,78,6,0,829,0,61,1,2962,4,0,0,45,0,2,0,1,0,1071,0,0,4,122,3,0,0,0,0,0,58,4,0,19,0,0,42,15,3,0,0,3487,29,8,422,0,0,1,0,6589,21,0,0,0,0,9,1,332,89,125,949,0,1,0,0,2,9,0,0,0,2,0,0,0,0,4,1,4,197,4,0,76,233,10,3,1,0,0,26,1,48,0,8,0,10,1,2725,1,1113,0,0,5,13,0,4,0,346,0,0,0,0,0,0,0,0,7,0,22,2,0,0,0,0,1,6,0,6,0,0,0,0,2,106,0,7,12,7,0,0,0,124,459,9,0,58,0,0,2,31,0,0,3,0,1,0,0,0,0,0,0,0,0,92,0,5,0,0,0,0,0,0,1,0,0,0,0,0,0,2,47,1,32,0,0,0,0,14,16,0,7,0,1,6,0,0,5,0,0,0,0,0,0,0,0,0,0,32,25,0,8,0,0,0,0,31,453,0,78,0,0,0,2,56,0,19,0,235,0,1,0,4,4,0,0,0,0,0,0,0,0,0,0,0,0,0,0,0,0,0,0,0,0,0,0,0,1,0,2,0,33,2,0,0,0,5,0,0,0,0,0,0,0,0,4,0,0,0,0,0,0,0,0,0,12,0,0,0,4,0,0,0,0,12,0,0,50,0,0,0,7,0,86,1,1,0,0,4,0,0,0,0,14,3,0,49,0,0,0,0,0,0,0,0,0,3,0,0,0,0,0,0,0,0,0,0,0,12,0,0,0,0,56,5,0,0,0,0,0,2,0,0,0,0,0,1,0,0,0,0,0,0,0,0,0,5,0,0,0,3,0,0,0,2,0,0,10,0,0,0,0,0,0,33,0,0,0,0,1,0,1,1,0,0,9,0,0,0,0,34,0,0,0,0,0,0,0,0,0,0,5,0,0,1,0,0,0,12,0,0,5,0,0,0,14,0,0,0,0,0,0,0,0,0,15,0,0,0,0,0,0,65,0,54,4,0,0,0,0,0,7,0,0,0
TCGA-CC-A7IG_61,0.819178082191781,1,47,1,2,2,0,0,0,0,8,0,0,0,1,0,0,0,0,1,1,9,0,0,42,0,95,0,6,0,0,0,0,0,0,8,2,24,55,0,0,6,0,5,0,19,6,0,2,1,0,2,0,6,54,0,6,0,0,1,10,3,15,0,0,17,0,0,2,0,33,0,0,2,2,29,0,6,0,44,11,21,48,0,2,0,7,8,19,0,8,0,4,0,13,12,2,9,38,6589,1,0,59,1,3,4,5,1,2,29,3,0,3,0,0,3,3,0,0,2,3,2,14,0,77,6,0,9,0,10,0,34,23,0,5,18,0,0,6,0,0,0,27,0,35,2,0,2,4,12,0,2,16,3,6,4,11,0,3,0,0,0,0,0,1,22,8,0,0,10,0,6,0,66,0,0,3,0,0,18,167,0,1,14,4,0,3,4,1,4,0,13,0,58,0,0,0,4,0,7,0,0,0,228,0,0,8,15,18,0,0,0,0,0,7,8,0,0,0,0,5,35,0,1,2,34,0,0,62,0,0,6,0,106,0,0,0,1,0,2,0,51,12,0,0,5,7,0,2,18,1,0,0,6,3,4,0,2,10,0,0,0,6,37,0,13,6,0,11,0,1,0,187,3,6,0,0,3,0,0,49,0,93,0,10,0,0,0,0,16,52,0,0,0,0,0,1,7,0,11,39,2,4,3,6,0,0,0,0,1,0,0,0,31,0,0,1,0,15,0,0,0,0,0,131,119,7,1,3,0,0,6,4,0,0,0,13,0,0,6,0,0,0,1,68,3,43,0,1,0,2,1,0,0,0,57,0,2,0,0,0,0,0,33,0,0,3,0,0,0,0,12,0,0,0,0,0,0,0,15,0,0,5,0,0,0,1,0,0,3,28,0,0,0,8,0,0,0,0,17,1,42,0,0,0,0,0,1,0,1,0,0,4,0,0,0,0,0,0,0,0,1,0,0,10,0,0,0,0,0,0,0,0,7,0,0,0,0,0,0,4,1,0,8,0,0,0,3,0,0,1,0,0,0,0,0,6,7,0,0,27,0,0,3487,0,0,0,0,0,0,0,0,0,0,2,0,0,1,0,2,0,0,0,0,0,0,0,0,0,0,31,0,0,142,0,0,0,0,1,1,0,2,0,0,5,0,0,0,0,0,2,0,0,0,0,0,0,0,0,0,12,0,0,0,2,0,12,0,0,0,0,0,0,0,0,4,0,0,0,3,0,1,0,0,0,0,5,0,0,0,0,0,0,0,0,0,3,102,0,0,0,0,0,0,1,0,1,0,0,0,0,0,0,0,1,0,0,1,1,0,0,0,319,0,0,10,0,0,0,0,0,0,0,0,0,0,6,0,0,0,0,302,0,0,0,2,0,0,0,0,0,0,0,0,259,0,0,0,0,0,0,5,0,0,1,0,0,0,0,0,0,0,0,0,0,0,0
TCGA-CC-A7IH_62,1,0,58,1,3,3,0,0,28,85,97,125,47,32,129,2,32,42,26,20,132,45,6,43,459,2,540,155,112,32,8,30,16,1,7,28,64,195,87,32,37,255,14,13,653,417,25,19,8,0,4,37,44,8,95,25,0,76,30,33,35,125,0,11,47,63,9,101,0,14,0,4,668,0,83,55,4,9,72,447,0,188,220,32,26,25,0,66,40,11,0,13,116,5,68,18,92,453,0,207,14,3192,2,0,0,0,3,77,0,2,99,4,56,1,0,12,559,13,0,21,1,163,0,0,206,0,4,0,4,0,141,2,407,8,0,1,1071,0,0,41,9,2,779,28,0,0,0,43,0,1,9,45,281,159,59,0,0,60,0,48,0,0,1,2,86,718,0,8,13,0,2,0,9,2,6,0,86,14,0,21,1223,0,0,82,0,0,83,33,3,0,0,38,1,4752,0,3,0,14,0,0,79,0,0,1495,0,0,0,579,0,0,0,0,0,0,2,0,0,12,0,0,23,3,1,22,0,118,3,2,856,0,2,0,0,2962,7,0,0,0,0,6,1,332,49,122,91,0,0,0,0,0,12,0,0,0,0,0,0,0,0,3,0,0,217,0,0,112,272,1,0,5,7,0,0,0,27,0,51,0,1,4,549,12,514,0,0,1,0,0,9,0,684,2,1,0,0,5,0,239,0,7,0,0,0,0,0,0,0,0,11,29,21,0,0,0,12,1,31,14,0,0,4,0,32,0,383,374,47,0,42,0,0,5,43,9,0,2,0,2,2,0,0,0,1,0,0,0,17,0,3,0,0,0,0,0,0,0,0,0,0,6,0,0,0,37,0,13,0,9,0,0,5,60,45,16,0,13,19,0,0,235,0,0,0,4,0,0,0,4,0,0,167,6,0,0,0,0,0,0,10,236,0,202,1,0,0,5,57,0,0,0,17,0,0,2,11,0,0,0,0,0,0,0,0,0,481,0,0,0,5,0,1,0,26,1,0,0,0,1,0,0,8,0,0,11,0,0,0,197,0,0,3,0,0,0,0,0,0,0,0,0,0,0,0,0,0,0,0,55,4,0,0,0,0,1,0,0,0,0,0,10,0,18,0,0,0,3,0,0,0,0,1,0,0,0,0,0,0,0,0,24,0,0,0,0,0,0,0,0,0,0,0,0,0,0,0,0,0,0,0,0,12,3,21,4,2,49,0,0,0,0,1,0,0,0,0,0,0,2,0,0,0,0,0,7,0,0,0,0,0,0,7,0,0,27,0,0,19,0,0,0,1,0,3,0,0,0,0,0,0,0,1,27,0,0,0,0,0,0,0,185,4,0,91,0,0,0,0,0,9,0,0,0,3,0,0,0,5,48,0,56,0,0,0,0,0,0,0,2,0,0,0,0,0,0,3,0,0,19,0,0,2,0,0,0,18,0,13,95,0,2,0,0,291,0,0,2,52
TCGA-CC-A7II_63,1.09315068493151,0,54,1,3,3,0,0,0,0,0,0,0,0,0,0,0,0,0,0,0,0,0,0,10,0,0,0,0,0,0,0,0,0,0,9,0,0,12,0,0,1,0,0,0,0,0,1,3,0,0,0,0,0,1,0,6,8,0,0,0,0,56,0,0,0,0,0,3,0,22,0,0,7,0,0,0,0,0,0,11,0,0,7,0,0,6,67,0,0,20,0,0,0,1,0,0,0,28,1348,0,0,100,2,0,6,0,0,5,104,0,0,7,13,0,0,0,0,3,0,0,0,0,4,0,8,0,4,0,16,0,25,0,0,7,59,0,0,5,0,0,0,0,0,21,17,0,0,5,8,0,0,0,5,5,3,4,8,14,0,5,4,0,0,0,0,8,0,0,5,0,9,0,49,0,0,0,0,0,0,0,1,3,0,9,3,0,0,0,1,3,4,0,0,0,0,8,0,4,4,0,0,0,116,0,6,16,0,11,3,0,6,1,0,0,7,0,0,4,2,0,35,0,0,0,0,0,0,45,0,0,4,0,0,0,0,2,3,0,0,0,0,0,0,0,4,7,0,3,7,0,0,0,0,14,0,11,18,8,0,20,1,0,31,0,0,0,0,7,0,0,0,222,0,0,0,0,2,0,0,0,0,0,0,6,0,0,0,0,10,0,0,0,0,0,0,6,0,0,0,9,0,23,0,7,0,1,0,0,8,0,3,0,207,0,0,0,0,0,0,0,4,0,26,0,72,0,1,12,0,1,5,9,0,0,0,0,0,0,13,0,0,0,1,0,0,0,0,20,0,0,0,0,0,0,0,2,0,0,0,0,0,0,168,0,0,3,0,0,0,0,21,0,0,0,0,0,0,0,0,0,0,2,0,0,6,0,0,0,0,0,0,0,0,0,0,0,6,0,0,0,0,0,1,0,0,0,0,0,0,0,0,0,0,0,0,0,0,9,0,0,5,0,0,6,0,0,0,0,0,0,0,0,0,0,35,0,0,0,0,1,0,0,0,0,4,0,0,3,0,0,0,0,0,0,3,0,0,0,0,8,0,0,6,2,0,4,0,0,0,0,0,0,0,2,0,0,1,2,0,0,0,0,0,0,0,7,3,0,3,87,0,0,2,0,0,0,0,18,0,0,0,0,0,0,1,0,0,0,0,0,0,0,0,0,0,0,0,0,0,23,0,0,0,0,0,0,2,0,0,20,0,0,0,4,0,0,0,0,2,3,0,0,0,0,0,0,0,29,0,0,0,0,0,0,0,0,111,0,0,0,0,0,0,0,13,0,0,0,42,0,0,0,0,1,0,4,0,0,0,0,0,27,0,1,0,11,0,0,0,0,0,0,0,0,0,236,0,0,0,0,59,0,0,11,0,0,0,0,0,0,0,0,0,949,0,0,0,0,0,0,803,0,0,0,65,0,0,0,0,736,0,0,0,0,0,0
TCGA-CC-A7IK_64,0.717808219178082,1,59,1,3,3,0,0,21,149,42,19,102,29,13,0,22,1,23,17,226,7,1,20,949,15,412,0,53,16,2,6,12,5,3,51,5,223,4,23,18,118,57,0,354,151,4,13,7,0,0,4,0,0,39,19,0,32,8,11,22,4,8,5,53,116,5,17,0,4,0,4,374,0,40,28,1,40,133,246,1,135,153,93,10,13,1,29,23,1,4,4,90,0,92,8,56,250,2,235,15,2027,13,0,4,2,0,83,0,5,1,0,35,0,0,8,81,0,0,6,5,169,0,0,23,2,1,0,0,2,4,4,114,4,3,23,259,0,2,46,2,0,366,0,10,0,0,134,1,4,12,5,6,94,41,0,0,10,1,160,0,0,0,4,36,447,6,3,15,0,1,3,0,8,1,0,55,62,0,24,50,0,0,93,0,0,82,6,0,0,2,30,0,2962,0,0,2,0,0,4,0,0,0,422,0,0,4,332,0,0,0,0,0,0,1,0,0,10,0,0,12,26,0,0,0,160,3,11,43,0,0,1,0,3192,0,0,0,0,0,0,0,3,71,86,222,0,0,0,0,0,5,0,0,0,2,0,0,0,1,1,0,1,24,0,0,67,205,0,1,0,12,0,0,0,10,0,5,4,0,0,17,2,253,0,0,0,0,0,0,0,109,1,1,0,0,0,0,2,0,0,0,0,2,0,0,0,0,1,4,0,8,0,0,0,10,2,3,1,0,99,0,0,0,0,34,9068,0,0,40,0,0,0,47,6,0,0,0,1,7,0,0,0,0,0,0,0,33,0,26,0,0,0,0,0,0,0,0,0,0,0,0,0,0,40,0,14,0,7,0,0,1,11,278,0,0,42,379,0,0,0,0,0,0,5,0,0,0,8,0,0,182,0,0,0,0,0,0,0,17,641,0,87,0,0,0,4,0,0,4,0,0,0,0,0,0,0,0,0,0,0,0,0,9,0,779,0,0,0,0,0,0,0,92,0,0,0,0,1,0,0,2,0,0,0,0,0,0,37,12,0,6,0,0,0,0,0,0,0,0,0,46,0,0,0,0,0,0,0,0,0,0,0,0,0,0,0,0,0,0,102,0,12,0,0,0,3,0,0,0,0,0,0,0,0,0,0,0,0,0,4,4,0,0,0,0,0,1,0,0,0,0,0,0,0,0,0,0,0,0,0,49,5,0,0,0,33,0,2,0,0,7,0,0,0,0,0,0,2,0,0,0,0,0,0,0,0,0,0,20,0,0,0,0,2,0,0,0,885,0,0,2,0,0,0,0,0,0,4,0,0,0,0,0,0,0,0,0,0,0,35,0,0,213,0,0,0,0,23,13,0,0,0,1,0,0,0,83,80,0,12,0,0,2,0,0,0,0,0,0,0,0,0,0,0,0,0,0,0,0,0,38,0,0,0,0,0,0,263,0,6,40,0,497,0,19,75,0
TCGA-CC-A7IL_65,0.761643835616438,1,61,1,3,3,0,0,231,55,114,236,41,37,93,16,53,37,44,38,173,134,4,29,779,25,2175,467,95,55,16,3,10,14,8,64,26,332,653,43,39,38,19,4,985,199,44,49,25,1,11,14,29,5,370,113,0,42,20,0,18,65,1,14,49,23,7,319,0,31,0,2,396,0,57,58,0,31,202,276,0,131,223,278,24,5,0,140,21,10,1,23,31,3,163,12,39,216,0,62,32,2027,7,0,17,0,0,101,0,4,23,1,58,18,12,8,313,195,1,15,0,57,1,0,70,0,1,0,2,2,28,3,417,27,1,1,226,0,0,46,7,2,579,2,3,2,0,540,0,3,7,52,58,187,37,0,0,18,1,49,1,0,0,3,157,514,2,8,2,0,2,0,6,9,2,0,143,142,0,63,684,0,0,440,0,0,120,8,0,134,0,53,4,3835,1,0,0,16,0,1,1,0,0,1223,0,0,1,212,2,0,2,0,0,0,194,0,1,7,0,0,48,8,1,14,0,1282,45,55,206,0,0,1,0,3192,3,0,0,0,0,16,2,36,62,43,149,0,0,3,0,0,7,0,0,0,1,0,0,0,0,5,0,2,168,0,0,106,288,1,1,0,3,0,0,0,3,0,13,0,9,1,569,0,474,0,0,6,7,0,5,0,354,0,0,0,0,36,0,64,0,2,0,55,0,0,0,0,0,1,11,0,1,0,0,0,4,4,122,0,0,16,10,0,0,0,268,1416,46,0,34,4,0,0,35,0,0,6,0,6,5,0,0,0,1,0,0,0,81,0,0,0,0,0,0,6,0,5,0,0,0,0,0,0,3,1,1,48,0,5,0,0,4,152,97,2,0,12,342,0,0,11,0,0,0,6,0,0,0,5,0,0,250,0,0,0,0,0,0,0,14,4215,0,114,0,0,1,0,0,0,30,0,85,0,0,1,0,0,0,0,0,0,0,0,0,0,362,0,0,0,0,0,8,0,0,0,0,0,0,0,0,16,5,0,0,4,0,0,0,34,0,0,0,0,0,0,0,0,2,9,0,0,0,0,0,3,0,0,0,57,0,0,0,0,0,0,0,1,4,0,0,39,0,0,0,1,0,2,0,0,0,0,0,0,0,45,0,70,0,0,38,48,0,0,0,0,0,0,0,0,1,0,0,0,0,2,0,0,0,0,0,0,3,4,4,0,5,23,3,0,0,0,1,0,0,0,0,0,1,9,0,0,0,0,0,0,0,0,0,0,0,0,0,0,6,20,0,0,0,96,0,4,2,0,0,0,0,0,0,0,0,0,0,60,0,0,0,0,0,23,0,20,0,0,63,0,0,2,0,0,0,0,0,0,0,0,0,0,0,0,0,177,0,0,9,3,0,0,0,0,0,0,0,0,0,0,0,0,0,0,0,0,0,0,0,0,92,0,19,24,3,0,0,0,31,0,0,7,0
TCGA-CC-A8HS_66,0.821917808219178,1,18,1,3,3,0,1,0,0,23,0,0,6,9,4,3,43,1,15,9,9,0,2,76,9,7,0,7,0,0,0,0,1,0,0,6,38,11,0,8,2,0,0,1,13,19,1,10,2,0,8,0,1,20,7,2,4,0,1,30,0,17,6,4,26,0,0,0,4,3,0,0,7,3,66,2,0,10,65,4,7,143,15,9,0,1,0,8,1,2,5,5,0,41,5,16,18,21,1680,54,0,7,0,6,0,2,52,4,46,0,0,1,1,0,2,4,6,0,10,2,0,89,1,39,7,0,2,7,4,3,24,0,11,9,7,0,0,8,6,0,0,402,6,12,1,0,43,8,7,0,15,0,29,20,0,3,2,1,0,4,0,0,0,22,33,10,1,6,4,0,3,0,15,0,0,8,0,0,6,3,2,0,453,3,8,52,64,0,0,1,175,0,569,1,0,2,8,1,6,0,0,0,1788,0,0,3,103,2,0,0,2,0,0,15,1,0,20,0,1,14,51,1,0,5,440,0,10,559,0,0,3,0,3487,2,0,1,2,7,0,0,2,27,22,0,5,2,0,2,3,9,0,0,0,7,0,0,2,2,0,21,1,4,0,0,0,75,0,4,0,0,0,118,0,22,0,3,10,0,0,11,24,614,0,0,1,0,0,7,6,5,0,0,0,0,20,1,42,0,4,37,15,47,0,2,0,0,0,0,3,1,0,0,362,0,0,66,0,0,0,9,0,0,0,149,286,0,4,19,0,0,9,11,0,0,0,0,0,0,0,2,0,0,5,67,3,27,0,0,0,0,10,0,0,0,12,0,3,0,0,14,0,0,150,0,0,1,0,0,0,0,9,0,4,0,1,1,0,0,0,0,0,4,0,0,0,0,0,0,0,29,0,0,0,3,0,0,8,0,9,0,100,0,0,0,0,148,0,1,1,0,0,3,0,3,1,0,0,0,0,0,3,0,0,60,0,0,0,0,0,0,0,0,2,0,0,0,0,0,0,22,12,22,21,0,7,0,20,6,0,0,0,0,0,0,2,0,1,0,0,779,0,0,0,1,0,14,0,0,0,0,0,0,0,0,0,0,0,0,4,0,0,7,0,0,0,14,0,0,0,2,0,0,35,0,0,0,0,14,0,0,0,0,0,4,0,0,0,0,0,2,0,0,0,0,0,0,0,0,0,5,0,0,0,0,0,0,0,0,0,0,0,4,0,0,0,0,0,1,2,8,0,0,0,0,0,0,0,0,0,0,0,2,0,0,0,0,0,0,1,0,0,0,0,0,0,8,0,0,0,0,0,0,1,0,0,0,0,0,0,0,0,684,0,0,0,0,0,0,0,0,0,1,0,0,0,1,0,0,0,0,128,0,0,145,15,0,0,0,0,0,0,0,0,86,0,0,0,0,0,2,0,0,0,0,0,7,0,0,0,0,0,0,14,0,0,0
TCGA-CC-A8HU_67,0.942465753424658,1,39,0,3,3,0,0,32,2,41,11,4,15,5,2,7,15,4,24,24,68,0,9,141,36,38,6,6,9,0,3,3,3,19,1,3,36,12,4,11,37,3,4,144,0,30,3,7,2,8,1,0,0,33,111,1,6,8,0,11,19,41,1,44,7,15,50,0,15,0,5,1,0,10,33,0,6,3,91,6,58,245,63,2,0,3,8,27,1,7,14,22,0,122,105,9,0,0,736,30,0,16,0,5,2,17,0,0,35,3,2,4,3,8,1,10,38,3,5,6,2,6,0,98,2,0,1,0,10,16,15,127,0,5,11,0,0,4,13,0,0,102,3,14,2,0,19,3,8,0,0,39,121,10,2,0,2,1,0,2,0,0,0,81,0,10,9,1,2,0,4,2,17,0,0,8,29,0,15,342,1,0,205,7,4,92,8,0,19,0,96,0,1585,0,0,3,9,0,2,0,0,0,474,10,0,1,97,6,4,0,0,0,0,47,2,0,3,0,0,24,34,0,11,0,2175,0,16,206,0,0,5,0,1495,0,0,1,0,0,0,0,21,101,43,172,0,7,0,0,0,5,0,0,0,1,0,0,0,4,0,0,0,83,5,0,59,17,3,5,0,4,0,52,4,19,0,0,2,1,0,252,4,335,0,0,1,9,0,0,0,0,0,0,0,0,17,0,0,0,4,0,11,2,0,2,0,0,0,0,0,0,0,0,3192,0,0,8,0,0,0,0,0,0,0,62,80,20,0,16,0,0,79,34,0,0,0,0,0,0,0,0,0,0,0,2,16,171,0,5,0,0,1,0,1,0,47,1,0,0,0,0,0,0,197,0,18,2,1,0,0,0,30,0,12,0,0,31,0,0,0,0,0,0,0,0,0,0,0,0,0,9,2,0,3,0,0,0,0,16,1282,0,181,0,0,0,0,118,0,7,3,0,3,2,0,0,0,0,0,0,0,0,2,0,0,0,0,0,0,0,0,0,0,0,0,0,0,0,0,0,0,3,8,0,46,0,46,0,0,21,0,0,0,0,0,0,5,0,0,0,0,26,0,0,489,0,0,8,0,0,0,0,0,0,0,0,0,2,0,0,0,0,0,10,0,0,0,0,0,0,0,6,0,0,2,0,0,0,0,2,1,0,0,0,0,27,0,0,0,0,0,0,0,0,0,0,0,0,0,0,0,0,0,0,0,0,38,8,0,0,0,8,0,0,0,0,7,0,0,0,0,0,0,0,0,1,0,1,0,0,2,0,2,0,0,0,0,0,128,0,7,0,0,0,0,0,11,22,0,0,0,0,6,0,0,0,0,0,7,0,0,0,0,1680,0,0,0,0,0,0,0,0,0,3,0,0,0,20,0,0,0,1,0,0,0,10,5,0,0,1,0,0,0,0,0,0,0,0,0,0,0,1,48,0,0,0,0,15,0,12,0,117,0,0,0,0,0,0
TCGA-CC-A8HV_68,0.764383561643836,1,51,0,2,2,0,0,0,0,13,0,0,0,0,0,0,1,0,2,0,7,0,0,21,0,6,0,2,1,0,0,0,0,0,4,1,1,127,0,0,35,4,4,0,3,24,1,0,3,0,1,0,3,53,0,3,2,3,0,1,0,7,6,0,2,0,9,0,0,16,0,0,11,3,53,0,0,4,44,3,3,31,0,0,0,1,5,7,2,2,0,2,0,2,12,2,0,13,5426,33,0,16,0,3,0,0,3,1,19,0,0,8,0,0,0,1,0,0,2,34,0,1,0,111,6,0,4,1,2,21,6,153,0,4,6,12,0,2,0,0,0,0,0,8,0,0,38,0,2,0,0,6,18,4,1,0,4,0,0,10,1,0,0,43,36,2,0,0,1,0,3,0,17,0,0,2,0,0,6,304,1,0,94,14,2,7,16,14,0,0,57,0,145,0,0,2,6,0,3,0,0,0,66,0,0,3,40,1,0,1,0,0,0,1,3,0,2,0,0,7,16,0,0,3,93,0,0,161,0,0,1,0,856,0,0,0,3,15,9,6,68,0,2,0,0,0,0,0,32,12,0,0,1,2,0,0,9,0,0,12,0,55,28,0,13,46,0,0,0,0,0,335,0,13,0,0,2,0,0,9,0,87,0,0,0,0,0,0,11,4,0,0,0,0,0,1,0,0,1,29,0,11,0,5,0,2,0,0,0,0,0,0,96,0,4,0,0,0,0,0,1,0,102,112,112,11,0,5,0,0,0,12,0,0,4,0,0,0,4,0,0,0,4,80,17,166,0,0,0,0,0,0,0,0,75,0,6,0,0,0,0,0,13,0,0,0,0,0,0,0,33,0,0,0,0,0,0,1,0,0,0,3,0,0,0,0,2,0,0,46,0,0,0,5,0,0,2,0,0,0,133,0,0,0,0,15,0,0,0,0,0,0,0,0,0,0,0,0,0,0,4,1,0,24,0,0,0,0,0,0,0,0,2,0,0,0,0,0,0,41,5,0,12,0,1,0,3,0,0,0,0,0,0,0,2,1,13,0,0,94,0,0,701,0,0,0,0,0,0,0,0,2,0,14,0,0,4,0,0,0,0,0,0,0,0,0,0,0,0,6,0,0,422,0,0,0,0,253,0,0,15,0,0,3,6,0,0,0,0,0,7,0,0,0,0,0,0,0,0,6,0,0,0,1,0,9,0,0,0,1,0,6,0,0,0,0,0,6,1,0,0,1,0,0,0,20,0,0,0,0,0,14,0,0,0,3,3,0,0,0,0,0,0,6,3,0,0,0,0,0,0,0,4,47,0,0,0,0,0,0,0,407,0,0,15,1,0,0,0,0,0,0,20,0,0,13,0,0,0,0,0,0,0,22,2,0,1,0,0,0,0,0,0,374,0,10,0,0,0,0,73,0,0,0,0,0,0,0,0,1,0,0,0,0,0,0
TCGA-CC-A9FS_69,0.578082191780822,0,55,1,2,2,0,0,197,246,168,325,42,32,63,17,13,117,13,23,38,71,4,39,88,33,718,13,60,42,14,11,13,8,17,69,74,569,87,86,20,71,11,26,602,346,178,22,38,0,6,52,48,10,140,165,0,87,15,0,14,108,0,3,53,19,5,83,0,21,13,8,120,0,31,60,3,33,42,366,0,96,379,628,32,3,0,12,41,16,0,38,21,7,109,12,87,142,2,489,88,293,7,0,26,0,2,208,0,5,16,0,19,1,1,10,207,19,1,21,0,61,0,0,265,0,3,0,11,1,428,2,319,10,0,0,288,0,0,22,2,2,985,26,2,0,0,225,0,0,0,37,131,222,37,0,0,10,0,0,0,0,0,0,132,316,0,13,6,0,0,0,0,2,4,0,58,114,1,2,1788,0,0,358,6,0,73,32,3,272,0,129,0,1902,8,1,0,43,0,0,4,0,0,2342,0,0,0,171,0,0,4,0,0,0,6,0,0,7,0,0,50,3,3,24,0,2027,42,4,653,0,2,0,0,6589,64,0,0,0,0,14,1,281,106,57,402,0,0,1,0,0,0,0,0,0,0,0,0,0,0,10,0,4,213,0,0,39,362,12,0,0,0,0,23,0,31,0,28,1,0,10,915,116,505,0,0,2,6,0,6,0,37,0,1,0,0,84,0,117,0,0,0,80,11,0,0,0,0,7,1,6,13,0,1,0,0,15,57,0,0,0,26,0,3,0,73,522,2530,0,18,0,0,8,9,0,0,5,4,0,0,0,0,0,0,0,15,0,115,0,6,0,0,0,0,0,0,13,0,0,0,0,0,0,4,59,0,12,0,0,0,0,13,8,46,0,1,33,21,0,0,37,0,0,0,0,0,0,0,9,0,0,2,0,0,16,0,0,0,0,37,1,0,856,0,0,1,2,42,0,0,0,7,0,0,5,20,5,2,0,0,0,0,0,0,0,179,0,0,0,1,0,9,4,0,3,0,0,0,7,0,0,0,20,0,0,0,2,0,113,4,0,0,0,8,0,0,0,0,0,0,0,0,0,0,0,0,0,2,4,9,0,0,4,0,0,3,53,14,0,0,8,0,2,2,0,0,98,0,0,0,0,0,0,0,6,0,7,6,9,56,0,0,0,0,0,0,0,0,30,5,0,0,0,0,0,0,0,0,0,0,0,40,0,0,4,2,19,7,4,0,0,0,0,0,0,0,0,74,0,0,0,0,0,0,15,0,0,0,0,7,0,0,0,0,137,0,2,16,9,0,0,3,0,0,0,0,0,1,0,0,0,0,0,0,0,0,0,0,8,0,42,17,0,1495,0,0,0,0,2,0,0,0,0,0,0,0,0,4,12,3,130,0,0,0,0,10,0,0,1,0,0,0,0,0,0,8,0,13,0,0,0,0,0,0,0,219,0,0,0,0,10,2,0,0,0,0,0,0
TCGA-CC-A9FU_70,0.00273972602739726,0,52,0,3,3,0,0,0,0,11,0,3,4,2,0,2,0,3,11,8,5,0,0,137,2,0,0,2,1,0,0,0,0,0,1,1,17,8,0,0,49,0,0,9,0,0,7,4,2,0,0,0,0,83,0,0,0,2,0,3,9,28,4,1,5,0,0,0,4,5,0,56,1,3,42,0,0,4,117,7,33,202,9,1,0,1,0,1,1,7,0,5,0,21,1,11,0,14,949,7,0,21,0,0,2,0,4,1,40,5,0,10,0,0,0,36,5,0,7,0,14,4,0,175,7,0,30,0,9,78,15,1,0,5,21,128,0,5,6,0,0,6,0,15,2,0,8,2,7,0,0,33,77,1,1,15,7,2,0,4,0,0,0,57,0,7,0,0,2,0,3,0,21,0,0,16,18,0,0,296,0,0,99,14,10,19,24,0,0,0,44,0,286,0,0,2,2,0,6,4,0,1,387,0,0,5,119,4,0,0,0,0,0,2,1,0,0,0,1,11,27,0,2,1,79,0,4,156,0,0,4,0,915,0,0,0,1,5,0,1,1,6,26,45,6,4,0,0,6,3,1,0,0,0,10,0,20,2,0,0,0,5,16,0,52,91,0,4,0,0,0,152,0,4,0,0,4,1,0,14,0,140,0,0,0,0,0,1,27,0,0,0,0,0,18,2,0,0,1,57,0,20,0,0,0,2,0,0,0,0,0,0,467,0,0,166,0,0,0,0,4,0,0,132,73,0,3,25,0,0,143,4,0,0,0,2,0,0,12,0,0,0,5,87,3,206,0,7,0,7,5,0,0,0,0,13,2,0,0,0,0,3,125,0,8,1,2,0,0,0,98,0,5,0,0,0,0,0,10,0,0,6,0,0,0,28,12,0,0,82,0,0,1,0,0,0,0,28,42,0,68,0,0,0,3,14,0,0,1,0,0,48,0,0,0,0,0,1,0,0,4,0,0,15,0,0,0,0,0,0,0,0,3,0,0,1,0,0,0,18,3,0,21,0,13,1,7,8,0,6,0,0,0,0,9,0,15,0,4,383,0,0,19,0,0,4,0,0,0,0,0,0,0,0,0,2,0,0,0,0,0,0,0,0,0,0,0,0,0,0,0,0,142,0,0,0,4,10,2,1,0,0,0,0,9,2,0,0,0,0,0,0,0,0,0,0,0,0,0,0,0,2,0,1,12,0,0,0,0,2,0,0,1,0,2,0,0,0,0,0,0,3,0,0,0,0,0,1,1,0,0,0,0,0,0,26,38,0,1,0,0,0,0,0,47,8,0,0,0,0,0,0,6,0,0,0,1,0,0,0,0,2530,0,0,0,0,9,0,0,0,0,0,0,0,0,23,0,2,0,0,0,0,0,15,0,0,0,0,0,0,0,0,0,131,0,0,0,0,0,0,346,0,0,0,0,2,21,0,0,19,0,0,0,0,0,0
TCGA-CC-A9FW_71,0.679452054794521,0,68,1,3,3,0,0,0,0,25,0,6,14,13,2,1,3,14,13,13,14,0,0,78,6,0,0,14,16,0,1,2,1,4,10,8,30,20,2,3,40,0,0,172,0,5,0,6,1,9,13,0,0,47,46,0,0,5,2,31,40,4,6,2,6,3,0,0,8,15,0,46,0,6,53,4,2,70,168,3,28,40,2,4,7,0,0,4,2,0,31,12,0,33,8,15,10,4,447,35,0,10,1,0,0,0,22,0,7,1,0,4,0,0,1,77,1,0,7,5,24,11,0,44,0,0,4,2,0,8,3,6,0,0,1,641,0,0,35,1,1,70,13,3,0,0,14,1,0,0,0,0,276,11,0,5,6,0,1,0,1,0,0,140,2,0,0,0,0,0,1,4,5,0,0,26,226,0,15,1680,0,0,110,10,10,43,29,0,0,0,19,1,1113,0,0,0,6,0,0,3,0,0,540,0,0,1,54,1,0,0,0,0,0,0,0,0,1,0,1,19,7,0,12,0,3,21,5,383,0,0,1,0,2962,0,0,0,0,8,0,0,16,73,3,108,2,0,0,0,2,2,0,0,0,0,0,0,11,0,15,2,0,1,3,0,13,111,0,1,1,0,0,67,1,23,0,0,0,0,0,0,2,128,0,0,0,9,0,0,0,7,0,0,0,0,10,0,38,0,18,40,3,35,0,0,0,2,0,0,0,0,0,0,2725,0,0,171,0,0,0,0,0,0,0,195,281,262,4,35,0,0,67,10,0,0,0,8,0,0,6,0,0,0,0,24,2,239,0,4,0,0,0,0,0,0,0,0,1,0,0,0,0,0,168,0,2,0,5,0,0,0,250,0,8,0,6,0,0,1,1,0,0,1,0,0,0,0,7,0,0,149,0,0,0,0,0,0,0,58,350,0,246,0,0,0,1,82,0,3,0,0,0,39,0,0,0,0,0,0,0,0,1,0,0,98,0,6,0,2,0,0,0,2,0,0,0,0,0,0,0,11,11,0,6,0,23,0,8,0,0,0,0,0,0,0,29,0,12,0,0,259,0,0,1,0,0,5,0,0,0,0,0,0,0,0,0,2,0,0,0,0,8,0,0,0,0,0,0,1,0,0,0,0,283,0,0,0,12,38,0,1,0,0,0,11,4,0,0,0,0,0,0,0,0,0,0,0,0,0,0,0,0,0,0,0,103,0,4,0,0,0,0,0,0,0,0,17,0,0,1,0,0,0,0,0,0,0,0,20,0,0,0,0,0,0,0,17,307,0,3,0,0,0,0,0,0,3,0,0,0,2,0,0,0,9,0,0,0,0,6,0,0,1348,0,0,0,0,16,0,0,0,0,0,0,0,0,0,0,11,0,0,0,2,0,16,0,0,9,0,0,0,0,0,0,2530,0,0,0,0,0,0,2,0,1,0,0,4,34,0,0,0,0,0,0,0,0,0
TCGA-DD-A113_72,6.64383561643836,0,55,0,2,2,0,0,127,172,128,190,89,69,26,71,70,72,34,81,67,117,7,49,374,17,265,803,110,33,14,13,39,10,11,90,213,402,412,100,63,291,10,51,316,779,195,31,24,0,56,29,236,9,270,111,0,33,11,40,63,162,0,27,25,93,22,392,0,20,0,9,137,0,61,239,9,35,219,505,0,187,396,201,44,8,0,96,55,16,0,23,447,9,132,72,96,540,1,174,57,856,0,0,15,0,28,153,0,0,54,5,22,467,4,19,175,96,1,47,0,350,0,0,248,0,8,0,37,0,185,0,332,8,0,0,1071,0,0,44,6,5,335,19,0,0,0,197,0,0,7,27,262,170,84,0,0,11,0,35,0,0,11,3,87,531,0,43,12,0,5,0,23,0,5,0,82,63,4,193,3487,0,0,428,0,0,143,91,40,45,0,238,11,1166,5,1,0,21,0,0,91,0,0,1113,16,0,0,325,0,0,1,0,0,1,163,0,8,12,0,0,41,0,3,189,0,1223,29,4,1025,6,2,0,0,4215,80,0,0,0,0,29,3,168,50,217,143,0,0,3,0,1,7,0,0,0,0,0,0,0,0,10,0,0,144,1,0,171,302,6,0,2,13,0,11,0,58,0,35,0,23,1,701,104,299,0,0,2,8,0,10,0,272,4,2,0,0,82,0,133,2,33,0,157,4,0,0,0,0,0,6,5,0,0,6,0,0,2,147,10,0,5,22,0,36,0,220,949,9068,0,54,12,0,0,76,94,0,7,0,19,0,0,0,4,17,0,8,0,246,0,0,0,0,0,0,52,0,38,0,0,0,0,0,0,10,1,0,14,0,3,1,0,7,228,55,81,1,34,614,0,0,474,0,0,0,1,6,0,0,6,0,0,422,2,0,3,0,0,0,0,46,718,0,58,2,0,1,3,86,0,35,0,154,0,1,8,16,0,2,0,0,2,0,0,0,0,387,13,0,0,0,0,0,0,0,0,13,0,0,3,0,2,5,15,0,70,0,0,0,159,0,2,0,0,0,0,0,0,0,1,0,0,1,0,0,1,0,0,0,147,0,0,0,0,0,1,1,0,7,0,0,22,0,8,0,0,0,30,0,2,0,3,5,0,0,40,0,127,6,39,2,44,0,0,0,0,0,0,0,16,2,1,0,0,0,1,0,0,0,1,0,0,133,0,0,13,0,6,9,0,0,0,88,0,0,0,0,0,417,0,2,0,0,0,2,2,0,0,0,0,95,7,0,0,13,59,0,27,641,37,9,33,0,0,0,0,0,0,27,0,0,0,0,0,0,0,9,0,0,19,0,31,32,0,0,0,0,0,0,0,0,0,0,0,14,4,9,0,569,5,7,559,3,0,0,0,0,0,0,31,2,0,0,0,5,3,81,0,0,0,0,0,0,0,0,0,1,145,54,1,0,13,1495,0,0,13,0,0,0
TCGA-DD-A113_73,6.64383561643836,0,55,0,2,2,0,0,100,0,21,17,11,43,1,1,20,20,0,23,33,24,1,7,42,0,0,1,35,16,6,0,0,0,0,3,7,459,105,0,0,25,0,0,133,252,11,41,82,0,0,6,7,0,602,106,0,19,9,0,36,3,1,27,10,62,2,153,0,0,0,0,7,0,9,32,0,58,233,131,2,31,148,24,22,3,0,32,15,1,0,9,5,6,19,13,24,113,4,216,124,2,11,0,17,1,33,2,0,4,1,6,52,6,6,7,23,10,0,8,2,44,2,0,84,4,0,2,9,2,0,6,17,8,1,4,0,0,0,17,0,6,131,6,2,0,0,0,0,1,0,0,113,31,59,0,0,36,0,3,0,0,0,0,20,57,4,9,0,0,0,1,0,7,0,0,95,8,0,16,342,0,0,147,0,0,40,27,3,262,1,189,0,829,0,0,3,48,0,4,23,0,0,281,1,0,4,16,0,0,1,0,0,0,152,0,0,0,3,3,61,21,0,8,0,1788,1,4,736,0,0,1,0,3835,0,0,0,0,0,8,0,84,3,23,453,0,1,0,1,19,9,0,0,0,2,0,0,0,4,0,13,0,387,0,0,93,34,7,1,0,0,0,72,2,6,0,21,2,0,0,2342,0,514,0,0,1,0,0,2,3,1223,0,0,0,0,3,0,32,0,5,0,0,4,1,0,0,0,0,0,0,1,0,0,0,0,0,1,0,2,0,9,0,8,0,257,299,4,2,0,0,1,2,37,0,0,0,0,0,0,0,0,0,0,2,6,0,215,0,9,0,25,0,0,0,0,7,0,0,0,0,0,0,14,81,0,80,0,0,0,0,0,7,7,4,0,3,307,0,0,8,0,0,0,0,0,0,0,0,0,0,185,5,0,0,3,0,0,0,0,1585,0,12,0,0,0,3,3,0,0,0,0,0,11,0,0,0,0,0,0,0,0,0,0,0,433,0,0,0,0,0,0,0,28,0,0,1,0,0,0,0,3,0,0,54,0,9,0,4,0,0,0,0,0,0,0,0,6,0,0,0,0,0,0,803,0,0,0,0,0,0,0,1,0,0,4,0,0,0,2,0,0,0,2,5,0,2,0,0,0,0,2,0,0,43,0,0,0,0,20,3,0,0,0,0,0,3,0,0,0,0,0,0,0,0,1,0,0,0,0,0,120,0,0,0,0,116,26,0,0,0,0,0,0,0,0,0,0,0,0,2,0,0,0,0,0,0,0,0,0,0,0,0,0,205,0,0,0,110,0,0,0,0,0,0,0,0,0,0,0,0,0,12,0,13,0,0,0,53,0,0,0,0,259,0,0,0,0,18,0,0,0,0,18,0,0,0,0,0,0,14,0,7,0,0,0,11,0,0,0,0,0,0,0,0,236,0,0,0,0,0,0,0,0,0,92,0,114,0,0,0,0,0,0,0,0,0,0
TCGA-DD-A115_74,6.96438356164384,1,53,1,3,3,0,0,433,203,130,124,94,50,38,32,41,52,22,74,84,19,6,31,497,22,177,756,58,17,14,8,13,13,21,114,78,628,885,49,4,339,14,21,48,76,57,36,39,0,13,12,50,4,366,69,0,36,4,23,23,200,1,103,89,33,18,194,0,15,0,4,93,0,28,199,15,78,362,145,0,79,668,246,81,3,0,44,30,5,1,27,569,7,62,58,24,428,3,252,95,8,20,0,46,1,0,44,0,8,15,2,24,66,25,8,335,32,3,26,0,641,0,0,293,2,5,0,7,4,26,5,155,10,0,6,1166,0,0,19,4,2,383,18,9,2,0,24,1,4,2,27,87,165,113,0,0,32,2,13,0,0,0,0,180,1071,4,11,8,2,2,1,7,19,3,0,143,36,4,29,6589,0,0,653,0,0,27,30,6,412,0,233,1,2962,2,1,0,39,0,2,42,0,0,1585,21,0,2,235,3,0,4,0,0,0,270,0,4,16,0,0,49,10,0,122,0,2530,3,7,396,8,0,3,0,9068,52,0,0,0,0,15,3,248,39,60,481,0,2,5,0,0,11,0,0,0,1,0,0,0,2,0,0,3,93,2,0,57,268,4,3,0,12,0,39,0,18,0,3,3,1,1,3192,172,949,0,0,1,0,0,7,0,453,0,0,0,0,65,0,374,1,2,0,168,0,0,0,0,0,3,7,0,0,0,2,2,0,13,11,1,0,1,0,0,74,0,276,915,288,2,84,4,0,0,23,0,2,1,0,14,0,0,0,0,0,0,0,0,241,0,0,0,0,0,0,33,0,13,0,0,0,0,0,0,0,2,1,17,1,0,0,0,8,34,25,0,1,24,1680,0,0,28,0,0,0,0,0,0,0,2,0,0,342,29,0,10,0,0,0,0,15,1282,0,85,0,0,0,1,60,0,17,0,78,0,0,0,4,0,0,0,0,0,0,0,0,0,136,1,0,0,0,0,0,0,0,0,0,0,0,0,0,0,3,10,0,10,0,0,0,64,0,0,0,0,0,0,0,0,0,4,0,0,0,0,0,0,0,0,0,37,0,0,0,0,0,0,0,0,3,0,0,0,0,2,0,0,0,32,0,0,0,0,4,0,0,2,0,27,0,2,0,3,0,0,0,0,0,0,0,8,2,0,0,0,0,0,0,0,0,0,0,0,13,0,0,0,0,134,21,8,0,0,25,0,0,0,0,0,22,0,0,0,0,0,0,0,0,0,0,0,58,2,0,0,0,1,0,0,66,4,11,1,0,0,0,0,0,0,0,0,0,0,0,1,0,0,0,0,0,19,0,0,0,0,13,0,0,0,0,0,0,0,0,0,0,0,0,0,54,2,1,58,0,2,0,0,0,0,0,37,17,0,0,0,0,0,91,0,0,0,0,0,0,0,0,1,101,7,0,0,7,0,110,0,10,0,0,0,20
TCGA-DD-A116_75,4.44383561643836,1,68,1,3,3,0,0,392,222,147,236,105,113,43,73,73,65,26,95,70,67,12,84,668,24,417,350,98,71,13,10,47,24,14,26,169,522,143,119,65,302,32,41,718,736,123,114,44,0,33,34,272,10,89,164,0,62,20,40,109,172,0,29,131,74,25,396,0,23,0,21,230,0,50,167,9,31,182,433,0,346,569,332,64,6,0,143,56,15,0,35,342,5,225,48,55,549,0,239,79,1071,0,0,35,0,40,173,0,0,60,2,51,104,6,19,119,139,1,44,0,440,0,0,252,0,3,0,36,0,133,0,286,21,0,0,1282,0,0,36,3,4,531,17,0,0,0,316,0,0,5,28,291,154,81,0,0,22,0,27,0,0,6,1,149,1223,0,39,11,0,4,0,18,0,3,0,72,72,8,69,3487,0,0,467,0,0,116,118,18,231,0,322,13,1788,4,2,0,55,0,0,24,0,0,2962,26,0,0,540,0,0,1,0,0,1,194,0,2,20,0,0,136,0,1,191,0,3192,39,16,1113,7,2,0,0,5426,44,0,0,0,0,10,5,329,90,283,602,0,0,5,0,1,14,0,0,0,0,0,0,0,0,18,0,2,107,0,1,149,248,5,0,5,18,0,3,0,43,0,21,0,36,0,949,108,459,0,0,7,7,0,7,0,253,1,1,0,0,87,0,49,2,33,0,177,2,0,0,0,0,0,9,5,6,0,4,0,9,0,205,4,0,2,11,0,10,0,145,579,99,0,47,29,0,0,33,76,0,7,0,18,2,0,0,0,23,0,0,0,255,0,0,0,0,0,0,44,0,30,0,0,0,0,0,0,18,0,0,34,0,10,2,0,8,216,61,59,0,37,374,0,0,45,0,0,0,2,3,0,0,10,0,0,684,23,0,2,0,0,0,0,62,885,0,220,1,0,0,4,74,0,38,0,140,0,0,11,30,0,3,0,0,1,0,0,0,0,379,7,0,0,0,0,1,0,0,0,11,0,0,3,0,0,0,9,0,76,0,0,0,110,0,0,0,0,7,0,0,0,0,1,0,6,0,0,0,0,0,0,0,91,0,0,0,0,0,2,1,3,16,0,0,29,0,9,0,5,0,33,0,5,0,1,11,0,0,0,0,43,6,26,5,32,0,0,0,0,0,1,0,0,4,0,0,0,0,0,0,0,1,2,0,0,103,1,0,36,0,14,9,0,0,0,90,0,0,0,0,0,4,0,7,0,0,0,1,6,0,0,0,0,19,1,0,0,13,15,0,31,299,11,11,87,0,9,0,0,0,0,29,1,0,0,0,13,0,0,0,0,0,8,0,25,39,0,1,0,0,0,0,1,0,0,0,1,5,0,15,1,366,2,2,160,0,1,0,0,0,0,0,52,0,0,0,0,6,5,0,0,0,0,0,3,0,0,0,0,0,51,69,5,0,35,614,0,0,20,0,0,0
TCGA-DD-A116_76,4.44383561643836,1,68,1,3,3,0,0,38,402,46,139,115,14,76,17,8,82,60,5,17,37,0,109,684,6,949,302,44,15,20,7,14,2,7,46,152,614,126,119,36,207,22,2,1680,829,8,8,4,0,5,13,4,11,133,96,0,128,16,3,16,20,2,5,97,16,15,86,0,9,4,3,1282,0,101,68,6,23,128,196,0,238,569,158,10,0,1,7,27,9,0,3,80,4,72,27,69,559,1,985,23,3487,6,0,6,0,2,105,0,4,48,0,11,13,2,7,362,2,0,4,6,150,0,0,95,0,1,0,4,3,5,1,178,8,0,1,156,0,0,15,4,5,1495,14,4,1,0,168,0,0,9,29,195,151,63,0,2,24,0,60,0,0,0,3,93,1113,0,20,1,0,0,0,14,8,3,0,78,339,0,37,2175,0,0,112,1,0,40,10,1,7,0,49,5,3192,3,0,0,10,0,0,24,0,0,1071,0,0,0,412,1,0,0,0,0,0,1,0,0,2,0,0,32,2,3,0,0,153,13,6,293,0,1,1,0,6589,9,0,0,0,0,5,0,505,78,58,10,4,0,2,0,2,1,0,0,0,0,0,0,0,0,21,14,2,192,2,0,19,514,1,1,3,3,0,8,0,5,0,11,0,7,0,84,4,447,0,0,1,11,0,1,4,286,0,2,0,0,2,0,276,0,1,29,54,0,0,0,0,0,1,31,13,8,0,0,3,0,2,94,2,0,5,0,0,0,8,154,736,307,0,23,0,0,0,26,0,2,0,1,0,0,0,0,0,4,0,1,0,27,0,5,0,0,0,0,0,0,0,0,0,0,1,0,0,0,109,0,32,0,6,0,0,4,18,22,7,0,9,20,0,0,3,0,0,0,1,0,0,0,7,0,0,149,0,0,4,0,0,0,0,185,379,0,87,4,0,0,2,11,0,0,0,2,1,3,0,3,6,2,0,0,0,0,0,0,0,346,0,0,0,3,2,0,9,1,2,0,0,0,0,0,1,0,0,0,0,0,1,0,6,13,0,5,0,4,0,0,0,0,0,0,0,0,0,0,0,0,0,0,161,2,0,0,5,0,3,0,0,0,0,0,1,0,0,0,0,0,44,0,7,0,0,0,0,0,6,0,15,5,0,3,1,13,0,0,0,0,0,0,0,9,0,0,0,0,0,0,0,0,0,0,0,236,3,0,0,12,0,2,5,0,0,13,0,0,0,0,0,19,0,0,0,0,0,0,0,0,0,0,0,19,0,0,0,0,41,0,0,6,143,0,0,4,0,0,0,0,13,5,0,0,0,0,17,0,0,0,0,0,41,0,50,0,0,43,0,0,0,0,12,10,0,0,0,10,0,0,0,111,20,0,5,0,0,5,0,0,0,4,2,0,0,0,0,0,0,7,0,0,9,0,0,2,0,3,0,22,12,0,86,0,12,62,0,18,0,17,7,0
TCGA-DD-A118_77,9.41643835616438,0,77,0,2,2,0,0,138,0,14,0,0,7,10,1,22,0,1,3,8,14,1,16,14,0,1,6,54,20,2,3,0,0,0,9,0,569,44,4,0,85,0,0,9,299,16,9,32,0,0,4,3,0,21,0,0,15,19,0,39,255,2,59,0,22,1,5,0,0,0,4,2,0,27,105,8,2,201,21,0,270,33,16,28,2,0,53,4,1,0,22,4,1,20,18,1,2,7,1113,26,1,9,0,9,0,12,0,0,5,7,0,30,0,2,6,174,0,0,13,0,0,17,0,205,0,0,0,41,1,117,0,115,6,0,0,2,0,0,29,0,0,51,4,1,0,0,3,0,0,0,36,131,4,85,0,0,2,0,0,0,0,0,0,94,8,0,2,0,0,0,0,2,4,0,0,70,4,0,12,829,0,0,192,0,0,30,14,1,24,0,3,0,915,0,0,0,11,0,0,23,2,0,985,0,0,0,111,0,0,0,0,0,0,9,0,0,0,3,1,4,4,0,0,0,6589,18,0,1495,0,0,0,0,2725,9,0,0,1,0,1,4,383,17,213,559,7,0,4,0,2,13,2,0,1,0,0,0,0,0,4,0,0,1223,7,0,307,12,45,1,5,0,0,93,1,86,0,0,0,0,0,885,0,329,0,0,2,0,0,1,0,225,0,0,0,0,0,0,0,0,6,0,0,3,0,0,0,0,0,0,0,0,0,0,26,0,0,14,0,0,0,2,0,91,0,44,949,0,0,0,0,0,2,0,0,0,0,0,0,0,0,0,0,0,0,0,0,101,0,3,0,19,0,0,0,0,0,0,0,0,2,0,0,12,38,0,45,0,0,0,0,0,16,2,11,0,3,1416,0,0,40,0,0,0,0,0,0,0,3,0,0,39,0,0,0,10,0,0,0,4,1166,0,17,0,0,0,3,147,0,1,2,80,0,43,0,1,0,0,0,0,0,0,1,0,0,35,0,0,0,0,0,0,0,0,0,0,0,0,0,0,0,10,19,0,16,0,7,1,0,0,0,0,0,0,0,0,0,0,0,0,0,0,0,4,257,61,0,0,0,2,0,0,5,0,1,0,0,0,0,1,3,0,0,0,1,0,0,0,0,0,0,3,0,0,11,0,0,31,9,14,0,0,0,0,0,0,39,0,0,0,0,0,0,0,0,0,0,0,0,0,0,8,0,0,0,1,105,10,1,0,0,0,0,0,0,0,9,0,0,0,3,0,0,0,0,0,0,1,0,0,0,0,0,0,0,0,0,0,9,0,0,4,0,0,0,0,0,0,0,0,0,0,0,0,2,8,0,0,21,1,0,0,0,481,0,0,0,0,0,0,0,0,0,18,0,0,0,0,0,0,0,0,0,0,0,52,0,0,8,0,0,0,0,0,0,0,0,0,172,6,0,0,0,0,0,0,0,30,0,0,2,0,0,0,6,0,0,13
TCGA-DD-A118_78,9.41643835616438,0,77,0,2,2,0,0,350,143,145,174,89,85,30,75,68,59,22,64,54,112,10,55,569,33,342,383,94,63,9,12,50,21,13,62,164,412,307,100,64,226,11,49,549,505,189,97,56,0,37,27,293,13,217,128,0,51,15,20,54,152,0,34,62,113,17,220,0,25,0,15,191,0,52,316,6,21,358,531,0,212,736,497,52,5,0,151,32,16,0,19,392,2,142,51,76,540,1,245,48,1113,0,0,21,0,34,148,0,0,63,2,34,159,4,16,168,58,1,38,0,225,0,0,222,0,6,0,39,0,147,0,263,12,0,0,915,0,0,48,2,3,422,20,0,0,0,253,0,0,8,36,319,149,101,0,0,31,0,46,0,0,6,4,163,522,0,31,12,0,8,0,10,0,8,0,55,57,5,87,3487,0,0,628,0,0,63,87,33,199,0,170,19,1585,3,3,0,49,0,0,54,0,0,2342,12,0,0,288,0,0,1,0,0,8,255,0,10,11,0,0,66,0,3,231,0,2027,39,13,985,8,2,0,0,9068,50,0,0,0,0,27,3,272,85,196,259,0,0,5,0,0,7,0,0,0,0,0,0,0,0,12,0,1,200,1,1,99,205,25,0,2,20,0,2,0,36,0,20,0,24,0,718,122,304,0,0,2,2,0,8,0,132,4,3,0,0,117,0,56,1,28,0,150,1,0,0,0,0,0,8,5,2,0,5,2,4,2,228,7,0,1,15,0,33,0,188,407,949,0,47,20,0,0,61,47,0,14,0,19,2,0,0,4,16,0,0,0,366,0,0,0,0,0,0,39,0,42,0,0,0,0,0,0,11,1,0,21,0,9,1,0,7,230,41,78,1,22,559,0,0,81,0,0,0,1,9,0,0,8,0,0,374,2,0,3,0,0,0,0,43,779,0,26,4,0,3,1,42,0,35,0,157,0,4,18,47,0,2,0,0,0,0,0,0,0,379,9,0,0,1,0,0,1,0,0,4,0,0,5,0,0,3,9,0,84,0,0,0,75,0,0,0,0,0,0,0,0,0,0,0,0,0,2,0,1,0,0,0,106,0,0,0,0,0,3,0,3,12,0,0,13,0,15,0,1,0,10,0,7,0,4,0,0,0,2,0,4,4,28,0,37,0,0,0,0,0,0,0,16,2,1,0,0,0,0,0,0,2,1,0,0,32,0,0,43,0,2,11,0,0,0,130,0,0,0,0,0,23,0,5,0,0,0,1,5,0,0,0,0,64,2,0,0,16,10,0,69,474,3,12,52,0,5,0,0,0,0,26,0,0,0,0,0,0,0,1,0,0,26,0,26,67,0,0,0,0,0,0,0,0,0,0,0,7,0,12,0,602,7,6,207,0,0,0,3,0,0,0,16,0,0,0,6,4,3,0,0,0,0,0,6,0,0,0,0,0,243,89,5,0,40,1348,0,0,8,0,0,47
TCGA-DD-A119_79,0.610958904109589,1,40,1,4,3,1,0,132,13,61,30,40,47,13,5,21,26,4,20,33,152,0,37,183,19,87,16,34,7,5,2,3,5,8,41,28,281,113,19,33,47,8,12,701,35,22,27,30,2,1,6,9,1,346,52,0,15,2,6,16,40,0,3,25,33,3,111,0,12,2,0,104,0,53,46,0,19,142,177,0,180,171,15,46,3,0,78,20,13,0,15,76,1,58,50,46,176,4,1348,39,84,3,0,4,0,10,100,0,5,24,0,29,24,8,6,653,31,0,11,0,62,0,0,106,0,0,2,0,0,28,1,136,1,0,0,143,0,0,44,0,1,370,8,2,0,0,46,0,0,5,10,94,128,21,0,2,8,0,23,2,0,0,1,25,74,1,9,1,0,0,0,3,10,5,0,65,44,1,36,4215,0,0,107,1,0,23,20,0,447,0,78,1,3192,8,0,0,19,0,0,18,0,0,1788,7,0,0,118,0,0,0,0,0,0,158,0,0,4,0,0,55,2,0,21,0,1166,13,8,949,0,0,1,0,6589,1,0,0,0,0,5,1,61,35,59,433,0,0,0,0,10,3,0,0,2,0,0,0,0,0,3,0,0,67,2,0,73,86,4,0,0,0,0,9,1,13,0,8,0,4,0,540,2,108,0,0,2,3,0,1,0,197,0,0,0,0,0,0,0,0,0,0,78,3,0,0,0,0,1,0,0,0,0,0,3,0,7,39,0,0,4,3,0,0,5,362,459,2027,2,30,0,0,0,21,0,0,3,0,0,0,0,0,0,4,0,50,1,250,0,1,0,0,0,0,0,0,2,0,0,0,0,0,0,4,40,0,31,0,9,0,0,2,49,0,17,0,1,276,0,0,142,0,0,0,0,0,0,0,9,0,0,167,0,0,0,0,0,0,0,19,1223,0,194,0,0,0,0,9,0,8,0,0,0,0,0,0,6,5,0,2,0,0,0,0,0,87,0,0,0,1,0,0,0,0,0,0,0,0,0,0,0,1,1,0,29,0,0,0,29,5,0,0,0,0,0,0,0,0,4,0,0,0,0,0,10,0,0,2,0,0,0,0,0,0,0,0,8,7,0,0,8,0,0,0,0,0,9,0,0,0,0,0,0,0,81,0,0,0,0,34,0,0,0,0,0,4,0,0,0,0,0,0,0,0,0,0,0,0,0,0,0,185,0,0,0,0,113,8,0,0,0,1,0,1,0,0,14,57,0,0,0,0,0,0,0,0,0,1,0,8,0,0,0,0,0,0,0,216,668,0,1,0,0,0,0,0,0,1,0,0,0,0,14,0,3,0,0,0,8,0,13,0,0,602,0,0,1,0,2,0,0,0,0,0,0,0,0,7,0,0,1,0,0,0,0,0,0,0,18,0,0,0,0,0,0,39,0,0,0,0,0,0,0,0,0,12,2,52,2,0,0,2,0,1,14,0,0,1
TCGA-DD-A119_80,0.610958904109589,1,40,1,4,3,1,0,346,220,115,134,98,125,26,69,62,80,38,117,72,122,8,39,350,24,293,97,85,37,16,17,18,16,5,131,191,362,316,51,34,342,17,39,514,329,219,143,76,0,41,36,205,7,151,128,0,59,12,33,44,226,0,54,31,50,15,265,0,22,0,8,156,0,49,255,16,33,263,549,0,183,590,147,56,6,0,81,44,11,0,48,202,6,148,61,99,701,1,211,60,304,0,0,18,0,31,136,0,0,49,2,50,173,3,11,160,89,0,41,0,236,0,0,276,0,14,0,53,0,185,0,199,14,0,0,856,0,0,43,3,3,522,9,0,0,0,145,0,0,5,16,222,172,39,0,0,27,0,24,0,0,6,1,95,481,0,60,16,0,2,0,15,0,8,0,73,42,2,41,4215,0,0,467,0,0,153,109,54,274,0,428,10,1113,2,1,0,20,0,0,42,0,0,641,13,0,0,540,0,0,0,0,0,4,192,0,11,15,0,0,101,0,1,283,0,985,29,9,1223,4,3,0,0,2962,25,0,0,0,0,35,1,197,53,131,407,0,0,6,0,1,7,0,0,0,0,0,0,0,0,17,0,1,253,1,1,135,325,18,0,1,12,0,5,0,77,0,61,0,33,1,505,108,332,0,0,1,3,0,16,0,162,2,1,0,0,97,0,180,4,13,0,157,4,0,0,0,0,1,6,5,6,0,6,0,9,4,94,10,0,0,25,0,13,0,196,474,29064,0,64,17,0,0,49,59,0,7,0,18,0,0,0,3,16,0,1,0,223,0,0,0,0,0,0,68,0,26,0,0,0,0,0,0,16,0,0,33,0,12,2,0,9,335,70,71,0,38,20,0,0,246,0,0,0,3,12,0,0,15,0,0,433,8,0,1,0,0,0,0,49,383,0,291,0,0,1,1,73,0,29,0,93,0,0,5,54,0,2,0,0,4,0,0,0,0,440,9,0,0,1,0,0,1,0,0,2,0,0,0,0,0,1,20,0,33,0,0,0,230,0,2,0,0,2,0,0,0,0,0,1,0,0,2,0,1,0,0,0,43,0,0,0,0,0,2,1,3,4,0,0,10,0,14,0,2,1,46,0,8,0,0,2,0,0,1,0,2,8,5,0,24,0,0,0,0,0,0,0,40,1,1,0,0,0,0,0,0,1,0,0,0,39,0,0,70,0,6,9,0,0,0,93,0,0,0,0,0,1166,0,0,0,0,0,0,2,0,0,0,0,69,4,0,0,3,22,0,89,829,8,13,83,0,6,0,0,0,0,22,2,0,0,0,0,0,0,2,0,0,12,0,28,92,0,0,0,0,0,0,0,0,0,0,0,12,0,22,0,459,4,0,288,0,0,0,0,0,0,0,45,0,0,0,0,10,5,1,0,0,0,0,5,0,0,0,27,0,453,58,2,0,78,1902,2,0,25,0,0,38
TCGA-DD-A11B_81,0.0383561643835616,1,73,1,1,1,0,0,208,98,128,366,131,68,41,85,54,80,29,42,84,91,5,26,362,85,505,307,111,30,6,24,17,34,9,63,71,453,164,90,41,75,11,8,614,197,100,35,87,0,29,47,14,6,157,180,0,71,30,27,55,106,0,18,48,45,26,230,0,34,0,10,206,0,54,24,3,16,168,559,0,171,668,514,107,2,0,26,52,6,0,72,440,7,194,43,87,222,1,145,110,2,2,0,36,0,47,113,0,2,54,4,18,50,0,11,313,217,1,24,0,213,0,0,97,0,4,0,14,0,150,1,176,56,0,0,531,0,0,18,1,3,160,14,1,0,0,428,0,0,4,37,179,202,43,0,0,45,0,17,0,0,3,2,169,191,0,6,13,0,0,0,6,1,6,0,235,177,14,4,653,0,0,1348,1,0,142,119,6,216,0,383,2,4752,1,0,0,43,0,0,100,0,0,803,1,0,0,540,0,0,0,0,0,0,201,0,0,16,0,0,25,3,0,1,0,856,9,17,1071,3,0,0,0,9068,50,0,0,0,0,21,2,127,76,263,433,0,0,2,0,1,22,0,0,0,0,0,0,0,0,34,0,3,236,0,0,109,701,7,0,4,40,0,0,0,80,0,111,0,2,1,1495,182,736,0,0,10,6,0,19,0,268,0,0,0,0,33,0,915,0,57,0,63,12,0,0,0,0,3,7,0,15,0,0,1,3,3,226,5,0,3,20,0,12,0,407,272,322,0,32,2,0,0,8,4,0,2,0,1,1,0,0,0,10,0,3,0,192,0,0,0,0,0,0,5,0,13,0,0,1,0,0,0,10,18,0,22,0,0,0,0,4,243,31,15,3,8,5,0,0,332,0,0,0,0,2,0,0,12,0,0,329,29,0,14,0,0,0,0,109,829,0,140,1,0,0,4,178,0,14,0,0,0,1,7,3,0,0,0,0,0,0,4,0,0,350,0,0,0,0,0,0,0,0,4,0,0,0,0,0,0,9,79,0,134,0,11,0,48,0,0,0,0,1,0,0,0,0,2,0,0,199,0,0,1,0,0,3,0,6,0,0,2,0,0,0,1,8,0,0,17,0,2,0,9,0,89,0,0,0,0,4,0,0,59,0,0,6,31,0,16,0,0,0,0,6,6,0,0,0,0,0,0,0,0,0,0,0,0,0,0,0,1,1,0,1,98,1,0,0,0,0,0,0,0,0,7,6,0,0,0,0,0,0,1,0,0,0,0,1,4,0,0,0,2,0,0,60,2,0,87,0,0,0,0,0,12,62,0,0,10,0,29,0,1,0,0,0,7,0,6,0,0,177,0,0,0,0,0,0,0,0,0,11,0,0,0,4,0,1,1,0,0,0,0,45,0,0,16,0,0,0,0,0,0,0,0,0,0,0,0,0,0,0,0,0,0,65,0,0,4,0,0,0,6,0,0,0
TCGA-DD-A11B_82,0.0383561643835616,1,73,1,1,1,0,0,239,245,128,176,79,63,36,88,57,85,30,67,72,110,13,42,392,26,422,402,160,59,8,14,23,9,7,69,103,313,253,103,55,205,9,30,540,718,213,44,31,0,67,31,362,9,128,173,0,89,17,52,60,210,0,33,56,52,27,453,0,15,0,16,278,0,46,257,5,18,268,350,0,358,459,252,49,5,0,147,41,13,0,35,447,6,149,39,64,779,3,203,67,590,0,0,30,0,39,132,0,0,103,5,26,137,2,19,177,58,1,40,0,325,0,0,230,0,8,0,43,0,220,0,374,14,0,0,1223,0,0,46,0,7,684,16,0,0,0,187,0,0,4,28,335,118,63,0,0,20,0,15,0,0,6,2,148,653,0,12,14,0,5,0,21,0,10,0,51,70,11,78,2530,0,0,407,0,0,119,83,25,164,0,219,8,1416,2,1,0,26,0,0,24,0,0,2027,22,0,0,489,0,0,1,0,0,2,70,0,6,12,0,0,40,0,1,168,0,1788,37,8,1113,7,2,0,1,5426,54,0,0,0,0,14,1,97,90,383,346,0,0,7,0,2,9,0,0,0,0,0,0,0,0,20,0,1,270,2,1,143,288,4,0,3,19,0,18,0,85,0,29,0,32,0,985,142,505,0,0,13,8,0,8,0,259,2,1,0,0,100,0,51,4,35,0,161,3,0,0,0,0,0,15,6,7,0,3,1,1,0,171,14,0,0,12,0,27,0,160,602,559,0,65,16,0,0,24,71,0,4,0,16,1,0,0,1,15,0,0,0,241,0,0,0,0,0,0,50,0,28,0,0,0,0,0,0,8,1,0,15,0,4,2,0,7,316,31,51,0,34,49,0,0,101,0,0,0,0,7,0,0,11,0,0,366,24,0,1,0,0,0,0,57,1025,0,77,2,0,1,3,113,0,34,0,307,0,1,12,25,0,2,0,0,0,0,0,0,0,228,8,0,0,0,1,0,2,0,0,7,0,0,1,0,0,1,31,0,114,0,0,0,87,0,2,0,4,0,0,0,0,0,0,1,2,0,0,0,1,0,0,0,151,0,0,0,1,0,3,3,8,15,0,0,19,0,6,0,0,0,33,0,5,0,3,2,0,0,10,0,11,10,34,5,32,0,0,0,0,0,1,0,6,5,1,0,0,0,0,0,0,0,2,0,0,12,0,0,24,0,30,13,0,0,0,73,0,0,0,0,0,42,0,0,0,0,0,4,4,0,0,1,0,26,4,0,0,5,0,0,20,440,14,6,60,0,6,0,0,0,0,26,2,0,0,0,19,0,0,4,0,0,0,0,12,33,0,8,0,0,2,0,0,0,0,0,0,10,0,13,0,293,6,2,71,0,0,0,3,0,0,0,45,0,0,0,0,6,0,1,0,0,0,0,3,0,0,0,1,7,33,111,7,0,6,549,0,0,16,0,0,36
TCGA-DD-A11C_83,1.81369863013699,0,69,1,1,1,0,0,193,268,171,177,127,83,33,73,76,115,41,88,77,134,8,47,497,19,307,335,119,58,17,21,38,9,15,77,189,531,329,94,72,309,14,56,392,736,157,29,41,0,64,37,350,9,187,105,0,59,16,33,55,200,0,38,53,66,33,342,0,18,0,20,185,0,67,362,11,22,250,407,0,233,522,188,50,8,0,64,46,19,0,36,383,13,151,50,89,559,0,155,64,422,0,0,33,0,34,131,0,0,109,10,18,63,2,22,225,75,1,70,0,396,0,0,366,0,17,0,76,0,202,0,358,23,0,0,1113,0,0,55,3,8,505,14,0,0,0,253,0,0,4,36,374,149,70,0,0,16,0,21,0,0,6,1,248,440,0,31,19,0,5,0,29,0,5,0,93,37,6,153,5426,0,0,602,0,0,131,105,31,113,0,206,11,1680,3,1,0,24,0,0,66,0,0,2027,18,0,0,628,0,0,0,0,0,2,51,0,10,20,0,0,29,0,2,195,0,1348,38,10,1166,6,5,0,0,4752,41,0,0,0,0,22,6,299,94,453,220,0,0,8,0,0,15,0,0,0,0,0,0,0,0,10,0,3,286,0,2,145,370,4,0,3,20,0,2,0,91,0,37,0,27,0,756,168,387,0,0,4,3,0,21,0,272,4,3,0,0,86,0,117,7,40,0,149,0,0,0,0,0,1,3,10,13,0,5,0,0,2,138,15,0,4,21,0,29,0,211,590,1223,0,76,17,0,0,48,88,0,14,0,15,0,0,0,6,17,0,0,0,210,0,0,0,0,0,0,67,0,33,0,0,0,1,0,0,8,0,0,11,0,0,4,0,8,319,42,76,1,45,54,0,0,106,0,0,0,0,12,0,0,9,0,0,412,32,0,3,0,0,0,0,79,641,0,76,4,0,1,3,154,0,31,0,175,0,3,13,39,0,2,0,0,4,0,0,0,0,313,6,0,0,1,0,0,1,0,0,16,0,0,2,0,0,0,44,0,158,0,0,0,205,0,1,0,0,0,0,0,0,0,0,0,0,0,1,0,0,0,0,0,228,0,0,0,0,0,3,0,0,22,0,0,16,0,8,0,0,0,23,0,5,0,0,2,0,0,1,0,19,11,24,0,28,0,0,0,0,0,0,0,22,1,1,0,0,0,1,0,0,1,1,0,0,18,0,0,38,0,0,6,0,0,0,39,0,0,0,0,0,54,0,4,0,0,0,2,5,0,0,0,1,50,4,0,0,25,9,0,39,540,0,13,48,0,0,0,0,0,0,35,4,0,0,0,0,0,0,0,0,0,15,0,17,56,0,0,0,0,0,0,0,1,0,0,0,15,0,17,0,147,7,9,276,0,0,0,0,0,0,0,14,0,0,0,0,11,3,10,0,0,0,0,2,0,0,0,16,0,52,111,7,0,44,433,0,0,25,0,0,0
TCGA-DD-A11C_84,1.81369863013699,0,69,1,1,1,0,0,718,134,131,201,84,133,40,21,38,69,13,52,69,35,6,31,602,106,736,559,128,43,20,10,24,48,8,102,207,514,187,80,32,157,29,26,433,30,82,43,39,0,20,51,22,8,262,177,0,47,25,11,12,65,1,47,40,69,7,459,0,53,0,15,215,0,40,293,4,26,51,489,0,83,668,350,85,3,0,12,56,7,0,40,56,9,174,87,51,195,0,246,74,0,9,0,25,2,19,27,0,10,27,8,46,64,6,3,304,136,1,42,0,91,0,0,387,2,7,0,8,6,149,2,92,118,1,8,412,0,0,28,12,1,113,17,7,1,0,116,1,2,2,29,160,163,59,0,0,38,0,9,0,0,0,0,203,59,5,7,15,0,1,1,35,8,9,0,296,119,1,39,2342,0,0,329,0,0,115,91,18,241,0,549,4,4752,4,1,2,91,0,2,86,2,0,1495,34,0,4,354,0,0,1,0,0,0,362,3,6,14,0,0,80,16,3,157,0,383,17,29,915,6,0,2,0,3192,23,0,0,0,0,37,8,257,63,40,505,0,2,15,0,0,6,0,0,0,1,0,0,2,1,7,0,7,120,0,2,68,358,11,0,0,18,0,0,0,12,0,8,3,5,1,467,65,1113,0,0,17,0,0,5,0,156,0,0,0,0,252,0,885,2,39,0,14,0,0,0,0,0,9,4,0,19,0,0,9,0,0,51,1,0,0,20,0,13,0,481,274,12700,0,47,17,0,0,17,0,0,0,9,15,0,0,0,0,0,0,8,0,332,0,0,0,0,0,0,13,0,14,0,0,0,0,0,0,9,75,0,38,0,8,0,0,4,59,35,13,1,4,281,0,0,142,0,0,2,4,0,0,0,8,0,0,114,31,0,3,0,0,0,0,52,1282,0,52,0,0,0,0,59,0,11,0,158,0,0,4,1,0,2,0,0,0,0,0,0,0,366,0,0,0,0,0,0,0,0,0,0,0,0,0,0,0,0,27,0,0,0,0,0,11,0,0,0,0,0,0,0,0,0,0,0,0,0,0,0,0,0,0,1,33,0,0,0,2,0,0,0,1,25,0,0,0,0,0,0,0,0,8,0,1,0,0,0,0,0,8,0,128,0,0,0,0,0,0,0,0,0,0,0,15,10,0,0,0,0,0,0,0,0,0,0,0,2,0,1,0,0,212,0,0,0,0,0,0,0,0,0,0,248,0,0,0,0,0,0,0,0,0,0,0,0,1,0,0,0,0,0,0,579,33,0,0,0,0,0,5,0,0,6,0,0,0,0,0,0,0,0,0,0,10,0,0,0,0,8,0,0,0,0,0,0,0,0,0,11,0,0,0,0,2,0,1,1,0,0,1,0,0,0,2,14,0,0,5,0,0,0,0,0,0,0,0,0,0,0,9,8,0,0,0,0,0,0,0,0,3,0,0,0
TCGA-DD-A11D_85,4.27397260273973,1,57,0,1,1,0,0,668,177,77,313,25,26,22,39,33,50,86,44,170,133,10,39,236,11,1025,396,145,28,12,7,15,11,18,125,25,288,428,28,9,225,18,5,89,379,78,98,55,0,29,15,255,7,756,57,0,46,18,22,34,169,0,31,27,23,19,246,0,14,0,7,193,0,26,286,17,37,199,196,0,116,736,531,53,4,0,31,29,0,0,1,30,5,142,7,24,100,1,160,47,18,1,0,44,0,4,50,0,1,120,2,27,223,6,5,127,49,1,32,10,157,0,0,87,0,6,0,23,0,160,0,68,62,0,0,78,0,0,15,2,11,16,8,0,0,0,145,0,0,1,38,140,168,40,0,0,15,0,5,0,0,0,1,335,228,0,6,6,0,2,0,12,1,0,0,88,44,2,51,1902,0,0,614,0,0,101,22,3,210,0,248,1,3192,1,1,0,12,0,0,30,0,0,985,6,0,0,459,0,0,4,0,0,0,88,0,2,7,0,0,46,1,0,41,0,1585,16,9,1166,7,0,0,0,12700,21,0,0,0,0,12,4,252,9,220,216,0,0,2,0,0,17,0,0,0,0,0,0,0,0,16,0,3,505,0,0,122,201,12,0,0,6,0,58,0,77,0,10,0,0,4,829,22,514,0,0,7,2,0,15,0,322,0,0,0,0,11,0,88,1,13,0,182,3,0,0,0,0,0,0,9,0,0,0,0,3,17,133,13,0,6,12,0,4,0,157,779,87,0,47,2,0,0,15,23,0,10,0,9,1,0,2,0,1,0,19,0,263,0,0,0,0,0,0,19,0,43,0,0,0,0,0,0,6,8,2,31,0,0,0,0,3,111,166,1,0,91,20,0,0,11,0,0,0,1,2,0,0,10,0,0,149,54,0,1,0,0,0,0,19,272,0,144,0,0,0,1,38,0,42,0,112,0,0,1,4,0,0,0,0,0,0,0,0,0,19,0,0,0,0,0,0,0,0,0,0,0,0,0,0,0,0,22,0,67,0,0,8,50,0,0,0,0,0,0,0,0,0,0,0,0,4,0,0,1680,0,0,0,67,0,0,0,0,0,0,0,0,5,0,0,3,0,13,0,0,0,114,0,0,0,0,0,0,0,62,0,6,6,0,0,14,0,0,0,0,0,0,0,14,0,1,0,13,0,0,0,0,0,0,0,0,2,0,0,0,0,2,8,0,0,0,20,0,0,0,0,0,3,0,0,0,0,0,0,0,0,0,3,6,15,4,0,0,0,5,0,0,1,10,6,41,0,0,0,0,0,0,6,0,0,0,0,1,0,0,0,0,0,34,0,0,0,0,1,0,0,8,0,0,0,0,0,0,20,0,0,0,77,0,0,25,0,0,0,0,0,0,0,17,8,0,0,0,0,0,34,0,0,0,0,0,0,0,0,0,0,4,0,4,82,0,28,0,0,5,0,0,40
TCGA-DD-A11D_86,4.27397260273973,1,57,0,1,1,0,0,265,222,124,252,60,69,27,69,52,78,26,44,60,128,9,50,383,19,346,514,104,40,6,12,45,9,13,62,164,579,225,115,56,233,9,28,387,915,172,61,38,0,54,29,339,7,250,112,0,119,11,46,53,160,0,29,41,67,25,668,0,19,0,16,152,0,52,302,16,23,150,278,0,255,407,253,33,8,0,92,49,11,0,26,366,9,168,59,35,342,3,263,52,614,0,0,40,0,24,136,0,0,87,4,23,293,2,12,45,105,1,37,0,203,0,0,187,0,2,0,56,0,169,0,422,12,0,0,779,0,0,30,5,4,182,28,0,0,0,189,0,0,2,22,281,149,75,0,1,32,0,13,0,0,3,1,231,628,0,24,12,0,5,0,24,0,5,0,58,45,0,97,4752,0,0,412,0,0,118,97,14,137,0,241,14,1902,5,1,0,29,0,0,15,0,0,2342,31,0,0,467,0,0,0,0,0,0,101,0,5,16,0,0,63,0,1,138,0,2175,35,4,1113,4,0,0,0,9068,52,2,0,0,0,17,4,128,78,299,262,0,0,6,0,0,13,0,0,0,0,0,0,0,0,17,0,1,374,1,1,111,219,11,0,1,19,0,5,0,63,0,29,0,32,0,453,131,319,0,0,4,3,0,4,0,145,3,0,0,0,50,0,20,4,47,0,200,4,0,0,0,0,0,3,5,0,0,6,0,3,123,246,3,0,2,16,0,10,0,127,949,257,1,70,17,0,0,31,42,0,9,0,10,0,0,0,0,4,0,13,0,316,0,1,0,0,0,0,27,0,44,0,0,1,0,0,0,11,5,0,22,0,0,1,0,8,206,37,70,0,62,270,0,0,54,0,0,0,0,10,0,0,20,0,0,433,14,0,1,0,0,0,0,34,856,0,64,4,0,0,4,102,0,26,0,195,0,0,7,57,0,2,0,0,0,0,0,0,0,180,5,0,0,0,0,0,0,0,0,10,0,0,2,0,0,0,15,0,82,0,0,0,72,0,0,0,0,5,0,0,0,0,0,0,0,13,0,0,1,0,0,0,110,0,0,0,1,0,0,1,1,13,0,0,30,0,4,0,0,0,53,0,1,0,0,0,0,0,37,0,56,8,11,2,24,0,0,0,0,0,0,0,20,1,0,0,0,0,2,0,0,0,1,0,0,53,1,0,35,0,11,16,0,0,0,47,0,0,0,0,0,7,0,3,0,0,0,0,0,0,0,0,0,32,2,0,0,14,21,0,75,370,8,0,44,0,0,0,0,0,0,24,2,0,0,0,0,0,0,5,0,0,1,0,10,66,0,6,0,0,0,0,0,0,0,0,0,12,0,11,0,291,4,1,296,0,0,2,2,0,0,0,52,11,0,0,0,5,10,0,0,0,0,2,2,0,0,0,0,0,136,32,8,0,28,756,0,0,10,0,0,46
TCGA-DD-A1EA_87,6.61643835616438,0,68,1,2,2,0,0,179,453,126,61,81,76,59,3,66,31,8,56,145,26,16,32,803,60,1788,0,114,64,15,24,14,12,23,31,32,141,45,7,15,185,67,9,1282,45,25,76,30,0,4,65,17,3,116,239,0,75,13,18,16,174,1,11,21,35,6,185,0,20,0,0,243,0,64,92,14,62,104,474,0,99,219,307,33,10,0,7,27,5,0,22,108,4,106,7,36,304,0,201,51,1680,4,0,4,0,36,50,0,2,6,4,40,2,2,9,467,0,3,14,0,72,0,0,115,2,1,0,6,0,90,0,154,1,0,2,756,0,0,49,9,1,856,14,0,0,0,407,0,0,18,18,6,222,85,0,0,10,0,109,0,0,0,1,177,531,1,19,19,0,0,0,6,3,8,0,9,69,0,83,2175,0,0,188,0,0,151,7,23,0,0,120,4,2725,0,1,0,18,0,1,20,0,0,192,13,0,1,392,0,0,0,0,0,0,58,0,1,9,0,0,20,8,1,3,0,313,15,33,602,0,0,0,0,2342,0,0,0,0,0,10,2,28,12,0,417,0,1,2,0,0,8,0,0,0,0,0,0,4,0,9,0,0,187,0,0,5,440,2,0,0,1,0,0,0,24,0,11,1,5,1,112,0,286,0,0,4,4,0,1,0,10,0,0,0,0,3,0,339,0,4,9,0,24,0,0,0,0,3,9,7,31,0,0,0,9,1,2,49,0,7,0,0,0,1,255,1166,358,0,47,0,0,3,37,16,0,2,0,0,4,0,0,0,0,0,0,3,142,0,2,0,0,0,0,0,0,0,0,0,0,0,0,0,0,63,0,12,0,20,0,0,0,43,105,0,0,35,2,0,0,79,0,0,0,11,0,0,0,6,0,0,2,0,0,0,0,0,0,0,18,99,0,329,0,0,0,0,0,0,3,0,0,0,0,0,0,0,0,0,0,0,0,0,0,0,653,0,0,0,5,0,0,0,3192,0,0,0,0,0,0,0,0,0,0,28,0,0,0,23,0,0,4,0,0,0,0,0,0,0,0,0,0,0,0,0,0,0,0,0,0,0,0,0,0,0,0,1,0,0,0,26,0,0,0,0,0,41,0,0,0,0,0,0,0,21,0,0,0,0,0,0,0,0,0,0,0,0,0,0,1,0,0,0,0,0,0,0,0,0,0,0,2,0,0,0,0,60,2,0,1,0,8,0,0,0,0,0,7,1,0,0,0,0,0,0,0,0,0,0,10,0,3,0,0,19,0,6,309,89,0,0,0,0,7,0,0,0,0,0,0,0,0,64,0,0,0,0,0,14,0,150,0,0,81,0,0,2,0,8,0,0,0,0,28,0,0,0,14,67,0,31,0,0,23,0,0,5,0,0,0,0,0,0,0,0,0,0,0,9,0,0,1,0,0,1,0,0,2,481,0,12,4,0,241,0,1,0,0
TCGA-DD-A1EB_88,5.52602739726027,0,72,0,1,1,0,0,440,756,257,522,181,62,137,49,104,77,168,72,176,58,21,55,1495,38,15,2962,90,90,24,18,58,13,81,37,8,192,55,0,49,241,36,44,474,203,30,27,136,0,28,12,0,9,668,158,0,126,44,36,36,402,0,38,80,123,78,32,0,17,0,18,171,0,93,212,13,43,387,248,0,43,383,346,52,6,0,177,51,6,0,45,0,4,228,2,10,316,1,151,39,200,0,0,42,0,3,147,0,0,117,7,27,32,14,6,433,36,5,29,0,407,0,0,160,0,6,0,37,0,270,0,0,122,0,0,1113,0,0,38,4,9,342,10,0,0,0,307,0,0,8,44,67,272,92,0,0,20,0,0,0,0,1,0,263,396,0,28,11,0,0,0,48,1,4,0,41,28,5,99,2725,0,0,481,0,0,131,3,1,6,0,286,2,4752,1,1,0,8,0,0,27,7,0,37,2,0,0,206,0,0,1,0,0,2,2,0,1,14,0,0,10,1,5,8,0,3487,16,0,684,2,0,0,2,6589,1,0,0,0,0,17,8,208,114,97,199,0,0,0,0,0,33,0,0,0,0,0,0,0,0,12,0,8,243,0,0,54,569,8,0,0,2,2,84,0,167,0,21,0,20,0,0,15,1348,0,0,6,14,0,5,0,417,0,1,0,0,69,0,299,1,22,0,4,0,0,0,0,0,3,4,18,20,0,2,0,9,12,51,6,0,8,62,0,25,0,276,885,46,0,35,16,0,0,45,6,0,0,0,23,1,0,0,0,0,0,0,0,332,0,0,0,0,0,0,92,0,13,0,0,1,3,0,0,0,1,7,43,0,0,0,0,1,274,0,15,0,11,31,0,0,32,0,2,0,16,3,0,0,9,0,0,514,259,0,0,0,0,0,0,0,985,0,111,0,0,0,4,185,0,8,0,268,0,0,0,11,0,0,4,0,0,0,0,0,0,253,0,0,0,0,0,0,0,0,0,0,0,0,7,0,143,0,57,0,16,0,0,0,141,0,0,0,0,0,0,0,0,0,0,0,0,10,0,0,0,0,0,0,179,4,0,0,4,0,0,0,23,16,0,0,2,0,7,0,0,0,0,0,0,0,0,0,0,0,30,0,374,90,2,0,6,0,0,0,0,0,0,0,18,0,3,0,0,0,0,0,0,0,0,1,21,8,2,18,0,0,56,2,0,0,0,21,0,0,0,0,0,0,0,14,0,0,0,3,0,0,0,1,11,97,0,0,0,29,0,0,0,0,0,4,95,0,0,0,0,0,0,106,0,0,0,0,3,0,5,0,0,0,3,0,0,9,0,0,0,0,0,0,0,0,0,0,0,10,0,0,0,47,3,0,0,0,0,0,6,0,0,0,9,66,0,1,0,0,0,0,0,0,0,16,0,0,0,2,0,0,0,0,8,3,1,6,0,3,0,0,0,0
TCGA-DD-A1EB_89,5.52602739726027,0,72,0,1,1,0,0,302,220,179,160,99,113,24,64,86,93,20,101,73,89,12,61,453,25,362,614,83,62,13,17,53,10,17,86,88,358,422,83,60,316,22,33,387,402,139,46,42,0,54,33,307,13,206,98,0,70,16,31,92,203,0,27,56,99,32,299,0,15,0,18,219,0,63,383,8,31,296,459,0,262,549,159,50,6,0,81,47,15,0,38,319,5,155,39,65,779,1,143,77,1166,0,0,36,0,44,166,0,0,72,9,44,101,2,21,243,74,1,60,0,231,0,0,283,0,8,0,82,0,153,0,196,16,0,0,1223,0,0,53,5,3,447,21,0,0,0,257,0,0,6,55,236,185,72,0,0,20,0,48,0,0,8,2,114,718,0,39,10,0,4,0,26,0,7,0,68,32,8,142,2962,0,0,474,0,0,113,119,37,187,0,190,14,1788,2,1,0,29,0,0,23,0,0,1495,24,0,0,641,0,0,0,0,0,4,142,0,7,12,0,0,57,0,4,235,0,2530,29,14,1282,5,5,0,1,12700,36,0,0,0,0,26,4,246,90,293,304,0,0,6,0,0,16,0,0,0,0,0,0,0,0,21,0,3,212,1,2,167,329,5,0,2,35,0,7,0,84,0,38,0,27,0,522,165,417,0,0,4,5,0,11,0,201,2,2,0,0,92,0,51,1,21,0,137,1,0,0,0,0,0,6,9,4,0,8,0,3,1,176,4,0,4,14,0,18,0,131,579,342,0,52,25,0,0,67,48,0,13,0,9,2,0,0,0,27,0,0,0,241,0,0,0,0,0,0,51,0,42,0,0,0,2,0,0,9,0,0,26,0,0,3,0,4,309,47,74,1,44,215,0,0,124,0,0,0,0,9,0,0,10,0,0,489,15,0,1,0,0,0,0,45,514,0,111,1,0,1,3,122,0,32,0,170,0,7,8,37,0,2,0,0,0,0,0,0,0,354,8,0,0,0,0,0,0,0,0,32,0,0,3,0,0,4,33,0,140,0,0,0,128,0,1,0,0,0,0,0,0,0,0,0,0,0,0,0,1,0,0,0,233,0,0,0,0,0,1,1,1,12,0,0,24,0,6,0,0,0,22,0,4,0,2,0,0,0,0,0,17,14,24,0,34,0,0,0,0,0,0,0,8,1,1,0,0,0,0,0,0,1,1,0,0,105,1,0,44,0,0,9,0,0,0,37,0,0,0,0,0,8,0,10,0,0,0,4,1,0,0,0,0,33,4,0,0,23,17,0,59,183,2,16,65,0,0,0,0,0,0,34,2,0,0,0,0,0,0,0,0,0,10,0,19,62,0,0,0,0,0,0,0,2,0,0,0,17,0,13,0,192,7,1,222,0,0,0,0,0,0,0,35,2,0,0,1,8,4,4,0,0,0,33,2,0,0,0,1,0,53,97,11,0,39,590,0,0,22,0,0,0
TCGA-DD-A1EC_90,1.64931506849315,0,20,0,1,1,0,0,138,304,94,163,86,113,22,73,65,51,24,130,80,112,11,53,217,27,307,228,84,51,11,26,70,12,10,25,112,407,283,68,26,412,30,32,299,346,180,29,22,0,39,29,211,12,85,91,0,134,17,29,50,322,0,46,46,81,8,366,0,18,0,13,192,0,58,293,19,20,259,579,0,208,428,143,22,9,0,74,32,13,0,29,241,14,130,55,70,383,2,225,61,701,0,0,22,0,38,123,0,0,61,5,21,107,6,12,243,67,1,47,0,115,0,0,362,0,6,0,43,0,236,0,252,6,0,0,641,0,0,46,6,1,417,12,0,0,0,144,0,0,8,30,313,143,42,0,0,20,0,37,0,0,8,1,222,489,0,65,15,0,4,0,14,0,9,0,54,77,3,64,5426,0,0,422,0,0,105,85,73,79,0,181,6,1495,1,1,0,20,0,0,33,0,0,803,17,0,0,569,0,0,2,0,0,2,137,0,11,15,0,0,62,0,1,440,0,1223,28,7,1282,1,4,0,2,2725,24,0,0,0,0,50,2,215,30,137,147,0,0,6,0,0,9,0,0,0,0,0,0,0,0,12,0,3,205,1,1,94,270,7,0,1,9,0,1,0,74,0,54,0,25,1,653,140,379,0,0,8,3,0,7,0,117,3,1,0,0,63,0,139,2,22,0,159,1,0,0,0,0,1,6,11,7,0,9,0,1,1,104,4,0,0,10,0,34,0,207,358,12700,0,60,18,0,0,49,42,0,3,0,17,0,0,0,2,31,0,1,0,213,0,0,0,0,0,0,49,0,27,0,0,0,0,0,0,2,4,0,17,0,2,4,0,7,253,36,74,1,34,35,0,0,288,0,0,0,0,11,0,0,3,0,0,332,0,0,0,0,0,0,0,17,387,0,77,1,0,2,1,97,0,18,0,255,0,0,15,47,0,0,0,0,2,0,0,0,0,540,4,0,0,1,0,0,0,0,0,24,0,0,2,0,0,4,14,0,69,0,0,0,52,0,4,0,0,0,0,0,0,0,0,0,0,0,0,0,0,0,0,0,48,0,0,0,0,0,3,0,1,3,0,0,4,0,5,0,0,4,21,0,9,0,2,0,0,0,0,0,3,3,6,0,27,0,0,0,0,0,0,0,26,0,1,0,0,0,0,0,0,1,0,0,0,82,0,0,35,0,3,5,5,0,0,98,0,0,0,0,0,856,0,5,0,0,0,0,0,0,0,0,0,45,4,0,0,24,7,0,58,985,2,8,36,0,0,0,0,0,0,31,3,0,0,0,0,0,0,0,0,0,12,0,21,34,0,0,0,0,0,0,0,0,0,0,0,17,0,30,4,274,0,1,166,3,0,0,0,0,0,0,40,22,0,0,2,16,14,128,0,0,0,0,2,0,0,0,0,0,175,48,4,0,63,1071,3,0,11,0,0,22
TCGA-DD-A1ED_91,6.3041095890411,0,68,1,1,1,0,0,281,226,63,67,80,112,34,47,58,36,28,78,65,81,7,56,374,6,304,44,80,38,9,11,42,13,4,48,74,339,241,47,28,396,25,31,641,319,75,85,25,0,13,20,38,10,216,128,0,43,13,27,46,236,0,22,35,27,8,293,0,18,1,1,278,0,32,114,35,23,158,505,0,211,379,77,20,19,0,55,31,22,0,31,253,0,87,35,61,590,3,257,44,1416,0,0,3,0,29,115,0,0,10,8,61,23,13,8,262,11,0,16,0,185,0,0,243,0,5,0,13,0,59,0,210,0,0,0,803,0,0,52,4,2,701,13,0,0,0,350,0,0,12,11,47,230,30,0,0,43,0,31,0,0,2,1,96,602,0,105,8,0,1,0,9,0,2,0,50,72,0,195,3487,0,0,212,0,0,99,76,52,15,0,177,11,885,2,1,0,30,0,0,44,0,0,332,12,0,0,514,0,0,2,0,0,0,42,0,5,11,0,0,24,0,2,25,0,668,8,17,856,0,4,0,0,2342,4,0,0,0,0,51,0,134,20,121,291,0,0,6,0,1,1,0,0,0,0,0,0,0,0,13,0,2,322,0,0,107,246,12,0,1,9,0,0,0,46,0,60,0,4,1,370,25,402,0,0,0,1,0,0,0,111,0,0,1,0,19,0,265,3,27,50,20,14,0,0,0,0,0,3,12,5,0,0,0,10,1,75,14,0,1,0,0,24,0,231,569,29064,0,33,6,0,0,62,18,0,0,0,9,1,0,0,0,5,0,13,0,97,0,0,0,0,0,0,32,2,22,0,0,0,0,0,0,4,40,0,15,0,17,0,0,5,170,48,39,0,29,43,0,0,85,0,0,0,3,3,0,0,7,0,0,522,0,0,0,0,0,0,0,61,387,0,16,0,0,1,3,33,0,14,0,23,0,0,5,16,0,0,0,0,0,0,0,0,0,540,2,0,0,1,0,0,1,0,0,0,0,0,0,0,0,0,0,0,14,0,0,0,53,10,0,0,0,2,0,0,0,0,0,0,0,0,0,0,1,0,0,0,8,0,0,0,0,0,0,0,0,1,3,0,0,0,43,0,0,1,14,0,8,0,0,0,0,0,17,0,0,2,0,0,34,0,0,0,0,0,0,0,5,1,0,0,0,0,0,0,0,0,0,0,0,4,0,0,8,0,6,6,18,0,0,108,0,1,0,0,0,1495,0,0,0,0,0,0,0,0,0,0,0,46,0,0,0,0,31,0,6,579,1,3,3,0,0,0,0,0,0,20,0,0,0,0,0,0,0,0,0,0,1,0,92,5,0,6,0,0,0,0,24,0,0,0,0,14,0,2,0,163,11,0,202,0,0,0,0,0,17,0,17,0,0,0,0,0,0,316,12,0,0,0,0,0,0,0,0,103,69,21,53,0,13,628,0,0,0,8,4,0
TCGA-DD-A1EE_92,0.956164383561644,1,73,1,3,3,0,0,329,208,100,158,84,92,21,54,70,76,27,89,71,114,8,37,309,15,270,489,79,36,17,17,45,12,10,92,163,354,192,73,52,304,29,40,307,684,168,40,38,0,26,30,248,7,151,95,0,83,17,24,54,222,0,30,24,72,10,505,0,16,0,12,136,0,29,239,9,23,118,497,0,213,412,342,40,6,0,95,34,16,0,35,257,6,131,42,71,453,1,274,66,718,0,0,27,0,34,123,0,0,69,8,33,241,3,12,145,78,1,61,0,225,0,0,281,0,3,0,30,0,193,0,325,13,0,0,440,0,0,33,2,1,701,11,0,0,0,174,0,0,7,20,236,201,51,0,0,25,0,29,0,0,8,1,253,602,0,46,12,0,3,0,18,0,8,0,81,67,2,120,4215,0,0,474,0,0,100,94,45,117,0,262,9,1788,2,1,0,37,0,0,65,0,0,985,17,0,0,522,0,0,0,0,0,1,137,0,6,14,0,0,104,0,1,313,0,1348,34,5,1166,3,2,0,0,2530,36,0,0,0,0,21,2,246,43,223,296,0,0,5,0,1,7,0,0,0,0,0,0,0,0,8,0,4,316,1,1,136,286,8,0,0,4,0,9,0,57,0,42,0,22,1,540,111,346,0,0,4,0,0,2,0,205,3,1,0,0,17,0,105,4,22,0,216,6,0,0,0,0,0,3,5,3,0,6,0,0,13,143,4,0,2,16,0,17,0,215,514,6589,2,60,16,0,0,62,46,0,1,0,21,0,0,0,0,20,0,1,0,319,0,0,0,0,0,0,52,0,33,0,0,0,0,0,0,13,5,0,64,0,2,0,0,7,278,44,65,0,77,24,0,0,63,0,0,0,1,6,0,0,3,0,0,272,2,0,0,0,0,0,0,29,559,0,60,1,0,2,1,71,0,21,0,211,0,0,15,31,0,2,0,0,3,0,0,0,0,379,6,0,0,1,0,0,1,0,2,10,0,0,5,0,0,0,10,0,113,0,0,0,140,0,2,0,0,0,0,0,0,0,0,0,0,0,0,0,0,0,0,0,69,0,0,0,0,0,0,3,0,6,0,0,20,0,8,0,0,0,30,0,6,0,3,0,0,0,1,0,85,2,8,5,33,0,0,0,0,0,3,0,23,0,1,0,0,0,0,0,0,0,0,0,0,7,0,0,40,0,0,9,0,0,0,109,0,0,0,0,0,362,0,4,0,0,0,0,0,0,0,0,0,45,7,0,0,13,4,0,52,736,9,0,56,0,0,0,0,0,0,32,0,0,0,0,8,0,0,2,0,0,0,0,15,37,0,5,0,0,2,0,0,0,0,0,0,9,0,13,0,370,2,0,36,0,0,0,0,1,0,0,70,2,0,0,0,4,1,4,0,0,0,0,2,0,0,0,0,5,226,101,4,0,71,1282,0,0,22,0,0,0
TCGA-DD-A1EE_93,0.956164383561644,1,73,1,3,3,0,0,69,45,59,7,12,51,4,9,50,31,16,36,206,49,2,12,641,2,428,0,60,18,0,14,15,9,4,288,0,40,93,11,18,31,6,7,1166,20,13,36,16,0,4,3,5,2,346,121,0,7,14,37,18,31,0,25,48,10,3,127,0,27,0,0,402,0,22,50,3,80,113,339,0,94,161,4,38,14,0,85,12,4,0,14,205,0,57,21,66,178,0,158,43,1495,3,0,1,0,14,40,0,2,2,4,19,45,2,4,140,16,0,4,2,107,0,0,33,0,2,0,0,0,1,0,134,0,0,1,6,0,0,20,10,0,497,15,0,0,0,362,0,0,10,10,27,114,32,0,0,26,0,78,0,0,0,5,145,97,1,3,0,0,0,0,2,3,8,0,43,33,0,28,602,0,0,235,0,0,117,5,15,0,0,11,0,1282,0,0,0,8,0,0,43,0,0,194,1,0,0,130,0,0,0,0,0,0,100,0,4,1,0,0,21,4,0,19,0,56,0,46,196,0,0,0,0,1680,0,0,0,0,0,8,1,118,8,6,270,1,0,0,0,1,3,0,0,0,0,0,0,0,0,3,0,4,76,3,0,122,26,0,0,1,6,0,0,11,49,0,89,1,1,0,286,0,156,0,0,0,5,0,0,18,58,0,0,0,0,15,0,278,0,1,0,3,0,0,0,0,0,0,32,0,0,0,0,0,10,1,1,3,1,2,4,0,0,0,222,985,265,0,46,0,0,8,45,0,0,1,0,0,2,0,0,0,0,0,4,0,33,0,1,0,0,0,0,0,0,0,0,0,0,0,0,0,0,38,0,12,0,11,0,0,1,2,117,4,0,102,7,0,0,18,0,0,0,0,0,0,0,2,0,0,10,0,0,0,0,0,0,0,17,374,0,32,0,0,0,0,0,0,0,0,0,0,0,0,0,0,0,0,0,0,0,0,0,0,668,0,0,0,1,1,0,0,0,0,0,0,0,0,0,0,0,0,0,1,0,0,0,121,0,0,0,0,0,0,0,0,0,0,0,0,0,0,0,0,0,0,0,23,0,0,0,0,0,0,0,0,0,0,0,26,0,7,0,0,1,5,0,0,0,0,0,0,0,0,0,0,0,0,0,20,0,0,0,0,0,2,0,0,0,0,0,7,0,0,0,0,0,0,0,0,1,1,0,0,0,11,7,18,0,0,4,0,0,0,0,0,4,11,0,0,0,0,0,0,0,0,0,0,54,0,1,0,0,1025,0,0,136,489,0,0,0,0,2,0,0,0,1,0,0,0,0,6,0,0,0,0,0,8,0,207,0,0,325,0,0,57,0,2,1,0,0,0,3,0,0,0,6,4,0,915,0,0,3,0,0,0,1,0,0,0,1,0,0,0,69,0,0,0,0,0,0,0,0,0,14,0,75,103,0,0,1,0,0,0,3,23,0
TCGA-DD-A1EF_94,1.07945205479452,1,57,0,1,1,0,0,0,0,24,0,3,16,3,0,11,0,4,6,23,37,0,13,21,3,0,0,46,6,0,0,3,0,0,5,1,100,12,0,4,14,0,0,257,6,6,0,9,2,0,4,1,0,16,32,0,2,0,0,7,76,8,5,0,17,2,37,0,9,0,0,1,1,18,43,0,1,18,160,2,10,178,23,5,0,0,0,23,2,0,46,21,0,89,41,3,11,27,1071,38,0,6,0,0,1,0,1,0,8,14,0,0,28,0,17,18,3,0,20,0,17,10,0,50,0,0,19,0,0,20,2,28,0,0,4,230,0,0,15,0,1,61,0,2,0,4,0,1,1,0,9,60,0,1,0,18,1,1,1,4,0,0,0,85,2,1,4,7,0,0,0,2,3,0,0,14,67,0,1,85,0,0,319,8,18,60,4,0,1,0,110,0,1416,0,0,0,1,0,1,0,0,0,653,0,0,0,288,1,0,0,0,0,0,0,0,0,19,0,1,0,7,0,0,2,252,18,11,156,0,0,0,0,2725,4,0,0,0,2,0,1,2,10,53,2,0,0,0,0,0,6,4,0,0,0,0,0,8,2,9,0,1,87,8,0,238,307,0,1,1,0,0,93,0,24,0,25,1,0,0,29,12,718,0,0,0,6,0,0,0,4,0,1,0,0,48,0,0,0,5,0,9,20,0,0,0,12,0,0,0,1,5,0,6589,0,0,185,0,0,0,0,0,0,1,0,58,1,6,59,0,0,137,12,4,0,0,0,0,0,0,0,0,0,0,4,2,193,0,6,0,0,0,0,0,0,0,0,1,0,0,3,0,0,202,0,0,0,0,0,0,0,56,0,16,0,1,11,0,0,0,0,0,2,0,0,0,9,10,0,0,358,2,0,0,0,0,0,0,16,15,0,40,0,0,0,0,283,0,1,0,0,0,51,0,2,0,0,0,4,0,0,0,0,0,12,0,3,0,0,0,0,0,0,2,3,0,0,0,0,0,12,7,0,11,0,0,3,32,2,0,0,0,0,0,0,21,0,6,0,0,779,0,10,3,0,0,6,0,0,0,0,0,0,0,0,0,0,0,0,1,0,0,0,0,0,0,0,0,0,0,3,0,0,205,0,0,7,0,34,0,0,0,0,0,33,21,0,0,0,0,0,0,0,0,0,0,0,0,0,0,12,0,0,0,0,10,0,0,0,0,0,0,0,0,0,4,0,0,0,0,0,0,0,0,0,0,0,0,0,0,0,0,0,0,14,0,2,71,0,22,0,0,0,0,0,2,8,0,0,0,0,0,0,35,0,0,0,0,0,0,0,0,1495,0,0,0,0,20,0,0,0,0,0,0,0,0,0,0,33,0,0,0,0,0,276,0,0,7,2,0,0,0,0,0,1,0,0,0,0,0,0,33,0,0,0,0,69,1,5,1,0,0,0,2,0,0,0
TCGA-DD-A1EG_95,3.75890410958904,1,76,1,1,1,0,0,19,0,28,37,12,11,3,13,23,5,10,20,89,48,0,11,62,3,200,75,23,12,2,1,13,0,4,50,9,178,72,12,4,51,11,3,67,6,13,3,12,2,0,9,18,1,125,100,0,9,4,10,14,25,9,6,6,39,1,10,0,2,0,0,49,0,20,35,1,21,13,142,0,107,132,6,4,1,0,50,19,4,0,7,73,0,54,10,101,48,27,2725,11,1,7,0,7,0,10,73,0,7,8,1,11,6,8,7,225,24,0,12,1,85,0,0,127,0,0,4,0,2,47,3,21,4,0,3,8,0,0,41,0,0,131,9,1,0,0,78,0,1,0,5,33,49,20,0,2,1,0,33,0,0,0,0,40,125,1,4,1,0,0,0,6,7,4,0,96,56,0,11,2175,0,0,98,1,0,44,13,3,19,0,40,0,3192,0,0,0,15,0,0,33,0,0,1495,9,0,0,122,2,0,1,0,0,0,10,1,0,2,0,0,11,6,0,15,0,252,14,1,736,0,0,2,0,1788,1,0,0,0,0,2,1,65,39,13,0,0,0,0,0,5,3,0,0,0,2,0,0,0,0,0,0,0,7,12,0,40,61,0,1,0,0,0,34,0,11,0,7,0,1,0,915,1,243,0,0,0,1,0,0,8,339,0,0,0,0,7,0,38,0,0,0,52,15,0,0,0,0,0,0,0,0,0,0,7,0,2,18,0,0,10,2,0,3,4,291,949,1223,18,15,0,0,0,30,4,0,4,0,0,0,0,0,0,0,0,106,7,212,0,0,0,0,0,0,0,0,6,0,0,0,0,0,0,0,170,0,0,0,0,0,0,0,66,3,1,0,37,128,0,0,36,0,0,0,0,0,0,0,2,0,0,89,0,0,0,0,0,0,0,10,885,0,37,0,0,0,0,14,0,0,0,5,0,0,0,0,0,0,0,0,0,0,0,0,0,140,0,0,0,0,0,0,0,0,1,0,0,0,0,0,0,2,0,0,10,0,1,0,26,0,0,0,0,2,0,0,0,0,1,0,0,0,0,0,701,0,0,0,23,0,0,0,0,0,0,4,0,1,0,1,37,0,0,0,0,0,63,0,0,0,0,0,0,0,99,0,0,0,0,0,3,1,0,0,0,4,0,0,0,0,0,0,0,0,0,0,0,0,0,0,0,3,0,0,0,0,56,0,0,0,0,0,0,0,0,0,0,23,5,0,0,0,0,0,0,0,0,2,0,1,3,0,0,4,0,0,0,283,1680,0,0,0,0,0,0,0,0,0,0,0,0,0,25,0,0,0,0,0,16,0,0,0,0,756,0,0,18,1,0,0,0,0,0,5,0,0,0,6,0,0,0,0,0,0,0,0,0,0,4,0,0,0,0,0,0,779,0,0,0,0,0,0,0,0,0,59,0,13,0,0,0,6,0,0,0,0,0,8
TCGA-DD-A1EG_96,3.75890410958904,1,76,1,1,1,0,0,155,151,177,223,104,65,30,80,77,47,24,54,52,76,8,34,684,22,549,569,117,52,8,9,37,13,14,53,127,329,309,149,69,235,12,35,505,779,274,41,17,0,24,19,272,17,136,93,0,61,16,31,53,153,0,20,25,84,14,335,0,16,0,11,142,0,43,246,6,20,225,374,0,299,628,226,73,8,0,93,32,23,0,19,366,2,120,46,47,417,3,342,44,481,0,0,18,0,28,96,0,0,94,6,30,346,5,18,208,37,2,44,0,281,0,0,236,0,3,0,35,0,149,0,262,5,0,0,885,0,0,49,8,9,614,18,0,0,0,151,0,0,2,32,332,115,52,0,1,8,0,25,0,0,12,3,173,370,0,20,6,0,5,0,14,0,4,0,63,84,8,154,3192,0,0,668,0,0,85,57,21,105,0,147,15,1495,5,1,0,25,0,0,24,0,0,2530,32,0,0,358,0,0,1,0,0,2,136,0,2,10,0,0,87,0,2,219,0,1902,41,7,1071,9,2,0,0,9068,43,0,0,0,0,10,1,197,50,283,252,0,0,2,0,3,4,0,0,0,0,0,0,0,0,11,0,1,40,1,1,91,162,7,0,2,10,0,11,0,41,0,24,0,16,0,736,116,459,0,0,1,6,0,12,0,163,0,2,0,0,95,0,38,2,27,0,243,4,0,0,0,0,0,14,2,9,0,5,0,0,8,137,9,0,8,5,0,45,0,202,392,559,0,43,15,0,0,48,52,0,3,0,25,0,0,0,9,15,0,3,0,255,0,0,0,0,0,0,27,0,36,0,0,0,0,0,0,8,2,0,20,0,2,1,0,11,121,21,80,0,19,383,0,0,34,0,0,0,0,1,0,0,2,0,0,307,5,0,1,0,0,0,0,40,915,0,50,0,0,1,1,68,0,43,0,170,0,0,7,48,0,2,0,0,1,0,0,0,0,172,3,0,0,0,0,0,0,0,0,10,0,0,0,0,5,0,8,0,97,0,0,0,57,0,0,0,0,2,0,0,0,0,0,0,0,0,1,0,1,0,0,0,49,0,0,0,0,0,0,3,1,16,0,0,9,0,2,0,0,0,26,0,1,0,6,5,0,0,1,0,189,2,38,4,44,0,0,0,0,0,1,0,3,4,0,0,0,0,0,0,0,0,4,0,0,24,0,0,40,0,0,8,0,0,0,145,0,0,0,0,0,25,0,2,0,0,0,0,5,0,0,0,0,71,4,0,0,24,14,0,50,325,21,16,53,0,4,0,0,0,0,24,2,1,0,0,3,0,0,23,0,0,3,0,14,77,0,0,1,0,0,2,0,0,0,0,0,7,10,10,0,856,2,7,131,0,2,0,0,0,0,0,35,0,0,0,4,4,6,3,0,0,0,0,6,0,0,0,2,3,164,111,4,0,33,985,0,0,15,0,0,61
TCGA-DD-A1EH_97,4.0958904109589,0,23,1,3,3,0,0,263,259,137,252,81,83,32,62,58,62,22,81,62,100,7,57,489,18,358,803,101,46,10,12,44,10,15,65,133,453,339,119,64,272,22,44,481,641,112,43,36,0,42,26,296,15,238,63,0,50,21,29,66,162,0,16,80,77,32,417,0,14,0,18,268,0,64,270,7,22,111,350,0,293,602,153,45,4,0,120,46,18,0,20,299,7,163,52,45,684,2,200,57,779,0,0,17,0,27,132,0,0,125,7,35,74,5,17,193,100,1,37,0,190,0,0,276,0,3,0,32,0,109,0,179,11,0,0,1071,0,0,38,3,9,756,20,0,0,0,177,0,0,6,44,433,148,97,0,0,25,0,24,0,0,11,2,185,1025,0,30,10,0,4,0,28,0,5,0,63,40,6,121,4752,0,0,319,0,0,136,101,24,161,0,122,12,2027,7,2,0,44,0,0,19,0,0,2530,23,0,0,379,0,0,1,0,0,3,74,0,6,15,0,0,60,0,2,192,0,2725,38,7,949,5,2,0,0,12700,33,1,0,0,0,13,4,322,94,235,281,0,0,3,0,0,12,0,0,0,0,0,0,0,0,15,0,4,208,1,4,117,243,5,0,2,29,0,3,0,49,0,28,0,25,0,915,134,383,0,0,5,3,0,11,0,239,5,2,0,0,51,0,53,2,40,0,103,2,0,0,0,0,0,9,6,10,0,3,0,7,2,176,4,0,2,20,0,24,0,167,447,579,0,46,22,0,0,51,48,0,13,0,20,0,0,0,0,15,0,0,0,228,0,0,0,0,0,0,32,0,36,0,0,0,2,0,0,11,0,0,26,0,4,4,0,12,216,34,65,0,7,407,0,0,0,0,0,0,0,3,0,0,14,0,0,718,29,0,2,0,0,0,0,58,522,0,56,2,0,0,2,92,0,28,0,211,0,0,8,45,0,3,0,0,3,0,0,0,0,220,5,0,0,1,0,0,0,0,0,5,0,0,2,0,0,3,9,0,79,0,0,0,80,0,0,0,0,0,0,0,0,0,0,1,1,0,0,0,0,0,0,0,223,0,0,0,2,0,5,0,0,23,0,0,10,0,9,0,0,0,16,0,3,0,1,1,0,0,0,0,29,7,19,1,31,0,0,0,0,0,0,0,5,0,0,0,0,0,0,0,0,0,0,0,0,146,0,0,31,0,3,4,0,0,0,99,0,0,0,0,0,16,0,4,0,0,0,6,6,0,0,0,0,61,4,0,0,19,11,0,50,316,6,13,41,0,0,0,0,0,0,20,1,0,0,0,0,0,0,0,0,0,13,0,27,40,0,0,0,0,0,0,0,0,0,0,0,8,0,14,0,387,4,4,205,0,1,0,0,0,0,0,49,0,0,0,0,6,3,0,0,0,0,3,1,0,0,0,2,0,133,52,8,0,21,1113,0,0,17,0,0,38
TCGA-DD-A1EH_98,4.0958904109589,0,23,1,3,3,0,0,3,0,52,4,1,25,3,10,5,3,0,17,22,0,0,0,74,3,11,8,7,9,2,0,0,0,1,0,0,89,36,0,1,3,0,0,34,9,38,0,19,0,0,0,0,0,21,117,0,9,14,0,7,32,4,12,3,6,7,0,0,0,4,0,96,9,0,18,0,2,9,231,0,55,118,22,15,0,0,0,6,0,0,3,73,0,49,3,11,80,19,1166,15,0,5,0,3,0,0,45,0,5,0,0,0,6,0,3,35,2,0,11,1,18,6,0,47,3,0,5,8,4,17,2,0,21,0,2,8,0,0,0,0,0,92,0,2,0,0,46,0,4,0,19,0,80,20,0,10,0,1,0,21,0,0,0,67,1,2,0,4,0,0,0,3,3,0,0,17,0,0,2,27,0,0,199,2,2,43,13,0,0,0,83,0,1113,0,0,2,0,0,4,2,0,0,78,0,0,1,157,0,0,0,0,0,0,46,0,0,6,0,0,8,11,0,1,1,549,2,11,628,0,0,0,0,2530,0,0,0,16,1,1,0,0,15,422,0,0,0,0,0,19,8,2,0,0,0,0,0,0,0,5,2,0,20,3,0,3,228,0,0,0,0,0,88,0,134,0,0,3,0,0,39,0,412,0,0,0,0,0,6,0,9,0,0,0,0,5,0,179,0,4,0,10,41,0,0,0,5,1,0,0,0,4,0,25,0,0,23,0,0,0,25,0,0,1,97,265,0,0,8,0,0,3,10,0,0,2,0,0,0,1,0,0,0,2,46,0,5,0,5,0,0,0,0,0,0,0,0,0,0,1,0,0,0,1,0,0,0,0,0,0,0,136,1,0,0,3,0,0,0,0,0,0,2,0,2,0,0,2,0,0,95,1,0,0,0,0,0,0,14,2,0,43,0,0,0,0,61,0,0,0,7,0,0,0,0,37,0,0,0,0,0,6,0,0,114,0,0,0,0,0,0,0,2,14,0,0,0,0,0,0,18,8,2,124,0,4,0,0,0,0,0,0,0,1,0,0,0,33,0,0,440,0,0,69,0,0,1,3,0,0,0,0,1,0,26,0,3,0,0,12,0,0,2,0,0,0,0,0,0,0,31,0,0,223,0,0,15,2,161,0,0,0,0,0,85,61,0,0,0,0,0,0,0,0,0,0,0,0,0,0,0,0,0,0,7,3,0,0,0,0,0,0,4,0,0,0,0,0,0,0,0,0,0,0,0,0,0,0,5,0,0,0,0,0,0,0,0,26,0,13,0,0,0,0,0,0,0,0,0,24,0,0,3,4,11,0,0,0,0,0,0,0,1416,0,0,0,0,4,0,0,0,0,0,0,0,0,0,0,0,0,0,0,0,0,185,5,0,25,0,0,0,0,0,0,3,0,0,0,0,0,0,335,0,0,1,0,21,19,0,0,0,0,0,0,0,0,0
TCGA-DD-A1EI_99,0.501369863013699,0,46,1,1,1,0,0,22,9,28,14,11,6,6,22,7,14,8,9,7,39,0,2,92,1,37,75,41,15,2,2,8,0,0,25,18,182,66,8,10,83,1,1,41,262,34,5,7,0,7,20,25,1,39,49,0,13,8,2,7,16,5,3,12,17,1,33,0,0,10,2,27,1,13,48,3,4,16,197,0,131,241,14,8,1,0,17,31,1,0,21,88,0,48,15,21,57,19,1680,10,53,10,0,10,0,6,109,0,4,29,1,8,9,0,5,87,6,0,13,0,52,0,0,100,0,0,7,7,1,77,1,77,0,0,3,245,0,0,11,0,2,109,1,2,6,0,64,0,0,0,34,140,75,42,0,2,4,0,0,0,0,0,0,94,339,0,13,4,0,0,0,1,6,4,0,17,21,0,10,829,0,0,137,2,0,34,34,2,12,0,52,0,653,0,0,0,16,0,0,2,0,0,718,3,0,0,265,1,0,0,0,0,0,7,0,0,8,0,0,29,7,0,27,0,684,16,0,779,0,0,0,0,2725,6,0,0,0,0,11,1,387,136,62,41,0,0,0,0,7,3,0,0,0,0,0,0,2,0,2,0,0,38,116,0,115,117,0,1,0,4,0,55,8,49,0,14,0,1,0,856,15,291,0,0,2,0,0,0,12,185,0,0,0,0,3,0,18,0,1,16,38,9,0,0,0,2,0,4,3,3,0,0,54,0,0,43,0,0,0,4,0,2,3,73,177,60,2,16,0,0,7,1,1,0,0,1,0,0,0,0,0,0,0,35,1,36,0,0,0,2,0,0,0,0,4,0,0,0,0,0,0,0,58,0,9,0,0,0,0,0,45,17,8,0,26,16,0,0,27,0,0,0,0,0,0,0,1,0,7,106,0,0,0,0,0,0,0,13,158,0,10,0,0,0,0,201,0,2,0,89,0,2,3,4,0,0,0,0,0,0,4,0,0,106,0,0,0,0,0,0,0,0,6,2,0,0,0,0,0,0,15,0,31,0,0,0,85,0,0,0,0,0,0,0,0,0,0,0,0,85,0,0,915,0,0,4,12,0,0,0,0,0,0,1,0,3,0,0,11,0,0,0,0,0,1,0,0,0,0,24,0,0,94,0,0,11,0,0,2,0,1,0,0,0,4,0,0,0,0,0,2,0,11,0,0,0,0,0,0,11,0,0,4,5,0,1,2,0,0,2,0,0,0,0,0,0,0,0,4,0,0,0,0,0,0,8,0,0,1,0,0,0,0,0,1,332,18,0,2,0,0,0,0,0,0,0,0,0,0,0,0,2,0,0,0,0,3,0,1,1,0,283,0,0,11,0,0,0,0,0,0,38,0,0,0,49,0,0,9,0,0,0,0,54,0,0,35,0,0,0,0,0,0,1025,0,0,0,0,0,0,0,0,0,0,4,7,0,0,1,25,0,0,0,0,0,0
TCGA-DD-A1EI_100,0.501369863013699,0,46,1,1,1,0,0,293,163,202,149,108,95,47,62,78,71,31,69,91,96,8,7,829,25,309,248,113,45,15,14,30,13,8,44,160,453,241,85,71,238,15,25,590,668,246,68,58,0,59,33,387,5,158,166,0,99,22,37,76,137,0,28,61,94,29,540,0,10,0,14,169,0,32,253,12,24,276,335,0,281,489,313,60,6,0,100,58,14,0,40,379,6,162,42,70,531,1,188,56,402,0,0,44,0,42,157,0,0,132,6,32,81,2,22,274,80,0,50,0,412,3,0,217,0,10,0,55,0,168,0,358,15,0,0,1495,0,0,36,2,4,497,25,0,0,0,257,0,0,0,37,383,123,97,0,0,24,0,27,0,0,2,1,197,915,0,31,15,0,3,0,15,0,6,0,77,8,6,78,2962,0,0,514,0,0,113,103,25,138,0,259,11,1585,2,1,0,24,0,0,34,0,0,3192,23,0,0,481,0,0,0,0,0,2,118,0,2,13,0,0,54,0,1,193,0,2175,32,5,1071,6,2,0,0,9068,49,0,0,0,0,12,3,319,69,417,474,0,0,4,0,0,13,0,0,0,0,0,0,0,0,15,0,0,370,0,1,195,374,8,0,1,29,0,6,0,75,0,22,0,29,1,736,156,362,0,0,4,5,0,15,0,332,5,1,0,0,76,0,52,4,7,0,141,1,0,0,0,0,1,6,8,7,0,6,0,10,10,196,9,0,4,16,0,15,0,147,684,70,0,66,16,0,0,55,55,0,12,0,25,2,0,0,2,8,0,0,0,220,0,0,0,0,0,0,31,0,28,0,0,0,0,0,0,20,2,0,10,0,4,3,0,10,216,45,90,1,32,228,0,0,122,0,0,0,0,6,0,0,8,0,0,505,9,0,4,0,0,0,0,77,985,0,14,4,0,0,4,129,0,49,0,144,0,0,8,38,0,2,0,0,1,0,0,0,0,296,2,0,0,0,0,0,1,0,0,18,0,0,0,0,0,1,26,0,159,0,0,0,119,0,0,0,0,2,0,0,0,0,0,1,0,0,2,0,0,0,0,0,138,0,0,0,0,0,2,1,0,17,0,0,25,0,8,0,1,0,26,0,4,0,0,5,0,0,0,0,4,11,19,2,30,0,0,0,0,0,0,0,2,3,0,0,0,0,1,0,0,0,0,0,0,12,1,0,45,0,34,11,0,0,0,38,0,0,0,0,0,1,0,2,0,0,0,0,6,0,0,0,0,4,4,0,0,8,3,0,34,307,12,8,54,0,0,0,0,0,0,23,0,0,0,0,0,0,0,4,0,0,3,0,16,48,0,14,0,0,0,0,0,3,0,0,0,14,0,15,0,239,6,7,165,0,0,0,0,0,0,0,52,0,0,0,0,9,0,0,0,0,0,0,2,0,0,0,6,0,44,92,13,0,19,459,0,0,16,0,0,0
TCGA-DD-A1EJ_101,2.75342465753425,1,71,0,3,1,0,1,17,0,30,0,2,7,0,7,8,17,5,14,10,20,1,1,66,1,51,1,39,12,1,0,4,0,5,13,9,134,58,0,2,123,0,0,24,12,10,2,7,1,8,6,1,0,45,18,0,16,3,0,3,2,12,2,0,18,0,28,0,2,11,0,60,0,3,0,0,0,189,117,1,96,175,14,0,0,0,0,21,0,2,5,11,0,27,6,5,73,7,985,1,0,14,1,2,2,1,7,0,8,31,1,22,30,0,7,4,0,0,10,2,21,27,0,37,0,0,19,0,2,42,3,1,0,0,9,14,0,0,4,1,0,387,0,5,1,0,1,1,1,0,31,114,132,6,0,1,2,0,2,2,0,0,0,82,6,1,0,0,0,0,1,2,7,0,0,11,14,0,4,21,0,0,265,14,7,40,28,0,0,0,63,0,366,0,0,1,0,0,0,0,0,0,559,0,0,1,489,3,0,0,0,0,0,0,1,2,3,0,2,16,12,0,39,0,453,9,1,105,0,0,1,0,3835,2,0,0,0,3,0,0,24,48,4,3,0,1,0,0,2,4,0,0,0,1,0,1,2,0,2,5,0,160,37,0,58,181,0,1,0,0,0,118,0,24,0,13,0,0,0,190,0,272,0,0,4,1,0,10,15,0,0,0,0,0,1,0,6,0,7,39,21,2,0,0,0,3,0,0,6,0,0,0,67,0,0,32,0,0,0,0,0,0,0,46,215,42,0,56,1,0,77,8,0,0,0,1,0,0,6,0,0,0,0,179,3,90,0,1,0,0,0,0,0,0,0,1,1,0,0,0,0,0,370,0,22,0,0,0,0,0,329,26,7,0,27,3,0,0,0,0,0,2,0,0,0,4,13,0,0,77,0,0,0,0,0,0,0,30,81,0,22,0,0,0,0,38,0,6,0,2,0,21,2,0,0,0,0,0,0,5,0,0,0,22,0,0,0,0,0,0,0,0,3,0,0,0,0,0,0,9,4,0,34,0,2,0,122,0,0,0,0,0,0,0,9,1,3,0,0,392,0,0,9,0,0,5,0,0,0,1,0,0,0,0,0,1,0,0,0,0,1,0,0,0,0,0,0,0,0,2,0,0,117,0,0,10,0,0,0,1,0,0,0,71,20,0,0,0,0,0,1,0,0,0,0,0,0,0,0,1,0,0,0,1,0,0,0,0,0,0,0,0,0,0,0,2,0,0,0,0,4,5,0,0,0,0,0,7,0,0,1,0,0,1,0,3,139,0,33,0,0,0,0,0,100,3,0,0,1,2,3,0,11,0,0,0,18,0,0,0,0,1788,0,0,26,0,1,0,0,0,0,32,0,0,0,0,0,3,0,0,0,0,0,44,0,0,0,0,0,0,0,0,0,47,0,0,0,0,0,0,0,0,3,0,0,25,72,0,0,2,0,0,0,0,0,0
TCGA-DD-A1EJ_102,2.75342465753425,1,71,0,3,1,0,1,173,170,124,134,88,78,13,56,69,52,37,72,92,103,9,33,335,9,417,433,97,50,9,12,64,6,12,36,100,428,276,59,42,274,22,30,263,407,117,36,19,0,30,16,182,7,104,65,0,80,15,21,54,194,0,22,48,96,14,354,0,15,0,11,131,0,38,291,4,11,332,387,0,226,522,106,31,3,0,103,30,10,0,20,148,6,102,31,48,346,1,265,45,949,0,0,16,0,50,89,0,0,66,6,59,61,5,16,325,27,0,32,0,69,0,0,358,0,6,0,28,0,160,0,165,3,0,0,422,0,0,48,2,1,313,12,0,0,0,163,0,0,9,37,250,142,34,0,0,12,0,49,0,0,3,2,205,505,0,20,10,0,3,0,17,0,6,0,39,56,5,33,3192,0,0,549,0,0,90,88,55,31,0,116,6,1585,3,1,0,22,0,0,29,0,0,885,24,0,0,467,0,0,0,0,0,4,82,0,7,10,0,0,33,0,1,316,0,1680,53,11,1071,2,3,0,0,6589,14,2,0,0,0,24,1,213,41,191,219,0,0,2,0,0,8,0,0,0,0,0,0,0,0,11,0,1,126,1,0,135,172,7,0,1,14,0,2,0,69,0,32,0,17,1,756,84,412,0,0,4,0,0,11,0,152,0,1,0,0,35,0,60,6,22,0,94,0,0,0,0,0,0,6,2,1,0,6,0,0,2,129,6,0,0,8,0,35,0,188,370,1416,0,45,15,0,0,77,44,0,4,0,18,0,0,0,2,14,0,33,0,215,0,0,0,0,0,0,22,0,24,0,0,0,0,0,0,8,0,0,45,0,3,1,0,4,235,26,61,0,27,12,0,0,67,0,0,0,0,0,0,0,14,0,0,302,0,0,1,0,0,0,0,31,185,0,28,0,0,1,1,75,0,21,0,187,0,0,4,31,0,2,0,0,0,0,0,0,0,283,9,0,0,0,0,0,0,0,0,0,0,0,1,0,0,15,16,0,121,0,0,0,50,0,0,0,0,0,0,0,0,0,0,0,0,0,1,0,1,0,0,0,92,0,0,0,0,0,3,0,0,6,0,0,12,0,5,0,0,2,7,0,5,0,0,2,0,0,0,0,8,6,8,0,13,0,0,0,0,0,0,0,28,0,0,0,0,0,0,0,0,0,1,0,0,20,0,0,36,0,8,4,0,0,0,84,0,0,0,0,0,49,0,5,0,0,0,4,0,0,0,0,0,25,4,0,0,12,0,0,83,514,4,5,30,0,0,0,0,0,0,19,2,0,0,0,7,0,0,5,0,0,13,0,18,58,0,0,0,0,0,0,0,0,0,0,0,16,1,17,2,248,0,3,51,0,0,0,0,0,0,0,34,8,0,0,1,14,3,6,0,0,0,0,2,0,0,0,0,1,55,86,4,0,39,736,3,0,9,0,0,0
TCGA-DD-A1EK_103,1.52876712328767,1,64,0,4,4,1,0,307,201,94,159,27,36,16,8,30,55,32,42,98,143,17,39,276,8,1282,278,46,15,13,3,22,6,8,25,45,136,339,28,13,283,9,13,181,177,24,15,17,0,50,14,140,3,127,66,0,35,24,16,27,117,0,28,77,17,48,4,0,10,0,1,103,0,60,358,17,15,42,160,0,68,522,50,5,2,0,58,16,3,0,10,402,2,99,24,30,228,0,350,40,43,6,0,22,0,12,86,0,2,89,5,7,1,20,5,374,19,0,7,0,71,6,0,190,0,11,0,8,2,325,0,23,33,0,2,189,0,0,26,0,5,915,6,1,0,0,59,0,0,12,19,239,28,51,0,0,8,0,7,0,0,1,0,125,779,0,0,3,0,3,0,44,6,3,0,69,76,0,13,2725,0,0,207,0,0,252,19,25,9,0,83,1,1025,0,0,0,31,0,0,9,0,0,1348,15,0,0,422,0,0,0,0,0,0,7,0,10,0,0,0,18,3,0,32,0,1416,18,18,602,0,6,0,0,6589,67,0,0,0,0,24,3,95,175,100,179,0,1,0,0,0,8,0,0,0,0,0,0,0,0,2,0,0,43,9,0,98,245,3,1,1,1,0,5,0,57,0,10,0,8,1,396,36,514,0,0,1,1,0,14,0,163,0,0,0,0,32,0,11,0,6,0,168,0,0,0,0,0,1,0,4,3,0,0,0,0,0,128,15,0,6,7,0,6,1,147,885,3192,1,55,5,0,9,48,6,0,12,1,3,0,9,0,0,0,0,5,3,200,0,0,0,0,0,0,4,0,26,6,0,0,5,0,0,4,8,2,4,0,0,0,0,4,346,3,2,1,41,111,0,0,11,0,0,0,0,0,0,0,7,0,0,154,0,0,1,0,0,0,0,6,270,0,134,0,0,1,0,63,0,6,0,387,0,2,3,0,0,0,0,0,0,0,0,0,0,118,0,0,0,0,0,0,0,0,0,0,0,0,0,0,0,7,5,0,35,0,0,0,15,0,0,0,0,5,0,0,0,0,0,0,0,2,0,0,1,0,0,0,253,0,0,0,0,0,0,1,0,1,0,0,26,0,2,1,0,5,117,0,1,0,0,0,0,0,13,0,2,9,34,0,13,0,0,0,0,0,0,0,60,0,2,0,0,0,0,0,0,0,0,0,9,2,0,0,0,0,73,5,0,0,0,15,0,0,0,0,0,178,7,0,0,0,0,1,0,9,0,1,38,1,1,0,0,4,0,0,4,302,569,3,6,1,0,0,0,0,0,0,0,0,0,0,38,0,0,0,0,0,17,0,0,0,0,115,0,0,0,0,0,0,0,0,0,17,0,0,0,0,7,4,0,0,0,0,0,0,0,0,0,8,0,0,0,0,0,160,0,0,15,1,0,0,0,0,2,87,0,0,2,1,0,2,0,0,0,0,0,0
TCGA-DD-A1EL_104,1.13698630136986,1,23,1,2,2,0,0,1,15,6,1,12,13,4,0,26,8,1,13,38,3,0,6,177,4,668,0,31,15,0,4,18,0,1,61,24,69,19,9,8,56,23,0,316,0,0,11,10,0,0,1,0,3,8,2,0,4,5,3,7,6,15,0,0,55,3,6,0,2,6,1,69,0,18,31,2,75,76,262,3,90,32,0,3,0,1,3,17,2,4,21,101,0,58,4,42,11,10,2725,21,11,17,0,0,1,0,54,0,8,2,0,23,0,0,5,346,0,0,8,24,49,4,0,23,1,0,0,0,2,20,7,4,0,2,12,215,0,4,28,8,0,309,1,9,3,0,26,1,5,7,4,6,39,40,0,0,1,1,74,1,3,0,0,44,170,6,2,0,1,0,3,0,13,3,0,8,84,0,17,3192,0,0,1,0,0,28,2,0,1,1,5,0,1166,0,0,2,2,0,1,0,0,0,302,0,0,4,101,3,2,0,0,0,0,0,2,0,3,0,0,13,16,0,5,0,16,6,4,80,0,0,6,0,1113,1,0,0,0,0,0,0,6,57,0,50,2,4,0,1,4,0,0,0,0,7,0,0,8,6,2,0,0,18,4,0,0,62,0,3,1,12,0,6,1,4,0,7,2,1,0,0,0,26,0,0,0,1,0,0,2,37,0,0,0,0,0,2,47,0,1,32,0,12,0,0,0,0,0,13,0,6,0,0,0,3,0,1,0,4,6,0,0,0,2,93,6589,433,6,45,0,0,0,18,4,0,0,0,0,1,0,0,0,0,0,20,1,77,0,58,0,2,0,2,0,0,1,0,0,0,0,0,0,0,60,0,27,0,3,0,0,0,22,25,0,0,53,31,0,0,0,0,0,0,3,0,0,0,2,0,0,2,0,0,0,0,0,0,0,11,149,0,1,0,0,0,0,7,0,0,0,0,0,32,0,4,0,0,0,2,0,0,0,35,0,291,0,0,0,1,0,0,0,100,0,0,0,0,0,0,0,2,1,0,0,0,2,0,21,41,0,0,0,0,0,0,0,1,0,0,0,0,0,0,885,0,0,0,10,0,0,0,0,0,0,0,0,0,0,0,30,0,0,0,0,0,11,0,0,0,0,6,0,0,79,0,0,0,0,0,0,4,0,0,0,2,0,0,0,0,0,0,0,4,0,8,0,0,0,0,0,2,1,1,0,9,0,0,14,0,0,0,0,0,0,0,0,6,1,0,0,0,0,0,0,0,0,0,0,9,0,1,0,0,1,0,0,24,9068,0,0,0,0,0,0,0,0,0,6,0,0,0,4,0,0,0,0,7,0,0,16,0,0,514,0,0,23,0,1,0,0,0,0,19,0,0,0,2,38,4,0,0,0,0,0,0,0,0,0,0,0,0,0,0,0,133,0,0,0,0,0,10,0,0,0,4,0,0,128,0,6,0,0,0,0,8,2,4
TCGA-DD-A1EL_105,1.13698630136986,1,23,1,2,2,0,0,313,155,132,88,107,58,35,61,73,79,25,91,70,106,12,79,718,23,459,342,87,66,11,11,62,9,12,42,97,358,228,80,61,263,21,25,569,559,121,51,58,0,47,33,250,10,117,173,0,48,19,45,72,119,0,23,62,61,25,350,0,12,0,14,245,0,48,170,6,27,132,383,0,307,684,194,51,6,0,91,51,21,0,38,428,4,174,28,47,474,4,274,62,453,0,0,31,0,30,142,0,0,49,5,45,37,4,17,134,48,1,38,0,412,0,0,262,0,3,0,49,0,133,0,281,19,0,0,1223,0,0,44,3,5,803,17,0,0,0,197,0,0,2,34,231,89,96,0,0,22,0,33,0,0,8,1,176,1025,0,23,7,0,3,0,28,0,4,0,55,112,8,57,2530,0,0,407,0,0,93,111,23,257,0,239,7,1788,2,1,0,36,0,0,11,0,0,2962,33,0,0,467,0,0,0,0,0,1,41,0,2,15,0,0,91,0,1,181,0,2027,49,8,1166,6,3,0,0,4752,41,2,0,0,0,9,3,366,126,278,392,0,0,6,0,1,10,0,0,0,0,0,0,0,0,13,0,3,191,2,1,119,265,9,0,2,18,0,4,0,55,0,22,0,32,1,779,122,417,0,0,5,5,0,4,0,293,2,1,0,0,73,0,34,3,13,0,147,3,0,0,0,0,1,6,6,13,0,6,1,9,7,136,4,0,5,12,0,20,0,128,614,118,0,57,17,0,0,43,44,0,12,0,17,0,0,0,0,18,0,5,0,255,0,0,0,0,0,0,16,0,36,0,0,0,0,0,0,16,5,0,32,0,3,3,0,5,192,49,44,0,59,31,0,0,89,0,0,0,0,9,0,0,10,0,0,514,9,0,4,0,0,0,0,52,756,0,33,1,0,1,3,90,0,31,0,145,0,0,8,45,0,4,0,0,0,0,1,0,0,304,5,0,0,1,0,0,1,0,0,5,0,0,0,0,0,0,25,0,117,0,0,0,113,0,0,0,0,16,0,0,0,0,0,0,2,0,0,0,0,0,0,0,183,0,0,0,0,0,1,3,7,14,0,0,25,0,5,0,6,0,27,0,4,0,2,5,0,0,8,0,13,9,12,3,28,0,0,0,0,0,2,0,0,2,0,0,0,0,2,0,0,0,1,0,0,20,1,0,67,0,6,11,0,0,0,48,0,0,0,0,0,3,0,2,0,0,0,2,0,0,0,0,0,18,2,0,0,14,4,0,59,270,8,2,63,0,0,0,0,0,0,22,3,0,0,0,17,0,0,6,0,0,17,0,14,68,0,6,0,0,4,0,0,0,0,0,0,17,0,19,2,246,4,6,154,0,2,0,0,0,0,0,48,0,0,0,0,11,1,26,0,0,0,3,5,0,0,0,0,23,40,125,16,0,40,177,3,0,11,0,0,34
TCGA-DD-A39V_106,1.76164383561644,1,77,1,2,2,0,2,4,25,22,23,47,12,15,0,10,10,8,10,26,4,1,53,216,11,358,1,23,12,10,13,4,0,1,33,7,72,65,62,25,51,15,13,31,0,0,5,7,0,1,4,0,4,18,37,0,17,9,0,2,39,3,0,7,17,10,14,0,26,5,1,342,0,69,13,4,27,49,101,0,133,59,26,10,5,1,6,9,12,1,3,92,0,34,7,26,278,10,1680,25,21,8,0,0,0,0,41,0,5,4,1,9,1,0,6,302,2,0,7,5,153,0,0,107,0,1,0,4,2,56,1,65,0,1,5,236,0,0,86,13,3,433,18,4,0,0,83,0,0,4,7,14,102,20,0,0,35,1,71,0,0,0,1,77,181,1,19,0,0,0,0,7,17,0,0,8,27,0,20,6589,0,0,2,0,0,16,15,1,3,0,24,1,2342,7,0,0,23,0,1,29,0,0,641,0,0,0,105,1,0,0,0,0,0,1,0,1,0,0,0,15,2,1,16,0,18,14,3,522,0,0,0,0,756,2,0,0,0,0,4,0,80,28,99,9,3,1,0,0,1,1,0,0,0,1,0,0,0,0,4,0,2,4,1,0,0,128,0,0,0,1,0,30,2,0,0,19,1,0,0,20,1,134,0,0,1,2,0,5,0,203,0,0,0,0,0,0,220,0,0,5,2,5,0,0,0,0,0,54,4,4,0,0,11,3,1,7,2,0,0,0,0,0,0,549,885,5426,0,50,0,0,2,10,2,0,4,0,0,2,0,0,0,1,0,16,0,13,0,1,0,0,0,0,2,0,1,0,0,0,0,0,0,0,86,0,10,0,4,0,0,0,40,4,2,0,3,121,0,0,74,0,0,0,0,0,0,0,14,0,0,18,0,0,3,0,0,0,0,81,299,0,23,0,0,0,1,17,0,0,0,0,0,3,1,1,0,1,0,4,0,0,0,1,0,92,0,0,0,1,0,0,15,0,0,0,0,0,0,0,0,0,0,0,0,0,0,0,14,10,0,6,0,0,0,0,0,0,0,0,0,0,0,0,7,0,0,0,0,0,0,0,1,0,10,0,0,1,1,0,0,0,0,0,0,1,12,0,0,0,0,6,0,0,19,0,0,0,6,0,0,2,0,0,0,0,0,2,0,0,0,0,0,0,0,0,0,0,0,0,0,32,0,7,0,11,0,0,11,0,0,5,0,0,0,0,0,107,0,0,0,0,0,0,0,0,0,0,0,32,0,0,0,0,11,0,0,219,2027,0,0,0,0,0,0,0,0,0,0,0,0,0,0,0,0,0,0,0,31,0,39,0,0,37,0,0,0,0,0,0,0,0,0,0,0,0,0,5,15,2,8,0,0,2,0,0,0,0,0,0,0,1,1,0,0,829,0,0,0,0,0,4,0,0,0,0,2,0,127,0,61,3,0,129,0,0,0,0
TCGA-DD-A39V_107,1.76164383561644,1,77,1,2,2,0,2,183,144,87,99,80,53,16,68,62,75,24,89,54,157,7,51,283,16,296,309,72,41,7,12,22,5,8,34,189,531,293,69,47,387,9,64,236,259,111,41,38,0,36,15,235,10,252,83,0,83,11,38,60,202,0,39,29,45,20,614,0,16,0,9,160,0,59,205,11,29,190,422,0,268,481,64,27,5,0,70,37,17,0,25,396,7,139,43,54,417,0,228,76,339,0,0,30,0,32,145,0,0,45,7,34,117,3,10,193,73,0,38,0,175,0,0,402,0,5,0,50,0,200,0,233,9,0,0,985,0,0,39,12,4,522,10,0,0,0,112,0,0,9,22,143,255,54,0,0,23,0,23,0,0,3,2,131,701,0,67,7,0,3,0,31,0,5,0,56,18,1,166,6589,0,0,354,0,0,89,107,44,241,0,180,8,1416,5,2,0,40,0,0,20,0,0,1113,24,0,0,474,0,0,1,0,0,1,47,0,6,12,0,0,65,0,1,257,0,1585,25,7,1071,2,5,0,0,3192,55,1,0,0,0,46,4,170,63,172,159,0,0,5,0,1,8,0,0,0,0,0,0,0,0,4,0,2,288,0,0,133,206,16,0,1,28,0,5,0,71,0,39,0,17,0,590,136,379,0,0,3,0,0,10,0,195,1,1,0,0,73,0,95,2,15,0,90,2,0,0,0,0,0,7,5,2,0,5,0,4,1,130,6,0,1,10,0,33,0,181,628,12700,0,49,16,0,0,42,37,0,8,0,9,0,0,0,7,34,0,0,0,299,0,0,0,0,0,0,47,0,38,0,0,0,1,0,0,9,1,0,9,0,0,1,0,6,243,28,67,0,34,316,0,0,95,0,0,0,0,4,0,0,14,0,0,489,32,0,1,0,0,0,0,46,540,0,76,2,0,4,2,107,0,18,0,253,0,0,9,39,0,3,0,0,0,0,0,0,0,332,3,0,0,1,0,0,2,0,0,4,0,0,1,0,0,1,42,0,58,0,0,0,67,0,1,0,0,3,0,0,0,0,2,0,0,0,1,0,4,0,0,0,123,0,0,0,0,0,2,0,0,18,0,0,13,0,3,0,0,0,20,0,3,0,3,3,0,0,3,0,32,4,20,1,18,0,0,0,0,0,0,0,39,0,0,0,0,0,0,0,0,0,2,0,0,14,0,0,41,0,5,7,0,0,0,138,0,0,0,0,0,856,0,5,0,0,0,2,1,0,0,0,0,73,2,0,0,16,0,0,46,736,13,14,40,0,0,0,0,0,0,24,1,0,0,0,1,0,0,0,0,0,2,0,16,55,0,5,0,0,0,0,0,0,0,0,0,8,0,13,0,497,4,0,39,0,0,0,0,0,0,0,33,0,0,0,0,4,7,12,0,0,0,0,3,0,0,0,2,0,163,91,6,0,25,1223,0,0,24,0,0,0
TCGA-DD-A39W_108,2.26575342465753,1,29,0,3,3,0,0,0,10,32,5,27,30,8,10,21,8,13,18,39,14,8,81,248,2,4,2,56,23,3,13,9,1,5,17,0,0,114,3,15,76,0,0,2,16,0,4,14,0,6,14,0,6,20,0,0,53,11,0,5,0,0,13,56,23,14,0,0,0,3,4,1282,0,66,33,0,8,109,21,0,143,7,0,6,0,0,0,64,6,0,11,37,0,57,11,56,2342,1,148,19,45,1,0,0,0,0,8,0,0,26,0,0,13,0,21,154,0,0,11,4,540,0,0,31,0,0,4,2,0,1,0,29,0,0,0,37,0,0,40,1,3,159,30,0,0,0,302,0,0,2,70,1,288,42,0,0,15,0,92,1,0,0,0,160,2,0,0,0,0,0,0,1,1,1,0,28,79,0,0,167,0,0,62,26,3,103,3,2,0,0,15,0,1416,0,0,0,0,0,0,3,0,0,188,0,0,0,497,0,0,4,0,0,0,0,0,0,0,0,1,11,1,0,0,0,15,31,4,30,0,2,0,0,3835,0,0,0,0,0,0,0,87,69,28,110,0,0,4,0,0,5,0,0,0,0,0,1,10,0,49,0,0,379,0,0,231,392,0,0,4,3,0,11,0,3,0,3,0,0,2,0,0,74,0,0,0,0,0,0,0,1,0,1,0,0,0,0,9,0,18,68,0,1,0,0,0,3,0,2,0,0,4,0,0,0,0,366,1,0,0,0,0,0,0,90,1788,0,0,38,0,0,0,0,0,0,0,0,0,0,0,0,0,0,0,3,0,173,0,0,0,0,0,0,0,0,0,0,0,0,0,0,0,0,48,0,142,0,5,0,0,5,99,128,9,0,309,52,0,0,0,0,0,2,0,0,0,0,18,0,0,641,1,0,0,0,0,0,0,9,803,0,53,14,2,0,26,39,0,3,0,34,0,94,0,1,0,0,0,0,0,0,0,0,0,579,0,0,0,4,0,0,0,0,0,0,0,3,0,0,0,78,2,0,16,0,0,0,0,27,0,0,0,0,0,0,0,0,5,0,0,2,0,0,0,0,0,0,0,0,0,0,0,0,0,0,0,0,0,0,0,0,0,0,0,18,0,0,2,0,0,0,0,0,14,0,0,19,0,19,0,22,0,0,0,0,0,0,0,0,0,0,0,0,0,0,0,0,0,0,0,9,0,23,0,4,0,1,4,0,0,0,0,0,0,0,0,0,0,0,0,0,1,2,0,0,0,0,0,29,0,0,0,1,9,0,0,0,9,0,7,0,0,0,0,0,9,32,0,0,0,0,0,0,9,0,0,0,0,0,64,0,0,26,0,0,0,0,1,38,0,0,0,0,0,0,0,7,9,12,0,0,0,0,0,206,0,0,0,0,1,0,0,0,0,1071,0,0,7,0,0,0,756,0,0,0,0,0,383,0,10,23,0,0,0,0,3,0
TCGA-DD-A39W_109,2.26575342465753,1,29,0,3,3,0,0,206,194,163,195,122,87,45,87,89,93,21,64,76,89,15,64,559,39,453,447,122,76,11,18,75,11,13,112,151,489,332,152,76,339,19,34,412,569,167,60,32,0,62,34,354,16,118,94,0,106,19,37,72,207,0,31,43,126,33,374,0,22,0,17,257,0,60,366,11,27,370,602,0,329,590,212,51,6,0,147,63,19,0,34,350,8,153,74,54,779,0,146,54,1788,0,0,30,0,35,190,0,0,99,14,29,46,6,19,208,92,1,60,0,268,0,0,231,0,7,0,91,0,134,0,233,17,0,0,1223,0,0,44,10,7,467,34,0,0,0,262,0,0,2,46,362,197,84,0,0,30,0,57,0,0,13,1,112,1025,0,36,10,0,3,0,28,0,5,0,92,36,10,87,2342,0,0,514,0,0,149,81,21,155,0,205,16,1585,3,2,0,41,0,0,42,0,0,2027,28,0,0,668,0,0,4,0,0,2,235,0,8,11,0,0,39,0,3,177,0,3192,31,6,1113,3,5,0,0,12700,54,0,0,0,0,27,3,402,58,163,252,0,0,5,0,0,9,0,0,0,0,0,0,0,0,18,0,3,433,1,3,165,283,4,0,4,35,0,2,0,64,0,31,0,42,0,653,125,481,0,0,7,2,0,12,0,202,2,1,0,0,169,0,80,0,40,0,168,0,0,0,0,0,0,9,10,7,0,7,0,1,4,281,8,0,0,23,0,27,0,189,756,309,0,54,32,0,0,53,57,0,12,0,25,0,0,0,6,17,0,0,0,220,0,1,0,0,0,0,33,0,26,0,0,0,1,0,0,8,1,0,18,0,2,2,0,9,210,66,94,2,49,428,0,0,86,0,0,0,2,10,0,0,16,0,0,614,14,0,4,0,0,0,0,46,856,0,101,2,0,1,4,88,0,40,0,216,0,0,6,33,0,3,0,0,1,0,0,0,0,422,7,0,0,0,0,0,0,0,0,13,0,0,3,0,0,5,12,0,74,0,0,0,70,0,0,0,0,0,0,0,0,0,0,1,0,0,0,0,0,0,0,0,162,0,0,0,0,0,2,0,8,15,0,0,22,0,6,0,0,0,17,0,6,0,5,0,0,0,3,0,42,11,19,0,33,0,0,0,0,0,0,0,28,1,1,0,0,0,0,0,0,2,0,0,0,54,0,0,33,0,9,5,0,0,0,66,0,0,0,0,0,16,0,3,0,0,0,2,3,0,0,0,0,75,4,0,0,19,23,0,52,272,3,24,77,0,6,0,0,0,0,30,2,0,0,0,0,0,0,1,0,0,17,0,23,43,0,0,0,0,0,0,0,0,0,0,0,13,0,17,2,245,8,7,322,0,0,0,3,0,0,0,18,6,0,0,0,7,5,7,0,0,0,23,3,0,0,0,10,0,119,69,9,0,17,1348,0,0,23,0,0,0
TCGA-DD-A39X_110,4.64109589041096,1,78,0,1,1,0,2,223,132,112,139,135,89,20,60,115,67,12,114,52,82,11,62,569,20,383,250,68,47,13,15,58,13,14,39,82,350,283,80,70,304,20,47,263,428,77,42,22,0,26,23,151,18,138,130,0,34,20,22,78,181,0,37,64,87,20,248,0,21,0,16,296,0,70,185,10,30,200,559,0,274,505,114,41,10,0,95,45,18,0,21,366,3,133,53,53,590,0,164,78,885,0,0,16,0,29,142,0,0,99,19,54,62,12,17,313,85,1,50,0,156,0,0,252,0,6,0,35,0,138,0,278,3,0,0,1282,0,0,43,6,2,374,20,0,0,0,172,0,0,9,47,346,145,55,0,0,25,0,37,0,0,7,4,145,1025,0,49,8,0,4,0,23,0,8,0,58,81,7,97,3192,0,0,459,0,0,103,105,44,92,0,160,10,2027,4,2,0,33,0,0,39,0,0,1680,20,0,0,453,0,0,3,0,0,5,128,0,7,13,0,0,48,0,4,316,0,1788,22,19,1071,6,8,0,0,2725,29,0,0,0,0,30,4,387,83,173,196,0,0,6,0,0,13,0,0,0,0,0,0,0,0,13,0,4,217,0,2,160,253,4,0,4,18,0,1,0,60,0,36,0,29,0,701,104,402,0,0,8,1,0,8,0,152,1,2,0,0,79,0,65,0,36,0,119,0,0,0,0,0,0,15,14,0,0,8,0,2,0,207,2,0,5,5,0,45,0,205,481,549,0,62,22,0,0,40,37,0,6,0,23,1,0,0,1,26,0,0,0,241,0,0,0,0,0,0,12,0,26,0,0,0,3,0,0,9,1,0,28,0,4,2,0,6,262,47,72,0,26,66,0,0,276,0,0,0,2,2,0,0,11,0,0,602,1,0,6,0,0,0,0,56,641,0,17,4,0,0,2,67,0,38,0,270,0,0,13,37,0,5,0,0,0,0,0,0,0,392,7,0,0,1,0,0,2,0,0,5,0,0,1,0,0,9,4,0,155,0,0,0,71,0,1,0,0,1,0,0,0,0,0,0,0,0,0,0,2,0,0,0,210,0,0,0,0,0,2,0,0,15,0,0,8,0,5,0,0,0,16,0,3,0,5,1,0,0,1,0,2,12,17,0,33,0,0,0,0,0,0,0,10,0,0,0,0,0,0,0,0,0,4,0,0,120,0,0,35,0,0,7,0,0,0,147,0,0,0,0,0,33,0,5,0,0,0,4,7,0,0,0,0,42,4,0,0,38,23,0,38,579,4,5,28,0,3,0,0,0,0,42,1,0,0,0,0,0,0,1,0,0,16,0,27,47,0,0,0,0,0,0,0,0,0,0,0,8,0,14,1,736,3,4,293,1,0,0,5,0,0,0,7,3,0,0,6,7,3,0,0,0,0,0,5,0,0,0,4,0,193,91,25,0,29,1223,3,0,15,0,0,0
TCGA-DD-A39X_111,4.64109589041096,1,78,0,1,1,0,2,116,12,32,22,18,14,12,6,31,40,2,17,40,38,0,26,133,2,6,8,0,8,1,1,7,0,1,31,1,138,179,35,43,18,3,2,569,45,30,5,5,0,5,2,3,1,248,64,0,4,0,7,54,34,1,4,31,29,7,113,0,13,0,2,12,0,33,51,0,90,65,119,1,133,122,26,62,2,0,78,12,11,0,6,30,0,107,30,0,101,1,2027,73,0,8,0,5,0,10,101,0,2,12,0,11,11,16,7,127,0,0,7,4,34,2,0,84,0,0,1,2,2,15,1,109,0,1,2,2,0,0,23,0,1,156,10,2,1,0,13,0,0,3,5,42,48,54,0,0,0,0,26,2,0,0,0,105,226,1,27,1,0,2,0,11,7,0,0,18,46,0,33,3192,0,0,89,0,0,33,8,5,170,0,50,0,803,1,1,0,31,0,0,1,0,0,2530,0,0,0,39,0,0,0,0,0,0,9,0,0,3,0,0,5,2,0,3,0,1585,5,7,332,0,0,1,0,2342,4,0,0,0,0,1,0,73,43,33,203,0,0,0,0,8,2,0,0,4,0,0,0,0,0,0,13,1,94,0,0,43,40,1,0,1,0,0,67,0,8,0,11,0,4,0,153,0,134,0,0,3,11,0,1,10,87,0,0,0,0,0,1,0,0,6,0,80,7,0,0,0,0,0,3,1,0,0,0,0,0,3,27,0,0,29,0,0,0,2,62,1113,278,4,20,0,0,0,49,24,0,6,0,0,0,0,0,0,0,0,30,3,304,0,12,0,0,0,0,0,0,3,0,0,0,0,0,0,2,5,0,8,0,0,0,0,4,7,1,6,0,3,272,0,0,1,0,0,0,0,0,0,0,11,0,0,168,0,0,1,0,0,0,0,15,2175,0,2,0,0,0,0,10,0,43,2,0,0,0,0,2,0,11,0,0,0,0,0,0,0,54,0,0,0,0,0,0,0,0,0,0,0,0,0,0,0,12,1,0,40,6,5,0,16,0,0,0,0,0,0,0,0,0,2,0,0,0,0,0,137,0,0,0,1,0,0,0,1,0,1,2,1,8,0,0,35,0,0,0,0,0,17,0,0,0,0,31,0,0,0,0,0,0,2,69,0,0,0,4,0,8,8,0,0,4,0,0,0,0,0,1,0,0,0,0,0,14,0,0,0,1,16,22,0,0,0,1,0,0,0,0,0,4,4,0,0,0,0,0,0,0,0,9,0,8,0,0,0,0,0,1,0,27,3835,0,0,1,0,0,0,0,0,0,0,0,3,0,39,0,1,0,0,0,0,2,36,0,0,26,0,0,0,0,0,0,0,0,0,2,0,0,0,29,0,0,0,0,0,0,2,0,0,0,18,0,0,0,0,0,0,0,0,0,45,0,0,0,0,0,0,86,1,0,0,6,0,31,0,0,5,0,2,0
TCGA-DD-A39Y_112,0.468493150684932,1,67,1,1,1,0,2,1,0,28,0,2,4,0,4,13,4,1,3,7,5,1,15,143,0,0,1,15,10,2,0,4,0,0,55,4,28,31,1,1,134,0,3,0,2,0,9,3,2,0,5,0,0,53,17,1,1,1,0,26,41,11,2,5,7,2,0,1,0,5,1,9,1,19,57,0,15,1,100,2,63,42,16,7,0,3,26,9,4,9,8,73,0,23,6,11,0,14,2342,6,0,50,0,0,2,0,70,0,11,8,0,7,2,0,6,56,4,0,7,6,281,0,0,122,1,0,1,0,7,12,6,4,0,3,32,0,0,2,26,0,0,4,1,23,7,0,9,1,5,0,5,36,35,37,0,3,0,4,15,2,0,0,0,24,14,5,35,0,4,0,3,2,47,1,0,41,19,0,4,668,0,0,7,5,0,28,7,0,12,1,6,0,641,2,2,1,12,0,3,3,0,0,497,0,0,5,31,7,0,0,0,0,0,4,6,0,1,0,0,9,9,13,10,1,59,6,0,467,0,0,2,0,228,1,0,0,0,0,0,0,87,90,94,0,6,6,0,0,3,4,0,0,0,4,0,0,0,6,0,6,0,4,25,0,15,60,0,4,0,0,0,235,1,0,0,1,0,0,0,215,0,65,0,0,0,1,0,0,1,219,0,0,0,0,0,0,2,0,0,0,3,7,0,0,0,0,0,0,0,0,0,0,9,0,0,1,0,0,0,0,0,2,44,36,1416,45,1,10,0,0,4,14,0,0,0,4,0,0,0,2,0,0,0,60,2,188,0,0,0,0,0,2,0,0,0,0,0,0,0,0,0,0,77,0,4,3,0,0,0,4,16,3,0,0,10,137,0,0,5,0,0,2,0,0,0,0,0,0,0,56,0,0,0,0,0,4,0,0,1071,0,38,0,0,0,0,0,0,3,0,0,0,2,0,0,0,0,0,3,0,0,0,0,0,2,0,0,0,0,0,0,0,0,0,0,0,0,0,0,0,3,0,0,1,0,0,0,12,0,0,0,0,0,0,0,0,0,9,0,0,0,0,0,949,0,0,1,0,0,0,0,0,0,0,0,0,2,1,0,0,0,0,0,0,0,110,0,0,6,0,2,0,0,0,0,0,0,1,0,0,6,0,0,0,0,0,0,0,0,0,0,0,0,0,0,0,0,0,0,0,15,0,0,0,12,0,0,4,0,0,0,0,0,0,0,0,1,0,0,0,0,0,0,0,2,0,4,0,4,0,0,0,0,0,0,0,27,1680,0,0,0,0,0,0,0,0,0,0,0,0,0,0,0,0,0,0,0,141,0,0,0,0,383,0,0,12,9,0,0,0,0,0,0,0,0,0,6,0,0,0,0,0,0,0,0,0,0,0,0,0,0,0,0,0,422,0,0,0,0,0,0,0,0,0,2,0,0,0,0,0,4,0,0,0,0,1,0
TCGA-DD-A39Z_113,1.64657534246575,1,43,0,2,2,0,2,7,0,50,28,12,10,5,6,12,17,14,8,22,23,1,8,145,0,75,0,29,6,0,6,4,3,4,1,3,131,131,0,27,68,3,4,63,70,30,7,7,1,2,5,1,4,122,120,0,22,6,0,22,64,1,16,55,30,2,5,0,8,31,0,103,0,15,37,4,16,28,168,3,84,309,14,12,0,1,94,7,4,2,0,89,0,73,14,21,182,1,540,16,17,11,0,11,0,32,50,0,7,15,0,6,2,1,11,25,45,0,12,0,54,0,0,106,1,1,0,4,0,20,6,7,1,0,5,291,0,1,32,0,0,220,2,7,0,0,108,0,2,1,16,48,76,12,0,3,23,1,6,0,0,0,4,157,2,2,0,5,0,0,0,0,12,7,0,65,117,0,20,1680,0,0,137,1,0,44,2,11,8,0,40,2,1585,2,0,0,14,0,1,21,0,0,41,0,0,1,86,3,0,5,0,0,0,9,2,0,7,0,0,35,4,0,62,0,174,3,3,379,1,0,4,0,1223,0,0,0,0,0,11,0,153,7,63,18,0,1,0,0,14,4,0,0,0,1,1,0,0,0,7,1,0,26,14,0,54,79,2,1,0,0,0,1,4,32,0,19,1,0,0,856,0,316,0,0,1,0,0,0,1,225,0,0,0,0,0,0,110,0,4,0,16,13,0,0,0,0,0,0,9,0,0,0,6,1,0,44,0,0,0,4,0,9,0,302,97,4,0,20,0,0,0,17,0,0,0,0,0,0,0,0,0,0,0,24,0,3,0,2,0,0,0,0,0,0,3,0,0,0,0,0,0,0,65,0,21,0,0,0,0,0,79,1,0,0,11,0,0,0,149,0,0,1,0,0,0,0,3,0,0,206,0,0,5,1,0,0,0,0,12,0,18,0,0,0,1,28,0,0,0,8,0,2,4,2,3,0,0,0,0,0,1,0,0,93,0,0,0,1,0,0,0,0,7,0,0,0,0,0,0,5,0,0,83,0,0,0,24,0,0,0,0,0,0,0,1,0,0,0,0,40,0,0,0,0,0,0,13,0,0,0,1,0,0,1,0,0,0,0,4,0,0,1,0,0,1,0,0,0,0,0,0,0,125,0,0,7,0,0,10,0,0,0,0,0,9,0,0,0,0,0,0,0,0,0,0,0,0,0,0,14,0,0,0,0,0,6,0,0,0,1,0,0,0,0,0,0,0,0,0,0,0,0,0,0,0,0,0,3,0,0,0,10,30,0,0,0,2,0,1,0,0,0,0,0,0,17,0,0,0,0,28,0,1,0,0,3,26,0,21,0,0,121,0,0,71,0,0,0,0,0,0,0,0,0,0,0,0,0,9,0,304,0,0,0,0,0,0,0,0,0,0,0,0,1416,0,0,0,0,0,0,0,0,0,0,0,72,6,0,0,2,0,0,0,0,0,4
TCGA-DD-A39Z_114,1.64657534246575,1,43,0,2,2,0,2,152,202,122,173,102,68,22,53,75,46,20,80,60,106,6,71,422,18,293,313,88,41,9,14,44,13,13,54,85,274,387,75,68,329,18,41,346,549,98,28,19,0,44,23,190,17,61,111,0,44,13,24,53,178,0,27,78,91,20,392,0,17,0,17,219,0,58,257,13,24,176,350,0,203,531,121,37,11,0,100,35,16,0,19,302,9,147,60,47,383,0,175,62,417,1,0,18,0,26,119,0,1,89,13,25,72,3,21,276,87,1,54,0,145,0,0,362,0,1,0,22,0,154,0,231,3,0,0,701,0,0,56,3,4,505,18,0,0,0,207,0,0,4,33,319,169,48,0,0,18,0,21,0,0,5,2,262,579,0,39,14,0,7,0,17,0,7,0,57,89,4,49,6589,0,0,514,0,0,90,87,48,35,0,115,10,1788,5,2,0,35,0,0,47,0,0,1416,18,0,0,396,0,0,1,0,0,2,95,0,8,14,0,0,48,0,3,339,0,1585,9,15,1071,7,5,0,0,3835,47,0,0,0,0,33,4,253,73,193,151,0,0,5,0,0,8,0,0,0,0,0,0,0,0,12,0,5,201,1,3,79,195,4,0,1,10,1,3,0,55,0,44,0,35,0,829,171,332,0,0,6,6,0,5,0,151,1,1,0,0,26,0,56,0,35,0,111,4,0,0,0,0,0,3,7,2,0,3,1,0,3,263,4,0,3,9,0,36,0,194,366,2175,0,49,16,0,0,34,49,0,4,0,27,0,0,0,1,41,0,0,0,268,0,0,0,0,0,0,56,0,47,0,0,0,2,0,0,8,8,0,22,0,2,3,0,12,296,35,66,0,23,168,0,0,165,0,0,0,0,3,0,0,10,0,0,407,3,0,4,0,0,0,0,61,440,0,59,2,0,2,2,94,0,33,0,228,0,0,10,7,0,6,0,0,1,0,0,0,0,304,9,0,0,0,0,0,0,0,0,9,0,0,3,0,0,5,16,0,113,0,0,0,93,0,2,0,0,0,0,0,0,0,2,0,0,0,0,0,2,0,0,0,127,0,0,0,0,0,3,0,2,16,0,0,7,0,9,0,0,2,14,0,4,0,3,0,0,0,1,0,16,7,15,0,28,0,0,0,0,0,0,0,15,0,0,0,0,0,0,0,0,0,0,0,0,174,0,3,3,0,0,6,0,0,0,96,0,0,0,0,0,149,0,7,0,0,0,2,3,0,0,0,0,47,4,0,1,28,11,0,7,641,4,1,26,0,0,0,0,0,0,37,1,0,0,0,0,0,0,0,0,0,14,0,26,7,0,1,0,0,0,0,0,0,0,0,0,4,0,7,0,379,0,2,197,3,0,0,1,0,0,0,34,6,0,0,6,2,0,71,0,0,0,0,0,0,0,0,0,0,103,92,6,0,5,915,3,0,16,0,0,36
TCGA-DD-A3A1_115,0.638356164383562,1,65,1,3,3,0,0,107,77,75,71,84,44,17,47,55,31,17,27,54,140,2,52,350,12,206,223,60,19,7,13,19,6,5,47,78,296,362,78,50,225,13,44,316,374,61,30,25,0,23,10,99,8,160,87,0,66,8,17,41,106,0,16,41,76,13,213,0,19,1,5,145,0,59,109,6,19,185,299,0,238,559,74,40,6,0,80,20,16,0,10,335,4,87,57,18,701,0,614,30,370,0,0,9,0,20,78,0,0,68,5,31,59,17,14,257,60,0,19,0,313,0,0,235,0,3,0,11,0,111,0,172,4,0,0,779,0,0,44,2,5,641,12,0,0,0,78,0,0,4,24,274,106,37,0,0,39,0,37,0,0,1,2,110,668,0,40,7,0,0,0,15,0,1,0,53,86,2,110,3835,0,0,265,0,0,37,68,35,146,0,154,12,1348,9,2,0,34,0,0,52,0,0,1223,11,0,0,255,0,0,2,0,0,2,98,0,4,9,0,0,54,0,3,291,0,856,22,3,985,1,1,0,0,4215,16,2,0,0,0,13,0,158,26,259,148,0,0,3,0,3,1,0,0,0,0,0,0,0,0,11,0,1,96,1,1,105,156,10,0,2,10,0,7,0,19,0,19,0,15,0,522,85,293,0,0,4,4,0,7,0,239,1,1,0,0,37,0,107,4,30,0,118,1,0,0,0,0,0,6,6,0,0,1,1,2,4,143,4,0,8,2,0,47,0,505,453,29064,0,39,9,0,0,54,44,0,4,0,18,0,1,0,3,19,0,17,0,199,0,0,0,0,0,0,25,0,17,0,0,0,0,0,0,8,5,0,41,0,4,0,0,9,220,5,56,0,5,58,0,0,58,0,0,0,0,1,0,0,9,0,0,396,0,0,4,0,0,0,0,75,718,0,57,0,0,3,0,52,0,27,0,100,0,0,4,56,0,8,0,0,0,0,0,0,0,191,6,0,0,0,0,0,0,0,0,3,0,0,0,0,0,0,7,0,50,0,1,0,78,0,0,0,0,0,0,0,0,0,0,0,0,0,1,0,10,0,0,0,45,0,0,0,0,0,3,0,0,9,0,0,0,0,4,0,0,0,10,0,3,0,0,3,0,0,7,0,10,1,6,1,41,0,0,0,0,0,0,0,9,0,0,0,0,0,0,0,0,0,2,1,0,31,0,0,38,0,11,6,0,0,0,116,0,0,0,0,0,1166,0,3,0,0,0,1,2,0,0,0,0,104,4,0,0,10,6,0,61,474,25,1,14,0,0,0,0,0,0,22,3,0,0,0,3,0,0,5,0,0,8,0,19,50,0,2,0,0,0,0,0,0,0,1,0,9,0,11,0,736,0,0,138,0,4,0,1,0,0,0,61,1,0,0,0,3,6,383,0,0,0,0,3,0,0,0,1,6,325,46,7,0,86,1282,1,0,14,0,0,0
TCGA-DD-A3A2_116,5.83835616438356,1,76,0,1,1,0,0,196,183,99,296,114,39,83,49,145,50,54,39,98,124,21,68,803,20,126,2342,147,77,12,14,77,16,41,97,109,238,132,12,122,243,28,48,590,63,123,36,33,0,60,15,0,4,350,142,0,168,39,23,57,138,0,17,109,87,46,81,0,22,0,16,156,0,71,179,8,19,304,235,0,225,329,319,44,8,0,276,56,6,0,27,0,8,199,10,23,1223,0,148,34,407,0,0,24,0,26,173,0,0,159,16,27,58,0,14,412,39,2,45,0,366,0,0,104,0,6,0,25,0,262,0,4,49,0,0,1585,0,0,69,2,15,1071,7,0,0,0,194,0,0,25,42,175,313,146,0,0,36,0,20,0,0,2,3,447,1416,0,12,10,0,3,0,43,0,2,0,12,113,2,291,3835,0,0,718,0,0,83,39,3,48,0,167,14,2962,5,1,0,23,0,0,92,1,0,736,4,0,0,253,0,0,1,0,0,8,5,0,11,14,0,0,19,0,7,16,0,4215,51,0,641,3,0,0,0,12700,8,0,0,0,0,16,6,203,61,27,335,0,0,0,0,0,13,0,0,0,0,0,0,0,0,27,0,0,346,0,1,33,374,7,0,2,16,0,5,0,43,0,17,0,24,0,0,52,779,0,0,8,8,0,0,0,0,0,2,0,0,51,0,92,0,33,0,13,0,0,0,0,0,1,8,11,8,0,0,0,4,7,182,35,0,4,32,0,44,0,217,1113,185,0,64,20,0,0,100,43,0,0,0,23,2,0,0,0,1,0,3,0,215,0,0,0,0,0,0,15,0,33,0,0,0,4,0,0,6,1,0,38,0,1,1,0,4,422,0,21,0,88,16,0,0,49,0,0,0,13,3,0,0,19,0,0,579,74,0,3,0,0,0,0,0,1025,0,68,7,0,0,4,111,0,7,0,614,2,0,0,30,0,2,5,0,0,0,0,0,0,125,0,0,0,0,0,0,0,0,0,0,0,0,0,0,20,1,9,0,50,0,0,0,57,0,0,0,1,0,0,0,0,0,0,0,0,16,0,0,9,0,0,0,628,0,0,0,1,0,0,0,1,16,0,0,0,0,14,0,1,0,0,0,0,0,0,0,0,0,1,0,383,24,9,0,24,0,0,0,0,0,0,0,36,0,3,0,0,0,0,0,0,0,3,0,32,257,1,1,19,0,211,0,0,0,0,6,0,0,0,0,0,9,3,12,0,0,0,8,0,0,2,0,22,76,0,0,0,31,0,0,19,0,0,0,41,1,14,0,0,0,0,67,0,0,0,2,0,0,6,0,0,0,0,0,0,48,0,0,0,0,0,0,0,0,0,0,0,13,0,3,0,2,5,4,0,5,0,0,9,0,0,0,8,6,0,0,0,0,3,0,0,0,0,44,0,0,0,0,0,0,0,0,13,0,20,1,0,0,0,7,0,76
TCGA-DD-A3A2_117,5.83835616438356,1,76,0,1,1,0,0,387,117,140,174,119,70,24,75,64,64,18,85,58,87,16,99,433,22,417,829,101,73,15,13,66,18,19,50,143,440,217,147,57,392,22,44,366,885,153,61,16,0,20,26,243,14,128,85,0,70,17,23,83,220,0,34,43,169,20,1025,0,36,0,18,189,0,54,239,6,26,428,614,0,283,756,293,55,6,0,106,55,11,0,26,302,4,180,64,50,602,0,200,69,1416,0,0,24,0,36,143,0,0,105,20,40,114,12,19,223,92,1,44,0,208,0,0,268,0,6,0,40,0,135,0,202,6,0,0,718,0,0,38,9,4,307,21,0,0,0,187,0,0,5,31,325,225,62,0,0,30,0,46,0,0,3,3,183,949,0,40,15,0,7,0,22,0,5,0,80,48,8,89,2962,0,0,559,0,0,64,82,22,123,0,235,19,1902,3,2,0,70,0,0,51,0,0,1788,16,0,0,522,0,0,1,0,0,2,228,0,6,22,0,0,111,0,3,281,0,3192,22,13,1166,5,3,0,0,12700,33,0,0,0,0,21,3,358,36,222,296,0,0,7,0,0,13,0,0,0,0,0,0,0,0,14,0,0,540,1,4,142,203,6,0,4,27,0,3,0,38,0,25,0,23,2,856,122,481,0,0,7,2,0,6,0,142,2,3,0,0,113,0,71,0,43,0,89,0,0,0,0,0,0,20,5,1,0,6,2,1,4,238,2,0,1,11,0,39,0,226,453,304,0,56,27,0,0,62,48,0,4,0,24,3,0,0,2,26,0,0,0,286,0,0,0,0,0,0,7,0,41,0,0,0,0,0,0,18,1,0,40,0,13,3,0,6,231,39,78,0,31,168,0,0,88,0,0,0,2,2,0,0,11,0,0,579,8,0,5,0,0,0,0,71,985,0,41,10,0,0,4,54,0,40,0,195,0,0,8,40,0,3,0,0,1,0,0,0,0,276,7,0,0,0,0,0,0,0,0,9,0,0,5,0,0,7,1,0,94,0,0,0,57,0,0,0,0,0,0,0,0,0,0,1,0,0,0,0,0,0,0,0,138,0,0,0,0,0,0,0,0,19,0,0,10,0,12,0,0,0,6,0,5,0,3,0,0,0,1,0,35,2,38,0,46,0,0,0,0,0,0,0,41,0,0,0,0,0,0,0,0,0,2,0,0,194,0,0,43,0,37,5,0,0,0,50,0,0,0,0,0,7,0,3,0,0,0,1,3,0,0,0,0,28,4,0,0,11,15,0,44,370,1,7,43,0,28,0,0,0,0,36,1,0,0,0,1,0,0,0,0,0,9,0,17,48,0,0,1,0,0,0,0,0,0,1,0,9,0,18,0,193,4,8,159,2,0,0,3,0,0,0,32,4,0,0,0,6,9,50,0,0,0,0,3,0,0,0,0,1,64,81,1,0,41,641,5,0,24,0,0,36
TCGA-DD-A3A3_118,1.46575342465753,1,45,1,1,1,0,0,4,16,23,0,19,13,5,9,14,14,13,5,28,95,0,18,114,3,2,0,26,10,3,0,3,0,4,15,26,88,58,2,18,151,0,5,856,3,12,6,4,2,0,1,0,2,105,16,0,6,3,9,80,110,2,16,3,7,2,39,0,7,7,0,222,0,27,59,9,13,68,138,2,67,91,63,21,10,0,63,12,9,1,11,191,0,35,18,145,56,3,641,15,12,14,0,0,0,10,97,0,7,10,2,30,1,0,9,522,19,0,8,9,89,3,0,117,0,0,0,0,3,16,7,91,0,2,2,193,0,0,79,0,3,219,3,8,2,0,120,0,0,2,10,100,88,16,1,1,9,3,47,4,0,0,0,15,13,4,12,1,1,0,0,0,16,3,0,101,77,0,25,3487,0,0,61,0,0,29,3,13,10,0,50,2,1416,5,2,0,18,0,0,30,0,0,370,0,0,2,270,5,0,0,0,0,0,33,2,0,5,0,0,16,8,1,10,0,653,5,7,803,0,0,2,0,684,0,0,0,0,0,0,0,81,42,65,205,0,2,0,0,8,1,0,0,0,2,0,0,0,0,4,0,0,125,5,0,187,148,0,2,0,0,0,35,2,26,0,23,3,0,0,614,0,152,0,0,2,2,0,0,3,329,0,0,0,0,0,0,0,30,1,0,0,3,1,0,0,0,0,1,0,0,0,0,0,0,0,2,0,0,0,0,0,1,77,293,514,2725,0,38,0,0,2,17,0,0,0,3,0,0,0,0,0,5,0,17,0,108,0,11,0,0,0,0,0,0,1,0,0,0,0,0,0,7,98,0,35,3,4,0,0,10,74,4,12,0,30,0,0,0,122,0,0,0,0,0,0,0,8,0,0,216,0,0,0,0,0,0,0,85,17,0,93,0,0,0,0,13,0,9,0,0,0,0,0,3,8,7,0,0,0,0,0,0,0,91,0,4,0,1,0,1,0,0,0,0,0,0,0,0,0,0,0,0,8,6,0,0,41,17,0,0,0,0,0,0,0,0,1,0,0,0,0,1,132,0,0,0,0,0,0,0,0,0,0,9,0,7,4,0,0,0,4,2,0,0,34,0,0,0,0,0,0,0,163,0,0,0,0,98,0,0,0,1,0,0,1,0,0,0,0,0,0,0,0,1,0,0,0,1,0,137,0,0,0,0,59,2,0,0,0,3,0,6,0,0,0,108,0,0,0,0,0,0,0,0,0,5,0,15,0,0,0,0,0,0,0,296,2342,0,0,0,0,1,0,0,0,1,0,0,0,0,3,0,4,0,0,4,0,0,24,0,0,346,0,0,14,0,17,0,0,0,0,12,0,0,0,39,0,0,0,0,0,1,0,0,0,0,0,0,0,0,0,0,0,3192,0,7,0,0,0,3,0,0,0,0,1,37,11,1,9,12,0,0,1,0,0,2
TCGA-DD-A3A3_119,1.46575342465753,1,45,1,1,1,0,0,346,102,94,156,107,68,10,40,49,44,9,54,76,111,6,22,362,26,252,489,46,28,16,9,11,16,14,96,67,225,559,52,45,253,11,27,274,579,91,113,53,0,7,19,97,7,129,74,0,50,9,15,36,159,0,25,14,116,10,142,0,25,1,9,100,0,27,196,5,18,136,370,0,147,779,130,41,8,0,95,38,9,0,25,283,0,101,51,26,358,1,313,45,885,0,0,13,0,20,54,0,0,53,7,45,93,8,10,246,91,0,38,0,112,0,0,255,0,3,0,14,0,98,0,322,4,0,0,407,0,0,46,6,1,272,25,0,0,0,61,0,0,2,21,325,95,27,0,1,33,0,25,0,0,2,3,89,481,0,20,3,0,2,0,0,0,5,0,81,27,2,162,2962,0,0,549,0,0,79,58,36,590,0,215,6,2175,2,1,0,41,0,0,20,0,0,1348,8,0,0,402,0,0,0,0,0,1,514,0,5,11,0,0,83,0,3,428,0,1788,11,10,1282,5,1,0,0,3192,30,2,0,0,0,19,1,265,32,115,236,0,0,3,0,1,6,0,0,0,0,0,0,0,0,8,0,3,104,3,2,99,185,28,0,2,18,0,0,0,32,0,19,0,10,1,915,100,383,0,0,2,1,0,5,0,170,0,1,0,0,44,0,42,4,14,0,220,0,0,0,0,0,1,13,2,3,0,9,0,3,13,250,0,0,2,3,0,37,0,239,216,756,0,31,15,0,0,21,15,0,1,0,22,2,0,0,1,18,0,6,0,270,0,0,0,0,0,0,14,0,16,0,0,0,0,0,0,8,10,0,49,0,4,4,0,10,354,40,52,0,25,71,0,0,180,0,0,0,1,2,0,0,15,0,0,222,6,0,5,0,0,0,0,32,522,0,199,0,0,1,0,27,0,21,0,154,0,0,7,80,0,4,0,0,0,0,0,0,0,163,0,0,0,0,0,0,1,0,0,10,0,0,3,0,0,6,7,0,116,0,0,0,70,0,0,0,0,0,0,0,0,0,0,6,0,0,0,0,1,0,0,0,38,0,0,0,0,0,2,0,0,9,0,0,1,0,15,0,0,0,2,0,4,0,3,0,0,0,1,0,48,0,5,0,24,0,0,0,0,0,0,0,17,0,0,0,0,0,0,0,0,0,0,0,0,101,0,0,26,0,0,2,0,0,0,117,0,0,0,0,0,14,0,0,0,0,0,4,9,0,0,0,0,65,4,0,0,4,16,0,80,422,13,2,33,0,11,0,0,0,0,17,5,4,0,0,0,0,0,1,0,0,1,0,11,23,0,0,0,0,0,0,0,0,0,0,0,9,0,20,2,829,0,7,72,0,0,0,3,0,0,0,38,8,0,0,4,10,21,0,0,0,0,0,2,0,0,0,1,2,339,73,0,0,87,949,5,0,27,0,0,12
TCGA-DD-A3A4_120,1.67671232876712,1,37,1,3,3,0,0,259,141,104,101,54,85,11,50,42,30,16,59,65,51,5,30,407,18,540,164,49,29,6,8,43,4,12,95,60,272,417,55,28,246,24,23,366,286,42,28,12,0,26,9,239,4,15,58,0,27,11,11,35,144,0,19,70,91,8,115,0,14,0,10,225,0,37,122,3,18,140,653,0,220,718,155,27,4,0,108,27,13,0,19,219,2,110,39,43,531,0,396,29,1495,0,0,6,0,16,57,0,0,28,2,31,13,3,9,217,13,0,28,0,72,0,0,296,0,2,0,9,0,105,0,236,0,0,0,628,0,0,39,3,2,428,20,0,0,0,145,0,0,7,19,163,98,24,0,0,22,0,60,0,0,2,1,126,1025,0,17,7,0,4,0,22,0,4,0,40,43,2,23,6589,0,0,374,0,0,101,68,57,6,0,75,1,1788,3,1,0,17,0,0,13,0,0,985,7,0,0,379,0,0,1,0,0,4,76,0,7,8,0,0,39,0,2,196,0,1282,17,24,915,0,5,0,0,3192,4,4,0,0,0,17,3,180,39,151,88,0,0,0,0,1,3,0,0,0,0,0,0,0,0,9,0,2,69,3,0,117,177,2,0,1,4,0,4,0,18,0,31,0,17,0,383,61,283,0,0,5,6,0,3,0,255,0,0,0,0,41,0,41,9,12,0,142,0,0,0,0,0,1,6,1,4,0,10,0,0,2,89,0,0,1,3,0,23,0,202,459,4752,0,48,8,0,0,60,40,0,4,0,13,0,0,0,2,8,0,0,0,270,0,0,0,0,0,0,2,0,29,0,0,0,1,0,0,4,2,0,6,0,0,4,0,8,103,46,23,0,17,125,2,0,52,0,0,0,1,2,0,0,2,0,0,231,0,0,1,0,0,0,0,12,41,0,18,0,0,0,1,43,0,19,0,160,0,0,5,87,0,4,0,0,0,0,0,0,0,354,1,0,0,0,0,0,1,0,0,21,0,0,1,0,0,1,2,0,60,0,0,0,86,0,0,0,0,0,0,0,0,0,0,4,0,0,0,0,6,0,0,0,50,0,0,0,1,0,4,0,0,3,0,0,19,0,1,0,0,0,2,0,2,0,0,0,0,0,0,0,1,6,0,0,16,0,0,0,0,0,0,0,9,0,0,0,0,0,0,0,0,0,1,0,0,83,0,0,61,0,9,2,0,0,0,56,0,0,0,0,0,152,0,3,0,0,0,1,3,0,0,0,0,62,2,0,0,13,1,0,92,559,4,0,6,0,0,0,0,0,0,6,3,2,0,0,0,0,0,0,0,0,3,0,14,116,0,1,0,0,0,0,0,0,0,4,0,7,0,32,1,358,0,0,84,0,0,0,0,0,0,0,161,6,0,0,0,16,8,392,0,0,0,0,7,0,0,0,0,0,136,40,7,0,85,949,4,0,3,0,0,11
TCGA-DD-A3A4_121,1.67671232876712,1,37,1,3,3,0,0,602,82,114,0,45,94,6,16,51,8,30,59,78,47,6,28,1902,0,736,0,67,28,6,7,13,35,5,109,1,200,236,23,6,212,8,10,6589,21,205,1223,147,0,22,9,63,5,82,66,0,9,6,14,34,35,0,39,1,10,0,325,0,9,0,2,143,0,8,128,20,44,283,182,0,274,985,110,196,10,0,0,18,7,0,13,41,0,87,17,30,559,0,59,22,0,0,0,7,0,0,78,0,1,0,1,60,5,5,4,22,7,0,36,0,77,0,0,118,0,3,0,3,0,54,0,111,0,0,0,579,0,0,55,0,2,19,4,0,0,0,34,0,0,1,4,6,72,10,0,0,44,0,30,0,0,0,1,115,278,0,3,3,0,0,0,0,0,0,0,59,30,0,8,1025,0,0,342,0,0,122,41,8,481,0,190,7,614,0,1,0,61,0,1,7,0,0,31,0,0,0,383,0,0,10,0,0,0,38,0,1,2,0,0,270,0,0,18,0,1282,0,32,856,0,0,0,0,2725,0,0,0,0,0,27,3,154,3,30,718,0,0,0,0,114,1,0,0,0,0,0,0,0,0,19,0,1,122,0,0,296,88,4,0,0,0,0,23,0,2,20,32,0,1,0,34,0,316,0,0,0,0,0,0,12,25,0,7,0,0,0,0,0,0,32,0,233,0,0,0,0,0,0,0,6,0,0,4,0,8,2,5,5,0,0,0,0,0,0,61,453,24,0,53,3,0,0,72,19,0,1,0,3,0,0,0,0,2,0,0,0,701,0,10,0,0,0,0,4,0,53,0,0,0,0,0,0,12,2,0,129,0,15,0,0,6,24,243,1,0,59,6,0,0,3,0,0,0,7,0,0,0,11,2,0,299,0,0,0,0,0,0,0,37,183,0,29,0,0,0,0,0,0,30,0,0,0,3,0,6,0,0,0,0,1,18,0,0,0,307,0,0,2,0,0,0,0,0,0,0,0,0,0,0,0,0,0,0,0,0,0,0,38,0,0,0,0,0,0,0,0,0,0,0,0,0,0,0,0,0,0,0,0,0,2,0,0,0,0,0,0,0,0,0,36,0,47,0,51,0,2,0,0,0,0,0,0,0,219,0,0,0,0,0,31,0,0,0,0,0,12,0,0,0,8,0,6,0,0,0,0,0,0,2,0,1,0,1,0,23,0,49,0,0,0,17,0,0,0,0,0,2,0,0,0,0,0,0,0,0,0,0,0,38,0,0,0,0,24,0,3,0,1,0,19,0,0,0,0,0,0,0,0,0,15,0,40,0,0,0,0,0,0,0,7,0,0,109,0,0,0,0,0,0,0,0,0,14,0,0,0,245,0,0,4,0,0,0,0,0,0,0,10,0,0,0,0,0,0,0,0,0,2,0,0,0,0,0,0,0,54,131,2,0,0,428,0,0,11,0,24,2
TCGA-DD-A3A5_122,8.56164383561644,1,66,0,3,3,0,0,540,137,135,283,107,123,46,50,40,68,23,52,153,55,8,79,514,37,154,1416,103,28,9,5,30,17,21,38,70,220,307,74,21,192,30,31,590,325,103,48,24,0,32,15,233,5,362,133,0,20,20,36,165,110,2,30,79,133,27,197,0,32,0,9,82,0,129,109,4,46,194,243,1,235,453,253,82,7,0,10,29,14,0,19,459,3,177,173,33,83,1,374,48,116,7,0,15,1,14,117,0,5,15,12,25,66,38,9,288,208,1,36,0,417,0,0,387,0,1,0,6,3,80,5,95,12,1,3,79,0,0,57,1,2,316,28,3,0,0,113,0,2,2,26,50,175,60,0,1,16,1,24,0,0,0,0,262,146,2,8,7,0,3,0,12,14,2,0,94,58,2,16,2027,0,0,684,0,0,147,77,7,231,0,145,11,2962,2,3,0,71,0,0,24,0,0,4215,22,0,0,497,4,0,0,0,0,1,215,1,8,15,0,0,124,6,4,126,0,3835,20,11,949,5,0,1,0,12700,30,0,0,0,0,25,1,396,69,98,196,0,0,0,0,0,2,0,0,0,2,0,0,0,1,5,0,2,76,3,2,112,440,5,1,0,1,0,8,0,19,0,5,0,30,0,2342,73,1585,0,0,11,28,0,1,0,549,0,1,0,0,28,0,92,0,4,0,114,2,0,0,0,0,3,0,0,0,0,0,0,0,9,447,0,0,3,0,0,46,0,302,339,379,0,38,15,0,0,31,15,0,0,0,20,0,0,0,0,6,0,3,0,803,0,0,0,0,0,0,37,0,31,0,0,0,0,0,0,7,36,6,19,0,4,0,0,0,177,9,42,0,0,856,0,0,24,0,0,0,0,0,0,0,15,0,0,118,38,0,5,0,0,0,0,41,1025,0,10,0,0,0,3,68,0,37,0,67,0,0,6,2,0,5,0,0,0,0,0,0,0,97,0,0,0,0,0,0,0,0,0,0,0,0,0,0,1,0,7,0,74,0,0,0,7,0,0,0,0,0,0,1,0,0,0,0,0,0,0,0,0,0,0,0,69,0,0,0,1,0,0,0,33,13,0,0,3,0,2,0,8,2,13,0,1,0,2,0,0,0,10,0,147,0,8,0,7,0,0,0,0,0,0,0,0,3,5,0,0,0,0,0,2,0,1,0,0,10,1,1,0,0,113,6,0,0,0,0,0,0,0,0,0,14,0,0,1,0,0,0,0,0,0,0,0,0,1,0,10,0,0,0,0,149,0,0,27,0,0,0,0,0,0,16,0,0,0,0,5,0,0,0,0,0,31,0,0,0,0,5,0,0,0,0,0,0,0,0,0,28,0,0,0,0,0,2,0,0,0,0,0,0,0,0,7,28,0,0,0,0,0,0,0,0,0,0,0,0,0,0,0,53,0,0,1,0,0,0,0,4,14,0,0,0
TCGA-DD-A3A5_123,8.56164383561644,1,66,0,3,3,0,0,281,172,117,177,106,86,29,72,66,86,27,101,56,121,9,65,497,26,304,459,97,39,10,16,64,15,16,72,131,392,339,101,48,350,13,57,313,366,138,54,50,0,38,27,278,14,195,114,0,74,22,32,76,213,0,42,43,108,24,514,0,23,0,17,208,0,68,291,10,23,203,522,0,259,590,211,54,9,0,107,46,23,0,24,335,7,154,63,59,489,0,101,60,985,0,0,21,0,31,152,0,0,91,13,37,127,3,18,276,77,1,49,0,196,0,0,329,0,7,0,49,0,168,0,248,5,0,0,1025,0,0,44,8,4,641,19,0,0,0,252,0,0,9,34,288,205,75,0,0,23,0,34,0,0,9,2,179,531,0,52,8,0,3,0,24,0,7,0,62,63,3,174,4215,0,0,407,0,0,95,100,36,131,0,133,18,1585,5,4,0,36,0,0,52,0,0,1348,15,0,0,505,0,0,0,0,0,2,176,0,9,13,0,0,65,0,4,283,0,1495,18,10,1223,5,4,0,1,6589,47,0,0,0,0,39,4,325,65,233,170,0,0,5,0,0,8,0,0,0,0,0,0,0,0,10,0,4,309,0,1,99,243,17,0,4,16,0,3,0,64,0,38,0,35,0,628,182,346,0,0,4,7,0,12,0,128,3,1,0,0,87,0,75,0,15,0,97,0,0,0,0,0,0,8,9,3,0,5,1,4,2,239,8,0,2,18,0,37,0,180,481,4752,0,51,26,0,0,61,64,0,13,0,27,1,0,0,5,22,0,0,0,286,0,0,0,0,0,0,41,0,49,0,0,0,2,0,0,9,1,0,14,0,4,1,0,7,272,43,79,0,13,332,0,0,103,0,0,0,4,5,0,0,13,0,0,540,9,0,3,0,0,0,0,51,579,0,53,4,0,2,2,92,0,34,0,185,0,0,11,10,0,5,0,0,1,0,0,0,0,358,10,0,0,1,1,0,0,0,0,7,0,0,5,0,0,7,19,0,81,0,0,0,71,0,2,0,0,0,0,0,0,0,0,0,1,0,0,0,0,0,0,0,107,0,0,0,0,0,4,0,0,21,0,0,18,0,11,0,0,0,12,0,4,0,7,0,0,0,1,1,15,7,28,0,27,0,0,0,0,0,0,0,25,1,2,0,0,0,0,0,0,0,2,0,0,115,0,0,5,0,1,9,0,0,0,111,0,0,0,0,0,274,0,5,0,0,0,2,1,0,0,0,0,67,4,0,1,21,11,0,18,653,2,20,45,0,7,0,0,0,0,27,1,0,0,0,0,0,0,3,0,0,24,0,39,8,0,0,0,0,0,0,0,1,0,0,0,8,0,7,0,569,6,6,177,1,0,0,1,0,0,0,12,0,0,0,4,2,2,11,0,0,0,0,0,0,0,0,3,0,148,78,7,0,5,949,1,0,24,0,0,0
TCGA-DD-A3A6_124,8.92602739726027,1,72,0,2,2,0,0,128,131,103,255,89,70,28,57,46,48,15,28,51,103,6,78,489,16,339,885,122,42,8,20,32,15,8,106,133,417,296,140,88,245,15,50,396,668,70,46,23,0,30,22,179,17,134,119,0,66,16,36,36,124,0,20,32,143,20,274,0,16,0,6,213,0,78,199,8,18,202,412,0,222,540,168,38,8,0,116,32,22,0,14,497,9,99,83,37,602,0,120,33,1282,0,0,12,0,26,159,0,0,182,9,27,181,6,13,171,81,0,34,0,302,0,0,350,0,2,0,31,0,155,0,230,3,0,0,1788,0,0,40,2,10,481,34,0,0,0,228,0,0,6,30,440,195,110,0,0,20,0,32,0,0,11,7,98,1025,0,33,5,0,8,0,30,0,8,0,46,77,6,95,2175,0,0,329,0,0,80,96,43,105,0,123,20,1902,13,4,0,38,0,0,35,0,0,3835,27,0,0,402,0,0,0,0,0,2,270,0,11,5,0,0,51,0,7,233,1,2530,24,5,829,2,4,0,0,12700,65,3,0,1,0,30,0,342,75,225,223,0,0,2,0,4,4,0,0,0,0,0,0,0,0,9,0,2,268,2,4,110,205,4,0,5,17,0,8,0,39,0,20,0,33,0,985,160,304,0,0,2,3,0,10,0,189,3,2,0,0,72,1,68,0,12,0,58,2,0,0,0,0,1,11,8,1,0,2,0,4,3,288,7,0,9,11,0,44,0,178,531,614,0,44,13,0,0,68,73,0,12,0,32,3,2,0,5,11,0,0,0,272,0,0,0,0,0,0,28,0,32,0,0,0,1,0,0,9,1,0,20,0,7,1,0,10,180,21,106,0,19,653,0,0,107,1,0,1,0,2,0,0,11,0,0,803,6,0,4,0,0,0,0,99,1113,0,59,4,0,2,1,51,0,42,0,246,0,5,9,3,0,8,0,0,3,0,0,0,0,262,5,0,0,0,0,0,0,0,0,5,0,0,6,0,1,4,7,0,54,0,0,0,113,0,2,0,0,2,0,0,0,0,0,0,0,0,0,0,0,0,0,0,65,0,0,0,1,0,2,1,0,19,0,1,10,0,14,0,0,0,12,0,3,0,6,2,0,0,0,0,36,3,48,3,45,0,0,0,0,0,0,0,11,2,4,0,0,0,0,0,0,0,0,2,0,26,0,0,0,0,14,6,0,0,0,117,0,0,0,0,0,64,0,8,0,0,0,2,3,0,0,0,0,94,0,0,2,44,10,0,2,459,12,24,43,0,3,1,0,0,0,19,2,0,0,0,0,0,0,3,0,0,19,0,40,3,0,0,0,0,0,0,0,0,0,0,0,12,0,8,0,641,6,4,215,1,0,0,8,0,0,0,26,2,0,0,0,2,0,44,0,0,0,10,0,0,0,2,2,2,165,64,3,0,0,1680,1,0,13,0,0,32
TCGA-DD-A3A7_125,1.14794520547945,1,67,1,3,3,0,0,6,3,31,2,18,5,2,7,24,6,1,2,18,25,0,11,196,9,3,1,15,5,0,3,1,1,1,24,64,59,94,5,11,29,3,24,77,1,2,3,11,0,28,1,6,2,65,0,0,3,1,9,60,6,7,3,2,16,8,29,0,3,4,1,27,0,29,61,1,48,25,75,2,17,87,5,27,1,5,9,5,5,4,2,73,0,199,13,8,77,11,1282,42,7,15,0,3,0,4,8,0,14,3,1,10,2,8,2,161,24,0,9,4,122,0,0,25,1,0,0,1,3,13,6,1,0,0,8,21,0,1,2,0,5,325,11,20,0,0,57,2,1,2,6,47,67,25,0,0,7,3,13,0,0,0,0,60,54,2,5,0,3,3,0,4,55,0,0,90,24,0,13,1025,0,0,145,3,0,40,19,6,51,0,83,0,985,5,0,1,19,0,3,0,0,0,549,7,0,1,19,8,0,0,0,1,0,5,4,1,1,0,0,48,14,0,67,0,590,5,11,57,0,0,4,0,4215,0,0,0,0,0,6,0,97,3,102,96,0,1,0,1,8,0,0,0,2,0,0,0,0,0,0,0,0,36,0,0,34,34,0,7,1,6,0,80,1,3,6,4,0,1,0,89,0,85,0,0,0,6,0,0,5,253,0,0,0,0,0,0,82,0,6,0,26,4,0,0,0,0,0,0,3,0,0,0,8,0,12,0,0,0,6,0,0,0,6,313,350,803,0,24,0,0,1,7,0,0,0,0,0,0,0,0,0,0,0,239,0,322,0,1,0,0,0,2,0,0,77,0,9,0,0,0,0,0,42,0,29,3,2,0,0,2,4,0,0,0,0,203,0,0,36,0,0,2,0,0,0,0,4,0,0,96,0,0,7,0,0,0,0,0,1113,0,20,0,0,0,0,2,0,4,0,0,0,0,0,0,0,0,0,0,0,0,0,0,0,94,0,0,0,0,0,0,0,0,0,0,0,0,0,0,0,0,1,0,8,1,1,0,7,0,0,0,0,0,0,0,7,0,0,0,0,0,0,0,202,0,0,0,0,0,0,0,0,0,0,2,0,0,6,0,4,0,1,0,0,0,31,0,0,0,0,0,0,0,120,0,0,0,0,0,3,4,0,1,0,0,0,0,0,0,0,0,0,0,0,0,0,0,0,0,0,5,0,0,0,1,0,12,0,0,0,1,0,0,0,0,0,28,0,0,0,0,0,0,0,1,0,6,0,9,0,0,0,0,3,0,0,24,119,0,0,0,0,0,0,0,0,8,0,0,0,0,0,0,0,0,0,0,28,0,0,0,0,263,0,0,8,38,0,0,0,0,0,16,0,0,0,2,0,0,0,0,7,0,6,0,0,0,0,0,0,0,0,0,0,2725,0,0,12,0,0,0,0,0,0,24,1,0,0,0,0,5,0,0,0,0,1,0
TCGA-DD-A3A8_126,0.0301369863013699,1,75,1,2,2,0,0,219,316,160,151,136,71,63,36,51,44,38,37,115,61,6,72,628,29,985,168,117,19,18,16,50,11,8,44,57,481,252,101,68,329,17,25,803,641,20,41,19,0,5,18,14,10,199,177,0,83,34,27,39,163,0,29,105,34,20,112,0,11,0,8,779,0,105,80,10,19,374,194,0,228,489,27,45,27,0,85,31,17,0,7,569,4,125,42,150,856,1,163,30,4215,0,0,7,0,23,152,0,1,104,5,44,29,3,15,602,0,0,21,2,440,0,0,122,0,7,0,9,0,33,0,332,12,0,0,392,0,0,44,3,4,614,17,0,0,0,322,0,0,6,33,428,82,23,0,0,55,0,35,0,0,2,3,177,1113,0,31,2,0,6,0,10,2,16,0,132,185,0,42,2962,0,0,238,1,0,71,29,15,1,0,170,2,6589,10,4,0,27,0,0,45,0,0,1416,0,0,1,514,0,0,2,0,0,1,148,0,1,2,0,0,16,2,2,26,0,407,6,20,701,0,2,0,0,5426,6,0,0,0,0,21,0,433,131,276,117,0,0,3,0,7,8,0,0,0,0,0,0,0,0,10,0,3,133,0,0,71,325,2,0,7,3,0,0,0,25,0,28,0,5,1,339,14,505,0,0,1,1,0,11,3,220,0,2,0,0,0,0,255,0,8,0,30,1,0,0,0,0,1,22,20,11,0,0,3,0,1,73,18,0,1,2,0,10,0,453,447,101,0,50,0,0,0,56,11,0,1,0,3,7,0,0,0,4,0,0,0,42,0,0,0,0,0,0,4,2,0,0,0,0,2,0,0,1,14,0,28,0,8,0,0,12,157,54,31,0,50,66,0,0,1,0,0,0,3,0,0,0,6,0,0,142,8,0,1,0,0,0,0,30,235,0,33,6,0,0,8,23,0,3,0,0,0,0,1,3,0,0,0,0,1,0,0,0,0,540,0,0,0,2,0,0,22,0,0,0,0,0,0,0,0,0,0,0,35,0,0,0,108,17,0,3,0,0,0,0,0,0,0,0,0,6,0,0,0,0,0,0,16,5,0,0,0,0,2,0,0,0,0,0,3,0,16,0,0,0,14,0,2,0,0,0,0,0,0,0,0,6,0,0,53,2,0,0,0,0,0,0,0,4,0,0,0,0,0,0,0,0,0,0,13,172,1,0,0,1,30,3,0,0,0,13,0,0,0,0,0,0,3,0,0,0,0,0,3,0,0,0,0,2,0,2,0,0,36,0,0,0,7,0,0,1,0,0,0,0,0,0,0,0,0,0,53,0,0,0,0,0,7,0,51,0,0,3,0,0,0,0,11,15,0,0,0,13,0,0,0,2,42,2,31,0,0,0,0,0,0,3,0,0,0,0,0,0,0,0,0,0,0,0,0,1,0,0,1,36,0,64,78,0,0,2,0,10,0,7,2,0
TCGA-DD-A3A8_127,0.0301369863013699,1,75,1,2,2,0,0,329,223,133,213,75,78,31,57,75,72,19,46,57,122,8,48,569,33,474,614,67,31,10,7,19,3,9,106,117,417,265,113,86,174,7,28,362,467,136,45,63,0,48,24,288,6,222,268,0,92,29,43,58,177,0,42,29,76,34,250,0,13,0,12,252,0,76,259,21,24,162,307,0,276,407,142,45,7,0,143,39,21,0,29,718,4,145,41,22,915,0,147,33,779,0,0,25,0,32,159,0,0,145,9,29,51,4,16,110,43,0,52,0,313,0,0,253,0,10,0,26,0,350,0,602,11,0,0,1585,0,0,29,2,6,579,19,0,0,0,201,0,0,4,32,374,135,58,0,0,23,0,29,0,0,1,4,170,949,0,25,8,0,7,0,26,0,3,0,89,66,6,26,4215,0,0,366,0,0,136,84,20,335,0,233,13,2175,7,2,0,22,0,0,14,0,0,3835,7,0,0,628,0,0,0,0,0,5,115,0,8,6,0,0,28,0,2,156,1,3192,28,8,1166,7,3,0,4,5426,99,2,0,1,0,12,0,281,114,505,278,0,0,3,0,0,10,0,0,0,0,0,0,0,0,14,0,1,402,0,0,157,392,11,0,2,31,0,7,0,71,0,34,0,24,0,829,241,379,0,0,7,4,0,12,0,212,2,1,0,0,38,1,42,0,12,0,122,1,0,0,0,0,1,10,7,7,0,5,0,8,2,189,8,0,4,15,0,30,0,128,756,83,0,64,16,0,0,42,52,0,8,0,16,0,0,0,0,11,0,0,0,346,0,0,0,0,0,0,16,0,30,0,0,0,3,0,0,18,0,0,11,0,0,1,0,5,219,40,62,0,43,856,0,0,0,1,0,1,0,3,0,0,6,0,0,433,16,0,3,0,0,0,0,48,701,0,63,0,0,0,5,71,0,31,0,514,0,0,8,35,0,4,0,0,0,0,0,0,0,238,3,0,0,0,0,0,0,0,0,14,0,0,3,0,0,5,31,0,109,0,0,0,191,0,1,0,0,0,0,0,0,0,0,0,0,0,1,0,0,0,0,0,173,0,0,0,1,0,5,0,5,13,0,0,54,0,4,0,0,0,14,0,0,0,2,1,0,0,0,0,19,9,22,2,40,0,0,0,0,0,0,0,1,2,0,0,0,0,0,0,0,0,0,0,7,100,0,0,35,0,67,14,0,0,0,94,0,0,0,0,0,8,3,3,0,0,0,8,14,0,2,1,0,6,4,0,1,7,0,0,22,322,4,14,64,0,1,1,0,0,0,23,1,0,0,0,50,0,0,4,0,0,2,0,10,48,0,19,0,0,0,0,0,0,0,0,0,6,0,9,0,179,11,4,77,0,0,0,0,0,0,0,31,0,0,0,0,5,2,0,0,0,0,0,3,0,0,0,3,3,35,101,8,0,35,985,0,0,14,0,0,0
TCGA-DD-A3A9_128,2.55068493150685,1,64,0,4,4,1,0,4,0,28,10,3,4,3,0,9,33,0,3,19,0,0,3,34,0,115,205,15,0,0,0,0,0,0,1,0,66,73,0,3,39,0,0,81,9,1,0,5,0,0,1,28,3,21,0,0,6,2,1,11,9,3,8,0,25,3,0,0,0,11,0,6,0,18,10,0,15,23,74,0,9,92,0,1,0,0,34,7,0,0,1,1,0,12,16,0,80,9,3835,21,3,5,0,3,0,6,0,0,3,3,0,0,0,0,2,44,1,0,6,7,0,7,0,125,0,0,17,5,1,8,1,49,0,0,0,236,0,0,19,0,0,3,2,2,0,0,4,0,0,0,10,12,23,0,0,1,1,0,0,6,0,0,0,26,66,1,0,0,0,0,0,1,4,0,0,12,3,0,5,3192,0,0,189,0,1,12,53,0,0,0,0,0,1416,0,0,0,2,0,0,3,0,0,119,0,0,0,122,0,0,0,0,0,0,31,0,0,0,1,0,3,2,0,1,0,246,0,2,412,0,0,0,0,2342,0,0,0,0,0,7,0,172,0,497,0,0,0,0,0,9,3,1,0,2,0,1,0,1,0,0,0,0,26,10,0,85,79,0,0,0,0,0,653,0,54,0,0,0,0,0,188,0,569,0,0,0,0,0,3,16,0,0,0,0,0,0,0,0,0,0,0,0,1,8,0,0,0,0,0,0,0,0,0,5,0,0,1,0,0,1,0,0,0,5,84,276,0,0,0,0,0,0,18,0,0,0,2,0,0,0,0,0,0,0,12,0,40,1,1,0,0,0,0,0,0,4,0,5,0,0,0,0,0,30,0,0,0,0,0,0,0,35,0,8,0,0,0,0,0,6,0,0,1,0,0,0,0,0,0,0,274,0,0,0,4,0,0,0,8,53,0,25,0,0,0,0,2,0,0,0,11,0,2,0,2,0,0,0,0,0,0,0,0,0,58,0,2,0,0,0,0,0,0,0,0,0,0,0,0,0,30,2,0,128,0,4,0,1,1,0,0,0,0,0,0,0,0,0,0,0,0,0,0,35,1,0,0,0,0,0,0,0,0,0,0,0,0,0,0,0,0,0,0,0,0,0,0,0,0,0,4,0,0,142,0,2,5,0,4,0,0,1,0,0,0,6,0,0,0,0,0,0,0,0,1,0,0,0,0,0,4,0,0,0,4,0,4,0,0,0,0,0,0,0,3,1,0,0,0,0,0,0,0,0,0,0,12,0,3,0,0,0,0,0,0,0,0,3,0,3,0,0,0,0,0,0,4,0,0,0,0,5,0,0,0,0,0,0,0,0,0,0,26,0,0,82,0,0,0,0,0,0,2,1,0,0,10,0,0,0,1,0,0,0,0,6,0,23,0,0,0,0,0,0,0,0,0,0,0,0,0,16,0,0,0,3,16,0,0,0,3,0,0,0,0,0,0
TCGA-DD-A4NA_129,2.76164383561644,0,67,0,3,2,0,1,0,0,0,0,0,1,1,0,14,0,0,0,3,0,0,0,3,0,0,0,0,0,0,0,0,1,0,0,0,0,46,0,0,41,0,0,0,1,0,0,0,1,0,0,0,0,11,0,1,9,1,0,0,0,1,15,0,0,0,0,3,0,3,0,0,0,0,14,0,0,0,7,0,0,0,0,8,0,0,253,0,0,0,4,2,0,0,0,0,0,28,5426,1,0,1,3,2,0,0,0,0,3,0,0,4,0,0,0,0,0,0,0,0,0,50,0,33,0,0,74,7,0,0,2,8,0,0,0,0,0,0,0,0,0,0,1,1,0,0,0,0,0,0,0,0,0,0,0,0,0,0,0,0,0,0,0,0,11,0,0,0,0,0,0,0,1,0,2,0,0,0,19,8,0,0,0,2,0,0,0,0,0,0,0,0,0,0,0,1,3,0,1,0,0,0,3,0,0,0,0,0,0,0,0,0,0,0,0,0,0,0,0,0,6,0,0,0,0,0,0,8,0,0,0,0,1,0,0,0,0,0,58,0,0,0,0,0,6,0,0,0,3,0,0,0,0,0,0,0,0,0,0,40,0,0,6,0,12,2,15,0,0,1,0,83,0,0,1,0,0,0,0,0,0,6,0,0,0,0,15,0,0,22,0,0,0,0,0,0,0,0,0,0,0,6,0,0,0,0,0,0,0,0,0,0,0,0,0,0,0,0,0,5,0,5,9,0,0,313,10,0,0,0,0,0,0,0,0,5,0,0,145,4,0,0,14,9,0,0,0,0,0,0,0,0,0,0,91,0,4,0,0,0,0,0,3,0,0,0,0,0,0,0,0,0,0,0,0,0,0,0,0,0,0,0,0,0,0,33,0,0,8,3,0,0,0,0,0,0,0,0,0,0,0,0,0,0,0,0,0,0,0,0,0,0,0,0,0,0,0,17,0,0,0,7,0,505,0,0,0,0,0,0,0,1,46,0,0,0,0,0,0,2,0,0,0,0,0,0,0,0,0,0,0,0,1,0,0,2,53,0,0,0,0,0,25,4,0,0,0,0,0,0,0,2,0,270,0,0,133,3,0,0,0,0,0,0,0,0,1,0,0,9,0,0,104,0,0,0,0,96,0,0,0,0,0,0,14,0,0,0,0,0,0,0,0,0,0,0,0,0,0,0,0,0,0,0,0,0,0,0,1,0,2,0,0,0,0,5,0,0,62,0,0,0,0,17,0,243,0,0,0,0,0,0,0,0,0,0,440,0,0,0,0,0,0,0,0,0,0,0,0,84,0,0,0,88,0,0,0,163,0,0,0,0,0,0,0,1,0,0,0,0,0,0,0,0,0,24,0,0,0,0,0,0,0,0,0,0,0,0,0,0,0,0,0,885,0,4,0,0,0,15,0,0,0,540,0,0,0,0,0,0,0,0,0,0,0,0
TCGA-DD-A4NB_130,2.70958904109589,0,25,1,1,1,0,0,392,119,18,2,14,33,3,6,52,10,15,28,30,93,1,3,196,9,27,2,33,8,0,6,2,19,1,45,29,211,75,8,1,252,0,14,2175,54,250,433,82,0,20,8,11,3,217,22,0,52,1,26,22,61,0,13,21,30,0,985,0,0,2,1,27,0,4,66,2,23,130,262,0,115,255,11,137,6,0,31,10,6,0,22,26,1,63,49,39,354,4,718,50,0,0,0,0,0,16,47,0,1,0,0,42,6,10,2,26,5,0,14,0,19,0,0,342,0,8,11,6,0,81,0,200,0,0,0,407,0,0,58,0,0,51,6,0,0,0,13,0,0,2,0,7,235,9,0,0,35,0,6,0,0,0,0,81,238,0,8,8,0,0,0,0,0,3,0,39,4,0,17,3192,0,0,339,0,0,95,103,2,325,0,223,0,268,1,0,0,51,0,0,2,0,0,22,1,0,0,165,0,0,4,0,0,0,7,0,0,6,0,0,82,1,0,2,0,1113,6,5,474,0,0,0,0,1025,0,0,0,0,0,41,3,85,0,45,602,0,0,3,0,68,0,0,0,0,0,0,0,0,0,9,0,0,97,0,0,213,40,5,0,0,2,0,109,1,8,1,40,0,0,0,54,20,172,0,0,0,0,0,0,0,10,0,0,0,0,0,0,0,2,7,1,96,0,0,0,0,0,0,0,0,0,0,0,0,2,0,0,8,0,0,1,0,2,21,120,316,2530,0,35,0,0,0,0,22,0,0,0,0,0,2,0,0,0,0,0,0,829,0,3,0,0,0,0,34,0,33,0,0,0,0,0,0,4,8,0,19,0,7,0,0,1,6,33,19,0,2,2,0,0,7,0,0,0,0,0,0,0,9,0,0,231,0,0,0,0,0,0,0,29,71,0,6,0,0,0,0,35,0,0,0,0,0,4,0,0,0,0,0,0,0,7,0,0,0,202,0,0,1,0,0,0,2,0,1,0,0,0,0,0,0,1,1,0,3,0,0,0,52,0,0,0,0,0,0,0,0,0,0,0,0,0,0,0,57,0,3,0,0,0,0,0,0,0,0,0,10,0,0,0,8,0,34,0,7,6,0,0,0,0,0,1,0,0,2,0,0,0,0,1,0,0,0,0,0,0,9,0,0,0,0,0,5,0,1,0,0,0,0,0,0,2,0,0,0,17,0,18,0,0,0,22,0,0,0,0,0,86,0,0,0,0,0,0,0,0,0,3,0,5,0,0,0,0,0,0,0,245,641,0,6,0,0,0,0,0,0,5,0,0,9,0,0,0,0,0,0,0,9,1,23,0,0,22,0,0,0,1,0,0,0,0,0,20,0,0,0,138,1,0,0,0,417,0,0,0,0,0,136,0,0,0,0,0,0,0,0,0,6,0,0,11,0,0,0,0,5,9,0,0,0,32,0,0,9,0,8,0
TCGA-DD-A4ND_131,7.52328767123288,0,56,0,1,1,0,0,19,79,46,38,7,42,4,6,11,10,9,8,13,77,0,12,73,7,45,41,15,23,0,2,2,2,17,16,35,215,101,2,2,83,7,16,65,62,37,2,36,0,20,26,31,1,47,47,0,10,2,3,44,118,2,33,24,14,13,14,0,1,2,4,14,0,12,304,6,10,22,332,1,81,107,116,13,4,0,7,13,2,0,21,49,10,70,13,4,55,3,701,79,127,18,0,21,0,1,59,0,9,20,0,1,30,0,7,14,57,3,17,0,24,27,0,199,0,0,7,18,1,93,2,119,16,0,6,112,0,0,26,2,0,169,92,1,0,0,93,2,1,0,50,69,222,20,0,0,5,1,3,5,0,0,0,278,175,0,8,1,0,0,0,1,5,3,0,65,18,1,21,590,0,0,422,1,7,104,39,4,6,0,225,0,1166,0,0,1,6,0,1,6,0,0,1113,1,0,2,268,0,0,0,0,0,0,10,0,1,7,0,0,30,15,0,7,0,1025,15,12,1282,0,0,0,0,1348,34,0,0,0,0,3,1,8,76,50,197,1,0,0,0,0,5,0,0,0,0,0,0,1,0,9,0,2,138,12,0,135,161,8,0,0,0,0,28,0,38,0,16,0,0,0,76,159,412,0,0,0,2,0,0,0,20,0,0,0,0,39,0,15,0,0,0,149,3,0,0,0,1,0,0,6,0,0,0,2027,0,2,122,0,0,0,99,0,0,5,64,246,235,1,11,3,0,40,11,0,0,0,0,0,0,0,0,0,2,1,54,0,210,0,0,0,0,0,0,0,0,4,0,0,0,0,0,0,0,52,0,5,0,0,0,0,0,223,3,9,0,2,72,0,0,13,0,0,0,0,0,0,0,3,0,0,90,0,0,3,0,0,0,0,27,736,0,97,0,0,1,0,125,0,8,0,15,0,38,0,8,0,0,0,0,0,0,0,0,0,42,0,0,0,0,0,0,0,0,4,2,0,0,0,0,0,10,19,0,226,0,4,1,50,0,0,0,0,0,0,0,45,0,6,0,0,0,0,0,8,0,0,1,6,0,0,1,0,0,0,1,10,2,0,4,9,0,0,0,0,0,8,3,0,0,0,8,0,0,217,0,0,2,2,18,3,0,0,0,0,0,1,0,4,0,0,0,0,0,0,0,0,0,0,0,0,1,0,0,0,0,0,6,0,0,0,5,0,0,0,0,2,9,0,1,2,0,0,0,0,0,0,0,0,8,0,0,0,0,0,0,2,24,35,0,17,0,0,0,0,0,0,10,0,0,0,0,0,1,1,15,0,0,36,0,6,6,0,1223,0,0,0,2,0,0,0,0,0,2,0,1,0,58,1,0,2,0,0,0,0,182,13,0,39,37,0,0,0,0,0,428,0,0,0,0,0,0,0,0,1,2,10,31,0,0,16,62,0,0,21,0,0,2
TCGA-DD-A4NE_132,1.80821917808219,1,75,0,3,3,0,0,138,110,99,115,11,28,15,15,15,10,16,76,50,30,3,20,127,7,22,259,68,12,0,9,48,0,10,21,30,245,160,72,5,71,6,12,98,133,34,9,14,0,50,8,164,2,230,36,0,67,15,17,74,208,3,29,87,48,23,83,0,7,0,17,118,6,93,370,12,31,20,102,6,86,239,157,11,0,1,79,33,9,4,35,192,3,122,61,14,522,8,346,35,26,34,0,40,3,3,44,4,24,19,0,0,15,18,11,36,85,0,11,0,11,0,2,215,4,0,1,52,16,19,15,32,0,2,18,90,0,1,0,0,1,1348,33,12,0,0,274,2,13,2,62,94,42,193,0,0,2,7,0,0,0,0,0,62,1166,4,13,18,2,5,3,35,14,8,0,85,16,5,18,915,1,0,243,0,0,125,32,11,188,2,87,0,1902,0,0,4,30,1,6,10,0,0,1071,11,0,5,392,2,0,0,0,0,0,13,4,0,19,0,0,8,29,0,0,0,5426,11,9,628,0,0,4,0,2027,77,0,1,0,0,4,11,252,127,225,179,0,5,0,1,0,22,0,0,0,7,0,0,0,4,5,0,0,684,2,0,47,313,5,1,2,0,0,100,1,37,0,9,4,9,1,549,23,803,0,0,8,4,0,1,0,281,0,0,0,0,15,0,94,0,7,0,138,1,0,3,0,0,0,16,4,4,0,0,0,0,3,5,0,0,0,32,0,16,8,141,829,2175,0,124,2,0,0,34,3,0,0,0,0,0,0,0,0,5,0,0,0,147,0,0,0,0,0,1,94,0,11,0,0,0,7,0,0,0,39,0,0,1,0,0,0,3,11,0,0,1,3,756,0,0,0,0,0,2,0,0,0,0,0,0,0,540,15,0,7,0,0,0,0,0,2962,0,31,0,0,0,3,335,0,20,3,270,1,0,0,0,0,0,0,0,0,0,0,0,0,18,0,0,0,0,0,0,0,0,0,0,0,0,0,0,0,11,22,0,41,0,0,0,0,0,0,0,0,7,0,0,15,1,6,0,0,18,0,0,13,0,0,0,342,0,0,0,0,0,0,0,0,0,5,0,29,0,0,0,0,0,173,0,0,0,0,2,0,0,14,0,2,4,27,0,0,0,0,0,0,17,0,0,0,0,0,0,0,0,0,0,0,0,0,0,0,15,0,0,0,0,222,38,0,0,0,0,0,0,0,0,0,45,4,0,0,0,0,0,0,0,0,2,14,2,3,0,0,0,0,0,0,0,0,0,0,0,0,0,0,0,0,0,0,0,6,0,69,0,0,0,7,0,8,0,0,1,0,28,0,0,0,0,0,0,0,0,0,14,0,0,0,2,1,9,0,2,0,0,0,0,0,0,2,0,0,0,0,0,0,211,0,0,48,8,0,0,0,0,4,18,0,0,3,0,0,0,0,0,0,0,0,0
TCGA-DD-A4NF_133,2.58082191780822,0,72,1,1,1,0,0,151,387,68,24,132,91,59,11,39,43,23,23,178,7,4,64,756,10,3487,4,182,50,6,25,32,12,1,88,42,392,68,137,63,379,36,5,779,569,6,78,13,0,0,34,1,13,127,32,0,440,30,11,38,25,0,48,17,18,13,253,0,37,0,2,1113,0,48,86,6,25,67,226,0,335,829,11,28,30,0,42,51,17,0,0,459,3,94,16,119,602,13,118,14,6589,0,0,2,0,35,27,0,0,101,1,96,16,0,16,949,0,0,11,0,225,0,0,72,0,2,1,2,0,124,0,522,0,0,0,407,0,0,42,18,1,505,14,0,0,0,193,0,0,23,22,309,130,19,0,0,12,0,101,0,0,2,4,210,514,0,16,1,0,5,0,11,0,15,0,55,121,0,125,549,0,0,99,0,0,107,4,4,0,0,63,6,4215,0,2,0,34,0,0,16,0,0,276,1,0,0,474,0,0,0,0,0,0,0,0,1,2,0,0,15,0,1,15,0,74,2,17,489,0,6,0,0,1166,7,0,0,0,0,5,0,241,4,116,219,0,0,3,0,2,7,0,0,0,4,0,0,2,0,7,0,2,668,0,0,71,238,3,0,4,8,0,0,0,0,0,24,0,5,6,10,0,145,0,0,3,4,0,9,2,246,0,4,0,0,0,0,70,1,5,0,2,0,0,0,0,0,1,44,25,18,0,0,0,10,1,5,48,0,2,0,0,5,0,196,1282,10,0,140,0,0,1,19,61,0,0,0,0,24,0,0,0,0,0,0,0,1,0,0,0,0,0,0,0,0,0,0,0,0,1,0,0,0,52,0,222,0,22,0,0,3,3,70,18,0,18,0,0,0,4,0,0,0,10,0,0,0,6,0,0,56,0,0,0,0,0,0,0,79,6,0,7,4,0,0,2,3,0,0,0,0,0,2,0,8,2,0,0,0,0,0,0,0,0,579,0,0,0,12,2,0,21,27,0,0,0,0,1,0,0,0,0,0,7,0,0,0,12,0,0,0,0,0,0,0,0,0,0,0,0,0,0,0,0,0,0,0,0,0,0,0,0,0,0,0,0,0,0,0,0,0,52,0,0,14,3,0,20,0,0,0,0,0,0,0,0,0,0,0,25,27,0,0,0,0,4,0,0,0,0,0,0,0,0,0,0,0,0,0,2,0,8,3,0,3,2,0,20,0,0,2,0,0,0,0,0,0,0,0,0,0,0,0,25,0,0,0,0,0,0,2,0,0,81,0,0,1,250,0,0,0,0,2,4,0,0,0,12,0,0,0,6,0,0,0,0,0,6,0,181,0,0,0,0,0,0,0,0,40,0,0,0,6,0,0,0,0,72,7,33,0,0,2,0,0,0,6,0,0,0,2,0,0,0,0,0,0,0,0,0,28,0,0,0,0,0,0,168,0,0,3,0,0,0,21,19,0
TCGA-DD-A4NG_134,2.1972602739726,1,77,1,3,3,0,2,5,6,40,18,20,14,3,6,26,41,39,36,57,93,2,7,104,4,392,51,36,7,7,8,7,0,11,32,14,332,265,8,6,58,8,16,329,68,28,2,5,1,13,9,0,5,153,35,0,6,7,11,23,31,0,13,53,10,2,128,0,1,4,0,474,0,8,87,6,22,46,302,0,187,178,7,6,16,0,34,3,5,0,10,24,0,43,25,100,255,0,383,63,7,1,0,0,0,25,23,0,3,2,0,13,2,0,5,150,1,0,8,3,12,0,0,59,0,1,0,4,0,17,2,31,0,0,0,272,0,0,9,2,3,253,7,0,1,0,168,0,0,12,12,20,157,22,0,0,11,0,9,0,0,0,0,68,231,0,3,2,0,0,0,7,1,4,0,90,73,0,8,4752,0,0,69,0,0,54,17,3,2,0,9,0,1025,1,0,0,3,0,0,50,0,0,216,0,0,0,121,0,0,0,0,0,0,0,0,6,5,0,0,16,3,0,31,0,192,10,10,362,0,2,0,0,2530,1,0,0,0,0,41,3,1,61,31,1,1,0,0,0,3,5,0,0,0,0,0,0,0,0,4,0,0,32,13,0,189,41,0,0,0,3,0,11,2,36,0,53,0,0,1,42,3,274,0,0,0,1,0,3,13,72,0,0,0,0,2,0,641,0,9,29,1,14,0,0,0,0,0,9,1,2,0,0,0,2,0,4,4,0,0,0,0,2,0,278,1585,2027,4,47,0,0,0,60,7,0,0,0,0,0,0,0,0,0,0,108,2,62,0,0,0,0,0,0,0,0,11,0,0,0,2,0,0,0,48,0,0,0,3,0,0,5,107,16,4,0,34,9,0,0,142,0,0,0,0,0,0,0,2,0,0,36,0,0,3,0,0,0,0,33,257,0,29,0,0,0,1,43,0,0,0,96,0,0,0,1,0,0,0,5,0,0,2,0,0,374,0,0,0,0,0,0,0,0,1,0,0,0,0,0,0,8,14,0,4,0,0,0,4,0,0,0,0,0,0,0,0,0,0,0,0,0,0,0,48,0,0,0,64,0,0,0,0,0,0,0,0,1,4,0,12,0,2,0,0,0,6,0,0,0,0,0,0,0,84,0,0,9,3,0,0,0,0,0,0,0,1,0,0,0,0,0,0,0,0,0,0,0,0,0,0,13,0,0,0,1,3,6,8,0,0,0,0,0,0,0,0,101,0,0,0,0,0,2,0,0,0,8,0,14,0,0,0,12,13,0,0,98,79,0,0,1,0,0,0,0,0,1,0,0,0,0,6,2,0,0,0,0,1,0,16,0,0,304,0,0,0,0,0,1,0,0,0,11,0,0,0,13,2,0,0,0,0,0,0,0,0,0,0,0,1,0,0,0,0,10,2,0,63,0,0,0,0,0,0,28,0,0,21,0,0,1,0,7,0,2,15,0
TCGA-DD-A4NI_135,2.23561643835616,0,67,1,2,2,0,2,1071,272,122,176,102,37,41,48,50,87,79,83,113,125,8,100,641,38,296,579,130,34,17,11,42,27,17,164,74,505,219,67,72,181,32,56,569,342,45,87,112,0,19,26,233,13,549,96,0,38,19,59,83,162,0,33,80,85,24,383,0,24,0,20,304,0,90,215,8,31,156,540,0,172,396,428,76,7,0,51,37,13,0,43,459,4,154,53,56,522,1,259,147,1416,0,0,48,0,38,149,0,0,31,13,53,165,17,25,183,82,1,32,0,379,0,0,124,0,6,0,17,0,82,0,362,35,0,0,949,0,0,40,3,2,293,20,0,0,0,590,0,0,4,20,137,228,45,0,0,28,0,42,0,0,1,3,231,392,0,23,11,0,4,0,16,0,4,0,152,69,8,25,2962,0,0,653,0,0,157,35,11,885,0,248,13,3487,3,1,0,43,0,0,55,2,0,2342,11,0,0,489,0,0,1,0,0,1,138,0,7,16,0,0,21,0,1,55,0,1223,53,12,856,3,0,0,0,6589,34,0,0,0,0,55,7,358,66,255,274,0,0,11,0,0,15,0,0,0,0,0,0,0,0,9,0,6,253,0,0,155,481,16,0,3,21,0,8,0,60,0,32,0,12,0,1348,82,602,0,0,1,16,0,11,0,614,2,0,0,0,179,0,98,1,30,0,171,7,0,0,0,0,0,3,5,10,0,0,0,9,9,309,1,0,7,32,0,11,0,262,1166,447,0,46,9,0,0,38,6,1,13,0,4,2,0,0,0,30,0,0,0,319,0,0,0,0,0,0,32,0,18,0,0,1,0,0,0,4,8,4,25,0,8,0,0,4,97,52,20,0,23,370,0,0,104,0,0,0,0,0,0,0,13,0,0,756,109,0,1,0,0,0,0,47,779,0,104,0,0,0,7,54,0,1,0,10,0,0,4,25,0,0,0,0,0,0,0,0,0,374,1,0,0,0,0,0,2,0,0,0,0,0,3,0,0,0,5,0,70,0,0,0,149,0,0,0,0,0,0,0,0,0,0,0,6,38,0,0,0,0,0,0,61,4,0,0,1,0,0,0,2,6,0,0,13,0,17,0,0,0,14,0,1,0,0,0,0,0,21,0,15,6,31,0,26,0,0,0,0,0,1,0,1,0,1,0,0,0,0,0,0,0,1,1,0,1,0,1,5,0,263,4,0,0,0,28,0,0,0,0,0,28,0,0,0,0,0,0,1,0,0,0,1,11,4,0,1,10,1,0,5,49,5,4,13,0,0,0,0,0,0,62,0,0,0,0,40,0,0,0,0,0,39,0,12,7,0,4,0,0,0,0,0,0,0,0,0,1,0,0,0,26,8,0,79,2,0,0,0,0,0,0,30,0,0,0,0,0,0,0,0,0,2,0,0,0,0,0,0,0,0,113,9,0,21,5,0,0,0,0,0,0
TCGA-DD-A4NJ_136,2.54246575342466,0,54,0,2,2,0,0,263,10,99,116,11,26,4,11,12,10,6,27,40,114,7,51,143,11,132,342,35,12,6,2,6,6,4,36,36,102,201,26,5,110,2,20,392,32,48,16,33,0,14,13,59,3,718,74,1,76,2,0,36,75,6,3,6,40,9,65,0,9,0,5,34,0,49,75,4,8,49,228,1,82,65,4,11,2,0,15,23,4,1,13,47,11,140,7,72,8,0,641,25,0,13,0,17,1,16,76,0,10,26,2,46,1,20,16,122,52,0,7,2,34,3,0,236,2,0,7,2,3,73,4,51,7,2,8,2,0,0,14,0,0,313,9,5,3,0,53,1,5,0,9,128,29,48,0,4,11,4,5,0,0,0,0,122,0,4,21,6,2,0,0,28,9,6,0,111,32,0,8,1348,1,0,117,0,0,121,34,4,829,1,205,0,2175,2,0,2,14,1,7,1,0,0,1113,12,0,2,63,1,0,0,0,0,0,4,0,0,13,0,0,27,30,0,29,0,2027,13,7,540,1,0,0,0,2342,2,0,0,0,0,11,9,69,136,134,417,0,2,0,0,0,13,0,0,0,4,0,0,0,1,0,0,2,131,8,0,47,161,5,1,0,0,0,16,1,31,0,11,3,2,3,915,16,265,0,0,1,6,0,0,0,169,0,0,0,0,104,0,32,0,18,0,171,0,0,0,0,0,0,0,2,1,0,0,0,0,1,3,0,0,5,5,0,0,4,165,433,183,5,27,2,0,0,40,0,0,0,0,0,0,0,0,0,0,0,9,0,302,0,2,0,0,0,0,0,0,7,0,0,0,0,0,0,10,26,0,50,0,0,0,0,0,42,0,1,0,0,18,0,0,32,0,0,0,0,0,0,0,0,0,0,24,1,0,3,0,0,0,0,4,569,0,26,0,0,1,0,49,0,15,0,48,0,0,0,0,2,0,0,4,0,0,0,0,0,17,0,0,0,0,0,0,0,0,2,0,0,0,0,0,0,0,8,0,39,0,0,0,4,0,0,0,0,2,0,0,0,0,16,0,0,0,0,0,0,0,0,2,10,1,0,0,0,0,0,3,0,2,0,0,18,0,0,1,7,0,208,0,0,0,0,21,0,0,29,0,6,0,10,0,0,0,0,0,0,0,1,0,0,1,0,0,0,0,0,0,0,0,0,0,0,5,0,0,0,0,20,32,0,0,0,6,0,9,0,0,0,14,0,0,0,0,0,0,0,0,0,1,0,20,0,0,0,0,0,0,0,122,70,0,1,0,0,0,0,0,0,2,0,0,0,0,17,0,0,0,0,0,96,0,1,0,0,736,0,0,1,0,0,0,0,0,0,0,0,0,0,1,0,0,0,4,0,0,0,0,0,0,1,2,0,0,0,0,0,0,0,0,34,0,0,0,0,0,0,29,0,76,4,1,2,0,0,0,0,0,0,60
TCGA-DD-A4NK_137,3.31506849315068,1,80,0,3,3,0,0,1223,354,192,346,83,58,50,59,68,117,38,83,168,131,16,134,453,90,366,2027,172,111,12,15,81,36,24,86,14,379,278,90,68,96,55,30,684,736,64,37,97,0,38,22,248,9,985,94,0,81,32,49,86,193,0,34,39,48,35,58,0,48,0,30,203,0,101,293,6,26,569,756,0,158,474,614,34,8,0,241,35,12,0,64,108,7,149,39,87,259,0,136,68,885,1,0,13,0,76,138,0,0,105,0,46,668,11,15,590,25,1,41,0,99,0,0,194,0,3,0,15,0,168,0,358,34,0,0,313,0,0,37,3,4,392,33,0,0,0,190,0,0,7,21,335,387,108,0,0,20,0,36,0,0,9,4,407,213,0,24,5,0,12,0,42,0,8,0,152,79,4,70,3487,0,0,459,0,0,274,26,21,481,0,225,2,6589,3,1,0,38,0,0,82,3,0,2175,16,0,0,307,0,0,1,0,0,4,362,0,8,7,0,0,50,0,3,171,0,3192,16,18,1113,6,0,0,1,12700,52,0,0,0,0,66,8,281,33,114,350,0,0,7,0,0,9,0,0,0,0,0,0,0,0,14,0,15,164,0,0,102,185,7,0,1,11,0,3,0,46,0,104,0,18,3,641,132,467,0,0,9,1,0,8,0,121,0,0,0,0,162,0,35,1,53,0,374,4,0,0,0,0,1,2,6,0,0,0,0,1,0,141,21,0,2,29,0,31,0,245,628,497,0,66,11,0,0,59,15,1,4,0,3,2,0,0,0,1,0,0,0,253,0,0,0,0,0,0,33,0,10,0,0,0,2,0,0,6,12,0,38,0,8,0,0,8,230,67,66,0,16,6,0,0,34,0,0,0,0,2,0,0,2,0,0,154,49,0,2,0,0,0,0,28,718,0,128,0,0,1,2,104,0,24,0,319,0,0,22,9,0,0,0,0,0,0,0,0,0,246,4,0,0,0,0,0,2,0,0,9,0,0,12,0,2,6,26,0,54,0,0,0,38,0,0,0,0,0,0,1,0,0,5,0,0,0,0,0,0,0,0,0,157,0,0,0,1,0,0,0,62,3,0,0,16,0,6,0,0,0,19,0,5,0,6,3,0,0,0,1,85,11,19,0,4,0,0,0,0,0,4,0,8,0,0,0,0,0,0,0,0,0,0,0,0,3,0,0,0,0,38,5,0,0,0,73,0,0,0,0,0,27,5,8,0,0,0,2,5,0,0,0,11,18,4,0,0,18,0,0,0,17,0,16,65,1,0,0,0,0,0,38,0,0,0,0,32,0,0,0,0,0,11,0,1,0,0,29,0,0,0,0,0,0,0,0,0,0,0,0,0,233,2,9,55,12,0,0,0,2,0,0,10,6,9,0,0,0,0,2,0,0,4,0,0,0,0,0,0,0,11,123,2,0,0,226,0,7,3,0,0,70
TCGA-DD-A4NL_138,4.68767123287671,0,46,1,1,1,0,0,255,253,109,128,68,88,21,57,66,52,38,101,95,71,8,60,332,18,286,99,91,42,13,13,21,13,18,55,140,354,329,67,29,362,21,57,514,313,132,39,24,0,35,23,191,6,274,133,0,49,19,28,76,206,0,32,41,61,14,474,0,16,0,12,149,0,64,175,13,29,85,407,0,199,316,117,44,10,0,80,36,17,0,29,350,8,141,41,140,522,1,211,79,181,0,0,14,0,30,147,0,0,31,10,23,57,12,19,230,53,2,28,0,200,0,0,304,0,3,0,27,0,189,0,325,6,0,0,1113,0,0,58,2,3,203,13,0,0,0,307,0,0,7,26,134,153,59,0,0,20,0,40,0,0,2,1,187,701,0,67,16,0,6,0,26,0,5,0,85,79,2,20,4215,0,0,346,0,0,136,116,48,82,0,236,8,1166,2,3,0,32,0,0,87,0,0,985,16,0,0,531,0,0,2,0,0,1,81,0,4,15,0,0,33,0,2,153,0,1416,38,8,1282,1,2,0,0,2530,37,0,0,0,0,35,4,239,32,228,243,0,0,3,0,1,6,0,0,0,0,0,0,0,0,9,0,1,215,0,0,183,319,2,0,3,12,0,8,0,56,0,63,0,15,0,779,105,396,0,0,0,5,0,11,0,339,0,1,0,0,69,0,245,18,21,0,104,12,0,0,0,0,0,3,0,7,0,0,0,1,0,25,11,0,4,6,0,39,0,296,497,12700,0,58,6,0,0,61,42,0,4,0,8,0,0,0,0,50,0,26,4,309,0,0,0,0,0,0,56,0,42,0,0,0,0,0,0,11,4,0,20,0,4,1,0,7,144,25,45,0,36,281,0,0,173,0,0,0,0,3,0,0,14,0,0,370,0,0,0,0,0,0,0,35,387,0,68,0,0,3,1,92,0,19,0,154,0,0,14,6,0,0,0,0,0,0,0,0,0,392,6,0,0,0,0,0,1,0,0,0,0,0,0,0,0,2,13,0,49,0,0,0,138,0,2,0,0,4,0,0,0,0,0,0,0,0,0,0,1,0,0,0,163,0,0,0,0,0,0,1,1,3,6,0,7,0,0,0,0,0,23,0,2,0,0,2,0,0,128,0,0,2,9,0,39,0,0,0,0,0,0,0,6,1,0,0,0,0,0,0,0,0,1,0,0,52,0,0,0,0,52,10,6,0,0,100,0,0,0,0,0,949,0,0,0,0,0,0,0,0,0,7,0,13,9,0,0,0,0,0,0,803,0,5,26,0,0,0,0,0,0,21,0,0,0,0,2,0,0,0,0,0,11,0,27,2,0,0,0,0,0,0,0,0,0,0,0,14,0,2,0,299,4,0,86,6,0,0,0,0,1,0,50,0,0,0,0,0,0,481,0,0,0,0,0,0,0,0,0,103,43,73,1,0,2,1025,1,0,6,0,0,0
TCGA-DD-A4NN_139,2.46301369863014,1,56,0,1,1,0,0,0,0,29,5,0,3,1,0,1,5,4,1,41,37,0,0,60,5,0,0,8,1,0,0,0,0,0,3,1,203,59,0,2,0,0,0,14,18,8,0,6,6,0,6,5,0,41,16,0,4,3,0,21,6,7,1,19,4,3,0,3,5,1,0,36,0,3,6,0,2,17,67,10,20,55,1,7,0,0,0,5,2,1,22,3,0,171,11,17,73,61,1585,52,0,33,1,0,0,2,16,1,27,4,0,3,2,0,0,13,16,0,9,1,7,3,1,101,8,0,36,1,9,10,15,0,4,9,5,25,0,2,16,0,0,122,25,8,0,0,45,3,8,0,1,19,59,6,1,13,1,3,0,8,0,0,0,117,121,9,0,0,0,0,1,0,15,0,0,46,0,0,0,43,0,0,105,4,3,28,14,0,0,1,25,0,985,0,0,1,0,0,1,6,0,0,2175,0,0,4,16,1,0,0,0,0,0,45,7,0,0,0,1,3,25,0,0,0,101,0,4,590,0,0,4,0,1416,0,0,1,4,0,0,0,45,33,342,0,1,1,0,2,13,3,2,1,0,4,0,0,0,4,4,6,0,89,3,0,74,110,0,0,0,0,0,245,3,36,0,3,6,0,0,60,8,522,0,0,1,0,0,2,27,9,0,0,0,0,3,0,66,0,4,15,1,62,1,0,0,1,0,0,0,0,0,0,72,0,1,304,0,0,0,1,11,0,0,281,97,3,0,2,0,0,1,7,0,0,3,0,0,0,5,0,0,0,3,6,1,25,0,0,0,1,0,0,0,0,0,0,1,0,0,0,0,0,104,0,0,1,0,0,0,0,169,0,2,0,0,0,0,0,5,0,0,0,0,0,0,0,0,0,0,151,1,0,0,1,0,0,0,16,653,8,72,0,0,0,0,179,3,8,0,0,0,2,0,0,0,0,0,0,0,0,17,0,0,85,0,0,0,0,0,0,0,11,1,0,8,0,0,0,0,31,0,0,158,0,14,0,16,0,0,0,0,0,0,0,0,0,49,0,0,265,0,0,4,0,0,13,0,0,0,0,0,3,0,54,0,0,0,0,0,0,0,5,0,0,0,0,0,0,0,1,0,0,125,0,0,2,1,207,0,0,0,0,0,16,38,0,0,0,0,0,0,0,0,0,0,0,0,0,0,17,0,0,0,0,100,0,0,0,0,0,0,0,0,0,0,0,0,1,0,0,0,0,0,0,0,0,0,0,0,0,0,27,0,0,0,0,2,0,1,0,0,0,0,0,3,5,0,0,11,0,0,0,11,23,0,0,0,0,0,0,0,1223,0,0,5,0,41,0,0,0,0,0,0,0,0,0,0,0,0,0,0,0,0,27,21,0,10,0,0,0,0,0,0,201,0,8,0,0,0,0,0,0,0,0,0,7,0,0,0,0,0,0,0,0,0,0
TCGA-DD-A4NO_140,6.15068493150685,0,65,1,1,1,0,0,216,80,61,103,65,23,8,11,30,74,11,35,78,114,1,50,194,20,150,243,38,23,17,8,9,11,6,106,34,286,252,33,39,60,28,16,313,24,64,54,84,0,6,24,100,1,614,118,0,9,14,17,65,95,0,11,3,19,3,309,0,17,4,0,163,0,75,67,3,85,13,440,0,55,93,44,21,4,0,38,15,23,0,40,149,1,34,8,71,238,1,217,113,98,1,0,9,0,27,130,0,1,3,0,42,52,9,7,219,104,0,15,0,117,0,0,171,0,0,0,3,0,96,0,319,10,0,0,350,0,0,48,1,2,549,6,0,0,0,262,0,0,5,16,22,192,33,0,0,13,0,50,0,0,0,0,202,736,0,10,4,0,1,0,22,1,14,0,231,182,2,28,1902,0,0,185,1,0,59,50,8,453,0,160,0,3192,1,0,0,38,0,0,43,1,0,1495,14,0,0,392,0,0,1,0,0,1,29,0,4,8,0,0,56,1,0,67,0,756,28,8,1166,0,0,0,0,1680,24,0,0,0,0,39,8,212,95,64,412,0,0,1,0,1,7,0,0,0,0,0,0,0,0,3,0,1,230,0,0,120,156,10,0,0,1,0,58,0,18,0,52,0,6,2,590,33,255,0,0,7,4,0,2,0,531,0,0,0,0,32,0,293,0,8,0,106,9,0,0,0,0,4,6,3,6,0,0,0,2,2,76,0,0,5,7,0,3,0,522,701,1025,0,39,0,0,0,26,2,0,4,0,0,0,0,0,0,1,0,26,3,779,0,0,0,0,0,0,0,0,20,0,0,0,0,0,0,6,16,0,32,0,15,0,0,0,40,30,9,0,18,165,0,0,0,0,6,0,1,0,0,0,5,0,0,213,0,0,2,0,0,0,0,21,1071,0,35,0,0,1,0,33,0,0,0,9,0,0,2,0,0,1,0,0,0,0,0,0,0,447,0,0,0,0,0,0,0,0,1,0,0,0,0,0,0,0,7,0,75,0,0,0,67,0,0,0,0,0,0,0,0,0,0,0,0,8,0,0,0,0,0,0,20,0,0,0,0,0,0,1,2,1,0,0,25,0,1,0,0,0,9,0,1,0,0,1,0,0,281,0,6,0,17,0,2,0,0,0,0,0,0,0,0,0,0,0,0,0,0,0,0,0,0,0,0,10,3,0,0,4,193,9,0,0,0,0,0,0,0,0,0,42,0,0,0,0,0,0,0,0,0,0,0,0,4,0,0,4,0,0,0,402,342,0,0,1,0,0,0,0,0,0,0,0,0,0,14,0,0,0,0,0,24,0,7,0,0,208,0,0,11,0,0,0,0,0,0,29,0,0,0,13,0,0,0,8,0,0,0,0,0,0,9,4,0,0,0,0,0,19,0,0,0,0,0,0,0,0,0,2,0,55,0,0,0,2,0,0,0,0,4,0
TCGA-DD-A4NP_141,9.06301369863014,0,32,1,1,1,0,0,72,322,58,24,134,92,39,38,105,28,27,84,68,61,5,53,1025,12,412,3,115,41,19,13,37,14,5,19,98,296,111,90,51,379,20,30,628,235,31,38,12,0,22,10,15,14,110,156,0,55,22,24,89,203,0,29,69,23,11,286,0,12,2,5,531,0,60,86,33,17,233,309,0,274,354,33,19,15,0,46,42,28,0,9,219,2,136,19,89,779,1,142,43,1788,0,0,7,0,26,90,0,0,10,8,55,3,3,11,590,0,0,12,0,216,1,0,257,0,3,0,10,0,122,0,176,0,0,0,915,0,0,54,2,3,653,11,0,0,0,272,0,0,11,27,40,225,50,0,0,27,0,28,0,0,0,1,125,1113,0,100,8,0,2,0,15,0,2,0,54,238,0,117,6589,0,0,270,0,0,113,78,23,0,0,205,16,1282,5,3,0,19,0,0,40,0,0,281,3,0,0,489,0,0,0,0,0,0,17,0,5,11,0,0,23,0,2,17,0,514,17,16,985,0,7,0,0,2342,15,0,0,0,0,35,0,177,13,154,147,0,0,7,0,1,4,0,0,0,0,0,0,0,0,15,0,1,417,0,0,127,350,2,0,7,16,0,0,0,57,0,70,0,11,0,190,3,339,0,0,0,0,0,6,0,231,0,0,0,0,11,0,383,0,49,3,0,7,0,0,0,0,0,22,13,13,0,0,2,3,0,141,20,0,30,0,0,38,0,313,718,29064,0,65,5,0,0,42,75,0,0,0,7,3,0,0,1,8,0,0,0,60,0,2,0,0,0,0,8,0,9,0,0,0,2,0,0,1,54,0,25,0,21,0,0,10,137,31,46,0,13,2,0,0,0,0,0,0,1,0,0,0,12,0,0,422,0,0,0,0,0,0,0,81,192,0,25,4,0,5,6,64,0,7,0,71,0,8,8,16,1,0,0,0,4,0,0,0,0,447,0,0,0,4,2,0,9,0,0,0,0,0,0,0,0,0,1,0,1,0,0,0,101,13,0,0,0,10,0,0,0,0,1,0,0,0,0,0,0,0,0,0,15,0,0,0,0,0,1,0,0,0,0,0,0,0,0,0,0,0,11,0,10,0,0,0,0,0,0,0,0,8,11,0,18,7,0,0,0,0,0,0,0,0,0,0,0,0,0,0,0,0,3,0,1,31,0,24,7,0,19,6,21,0,0,39,0,0,0,0,0,856,0,0,0,0,0,1,2,0,0,0,0,9,0,0,0,0,55,0,10,540,0,0,0,3,0,0,0,0,0,36,0,0,0,0,0,0,0,0,0,0,8,0,81,13,0,0,0,0,0,0,2,2,0,0,0,13,0,3,0,38,36,0,3,2,0,0,0,0,1,0,14,0,0,0,0,0,0,188,4,0,0,0,0,0,0,0,0,0,7,18,307,0,12,55,0,0,0,7,3,0
TCGA-DD-A4NQ_142,1.02191780821918,1,60,1,2,2,0,0,3,0,17,2,6,15,2,1,41,2,4,11,48,11,1,0,80,1,50,0,15,9,0,1,7,0,0,37,16,43,28,0,1,98,0,6,245,19,44,47,16,1,9,5,1,0,216,30,0,15,0,6,65,30,13,9,0,12,6,0,0,0,2,3,5,0,3,217,2,13,8,66,2,50,151,29,18,1,0,29,3,6,4,13,57,0,53,4,13,2,4,1166,6,1,18,0,1,2,5,55,0,3,0,0,11,1,4,1,128,14,0,7,6,70,4,0,77,2,2,0,0,1,22,12,6,0,3,9,32,0,0,32,0,0,379,9,11,2,0,90,2,4,1,6,0,38,42,0,3,8,2,6,0,1,0,0,36,73,5,6,4,0,0,2,1,14,0,0,64,7,0,2,1416,0,0,73,0,0,61,30,28,148,1,54,0,684,2,0,6,28,0,2,0,0,0,137,4,1,2,141,2,0,0,0,3,0,0,0,0,2,0,0,7,16,0,12,0,653,7,2,145,0,0,1,0,1788,8,0,0,0,0,10,1,162,67,6,433,0,4,0,2,17,0,0,0,0,4,0,0,2,5,4,0,0,15,20,0,83,15,5,4,0,0,0,164,0,14,2,5,3,0,0,76,4,140,0,0,0,0,0,1,0,44,0,0,0,0,0,0,107,0,8,0,49,4,0,0,0,0,0,0,0,0,0,0,0,4,3,0,4,0,1,0,0,0,1,156,668,1680,2,16,0,0,0,0,2,0,0,4,0,0,134,0,0,0,0,9,6,268,0,0,0,0,0,4,0,0,9,0,0,0,0,0,0,11,130,0,10,0,0,0,0,4,50,1,2,0,14,8,0,0,0,0,0,0,0,0,0,0,2,0,0,3,0,0,0,0,0,0,0,0,329,0,18,0,0,3,0,0,10,0,0,0,0,4,0,0,0,0,0,18,0,0,0,0,0,171,0,0,0,0,0,0,0,4,1,0,0,0,0,0,0,1,0,0,1,0,4,0,25,41,0,0,0,1,0,0,9,0,0,0,2,27,0,0,346,0,32,0,25,0,0,0,0,0,0,0,0,0,2,1,15,0,11,0,0,0,89,0,0,1,0,1,0,0,87,0,0,0,0,0,2,3,0,0,0,0,0,0,0,0,0,0,0,1,7,0,0,0,0,0,0,1,0,0,0,0,1,21,3,0,0,14,0,0,0,0,0,50,0,0,2,0,0,0,0,2,0,3,0,40,0,0,0,0,1,0,0,109,1071,0,0,0,0,0,0,0,0,0,0,0,0,0,0,24,0,0,0,0,17,0,55,0,0,113,0,0,0,73,0,0,0,0,0,38,2,0,0,47,0,0,0,0,1585,0,0,0,0,0,0,0,0,0,0,0,0,497,0,0,0,20,0,1,0,0,0,59,9,9,0,0,0,111,0,0,2,0,0,0
TCGA-DD-A4NS_143,6.72876712328767,1,61,0,1,1,0,0,57,54,70,74,41,39,14,20,20,25,17,47,55,38,6,24,322,5,283,170,69,22,8,10,23,7,5,46,9,153,238,37,17,160,6,7,220,191,45,33,11,0,10,13,43,3,157,90,0,48,10,19,26,103,0,16,31,37,6,383,0,11,1,2,379,0,29,77,4,12,49,253,0,136,245,33,15,15,0,62,19,12,0,11,88,0,79,27,107,736,8,1166,38,2725,0,0,6,0,11,68,0,0,21,2,22,76,5,9,106,12,0,11,1,52,0,0,188,0,0,1,14,0,25,0,288,0,0,0,803,0,0,20,2,0,453,11,0,0,0,163,0,0,4,21,265,125,29,0,0,28,0,17,0,0,1,1,121,653,0,10,3,0,0,0,8,0,5,0,75,67,0,61,1113,0,0,181,1,0,80,19,17,35,0,57,0,2530,2,0,0,3,0,0,10,0,0,684,6,0,0,158,0,0,0,0,0,0,40,0,0,4,0,0,23,0,0,58,0,949,6,15,467,0,1,0,0,2962,7,1,0,0,0,5,1,166,43,114,89,0,0,3,0,4,7,0,0,0,0,0,0,0,0,8,0,0,296,3,0,142,236,2,0,0,3,0,71,0,32,0,24,0,6,0,505,12,342,0,0,0,0,0,1,2,215,0,0,0,0,4,0,118,0,15,0,33,13,0,0,0,0,0,8,2,0,0,1,0,3,1,136,1,0,1,4,0,13,5,167,428,48,0,36,2,0,0,23,8,0,0,0,0,2,0,0,0,1,0,4,0,65,0,0,0,0,0,0,0,0,6,0,0,0,0,0,0,0,22,0,9,0,5,0,0,2,97,48,10,0,8,46,0,0,3,0,0,0,0,0,0,0,1,0,0,350,2,0,1,0,0,0,0,20,856,0,18,1,0,0,3,53,1,3,0,51,0,0,1,25,0,0,0,0,0,0,0,0,0,396,1,0,0,0,0,0,0,0,4,22,0,0,0,0,0,6,0,0,49,0,0,0,10,2,0,0,0,0,0,0,0,0,8,0,0,9,0,0,0,0,0,0,11,0,0,0,0,0,0,8,0,0,0,0,6,0,2,0,0,0,30,0,0,0,0,13,0,0,6,0,1,4,1,15,9,0,0,0,0,0,9,0,0,0,0,0,0,0,0,0,0,0,0,0,0,58,0,0,15,0,78,2,0,0,0,8,0,0,0,0,0,0,0,1,1,0,0,1,0,0,0,2,0,11,0,0,0,10,34,0,23,95,447,0,0,0,0,0,0,0,0,14,2,0,0,0,0,0,0,65,0,0,13,0,71,23,0,116,0,0,4,10,2,2,0,0,0,4,4,13,0,92,0,0,106,0,5,0,0,0,0,0,201,0,0,0,0,5,0,67,0,0,0,0,0,0,0,0,0,18,8,57,87,0,7,64,0,0,0,4,0,0
TCGA-DD-A4NV_144,6.56986301369863,0,61,1,3,3,0,0,252,374,68,190,41,19,25,101,44,111,59,43,108,116,12,56,188,40,1166,701,136,44,6,21,11,7,23,51,112,335,316,71,54,131,7,35,396,99,250,25,39,0,81,36,379,6,756,60,0,100,12,15,38,92,0,16,119,38,23,313,0,9,0,16,148,0,44,230,6,31,179,332,0,339,362,192,6,11,0,34,45,18,0,79,286,2,94,23,51,222,1,262,91,55,0,0,13,0,26,91,0,0,47,1,26,38,4,12,136,64,2,15,0,117,0,0,140,0,6,0,72,0,342,0,74,25,0,0,1113,0,0,37,2,5,628,13,0,0,0,177,0,0,11,34,138,160,44,0,0,16,0,26,0,0,2,3,325,779,0,8,3,0,4,0,71,0,0,0,46,78,4,125,2962,0,0,220,0,0,194,57,5,55,0,106,4,2027,0,0,0,20,0,0,10,3,0,1495,8,0,0,383,0,0,2,0,0,0,12,0,2,6,0,0,12,1,1,25,0,5426,34,4,803,3,3,0,0,12700,30,0,0,0,0,28,16,257,13,151,113,0,0,5,0,0,19,0,0,0,0,0,0,0,0,7,0,6,293,0,0,70,238,2,0,1,31,0,0,0,58,0,33,0,32,2,885,150,602,0,0,9,8,0,14,0,196,0,0,0,0,173,0,6,1,2,0,51,1,0,0,0,0,0,7,12,8,0,0,0,9,0,21,25,0,1,50,0,20,0,115,829,223,0,79,5,0,0,37,9,0,1,0,6,0,0,0,0,2,0,2,1,288,0,0,0,0,0,0,9,0,24,0,0,0,6,0,0,4,5,0,16,0,5,0,0,4,95,14,6,0,5,23,0,0,10,0,1,0,0,2,0,0,11,0,0,93,46,0,3,0,0,0,0,23,239,0,40,0,0,0,0,98,0,2,0,346,0,0,4,16,0,0,1,0,0,0,0,0,0,118,2,0,0,0,0,0,1,0,0,2,0,0,0,0,8,0,105,0,53,0,0,0,78,0,0,0,0,1,0,0,0,0,0,0,0,0,0,0,0,0,0,0,440,0,0,0,0,0,1,0,3,3,0,0,9,0,1,0,0,0,7,0,0,0,6,0,0,0,85,0,322,31,56,0,14,0,0,0,0,0,0,0,13,0,0,0,0,0,3,0,0,0,0,0,0,28,0,3,8,0,60,8,0,0,0,17,0,0,0,0,0,4,13,8,0,0,0,5,6,0,0,0,19,5,3,0,0,37,8,0,6,146,2,4,60,0,0,0,0,0,0,31,0,0,0,0,0,0,0,0,0,0,7,0,13,12,0,2,0,0,0,0,0,0,0,0,3,28,0,3,0,114,8,1,27,1,0,0,0,0,0,0,33,0,0,0,0,0,0,0,0,0,23,0,0,0,0,0,0,1,7,38,9,0,2,125,0,11,3,0,0,0
TCGA-DD-A73A_145,1.99452054794521,0,71,1,1,1,0,0,569,157,76,53,32,22,14,46,39,40,14,46,72,57,6,44,265,16,115,579,109,31,2,6,24,5,8,139,62,332,148,54,31,143,11,11,262,238,75,20,26,0,35,24,185,9,559,200,0,28,6,24,49,120,0,20,49,75,6,90,0,8,0,11,105,0,40,313,13,38,57,433,0,176,207,64,33,2,0,90,29,11,0,30,514,5,110,47,34,522,1,428,56,2,3,0,38,0,23,178,0,3,61,0,31,103,26,18,100,28,0,37,0,370,0,0,111,0,0,0,15,0,106,2,288,2,0,1,718,0,0,15,1,2,188,13,2,0,0,151,0,0,4,22,193,211,45,0,0,18,0,19,0,0,0,3,97,736,0,26,8,0,3,0,11,4,5,0,46,36,8,48,1495,0,0,497,0,0,75,66,5,128,0,157,1,1416,1,0,0,31,0,0,9,0,0,1585,9,0,0,270,0,0,0,0,0,0,27,0,0,9,0,0,26,4,0,78,0,2725,32,6,540,3,0,0,0,3192,45,0,0,0,0,24,4,307,48,149,350,0,0,0,0,0,7,0,0,0,0,0,0,0,0,9,0,0,112,1,0,164,296,2,0,2,6,0,11,0,62,0,7,0,16,0,1348,25,407,0,0,2,8,0,2,2,505,0,1,0,0,59,0,33,0,23,0,174,1,0,0,0,0,0,3,2,0,0,0,2,1,4,52,1,0,14,1,0,8,0,145,915,74,0,60,2,0,0,48,7,0,1,0,1,0,0,0,0,8,0,14,0,422,0,1,0,0,0,0,1,0,18,0,0,0,0,0,0,4,1,0,30,0,1,0,0,7,34,32,15,0,7,379,0,0,21,0,0,1,0,0,0,0,2,0,0,829,5,0,1,0,0,0,0,39,856,0,100,0,0,0,2,63,0,7,0,23,0,0,7,1,0,0,0,0,0,0,0,0,0,213,2,0,0,0,0,0,0,0,2,0,0,0,0,0,0,0,2,0,132,0,0,0,67,0,0,0,0,0,0,0,0,0,1,0,0,0,0,0,0,0,0,0,44,0,0,0,0,0,0,0,18,4,0,0,38,0,2,0,0,0,24,0,0,0,0,2,0,0,202,0,8,1,20,0,0,0,0,0,0,0,3,0,0,0,0,0,0,0,7,0,0,0,1,0,0,99,0,0,0,0,11,25,0,0,0,17,0,0,0,0,0,4,0,11,0,0,0,0,0,0,0,0,0,10,2,0,0,28,0,0,0,128,173,0,18,0,0,0,0,0,0,46,0,0,0,0,0,0,0,0,0,0,18,0,13,0,0,8,0,0,25,0,0,0,0,0,0,1,0,0,0,44,0,0,0,2,0,0,0,0,0,0,0,0,0,0,0,0,0,35,0,0,0,0,0,0,0,0,0,10,0,69,0,0,0,33,0,0,0,0,19,5
TCGA-DD-A73B_146,0.775342465753425,1,72,0,1,1,0,0,73,522,252,216,121,115,28,33,28,161,29,21,40,131,14,56,339,111,309,281,34,17,7,4,31,8,22,65,52,332,80,50,20,125,6,29,182,203,370,8,71,0,39,16,302,3,231,98,0,164,7,49,48,125,7,12,179,60,50,62,0,12,0,9,13,0,109,178,8,37,151,163,1,250,402,212,27,5,0,46,66,9,0,101,257,9,114,64,10,26,0,319,88,253,13,0,59,2,57,176,0,10,24,12,21,58,4,6,162,98,5,25,0,122,3,0,74,1,3,0,28,2,123,9,228,9,1,6,0,0,2,6,2,1,497,16,6,1,0,84,1,5,5,12,95,200,52,0,0,15,5,6,0,0,0,1,134,0,2,13,11,6,0,2,8,9,2,0,106,57,4,43,1788,0,0,392,0,0,92,235,9,358,0,137,5,5426,1,0,1,53,0,9,4,0,0,1680,12,0,5,915,0,0,3,0,0,1,125,0,0,20,0,0,34,30,0,50,0,2962,34,9,322,2,0,1,0,6589,43,0,0,0,0,17,3,202,255,85,4,0,4,0,0,0,16,0,0,0,4,0,0,0,4,10,0,1,138,0,1,103,248,7,1,2,29,0,4,0,82,0,14,1,4,0,718,121,467,0,0,3,2,0,9,0,88,0,0,0,0,15,0,7,0,47,0,31,0,0,0,0,0,2,0,0,4,0,0,0,2,1,57,1,0,5,9,0,10,0,120,1416,453,0,49,4,0,0,48,1,2,0,0,1,0,0,0,0,5,0,0,2,756,0,0,0,0,0,0,55,0,17,0,0,0,0,0,0,6,18,0,9,1,0,0,0,10,194,0,28,1,0,540,0,0,23,0,0,0,0,0,0,0,6,0,0,26,12,0,19,0,0,0,0,45,856,0,19,0,0,0,2,191,0,12,0,150,1,4,7,0,0,0,0,0,0,0,0,0,0,20,0,0,0,0,0,0,0,0,0,0,0,0,8,0,0,0,154,0,53,0,14,0,22,0,0,0,0,0,0,0,8,0,0,0,0,12,0,0,0,0,0,5,220,0,0,0,0,0,0,0,16,10,0,0,48,0,3,5,9,0,10,0,4,0,0,9,0,0,0,0,20,0,13,4,0,0,0,0,0,93,0,0,6,0,0,4,0,0,0,0,0,0,0,2,0,36,0,0,0,0,83,14,1,0,0,0,0,0,0,0,0,13,0,0,5,0,0,0,0,0,0,0,25,4,7,0,0,20,0,0,0,133,7,2,56,0,0,0,0,0,23,33,0,0,0,0,36,0,0,0,2,0,5,0,2,0,0,329,0,0,0,0,0,0,0,0,0,2,0,0,0,1,4,7,0,0,0,0,4,0,0,0,0,80,0,0,0,0,0,0,0,0,0,4,0,0,0,1,2,0,0,0,0,13,0,0,0,0,6,0,0,47
TCGA-DD-A73C_147,1.92054794520548,0,65,0,3,3,0,0,358,216,96,174,187,54,212,51,118,78,71,69,88,108,27,49,641,16,15,1025,167,109,9,35,43,17,35,85,291,514,73,0,59,201,62,29,226,278,110,28,35,0,23,16,0,4,559,1,0,302,19,0,37,286,0,40,57,168,29,15,0,8,0,16,145,0,39,422,0,23,159,736,0,153,329,1166,30,12,0,114,74,3,0,33,0,18,178,2,22,949,0,191,44,0,1,0,71,0,55,120,0,0,101,3,56,106,4,9,602,15,1,36,1,72,0,0,228,0,10,0,34,0,342,0,0,147,0,0,779,0,0,67,4,5,322,5,0,0,0,259,0,0,9,26,160,276,93,0,0,36,0,2,0,0,1,0,207,2175,0,33,13,0,2,0,19,0,3,0,8,68,0,101,4752,0,0,474,0,0,105,34,19,15,0,417,8,3487,4,2,0,30,0,0,158,3,0,166,1,0,0,94,0,0,0,0,0,9,0,0,11,9,0,0,16,2,2,17,0,2962,12,0,915,1,0,0,3,12700,15,0,0,0,0,74,4,151,3,0,293,0,0,0,0,0,12,0,0,0,0,0,0,0,0,14,0,13,350,0,0,0,549,12,0,0,31,0,0,5,20,0,48,2,12,0,12,16,1282,0,0,7,0,0,0,0,5,4,0,0,0,76,0,319,2,10,0,2,0,0,0,0,0,0,14,17,6,0,0,0,2,5,9,21,0,2,56,0,30,0,181,1071,985,0,87,10,0,0,55,0,0,0,0,20,3,0,0,0,0,0,0,0,288,0,0,0,0,0,0,2,0,26,0,0,7,6,0,0,0,1,0,24,0,0,0,0,4,144,0,32,0,52,18,0,0,24,0,1,0,0,2,0,0,14,0,0,590,48,0,0,0,0,0,0,0,614,0,105,1,0,3,1,123,0,0,0,440,0,0,0,12,0,2,2,0,0,0,0,0,0,362,0,0,0,0,0,0,0,0,0,0,0,0,0,0,13,0,2,0,53,0,0,0,45,0,0,0,0,0,0,0,0,0,0,0,0,5,0,0,4,0,0,0,433,0,0,0,6,0,0,0,0,4,0,0,0,0,21,0,0,0,0,0,0,0,0,0,0,0,0,0,77,17,24,0,46,0,0,0,0,0,0,0,138,0,0,0,0,0,0,0,0,0,1,0,0,6,1,1,0,0,241,0,0,0,0,2,0,0,0,0,0,37,14,2,0,0,0,6,0,0,0,0,5,0,0,0,0,6,0,0,0,0,0,33,65,1,1,0,1,0,0,40,0,0,0,1,0,0,8,0,0,0,19,0,0,0,0,0,0,0,0,0,0,0,0,0,0,3,0,0,0,1,1,5,0,0,0,0,0,0,0,0,12,7,1,1,0,0,0,0,0,0,0,0,0,0,0,0,0,0,0,0,2,6,17,0,0,0,0,0,0,262
TCGA-DD-A73D_148,1.8986301369863,0,68,0,2,2,2,2,79,200,81,106,115,24,26,8,62,25,13,17,72,83,10,32,1166,42,25,383,72,31,16,7,19,21,7,101,29,245,248,53,35,85,52,5,417,156,34,78,35,0,2,6,14,6,684,38,0,35,16,8,25,50,0,27,29,149,18,228,0,17,0,1,354,0,68,109,0,18,236,602,0,132,302,34,11,16,0,25,21,24,0,28,69,5,422,33,50,653,0,114,45,4752,0,0,20,0,0,131,0,0,20,11,50,14,0,11,299,103,0,20,0,64,0,0,87,0,3,0,2,0,2,0,522,4,0,0,756,0,0,28,3,0,1585,3,2,0,0,531,0,0,14,10,103,152,42,0,0,63,0,122,4,0,0,3,96,313,0,7,10,0,1,0,2,1,4,0,257,68,3,85,379,0,0,97,0,0,91,4,4,17,0,73,0,5426,1,1,0,17,0,0,42,0,0,514,14,0,0,199,0,0,0,0,0,0,37,0,5,14,0,0,15,3,1,10,0,316,14,34,253,1,0,0,0,3192,0,0,0,0,0,0,2,97,73,85,346,0,0,0,0,0,13,0,0,0,0,0,0,0,0,4,0,1,2725,0,0,181,179,6,0,3,18,1,0,0,43,0,50,0,0,1,949,0,505,0,0,0,1,0,2,0,407,0,1,0,0,8,0,153,0,17,0,0,2,0,0,0,0,0,22,1,1,0,0,0,5,0,225,1,0,29,4,0,19,0,208,1223,27,0,47,3,0,0,81,4,0,0,0,9,6,0,0,0,0,0,0,5,139,0,4,0,0,0,0,0,0,0,0,0,0,0,0,0,0,4,0,21,0,15,0,0,0,19,76,5,0,31,701,0,0,95,0,0,0,7,0,0,0,13,0,0,718,0,0,1,0,0,0,0,29,2027,0,16,1,0,0,8,0,0,3,0,23,0,1,0,1,0,0,0,0,0,0,1,0,0,447,0,0,0,0,0,0,0,0,0,0,0,0,10,0,0,0,3,0,48,0,0,0,7,4,0,0,0,0,0,0,0,0,0,0,0,63,0,0,0,0,0,0,0,0,0,0,0,0,0,0,0,0,0,0,50,0,0,0,1,0,0,0,0,0,0,0,0,0,9,0,1,0,41,0,17,0,0,0,0,0,0,0,0,0,0,0,0,0,0,0,0,0,0,0,0,2,2,0,0,3,46,0,0,0,0,6,0,0,0,0,0,0,1,0,0,0,0,0,0,0,0,0,0,0,1,0,0,0,128,0,0,0,11,0,0,0,0,0,0,0,0,65,0,0,0,0,2,0,0,0,0,0,0,0,49,0,0,206,0,0,0,0,51,0,0,0,0,0,0,0,0,0,0,0,38,0,0,0,1,0,0,0,0,0,0,0,0,0,0,0,1,0,31,0,0,0,0,0,0,2,0,2,113,10,0,6,0,8,0,8,2,37
TCGA-DD-A73E_149,0.120547945205479,0,66,1,1,1,0,0,58,206,22,9,134,34,21,11,31,4,26,1,161,35,4,28,559,1,366,4,262,15,6,24,17,6,0,38,14,628,38,47,6,171,0,0,325,374,16,27,6,0,2,8,3,5,199,55,0,128,31,17,20,16,0,49,159,54,5,14,0,0,0,6,885,0,35,63,11,8,220,241,0,309,428,40,10,35,0,29,61,4,0,5,169,1,123,44,96,1585,3,120,6,9068,2,0,6,0,0,68,0,0,17,4,36,27,3,5,216,0,0,4,3,286,0,0,34,0,7,0,2,0,0,0,97,0,0,0,396,0,0,1,7,2,34,25,0,0,0,139,0,0,8,24,147,177,59,0,0,75,0,83,0,0,0,8,93,1348,0,17,5,0,2,0,2,0,6,0,21,8,0,35,86,0,0,74,0,0,145,0,2,0,0,11,2,1788,0,1,0,7,0,0,14,0,0,165,0,0,0,238,0,0,1,0,0,0,69,0,0,3,0,0,8,2,2,2,0,200,2,12,263,0,4,0,0,3835,5,1,0,0,0,10,0,85,9,147,304,4,0,4,0,0,10,0,0,0,0,0,0,0,0,2,0,0,136,0,0,58,505,0,0,6,17,0,0,0,30,0,2,0,0,3,28,2,668,0,0,0,0,0,8,0,590,0,1,0,0,5,0,69,0,1,0,2,0,0,0,0,0,0,15,3,14,0,0,0,25,0,1,16,0,4,0,0,48,0,49,4215,3,0,34,0,0,0,22,0,0,0,0,3,0,0,0,0,0,0,0,0,0,0,0,0,0,0,0,0,4,0,0,0,0,7,0,0,0,34,0,36,0,20,0,0,9,1,291,3,0,24,215,0,0,1,0,0,0,8,0,0,0,0,0,0,293,4,0,0,0,0,0,0,2,1495,0,8,0,0,0,21,1,0,2,0,0,0,0,0,0,0,0,0,0,3,0,0,2,0,1166,0,0,0,3,4,0,16,4,0,0,0,0,0,0,0,13,0,0,0,0,0,0,0,0,0,0,0,0,0,0,48,0,2,0,0,0,0,0,0,0,0,0,3,0,0,0,2,0,0,0,0,0,0,0,7,0,9,0,0,0,5,0,1,0,0,1,0,0,1,0,0,41,0,0,20,0,0,0,0,0,0,0,0,0,0,0,0,0,0,0,0,0,0,0,0,3,0,0,0,0,192,0,0,0,0,10,0,0,0,0,0,0,0,0,0,0,0,0,0,0,0,0,0,9,0,1,0,0,27,0,1,0,4,0,0,8,0,0,0,0,0,0,0,0,0,0,0,0,0,0,0,0,0,0,193,0,0,156,0,0,0,0,57,1,0,0,0,0,0,0,0,17,62,3,58,0,0,0,0,0,0,5,0,0,0,0,0,0,0,0,2,0,0,2,0,32,0,2,0,16,0,2,641,0,0,72,0,370,0,0,71,104
TCGA-DD-A73G_150,9.52876712328767,0,73,0,1,1,0,0,15,1,28,6,12,17,5,3,14,6,3,3,7,15,0,15,40,3,0,3,18,3,0,0,0,6,1,1,1,48,108,0,6,75,0,8,339,47,8,21,15,0,2,1,5,0,44,10,0,0,0,4,15,56,4,13,29,21,2,2,0,2,1,0,27,0,15,34,0,6,55,72,3,61,168,8,54,0,2,3,8,0,1,6,44,0,77,59,0,32,4,2027,18,47,30,2,3,0,5,2,0,8,12,0,17,2,2,8,57,10,0,8,3,64,7,0,152,0,0,6,3,7,33,7,88,2,0,2,602,0,2,30,0,1,77,9,11,0,0,0,1,1,0,12,38,16,10,1,5,3,0,2,0,0,0,0,92,5,0,0,0,0,0,0,0,17,0,0,63,50,0,15,668,0,0,134,0,1,15,21,0,39,0,41,1,1788,1,1,0,15,0,4,27,0,0,276,0,0,0,69,4,0,0,0,0,0,61,4,0,0,0,0,27,0,0,3,0,540,20,2,856,0,0,4,0,2962,0,0,0,0,1,0,8,125,15,228,59,2,2,0,0,18,0,0,0,0,0,0,0,10,0,11,0,0,39,6,0,46,48,14,2,5,0,0,78,6,12,0,0,0,0,0,236,2,489,0,1,3,0,0,0,10,82,0,0,0,0,18,1,0,0,10,0,0,6,0,0,0,1,0,0,0,0,0,0,4752,2,1,97,0,0,0,0,0,6,0,123,21,95,0,7,0,0,15,6,0,0,2,2,0,0,0,2,0,5,2,7,0,52,0,4,0,2,0,0,0,0,0,0,3,0,0,0,0,0,101,0,3,2,0,0,0,0,66,0,35,0,0,453,0,0,61,0,0,0,0,0,0,0,20,0,0,248,5,0,0,0,0,0,0,132,1416,5,13,0,1,0,1,3,0,5,0,0,0,8,0,0,0,0,0,0,0,0,0,0,0,26,0,2,0,0,0,0,0,18,0,0,11,0,0,0,0,9,4,0,20,0,7,0,22,3,0,0,0,0,0,0,0,0,7,0,0,12,0,7,41,0,0,2,0,0,0,0,2,0,0,0,0,0,0,0,0,0,0,0,0,0,0,0,0,0,0,1,0,0,42,0,0,2,0,10,0,0,0,0,0,0,13,0,0,0,0,0,0,0,0,0,0,0,0,0,0,11,0,0,0,0,40,3,0,0,0,1,0,0,0,0,10,11,0,0,0,0,0,0,0,0,0,2,0,5,0,0,0,0,0,2,0,0,14,0,9,0,0,1,0,0,0,0,0,0,0,0,0,0,18,0,0,0,0,0,0,0,0,614,0,0,0,0,12,0,0,0,0,0,0,0,0,5,0,0,0,0,51,0,0,3,8,0,3,2,0,0,0,0,0,319,0,0,24,0,0,0,0,0,0,0,0,49,0,0,8,0,0,0,9,0,0,0
TCGA-DD-AA3A_151,1.12328767123288,1,81,0,1,1,2,0,0,0,0,0,0,0,0,0,0,0,0,0,1,3,0,0,8,0,226,0,0,0,0,0,0,0,0,2,0,1,8,0,0,1,0,0,33,2,0,0,0,2,0,4,0,0,4,0,7,1,0,0,0,0,8,0,0,4,0,1,2,0,4,0,1,2,0,1,0,0,0,2,4,0,2,0,0,0,1,4,0,0,4,0,12,0,1,0,0,2,26,9068,0,18,44,2,2,2,5,0,0,26,0,0,0,0,0,0,0,0,0,0,0,0,22,2,0,9,0,0,0,13,0,5,67,0,4,12,2,0,6,0,0,0,6,0,12,9,0,3,2,4,0,0,1,0,2,1,24,0,0,0,7,6,0,0,1,5,7,0,0,2,0,0,0,29,0,0,0,0,0,6,45,0,1,1,0,0,0,10,0,0,3,0,0,18,0,0,1,3,1,5,0,0,0,17,0,3,8,1,3,0,0,8,0,0,0,1,0,0,3,0,0,21,0,0,2,15,0,0,6,0,0,3,0,107,0,0,0,2,0,16,0,1,0,0,0,5,2,0,2,146,0,4,0,2,1,27,0,0,2,0,0,0,0,37,0,0,0,14,3,0,0,0,117,0,0,0,0,2,0,0,4,0,2,0,0,0,0,0,0,6,6,0,0,0,0,0,3,0,0,0,0,0,18,2,0,0,0,0,0,0,0,2,0,0,0,0,0,0,11,0,0,1,0,0,0,82,86,1,0,0,0,0,0,0,0,0,4,0,0,87,0,0,0,4,2,4,1,1,5,0,0,0,0,0,0,0,0,9,0,0,0,5,0,53,0,1,1,0,0,0,0,0,0,1,0,0,0,0,0,0,0,0,4,0,0,0,0,0,0,0,2,0,0,0,0,0,1,0,0,3,5,0,0,0,0,0,0,0,0,0,0,0,0,0,0,0,0,0,0,0,0,24,0,16,6,10,0,0,0,0,0,0,0,61,0,4,0,0,0,0,2,0,2,0,2,3,0,0,0,0,0,0,0,29,0,0,3,0,0,0,0,0,0,0,6,0,0,0,0,0,0,0,0,0,54,0,0,0,0,0,0,0,0,0,0,0,0,0,0,0,26,0,0,2,0,0,1,0,77,0,0,9,0,0,0,101,0,0,0,0,0,0,0,0,1,0,0,0,0,0,0,0,0,0,0,0,0,0,0,0,0,0,0,0,0,0,3,0,0,9,0,0,0,0,0,0,1,0,1,0,0,0,0,0,0,0,0,6589,0,0,0,0,0,0,0,0,0,0,0,0,0,0,0,0,13,0,0,0,23,0,0,0,0,0,0,0,0,0,0,0,0,0,0,0,0,0,49,0,0,0,0,0,0,0,0,10,0,0,0,0,0,0,0,0,5,0,3,0,0,0,3,0,0,0,0,0,0,0,0,0,17,0,0,0,0,0,0
TCGA-DD-AAC8_152,0.0438356164383562,1,72,1,1,1,0,0,0,12,6,5,11,16,12,0,16,7,3,7,50,1,0,5,274,7,1680,0,20,9,2,13,0,3,0,27,0,86,41,1,4,13,34,0,85,2,0,3,4,0,0,4,0,2,12,0,0,9,19,0,12,1,0,0,0,16,0,12,0,7,0,0,514,0,6,11,0,30,26,146,0,147,133,1,13,2,0,9,9,11,0,2,12,0,29,2,39,497,11,653,19,37,3,0,0,0,0,2,0,1,0,0,17,0,0,2,407,0,0,1,23,1,0,0,26,0,0,0,0,0,6,0,19,0,0,0,489,0,0,22,14,0,151,3,0,0,0,27,0,0,19,2,1,74,27,0,0,7,0,56,0,0,0,8,44,339,0,1,2,0,0,0,0,2,3,0,3,8,0,11,4752,0,0,0,0,0,44,0,1,0,0,57,0,1071,0,0,0,7,0,0,21,0,0,21,0,0,0,4,0,0,0,0,0,0,0,0,0,3,0,0,5,1,0,4,0,0,0,4,66,0,0,0,0,80,0,0,0,0,0,0,0,0,0,2,27,0,0,0,0,4,0,0,0,0,0,0,0,3,0,2,0,0,5,0,0,0,144,1,0,0,10,0,0,0,6,0,4,0,0,0,0,0,32,0,0,0,0,0,0,1,208,0,1,0,0,0,0,422,0,1,21,0,14,0,0,0,0,1,10,0,8,0,0,0,0,0,0,0,0,5,0,0,0,0,433,2175,569,1,40,0,0,0,20,0,0,0,0,0,0,0,0,0,0,0,42,2,1,0,10,0,0,0,0,0,0,0,0,0,0,0,0,0,0,84,0,21,0,12,0,0,0,52,9,1,0,17,6,0,0,140,0,0,0,1,0,0,0,1,0,0,0,0,0,0,0,0,0,0,0,87,0,31,0,0,0,0,0,0,0,0,0,0,5,0,0,0,0,0,0,0,0,0,22,0,187,0,0,0,3,0,0,0,9,0,0,0,0,0,0,0,2,1,0,0,0,1,0,0,25,0,19,0,0,0,0,0,0,0,0,0,0,0,0,12,0,0,0,0,0,0,0,0,0,0,0,0,0,0,0,17,0,20,0,0,1,0,0,0,0,0,30,0,0,23,0,0,0,0,0,0,8,0,0,0,0,0,0,0,0,0,0,0,0,0,0,0,0,0,0,0,0,1,0,0,0,0,0,4,0,0,0,0,0,0,0,0,4,0,0,0,0,0,0,0,0,0,0,0,1,0,0,0,0,16,0,0,0,915,0,0,6,0,0,0,0,0,0,16,0,0,0,0,0,0,0,0,0,0,0,33,0,0,43,0,0,0,0,1,10,0,0,0,0,0,0,0,0,44,0,1,0,0,0,0,0,0,0,0,0,0,0,0,0,0,0,0,0,0,0,0,24,0,0,0,6,0,0,459,0,0,0,0,116,0,0,0,7
TCGA-DD-AAC9_153,0.950684931506849,0,51,1,1,1,0,0,125,37,91,48,53,39,11,26,38,29,10,39,67,90,1,30,207,17,190,174,28,23,3,5,7,9,9,69,50,259,173,28,31,143,11,24,316,150,43,68,20,0,6,14,94,2,189,133,0,23,6,38,38,104,0,6,38,56,7,141,0,35,0,2,170,0,45,45,6,40,13,281,0,228,354,85,68,7,0,82,28,17,0,17,123,0,78,25,27,211,3,579,37,77,1,0,3,0,19,80,0,1,0,6,31,103,15,11,231,113,0,10,0,100,0,0,163,0,0,1,1,0,64,0,342,6,0,0,514,0,0,56,0,4,245,10,0,0,0,59,0,0,0,19,11,155,15,0,1,12,0,38,0,0,0,2,40,481,0,22,7,0,3,0,4,2,6,0,68,73,0,48,2725,0,0,325,0,0,27,48,27,178,0,165,1,2027,3,1,0,20,0,0,89,0,0,1348,18,0,0,309,0,0,1,0,0,0,172,0,1,9,0,0,70,0,1,140,0,383,7,8,829,0,0,0,0,2530,11,0,0,0,0,12,1,253,26,39,257,0,0,1,0,13,1,0,0,0,0,0,0,0,0,12,0,0,93,11,0,65,63,2,0,0,0,0,11,0,9,0,21,0,4,0,379,24,447,0,0,1,7,0,5,0,278,0,0,0,0,13,0,212,2,22,0,72,5,0,0,0,0,0,1,0,0,0,0,0,1,1,18,0,0,1,2,0,17,7,453,467,4752,6,34,2,0,0,28,8,0,0,0,5,0,0,0,0,10,0,60,0,296,0,0,0,0,0,0,0,0,22,0,0,0,0,0,0,14,45,0,6,0,4,0,0,5,136,9,24,0,12,28,0,0,417,0,0,0,0,0,0,0,5,0,0,195,0,0,0,0,0,0,0,1,1113,0,48,0,0,1,0,31,0,12,0,30,0,0,2,3,0,0,0,0,0,0,0,0,0,199,0,0,0,0,0,0,0,0,0,0,0,0,0,0,0,0,1,0,44,0,0,0,109,0,0,0,0,0,0,0,0,0,1,0,0,0,0,0,12,0,0,0,42,0,0,0,0,0,0,1,0,1,0,0,7,0,0,0,0,0,12,0,0,0,0,0,0,0,26,0,10,0,0,0,6,0,0,0,0,0,0,0,0,0,0,0,0,0,0,0,0,0,0,0,0,5,0,0,2,0,34,9,0,0,0,307,0,0,0,0,0,215,0,0,0,0,0,0,0,0,0,1,0,628,0,0,0,0,2,0,0,489,263,0,23,0,0,0,0,0,0,4,0,0,0,0,8,0,0,0,0,0,20,0,4,2,0,44,0,0,18,0,0,0,0,0,0,0,0,0,0,915,0,0,24,0,0,0,0,0,0,0,13,2,0,0,0,0,0,590,0,0,0,0,0,0,0,0,0,58,1585,49,0,0,2,12700,0,0,11,0,0,4
TCGA-DD-AACA_154,6.3041095890411,0,65,1,1,1,0,0,60,63,58,8,28,42,26,7,49,19,27,23,107,14,2,22,1223,11,1788,0,71,19,15,17,7,17,0,38,49,195,28,31,19,53,28,0,453,10,18,12,19,0,2,50,1,7,35,172,0,147,2,0,10,3,1,9,22,21,0,238,0,4,0,5,949,0,17,54,3,5,7,196,1,99,346,122,13,16,1,6,15,11,0,5,18,0,141,10,101,569,0,171,33,114,9,0,0,0,4,7,0,5,0,0,90,11,0,6,60,0,0,14,0,18,0,0,116,0,4,4,0,3,1,4,169,0,0,1,115,0,0,8,14,0,440,8,7,2,0,274,0,4,29,13,27,299,47,0,0,8,1,45,0,0,0,17,76,412,1,2,9,0,0,1,1,7,13,0,9,152,0,17,223,0,0,72,0,0,140,7,0,0,0,53,0,1495,0,0,1,3,0,1,0,0,0,134,0,0,2,245,1,0,0,0,0,0,14,2,0,8,0,0,11,21,0,7,0,147,12,16,228,0,0,1,0,614,0,0,0,0,0,0,0,40,65,36,161,2,0,6,0,0,3,0,0,0,2,0,0,0,2,13,0,1,222,0,0,63,684,2,0,0,2,0,2,0,9,0,10,0,1,1,24,0,90,0,0,5,2,0,3,0,33,0,1,0,0,0,0,39,1,10,0,4,0,0,0,0,0,1,27,10,2,0,0,0,6,0,22,7,0,4,0,0,0,0,25,1680,7,0,105,0,0,0,41,2,0,0,0,0,4,0,0,0,0,0,1,0,44,0,0,0,0,0,0,0,0,0,0,1,0,0,0,0,0,259,0,125,0,15,0,0,5,17,329,5,0,212,1,0,0,0,0,0,1,11,0,0,0,1,0,0,66,0,0,3,0,0,0,0,50,64,0,37,3,0,0,5,1,0,3,0,0,2,4,0,3,0,1,0,0,0,0,0,24,0,641,0,0,0,2,0,0,11,6,0,0,0,0,0,3,0,1,0,0,0,0,0,0,0,0,0,0,0,0,0,0,0,0,0,0,0,0,0,0,1,0,0,0,5,0,0,0,0,0,0,0,0,0,0,0,9,0,0,0,0,0,20,0,0,0,0,0,0,0,0,0,0,4,0,0,0,0,0,0,0,5,1,0,0,9,0,0,0,0,0,0,0,0,0,0,0,6,0,4,0,10,15,0,0,0,0,2,0,0,1,0,0,0,0,0,0,0,0,0,0,0,0,0,0,15,0,0,0,0,34,8,0,0,117,0,0,0,0,0,0,0,0,25,0,0,0,0,41,0,0,0,0,0,9,0,32,0,0,522,0,0,0,0,43,65,0,0,0,1,0,0,0,27,32,4,1,0,0,2,0,0,0,1,0,0,0,0,0,0,0,0,0,0,0,0,0,16,0,0,3,0,8,1,379,0,1,32,0,145,0,4,6,0
TCGA-DD-AACB_155,6.36712328767123,0,74,0,1,1,0,0,1,42,38,9,20,24,19,0,18,11,1,11,20,16,0,25,402,3,50,2,17,11,3,3,11,2,3,19,9,129,37,13,15,55,3,13,52,23,0,6,5,1,0,9,1,1,65,11,0,6,6,1,16,22,5,4,11,8,1,6,0,4,0,0,602,0,32,22,1,18,10,116,5,196,58,43,19,0,1,15,5,6,2,4,46,0,41,15,42,505,5,701,19,549,11,0,0,0,4,112,0,3,8,1,10,4,0,4,94,0,0,6,2,41,1,0,28,0,0,7,0,6,3,6,77,0,2,12,274,0,0,19,1,0,474,1,7,0,0,111,1,4,6,9,30,87,17,0,2,11,2,89,0,0,0,0,52,514,1,1,1,0,0,1,0,13,2,0,54,68,0,3,412,0,0,9,2,0,33,0,3,1,0,14,2,756,9,0,0,2,0,0,5,0,0,177,0,0,0,121,4,0,0,0,0,0,4,2,0,5,0,0,4,9,2,10,0,35,3,21,114,0,0,2,0,803,0,0,0,0,0,0,0,0,115,84,34,0,1,0,0,4,0,0,0,0,0,0,0,4,0,2,0,0,15,4,0,195,88,0,1,0,9,0,8,0,10,0,7,0,0,0,37,0,82,0,0,0,3,0,0,6,122,0,0,0,0,0,1,0,0,11,4,1,6,0,0,0,1,0,8,0,0,0,0,130,0,0,97,0,0,0,0,0,0,0,103,1902,177,4,25,0,0,1,12,0,0,0,0,1,0,0,0,0,0,0,9,0,75,0,7,0,0,0,0,0,0,0,0,0,0,0,0,0,0,197,0,6,0,1,0,0,0,60,11,4,0,3,230,0,0,47,0,0,0,0,0,0,7,8,0,0,302,0,0,0,0,0,0,0,11,1585,0,50,3,0,0,3,0,0,3,0,0,0,6,0,0,11,0,0,0,0,0,0,2,0,162,0,0,0,0,0,0,0,118,1,0,0,1,0,0,0,9,4,0,0,0,0,0,0,0,0,1,0,0,0,0,0,7,5,0,0,99,0,0,49,0,0,0,3,0,0,0,0,0,0,0,0,0,0,0,12,0,0,0,0,0,0,0,0,0,0,5,0,0,44,0,0,0,0,0,0,4,0,0,0,4,0,0,0,0,0,0,0,0,0,0,0,0,0,0,0,40,1,0,0,0,21,0,0,0,0,0,0,0,0,0,1,4,1,0,0,0,0,0,0,0,0,0,0,7,0,0,0,0,0,0,0,13,467,0,0,0,0,0,0,0,0,0,0,0,0,0,0,0,0,14,0,0,3,0,19,0,0,1223,0,0,0,0,10,6,0,0,0,0,0,0,0,6,14,1,1,0,0,0,0,0,0,0,0,0,0,0,0,0,0,332,0,0,0,0,0,9,23,0,0,0,0,0,164,0,15,4,0,4,0,8,2,0
TCGA-DD-AACD_156,1.04383561643836,1,48,1,1,1,0,0,153,105,38,23,47,22,14,15,23,13,24,10,41,41,0,36,257,11,46,1,47,7,3,13,9,10,7,11,32,190,97,46,13,255,27,14,756,44,21,18,11,0,0,9,9,8,362,137,0,38,21,4,28,111,0,15,14,30,0,96,0,5,5,2,122,0,36,50,16,10,144,116,1,106,274,36,24,7,0,41,9,20,0,4,93,0,49,28,44,196,1,856,11,141,5,0,0,0,10,106,0,5,14,0,31,2,20,7,1495,0,0,12,1,20,0,0,189,0,0,0,3,1,101,3,34,0,0,2,505,0,0,47,9,3,549,18,2,0,0,87,0,0,1,16,77,91,25,0,1,17,0,13,0,0,0,4,53,259,0,31,3,0,1,0,5,12,7,0,31,73,0,56,12700,0,0,112,0,0,34,7,9,92,0,239,4,628,13,2,0,41,0,0,52,0,0,86,3,0,1,75,0,0,0,0,0,0,38,0,0,3,0,0,44,4,9,25,0,1071,24,2,489,0,1,2,0,3835,12,0,0,0,0,23,0,245,10,104,276,0,0,0,0,8,0,0,0,0,0,0,0,0,0,5,1,1,128,0,0,37,172,16,0,0,0,0,10,2,24,0,25,0,1,0,83,9,164,0,0,1,4,0,3,1,168,0,0,0,0,5,0,94,4,6,12,37,4,0,0,0,0,0,5,3,5,0,0,1,0,6,12,32,0,0,1,0,15,18,299,114,29064,0,41,0,0,0,15,4,0,0,0,0,1,0,0,1,0,0,13,0,41,0,4,0,0,0,0,7,0,5,0,0,0,0,0,0,0,143,0,37,0,4,0,0,9,12,0,18,0,2,7,0,0,296,0,0,0,0,0,0,0,8,0,0,15,0,0,0,0,0,0,0,138,58,0,39,0,0,0,0,22,0,0,0,0,0,2,0,6,15,10,0,0,7,0,0,0,0,136,0,1,0,4,0,1,2,42,0,0,0,0,1,0,0,0,4,0,1,0,0,0,58,20,0,1,0,0,0,0,0,0,0,0,0,0,0,0,128,0,0,0,0,0,0,0,2,0,4,0,9,4,3,0,0,0,0,0,0,1,8,0,2,0,0,2,0,0,19,0,0,2,1,10,0,0,0,0,3,0,0,0,0,0,0,0,0,0,0,0,0,0,0,0,0,38,0,0,0,0,23,3,4,0,0,181,0,1,0,0,0,2962,0,0,7,0,0,0,3,0,0,1,0,170,0,0,0,0,1,0,6,392,39,0,0,1,0,0,0,0,0,2,0,0,0,0,2,0,0,0,0,0,32,0,40,0,0,25,0,0,0,0,12,0,0,0,0,0,0,0,0,302,7,0,1,0,0,0,0,0,0,0,5,0,0,0,0,0,0,474,0,0,0,0,0,0,1,0,0,28,169,7,41,0,19,268,0,0,5,0,0,0
TCGA-DD-AACE_157,5.98356164383562,0,62,1,1,1,0,0,276,350,38,123,21,23,92,20,67,4,52,45,250,106,11,62,366,41,803,220,118,44,9,4,14,3,9,127,11,175,124,29,23,81,24,14,31,217,51,9,35,0,26,1,467,3,257,11,0,155,33,87,24,67,0,27,68,42,25,154,0,16,0,15,138,0,64,70,9,4,55,246,0,153,362,16,2,7,0,49,30,3,0,23,143,2,163,15,35,46,1,146,37,41,2,0,12,0,54,136,0,1,43,7,8,2,7,9,474,102,0,22,0,108,0,0,145,0,5,0,13,0,105,0,70,77,1,1,110,1,0,38,2,0,736,2,0,0,0,117,0,1,25,20,69,101,93,0,0,7,0,17,0,0,2,2,68,579,1,8,5,0,1,0,31,2,0,0,190,28,4,28,2342,0,0,183,0,0,147,11,2,64,0,74,0,4215,1,2,0,14,0,0,25,1,0,2725,28,0,0,181,0,0,2,0,0,0,23,0,0,7,0,0,8,4,0,17,0,3487,14,2,1071,0,0,0,0,6589,18,0,0,0,0,8,10,128,74,459,130,0,0,1,0,0,37,0,0,0,0,0,0,0,0,0,0,2,205,0,0,153,329,3,0,0,1,0,0,0,90,0,6,0,13,0,1113,40,641,0,0,1,0,0,5,0,396,0,0,0,0,13,0,11,0,4,0,37,0,0,0,0,0,0,2,6,7,0,0,0,2,6,31,1,0,6,47,0,16,0,202,2027,24,0,51,2,0,0,25,6,0,4,0,4,1,0,0,0,0,0,0,0,274,0,0,0,0,0,0,4,0,0,0,0,2,4,0,0,4,0,0,6,0,1,0,0,2,168,1,25,1,2,29,0,0,157,0,0,0,0,1,0,0,3,0,0,113,112,0,0,0,0,0,0,9,1585,0,67,0,0,0,4,185,0,11,0,481,0,0,4,4,0,0,0,0,0,0,0,0,0,11,0,0,0,0,0,0,0,0,0,0,0,0,3,0,1,6,15,0,32,0,0,0,8,0,0,0,0,0,0,0,0,0,0,0,0,38,0,0,0,0,0,0,225,0,0,0,0,0,0,0,0,1,0,0,49,0,0,0,0,0,2,0,0,0,0,0,0,0,17,0,7,34,34,0,34,0,0,0,0,0,0,0,2,0,0,0,0,0,0,0,0,0,0,0,5,1,0,0,0,0,549,0,0,0,0,14,0,0,0,0,0,0,9,12,0,0,0,4,5,0,0,0,27,1,3,0,0,14,0,0,0,0,2,0,2,0,0,0,0,0,0,31,0,0,0,0,135,0,0,0,0,0,17,0,0,0,0,219,0,0,0,0,0,0,0,0,0,0,0,0,0,27,0,0,0,3,0,0,0,0,0,0,7,11,0,0,0,0,0,0,0,0,57,8,0,0,0,0,0,0,0,33,4,1,0,13,0,8,0,0,0,147
TCGA-DD-AACF_158,1,1,68,1,1,1,0,0,179,55,91,262,27,23,8,21,9,23,40,19,37,197,3,7,121,8,549,779,11,18,6,9,10,6,23,35,25,313,42,18,23,151,18,6,274,152,58,34,109,0,0,35,302,3,332,26,0,28,10,39,36,77,6,6,18,58,9,128,0,15,0,7,57,0,51,28,1,6,216,175,1,108,272,93,12,0,0,55,21,5,1,18,120,5,85,12,7,5,1,579,23,10,11,0,12,0,16,95,0,4,70,0,31,15,17,7,134,63,0,18,2,38,0,0,226,1,0,0,6,0,130,5,177,28,2,4,0,0,1,49,1,0,146,12,6,2,0,83,1,5,0,14,222,86,50,0,0,22,0,11,0,0,0,1,225,215,3,14,3,0,1,0,4,16,2,0,81,46,1,136,885,0,0,392,0,0,27,35,7,1416,0,69,1,5426,0,1,1,59,0,3,5,1,0,1680,24,0,1,176,2,0,0,0,0,0,79,2,0,13,0,0,46,7,0,46,0,3487,22,2,684,0,1,3,0,12700,2,0,0,0,0,34,0,1,6,39,370,0,5,0,2,6,5,0,0,0,4,0,0,0,0,0,0,14,339,0,0,62,106,16,3,0,1,0,0,6,52,0,10,0,1,1,590,84,540,0,0,7,9,0,0,0,114,0,0,0,0,29,0,9,0,10,0,45,1,0,1,0,0,3,1,2,9,0,0,0,14,3,111,0,0,0,10,0,13,0,342,238,241,0,21,0,0,0,23,0,0,0,0,0,0,0,0,1,1,0,20,0,474,0,0,0,0,0,0,6,0,18,0,0,0,0,0,0,12,54,0,44,1,0,0,0,4,49,2,0,0,0,5,0,0,63,0,0,0,0,0,0,0,5,0,0,10,48,0,0,0,0,0,0,43,158,0,252,0,0,0,0,123,0,0,0,73,0,0,0,0,0,0,0,0,2,0,0,0,0,0,0,0,0,1,0,0,0,0,0,0,0,0,0,0,0,0,39,0,115,0,13,0,28,0,0,0,0,0,0,0,0,0,0,0,0,2,0,0,24,0,0,0,0,0,0,0,5,0,4,1,2,12,0,0,3,0,42,0,19,2,10,0,0,0,0,7,0,0,0,0,27,1,0,0,0,0,0,0,0,0,0,0,0,0,0,0,0,0,38,0,0,0,0,0,0,112,0,0,0,3,16,4,0,0,0,18,0,0,0,0,0,2,0,0,8,0,0,1,2,0,22,0,0,6,3,0,0,1,0,0,0,335,7,1,0,0,0,0,0,0,0,0,0,0,0,0,8,0,1,0,2,0,16,0,5,0,0,98,0,0,0,0,0,0,0,0,0,21,0,0,0,100,0,0,0,0,0,0,0,0,0,0,0,1,0,0,0,0,0,126,0,0,0,1,0,0,0,0,0,153,15,0,0,0,10,0,0,0,7,0,0,15
TCGA-DD-AACG_159,1.28493150684932,1,52,1,2,2,0,0,4,2,23,10,27,8,4,2,7,8,3,4,5,8,0,26,196,0,0,4,47,2,3,0,11,0,0,23,13,55,70,7,5,53,8,0,5,80,21,3,4,7,6,3,1,0,47,20,0,6,0,0,4,21,14,2,1,25,2,14,0,4,2,1,103,0,16,35,3,7,18,132,3,124,116,213,15,0,4,9,11,9,4,1,20,4,39,26,13,116,3,1902,5,0,16,0,2,1,0,35,0,12,17,0,0,16,5,3,50,7,0,14,6,120,0,0,91,0,0,1,2,8,32,7,68,0,2,21,199,0,1,26,1,0,57,9,16,3,0,51,0,2,1,0,28,62,14,0,16,9,3,5,2,0,0,0,122,332,4,22,5,2,0,4,0,62,0,0,21,59,0,30,1113,0,0,13,9,0,25,42,8,0,0,61,2,296,3,0,0,20,0,1,0,0,0,354,5,0,1,105,5,0,0,0,0,0,2,1,1,14,0,0,22,11,1,7,0,628,22,2,119,0,0,4,0,579,0,0,0,0,3,4,0,61,39,58,40,0,1,3,0,6,3,0,0,0,4,0,0,1,0,1,12,3,26,9,0,44,208,0,5,0,0,0,168,4,1,0,8,3,0,0,188,0,322,0,0,0,1,0,2,6,46,0,0,0,0,5,0,72,0,0,17,15,16,0,0,0,4,0,0,0,0,0,0,2175,1,7,157,0,0,0,0,0,0,3,170,68,291,10,24,0,0,8,19,0,0,3,0,0,0,0,0,0,2,0,54,1,121,0,0,0,0,0,0,0,0,16,0,5,0,0,1,0,0,140,0,2,4,0,0,0,0,16,1,0,0,0,6,0,0,29,0,0,0,0,0,0,3,1,0,0,230,0,0,1,0,0,0,0,201,756,0,99,0,0,0,0,40,0,1,0,0,0,0,1,2,0,0,0,0,0,0,0,0,0,95,0,1,0,0,0,0,0,0,0,0,0,0,0,0,0,3,0,0,0,0,18,0,75,3,0,2,0,0,0,0,0,0,0,0,0,123,0,0,167,0,0,5,0,0,0,0,0,0,0,4,0,7,2,0,0,0,0,2,0,0,6,0,0,0,0,6,0,0,37,0,0,0,0,32,0,0,0,1,0,8,2,3,0,0,0,0,1,0,0,0,0,0,0,0,0,31,0,0,0,4,9,2,0,0,0,90,0,12,0,0,0,44,0,0,0,0,0,0,0,0,0,1,0,47,0,0,0,0,0,1,0,316,114,0,0,0,0,0,0,0,12,1,0,0,0,0,28,0,2,2,0,11,23,0,0,0,0,281,0,0,30,0,5,0,0,0,0,15,0,0,0,335,0,0,0,0,0,0,2,0,0,0,0,6,0,0,0,0,0,1585,0,0,0,0,0,0,151,0,0,4,49,0,0,0,8,387,0,0,3,0,0,0
TCGA-DD-AACH_160,0.534246575342466,1,69,1,2,2,0,0,16,0,10,0,0,6,0,0,8,0,0,5,19,12,0,0,62,0,0,0,11,8,2,2,0,1,0,65,0,325,21,0,0,14,0,0,10,72,14,3,12,0,0,1,0,0,211,16,1,11,9,8,8,18,14,4,0,18,0,2,0,0,5,5,0,0,0,33,11,68,78,137,2,128,48,37,11,2,1,10,2,2,6,1,82,0,11,0,6,76,31,718,6,379,27,2,0,2,1,2,1,17,0,0,8,0,11,3,4,0,0,0,8,22,1,0,15,0,0,0,1,2,0,8,0,0,6,14,0,0,5,13,0,0,212,12,10,2,0,65,1,7,0,10,8,0,42,0,0,0,4,24,0,0,0,0,0,1166,0,0,6,2,0,0,0,32,1,0,47,0,0,21,23,1,0,756,0,0,41,0,0,56,2,73,0,856,0,0,9,31,2,6,0,0,0,102,2,0,6,20,7,0,0,2,0,0,20,3,0,4,0,0,10,29,0,0,0,736,2,0,668,0,0,3,0,1348,6,0,0,0,0,3,0,58,0,0,139,13,6,0,4,2,3,0,0,0,9,0,0,0,9,0,20,3,16,5,0,36,36,2,5,0,0,0,29,11,8,0,0,8,0,3,13,0,62,0,0,0,0,0,0,0,985,0,0,0,0,0,0,60,0,0,0,322,5,2,4,0,0,0,1,0,1,0,0,2,0,0,0,0,0,0,0,0,2,0,72,1025,8,2,7,0,0,16,14,0,0,0,0,0,0,14,0,0,0,1,18,5,1,0,1,0,0,0,0,0,0,0,0,0,0,0,0,0,0,489,0,16,3,0,0,0,10,0,105,0,0,38,45,0,0,0,0,0,3,0,0,0,0,0,0,0,103,0,0,0,8,0,0,0,0,3835,0,2,0,3,0,0,4,0,0,0,2,0,0,0,0,0,0,0,0,0,0,0,0,0,362,0,0,0,0,0,0,0,0,2,0,0,0,0,0,0,0,0,0,15,0,0,0,2,0,0,0,0,0,0,0,23,0,0,0,0,0,0,0,1495,0,1,0,0,0,0,0,0,4,0,0,0,0,4,0,64,0,0,0,0,0,50,0,0,0,0,0,0,1,42,0,0,0,0,0,1,3,0,0,0,0,0,0,0,0,0,0,3,1,0,0,0,0,0,0,0,3,0,0,0,0,1,20,5,0,0,0,0,0,1,0,0,0,0,0,4,0,0,0,0,11,0,3,0,0,0,0,0,0,22,0,0,0,417,0,0,0,0,0,0,0,0,0,0,0,13,0,138,0,0,0,0,0,8,2,0,0,0,96,0,0,0,122,3,0,0,0,0,9,0,0,0,16,0,0,0,0,0,0,0,0,0,0,1,0,0,0,0,0,0,949,0,0,0,0,0,5,0,0,0,44,1,0,0,0,0,10,0,0,2,0,0,7
TCGA-DD-AACI_161,4.43287671232877,0,69,1,2,2,0,0,6,2,12,30,3,3,0,12,13,6,25,7,40,8,0,11,41,0,6,7,15,2,0,1,1,0,5,4,2,33,78,0,0,129,6,7,166,26,20,2,2,0,17,0,0,1,100,15,0,17,4,11,13,10,0,6,1,11,2,374,0,0,0,1,13,0,18,5,2,33,118,38,0,78,44,2,34,2,0,37,6,2,0,3,253,0,32,6,13,32,2,2962,14,8,3,0,7,0,5,3,0,4,0,1,16,0,9,3,92,1,0,1,10,35,0,0,151,0,0,0,4,0,13,1,37,0,0,1,0,0,0,43,0,1,143,10,1,0,0,23,0,0,0,8,24,33,14,0,0,4,0,5,2,0,0,0,24,2175,1,5,3,0,0,0,1,9,3,0,70,38,0,29,579,0,0,167,1,0,9,7,7,245,0,65,0,949,0,0,0,35,0,0,15,0,0,133,9,0,0,33,0,0,0,2,0,0,25,0,0,7,0,0,24,2,0,32,0,569,5,0,362,0,0,0,0,9068,5,0,0,0,0,1,0,205,0,92,19,0,0,0,0,4,0,0,0,0,0,0,0,0,0,0,0,0,74,6,0,21,7,1,0,0,1,0,72,1,34,2,11,0,0,0,346,38,210,0,0,0,0,0,0,6,440,0,0,0,0,0,0,53,0,0,0,84,3,0,0,0,0,0,5,0,0,0,0,2,0,18,39,0,0,0,0,0,20,0,602,187,2027,5,5,0,0,2,7,0,0,1,0,0,0,0,0,0,0,0,124,13,37,0,0,0,0,0,0,36,0,8,0,0,0,0,0,0,0,19,0,20,0,0,0,0,0,5,0,6,0,0,4,0,0,60,0,0,0,0,0,0,0,0,0,0,10,0,0,0,0,0,0,0,8,208,0,86,0,0,1,0,34,0,3,0,0,0,0,0,0,0,0,0,0,0,0,0,0,0,63,0,0,0,0,0,0,0,0,2,0,0,0,0,0,0,7,3,0,4,0,0,0,12,0,0,0,0,0,0,0,2,0,0,0,0,0,0,0,497,0,0,2,0,0,0,0,0,0,0,7,0,0,11,0,0,0,0,0,0,0,97,0,0,0,0,2,0,0,68,0,0,0,0,0,0,0,0,23,0,0,0,0,0,0,0,0,0,0,0,0,0,0,0,0,0,4,0,0,0,0,0,28,0,0,0,7,0,0,0,0,0,39,0,0,0,0,0,0,0,2,0,2,0,15,4,0,0,0,0,0,0,87,137,0,0,0,0,0,0,0,0,0,0,0,0,0,3,0,0,0,1,0,33,0,1,0,0,128,0,0,0,13,0,0,0,0,0,14,0,0,0,44,0,0,0,0,0,0,0,0,0,0,0,1,0,0,0,0,0,1416,0,0,76,0,0,0,0,0,0,119,6,12,0,0,2,28,0,0,9,0,0,0
TCGA-DD-AACJ_162,5.75890410958904,0,75,1,2,2,0,0,9,1,76,52,36,23,26,8,20,22,7,18,29,59,2,38,497,23,243,3,42,16,7,5,5,6,4,65,72,142,136,11,17,64,0,6,614,3,1,36,14,0,5,9,21,3,235,47,0,13,8,4,9,30,0,16,1,36,14,48,0,12,0,0,302,0,57,93,2,26,90,219,0,92,151,238,11,1,0,20,11,6,0,5,26,1,191,8,51,412,1,346,28,2,0,0,7,0,16,94,0,0,15,2,14,0,5,7,230,29,0,14,8,20,0,0,133,0,1,1,1,0,17,0,21,1,0,0,121,0,0,10,2,0,668,0,0,0,0,194,0,0,6,17,50,159,71,0,0,23,0,125,0,0,0,1,63,268,0,0,4,0,0,0,15,3,6,0,60,126,1,42,1585,0,0,95,0,0,73,7,9,17,0,37,2,5426,7,1,0,12,0,0,3,0,0,2530,6,0,0,250,0,0,0,0,0,0,15,0,2,3,0,0,32,0,0,12,0,1495,19,39,402,0,0,0,0,3192,1,0,0,0,0,0,1,52,151,37,123,0,0,2,0,0,4,0,0,0,0,0,0,0,0,9,0,1,168,0,0,97,104,0,0,0,0,0,53,0,10,0,12,0,6,0,559,0,325,0,0,2,4,0,1,0,201,0,0,0,0,0,0,41,0,1,0,0,0,0,0,0,0,0,2,0,0,0,0,3,0,0,64,2,0,18,0,0,0,0,228,1788,171,0,45,0,0,0,29,4,0,7,0,0,3,0,0,0,2,0,3,1,433,0,3,0,0,0,0,0,0,6,0,0,0,0,0,0,0,4,1,19,0,5,0,0,0,42,32,0,0,12,2,0,0,3,0,0,2,0,0,0,0,7,0,0,489,0,0,1,0,0,0,0,17,701,0,253,0,0,0,0,0,0,4,0,8,0,9,0,1,0,1,0,0,0,0,1,0,0,153,0,0,0,0,0,0,0,0,0,0,0,0,0,0,0,0,0,0,25,0,0,0,11,9,0,0,0,0,0,0,0,0,0,0,0,4,0,0,13,0,0,0,42,0,0,0,2,0,0,0,0,2,0,0,25,1,0,0,0,0,40,0,2,0,0,0,0,0,32,0,0,0,0,0,7,0,0,0,0,0,0,0,0,0,0,0,0,0,0,0,0,0,0,0,0,2,1,0,0,5,26,1,0,0,0,9,0,0,0,0,0,9,0,0,0,0,0,0,0,0,0,0,0,0,0,0,0,0,22,0,0,0,885,0,2,0,0,0,0,0,0,0,0,0,0,0,132,0,0,0,0,0,56,0,18,0,0,24,0,0,27,0,0,0,0,0,0,0,0,0,0,0,0,0,1,0,0,0,0,0,0,0,0,0,0,0,0,0,0,0,0,0,3,0,0,0,0,0,0,0,0,17,20,5,0,0,0,0,0,0,0,16
TCGA-DD-AACK_163,0.0246575342465753,0,70,1,1,1,0,0,63,46,67,13,12,22,3,21,41,61,21,60,82,90,5,20,176,5,174,13,46,11,2,4,22,1,13,110,27,215,114,5,8,81,5,12,628,61,43,14,21,2,36,13,36,6,219,169,0,11,8,16,38,15,0,13,39,27,11,41,0,4,0,7,196,0,57,286,6,57,69,194,0,128,124,9,15,1,0,18,22,8,0,15,428,1,103,28,23,220,1,467,36,14,6,0,9,0,7,34,0,2,25,0,14,10,6,11,127,51,0,18,2,316,0,0,70,0,2,0,7,0,60,1,130,1,0,2,779,0,0,12,1,1,358,16,0,0,0,92,0,1,1,24,72,66,37,0,0,9,0,57,0,0,0,0,144,283,0,8,5,0,0,0,12,2,4,0,46,28,6,20,856,0,0,265,0,0,104,49,9,4,0,41,4,1025,2,0,0,6,0,1,1,0,0,736,25,0,0,216,0,0,0,0,0,0,5,0,3,6,0,0,35,5,0,29,0,829,23,18,383,1,0,0,0,2725,5,0,0,0,0,2,4,96,136,99,31,0,0,0,0,0,4,0,0,0,0,0,0,0,1,11,0,1,41,9,0,153,217,0,0,0,8,0,35,0,63,0,19,0,14,0,225,11,274,0,0,2,8,0,4,4,262,0,1,0,0,6,0,61,0,6,0,71,7,0,0,0,0,0,1,8,0,0,0,0,3,52,6,4,0,5,0,0,0,0,146,4215,1416,0,41,1,0,0,51,34,0,6,1,0,0,0,0,0,1,0,73,3,160,0,0,0,0,0,1,1,0,23,0,0,0,0,0,0,1,30,0,4,0,1,0,0,2,140,47,10,0,21,213,0,0,10,0,0,3,0,0,0,0,7,0,0,278,0,0,0,0,0,0,0,72,497,0,252,0,0,0,0,26,0,29,0,18,0,0,4,0,0,0,0,0,0,0,0,0,0,185,0,0,0,1,0,0,0,0,0,0,0,0,4,0,0,2,13,0,41,0,0,0,122,0,0,0,0,10,0,0,0,2,0,0,0,36,0,0,0,0,0,0,259,0,0,0,1,0,0,0,2,0,0,0,16,0,0,0,0,0,33,0,0,0,0,1,0,0,354,0,0,0,1,0,1,7,0,0,0,0,9,0,0,0,0,0,0,0,4,0,0,0,0,0,0,59,1,0,0,0,0,8,0,0,0,7,0,4,0,0,0,55,0,8,0,0,0,0,0,0,0,0,0,77,3,0,0,15,35,0,0,71,915,0,9,0,0,0,0,0,0,0,0,0,0,0,21,0,0,0,0,0,33,0,86,0,0,82,0,0,36,0,23,0,0,0,0,20,0,0,0,134,1,3,0,0,0,0,1,0,0,0,0,0,0,0,0,0,0,474,0,0,0,0,0,0,0,0,0,25,20,36,30,0,0,243,0,0,0,0,253,1
TCGA-DD-AACL_164,0.293150684931507,1,66,0,1,1,0,0,8,0,16,0,2,11,0,0,4,0,1,2,0,11,0,0,53,2,22,8,6,1,2,0,0,0,0,14,1,1,134,0,0,15,1,0,13,14,18,1,4,0,0,3,0,3,52,12,3,15,0,0,3,4,28,1,7,9,0,0,1,1,11,0,11,1,2,34,4,1,6,71,6,15,108,18,0,0,3,0,6,0,9,2,8,2,12,4,1,39,18,4215,8,11,65,1,0,1,2,38,1,15,0,0,3,0,0,0,22,3,0,6,2,6,4,0,17,4,0,7,0,6,2,15,25,0,7,29,89,0,4,14,0,0,417,0,14,3,0,28,3,7,0,2,1,39,2,3,13,4,9,3,2,1,0,0,14,7,5,0,0,3,0,4,0,44,0,0,14,4,0,21,392,0,0,101,17,5,39,12,58,7,1,61,0,223,0,0,2,2,0,5,0,0,0,278,1,0,12,71,8,0,0,1,0,0,20,2,0,0,0,1,24,25,0,0,0,70,1,1,76,0,0,7,0,1788,0,0,1,0,0,0,0,5,24,0,142,4,4,0,0,2,0,0,0,0,4,0,4,10,7,1,26,2,15,43,0,37,177,1,5,0,0,0,245,0,0,0,6,3,0,0,72,1,189,0,0,0,0,0,0,2,1,0,0,0,0,2,1,14,0,0,102,52,4,0,0,0,4,0,0,2,0,0,0,915,0,0,0,0,0,1,0,0,0,13,70,127,61,27,12,0,0,90,0,0,0,0,0,0,0,6,0,0,0,0,128,3,169,0,1,0,0,0,0,0,0,30,0,0,0,0,0,0,0,335,0,2,1,0,0,0,0,66,2,1,0,2,68,0,3,0,0,0,0,0,0,0,1,0,0,11,38,0,0,0,0,0,0,1,4,191,0,14,0,0,0,0,0,0,0,0,0,0,16,0,0,0,0,0,4,2,0,0,0,0,29,0,0,0,0,0,0,0,0,0,0,0,0,0,0,0,5,2,0,2,0,11,0,4,7,0,0,0,0,0,0,5,0,1,0,0,110,0,0,668,0,0,2,1,0,0,0,0,0,0,0,0,0,1,0,0,0,0,0,0,0,9,0,0,0,0,2,0,0,87,0,0,0,0,0,9,0,1,0,0,13,1,1,6,0,0,0,0,2,0,0,0,0,0,3,0,14,0,0,0,0,5,0,0,0,0,11,0,0,0,0,0,5,0,0,0,0,22,0,0,0,0,0,0,5,0,0,0,0,2,0,0,25,124,0,4,0,0,0,0,4,3,1,0,0,0,0,0,14,0,1,0,2,12,0,0,0,0,1025,0,0,4,7,0,0,0,0,0,5,0,0,0,97,0,0,0,0,31,0,0,0,6,0,0,14,0,0,0,0,0,1282,0,0,0,0,0,0,208,0,0,0,23,0,0,0,6,131,0,0,0,0,0,1
TCGA-DD-AACN_165,3.56712328767123,0,32,1,1,1,0,0,20,14,33,31,8,10,5,4,7,21,3,11,19,20,0,8,89,1,53,102,18,9,0,3,10,0,1,7,14,190,193,3,4,51,0,3,80,248,53,5,10,1,1,14,79,0,49,9,0,26,14,0,20,84,0,5,1,25,3,35,0,9,1,0,94,4,12,38,0,2,34,216,0,99,195,22,4,0,0,12,8,2,0,4,46,2,111,8,19,113,55,1902,14,196,0,0,5,0,5,80,0,1,10,0,6,9,0,4,25,3,0,14,3,16,3,0,101,0,0,7,4,0,44,0,339,13,0,0,202,0,0,14,1,0,189,1,0,0,0,177,0,0,1,6,42,108,28,0,5,1,0,4,6,0,0,0,69,160,0,0,4,0,0,0,0,0,2,0,54,8,0,50,417,0,0,241,4,1,103,12,3,26,0,39,0,1348,0,0,0,4,0,0,16,0,0,736,0,0,0,199,0,0,2,1,0,0,27,0,0,8,0,0,16,1,0,20,1,628,4,0,540,0,0,0,0,3835,0,0,0,6,1,4,0,70,45,236,50,0,0,0,0,26,7,1,0,0,0,0,0,0,0,2,0,3,81,1,0,40,239,1,0,0,3,0,238,1,49,0,28,0,0,0,138,9,428,0,0,0,0,0,3,13,66,0,0,0,0,12,0,3,0,0,4,10,41,0,0,0,1,1,0,3,2,0,0,94,0,1,453,0,0,0,12,0,0,0,115,105,293,0,11,0,0,1,25,0,0,10,0,1,0,0,0,0,2,6,18,11,66,0,0,0,0,0,0,0,0,1,0,0,0,0,0,0,0,5,0,0,0,0,0,0,0,49,11,6,0,4,25,0,0,38,0,0,1,0,0,0,0,3,0,0,185,0,0,0,0,0,0,0,7,59,2,48,0,0,0,0,142,0,1,4,36,0,0,0,4,4,0,0,0,0,0,5,0,0,111,0,0,0,0,0,0,0,0,15,1,0,0,0,0,0,13,2,0,76,0,8,0,18,0,0,0,0,0,0,0,0,0,13,0,0,56,0,2,0,4,0,0,7,0,0,0,0,1,0,9,0,1,0,0,2,0,0,0,0,0,0,0,0,0,0,33,0,0,96,0,2,7,0,134,1,0,0,0,0,0,110,0,0,0,0,0,0,0,0,0,0,0,0,0,0,0,0,0,4,0,13,0,0,0,0,25,0,0,0,0,0,7,0,0,0,0,0,0,0,0,0,3,0,24,0,0,0,0,0,0,3,53,4,0,5,0,0,0,0,0,0,0,0,0,2,0,1,0,7,21,0,0,0,0,1,7,0,653,0,0,7,0,5,0,0,0,0,0,0,2,0,115,0,0,9,0,0,0,0,177,1,0,88,0,0,0,0,0,0,0,0,0,0,0,0,1,0,0,0,0,48,9,8,0,8,167,0,0,1,0,0,1
TCGA-DD-AACO_166,5.13972602739726,0,40,1,1,1,0,0,16,13,63,91,71,25,7,30,25,14,24,8,29,75,1,43,299,12,13,85,31,9,1,5,8,2,6,35,28,161,124,60,24,121,13,17,105,171,19,8,7,3,6,7,46,4,144,133,0,9,0,11,12,18,2,6,31,41,16,69,0,14,1,3,113,0,41,69,2,13,69,74,2,165,154,72,43,2,1,4,9,26,3,5,339,1,93,85,13,68,4,2175,28,4,9,0,14,0,14,33,0,7,32,5,12,57,51,16,83,90,0,24,0,189,2,0,185,0,0,2,10,4,54,4,41,2,0,10,2,0,0,16,1,0,270,16,13,0,0,18,0,0,0,16,116,79,37,0,4,4,0,11,0,0,0,0,89,803,1,26,10,0,0,0,17,24,0,0,74,134,0,57,641,0,0,374,2,0,23,34,10,346,0,122,6,1902,8,0,0,21,0,1,1,0,0,5426,16,0,0,55,1,0,1,0,0,0,82,0,0,22,0,0,63,7,3,47,0,2027,37,3,253,0,0,1,0,4752,16,0,0,0,0,3,0,91,47,203,87,1,1,3,0,3,2,0,0,0,0,0,0,1,0,1,0,1,96,3,0,28,177,13,0,0,0,0,77,9,10,2,17,0,1,0,701,53,213,0,0,7,0,0,4,15,614,0,0,0,0,10,0,50,0,11,0,4,7,0,1,0,0,0,6,0,1,0,0,8,0,6,366,0,0,7,2,0,11,0,379,119,60,1,38,0,0,1,32,4,0,0,0,1,0,0,0,0,8,0,0,0,219,0,0,0,0,0,0,5,0,2,0,1,0,0,0,0,4,138,0,18,1,0,0,0,4,73,0,14,0,0,13,0,0,84,0,0,0,0,0,0,0,5,0,0,207,14,0,7,0,0,0,1,62,3487,0,102,0,0,0,1,104,0,30,0,4,1,4,0,0,0,0,0,0,0,0,1,0,0,2,0,0,0,0,0,0,0,0,0,0,1,0,0,0,0,3,25,0,12,0,7,0,20,0,0,0,1,2,0,0,0,0,7,0,0,9,0,0,2,0,0,7,8,0,0,0,1,0,0,7,0,11,0,0,0,0,2,3,0,0,64,7,0,0,0,9,0,0,37,0,4,0,0,0,0,0,0,0,0,50,0,0,0,0,0,0,0,0,0,0,0,0,0,0,0,628,0,2,0,0,8,19,0,0,0,13,0,0,0,0,0,3,0,0,2,0,0,0,0,0,0,0,0,37,2,0,6,23,0,0,0,43,47,0,7,0,0,0,0,0,0,34,0,0,1,0,3,0,0,0,2,0,11,0,0,0,0,133,0,0,0,0,0,0,0,0,0,2,0,0,0,52,0,0,0,0,0,0,16,0,0,0,13,0,0,0,0,0,0,467,0,0,7,0,0,0,0,0,0,10,8,35,0,0,0,8,0,0,23,0,2,0
TCGA-DD-AACP_167,1.13698630136986,0,64,1,1,1,0,0,7,14,19,18,27,15,4,1,4,1,3,3,10,14,0,1,94,4,39,80,12,7,0,0,0,1,1,6,3,56,38,1,6,12,1,0,185,26,3,2,6,1,1,7,0,0,56,58,3,1,2,0,7,11,32,1,7,12,0,5,3,4,1,1,72,18,6,11,0,1,7,80,14,69,55,20,4,0,1,3,8,0,4,4,71,0,14,2,3,53,15,701,7,127,58,5,0,2,1,11,1,29,3,0,4,26,1,2,25,10,0,4,13,70,5,3,16,10,0,3,0,20,10,21,68,0,7,16,60,0,6,9,0,0,150,1,15,4,0,34,4,12,1,2,11,46,12,1,15,4,6,6,3,0,0,0,24,19,10,3,1,2,0,6,0,32,0,0,10,16,0,5,668,1,0,63,16,7,15,6,0,0,3,23,1,1025,0,0,8,3,4,9,0,0,0,262,0,1,10,75,6,2,0,0,1,0,4,4,0,3,0,0,10,33,0,8,0,126,5,1,131,0,0,5,0,2342,0,0,2,4,1,0,0,29,14,36,106,1,8,0,3,6,0,0,0,0,8,0,3,19,4,5,8,0,15,8,0,33,86,0,3,0,0,0,187,1,4,0,0,5,0,0,37,0,123,0,0,1,0,0,1,1,16,0,0,0,0,0,0,72,0,1,274,1,28,0,3,0,6,0,1,0,0,0,0,167,0,0,20,0,11,1,0,24,0,0,95,180,23,0,28,0,0,54,6,0,0,0,2,0,0,5,0,0,0,0,53,2,42,0,23,0,0,0,0,0,0,0,8,9,0,0,0,0,0,291,0,10,3,1,0,0,1,61,6,6,0,3,19,0,22,10,0,0,1,0,0,0,0,2,0,0,75,0,0,0,0,0,0,0,97,467,1,78,0,0,0,3,27,0,2,0,2,0,5,0,0,21,0,0,6,0,1,8,6,0,40,0,0,0,0,0,0,0,21,0,0,10,10,0,0,0,13,6,0,0,0,1,0,16,9,0,3,0,0,0,0,9,0,0,0,0,70,0,0,1,0,0,3,1,0,0,0,0,0,0,0,0,1,0,0,1,0,0,4,0,0,0,0,0,2,0,1,0,0,38,0,4,0,0,35,0,0,0,0,0,31,22,0,0,1,0,0,0,0,0,0,0,0,0,0,0,50,0,0,0,2,9,0,0,0,0,0,0,10,0,0,0,0,0,0,0,0,4,0,0,0,0,0,0,11,0,0,0,0,0,33,0,31,313,0,1,0,0,0,0,0,39,0,0,0,0,0,0,10,14,34,0,0,0,0,4,0,0,756,0,0,0,0,15,2,0,0,0,0,0,0,0,5,24,20,1,0,10,0,0,6,0,0,0,0,0,0,0,0,0,1495,0,0,0,1,0,1,0,0,0,4,0,1,288,0,0,16,0,9,0,0,0,0
TCGA-DD-AACQ_168,1.18356164383562,1,50,1,2,2,0,0,12,34,67,28,42,27,26,27,17,19,15,56,18,68,2,43,166,22,248,653,83,14,5,5,14,1,16,111,101,223,157,10,22,100,12,11,0,165,19,8,9,0,29,10,169,3,121,14,0,10,1,19,36,9,0,10,81,54,22,0,0,11,0,11,117,1,60,154,1,94,64,145,0,210,226,9,9,1,0,28,19,3,0,17,1025,0,116,72,24,245,2,225,76,12,3,0,36,0,4,64,0,3,59,7,4,14,58,24,68,114,1,17,0,230,5,0,140,0,0,0,14,1,37,0,120,5,0,2,44,0,0,27,5,2,590,9,3,0,0,236,0,0,0,43,153,84,63,0,0,10,0,74,0,0,0,1,138,2530,0,16,8,0,0,0,20,4,3,0,95,27,1,100,370,0,0,579,0,0,38,27,13,20,0,150,1,1495,4,0,0,27,0,0,6,0,0,4752,20,0,0,181,1,0,5,0,0,0,42,0,0,25,0,2,12,4,2,35,0,3192,1,8,350,0,1,0,0,6589,29,0,0,0,0,10,5,304,110,102,2,0,0,0,0,0,6,0,0,0,0,0,0,0,0,3,0,1,68,5,0,101,205,0,1,1,2,0,0,0,88,0,20,0,9,0,440,48,313,0,0,2,0,0,4,9,684,0,0,0,0,86,0,115,0,4,0,39,4,0,0,0,0,1,2,4,0,0,0,0,0,1,12,0,0,10,7,0,7,0,358,779,514,0,37,0,0,0,31,0,0,3,0,4,0,0,0,0,11,0,8,0,217,0,0,0,0,0,0,0,0,32,0,0,2,0,0,0,0,1,1,4,0,0,0,0,3,22,11,4,0,3,549,0,0,132,0,0,0,0,0,0,0,2,0,0,241,25,0,4,0,0,0,0,0,1902,0,58,0,0,0,0,175,0,9,0,255,0,1,0,0,0,0,0,0,0,0,0,0,0,3,1,0,0,0,0,0,0,0,0,0,0,0,0,0,0,6,33,0,17,0,0,0,22,0,0,0,0,8,0,0,0,0,0,0,0,4,0,0,15,0,0,0,412,0,0,0,0,0,0,0,0,3,0,0,9,0,4,0,0,0,73,0,0,0,0,0,0,0,148,0,62,0,0,0,3,0,0,0,0,0,0,0,0,0,0,0,1,0,0,0,0,0,0,0,0,40,1,4,0,0,30,4,0,0,0,0,0,0,0,0,0,11,1,3,7,0,0,2,0,0,0,0,17,0,3,0,0,10,0,0,0,8,8,0,4,0,0,0,0,0,0,0,0,0,0,0,1,0,0,0,0,0,20,0,0,0,0,57,0,0,0,0,0,0,0,0,0,1,0,0,0,0,0,3,0,1,0,0,1,0,0,0,0,0,0,0,0,0,0,113,0,0,0,0,0,0,0,0,0,16,0,25,0,0,0,0,0,0,8,0,28,0
TCGA-DD-AACS_169,4.94246575342466,0,39,1,1,1,0,0,187,49,114,52,25,13,15,15,20,29,5,87,49,45,2,12,140,15,151,248,61,19,8,8,17,1,4,27,45,283,316,11,18,100,19,6,29,246,65,90,20,0,2,28,178,0,1495,90,0,31,9,12,47,4,6,8,3,38,14,358,0,14,0,6,112,4,36,73,0,37,54,238,2,15,169,37,6,2,0,9,17,19,1,15,196,5,228,4,38,9,0,135,65,17,3,0,9,0,4,23,0,7,3,8,20,6,16,30,105,181,0,22,0,130,0,0,253,1,0,0,6,1,82,6,286,22,1,1,72,0,0,23,0,1,160,4,2,0,0,109,0,2,0,21,27,92,8,0,0,7,0,1,0,0,0,0,162,332,5,17,6,0,0,1,3,4,0,0,76,80,0,32,148,0,0,173,4,0,80,46,0,329,0,168,0,3487,0,1,0,32,0,3,14,1,0,1113,15,0,0,339,4,0,2,0,0,0,71,1,0,25,0,0,33,28,0,23,0,1416,0,2,379,0,0,0,0,4752,7,0,0,0,0,34,3,313,43,296,205,0,2,0,1,3,11,0,0,0,0,0,0,0,2,0,0,1,985,2,0,54,579,4,1,0,0,0,17,0,96,0,30,3,1,3,2175,41,885,0,0,8,2,0,2,4,684,0,0,0,0,123,0,176,0,1,0,18,11,0,2,0,0,1,0,0,9,0,0,3,0,9,105,0,0,0,26,0,0,0,319,407,6,0,8,0,0,1,39,1,0,3,0,0,0,0,0,0,0,0,10,0,202,0,0,0,0,0,0,0,0,19,0,0,0,0,0,0,2,17,0,4,0,0,0,0,2,71,4,0,0,4,40,0,0,36,0,2,0,0,0,0,0,2,0,0,12,11,0,8,0,0,0,0,0,281,0,239,0,0,0,0,141,0,0,0,21,0,0,0,0,0,0,0,0,0,0,0,0,0,103,0,0,0,0,0,0,0,0,2,0,0,0,2,0,0,0,3,0,45,0,0,0,217,0,0,0,0,0,0,0,0,0,0,0,0,1,0,0,6,0,0,1,46,2,0,0,0,0,0,2,0,4,0,0,7,0,1,4,0,0,7,0,0,0,0,0,0,0,226,0,2,0,0,0,0,0,0,0,0,1,1,0,0,0,0,0,0,0,3,0,0,0,0,3,0,1,0,0,0,1,47,7,0,0,0,0,0,0,0,0,0,0,1,0,10,0,0,0,0,0,1,0,0,0,1,0,5,0,0,0,0,0,0,0,7,0,0,0,0,0,0,0,0,0,2,0,13,0,0,0,0,0,12,0,1,0,0,1282,0,0,0,0,0,0,0,0,1,12,0,0,0,0,0,0,0,0,0,0,0,2,0,0,0,14,0,0,0,0,0,24,0,0,0,0,0,0,0,0,0,72,0,0,0,0,0,0,0,0,1,0,0,0
TCGA-DD-AACT_170,4.27945205479452,0,69,0,1,1,0,0,4,25,35,48,8,11,14,21,39,15,53,49,160,62,2,47,83,4,103,12,18,11,3,4,20,0,7,20,25,223,152,11,9,166,14,28,119,131,28,5,9,0,28,6,57,1,46,77,0,36,11,33,17,70,0,13,84,21,12,239,0,1,0,5,99,0,65,87,11,39,16,155,0,127,61,2,6,9,0,96,7,8,0,12,202,1,33,15,67,142,2,309,30,46,5,0,7,0,15,81,0,5,3,5,6,0,3,11,241,81,0,7,0,99,0,0,288,0,1,0,3,0,111,3,65,3,0,1,56,0,0,71,0,4,985,6,1,0,0,263,0,0,5,8,8,88,21,0,0,4,0,12,0,0,0,1,64,915,2,8,5,0,2,0,18,5,0,0,100,50,0,12,5426,0,0,98,0,0,82,34,39,1,0,141,0,1902,1,0,0,8,0,0,107,0,0,1416,13,0,0,396,0,0,0,0,0,0,30,0,0,7,0,0,11,4,0,107,0,718,8,5,602,0,0,1,0,2027,6,0,0,0,0,3,4,132,95,276,0,0,0,0,0,0,7,0,0,0,0,0,0,0,0,2,0,0,68,1,0,78,112,0,0,0,0,0,11,0,29,0,19,3,15,0,197,37,407,0,0,4,1,0,6,0,231,0,0,0,0,2,0,248,4,0,0,90,5,0,0,0,0,0,2,1,0,0,0,0,0,12,89,14,0,6,7,0,8,0,684,1495,2342,0,42,0,0,0,42,22,0,6,0,1,0,0,0,0,4,0,48,1,322,0,2,0,0,0,0,4,0,7,0,0,0,0,0,0,6,7,0,0,0,1,0,0,0,316,0,46,0,41,105,1,0,392,0,0,0,0,0,0,0,5,0,0,189,1,0,0,0,0,0,0,15,304,0,170,0,0,1,0,57,0,3,0,20,0,0,0,16,0,0,0,0,1,0,0,0,0,110,0,0,0,0,0,0,0,0,0,0,0,0,0,0,0,1,3,0,25,0,5,0,128,0,0,0,0,1,0,0,0,0,0,0,0,0,0,0,12,0,0,0,34,0,0,0,0,0,0,0,0,2,2,0,18,0,0,0,0,0,30,1,0,0,0,0,0,0,89,0,0,5,0,0,3,0,0,0,0,3,0,0,11,0,0,0,0,0,0,0,0,0,0,0,0,1,1,0,8,0,61,3,0,0,0,1,0,0,0,0,0,146,0,0,0,0,0,1,0,0,0,8,0,13,4,0,0,0,0,0,6,366,20,0,7,0,0,0,0,0,0,19,0,0,0,0,76,0,0,0,0,4,14,0,1,8,0,505,0,0,0,0,1,0,0,0,0,8,0,3,0,17,0,0,0,0,0,1,0,0,12,0,45,0,0,0,0,1,0,1025,0,0,0,0,0,0,0,0,0,0,0,25,0,5,9,15,1,0,5,0,0,0
TCGA-DD-AACU_171,4.29315068493151,0,59,1,1,1,0,0,24,34,91,75,20,17,3,16,26,16,43,23,111,69,4,18,138,7,31,440,136,10,2,1,1,0,11,123,16,225,268,10,28,87,20,1,156,171,22,3,11,1,16,8,30,1,250,183,0,30,9,5,42,10,0,14,84,26,5,46,0,19,0,10,139,0,33,55,1,29,40,216,0,293,105,32,19,1,0,56,33,6,0,38,193,0,119,51,36,119,3,325,21,885,3,0,3,0,8,78,0,1,23,1,11,49,18,15,75,89,1,28,0,109,0,0,85,0,0,5,7,0,5,0,272,0,0,1,590,0,0,64,2,1,219,22,0,0,0,187,0,0,4,33,117,155,45,0,1,7,0,21,0,0,0,1,117,128,0,9,6,0,0,0,2,2,5,0,61,62,4,11,278,0,0,158,6,0,78,14,4,51,0,63,1,1495,0,1,0,6,0,0,3,0,0,4752,16,0,0,200,0,0,1,0,0,0,42,0,0,9,0,0,33,3,3,15,0,684,40,21,453,2,0,0,0,3192,0,0,0,0,0,5,12,262,161,52,29,0,0,0,0,1,15,0,0,0,0,0,0,2,0,8,0,0,182,6,0,252,489,0,0,0,3,0,28,1,57,0,4,0,0,3,1416,2,653,0,0,0,17,0,3,4,387,0,0,0,0,22,0,108,0,5,0,39,17,0,0,0,1,0,2,0,2,0,0,3,2,20,174,0,0,6,0,0,0,0,288,358,346,0,28,0,0,1,0,0,0,3,0,0,4,0,0,0,0,0,35,2,114,0,1,0,0,0,0,0,0,4,0,0,0,0,0,0,0,25,0,1,0,0,0,0,2,32,23,4,0,35,274,0,0,15,0,0,1,0,0,0,0,0,0,0,313,9,0,1,0,0,0,0,26,2530,0,67,0,0,0,0,101,0,61,0,2,0,1,0,1,0,0,0,0,0,0,0,0,0,188,0,0,0,0,0,0,0,0,2,0,0,0,0,0,0,9,1,0,30,0,0,0,11,0,0,0,0,5,0,1,8,0,31,0,0,210,0,0,44,0,0,0,0,0,0,0,0,0,0,16,0,4,0,0,4,0,0,0,0,0,48,0,0,0,0,2,0,0,164,0,3,0,1,45,5,0,0,1,0,12,7,0,0,0,0,0,0,0,0,0,0,0,0,0,0,0,0,0,0,0,112,4,0,0,0,0,0,0,0,0,0,16,2,0,2,0,0,0,0,0,0,8,0,0,3,0,0,1,0,0,0,0,8,0,2,0,0,0,0,0,0,9,0,0,0,0,8,0,0,0,0,0,2,0,18,0,0,602,0,0,51,0,0,0,0,0,0,1,0,0,0,7,0,1,2,0,0,0,0,0,0,0,25,0,0,0,0,0,0,140,0,0,1,0,0,0,0,0,0,77,0,2,0,0,0,0,0,0,0,0,2,4
TCGA-DD-AACV_172,4.19452054794521,0,53,1,1,1,0,0,396,329,125,257,40,44,39,15,18,56,67,49,131,45,11,66,379,44,199,3487,128,36,13,7,27,17,27,42,41,262,177,23,18,85,65,31,370,207,123,14,34,0,9,15,200,2,366,71,0,239,17,55,87,108,24,13,64,84,56,549,2,29,0,17,167,0,97,87,1,49,64,114,7,250,354,225,19,8,2,39,60,8,5,18,173,6,193,136,19,115,2,590,73,41,28,0,27,3,14,140,1,24,21,15,12,230,16,16,135,153,4,72,1,93,7,1,219,2,0,0,19,10,55,8,428,15,7,20,38,0,6,26,0,2,216,9,14,9,0,66,4,14,6,38,123,122,176,4,0,11,1,25,0,0,0,2,248,160,10,10,19,1,3,5,21,18,3,0,71,161,1,63,358,4,1,756,0,0,56,52,8,286,2,117,4,6589,0,0,3,30,2,4,6,0,0,2725,38,0,6,453,7,5,0,0,0,1,88,7,4,62,0,0,12,38,2,31,0,2175,31,15,641,7,0,8,1,5426,28,0,4,0,0,5,1,307,96,213,335,0,9,1,4,0,20,0,0,0,9,0,0,0,8,1,0,2,138,0,5,157,174,8,3,0,1,0,95,1,68,0,8,7,3,0,1416,124,1025,0,0,5,0,0,5,0,228,0,1,0,0,40,0,50,0,11,0,101,0,0,1,0,0,8,6,0,1,0,0,0,2,25,217,0,0,1,9,0,6,0,226,299,27,0,64,8,0,0,50,8,2,2,0,7,0,0,0,0,6,0,0,0,628,0,3,0,0,0,0,125,0,24,0,0,0,0,0,0,1,34,2,2,7,1,0,0,8,58,1,50,2,1,422,0,0,64,0,0,0,0,0,0,0,8,0,0,190,82,0,12,0,0,0,0,25,1495,0,489,0,0,0,1,211,0,98,0,129,0,0,9,0,0,0,0,0,0,0,0,0,0,17,0,0,0,0,0,0,0,0,0,1,0,0,0,0,7,8,6,0,94,0,0,0,0,0,0,0,0,1,0,0,0,0,4,0,0,0,0,0,4,0,0,0,31,0,0,0,0,0,0,0,0,10,0,0,24,0,4,0,0,0,19,0,2,0,3,2,0,0,6,0,319,0,4,0,0,0,0,0,0,0,0,0,1,0,0,0,0,0,0,0,0,1,0,0,0,1,1,1,0,0,322,4,0,0,0,5,0,0,0,0,0,0,0,2,0,0,0,0,0,0,0,0,0,42,7,0,0,21,0,0,1,8,4,0,36,0,0,0,1,0,0,56,0,0,3,0,13,0,0,0,0,0,0,0,0,0,0,31,0,0,0,0,0,0,0,0,0,0,0,0,0,79,3,1,0,5,0,0,0,0,0,0,0,202,0,0,0,0,0,0,0,0,0,0,0,0,0,0,2,0,0,0,0,1,1,70,0,1,1,0,0,18
TCGA-DD-AACW_173,3.9013698630137,0,43,1,1,1,0,0,0,7,38,19,14,34,1,10,11,9,5,19,9,39,1,1,149,4,9,1,52,4,0,1,0,8,0,5,16,43,35,17,26,12,1,0,15,0,49,1,16,7,2,22,1,2,34,97,0,7,1,0,36,11,4,7,5,32,3,22,1,4,6,4,96,3,0,33,0,2,14,248,5,111,325,154,12,3,0,0,26,3,0,19,7,0,61,30,9,109,2,366,39,0,21,0,8,0,0,127,0,12,11,0,2,1,0,18,33,10,0,19,0,19,22,0,37,3,0,18,2,7,18,11,3,4,4,3,238,0,2,10,0,0,402,6,6,0,0,65,1,3,0,8,75,146,14,0,0,18,2,8,5,0,0,0,158,7,3,16,7,0,0,4,0,12,2,0,28,43,1,3,145,0,0,362,48,8,99,65,0,0,1,194,0,2530,0,0,1,3,0,1,14,0,0,1348,0,0,3,132,2,0,0,0,0,0,51,1,0,19,0,2,31,17,0,16,0,736,29,7,335,1,0,3,0,3192,13,0,0,0,0,0,0,38,13,27,467,0,2,0,0,0,8,0,0,0,2,1,1,4,2,6,2,0,316,5,0,42,522,0,1,0,0,0,54,0,8,0,12,5,0,0,447,10,1071,0,0,1,0,0,3,0,57,0,0,0,0,9,0,54,0,8,19,42,2,0,0,0,3,1,0,8,1,0,0,2725,0,0,497,0,0,0,1,0,3,0,293,143,20,0,24,0,0,199,10,0,0,0,0,0,0,0,0,0,2,0,102,7,126,0,0,0,0,0,0,0,0,0,0,1,0,0,0,0,3,29,0,20,0,1,0,0,1,97,1,15,0,1,8,0,0,68,0,0,0,0,0,0,0,2,0,0,193,0,0,0,0,0,0,0,94,885,0,168,0,0,0,0,85,0,7,0,0,0,4,6,11,0,0,0,0,0,0,1,0,0,59,0,0,0,1,0,0,0,0,4,0,0,0,0,0,0,16,3,0,132,0,42,0,34,0,0,0,0,0,0,0,13,0,10,0,0,1025,0,0,0,0,0,6,0,0,0,0,0,0,0,0,0,1,0,0,10,0,0,0,0,0,1,0,0,0,0,20,0,0,304,0,0,2,16,0,2,0,0,0,0,78,4,0,1,0,0,0,0,0,0,0,0,0,0,0,0,10,0,5,0,0,13,3,0,0,0,4,0,0,0,0,29,0,0,0,0,0,0,2,3,0,0,0,0,0,0,0,0,3,2,15,0,11,0,0,11,0,0,0,0,0,139,44,0,0,0,0,0,0,1,1,0,0,32,0,6,0,0,2175,0,0,5,0,8,0,0,0,0,0,0,0,0,76,0,21,0,0,0,0,0,16,1,0,0,0,0,0,0,0,0,0,0,0,0,0,0,0,505,0,0,0,0,67,0,0,0,29,0,0,3,0,0,4
TCGA-DD-AACX_174,0.465753424657534,0,66,1,2,2,0,0,11,39,48,2,20,16,14,6,57,11,11,28,61,32,14,46,756,5,2342,0,34,19,8,3,1,9,2,104,7,33,142,16,8,104,2,7,579,29,21,52,23,0,6,7,9,8,98,92,0,40,8,14,14,2,2,6,80,21,18,148,0,4,0,1,335,0,54,169,1,45,49,263,1,53,210,281,3,19,1,45,14,16,1,4,346,0,142,25,52,474,0,222,36,95,11,0,7,0,16,24,0,7,0,2,18,0,8,2,98,0,0,11,9,113,1,0,54,2,2,0,0,3,7,5,16,0,1,5,985,0,1,31,2,1,3192,7,6,0,0,370,0,2,15,9,0,147,33,0,0,8,3,58,0,0,0,1,86,2530,4,0,2,0,0,1,9,8,9,0,45,43,0,68,505,0,0,173,0,0,257,11,17,12,0,177,0,949,1,0,2,3,1,2,2,0,0,67,4,0,1,253,2,0,4,0,0,0,1,2,0,2,0,0,18,21,0,3,0,276,3,109,49,0,0,2,0,1585,0,0,0,0,0,10,3,24,136,0,141,0,1,0,0,7,0,0,0,0,2,0,0,0,4,8,0,0,18,3,0,183,176,2,2,1,12,0,24,0,13,0,23,5,0,1,1,0,179,0,0,2,15,0,0,12,4,0,0,0,0,0,0,93,0,3,0,189,10,0,0,0,0,0,9,0,1,0,0,0,6,0,3,14,0,6,0,0,0,0,163,2175,71,0,81,0,0,0,16,15,0,5,2,0,0,0,0,0,0,0,3,12,180,0,0,0,0,0,1,0,0,27,0,0,0,0,0,0,0,6,0,28,0,5,0,0,0,59,92,0,0,37,0,0,0,3,0,0,0,3,0,0,0,5,0,0,174,0,0,0,0,0,0,0,0,239,0,168,0,0,0,0,0,0,1,0,0,0,5,1,0,0,0,0,0,0,0,0,0,0,307,0,0,0,1,2,0,2,0,0,0,0,0,0,0,0,0,0,0,12,0,0,0,6,0,0,0,0,0,0,0,0,0,0,0,0,0,0,0,8,0,0,0,41,0,0,0,0,0,0,0,0,0,0,0,76,0,22,0,0,0,49,0,0,0,0,0,0,0,0,0,0,0,0,0,0,0,0,0,0,0,0,0,0,0,0,0,0,0,0,0,0,0,0,2,0,14,0,0,0,2,0,8,0,0,0,8,0,0,0,0,0,2,4,0,0,0,0,0,0,2,0,3,0,97,0,0,0,0,62,0,0,0,428,0,0,0,0,1,4,0,0,3,0,0,0,0,72,0,0,0,0,0,24,0,93,0,0,163,0,0,205,0,0,0,0,0,0,14,0,0,0,17,0,0,1,0,0,0,0,0,1,0,0,0,0,0,0,0,0,0,10,0,17,0,0,3,0,0,0,8,0,27,61,1,0,19,0,0,0,22,59,0
TCGA-DD-AACY_175,3.97260273972603,0,61,1,1,1,0,0,113,3,57,24,20,32,7,22,18,32,12,38,68,120,1,12,50,8,8,71,25,13,3,5,12,2,2,17,68,392,121,0,5,332,7,44,447,213,178,30,25,0,2,8,7,1,180,22,0,6,5,15,34,68,0,32,15,55,16,362,0,14,0,2,24,0,25,112,3,24,56,187,0,163,183,5,42,6,0,48,24,6,0,17,78,1,107,10,39,66,0,162,46,0,0,0,9,0,14,55,0,0,12,4,78,13,10,15,61,8,0,22,2,44,0,0,440,0,0,2,9,0,202,0,150,8,0,0,0,0,0,42,0,3,103,9,0,0,0,52,0,0,0,15,149,83,18,0,0,6,0,0,0,0,0,1,49,223,0,7,2,0,0,0,0,0,2,0,66,27,0,92,1680,0,0,283,2,0,70,23,56,396,0,97,0,2530,5,0,0,56,0,0,52,0,0,718,4,0,0,147,0,0,1,0,0,0,27,0,0,10,0,0,137,0,0,231,0,2725,17,12,1071,0,0,0,0,1416,0,0,0,0,0,23,3,182,13,113,313,0,0,0,0,5,7,0,0,0,0,0,0,0,0,0,0,0,118,4,0,64,114,5,0,0,0,0,2,6,93,0,31,0,0,0,949,13,276,0,0,0,0,0,0,1,94,0,0,0,0,0,0,1,2,22,0,189,7,0,0,0,0,0,0,4,2,0,0,2,0,12,85,2,0,0,1,0,6,0,190,350,366,0,21,0,0,2,38,0,0,3,0,0,0,0,0,0,0,0,26,0,151,0,0,0,0,0,0,10,0,14,0,0,0,0,0,0,14,34,0,64,0,1,0,0,2,82,11,19,0,26,6,0,0,241,0,2,0,0,0,0,0,7,0,0,89,6,0,1,0,0,0,0,14,40,0,69,0,0,0,0,39,0,3,0,95,0,0,6,6,0,0,0,0,6,0,0,0,0,151,0,0,0,0,0,0,0,0,0,0,0,0,0,0,0,0,12,0,191,0,0,0,31,0,0,0,0,0,0,0,0,0,0,0,0,0,0,0,453,0,0,4,0,0,0,0,0,0,0,0,0,1,3,1,3,0,4,0,10,4,9,0,0,0,0,13,0,0,10,0,1,2,0,0,0,0,0,0,0,0,0,0,0,0,0,0,0,0,6,0,0,0,0,0,0,200,0,0,0,1,0,18,0,0,0,0,0,0,0,0,0,8,0,2,0,0,0,5,0,0,0,2,0,0,2,0,0,7,0,0,0,346,9,0,3,0,0,0,0,0,0,6,0,0,0,0,7,0,1,0,0,0,29,0,2,0,0,1166,0,0,9,0,0,0,0,0,0,4,0,0,0,1,0,0,0,0,2175,0,0,0,1,0,3,30,1,0,0,0,0,358,0,0,9,0,0,0,0,0,0,0,0,53,0,0,0,0,0,0,15,0,0,0
TCGA-DD-AACZ_176,0.468493150684932,1,63,0,1,1,0,0,8,0,15,0,0,1,0,11,6,0,1,0,1,29,1,0,25,0,0,0,9,9,0,0,3,0,0,52,0,12,128,0,0,43,3,1,18,0,1,2,17,0,0,2,0,0,42,0,2,0,0,1,1,0,17,2,0,8,0,9,1,4,1,0,0,4,2,25,0,0,25,200,3,12,2,0,9,0,0,0,61,0,4,12,14,0,35,7,1,0,6,2530,6,0,21,0,0,2,0,2,0,2,1,0,0,27,0,0,56,0,0,16,6,19,4,0,26,1,0,0,0,4,27,12,25,0,0,11,0,0,2,18,0,0,3,0,4,3,0,0,1,4,0,7,88,14,6,1,0,7,1,7,0,2,0,0,62,0,2,8,0,0,0,2,0,8,0,0,74,1,0,15,402,0,0,28,7,9,27,1,0,4,1,45,0,779,0,0,3,5,2,1,0,0,0,329,0,0,4,104,3,0,0,0,0,0,0,3,0,5,0,0,19,9,0,68,0,60,2,0,307,0,0,3,0,1282,2,0,0,0,0,0,2,5,32,0,0,0,4,0,0,1,0,0,0,0,2,0,0,14,4,1,55,1,10,97,0,189,30,0,3,0,0,0,150,0,1,0,9,1,0,0,6,0,69,0,0,0,2,0,0,8,9,0,0,0,0,0,1,0,0,0,0,2,2,0,0,0,4,0,7,0,0,0,0,3487,0,0,1,0,1,0,0,0,0,2,10,302,28,30,25,0,0,85,0,0,0,0,0,0,0,0,0,0,0,0,22,3,115,0,0,0,0,0,0,0,0,0,0,0,0,0,0,0,1,87,0,16,0,0,0,0,0,39,0,1,0,13,281,0,0,0,0,0,0,0,0,0,0,2,0,0,28,0,0,0,0,0,0,0,0,262,0,148,0,0,0,0,1,0,0,0,0,0,5,0,0,0,0,0,0,0,0,0,0,0,12,0,0,0,0,0,0,0,0,1,0,0,0,0,0,0,0,1,0,0,0,17,0,63,0,0,0,0,0,0,0,2,0,0,0,0,46,0,0,207,0,0,0,0,0,0,6,0,0,0,0,0,0,0,1,0,0,0,0,0,0,0,0,0,28,0,0,0,0,522,0,0,0,0,0,4,0,0,0,1,0,0,0,0,0,0,0,1,0,0,0,0,0,0,0,0,4,0,0,0,5,0,0,1,0,0,0,0,0,0,0,10,0,0,0,0,0,0,0,0,1,0,0,0,0,1,0,0,0,0,0,0,105,628,0,8,0,0,0,0,0,0,0,0,0,0,7,0,0,0,0,0,0,27,0,0,0,0,2027,0,0,0,0,0,0,0,0,0,0,0,0,0,2,0,0,0,0,1,0,0,0,0,0,0,0,0,0,0,0,0,540,0,0,0,0,0,0,0,0,0,0,0,1,0,0,18,2,0,0,0,0,0,0
TCGA-DD-AAD0_177,0.375342465753425,0,73,0,1,1,0,0,8,402,149,57,39,38,69,25,13,83,51,25,286,39,5,45,497,25,131,14,85,32,6,7,17,2,13,75,7,241,39,52,54,72,15,21,856,182,26,11,7,0,60,27,7,2,12,175,0,3,20,85,75,98,6,8,342,15,51,3,0,8,0,4,915,0,77,97,9,16,105,117,0,245,70,40,34,12,0,60,37,6,0,50,141,5,104,64,40,433,0,114,57,90,11,0,3,1,1,217,0,8,15,1,5,25,0,8,42,147,3,8,0,559,55,0,110,2,3,0,6,4,4,2,185,12,2,2,540,0,1,12,1,5,569,13,3,0,0,590,1,2,11,38,15,213,23,0,0,31,2,9,0,0,0,1,87,0,2,0,13,0,0,1,23,6,2,0,61,32,0,61,75,0,0,246,0,0,194,28,1,0,0,31,0,3192,0,0,3,3,0,1,2,0,0,949,15,0,1,133,1,0,0,0,0,0,2,1,1,13,0,0,6,19,2,7,0,422,4,88,339,1,0,2,0,6589,6,0,0,0,0,7,2,0,164,362,120,0,1,2,0,0,10,0,0,0,2,0,0,0,2,27,0,0,48,0,0,178,278,0,1,7,0,0,1,0,96,0,0,2,14,0,259,0,522,0,0,0,16,0,41,0,193,0,1,0,0,9,0,15,0,1,0,3,0,0,0,0,0,0,4,6,0,0,0,0,5,7,17,7,0,2,10,0,0,0,222,1071,47,1,126,9,0,0,25,14,0,15,0,0,0,55,0,0,0,0,0,0,73,0,0,0,0,0,0,1,6,0,0,0,0,10,0,0,0,31,4,0,0,9,0,0,4,97,50,19,0,31,8,0,0,0,0,0,0,0,0,0,0,3,0,0,440,22,0,0,0,0,0,0,81,1025,0,602,1,0,0,0,115,1,5,0,0,1,0,1,0,0,0,0,0,0,0,0,0,0,263,0,0,0,2,1,0,0,0,0,0,0,0,0,0,0,1,0,0,24,0,0,0,0,0,0,0,1,52,0,0,0,0,0,0,0,21,0,0,0,0,0,0,0,0,0,0,0,0,0,0,0,4,0,0,38,0,34,0,0,0,19,0,0,0,0,0,0,0,0,0,0,15,40,0,0,0,0,0,0,0,1,0,0,5,0,0,0,0,0,0,0,0,0,0,0,17,0,0,0,1,83,4,0,0,0,0,0,0,0,0,0,1,0,0,0,0,0,0,1,0,0,0,13,196,0,0,0,1,48,0,0,0,98,0,50,2,0,0,5,0,0,0,0,0,0,0,2,0,0,0,0,0,16,0,173,0,0,396,0,0,0,0,3,14,0,0,0,0,0,0,0,1,54,12,5,0,0,16,0,0,0,0,0,0,0,0,0,0,0,17,3,0,63,3,0,4,0,0,3,0,0,4,52,0,0,0,0,24,0,4,6,0
TCGA-DD-AAD1_178,1.54520547945205,0,51,0,1,1,0,0,0,0,54,8,3,2,1,4,0,20,2,14,22,37,2,22,15,0,5,0,11,3,0,1,0,0,0,11,28,259,112,0,10,31,0,0,9,270,48,1,12,2,0,12,27,0,45,77,0,10,2,0,9,35,0,8,0,13,5,1,1,0,22,0,35,0,17,183,2,6,39,100,0,67,64,0,1,0,0,17,3,2,0,5,33,0,56,4,40,47,9,1680,8,3,1,0,6,0,12,133,0,2,7,0,0,11,0,6,19,7,0,9,0,14,0,0,96,0,0,0,4,0,22,0,2,0,0,0,39,0,0,12,0,0,97,1,0,0,0,88,0,0,0,23,17,35,13,0,8,0,0,1,4,0,0,0,92,346,0,0,3,0,0,0,0,0,3,0,24,44,0,32,459,0,0,185,2,0,59,22,10,12,0,49,0,1282,0,0,0,8,0,0,0,0,0,187,0,0,0,86,0,0,2,0,0,0,0,0,0,4,0,0,11,2,0,0,0,250,3,0,505,0,0,0,0,2175,0,0,0,2,0,37,0,178,109,155,0,0,0,0,0,42,4,0,0,0,0,0,0,0,0,1,6,2,13,6,0,20,207,0,0,0,0,0,35,1,84,0,8,0,0,0,2530,0,274,0,0,1,1,0,0,0,339,0,0,0,0,17,0,4,4,0,0,143,38,0,0,0,0,0,0,0,2,4,0,0,0,0,206,0,0,0,16,0,0,0,143,110,182,2,5,0,0,1,22,0,0,3,0,0,0,0,0,0,0,0,121,0,7,0,1,0,0,0,0,0,0,0,0,0,0,0,0,0,0,43,0,1,0,0,0,0,0,12,0,0,0,4,2,0,0,3,0,0,1,0,0,0,0,0,0,0,107,0,0,0,0,0,0,0,0,29,0,117,0,0,1,0,137,0,0,0,16,0,0,0,7,14,0,0,0,0,0,0,0,0,177,0,0,0,0,0,0,0,0,13,0,0,0,0,0,0,2,2,0,152,0,0,0,213,0,0,0,0,0,0,0,0,0,1,0,0,86,0,0,0,0,0,2,2,0,0,0,0,0,0,33,0,0,0,0,23,0,0,0,0,0,20,0,0,0,0,35,0,0,125,0,0,5,0,29,0,0,0,0,0,0,16,0,0,0,0,0,0,0,0,0,0,0,0,0,0,84,0,0,0,0,5,2,0,0,0,0,0,0,0,0,0,14,0,0,7,0,0,0,0,0,0,3,0,4,0,0,0,0,0,0,0,1,27,0,4,0,0,0,0,0,0,0,1,0,2,0,16,0,11,1,0,0,8,0,1,5,0,481,0,0,77,0,0,0,0,0,0,0,0,1,0,5,0,0,0,0,0,0,0,99,0,0,235,0,0,0,0,0,0,316,0,6,0,0,0,0,0,0,0,0,4,88,0,0,0,0,0,0,0,0,0,0
TCGA-DD-AAD2_179,1.8027397260274,0,66,1,1,1,0,0,160,42,46,17,30,23,6,14,38,28,10,45,56,45,4,12,92,6,11,1,18,41,6,2,19,3,4,12,20,178,118,5,26,105,10,12,481,101,69,8,8,0,9,11,17,0,243,151,0,8,8,11,45,126,0,6,18,22,2,73,2,2,3,2,52,0,23,42,12,29,25,246,1,162,103,75,44,5,0,49,19,5,1,18,346,0,61,23,149,121,3,885,35,2,26,0,4,0,16,152,0,5,12,0,35,28,8,10,103,14,0,17,2,253,0,0,156,0,0,3,9,2,55,3,85,1,0,5,38,0,0,41,4,0,579,4,3,2,0,127,0,1,0,13,58,106,39,0,1,2,1,19,3,0,0,0,97,173,2,47,6,0,2,0,0,8,6,0,63,28,3,32,2175,0,0,153,1,0,51,44,10,93,0,226,1,1680,1,1,0,25,0,1,15,0,0,514,9,0,2,239,1,0,0,0,0,0,12,0,2,7,0,0,60,10,0,125,0,1166,16,4,701,0,2,0,0,1282,16,0,0,0,0,20,0,76,69,207,335,0,1,0,0,5,2,0,0,0,2,0,0,0,1,2,1,1,50,8,0,73,180,0,0,0,0,0,34,0,45,0,28,1,4,0,653,25,370,0,0,1,3,0,0,1,230,0,0,0,0,7,1,60,0,10,0,313,5,0,0,0,0,0,0,3,0,0,0,6,0,4,59,0,0,0,3,0,2,26,281,428,1788,11,38,0,0,0,16,1,0,1,1,0,0,0,0,0,0,0,37,0,329,0,2,0,0,0,0,0,0,12,0,0,0,0,0,0,15,41,0,12,3,0,0,0,2,84,7,14,0,21,43,1,0,101,0,0,0,0,0,0,0,2,0,0,137,0,0,0,0,0,0,0,12,540,0,142,0,0,0,0,46,0,5,0,0,0,0,2,0,4,0,0,1,0,0,0,0,0,222,0,0,0,0,0,0,0,0,1,0,0,0,0,0,0,0,0,0,33,0,0,0,120,0,0,0,0,0,0,0,0,0,0,0,0,0,0,0,28,0,0,1,9,0,0,0,1,0,0,7,5,4,1,0,21,0,0,0,0,0,26,0,0,0,0,6,0,0,146,0,0,0,0,23,0,0,0,0,0,0,0,0,0,0,0,0,0,0,0,0,0,0,0,0,0,151,0,0,0,0,19,17,4,0,0,0,0,4,0,0,0,55,0,0,15,0,0,0,0,0,0,3,0,4,1,0,0,0,0,0,0,1348,803,0,5,1,0,0,0,0,0,2,0,0,0,0,28,0,4,0,0,0,46,0,26,0,0,220,0,0,23,0,0,2,0,0,0,7,0,0,0,11,0,0,0,0,0,0,0,0,0,0,22,0,0,0,0,0,0,1585,0,3,0,0,0,0,0,0,0,4,0,20,0,0,1,5,0,0,12,0,0,0
TCGA-DD-AAD3_180,3.54794520547945,0,43,1,1,1,0,0,92,16,57,114,17,21,16,21,22,43,23,43,87,60,2,19,192,6,362,467,48,16,6,6,11,1,7,20,28,299,291,10,13,65,9,7,97,90,28,21,30,1,23,11,208,1,176,40,0,33,8,17,41,17,0,11,24,36,9,302,0,7,0,7,76,0,31,32,3,23,54,127,0,196,459,18,8,1,0,97,20,3,0,16,57,1,154,24,27,79,11,433,57,11,1,0,27,0,14,38,0,1,38,0,17,20,11,24,104,125,0,16,0,42,0,0,172,0,2,5,4,0,64,0,52,33,0,0,180,0,0,51,1,4,133,2,0,0,0,161,0,0,1,29,117,94,18,0,0,28,0,7,0,0,0,0,225,641,0,8,6,0,0,0,0,0,3,0,83,76,2,25,428,0,0,241,1,0,145,31,5,245,0,160,1,2342,0,1,0,21,0,0,8,0,0,1788,8,0,0,276,0,0,2,0,0,0,25,0,0,7,0,0,35,3,0,45,0,1348,18,10,1282,0,0,0,0,3487,15,0,0,0,0,5,5,207,53,226,107,0,0,2,0,3,17,0,0,0,0,0,0,0,0,3,0,2,238,10,0,164,274,1,0,0,2,0,17,0,30,0,9,0,10,1,1223,16,440,0,0,2,8,0,2,3,392,0,0,0,0,52,0,107,0,5,0,230,7,0,0,0,0,0,0,4,7,0,0,0,1,2,100,0,0,0,15,0,15,1,268,602,148,1,17,0,0,0,29,2,0,4,0,0,0,0,0,0,1,0,26,0,197,0,1,0,0,0,0,2,0,16,0,0,0,0,0,0,0,8,0,34,0,0,0,0,0,115,27,6,0,42,31,0,0,26,0,0,0,0,0,0,0,0,0,0,112,12,0,1,0,0,0,0,6,915,0,65,0,0,0,1,141,0,14,0,101,0,0,0,3,0,0,0,0,0,0,0,0,0,105,0,0,0,0,0,0,0,0,3,0,0,0,0,0,0,8,4,0,108,0,5,0,6,0,0,0,0,0,0,0,0,0,0,0,0,55,0,0,1,0,0,0,35,0,0,0,0,0,1,1,0,3,0,0,13,0,2,0,0,0,51,0,0,0,0,0,0,0,137,0,13,17,3,0,33,0,0,0,0,0,3,0,0,0,0,0,0,0,5,0,0,0,0,0,0,31,0,0,1,0,18,0,0,0,0,0,0,0,0,0,0,5,5,0,0,0,0,1,0,0,0,3,0,0,6,0,0,4,2,0,0,1,3,0,1,0,0,0,0,0,0,6,0,0,0,0,48,0,0,0,0,0,18,0,0,2,0,94,0,0,8,0,0,0,0,0,0,16,0,1,0,1,0,0,1,0,0,0,0,0,0,0,63,0,0,0,0,0,0,175,0,0,0,0,0,0,0,0,0,55,0,40,0,0,0,0,0,0,1,0,0,6
TCGA-DD-AAD5_181,3.68493150684932,0,54,1,1,1,0,0,0,0,6,0,0,1,1,0,8,0,0,0,1,2,0,0,39,0,4,0,7,1,0,0,0,0,0,23,0,8,139,0,0,12,14,18,0,41,0,1,3,0,7,2,0,0,16,0,3,4,0,5,7,78,14,0,0,6,0,0,8,0,4,0,0,0,0,33,0,33,0,65,5,13,52,0,1,0,2,12,4,3,4,2,5,0,13,7,1,2,3,4752,6,0,19,1,0,0,0,1,0,19,0,0,0,0,1,0,7,0,0,1,7,5,4,0,37,2,0,0,0,5,0,8,0,0,7,9,0,0,0,0,0,0,0,1,9,5,0,21,1,5,0,0,0,0,133,0,12,0,2,5,8,2,0,0,0,149,5,2,0,2,0,2,0,26,0,0,13,0,0,120,265,0,0,5,6,0,27,0,5,26,0,0,1,16,0,0,3,6,0,0,0,0,0,17,0,0,9,5,11,0,0,0,0,2,0,2,0,2,0,0,0,20,0,0,2,0,0,1,111,0,0,3,0,5,0,0,0,0,0,22,0,13,10,2,0,1,1,0,1,19,0,0,0,0,6,0,0,0,1,0,40,0,0,37,0,19,26,2,0,0,0,0,283,0,0,0,1,1,0,0,1,0,0,0,3,0,1,0,0,4,29,0,0,0,0,0,3,0,1,0,0,5,20,0,2,0,0,0,0,0,0,0,0,0,0,7,0,0,23,0,0,0,16,47,2,614,9068,0,0,0,0,3,31,0,0,0,4,0,0,9,0,0,0,0,1,21,0,0,9,16,0,0,1,0,0,6,0,0,0,0,0,0,0,73,1,0,0,0,0,0,8,0,0,28,0,0,137,0,0,2,0,0,1,0,0,0,0,0,0,0,5,0,0,0,0,0,0,0,0,579,0,0,0,0,0,0,5,0,0,0,0,0,4,0,0,0,0,0,0,0,0,0,0,0,21,0,0,0,0,0,0,10,4,1,0,0,0,0,3,0,0,0,0,0,7,0,0,0,0,0,0,0,0,2,0,0,0,38,0,0,0,0,0,362,0,0,0,0,0,0,0,0,0,0,8,0,0,14,0,2,0,0,0,0,0,12,0,0,0,0,76,0,0,17,0,0,0,0,0,3,4,0,36,0,0,0,1,0,0,0,0,0,3,0,0,0,0,0,0,0,0,0,0,0,5,0,4,0,0,0,9,0,0,0,0,0,138,0,0,19,0,0,0,0,24,0,11,0,21,0,0,0,0,0,0,0,0,4215,0,0,0,0,0,0,0,0,0,0,0,0,5,0,83,0,105,0,16,6,1,6,0,0,33,0,0,0,21,8,0,0,0,0,1,0,0,0,4,0,0,0,0,0,0,0,0,0,0,0,0,0,0,0,0,0,58,0,0,0,0,0,2,0,0,0,278,0,0,0,0,0,8,0,0,2,0,0,0
TCGA-DD-AAD6_182,1.84109589041096,0,66,1,3,3,0,0,37,216,21,0,26,16,8,6,22,1,11,17,38,33,4,16,309,14,0,0,79,16,6,6,3,3,35,98,74,119,21,13,18,245,5,1,69,76,14,8,6,2,7,10,0,1,56,57,0,2,2,1,4,36,10,24,44,43,8,243,0,18,4,6,250,8,10,206,2,18,1,270,3,125,132,257,8,0,1,12,23,8,2,5,91,0,57,16,15,74,21,628,29,0,9,0,2,0,1,83,0,21,14,2,9,9,0,13,119,66,9,24,2,199,0,0,65,0,0,1,0,2,105,8,215,0,2,7,489,0,4,14,0,1,447,1,8,2,0,151,1,1,14,1,38,89,33,1,0,9,0,12,0,1,0,0,115,0,2,2,16,0,0,1,5,14,2,0,35,130,0,106,1680,0,0,29,0,0,53,32,5,0,0,37,0,829,1,0,2,0,0,1,3,0,0,307,5,0,1,402,7,0,0,0,0,0,0,3,0,54,0,0,13,25,0,30,0,540,34,4,68,0,0,1,0,856,0,0,0,0,0,0,0,134,106,139,103,1,1,7,0,0,3,0,0,0,2,0,0,0,2,3,0,0,130,4,0,104,159,2,1,1,15,0,28,2,21,0,12,0,1,0,467,0,590,1,0,4,2,0,5,0,153,0,0,0,0,0,0,63,0,14,0,0,1,0,0,0,7,0,6,0,0,0,0,9,0,1,32,4,0,0,0,0,0,0,82,779,211,0,143,2,0,0,14,24,0,0,0,0,0,0,0,0,1,0,265,7,78,0,0,0,0,0,1,0,0,0,0,1,0,0,0,0,0,70,0,11,1,3,0,0,9,44,104,10,0,74,14,0,0,65,0,0,2,4,0,0,0,9,0,0,225,0,0,4,0,0,0,0,92,440,0,109,0,0,0,0,35,0,19,0,0,0,1,8,0,11,3,0,0,0,0,1,0,0,222,0,0,0,1,0,1,0,0,0,0,0,0,0,0,0,0,0,0,11,0,0,0,92,0,0,0,0,3,0,0,0,0,2,0,0,0,0,0,1,0,0,14,27,0,0,0,0,0,0,0,0,3,0,0,62,0,8,0,0,0,75,0,0,0,0,0,0,0,76,0,0,0,0,0,0,0,0,0,0,21,0,0,0,0,0,0,0,0,0,0,0,0,0,0,0,48,0,1,0,2,0,5,0,0,0,27,0,0,0,0,0,8,0,0,0,0,0,0,0,0,0,0,0,126,0,0,0,0,1,19,0,332,288,0,15,0,0,0,0,0,0,0,0,0,0,0,0,0,17,0,0,0,29,0,100,0,0,0,1,0,9,0,0,0,0,0,0,16,0,0,0,379,0,7,2,0,0,0,3,0,0,0,0,0,0,0,0,0,0,0,0,0,6,0,0,0,0,0,0,0,23,0,26,0,4,407,0,0,0,0,0,0
TCGA-DD-AAD8_183,3.33972602739726,0,73,0,1,1,0,0,417,151,79,109,36,40,38,25,44,22,29,76,82,76,8,40,374,15,346,684,88,14,7,4,25,23,49,50,75,151,276,23,22,150,36,30,119,163,25,41,27,1,32,12,120,8,83,49,0,43,7,9,37,37,6,18,72,62,19,270,0,22,0,16,115,0,51,185,2,65,25,137,1,102,531,76,7,4,0,25,28,20,1,6,272,8,142,54,4,231,0,474,77,18,4,0,22,0,4,30,0,6,62,14,30,48,26,17,90,101,7,15,0,325,0,0,246,1,0,0,7,3,80,1,56,6,2,6,614,0,4,32,8,5,641,8,3,2,0,144,2,4,13,26,188,133,97,0,0,9,0,15,1,0,0,0,54,1282,2,11,11,1,8,0,21,6,1,0,49,91,1,31,2962,0,0,736,1,0,122,37,35,11,0,213,4,1788,3,0,1,28,0,0,16,0,0,3192,54,0,1,146,5,0,2,0,0,0,55,2,5,40,0,0,36,8,2,60,0,1348,15,18,402,3,0,4,0,4215,7,0,0,0,0,7,10,257,101,143,26,0,1,0,0,0,14,0,0,0,2,0,0,0,0,0,0,3,137,6,3,89,140,4,2,0,0,1,40,0,27,0,3,2,11,0,514,13,579,0,0,5,3,0,2,6,210,0,0,0,0,13,0,96,0,32,0,72,0,0,0,0,0,2,1,0,0,0,0,0,0,11,118,0,0,25,2,0,11,2,350,2027,1680,0,52,3,0,0,0,1,0,4,0,9,2,0,0,0,2,0,57,0,412,0,1,0,0,0,0,7,0,44,0,0,0,0,0,0,0,34,4,5,1,0,0,0,0,152,5,12,0,4,428,0,0,140,0,0,2,0,0,0,0,4,0,0,497,22,0,5,0,0,0,0,1,1025,0,220,0,0,0,0,68,0,34,0,165,0,0,0,0,0,1,0,0,4,0,0,0,0,31,0,0,0,0,0,0,0,0,0,1,0,0,1,0,4,10,3,0,25,0,0,0,5,0,0,0,0,0,0,0,0,0,3,0,0,0,0,0,31,0,0,0,114,0,0,0,0,0,0,0,0,4,0,0,9,0,2,0,0,0,4,0,0,0,0,0,0,0,87,0,37,0,1,0,10,0,0,0,0,0,0,0,7,0,0,0,0,0,1,0,0,0,0,0,0,3,0,0,0,0,4,3,0,0,0,2,0,0,0,0,0,47,0,2,0,0,0,0,0,0,0,1,8,1,4,0,1,17,0,0,0,169,56,0,9,0,0,0,0,0,0,31,0,0,0,0,3,0,0,0,0,0,11,0,0,0,0,32,0,0,0,2,0,0,0,0,0,2,0,0,0,0,0,4,0,1,0,0,4,0,0,0,0,18,0,0,0,0,0,164,0,0,0,0,0,0,0,0,0,59,0,2,0,0,0,0,0,0,0,0,11,0
TCGA-DD-AADA_184,3.37808219178082,0,66,0,1,1,0,0,24,0,37,239,4,19,12,20,28,0,0,14,37,20,0,25,58,0,28,19,58,6,6,2,0,0,7,4,7,205,99,0,3,68,3,0,15,75,31,5,24,0,0,0,73,4,15,0,0,39,8,0,24,41,0,18,24,37,3,24,0,9,0,0,8,0,38,54,0,0,45,118,0,57,105,52,16,9,0,82,53,2,0,22,30,0,65,34,4,31,1,590,33,0,2,0,3,0,1,0,0,2,74,1,18,0,0,16,149,33,1,34,0,6,4,0,141,0,0,1,8,0,6,0,203,20,0,0,25,0,0,24,0,0,268,3,0,0,0,50,0,0,0,60,354,92,13,0,0,0,0,6,10,0,0,0,83,756,0,2,1,0,0,0,12,0,0,0,121,8,0,8,628,0,0,453,4,3,33,17,3,0,0,152,0,3487,2,0,0,25,0,0,101,0,0,1416,0,0,0,176,0,0,2,0,0,0,231,0,0,7,0,0,23,1,1,57,1,2342,0,8,803,0,0,0,0,5426,0,0,0,0,1,0,9,235,2,265,73,0,0,0,0,1,22,0,0,0,0,0,0,5,0,1,7,1,374,8,0,124,168,0,0,0,0,0,37,0,71,0,20,0,0,0,653,2,701,0,0,0,0,0,2,9,42,0,0,0,0,0,0,110,0,2,0,30,1,0,0,0,0,0,5,2,0,0,0,1113,0,0,32,0,0,1,0,0,38,0,379,192,28,0,0,0,0,6,1,0,0,4,0,2,0,0,0,0,8,0,26,0,187,0,1,0,0,0,0,0,0,0,0,0,0,4,0,0,0,15,0,0,0,0,0,0,0,276,0,35,0,3,74,0,0,422,0,0,2,0,0,0,0,0,0,0,188,0,0,0,4,0,0,0,4,856,0,98,0,0,1,0,5,0,2,0,26,0,0,0,35,0,0,0,0,0,0,0,0,0,8,0,0,0,0,0,0,0,0,0,1,0,0,0,0,0,17,2,0,128,0,3,0,4,0,0,0,0,0,0,0,0,0,7,0,0,0,0,0,177,0,0,0,0,0,0,0,0,0,4,1,0,0,0,0,4,0,0,0,0,0,0,0,0,0,0,43,0,0,155,0,0,8,0,37,0,0,0,0,0,1,0,0,0,0,0,0,0,0,0,0,0,0,0,0,0,13,0,0,8,0,0,7,0,0,0,0,0,0,1,1,1,0,0,0,0,0,0,1,0,0,0,3,0,0,0,0,0,0,0,0,0,0,0,0,16,0,0,0,0,0,0,2,0,0,0,0,22,0,0,0,0,0,4,0,0,18,0,346,0,0,2,0,0,0,0,0,0,0,0,2,0,2,0,0,0,0,0,0,0,18,5,0,46,0,0,0,0,0,0,53,0,2,0,0,0,0,31,0,0,0,0,87,0,0,13,0,0,0,9,0,0,0
TCGA-DD-AADB_185,3.4027397260274,0,51,1,1,1,0,0,2,0,57,0,3,6,0,1,3,10,3,8,1,14,0,0,50,0,0,0,22,1,2,0,1,0,0,7,6,52,38,0,0,17,3,0,4,0,16,0,13,8,1,6,0,0,31,7,1,1,0,0,7,4,11,3,6,8,0,0,2,1,9,0,1,1,0,93,2,1,6,166,4,58,222,13,9,0,1,0,14,0,2,4,9,0,9,7,18,48,10,1902,16,0,23,0,1,1,2,67,2,18,0,0,3,12,0,3,16,4,0,17,1,9,6,0,38,2,0,19,0,3,11,10,23,0,1,6,38,0,2,6,0,0,239,0,8,1,0,10,2,6,0,8,6,83,1,1,18,8,1,1,1,0,0,0,15,1,4,0,5,2,0,3,0,10,3,0,10,6,0,11,182,1,0,243,11,7,34,48,0,0,1,117,0,322,0,0,3,3,0,4,0,0,0,514,0,0,2,302,3,0,0,0,0,0,0,3,0,6,0,3,42,29,0,12,0,50,4,2,201,0,0,3,0,481,0,0,0,2,0,0,0,7,15,1,63,1,2,0,0,13,3,0,0,0,4,0,0,4,4,3,4,2,63,19,0,26,231,0,3,0,0,0,187,2,6,0,5,2,0,0,82,0,569,0,0,0,0,0,2,0,0,0,0,0,0,3,0,29,0,4,38,12,35,0,0,0,4,0,0,0,0,0,0,1282,0,1,22,0,0,0,0,10,0,0,48,61,6,9,23,0,0,74,9,0,0,0,0,0,0,0,0,0,0,3,116,4,120,0,15,0,0,0,0,0,0,4,0,0,0,0,1,0,0,329,0,0,0,0,0,0,0,43,0,2,0,3,0,0,1,3,0,0,2,0,0,0,7,1,0,0,99,0,0,0,0,0,0,0,24,15,0,117,0,0,0,1,41,0,0,0,0,0,4,0,2,27,0,0,1,0,0,7,0,0,104,0,0,0,0,0,0,0,1,6,0,0,0,0,0,0,4,2,0,19,0,16,0,33,0,0,0,0,0,0,0,0,0,0,0,0,374,0,0,325,0,0,9,0,0,0,1,0,0,0,0,0,0,0,0,6,0,0,0,0,0,1,0,0,0,0,7,0,0,220,0,0,0,0,0,0,0,2,0,0,3,19,2,0,0,0,0,0,0,0,0,0,0,0,0,0,3,0,0,0,0,3,0,0,0,0,2,0,1,0,0,0,0,0,0,0,0,0,0,0,0,0,0,0,0,0,0,0,0,3,0,0,63,8,0,8,0,0,0,0,0,38,0,0,0,0,0,0,4,8,0,0,0,17,0,0,0,0,1495,0,0,9,0,0,0,0,0,0,0,0,0,0,49,0,0,0,0,0,0,0,52,1,0,0,19,0,0,0,0,0,92,0,0,0,0,0,0,0,0,0,0,0,24,1,0,1,19,0,0,0,0,0,0
TCGA-DD-AADC_186,1.16438356164384,1,53,1,1,1,0,0,2,4,16,0,34,16,4,0,5,10,5,14,18,16,0,4,136,5,2,2,31,8,5,2,0,0,0,34,29,155,46,14,20,87,0,0,5,38,3,2,7,1,0,10,0,1,46,17,1,4,6,3,15,1,8,3,0,52,4,5,0,2,5,0,158,5,20,32,0,7,6,168,3,60,65,29,5,0,4,6,4,5,5,5,45,0,8,8,17,12,4,1902,16,9,9,1,0,0,2,185,1,16,2,2,4,10,0,15,82,0,0,8,18,32,1,1,26,8,0,4,2,9,2,11,1,0,7,49,18,0,1,0,6,3,86,4,28,11,0,296,4,4,0,21,3,78,36,2,3,7,4,8,0,1,0,0,32,17,11,4,5,1,0,6,0,31,1,0,10,38,0,23,1223,4,0,16,10,0,23,12,3,1,2,3,0,1348,0,1,3,0,2,4,1,0,0,288,0,0,9,164,3,0,0,1,0,0,9,1,0,17,0,0,20,9,4,1,0,43,3,7,70,0,0,3,0,2725,0,0,0,0,0,0,0,168,96,6,0,0,8,0,0,10,3,0,0,0,2,0,0,2,1,5,50,2,146,9,0,36,829,0,7,0,0,0,68,0,54,0,13,9,0,0,79,0,332,1,0,0,11,0,3,0,35,0,0,0,0,0,1,109,0,0,16,0,22,0,0,0,2,0,6,0,3,0,0,0,0,0,7,0,0,7,1,0,0,0,157,1025,29,0,23,0,0,5,14,0,0,0,6,0,2,0,0,0,0,3,5,3,116,0,21,0,0,0,0,0,0,0,0,0,0,0,0,0,0,272,0,5,4,0,0,0,0,91,9,0,0,11,9,0,0,0,0,0,1,0,0,0,0,0,0,0,21,0,0,0,0,0,0,0,57,915,1,72,0,0,0,0,1,0,0,0,0,0,1,0,0,22,0,0,0,0,0,0,0,0,276,0,1,0,1,0,0,0,0,3,0,0,0,0,0,0,5,0,0,2,4,15,0,10,2,0,13,0,0,0,0,0,0,0,0,0,235,0,0,1,0,0,9,0,0,0,0,0,0,0,1,0,3,0,0,0,0,0,0,0,0,0,0,0,0,0,2,0,0,40,0,0,3,0,51,0,0,0,0,0,0,3,0,0,0,0,0,0,0,0,0,0,0,0,0,0,4,0,0,0,6,39,1,4,0,0,10,0,5,0,0,0,0,0,0,0,0,0,0,0,0,0,0,0,90,0,0,0,0,0,0,0,13,514,0,0,0,0,0,0,0,0,0,0,0,0,0,4,0,1,0,0,0,0,0,3,0,0,549,0,0,0,0,6,0,0,0,0,0,0,0,0,245,0,0,1,0,0,0,0,0,0,0,0,6,0,1,0,0,0,2342,0,0,0,0,0,0,0,0,0,0,4,1,74,0,0,107,0,0,0,0,0,1
TCGA-DD-AADD_187,3.37260273972603,0,51,1,1,1,0,0,6,14,40,11,18,34,6,0,66,0,10,65,135,21,7,6,422,30,54,1,55,15,2,1,15,6,6,49,5,47,25,1,5,92,1,0,231,20,14,15,8,0,0,1,0,0,97,201,0,26,4,0,33,0,34,16,8,27,4,16,0,29,1,0,226,0,8,117,0,0,69,137,3,172,61,61,6,9,0,3,8,1,6,8,112,0,60,7,85,81,0,255,20,803,15,0,0,4,4,13,1,17,9,3,22,1,0,9,123,35,1,19,0,262,9,0,29,4,0,11,0,6,8,10,153,8,6,16,291,0,1,47,2,0,217,1,10,1,0,178,2,4,7,14,10,94,3,0,4,4,1,20,0,0,0,0,98,6,9,0,5,0,0,3,0,7,0,0,25,188,0,13,180,0,0,239,8,6,110,10,0,0,1,74,0,2962,1,0,4,6,1,4,1,0,0,177,0,0,4,332,4,0,0,0,0,0,32,0,0,6,0,0,20,34,0,1,0,34,11,13,59,3,0,2,0,4752,0,0,1,1,0,0,0,2,122,36,329,0,4,0,1,0,16,0,0,0,4,0,0,17,4,8,0,0,63,3,0,134,718,0,3,0,0,0,17,0,28,0,6,4,0,0,83,0,481,0,0,0,3,0,0,1,1,0,0,0,0,6,0,9,0,13,68,0,21,0,0,0,5,1,2,0,0,0,0,514,0,0,46,0,3,1,0,1,0,0,235,668,3,0,87,0,0,120,18,0,0,1,0,0,1,0,0,0,0,0,0,3,370,0,12,0,0,0,0,0,0,0,0,0,0,0,0,0,0,111,0,37,1,7,0,0,0,29,23,12,0,42,0,0,0,0,0,0,2,0,0,0,55,6,0,0,142,0,0,0,0,0,0,0,39,47,0,69,0,0,0,1,10,0,4,0,6,0,4,0,1,0,0,0,0,0,0,1,0,0,223,0,0,0,0,0,0,0,4,0,0,0,3,9,0,0,12,0,0,2,0,1,1,4,0,0,0,0,0,0,0,0,0,4,0,0,779,0,0,0,0,0,6,0,0,0,1,0,0,0,0,0,0,0,0,5,0,0,0,0,1,0,0,0,0,0,0,0,0,142,0,0,1,0,48,0,0,0,0,0,11,8,0,0,0,0,0,0,0,0,0,0,0,0,0,0,1,0,0,0,0,98,0,0,0,0,2,0,7,0,0,0,0,0,0,0,0,0,0,0,0,0,0,0,7,0,0,0,0,0,0,0,0,46,0,9,0,0,0,0,0,87,4,0,0,0,0,10,0,7,0,0,0,0,0,5,0,0,2725,0,0,0,0,38,0,0,0,0,1,0,0,0,70,0,14,0,0,0,0,1,0,3,0,0,0,0,0,0,0,0,53,0,0,0,0,0,0,0,0,0,0,0,0,281,0,9,78,0,0,0,3,0,0
TCGA-DD-AADF_188,0.315068493150685,1,64,0,1,1,0,0,497,179,72,139,41,23,14,10,22,29,6,27,41,28,2,27,1113,24,268,985,39,9,21,2,3,23,15,27,32,342,74,63,9,45,22,19,99,129,28,54,20,0,4,11,65,4,246,67,0,16,8,49,29,50,2,23,50,82,19,358,0,26,1,7,60,0,84,113,2,26,138,233,3,80,362,165,11,2,1,0,26,10,2,11,74,5,178,18,13,201,0,447,61,12,14,0,21,0,10,35,0,10,5,1,44,46,18,2,239,54,0,24,0,62,0,0,125,0,3,0,4,2,106,8,12,12,3,7,5,0,2,30,2,2,1223,14,10,1,0,40,2,2,2,12,17,346,57,0,0,16,0,7,0,0,0,0,64,66,4,7,1,3,2,2,0,29,0,0,57,34,0,93,1902,0,0,481,0,0,32,48,1,433,0,158,1,3835,0,0,0,101,0,2,1,0,0,2962,12,0,2,56,7,1,1,0,0,0,339,4,6,3,0,0,30,7,0,41,0,2725,3,12,718,0,0,3,0,6589,9,0,0,0,0,1,3,29,26,79,522,0,4,5,0,0,5,0,0,0,4,0,0,0,2,4,0,2,453,0,0,77,61,17,3,0,0,0,0,0,15,0,14,3,9,0,157,127,829,0,0,1,11,0,5,0,2,0,0,0,0,5,0,12,0,13,0,177,0,0,0,0,0,3,0,2,0,0,0,0,1,4,122,0,0,6,1,0,0,0,270,302,1348,0,28,3,0,0,44,14,0,3,0,11,0,0,0,0,4,0,1,0,540,0,5,0,0,0,0,12,0,31,0,0,0,0,0,0,4,60,0,18,2,1,0,0,1,65,3,4,0,1,42,0,0,1,0,0,2,0,0,0,0,10,0,0,140,29,0,3,0,0,0,0,27,2027,0,396,0,0,1,0,18,0,9,0,22,0,0,0,0,0,0,0,0,2,0,0,0,0,22,0,0,0,0,0,0,0,0,0,0,0,0,0,0,17,0,7,0,24,0,0,0,12,0,0,0,0,0,0,0,2,0,0,0,0,4,0,0,1,0,0,0,23,0,0,0,0,0,0,0,23,0,0,0,1,0,1,0,7,4,0,0,0,0,0,0,0,0,21,0,137,0,0,0,12,0,0,0,0,0,0,0,15,0,0,0,0,0,0,0,0,0,0,1,0,46,0,0,0,2,125,4,0,0,0,10,0,0,0,0,0,49,0,0,0,0,0,0,0,0,0,0,2,5,2,0,0,0,0,0,4,2,0,5,0,0,0,0,10,0,0,42,0,0,0,0,86,0,0,0,0,0,14,0,0,0,0,0,0,0,0,0,0,0,0,0,0,0,0,0,0,0,0,2,0,0,0,0,0,0,0,0,0,56,0,0,0,0,0,11,0,0,3,0,0,0,0,0,0,0,0,6,0,5,0,0,0,0,3,0,0,16
TCGA-DD-AADG_189,3.13698630136986,0,70,1,3,3,0,0,293,255,174,215,114,57,105,23,63,20,43,30,171,44,23,65,1166,32,1113,379,133,52,37,13,19,15,5,97,69,319,163,116,53,366,48,19,701,387,33,51,34,0,29,18,61,8,205,87,0,127,49,11,18,44,0,25,95,37,36,67,0,18,0,4,549,0,157,84,4,20,129,392,0,270,569,15,20,19,0,136,67,16,0,22,422,2,179,26,66,653,0,125,25,3192,1,0,3,0,4,113,0,1,77,9,42,26,1,12,396,34,0,23,0,497,0,0,118,0,8,0,4,0,75,0,276,35,0,0,1416,0,0,41,23,7,96,13,0,0,0,505,0,0,19,40,189,313,74,0,0,17,0,30,0,0,2,4,329,1495,0,4,6,0,6,0,10,3,0,0,98,212,0,223,915,0,0,194,0,0,163,70,8,7,0,29,5,6589,1,2,0,17,0,0,45,0,0,1585,1,0,0,440,0,0,0,0,0,0,13,0,6,7,0,0,21,3,5,9,0,1071,24,36,718,1,7,0,0,9068,16,0,0,0,0,11,3,350,38,257,167,0,0,6,0,0,16,0,0,0,0,0,0,0,0,16,0,1,447,0,0,140,362,4,0,10,4,0,0,0,36,0,20,0,8,2,514,9,540,0,0,5,5,0,10,0,120,0,1,0,0,50,0,146,0,0,8,0,2,0,0,0,0,1,13,4,13,0,0,0,11,0,71,10,0,19,5,0,6,0,286,2342,14,0,68,6,0,0,69,6,0,3,0,11,6,0,0,0,0,0,0,0,74,0,0,0,0,0,0,0,0,3,0,0,0,6,0,0,0,6,0,6,0,7,0,0,1,67,78,2,0,30,92,0,0,17,1,0,0,11,0,0,0,13,0,0,164,9,0,0,0,0,0,0,42,628,0,346,3,0,0,8,37,0,3,0,168,0,0,15,10,0,0,4,0,0,0,0,0,0,453,0,0,0,2,1,0,7,0,0,0,0,0,0,0,0,0,0,0,6,0,0,0,79,0,0,0,0,2,0,0,0,0,0,0,0,0,0,0,0,0,0,0,169,0,0,0,0,0,0,0,0,1,0,0,15,0,0,0,0,0,0,0,0,0,0,0,0,0,0,0,37,20,9,0,14,3,0,0,0,0,2,0,0,6,0,0,0,0,0,0,0,0,0,0,0,12,3,7,0,0,54,0,0,1,0,13,0,2,0,0,0,0,3,0,0,0,0,5,4,0,0,0,4,2,0,2,0,6,25,0,4,8,5,2,9,1,0,2,0,0,0,2,0,0,0,0,30,0,0,0,0,0,11,0,39,0,0,8,0,0,0,0,2,14,0,0,0,0,0,0,0,0,31,10,13,0,0,5,0,0,0,0,1,0,0,0,0,0,0,0,1,0,0,0,0,4,0,0,0,2,0,0,203,0,0,8,0,113,0,18,0,0
TCGA-DD-AADI_190,2.97260273972603,0,43,0,1,1,0,0,0,0,14,11,2,3,5,0,1,1,0,0,11,9,0,3,63,1,4,0,13,1,0,1,0,0,0,2,2,97,142,0,0,37,0,0,41,44,24,0,11,4,0,6,25,2,76,10,0,8,16,3,7,13,0,2,4,5,4,4,0,1,1,0,91,0,10,6,0,0,47,62,1,33,28,0,1,0,0,1,4,1,0,2,10,0,148,8,7,94,6,1788,11,2,3,1,2,0,5,8,0,3,2,0,2,0,3,2,30,0,0,4,5,25,0,0,100,0,0,5,2,1,7,2,26,1,0,0,10,0,0,5,0,0,137,0,0,0,0,106,0,0,0,20,46,70,7,0,22,1,0,0,6,0,0,0,140,440,0,0,0,0,0,0,0,10,0,0,49,2,0,19,288,0,0,110,6,0,20,14,1,0,0,23,0,417,0,0,0,2,0,0,13,0,0,641,9,0,0,68,0,0,0,0,0,0,38,0,0,1,0,0,21,1,0,1,0,265,6,0,176,0,0,1,0,12700,0,0,0,4,0,1,0,68,1,130,23,0,0,0,0,38,2,0,0,0,0,0,0,1,0,3,0,0,82,3,0,18,143,0,0,0,0,0,123,0,36,0,3,0,0,0,81,0,248,0,0,0,0,0,0,19,3,0,0,0,0,2,0,6,0,0,29,77,38,0,0,0,0,0,0,4,0,0,0,3,1,0,358,0,0,0,3,3,0,1,262,43,803,5,0,0,0,0,17,0,0,8,0,0,0,0,0,0,0,3,72,1,46,2,0,0,4,0,0,0,0,4,0,1,0,0,0,0,0,27,0,4,0,0,0,0,0,47,0,5,0,0,0,0,0,3,0,0,0,0,0,0,0,0,0,0,236,0,0,0,0,0,0,0,49,83,2,62,0,0,0,0,18,1,0,0,37,0,7,0,10,0,0,0,0,0,0,1,0,0,66,0,0,0,0,0,0,0,18,9,0,0,0,0,0,0,4,0,0,72,0,11,0,25,0,0,0,0,0,0,0,0,0,25,0,0,14,0,0,2,0,0,1,0,0,0,0,0,8,0,37,0,0,0,0,0,0,0,1,0,0,13,0,0,0,0,10,0,0,46,0,0,5,0,162,0,0,0,0,0,0,29,0,0,0,0,0,1,0,0,0,0,0,0,0,0,6,0,0,0,1,3,0,0,0,0,0,0,0,0,0,0,52,0,0,0,0,0,0,0,0,0,0,0,0,0,0,0,14,0,0,0,0,3,0,2,0,0,0,0,0,0,0,0,0,23,0,0,0,2,4,0,0,0,0,1,0,0,1223,0,0,25,0,37,0,0,0,0,0,0,1,0,1,0,0,0,0,0,0,0,4,5,0,50,0,0,0,0,0,0,549,0,17,0,0,0,0,0,0,0,5,0,38,1,0,4,0,0,0,0,0,0,0
TCGA-DD-AADJ_191,2.92054794520548,0,70,0,1,1,0,0,38,6,94,43,11,26,3,12,28,5,6,12,6,62,3,5,200,16,36,6,19,8,1,2,0,2,3,80,4,128,276,16,12,33,6,0,92,38,47,45,71,1,2,11,22,3,272,48,0,21,15,1,8,16,1,14,4,42,10,70,0,14,11,0,140,0,8,101,2,6,84,231,0,58,281,67,50,0,0,1,30,2,0,8,52,0,99,14,7,407,1,579,26,6,5,1,23,0,4,72,0,4,9,1,10,14,1,7,31,14,0,28,0,78,14,0,48,0,1,9,6,2,40,4,253,8,0,0,474,0,1,1,1,0,194,6,2,0,0,50,0,0,0,47,22,255,18,0,10,44,0,36,0,0,0,0,110,95,1,12,3,0,0,0,0,8,0,0,89,21,0,62,540,0,0,481,19,2,29,26,3,124,0,79,2,885,6,0,0,36,0,1,12,0,0,756,1,0,0,155,0,0,1,0,0,0,114,1,1,8,0,1,40,4,1,9,0,2530,2,5,392,0,0,1,0,5426,8,0,0,3,0,0,3,156,6,228,187,0,0,0,0,18,8,0,0,0,0,0,0,5,0,13,8,4,453,0,0,63,219,33,0,0,1,0,48,1,14,0,1,0,0,0,803,18,653,0,0,2,2,0,6,0,61,0,1,0,0,22,0,145,0,15,6,67,7,0,0,0,0,1,0,15,0,0,0,120,0,1,387,0,0,0,0,2,12,0,433,362,37,0,13,0,0,5,16,0,0,3,0,0,0,0,0,0,3,0,27,0,183,0,0,0,0,0,0,0,0,22,0,0,0,0,0,0,7,30,0,8,0,0,0,0,5,168,7,7,0,3,145,0,0,10,0,0,1,0,0,0,0,5,0,0,668,2,0,1,0,0,0,0,92,1416,0,128,0,0,0,1,136,0,1,0,87,0,9,6,11,0,0,0,0,0,0,1,0,0,144,0,0,0,0,0,0,0,39,5,0,0,0,0,0,0,20,30,0,93,0,18,0,60,0,0,0,0,0,0,0,3,0,2,0,0,163,0,0,1,2,0,3,4,0,0,0,0,0,0,0,0,1,0,0,7,0,1,0,0,0,8,0,0,0,0,20,0,0,113,0,0,0,2,0,6,0,0,0,0,10,19,0,0,0,0,0,2,0,0,0,0,0,0,0,0,151,0,3,0,7,43,12,1,0,0,1,0,0,0,0,3,0,0,0,4,0,0,0,0,0,0,0,0,0,2,0,0,0,0,1,0,0,44,0,10,0,0,0,0,0,0,0,0,0,7,0,17,0,0,0,0,0,1,0,2,0,0,736,0,0,22,0,2,0,0,0,0,0,0,0,0,4,0,0,0,0,0,0,0,6,2,0,0,1,0,0,0,0,0,1166,0,0,0,0,0,0,0,0,0,0,1,20,0,0,0,8,0,0,0,0,0,0
TCGA-DD-AADK_192,2.87397260273973,0,68,0,2,2,0,0,10,1,54,250,14,10,18,26,15,42,25,31,25,35,0,56,74,6,105,91,24,6,10,3,18,0,7,8,138,447,169,27,31,66,3,5,212,238,21,2,8,0,11,19,98,1,102,272,0,6,26,14,28,54,2,8,40,10,12,10,0,1,4,7,60,0,31,63,2,9,83,80,2,181,149,19,6,0,0,89,30,5,0,10,45,1,103,23,78,102,4,1223,19,38,3,0,4,0,14,159,0,4,2,0,5,6,0,19,228,47,0,3,2,120,2,0,231,0,0,1,5,0,64,4,55,6,0,1,0,0,0,24,0,3,383,3,2,0,0,216,0,0,0,19,51,42,24,0,2,4,0,0,1,0,0,0,31,505,2,16,3,0,0,0,6,9,0,0,101,160,0,5,2725,0,0,179,0,0,39,23,2,21,0,33,1,2342,2,0,0,53,0,0,58,0,0,2027,0,0,0,354,1,0,0,0,0,0,35,0,0,3,2,0,19,4,0,14,0,856,3,2,1025,0,0,1,0,5426,38,0,0,0,0,10,2,101,62,417,0,0,0,0,0,21,2,0,0,0,0,0,0,0,0,7,8,1,19,15,0,23,158,0,1,0,0,0,47,0,23,0,26,1,6,0,1902,46,602,0,1,2,4,0,1,6,701,0,0,0,0,6,0,147,0,0,4,91,11,0,0,0,0,0,0,2,1,0,0,2,0,0,40,0,0,0,5,0,0,50,387,350,4752,0,12,0,0,4,58,0,0,1,1,0,0,0,0,0,1,0,30,4,119,0,5,0,0,0,0,0,0,5,0,0,0,0,0,0,1,136,1,4,0,0,0,0,3,322,0,15,0,56,24,0,0,74,0,0,0,0,0,0,0,0,0,0,56,0,0,1,0,0,0,0,8,70,2,259,0,0,1,1,103,0,1,0,49,0,1,0,0,3,2,0,0,0,0,0,0,0,153,0,0,0,0,0,0,0,0,2,0,0,0,0,0,0,0,3,0,43,3,9,0,24,0,0,1,0,0,0,0,0,0,0,0,0,0,0,0,3,0,0,1,71,0,0,0,0,0,0,3,1,3,0,0,18,0,0,2,0,0,175,2,0,0,0,10,0,0,68,0,0,4,0,48,0,0,0,0,0,0,0,0,0,0,0,0,0,0,0,0,0,0,0,0,0,208,0,0,0,0,6,2,0,0,0,0,0,0,0,0,0,313,0,4,8,0,0,0,0,0,0,3,0,2,1,0,0,15,0,0,0,265,219,0,1,0,0,0,0,0,35,2,0,0,0,0,69,0,5,0,5,0,9,2,1,0,0,514,0,0,1,0,6,0,0,0,0,8,0,0,0,1,0,0,0,0,0,0,0,0,0,0,24,0,0,0,0,0,0,1416,0,2,0,0,0,0,0,0,0,40,0,16,0,0,0,0,0,0,2,0,0,0
TCGA-DD-AADL_193,1.74246575342466,0,58,1,1,1,0,0,276,174,150,138,43,37,49,33,28,44,43,72,80,57,11,30,193,38,540,1416,89,44,13,6,4,15,10,35,50,453,54,52,14,168,6,29,194,152,70,17,20,0,34,39,200,2,178,208,0,123,27,62,21,68,6,11,154,52,26,10,0,20,0,8,130,0,34,117,4,21,13,122,0,171,407,190,11,3,0,29,40,6,0,28,210,2,179,79,33,27,3,274,70,110,5,0,17,0,45,205,0,3,21,1,8,44,23,20,111,95,0,23,0,180,0,0,239,0,3,2,12,1,122,2,11,23,0,3,32,0,0,36,0,2,668,14,2,0,0,119,0,1,8,22,163,116,134,0,3,8,0,6,0,0,0,2,83,39,0,12,6,0,2,0,10,5,5,0,73,159,2,3,489,0,0,422,3,0,103,29,3,53,0,95,0,3835,3,1,0,25,0,0,0,1,0,2962,29,0,0,164,2,0,1,0,0,2,21,0,0,9,0,0,52,4,1,106,0,3487,35,9,366,2,0,1,0,6589,38,0,0,0,0,8,7,402,579,92,293,0,0,0,0,1,10,0,0,0,0,0,0,0,0,3,0,1,34,6,0,85,433,0,3,0,2,0,16,1,108,0,7,0,13,0,2027,157,885,0,0,1,6,0,11,0,98,0,0,0,0,46,0,26,0,25,0,69,8,0,0,0,0,5,2,4,9,0,0,0,0,6,187,0,0,6,9,0,4,0,127,628,195,0,31,1,0,0,47,7,0,2,0,3,0,0,0,0,0,0,2,2,245,0,3,0,0,0,0,2,0,9,0,0,0,0,0,0,1,12,1,4,0,0,0,0,5,116,1,8,0,2,58,0,0,10,0,0,2,0,0,0,0,1,0,0,39,27,0,7,0,0,0,0,14,1495,0,447,0,0,0,1,161,0,11,0,181,0,10,0,0,0,0,0,0,0,0,3,0,0,22,0,0,0,0,0,0,0,0,1,1,0,0,0,0,0,1,20,0,31,0,0,0,41,0,1,0,0,5,0,0,0,0,4,0,0,90,0,0,0,0,0,0,96,0,0,0,1,0,0,0,5,5,0,0,27,0,2,0,0,0,35,0,0,0,0,6,0,0,3,0,177,2,14,0,4,0,0,0,0,30,0,0,3,0,0,0,0,0,0,0,0,0,1,0,0,42,0,0,0,0,215,9,0,0,0,18,0,0,0,0,0,4,0,3,1,0,0,0,3,0,0,0,3,12,1,0,0,10,0,0,0,42,8,0,6,0,0,0,0,0,0,13,0,0,0,0,78,0,0,0,1,0,14,0,0,0,0,226,0,0,0,0,0,0,0,0,0,12,0,0,0,41,0,8,3,0,0,0,2,0,0,0,0,61,0,0,0,0,0,125,0,0,0,0,0,0,0,0,0,188,6,0,0,0,0,235,0,0,0,0,0,0
TCGA-DD-AADM_194,0.0328767123287671,1,58,1,2,2,0,0,98,6,65,72,46,15,7,24,33,12,14,20,36,94,1,39,212,25,235,20,20,8,6,3,5,6,1,30,25,362,396,33,16,67,7,17,370,32,29,27,18,1,6,5,152,3,433,67,0,31,2,12,35,43,1,5,19,40,4,80,0,13,0,1,108,0,62,27,2,38,59,191,3,46,342,48,36,2,0,20,12,8,2,5,92,1,63,25,29,151,1,522,28,16,8,0,5,0,15,43,0,7,20,2,23,20,19,11,205,43,0,16,0,70,0,0,100,0,0,2,1,2,43,3,69,11,1,6,69,0,1,28,3,2,422,7,6,0,0,50,0,2,1,14,63,103,39,0,0,13,0,53,0,0,0,1,123,803,2,12,3,0,0,0,1,31,3,0,88,116,0,39,2530,0,0,339,0,0,27,39,6,296,0,83,2,4215,6,1,0,53,0,1,15,0,0,2725,6,0,1,101,1,0,1,0,0,0,163,1,1,4,0,0,50,7,0,73,0,1348,11,4,684,0,0,1,0,3487,13,0,0,0,0,10,3,217,7,52,128,0,1,0,0,3,2,0,0,0,1,0,0,0,0,2,0,0,74,1,0,23,82,3,1,0,0,0,17,0,7,0,30,1,4,0,779,28,332,0,0,2,0,0,1,2,316,0,0,0,0,33,0,98,0,4,0,148,2,0,0,0,0,0,3,0,1,0,0,6,0,5,48,2,0,19,3,0,5,2,374,489,1585,0,25,0,0,0,32,4,0,1,0,0,0,0,0,0,1,0,29,0,569,0,0,0,0,0,0,0,0,24,0,0,0,0,0,0,2,25,0,9,3,1,0,0,6,37,6,0,0,3,67,0,0,1,0,0,0,0,0,0,0,5,0,0,248,1,0,5,0,0,0,0,12,1495,0,182,0,0,0,0,15,0,0,0,40,0,0,0,2,0,1,0,0,0,0,0,0,0,113,0,0,0,0,0,0,0,0,0,0,0,0,0,0,0,0,4,0,32,0,0,0,65,0,0,0,0,0,0,0,0,0,1,0,1,0,0,0,82,0,0,0,34,0,0,0,1,0,0,2,3,4,0,0,3,0,1,0,1,1,40,0,0,0,0,2,0,0,22,0,0,0,2,0,7,0,0,0,0,0,0,0,0,1,0,0,0,0,1,0,0,0,0,0,0,125,0,0,0,5,72,8,0,0,0,2,0,0,0,0,0,41,0,0,0,0,0,0,0,0,0,0,0,0,2,0,0,4,6,0,0,87,1025,0,0,0,0,0,0,0,0,0,0,0,0,0,41,0,0,0,0,0,37,0,0,0,0,161,0,0,6,0,0,0,0,0,0,11,0,0,0,4,0,0,2,0,0,0,0,0,0,0,3,0,0,0,0,0,0,590,0,0,0,0,0,0,0,0,0,53,0,49,0,0,0,2,0,0,3,0,0,21
TCGA-DD-AADN_195,2.46027397260274,0,59,1,1,1,2,2,22,0,28,0,3,5,1,0,12,0,5,5,9,35,0,17,128,1,0,0,11,2,0,0,1,0,3,9,25,6,92,0,9,30,1,3,16,0,1,6,5,6,0,1,0,0,46,9,2,0,0,0,6,16,15,4,0,21,0,4,0,3,5,0,0,2,14,27,0,17,3,54,12,18,121,9,20,0,2,17,30,2,6,3,147,0,34,22,4,0,5,4752,6,0,31,0,0,0,0,0,1,13,24,0,26,46,0,1,185,20,0,12,2,274,0,0,7,0,0,0,0,16,13,7,2,0,2,22,0,0,3,7,0,0,8,0,19,4,0,2,2,7,0,11,101,19,5,3,10,4,4,8,0,2,0,0,16,6,2,6,1,6,0,4,0,46,0,0,27,14,0,9,304,0,0,25,7,5,7,0,0,3,1,37,2,417,7,0,0,13,0,3,3,0,0,1495,0,0,3,42,12,2,0,0,0,0,6,6,0,2,0,0,13,8,0,95,0,53,1,0,82,0,0,2,0,569,0,0,0,0,0,0,0,22,9,0,9,1,1,0,2,1,0,0,0,0,2,0,0,3,0,0,0,1,2,38,0,22,22,0,4,0,0,0,2,3,0,0,8,3,0,0,56,0,36,0,0,1,0,0,0,0,28,0,0,0,2,1,0,0,0,1,0,56,0,0,0,0,5,0,1,1,0,0,0,6589,0,2,0,0,2,0,0,0,0,26,80,167,60,7,33,0,0,52,0,0,0,0,4,1,0,0,0,0,0,0,77,6,67,0,9,0,0,0,2,0,0,0,3,0,0,0,0,0,0,138,0,4,3,0,0,0,2,47,0,3,0,0,16,0,0,27,0,0,2,0,0,0,0,14,0,0,13,0,0,0,0,0,0,0,0,207,0,16,0,0,0,0,0,0,9,0,0,0,0,0,0,10,0,0,0,0,0,0,0,0,1,0,4,0,0,0,2,0,0,0,0,0,0,0,1,0,0,0,0,4,0,0,0,11,0,0,0,0,0,0,0,21,0,1,0,0,102,0,3,281,0,0,6,0,0,0,0,0,0,0,0,0,0,0,0,0,0,0,0,0,0,5,0,0,4,0,0,0,0,133,0,0,0,0,0,11,8,0,0,0,0,0,7,0,0,0,0,0,0,0,0,0,0,0,0,0,104,0,0,0,0,0,0,2,0,0,9,0,0,0,0,0,2,0,0,0,0,0,0,0,0,0,5,0,15,0,0,2,0,0,3,0,51,177,0,9,0,0,1,0,0,0,0,0,0,0,0,0,0,0,0,0,6,87,0,0,2,0,10,0,0,3,0,0,0,0,0,0,0,0,0,0,78,0,4,0,0,11,0,0,0,0,0,0,0,0,0,8,0,0,141,0,0,0,0,0,0,0,0,0,0,2,5,0,0,25,19,0,0,0,0,0,0
TCGA-DD-AADO_196,1.24109589041096,0,55,1,1,1,0,0,0,5,13,0,7,2,1,3,4,0,7,1,8,19,0,13,105,2,0,0,9,1,0,0,0,0,1,3,10,62,78,0,0,18,5,7,38,7,5,0,5,6,1,2,10,0,207,0,0,0,2,2,10,39,9,2,4,16,5,7,1,2,6,0,5,1,16,22,2,1,22,100,5,46,44,0,10,0,2,1,7,3,3,1,15,0,46,9,4,23,8,2175,18,0,12,0,1,0,1,39,0,6,10,0,1,2,0,2,94,13,0,15,0,8,6,0,64,0,0,3,0,3,33,3,98,0,0,8,63,0,1,14,0,2,116,4,12,1,0,0,0,1,0,0,28,132,9,0,22,7,0,1,6,0,0,0,50,5,0,0,2,2,0,0,0,27,0,0,36,34,0,12,1223,0,0,151,5,2,16,24,0,0,0,24,1,248,0,0,0,5,0,3,10,0,0,549,0,0,0,92,1,0,0,0,0,0,2,2,0,8,0,0,27,4,0,22,0,250,8,1,197,0,0,2,0,1416,0,0,0,0,4,0,0,9,14,181,34,0,1,0,0,10,0,0,0,0,0,0,0,7,0,2,6,0,26,5,0,57,93,0,0,0,0,0,120,5,11,0,11,0,0,0,71,0,152,0,0,1,2,0,1,0,8,0,0,0,0,5,2,7,0,0,0,15,8,0,0,0,3,0,0,0,0,0,0,2725,0,0,73,0,0,1,0,0,0,17,540,49,66,19,13,0,0,14,8,0,0,2,0,0,0,3,0,0,1,0,92,2,130,0,2,0,0,0,0,0,0,0,12,9,0,0,1,0,0,76,0,0,1,2,0,0,0,138,0,6,0,0,29,0,0,90,0,0,0,0,0,0,0,5,0,0,159,0,0,0,0,0,0,0,106,522,0,54,0,0,0,0,54,0,0,0,0,0,5,0,3,0,0,0,0,0,0,0,0,0,51,0,2,0,0,0,0,0,11,2,0,0,0,0,0,0,6,3,0,38,0,23,0,33,0,0,0,0,0,0,0,0,0,3,0,0,28,0,6,24,0,0,4,13,0,0,0,0,0,0,0,0,1,0,0,2,0,0,0,0,0,0,0,0,0,0,9,0,0,202,0,0,0,0,53,0,0,0,0,0,1,7,0,0,0,0,0,0,0,0,0,0,0,0,0,0,72,0,0,0,2,46,0,2,0,0,4,0,0,1,0,18,0,0,0,0,0,0,0,0,0,0,0,0,15,0,0,0,0,0,0,0,136,82,0,3,0,0,1,0,0,0,0,0,0,0,0,2,0,5,0,0,0,13,0,0,0,0,366,0,0,15,0,26,0,0,0,0,0,0,0,0,0,0,0,0,0,0,0,1,3,4,0,0,0,0,0,0,0,0,1071,0,0,0,0,0,0,37,0,0,0,0,21,0,0,0,0,0,0,0,0,0,0
TCGA-DD-AADP_197,1.25479452054795,0,45,1,1,1,0,0,322,15,115,268,64,74,12,10,25,84,8,40,28,49,4,6,200,24,22,366,37,17,19,4,2,17,15,31,25,283,182,17,10,103,17,14,3,11,86,82,37,0,3,32,0,1,915,137,0,170,16,1,43,56,0,12,15,54,10,433,0,30,1,4,203,0,8,55,1,23,23,270,0,146,316,177,55,4,0,8,36,14,0,78,30,8,69,9,31,168,3,354,100,39,6,0,8,0,0,71,0,5,12,0,62,20,1,18,70,83,1,54,1,93,0,0,252,1,2,0,10,2,39,3,163,17,0,1,9,0,0,19,3,0,114,46,2,1,0,70,1,1,0,41,72,212,10,0,0,59,0,12,0,0,0,1,152,37,1,8,9,0,0,0,0,6,10,0,149,82,0,62,803,0,0,304,2,0,44,37,6,103,0,145,0,4215,3,0,0,15,0,1,30,0,0,653,0,0,0,138,0,0,2,0,0,0,58,0,0,15,0,0,132,8,4,77,0,2725,7,7,225,0,0,0,0,2027,4,0,0,0,0,15,0,112,46,38,332,0,0,4,0,10,29,0,0,0,0,0,0,0,0,7,0,2,549,5,0,202,339,19,0,0,0,0,33,0,22,0,67,2,0,0,1585,3,885,0,0,2,0,0,6,1,65,0,0,0,0,3,0,259,0,0,0,7,7,0,0,0,0,1,1,7,1,0,0,0,0,2,91,0,0,4,81,0,3,1,248,85,155,0,27,0,0,1,17,0,0,0,0,0,0,0,0,0,0,0,205,0,56,0,0,0,0,0,0,4,0,7,0,0,0,0,0,0,2,93,0,90,0,0,0,0,2,119,27,0,0,7,0,0,0,127,0,0,0,1,0,0,0,4,0,0,156,8,0,8,0,0,0,0,25,278,0,250,0,0,0,1,28,0,0,0,27,0,0,7,0,0,0,0,0,0,0,0,0,0,239,0,0,0,0,0,0,0,0,2,1,0,0,2,0,0,10,1,0,75,0,7,0,20,0,0,0,0,3,0,0,0,0,0,0,0,16,0,0,6,0,0,1,0,0,0,0,0,0,0,0,0,8,0,0,0,0,11,0,0,0,79,0,0,0,0,2,0,0,95,0,5,2,0,0,0,0,0,0,0,0,1,0,0,0,0,0,0,0,0,0,0,0,0,0,0,9,0,0,0,2,50,13,0,0,0,2,0,0,0,0,0,13,0,0,0,0,0,0,1,0,0,0,0,4,0,0,0,0,1,0,0,39,51,0,35,0,0,0,0,0,0,26,0,0,0,0,0,28,0,0,0,0,24,0,8,0,0,412,0,0,3,3,0,0,0,0,0,0,0,0,0,18,0,0,0,0,0,0,0,0,0,0,2,0,0,0,0,0,0,467,0,0,0,0,0,0,497,0,0,9,2,1,0,0,0,14,0,0,5,0,0,0
TCGA-DD-AADQ_198,1.19452054794521,0,59,1,2,2,0,0,27,111,29,74,29,22,4,14,41,12,12,28,49,35,2,20,193,8,1,0,36,21,6,6,4,2,4,16,54,167,150,6,11,165,7,19,319,21,48,11,12,1,19,7,1,3,74,50,0,1,9,8,25,189,0,11,56,25,7,10,0,14,0,2,84,0,29,64,7,13,8,177,0,91,140,33,18,10,0,44,18,11,0,10,49,0,87,37,44,94,5,412,28,0,6,0,2,0,4,82,0,2,3,2,11,3,4,6,219,14,0,16,0,14,0,0,286,0,1,0,6,0,100,1,33,2,0,0,402,0,0,71,19,3,350,26,0,1,0,58,0,0,12,7,15,130,80,0,0,5,0,3,2,0,0,0,176,392,0,70,7,0,5,0,16,8,10,0,63,80,0,36,3192,0,0,142,2,0,125,30,80,3,0,122,2,885,5,0,0,26,0,0,55,0,0,262,17,0,0,83,0,0,0,0,0,0,9,0,2,9,0,0,38,2,0,192,0,641,32,4,736,0,1,0,0,1223,17,0,0,0,0,24,1,153,28,73,151,0,0,2,0,0,1,0,0,0,0,0,0,0,0,5,0,0,133,0,0,61,105,1,0,1,1,0,10,0,25,0,42,0,2,0,117,21,270,0,0,1,10,0,0,0,58,0,0,0,0,0,0,156,18,29,0,84,18,0,0,0,0,0,0,0,2,0,0,0,3,1,0,10,0,0,0,0,34,0,325,263,29064,0,49,0,0,0,10,10,0,1,0,1,0,0,0,0,1,0,145,4,90,0,0,0,0,0,0,10,0,27,0,0,0,2,0,0,4,29,0,2,0,3,0,0,0,73,0,18,0,8,2,0,0,440,0,0,0,0,0,0,0,7,0,0,142,0,0,3,0,0,0,0,30,83,0,29,0,0,5,0,137,0,1,0,5,0,0,4,0,0,2,0,0,9,0,0,0,0,217,0,0,0,0,0,0,0,5,0,0,0,0,0,0,0,2,3,0,1,0,0,0,30,0,0,0,0,10,0,0,0,0,0,0,1,0,0,0,407,0,0,0,7,0,0,0,1,0,0,0,0,2,11,0,3,0,0,0,0,0,31,0,0,0,0,0,0,0,72,0,0,0,12,0,0,0,0,0,0,0,0,0,16,0,0,0,0,0,0,0,0,0,0,0,0,7,0,0,0,0,6,4,2,0,0,39,0,0,0,0,0,1680,0,4,1,0,0,0,0,0,0,6,0,38,2,0,0,9,0,0,0,1416,3,0,0,0,0,0,0,0,0,1,0,0,0,0,0,0,0,0,0,0,32,0,33,0,0,73,0,0,0,0,0,0,0,0,0,1,0,0,0,202,0,0,0,0,0,0,0,0,0,0,0,0,0,0,0,0,0,2530,0,0,32,0,0,0,0,0,0,61,31,0,1,0,0,668,0,0,13,0,0,0
TCGA-DD-AADR_199,5.55616438356164,0,58,1,1,1,0,0,265,123,124,196,50,26,33,30,41,38,10,33,42,42,4,44,293,29,579,474,65,32,11,3,10,4,16,112,93,272,53,106,33,46,11,12,531,0,101,14,20,1,31,24,47,4,296,172,0,83,12,9,6,40,7,7,25,49,20,141,0,24,0,9,90,0,32,55,4,28,38,201,1,149,213,856,133,4,1,18,28,7,1,13,64,4,128,34,15,105,10,2027,36,2,14,0,21,0,9,140,0,7,23,2,10,64,6,11,268,79,1,36,1,119,0,0,157,0,2,0,3,3,91,6,73,10,0,2,39,0,1,16,8,2,736,23,4,3,0,20,0,2,9,23,88,138,89,0,0,23,0,26,0,0,1,1,142,288,2,8,6,1,1,1,13,13,7,0,87,99,2,26,3487,0,0,522,1,0,54,31,5,115,0,96,2,2342,2,1,0,22,0,0,3,0,0,2725,21,0,2,80,3,0,0,0,0,0,39,1,0,11,0,0,52,9,2,42,0,1788,66,10,829,7,0,3,0,5426,20,0,0,0,0,6,2,175,93,101,139,0,4,4,0,0,6,0,0,0,2,0,0,0,4,2,0,2,87,5,0,117,170,5,3,0,1,0,60,0,18,0,11,2,2,0,718,32,392,0,0,2,26,0,7,0,200,0,1,0,0,0,0,140,0,18,0,137,0,0,0,0,0,5,7,0,4,0,0,2,0,9,37,1,0,16,3,0,7,0,67,668,602,0,53,2,0,2,16,47,0,0,0,4,0,0,0,0,0,0,17,1,238,0,0,0,0,0,0,0,0,6,0,0,0,0,0,0,8,13,0,16,1,0,0,0,12,53,40,11,0,7,291,0,0,22,0,0,0,0,0,0,0,5,0,0,79,1,0,3,0,0,0,0,26,1416,0,55,0,0,0,1,62,0,22,0,65,0,0,4,7,3,6,0,0,0,0,1,0,0,10,0,0,0,0,0,2,2,0,0,0,0,0,0,0,0,0,10,0,20,0,7,0,55,0,0,0,0,16,0,0,0,0,4,0,0,0,0,0,0,0,0,0,57,2,0,0,5,0,0,3,8,23,0,0,7,0,0,0,0,0,248,4,0,0,0,0,0,0,19,0,219,3,21,0,2,0,0,0,0,0,0,0,0,6,0,0,0,0,0,0,0,0,0,0,0,114,0,0,0,1,8,0,7,0,0,33,0,0,0,0,0,21,0,0,0,0,0,0,7,0,0,0,0,89,0,0,0,0,0,0,0,252,569,0,48,0,0,0,0,0,0,3,0,0,0,0,0,0,0,0,0,0,11,0,0,0,0,33,1,0,0,0,1,0,0,0,0,8,0,0,0,167,0,0,0,0,0,0,0,0,0,0,0,80,0,0,1,0,0,156,0,0,0,0,0,0,0,0,2,173,17,0,0,0,6,74,0,0,0,0,3,4
TCGA-DD-AADS_200,1.2986301369863,0,63,1,1,1,0,0,79,105,98,203,153,31,15,71,54,6,26,12,81,31,4,42,1113,26,283,447,59,16,6,8,5,51,17,56,59,111,85,262,65,71,9,6,1025,253,48,61,20,0,29,11,193,11,132,265,0,16,22,28,26,75,0,10,85,83,13,49,0,21,0,5,231,0,35,17,7,16,39,160,0,531,915,162,82,7,0,91,20,24,0,8,342,0,112,68,14,255,4,1166,31,3,3,0,11,0,33,36,0,2,51,4,37,270,0,9,362,113,0,25,0,274,0,0,122,0,0,0,3,0,123,0,182,6,0,2,756,0,0,44,2,8,422,25,1,0,0,63,0,0,2,8,127,66,27,0,0,34,0,9,0,0,0,4,97,263,0,9,5,0,3,0,9,6,3,0,52,187,7,9,1416,0,0,366,0,0,49,70,5,131,0,104,9,1282,8,5,0,49,0,0,7,0,0,4215,3,0,0,100,0,0,0,0,0,0,93,0,4,6,0,0,54,0,3,111,1,1902,29,6,829,2,0,0,0,9068,52,0,0,1,0,8,2,293,29,779,325,0,0,3,0,0,1,0,0,0,0,0,0,0,0,17,0,1,24,0,0,73,117,10,0,5,6,0,13,0,10,0,9,0,17,0,653,97,433,0,0,5,16,0,6,0,239,0,0,0,0,7,1,16,0,21,0,46,1,0,0,0,0,1,13,0,3,0,0,15,5,16,304,0,0,7,2,0,21,0,213,94,335,3,78,3,0,0,37,19,0,2,0,26,0,0,0,2,3,0,0,0,307,0,0,0,0,0,0,23,0,25,0,0,0,0,0,0,7,30,0,56,0,0,1,0,9,111,1,32,1,1,4,0,0,30,1,0,1,1,0,0,0,15,0,0,131,18,0,9,0,0,0,0,185,3835,0,40,0,0,0,1,31,0,49,0,7,1,0,0,10,0,2,0,0,0,0,0,0,0,47,3,0,0,0,0,0,0,0,2,0,0,0,0,0,0,1,5,0,33,0,0,0,10,0,0,0,0,0,0,0,0,0,0,0,2,0,0,0,0,0,0,0,0,0,0,0,6,0,0,0,46,18,0,1,1,0,0,0,0,0,5,0,0,0,2,5,0,0,0,0,60,2,27,0,7,0,0,0,0,1,3,0,0,0,0,0,0,0,0,0,0,0,0,0,0,15,0,0,0,0,67,13,0,0,0,83,0,0,0,0,0,62,0,0,0,0,0,0,18,0,0,0,0,51,0,0,1,0,3,0,0,205,0,2,42,0,0,1,0,0,0,36,0,0,0,0,5,0,0,0,0,0,19,0,6,0,0,23,1,0,0,0,0,0,0,0,0,1,0,0,0,467,0,0,2,0,0,0,7,0,0,0,0,1,0,0,2,0,0,2,0,0,0,0,0,1,0,0,0,49,173,37,0,0,0,559,0,14,0,0,0,0
TCGA-DD-AADU_201,1.51780821917808,0,60,1,2,2,0,0,24,407,78,73,77,26,76,4,18,13,16,20,151,43,3,51,668,15,2725,7,67,17,7,9,12,10,11,128,34,207,36,77,21,180,16,2,756,440,0,17,9,0,5,16,11,24,17,57,0,83,19,3,31,30,0,28,127,38,9,263,0,23,0,12,803,0,69,67,1,43,203,217,0,153,489,111,31,8,0,109,25,9,0,7,474,6,162,39,57,559,3,362,42,1585,2,0,1,0,14,93,0,0,24,3,59,22,0,14,278,10,0,13,0,514,0,0,47,0,0,0,0,0,38,0,136,4,0,0,379,0,0,25,11,3,829,20,0,0,0,147,0,0,9,24,89,281,74,0,0,15,0,122,0,0,1,1,77,736,0,0,7,0,7,0,30,4,9,0,113,262,0,38,1223,0,0,82,1,0,171,7,0,0,0,25,1,2962,21,1,0,0,0,0,14,0,0,1788,4,0,1,291,0,0,1,0,0,1,26,0,0,14,0,0,11,0,0,0,0,100,21,18,505,0,0,0,0,5426,0,0,0,0,0,1,1,4,122,392,32,0,0,2,0,0,12,0,0,0,0,0,0,0,0,11,0,3,41,0,0,222,239,4,0,7,21,0,33,0,5,0,28,0,5,0,38,1,417,0,0,2,14,0,5,0,885,0,1,0,0,0,0,2,0,7,0,68,6,0,0,0,0,1,12,8,9,0,0,0,0,3,6,4,0,69,0,0,0,0,250,4215,46,0,57,0,0,0,33,41,0,0,0,4,5,0,0,0,4,0,0,0,94,0,0,0,0,0,0,0,0,0,0,2,0,0,0,0,0,12,0,31,0,8,0,0,10,8,68,6,0,16,79,0,0,2,0,0,0,8,0,0,0,7,0,0,276,0,0,1,0,0,0,0,293,30,0,26,7,0,0,3,2,0,6,0,5,0,0,0,8,0,1,0,0,0,0,0,0,0,296,0,0,0,1,2,0,15,103,0,0,0,0,4,0,0,0,0,0,1,0,0,0,0,6,0,0,0,1,0,0,0,0,0,0,0,0,0,0,0,0,0,0,1,0,0,0,0,0,0,0,0,0,0,0,24,0,0,0,0,0,27,0,0,0,0,0,0,0,0,0,0,1,0,0,0,0,0,0,0,0,0,0,0,11,0,0,0,0,0,0,0,0,0,0,0,2,6,0,0,13,75,0,0,0,0,140,0,0,0,0,0,0,4,0,0,0,0,0,0,0,0,0,0,24,0,0,0,0,31,0,0,0,219,0,0,12,0,0,0,0,0,0,0,0,0,0,34,0,0,0,0,0,44,0,25,0,0,9,1,0,0,0,1,6,0,0,0,6,0,0,0,481,39,0,0,0,0,4,5,0,0,1,0,0,0,0,0,0,0,0,0,0,56,0,0,2,0,0,0,2,0,0,54,0,15,549,0,265,0,3,5,0
TCGA-DD-AADV_202,1.57260273972603,0,50,1,1,1,0,0,736,113,122,299,73,54,28,28,49,26,21,44,138,65,6,34,291,24,143,1282,58,34,10,6,20,23,8,65,24,339,136,45,20,163,17,9,329,177,44,25,33,0,8,18,93,3,230,124,0,86,30,12,44,58,4,19,44,81,10,144,0,23,1,7,94,0,37,60,7,43,50,379,0,213,392,309,21,4,0,32,33,6,1,23,246,2,119,90,25,153,3,590,55,52,8,0,21,0,20,56,0,5,40,2,32,50,24,10,118,83,0,24,0,207,0,0,296,0,1,0,8,3,56,7,120,20,1,6,182,0,0,30,0,4,412,11,3,2,0,61,1,6,5,21,163,91,162,0,0,14,1,33,0,0,0,0,160,433,3,9,10,0,4,1,15,6,2,0,99,27,4,18,856,0,0,447,0,0,45,39,4,268,0,181,1,3835,0,1,0,20,0,4,20,0,0,2175,29,0,0,358,1,0,0,0,0,2,252,0,0,16,0,0,89,8,2,116,0,1902,25,46,756,2,0,0,0,2962,25,0,0,0,0,3,3,145,78,62,497,0,4,1,0,0,12,0,0,0,0,0,0,0,0,2,0,5,73,4,0,161,195,2,1,0,4,0,17,2,32,0,4,4,2,0,1788,22,829,0,0,6,6,0,2,0,453,0,0,0,0,55,0,53,0,6,0,57,3,0,0,0,0,2,4,0,2,0,0,0,1,8,211,2,0,6,7,0,18,0,160,569,41,0,36,0,0,0,50,4,0,0,0,10,2,0,0,0,5,0,0,0,489,0,0,0,0,0,0,12,0,10,0,0,0,0,0,0,2,10,0,28,1,0,0,0,1,199,14,7,1,6,1113,0,0,70,0,0,0,0,0,0,0,3,0,0,188,20,0,7,0,0,0,0,19,1166,0,208,0,0,0,1,62,0,24,0,84,0,0,7,4,0,0,0,0,0,0,0,0,0,64,0,0,0,0,0,0,0,0,0,0,0,0,0,0,1,5,1,0,37,0,1,0,12,0,0,0,0,0,0,1,0,0,2,0,0,0,0,0,0,0,0,0,11,0,0,0,0,0,0,0,1,2,0,0,8,0,10,0,2,0,6,0,0,0,0,1,0,0,17,0,49,4,18,0,16,0,0,0,0,0,0,0,4,0,0,0,0,0,0,0,1,0,0,0,0,31,0,0,0,0,43,1,0,0,0,9,0,0,0,0,0,0,0,0,0,0,0,0,0,0,0,0,0,10,4,0,0,1,1,0,0,22,42,0,4,0,0,0,0,0,0,8,0,0,0,0,31,0,0,0,0,0,10,0,0,0,0,174,0,0,0,0,0,0,0,0,0,11,0,1,0,112,0,1,6,0,0,0,0,0,0,0,15,74,0,0,0,0,0,5,0,0,6,0,0,0,0,0,0,69,5,0,0,0,0,156,0,6,9,0,0,0
TCGA-DD-AADW_203,1.60821917808219,0,48,1,1,1,0,0,0,0,21,0,0,8,0,1,1,0,3,5,7,5,2,1,50,2,112,1,2,2,0,0,0,0,0,2,0,80,19,0,0,11,0,0,7,24,19,14,12,1,0,1,0,0,107,18,1,5,3,0,8,19,10,3,0,6,2,0,4,0,1,0,41,17,3,23,0,0,19,71,1,17,193,6,0,0,1,0,1,0,2,1,36,1,55,0,11,10,36,1902,6,0,13,0,4,0,1,31,1,12,0,0,0,0,0,0,6,3,0,9,0,18,7,1,38,4,0,4,9,6,64,11,90,11,4,4,10,0,3,0,0,0,90,0,16,0,0,84,1,6,0,3,3,14,11,0,36,1,3,0,5,0,0,0,58,8,4,0,1,1,0,0,0,4,0,0,30,0,0,9,151,1,0,370,0,2,42,10,0,0,1,58,0,602,0,0,3,1,2,6,0,0,0,402,0,0,1,88,3,0,0,3,0,0,14,1,0,3,0,0,6,41,0,0,4,433,0,0,313,0,0,2,0,3835,0,0,0,12,0,1,1,13,6,173,16,0,2,0,0,16,9,1,0,0,7,0,0,0,2,0,0,0,153,0,0,32,164,4,0,0,0,0,190,0,24,0,8,8,0,0,111,0,412,0,0,0,0,0,0,16,29,0,0,0,0,11,0,64,0,0,24,0,83,0,2,0,0,0,0,0,0,1,0,136,0,0,113,0,3,0,10,8,0,4,41,3,1,0,0,0,0,3,42,0,0,4,0,0,0,2,0,0,0,4,61,3,20,0,4,0,0,0,0,0,0,6,0,0,0,0,0,0,0,51,0,0,0,0,0,0,0,55,0,0,0,2,0,0,0,0,0,0,3,0,0,0,0,1,0,0,36,0,0,4,0,0,0,0,7,74,4,203,0,0,0,0,58,0,0,0,9,0,1,0,0,0,0,0,0,0,0,14,0,0,34,0,0,0,0,0,0,0,1,8,0,0,0,0,0,0,18,3,0,57,0,11,2,35,0,0,0,0,0,0,0,0,0,9,0,0,82,0,0,0,6,0,6,0,0,0,0,0,0,0,8,0,0,0,0,11,0,0,2,0,0,0,0,0,0,0,16,0,0,135,0,0,3,2,124,0,0,0,0,0,0,50,0,0,0,0,2,0,0,0,0,0,0,0,0,0,0,0,0,0,1,14,0,0,0,0,0,0,70,0,0,0,0,0,3,8,0,0,0,0,0,0,4,0,0,0,0,0,1,0,0,0,11,150,0,4,0,0,0,0,0,0,0,0,0,4,0,0,0,5,0,0,0,0,0,0,0,0,1495,0,0,3,0,3,0,0,0,0,0,0,0,0,0,0,0,0,0,0,0,0,263,12,0,6,0,0,0,0,0,0,0,0,2,0,0,0,2,0,0,0,0,0,1,2,0,0,0,0,0,0,0,0,2
TCGA-DD-AADY_204,1.52054794520548,0,55,0,1,1,0,0,332,0,107,185,29,36,2,15,21,42,39,28,92,33,2,8,142,7,48,72,50,25,13,4,0,1,12,8,0,281,505,0,21,57,4,0,1,379,44,48,22,0,1,0,2,5,165,265,0,28,8,0,17,18,0,11,4,29,20,193,0,28,0,0,296,0,8,60,5,25,101,114,0,148,467,47,15,1,0,33,14,0,0,1,37,8,236,0,12,71,3,235,32,0,5,0,30,0,10,49,0,4,23,0,36,11,0,6,140,0,0,33,1,52,0,0,262,2,0,0,15,1,87,1,0,36,0,0,0,0,0,34,0,1,171,6,0,0,0,56,0,1,0,36,139,270,27,0,0,2,0,0,5,0,0,0,82,459,3,0,19,0,0,0,0,3,6,0,194,56,6,16,117,0,0,653,3,0,87,2,6,12,0,208,0,9068,0,0,0,13,0,0,15,0,0,128,0,0,0,117,0,0,3,0,0,0,106,0,0,19,0,0,13,8,0,18,0,1113,1,2,779,0,0,0,0,2342,1,0,0,1,0,14,0,72,20,77,0,0,0,4,0,22,6,0,0,0,0,0,0,0,1,10,0,0,856,0,0,37,196,10,0,0,0,0,0,0,108,0,11,6,0,0,1902,0,1071,0,0,1,0,0,9,23,172,0,0,0,0,4,0,268,0,8,0,5,17,0,0,0,0,2,0,0,2,0,0,0,0,1,346,0,0,1,122,0,2,0,387,350,0,0,0,0,0,0,0,0,0,6,0,0,4,0,0,0,0,0,10,0,92,0,5,0,0,0,0,0,0,24,0,0,0,1,0,0,0,22,0,26,0,0,0,0,0,233,33,0,0,14,1,0,0,15,0,0,3,1,0,0,0,0,0,0,78,39,0,0,0,0,0,0,12,0,0,42,0,0,0,0,27,0,0,0,58,0,0,0,1,0,0,0,0,0,0,0,0,0,302,0,0,0,0,0,0,0,0,0,0,0,0,0,0,0,27,7,0,215,0,21,0,44,0,0,0,0,0,0,0,0,0,0,0,0,12,0,0,1,0,0,0,0,0,0,0,0,0,0,11,0,1,0,0,0,0,0,0,0,0,0,0,0,0,0,6,0,0,29,0,0,0,0,23,2,0,0,0,0,6,4,0,0,0,0,0,0,0,0,0,0,0,0,0,0,0,0,0,0,0,0,8,0,0,0,0,0,0,0,0,0,0,0,0,4,0,0,0,0,0,0,9,0,14,0,0,0,0,0,0,0,0,0,0,73,0,0,0,0,0,0,0,0,0,4,0,1,0,8,0,15,0,0,0,1,0,0,112,0,0,0,0,0,0,0,0,0,0,0,0,0,0,0,0,0,0,0,0,0,0,8,0,12,0,0,0,0,0,0,304,0,0,0,0,0,4,0,0,0,0,0,0,0,0,1,0,0,0,4,0,0,0
TCGA-DD-AAE0_205,1.52054794520548,0,45,0,3,3,0,0,0,0,4,0,0,0,0,0,0,0,0,1,0,4,0,0,29,0,4,0,0,0,0,0,0,0,0,3,0,0,20,0,0,4,0,1,6,4,3,0,1,7,0,0,0,0,23,0,6,0,0,0,0,0,18,0,0,1,0,0,8,0,12,0,1,2,0,2,0,0,8,10,5,0,14,0,0,0,5,0,0,0,4,0,4,0,13,0,3,3,16,9068,0,6,47,3,0,0,0,11,3,34,0,0,0,9,0,0,2,0,0,3,6,0,14,2,11,8,0,6,0,19,0,10,1,0,8,10,14,0,6,0,0,0,8,0,14,3,0,9,4,8,0,0,1,1,0,3,25,1,3,0,11,0,0,0,11,40,10,0,0,2,0,6,0,73,0,0,0,0,0,3,89,0,0,28,17,8,1,0,1,0,1,4,0,48,0,0,6,0,0,6,0,0,0,86,0,0,7,2,19,0,0,2,0,0,1,1,0,0,0,0,2,22,0,1,1,43,0,0,87,0,0,5,0,392,0,0,0,6,2,0,0,7,0,3,0,2,1,0,1,33,0,0,0,0,4,0,8,10,2,0,29,0,0,16,0,0,20,0,1,0,0,0,1025,3,0,0,0,2,0,0,24,0,164,0,5,0,0,0,0,10,7,0,0,0,0,12,2,0,0,0,0,1,60,0,0,0,1,0,0,0,0,3,0,233,0,0,5,0,0,0,1,52,0,18,3,20,71,6,0,0,0,4,2,0,0,1,0,0,0,2,5,0,0,2,84,1,1,0,7,4,4,0,0,0,0,1,0,8,0,0,0,6,0,10,0,0,1,0,0,0,0,13,0,0,0,0,0,0,15,0,0,0,3,0,0,12,0,0,0,0,19,0,0,0,0,0,1,4,2,3,7,3,0,0,0,0,0,0,0,0,4,0,4,0,0,1,0,0,0,0,0,32,0,0,2,0,1,0,0,0,0,0,11,8,0,2,0,0,0,0,11,3,11,0,0,5,0,0,0,0,0,0,0,5,0,0,0,21,0,0,2,0,10,12,38,0,0,0,0,0,0,0,10,0,65,0,0,1,0,0,0,0,0,0,0,1,0,0,0,0,113,0,0,31,0,0,0,0,223,0,0,0,0,0,20,48,0,0,0,0,4,0,0,0,0,0,0,0,0,0,0,0,0,0,0,0,0,0,0,0,0,0,8,0,0,0,5,0,0,12,0,0,0,0,0,0,19,0,0,0,0,0,0,0,0,0,6,91,0,0,0,0,0,0,6,0,0,0,0,2,0,0,5,8,245,0,0,0,0,0,0,0,505,0,0,42,7,40,0,0,0,0,0,0,0,0,15,0,0,0,0,0,0,0,4,15,0,1,0,0,0,0,0,0,291,0,32,0,0,0,7,0,0,0,0,0,0,0,0,0,31,0,0,0,0,0,0
TCGA-DD-AAE1_206,1.51232876712329,0,52,1,1,1,0,0,4,1,39,3,4,22,8,6,7,12,6,21,28,19,0,9,112,1,6,0,38,9,2,0,2,0,4,11,6,10,33,6,0,16,0,0,51,0,59,2,11,7,1,11,5,0,50,70,0,3,6,1,15,12,2,8,9,10,7,0,0,20,1,4,29,0,11,63,0,5,22,163,0,50,383,39,16,0,0,0,27,1,0,8,19,0,53,14,47,59,5,354,28,0,4,0,5,0,0,103,0,3,19,0,0,6,0,14,73,8,0,21,0,34,16,0,39,0,0,9,2,0,25,2,302,0,0,0,235,0,0,12,0,0,829,4,1,0,0,73,0,1,0,46,67,109,18,0,0,8,0,4,0,0,0,0,115,13,0,3,2,0,0,1,0,4,5,0,15,92,0,15,274,0,0,602,49,14,81,33,0,0,0,73,0,1495,7,0,0,8,0,0,5,0,0,2342,0,0,0,283,0,0,0,0,0,0,55,1,0,3,0,0,66,4,0,16,0,885,16,16,579,5,0,1,0,2530,0,0,0,0,1,0,5,105,1,25,238,0,0,0,0,0,9,0,0,0,0,0,0,10,0,4,0,0,19,8,0,110,183,0,1,0,0,0,46,0,55,0,1,2,1,0,915,14,417,0,0,0,0,0,4,0,4,0,0,0,0,3,0,4,0,5,0,97,23,0,0,0,1,2,0,4,0,0,0,514,0,0,262,0,0,0,6,0,0,2,286,342,118,0,11,0,0,54,0,0,0,5,0,0,0,0,0,0,7,0,133,10,319,0,0,0,0,0,0,0,0,0,0,0,0,0,0,0,4,19,0,0,0,0,0,0,0,113,3,10,0,14,12,0,0,2,0,0,3,0,0,0,0,3,0,0,188,0,0,0,0,0,0,0,98,628,0,291,0,0,1,0,76,0,3,0,0,0,0,3,8,0,0,0,0,0,0,1,0,0,18,0,0,0,0,0,0,0,0,2,0,0,0,0,0,0,43,6,0,270,0,0,0,7,0,0,0,0,0,0,0,10,0,30,0,0,422,0,0,12,0,0,6,0,0,0,0,0,0,0,0,1,3,0,0,7,0,0,0,0,0,17,0,0,0,0,41,0,0,207,0,0,0,9,69,5,0,0,0,0,0,0,0,0,0,0,0,0,0,0,0,0,0,0,0,0,11,0,2,0,8,48,2,1,0,0,7,0,0,1,0,2,2,0,0,0,0,0,0,0,0,0,3,0,24,0,0,0,0,0,0,0,0,2,0,20,0,0,0,0,0,0,0,0,0,0,0,4,0,1,0,0,0,9,0,0,0,0,1585,0,0,10,0,0,0,0,0,0,9,0,0,0,50,0,0,0,0,0,0,1,27,1,0,0,40,0,0,0,0,0,54,0,0,0,0,0,0,0,0,0,0,0,101,0,1,4,10,0,0,0,0,0,0
TCGA-DD-AAE2_207,1.74794520547945,0,51,1,1,1,0,0,128,217,216,179,113,40,49,91,50,76,44,44,140,140,15,68,531,19,387,422,133,36,12,13,53,6,16,119,85,779,241,58,43,322,22,25,106,459,157,21,36,0,72,17,246,5,77,59,0,25,6,47,22,94,1,54,113,88,45,24,0,21,0,17,201,0,42,374,10,42,120,220,0,203,440,684,9,9,0,96,27,14,0,31,668,2,147,109,48,453,0,272,39,1113,6,0,44,0,0,101,0,2,37,11,5,137,12,5,177,142,3,41,0,402,0,0,222,0,2,1,75,1,154,0,278,26,0,3,856,0,0,37,6,2,579,17,2,0,0,70,0,1,2,35,85,151,64,0,0,9,0,19,0,0,11,1,138,559,0,9,22,0,3,0,13,4,6,0,67,47,7,45,1680,0,0,549,0,0,78,41,6,55,0,207,9,2342,0,3,0,23,0,0,8,0,0,1025,41,0,0,540,0,0,0,0,0,0,171,1,8,13,0,0,8,7,2,183,0,6589,18,7,433,2,0,0,2,4215,70,0,0,0,0,3,2,288,98,205,33,0,0,0,0,0,16,0,0,0,0,0,0,0,0,6,0,1,138,0,3,137,236,3,0,3,9,0,0,0,72,0,13,0,31,1,1585,299,1495,0,0,0,15,0,22,0,342,0,1,0,0,239,0,104,1,8,0,77,0,0,0,0,0,2,28,1,8,0,0,2,0,10,145,16,0,1,49,0,34,0,81,718,736,0,122,12,0,0,49,27,2,1,0,9,0,0,0,1,18,0,0,0,223,0,0,0,0,0,0,41,0,16,0,0,0,0,0,0,0,7,1,0,0,0,0,0,6,200,39,22,3,16,628,0,0,0,0,0,0,5,0,0,0,7,0,0,263,85,0,5,0,0,0,0,18,829,0,354,0,0,0,1,215,0,36,0,569,0,0,5,12,0,0,0,0,4,0,0,0,0,13,1,0,0,0,0,0,0,0,0,0,0,0,1,0,38,6,25,0,32,0,0,0,55,0,0,0,1,2,0,0,0,0,0,0,2,0,0,0,0,0,0,0,296,0,0,0,0,0,0,0,3,13,0,0,38,0,10,0,0,0,24,0,0,0,4,0,0,0,91,0,756,1,25,0,18,0,0,0,0,0,1,0,0,0,0,0,0,0,0,0,0,0,0,0,0,370,1,0,0,0,14,4,2,2,0,30,0,0,0,0,0,30,0,0,0,0,0,0,4,0,0,0,12,105,4,0,0,2,0,0,4,150,8,2,31,0,2,0,7,0,0,26,0,0,0,0,49,0,0,0,0,0,19,0,0,1,0,5,0,0,0,0,0,0,0,0,0,24,0,0,0,194,15,3,0,0,0,0,3,0,0,0,31,0,0,0,0,0,0,16,0,0,5,0,0,0,0,0,0,0,67,0,0,114,15,505,0,58,25,0,0,58
TCGA-DD-AAE3_208,1.55068493150685,0,50,1,1,1,0,0,322,108,159,590,125,67,18,28,26,86,44,32,128,78,4,63,701,21,223,915,55,47,9,5,14,12,22,57,12,350,245,47,101,122,11,16,668,53,43,43,28,0,9,9,7,6,274,149,0,13,15,9,54,230,0,18,116,45,18,52,0,27,0,10,236,0,85,56,5,31,91,168,0,293,281,145,56,6,0,130,31,14,0,22,111,0,123,43,8,288,6,407,68,2027,0,0,15,0,16,133,0,0,26,14,14,239,11,8,514,64,0,37,0,145,0,0,81,0,1,0,8,0,70,0,176,6,0,0,779,0,0,43,14,11,257,30,0,0,0,112,0,0,6,19,22,153,100,0,0,31,0,16,0,0,0,3,412,228,0,11,2,0,0,0,13,1,2,0,78,105,4,201,2530,0,0,579,0,0,67,18,4,12,0,29,13,3835,8,1,0,23,0,0,42,0,0,5426,4,0,0,152,0,0,1,0,0,2,21,0,4,8,0,0,20,0,9,16,0,985,56,15,684,6,3,0,0,4215,21,1,0,0,0,3,1,265,85,422,124,0,0,6,0,0,4,0,0,0,0,0,0,0,0,17,0,1,65,0,0,97,203,10,0,2,6,0,75,0,22,0,10,0,5,0,641,46,549,0,0,3,58,0,8,0,829,0,3,0,0,77,0,70,2,10,0,34,0,0,0,0,0,1,11,2,0,0,0,0,8,4,379,4,0,16,7,0,7,0,313,756,49,0,65,3,0,0,48,63,0,6,2,8,5,0,0,0,1,0,0,0,105,0,1,0,0,0,0,21,0,10,0,0,0,0,0,0,2,3,0,19,0,8,1,0,7,144,29,4,0,7,215,0,0,29,0,0,2,0,0,0,0,7,0,0,540,72,0,10,0,0,0,0,137,1680,0,233,0,0,0,1,61,0,59,0,140,0,0,3,38,0,0,0,0,0,0,0,0,0,161,0,0,0,0,0,3,0,0,0,0,0,0,5,0,46,0,3,0,34,0,0,0,12,0,0,0,0,0,0,0,0,0,0,0,2,0,0,0,8,0,0,0,3,2,0,0,0,0,0,0,1,50,0,0,3,0,1,0,0,0,0,0,0,0,4,0,0,0,1,0,68,5,74,0,0,0,0,0,0,0,2,0,0,5,0,0,0,0,0,0,0,0,4,0,6,4,1,2,5,5,94,4,0,0,0,69,0,0,0,0,0,0,0,0,0,0,0,0,0,0,0,0,0,111,0,0,0,0,4,0,0,11,1,0,7,1,0,0,0,0,0,41,0,0,0,0,2,0,0,0,0,0,26,0,15,0,0,9,3,0,0,0,0,0,0,0,0,0,0,0,0,531,1,0,6,2,0,0,2,0,0,0,5,2,0,0,0,0,0,1,0,0,10,3,0,0,0,0,0,0,34,0,22,51,12,339,0,505,3,0,0,10
TCGA-DD-AAE4_209,1.66575342465753,0,49,0,1,1,0,0,192,149,150,122,95,50,25,40,64,27,15,36,62,85,2,31,579,21,211,915,43,15,3,8,15,22,15,31,72,288,225,71,31,197,12,56,383,180,51,80,24,0,13,11,250,5,71,85,0,30,7,10,59,82,2,24,41,128,20,108,0,33,0,6,102,0,105,111,6,20,113,245,2,167,590,96,37,6,1,66,22,14,2,8,829,0,116,71,7,270,3,1223,36,286,7,0,32,0,19,65,0,5,36,10,64,84,34,8,417,105,0,44,0,402,0,0,253,0,1,0,10,3,146,7,200,2,2,4,514,0,0,25,2,5,191,24,7,0,0,52,0,1,1,32,187,140,36,0,0,35,1,30,0,0,0,2,76,736,2,30,5,0,10,0,8,19,0,0,33,41,0,121,2530,0,0,497,0,0,37,57,20,549,0,153,13,2725,13,3,0,36,0,1,33,0,0,3192,26,0,0,220,4,2,0,0,0,2,307,2,6,9,0,0,51,4,1,189,0,1585,7,4,641,2,0,2,0,9068,40,0,0,0,0,9,1,226,13,104,141,0,0,1,1,1,3,0,0,0,1,0,0,0,0,3,0,1,52,0,2,67,90,30,1,2,8,0,0,0,17,0,9,1,17,0,856,82,374,0,0,4,2,0,5,0,168,0,0,0,0,50,0,67,2,14,0,117,0,0,0,0,0,0,2,2,0,0,0,1,3,12,106,2,0,0,7,0,61,0,614,222,4215,6,54,5,0,0,46,7,0,0,0,58,0,0,0,0,53,0,0,0,316,0,0,0,0,0,0,39,0,27,0,0,0,0,0,0,6,51,0,2,0,1,0,0,6,177,0,26,1,0,885,0,0,335,0,0,0,0,0,0,0,10,0,0,293,34,0,8,0,0,0,0,53,949,0,36,0,0,1,0,44,0,38,0,201,0,0,2,18,0,2,0,0,4,0,0,0,0,62,2,0,0,0,0,0,0,0,0,0,0,0,0,0,0,1,5,0,44,0,0,0,27,0,0,0,0,0,0,1,0,0,0,0,0,0,0,0,1,0,0,0,15,0,0,0,0,0,0,0,7,7,0,0,0,0,12,0,1,0,18,0,4,0,2,0,0,0,3,0,149,0,7,0,16,0,0,0,0,0,0,0,0,0,1,0,0,0,0,0,1,0,0,0,0,40,0,1,0,0,14,9,0,0,0,47,0,0,0,0,0,162,0,0,0,0,0,0,0,0,0,0,0,2,2,0,0,13,0,0,1,241,0,3,22,0,0,0,0,0,0,15,0,0,0,0,12,0,0,0,0,0,18,0,0,2,0,2,0,0,0,0,0,0,0,0,0,3,0,0,0,7,0,0,0,0,0,0,0,0,0,0,20,4,0,0,0,0,0,5,0,0,0,0,0,0,0,0,0,0,0,10,0,1,23,2,0,3,14,0,0,15
TCGA-DD-AAE6_210,0.386301369863014,0,59,0,1,1,0,0,15,10,239,21,28,26,18,6,53,5,2,41,32,35,2,31,522,44,3,10,25,12,0,1,11,27,11,63,19,53,37,0,23,55,0,1,358,220,81,25,33,0,36,12,1,9,250,193,0,14,5,0,71,0,29,5,117,60,12,14,0,18,2,0,3,0,26,141,0,17,7,291,5,109,459,158,70,0,2,14,31,11,3,7,20,0,142,22,9,16,0,78,31,34,24,0,12,2,5,168,1,38,16,1,5,34,3,12,47,54,2,15,0,0,3,0,75,5,0,14,2,9,0,17,0,0,9,8,19,0,6,33,0,2,718,15,12,5,0,412,1,5,2,22,62,93,50,2,0,9,1,6,3,0,0,1,75,0,4,16,4,2,0,2,5,36,0,0,15,100,3,10,86,0,0,1071,3,0,125,11,14,199,0,77,0,4215,7,3,2,8,0,4,0,0,0,1495,2,0,3,236,7,0,3,0,0,1,127,4,0,10,0,0,65,31,1,44,0,3192,6,26,48,6,0,4,0,2725,2,0,2,0,0,4,2,440,169,3,701,0,7,0,0,1,7,0,0,0,5,0,0,3,6,7,0,0,88,2,2,25,316,2,10,0,0,0,0,0,21,0,0,3,0,0,132,1,433,0,0,0,19,0,1,22,0,0,0,0,0,5,0,35,0,7,3,0,8,0,1,0,1,1,0,0,0,0,0,0,2,1,205,0,0,6,0,0,0,0,276,238,2,0,20,0,0,16,27,0,0,0,0,0,0,0,0,0,2,0,6,12,217,0,7,0,0,0,0,2,0,24,0,0,0,0,0,0,0,8,0,1,2,1,0,0,0,21,3,8,0,9,0,0,0,1,0,0,4,0,0,0,0,3,0,0,11,0,0,6,0,0,0,2,0,2027,0,119,0,0,0,0,3,0,37,1,0,0,0,0,0,0,0,0,0,0,0,0,0,0,76,0,0,0,0,0,0,0,0,0,0,0,0,0,0,0,16,6,0,111,0,3,0,1,16,0,0,0,0,0,0,164,0,2,0,0,178,0,0,5,0,0,4,1,0,0,0,0,0,0,0,0,1,0,0,18,0,0,0,1,0,0,0,0,0,0,0,0,0,97,0,0,3,0,0,3,0,0,0,0,157,0,0,0,0,0,0,0,0,0,0,0,0,0,0,0,0,0,0,0,0,6,29,0,0,0,0,0,0,2,0,0,0,1,0,0,0,0,0,0,1,0,0,0,4,0,0,1,0,0,0,0,0,0,0,46,0,0,0,0,0,0,0,0,0,0,0,69,0,7,0,0,0,30,0,3,0,0,1788,0,0,0,0,3,0,0,0,0,0,0,0,0,7,0,0,0,0,0,0,0,0,6,0,0,0,0,0,0,0,0,2,0,0,0,0,0,0,0,0,0,0,0,0,1,0,0,11,0,0,0,0,0,0
TCGA-DD-AAE7_211,1.76438356164384,0,72,1,1,1,0,0,474,114,105,84,54,35,24,46,41,40,8,44,96,143,2,45,243,17,112,590,103,22,3,9,15,5,15,125,110,307,162,67,68,93,16,24,185,559,46,22,52,0,15,22,129,9,383,66,0,46,8,14,33,140,0,20,14,99,8,177,0,16,0,18,134,0,27,253,5,27,75,497,0,199,392,248,64,2,0,62,24,8,0,14,114,0,112,30,33,481,1,522,48,316,0,0,17,0,25,70,0,0,31,5,48,213,18,20,39,32,1,15,0,293,0,0,168,0,1,0,12,0,64,0,205,6,0,0,255,0,0,24,0,1,111,7,0,0,0,92,0,0,0,16,274,157,44,0,1,34,0,17,0,0,0,1,121,540,0,14,5,0,2,0,3,0,4,0,36,8,4,153,1788,0,0,350,0,0,38,74,16,151,0,183,2,1495,2,1,0,39,0,0,30,0,0,1071,2,0,0,302,0,0,0,0,0,0,91,0,0,9,0,0,38,0,1,79,0,803,11,5,1223,1,0,0,0,2530,55,0,0,0,0,40,3,188,35,87,135,0,0,0,0,3,4,0,0,0,0,0,0,0,0,10,0,9,83,2,0,113,179,6,0,1,3,0,29,0,22,0,1,0,11,1,1680,97,459,0,0,4,0,0,13,0,467,0,1,0,0,31,0,97,2,21,0,225,3,0,0,0,0,0,3,0,0,0,0,2,0,2,127,0,0,11,11,0,11,0,236,453,233,0,21,2,0,0,70,8,0,0,0,7,0,0,0,0,6,0,1,0,342,0,0,0,0,0,0,6,0,7,0,0,0,0,0,0,4,10,0,18,0,0,0,0,10,61,51,35,0,15,8,0,0,207,0,0,1,0,0,0,0,2,0,0,422,8,0,4,0,0,0,0,7,949,0,42,0,0,0,0,47,0,24,0,13,0,1,7,17,0,0,0,0,0,0,0,0,0,235,0,0,0,0,0,0,0,0,0,0,0,0,0,0,0,0,0,0,107,0,0,0,44,0,0,0,0,0,0,0,0,0,3,0,0,4,0,0,0,0,0,0,14,0,0,0,0,0,1,0,15,5,0,0,10,0,2,0,0,0,3,0,0,0,0,8,0,0,40,0,40,1,2,0,1,0,0,0,0,0,0,0,2,3,0,0,0,0,0,0,0,0,0,0,0,231,0,0,13,0,6,2,0,0,0,440,0,0,0,0,0,6,0,5,1,0,0,0,0,0,0,0,0,309,0,0,0,16,1,0,0,117,41,0,11,0,0,0,0,0,0,11,0,0,0,0,8,0,0,1,0,0,15,0,0,16,0,0,0,0,0,0,0,1,0,0,0,0,0,2,0,1348,0,0,32,0,0,0,0,0,0,0,36,2,0,0,4,0,0,222,0,0,0,0,0,0,0,0,0,83,1416,72,0,0,5,9068,0,0,6,0,0,0
TCGA-DD-AAE9_212,1.97808219178082,0,69,1,1,1,0,0,2,73,94,45,16,30,34,2,37,8,13,13,164,18,4,38,417,11,1680,21,99,13,15,18,15,2,9,63,22,239,18,40,35,100,24,5,407,291,8,17,16,0,2,24,0,16,17,61,0,25,63,0,11,0,4,13,36,50,4,50,0,21,0,9,559,0,41,49,2,20,87,274,1,188,309,16,45,9,0,91,17,7,0,8,48,0,64,13,94,366,0,236,17,2342,4,0,0,0,0,62,0,7,22,0,25,0,2,15,736,1,0,9,3,50,0,0,33,0,3,0,3,1,113,7,132,2,1,2,447,0,0,111,8,2,3835,8,1,0,0,134,0,4,16,17,144,57,64,0,0,15,0,44,0,0,0,3,46,668,0,1,1,0,3,0,0,4,19,0,131,113,0,32,1223,0,0,23,0,0,142,2,2,0,0,54,0,4752,14,2,0,7,0,0,100,0,0,1416,3,0,1,128,2,0,0,0,0,0,0,1,0,1,0,0,7,4,1,22,0,29,13,4,201,0,0,1,0,985,12,0,0,0,0,5,2,172,87,23,115,0,0,0,0,0,1,0,0,0,0,0,0,4,1,9,0,1,19,0,0,52,641,0,1,6,10,0,0,0,1,0,15,0,6,2,0,2,354,0,0,0,0,0,3,0,590,0,2,0,0,7,2,718,0,3,58,4,2,0,0,0,0,1,31,17,15,0,0,1,1,0,15,10,0,0,5,0,7,0,540,2175,1788,0,64,0,0,0,43,8,0,1,0,1,1,0,0,0,0,0,9,8,46,0,0,0,0,0,0,0,0,0,0,0,0,0,0,0,0,43,0,47,0,6,0,0,16,12,53,4,0,61,42,0,0,489,0,0,0,7,0,0,0,2,0,0,1,0,0,0,0,0,0,0,8,316,0,200,0,0,0,1,19,0,3,0,15,0,0,0,2,0,0,0,0,0,0,0,0,0,129,0,0,0,2,0,0,0,2530,2,0,0,0,1,0,0,0,2,0,0,0,3,0,120,0,0,16,0,2,0,0,0,0,0,0,0,0,0,0,19,0,0,0,0,0,0,0,0,2,2,0,0,0,0,0,93,0,6,0,0,0,11,0,2,0,0,9,0,0,33,0,0,3,10,0,0,8,0,0,0,0,0,0,0,1,0,0,0,0,0,0,0,0,0,0,0,88,1,6,0,0,13,0,1,0,0,1,0,0,0,0,0,29,5,0,15,0,0,0,4,0,0,0,0,0,0,0,0,0,0,1,0,3,50,0,0,10,0,0,0,0,0,0,9,0,0,0,78,1,0,0,0,0,2,0,39,0,0,49,0,0,0,0,19,7,0,0,0,10,0,0,0,2,81,6,87,0,0,1,0,0,0,4,0,4,0,0,0,0,0,16,0,0,46,0,0,0,0,0,0,100,0,0,38,0,0,2,0,19,0,6,4,0
TCGA-DD-AAEA_213,1.57534246575342,0,65,1,1,1,0,0,246,192,86,122,116,19,32,18,30,28,29,19,90,79,5,56,1223,22,379,718,37,24,6,2,7,31,10,30,148,226,89,24,60,35,7,11,701,342,46,27,22,1,52,18,205,4,325,75,0,82,16,1,20,60,19,18,100,48,21,17,0,8,0,6,120,0,118,183,2,7,34,216,2,75,684,522,37,0,0,17,15,16,0,11,95,4,102,60,17,101,2,949,33,428,16,0,8,0,10,197,0,20,22,4,11,31,10,4,130,50,1,3,0,58,0,0,81,2,0,1,7,4,59,8,21,9,4,5,628,0,2,42,0,1,1348,5,7,2,0,453,2,4,21,26,28,178,112,1,1,11,0,2,0,0,0,0,59,98,2,6,6,1,3,1,25,10,5,0,76,236,2,5,803,0,0,422,1,0,187,49,0,50,0,109,8,2342,3,1,2,10,0,2,0,0,0,3487,18,0,2,105,4,0,4,0,0,0,22,3,9,12,0,0,13,17,2,16,0,1902,73,10,402,1,0,4,0,4752,8,0,0,0,0,22,5,1,194,281,168,0,2,2,0,0,8,0,0,0,5,0,0,0,4,8,0,1,74,0,0,95,272,4,5,0,0,0,83,0,17,0,11,2,10,0,407,30,579,0,0,0,8,0,3,0,69,0,0,0,0,35,1,57,0,17,0,41,0,0,0,0,0,4,0,0,3,0,0,8,2,12,366,0,0,12,4,0,2,0,202,590,68,1,33,4,0,1,38,6,0,5,0,1,0,0,0,0,0,0,2,0,559,0,7,0,0,0,0,5,0,14,0,0,0,0,0,0,0,33,0,9,0,1,0,0,0,45,2,16,0,3,20,0,0,31,0,0,0,0,0,0,0,8,0,0,208,16,0,10,0,0,0,1,65,1788,0,265,0,0,0,2,43,0,17,0,75,0,1,0,1,0,0,0,0,0,0,1,0,0,78,0,0,0,0,0,0,0,0,0,0,0,0,2,0,1,0,16,0,19,0,1,0,0,4,0,0,0,0,0,0,7,0,0,0,0,440,0,0,0,0,0,0,233,0,0,0,3,0,0,0,0,5,0,0,10,0,0,0,1,0,4,0,0,0,0,0,0,0,34,21,6,1,10,0,2,0,0,0,0,72,0,0,3,0,0,0,0,0,0,0,0,0,0,1,0,16,1,0,0,0,268,0,0,0,0,15,0,0,0,0,0,3,1,0,0,0,0,0,0,0,0,0,24,5,0,0,1,0,0,0,0,2,4,0,3,2,0,0,0,0,0,19,0,0,0,0,60,0,0,0,0,0,10,0,1,0,0,362,0,0,0,0,0,0,0,0,0,0,0,0,0,88,0,7,1,0,0,0,0,15,2,0,0,16,0,0,0,0,0,2,0,0,0,0,0,0,0,0,0,10,0,0,4,3,2,19,0,0,0,0,0,0
TCGA-DD-AAEB_214,1.30958904109589,0,60,1,1,1,0,0,84,150,131,89,145,50,56,49,51,21,35,28,94,51,6,82,2027,15,829,133,99,20,13,14,39,23,11,50,65,161,134,145,63,358,36,41,779,379,16,30,9,0,13,15,225,17,162,83,0,136,28,29,12,94,0,20,87,64,17,24,0,14,0,4,579,0,70,36,9,12,146,164,0,188,856,44,35,21,0,83,26,37,0,3,915,0,105,48,22,447,1,514,39,3192,1,0,5,0,17,132,0,2,72,11,42,93,9,17,374,42,0,12,0,440,0,0,110,0,1,1,6,0,71,0,241,4,0,1,1902,0,0,55,12,15,417,12,0,0,0,265,0,0,4,43,248,168,55,0,0,24,0,34,0,0,3,8,159,2342,0,13,10,0,9,0,6,4,3,0,87,272,1,332,1495,0,0,226,0,0,67,27,14,0,0,41,7,2175,30,4,0,9,0,0,33,0,0,2725,6,0,0,236,0,0,1,0,0,0,96,0,4,13,0,0,19,0,10,33,0,985,7,12,549,1,1,0,0,9068,9,0,0,0,0,6,1,192,57,245,151,0,0,3,0,1,3,0,0,0,0,0,0,0,0,16,0,1,46,0,1,68,174,6,0,12,4,0,0,0,13,0,12,0,15,0,614,23,316,0,0,1,0,0,14,0,163,2,0,0,0,45,0,52,0,37,0,10,0,0,0,1,0,0,14,7,13,0,0,3,9,3,48,14,0,33,12,0,30,0,362,559,1025,1,51,1,0,0,75,0,0,14,0,43,6,0,0,0,4,0,0,0,101,0,0,0,0,0,0,0,0,12,0,0,0,1,0,0,4,35,0,4,0,12,0,0,5,73,7,52,0,2,202,0,0,177,0,0,0,0,0,0,0,14,0,0,736,5,0,3,0,0,0,0,141,354,0,148,2,0,0,11,43,0,3,0,11,0,0,4,18,0,1,0,0,1,0,0,4,0,259,0,0,0,0,6,0,12,0,0,0,0,0,18,0,0,0,0,0,13,0,0,0,60,4,0,0,0,0,0,0,0,0,0,0,0,0,0,0,0,0,0,0,67,0,0,0,0,0,0,0,0,4,0,0,0,0,5,0,0,0,9,0,0,0,0,2,0,0,0,0,0,13,25,0,11,0,0,0,0,0,0,0,0,0,0,0,0,0,0,0,0,0,0,2,0,325,0,0,0,0,32,0,0,1,0,286,0,0,0,0,0,62,1,0,0,0,0,3,7,0,0,0,0,35,0,0,0,12,16,0,0,0,0,3,2,0,0,2,0,0,0,7,0,0,0,0,8,0,0,0,0,0,8,0,19,0,0,15,0,0,0,0,7,0,0,0,0,4,0,0,0,253,22,4,200,2,0,6,0,0,0,0,0,0,0,0,0,0,0,1,0,0,0,0,0,5,0,0,0,1,2,54,76,0,0,252,0,307,0,2,4,19
TCGA-DD-AAED_215,2.09041095890411,0,51,1,1,1,0,0,22,1,28,40,11,3,2,1,6,19,3,8,18,12,0,9,94,0,3,13,8,1,2,0,12,3,6,6,14,54,71,0,12,109,2,0,3,19,1,10,7,4,0,4,3,9,97,7,0,15,4,0,7,6,0,12,39,9,0,18,0,5,2,4,30,0,25,43,0,10,6,160,0,19,192,27,7,2,0,97,13,8,0,4,134,1,49,13,8,22,33,1113,74,10,2,2,1,0,0,29,0,7,43,0,42,0,4,17,7,16,0,4,20,134,4,0,59,0,0,4,0,0,2,0,145,3,0,1,85,0,0,52,0,4,29,40,0,0,0,72,0,0,0,64,286,52,18,0,0,7,0,0,7,0,0,0,81,15,0,4,2,0,0,0,0,5,0,0,37,95,5,0,69,0,0,216,17,0,37,7,5,3,0,20,0,447,8,0,0,2,0,0,0,0,0,915,4,0,1,38,0,0,5,0,0,0,34,0,0,19,0,0,39,3,1,3,0,171,0,5,152,0,0,0,0,2175,0,0,0,0,0,4,10,245,33,21,56,0,0,0,0,8,14,0,0,0,0,0,0,4,0,2,0,1,75,101,0,85,113,0,0,0,2,2,8,3,24,0,0,0,0,0,1166,0,225,0,0,2,0,0,5,26,226,0,0,0,0,1,0,4,0,1,99,1,10,0,0,0,3,0,0,0,1,0,0,8,0,5,111,0,0,0,3,0,1,0,122,4,11,49,8,0,0,0,21,0,0,7,0,0,0,8,0,0,0,0,74,4,78,0,0,0,0,0,0,0,0,17,0,0,0,0,0,0,0,56,0,15,0,0,0,0,2,20,0,4,0,0,1,0,0,2,0,0,0,0,0,0,0,0,0,0,130,0,0,3,3,0,0,2,10,88,0,387,0,0,0,0,3,0,6,0,0,0,4,0,0,0,1,0,0,0,0,0,0,0,33,0,0,0,0,0,0,0,0,0,0,0,0,0,0,0,30,0,0,26,0,1,0,28,0,0,0,0,0,0,0,0,0,71,0,0,48,0,0,4,0,0,2,0,0,0,0,0,4,0,57,0,1,2,1,0,0,18,1,0,0,18,0,0,0,0,15,0,0,296,0,0,0,0,203,7,0,0,0,0,0,0,0,0,0,0,0,0,0,0,0,0,0,0,0,0,91,0,0,0,2,0,2,0,0,0,602,0,0,0,0,0,0,0,0,1,0,0,5,0,0,0,24,0,1348,1,0,4,0,0,0,0,0,17,0,5,0,0,0,0,0,0,1,0,0,0,0,1,0,0,0,0,0,19,0,4,0,0,47,0,0,157,15,12,0,0,0,0,3,6,0,0,2962,0,0,0,0,0,0,0,0,0,0,0,0,0,0,0,0,0,3835,0,0,0,0,0,0,99,0,0,16,1585,0,0,0,0,9068,0,0,0,0,0,0
TCGA-DD-AAEE_216,2.21917808219178,0,55,1,1,1,0,0,130,206,110,66,94,34,19,7,41,44,6,42,57,23,2,45,514,31,185,49,55,15,12,1,2,10,0,77,57,474,150,50,29,68,9,2,756,34,22,31,12,0,14,10,18,3,145,174,0,17,6,5,20,19,2,17,96,41,5,61,0,9,0,5,433,0,45,121,10,25,101,262,0,84,171,194,22,12,0,35,26,8,0,20,62,0,165,27,55,1166,5,579,41,417,4,0,1,0,12,60,0,5,4,2,31,5,3,9,65,14,0,20,4,668,0,0,41,0,0,0,1,2,17,5,220,4,0,2,2962,0,0,17,7,2,684,28,3,0,0,163,0,1,2,16,29,718,58,0,0,4,0,28,0,0,0,1,231,288,1,18,4,0,4,0,8,11,2,0,41,286,4,15,736,0,0,302,0,0,92,18,4,20,0,105,0,1680,2,0,0,25,0,0,0,0,0,915,8,0,2,140,0,0,0,0,0,1,79,1,1,6,0,0,14,10,3,7,0,803,21,24,278,3,0,1,0,6589,8,0,0,0,0,0,3,149,69,40,407,0,0,2,0,0,3,0,0,0,0,0,0,0,2,9,0,0,75,0,0,57,447,2,2,0,11,1,25,0,37,0,6,0,4,0,222,4,481,0,0,1,13,0,4,0,117,0,1,0,0,17,0,58,0,36,12,49,0,0,0,0,1,1,27,0,5,0,0,6,0,4,86,1,0,22,0,0,0,0,71,1585,23,0,97,2,0,0,42,5,0,2,0,2,4,0,0,0,0,0,3,1,143,0,0,0,0,0,0,0,0,11,0,0,0,0,0,0,0,137,0,14,0,8,0,0,6,6,219,4,0,122,238,0,0,2,0,0,0,16,0,0,0,9,0,0,653,1,0,4,0,0,0,0,200,1025,0,61,1,0,0,0,3,0,19,0,0,0,0,0,8,0,0,0,0,0,0,0,0,0,383,0,0,0,3,0,0,0,0,0,0,0,0,0,0,0,2,0,0,7,0,0,0,5,0,0,0,0,0,0,0,0,0,0,0,0,0,0,0,1,0,0,0,8,0,0,0,2,0,0,0,2,4,0,0,10,0,0,0,0,0,7,0,0,0,0,0,0,0,5,0,0,0,6,0,0,3,0,0,0,0,2,0,0,2,0,0,0,0,0,0,0,0,0,0,0,40,1,0,0,4,19,6,0,0,0,4,0,1,0,0,0,0,0,0,0,0,0,0,0,0,0,0,0,2,0,0,0,0,25,0,0,0,985,0,0,0,0,0,0,0,0,0,0,0,0,0,34,0,0,0,0,0,0,0,58,0,0,467,0,0,1,0,10,10,0,0,0,8,0,0,0,97,42,7,4,0,0,0,0,0,8,0,0,0,0,0,0,0,0,296,0,0,0,0,0,0,0,0,0,1,0,0,128,0,0,37,0,4,0,3,3,0
TCGA-DD-AAEG_217,1.96986301369863,0,59,0,1,1,0,0,109,10,35,32,17,22,32,2,65,13,14,28,85,168,0,10,84,1,99,21,65,19,2,4,2,2,4,23,14,162,157,12,22,105,14,2,422,105,120,71,18,0,4,3,1,1,245,34,0,39,5,9,74,75,0,24,17,27,11,374,0,7,0,0,29,0,15,114,10,48,238,182,0,147,92,151,60,2,0,130,14,2,0,17,37,1,59,20,10,196,3,459,41,62,9,0,5,0,25,57,0,3,1,5,55,8,2,5,59,2,0,10,3,3,4,0,190,1,0,0,9,0,37,2,54,6,0,2,93,0,0,77,0,2,417,7,0,0,0,69,0,0,1,10,43,83,91,0,0,23,0,18,0,0,0,0,13,856,2,6,6,0,1,0,0,7,0,0,65,13,0,55,3192,0,0,354,0,0,70,16,33,255,0,145,0,4752,0,1,0,44,0,0,19,0,0,1788,6,0,4,81,0,0,1,0,0,0,108,0,0,5,0,2,50,4,0,22,0,1416,2,10,350,0,0,0,0,9068,2,0,0,0,0,11,0,205,18,51,346,1,0,0,0,5,3,0,0,0,0,0,0,0,0,2,0,0,288,0,0,39,36,5,0,0,0,0,7,0,39,0,19,0,1,1,701,44,325,0,0,1,0,0,2,0,99,0,0,0,0,1,1,243,1,0,0,68,1,1,0,0,0,0,1,1,0,0,0,0,0,3,16,3,0,13,4,0,10,0,433,1025,668,0,18,0,0,0,40,4,0,3,0,1,0,0,0,0,0,0,5,9,268,0,4,0,0,0,0,0,0,24,0,0,0,0,0,0,20,132,0,36,0,4,0,0,4,30,0,14,0,15,128,0,0,87,0,0,1,0,0,0,0,2,0,0,85,6,0,1,2,0,0,0,0,259,0,183,0,0,0,1,33,0,25,0,1,0,0,0,1,0,0,1,0,0,0,0,0,1,215,0,1,0,0,0,0,0,0,0,0,0,0,0,0,0,2,11,0,90,1,2,0,24,0,0,0,0,0,0,0,9,0,2,0,0,1,0,0,2175,0,0,1,0,0,0,0,1,0,0,4,0,0,2,0,11,0,6,1,4,0,42,0,0,0,0,8,0,0,8,0,0,0,0,1,0,0,0,0,0,0,0,0,4,0,0,0,0,0,0,3,0,0,0,0,0,35,0,0,0,4,64,22,0,0,0,0,0,4,0,2,0,51,2,0,2,0,0,0,0,0,0,7,0,6,0,0,0,0,0,0,0,197,46,0,0,1,0,0,0,0,0,0,0,0,0,0,185,2,3,0,0,0,0,0,1,0,0,522,0,0,0,0,0,0,0,0,0,9,0,0,0,2,0,0,3,0,0,0,0,0,23,0,13,15,0,0,0,0,0,1348,0,0,0,0,0,0,0,0,0,43,0,8,0,2,0,0,0,0,19,0,0,0
TCGA-DD-AAEH_218,2.14794520547945,0,73,1,1,1,0,0,122,49,124,239,112,45,62,41,24,20,23,58,38,119,2,33,379,10,354,220,76,26,8,8,16,31,6,69,149,329,210,68,70,114,15,10,885,641,141,116,27,0,14,16,133,4,98,94,0,28,6,16,36,105,0,19,37,105,12,226,0,27,0,4,182,0,37,55,9,28,167,332,0,236,335,262,92,3,0,106,18,18,0,13,383,1,119,34,32,158,1,362,40,1071,3,0,8,0,24,143,0,6,41,1,20,103,18,16,188,154,0,24,0,104,0,0,196,0,0,0,8,1,200,2,166,9,0,2,1416,0,0,53,1,2,489,10,2,0,0,98,0,2,4,20,151,171,80,0,0,26,0,28,0,0,2,4,67,1495,0,9,9,0,0,0,5,6,6,0,85,94,0,43,718,0,0,392,0,0,78,22,11,83,0,117,2,3835,3,1,0,62,0,0,23,0,0,2530,8,0,0,156,0,0,2,0,0,0,283,0,2,12,0,0,157,4,0,109,0,3487,23,7,474,0,0,1,0,5426,42,0,0,0,0,24,1,293,24,96,433,0,0,0,0,1,5,0,0,0,0,0,0,0,0,5,0,0,296,0,0,57,138,5,0,0,13,0,0,0,12,0,37,0,23,0,856,25,481,0,0,6,10,0,0,0,514,0,0,0,0,110,0,230,1,6,0,35,7,0,0,0,0,1,12,2,5,0,0,2,2,7,121,0,0,0,15,0,25,0,459,350,102,0,39,6,0,0,27,6,0,1,0,7,0,0,0,2,0,0,5,0,304,0,0,0,0,0,0,6,0,35,0,0,0,0,0,0,11,1,0,22,0,7,0,0,4,3,51,6,0,8,985,0,0,73,0,0,0,0,0,0,0,0,0,0,313,15,0,24,0,0,0,0,31,2342,0,78,0,0,0,1,32,0,15,0,101,0,0,2,31,0,0,0,0,0,0,0,0,0,272,3,0,0,0,0,0,0,0,1,0,0,0,0,0,0,5,1,0,46,0,0,0,62,0,0,0,0,2,0,0,0,0,0,0,0,1,0,0,0,0,0,0,1,0,0,0,0,0,0,0,0,0,0,0,36,0,10,0,2,0,47,0,0,0,0,0,0,0,8,0,2,0,3,0,26,0,0,0,0,0,2,0,0,0,0,0,0,0,0,0,0,0,1,0,0,31,0,0,6,0,125,14,0,0,0,0,0,0,0,0,0,3,1,0,0,0,0,0,0,0,0,0,0,0,0,0,0,5,111,0,0,16,3,0,11,0,0,0,0,0,0,15,0,0,0,0,40,0,0,0,0,0,10,0,15,8,0,47,0,0,0,0,0,0,0,0,0,0,0,3,0,4,4,0,248,0,0,0,0,0,0,0,43,0,0,0,0,0,0,1,0,0,0,0,0,0,0,0,0,12,0,56,2,3,27,0,0,0,12,0,1,16
TCGA-DD-AAEI_219,4.19452054794521,0,72,1,1,1,0,0,155,134,100,166,45,19,28,34,29,35,30,39,99,87,10,81,207,13,319,1025,45,31,15,6,52,2,14,131,139,531,54,65,26,163,36,12,1223,265,70,11,17,1,17,35,281,4,208,136,0,24,8,15,21,53,2,13,57,54,20,36,0,15,0,7,185,0,103,143,13,43,28,293,1,178,252,47,48,5,1,54,35,6,2,15,1282,4,193,104,117,228,9,885,33,0,14,0,9,0,6,233,0,7,64,4,7,62,13,11,135,39,1,31,0,614,0,0,153,0,1,1,4,5,81,3,122,21,0,7,15,0,2,37,1,0,354,12,7,1,0,33,1,2,2,22,253,71,112,1,1,2,1,91,0,0,0,1,41,569,2,11,14,0,2,2,38,6,11,0,86,14,5,15,1166,0,0,299,0,0,99,74,7,73,0,109,2,2027,2,0,0,20,0,4,6,0,0,5426,44,0,4,370,2,0,1,0,0,1,6,1,0,8,0,0,23,4,0,126,0,949,58,1,559,1,0,1,0,3835,88,0,0,0,0,7,3,211,169,147,157,0,4,0,0,0,10,0,0,0,2,0,0,0,2,9,0,4,26,4,0,61,199,1,1,5,1,0,0,0,43,0,13,1,16,1,684,52,350,0,0,6,22,0,1,0,379,0,0,0,0,32,0,7,0,6,0,156,5,0,0,0,0,1,7,2,7,0,0,2,0,9,26,4,0,13,9,0,8,0,95,2175,856,0,76,0,0,0,56,6,0,0,0,3,0,0,0,0,2,0,11,0,579,0,0,0,0,0,1,1,0,24,0,0,0,0,0,0,6,8,0,8,0,1,0,0,12,162,8,0,1,11,283,0,0,20,0,0,0,0,0,0,0,11,0,0,192,14,0,1,0,0,0,0,19,362,0,60,0,0,0,0,65,0,0,0,133,0,0,5,3,0,0,0,0,0,0,0,0,0,18,0,0,0,0,0,0,0,0,0,0,0,0,2,0,0,0,10,0,75,0,0,0,21,0,0,0,0,18,0,0,0,0,0,0,0,0,0,0,0,1,0,0,201,0,0,0,3,0,0,0,18,7,0,0,138,0,0,0,0,0,70,0,0,0,0,11,0,0,6,0,32,0,33,0,0,0,0,0,0,4,0,0,0,0,0,0,0,0,4,0,0,0,0,0,0,195,4,0,0,0,440,0,0,0,0,0,0,0,0,0,0,13,6,0,0,0,0,0,5,0,0,0,4,2,0,0,0,0,0,0,0,173,779,0,25,0,0,0,0,0,0,0,0,0,0,0,90,0,0,0,0,0,0,0,1,0,0,71,0,0,0,0,0,2,0,0,0,25,0,0,0,2,0,4,0,0,0,0,0,0,0,0,0,15,0,0,0,0,0,0,0,0,19,0,0,0,0,0,0,116,0,11,0,0,0,2,0,0,0,0,3,0
TCGA-DD-AAEK_220,2.92328767123288,0,51,1,2,2,0,0,66,127,48,91,50,63,27,25,33,113,30,45,109,89,8,34,366,4,915,119,104,60,11,6,22,3,4,31,24,447,144,29,23,76,24,9,718,130,26,9,12,0,25,24,81,3,220,124,0,8,20,3,50,233,1,14,36,14,9,72,0,6,0,6,540,0,44,94,11,22,9,350,0,215,236,178,27,9,0,54,20,7,0,19,76,1,49,24,75,374,0,474,42,69,4,0,18,0,22,185,0,3,17,0,18,14,0,13,130,18,0,8,6,131,0,0,133,0,5,0,10,1,60,2,281,29,0,0,628,0,1,31,0,3,88,2,2,1,0,316,0,1,19,43,95,155,55,0,0,14,0,29,0,0,1,0,90,590,0,13,11,0,1,0,21,4,8,0,66,154,4,31,2342,0,0,216,0,0,169,31,5,1,0,53,0,2175,0,0,0,1,0,2,39,0,0,856,0,0,2,354,0,0,1,0,0,0,3,0,0,11,0,0,9,9,0,11,0,885,11,18,514,4,2,0,0,1113,10,0,0,0,0,7,3,161,37,263,291,0,0,13,0,0,9,0,0,0,1,0,0,0,0,7,0,0,61,0,0,302,579,0,0,0,0,0,95,1,19,0,5,0,10,0,701,2,522,0,0,6,26,0,5,0,226,0,0,0,0,25,0,205,0,2,0,28,1,0,0,0,0,1,0,0,3,0,0,0,5,1,159,7,0,2,4,0,0,0,182,1495,148,14,45,0,0,0,55,27,0,2,0,1,2,0,0,0,0,0,3,1,64,0,0,0,0,0,0,0,0,9,0,0,0,2,0,0,6,18,0,14,0,5,0,0,2,84,92,2,0,36,2,0,0,125,0,0,1,2,3,0,0,7,0,0,339,2,0,1,0,0,0,0,59,569,0,265,2,0,0,2,74,0,10,0,150,0,0,5,6,0,0,0,0,0,0,0,0,0,428,0,0,0,0,0,0,0,0,0,0,0,0,0,0,0,0,0,0,49,0,0,0,4,0,0,0,0,0,0,0,0,0,0,0,0,0,0,0,0,0,0,0,13,0,0,0,0,0,0,0,0,4,0,0,31,0,0,0,0,0,2,0,0,0,0,2,0,0,32,0,2,13,1,3,21,0,0,0,0,0,2,0,0,0,0,0,0,0,0,0,0,0,1,0,0,18,0,0,0,7,26,3,0,0,0,13,0,4,0,0,0,3,5,0,0,0,0,1,1,0,0,0,0,16,2,0,0,0,7,0,0,151,5,0,2,3,0,0,0,0,0,14,0,0,0,0,20,0,0,0,0,0,31,0,24,0,0,113,0,0,12,0,0,6,0,0,0,0,0,0,0,78,9,0,17,0,0,0,0,4,0,0,12,0,0,0,0,0,0,0,0,0,0,0,0,0,16,0,0,5,2,0,201,0,0,26,0,0,0,13,0,10
TCGA-DD-AAVP_221,7.53972602739726,0,48,1,1,1,0,0,14,283,37,53,62,14,76,29,36,28,15,2,77,15,2,13,579,19,602,49,40,21,9,9,1,5,1,42,40,90,71,81,22,350,12,0,1113,157,11,157,35,0,16,7,6,8,88,117,0,51,16,6,21,6,1,8,94,16,29,29,0,0,1,4,779,0,15,59,8,10,505,125,0,162,220,77,9,18,0,56,17,16,0,10,316,1,47,24,13,1025,3,736,12,6589,3,0,0,0,5,35,0,2,9,1,79,6,1,5,85,2,0,11,14,40,0,0,125,0,0,0,0,0,19,1,199,0,0,1,1166,0,0,75,13,14,614,19,0,0,0,174,0,0,0,27,44,154,9,0,0,19,0,7,0,0,0,1,201,1071,0,17,3,0,5,0,2,2,3,0,87,153,0,392,489,0,0,98,0,0,90,22,17,1,0,27,0,4752,1,0,0,27,0,0,12,0,0,180,0,0,0,141,0,0,0,0,0,0,7,0,0,3,0,0,9,2,1,17,0,153,8,7,163,0,0,0,0,3835,11,0,0,1,0,7,0,374,35,288,263,0,0,3,0,0,3,0,0,0,0,0,0,1,0,4,0,1,202,0,0,4,268,24,0,5,8,0,0,0,19,0,4,0,1,0,34,2,440,0,0,0,2,0,6,0,219,0,2,0,0,12,0,55,0,6,0,0,0,0,0,0,0,4,22,6,12,0,0,15,17,1,97,10,11,0,0,0,0,0,653,370,177,0,47,0,0,8,36,10,0,0,0,0,0,0,0,0,0,0,0,0,3,0,0,0,0,0,0,11,0,1,0,0,0,2,0,0,0,36,0,32,0,5,0,0,4,8,10,9,0,11,18,0,0,1,0,0,0,2,0,0,0,3,0,0,46,2,0,0,0,0,0,0,170,628,0,18,0,0,0,2,17,0,4,0,0,0,0,0,7,0,0,0,0,0,0,0,0,0,133,0,0,0,11,0,0,17,1416,1,0,0,0,2,0,0,7,5,0,0,0,2,0,114,18,0,8,0,1,0,0,0,0,0,0,0,1,0,0,5,0,0,0,127,35,0,0,0,0,4,0,1,0,0,0,0,0,32,6,0,0,90,0,3,0,0,4,0,0,16,0,0,0,0,7,6,8,0,0,0,0,2,0,0,0,0,0,0,0,0,0,0,0,0,0,0,1,1,0,0,0,12,5,0,0,0,0,0,0,0,0,0,3,0,0,0,0,0,0,0,0,0,4,0,1,0,1,0,0,24,0,0,0,5,0,0,1,0,0,4,0,1,0,0,0,0,0,1,0,0,9,0,0,0,13,216,0,0,453,0,0,0,0,17,0,0,0,0,7,0,0,0,1,34,2,9,0,0,4,0,0,0,1,1,0,0,8,0,0,0,50,0,0,0,0,0,26,0,0,4,5,0,0,34,18,9,8,0,4,0,22,8,0
TCGA-DD-AAVQ_222,7.47397260273973,0,38,1,1,1,0,0,2,0,33,16,3,12,10,0,2,24,2,13,14,49,0,12,84,1,7,1,8,1,0,1,0,0,0,4,40,210,205,0,1,7,0,0,0,16,12,0,12,4,0,7,20,0,46,1,0,9,7,0,17,1,7,1,10,9,8,1,0,0,1,0,94,0,33,29,0,6,83,78,7,22,110,2,1,0,0,3,6,1,0,4,3,1,104,5,23,161,9,2342,14,1,15,0,4,1,0,32,0,15,5,5,9,0,0,0,33,7,0,4,4,25,2,0,85,3,0,4,0,8,26,9,246,1,4,7,80,0,4,0,0,0,299,8,9,0,0,262,2,5,0,14,13,100,8,1,2,0,4,0,13,0,0,0,57,163,5,0,1,1,0,3,0,18,0,0,34,0,0,27,199,0,0,132,10,2,26,24,0,0,1,64,0,1223,1,0,0,5,0,2,16,0,0,885,1,0,1,157,2,0,0,0,0,0,49,3,0,6,0,0,12,14,0,0,0,206,2,5,302,0,0,3,0,3487,0,0,0,2,4,0,0,29,21,212,0,0,4,0,0,19,2,0,0,0,1,0,0,0,0,0,0,0,156,1,0,67,167,0,2,0,0,0,117,0,49,0,5,3,0,0,130,10,402,0,0,0,0,0,0,8,219,0,0,0,0,43,0,48,0,3,88,107,22,0,0,0,1,1,0,4,0,0,0,2175,0,3,160,0,0,0,0,0,0,1,433,191,180,15,0,0,0,2,18,0,0,8,0,0,0,0,0,0,0,2,58,0,116,0,4,0,0,0,0,0,0,6,0,0,0,0,0,0,0,179,0,0,1,0,0,0,0,43,0,6,0,0,58,0,0,4,0,0,1,0,0,0,0,2,0,0,304,0,0,0,0,0,0,0,30,701,0,148,0,0,0,0,51,0,0,0,0,0,0,0,5,0,0,0,0,0,0,0,0,0,60,0,0,0,0,0,0,0,181,0,0,0,0,1,0,0,12,2,0,24,1,13,0,17,7,0,0,0,0,0,0,0,0,45,0,0,155,0,0,5,0,0,0,0,0,0,0,0,5,0,27,0,2,0,0,0,0,0,0,0,0,1,0,0,0,0,1,0,0,255,0,0,4,0,201,0,0,0,0,0,16,4,0,0,0,0,0,0,0,0,0,0,0,0,0,0,85,0,0,0,2,16,1,0,0,0,0,0,4,1,0,0,2,0,0,2,0,0,0,0,0,0,2,0,0,0,0,0,2,0,0,0,2,2,0,6,0,0,0,0,0,0,0,0,0,0,0,0,0,3,12,0,0,8,0,5,0,0,4215,0,0,24,0,48,0,0,0,0,0,0,0,0,1,0,0,0,0,0,0,0,8,8,0,20,0,0,0,0,0,0,358,0,18,0,0,0,0,0,0,0,0,0,0,52,0,0,0,0,0,0,0,0,0
TCGA-DD-AAVR_223,6.88493150684932,0,44,1,1,1,0,0,213,0,43,28,31,24,5,0,51,1,6,15,41,107,0,20,68,0,12,29,37,21,5,0,0,1,0,32,25,325,168,1,27,57,1,1,220,489,72,64,34,0,5,3,19,1,133,11,0,13,9,4,29,59,0,5,17,50,0,109,0,12,0,0,40,0,43,54,1,18,196,179,0,177,141,142,58,1,0,102,16,9,0,12,67,0,76,49,15,107,4,1282,8,182,2,0,1,0,18,50,0,4,24,0,24,4,13,9,38,5,0,15,8,47,0,0,113,0,0,2,5,0,9,0,176,0,0,2,286,0,0,70,0,0,105,4,0,0,0,46,0,0,0,12,178,127,2,0,0,1,0,22,0,0,0,1,177,412,0,13,2,0,0,0,0,4,0,0,82,27,0,47,2342,0,0,252,0,0,36,22,1,379,0,92,1,1902,1,0,0,8,0,0,29,0,0,187,0,0,0,113,0,0,0,0,0,0,208,0,0,14,0,0,34,6,0,6,0,1348,7,3,459,0,0,0,0,5426,0,0,0,0,0,16,4,151,63,110,157,0,0,0,0,17,3,0,0,0,0,0,0,0,0,1,0,1,171,0,0,148,206,5,0,0,0,0,46,0,20,0,0,0,0,0,684,0,293,0,0,0,0,0,0,7,302,0,0,0,0,0,0,80,3,7,0,93,3,0,0,0,0,0,0,0,0,0,0,14,0,2,10,0,0,8,0,0,4,4,428,1495,653,4,12,0,0,0,11,0,0,1,0,0,0,0,0,0,5,0,44,1,219,0,1,0,0,0,0,0,0,2,0,0,0,0,0,0,0,283,0,23,0,0,0,0,4,19,9,17,0,10,253,0,0,192,0,0,0,0,0,0,0,0,0,0,230,0,0,0,0,0,0,0,11,628,0,108,0,0,0,0,23,0,20,0,0,0,0,0,22,0,0,0,0,0,0,0,0,0,97,0,0,0,0,0,0,0,0,0,0,0,0,0,0,0,7,0,0,70,0,0,0,23,0,0,0,0,0,0,0,0,0,1,0,0,0,0,0,756,0,0,0,0,0,0,0,0,0,0,7,0,0,0,0,7,0,0,3,0,0,21,0,0,0,0,2,0,0,91,0,0,2,0,37,0,0,0,1,0,1,12,0,0,0,0,0,0,0,0,1,0,0,0,0,0,7,0,0,0,2,9,7,0,0,0,2,0,0,0,0,2,15,5,0,0,0,0,0,0,0,0,3,0,0,0,0,0,0,0,0,0,48,127,0,15,1,0,0,0,0,0,8,0,0,0,0,14,0,0,0,0,0,0,0,4,2,0,131,0,0,8,0,0,0,0,0,0,0,0,0,0,11,0,0,0,0,0,0,0,0,8,0,44,0,0,0,0,0,0,8,0,0,0,0,0,0,0,0,0,194,0,48,0,0,17,0,0,0,20,0,0,0
TCGA-DD-AAVS_224,4.99452054794521,0,56,1,1,1,0,0,18,6,53,63,13,28,7,8,17,8,4,14,33,39,2,0,101,21,0,3,82,16,3,4,0,4,1,33,38,194,94,7,9,6,5,0,226,29,80,2,42,8,1,15,5,1,48,156,0,36,11,0,18,22,5,4,25,27,3,10,0,10,0,10,87,0,1,14,0,18,42,213,3,122,136,28,34,2,0,5,24,1,0,41,13,2,103,25,34,104,20,1113,47,23,11,0,2,0,2,135,0,7,3,0,25,3,0,17,90,29,0,24,1,11,1,0,23,1,0,10,4,3,2,4,150,9,0,2,215,0,2,16,0,0,417,6,2,0,0,181,1,4,0,23,67,197,29,0,2,10,1,35,30,0,0,0,74,81,2,6,4,0,0,0,0,6,8,0,147,67,7,12,43,0,0,474,12,1,98,8,0,35,0,170,0,2027,1,0,0,18,0,1,0,0,0,2530,1,0,1,76,1,0,0,0,0,0,183,0,0,9,0,0,34,9,1,8,0,1282,30,12,412,1,0,3,0,3192,0,0,0,2,0,0,3,200,47,58,628,0,0,0,0,10,7,0,0,0,0,0,0,2,1,7,0,3,236,2,0,89,346,3,0,0,0,0,49,0,46,0,37,2,0,0,736,6,803,0,0,0,2,0,2,2,241,0,0,0,0,17,0,54,2,7,6,101,16,0,0,0,0,1,0,1,1,0,0,35,0,4,718,0,0,1,0,0,1,0,43,379,4,0,15,0,0,3,8,0,0,5,0,0,0,0,0,0,0,0,207,0,211,0,0,0,0,0,0,0,0,0,0,0,0,0,0,0,0,49,0,5,0,0,0,0,0,42,7,5,0,5,235,0,0,3,0,0,0,0,0,0,0,1,0,0,220,0,0,0,0,0,0,0,14,2175,0,115,0,0,0,0,140,0,15,0,0,0,0,0,2,0,6,0,0,0,0,3,0,0,76,0,0,0,0,0,0,0,0,3,0,0,0,0,0,0,31,4,0,60,0,31,0,28,0,0,2,0,0,0,0,2,0,34,0,0,248,0,0,16,0,0,4,0,0,0,0,0,1,0,61,6,4,0,0,46,0,0,6,0,0,4,0,0,0,0,33,0,0,120,0,0,1,0,243,0,0,0,0,0,111,19,0,0,1,0,0,0,0,0,0,0,0,0,0,0,0,0,0,0,0,27,7,0,0,0,0,0,0,0,0,5,0,0,0,2,0,0,0,0,0,0,7,0,0,0,0,0,0,0,0,0,0,48,0,7,0,0,0,0,0,0,4,0,0,7,0,4,0,3,43,0,0,0,0,3,0,0,1495,0,0,26,0,31,0,0,0,0,9,0,0,0,1,0,2,0,0,0,0,0,38,0,0,9,0,0,0,0,0,0,3,0,20,0,0,0,0,77,0,0,18,0,35,4,0,0,8,0,0,0,0,0,4
TCGA-DD-AAVU_225,6.03287671232877,0,46,1,2,2,0,0,76,8,53,161,21,20,15,12,23,24,0,12,34,7,3,16,250,10,182,101,23,15,18,3,4,6,3,48,44,170,104,68,8,16,3,4,207,0,38,10,19,1,11,17,7,3,96,113,0,23,15,0,9,124,3,6,6,23,3,47,0,13,6,0,177,0,40,22,0,38,18,309,2,185,230,140,23,0,1,22,16,17,1,7,30,4,36,2,14,162,16,1495,30,0,11,0,18,0,9,94,0,7,7,0,16,7,14,7,122,20,0,15,0,36,0,0,94,0,0,1,1,5,46,3,0,8,0,3,62,0,1,56,1,1,402,7,7,1,0,165,0,2,3,16,37,137,31,0,0,8,2,79,0,0,0,0,99,1416,1,0,4,0,0,0,12,13,3,0,52,82,1,2,2342,0,0,123,1,0,48,47,0,78,0,0,4,2962,8,0,0,24,0,1,11,0,0,396,0,0,1,101,3,0,0,0,0,0,32,1,0,10,0,0,20,7,1,17,0,531,63,9,522,0,0,3,0,2027,0,0,0,0,0,4,1,64,18,63,7,0,2,0,0,0,3,0,0,0,1,0,0,0,0,1,0,3,54,3,0,47,149,3,1,0,4,0,108,4,2,0,28,1,0,0,160,0,291,0,0,11,8,0,7,0,157,0,0,0,0,3,0,281,0,0,0,0,4,0,0,0,0,1,7,0,0,0,0,3,1,1,188,0,0,1,5,0,0,0,173,736,497,14,24,0,0,2,10,0,0,0,0,0,2,0,0,0,2,0,7,0,169,0,3,0,0,0,0,0,0,8,0,4,0,0,0,0,2,41,0,32,0,1,0,0,0,33,16,0,0,7,0,0,0,69,0,0,0,0,0,0,0,1,0,0,252,4,0,3,0,0,0,0,59,316,0,70,0,0,0,0,17,0,0,0,10,0,1,0,1,28,5,0,0,0,0,3,0,0,148,0,0,0,0,0,0,0,0,5,0,0,0,0,0,1,0,0,0,0,0,0,0,19,4,0,0,0,0,0,0,0,0,0,0,0,5,0,0,7,0,0,0,0,0,0,0,4,0,0,7,0,2,0,0,0,0,0,0,0,1,35,0,1,0,0,0,0,0,25,0,2,0,3,0,9,0,0,0,0,0,5,0,0,9,0,0,0,0,0,0,0,0,0,0,0,16,0,0,0,8,6,0,0,0,0,3,0,0,0,0,0,19,0,0,2,0,0,0,0,0,0,0,0,17,0,0,0,0,0,0,0,90,433,0,4,0,0,0,0,0,0,32,0,0,0,0,0,0,0,1,0,0,21,0,0,0,0,4,0,0,0,0,0,0,0,0,0,0,0,0,0,0,0,0,0,0,0,0,0,0,0,0,0,0,0,0,0,0,0,1,0,0,0,0,0,0,0,0,0,14,0,0,0,0,3,0,0,0,4,0,0,0
TCGA-DD-AAVV_226,6.72602739726027,0,56,1,2,2,0,0,0,0,16,0,11,3,7,8,17,1,18,21,50,27,0,15,61,1,64,8,13,7,0,4,5,0,0,16,36,171,117,0,0,201,10,3,13,80,44,8,3,0,2,3,16,2,68,14,0,9,1,8,8,7,2,13,0,28,2,106,0,1,3,0,15,0,33,67,3,16,114,95,0,30,46,21,3,1,0,12,3,2,0,6,43,0,20,4,29,37,5,1223,2,25,4,1,3,0,1,18,0,3,0,0,5,0,3,2,253,28,0,9,12,26,1,0,236,0,0,1,2,0,47,2,65,0,1,1,18,0,0,62,0,0,276,2,2,2,0,58,0,0,0,6,2,74,12,0,0,5,0,5,1,0,0,0,65,181,2,3,4,0,0,0,0,5,0,0,95,21,0,17,1680,0,0,147,0,0,50,9,50,46,0,70,0,2530,0,0,0,19,0,0,69,0,0,278,7,0,0,319,1,0,2,0,0,0,16,0,4,5,0,0,24,6,0,33,0,701,1,0,474,0,0,0,0,2962,0,0,0,0,0,22,0,194,1,27,45,2,0,0,0,8,0,0,0,0,1,0,0,0,0,0,0,0,63,7,0,20,49,0,0,0,0,0,120,0,25,0,15,0,0,0,316,79,342,0,0,1,0,0,0,3,137,0,0,0,0,0,1,497,0,0,2,109,7,0,0,0,0,1,0,0,1,0,0,0,0,2,8,0,0,1,2,0,1,6,684,428,309,5,7,0,0,0,24,2,0,1,0,0,0,0,0,0,1,0,58,8,252,0,0,0,0,0,0,6,0,19,0,0,0,0,0,0,0,58,0,6,0,0,0,0,0,23,29,3,0,16,57,0,0,69,0,0,0,1,0,0,0,0,0,0,15,0,0,0,0,0,0,0,2,288,0,39,0,0,0,0,20,0,0,0,0,0,0,0,0,0,0,0,0,0,0,0,0,0,235,0,0,0,0,0,0,0,36,0,0,0,0,0,0,0,0,2,0,9,0,5,0,71,0,0,0,0,0,0,0,0,0,0,0,0,0,0,0,4752,0,0,1,0,0,0,0,0,0,0,0,0,0,20,0,10,0,0,0,0,0,12,0,0,0,0,0,0,0,168,0,0,0,0,0,0,0,0,0,0,0,0,0,1,0,0,0,0,0,0,0,0,0,0,0,0,15,0,0,0,9,0,4,2,0,0,7,0,0,0,0,0,4,2,0,0,0,0,0,0,0,0,1,0,0,0,0,0,1,0,0,0,433,57,0,0,0,0,0,0,0,0,0,0,0,0,0,9,5,0,0,2,10,8,0,7,0,0,829,0,0,3,8,0,0,0,0,0,21,0,0,0,55,0,0,0,0,0,0,0,0,2,0,9,19,0,0,0,0,0,915,0,0,0,0,0,1,0,0,0,0,7,0,0,0,3,195,0,0,6,0,0,0
TCGA-DD-AAVW_227,6.34794520547945,0,35,1,1,1,0,0,39,4,35,90,29,14,7,7,7,38,2,23,52,82,5,32,45,20,99,188,63,9,2,1,16,0,9,33,15,302,177,10,3,29,3,0,239,291,41,0,44,4,4,9,15,2,154,211,0,120,11,2,22,27,0,8,33,24,6,64,0,2,1,7,23,0,28,39,4,13,84,210,0,193,127,29,4,2,0,95,26,2,0,24,84,1,58,13,92,12,4,1223,32,459,4,0,18,0,10,196,0,5,46,2,16,0,2,16,140,11,0,11,0,55,0,0,25,0,0,7,0,0,83,2,222,8,0,1,76,0,0,12,0,5,179,6,0,0,0,74,0,1,0,33,195,61,67,0,0,0,0,26,9,0,0,0,45,407,0,6,1,0,0,1,4,3,2,0,63,58,8,4,653,0,0,296,1,0,43,8,0,116,0,71,1,2027,2,0,0,14,0,0,10,0,0,3835,1,0,0,422,0,0,0,0,0,0,41,0,0,3,0,0,25,4,0,1,0,1071,18,1,590,0,0,0,0,5426,7,0,0,0,0,0,0,131,68,248,299,0,0,0,0,4,15,0,0,0,0,0,0,0,0,2,13,1,168,3,0,262,358,1,0,0,0,0,4,1,37,0,8,0,0,0,1585,1,447,0,0,1,4,0,1,4,684,0,0,0,0,36,0,1,1,7,0,163,13,0,0,0,0,1,0,0,2,0,0,56,0,0,194,0,0,4,16,0,0,30,45,985,34,2,14,0,0,0,19,0,0,5,0,0,4,0,0,0,1,0,231,2,332,0,6,0,0,0,0,0,0,1,0,0,0,0,0,0,4,72,0,45,0,0,0,0,0,21,16,5,0,36,514,0,0,0,0,0,0,0,0,0,0,0,0,0,68,0,0,0,0,0,0,0,26,26,0,307,0,0,0,0,100,0,24,0,147,0,2,0,1,0,4,0,0,0,0,0,0,0,0,0,0,0,0,0,0,0,1,0,4,0,0,7,0,0,27,7,0,24,0,8,0,5,4,0,0,0,0,0,0,0,0,28,0,0,0,0,0,5,0,0,4,1,0,0,0,0,2,0,34,4,6,0,0,113,0,0,0,0,0,156,0,0,0,0,39,0,0,109,0,13,6,1,281,16,0,0,0,0,18,7,0,0,5,0,0,0,0,0,0,0,0,0,0,0,49,0,0,0,0,31,4,0,0,0,0,0,0,0,0,2,0,0,0,4,0,0,0,0,0,0,10,0,0,1,0,0,8,0,1,0,0,27,0,6,0,0,0,0,0,0,0,0,0,10,0,43,0,5,1,3,0,34,0,1,1,0,205,0,0,0,0,29,0,0,0,0,2,0,0,0,2,0,1,0,0,0,0,0,20,0,0,31,0,0,0,0,0,0,0,0,24,0,0,0,2,6,0,0,138,0,41,0,0,0,4,0,0,2,0,0,0
TCGA-DD-AAVX_228,4.70684931506849,0,38,1,2,2,0,0,167,222,111,85,64,55,32,9,53,42,10,55,66,31,8,43,383,14,417,0,52,40,13,5,8,11,10,35,29,117,156,56,18,130,28,25,653,0,25,13,16,0,13,7,6,9,325,127,0,78,12,18,28,155,0,13,17,31,5,41,0,14,0,3,309,0,22,46,13,28,14,467,0,128,358,121,74,2,0,75,26,12,0,19,50,0,47,20,53,379,0,346,30,40,0,0,0,0,3,100,0,0,5,5,35,1,2,8,481,16,0,29,2,89,0,0,211,0,6,0,2,0,50,0,199,4,0,0,402,0,0,19,18,1,756,21,0,0,0,130,0,0,11,18,122,235,28,0,0,12,0,49,0,0,2,2,131,185,0,35,9,0,0,0,4,1,6,0,20,85,0,125,4752,0,0,210,0,0,80,58,17,0,0,163,7,915,2,1,0,8,0,0,35,0,0,230,4,0,0,208,0,0,0,0,0,1,73,0,4,13,0,0,77,0,5,59,0,304,22,11,614,0,4,0,0,1416,1,0,0,0,0,23,1,93,54,31,179,2,0,2,0,0,3,0,0,0,0,0,0,0,0,14,0,3,79,0,0,62,257,5,0,0,0,0,46,0,11,0,67,0,0,0,157,12,296,0,0,7,12,0,8,0,12,0,0,0,0,9,0,366,1,0,2,92,15,0,0,0,0,0,13,5,4,0,0,0,1,23,11,15,0,7,26,0,4,0,110,422,29064,0,53,1,0,0,0,8,0,0,0,5,2,0,0,0,1,0,6,0,120,0,0,0,0,0,0,2,0,11,0,0,0,0,0,0,4,302,0,14,0,1,0,0,8,42,33,8,0,8,8,0,0,113,1,0,0,1,0,0,0,10,0,0,61,0,0,1,0,0,0,0,26,283,0,217,1,0,4,1,4,0,1,0,0,0,0,5,24,0,0,0,0,0,0,0,0,0,335,0,0,0,0,0,0,3,0,0,0,0,0,2,0,0,0,0,0,0,0,0,0,8,0,0,0,0,0,0,0,0,0,2,0,0,0,0,0,270,0,0,0,1,0,0,0,6,0,0,0,3,9,3,0,1,0,0,0,0,0,36,0,0,0,0,0,0,0,0,0,0,0,2,0,0,0,0,0,0,0,0,0,0,3,0,0,0,0,0,0,0,0,0,0,0,13,0,1,0,0,0,0,0,0,0,153,0,0,0,0,0,779,0,0,0,0,0,0,0,0,0,0,0,579,0,0,0,0,2,0,0,489,412,0,0,0,0,0,0,0,0,14,0,0,0,0,0,0,0,0,0,0,18,0,30,7,0,99,0,0,0,0,5,1,0,0,0,0,0,0,0,736,0,6,7,0,0,0,0,0,0,0,15,0,0,0,0,0,0,159,0,0,4,0,0,0,0,0,0,12,1113,0,38,0,23,684,0,0,0,0,0,11
TCGA-DD-AAVY_229,5.3972602739726,0,56,1,3,3,0,0,350,147,127,241,66,79,60,47,38,36,87,65,220,109,8,22,453,22,1680,291,106,62,15,19,10,16,16,97,10,379,252,41,24,140,51,34,829,45,12,47,48,0,1,9,54,5,183,111,0,22,25,41,34,182,0,9,89,22,10,110,0,33,0,5,402,0,53,24,0,37,118,370,0,141,250,106,20,18,0,104,35,12,0,34,98,1,99,28,89,354,5,68,41,1902,0,0,3,0,7,95,0,0,17,6,42,15,14,10,332,58,3,24,0,116,0,0,113,0,5,0,1,0,63,0,270,28,0,0,281,1,0,33,4,1,579,20,0,0,0,374,0,0,19,33,196,170,33,0,0,33,0,103,0,0,4,2,151,779,0,10,4,0,6,0,3,0,6,0,162,32,1,31,1223,0,0,265,0,0,127,8,10,57,0,97,0,6589,6,4,0,3,0,0,126,0,0,2027,3,0,0,190,0,0,2,0,0,0,153,0,4,6,0,0,60,0,1,55,0,319,7,43,856,0,0,0,1,2342,6,0,0,0,0,5,5,81,70,37,171,0,0,1,0,0,13,0,0,0,0,0,0,0,0,13,0,2,81,0,0,92,217,4,0,2,8,0,0,0,8,0,32,0,6,4,474,0,417,0,0,1,5,0,2,16,407,0,1,0,0,13,0,92,0,12,0,37,6,0,0,0,0,1,14,6,6,0,0,0,7,6,51,6,0,16,10,0,7,0,428,949,85,0,53,4,0,3,37,5,0,8,0,5,12,0,0,0,0,0,0,0,15,0,3,0,0,0,0,4,0,3,0,0,0,0,0,0,2,12,4,5,0,9,0,0,2,91,151,18,0,21,346,0,0,67,0,0,0,3,0,0,0,2,0,0,40,31,0,0,0,0,0,0,16,985,0,803,0,0,0,2,16,0,0,0,17,0,0,1,8,0,0,0,0,0,0,0,0,0,497,0,0,0,0,0,0,0,0,0,0,0,0,0,0,0,0,0,0,26,0,0,0,114,0,0,0,0,0,0,0,0,0,0,0,0,0,0,0,1,0,0,0,1,0,0,0,0,0,0,0,0,0,0,0,39,0,6,0,0,0,1,0,0,0,0,0,0,0,0,0,5,1,0,0,52,0,0,0,0,0,4,0,0,0,0,0,0,0,0,0,0,0,0,0,0,4,0,0,0,0,36,0,0,1,0,2,0,0,0,0,0,1,9,0,0,0,0,1,0,0,0,0,0,11,5,3,3,2,3,0,0,0,268,0,0,2,0,0,0,0,6,0,0,0,0,0,9,0,0,0,0,0,0,0,74,0,0,34,0,0,0,0,0,2,0,0,0,0,0,0,0,0,0,3,59,3,0,0,0,0,0,1,0,0,0,0,0,0,0,0,0,0,6,0,0,0,0,0,0,44,0,90,48,0,3,0,0,12,0,17,4,0
TCGA-DD-AAVZ_230,5.20547945205479,0,38,1,1,1,0,0,67,4,44,8,20,15,3,8,13,6,10,11,33,157,1,8,69,5,12,10,35,5,3,4,0,0,6,37,18,201,374,0,6,38,11,0,80,106,33,12,66,2,1,7,19,1,159,48,0,18,6,2,19,66,4,14,18,26,10,32,0,11,0,1,51,0,19,115,0,10,144,346,2,98,216,82,22,0,0,15,33,5,0,23,22,5,91,7,62,69,6,339,48,22,10,0,6,0,9,118,0,6,56,0,38,8,0,8,72,2,0,36,0,34,1,0,67,1,0,4,1,2,53,4,531,10,1,2,236,0,0,31,0,0,453,4,1,0,0,235,0,1,0,26,125,175,14,0,0,16,0,10,11,0,0,0,93,263,2,0,3,0,0,1,0,4,8,0,89,9,7,31,1166,0,0,304,3,6,41,43,2,69,0,150,0,2342,0,0,0,11,0,1,8,0,0,1282,0,0,0,248,0,0,2,0,0,0,97,0,1,7,0,1,41,5,0,15,0,387,22,9,949,0,0,1,0,4215,1,0,0,0,2,3,1,121,26,97,383,0,0,0,0,7,13,0,0,0,0,0,0,0,1,5,0,6,379,1,0,179,396,18,0,0,0,0,27,0,42,0,35,2,0,0,653,44,569,0,0,3,0,0,4,0,103,0,0,0,0,11,0,96,0,1,0,158,15,0,0,0,0,1,0,0,0,0,0,505,0,6,163,0,0,0,2,0,1,9,104,172,540,0,8,0,0,0,20,0,0,8,0,0,0,0,0,0,1,0,23,2,278,0,0,0,0,0,0,0,0,1,0,0,0,0,0,0,19,130,0,4,0,1,0,0,0,210,5,5,0,51,23,0,0,5,0,0,0,0,0,0,0,4,0,0,233,0,0,0,0,0,0,1,48,559,0,350,0,0,0,0,65,0,15,0,0,0,0,2,2,0,0,0,0,0,0,0,0,0,152,0,0,0,0,0,0,0,81,0,0,0,0,0,0,0,21,8,0,206,0,19,4,57,0,0,0,0,0,0,0,1,0,28,0,0,219,0,0,47,0,0,4,0,0,0,0,0,0,0,60,8,0,0,0,9,0,0,1,0,0,31,0,0,0,0,10,0,0,185,0,0,1,0,154,2,0,0,0,0,0,4,0,0,1,0,0,0,0,0,0,0,0,0,0,0,46,0,1,0,6,76,4,0,0,0,0,0,0,0,0,3,10,0,0,4,0,0,0,0,0,0,2,0,2,1,0,0,0,0,0,0,138,0,0,13,0,0,0,0,0,0,0,0,0,3,0,4,0,21,1,0,0,13,0,5,0,0,885,0,0,20,0,48,0,0,0,0,0,0,0,0,4,0,2,0,0,0,0,0,75,24,0,22,0,0,0,0,0,0,1071,0,17,0,0,0,0,67,0,0,0,0,104,2,0,0,0,0,0,8,0,0,0
TCGA-DD-AAW0_231,5.52054794520548,0,54,1,1,1,0,0,246,85,78,370,23,24,35,28,15,99,27,87,48,212,4,63,104,12,1282,856,82,20,11,3,25,0,13,44,111,440,383,31,19,66,13,6,286,124,58,7,59,0,30,20,272,1,248,146,0,10,16,19,62,76,0,6,65,17,16,23,0,15,1,9,203,0,71,84,4,17,70,293,0,233,302,211,9,0,0,131,32,6,0,28,38,0,119,25,49,61,4,701,47,128,1,0,25,0,38,132,0,2,34,0,21,16,5,22,0,6,1,7,0,27,0,0,193,0,2,1,8,0,87,0,144,17,0,0,44,0,0,28,0,4,392,4,0,0,0,206,0,0,9,41,143,116,55,0,0,6,0,29,0,0,0,0,162,117,0,6,6,0,0,0,39,0,0,0,77,57,1,19,20,0,0,210,2,0,225,21,3,474,0,147,0,2725,1,0,0,26,0,0,41,0,0,2530,11,0,0,191,0,0,1,0,0,0,12,0,0,10,1,0,24,2,0,11,0,1166,40,21,756,0,2,0,0,4752,24,0,0,0,0,11,5,187,159,142,173,0,0,0,0,1,11,0,0,0,0,0,0,0,0,2,8,2,46,2,0,89,467,11,0,0,0,0,71,0,24,0,35,0,15,0,1788,30,614,0,0,5,21,0,2,0,226,0,0,0,0,33,0,21,1,0,0,120,5,0,0,0,0,1,0,2,8,0,0,0,0,4,73,0,0,3,29,0,4,2,238,668,985,13,22,0,0,0,17,3,0,12,0,0,0,0,0,0,0,0,40,0,95,0,2,0,0,0,0,0,0,3,0,0,0,3,0,0,9,26,0,27,0,0,1,0,1,157,14,6,0,21,20,0,0,24,0,0,0,0,0,0,0,7,0,0,43,2,0,0,0,0,0,0,11,16,0,407,0,0,0,0,80,0,17,0,138,0,0,2,7,0,0,0,0,0,0,0,0,0,81,0,0,0,0,0,0,0,0,0,1,0,0,0,0,0,0,4,0,81,0,3,0,17,0,0,0,0,6,0,0,0,0,6,0,0,0,0,0,11,0,0,0,30,0,0,0,1,0,1,5,1,18,0,0,39,0,0,0,0,0,169,0,1,0,0,2,0,0,52,0,16,7,8,27,0,0,0,0,0,15,0,0,0,0,0,0,0,0,4,0,0,0,0,0,0,91,0,0,1,0,61,4,0,0,0,1,0,0,0,0,0,16,3,0,0,0,0,1,0,0,0,8,0,9,3,0,0,17,0,0,0,68,26,0,22,0,0,0,0,0,0,9,0,0,0,0,85,0,0,0,0,0,35,0,2,4,0,98,0,0,4,0,2,0,0,0,0,0,0,2,0,7,0,0,0,1,0,0,0,5,0,0,45,0,0,0,0,0,0,125,0,0,0,0,0,0,0,0,0,59,1,55,1,3,0,8,0,0,4,0,0,0
TCGA-DD-AAW1_232,5.44931506849315,0,55,1,3,3,0,0,293,288,161,105,177,105,83,32,46,57,40,29,188,26,11,50,985,19,1071,65,96,34,16,45,17,13,10,137,34,325,89,64,55,342,15,30,1416,396,9,75,19,0,0,134,78,7,101,94,0,45,32,21,44,75,0,24,79,43,14,62,0,25,0,8,559,0,57,77,4,55,73,302,0,147,422,113,46,17,0,50,35,9,0,21,217,4,84,19,111,736,1,149,63,4215,0,0,8,0,4,153,0,0,11,12,54,34,1,9,569,2,1,17,0,467,0,0,142,0,14,0,2,0,125,0,417,11,0,0,1166,0,0,65,11,3,779,9,0,0,0,177,0,0,21,33,92,157,24,0,0,14,0,67,0,0,2,3,201,540,0,16,17,0,2,0,11,0,19,0,59,38,1,75,1348,0,0,206,0,0,142,32,1,0,0,171,2,3487,7,2,0,22,0,0,30,0,0,1113,2,0,0,505,0,0,1,0,0,0,20,0,0,9,0,0,13,0,0,7,0,223,2,40,653,0,1,0,0,3835,2,0,0,0,0,7,2,252,95,87,207,0,0,6,0,0,10,0,0,0,0,0,0,0,0,18,0,2,182,0,0,56,522,9,0,5,18,0,0,0,20,0,13,0,7,2,28,5,319,0,0,0,7,0,6,0,354,2,4,0,0,20,0,127,0,7,0,4,9,0,0,0,0,2,10,30,30,0,1,0,14,10,21,18,0,0,18,0,1,0,246,1788,86,0,58,0,0,2,31,36,1,10,0,4,8,0,0,0,1,0,0,0,2,0,0,0,0,0,0,0,0,0,0,0,0,0,0,0,0,29,0,29,0,25,0,0,9,18,141,11,0,33,11,0,0,9,0,0,0,12,0,0,0,6,0,0,47,4,0,0,0,0,0,0,73,75,0,304,1,0,0,4,14,0,1,0,0,0,0,0,12,2,1,0,0,0,0,0,0,0,614,0,0,0,12,1,0,10,1025,1,0,0,0,11,0,0,0,0,0,2,0,2,0,195,8,0,0,0,0,0,0,0,0,0,0,0,1,0,0,0,0,0,0,0,2,0,0,0,0,0,0,0,1,0,0,27,0,4,0,0,0,12,0,2,0,0,1,0,0,0,0,0,2,0,0,2,0,0,0,0,0,1,0,0,6,0,0,0,0,0,0,0,0,0,0,0,100,2,0,0,5,25,1,0,0,0,13,0,0,0,0,0,2,0,0,0,0,0,0,0,0,0,0,0,13,0,3,0,0,0,0,0,0,10,0,0,1,0,0,1,0,0,0,0,0,0,0,2,0,0,0,0,0,4,0,238,0,0,119,0,0,0,0,9,14,0,0,0,5,0,0,0,60,69,0,199,0,0,5,0,0,0,7,0,0,0,0,0,0,0,1,1,0,2,0,0,15,0,0,0,5,0,0,166,0,2,10,0,402,0,3,2,0
TCGA-DD-AAW2_233,5.08219178082192,0,69,1,1,1,0,0,138,116,122,179,132,95,44,32,89,38,33,52,196,42,7,32,701,27,489,383,87,51,12,27,36,7,24,42,8,358,92,47,49,163,17,9,718,246,27,15,20,0,0,53,48,3,97,263,0,70,30,15,31,166,0,8,155,64,6,158,0,36,0,6,309,0,56,48,1,10,34,272,0,130,447,134,82,15,0,111,36,11,0,12,52,0,123,93,175,379,2,172,23,2725,1,0,1,0,16,127,0,2,47,4,25,23,9,9,147,51,3,22,0,54,0,0,226,0,5,0,8,0,20,0,235,6,0,0,803,0,0,34,10,0,362,18,0,0,0,243,0,1,15,29,559,147,88,0,0,53,0,47,0,0,1,7,149,756,0,22,9,0,4,0,3,1,29,0,114,90,1,54,239,0,0,205,0,0,98,7,9,6,0,57,0,5426,12,2,0,13,0,0,24,0,0,1495,10,0,0,200,0,0,4,0,0,0,265,0,0,10,0,0,23,3,6,38,0,885,14,43,422,1,0,0,0,2530,5,0,0,0,0,2,3,396,46,85,207,0,0,1,0,0,8,0,0,0,0,0,0,1,0,17,0,1,72,0,0,104,211,0,0,4,9,0,0,0,25,0,64,0,6,3,370,3,350,0,0,4,1,0,3,0,641,0,0,0,0,33,0,2,0,0,6,33,1,0,0,0,0,2,16,8,6,0,0,0,2,0,119,7,0,0,12,0,21,0,180,346,8,0,39,0,0,0,20,4,0,2,0,4,10,0,0,1,0,0,0,0,21,0,3,0,0,0,0,0,0,0,0,0,0,0,0,0,2,64,0,8,0,10,1,0,4,18,91,15,0,28,212,0,0,107,0,0,0,4,0,0,0,3,0,0,84,10,0,4,0,0,0,0,43,2,0,115,1,0,0,4,39,0,19,0,36,0,0,5,10,0,10,0,0,2,0,0,0,0,459,0,0,0,1,0,0,0,0,0,0,0,0,0,0,0,2,0,0,17,0,0,0,27,0,0,0,0,0,0,0,0,0,1,0,0,0,0,0,1,0,0,0,9,0,0,0,1,0,0,0,0,2,0,0,52,0,1,0,0,0,0,0,0,0,0,0,0,0,0,0,11,6,1,0,0,0,0,0,0,0,12,0,0,0,0,0,0,0,0,0,0,0,0,0,0,60,0,0,0,0,94,0,0,10,0,4,0,0,0,0,0,0,2,6,0,0,0,0,11,0,0,0,0,12,7,1,1,10,16,0,0,0,0,0,0,2,0,0,0,0,0,0,0,0,0,0,28,0,0,0,0,0,0,0,96,0,0,109,0,0,0,0,10,3,0,0,0,0,0,0,0,17,1,4,56,0,0,0,0,0,0,4,1,3,0,0,0,0,0,0,0,0,22,0,0,0,0,0,0,103,0,57,118,0,0,56,0,433,0,8,0,27
TCGA-DD-AAW3_234,4.47397260273973,0,69,1,1,1,0,0,81,76,125,48,50,21,19,32,34,22,43,47,177,59,4,29,309,20,78,44,85,24,8,7,16,16,8,59,15,319,168,36,30,120,7,16,325,159,17,24,17,0,3,13,19,3,459,167,0,14,16,27,19,78,0,10,108,69,7,62,0,13,0,7,531,0,35,94,6,9,22,219,0,116,350,60,33,14,0,98,9,24,0,10,103,0,111,76,226,272,0,114,27,2530,0,0,1,0,16,111,0,1,16,1,28,32,11,15,223,75,0,19,0,190,0,0,145,0,8,0,2,0,3,0,302,9,0,0,684,0,0,42,0,0,579,17,0,0,0,262,0,0,7,17,146,158,33,0,0,41,0,24,0,0,3,9,63,370,0,9,9,0,7,0,0,1,27,0,123,62,1,24,915,0,0,161,0,0,100,3,11,1,0,65,0,3835,4,3,0,4,0,0,41,0,0,2027,7,0,0,154,0,0,2,0,0,0,239,0,0,6,0,0,24,1,2,82,0,447,3,34,422,1,0,0,0,1282,1,0,0,0,0,2,3,453,62,140,64,0,0,0,0,0,4,0,0,0,0,0,0,0,0,10,0,3,107,0,0,136,175,0,0,1,8,0,0,0,35,0,51,0,15,1,614,0,489,0,0,1,0,0,4,0,628,0,0,0,0,18,0,45,0,2,0,68,1,0,0,0,0,0,11,1,2,0,0,1,2,4,90,4,0,0,3,0,18,0,299,185,9,0,48,1,0,0,0,0,0,0,0,1,4,0,0,1,0,0,0,0,30,0,1,0,0,0,0,0,0,0,0,0,0,0,0,0,0,45,0,0,0,8,0,0,0,19,53,16,0,26,2,0,0,440,0,0,0,1,0,0,0,4,0,0,243,14,0,2,0,0,0,0,23,985,0,45,4,0,0,3,56,0,3,0,0,0,0,4,5,0,6,0,0,2,0,0,0,0,379,0,0,0,1,2,0,0,0,0,0,0,0,0,0,0,4,0,0,48,0,0,0,45,0,0,0,0,0,0,0,0,0,26,0,0,71,0,0,0,0,0,0,26,0,0,0,2,0,0,0,0,0,0,0,29,0,0,0,0,0,0,0,0,0,0,0,0,0,26,0,0,5,1,0,0,0,0,0,0,0,0,0,0,0,0,0,0,0,0,0,0,0,0,0,0,30,0,2,0,0,169,0,0,2,0,7,0,0,0,0,0,0,1,0,0,0,0,0,2,0,0,0,0,13,2,1,0,9,36,0,0,0,0,0,0,0,0,0,0,0,0,0,0,0,0,0,21,0,0,0,0,0,46,0,62,0,0,245,0,0,7,0,7,0,0,0,0,0,0,1,0,52,1,0,28,0,0,0,0,0,0,0,13,0,0,0,0,0,0,50,0,0,19,0,0,0,0,0,0,0,0,54,30,0,0,17,0,94,0,0,0,0
TCGA-ED-A459_235,2.49315068493151,0,47,1,2,2,0,0,71,36,12,14,5,9,4,4,9,14,92,42,36,43,1,10,72,7,325,23,20,8,1,19,5,1,5,18,25,175,56,0,4,203,4,19,51,78,47,10,5,1,18,26,34,2,293,9,1,11,9,5,11,92,16,13,5,10,3,428,0,5,0,7,3,1,12,101,1,8,189,121,1,73,291,15,6,1,1,11,7,7,2,3,31,3,77,35,44,0,8,1282,22,14,21,0,5,1,4,8,0,10,14,0,13,1,17,2,736,0,0,0,7,2,0,0,559,2,0,0,4,4,259,3,49,2,1,9,0,0,0,59,0,0,467,7,6,3,0,40,0,1,8,2,60,76,40,0,0,0,0,0,8,0,0,0,26,6,2,28,7,0,2,2,6,10,7,0,20,31,0,13,2342,0,0,109,0,0,86,9,16,74,0,129,0,358,0,1,2,18,0,1,18,0,0,207,20,0,4,173,1,0,0,0,0,0,1,0,0,4,0,0,11,11,0,36,0,474,43,1,653,0,0,2,0,2962,10,0,0,0,0,18,0,201,14,6,84,0,8,0,0,0,1,0,0,0,3,0,0,0,2,0,0,1,220,0,0,1,3,2,1,0,0,0,90,4,13,0,9,1,4,3,143,115,245,0,0,3,3,0,1,0,48,0,0,0,0,7,0,72,3,6,0,33,8,0,0,0,0,2,0,2,9,0,0,0,0,0,0,11,0,0,0,0,35,0,211,250,9068,0,31,0,0,37,33,4,0,0,6,0,0,5,0,8,0,0,18,7,61,0,4,0,0,0,0,34,0,7,0,0,0,0,0,0,0,103,0,0,0,0,0,0,4,62,0,2,0,8,0,0,0,197,0,1,0,0,0,0,0,0,0,0,0,0,0,4,0,0,0,0,0,11,0,25,0,0,9,0,35,0,8,0,0,0,4,0,0,0,0,0,0,2,0,0,0,0,88,0,0,0,0,0,0,0,162,0,0,0,0,0,3,0,6,19,0,2,0,17,0,28,11,0,17,0,5,0,0,0,0,0,0,0,0,0,0,307,0,0,0,28,0,0,0,1,2,0,4,0,2,19,0,2,1,0,0,0,2,24,0,5,0,0,0,0,0,0,0,0,0,9,0,0,0,0,0,0,0,0,0,2,0,0,0,0,1,0,0,0,0,0,0,0,5,0,0,0,1,0,0,0,0,0,1,0,0,0,0,0,383,0,0,7,0,0,0,0,0,0,12,0,17,4,0,0,0,0,0,0,856,172,0,0,0,0,0,0,0,0,2,0,0,0,0,23,0,0,0,0,0,12,0,7,0,0,1,0,0,0,1,0,0,0,0,0,44,0,0,0,13,0,0,0,0,0,0,0,0,0,0,0,6,1,0,5,0,0,28,0,0,38,0,0,2,0,0,11,178,19,0,0,0,0,30,0,0,2,0,0,5
TCGA-ED-A4XI_236,2.24383561643836,0,58,1,2,2,0,0,272,65,136,109,60,64,25,22,69,29,28,45,101,144,5,49,222,8,223,243,101,25,15,7,10,7,6,70,22,354,358,26,27,215,19,9,302,856,104,36,22,0,7,8,80,2,91,90,0,67,20,16,44,104,0,26,54,69,10,146,0,17,0,4,122,0,70,182,5,56,185,299,0,235,231,116,32,7,0,111,39,7,0,41,172,1,105,36,48,307,3,497,47,428,0,0,8,0,31,47,0,0,97,4,38,9,11,22,262,23,0,31,0,160,1,0,278,0,0,5,11,0,98,0,370,4,0,0,602,0,0,32,0,3,514,10,0,0,0,125,0,0,1,15,281,109,36,0,2,9,0,33,0,0,0,0,87,1166,0,8,8,0,0,0,5,0,1,0,125,22,0,35,1680,0,0,474,2,0,87,49,18,80,0,185,1,2530,1,2,0,12,0,0,54,0,0,756,2,0,0,559,0,0,1,0,0,1,118,0,0,16,0,0,63,1,0,57,0,2027,13,11,628,1,1,0,0,5426,9,0,0,0,0,10,2,238,65,230,383,0,0,3,0,3,6,0,0,0,0,0,0,0,0,9,0,1,226,6,0,179,325,4,0,0,2,0,42,0,29,0,31,0,5,0,1348,15,505,0,0,4,4,0,1,5,668,0,0,0,0,13,0,29,0,10,0,174,9,0,0,0,0,0,5,0,1,0,0,37,0,4,94,0,0,11,3,0,8,1,274,1025,148,0,50,2,0,0,34,11,0,3,0,3,1,0,0,0,6,0,6,0,220,0,0,0,0,0,0,11,0,5,0,0,0,0,0,0,6,111,0,45,0,0,0,0,1,120,86,26,0,41,319,0,0,118,0,0,0,0,0,0,0,1,0,0,374,2,0,0,2,0,0,0,17,885,0,522,0,0,0,0,62,0,16,0,149,0,2,3,18,0,0,0,0,0,0,0,0,0,250,0,0,0,0,0,0,0,0,0,4,0,0,0,0,0,2,0,0,82,0,0,0,65,0,0,0,0,0,0,0,0,0,5,0,0,0,0,0,199,0,0,0,32,0,0,0,0,0,0,6,0,0,0,0,19,0,0,0,0,0,7,0,1,0,0,3,0,0,68,0,7,6,0,31,10,0,0,0,0,0,7,0,0,0,0,0,0,0,0,0,0,0,0,0,0,40,0,0,9,0,7,18,0,0,0,2,0,0,0,0,0,4,3,1,0,0,0,0,0,0,0,0,0,6,0,0,0,4,8,0,2,131,92,0,44,0,0,0,0,0,0,15,0,0,0,0,12,0,0,1,0,0,2,0,9,15,0,99,0,0,6,0,0,0,0,0,0,2,0,4,0,54,0,0,35,0,0,0,0,2,2,0,123,0,0,0,0,1,0,8,0,0,27,0,0,0,7,0,0,10,5,27,7,0,7,78,2,0,15,0,0,0
TCGA-ED-A66X_237,1.11232876712329,0,35,1,3,3,0,0,0,0,24,0,6,2,0,0,7,0,0,2,13,38,0,2,47,3,0,8,36,9,0,0,6,0,0,9,0,25,193,0,1,7,0,1,48,0,12,0,17,4,4,2,0,0,191,24,0,10,4,0,25,1,6,4,3,6,1,0,0,0,2,0,0,0,1,53,0,1,38,73,6,51,2,4,1,1,0,2,19,0,0,14,0,0,62,1,64,3,24,1788,35,0,19,0,0,0,2,55,0,10,8,1,11,2,0,0,67,22,0,9,1,2,0,0,43,1,0,20,0,3,18,9,0,0,0,3,103,0,0,16,0,0,259,1,3,1,0,45,1,2,0,1,23,61,8,0,2,2,1,1,11,0,0,0,82,0,1,0,0,0,0,2,0,4,0,0,16,43,0,5,130,0,0,12,4,3,36,19,0,4,0,44,0,684,0,0,0,7,0,2,0,0,0,549,0,0,1,235,2,0,0,0,0,0,1,0,0,0,0,0,12,14,0,3,0,44,30,2,396,0,0,0,0,2962,0,0,0,1,1,0,0,50,43,100,253,0,0,0,0,4,4,0,0,0,1,3,0,1,1,2,5,0,223,9,0,68,99,0,0,0,0,0,216,4,15,0,23,1,0,0,31,0,250,0,0,4,0,0,0,6,1,0,0,0,0,7,0,4,0,4,18,46,15,0,0,0,2,0,0,0,0,0,0,4215,0,0,23,0,0,0,3,1,0,33,127,84,4,12,8,0,0,9,0,0,0,15,0,0,0,0,0,0,0,1,120,0,140,0,4,0,0,0,0,0,0,6,0,1,0,0,0,0,1,62,0,1,0,0,0,0,0,21,0,1,0,2,0,0,0,0,0,0,0,0,0,0,0,1,0,0,145,0,0,0,0,0,0,0,12,489,0,63,0,0,0,0,158,0,0,0,0,0,2,0,0,0,0,0,1,0,0,0,0,0,61,0,0,0,0,0,0,0,4,0,0,0,0,0,0,0,9,4,0,101,0,13,5,11,1,0,0,0,0,0,0,0,0,11,0,0,0,0,0,138,0,0,2,0,0,0,0,0,2,0,58,0,3,0,0,0,0,0,2,0,0,0,0,0,0,0,3,0,0,522,0,0,1,0,159,0,0,0,0,0,24,6,0,0,0,0,0,0,0,0,0,0,0,0,0,0,8,0,0,0,2,147,8,0,0,0,0,0,0,0,0,0,0,0,0,0,0,0,0,0,0,0,12,0,0,0,0,0,0,0,0,0,17,252,0,4,0,0,0,0,0,0,0,0,0,1,0,2,0,8,12,0,0,64,0,0,0,0,2342,0,0,77,0,23,0,0,0,0,6,0,0,0,0,0,0,0,0,0,0,0,110,6,0,17,0,0,0,0,0,0,153,0,32,0,0,0,0,142,0,0,0,0,0,0,3,0,0,0,0,1,0,0,1
TCGA-ED-A66Y_238,0.810958904109589,1,51,0,3,3,0,0,1,0,101,0,5,8,0,0,0,10,0,45,39,9,1,1,23,0,0,6,2,3,0,0,0,0,4,0,5,105,29,0,13,4,0,4,0,23,21,0,18,0,1,6,10,0,48,9,0,7,2,0,18,0,4,3,4,23,2,5,1,7,26,0,0,13,4,22,0,6,8,20,3,1,83,128,0,0,2,15,15,0,1,5,3,0,190,34,29,4,10,985,35,0,17,0,37,1,5,19,1,14,33,0,0,103,0,1,2,0,0,39,21,3,64,0,136,3,8,9,0,4,1,8,7,1,1,6,0,0,1,6,0,0,44,0,4,0,0,8,1,2,0,22,182,108,0,0,14,2,4,0,0,0,0,0,128,0,2,0,6,1,0,2,0,7,0,0,0,26,0,7,6,0,0,175,1,5,23,15,0,0,0,286,0,474,0,0,2,8,0,0,0,0,0,38,0,0,6,76,3,0,0,0,0,0,0,2,0,9,0,2,12,24,0,4,1,1025,0,0,57,1,0,0,0,3487,0,0,0,9,1,16,0,34,1,335,10,0,1,0,0,51,9,0,0,0,2,2,0,1,1,0,32,0,99,24,0,5,140,0,0,0,0,0,231,13,52,0,6,2,0,0,701,0,628,0,0,2,0,0,1,1,0,0,3,0,0,0,1,0,0,1,32,68,64,74,7,0,2,1,0,0,0,6,0,1788,0,0,3,0,0,0,0,5,0,0,117,57,0,1,18,0,0,70,16,0,0,0,0,0,0,8,0,0,0,7,10,9,1,1,5,0,0,0,0,0,0,27,0,0,0,0,0,0,0,7,0,2,0,0,0,0,0,107,0,7,0,0,0,0,0,0,0,0,4,0,0,0,0,1,0,0,8,0,0,0,20,0,0,2,0,0,0,99,0,0,0,0,329,3,1,0,5,0,2,0,0,24,0,0,0,0,0,0,0,0,1,0,0,0,0,0,0,0,0,31,1,0,0,0,0,0,8,17,11,392,0,2,19,114,0,0,6,0,0,0,0,0,0,0,0,0,4,0,0,29,2,0,8,0,0,0,0,0,0,0,0,0,2,0,11,4,0,0,0,0,0,0,0,0,0,0,27,0,0,149,0,0,2,0,0,0,0,2,0,0,13,23,0,0,0,0,0,2,0,0,0,0,0,0,0,0,51,0,0,0,0,0,0,0,0,0,0,0,0,0,0,0,0,0,2,0,1,0,1,0,0,0,22,0,0,0,0,0,4,0,0,0,0,29,0,14,0,0,0,0,7,0,6,0,0,7,0,1,0,10,0,0,0,0,0,0,0,0,1282,0,0,25,0,0,0,0,0,0,0,0,0,0,0,0,0,0,2,12,0,0,245,0,0,3,1,0,0,0,0,0,6,0,0,0,0,0,0,481,1,0,0,0,93,0,0,0,0,0,0,0,0,0,0
TCGA-ED-A7PX_239,0.0164383561643836,0,48,0,2,2,0,2,0,0,0,0,0,4,0,0,0,0,0,2,2,1,0,0,14,0,243,0,0,0,0,0,0,0,0,1,0,2,10,0,0,1,0,0,1,17,1,0,2,2,0,1,0,2,19,0,0,5,0,3,5,0,4,2,0,0,0,0,25,0,7,0,0,0,0,35,0,4,0,15,2,0,17,0,0,0,0,3,0,0,1,1,2,0,0,0,4,0,49,4752,0,2,21,0,3,0,2,0,0,10,0,0,1,0,0,0,0,0,0,0,0,0,17,0,18,1,0,10,2,3,0,4,9,0,0,7,0,0,0,0,0,0,0,0,3,3,0,0,0,1,0,0,0,0,0,0,19,0,0,0,14,2,0,0,0,1,0,0,0,0,0,0,0,5,0,0,0,0,0,50,2,0,0,1,1,0,0,32,0,2,0,14,0,0,0,0,1,0,0,1,0,0,0,14,0,0,2,0,0,0,0,0,0,0,2,0,0,0,2,0,0,10,0,0,0,18,0,0,4,0,0,1,0,7,0,0,0,3,0,5,0,0,0,0,0,5,0,0,0,44,0,0,0,0,1,0,0,0,0,0,0,0,0,40,0,13,15,1,0,0,0,0,253,0,0,0,0,0,0,0,31,0,154,0,0,0,0,0,0,3,2,0,0,0,0,0,0,0,0,0,0,9,13,0,0,0,0,0,0,0,0,0,0,2,0,0,0,0,7,0,3,0,0,40,0,1223,0,1,0,0,0,0,0,0,0,0,7,0,0,29,0,0,0,8,3,3,0,0,3,0,0,0,0,0,0,7,0,6,0,0,0,3,0,106,0,1,0,0,0,0,0,0,0,0,0,1,0,0,0,0,0,0,2,0,0,0,0,0,0,0,0,0,0,0,2,0,0,0,0,0,3,0,0,0,0,0,0,0,0,0,0,0,2,0,0,0,0,0,0,0,0,0,0,2,7,0,0,0,0,0,0,0,4,66,0,0,0,0,0,0,3,0,0,0,0,0,0,0,0,0,0,0,0,8,0,0,1,3,0,0,0,0,0,0,4,0,0,2,0,0,2,0,3,0,57,0,0,12,0,153,0,0,0,0,0,1,0,0,0,0,217,0,0,40,0,0,0,0,215,0,0,0,0,0,0,132,0,0,0,0,0,0,0,0,3,0,0,0,0,0,0,0,0,0,0,0,2,0,0,0,0,0,0,0,0,0,0,0,0,27,0,0,0,0,0,0,18,0,0,0,0,0,0,0,0,0,0,540,0,0,0,0,0,0,7,0,0,0,0,0,0,0,0,0,71,0,0,0,4,0,0,0,50,0,0,12,4,49,0,0,0,0,0,0,0,0,4,0,0,0,0,12700,0,0,0,19,0,2,0,0,0,0,0,0,474,0,21,0,0,0,1,0,0,0,1,0,0,0,0,0,1,0,0,0,0,0,1
TCGA-ED-A7PY_240,1.06849315068493,0,20,0,2,2,0,2,22,15,46,257,18,23,14,8,9,10,2,10,33,42,2,6,145,20,0,16,55,6,2,4,0,2,5,12,12,65,474,1,9,39,1,0,274,90,46,17,51,6,0,11,21,2,131,60,0,33,17,2,21,27,0,4,33,50,20,149,0,34,0,1,122,0,23,29,0,15,170,113,2,48,219,11,25,0,0,0,40,1,0,24,30,1,101,27,10,77,3,949,67,43,7,0,9,0,1,44,0,9,31,4,23,2,4,8,75,1,0,18,1,33,4,0,97,1,0,6,2,2,9,5,299,2,1,1,304,0,2,30,0,2,325,5,0,0,0,185,1,1,0,30,86,248,21,0,3,4,0,0,6,0,0,0,151,281,1,1,4,0,0,1,0,9,1,0,118,13,1,89,93,0,0,614,8,2,59,18,1,15,0,128,0,2342,3,0,0,3,0,0,5,1,0,2530,9,0,1,106,0,0,1,0,0,0,163,1,0,27,0,0,34,6,1,8,0,3192,27,5,412,1,0,1,0,9068,0,0,0,1,3,0,5,159,74,142,307,0,0,0,0,7,9,0,0,0,0,0,0,4,0,12,0,0,522,0,0,107,286,10,1,2,0,0,58,0,61,0,16,2,0,0,422,1,531,0,0,4,1,0,5,4,35,0,0,0,0,2,0,18,0,11,0,53,16,0,0,0,2,1,0,1,0,0,0,283,3,16,362,0,0,1,0,0,1,0,402,106,4,0,15,0,0,0,20,0,0,10,0,0,0,0,0,0,0,4,85,4,105,0,0,0,11,0,0,0,0,1,0,0,0,0,0,0,0,8,0,12,0,4,0,0,0,102,1,16,0,0,225,0,0,11,0,0,0,0,0,0,0,3,0,0,319,4,0,0,0,0,0,2,72,481,7,157,0,0,0,0,97,3,16,0,32,0,3,0,8,0,0,2,0,0,0,1,0,0,124,0,0,0,1,0,0,0,30,0,0,0,0,3,0,0,14,4,0,150,0,26,0,87,0,0,0,0,0,0,0,0,0,17,0,0,25,0,0,3,0,0,6,0,0,0,0,0,2,0,32,1,2,0,0,0,0,0,1,0,0,0,0,0,0,0,2,0,0,60,0,0,6,0,332,0,0,0,0,0,0,17,0,0,1,0,0,0,0,0,0,0,0,0,0,0,8,1,0,0,0,29,9,0,0,0,0,0,0,0,0,0,0,0,0,6,0,0,0,0,0,0,1,0,0,0,0,0,0,0,2,0,0,0,0,14,0,0,0,0,0,0,18,0,0,26,0,6,0,4,11,0,0,2,0,9,0,0,1113,0,0,5,0,87,0,0,0,0,4,0,0,0,0,0,0,0,0,0,0,0,7,30,0,13,0,0,0,0,0,0,8,0,11,0,0,0,0,5,0,0,8,0,83,0,0,0,0,0,0,4,0,0,0
TCGA-ED-A7PZ_241,0.0164383561643836,0,61,1,2,2,0,2,20,0,30,9,63,33,1,4,20,1,12,31,30,5,0,3,235,13,0,0,33,16,0,0,10,8,0,5,2,86,38,0,11,13,0,0,718,0,4,113,16,2,0,0,0,0,15,59,0,16,6,0,16,3,4,4,1,27,0,7,0,14,0,0,10,0,18,27,0,0,30,46,1,113,1348,38,29,0,1,3,8,3,2,8,3,0,58,7,7,8,1,540,12,5,15,0,0,2,9,39,0,8,2,0,40,0,20,1,55,1,0,5,1,3,8,0,65,0,0,2,0,3,8,5,43,0,2,6,13,0,0,6,0,0,170,0,8,1,0,74,1,2,5,3,2,54,21,0,7,4,0,15,5,0,0,1,35,0,6,4,0,0,0,1,3,16,3,0,13,155,0,2,92,0,0,6,0,1,22,0,0,1,0,34,4,374,0,1,0,0,0,0,0,0,0,126,0,0,1,21,4,0,0,0,0,0,18,0,0,0,0,0,24,6,1,6,0,51,0,11,118,0,0,1,0,2725,0,0,0,0,4,0,0,9,48,0,668,1,2,0,0,49,0,0,0,0,0,0,0,11,2,9,5,0,56,0,0,33,98,8,2,0,0,0,0,0,36,0,0,0,0,0,4,0,614,0,0,0,0,0,6,2,0,0,1,0,0,10,1,2,0,15,0,0,17,0,0,0,0,0,0,0,0,0,0,3,8,2,8,0,0,0,0,8,2,0,9,220,1,0,37,0,0,6,29,0,0,0,10,0,0,6,1,0,0,1,2,3,35,0,19,0,1,0,1,0,0,0,0,0,0,0,0,0,0,74,0,0,0,6,0,0,0,34,8,4,0,3,5,0,0,5,0,0,0,0,0,0,0,2,0,0,51,0,0,0,0,0,0,0,44,293,0,121,0,0,0,1,0,0,4,0,0,0,5,0,0,1,1,0,0,0,0,4,0,0,33,0,0,0,0,0,0,0,4752,0,0,101,0,0,0,0,8,4,0,2,2,13,0,0,11,0,0,0,0,0,0,0,1,10,0,0,55,0,0,162,0,0,0,0,0,0,0,0,0,0,5,0,8,0,0,5,0,4,0,0,0,0,0,0,0,0,0,0,0,18,0,0,0,0,72,0,0,0,6,0,5,12,0,0,0,0,0,0,0,0,0,0,0,0,0,0,5,1,0,0,0,15,0,0,0,0,5,0,1,0,0,1,0,0,0,2,0,0,0,0,0,0,1,0,4,0,0,0,0,0,3,0,0,236,0,0,0,0,0,0,0,0,0,0,0,1,0,36,0,7,27,0,3,25,0,10,0,0,1113,0,0,0,0,85,0,0,0,0,0,0,0,0,6,6,0,0,0,0,0,0,0,0,0,0,0,0,0,0,0,0,497,0,0,0,0,0,3,0,0,0,0,0,0,396,0,0,11,0,0,2,0,0,2
TCGA-ED-A7XO_242,1.16986301369863,0,29,1,3,3,0,0,322,102,162,316,64,38,44,52,30,40,27,30,147,66,7,45,379,31,307,1348,77,33,5,6,14,11,8,11,63,196,219,62,34,144,11,24,505,52,73,58,33,0,26,13,265,3,170,138,0,39,17,30,62,120,7,17,106,45,30,185,0,18,0,9,97,0,48,74,5,30,77,145,1,278,239,157,23,9,0,85,20,9,1,18,263,8,131,102,22,104,2,602,52,163,18,0,16,0,17,122,0,6,40,6,21,23,15,6,268,138,2,33,0,126,0,0,407,2,2,0,7,6,88,3,172,17,4,11,313,0,0,42,0,2,428,10,3,2,0,62,2,2,2,13,132,103,43,0,0,18,2,9,0,0,0,0,140,180,4,11,6,0,3,3,22,11,0,0,78,56,2,27,1416,0,0,202,0,0,72,79,13,215,2,148,6,3835,1,1,2,31,0,1,3,1,0,5426,68,0,2,412,1,4,0,0,0,0,241,4,0,11,0,0,29,10,0,75,0,2725,13,15,985,7,0,1,0,3487,23,0,0,0,0,11,2,153,145,190,257,0,4,0,2,0,6,0,0,0,6,0,0,0,2,5,0,0,95,1,0,92,141,6,3,0,5,0,38,0,30,0,8,2,11,1,829,309,856,0,0,2,0,0,6,0,236,0,0,0,0,86,0,32,1,16,0,63,0,0,0,0,0,4,3,1,3,0,1,0,3,12,81,1,0,16,7,0,6,0,222,396,701,0,38,4,0,1,24,10,0,0,0,9,0,0,0,0,7,0,2,0,684,0,0,0,0,0,0,52,0,13,0,0,1,0,0,0,2,4,0,15,4,4,1,0,1,291,4,54,0,1,949,0,0,23,0,0,0,0,0,0,0,10,0,0,120,84,0,7,0,0,0,0,44,1495,0,17,0,0,0,0,182,0,27,0,87,0,0,4,22,0,0,0,0,0,0,0,0,0,56,0,0,0,0,0,0,0,0,0,6,0,0,0,0,0,3,19,0,171,0,0,0,21,0,0,0,0,2,0,1,0,0,12,0,0,15,0,0,0,0,0,0,16,0,0,0,0,0,0,1,20,6,0,0,2,0,7,0,0,0,15,0,0,0,0,7,0,0,3,0,51,0,23,0,8,0,0,0,0,0,0,0,2,0,0,0,0,0,0,0,0,0,1,0,0,4,0,0,8,0,248,7,0,0,0,21,0,0,0,0,0,34,0,3,0,0,0,0,0,0,0,0,10,46,2,0,1,7,2,0,15,164,12,0,37,0,0,0,0,0,0,17,0,0,0,0,13,0,0,1,0,0,20,0,2,11,0,68,0,0,0,0,0,0,0,0,0,2,0,6,0,238,2,3,21,0,7,0,0,0,0,0,26,18,0,2,1,1,2,3,0,0,0,0,0,0,0,0,0,0,58,17,0,3,13,433,0,16,6,0,0,0
TCGA-ED-A7XP_243,1.0958904109589,0,53,0,2,2,0,0,325,16,27,42,17,14,5,7,21,14,5,25,73,26,1,17,288,4,157,62,34,11,8,0,13,5,6,54,5,193,103,12,14,48,1,0,299,22,6,19,19,0,7,5,19,1,114,44,0,12,8,11,38,36,0,6,31,12,2,86,0,2,0,1,259,0,43,29,2,56,23,276,0,131,89,220,90,7,0,113,14,3,0,20,71,0,56,7,32,182,4,319,49,40,4,0,1,0,6,35,0,4,6,0,20,1,4,9,35,10,0,6,1,149,0,0,47,0,0,0,1,0,4,1,211,4,0,1,467,0,0,73,0,2,219,8,1,0,0,161,0,0,6,6,47,64,31,0,0,1,0,46,0,0,0,1,51,8,1,2,1,0,2,0,1,7,3,0,55,26,0,4,1282,0,0,177,0,0,84,13,1,132,0,59,0,1788,0,0,0,5,0,0,19,0,0,756,10,0,1,194,0,0,1,0,0,0,21,0,0,4,0,0,23,4,0,13,0,286,3,11,549,0,0,0,0,1348,1,0,0,0,0,1,2,99,38,26,559,0,0,0,0,2,9,0,0,0,0,0,0,0,0,1,0,1,27,0,0,33,66,0,0,0,3,0,81,0,5,0,1,1,1,0,459,0,428,0,0,2,16,0,6,2,118,0,0,0,0,0,1,0,0,1,0,36,4,0,0,0,0,1,2,0,0,0,0,0,3,3,7,0,0,4,1,0,0,0,105,2725,56,1,28,0,0,0,28,5,0,5,0,0,0,0,0,0,0,0,21,0,354,0,13,0,0,0,0,0,0,7,0,0,0,0,0,0,0,21,0,37,0,2,0,0,1,0,55,5,0,101,226,0,0,10,0,0,0,1,0,0,0,0,0,0,81,0,0,0,0,0,0,0,7,79,0,106,0,0,0,0,1,0,11,0,0,0,0,0,4,0,0,0,0,0,0,0,0,0,191,0,0,0,0,0,0,0,0,0,0,0,0,0,0,0,1,0,0,4,0,8,0,69,0,0,0,0,0,0,0,0,0,0,0,0,0,0,0,117,0,0,0,0,0,0,0,0,0,0,2,0,0,0,0,32,0,2,0,0,0,27,0,0,0,0,0,0,0,63,0,0,0,0,2,0,0,0,0,0,0,0,0,0,0,1,0,0,0,0,0,0,0,0,0,0,5,0,0,0,9,16,4,0,0,0,201,0,0,0,0,0,0,1,0,0,0,0,0,0,0,0,0,0,2027,0,0,0,0,0,0,0,0,48,0,0,0,0,1,0,0,0,0,0,0,0,0,38,0,0,0,0,5,13,0,33,0,0,188,0,0,0,0,1,5,0,0,0,14,0,0,0,2342,0,0,0,0,0,0,0,0,0,0,31,0,0,0,0,0,0,370,0,0,10,0,0,3,0,0,0,41,3835,0,37,0,6,9068,0,9,0,0,9,0
TCGA-ED-A82E_244,1.11780821917808,0,60,0,3,3,0,0,0,0,0,0,0,2,2,0,5,0,0,0,3,4,0,0,4,0,18,0,0,0,0,0,0,0,0,0,0,0,5,0,0,0,0,0,0,0,0,0,2,5,0,0,0,0,6,0,0,0,4,1,0,13,0,6,0,0,0,0,0,0,5,0,0,0,0,5,0,3,0,0,0,0,0,0,10,0,0,0,0,0,0,1,0,0,0,0,1,0,21,6589,0,0,0,1,4,0,21,0,0,0,0,0,0,0,0,0,0,0,0,0,3,0,39,0,0,0,0,6,21,0,0,0,0,0,0,0,0,0,0,0,0,0,0,1,0,0,0,0,0,0,0,0,0,0,0,0,14,0,0,0,6,0,0,0,0,6,0,0,0,0,0,0,2,0,2,0,0,0,0,0,0,0,0,0,0,0,0,0,0,0,0,0,0,0,0,0,0,0,0,0,0,0,0,2,0,0,0,0,0,0,0,0,0,0,0,0,0,0,5,0,0,0,0,0,0,0,0,0,0,0,0,0,0,0,0,0,0,3,0,3,0,0,0,0,0,0,0,0,0,58,0,2,1,0,0,3,0,0,0,0,0,2,2,14,0,0,0,13,0,0,0,0,522,0,0,1,0,0,0,0,0,0,47,0,0,0,0,2,0,0,0,0,0,0,0,0,0,0,0,0,0,0,9,0,0,0,0,0,0,0,0,4,0,0,0,0,0,0,0,0,6,0,0,8,0,0,84,0,0,0,0,0,1,0,0,0,23,0,0,0,0,0,0,0,17,8,0,0,0,0,0,0,0,0,0,0,0,12,0,0,0,0,0,6,0,0,0,0,0,0,0,0,0,0,0,0,0,0,0,0,0,0,1,0,0,0,0,0,0,0,0,0,0,0,0,2,2,0,0,0,4,0,0,0,0,0,0,0,0,0,0,0,0,0,0,2,0,0,0,0,0,107,0,3,0,0,0,0,0,0,0,0,0,32,0,0,0,0,0,0,5,0,0,0,0,0,0,0,0,0,0,0,0,29,0,0,0,14,0,0,0,0,0,0,0,0,0,0,0,0,0,0,5,5,160,0,0,17,0,0,0,0,0,0,0,23,0,0,0,0,5,0,0,13,0,0,0,6,549,0,0,0,0,0,0,212,0,0,0,0,0,0,0,0,0,0,0,0,0,0,0,0,0,0,0,0,0,0,0,0,0,0,0,0,0,0,3,0,0,20,0,0,0,0,0,0,14,0,0,0,0,0,0,0,0,0,0,5426,0,0,0,0,0,0,0,0,0,0,0,0,0,3,0,0,2,0,0,0,17,0,0,0,0,0,0,108,0,0,0,0,0,0,0,0,0,0,4,0,0,0,0,0,0,0,0,0,0,5,0,0,0,0,0,0,0,0,7,0,0,0,25,0,0,0,387,0,0,0,0,0,6,0,0,0,0,0,0
TCGA-ED-A8O5_245,1.11232876712329,0,59,0,3,3,0,0,1,0,24,0,5,26,1,4,6,0,7,8,8,22,1,0,90,8,0,1,28,28,20,3,0,0,4,2,0,146,52,0,0,11,0,0,0,8,71,0,15,6,0,0,0,0,22,45,0,24,5,0,4,6,1,16,2,52,7,6,0,15,10,0,75,0,0,11,0,0,92,116,3,188,332,72,8,4,0,0,40,1,0,3,1,0,61,7,32,93,28,569,15,0,6,0,0,0,9,90,0,4,7,0,6,29,0,14,36,0,0,30,0,1,2,0,44,0,0,69,9,4,10,2,0,6,0,2,14,0,1,20,0,0,335,0,1,0,0,80,1,7,0,37,78,166,16,0,6,31,0,3,0,0,0,1,76,481,3,0,11,0,0,0,0,5,0,0,93,6,0,34,65,0,0,531,16,5,29,15,2,0,0,156,0,2342,0,0,0,7,0,0,0,0,0,459,0,0,2,147,0,0,1,0,0,0,15,1,0,30,0,3,56,10,0,23,1,379,21,0,313,0,0,0,0,1902,0,0,0,0,6,0,0,53,1,11,160,0,0,0,0,8,11,0,0,0,1,0,0,2,1,11,7,1,590,11,0,71,257,2,0,0,0,0,25,2,48,0,59,2,0,0,383,0,885,0,0,2,0,0,1,0,2,0,0,0,0,1,0,68,0,20,37,25,30,0,0,0,0,0,4,0,1,0,0,89,0,0,238,1,0,0,1,0,16,0,63,131,0,0,20,0,0,66,2,0,0,0,0,0,0,0,0,0,1,1,35,1,121,0,5,0,0,0,0,0,0,0,0,0,0,0,0,0,2,112,0,26,0,0,0,0,0,104,1,6,0,1,2,0,0,2,0,0,6,0,0,0,0,0,0,0,133,0,0,0,0,0,0,1,29,195,0,142,0,0,0,3,8,0,0,1,37,0,1,3,1,8,0,0,0,0,0,2,0,0,121,0,0,0,0,0,0,0,6,4,1,0,0,0,0,0,23,0,0,134,0,29,0,15,0,0,0,0,0,0,0,12,0,3,0,0,417,0,0,38,1,0,3,0,0,0,0,0,0,1,0,0,1,0,0,6,0,0,4,0,0,0,0,0,0,0,3,0,0,84,0,0,10,0,45,0,0,0,0,0,3,71,0,0,0,0,0,0,0,0,0,0,0,0,0,0,22,0,0,0,0,4,0,0,0,0,0,0,0,0,0,6,0,0,0,0,0,0,1,0,0,0,0,0,3,0,0,0,0,0,0,0,0,0,0,11,0,0,0,0,0,0,0,0,0,5,0,10,0,11,43,0,0,0,0,0,0,0,1788,0,0,2,0,13,0,0,0,0,0,0,0,0,0,0,3,0,0,0,0,0,28,1,0,0,0,0,0,0,0,0,0,0,0,0,0,0,0,62,0,0,0,0,76,19,0,0,0,0,0,6,0,0,0
TCGA-ED-A8O6_246,0.153424657534247,1,50,0,3,3,0,0,0,22,26,0,4,6,4,0,5,1,0,0,6,49,0,3,31,11,0,0,17,4,0,0,0,0,5,12,0,14,18,0,3,49,1,3,48,14,27,2,8,9,1,0,0,0,116,13,0,2,1,0,4,54,11,6,15,5,0,140,1,13,4,0,2,2,4,81,0,1,118,185,2,8,14,15,9,2,0,0,19,3,4,15,5,0,76,10,36,8,11,1416,31,0,15,1,0,0,0,37,0,25,8,0,9,8,0,3,28,16,1,10,2,20,5,0,58,2,0,1,0,8,34,6,43,0,2,15,10,0,1,21,0,1,212,3,6,2,0,3,2,4,0,0,93,77,6,0,6,0,2,1,22,0,0,0,25,28,2,3,5,0,0,1,1,9,0,0,22,51,0,31,497,0,0,143,2,8,37,4,0,0,1,29,0,915,0,0,3,7,1,1,0,0,0,288,0,0,4,137,2,0,0,0,0,0,2,2,0,13,0,0,11,22,0,13,0,736,4,1,291,0,0,2,0,3835,0,0,0,2,11,0,0,0,112,42,41,0,1,0,0,1,0,0,0,0,2,0,0,4,0,8,3,0,151,9,0,76,112,0,0,2,0,0,90,2,30,0,20,2,0,0,44,0,120,0,0,4,6,0,0,8,6,0,0,0,0,19,2,0,0,3,0,7,27,0,0,0,3,0,0,0,0,0,0,9068,0,0,55,0,0,0,0,0,0,6,65,192,84,0,55,0,0,61,11,0,0,0,0,0,0,0,0,0,0,0,115,8,172,0,21,0,0,0,0,0,0,0,38,1,0,0,0,0,2,107,0,0,0,3,0,0,0,185,0,11,0,5,8,0,0,0,0,0,0,0,0,0,4,8,0,0,177,0,0,0,0,0,0,4,61,225,0,164,0,0,0,0,89,0,9,0,0,0,13,0,0,33,5,0,0,0,0,2,0,0,25,0,5,0,0,0,0,0,29,0,0,0,0,0,0,0,13,9,0,11,0,1,0,38,14,0,0,0,0,0,0,24,0,21,0,0,52,0,14,3,0,0,7,0,0,0,1,0,2,0,49,0,1,0,0,3,0,0,0,0,0,4,0,0,7,0,4,0,0,159,0,0,0,0,201,0,1,0,0,0,3,12,0,0,0,0,0,0,0,0,0,0,0,0,0,0,19,0,0,0,0,6,2,0,0,0,0,0,0,0,0,17,2,0,0,2,0,0,0,0,0,0,4,0,12,0,0,1,0,0,57,0,123,514,0,8,0,0,0,0,0,6,0,0,0,2,0,0,0,5,21,0,0,3,0,0,0,0,949,0,0,7,0,56,0,0,0,0,4,0,0,0,2,0,4,0,0,0,0,0,66,0,0,0,0,0,0,0,0,0,307,0,51,0,0,0,1,0,0,0,5,0,2,0,0,0,14,0,0,4,0,0,0
TCGA-ED-A97K_247,0.0164383561643836,0,54,1,3,3,0,0,25,40,9,18,4,11,1,3,6,3,4,13,18,16,0,0,18,0,52,0,10,3,0,0,1,0,0,13,2,30,115,1,0,103,0,3,63,38,50,0,4,9,3,2,8,0,14,11,0,12,0,5,5,45,0,3,5,4,0,81,0,0,1,0,36,6,1,20,2,9,20,97,0,37,80,10,3,0,0,25,1,2,0,5,54,0,14,8,15,71,47,2725,12,3,6,0,4,0,2,9,0,5,6,0,9,0,0,0,46,0,0,1,15,2,1,0,172,0,0,27,3,0,15,0,26,0,0,0,159,0,0,6,0,0,76,3,0,0,0,52,0,1,0,0,38,29,12,0,0,3,0,1,9,0,0,0,12,590,0,5,0,0,0,0,2,1,3,0,4,7,0,3,2530,0,0,45,2,0,20,15,13,2,0,47,0,346,0,0,5,0,0,0,2,0,0,87,1,0,0,125,0,0,0,0,0,0,0,0,0,3,0,0,5,4,0,55,0,531,3,1,402,0,0,0,0,614,1,0,0,0,0,16,0,30,3,33,34,1,0,0,0,39,0,0,0,0,0,0,0,0,0,0,8,0,34,27,0,18,71,0,0,0,0,0,169,0,14,0,9,0,2,0,98,2,72,0,0,0,0,0,3,4,50,0,0,0,0,0,0,24,5,2,6,8,42,0,0,0,0,0,0,0,0,0,0,0,1,0,23,7,0,0,10,2,38,12,55,85,3192,8,9,0,0,0,0,3,0,0,0,0,0,16,7,0,0,0,8,0,28,0,2,0,0,0,0,5,0,4,0,0,0,0,0,0,0,153,0,5,0,0,0,0,0,95,4,3,0,1,0,0,2,55,0,0,0,0,0,6,0,0,0,39,29,0,1,0,0,0,0,0,3,7,2,28,0,0,0,0,11,14,1,0,23,0,0,0,0,0,0,0,0,0,0,0,0,2,113,0,0,0,0,0,0,0,339,4,0,0,0,0,0,0,0,0,0,2,4,3,0,10,0,0,6,0,0,0,0,0,0,83,0,0,1,0,0,1282,0,0,0,8,0,0,0,0,20,0,100,0,0,13,7,0,0,1,0,0,0,49,0,0,0,0,54,0,0,11,0,0,0,0,366,0,0,0,5,0,0,0,0,0,0,0,0,0,0,0,0,0,0,0,0,0,3,0,0,3,6,0,14,0,0,0,8,0,0,0,0,0,89,0,0,4,0,0,0,0,67,0,22,0,6,0,0,0,0,0,0,4,216,522,0,0,0,0,0,0,0,0,2,0,0,1,0,0,0,0,641,0,0,0,10,43,17,0,1,0,0,7,684,6,0,0,0,0,0,1,0,0,93,0,2,0,0,0,0,0,0,0,0,7,0,0,0,0,0,0,137,0,17,0,0,0,8,0,0,0,203,44,6,0,0,0,459,0,0,0,0,0,2
TCGA-EP-A12J_248,1.56164383561644,0,62,1,1,1,2,2,255,339,163,265,68,82,57,70,60,73,53,50,80,129,9,40,474,38,531,569,100,39,9,12,29,7,16,69,142,358,196,113,51,170,24,12,379,803,203,45,43,0,44,33,467,4,133,135,0,44,16,37,89,159,0,15,98,55,37,422,0,11,0,14,193,0,29,350,10,28,148,286,0,283,559,497,36,3,0,73,44,4,0,41,215,9,188,17,30,276,3,257,51,259,0,0,58,0,23,154,0,0,61,1,15,93,2,12,230,97,1,46,0,161,0,0,226,0,2,0,52,0,118,0,142,21,0,0,614,0,0,34,3,10,684,17,0,0,0,207,0,0,2,28,252,132,72,0,0,22,0,15,0,0,3,1,248,505,0,13,13,0,1,0,13,0,4,0,55,45,4,59,3487,0,0,396,0,0,143,105,10,88,0,174,14,1788,2,3,0,31,0,0,9,0,0,2530,22,0,0,540,0,0,0,0,0,0,40,0,6,10,0,0,71,0,1,117,0,1902,18,10,856,7,1,0,0,6589,59,0,0,0,0,10,1,332,94,374,335,0,0,2,0,2,14,0,0,0,0,0,0,0,0,22,0,0,383,2,1,84,241,4,0,1,4,0,4,0,62,0,33,0,36,0,417,141,412,0,0,5,11,0,2,0,211,0,1,0,0,56,0,15,3,24,0,189,4,0,0,0,0,2,5,9,7,0,4,0,6,101,316,4,0,1,35,0,10,0,82,701,132,0,67,15,0,0,42,35,0,7,0,10,0,0,0,1,4,0,0,0,278,0,1,0,0,0,0,40,0,36,0,0,0,0,0,0,13,16,0,15,0,0,2,0,5,387,50,54,0,42,72,0,0,22,0,0,0,0,4,0,0,17,0,0,274,38,0,0,0,0,0,0,31,1282,0,105,1,0,0,3,111,0,29,0,145,0,0,7,27,0,4,0,0,0,0,0,0,0,114,6,0,0,1,0,0,1,0,0,3,0,0,1,0,0,0,42,0,147,0,0,0,153,0,0,0,0,6,0,0,0,0,1,0,0,2,0,0,1,0,0,0,245,0,0,0,4,0,0,3,5,10,0,0,40,0,2,0,0,0,89,0,4,0,0,0,0,0,5,0,49,12,18,18,18,0,0,0,0,0,5,0,0,2,0,0,0,0,0,0,0,0,0,0,0,42,1,0,27,0,5,12,0,0,0,16,0,0,0,0,0,5,0,4,0,0,0,0,1,0,0,0,0,9,2,0,0,9,11,0,22,201,10,2,104,0,5,0,0,0,0,24,2,0,0,0,27,0,1,1,0,0,0,0,9,40,0,6,0,0,4,0,2,2,0,0,0,4,0,12,0,107,2,0,94,0,0,1,0,0,0,0,151,0,0,0,0,4,3,0,0,0,0,0,0,0,0,0,0,0,11,25,8,0,19,84,2,0,11,0,0,54
TCGA-EP-A12J_249,1.56164383561644,0,62,1,1,1,2,2,153,316,220,27,76,54,104,54,44,28,25,61,200,30,8,52,590,24,1788,24,113,34,17,18,34,15,8,68,59,474,163,73,34,262,25,15,540,129,29,24,19,0,3,19,143,6,39,163,0,33,17,32,57,105,0,18,97,33,12,133,0,18,0,10,1071,0,47,140,9,41,78,392,0,216,497,95,64,15,0,19,42,9,0,9,183,3,121,19,102,779,1,85,61,5426,1,0,8,0,9,141,0,1,15,3,21,4,7,9,514,5,0,24,0,177,0,0,226,0,14,0,12,0,13,1,302,4,0,0,856,0,0,46,2,2,829,30,0,0,0,255,0,1,12,29,272,140,48,0,0,20,0,52,0,0,1,3,265,569,0,6,11,0,3,0,7,1,20,0,57,54,0,87,1495,0,0,210,0,0,115,30,9,0,0,49,0,4752,3,5,0,18,0,0,50,0,0,1348,4,0,0,342,0,0,2,0,0,1,39,0,6,6,0,0,17,3,2,11,0,85,0,51,522,0,2,0,0,2962,16,0,0,0,0,8,1,319,83,124,238,0,0,0,0,0,10,0,0,0,1,0,0,0,1,20,0,1,154,0,0,66,332,1,0,3,0,0,0,0,10,0,20,0,24,2,127,75,304,0,0,2,7,0,9,5,268,0,5,0,0,3,0,263,1,10,0,59,2,0,0,0,0,1,26,38,17,0,0,0,9,58,84,23,0,1,14,0,1,0,325,1025,157,0,75,0,0,6,48,8,0,7,0,3,5,0,0,5,0,0,0,0,0,0,0,0,0,0,0,0,0,0,0,0,0,0,0,0,1,66,0,0,0,5,0,0,6,13,162,22,0,53,14,0,0,26,0,0,0,8,0,0,0,10,0,0,15,8,0,2,0,0,0,0,64,245,0,98,5,0,0,8,15,0,3,0,0,0,0,0,6,0,1,0,0,0,0,0,0,0,756,0,0,0,7,2,0,4,0,1,0,0,0,0,0,0,0,1,0,19,0,0,0,211,0,0,0,0,0,0,0,0,0,0,0,0,0,0,0,0,0,0,0,13,1,0,0,4,0,0,0,0,0,0,0,11,0,0,0,0,0,24,0,1,0,0,0,0,0,0,0,0,8,0,0,4,0,0,0,0,0,0,0,0,1,0,0,0,0,0,0,0,0,0,2,0,17,0,0,0,0,243,2,0,0,0,5,0,0,0,0,0,1,0,0,0,0,0,0,0,0,0,0,0,2,0,5,0,0,56,0,0,0,0,0,0,0,0,0,0,0,0,0,0,0,0,0,9,0,4,0,0,0,15,0,146,0,0,0,0,0,0,0,17,11,0,0,0,14,0,0,0,18,64,13,309,0,0,3,0,0,0,14,1,0,0,0,0,0,0,0,0,0,0,0,0,2,0,0,0,5,0,73,288,0,0,1,0,0,0,0,10,93
TCGA-EP-A26S_250,1.66575342465753,0,70,1,1,1,2,0,283,185,151,239,139,82,38,63,67,72,14,78,77,89,9,36,701,41,628,668,75,71,14,14,45,14,17,53,151,453,217,111,70,265,24,36,396,590,101,41,31,0,28,34,299,12,117,150,0,97,24,27,84,180,0,29,71,111,25,319,0,17,0,17,178,0,49,332,9,25,206,497,0,270,641,302,50,7,0,125,44,11,0,36,467,7,160,52,45,522,0,128,50,949,0,0,32,0,37,113,0,0,104,6,24,72,5,12,177,85,1,48,0,188,0,0,248,0,3,0,29,0,190,0,253,13,0,0,915,0,0,45,7,3,474,21,0,0,0,157,0,0,6,34,412,140,91,0,0,29,0,35,0,0,5,4,141,614,0,39,7,0,3,0,22,0,9,0,62,49,6,30,4215,0,0,433,0,0,107,106,21,65,0,138,13,1788,5,2,0,52,0,0,18,0,0,3487,18,0,0,559,0,0,1,0,0,4,108,0,7,8,0,0,78,0,3,304,0,3192,24,11,1282,5,2,0,1,9068,75,1,0,0,0,19,2,313,66,245,350,0,0,7,0,0,12,0,0,0,0,0,0,0,0,14,0,4,153,0,1,164,241,2,0,1,22,0,3,0,42,0,19,0,32,0,779,128,422,0,0,9,0,0,7,0,199,1,3,0,0,86,0,54,2,20,0,124,0,0,0,0,0,0,14,7,8,0,8,0,0,1,257,2,0,2,10,0,28,0,153,579,210,1,54,18,0,0,68,48,0,4,0,16,1,0,0,1,21,0,0,0,346,0,0,0,0,0,0,6,0,24,0,0,0,0,0,0,13,0,0,29,0,4,2,0,7,309,40,70,2,17,514,0,0,21,0,0,0,0,10,0,0,10,1,0,407,5,0,3,0,0,0,0,23,803,0,36,2,0,0,2,49,0,27,0,272,0,0,11,35,0,5,0,0,1,0,0,0,0,286,3,0,0,0,0,0,2,0,0,10,0,0,1,0,0,4,15,0,131,0,0,0,97,0,2,0,0,0,0,0,0,0,0,0,0,0,0,0,8,0,0,0,132,0,0,0,0,0,0,0,0,28,0,0,33,0,14,0,0,0,6,0,6,0,5,5,0,0,3,0,27,3,32,0,34,0,0,0,0,0,0,0,7,0,0,0,0,0,0,0,0,1,2,0,0,19,0,0,43,0,9,7,0,0,0,38,0,0,0,0,0,10,0,1,0,0,0,0,7,0,0,0,1,6,2,0,0,5,11,0,47,428,19,5,56,0,0,0,0,0,0,20,1,0,0,0,27,0,0,0,0,0,2,0,10,47,0,1,0,0,0,0,0,2,0,0,0,6,0,14,1,196,7,4,156,0,0,0,0,0,0,0,49,18,0,0,0,3,5,2,0,0,0,0,1,0,0,0,2,0,20,82,1,0,19,163,2,0,16,0,0,53
TCGA-EP-A26S_251,1.66575342465753,0,70,1,1,1,2,0,281,219,180,90,79,82,49,41,58,45,38,60,120,36,13,31,1416,21,718,9,127,37,9,19,31,28,3,77,83,302,123,81,40,231,17,20,779,144,28,51,11,0,6,25,35,7,154,171,0,76,44,13,62,114,0,30,134,27,17,10,0,29,0,0,402,0,41,278,2,16,362,392,0,207,1113,121,14,27,0,21,97,6,0,21,358,2,149,30,41,756,0,161,40,3835,0,0,4,0,7,47,0,0,39,18,39,35,8,8,100,13,0,12,1,203,0,0,151,0,4,0,6,0,4,0,175,3,0,0,481,0,0,35,15,4,125,17,0,0,0,628,0,0,12,53,246,165,34,0,0,26,0,74,0,0,0,6,140,422,0,10,8,0,7,0,2,1,5,0,44,40,3,9,1166,0,0,474,0,0,73,48,4,0,0,45,8,3487,4,1,0,16,0,0,8,0,0,531,0,0,0,374,0,0,0,0,0,0,94,0,6,7,0,0,12,1,3,10,0,134,1,47,379,0,2,0,0,12700,20,0,0,0,0,11,0,316,21,101,169,0,0,4,0,5,5,0,0,0,2,0,0,0,0,15,0,3,58,0,0,70,307,0,0,0,1,0,0,0,86,0,15,0,19,0,138,2,346,0,0,0,0,0,9,10,74,7,0,0,0,80,0,0,0,7,0,1,29,0,0,0,0,0,9,8,7,0,0,0,17,0,9,21,0,1,0,0,7,0,304,614,6,0,54,4,0,0,69,0,0,0,0,4,4,0,0,0,1,0,0,0,68,0,1,0,0,0,0,0,4,6,0,0,0,1,0,0,0,46,0,1,0,6,0,0,6,70,65,0,0,55,6,0,0,0,0,0,0,0,0,0,0,10,0,0,49,1,0,0,0,0,0,0,69,319,0,43,1,0,0,6,33,0,0,0,0,0,0,0,2,0,1,3,0,0,0,0,0,0,653,0,0,0,3,1,0,3,0,7,0,0,0,0,0,0,6,0,0,26,0,0,0,50,0,0,0,0,0,0,0,0,0,0,0,0,2,0,0,0,0,0,0,17,0,0,0,0,0,1,0,0,2,0,0,2,0,30,0,0,2,0,0,0,0,0,0,0,0,1,0,0,9,0,0,34,0,0,0,0,0,6,0,0,0,0,0,0,0,0,0,0,0,0,0,0,0,0,1,0,0,36,0,0,0,0,9,0,0,0,0,0,0,0,0,0,0,0,1,0,0,0,0,0,4,0,3,0,0,736,0,0,0,9,0,0,0,0,2,0,0,0,19,0,0,0,2,0,0,3,0,0,0,25,0,48,0,0,13,0,0,0,0,21,8,0,0,0,0,0,0,0,26,5,3,447,0,0,12,1,0,0,3,20,0,0,0,0,0,0,0,0,0,0,0,0,0,0,0,0,0,0,20,505,0,0,1,0,1,0,0,0,91
TCGA-EP-A2KA_252,1.71780821917808,1,52,0,3,3,2,2,1,0,28,0,2,6,0,0,26,31,0,11,24,0,0,11,45,0,0,7,8,6,0,0,15,0,3,2,1,5,29,0,7,136,0,0,0,154,10,3,2,0,0,1,1,0,36,53,2,23,0,3,8,97,4,15,0,18,3,11,2,0,16,0,17,0,35,37,6,19,5,72,7,114,101,0,2,0,7,36,1,0,5,0,64,0,126,2,9,64,5,2725,11,3,15,0,3,0,8,32,0,8,8,0,13,2,1,5,131,0,0,5,16,16,0,0,129,3,0,0,2,7,6,6,5,0,4,7,0,0,1,0,0,2,79,8,9,1,0,27,2,4,0,27,69,23,29,0,13,2,0,1,1,1,0,1,92,514,2,0,5,1,0,0,0,19,0,0,32,3,0,17,29,0,0,220,2,0,16,2,0,0,0,38,0,985,0,0,0,27,0,9,40,0,0,226,2,0,4,133,6,0,0,0,0,0,0,1,0,11,0,0,13,10,0,0,1,1071,1,0,166,0,0,1,0,1166,0,0,0,0,0,0,1,71,0,168,0,0,2,0,0,30,3,0,0,0,2,0,0,0,2,0,3,0,17,8,0,1,59,0,2,0,0,0,34,12,31,0,0,3,0,0,428,0,94,0,0,0,6,0,2,6,252,0,0,0,0,0,1,114,0,0,13,145,2,0,0,0,0,0,0,0,0,0,0,0,0,0,0,4,0,0,26,0,13,0,379,236,12,7,17,0,0,6,4,0,0,0,0,0,1,2,0,0,0,0,146,4,11,0,7,0,0,0,0,0,0,5,0,0,0,0,0,0,0,272,0,6,5,0,0,0,0,2,0,0,0,9,39,0,0,75,0,0,6,0,0,0,0,2,0,0,164,0,0,2,0,0,0,0,0,34,0,13,0,0,0,0,97,0,0,0,12,0,0,0,0,0,0,0,0,0,0,1,0,0,81,0,0,0,0,0,0,0,0,6,0,0,0,0,0,0,0,0,0,71,0,0,0,0,0,0,0,0,0,0,0,0,0,0,0,0,2,0,0,1113,0,0,0,2,0,0,0,0,0,0,0,1,1,4,0,1,0,0,0,0,0,64,0,0,0,0,93,0,0,36,0,0,0,0,0,0,0,0,0,0,0,0,0,0,0,0,0,0,0,0,0,0,0,0,0,0,11,0,0,0,1,0,4,0,0,0,5,0,4,0,0,0,0,0,0,0,0,0,0,0,0,0,3,0,0,6,0,0,0,0,0,0,11,99,0,0,0,0,0,0,1,0,0,0,0,0,0,34,0,0,0,0,0,9,0,0,0,0,191,0,0,10,1,0,0,0,0,0,0,0,0,0,0,0,0,0,0,668,0,0,0,0,0,0,0,0,0,0,0,0,497,0,0,0,0,0,0,0,0,0,0,0,58,0,0,0,0,0,0,0,0,0,0
TCGA-EP-A2KB_253,1.63287671232877,1,46,0,1,1,2,2,42,6,32,7,21,10,3,9,13,6,2,5,10,24,2,13,158,11,11,123,27,13,3,1,0,0,5,17,3,11,92,13,4,7,3,0,32,3,65,17,17,2,1,14,2,0,180,59,0,33,3,0,0,26,7,7,6,27,6,278,0,26,8,2,30,0,24,31,0,2,13,230,8,74,144,299,16,0,2,0,28,4,0,15,8,0,36,12,10,155,10,505,50,1,19,0,3,2,0,45,0,17,25,1,2,4,0,14,85,6,0,20,1,18,13,0,48,1,0,4,2,3,24,11,447,3,2,5,46,0,4,15,0,1,296,0,5,1,0,66,2,4,0,8,96,459,20,0,0,41,2,7,0,0,0,0,202,1,4,9,5,0,0,3,0,20,0,0,62,34,0,70,211,0,0,207,27,13,47,56,0,21,0,117,0,2027,1,0,0,7,0,4,2,0,0,1282,0,0,7,281,0,0,0,0,0,0,26,2,0,19,0,1,29,18,0,24,0,1348,24,10,329,2,0,2,0,2725,0,0,0,0,0,0,1,46,3,79,153,1,1,0,0,0,6,0,0,0,2,0,0,4,0,8,0,0,179,1,0,110,149,2,2,0,0,1,168,0,6,0,51,3,0,0,245,0,383,0,0,2,0,0,4,0,1,0,0,0,0,1,0,34,0,9,27,42,0,0,0,0,1,0,0,1,0,0,0,779,0,2,107,0,0,6,1,0,1,0,195,145,41,0,41,0,0,69,18,0,0,0,0,0,0,0,0,0,1,0,22,3,199,0,0,0,0,0,0,0,0,0,0,0,0,0,0,0,4,43,0,15,2,2,0,0,3,15,2,9,0,9,0,0,0,8,0,0,0,0,0,0,0,5,0,0,531,0,0,0,0,0,0,0,172,309,0,22,0,0,0,0,40,0,8,0,8,0,1,4,1,0,0,0,0,0,0,3,0,0,46,0,0,0,0,0,0,0,0,4,0,0,0,0,0,0,12,2,0,41,0,31,0,29,0,0,0,0,0,0,0,4,0,7,0,0,407,0,0,0,0,0,6,0,0,0,0,0,0,0,0,0,2,0,0,3,0,0,2,0,0,5,0,0,0,0,43,0,0,121,0,2,0,0,0,2,0,0,0,0,24,11,0,4,0,0,0,0,0,0,0,0,0,0,0,0,5,0,3,0,15,14,1,0,0,0,15,0,0,0,0,19,1,0,0,0,0,0,0,2,0,0,0,0,21,1,0,0,0,0,47,0,0,0,0,10,0,0,0,0,0,2,60,0,0,0,0,0,0,7,0,0,0,12,0,2,0,0,756,0,0,0,0,2,0,0,0,0,3,0,0,0,101,0,8,0,0,0,0,0,21,0,0,0,7,0,0,0,0,0,1,0,0,0,0,0,0,189,0,0,0,24,13,0,1,0,142,0,3,0,0,0,0
TCGA-EP-A2KC_254,0.0520547945205479,1,62,1,1,1,2,2,5,26,53,18,29,22,20,15,21,24,39,18,96,63,5,34,283,8,163,22,85,30,9,10,38,2,8,66,40,392,84,34,25,95,30,18,257,41,14,6,8,0,2,21,109,4,111,83,0,20,17,22,9,89,0,11,27,23,6,30,0,4,0,1,459,0,42,101,10,23,14,259,0,149,125,25,9,6,0,36,14,8,0,9,34,0,76,4,165,304,3,358,42,885,3,0,5,0,7,230,0,2,6,8,13,4,1,10,668,62,1,12,0,39,0,0,69,0,1,0,1,1,42,1,132,5,0,1,559,0,0,36,11,1,497,2,2,0,0,447,0,1,12,18,48,207,33,0,0,14,0,46,0,0,0,2,100,736,0,11,5,0,0,0,11,4,2,0,114,335,0,17,4215,0,0,125,0,0,76,17,2,1,0,19,1,1902,5,1,0,3,0,0,47,0,0,579,5,0,0,514,0,0,1,0,0,0,7,0,0,10,0,0,10,7,1,6,0,272,17,17,569,0,0,0,0,2342,1,0,0,0,0,3,7,173,58,101,61,0,0,9,0,1,7,0,0,0,0,0,0,0,0,7,0,0,75,0,0,70,250,0,0,0,1,0,0,0,23,0,18,0,0,0,522,2,433,0,0,1,2,0,1,0,718,0,0,0,0,16,1,127,0,14,4,1,20,0,0,0,0,0,11,2,10,0,0,0,2,3,48,4,0,28,6,0,3,0,281,1680,1223,1,37,0,0,0,19,0,0,5,0,0,0,0,0,0,2,0,16,0,119,0,4,0,0,0,0,0,0,1,0,0,0,0,0,0,0,28,0,5,0,4,0,0,0,68,90,2,0,39,4,0,0,0,0,0,0,1,0,0,0,6,0,0,325,4,0,3,0,0,0,0,24,474,0,38,0,0,0,3,32,0,0,0,5,0,0,0,2,0,0,0,0,0,0,0,0,0,440,0,0,0,0,0,0,0,4,0,0,0,0,0,0,0,1,1,0,9,0,0,0,42,0,0,0,0,0,0,0,0,0,0,0,0,0,0,0,2,0,0,0,22,0,0,0,0,0,0,0,0,0,0,0,44,0,0,0,0,0,8,0,0,0,0,0,0,0,67,0,0,7,0,6,6,1,0,0,0,0,4,0,0,0,0,0,0,0,0,0,0,0,1,0,0,2,2,0,0,5,366,0,0,0,0,2,0,0,2,0,0,32,3,0,0,0,0,0,0,0,0,0,0,13,0,0,0,0,82,0,0,213,309,0,1,2,0,2,0,0,0,2,0,0,0,0,24,0,0,0,0,0,11,0,53,0,0,142,0,0,20,0,0,2,0,0,0,3,0,0,0,12,5,0,73,2,0,2,0,0,0,0,8,0,0,0,0,0,0,7,0,0,0,0,0,2,0,0,0,0,0,73,142,1,0,23,0,10,0,3,2,0
TCGA-EP-A3JL_255,0.83013698630137,0,76,1,1,1,2,2,60,55,59,40,21,11,10,16,27,20,16,21,73,62,2,41,115,22,276,101,29,9,1,8,12,0,13,35,54,342,68,14,25,115,9,31,433,83,22,3,13,0,5,15,60,3,110,216,0,12,23,12,28,99,5,8,32,34,6,20,0,17,1,2,51,0,50,69,2,15,48,192,2,125,108,16,14,2,0,40,10,5,0,12,387,0,79,20,41,135,1,701,24,52,11,0,2,0,12,53,0,9,16,3,13,1,8,8,392,31,0,11,0,168,0,0,132,0,1,0,2,2,123,6,53,3,0,3,92,0,0,28,0,1,160,12,3,2,0,155,0,0,0,8,70,92,36,0,0,7,1,16,0,0,0,0,81,252,2,28,2,0,2,0,12,8,6,0,64,35,0,13,4752,0,0,80,0,0,32,28,8,59,0,76,0,3192,2,3,0,28,0,0,20,0,0,1071,14,0,0,182,3,0,0,0,0,0,31,1,0,5,0,0,13,7,0,80,0,447,11,1,383,0,0,1,0,3835,11,0,0,0,0,12,2,150,50,50,113,0,1,0,0,3,2,0,0,0,0,0,0,0,0,4,0,1,17,4,0,41,87,0,1,2,4,0,24,0,23,0,19,1,0,1,641,58,272,0,0,1,5,0,3,1,407,0,0,0,0,20,1,94,2,5,0,69,9,0,0,0,0,3,0,0,3,0,0,85,0,4,38,0,0,7,7,0,6,3,497,374,6589,4,23,0,0,1,35,8,0,1,0,0,0,0,0,0,0,0,42,3,339,0,0,0,0,0,0,0,0,16,0,0,0,0,0,0,1,41,1,6,0,0,0,0,0,89,4,25,0,12,736,0,0,89,0,0,0,0,0,0,0,2,0,0,76,0,0,1,0,0,0,0,40,187,0,38,0,0,1,0,46,0,0,0,11,0,0,0,0,0,0,0,0,1,0,0,0,0,101,0,0,0,0,0,0,0,412,0,0,0,0,3,0,0,0,5,0,18,0,0,0,51,2,0,0,0,0,0,0,0,0,0,0,0,17,0,0,8,0,0,5,4,0,0,0,1,2,0,0,1,5,0,0,16,0,0,0,0,0,13,0,0,0,0,0,0,0,112,0,0,0,0,0,0,0,0,0,0,0,0,0,0,0,0,0,0,0,0,0,0,0,0,0,0,71,0,0,0,0,61,2,0,0,0,6,0,0,0,0,0,223,0,0,0,0,0,0,0,0,0,0,0,5,4,0,0,7,0,0,0,668,602,0,6,0,0,0,0,0,0,0,0,0,0,0,15,0,0,0,0,0,9,0,10,0,0,949,0,0,2,0,0,0,0,0,0,24,0,0,0,14,0,0,0,0,0,0,0,0,0,0,16,53,0,0,0,0,0,803,0,0,1,0,0,0,0,0,0,114,2,12,0,0,2,26,0,0,4,0,0,0
TCGA-EP-A3RK_256,0.994520547945206,0,73,1,3,3,2,2,12,32,19,24,11,13,19,1,22,28,7,9,33,33,2,30,127,18,856,2,23,11,3,5,6,1,2,26,31,272,125,22,10,51,9,11,346,9,3,9,2,0,3,17,1,5,64,111,0,8,16,2,19,32,6,8,45,14,3,20,0,13,4,1,718,0,46,44,17,24,83,181,4,117,122,4,11,0,0,6,7,4,2,8,73,0,52,10,50,407,1,1680,27,95,19,1,0,0,1,16,0,7,2,0,14,9,6,4,208,4,0,5,15,27,0,0,124,2,3,0,0,7,88,8,17,3,1,7,319,0,2,25,7,0,602,11,6,0,0,132,0,1,9,13,22,49,44,1,0,14,0,29,0,0,0,0,64,283,6,13,0,0,0,1,16,15,7,0,17,48,0,14,3487,0,0,39,0,0,80,11,1,0,1,75,0,2027,3,0,1,10,0,2,51,0,0,549,8,0,1,129,6,0,0,0,0,0,0,0,1,0,0,0,6,7,0,8,0,60,6,4,531,0,0,3,0,1166,1,0,0,0,0,1,0,54,44,25,100,0,3,0,2,7,0,0,0,0,4,0,0,0,2,5,0,0,2,0,0,10,152,0,2,0,5,0,2,0,22,0,7,2,4,0,23,4,201,0,0,0,0,0,3,0,199,0,0,0,0,9,0,949,0,5,0,14,9,0,0,0,0,1,10,3,10,0,0,1,0,4,0,42,0,0,0,0,1,0,342,2342,3835,7,55,1,0,0,24,21,0,5,0,0,0,0,0,0,0,0,27,1,77,0,0,0,0,0,2,0,0,0,0,0,0,0,0,0,0,137,0,0,0,2,0,0,0,36,25,0,1,54,94,0,0,114,0,0,0,1,0,0,0,5,0,0,39,0,0,0,0,0,0,0,10,236,0,36,0,0,0,0,16,0,0,0,3,0,0,0,5,0,2,0,4,0,0,0,0,0,185,0,0,0,6,0,0,0,151,0,0,0,0,0,0,0,0,0,0,6,0,0,0,10,0,0,0,0,9,0,0,0,0,0,0,0,0,0,0,2,0,0,0,8,1,0,0,0,0,0,0,2,0,0,0,16,0,0,4,0,0,78,0,0,0,0,0,0,0,42,0,0,0,19,0,0,6,0,0,0,0,0,0,0,0,0,0,0,0,0,0,0,0,0,0,0,20,0,0,0,1,33,0,11,0,0,1,0,0,0,0,0,133,0,0,0,0,0,0,0,3,0,0,0,2,0,0,0,0,55,0,0,195,4752,0,0,3,0,0,0,0,0,0,0,0,0,0,19,0,0,0,0,0,25,0,143,0,0,1,0,0,0,0,8,0,0,0,0,20,0,0,0,2,26,0,5,0,0,0,0,0,0,0,3,0,0,0,0,0,0,590,0,0,8,0,0,1,0,0,5,16,1,0,48,0,10,9,0,47,0,1,0,35
TCGA-EP-A3RK_257,0.994520547945206,0,73,1,3,3,2,2,194,235,115,253,93,97,30,63,72,96,16,82,68,103,11,63,447,25,319,206,124,76,11,23,36,16,13,38,188,668,149,138,64,268,19,40,325,653,117,25,29,0,31,35,283,16,252,120,0,101,24,29,118,205,0,33,60,94,23,417,0,17,0,27,246,0,70,379,9,21,213,402,0,342,559,250,43,7,0,107,48,17,0,31,459,9,143,36,60,433,0,155,69,628,0,0,29,0,38,138,0,0,132,7,34,140,3,18,167,90,1,56,0,146,0,0,316,0,7,0,40,0,203,0,387,17,0,0,985,0,0,32,5,2,540,25,0,0,0,255,0,0,3,41,505,181,119,0,0,15,0,31,0,0,3,4,163,579,0,46,8,0,7,0,28,0,7,0,58,59,7,89,2962,0,0,392,0,0,94,115,21,38,0,131,11,1902,5,2,0,42,0,0,30,0,0,3487,20,0,0,614,0,0,0,0,0,3,160,0,7,14,0,0,46,0,1,236,0,2175,31,14,1282,10,5,0,1,9068,59,0,0,0,0,21,4,259,74,309,212,0,0,5,0,1,16,0,0,0,0,0,0,0,0,10,0,4,217,0,1,139,225,4,0,2,27,0,11,0,67,0,23,0,33,2,1071,145,412,0,0,7,0,0,11,0,245,1,2,0,0,68,0,41,2,39,0,78,0,0,0,0,0,0,9,5,14,0,7,0,0,0,154,6,0,0,16,0,38,0,141,701,158,0,77,19,0,0,39,46,0,6,0,16,1,0,0,0,11,0,0,0,332,0,0,0,0,0,0,14,0,21,0,0,0,0,0,0,7,0,0,25,0,2,2,0,9,288,26,76,2,18,383,0,0,41,0,0,0,0,8,0,0,7,0,0,453,5,0,2,0,0,0,0,46,856,0,85,4,0,0,4,78,0,31,0,374,0,0,17,28,0,3,0,0,1,0,0,0,0,241,3,0,0,0,0,0,0,0,0,7,0,0,5,0,0,4,11,0,147,0,0,0,13,0,0,0,0,1,0,0,0,7,0,0,0,4,0,0,0,0,0,0,286,0,0,0,0,0,2,0,0,23,0,0,29,0,9,0,0,0,19,0,5,0,7,9,0,0,9,0,52,8,40,0,30,0,0,0,0,0,0,0,5,2,0,0,0,0,0,0,0,0,2,0,0,71,0,0,25,0,34,9,0,0,0,63,0,0,0,0,0,4,0,4,0,0,0,2,7,0,0,0,0,3,4,0,0,13,16,0,34,467,8,9,47,0,1,0,0,0,0,26,1,0,0,0,9,0,0,2,0,0,2,0,7,5,0,1,0,0,0,0,0,0,0,0,0,6,0,15,1,329,8,4,302,0,0,0,0,0,0,0,21,1,0,0,2,4,4,0,0,0,0,0,1,0,0,0,2,0,50,88,4,0,20,489,2,0,14,0,0,62
TCGA-ES-A2HS_258,1.88493150684932,1,80,1,1,1,2,2,90,103,74,230,105,31,43,55,26,91,41,16,34,138,2,90,481,6,60,1348,61,7,19,28,12,12,14,37,153,459,94,142,77,98,13,28,304,366,46,12,14,0,17,47,125,9,100,109,0,23,12,0,35,65,0,15,65,73,9,124,1,14,0,8,133,0,67,61,3,31,45,212,1,235,829,131,78,1,0,19,16,16,0,9,107,4,117,54,14,559,1,668,37,3,1,0,21,0,11,122,0,3,105,2,7,59,7,19,137,133,0,19,0,339,0,0,149,0,0,0,7,1,140,0,178,6,0,1,915,0,0,30,1,5,447,3,5,0,0,101,0,0,0,37,274,88,30,0,0,25,0,21,0,0,0,2,113,225,0,21,7,0,0,0,5,6,3,0,74,134,6,21,2027,0,0,332,0,0,41,73,3,94,0,136,7,2342,18,0,0,47,0,0,16,0,0,1788,1,0,0,114,5,0,0,0,0,0,20,0,4,15,0,0,36,4,0,18,0,1495,26,9,684,1,0,0,0,5426,52,0,0,0,0,8,2,283,60,514,111,0,0,5,0,5,1,0,0,0,0,0,0,0,0,8,0,1,55,0,3,97,191,0,0,3,16,0,76,0,12,0,6,0,20,0,1025,106,590,0,0,9,5,0,10,7,614,0,0,0,0,39,0,36,0,23,0,51,4,0,0,0,0,2,5,7,1,0,1,5,0,1,856,0,0,0,6,0,21,0,281,250,2175,0,33,3,0,0,34,20,0,6,0,6,0,0,0,5,4,0,0,0,49,0,0,0,0,0,0,6,0,12,0,1,0,0,0,0,7,6,0,32,0,0,0,0,4,196,6,9,0,0,181,0,0,28,0,0,1,0,0,0,0,9,0,0,779,11,0,15,0,0,0,0,169,985,0,68,0,0,0,4,91,0,6,0,20,0,3,4,12,0,7,0,0,0,0,0,0,0,92,0,0,0,0,0,0,0,0,3,0,0,0,0,0,0,2,9,0,55,0,0,0,103,0,0,0,0,0,0,0,0,0,0,0,4,0,0,0,0,0,0,0,39,0,0,0,1,0,0,0,0,30,0,0,2,0,0,0,0,0,13,0,0,0,0,10,0,0,3,0,54,2,24,0,7,0,0,0,0,0,3,0,0,1,0,0,0,0,0,0,1,0,2,0,0,185,0,1,1,0,28,3,0,0,0,3,0,0,0,0,0,112,0,0,0,0,0,0,6,0,0,0,0,1,4,0,4,0,0,0,0,15,22,0,44,0,0,1,0,0,0,31,0,0,0,0,0,0,0,0,0,0,40,0,5,3,0,354,0,0,8,0,0,0,0,0,0,0,0,1,0,12,0,0,1,1,0,0,5,2,0,0,16,0,0,0,0,0,0,0,0,0,0,0,0,0,0,0,0,15,0,15,0,0,1,0,0,0,4,0,0,7
TCGA-ES-A2HT_259,1.2,1,54,1,1,1,2,2,127,27,88,23,40,18,18,9,58,20,44,30,48,147,0,57,322,8,133,590,15,12,3,3,13,5,20,34,6,182,304,4,16,167,8,19,579,196,57,70,42,0,10,6,71,4,153,72,0,2,4,16,54,46,0,14,32,23,6,113,0,4,0,2,29,0,33,73,7,29,121,122,0,143,309,16,70,3,0,62,18,3,0,8,60,0,30,16,20,55,0,402,30,93,0,0,13,0,14,65,0,0,8,0,22,53,7,12,949,79,0,9,2,175,0,0,226,0,0,0,4,0,91,0,185,10,0,0,33,0,0,73,3,2,127,5,0,0,0,41,0,0,0,13,36,74,10,0,0,9,0,8,0,0,0,0,133,467,0,26,1,0,1,0,1,2,0,0,83,50,0,30,3192,0,0,270,0,0,27,37,28,417,0,122,3,2725,3,0,0,44,0,0,86,0,0,1902,7,0,0,208,0,0,2,0,0,0,55,0,2,1,0,0,46,0,0,132,0,602,7,6,1166,1,0,0,0,9068,6,0,0,0,0,14,0,201,7,95,163,0,0,0,0,20,2,0,0,2,0,0,0,0,0,3,0,0,54,7,0,38,36,2,0,0,0,0,7,1,9,0,17,0,3,0,489,6,276,0,0,3,7,0,3,2,121,0,0,0,0,7,0,168,8,12,0,215,0,0,0,0,0,3,0,2,0,0,0,0,6,8,50,4,0,2,3,0,1,1,497,151,4752,2,14,0,0,1,35,4,0,4,0,0,0,0,0,1,7,0,64,0,383,0,0,0,0,0,0,7,0,17,0,0,0,0,0,0,14,29,3,25,0,2,0,0,0,144,11,20,0,35,4,0,0,274,0,2,0,0,0,0,0,8,0,0,62,7,0,1,0,0,0,0,17,84,0,77,0,0,2,0,12,0,4,0,2,0,0,0,9,0,4,0,0,4,0,0,0,0,125,0,0,0,0,0,1,0,0,0,0,0,0,0,0,0,0,6,0,40,0,8,0,51,0,0,0,0,0,0,0,0,0,0,0,0,0,0,0,481,0,0,3,4,0,0,0,1,0,0,0,2,3,0,0,2,0,9,0,0,0,25,0,0,0,0,3,0,0,293,0,19,0,1,0,3,0,0,0,0,0,0,0,0,0,0,0,0,0,0,1,0,0,0,1,0,21,0,0,0,6,0,21,0,0,0,22,0,0,0,0,0,174,0,0,0,0,0,0,0,0,2,0,0,15,0,0,0,10,8,0,0,211,332,0,15,0,0,1,0,0,0,2,0,0,0,0,76,0,0,0,1,0,43,0,13,4,0,37,0,0,12,0,0,0,0,0,0,20,0,0,0,67,0,0,6,0,0,0,0,0,0,0,18,0,0,0,0,0,0,325,0,0,1,0,0,0,0,0,0,7,5,93,0,1,0,34,1,0,18,0,0,6
TCGA-ES-A2HT_260,1.2,1,54,1,1,1,2,2,130,179,120,157,46,43,22,56,55,31,57,35,94,116,5,48,299,11,255,497,45,28,8,4,40,2,11,132,35,213,366,42,37,193,14,14,325,885,113,19,19,0,32,14,143,4,28,175,0,18,13,22,35,92,0,19,93,28,11,115,0,7,0,7,132,0,18,87,17,20,233,156,0,181,346,80,23,5,0,121,27,11,0,24,281,2,111,25,37,211,2,549,44,2027,1,0,24,0,21,70,0,1,31,2,39,288,8,14,407,78,0,15,0,265,1,0,197,0,0,0,22,0,110,0,540,8,0,0,467,0,0,28,1,4,590,22,0,0,0,168,0,0,0,13,158,139,16,0,0,10,0,7,4,0,6,1,188,1113,0,18,4,0,2,0,3,0,2,0,64,54,0,23,1680,0,0,428,2,0,80,50,16,62,0,131,7,1788,1,1,0,17,0,0,9,0,0,1282,15,0,0,453,0,0,0,0,0,0,15,0,1,13,0,0,21,1,0,87,0,718,29,15,829,0,0,0,0,5426,30,0,0,0,0,17,1,263,75,374,70,0,0,3,0,5,2,0,0,0,0,0,0,0,0,11,0,0,32,11,0,67,192,3,0,0,3,0,48,0,50,0,27,0,15,1,354,32,383,0,0,2,22,0,0,2,180,0,0,0,0,34,0,39,3,13,0,245,9,0,0,0,0,1,2,1,1,0,3,0,3,86,481,3,0,1,6,0,9,0,178,309,422,0,52,1,0,0,67,29,0,2,0,3,0,0,0,0,9,0,20,0,136,0,0,0,0,0,0,98,0,20,0,0,0,0,0,0,6,18,1,26,0,0,0,0,2,417,28,25,0,118,210,0,0,29,0,0,0,0,0,0,0,5,0,0,230,4,0,0,0,0,0,0,26,668,0,102,0,0,1,1,85,1,23,0,83,0,0,5,24,0,4,0,0,0,0,0,0,0,236,3,0,0,1,0,0,0,0,0,0,0,0,2,0,1,0,13,0,56,0,0,0,57,0,0,0,0,8,0,0,0,0,7,0,0,0,0,0,5,0,0,0,30,0,0,0,0,0,2,17,23,9,0,0,18,0,0,0,0,0,74,0,0,0,4,6,0,0,89,0,140,4,7,62,23,0,0,0,0,0,2,0,0,2,0,0,0,0,0,0,0,0,0,0,0,4,2,0,13,0,0,15,0,0,0,3,0,0,0,0,0,22,0,0,0,0,0,0,0,0,4,6,0,0,3,0,0,29,15,0,37,272,12,0,30,0,0,0,0,0,0,26,1,0,3,0,4,0,0,10,0,0,0,0,49,43,0,8,0,0,65,4,4,0,0,0,0,0,16,8,0,84,0,0,46,0,0,0,0,0,0,0,65,0,0,0,0,5,2,8,0,0,0,0,0,0,0,0,0,33,3,5,14,0,13,1,5,0,0,0,0,22
TCGA-FV-A23B_261,5.07397260273973,1,70,0,2,2,0,0,157,117,120,133,76,61,18,71,66,59,50,66,91,80,10,60,402,11,309,202,109,54,8,10,25,10,10,66,78,497,283,87,39,286,23,31,628,756,101,48,17,0,39,23,119,9,129,168,0,22,19,38,45,164,0,24,74,56,20,231,0,16,0,9,253,0,44,243,6,22,152,354,0,252,417,192,43,8,0,90,36,11,0,23,433,4,122,37,71,549,3,358,53,915,0,0,17,0,37,125,0,0,40,10,20,46,4,20,201,68,1,31,0,474,0,0,217,0,5,0,35,0,109,0,313,12,0,0,949,0,0,35,3,1,885,20,0,0,0,299,0,0,5,34,156,128,40,0,0,16,0,21,0,0,2,0,147,514,0,37,12,0,2,0,17,0,5,0,61,70,7,15,2175,0,0,316,0,0,85,79,27,25,0,137,8,1585,1,1,0,21,0,0,19,0,0,1348,21,0,0,559,0,0,2,0,0,2,76,0,4,15,0,0,39,0,1,123,0,1680,39,14,1282,6,3,0,0,3835,28,2,0,0,0,15,1,265,63,278,248,0,0,6,0,1,7,0,0,0,0,0,0,0,0,16,0,0,139,3,0,149,225,1,0,0,16,0,12,0,55,0,16,0,14,1,1223,73,590,0,0,4,2,0,3,0,235,1,3,0,0,79,0,48,3,16,0,84,5,0,0,0,0,0,6,5,0,0,3,0,2,1,138,3,0,1,4,0,19,0,170,522,293,2,48,15,0,0,40,46,0,18,0,8,1,0,0,0,18,0,6,0,157,0,0,0,0,0,0,33,0,21,0,0,0,0,0,0,6,2,0,10,0,4,1,0,6,180,53,40,0,41,140,0,0,109,0,0,0,0,1,0,0,4,0,0,701,17,0,1,0,0,0,0,83,718,0,40,4,0,0,3,76,0,29,0,97,0,0,8,24,0,2,0,0,0,0,0,0,0,428,8,0,0,0,0,0,1,0,1,6,0,0,0,0,0,0,7,0,86,0,1,0,114,0,0,0,0,2,0,0,0,0,0,0,0,0,0,0,9,0,0,0,118,0,0,0,0,0,0,1,0,5,0,0,13,0,4,0,0,0,23,0,2,0,1,2,0,0,19,0,2,5,15,3,29,0,0,0,0,0,3,0,0,0,1,0,0,0,2,0,0,0,3,0,0,102,0,0,32,0,9,9,0,0,0,13,0,0,0,0,0,17,0,0,0,0,0,0,2,0,0,0,0,25,0,0,0,14,11,0,35,379,18,5,28,0,0,0,0,0,0,25,2,0,0,0,0,0,0,1,0,0,13,0,31,39,0,7,0,0,1,0,0,0,0,0,0,12,0,15,0,132,1,1,213,0,7,0,0,0,0,0,163,0,0,0,0,9,0,4,0,0,0,0,0,0,0,0,2,17,12,52,13,0,28,167,0,0,4,0,0,18
TCGA-FV-A23B_262,5.07397260273973,1,70,0,2,2,0,0,15,0,69,11,37,29,3,19,13,0,11,26,25,2,2,6,167,7,1,2,29,10,3,0,0,1,0,0,10,134,125,1,1,17,1,4,32,4,63,15,16,1,1,43,0,0,370,212,0,1,4,1,3,59,7,12,4,29,7,103,0,21,31,0,106,0,8,62,4,6,16,262,1,81,143,36,49,0,0,0,11,1,0,12,31,0,151,3,29,140,7,505,57,0,10,0,6,0,6,52,0,14,1,0,0,6,0,7,17,2,0,23,4,97,2,0,189,2,2,0,12,3,56,4,14,9,0,2,11,0,1,27,2,0,362,3,6,0,0,85,1,4,0,14,8,252,6,0,4,17,2,0,0,0,0,0,202,0,1,10,11,0,0,1,0,5,1,0,67,56,0,1,684,0,0,358,13,9,47,48,0,0,0,131,0,1025,0,0,1,6,0,4,7,0,0,396,0,0,2,91,1,0,0,0,0,0,20,1,0,16,0,0,30,21,0,6,0,779,33,16,1223,1,0,1,0,2962,0,0,0,0,0,0,1,34,0,274,10,0,0,0,0,3,18,0,0,0,1,2,0,0,1,11,0,0,145,0,0,111,236,3,1,0,0,0,52,0,32,0,14,3,0,0,68,0,522,0,0,1,0,0,9,0,5,0,0,0,0,25,0,257,0,2,1,4,18,0,0,0,0,0,0,10,0,0,0,14,0,0,85,0,0,0,8,0,0,0,134,125,2,0,52,0,0,0,0,0,0,4,0,0,0,0,3,0,0,2,153,0,73,0,4,0,0,0,0,0,0,1,0,0,0,0,2,0,8,75,0,8,0,0,0,0,0,44,3,1,0,6,0,0,0,10,0,0,3,0,0,0,0,2,0,0,316,0,0,1,0,0,0,0,110,38,0,56,0,0,0,1,235,0,0,0,0,0,0,0,2,0,0,0,0,0,0,4,0,0,153,0,0,0,0,0,0,0,0,2,0,0,0,0,0,0,24,16,0,107,0,22,6,54,0,0,0,0,9,0,0,0,0,7,0,0,191,0,0,0,0,0,9,0,0,0,0,0,0,0,0,0,4,0,1,3,0,0,0,0,0,46,0,0,0,0,9,0,0,185,0,0,7,2,0,0,0,0,0,0,11,21,0,9,0,0,0,0,0,0,0,0,0,0,0,0,13,0,0,0,1,57,0,0,0,0,0,0,0,0,0,0,0,0,0,0,0,0,0,0,0,0,0,0,0,0,0,0,25,0,0,0,83,33,0,21,0,0,0,0,0,0,23,0,0,4,0,0,0,0,0,0,0,21,0,0,0,0,1113,0,0,5,0,10,0,0,0,0,0,0,0,0,0,0,3,0,0,0,0,0,87,3,0,0,0,0,0,0,0,0,18,0,0,0,0,0,0,0,0,0,0,0,35,0,2,0,3,0,0,2,0,0,0
TCGA-FV-A2QQ_263,1.9972602739726,0,80,1,1,1,2,0,226,31,91,93,44,40,17,13,56,39,14,46,45,132,0,38,188,19,150,194,49,16,5,2,20,2,21,105,58,304,196,17,23,35,12,14,362,119,30,20,34,1,14,11,26,2,366,248,0,26,8,7,39,37,0,8,45,47,9,125,0,16,0,8,118,0,39,116,4,35,220,293,0,108,255,23,39,0,0,11,24,5,0,15,182,1,122,46,33,252,3,481,39,48,6,0,3,0,22,134,0,1,22,4,37,84,7,12,178,38,0,10,6,163,0,0,42,0,0,0,1,1,47,0,55,5,0,1,167,0,0,17,4,2,641,7,1,0,0,141,0,0,3,9,69,105,40,0,2,11,0,55,0,0,0,1,136,57,0,11,5,0,0,0,4,4,2,0,61,22,0,35,2175,0,0,459,1,0,58,53,5,474,0,89,1,2962,2,0,0,29,0,0,29,0,0,1680,19,0,0,225,0,0,0,0,0,0,21,0,3,10,0,0,20,1,0,27,0,684,40,7,307,0,0,0,0,6589,14,0,0,0,0,2,2,75,42,35,104,0,0,0,0,6,3,0,0,0,0,0,0,0,0,7,0,1,92,0,0,66,132,4,0,1,1,0,24,4,9,0,16,0,0,0,949,20,428,0,0,5,5,0,6,5,265,0,0,0,0,29,0,213,0,22,0,69,7,0,0,0,0,2,2,1,0,0,0,0,2,8,106,0,0,7,2,0,1,0,257,779,5426,1,20,1,0,0,44,3,0,4,0,0,0,0,0,0,0,0,590,1,569,0,0,0,0,0,0,0,0,8,0,0,0,0,0,0,6,33,2,17,0,1,0,0,0,54,5,22,0,9,374,0,0,19,0,0,0,0,0,0,0,2,0,0,302,0,0,2,0,0,0,0,24,531,0,77,0,0,1,0,27,0,33,0,18,0,0,0,2,0,0,0,0,0,0,0,0,0,193,0,0,0,0,0,0,0,0,0,0,0,0,0,0,0,2,3,0,36,0,6,0,33,5,0,0,0,28,0,0,0,0,0,0,0,0,0,0,15,0,0,5,17,0,0,0,1,0,0,2,5,3,1,0,14,0,0,0,0,4,199,0,1,0,0,8,0,0,2,0,2,0,0,0,4,0,0,2,0,0,1,0,0,0,0,0,0,0,0,0,0,0,0,0,0,16,1,0,0,3,89,14,0,0,0,1,0,0,0,0,0,103,0,0,2,0,0,0,0,2,0,1,0,3,3,0,2,0,0,0,0,146,1282,0,17,0,0,0,0,0,0,4,0,0,0,0,0,0,1,0,0,0,31,0,8,0,0,329,0,0,5,0,1,0,0,0,0,5,0,0,0,8,0,3,0,2,0,0,0,0,0,0,22,1,0,0,0,0,0,1113,0,0,0,0,0,0,0,0,0,100,0,21,0,0,0,8,0,0,4,0,2,0
TCGA-FV-A2QR_264,1.59178082191781,1,75,1,1,1,0,0,70,121,48,115,18,14,19,44,29,32,85,63,107,67,6,51,245,12,1282,641,80,17,6,3,32,1,10,6,27,433,211,9,11,180,8,13,7,19,28,6,16,0,65,14,168,4,62,44,0,15,21,89,24,73,0,18,67,12,27,0,0,0,0,4,223,0,51,69,12,27,91,55,0,181,70,13,2,4,0,48,13,2,0,5,235,1,56,7,22,119,1,276,22,0,3,0,26,0,0,28,0,2,6,2,0,1,17,10,253,28,1,7,0,392,0,0,112,0,3,2,34,1,329,1,28,11,0,1,168,1,0,12,0,6,200,6,2,0,0,309,0,0,1,74,13,70,35,0,0,1,0,4,0,0,0,2,142,383,1,4,1,0,3,0,49,4,3,0,125,28,0,22,1902,0,0,291,0,0,131,7,0,0,0,43,0,4752,0,0,0,38,0,0,107,0,0,3487,12,0,0,183,0,0,8,0,0,0,6,0,4,2,0,0,19,3,0,16,0,3192,8,0,736,1,4,1,0,5426,25,0,0,0,0,25,3,489,65,87,8,0,0,1,0,0,16,0,0,0,0,0,0,0,0,5,0,0,54,16,0,58,163,0,0,0,0,0,2,0,101,0,10,0,10,1,1495,21,756,0,0,2,1,0,4,0,243,0,0,0,0,19,0,105,0,14,0,71,1,0,0,0,0,1,0,7,1,0,0,0,1,0,7,7,0,6,27,0,1,2,176,701,417,0,21,0,0,2,23,2,0,8,0,0,0,0,0,0,0,0,15,3,75,0,0,0,0,0,0,1,0,41,0,0,0,6,0,0,0,1,14,10,0,0,0,0,0,109,14,0,1,23,26,0,0,27,0,0,0,0,0,0,0,5,0,0,172,21,0,4,0,0,0,0,0,779,0,48,0,0,0,0,84,0,0,0,412,0,0,3,0,0,0,0,0,0,0,0,0,0,2,0,0,0,0,0,0,0,0,0,0,0,0,0,0,0,7,14,0,143,0,0,0,25,0,0,0,0,3,0,0,0,0,0,0,0,0,0,0,0,0,0,0,80,0,0,0,0,0,0,0,0,0,0,0,4,0,0,5,0,0,53,0,0,0,0,1,0,0,29,0,3,9,21,0,0,0,0,0,0,0,0,0,3,0,0,0,0,0,0,0,0,0,0,0,29,4,0,0,0,0,40,10,0,0,0,0,0,0,0,0,0,12,18,0,0,0,0,11,0,0,0,3,48,0,4,0,0,10,0,0,0,0,66,0,13,1,0,0,0,0,0,0,0,0,0,0,6,0,0,0,0,0,20,0,1,0,0,396,0,0,4,0,0,0,0,0,1,8,0,0,0,0,1,0,0,0,0,0,0,0,0,0,1,1,0,2,0,0,0,25,0,0,0,0,0,0,0,0,0,0,0,60,24,0,0,0,0,0,0,0,0,0
TCGA-FV-A2QR_265,1.59178082191781,1,75,1,1,1,0,0,202,115,80,137,57,51,12,44,44,31,48,55,89,68,5,28,185,7,238,313,54,27,8,6,33,6,12,26,27,172,350,30,32,225,28,19,407,231,77,16,15,0,13,15,56,4,44,89,0,36,8,20,31,110,0,18,31,47,13,299,0,13,0,6,148,0,30,85,4,13,164,274,0,181,428,64,22,6,0,106,23,6,0,24,233,1,76,27,26,291,10,1071,42,756,0,0,13,0,26,50,0,0,60,6,55,31,6,10,153,29,0,20,0,217,0,0,255,0,2,0,15,0,73,0,161,6,0,0,228,0,0,33,4,0,206,19,0,0,0,189,0,0,2,21,235,91,13,0,3,14,0,13,0,0,3,0,178,505,0,14,5,0,3,0,12,0,6,0,43,58,2,65,2962,0,0,276,0,0,67,63,24,61,0,75,2,2027,0,1,0,16,0,0,21,0,0,1113,6,0,0,474,0,0,0,0,0,1,33,0,2,11,0,0,55,0,1,157,0,1223,24,6,1282,0,2,0,0,3487,12,1,0,0,0,18,0,149,43,143,112,0,0,4,0,3,4,0,0,0,0,2,0,0,0,8,0,1,142,13,0,58,215,4,0,0,4,0,30,0,45,0,18,0,8,1,915,46,459,0,0,1,0,0,2,0,252,0,0,0,0,14,0,52,3,24,0,71,11,0,0,0,0,0,3,1,2,0,3,0,5,4,246,1,0,4,7,0,18,0,168,192,559,0,46,3,0,0,42,36,0,4,0,9,1,0,0,0,6,0,50,0,180,0,0,0,0,0,0,35,0,22,0,0,0,0,0,0,4,15,0,50,0,0,1,0,5,392,37,27,0,22,1,0,0,32,0,0,0,1,0,0,0,8,0,0,136,26,0,0,0,0,0,0,45,128,0,15,0,0,0,0,61,0,14,0,127,0,0,5,18,0,1,0,0,0,0,0,0,0,142,4,0,0,0,0,0,0,0,6,12,0,0,0,0,0,0,2,0,60,0,0,0,78,0,0,0,0,0,0,0,0,0,1,0,0,0,0,0,1,0,0,0,44,0,0,0,0,0,2,13,0,3,0,0,3,0,2,0,0,0,16,0,2,0,0,4,0,0,6,0,6,4,0,13,18,0,0,0,0,0,8,0,2,0,0,0,0,0,0,0,0,0,1,0,0,83,0,0,18,0,0,6,0,0,0,38,0,0,0,0,0,16,0,0,0,0,0,2,1,0,0,3,0,45,4,0,0,17,0,0,20,387,37,0,30,0,0,0,0,0,0,22,7,0,0,0,0,0,0,26,0,0,2,1,25,26,0,4,0,0,27,0,0,0,0,0,0,10,0,15,0,366,0,0,18,0,0,0,0,0,0,0,104,0,0,0,0,11,0,0,0,0,0,0,0,0,0,0,0,55,94,65,6,0,37,396,0,0,2,0,0,0
TCGA-FV-A3I0_266,2.32328767123288,0,76,0,2,2,0,2,0,0,3,0,0,0,1,0,0,0,0,0,0,17,0,0,9,0,1,0,0,0,0,0,0,0,0,2,0,0,6,0,0,0,0,0,0,0,0,0,1,3,0,1,0,3,6,0,0,2,0,0,1,0,0,0,0,1,0,0,0,0,4,0,0,0,0,2,0,0,0,7,0,0,35,0,0,0,0,0,0,0,0,0,9,0,0,0,0,0,74,12700,0,0,1,1,1,0,0,0,0,2,0,0,0,0,7,0,0,0,0,0,0,0,39,0,29,0,0,18,0,1,0,0,0,0,0,0,0,0,0,0,0,0,0,0,0,0,0,69,0,0,0,0,0,0,0,0,3,0,0,0,24,0,0,0,0,0,0,0,0,0,0,0,11,3,1,0,0,0,2,6,0,0,0,0,0,0,0,0,0,2,0,0,0,1,0,0,0,2,0,0,0,0,0,7,0,0,0,0,0,0,0,25,0,0,0,0,0,0,0,1,0,1,0,0,2,0,0,0,0,0,0,0,0,1,0,0,0,10,0,14,0,0,16,0,0,0,0,0,0,94,0,0,0,1,0,5,0,0,0,0,21,0,0,6,0,0,0,1,0,0,0,0,467,0,0,0,0,0,0,0,0,0,2,0,2,0,0,0,0,15,105,0,0,0,0,0,0,0,0,0,0,0,45,0,0,0,0,0,0,0,0,4,0,0,0,0,0,0,10,0,2,2,0,16,0,0,2,5,0,0,0,0,2,0,0,0,17,0,0,19,0,0,0,16,20,17,0,1,2,0,0,0,0,0,0,0,0,6,0,0,0,0,0,137,0,0,0,0,0,0,0,0,0,0,0,0,0,0,0,0,0,0,2,0,0,0,0,0,0,8,0,0,0,0,0,0,11,0,0,0,10,0,0,0,0,0,1,1,0,0,0,0,0,0,0,7,2,0,0,0,0,17,0,2,0,0,0,0,0,0,0,0,0,29,0,2,0,0,0,0,2,1,0,0,0,3,0,0,0,0,0,0,0,11,0,0,0,59,0,0,0,0,0,0,0,23,0,0,0,0,0,0,9,0,219,0,0,10,0,0,0,0,0,0,0,13,0,0,0,0,188,0,0,9,0,0,0,13,718,0,0,0,0,0,0,217,0,0,0,0,0,0,0,0,1,0,0,0,0,0,0,5,0,0,5,0,2,0,0,0,4,0,22,0,0,0,0,0,0,20,0,0,0,0,6,0,19,0,4,0,0,0,0,0,0,0,0,29064,0,0,0,0,0,1,8,0,0,0,0,0,0,0,0,0,270,0,0,0,75,44,0,9,5,0,0,236,0,0,0,0,0,0,0,11,0,0,0,0,0,0,0,0,0,0,1,0,0,1,0,0,0,0,0,0,28,0,28,0,0,0,54,0,0,0,83,0,0,0,0,0,5,0,0,0,0,0,0
TCGA-FV-A3I0_267,2.32328767123288,0,76,0,2,2,0,2,540,182,133,205,100,99,22,62,72,91,23,65,70,134,9,47,459,21,350,668,95,57,10,12,56,23,8,111,107,374,339,96,65,332,21,30,396,590,160,119,74,0,36,29,278,12,252,122,0,112,16,23,56,217,0,31,9,81,22,335,0,16,0,11,178,0,57,383,13,21,211,549,0,263,641,230,64,9,0,93,35,18,0,31,379,4,102,40,41,417,4,138,48,1113,0,0,20,0,28,145,0,0,106,3,68,130,3,15,109,67,1,50,0,265,0,0,291,0,5,0,55,0,192,0,302,13,0,0,1071,0,0,42,10,4,467,21,0,0,0,243,0,0,6,35,304,231,78,0,1,37,0,36,0,0,5,2,228,514,0,36,4,0,7,0,22,0,5,0,59,51,9,66,2962,0,0,362,0,0,136,101,34,276,0,207,13,1902,5,2,0,31,0,0,38,0,0,2530,14,0,0,559,0,0,0,0,0,6,167,0,7,10,0,0,80,0,1,241,0,1788,14,16,1166,5,3,0,1,9068,71,1,0,0,0,28,2,110,71,313,299,0,0,5,0,0,8,0,0,0,0,0,0,0,0,12,0,4,189,3,0,118,191,23,0,1,15,0,5,0,64,0,32,0,22,0,628,145,342,0,0,4,5,0,12,0,140,3,2,0,0,99,0,51,2,29,0,164,1,0,0,0,0,0,5,6,5,0,8,0,7,8,188,6,0,1,21,0,19,0,129,489,885,0,62,26,0,0,48,34,0,10,0,19,1,0,0,2,24,0,1,0,358,0,0,0,0,0,0,32,0,35,0,0,0,0,0,0,13,1,0,23,0,8,1,0,7,253,50,89,0,44,505,0,0,31,0,0,0,0,10,0,0,19,0,0,387,14,0,1,0,0,0,0,42,653,0,66,4,0,1,2,80,0,40,0,147,0,0,11,21,0,3,0,0,3,0,0,0,0,274,12,0,0,0,1,0,0,0,0,10,0,0,3,0,0,1,9,0,97,0,0,0,70,0,1,0,0,0,0,0,0,0,0,0,1,0,0,0,4,0,0,0,67,0,0,0,0,0,2,1,4,8,0,0,20,0,16,0,0,0,14,0,3,0,7,1,0,0,1,0,21,5,35,1,31,0,0,0,0,0,0,0,30,1,2,0,0,0,0,0,0,0,2,0,0,10,0,0,16,0,3,9,0,0,0,127,0,0,0,0,0,49,0,1,0,0,0,1,1,0,0,0,0,168,2,0,1,11,13,0,22,422,17,21,70,0,0,0,0,0,0,26,1,7,0,0,0,0,0,11,0,0,15,0,13,36,0,0,1,0,0,0,0,1,0,0,0,13,0,9,0,569,7,2,213,2,0,0,0,0,0,0,30,0,0,0,9,3,2,2,0,0,0,0,0,0,0,0,8,0,370,76,4,0,12,1223,0,0,28,0,0,0
TCGA-FV-A3I1_268,0.676712328767123,1,81,0,2,2,2,0,59,3,65,98,13,16,2,11,31,15,9,31,94,87,2,19,140,3,99,641,66,16,6,1,33,0,5,89,18,283,288,9,29,61,18,3,233,57,15,3,13,0,17,8,15,0,179,46,0,16,6,2,46,53,5,9,21,32,10,7,0,4,0,6,106,0,35,96,2,27,9,299,1,162,74,0,8,0,0,89,19,3,0,17,156,0,50,23,59,128,11,1223,13,4,10,0,21,0,8,93,0,4,43,0,15,1,9,10,228,23,0,13,0,322,0,0,157,0,0,7,0,0,80,3,22,9,0,5,286,0,0,47,0,1,138,8,2,0,0,132,0,1,0,22,225,74,63,0,0,1,2,118,2,0,0,0,140,614,1,14,2,0,0,1,19,4,3,0,141,47,0,6,2530,0,0,86,4,0,71,47,11,7,0,212,0,1902,0,0,0,13,0,1,36,0,0,1348,8,0,1,474,1,0,0,0,0,0,12,0,0,5,0,0,11,15,0,36,0,362,29,0,779,1,0,0,0,3192,22,0,0,0,0,2,4,11,62,28,5,0,2,0,0,2,10,0,0,0,0,0,0,7,2,1,0,0,73,22,0,91,192,0,1,0,0,0,22,1,15,0,17,2,6,1,549,1,253,0,0,0,6,0,2,9,379,0,0,0,0,6,0,45,0,7,1,19,10,0,0,0,0,0,2,0,0,0,0,0,0,1,42,1,0,2,1,0,1,4,208,2175,52,9,41,0,0,1,25,0,0,2,0,0,2,0,0,0,2,0,5,2,417,0,0,0,0,0,0,0,0,12,0,0,0,0,0,0,0,75,0,26,0,0,0,0,0,131,3,8,0,49,358,0,0,47,0,0,0,0,0,0,0,1,0,0,250,0,0,0,1,0,0,0,0,407,0,39,0,0,0,0,52,0,7,0,154,0,0,0,0,0,0,0,0,0,0,0,0,0,153,0,0,0,0,0,0,0,0,4,0,0,0,0,0,0,26,1,0,153,0,0,0,37,0,0,0,0,0,0,0,0,0,11,0,0,0,0,0,309,0,0,0,85,0,0,0,0,0,0,9,0,0,0,3,5,0,0,0,0,0,23,0,0,0,0,0,0,0,270,0,9,1,4,3,18,1,0,0,0,10,0,0,0,0,0,0,0,0,0,0,0,0,0,0,0,81,3,0,0,0,56,0,0,0,0,0,0,0,0,0,1,1,3,0,2,0,0,0,0,0,0,3,0,1,6,0,0,0,0,0,0,217,915,0,2,0,0,0,0,0,0,0,0,0,0,0,0,0,0,0,0,0,38,0,2,0,0,196,0,0,12,5,0,0,0,0,0,5,0,0,0,0,0,0,0,0,0,0,0,0,0,0,0,0,0,0,0,0,0,316,0,0,0,0,0,0,0,0,0,147,0,10,0,0,0,0,0,0,0,0,2,0
TCGA-FV-A3I1_269,0.676712328767123,1,81,0,2,2,2,0,175,177,192,215,138,107,36,55,103,71,22,101,92,130,14,59,522,25,332,949,132,83,18,22,79,25,12,56,181,387,222,106,73,276,25,41,412,718,183,39,17,0,44,32,346,7,60,117,0,112,13,30,68,197,0,41,39,143,15,505,0,24,0,20,207,0,52,239,8,26,531,514,0,230,433,309,72,10,0,137,36,13,0,33,366,12,134,61,99,779,0,147,81,1495,0,0,21,0,62,132,0,0,127,12,47,140,4,26,259,77,1,66,0,281,0,0,270,0,11,0,34,0,168,0,313,8,0,0,1025,0,0,44,6,3,236,29,0,0,0,193,0,0,6,48,402,170,73,0,0,18,0,84,0,0,2,3,262,628,0,35,19,0,6,0,19,0,8,0,93,54,5,36,2725,0,0,540,0,0,92,90,44,22,0,296,16,1788,5,1,0,36,0,0,57,0,0,1680,15,0,0,559,0,0,2,0,0,7,257,0,7,18,0,0,59,0,1,245,0,2175,27,24,1282,10,6,0,2,9068,46,2,0,0,0,23,4,171,35,307,322,0,0,8,0,0,14,0,0,0,0,0,0,0,0,14,0,3,339,0,2,235,354,4,0,5,23,0,2,0,53,0,42,0,35,1,915,133,374,0,0,14,5,0,16,0,179,0,2,0,0,81,0,114,4,39,0,149,0,0,0,0,0,0,15,7,1,0,10,2,0,1,191,11,0,9,11,0,30,0,255,549,158,0,61,22,0,0,36,76,0,4,0,20,3,0,0,2,18,0,0,0,288,0,0,0,0,0,0,29,0,32,0,0,0,0,0,0,11,0,0,57,0,9,4,0,8,206,44,98,0,52,602,0,0,140,0,0,0,3,8,0,0,3,0,0,370,4,0,3,0,0,0,0,47,579,0,58,14,0,0,3,89,0,39,0,248,0,0,11,40,0,2,0,0,0,0,0,0,0,447,10,0,0,0,2,0,0,0,0,8,0,0,6,0,0,5,6,0,151,0,0,0,29,0,2,0,0,0,0,0,0,0,0,1,0,0,1,0,0,0,0,0,122,0,0,0,0,0,2,0,0,11,0,0,20,0,7,0,0,0,8,0,5,0,2,0,0,0,1,0,36,8,23,0,46,0,0,0,0,0,0,0,23,2,1,0,0,0,0,0,0,0,3,0,0,106,0,0,41,0,22,7,0,0,0,30,0,0,0,0,0,6,0,10,0,0,0,0,4,0,0,0,0,19,7,0,0,22,8,0,81,474,7,6,56,0,5,0,0,0,0,38,0,0,0,1,0,0,0,0,0,0,8,0,22,64,0,0,0,0,0,0,0,0,0,0,0,6,1,13,0,124,4,9,199,0,0,0,0,0,0,0,25,4,0,0,1,11,8,3,0,0,0,0,2,0,0,0,4,0,34,160,9,0,32,459,5,0,20,0,0,0
TCGA-FV-A3R2_270,0.531506849315069,1,75,1,1,1,2,2,412,131,112,190,104,76,18,32,51,39,9,57,56,97,7,60,440,28,602,756,52,41,13,9,40,20,21,80,79,288,329,82,61,203,18,33,459,540,112,54,34,0,14,13,211,10,107,68,0,58,17,19,78,147,0,20,37,154,8,185,0,25,0,14,145,0,58,127,3,13,259,514,0,215,779,231,55,6,0,155,41,14,0,19,199,0,149,56,32,569,1,342,60,1495,0,0,15,0,26,71,0,0,100,8,52,235,9,14,230,60,0,39,0,57,0,0,281,0,3,0,8,0,110,0,296,4,0,0,579,0,0,59,3,2,392,23,0,0,0,115,0,0,4,25,407,148,41,0,0,24,0,48,0,0,6,3,220,590,0,16,5,0,5,0,11,0,6,0,62,72,4,78,3192,0,0,559,0,0,85,70,34,156,0,168,15,1902,6,1,0,57,0,0,26,0,0,2027,9,0,0,350,0,0,2,0,0,8,238,0,7,9,0,0,103,0,2,283,0,2725,38,15,985,1,0,0,0,9068,23,0,0,0,0,16,3,168,28,172,383,0,0,3,0,1,6,0,0,0,0,0,0,0,0,23,0,1,109,1,1,141,248,4,0,4,21,0,16,0,19,0,27,0,17,0,856,82,302,0,0,10,0,0,4,0,138,0,3,0,0,47,0,63,2,30,0,274,4,0,0,0,0,0,6,4,4,0,6,0,1,7,239,2,0,1,2,0,45,0,252,286,335,0,41,15,0,0,37,35,0,3,0,29,0,0,0,2,11,0,3,0,489,0,0,0,0,0,0,2,0,44,0,0,0,0,0,0,15,5,0,94,0,7,1,0,12,192,24,63,0,6,370,0,0,42,0,0,0,1,2,0,0,2,0,0,194,0,0,3,0,0,0,0,24,467,0,63,0,0,0,1,34,0,34,0,219,0,0,10,47,0,2,0,0,0,0,0,0,0,246,2,0,0,0,0,0,1,0,0,14,0,0,6,0,0,0,4,0,102,0,0,0,10,0,0,0,0,0,0,0,0,0,0,1,0,0,0,0,0,0,0,0,27,0,0,0,0,0,0,2,1,6,0,0,6,0,13,0,1,0,7,0,4,0,2,2,0,0,1,0,25,2,6,3,35,0,0,0,0,0,2,0,9,0,1,0,0,0,0,0,0,0,1,0,0,96,0,0,13,0,6,5,0,0,0,80,0,0,0,0,0,9,0,4,0,0,0,2,5,0,0,0,0,16,4,0,0,11,1,0,51,366,16,2,24,0,29,0,0,0,0,19,2,0,0,0,8,0,0,11,0,0,6,0,14,32,0,0,0,0,0,0,0,0,0,0,0,6,0,13,0,522,1,4,45,0,0,0,0,0,0,0,45,20,0,0,0,5,7,13,0,0,0,0,0,0,0,0,0,4,177,100,2,0,64,1025,0,0,20,0,0,0
TCGA-FV-A3R2_271,0.531506849315069,1,75,1,1,1,2,2,342,92,200,119,46,67,27,22,22,27,26,22,67,109,15,12,402,24,459,949,67,24,4,8,6,32,6,90,40,474,302,41,19,128,3,5,428,183,38,29,17,0,24,12,22,7,354,137,0,58,13,5,100,153,4,14,208,35,2,113,0,11,0,13,176,0,16,223,8,11,103,779,0,268,718,96,61,0,0,94,17,4,0,31,122,3,115,38,72,412,1,370,24,1348,10,0,10,0,27,78,0,1,13,0,14,9,18,17,42,81,1,14,0,24,0,0,193,0,1,0,4,2,33,2,34,0,0,5,329,0,0,42,1,0,829,23,2,0,0,166,0,2,29,21,117,189,34,0,6,9,1,25,0,0,0,2,252,94,0,10,6,1,1,0,11,6,10,0,60,103,0,16,1585,0,0,481,4,0,278,24,13,80,0,143,2,1495,1,1,1,41,0,1,7,1,0,1902,4,0,4,117,1,0,2,0,0,11,10,0,4,5,0,0,69,7,0,24,0,985,32,22,270,0,0,1,0,2962,13,0,0,0,0,26,2,236,137,62,756,4,0,1,0,0,12,0,0,0,0,0,0,0,1,8,0,3,45,2,0,83,396,2,0,1,4,0,8,0,6,0,4,0,4,0,701,38,856,0,0,3,3,0,0,0,243,0,0,0,0,98,0,110,0,1,0,216,10,0,0,0,0,1,2,2,8,0,0,0,0,6,15,1,0,0,5,0,4,0,127,590,641,1,46,5,0,0,42,0,0,3,0,0,0,0,0,0,0,0,9,1,213,0,2,0,0,0,0,1,0,9,0,0,0,0,0,0,2,7,0,51,0,2,0,0,6,6,15,1,0,4,106,0,0,14,0,0,0,0,0,0,0,0,0,0,94,4,0,9,0,0,0,0,2,1025,0,57,0,0,0,4,23,0,8,0,2,1,2,0,1,0,0,0,0,0,0,0,0,0,350,0,0,0,0,0,0,0,0,6,0,0,0,0,0,0,4,4,0,12,0,0,0,0,0,0,0,0,0,0,0,0,0,0,0,0,76,0,0,0,0,0,0,0,0,0,0,3,0,0,0,14,0,0,0,47,0,0,0,17,0,25,0,2,0,0,8,0,0,28,0,8,0,2,0,2,0,0,0,0,41,10,0,0,0,0,0,0,0,0,0,0,0,1,0,0,3,0,0,0,0,131,14,0,0,0,2,0,0,0,0,0,20,0,0,2,0,0,0,5,0,0,0,0,2,1,0,0,0,6,0,0,59,0,0,0,0,0,0,0,0,0,20,0,0,0,0,2,0,0,0,0,0,7,0,3,0,0,10,0,0,0,0,0,0,0,0,0,7,0,0,0,39,0,2,9,0,0,0,0,0,0,0,0,2,0,0,0,0,0,15,0,0,72,0,0,0,0,0,16,180,7,0,0,0,0,54,0,0,5,0,0,0
TCGA-FV-A3R3_272,1.0027397260274,1,38,0,1,1,2,2,779,0,29,83,6,158,0,3,51,0,0,36,45,16,4,4,44,3,2,0,57,7,2,0,0,22,0,14,0,241,26,0,4,80,0,0,829,47,61,25,127,0,3,7,8,0,109,329,0,103,4,3,33,41,0,23,0,18,0,354,0,0,0,0,4,0,13,70,4,7,63,111,0,58,322,0,110,8,0,94,8,0,0,69,16,0,71,22,1,20,3,2027,29,21,0,3,4,0,14,10,0,0,33,0,122,0,2,7,62,0,0,10,3,17,6,0,151,0,0,4,12,0,73,0,108,0,0,0,128,0,0,33,0,0,5,2,0,0,0,0,0,0,0,3,152,31,14,0,0,0,0,9,0,0,0,0,82,47,0,30,1,0,0,0,0,0,1,0,52,27,1,16,668,0,0,370,0,2,64,19,2,402,0,161,0,736,0,0,0,4,0,0,17,0,0,272,0,0,0,190,0,0,0,0,0,0,82,0,0,2,0,0,80,0,0,0,0,2530,22,8,1416,0,1,0,0,3192,1,2,0,0,0,0,10,35,7,42,1282,0,0,7,0,10,7,0,0,0,0,0,0,3,0,8,0,6,428,2,0,296,291,18,0,0,0,0,192,1,49,0,0,0,0,0,228,0,497,0,0,1,0,0,0,4,653,0,1,0,0,1,0,0,0,12,0,0,0,0,0,0,0,2,1,2,1,0,0,0,1,0,4,0,0,0,0,0,7,2,25,559,10,0,0,0,0,0,2,2,0,0,0,0,0,3,0,0,0,1,0,0,99,0,1,0,2,0,0,0,0,2,0,0,0,0,0,0,6,185,0,104,0,0,0,0,0,85,28,24,0,2,150,0,0,11,0,0,0,0,0,0,0,0,0,0,135,4,0,0,0,0,0,0,5,628,0,50,0,0,0,0,0,0,9,0,0,0,10,0,16,0,0,0,0,0,0,0,0,0,112,0,0,0,0,0,0,0,0,0,0,23,0,0,0,0,12,0,0,0,0,3,0,6,0,0,0,0,0,0,0,0,0,11,3,0,0,0,0,11,42,6,0,0,68,0,0,0,0,0,5,0,0,0,11,0,0,16,0,7,0,1,0,1,0,0,3,0,0,45,0,0,3,0,13,0,0,0,0,0,8,47,0,0,0,0,0,0,0,0,0,0,0,0,0,0,7,0,0,0,0,0,8,0,0,0,1,0,0,0,0,65,0,3,0,2,0,0,0,0,0,0,3,0,2,0,0,0,0,0,0,0,0,417,0,8,1,0,0,0,0,0,0,1,0,0,0,0,0,24,7,22,0,10,17,0,0,0,210,0,0,0,0,33,0,0,0,0,2,0,13,0,32,0,0,0,0,0,0,0,5,52,0,223,1,0,0,0,0,0,0,0,0,4,0,0,3,1,0,0,10,5,31,0,0,0,5,9,0,14,0,0,0
TCGA-FV-A495_273,0.00273972602739726,0,51,0,2,2,0,2,161,57,87,50,44,14,16,15,26,34,10,25,17,38,0,13,302,18,54,262,24,16,6,2,9,9,14,14,50,168,602,45,17,134,15,14,122,80,27,16,14,0,6,4,140,6,228,125,0,18,8,7,19,83,4,22,47,51,16,64,0,17,1,2,85,0,21,62,1,17,79,144,3,84,307,109,12,3,3,19,21,10,2,3,440,1,118,35,7,90,4,2027,20,180,24,0,9,0,6,25,0,4,21,1,16,12,37,6,531,49,0,11,0,158,0,0,165,1,0,1,6,5,52,6,91,4,4,8,779,0,1,74,1,1,213,15,19,1,0,74,1,1,0,12,89,88,35,0,1,23,1,21,0,0,0,0,157,829,4,25,3,0,1,0,9,44,0,0,85,25,0,87,2725,0,0,239,5,0,22,30,13,85,0,93,1,3192,2,0,0,42,0,1,18,0,0,2530,12,0,0,206,9,0,0,0,0,0,35,0,1,10,0,0,32,7,2,67,0,1223,12,2,447,0,1,4,0,5426,18,0,0,0,0,4,0,95,29,174,114,0,1,1,1,7,2,0,0,0,2,0,0,0,1,1,0,3,97,3,0,43,125,4,1,0,4,0,36,0,22,0,11,1,7,0,684,20,433,0,0,1,3,0,0,7,175,0,0,0,0,20,0,25,0,11,0,76,4,0,0,0,0,0,0,2,0,0,0,278,1,15,350,0,0,1,0,0,25,0,505,137,106,0,18,0,0,0,39,1,0,6,0,4,0,0,0,0,5,0,3,1,362,0,0,0,0,0,0,2,0,24,0,0,0,0,0,0,1,79,0,8,3,0,0,0,0,84,0,5,0,0,885,0,0,73,0,0,0,0,0,0,0,7,0,0,200,3,0,6,0,0,0,0,42,1495,0,18,0,0,0,0,47,0,5,0,150,0,0,2,12,0,3,0,0,4,0,0,0,0,54,0,0,0,0,0,0,0,0,0,3,0,0,0,0,0,2,1,0,50,0,7,0,43,0,0,0,0,0,0,0,0,0,2,0,0,0,0,0,69,0,0,0,59,0,0,0,1,0,2,5,4,3,0,0,0,0,0,0,0,4,17,0,0,0,0,3,0,0,14,0,5,0,0,4,1,0,0,0,0,0,2,0,0,0,0,0,0,0,0,0,0,0,0,0,0,9,0,0,5,0,14,8,0,0,0,8,0,0,0,0,0,8,0,0,0,0,0,0,0,0,0,0,0,6,0,0,2,10,6,0,0,219,80,0,5,0,0,0,1,0,0,3,1,0,0,0,4,0,1,6,0,0,21,0,3,10,0,235,0,0,6,0,11,0,0,0,0,15,0,5,0,63,0,0,23,0,6,0,1,0,0,0,44,11,0,0,0,0,0,179,0,0,0,0,0,0,0,0,0,34,17,5,5,0,3,75,0,0,1,0,0,6
TCGA-FV-A496_274,0.0273972602739726,0,84,0,1,1,0,2,203,69,51,225,64,41,20,40,34,27,17,45,105,19,6,31,216,22,653,428,70,35,14,8,29,2,21,63,81,296,270,13,39,132,22,24,5,24,44,8,43,0,33,13,2,1,281,4,0,36,16,56,56,22,0,6,38,58,20,123,0,2,0,4,155,0,36,67,2,36,78,100,0,192,173,25,5,0,0,83,40,2,0,34,75,0,87,14,10,291,3,288,60,5,3,0,28,0,7,58,0,3,11,14,0,11,5,3,243,69,3,17,0,139,0,0,157,0,0,0,4,0,182,0,19,16,0,1,14,2,0,16,1,0,56,4,0,0,0,201,0,0,5,38,26,115,20,0,0,5,0,16,2,0,0,0,48,252,0,3,4,0,0,0,12,2,0,0,74,42,8,31,1680,0,0,206,0,0,67,38,114,7,0,138,1,2962,0,1,0,20,0,0,58,0,0,803,0,0,0,263,0,0,2,0,0,2,9,0,0,9,0,0,17,4,2,29,0,4215,3,5,628,0,0,0,0,3835,4,0,0,0,0,14,3,167,64,293,11,0,0,0,0,0,16,0,0,0,0,0,0,0,0,2,1,1,307,10,0,7,131,2,0,0,0,0,265,0,82,0,46,0,7,0,1348,21,684,0,0,0,4,0,6,0,162,0,0,0,0,0,0,335,0,19,0,3,4,0,0,0,0,1,0,8,0,0,3,5,1,1,44,3,0,44,5,0,0,16,440,1025,108,0,40,0,0,0,13,8,0,3,0,3,0,0,0,0,4,0,0,0,522,0,1,0,0,0,0,2,0,67,0,0,1,2,0,0,0,16,0,15,0,0,0,0,1,602,44,11,0,7,0,0,0,0,0,0,0,0,2,0,0,6,0,0,319,4,0,0,0,0,0,0,0,1282,0,27,0,0,0,0,98,0,15,0,350,0,0,4,0,0,0,0,0,0,0,0,0,0,112,0,0,0,0,0,0,0,0,0,0,0,0,0,0,0,2,5,0,11,0,0,0,2,0,0,0,0,0,0,1,0,14,0,0,0,18,0,0,1902,0,0,0,304,0,0,0,0,0,0,0,0,2,1,0,18,0,0,0,0,0,4,0,0,0,0,0,0,0,88,0,0,14,0,0,17,0,0,0,0,0,0,0,17,0,0,0,0,0,21,0,0,0,0,0,1,78,0,0,0,0,0,4,0,0,0,2,0,1,0,0,0,4,6,1,0,0,0,2,0,0,0,1,21,63,0,0,0,12,0,0,0,329,3,0,18,1,0,0,0,0,0,39,0,0,0,0,33,0,0,0,0,0,34,0,0,0,0,322,0,0,0,19,0,0,0,0,0,0,0,0,0,27,0,0,0,14,0,0,0,0,0,0,0,8,0,0,0,0,0,187,0,0,0,18,0,0,0,0,0,32,0,7,1,0,0,12,0,0,5,0,0,1
TCGA-FV-A4ZP_275,6.81095890410959,1,78,1,3,3,0,2,0,0,8,0,4,0,3,3,4,9,6,0,12,6,0,3,43,0,0,29,16,0,0,0,0,0,0,6,1,8,47,0,3,9,0,0,2,18,0,0,2,5,0,0,0,0,23,54,3,4,0,0,12,21,26,3,0,14,0,4,0,0,4,0,3,0,14,12,0,11,3,20,14,44,168,5,6,0,8,8,5,0,8,1,128,0,68,19,0,15,17,9068,5,0,39,1,0,2,0,3,0,10,3,0,11,21,0,3,15,1,0,2,7,157,2,0,44,0,0,0,0,8,0,15,29,0,0,14,0,0,3,0,0,4,10,4,49,4,0,0,2,2,0,5,37,0,14,5,33,2,0,1,0,0,0,0,2,30,4,8,1,6,0,0,0,52,0,0,7,28,0,9,102,0,0,6,7,0,0,3,1,3,0,0,1,82,0,0,0,14,0,10,0,0,0,641,0,0,0,23,19,0,0,0,2,0,0,7,0,1,0,0,0,4,0,28,0,101,1,0,43,0,0,10,0,154,0,0,0,0,0,0,0,61,2,15,0,2,2,0,0,38,0,0,0,0,3,0,0,3,0,1,0,0,2,20,0,10,7,0,11,3,0,0,60,11,0,0,0,0,0,0,46,0,7,0,0,0,0,0,0,14,127,0,0,0,0,0,1,0,0,5,0,7,13,0,0,0,0,0,12,0,0,0,0,4752,0,5,0,0,0,1,0,2,0,0,9,104,362,6,31,0,0,4,16,0,0,0,18,0,0,15,0,0,0,1,85,10,18,0,0,0,0,0,0,0,0,6,0,0,0,0,0,0,0,117,0,0,2,0,0,0,0,6,0,0,0,0,160,0,0,3,0,0,0,0,0,0,0,0,0,0,26,0,0,0,0,0,0,0,0,1680,0,2,0,0,0,1,5,0,8,1,0,0,0,0,0,0,0,0,0,0,0,0,0,0,11,0,0,0,0,0,1,0,1,5,0,0,0,0,0,0,8,0,0,2,10,0,0,19,0,0,0,0,0,2,0,2,0,0,0,0,0,0,0,5426,0,0,2,0,0,0,0,0,1,0,6,0,8,2,8,0,0,0,0,0,0,5,0,0,0,0,26,0,0,31,0,0,0,0,0,0,4,0,25,0,23,3,0,0,0,0,0,2,4,0,0,0,0,0,0,0,39,0,0,0,0,0,12,64,0,0,2,0,11,0,0,0,22,0,0,0,0,0,0,0,2,0,8,0,2,0,0,0,0,0,0,0,6,433,0,0,0,0,1,0,0,0,0,0,0,0,0,0,3,0,0,0,0,2,0,0,2,0,137,0,0,19,293,0,0,0,0,0,4,91,0,0,9,0,0,0,0,0,0,0,0,0,0,0,0,0,7,0,0,0,412,0,0,1,0,0,0,0,0,0,1,1,0,0,0,1,6,0,0,0,0,0,0
TCGA-FV-A4ZQ_276,0.0328767123287671,0,52,1,1,1,0,2,0,27,20,0,9,19,4,0,9,0,5,12,9,19,1,6,202,1,6,0,20,6,0,1,0,1,0,9,3,89,74,0,17,36,0,2,12,26,1,1,7,4,4,9,0,3,32,35,2,2,0,0,19,2,8,4,28,9,0,0,2,0,1,2,505,14,6,60,5,2,0,142,10,276,57,24,8,7,1,0,6,12,4,4,21,1,55,11,76,196,29,1166,5,1,42,0,3,1,0,82,1,41,4,0,7,1,0,5,17,17,0,11,0,41,6,1,27,1,0,6,0,11,1,16,187,0,2,16,379,0,2,9,0,0,160,73,11,2,0,94,1,8,2,18,23,149,17,1,0,0,4,5,0,0,0,0,127,1,2,2,3,1,0,2,0,21,0,0,18,59,0,4,293,0,0,42,15,0,52,5,0,0,1,19,0,467,0,0,2,0,2,4,0,0,0,174,2,0,8,195,4,0,0,1,0,0,0,3,0,5,0,0,2,24,0,3,0,143,14,5,125,0,0,3,0,141,0,0,0,0,0,0,16,93,59,72,38,4,2,0,0,2,0,0,0,0,4,0,0,0,4,8,0,0,8,4,0,73,112,0,1,0,0,0,78,0,7,0,5,2,0,0,0,0,136,0,0,0,2,0,0,7,22,0,0,0,0,0,0,2,0,0,307,2,6,0,0,0,4,0,4,0,0,0,0,41,0,0,39,0,0,0,0,0,0,2,29,100,329,2,49,0,0,0,28,0,0,0,0,0,0,4,0,0,1,0,5,0,39,0,15,0,0,0,0,0,0,0,0,0,0,0,0,0,0,188,0,6,2,6,0,0,2,47,6,9,0,17,0,0,0,6,0,0,1,0,0,0,0,5,0,0,231,0,0,0,0,0,0,0,90,497,0,5,0,0,0,2,34,0,4,0,0,0,4,0,0,0,0,0,0,0,0,0,23,0,137,0,0,0,0,0,0,0,0,0,0,0,4,0,0,0,8,1,0,0,0,0,0,4,0,0,0,0,0,0,0,85,1,3,0,0,123,0,0,0,0,0,0,0,0,0,0,0,0,0,0,0,0,0,0,1,0,2,0,0,0,0,0,0,0,0,0,0,0,135,0,0,0,0,0,8,0,0,0,0,0,6,0,0,0,0,0,0,0,0,0,0,0,0,0,0,32,0,0,0,0,12,0,0,0,0,2,0,7,0,0,0,4,0,0,0,0,0,0,0,0,0,0,0,19,0,0,0,0,0,0,0,0,6,0,1,0,0,0,0,0,36,2,0,0,0,0,0,0,0,0,0,0,0,0,53,0,0,736,0,0,0,0,7,4,0,0,0,3,0,0,0,128,0,4,0,0,0,0,0,16,0,0,0,0,0,0,0,0,0,75,0,0,0,0,0,4,362,0,0,0,18,0,233,0,45,153,0,0,0,0,0,2
TCGA-G3-A25S_277,1.13972602739726,1,64,1,1,1,0,0,87,32,20,26,24,13,5,7,25,10,2,14,14,34,1,8,350,5,189,187,25,10,8,1,3,3,5,49,23,182,91,15,28,17,9,7,31,15,11,9,11,2,11,0,1,1,75,29,0,6,4,1,33,23,8,9,8,35,5,35,0,8,0,9,29,0,26,16,0,25,16,178,4,83,668,23,10,0,3,20,18,9,2,10,47,0,145,26,3,66,0,283,28,99,15,0,8,1,1,12,0,0,7,0,57,1,15,5,307,40,0,8,5,76,0,0,42,0,0,0,2,3,18,6,82,2,1,4,73,0,0,29,1,0,91,1,15,1,0,53,1,4,2,12,27,60,15,0,0,7,0,22,0,0,0,0,75,489,4,10,0,0,1,0,2,27,1,0,74,64,0,6,1585,0,0,72,0,0,29,10,0,16,0,79,0,4215,4,0,0,42,0,0,5,0,0,803,2,0,0,76,7,0,0,0,0,0,40,1,0,1,0,0,20,4,0,138,0,346,0,3,885,0,0,2,0,1416,4,0,0,0,1,4,0,63,7,53,160,0,2,1,1,0,3,0,0,0,1,0,0,0,1,1,10,0,82,6,0,41,57,1,2,2,7,0,17,0,17,0,0,0,3,0,97,2,210,0,0,0,0,0,1,5,68,0,0,0,0,0,0,170,0,1,0,32,0,0,0,0,0,0,1,0,0,0,0,13,0,2,10,0,0,4,0,0,3,0,396,949,497,1,12,0,0,0,9,1,0,0,0,0,0,0,0,0,0,0,199,11,191,0,0,0,0,0,1,2,0,14,0,0,0,0,0,0,0,29,0,12,2,1,0,0,4,21,2,3,0,4,231,0,0,36,0,0,0,0,0,0,0,0,0,0,127,0,0,0,5,0,0,0,6,5426,0,15,0,0,0,0,4,0,12,0,6,0,0,1,0,0,0,0,0,2,0,0,0,0,44,0,0,0,0,0,0,0,0,0,0,0,0,0,0,0,12,0,0,6,0,53,0,9,0,0,0,0,0,0,0,45,0,0,0,0,0,0,0,3487,0,0,0,0,0,0,0,0,0,0,0,0,2,0,0,5,0,0,0,0,0,5,0,0,0,0,2,0,0,109,0,1,0,17,0,13,1,0,8,0,0,0,0,0,0,0,0,0,0,0,0,0,0,1,0,0,13,0,0,0,6,5,12,0,0,0,1,0,0,0,0,0,9,0,0,5,0,0,0,0,2,0,5,0,0,1,0,0,0,0,0,0,44,122,0,0,0,0,0,0,0,0,0,0,0,0,0,11,0,0,0,0,0,58,0,6,0,0,718,0,0,0,52,0,0,0,0,0,11,0,0,0,2,0,0,18,0,0,0,0,0,0,0,0,0,0,0,0,0,0,1495,0,0,23,0,0,7,0,0,0,165,2,0,18,0,0,12,0,2,0,0,0,0
TCGA-G3-A25T_278,4.25479452054795,0,45,0,3,3,0,0,2,4,6,4,2,2,2,1,19,1,0,2,4,20,0,1,35,0,31,7,4,0,0,0,0,0,0,2,2,11,54,1,0,17,0,0,28,14,6,0,1,6,0,1,3,1,20,4,1,2,0,1,5,18,1,2,0,1,0,7,23,0,2,0,8,0,1,13,0,0,12,13,4,15,38,3,15,0,0,2,0,0,4,1,52,0,5,2,1,17,16,29064,0,134,17,1,0,0,16,4,0,10,14,0,1,1,0,0,19,0,0,0,2,4,21,1,29,0,0,5,6,8,4,6,8,0,0,5,50,0,1,3,0,0,48,0,9,1,0,9,1,1,0,0,63,8,0,0,1,2,1,0,0,0,0,0,6,34,0,0,0,2,0,0,7,16,1,0,1,3,0,4,614,0,0,8,4,0,2,2,3,3,1,2,2,111,0,0,0,18,0,0,0,0,0,119,0,0,2,25,4,0,0,0,0,0,0,0,0,0,0,0,0,9,0,6,0,79,0,0,93,0,0,2,0,245,0,0,0,2,0,4,0,14,1,16,4,0,1,0,0,96,0,0,0,0,3,3,0,0,0,0,0,2,6,20,0,4,10,11,1,0,0,0,102,0,0,0,1,0,0,0,25,4,25,0,0,0,0,2,0,4,82,0,0,0,1,0,0,3,0,0,7,4,3,0,0,0,0,0,0,0,0,2,0,0,0,0,24,0,6,0,0,0,13,10,18,30,1348,5,1,0,0,0,1,0,0,0,19,0,0,212,0,0,0,7,4,0,10,0,0,0,0,0,0,0,0,1,0,15,0,0,0,0,0,3,0,0,0,0,0,0,0,20,0,1,0,0,0,0,0,6,0,0,0,0,0,0,0,0,0,3,16,0,0,0,0,0,1,0,4,11,4,0,0,0,0,0,1,8,0,0,6,0,1,0,2,9,0,0,0,0,0,1,0,5,9,0,0,0,0,0,0,0,0,30,0,0,0,0,0,0,19,0,0,0,21,0,0,4,0,0,0,0,0,8,0,0,0,100,0,0,4,0,0,0,0,0,0,2,0,0,0,0,5,0,96,0,0,0,0,0,0,0,0,0,0,0,0,0,0,0,366,0,0,6,0,0,0,0,474,0,0,0,0,0,0,122,0,0,2,0,0,0,0,0,0,0,0,0,0,0,6,0,0,0,0,0,0,0,0,0,17,0,0,0,0,0,30,0,0,40,0,0,0,0,0,0,45,0,19,0,0,0,0,0,0,0,23,514,0,0,0,0,0,0,0,0,0,0,0,0,0,1,0,0,276,0,0,0,55,17,12,0,0,0,0,0,0,0,0,0,0,0,0,0,0,0,105,0,0,1,0,0,0,0,0,0,0,4,0,0,0,0,0,0,16,0,24,0,0,0,29,0,0,0,49,37,0,0,0,0,99,0,0,0,0,0,0
TCGA-G3-A25U_279,4.48219178082192,0,63,0,1,1,0,0,329,235,139,245,109,61,53,34,19,33,36,36,46,246,21,42,288,13,130,1416,98,81,14,13,40,9,26,215,150,459,107,97,24,163,109,68,396,339,283,95,136,0,37,12,302,7,304,24,0,125,18,24,82,44,0,28,44,104,32,133,0,24,0,25,161,0,82,379,4,25,230,159,0,370,309,569,9,8,0,140,46,18,0,69,307,11,118,26,8,447,0,172,45,383,7,0,43,0,7,187,0,3,65,2,51,177,17,14,23,55,6,51,0,114,0,0,147,0,4,0,40,3,71,0,238,22,1,7,559,0,2,51,1,3,803,14,7,1,0,276,2,5,8,44,134,173,100,0,0,17,0,145,0,0,0,0,149,1282,0,4,15,0,4,1,33,5,2,0,36,41,4,202,422,2,0,736,0,0,66,56,14,1071,0,236,1,2962,0,1,0,73,1,2,0,4,0,1223,28,0,4,467,2,0,1,0,0,2,6,1,6,38,0,0,4,12,5,24,0,12700,65,18,316,2,2,1,0,3835,17,0,0,0,0,45,4,70,79,117,602,0,2,14,0,0,13,0,0,0,4,0,0,0,0,5,0,6,346,0,0,255,185,58,1,2,5,0,0,0,48,0,0,0,9,3,1585,42,1113,0,0,6,9,0,0,0,325,0,0,0,0,30,0,3,0,1,0,7,0,0,0,0,0,2,3,0,1,0,0,0,8,6,45,1,0,0,24,0,6,0,59,514,155,0,87,15,0,0,64,7,0,2,0,4,0,0,0,0,4,0,0,0,829,0,0,0,0,0,0,56,0,28,0,0,0,2,0,0,2,1,1,99,0,10,0,0,10,55,31,8,1,3,212,0,0,17,0,9,0,2,7,0,0,4,0,0,756,52,0,3,0,0,0,0,18,522,0,250,0,0,0,5,93,0,28,0,668,0,0,4,3,0,0,0,0,0,0,0,0,0,21,0,0,0,0,0,0,0,0,0,0,0,0,4,0,1,3,45,0,39,0,0,0,4,0,0,0,0,0,0,0,0,0,0,0,0,0,0,0,0,0,0,0,124,0,0,0,2,0,2,0,2,1,0,0,37,0,2,0,21,0,0,0,4,0,0,0,0,0,0,0,149,9,1,0,0,0,0,0,0,0,0,0,61,0,3,0,0,0,0,0,0,1,0,0,0,40,0,0,0,0,86,6,0,0,0,29,0,0,0,0,0,7,3,10,0,0,0,2,0,0,0,0,7,2,4,0,0,18,0,0,1,11,0,0,33,0,0,0,0,0,0,78,0,0,0,0,0,0,0,0,0,0,10,0,0,0,0,0,0,0,0,0,0,0,0,0,0,11,0,0,0,354,0,2,0,6,0,0,0,0,0,0,1,6,1,0,0,0,0,0,0,0,0,10,0,0,0,0,0,75,112,0,21,0,2,549,0,0,3,0,0,21
TCGA-G3-A25X_280,4.87397260273973,0,73,1,2,2,0,0,0,0,7,0,0,2,0,0,4,0,0,0,0,0,0,0,28,0,0,0,9,1,0,0,0,0,0,1,0,27,52,0,0,4,0,0,0,7,10,0,2,6,0,3,0,0,22,12,0,4,0,1,7,26,13,0,0,8,0,0,2,0,6,0,0,0,0,1,0,0,2,18,6,24,115,1,4,0,4,0,1,0,5,1,32,0,6,2,1,3,11,3835,0,0,28,2,0,2,0,6,0,14,0,0,1,0,2,1,13,0,0,1,1,4,41,2,36,0,0,8,2,14,0,5,0,1,2,13,0,0,2,0,0,0,4,0,23,4,0,34,1,8,0,4,0,0,20,1,21,2,2,0,1,0,0,0,0,161,10,0,0,2,0,0,0,31,0,0,22,0,0,63,107,0,0,28,1,0,16,3,0,6,0,7,0,39,0,1,2,17,0,2,0,0,0,74,0,0,1,8,15,0,0,1,0,0,10,3,0,1,0,0,4,12,0,0,0,668,0,0,157,0,0,6,0,102,0,0,0,1,0,12,0,101,0,0,10,4,4,0,0,83,0,0,0,0,4,2,0,0,0,0,0,0,21,5,0,3,20,0,5,0,0,0,222,10,8,0,0,5,0,0,49,0,78,0,5,0,0,1,0,5,70,0,0,0,0,0,0,43,0,0,0,46,13,0,0,0,0,0,0,0,0,0,0,3,0,0,0,0,0,0,0,0,24,9,98,79,19,1,4,1,0,9,14,0,0,0,0,0,0,63,0,0,0,0,86,4,0,0,10,0,0,0,0,0,0,4,0,1,0,0,0,0,0,112,0,0,0,0,0,0,0,0,0,0,0,0,0,0,0,2,0,0,0,0,0,0,0,0,0,4,3,0,0,0,0,0,0,0,0,223,0,6,0,0,0,0,0,0,0,0,0,0,0,0,0,2,0,0,4,0,0,1,0,0,15,0,0,0,0,0,0,0,0,3,0,0,0,0,0,0,6,0,0,11,1,0,0,0,0,0,0,0,0,0,0,0,3,0,0,0,1,0,0,1,10,1,0,0,0,0,0,1,0,0,12,0,0,15,2,3,0,0,0,0,0,10,0,0,0,0,9,0,0,9,0,0,0,3,17,0,1,0,0,0,0,17,0,0,0,0,0,1,0,0,0,0,0,0,0,0,1,0,0,0,0,0,10,2,0,0,2,0,7,0,0,0,0,0,0,3,0,0,0,0,35,0,11,0,12,0,0,0,0,0,0,0,13,2530,0,0,0,0,0,0,0,0,0,0,0,0,0,7,0,0,6,0,0,9,3,1,0,0,108,0,0,0,428,0,0,0,0,0,8,19,0,0,25,0,0,0,0,2175,0,0,0,0,0,6,2,0,0,0,0,0,602,0,0,0,0,0,0,0,0,0,74,0,0,0,0,0,1,0,0,2,0,0,0
TCGA-G3-A25Y_281,1.23835616438356,1,52,0,1,1,0,0,9,0,16,4,0,4,0,1,0,1,2,1,5,44,0,1,42,0,171,1,10,1,0,0,0,0,0,3,1,138,62,0,0,20,0,0,4,36,28,26,47,1,0,8,18,3,203,1,0,33,7,2,29,41,7,4,0,9,1,18,2,0,2,0,11,13,2,30,0,0,40,99,1,27,185,3,1,0,0,0,4,0,1,0,3,1,80,3,3,20,15,1788,4,26,11,1,6,0,0,39,0,11,16,0,4,4,0,0,27,0,0,8,0,3,4,1,143,1,0,6,6,8,22,8,44,5,2,5,9,0,4,0,0,0,112,3,3,1,0,89,1,7,0,4,54,66,11,0,10,7,1,0,6,0,0,0,78,147,1,0,0,1,0,1,0,12,0,0,25,0,0,31,370,0,0,253,1,1,42,3,1,70,0,88,0,379,0,0,1,0,0,1,0,0,0,358,0,0,2,87,7,0,0,0,0,0,20,1,0,0,0,0,12,17,0,0,0,1416,2,0,653,0,0,3,0,2962,0,0,0,4,0,9,1,18,0,58,33,3,1,0,0,30,4,0,0,0,4,0,0,1,0,0,0,2,590,1,0,41,111,22,3,0,0,0,151,0,28,0,0,0,0,0,144,0,417,0,0,0,0,0,0,16,21,0,0,0,0,11,1,17,0,1,14,74,44,2,1,0,0,0,0,0,0,0,0,2,0,5,194,0,0,0,9,0,0,3,95,335,34,0,0,0,0,0,25,0,0,8,0,0,0,2,0,0,0,2,95,0,42,1,4,0,0,0,0,0,0,6,0,0,0,0,0,0,0,83,0,2,0,0,0,0,0,55,9,1,0,1,0,0,0,1,0,0,1,0,0,0,0,2,0,0,56,2,0,0,0,0,0,0,7,142,4,32,0,0,0,0,65,0,0,0,25,0,6,0,2,0,0,0,0,0,0,9,0,0,65,0,0,0,0,0,0,0,33,11,0,0,0,0,0,0,6,8,0,59,0,12,0,14,0,0,0,0,0,0,0,0,0,3,0,0,5,0,0,21,0,0,0,0,0,0,0,0,0,0,8,0,0,0,0,0,0,0,0,0,0,24,0,0,0,0,11,0,0,78,0,0,2,7,141,0,0,0,0,0,0,47,0,0,0,0,0,2,0,0,0,0,0,0,0,0,1,0,0,0,0,2,1,0,0,0,0,0,11,0,0,0,1,0,0,5,0,0,0,0,0,0,4,0,0,0,0,0,7,0,0,0,0,104,0,2,0,0,0,0,0,0,1,0,0,9,0,13,0,4,16,0,0,0,0,0,0,0,949,0,0,13,0,11,0,0,0,0,0,0,0,0,1,0,0,0,0,0,0,0,40,2,0,44,0,0,0,0,0,0,76,0,7,0,0,0,1,0,0,0,0,0,20,0,0,0,0,0,0,0,0,0,0
TCGA-G3-A25Z_282,1.79452054794521,0,58,1,1,1,0,0,354,33,43,92,36,17,13,14,22,19,8,16,90,71,9,16,313,23,319,440,31,26,9,7,14,3,14,91,78,339,145,25,7,293,17,22,559,37,75,34,33,0,15,10,90,3,332,78,0,8,15,16,24,133,1,10,0,58,24,194,0,18,1,7,87,0,20,82,3,18,35,172,0,202,144,14,5,6,0,77,24,6,0,13,66,1,134,6,33,36,4,489,36,0,3,0,16,0,34,98,0,3,24,4,48,9,3,8,505,69,0,22,0,44,0,0,207,0,1,4,2,0,174,1,10,10,0,2,288,0,0,55,1,3,183,3,2,0,0,68,0,0,2,14,48,105,26,0,0,10,0,15,0,0,0,1,70,803,0,24,5,0,2,0,21,5,0,0,102,222,1,0,6589,0,0,175,0,0,58,45,36,1348,0,120,4,1680,3,3,0,136,0,0,82,0,0,668,8,0,1,497,0,0,0,0,0,0,13,0,0,7,0,0,80,7,0,66,0,2962,31,9,915,0,0,1,0,5426,23,0,0,0,0,21,1,121,44,23,370,0,0,8,0,1,7,0,0,0,1,0,0,0,0,0,0,2,190,6,0,102,210,39,0,0,5,0,0,0,27,0,18,0,5,0,653,59,422,0,0,2,2,0,0,0,143,0,0,0,0,5,0,155,0,9,0,80,2,0,0,0,0,0,2,0,6,0,0,0,1,2,41,0,0,2,3,0,6,12,366,1282,1495,0,22,0,0,0,36,18,0,1,0,0,0,0,0,0,4,0,113,11,467,0,2,0,0,0,0,6,0,21,0,0,0,0,0,0,18,9,0,61,0,4,0,0,3,235,38,5,0,6,0,0,0,433,0,0,0,0,1,0,0,11,0,0,13,2,0,3,0,0,0,0,1,239,0,150,0,0,1,1,56,0,9,0,203,0,0,19,1,0,0,0,0,1,0,0,0,0,307,0,0,0,0,0,0,1,0,0,0,0,0,0,0,0,0,16,0,30,0,0,0,23,0,0,0,0,3,0,0,0,0,0,0,0,0,0,0,5,0,0,4,32,0,0,0,0,0,0,0,1,9,0,0,11,0,1,0,3,0,9,0,1,0,0,0,0,0,25,0,16,1,10,0,0,0,0,0,0,0,0,0,0,0,0,0,0,0,14,0,0,0,0,0,0,9,0,0,0,1,28,6,0,0,0,64,0,0,0,0,0,84,0,0,0,0,0,1,0,0,0,0,0,52,2,0,0,0,0,0,0,481,27,0,44,0,0,0,0,0,0,23,0,0,0,0,29,0,0,0,0,0,49,0,0,0,0,62,2,0,18,0,0,0,0,0,0,0,0,0,0,362,0,0,0,0,0,0,0,0,0,0,2,0,0,0,0,0,0,26,0,0,0,0,0,0,0,0,0,0,27,12,1,1,0,153,0,0,11,0,0,0
TCGA-G3-A3CG_283,1.84383561643836,0,80,1,1,1,0,0,779,1,75,74,20,14,2,29,49,13,31,34,18,83,2,28,139,1,90,354,40,15,8,9,14,6,15,76,18,116,481,1,1,228,11,13,23,325,15,96,100,0,4,14,24,4,1113,82,0,10,10,19,19,66,0,37,25,22,9,153,0,2,0,0,174,0,45,309,3,13,75,230,0,130,257,7,6,3,0,44,21,6,0,1,143,2,40,3,41,153,2,335,24,13,2,0,6,0,7,56,0,0,14,1,49,9,1,6,350,40,1,27,0,276,0,0,246,0,2,0,8,0,167,0,101,16,0,0,36,0,0,41,6,1,93,7,0,0,0,94,0,0,0,33,33,133,10,0,0,20,0,1,0,0,0,0,116,668,0,6,3,0,0,0,3,2,3,0,133,36,0,53,2962,0,0,379,0,0,40,46,30,628,0,212,0,3487,0,0,0,27,0,0,57,0,0,132,11,0,0,195,0,0,4,0,0,0,77,0,1,3,0,0,34,1,0,182,0,1348,14,13,915,0,0,0,0,4215,4,0,0,0,0,20,5,374,0,107,85,0,0,0,0,4,9,0,0,0,0,0,0,0,0,4,0,8,736,31,0,48,165,30,0,0,1,0,2,0,30,0,47,0,0,1,569,0,453,0,0,2,0,0,0,2,332,0,0,0,0,27,0,278,0,7,0,115,4,0,0,0,0,1,0,6,0,0,0,1,4,2,1,4,0,0,9,0,19,0,362,236,322,0,18,0,0,0,14,0,0,4,0,0,0,0,0,0,2,0,115,1,178,0,0,0,0,0,0,4,0,42,0,0,0,0,0,0,22,84,0,20,0,0,0,0,0,358,18,0,0,76,15,0,0,46,0,0,1,0,0,0,0,5,0,1,250,15,0,0,0,0,0,0,8,156,0,33,0,0,3,0,35,0,0,0,149,0,0,0,0,0,0,0,0,0,0,0,0,0,170,0,0,0,0,0,0,0,0,0,0,0,0,0,0,0,0,10,0,15,0,0,0,55,0,0,0,0,2,0,0,0,0,0,0,0,3,0,0,11,0,0,0,149,0,0,0,0,0,0,0,0,2,0,1,0,0,2,0,0,1,56,0,0,0,0,0,0,0,366,0,11,1,0,0,14,0,0,0,0,0,1,0,17,0,0,0,0,0,10,0,0,0,0,0,0,30,0,0,0,0,0,9,0,0,0,25,0,0,0,0,0,24,0,0,0,0,0,0,0,0,0,0,0,55,0,0,0,9,74,0,0,422,35,0,0,0,0,0,0,0,0,4,0,0,0,0,1,0,1,0,0,0,12,0,4,0,0,1,0,0,9,0,0,0,0,0,0,11,0,0,0,65,0,0,24,0,0,0,0,0,0,0,8,17,0,0,0,0,0,1680,0,0,0,0,0,0,0,0,0,0,0,0,0,0,1,0,0,0,2,0,0,0
TCGA-G3-A3CH_284,2.13698630136986,0,53,1,3,3,0,0,322,206,188,199,119,79,46,54,71,95,17,60,82,98,6,47,641,29,265,602,96,45,12,15,47,12,7,55,185,366,316,87,81,243,13,30,569,736,189,45,53,0,52,36,281,11,153,113,0,145,16,38,57,124,0,28,35,100,32,579,0,15,0,16,136,0,35,272,11,24,291,422,0,246,590,231,67,8,0,91,48,25,0,36,474,2,130,43,80,684,0,325,50,756,0,0,25,0,42,122,0,0,116,5,60,78,0,16,142,68,0,47,0,447,0,0,253,0,6,0,37,0,158,0,319,15,0,0,1282,0,0,57,0,10,614,21,0,0,0,202,0,0,2,33,309,146,78,0,0,18,0,18,0,0,5,1,166,985,0,19,7,0,4,0,26,0,5,0,81,35,5,76,2342,0,0,481,0,0,150,84,17,215,0,239,11,1495,2,1,0,25,0,0,32,2,0,2962,18,0,0,453,0,0,0,0,0,4,178,0,5,15,0,0,23,0,3,125,0,2027,34,9,1166,7,2,0,0,9068,59,0,0,0,0,21,1,304,96,540,299,0,0,3,0,1,8,0,0,0,0,0,0,0,0,14,0,3,193,1,1,176,313,9,0,3,35,0,5,0,79,0,23,0,33,0,628,175,379,0,0,4,2,0,13,0,288,2,2,0,0,115,0,49,4,22,0,217,1,0,0,0,0,0,6,6,11,0,6,0,3,11,152,8,0,2,28,0,22,0,163,779,123,0,63,13,0,0,66,66,0,9,0,18,2,0,0,3,16,0,0,0,230,0,0,0,0,0,0,26,0,29,0,0,0,0,0,0,10,2,0,16,0,2,3,0,9,223,35,93,0,34,117,0,0,200,0,0,0,0,7,0,0,9,0,0,505,36,0,4,0,0,0,0,87,701,0,307,1,0,0,3,97,0,36,0,173,0,15,7,35,0,2,0,0,1,0,0,0,0,219,5,0,0,0,0,0,1,0,0,15,0,0,5,0,0,0,19,0,125,0,0,0,190,0,0,0,0,0,0,0,0,0,1,1,2,0,0,0,0,0,0,0,71,0,0,0,0,0,7,1,3,19,0,0,18,0,9,0,1,0,23,0,4,0,3,4,0,0,1,0,40,5,20,2,34,0,0,0,0,0,0,0,2,7,0,0,0,0,0,0,0,0,0,0,0,94,0,0,32,0,1,8,0,0,0,57,0,0,0,0,0,2,0,2,0,0,0,0,5,0,0,0,0,65,1,0,0,18,21,0,43,259,10,6,69,0,0,0,0,0,0,29,2,0,0,0,0,0,0,2,0,0,7,0,13,81,0,0,0,0,0,0,0,0,0,0,0,10,0,13,0,531,8,10,283,0,0,0,0,0,0,0,21,0,0,0,0,7,6,0,0,0,0,0,2,0,0,0,12,1,151,70,9,0,61,1348,0,0,17,0,0,34
TCGA-G3-A3CH_285,2.13698630136986,0,53,1,3,3,0,0,387,76,122,270,84,39,35,20,14,29,9,37,31,134,8,27,196,25,489,1071,35,27,13,4,56,4,10,31,155,392,151,56,37,255,46,4,383,514,138,47,37,0,5,21,358,8,505,113,0,128,11,0,20,81,0,36,13,87,18,422,0,10,6,13,118,0,56,201,12,8,141,428,0,177,238,272,29,2,0,40,23,16,0,31,459,5,102,24,40,67,0,559,13,10,6,0,33,0,26,55,0,4,70,1,35,5,20,16,153,52,1,30,0,105,2,0,262,0,0,0,11,1,121,1,115,12,0,2,11,0,0,32,0,1,779,11,1,1,0,81,0,1,0,22,225,127,92,0,6,9,0,14,0,0,1,2,117,949,1,22,6,0,0,0,30,3,10,0,62,64,2,26,1348,0,0,497,0,0,78,64,4,628,0,346,0,3835,2,0,0,66,0,1,13,4,0,1166,19,0,1,350,1,0,0,0,0,0,31,0,0,14,0,0,59,7,1,7,0,4752,26,1,433,2,0,1,0,6589,17,0,0,0,0,59,2,302,82,176,856,0,0,2,0,7,6,0,0,0,1,0,0,0,0,2,0,6,239,3,0,133,253,5,0,0,0,0,15,4,58,0,6,0,13,2,2027,67,614,0,0,11,2,0,3,0,412,0,0,0,0,7,0,100,1,3,0,33,1,0,0,0,0,1,7,0,14,0,0,0,0,2,80,0,0,5,19,0,14,0,157,474,62,0,66,3,0,3,60,0,1,0,0,0,2,0,0,0,1,0,9,0,481,0,0,0,0,0,0,0,0,16,0,0,0,0,0,0,11,41,0,110,0,0,0,0,13,43,21,11,2,3,16,0,0,129,0,0,0,0,0,0,0,1,0,0,20,8,0,4,0,0,0,0,22,736,0,174,0,0,0,2,43,0,9,0,274,0,7,1,11,0,0,0,0,4,0,3,0,0,29,0,0,0,0,0,0,0,0,0,0,0,0,3,0,0,0,16,0,66,0,0,0,60,0,0,0,0,0,0,0,0,0,1,0,1,0,0,0,0,0,0,0,20,0,0,0,3,0,2,0,1,7,0,0,26,0,0,0,22,0,54,3,0,0,0,26,0,0,4,0,13,2,4,0,14,0,0,0,0,1,1,0,0,6,0,0,0,0,0,0,0,0,1,0,0,86,0,0,0,0,26,8,0,0,0,0,0,0,0,0,0,0,0,0,0,0,0,0,0,0,0,0,0,10,0,0,0,6,0,0,0,97,2,0,27,0,0,0,0,0,0,19,0,0,0,0,41,0,3,0,0,0,7,0,0,0,0,1,0,0,0,0,0,0,0,0,0,17,0,0,0,52,0,0,0,5,0,0,0,0,0,0,34,0,0,0,0,0,0,0,0,0,6,0,0,0,0,0,40,67,0,36,0,0,6,1,0,0,3,0,0,14
TCGA-G3-A3CJ_286,1.62739726027397,0,52,1,2,2,0,0,101,117,36,29,36,50,26,20,58,47,18,30,74,59,8,45,1416,16,319,6,67,17,7,7,18,12,6,132,15,134,142,69,62,132,13,76,756,161,14,38,8,0,2,10,21,8,412,141,0,24,27,35,44,89,0,27,78,29,10,74,0,32,0,1,402,0,71,43,11,24,230,187,0,145,641,10,18,19,0,78,18,14,0,5,459,1,71,51,27,392,0,374,33,2342,1,0,3,0,27,67,0,0,12,14,31,34,4,10,309,83,0,8,0,195,0,0,65,0,3,0,0,0,55,0,433,1,0,1,387,1,0,63,5,5,489,21,0,0,0,296,0,0,10,22,38,114,14,0,2,33,0,44,0,0,3,11,69,149,0,15,4,0,1,0,2,1,1,0,77,134,2,63,2725,0,0,241,0,0,68,27,39,0,0,29,12,1680,7,1,0,17,0,0,52,0,0,559,14,0,0,196,0,0,2,0,0,0,151,0,8,3,0,0,10,0,7,30,0,69,0,16,531,0,1,0,0,6589,7,1,0,0,0,8,1,201,23,71,76,0,0,3,0,1,3,0,0,0,0,0,0,0,0,5,0,4,43,0,1,116,149,4,0,3,1,0,0,0,32,0,44,0,3,0,370,0,453,0,0,0,1,0,0,2,163,0,0,0,0,116,0,211,0,2,0,6,16,0,0,0,0,0,10,4,2,0,0,1,5,2,5,4,0,8,1,0,33,0,628,569,885,0,35,0,0,1,69,2,0,4,0,6,7,0,0,0,8,0,0,0,111,0,0,0,8,0,0,0,0,0,0,0,0,0,0,0,0,59,0,4,0,13,0,0,2,24,9,26,0,5,14,0,0,0,0,0,0,0,0,0,0,18,0,0,157,1,0,2,0,0,0,0,98,803,0,178,0,0,0,1,3,0,5,0,0,0,0,2,2,0,4,0,0,0,0,0,0,0,274,1,0,0,0,2,0,2,0,0,0,0,0,6,0,0,0,0,0,9,0,0,0,110,0,0,0,0,0,0,0,0,0,0,0,0,0,0,0,0,0,0,0,1,0,0,0,2,0,0,0,0,4,0,0,4,0,6,0,0,4,2,0,2,0,2,0,0,0,0,0,0,0,0,0,27,0,0,0,0,0,3,0,0,0,0,0,0,0,0,0,0,0,0,2,0,5,0,1,0,0,71,0,0,0,0,366,0,0,0,0,0,57,0,0,0,0,0,0,2,0,0,0,0,26,0,0,1,0,248,0,0,497,24,2,0,0,0,3,0,0,0,29,0,0,0,0,5,0,0,0,0,0,37,0,23,0,0,0,0,0,0,0,11,0,0,0,0,0,0,0,0,1025,2,0,522,0,0,11,0,0,0,0,1,0,0,2,0,0,0,10,2,0,0,0,0,0,0,0,0,0,34,62,91,7,1,1113,0,23,0,0,10,62
TCGA-G3-A3CK_287,1.6027397260274,0,61,1,1,1,0,0,239,278,66,22,66,89,35,14,87,15,20,55,80,55,3,20,1223,18,559,0,89,35,12,12,27,20,2,65,45,245,141,37,40,171,32,21,1282,45,34,128,31,0,14,15,35,4,196,150,0,93,19,16,45,105,0,19,23,26,6,225,0,12,0,7,342,0,29,57,21,44,72,335,0,206,281,29,20,18,0,35,32,21,0,22,402,2,76,14,57,474,0,231,88,459,0,0,12,0,26,71,0,1,2,8,61,4,4,13,407,10,0,16,1,293,0,0,92,0,2,0,0,0,65,0,38,0,0,0,1071,0,0,56,2,1,590,8,0,0,0,268,0,0,10,20,2,153,58,0,0,16,0,117,0,0,0,2,113,756,0,45,14,0,0,0,5,1,4,0,83,47,2,96,4752,0,0,250,0,0,92,39,17,37,0,216,9,2342,0,1,0,18,0,0,65,0,0,265,4,0,0,433,0,0,0,0,0,0,78,0,2,6,0,0,13,3,0,21,0,549,0,28,856,0,2,0,0,2725,2,0,0,0,0,11,1,91,9,41,222,0,0,4,0,0,5,0,0,0,0,0,0,0,0,17,0,3,346,0,0,56,220,12,0,2,7,0,0,0,35,0,27,0,3,0,102,0,299,0,0,2,5,0,0,0,178,0,0,0,0,18,0,396,0,26,0,1,9,0,0,0,0,0,8,6,13,0,0,0,15,2,8,18,0,7,0,0,4,0,262,3487,1166,1,49,1,0,1,70,26,0,0,0,2,7,0,0,0,4,0,0,0,191,0,3,0,0,0,0,2,0,14,0,0,0,0,0,0,1,174,0,23,0,18,0,0,3,98,91,8,0,24,16,0,0,75,0,0,0,1,0,0,0,7,0,0,291,0,0,0,0,0,0,0,10,531,0,212,0,0,0,6,23,0,11,0,0,0,2,0,0,0,0,3,0,0,0,0,3,0,428,0,0,0,2,0,0,2,0,0,0,0,0,0,0,0,0,0,0,0,0,0,0,32,0,0,0,0,6,0,0,0,0,0,0,0,0,0,0,0,0,0,0,0,0,0,0,2,0,0,0,1,0,0,0,13,0,11,0,0,0,12,0,6,0,0,0,0,0,0,0,0,0,6,0,8,0,0,0,0,0,2,0,0,1,0,0,0,0,4,0,0,0,0,0,0,6,6,0,0,0,15,0,0,0,0,13,0,0,0,0,0,43,0,0,0,0,0,0,0,0,0,0,0,3,2,0,0,0,36,0,0,387,1416,0,0,2,0,0,0,0,0,26,0,0,0,0,15,0,0,0,0,0,23,0,87,0,0,205,0,0,0,0,7,9,0,0,0,1,0,0,0,13,30,0,6,0,0,0,1,0,24,0,0,0,0,0,0,0,0,14,1,0,0,0,0,0,0,0,0,10,0,2,379,0,14,9,0,1,0,0,87,56
TCGA-G3-A5SI_288,2.1041095890411,1,44,1,2,2,0,0,228,146,57,304,39,29,14,16,8,22,34,8,53,125,0,47,132,37,51,387,26,4,8,4,7,1,10,24,11,379,124,29,22,111,13,1,428,412,62,80,64,0,0,19,265,2,440,47,0,45,6,7,59,38,6,7,31,88,32,230,1,13,0,7,60,0,44,32,0,20,296,241,4,112,137,83,22,2,2,18,48,7,5,32,108,11,113,25,20,8,0,549,48,4,19,0,10,3,16,83,0,17,35,1,75,27,9,8,49,54,1,20,2,99,0,1,383,3,0,0,15,8,127,18,339,36,4,13,0,0,2,20,4,1,243,5,12,1,0,44,2,7,0,7,178,86,32,1,0,21,4,1,7,0,0,1,96,283,7,3,6,1,0,3,3,16,1,0,163,38,0,39,1166,0,0,481,0,0,27,32,0,590,1,57,0,6589,1,0,1,71,0,3,2,2,0,1282,7,0,2,274,0,0,0,0,0,0,114,2,0,15,0,0,17,16,0,38,0,3192,6,7,1223,0,0,4,0,2962,11,0,0,0,0,14,1,149,10,103,453,0,4,1,1,0,13,0,0,0,5,0,0,0,4,0,0,3,614,0,0,135,123,23,4,0,0,0,12,0,62,0,13,3,0,1,985,43,915,0,0,6,0,0,1,0,505,0,0,0,0,6,0,24,0,9,0,0,0,0,1,0,0,5,0,0,1,0,0,0,3,7,127,0,0,2,41,0,8,0,262,447,33,0,33,0,0,1,35,0,0,0,0,0,0,0,0,0,4,0,0,0,433,0,0,0,0,0,0,39,0,5,0,0,0,0,0,0,2,37,0,84,1,2,0,0,4,223,0,9,0,0,322,0,0,12,0,1,0,0,0,0,0,8,0,0,38,101,0,8,0,0,0,0,84,579,0,38,0,0,0,2,161,0,2,0,49,1,0,0,0,0,0,0,0,0,0,0,0,0,0,0,0,0,1,0,0,0,0,0,0,0,0,0,0,15,5,37,0,115,0,42,0,49,0,0,0,0,0,0,0,0,0,2,0,0,0,0,0,14,0,0,0,0,0,0,0,0,0,0,0,1,8,0,0,1,0,2,0,20,0,6,0,0,0,0,15,0,0,0,0,8,0,0,21,0,0,0,0,0,1,0,0,0,0,0,0,0,0,0,0,0,0,0,0,0,153,0,0,0,0,19,6,0,0,0,9,0,0,0,0,0,0,0,0,6,0,0,0,0,0,0,0,0,66,3,0,0,0,0,0,0,31,5,0,4,0,0,0,0,0,27,28,0,0,0,0,0,0,0,0,0,0,0,0,9,0,0,1680,0,0,0,0,0,0,0,0,0,5,0,0,0,66,0,0,0,0,0,0,2,0,0,0,0,263,0,0,0,0,0,18,0,0,0,0,0,0,0,0,0,51,31,22,0,0,0,9,0,0,7,0,0,71
TCGA-G3-A5SJ_289,1.91232876712329,0,59,1,1,1,0,2,0,0,22,0,2,4,3,3,2,19,1,8,51,17,0,9,32,2,0,5,18,3,3,0,4,0,0,2,5,65,41,4,5,239,0,9,1,127,14,6,3,2,6,8,22,0,22,27,0,13,6,2,16,58,2,8,0,12,1,25,3,0,4,1,32,0,15,13,3,9,0,25,0,68,91,19,1,0,0,45,7,1,2,3,270,1,61,13,7,59,26,4752,9,0,8,0,11,0,0,102,0,6,23,0,6,4,9,4,12,12,0,3,20,362,7,0,159,0,0,2,1,2,1,1,86,0,0,9,1,0,0,0,0,1,3,1,4,0,0,28,0,1,0,10,133,26,20,0,25,1,2,0,2,0,0,0,50,42,1,15,7,0,0,1,8,6,1,0,41,58,0,8,307,0,0,22,3,0,3,21,10,2,0,5,1,346,0,3,0,29,0,0,2,0,0,374,14,0,0,203,2,0,0,10,0,0,0,0,0,19,0,0,4,11,0,1,0,779,0,2,17,0,0,0,0,178,21,0,0,1,0,12,0,115,139,107,0,0,0,0,0,92,0,0,0,0,1,0,0,0,0,0,0,0,30,22,0,66,83,0,0,0,0,0,135,6,10,0,3,0,0,0,1585,0,91,0,0,0,0,0,1,14,514,0,0,0,0,11,4,0,0,4,0,26,87,0,0,0,0,0,0,0,0,0,0,0,2,0,38,1,0,0,0,1,0,42,36,226,59,12,18,0,0,0,18,4,0,0,7,0,0,9,0,0,0,0,212,0,84,0,2,0,0,0,0,0,0,26,0,0,0,0,0,0,0,23,0,2,0,0,0,0,4,21,0,0,0,10,309,0,0,4,0,0,1,0,0,0,0,0,0,6,335,0,0,0,0,0,0,0,0,412,0,2,0,0,0,0,39,0,3,0,3,0,0,2,0,0,0,0,14,0,0,2,0,0,55,0,0,0,0,0,0,0,0,3,0,0,0,0,0,0,12,0,0,22,2,0,0,14,0,0,0,0,0,12,0,0,0,4,0,0,1,0,0,3,0,0,0,1,0,0,0,0,0,0,37,0,2,2,0,12,0,0,0,0,0,169,0,0,0,0,82,0,0,1,0,0,0,0,0,1,0,0,7,0,0,8,0,0,0,0,0,0,0,0,0,0,0,0,0,0,5,0,0,0,1,0,6,0,0,0,0,0,0,0,0,0,0,0,0,2,0,0,0,0,0,0,13,0,0,4,0,0,0,2,0,0,11,6589,0,0,0,0,0,0,0,0,0,0,0,0,0,0,29,0,117,0,0,13,7,45,0,0,1,0,2,69,147,12,0,0,0,0,0,233,0,0,5,1,2,0,0,0,0,0,0,0,0,0,0,0,0,0,0,0,590,0,0,0,0,0,3,0,0,0,38,0,0,0,0,0,0,0,0,0,0,0,0
TCGA-G3-A5SK_290,2.03835616438356,0,58,1,1,1,0,2,392,139,121,154,105,57,29,44,65,36,52,40,108,196,5,25,383,23,522,307,37,34,10,17,49,23,11,89,101,316,302,51,40,288,14,89,332,130,117,299,157,0,9,48,215,7,286,51,0,26,13,36,33,125,0,24,18,97,15,252,0,18,0,11,108,0,43,203,13,30,342,257,0,149,701,151,63,6,0,45,38,24,0,26,614,4,103,31,23,200,0,241,66,540,0,0,21,0,15,61,0,0,67,8,73,30,16,10,270,50,1,39,0,276,0,0,250,0,6,0,36,0,259,0,140,19,0,0,668,0,0,44,5,7,628,6,0,0,0,226,0,0,2,19,152,156,34,0,0,36,0,11,0,0,0,1,176,684,0,21,6,0,2,0,8,0,3,0,101,17,2,109,2725,0,0,856,0,0,93,55,35,481,0,223,8,1902,0,4,0,30,0,0,77,2,0,1495,19,0,0,358,0,0,2,0,0,4,122,0,4,24,0,0,83,0,1,216,0,1113,22,16,1223,6,1,0,0,4752,15,0,0,0,0,25,3,219,59,268,210,0,0,3,0,0,7,0,0,0,0,0,0,0,0,9,0,3,248,0,0,47,183,41,0,1,7,0,0,0,80,0,20,0,5,1,514,99,374,0,0,9,20,0,9,0,177,0,0,0,0,43,0,185,1,35,0,117,1,0,0,0,0,1,5,0,14,0,1,0,12,28,192,15,0,1,18,0,26,0,281,459,4215,0,55,6,0,0,34,21,0,8,0,18,0,0,0,24,11,0,2,1,296,0,0,0,0,0,0,39,0,29,0,0,0,0,0,0,15,8,2,14,0,3,0,0,7,293,18,47,1,18,402,0,0,162,0,0,0,1,3,0,0,30,0,0,180,37,0,2,0,0,0,0,40,283,0,67,0,0,7,1,35,0,37,0,61,0,0,4,21,0,0,0,0,5,0,0,0,0,179,7,0,0,4,0,0,1,44,0,5,0,0,5,0,0,0,41,0,33,0,0,0,120,0,0,0,0,0,0,1,0,0,0,0,0,0,0,0,12,0,0,0,29,2,0,0,2,0,1,0,0,9,0,0,3,0,49,0,0,0,15,0,5,0,0,0,0,0,0,0,17,4,0,0,10,0,0,0,0,0,0,0,16,0,0,0,0,0,20,0,0,0,0,0,1,239,0,0,19,1,0,18,0,0,0,75,0,0,0,0,0,208,0,0,0,0,0,0,0,0,0,0,0,25,1,0,0,13,38,0,29,579,0,7,53,0,0,0,0,0,0,0,0,0,0,0,0,0,0,0,0,0,10,0,27,41,0,83,0,0,0,0,0,0,0,0,0,14,0,7,0,238,1,1,202,10,0,0,0,0,0,0,9,14,0,0,0,2,3,9,0,0,0,0,0,0,0,0,38,25,6,46,0,6,23,29,0,1,29,0,0,49
TCGA-G3-A5SL_291,1.7013698630137,0,70,1,2,2,0,2,316,276,103,73,101,38,47,20,49,38,37,25,200,142,7,75,641,28,736,151,149,42,24,12,36,12,10,108,95,590,205,68,27,120,28,14,856,459,12,83,32,0,4,16,21,10,569,98,0,779,20,5,29,102,0,19,26,42,6,146,0,11,0,5,407,0,61,250,8,19,162,346,0,178,433,76,30,10,0,81,13,15,0,4,118,5,132,25,257,718,4,228,21,5426,1,0,4,0,10,299,0,1,53,1,54,22,4,10,474,8,0,19,0,99,0,0,161,0,5,0,4,0,20,0,505,13,0,0,307,0,0,30,4,0,602,7,1,0,0,291,0,0,17,19,302,145,50,0,0,59,0,47,0,0,1,6,100,549,0,8,8,0,3,0,4,2,30,0,207,182,0,56,2342,0,0,119,0,0,94,4,4,25,0,226,1,3835,6,1,0,29,0,0,82,0,0,949,1,0,0,231,0,0,0,0,0,0,29,0,4,4,0,0,15,3,1,20,0,281,12,33,540,0,0,0,0,2175,1,0,0,0,0,15,2,217,74,115,157,0,0,1,0,5,8,0,0,0,0,0,0,0,0,12,0,7,325,0,0,253,192,14,0,2,4,0,1,0,12,0,28,0,1,4,514,2,304,0,0,2,0,0,5,1,428,0,0,0,0,16,0,309,1,11,2,6,2,0,0,0,0,1,19,7,12,0,0,0,3,1,25,6,0,13,8,0,9,0,243,1348,199,0,29,1,0,0,91,8,1,2,0,2,6,0,0,0,0,0,0,0,78,0,6,0,0,0,0,2,0,2,0,0,0,0,0,0,0,41,0,20,0,8,0,0,6,11,100,7,0,27,70,0,0,82,0,0,0,13,0,0,0,8,0,0,225,2,0,0,0,0,0,0,32,756,0,18,3,0,0,4,15,0,1,0,0,0,1,0,8,0,0,0,0,0,0,0,0,0,579,0,0,0,0,0,0,9,0,0,0,0,0,1,0,0,0,2,0,7,0,0,0,16,7,0,0,0,0,0,0,0,0,0,0,0,0,0,0,0,0,0,0,106,9,0,0,0,0,1,0,1,0,0,0,52,0,7,0,0,0,7,0,4,0,0,0,0,0,0,0,0,6,0,0,13,0,0,0,0,0,1,0,0,5,0,0,0,0,0,0,0,0,0,0,0,41,0,0,0,1,40,0,0,0,0,22,0,0,0,0,0,6,8,0,0,0,0,0,1,0,0,0,0,9,0,0,0,0,20,0,0,27,16,0,0,1,0,0,0,0,0,0,0,0,0,0,38,0,0,0,0,0,21,0,17,0,0,116,0,0,0,0,12,5,0,0,0,0,0,0,0,10,28,0,65,0,0,10,0,0,0,1,2,0,0,0,0,0,0,0,1,0,0,0,0,0,0,0,0,42,0,17,47,0,0,5,0,8,0,15,3,0
TCGA-G3-A5SM_292,1.42465753424658,0,58,1,2,2,0,2,94,59,74,78,49,30,26,38,96,62,28,43,81,60,5,28,199,15,293,387,43,29,3,7,21,2,15,90,76,175,219,23,28,100,18,12,412,262,30,25,33,0,28,29,28,3,274,176,0,16,13,26,30,97,2,14,47,38,19,118,0,20,0,5,52,0,49,108,11,140,21,283,0,174,149,18,15,0,0,58,16,16,0,17,91,1,63,14,25,213,7,559,110,49,12,0,9,0,7,97,0,4,14,3,29,8,0,3,335,111,0,22,0,168,0,0,123,0,2,1,8,1,225,2,18,14,0,2,160,0,0,55,1,2,417,5,2,0,0,97,0,0,5,10,18,90,64,0,0,6,0,25,0,0,0,1,160,257,2,14,4,0,0,0,15,5,5,0,113,114,0,17,4752,0,0,291,0,0,112,70,12,245,0,143,5,2530,2,0,0,36,0,0,63,0,0,1166,27,0,1,299,0,0,0,0,0,0,10,0,4,6,0,0,47,6,0,90,0,1416,15,4,1223,1,0,1,0,3487,17,0,0,0,0,11,3,99,68,46,322,0,1,0,0,3,7,0,0,0,2,0,0,0,0,3,0,0,131,1,0,61,115,6,1,0,1,0,66,0,32,0,15,0,14,0,522,26,569,0,0,7,22,0,0,0,252,0,0,0,0,15,0,156,0,7,0,32,3,0,0,0,0,1,2,2,2,0,0,0,1,29,5,4,0,30,9,0,5,3,307,1495,5426,4,32,1,0,0,57,9,0,1,0,0,0,0,0,0,4,0,15,12,614,0,0,0,0,0,0,4,0,18,0,0,0,0,0,0,6,136,4,20,0,3,0,0,0,235,24,24,0,13,99,0,0,52,0,0,0,0,0,0,0,11,0,0,142,13,0,0,0,0,0,0,81,374,0,41,0,0,1,0,54,0,1,0,92,0,0,0,0,0,0,0,0,0,0,0,0,0,255,0,0,0,0,0,0,0,1,0,0,0,0,2,0,0,0,25,0,83,0,0,0,49,0,0,0,0,9,0,0,0,0,0,0,0,0,0,0,32,0,0,0,75,0,0,0,1,0,0,0,3,15,1,0,24,0,0,0,0,0,84,0,0,0,0,0,0,0,5,0,22,0,5,0,0,0,0,0,0,96,0,0,9,0,0,0,0,0,13,0,0,1,0,0,0,53,3,0,0,7,29,8,0,0,0,6,0,0,0,0,0,243,2,0,0,0,0,0,0,0,0,0,0,13,0,0,0,1,0,0,0,736,169,0,47,0,0,0,0,0,0,21,0,0,0,0,31,0,0,0,0,0,24,0,4,0,0,6,0,0,0,0,0,0,0,0,0,44,0,0,0,42,0,0,0,0,0,0,2,0,2,0,14,22,0,2,0,0,0,212,0,0,0,0,0,0,0,0,0,4,18,2,0,32,0,114,0,0,14,0,0,0
TCGA-G3-A6UC_293,1.83835616438356,0,65,1,3,3,0,0,856,222,168,255,109,53,68,56,61,58,64,78,238,149,17,76,614,33,339,481,131,75,11,15,48,53,15,113,97,433,329,72,43,250,35,40,949,199,47,335,60,0,12,25,223,7,756,132,0,84,21,3,51,226,0,32,63,66,27,358,0,27,0,13,459,0,73,114,6,26,182,540,0,322,505,220,52,23,0,115,63,33,0,58,231,4,155,54,83,402,0,59,36,4752,0,0,9,0,18,75,0,0,62,9,61,69,16,7,288,143,2,40,0,101,0,0,166,0,11,0,9,0,163,0,374,40,0,0,1071,1,0,55,4,4,228,20,0,0,0,293,0,0,13,28,253,177,70,0,0,101,0,66,0,0,1,8,259,531,0,9,11,0,8,0,34,1,12,0,197,8,2,160,1585,0,0,354,0,0,137,11,2,33,0,140,4,9068,0,2,0,19,0,0,55,2,0,1113,16,0,0,272,0,0,1,0,0,0,684,0,5,13,0,0,40,1,3,50,0,1416,27,9,1282,2,0,0,2,3487,2,0,0,0,0,34,6,342,8,157,175,0,0,7,0,0,17,0,0,0,0,0,0,0,0,31,0,1,803,0,1,122,299,27,0,6,12,0,2,0,23,0,67,0,15,1,718,2,467,0,0,8,0,0,13,0,291,0,0,0,0,126,0,225,0,19,0,12,0,0,0,0,0,1,8,0,16,0,0,0,13,12,34,12,0,4,25,0,47,0,346,628,48,0,57,11,0,0,45,10,0,8,0,11,4,0,0,1,0,0,0,0,100,0,6,0,0,0,0,20,23,0,0,0,0,1,0,0,0,0,1,0,0,30,0,0,1,31,74,4,0,22,1166,0,0,111,0,0,0,4,1,0,0,8,0,0,243,56,0,1,0,0,0,0,27,641,0,72,7,0,0,7,97,0,21,0,18,0,0,7,2,0,0,0,0,2,0,3,0,0,286,3,0,0,0,0,0,2,0,0,3,0,0,1,0,0,10,4,0,103,0,0,0,42,0,0,0,0,0,0,0,0,0,0,0,0,0,0,0,0,0,0,0,34,0,0,0,5,0,0,0,0,1,0,0,30,0,0,0,0,0,0,0,0,0,0,0,0,0,3,0,4,8,13,0,29,0,0,0,0,0,4,0,7,0,0,0,0,0,0,0,0,0,0,0,0,4,0,2,0,0,270,4,0,0,0,18,0,0,0,0,0,1,1,2,0,0,0,0,2,0,0,0,0,10,4,2,0,2,169,0,1,0,1,3,1,0,0,0,0,0,0,0,0,0,0,2,27,0,0,0,0,0,16,0,76,0,0,0,0,0,0,0,0,0,0,0,0,0,0,0,0,46,0,3,262,0,0,0,0,0,0,0,0,0,0,0,0,0,0,0,0,0,0,3,0,0,0,0,0,5,0,43,73,0,0,105,0,161,0,0,0,0
TCGA-G3-A7M5_294,1.22465753424658,0,76,1,1,1,2,2,1223,131,104,170,98,53,23,50,25,69,11,23,123,115,2,35,531,32,590,1416,63,46,17,7,8,19,8,20,128,549,268,73,103,121,3,21,514,89,76,28,69,0,65,16,362,5,985,67,0,129,25,13,74,145,0,31,12,77,26,366,0,25,0,12,107,0,88,81,12,21,48,168,0,307,684,701,50,6,0,82,26,15,0,46,374,4,136,48,10,238,0,225,54,103,1,0,11,0,22,90,0,0,120,2,34,21,16,13,505,42,0,20,0,55,0,0,177,0,3,0,16,0,255,0,168,9,0,0,322,0,0,50,1,17,433,45,0,0,0,87,0,0,3,38,346,142,128,0,0,60,0,32,0,0,0,2,332,522,0,19,1,0,23,0,55,3,6,0,43,79,4,71,2725,0,0,272,0,0,59,38,8,829,0,136,6,3835,5,3,0,76,0,0,14,0,0,9068,15,0,0,335,0,0,0,0,0,4,122,0,2,3,0,0,36,0,2,179,0,2962,88,10,1585,1,1,0,0,6589,64,0,0,0,0,3,3,407,42,304,329,0,0,6,0,0,8,0,0,0,0,0,0,1,0,4,0,5,481,0,0,91,151,33,0,9,9,0,0,0,27,0,20,0,24,0,628,149,286,0,0,8,21,0,7,0,130,0,0,0,0,36,0,19,0,23,0,178,0,0,0,0,0,0,5,2,6,0,0,0,1,22,257,13,0,5,1,0,27,0,203,779,62,0,41,3,0,0,24,16,1,1,0,9,0,0,0,0,4,0,0,0,387,0,0,0,0,0,0,0,0,22,0,0,1,4,0,0,2,0,1,31,0,3,0,0,3,358,6,36,1,3,497,0,0,75,0,0,0,0,0,0,0,7,0,0,0,0,0,1,0,0,0,0,2,1166,0,230,0,0,3,3,65,0,68,0,559,0,0,14,12,0,8,0,0,6,0,0,0,0,99,0,0,0,0,0,0,0,0,0,0,0,0,0,0,0,11,52,0,63,0,1,0,12,0,0,0,0,4,0,0,0,0,3,0,5,5,0,0,5,0,0,0,67,0,0,0,4,0,7,0,26,29,0,0,25,0,0,4,5,0,15,0,0,0,0,13,0,0,11,0,86,8,80,0,10,0,0,0,0,0,0,0,2,6,0,0,0,0,5,0,0,0,1,0,1,6,0,3,0,0,163,8,0,0,0,35,0,0,0,0,0,2,1,4,0,0,0,7,4,0,0,0,12,11,4,0,0,23,0,0,1,212,0,9,10,0,0,0,0,0,0,0,0,0,1,0,53,0,0,0,0,0,32,0,0,0,1,138,0,0,0,0,0,0,0,0,0,28,0,0,0,8,16,2,0,3,0,0,0,0,0,0,0,43,0,0,1,0,0,1,0,0,20,0,0,0,0,0,0,175,0,109,2,0,0,5,0,29,2,0,0,28
TCGA-G3-A7M6_295,1.73150684931507,0,60,0,1,1,2,2,21,4,15,10,10,7,1,1,6,0,0,7,4,5,1,0,51,0,47,31,8,1,0,0,0,0,0,1,12,47,59,3,0,16,0,0,31,33,18,7,2,2,2,1,2,1,44,10,0,29,3,0,2,13,4,2,0,8,0,42,4,0,11,0,16,0,0,22,0,2,7,49,0,31,522,13,1,0,0,3,0,0,1,0,24,0,10,2,4,43,30,9068,1,28,3,0,2,0,1,38,0,9,1,0,8,9,0,0,11,5,0,1,3,18,5,0,22,0,0,1,1,0,11,2,24,0,1,2,62,0,0,4,0,0,25,0,4,1,0,44,0,1,0,0,15,18,3,0,55,1,0,0,6,0,0,0,18,58,2,0,0,0,0,0,0,1,1,0,6,7,0,2,641,0,0,30,1,0,3,24,0,15,0,59,0,422,0,0,0,3,0,0,0,0,0,187,0,0,0,69,7,0,0,9,0,0,6,0,0,0,0,0,3,18,0,2,0,481,0,0,193,0,0,0,0,829,2,0,0,10,0,30,0,12,3,18,56,0,1,0,0,30,0,0,0,0,0,5,0,3,0,0,0,0,42,41,0,14,69,0,0,0,0,0,362,5,2,0,0,0,0,0,329,2,84,0,0,0,0,0,0,0,59,0,0,0,0,3,2,18,0,0,42,17,158,0,0,0,0,0,0,0,0,11,0,6,0,0,32,0,22,0,0,29,0,6,24,65,23,0,4,0,0,2,3,0,0,0,4,0,0,0,0,0,0,3,114,4,62,0,0,0,1,0,0,0,0,40,0,0,0,0,0,0,0,10,0,1,0,0,0,0,0,45,1,2,0,0,0,0,0,7,0,0,6,0,0,0,0,0,0,0,50,0,0,0,0,0,0,0,1,192,0,3,0,0,0,0,2,0,0,0,9,0,0,0,0,0,0,0,0,0,0,8,0,0,43,3,0,0,0,0,0,0,0,0,0,0,0,0,0,0,6,0,0,4,0,3,0,21,0,0,0,0,0,0,0,0,0,0,0,0,10,0,0,17,5,0,0,4,0,0,0,0,14,0,79,0,0,0,0,1,0,0,0,0,0,4,0,0,0,0,92,0,0,9,0,0,0,0,119,0,0,1,0,0,0,20,0,0,0,0,6,0,0,0,0,0,0,0,0,0,0,0,0,0,0,1,5,0,0,0,4,0,9,0,0,0,0,0,0,4,0,0,0,0,0,0,11,0,0,0,0,0,0,0,0,0,65,3487,0,0,0,0,0,0,0,0,1,0,0,0,0,0,65,0,123,0,0,0,1,0,0,0,322,0,0,66,0,3,0,0,0,0,3,0,0,0,54,0,0,0,0,0,0,0,0,0,0,24,0,0,0,0,0,0,0,0,0,0,0,0,6,0,0,0,1,0,0,0,0,0,23,0,0,0,0,0,1
TCGA-G3-A7M7_296,0.989041095890411,0,65,1,1,1,2,2,383,73,47,104,40,36,5,29,40,20,66,28,44,128,2,27,134,2,22,80,42,17,3,0,17,6,4,50,22,474,46,32,10,131,19,24,1025,236,299,87,102,0,13,10,55,3,149,94,0,6,8,14,45,64,0,25,28,19,1,374,0,2,1,2,38,0,36,80,2,15,262,225,0,257,174,50,99,2,0,39,10,14,0,16,126,2,94,34,116,149,2,307,39,17,2,0,3,0,12,243,0,0,17,1,49,6,9,11,117,15,0,15,0,169,0,0,235,0,0,0,4,0,98,0,71,2,0,0,196,0,0,54,0,1,684,1,0,0,0,58,0,0,5,3,84,73,27,0,0,15,0,26,0,0,0,1,44,74,0,21,9,0,2,0,0,1,6,0,38,66,0,25,1680,0,0,514,2,0,74,50,11,559,0,123,1,1223,10,1,0,62,0,0,15,0,0,489,2,0,0,160,0,0,1,0,0,0,10,0,1,11,0,0,59,0,0,33,0,2175,89,5,856,0,0,0,0,4215,5,0,0,0,0,17,0,55,57,245,362,0,0,2,0,7,1,0,0,0,0,0,0,0,0,2,0,2,412,2,0,134,115,5,0,0,0,0,73,1,18,0,22,0,6,0,540,22,286,0,0,2,6,0,0,0,193,0,0,0,0,19,0,3,22,17,0,138,3,0,0,0,0,0,0,0,0,0,0,2,1,4,172,0,0,0,0,0,15,0,96,417,5426,2,24,0,0,0,47,14,0,4,0,0,0,0,0,0,0,0,11,1,885,0,0,0,0,0,0,35,0,13,0,0,0,0,0,0,14,2,1,62,0,1,0,0,5,38,6,9,0,13,21,0,0,34,0,0,0,0,0,0,0,11,0,0,188,0,0,0,0,0,0,0,60,57,0,58,0,0,1,0,20,0,17,0,0,0,0,0,0,0,0,0,0,0,0,0,0,0,215,0,0,0,0,0,0,0,0,0,0,0,0,0,0,0,0,9,0,3,0,0,0,42,0,2,0,0,0,0,0,0,0,0,0,0,0,0,0,2,0,0,0,1,0,0,0,1,0,0,0,8,0,0,0,20,0,0,0,3,0,11,0,1,0,0,0,0,0,81,0,0,0,0,0,8,0,0,0,0,0,2,0,2,0,0,0,0,0,7,0,0,0,0,0,0,63,0,0,0,0,8,15,0,0,0,10,0,0,0,0,0,296,1,0,0,0,0,0,0,0,0,0,0,9,2,0,0,0,0,3,0,433,1348,0,0,0,0,0,0,0,0,0,0,0,0,0,0,0,1,0,0,0,61,0,29,0,0,213,0,0,1,0,0,0,0,0,0,9,0,0,0,79,0,0,4,0,0,0,0,0,0,0,2,0,0,0,0,0,0,207,0,0,25,0,0,0,0,0,0,150,2,48,0,0,0,32,0,0,19,0,3,2
TCGA-G3-A7M8_297,1.17808219178082,0,31,1,1,1,2,2,304,231,283,187,138,68,24,47,56,31,31,45,70,132,6,104,235,18,20,428,105,101,3,0,0,9,7,58,453,1223,159,130,45,245,5,32,412,489,319,25,42,0,49,19,299,3,82,72,0,17,5,42,65,168,0,29,77,62,14,40,0,13,0,15,44,0,67,641,19,18,154,225,0,291,614,459,42,6,0,55,34,6,0,29,246,4,194,46,22,213,2,222,37,2,0,0,21,0,0,201,0,0,98,2,1,15,23,19,80,28,0,38,0,481,0,0,302,0,3,0,5,0,230,0,248,13,0,0,590,0,0,37,0,7,123,20,0,0,0,172,0,0,0,28,265,276,41,0,0,14,0,18,0,0,0,0,216,718,0,50,6,0,2,0,8,0,3,0,133,88,4,32,1585,0,0,433,0,0,87,58,3,100,0,203,22,2725,3,1,0,23,0,0,54,0,0,1416,5,0,0,829,0,0,0,0,0,0,29,0,5,10,0,0,44,0,0,185,0,2175,17,4,1282,2,0,0,0,4215,32,2,0,0,0,10,7,153,73,549,243,0,0,3,0,1,5,0,0,0,0,0,0,0,0,4,0,1,189,0,0,122,125,3,0,1,16,0,5,0,38,0,12,0,16,0,756,70,915,0,0,2,17,0,11,0,325,6,1,0,0,14,0,39,2,23,6,157,2,0,0,0,0,0,0,8,0,0,0,0,4,2,329,7,0,0,8,0,39,0,110,440,1680,0,46,3,0,0,77,36,0,0,0,12,0,0,0,0,4,0,3,9,115,0,0,0,0,0,0,21,0,6,0,0,2,0,0,0,0,1,0,28,0,12,0,0,5,163,9,43,0,24,223,0,0,358,0,0,0,1,0,0,0,8,0,0,183,14,0,0,0,0,0,0,48,1113,0,281,0,0,3,9,74,0,9,0,76,0,0,10,16,0,0,1,0,0,0,0,0,0,9,2,0,0,0,0,0,0,0,0,0,0,0,5,0,0,0,11,0,52,0,0,0,161,0,0,0,12,0,0,0,0,0,0,0,0,0,0,0,0,0,0,0,21,0,0,0,5,0,0,1,36,2,0,0,64,0,14,0,0,0,1,0,2,0,0,9,0,0,45,0,257,8,89,0,13,0,0,0,0,0,0,0,0,0,9,0,0,0,1,0,0,0,0,0,8,7,0,0,3,0,3,13,0,0,0,13,0,0,0,0,0,122,1,0,0,0,0,0,0,0,0,0,0,21,2,0,0,1,0,1,0,192,12,0,45,0,0,0,0,0,0,36,0,0,0,0,0,0,0,0,0,0,0,0,0,0,0,2,0,0,0,0,0,7,0,0,0,7,0,0,0,33,14,2,0,0,0,0,0,0,0,0,24,0,0,0,0,0,0,0,0,0,0,0,0,0,0,0,10,0,5,0,0,4,5,22,0,0,0,0,0,0
TCGA-G3-A7M9_298,0.153424657534247,1,70,1,3,3,2,2,0,0,17,0,0,4,0,0,0,0,0,0,1,4,1,0,23,2,0,0,2,0,0,0,0,0,0,13,0,6,7,0,0,37,0,0,2,0,0,2,8,1,0,0,0,3,9,12,8,4,0,0,1,0,37,0,0,6,0,19,2,0,2,0,0,3,0,15,0,0,10,59,13,0,1,2,0,0,2,0,5,0,22,1,0,1,4,5,0,3,11,4752,4,0,42,0,0,6,4,15,2,69,0,0,1,15,0,0,15,0,0,12,3,0,14,2,25,11,0,2,0,11,1,25,1,0,10,80,0,0,10,0,0,0,164,0,21,11,0,4,7,18,0,0,0,39,3,4,3,5,12,0,7,0,0,0,6,3,10,0,0,6,0,8,0,32,0,0,0,0,0,6,122,2,1,52,24,18,8,2,0,1,6,19,0,26,0,0,7,4,3,14,0,0,0,291,0,5,12,62,2,4,0,1,2,0,0,6,0,2,0,2,3,47,1,0,0,11,0,0,54,0,0,4,0,1282,0,0,1,0,0,0,0,0,4,0,15,0,9,0,6,0,0,0,0,0,10,0,4,14,10,0,53,0,6,8,0,1,30,1,9,0,0,0,293,0,0,0,0,3,0,0,6,7,137,0,0,0,0,0,0,6,0,0,0,0,0,8,7,0,0,0,22,17,14,0,1,0,2,0,0,0,0,0,0,3192,0,0,0,0,0,0,0,0,0,31,1,89,40,7,29,0,0,235,10,1,0,0,6,0,0,8,0,0,0,1,88,1,44,0,5,0,0,0,0,0,0,8,10,7,0,0,0,0,0,112,0,0,1,0,0,0,0,24,0,2,0,3,80,0,0,0,0,0,0,0,0,3,5,0,0,0,0,0,0,0,0,0,0,5,0,168,2,0,0,1,0,0,0,0,0,0,0,0,42,0,0,9,0,0,19,0,0,1,0,0,121,0,1,0,0,0,0,0,6,1,0,10,0,0,0,0,13,8,0,0,0,4,0,1,2,0,0,0,0,0,0,12,0,5,0,0,100,0,3,245,0,1,7,0,0,0,1,0,0,0,3,0,0,0,0,0,0,15,0,0,0,0,0,0,0,0,2,0,2,11,0,0,0,0,14,0,0,1,0,0,0,3,0,0,0,0,0,0,0,0,0,0,0,0,0,0,0,0,0,0,0,0,0,0,0,0,1,0,0,0,6,0,0,0,0,0,0,0,0,0,1,0,0,0,1,0,0,0,0,0,28,0,1,325,0,0,0,0,0,0,0,2,0,0,0,0,0,0,6,0,20,0,0,0,0,0,0,0,0,0,0,0,5,4,0,0,0,0,0,3,0,0,57,0,0,0,0,66,0,0,7,3,0,0,33,0,0,0,0,0,274,0,1,3,0,0,0,0,0,1,0,4,1,0,0,0,105,0,1,3,0,0,1
TCGA-G3-AAUZ_299,1.31506849315068,0,48,1,1,1,0,0,286,62,87,99,58,32,23,28,11,27,8,23,20,81,2,41,459,16,217,288,48,11,3,6,6,24,4,47,120,248,339,100,15,133,7,13,779,346,104,130,33,0,16,8,163,7,474,91,0,23,8,7,25,59,2,44,11,45,6,299,0,22,1,8,165,0,46,195,8,16,161,160,1,104,540,440,75,3,2,45,13,19,2,12,263,3,146,36,20,203,0,549,29,15,8,0,17,0,4,110,0,7,34,2,86,78,38,8,93,86,0,13,0,101,0,0,219,0,0,0,12,5,57,3,383,1,2,3,433,0,1,37,2,3,313,7,17,1,0,89,0,2,0,19,87,101,32,0,0,40,0,22,0,0,0,2,69,569,2,19,4,0,1,0,5,24,3,0,60,88,1,117,1416,0,0,370,0,0,33,46,5,1071,0,187,6,1680,5,2,0,114,0,3,6,0,0,1902,16,0,0,225,6,0,0,0,0,0,276,2,4,6,0,0,66,8,0,67,0,4215,10,12,614,0,0,4,0,4752,26,0,0,0,0,24,1,163,42,140,579,0,1,3,0,0,3,0,0,0,2,0,0,0,0,3,0,7,199,2,0,69,80,8,2,0,2,0,1,0,6,0,7,0,20,0,856,78,428,0,0,9,3,0,2,0,392,0,0,0,0,115,0,58,0,13,0,143,3,0,0,0,0,0,9,2,0,0,0,6,3,5,128,0,0,0,0,0,3,1,188,103,1113,0,67,5,0,1,21,8,0,4,37,9,0,0,0,3,23,0,0,0,531,0,0,0,0,0,0,32,0,33,0,0,0,0,0,0,6,13,1,30,0,2,0,0,3,31,6,2,0,2,66,0,0,14,0,0,1,0,0,0,0,9,0,0,265,6,0,15,0,0,0,0,26,2027,0,54,0,0,0,0,12,0,39,0,48,0,0,0,17,0,0,0,0,0,0,0,0,0,69,1,0,0,0,0,0,0,0,0,0,0,0,0,0,1,0,7,0,63,0,0,0,16,0,0,0,0,1,0,2,0,0,0,0,0,0,0,0,0,0,0,0,1,0,0,0,0,0,5,0,0,16,0,0,2,0,5,0,19,0,40,0,1,0,0,17,0,0,1,0,101,0,17,0,1,0,0,0,0,0,1,0,0,2,0,0,0,0,1,0,0,0,0,0,0,58,0,0,9,0,30,18,0,0,0,26,0,0,0,0,0,49,0,0,0,0,0,0,0,0,0,0,0,27,2,0,0,1,0,0,2,133,8,2,7,0,0,0,0,0,0,27,0,0,0,0,26,0,0,0,0,0,21,0,2,16,0,4,0,0,2,0,0,0,0,0,0,9,0,1,0,116,0,0,0,0,0,0,3,0,0,0,22,0,0,0,0,0,0,0,0,0,0,0,0,0,0,0,1,22,33,14,0,0,13,94,1,0,8,0,0,0
TCGA-G3-AAV0_300,1.3041095890411,0,58,1,1,1,0,0,107,166,83,245,43,17,54,60,21,68,44,21,58,137,2,37,263,3,286,579,62,18,10,14,9,1,12,14,88,383,335,75,76,143,1,52,154,316,57,18,24,0,48,9,17,2,155,20,0,15,13,55,17,62,0,19,219,131,56,125,0,10,0,6,175,0,67,114,3,29,162,87,0,61,489,116,18,5,0,48,19,5,0,3,281,7,161,42,19,497,1,322,51,1,1,0,12,0,15,104,0,1,58,1,5,130,3,13,53,107,1,19,0,407,0,0,230,0,7,1,38,0,350,0,54,9,0,0,559,0,0,56,0,23,453,5,0,0,0,233,0,0,2,27,167,148,39,0,0,11,0,2,0,0,1,2,101,779,0,1,5,0,1,0,25,4,1,0,103,64,3,147,2027,0,0,412,0,0,67,79,6,12,0,217,4,4215,3,0,0,31,0,0,21,0,0,3192,24,0,0,246,0,0,4,0,0,0,42,0,0,9,0,0,7,0,0,29,0,2725,59,4,1025,0,0,0,0,3487,49,0,0,0,0,13,8,241,68,915,56,0,0,0,0,0,6,0,0,0,0,0,0,0,0,3,0,1,211,0,0,82,299,2,0,2,52,0,1,0,40,0,17,0,49,0,718,252,803,0,0,6,4,0,10,0,641,3,0,0,0,29,0,14,0,13,0,117,3,0,0,0,0,4,1,14,6,0,0,1,0,10,215,8,0,0,44,0,43,0,628,447,212,0,45,1,0,1,30,30,0,4,0,12,0,0,0,3,5,0,25,0,243,0,0,0,0,0,0,27,0,42,0,0,8,2,0,0,3,2,4,14,0,0,0,0,0,302,6,48,0,2,44,0,0,192,0,0,0,0,0,0,0,8,0,0,514,73,0,10,0,0,0,0,170,1113,0,329,0,0,1,4,99,0,0,0,105,1,0,0,32,0,1,0,0,7,0,0,0,0,21,0,0,0,0,0,0,0,0,0,0,0,0,1,0,1,0,54,0,183,0,0,0,138,0,0,0,0,0,0,0,0,0,0,0,0,61,0,0,4,0,0,0,366,0,0,0,0,0,3,0,0,14,0,0,0,0,3,0,0,0,1,0,0,0,0,5,0,0,81,0,118,15,40,0,7,0,0,0,0,0,0,0,3,0,0,0,0,0,16,0,0,0,0,0,0,147,0,3,7,0,150,1,0,0,0,0,0,0,0,0,0,9,0,3,0,0,0,4,3,0,3,0,16,2,4,0,0,25,0,0,1,35,0,5,37,0,0,0,0,0,0,16,0,0,0,0,15,0,0,0,0,0,27,0,0,19,0,459,0,0,0,0,0,0,0,0,3,13,0,1,0,1,0,12,0,1,0,0,0,0,0,0,14,7,0,5,0,0,0,856,0,0,5,0,0,0,0,0,7,0,0,23,0,72,7,0,0,0,6,0,0,0
TCGA-G3-AAV1_301,0.983561643835616,1,51,1,3,4,0,0,288,141,103,8,91,67,39,1,59,22,11,51,112,28,8,38,447,47,579,48,50,52,19,8,5,25,10,56,28,206,118,18,27,151,32,2,915,15,37,46,25,0,13,23,0,3,250,175,0,44,8,8,17,14,0,15,14,67,1,201,0,22,0,5,281,0,43,77,7,28,257,383,0,233,225,208,38,6,0,33,20,8,0,23,167,0,100,21,48,467,3,362,61,2530,4,0,0,0,21,59,0,2,24,0,98,14,1,5,192,8,0,32,21,131,0,0,97,0,0,0,0,0,3,0,131,0,0,3,428,0,0,26,2,0,307,9,1,1,0,212,0,0,12,18,53,228,52,0,1,12,0,76,0,0,0,1,272,30,0,3,4,0,0,0,2,3,6,0,60,128,0,21,1223,0,0,96,0,0,92,11,1,44,0,108,0,2027,0,0,0,11,0,0,1,0,0,304,2,0,0,170,0,0,0,0,0,0,71,0,0,6,0,0,34,3,0,15,0,1680,17,23,155,3,0,0,0,2725,0,0,0,0,0,1,0,117,104,54,885,5,0,11,0,3,7,0,0,0,0,0,0,0,1,8,0,1,78,1,0,216,325,4,0,0,13,0,20,0,14,0,23,0,1,0,302,0,177,0,0,1,21,0,1,0,52,0,0,0,0,2,0,42,0,1,0,8,7,0,0,0,2,1,20,0,6,0,0,0,0,1,40,2,0,10,0,0,0,0,113,2175,15,0,98,0,0,0,13,9,0,0,0,0,2,0,0,0,0,0,54,0,195,0,0,0,0,0,0,0,0,0,0,0,0,0,0,0,0,69,0,316,0,17,0,0,2,10,58,19,0,54,133,0,0,1,0,0,0,7,0,0,0,2,0,0,191,0,0,0,0,0,0,0,55,559,0,422,0,0,0,1,1,0,7,0,0,0,3,1,0,0,0,0,0,0,0,0,0,0,474,0,0,0,1,0,0,1,0,0,0,0,0,4,0,0,0,1,0,7,0,0,0,10,6,0,0,0,0,0,0,0,0,0,0,0,0,0,0,29,0,0,1,0,0,0,0,0,0,0,0,39,2,0,0,41,0,0,0,1,2,0,0,0,0,0,0,0,0,0,0,0,0,0,0,0,5,0,0,0,4,0,0,0,0,0,0,0,0,0,0,0,0,0,0,0,92,1,0,0,5,10,6,11,0,0,6,0,0,0,0,0,0,0,0,0,0,0,0,0,0,0,0,0,7,1,0,0,0,6,0,0,14,540,0,1,0,0,0,0,0,0,18,0,0,0,0,0,0,0,0,0,0,0,0,36,0,0,119,0,0,0,0,0,12,0,0,0,5,0,0,0,13,5,2,3,0,0,4,3,0,0,0,0,0,0,0,0,0,0,0,0,0,0,0,0,0,0,0,0,0,1,0,111,0,0,27,0,28,0,16,3,10
TCGA-G3-AAV2_302,1.01917808219178,0,50,1,1,1,0,0,140,489,120,94,156,49,114,13,41,38,36,22,219,22,4,33,856,30,3192,92,48,32,15,25,29,7,2,30,28,274,26,137,92,332,27,13,985,199,7,42,8,0,1,31,25,9,64,85,0,160,32,37,40,101,0,17,109,38,15,82,0,30,0,13,718,0,53,75,2,26,200,374,0,288,756,21,16,17,0,20,95,8,0,9,88,2,91,41,68,440,0,246,29,2530,0,0,1,0,21,81,0,0,49,3,74,7,2,13,803,2,0,12,2,134,0,0,67,0,5,0,3,0,71,0,100,7,0,0,189,2,0,69,4,5,428,14,0,0,0,252,0,0,13,22,233,168,31,0,0,34,0,35,0,0,0,3,225,281,0,11,3,0,11,0,11,0,6,0,39,128,0,77,3487,0,0,146,0,0,97,17,2,0,0,55,3,5426,7,2,0,27,0,0,366,0,0,829,0,0,0,579,0,0,2,0,0,0,29,0,0,3,0,0,14,0,2,8,0,614,4,14,1223,0,1,0,0,4215,0,0,0,0,0,7,0,250,0,30,362,2,0,0,0,3,7,0,0,0,0,0,0,0,0,4,0,2,188,0,0,47,412,0,0,4,2,0,0,0,8,0,17,0,11,3,130,17,350,0,0,0,0,0,12,0,47,0,4,0,0,5,0,736,0,0,0,2,0,0,0,0,0,1,27,23,15,0,0,0,14,0,72,8,0,2,2,0,12,0,668,653,166,0,28,0,0,0,36,19,0,0,0,2,5,0,0,4,1,0,1,0,0,0,0,0,0,0,0,0,0,0,0,0,0,4,0,0,0,29,0,52,0,33,0,0,15,11,80,21,3,16,129,0,0,176,2,0,0,8,0,0,0,6,0,0,0,1,0,0,0,0,0,0,39,159,0,10,0,0,0,9,25,0,0,0,0,0,0,0,8,0,0,0,0,6,0,0,1,0,505,0,0,0,9,0,0,16,0,1,0,0,0,0,0,0,0,0,0,19,0,0,0,32,3,0,0,0,0,0,0,0,0,0,0,0,0,0,0,0,0,0,0,0,0,0,0,1,0,1,0,0,0,0,0,1,0,7,0,0,0,1,0,2,0,0,2,0,0,50,0,0,6,0,0,0,0,0,0,0,0,0,0,0,0,0,0,0,0,0,0,0,0,0,0,0,16,1,0,0,4,34,0,0,0,0,4,0,0,0,0,0,3,0,0,0,0,0,0,0,0,0,0,0,1,0,2,0,12,21,0,0,0,1,0,0,7,0,0,0,0,0,0,0,0,0,0,4,0,0,0,0,0,15,0,133,0,0,64,0,0,0,0,0,7,0,0,0,15,0,0,0,0,43,0,22,0,0,1,0,0,0,0,0,0,0,0,0,0,0,0,0,0,0,0,0,16,0,0,0,2,0,11,120,0,0,0,0,12,0,0,0,138
TCGA-G3-AAV4_303,0.073972602739726,1,83,0,1,1,0,0,1,268,79,92,109,38,74,15,45,22,35,16,170,3,0,26,370,9,34,2,121,36,2,16,31,8,8,37,0,354,23,56,7,91,29,0,684,208,0,25,4,0,7,8,0,5,49,97,0,540,20,0,24,5,0,13,48,58,3,201,0,4,0,0,392,0,28,85,3,18,90,88,0,387,246,84,8,5,0,75,20,13,0,2,21,8,220,22,37,1495,0,257,9,5426,3,0,2,0,0,10,0,2,51,0,34,43,0,6,168,0,0,14,0,44,1,0,38,0,3,0,6,0,0,0,0,0,0,2,1,0,0,0,6,2,668,23,0,0,0,296,0,1,27,37,58,193,57,0,0,27,0,69,0,0,0,7,41,915,1,0,18,0,0,0,7,5,18,0,36,50,0,56,16,0,0,77,0,0,45,0,3,0,0,31,2,4752,0,1,0,0,0,0,2,0,0,885,0,0,1,180,0,0,0,0,0,0,1,0,0,11,0,0,18,5,0,0,0,29,3,11,4,0,0,0,0,718,0,0,0,0,0,16,0,5,56,160,0,0,0,2,0,0,0,0,0,0,0,0,0,0,0,16,0,0,829,0,0,137,286,4,0,1,2,0,34,0,9,0,16,0,1,0,0,0,302,0,0,8,15,0,0,0,238,0,1,0,0,0,0,6,0,0,0,0,0,0,0,0,0,0,1,0,4,0,0,0,0,21,6,8,0,6,0,0,6,0,11,4215,0,0,83,0,0,0,23,0,0,0,0,0,7,0,0,0,0,0,0,0,0,0,3,0,0,0,0,15,0,0,0,0,0,3,0,0,0,37,0,91,0,1,0,0,2,8,182,0,0,84,0,0,0,0,0,1,1,2,0,0,0,18,0,0,440,9,0,1,0,0,0,0,15,779,0,76,4,0,0,1,2,0,1,0,1,0,7,0,2,0,0,0,0,1,0,2,4,0,366,0,0,0,1,3,0,60,14,0,0,0,0,3,0,0,0,0,0,0,0,0,0,0,13,0,0,0,0,0,0,0,0,0,0,0,4,0,0,0,0,0,0,2,0,0,0,0,0,1,0,0,0,0,0,9,0,0,0,0,0,0,0,7,0,0,0,0,0,0,0,0,10,0,0,0,3,0,0,0,0,0,0,0,0,0,0,0,0,0,0,0,0,0,0,0,0,0,0,0,0,0,2,0,0,0,46,0,0,0,0,0,0,1,0,0,0,0,1,0,0,0,0,0,7,0,0,0,0,26,0,0,0,0,0,0,0,0,0,0,0,0,0,6,0,0,0,8,0,0,0,0,0,0,0,73,0,0,0,0,0,0,0,0,26,0,0,0,0,0,0,0,0,50,0,1,0,0,0,0,1,0,6,0,4,0,0,0,0,0,0,1,0,0,18,0,12,0,0,0,0,0,0,299,0,19,48,0,447,0,43,0,0
TCGA-G3-AAV5_304,0.96986301369863,0,67,1,2,2,0,0,18,0,52,9,14,19,5,14,27,9,16,17,80,49,5,16,238,1,579,1,37,20,5,3,11,2,1,82,8,64,87,37,51,78,0,0,2725,0,23,9,10,0,7,6,6,5,55,147,0,19,11,9,9,16,1,16,12,20,5,7,0,10,0,5,293,0,20,40,1,25,6,278,0,82,135,45,6,6,0,93,7,3,0,6,262,0,109,13,24,205,1,304,16,207,9,0,7,0,17,31,0,4,38,3,34,0,2,8,206,10,0,22,8,481,0,0,7,0,0,0,0,2,2,3,121,1,1,2,144,0,0,35,0,1,223,6,3,1,0,191,0,0,4,13,165,79,60,0,0,14,0,100,0,1,0,3,131,4,2,10,0,0,1,0,3,10,9,0,67,316,0,20,216,0,0,83,0,0,48,0,0,1,0,22,4,4215,2,2,0,0,0,2,3,0,0,1495,0,0,2,231,1,0,0,0,0,0,15,1,0,1,0,0,28,6,0,34,0,467,6,22,192,0,0,1,0,138,16,0,0,0,0,4,0,89,2,39,6,0,0,4,0,12,1,0,0,0,0,0,0,0,1,2,0,1,15,2,0,33,68,0,1,0,9,0,0,0,0,0,5,0,5,0,614,0,117,0,0,0,7,0,1,32,263,0,1,0,0,0,0,2,0,9,0,3,1,0,0,0,0,0,7,10,3,0,0,1,2,0,9,3,0,4,0,0,0,0,81,1223,14,0,27,0,0,2,16,1,0,0,0,0,1,0,0,0,0,0,0,1,74,0,0,0,0,0,0,0,0,1,0,0,0,0,0,0,0,11,0,68,0,3,0,0,13,26,55,8,0,27,453,0,0,0,0,0,0,2,0,0,0,2,0,0,0,0,0,1,0,0,0,0,3,447,0,18,0,0,0,1,0,0,0,0,0,0,0,4,1,0,0,0,0,0,0,0,0,0,134,0,0,0,1,0,3,1,0,0,0,0,0,0,0,0,0,0,0,18,0,0,0,78,0,0,0,0,0,0,0,0,0,0,0,0,0,0,0,0,0,0,0,0,0,0,0,4,0,0,0,0,0,0,0,28,0,0,0,0,0,2,0,0,0,0,0,0,0,51,0,0,0,0,0,14,0,0,0,0,0,0,0,0,0,0,0,0,0,0,0,0,0,0,0,0,128,1,0,0,7,0,0,0,0,0,26,0,0,0,0,0,0,0,0,0,0,0,0,0,0,0,0,0,4,3,0,0,0,34,0,0,0,1416,0,0,0,0,0,0,0,0,1,0,0,0,0,2,0,0,0,0,0,28,0,68,0,0,58,0,0,0,0,6,4,0,0,0,2,0,0,0,81,0,0,0,0,0,14,1,0,0,0,0,0,0,0,0,0,0,0,0,0,0,0,0,0,0,0,0,0,0,129,22,0,0,4,0,0,0,0,8,0
TCGA-G3-AAV6_305,0.178082191780822,1,53,0,3,3,0,0,0,0,25,0,3,14,1,1,4,0,7,1,1,4,0,2,137,10,0,0,8,3,0,0,0,0,2,2,11,0,21,0,6,29,0,0,0,0,12,0,11,4,2,4,0,2,18,7,1,2,0,0,7,3,20,1,0,13,2,0,3,1,1,0,6,4,5,21,0,0,22,40,31,3,172,10,3,0,3,0,9,1,2,5,16,0,15,10,1,2,11,1025,7,0,23,1,0,1,0,21,1,58,0,0,6,6,0,2,39,16,0,6,2,73,12,0,17,4,0,38,0,8,0,26,7,0,7,8,182,0,6,4,0,1,44,1,32,2,0,10,4,6,0,0,1,67,8,3,27,4,6,0,10,0,0,0,21,0,11,8,1,4,0,3,0,42,1,0,20,45,0,13,281,0,0,52,11,10,9,6,0,0,4,12,3,549,0,0,3,14,0,4,0,0,0,779,0,0,4,107,9,1,0,4,0,0,4,9,0,4,1,2,16,28,0,4,0,32,1,0,187,0,0,10,0,1416,6,0,1,1,2,0,0,0,4,3,11,4,4,0,1,28,0,0,0,0,2,0,11,2,4,2,0,0,7,3,0,0,65,0,4,0,0,0,49,0,1,0,16,2,0,0,1,0,57,0,1,6,0,0,0,29,0,0,0,0,2,4,0,3,0,12,379,0,37,0,0,0,3,0,0,0,0,1,0,4752,0,0,37,0,0,0,0,31,0,1,53,39,5,5,38,1,0,62,33,0,0,0,0,0,0,3,0,0,0,0,75,9,53,0,14,0,0,0,0,0,0,0,0,5,0,0,0,0,0,736,0,8,1,0,0,0,0,150,0,13,0,0,55,0,9,5,0,0,2,0,0,0,0,5,0,0,48,0,1,0,0,0,0,1,0,366,2,6,0,0,0,4,50,0,4,0,0,0,30,0,0,7,1,0,0,0,0,4,40,0,10,0,1,0,0,0,0,0,18,0,0,15,2,0,0,0,23,2,0,15,0,28,0,20,30,0,6,0,0,0,0,140,0,15,0,0,206,0,0,14,0,0,5,0,0,0,0,0,0,0,0,0,5,0,0,0,0,0,0,0,0,0,0,0,0,0,0,0,0,71,0,0,0,0,0,0,1,0,0,0,106,13,11,0,1,0,0,0,0,0,0,0,0,0,0,0,11,0,0,0,0,9,0,0,0,0,0,0,6,0,0,4,0,0,0,0,0,29,1,0,0,0,0,0,0,0,0,0,0,0,201,0,15,23,0,4,0,0,0,0,0,99,2,0,0,2,0,0,0,7,0,0,0,0,0,1,0,0,1071,0,0,0,14,6,0,0,0,0,0,1,0,0,0,5,36,0,0,0,0,0,10,1,0,0,0,0,0,0,0,0,602,0,0,0,0,0,0,0,0,0,0,0,13,278,0,0,0,0,122,0,0,0,0
TCGA-G3-AAV7_306,0.989041095890411,0,38,1,2,2,0,0,0,0,8,0,0,3,2,0,7,1,2,0,12,4,0,0,33,0,8,0,4,0,0,0,0,0,0,12,0,2,32,0,0,38,0,0,1,9,12,1,1,4,7,7,0,0,20,11,15,1,3,9,33,21,46,0,0,4,0,0,2,0,7,0,0,1,0,26,9,5,0,27,7,13,32,3,0,0,2,2,4,0,13,3,10,0,4,0,0,0,27,4215,5,0,22,0,0,5,0,8,6,58,0,0,2,0,0,0,3,0,0,0,13,0,7,3,96,13,0,2,1,8,0,49,8,0,16,43,0,0,6,1,0,0,215,4,19,17,0,272,4,15,0,3,0,0,10,1,10,0,3,0,11,0,0,0,0,32,16,0,0,4,0,5,0,27,0,0,8,0,0,31,253,3,0,20,1,0,59,3,138,1,3,2,0,16,0,0,17,0,2,20,0,0,0,17,3,0,8,8,10,1,1,0,1,2,0,4,1,0,0,0,4,72,0,0,0,35,0,1,34,0,0,3,0,641,0,0,2,2,0,6,0,76,99,3,0,7,13,0,4,14,0,0,0,0,11,0,0,2,15,0,0,0,0,12,0,0,101,1,20,0,0,0,302,4,4,0,0,10,0,0,0,11,6,0,1,0,0,0,0,5,0,0,0,0,0,0,0,135,0,0,3,15,30,0,1,0,0,0,0,0,0,0,0,0,0,0,0,1,0,0,0,0,0,35,110,154,63,21,4,0,0,3,9,0,0,0,10,0,0,24,0,0,0,5,12,3,15,0,0,100,0,5,1,4,0,24,0,0,0,0,0,0,0,392,0,0,0,0,0,0,0,11,0,0,0,3,0,0,11,0,0,0,2,0,0,0,0,0,0,0,0,0,0,0,0,0,0,0,0,148,0,40,0,0,0,0,23,0,0,0,0,0,0,0,0,0,0,0,2,0,0,0,0,0,64,0,0,0,1,0,0,0,1,5,0,0,0,0,0,0,9,0,0,0,0,4,0,2,0,0,0,0,0,0,0,11,10,12,0,0,92,0,0,332,0,0,0,0,0,0,0,0,0,0,6,0,0,4,0,7,0,0,0,0,0,92,0,0,0,0,4,0,0,83,0,0,0,0,1,0,0,0,0,0,4,3,0,3,0,0,1,0,1,0,0,0,0,0,4,0,0,0,0,0,4,0,11,2,0,0,0,0,28,1,0,0,4,0,0,4,0,0,0,0,27,0,12,0,0,0,0,0,0,0,0,0,10,1495,0,0,0,0,0,0,0,0,0,0,0,0,0,0,43,0,0,0,6,0,0,51,0,0,1585,0,0,32,18,0,0,0,0,0,3,0,0,0,1,0,0,0,0,23,0,0,0,22,0,1,8,0,0,0,0,0,212,0,0,0,3,0,0,0,0,0,14,0,0,0,0,0,1,0,0,0,0,0,0
TCGA-GJ-A6C0_307,0.0849315068493151,1,75,0,2,2,2,2,202,99,60,51,5,28,18,8,27,20,15,8,48,53,10,0,522,12,1495,83,17,11,11,1,3,3,14,122,26,117,296,20,14,64,1,21,22,69,76,14,21,0,35,8,13,3,97,66,0,26,8,32,28,85,7,16,42,11,43,0,0,16,7,4,64,0,10,139,40,22,25,185,0,63,549,459,4,0,0,11,40,1,0,2,262,8,99,6,12,86,14,829,42,1,11,0,24,0,0,49,0,8,4,7,6,7,6,0,107,62,0,14,0,68,0,0,118,2,2,0,11,3,191,7,0,5,1,7,25,0,0,31,2,1,514,10,15,0,0,71,1,2,13,7,25,111,51,0,0,1,2,3,0,0,0,0,156,60,2,2,1,1,1,1,15,12,0,0,37,46,0,42,3835,0,0,433,0,0,83,37,97,7,1,128,0,2530,0,1,2,3,0,5,3,0,0,885,22,0,1,239,6,0,4,0,0,0,5,0,8,3,0,0,0,21,0,53,1,2175,7,27,370,0,1,2,0,3192,2,0,0,0,0,4,3,0,35,179,286,3,4,1,0,0,3,0,0,0,4,0,0,0,0,0,5,0,38,6,0,17,213,1,2,0,0,2,106,0,78,0,5,1,13,0,92,26,362,0,0,1,10,0,7,0,19,0,0,0,0,4,0,54,0,6,0,64,0,0,1,0,0,1,0,2,0,0,0,10,14,0,17,7,0,12,2,0,2,3,141,1902,1166,33,58,4,0,6,24,4,0,7,0,0,0,4,0,0,0,0,46,11,350,0,0,0,0,1,0,6,0,85,1,0,0,0,0,0,2,149,1,1,0,0,0,0,0,283,0,0,0,12,219,0,0,53,0,0,2,0,0,0,0,3,0,17,14,0,0,0,0,0,0,0,7,392,0,61,0,0,0,1,68,0,3,0,60,1,0,1,0,0,0,0,5,0,0,0,0,0,23,0,0,0,0,0,0,0,0,0,0,0,0,0,0,0,2,36,0,21,0,3,0,4,0,0,0,0,22,0,0,0,0,0,0,0,4,0,0,38,0,0,0,125,0,0,0,0,0,0,2,2,0,0,0,24,0,14,0,0,0,107,0,0,0,0,0,0,0,11,0,0,0,17,0,4,0,0,0,0,2,0,0,96,0,0,2,0,0,0,0,0,0,0,0,0,12,0,0,0,0,3,22,0,0,0,13,0,0,0,0,0,44,5,1,3,0,0,0,0,3,0,1,18,6,0,0,0,1,0,0,0,222,335,6,9,0,0,0,2,0,0,13,1,0,0,0,27,2,0,0,0,0,9,0,3,0,0,641,0,0,0,11,0,0,0,0,0,8,0,0,0,2,7,5,0,1,0,0,1,0,2,0,0,33,0,0,0,0,0,197,0,0,0,35,0,0,0,0,0,4,0,0,4,0,0,2,0,0,0,0,0,0
TCGA-GJ-A9DB_308,0.183561643835616,1,68,1,1,1,2,0,736,281,137,180,58,43,23,19,34,97,41,83,134,114,9,47,192,15,98,1348,109,21,11,2,15,16,10,103,36,474,387,30,6,84,9,67,114,253,25,23,28,0,16,14,162,5,497,171,0,35,18,12,125,119,1,56,133,34,14,30,0,12,1,15,140,0,55,407,13,30,68,239,0,189,288,35,19,0,0,20,17,6,0,18,453,9,131,80,43,433,5,531,106,614,6,0,31,0,29,163,0,3,16,0,40,44,25,14,193,57,0,13,0,246,0,0,63,0,0,4,14,1,58,2,4,8,0,2,718,0,0,14,0,1,653,6,2,0,0,91,1,1,14,32,55,122,86,0,4,16,0,12,0,0,0,0,223,569,0,10,4,0,2,0,23,4,4,0,72,97,0,13,1902,0,0,309,0,0,167,61,3,252,0,194,3,2342,0,0,0,15,0,1,7,0,0,4752,35,0,1,422,1,0,1,0,0,2,8,0,10,9,0,0,22,5,0,12,0,1282,138,15,428,1,1,0,0,3835,9,0,0,0,0,7,6,153,245,143,156,0,0,0,0,0,19,0,0,0,0,0,0,0,1,3,0,6,64,1,0,236,481,6,0,0,3,0,50,0,24,0,21,0,1,0,1166,19,668,0,0,2,0,0,9,0,366,0,0,0,0,105,0,86,0,36,0,188,11,0,0,0,0,0,1,1,1,0,0,0,0,6,59,0,0,9,3,0,2,6,124,1788,885,1,53,6,0,0,39,2,0,6,6,0,0,0,0,0,0,0,6,6,590,0,3,0,0,0,0,7,0,6,0,0,0,0,0,0,1,15,0,4,0,0,0,0,2,8,6,4,0,10,602,0,0,12,0,0,0,0,0,0,0,3,0,0,392,33,0,7,0,0,0,0,8,949,0,64,0,0,0,0,51,0,18,0,233,0,0,0,0,0,0,0,0,0,0,0,0,0,152,0,0,0,0,0,0,0,0,1,0,0,0,0,0,3,0,4,0,8,0,0,0,0,0,0,0,0,4,0,0,0,0,0,0,0,2,0,0,0,0,0,0,79,0,0,0,0,0,0,0,10,2,0,0,23,0,0,0,1,0,9,0,0,0,0,3,0,0,41,0,23,1,10,0,11,0,0,0,0,0,0,0,3,3,0,0,0,0,0,0,0,0,0,0,0,10,0,0,0,0,120,7,0,0,0,5,0,0,0,0,0,35,0,3,1,0,0,0,0,0,0,0,1,8,4,0,0,0,0,0,0,126,94,0,0,0,0,0,0,0,0,27,0,0,0,0,51,0,0,0,0,0,9,0,1,0,0,11,0,0,7,0,0,0,0,0,0,22,0,0,0,18,0,2,0,0,0,0,0,0,0,0,2,1,0,0,0,0,0,332,0,0,23,0,0,0,0,0,0,66,4,0,0,0,0,27,0,0,0,0,0,34
TCGA-K7-A5RF_309,1.72876712328767,0,64,1,1,1,2,2,262,168,110,188,73,52,26,68,60,65,43,28,73,120,8,49,350,19,379,522,100,41,10,9,32,9,6,47,143,481,235,132,69,270,12,21,332,718,179,61,33,0,42,20,309,4,193,134,0,74,23,40,73,200,0,33,55,69,18,440,0,18,0,11,181,0,40,286,9,21,126,302,0,283,559,540,39,3,0,112,45,13,0,29,316,6,136,37,45,531,1,342,47,756,0,0,22,0,29,119,0,0,71,2,19,127,2,14,98,84,0,29,0,339,0,0,166,0,3,0,36,0,161,0,433,13,0,0,1166,0,0,33,1,3,641,22,0,0,0,192,0,0,2,24,263,182,53,0,0,20,0,18,0,0,2,2,208,803,0,16,12,0,3,0,11,0,5,0,92,31,3,57,2027,0,0,402,0,0,96,81,14,135,0,250,10,1585,2,1,0,33,0,0,28,0,0,1902,13,0,0,505,0,0,0,0,0,2,43,0,2,12,0,0,47,0,0,130,0,1788,46,1,1223,5,0,0,0,6589,46,1,0,0,0,14,2,293,52,569,307,0,0,3,0,1,8,0,0,0,0,0,0,0,0,12,0,0,392,2,0,163,325,6,0,1,15,0,17,0,50,0,12,0,21,1,949,122,374,0,0,4,8,0,6,0,383,1,1,0,0,41,0,59,4,22,0,299,5,0,0,0,0,1,3,4,2,0,6,0,2,28,243,7,0,1,12,0,16,0,195,653,274,4,81,11,0,0,38,69,0,10,0,11,0,0,0,0,6,0,12,0,268,0,0,0,0,0,0,28,0,25,0,0,0,0,0,0,19,9,0,33,0,4,1,0,6,253,53,60,0,39,105,0,0,0,0,0,0,0,2,0,0,9,0,0,474,18,0,0,0,0,0,0,67,1113,0,39,1,0,1,2,109,0,26,0,146,0,0,9,30,0,3,0,0,1,0,0,0,0,185,6,0,0,0,0,0,0,0,0,18,0,0,5,0,0,0,16,0,122,0,0,0,131,0,0,0,0,0,0,0,0,0,0,0,0,0,0,0,0,0,0,0,73,0,0,0,1,0,2,5,0,10,0,0,24,0,4,0,0,0,32,0,1,0,1,2,0,0,3,0,38,7,31,9,34,0,0,0,0,0,2,0,6,3,0,0,0,0,1,0,0,0,0,0,0,46,0,0,30,0,103,11,0,0,0,26,0,0,0,0,0,15,0,2,0,0,0,0,3,0,0,0,0,21,1,0,0,9,0,0,29,370,58,0,50,0,0,0,0,0,0,28,2,0,0,0,2,0,1,17,0,0,7,0,14,106,0,6,0,0,6,3,2,1,0,0,0,9,7,9,0,219,2,1,63,0,6,0,0,0,0,0,128,6,0,0,0,7,6,4,0,0,0,2,2,0,0,0,0,6,91,70,4,0,28,779,0,0,11,0,0,29
TCGA-K7-A6G5_310,1.4027397260274,0,66,1,1,1,2,0,190,73,50,173,32,6,18,27,32,34,53,22,70,103,2,27,192,6,210,579,35,9,6,5,14,0,8,37,48,350,313,24,26,164,21,17,522,123,65,11,27,0,23,11,252,4,319,91,0,21,2,32,31,74,1,14,43,42,16,194,0,5,2,2,150,0,46,99,4,22,120,145,0,168,148,127,12,8,0,93,18,14,0,14,141,2,47,20,88,316,0,374,20,20,5,0,8,0,13,153,0,3,64,5,25,6,14,19,387,73,0,6,0,278,0,0,200,0,0,2,4,0,180,1,182,8,0,1,505,0,0,86,1,7,370,6,1,0,0,174,0,0,3,28,159,95,14,0,0,9,0,26,0,0,0,1,49,1680,0,12,7,0,2,0,16,6,6,0,95,122,1,22,2342,0,0,205,1,0,47,58,31,152,0,87,2,2027,2,3,0,20,0,0,86,0,0,1223,6,0,0,302,0,0,2,0,0,0,8,0,2,10,0,0,20,2,0,109,0,1348,16,9,736,0,0,0,0,4752,16,0,0,0,0,22,3,222,97,76,99,0,0,2,0,18,9,0,0,0,0,0,0,0,0,6,0,2,143,8,0,98,195,1,0,0,0,0,2,0,25,0,36,0,13,1,1071,5,422,0,0,5,2,0,2,5,299,0,0,0,0,19,0,146,4,3,0,75,5,0,0,0,0,0,0,2,2,0,0,0,6,12,67,2,0,0,6,0,8,0,402,440,5426,1,37,0,0,1,72,8,0,4,0,2,0,0,0,0,7,0,13,0,245,0,0,0,0,0,0,34,0,38,0,0,0,0,0,0,8,26,2,38,0,0,0,0,1,201,21,13,0,29,2,0,0,68,0,0,0,0,0,0,0,10,0,0,216,10,0,1,0,0,0,0,15,191,0,69,0,0,2,0,93,0,11,0,187,0,0,1,4,0,4,0,0,4,0,0,0,0,212,0,0,0,0,0,0,0,32,0,0,0,0,0,0,0,0,3,0,58,0,0,0,246,0,0,0,0,1,0,0,0,0,0,0,0,0,0,0,5,0,0,0,133,0,0,0,0,0,0,2,0,2,0,0,6,0,0,2,0,0,32,0,0,0,0,3,0,0,540,0,5,5,0,0,0,0,0,0,0,0,0,0,0,0,0,0,0,0,1,0,0,0,0,0,0,86,0,13,0,0,3,5,0,0,0,7,0,0,0,0,0,309,2,0,0,0,0,2,0,0,0,1,0,10,4,0,0,19,30,0,0,307,153,0,23,0,0,0,0,0,0,9,0,0,0,0,3,0,0,0,0,0,42,0,70,2,0,42,0,0,18,0,0,0,0,0,0,1,0,0,0,58,0,0,36,0,0,0,0,0,0,0,28,0,0,0,0,0,0,206,0,0,1,0,0,0,0,0,0,189,2,38,9,0,3,25,0,0,4,0,1,0
TCGA-K7-AAU7_311,0.983561643835616,0,61,1,2,2,2,2,5,4,13,3,0,5,0,0,4,8,2,4,12,8,0,0,18,0,6,7,8,0,0,0,0,0,0,20,4,38,36,0,0,28,3,9,4,55,4,2,3,4,3,3,1,0,15,2,0,2,1,3,3,23,5,6,0,6,0,130,4,0,1,2,5,0,2,10,1,11,4,45,0,41,42,6,11,0,0,23,5,2,2,4,138,0,43,5,6,25,54,4752,23,0,11,0,1,0,2,34,0,0,6,0,4,2,2,0,9,2,0,0,16,89,0,0,34,1,0,10,1,1,2,4,66,0,0,6,89,0,1,0,0,0,1,3,6,0,0,11,0,1,0,0,44,8,18,0,9,0,2,0,7,0,0,0,18,12,1,2,3,0,0,0,0,6,4,0,13,2,0,20,366,0,0,8,11,0,1,10,2,1,0,17,0,85,0,0,0,5,0,4,0,0,0,226,0,0,1,97,0,0,0,1,0,0,0,0,0,8,0,0,0,9,0,9,0,829,5,0,62,0,0,0,0,447,1,0,0,0,0,12,0,13,16,61,39,2,1,0,0,82,0,0,0,0,2,213,0,0,0,0,0,0,45,25,0,36,61,0,0,0,1,0,205,1,2,0,0,0,0,0,191,0,26,0,0,0,0,0,0,6,392,0,0,0,0,0,0,0,0,0,1,6,46,0,0,0,0,0,0,0,0,0,0,77,0,0,8,0,0,0,0,0,2,26,15,1902,474,7,14,0,0,0,1,4,0,1,19,0,0,16,0,0,0,0,139,3,25,0,0,2,0,0,0,0,0,16,0,0,0,0,0,0,0,128,0,0,0,0,0,0,1,10,0,0,0,3,118,0,0,7,0,0,3,0,0,0,0,0,0,0,123,0,0,0,0,0,0,0,0,163,0,4,0,0,0,0,12,0,4,0,2,0,0,0,0,10,0,0,7,0,0,3,0,0,34,0,0,0,0,0,0,0,0,21,0,0,0,0,0,0,4,0,0,1,0,1,0,2,0,0,0,0,0,4,0,0,0,10,0,0,0,0,0,332,0,3,0,1,0,0,0,0,2,0,80,0,0,25,8,8,0,0,0,0,0,16,0,0,2,0,21,0,0,91,0,0,0,1,14,0,1,0,19,0,0,16,0,0,0,0,0,0,0,0,0,0,0,0,0,0,1,0,0,0,2,0,14,0,0,0,0,0,0,0,0,0,19,0,0,9,0,0,0,0,6,0,15,0,0,0,0,0,0,0,0,0,34,2342,0,0,0,0,0,0,0,0,0,0,0,0,0,0,53,0,185,0,0,9,25,41,0,0,1,0,0,72,172,0,0,0,0,0,0,383,0,0,22,0,0,0,0,55,0,0,0,0,0,3,0,0,0,0,0,0,856,0,0,0,0,0,4,0,0,0,125,0,0,0,0,0,13,0,0,0,0,0,0
TCGA-KR-A7K0_312,0.178082191780822,1,65,1,1,1,0,0,59,100,50,36,47,42,29,12,36,17,21,13,78,78,4,30,540,2,1495,72,65,19,6,9,15,13,10,107,15,161,134,37,22,130,24,18,736,222,30,64,15,0,6,7,17,7,182,88,0,73,10,16,15,42,0,15,27,26,7,239,0,23,0,4,417,0,76,71,16,40,80,216,0,132,228,58,24,12,0,34,18,17,0,7,628,1,74,20,39,339,0,304,44,668,3,0,3,0,21,49,0,3,16,5,34,12,2,6,422,25,0,10,6,296,0,0,153,0,3,0,0,1,53,0,147,4,0,1,756,0,0,60,9,2,407,9,0,0,0,165,0,0,12,10,46,121,35,0,0,25,0,69,0,0,0,0,108,178,0,13,7,0,1,0,10,3,3,0,157,77,1,105,1282,0,0,140,0,0,121,29,12,44,0,82,4,2530,4,2,0,8,0,0,44,0,0,915,10,0,0,392,0,0,0,0,0,0,17,0,4,13,0,0,27,4,0,23,0,481,4,16,459,0,1,1,0,3487,8,0,0,0,0,5,4,133,53,146,152,0,0,2,0,0,2,0,0,0,0,0,0,4,0,6,0,0,189,0,0,159,236,3,0,3,4,0,1,0,8,0,14,0,2,0,354,4,274,0,0,0,6,0,0,1,474,0,0,0,0,2,0,293,0,7,0,10,1,0,0,0,0,0,16,10,6,0,0,1,2,8,38,6,0,18,0,0,6,0,370,3192,559,0,75,0,0,0,30,20,0,2,0,3,5,0,0,0,1,0,13,2,250,0,0,0,0,0,0,4,0,3,0,0,0,0,0,0,0,40,0,37,0,12,0,0,0,61,71,12,0,38,77,0,0,41,0,0,0,2,0,0,0,8,0,0,181,0,0,0,0,0,0,0,92,71,0,46,0,0,0,0,7,0,7,0,5,0,0,0,5,0,0,0,0,0,0,0,0,0,205,0,0,0,0,1,0,1,779,0,0,0,0,0,0,0,0,0,0,16,0,0,0,106,0,0,0,0,0,0,0,0,0,0,0,0,0,0,0,12,0,0,0,2,0,0,0,1,0,0,0,0,0,0,0,59,0,6,0,0,0,34,0,2,0,0,0,0,0,20,0,0,0,0,0,8,1,0,0,0,0,1,0,0,0,0,0,0,0,0,0,0,0,0,0,0,20,5,0,0,0,18,2,5,0,0,42,0,0,0,0,0,29,0,0,0,0,0,0,0,0,0,1,0,28,0,0,0,0,49,0,0,219,1680,0,1,0,0,1,0,0,0,6,2,0,0,0,13,0,0,0,0,0,10,0,51,4,0,199,0,0,1,0,6,4,0,0,0,16,0,0,0,104,28,1,29,0,0,7,3,0,2,1,7,0,0,0,0,0,0,70,0,0,0,0,0,20,0,0,0,30,20,34,168,0,1,113,0,9,0,20,91,0
TCGA-KR-A7K2_313,2.27123287671233,0,64,1,1,1,0,0,212,32,90,52,54,26,9,8,19,29,30,43,83,27,0,57,117,5,0,16,24,5,1,3,31,5,8,2,14,474,195,0,23,72,0,19,219,497,32,14,23,0,1,8,44,1,283,51,0,13,8,10,50,58,1,5,20,41,6,123,0,10,0,1,55,0,82,108,6,20,113,47,0,217,134,11,41,3,0,33,12,0,0,9,105,4,56,28,29,49,1,779,52,34,5,0,3,0,17,64,0,3,10,4,36,14,20,11,121,10,0,12,1,202,0,0,153,0,0,0,5,0,0,3,97,2,0,1,12,0,0,48,4,4,362,9,1,0,0,94,0,0,0,9,59,114,10,0,0,8,0,0,0,0,0,1,142,120,0,0,3,0,0,0,0,7,3,0,75,16,0,89,1025,0,0,332,1,0,26,30,2,164,0,124,0,2027,8,0,0,12,0,0,33,0,0,2962,9,0,0,141,0,0,0,0,0,0,58,0,2,11,0,0,42,4,0,76,0,1788,16,6,307,0,0,1,0,6589,0,0,0,0,0,1,2,299,44,579,263,0,0,0,0,25,3,0,0,0,0,0,0,0,0,4,0,2,101,8,0,99,104,0,1,0,0,0,59,0,29,0,15,0,0,0,522,28,428,0,0,4,0,0,7,8,201,0,0,0,0,3,0,64,0,19,0,76,5,0,0,0,0,3,0,14,0,0,0,12,3,15,176,0,0,2,0,0,2,0,602,54,220,0,19,0,0,0,25,0,0,14,0,0,0,0,0,1,1,0,62,0,253,0,0,0,0,0,0,1,0,7,0,0,0,0,0,0,0,59,0,4,0,1,0,0,1,52,0,43,0,1,304,0,0,123,0,0,3,0,0,0,0,11,0,0,152,27,0,10,0,0,0,0,22,453,0,69,0,0,0,0,39,0,4,0,0,0,0,0,0,0,0,0,0,1,0,1,0,0,136,0,0,0,0,0,0,0,0,0,0,0,0,0,0,0,2,2,0,48,0,0,0,46,0,0,0,0,0,0,0,0,0,0,0,0,0,0,0,42,0,0,8,0,0,0,0,1,0,0,0,1,1,0,0,0,0,1,0,0,0,43,0,0,0,0,4,0,0,58,0,0,0,0,0,0,0,0,0,0,0,3,0,0,0,0,0,0,0,0,0,0,0,0,0,0,151,0,0,0,0,41,55,0,0,0,0,0,0,0,0,0,6,0,0,0,0,0,0,0,0,0,0,0,1,0,0,0,11,0,0,1,14,1,0,3,0,0,0,0,0,0,4,0,0,0,0,6,0,3,0,0,0,21,0,3,0,0,383,0,0,2,0,0,0,0,0,0,10,0,0,0,6,0,0,0,3,0,0,0,0,0,0,19,62,0,0,0,0,0,590,0,0,1,0,0,0,0,0,0,73,0,107,0,0,0,0,0,0,9,0,0,2
TCGA-KR-A7K7_314,2.60547945205479,0,61,0,2,2,0,0,0,12,16,2,18,9,3,4,7,5,8,8,14,29,0,8,130,7,2,2,11,4,0,3,3,0,8,12,7,35,30,0,7,100,16,5,27,0,0,2,4,2,4,2,0,1,20,40,0,7,4,7,13,12,10,2,5,22,1,46,0,12,0,0,168,0,18,24,4,12,72,106,16,33,108,6,16,0,3,0,6,2,5,3,53,0,60,4,15,222,2,779,12,0,33,0,0,1,0,32,0,27,3,0,4,5,4,1,157,2,0,8,10,58,2,0,49,2,0,0,0,5,22,8,41,0,6,14,125,0,5,42,3,2,201,12,17,2,0,176,4,4,7,4,11,101,6,5,8,8,4,6,0,0,0,0,63,13,6,13,3,2,0,2,0,40,3,0,41,87,0,157,2027,0,0,78,2,4,30,9,0,0,2,48,0,641,3,0,2,12,0,2,6,0,0,151,0,0,5,122,12,0,0,0,0,0,4,4,0,4,0,0,5,16,0,22,0,49,17,6,125,0,0,7,0,2175,0,0,0,0,5,0,1,32,13,14,26,0,4,0,2,8,0,0,0,0,2,0,0,7,2,9,0,0,40,3,0,23,99,0,3,0,4,0,5,0,12,0,31,3,0,0,5,1,83,0,0,4,2,0,0,1,23,0,0,0,0,5,0,50,0,0,203,2,20,0,0,0,0,0,0,0,0,0,0,1495,0,3,19,0,0,2,0,0,0,3,379,200,2725,0,36,0,0,0,18,0,0,6,0,0,0,0,0,0,0,0,319,3,154,0,2,0,0,0,0,0,0,14,0,0,0,0,0,0,0,30,0,2,2,4,0,0,0,50,0,10,0,6,11,0,2,3,0,0,0,0,0,0,0,14,0,0,252,0,0,0,0,0,0,0,190,85,0,17,0,0,2,0,44,0,0,0,0,0,3,0,0,16,4,0,0,2,0,0,0,0,81,0,1,0,5,0,0,0,829,0,0,0,0,0,0,0,5,3,0,3,0,13,0,31,19,0,0,0,0,0,0,13,0,3,0,0,35,0,0,94,0,0,6,0,0,0,0,0,0,0,0,1,4,3,0,6,0,0,0,0,0,3,0,0,0,0,3,0,0,114,0,0,0,0,0,0,0,0,0,0,7,0,5,0,0,0,0,0,0,0,0,0,0,0,0,0,12,0,0,0,0,166,0,0,0,0,4,0,0,0,0,2,90,0,0,1,0,0,0,0,0,0,1,0,25,2,0,0,1,0,10,0,181,206,0,1,0,0,0,0,0,0,0,0,0,0,0,0,1,4,2,0,0,21,0,56,0,0,1113,0,0,44,0,28,0,0,0,0,8,9,0,0,11,0,9,0,0,0,0,0,0,0,0,0,0,0,0,0,0,0,2962,0,0,0,0,0,0,0,0,0,1,2,5,47,0,10,9,0,1,0,0,0,1
TCGA-LG-A6GG_315,1.06027397260274,0,79,0,2,2,0,2,291,77,104,253,83,67,5,24,34,12,37,58,60,22,8,26,362,49,628,1025,44,22,29,7,9,19,25,155,10,52,417,36,16,177,35,4,78,137,40,23,53,0,6,3,7,4,358,106,0,13,17,16,5,222,0,45,29,39,14,243,0,41,1,13,137,0,31,107,7,70,202,174,0,123,474,212,57,4,0,17,19,4,0,40,79,3,106,12,10,31,4,467,44,7,5,0,29,0,6,17,0,2,16,3,39,75,15,5,90,44,2,69,21,88,0,0,194,0,2,0,13,0,170,1,94,45,0,0,50,0,0,43,6,0,392,19,0,0,0,54,0,0,2,19,44,259,33,0,0,20,0,11,0,0,1,0,569,0,0,11,6,0,0,0,4,7,0,0,114,42,5,59,2175,0,0,579,2,2,108,43,25,223,0,71,0,4215,0,0,0,47,0,0,10,0,0,481,2,0,1,433,0,0,1,0,0,0,6,0,8,15,0,0,82,3,2,325,0,949,41,25,1223,4,0,0,0,3192,12,0,0,0,0,8,5,3,0,41,1,0,1,5,0,0,15,0,0,0,0,0,0,0,0,12,11,5,263,11,0,64,163,13,0,0,0,2,54,0,27,0,32,0,0,1,309,69,505,0,0,6,51,0,4,0,9,0,0,0,0,0,0,235,0,14,0,140,0,0,0,0,0,1,1,6,2,0,0,0,0,2,151,0,0,0,19,0,16,0,230,736,226,0,87,6,0,0,0,0,0,2,0,3,1,0,0,0,4,0,70,3,183,0,8,0,0,0,0,18,0,23,0,0,0,0,0,0,6,159,3,34,0,1,0,0,0,489,38,0,0,103,9,0,0,29,0,0,1,7,0,2,0,1,0,0,92,10,0,2,0,0,0,0,4,274,0,77,0,0,0,2,38,0,4,0,17,0,0,8,0,0,0,0,0,4,0,0,0,0,1,0,0,0,0,0,2,0,0,0,4,0,0,0,0,11,3,28,0,22,0,14,0,7,0,0,0,0,0,0,0,32,0,7,0,0,2,0,0,87,0,0,0,0,0,0,1,0,0,0,0,0,9,5,0,1,0,14,0,0,2,39,0,0,0,0,0,0,0,47,0,38,0,2,0,0,0,0,0,0,0,8,0,14,0,0,0,0,0,0,0,0,0,1,0,0,1,1,0,0,9,0,14,0,0,0,3,0,0,0,0,0,3,0,0,0,0,0,0,0,0,12,9,0,13,3,0,0,0,1,0,0,319,101,0,25,0,0,0,0,0,0,43,0,0,0,0,3,0,0,0,0,0,22,0,0,0,0,147,0,0,1,34,0,0,0,0,0,0,0,0,0,1,0,0,0,0,0,0,0,0,0,0,0,5,0,0,0,0,0,153,0,0,0,0,0,0,0,0,0,0,0,0,0,0,0,1,0,0,11,0,0,31
TCGA-LG-A9QC_316,1.16438356164384,0,48,1,1,1,0,2,5,23,55,51,83,15,2,19,28,147,22,24,75,32,10,43,383,0,13,76,36,39,12,6,14,0,5,113,0,379,653,40,41,101,0,2,0,187,38,1,20,0,9,5,0,4,243,68,0,52,4,11,31,19,0,8,32,16,44,10,0,0,0,0,417,0,122,53,7,30,559,339,0,193,259,2,8,12,0,61,19,14,0,15,170,3,112,1,48,569,0,288,39,3487,1,0,8,0,5,41,0,2,68,1,26,27,0,7,157,0,0,10,1,52,0,0,11,0,3,0,10,0,0,1,374,0,0,0,41,0,0,0,4,15,915,47,0,0,0,1585,0,0,0,35,160,286,52,0,0,51,0,1,1,0,0,4,497,82,0,0,4,0,0,0,1,3,4,0,191,85,0,36,167,0,0,329,0,0,122,12,1,0,0,16,1,3192,0,0,0,13,0,0,4,0,0,3,0,0,0,641,0,0,3,0,0,0,0,0,4,6,0,0,19,2,2,0,0,1,3,9,25,0,11,0,0,5426,1,0,0,0,0,56,16,151,43,85,0,0,0,5,0,0,6,0,0,0,0,0,0,0,0,10,0,4,253,0,0,257,199,2,0,7,9,0,0,4,154,0,99,0,0,0,276,0,313,0,0,3,46,0,2,0,31,0,0,0,0,42,0,0,1,4,0,69,0,0,0,0,0,0,32,0,0,0,0,0,0,4,57,3,0,17,0,0,0,0,291,549,6,0,27,0,0,0,15,21,0,0,0,0,3,0,0,0,1,0,4,0,0,0,2,0,0,0,0,1,0,3,0,0,0,4,0,0,0,8,0,16,0,0,0,0,0,23,80,1,0,30,81,0,0,7,0,0,0,4,0,0,0,8,0,0,354,0,0,0,0,0,0,0,296,985,0,61,5,0,2,0,0,0,0,0,0,0,0,2,4,0,0,6,0,0,0,0,0,0,602,0,0,0,1,2,0,0,0,0,1,0,0,8,0,0,0,0,0,0,0,0,0,61,10,0,0,0,0,0,0,17,0,0,0,0,3,0,0,13,0,0,0,0,0,0,0,0,0,1,0,0,0,0,0,0,0,12,0,0,3,0,0,0,0,0,0,0,0,17,0,0,12,0,0,39,1,0,0,0,0,7,0,0,0,0,0,0,0,0,0,0,0,0,0,0,0,0,0,0,0,1,16,8,0,0,1,0,0,0,0,0,0,5,0,0,0,0,4,0,0,0,0,0,78,0,0,0,0,885,0,0,0,2,0,0,4,0,0,0,0,0,0,0,0,0,0,0,0,0,0,0,0,0,0,115,0,0,0,0,0,0,0,0,0,0,0,0,0,2,0,0,1,17,0,19,0,0,0,0,0,0,0,0,0,0,0,0,0,0,2,0,0,4,0,0,3,0,0,0,0,0,0,74,0,0,0,0,0,0,31,0,0
TCGA-LG-A9QD_317,1.0027397260274,0,68,1,3,3,0,0,402,199,65,68,43,30,34,55,45,24,48,29,67,119,2,58,246,21,245,47,105,25,3,7,28,6,13,81,69,211,257,48,19,322,19,33,522,145,116,38,41,0,34,7,112,14,248,65,0,15,6,14,106,168,0,21,24,44,2,489,0,11,0,20,194,0,55,268,13,17,302,239,0,182,276,85,53,2,0,65,16,10,0,17,133,4,85,28,137,549,0,293,41,47,0,0,7,0,15,94,0,0,47,2,36,34,6,16,281,62,0,14,0,88,0,0,319,0,0,1,9,0,118,0,208,8,0,0,505,0,0,49,6,4,540,3,0,0,0,58,0,0,4,20,191,143,22,0,0,13,0,35,0,0,0,1,177,241,0,33,9,0,5,0,6,0,6,0,49,9,0,76,9068,0,0,325,2,0,106,55,25,255,0,172,9,1495,15,4,0,45,0,0,67,0,0,803,6,0,0,392,0,0,0,0,0,1,25,0,5,14,0,0,63,0,1,117,0,1071,44,7,856,0,2,0,0,3192,33,0,0,0,0,46,4,238,32,190,176,0,0,2,0,1,3,0,0,0,0,0,0,0,0,5,0,4,201,1,0,74,192,7,0,1,0,0,6,0,28,0,23,0,4,0,1025,113,514,0,0,2,4,0,4,0,195,0,0,0,0,33,0,94,0,17,0,243,6,0,0,0,0,0,0,6,5,0,0,0,6,13,18,10,0,2,7,0,13,0,217,288,29064,0,47,0,0,0,49,16,0,4,0,9,0,0,0,1,27,0,18,0,354,0,1,0,0,0,0,78,0,26,0,0,0,0,0,0,4,6,0,24,0,1,0,0,11,66,53,24,0,8,0,0,0,0,0,0,0,0,1,0,0,6,0,0,383,0,0,3,0,0,0,0,28,155,0,33,0,0,5,0,39,0,9,0,9,0,0,8,12,2,2,0,0,0,0,0,0,0,262,5,0,0,0,0,0,3,0,0,0,0,0,0,0,0,0,17,0,15,0,0,0,127,0,0,0,0,2,0,0,0,0,0,0,0,0,0,0,13,0,0,0,41,0,0,0,0,0,3,0,11,4,0,0,1,0,0,0,0,0,18,0,1,0,0,0,0,0,59,0,0,0,0,0,3,0,0,0,0,0,0,0,0,0,0,0,0,0,0,0,0,0,0,0,0,39,0,3,0,0,0,8,1,0,0,212,0,0,0,0,0,1680,0,2,0,0,0,0,0,0,0,2,0,60,4,0,1,25,0,0,0,559,7,0,10,1,0,0,0,0,0,7,0,0,0,0,0,0,0,0,0,0,36,0,21,0,0,0,0,0,28,0,0,0,0,0,0,6,0,0,0,272,1,0,10,0,0,0,0,0,0,0,15,0,0,0,0,0,0,614,0,0,0,0,0,0,0,0,0,31,84,43,2,0,0,481,0,0,4,0,0,32
TCGA-MI-A75C_318,0.797260273972603,0,64,1,1,1,0,0,34,3,44,15,14,12,7,22,48,23,7,22,54,64,2,16,182,1,80,2,29,13,1,2,17,0,17,83,19,38,73,32,32,113,9,10,1282,39,19,8,9,0,4,5,0,4,151,124,0,2,6,14,15,43,0,8,59,23,25,23,0,16,0,6,177,0,9,70,2,36,3,125,1,80,113,17,16,8,0,104,13,13,0,7,684,0,87,34,40,53,3,1495,19,0,8,0,4,0,5,81,0,4,18,5,16,0,5,9,126,25,0,12,12,245,4,0,58,0,0,0,0,2,39,1,65,2,0,2,358,0,0,50,0,4,142,10,2,0,0,288,0,0,4,17,73,74,27,0,0,13,1,31,0,0,0,1,111,453,2,5,3,0,3,0,10,5,3,0,56,71,0,11,1348,0,0,190,2,0,41,7,27,3,0,38,1,2027,9,0,0,3,0,0,33,0,0,915,8,0,0,172,1,0,0,1,0,0,12,1,0,9,0,0,18,4,2,141,0,169,0,14,158,1,0,1,0,668,2,0,0,0,0,1,0,80,45,61,2,0,0,0,0,0,0,0,0,0,0,0,0,0,0,2,0,0,25,24,0,59,50,0,1,2,4,0,3,0,32,0,24,0,19,0,307,0,160,0,0,1,7,0,2,18,144,0,0,0,0,0,0,10,0,12,0,30,11,0,0,0,0,0,3,0,1,0,0,0,2,2,4,4,0,0,0,0,15,0,276,459,22,1,35,0,0,0,18,6,0,1,0,0,2,5,0,0,1,0,49,18,131,0,1,0,0,0,0,0,0,10,0,0,0,0,0,0,8,84,1,1,0,1,0,0,0,262,16,10,0,39,0,0,0,132,0,0,3,0,0,0,0,4,0,0,120,0,0,0,2,0,0,0,19,146,0,30,0,0,0,0,3,51,9,0,0,0,1,6,1,0,5,0,0,0,0,0,0,0,116,0,0,0,2,0,0,0,0,0,0,0,0,0,0,0,0,0,0,35,1,0,0,56,0,0,0,0,0,0,0,0,0,13,0,0,0,0,0,302,0,0,0,176,0,0,0,2,0,0,2,0,16,1,0,8,0,13,0,0,0,20,0,0,0,0,0,0,0,94,0,0,0,0,0,22,0,0,2,0,2,3,0,0,1,0,0,0,0,0,0,0,0,0,0,0,18,0,0,0,0,0,9,0,0,0,1,0,0,0,0,0,1,0,0,0,0,0,0,0,0,0,7,0,30,4,0,1,0,213,0,0,293,2962,0,18,0,0,0,0,0,0,0,0,0,0,0,1,0,4,0,0,0,99,0,35,0,0,531,0,0,102,0,9,0,0,0,0,0,0,0,0,0,0,0,342,2,1,3,0,0,0,0,0,0,0,0,0,0,0,31,0,0,0,0,0,0,0,0,0,2,0,104,5,3,0,0,0,0,0,0,0,0
TCGA-MI-A75E_319,1.38904109589041,0,61,1,3,4,0,0,276,65,67,76,32,21,14,35,40,32,24,34,69,87,5,36,220,7,522,278,30,13,6,16,9,6,10,42,89,179,293,32,30,263,12,26,540,62,101,90,37,0,23,19,77,7,453,94,0,16,17,31,22,97,0,23,44,48,12,42,0,8,0,4,192,0,34,141,11,34,49,199,0,138,195,151,9,6,0,71,19,17,0,18,653,0,82,27,41,489,3,467,29,84,3,0,8,0,15,128,0,2,17,1,37,26,6,9,230,110,0,16,0,325,0,0,160,0,3,1,6,2,149,1,62,5,0,1,1113,0,0,61,1,4,497,9,1,0,0,122,0,0,4,19,59,152,47,0,0,15,0,38,0,0,0,2,91,346,0,26,3,0,2,0,21,4,3,0,128,64,0,16,3835,0,0,154,0,0,62,44,21,202,0,170,3,2027,3,0,0,55,0,0,45,0,0,1348,8,0,0,239,0,0,2,0,0,0,66,0,2,3,0,0,88,4,1,134,0,2175,11,10,641,0,0,0,0,3487,17,0,0,0,0,22,4,216,16,65,259,0,1,3,0,15,5,0,0,0,0,0,0,0,0,10,0,2,23,4,0,139,146,5,0,0,10,0,16,0,26,0,19,1,17,1,718,11,383,0,0,0,4,0,1,0,255,0,0,0,0,52,0,228,0,2,0,81,14,0,0,0,0,0,8,4,1,0,1,0,3,2,80,4,0,0,0,0,11,2,387,1495,1025,0,40,5,0,0,32,10,0,1,0,3,0,0,0,0,1,0,19,0,187,0,0,0,0,0,0,6,0,21,0,0,0,0,0,0,15,10,0,29,0,4,0,0,8,172,50,2,0,15,35,0,0,181,0,0,0,0,0,0,0,3,0,0,358,11,0,1,0,0,0,0,31,985,0,21,0,0,1,0,27,0,3,0,109,0,0,5,9,0,0,0,0,6,0,0,0,0,243,0,0,0,1,0,0,0,0,2,0,0,0,0,0,0,0,4,0,100,0,0,0,113,0,0,0,0,23,0,0,0,0,0,0,0,0,0,0,1,0,0,0,126,0,0,0,1,0,0,3,6,3,0,0,27,0,3,0,0,0,44,0,0,0,0,2,0,0,235,0,2,1,41,6,21,0,0,0,0,0,3,0,0,0,0,0,0,0,1,0,0,0,0,0,0,75,0,0,5,0,1,16,2,0,0,13,0,0,0,0,0,101,10,1,0,0,0,0,0,0,0,0,0,12,4,0,0,9,4,0,2,241,374,2,31,0,0,0,0,0,0,7,0,0,0,0,17,0,0,7,0,0,19,0,37,6,0,163,0,0,31,0,0,0,0,0,0,0,0,0,0,18,2,0,19,0,1,0,0,0,0,0,14,0,0,0,0,0,0,57,0,0,1,0,0,0,0,0,0,15,5,81,6,0,2,20,0,0,0,0,1,0
TCGA-MI-A75G_320,1.91232876712329,0,63,1,2,2,0,0,412,97,111,171,89,26,23,23,41,45,58,36,95,119,2,26,1282,18,949,1416,45,18,13,10,17,24,20,151,16,215,440,34,45,97,9,12,736,387,83,129,61,0,16,20,55,5,756,100,0,45,11,10,51,35,0,18,78,78,15,467,0,37,0,7,222,0,49,154,4,30,157,422,0,143,1223,200,74,6,0,85,44,7,0,17,104,2,75,55,19,417,0,270,33,165,2,0,8,0,15,27,0,2,15,0,38,107,13,7,147,125,2,29,1,84,0,0,128,0,2,0,2,0,34,0,111,9,0,0,505,0,0,63,3,4,88,10,0,0,0,132,0,0,7,26,81,153,14,0,0,44,0,20,0,0,0,4,199,10,0,2,8,0,2,0,14,2,3,0,78,50,1,36,1680,0,0,885,0,0,74,34,2,211,0,107,10,2725,2,1,0,37,0,0,6,0,0,1166,1,0,0,178,0,0,5,0,0,0,241,0,1,13,0,0,69,0,2,66,0,1071,8,11,342,1,0,0,0,4752,8,0,0,0,0,20,1,288,30,38,185,0,0,3,0,0,8,0,0,0,0,0,0,0,0,28,0,5,81,9,0,62,172,10,0,1,2,0,10,0,2,0,28,0,16,0,474,14,428,0,0,5,3,0,0,0,80,0,0,0,0,34,0,160,0,10,0,53,0,0,0,0,0,2,7,0,3,0,0,0,7,6,56,6,0,0,13,0,9,0,272,114,54,0,51,2,0,0,35,8,0,5,0,17,0,0,0,0,0,0,12,8,319,0,3,0,0,0,0,4,0,29,0,0,0,0,0,0,6,11,0,54,0,7,0,0,6,117,38,0,0,11,16,0,0,10,0,0,0,4,0,0,0,6,0,0,68,9,0,7,0,0,0,0,22,614,0,12,0,0,1,1,20,0,36,0,61,0,0,3,1,0,0,0,0,0,0,0,0,0,182,0,0,0,0,0,2,0,0,0,0,0,0,0,0,6,0,4,0,21,0,3,0,41,0,0,0,0,0,0,0,0,0,0,0,0,33,0,0,157,0,0,0,181,0,0,0,0,0,0,0,0,7,0,0,8,0,28,0,0,0,0,0,0,0,0,0,0,0,124,0,136,0,2,0,39,0,0,0,0,0,2,0,0,0,0,0,0,0,14,0,0,0,0,0,0,78,0,0,0,6,46,12,0,0,0,54,0,0,0,0,0,1,0,0,0,0,0,0,0,0,0,0,0,14,1,0,0,0,87,0,2,39,5,0,0,0,0,0,0,0,0,2,0,0,0,0,40,0,1,0,0,0,19,0,26,0,0,28,1,0,0,0,0,0,0,0,0,0,0,0,0,481,1,0,370,0,0,0,0,0,0,0,0,4,0,0,0,0,0,19,0,0,3,0,0,0,0,0,0,16,5,8,2,0,0,98,0,6,2,0,0,20
TCGA-MR-A520_321,0.627397260273973,0,58,1,1,1,2,2,628,250,153,101,78,57,15,44,112,31,15,57,81,108,13,71,239,21,453,233,142,65,6,10,13,8,5,24,180,829,151,96,41,77,6,14,268,396,358,26,66,0,46,25,549,8,350,106,0,64,18,34,125,122,0,24,55,66,17,205,0,1,0,11,107,0,109,366,14,20,176,207,0,362,653,131,30,3,0,37,34,11,0,29,291,2,166,26,72,915,0,143,62,230,0,0,67,0,54,322,0,0,53,2,35,3,11,20,59,24,1,35,0,302,0,0,137,0,10,0,21,0,236,0,33,9,0,0,718,0,0,13,0,1,856,16,0,0,0,193,0,0,11,48,114,163,52,0,0,16,0,20,0,0,0,2,65,1025,0,32,6,0,4,0,26,0,5,0,125,33,0,75,1788,0,0,342,0,0,140,126,3,569,0,276,10,1585,2,1,0,35,0,0,116,1,0,2175,12,0,0,489,0,0,4,0,0,0,18,0,0,6,0,0,91,0,0,149,0,4215,87,0,985,0,2,0,0,6589,48,0,0,0,0,22,4,173,69,339,440,0,0,3,0,3,18,0,0,0,0,0,0,0,0,2,0,5,253,0,0,402,270,12,0,1,34,0,0,0,39,0,14,0,9,0,949,74,668,0,0,2,0,0,0,0,286,3,1,0,0,29,0,27,2,31,0,134,0,0,0,0,0,0,2,2,10,0,0,0,0,0,29,12,0,2,3,0,40,0,132,885,1348,0,51,0,0,0,74,19,0,0,0,3,0,0,0,0,5,0,0,16,467,0,0,0,0,0,0,14,0,23,0,0,0,0,0,0,8,0,0,32,0,8,0,1,10,60,7,43,0,22,3,0,0,89,0,0,0,1,2,0,0,11,0,0,288,0,0,0,0,0,0,0,19,559,0,105,0,0,1,3,50,0,1,0,325,0,1,9,11,0,0,2,0,0,0,0,0,0,34,0,0,0,0,0,0,7,0,0,0,0,0,17,0,0,0,8,0,64,0,0,0,57,0,1,0,0,0,0,0,0,0,0,0,0,2,0,0,0,0,0,0,200,0,0,0,4,0,3,0,149,0,0,0,83,0,0,0,1,0,1,0,0,0,0,6,0,0,111,0,18,6,28,0,44,0,0,0,0,0,0,0,13,0,3,0,0,0,0,0,0,0,0,0,7,41,0,1,0,0,179,19,0,0,0,29,0,0,0,0,0,80,1,0,0,0,0,0,5,0,0,0,12,7,4,0,0,0,0,0,0,99,0,0,3,0,0,0,0,0,0,23,0,0,0,0,7,0,0,0,0,0,0,0,0,0,0,30,0,0,0,0,0,2,0,0,1,12,0,0,0,130,13,10,0,0,0,0,0,0,0,0,15,0,0,2,20,0,0,13,0,0,2,0,0,0,0,0,9,38,19,0,1,4,0,145,0,0,0,0,0,44
TCGA-NI-A4U2_322,4.90684931506849,1,71,1,3,3,2,2,467,210,70,307,158,16,89,51,56,45,74,24,46,272,16,32,701,16,497,1902,59,43,14,7,50,15,25,93,87,291,112,12,54,358,22,102,370,123,71,84,63,0,38,23,0,9,387,82,0,39,26,0,41,217,0,10,96,78,37,113,0,15,4,17,268,0,59,143,11,28,196,149,0,329,628,190,18,9,0,70,50,9,0,25,0,4,123,7,17,985,1,339,48,0,2,0,23,0,10,202,0,1,98,10,49,78,2,7,428,71,4,21,0,489,0,0,157,0,8,0,35,0,270,0,0,29,0,0,1788,0,0,70,2,21,559,0,0,0,0,111,0,0,13,36,108,346,157,0,0,25,0,4,0,0,0,0,131,1416,0,17,7,0,3,0,49,1,0,0,20,104,2,133,3487,0,0,474,0,0,125,6,8,304,0,160,20,2342,2,1,0,32,0,0,40,3,0,2962,3,0,0,71,0,0,0,0,0,10,4,0,0,29,0,0,8,0,2,7,0,3835,55,0,579,3,0,0,0,9068,13,0,0,0,0,25,5,396,161,130,231,0,0,0,0,0,16,0,0,0,0,0,0,0,0,19,0,3,233,0,0,7,302,24,0,3,103,0,27,1,88,0,8,0,13,0,2,92,915,0,0,4,13,0,0,0,402,0,1,0,0,30,0,53,1,42,0,1,1,0,0,0,0,1,10,6,11,0,0,0,8,8,80,12,0,4,15,0,6,0,192,2175,1223,5,94,7,0,0,51,10,0,0,0,28,0,0,0,0,0,0,6,0,379,0,0,0,0,0,0,25,0,27,0,0,0,0,0,0,2,0,0,17,0,4,0,0,4,383,0,40,0,17,29,0,0,19,0,2,0,9,3,0,0,21,0,0,829,84,0,0,0,0,0,0,0,856,0,58,0,0,3,6,72,0,6,0,779,0,0,0,28,0,0,2,0,0,0,0,0,0,107,0,0,0,0,0,0,0,0,0,0,0,0,0,0,24,0,29,0,33,0,0,0,24,0,0,0,0,0,0,0,0,0,0,0,0,24,0,0,0,0,0,0,531,5,0,0,6,0,0,0,106,13,0,0,0,0,12,0,0,0,0,0,0,0,0,0,0,0,0,0,200,6,62,0,24,0,0,0,0,0,0,0,11,0,4,0,0,0,1,0,0,0,0,0,11,180,1,8,0,0,7,0,0,0,0,32,0,0,0,0,0,47,11,6,0,0,0,6,0,0,0,1,10,63,0,0,0,20,0,0,0,0,8,8,48,3,0,0,0,0,2,38,0,0,0,0,4,0,4,0,0,0,9,0,0,3,11,4,0,0,0,0,0,0,0,0,0,28,0,0,0,26,9,0,11,3,0,0,0,0,0,0,5,20,0,2,0,0,0,0,0,0,0,0,0,0,0,0,0,0,0,0,8,24,0,2,0,0,0,0,0,0
TCGA-NI-A8LF_323,2.18904109589041,0,74,1,1,1,2,2,293,358,66,39,50,22,33,27,31,34,19,88,69,113,4,107,392,27,779,60,102,44,19,11,51,10,17,58,60,257,141,70,27,111,17,4,183,246,40,81,19,0,49,32,7,15,489,138,0,212,13,9,24,40,0,9,23,56,7,590,0,22,0,24,366,0,28,131,11,19,220,474,0,296,668,684,8,11,0,50,32,13,0,15,182,0,154,52,53,1113,2,342,44,3487,1,0,7,0,16,55,0,3,38,8,52,11,16,4,133,2,2,18,0,346,0,0,93,0,6,0,12,0,31,0,453,5,0,0,985,0,0,57,4,5,641,16,0,0,0,370,0,0,14,45,178,307,56,0,0,29,0,68,0,0,2,3,339,1585,0,9,4,0,4,0,14,4,7,0,102,302,2,193,628,0,0,236,0,0,75,22,9,64,0,128,0,1416,6,1,0,17,0,0,0,0,0,915,20,0,0,291,0,0,0,0,0,0,4,0,8,8,0,0,11,3,2,16,0,1680,33,8,255,0,1,0,0,4215,4,0,0,0,0,4,3,248,105,41,213,0,0,4,0,0,15,0,0,0,0,0,0,0,0,25,4,2,1166,0,0,288,274,8,0,2,7,0,65,0,39,0,21,0,12,1,319,13,559,0,0,1,13,0,5,0,243,0,3,0,0,8,0,69,1,9,0,17,1,0,0,0,0,1,32,9,2,0,0,3,5,2,73,3,0,0,0,0,7,2,77,1788,104,0,97,6,0,0,54,21,0,1,0,9,1,0,0,0,1,0,0,3,230,0,0,0,0,0,0,0,0,3,0,0,0,0,0,0,0,27,0,0,0,7,0,0,11,6,140,18,0,215,16,0,0,0,0,0,0,12,0,0,0,3,0,0,505,0,0,0,0,0,0,0,35,614,0,5,1,0,0,1,97,0,16,0,89,0,0,8,7,0,4,0,0,0,0,0,0,0,185,0,0,0,0,0,1,7,0,0,0,0,0,8,0,0,2,4,0,5,0,0,0,44,0,0,0,0,0,0,0,0,1,0,0,0,0,0,0,80,0,0,0,263,0,0,0,4,0,2,0,0,4,0,0,39,0,4,0,0,0,20,0,0,0,0,0,0,0,0,0,2,15,0,0,16,0,4,0,0,22,0,0,0,3,0,0,0,0,0,0,0,0,0,0,0,2,5,6,0,0,90,6,0,0,0,29,0,0,0,0,0,5,0,0,0,0,0,0,0,0,0,0,4,24,3,0,0,0,47,0,0,18,41,0,1,0,1,0,0,0,0,0,0,0,0,0,11,0,0,0,0,0,30,0,24,0,0,44,0,0,0,0,12,2,0,0,0,28,0,0,0,112,8,6,180,0,0,0,1,0,0,0,5,0,0,0,0,0,0,0,0,0,0,0,0,1,0,0,2,128,2,0,15,0,0,59,0,0,1,10,2,0
TCGA-O8-A75V_324,1.47397260273973,0,54,1,1,1,2,2,6,3,42,42,26,9,4,20,15,30,31,14,34,107,0,46,157,3,56,14,49,18,6,3,23,0,6,57,61,215,265,23,11,51,9,7,370,69,27,5,13,2,4,7,30,0,255,112,0,8,5,17,47,69,0,12,21,11,3,101,0,15,0,1,173,0,62,75,0,23,42,166,0,85,106,54,22,2,0,110,10,8,0,11,4,0,65,12,117,50,10,829,19,383,6,0,3,0,14,192,0,3,19,2,6,2,8,8,231,27,0,8,3,4,0,0,145,0,0,1,2,0,29,1,176,4,0,1,80,0,0,24,2,0,422,3,2,0,0,216,0,0,2,10,54,207,26,0,2,11,0,37,0,0,0,1,64,18,0,15,5,0,0,0,6,8,12,0,223,66,0,19,1282,0,0,125,0,0,52,18,1,132,0,64,0,1585,4,0,0,15,0,0,28,0,0,1680,5,0,0,190,0,0,0,0,0,0,9,0,0,7,0,0,34,4,0,24,0,1071,13,6,668,0,0,0,0,1788,2,0,0,0,0,4,1,138,97,113,55,0,0,3,0,4,4,0,0,0,0,0,0,0,0,4,0,0,88,2,0,108,123,1,0,0,0,0,96,0,17,0,21,0,4,1,885,2,296,0,0,1,9,0,1,1,467,0,0,0,0,31,0,175,0,3,0,94,8,0,0,0,0,0,0,0,1,0,0,0,0,4,25,0,0,4,5,0,3,0,299,489,3487,5,12,0,0,0,12,4,0,4,0,0,0,0,0,0,0,0,48,4,263,0,0,0,0,0,0,0,0,9,0,0,0,0,0,0,1,43,0,1,0,0,0,0,0,26,48,4,0,29,49,0,0,54,0,0,0,0,0,0,0,0,0,0,163,0,0,1,0,0,0,0,19,915,0,30,0,0,2,0,44,0,10,0,5,0,0,0,6,0,3,0,0,0,0,0,0,0,172,0,0,0,0,0,0,0,0,0,0,0,0,0,0,0,2,1,0,18,0,0,0,79,0,0,0,0,4,0,0,0,0,3,0,0,0,0,0,114,0,0,1,38,0,0,0,3,0,0,12,0,7,0,1,48,0,0,0,0,0,182,0,0,0,0,15,0,0,133,0,0,0,0,0,0,0,0,0,0,1,5,0,0,0,0,0,0,0,0,0,0,0,0,0,0,5,0,0,0,0,44,5,0,0,0,0,0,0,0,0,0,202,0,0,1,0,0,0,0,0,0,3,0,0,2,0,0,0,12,0,0,241,1223,0,1,1,0,0,0,0,0,0,0,0,0,0,2,0,0,0,0,0,139,0,9,0,0,653,0,0,42,0,3,0,0,0,0,16,0,0,0,6,0,0,8,0,0,0,2,0,0,0,20,0,0,0,0,0,0,291,0,0,0,0,0,0,0,0,0,26,0,67,0,3,1,8,0,0,4,0,0,0
TCGA-PD-A5DF_325,1.75068493150685,1,58,0,3,4,0,0,27,76,78,33,23,18,6,29,19,16,40,25,66,136,0,41,93,13,4,255,87,3,0,4,9,1,4,12,91,392,433,8,2,125,1,37,13,15,12,8,11,0,49,6,19,3,108,20,0,14,2,14,19,18,1,24,70,35,20,32,0,0,0,4,53,0,64,183,1,20,81,157,0,172,66,0,9,3,0,15,7,6,0,7,467,2,111,126,28,134,13,1585,34,40,7,0,3,0,6,62,0,8,0,5,6,18,12,9,332,107,0,14,0,113,0,0,181,0,1,8,18,2,15,4,0,0,0,6,915,0,0,35,4,1,248,16,6,1,0,76,1,1,0,13,5,156,34,0,0,6,2,0,0,0,0,0,69,74,1,4,10,0,1,1,20,7,0,0,117,59,0,39,2530,0,0,238,0,0,72,34,46,19,0,99,1,885,0,0,0,8,0,0,11,0,0,1495,40,0,0,160,2,0,1,0,0,0,27,0,1,13,0,0,0,10,0,7,0,653,28,4,756,0,0,1,0,2175,2,0,0,0,0,11,4,151,171,97,0,0,0,0,0,0,3,0,0,0,1,0,0,0,0,4,0,0,71,2,0,116,165,0,0,0,16,0,54,2,77,0,8,0,0,0,1071,77,985,0,0,0,4,0,1,0,313,0,0,0,0,88,0,142,0,2,0,37,2,0,0,0,0,0,0,0,0,0,0,0,0,3,33,0,0,2,5,0,16,10,339,701,3192,25,35,0,0,0,23,5,0,2,0,0,0,0,0,0,1,0,16,0,178,0,0,0,0,0,0,12,0,44,0,0,0,0,0,0,0,6,0,1,0,1,0,0,0,8,0,9,0,2,684,0,0,84,0,0,7,0,0,0,0,5,0,0,335,32,0,2,0,0,0,0,19,641,0,18,0,0,0,0,189,0,0,0,12,0,14,0,0,0,0,0,17,1,0,0,0,0,42,0,0,0,0,0,0,0,0,0,0,0,0,0,0,0,4,17,0,21,0,0,0,4,0,1,0,0,5,0,0,0,0,4,0,0,0,0,0,1,0,0,0,72,0,0,0,0,0,0,3,0,0,0,0,0,0,0,0,0,0,3,0,0,0,0,0,0,0,43,0,2,0,1,0,1,0,0,0,0,0,0,0,8,0,0,0,0,0,15,0,0,0,0,0,0,54,0,0,0,0,93,0,0,0,0,33,0,0,0,0,0,140,0,0,0,0,0,0,0,0,0,4,7,46,0,0,0,2,0,0,0,31,109,1,0,0,0,0,0,0,0,0,0,0,0,0,0,0,0,0,0,0,18,0,0,0,0,1,0,0,4,0,0,0,0,0,0,1,0,0,0,17,0,1,0,0,0,0,2,0,0,0,5,0,0,0,0,0,0,1788,0,0,0,0,0,0,0,0,0,13,5,4,0,1,0,1,0,0,0,0,0,0
TCGA-QA-A7B7_326,0.257534246575342,0,48,1,2,2,2,2,4,157,72,16,7,31,6,26,22,13,3,33,26,22,1,18,653,147,241,58,66,5,0,3,25,4,6,11,48,179,54,0,2,90,0,44,0,3,22,23,57,0,24,0,270,1,12,1,0,6,7,21,32,29,18,26,257,61,23,0,0,2,0,11,50,0,59,329,4,23,37,74,3,117,87,124,26,1,0,0,24,2,7,25,226,0,193,194,3,78,0,428,27,0,27,0,15,3,0,57,0,15,2,1,4,2,8,5,259,211,1,28,0,25,4,1,116,3,3,0,39,16,46,8,34,10,5,40,641,0,7,24,2,2,559,25,14,2,0,31,4,6,4,25,4,93,62,1,0,7,7,10,0,0,0,0,103,6,11,14,10,2,0,4,33,28,0,0,246,16,0,24,1113,0,1,1166,1,1,36,64,16,0,5,220,1,1680,0,0,3,48,0,2,16,0,0,1282,76,0,7,440,4,0,2,0,0,0,64,4,1,11,0,1,4,40,0,3,0,6589,0,12,447,0,0,3,0,9068,20,0,2,0,1,5,8,201,57,168,299,0,6,0,4,0,36,0,0,0,7,0,0,0,7,5,0,2,93,0,0,92,62,0,1,2,4,0,3,2,55,0,12,8,5,0,856,188,1495,0,0,6,0,0,0,0,90,0,0,0,0,1,0,169,0,0,0,54,0,0,0,0,0,2,0,9,2,0,0,5,0,0,55,0,0,0,4,0,16,0,350,417,803,0,70,3,0,4,0,0,0,2,0,1,0,0,0,0,10,0,9,0,157,0,5,0,0,0,0,0,0,45,0,0,0,7,0,0,0,2,0,0,6,0,0,0,6,96,0,17,4,3,718,0,0,49,0,0,2,0,0,0,0,3,0,0,239,0,0,2,0,0,0,0,8,1416,0,19,0,0,0,2,402,0,6,0,192,0,12,0,0,0,0,0,0,0,0,0,0,0,1,0,0,0,0,0,0,0,0,0,1,0,0,0,0,0,10,286,0,81,0,0,0,1,0,0,0,1,0,0,0,32,0,0,0,0,0,0,0,0,0,0,0,325,0,0,0,1,0,1,0,0,0,0,0,28,0,0,0,0,0,5,0,0,0,0,0,0,0,44,0,13,0,6,0,0,0,0,0,0,2,0,0,5,0,0,0,0,0,0,0,0,0,0,0,0,159,0,1,0,0,228,0,0,0,0,0,0,0,0,0,0,18,0,23,0,0,0,0,0,0,0,0,129,0,1,0,0,31,0,0,0,8,0,0,0,0,0,0,4,0,0,0,0,0,0,0,58,0,0,0,0,0,17,0,0,0,0,549,0,0,0,0,15,0,0,0,0,22,0,0,0,0,7,3,0,3,5,0,4,0,0,0,0,37,0,0,0,0,0,35,0,0,1,0,0,0,0,0,19,0,0,9,5,0,0,0,0,4,0,0,0,0
TCGA-RC-A6M3_327,0.00273972602739726,0,24,1,2,2,0,0,18,0,15,0,0,11,0,0,2,0,3,0,6,9,0,0,24,0,1,0,2,0,0,0,0,2,0,2,0,49,15,0,0,65,0,1,4,93,2,27,5,2,4,0,0,0,53,3,2,38,0,0,13,29,5,2,0,2,0,116,2,0,0,0,1,7,0,10,0,3,7,13,2,19,190,0,54,0,0,83,0,4,6,0,24,0,7,7,7,12,7,3487,3,0,22,0,0,2,0,14,0,11,0,0,29,0,0,0,0,0,0,0,22,25,0,1,81,1,0,0,2,7,0,10,12,0,1,12,0,0,2,0,0,0,4,0,6,2,0,1,4,1,0,0,1,4,32,0,1,0,4,0,6,0,0,0,0,71,3,0,1,1,0,3,0,25,0,0,3,0,0,84,104,0,0,7,1,0,4,1,15,80,1,7,0,25,1,0,3,28,1,9,0,0,0,1,0,0,4,36,1,0,0,0,0,0,0,0,0,7,0,0,3,11,0,0,0,1166,0,1,23,0,0,0,0,149,0,0,0,0,0,5,0,73,0,0,206,4,1,0,1,30,0,0,0,0,6,0,0,0,1,0,0,0,62,4,0,13,0,5,2,0,0,0,222,5,0,1,0,1,0,0,0,0,36,0,2,0,0,0,0,3,68,0,0,0,0,0,1,0,12,0,2,3,6,0,0,0,0,0,0,0,0,0,0,0,7,0,0,2,0,0,0,0,0,41,9,203,225,0,0,0,0,0,8,0,0,0,20,0,0,226,0,0,0,0,2,0,4,0,6,15,0,0,0,9,0,3,0,0,0,0,0,0,0,15,0,16,0,0,0,0,0,0,0,5,0,5,0,0,0,0,0,0,0,0,0,0,0,2,0,0,8,0,0,0,0,0,0,0,0,93,0,0,0,0,0,0,0,0,0,0,0,0,0,0,0,0,0,0,1,0,0,5,0,0,230,0,0,0,0,0,0,2,0,1,0,0,0,0,29,0,1,0,0,0,0,0,0,0,8,0,0,0,0,0,0,0,0,0,0,0,0,0,0,358,0,0,0,0,0,0,0,0,0,0,8,0,0,27,3,0,0,0,0,0,0,15,0,0,0,0,4,0,0,31,0,0,0,0,68,0,0,0,0,0,0,3,0,0,0,0,0,0,0,0,0,0,0,0,0,0,0,0,0,0,0,0,10,0,0,0,23,0,4,0,0,0,8,0,0,1,0,0,0,0,8,0,12,0,69,0,0,0,0,0,0,0,0,163,0,0,0,0,0,0,0,0,0,0,0,0,0,0,40,0,74,0,0,1,4,17,0,0,0,0,0,0,2530,0,0,0,0,0,0,276,0,0,194,0,0,0,0,29064,0,0,0,0,0,0,0,0,0,0,0,0,2962,0,0,24,0,0,2,0,0,0,45,44,0,0,0,0,155,0,0,18,0,0,0
TCGA-RC-A6M4_328,0.0602739726027397,0,74,0,3,3,2,2,41,170,171,96,93,57,61,18,51,58,35,20,178,39,4,92,756,22,158,259,78,20,11,14,30,6,29,116,3,307,93,122,49,222,11,10,779,641,18,18,8,0,10,19,25,5,215,211,0,22,28,15,29,140,1,38,252,30,17,75,0,29,0,2,590,0,125,228,5,16,81,309,0,245,291,96,47,18,0,139,34,10,0,12,329,2,339,57,114,1282,4,220,98,6589,8,0,5,0,30,231,0,3,52,8,10,33,4,7,299,42,2,18,5,402,0,0,77,0,3,0,2,2,0,3,985,2,0,2,53,0,0,30,10,1,1902,15,2,1,0,262,0,2,12,46,216,140,42,0,0,70,1,57,0,0,0,4,103,45,2,11,9,0,3,0,12,5,9,0,108,126,0,34,481,0,0,236,0,0,69,27,18,0,0,27,4,3192,2,3,0,10,0,0,20,0,0,489,12,0,0,474,2,0,0,0,0,0,46,0,0,11,0,0,33,8,5,43,0,302,7,47,325,1,0,3,0,2962,2,0,0,0,0,1,1,137,183,199,2,0,0,5,0,0,8,0,0,0,2,0,0,0,2,9,0,1,38,1,0,276,119,0,1,5,3,0,0,0,41,0,25,1,5,1,668,0,559,0,0,4,17,0,1,0,718,0,2,0,0,26,0,3,0,0,0,13,7,0,0,0,0,0,20,4,0,0,0,7,7,2,65,7,0,8,0,0,14,0,407,1680,19,0,64,0,0,0,50,38,0,7,0,1,5,0,0,0,0,0,0,0,16,0,0,0,0,0,0,1,0,0,0,0,0,0,0,0,0,34,2,1,0,11,0,0,5,28,138,27,0,76,17,0,0,24,0,0,0,7,0,0,0,10,0,0,549,7,0,3,0,0,0,0,103,1025,0,128,2,0,0,3,12,0,18,0,0,0,4,0,1,0,2,0,0,0,0,0,0,0,885,0,0,0,0,0,0,0,0,1,0,0,0,10,0,0,4,0,0,6,0,0,0,33,0,0,0,0,0,0,0,0,0,0,0,0,0,0,0,0,0,0,0,39,0,0,0,0,0,0,0,0,3,0,0,67,0,1,0,0,0,2,0,0,0,0,0,0,0,0,0,0,0,2,0,20,0,0,0,0,0,3,0,0,0,0,0,0,0,0,0,0,0,0,0,0,49,0,0,0,0,55,4,0,0,0,16,0,0,0,0,0,1,3,0,0,0,0,0,13,0,0,0,0,45,0,1,1,0,370,0,0,2,4,0,0,0,0,0,0,0,0,1,1,0,0,0,14,0,0,0,0,0,31,0,48,0,0,41,1,0,4,0,15,2,0,0,0,1,0,0,0,86,1,4,322,0,0,1,0,0,0,5,0,0,0,4,0,0,0,1,3,0,15,0,0,0,0,0,0,25,2,67,89,3,0,153,0,22,0,5,1,69
TCGA-RC-A6M5_329,0.0410958904109589,0,20,0,4,1,0,1,614,19,26,1,9,30,0,3,64,8,7,46,48,46,1,8,183,5,60,0,13,6,1,0,4,19,0,7,0,71,97,3,1,124,0,12,1416,43,167,447,86,0,13,4,18,0,332,48,0,69,0,11,30,49,0,29,0,8,0,915,0,0,1,0,8,0,13,42,5,16,109,276,0,141,402,8,136,8,0,8,13,9,0,9,26,1,37,15,32,313,2,641,27,0,0,0,4,0,15,23,0,0,0,0,87,0,7,7,56,4,0,7,0,16,0,0,268,0,3,0,3,0,63,0,104,0,0,0,316,0,0,41,0,1,155,4,0,0,0,16,0,0,0,0,7,109,6,0,0,52,0,3,2,0,0,0,64,559,0,6,5,0,0,0,7,0,0,0,55,4,0,31,2342,0,0,233,0,0,76,104,20,803,0,192,0,190,0,0,0,33,0,2,13,0,0,43,0,0,0,142,0,0,1,0,0,0,16,0,0,4,0,0,73,0,0,6,0,1166,6,10,736,0,0,0,0,949,0,0,0,0,0,24,0,87,0,127,497,0,0,9,0,262,3,0,0,1,0,0,0,0,0,8,0,4,140,1,0,131,31,12,0,0,0,0,90,2,0,0,14,0,0,0,37,2,97,0,0,0,0,0,0,5,14,0,0,0,0,0,0,16,9,9,0,272,0,0,0,0,0,0,1,0,0,0,0,0,4,0,3,4,0,0,0,0,8,3,140,164,985,0,38,0,0,0,9,14,0,0,0,0,0,0,0,0,0,0,0,0,1680,0,2,0,0,0,0,43,0,75,0,0,0,0,0,0,25,10,0,61,0,5,0,0,0,26,4,13,0,10,6,3,0,13,0,0,0,0,0,0,0,46,0,0,88,0,0,0,0,0,0,0,61,71,0,15,0,0,0,0,14,0,0,0,0,0,0,0,12,0,0,0,0,0,29,0,0,0,132,0,0,0,0,0,0,2,0,0,0,0,0,0,0,0,0,0,0,10,0,2,0,8,0,0,0,0,0,0,0,0,0,0,0,0,0,0,0,123,0,0,0,0,0,0,0,1,0,0,0,3,0,1,0,1,0,35,0,10,1,0,0,0,0,0,6,0,0,3,0,0,0,0,1,3,0,0,0,0,0,17,0,0,0,0,0,11,0,0,0,0,0,0,0,0,1,0,0,0,15,0,37,0,0,0,82,0,1,0,0,0,86,1,0,0,0,0,0,0,0,0,2,0,36,0,0,0,0,0,0,0,222,95,0,0,0,0,0,0,0,0,0,0,0,0,0,0,0,3,0,0,0,11,0,15,0,0,68,0,0,0,42,0,0,0,0,0,8,2,0,0,396,0,0,0,0,3192,0,0,0,0,0,107,2,0,0,0,0,0,2,0,0,20,0,0,10,9,0,0,0,106,24,0,0,0,1113,0,0,9,0,0,0
TCGA-RC-A6M6_330,0.0246575342465753,0,75,1,2,2,0,2,3,0,10,0,0,3,3,0,5,0,1,1,0,21,0,0,42,0,0,32,8,2,0,0,0,8,0,94,0,1,51,0,0,49,0,0,1,8,1,3,8,2,0,3,0,0,10,0,0,202,0,2,1,0,13,2,0,14,0,12,1,0,5,0,0,4,2,4,0,9,0,127,5,20,13,1,4,0,2,7,5,1,6,10,147,0,8,0,0,2,2,3487,32,14,43,1,0,1,0,3,0,5,12,0,2,7,0,0,28,0,0,9,2,67,1,1,24,1,0,0,0,16,1,9,3,0,1,19,0,0,2,0,0,1,7,1,28,5,0,0,2,6,0,2,45,7,3,1,9,0,12,3,15,1,0,0,34,0,4,1,0,1,0,3,0,29,0,0,28,2,0,4,803,0,0,7,14,4,0,0,0,1,3,6,0,119,0,0,2,6,2,4,0,0,0,169,0,0,6,122,4,1,0,0,0,0,0,2,0,0,1,1,18,18,0,0,0,26,3,0,157,0,0,4,0,291,0,0,1,0,0,0,0,208,4,2,0,0,5,0,0,40,0,0,0,9,7,0,0,9,7,1,33,7,11,67,0,10,41,0,4,0,0,0,23,0,0,0,0,2,0,0,2,0,10,0,0,0,0,0,0,14,63,0,0,0,7,0,0,0,0,21,59,10,2,0,1,0,1,0,9,0,0,1,0,497,0,0,0,0,17,0,0,1,3,4,43,579,1,2,54,0,0,4,8,0,0,0,35,0,0,85,0,0,0,0,179,2,15,0,27,0,0,0,1,0,0,0,0,2,0,0,0,0,0,121,0,0,0,0,0,0,0,42,0,0,0,17,0,0,0,2,0,0,2,0,0,0,0,0,0,0,3,0,0,0,0,0,0,2,0,1,0,7,0,0,0,0,1,0,4,0,0,0,36,3,0,1,0,0,15,0,0,1,0,0,9,0,0,0,0,0,0,0,6,0,0,0,0,0,0,0,12,1,0,0,5,1,0,6,0,0,0,0,0,0,0,1,0,7,0,0,17,0,6,125,0,0,5,0,0,0,1,0,0,0,0,0,2,1,4,1,0,0,0,0,0,0,0,0,10,0,0,0,0,40,0,0,0,0,245,0,3,0,0,0,0,3,0,0,0,0,0,0,13,0,0,0,0,0,0,0,0,0,0,0,0,0,0,0,0,0,0,0,0,0,0,0,0,0,0,0,0,0,0,0,6,0,7,0,0,0,0,0,0,0,0,0,31,28,0,0,0,0,0,0,0,0,0,0,0,0,2,0,5,0,6,0,7,8,0,0,0,0,170,0,0,2,70,10,0,0,0,0,0,13,0,0,2,0,1,0,0,2175,0,0,0,0,0,0,0,0,2,0,0,0,1585,0,22,0,0,0,0,0,0,0,0,0,0,0,0,0,0,0,0,2,0,0,0
TCGA-RC-A7S9_331,1.75342465753425,0,47,0,1,1,0,0,163,0,22,9,6,16,2,8,5,2,5,16,13,100,0,0,58,1,5,0,16,2,0,0,0,19,0,0,0,190,18,0,1,81,0,3,2,281,24,15,11,2,1,7,24,7,197,80,0,4,0,10,26,50,2,8,12,32,0,309,3,0,5,2,0,3,7,36,5,7,26,62,5,86,230,8,45,0,0,31,44,6,4,2,49,4,38,11,21,28,0,1348,21,0,31,0,13,1,10,21,0,21,16,0,52,0,0,9,11,9,0,10,13,52,9,0,176,8,0,0,3,9,6,13,53,10,6,11,17,0,2,10,0,0,168,5,7,0,0,28,2,5,0,9,66,40,7,0,1,15,5,2,2,0,2,1,20,131,12,8,11,2,0,3,0,27,2,0,57,52,0,5,497,0,0,212,2,0,13,29,1,319,0,112,0,885,1,0,0,39,0,4,5,0,0,540,0,0,2,99,2,0,0,0,0,0,24,10,0,7,1,0,33,19,0,49,0,2962,3,5,985,0,0,4,0,1788,0,0,0,0,4,9,2,117,2,83,362,4,1,0,0,41,7,0,0,0,4,15,0,0,2,0,0,0,474,24,0,59,79,23,6,0,0,0,0,5,8,0,2,5,0,0,402,0,559,0,0,0,0,0,1,5,182,0,0,0,0,11,0,6,0,20,23,54,14,0,7,0,0,0,0,0,0,0,0,19,2,0,26,3,2,0,2,0,16,0,120,149,9,0,47,0,0,0,13,0,0,0,16,0,0,91,0,3,12,3,2,33,202,1,1,0,0,0,0,0,0,3,0,0,0,0,0,0,2,42,0,44,0,0,0,0,2,69,0,16,0,0,0,0,0,26,0,0,0,0,0,0,0,7,0,0,189,0,0,3,8,0,0,0,5,1223,0,104,0,3,0,1,31,56,0,0,0,0,0,4,1,5,0,0,0,0,0,4,0,5,48,0,0,0,0,0,0,0,0,0,0,6,0,0,0,0,19,0,0,169,0,5,0,45,0,0,0,0,0,0,0,4,0,21,0,0,18,0,0,628,0,0,2,0,0,0,0,0,0,0,1,0,0,0,44,0,0,4,0,2,0,16,0,0,0,0,8,0,0,80,0,0,0,11,0,9,0,0,0,0,8,6,0,0,0,0,0,0,0,0,0,0,0,0,0,0,13,0,0,0,0,0,39,0,0,0,0,0,2,0,0,8,0,0,0,15,0,0,0,0,0,0,11,0,0,2,0,0,0,0,0,0,0,1,0,0,0,0,0,0,0,18,0,0,0,2,0,7,0,5,0,0,0,0,0,0,1,0,396,0,0,15,718,16,0,0,0,0,3,53,0,0,4,0,1,0,0,0,0,0,0,6,0,0,16,0,6,0,0,0,332,0,0,2,0,0,0,1166,0,0,0,0,26,0,0,3,0,0,0,8,0,0,1
TCGA-RC-A7SB_332,1.61095890410959,0,53,1,2,2,0,0,250,183,61,459,46,48,70,19,18,16,31,28,40,34,7,52,505,29,1223,668,49,27,12,6,24,21,10,45,135,366,85,62,15,167,15,12,531,48,40,36,47,0,30,33,358,5,265,89,0,82,30,53,47,50,2,16,54,33,29,95,0,6,0,6,223,0,42,78,5,20,69,196,0,146,829,225,17,2,0,41,55,6,0,11,75,2,87,15,40,370,5,579,38,177,8,0,26,0,24,181,0,3,36,6,10,24,13,5,141,52,2,18,0,20,0,0,72,0,3,0,6,1,207,0,2,25,0,2,281,1,0,28,1,2,1585,10,2,1,0,259,0,0,27,26,87,220,130,0,0,10,0,24,0,0,0,1,80,286,0,6,2,0,2,0,29,5,3,0,85,62,1,30,803,0,0,549,0,0,164,52,0,514,0,84,5,3192,1,2,0,19,0,0,16,0,0,5426,9,0,1,402,1,0,1,0,0,7,19,1,5,3,0,0,38,6,0,7,0,2530,83,2,540,0,1,3,0,6589,24,0,0,0,0,7,3,147,117,122,316,0,1,3,0,0,15,0,0,0,0,0,0,0,2,7,0,2,112,0,0,160,291,7,1,0,10,0,45,0,29,0,2,0,10,0,2962,108,1113,0,0,2,6,0,2,0,134,0,0,0,0,22,0,74,0,41,1,41,7,0,0,0,0,3,3,4,9,0,0,0,3,0,208,1,0,2,25,0,0,0,215,701,949,0,34,2,0,0,64,8,0,9,0,4,4,0,0,0,1,0,12,1,614,0,0,0,0,3,0,11,0,20,0,0,0,0,0,0,2,4,4,19,0,0,0,0,2,78,20,6,0,0,24,0,0,11,0,0,0,1,1,0,0,1,0,0,142,36,0,6,0,0,0,0,8,653,0,133,0,0,0,2,26,0,15,0,1348,0,1,0,6,0,0,0,0,0,0,2,0,0,128,0,0,0,0,0,3,1,0,0,0,0,0,0,0,0,0,7,0,5,0,5,0,4,0,0,0,0,6,0,0,0,0,0,0,0,98,0,0,0,0,0,0,63,5,0,0,1,0,0,0,40,7,0,0,9,0,0,0,6,0,18,0,0,0,0,0,0,0,6,0,16,13,6,4,54,0,0,0,0,1,0,0,12,0,1,0,0,0,0,0,0,0,1,0,34,1,1,0,0,0,211,6,0,0,0,19,0,0,0,0,0,17,5,0,2,0,0,0,0,0,0,0,21,5,0,0,0,0,0,0,2,9,17,0,10,1,0,0,0,0,0,27,0,0,0,0,155,0,5,5,0,0,3,0,2,0,0,0,0,0,0,2,0,0,0,0,0,7,5,0,0,64,2,0,1,0,0,7,0,0,0,0,0,0,0,0,1,0,0,13,0,0,0,10,0,0,0,0,0,151,7,0,2,0,0,73,0,6,1,0,0,0
TCGA-RC-A7SF_333,1.58630136986301,0,66,1,1,1,0,0,79,19,56,96,26,6,5,21,14,49,6,33,26,66,2,53,135,12,86,736,30,18,12,8,5,2,17,283,44,235,236,47,21,107,13,6,142,115,39,3,9,0,8,10,106,4,474,46,0,11,9,6,65,41,1,21,28,33,8,205,0,15,0,9,175,0,44,125,5,33,12,225,1,79,167,105,20,8,0,293,26,11,0,21,286,0,74,38,88,325,7,885,52,18,11,0,12,0,5,145,0,6,40,2,21,30,8,14,87,151,3,18,0,270,6,0,108,0,1,2,5,2,81,3,177,4,1,3,11,0,0,26,3,3,212,14,3,1,0,55,1,0,1,80,168,134,78,0,0,16,0,41,0,0,0,1,78,602,1,8,9,0,3,0,12,11,42,0,98,193,2,47,949,0,0,288,4,0,45,44,31,223,0,157,2,1680,5,0,0,50,0,1,8,0,0,1495,14,0,2,304,2,0,1,0,0,1,7,0,0,18,0,0,26,7,0,77,0,1585,12,0,396,0,0,0,0,1902,31,0,0,0,0,6,6,146,89,137,76,0,0,0,0,0,15,0,0,0,0,0,0,0,0,0,0,3,211,39,0,140,187,3,0,1,3,0,17,4,31,0,50,1,8,0,1113,53,402,0,0,8,0,0,1,4,481,0,0,0,0,0,0,41,0,7,0,185,4,0,0,0,0,0,2,0,0,0,0,3,0,8,58,2,0,2,58,0,17,0,100,489,392,1,45,0,0,0,38,0,0,0,0,0,0,0,0,0,22,0,10,3,379,0,1,0,0,0,0,0,0,32,0,0,0,0,0,0,4,19,0,34,0,0,0,0,11,62,16,0,0,19,17,0,0,64,0,0,0,0,0,0,0,5,0,0,180,0,0,2,0,0,0,0,0,559,0,91,0,0,1,0,60,0,4,0,383,0,0,8,0,0,0,0,0,0,0,0,0,0,100,0,0,0,0,0,0,0,0,0,0,0,0,0,0,0,3,18,0,99,0,0,0,20,0,0,0,0,0,0,0,0,0,0,0,0,0,0,0,7,0,0,0,1025,0,0,0,1,0,0,0,1,5,0,0,15,0,8,0,0,0,8,0,0,0,0,14,0,0,169,0,53,0,0,0,8,0,0,0,0,0,0,0,0,0,0,0,0,0,3,0,0,0,0,0,0,779,1,0,0,0,35,5,0,0,0,1,0,0,0,0,0,7,0,0,1,0,0,2,0,0,0,0,0,2,4,0,0,2,0,0,0,161,12,0,5,0,0,0,0,0,0,0,0,0,0,0,18,0,0,0,0,0,68,0,0,0,0,118,0,0,19,0,0,0,0,0,0,4,0,0,0,11,0,0,0,0,0,0,1,0,0,0,0,20,0,0,0,0,0,179,0,0,2,0,0,0,0,0,0,18,0,10,0,0,0,1,0,0,5,0,0,0
TCGA-RC-A7SH_334,1.28219178082192,0,42,1,2,2,0,0,3,0,14,42,11,0,0,2,4,7,0,3,1,18,0,3,58,0,0,1,8,2,2,0,1,0,5,6,0,12,65,0,0,9,2,0,1,23,2,0,29,4,0,0,0,1,80,0,2,3,9,0,18,0,15,4,45,2,8,0,0,0,0,0,0,0,1,17,0,1,45,119,3,0,13,0,0,4,3,12,0,0,1,1,2,0,57,4,8,0,25,3835,26,0,12,0,3,0,0,3,1,21,0,6,15,0,0,0,7,0,0,3,2,6,0,0,41,2,0,4,2,4,37,13,0,2,4,2,6,0,2,12,0,0,89,3,6,0,0,177,1,2,0,21,1,54,8,1,0,0,0,0,11,1,0,0,62,329,1,0,0,0,0,3,0,31,0,0,9,0,2,49,60,0,0,92,5,2,26,17,3,18,0,172,0,803,0,0,0,6,0,4,0,0,0,614,1,0,1,52,3,0,2,0,0,0,10,2,0,4,0,0,6,11,0,1,0,579,29,0,246,0,0,2,0,6589,0,0,0,1,0,0,2,90,9,29,45,1,1,0,0,11,7,0,0,0,2,0,0,0,0,0,3,2,225,3,0,14,119,3,2,0,0,0,383,1,22,0,5,0,0,0,252,0,481,0,0,2,0,0,1,10,27,0,0,0,0,10,1,3,0,0,0,1,15,0,0,0,2,4,0,0,0,0,0,80,0,2,79,0,0,0,1,0,0,59,58,13,14,0,0,0,0,3,15,0,0,21,0,0,0,0,0,0,0,2,55,0,222,0,8,0,0,0,0,0,0,22,0,0,0,0,0,0,6,54,0,0,0,0,0,0,0,38,0,0,0,0,0,0,0,0,0,0,0,0,0,0,0,3,0,7,73,0,0,0,1,0,0,2,4,0,0,15,0,2,0,0,11,127,0,0,4,0,16,0,0,0,0,0,0,0,0,2,0,0,0,0,0,0,0,0,0,0,0,0,0,0,0,0,0,0,5,15,0,8,0,6,0,0,0,0,0,0,0,0,0,0,0,42,0,0,276,0,0,75,6,0,0,5,0,0,0,0,0,0,48,0,1,0,0,0,0,0,1,0,0,4,0,0,0,0,4,0,0,540,0,0,1,0,111,0,0,0,0,0,5,13,0,0,0,0,0,4,0,0,0,0,0,0,0,0,9,0,0,0,0,43,5,0,0,0,0,0,1,0,0,0,0,0,0,0,0,0,0,0,0,0,9,0,1,0,0,1,0,0,0,0,1,4,0,10,0,0,0,0,2,0,0,0,0,0,0,3,0,8,0,0,0,19,0,0,0,0,412,0,0,32,0,12,0,0,0,0,0,0,0,0,1,0,0,0,0,0,0,2,2,1,0,0,0,0,0,0,0,0,27,0,31,0,0,0,0,1,0,0,0,0,0,0,0,0,0,0,0,1,0,0,0
TCGA-RC-A7SK_335,1.29315068493151,0,59,1,1,1,0,0,602,75,117,250,34,36,21,37,46,23,31,65,166,31,4,62,190,8,48,668,154,45,15,0,33,13,1,36,7,459,178,67,16,42,29,2,590,155,17,11,33,1,7,10,90,3,531,116,0,105,35,10,36,18,0,19,145,48,21,177,0,10,0,16,125,0,101,29,0,58,25,105,0,283,196,11,21,5,0,50,36,18,0,35,81,0,121,29,12,77,1,313,59,25,6,0,15,0,24,143,0,2,40,11,50,20,19,39,316,8,0,17,0,383,0,0,79,0,0,1,5,1,19,0,55,20,0,1,231,0,0,25,0,4,157,7,1,1,0,35,0,1,7,28,228,91,133,0,0,10,0,51,1,0,0,1,58,718,0,6,5,0,2,1,18,2,2,0,85,64,4,25,440,0,0,354,7,0,54,39,1,949,0,111,2,5426,2,0,0,19,0,0,25,0,0,3835,16,0,0,296,0,0,2,0,0,0,64,0,0,12,1,0,36,3,3,177,0,1071,43,10,481,1,0,1,0,2530,15,0,0,0,0,8,2,346,54,106,0,0,0,0,0,0,16,0,0,0,0,0,0,1,0,0,0,3,123,10,0,68,299,2,0,0,0,0,15,0,24,0,14,0,5,0,1585,0,756,0,0,0,11,0,6,1,505,0,1,0,0,0,0,14,0,22,0,141,0,0,0,0,0,0,5,1,3,0,0,0,0,11,145,0,0,48,0,0,28,0,90,1025,2,0,24,0,0,0,85,6,0,1,0,2,3,0,0,0,1,0,0,0,342,0,0,0,0,0,0,0,0,0,0,0,0,0,0,0,0,9,0,74,0,0,0,0,7,46,34,5,0,16,1680,0,0,12,0,0,0,0,0,0,0,6,0,0,304,43,0,2,0,0,0,0,2,2962,0,467,0,0,0,5,54,0,57,0,88,0,0,0,1,0,0,0,0,0,0,0,0,0,109,0,0,0,0,0,0,0,0,0,2,0,0,0,0,0,4,0,0,12,0,0,0,6,0,0,0,0,0,0,0,0,0,17,0,0,0,0,0,1,0,0,0,8,0,0,0,0,0,0,2,7,7,0,0,20,0,0,0,1,0,40,0,0,0,0,4,0,0,40,0,4,5,19,0,8,0,0,0,0,101,0,0,0,0,0,0,0,0,0,0,0,0,0,0,0,47,6,0,0,0,14,2,0,0,0,4,0,0,0,0,0,0,0,0,0,0,0,0,0,0,0,3,0,5,0,0,0,0,0,0,0,0,21,0,8,0,0,0,0,0,0,22,0,0,0,0,12,0,0,0,0,0,5,0,0,1,0,138,0,0,0,0,0,0,0,0,0,4,0,0,0,25,0,0,5,0,0,0,1,0,0,0,2,0,0,0,0,0,0,1,0,0,7,0,0,0,0,0,0,302,0,0,0,0,0,2,0,0,0,0,0,0
TCGA-UB-A7MA_336,2.32328767123288,0,62,0,2,2,0,0,0,0,7,0,0,2,0,0,1,0,0,0,1,0,1,3,12,0,0,40,7,0,3,0,0,0,0,3,0,146,11,0,0,3,0,16,0,62,3,0,3,1,0,0,0,0,1,0,2,4,3,5,4,4,15,15,0,0,0,4,6,0,7,0,0,1,8,7,0,0,29,45,16,34,15,0,0,0,0,0,0,0,3,4,5,0,11,0,0,37,38,3487,6,0,18,0,0,0,4,2,1,29,1,6,1,32,2,0,11,0,0,1,9,0,14,2,9,1,0,2,3,9,0,16,43,0,5,8,0,0,1,0,0,5,64,0,8,1,0,50,3,7,2,0,21,0,9,0,0,0,4,0,8,0,0,0,28,114,1,2,0,7,0,1,0,15,0,0,2,0,0,63,44,1,0,1,6,0,0,33,0,0,2,19,0,88,0,0,1,11,0,6,0,0,0,195,0,0,2,44,3,0,0,15,0,0,0,1,0,0,0,0,3,46,0,4,0,2962,33,0,329,0,0,1,0,628,0,0,0,0,0,12,0,51,41,37,0,4,1,0,1,1,4,0,5,8,2,0,0,1,4,0,6,0,339,13,0,5,68,0,9,0,0,0,189,2,7,0,1,1,0,0,62,0,140,0,4,0,0,0,0,0,59,0,0,0,0,0,0,3,0,0,0,0,19,0,0,0,0,0,0,0,0,1,0,8,0,0,0,0,0,0,0,0,0,52,32,23,0,0,6,0,0,56,26,0,0,0,0,0,0,0,0,0,0,4,208,1,2,0,7,0,8,0,0,0,0,0,0,3,0,0,0,0,0,49,0,11,1,0,0,0,0,0,0,0,0,0,0,0,0,0,0,0,2,0,0,16,0,0,0,132,33,0,0,0,0,0,0,0,0,14,0,2,0,0,0,0,4,0,0,0,8,0,0,2,0,2,0,0,0,0,0,0,0,3,159,0,6,0,0,0,0,0,0,38,0,0,0,0,0,0,9,0,0,9,0,13,0,0,0,0,0,0,0,0,0,0,0,0,0,0,0,0,1,15,4,0,0,0,0,0,0,0,0,0,20,0,0,9,0,8,0,0,0,0,0,0,2,0,0,0,8,2,8,11,0,0,1,0,60,0,0,0,1,0,0,29,0,0,0,0,4,0,0,0,0,0,0,0,0,0,90,0,0,0,1,0,7,0,0,0,0,0,8,0,0,0,0,0,0,4,0,0,0,0,4,0,3,0,0,0,0,0,0,0,0,0,0,2027,0,0,0,0,0,0,1,0,0,0,0,0,0,0,2,0,60,1,0,0,1,1,0,0,255,0,0,35,0,0,0,0,0,0,12,0,0,0,4,0,0,0,0,0,0,0,0,0,0,0,0,0,0,0,0,0,885,0,0,196,0,0,4,0,0,0,2,0,0,0,0,0,0,0,0,0,0,0,0
TCGA-UB-A7MB_337,1.64657534246575,0,24,1,2,2,2,2,335,213,143,116,20,21,20,18,8,43,18,59,26,138,9,6,61,8,362,433,48,18,9,3,16,3,24,63,95,299,54,40,5,43,21,32,55,117,225,14,46,0,19,6,173,4,628,37,0,155,10,9,132,66,15,8,53,31,31,131,0,12,1,9,144,0,11,87,9,7,467,291,3,407,329,736,42,0,1,38,23,3,2,21,202,14,103,10,10,514,4,235,29,1680,17,1,31,2,4,119,2,14,4,2,18,92,19,8,35,71,7,1,0,59,0,2,52,1,11,0,39,7,46,12,40,3,5,18,262,0,6,16,0,3,1788,14,9,0,0,145,2,9,18,38,44,73,40,1,0,28,3,41,0,0,0,0,130,233,1,8,14,2,2,3,47,8,2,0,38,44,1,307,474,2,0,163,0,0,51,40,4,91,2,180,2,3487,0,0,1,36,2,5,2,3,0,3192,24,0,5,185,8,0,3,0,0,2,4,4,10,28,0,0,2,43,0,5,0,3835,40,5,110,0,1,3,0,9068,35,0,1,0,0,7,2,95,80,85,481,0,6,4,0,0,11,0,0,0,11,0,0,0,4,0,0,20,559,0,0,87,346,11,2,0,19,0,51,3,32,0,0,1,2,2,949,58,779,0,0,4,5,0,2,0,241,0,0,0,0,67,0,15,0,0,0,83,0,0,0,0,0,4,0,5,0,0,0,1,0,0,5,2,0,0,5,0,9,0,58,370,602,0,53,12,0,0,42,2,0,3,0,2,0,0,0,0,0,0,4,0,549,0,0,0,0,0,0,28,0,38,0,0,0,1,0,0,0,14,1,28,1,0,0,0,4,9,0,0,0,2,293,0,0,2,0,1,0,0,0,0,0,4,0,0,422,2,0,6,0,0,0,0,9,701,0,108,0,0,0,2,183,0,3,0,417,2,0,0,0,0,0,0,0,0,0,0,0,0,43,0,0,0,0,0,1,13,0,0,0,0,0,4,0,0,1,85,0,5,0,1,0,8,0,0,0,0,0,0,0,0,0,0,0,0,35,0,0,0,0,0,0,143,0,0,0,2,0,5,0,77,1,0,0,63,0,0,0,0,0,2,0,1,0,0,0,0,0,0,0,9,1,18,0,0,0,0,0,0,0,0,0,100,0,0,0,0,0,0,0,0,0,0,0,0,6,0,4,0,0,286,8,0,0,0,5,0,0,0,0,0,16,5,0,2,0,0,1,0,0,14,0,55,1,2,0,0,6,0,0,0,52,17,0,0,0,0,0,0,0,0,0,0,0,0,0,0,0,0,0,0,0,8,0,0,0,0,92,0,0,0,0,0,0,0,0,1,45,0,0,0,1,5,24,0,1,0,0,0,0,0,0,0,99,0,0,3,0,0,37,0,0,33,36,0,0,0,0,0,90,0,0,2,0,0,0,0,4,0,0,0,22
TCGA-UB-A7MC_338,1.36986301369863,0,59,1,3,3,2,0,286,107,44,30,53,29,8,4,29,40,7,29,163,67,6,42,313,12,350,7,151,26,4,10,15,14,15,74,0,250,116,17,27,45,21,1,75,0,5,32,12,0,0,8,1,6,179,109,0,18,26,18,63,67,10,5,14,49,8,112,0,11,0,13,531,0,48,21,0,62,66,474,2,207,370,91,20,26,0,29,39,6,0,15,58,0,101,27,30,602,0,171,62,4215,6,0,1,1,14,47,0,5,0,11,83,9,2,7,97,28,0,18,1,93,0,0,57,2,4,0,1,0,0,7,433,0,1,1,362,0,2,25,1,2,182,2,4,1,0,268,1,6,2,13,8,188,26,0,0,35,0,236,0,0,0,2,62,614,6,2,1,0,2,1,1,6,6,0,55,34,5,31,590,0,0,203,1,0,103,7,6,1,0,14,0,1680,0,0,2,2,0,4,4,0,0,505,2,0,1,407,2,0,0,0,0,0,215,2,0,8,0,0,7,22,0,1,0,489,1,36,329,1,0,2,0,3487,0,0,0,0,0,1,1,114,23,24,885,0,2,6,2,0,4,0,0,0,5,0,0,0,1,13,0,9,190,0,0,138,354,6,0,0,2,0,0,0,16,0,1,3,0,0,77,4,628,0,0,0,4,0,3,0,255,0,2,0,0,0,0,7,0,1,0,0,0,0,0,0,0,1,9,0,7,0,0,0,8,0,14,0,0,21,0,0,0,0,120,1585,18,0,39,0,0,0,11,2,0,2,0,4,2,0,0,0,0,0,0,0,127,0,2,0,0,0,0,0,0,4,0,0,0,0,0,0,0,15,0,16,1,20,0,0,0,1,111,1,0,12,668,0,0,0,0,0,0,4,0,0,0,0,0,0,147,0,0,1,0,0,0,0,21,1113,0,107,0,0,0,4,0,0,0,0,0,0,0,0,2,0,0,1,0,0,0,0,0,0,569,0,0,0,1,0,0,0,0,0,0,0,0,2,0,0,4,0,0,11,0,8,0,84,0,0,1,0,0,0,0,0,0,0,0,0,0,0,0,16,0,0,0,0,0,0,0,0,0,0,0,0,0,0,0,8,0,31,0,0,0,0,0,0,0,0,0,0,0,0,0,0,0,0,5,0,0,0,0,0,0,0,0,0,1,0,0,0,0,0,1,0,0,0,0,0,2,2,0,0,0,89,1,0,0,0,718,0,0,0,0,0,0,1,0,0,0,0,0,0,0,0,0,0,641,0,0,0,0,4,0,0,0,6,0,0,0,0,0,0,0,0,0,0,0,0,0,0,0,0,0,0,0,0,0,173,0,0,75,0,0,0,0,6,0,0,0,0,0,0,0,0,3192,11,0,123,0,0,0,0,0,0,4,0,0,0,0,0,0,0,228,0,0,0,0,0,4,0,0,0,14,3835,0,41,0,0,29064,0,0,0,16,5,0
TCGA-UB-A7MD_339,0.142465753424658,1,67,1,1,1,2,0,125,48,53,6,35,23,26,11,26,11,26,23,88,10,4,40,417,9,653,80,126,25,5,5,23,7,7,115,13,104,79,20,21,140,16,13,350,25,19,59,21,0,9,5,37,5,248,44,0,28,6,12,7,29,2,5,24,15,9,166,0,9,0,4,453,0,28,87,5,46,142,157,0,129,489,79,36,3,0,21,17,2,0,12,440,0,68,22,63,628,0,447,53,332,6,0,2,0,4,64,0,3,3,3,16,68,4,2,497,23,0,13,9,362,0,0,63,0,2,0,0,0,25,0,72,4,0,4,885,0,0,33,8,1,164,8,1,0,0,58,0,0,3,5,24,86,54,0,0,18,0,98,0,0,0,0,50,296,1,8,2,0,0,1,6,1,1,0,25,30,2,74,1416,0,0,156,0,0,91,11,8,100,0,62,1,1788,1,1,0,6,0,0,79,0,0,2027,1,0,0,299,0,0,0,0,0,0,23,0,2,1,0,0,14,6,1,16,0,459,0,21,718,0,0,1,0,3192,4,0,0,0,0,0,0,92,24,28,157,0,0,0,0,0,2,0,0,0,1,0,0,0,0,16,0,2,55,1,0,75,191,1,0,0,0,0,0,0,13,0,4,0,2,0,307,4,407,0,0,2,4,0,0,0,366,0,0,0,0,19,0,322,0,10,0,17,2,0,0,0,0,0,17,2,5,0,0,1,6,23,7,14,0,4,4,0,0,0,278,3487,4752,1,50,0,0,0,16,11,0,9,0,3,3,0,0,0,0,0,43,1,177,0,9,0,0,0,0,1,0,16,0,0,0,0,0,0,0,21,1,3,0,12,0,0,0,51,67,0,0,15,354,0,0,13,0,0,0,5,0,0,0,5,0,0,67,0,0,0,0,0,0,0,6,176,0,1,0,0,0,0,7,0,13,0,0,0,0,4,5,0,0,0,2,0,0,0,0,0,335,0,0,0,0,0,0,1,0,0,0,0,0,0,0,0,0,0,0,5,0,0,0,50,0,0,0,0,1,0,0,0,0,0,0,0,0,0,0,402,0,0,0,6,0,0,0,2,0,0,1,0,0,0,0,38,0,0,0,0,0,25,0,0,0,0,0,0,0,48,0,0,0,21,0,3,6,0,0,0,0,0,0,0,0,0,0,0,0,0,0,0,0,0,0,0,8,2,0,0,0,196,1,0,0,0,72,0,0,0,0,0,108,0,0,0,0,0,0,0,0,0,0,0,26,0,0,0,0,18,0,3,175,2530,0,5,0,0,0,0,0,0,0,3,0,0,0,58,0,0,0,0,0,11,0,45,0,0,5,0,0,0,0,9,1,0,0,0,1,1,0,0,199,16,0,32,0,0,0,1,0,0,0,11,0,0,0,0,0,0,206,0,0,0,0,0,4,0,0,0,29,11,0,81,3,18,412,0,120,0,2,137,30
TCGA-UB-A7ME_340,1.33150684931507,0,51,1,1,1,2,2,13,4,85,148,17,10,2,6,9,24,0,19,96,31,0,9,70,2,8,272,33,2,0,0,14,0,5,5,11,514,192,0,7,47,1,0,10,158,20,1,20,2,0,8,4,0,132,12,0,31,3,0,16,35,8,10,17,14,3,33,0,1,0,0,29,0,29,35,0,2,51,61,1,132,40,1,4,0,0,18,24,2,0,41,26,0,67,8,6,34,6,1680,40,17,7,0,4,1,0,44,0,12,66,5,20,10,14,12,80,69,0,9,1,157,2,0,138,0,0,7,0,4,50,3,51,14,1,6,26,0,0,20,0,0,62,19,2,0,0,51,1,2,0,32,163,123,17,0,3,0,2,0,13,0,0,0,65,55,2,12,1,0,0,1,0,7,0,0,42,59,1,18,549,0,0,12,2,1,17,9,1,0,0,121,0,3192,0,3,0,7,0,0,15,0,0,2027,1,0,0,150,0,0,0,0,0,0,38,0,0,4,0,0,18,10,0,10,0,829,8,1,856,0,0,0,0,2530,0,0,0,1,1,2,0,155,51,129,2,0,0,0,0,2,7,0,0,0,0,0,0,0,0,2,4,0,259,8,0,152,248,0,0,0,0,0,39,4,65,0,12,0,0,0,1282,6,505,0,0,0,0,0,2,8,392,0,0,0,0,9,1,0,0,0,0,15,16,0,0,0,0,1,1,0,0,0,0,201,0,4,358,0,0,2,21,4,3,2,299,286,34,11,10,0,0,0,38,0,0,4,0,0,0,0,0,0,0,3,9,0,177,0,6,0,0,0,0,0,0,3,0,1,0,0,0,0,0,354,0,9,0,0,0,0,1,134,0,13,0,0,33,0,0,10,0,0,0,0,0,8,2,0,0,0,111,0,0,0,0,0,0,0,23,213,0,61,0,0,0,0,68,0,13,0,32,0,3,0,0,0,9,0,0,0,0,0,0,0,2,0,1,0,0,0,0,0,0,0,0,0,0,0,0,1,15,0,0,20,0,6,0,6,4,0,0,0,0,0,0,0,0,17,0,0,41,0,1,2,0,0,0,2,0,0,0,0,6,0,12,0,11,0,0,0,0,0,4,0,0,0,0,0,0,0,17,0,0,118,0,3,12,0,137,0,0,0,0,0,1,4,0,0,0,0,0,0,0,0,0,0,0,0,0,0,146,0,0,0,0,82,0,0,0,0,0,0,0,0,0,0,0,0,0,0,0,0,0,0,0,0,4,0,1,0,0,0,0,0,0,0,3,5,0,0,0,0,0,0,0,87,1,0,0,3,0,9,0,7,27,0,0,49,0,0,2,0,1166,0,0,0,0,0,0,0,0,0,0,0,0,0,15,0,0,1,0,0,0,0,36,1,0,14,0,0,0,0,0,0,6,0,25,0,0,0,0,0,0,0,0,0,11,0,0,6,8,0,0,3,0,0,4
TCGA-UB-A7MF_341,0.586301369863014,1,56,1,3,3,2,2,27,0,38,2,2,14,8,0,10,0,0,3,9,16,0,9,40,2,0,1,9,1,0,0,0,1,0,5,0,104,33,0,0,32,1,12,36,78,14,14,11,0,0,8,4,0,140,29,0,3,0,1,9,22,7,14,4,15,0,88,0,2,0,3,1,0,18,73,12,10,26,90,4,85,59,17,24,0,1,0,10,3,4,14,102,1,55,52,4,73,0,1223,16,0,16,0,19,1,7,0,0,15,9,0,18,0,12,8,17,25,0,7,0,80,6,0,97,1,0,0,4,8,7,9,0,0,0,11,6,0,0,11,0,0,120,25,6,0,0,0,1,5,0,0,48,41,20,0,1,0,3,6,0,0,0,0,46,6,4,1,4,0,0,1,3,17,0,0,59,5,0,31,412,0,0,313,4,1,29,0,0,65,0,75,0,803,0,0,0,2,0,3,0,0,0,115,18,0,0,104,3,0,0,0,0,0,12,0,0,8,0,1,12,17,0,0,2,1166,0,13,362,0,0,2,0,3487,0,0,0,0,0,0,0,20,0,40,481,3,1,0,0,0,4,0,1,0,5,0,0,0,0,0,0,0,217,3,0,19,1,8,2,0,0,0,131,14,6,0,1,2,0,0,114,0,402,0,2,0,5,0,0,8,288,0,0,0,0,10,0,3,0,24,0,146,0,0,2,0,0,0,0,0,0,0,0,387,1,2,1,0,0,0,0,0,11,0,78,293,16,2,20,0,0,58,40,0,0,0,0,0,0,0,0,0,1,1,0,1,54,0,1,0,4,0,0,0,0,0,0,0,0,0,0,0,0,225,0,18,0,0,0,0,2,45,0,11,0,0,245,0,0,6,0,0,2,0,0,0,0,3,0,0,188,7,0,2,0,0,0,0,0,1902,0,7,0,1,0,0,125,0,0,0,0,1,5,0,0,0,0,0,3,0,0,1,0,0,76,0,0,0,0,0,0,0,0,0,0,0,0,0,0,0,1,0,0,43,0,0,0,0,0,0,0,0,0,0,0,0,0,0,0,0,0,0,0,304,27,0,4,0,0,0,0,6,0,0,0,1,0,0,4,0,0,2,0,0,0,15,0,0,0,0,0,0,5,21,0,0,0,1,0,0,0,0,0,0,0,0,0,0,0,0,0,4,0,0,0,0,0,0,0,0,0,0,0,0,0,18,39,0,0,0,0,0,10,0,0,10,0,0,0,6,0,0,0,0,0,0,0,0,0,0,0,0,0,0,0,0,0,42,0,0,1,0,0,0,2,0,0,0,0,3,0,1,0,0,0,0,0,12,0,0,0,0,684,0,0,0,0,0,0,0,0,0,0,0,0,0,2,0,0,0,0,0,0,0,0,4,0,0,56,0,0,0,0,0,0,0,0,235,0,0,1,0,0,0,0,0,1,0,0,120,2,0,0,3,0,0,4
TCGA-UB-AA0U_342,0.895890410958904,0,60,1,2,2,2,2,60,34,57,49,15,23,15,16,16,38,35,66,53,117,0,21,162,4,59,296,35,14,3,2,14,0,4,27,46,354,255,10,14,106,3,12,81,250,30,6,7,1,29,8,29,1,293,55,0,23,2,21,34,63,6,14,21,12,9,44,2,2,1,4,110,0,20,189,12,12,31,129,1,154,239,21,9,1,0,25,19,6,2,10,118,1,125,9,81,134,0,628,27,140,5,0,12,0,15,112,1,7,26,0,5,38,10,11,92,118,0,7,0,101,2,0,288,2,0,2,16,2,31,7,65,10,0,5,211,0,0,16,0,0,428,2,4,0,0,149,0,4,0,21,93,56,60,0,2,5,2,3,0,0,0,0,131,379,3,5,12,0,0,0,13,5,8,0,44,83,0,20,1788,0,0,212,2,0,64,43,6,49,0,97,0,2175,0,0,0,7,0,1,4,0,0,1282,6,0,1,119,2,0,2,0,0,0,22,0,0,13,0,0,12,22,0,70,2,949,21,3,915,0,0,0,0,1902,11,0,0,0,0,11,0,141,122,281,41,2,0,0,0,3,9,0,0,0,1,0,0,0,2,0,0,3,143,8,0,73,335,0,1,0,1,0,17,1,47,0,9,2,3,0,569,36,522,0,0,11,2,0,2,5,383,0,0,0,0,78,0,241,0,4,0,31,4,0,0,0,0,0,0,6,0,0,0,1,0,1,84,0,0,0,12,0,1,2,194,362,514,0,33,1,0,7,34,7,0,0,0,0,0,0,0,0,2,0,24,0,128,0,0,0,0,0,0,6,0,3,0,0,0,2,0,0,3,34,0,4,0,0,0,0,1,81,4,3,0,18,12,1,0,36,0,0,2,0,0,0,0,2,0,0,166,7,0,6,3,0,0,0,18,756,0,20,0,0,0,0,263,0,3,0,42,0,0,0,6,0,0,0,0,0,0,0,0,0,167,0,0,0,0,0,0,0,0,3,1,0,0,0,0,0,5,8,0,74,0,0,0,15,0,0,0,0,6,0,0,0,0,9,0,0,0,0,0,0,0,0,0,39,0,0,0,0,0,0,0,0,3,0,0,8,0,0,0,0,0,370,0,0,0,0,9,0,0,64,0,0,4,0,0,1,0,0,0,0,46,0,0,0,0,0,0,0,0,0,0,0,0,0,0,0,19,0,0,9,0,36,11,0,0,0,6,0,0,0,0,0,17,1,0,7,0,0,0,0,0,0,2,0,6,0,0,0,15,0,0,4,91,15,0,2,0,0,0,0,0,0,15,0,0,0,0,20,0,0,0,0,0,45,0,3,16,0,366,0,0,42,0,0,0,0,0,0,0,0,1,0,44,0,0,23,0,0,0,0,0,0,0,48,9,0,0,0,0,0,117,0,0,0,0,0,0,0,0,0,1,8,8,6,0,3,36,0,0,3,0,0,0
TCGA-WJ-A86L_343,0.945205479452055,0,68,0,1,1,2,2,53,387,35,40,6,14,19,10,6,46,12,39,12,38,3,45,68,16,215,614,71,14,2,4,21,0,6,12,248,316,114,13,4,107,4,27,177,94,8,2,23,0,79,17,153,1,299,1,0,2,7,23,29,49,4,36,63,11,19,0,0,13,2,4,43,0,78,641,6,8,70,105,0,49,83,10,1,6,0,1,12,1,0,0,119,5,173,23,28,14,0,453,68,0,3,0,9,0,1,64,0,3,4,1,5,27,7,1,125,200,1,5,0,47,0,0,185,0,6,0,27,1,122,1,51,20,1,3,45,0,0,27,0,4,177,6,5,0,0,59,1,0,0,13,11,2,56,0,0,3,0,0,1,0,0,0,103,168,1,1,4,0,1,1,57,4,2,0,19,137,0,10,2027,0,0,225,0,0,92,53,14,0,0,176,0,779,0,0,0,28,0,0,2,1,0,2962,48,0,0,199,2,0,1,0,0,0,6,0,11,8,0,0,8,7,0,11,1,3192,8,2,569,0,0,0,0,9068,2,0,0,0,0,7,10,0,39,447,71,0,0,0,0,0,10,0,0,0,1,0,0,0,0,0,0,1,22,0,0,53,207,0,1,0,1,0,79,3,172,0,1,1,11,0,736,134,803,0,0,6,0,0,7,0,117,0,0,0,0,20,0,27,0,9,0,40,0,0,0,0,0,3,0,12,0,0,0,3,0,0,42,3,0,0,5,0,1,7,157,412,4215,0,44,2,0,0,34,0,0,9,0,0,0,0,0,0,0,0,16,5,236,0,0,0,0,0,0,0,0,30,4,0,0,4,0,0,0,3,7,0,0,0,0,0,0,60,0,3,3,1,20,0,0,22,0,0,3,0,0,0,0,2,0,0,39,22,0,0,0,0,0,0,15,296,0,25,0,0,1,0,304,0,0,0,270,0,21,0,0,0,0,0,0,0,0,0,0,0,7,0,0,0,0,0,0,0,0,0,0,0,0,0,0,0,2,65,0,48,0,0,0,0,0,0,0,0,10,0,0,0,1,0,0,0,9,0,0,0,0,0,0,189,0,0,0,0,0,0,0,0,1,0,0,4,0,7,0,0,0,32,0,0,0,0,0,0,0,78,0,5,0,12,0,0,0,0,0,0,0,0,0,10,0,0,0,0,0,2,0,0,0,0,0,0,4,0,0,0,0,226,11,0,0,0,0,0,2,0,0,0,278,0,1,0,0,0,0,0,0,0,2,22,0,0,0,1,1,0,0,0,122,18,0,0,0,0,0,0,0,0,0,0,0,0,0,37,0,0,0,0,0,8,0,0,0,0,81,0,0,0,0,0,0,0,0,0,12,0,0,0,0,0,0,0,6,0,0,1,0,0,0,0,34,0,0,0,0,0,4,0,0,0,10,0,0,0,0,0,1,0,0,0,0,0,0,0,0,0,0,0,0
TCGA-WQ-AB4B_344,1.08219178082192,0,62,1,2,2,0,2,104,65,73,35,48,11,8,39,42,28,42,22,65,85,1,62,248,11,32,370,29,10,1,7,12,3,20,29,30,134,207,25,35,96,7,51,514,45,26,7,30,1,25,7,55,4,402,78,0,15,9,23,19,64,0,6,60,48,16,103,0,6,0,7,72,0,105,58,5,14,40,116,0,101,132,7,22,3,0,68,10,15,1,7,145,1,97,59,21,188,3,856,36,43,8,0,4,0,19,66,0,9,17,7,25,14,15,6,313,31,0,13,0,107,0,0,168,0,1,2,4,0,49,1,75,2,0,2,160,0,0,46,1,8,79,21,1,1,0,213,0,0,1,16,72,140,23,0,0,15,0,2,0,0,0,1,155,57,1,12,4,0,6,0,7,9,5,0,63,111,4,73,3835,0,0,189,2,0,41,36,11,153,0,97,0,1282,15,1,0,23,0,0,56,0,0,1495,13,0,1,160,0,0,1,0,0,0,40,0,1,7,0,0,11,4,1,47,0,736,22,8,829,0,0,0,0,3487,10,0,0,0,0,16,4,278,94,167,49,0,0,0,0,1,1,0,0,0,1,1,0,0,0,11,0,2,45,2,0,51,86,1,1,1,3,0,11,0,23,0,18,0,5,0,412,99,257,0,0,2,7,0,8,0,177,0,0,0,0,56,0,42,0,10,0,147,3,0,0,0,0,1,0,0,5,0,0,0,1,14,85,2,0,33,8,0,5,2,422,164,6589,1,24,0,0,0,36,14,0,4,0,1,0,0,0,0,1,0,36,7,392,0,0,0,0,0,0,20,0,30,0,0,0,0,0,0,2,24,0,4,0,3,0,0,0,48,0,24,0,0,181,0,0,173,0,0,0,0,0,0,0,9,0,0,252,4,0,3,0,0,0,0,110,559,0,70,0,0,2,0,64,0,7,0,0,0,0,1,2,0,2,0,0,4,0,0,0,0,68,0,0,0,0,0,0,0,0,0,0,0,0,0,0,0,0,9,0,25,0,0,0,56,0,0,0,0,0,0,0,0,0,0,0,0,0,0,0,16,0,0,2,1,0,0,0,2,0,0,1,24,13,1,1,1,0,0,0,0,1,45,0,0,0,0,0,0,0,54,0,0,0,8,0,0,0,0,1,0,0,0,0,0,0,0,0,0,0,0,0,0,0,0,0,0,131,0,0,0,0,113,5,0,0,0,235,0,0,0,0,0,307,0,0,0,0,0,0,0,0,0,2,0,50,6,0,1,0,0,0,0,342,8,0,3,0,0,0,0,0,0,0,0,0,0,0,0,0,0,0,0,0,21,0,6,0,0,61,0,0,13,0,0,0,0,0,0,15,0,0,0,1071,0,0,0,4,0,0,3,0,0,0,10,0,1,0,0,0,0,1348,0,0,1,0,0,0,0,0,0,27,35,23,0,0,0,915,0,0,7,0,0,2
TCGA-WX-AA44_345,1.68493150684932,0,64,0,1,1,2,2,10,7,18,11,3,6,9,4,8,1,2,25,20,22,0,17,70,2,241,46,67,6,0,2,5,0,0,57,10,92,39,4,5,47,2,1,7,127,6,3,5,5,4,5,27,2,192,8,0,8,1,6,5,31,7,4,7,33,4,11,0,1,5,2,71,2,20,104,0,15,10,188,0,64,71,8,2,1,0,13,4,3,1,2,121,0,42,22,18,73,67,2962,12,118,8,0,9,0,8,47,0,13,4,0,13,20,7,13,49,17,0,7,0,11,4,0,180,2,0,7,4,2,17,4,2,0,1,7,17,0,2,19,1,0,122,3,6,0,0,60,1,4,0,11,13,47,26,0,7,1,0,11,0,0,0,0,44,169,4,1,2,1,0,0,2,12,3,0,59,10,0,9,440,0,0,130,0,0,62,21,3,43,0,59,0,1282,3,0,0,8,0,1,25,0,0,949,4,0,1,107,4,0,0,6,0,0,36,4,0,4,0,1,5,13,0,1,1,856,2,0,219,0,0,1,0,4752,1,0,0,1,0,4,1,111,30,69,0,0,1,0,0,20,5,0,0,0,1,0,0,0,0,0,0,0,72,8,0,39,137,0,0,0,0,0,123,1,30,0,6,1,0,0,885,1,433,0,0,1,0,0,2,12,602,0,0,0,0,9,0,125,0,12,0,2,22,0,1,0,0,0,0,0,0,0,0,1,0,5,10,0,2,0,4,0,4,0,205,701,27,0,32,0,0,1,23,0,0,3,0,0,0,6,0,0,2,0,47,4,89,0,0,0,1,0,0,0,0,0,0,0,0,0,0,0,0,78,0,1,0,0,0,0,3,12,0,5,0,4,155,0,0,177,0,0,0,0,0,0,0,1,0,0,210,13,0,3,5,0,0,0,0,2175,0,8,0,0,0,1,64,0,0,0,14,0,3,0,0,0,0,0,0,0,0,2,0,1,36,0,0,0,0,0,0,0,0,6,0,0,0,0,0,0,2,1,0,55,0,0,0,55,0,0,0,0,6,0,0,1,0,6,0,0,0,0,0,40,0,0,2,37,0,0,0,0,0,0,6,0,0,0,0,41,0,0,0,0,0,86,0,0,0,0,2,0,0,207,0,1,0,0,1,4,0,0,0,0,8,6,0,0,0,0,0,0,0,0,0,0,0,0,0,0,5,0,0,0,0,49,4,0,0,0,1,0,2,0,0,12,2,1,0,0,0,0,0,0,0,0,2,0,0,0,0,0,0,0,0,0,4,590,0,1,0,0,0,0,0,0,1,0,0,0,0,9,0,0,0,0,0,0,2,0,0,0,579,0,0,10,0,0,0,0,0,0,3,0,0,0,11,0,0,0,0,0,0,0,0,1,0,2,0,0,0,0,0,0,272,0,0,0,0,0,0,0,0,0,1,0,9,0,0,0,5,0,0,0,0,3,0
TCGA-WX-AA46_346,2.07123287671233,0,61,1,2,2,2,2,379,185,163,220,88,100,35,65,78,46,53,55,115,115,13,61,590,22,474,433,125,66,9,15,61,21,4,109,70,319,302,101,66,272,24,29,602,540,81,45,48,0,46,24,257,13,75,110,0,90,23,31,44,134,0,29,34,93,21,255,0,21,0,16,222,0,67,296,2,19,428,422,0,274,701,179,27,13,0,154,50,21,0,34,453,2,109,59,46,522,1,250,38,4215,0,0,16,0,39,97,0,0,98,10,59,73,8,18,134,62,0,35,0,243,0,0,168,0,5,0,18,0,74,0,332,5,0,0,1166,0,0,47,4,3,178,27,0,0,0,322,0,0,7,32,325,125,78,0,0,27,0,63,0,0,5,3,199,718,0,16,6,0,7,0,17,0,7,0,70,116,8,49,1113,0,0,387,0,0,144,58,31,33,0,90,14,2530,2,3,0,18,0,0,18,0,0,2342,13,0,0,467,0,0,0,0,0,4,146,0,6,8,0,0,33,0,2,125,0,1680,35,8,736,4,1,0,1,6589,18,2,0,0,0,17,3,396,84,206,286,0,0,3,0,0,8,0,0,0,0,0,0,0,0,17,0,5,231,1,0,150,263,11,0,3,20,0,0,0,48,0,29,0,20,3,1025,136,374,0,0,2,6,0,7,0,253,3,4,0,0,95,0,42,1,4,0,111,2,0,0,0,0,1,12,5,9,0,1,1,7,7,278,4,0,15,12,0,23,0,136,653,31,0,43,15,0,0,72,57,0,10,0,22,1,0,0,1,6,0,0,0,181,0,0,0,0,0,0,17,0,22,0,0,0,0,0,0,2,2,0,31,0,14,2,0,7,151,77,48,0,7,188,0,0,49,0,0,0,7,12,0,0,4,0,0,370,7,0,2,0,0,0,0,56,614,0,83,3,0,1,4,36,0,26,0,97,0,0,7,55,0,0,0,0,0,0,0,0,0,383,2,0,0,1,1,0,1,0,0,0,0,0,14,0,5,1,8,0,98,0,0,0,69,0,0,0,0,0,0,0,0,0,0,4,0,0,0,0,1,0,0,0,46,0,0,0,1,0,4,0,0,8,0,0,18,0,8,0,0,0,11,0,2,0,2,0,0,0,0,0,7,8,3,0,27,0,0,0,0,0,0,0,5,1,1,0,0,0,0,0,0,0,1,0,0,91,0,0,23,0,11,4,0,0,0,58,0,0,0,0,0,0,1,3,0,0,0,5,7,0,0,0,0,14,4,0,0,15,41,0,31,121,0,3,22,0,2,0,0,0,0,26,1,0,0,0,0,0,0,0,0,0,25,0,32,51,0,0,0,0,0,0,0,1,0,0,0,9,0,14,2,392,0,4,549,0,4,0,0,0,0,0,85,0,0,0,0,6,0,0,0,0,0,0,0,0,0,0,0,10,76,110,30,0,26,985,1,0,1,0,0,0
TCGA-WX-AA47_347,1.52328767123288,1,33,0,3,3,2,2,147,12,13,0,9,18,4,0,32,0,5,16,0,37,0,1,278,0,66,0,13,3,0,1,0,35,0,3,0,6,497,0,0,149,0,7,2962,0,34,549,84,0,1,1,0,6,101,0,0,2,1,8,33,65,1,3,1,8,0,433,0,0,1,0,211,3,3,65,9,16,19,61,0,39,151,0,100,1,0,20,10,20,1,3,0,0,4,5,26,222,9,325,10,0,9,0,0,0,7,48,0,5,0,0,37,0,13,0,65,0,0,2,10,0,3,0,97,1,7,0,0,0,11,3,1,0,0,2,313,0,0,98,2,0,0,5,0,0,0,49,0,1,0,1,0,208,16,0,0,15,0,3,0,0,0,0,97,168,0,0,0,0,0,0,4,8,0,0,3,0,0,61,4215,0,0,34,0,0,119,60,16,756,0,151,2,217,3,0,0,27,0,4,25,0,0,0,0,0,6,62,0,0,1,0,0,0,5,0,0,0,0,0,41,4,0,0,0,628,0,7,366,0,0,2,0,428,0,0,0,0,0,9,0,73,0,10,614,0,0,1,0,219,0,0,0,0,0,0,0,0,0,7,0,1,213,0,0,12,53,20,0,0,0,0,203,1,2,1,12,0,0,0,0,0,24,0,0,0,0,0,0,0,0,0,0,0,0,0,0,736,0,21,30,0,9,0,0,0,0,0,0,0,0,0,0,0,15,2,0,23,0,0,0,0,0,0,246,265,1495,0,22,0,0,0,16,0,0,0,1,1,0,0,0,0,0,0,14,0,531,0,2,0,0,0,2,7,0,46,0,0,0,0,0,0,18,24,0,45,0,8,0,0,0,25,12,1,0,4,0,0,0,28,0,0,0,0,0,0,0,63,0,0,130,0,0,0,0,0,1,0,0,0,0,5,0,0,0,0,2,0,1,0,0,0,0,0,1,0,0,0,0,18,1,2,2,0,91,0,0,0,0,0,0,4,0,0,0,0,0,0,0,0,0,2,0,0,0,1,0,7,8,0,0,0,0,12,0,0,0,0,0,0,0,0,0,102,0,0,0,0,0,0,0,2,0,0,0,0,0,12,0,0,0,85,0,2,0,1,0,0,0,0,0,0,0,103,0,0,0,1,18,0,0,0,0,0,0,9,0,0,0,0,0,0,0,0,0,0,0,0,0,0,1,0,0,0,22,0,16,0,0,0,77,0,3,0,0,0,106,0,0,0,0,0,0,0,0,0,2,0,114,0,0,0,0,0,0,1,197,225,0,0,0,0,0,0,0,0,1,0,0,17,0,0,35,4,0,0,4,12,0,44,0,0,0,0,0,0,14,0,0,0,0,0,4,1,0,0,74,0,0,0,0,0,0,0,0,0,0,0,0,0,0,0,0,0,422,0,0,0,0,0,5,0,0,0,1,8,1,46,0,0,22,0,0,19,0,3,3
TCGA-XR-A8TC_348,3.66849315068493,0,43,0,1,1,2,2,170,31,48,29,19,18,8,1,13,56,0,5,36,166,7,2,91,32,9,7,17,28,4,2,0,8,7,57,3,104,151,0,9,30,9,2,1025,4,65,28,130,5,1,0,22,4,402,64,0,62,14,0,38,11,5,8,19,13,19,79,0,6,0,7,75,0,3,87,0,8,239,350,0,77,106,128,13,2,0,9,15,0,0,27,11,16,62,18,40,3,3,257,51,19,3,0,7,0,10,81,0,4,19,7,35,2,0,1,81,0,0,17,0,9,0,0,66,2,0,10,2,3,26,6,335,35,1,0,358,0,0,17,0,2,259,5,1,0,0,220,1,6,0,24,80,108,23,0,0,37,0,17,11,0,0,0,283,146,1,3,3,0,0,1,1,3,0,0,157,0,12,137,113,0,0,238,1,3,40,5,0,641,0,233,0,2530,2,0,0,8,0,2,3,0,0,1585,4,0,0,417,0,0,1,0,0,0,74,1,0,9,0,0,31,8,0,4,0,2027,46,9,459,1,0,0,0,5426,0,0,0,1,2,0,2,0,68,43,590,0,0,4,0,3,5,0,0,0,1,0,0,0,1,5,0,13,522,0,0,155,579,31,1,0,0,0,36,0,42,0,0,2,0,0,175,4,223,0,0,0,0,0,3,1,8,0,0,0,0,8,0,0,0,6,0,52,0,0,0,0,2,1,0,4,0,0,0,497,1,7,246,0,0,3,2,0,0,0,78,276,21,0,22,0,0,0,0,0,0,11,0,0,0,0,0,0,8,0,22,7,447,0,2,0,0,0,0,0,0,4,0,0,0,0,0,0,2,60,0,8,0,5,0,0,0,50,3,10,0,1,8,0,0,3,0,0,0,0,0,0,0,8,0,0,193,0,0,0,0,0,0,1,70,614,0,65,0,0,0,0,94,0,6,0,63,0,5,1,0,0,0,0,0,0,0,0,0,0,23,0,0,0,0,0,0,0,57,0,2,0,0,2,0,0,17,33,0,113,0,21,0,11,16,0,0,0,0,0,0,6,0,8,0,0,62,0,0,26,0,0,3,1,8,0,0,0,0,3,36,23,2,0,0,2,0,0,4,1,0,64,0,0,0,0,1,0,0,190,0,0,8,1,225,4,0,0,0,0,45,26,0,0,1,0,0,0,0,0,0,0,0,0,0,0,18,0,5,0,0,2,4,0,0,0,0,0,0,0,0,11,0,0,0,0,0,0,0,0,0,0,2,0,1,3,0,0,0,0,0,0,0,0,0,36,0,0,0,0,0,10,1,0,0,0,0,0,0,0,4,0,0,23,0,0,0,0,2175,0,0,2,0,38,0,0,0,0,27,0,0,0,1,0,0,0,0,0,0,0,162,4,0,15,0,0,0,0,0,0,0,0,9,0,0,0,0,540,0,0,0,0,54,17,0,0,6,0,0,1,0,0,0
TCGA-XR-A8TE_349,2.53424657534247,0,16,1,3,3,2,0,2,5,24,0,3,23,5,4,26,9,25,41,38,13,2,63,153,6,0,1,60,19,1,2,27,2,3,24,0,0,34,0,4,168,0,0,1,2,0,6,9,1,6,11,0,4,89,12,0,93,4,0,6,1,0,9,8,13,2,5,0,0,0,11,684,0,86,93,16,7,102,17,0,115,147,2,1,2,0,0,19,6,0,4,15,0,20,6,27,1223,2,193,5,54,0,0,0,0,0,5,0,0,3,0,0,12,0,8,268,0,0,8,23,156,6,0,64,0,0,9,1,0,0,0,52,0,0,0,79,0,0,25,8,3,299,12,0,0,0,319,0,0,18,34,4,182,21,0,0,10,0,0,11,0,0,0,152,0,0,0,0,0,0,0,1,1,0,0,14,84,0,26,985,0,0,44,31,2,208,3,0,0,0,29,0,756,0,0,0,0,0,0,0,0,0,54,0,0,0,540,0,0,2,0,0,0,0,0,0,0,0,0,11,1,0,0,0,7,39,10,33,0,0,0,0,2725,0,0,0,0,0,0,0,3,19,74,0,0,0,3,0,10,0,0,0,0,0,0,2,10,0,15,0,1,170,1,0,53,329,0,0,0,0,0,75,0,11,0,1,0,0,0,0,0,50,0,0,0,0,0,0,9,0,0,0,0,0,0,0,0,0,4,173,1,4,0,0,0,2,0,1,0,0,1,0,2,0,0,118,7,0,0,0,0,0,1,41,1025,0,0,84,0,0,0,0,0,0,0,0,0,0,0,0,0,0,0,171,0,188,0,9,0,0,0,0,0,0,0,0,0,0,0,0,0,0,107,0,120,0,7,0,0,3,79,14,11,0,132,1,0,0,0,0,0,0,0,0,0,0,14,0,0,313,0,0,0,0,0,0,0,55,265,0,11,2,0,0,7,29,0,2,0,2,0,51,0,5,0,0,0,0,0,0,0,181,0,127,0,0,0,2,0,0,1,80,0,0,0,1,0,0,0,17,0,0,0,0,0,0,0,4,0,0,0,0,0,0,0,0,3,0,0,0,0,0,1,0,0,0,16,0,0,0,0,0,0,0,0,0,0,0,0,0,0,0,0,0,5,0,0,0,0,0,0,0,69,0,0,22,0,28,0,8,0,0,0,0,0,0,0,0,0,0,0,0,0,0,0,0,0,0,0,3,1,4,0,0,0,0,0,0,0,0,0,6,0,0,0,0,0,1,0,0,0,4,0,0,0,3,0,20,0,0,0,9,2,0,2,0,5,0,0,0,0,0,0,0,2,14,0,0,0,0,0,0,5,0,0,0,0,0,15,0,0,43,0,0,0,0,0,16,0,0,0,0,0,1,0,5,5,25,0,0,0,0,0,159,0,0,41,0,0,0,0,0,0,0,0,0,0,0,0,2,325,0,0,0,0,0,453,0,4,0,0,0,0,0,1,0
TCGA-XR-A8TF_350,1.8986301369863,1,74,1,1,1,2,2,684,163,152,101,102,67,14,4,35,1,11,27,45,31,10,11,250,76,1788,856,23,0,22,6,7,157,23,84,6,130,213,33,34,79,68,34,2175,29,35,222,104,0,0,25,2,19,549,135,0,1166,23,0,5,49,0,9,70,48,6,196,0,110,0,25,145,0,21,65,1,2,181,985,0,148,383,140,77,0,0,4,31,8,0,20,29,6,64,14,8,210,7,453,68,915,4,0,0,0,26,19,0,4,62,1,111,74,0,8,113,22,3,60,0,51,0,0,159,0,4,0,8,1,72,1,200,35,0,1,77,0,0,31,5,0,346,12,0,1,0,58,1,0,2,14,192,228,12,0,0,72,0,50,0,0,2,3,217,0,1,3,2,0,0,0,0,4,1,0,63,128,0,296,590,0,0,428,0,0,38,22,1,6,0,41,0,5426,6,0,0,38,0,0,30,6,0,459,1,0,0,155,0,0,0,0,0,4,1071,0,0,9,0,0,87,4,2,60,0,2530,3,77,440,2,0,1,0,9068,0,0,0,0,0,9,2,85,7,39,579,0,0,6,0,0,4,0,0,0,0,0,0,4,0,12,0,16,202,1,0,75,167,24,0,2,1,0,12,0,7,0,72,0,0,3,205,40,362,0,0,1,9,0,10,0,8,0,0,0,0,0,0,422,0,14,0,2,0,0,0,0,0,7,2,0,4,0,0,0,4,0,36,0,0,4,5,0,0,0,319,165,27,0,14,4,0,0,46,0,0,0,0,0,0,0,0,0,0,0,0,0,257,0,0,0,0,0,0,0,0,12,0,0,0,0,0,0,21,293,0,175,0,15,0,0,2,70,25,14,0,9,3,0,0,6,0,0,2,1,2,0,0,3,0,0,122,44,0,3,0,0,0,0,80,160,0,52,0,0,0,4,20,0,0,0,0,0,0,8,8,0,1,0,0,0,0,2,0,0,307,0,0,0,1,0,0,22,0,0,6,0,0,21,0,0,3,3,0,4,0,62,0,14,0,0,0,0,0,0,0,0,0,0,0,0,6,0,0,0,0,0,2,0,1,0,0,1,0,1,0,59,4,0,0,0,0,0,0,6,1,0,0,0,0,0,0,0,0,12,0,19,0,0,0,0,0,0,0,0,0,0,0,10,0,0,0,0,0,0,0,0,0,0,0,0,151,1,0,0,4,4,0,0,0,0,33,0,0,0,0,0,1,0,0,0,0,0,0,0,0,0,0,2,61,0,0,0,8,10,0,0,2,2,0,24,0,0,0,0,0,0,23,0,0,0,0,0,0,0,0,0,0,8,0,2,0,0,540,0,0,0,0,43,0,0,0,0,0,0,0,0,199,0,0,0,0,0,0,1,0,0,0,0,26,0,0,0,0,0,316,0,0,0,0,0,0,0,0,0,2,64,0,6,0,6,105,0,43,0,0,0,3
TCGA-XR-A8TG_351,2.46027397260274,0,58,1,1,1,0,2,569,65,92,68,35,60,5,16,57,42,12,33,96,62,4,25,402,14,8,949,50,11,8,1,13,18,3,94,38,383,885,6,5,157,6,21,47,241,26,121,41,0,6,6,22,2,288,53,0,8,11,16,16,65,4,55,27,39,2,668,0,16,0,2,88,0,35,136,0,32,66,332,1,138,212,19,23,6,0,3,7,13,1,16,684,2,121,38,33,201,4,296,81,133,7,0,12,1,15,38,0,12,18,12,57,72,18,9,193,80,0,33,0,614,0,0,268,2,2,1,9,4,14,7,309,17,1,8,590,0,1,18,6,1,286,15,6,2,0,90,2,7,4,16,143,114,26,0,0,26,1,14,0,0,0,0,166,335,5,2,12,0,0,2,5,9,6,0,213,63,0,40,1166,0,0,602,6,0,59,33,14,319,0,270,1,2175,2,0,1,44,0,5,26,1,0,497,21,0,1,278,2,0,2,0,0,0,93,1,2,19,0,1,56,21,2,115,0,756,15,16,392,0,0,1,0,1680,11,0,0,0,0,5,7,123,44,17,80,0,1,0,0,0,16,0,0,0,2,0,0,0,7,0,0,0,447,3,0,117,205,22,1,0,8,0,7,0,41,0,13,3,0,0,1902,6,1025,0,0,2,0,0,1,1,1223,0,0,0,0,84,0,265,1,0,0,113,1,0,0,0,0,0,0,0,0,0,0,0,1,8,146,0,0,6,2,0,66,1,299,316,433,0,18,0,0,0,11,0,0,2,0,1,0,0,0,0,7,1,105,0,220,0,0,0,0,0,0,8,0,9,0,0,0,0,0,0,0,34,0,8,1,4,0,0,0,37,15,2,0,6,549,0,0,176,0,0,1,0,0,0,0,2,0,0,250,25,0,12,0,0,0,0,8,628,0,29,0,0,0,2,24,0,4,0,22,0,1,0,0,0,0,0,1,0,0,0,0,0,263,0,0,0,0,0,0,0,0,4,1,0,0,0,0,0,7,3,0,26,0,0,0,8,0,0,0,0,0,0,0,0,0,0,0,0,0,0,0,4,0,0,0,14,0,0,0,0,0,0,4,0,0,0,0,0,0,11,0,0,0,15,0,0,0,0,0,0,0,92,0,27,0,0,0,11,0,0,0,0,0,0,0,5,0,0,0,0,0,9,0,0,0,0,1,0,55,1,0,0,0,159,0,0,0,0,12,0,0,0,0,0,20,0,0,2,0,0,0,0,0,0,0,0,12,5,0,0,0,1,0,0,107,79,0,0,0,0,0,0,0,0,10,0,0,0,0,0,0,0,0,0,0,25,0,2,0,0,118,0,0,16,0,0,0,0,0,0,12,0,0,0,43,0,0,0,0,0,0,0,0,0,0,3,8,0,0,0,0,0,339,0,0,0,0,0,0,0,0,0,32,10,19,0,0,0,15,0,0,0,0,0,16
TCGA-ZS-A9CD_352,3.7972602739726,1,73,1,2,2,2,2,138,75,52,46,26,9,6,17,36,27,10,29,47,76,1,28,101,3,60,180,37,12,3,8,20,0,6,40,35,225,174,23,22,102,10,20,459,132,43,8,28,0,32,17,120,4,283,96,0,26,4,16,38,58,0,9,10,24,7,90,0,6,0,6,128,0,48,134,5,25,69,272,0,206,81,3,16,3,0,37,12,9,0,10,262,0,68,18,42,147,1,407,25,78,0,0,7,0,15,156,0,1,11,2,29,13,4,11,339,39,0,9,0,55,0,0,154,0,0,0,3,0,171,0,37,1,0,0,417,0,0,62,2,2,440,5,0,0,0,88,0,0,6,15,51,78,19,0,0,10,0,38,0,0,0,0,107,718,0,13,2,0,0,0,17,0,8,0,44,92,0,32,2725,0,0,100,0,0,50,53,10,412,0,73,1,1680,2,0,0,18,0,0,15,0,0,856,12,0,0,250,0,0,0,0,0,0,9,0,2,5,0,0,16,1,0,41,0,885,20,5,701,0,0,0,0,2962,12,0,0,0,0,20,2,117,78,84,43,0,0,0,0,10,3,0,0,0,0,0,0,0,0,3,0,5,95,6,0,57,104,6,0,0,0,0,27,1,20,0,36,0,0,1,316,19,217,0,0,3,4,0,1,1,220,0,0,0,0,38,0,99,3,14,0,71,7,0,0,0,0,0,1,1,0,0,0,0,0,7,35,0,0,1,2,0,0,1,263,1113,12700,1,30,0,0,0,0,4,0,2,0,0,0,0,0,0,0,0,77,1,522,0,0,0,0,0,0,7,0,20,0,0,0,0,0,0,3,6,0,21,0,0,0,0,2,57,10,15,0,8,23,0,0,11,0,0,0,0,0,0,0,8,0,0,176,0,0,1,0,0,0,0,21,497,0,45,0,0,4,0,55,0,0,0,51,0,0,2,0,0,0,0,0,0,0,0,0,0,166,0,0,0,0,0,0,1,0,1,0,0,0,0,0,0,0,2,0,13,0,0,0,66,0,0,0,0,22,0,0,0,0,0,0,0,0,0,0,22,0,0,0,32,0,0,0,0,0,0,1,7,3,2,0,22,0,0,0,0,0,79,0,0,0,0,0,0,0,252,0,2,1,1,0,0,0,0,0,0,0,1,0,3,0,0,0,0,0,2,0,0,0,0,0,0,112,1,0,0,0,3,14,0,0,0,75,0,0,0,0,0,653,0,0,0,0,0,0,0,0,0,0,0,31,2,0,0,14,0,0,0,335,1788,0,4,0,0,0,0,0,0,5,0,0,0,0,1,0,0,0,0,0,7,0,16,0,0,245,0,0,11,0,0,0,0,0,0,8,0,0,0,194,0,0,0,2,0,0,0,0,0,0,16,1,0,0,0,0,0,549,0,0,2,0,0,0,0,0,0,222,55,1,1,0,0,40,0,0,5,0,4,0
TCGA-ZS-A9CE_353,3.4,0,79,0,2,2,2,2,163,202,205,522,127,31,111,43,30,80,50,56,177,94,6,73,569,39,417,2027,77,36,20,7,63,2,20,76,52,325,447,64,69,222,8,45,358,259,64,12,13,0,62,14,718,1,51,71,0,38,47,78,29,136,0,24,119,60,75,23,0,19,0,4,230,0,90,131,8,44,137,106,0,185,163,193,12,5,0,120,22,6,0,30,225,4,144,31,37,370,0,123,41,64,5,0,26,0,9,112,0,1,104,5,0,15,27,12,278,31,2,34,0,241,0,0,164,0,6,0,24,0,243,1,157,22,0,1,505,0,0,43,6,18,628,15,0,0,0,191,0,0,1,68,153,122,107,0,0,4,0,43,0,0,15,1,407,474,0,15,7,0,5,0,52,5,5,0,119,87,5,44,2530,0,0,453,0,0,103,34,16,6,0,125,10,4752,0,3,0,36,0,0,20,0,0,3192,28,0,0,540,0,0,0,0,0,0,27,0,2,8,0,0,18,4,0,134,0,3487,49,5,1282,4,2,0,0,6589,48,0,0,0,0,7,4,235,109,293,136,0,0,2,0,0,11,0,0,0,0,0,0,0,0,3,0,0,113,9,0,65,262,1,0,2,7,0,3,0,57,0,17,0,38,3,1025,57,949,0,0,12,23,0,11,0,233,0,0,0,0,8,0,12,0,18,0,132,5,0,0,0,0,1,6,4,6,0,0,0,8,9,153,19,0,50,34,0,12,0,313,803,96,0,61,3,0,0,61,29,0,17,0,9,0,0,0,0,7,0,1,5,299,0,0,0,0,0,0,8,0,26,0,0,4,6,0,0,4,1,11,8,0,0,0,0,0,653,25,0,3,28,102,0,0,20,0,0,0,0,0,0,0,13,0,0,332,54,0,5,0,0,0,0,1,985,0,58,0,0,1,0,194,0,33,0,339,0,0,9,3,0,9,2,0,10,0,0,0,0,226,0,0,0,0,2,0,0,0,0,1,0,0,0,0,0,0,38,0,66,0,0,0,34,0,0,0,0,8,0,0,0,0,5,0,0,0,0,0,1,0,0,0,346,0,0,0,6,0,1,0,0,14,0,0,13,0,0,0,0,0,89,0,0,0,1,6,0,0,44,0,33,17,67,0,18,0,0,0,0,0,0,0,5,2,2,0,0,0,0,0,0,0,0,0,17,39,0,0,0,0,174,8,0,0,0,2,0,0,0,0,0,9,2,7,0,0,0,5,0,0,0,1,69,4,4,0,0,22,0,0,0,116,0,6,59,0,0,0,1,0,0,13,0,0,0,0,8,0,0,0,0,0,29,0,0,2,0,10,0,0,0,0,0,0,0,0,0,16,0,0,0,1,2,0,0,3,0,0,0,0,0,0,2,1,0,0,0,0,0,11,0,0,0,0,0,0,0,0,0,5,0,0,4,0,0,0,0,77,0,0,0,104
TCGA-ZS-A9CF_354,6.60821917808219,0,64,1,2,2,2,2,985,100,137,216,41,87,7,44,58,79,12,143,167,26,16,36,779,53,200,1166,89,25,4,9,11,35,8,54,49,379,342,50,4,307,17,168,856,193,113,93,151,0,13,9,54,7,102,103,0,97,16,15,47,81,2,101,22,80,17,885,0,55,0,12,101,0,40,283,8,37,332,433,2,117,417,88,75,9,1,18,9,14,2,58,422,1,117,182,48,316,0,228,257,268,10,0,37,2,6,32,0,5,7,4,58,243,21,17,248,126,2,63,0,196,0,0,288,2,3,0,18,6,56,10,383,16,3,15,459,0,2,37,0,1,322,25,11,0,0,65,3,5,0,32,78,233,47,1,0,23,2,17,0,0,1,0,134,559,7,6,17,1,6,1,1,12,3,0,178,24,2,132,915,0,0,1071,0,0,212,21,47,370,0,440,4,4215,3,0,3,83,0,5,127,2,0,1416,26,0,1,172,2,0,0,0,0,0,540,1,7,18,0,0,71,26,4,105,0,9068,9,42,628,6,0,1,0,4752,28,0,0,0,0,7,10,96,26,91,522,0,2,0,0,0,10,0,0,0,2,0,0,0,0,4,0,6,346,1,2,101,259,6,0,3,9,0,2,0,103,0,13,3,20,1,949,87,1348,0,0,4,1,0,8,0,177,0,2,0,0,84,0,223,1,14,0,241,0,0,0,0,0,0,8,0,0,0,2,0,0,1,63,4,0,0,2,0,46,1,274,579,142,0,85,9,0,2,18,17,7,2,0,12,0,0,0,1,33,0,1,0,278,0,0,0,0,0,0,44,0,57,0,0,0,0,0,0,1,20,2,22,0,3,0,0,5,28,13,12,1,7,272,0,0,208,0,0,3,1,0,0,0,3,0,0,164,14,0,15,0,0,0,0,1,489,0,34,0,0,0,1,28,0,28,0,236,0,5,7,0,0,0,0,0,2,0,0,0,0,134,0,0,0,0,0,0,0,0,0,5,0,0,5,0,0,18,20,0,80,0,0,0,1,0,0,0,0,0,0,0,0,0,8,0,0,0,0,0,8,0,0,0,24,0,0,0,0,0,0,0,19,3,0,0,0,0,16,0,20,0,8,0,0,0,4,35,0,0,13,0,20,0,0,0,4,0,0,0,0,0,0,0,6,1,0,0,0,0,1,0,0,0,0,0,0,8,0,0,0,0,56,16,0,0,0,0,0,0,0,0,0,7,0,0,0,0,0,0,0,0,0,0,0,0,6,0,1,0,0,0,18,12,35,13,19,0,0,0,4,0,0,28,0,0,0,0,6,0,0,0,0,0,13,0,0,0,0,168,0,0,0,0,0,0,0,0,0,5,0,0,0,1,0,2,4,0,0,0,0,0,0,0,0,7,0,0,0,0,0,0,0,0,55,0,0,0,0,0,18,12,0,7,2,2,0,5,0,0,21,0,0,55
TCGA-ZS-A9CG_355,0.934246575342466,0,55,1,2,2,2,2,243,281,106,120,76,43,78,27,62,36,35,34,75,79,8,75,641,41,1113,73,102,41,15,32,55,10,5,147,63,346,148,93,69,238,22,23,668,176,6,30,10,0,6,33,12,13,84,122,0,150,25,13,43,36,0,17,56,32,19,152,0,11,0,11,885,0,106,274,6,21,278,374,0,268,481,105,46,11,0,114,23,13,0,12,339,0,94,33,109,985,2,231,38,6589,0,0,5,0,11,276,0,0,54,6,38,29,1,11,459,3,0,17,11,387,0,0,103,0,3,0,7,0,36,0,428,9,0,0,779,0,0,35,8,5,1585,21,0,0,0,354,0,0,7,28,216,116,46,0,0,45,0,49,0,0,1,3,160,1223,0,26,3,0,7,0,8,0,20,0,61,81,2,61,2530,0,0,127,0,0,55,22,19,1,0,63,2,3487,4,2,0,23,0,0,29,0,0,1348,0,0,0,701,0,0,0,0,0,2,0,0,2,5,0,0,8,0,4,2,0,447,12,21,505,0,5,0,0,5426,28,0,0,0,0,25,0,178,109,113,45,0,0,1,0,1,5,0,0,0,0,0,0,0,0,11,0,12,100,0,0,48,302,4,0,8,14,0,0,0,10,0,32,0,6,5,197,27,514,0,0,1,6,0,7,0,207,1,3,0,0,29,0,87,0,12,0,1,3,0,0,0,0,1,26,18,12,0,0,1,1,0,46,24,0,2,8,0,11,0,235,1282,189,0,54,0,0,2,78,19,0,2,0,12,4,0,0,0,4,0,0,0,2,0,0,0,0,0,0,4,1,6,0,0,0,0,0,0,0,10,0,26,0,9,0,2,13,37,85,9,0,53,38,0,0,19,0,0,0,9,0,0,0,5,0,0,46,0,0,0,0,0,0,0,19,64,0,30,4,0,0,5,19,0,2,0,7,0,0,2,4,0,0,0,0,0,0,0,0,0,736,0,0,0,4,0,0,23,114,3,0,0,0,7,0,0,0,3,0,5,0,0,0,96,10,0,3,0,3,0,1,0,0,0,0,0,0,0,0,1,0,0,0,11,1,0,0,0,0,3,0,0,1,0,0,5,0,22,0,0,0,54,0,8,0,0,0,0,0,3,0,0,3,0,0,0,0,0,0,0,0,0,0,0,3,0,0,0,0,0,0,0,0,0,0,0,42,1,0,0,0,11,2,0,0,0,56,0,0,0,0,0,4,2,0,0,0,0,0,3,0,0,0,0,27,0,2,0,0,55,0,0,3,66,0,0,3,0,2,0,0,0,0,1,0,0,0,1,0,0,0,0,0,1,0,92,0,0,0,0,0,0,0,0,8,0,0,0,9,0,0,0,14,85,0,35,0,0,5,0,0,0,1,1,0,0,1,0,0,0,0,2,0,0,0,0,8,0,0,4,29,0,0,129,0,0,0,0,7,0,6,1,195
