node1	node2	node1_string_id	node2_string_id	neighborhood_on_chromosome	gene_fusion	phylogenetic_cooccurrence	homology	coexpression	experimentally_determined_interaction	database_annotated	automated_textmining	combined_score
ADA	DHODH	9606.ENSP00000361965	9606.ENSP00000219240	0	0	0	0	0.104	0	0	0.386	0.427
ADA	AK1	9606.ENSP00000361965	9606.ENSP00000223836	0	0	0	0	0.055	0	0	0.391	0.400
ADA	NT5C1A	9606.ENSP00000361965	9606.ENSP00000235628	0	0	0	0	0.045	0	0.900	0.222	0.919
ADA	ATIC	9606.ENSP00000361965	9606.ENSP00000236959	0	0	0	0	0.087	0.067	0	0.510	0.546
ADA	GDA	9606.ENSP00000361965	9606.ENSP00000238018	0.073	0	0	0	0.092	0.052	0	0.709	0.737
ADA	NT5C	9606.ENSP00000361965	9606.ENSP00000245552	0	0	0	0	0.049	0	0.932	0.219	0.945
ADA	NT5E	9606.ENSP00000361965	9606.ENSP00000257770	0.081	0	0	0	0.072	0	0.942	0.715	0.984
ADA	GMPR	9606.ENSP00000361965	9606.ENSP00000259727	0.057	0	0	0	0.081	0.091	0.171	0.266	0.433
ADA	PPAT	9606.ENSP00000361965	9606.ENSP00000264220	0	0	0	0	0.082	0.126	0	0.413	0.488
ADA	DCK	9606.ENSP00000361965	9606.ENSP00000286648	0	0	0	0	0.044	0	0.900	0.522	0.950
ADA	HPRT1	9606.ENSP00000361965	9606.ENSP00000298556	0	0	0	0	0.067	0	0.352	0.554	0.706
ADA	ENTPD3	9606.ENSP00000361965	9606.ENSP00000301825	0	0	0	0	0	0	0	0.492	0.492
ADA	DTYMK	9606.ENSP00000361965	9606.ENSP00000304802	0.048	0	0	0	0.109	0	0	0.374	0.422
ADA	TYMS	9606.ENSP00000361965	9606.ENSP00000315644	0.099	0	0	0	0.218	0	0	0.351	0.503
ADA	IMPDH2	9606.ENSP00000361965	9606.ENSP00000321584	0.057	0	0	0	0.122	0.091	0.171	0.533	0.656
ADA	UPP1	9606.ENSP00000361965	9606.ENSP00000330032	0.055	0	0	0	0.050	0	0.352	0.253	0.507
ADA	ADSS1	9606.ENSP00000361965	9606.ENSP00000333019	0.057	0	0	0	0.129	0	0	0.408	0.472
ADA	NT5C2	9606.ENSP00000361965	9606.ENSP00000339479	0	0	0	0	0.042	0	0.909	0.337	0.937
ADA	IMPDH1	9606.ENSP00000361965	9606.ENSP00000345096	0.057	0	0	0	0.109	0.091	0.171	0.458	0.594
ADA	ENTPD2	9606.ENSP00000361965	9606.ENSP00000347213	0	0	0	0	0	0	0	0.415	0.415
ADA	NT5C1B	9606.ENSP00000361965	9606.ENSP00000352904	0	0	0	0	0.045	0	0.900	0.129	0.909
ADA	PNP	9606.ENSP00000361965	9606.ENSP00000354532	0.079	0	0	0	0.105	0	0.932	0.980	0.998
ADA	ADSS2	9606.ENSP00000361965	9606.ENSP00000355493	0.057	0	0	0	0.111	0	0	0.438	0.489
ADA	ENTPD1	9606.ENSP00000361965	9606.ENSP00000360250	0	0	0	0	0.055	0	0	0.703	0.708
ADA	ENTPD8	9606.ENSP00000361965	9606.ENSP00000360561	0	0	0	0	0	0	0	0.593	0.593
ADA	UPP2	9606.ENSP00000361965	9606.ENSP00000474090	0.055	0	0	0	0	0	0.352	0.232	0.488
ADA	GART	9606.ENSP00000361965	9606.ENSP00000371253	0	0	0	0	0.105	0	0	0.472	0.507
ADA	AK2	9606.ENSP00000361965	9606.ENSP00000499935	0	0	0	0	0.087	0	0	0.572	0.593
ADA	ADSL	9606.ENSP00000361965	9606.ENSP00000485525	0	0	0	0	0.106	0	0	0.643	0.667
ADA	CDA	9606.ENSP00000361965	9606.ENSP00000364212	0.102	0	0	0	0	0	0	0.669	0.690
ADA	GMPS	9606.ENSP00000361965	9606.ENSP00000419851	0.100	0	0	0	0.418	0	0	0.508	0.720
ADA	XDH	9606.ENSP00000361965	9606.ENSP00000368727	0.077	0	0	0	0	0	0	0.752	0.761
ADA	ITPA	9606.ENSP00000361965	9606.ENSP00000369456	0.057	0	0	0	0.062	0	0	0.777	0.785
ADA	AMPD1	9606.ENSP00000361965	9606.ENSP00000430075	0	0	0	0	0.074	0.079	0	0.894	0.902
ADA	AMPD2	9606.ENSP00000361965	9606.ENSP00000499465	0	0	0	0	0.081	0.079	0	0.900	0.908
ADA	AMPD3	9606.ENSP00000361965	9606.ENSP00000379802	0	0	0	0	0.074	0.079	0	0.910	0.916
ADA	APRT	9606.ENSP00000361965	9606.ENSP00000367615	0	0	0	0	0.219	0.493	0.449	0.714	0.929
ADA	NT5M	9606.ENSP00000361965	9606.ENSP00000373674	0	0	0	0	0.044	0	0.932	0.201	0.943
ADA	ADK	9606.ENSP00000361965	9606.ENSP00000443965	0	0	0	0	0.059	0.250	0.925	0.875	0.992
ADAL	NT5E	9606.ENSP00000456242	9606.ENSP00000257770	0.081	0	0	0	0.042	0	0.449	0.201	0.560
ADAL	HPRT1	9606.ENSP00000456242	9606.ENSP00000298556	0	0	0	0	0.049	0	0.352	0.228	0.482
ADAL	PNP	9606.ENSP00000456242	9606.ENSP00000354532	0.079	0	0	0	0.074	0	0.352	0.188	0.491
ADAL	GUK1	9606.ENSP00000456242	9606.ENSP00000355689	0	0	0	0	0.055	0	0	0.613	0.618
ADAL	APRT	9606.ENSP00000456242	9606.ENSP00000367615	0	0	0	0	0.140	0.291	0.449	0.305	0.735
ADAL	GMPS	9606.ENSP00000456242	9606.ENSP00000419851	0.100	0	0	0	0.313	0	0	0.373	0.579
ADAL	ADK	9606.ENSP00000456242	9606.ENSP00000443965	0	0	0	0	0.063	0.135	0.281	0.420	0.617
ADK	DHODH	9606.ENSP00000443965	9606.ENSP00000219240	0.042	0	0	0	0.123	0	0	0.365	0.421
ADK	GSR	9606.ENSP00000443965	9606.ENSP00000221130	0	0	0	0	0.100	0	0	0.407	0.444
ADK	AK1	9606.ENSP00000443965	9606.ENSP00000223836	0.057	0	0	0	0.094	0.061	0.900	0.657	0.967
ADK	UMPS	9606.ENSP00000443965	9606.ENSP00000232607	0.042	0	0	0	0.178	0	0	0.525	0.594
ADK	NT5C1A	9606.ENSP00000443965	9606.ENSP00000235628	0	0	0	0	0.051	0.046	0.900	0.291	0.927
ADK	ATIC	9606.ENSP00000443965	9606.ENSP00000236959	0.053	0	0	0	0.232	0.079	0	0.578	0.679
ADK	GDA	9606.ENSP00000443965	9606.ENSP00000238018	0.046	0	0	0	0.044	0	0	0.483	0.487
ADK	NT5C	9606.ENSP00000443965	9606.ENSP00000245552	0	0	0	0	0.070	0	0.900	0.240	0.923
ADK	NT5E	9606.ENSP00000443965	9606.ENSP00000257770	0.061	0	0	0	0.068	0	0.900	0.707	0.970
ADK	PPAT	9606.ENSP00000443965	9606.ENSP00000264220	0.110	0	0	0	0.147	0.088	0	0.396	0.526
ADK	CAD	9606.ENSP00000443965	9606.ENSP00000264705	0	0	0	0	0.075	0	0	0.396	0.418
ADK	AK7	9606.ENSP00000443965	9606.ENSP00000267584	0.057	0	0	0	0.189	0.071	0.900	0.293	0.940
ADK	DCK	9606.ENSP00000443965	9606.ENSP00000286648	0.049	0	0	0	0.098	0	0	0.551	0.582
ADK	HPRT1	9606.ENSP00000443965	9606.ENSP00000298556	0	0	0	0	0.080	0	0	0.766	0.775
ADK	TK2	9606.ENSP00000443965	9606.ENSP00000299697	0.049	0	0	0	0.084	0	0	0.428	0.458
ADK	ENTPD3	9606.ENSP00000443965	9606.ENSP00000301825	0	0	0	0	0	0	0.900	0.290	0.925
ADK	DTYMK	9606.ENSP00000443965	9606.ENSP00000304802	0.050	0	0	0	0.072	0	0	0.421	0.445
ADK	IMPDH2	9606.ENSP00000443965	9606.ENSP00000321584	0	0	0	0	0.076	0	0	0.621	0.635
ADK	UPP1	9606.ENSP00000443965	9606.ENSP00000330032	0.092	0	0	0	0.042	0.102	0.414	0.331	0.638
ADK	ADSS1	9606.ENSP00000443965	9606.ENSP00000333019	0.095	0	0	0	0.105	0.270	0	0.472	0.646
ADK	NT5C2	9606.ENSP00000443965	9606.ENSP00000339479	0	0	0	0	0.042	0	0.900	0.400	0.937
ADK	IMPDH1	9606.ENSP00000443965	9606.ENSP00000345096	0	0	0	0	0.053	0	0	0.513	0.519
ADK	AK5	9606.ENSP00000443965	9606.ENSP00000346577	0.057	0	0	0	0.089	0.061	0.900	0.254	0.928
ADK	NT5C1B	9606.ENSP00000443965	9606.ENSP00000352904	0	0	0	0	0.051	0.046	0.900	0.216	0.919
ADK	PNP	9606.ENSP00000443965	9606.ENSP00000354532	0.095	0	0	0	0.047	0.051	0.938	0.770	0.986
ADK	ADSS2	9606.ENSP00000443965	9606.ENSP00000355493	0.095	0	0	0	0.117	0.270	0	0.511	0.676
ADK	GUK1	9606.ENSP00000443965	9606.ENSP00000355689	0.042	0	0	0	0.123	0.075	0	0.471	0.534
ADK	ENTPD1	9606.ENSP00000443965	9606.ENSP00000360250	0	0	0	0	0	0	0.900	0.611	0.959
ADK	ENTPD8	9606.ENSP00000443965	9606.ENSP00000360561	0	0	0	0	0	0	0.900	0.391	0.936
ADK	APRT	9606.ENSP00000443965	9606.ENSP00000367615	0.046	0	0	0	0.176	0.475	0.900	0.924	0.996
ADK	ITPA	9606.ENSP00000443965	9606.ENSP00000369456	0.092	0	0	0	0.080	0	0	0.444	0.495
ADK	GART	9606.ENSP00000443965	9606.ENSP00000371253	0.264	0	0	0	0.117	0	0	0.470	0.626
ADK	NT5M	9606.ENSP00000443965	9606.ENSP00000373674	0	0	0	0	0.055	0	0.900	0.131	0.910
ADK	TYMP	9606.ENSP00000443965	9606.ENSP00000379038	0.054	0	0	0	0.042	0	0.585	0.205	0.660
ADK	AMPD3	9606.ENSP00000443965	9606.ENSP00000379802	0	0	0	0	0.049	0.099	0.925	0.729	0.980
ADK	GMPS	9606.ENSP00000443965	9606.ENSP00000419851	0.078	0	0	0	0.139	0	0	0.593	0.649
ADK	AMPD1	9606.ENSP00000443965	9606.ENSP00000430075	0	0	0	0	0.049	0.099	0.925	0.694	0.977
ADK	UPP2	9606.ENSP00000443965	9606.ENSP00000474090	0.092	0	0	0	0	0.102	0.414	0.318	0.630
ADK	AK2	9606.ENSP00000443965	9606.ENSP00000499935	0.057	0	0	0	0.330	0.091	0.900	0.588	0.972
ADK	ADSL	9606.ENSP00000443965	9606.ENSP00000485525	0.100	0	0	0	0.096	0.250	0.900	0.690	0.977
ADK	AMPD2	9606.ENSP00000443965	9606.ENSP00000499465	0	0	0	0	0.051	0.099	0.925	0.727	0.980
ADSL	DHODH	9606.ENSP00000485525	9606.ENSP00000219240	0.115	0	0	0	0.192	0	0	0.563	0.660
ADSL	AK1	9606.ENSP00000485525	9606.ENSP00000223836	0	0	0	0	0.193	0.095	0.937	0.396	0.968
ADSL	UMPS	9606.ENSP00000485525	9606.ENSP00000232607	0.231	0	0	0	0.295	0.110	0	0.627	0.796
ADSL	NT5C1A	9606.ENSP00000485525	9606.ENSP00000235628	0	0	0	0	0.068	0	0.900	0.214	0.920
ADSL	ATIC	9606.ENSP00000485525	9606.ENSP00000236959	0.231	0	0	0	0.972	0.271	0.980	0.811	0.999
ADSL	GDA	9606.ENSP00000485525	9606.ENSP00000238018	0.119	0	0	0	0.080	0	0	0.617	0.663
ADSL	NT5C	9606.ENSP00000485525	9606.ENSP00000245552	0	0	0	0	0.068	0	0.900	0.116	0.910
ADSL	NT5E	9606.ENSP00000485525	9606.ENSP00000257770	0.095	0	0	0	0.075	0	0.900	0.402	0.943
ADSL	GMPR	9606.ENSP00000485525	9606.ENSP00000259727	0.102	0	0	0	0.459	0	0	0.587	0.782
ADSL	PPAT	9606.ENSP00000485525	9606.ENSP00000264220	0.231	0	0	0	0.964	0.250	0	0.910	0.997
ADSL	CAD	9606.ENSP00000485525	9606.ENSP00000264705	0.082	0	0	0	0.147	0.066	0.145	0.568	0.680
ADSL	AK7	9606.ENSP00000485525	9606.ENSP00000267584	0	0	0	0	0.191	0.095	0.941	0.204	0.961
ADSL	DCK	9606.ENSP00000485525	9606.ENSP00000286648	0.042	0	0	0	0.062	0	0.900	0.379	0.936
ADSL	HPRT1	9606.ENSP00000485525	9606.ENSP00000298556	0.120	0	0	0	0.072	0	0.792	0.664	0.935
ADSL	RRM1	9606.ENSP00000485525	9606.ENSP00000300738	0.231	0	0	0	0.196	0	0	0.415	0.607
ADSL	ENTPD3	9606.ENSP00000485525	9606.ENSP00000301825	0	0	0	0	0.056	0	0.900	0.096	0.907
ADSL	DTYMK	9606.ENSP00000485525	9606.ENSP00000304802	0.120	0	0	0	0.191	0	0	0.470	0.590
ADSL	PFAS	9606.ENSP00000485525	9606.ENSP00000313490	0	0	0	0	0.100	0.215	0	0.800	0.847
ADSL	TYMS	9606.ENSP00000485525	9606.ENSP00000315644	0.130	0	0	0	0.151	0.205	0	0.532	0.689
ADSL	IMPDH2	9606.ENSP00000485525	9606.ENSP00000321584	0.102	0	0	0	0.550	0	0	0.725	0.879
ADSL	UPB1	9606.ENSP00000485525	9606.ENSP00000324343	0.057	0	0	0	0	0	0	0.495	0.504
ADSL	UPP1	9606.ENSP00000485525	9606.ENSP00000330032	0	0	0	0	0.049	0.085	0	0.382	0.415
ADSL	ADSS1	9606.ENSP00000485525	9606.ENSP00000333019	0.120	0	0	0	0.829	0.100	0.978	0.809	0.999
ADSL	NT5C2	9606.ENSP00000485525	9606.ENSP00000339479	0	0	0	0	0.049	0.173	0.900	0.196	0.928
ADSL	IMPDH1	9606.ENSP00000485525	9606.ENSP00000345096	0.102	0	0	0	0.463	0	0	0.693	0.839
ADSL	AK5	9606.ENSP00000485525	9606.ENSP00000346577	0	0	0	0	0.191	0.095	0.937	0.204	0.958
ADSL	NT5C1B	9606.ENSP00000485525	9606.ENSP00000352904	0	0	0	0	0.068	0	0.900	0.269	0.925
ADSL	PNP	9606.ENSP00000485525	9606.ENSP00000354532	0.053	0	0	0	0.062	0	0	0.716	0.725
ADSL	ADSS2	9606.ENSP00000485525	9606.ENSP00000355493	0.120	0	0	0	0.830	0.189	0.978	0.856	0.999
ADSL	GUK1	9606.ENSP00000485525	9606.ENSP00000355689	0.054	0	0	0	0.083	0.093	0	0.524	0.575
ADSL	UCK2	9606.ENSP00000485525	9606.ENSP00000356853	0	0	0	0	0.160	0	0.185	0.302	0.480
ADSL	DPYD	9606.ENSP00000485525	9606.ENSP00000359211	0.115	0	0	0	0.147	0	0	0.490	0.581
ADSL	ENTPD1	9606.ENSP00000485525	9606.ENSP00000360250	0	0	0	0	0.056	0	0.900	0.083	0.905
ADSL	ENTPD8	9606.ENSP00000485525	9606.ENSP00000360561	0	0	0	0	0.056	0	0.900	0.111	0.908
ADSL	CMPK1	9606.ENSP00000485525	9606.ENSP00000360939	0	0	0	0	0.201	0.095	0.402	0.359	0.686
ADSL	UCK1	9606.ENSP00000485525	9606.ENSP00000361285	0	0	0	0	0.124	0	0.185	0.319	0.471
ADSL	APRT	9606.ENSP00000485525	9606.ENSP00000367615	0.120	0	0	0	0.337	0.294	0.913	0.774	0.990
ADSL	XDH	9606.ENSP00000485525	9606.ENSP00000368727	0	0	0	0	0	0	0	0.493	0.493
ADSL	ITPA	9606.ENSP00000485525	9606.ENSP00000369456	0.115	0	0	0	0.083	0	0	0.475	0.537
ADSL	DUT	9606.ENSP00000485525	9606.ENSP00000370376	0.099	0	0	0	0.083	0	0	0.352	0.417
ADSL	GART	9606.ENSP00000485525	9606.ENSP00000371253	0.356	0	0	0	0.966	0.457	0.837	0.759	0.999
ADSL	NT5M	9606.ENSP00000485525	9606.ENSP00000373674	0	0	0	0	0	0	0.900	0.080	0.904
ADSL	TYMP	9606.ENSP00000485525	9606.ENSP00000379038	0.054	0	0	0	0	0	0	0.489	0.496
ADSL	AMPD3	9606.ENSP00000485525	9606.ENSP00000379802	0	0	0	0	0	0	0.900	0.742	0.973
ADSL	PAICS	9606.ENSP00000485525	9606.ENSP00000382595	0.231	0	0	0	0.968	0.320	0.980	0.745	0.999
ADSL	CTPS2	9606.ENSP00000485525	9606.ENSP00000401264	0.092	0	0	0	0.115	0.100	0	0.485	0.578
ADSL	GMPS	9606.ENSP00000485525	9606.ENSP00000419851	0.231	0	0	0	0.424	0	0.172	0.791	0.913
ADSL	AMPD1	9606.ENSP00000485525	9606.ENSP00000430075	0	0	0	0	0	0	0.900	0.745	0.973
ADSL	GMPR2	9606.ENSP00000485525	9606.ENSP00000454038	0.102	0	0	0	0.473	0	0	0.240	0.608
ADSL	TK1	9606.ENSP00000485525	9606.ENSP00000468425	0	0	0	0	0.123	0	0	0.370	0.424
ADSL	UPP2	9606.ENSP00000485525	9606.ENSP00000474090	0	0	0	0	0	0.085	0	0.410	0.437
ADSL	AK2	9606.ENSP00000485525	9606.ENSP00000499935	0	0	0	0	0.225	0.095	0.941	0.227	0.964
ADSL	AMPD2	9606.ENSP00000485525	9606.ENSP00000499465	0	0	0	0	0.054	0	0.900	0.728	0.972
ADSS1	DHODH	9606.ENSP00000333019	9606.ENSP00000219240	0.057	0	0	0	0.151	0	0	0.458	0.528
ADSS1	UMPS	9606.ENSP00000333019	9606.ENSP00000232607	0.119	0	0	0	0.087	0	0	0.488	0.552
ADSS1	NT5C1A	9606.ENSP00000333019	9606.ENSP00000235628	0.044	0	0	0	0.070	0.071	0.900	0.278	0.929
ADSS1	ATIC	9606.ENSP00000333019	9606.ENSP00000236959	0.120	0	0	0	0.603	0.099	0.978	0.541	0.996
ADSS1	GDA	9606.ENSP00000333019	9606.ENSP00000238018	0.103	0	0	0	0.063	0	0	0.415	0.465
ADSS1	NT5C	9606.ENSP00000333019	9606.ENSP00000245552	0	0	0	0	0	0	0.900	0.138	0.910
ADSS1	NT5E	9606.ENSP00000333019	9606.ENSP00000257770	0.120	0	0	0	0.044	0	0.900	0.282	0.931
ADSS1	GMPR	9606.ENSP00000333019	9606.ENSP00000259727	0.079	0	0	0	0.400	0	0.910	0.301	0.961
ADSS1	PPAT	9606.ENSP00000333019	9606.ENSP00000264220	0.120	0	0	0	0.373	0	0	0.665	0.799
ADSS1	CAD	9606.ENSP00000333019	9606.ENSP00000264705	0.095	0	0	0	0.295	0	0.900	0.374	0.954
ADSS1	HPRT1	9606.ENSP00000333019	9606.ENSP00000298556	0.111	0	0	0	0.115	0	0.911	0.467	0.958
ADSS1	ENTPD3	9606.ENSP00000333019	9606.ENSP00000301825	0	0	0	0	0	0	0.900	0.089	0.905
ADSS1	DTYMK	9606.ENSP00000333019	9606.ENSP00000304802	0.109	0	0	0	0.081	0	0	0.326	0.400
ADSS1	TYMS	9606.ENSP00000333019	9606.ENSP00000315644	0	0	0	0	0.058	0	0	0.471	0.481
ADSS1	IMPDH2	9606.ENSP00000333019	9606.ENSP00000321584	0.079	0	0	0	0.402	0	0.910	0.558	0.975
ADSS1	CTPS2	9606.ENSP00000333019	9606.ENSP00000401264	0.102	0.015	0	0	0.245	0	0	0.309	0.491
ADSS1	PNP	9606.ENSP00000333019	9606.ENSP00000354532	0	0	0	0	0	0	0	0.519	0.519
ADSS1	GMPR2	9606.ENSP00000333019	9606.ENSP00000454038	0.079	0	0	0	0.401	0	0.145	0.208	0.577
ADSS1	GMPS	9606.ENSP00000333019	9606.ENSP00000419851	0.120	0	0	0	0.151	0	0	0.647	0.713
ADSS1	APRT	9606.ENSP00000333019	9606.ENSP00000367615	0	0	0	0	0.141	0.299	0	0.573	0.720
ADSS1	PAICS	9606.ENSP00000333019	9606.ENSP00000382595	0.120	0	0	0	0.602	0.095	0	0.517	0.826
ADSS1	NUDT16	9606.ENSP00000333019	9606.ENSP00000422375	0	0	0	0	0.042	0	0.900	0	0.900
ADSS1	NT5M	9606.ENSP00000333019	9606.ENSP00000373674	0	0	0	0	0.044	0	0.900	0.103	0.906
ADSS1	ENTPD8	9606.ENSP00000333019	9606.ENSP00000360561	0	0	0	0	0	0	0.900	0.115	0.907
ADSS1	ENTPD1	9606.ENSP00000333019	9606.ENSP00000360250	0	0	0	0	0	0	0.900	0.115	0.907
ADSS1	ENTPD6	9606.ENSP00000333019	9606.ENSP00000365840	0	0	0	0	0	0	0.900	0.147	0.911
ADSS1	NT5C2	9606.ENSP00000333019	9606.ENSP00000339479	0	0	0	0	0	0	0.900	0.195	0.916
ADSS1	ENTPD4	9606.ENSP00000333019	9606.ENSP00000351520	0	0	0	0	0	0	0.900	0.266	0.923
ADSS1	ENTPD5	9606.ENSP00000333019	9606.ENSP00000335246	0	0	0	0	0	0	0.900	0.323	0.929
ADSS1	NT5C1B	9606.ENSP00000333019	9606.ENSP00000352904	0.044	0	0	0	0.070	0.071	0.900	0.309	0.932
ADSS1	ADSS2	9606.ENSP00000333019	9606.ENSP00000355493	0	0	0.054	0.973	0	0.470	0.900	0.111	0.949
ADSS1	AMPD2	9606.ENSP00000333019	9606.ENSP00000499465	0.057	0	0	0	0.111	0	0.900	0.521	0.954
ADSS1	ITPA	9606.ENSP00000333019	9606.ENSP00000369456	0.112	0	0	0	0	0.130	0.900	0.490	0.955
ADSS1	AMPD3	9606.ENSP00000333019	9606.ENSP00000379802	0.057	0	0	0	0.111	0	0.900	0.558	0.957
ADSS1	AMPD1	9606.ENSP00000333019	9606.ENSP00000430075	0.057	0	0	0	0.111	0	0.900	0.606	0.962
ADSS1	GART	9606.ENSP00000333019	9606.ENSP00000371253	0.321	0	0	0	0.904	0.065	0	0.564	0.969
ADSS1	IMPDH1	9606.ENSP00000333019	9606.ENSP00000345096	0.079	0	0	0	0.400	0	0.910	0.591	0.977
ADSS2	DHODH	9606.ENSP00000355493	9606.ENSP00000219240	0.057	0	0	0	0.144	0	0	0.541	0.598
ADSS2	GSR	9606.ENSP00000355493	9606.ENSP00000221130	0.041	0	0	0	0.117	0.136	0	0.285	0.407
ADSS2	UMPS	9606.ENSP00000355493	9606.ENSP00000232607	0.119	0	0	0	0.093	0.223	0	0.596	0.715
ADSS2	NT5C1A	9606.ENSP00000355493	9606.ENSP00000235628	0.044	0	0	0	0.070	0.071	0.900	0.169	0.918
ADSS2	ATIC	9606.ENSP00000355493	9606.ENSP00000236959	0.120	0	0	0	0.601	0.099	0.978	0.665	0.997
ADSS2	GDA	9606.ENSP00000355493	9606.ENSP00000238018	0.103	0	0	0	0.042	0	0	0.470	0.505
ADSS2	NT5C	9606.ENSP00000355493	9606.ENSP00000245552	0	0	0	0	0.047	0	0.900	0.185	0.915
ADSS2	NT5E	9606.ENSP00000355493	9606.ENSP00000257770	0.120	0	0	0	0.042	0	0.900	0.302	0.933
ADSS2	GMPR	9606.ENSP00000355493	9606.ENSP00000259727	0.079	0	0	0	0.400	0	0.910	0.488	0.971
ADSS2	PPAT	9606.ENSP00000355493	9606.ENSP00000264220	0.120	0	0	0	0.376	0	0	0.688	0.814
ADSS2	CAD	9606.ENSP00000355493	9606.ENSP00000264705	0.095	0	0	0	0.295	0	0.900	0.496	0.963
ADSS2	HPRT1	9606.ENSP00000355493	9606.ENSP00000298556	0.111	0	0	0	0.138	0	0.911	0.517	0.963
ADSS2	RRM1	9606.ENSP00000355493	9606.ENSP00000300738	0	0	0	0	0.101	0	0	0.461	0.495
ADSS2	ENTPD3	9606.ENSP00000355493	9606.ENSP00000301825	0	0	0	0	0	0	0.900	0.156	0.912
ADSS2	DTYMK	9606.ENSP00000355493	9606.ENSP00000304802	0.109	0	0	0	0.078	0	0	0.404	0.468
ADSS2	PFAS	9606.ENSP00000355493	9606.ENSP00000313490	0	0	0	0	0.049	0	0	0.489	0.493
ADSS2	TYMS	9606.ENSP00000355493	9606.ENSP00000315644	0	0	0	0	0.045	0	0	0.528	0.530
ADSS2	IMPDH2	9606.ENSP00000355493	9606.ENSP00000321584	0.079	0	0	0	0.401	0	0.910	0.796	0.988
ADSS2	ENTPD5	9606.ENSP00000355493	9606.ENSP00000335246	0	0	0	0	0	0	0.900	0.284	0.925
ADSS2	NT5C2	9606.ENSP00000355493	9606.ENSP00000339479	0	0	0	0	0.044	0	0.900	0.230	0.920
ADSS2	IMPDH1	9606.ENSP00000355493	9606.ENSP00000345096	0.079	0	0	0	0.401	0	0.910	0.669	0.981
ADSS2	ENTPD4	9606.ENSP00000355493	9606.ENSP00000351520	0	0	0	0	0	0	0.900	0.129	0.909
ADSS2	NT5C1B	9606.ENSP00000355493	9606.ENSP00000352904	0.044	0	0	0	0.070	0.071	0.900	0.108	0.912
ADSS2	PNP	9606.ENSP00000355493	9606.ENSP00000354532	0	0	0	0	0.042	0	0	0.557	0.557
ADSS2	TK1	9606.ENSP00000355493	9606.ENSP00000468425	0	0	0	0	0.042	0	0	0.410	0.410
ADSS2	DPYD	9606.ENSP00000355493	9606.ENSP00000359211	0.057	0	0	0	0.162	0	0	0.331	0.425
ADSS2	NME2	9606.ENSP00000355493	9606.ENSP00000376886	0.060	0	0	0	0.057	0.225	0	0.283	0.442
ADSS2	GUK1	9606.ENSP00000355493	9606.ENSP00000355689	0.042	0	0	0	0.074	0	0	0.432	0.453
ADSS2	CMPK1	9606.ENSP00000355493	9606.ENSP00000360939	0.042	0	0	0	0.137	0	0	0.431	0.489
ADSS2	CTPS2	9606.ENSP00000355493	9606.ENSP00000401264	0.102	0.017	0	0	0.245	0	0	0.407	0.563
ADSS2	GMPR2	9606.ENSP00000355493	9606.ENSP00000454038	0.079	0	0	0	0.401	0	0.145	0.247	0.597
ADSS2	APRT	9606.ENSP00000355493	9606.ENSP00000367615	0	0	0	0	0.141	0.299	0	0.674	0.787
ADSS2	GMPS	9606.ENSP00000355493	9606.ENSP00000419851	0.120	0	0	0	0.158	0.143	0	0.769	0.834
ADSS2	PAICS	9606.ENSP00000355493	9606.ENSP00000382595	0.120	0	0	0	0.602	0.095	0	0.604	0.858
ADSS2	ENTPD8	9606.ENSP00000355493	9606.ENSP00000360561	0	0	0	0	0	0	0.900	0.072	0.903
ADSS2	NT5M	9606.ENSP00000355493	9606.ENSP00000373674	0	0	0	0	0	0	0.900	0.081	0.904
ADSS2	ENTPD1	9606.ENSP00000355493	9606.ENSP00000360250	0	0	0	0	0	0	0.900	0.120	0.908
ADSS2	NUDT16	9606.ENSP00000355493	9606.ENSP00000422375	0	0	0	0	0.049	0	0.900	0.174	0.914
ADSS2	ENTPD6	9606.ENSP00000355493	9606.ENSP00000365840	0	0	0	0	0	0	0.900	0.235	0.920
ADSS2	ITPA	9606.ENSP00000355493	9606.ENSP00000369456	0.112	0	0	0	0.058	0.130	0.900	0.579	0.963
ADSS2	GART	9606.ENSP00000355493	9606.ENSP00000371253	0.321	0	0	0	0.906	0.242	0	0.666	0.981
ADSS2	AMPD1	9606.ENSP00000355493	9606.ENSP00000430075	0.057	0	0	0	0.111	0	0.900	0.924	0.992
ADSS2	AMPD2	9606.ENSP00000355493	9606.ENSP00000499465	0.057	0	0	0	0.111	0	0.900	0.921	0.992
ADSS2	AMPD3	9606.ENSP00000355493	9606.ENSP00000379802	0.057	0	0	0	0.111	0	0.900	0.926	0.993
AGXT2	GART	9606.ENSP00000231420	9606.ENSP00000371253	0	0	0	0	0.128	0	0	0.360	0.418
AGXT2	DPYS	9606.ENSP00000231420	9606.ENSP00000276651	0.059	0	0	0	0.295	0	0	0.454	0.606
AGXT2	UPB1	9606.ENSP00000231420	9606.ENSP00000324343	0.058	0	0	0	0.271	0	0.836	0.443	0.929
AK1	NME4	9606.ENSP00000223836	9606.ENSP00000219479	0.053	0	0	0	0.092	0	0.716	0.289	0.803
AK1	AK5	9606.ENSP00000223836	9606.ENSP00000346577	0	0	0.058	0.951	0	0	0	0.399	0.410
AK1	CTPS2	9606.ENSP00000223836	9606.ENSP00000401264	0.042	0	0	0	0.110	0	0.275	0.210	0.447
AK1	GART	9606.ENSP00000223836	9606.ENSP00000371253	0.053	0	0	0	0.081	0	0	0.422	0.454
AK1	ITPA	9606.ENSP00000223836	9606.ENSP00000369456	0.061	0	0	0	0.042	0	0	0.452	0.464
AK1	GUK1	9606.ENSP00000223836	9606.ENSP00000355689	0	0.128	0	0	0.148	0.133	0.184	0.290	0.560
AK1	DTYMK	9606.ENSP00000223836	9606.ENSP00000304802	0	0	0	0	0.048	0.099	0.287	0.368	0.562
AK1	PNP	9606.ENSP00000223836	9606.ENSP00000354532	0	0	0	0	0.069	0	0.287	0.406	0.571
AK1	UMPS	9606.ENSP00000223836	9606.ENSP00000232607	0	0	0	0	0.103	0.067	0.357	0.322	0.587
AK1	AK2	9606.ENSP00000223836	9606.ENSP00000499935	0	0	0.111	0.797	0.087	0.211	0	0.543	0.669
AK1	NT5C2	9606.ENSP00000223836	9606.ENSP00000339479	0	0	0	0	0.043	0	0.650	0.123	0.680
AK1	NT5M	9606.ENSP00000223836	9606.ENSP00000373674	0	0	0	0	0	0	0.684	0.055	0.689
AK1	NT5C1B	9606.ENSP00000223836	9606.ENSP00000352904	0	0	0	0	0.055	0	0.689	0.081	0.706
AK1	NT5C1A	9606.ENSP00000223836	9606.ENSP00000235628	0	0	0	0	0.055	0	0.689	0.081	0.706
AK1	NT5C	9606.ENSP00000223836	9606.ENSP00000245552	0	0	0	0	0.055	0	0.684	0.108	0.711
AK1	ENTPD8	9606.ENSP00000223836	9606.ENSP00000360561	0	0	0	0	0.055	0	0.675	0.165	0.721
AK1	NT5E	9606.ENSP00000223836	9606.ENSP00000257770	0.042	0	0	0	0.048	0	0.650	0.234	0.722
AK1	ENTPD1	9606.ENSP00000223836	9606.ENSP00000360250	0	0	0	0	0.055	0	0.675	0.205	0.734
AK1	RRM2	9606.ENSP00000223836	9606.ENSP00000353770	0	0	0	0	0.046	0	0.738	0.094	0.754
AK1	ENTPD5	9606.ENSP00000223836	9606.ENSP00000335246	0	0	0	0	0.074	0	0	0.746	0.755
AK1	AK7	9606.ENSP00000223836	9606.ENSP00000267584	0	0	0	0	0.086	0.089	0	0.750	0.773
AK1	AMPD2	9606.ENSP00000223836	9606.ENSP00000499465	0	0	0	0	0.072	0	0.650	0.377	0.780
AK1	AMPD3	9606.ENSP00000223836	9606.ENSP00000379802	0	0	0	0	0.067	0	0.650	0.422	0.794
AK1	NME1	9606.ENSP00000223836	9606.ENSP00000337060	0.053	0	0	0	0.080	0	0.716	0.303	0.805
AK1	RRM2B	9606.ENSP00000223836	9606.ENSP00000251810	0	0	0	0	0.054	0	0.738	0.335	0.821
AK1	NME2	9606.ENSP00000223836	9606.ENSP00000376886	0.053	0	0	0	0.080	0	0.716	0.377	0.825
AK1	RRM1	9606.ENSP00000223836	9606.ENSP00000300738	0.042	0	0	0	0	0	0.795	0.203	0.830
AK1	ENTPD3	9606.ENSP00000223836	9606.ENSP00000301825	0	0	0	0	0.055	0	0.675	0.649	0.882
AK1	AMPD1	9606.ENSP00000223836	9606.ENSP00000430075	0	0	0	0	0.109	0	0.650	0.665	0.886
AK1	ENTPD2	9606.ENSP00000223836	9606.ENSP00000347213	0	0	0	0	0.055	0	0.907	0.220	0.925
AK1	DCK	9606.ENSP00000223836	9606.ENSP00000286648	0	0	0	0	0.055	0	0.910	0.222	0.928
AK1	APRT	9606.ENSP00000223836	9606.ENSP00000367615	0.084	0	0	0	0.142	0	0.934	0.430	0.966
AK2	NME4	9606.ENSP00000499935	9606.ENSP00000219479	0.053	0	0	0	0.080	0	0.713	0.705	0.916
AK2	UMPS	9606.ENSP00000499935	9606.ENSP00000232607	0	0	0	0	0.149	0.085	0.244	0.228	0.485
AK2	NT5C1A	9606.ENSP00000499935	9606.ENSP00000235628	0	0	0	0	0	0	0.689	0.065	0.696
AK2	ATIC	9606.ENSP00000499935	9606.ENSP00000236959	0.041	0	0	0	0.106	0	0.223	0.401	0.547
AK2	NT5C	9606.ENSP00000499935	9606.ENSP00000245552	0	0	0	0	0.056	0	0.684	0.144	0.722
AK2	RRM2B	9606.ENSP00000499935	9606.ENSP00000251810	0	0	0	0	0.075	0	0.739	0.237	0.800
AK2	NT5E	9606.ENSP00000499935	9606.ENSP00000257770	0.042	0	0	0	0.045	0	0.650	0.190	0.706
AK2	DGUOK	9606.ENSP00000499935	9606.ENSP00000264093	0	0	0	0	0.100	0	0.113	0.652	0.698
AK2	DCK	9606.ENSP00000499935	9606.ENSP00000286648	0	0	0	0	0.055	0	0.907	0.198	0.923
AK2	TK2	9606.ENSP00000499935	9606.ENSP00000299697	0	0	0	0	0.055	0	0.113	0.441	0.490
AK2	RRM1	9606.ENSP00000499935	9606.ENSP00000300738	0.042	0	0	0	0.097	0	0.793	0.242	0.846
AK2	ENTPD3	9606.ENSP00000499935	9606.ENSP00000301825	0	0	0	0	0	0	0.673	0.164	0.715
AK2	DTYMK	9606.ENSP00000499935	9606.ENSP00000304802	0	0	0	0	0.111	0.091	0.287	0.594	0.735
AK2	TYMS	9606.ENSP00000499935	9606.ENSP00000315644	0.071	0	0	0	0.126	0	0.181	0.238	0.425
AK2	NME1	9606.ENSP00000499935	9606.ENSP00000337060	0.053	0	0	0	0.145	0	0.713	0.266	0.807
AK2	NT5C2	9606.ENSP00000499935	9606.ENSP00000339479	0	0	0	0	0.042	0	0.650	0.078	0.664
AK2	AK5	9606.ENSP00000499935	9606.ENSP00000346577	0	0	0	0.713	0.062	0.098	0	0.567	0.601
AK2	ENTPD2	9606.ENSP00000499935	9606.ENSP00000347213	0	0	0	0	0	0	0.906	0	0.906
AK2	NT5C1B	9606.ENSP00000499935	9606.ENSP00000352904	0	0	0	0	0	0	0.689	0.065	0.696
AK2	RRM2	9606.ENSP00000499935	9606.ENSP00000353770	0	0	0	0	0.072	0	0.739	0.182	0.785
AK2	PNP	9606.ENSP00000499935	9606.ENSP00000354532	0	0	0	0	0.104	0	0.287	0.439	0.610
AK2	GUK1	9606.ENSP00000499935	9606.ENSP00000355689	0	0	0	0	0.134	0.291	0.184	0.524	0.730
AK2	UCK2	9606.ENSP00000499935	9606.ENSP00000356853	0.042	0	0	0	0.103	0.045	0.173	0.474	0.578
AK2	ENTPD1	9606.ENSP00000499935	9606.ENSP00000360250	0	0	0	0	0	0	0.673	0.160	0.714
AK2	ENTPD8	9606.ENSP00000499935	9606.ENSP00000360561	0	0	0	0	0	0	0.673	0.135	0.705
AK2	CMPK1	9606.ENSP00000499935	9606.ENSP00000360939	0	0	0.108	0.747	0.095	0.098	0	0.314	0.435
AK2	APRT	9606.ENSP00000499935	9606.ENSP00000367615	0.084	0	0	0	0.167	0	0.934	0.442	0.968
AK2	GLRX	9606.ENSP00000499935	9606.ENSP00000369314	0.043	0	0	0	0.112	0	0.287	0.182	0.438
AK2	DUT	9606.ENSP00000499935	9606.ENSP00000370376	0.042	0	0	0	0.119	0.235	0.216	0.272	0.564
AK2	GART	9606.ENSP00000499935	9606.ENSP00000371253	0.053	0	0	0	0.160	0	0	0.394	0.476
AK2	NT5M	9606.ENSP00000499935	9606.ENSP00000373674	0	0	0	0	0	0	0.684	0.621	0.875
AK2	NME2	9606.ENSP00000499935	9606.ENSP00000376886	0.053	0	0	0	0.120	0.232	0.713	0.303	0.849
AK2	AMPD3	9606.ENSP00000499935	9606.ENSP00000379802	0	0	0	0	0.057	0	0.650	0.320	0.756
AK2	CTPS2	9606.ENSP00000499935	9606.ENSP00000401264	0.042	0	0	0	0.112	0	0.275	0.231	0.463
AK2	AMPD1	9606.ENSP00000499935	9606.ENSP00000430075	0	0	0	0	0.057	0	0.650	0.266	0.736
AK2	AMPD2	9606.ENSP00000499935	9606.ENSP00000499465	0	0	0	0	0.064	0	0.650	0.344	0.766
AK5	NME4	9606.ENSP00000346577	9606.ENSP00000219479	0.053	0	0	0	0.080	0	0.716	0.282	0.799
AK5	UMPS	9606.ENSP00000346577	9606.ENSP00000232607	0	0	0	0	0.103	0.067	0.357	0.228	0.528
AK5	NT5C1A	9606.ENSP00000346577	9606.ENSP00000235628	0	0	0	0	0.075	0	0.689	0.081	0.712
AK5	NT5C	9606.ENSP00000346577	9606.ENSP00000245552	0	0	0	0	0	0	0.684	0.055	0.689
AK5	RRM2B	9606.ENSP00000346577	9606.ENSP00000251810	0	0	0	0	0.046	0	0.738	0.051	0.742
AK5	NT5E	9606.ENSP00000346577	9606.ENSP00000257770	0.042	0	0	0	0.101	0	0.650	0.196	0.725
AK5	AK7	9606.ENSP00000346577	9606.ENSP00000267584	0	0	0	0	0.084	0.089	0.400	0.734	0.849
AK5	DCK	9606.ENSP00000346577	9606.ENSP00000286648	0	0	0	0	0.055	0	0.910	0.144	0.921
AK5	RRM1	9606.ENSP00000346577	9606.ENSP00000300738	0.042	0	0	0	0	0	0.795	0.203	0.830
AK5	ENTPD3	9606.ENSP00000346577	9606.ENSP00000301825	0	0	0	0	0.075	0	0.675	0.158	0.725
AK5	DTYMK	9606.ENSP00000346577	9606.ENSP00000304802	0	0	0	0	0	0.099	0.287	0.344	0.542
AK5	NME1	9606.ENSP00000346577	9606.ENSP00000337060	0.053	0	0	0	0.080	0	0.716	0.219	0.781
AK5	NT5C2	9606.ENSP00000346577	9606.ENSP00000339479	0	0	0	0	0	0	0.650	0.048	0.652
AK5	CTPS2	9606.ENSP00000346577	9606.ENSP00000401264	0.042	0	0	0	0.110	0	0.275	0.154	0.407
AK5	GART	9606.ENSP00000346577	9606.ENSP00000371253	0.053	0	0	0	0.081	0	0	0.377	0.411
AK5	GUK1	9606.ENSP00000346577	9606.ENSP00000355689	0	0.011	0	0	0.110	0.133	0.184	0.182	0.416
AK5	ENTPD8	9606.ENSP00000346577	9606.ENSP00000360561	0	0	0	0	0.055	0	0.675	0	0.680
AK5	NT5M	9606.ENSP00000346577	9606.ENSP00000373674	0	0	0	0	0	0	0.684	0.055	0.689
AK5	ENTPD1	9606.ENSP00000346577	9606.ENSP00000360250	0	0	0	0	0.055	0	0.675	0.072	0.690
AK5	NT5C1B	9606.ENSP00000346577	9606.ENSP00000352904	0	0	0	0	0.055	0	0.689	0.081	0.706
AK5	AMPD1	9606.ENSP00000346577	9606.ENSP00000430075	0	0	0	0	0.109	0	0.650	0.172	0.719
AK5	AMPD3	9606.ENSP00000346577	9606.ENSP00000379802	0	0	0	0	0.067	0	0.650	0.255	0.736
AK5	AMPD2	9606.ENSP00000346577	9606.ENSP00000499465	0	0	0	0	0.079	0	0.650	0.247	0.736
AK5	RRM2	9606.ENSP00000346577	9606.ENSP00000353770	0	0	0	0	0.046	0	0.738	0.051	0.742
AK5	NME2	9606.ENSP00000346577	9606.ENSP00000376886	0.053	0	0	0	0.080	0	0.716	0.273	0.796
AK5	ENTPD2	9606.ENSP00000346577	9606.ENSP00000347213	0	0	0	0	0.055	0	0.907	0.115	0.915
AK5	APRT	9606.ENSP00000346577	9606.ENSP00000367615	0.084	0	0	0	0.140	0	0.934	0.415	0.965
AK7	NME4	9606.ENSP00000267584	9606.ENSP00000219479	0.053	0	0	0	0.080	0	0.713	0.162	0.763
AK7	UMPS	9606.ENSP00000267584	9606.ENSP00000232607	0	0	0	0	0.103	0.071	0.244	0.203	0.430
AK7	NT5C1A	9606.ENSP00000267584	9606.ENSP00000235628	0	0	0	0	0	0	0.689	0.065	0.696
AK7	NT5C	9606.ENSP00000267584	9606.ENSP00000245552	0	0	0	0	0	0	0.684	0	0.684
AK7	RRM2B	9606.ENSP00000267584	9606.ENSP00000251810	0	0	0	0	0	0	0.739	0.073	0.748
AK7	NT5E	9606.ENSP00000267584	9606.ENSP00000257770	0.042	0	0	0	0	0	0.650	0.108	0.674
AK7	PNP	9606.ENSP00000267584	9606.ENSP00000354532	0	0	0	0	0.086	0	0.287	0.162	0.406
AK7	CTPS2	9606.ENSP00000267584	9606.ENSP00000401264	0.042	0	0	0	0.110	0	0.275	0.154	0.407
AK7	GUK1	9606.ENSP00000267584	9606.ENSP00000355689	0	0	0	0	0.110	0.190	0.184	0.164	0.443
AK7	DTYMK	9606.ENSP00000267584	9606.ENSP00000304802	0	0	0	0	0	0.091	0.287	0.247	0.469
AK7	NT5C2	9606.ENSP00000267584	9606.ENSP00000339479	0	0	0	0	0	0	0.650	0	0.650
AK7	ENTPD8	9606.ENSP00000267584	9606.ENSP00000360561	0	0	0	0	0	0	0.673	0	0.673
AK7	ENTPD3	9606.ENSP00000267584	9606.ENSP00000301825	0	0	0	0	0.042	0	0.673	0	0.673
AK7	ENTPD1	9606.ENSP00000267584	9606.ENSP00000360250	0	0	0	0	0	0	0.673	0	0.673
AK7	NT5M	9606.ENSP00000267584	9606.ENSP00000373674	0	0	0	0	0	0	0.684	0	0.684
AK7	NT5C1B	9606.ENSP00000267584	9606.ENSP00000352904	0	0	0	0	0	0	0.689	0.065	0.696
AK7	AMPD2	9606.ENSP00000267584	9606.ENSP00000499465	0	0	0	0	0.057	0	0.650	0.184	0.707
AK7	AMPD3	9606.ENSP00000267584	9606.ENSP00000379802	0	0	0	0	0.057	0	0.650	0.199	0.712
AK7	AMPD1	9606.ENSP00000267584	9606.ENSP00000430075	0	0	0	0	0.057	0	0.650	0.224	0.721
AK7	RRM2	9606.ENSP00000267584	9606.ENSP00000353770	0	0	0	0	0	0	0.739	0.073	0.748
AK7	NME2	9606.ENSP00000267584	9606.ENSP00000376886	0.053	0	0	0	0.080	0	0.713	0.135	0.755
AK7	NME1	9606.ENSP00000267584	9606.ENSP00000337060	0.053	0	0	0	0.080	0	0.713	0.201	0.774
AK7	RRM1	9606.ENSP00000267584	9606.ENSP00000300738	0.042	0	0	0	0	0	0.793	0.203	0.828
AK7	ENTPD2	9606.ENSP00000267584	9606.ENSP00000347213	0	0	0	0	0	0	0.906	0	0.906
AK7	DCK	9606.ENSP00000267584	9606.ENSP00000286648	0	0	0	0	0.055	0	0.907	0.143	0.918
AK7	APRT	9606.ENSP00000267584	9606.ENSP00000367615	0.084	0	0	0	0.140	0	0.934	0.204	0.953
AMPD1	NT5C1A	9606.ENSP00000430075	9606.ENSP00000235628	0	0	0	0	0.122	0	0.650	0.578	0.859
AMPD1	ATIC	9606.ENSP00000430075	9606.ENSP00000236959	0	0	0	0	0	0.052	0.900	0.694	0.968
AMPD1	GDA	9606.ENSP00000430075	9606.ENSP00000238018	0.073	0	0	0	0	0.055	0	0.577	0.597
AMPD1	NT5C	9606.ENSP00000430075	9606.ENSP00000245552	0	0	0	0	0	0	0.763	0.336	0.836
AMPD1	NT5E	9606.ENSP00000430075	9606.ENSP00000257770	0.081	0	0	0	0	0	0.798	0.353	0.870
AMPD1	GMPR	9606.ENSP00000430075	9606.ENSP00000259727	0.057	0	0	0	0.140	0.091	0.914	0.391	0.954
AMPD1	PPAT	9606.ENSP00000430075	9606.ENSP00000264220	0	0	0	0	0	0.096	0	0.468	0.498
AMPD1	DCK	9606.ENSP00000430075	9606.ENSP00000286648	0	0	0	0	0	0	0.900	0.505	0.948
AMPD1	HPRT1	9606.ENSP00000430075	9606.ENSP00000298556	0	0	0	0	0	0	0.932	0.482	0.963
AMPD1	ENTPD3	9606.ENSP00000430075	9606.ENSP00000301825	0	0	0	0	0.047	0	0.900	0.195	0.916
AMPD1	TYMS	9606.ENSP00000430075	9606.ENSP00000315644	0.099	0	0	0	0.130	0	0	0.426	0.510
AMPD1	IMPDH2	9606.ENSP00000430075	9606.ENSP00000321584	0.057	0	0	0	0.067	0.091	0.914	0.587	0.966
AMPD1	UPP1	9606.ENSP00000430075	9606.ENSP00000330032	0.055	0	0	0	0	0	0.352	0.102	0.402
AMPD1	ENTPD5	9606.ENSP00000430075	9606.ENSP00000335246	0	0	0	0	0.055	0	0.900	0.205	0.918
AMPD1	NT5C2	9606.ENSP00000430075	9606.ENSP00000339479	0	0	0	0	0	0	0.678	0.396	0.797
AMPD1	IMPDH1	9606.ENSP00000430075	9606.ENSP00000345096	0.057	0	0	0	0.067	0.091	0.914	0.543	0.963
AMPD1	ENTPD4	9606.ENSP00000430075	9606.ENSP00000351520	0	0	0	0	0.042	0	0.900	0.181	0.914
AMPD1	NT5C1B	9606.ENSP00000430075	9606.ENSP00000352904	0	0	0	0	0.122	0	0.650	0.239	0.745
AMPD1	PNP	9606.ENSP00000430075	9606.ENSP00000354532	0.079	0	0	0	0.074	0	0.352	0.717	0.822
AMPD1	ENTPD1	9606.ENSP00000430075	9606.ENSP00000360250	0	0	0	0	0.058	0	0.900	0.245	0.922
AMPD1	ENTPD8	9606.ENSP00000430075	9606.ENSP00000360561	0	0	0	0	0.046	0	0.900	0.228	0.919
AMPD1	ENTPD6	9606.ENSP00000430075	9606.ENSP00000365840	0	0	0	0	0.055	0	0.900	0.183	0.916
AMPD1	APRT	9606.ENSP00000430075	9606.ENSP00000367615	0	0	0	0	0.140	0.163	0.942	0.685	0.985
AMPD1	XDH	9606.ENSP00000430075	9606.ENSP00000368727	0.077	0	0	0	0.049	0	0	0.446	0.472
AMPD1	ITPA	9606.ENSP00000430075	9606.ENSP00000369456	0.057	0	0	0	0	0	0.900	0.653	0.964
AMPD1	GART	9606.ENSP00000430075	9606.ENSP00000371253	0	0	0	0	0.056	0	0	0.475	0.483
AMPD1	NT5M	9606.ENSP00000430075	9606.ENSP00000373674	0	0	0	0	0	0	0.763	0.166	0.794
AMPD1	AMPD3	9606.ENSP00000430075	9606.ENSP00000379802	0	0	0.060	0.960	0.067	0.311	0.900	0.077	0.934
AMPD1	PAICS	9606.ENSP00000430075	9606.ENSP00000382595	0.042	0	0	0	0.061	0	0	0.397	0.410
AMPD1	GMPS	9606.ENSP00000430075	9606.ENSP00000419851	0.100	0	0	0	0.141	0	0	0.637	0.695
AMPD1	NUDT16	9606.ENSP00000430075	9606.ENSP00000422375	0	0	0	0	0	0	0.900	0.139	0.910
AMPD1	GMPR2	9606.ENSP00000430075	9606.ENSP00000454038	0.057	0	0	0	0.140	0.091	0.179	0.164	0.401
AMPD1	UPP2	9606.ENSP00000430075	9606.ENSP00000474090	0.055	0	0	0	0	0	0.352	0.160	0.440
AMPD1	AMPD2	9606.ENSP00000430075	9606.ENSP00000499465	0	0	0.073	0.933	0.067	0.311	0.900	0.379	0.956
AMPD2	NT5C1A	9606.ENSP00000499465	9606.ENSP00000235628	0	0	0	0	0.094	0	0.650	0.420	0.800
AMPD2	ATIC	9606.ENSP00000499465	9606.ENSP00000236959	0	0	0	0	0.050	0.052	0.900	0.524	0.951
AMPD2	GDA	9606.ENSP00000499465	9606.ENSP00000238018	0.073	0	0	0	0.042	0.055	0	0.578	0.599
AMPD2	NT5C	9606.ENSP00000499465	9606.ENSP00000245552	0	0	0	0	0.047	0	0.763	0.316	0.832
AMPD2	NT5E	9606.ENSP00000499465	9606.ENSP00000257770	0.081	0	0	0	0.042	0	0.798	0.431	0.885
AMPD2	GMPR	9606.ENSP00000499465	9606.ENSP00000259727	0.057	0	0	0	0.093	0.091	0.914	0.448	0.956
AMPD2	PPAT	9606.ENSP00000499465	9606.ENSP00000264220	0	0	0	0	0.057	0.096	0	0.442	0.483
AMPD2	DCK	9606.ENSP00000499465	9606.ENSP00000286648	0	0	0	0	0.044	0	0.900	0.522	0.950
AMPD2	HPRT1	9606.ENSP00000499465	9606.ENSP00000298556	0	0	0	0	0.057	0	0.932	0.484	0.964
AMPD2	ENTPD3	9606.ENSP00000499465	9606.ENSP00000301825	0	0	0	0	0.055	0	0.900	0.242	0.922
AMPD2	IMPDH2	9606.ENSP00000499465	9606.ENSP00000321584	0.057	0	0	0	0.074	0.091	0.914	0.581	0.966
AMPD2	UPP1	9606.ENSP00000499465	9606.ENSP00000330032	0.055	0	0	0	0.047	0	0.352	0.112	0.412
AMPD2	ENTPD5	9606.ENSP00000499465	9606.ENSP00000335246	0	0	0	0	0.055	0	0.900	0.167	0.914
AMPD2	NT5C2	9606.ENSP00000499465	9606.ENSP00000339479	0	0	0	0	0.054	0	0.678	0.569	0.857
AMPD2	IMPDH1	9606.ENSP00000499465	9606.ENSP00000345096	0.057	0	0	0	0.132	0.091	0.914	0.582	0.968
AMPD2	ENTPD4	9606.ENSP00000499465	9606.ENSP00000351520	0	0	0	0	0.060	0	0.900	0.134	0.911
AMPD2	NT5C1B	9606.ENSP00000499465	9606.ENSP00000352904	0	0	0	0	0.094	0	0.650	0.181	0.717
AMPD2	PNP	9606.ENSP00000499465	9606.ENSP00000354532	0.079	0	0	0	0.074	0	0.352	0.739	0.836
AMPD2	ENTPD1	9606.ENSP00000499465	9606.ENSP00000360250	0	0	0	0	0.055	0	0.900	0.342	0.932
AMPD2	ENTPD8	9606.ENSP00000499465	9606.ENSP00000360561	0	0	0	0	0.055	0	0.900	0.207	0.918
AMPD2	ENTPD6	9606.ENSP00000499465	9606.ENSP00000365840	0	0	0	0	0.080	0	0.900	0.184	0.918
AMPD2	APRT	9606.ENSP00000499465	9606.ENSP00000367615	0	0	0	0	0.151	0.163	0.942	0.698	0.986
AMPD2	XDH	9606.ENSP00000499465	9606.ENSP00000368727	0.077	0	0	0	0	0	0	0.464	0.484
AMPD2	ITPA	9606.ENSP00000499465	9606.ENSP00000369456	0.057	0	0	0	0.043	0	0.900	0.362	0.934
AMPD2	GART	9606.ENSP00000499465	9606.ENSP00000371253	0	0	0	0	0.058	0	0	0.410	0.421
AMPD2	NT5M	9606.ENSP00000499465	9606.ENSP00000373674	0	0	0	0	0.042	0	0.763	0.115	0.781
AMPD2	AMPD3	9606.ENSP00000499465	9606.ENSP00000379802	0	0	0.069	0.941	0.056	0.166	0.900	0.094	0.921
AMPD2	GMPS	9606.ENSP00000499465	9606.ENSP00000419851	0.100	0	0	0	0.141	0	0	0.669	0.722
AMPD2	NUDT16	9606.ENSP00000499465	9606.ENSP00000422375	0	0	0	0	0.049	0	0.900	0.164	0.913
AMPD2	UPP2	9606.ENSP00000499465	9606.ENSP00000474090	0.055	0	0	0	0	0	0.352	0.256	0.505
AMPD3	NT5C1A	9606.ENSP00000379802	9606.ENSP00000235628	0	0	0	0	0.094	0	0.650	0.418	0.799
AMPD3	ATIC	9606.ENSP00000379802	9606.ENSP00000236959	0	0	0	0	0	0.052	0.900	0.492	0.947
AMPD3	GDA	9606.ENSP00000379802	9606.ENSP00000238018	0.073	0	0	0	0	0.055	0	0.588	0.607
AMPD3	NT5C	9606.ENSP00000379802	9606.ENSP00000245552	0	0	0	0	0	0	0.763	0.374	0.845
AMPD3	NT5E	9606.ENSP00000379802	9606.ENSP00000257770	0.081	0	0	0	0	0	0.798	0.416	0.882
AMPD3	GMPR	9606.ENSP00000379802	9606.ENSP00000259727	0.057	0	0	0	0.086	0.091	0.914	0.476	0.958
AMPD3	PPAT	9606.ENSP00000379802	9606.ENSP00000264220	0	0	0	0	0	0.096	0	0.499	0.528
AMPD3	DCK	9606.ENSP00000379802	9606.ENSP00000286648	0	0	0	0	0.045	0	0.900	0.296	0.926
AMPD3	HPRT1	9606.ENSP00000379802	9606.ENSP00000298556	0	0	0	0	0.042	0	0.932	0.486	0.963
AMPD3	ENTPD3	9606.ENSP00000379802	9606.ENSP00000301825	0	0	0	0	0.068	0	0.900	0.187	0.917
AMPD3	IMPDH2	9606.ENSP00000379802	9606.ENSP00000321584	0.057	0	0	0	0.067	0.091	0.914	0.582	0.966
AMPD3	UPP1	9606.ENSP00000379802	9606.ENSP00000330032	0.055	0	0	0	0.049	0	0.352	0.112	0.413
AMPD3	ENTPD5	9606.ENSP00000379802	9606.ENSP00000335246	0	0	0	0	0.055	0	0.900	0.277	0.925
AMPD3	NT5C2	9606.ENSP00000379802	9606.ENSP00000339479	0	0	0	0	0	0	0.678	0.422	0.806
AMPD3	IMPDH1	9606.ENSP00000379802	9606.ENSP00000345096	0.057	0	0	0	0.067	0.091	0.914	0.569	0.965
AMPD3	ENTPD4	9606.ENSP00000379802	9606.ENSP00000351520	0	0	0	0	0.042	0	0.900	0.289	0.925
AMPD3	NT5C1B	9606.ENSP00000379802	9606.ENSP00000352904	0	0	0	0	0.094	0	0.650	0.335	0.771
AMPD3	PNP	9606.ENSP00000379802	9606.ENSP00000354532	0.079	0	0	0	0.074	0	0.352	0.746	0.841
AMPD3	ENTPD1	9606.ENSP00000379802	9606.ENSP00000360250	0	0	0	0	0.107	0	0.900	0.247	0.926
AMPD3	ENTPD8	9606.ENSP00000379802	9606.ENSP00000360561	0	0	0	0	0.091	0	0.900	0.210	0.921
AMPD3	ENTPD6	9606.ENSP00000379802	9606.ENSP00000365840	0	0	0	0	0.055	0	0.900	0.089	0.906
AMPD3	APRT	9606.ENSP00000379802	9606.ENSP00000367615	0	0	0	0	0.140	0.163	0.942	0.706	0.986
AMPD3	XDH	9606.ENSP00000379802	9606.ENSP00000368727	0.077	0	0	0	0	0	0	0.464	0.484
AMPD3	ITPA	9606.ENSP00000379802	9606.ENSP00000369456	0.057	0	0	0	0	0	0.900	0.361	0.934
AMPD3	GART	9606.ENSP00000379802	9606.ENSP00000371253	0	0	0	0	0.056	0	0	0.454	0.462
AMPD3	NT5M	9606.ENSP00000379802	9606.ENSP00000373674	0	0	0	0	0	0	0.763	0.223	0.808
AMPD3	UPP2	9606.ENSP00000379802	9606.ENSP00000474090	0.055	0	0	0	0	0	0.352	0.112	0.408
AMPD3	PAICS	9606.ENSP00000379802	9606.ENSP00000382595	0.042	0	0	0	0.061	0	0	0.403	0.416
AMPD3	GMPS	9606.ENSP00000379802	9606.ENSP00000419851	0.100	0	0	0	0.141	0	0	0.665	0.718
AMPD3	NUDT16	9606.ENSP00000379802	9606.ENSP00000422375	0	0	0	0	0	0	0.900	0.153	0.911
APRT	DHODH	9606.ENSP00000367615	9606.ENSP00000219240	0.060	0	0	0	0.187	0	0.216	0.486	0.651
APRT	GSR	9606.ENSP00000367615	9606.ENSP00000221130	0.061	0	0	0	0.049	0	0	0.531	0.544
APRT	UMPS	9606.ENSP00000367615	9606.ENSP00000232607	0.151	0	0	0	0.224	0.422	0	0.680	0.862
APRT	NT5C1A	9606.ENSP00000367615	9606.ENSP00000235628	0.042	0	0	0	0.091	0	0.900	0.286	0.929
APRT	ATIC	9606.ENSP00000367615	9606.ENSP00000236959	0.231	0	0	0	0.425	0.091	0.900	0.627	0.982
APRT	GDA	9606.ENSP00000367615	9606.ENSP00000238018	0.042	0	0	0	0.053	0	0.900	0.716	0.970
APRT	NT5C	9606.ENSP00000367615	9606.ENSP00000245552	0	0	0	0	0.081	0	0.900	0.121	0.912
APRT	NT5E	9606.ENSP00000367615	9606.ENSP00000257770	0.231	0	0	0	0.043	0	0.900	0.441	0.953
APRT	GMPR	9606.ENSP00000367615	9606.ENSP00000259727	0.095	0	0	0	0.128	0	0.900	0.520	0.957
APRT	DGUOK	9606.ENSP00000367615	9606.ENSP00000264093	0.057	0	0	0	0.139	0	0	0.457	0.521
APRT	PPAT	9606.ENSP00000367615	9606.ENSP00000264220	0.046	0	0	0	0.309	0	0	0.717	0.797
APRT	CAD	9606.ENSP00000367615	9606.ENSP00000264705	0.093	0	0	0	0.125	0	0	0.343	0.433
APRT	DCK	9606.ENSP00000367615	9606.ENSP00000286648	0.057	0	0	0	0.115	0	0.900	0.480	0.950
APRT	HPRT1	9606.ENSP00000367615	9606.ENSP00000298556	0.117	0	0	0	0.067	0.226	0.900	0.933	0.994
APRT	TK2	9606.ENSP00000367615	9606.ENSP00000299697	0.057	0	0	0	0.110	0	0	0.411	0.463
APRT	RRM1	9606.ENSP00000367615	9606.ENSP00000300738	0	0	0	0	0.060	0	0	0.405	0.417
APRT	ENTPD3	9606.ENSP00000367615	9606.ENSP00000301825	0	0	0	0	0	0	0.900	0.201	0.916
APRT	DTYMK	9606.ENSP00000367615	9606.ENSP00000304802	0.045	0	0	0	0.161	0	0	0.358	0.441
APRT	PFAS	9606.ENSP00000367615	9606.ENSP00000313490	0	0	0	0	0.048	0	0	0.421	0.425
APRT	TYMS	9606.ENSP00000367615	9606.ENSP00000315644	0.086	0	0	0	0.162	0	0	0.479	0.566
APRT	IMPDH2	9606.ENSP00000367615	9606.ENSP00000321584	0.095	0	0	0	0.318	0	0	0.673	0.780
APRT	UPB1	9606.ENSP00000367615	9606.ENSP00000324343	0	0	0	0	0	0	0.142	0.353	0.421
APRT	UPP1	9606.ENSP00000367615	9606.ENSP00000330032	0.046	0	0	0	0.042	0	0.792	0.453	0.882
APRT	ENTPD5	9606.ENSP00000367615	9606.ENSP00000335246	0	0	0	0	0.104	0	0.900	0.088	0.911
APRT	NME1	9606.ENSP00000367615	9606.ENSP00000337060	0.086	0	0	0	0.226	0	0	0.308	0.468
APRT	NT5C2	9606.ENSP00000367615	9606.ENSP00000339479	0	0	0	0	0.049	0	0.900	0.151	0.912
APRT	IMPDH1	9606.ENSP00000367615	9606.ENSP00000345096	0.095	0	0	0	0.133	0	0	0.613	0.670
APRT	ENTPD4	9606.ENSP00000367615	9606.ENSP00000351520	0	0	0	0	0.042	0	0.900	0.121	0.908
APRT	NT5C1B	9606.ENSP00000367615	9606.ENSP00000352904	0.042	0	0	0	0.086	0	0.900	0.134	0.914
APRT	PNP	9606.ENSP00000367615	9606.ENSP00000354532	0.120	0	0	0	0.148	0	0.978	0.808	0.996
APRT	GUK1	9606.ENSP00000367615	9606.ENSP00000355689	0.048	0	0	0	0.322	0	0.923	0.488	0.971
APRT	UCK2	9606.ENSP00000367615	9606.ENSP00000356853	0	0	0	0	0.141	0	0	0.353	0.421
APRT	DPYD	9606.ENSP00000367615	9606.ENSP00000359211	0.060	0	0	0	0.137	0	0.216	0.443	0.598
APRT	ENTPD1	9606.ENSP00000367615	9606.ENSP00000360250	0	0	0	0	0	0	0.900	0.125	0.908
APRT	ENTPD8	9606.ENSP00000367615	9606.ENSP00000360561	0	0	0	0	0	0	0.900	0.135	0.909
APRT	CMPK1	9606.ENSP00000367615	9606.ENSP00000360939	0.084	0	0	0	0.152	0	0.374	0.418	0.679
APRT	UCK1	9606.ENSP00000367615	9606.ENSP00000361285	0	0	0	0	0.118	0	0	0.404	0.452
APRT	CDA	9606.ENSP00000367615	9606.ENSP00000364212	0.103	0	0	0	0.103	0	0	0.404	0.479
APRT	ENTPD6	9606.ENSP00000367615	9606.ENSP00000365840	0	0	0	0	0.129	0	0.900	0.072	0.912
APRT	XDH	9606.ENSP00000367615	9606.ENSP00000368727	0	0	0	0	0	0	0	0.418	0.418
APRT	GLRX	9606.ENSP00000367615	9606.ENSP00000369314	0	0	0	0	0.049	0	0.154	0.347	0.428
APRT	NME2	9606.ENSP00000367615	9606.ENSP00000376886	0.086	0	0	0	0.238	0	0	0.279	0.454
APRT	TK1	9606.ENSP00000367615	9606.ENSP00000468425	0.057	0	0	0	0.179	0	0	0.435	0.525
APRT	CTPS2	9606.ENSP00000367615	9606.ENSP00000401264	0.107	0	0	0	0.315	0	0	0.461	0.642
APRT	PAICS	9606.ENSP00000367615	9606.ENSP00000382595	0.054	0	0	0	0.334	0	0	0.544	0.688
APRT	GART	9606.ENSP00000367615	9606.ENSP00000371253	0.268	0	0	0	0.597	0.115	0	0.592	0.879
APRT	UPP2	9606.ENSP00000367615	9606.ENSP00000474090	0.046	0	0	0	0	0	0.792	0.445	0.880
APRT	NT5M	9606.ENSP00000367615	9606.ENSP00000373674	0	0	0	0	0.044	0	0.900	0.050	0.901
APRT	TYMP	9606.ENSP00000367615	9606.ENSP00000379038	0.223	0	0	0	0.074	0	0.809	0.457	0.915
APRT	ITPA	9606.ENSP00000367615	9606.ENSP00000369456	0.045	0	0	0	0.226	0.079	0.980	0.344	0.989
APRT	GMPS	9606.ENSP00000367615	9606.ENSP00000419851	0.231	0	0	0	0.760	0.226	0.900	0.717	0.995
ATIC	DHODH	9606.ENSP00000236959	9606.ENSP00000219240	0.119	0	0	0	0.207	0	0	0.557	0.664
ATIC	UMPS	9606.ENSP00000236959	9606.ENSP00000232607	0.102	0	0	0	0.371	0	0	0.617	0.765
ATIC	NT5C1A	9606.ENSP00000236959	9606.ENSP00000235628	0	0	0	0	0	0	0.900	0.325	0.929
ATIC	CDA	9606.ENSP00000236959	9606.ENSP00000364212	0	0	0	0	0	0	0	0.403	0.403
ATIC	UCK2	9606.ENSP00000236959	9606.ENSP00000356853	0.041	0	0	0	0.166	0	0	0.338	0.425
ATIC	GDA	9606.ENSP00000236959	9606.ENSP00000238018	0.061	0	0	0	0.128	0	0	0.356	0.427
ATIC	NME2	9606.ENSP00000236959	9606.ENSP00000376886	0	0	0	0	0.215	0.069	0	0.284	0.431
ATIC	TYMP	9606.ENSP00000236959	9606.ENSP00000379038	0.042	0	0	0	0	0	0	0.433	0.433
ATIC	CMPK1	9606.ENSP00000236959	9606.ENSP00000360939	0.041	0	0	0	0.049	0	0.223	0.339	0.469
ATIC	CTPS2	9606.ENSP00000236959	9606.ENSP00000401264	0.081	0	0	0	0.133	0	0	0.399	0.479
ATIC	TK1	9606.ENSP00000236959	9606.ENSP00000468425	0	0	0	0	0.142	0	0	0.418	0.479
ATIC	DTYMK	9606.ENSP00000236959	9606.ENSP00000304802	0	0	0	0	0.353	0	0	0.243	0.489
ATIC	PNP	9606.ENSP00000236959	9606.ENSP00000354532	0	0	0	0	0.094	0	0	0.467	0.496
ATIC	GUK1	9606.ENSP00000236959	9606.ENSP00000355689	0.055	0	0	0	0.063	0	0	0.541	0.558
ATIC	DPYS	9606.ENSP00000236959	9606.ENSP00000276651	0.069	0	0	0	0.087	0	0.184	0.447	0.565
ATIC	DPYD	9606.ENSP00000236959	9606.ENSP00000359211	0.119	0	0	0	0.185	0	0	0.488	0.600
ATIC	RRM1	9606.ENSP00000236959	9606.ENSP00000300738	0	0	0	0	0.330	0	0	0.457	0.620
ATIC	CAD	9606.ENSP00000236959	9606.ENSP00000264705	0.094	0	0	0	0.323	0	0	0.487	0.658
ATIC	GMPR2	9606.ENSP00000236959	9606.ENSP00000454038	0.102	0	0	0	0.307	0	0.449	0.240	0.704
ATIC	PFAS	9606.ENSP00000236959	9606.ENSP00000313490	0	0	0	0	0.173	0	0	0.790	0.819
ATIC	TYMS	9606.ENSP00000236959	9606.ENSP00000315644	0	0	0	0	0.181	0.222	0	0.794	0.857
ATIC	NUDT16	9606.ENSP00000236959	9606.ENSP00000422375	0	0	0	0	0.062	0	0.900	0	0.902
ATIC	NT5C	9606.ENSP00000236959	9606.ENSP00000245552	0	0	0	0	0.097	0	0.900	0	0.905
ATIC	ENTPD6	9606.ENSP00000236959	9606.ENSP00000365840	0	0	0	0	0.063	0	0.900	0.090	0.907
ATIC	NT5M	9606.ENSP00000236959	9606.ENSP00000373674	0	0	0	0	0.083	0	0.900	0.104	0.910
ATIC	ENTPD5	9606.ENSP00000236959	9606.ENSP00000335246	0	0	0	0	0	0	0.900	0.141	0.910
ATIC	NT5C2	9606.ENSP00000236959	9606.ENSP00000339479	0	0	0	0	0.049	0	0.900	0.135	0.910
ATIC	ENTPD3	9606.ENSP00000236959	9606.ENSP00000301825	0	0	0	0	0	0	0.900	0.165	0.913
ATIC	NT5C1B	9606.ENSP00000236959	9606.ENSP00000352904	0	0	0	0	0	0	0.900	0.223	0.919
ATIC	ENTPD8	9606.ENSP00000236959	9606.ENSP00000360561	0	0	0	0	0	0	0.900	0.226	0.919
ATIC	ENTPD1	9606.ENSP00000236959	9606.ENSP00000360250	0	0	0	0	0	0	0.900	0.224	0.919
ATIC	GMPS	9606.ENSP00000236959	9606.ENSP00000419851	0.231	0	0	0	0.486	0	0	0.817	0.921
ATIC	ENTPD4	9606.ENSP00000236959	9606.ENSP00000351520	0	0	0	0	0	0	0.900	0.258	0.922
ATIC	NT5E	9606.ENSP00000236959	9606.ENSP00000257770	0	0	0	0	0.058	0	0.900	0.392	0.937
ATIC	HPRT1	9606.ENSP00000236959	9606.ENSP00000298556	0.119	0	0	0	0.088	0	0.900	0.542	0.958
ATIC	ITPA	9606.ENSP00000236959	9606.ENSP00000369456	0	0	0	0	0.137	0	0.900	0.727	0.974
ATIC	GMPR	9606.ENSP00000236959	9606.ENSP00000259727	0.102	0	0	0	0.296	0	0.942	0.404	0.975
ATIC	IMPDH1	9606.ENSP00000236959	9606.ENSP00000345096	0.102	0	0	0	0.309	0	0.942	0.502	0.979
ATIC	IMPDH2	9606.ENSP00000236959	9606.ENSP00000321584	0.102	0	0	0	0.577	0	0.942	0.637	0.991
ATIC	PPAT	9606.ENSP00000236959	9606.ENSP00000264220	0.231	0	0.252	0	0.966	0.164	0	0.761	0.995
ATIC	PAICS	9606.ENSP00000236959	9606.ENSP00000382595	0.231	0	0	0	0.978	0.425	0	0.735	0.997
ATIC	GART	9606.ENSP00000236959	9606.ENSP00000371253	0.356	0.001	0.349	0	0.971	0.225	0.980	0.916	0.999
CAD	DHODH	9606.ENSP00000264705	9606.ENSP00000219240	0.095	0	0	0	0.619	0.071	0.937	0.778	0.994
CAD	UMPS	9606.ENSP00000264705	9606.ENSP00000232607	0.111	0	0	0	0.699	0.099	0	0.804	0.946
CAD	GDA	9606.ENSP00000264705	9606.ENSP00000238018	0.047	0	0	0	0.204	0	0	0.316	0.436
CAD	PPAT	9606.ENSP00000264705	9606.ENSP00000264220	0.111	0	0	0	0.539	0	0.911	0.804	0.991
CAD	IMPDH1	9606.ENSP00000264705	9606.ENSP00000345096	0.057	0	0	0	0.152	0	0	0.337	0.424
CAD	CDA	9606.ENSP00000264705	9606.ENSP00000364212	0.054	0	0	0	0	0	0	0.434	0.442
CAD	UPP2	9606.ENSP00000264705	9606.ENSP00000474090	0	0	0	0	0	0	0	0.473	0.473
CAD	UPP1	9606.ENSP00000264705	9606.ENSP00000330032	0	0	0	0	0	0	0	0.485	0.485
CAD	UCK2	9606.ENSP00000264705	9606.ENSP00000356853	0	0	0	0	0.117	0	0	0.450	0.494
CAD	DUT	9606.ENSP00000264705	9606.ENSP00000370376	0	0	0	0	0.123	0	0	0.460	0.506
CAD	UCK1	9606.ENSP00000264705	9606.ENSP00000361285	0	0	0	0	0.080	0	0	0.495	0.516
CAD	CMPK1	9606.ENSP00000264705	9606.ENSP00000360939	0	0	0	0	0.042	0.076	0	0.516	0.534
CAD	TYMS	9606.ENSP00000264705	9606.ENSP00000315644	0	0	0	0	0.174	0	0	0.480	0.553
CAD	PAICS	9606.ENSP00000264705	9606.ENSP00000382595	0.110	0	0	0	0.198	0	0	0.432	0.559
CAD	IMPDH2	9606.ENSP00000264705	9606.ENSP00000321584	0.057	0	0	0	0.279	0	0	0.415	0.568
CAD	CTPS2	9606.ENSP00000264705	9606.ENSP00000401264	0.079	0	0	0	0.136	0.132	0	0.482	0.594
CAD	DTYMK	9606.ENSP00000264705	9606.ENSP00000304802	0	0	0	0	0.131	0	0	0.558	0.599
CAD	PFAS	9606.ENSP00000264705	9606.ENSP00000313490	0	0	0	0	0.319	0	0	0.507	0.650
CAD	GMPS	9606.ENSP00000264705	9606.ENSP00000419851	0.109	0	0	0	0.376	0	0	0.585	0.749
CAD	DPYS	9606.ENSP00000264705	9606.ENSP00000276651	0.059	0	0	0	0.401	0.071	0.281	0.487	0.772
CAD	DPYD	9606.ENSP00000264705	9606.ENSP00000359211	0.095	0	0	0	0.602	0.079	0.400	0.321	0.840
CAD	GART	9606.ENSP00000264705	9606.ENSP00000371253	0.214	0	0	0	0.326	0	0.514	0.581	0.877
CAT	GSR	9606.ENSP00000241052	9606.ENSP00000221130	0	0	0	0	0.072	0.244	0	0.536	0.646
CAT	TXNRD1	9606.ENSP00000241052	9606.ENSP00000434516	0	0	0	0	0.070	0.153	0	0.303	0.403
CDA	DHODH	9606.ENSP00000364212	9606.ENSP00000219240	0.070	0	0	0	0	0	0.217	0.496	0.601
CDA	UMPS	9606.ENSP00000364212	9606.ENSP00000232607	0.070	0	0	0	0	0	0	0.626	0.638
CDA	NT5C1A	9606.ENSP00000364212	9606.ENSP00000235628	0	0	0	0	0.045	0	0.900	0.308	0.928
CDA	GDA	9606.ENSP00000364212	9606.ENSP00000238018	0.118	0	0	0	0.043	0	0	0.475	0.518
CDA	NT5C	9606.ENSP00000364212	9606.ENSP00000245552	0	0	0	0	0	0	0.900	0.305	0.927
CDA	NT5E	9606.ENSP00000364212	9606.ENSP00000257770	0.231	0	0	0	0.062	0	0.900	0.212	0.935
CDA	DGUOK	9606.ENSP00000364212	9606.ENSP00000264093	0.053	0	0	0	0	0	0.510	0.371	0.682
CDA	DCK	9606.ENSP00000364212	9606.ENSP00000286648	0.053	0	0	0	0	0	0.948	0.940	0.996
CDA	TK2	9606.ENSP00000364212	9606.ENSP00000299697	0.053	0	0	0	0.042	0	0.948	0.483	0.972
CDA	RRM1	9606.ENSP00000364212	9606.ENSP00000300738	0.122	0	0	0	0	0	0	0.628	0.659
CDA	DTYMK	9606.ENSP00000364212	9606.ENSP00000304802	0.061	0	0	0	0	0	0.792	0.490	0.891
CDA	TYMS	9606.ENSP00000364212	9606.ENSP00000315644	0	0	0	0	0	0	0.796	0.648	0.925
CDA	UPB1	9606.ENSP00000364212	9606.ENSP00000324343	0.042	0	0	0	0.139	0	0	0.358	0.424
CDA	UPP1	9606.ENSP00000364212	9606.ENSP00000330032	0.120	0	0	0	0.610	0	0.978	0.665	0.997
CDA	NT5C2	9606.ENSP00000364212	9606.ENSP00000339479	0	0	0	0	0.048	0	0.900	0.400	0.937
CDA	DCTD	9606.ENSP00000364212	9606.ENSP00000349576	0.099	0	0	0	0.110	0	0	0.909	0.921
CDA	NT5C1B	9606.ENSP00000364212	9606.ENSP00000352904	0	0	0	0	0	0	0.900	0.117	0.907
CDA	RRM2	9606.ENSP00000364212	9606.ENSP00000353770	0	0	0	0	0	0	0	0.419	0.419
CDA	PNP	9606.ENSP00000364212	9606.ENSP00000354532	0.120	0	0	0	0.109	0	0.911	0.334	0.947
CDA	UCK2	9606.ENSP00000364212	9606.ENSP00000356853	0.086	0	0	0	0	0	0.945	0.575	0.977
CDA	DPYD	9606.ENSP00000364212	9606.ENSP00000359211	0.070	0	0	0	0.060	0	0.217	0.646	0.725
CDA	CMPK1	9606.ENSP00000364212	9606.ENSP00000360939	0.078	0	0	0	0	0	0.155	0.546	0.616
CDA	UCK1	9606.ENSP00000364212	9606.ENSP00000361285	0.086	0	0	0	0	0	0.945	0.578	0.977
CDA	GMPS	9606.ENSP00000364212	9606.ENSP00000419851	0.120	0	0	0	0	0	0	0.362	0.415
CDA	GART	9606.ENSP00000364212	9606.ENSP00000371253	0.121	0	0	0	0	0	0	0.445	0.491
CDA	DUT	9606.ENSP00000364212	9606.ENSP00000370376	0	0	0	0	0	0	0	0.512	0.512
CDA	CTPS2	9606.ENSP00000364212	9606.ENSP00000401264	0.110	0	0	0	0	0	0	0.490	0.527
CDA	NT5M	9606.ENSP00000364212	9606.ENSP00000373674	0	0	0	0	0	0	0.900	0.183	0.914
CDA	TK1	9606.ENSP00000364212	9606.ENSP00000468425	0.231	0	0	0	0.044	0	0.809	0.509	0.921
CDA	UPP2	9606.ENSP00000364212	9606.ENSP00000474090	0.120	0	0	0	0.592	0	0.978	0.665	0.997
CDA	TYMP	9606.ENSP00000364212	9606.ENSP00000379038	0.231	0	0.418	0	0.311	0	0.980	0.717	0.997
CMPK1	DHODH	9606.ENSP00000360939	9606.ENSP00000219240	0	0	0	0	0.060	0	0	0.515	0.525
CMPK1	NME4	9606.ENSP00000360939	9606.ENSP00000219479	0.053	0	0	0	0.080	0	0.223	0.757	0.813
CMPK1	UMPS	9606.ENSP00000360939	9606.ENSP00000232607	0	0	0	0	0.110	0.067	0.357	0.630	0.776
CMPK1	NT5C	9606.ENSP00000360939	9606.ENSP00000245552	0	0	0	0	0.058	0	0.136	0.430	0.496
CMPK1	RRM2B	9606.ENSP00000360939	9606.ENSP00000251810	0	0	0	0	0.071	0	0.284	0.330	0.515
CMPK1	DGUOK	9606.ENSP00000360939	9606.ENSP00000264093	0	0	0	0	0.067	0	0.139	0.713	0.749
CMPK1	DCK	9606.ENSP00000360939	9606.ENSP00000286648	0	0	0	0	0.097	0	0.139	0.698	0.745
CMPK1	TK2	9606.ENSP00000360939	9606.ENSP00000299697	0	0	0	0	0.055	0	0.139	0.643	0.684
CMPK1	RRM1	9606.ENSP00000360939	9606.ENSP00000300738	0.042	0	0	0	0.047	0	0.440	0.476	0.696
CMPK1	ENTPD3	9606.ENSP00000360939	9606.ENSP00000301825	0	0	0	0	0.055	0	0.111	0.717	0.741
CMPK1	DTYMK	9606.ENSP00000360939	9606.ENSP00000304802	0	0	0	0	0.044	0.099	0.287	0.922	0.946
CMPK1	TYMS	9606.ENSP00000360939	9606.ENSP00000315644	0.071	0	0	0	0.055	0	0.181	0.505	0.597
CMPK1	ENTPD5	9606.ENSP00000360939	9606.ENSP00000335246	0	0	0	0	0.068	0	0	0.831	0.836
CMPK1	NME1	9606.ENSP00000360939	9606.ENSP00000337060	0.053	0	0	0	0.087	0	0.223	0.257	0.434
CMPK1	NT5C2	9606.ENSP00000360939	9606.ENSP00000339479	0	0	0	0	0.049	0	0	0.417	0.421
CMPK1	DCTD	9606.ENSP00000360939	9606.ENSP00000349576	0	0	0	0	0.106	0.051	0	0.467	0.509
CMPK1	ENTPD4	9606.ENSP00000360939	9606.ENSP00000351520	0	0	0	0	0.053	0	0.111	0.357	0.412
CMPK1	RRM2	9606.ENSP00000360939	9606.ENSP00000353770	0	0	0	0	0.046	0	0.284	0.307	0.485
CMPK1	PNP	9606.ENSP00000360939	9606.ENSP00000354532	0	0	0	0	0.069	0	0.287	0.270	0.474
CMPK1	GUK1	9606.ENSP00000360939	9606.ENSP00000355689	0	0	0	0	0.130	0.133	0.184	0.475	0.634
CMPK1	UCK2	9606.ENSP00000360939	9606.ENSP00000356853	0.042	0	0	0	0.048	0.045	0.188	0.798	0.831
CMPK1	ITPA	9606.ENSP00000360939	9606.ENSP00000369456	0.061	0	0	0	0.049	0	0	0.418	0.435
CMPK1	TK1	9606.ENSP00000360939	9606.ENSP00000468425	0	0	0	0	0	0	0	0.458	0.458
CMPK1	GMPS	9606.ENSP00000360939	9606.ENSP00000419851	0.046	0	0	0	0.096	0	0	0.427	0.463
CMPK1	NME2	9606.ENSP00000360939	9606.ENSP00000376886	0.053	0	0	0	0.087	0	0.223	0.339	0.497
CMPK1	GART	9606.ENSP00000360939	9606.ENSP00000371253	0.053	0	0	0	0.086	0	0	0.469	0.500
CMPK1	ENTPD6	9606.ENSP00000360939	9606.ENSP00000365840	0	0	0	0	0.075	0	0	0.488	0.507
CMPK1	DUT	9606.ENSP00000360939	9606.ENSP00000370376	0.042	0	0	0	0.071	0.089	0.216	0.388	0.540
CMPK1	CTPS2	9606.ENSP00000360939	9606.ENSP00000401264	0.042	0	0	0	0.110	0	0.275	0.511	0.657
CMPK1	UCK1	9606.ENSP00000360939	9606.ENSP00000361285	0.042	0	0	0	0.048	0.045	0.188	0.610	0.674
CMPK1	NT5M	9606.ENSP00000360939	9606.ENSP00000373674	0	0	0	0	0	0	0.136	0.761	0.784
CTPS2	DHODH	9606.ENSP00000401264	9606.ENSP00000219240	0.091	0	0	0	0.192	0.079	0.152	0.600	0.729
CTPS2	NME4	9606.ENSP00000401264	9606.ENSP00000219479	0.042	0	0	0	0.121	0	0.923	0.200	0.941
CTPS2	UMPS	9606.ENSP00000401264	9606.ENSP00000232607	0.114	0	0	0	0.112	0	0	0.645	0.696
CTPS2	NUDT15	9606.ENSP00000401264	9606.ENSP00000258662	0.111	0	0	0	0.049	0	0.673	0.051	0.702
CTPS2	GMPR	9606.ENSP00000401264	9606.ENSP00000259727	0.053	0	0	0	0.301	0	0	0.231	0.447
CTPS2	DGUOK	9606.ENSP00000401264	9606.ENSP00000264093	0.042	0	0	0	0.304	0	0	0.220	0.435
CTPS2	PPAT	9606.ENSP00000401264	9606.ENSP00000264220	0.115	0	0	0	0.243	0	0	0.565	0.683
CTPS2	DCK	9606.ENSP00000401264	9606.ENSP00000286648	0.042	0	0	0	0.294	0	0	0.228	0.433
CTPS2	RRM1	9606.ENSP00000401264	9606.ENSP00000300738	0	0	0	0	0.102	0	0	0.446	0.481
CTPS2	ENTPD3	9606.ENSP00000401264	9606.ENSP00000301825	0	0	0	0	0	0	0.918	0.169	0.929
CTPS2	PFAS	9606.ENSP00000401264	9606.ENSP00000313490	0	0	0	0	0.068	0	0	0.412	0.429
CTPS2	TYMS	9606.ENSP00000401264	9606.ENSP00000315644	0.053	0	0	0	0.138	0	0	0.582	0.630
CTPS2	IMPDH2	9606.ENSP00000401264	9606.ENSP00000321584	0.053	0	0	0	0.306	0.045	0	0.541	0.673
CTPS2	NME1	9606.ENSP00000401264	9606.ENSP00000337060	0.042	0	0	0	0.116	0	0.923	0.173	0.939
CTPS2	IMPDH1	9606.ENSP00000401264	9606.ENSP00000345096	0.053	0	0	0	0.301	0.088	0	0.474	0.640
CTPS2	DCTD	9606.ENSP00000401264	9606.ENSP00000349576	0	0	0	0	0.074	0	0	0.535	0.551
CTPS2	UCK2	9606.ENSP00000401264	9606.ENSP00000356853	0.043	0	0	0	0.142	0.067	0	0.474	0.543
CTPS2	DPYD	9606.ENSP00000401264	9606.ENSP00000359211	0.091	0	0	0	0.184	0.069	0.152	0.294	0.511
CTPS2	ENTPD1	9606.ENSP00000401264	9606.ENSP00000360250	0	0	0	0	0	0	0.918	0.100	0.923
CTPS2	ENTPD8	9606.ENSP00000401264	9606.ENSP00000360561	0	0	0	0	0	0	0.918	0.205	0.932
CTPS2	UCK1	9606.ENSP00000401264	9606.ENSP00000361285	0.043	0	0	0	0.142	0.067	0	0.500	0.566
CTPS2	ITPA	9606.ENSP00000401264	9606.ENSP00000369456	0	0	0	0	0.084	0	0.673	0.433	0.815
CTPS2	GART	9606.ENSP00000401264	9606.ENSP00000371253	0.105	0	0	0	0.125	0	0	0.471	0.550
CTPS2	NME2	9606.ENSP00000401264	9606.ENSP00000376886	0.042	0	0	0	0.116	0	0.923	0.138	0.936
CTPS2	PAICS	9606.ENSP00000401264	9606.ENSP00000382595	0.058	0	0	0	0.122	0	0	0.405	0.465
CTPS2	GMPR2	9606.ENSP00000401264	9606.ENSP00000454038	0.053	0	0	0	0.303	0	0	0.164	0.400
CTPS2	TK1	9606.ENSP00000401264	9606.ENSP00000468425	0.056	0	0	0	0.316	0	0	0.393	0.574
CTPS2	GMPS	9606.ENSP00000401264	9606.ENSP00000419851	0.115	0	0	0	0.694	0	0	0.694	0.910
DCK	UMPS	9606.ENSP00000286648	9606.ENSP00000232607	0	0	0	0	0.056	0	0	0.484	0.493
DCK	NT5C1A	9606.ENSP00000286648	9606.ENSP00000235628	0	0	0	0	0	0	0.900	0.500	0.947
DCK	NT5C	9606.ENSP00000286648	9606.ENSP00000245552	0	0	0	0	0.042	0	0.900	0.506	0.948
DCK	RRM2B	9606.ENSP00000286648	9606.ENSP00000251810	0	0	0	0	0.258	0	0	0.521	0.630
DCK	NT5E	9606.ENSP00000286648	9606.ENSP00000257770	0	0	0	0	0	0	0.900	0.250	0.921
DCK	DGUOK	9606.ENSP00000286648	9606.ENSP00000264093	0	0	0.074	0.933	0.049	0.422	0	0.104	0.482
DCK	IMPDH1	9606.ENSP00000286648	9606.ENSP00000345096	0	0	0	0	0.074	0	0	0.387	0.409
DCK	NUDT5	9606.ENSP00000286648	9606.ENSP00000419628	0	0	0	0	0.049	0	0.217	0.275	0.413
DCK	DUT	9606.ENSP00000286648	9606.ENSP00000370376	0	0	0	0	0.166	0	0	0.354	0.439
DCK	DPYD	9606.ENSP00000286648	9606.ENSP00000359211	0	0	0	0	0.062	0	0	0.432	0.445
DCK	GMPS	9606.ENSP00000286648	9606.ENSP00000419851	0.077	0	0	0	0.137	0	0	0.381	0.464
DCK	TYMP	9606.ENSP00000286648	9606.ENSP00000379038	0.045	0	0	0	0	0	0.154	0.491	0.553
DCK	UCK1	9606.ENSP00000286648	9606.ENSP00000361285	0	0	0	0	0.064	0	0	0.610	0.619
DCK	UCK2	9606.ENSP00000286648	9606.ENSP00000356853	0	0	0	0	0.069	0	0	0.607	0.619
DCK	DTYMK	9606.ENSP00000286648	9606.ENSP00000304802	0.045	0	0	0	0.130	0	0.385	0.597	0.766
DCK	RRM2	9606.ENSP00000286648	9606.ENSP00000353770	0	0	0	0	0.318	0	0	0.675	0.769
DCK	RRM1	9606.ENSP00000286648	9606.ENSP00000300738	0.056	0	0	0	0.220	0	0.140	0.752	0.822
DCK	TYMS	9606.ENSP00000286648	9606.ENSP00000315644	0.070	0	0	0	0.191	0.155	0.510	0.660	0.874
DCK	ENTPD1	9606.ENSP00000286648	9606.ENSP00000360250	0	0	0	0	0	0	0.900	0.097	0.905
DCK	ENTPD8	9606.ENSP00000286648	9606.ENSP00000360561	0	0	0	0	0	0	0.900	0.107	0.906
DCK	ENTPD3	9606.ENSP00000286648	9606.ENSP00000301825	0	0	0	0	0	0	0.900	0.107	0.906
DCK	TK1	9606.ENSP00000286648	9606.ENSP00000468425	0.042	0	0	0	0.307	0	0.194	0.887	0.931
DCK	NT5C1B	9606.ENSP00000286648	9606.ENSP00000352904	0	0	0	0	0	0	0.900	0.363	0.933
DCK	DCTPP1	9606.ENSP00000286648	9606.ENSP00000322524	0	0	0	0	0.060	0	0.900	0.355	0.934
DCK	NT5M	9606.ENSP00000286648	9606.ENSP00000373674	0	0	0	0	0	0	0.900	0.465	0.944
DCK	PNP	9606.ENSP00000286648	9606.ENSP00000354532	0	0	0	0	0.053	0	0.900	0.527	0.951
DCK	NT5C2	9606.ENSP00000286648	9606.ENSP00000339479	0	0	0	0	0.047	0	0.900	0.687	0.967
DCK	DCTD	9606.ENSP00000286648	9606.ENSP00000349576	0	0	0	0	0.112	0	0.928	0.784	0.985
DCTD	UMPS	9606.ENSP00000349576	9606.ENSP00000232607	0.101	0	0	0	0.054	0	0	0.539	0.574
DCTD	NT5C1A	9606.ENSP00000349576	9606.ENSP00000235628	0	0	0	0	0.055	0	0.900	0.397	0.938
DCTD	NT5C	9606.ENSP00000349576	9606.ENSP00000245552	0	0	0	0	0.065	0	0.900	0.434	0.942
DCTD	RRM2B	9606.ENSP00000349576	9606.ENSP00000251810	0.061	0	0	0	0.219	0	0	0.362	0.492
DCTD	NT5E	9606.ENSP00000349576	9606.ENSP00000257770	0.083	0	0	0	0.092	0	0.900	0.068	0.912
DCTD	NUDT15	9606.ENSP00000349576	9606.ENSP00000258662	0.055	0	0	0	0.056	0	0.616	0.249	0.708
DCTD	DGUOK	9606.ENSP00000349576	9606.ENSP00000264093	0	0	0	0	0.092	0	0.312	0.361	0.566
DCTD	TK2	9606.ENSP00000349576	9606.ENSP00000299697	0	0	0	0	0.067	0	0.928	0.590	0.970
DCTD	RRM1	9606.ENSP00000349576	9606.ENSP00000300738	0.058	0	0	0	0.124	0	0	0.586	0.629
DCTD	DTYMK	9606.ENSP00000349576	9606.ENSP00000304802	0.102	0	0	0	0.054	0	0.940	0.703	0.983
DCTD	TYMS	9606.ENSP00000349576	9606.ENSP00000315644	0.115	0	0	0	0.150	0	0.965	0.933	0.998
DCTD	DCTPP1	9606.ENSP00000349576	9606.ENSP00000322524	0	0	0	0	0.077	0	0.900	0.597	0.959
DCTD	UPP1	9606.ENSP00000349576	9606.ENSP00000330032	0	0	0	0	0.042	0	0.449	0.387	0.648
DCTD	NT5C2	9606.ENSP00000349576	9606.ENSP00000339479	0	0	0	0	0.049	0	0.900	0.512	0.949
DCTD	RRM2	9606.ENSP00000349576	9606.ENSP00000353770	0.061	0	0	0	0.201	0	0	0.466	0.565
DCTD	UCK2	9606.ENSP00000349576	9606.ENSP00000356853	0.053	0	0	0	0.060	0	0.281	0.451	0.602
DCTD	UPP2	9606.ENSP00000349576	9606.ENSP00000474090	0	0	0	0	0	0	0.449	0.309	0.603
DCTD	UCK1	9606.ENSP00000349576	9606.ENSP00000361285	0.053	0	0	0	0.049	0	0.281	0.496	0.630
DCTD	TYMP	9606.ENSP00000349576	9606.ENSP00000379038	0.081	0	0	0	0.042	0	0.673	0.478	0.829
DCTD	TK1	9606.ENSP00000349576	9606.ENSP00000468425	0.099	0	0	0	0.157	0	0.673	0.586	0.883
DCTD	NT5C1B	9606.ENSP00000349576	9606.ENSP00000352904	0	0	0	0	0.055	0	0.900	0.225	0.920
DCTD	NT5M	9606.ENSP00000349576	9606.ENSP00000373674	0	0	0	0	0	0	0.900	0.321	0.929
DCTD	DUT	9606.ENSP00000349576	9606.ENSP00000370376	0.079	0	0	0	0.143	0.073	0.914	0.695	0.977
DCTPP1	NME4	9606.ENSP00000322524	9606.ENSP00000219479	0	0	0	0	0.112	0.095	0.900	0	0.912
DCTPP1	NT5C1A	9606.ENSP00000322524	9606.ENSP00000235628	0	0	0	0	0	0.113	0.900	0.061	0.909
DCTPP1	NT5C	9606.ENSP00000322524	9606.ENSP00000245552	0	0	0	0	0.075	0	0.900	0.256	0.925
DCTPP1	RRM2B	9606.ENSP00000322524	9606.ENSP00000251810	0	0	0	0	0.086	0.047	0.900	0.151	0.916
DCTPP1	NT5E	9606.ENSP00000322524	9606.ENSP00000257770	0	0	0	0	0.058	0	0.900	0.065	0.904
DCTPP1	RRM1	9606.ENSP00000322524	9606.ENSP00000300738	0	0	0	0	0.099	0.045	0.900	0.150	0.917
DCTPP1	DTYMK	9606.ENSP00000322524	9606.ENSP00000304802	0	0	0	0	0.230	0.045	0	0.314	0.452
DCTPP1	TYMS	9606.ENSP00000322524	9606.ENSP00000315644	0	0	0	0	0.206	0	0	0.335	0.450
DCTPP1	IMPDH2	9606.ENSP00000322524	9606.ENSP00000321584	0	0	0	0	0.237	0.045	0	0.282	0.431
DCTPP1	DUT	9606.ENSP00000322524	9606.ENSP00000370376	0	0	0	0	0.193	0	0	0.415	0.508
DCTPP1	ITPA	9606.ENSP00000322524	9606.ENSP00000369456	0	0	0	0	0.202	0	0	0.466	0.556
DCTPP1	NT5C1B	9606.ENSP00000322524	9606.ENSP00000352904	0	0	0	0	0	0.113	0.900	0.048	0.908
DCTPP1	NT5C2	9606.ENSP00000322524	9606.ENSP00000339479	0	0	0	0	0.042	0	0.900	0.135	0.909
DCTPP1	NME2	9606.ENSP00000322524	9606.ENSP00000376886	0	0	0	0	0.129	0.095	0.900	0	0.914
DCTPP1	RRM2	9606.ENSP00000322524	9606.ENSP00000353770	0	0	0	0	0.128	0.047	0.900	0.175	0.922
DCTPP1	NT5M	9606.ENSP00000322524	9606.ENSP00000373674	0	0	0	0	0	0	0.900	0.252	0.922
DCTPP1	NME1	9606.ENSP00000322524	9606.ENSP00000337060	0	0	0	0	0.295	0.095	0.900	0	0.930
DDX31	GMPS	9606.ENSP00000361232	9606.ENSP00000419851	0.042	0	0	0	0.390	0.055	0	0.065	0.414
DGUOK	NME4	9606.ENSP00000264093	9606.ENSP00000219479	0	0	0	0	0.066	0	0.188	0.775	0.815
DGUOK	NT5C1A	9606.ENSP00000264093	9606.ENSP00000235628	0	0	0	0	0	0	0.900	0.202	0.916
DGUOK	NT5C	9606.ENSP00000264093	9606.ENSP00000245552	0	0	0	0	0.074	0	0.900	0.325	0.932
DGUOK	RRM2B	9606.ENSP00000264093	9606.ENSP00000251810	0	0	0	0	0.277	0	0	0.911	0.932
DGUOK	NT5E	9606.ENSP00000264093	9606.ENSP00000257770	0	0	0	0	0.042	0	0.900	0.122	0.908
DGUOK	RRM1	9606.ENSP00000264093	9606.ENSP00000300738	0.056	0	0	0	0.217	0	0.140	0.301	0.496
DGUOK	UPP1	9606.ENSP00000264093	9606.ENSP00000330032	0	0	0	0	0.047	0	0	0.501	0.504
DGUOK	TYMS	9606.ENSP00000264093	9606.ENSP00000315644	0.070	0	0	0	0.172	0	0.510	0.438	0.759
DGUOK	DTYMK	9606.ENSP00000264093	9606.ENSP00000304802	0.045	0	0	0	0.167	0	0.385	0.632	0.796
DGUOK	TYMP	9606.ENSP00000264093	9606.ENSP00000379038	0.045	0	0	0	0.042	0	0.154	0.844	0.863
DGUOK	TK1	9606.ENSP00000264093	9606.ENSP00000468425	0.042	0	0	0	0.309	0	0.194	0.811	0.885
DGUOK	ITPA	9606.ENSP00000264093	9606.ENSP00000369456	0	0	0	0	0.082	0	0.900	0.104	0.910
DGUOK	NT5C1B	9606.ENSP00000264093	9606.ENSP00000352904	0	0	0	0	0	0	0.900	0.154	0.911
DGUOK	NT5C2	9606.ENSP00000264093	9606.ENSP00000339479	0	0	0	0	0.047	0	0.900	0.288	0.926
DGUOK	GUK1	9606.ENSP00000264093	9606.ENSP00000355689	0	0	0	0	0.099	0	0.900	0.315	0.932
DGUOK	PNP	9606.ENSP00000264093	9606.ENSP00000354532	0	0	0	0	0.042	0	0.900	0.439	0.941
DGUOK	NT5M	9606.ENSP00000264093	9606.ENSP00000373674	0	0	0	0	0	0	0.900	0.786	0.977
DHODH	DUT	9606.ENSP00000219240	9606.ENSP00000370376	0	0	0	0	0.092	0	0	0.367	0.401
DHODH	UCK1	9606.ENSP00000219240	9606.ENSP00000361285	0	0	0	0	0.069	0.109	0	0.412	0.470
DHODH	GMPR	9606.ENSP00000219240	9606.ENSP00000259727	0.079	0	0	0	0.110	0.069	0.119	0.334	0.471
DHODH	GDA	9606.ENSP00000219240	9606.ENSP00000238018	0.111	0	0	0	0.111	0	0	0.395	0.481
DHODH	GMPR2	9606.ENSP00000219240	9606.ENSP00000454038	0.079	0	0	0	0.122	0.069	0.119	0.340	0.482
DHODH	UPB1	9606.ENSP00000219240	9606.ENSP00000324343	0.061	0	0	0	0.082	0.089	0	0.431	0.493
DHODH	PNP	9606.ENSP00000219240	9606.ENSP00000354532	0.042	0	0	0	0.108	0	0.151	0.461	0.557
DHODH	UCK2	9606.ENSP00000219240	9606.ENSP00000356853	0	0	0	0	0.086	0.109	0	0.537	0.590
DHODH	DTYMK	9606.ENSP00000219240	9606.ENSP00000304802	0.057	0	0	0	0.125	0	0	0.556	0.601
DHODH	IMPDH1	9606.ENSP00000219240	9606.ENSP00000345096	0.079	0	0	0	0.115	0.083	0.119	0.493	0.605
DHODH	PAICS	9606.ENSP00000219240	9606.ENSP00000382595	0.118	0	0	0	0.144	0	0	0.528	0.612
DHODH	TYMS	9606.ENSP00000219240	9606.ENSP00000315644	0	0	0	0	0.103	0	0	0.644	0.667
DHODH	PPAT	9606.ENSP00000219240	9606.ENSP00000264220	0.120	0	0	0	0.243	0	0	0.602	0.711
DHODH	IMPDH2	9606.ENSP00000219240	9606.ENSP00000321584	0.079	0	0	0	0.123	0.071	0.119	0.641	0.720
DHODH	GART	9606.ENSP00000219240	9606.ENSP00000371253	0.320	0	0	0	0.335	0	0	0.509	0.758
DHODH	NUDT15	9606.ENSP00000219240	9606.ENSP00000258662	0.120	0	0	0	0.077	0	0.631	0.348	0.778
DHODH	UPP2	9606.ENSP00000219240	9606.ENSP00000474090	0.103	0	0	0	0	0	0.585	0.481	0.790
DHODH	UPP1	9606.ENSP00000219240	9606.ENSP00000330032	0.103	0	0	0	0	0	0.585	0.499	0.797
DHODH	DPYS	9606.ENSP00000219240	9606.ENSP00000276651	0.079	0	0	0	0.565	0.070	0.352	0.318	0.805
DHODH	NT5E	9606.ENSP00000219240	9606.ENSP00000257770	0.114	0	0	0	0.057	0	0.771	0.175	0.821
DHODH	TYMP	9606.ENSP00000219240	9606.ENSP00000379038	0.060	0	0	0	0	0	0.792	0.363	0.864
DHODH	GMPS	9606.ENSP00000219240	9606.ENSP00000419851	0.120	0	0	0	0.267	0.087	0.792	0.589	0.940
DHODH	UMPS	9606.ENSP00000219240	9606.ENSP00000232607	0.120	0	0	0	0.851	0.088	0.979	0.978	0.999
DPYD	UMPS	9606.ENSP00000359211	9606.ENSP00000232607	0.120	0	0	0	0.831	0.073	0.978	0.873	0.999
DPYD	GDA	9606.ENSP00000359211	9606.ENSP00000238018	0.111	0	0	0	0.104	0	0	0.319	0.410
DPYD	NT5E	9606.ENSP00000359211	9606.ENSP00000257770	0.114	0	0	0	0.087	0	0.771	0.174	0.826
DPYD	NUDT15	9606.ENSP00000359211	9606.ENSP00000258662	0.120	0	0	0	0.070	0	0.631	0.715	0.902
DPYD	PPAT	9606.ENSP00000359211	9606.ENSP00000264220	0.120	0	0	0	0.231	0	0	0.525	0.650
DPYD	DPYS	9606.ENSP00000359211	9606.ENSP00000276651	0.079	0	0	0	0.567	0.066	0.932	0.900	0.997
DPYD	TK2	9606.ENSP00000359211	9606.ENSP00000299697	0	0	0	0	0.049	0	0	0.617	0.620
DPYD	DTYMK	9606.ENSP00000359211	9606.ENSP00000304802	0.057	0	0	0	0.057	0	0	0.436	0.455
DPYD	TYMS	9606.ENSP00000359211	9606.ENSP00000315644	0	0	0	0	0.083	0	0	0.978	0.979
DPYD	IMPDH2	9606.ENSP00000359211	9606.ENSP00000321584	0.079	0	0	0	0.110	0.067	0.119	0.256	0.407
DPYD	UPB1	9606.ENSP00000359211	9606.ENSP00000324343	0.061	0	0	0	0.194	0.089	0.800	0.792	0.966
DPYD	UPP1	9606.ENSP00000359211	9606.ENSP00000330032	0.103	0	0	0	0	0	0.956	0.704	0.987
DPYD	IMPDH1	9606.ENSP00000359211	9606.ENSP00000345096	0.079	0	0	0	0.110	0.067	0.119	0.288	0.433
DPYD	PNP	9606.ENSP00000359211	9606.ENSP00000354532	0.042	0	0	0	0.105	0	0.911	0.325	0.941
DPYD	UCK2	9606.ENSP00000359211	9606.ENSP00000356853	0	0	0	0	0.069	0.097	0	0.547	0.586
DPYD	PAICS	9606.ENSP00000359211	9606.ENSP00000382595	0.118	0	0	0	0.106	0	0	0.349	0.441
DPYD	ITPA	9606.ENSP00000359211	9606.ENSP00000369456	0.104	0	0	0	0.080	0	0.154	0.307	0.452
DPYD	DUT	9606.ENSP00000359211	9606.ENSP00000370376	0	0	0	0	0.079	0	0	0.433	0.456
DPYD	UCK1	9606.ENSP00000359211	9606.ENSP00000361285	0	0	0	0	0.069	0.097	0	0.589	0.624
DPYD	GART	9606.ENSP00000359211	9606.ENSP00000371253	0.320	0	0	0	0.291	0	0	0.479	0.726
DPYD	GMPS	9606.ENSP00000359211	9606.ENSP00000419851	0.120	0	0	0	0.188	0.077	0.792	0.454	0.911
DPYD	UPP2	9606.ENSP00000359211	9606.ENSP00000474090	0.103	0	0	0	0	0	0.956	0.727	0.988
DPYD	TYMP	9606.ENSP00000359211	9606.ENSP00000379038	0.060	0	0	0	0.078	0	0.978	0.839	0.996
DPYS	UMPS	9606.ENSP00000276651	9606.ENSP00000232607	0.102	0	0	0	0.660	0	0	0.667	0.889
DPYS	UPP1	9606.ENSP00000276651	9606.ENSP00000330032	0.041	0	0	0	0.086	0	0	0.475	0.499
DPYS	UPP2	9606.ENSP00000276651	9606.ENSP00000474090	0.041	0	0	0	0.126	0	0	0.462	0.510
DPYS	TYMS	9606.ENSP00000276651	9606.ENSP00000315644	0.042	0	0	0	0	0	0	0.568	0.569
DPYS	GART	9606.ENSP00000276651	9606.ENSP00000371253	0.272	0	0	0	0.087	0	0	0.475	0.621
DPYS	UPB1	9606.ENSP00000276651	9606.ENSP00000324343	0.057	0.183	0	0	0.152	0	0.923	0.816	0.989
DTYMK	NME4	9606.ENSP00000304802	9606.ENSP00000219479	0.057	0	0	0	0.123	0	0.925	0.651	0.975
DTYMK	UMPS	9606.ENSP00000304802	9606.ENSP00000232607	0.108	0	0	0	0.186	0	0	0.665	0.735
DTYMK	NT5C1A	9606.ENSP00000304802	9606.ENSP00000235628	0.052	0	0	0	0	0	0.900	0.063	0.903
DTYMK	NT5C	9606.ENSP00000304802	9606.ENSP00000245552	0	0	0	0	0.218	0	0.900	0.348	0.944
DTYMK	RRM2B	9606.ENSP00000304802	9606.ENSP00000251810	0	0	0	0	0.110	0	0.900	0.393	0.941
DTYMK	NT5E	9606.ENSP00000304802	9606.ENSP00000257770	0.051	0	0	0	0.203	0	0.900	0.075	0.920
DTYMK	PPAT	9606.ENSP00000304802	9606.ENSP00000264220	0.086	0	0	0	0.299	0	0	0.201	0.444
DTYMK	TK2	9606.ENSP00000304802	9606.ENSP00000299697	0.045	0	0	0	0.106	0	0.935	0.851	0.990
DTYMK	RRM1	9606.ENSP00000304802	9606.ENSP00000300738	0.114	0	0	0	0.289	0	0.918	0.572	0.975
DTYMK	ENTPD3	9606.ENSP00000304802	9606.ENSP00000301825	0	0	0	0	0	0	0.900	0.179	0.914
DTYMK	IMPDH2	9606.ENSP00000304802	9606.ENSP00000321584	0.079	0	0	0	0.168	0	0	0.295	0.413
DTYMK	PAICS	9606.ENSP00000304802	9606.ENSP00000382595	0.058	0	0	0	0.383	0	0	0.242	0.521
DTYMK	UPP2	9606.ENSP00000304802	9606.ENSP00000474090	0.043	0	0	0	0	0	0	0.532	0.533
DTYMK	ITPA	9606.ENSP00000304802	9606.ENSP00000369456	0.057	0	0	0	0.113	0.091	0	0.472	0.545
DTYMK	UCK1	9606.ENSP00000304802	9606.ENSP00000361285	0.054	0	0	0	0.118	0	0	0.504	0.550
DTYMK	UPP1	9606.ENSP00000304802	9606.ENSP00000330032	0.043	0	0	0	0.042	0	0	0.553	0.554
DTYMK	TYMP	9606.ENSP00000304802	9606.ENSP00000379038	0	0	0	0	0	0	0	0.559	0.559
DTYMK	GMPS	9606.ENSP00000304802	9606.ENSP00000419851	0.045	0	0	0	0.179	0	0	0.502	0.576
DTYMK	GUK1	9606.ENSP00000304802	9606.ENSP00000355689	0	0	0	0	0.099	0	0	0.575	0.601
DTYMK	UCK2	9606.ENSP00000304802	9606.ENSP00000356853	0.054	0	0	0	0.195	0	0	0.583	0.655
DTYMK	GART	9606.ENSP00000304802	9606.ENSP00000371253	0.281	0	0	0	0.628	0	0	0.432	0.835
DTYMK	ENTPD1	9606.ENSP00000304802	9606.ENSP00000360250	0	0	0	0	0	0	0.900	0.143	0.910
DTYMK	ENTPD8	9606.ENSP00000304802	9606.ENSP00000360561	0	0	0	0	0	0	0.900	0.143	0.910
DTYMK	NT5C1B	9606.ENSP00000304802	9606.ENSP00000352904	0.052	0	0	0	0	0	0.900	0.150	0.912
DTYMK	NT5C2	9606.ENSP00000304802	9606.ENSP00000339479	0	0	0	0	0.054	0	0.900	0.197	0.917
DTYMK	RRM2	9606.ENSP00000304802	9606.ENSP00000353770	0	0	0	0	0.306	0	0.900	0.382	0.953
DTYMK	NME1	9606.ENSP00000304802	9606.ENSP00000337060	0.057	0	0	0	0.223	0	0.925	0.335	0.958
DTYMK	NME2	9606.ENSP00000304802	9606.ENSP00000376886	0.057	0	0	0	0.176	0	0.925	0.370	0.958
DTYMK	NT5M	9606.ENSP00000304802	9606.ENSP00000373674	0	0	0	0	0.198	0	0.900	0.633	0.967
DTYMK	TK1	9606.ENSP00000304802	9606.ENSP00000468425	0.116	0	0	0	0.421	0	0.792	0.765	0.971
DTYMK	DUT	9606.ENSP00000304802	9606.ENSP00000370376	0.095	0	0	0	0.304	0	0.910	0.709	0.981
DTYMK	TYMS	9606.ENSP00000304802	9606.ENSP00000315644	0.120	0	0	0	0.334	0	0.978	0.820	0.997
DUT	NME4	9606.ENSP00000370376	9606.ENSP00000219479	0	0	0	0	0.113	0	0.920	0.132	0.933
DUT	UMPS	9606.ENSP00000370376	9606.ENSP00000232607	0.048	0	0	0	0.165	0.184	0	0.543	0.664
DUT	NT5C1A	9606.ENSP00000370376	9606.ENSP00000235628	0	0	0	0	0.056	0	0.900	0.043	0.901
DUT	NT5C	9606.ENSP00000370376	9606.ENSP00000245552	0	0	0	0	0.126	0	0.900	0.398	0.942
DUT	RRM2B	9606.ENSP00000370376	9606.ENSP00000251810	0	0	0	0	0.551	0	0	0.323	0.683
DUT	NT5E	9606.ENSP00000370376	9606.ENSP00000257770	0.042	0	0	0	0.044	0	0.900	0.065	0.902
DUT	NUDT15	9606.ENSP00000370376	9606.ENSP00000258662	0.100	0	0	0	0.079	0	0	0.363	0.427
DUT	PPAT	9606.ENSP00000370376	9606.ENSP00000264220	0.100	0	0	0	0.214	0	0	0.249	0.423
DUT	TK2	9606.ENSP00000370376	9606.ENSP00000299697	0	0	0	0	0.142	0	0.900	0.518	0.955
DUT	RRM1	9606.ENSP00000370376	9606.ENSP00000300738	0.108	0	0	0	0.586	0	0.376	0.563	0.886
DUT	TYMS	9606.ENSP00000370376	9606.ENSP00000315644	0.111	0	0	0	0.489	0.225	0.956	0.714	0.994
DUT	UPP1	9606.ENSP00000370376	9606.ENSP00000330032	0	0	0	0	0.042	0	0	0.485	0.485
DUT	NME1	9606.ENSP00000370376	9606.ENSP00000337060	0	0	0	0	0.169	0	0.920	0.238	0.945
DUT	NT5C2	9606.ENSP00000370376	9606.ENSP00000339479	0	0	0	0	0.042	0	0.900	0.069	0.903
DUT	NT5C1B	9606.ENSP00000370376	9606.ENSP00000352904	0	0	0	0	0.056	0	0.900	0.145	0.912
DUT	RRM2	9606.ENSP00000370376	9606.ENSP00000353770	0	0	0	0	0.585	0	0	0.449	0.761
DUT	GUK1	9606.ENSP00000370376	9606.ENSP00000355689	0.052	0.190	0	0	0.166	0	0	0.301	0.493
DUT	UCK2	9606.ENSP00000370376	9606.ENSP00000356853	0	0	0	0	0.229	0	0	0.375	0.498
DUT	UCK1	9606.ENSP00000370376	9606.ENSP00000361285	0	0	0	0	0.147	0	0	0.356	0.427
DUT	ITPA	9606.ENSP00000370376	9606.ENSP00000369456	0.047	0	0	0	0.206	0.132	0.900	0.475	0.959
DUT	GMPS	9606.ENSP00000370376	9606.ENSP00000419851	0.051	0	0	0	0.100	0	0	0.405	0.448
DUT	UPP2	9606.ENSP00000370376	9606.ENSP00000474090	0	0	0	0	0	0	0	0.449	0.449
DUT	TYMP	9606.ENSP00000370376	9606.ENSP00000379038	0.103	0	0	0	0.042	0	0	0.484	0.517
DUT	NUDT5	9606.ENSP00000370376	9606.ENSP00000419628	0.056	0	0	0	0.120	0	0	0.489	0.539
DUT	NUDT18	9606.ENSP00000370376	9606.ENSP00000480722	0	0	0	0	0	0.328	0	0.430	0.600
DUT	GART	9606.ENSP00000370376	9606.ENSP00000371253	0.136	0	0	0	0.387	0	0	0.400	0.655
DUT	TK1	9606.ENSP00000370376	9606.ENSP00000468425	0	0	0	0	0.440	0	0	0.575	0.752
DUT	NT5M	9606.ENSP00000370376	9606.ENSP00000373674	0	0	0	0	0.111	0	0.900	0.138	0.916
DUT	NME2	9606.ENSP00000370376	9606.ENSP00000376886	0	0	0	0	0.147	0	0.920	0.152	0.937
ENTPD1	NME4	9606.ENSP00000360250	9606.ENSP00000219479	0	0	0	0	0.096	0	0.650	0.103	0.691
ENTPD1	UMPS	9606.ENSP00000360250	9606.ENSP00000232607	0	0	0	0	0	0	0.900	0.124	0.908
ENTPD1	NT5C1A	9606.ENSP00000360250	9606.ENSP00000235628	0	0	0	0	0.052	0	0.650	0.154	0.694
ENTPD1	NT5C	9606.ENSP00000360250	9606.ENSP00000245552	0	0	0	0	0	0	0.650	0.202	0.708
ENTPD1	RRM2B	9606.ENSP00000360250	9606.ENSP00000251810	0	0	0	0	0.047	0	0.914	0	0.914
ENTPD1	NT5E	9606.ENSP00000360250	9606.ENSP00000257770	0	0	0	0	0	0	0.690	0.998	0.999
ENTPD1	GMPR	9606.ENSP00000360250	9606.ENSP00000259727	0	0	0	0	0	0	0.900	0	0.900
ENTPD1	HPRT1	9606.ENSP00000360250	9606.ENSP00000298556	0	0	0	0	0	0	0.900	0.163	0.912
ENTPD1	TK2	9606.ENSP00000360250	9606.ENSP00000299697	0	0	0	0	0.048	0	0.900	0.153	0.912
ENTPD1	RRM1	9606.ENSP00000360250	9606.ENSP00000300738	0	0	0	0	0	0	0.915	0.091	0.919
ENTPD1	ENTPD3	9606.ENSP00000360250	9606.ENSP00000301825	0	0	0.087	0.876	0.057	0	0.900	0.151	0.917
ENTPD1	TYMS	9606.ENSP00000360250	9606.ENSP00000315644	0	0	0	0	0	0	0.900	0.108	0.906
ENTPD1	IMPDH2	9606.ENSP00000360250	9606.ENSP00000321584	0	0	0	0	0	0	0.900	0.157	0.912
ENTPD1	ENTPD5	9606.ENSP00000360250	9606.ENSP00000335246	0	0	0.112	0.652	0	0.129	0.900	0.386	0.946
ENTPD1	NME1	9606.ENSP00000360250	9606.ENSP00000337060	0	0	0	0	0.067	0	0.650	0.130	0.691
ENTPD1	NT5C2	9606.ENSP00000360250	9606.ENSP00000339479	0	0	0	0	0.050	0	0.679	0.247	0.751
ENTPD1	IMPDH1	9606.ENSP00000360250	9606.ENSP00000345096	0	0	0	0	0.048	0	0.900	0	0.900
ENTPD1	ENTPD2	9606.ENSP00000360250	9606.ENSP00000347213	0	0	0.077	0.893	0	0	0.900	0.444	0.944
ENTPD1	ENTPD4	9606.ENSP00000360250	9606.ENSP00000351520	0	0	0.104	0.673	0.048	0	0.900	0.316	0.933
ENTPD1	NT5C1B	9606.ENSP00000360250	9606.ENSP00000352904	0	0	0	0	0.052	0	0.650	0.133	0.687
ENTPD1	RRM2	9606.ENSP00000360250	9606.ENSP00000353770	0	0	0	0	0.049	0	0.914	0	0.914
ENTPD1	GUK1	9606.ENSP00000360250	9606.ENSP00000355689	0	0	0	0	0	0.100	0.900	0	0.906
ENTPD1	UCK2	9606.ENSP00000360250	9606.ENSP00000356853	0	0	0	0	0.074	0	0.900	0.172	0.916
ENTPD1	NME2	9606.ENSP00000360250	9606.ENSP00000376886	0	0	0	0	0.067	0	0.650	0.128	0.690
ENTPD1	NT5M	9606.ENSP00000360250	9606.ENSP00000373674	0	0	0	0	0	0	0.650	0.152	0.690
ENTPD1	NUDT16	9606.ENSP00000360250	9606.ENSP00000422375	0	0	0	0	0.056	0	0.900	0	0.901
ENTPD1	GMPS	9606.ENSP00000360250	9606.ENSP00000419851	0	0	0	0	0	0	0.900	0.112	0.907
ENTPD1	ENTPD8	9606.ENSP00000360250	9606.ENSP00000360561	0	0	0.077	0.911	0	0	0.900	0.097	0.909
ENTPD1	ITPA	9606.ENSP00000360250	9606.ENSP00000369456	0	0	0	0	0	0	0.900	0.172	0.913
ENTPD1	UCK1	9606.ENSP00000360250	9606.ENSP00000361285	0	0	0	0	0.074	0	0.900	0.151	0.914
ENTPD1	ENTPD6	9606.ENSP00000360250	9606.ENSP00000365840	0	0	0.150	0.607	0	0.129	0.900	0.442	0.953
ENTPD2	NME4	9606.ENSP00000347213	9606.ENSP00000219479	0	0	0	0	0.096	0	0.900	0.050	0.906
ENTPD2	RRM2B	9606.ENSP00000347213	9606.ENSP00000251810	0	0	0	0	0	0	0.914	0	0.914
ENTPD2	NT5E	9606.ENSP00000347213	9606.ENSP00000257770	0	0	0	0	0	0	0.152	0.570	0.619
ENTPD2	RRM1	9606.ENSP00000347213	9606.ENSP00000300738	0	0	0	0	0	0	0.915	0.091	0.919
ENTPD2	ENTPD3	9606.ENSP00000347213	9606.ENSP00000301825	0	0	0.079	0.906	0	0	0.900	0.123	0.912
ENTPD2	ENTPD5	9606.ENSP00000347213	9606.ENSP00000335246	0	0	0.112	0.651	0.042	0.129	0	0.381	0.480
ENTPD2	NME1	9606.ENSP00000347213	9606.ENSP00000337060	0	0	0	0	0.067	0	0.900	0.050	0.903
ENTPD2	ENTPD6	9606.ENSP00000347213	9606.ENSP00000365840	0	0	0	0.597	0.062	0.129	0	0.421	0.485
ENTPD2	NME2	9606.ENSP00000347213	9606.ENSP00000376886	0	0	0	0	0.067	0	0.900	0.067	0.905
ENTPD2	ENTPD8	9606.ENSP00000347213	9606.ENSP00000360561	0	0	0.081	0.914	0.105	0	0.900	0.103	0.916
ENTPD2	RRM2	9606.ENSP00000347213	9606.ENSP00000353770	0	0	0	0	0	0	0.914	0.091	0.918
ENTPD3	NME4	9606.ENSP00000301825	9606.ENSP00000219479	0	0	0	0	0.096	0	0.650	0.153	0.708
ENTPD3	UMPS	9606.ENSP00000301825	9606.ENSP00000232607	0	0	0	0	0	0	0.900	0.174	0.913
ENTPD3	NT5C1A	9606.ENSP00000301825	9606.ENSP00000235628	0	0	0	0	0.052	0	0.650	0.108	0.678
ENTPD3	NT5C	9606.ENSP00000301825	9606.ENSP00000245552	0	0	0	0	0	0	0.650	0.142	0.687
ENTPD3	RRM2B	9606.ENSP00000301825	9606.ENSP00000251810	0	0	0	0	0	0	0.914	0.074	0.917
ENTPD3	NT5E	9606.ENSP00000301825	9606.ENSP00000257770	0	0	0	0	0	0	0.690	0.479	0.831
ENTPD3	GMPR	9606.ENSP00000301825	9606.ENSP00000259727	0	0	0	0	0	0	0.900	0.129	0.909
ENTPD3	HPRT1	9606.ENSP00000301825	9606.ENSP00000298556	0	0	0	0	0	0	0.900	0.130	0.909
ENTPD3	TK2	9606.ENSP00000301825	9606.ENSP00000299697	0	0	0	0	0	0	0.900	0.079	0.903
ENTPD3	RRM1	9606.ENSP00000301825	9606.ENSP00000300738	0	0	0	0	0	0	0.915	0.138	0.923
ENTPD3	NME1	9606.ENSP00000301825	9606.ENSP00000337060	0	0	0	0	0.067	0	0.650	0.050	0.662
ENTPD3	NT5C1B	9606.ENSP00000301825	9606.ENSP00000352904	0	0	0	0	0.052	0	0.650	0.115	0.680
ENTPD3	NME2	9606.ENSP00000301825	9606.ENSP00000376886	0	0	0	0	0.067	0	0.650	0.118	0.686
ENTPD3	NT5C2	9606.ENSP00000301825	9606.ENSP00000339479	0	0	0	0	0	0	0.679	0.085	0.694
ENTPD3	NT5M	9606.ENSP00000301825	9606.ENSP00000373674	0	0	0	0	0	0	0.650	0.183	0.702
ENTPD3	IMPDH2	9606.ENSP00000301825	9606.ENSP00000321584	0	0	0	0	0	0	0.900	0	0.900
ENTPD3	TYMS	9606.ENSP00000301825	9606.ENSP00000315644	0	0	0	0	0	0	0.900	0	0.900
ENTPD3	NUDT16	9606.ENSP00000301825	9606.ENSP00000422375	0	0	0	0	0	0	0.900	0	0.900
ENTPD3	IMPDH1	9606.ENSP00000301825	9606.ENSP00000345096	0	0	0	0	0	0	0.900	0.079	0.903
ENTPD3	GMPS	9606.ENSP00000301825	9606.ENSP00000419851	0	0	0	0	0	0	0.900	0.101	0.906
ENTPD3	GUK1	9606.ENSP00000301825	9606.ENSP00000355689	0	0	0	0	0	0.100	0.900	0.058	0.907
ENTPD3	ENTPD8	9606.ENSP00000301825	9606.ENSP00000360561	0	0	0.088	0.897	0	0	0.900	0.101	0.910
ENTPD3	ITPA	9606.ENSP00000301825	9606.ENSP00000369456	0	0	0	0	0	0	0.900	0.201	0.916
ENTPD3	UCK1	9606.ENSP00000301825	9606.ENSP00000361285	0	0	0	0	0.074	0	0.900	0.168	0.916
ENTPD3	RRM2	9606.ENSP00000301825	9606.ENSP00000353770	0	0	0	0	0	0	0.914	0.067	0.916
ENTPD3	UCK2	9606.ENSP00000301825	9606.ENSP00000356853	0	0	0	0	0.074	0	0.900	0.187	0.918
ENTPD3	ENTPD4	9606.ENSP00000301825	9606.ENSP00000351520	0	0	0	0.664	0	0	0.900	0.337	0.930
ENTPD3	ENTPD5	9606.ENSP00000301825	9606.ENSP00000335246	0	0	0.111	0.653	0	0.129	0.900	0.417	0.948
ENTPD3	ENTPD6	9606.ENSP00000301825	9606.ENSP00000365840	0	0	0.107	0.614	0	0.129	0.900	0.458	0.952
ENTPD4	NME4	9606.ENSP00000351520	9606.ENSP00000219479	0	0	0	0	0.058	0	0.650	0.050	0.659
ENTPD4	UMPS	9606.ENSP00000351520	9606.ENSP00000232607	0	0	0	0	0.049	0	0.900	0.070	0.903
ENTPD4	NT5C1A	9606.ENSP00000351520	9606.ENSP00000235628	0	0	0	0	0.052	0	0.650	0.237	0.724
ENTPD4	NT5C	9606.ENSP00000351520	9606.ENSP00000245552	0	0	0	0	0	0	0.650	0.064	0.658
ENTPD4	RRM2B	9606.ENSP00000351520	9606.ENSP00000251810	0	0	0	0	0.049	0	0.914	0	0.914
ENTPD4	NT5E	9606.ENSP00000351520	9606.ENSP00000257770	0	0	0	0	0	0	0.694	0.180	0.738
ENTPD4	GMPR	9606.ENSP00000351520	9606.ENSP00000259727	0	0	0	0	0	0	0.900	0	0.900
ENTPD4	HPRT1	9606.ENSP00000351520	9606.ENSP00000298556	0	0	0	0	0	0	0.900	0	0.900
ENTPD4	RRM1	9606.ENSP00000351520	9606.ENSP00000300738	0	0	0	0	0	0	0.915	0.102	0.920
ENTPD4	IMPDH2	9606.ENSP00000351520	9606.ENSP00000321584	0	0	0	0	0	0	0.900	0	0.900
ENTPD4	ENTPD5	9606.ENSP00000351520	9606.ENSP00000335246	0	0	0	0.652	0.049	0.146	0.900	0.395	0.944
ENTPD4	NME1	9606.ENSP00000351520	9606.ENSP00000337060	0	0	0	0	0.058	0	0.650	0.050	0.659
ENTPD4	NT5C2	9606.ENSP00000351520	9606.ENSP00000339479	0	0	0	0	0.067	0	0.679	0.045	0.689
ENTPD4	IMPDH1	9606.ENSP00000351520	9606.ENSP00000345096	0	0	0	0	0	0	0.900	0	0.900
ENTPD4	NT5M	9606.ENSP00000351520	9606.ENSP00000373674	0	0	0	0	0	0	0.650	0.051	0.653
ENTPD4	NME2	9606.ENSP00000351520	9606.ENSP00000376886	0	0	0	0	0.058	0	0.650	0.050	0.659
ENTPD4	NT5C1B	9606.ENSP00000351520	9606.ENSP00000352904	0	0	0	0	0.052	0	0.650	0.409	0.787
ENTPD4	GMPS	9606.ENSP00000351520	9606.ENSP00000419851	0	0	0	0	0	0	0.900	0.047	0.900
ENTPD4	UCK2	9606.ENSP00000351520	9606.ENSP00000356853	0	0	0	0	0.074	0	0.900	0.090	0.908
ENTPD4	UCK1	9606.ENSP00000351520	9606.ENSP00000361285	0	0	0	0	0.081	0	0.900	0.090	0.909
ENTPD4	RRM2	9606.ENSP00000351520	9606.ENSP00000353770	0	0	0	0	0	0	0.914	0	0.914
ENTPD4	ITPA	9606.ENSP00000351520	9606.ENSP00000369456	0	0	0	0	0	0	0.900	0.236	0.920
ENTPD4	ENTPD8	9606.ENSP00000351520	9606.ENSP00000360561	0	0	0	0.655	0	0	0.900	0.365	0.933
ENTPD4	ENTPD6	9606.ENSP00000351520	9606.ENSP00000365840	0	0	0	0.614	0.060	0.146	0.900	0.371	0.942
ENTPD5	NME4	9606.ENSP00000335246	9606.ENSP00000219479	0	0	0	0	0.042	0	0.650	0.125	0.681
ENTPD5	UMPS	9606.ENSP00000335246	9606.ENSP00000232607	0	0	0	0	0.067	0	0.900	0.228	0.921
ENTPD5	NT5C1A	9606.ENSP00000335246	9606.ENSP00000235628	0	0	0	0	0	0.091	0.650	0.237	0.736
ENTPD5	NT5C	9606.ENSP00000335246	9606.ENSP00000245552	0	0	0	0	0	0	0.650	0.108	0.674
ENTPD5	RRM2B	9606.ENSP00000335246	9606.ENSP00000251810	0	0	0	0	0	0	0.911	0.086	0.915
ENTPD5	NT5E	9606.ENSP00000335246	9606.ENSP00000257770	0	0	0	0	0	0	0.650	0.187	0.703
ENTPD5	GMPR	9606.ENSP00000335246	9606.ENSP00000259727	0	0	0	0	0.125	0	0.900	0.072	0.911
ENTPD5	HPRT1	9606.ENSP00000335246	9606.ENSP00000298556	0	0	0	0	0	0	0.900	0	0.900
ENTPD5	RRM1	9606.ENSP00000335246	9606.ENSP00000300738	0	0	0	0	0	0	0.912	0.099	0.918
ENTPD5	IMPDH2	9606.ENSP00000335246	9606.ENSP00000321584	0	0	0	0	0.109	0	0.900	0.042	0.907
ENTPD5	ENTPD7	9606.ENSP00000335246	9606.ENSP00000359520	0	0	0.098	0.647	0.049	0.146	0	0.361	0.469
ENTPD5	NT5M	9606.ENSP00000335246	9606.ENSP00000373674	0	0	0	0	0.042	0	0.650	0	0.650
ENTPD5	NT5C2	9606.ENSP00000335246	9606.ENSP00000339479	0	0	0	0	0	0	0.650	0.069	0.660
ENTPD5	NME2	9606.ENSP00000335246	9606.ENSP00000376886	0	0	0	0	0	0	0.650	0.181	0.701
ENTPD5	NME1	9606.ENSP00000335246	9606.ENSP00000337060	0	0	0	0	0	0	0.650	0.225	0.717
ENTPD5	NT5C1B	9606.ENSP00000335246	9606.ENSP00000352904	0	0	0	0	0	0.091	0.650	0.297	0.756
ENTPD5	UCK1	9606.ENSP00000335246	9606.ENSP00000361285	0	0	0	0	0	0	0.900	0.046	0.900
ENTPD5	IMPDH1	9606.ENSP00000335246	9606.ENSP00000345096	0	0	0	0	0.109	0	0.900	0.042	0.907
ENTPD5	ENTPD6	9606.ENSP00000335246	9606.ENSP00000365840	0	0	0.077	0.926	0.049	0	0.900	0.110	0.911
ENTPD5	UCK2	9606.ENSP00000335246	9606.ENSP00000356853	0	0	0	0	0	0	0.900	0.163	0.912
ENTPD5	GMPS	9606.ENSP00000335246	9606.ENSP00000419851	0	0	0	0	0.113	0	0.900	0.135	0.916
ENTPD5	RRM2	9606.ENSP00000335246	9606.ENSP00000353770	0	0	0	0	0	0	0.911	0.092	0.916
ENTPD5	ITPA	9606.ENSP00000335246	9606.ENSP00000369456	0	0	0	0	0	0	0.900	0.302	0.927
ENTPD5	ENTPD8	9606.ENSP00000335246	9606.ENSP00000360561	0	0	0.130	0.662	0	0.129	0.900	0.298	0.939
ENTPD6	NME4	9606.ENSP00000365840	9606.ENSP00000219479	0	0	0	0	0.047	0	0.650	0.241	0.724
ENTPD6	UMPS	9606.ENSP00000365840	9606.ENSP00000232607	0	0	0	0	0.060	0	0.900	0.051	0.903
ENTPD6	NT5C1A	9606.ENSP00000365840	9606.ENSP00000235628	0	0	0	0	0	0.091	0.650	0.092	0.685
ENTPD6	NT5C	9606.ENSP00000365840	9606.ENSP00000245552	0	0	0	0	0.049	0	0.650	0.140	0.688
ENTPD6	RRM2B	9606.ENSP00000365840	9606.ENSP00000251810	0	0	0	0	0	0	0.911	0.108	0.918
ENTPD6	NT5E	9606.ENSP00000365840	9606.ENSP00000257770	0	0	0	0	0.042	0	0.650	0.164	0.695
ENTPD6	GMPR	9606.ENSP00000365840	9606.ENSP00000259727	0	0	0	0	0.107	0	0.900	0.042	0.906
ENTPD6	HPRT1	9606.ENSP00000365840	9606.ENSP00000298556	0	0	0	0	0	0	0.900	0	0.900
ENTPD6	RRM1	9606.ENSP00000365840	9606.ENSP00000300738	0	0	0	0	0	0	0.912	0.079	0.916
ENTPD6	IMPDH2	9606.ENSP00000365840	9606.ENSP00000321584	0	0	0	0	0.109	0	0.900	0.042	0.907
ENTPD6	NME1	9606.ENSP00000365840	9606.ENSP00000337060	0	0	0	0	0.049	0	0.650	0.055	0.657
ENTPD6	NT5C2	9606.ENSP00000365840	9606.ENSP00000339479	0	0	0	0	0.060	0	0.650	0	0.656
ENTPD6	IMPDH1	9606.ENSP00000365840	9606.ENSP00000345096	0	0	0	0	0.133	0	0.900	0.042	0.909
ENTPD6	NT5C1B	9606.ENSP00000365840	9606.ENSP00000352904	0	0	0	0	0	0.091	0.650	0.092	0.685
ENTPD6	RRM2	9606.ENSP00000365840	9606.ENSP00000353770	0	0	0	0	0	0	0.911	0.079	0.915
ENTPD6	UCK2	9606.ENSP00000365840	9606.ENSP00000356853	0	0	0	0	0.049	0	0.900	0.172	0.914
ENTPD6	ENTPD7	9606.ENSP00000365840	9606.ENSP00000359520	0	0	0	0.608	0	0.146	0	0.382	0.450
ENTPD6	ENTPD8	9606.ENSP00000365840	9606.ENSP00000360561	0	0	0.131	0.598	0	0.129	0.900	0.328	0.942
ENTPD6	UCK1	9606.ENSP00000365840	9606.ENSP00000361285	0	0	0	0	0.138	0	0.900	0.073	0.913
ENTPD6	NT5M	9606.ENSP00000365840	9606.ENSP00000373674	0	0	0	0	0	0	0.650	0	0.650
ENTPD6	NME2	9606.ENSP00000365840	9606.ENSP00000376886	0	0	0	0	0.054	0	0.650	0.168	0.700
ENTPD6	GMPS	9606.ENSP00000365840	9606.ENSP00000419851	0	0	0	0	0.113	0	0.900	0.135	0.916
ENTPD6	ITPA	9606.ENSP00000365840	9606.ENSP00000369456	0	0	0	0	0.097	0	0.900	0.233	0.924
ENTPD7	ENTPD8	9606.ENSP00000359520	9606.ENSP00000360561	0	0	0.106	0.635	0	0	0	0.356	0.400
ENTPD8	NME4	9606.ENSP00000360561	9606.ENSP00000219479	0	0	0	0	0.096	0	0.650	0.064	0.678
ENTPD8	UMPS	9606.ENSP00000360561	9606.ENSP00000232607	0	0	0	0	0	0	0.900	0.155	0.911
ENTPD8	NT5C1A	9606.ENSP00000360561	9606.ENSP00000235628	0	0	0	0	0.052	0	0.650	0.193	0.709
ENTPD8	NT5C	9606.ENSP00000360561	9606.ENSP00000245552	0	0	0	0	0	0	0.650	0.207	0.710
ENTPD8	RRM2B	9606.ENSP00000360561	9606.ENSP00000251810	0	0	0	0	0	0	0.914	0	0.914
ENTPD8	NT5E	9606.ENSP00000360561	9606.ENSP00000257770	0	0	0	0	0	0	0.690	0.579	0.864
ENTPD8	GMPR	9606.ENSP00000360561	9606.ENSP00000259727	0	0	0	0	0	0	0.900	0.079	0.903
ENTPD8	HPRT1	9606.ENSP00000360561	9606.ENSP00000298556	0	0	0	0	0	0	0.900	0.137	0.910
ENTPD8	TK2	9606.ENSP00000360561	9606.ENSP00000299697	0	0	0	0	0	0	0.900	0.093	0.905
ENTPD8	RRM1	9606.ENSP00000360561	9606.ENSP00000300738	0	0	0	0	0	0	0.915	0.138	0.923
ENTPD8	TYMS	9606.ENSP00000360561	9606.ENSP00000315644	0	0	0	0	0	0	0.900	0	0.900
ENTPD8	IMPDH2	9606.ENSP00000360561	9606.ENSP00000321584	0	0	0	0	0	0	0.900	0.068	0.902
ENTPD8	NME1	9606.ENSP00000360561	9606.ENSP00000337060	0	0	0	0	0.067	0	0.650	0.071	0.670
ENTPD8	NT5C2	9606.ENSP00000360561	9606.ENSP00000339479	0	0	0	0	0	0	0.679	0.049	0.682
ENTPD8	IMPDH1	9606.ENSP00000360561	9606.ENSP00000345096	0	0	0	0	0	0	0.900	0	0.900
ENTPD8	NT5C1B	9606.ENSP00000360561	9606.ENSP00000352904	0	0	0	0	0.052	0	0.650	0.238	0.725
ENTPD8	RRM2	9606.ENSP00000360561	9606.ENSP00000353770	0	0	0	0	0	0	0.914	0	0.914
ENTPD8	GUK1	9606.ENSP00000360561	9606.ENSP00000355689	0	0	0	0	0	0.100	0.900	0	0.906
ENTPD8	UCK2	9606.ENSP00000360561	9606.ENSP00000356853	0	0	0	0	0.074	0	0.900	0.137	0.913
ENTPD8	NME2	9606.ENSP00000360561	9606.ENSP00000376886	0	0	0	0	0.067	0	0.650	0.093	0.678
ENTPD8	NT5M	9606.ENSP00000360561	9606.ENSP00000373674	0	0	0	0	0	0	0.650	0.200	0.708
ENTPD8	NUDT16	9606.ENSP00000360561	9606.ENSP00000422375	0	0	0	0	0	0	0.900	0.064	0.902
ENTPD8	GMPS	9606.ENSP00000360561	9606.ENSP00000419851	0	0	0	0	0	0	0.900	0.108	0.906
ENTPD8	ITPA	9606.ENSP00000360561	9606.ENSP00000369456	0	0	0	0	0	0	0.900	0.201	0.916
ENTPD8	UCK1	9606.ENSP00000360561	9606.ENSP00000361285	0	0	0	0	0.074	0	0.900	0.204	0.919
GART	NME4	9606.ENSP00000371253	9606.ENSP00000219479	0.041	0	0	0	0.106	0.097	0	0.353	0.432
GART	UMPS	9606.ENSP00000371253	9606.ENSP00000232607	0.355	0	0	0	0.854	0	0	0.578	0.956
GART	GDA	9606.ENSP00000371253	9606.ENSP00000238018	0.070	0	0	0	0.118	0	0	0.471	0.529
GART	NT5E	9606.ENSP00000371253	9606.ENSP00000257770	0.058	0	0	0	0.060	0	0	0.393	0.416
GART	NUDT15	9606.ENSP00000371253	9606.ENSP00000258662	0.057	0	0	0	0.067	0	0	0.460	0.484
GART	GMPR	9606.ENSP00000371253	9606.ENSP00000259727	0.272	0	0	0	0.249	0	0	0.394	0.640
GART	PPAT	9606.ENSP00000371253	9606.ENSP00000264220	0.356	0.672	0.288	0	0.967	0.299	0.983	0.977	0.999
GART	HPRT1	9606.ENSP00000371253	9606.ENSP00000298556	0.280	0	0	0	0.101	0	0.187	0.492	0.697
GART	RRM1	9606.ENSP00000371253	9606.ENSP00000300738	0.053	0	0	0	0.354	0	0	0.529	0.687
GART	PFAS	9606.ENSP00000371253	9606.ENSP00000313490	0	0.023	0	0	0.229	0.456	0.925	0.976	0.999
GART	TYMS	9606.ENSP00000371253	9606.ENSP00000315644	0.054	0	0	0	0.200	0	0	0.873	0.895
GART	IMPDH2	9606.ENSP00000371253	9606.ENSP00000321584	0.272	0	0	0	0.324	0	0	0.647	0.811
GART	UPP1	9606.ENSP00000371253	9606.ENSP00000330032	0	0	0	0	0.042	0	0	0.436	0.437
GART	NME1	9606.ENSP00000371253	9606.ENSP00000337060	0.041	0	0	0	0.169	0.097	0	0.353	0.472
GART	IMPDH1	9606.ENSP00000371253	9606.ENSP00000345096	0.272	0	0	0	0.270	0	0	0.608	0.773
GART	PNP	9606.ENSP00000371253	9606.ENSP00000354532	0.101	0	0	0	0.116	0	0	0.545	0.607
GART	GUK1	9606.ENSP00000371253	9606.ENSP00000355689	0.058	0	0	0	0.145	0.095	0	0.477	0.568
GART	UCK2	9606.ENSP00000371253	9606.ENSP00000356853	0.100	0	0	0	0.164	0	0	0.355	0.473
GART	UCK1	9606.ENSP00000371253	9606.ENSP00000361285	0.100	0	0	0	0.100	0	0	0.362	0.438
GART	ITPA	9606.ENSP00000371253	9606.ENSP00000369456	0.258	0	0	0	0.056	0	0	0.593	0.690
GART	UPP2	9606.ENSP00000371253	9606.ENSP00000474090	0	0	0	0	0	0	0	0.418	0.418
GART	TXNRD1	9606.ENSP00000371253	9606.ENSP00000434516	0.090	0	0	0	0.154	0	0	0.310	0.423
GART	TYMP	9606.ENSP00000371253	9606.ENSP00000379038	0.118	0	0	0	0.042	0	0	0.446	0.491
GART	TK1	9606.ENSP00000371253	9606.ENSP00000468425	0	0	0	0	0.138	0	0	0.437	0.494
GART	NME2	9606.ENSP00000371253	9606.ENSP00000376886	0.041	0	0	0	0.299	0.097	0	0.448	0.620
GART	GMPR2	9606.ENSP00000371253	9606.ENSP00000454038	0.272	0	0	0	0.262	0	0	0.353	0.622
GART	GMPS	9606.ENSP00000371253	9606.ENSP00000419851	0.356	0	0	0	0.587	0	0	0.784	0.937
GART	PAICS	9606.ENSP00000371253	9606.ENSP00000382595	0.356	0	0.276	0	0.976	0.550	0.983	0.922	0.999
GDA	UMPS	9606.ENSP00000238018	9606.ENSP00000232607	0.119	0	0	0	0.067	0	0	0.571	0.617
GDA	TK1	9606.ENSP00000238018	9606.ENSP00000468425	0.105	0	0	0	0.060	0	0	0.348	0.403
GDA	TYMP	9606.ENSP00000238018	9606.ENSP00000379038	0.118	0	0	0	0.042	0	0	0.361	0.413
GDA	PPAT	9606.ENSP00000238018	9606.ENSP00000264220	0.045	0	0	0	0.147	0	0	0.410	0.478
GDA	GUK1	9606.ENSP00000238018	9606.ENSP00000355689	0.045	0	0	0	0.042	0.093	0	0.464	0.496
GDA	GMPR	9606.ENSP00000238018	9606.ENSP00000259727	0.056	0	0	0	0	0	0	0.564	0.570
GDA	IMPDH1	9606.ENSP00000238018	9606.ENSP00000345096	0.056	0	0	0	0.060	0	0	0.560	0.575
GDA	IMPDH2	9606.ENSP00000238018	9606.ENSP00000321584	0.056	0	0	0	0.066	0	0	0.614	0.630
GDA	GMPS	9606.ENSP00000238018	9606.ENSP00000419851	0.042	0	0	0	0.102	0	0	0.665	0.686
GDA	UPP1	9606.ENSP00000238018	9606.ENSP00000330032	0.072	0	0	0	0.044	0	0.585	0.343	0.725
GDA	UPP2	9606.ENSP00000238018	9606.ENSP00000474090	0.072	0	0	0	0.082	0	0.585	0.394	0.757
GDA	NT5E	9606.ENSP00000238018	9606.ENSP00000257770	0	0	0	0	0.092	0	0.792	0.243	0.844
GDA	HPRT1	9606.ENSP00000238018	9606.ENSP00000298556	0.111	0	0	0	0.056	0	0.911	0.540	0.961
GDA	XDH	9606.ENSP00000238018	9606.ENSP00000368727	0.111	0	0.217	0	0.109	0	0.956	0.626	0.988
GDA	PNP	9606.ENSP00000238018	9606.ENSP00000354532	0.111	0	0	0	0.083	0	0.956	0.789	0.991
GLRX	GSR	9606.ENSP00000369314	9606.ENSP00000221130	0.079	0	0	0	0.067	0.070	0.385	0.967	0.980
GLRX	RRM2B	9606.ENSP00000369314	9606.ENSP00000251810	0	0	0	0	0.047	0	0.750	0.455	0.858
GLRX	HPRT1	9606.ENSP00000369314	9606.ENSP00000298556	0	0	0	0	0.075	0.362	0	0.102	0.424
GLRX	RRM1	9606.ENSP00000369314	9606.ENSP00000300738	0.120	0	0	0	0.579	0.412	0.750	0.628	0.976
GLRX	RRM2	9606.ENSP00000369314	9606.ENSP00000353770	0	0	0	0	0.042	0	0.750	0.235	0.800
GLRX	TXN	9606.ENSP00000369314	9606.ENSP00000363641	0.045	0	0	0	0.192	0.065	0	0.959	0.966
GLRX	XDH	9606.ENSP00000369314	9606.ENSP00000368727	0	0	0	0	0.044	0	0	0.431	0.432
GLRX	ITPA	9606.ENSP00000369314	9606.ENSP00000369456	0	0	0	0	0.061	0	0.733	0.052	0.741
GLRX	TXNRD1	9606.ENSP00000369314	9606.ENSP00000434516	0.079	0	0	0	0.079	0.077	0.385	0.866	0.923
GMPR	UMPS	9606.ENSP00000259727	9606.ENSP00000232607	0.079	0	0	0	0.062	0	0	0.393	0.430
GMPR	NT5C1A	9606.ENSP00000259727	9606.ENSP00000235628	0	0	0	0	0.062	0	0.906	0.072	0.911
GMPR	NT5C	9606.ENSP00000259727	9606.ENSP00000245552	0	0	0	0	0	0	0.932	0.047	0.932
GMPR	NT5E	9606.ENSP00000259727	9606.ENSP00000257770	0.069	0	0	0	0	0	0.942	0.261	0.957
GMPR	PAICS	9606.ENSP00000259727	9606.ENSP00000382595	0.102	0	0	0	0.192	0	0	0.263	0.419
GMPR	PNP	9606.ENSP00000259727	9606.ENSP00000354532	0.075	0	0	0	0.105	0	0.309	0.340	0.573
GMPR	PPAT	9606.ENSP00000259727	9606.ENSP00000264220	0.102	0	0	0	0.366	0	0	0.350	0.598
GMPR	GMPR2	9606.ENSP00000259727	9606.ENSP00000454038	0	0	0.051	0.978	0	0.672	0.700	0.062	0.900
GMPR	NUDT16	9606.ENSP00000259727	9606.ENSP00000422375	0	0	0	0	0	0	0.900	0.089	0.905
GMPR	NT5C1B	9606.ENSP00000259727	9606.ENSP00000352904	0	0	0	0	0.062	0	0.906	0.072	0.911
GMPR	GUK1	9606.ENSP00000259727	9606.ENSP00000355689	0.044	0	0	0	0.128	0	0.900	0.224	0.926
GMPR	NT5C2	9606.ENSP00000259727	9606.ENSP00000339479	0	0	0	0	0.094	0	0.914	0.159	0.928
GMPR	IMPDH2	9606.ENSP00000259727	9606.ENSP00000321584	0	0	0.124	0.705	0	0	0.900	0.267	0.930
GMPR	IMPDH1	9606.ENSP00000259727	9606.ENSP00000345096	0	0	0.126	0.694	0.042	0	0.900	0.271	0.930
GMPR	ITPA	9606.ENSP00000259727	9606.ENSP00000369456	0.079	0	0	0	0.074	0.094	0.900	0.279	0.934
GMPR	NT5M	9606.ENSP00000259727	9606.ENSP00000373674	0	0	0	0	0.111	0	0.932	0.047	0.937
GMPR	HPRT1	9606.ENSP00000259727	9606.ENSP00000298556	0.057	0	0	0	0	0	0.910	0.376	0.943
GMPR	GMPS	9606.ENSP00000259727	9606.ENSP00000419851	0.102	0	0	0	0.627	0	0.942	0.666	0.992
GMPR2	UMPS	9606.ENSP00000454038	9606.ENSP00000232607	0.079	0	0	0	0.088	0	0	0.375	0.429
GMPR2	NT5E	9606.ENSP00000454038	9606.ENSP00000257770	0.069	0	0	0	0.042	0	0.449	0.207	0.558
GMPR2	PPAT	9606.ENSP00000454038	9606.ENSP00000264220	0.102	0	0	0	0.375	0	0	0.240	0.536
GMPR2	PNP	9606.ENSP00000454038	9606.ENSP00000354532	0.075	0	0	0	0.092	0	0.309	0.208	0.479
GMPR2	PAICS	9606.ENSP00000454038	9606.ENSP00000382595	0.102	0	0	0	0.206	0	0	0.240	0.411
GMPR2	GMPS	9606.ENSP00000454038	9606.ENSP00000419851	0.102	0	0	0	0.629	0	0.449	0.269	0.848
GMPS	UMPS	9606.ENSP00000419851	9606.ENSP00000232607	0.221	0	0	0	0.281	0	0	0.675	0.802
GMPS	NT5C1A	9606.ENSP00000419851	9606.ENSP00000235628	0.042	0	0	0	0.055	0	0.900	0.096	0.907
GMPS	NT5C	9606.ENSP00000419851	9606.ENSP00000245552	0	0	0	0	0	0	0.912	0.156	0.923
GMPS	NT5E	9606.ENSP00000419851	9606.ENSP00000257770	0	0	0	0	0.062	0	0.900	0.274	0.926
GMPS	PPAT	9606.ENSP00000419851	9606.ENSP00000264220	0.231	0	0.206	0	0.322	0	0	0.759	0.886
GMPS	HPRT1	9606.ENSP00000419851	9606.ENSP00000298556	0.120	0	0	0	0.170	0	0.900	0.665	0.972
GMPS	RRM1	9606.ENSP00000419851	9606.ENSP00000300738	0.083	0	0	0	0.458	0	0	0.533	0.748
GMPS	PFAS	9606.ENSP00000419851	9606.ENSP00000313490	0	0	0	0	0.063	0	0	0.616	0.625
GMPS	TYMS	9606.ENSP00000419851	9606.ENSP00000315644	0	0	0	0	0.262	0	0	0.588	0.683
GMPS	IMPDH2	9606.ENSP00000419851	9606.ENSP00000321584	0.102	0	0.245	0	0.658	0.216	0.942	0.877	0.998
GMPS	UPB1	9606.ENSP00000419851	9606.ENSP00000324343	0.088	0	0	0	0	0	0	0.382	0.412
GMPS	NME1	9606.ENSP00000419851	9606.ENSP00000337060	0.056	0	0	0	0.175	0	0	0.311	0.417
GMPS	NT5C2	9606.ENSP00000419851	9606.ENSP00000339479	0	0	0	0	0.044	0	0.900	0.311	0.928
GMPS	IMPDH1	9606.ENSP00000419851	9606.ENSP00000345096	0.102	0	0.247	0	0.630	0.476	0.942	0.921	0.999
GMPS	NT5C1B	9606.ENSP00000419851	9606.ENSP00000352904	0.042	0	0	0	0.055	0	0.900	0	0.901
GMPS	PNP	9606.ENSP00000419851	9606.ENSP00000354532	0.120	0	0	0	0.193	0.255	0	0.598	0.759
GMPS	GUK1	9606.ENSP00000419851	9606.ENSP00000355689	0.045	0	0	0	0.133	0	0.941	0.612	0.978
GMPS	UCK2	9606.ENSP00000419851	9606.ENSP00000356853	0	0	0	0	0.199	0	0	0.359	0.465
GMPS	UCK1	9606.ENSP00000419851	9606.ENSP00000361285	0	0	0	0	0.111	0	0	0.383	0.428
GMPS	ITPA	9606.ENSP00000419851	9606.ENSP00000369456	0.118	0	0	0	0.149	0	0.900	0.647	0.970
GMPS	NT5M	9606.ENSP00000419851	9606.ENSP00000373674	0	0	0	0	0	0	0.912	0.089	0.917
GMPS	TYMP	9606.ENSP00000419851	9606.ENSP00000379038	0.057	0	0	0	0	0	0	0.423	0.433
GMPS	PAICS	9606.ENSP00000419851	9606.ENSP00000382595	0.231	0	0	0	0.519	0	0	0.626	0.850
GSR	TXNRD1	9606.ENSP00000221130	9606.ENSP00000434516	0	0	0.127	0.803	0.181	0	0	0.412	0.543
GSR	TYMS	9606.ENSP00000221130	9606.ENSP00000315644	0.060	0	0	0	0.064	0	0.510	0.277	0.647
GSR	XDH	9606.ENSP00000221130	9606.ENSP00000368727	0	0	0	0	0	0	0	0.733	0.733
GSR	TXN	9606.ENSP00000221130	9606.ENSP00000363641	0	0	0	0	0.115	0.197	0	0.891	0.916
GUK1	NME4	9606.ENSP00000355689	9606.ENSP00000219479	0	0	0	0	0.147	0.090	0.918	0.295	0.949
GUK1	UMPS	9606.ENSP00000355689	9606.ENSP00000232607	0.057	0	0	0	0.224	0	0	0.344	0.478
GUK1	NT5C1A	9606.ENSP00000355689	9606.ENSP00000235628	0	0	0	0	0.053	0.084	0.908	0.164	0.925
GUK1	NT5C	9606.ENSP00000355689	9606.ENSP00000245552	0	0	0	0	0.139	0	0.900	0.139	0.919
GUK1	RRM2B	9606.ENSP00000355689	9606.ENSP00000251810	0	0	0	0	0.110	0	0.925	0.087	0.934
GUK1	NT5E	9606.ENSP00000355689	9606.ENSP00000257770	0.044	0	0	0	0.042	0	0.900	0.046	0.900
GUK1	PPAT	9606.ENSP00000355689	9606.ENSP00000264220	0.053	0	0	0	0.064	0	0	0.443	0.463
GUK1	HPRT1	9606.ENSP00000355689	9606.ENSP00000298556	0	0	0	0	0.053	0	0.918	0.348	0.945
GUK1	RRM1	9606.ENSP00000355689	9606.ENSP00000300738	0	0	0	0	0.042	0	0.941	0.238	0.953
GUK1	TYMS	9606.ENSP00000355689	9606.ENSP00000315644	0	0	0	0	0.298	0	0.129	0.251	0.502
GUK1	IMPDH2	9606.ENSP00000355689	9606.ENSP00000321584	0.044	0	0	0	0.118	0	0	0.515	0.556
GUK1	NME1	9606.ENSP00000355689	9606.ENSP00000337060	0	0	0	0	0.126	0.090	0.918	0.264	0.945
GUK1	NT5C2	9606.ENSP00000355689	9606.ENSP00000339479	0	0	0	0	0.066	0	0.900	0	0.902
GUK1	IMPDH1	9606.ENSP00000355689	9606.ENSP00000345096	0.044	0	0	0	0.084	0	0	0.469	0.495
GUK1	NT5C1B	9606.ENSP00000355689	9606.ENSP00000352904	0	0	0	0	0.053	0.084	0.908	0.102	0.919
GUK1	RRM2	9606.ENSP00000355689	9606.ENSP00000353770	0	0	0	0	0.074	0	0.925	0.096	0.932
GUK1	PAICS	9606.ENSP00000355689	9606.ENSP00000382595	0.053	0	0	0	0.100	0.060	0	0.341	0.402
GUK1	NT5M	9606.ENSP00000355689	9606.ENSP00000373674	0	0	0	0	0.101	0	0.900	0.090	0.911
GUK1	ITPA	9606.ENSP00000355689	9606.ENSP00000369456	0.059	0	0	0	0.147	0	0.900	0.391	0.944
GUK1	NME2	9606.ENSP00000355689	9606.ENSP00000376886	0	0	0	0	0.179	0.090	0.918	0.219	0.946
HPRT1	UMPS	9606.ENSP00000298556	9606.ENSP00000232607	0.057	0	0	0	0.088	0	0	0.559	0.588
HPRT1	NT5C1A	9606.ENSP00000298556	9606.ENSP00000235628	0	0	0	0	0	0.177	0.900	0.167	0.925
HPRT1	NT5C	9606.ENSP00000298556	9606.ENSP00000245552	0	0	0	0	0.044	0	0.900	0.046	0.900
HPRT1	NT5E	9606.ENSP00000298556	9606.ENSP00000257770	0	0	0	0	0.050	0	0.900	0.345	0.932
HPRT1	PPAT	9606.ENSP00000298556	9606.ENSP00000264220	0.101	0	0	0	0.090	0.229	0	0.596	0.711
HPRT1	TYMP	9606.ENSP00000298556	9606.ENSP00000379038	0.043	0	0	0	0	0	0	0.410	0.412
HPRT1	PAICS	9606.ENSP00000298556	9606.ENSP00000382595	0.119	0	0	0	0.181	0	0	0.428	0.551
HPRT1	TK1	9606.ENSP00000298556	9606.ENSP00000468425	0.120	0	0	0	0.094	0	0	0.482	0.551
HPRT1	TYMS	9606.ENSP00000298556	9606.ENSP00000315644	0	0	0	0	0.174	0	0	0.606	0.660
HPRT1	TK2	9606.ENSP00000298556	9606.ENSP00000299697	0.086	0	0	0	0	0	0	0.668	0.684
HPRT1	UPP2	9606.ENSP00000298556	9606.ENSP00000474090	0.058	0	0	0	0	0	0.585	0.262	0.686
HPRT1	UPP1	9606.ENSP00000298556	9606.ENSP00000330032	0.058	0	0	0	0.042	0	0.585	0.273	0.691
HPRT1	RRM1	9606.ENSP00000298556	9606.ENSP00000300738	0.053	0	0	0	0.142	0	0.792	0.329	0.871
HPRT1	NT5M	9606.ENSP00000298556	9606.ENSP00000373674	0	0	0	0	0	0	0.900	0	0.900
HPRT1	NUDT16	9606.ENSP00000298556	9606.ENSP00000422375	0	0	0	0	0.047	0	0.900	0	0.900
HPRT1	NT5C1B	9606.ENSP00000298556	9606.ENSP00000352904	0	0	0	0	0	0.177	0.900	0.053	0.915
HPRT1	NT5C2	9606.ENSP00000298556	9606.ENSP00000339479	0	0	0	0	0.054	0	0.900	0.304	0.928
HPRT1	ITPA	9606.ENSP00000298556	9606.ENSP00000369456	0.046	0	0	0	0.071	0	0.900	0.431	0.942
HPRT1	XDH	9606.ENSP00000298556	9606.ENSP00000368727	0	0	0	0	0	0	0.900	0.475	0.945
HPRT1	IMPDH1	9606.ENSP00000298556	9606.ENSP00000345096	0.057	0	0	0	0.042	0	0.910	0.515	0.955
HPRT1	IMPDH2	9606.ENSP00000298556	9606.ENSP00000321584	0.057	0	0	0	0.067	0	0.910	0.633	0.967
HPRT1	PNP	9606.ENSP00000298556	9606.ENSP00000354532	0.111	0	0	0	0.123	0.069	0.956	0.704	0.989
IMPDH1	UMPS	9606.ENSP00000345096	9606.ENSP00000232607	0.079	0	0	0	0.080	0	0	0.483	0.524
IMPDH1	NT5C1A	9606.ENSP00000345096	9606.ENSP00000235628	0	0	0	0	0	0	0.910	0.177	0.923
IMPDH1	NT5C	9606.ENSP00000345096	9606.ENSP00000245552	0	0	0	0	0.073	0	0.932	0.146	0.941
IMPDH1	NT5E	9606.ENSP00000345096	9606.ENSP00000257770	0.069	0	0	0	0	0	0.942	0.204	0.953
IMPDH1	PPAT	9606.ENSP00000345096	9606.ENSP00000264220	0.102	0	0	0	0.366	0	0	0.667	0.794
IMPDH1	TYMS	9606.ENSP00000345096	9606.ENSP00000315644	0	0	0	0	0.044	0	0	0.522	0.523
IMPDH1	IMPDH2	9606.ENSP00000345096	9606.ENSP00000321584	0	0	0.049	0.983	0.054	0.846	0.900	0.056	0.984
IMPDH1	NT5C2	9606.ENSP00000345096	9606.ENSP00000339479	0	0	0	0	0.063	0	0.915	0.279	0.937
IMPDH1	TK1	9606.ENSP00000345096	9606.ENSP00000468425	0	0	0	0	0.090	0	0	0.371	0.403
IMPDH1	PAICS	9606.ENSP00000345096	9606.ENSP00000382595	0.102	0	0	0	0.205	0	0	0.438	0.564
IMPDH1	PNP	9606.ENSP00000345096	9606.ENSP00000354532	0.075	0	0	0	0.085	0	0.309	0.498	0.667
IMPDH1	NUDT16	9606.ENSP00000345096	9606.ENSP00000422375	0	0	0	0	0.049	0	0.900	0.048	0.901
IMPDH1	NT5C1B	9606.ENSP00000345096	9606.ENSP00000352904	0	0	0	0	0	0	0.912	0.072	0.915
IMPDH1	NT5M	9606.ENSP00000345096	9606.ENSP00000373674	0	0	0	0	0.059	0	0.932	0.067	0.935
IMPDH1	ITPA	9606.ENSP00000345096	9606.ENSP00000369456	0.079	0	0	0	0.101	0.094	0.900	0.516	0.957
IMPDH2	UMPS	9606.ENSP00000321584	9606.ENSP00000232607	0.079	0	0	0	0.132	0	0	0.523	0.586
IMPDH2	NT5C1A	9606.ENSP00000321584	9606.ENSP00000235628	0	0	0	0	0	0	0.910	0.191	0.924
IMPDH2	NT5C	9606.ENSP00000321584	9606.ENSP00000245552	0	0	0	0	0.056	0	0.932	0.203	0.944
IMPDH2	NT5E	9606.ENSP00000321584	9606.ENSP00000257770	0.069	0	0	0	0.053	0	0.942	0.214	0.954
IMPDH2	PPAT	9606.ENSP00000321584	9606.ENSP00000264220	0.102	0	0	0	0.392	0.224	0	0.664	0.839
IMPDH2	RRM1	9606.ENSP00000321584	9606.ENSP00000300738	0.041	0	0	0	0.183	0	0	0.367	0.461
IMPDH2	PFAS	9606.ENSP00000321584	9606.ENSP00000313490	0	0	0	0	0.074	0	0	0.494	0.512
IMPDH2	TYMS	9606.ENSP00000321584	9606.ENSP00000315644	0	0	0	0	0.087	0	0	0.550	0.572
IMPDH2	NME1	9606.ENSP00000321584	9606.ENSP00000337060	0.043	0	0	0	0.192	0.184	0	0.209	0.435
IMPDH2	PAICS	9606.ENSP00000321584	9606.ENSP00000382595	0.102	0	0	0	0.432	0	0	0.539	0.744
IMPDH2	PNP	9606.ENSP00000321584	9606.ENSP00000354532	0.075	0	0	0	0.090	0	0.309	0.625	0.753
IMPDH2	NUDT16	9606.ENSP00000321584	9606.ENSP00000422375	0	0	0	0	0.063	0	0.900	0.078	0.906
IMPDH2	NT5C1B	9606.ENSP00000321584	9606.ENSP00000352904	0	0	0	0	0	0	0.912	0.072	0.915
IMPDH2	NT5M	9606.ENSP00000321584	9606.ENSP00000373674	0	0	0	0	0	0	0.932	0.067	0.934
IMPDH2	NT5C2	9606.ENSP00000321584	9606.ENSP00000339479	0	0	0	0	0.058	0	0.915	0.368	0.945
IMPDH2	ITPA	9606.ENSP00000321584	9606.ENSP00000369456	0.079	0	0	0	0.151	0.094	0.900	0.657	0.971
ITPA	NME4	9606.ENSP00000369456	9606.ENSP00000219479	0.080	0	0	0	0.128	0.064	0.935	0.195	0.954
ITPA	UMPS	9606.ENSP00000369456	9606.ENSP00000232607	0.055	0	0	0	0.111	0.177	0	0.439	0.561
ITPA	NT5C1A	9606.ENSP00000369456	9606.ENSP00000235628	0.056	0	0	0	0.043	0	0.900	0.276	0.925
ITPA	NT5C	9606.ENSP00000369456	9606.ENSP00000245552	0	0	0	0	0.252	0	0.900	0.216	0.936
ITPA	NT5E	9606.ENSP00000369456	9606.ENSP00000257770	0.055	0	0	0	0.068	0	0.900	0.159	0.916
ITPA	NUDT15	9606.ENSP00000369456	9606.ENSP00000258662	0.157	0	0	0	0.085	0	0	0.823	0.851
ITPA	PPAT	9606.ENSP00000369456	9606.ENSP00000264220	0.067	0	0	0	0.042	0.088	0	0.507	0.545
ITPA	RRM1	9606.ENSP00000369456	9606.ENSP00000300738	0	0	0	0	0.082	0	0.809	0.267	0.860
ITPA	TYMS	9606.ENSP00000369456	9606.ENSP00000315644	0.231	0	0	0	0.111	0	0.809	0.608	0.941
ITPA	NME1	9606.ENSP00000369456	9606.ENSP00000337060	0.080	0	0	0	0.191	0.065	0.935	0.207	0.958
ITPA	NT5C2	9606.ENSP00000369456	9606.ENSP00000339479	0	0	0	0	0.042	0	0.900	0.286	0.925
ITPA	NT5C1B	9606.ENSP00000369456	9606.ENSP00000352904	0.056	0	0	0	0.043	0	0.900	0.306	0.928
ITPA	XDH	9606.ENSP00000369456	9606.ENSP00000368727	0	0	0	0	0	0	0	0.487	0.487
ITPA	TK1	9606.ENSP00000369456	9606.ENSP00000468425	0	0	0	0	0.074	0	0	0.399	0.420
ITPA	NUDT18	9606.ENSP00000369456	9606.ENSP00000480722	0	0	0	0	0.049	0	0	0.423	0.428
ITPA	NUDT1	9606.ENSP00000369456	9606.ENSP00000380241	0	0	0	0	0.105	0	0	0.395	0.435
ITPA	NUDT5	9606.ENSP00000369456	9606.ENSP00000419628	0	0	0	0	0.122	0	0	0.408	0.458
ITPA	NT5M	9606.ENSP00000369456	9606.ENSP00000373674	0	0	0	0	0	0	0.900	0.159	0.912
ITPA	NUDT16	9606.ENSP00000369456	9606.ENSP00000422375	0	0	0	0	0.042	0	0.900	0.379	0.935
ITPA	NME2	9606.ENSP00000369456	9606.ENSP00000376886	0.080	0	0	0	0.164	0.065	0.935	0.184	0.955
LHPP	PNP	9606.ENSP00000357835	9606.ENSP00000354532	0.058	0	0	0	0	0	0.385	0.063	0.409
LHPP	NME2	9606.ENSP00000357835	9606.ENSP00000376886	0.057	0	0	0	0	0	0	0.633	0.639
NME1	NME4	9606.ENSP00000337060	9606.ENSP00000219479	0	0	0.069	0.943	0.073	0.830	0.900	0.086	0.984
NME1	RRM2B	9606.ENSP00000337060	9606.ENSP00000251810	0	0	0	0	0.049	0	0.729	0.140	0.759
NME1	RRM1	9606.ENSP00000337060	9606.ENSP00000300738	0	0	0	0	0.126	0	0.775	0.281	0.846
NME1	TXN	9606.ENSP00000337060	9606.ENSP00000363641	0	0	0	0	0.270	0.061	0	0.258	0.447
NME1	PAICS	9606.ENSP00000337060	9606.ENSP00000382595	0	0	0	0	0.329	0	0	0.217	0.452
NME1	RRM2	9606.ENSP00000337060	9606.ENSP00000353770	0	0	0	0	0.187	0	0.729	0.148	0.796
NME1	NUDT16	9606.ENSP00000337060	9606.ENSP00000422375	0	0	0	0	0.088	0	0.900	0.047	0.905
NME1	NME2	9606.ENSP00000337060	9606.ENSP00000376886	0	0	0.049	0.982	0.768	0.801	0.900	0.058	0.995
NME2	NME4	9606.ENSP00000376886	9606.ENSP00000219479	0	0	0.063	0.955	0.060	0.400	0.900	0.079	0.942
NME2	UMPS	9606.ENSP00000376886	9606.ENSP00000232607	0	0	0	0	0.171	0	0	0.326	0.418
NME2	RRM2B	9606.ENSP00000376886	9606.ENSP00000251810	0	0	0	0	0.049	0	0.729	0.351	0.818
NME2	RRM1	9606.ENSP00000376886	9606.ENSP00000300738	0	0	0	0	0.087	0	0.775	0.340	0.853
NME2	RRM2	9606.ENSP00000376886	9606.ENSP00000353770	0	0	0	0	0.074	0	0.729	0.244	0.794
NME2	NUDT16	9606.ENSP00000376886	9606.ENSP00000422375	0	0	0	0	0.127	0	0.900	0.047	0.909
NME4	TK2	9606.ENSP00000219479	9606.ENSP00000299697	0	0	0	0	0.064	0	0.188	0.588	0.659
NME4	RRM2	9606.ENSP00000219479	9606.ENSP00000353770	0	0	0	0	0.062	0	0.729	0.226	0.786
NME4	RRM2B	9606.ENSP00000219479	9606.ENSP00000251810	0	0	0	0	0.042	0	0.729	0.244	0.787
NME4	NT5M	9606.ENSP00000219479	9606.ENSP00000373674	0	0	0	0	0.082	0	0	0.790	0.798
NME4	RRM1	9606.ENSP00000219479	9606.ENSP00000300738	0	0	0	0	0.049	0	0.775	0.242	0.824
NME4	NUDT16	9606.ENSP00000219479	9606.ENSP00000422375	0	0	0	0	0.077	0	0.900	0.074	0.907
NT5C	UMPS	9606.ENSP00000245552	9606.ENSP00000232607	0.059	0	0	0	0.044	0	0.900	0.394	0.938
NT5C	NT5C1A	9606.ENSP00000245552	9606.ENSP00000235628	0	0	0	0	0	0	0.900	0.685	0.967
NT5C	RRM1	9606.ENSP00000245552	9606.ENSP00000300738	0	0	0	0	0.188	0	0	0.314	0.420
NT5C	NUDT13	9606.ENSP00000245552	9606.ENSP00000349874	0	0	0	0	0.047	0	0.585	0	0.587
NT5C	TK1	9606.ENSP00000245552	9606.ENSP00000468425	0	0	0	0	0.074	0	0	0.769	0.776
NT5C	NT5M	9606.ENSP00000245552	9606.ENSP00000373674	0	0	0.060	0.961	0.042	0	0.900	0.076	0.905
NT5C	NUDT16	9606.ENSP00000245552	9606.ENSP00000422375	0	0	0	0	0.044	0	0.900	0.182	0.915
NT5C	TYMS	9606.ENSP00000245552	9606.ENSP00000315644	0	0	0	0	0.044	0	0.900	0.301	0.927
NT5C	TK2	9606.ENSP00000245552	9606.ENSP00000299697	0	0	0	0	0	0	0.900	0.349	0.932
NT5C	UPP2	9606.ENSP00000245552	9606.ENSP00000474090	0	0	0	0	0	0	0.918	0.241	0.935
NT5C	NT5E	9606.ENSP00000245552	9606.ENSP00000257770	0	0	0	0	0.042	0	0.900	0.392	0.936
NT5C	UPP1	9606.ENSP00000245552	9606.ENSP00000330032	0	0	0	0	0.042	0	0.918	0.269	0.937
NT5C	NT5C1B	9606.ENSP00000245552	9606.ENSP00000352904	0	0	0	0	0	0	0.900	0.598	0.958
NT5C	NT5C2	9606.ENSP00000245552	9606.ENSP00000339479	0	0	0	0	0.042	0	0.900	0.653	0.963
NT5C	TYMP	9606.ENSP00000245552	9606.ENSP00000379038	0	0	0	0	0.048	0	0.900	0.655	0.964
NT5C	PNP	9606.ENSP00000245552	9606.ENSP00000354532	0	0	0	0	0.049	0	0.956	0.254	0.966
NT5C1A	UMPS	9606.ENSP00000235628	9606.ENSP00000232607	0	0	0	0	0	0.046	0.900	0.091	0.905
NT5C1A	NUDT16	9606.ENSP00000235628	9606.ENSP00000422375	0	0	0	0	0.044	0	0.900	0	0.900
NT5C1A	NT5C1B	9606.ENSP00000235628	9606.ENSP00000352904	0	0	0.059	0.962	0.043	0	0.900	0.077	0.905
NT5C1A	TYMP	9606.ENSP00000235628	9606.ENSP00000379038	0	0	0	0	0.067	0	0.900	0.091	0.907
NT5C1A	TK2	9606.ENSP00000235628	9606.ENSP00000299697	0	0	0	0	0	0	0.900	0.182	0.914
NT5C1A	UPP1	9606.ENSP00000235628	9606.ENSP00000330032	0.049	0	0	0	0	0	0.900	0.181	0.915
NT5C1A	TYMS	9606.ENSP00000235628	9606.ENSP00000315644	0	0	0	0	0	0	0.918	0.083	0.922
NT5C1A	UPP2	9606.ENSP00000235628	9606.ENSP00000474090	0.049	0	0	0	0.056	0	0.900	0.302	0.929
NT5C1A	NT5E	9606.ENSP00000235628	9606.ENSP00000257770	0	0	0	0	0	0	0.900	0.375	0.934
NT5C1A	PNP	9606.ENSP00000235628	9606.ENSP00000354532	0	0	0	0	0.060	0	0.911	0.335	0.940
NT5C1A	NT5M	9606.ENSP00000235628	9606.ENSP00000373674	0	0	0	0	0	0	0.900	0.653	0.963
NT5C1A	NT5C2	9606.ENSP00000235628	9606.ENSP00000339479	0	0	0	0	0	0	0.900	0.692	0.967
NT5C1B	UMPS	9606.ENSP00000352904	9606.ENSP00000232607	0	0	0	0	0	0.046	0.900	0.181	0.915
NT5C1B	NT5E	9606.ENSP00000352904	9606.ENSP00000257770	0	0	0	0	0	0	0.900	0.275	0.924
NT5C1B	TK2	9606.ENSP00000352904	9606.ENSP00000299697	0	0	0	0	0	0	0.900	0.110	0.907
NT5C1B	TYMS	9606.ENSP00000352904	9606.ENSP00000315644	0	0	0	0	0	0	0.918	0.093	0.922
NT5C1B	UPP1	9606.ENSP00000352904	9606.ENSP00000330032	0.049	0	0	0	0	0	0.900	0.169	0.914
NT5C1B	NT5C2	9606.ENSP00000352904	9606.ENSP00000339479	0	0	0	0	0	0	0.900	0.523	0.950
NT5C1B	NUDT16	9606.ENSP00000352904	9606.ENSP00000422375	0	0	0	0	0	0	0.900	0	0.900
NT5C1B	UPP2	9606.ENSP00000352904	9606.ENSP00000474090	0.049	0	0	0	0.056	0	0.900	0.076	0.905
NT5C1B	TYMP	9606.ENSP00000352904	9606.ENSP00000379038	0	0	0	0	0.067	0	0.900	0.125	0.911
NT5C1B	PNP	9606.ENSP00000352904	9606.ENSP00000354532	0	0	0	0	0.060	0	0.912	0.057	0.915
NT5C1B	NT5M	9606.ENSP00000352904	9606.ENSP00000373674	0	0	0	0	0	0	0.900	0.626	0.961
NT5C2	UMPS	9606.ENSP00000339479	9606.ENSP00000232607	0	0	0	0	0.054	0	0.900	0.195	0.917
NT5C2	NT5E	9606.ENSP00000339479	9606.ENSP00000257770	0	0	0	0	0.042	0	0.900	0.325	0.929
NT5C2	NUDT15	9606.ENSP00000339479	9606.ENSP00000258662	0	0	0	0	0	0	0	0.419	0.419
NT5C2	TK2	9606.ENSP00000339479	9606.ENSP00000299697	0	0	0	0	0	0	0.900	0.154	0.911
NT5C2	RRM1	9606.ENSP00000339479	9606.ENSP00000300738	0	0	0	0	0.061	0	0	0.444	0.456
NT5C2	TYMS	9606.ENSP00000339479	9606.ENSP00000315644	0	0	0	0	0.044	0	0.900	0.180	0.914
NT5C2	UPP1	9606.ENSP00000339479	9606.ENSP00000330032	0	0	0	0	0.047	0	0.900	0.191	0.916
NT5C2	NUDT18	9606.ENSP00000339479	9606.ENSP00000480722	0	0	0	0	0	0.329	0	0.158	0.410
NT5C2	TYMP	9606.ENSP00000339479	9606.ENSP00000379038	0	0	0	0	0.048	0	0.900	0.095	0.906
NT5C2	NUDT16	9606.ENSP00000339479	9606.ENSP00000422375	0	0	0	0	0.055	0	0.900	0.108	0.908
NT5C2	UPP2	9606.ENSP00000339479	9606.ENSP00000474090	0	0	0	0	0	0	0.900	0.213	0.917
NT5C2	PNP	9606.ENSP00000339479	9606.ENSP00000354532	0	0	0	0	0.049	0	0.919	0.479	0.956
NT5C2	NT5M	9606.ENSP00000339479	9606.ENSP00000373674	0	0	0	0	0	0	0.900	0.599	0.958
NT5E	UMPS	9606.ENSP00000257770	9606.ENSP00000232607	0.113	0	0	0	0.042	0	0.900	0.232	0.926
NT5E	UPB1	9606.ENSP00000257770	9606.ENSP00000324343	0.042	0	0	0	0	0	0.429	0	0.429
NT5E	NUDT13	9606.ENSP00000257770	9606.ENSP00000349874	0.118	0	0	0	0	0	0.792	0	0.808
NT5E	NUDT15	9606.ENSP00000257770	9606.ENSP00000258662	0.057	0	0	0	0.050	0	0.807	0.050	0.813
NT5E	NUDT16	9606.ENSP00000257770	9606.ENSP00000422375	0	0	0	0	0.042	0	0.900	0	0.900
NT5E	TK2	9606.ENSP00000257770	9606.ENSP00000299697	0	0	0	0	0	0	0.900	0.233	0.920
NT5E	TYMS	9606.ENSP00000257770	9606.ENSP00000315644	0.122	0	0	0	0.080	0	0.900	0.210	0.927
NT5E	TYMP	9606.ENSP00000257770	9606.ENSP00000379038	0.215	0	0	0	0.044	0	0.900	0.199	0.931
NT5E	NT5M	9606.ENSP00000257770	9606.ENSP00000373674	0	0	0	0	0	0	0.900	0.436	0.941
NT5E	UPP2	9606.ENSP00000257770	9606.ENSP00000474090	0.087	0	0	0	0	0	0.978	0.115	0.980
NT5E	UPP1	9606.ENSP00000257770	9606.ENSP00000330032	0.087	0	0	0	0.047	0	0.978	0.163	0.982
NT5E	PNP	9606.ENSP00000257770	9606.ENSP00000354532	0.098	0	0	0	0.099	0	0.978	0.518	0.990
NT5M	UMPS	9606.ENSP00000373674	9606.ENSP00000232607	0.059	0	0	0	0	0	0.900	0.187	0.916
NT5M	TK2	9606.ENSP00000373674	9606.ENSP00000299697	0	0	0	0	0	0	0.900	0.628	0.961
NT5M	TYMS	9606.ENSP00000373674	9606.ENSP00000315644	0	0	0	0	0.042	0	0.900	0.213	0.918
NT5M	UPP1	9606.ENSP00000373674	9606.ENSP00000330032	0	0	0	0	0	0	0.918	0.328	0.942
NT5M	PNP	9606.ENSP00000373674	9606.ENSP00000354532	0	0	0	0	0	0	0.956	0.178	0.962
NT5M	TK1	9606.ENSP00000373674	9606.ENSP00000468425	0	0	0	0	0.042	0	0	0.624	0.624
NT5M	NUDT16	9606.ENSP00000373674	9606.ENSP00000422375	0	0	0	0	0.042	0	0.900	0.091	0.905
NT5M	UPP2	9606.ENSP00000373674	9606.ENSP00000474090	0	0	0	0	0	0	0.918	0.301	0.940
NT5M	TYMP	9606.ENSP00000373674	9606.ENSP00000379038	0	0	0	0	0	0	0.900	0.797	0.978
NUDT1	NUDT15	9606.ENSP00000380241	9606.ENSP00000258662	0	0	0	0	0.049	0	0	0.761	0.763
NUDT1	NUDT13	9606.ENSP00000380241	9606.ENSP00000349874	0	0	0	0	0	0	0	0.587	0.587
NUDT1	NUDT18	9606.ENSP00000380241	9606.ENSP00000480722	0	0	0	0	0.042	0	0	0.765	0.765
NUDT1	NUDT5	9606.ENSP00000380241	9606.ENSP00000419628	0	0	0	0	0.062	0.046	0	0.760	0.767
NUDT13	NUDT15	9606.ENSP00000349874	9606.ENSP00000258662	0.109	0	0	0	0.042	0	0	0.565	0.596
NUDT13	NUDT5	9606.ENSP00000349874	9606.ENSP00000419628	0.056	0	0	0	0	0	0	0.541	0.548
NUDT15	XDH	9606.ENSP00000258662	9606.ENSP00000368727	0	0	0	0	0	0	0	0.453	0.453
NUDT15	NUDT9	9606.ENSP00000258662	9606.ENSP00000303575	0	0	0	0	0.049	0	0	0.455	0.460
NUDT15	UPB1	9606.ENSP00000258662	9606.ENSP00000324343	0.089	0	0	0	0	0	0.429	0.073	0.475
NUDT15	TYMP	9606.ENSP00000258662	9606.ENSP00000379038	0.191	0	0	0	0	0	0.172	0.334	0.515
NUDT15	NUDT16	9606.ENSP00000258662	9606.ENSP00000422375	0	0	0	0	0	0	0	0.538	0.538
NUDT15	RRM1	9606.ENSP00000258662	9606.ENSP00000300738	0.113	0	0	0	0.072	0	0.809	0	0.829
NUDT15	NUDT5	9606.ENSP00000258662	9606.ENSP00000419628	0.061	0	0	0	0.093	0	0.183	0.792	0.836
NUDT15	NUDT18	9606.ENSP00000258662	9606.ENSP00000480722	0	0	0	0	0	0	0	0.844	0.844
NUDT15	TYMS	9606.ENSP00000258662	9606.ENSP00000315644	0.166	0	0	0	0.073	0	0.809	0.296	0.882
NUDT16	NUDT9	9606.ENSP00000422375	9606.ENSP00000303575	0	0	0	0	0.054	0	0	0.572	0.577
NUDT16	NUDT5	9606.ENSP00000422375	9606.ENSP00000419628	0	0	0	0	0.057	0	0	0.574	0.581
NUDT18	NUDT9	9606.ENSP00000480722	9606.ENSP00000303575	0	0	0	0	0	0	0	0.670	0.670
NUDT18	NUDT5	9606.ENSP00000480722	9606.ENSP00000419628	0	0	0	0	0	0	0	0.811	0.811
NUDT5	PPAT	9606.ENSP00000419628	9606.ENSP00000264220	0.073	0	0	0	0.109	0.451	0	0.052	0.512
NUDT5	RRM1	9606.ENSP00000419628	9606.ENSP00000300738	0	0	0	0	0.127	0	0.352	0.180	0.496
NUDT5	NUDT9	9606.ENSP00000419628	9606.ENSP00000303575	0	0	0	0	0.067	0.060	0.900	0.794	0.979
PAICS	UMPS	9606.ENSP00000382595	9606.ENSP00000232607	0.201	0	0	0	0.292	0	0	0.543	0.719
PAICS	PPAT	9606.ENSP00000382595	9606.ENSP00000264220	0.231	0	0.408	0	0.975	0.126	0.798	0.986	0.999
PAICS	TK2	9606.ENSP00000382595	9606.ENSP00000299697	0	0	0	0	0.062	0	0	0.406	0.419
PAICS	RRM1	9606.ENSP00000382595	9606.ENSP00000300738	0.042	0	0	0	0.410	0	0	0.368	0.612
PAICS	PFAS	9606.ENSP00000382595	9606.ENSP00000313490	0	0	0	0	0.108	0.229	0	0.761	0.821
PAICS	TYMS	9606.ENSP00000382595	9606.ENSP00000315644	0	0	0	0	0.336	0	0	0.410	0.591
PAICS	PNP	9606.ENSP00000382595	9606.ENSP00000354532	0	0	0	0	0.056	0	0	0.451	0.459
PFAS	PPAT	9606.ENSP00000313490	9606.ENSP00000264220	0	0	0	0	0.117	0.215	0	0.983	0.987
PNP	UMPS	9606.ENSP00000354532	9606.ENSP00000232607	0.118	0	0	0	0.107	0	0	0.506	0.577
PNP	PPAT	9606.ENSP00000354532	9606.ENSP00000264220	0.086	0	0	0	0.067	0	0	0.428	0.470
PNP	TK2	9606.ENSP00000354532	9606.ENSP00000299697	0	0	0	0	0	0	0.900	0.440	0.941
PNP	UPP1	9606.ENSP00000354532	9606.ENSP00000330032	0.099	0	0	0	0.072	0	0.956	0.877	0.994
PNP	UCK2	9606.ENSP00000354532	9606.ENSP00000356853	0.069	0	0	0	0.106	0.092	0	0.309	0.407
PNP	TYMP	9606.ENSP00000354532	9606.ENSP00000379038	0.120	0	0	0	0.042	0	0.900	0.642	0.965
PNP	UPP2	9606.ENSP00000354532	9606.ENSP00000474090	0.099	0	0	0	0	0	0.956	0.924	0.996
PNP	XDH	9606.ENSP00000354532	9606.ENSP00000368727	0	0	0	0	0.110	0	0.956	0.931	0.997
PPAT	UMPS	9606.ENSP00000264220	9606.ENSP00000232607	0.231	0	0	0	0.272	0	0	0.644	0.783
PPAT	TYMP	9606.ENSP00000264220	9606.ENSP00000379038	0	0	0	0	0	0	0	0.401	0.401
PPAT	RRM1	9606.ENSP00000264220	9606.ENSP00000300738	0.094	0	0	0	0.184	0	0	0.297	0.435
PPAT	UCK1	9606.ENSP00000264220	9606.ENSP00000361285	0	0	0	0	0.085	0	0	0.415	0.442
PPAT	XDH	9606.ENSP00000264220	9606.ENSP00000368727	0	0	0	0	0	0	0	0.447	0.447
PPAT	TK1	9606.ENSP00000264220	9606.ENSP00000468425	0	0	0	0	0.113	0	0	0.468	0.508
PPAT	TYMS	9606.ENSP00000264220	9606.ENSP00000315644	0	0	0	0	0.194	0.201	0	0.589	0.712
RRM1	UMPS	9606.ENSP00000300738	9606.ENSP00000232607	0.045	0	0	0	0.217	0	0	0.587	0.665
RRM1	RRM2B	9606.ENSP00000300738	9606.ENSP00000251810	0	0	0.535	0	0.620	0.902	0.900	0.995	0.999
RRM1	TK2	9606.ENSP00000300738	9606.ENSP00000299697	0.056	0	0	0	0.193	0	0.140	0.300	0.480
RRM1	UPP1	9606.ENSP00000300738	9606.ENSP00000330032	0	0	0	0	0	0	0	0.563	0.563
RRM1	UCK1	9606.ENSP00000300738	9606.ENSP00000361285	0.047	0	0	0	0.109	0	0.376	0.286	0.571
RRM1	UCK2	9606.ENSP00000300738	9606.ENSP00000356853	0.047	0	0	0	0.151	0	0.376	0.419	0.667
RRM1	TK1	9606.ENSP00000300738	9606.ENSP00000468425	0.143	0	0	0	0.345	0	0	0.614	0.765
RRM1	TXN	9606.ENSP00000300738	9606.ENSP00000363641	0.057	0	0	0	0.223	0	0.750	0.306	0.856
RRM1	TYMS	9606.ENSP00000300738	9606.ENSP00000315644	0.211	0	0	0	0.881	0	0	0.772	0.976
RRM1	RRM2	9606.ENSP00000300738	9606.ENSP00000353770	0	0	0.534	0	0.688	0.933	0.900	0.999	0.999
RRM2	UMPS	9606.ENSP00000353770	9606.ENSP00000232607	0	0	0	0	0.209	0.091	0	0.284	0.441
RRM2	RRM2B	9606.ENSP00000353770	9606.ENSP00000251810	0	0	0.051	0.979	0	0.816	0.900	0.893	0.997
RRM2	TK2	9606.ENSP00000353770	9606.ENSP00000299697	0	0	0	0	0.402	0	0	0.193	0.497
RRM2	TYMS	9606.ENSP00000353770	9606.ENSP00000315644	0	0	0	0	0.844	0	0	0.628	0.939
RRM2	UCK2	9606.ENSP00000353770	9606.ENSP00000356853	0	0	0	0	0.174	0	0	0.336	0.428
RRM2	TXN	9606.ENSP00000353770	9606.ENSP00000363641	0	0	0	0	0.102	0	0.750	0.529	0.885
RRM2	TK1	9606.ENSP00000353770	9606.ENSP00000468425	0	0	0	0	0.782	0	0	0.623	0.914
RRM2B	UMPS	9606.ENSP00000251810	9606.ENSP00000232607	0	0	0	0	0.181	0.091	0	0.273	0.412
RRM2B	UPP1	9606.ENSP00000251810	9606.ENSP00000330032	0	0	0	0	0.042	0	0	0.551	0.551
RRM2B	TK1	9606.ENSP00000251810	9606.ENSP00000468425	0	0	0	0	0.244	0	0	0.487	0.596
RRM2B	TYMP	9606.ENSP00000251810	9606.ENSP00000379038	0	0	0	0	0.042	0	0	0.798	0.798
RRM2B	TYMS	9606.ENSP00000251810	9606.ENSP00000315644	0	0	0	0	0.678	0	0	0.419	0.805
RRM2B	TXN	9606.ENSP00000251810	9606.ENSP00000363641	0	0	0	0	0.078	0	0.750	0.248	0.811
RRM2B	TK2	9606.ENSP00000251810	9606.ENSP00000299697	0	0	0	0	0.402	0	0	0.713	0.821
TK1	UMPS	9606.ENSP00000468425	9606.ENSP00000232607	0.094	0	0	0	0.087	0	0	0.591	0.632
TK1	TK2	9606.ENSP00000468425	9606.ENSP00000299697	0.042	0	0	0	0.296	0	0.194	0.938	0.961
TK1	TYMS	9606.ENSP00000468425	9606.ENSP00000315644	0.075	0	0	0	0.710	0	0.809	0.854	0.991
TK1	UPP1	9606.ENSP00000468425	9606.ENSP00000330032	0	0	0	0	0.044	0	0	0.507	0.509
TK1	UCK2	9606.ENSP00000468425	9606.ENSP00000356853	0.071	0	0	0	0.276	0	0	0.692	0.775
TK1	UCK1	9606.ENSP00000468425	9606.ENSP00000361285	0.071	0	0	0	0.203	0	0	0.425	0.537
TK1	TYMP	9606.ENSP00000468425	9606.ENSP00000379038	0.115	0	0	0	0.055	0	0.809	0.716	0.948
TK1	UPP2	9606.ENSP00000468425	9606.ENSP00000474090	0	0	0	0	0	0	0	0.418	0.418
TK2	UMPS	9606.ENSP00000299697	9606.ENSP00000232607	0	0	0	0	0	0	0	0.535	0.535
TK2	UCK2	9606.ENSP00000299697	9606.ENSP00000356853	0	0	0	0	0.057	0	0	0.558	0.566
TK2	UCK1	9606.ENSP00000299697	9606.ENSP00000361285	0	0	0	0	0.059	0	0	0.629	0.636
TK2	UPP1	9606.ENSP00000299697	9606.ENSP00000330032	0	0	0	0	0	0	0.900	0.503	0.948
TK2	UPP2	9606.ENSP00000299697	9606.ENSP00000474090	0	0	0	0	0	0	0.900	0.544	0.952
TK2	TYMP	9606.ENSP00000299697	9606.ENSP00000379038	0.045	0	0	0	0.044	0	0.913	0.820	0.983
TK2	TYMS	9606.ENSP00000299697	9606.ENSP00000315644	0.070	0	0	0	0.154	0	0.948	0.875	0.994
TXN	TYMS	9606.ENSP00000363641	9606.ENSP00000315644	0.042	0	0	0	0.099	0.221	0	0.228	0.412
TXN	XDH	9606.ENSP00000363641	9606.ENSP00000368727	0	0	0	0	0	0.059	0	0.611	0.619
TXN	TXNRD1	9606.ENSP00000363641	9606.ENSP00000434516	0	0	0	0	0.170	0.915	0.750	0.994	0.999
TXNRD1	TYMS	9606.ENSP00000434516	9606.ENSP00000315644	0.060	0	0	0	0.078	0	0.510	0.254	0.641
TYMP	UMPS	9606.ENSP00000379038	9606.ENSP00000232607	0.091	0	0	0	0	0	0.900	0.815	0.981
TYMP	TYMS	9606.ENSP00000379038	9606.ENSP00000315644	0.224	0	0	0	0.042	0	0	0.910	0.927
TYMP	UPB1	9606.ENSP00000379038	9606.ENSP00000324343	0	0	0	0	0.104	0	0	0.476	0.510
TYMP	UPP1	9606.ENSP00000379038	9606.ENSP00000330032	0.102	0	0	0	0.385	0	0.978	0.962	0.999
TYMP	UCK2	9606.ENSP00000379038	9606.ENSP00000356853	0.088	0	0	0	0.044	0	0.404	0.563	0.742
TYMP	UCK1	9606.ENSP00000379038	9606.ENSP00000361285	0.088	0	0	0	0	0	0.404	0.643	0.789
TYMP	UPP2	9606.ENSP00000379038	9606.ENSP00000474090	0.102	0	0	0	0.358	0	0.978	0.850	0.997
TYMS	UMPS	9606.ENSP00000315644	9606.ENSP00000232607	0	0	0	0	0.247	0	0	0.816	0.856
TYMS	UCK1	9606.ENSP00000315644	9606.ENSP00000361285	0.060	0	0	0	0.069	0	0	0.564	0.586
TYMS	UPP2	9606.ENSP00000315644	9606.ENSP00000474090	0	0	0	0	0	0	0	0.641	0.641
TYMS	UPP1	9606.ENSP00000315644	9606.ENSP00000330032	0	0	0	0	0	0	0	0.747	0.747
TYMS	UCK2	9606.ENSP00000315644	9606.ENSP00000356853	0.060	0	0	0	0.179	0	0	0.738	0.781
UCK1	UMPS	9606.ENSP00000361285	9606.ENSP00000232607	0	0	0	0	0.076	0.067	0.900	0.810	0.981
UCK1	UPB1	9606.ENSP00000361285	9606.ENSP00000324343	0.045	0	0	0	0.042	0.068	0	0.562	0.576
UCK1	UPP1	9606.ENSP00000361285	9606.ENSP00000330032	0	0	0	0	0	0	0.900	0.807	0.979
UCK1	UCK2	9606.ENSP00000361285	9606.ENSP00000356853	0	0	0.058	0.964	0.049	0.805	0.900	0.072	0.980
UCK1	UPP2	9606.ENSP00000361285	9606.ENSP00000474090	0	0	0	0	0	0	0.900	0.834	0.982
UCK2	UMPS	9606.ENSP00000356853	9606.ENSP00000232607	0	0	0	0	0.133	0.067	0.900	0.768	0.978
UCK2	UPB1	9606.ENSP00000356853	9606.ENSP00000324343	0.045	0	0	0	0	0.068	0	0.552	0.567
UCK2	UPP1	9606.ENSP00000356853	9606.ENSP00000330032	0	0	0	0	0.044	0.226	0.900	0.753	0.979
UCK2	UPP2	9606.ENSP00000356853	9606.ENSP00000474090	0	0	0	0	0	0	0.900	0.762	0.975
UMPS	UPB1	9606.ENSP00000232607	9606.ENSP00000324343	0.077	0	0	0	0	0	0	0.619	0.633
UMPS	UPP1	9606.ENSP00000232607	9606.ENSP00000330032	0.057	0	0	0	0.042	0	0.900	0.836	0.983
UMPS	UPP2	9606.ENSP00000232607	9606.ENSP00000474090	0.057	0	0	0	0	0	0.900	0.845	0.984
UPB1	UPP2	9606.ENSP00000324343	9606.ENSP00000474090	0	0	0	0	0.114	0	0	0.597	0.628
UPB1	UPP1	9606.ENSP00000324343	9606.ENSP00000330032	0	0	0	0	0.097	0	0	0.636	0.657
UPP1	XDH	9606.ENSP00000330032	9606.ENSP00000368727	0	0	0	0	0.044	0	0.409	0.148	0.477
UPP1	UPP2	9606.ENSP00000330032	9606.ENSP00000474090	0	0	0.059	0.963	0	0	0.900	0.205	0.918
UPP2	XDH	9606.ENSP00000474090	9606.ENSP00000368727	0	0	0	0	0.043	0	0.409	0.151	0.478
