node1,node2,node1_string_id,node2_string_id,neighborhood_on_chromosome,gene_fusion,phylogenetic_cooccurrence,homology,coexpression,experimentally_determined_interaction,database_annotated,automated_textmining,combined_score
A2M,APOA1,9606.ENSP00000323929,9606.ENSP00000236850,0,0,0,0,0.111,0,0.75,0.994,0.998
A2M,APOE,9606.ENSP00000323929,9606.ENSP00000252486,0,0,0,0,0.27,0.292,0,0.957,0.975
A2M,ALB,9606.ENSP00000323929,9606.ENSP00000295897,0,0,0,0,0.152,0.073,0,0.976,0.98
A2M,APOA2,9606.ENSP00000323929,9606.ENSP00000356969,0,0,0,0,0.164,0.071,0,0.73,0.772
AACS,OXCT1,9606.ENSP00000324842,9606.ENSP00000196371,0.058,0,0,0,0.126,0,0.9,0.557,0.958
AACS,EHHADH,9606.ENSP00000324842,9606.ENSP00000231887,0.045,0,0,0,0.201,0,0.915,0.255,0.945
AACS,ACAT1,9606.ENSP00000324842,9606.ENSP00000265838,0.055,0,0,0,0.245,0,0.918,0.431,0.962
AACS,BDH2,9606.ENSP00000324842,9606.ENSP00000296424,0.042,0,0,0,0.055,0,0.912,0.324,0.939
AACS,HMGCS1,9606.ENSP00000324842,9606.ENSP00000322706,0,0,0,0,0.187,0,0.9,0.537,0.959
AACS,BDH1,9606.ENSP00000324842,9606.ENSP00000376184,0,0,0,0,0.075,0,0.9,0.372,0.936
AACS,HMGCLL1,9606.ENSP00000324842,9606.ENSP00000381654,0.06,0.162,0,0,0.126,0,0.918,0.159,0.943
AACS,HMGCS2,9606.ENSP00000324842,9606.ENSP00000358414,0,0,0,0,0.144,0,0.9,0.403,0.944
AACS,ACAT2,9606.ENSP00000324842,9606.ENSP00000356015,0.055,0,0,0,0.28,0,0.918,0.336,0.958
AACS,HMGCL,9606.ENSP00000324842,9606.ENSP00000363614,0.06,0.191,0,0,0.133,0,0.918,0.418,0.962
ABCA1,CETP,9606.ENSP00000363868,9606.ENSP00000200676,0,0,0,0,0.048,0,0,0.83,0.831
ABCA1,APOC3,9606.ENSP00000363868,9606.ENSP00000227667,0,0,0,0,0.042,0,0,0.744,0.744
ABCA1,APOB,9606.ENSP00000363868,9606.ENSP00000233242,0,0,0,0,0.042,0,0,0.861,0.861
ABCA1,APOA1,9606.ENSP00000363868,9606.ENSP00000236850,0,0,0,0,0.055,0.697,0.9,0.999,0.999
ABCA1,APOE,9606.ENSP00000363868,9606.ENSP00000252486,0,0,0,0,0.084,0,0,0.979,0.98
ABCA1,SCARB1,9606.ENSP00000363868,9606.ENSP00000261693,0,0,0,0,0.064,0,0,0.932,0.934
ABCA1,SPTLC1,9606.ENSP00000363868,9606.ENSP00000262554,0,0,0,0,0.042,0.516,0,0.745,0.871
ABCA1,LCAT,9606.ENSP00000363868,9606.ENSP00000264005,0,0,0,0,0.054,0,0,0.911,0.912
ABCA1,NPC1,9606.ENSP00000363868,9606.ENSP00000269228,0,0,0,0,0.062,0.067,0,0.806,0.816
ABCA1,PPARG,9606.ENSP00000363868,9606.ENSP00000287820,0,0,0,0,0.044,0.049,0,0.818,0.82
ABCA1,HMGCR,9606.ENSP00000363868,9606.ENSP00000287936,0,0,0,0,0,0,0,0.866,0.866
ABCA1,NPC1L1,9606.ENSP00000363868,9606.ENSP00000289547,0,0,0,0,0.055,0.067,0,0.807,0.815
ABCA1,LIPC,9606.ENSP00000363868,9606.ENSP00000299022,0,0,0,0,0,0.074,0,0.737,0.746
ABCA1,CYP7A1,9606.ENSP00000363868,9606.ENSP00000301645,0,0,0,0,0.051,0.066,0,0.857,0.862
ABCA1,LPA,9606.ENSP00000363868,9606.ENSP00000321334,0,0,0,0,0,0,0,0.74,0.74
ABCA1,HMGCS1,9606.ENSP00000363868,9606.ENSP00000322706,0,0,0,0,0,0,0,0.755,0.755
ABCA1,LIPA,9606.ENSP00000363868,9606.ENSP00000337354,0,0,0,0,0.063,0.041,0,0.73,0.736
ABCA1,SREBF1,9606.ENSP00000363868,9606.ENSP00000348069,0,0,0,0,0,0.06,0,0.903,0.905
ABCA1,MYLIP,9606.ENSP00000363868,9606.ENSP00000349298,0,0,0,0,0.062,0.067,0,0.809,0.818
ABCA1,SREBF2,9606.ENSP00000363868,9606.ENSP00000354476,0,0,0,0,0,0.06,0,0.939,0.94
ABCA1,APOA2,9606.ENSP00000363868,9606.ENSP00000356969,0,0,0,0,0.059,0,0,0.872,0.874
ABCA1,NR1H4,9606.ENSP00000363868,9606.ENSP00000447149,0,0,0,0,0.044,0.049,0,0.751,0.754
ABCA1,ZDHHC8,9606.ENSP00000363868,9606.ENSP00000384716,0,0,0,0,0.055,0,0.75,0.119,0.773
ABCA1,PLTP,9606.ENSP00000363868,9606.ENSP00000417138,0,0,0,0,0.063,0,0,0.825,0.829
ABCA1,CD36,9606.ENSP00000363868,9606.ENSP00000415743,0,0,0,0,0.087,0,0,0.823,0.831
ABCA1,PPARA,9606.ENSP00000363868,9606.ENSP00000385523,0,0,0,0,0,0.049,0.5,0.762,0.877
ABCA1,RXRA,9606.ENSP00000363868,9606.ENSP00000419692,0,0,0,0,0.056,0.049,0.8,0.588,0.916
ABCA1,NR1H3,9606.ENSP00000363868,9606.ENSP00000477707,0,0,0,0,0.061,0.049,0.5,0.935,0.967
ABCA1,NR1H2,9606.ENSP00000363868,9606.ENSP00000499121,0,0,0,0,0,0.628,0.8,0.9,0.991
ABCB11,SLC10A1,9606.ENSP00000497931,9606.ENSP00000216540,0,0,0,0,0.286,0,0,0.89,0.918
ABCB11,SLC10A2,9606.ENSP00000497931,9606.ENSP00000245312,0,0,0,0,0.117,0,0,0.801,0.817
ABCB11,SLCO1B1,9606.ENSP00000497931,9606.ENSP00000256958,0,0,0,0,0.342,0,0,0.799,0.862
ABCB11,CYP27A1,9606.ENSP00000497931,9606.ENSP00000258415,0,0,0,0,0.067,0.05,0,0.72,0.73
ABCB11,BAAT,9606.ENSP00000497931,9606.ENSP00000259407,0,0,0,0,0.151,0,0,0.663,0.701
ABCB11,SLCO1B3,9606.ENSP00000497931,9606.ENSP00000261196,0,0,0,0,0.311,0,0,0.779,0.841
ABCB11,SLC27A5,9606.ENSP00000497931,9606.ENSP00000263093,0,0,0,0,0.318,0,0,0.68,0.772
ABCB11,CYP7A1,9606.ENSP00000497931,9606.ENSP00000301645,0,0,0,0,0.156,0.05,0,0.924,0.934
ABCB11,SLCO1A2,9606.ENSP00000497931,9606.ENSP00000305974,0,0,0,0,0.087,0,0,0.773,0.784
ABCB11,CYP8B1,9606.ENSP00000497931,9606.ENSP00000318867,0,0,0,0,0.138,0.05,0,0.805,0.826
ABCB11,FABP6,9606.ENSP00000497931,9606.ENSP00000377549,0,0,0,0,0,0,0,0.886,0.886
ABCB11,NR1H4,9606.ENSP00000497931,9606.ENSP00000447149,0,0,0,0,0.168,0.292,0,0.944,0.964
ABCB4,SLC10A1,9606.ENSP00000265723,9606.ENSP00000216540,0,0,0,0,0.249,0,0,0.731,0.789
ABCB4,SLC10A2,9606.ENSP00000265723,9606.ENSP00000245312,0,0,0,0,0.11,0,0,0.847,0.858
ABCB4,PPARA,9606.ENSP00000265723,9606.ENSP00000385523,0,0,0,0,0.06,0,0.5,0.451,0.719
ABCB4,NR1H4,9606.ENSP00000265723,9606.ENSP00000447149,0,0,0,0,0.119,0,0,0.731,0.753
ABCB4,CYP7A1,9606.ENSP00000265723,9606.ENSP00000301645,0,0,0,0,0.127,0.05,0,0.735,0.761
ABCC3,SLC10A1,9606.ENSP00000285238,9606.ENSP00000216540,0,0,0,0,0.098,0,0,0.732,0.748
ABCC3,SLCO1B1,9606.ENSP00000285238,9606.ENSP00000256958,0,0,0,0,0,0,0,0.764,0.764
ABCC3,SLCO1B3,9606.ENSP00000285238,9606.ENSP00000261196,0,0,0,0,0.062,0,0,0.724,0.73
ABCC3,SLCO1A2,9606.ENSP00000285238,9606.ENSP00000305974,0,0,0,0,0,0,0,0.721,0.721
ABCC3,CYP7A1,9606.ENSP00000285238,9606.ENSP00000301645,0,0,0,0,0.074,0.05,0,0.768,0.778
ABCD1,ACSL1,9606.ENSP00000218104,9606.ENSP00000422607,0,0,0,0,0.1,0.1,0,0.662,0.703
ABCD1,ACSL4,9606.ENSP00000218104,9606.ENSP00000339787,0,0,0,0,0.082,0.1,0,0.675,0.708
ABCD1,AGPS,9606.ENSP00000218104,9606.ENSP00000264167,0,0,0,0,0,0.591,0,0.348,0.721
ABCD1,ACSL6,9606.ENSP00000218104,9606.ENSP00000498260,0,0,0,0,0.1,0.1,0,0.695,0.731
ABCD1,ACSL3,9606.ENSP00000218104,9606.ENSP00000350012,0,0,0,0,0.067,0.1,0,0.721,0.745
ABCD1,SLC25A17,9606.ENSP00000218104,9606.ENSP00000390722,0,0,0,0,0.128,0,0.5,0.501,0.763
ABCD1,ACBD5,9606.ENSP00000218104,9606.ENSP00000365049,0,0,0,0,0.049,0,0.5,0.558,0.771
ABCD1,ACSBG1,9606.ENSP00000218104,9606.ENSP00000258873,0,0,0,0,0.1,0.1,0,0.881,0.895
ABCD1,SLC27A2,9606.ENSP00000218104,9606.ENSP00000267842,0,0,0,0,0.055,0.23,0,0.912,0.93
ABCG1,CETP,9606.ENSP00000354995,9606.ENSP00000200676,0,0,0,0,0.061,0,0,0.736,0.742
ABCG1,APOA1,9606.ENSP00000354995,9606.ENSP00000236850,0,0,0,0,0.067,0,0,0.997,0.997
ABCG1,APOE,9606.ENSP00000354995,9606.ENSP00000252486,0,0,0,0,0.047,0,0,0.928,0.928
ABCG1,SCARB1,9606.ENSP00000354995,9606.ENSP00000261693,0,0,0,0,0.047,0,0,0.848,0.849
ABCG1,LCAT,9606.ENSP00000354995,9606.ENSP00000264005,0,0,0,0,0.059,0,0,0.711,0.717
ABCG1,NPC1,9606.ENSP00000354995,9606.ENSP00000269228,0,0,0,0,0.109,0.067,0,0.774,0.796
ABCG1,PPARG,9606.ENSP00000354995,9606.ENSP00000287820,0,0,0,0,0.041,0.053,0,0.757,0.76
ABCG1,CYP7A1,9606.ENSP00000354995,9606.ENSP00000301645,0,0,0,0,0.092,0.066,0,0.813,0.827
ABCG1,SREBF1,9606.ENSP00000354995,9606.ENSP00000348069,0,0,0,0,0.055,0.06,0,0.841,0.846
ABCG1,MYLIP,9606.ENSP00000354995,9606.ENSP00000349298,0,0,0,0,0.074,0.071,0,0.741,0.757
ABCG1,SREBF2,9606.ENSP00000354995,9606.ENSP00000354476,0,0,0,0,0,0.06,0,0.875,0.877
ABCG1,CD36,9606.ENSP00000354995,9606.ENSP00000415743,0,0,0,0,0.047,0,0,0.705,0.707
ABCG1,APOA2,9606.ENSP00000354995,9606.ENSP00000356969,0,0,0,0,0,0,0,0.723,0.723
ABCG1,RXRA,9606.ENSP00000354995,9606.ENSP00000419692,0,0,0,0,0.048,0.053,0.5,0.639,0.815
ABCG1,NR1H2,9606.ENSP00000354995,9606.ENSP00000499121,0,0,0,0,0.083,0.053,0.5,0.781,0.892
ABCG1,NR1H3,9606.ENSP00000354995,9606.ENSP00000477707,0,0,0,0,0.082,0.053,0.5,0.862,0.932
ABCG5,SLC10A1,9606.ENSP00000384513,9606.ENSP00000216540,0,0,0,0,0.26,0,0,0.636,0.719
ABCG5,APOB,9606.ENSP00000384513,9606.ENSP00000233242,0,0,0,0,0.258,0,0,0.707,0.773
ABCG5,APOA1,9606.ENSP00000384513,9606.ENSP00000236850,0,0,0,0,0.239,0,0,0.629,0.705
ABCG5,SCARB1,9606.ENSP00000384513,9606.ENSP00000261693,0,0,0,0,0.055,0,0,0.707,0.711
ABCG5,ABCG8,9606.ENSP00000384513,9606.ENSP00000272286,0,0,0.131,0.739,0.847,0.971,0.9,0.988,0.999
ABCG5,HMGCR,9606.ENSP00000384513,9606.ENSP00000287936,0,0,0,0,0,0,0,0.743,0.743
ABCG5,NPC1L1,9606.ENSP00000384513,9606.ENSP00000289547,0,0,0,0,0.19,0.067,0,0.886,0.906
ABCG5,CYP7A1,9606.ENSP00000384513,9606.ENSP00000301645,0,0,0,0,0.216,0.066,0,0.887,0.91
ABCG5,CYP7B1,9606.ENSP00000384513,9606.ENSP00000310721,0,0,0,0,0.057,0.066,0,0.809,0.817
ABCG5,CYP8B1,9606.ENSP00000384513,9606.ENSP00000318867,0,0,0,0,0.138,0.066,0,0.679,0.719
ABCG5,SREBF1,9606.ENSP00000384513,9606.ENSP00000348069,0,0,0,0,0,0.06,0,0.797,0.801
ABCG5,SREBF2,9606.ENSP00000384513,9606.ENSP00000354476,0,0,0,0,0,0.06,0,0.919,0.921
ABCG5,MTTP,9606.ENSP00000384513,9606.ENSP00000427679,0,0,0,0,0.293,0,0,0.609,0.712
ABCG5,NR1H4,9606.ENSP00000384513,9606.ENSP00000447149,0,0,0,0,0.245,0.053,0,0.84,0.876
ABCG5,NR1H2,9606.ENSP00000384513,9606.ENSP00000499121,0,0,0,0,0.115,0.053,0.4,0.821,0.898
ABCG5,NR1H3,9606.ENSP00000384513,9606.ENSP00000477707,0,0,0,0,0.117,0.053,0.4,0.846,0.912
ABCG8,APOB,9606.ENSP00000272286,9606.ENSP00000233242,0,0,0,0,0.222,0,0,0.679,0.74
ABCG8,SREBF1,9606.ENSP00000272286,9606.ENSP00000348069,0,0,0,0,0,0.06,0,0.772,0.776
ABCG8,HMGCR,9606.ENSP00000272286,9606.ENSP00000287936,0,0,0,0,0,0,0,0.794,0.794
ABCG8,CYP7B1,9606.ENSP00000272286,9606.ENSP00000310721,0,0,0,0,0.055,0.066,0,0.804,0.812
ABCG8,NR1H4,9606.ENSP00000272286,9606.ENSP00000447149,0,0,0,0,0.295,0.053,0,0.805,0.858
ABCG8,CYP7A1,9606.ENSP00000272286,9606.ENSP00000301645,0,0,0,0,0.17,0.066,0,0.863,0.884
ABCG8,NR1H2,9606.ENSP00000272286,9606.ENSP00000499121,0,0,0,0,0.105,0.053,0.4,0.803,0.886
ABCG8,NPC1L1,9606.ENSP00000272286,9606.ENSP00000289547,0,0,0,0,0.148,0.067,0,0.877,0.894
ABCG8,NR1H3,9606.ENSP00000272286,9606.ENSP00000477707,0,0,0,0,0.106,0.053,0.4,0.831,0.903
ABCG8,SREBF2,9606.ENSP00000272286,9606.ENSP00000354476,0,0,0,0,0,0.06,0,0.912,0.914
ABHD4,FAAH,9606.ENSP00000414558,9606.ENSP00000243167,0.042,0,0,0,0,0,0,0.719,0.72
ABHD4,GDE1,9606.ENSP00000414558,9606.ENSP00000261386,0,0,0,0,0.085,0,0,0.863,0.87
ABHD4,MGLL,9606.ENSP00000414558,9606.ENSP00000265052,0.051,0,0,0,0.049,0,0.116,0.72,0.747
ABHD5,PNPLA5,9606.ENSP00000495778,9606.ENSP00000216177,0,0,0,0,0,0.291,0,0.753,0.817
ABHD5,PNPLA3,9606.ENSP00000495778,9606.ENSP00000216180,0,0,0,0,0.042,0.291,0,0.86,0.896
ABHD5,PLIN3,9606.ENSP00000495778,9606.ENSP00000221957,0,0,0,0,0.088,0.183,0,0.774,0.817
ABHD5,LIPE,9606.ENSP00000495778,9606.ENSP00000244289,0.043,0,0,0,0,0,0.108,0.913,0.919
ABHD5,MGLL,9606.ENSP00000495778,9606.ENSP00000265052,0.051,0,0,0,0.048,0,0.116,0.747,0.771
ABHD5,PLIN2,9606.ENSP00000495778,9606.ENSP00000276914,0,0,0,0,0.067,0.182,0,0.877,0.898
ABHD5,PLIN1,9606.ENSP00000495778,9606.ENSP00000300055,0,0,0,0,0.055,0.646,0.9,0.995,0.999
ABHD5,PNPLA2,9606.ENSP00000495778,9606.ENSP00000337701,0,0,0,0,0.054,0.569,0.9,0.999,0.999
ABHD5,G0S2,9606.ENSP00000495778,9606.ENSP00000355996,0,0,0,0,0.044,0,0,0.736,0.737
ABHD5,PNPLA4,9606.ENSP00000495778,9606.ENSP00000370430,0,0,0,0,0.049,0.291,0,0.76,0.824
ABHD5,ALOX12B,9606.ENSP00000495778,9606.ENSP00000497784,0,0,0,0,0,0,0,0.859,0.859
ACAA1,OXCT1,9606.ENSP00000333664,9606.ENSP00000196371,0.079,0.057,0,0,0.194,0,0.864,0.486,0.942
ACAA1,TECR,9606.ENSP00000333664,9606.ENSP00000215567,0,0,0,0,0.072,0,0,0.748,0.756
ACAA1,EHHADH,9606.ENSP00000333664,9606.ENSP00000231887,0.054,0.167,0,0,0.347,0.296,0.938,0.939,0.998
ACAA1,ACADL,9606.ENSP00000333664,9606.ENSP00000233710,0.054,0,0,0,0.333,0.051,0.918,0.643,0.979
ACAA1,ACADS,9606.ENSP00000333664,9606.ENSP00000242592,0.054,0,0,0,0.697,0.051,0.918,0.696,0.992
ACAA1,PHYH,9606.ENSP00000333664,9606.ENSP00000263038,0,0,0,0,0.082,0,0.5,0.606,0.803
ACAA1,AGPS,9606.ENSP00000333664,9606.ENSP00000264167,0,0,0,0,0.043,0.211,0.5,0.537,0.802
ACAA1,PECR,9606.ENSP00000333664,9606.ENSP00000265322,0.044,0,0,0,0.219,0.051,0.182,0.593,0.721
ACAA1,ACAT1,9606.ENSP00000333664,9606.ENSP00000265838,0,0,0.159,0.759,0.067,0.162,0.9,0.312,0.946
ACAA1,ACAA2,9606.ENSP00000333664,9606.ENSP00000285093,0,0,0.12,0.839,0.122,0.162,0.9,0.158,0.935
ACAA1,ACOX1,9606.ENSP00000333664,9606.ENSP00000293217,0.054,0,0,0,0.641,0.18,0.932,0.945,0.998
ACAA1,BDH2,9606.ENSP00000333664,9606.ENSP00000296424,0.044,0,0,0,0.199,0.051,0.182,0.675,0.772
ACAA1,ACOX2,9606.ENSP00000333664,9606.ENSP00000307697,0.054,0,0,0,0.609,0.059,0.357,0.808,0.949
ACAA1,HMGCS1,9606.ENSP00000333664,9606.ENSP00000322706,0.079,0,0,0,0.518,0.48,0.932,0.444,0.989
ACAA1,HADHB,9606.ENSP00000333664,9606.ENSP00000325136,0,0,0.136,0.79,0.126,0,0.9,0.441,0.952
ACAA1,ACSL6,9606.ENSP00000333664,9606.ENSP00000498260,0.057,0,0,0,0.332,0.092,0,0.547,0.706
ACAA1,ACSL5,9606.ENSP00000333664,9606.ENSP00000348429,0.057,0,0,0,0.334,0.094,0,0.547,0.708
ACAA1,CPT2,9606.ENSP00000333664,9606.ENSP00000360541,0,0,0,0,0.419,0.09,0,0.562,0.748
ACAA1,ACSL1,9606.ENSP00000333664,9606.ENSP00000422607,0.057,0,0,0,0.354,0.098,0,0.601,0.751
ACAA1,ACADM,9606.ENSP00000333664,9606.ENSP00000359871,0.054,0,0,0,0.338,0.051,0.216,0.657,0.811
ACAA1,GNPAT,9606.ENSP00000333664,9606.ENSP00000355607,0,0,0,0,0.067,0,0,0.878,0.881
ACAA1,ACSS3,9606.ENSP00000333664,9606.ENSP00000449535,0.055,0,0,0,0.247,0,0.836,0.219,0.897
ACAA1,ACLY,9606.ENSP00000333664,9606.ENSP00000466259,0.057,0,0,0,0.113,0,0.827,0.453,0.91
ACAA1,ACAT2,9606.ENSP00000333664,9606.ENSP00000356015,0,0,0.112,0.854,0.061,0,0.9,0.186,0.923
ACAA1,HMGCLL1,9606.ENSP00000333664,9606.ENSP00000381654,0.072,0,0,0,0.205,0,0.9,0.373,0.947
ACAA1,PCCA,9606.ENSP00000333664,9606.ENSP00000365462,0.061,0,0,0,0.146,0.091,0.907,0.348,0.948
ACAA1,HADH,9606.ENSP00000333664,9606.ENSP00000474560,0.079,0.049,0,0,0.569,0.481,0.483,0.644,0.955
ACAA1,PCCB,9606.ENSP00000333664,9606.ENSP00000419027,0.079,0,0,0,0.275,0,0.914,0.318,0.955
ACAA1,HMGCL,9606.ENSP00000333664,9606.ENSP00000363614,0.072,0,0,0,0.253,0,0.9,0.562,0.965
ACAA1,ECHS1,9606.ENSP00000333664,9606.ENSP00000357535,0.054,0,0,0,0.393,0.296,0.216,0.939,0.977
ACAA1,ACADVL,9606.ENSP00000333664,9606.ENSP00000438689,0.054,0,0,0,0.527,0.051,0.918,0.489,0.979
ACAA1,SCP2,9606.ENSP00000333664,9606.ENSP00000360569,0.057,0,0,0.574,0.336,0.243,0.921,0.598,0.982
ACAA1,HMGCS2,9606.ENSP00000333664,9606.ENSP00000358414,0.079,0,0,0,0.524,0.48,0.932,0.45,0.99
ACAA1,ACOX3,9606.ENSP00000333664,9606.ENSP00000348775,0.054,0,0,0,0.335,0.051,0.918,0.917,0.995
ACAA1,HADHA,9606.ENSP00000333664,9606.ENSP00000370023,0.054,0.142,0,0,0.372,0.296,0.938,0.892,0.997
ACAA1,HSD17B4,9606.ENSP00000333664,9606.ENSP00000411960,0.057,0,0,0,0.887,0.234,0.921,0.92,0.999
ACAA2,OXCT1,9606.ENSP00000285093,9606.ENSP00000196371,0.079,0.017,0,0,0.2,0,0.864,0.637,0.959
ACAA2,MVK,9606.ENSP00000285093,9606.ENSP00000228510,0.093,0,0,0,0.074,0.164,0.449,0.636,0.833
ACAA2,EHHADH,9606.ENSP00000285093,9606.ENSP00000231887,0.054,0.097,0,0,0.336,0.296,0.925,0.882,0.995
ACAA2,ACADL,9606.ENSP00000285093,9606.ENSP00000233710,0.054,0,0,0,0.326,0.098,0.918,0.636,0.979
ACAA2,ACADS,9606.ENSP00000285093,9606.ENSP00000242592,0.054,0,0,0,0.343,0.098,0.918,0.672,0.982
ACAA2,CPT1A,9606.ENSP00000285093,9606.ENSP00000265641,0,0,0,0,0.061,0,0,0.78,0.784
ACAA2,ACAT1,9606.ENSP00000285093,9606.ENSP00000265838,0,0,0.107,0.866,0.258,0.44,0.9,0.165,0.963
ACAA2,MVD,9606.ENSP00000285093,9606.ENSP00000301012,0.101,0,0,0,0.195,0,0,0.668,0.739
ACAA2,SCP2,9606.ENSP00000285093,9606.ENSP00000360569,0.057,0,0,0.58,0.326,0.204,0.248,0.425,0.742
ACAA2,ACSL1,9606.ENSP00000285093,9606.ENSP00000422607,0.057,0,0,0,0.115,0.066,0,0.76,0.788
ACAA2,CPT2,9606.ENSP00000285093,9606.ENSP00000360541,0,0,0,0,0.32,0.099,0,0.734,0.822
ACAA2,ACLY,9606.ENSP00000285093,9606.ENSP00000466259,0.057,0,0,0,0.107,0,0.819,0.492,0.912
ACAA2,ACAT2,9606.ENSP00000285093,9606.ENSP00000356015,0,0,0.092,0.896,0.136,0,0.9,0.133,0.922
ACAA2,ACSS3,9606.ENSP00000285093,9606.ENSP00000449535,0.055,0,0,0,0.249,0,0.836,0.449,0.927
ACAA2,ACADM,9606.ENSP00000285093,9606.ENSP00000359871,0.054,0,0,0,0.625,0.205,0.216,0.759,0.937
ACAA2,HMGCLL1,9606.ENSP00000285093,9606.ENSP00000381654,0.072,0,0,0,0.205,0,0.9,0.249,0.937
ACAA2,PCCA,9606.ENSP00000285093,9606.ENSP00000365462,0.061,0,0,0,0.17,0.091,0.907,0.431,0.955
ACAA2,HADH,9606.ENSP00000285093,9606.ENSP00000474560,0.079,0.054,0,0,0.599,0.536,0.352,0.677,0.958
ACAA2,HADHB,9606.ENSP00000285093,9606.ENSP00000325136,0,0,0.135,0.801,0.481,0,0.9,0.248,0.961
ACAA2,PCCB,9606.ENSP00000285093,9606.ENSP00000419027,0.079,0,0,0,0.286,0,0.914,0.41,0.962
ACAA2,HMGCL,9606.ENSP00000285093,9606.ENSP00000363614,0.072,0,0,0,0.238,0,0.9,0.578,0.966
ACAA2,ECHS1,9606.ENSP00000285093,9606.ENSP00000357535,0.054,0,0,0,0.391,0.368,0.216,0.927,0.975
ACAA2,ACADVL,9606.ENSP00000285093,9606.ENSP00000438689,0.054,0,0,0,0.356,0.099,0.918,0.693,0.983
ACAA2,ACOX3,9606.ENSP00000285093,9606.ENSP00000348775,0.054,0,0,0,0.34,0.051,0.918,0.772,0.986
ACAA2,ACOX1,9606.ENSP00000285093,9606.ENSP00000293217,0.054,0,0,0,0.335,0.051,0.918,0.813,0.989
ACAA2,HMGCS1,9606.ENSP00000285093,9606.ENSP00000322706,0.079,0,0,0,0.518,0.48,0.932,0.778,0.995
ACAA2,HMGCS2,9606.ENSP00000285093,9606.ENSP00000358414,0.079,0,0,0,0.522,0.48,0.932,0.795,0.996
ACAA2,HADHA,9606.ENSP00000285093,9606.ENSP00000370023,0.054,0.07,0,0,0.39,0.296,0.925,0.961,0.998
ACACA,DGAT2,9606.ENSP00000483300,9606.ENSP00000228027,0,0,0,0,0.055,0,0,0.731,0.735
ACACA,ALOX12,9606.ENSP00000483300,9606.ENSP00000251535,0,0,0,0,0.059,0,0,0.722,0.727
ACACA,PRKAB2,9606.ENSP00000483300,9606.ENSP00000254101,0,0,0,0,0,0,0.9,0.368,0.934
ACACA,MLYCD,9606.ENSP00000483300,9606.ENSP00000262430,0,0,0,0,0.042,0,0.9,0.675,0.966
ACACA,GPAM,9606.ENSP00000483300,9606.ENSP00000265276,0,0,0,0,0.126,0,0,0.7,0.727
ACACA,CPT1A,9606.ENSP00000483300,9606.ENSP00000265641,0,0,0,0,0.042,0,0,0.847,0.848
ACACA,ACAT1,9606.ENSP00000483300,9606.ENSP00000265838,0.042,0,0,0,0.055,0,0.927,0.499,0.962
ACACA,THRSP,9606.ENSP00000483300,9606.ENSP00000281030,0,0,0,0,0.114,0.303,0,0.678,0.784
ACACA,PPARG,9606.ENSP00000483300,9606.ENSP00000287820,0,0,0,0,0.044,0,0,0.702,0.703
ACACA,PRKAG2,9606.ENSP00000483300,9606.ENSP00000287878,0.041,0,0,0,0,0.063,0.9,0.287,0.927
ACACA,HMGCR,9606.ENSP00000483300,9606.ENSP00000287936,0,0,0,0,0.134,0,0,0.762,0.785
ACACA,MCAT,9606.ENSP00000483300,9606.ENSP00000290429,0.117,0,0,0,0.25,0,0.9,0.678,0.975
ACACA,ACOX1,9606.ENSP00000483300,9606.ENSP00000293217,0.043,0,0,0,0.042,0,0.265,0.709,0.778
ACACA,ACOT12,9606.ENSP00000483300,9606.ENSP00000303246,0.042,0,0,0,0,0,0.9,0.197,0.916
ACACA,FASN,9606.ENSP00000483300,9606.ENSP00000304592,0.055,0,0,0,0.572,0.073,0.9,0.964,0.998
ACACA,ACACB,9606.ENSP00000483300,9606.ENSP00000341044,0,0,0.052,0.977,0.049,0.459,0.9,0.424,0.966
ACACA,SREBF1,9606.ENSP00000483300,9606.ENSP00000348069,0,0,0,0,0.083,0,0.75,0.927,0.981
ACACA,ACSL3,9606.ENSP00000483300,9606.ENSP00000350012,0,0,0,0,0.227,0,0,0.748,0.797
ACACA,SREBF2,9606.ENSP00000483300,9606.ENSP00000354476,0,0,0,0,0.074,0.073,0,0.704,0.724
ACACA,ACAT2,9606.ENSP00000483300,9606.ENSP00000356015,0.042,0,0,0,0.14,0,0.927,0.394,0.959
ACACA,SCD,9606.ENSP00000483300,9606.ENSP00000359380,0,0,0,0,0.444,0,0,0.892,0.937
ACACA,PRKAA2,9606.ENSP00000483300,9606.ENSP00000360290,0,0,0,0,0.058,0.218,0.9,0.476,0.956
ACACA,PCCA,9606.ENSP00000483300,9606.ENSP00000365462,0.101,0,0,0.7,0.049,0.237,0.449,0.389,0.74
ACACA,ELOVL6,9606.ENSP00000483300,9606.ENSP00000378105,0,0,0,0,0.25,0,0.139,0.812,0.868
ACACA,PPARA,9606.ENSP00000483300,9606.ENSP00000385523,0,0,0,0,0,0,0,0.721,0.721
ACACA,PCCB,9606.ENSP00000483300,9606.ENSP00000419027,0.111,0,0,0.569,0.067,0.237,0.585,0.525,0.852
ACACA,ACSL1,9606.ENSP00000483300,9606.ENSP00000422607,0,0,0,0,0.105,0,0,0.793,0.807
ACACA,ACLY,9606.ENSP00000483300,9606.ENSP00000466259,0,0,0,0,0.374,0,0.8,0.9,0.986
ACACA,ACSF3,9606.ENSP00000483300,9606.ENSP00000479130,0.056,0,0,0,0.042,0,0.9,0.315,0.929
ACACA,DGAT1,9606.ENSP00000483300,9606.ENSP00000482264,0,0,0,0,0.044,0.069,0,0.738,0.746
ACACB,EHHADH,9606.ENSP00000341044,9606.ENSP00000231887,0.045,0,0,0,0.049,0,0.278,0.681,0.762
ACACB,PRKAB2,9606.ENSP00000341044,9606.ENSP00000254101,0,0,0,0,0,0,0.9,0.326,0.929
ACACB,SCARB1,9606.ENSP00000341044,9606.ENSP00000261693,0,0,0,0,0.088,0,0,0.703,0.718
ACACB,MLYCD,9606.ENSP00000341044,9606.ENSP00000262430,0,0,0,0,0.139,0,0.9,0.535,0.956
ACACB,CPT1A,9606.ENSP00000341044,9606.ENSP00000265641,0,0,0,0,0.067,0,0.9,0.878,0.987
ACACB,ACAT1,9606.ENSP00000341044,9606.ENSP00000265838,0.042,0,0,0,0.073,0,0.927,0.355,0.953
ACACB,PRKAG2,9606.ENSP00000341044,9606.ENSP00000287878,0.041,0,0,0,0,0.063,0.9,0.34,0.932
ACACB,MCAT,9606.ENSP00000341044,9606.ENSP00000290429,0.117,0,0,0,0.245,0,0.9,0.596,0.969
ACACB,ACOX1,9606.ENSP00000341044,9606.ENSP00000293217,0.043,0,0,0,0.049,0,0.265,0.723,0.79
ACACB,ACOT12,9606.ENSP00000341044,9606.ENSP00000303246,0.042,0,0,0,0,0,0.9,0.101,0.906
ACACB,FASN,9606.ENSP00000341044,9606.ENSP00000304592,0.055,0,0,0,0.308,0,0.9,0.908,0.993
ACACB,HADHB,9606.ENSP00000341044,9606.ENSP00000325136,0.042,0,0,0,0.048,0,0.307,0.605,0.717
ACACB,SP1,9606.ENSP00000341044,9606.ENSP00000329357,0,0,0,0,0.055,0,0.75,0.051,0.756
ACACB,ACSL3,9606.ENSP00000341044,9606.ENSP00000350012,0,0,0,0,0.191,0,0,0.657,0.71
ACACB,ACSL1,9606.ENSP00000341044,9606.ENSP00000422607,0,0,0,0,0.11,0,0,0.717,0.737
ACACB,SCD,9606.ENSP00000341044,9606.ENSP00000359380,0,0,0,0,0.299,0,0,0.664,0.754
ACACB,PCCB,9606.ENSP00000341044,9606.ENSP00000419027,0.111,0,0,0.57,0.044,0,0.585,0.592,0.837
ACACB,ACSF3,9606.ENSP00000341044,9606.ENSP00000479130,0.056,0,0,0,0.049,0,0.9,0.256,0.924
ACACB,SREBF1,9606.ENSP00000341044,9606.ENSP00000348069,0,0,0,0,0.056,0,0.75,0.764,0.939
ACACB,PRKAA2,9606.ENSP00000341044,9606.ENSP00000360290,0,0,0,0,0,0.128,0.9,0.362,0.939
ACACB,ACAT2,9606.ENSP00000341044,9606.ENSP00000356015,0.042,0,0,0,0.062,0,0.927,0.311,0.949
ACACB,CPT1B,9606.ENSP00000341044,9606.ENSP00000379011,0,0,0,0,0.049,0,0.9,0.574,0.956
ACACB,ACLY,9606.ENSP00000341044,9606.ENSP00000466259,0,0,0,0,0.205,0,0.8,0.828,0.97
ACAD10,HADH,9606.ENSP00000389813,9606.ENSP00000474560,0.102,0,0,0,0.114,0,0.575,0.257,0.715
ACAD11,HADH,9606.ENSP00000264990,9606.ENSP00000474560,0.102,0,0,0,0.11,0,0.575,0.289,0.726
ACADL,EHHADH,9606.ENSP00000233710,9606.ENSP00000231887,0.046,0,0,0,0.325,0.091,0.915,0.622,0.977
ACADL,SCP2,9606.ENSP00000233710,9606.ENSP00000360569,0.054,0,0,0,0.249,0.094,0.216,0.506,0.705
ACADL,CPT1B,9606.ENSP00000233710,9606.ENSP00000379011,0,0,0,0,0,0,0,0.705,0.705
ACADL,FASN,9606.ENSP00000233710,9606.ENSP00000304592,0.057,0,0,0,0,0,0.312,0.587,0.709
ACADL,PCCB,9606.ENSP00000233710,9606.ENSP00000419027,0.057,0.006,0,0,0.237,0,0.436,0.411,0.729
ACADL,PLIN2,9606.ENSP00000233710,9606.ENSP00000276914,0,0,0,0,0.084,0.053,0,0.714,0.73
ACADL,CPT1A,9606.ENSP00000233710,9606.ENSP00000265641,0,0,0,0,0,0,0,0.762,0.762
ACADL,ACSL1,9606.ENSP00000233710,9606.ENSP00000422607,0.05,0,0,0,0.16,0.071,0.189,0.814,0.868
ACADL,HADH,9606.ENSP00000233710,9606.ENSP00000474560,0.057,0.017,0,0,0.394,0.099,0.265,0.754,0.89
ACADL,ACADS,9606.ENSP00000233710,9606.ENSP00000242592,0,0,0.129,0.807,0.11,0.098,0.9,0.218,0.935
ACADL,ACADVL,9606.ENSP00000233710,9606.ENSP00000438689,0,0,0.151,0.719,0.13,0.098,0.9,0.386,0.951
ACADL,ACOX3,9606.ENSP00000233710,9606.ENSP00000348775,0,0,0,0,0,0,0.9,0.628,0.961
ACADL,ACOX1,9606.ENSP00000233710,9606.ENSP00000293217,0,0,0,0,0.105,0,0.9,0.719,0.972
ACADL,ECHS1,9606.ENSP00000233710,9606.ENSP00000357535,0.046,0,0,0,0.295,0.091,0.915,0.618,0.976
ACADL,CPT2,9606.ENSP00000233710,9606.ENSP00000360541,0,0,0,0,0.12,0.098,0.9,0.808,0.982
ACADL,HADHA,9606.ENSP00000233710,9606.ENSP00000370023,0.046,0,0,0,0.295,0.099,0.915,0.884,0.992
ACADL,HADHB,9606.ENSP00000233710,9606.ENSP00000325136,0.054,0,0,0,0.324,0.099,0.918,0.902,0.994
ACADM,DECR1,9606.ENSP00000359871,9606.ENSP00000220764,0.042,0,0,0,0.413,0.099,0.174,0.504,0.755
ACADM,EHHADH,9606.ENSP00000359871,9606.ENSP00000231887,0.046,0,0,0,0.345,0.091,0.185,0.66,0.814
ACADM,CPT1A,9606.ENSP00000359871,9606.ENSP00000265641,0,0,0,0,0,0,0,0.756,0.756
ACADM,ACAT1,9606.ENSP00000359871,9606.ENSP00000265838,0.054,0,0,0,0.472,0.051,0.216,0.356,0.717
ACADM,ACOX1,9606.ENSP00000359871,9606.ENSP00000293217,0,0,0,0,0.148,0,0,0.802,0.824
ACADM,FASN,9606.ENSP00000359871,9606.ENSP00000304592,0.057,0,0,0,0,0,0.312,0.626,0.736
ACADM,HADHB,9606.ENSP00000359871,9606.ENSP00000325136,0.054,0,0,0,0.432,0.099,0.216,0.746,0.886
ACADM,SLC25A20,9606.ENSP00000359871,9606.ENSP00000326305,0,0,0,0,0.297,0,0,0.62,0.721
ACADM,ACOX3,9606.ENSP00000359871,9606.ENSP00000348775,0,0,0,0,0.083,0,0,0.723,0.735
ACADM,ECHS1,9606.ENSP00000359871,9606.ENSP00000357535,0.046,0,0,0,0.325,0.204,0.215,0.712,0.863
ACADM,ACADVL,9606.ENSP00000359871,9606.ENSP00000438689,0,0,0.169,0.723,0.252,0.099,0,0.549,0.713
ACADM,PCCB,9606.ENSP00000359871,9606.ENSP00000419027,0.057,0,0,0,0.404,0,0.265,0.415,0.726
ACADM,ACSL1,9606.ENSP00000359871,9606.ENSP00000422607,0.05,0,0,0,0.158,0.071,0.189,0.618,0.728
ACADM,CPT1B,9606.ENSP00000359871,9606.ENSP00000379011,0,0,0,0,0,0,0,0.732,0.732
ACADM,SCP2,9606.ENSP00000359871,9606.ENSP00000360569,0.054,0,0,0,0.478,0.094,0.216,0.386,0.745
ACADM,HSD17B4,9606.ENSP00000359871,9606.ENSP00000411960,0.054,0,0,0,0.553,0.065,0.216,0.33,0.754
ACADM,CPT2,9606.ENSP00000359871,9606.ENSP00000360541,0,0,0,0,0.31,0.099,0,0.783,0.853
ACADM,PPARA,9606.ENSP00000359871,9606.ENSP00000385523,0,0,0,0,0.048,0,0.5,0.721,0.855
ACADM,HADH,9606.ENSP00000359871,9606.ENSP00000474560,0.057,0.049,0,0,0.576,0.099,0.265,0.713,0.911
ACADM,HADHA,9606.ENSP00000359871,9606.ENSP00000370023,0.046,0,0,0,0.384,0.099,0.185,0.87,0.934
ACADS,EHHADH,9606.ENSP00000242592,9606.ENSP00000231887,0.046,0,0,0,0.308,0.091,0.94,0.624,0.984
ACADS,HSD17B4,9606.ENSP00000242592,9606.ENSP00000411960,0.054,0,0,0,0.307,0.065,0.216,0.512,0.723
ACADS,SLC25A20,9606.ENSP00000242592,9606.ENSP00000326305,0,0,0,0,0.223,0,0,0.74,0.79
ACADS,HADH,9606.ENSP00000242592,9606.ENSP00000474560,0.057,0.101,0,0,0.402,0.071,0.265,0.708,0.875
ACADS,ALDH3A2,9606.ENSP00000242592,9606.ENSP00000345774,0.042,0,0,0,0.127,0,0.829,0.28,0.883
ACADS,ALDH7A1,9606.ENSP00000242592,9606.ENSP00000387123,0.042,0,0,0,0.122,0,0.829,0.304,0.887
ACADS,CPT2,9606.ENSP00000242592,9606.ENSP00000360541,0,0,0,0,0.223,0.098,0,0.898,0.922
ACADS,ACOX3,9606.ENSP00000242592,9606.ENSP00000348775,0,0,0,0.577,0.055,0,0.9,0.275,0.925
ACADS,ACSM6,9606.ENSP00000242592,9606.ENSP00000340296,0.044,0,0,0,0.189,0,0.915,0.211,0.941
ACADS,ACSS3,9606.ENSP00000242592,9606.ENSP00000449535,0.044,0,0,0,0.189,0,0.915,0.216,0.941
ACADS,ACOX1,9606.ENSP00000242592,9606.ENSP00000293217,0,0,0,0.566,0.129,0,0.9,0.486,0.951
ACADS,PCCA,9606.ENSP00000242592,9606.ENSP00000365462,0.057,0,0,0,0.132,0.052,0.919,0.428,0.957
ACADS,ACAT2,9606.ENSP00000242592,9606.ENSP00000356015,0.054,0,0,0,0.324,0.051,0.918,0.317,0.96
ACADS,ACSM3,9606.ENSP00000242592,9606.ENSP00000289416,0.044,0,0,0,0.19,0,0.915,0.481,0.961
ACADS,PCCB,9606.ENSP00000242592,9606.ENSP00000419027,0.057,0.013,0,0,0.253,0,0.923,0.391,0.962
ACADS,ACAT1,9606.ENSP00000242592,9606.ENSP00000265838,0.054,0,0,0,0.333,0.051,0.918,0.445,0.967
ACADS,HADHB,9606.ENSP00000242592,9606.ENSP00000325136,0.054,0,0,0,0.335,0.051,0.918,0.756,0.985
ACADS,HADHA,9606.ENSP00000242592,9606.ENSP00000370023,0.046,0,0,0,0.308,0.099,0.94,0.822,0.992
ACADS,ECHS1,9606.ENSP00000242592,9606.ENSP00000357535,0.046,0,0,0,0.606,0.099,0.948,0.743,0.994
ACADVL,EHHADH,9606.ENSP00000438689,9606.ENSP00000231887,0.046,0,0,0,0.295,0.114,0.915,0.627,0.977
ACADVL,CPT1A,9606.ENSP00000438689,9606.ENSP00000265641,0,0,0,0,0.067,0,0,0.7,0.708
ACADVL,ACOX1,9606.ENSP00000438689,9606.ENSP00000293217,0,0,0,0,0.126,0,0.9,0.699,0.971
ACADVL,FASN,9606.ENSP00000438689,9606.ENSP00000304592,0.057,0,0,0,0.062,0,0.312,0.697,0.791
ACADVL,HADHB,9606.ENSP00000438689,9606.ENSP00000325136,0.054,0,0,0,0.391,0.099,0.918,0.763,0.988
ACADVL,SLC25A20,9606.ENSP00000438689,9606.ENSP00000326305,0,0,0,0,0.245,0,0,0.716,0.776
ACADVL,ACOX3,9606.ENSP00000438689,9606.ENSP00000348775,0,0,0,0.556,0.055,0,0.9,0.364,0.934
ACADVL,ECHS1,9606.ENSP00000438689,9606.ENSP00000357535,0.046,0,0,0,0.374,0.095,0.915,0.655,0.981
ACADVL,CPT2,9606.ENSP00000438689,9606.ENSP00000360541,0,0,0,0,0.324,0.099,0.9,0.935,0.995
ACADVL,HMGCL,9606.ENSP00000438689,9606.ENSP00000363614,0.057,0,0,0,0.169,0.364,0,0.476,0.704
ACADVL,HADHA,9606.ENSP00000438689,9606.ENSP00000370023,0.046,0,0,0,0.405,0.144,0.915,0.917,0.995
ACADVL,ACSL1,9606.ENSP00000438689,9606.ENSP00000422607,0.05,0,0,0,0.153,0.071,0.189,0.778,0.841
ACADVL,HADH,9606.ENSP00000438689,9606.ENSP00000474560,0.057,0.005,0,0,0.403,0.099,0.265,0.734,0.882
ACAT1,OXCT1,9606.ENSP00000265838,9606.ENSP00000196371,0.079,0.009,0,0,0.22,0,0.932,0.76,0.986
ACAT1,MVK,9606.ENSP00000265838,9606.ENSP00000228510,0.093,0,0,0,0.08,0,0.449,0.793,0.892
ACAT1,EHHADH,9606.ENSP00000265838,9606.ENSP00000231887,0.054,0.166,0,0,0.344,0.296,0.918,0.418,0.978
ACAT1,MLYCD,9606.ENSP00000265838,9606.ENSP00000262430,0,0,0,0,0.1,0,0.9,0.295,0.931
ACAT1,SCP2,9606.ENSP00000265838,9606.ENSP00000360569,0.057,0,0,0,0.37,0.053,0.248,0.448,0.724
ACAT1,GGPS1,9606.ENSP00000265838,9606.ENSP00000282841,0,0,0,0,0.049,0,0,0.733,0.735
ACAT1,BDH1,9606.ENSP00000265838,9606.ENSP00000376184,0,0,0,0,0.083,0,0,0.734,0.746
ACAT1,PMVK,9606.ENSP00000265838,9606.ENSP00000357452,0,0,0,0,0.132,0.052,0,0.73,0.758
ACAT1,HMGCR,9606.ENSP00000265838,9606.ENSP00000287936,0.102,0,0,0,0.077,0,0,0.756,0.78
ACAT1,ECHS1,9606.ENSP00000265838,9606.ENSP00000357535,0.054,0,0,0,0.364,0.296,0.216,0.619,0.85
ACAT1,MVD,9606.ENSP00000265838,9606.ENSP00000301012,0.101,0,0,0,0.298,0,0,0.797,0.861
ACAT1,ACLY,9606.ENSP00000265838,9606.ENSP00000466259,0.057,0,0,0,0.107,0,0.819,0.507,0.915
ACAT1,ACOT12,9606.ENSP00000265838,9606.ENSP00000303246,0.059,0,0,0,0.056,0,0.909,0.27,0.933
ACAT1,HADH,9606.ENSP00000265838,9606.ENSP00000474560,0.079,0.019,0,0,0.652,0.481,0.352,0.496,0.935
ACAT1,HADHB,9606.ENSP00000265838,9606.ENSP00000325136,0,0,0.151,0.764,0.209,0,0.9,0.269,0.944
ACAT1,ACAT2,9606.ENSP00000265838,9606.ENSP00000356015,0,0,0.091,0.898,0.087,0.42,0.9,0.131,0.95
ACAT1,HMGCLL1,9606.ENSP00000265838,9606.ENSP00000381654,0.072,0,0,0,0.205,0,0.9,0.463,0.955
ACAT1,ACOX3,9606.ENSP00000265838,9606.ENSP00000348775,0.054,0,0,0,0.342,0.051,0.918,0.335,0.962
ACAT1,ACOX1,9606.ENSP00000265838,9606.ENSP00000293217,0.054,0,0,0,0.342,0.051,0.918,0.44,0.968
ACAT1,HMGCL,9606.ENSP00000265838,9606.ENSP00000363614,0.072,0,0,0,0.22,0,0.9,0.661,0.972
ACAT1,HADHA,9606.ENSP00000265838,9606.ENSP00000370023,0.054,0.026,0,0,0.414,0.296,0.918,0.862,0.994
ACAT1,HMGCS1,9606.ENSP00000265838,9606.ENSP00000322706,0.079,0,0,0,0.527,0.48,0.939,0.845,0.997
ACAT1,HMGCS2,9606.ENSP00000265838,9606.ENSP00000358414,0.079,0,0,0,0.518,0.48,0.939,0.853,0.997
ACAT2,CYP51A1,9606.ENSP00000356015,9606.ENSP00000003100,0,0,0,0,0.439,0.044,0,0.54,0.732
ACAT2,OXCT1,9606.ENSP00000356015,9606.ENSP00000196371,0.079,0.023,0,0,0.221,0,0.932,0.497,0.972
ACAT2,MVK,9606.ENSP00000356015,9606.ENSP00000228510,0.093,0,0,0,0.25,0,0.449,0.73,0.885
ACAT2,EHHADH,9606.ENSP00000356015,9606.ENSP00000231887,0.054,0.313,0,0,0.344,0.296,0.918,0.363,0.98
ACAT2,MLYCD,9606.ENSP00000356015,9606.ENSP00000262430,0,0,0,0,0.066,0,0.9,0,0.902
ACAT2,SQLE,9606.ENSP00000356015,9606.ENSP00000265896,0.041,0,0,0,0.486,0,0,0.62,0.797
ACAT2,IDI2,9606.ENSP00000356015,9606.ENSP00000277517,0,0,0,0,0.129,0,0,0.682,0.711
ACAT2,GGPS1,9606.ENSP00000356015,9606.ENSP00000282841,0,0,0,0,0.049,0,0,0.7,0.703
ACAT2,HMGCR,9606.ENSP00000356015,9606.ENSP00000287936,0.102,0,0,0,0.45,0,0,0.815,0.9
ACAT2,ACOX1,9606.ENSP00000356015,9606.ENSP00000293217,0.054,0,0,0,0.326,0.051,0.918,0.414,0.965
ACAT2,MVD,9606.ENSP00000356015,9606.ENSP00000301012,0.101,0,0,0,0.455,0,0,0.781,0.883
ACAT2,ACOT12,9606.ENSP00000356015,9606.ENSP00000303246,0.059,0,0,0,0.056,0,0.909,0.239,0.93
ACAT2,HMGCS1,9606.ENSP00000356015,9606.ENSP00000322706,0.079,0,0,0,0.83,0.48,0.939,0.793,0.998
ACAT2,HADHB,9606.ENSP00000356015,9606.ENSP00000325136,0,0,0.155,0.753,0.111,0,0.9,0.183,0.93
ACAT2,DHCR7,9606.ENSP00000356015,9606.ENSP00000347717,0,0,0,0,0.471,0,0,0.563,0.759
ACAT2,ACOX3,9606.ENSP00000356015,9606.ENSP00000348775,0.054,0,0,0,0.324,0.051,0.918,0.278,0.957
ACAT2,FDPS,9606.ENSP00000356015,9606.ENSP00000349078,0,0,0,0,0.53,0,0,0.651,0.829
ACAT2,EBP,9606.ENSP00000356015,9606.ENSP00000417052,0,0,0,0,0.495,0,0,0.431,0.701
ACAT2,LSS,9606.ENSP00000356015,9606.ENSP00000380837,0,0,0,0,0.328,0,0,0.655,0.758
ACAT2,FDFT1,9606.ENSP00000356015,9606.ENSP00000491537,0,0,0,0,0.518,0,0,0.647,0.822
ACAT2,IDI1,9606.ENSP00000356015,9606.ENSP00000370748,0,0,0,0,0.507,0,0,0.666,0.828
ACAT2,ECHS1,9606.ENSP00000356015,9606.ENSP00000357535,0.054,0,0,0,0.352,0.296,0.216,0.577,0.831
ACAT2,ACLY,9606.ENSP00000356015,9606.ENSP00000466259,0.057,0,0,0,0.293,0,0.819,0.384,0.916
ACAT2,HADH,9606.ENSP00000356015,9606.ENSP00000474560,0.079,0.037,0,0,0.579,0.573,0.352,0.35,0.917
ACAT2,HMGCLL1,9606.ENSP00000356015,9606.ENSP00000381654,0.072,0,0,0,0.205,0,0.9,0.393,0.949
ACAT2,HMGCL,9606.ENSP00000356015,9606.ENSP00000363614,0.072,0,0,0,0.205,0,0.9,0.408,0.95
ACAT2,HADHA,9606.ENSP00000356015,9606.ENSP00000370023,0.054,0.08,0,0,0.334,0.296,0.918,0.373,0.974
ACAT2,HMGCS2,9606.ENSP00000356015,9606.ENSP00000358414,0.079,0,0,0,0.515,0.48,0.939,0.607,0.993
ACBD4,VAPA,9606.ENSP00000405969,9606.ENSP00000345656,0,0,0,0,0,0.329,0,0.869,0.908
ACBD4,VAPB,9606.ENSP00000405969,9606.ENSP00000417175,0,0,0,0,0,0.545,0,0.958,0.98
ACBD5,VAPA,9606.ENSP00000365049,9606.ENSP00000345656,0,0,0,0,0.049,0.623,0,0.987,0.995
ACBD5,ALDH3A2,9606.ENSP00000365049,9606.ENSP00000345774,0,0,0,0,0.117,0.125,0.5,0.343,0.712
ACBD5,VAPB,9606.ENSP00000365049,9606.ENSP00000417175,0,0,0,0,0.074,0.673,0,0.991,0.997
ACER1,CERK,9606.ENSP00000301452,9606.ENSP00000216264,0,0,0,0,0,0.071,0.913,0.655,0.97
ACER1,SPTLC2,9606.ENSP00000301452,9606.ENSP00000216484,0,0,0,0,0.086,0,0,0.709,0.723
ACER1,SMPD3,9606.ENSP00000301452,9606.ENSP00000219334,0,0,0,0,0.044,0,0.65,0.442,0.797
ACER1,SGPP1,9606.ENSP00000301452,9606.ENSP00000247225,0,0,0,0,0,0,0.9,0.389,0.936
ACER1,SMPD2,9606.ENSP00000301452,9606.ENSP00000258052,0,0,0,0,0,0.071,0.65,0.663,0.881
ACER1,GALC,9606.ENSP00000301452,9606.ENSP00000261304,0,0,0,0,0,0,0.9,0.319,0.929
ACER1,SPTLC1,9606.ENSP00000301452,9606.ENSP00000262554,0,0,0,0,0.072,0,0,0.771,0.779
ACER1,SPTLC3,9606.ENSP00000301452,9606.ENSP00000381968,0,0,0,0,0.091,0,0,0.699,0.715
ACER1,SMPD4,9606.ENSP00000301452,9606.ENSP00000386531,0,0,0,0,0,0,0.65,0.418,0.787
ACER1,ENPP7,9606.ENSP00000301452,9606.ENSP00000332656,0,0,0,0,0.058,0,0.65,0.47,0.809
ACER1,SMPD1,9606.ENSP00000301452,9606.ENSP00000340409,0,0,0,0,0,0,0.65,0.566,0.841
ACER1,ACER2,9606.ENSP00000301452,9606.ENSP00000342609,0,0,0.09,0.897,0,0,0.9,0.142,0.915
ACER1,GBA,9606.ENSP00000301452,9606.ENSP00000314508,0,0,0,0,0,0,0.9,0.327,0.929
ACER1,UGT8,9606.ENSP00000301452,9606.ENSP00000311648,0,0,0,0,0,0,0.9,0.364,0.933
ACER1,GBA2,9606.ENSP00000301452,9606.ENSP00000367343,0,0,0,0,0,0,0.9,0.387,0.936
ACER1,SGPP2,9606.ENSP00000301452,9606.ENSP00000315137,0,0,0,0,0.044,0,0.9,0.454,0.943
ACER1,DEGS1,9606.ENSP00000301452,9606.ENSP00000316476,0,0,0,0,0.086,0,0.9,0.519,0.952
ACER1,SGMS2,9606.ENSP00000301452,9606.ENSP00000378176,0,0,0,0,0,0,0.9,0.555,0.953
ACER1,DEGS2,9606.ENSP00000301452,9606.ENSP00000307126,0,0,0,0,0.128,0,0.9,0.542,0.956
ACER1,SGMS1,9606.ENSP00000301452,9606.ENSP00000354829,0,0,0,0,0,0,0.9,0.603,0.958
ACER1,UGCG,9606.ENSP00000301452,9606.ENSP00000363397,0,0,0,0,0,0,0.9,0.625,0.96
ACER1,SPHK1,9606.ENSP00000301452,9606.ENSP00000313681,0,0,0,0,0,0.066,0.914,0.638,0.968
ACER1,SPHK2,9606.ENSP00000301452,9606.ENSP00000469158,0,0,0,0,0.043,0.066,0.914,0.644,0.969
ACER1,ASAH1,9606.ENSP00000301452,9606.ENSP00000371152,0,0,0,0,0,0.045,0.9,0.826,0.981
ACER1,ASAH2,9606.ENSP00000301452,9606.ENSP00000378897,0,0,0,0,0,0.071,0.9,0.855,0.985
ACER2,CERK,9606.ENSP00000342609,9606.ENSP00000216264,0,0,0,0,0,0.088,0.913,0.664,0.971
ACER2,SMPD3,9606.ENSP00000342609,9606.ENSP00000219334,0,0,0,0,0,0,0.65,0.447,0.798
ACER2,SGPP1,9606.ENSP00000342609,9606.ENSP00000247225,0,0,0,0,0.06,0,0.9,0.381,0.936
ACER2,SMPD2,9606.ENSP00000342609,9606.ENSP00000258052,0,0,0,0,0,0.071,0.65,0.673,0.884
ACER2,GALC,9606.ENSP00000342609,9606.ENSP00000261304,0,0,0,0,0,0,0.9,0.339,0.931
ACER2,SPTLC1,9606.ENSP00000342609,9606.ENSP00000262554,0,0,0,0,0.072,0,0,0.746,0.754
ACER2,DEGS2,9606.ENSP00000342609,9606.ENSP00000307126,0,0,0,0,0.079,0,0.9,0.541,0.954
ACER2,UGT8,9606.ENSP00000342609,9606.ENSP00000311648,0,0,0,0,0,0,0.9,0.296,0.926
ACER2,SPHK1,9606.ENSP00000342609,9606.ENSP00000313681,0,0,0,0,0,0.066,0.914,0.634,0.968
ACER2,GBA,9606.ENSP00000342609,9606.ENSP00000314508,0,0,0,0,0,0,0.9,0.292,0.926
ACER2,SGPP2,9606.ENSP00000342609,9606.ENSP00000315137,0,0,0,0,0,0,0.9,0.398,0.937
ACER2,DEGS1,9606.ENSP00000342609,9606.ENSP00000316476,0,0,0,0,0.079,0,0.9,0.515,0.951
ACER2,ENPP7,9606.ENSP00000342609,9606.ENSP00000332656,0,0,0,0,0,0,0.65,0.447,0.798
ACER2,SMPD1,9606.ENSP00000342609,9606.ENSP00000340409,0,0,0,0,0,0,0.65,0.602,0.855
ACER2,SMPD4,9606.ENSP00000342609,9606.ENSP00000386531,0,0,0,0,0,0,0.65,0.486,0.812
ACER2,GBA2,9606.ENSP00000342609,9606.ENSP00000367343,0,0,0,0,0,0,0.9,0.381,0.935
ACER2,SGMS2,9606.ENSP00000342609,9606.ENSP00000378176,0,0,0,0,0,0,0.9,0.54,0.952
ACER2,UGCG,9606.ENSP00000342609,9606.ENSP00000363397,0,0,0,0,0,0,0.9,0.553,0.953
ACER2,SGMS1,9606.ENSP00000342609,9606.ENSP00000354829,0,0,0,0,0.049,0,0.9,0.596,0.958
ACER2,SPHK2,9606.ENSP00000342609,9606.ENSP00000469158,0,0,0,0,0,0.066,0.914,0.669,0.971
ACER2,ASAH1,9606.ENSP00000342609,9606.ENSP00000371152,0,0,0,0,0,0.045,0.9,0.788,0.978
ACER2,ASAH2,9606.ENSP00000342609,9606.ENSP00000378897,0,0,0,0,0.049,0.079,0.9,0.87,0.987
ACER3,SGPP1,9606.ENSP00000434480,9606.ENSP00000247225,0,0,0,0,0.055,0,0.9,0.5,0.948
ACER3,SPTLC1,9606.ENSP00000434480,9606.ENSP00000262554,0,0,0,0,0.079,0,0,0.71,0.722
ACER3,DEGS2,9606.ENSP00000434480,9606.ENSP00000307126,0,0,0,0,0.079,0,0.9,0.448,0.944
ACER3,SPHK1,9606.ENSP00000434480,9606.ENSP00000313681,0,0,0,0,0,0.066,0.914,0.608,0.965
ACER3,SGPP2,9606.ENSP00000434480,9606.ENSP00000315137,0,0,0,0,0,0,0.9,0.477,0.945
ACER3,DEGS1,9606.ENSP00000434480,9606.ENSP00000316476,0,0,0,0,0.079,0,0.9,0.515,0.951
ACER3,ASAH1,9606.ENSP00000434480,9606.ENSP00000371152,0,0,0,0,0.109,0.045,0.9,0.748,0.975
ACER3,ASAH2,9606.ENSP00000434480,9606.ENSP00000378897,0,0,0,0,0,0.071,0.9,0.816,0.981
ACER3,KDSR,9606.ENSP00000434480,9606.ENSP00000494352,0,0,0,0,0.06,0,0.9,0.464,0.945
ACER3,SPHK2,9606.ENSP00000434480,9606.ENSP00000469158,0,0,0,0,0,0.066,0.914,0.58,0.963
ACHE,APOE,9606.ENSP00000303211,9606.ENSP00000252486,0,0,0,0,0.097,0,0,0.755,0.769
ACHE,CHKA,9606.ENSP00000303211,9606.ENSP00000265689,0,0,0,0,0,0,0.9,0.158,0.912
ACHE,PNPLA6,9606.ENSP00000303211,9606.ENSP00000407509,0,0,0,0,0.075,0.045,0,0.848,0.854
ACHE,PHOSPHO1,9606.ENSP00000303211,9606.ENSP00000406909,0,0,0,0,0.083,0,0.9,0,0.904
ACHE,CHKB,9606.ENSP00000303211,9606.ENSP00000384400,0,0,0,0,0,0,0.9,0.128,0.909
ACHE,GPCPD1,9606.ENSP00000303211,9606.ENSP00000368305,0,0,0,0,0,0,0.9,0.194,0.916
ACHE,CHAT,9606.ENSP00000303211,9606.ENSP00000337103,0,0,0,0,0,0,0,0.933,0.933
ACLY,SLC25A1,9606.ENSP00000466259,9606.ENSP00000215882,0,0,0,0,0.25,0.088,0,0.774,0.832
ACLY,MMUT,9606.ENSP00000466259,9606.ENSP00000274813,0,0,0,0,0.135,0.075,0.8,0.183,0.852
ACLY,HMGCR,9606.ENSP00000466259,9606.ENSP00000287936,0.043,0,0,0,0.203,0,0,0.652,0.711
ACLY,FASN,9606.ENSP00000466259,9606.ENSP00000304592,0,0,0,0,0.75,0.087,0.8,0.894,0.994
ACLY,HMGCS1,9606.ENSP00000466259,9606.ENSP00000322706,0,0,0,0,0.248,0,0.8,0.605,0.935
ACLY,HADHB,9606.ENSP00000466259,9606.ENSP00000325136,0.057,0,0,0,0.114,0,0.819,0.507,0.915
ACLY,SREBF1,9606.ENSP00000466259,9606.ENSP00000348069,0,0,0,0,0.12,0,0,0.776,0.795
ACLY,HMGCS2,9606.ENSP00000466259,9606.ENSP00000358414,0,0,0,0,0.067,0,0.8,0.487,0.896
ACLY,ME1,9606.ENSP00000466259,9606.ENSP00000358719,0.091,0,0,0,0.144,0,0.218,0.653,0.761
ACLY,SCD,9606.ENSP00000466259,9606.ENSP00000359380,0,0,0,0,0.337,0,0,0.728,0.812
ACLY,HMGCL,9606.ENSP00000466259,9606.ENSP00000363614,0.079,0,0,0,0.055,0.069,0.8,0.422,0.889
ACLY,ELOVL6,9606.ENSP00000466259,9606.ENSP00000378105,0,0,0,0,0.346,0,0,0.696,0.793
ACLY,HMGCLL1,9606.ENSP00000466259,9606.ENSP00000381654,0.079,0,0,0,0.055,0.069,0.8,0.305,0.867
ACLY,IDH1,9606.ENSP00000466259,9606.ENSP00000390265,0.102,0,0,0,0.63,0,0,0.82,0.935
ACLY,ACSL1,9606.ENSP00000466259,9606.ENSP00000422607,0,0,0,0,0.079,0,0,0.722,0.734
ACOT1,TECR,9606.ENSP00000311224,9606.ENSP00000215567,0,0,0,0,0.047,0,0.9,0.101,0.906
ACOT1,ACOT8,9606.ENSP00000311224,9606.ENSP00000217455,0,0,0,0,0.057,0,0,0.951,0.952
ACOT1,ACOT13,9606.ENSP00000311224,9606.ENSP00000230048,0,0,0,0,0.057,0,0.4,0.566,0.733
ACOT1,ACOT2,9606.ENSP00000311224,9606.ENSP00000238651,0,0,0.047,0.987,0.419,0.624,0.9,0.053,0.976
ACOT1,PPARA,9606.ENSP00000311224,9606.ENSP00000385523,0,0,0,0,0.067,0,0,0.796,0.801
ACOT1,ACOT4,9606.ENSP00000311224,9606.ENSP00000323071,0,0,0.053,0.974,0.067,0,0.9,0.057,0.905
ACOT1,THEM4,9606.ENSP00000311224,9606.ENSP00000357804,0,0,0,0,0,0,0.9,0.185,0.915
ACOT1,THEM5,9606.ENSP00000311224,9606.ENSP00000357807,0,0,0,0,0,0,0.9,0.229,0.919
ACOT1,ACOT7,9606.ENSP00000311224,9606.ENSP00000367086,0,0,0,0,0.067,0,0.9,0.775,0.977
ACOT11,ACOT13,9606.ENSP00000360366,9606.ENSP00000230048,0,0,0,0,0.05,0,0.4,0.722,0.827
ACOT11,SLCO1A2,9606.ENSP00000360366,9606.ENSP00000305974,0,0,0,0,0.642,0,0,0.367,0.763
ACOT12,ACOT13,9606.ENSP00000303246,9606.ENSP00000230048,0,0,0,0,0.05,0,0.4,0.57,0.733
ACOT12,MLYCD,9606.ENSP00000303246,9606.ENSP00000262430,0,0,0,0,0,0,0.8,0.047,0.801
ACOT12,SLCO1A2,9606.ENSP00000303246,9606.ENSP00000305974,0,0,0,0,0.642,0,0,0.299,0.738
ACOT12,ALDH3A2,9606.ENSP00000303246,9606.ENSP00000345774,0,0,0,0,0,0.05,0.9,0.09,0.906
ACOT12,ALDH7A1,9606.ENSP00000303246,9606.ENSP00000387123,0,0,0,0,0,0.05,0.9,0.09,0.906
ACOT13,ACOT8,9606.ENSP00000230048,9606.ENSP00000217455,0,0,0,0,0.067,0,0,0.71,0.718
ACOT13,ACOT7,9606.ENSP00000230048,9606.ENSP00000367086,0,0,0,0,0.068,0,0.4,0.653,0.789
ACOT13,PCTP,9606.ENSP00000230048,9606.ENSP00000460437,0,0,0,0,0.056,0.301,0,0.94,0.956
ACOT2,TECR,9606.ENSP00000238651,9606.ENSP00000215567,0,0,0,0,0.042,0,0.9,0.068,0.903
ACOT2,ACOT8,9606.ENSP00000238651,9606.ENSP00000217455,0,0,0,0,0.056,0,0,0.956,0.957
ACOT2,ACOX1,9606.ENSP00000238651,9606.ENSP00000293217,0,0,0,0,0.055,0,0.5,0.511,0.749
ACOT2,PPARA,9606.ENSP00000238651,9606.ENSP00000385523,0,0,0,0,0.067,0,0,0.751,0.758
ACOT2,ACOT9,9606.ENSP00000238651,9606.ENSP00000368605,0,0,0,0,0.081,0,0.4,0.614,0.768
ACOT2,ACOT4,9606.ENSP00000238651,9606.ENSP00000323071,0,0,0.054,0.973,0.149,0,0.9,0.059,0.914
ACOT2,THEM4,9606.ENSP00000238651,9606.ENSP00000357804,0,0,0,0,0.049,0,0.9,0.199,0.917
ACOT2,THEM5,9606.ENSP00000238651,9606.ENSP00000357807,0,0,0,0,0,0,0.9,0.26,0.922
ACOT2,ACOT7,9606.ENSP00000238651,9606.ENSP00000367086,0,0,0,0,0.081,0,0.9,0.461,0.946
ACOT4,TECR,9606.ENSP00000323071,9606.ENSP00000215567,0,0,0,0,0,0,0.9,0.052,0.901
ACOT4,ACOX1,9606.ENSP00000323071,9606.ENSP00000293217,0,0,0,0,0.055,0,0.5,0.454,0.719
ACOT4,SCP2,9606.ENSP00000323071,9606.ENSP00000360569,0,0,0,0,0.057,0,0.574,0.322,0.704
ACOT4,THEM5,9606.ENSP00000323071,9606.ENSP00000357807,0,0,0,0,0,0,0.9,0.164,0.912
ACOT4,THEM4,9606.ENSP00000323071,9606.ENSP00000357804,0,0,0,0,0.047,0,0.9,0.253,0.922
ACOT4,ACOT7,9606.ENSP00000323071,9606.ENSP00000367086,0,0,0,0,0.072,0,0.9,0.461,0.945
ACOT7,TECR,9606.ENSP00000367086,9606.ENSP00000215567,0,0,0,0,0.059,0,0.9,0.071,0.904
ACOT7,THEM4,9606.ENSP00000367086,9606.ENSP00000357804,0,0,0,0,0,0,0.9,0.187,0.915
ACOT7,THEM5,9606.ENSP00000367086,9606.ENSP00000357807,0,0,0,0,0,0,0.9,0.264,0.923
ACOT8,ACOT9,9606.ENSP00000217455,9606.ENSP00000368605,0,0,0,0,0.054,0,0,0.703,0.707
ACOT8,ACOX1,9606.ENSP00000217455,9606.ENSP00000293217,0.042,0,0,0,0.113,0,0.5,0.519,0.768
ACOT8,PPARA,9606.ENSP00000217455,9606.ENSP00000385523,0,0,0,0,0.048,0.045,0,0.798,0.801
ACOT8,HSD17B4,9606.ENSP00000217455,9606.ENSP00000411960,0,0,0,0,0.294,0,0.5,0.488,0.803
ACOT8,HADH,9606.ENSP00000217455,9606.ENSP00000474560,0.074,0,0,0,0.049,0,0.792,0.389,0.873
ACOT8,SLC27A5,9606.ENSP00000217455,9606.ENSP00000263093,0,0,0,0,0.048,0,0.9,0.378,0.935
ACOT8,BAAT,9606.ENSP00000217455,9606.ENSP00000259407,0,0,0,0,0,0,0.9,0.45,0.942
ACOT8,SCP2,9606.ENSP00000217455,9606.ENSP00000360569,0,0,0,0,0.201,0,0.9,0.4,0.947
ACOX1,DECR2,9606.ENSP00000293217,9606.ENSP00000219481,0.042,0,0,0,0.111,0.091,0.569,0.631,0.854
ACOX1,EHHADH,9606.ENSP00000293217,9606.ENSP00000231887,0.046,0,0,0,0.313,0.099,0.933,0.968,0.998
ACOX1,SLC27A1,9606.ENSP00000293217,9606.ENSP00000252595,0.048,0,0,0,0.127,0,0.188,0.724,0.789
ACOX1,MLYCD,9606.ENSP00000293217,9606.ENSP00000262430,0,0,0,0,0.12,0,0.5,0.516,0.769
ACOX1,PECR,9606.ENSP00000293217,9606.ENSP00000265322,0.042,0,0,0,0.128,0.098,0.569,0.406,0.772
ACOX1,CPT1A,9606.ENSP00000293217,9606.ENSP00000265641,0,0,0,0,0.061,0,0,0.834,0.837
ACOX1,SLC27A2,9606.ENSP00000293217,9606.ENSP00000267842,0,0,0,0,0.106,0,0.57,0.626,0.843
ACOX1,PPARG,9606.ENSP00000293217,9606.ENSP00000287820,0,0,0,0,0.047,0,0,0.739,0.74
ACOX1,PEX11A,9606.ENSP00000293217,9606.ENSP00000300056,0,0,0,0,0.12,0,0,0.679,0.705
ACOX1,HACL1,9606.ENSP00000293217,9606.ENSP00000323811,0,0,0,0,0.104,0.099,0.5,0.36,0.707
ACOX1,ACSL6,9606.ENSP00000293217,9606.ENSP00000498260,0.05,0,0,0,0.195,0.096,0.288,0.508,0.714
ACOX1,CROT,9606.ENSP00000293217,9606.ENSP00000413575,0,0,0,0,0.094,0,0.5,0.454,0.731
ACOX1,ACSL5,9606.ENSP00000293217,9606.ENSP00000348429,0.05,0,0,0,0.197,0.089,0.288,0.571,0.749
ACOX1,HMGCL,9606.ENSP00000293217,9606.ENSP00000363614,0.057,0,0,0,0.159,0,0.5,0.472,0.762
ACOX1,EPHX2,9606.ENSP00000293217,9606.ENSP00000430269,0,0,0,0,0.103,0.215,0.571,0.32,0.767
ACOX1,IDH1,9606.ENSP00000293217,9606.ENSP00000390265,0,0,0,0,0.22,0.197,0.5,0.374,0.778
ACOX1,ACSL4,9606.ENSP00000293217,9606.ENSP00000339787,0.05,0,0,0,0.14,0.071,0.43,0.575,0.782
ACOX1,ACSL3,9606.ENSP00000293217,9606.ENSP00000350012,0.05,0,0,0,0.166,0.071,0.43,0.598,0.8
ACOX1,SCD,9606.ENSP00000293217,9606.ENSP00000359380,0,0,0,0,0.042,0,0,0.805,0.805
ACOX1,AMACR,9606.ENSP00000293217,9606.ENSP00000371517,0.057,0,0,0,0.157,0,0.616,0.449,0.81
ACOX1,HADH,9606.ENSP00000293217,9606.ENSP00000474560,0.057,0,0,0,0.391,0.071,0.265,0.592,0.811
ACOX1,FABP1,9606.ENSP00000293217,9606.ENSP00000295834,0,0,0,0,0.081,0.058,0.5,0.622,0.815
ACOX1,FASN,9606.ENSP00000293217,9606.ENSP00000304592,0.057,0,0,0,0,0,0.312,0.752,0.825
ACOX1,ACSL1,9606.ENSP00000293217,9606.ENSP00000422607,0.05,0,0,0,0.244,0.089,0.288,0.689,0.829
ACOX1,CRAT,9606.ENSP00000293217,9606.ENSP00000315013,0,0,0,0,0.309,0.208,0.5,0.492,0.842
ACOX1,GNPAT,9606.ENSP00000293217,9606.ENSP00000355607,0,0,0,0,0.049,0,0.5,0.713,0.851
ACOX1,SREBF1,9606.ENSP00000293217,9606.ENSP00000348069,0,0,0,0,0,0,0,0.858,0.858
ACOX1,ALDH7A1,9606.ENSP00000293217,9606.ENSP00000387123,0.042,0,0,0,0.129,0,0.829,0.262,0.88
ACOX1,ACOX2,9606.ENSP00000293217,9606.ENSP00000307697,0,0,0.082,0.916,0.042,0,0.9,0.115,0.911
ACOX1,ALDH3A2,9606.ENSP00000293217,9606.ENSP00000345774,0.042,0,0,0,0.184,0,0.829,0.475,0.92
ACOX1,ACOX3,9606.ENSP00000293217,9606.ENSP00000348775,0,0,0.15,0.758,0.117,0,0.9,0.273,0.938
ACOX1,PCCA,9606.ENSP00000293217,9606.ENSP00000365462,0.057,0,0,0,0.161,0.052,0.919,0.189,0.942
ACOX1,PPARA,9606.ENSP00000293217,9606.ENSP00000385523,0,0,0,0,0.083,0,0.5,0.888,0.944
ACOX1,ACSS3,9606.ENSP00000293217,9606.ENSP00000449535,0.044,0,0,0,0.194,0,0.915,0.298,0.948
ACOX1,PCCB,9606.ENSP00000293217,9606.ENSP00000419027,0.057,0,0,0,0.257,0,0.923,0.225,0.952
ACOX1,HADHA,9606.ENSP00000293217,9606.ENSP00000370023,0.046,0,0,0,0.334,0.091,0.933,0.571,0.98
ACOX1,CPT2,9606.ENSP00000293217,9606.ENSP00000360541,0,0,0,0,0.227,0.074,0.9,0.789,0.982
ACOX1,SCP2,9606.ENSP00000293217,9606.ENSP00000360569,0.054,0,0,0,0.313,0.129,0.918,0.714,0.984
ACOX1,HADHB,9606.ENSP00000293217,9606.ENSP00000325136,0.054,0,0,0,0.371,0.051,0.918,0.935,0.996
ACOX1,ECHS1,9606.ENSP00000293217,9606.ENSP00000357535,0.046,0,0,0,0.3,0.205,0.932,0.926,0.996
ACOX1,HSD17B4,9606.ENSP00000293217,9606.ENSP00000411960,0.054,0,0,0,0.43,0.065,0.918,0.968,0.998
ACOX2,EHHADH,9606.ENSP00000307697,9606.ENSP00000231887,0.046,0,0,0,0.308,0.096,0.362,0.821,0.919
ACOX2,SLC27A5,9606.ENSP00000307697,9606.ENSP00000263093,0,0,0,0,0.113,0,0.176,0.626,0.702
ACOX2,ACSL3,9606.ENSP00000307697,9606.ENSP00000350012,0.05,0,0,0,0.147,0.071,0.43,0.422,0.706
ACOX2,ACSL4,9606.ENSP00000307697,9606.ENSP00000339787,0.05,0,0,0,0.14,0.071,0.43,0.436,0.711
ACOX2,HADHA,9606.ENSP00000307697,9606.ENSP00000370023,0.046,0,0,0,0.295,0.091,0.362,0.384,0.716
ACOX2,ACSL1,9606.ENSP00000307697,9606.ENSP00000422607,0.05,0,0,0,0.201,0.089,0.288,0.531,0.727
ACOX2,ACOXL,9606.ENSP00000307697,9606.ENSP00000407761,0,0,0.148,0.642,0.109,0,0.7,0.17,0.785
ACOX2,ECHS1,9606.ENSP00000307697,9606.ENSP00000357535,0.046,0,0,0,0.314,0.091,0.353,0.534,0.788
ACOX2,SCP2,9606.ENSP00000307697,9606.ENSP00000360569,0.054,0,0,0,0.294,0.129,0.591,0.691,0.913
ACOX2,ACOX3,9606.ENSP00000307697,9606.ENSP00000348775,0,0,0.162,0.73,0.11,0,0.9,0.328,0.943
ACOX2,AMACR,9606.ENSP00000307697,9606.ENSP00000371517,0.057,0,0,0,0.106,0,0.923,0.664,0.975
ACOX2,HSD17B4,9606.ENSP00000307697,9606.ENSP00000411960,0.054,0,0,0,0.41,0.065,0.918,0.845,0.992
ACOX3,EHHADH,9606.ENSP00000348775,9606.ENSP00000231887,0.046,0,0,0,0.3,0.091,0.915,0.885,0.993
ACOX3,PHYH,9606.ENSP00000348775,9606.ENSP00000263038,0,0,0,0,0.195,0,0,0.69,0.74
ACOX3,CPT1A,9606.ENSP00000348775,9606.ENSP00000265641,0,0,0,0,0.047,0,0,0.702,0.704
ACOX3,PPARD,9606.ENSP00000348775,9606.ENSP00000310928,0,0,0,0,0.049,0,0,0.712,0.715
ACOX3,HADHB,9606.ENSP00000348775,9606.ENSP00000325136,0.054,0,0,0,0.342,0.051,0.918,0.837,0.99
ACOX3,ALDH3A2,9606.ENSP00000348775,9606.ENSP00000345774,0.042,0,0,0,0.139,0,0.829,0.386,0.902
ACOX3,SCD,9606.ENSP00000348775,9606.ENSP00000359380,0,0,0,0,0,0,0,0.712,0.712
ACOX3,AMACR,9606.ENSP00000348775,9606.ENSP00000371517,0.057,0,0,0,0.134,0,0.265,0.602,0.729
ACOX3,HADH,9606.ENSP00000348775,9606.ENSP00000474560,0.057,0,0,0,0.395,0.071,0.265,0.489,0.765
ACOX3,PPARA,9606.ENSP00000348775,9606.ENSP00000385523,0,0,0,0,0.043,0,0,0.82,0.821
ACOX3,ALDH7A1,9606.ENSP00000348775,9606.ENSP00000387123,0.042,0,0,0,0.129,0,0.829,0.165,0.865
ACOX3,PCCA,9606.ENSP00000348775,9606.ENSP00000365462,0.057,0,0,0,0.139,0.052,0.919,0.129,0.936
ACOX3,ACSS3,9606.ENSP00000348775,9606.ENSP00000449535,0.044,0,0,0,0.2,0,0.915,0.136,0.936
ACOX3,PCCB,9606.ENSP00000348775,9606.ENSP00000419027,0.057,0,0,0,0.243,0,0.923,0.138,0.946
ACOX3,CPT2,9606.ENSP00000348775,9606.ENSP00000360541,0,0,0,0,0.162,0.074,0.9,0.566,0.961
ACOX3,HADHA,9606.ENSP00000348775,9606.ENSP00000370023,0.046,0,0,0,0.307,0.091,0.915,0.492,0.969
ACOX3,SCP2,9606.ENSP00000348775,9606.ENSP00000360569,0.054,0,0,0,0.303,0.094,0.918,0.626,0.978
ACOX3,HSD17B4,9606.ENSP00000348775,9606.ENSP00000411960,0.054,0,0,0,0.301,0.065,0.918,0.829,0.989
ACOX3,ECHS1,9606.ENSP00000348775,9606.ENSP00000357535,0.046,0,0,0,0.324,0.091,0.915,0.838,0.99
ACP6,PRKAB2,9606.ENSP00000463574,9606.ENSP00000254101,0,0,0,0,0.056,0,0,0.744,0.748
ACSBG1,CPT1B,9606.ENSP00000258873,9606.ENSP00000379011,0,0,0,0,0,0,0.65,0.212,0.712
ACSBG1,CPT1A,9606.ENSP00000258873,9606.ENSP00000265641,0,0,0,0,0,0,0.65,0.248,0.725
ACSBG1,ACSL1,9606.ENSP00000258873,9606.ENSP00000422607,0,0,0.193,0.644,0.079,0,0.6,0.228,0.74
ACSBG1,ACSL5,9606.ENSP00000258873,9606.ENSP00000348429,0,0,0.2,0.628,0.078,0,0.6,0.223,0.74
ACSBG1,ACSL4,9606.ENSP00000258873,9606.ENSP00000339787,0,0,0.184,0.597,0.057,0.066,0.6,0.278,0.754
ACSBG1,ACSL6,9606.ENSP00000258873,9606.ENSP00000498260,0,0,0.2,0.617,0.115,0,0.6,0.246,0.758
ACSBG1,ACSL3,9606.ENSP00000258873,9606.ENSP00000350012,0,0,0.188,0.607,0.057,0.066,0.6,0.295,0.762
ACSBG1,LPL,9606.ENSP00000258873,9606.ENSP00000497642,0,0,0,0,0,0,0.8,0.121,0.816
ACSBG1,MGLL,9606.ENSP00000258873,9606.ENSP00000265052,0.048,0,0,0,0.049,0,0.8,0.11,0.817
ACSBG1,PPT2,9606.ENSP00000258873,9606.ENSP00000354608,0,0,0,0,0.055,0,0.8,0.192,0.834
ACSBG1,PPT1,9606.ENSP00000258873,9606.ENSP00000493153,0,0,0,0,0.055,0,0.8,0.21,0.837
ACSBG1,SLC27A2,9606.ENSP00000258873,9606.ENSP00000267842,0,0,0,0,0.061,0.095,0,0.871,0.881
ACSBG1,FASN,9606.ENSP00000258873,9606.ENSP00000304592,0.057,0,0,0,0.042,0,0.9,0.336,0.932
ACSBG2,MGLL,9606.ENSP00000465589,9606.ENSP00000265052,0.048,0,0,0,0,0,0.8,0.09,0.811
ACSBG2,CPT1A,9606.ENSP00000465589,9606.ENSP00000265641,0,0,0,0,0,0,0.65,0.293,0.742
ACSBG2,FASN,9606.ENSP00000465589,9606.ENSP00000304592,0.057,0,0,0,0,0,0.9,0.378,0.936
ACSBG2,ACSL4,9606.ENSP00000465589,9606.ENSP00000339787,0,0,0.182,0.61,0.057,0.066,0.6,0.204,0.728
ACSBG2,ACSL5,9606.ENSP00000465589,9606.ENSP00000348429,0,0,0.201,0.629,0.078,0,0.6,0.191,0.729
ACSBG2,ACSL3,9606.ENSP00000465589,9606.ENSP00000350012,0,0,0.192,0.602,0.057,0.066,0.6,0.202,0.731
ACSBG2,PPT2,9606.ENSP00000465589,9606.ENSP00000354608,0,0,0,0,0.055,0,0.8,0.228,0.841
ACSBG2,CPT1B,9606.ENSP00000465589,9606.ENSP00000379011,0,0,0,0,0,0,0.65,0.254,0.728
ACSBG2,ACSL1,9606.ENSP00000465589,9606.ENSP00000422607,0,0,0.202,0.622,0.078,0,0.6,0.176,0.725
ACSBG2,ACSL6,9606.ENSP00000465589,9606.ENSP00000498260,0,0,0.204,0.61,0.074,0,0.6,0.152,0.716
ACSBG2,LPL,9606.ENSP00000465589,9606.ENSP00000497642,0,0,0,0,0,0,0.8,0.127,0.818
ACSBG2,PPT1,9606.ENSP00000465589,9606.ENSP00000493153,0,0,0,0,0.055,0,0.8,0.279,0.852
ACSF2,LIPE,9606.ENSP00000401831,9606.ENSP00000244289,0.046,0,0,0,0.105,0.137,0,0.791,0.825
ACSF2,NDUFAB1,9606.ENSP00000401831,9606.ENSP00000458770,0.061,0,0,0,0.111,0.492,0.285,0.193,0.711
ACSF3,MCEE,9606.ENSP00000479130,9606.ENSP00000244217,0,0,0,0,0.06,0,0.9,0.488,0.947
ACSF3,MLYCD,9606.ENSP00000479130,9606.ENSP00000262430,0.045,0.612,0,0,0.075,0,0.8,0.526,0.961
ACSF3,MMUT,9606.ENSP00000479130,9606.ENSP00000274813,0,0,0,0,0.056,0,0.9,0.271,0.925
ACSF3,MCAT,9606.ENSP00000479130,9606.ENSP00000290429,0.069,0,0,0,0.069,0,0.9,0.377,0.938
ACSF3,FASN,9606.ENSP00000479130,9606.ENSP00000304592,0.086,0.097,0,0,0.148,0.071,0.929,0.458,0.969
ACSF3,ALDH3A2,9606.ENSP00000479130,9606.ENSP00000345774,0.046,0,0,0,0.069,0.104,0.915,0.097,0.927
ACSF3,ALDH7A1,9606.ENSP00000479130,9606.ENSP00000387123,0.046,0,0,0,0.062,0.104,0.915,0.097,0.927
ACSL1,PNPLA3,9606.ENSP00000422607,9606.ENSP00000216180,0,0,0,0,0.101,0,0.6,0.315,0.732
ACSL1,DGAT2,9606.ENSP00000422607,9606.ENSP00000228027,0,0,0,0,0.33,0.058,0,0.633,0.748
ACSL1,SLC27A1,9606.ENSP00000422607,9606.ENSP00000252595,0.053,0,0,0,0.06,0,0.216,0.806,0.847
ACSL1,SCARB1,9606.ENSP00000422607,9606.ENSP00000261693,0,0,0,0,0.076,0,0,0.808,0.815
ACSL1,SLC27A5,9606.ENSP00000422607,9606.ENSP00000263093,0,0,0,0,0.054,0.095,0,0.749,0.766
ACSL1,MGLL,9606.ENSP00000422607,9606.ENSP00000265052,0.048,0,0,0,0.061,0,0.8,0.426,0.883
ACSL1,CPT1A,9606.ENSP00000422607,9606.ENSP00000265641,0,0,0,0,0.055,0,0.65,0.932,0.975
ACSL1,SLC27A2,9606.ENSP00000422607,9606.ENSP00000267842,0,0,0,0,0.059,0.095,0,0.885,0.894
ACSL1,SLC27A3,9606.ENSP00000422607,9606.ENSP00000271857,0,0,0,0,0.07,0.095,0,0.736,0.758
ACSL1,PLIN2,9606.ENSP00000422607,9606.ENSP00000276914,0,0,0,0,0.069,0.071,0,0.743,0.758
ACSL1,PPARG,9606.ENSP00000422607,9606.ENSP00000287820,0,0,0,0,0.06,0.046,0,0.739,0.745
ACSL1,FABP1,9606.ENSP00000422607,9606.ENSP00000295834,0,0,0,0,0.106,0,0.5,0.438,0.726
ACSL1,LIPC,9606.ENSP00000422607,9606.ENSP00000299022,0,0,0,0,0,0.051,0.6,0.278,0.702
ACSL1,FASN,9606.ENSP00000422607,9606.ENSP00000304592,0.057,0,0,0,0.05,0.188,0.9,0.79,0.981
ACSL1,PNPLA2,9606.ENSP00000422607,9606.ENSP00000337701,0,0,0,0,0.088,0,0.6,0.573,0.83
ACSL1,ACSL4,9606.ENSP00000422607,9606.ENSP00000339787,0,0,0.143,0.775,0.082,0.066,0.6,0.34,0.77
ACSL1,ACSL3,9606.ENSP00000422607,9606.ENSP00000350012,0,0,0.14,0.783,0.095,0.066,0.6,0.59,0.859
ACSL1,PPT2,9606.ENSP00000422607,9606.ENSP00000354608,0,0,0,0,0.055,0,0.8,0.279,0.851
ACSL1,HADHA,9606.ENSP00000422607,9606.ENSP00000370023,0.052,0,0,0,0.11,0.06,0.101,0.72,0.764
ACSL1,LIPF,9606.ENSP00000422607,9606.ENSP00000377900,0,0,0,0,0,0.071,0.645,0.17,0.703
ACSL1,CPT1B,9606.ENSP00000422607,9606.ENSP00000379011,0,0,0,0,0.055,0,0.65,0.549,0.837
ACSL1,PPARA,9606.ENSP00000422607,9606.ENSP00000385523,0,0,0,0,0,0.046,0.5,0.654,0.82
ACSL1,CD36,9606.ENSP00000422607,9606.ENSP00000415743,0,0,0,0,0.202,0,0,0.827,0.857
ACSL1,DGAT1,9606.ENSP00000422607,9606.ENSP00000482264,0,0,0,0,0.058,0,0,0.851,0.854
ACSL1,PPT1,9606.ENSP00000422607,9606.ENSP00000493153,0,0,0,0,0.114,0,0.8,0.26,0.857
ACSL1,LPL,9606.ENSP00000422607,9606.ENSP00000497642,0,0,0,0,0.083,0,0.8,0.642,0.928
ACSL3,PNPLA3,9606.ENSP00000350012,9606.ENSP00000216180,0,0,0,0,0.092,0,0.6,0.316,0.73
ACSL3,MGLL,9606.ENSP00000350012,9606.ENSP00000265052,0.048,0,0,0,0.043,0,0.8,0.353,0.866
ACSL3,CPT1A,9606.ENSP00000350012,9606.ENSP00000265641,0,0,0,0,0.062,0,0.65,0.874,0.955
ACSL3,SLC27A2,9606.ENSP00000350012,9606.ENSP00000267842,0,0,0,0,0.061,0.106,0,0.673,0.701
ACSL3,FASN,9606.ENSP00000350012,9606.ENSP00000304592,0.057,0,0,0,0.08,0.059,0.9,0.631,0.964
ACSL3,PNPLA2,9606.ENSP00000350012,9606.ENSP00000337701,0,0,0,0,0.074,0,0.6,0.433,0.772
ACSL3,ACSL4,9606.ENSP00000350012,9606.ENSP00000339787,0,0,0.055,0.971,0.063,0.42,0.6,0.062,0.772
ACSL3,ACSL5,9606.ENSP00000350012,9606.ENSP00000348429,0,0,0.143,0.778,0.057,0.066,0.6,0.261,0.736
ACSL3,ACSL6,9606.ENSP00000350012,9606.ENSP00000498260,0,0,0.147,0.767,0.057,0.066,0.6,0.239,0.729
ACSL3,CPT1B,9606.ENSP00000350012,9606.ENSP00000379011,0,0,0,0,0.062,0,0.65,0.403,0.787
ACSL3,PPT1,9606.ENSP00000350012,9606.ENSP00000493153,0,0,0,0,0.055,0,0.8,0.228,0.841
ACSL3,PPT2,9606.ENSP00000350012,9606.ENSP00000354608,0,0,0,0,0.055,0,0.8,0.262,0.848
ACSL3,DGAT1,9606.ENSP00000350012,9606.ENSP00000482264,0,0,0,0,0.045,0,0,0.867,0.867
ACSL3,LPL,9606.ENSP00000350012,9606.ENSP00000497642,0,0,0,0,0.044,0,0.8,0.588,0.914
ACSL4,PNPLA3,9606.ENSP00000339787,9606.ENSP00000216180,0,0,0,0,0.074,0,0.6,0.285,0.712
ACSL4,LPCAT3,9606.ENSP00000339787,9606.ENSP00000261407,0,0,0,0,0.042,0,0,0.823,0.823
ACSL4,MGLL,9606.ENSP00000339787,9606.ENSP00000265052,0.048,0,0,0,0.049,0,0.8,0.357,0.868
ACSL4,CPT1A,9606.ENSP00000339787,9606.ENSP00000265641,0,0,0,0,0.066,0,0.65,0.873,0.954
ACSL4,SLC27A2,9606.ENSP00000339787,9606.ENSP00000267842,0,0,0,0,0,0.106,0,0.827,0.839
ACSL4,FASN,9606.ENSP00000339787,9606.ENSP00000304592,0.057,0,0,0,0.06,0,0.9,0.694,0.969
ACSL4,PNPLA2,9606.ENSP00000339787,9606.ENSP00000337701,0,0,0,0,0.074,0,0.6,0.371,0.746
ACSL4,ACSL6,9606.ENSP00000339787,9606.ENSP00000498260,0,0,0.146,0.767,0.057,0.066,0.6,0.245,0.731
ACSL4,ACSL5,9606.ENSP00000339787,9606.ENSP00000348429,0,0,0.145,0.772,0.057,0.066,0.6,0.267,0.739
ACSL4,CPT1B,9606.ENSP00000339787,9606.ENSP00000379011,0,0,0,0,0.066,0,0.65,0.308,0.754
ACSL4,DGAT1,9606.ENSP00000339787,9606.ENSP00000482264,0,0,0,0,0.045,0,0,0.819,0.819
ACSL4,GPX4,9606.ENSP00000339787,9606.ENSP00000346103,0,0,0,0,0.042,0,0,0.834,0.834
ACSL4,PPT1,9606.ENSP00000339787,9606.ENSP00000493153,0,0,0,0,0.055,0,0.8,0.245,0.845
ACSL4,PPT2,9606.ENSP00000339787,9606.ENSP00000354608,0,0,0,0,0.055,0,0.8,0.278,0.851
ACSL4,LPL,9606.ENSP00000339787,9606.ENSP00000497642,0,0,0,0,0,0,0.8,0.549,0.905
ACSL5,PNPLA3,9606.ENSP00000348429,9606.ENSP00000216180,0,0,0,0,0.086,0,0.6,0.336,0.736
ACSL5,DGAT2,9606.ENSP00000348429,9606.ENSP00000228027,0,0,0,0,0.074,0.058,0,0.815,0.824
ACSL5,SLC27A1,9606.ENSP00000348429,9606.ENSP00000252595,0.053,0,0,0,0.06,0,0.216,0.724,0.782
ACSL5,LIPG,9606.ENSP00000348429,9606.ENSP00000261292,0,0,0,0,0.049,0.051,0.6,0.477,0.785
ACSL5,MGLL,9606.ENSP00000348429,9606.ENSP00000265052,0.048,0,0,0,0.074,0,0.8,0.337,0.867
ACSL5,CPT1A,9606.ENSP00000348429,9606.ENSP00000265641,0,0,0,0,0.072,0,0.65,0.873,0.955
ACSL5,LIPC,9606.ENSP00000348429,9606.ENSP00000299022,0,0,0,0,0.044,0.051,0.6,0.473,0.783
ACSL5,FASN,9606.ENSP00000348429,9606.ENSP00000304592,0.057,0,0,0,0,0,0.9,0.557,0.954
ACSL5,PNPLA2,9606.ENSP00000348429,9606.ENSP00000337701,0,0,0,0,0.104,0,0.6,0.364,0.752
ACSL5,CPT1B,9606.ENSP00000348429,9606.ENSP00000379011,0,0,0,0,0.055,0,0.65,0.383,0.778
ACSL5,DGAT1,9606.ENSP00000348429,9606.ENSP00000482264,0,0,0,0,0.068,0,0,0.832,0.836
ACSL5,PPT2,9606.ENSP00000348429,9606.ENSP00000354608,0,0,0,0,0.055,0,0.8,0.258,0.847
ACSL5,PPT1,9606.ENSP00000348429,9606.ENSP00000493153,0,0,0,0,0.055,0,0.8,0.294,0.855
ACSL5,LPL,9606.ENSP00000348429,9606.ENSP00000497642,0,0,0,0,0,0,0.8,0.547,0.905
ACSL6,PNPLA3,9606.ENSP00000498260,9606.ENSP00000216180,0,0,0,0,0.086,0,0.6,0.287,0.716
ACSL6,PHYH,9606.ENSP00000498260,9606.ENSP00000263038,0,0,0,0,0.074,0.095,0,0.689,0.717
ACSL6,MGLL,9606.ENSP00000498260,9606.ENSP00000265052,0.048,0,0,0,0,0,0.8,0.259,0.846
ACSL6,CPT1A,9606.ENSP00000498260,9606.ENSP00000265641,0,0,0,0,0.055,0,0.65,0.852,0.946
ACSL6,FASN,9606.ENSP00000498260,9606.ENSP00000304592,0.057,0,0,0,0,0,0.9,0.494,0.948
ACSL6,PNPLA2,9606.ENSP00000498260,9606.ENSP00000337701,0,0,0,0,0.074,0,0.6,0.299,0.717
ACSL6,PPT2,9606.ENSP00000498260,9606.ENSP00000354608,0,0,0,0,0.055,0,0.8,0.272,0.85
ACSL6,CPT1B,9606.ENSP00000498260,9606.ENSP00000379011,0,0,0,0,0.055,0,0.65,0.295,0.746
ACSL6,DGAT1,9606.ENSP00000498260,9606.ENSP00000482264,0,0,0,0,0.051,0,0,0.821,0.823
ACSL6,PPT1,9606.ENSP00000498260,9606.ENSP00000493153,0,0,0,0,0.055,0,0.8,0.258,0.847
ACSL6,LPL,9606.ENSP00000498260,9606.ENSP00000497642,0,0,0,0,0,0,0.8,0.519,0.899
ACSM3,EHHADH,9606.ENSP00000289416,9606.ENSP00000231887,0.045,0,0,0,0.211,0,0.188,0.642,0.752
ACSS3,EHHADH,9606.ENSP00000449535,9606.ENSP00000231887,0.045,0,0,0,0.211,0,0.83,0.267,0.894
ACSS3,HADHB,9606.ENSP00000449535,9606.ENSP00000325136,0.055,0,0,0,0.255,0,0.836,0.32,0.911
ACSS3,ALDH3A2,9606.ENSP00000449535,9606.ENSP00000345774,0.041,0,0,0,0.213,0.051,0.83,0.323,0.902
ACSS3,PCCA,9606.ENSP00000449535,9606.ENSP00000365462,0.057,0,0,0,0.088,0,0.9,0.41,0.942
ACSS3,ALDH7A1,9606.ENSP00000449535,9606.ENSP00000387123,0.041,0,0,0,0.221,0.051,0.83,0.092,0.87
ACSS3,PCCB,9606.ENSP00000449535,9606.ENSP00000419027,0.06,0,0,0,0.096,0,0.907,0.357,0.942
AGK,MOGAT2,9606.ENSP00000497280,9606.ENSP00000198801,0,0,0,0,0,0,0.9,0.093,0.905
AGK,PNPLA3,9606.ENSP00000497280,9606.ENSP00000216180,0,0,0,0,0.044,0,0.9,0,0.9
AGK,MOGAT3,9606.ENSP00000497280,9606.ENSP00000223114,0,0,0,0,0,0,0.9,0.167,0.913
AGK,LIPG,9606.ENSP00000497280,9606.ENSP00000261292,0,0,0,0,0,0.062,0.9,0,0.902
AGK,GPAT3,9606.ENSP00000497280,9606.ENSP00000264409,0.046,0,0,0,0,0,0.9,0.179,0.914
AGK,MGLL,9606.ENSP00000497280,9606.ENSP00000265052,0.059,0,0,0,0.042,0,0.9,0.239,0.922
AGK,GPAM,9606.ENSP00000497280,9606.ENSP00000265276,0,0,0,0,0,0,0.9,0.15,0.911
AGK,AGPAT5,9606.ENSP00000497280,9606.ENSP00000285518,0.046,0,0,0,0.106,0,0.9,0.081,0.911
AGK,AGPAT3,9606.ENSP00000497280,9606.ENSP00000291572,0.046,0,0,0,0.083,0,0.9,0.158,0.916
AGK,LIPC,9606.ENSP00000497280,9606.ENSP00000299022,0,0,0,0,0,0.062,0.9,0,0.902
AGK,MBOAT2,9606.ENSP00000497280,9606.ENSP00000302177,0,0,0,0,0,0,0.9,0.199,0.916
AGK,LCLAT1,9606.ENSP00000497280,9606.ENSP00000310551,0.046,0,0,0,0.076,0,0.9,0.209,0.921
AGK,AGPAT4,9606.ENSP00000497280,9606.ENSP00000314036,0.046,0,0,0,0.068,0,0.9,0.1,0.909
AGK,MBOAT1,9606.ENSP00000497280,9606.ENSP00000324944,0.042,0,0,0,0,0,0.9,0,0.9
AGK,PNPLA2,9606.ENSP00000497280,9606.ENSP00000337701,0,0,0,0,0.044,0,0.9,0.141,0.91
AGK,PNLIP,9606.ENSP00000497280,9606.ENSP00000358223,0,0,0,0,0,0.062,0.9,0,0.902
AGK,PNLIPRP3,9606.ENSP00000497280,9606.ENSP00000358232,0,0,0,0,0,0.062,0.9,0,0.902
AGK,AGPAT2,9606.ENSP00000497280,9606.ENSP00000360761,0.046,0,0,0,0,0,0.9,0.211,0.918
AGK,LIPF,9606.ENSP00000497280,9606.ENSP00000377900,0,0,0,0,0,0,0.9,0.1,0.906
AGK,AGPAT1,9606.ENSP00000497280,9606.ENSP00000378877,0.046,0,0,0,0,0,0.9,0.093,0.905
AGK,GPAT4,9606.ENSP00000497280,9606.ENSP00000380184,0.046,0,0,0,0,0,0.9,0.114,0.908
AGK,GPAT2,9606.ENSP00000497280,9606.ENSP00000389395,0,0,0,0,0,0,0.9,0.111,0.907
AGK,MOGAT1,9606.ENSP00000497280,9606.ENSP00000406674,0,0,0,0,0,0,0.9,0.081,0.904
AGK,PNLIPRP1,9606.ENSP00000497280,9606.ENSP00000433933,0,0,0,0,0,0.062,0.9,0,0.902
AGK,CEL,9606.ENSP00000497280,9606.ENSP00000501111,0,0,0,0,0.047,0,0.9,0.068,0.903
AGPAT1,LPIN2,9606.ENSP00000378877,9606.ENSP00000261596,0,0,0,0,0,0,0.65,0.51,0.821
AGPAT1,PLD2,9606.ENSP00000378877,9606.ENSP00000263088,0.052,0,0,0,0.054,0,0.65,0.293,0.748
AGPAT1,GPAT3,9606.ENSP00000378877,9606.ENSP00000264409,0,0,0,0,0.062,0,0.65,0.694,0.891
AGPAT1,GPAM,9606.ENSP00000378877,9606.ENSP00000265276,0.056,0,0,0,0.103,0,0.714,0.755,0.932
AGPAT1,GPD1L,9606.ENSP00000378877,9606.ENSP00000282541,0.057,0,0,0,0.042,0,0.844,0.218,0.875
AGPAT1,AGPAT5,9606.ENSP00000378877,9606.ENSP00000285518,0,0,0,0,0,0,0.9,0.667,0.965
AGPAT1,AGPAT3,9606.ENSP00000378877,9606.ENSP00000291572,0,0,0,0,0.059,0,0.9,0.802,0.979
AGPAT1,CDS1,9606.ENSP00000378877,9606.ENSP00000295887,0,0,0,0,0,0,0.955,0.349,0.969
AGPAT1,GPD1,9606.ENSP00000378877,9606.ENSP00000301149,0.057,0,0,0,0,0,0.844,0.272,0.883
AGPAT1,MBOAT2,9606.ENSP00000378877,9606.ENSP00000302177,0,0,0,0,0.092,0.431,0.9,0.571,0.974
AGPAT1,GPD2,9606.ENSP00000378877,9606.ENSP00000308610,0.057,0,0,0,0.055,0,0.8,0.201,0.838
AGPAT1,LCLAT1,9606.ENSP00000378877,9606.ENSP00000310551,0,0,0,0,0.044,0,0.9,0.505,0.948
AGPAT1,AGPAT4,9606.ENSP00000378877,9606.ENSP00000314036,0,0,0,0,0,0,0.9,0.751,0.974
AGPAT1,MBOAT1,9606.ENSP00000378877,9606.ENSP00000324944,0.054,0,0,0,0.059,0,0.9,0.395,0.938
AGPAT1,PLD1,9606.ENSP00000378877,9606.ENSP00000342793,0.052,0,0,0,0.054,0,0.65,0.224,0.723
AGPAT1,GNPAT,9606.ENSP00000378877,9606.ENSP00000355607,0.056,0,0,0,0.117,0,0.836,0.372,0.903
AGPAT1,AGPAT2,9606.ENSP00000378877,9606.ENSP00000360761,0,0,0.077,0.926,0.048,0,0.9,0.108,0.911
AGPAT1,DGAT1,9606.ENSP00000378877,9606.ENSP00000482264,0,0,0,0,0.073,0,0,0.802,0.809
AGPAT1,LPIN3,9606.ENSP00000378877,9606.ENSP00000487971,0,0,0,0,0,0,0.65,0.503,0.818
AGPAT1,LPIN1,9606.ENSP00000378877,9606.ENSP00000397908,0,0,0,0,0,0,0.65,0.546,0.834
AGPAT1,GPAT2,9606.ENSP00000378877,9606.ENSP00000389395,0.056,0,0,0,0.103,0,0.714,0.609,0.892
AGPAT1,GPAT4,9606.ENSP00000378877,9606.ENSP00000380184,0,0,0,0,0.062,0,0.65,0.772,0.918
AGPAT1,CDS2,9606.ENSP00000378877,9606.ENSP00000419879,0,0,0,0,0.048,0,0.955,0.416,0.973
AGPAT2,DGAT2,9606.ENSP00000360761,9606.ENSP00000228027,0,0.036,0,0,0.172,0.071,0,0.649,0.707
AGPAT2,LPIN2,9606.ENSP00000360761,9606.ENSP00000261596,0,0,0,0,0,0,0.65,0.532,0.829
AGPAT2,LPCAT2,9606.ENSP00000360761,9606.ENSP00000262134,0,0,0,0,0,0,0,0.878,0.878
AGPAT2,PLD2,9606.ENSP00000360761,9606.ENSP00000263088,0.052,0,0,0,0.075,0,0.65,0.183,0.715
AGPAT2,GPAT3,9606.ENSP00000360761,9606.ENSP00000264409,0,0,0,0,0.064,0,0.65,0.75,0.911
AGPAT2,GPAM,9606.ENSP00000360761,9606.ENSP00000265276,0.056,0,0,0,0.127,0,0.714,0.723,0.926
AGPAT2,GPD1L,9606.ENSP00000360761,9606.ENSP00000282541,0.057,0,0,0,0,0,0.844,0.184,0.869
AGPAT2,AGPAT5,9606.ENSP00000360761,9606.ENSP00000285518,0,0,0,0,0,0,0.9,0.641,0.962
AGPAT2,AGPAT3,9606.ENSP00000360761,9606.ENSP00000291572,0,0,0,0,0.055,0,0.9,0.717,0.97
AGPAT2,CDS1,9606.ENSP00000360761,9606.ENSP00000295887,0,0,0,0,0,0,0.955,0.214,0.963
AGPAT2,GPD1,9606.ENSP00000360761,9606.ENSP00000301149,0.057,0,0,0,0.099,0,0.844,0.364,0.904
AGPAT2,MBOAT2,9606.ENSP00000360761,9606.ENSP00000302177,0,0,0,0,0.086,0.431,0.9,0.646,0.979
AGPAT2,GPD2,9606.ENSP00000360761,9606.ENSP00000308610,0.057,0,0,0,0.055,0,0.8,0.175,0.833
AGPAT2,LCLAT1,9606.ENSP00000360761,9606.ENSP00000310551,0,0,0,0,0,0,0.9,0.457,0.943
AGPAT2,AGPAT4,9606.ENSP00000360761,9606.ENSP00000314036,0,0,0,0,0,0,0.9,0.666,0.965
AGPAT2,MBOAT1,9606.ENSP00000360761,9606.ENSP00000324944,0.054,0,0,0,0.1,0,0.9,0.292,0.931
AGPAT2,CAV1,9606.ENSP00000360761,9606.ENSP00000339191,0,0,0,0,0.059,0,0,0.842,0.844
AGPAT2,PLD1,9606.ENSP00000360761,9606.ENSP00000342793,0.052,0,0,0,0.054,0,0.65,0.258,0.736
AGPAT2,GNPAT,9606.ENSP00000360761,9606.ENSP00000355607,0.056,0,0,0,0.103,0,0.836,0.393,0.905
AGPAT2,LPIN3,9606.ENSP00000360761,9606.ENSP00000487971,0,0,0,0,0.043,0,0.65,0.589,0.85
AGPAT2,GPAT2,9606.ENSP00000360761,9606.ENSP00000389395,0.056,0,0,0,0.103,0,0.714,0.595,0.889
AGPAT2,GPAT4,9606.ENSP00000360761,9606.ENSP00000380184,0,0,0,0,0.074,0,0.65,0.723,0.902
AGPAT2,LPIN1,9606.ENSP00000360761,9606.ENSP00000397908,0,0,0,0,0,0,0.65,0.803,0.928
AGPAT2,CDS2,9606.ENSP00000360761,9606.ENSP00000419879,0,0,0,0,0,0,0.955,0.263,0.966
AGPAT3,MBOAT7,9606.ENSP00000291572,9606.ENSP00000245615,0,0,0,0,0.044,0,0.9,0.34,0.931
AGPAT3,LPIN2,9606.ENSP00000291572,9606.ENSP00000261596,0,0,0,0,0.049,0,0.65,0.437,0.796
AGPAT3,PLD2,9606.ENSP00000291572,9606.ENSP00000263088,0.052,0,0,0,0.054,0,0.65,0.26,0.736
AGPAT3,GPAT3,9606.ENSP00000291572,9606.ENSP00000264409,0,0,0,0,0,0,0.65,0.693,0.887
AGPAT3,GPAM,9606.ENSP00000291572,9606.ENSP00000265276,0.056,0,0,0,0.103,0,0.714,0.681,0.912
AGPAT3,GPD1L,9606.ENSP00000291572,9606.ENSP00000282541,0.057,0,0,0,0.073,0,0.844,0.136,0.866
AGPAT3,AGPAT5,9606.ENSP00000291572,9606.ENSP00000285518,0,0,0,0.634,0.049,0,0.9,0.316,0.929
AGPAT3,LPIN1,9606.ENSP00000291572,9606.ENSP00000397908,0,0,0,0,0.049,0,0.65,0.46,0.804
AGPAT3,LPIN3,9606.ENSP00000291572,9606.ENSP00000487971,0,0,0,0,0,0,0.65,0.571,0.843
AGPAT3,GPAT2,9606.ENSP00000291572,9606.ENSP00000389395,0.056,0,0,0,0.103,0,0.714,0.478,0.857
AGPAT3,GPD2,9606.ENSP00000291572,9606.ENSP00000308610,0.057,0,0,0,0.093,0,0.8,0.345,0.873
AGPAT3,GPD1,9606.ENSP00000291572,9606.ENSP00000301149,0.057,0,0,0,0.055,0,0.844,0.319,0.892
AGPAT3,GPAT4,9606.ENSP00000291572,9606.ENSP00000380184,0,0,0,0,0.074,0,0.65,0.735,0.906
AGPAT3,GNPAT,9606.ENSP00000291572,9606.ENSP00000355607,0.056,0,0,0,0.11,0,0.836,0.42,0.91
AGPAT3,LCLAT1,9606.ENSP00000291572,9606.ENSP00000310551,0,0,0,0.658,0.042,0,0.9,0.18,0.914
AGPAT3,MBOAT1,9606.ENSP00000291572,9606.ENSP00000324944,0.054,0,0,0,0,0,0.9,0.245,0.922
AGPAT3,AGPAT4,9606.ENSP00000291572,9606.ENSP00000314036,0,0,0.057,0.966,0,0,0.9,0.388,0.937
AGPAT3,CDS1,9606.ENSP00000291572,9606.ENSP00000295887,0,0,0,0,0,0,0.922,0.246,0.938
AGPAT3,CDS2,9606.ENSP00000291572,9606.ENSP00000419879,0,0,0,0,0,0,0.922,0.255,0.939
AGPAT3,MBOAT2,9606.ENSP00000291572,9606.ENSP00000302177,0,0,0,0,0.091,0.169,0.9,0.529,0.959
AGPAT4,MBOAT7,9606.ENSP00000314036,9606.ENSP00000245615,0,0,0,0,0,0,0.9,0.192,0.915
AGPAT4,LPIN2,9606.ENSP00000314036,9606.ENSP00000261596,0,0,0,0,0,0,0.65,0.459,0.802
AGPAT4,PLD2,9606.ENSP00000314036,9606.ENSP00000263088,0.052,0,0,0,0.066,0,0.65,0.174,0.71
AGPAT4,GPAT3,9606.ENSP00000314036,9606.ENSP00000264409,0,0,0,0,0,0,0.65,0.709,0.893
AGPAT4,GPAM,9606.ENSP00000314036,9606.ENSP00000265276,0.056,0,0,0,0.103,0,0.714,0.675,0.911
AGPAT4,GPD1L,9606.ENSP00000314036,9606.ENSP00000282541,0.057,0,0,0,0.055,0,0.844,0.136,0.864
AGPAT4,AGPAT5,9606.ENSP00000314036,9606.ENSP00000285518,0,0,0,0.649,0,0,0.9,0.284,0.925
AGPAT4,CDS1,9606.ENSP00000314036,9606.ENSP00000295887,0,0,0,0,0,0,0.922,0.148,0.93
AGPAT4,GPD1,9606.ENSP00000314036,9606.ENSP00000301149,0.057,0,0,0,0.055,0,0.844,0.136,0.864
AGPAT4,MBOAT2,9606.ENSP00000314036,9606.ENSP00000302177,0,0,0,0,0.091,0.169,0.9,0.483,0.955
AGPAT4,GPD2,9606.ENSP00000314036,9606.ENSP00000308610,0.057,0,0,0,0.069,0,0.8,0.164,0.833
AGPAT4,LCLAT1,9606.ENSP00000314036,9606.ENSP00000310551,0,0,0,0.65,0,0,0.9,0.148,0.911
AGPAT4,LPIN1,9606.ENSP00000314036,9606.ENSP00000397908,0,0,0,0,0.043,0,0.65,0.477,0.809
AGPAT4,LPIN3,9606.ENSP00000314036,9606.ENSP00000487971,0,0,0,0,0,0,0.65,0.575,0.845
AGPAT4,GPAT4,9606.ENSP00000314036,9606.ENSP00000380184,0,0,0,0,0.049,0,0.65,0.669,0.88
AGPAT4,GNPAT,9606.ENSP00000314036,9606.ENSP00000355607,0.056,0,0,0,0.103,0,0.836,0.295,0.889
AGPAT4,GPAT2,9606.ENSP00000314036,9606.ENSP00000389395,0.056,0,0,0,0.105,0,0.714,0.613,0.894
AGPAT4,CDS2,9606.ENSP00000314036,9606.ENSP00000419879,0,0,0,0,0,0,0.922,0.116,0.928
AGPAT4,MBOAT1,9606.ENSP00000314036,9606.ENSP00000324944,0.054,0,0,0,0,0,0.9,0.462,0.944
AGPAT5,LPIN2,9606.ENSP00000285518,9606.ENSP00000261596,0,0,0,0,0,0,0.65,0.345,0.761
AGPAT5,GPAT3,9606.ENSP00000285518,9606.ENSP00000264409,0,0,0,0,0,0,0.65,0.672,0.88
AGPAT5,GPAM,9606.ENSP00000285518,9606.ENSP00000265276,0.056,0,0,0,0.108,0,0.714,0.557,0.879
AGPAT5,GPD1L,9606.ENSP00000285518,9606.ENSP00000282541,0.057,0,0,0,0.06,0,0.844,0.136,0.864
AGPAT5,LPIN1,9606.ENSP00000285518,9606.ENSP00000397908,0,0,0,0,0,0,0.65,0.343,0.76
AGPAT5,LPIN3,9606.ENSP00000285518,9606.ENSP00000487971,0,0,0,0,0,0,0.65,0.357,0.765
AGPAT5,GPD1,9606.ENSP00000285518,9606.ENSP00000301149,0.057,0,0,0,0.055,0,0.844,0.136,0.864
AGPAT5,GPAT4,9606.ENSP00000285518,9606.ENSP00000380184,0,0,0,0,0,0,0.65,0.667,0.878
AGPAT5,GPD2,9606.ENSP00000285518,9606.ENSP00000308610,0.057,0,0,0,0.069,0,0.8,0.389,0.878
AGPAT5,GNPAT,9606.ENSP00000285518,9606.ENSP00000355607,0.056,0,0,0,0.116,0,0.836,0.342,0.898
AGPAT5,GPAT2,9606.ENSP00000285518,9606.ENSP00000389395,0.056,0,0,0,0.103,0,0.714,0.652,0.904
AGPAT5,LCLAT1,9606.ENSP00000285518,9606.ENSP00000310551,0,0,0,0.677,0.056,0,0.9,0.171,0.914
AGPAT5,MBOAT1,9606.ENSP00000285518,9606.ENSP00000324944,0.054,0,0,0,0,0,0.9,0.305,0.928
AGPAT5,CDS2,9606.ENSP00000285518,9606.ENSP00000419879,0,0,0,0,0.042,0,0.922,0.149,0.93
AGPAT5,CDS1,9606.ENSP00000285518,9606.ENSP00000295887,0,0,0,0,0,0,0.922,0.243,0.938
AGPAT5,MBOAT2,9606.ENSP00000285518,9606.ENSP00000302177,0,0,0,0,0.091,0.169,0.9,0.426,0.95
AGPS,PHYH,9606.ENSP00000264167,9606.ENSP00000263038,0,0,0,0,0.072,0.211,0.5,0.711,0.88
AGPS,FAR2,9606.ENSP00000264167,9606.ENSP00000443291,0.057,0,0,0,0.088,0,0,0.709,0.728
AGPS,SCP2,9606.ENSP00000264167,9606.ENSP00000360569,0,0,0,0,0.079,0.599,0,0.574,0.829
AGPS,FAR1,9606.ENSP00000264167,9606.ENSP00000346874,0.057,0,0,0,0.081,0,0,0.84,0.849
AGPS,GNPAT,9606.ENSP00000264167,9606.ENSP00000355607,0,0,0,0,0.067,0.447,0.827,0.979,0.997
AGT,APOE,9606.ENSP00000355627,9606.ENSP00000252486,0,0,0,0,0.152,0,0,0.834,0.853
AGT,FABP1,9606.ENSP00000355627,9606.ENSP00000295834,0,0,0,0,0.226,0,0.5,0.359,0.73
AGT,ALB,9606.ENSP00000355627,9606.ENSP00000295897,0,0,0,0,0.247,0.051,0,0.831,0.868
AGT,CYP11B2,9606.ENSP00000355627,9606.ENSP00000325822,0,0,0,0,0.061,0,0,0.897,0.899
AGT,FURIN,9606.ENSP00000355627,9606.ENSP00000483552,0,0,0,0,0.062,0,0,0.701,0.708
AGT,CCN2,9606.ENSP00000355627,9606.ENSP00000356954,0,0,0,0,0.085,0,0,0.727,0.74
AGT,PPARA,9606.ENSP00000355627,9606.ENSP00000385523,0,0,0,0,0,0.045,0.5,0.553,0.767
AGT,POMC,9606.ENSP00000355627,9606.ENSP00000384092,0,0,0,0,0,0,0.5,0.785,0.887
AHR,NCOA1,9606.ENSP00000242057,9606.ENSP00000385216,0,0,0,0.553,0.091,0.643,0,0.153,0.702
AHR,NCOA2,9606.ENSP00000242057,9606.ENSP00000399968,0,0,0,0.553,0.091,0.643,0,0.163,0.705
AHR,CYP1B1,9606.ENSP00000242057,9606.ENSP00000478561,0,0,0,0,0.094,0.226,0,0.69,0.763
AHR,ARNTL,9606.ENSP00000242057,9606.ENSP00000384517,0,0,0,0.578,0.098,0.485,0.54,0.141,0.792
AHR,CYP1A2,9606.ENSP00000242057,9606.ENSP00000342007,0,0,0,0,0.055,0,0,0.864,0.866
AHR,PTGES3,9606.ENSP00000242057,9606.ENSP00000482075,0,0,0,0,0.043,0.544,0.8,0.077,0.908
AHR,ARNT2,9606.ENSP00000242057,9606.ENSP00000307479,0,0,0,0.556,0.109,0.692,0.7,0.359,0.94
AHR,CYP1A1,9606.ENSP00000242057,9606.ENSP00000378488,0,0,0,0,0.055,0,0.4,0.957,0.973
AHR,ARNT,9606.ENSP00000242057,9606.ENSP00000351407,0,0,0,0.554,0.109,0.996,0.8,0.495,0.999
AHRR,ARNT2,9606.ENSP00000323816,9606.ENSP00000307479,0,0,0,0.554,0.091,0.303,0.7,0.277,0.844
AHRR,ARNTL,9606.ENSP00000323816,9606.ENSP00000384517,0,0,0,0.562,0.091,0.303,0.54,0.193,0.733
AHRR,CYP1B1,9606.ENSP00000323816,9606.ENSP00000478561,0,0,0,0,0.063,0,0,0.746,0.752
AHRR,ARNT,9606.ENSP00000323816,9606.ENSP00000351407,0,0,0,0.556,0.091,0.485,0.7,0.339,0.894
AHRR,CYP1A1,9606.ENSP00000323816,9606.ENSP00000378488,0,0,0,0,0.074,0,0.4,0.891,0.934
AKR1B1,GLA,9606.ENSP00000285930,9606.ENSP00000218516,0,0,0,0,0.086,0,0.9,0.079,0.908
AKR1B1,MGLL,9606.ENSP00000285930,9606.ENSP00000265052,0,0,0,0,0.069,0,0.9,0.132,0.912
AKR1B1,GLB1,9606.ENSP00000285930,9606.ENSP00000306920,0.042,0,0,0,0.069,0,0.9,0,0.903
AKR1B1,AKR1C3,9606.ENSP00000285930,9606.ENSP00000369927,0,0,0.071,0.938,0.08,0,0.9,0.088,0.911
AKR1B1,GK2,9606.ENSP00000285930,9606.ENSP00000351706,0,0,0,0,0.061,0,0.9,0.253,0.923
AKR1B1,GK,9606.ENSP00000285930,9606.ENSP00000401720,0,0,0,0,0.061,0,0.9,0.263,0.924
AKR1B1,ALDH7A1,9606.ENSP00000285930,9606.ENSP00000387123,0,0,0,0,0.089,0.069,0.91,0.264,0.936
AKR1B1,ALDH3A2,9606.ENSP00000285930,9606.ENSP00000345774,0,0,0,0,0.093,0.045,0.91,0.531,0.958
AKR1B1,CBR1,9606.ENSP00000285930,9606.ENSP00000290349,0,0,0,0,0.117,0.045,0.905,0.906,0.991
AKR1C1,AKR1D1,9606.ENSP00000370254,9606.ENSP00000242375,0,0,0.06,0.96,0.059,0.836,0.9,0.063,0.983
AKR1C1,SRD5A3,9606.ENSP00000370254,9606.ENSP00000264228,0,0,0,0,0.067,0,0.9,0.52,0.951
AKR1C1,SRD5A1,9606.ENSP00000370254,9606.ENSP00000274192,0,0,0,0,0.071,0,0.9,0.759,0.975
AKR1C1,CYP11B1,9606.ENSP00000370254,9606.ENSP00000292427,0,0,0,0,0.052,0,0.9,0.208,0.918
AKR1C1,CYP11B2,9606.ENSP00000370254,9606.ENSP00000325822,0,0,0,0,0.052,0,0.9,0.143,0.911
AKR1C1,HSD3B1,9606.ENSP00000370254,9606.ENSP00000358421,0,0,0,0,0.067,0,0.9,0.506,0.949
AKR1C1,CYP17A1,9606.ENSP00000370254,9606.ENSP00000358903,0,0,0,0,0.052,0.045,0.9,0.569,0.955
AKR1C1,AKR1C3,9606.ENSP00000370254,9606.ENSP00000369927,0,0,0.049,0.983,0.626,0.847,0.9,0.301,0.995
AKR1C1,AKR1C2,9606.ENSP00000370254,9606.ENSP00000370129,0,0,0.047,0.986,0.829,0.835,0.9,0.442,0.998
AKR1C1,CYP21A2,9606.ENSP00000370254,9606.ENSP00000496625,0,0,0,0,0.055,0.045,0.9,0.194,0.917
AKR1C1,CYP1A1,9606.ENSP00000370254,9606.ENSP00000378488,0,0,0,0,0.074,0.045,0.9,0.4,0.939
AKR1C1,HSD3B2,9606.ENSP00000370254,9606.ENSP00000445122,0,0,0,0,0.067,0,0.9,0.578,0.957
AKR1C2,SRD5A3,9606.ENSP00000370129,9606.ENSP00000264228,0,0,0,0,0.067,0,0.9,0.606,0.96
AKR1C2,SRD5A1,9606.ENSP00000370129,9606.ENSP00000274192,0,0,0,0,0.071,0,0.9,0.779,0.977
AKR1C2,HSD17B3,9606.ENSP00000370129,9606.ENSP00000364412,0,0,0,0,0.103,0,0,0.741,0.758
AKR1C2,AKR1C4,9606.ENSP00000370129,9606.ENSP00000369814,0,0,0.05,0.98,0.181,0.835,0,0.06,0.863
AKR1C2,AKR1C3,9606.ENSP00000370129,9606.ENSP00000369927,0,0,0.049,0.983,0.767,0.838,0.9,0.367,0.997
AKR1C3,HSD17B2,9606.ENSP00000369927,9606.ENSP00000199936,0,0,0,0,0.107,0,0.9,0.816,0.982
AKR1C3,STS,9606.ENSP00000369927,9606.ENSP00000217961,0,0,0,0,0.069,0,0.9,0.53,0.952
AKR1C3,HSD17B1,9606.ENSP00000369927,9606.ENSP00000225929,0,0,0,0,0.104,0.045,0.905,0.728,0.975
AKR1C3,AKR1D1,9606.ENSP00000369927,9606.ENSP00000242375,0,0,0.062,0.957,0.079,0.831,0.9,0.064,0.983
AKR1C3,SRD5A3,9606.ENSP00000369927,9606.ENSP00000264228,0,0,0,0,0.067,0,0.9,0.657,0.965
AKR1C3,SRD5A1,9606.ENSP00000369927,9606.ENSP00000274192,0,0,0,0,0.071,0,0.9,0.863,0.986
AKR1C3,CBR1,9606.ENSP00000369927,9606.ENSP00000290349,0,0,0,0,0.142,0.045,0.905,0.673,0.971
AKR1C3,CYP11B1,9606.ENSP00000369927,9606.ENSP00000292427,0,0,0,0,0.052,0,0.9,0.488,0.947
AKR1C3,HPGDS,9606.ENSP00000369927,9606.ENSP00000295256,0,0,0,0,0.053,0.071,0.9,0.365,0.936
AKR1C3,CYP7A1,9606.ENSP00000369927,9606.ENSP00000301645,0,0,0,0,0.074,0,0.9,0.131,0.912
AKR1C3,CYP11B2,9606.ENSP00000369927,9606.ENSP00000325822,0,0,0,0,0.052,0,0.9,0.38,0.936
AKR1C3,CYP1A2,9606.ENSP00000369927,9606.ENSP00000342007,0,0,0,0,0.097,0.045,0.9,0.224,0.924
AKR1C3,PTGES,9606.ENSP00000369927,9606.ENSP00000342385,0,0,0,0,0.064,0,0,0.704,0.711
AKR1C3,HSD3B1,9606.ENSP00000369927,9606.ENSP00000358421,0,0,0,0,0.067,0,0.9,0.714,0.971
AKR1C3,CYP17A1,9606.ENSP00000369927,9606.ENSP00000358903,0,0,0,0,0.052,0.045,0.9,0.804,0.979
AKR1C3,PTGDS,9606.ENSP00000369927,9606.ENSP00000360687,0,0,0,0,0.067,0.055,0.9,0.446,0.944
AKR1C3,HSD17B8,9606.ENSP00000369927,9606.ENSP00000363794,0,0,0,0,0.104,0.045,0.905,0.3,0.936
AKR1C3,HSD17B3,9606.ENSP00000369927,9606.ENSP00000364412,0,0,0,0,0.102,0,0.9,0.857,0.986
AKR1C3,AKR1C4,9606.ENSP00000369927,9606.ENSP00000369814,0,0,0.05,0.981,0.256,0.846,0,0.059,0.883
AKR1C3,CYP1A1,9606.ENSP00000369927,9606.ENSP00000378488,0,0,0,0,0.067,0.045,0.9,0.358,0.935
AKR1C3,CYP1B1,9606.ENSP00000369927,9606.ENSP00000478561,0,0,0,0,0.073,0.045,0.9,0.377,0.937
AKR1C3,CYP19A1,9606.ENSP00000369927,9606.ENSP00000379683,0,0,0,0,0.052,0,0.9,0.577,0.956
AKR1C3,HSD3B2,9606.ENSP00000369927,9606.ENSP00000445122,0,0,0,0,0.067,0,0.9,0.815,0.981
AKR1C4,AKR1D1,9606.ENSP00000369814,9606.ENSP00000242375,0,0,0.062,0.957,0.073,0,0.9,0.07,0.908
AKR1C4,CYP27A1,9606.ENSP00000369814,9606.ENSP00000258415,0,0,0,0,0.057,0,0.9,0.398,0.938
AKR1C4,SRD5A3,9606.ENSP00000369814,9606.ENSP00000264228,0,0,0,0,0.067,0,0.9,0.638,0.963
AKR1C4,SRD5A1,9606.ENSP00000369814,9606.ENSP00000274192,0,0,0,0,0.071,0,0.9,0.622,0.961
AKR1C4,CYP8B1,9606.ENSP00000369814,9606.ENSP00000318867,0,0,0,0,0.088,0,0.9,0.387,0.939
AKR1C4,HSD11B1,9606.ENSP00000369814,9606.ENSP00000355995,0,0,0,0,0.135,0.045,0.905,0.436,0.95
AKR1D1,HSD17B2,9606.ENSP00000242375,9606.ENSP00000199936,0,0,0,0,0.115,0,0.9,0.286,0.931
AKR1D1,BAAT,9606.ENSP00000242375,9606.ENSP00000259407,0.045,0,0,0,0.141,0,0,0.721,0.752
AKR1D1,AMACR,9606.ENSP00000242375,9606.ENSP00000371517,0,0,0,0,0.057,0,0,0.822,0.825
AKR1D1,CYP21A2,9606.ENSP00000242375,9606.ENSP00000496625,0,0,0,0,0.053,0.045,0.9,0.217,0.919
AKR1D1,CYP19A1,9606.ENSP00000242375,9606.ENSP00000379683,0,0,0,0,0.066,0,0.9,0.234,0.922
AKR1D1,HSD17B8,9606.ENSP00000242375,9606.ENSP00000363794,0,0,0,0,0.104,0.045,0.905,0.172,0.924
AKR1D1,CYP11B2,9606.ENSP00000242375,9606.ENSP00000325822,0,0,0,0,0.052,0,0.9,0.27,0.924
AKR1D1,HSD17B3,9606.ENSP00000242375,9606.ENSP00000364412,0,0,0,0,0.097,0,0.9,0.326,0.933
AKR1D1,CYP17A1,9606.ENSP00000242375,9606.ENSP00000358903,0,0,0,0,0.059,0.045,0.9,0.379,0.936
AKR1D1,HSD3B1,9606.ENSP00000242375,9606.ENSP00000358421,0,0,0,0,0.11,0,0.9,0.397,0.941
AKR1D1,SRD5A3,9606.ENSP00000242375,9606.ENSP00000264228,0,0,0,0,0.067,0,0.9,0.419,0.941
AKR1D1,HSD3B2,9606.ENSP00000242375,9606.ENSP00000445122,0,0,0,0,0.103,0,0.9,0.415,0.943
AKR1D1,CYP11B1,9606.ENSP00000242375,9606.ENSP00000292427,0,0,0,0,0.06,0,0.9,0.477,0.946
AKR1D1,CYP8B1,9606.ENSP00000242375,9606.ENSP00000318867,0,0,0,0,0.148,0,0.9,0.585,0.961
AKR1D1,HSD11B2,9606.ENSP00000242375,9606.ENSP00000316786,0,0,0,0,0.086,0,0.9,0.751,0.975
AKR1D1,HSD11B1,9606.ENSP00000242375,9606.ENSP00000355995,0,0,0,0,0.106,0.045,0.905,0.752,0.977
AKR1D1,SRD5A1,9606.ENSP00000242375,9606.ENSP00000274192,0,0,0,0,0.071,0,0.9,0.888,0.988
AKR1D1,HSD3B7,9606.ENSP00000242375,9606.ENSP00000297679,0,0,0,0,0.067,0,0.9,0.956,0.995
ALAS1,NR1D1,9606.ENSP00000378416,9606.ENSP00000246672,0,0,0,0,0.044,0,0,0.703,0.703
ALAS1,PPARGC1B,9606.ENSP00000378416,9606.ENSP00000312649,0,0,0,0,0.042,0,0.75,0.196,0.79
ALAS1,NPAS2,9606.ENSP00000378416,9606.ENSP00000338283,0,0,0,0,0,0,0,0.727,0.727
ALAS1,NRF1,9606.ENSP00000378416,9606.ENSP00000342351,0,0,0,0,0.049,0,0.75,0.165,0.784
ALAS1,SARDH,9606.ENSP00000378416,9606.ENSP00000360938,0.048,0,0,0,0.223,0,0.9,0.32,0.942
ALAS1,ESRRA,9606.ENSP00000378416,9606.ENSP00000384851,0,0,0,0,0.049,0,0.75,0.208,0.795
ALB,PON1,9606.ENSP00000295897,9606.ENSP00000222381,0,0,0,0,0.151,0,0,0.845,0.862
ALB,APOC3,9606.ENSP00000295897,9606.ENSP00000227667,0,0,0,0,0.661,0.077,0,0.744,0.912
ALB,APOB,9606.ENSP00000295897,9606.ENSP00000233242,0,0,0,0,0.459,0,0,0.914,0.951
ALB,APOA1,9606.ENSP00000295897,9606.ENSP00000236850,0,0,0,0,0.537,0.128,0.5,0.994,0.998
ALB,APOE,9606.ENSP00000295897,9606.ENSP00000252486,0,0,0,0,0.129,0.071,0,0.947,0.953
ALB,SCARB1,9606.ENSP00000295897,9606.ENSP00000261693,0,0,0,0,0.086,0,0,0.894,0.899
ALB,LCAT,9606.ENSP00000295897,9606.ENSP00000264005,0,0,0,0,0,0,0.5,0.445,0.71
ALB,BCHE,9606.ENSP00000295897,9606.ENSP00000264381,0,0,0,0,0.134,0,0,0.903,0.912
ALB,HMGCR,9606.ENSP00000295897,9606.ENSP00000287936,0,0,0,0,0.048,0,0,0.732,0.734
ALB,FABP1,9606.ENSP00000295897,9606.ENSP00000295834,0,0,0,0,0.477,0,0,0.59,0.776
ALB,LPL,9606.ENSP00000295897,9606.ENSP00000497642,0,0,0,0,0,0,0,0.717,0.717
ALB,PCSK9,9606.ENSP00000295897,9606.ENSP00000303208,0,0,0,0,0.101,0,0,0.702,0.72
ALB,GPX2,9606.ENSP00000295897,9606.ENSP00000374265,0,0,0,0,0.062,0,0,0.715,0.721
ALB,CAV1,9606.ENSP00000295897,9606.ENSP00000339191,0,0,0,0,0.06,0,0,0.738,0.743
ALB,PPARA,9606.ENSP00000295897,9606.ENSP00000385523,0,0,0,0,0,0.115,0,0.73,0.751
ALB,PTGS2,9606.ENSP00000295897,9606.ENSP00000356438,0,0,0,0,0.055,0,0,0.769,0.772
ALB,LPA,9606.ENSP00000295897,9606.ENSP00000321334,0,0,0,0,0.592,0.052,0,0.536,0.805
ALB,POMC,9606.ENSP00000295897,9606.ENSP00000384092,0,0,0,0,0,0,0,0.822,0.822
ALB,APOA4,9606.ENSP00000295897,9606.ENSP00000350425,0,0,0,0,0.126,0,0,0.807,0.824
ALB,APOA2,9606.ENSP00000295897,9606.ENSP00000356969,0,0,0,0,0.617,0.099,0,0.901,0.962
ALB,CUBN,9606.ENSP00000295897,9606.ENSP00000367064,0,0,0,0,0.042,0,0,0.992,0.992
ALDH3A2,EHHADH,9606.ENSP00000345774,9606.ENSP00000231887,0,0,0,0,0.115,0.045,0.914,0.504,0.959
ALDH3A2,CYP4A11,9606.ENSP00000345774,9606.ENSP00000311095,0,0,0,0,0.057,0.045,0.91,0.297,0.935
ALDH3A2,EPHX2,9606.ENSP00000345774,9606.ENSP00000430269,0.053,0,0,0,0.106,0,0.761,0.196,0.815
ALDH3A2,PCCB,9606.ENSP00000345774,9606.ENSP00000419027,0,0,0,0,0.128,0,0.8,0.205,0.849
ALDH3A2,PCCA,9606.ENSP00000345774,9606.ENSP00000365462,0,0,0,0,0.099,0,0.8,0.236,0.85
ALDH3A2,CYP4A22,9606.ENSP00000345774,9606.ENSP00000360958,0,0,0,0,0.057,0.045,0.91,0.232,0.929
ALDH3B1,HPGDS,9606.ENSP00000473990,9606.ENSP00000295256,0,0,0,0,0.055,0.053,0.65,0.185,0.71
ALDH3B1,EPHX2,9606.ENSP00000473990,9606.ENSP00000430269,0.053,0,0,0,0.067,0,0.761,0.136,0.793
ALDH3B1,ALDH3B2,9606.ENSP00000473990,9606.ENSP00000501254,0,0,0.05,0.981,0.049,0.592,0.9,0.059,0.959
ALDH3B2,EPHX2,9606.ENSP00000501254,9606.ENSP00000430269,0.053,0,0,0,0.067,0,0.761,0.136,0.793
ALDH7A1,EHHADH,9606.ENSP00000387123,9606.ENSP00000231887,0,0,0,0,0.161,0.045,0.914,0.216,0.939
ALDH7A1,BHMT,9606.ENSP00000387123,9606.ENSP00000274353,0,0,0,0,0.11,0.092,0.9,0.434,0.948
ALDH7A1,PRKACA,9606.ENSP00000387123,9606.ENSP00000309591,0,0,0,0,0.051,0.049,0,0.888,0.89
ALDH7A1,CYP4A11,9606.ENSP00000387123,9606.ENSP00000311095,0,0,0,0,0.057,0.045,0.91,0.078,0.915
ALDH7A1,CHDH,9606.ENSP00000387123,9606.ENSP00000319851,0.057,0.016,0,0,0.115,0,0.921,0.556,0.967
ALDH7A1,PRKACB,9606.ENSP00000387123,9606.ENSP00000359719,0,0,0,0,0.051,0.049,0,0.888,0.89
ALDH7A1,CYP4A22,9606.ENSP00000387123,9606.ENSP00000360958,0,0,0,0,0.057,0.045,0.91,0.078,0.915
ALDH7A1,PCCA,9606.ENSP00000387123,9606.ENSP00000365462,0,0,0,0,0.089,0,0.8,0.252,0.852
ALDH7A1,PRKACG,9606.ENSP00000387123,9606.ENSP00000366488,0,0,0,0,0.051,0.049,0,0.882,0.884
ALDH7A1,EPHX2,9606.ENSP00000387123,9606.ENSP00000430269,0.053,0,0,0,0.122,0,0.761,0.211,0.822
ALDH7A1,PCCB,9606.ENSP00000387123,9606.ENSP00000419027,0,0,0,0,0.157,0,0.8,0.232,0.859
ALOX12,CYP4F3,9606.ENSP00000251535,9606.ENSP00000221307,0,0,0,0,0.097,0.066,0.9,0.306,0.933
ALOX12,CYP4F2,9606.ENSP00000251535,9606.ENSP00000221700,0,0,0,0,0.072,0.066,0.9,0.206,0.922
ALOX12,PLA2G5,9606.ENSP00000251535,9606.ENSP00000364249,0,0,0,0,0,0,0.65,0.181,0.701
ALOX12,PLA2G4E,9606.ENSP00000251535,9606.ENSP00000382434,0,0,0,0,0,0,0.65,0.181,0.701
ALOX12,PLA2G4C,9606.ENSP00000251535,9606.ENSP00000472546,0,0,0,0,0,0,0.65,0.201,0.708
ALOX12,PLA2G2D,9606.ENSP00000251535,9606.ENSP00000364246,0,0,0,0,0,0,0.65,0.249,0.725
ALOX12,PLA2G10,9606.ENSP00000251535,9606.ENSP00000393847,0,0,0,0,0,0,0.65,0.271,0.733
ALOX12,PLA2G6,9606.ENSP00000251535,9606.ENSP00000333142,0,0,0,0,0.067,0,0.65,0.251,0.734
ALOX12,PLA2G2A,9606.ENSP00000251535,9606.ENSP00000383364,0,0,0,0,0,0.292,0.65,0.348,0.824
ALOX12,PLA2G4A,9606.ENSP00000251535,9606.ENSP00000356436,0,0,0,0,0.042,0.329,0.65,0.377,0.841
ALOX12,ALOX15,9606.ENSP00000251535,9606.ENSP00000293761,0,0,0.055,0.97,0.053,0,0.9,0.075,0.906
ALOX12,CYP2C8,9606.ENSP00000251535,9606.ENSP00000360317,0,0,0,0,0.062,0.065,0.9,0.1,0.91
ALOX12,CYP2U1,9606.ENSP00000251535,9606.ENSP00000333212,0,0,0,0,0.062,0.065,0.9,0.129,0.913
ALOX12,CYP4A22,9606.ENSP00000251535,9606.ENSP00000360958,0,0,0,0,0.058,0.066,0.9,0.137,0.913
ALOX12,ALOX5,9606.ENSP00000251535,9606.ENSP00000363512,0,0,0.084,0.907,0.06,0,0.9,0.119,0.914
ALOX12,CYP2C19,9606.ENSP00000251535,9606.ENSP00000360372,0,0,0,0,0.062,0.065,0.9,0.146,0.915
ALOX12,ALOX15B,9606.ENSP00000251535,9606.ENSP00000369530,0,0,0.097,0.885,0.069,0,0.9,0.152,0.919
ALOX12,CYP2C9,9606.ENSP00000251535,9606.ENSP00000260682,0,0,0,0,0.062,0.065,0.9,0.193,0.919
ALOX12,CYP4A11,9606.ENSP00000251535,9606.ENSP00000311095,0,0,0,0,0.058,0.066,0.9,0.206,0.92
ALOX12,ALOX12B,9606.ENSP00000251535,9606.ENSP00000497784,0,0,0.098,0.883,0.096,0,0.9,0.148,0.921
ALOX12,CYP2J2,9606.ENSP00000251535,9606.ENSP00000360247,0,0,0,0,0.062,0.065,0.9,0.308,0.931
ALOX12,PTGS2,9606.ENSP00000251535,9606.ENSP00000356438,0,0,0,0,0.055,0,0.9,0.488,0.947
ALOX12,PTGS1,9606.ENSP00000251535,9606.ENSP00000354612,0,0,0,0,0.201,0,0.9,0.544,0.96
ALOX12B,PLA2G3,9606.ENSP00000497784,9606.ENSP00000215885,0,0,0,0,0.107,0,0.65,0.135,0.706
ALOX12B,CYP4F3,9606.ENSP00000497784,9606.ENSP00000221307,0,0,0,0,0.055,0.072,0.9,0.211,0.921
ALOX12B,CYP4F2,9606.ENSP00000497784,9606.ENSP00000221700,0,0,0,0,0.056,0.072,0.9,0.293,0.929
ALOX12B,CYP2C9,9606.ENSP00000497784,9606.ENSP00000260682,0,0,0,0,0,0.071,0.9,0.076,0.906
ALOX12B,CYP4F22,9606.ENSP00000497784,9606.ENSP00000269703,0,0,0,0,0.085,0.072,0,0.83,0.843
ALOX12B,PLA2G4D,9606.ENSP00000497784,9606.ENSP00000290472,0,0,0,0,0.072,0.045,0.65,0.228,0.728
ALOX12B,ALOX15,9606.ENSP00000497784,9606.ENSP00000293761,0,0,0.105,0.868,0,0,0.9,0.162,0.918
ALOX12B,CYP4A11,9606.ENSP00000497784,9606.ENSP00000311095,0,0,0,0,0.055,0.072,0.9,0.1,0.91
ALOX12B,PLA2G6,9606.ENSP00000497784,9606.ENSP00000333142,0,0,0,0,0.104,0,0.65,0.176,0.719
ALOX12B,CYP2U1,9606.ENSP00000497784,9606.ENSP00000333212,0,0,0,0,0,0.071,0.9,0.101,0.909
ALOX12B,PTGS1,9606.ENSP00000497784,9606.ENSP00000354612,0,0,0,0,0.055,0.046,0.9,0.221,0.92
ALOX12B,PLA2G4A,9606.ENSP00000497784,9606.ENSP00000356436,0,0,0,0,0.074,0.045,0.65,0.197,0.718
ALOX12B,PTGS2,9606.ENSP00000497784,9606.ENSP00000356438,0,0,0,0,0.055,0.046,0.9,0.224,0.92
ALOX12B,CYP2J2,9606.ENSP00000497784,9606.ENSP00000360247,0,0,0,0,0,0.071,0.9,0.112,0.91
ALOX12B,CYP2C8,9606.ENSP00000497784,9606.ENSP00000360317,0,0,0,0,0,0.071,0.9,0.077,0.906
ALOX12B,CYP2C19,9606.ENSP00000497784,9606.ENSP00000360372,0,0,0,0,0.048,0.071,0.9,0.055,0.905
ALOX12B,CYP4A22,9606.ENSP00000497784,9606.ENSP00000360958,0,0,0,0,0.055,0.072,0.9,0.166,0.917
ALOX12B,ALOX5,9606.ENSP00000497784,9606.ENSP00000363512,0,0,0.084,0.907,0.061,0,0.9,0.1,0.912
ALOX12B,PLA2G2F,9606.ENSP00000497784,9606.ENSP00000364243,0,0,0,0,0.081,0,0.65,0.178,0.712
ALOX12B,ALOX15B,9606.ENSP00000497784,9606.ENSP00000369530,0,0,0.068,0.945,0.058,0,0.9,0.092,0.909
ALOX12B,PLA2G2A,9606.ENSP00000497784,9606.ENSP00000383364,0,0,0,0,0.081,0,0.65,0.184,0.714
ALOX15,PLA2G3,9606.ENSP00000293761,9606.ENSP00000215885,0,0,0,0,0,0,0.65,0.207,0.71
ALOX15,CYP4F3,9606.ENSP00000293761,9606.ENSP00000221307,0,0,0,0,0.049,0.072,0.9,0.22,0.921
ALOX15,CYP4F2,9606.ENSP00000293761,9606.ENSP00000221700,0,0,0,0,0.044,0.072,0.9,0.166,0.916
ALOX15,CYP2C9,9606.ENSP00000293761,9606.ENSP00000260682,0,0,0,0,0,0.071,0.9,0.226,0.921
ALOX15,PLA2G4D,9606.ENSP00000293761,9606.ENSP00000290472,0,0,0,0,0,0.045,0.65,0.231,0.72
ALOX15,PLA2G1B,9606.ENSP00000293761,9606.ENSP00000312286,0,0,0,0,0,0,0.65,0.181,0.701
ALOX15,PLA2G5,9606.ENSP00000293761,9606.ENSP00000364249,0,0,0,0,0,0,0.65,0.205,0.709
ALOX15,PLA2G4C,9606.ENSP00000293761,9606.ENSP00000472546,0,0,0,0,0,0.045,0.65,0.203,0.71
ALOX15,PLA2G4F,9606.ENSP00000293761,9606.ENSP00000380442,0,0,0,0,0.043,0.045,0.65,0.202,0.71
ALOX15,PLA2G4E,9606.ENSP00000293761,9606.ENSP00000382434,0,0,0,0,0,0.045,0.65,0.22,0.716
ALOX15,PLA2G2D,9606.ENSP00000293761,9606.ENSP00000364246,0,0,0,0,0,0,0.65,0.252,0.727
ALOX15,PLA2G2F,9606.ENSP00000293761,9606.ENSP00000364243,0,0,0,0,0.08,0,0.65,0.267,0.743
ALOX15,PLA2G6,9606.ENSP00000293761,9606.ENSP00000333142,0,0,0,0,0.083,0,0.65,0.389,0.786
ALOX15,PLA2G10,9606.ENSP00000293761,9606.ENSP00000393847,0,0,0,0,0,0,0.65,0.447,0.798
ALOX15,PLA2G2A,9606.ENSP00000293761,9606.ENSP00000383364,0,0,0,0,0.063,0,0.65,0.475,0.812
ALOX15,PLA2G4A,9606.ENSP00000293761,9606.ENSP00000356436,0,0,0,0,0.06,0.045,0.65,0.535,0.834
ALOX15,CYP4A22,9606.ENSP00000293761,9606.ENSP00000360958,0,0,0,0,0,0.072,0.9,0.064,0.905
ALOX15,CYP2U1,9606.ENSP00000293761,9606.ENSP00000333212,0,0,0,0,0,0.071,0.9,0.065,0.905
ALOX15,CYP2C8,9606.ENSP00000293761,9606.ENSP00000360317,0,0,0,0,0,0.071,0.9,0.14,0.913
ALOX15,ALOX5,9606.ENSP00000293761,9606.ENSP00000363512,0,0,0.086,0.902,0,0,0.9,0.137,0.914
ALOX15,CYP1A2,9606.ENSP00000293761,9606.ENSP00000342007,0,0,0,0,0,0.071,0.9,0.166,0.915
ALOX15,ALOX15B,9606.ENSP00000293761,9606.ENSP00000369530,0,0,0.097,0.883,0.042,0,0.9,0.152,0.916
ALOX15,CYP4A11,9606.ENSP00000293761,9606.ENSP00000311095,0,0,0,0,0,0.072,0.9,0.186,0.917
ALOX15,CYP2C19,9606.ENSP00000293761,9606.ENSP00000360372,0,0,0,0,0,0.071,0.9,0.214,0.92
ALOX15,CYP2J2,9606.ENSP00000293761,9606.ENSP00000360247,0,0,0,0,0,0.071,0.9,0.313,0.93
ALOX15,GPX2,9606.ENSP00000293761,9606.ENSP00000374265,0,0,0,0,0,0.045,0.9,0.357,0.933
ALOX15,PTGS1,9606.ENSP00000293761,9606.ENSP00000354612,0,0,0,0,0.068,0.046,0.9,0.607,0.96
ALOX15,PTGS2,9606.ENSP00000293761,9606.ENSP00000356438,0,0,0,0,0.098,0.046,0.9,0.628,0.963
ALOX15B,CYP4F3,9606.ENSP00000369530,9606.ENSP00000221307,0,0,0,0,0.055,0.072,0.9,0.198,0.92
ALOX15B,CYP4F2,9606.ENSP00000369530,9606.ENSP00000221700,0,0,0,0,0.057,0.072,0.9,0.141,0.914
ALOX15B,CYP2C9,9606.ENSP00000369530,9606.ENSP00000260682,0,0,0,0,0,0.071,0.9,0.082,0.907
ALOX15B,CYP4A11,9606.ENSP00000369530,9606.ENSP00000311095,0,0,0,0,0.055,0.072,0.9,0.176,0.918
ALOX15B,PLA2G6,9606.ENSP00000369530,9606.ENSP00000333142,0,0,0,0,0.104,0,0.65,0.212,0.731
ALOX15B,CYP2U1,9606.ENSP00000369530,9606.ENSP00000333212,0,0,0,0,0,0.071,0.9,0.05,0.904
ALOX15B,PTGS1,9606.ENSP00000369530,9606.ENSP00000354612,0,0,0,0,0.055,0.046,0.9,0.406,0.939
ALOX15B,PLA2G4A,9606.ENSP00000369530,9606.ENSP00000356436,0,0,0,0,0.074,0.045,0.65,0.35,0.772
ALOX15B,PTGS2,9606.ENSP00000369530,9606.ENSP00000356438,0,0,0,0,0.055,0.046,0.9,0.423,0.941
ALOX15B,CYP2J2,9606.ENSP00000369530,9606.ENSP00000360247,0,0,0,0,0.044,0.071,0.9,0.192,0.918
ALOX15B,CYP2C8,9606.ENSP00000369530,9606.ENSP00000360317,0,0,0,0,0,0.071,0.9,0.092,0.908
ALOX15B,CYP2C19,9606.ENSP00000369530,9606.ENSP00000360372,0,0,0,0,0,0.071,0.9,0.074,0.906
ALOX15B,CYP4A22,9606.ENSP00000369530,9606.ENSP00000360958,0,0,0,0,0.055,0.072,0.9,0.1,0.91
ALOX15B,ALOX5,9606.ENSP00000369530,9606.ENSP00000363512,0,0,0.079,0.917,0.092,0,0.9,0.12,0.916
ALOX15B,PLA2G2F,9606.ENSP00000369530,9606.ENSP00000364243,0,0,0,0,0.065,0,0.65,0.203,0.716
ALOX15B,PLA2G4F,9606.ENSP00000369530,9606.ENSP00000380442,0,0,0,0,0.066,0.045,0.65,0.171,0.706
ALOX15B,PLA2G4C,9606.ENSP00000369530,9606.ENSP00000472546,0,0,0,0,0.064,0.045,0.65,0.201,0.716
ALOX15B,PLA2G2A,9606.ENSP00000369530,9606.ENSP00000383364,0,0,0,0,0.081,0,0.65,0.276,0.747
ALOX15B,GPX2,9606.ENSP00000369530,9606.ENSP00000374265,0,0,0,0,0,0.045,0.9,0.182,0.915
ALOX5,PLA2G3,9606.ENSP00000363512,9606.ENSP00000215885,0,0,0,0,0,0.092,0.65,0.223,0.731
ALOX5,CYP4F3,9606.ENSP00000363512,9606.ENSP00000221307,0,0,0,0,0.063,0.066,0.9,0.335,0.934
ALOX5,CYP4F2,9606.ENSP00000363512,9606.ENSP00000221700,0,0,0,0,0.058,0.066,0.9,0.3,0.93
ALOX5,LTA4H,9606.ENSP00000363512,9606.ENSP00000228740,0,0,0,0,0.104,0.05,0.9,0.924,0.992
ALOX5,PLA2G12A,9606.ENSP00000363512,9606.ENSP00000243501,0,0,0,0,0,0.045,0.65,0.212,0.713
ALOX5,CYP2C9,9606.ENSP00000363512,9606.ENSP00000260682,0,0,0,0,0.065,0.065,0.9,0.551,0.955
ALOX5,LTC4S,9606.ENSP00000363512,9606.ENSP00000292596,0,0,0,0,0.084,0.322,0.9,0.812,0.986
ALOX5,CYP4A11,9606.ENSP00000363512,9606.ENSP00000311095,0,0,0,0,0.058,0.066,0.9,0.219,0.922
ALOX5,PLA2G1B,9606.ENSP00000363512,9606.ENSP00000312286,0,0,0,0,0.042,0,0.65,0.321,0.752
ALOX5,PLA2G6,9606.ENSP00000363512,9606.ENSP00000333142,0,0,0,0,0.06,0,0.65,0.303,0.75
ALOX5,CYP2U1,9606.ENSP00000363512,9606.ENSP00000333212,0,0,0,0,0.062,0.065,0.9,0.103,0.91
ALOX5,PTGS1,9606.ENSP00000363512,9606.ENSP00000354612,0,0,0,0,0.13,0,0.9,0.692,0.97
ALOX5,MAPKAPK2,9606.ENSP00000363512,9606.ENSP00000356070,0,0,0,0,0.044,0.51,0.75,0.178,0.89
ALOX5,PLA2G4A,9606.ENSP00000363512,9606.ENSP00000356436,0,0,0,0,0,0.092,0.65,0.783,0.925
ALOX5,PTGS2,9606.ENSP00000363512,9606.ENSP00000356438,0,0,0,0,0.072,0,0.9,0.741,0.973
ALOX5,CYP2J2,9606.ENSP00000363512,9606.ENSP00000360247,0,0,0,0,0.062,0.065,0.9,0.368,0.937
ALOX5,CYP2C8,9606.ENSP00000363512,9606.ENSP00000360317,0,0,0,0,0.062,0.065,0.9,0.239,0.924
ALOX5,CYP2C19,9606.ENSP00000363512,9606.ENSP00000360372,0,0,0,0,0.062,0.065,0.9,0.53,0.953
ALOX5,CYP4A22,9606.ENSP00000363512,9606.ENSP00000360958,0,0,0,0,0.058,0.066,0.9,0.063,0.906
ALOX5,PLA2G2F,9606.ENSP00000363512,9606.ENSP00000364243,0,0,0,0,0,0,0.65,0.182,0.701
ALOX5,PLA2G5,9606.ENSP00000363512,9606.ENSP00000364249,0,0,0,0,0.049,0,0.65,0.223,0.718
ALOX5,PLA2G2D,9606.ENSP00000363512,9606.ENSP00000364246,0,0,0,0,0.042,0,0.65,0.269,0.733
ALOX5,PLA2G4C,9606.ENSP00000363512,9606.ENSP00000472546,0,0,0,0,0.061,0,0.65,0.278,0.742
ALOX5,PLA2G10,9606.ENSP00000363512,9606.ENSP00000393847,0,0,0,0,0.044,0,0.65,0.447,0.798
ALOX5,PLA2G2A,9606.ENSP00000363512,9606.ENSP00000383364,0,0,0,0,0.042,0,0.65,0.48,0.81
ALOX5,GPX2,9606.ENSP00000363512,9606.ENSP00000374265,0,0,0,0,0.055,0.093,0.9,0.378,0.939
ALOX5,ALOX5AP,9606.ENSP00000363512,9606.ENSP00000479870,0,0,0,0,0.359,0.621,0.5,0.991,0.998
ALOX5AP,LTA4H,9606.ENSP00000479870,9606.ENSP00000228740,0,0,0,0,0.056,0,0,0.95,0.95
ALOX5AP,LTC4S,9606.ENSP00000479870,9606.ENSP00000292596,0,0,0,0.794,0.132,0.292,0.5,0.307,0.758
ALOX5AP,PTGES,9606.ENSP00000479870,9606.ENSP00000342385,0,0,0,0,0,0,0,0.847,0.847
ALOX5AP,PLA2G4A,9606.ENSP00000479870,9606.ENSP00000356436,0,0,0,0,0,0,0,0.74,0.74
AMACR,SLC27A5,9606.ENSP00000371517,9606.ENSP00000263093,0,0,0,0,0.084,0,0.9,0.476,0.947
AMACR,HSD3B7,9606.ENSP00000371517,9606.ENSP00000297679,0,0,0,0,0.049,0,0,0.878,0.879
AMACR,HACL1,9606.ENSP00000371517,9606.ENSP00000323811,0.111,0,0,0,0.129,0,0.585,0.429,0.792
AMACR,SCP2,9606.ENSP00000371517,9606.ENSP00000360569,0.079,0,0.214,0,0.085,0,0.66,0.616,0.898
AMACR,HSD17B4,9606.ENSP00000371517,9606.ENSP00000411960,0.079,0,0,0,0.067,0,0.66,0.646,0.883
AMN,APOA1,9606.ENSP00000299155,9606.ENSP00000236850,0,0,0,0,0.086,0,0.5,0.593,0.797
AMN,CUBN,9606.ENSP00000299155,9606.ENSP00000367064,0,0,0,0,0.11,0.946,0.9,0.999,0.999
ANGPTL3,APOC3,9606.ENSP00000360170,9606.ENSP00000227667,0,0,0,0,0.267,0,0,0.801,0.848
ANGPTL3,APOB,9606.ENSP00000360170,9606.ENSP00000233242,0,0,0,0,0.239,0,0,0.845,0.877
ANGPTL3,APOA1,9606.ENSP00000360170,9606.ENSP00000236850,0,0,0,0,0.097,0.044,0,0.727,0.743
ANGPTL3,LIPG,9606.ENSP00000360170,9606.ENSP00000261292,0,0,0,0,0.043,0,0,0.776,0.777
ANGPTL3,ANGPTL4,9606.ENSP00000360170,9606.ENSP00000301455,0,0,0,0.802,0,0,0.9,0.194,0.915
ANGPTL3,PCSK9,9606.ENSP00000360170,9606.ENSP00000303208,0,0,0,0,0.055,0,0,0.77,0.773
ANGPTL3,APOA5,9606.ENSP00000360170,9606.ENSP00000445002,0,0,0,0,0.163,0.069,0,0.865,0.885
ANGPTL3,GPIHBP1,9606.ENSP00000360170,9606.ENSP00000480053,0,0,0,0,0.054,0,0.4,0.821,0.889
ANGPTL3,LPL,9606.ENSP00000360170,9606.ENSP00000497642,0,0,0,0,0,0.236,0.9,0.922,0.993
ANGPTL4,FABP4,9606.ENSP00000301455,9606.ENSP00000256104,0,0,0,0,0.058,0,0.5,0.486,0.737
ANGPTL4,NCOR1,9606.ENSP00000301455,9606.ENSP00000268712,0,0,0,0,0,0,0.5,0.454,0.715
ANGPTL4,PLIN2,9606.ENSP00000301455,9606.ENSP00000276914,0,0,0,0,0.198,0,0,0.703,0.752
ANGPTL4,PPARG,9606.ENSP00000301455,9606.ENSP00000287820,0,0,0,0,0.054,0.045,0.5,0.756,0.875
ANGPTL4,PPARA,9606.ENSP00000301455,9606.ENSP00000385523,0,0,0,0,0,0.045,0.4,0.749,0.843
ANGPTL4,GPIHBP1,9606.ENSP00000301455,9606.ENSP00000480053,0,0,0,0,0.077,0,0.75,0.707,0.926
ANGPTL4,LPL,9606.ENSP00000301455,9606.ENSP00000497642,0,0,0,0,0.049,0.236,0.9,0.93,0.994
ANKRD1,CCN2,9606.ENSP00000360762,9606.ENSP00000356954,0,0,0,0,0.173,0,0,0.733,0.77
ANKRD1,YAP1,9606.ENSP00000360762,9606.ENSP00000478927,0,0,0,0,0.074,0.091,0,0.696,0.722
AP2A1,CLTA,9606.ENSP00000351926,9606.ENSP00000242285,0,0,0,0,0.054,0.268,0.9,0.788,0.983
AP2A1,AP2A2,9606.ENSP00000351926,9606.ENSP00000327694,0,0,0.049,0.982,0.128,0.255,0.9,0.39,0.955
AP2A1,OCRL,9606.ENSP00000351926,9606.ENSP00000360154,0,0,0,0,0.049,0.421,0,0.543,0.726
AP2A1,SYNJ1,9606.ENSP00000351926,9606.ENSP00000409667,0,0,0,0,0.06,0.464,0.54,0.643,0.906
AP2A1,CLTC,9606.ENSP00000351926,9606.ENSP00000479606,0,0,0,0,0.111,0.336,0.9,0.846,0.989
AP2A1,AP2S1,9606.ENSP00000351926,9606.ENSP00000470176,0,0,0,0,0.248,0.992,0.9,0.962,0.999
AP2A1,AP2B1,9606.ENSP00000351926,9606.ENSP00000483185,0,0,0,0.553,0.277,0.919,0.9,0.943,0.999
AP2A1,AP2M1,9606.ENSP00000351926,9606.ENSP00000403362,0,0,0,0,0.57,0.988,0.9,0.984,0.999
AP2A2,CLTA,9606.ENSP00000327694,9606.ENSP00000242285,0,0,0,0,0.049,0.244,0.9,0.341,0.946
AP2A2,CLTC,9606.ENSP00000327694,9606.ENSP00000479606,0,0,0,0,0.056,0.613,0.9,0.439,0.976
AP2A2,AP2B1,9606.ENSP00000327694,9606.ENSP00000483185,0,0,0,0.554,0.091,0.985,0.9,0.835,0.999
AP2A2,AP2M1,9606.ENSP00000327694,9606.ENSP00000403362,0,0,0,0,0.092,0.989,0.9,0.948,0.999
AP2A2,AP2S1,9606.ENSP00000327694,9606.ENSP00000470176,0,0,0,0,0.049,0.989,0.9,0.865,0.999
AP2B1,CLTA,9606.ENSP00000483185,9606.ENSP00000242285,0,0,0,0,0.06,0.419,0.9,0.437,0.965
AP2B1,LDLRAP1,9606.ENSP00000483185,9606.ENSP00000363458,0,0,0,0,0,0.974,0.5,0.507,0.993
AP2B1,AP2M1,9606.ENSP00000483185,9606.ENSP00000403362,0,0,0,0,0.352,0.996,0.9,0.992,0.999
AP2B1,SYNJ1,9606.ENSP00000483185,9606.ENSP00000409667,0,0,0,0,0,0.4,0.54,0.501,0.85
AP2B1,AP2S1,9606.ENSP00000483185,9606.ENSP00000470176,0,0,0,0,0.141,0.993,0.9,0.987,0.999
AP2B1,CLTC,9606.ENSP00000483185,9606.ENSP00000479606,0,0,0,0,0.31,0.853,0.9,0.802,0.997
AP2M1,CLTA,9606.ENSP00000403362,9606.ENSP00000242285,0,0,0,0,0.129,0.183,0.9,0.48,0.958
AP2M1,PIP5K1A,9606.ENSP00000403362,9606.ENSP00000357883,0,0,0,0,0.042,0,0,0.711,0.711
AP2M1,PIP4K2A,9606.ENSP00000403362,9606.ENSP00000365757,0,0,0,0,0.133,0,0,0.724,0.75
AP2M1,PIP5K1C,9606.ENSP00000403362,9606.ENSP00000466363,0,0,0,0,0.072,0,0,0.78,0.787
AP2M1,SYNJ1,9606.ENSP00000403362,9606.ENSP00000409667,0,0,0,0,0,0.625,0.54,0.295,0.867
AP2M1,CLTC,9606.ENSP00000403362,9606.ENSP00000479606,0,0,0,0,0.132,0.362,0.9,0.822,0.988
AP2M1,AP2S1,9606.ENSP00000403362,9606.ENSP00000470176,0,0,0,0,0.498,0.997,0.9,0.981,0.999
AP2S1,CLTA,9606.ENSP00000470176,9606.ENSP00000242285,0,0,0,0,0.187,0.186,0.9,0.49,0.961
AP2S1,CLTC,9606.ENSP00000470176,9606.ENSP00000479606,0,0,0,0,0.054,0.079,0.9,0.577,0.958
APOA1,CETP,9606.ENSP00000236850,9606.ENSP00000200676,0,0,0,0,0.058,0,0.72,0.964,0.989
APOA1,PON1,9606.ENSP00000236850,9606.ENSP00000222381,0,0,0,0,0.081,0,0.72,0.996,0.998
APOA1,APOC3,9606.ENSP00000236850,9606.ENSP00000227667,0,0,0,0,0.83,0.077,0.8,0.998,0.999
APOA1,APOB,9606.ENSP00000236850,9606.ENSP00000233242,0,0,0,0,0.804,0.603,0.8,0.999,0.999
APOA1,SREBF2,9606.ENSP00000236850,9606.ENSP00000354476,0,0,0,0,0,0,0,0.73,0.73
APOA1,SAR1B,9606.ENSP00000236850,9606.ENSP00000385432,0,0,0,0,0,0,0.4,0.573,0.732
APOA1,CYP7A1,9606.ENSP00000236850,9606.ENSP00000301645,0,0,0,0,0,0,0,0.732,0.732
APOA1,DBI,9606.ENSP00000236850,9606.ENSP00000486361,0,0,0,0,0.067,0,0.72,0.225,0.78
APOA1,PCSK9,9606.ENSP00000236850,9606.ENSP00000303208,0,0,0,0,0.113,0,0,0.764,0.781
APOA1,HMGCR,9606.ENSP00000236850,9606.ENSP00000287936,0,0,0,0,0.044,0,0,0.784,0.784
APOA1,BMP1,9606.ENSP00000236850,9606.ENSP00000305714,0,0,0,0,0.067,0,0.75,0.201,0.797
APOA1,NPC1L1,9606.ENSP00000236850,9606.ENSP00000289547,0,0,0,0,0.107,0,0,0.798,0.811
APOA1,PPARA,9606.ENSP00000236850,9606.ENSP00000385523,0,0,0,0,0,0,0.5,0.67,0.828
APOA1,LIPG,9606.ENSP00000236850,9606.ENSP00000261292,0,0,0,0,0.049,0,0,0.832,0.833
APOA1,VLDLR,9606.ENSP00000236850,9606.ENSP00000371532,0,0,0,0,0.049,0,0.54,0.654,0.835
APOA1,FABP1,9606.ENSP00000236850,9606.ENSP00000295834,0,0,0,0,0.467,0,0.5,0.588,0.88
APOA1,HDLBP,9606.ENSP00000236850,9606.ENSP00000375836,0,0,0,0,0,0,0.7,0.639,0.887
APOA1,LPL,9606.ENSP00000236850,9606.ENSP00000497642,0,0,0,0,0,0,0.54,0.771,0.89
APOA1,MTTP,9606.ENSP00000236850,9606.ENSP00000427679,0,0,0,0,0.374,0,0.4,0.753,0.899
APOA1,APOC4,9606.ENSP00000236850,9606.ENSP00000468236,0,0,0,0,0.211,0,0.72,0.591,0.901
APOA1,APOF,9606.ENSP00000236850,9606.ENSP00000381250,0,0,0,0,0.127,0.287,0.54,0.729,0.912
APOA1,CD36,9606.ENSP00000236850,9606.ENSP00000415743,0,0,0,0,0,0,0.7,0.737,0.917
APOA1,LIPC,9606.ENSP00000236850,9606.ENSP00000299022,0,0,0,0,0.125,0,0.54,0.864,0.94
APOA1,APOA5,9606.ENSP00000236850,9606.ENSP00000445002,0,0,0.11,0.615,0.273,0,0.72,0.761,0.951
APOA1,PLTP,9606.ENSP00000236850,9606.ENSP00000417138,0,0,0,0,0.052,0.292,0.75,0.858,0.973
APOA1,LPA,9606.ENSP00000236850,9606.ENSP00000321334,0,0,0,0,0.113,0,0.72,0.914,0.976
APOA1,CUBN,9606.ENSP00000236850,9606.ENSP00000367064,0,0,0,0,0,0,0.5,0.972,0.985
APOA1,APOA4,9606.ENSP00000236850,9606.ENSP00000350425,0,0,0.103,0.699,0.532,0,0.8,0.89,0.989
APOA1,APOC2,9606.ENSP00000236850,9606.ENSP00000466775,0,0,0,0,0.181,0.241,0.8,0.983,0.997
APOA1,APOC1,9606.ENSP00000236850,9606.ENSP00000465356,0,0,0,0,0.16,0.248,0.72,0.992,0.998
APOA1,APOA2,9606.ENSP00000236850,9606.ENSP00000356969,0,0,0,0,0.798,0.618,0.8,0.999,0.999
APOA1,APOE,9606.ENSP00000236850,9606.ENSP00000252486,0,0,0,0,0.222,0.114,0.8,0.999,0.999
APOA1,SCARB1,9606.ENSP00000236850,9606.ENSP00000261693,0,0,0,0,0.09,0.292,0.7,0.998,0.999
APOA1,LCAT,9606.ENSP00000236850,9606.ENSP00000264005,0,0,0,0,0.107,0.837,0.9,0.997,0.999
APOA2,CETP,9606.ENSP00000356969,9606.ENSP00000200676,0,0,0,0,0.049,0,0.72,0.898,0.97
APOA2,PON1,9606.ENSP00000356969,9606.ENSP00000222381,0,0,0,0,0.319,0,0.72,0.845,0.967
APOA2,APOC3,9606.ENSP00000356969,9606.ENSP00000227667,0,0,0,0,0.801,0,0.8,0.996,0.999
APOA2,APOB,9606.ENSP00000356969,9606.ENSP00000233242,0,0,0,0,0.796,0.422,0.72,0.985,0.999
APOA2,APOE,9606.ENSP00000356969,9606.ENSP00000252486,0,0,0,0,0.104,0.431,0.8,0.998,0.999
APOA2,SCARB1,9606.ENSP00000356969,9606.ENSP00000261693,0,0,0,0,0.102,0.292,0,0.803,0.864
APOA2,LCAT,9606.ENSP00000356969,9606.ENSP00000264005,0,0,0,0,0.107,0.287,0.72,0.912,0.982
APOA2,FABP1,9606.ENSP00000356969,9606.ENSP00000295834,0,0,0,0,0.328,0,0.5,0.457,0.801
APOA2,LIPC,9606.ENSP00000356969,9606.ENSP00000299022,0,0,0,0,0.252,0,0.54,0.695,0.886
APOA2,LPA,9606.ENSP00000356969,9606.ENSP00000321334,0,0,0,0,0.375,0.051,0.72,0.883,0.977
APOA2,APOA4,9606.ENSP00000356969,9606.ENSP00000350425,0,0,0,0,0.262,0,0.8,0.967,0.994
APOA2,DBI,9606.ENSP00000356969,9606.ENSP00000486361,0,0,0,0,0.042,0,0.72,0.15,0.752
APOA2,PPARA,9606.ENSP00000356969,9606.ENSP00000385523,0,0,0,0,0,0,0.5,0.541,0.76
APOA2,MTTP,9606.ENSP00000356969,9606.ENSP00000427679,0,0,0,0,0.217,0,0.4,0.59,0.791
APOA2,LPL,9606.ENSP00000356969,9606.ENSP00000497642,0,0,0,0,0,0,0.54,0.621,0.818
APOA2,HDLBP,9606.ENSP00000356969,9606.ENSP00000375836,0,0,0,0,0,0,0.54,0.721,0.866
APOA2,APOF,9606.ENSP00000356969,9606.ENSP00000381250,0,0,0,0,0.268,0.287,0.54,0.711,0.921
APOA2,APOC4,9606.ENSP00000356969,9606.ENSP00000468236,0,0,0,0,0.327,0,0.72,0.744,0.947
APOA2,PLTP,9606.ENSP00000356969,9606.ENSP00000417138,0,0,0,0,0,0.292,0.72,0.825,0.962
APOA2,APOA5,9606.ENSP00000356969,9606.ENSP00000445002,0,0,0,0,0.372,0,0.72,0.855,0.972
APOA2,APOC1,9606.ENSP00000356969,9606.ENSP00000465356,0,0,0,0,0.334,0,0.72,0.96,0.991
APOA2,APOC2,9606.ENSP00000356969,9606.ENSP00000466775,0,0,0,0,0.236,0.613,0.8,0.93,0.995
APOA4,CREB3L3,9606.ENSP00000350425,9606.ENSP00000078445,0,0,0,0,0.268,0,0.5,0.348,0.74
APOA4,CETP,9606.ENSP00000350425,9606.ENSP00000200676,0,0,0,0,0,0,0.72,0.787,0.937
APOA4,PON1,9606.ENSP00000350425,9606.ENSP00000222381,0,0,0,0,0.05,0,0.72,0.749,0.927
APOA4,APOC3,9606.ENSP00000350425,9606.ENSP00000227667,0,0,0,0,0.783,0,0.8,0.982,0.999
APOA4,APOB,9606.ENSP00000350425,9606.ENSP00000233242,0,0,0,0,0.355,0,0.72,0.964,0.992
APOA4,APOE,9606.ENSP00000350425,9606.ENSP00000252486,0,0,0,0.635,0.042,0,0.8,0.979,0.995
APOA4,LCAT,9606.ENSP00000350425,9606.ENSP00000264005,0,0,0,0,0,0,0.72,0.625,0.89
APOA4,LIPC,9606.ENSP00000350425,9606.ENSP00000299022,0,0,0,0,0.053,0,0.54,0.571,0.796
APOA4,LPA,9606.ENSP00000350425,9606.ENSP00000321334,0,0,0,0,0.115,0,0.72,0.584,0.887
APOA4,DBI,9606.ENSP00000350425,9606.ENSP00000486361,0,0,0,0,0,0,0.72,0,0.72
APOA4,LPL,9606.ENSP00000350425,9606.ENSP00000497642,0,0,0,0,0,0,0.54,0.544,0.781
APOA4,HDLBP,9606.ENSP00000350425,9606.ENSP00000375836,0,0,0,0,0,0,0.54,0.68,0.846
APOA4,MTTP,9606.ENSP00000350425,9606.ENSP00000427679,0,0,0,0,0.257,0,0.4,0.694,0.851
APOA4,PLTP,9606.ENSP00000350425,9606.ENSP00000417138,0,0,0,0,0,0,0.72,0.527,0.861
APOA4,APOC4,9606.ENSP00000350425,9606.ENSP00000468236,0,0,0,0,0.111,0,0.72,0.583,0.887
APOA4,APOF,9606.ENSP00000350425,9606.ENSP00000381250,0,0,0,0,0.085,0,0.54,0.802,0.909
APOA4,APOA5,9606.ENSP00000350425,9606.ENSP00000445002,0,0,0.094,0.675,0.111,0,0.72,0.68,0.918
APOA4,APOC1,9606.ENSP00000350425,9606.ENSP00000465356,0,0,0,0,0.086,0,0.72,0.891,0.969
APOA4,APOC2,9606.ENSP00000350425,9606.ENSP00000466775,0,0,0,0,0.148,0,0.8,0.934,0.987
APOA5,CREB3L3,9606.ENSP00000445002,9606.ENSP00000078445,0,0,0,0,0.206,0,0.5,0.526,0.795
APOA5,CETP,9606.ENSP00000445002,9606.ENSP00000200676,0,0,0,0,0.056,0,0.72,0.773,0.935
APOA5,PON1,9606.ENSP00000445002,9606.ENSP00000222381,0,0,0,0,0.181,0,0.72,0.418,0.854
APOA5,APOC3,9606.ENSP00000445002,9606.ENSP00000227667,0,0,0,0,0.465,0,0.72,0.969,0.995
APOA5,APOB,9606.ENSP00000445002,9606.ENSP00000233242,0,0,0,0,0.298,0,0.72,0.935,0.986
APOA5,APOE,9606.ENSP00000445002,9606.ENSP00000252486,0,0,0,0,0.072,0,0.9,0.93,0.992
APOA5,LMF1,9606.ENSP00000445002,9606.ENSP00000262301,0,0,0,0,0,0,0,0.881,0.881
APOA5,LCAT,9606.ENSP00000445002,9606.ENSP00000264005,0,0,0,0,0.145,0.066,0.72,0.595,0.897
APOA5,FABP1,9606.ENSP00000445002,9606.ENSP00000295834,0,0,0,0,0.319,0,0.5,0.246,0.721
APOA5,LIPC,9606.ENSP00000445002,9606.ENSP00000299022,0,0,0,0,0.217,0.095,0.54,0.768,0.914
APOA5,LPA,9606.ENSP00000445002,9606.ENSP00000321334,0,0,0,0,0.622,0.107,0.72,0.511,0.947
APOA5,LIPI,9606.ENSP00000445002,9606.ENSP00000343331,0,0,0,0,0.058,0,0,0.761,0.765
APOA5,VLDLR,9606.ENSP00000445002,9606.ENSP00000371532,0,0,0,0,0,0,0.54,0.398,0.711
APOA5,HDLBP,9606.ENSP00000445002,9606.ENSP00000375836,0,0,0,0,0.047,0,0.54,0.665,0.84
APOA5,APOF,9606.ENSP00000445002,9606.ENSP00000381250,0,0,0,0,0.205,0,0.54,0.637,0.855
APOA5,PPARA,9606.ENSP00000445002,9606.ENSP00000385523,0,0,0,0,0,0.058,0.5,0.581,0.785
APOA5,PLTP,9606.ENSP00000445002,9606.ENSP00000417138,0,0,0,0,0,0,0.72,0.509,0.856
APOA5,GPIHBP1,9606.ENSP00000445002,9606.ENSP00000480053,0,0,0,0,0,0,0,0.873,0.873
APOA5,DBI,9606.ENSP00000445002,9606.ENSP00000486361,0,0,0,0,0,0,0.9,0.218,0.918
APOA5,APOC4,9606.ENSP00000445002,9606.ENSP00000468236,0,0,0,0,0.262,0,0.72,0.686,0.929
APOA5,APOC1,9606.ENSP00000445002,9606.ENSP00000465356,0,0,0,0,0.23,0,0.72,0.778,0.947
APOA5,LPL,9606.ENSP00000445002,9606.ENSP00000497642,0,0,0,0,0,0.405,0.54,0.88,0.964
APOA5,APOC2,9606.ENSP00000445002,9606.ENSP00000466775,0,0,0,0,0.148,0,0.72,0.979,0.994
APOB,CETP,9606.ENSP00000233242,9606.ENSP00000200676,0,0,0,0,0.083,0,0.75,0.958,0.989
APOB,PON1,9606.ENSP00000233242,9606.ENSP00000222381,0,0,0,0,0.148,0,0.72,0.818,0.952
APOB,APOC3,9606.ENSP00000233242,9606.ENSP00000227667,0,0,0,0,0.801,0,0.72,0.996,0.999
APOB,SREBF1,9606.ENSP00000233242,9606.ENSP00000348069,0,0,0,0,0,0,0,0.72,0.72
APOB,NPC2,9606.ENSP00000233242,9606.ENSP00000451206,0,0,0,0,0,0,0.5,0.479,0.728
APOB,GPIHBP1,9606.ENSP00000233242,9606.ENSP00000480053,0,0,0,0,0,0,0.4,0.581,0.737
APOB,DBI,9606.ENSP00000233242,9606.ENSP00000486361,0,0,0,0,0,0,0.72,0.182,0.761
APOB,SOAT2,9606.ENSP00000233242,9606.ENSP00000301466,0,0,0,0,0.225,0,0,0.707,0.763
APOB,LIPE,9606.ENSP00000233242,9606.ENSP00000244289,0,0,0,0,0.086,0,0,0.777,0.788
APOB,HDLBP,9606.ENSP00000233242,9606.ENSP00000375836,0,0,0,0,0,0,0.54,0.613,0.814
APOB,PPARA,9606.ENSP00000233242,9606.ENSP00000385523,0,0,0,0,0.055,0,0,0.816,0.819
APOB,SAR1B,9606.ENSP00000233242,9606.ENSP00000385432,0,0,0,0,0,0,0.4,0.715,0.822
APOB,CYP7A1,9606.ENSP00000233242,9606.ENSP00000301645,0,0,0,0,0.106,0,0,0.821,0.833
APOB,LSR,9606.ENSP00000233242,9606.ENSP00000480821,0,0,0,0,0,0,0.7,0.511,0.847
APOB,P4HB,9606.ENSP00000233242,9606.ENSP00000327801,0,0,0,0,0.12,0,0.75,0.421,0.861
APOB,LIPA,9606.ENSP00000233242,9606.ENSP00000337354,0,0,0,0,0,0,0.75,0.507,0.871
APOB,APOC4,9606.ENSP00000233242,9606.ENSP00000468236,0,0,0,0,0.144,0,0.72,0.507,0.871
APOB,VLDLR,9606.ENSP00000233242,9606.ENSP00000371532,0,0,0,0,0.055,0.069,0.54,0.724,0.873
APOB,HMGCR,9606.ENSP00000233242,9606.ENSP00000287936,0,0,0,0,0.056,0,0,0.894,0.896
APOB,APOF,9606.ENSP00000233242,9606.ENSP00000381250,0,0,0,0,0.168,0,0.75,0.551,0.898
APOB,FABP1,9606.ENSP00000233242,9606.ENSP00000295834,0,0,0,0,0.633,0,0,0.734,0.898
APOB,NPC1L1,9606.ENSP00000233242,9606.ENSP00000289547,0,0,0,0,0.109,0,0,0.895,0.903
APOB,LDLRAP1,9606.ENSP00000233242,9606.ENSP00000363458,0,0,0,0,0,0,0.7,0.764,0.926
APOB,LPL,9606.ENSP00000233242,9606.ENSP00000497642,0,0,0,0,0.042,0,0.54,0.875,0.94
APOB,LDLR,9606.ENSP00000233242,9606.ENSP00000454071,0,0,0,0,0.045,0.422,0.9,0.295,0.955
APOB,PLTP,9606.ENSP00000233242,9606.ENSP00000417138,0,0,0,0,0,0,0.72,0.877,0.964
APOB,CD36,9606.ENSP00000233242,9606.ENSP00000415743,0,0,0,0,0.047,0.292,0.7,0.916,0.98
APOB,LIPC,9606.ENSP00000233242,9606.ENSP00000299022,0,0,0,0,0.263,0.295,0.54,0.939,0.983
APOB,LCAT,9606.ENSP00000233242,9606.ENSP00000264005,0,0,0,0,0.109,0,0.72,0.938,0.983
APOB,PCSK9,9606.ENSP00000233242,9606.ENSP00000303208,0,0,0,0,0.162,0,0,0.985,0.987
APOB,APOC2,9606.ENSP00000233242,9606.ENSP00000466775,0,0,0,0,0.328,0.422,0.72,0.928,0.991
APOB,APOC1,9606.ENSP00000233242,9606.ENSP00000465356,0,0,0,0,0.168,0,0.72,0.986,0.996
APOB,SCARB1,9606.ENSP00000233242,9606.ENSP00000261693,0,0,0,0,0.084,0,0.7,0.99,0.997
APOB,APOE,9606.ENSP00000233242,9606.ENSP00000252486,0,0,0,0,0.361,0.422,0.8,0.999,0.999
APOB,MTTP,9606.ENSP00000233242,9606.ENSP00000427679,0,0,0,0,0.62,0.622,0.75,0.999,0.999
APOB,LPA,9606.ENSP00000233242,9606.ENSP00000321334,0,0,0,0,0.372,0.063,0.72,0.999,0.999
APOC1,CETP,9606.ENSP00000465356,9606.ENSP00000200676,0,0,0,0,0.082,0,0.9,0.855,0.985
APOC1,PON1,9606.ENSP00000465356,9606.ENSP00000222381,0,0,0,0,0.141,0,0.72,0.733,0.93
APOC1,APOC3,9606.ENSP00000465356,9606.ENSP00000227667,0,0,0,0,0.18,0,0.9,0.992,0.999
APOC1,APOE,9606.ENSP00000465356,9606.ENSP00000252486,0,0,0,0,0.816,0,0.72,0.996,0.999
APOC1,LCAT,9606.ENSP00000465356,9606.ENSP00000264005,0,0,0,0,0.123,0,0.9,0.72,0.973
APOC1,LIPC,9606.ENSP00000465356,9606.ENSP00000299022,0,0,0,0,0.303,0,0.54,0.578,0.853
APOC1,LPA,9606.ENSP00000465356,9606.ENSP00000321334,0,0,0,0,0.203,0,0.72,0.48,0.873
APOC1,VLDLR,9606.ENSP00000465356,9606.ENSP00000371532,0,0,0,0,0,0,0.54,0.597,0.806
APOC1,APOF,9606.ENSP00000465356,9606.ENSP00000381250,0,0,0,0,0.109,0,0.54,0.59,0.817
APOC1,PLTP,9606.ENSP00000465356,9606.ENSP00000417138,0,0,0,0,0.15,0,0.72,0.542,0.881
APOC1,DBI,9606.ENSP00000465356,9606.ENSP00000486361,0,0,0,0,0.074,0,0.72,0.068,0.737
APOC1,LPL,9606.ENSP00000465356,9606.ENSP00000497642,0,0,0,0,0.107,0,0.54,0.7,0.866
APOC1,APOC4,9606.ENSP00000465356,9606.ENSP00000468236,0,0,0,0,0.254,0,0.8,0.94,0.99
APOC1,APOC2,9606.ENSP00000465356,9606.ENSP00000466775,0,0,0,0,0.28,0,0.9,0.999,0.999
APOC2,CREB3L3,9606.ENSP00000466775,9606.ENSP00000078445,0,0,0,0,0.178,0,0.5,0.48,0.767
APOC2,CETP,9606.ENSP00000466775,9606.ENSP00000200676,0,0,0,0,0.066,0,0.72,0.752,0.929
APOC2,PON1,9606.ENSP00000466775,9606.ENSP00000222381,0,0,0,0,0.115,0,0.72,0.572,0.884
APOC2,APOC3,9606.ENSP00000466775,9606.ENSP00000227667,0,0,0,0,0.225,0,0.9,0.997,0.999
APOC2,APOE,9606.ENSP00000466775,9606.ENSP00000252486,0,0,0,0,0.139,0.564,0.8,0.998,0.999
APOC2,LMF1,9606.ENSP00000466775,9606.ENSP00000262301,0,0,0,0,0,0,0,0.928,0.928
APOC2,LCAT,9606.ENSP00000466775,9606.ENSP00000264005,0,0,0,0,0.042,0,0.72,0.777,0.934
APOC2,LIPC,9606.ENSP00000466775,9606.ENSP00000299022,0,0,0,0,0.132,0,0.54,0.799,0.912
APOC2,LPA,9606.ENSP00000466775,9606.ENSP00000321334,0,0,0,0,0.164,0,0.72,0.571,0.89
APOC2,VLDLR,9606.ENSP00000466775,9606.ENSP00000371532,0,0,0,0,0,0,0.54,0.511,0.765
APOC2,HDLBP,9606.ENSP00000466775,9606.ENSP00000375836,0,0,0,0,0,0,0.54,0.524,0.771
APOC2,APOF,9606.ENSP00000466775,9606.ENSP00000381250,0,0,0,0,0.123,0,0.54,0.57,0.811
APOC2,PLTP,9606.ENSP00000466775,9606.ENSP00000417138,0,0,0,0,0.054,0,0.72,0.594,0.883
APOC2,DBI,9606.ENSP00000466775,9606.ENSP00000486361,0,0,0,0,0.043,0,0.72,0,0.72
APOC2,GPIHBP1,9606.ENSP00000466775,9606.ENSP00000480053,0,0,0,0,0,0,0.4,0.87,0.919
APOC2,APOC4,9606.ENSP00000466775,9606.ENSP00000468236,0,0.411,0,0,0.162,0,0.72,0.922,0.987
APOC2,LPL,9606.ENSP00000466775,9606.ENSP00000497642,0,0,0,0,0.048,0,0.9,0.983,0.998
APOC3,CETP,9606.ENSP00000227667,9606.ENSP00000200676,0,0,0,0,0.058,0,0.72,0.921,0.977
APOC3,PON1,9606.ENSP00000227667,9606.ENSP00000222381,0,0,0,0,0.187,0,0.72,0.732,0.933
APOC3,PPARA,9606.ENSP00000227667,9606.ENSP00000385523,0,0,0,0,0,0,0,0.709,0.709
APOC3,LIPE,9606.ENSP00000227667,9606.ENSP00000244289,0,0,0,0,0.093,0,0,0.704,0.72
APOC3,PCSK9,9606.ENSP00000227667,9606.ENSP00000303208,0,0,0,0,0.169,0,0,0.693,0.734
APOC3,DBI,9606.ENSP00000227667,9606.ENSP00000486361,0,0,0,0,0.043,0,0.72,0.161,0.755
APOC3,VLDLR,9606.ENSP00000227667,9606.ENSP00000371532,0,0,0,0,0.049,0,0.54,0.507,0.765
APOC3,MTTP,9606.ENSP00000227667,9606.ENSP00000427679,0,0,0,0,0.455,0,0,0.646,0.799
APOC3,GPIHBP1,9606.ENSP00000227667,9606.ENSP00000480053,0,0,0,0,0,0,0.4,0.697,0.81
APOC3,SCARB1,9606.ENSP00000227667,9606.ENSP00000261693,0,0,0,0,0.083,0,0,0.835,0.842
APOC3,HDLBP,9606.ENSP00000227667,9606.ENSP00000375836,0,0,0,0,0,0,0.54,0.677,0.845
APOC3,PLTP,9606.ENSP00000227667,9606.ENSP00000417138,0,0,0,0,0,0,0.72,0.603,0.884
APOC3,APOF,9606.ENSP00000227667,9606.ENSP00000381250,0,0,0,0,0.177,0,0.54,0.739,0.892
APOC3,LIPC,9606.ENSP00000227667,9606.ENSP00000299022,0,0,0,0,0.195,0,0.54,0.772,0.908
APOC3,APOC4,9606.ENSP00000227667,9606.ENSP00000468236,0,0,0,0,0.293,0,0.72,0.671,0.929
APOC3,FABP1,9606.ENSP00000227667,9606.ENSP00000295834,0,0,0,0,0.877,0,0,0.478,0.933
APOC3,LPA,9606.ENSP00000227667,9606.ENSP00000321334,0,0,0,0,0.264,0,0.72,0.811,0.957
APOC3,LCAT,9606.ENSP00000227667,9606.ENSP00000264005,0,0,0,0,0.106,0,0.72,0.849,0.958
APOC3,LPL,9606.ENSP00000227667,9606.ENSP00000497642,0,0,0,0,0,0,0.54,0.961,0.981
APOC3,APOE,9606.ENSP00000227667,9606.ENSP00000252486,0,0,0,0,0.131,0,0.8,0.998,0.999
APOC4,CETP,9606.ENSP00000468236,9606.ENSP00000200676,0,0,0,0,0.054,0,0.72,0.448,0.841
APOC4,PON1,9606.ENSP00000468236,9606.ENSP00000222381,0,0,0,0,0.152,0,0.72,0.646,0.908
APOC4,APOE,9606.ENSP00000468236,9606.ENSP00000252486,0,0,0,0,0.12,0,0.72,0.841,0.957
APOC4,LCAT,9606.ENSP00000468236,9606.ENSP00000264005,0,0,0,0,0.108,0,0.72,0.37,0.828
APOC4,LIPC,9606.ENSP00000468236,9606.ENSP00000299022,0,0,0,0,0.111,0,0.54,0.458,0.759
APOC4,LPA,9606.ENSP00000468236,9606.ENSP00000321334,0,0,0,0,0.237,0,0.72,0.376,0.855
APOC4,APOF,9606.ENSP00000468236,9606.ENSP00000381250,0,0,0,0,0.325,0,0.54,0.602,0.865
APOC4,PLTP,9606.ENSP00000468236,9606.ENSP00000417138,0,0,0,0,0,0,0.72,0.454,0.84
APOC4,DBI,9606.ENSP00000468236,9606.ENSP00000486361,0,0,0,0,0,0,0.72,0,0.72
APOE,CETP,9606.ENSP00000252486,9606.ENSP00000200676,0,0,0,0,0.111,0,0.72,0.904,0.974
APOE,PON1,9606.ENSP00000252486,9606.ENSP00000222381,0,0,0,0,0.103,0,0.72,0.918,0.977
APOE,LIPE,9606.ENSP00000252486,9606.ENSP00000244289,0,0,0,0,0.07,0,0,0.744,0.751
APOE,GPIHBP1,9606.ENSP00000252486,9606.ENSP00000480053,0,0,0,0,0.086,0,0.4,0.507,0.706
APOE,RELN,9606.ENSP00000252486,9606.ENSP00000392423,0,0,0,0,0.067,0,0,0.701,0.709
APOE,SREBF1,9606.ENSP00000252486,9606.ENSP00000348069,0,0,0,0,0.057,0,0,0.717,0.721
APOE,EP300,9606.ENSP00000252486,9606.ENSP00000263253,0,0,0,0,0,0,0,0.724,0.724
APOE,CYP7A1,9606.ENSP00000252486,9606.ENSP00000301645,0,0,0,0,0,0,0,0.725,0.725
APOE,PCSK9,9606.ENSP00000252486,9606.ENSP00000303208,0,0,0,0,0.063,0,0,0.722,0.729
APOE,LDLRAP1,9606.ENSP00000252486,9606.ENSP00000363458,0,0,0,0,0,0,0.4,0.571,0.731
APOE,PPARG,9606.ENSP00000252486,9606.ENSP00000287820,0,0,0,0,0.054,0,0,0.737,0.74
APOE,CYP46A1,9606.ENSP00000252486,9606.ENSP00000261835,0,0,0,0,0.044,0,0,0.74,0.74
APOE,MTTP,9606.ENSP00000252486,9606.ENSP00000427679,0,0,0,0,0.122,0,0,0.726,0.749
APOE,HDLBP,9606.ENSP00000252486,9606.ENSP00000375836,0,0,0,0,0,0,0.54,0.517,0.768
APOE,LSR,9606.ENSP00000252486,9606.ENSP00000480821,0,0,0,0,0.049,0,0.54,0.515,0.769
APOE,NR1H2,9606.ENSP00000252486,9606.ENSP00000499121,0,0,0,0,0.042,0,0.5,0.604,0.793
APOE,CD36,9606.ENSP00000252486,9606.ENSP00000415743,0,0,0,0,0.081,0,0,0.786,0.795
APOE,CAV1,9606.ENSP00000252486,9606.ENSP00000339191,0,0,0,0,0,0,0,0.801,0.801
APOE,HMGCR,9606.ENSP00000252486,9606.ENSP00000287936,0,0,0,0,0,0,0,0.806,0.806
APOE,BCHE,9606.ENSP00000252486,9606.ENSP00000264381,0,0,0,0,0.076,0,0,0.829,0.835
APOE,LDLR,9606.ENSP00000252486,9606.ENSP00000454071,0,0,0,0,0,0.617,0.54,0.16,0.839
APOE,NR1H3,9606.ENSP00000252486,9606.ENSP00000477707,0,0,0,0,0.138,0,0.5,0.681,0.85
APOE,APOF,9606.ENSP00000252486,9606.ENSP00000381250,0,0,0,0,0,0,0.54,0.719,0.865
APOE,DBI,9606.ENSP00000252486,9606.ENSP00000486361,0,0,0,0,0.067,0,0.9,0.147,0.913
APOE,LIPC,9606.ENSP00000252486,9606.ENSP00000299022,0,0,0,0,0,0,0.54,0.883,0.943
APOE,CARM1,9606.ENSP00000252486,9606.ENSP00000325690,0,0,0,0,0,0,0,0.948,0.948
APOE,LCAT,9606.ENSP00000252486,9606.ENSP00000264005,0,0,0,0,0.042,0.292,0.72,0.8,0.956
APOE,PLTP,9606.ENSP00000252486,9606.ENSP00000417138,0,0,0,0,0.223,0.292,0.72,0.822,0.968
APOE,SCARB1,9606.ENSP00000252486,9606.ENSP00000261693,0,0,0,0,0.107,0.115,0,0.963,0.968
APOE,LPA,9606.ENSP00000252486,9606.ENSP00000321334,0,0,0,0,0,0,0.72,0.902,0.971
APOE,LPL,9606.ENSP00000252486,9606.ENSP00000497642,0,0,0,0,0.102,0,0.8,0.908,0.982
APOE,VLDLR,9606.ENSP00000252486,9606.ENSP00000371532,0,0,0,0,0,0.236,0.54,0.997,0.998
APOF,CETP,9606.ENSP00000381250,9606.ENSP00000200676,0,0,0,0,0.068,0,0.75,0.927,0.981
APOF,PON1,9606.ENSP00000381250,9606.ENSP00000222381,0,0,0,0,0.211,0,0.54,0.717,0.888
APOF,LCAT,9606.ENSP00000381250,9606.ENSP00000264005,0,0,0,0,0.107,0,0.54,0.449,0.754
APOF,LPA,9606.ENSP00000381250,9606.ENSP00000321334,0,0,0,0,0.337,0,0.54,0.399,0.8
APOF,PLTP,9606.ENSP00000381250,9606.ENSP00000417138,0,0,0,0,0,0,0.54,0.726,0.868
ARF1,PLEKHA3,9606.ENSP00000440005,9606.ENSP00000234453,0,0,0,0,0.062,0.071,0.7,0.994,0.998
ARF1,ARF3,9606.ENSP00000440005,9606.ENSP00000256682,0,0,0.048,0.985,0.058,0.511,0.7,0.055,0.853
ARF1,PLD2,9606.ENSP00000440005,9606.ENSP00000263088,0,0,0,0,0,0.535,0.9,0.822,0.991
ARF1,OSBP,9606.ENSP00000440005,9606.ENSP00000263847,0,0,0,0,0.086,0.069,0,0.923,0.929
ARF1,RAB5A,9606.ENSP00000440005,9606.ENSP00000273047,0,0,0,0,0.127,0.385,0,0.616,0.776
ARF1,PLD1,9606.ENSP00000440005,9606.ENSP00000342793,0,0,0,0,0.042,0.504,0.9,0.61,0.979
ARF1,PI4KB,9606.ENSP00000440005,9606.ENSP00000357869,0,0,0,0,0.098,0.288,0.7,0.914,0.981
ARF1,OCRL,9606.ENSP00000440005,9606.ENSP00000360154,0,0,0,0,0.049,0.053,0.5,0.679,0.836
ARF1,PRKD3,9606.ENSP00000440005,9606.ENSP00000368356,0,0,0,0,0.047,0,0,0.83,0.831
ARF1,PRKD1,9606.ENSP00000440005,9606.ENSP00000390535,0,0,0,0,0,0,0,0.836,0.836
ARF1,PRKD2,9606.ENSP00000440005,9606.ENSP00000393978,0,0,0,0,0.053,0,0,0.834,0.836
ARF1,PLEKHA8,9606.ENSP00000440005,9606.ENSP00000397947,0,0,0,0,0.062,0.314,0.7,0.833,0.963
ARF1,CEL,9606.ENSP00000440005,9606.ENSP00000501111,0,0,0,0,0,0,0,0.702,0.702
ARF1,CLTC,9606.ENSP00000440005,9606.ENSP00000479606,0,0,0,0,0.082,0.107,0.5,0.793,0.903
ARF3,PI4KB,9606.ENSP00000256682,9606.ENSP00000357869,0,0,0,0,0.138,0.288,0.7,0.395,0.873
ARNT,CREBBP,9606.ENSP00000351407,9606.ENSP00000262367,0,0,0,0,0.107,0.095,0.8,0.829,0.968
ARNT,EP300,9606.ENSP00000351407,9606.ENSP00000263253,0,0,0,0,0.147,0.535,0.8,0.992,0.999
ARNT,ARNT2,9606.ENSP00000351407,9606.ENSP00000307479,0,0,0.052,0.961,0,0,0.9,0.69,0.968
ARNT,CYP1B1,9606.ENSP00000351407,9606.ENSP00000478561,0,0,0,0,0,0.226,0,0.706,0.763
ARNT,CYP1A1,9606.ENSP00000351407,9606.ENSP00000378488,0,0,0,0,0,0,0.4,0.853,0.908
ARNT2,EP300,9606.ENSP00000307479,9606.ENSP00000263253,0,0,0,0,0.055,0.091,0,0.779,0.793
ARNT2,ARNTL,9606.ENSP00000307479,9606.ENSP00000384517,0,0,0,0.815,0,0,0.54,0.392,0.708
ARNTL,NR1D1,9606.ENSP00000384517,9606.ENSP00000246672,0,0,0,0,0.049,0,0.5,0.979,0.989
ARNTL,RORA,9606.ENSP00000384517,9606.ENSP00000261523,0,0,0,0,0.084,0.113,0.5,0.919,0.962
ARNTL,CREBBP,9606.ENSP00000384517,9606.ENSP00000262367,0,0,0,0,0.06,0.544,0,0.965,0.983
ARNTL,EP300,9606.ENSP00000384517,9606.ENSP00000263253,0,0,0,0,0.058,0.329,0.5,0.962,0.986
ARNTL,PPARGC1A,9606.ENSP00000384517,9606.ENSP00000264867,0,0,0,0,0,0,0.5,0.587,0.785
ARNTL,NCOR1,9606.ENSP00000384517,9606.ENSP00000268712,0,0,0,0,0.044,0.046,0.5,0.463,0.722
ARNTL,NPAS2,9606.ENSP00000384517,9606.ENSP00000338283,0,0,0,0.64,0.11,0.919,0.8,0.991,0.999
ARNTL,RXRA,9606.ENSP00000384517,9606.ENSP00000419692,0,0,0,0,0.044,0.396,0,0.648,0.779
ARNTL,PPARA,9606.ENSP00000384517,9606.ENSP00000385523,0,0,0,0,0,0.183,0.5,0.695,0.864
ARNTL,CLOCK,9606.ENSP00000384517,9606.ENSP00000426983,0,0,0,0.645,0.117,0.994,0.8,0.991,0.999
ARSA,GLB1,9606.ENSP00000216124,9606.ENSP00000306920,0,0,0,0,0.074,0.052,0,0.688,0.702
ARSA,SUMF2,9606.ENSP00000216124,9606.ENSP00000498402,0,0,0.404,0,0.049,0.046,0.5,0.303,0.777
ARSA,ASAH1,9606.ENSP00000216124,9606.ENSP00000371152,0,0,0,0,0.045,0,0,0.782,0.783
ARSA,NEU2,9606.ENSP00000216124,9606.ENSP00000233840,0,0,0,0,0,0,0.9,0.085,0.904
ARSA,NEU3,9606.ENSP00000216124,9606.ENSP00000294064,0,0,0,0,0,0.046,0.9,0.086,0.905
ARSA,PSAP,9606.ENSP00000216124,9606.ENSP00000378394,0,0,0,0,0.062,0,0,0.911,0.913
ARSA,NEU4,9606.ENSP00000216124,9606.ENSP00000320318,0,0,0,0,0,0.046,0.9,0.193,0.916
ARSA,NEU1,9606.ENSP00000216124,9606.ENSP00000364782,0,0,0,0,0.048,0,0.9,0.262,0.923
ARSA,ARSG,9606.ENSP00000216124,9606.ENSP00000407193,0,0,0.13,0.82,0.049,0,0.9,0.191,0.924
ARSA,UGT8,9606.ENSP00000216124,9606.ENSP00000311648,0,0,0,0,0,0,0.9,0.507,0.948
ARSA,ARSB,9606.ENSP00000216124,9606.ENSP00000264914,0,0,0.203,0.671,0.076,0.065,0.9,0.389,0.95
ARSA,SUMF1,9606.ENSP00000216124,9606.ENSP00000272902,0,0,0.43,0,0.049,0.401,0.5,0.78,0.957
ARSA,GLA,9606.ENSP00000216124,9606.ENSP00000218516,0,0,0,0,0.052,0,0.9,0.753,0.974
ARSA,GALC,9606.ENSP00000216124,9606.ENSP00000261304,0,0,0,0,0,0,0.9,0.859,0.985
ARSB,STS,9606.ENSP00000264914,9606.ENSP00000217961,0,0,0.216,0.643,0.088,0.065,0.4,0.384,0.708
ARSB,MMUT,9606.ENSP00000264914,9606.ENSP00000274813,0,0,0,0,0.065,0,0,0.714,0.721
ARSB,ARSK,9606.ENSP00000264914,9606.ENSP00000369346,0,0,0.485,0,0.05,0.053,0.4,0.473,0.827
ARSB,ARSG,9606.ENSP00000264914,9606.ENSP00000407193,0,0,0.226,0.625,0.075,0.087,0.9,0.227,0.94
ARSB,SUMF1,9606.ENSP00000264914,9606.ENSP00000272902,0,0,0.434,0,0.047,0.046,0.4,0.857,0.947
ARSD,SUMF1,9606.ENSP00000370546,9606.ENSP00000272902,0,0,0.396,0,0.084,0.046,0.4,0.201,0.701
ARSD,MED14,9606.ENSP00000370546,9606.ENSP00000323720,0,0,0,0,0.079,0.511,0,0.389,0.701
ARSF,SUMF1,9606.ENSP00000370519,9606.ENSP00000272902,0,0,0.401,0,0,0.146,0.4,0.199,0.721
ARSG,SUMF1,9606.ENSP00000407193,9606.ENSP00000272902,0,0,0.431,0,0.049,0.212,0.4,0.403,0.819
ARSG,ARSK,9606.ENSP00000407193,9606.ENSP00000369346,0,0,0.502,0,0.06,0.053,0.4,0.439,0.823
ARSH,SUMF1,9606.ENSP00000370522,9606.ENSP00000272902,0,0,0.401,0,0,0.046,0.4,0.297,0.726
ARSH,ARSI,9606.ENSP00000370522,9606.ENSP00000333395,0,0,0.231,0.612,0.068,0.065,0.4,0.382,0.706
ARSH,ARSK,9606.ENSP00000370522,9606.ENSP00000369346,0,0,0.239,0.556,0,0.053,0.4,0.531,0.77
ARSI,SUMF1,9606.ENSP00000333395,9606.ENSP00000272902,0,0,0.439,0,0,0.046,0.4,0.34,0.759
ARSI,ARSK,9606.ENSP00000333395,9606.ENSP00000369346,0,0,0.497,0,0,0.053,0.4,0.727,0.911
ARSJ,SUMF1,9606.ENSP00000320219,9606.ENSP00000272902,0,0,0.43,0,0,0.046,0.4,0.354,0.761
ARSJ,ARSK,9606.ENSP00000320219,9606.ENSP00000369346,0,0,0.491,0,0.049,0.053,0.4,0.696,0.901
ARSK,SUMF1,9606.ENSP00000369346,9606.ENSP00000272902,0,0,0.28,0,0,0.233,0.4,0.409,0.778
ARSL,SUMF1,9606.ENSP00000500220,9606.ENSP00000272902,0,0,0.405,0,0,0.166,0.4,0.193,0.727
ARSL,EBP,9606.ENSP00000500220,9606.ENSP00000417052,0,0,0,0,0.068,0,0,0.833,0.837
ASAH1,CERK,9606.ENSP00000371152,9606.ENSP00000216264,0,0,0,0,0,0.046,0.911,0.776,0.979
ASAH1,SPTLC2,9606.ENSP00000371152,9606.ENSP00000216484,0,0,0,0,0.056,0,0,0.757,0.761
ASAH1,GLA,9606.ENSP00000371152,9606.ENSP00000218516,0,0,0,0,0.056,0,0,0.814,0.817
ASAH1,SMPD3,9606.ENSP00000371152,9606.ENSP00000219334,0,0,0,0,0,0,0.65,0.552,0.836
ASAH1,SGPP1,9606.ENSP00000371152,9606.ENSP00000247225,0,0,0,0,0.059,0.077,0.9,0.552,0.955
ASAH1,SMPD2,9606.ENSP00000371152,9606.ENSP00000258052,0,0,0,0,0,0,0.65,0.712,0.895
ASAH1,GALC,9606.ENSP00000371152,9606.ENSP00000261304,0,0,0,0,0.072,0,0.9,0.835,0.983
ASAH1,SPTLC1,9606.ENSP00000371152,9606.ENSP00000262554,0,0,0,0,0.067,0,0,0.809,0.814
ASAH1,GLB1,9606.ENSP00000371152,9606.ENSP00000306920,0,0,0,0,0.133,0.095,0,0.732,0.771
ASAH1,DEGS2,9606.ENSP00000371152,9606.ENSP00000307126,0,0,0,0,0,0,0.9,0.478,0.945
ASAH1,UGT8,9606.ENSP00000371152,9606.ENSP00000311648,0,0,0,0,0,0,0.9,0.449,0.942
ASAH1,SPHK1,9606.ENSP00000371152,9606.ENSP00000313681,0,0,0,0,0,0.046,0.918,0.766,0.98
ASAH1,GBA,9606.ENSP00000371152,9606.ENSP00000314508,0,0,0,0,0.109,0,0.9,0.787,0.979
ASAH1,SGPP2,9606.ENSP00000371152,9606.ENSP00000315137,0,0,0,0,0,0.077,0.9,0.484,0.948
ASAH1,DEGS1,9606.ENSP00000371152,9606.ENSP00000316476,0,0,0,0,0.058,0,0.9,0.607,0.959
ASAH1,ENPP7,9606.ENSP00000371152,9606.ENSP00000332656,0,0,0,0,0.052,0.045,0.65,0.491,0.817
ASAH1,SMPD1,9606.ENSP00000371152,9606.ENSP00000340409,0,0,0,0,0.073,0.087,0.65,0.909,0.969
ASAH1,SGMS1,9606.ENSP00000371152,9606.ENSP00000354829,0,0,0,0,0.074,0,0.9,0.626,0.962
ASAH1,UGCG,9606.ENSP00000371152,9606.ENSP00000363397,0,0,0,0,0,0,0.9,0.729,0.971
ASAH1,GBA2,9606.ENSP00000371152,9606.ENSP00000367343,0,0,0,0,0,0.071,0.9,0.676,0.967
ASAH1,SPTLC3,9606.ENSP00000371152,9606.ENSP00000381968,0,0,0,0,0,0,0,0.754,0.754
ASAH1,SMPD4,9606.ENSP00000371152,9606.ENSP00000386531,0,0,0,0,0.042,0,0.65,0.532,0.829
ASAH1,PSAP,9606.ENSP00000371152,9606.ENSP00000378394,0,0,0,0,0.261,0,0,0.906,0.928
ASAH1,SGMS2,9606.ENSP00000371152,9606.ENSP00000378176,0,0,0,0,0.049,0,0.9,0.57,0.955
ASAH1,KDSR,9606.ENSP00000371152,9606.ENSP00000494352,0,0,0,0,0.045,0,0.9,0.581,0.956
ASAH1,SPHK2,9606.ENSP00000371152,9606.ENSP00000469158,0,0,0,0,0,0.046,0.918,0.746,0.978
ASAH1,ASAH2,9606.ENSP00000371152,9606.ENSP00000378897,0,0,0,0,0,0,0.9,0.936,0.993
ASAH2,CERK,9606.ENSP00000378897,9606.ENSP00000216264,0,0,0,0,0,0.079,0.914,0.713,0.975
ASAH2,SPTLC2,9606.ENSP00000378897,9606.ENSP00000216484,0,0,0,0,0,0,0,0.72,0.72
ASAH2,SMPD3,9606.ENSP00000378897,9606.ENSP00000219334,0,0,0,0,0,0,0.65,0.464,0.804
ASAH2,SGPP1,9606.ENSP00000378897,9606.ENSP00000247225,0,0,0,0,0,0,0.9,0.421,0.939
ASAH2,SMPD2,9606.ENSP00000378897,9606.ENSP00000258052,0,0,0,0,0,0,0.65,0.746,0.907
ASAH2,GALC,9606.ENSP00000378897,9606.ENSP00000261304,0,0,0,0,0,0,0.9,0.37,0.934
ASAH2,SPTLC1,9606.ENSP00000378897,9606.ENSP00000262554,0,0,0,0,0,0,0,0.772,0.772
ASAH2,DEGS2,9606.ENSP00000378897,9606.ENSP00000307126,0,0,0,0,0,0,0.9,0.477,0.945
ASAH2,UGT8,9606.ENSP00000378897,9606.ENSP00000311648,0,0,0,0,0.042,0,0.9,0.193,0.916
ASAH2,SPHK1,9606.ENSP00000378897,9606.ENSP00000313681,0,0,0,0,0,0.067,0.918,0.745,0.978
ASAH2,GBA,9606.ENSP00000378897,9606.ENSP00000314508,0,0,0,0,0,0,0.9,0.313,0.928
ASAH2,SGPP2,9606.ENSP00000378897,9606.ENSP00000315137,0,0,0,0,0,0,0.9,0.47,0.944
ASAH2,DEGS1,9606.ENSP00000378897,9606.ENSP00000316476,0,0,0,0,0,0,0.9,0.503,0.948
ASAH2,ENPP7,9606.ENSP00000378897,9606.ENSP00000332656,0,0,0,0,0,0,0.65,0.695,0.888
ASAH2,SMPD1,9606.ENSP00000378897,9606.ENSP00000340409,0,0,0,0,0,0,0.65,0.678,0.882
ASAH2,SGMS1,9606.ENSP00000378897,9606.ENSP00000354829,0,0.27,0,0,0.049,0,0.9,0.566,0.965
ASAH2,UGCG,9606.ENSP00000378897,9606.ENSP00000363397,0,0,0,0,0,0,0.9,0.644,0.962
ASAH2,GBA2,9606.ENSP00000378897,9606.ENSP00000367343,0,0,0,0,0,0,0.9,0.546,0.952
ASAH2,SGMS2,9606.ENSP00000378897,9606.ENSP00000378176,0,0.109,0,0,0,0,0.9,0.541,0.955
ASAH2,SPTLC3,9606.ENSP00000378897,9606.ENSP00000381968,0,0,0,0,0,0,0,0.719,0.719
ASAH2,SMPD4,9606.ENSP00000378897,9606.ENSP00000386531,0,0,0,0,0,0,0.65,0.49,0.814
ASAH2,KDSR,9606.ENSP00000378897,9606.ENSP00000494352,0,0,0,0,0,0,0.9,0.562,0.954
ASAH2,SPHK2,9606.ENSP00000378897,9606.ENSP00000469158,0,0,0,0,0,0.067,0.918,0.746,0.978
AWAT1,SLC27A1,9606.ENSP00000363645,9606.ENSP00000252595,0,0,0,0,0,0,0,0.843,0.843
AWAT1,FABP4,9606.ENSP00000363645,9606.ENSP00000256104,0,0,0,0,0.055,0,0,0.74,0.744
AWAT1,ELOVL2,9606.ENSP00000363645,9606.ENSP00000346693,0,0,0,0,0,0,0,0.865,0.865
AWAT1,ELOVL3,9606.ENSP00000363645,9606.ENSP00000359022,0,0,0,0,0.431,0,0,0.755,0.855
AWAT1,ELOVL1,9606.ENSP00000363645,9606.ENSP00000477602,0,0,0,0,0,0,0,0.718,0.718
AWAT1,DGAT1,9606.ENSP00000363645,9606.ENSP00000482264,0,0,0,0,0,0.215,0,0.732,0.781
AWAT2,DGAT1,9606.ENSP00000421172,9606.ENSP00000482264,0,0,0,0,0,0.215,0.9,0.447,0.952
B3GALNT1,GLA,9606.ENSP00000498660,9606.ENSP00000218516,0,0,0,0,0.062,0,0.9,0.135,0.911
B3GALNT1,HEXB,9606.ENSP00000498660,9606.ENSP00000261416,0,0,0,0,0.074,0,0.9,0.066,0.905
B3GALNT1,HEXA,9606.ENSP00000498660,9606.ENSP00000455114,0,0,0,0,0.06,0,0.9,0.201,0.918
B4GALNT1,HEXB,9606.ENSP00000341562,9606.ENSP00000261416,0,0,0,0,0,0,0.9,0.282,0.925
B4GALNT1,GLB1,9606.ENSP00000341562,9606.ENSP00000306920,0,0,0,0,0,0,0.9,0.145,0.91
B4GALNT1,HEXA,9606.ENSP00000341562,9606.ENSP00000455114,0,0,0,0,0,0,0.9,0.359,0.933
BAAT,GGT1,9606.ENSP00000259407,9606.ENSP00000248923,0,0,0,0,0.044,0,0.9,0.178,0.914
BAAT,CYP8B1,9606.ENSP00000259407,9606.ENSP00000318867,0,0,0,0,0.144,0,0,0.716,0.747
BAAT,HSD17B4,9606.ENSP00000259407,9606.ENSP00000411960,0,0,0,0,0,0,0.537,0.496,0.757
BAAT,GGT5,9606.ENSP00000259407,9606.ENSP00000381340,0,0,0,0,0,0,0.9,0,0.9
BAAT,SCP2,9606.ENSP00000259407,9606.ENSP00000360569,0,0,0,0,0,0,0.925,0.439,0.956
BAAT,SLC27A5,9606.ENSP00000259407,9606.ENSP00000263093,0,0,0,0,0.303,0,0.9,0.839,0.987
BCHE,PON1,9606.ENSP00000264381,9606.ENSP00000222381,0,0,0,0,0.091,0,0,0.788,0.799
BCHE,CHAT,9606.ENSP00000264381,9606.ENSP00000337103,0,0,0,0,0,0,0,0.871,0.871
BDH1,OXCT1,9606.ENSP00000376184,9606.ENSP00000196371,0,0,0,0,0.065,0,0.911,0.823,0.984
BDH1,BDH2,9606.ENSP00000376184,9606.ENSP00000296424,0,0,0,0,0.073,0,0.9,0.73,0.972
BDH1,HMGCS2,9606.ENSP00000376184,9606.ENSP00000358414,0,0,0,0,0.056,0,0,0.74,0.744
BDH1,HMGCL,9606.ENSP00000376184,9606.ENSP00000363614,0,0,0,0,0.054,0,0.911,0.744,0.976
BDH1,HMGCLL1,9606.ENSP00000376184,9606.ENSP00000381654,0,0,0,0,0,0,0.911,0.42,0.946
BDH2,OXCT1,9606.ENSP00000296424,9606.ENSP00000196371,0.053,0,0,0,0.07,0.066,0.914,0.574,0.964
BDH2,HMGCLL1,9606.ENSP00000296424,9606.ENSP00000381654,0,0,0,0,0.068,0,0.918,0.276,0.94
BDH2,HMGCL,9606.ENSP00000296424,9606.ENSP00000363614,0,0,0,0,0.085,0,0.918,0.539,0.962
BHMT,DMGDH,9606.ENSP00000274353,9606.ENSP00000255189,0.06,0,0,0,0.229,0,0.932,0.865,0.992
BHMT,PEMT,9606.ENSP00000274353,9606.ENSP00000255389,0,0,0,0,0.069,0,0,0.733,0.741
BHMT,CHDH,9606.ENSP00000274353,9606.ENSP00000319851,0,0,0,0,0.068,0,0,0.744,0.751
BHMT,SARDH,9606.ENSP00000274353,9606.ENSP00000360938,0.06,0,0,0,0.121,0,0.352,0.712,0.825
BMX,RUFY1,9606.ENSP00000350224,9606.ENSP00000325594,0,0,0,0,0,0.356,0.75,0.293,0.876
CARM1,CREBBP,9606.ENSP00000325690,9606.ENSP00000262367,0,0,0,0,0.067,0.749,0.4,0.881,0.981
CARM1,EP300,9606.ENSP00000325690,9606.ENSP00000263253,0,0,0,0,0.06,0.842,0.8,0.98,0.999
CARM1,NCOR1,9606.ENSP00000325690,9606.ENSP00000268712,0,0,0,0,0.084,0.069,0.5,0.433,0.726
CARM1,MED1,9606.ENSP00000325690,9606.ENSP00000300651,0,0,0,0,0.119,0.052,0.9,0.418,0.944
CARM1,PRKACA,9606.ENSP00000325690,9606.ENSP00000309591,0,0,0,0,0.067,0,0.9,0.193,0.918
CARM1,NCOR2,9606.ENSP00000325690,9606.ENSP00000384018,0,0,0,0,0.281,0.069,0.5,0.328,0.745
CARM1,PRKACB,9606.ENSP00000325690,9606.ENSP00000359719,0,0,0,0,0,0,0.9,0.192,0.915
CARM1,PRKACG,9606.ENSP00000325690,9606.ENSP00000366488,0,0,0,0,0,0,0.9,0.193,0.915
CARM1,SP1,9606.ENSP00000325690,9606.ENSP00000329357,0,0,0,0,0.108,0.066,0.9,0.176,0.922
CARM1,NCOA1,9606.ENSP00000325690,9606.ENSP00000385216,0,0,0,0,0.049,0.528,0.4,0.923,0.976
CARM1,NCOA2,9606.ENSP00000325690,9606.ENSP00000399968,0,0,0,0,0.049,0.547,0.4,0.98,0.994
CARM1,NCOA3,9606.ENSP00000325690,9606.ENSP00000361066,0,0,0,0,0.063,0.826,0.9,0.883,0.997
CAV1,SCARB1,9606.ENSP00000339191,9606.ENSP00000261693,0,0,0,0,0.06,0.33,0,0.93,0.952
CAV1,PLD2,9606.ENSP00000339191,9606.ENSP00000263088,0,0,0,0,0.07,0.51,0.4,0.245,0.765
CAV1,PIK3CA,9606.ENSP00000339191,9606.ENSP00000263967,0,0,0,0,0,0.15,0.4,0.509,0.727
CAV1,RAB5A,9606.ENSP00000339191,9606.ENSP00000273047,0,0,0,0,0,0.078,0,0.751,0.761
CAV1,PPARG,9606.ENSP00000339191,9606.ENSP00000287820,0,0,0,0,0.085,0.516,0,0.512,0.765
CAV1,PLIN1,9606.ENSP00000339191,9606.ENSP00000300055,0,0,0,0,0.048,0,0.75,0.692,0.92
CAV1,PRKACA,9606.ENSP00000339191,9606.ENSP00000309591,0,0,0,0,0,0.292,0,0.895,0.922
CAV1,PTPN13,9606.ENSP00000339191,9606.ENSP00000394794,0,0,0,0,0.059,0.118,0,0.713,0.74
CAV1,TXNRD1,9606.ENSP00000339191,9606.ENSP00000434516,0,0,0,0,0.067,0.353,0,0.632,0.758
CAV1,SCP2,9606.ENSP00000339191,9606.ENSP00000360569,0,0,0,0,0.047,0.324,0,0.683,0.778
CAV1,PTGS2,9606.ENSP00000339191,9606.ENSP00000356438,0,0,0,0,0.061,0.625,0,0.547,0.826
CAV1,PRKACB,9606.ENSP00000339191,9606.ENSP00000359719,0,0,0,0,0,0,0,0.891,0.891
CAV1,PRKACG,9606.ENSP00000339191,9606.ENSP00000366488,0,0,0,0,0,0,0,0.894,0.894
CAV1,PTEN,9606.ENSP00000339191,9606.ENSP00000361021,0,0,0,0,0,0.345,0,0.872,0.912
CAV1,CD36,9606.ENSP00000339191,9606.ENSP00000415743,0,0,0,0,0.053,0,0,0.956,0.956
CAV1,FYN,9606.ENSP00000339191,9606.ENSP00000346671,0,0,0,0,0.051,0.511,0.9,0.944,0.997
CBR1,MCEE,9606.ENSP00000290349,9606.ENSP00000244217,0.045,0,0,0,0.119,0,0.188,0.765,0.818
CBR1,CYP1A1,9606.ENSP00000290349,9606.ENSP00000378488,0,0,0,0,0.091,0,0.911,0.273,0.936
CBR1,PTGES2,9606.ENSP00000290349,9606.ENSP00000345341,0,0,0,0,0.056,0,0.9,0.393,0.937
CBR1,PTGES3,9606.ENSP00000290349,9606.ENSP00000482075,0,0,0,0,0.079,0.057,0.9,0.381,0.939
CBR1,PTGES,9606.ENSP00000290349,9606.ENSP00000342385,0,0,0,0,0,0,0.9,0.42,0.939
CBR4,MCAT,9606.ENSP00000303525,9606.ENSP00000290429,0.057,0.329,0,0,0.256,0.145,0,0.499,0.761
CBR4,FASN,9606.ENSP00000303525,9606.ENSP00000304592,0.044,0,0,0,0.055,0.145,0.918,0.174,0.938
CBR4,HSD17B8,9606.ENSP00000303525,9606.ENSP00000363794,0,0,0.13,0.818,0.432,0.982,0.9,0.125,0.999
CCN2,TEAD3,9606.ENSP00000356954,9606.ENSP00000345772,0,0,0,0,0.11,0,0.5,0.443,0.73
CCN2,TEAD4,9606.ENSP00000356954,9606.ENSP00000352926,0,0,0,0,0.088,0,0.5,0.613,0.808
CCN2,TEAD2,9606.ENSP00000356954,9606.ENSP00000472109,0,0,0,0,0.113,0,0.5,0.501,0.759
CCN2,WWTR1,9606.ENSP00000356954,9606.ENSP00000419465,0,0,0,0,0.163,0,0.5,0.596,0.816
CCN2,TEAD1,9606.ENSP00000356954,9606.ENSP00000435233,0,0,0,0,0.149,0,0.5,0.662,0.843
CCN2,YAP1,9606.ENSP00000356954,9606.ENSP00000478927,0,0,0,0,0.213,0.292,0.5,0.681,0.899
CCNC,MED31,9606.ENSP00000428982,9606.ENSP00000225728,0,0,0,0,0.049,0.837,0.8,0.647,0.987
CCNC,MED28,9606.ENSP00000428982,9606.ENSP00000237380,0,0,0,0,0.05,0.994,0.8,0.442,0.999
CCNC,MED17,9606.ENSP00000428982,9606.ENSP00000251871,0,0,0,0,0.06,0.788,0.8,0.917,0.996
CCNC,MED10,9606.ENSP00000428982,9606.ENSP00000255764,0,0,0,0,0.055,0.873,0.8,0.666,0.99
CCNC,MED4,9606.ENSP00000428982,9606.ENSP00000258648,0,0,0,0,0.067,0.829,0.8,0.637,0.986
CCNC,MED15,9606.ENSP00000428982,9606.ENSP00000263205,0,0,0,0,0,0.833,0.8,0.669,0.987
CCNC,MED26,9606.ENSP00000428982,9606.ENSP00000263390,0,0,0,0,0.053,0.429,0.8,0.807,0.976
CCNC,MED20,9606.ENSP00000428982,9606.ENSP00000265350,0,0,0,0,0,0.836,0.8,0.447,0.98
CCNC,MED9,9606.ENSP00000428982,9606.ENSP00000268711,0,0,0,0,0,0.819,0.8,0.418,0.977
CCNC,MED13L,9606.ENSP00000428982,9606.ENSP00000281928,0,0,0,0,0,0.851,0.8,0.987,0.999
CCNC,MED21,9606.ENSP00000428982,9606.ENSP00000282892,0,0,0,0,0.068,0.834,0.8,0.892,0.996
CCNC,MED7,9606.ENSP00000428982,9606.ENSP00000286317,0,0,0,0,0.062,0.853,0.8,0.709,0.99
CCNC,MED8,9606.ENSP00000428982,9606.ENSP00000290663,0,0,0,0,0.048,0.817,0.8,0.47,0.979
CCNC,MED27,9606.ENSP00000428982,9606.ENSP00000292035,0,0,0,0,0.082,0.838,0.8,0.501,0.983
CCNC,MED11,9606.ENSP00000428982,9606.ENSP00000293777,0,0,0,0,0,0.834,0.8,0.317,0.975
CCNC,MED30,9606.ENSP00000428982,9606.ENSP00000297347,0,0,0,0,0.061,0.758,0.8,0.506,0.974
CCNC,MED1,9606.ENSP00000428982,9606.ENSP00000300651,0,0,0,0,0.06,0.994,0.8,0.77,0.999
CCNC,MED14,9606.ENSP00000428982,9606.ENSP00000323720,0,0,0,0,0.087,0.851,0.8,0.919,0.997
CCNC,MED16,9606.ENSP00000428982,9606.ENSP00000325612,0,0,0,0,0,0.831,0.8,0.53,0.982
CCNC,MED25,9606.ENSP00000428982,9606.ENSP00000326767,0,0,0,0,0,0.801,0.8,0.214,0.965
CCNC,MED23,9606.ENSP00000428982,9606.ENSP00000357047,0,0,0,0,0.087,0.829,0.8,0.631,0.986
CCNC,CDK19,9606.ENSP00000428982,9606.ENSP00000357907,0,0,0,0,0.107,0.977,0.8,0.996,0.999
CCNC,MED18,9606.ENSP00000428982,9606.ENSP00000362948,0,0,0,0,0.196,0.994,0.8,0.711,0.999
CCNC,MED12,9606.ENSP00000428982,9606.ENSP00000363193,0,0,0,0,0,0.994,0.8,0.999,0.999
CCNC,CDK8,9606.ENSP00000428982,9606.ENSP00000370938,0,0,0,0,0.147,0.999,0.9,0.999,0.999
CCNC,MED13,9606.ENSP00000428982,9606.ENSP00000380888,0,0,0,0,0.048,0.852,0.8,0.997,0.999
CCNC,MED24,9606.ENSP00000428982,9606.ENSP00000440100,0,0,0,0,0.046,0.834,0.8,0.402,0.978
CCNC,MED29,9606.ENSP00000428982,9606.ENSP00000481733,0,0,0,0,0,0.843,0.8,0.48,0.982
CCNC,MED22,9606.ENSP00000428982,9606.ENSP00000482438,0,0,0,0,0.234,0.842,0.8,0.555,0.987
CCNC,MED19,9606.ENSP00000428982,9606.ENSP00000498791,0,0,0,0,0,0.874,0.8,0.627,0.989
CCNC,MED6,9606.ENSP00000428982,9606.ENSP00000481920,0,0,0,0,0.063,0.861,0.8,0.929,0.997
CD36,LIPE,9606.ENSP00000415743,9606.ENSP00000244289,0,0,0,0,0.089,0,0,0.691,0.707
CD36,SLC27A1,9606.ENSP00000415743,9606.ENSP00000252595,0,0,0,0,0.049,0,0,0.834,0.836
CD36,FABP4,9606.ENSP00000415743,9606.ENSP00000256104,0,0,0,0,0.521,0,0.5,0.881,0.969
CD36,PPARGC1A,9606.ENSP00000415743,9606.ENSP00000264867,0,0,0,0,0.059,0,0.5,0.693,0.843
CD36,MED20,9606.ENSP00000415743,9606.ENSP00000265350,0,0,0,0,0,0,0.5,0.527,0.753
CD36,CPT1A,9606.ENSP00000415743,9606.ENSP00000265641,0,0,0,0,0.044,0,0,0.81,0.811
CD36,PLIN2,9606.ENSP00000415743,9606.ENSP00000276914,0,0,0,0,0.112,0.112,0,0.664,0.712
CD36,PPARG,9606.ENSP00000415743,9606.ENSP00000287820,0,0,0,0,0.164,0,0.5,0.873,0.942
CD36,FABP1,9606.ENSP00000415743,9606.ENSP00000295834,0,0,0,0,0.05,0,0.5,0.88,0.938
CD36,FABP5,9606.ENSP00000415743,9606.ENSP00000297258,0,0,0,0,0.14,0,0,0.744,0.77
CD36,MED30,9606.ENSP00000415743,9606.ENSP00000297347,0,0,0,0,0,0,0.5,0.48,0.728
CD36,PLIN1,9606.ENSP00000415743,9606.ENSP00000300055,0,0,0,0,0.253,0.112,0,0.743,0.815
CD36,PCSK9,9606.ENSP00000415743,9606.ENSP00000303208,0,0,0,0,0,0,0,0.745,0.745
CD36,FASN,9606.ENSP00000415743,9606.ENSP00000304592,0,0,0,0,0,0,0,0.735,0.735
CD36,PPARD,9606.ENSP00000415743,9606.ENSP00000310928,0,0,0,0,0,0,0,0.787,0.787
CD36,PNPLA2,9606.ENSP00000415743,9606.ENSP00000337701,0,0,0,0,0.082,0,0,0.709,0.722
CD36,FYN,9606.ENSP00000415743,9606.ENSP00000346671,0,0,0,0,0.048,0.63,0,0.958,0.983
CD36,SREBF1,9606.ENSP00000415743,9606.ENSP00000348069,0,0,0,0,0,0,0,0.765,0.765
CD36,FABP3,9606.ENSP00000415743,9606.ENSP00000362817,0,0,0,0,0.088,0,0,0.775,0.786
CD36,CIDEC,9606.ENSP00000415743,9606.ENSP00000373328,0,0,0,0,0.171,0,0,0.722,0.759
CD36,PPARA,9606.ENSP00000415743,9606.ENSP00000385523,0,0,0,0,0.074,0,0.5,0.905,0.952
CD36,DGAT1,9606.ENSP00000415743,9606.ENSP00000482264,0,0,0,0,0.068,0,0,0.816,0.821
CD36,LPL,9606.ENSP00000415743,9606.ENSP00000497642,0,0,0,0,0.266,0,0,0.84,0.877
CDIPT,MTMR7,9606.ENSP00000219789,9606.ENSP00000180173,0,0,0,0,0,0,0.9,0.194,0.915
CDIPT,CEPT1,9606.ENSP00000219789,9606.ENSP00000441980,0,0,0,0,0.049,0,0,0.791,0.793
CDIPT,INPP5F,9606.ENSP00000219789,9606.ENSP00000497527,0,0,0,0,0.042,0,0.9,0,0.9
CDIPT,PIK3C2G,9606.ENSP00000219789,9606.ENSP00000445381,0,0,0,0,0,0,0.9,0,0.9
CDIPT,PIK3R3,9606.ENSP00000219789,9606.ENSP00000262741,0,0,0,0,0,0,0.9,0.078,0.903
CDIPT,PIK3R1,9606.ENSP00000219789,9606.ENSP00000428056,0,0,0,0,0.042,0,0.9,0.083,0.904
CDIPT,PIK3C2A,9606.ENSP00000219789,9606.ENSP00000265970,0,0,0,0,0.044,0,0.9,0.114,0.907
CDIPT,PIK3R2,9606.ENSP00000219789,9606.ENSP00000222254,0,0,0,0,0.049,0,0.9,0.127,0.909
CDIPT,MTMR6,9606.ENSP00000219789,9606.ENSP00000371221,0,0,0,0,0.049,0,0.9,0.135,0.91
CDIPT,PIK3C2B,9606.ENSP00000219789,9606.ENSP00000356155,0,0,0,0,0.042,0,0.9,0.174,0.914
CDIPT,MTMR4,9606.ENSP00000219789,9606.ENSP00000325285,0,0,0,0,0.06,0,0.9,0.169,0.915
CDIPT,MTMR14,9606.ENSP00000219789,9606.ENSP00000296003,0,0,0,0,0.06,0,0.9,0.17,0.915
CDIPT,MTMR1,9606.ENSP00000219789,9606.ENSP00000414178,0,0,0,0,0.085,0,0.9,0.169,0.917
CDIPT,MTMR3,9606.ENSP00000219789,9606.ENSP00000384651,0,0,0,0,0.06,0,0.9,0.232,0.921
CDIPT,MTM1,9606.ENSP00000219789,9606.ENSP00000359423,0,0,0,0,0.049,0,0.9,0.29,0.926
CDIPT,MTMR2,9606.ENSP00000219789,9606.ENSP00000345752,0,0,0,0,0,0,0.9,0.302,0.927
CDIPT,PTEN,9606.ENSP00000219789,9606.ENSP00000361021,0.053,0,0,0,0.103,0.066,0.9,0.237,0.928
CDIPT,PISD,9606.ENSP00000219789,9606.ENSP00000391739,0.057,0,0,0,0.061,0.246,0.756,0.628,0.928
CDIPT,PIKFYVE,9606.ENSP00000219789,9606.ENSP00000264380,0,0,0,0,0.042,0,0.9,0.459,0.943
CDIPT,PI4K2A,9606.ENSP00000219789,9606.ENSP00000359665,0,0,0,0,0.122,0,0.918,0.292,0.944
CDIPT,PI4K2B,9606.ENSP00000219789,9606.ENSP00000264864,0,0,0,0,0.055,0,0.918,0.367,0.946
CDIPT,CRLS1,9606.ENSP00000219789,9606.ENSP00000368140,0,0,0,0,0.049,0,0.9,0.52,0.95
CDIPT,PGS1,9606.ENSP00000219789,9606.ENSP00000262764,0.084,0,0,0,0.117,0,0.908,0.679,0.973
CDIPT,PI4KA,9606.ENSP00000219789,9606.ENSP00000255882,0,0,0,0,0.06,0,0.954,0.487,0.976
CDIPT,CDS2,9606.ENSP00000219789,9606.ENSP00000419879,0.057,0,0,0,0.043,0.115,0.955,0.664,0.985
CDIPT,PIK3C3,9606.ENSP00000219789,9606.ENSP00000262039,0,0,0,0,0.069,0,0.979,0.447,0.988
CDIPT,CDS1,9606.ENSP00000219789,9606.ENSP00000295887,0.057,0,0,0,0,0.115,0.955,0.716,0.988
CDIPT,PI4KB,9606.ENSP00000219789,9606.ENSP00000357869,0,0,0,0,0.092,0,0.979,0.574,0.991
CDK19,MED31,9606.ENSP00000357907,9606.ENSP00000225728,0,0,0,0,0,0.889,0.8,0.649,0.991
CDK19,MED28,9606.ENSP00000357907,9606.ENSP00000237380,0,0,0,0,0.042,0.994,0.8,0.333,0.999
CDK19,MED17,9606.ENSP00000357907,9606.ENSP00000251871,0,0,0,0,0.044,0.884,0.8,0.479,0.987
CDK19,MED10,9606.ENSP00000357907,9606.ENSP00000255764,0,0,0,0,0,0.836,0.8,0.476,0.981
CDK19,MED4,9606.ENSP00000357907,9606.ENSP00000258648,0,0,0,0,0.042,0.853,0.8,0.203,0.974
CDK19,MED15,9606.ENSP00000357907,9606.ENSP00000263205,0,0,0,0,0,0.852,0.8,0.437,0.981
CDK19,MED26,9606.ENSP00000357907,9606.ENSP00000263390,0,0,0,0,0.049,0.714,0.8,0.556,0.972
CDK19,MED20,9606.ENSP00000357907,9606.ENSP00000265350,0,0,0,0,0.063,0.841,0.8,0.3,0.976
CDK19,MED9,9606.ENSP00000357907,9606.ENSP00000268711,0,0,0,0,0,0.888,0.8,0.245,0.981
CDK19,MED13L,9606.ENSP00000357907,9606.ENSP00000281928,0,0,0,0,0.049,0.869,0.8,0.921,0.997
CDK19,MED21,9606.ENSP00000357907,9606.ENSP00000282892,0,0,0,0,0,0.849,0.8,0.389,0.98
CDK19,MED7,9606.ENSP00000357907,9606.ENSP00000286317,0,0,0,0,0,0.897,0.8,0.703,0.993
CDK19,MED8,9606.ENSP00000357907,9606.ENSP00000290663,0,0,0,0,0,0.863,0.8,0.398,0.982
CDK19,MED27,9606.ENSP00000357907,9606.ENSP00000292035,0,0,0,0,0,0.84,0.8,0.286,0.975
CDK19,MED11,9606.ENSP00000357907,9606.ENSP00000293777,0,0,0,0,0,0.839,0.8,0.219,0.972
CDK19,MED30,9606.ENSP00000357907,9606.ENSP00000297347,0,0,0,0,0.049,0.843,0.8,0.439,0.981
CDK19,MED1,9606.ENSP00000357907,9606.ENSP00000300651,0,0,0,0,0.049,0.994,0.8,0.258,0.999
CDK19,MED14,9606.ENSP00000357907,9606.ENSP00000323720,0,0,0,0,0.06,0.917,0.8,0.614,0.993
CDK19,MED16,9606.ENSP00000357907,9606.ENSP00000325612,0,0,0,0,0.052,0.866,0.8,0.257,0.978
CDK19,MED25,9606.ENSP00000357907,9606.ENSP00000326767,0,0,0,0,0.049,0.623,0.8,0.112,0.927
CDK19,MED23,9606.ENSP00000357907,9606.ENSP00000357047,0,0,0,0,0.062,0.845,0.8,0.479,0.982
CDK19,MED24,9606.ENSP00000357907,9606.ENSP00000440100,0,0,0,0,0,0.865,0.8,0.068,0.972
CDK19,MED22,9606.ENSP00000357907,9606.ENSP00000482438,0,0,0,0,0,0.838,0.8,0.348,0.977
CDK19,MED29,9606.ENSP00000357907,9606.ENSP00000481733,0,0,0,0,0.042,0.842,0.8,0.359,0.978
CDK19,MED18,9606.ENSP00000357907,9606.ENSP00000362948,0,0,0,0,0,0.839,0.8,0.519,0.983
CDK19,MED6,9606.ENSP00000357907,9606.ENSP00000481920,0,0,0,0,0,0.875,0.8,0.501,0.986
CDK19,MED19,9606.ENSP00000357907,9606.ENSP00000498791,0,0,0,0,0,0.874,0.8,0.646,0.99
CDK19,CDK8,9606.ENSP00000357907,9606.ENSP00000370938,0,0,0.05,0.98,0.049,0.843,0.8,0.838,0.994
CDK19,MED13,9606.ENSP00000357907,9606.ENSP00000380888,0,0,0,0,0.049,0.872,0.8,0.995,0.999
CDK19,MED12,9606.ENSP00000357907,9606.ENSP00000363193,0,0,0,0,0.056,0.994,0.8,0.99,0.999
CDK8,MED31,9606.ENSP00000370938,9606.ENSP00000225728,0,0,0,0,0,0.86,0.8,0.74,0.992
CDK8,MED28,9606.ENSP00000370938,9606.ENSP00000237380,0,0,0,0,0,0.876,0.8,0.554,0.987
CDK8,MED17,9606.ENSP00000370938,9606.ENSP00000251871,0,0,0,0,0.08,0.917,0.9,0.887,0.999
CDK8,MED10,9606.ENSP00000370938,9606.ENSP00000255764,0,0,0,0,0.044,0.908,0.8,0.794,0.995
CDK8,MED4,9606.ENSP00000370938,9606.ENSP00000258648,0,0,0,0,0.061,0.865,0.9,0.461,0.992
CDK8,CREBBP,9606.ENSP00000370938,9606.ENSP00000262367,0,0,0,0,0.06,0.292,0.5,0.212,0.702
CDK8,MED15,9606.ENSP00000370938,9606.ENSP00000263205,0,0,0,0,0,0.908,0.8,0.848,0.996
CDK8,MED26,9606.ENSP00000370938,9606.ENSP00000263390,0,0,0,0,0.082,0.791,0.9,0.836,0.996
CDK8,MED20,9606.ENSP00000370938,9606.ENSP00000265350,0,0,0,0,0.06,0.877,0.8,0.49,0.986
CDK8,MED9,9606.ENSP00000370938,9606.ENSP00000268711,0,0,0,0,0,0.895,0.8,0.493,0.988
CDK8,MED13L,9606.ENSP00000370938,9606.ENSP00000281928,0,0,0,0,0.049,0.892,0.8,0.897,0.997
CDK8,MED21,9606.ENSP00000370938,9606.ENSP00000282892,0,0,0,0,0.049,0.906,0.9,0.828,0.998
CDK8,MED7,9606.ENSP00000370938,9606.ENSP00000286317,0,0,0,0,0.047,0.923,0.8,0.86,0.997
CDK8,MED8,9606.ENSP00000370938,9606.ENSP00000290663,0,0,0,0,0.062,0.877,0.9,0.853,0.998
CDK8,MED27,9606.ENSP00000370938,9606.ENSP00000292035,0,0,0,0,0.048,0.875,0.8,0.532,0.987
CDK8,MED11,9606.ENSP00000370938,9606.ENSP00000293777,0,0,0,0,0,0.788,0.9,0.418,0.986
CDK8,MED30,9606.ENSP00000370938,9606.ENSP00000297347,0,0,0,0,0.049,0.869,0.9,0.804,0.997
CDK8,MED1,9606.ENSP00000370938,9606.ENSP00000300651,0,0,0,0,0.138,0.928,0.9,0.731,0.998
CDK8,PPARGC1B,9606.ENSP00000370938,9606.ENSP00000312649,0,0,0,0,0.049,0,0.9,0,0.9
CDK8,MED14,9606.ENSP00000370938,9606.ENSP00000323720,0,0,0,0,0.095,0.951,0.9,0.866,0.999
CDK8,MED16,9606.ENSP00000370938,9606.ENSP00000325612,0,0,0,0,0.052,0.895,0.9,0.799,0.997
CDK8,MED25,9606.ENSP00000370938,9606.ENSP00000326767,0,0,0,0,0.049,0.847,0.8,0.253,0.975
CDK8,THRAP3,9606.ENSP00000370938,9606.ENSP00000346634,0,0,0,0,0,0.294,0.9,0.091,0.93
CDK8,MED23,9606.ENSP00000370938,9606.ENSP00000357047,0,0,0,0,0.085,0.907,0.8,0.804,0.996
CDK8,MED18,9606.ENSP00000370938,9606.ENSP00000362948,0,0,0,0,0,0.84,0.9,0.913,0.998
CDK8,MED12,9606.ENSP00000370938,9606.ENSP00000363193,0,0,0,0,0.067,0.931,0.9,0.999,0.999
CDK8,MED24,9606.ENSP00000370938,9606.ENSP00000440100,0,0,0,0,0.06,0.919,0.8,0.521,0.991
CDK8,MED22,9606.ENSP00000370938,9606.ENSP00000482438,0,0,0,0,0,0.873,0.9,0.485,0.992
CDK8,MED29,9606.ENSP00000370938,9606.ENSP00000481733,0,0,0,0,0,0.878,0.9,0.532,0.993
CDK8,MED19,9606.ENSP00000370938,9606.ENSP00000498791,0,0,0,0,0,0.889,0.8,0.763,0.994
CDK8,MED6,9606.ENSP00000370938,9606.ENSP00000481920,0,0,0,0,0.047,0.925,0.9,0.947,0.999
CDK8,MED13,9606.ENSP00000370938,9606.ENSP00000380888,0,0,0,0,0.049,0.933,0.9,0.996,0.999
CDS1,LPIN2,9606.ENSP00000295887,9606.ENSP00000261596,0,0,0,0,0,0,0.9,0.232,0.919
CDS1,PGS1,9606.ENSP00000295887,9606.ENSP00000262764,0,0,0,0,0,0,0.975,0.713,0.992
CDS1,PLD2,9606.ENSP00000295887,9606.ENSP00000263088,0,0,0,0,0,0,0.937,0.254,0.951
CDS1,COQ2,9606.ENSP00000295887,9606.ENSP00000310873,0.12,0,0,0,0,0,0.792,0.349,0.87
CDS1,PLD4,9606.ENSP00000295887,9606.ENSP00000438677,0,0,0,0,0,0,0.9,0,0.9
CDS1,PLD3,9606.ENSP00000295887,9606.ENSP00000387050,0,0,0,0,0,0,0.9,0,0.9
CDS1,MBOAT1,9606.ENSP00000295887,9606.ENSP00000324944,0,0,0,0,0.044,0.074,0.9,0,0.903
CDS1,LPIN3,9606.ENSP00000295887,9606.ENSP00000487971,0,0,0,0,0,0,0.9,0.232,0.919
CDS1,LPIN1,9606.ENSP00000295887,9606.ENSP00000397908,0,0,0,0,0,0,0.9,0.287,0.925
CDS1,LCLAT1,9606.ENSP00000295887,9606.ENSP00000310551,0,0,0,0,0.042,0,0.922,0.218,0.936
CDS1,MBOAT2,9606.ENSP00000295887,9606.ENSP00000302177,0,0,0,0,0.058,0,0.911,0.402,0.945
CDS1,PLD1,9606.ENSP00000295887,9606.ENSP00000342793,0,0,0,0,0,0,0.937,0.303,0.954
CDS1,CDS2,9606.ENSP00000295887,9606.ENSP00000419879,0,0,0.053,0.975,0,0.626,0.9,0.049,0.961
CDS1,CRLS1,9606.ENSP00000295887,9606.ENSP00000368140,0.057,0,0,0,0,0.103,0.968,0.525,0.985
CDS2,LPIN2,9606.ENSP00000419879,9606.ENSP00000261596,0,0,0,0,0.043,0,0.9,0.232,0.92
CDS2,PGS1,9606.ENSP00000419879,9606.ENSP00000262764,0,0,0,0,0.065,0,0.975,0.641,0.991
CDS2,PLD2,9606.ENSP00000419879,9606.ENSP00000263088,0,0,0,0,0,0,0.937,0.183,0.946
CDS2,MBOAT2,9606.ENSP00000419879,9606.ENSP00000302177,0,0,0,0,0,0,0.911,0.45,0.949
CDS2,LCLAT1,9606.ENSP00000419879,9606.ENSP00000310551,0,0,0,0,0.049,0,0.922,0.265,0.94
CDS2,COQ2,9606.ENSP00000419879,9606.ENSP00000310873,0.12,0,0,0,0.044,0,0.792,0.349,0.87
CDS2,MBOAT1,9606.ENSP00000419879,9606.ENSP00000324944,0,0,0,0,0,0.074,0.9,0,0.903
CDS2,PLD1,9606.ENSP00000419879,9606.ENSP00000342793,0,0,0,0,0.042,0,0.937,0.251,0.951
CDS2,CRLS1,9606.ENSP00000419879,9606.ENSP00000368140,0.057,0,0,0,0.048,0.103,0.968,0.53,0.985
CDS2,PLD3,9606.ENSP00000419879,9606.ENSP00000387050,0,0,0,0,0.06,0,0.9,0,0.901
CDS2,LPIN1,9606.ENSP00000419879,9606.ENSP00000397908,0,0,0,0,0.06,0,0.9,0.284,0.926
CDS2,PLD4,9606.ENSP00000419879,9606.ENSP00000438677,0,0,0,0,0,0,0.9,0,0.9
CDS2,LPIN3,9606.ENSP00000419879,9606.ENSP00000487971,0,0,0,0,0,0,0.9,0.232,0.919
CEL,PNPLA3,9606.ENSP00000501111,9606.ENSP00000216180,0,0,0,0,0,0,0.9,0.162,0.912
CEL,STS,9606.ENSP00000501111,9606.ENSP00000217961,0,0,0,0,0,0,0.8,0.065,0.805
CEL,PLEKHA3,9606.ENSP00000501111,9606.ENSP00000234453,0,0,0,0,0,0,0,0.902,0.902
CEL,CYP27A1,9606.ENSP00000501111,9606.ENSP00000258415,0,0,0,0,0,0,0.8,0.157,0.824
CEL,CLPS,9606.ENSP00000501111,9606.ENSP00000259938,0,0,0,0,0.695,0,0,0.739,0.917
CEL,LIPG,9606.ENSP00000501111,9606.ENSP00000261292,0,0,0,0,0,0.045,0.9,0.208,0.917
CEL,CYP46A1,9606.ENSP00000501111,9606.ENSP00000261835,0,0,0,0,0.043,0,0.8,0.174,0.828
CEL,MGLL,9606.ENSP00000501111,9606.ENSP00000265052,0,0,0,0,0,0,0.9,0.281,0.925
CEL,CYP11A1,9606.ENSP00000501111,9606.ENSP00000268053,0,0,0,0,0.07,0,0.8,0.145,0.827
CEL,LIPC,9606.ENSP00000501111,9606.ENSP00000299022,0,0,0,0,0.054,0.045,0.9,0.336,0.931
CEL,CYP7A1,9606.ENSP00000501111,9606.ENSP00000301645,0,0,0,0,0,0,0.8,0.272,0.848
CEL,PLA2G1B,9606.ENSP00000501111,9606.ENSP00000312286,0,0,0,0,0.55,0,0,0.553,0.79
CEL,LIPA,9606.ENSP00000501111,9606.ENSP00000337354,0,0,0,0,0.057,0,0.9,0.437,0.942
CEL,PNPLA2,9606.ENSP00000501111,9606.ENSP00000337701,0,0,0,0,0.067,0,0.9,0.196,0.918
CEL,DHCR7,9606.ENSP00000501111,9606.ENSP00000347717,0,0,0,0,0.049,0,0.9,0.158,0.913
CEL,PNLIP,9606.ENSP00000501111,9606.ENSP00000358223,0,0,0,0,0.319,0.045,0.9,0.777,0.983
CEL,PNLIPRP3,9606.ENSP00000501111,9606.ENSP00000358232,0,0,0,0,0.291,0.045,0.9,0.267,0.943
CEL,DHCR24,9606.ENSP00000501111,9606.ENSP00000360316,0,0,0,0,0.052,0,0.9,0.125,0.909
CEL,CH25H,9606.ENSP00000501111,9606.ENSP00000360918,0,0,0,0,0.102,0,0.8,0.073,0.818
CEL,LIPF,9606.ENSP00000501111,9606.ENSP00000377900,0,0,0,0,0.082,0,0.9,0.618,0.961
CEL,PLEKHA8,9606.ENSP00000501111,9606.ENSP00000397947,0,0,0,0,0,0,0,0.891,0.891
CEL,PNLIPRP1,9606.ENSP00000501111,9606.ENSP00000433933,0,0,0,0,0.293,0.045,0.9,0.696,0.976
CEL,DGAT1,9606.ENSP00000501111,9606.ENSP00000482264,0,0,0,0,0.048,0,0.65,0.205,0.712
CEL,LPL,9606.ENSP00000501111,9606.ENSP00000497642,0,0,0,0,0,0,0.9,0.508,0.948
CEPT1,PLA2G3,9606.ENSP00000441980,9606.ENSP00000215885,0,0,0,0,0,0,0.65,0.197,0.706
CEPT1,CHPT1,9606.ENSP00000441980,9606.ENSP00000229266,0,0,0.058,0.964,0.05,0,0.9,0.065,0.905
CEPT1,PLA2G12A,9606.ENSP00000441980,9606.ENSP00000243501,0,0,0,0,0.102,0,0.65,0.191,0.723
CEPT1,PEMT,9606.ENSP00000441980,9606.ENSP00000255389,0,0,0,0,0,0.069,0.911,0.732,0.976
CEPT1,SELENOI,9606.ENSP00000441980,9606.ENSP00000260585,0,0,0,0.679,0.042,0,0.9,0.292,0.926
CEPT1,LPCAT3,9606.ENSP00000441980,9606.ENSP00000261407,0,0,0,0,0.094,0,0.9,0.425,0.943
CEPT1,LPIN2,9606.ENSP00000441980,9606.ENSP00000261596,0,0,0,0,0.06,0,0.9,0.362,0.934
CEPT1,LPCAT2,9606.ENSP00000441980,9606.ENSP00000262134,0,0,0,0,0,0,0.9,0.54,0.952
CEPT1,PLD2,9606.ENSP00000441980,9606.ENSP00000263088,0,0,0,0,0,0,0.913,0.236,0.931
CEPT1,LCAT,9606.ENSP00000441980,9606.ENSP00000264005,0,0,0,0,0,0,0.9,0.33,0.93
CEPT1,CHKA,9606.ENSP00000441980,9606.ENSP00000265689,0,0,0,0,0.048,0,0,0.743,0.745
CEPT1,LPCAT1,9606.ENSP00000441980,9606.ENSP00000283415,0,0,0,0,0.042,0,0.9,0.446,0.942
CEPT1,PCYT1A,9606.ENSP00000441980,9606.ENSP00000292823,0,0,0,0,0.141,0,0.937,0.788,0.987
CEPT1,MBOAT2,9606.ENSP00000441980,9606.ENSP00000302177,0,0,0,0,0,0,0.9,0.46,0.943
CEPT1,PTDSS2,9606.ENSP00000441980,9606.ENSP00000308258,0,0.058,0,0,0.055,0,0.911,0.627,0.966
CEPT1,UGT8,9606.ENSP00000441980,9606.ENSP00000311648,0,0,0,0,0,0,0.9,0,0.9
CEPT1,PLA2G1B,9606.ENSP00000441980,9606.ENSP00000312286,0,0,0,0,0,0,0.65,0.205,0.709
CEPT1,LPCAT4,9606.ENSP00000441980,9606.ENSP00000317300,0,0,0,0,0.067,0,0.9,0.303,0.929
CEPT1,CHDH,9606.ENSP00000441980,9606.ENSP00000319851,0,0,0,0,0.049,0,0.8,0.295,0.854
CEPT1,PLAAT3,9606.ENSP00000441980,9606.ENSP00000320337,0,0,0,0,0.062,0,0.9,0.202,0.918
CEPT1,MBOAT1,9606.ENSP00000441980,9606.ENSP00000324944,0,0,0,0,0.07,0,0.9,0.41,0.94
CEPT1,PLB1,9606.ENSP00000441980,9606.ENSP00000330442,0,0,0,0,0,0,0.65,0.219,0.715
CEPT1,PLD1,9606.ENSP00000441980,9606.ENSP00000342793,0,0,0,0,0.049,0,0.913,0.316,0.938
CEPT1,PLA2G4A,9606.ENSP00000441980,9606.ENSP00000356436,0,0,0,0,0.042,0.047,0.65,0.245,0.726
CEPT1,PCYT1B,9606.ENSP00000441980,9606.ENSP00000368439,0,0,0,0,0,0,0.937,0.77,0.984
CEPT1,PLD3,9606.ENSP00000441980,9606.ENSP00000387050,0,0,0,0,0.055,0,0.913,0.087,0.919
CEPT1,PISD,9606.ENSP00000441980,9606.ENSP00000391739,0,0,0,0,0.097,0,0.9,0.714,0.972
CEPT1,LPIN1,9606.ENSP00000441980,9606.ENSP00000397908,0,0,0,0,0.049,0,0.9,0.446,0.942
CEPT1,PTDSS1,9606.ENSP00000441980,9606.ENSP00000430548,0,0.014,0,0,0.077,0,0.911,0.513,0.956
CEPT1,PLD4,9606.ENSP00000441980,9606.ENSP00000438677,0,0,0,0,0,0,0.913,0,0.913
CEPT1,LPIN3,9606.ENSP00000441980,9606.ENSP00000487971,0,0,0,0,0,0,0.9,0.363,0.933
CEPT1,PCYT2,9606.ENSP00000441980,9606.ENSP00000442050,0,0,0,0,0.049,0,0.964,0.772,0.991
CERK,PLA2G4A,9606.ENSP00000216264,9606.ENSP00000356436,0,0,0,0,0,0,0,0.72,0.72
CERK,KDSR,9606.ENSP00000216264,9606.ENSP00000494352,0,0,0,0,0,0,0.188,0.7,0.746
CERK,SPTLC3,9606.ENSP00000216264,9606.ENSP00000381968,0.056,0,0,0,0,0.057,0,0.785,0.792
CERK,SPTLC2,9606.ENSP00000216264,9606.ENSP00000216484,0.056,0,0,0,0,0.057,0,0.785,0.792
CERK,SPTLC1,9606.ENSP00000216264,9606.ENSP00000262554,0.056,0,0,0,0,0.057,0,0.814,0.82
CERK,GBA,9606.ENSP00000216264,9606.ENSP00000314508,0,0,0,0,0,0,0.9,0.367,0.934
CERK,ENPP7,9606.ENSP00000216264,9606.ENSP00000332656,0,0,0,0,0,0.046,0.9,0.417,0.939
CERK,GALC,9606.ENSP00000216264,9606.ENSP00000261304,0,0,0,0,0,0,0.9,0.446,0.942
CERK,GBA2,9606.ENSP00000216264,9606.ENSP00000367343,0,0,0,0,0.06,0,0.9,0.453,0.944
CERK,SMPD4,9606.ENSP00000216264,9606.ENSP00000386531,0,0,0,0,0.056,0,0.9,0.476,0.946
CERK,SMPD3,9606.ENSP00000216264,9606.ENSP00000219334,0,0,0,0,0,0,0.9,0.482,0.946
CERK,UGT8,9606.ENSP00000216264,9606.ENSP00000311648,0,0,0,0,0,0,0.9,0.531,0.951
CERK,DEGS2,9606.ENSP00000216264,9606.ENSP00000307126,0,0,0,0,0,0.067,0.9,0.536,0.953
CERK,SGMS2,9606.ENSP00000216264,9606.ENSP00000378176,0,0,0,0,0,0,0.9,0.579,0.956
CERK,DEGS1,9606.ENSP00000216264,9606.ENSP00000316476,0,0,0,0,0.042,0.067,0.9,0.595,0.959
CERK,SMPD2,9606.ENSP00000216264,9606.ENSP00000258052,0,0,0,0,0,0,0.9,0.658,0.964
CERK,SGMS1,9606.ENSP00000216264,9606.ENSP00000354829,0,0,0,0,0,0,0.9,0.687,0.967
CERK,SMPD1,9606.ENSP00000216264,9606.ENSP00000340409,0,0,0,0,0.049,0,0.9,0.694,0.968
CERK,UGCG,9606.ENSP00000216264,9606.ENSP00000363397,0.042,0,0,0,0,0,0.9,0.782,0.977
CERT1,CSNK1G2,9606.ENSP00000383996,9606.ENSP00000255641,0,0,0,0,0,0.769,0.75,0.375,0.96
CERT1,STAR,9606.ENSP00000383996,9606.ENSP00000276449,0,0,0,0,0,0,0,0.717,0.717
CERT1,STARD3,9606.ENSP00000383996,9606.ENSP00000337446,0,0,0,0,0,0,0,0.729,0.729
CERT1,VAPA,9606.ENSP00000383996,9606.ENSP00000345656,0,0,0,0,0.055,0.1,0.5,0.979,0.99
CERT1,PRKD3,9606.ENSP00000383996,9606.ENSP00000368356,0,0,0,0,0.044,0,0.4,0.602,0.751
CERT1,PRKD1,9606.ENSP00000383996,9606.ENSP00000390535,0,0,0,0,0,0,0.4,0.592,0.745
CERT1,PRKD2,9606.ENSP00000383996,9606.ENSP00000393978,0,0,0,0,0.044,0,0.4,0.594,0.747
CERT1,PCTP,9606.ENSP00000383996,9606.ENSP00000460437,0,0,0,0,0,0,0,0.798,0.798
CERT1,VAPB,9606.ENSP00000383996,9606.ENSP00000417175,0,0,0,0,0.06,0.1,0.5,0.856,0.93
CES3,LIPE,9606.ENSP00000304782,9606.ENSP00000244289,0.043,0,0,0,0.06,0,0,0.781,0.786
CETP,NR1H3,9606.ENSP00000200676,9606.ENSP00000477707,0,0,0,0,0.111,0,0.5,0.416,0.718
CETP,CYP7A1,9606.ENSP00000200676,9606.ENSP00000301645,0,0,0,0,0,0,0,0.722,0.722
CETP,DBI,9606.ENSP00000200676,9606.ENSP00000486361,0,0,0,0,0,0,0.72,0.074,0.729
CETP,LIPG,9606.ENSP00000200676,9606.ENSP00000261292,0,0,0,0,0.042,0,0,0.764,0.764
CETP,HMGCR,9606.ENSP00000200676,9606.ENSP00000287936,0,0,0,0,0,0,0,0.781,0.781
CETP,PCSK9,9606.ENSP00000200676,9606.ENSP00000303208,0,0,0,0,0,0,0,0.782,0.782
CETP,NPC1L1,9606.ENSP00000200676,9606.ENSP00000289547,0,0,0,0,0.044,0,0,0.787,0.787
CETP,SCARB1,9606.ENSP00000200676,9606.ENSP00000261693,0,0,0,0,0.056,0,0,0.797,0.8
CETP,PLTP,9606.ENSP00000200676,9606.ENSP00000417138,0,0,0,0.598,0.074,0,0.72,0.474,0.851
CETP,HDLBP,9606.ENSP00000200676,9606.ENSP00000375836,0,0,0,0,0,0,0.54,0.722,0.866
CETP,VLDLR,9606.ENSP00000200676,9606.ENSP00000371532,0,0,0,0,0.067,0,0.54,0.777,0.895
CETP,LPA,9606.ENSP00000200676,9606.ENSP00000321334,0,0,0,0,0.224,0,0.72,0.713,0.932
CETP,LPL,9606.ENSP00000200676,9606.ENSP00000497642,0,0,0,0,0.056,0,0.54,0.874,0.94
CETP,LIPC,9606.ENSP00000200676,9606.ENSP00000299022,0,0,0,0,0.067,0,0.54,0.89,0.949
CETP,PON1,9606.ENSP00000200676,9606.ENSP00000222381,0,0,0,0,0.049,0,0.72,0.89,0.968
CETP,LCAT,9606.ENSP00000200676,9606.ENSP00000264005,0,0,0,0,0.114,0,0.72,0.954,0.987
CGA,POMC,9606.ENSP00000482232,9606.ENSP00000384092,0,0,0,0,0.595,0,0.4,0.43,0.849
CGA,LHB,9606.ENSP00000482232,9606.ENSP00000497294,0,0,0,0,0.105,0,0.9,0.557,0.956
CH25H,CYP51A1,9606.ENSP00000360918,9606.ENSP00000003100,0,0,0,0,0.787,0.782,0.099,0.51,0.976
CH25H,PTGIS,9606.ENSP00000360918,9606.ENSP00000244043,0,0,0,0,0.393,0.414,0.099,0.187,0.704
CH25H,HSD17B7,9606.ENSP00000360918,9606.ENSP00000254521,0,0,0,0,0.192,0.782,0.317,0.4,0.918
CH25H,CYP27A1,9606.ENSP00000360918,9606.ENSP00000258415,0,0,0,0,0.13,0.114,0.906,0.603,0.967
CH25H,CYP46A1,9606.ENSP00000360918,9606.ENSP00000261835,0,0,0,0,0.103,0.27,0.906,0.686,0.978
CH25H,SQLE,9606.ENSP00000360918,9606.ENSP00000265896,0,0,0,0,0.675,0.782,0,0.631,0.971
CH25H,CYP39A1,9606.ENSP00000360918,9606.ENSP00000275016,0,0,0,0,0.388,0.414,0.099,0.568,0.841
CH25H,HSD3B7,9606.ENSP00000360918,9606.ENSP00000297679,0,0,0,0,0.183,0.449,0.179,0.732,0.887
CH25H,SOAT2,9606.ENSP00000360918,9606.ENSP00000301466,0,0,0,0,0.11,0.091,0.8,0.259,0.864
CH25H,CYP7A1,9606.ENSP00000360918,9606.ENSP00000301645,0,0,0,0,0.388,0.414,0.906,0.491,0.98
CH25H,CYP7B1,9606.ENSP00000360918,9606.ENSP00000310721,0,0,0,0,0.407,0.414,0.906,0.729,0.989
CH25H,CYP8B1,9606.ENSP00000360918,9606.ENSP00000318867,0,0,0,0,0.388,0.414,0.099,0.428,0.79
CH25H,HMGCS1,9606.ENSP00000360918,9606.ENSP00000322706,0,0,0,0,0.593,0.054,0,0.482,0.783
CH25H,LIPA,9606.ENSP00000360918,9606.ENSP00000337354,0,0,0,0,0.071,0.045,0.8,0.409,0.881
CH25H,DHCR7,9606.ENSP00000360918,9606.ENSP00000347717,0,0,0,0,0.14,0.4,0.837,0.561,0.958
CH25H,SOAT1,9606.ENSP00000360918,9606.ENSP00000356591,0,0,0,0,0.11,0.091,0.8,0.39,0.888
CH25H,HMGCS2,9606.ENSP00000360918,9606.ENSP00000358414,0,0,0,0,0.531,0.054,0,0.495,0.756
CH25H,NSDHL,9606.ENSP00000360918,9606.ENSP00000359297,0,0,0,0,0.4,0.449,0.179,0.248,0.768
CH25H,DHCR24,9606.ENSP00000360918,9606.ENSP00000360316,0,0,0,0,0.291,0,0.815,0.508,0.93
CH25H,LSS,9606.ENSP00000360918,9606.ENSP00000380837,0,0,0,0,0.244,0.782,0,0.446,0.9
CH25H,FDFT1,9606.ENSP00000360918,9606.ENSP00000491537,0.079,0,0,0,0.14,0.782,0,0.504,0.902
CHAT,CHKA,9606.ENSP00000337103,9606.ENSP00000265689,0,0.002,0,0,0.067,0,0.9,0.201,0.918
CHAT,SLC25A20,9606.ENSP00000337103,9606.ENSP00000326305,0,0,0,0,0.594,0,0,0.321,0.712
CHAT,HSD17B4,9606.ENSP00000337103,9606.ENSP00000411960,0,0,0,0,0.755,0.086,0,0.238,0.814
CHAT,PHOSPHO1,9606.ENSP00000337103,9606.ENSP00000406909,0,0,0,0,0.049,0,0.9,0.064,0.903
CHAT,CHKB,9606.ENSP00000337103,9606.ENSP00000384400,0,0.003,0,0,0.067,0,0.9,0.124,0.911
CHAT,GPCPD1,9606.ENSP00000337103,9606.ENSP00000368305,0,0,0,0,0.055,0,0.9,0.26,0.924
CHD9,MED1,9606.ENSP00000396345,9606.ENSP00000300651,0,0,0,0,0.104,0,0.4,0.491,0.702
CHD9,PPARA,9606.ENSP00000396345,9606.ENSP00000385523,0,0,0,0,0,0.314,0.5,0.497,0.812
CHD9,RXRA,9606.ENSP00000396345,9606.ENSP00000419692,0,0,0,0,0.055,0.314,0.5,0.463,0.802
CHDH,PEMT,9606.ENSP00000319851,9606.ENSP00000255389,0,0,0,0,0.166,0,0.8,0.635,0.933
CHDH,SELENOI,9606.ENSP00000319851,9606.ENSP00000260585,0,0,0,0,0,0,0.8,0.25,0.843
CHDH,LPCAT3,9606.ENSP00000319851,9606.ENSP00000261407,0,0,0,0,0.042,0,0.8,0,0.8
CHDH,PLD2,9606.ENSP00000319851,9606.ENSP00000263088,0,0,0,0,0,0,0.8,0.248,0.843
CHDH,MBOAT2,9606.ENSP00000319851,9606.ENSP00000302177,0,0,0,0,0,0,0.8,0.093,0.81
CHDH,PTDSS2,9606.ENSP00000319851,9606.ENSP00000308258,0,0,0,0,0.042,0,0.8,0.069,0.806
CHDH,LPCAT4,9606.ENSP00000319851,9606.ENSP00000317300,0,0,0,0,0.05,0,0.8,0,0.802
CHDH,PLD4,9606.ENSP00000319851,9606.ENSP00000438677,0,0,0,0,0.044,0,0.8,0.064,0.805
CHDH,PLD3,9606.ENSP00000319851,9606.ENSP00000387050,0,0,0,0,0.042,0,0.8,0.085,0.809
CHDH,PLAAT3,9606.ENSP00000319851,9606.ENSP00000320337,0,0,0,0,0.053,0,0.8,0.123,0.819
CHDH,PLD1,9606.ENSP00000319851,9606.ENSP00000342793,0,0,0,0,0.049,0,0.8,0.127,0.819
CHDH,PISD,9606.ENSP00000319851,9606.ENSP00000391739,0,0,0,0,0.044,0,0.8,0.247,0.843
CHDH,MBOAT1,9606.ENSP00000319851,9606.ENSP00000324944,0,0,0,0,0.047,0,0.877,0.116,0.888
CHKA,CHPT1,9606.ENSP00000265689,9606.ENSP00000229266,0,0,0,0,0.054,0,0,0.729,0.733
CHKA,PEMT,9606.ENSP00000265689,9606.ENSP00000255389,0,0,0,0,0.077,0.129,0,0.669,0.711
CHKA,CHKB,9606.ENSP00000265689,9606.ENSP00000384400,0,0,0.063,0.953,0,0,0.9,0.072,0.905
CHKA,PHOSPHO1,9606.ENSP00000265689,9606.ENSP00000406909,0,0,0,0,0,0,0.9,0.137,0.91
CHKA,GPCPD1,9606.ENSP00000265689,9606.ENSP00000368305,0,0,0,0,0.042,0,0.9,0.552,0.953
CHKA,PCYT2,9606.ENSP00000265689,9606.ENSP00000442050,0,0,0,0,0.084,0,0.975,0.715,0.993
CHKA,PCYT1A,9606.ENSP00000265689,9606.ENSP00000292823,0,0,0,0,0.042,0,0.947,0.942,0.996
CHKA,PCYT1B,9606.ENSP00000265689,9606.ENSP00000368439,0,0,0,0,0,0,0.947,0.952,0.997
CHKB,CPT1A,9606.ENSP00000384400,9606.ENSP00000265641,0,0.113,0,0,0,0,0,0.681,0.706
CHKB,PCYT1A,9606.ENSP00000384400,9606.ENSP00000292823,0,0,0,0,0.049,0,0.947,0.669,0.981
CHKB,GPCPD1,9606.ENSP00000384400,9606.ENSP00000368305,0,0,0,0,0.049,0,0.9,0.348,0.932
CHKB,PCYT1B,9606.ENSP00000384400,9606.ENSP00000368439,0,0,0,0,0,0,0.947,0.7,0.983
CHKB,CPT1B,9606.ENSP00000384400,9606.ENSP00000379011,0,0.132,0,0,0.223,0,0,0.945,0.96
CHKB,PHOSPHO1,9606.ENSP00000384400,9606.ENSP00000406909,0,0,0,0,0.044,0,0.9,0.234,0.92
CHKB,PCYT2,9606.ENSP00000384400,9606.ENSP00000442050,0,0,0,0,0.074,0,0.975,0.741,0.993
CHPT1,PLA2G2E,9606.ENSP00000229266,9606.ENSP00000364257,0,0,0,0,0,0,0.65,0.216,0.713
CHPT1,PLA2G1B,9606.ENSP00000229266,9606.ENSP00000312286,0,0,0,0,0,0,0.65,0.217,0.714
CHPT1,PLB1,9606.ENSP00000229266,9606.ENSP00000330442,0,0,0,0,0,0,0.65,0.315,0.75
CHPT1,PLA2G4A,9606.ENSP00000229266,9606.ENSP00000356436,0,0,0,0,0.042,0.047,0.65,0.318,0.753
CHPT1,PLA2G12A,9606.ENSP00000229266,9606.ENSP00000243501,0,0,0,0,0.1,0,0.65,0.297,0.759
CHPT1,PLA2G4D,9606.ENSP00000229266,9606.ENSP00000290472,0,0,0,0,0,0.047,0.65,0.452,0.801
CHPT1,PLA2G10,9606.ENSP00000229266,9606.ENSP00000393847,0,0,0,0,0,0,0.65,0.467,0.805
CHPT1,PCYT2,9606.ENSP00000229266,9606.ENSP00000442050,0,0,0,0,0.049,0,0.663,0.687,0.891
CHPT1,UGT8,9606.ENSP00000229266,9606.ENSP00000311648,0,0,0,0,0,0,0.9,0,0.9
CHPT1,PLD4,9606.ENSP00000229266,9606.ENSP00000438677,0,0,0,0,0,0,0.913,0,0.913
CHPT1,PLAAT3,9606.ENSP00000229266,9606.ENSP00000320337,0,0,0,0,0.062,0,0.9,0.211,0.919
CHPT1,SELENOI,9606.ENSP00000229266,9606.ENSP00000260585,0,0,0,0.679,0,0,0.9,0.263,0.923
CHPT1,PLD3,9606.ENSP00000229266,9606.ENSP00000387050,0,0,0,0,0,0,0.913,0.162,0.924
CHPT1,LPIN2,9606.ENSP00000229266,9606.ENSP00000261596,0,0,0,0,0.058,0,0.9,0.298,0.928
CHPT1,LCAT,9606.ENSP00000229266,9606.ENSP00000264005,0,0,0,0,0,0,0.9,0.339,0.931
CHPT1,LPCAT4,9606.ENSP00000229266,9606.ENSP00000317300,0,0,0,0,0,0,0.9,0.361,0.933
CHPT1,LPIN3,9606.ENSP00000229266,9606.ENSP00000487971,0,0,0,0,0,0,0.9,0.395,0.936
CHPT1,LPIN1,9606.ENSP00000229266,9606.ENSP00000397908,0,0,0,0,0,0,0.9,0.41,0.938
CHPT1,PLD1,9606.ENSP00000229266,9606.ENSP00000342793,0,0,0,0,0.049,0,0.913,0.346,0.941
CHPT1,PLD2,9606.ENSP00000229266,9606.ENSP00000263088,0,0,0,0,0,0,0.913,0.38,0.944
CHPT1,PTDSS1,9606.ENSP00000229266,9606.ENSP00000430548,0,0.013,0,0,0.062,0,0.911,0.486,0.953
CHPT1,LPCAT3,9606.ENSP00000229266,9606.ENSP00000261407,0,0,0,0,0.093,0,0.9,0.576,0.958
CHPT1,LPCAT1,9606.ENSP00000229266,9606.ENSP00000283415,0,0,0,0,0,0,0.9,0.604,0.958
CHPT1,LPCAT2,9606.ENSP00000229266,9606.ENSP00000262134,0,0,0,0,0,0,0.9,0.637,0.962
CHPT1,PEMT,9606.ENSP00000229266,9606.ENSP00000255389,0,0,0,0,0,0.069,0.911,0.714,0.974
CHPT1,PCYT1A,9606.ENSP00000229266,9606.ENSP00000292823,0,0,0,0,0,0,0.937,0.77,0.984
CHPT1,PCYT1B,9606.ENSP00000229266,9606.ENSP00000368439,0,0,0,0,0,0,0.937,0.794,0.986
CIDEA,LIPE,9606.ENSP00000320209,9606.ENSP00000244289,0,0,0,0,0.328,0,0,0.791,0.853
CIDEA,FABP4,9606.ENSP00000320209,9606.ENSP00000256104,0,0,0,0,0.174,0,0,0.664,0.71
CIDEA,PPARGC1A,9606.ENSP00000320209,9606.ENSP00000264867,0,0,0,0,0,0,0,0.811,0.811
CIDEA,PPARG,9606.ENSP00000320209,9606.ENSP00000287820,0,0,0,0,0.11,0,0,0.827,0.839
CIDEA,PLIN1,9606.ENSP00000320209,9606.ENSP00000300055,0,0,0,0,0.478,0,0,0.925,0.959
CIDEA,PNPLA2,9606.ENSP00000320209,9606.ENSP00000337701,0,0,0,0,0.056,0,0,0.77,0.773
CIDEA,ELOVL3,9606.ENSP00000320209,9606.ENSP00000359022,0,0,0,0,0.216,0,0,0.809,0.843
CIDEA,CIDEC,9606.ENSP00000320209,9606.ENSP00000373328,0,0,0.067,0.909,0.378,0.301,0.9,0.125,0.958
CIDEC,CREB3L3,9606.ENSP00000373328,9606.ENSP00000078445,0,0,0,0,0.084,0,0.5,0.479,0.74
CIDEC,LIPE,9606.ENSP00000373328,9606.ENSP00000244289,0,0,0,0,0.267,0,0,0.754,0.812
CIDEC,SCARB1,9606.ENSP00000373328,9606.ENSP00000261693,0,0,0,0,0.068,0,0,0.706,0.714
CIDEC,PPARG,9606.ENSP00000373328,9606.ENSP00000287820,0,0,0,0,0.21,0,0,0.818,0.85
CIDEC,PLIN1,9606.ENSP00000373328,9606.ENSP00000300055,0,0,0,0,0.766,0,0,0.959,0.99
CIDEC,FASN,9606.ENSP00000373328,9606.ENSP00000304592,0,0,0,0,0.053,0,0,0.7,0.703
CLOCK,NR1D1,9606.ENSP00000426983,9606.ENSP00000246672,0,0,0,0,0.072,0,0.5,0.951,0.975
CLOCK,RORA,9606.ENSP00000426983,9606.ENSP00000261523,0,0,0,0,0,0.113,0.5,0.84,0.923
CLOCK,CREBBP,9606.ENSP00000426983,9606.ENSP00000262367,0,0,0,0,0.052,0.345,0,0.964,0.976
CLOCK,EP300,9606.ENSP00000426983,9606.ENSP00000263253,0,0,0,0,0.052,0.345,0.5,0.982,0.994
CLOCK,PPARGC1A,9606.ENSP00000426983,9606.ENSP00000264867,0,0,0,0,0,0,0.5,0.458,0.717
CLOCK,NPAS2,9606.ENSP00000426983,9606.ENSP00000338283,0,0,0,0.93,0,0.739,0.9,0.943,0.998
CLOCK,PPARA,9606.ENSP00000426983,9606.ENSP00000385523,0,0,0,0,0.055,0.183,0.5,0.461,0.764
CLOCK,RXRA,9606.ENSP00000426983,9606.ENSP00000419692,0,0,0,0,0,0.396,0,0.777,0.86
CLPS,PNLIPRP3,9606.ENSP00000259938,9606.ENSP00000358232,0,0,0,0,0.13,0.513,0,0.352,0.701
CLPS,LIPC,9606.ENSP00000259938,9606.ENSP00000299022,0,0,0,0,0,0.128,0,0.676,0.705
CLPS,LIPF,9606.ENSP00000259938,9606.ENSP00000377900,0,0,0,0,0.075,0,0,0.944,0.945
CLPS,PNLIPRP1,9606.ENSP00000259938,9606.ENSP00000433933,0,0,0,0,0.687,0.602,0,0.958,0.994
CLPS,PNLIP,9606.ENSP00000259938,9606.ENSP00000358223,0,0,0,0,0.784,0.602,0.9,0.999,0.999
CLTA,PIK3C2A,9606.ENSP00000242285,9606.ENSP00000265970,0,0,0,0,0.055,0.459,0.5,0.198,0.767
CLTA,SYNJ1,9606.ENSP00000242285,9606.ENSP00000409667,0,0,0,0,0,0.35,0.54,0.321,0.779
CLTA,CLTC,9606.ENSP00000242285,9606.ENSP00000479606,0,0,0,0,0.131,0.935,0.9,0.959,0.999
CLTC,SLC25A1,9606.ENSP00000479606,9606.ENSP00000215882,0,0.234,0,0,0.069,0,0,0.657,0.734
CLTC,PIK3C2A,9606.ENSP00000479606,9606.ENSP00000265970,0,0,0,0,0.067,0.365,0.5,0.527,0.841
CLTC,RAB5A,9606.ENSP00000479606,9606.ENSP00000273047,0,0,0,0,0.063,0.086,0,0.765,0.781
CLTC,OCRL,9606.ENSP00000479606,9606.ENSP00000360154,0,0,0,0,0.083,0.727,0.5,0.642,0.949
CLTC,LDLRAP1,9606.ENSP00000479606,9606.ENSP00000363458,0,0,0,0,0,0.331,0.5,0.595,0.853
CLTC,SH3KBP1,9606.ENSP00000479606,9606.ENSP00000380921,0,0,0,0,0.108,0.292,0.5,0.462,0.807
CLTC,SYNJ1,9606.ENSP00000479606,9606.ENSP00000409667,0,0,0,0,0.06,0.479,0.54,0.721,0.928
COQ2,COQ3,9606.ENSP00000310873,9606.ENSP00000254759,0.118,0,0.224,0,0.122,0.088,0.163,0.856,0.918
COQ2,COQ9,9606.ENSP00000310873,9606.ENSP00000262507,0,0,0,0,0.049,0,0,0.984,0.984
COQ2,SQLE,9606.ENSP00000310873,9606.ENSP00000265896,0,0,0,0,0,0,0.673,0.4,0.795
COQ2,IDI2,9606.ENSP00000310873,9606.ENSP00000277517,0.12,0,0,0,0.122,0,0.792,0.39,0.888
COQ2,GGPS1,9606.ENSP00000310873,9606.ENSP00000282841,0.099,0,0,0,0.1,0,0.429,0.487,0.73
COQ2,COQ5,9606.ENSP00000310873,9606.ENSP00000288532,0.059,0,0.234,0,0.061,0,0,0.861,0.893
COQ2,FDPS,9606.ENSP00000310873,9606.ENSP00000349078,0.099,0,0,0,0.1,0,0.429,0.459,0.716
COQ2,LSS,9606.ENSP00000310873,9606.ENSP00000380837,0.061,0,0,0,0,0,0.749,0.05,0.756
COQ2,HAO2,9606.ENSP00000310873,9606.ENSP00000354314,0.055,0,0,0,0,0.062,0.792,0.203,0.833
COQ2,COQ7,9606.ENSP00000310873,9606.ENSP00000322316,0,0,0,0,0.06,0.075,0,0.86,0.868
COQ2,IDI1,9606.ENSP00000310873,9606.ENSP00000370748,0.12,0,0,0,0.128,0,0.792,0.432,0.897
COQ2,COQ6,9606.ENSP00000310873,9606.ENSP00000333946,0,0,0.326,0,0.048,0,0.673,0.919,0.98
COQ2,PDSS2,9606.ENSP00000310873,9606.ENSP00000358033,0.099,0,0,0,0.117,0,0.88,0.979,0.997
COQ2,PDSS1,9606.ENSP00000310873,9606.ENSP00000365388,0.099,0,0,0,0.252,0,0.88,0.983,0.998
COQ3,SQLE,9606.ENSP00000254759,9606.ENSP00000265896,0.115,0,0,0,0.05,0.108,0.673,0.346,0.81
COQ3,PDSS2,9606.ENSP00000254759,9606.ENSP00000358033,0.047,0,0,0,0.194,0.079,0,0.794,0.835
COQ3,PDSS1,9606.ENSP00000254759,9606.ENSP00000365388,0.047,0,0,0,0.178,0.088,0,0.864,0.89
COQ3,COQ5,9606.ENSP00000254759,9606.ENSP00000288532,0,0,0,0,0.29,0.404,0.54,0.981,0.995
COQ3,COQ9,9606.ENSP00000254759,9606.ENSP00000262507,0,0,0,0,0.26,0.434,0.54,0.983,0.996
COQ3,COQ6,9606.ENSP00000254759,9606.ENSP00000333946,0.115,0,0.232,0,0.072,0.565,0.843,0.976,0.998
COQ3,COQ7,9606.ENSP00000254759,9606.ENSP00000322316,0,0,0,0,0.305,0.351,0.965,0.96,0.999
COQ5,COQ9,9606.ENSP00000288532,9606.ENSP00000262507,0,0,0,0,0.192,0.395,0.54,0.975,0.993
COQ5,PDSS2,9606.ENSP00000288532,9606.ENSP00000358033,0,0,0,0,0.22,0.106,0,0.81,0.856
COQ5,PDSS1,9606.ENSP00000288532,9606.ENSP00000365388,0,0,0.21,0,0.136,0.113,0,0.873,0.913
COQ5,COQ6,9606.ENSP00000288532,9606.ENSP00000333946,0,0,0,0,0.202,0.292,0.924,0.938,0.997
COQ5,COQ7,9606.ENSP00000288532,9606.ENSP00000322316,0,0,0,0,0.215,0.292,0.911,0.974,0.998
COQ6,COQ9,9606.ENSP00000333946,9606.ENSP00000262507,0,0,0,0,0.162,0.467,0.54,0.957,0.99
COQ6,HMGCR,9606.ENSP00000333946,9606.ENSP00000287936,0,0,0,0,0.54,0,0,0.387,0.706
COQ6,COQ7,9606.ENSP00000333946,9606.ENSP00000322316,0,0.21,0,0,0.148,0.292,0.54,0.963,0.99
COQ6,LSS,9606.ENSP00000333946,9606.ENSP00000380837,0,0,0,0,0.297,0,0.486,0.313,0.73
COQ6,PDSS1,9606.ENSP00000333946,9606.ENSP00000365388,0.042,0,0,0,0.068,0.071,0,0.898,0.904
COQ6,PDSS2,9606.ENSP00000333946,9606.ENSP00000358033,0.042,0,0,0,0.163,0.081,0,0.913,0.927
COQ7,COQ9,9606.ENSP00000322316,9606.ENSP00000262507,0,0,0,0,0.163,0.937,0.7,0.976,0.999
COQ7,PDSS2,9606.ENSP00000322316,9606.ENSP00000358033,0,0,0,0,0.149,0.071,0,0.843,0.865
COQ7,PDSS1,9606.ENSP00000322316,9606.ENSP00000365388,0,0,0,0,0.049,0.087,0,0.868,0.876
COQ9,PDSS2,9606.ENSP00000262507,9606.ENSP00000358033,0,0,0,0,0.13,0,0,0.968,0.971
COQ9,PDSS1,9606.ENSP00000262507,9606.ENSP00000365388,0,0,0,0,0.081,0,0,0.985,0.985
CPT1A,RORA,9606.ENSP00000265641,9606.ENSP00000261523,0,0,0,0,0,0,0.75,0.108,0.767
CPT1A,SCARB1,9606.ENSP00000265641,9606.ENSP00000261693,0,0,0,0,0.049,0,0,0.785,0.787
CPT1A,EP300,9606.ENSP00000265641,9606.ENSP00000263253,0,0,0,0,0,0,0.75,0.213,0.794
CPT1A,PPARGC1A,9606.ENSP00000265641,9606.ENSP00000264867,0,0,0,0,0.067,0,0,0.714,0.721
CPT1A,SCD,9606.ENSP00000265641,9606.ENSP00000359380,0,0,0,0,0.042,0,0,0.701,0.701
CPT1A,HADHB,9606.ENSP00000265641,9606.ENSP00000325136,0,0,0,0,0.069,0.162,0,0.697,0.743
CPT1A,SREBF2,9606.ENSP00000265641,9606.ENSP00000354476,0,0,0,0,0.042,0,0,0.761,0.762
CPT1A,PPARG,9606.ENSP00000265641,9606.ENSP00000287820,0,0,0,0,0.049,0.045,0,0.803,0.806
CPT1A,FASN,9606.ENSP00000265641,9606.ENSP00000304592,0,0,0,0,0.042,0,0,0.809,0.809
CPT1A,HADHA,9606.ENSP00000265641,9606.ENSP00000370023,0,0,0,0,0.094,0.162,0,0.772,0.812
CPT1A,SREBF1,9606.ENSP00000265641,9606.ENSP00000348069,0,0,0,0,0.067,0,0,0.807,0.813
CPT1A,CPT1B,9606.ENSP00000265641,9606.ENSP00000379011,0,0,0.056,0.969,0,0,0.9,0.141,0.911
CPT1A,PPARA,9606.ENSP00000265641,9606.ENSP00000385523,0,0,0,0,0.068,0.045,0.4,0.869,0.92
CPT1A,SLC25A20,9606.ENSP00000265641,9606.ENSP00000326305,0,0,0,0,0.116,0,0,0.919,0.926
CPT1A,CPT2,9606.ENSP00000265641,9606.ENSP00000360541,0,0,0.15,0.69,0.116,0,0.9,0.576,0.963
CPT1B,PPARGC1A,9606.ENSP00000379011,9606.ENSP00000264867,0,0,0,0,0.067,0,0,0.721,0.729
CPT1B,PPARD,9606.ENSP00000379011,9606.ENSP00000310928,0,0,0,0,0.047,0.045,0,0.756,0.759
CPT1B,SLC25A20,9606.ENSP00000379011,9606.ENSP00000326305,0,0,0,0,0.074,0,0,0.923,0.926
CPT1B,CPT2,9606.ENSP00000379011,9606.ENSP00000360541,0,0,0.151,0.708,0.106,0,0.9,0.334,0.942
CPT1B,PPARA,9606.ENSP00000379011,9606.ENSP00000385523,0,0,0,0,0.047,0.045,0,0.721,0.724
CPT2,FABP1,9606.ENSP00000360541,9606.ENSP00000295834,0,0,0,0,0,0,0.5,0.475,0.726
CPT2,HADHB,9606.ENSP00000360541,9606.ENSP00000325136,0,0,0,0,0.386,0.099,0,0.681,0.808
CPT2,SLC25A20,9606.ENSP00000360541,9606.ENSP00000326305,0,0,0,0,0.455,0,0,0.993,0.996
CPT2,HADH,9606.ENSP00000360541,9606.ENSP00000474560,0,0,0,0,0.211,0.091,0,0.619,0.703
CPT2,HADHA,9606.ENSP00000360541,9606.ENSP00000370023,0,0,0,0,0.315,0.099,0,0.763,0.841
CPT2,PPARA,9606.ENSP00000360541,9606.ENSP00000385523,0,0,0,0,0.055,0,0.5,0.727,0.859
CPT2,HSD17B4,9606.ENSP00000360541,9606.ENSP00000411960,0,0,0,0,0.825,0.091,0,0.366,0.89
CPTP,GLTP,9606.ENSP00000343890,9606.ENSP00000315263,0,0,0,0,0.049,0,0,0.708,0.711
CRAT,SCP2,9606.ENSP00000315013,9606.ENSP00000360569,0,0,0,0,0.412,0.091,0.5,0.392,0.816
CRAT,SLC25A20,9606.ENSP00000315013,9606.ENSP00000326305,0,0,0,0,0.616,0.162,0,0.759,0.916
CRAT,HSD17B4,9606.ENSP00000315013,9606.ENSP00000411960,0,0,0,0,0.755,0.086,0.5,0.53,0.94
CREB3L3,PRKACB,9606.ENSP00000078445,9606.ENSP00000359719,0,0,0,0,0,0.14,0.65,0.181,0.732
CREB3L3,FGF21,9606.ENSP00000078445,9606.ENSP00000471477,0,0,0,0,0,0,0.5,0.53,0.755
CREB3L3,PPARA,9606.ENSP00000078445,9606.ENSP00000385523,0,0,0,0,0.056,0,0,0.832,0.835
CREB3L3,CREBBP,9606.ENSP00000078445,9606.ENSP00000262367,0,0,0,0,0.051,0.069,0.9,0.103,0.91
CREB3L3,EP300,9606.ENSP00000078445,9606.ENSP00000263253,0,0,0,0,0.051,0.069,0.9,0.125,0.912
CREB3L3,MBTPS1,9606.ENSP00000078445,9606.ENSP00000344223,0,0,0,0,0,0,0.75,0.79,0.945
CREB3L3,PPARGC1A,9606.ENSP00000078445,9606.ENSP00000264867,0,0,0,0,0.051,0.292,0.9,0.348,0.95
CREB3L3,MBTPS2,9606.ENSP00000078445,9606.ENSP00000368798,0,0,0,0,0,0,0.75,0.822,0.953
CREBBP,TBL1XR1,9606.ENSP00000262367,9606.ENSP00000405574,0,0,0,0,0.054,0,0.5,0.43,0.706
CREBBP,MED25,9606.ENSP00000262367,9606.ENSP00000326767,0,0,0,0,0.214,0.295,0.5,0.146,0.732
CREBBP,MED12,9606.ENSP00000262367,9606.ENSP00000363193,0,0,0,0,0.249,0,0.5,0.359,0.738
CREBBP,MED1,9606.ENSP00000262367,9606.ENSP00000300651,0,0,0,0,0.278,0,0.4,0.447,0.74
CREBBP,SREBF2,9606.ENSP00000262367,9606.ENSP00000354476,0,0,0,0,0,0.625,0,0.386,0.76
CREBBP,SIN3A,9606.ENSP00000262367,9606.ENSP00000378402,0,0,0,0,0.251,0.099,0.5,0.452,0.79
CREBBP,PRKACG,9606.ENSP00000262367,9606.ENSP00000366488,0,0,0,0,0,0,0.65,0.549,0.835
CREBBP,PRKACA,9606.ENSP00000262367,9606.ENSP00000309591,0,0,0,0,0.042,0,0.65,0.549,0.835
CREBBP,PRKACB,9606.ENSP00000262367,9606.ENSP00000359719,0,0,0,0,0,0,0.65,0.549,0.835
CREBBP,PPARA,9606.ENSP00000262367,9606.ENSP00000385523,0,0,0,0,0,0.354,0.5,0.539,0.838
CREBBP,SREBF1,9606.ENSP00000262367,9606.ENSP00000348069,0,0,0,0,0.049,0.785,0,0.307,0.845
CREBBP,PPARGC1A,9606.ENSP00000262367,9606.ENSP00000264867,0,0,0,0,0.063,0.292,0,0.805,0.86
CREBBP,NCOR2,9606.ENSP00000262367,9606.ENSP00000384018,0,0,0,0,0.259,0.304,0.5,0.563,0.872
CREBBP,HDAC3,9606.ENSP00000262367,9606.ENSP00000302967,0,0,0,0,0.058,0.331,0.5,0.644,0.873
CREBBP,NCOR1,9606.ENSP00000262367,9606.ENSP00000268712,0,0,0,0,0.335,0.304,0.5,0.8,0.947
CREBBP,NCOA6,9606.ENSP00000262367,9606.ENSP00000363929,0,0,0,0,0.279,0.735,0.4,0.71,0.962
CREBBP,RXRA,9606.ENSP00000262367,9606.ENSP00000419692,0,0,0,0,0.081,0.859,0.65,0.563,0.977
CREBBP,SP1,9606.ENSP00000262367,9606.ENSP00000329357,0,0,0,0,0.172,0.749,0.8,0.845,0.992
CREBBP,NCOA2,9606.ENSP00000262367,9606.ENSP00000399968,0,0,0,0,0.133,0.796,0.8,0.945,0.997
CREBBP,PPARG,9606.ENSP00000262367,9606.ENSP00000287820,0,0,0,0,0,0.982,0.5,0.886,0.998
CREBBP,NCOA3,9606.ENSP00000262367,9606.ENSP00000361066,0,0,0,0,0.113,0.987,0.8,0.989,0.999
CREBBP,NCOA1,9606.ENSP00000262367,9606.ENSP00000385216,0,0,0,0,0.2,0.984,0.8,0.992,0.999
CREBBP,EP300,9606.ENSP00000262367,9606.ENSP00000263253,0,0,0.062,0.956,0.839,0.782,0.9,0.983,0.999
CRLS1,PIK3C3,9606.ENSP00000368140,9606.ENSP00000262039,0,0,0,0,0.094,0,0.644,0.196,0.718
CRLS1,LPCAT2,9606.ENSP00000368140,9606.ENSP00000262134,0.057,0,0,0,0.104,0,0.907,0.336,0.94
CRLS1,PGS1,9606.ENSP00000368140,9606.ENSP00000262764,0.084,0,0,0,0.055,0,0.908,0.744,0.976
CRLS1,LPCAT1,9606.ENSP00000368140,9606.ENSP00000283415,0.057,0,0,0,0.104,0,0.907,0.341,0.941
CRLS1,LCLAT1,9606.ENSP00000368140,9606.ENSP00000310551,0.057,0,0,0,0.111,0,0.907,0.648,0.968
CRLS1,LPCAT4,9606.ENSP00000368140,9606.ENSP00000317300,0.057,0,0,0,0.104,0,0.907,0.177,0.926
CRLS1,LPGAT1,9606.ENSP00000368140,9606.ENSP00000355964,0.057,0,0,0,0.111,0,0.907,0.394,0.946
CRLS1,PI4KB,9606.ENSP00000368140,9606.ENSP00000357869,0,0,0,0,0,0,0.677,0.255,0.749
CRLS1,PISD,9606.ENSP00000368140,9606.ENSP00000391739,0.057,0,0,0,0,0.407,0.756,0.5,0.922
CRLS1,TAZ,9606.ENSP00000368140,9606.ENSP00000469981,0,0,0,0,0.049,0,0.9,0.709,0.97
CROT,HADHB,9606.ENSP00000413575,9606.ENSP00000325136,0,0,0,0,0.238,0,0,0.776,0.822
CROT,SCP2,9606.ENSP00000413575,9606.ENSP00000360569,0,0,0,0,0.212,0,0.5,0.402,0.744
CROT,HSD17B4,9606.ENSP00000413575,9606.ENSP00000411960,0,0,0,0,0.131,0,0.5,0.404,0.718
CROT,HADH,9606.ENSP00000413575,9606.ENSP00000474560,0,0,0,0,0.09,0,0,0.705,0.721
CSNK1G2,PRKACG,9606.ENSP00000255641,9606.ENSP00000366488,0,0,0,0,0,0.071,0.9,0.089,0.908
CSNK1G2,PRKACA,9606.ENSP00000255641,9606.ENSP00000309591,0,0,0,0.581,0.067,0.071,0.9,0.073,0.908
CSNK1G2,PRKACB,9606.ENSP00000255641,9606.ENSP00000359719,0,0,0,0.577,0,0.071,0.9,0.093,0.908
CSNK2A1,SIN3A,9606.ENSP00000217244,9606.ENSP00000378402,0,0,0,0,0.197,0.774,0.72,0.146,0.95
CSNK2A1,PTEN,9606.ENSP00000217244,9606.ENSP00000361021,0,0,0,0,0,0.619,0.9,0.31,0.971
CSNK2A1,CSNK2A2,9606.ENSP00000217244,9606.ENSP00000262506,0,0,0.05,0.981,0.074,0.908,0.9,0.366,0.993
CSNK2A1,CSNK2B,9606.ENSP00000217244,9606.ENSP00000365042,0,0,0,0,0.333,0.999,0.9,0.996,0.999
CSNK2A2,PTEN,9606.ENSP00000262506,9606.ENSP00000361021,0,0,0,0,0.048,0.322,0.9,0.379,0.954
CSNK2A2,CSNK2B,9606.ENSP00000262506,9606.ENSP00000365042,0,0,0,0,0.067,0.958,0.9,0.952,0.999
CSNK2B,PTEN,9606.ENSP00000365042,9606.ENSP00000361021,0,0,0,0,0.042,0,0.9,0.145,0.91
CTSA,GLB1,9606.ENSP00000361562,9606.ENSP00000306920,0,0,0,0,0.336,0.837,0.4,0.999,0.999
CTSA,NEU4,9606.ENSP00000361562,9606.ENSP00000320318,0,0,0,0,0,0.046,0.4,0.689,0.806
CTSA,NEU1,9606.ENSP00000361562,9606.ENSP00000364782,0,0,0,0,0.214,0.301,0.4,0.999,0.999
CUBN,LDLRAP1,9606.ENSP00000367064,9606.ENSP00000363458,0,0,0,0,0.043,0,0.4,0.564,0.727
CYP11A1,STS,9606.ENSP00000268053,9606.ENSP00000217961,0,0,0,0,0,0,0.9,0.37,0.934
CYP11A1,SULT2A1,9606.ENSP00000268053,9606.ENSP00000222002,0,0,0,0,0.067,0,0,0.809,0.814
CYP11A1,HSD17B1,9606.ENSP00000268053,9606.ENSP00000225929,0,0,0,0,0.098,0,0.155,0.801,0.835
CYP11A1,FDX1,9606.ENSP00000268053,9606.ENSP00000260270,0.05,0,0,0,0.11,0.937,0.532,0.995,0.999
CYP11A1,SRD5A1,9606.ENSP00000268053,9606.ENSP00000274192,0,0,0,0,0,0,0,0.785,0.785
CYP11A1,LIPA,9606.ENSP00000268053,9606.ENSP00000337354,0,0,0,0,0.055,0.068,0.8,0.167,0.833
CYP11A1,POMC,9606.ENSP00000268053,9606.ENSP00000384092,0,0,0,0,0.058,0,0,0.833,0.835
CYP11A1,SOAT2,9606.ENSP00000268053,9606.ENSP00000301466,0,0,0,0,0.05,0.048,0.8,0.235,0.843
CYP11A1,HSD17B3,9606.ENSP00000268053,9606.ENSP00000364412,0,0,0,0,0.068,0.105,0.104,0.816,0.844
CYP11A1,SOAT1,9606.ENSP00000268053,9606.ENSP00000356591,0,0,0,0,0.049,0.048,0.8,0.288,0.853
CYP11A1,HSD11B2,9606.ENSP00000268053,9606.ENSP00000316786,0,0,0,0,0.056,0.045,0,0.851,0.854
CYP11A1,DHCR24,9606.ENSP00000268053,9606.ENSP00000360316,0,0,0,0,0.056,0.069,0.814,0.338,0.877
CYP11A1,DHCR7,9606.ENSP00000268053,9606.ENSP00000347717,0,0,0,0,0.046,0.118,0.825,0.429,0.904
CYP11A1,CYP7B1,9606.ENSP00000268053,9606.ENSP00000310721,0,0,0.228,0.563,0.042,0,0.9,0.39,0.948
CYP11A1,CYP21A2,9606.ENSP00000268053,9606.ENSP00000496625,0,0,0.241,0.575,0.163,0.091,0.9,0.461,0.963
CYP11A1,CYP17A1,9606.ENSP00000268053,9606.ENSP00000358903,0,0,0.254,0.565,0.156,0.091,0.9,0.49,0.965
CYP11A1,STAR,9606.ENSP00000268053,9606.ENSP00000276449,0,0,0,0,0.195,0,0.5,0.953,0.979
CYP11A1,HSD3B2,9606.ENSP00000268053,9606.ENSP00000445122,0,0,0,0,0.156,0.108,0.913,0.924,0.994
CYP11A1,FDXR,9606.ENSP00000268053,9606.ENSP00000416515,0,0,0,0,0,0,0.8,0.987,0.997
CYP11A1,HSD3B1,9606.ENSP00000268053,9606.ENSP00000358421,0,0,0,0,0.14,0.108,0.913,0.972,0.997
CYP11B1,HSD17B2,9606.ENSP00000292427,9606.ENSP00000199936,0,0,0,0,0.056,0.045,0.9,0.399,0.938
CYP11B1,FDX1,9606.ENSP00000292427,9606.ENSP00000260270,0.05,0,0,0,0.11,0.185,0.103,0.808,0.859
CYP11B1,SRD5A3,9606.ENSP00000292427,9606.ENSP00000264228,0,0,0,0,0,0,0.9,0.335,0.93
CYP11B1,SRD5A1,9606.ENSP00000292427,9606.ENSP00000274192,0,0,0,0,0,0,0.9,0.474,0.945
CYP11B1,STAR,9606.ENSP00000292427,9606.ENSP00000276449,0,0,0,0,0.194,0,0,0.843,0.868
CYP11B1,FDXR,9606.ENSP00000292427,9606.ENSP00000416515,0,0,0,0,0,0,0,0.739,0.739
CYP11B1,POMC,9606.ENSP00000292427,9606.ENSP00000384092,0,0,0,0,0.067,0,0,0.86,0.863
CYP11B1,CYP11B2,9606.ENSP00000292427,9606.ENSP00000325822,0,0,0.048,0.985,0.142,0,0.9,0.055,0.912
CYP11B1,HSD17B8,9606.ENSP00000292427,9606.ENSP00000363794,0,0,0,0,0.096,0,0.911,0.077,0.92
CYP11B1,CYP19A1,9606.ENSP00000292427,9606.ENSP00000379683,0,0,0.249,0.57,0.067,0.067,0.9,0.346,0.949
CYP11B1,CYP17A1,9606.ENSP00000292427,9606.ENSP00000358903,0,0,0.248,0.574,0.156,0.091,0.9,0.474,0.964
CYP11B1,HSD11B1,9606.ENSP00000292427,9606.ENSP00000355995,0,0,0,0,0.091,0,0.911,0.625,0.967
CYP11B1,HSD17B3,9606.ENSP00000292427,9606.ENSP00000364412,0,0,0,0,0.068,0.105,0.906,0.668,0.97
CYP11B1,CYP21A2,9606.ENSP00000292427,9606.ENSP00000496625,0,0,0.241,0.579,0.163,0.091,0.9,0.609,0.973
CYP11B1,HSD3B1,9606.ENSP00000292427,9606.ENSP00000358421,0,0,0,0,0.134,0.108,0.913,0.792,0.984
CYP11B1,HSD11B2,9606.ENSP00000292427,9606.ENSP00000316786,0,0,0,0,0.056,0.045,0.9,0.919,0.991
CYP11B1,HSD3B2,9606.ENSP00000292427,9606.ENSP00000445122,0,0,0,0,0.166,0.108,0.913,0.895,0.992
CYP11B2,HSD17B2,9606.ENSP00000325822,9606.ENSP00000199936,0,0,0,0,0.056,0.045,0.9,0.289,0.927
CYP11B2,FDX1,9606.ENSP00000325822,9606.ENSP00000260270,0.05,0,0,0,0.11,0.185,0.103,0.811,0.862
CYP11B2,SRD5A3,9606.ENSP00000325822,9606.ENSP00000264228,0,0,0,0,0,0,0.9,0.273,0.924
CYP11B2,SRD5A1,9606.ENSP00000325822,9606.ENSP00000274192,0,0,0,0,0,0,0.9,0.386,0.936
CYP11B2,STAR,9606.ENSP00000325822,9606.ENSP00000276449,0,0,0,0,0.212,0,0,0.921,0.935
CYP11B2,HSD11B2,9606.ENSP00000325822,9606.ENSP00000316786,0,0,0,0,0.056,0.045,0.9,0.9,0.989
CYP11B2,POMC,9606.ENSP00000325822,9606.ENSP00000384092,0,0,0,0,0.083,0,0,0.818,0.826
CYP11B2,HSD17B8,9606.ENSP00000325822,9606.ENSP00000363794,0,0,0,0,0.091,0,0.911,0.072,0.919
CYP11B2,CYP19A1,9606.ENSP00000325822,9606.ENSP00000379683,0,0,0.25,0.567,0.056,0.067,0.9,0.323,0.947
CYP11B2,HSD11B1,9606.ENSP00000325822,9606.ENSP00000355995,0,0,0,0,0.091,0,0.911,0.532,0.959
CYP11B2,HSD17B3,9606.ENSP00000325822,9606.ENSP00000364412,0,0,0,0,0.068,0.105,0.906,0.567,0.961
CYP11B2,CYP17A1,9606.ENSP00000325822,9606.ENSP00000358903,0,0,0.249,0.571,0.159,0.091,0.9,0.458,0.963
CYP11B2,CYP21A2,9606.ENSP00000325822,9606.ENSP00000496625,0,0,0.239,0.583,0.157,0.091,0.9,0.645,0.975
CYP11B2,HSD3B1,9606.ENSP00000325822,9606.ENSP00000358421,0,0,0,0,0.128,0.108,0.913,0.735,0.979
CYP11B2,HSD3B2,9606.ENSP00000325822,9606.ENSP00000445122,0,0,0,0,0.143,0.108,0.913,0.794,0.984
CYP17A1,HSD17B2,9606.ENSP00000358903,9606.ENSP00000199936,0,0,0,0,0.062,0.045,0.9,0.732,0.972
CYP17A1,STS,9606.ENSP00000358903,9606.ENSP00000217961,0,0,0,0,0,0,0.9,0.473,0.945
CYP17A1,SULT2A1,9606.ENSP00000358903,9606.ENSP00000222002,0,0,0,0,0.075,0,0,0.769,0.778
CYP17A1,HSD17B1,9606.ENSP00000358903,9606.ENSP00000225929,0,0,0,0,0.091,0.053,0.155,0.821,0.852
CYP17A1,FDX1,9606.ENSP00000358903,9606.ENSP00000260270,0.05,0,0,0,0.11,0.185,0.103,0.604,0.71
CYP17A1,SRD5A3,9606.ENSP00000358903,9606.ENSP00000264228,0,0,0,0,0,0,0.9,0.599,0.958
CYP17A1,SRD5A1,9606.ENSP00000358903,9606.ENSP00000274192,0,0,0,0,0,0,0.9,0.929,0.992
CYP17A1,STAR,9606.ENSP00000358903,9606.ENSP00000276449,0,0,0,0,0.141,0,0,0.945,0.95
CYP17A1,CYP7A1,9606.ENSP00000358903,9606.ENSP00000301645,0,0,0.463,0,0.092,0,0.9,0.42,0.967
CYP17A1,CYP7B1,9606.ENSP00000358903,9606.ENSP00000310721,0,0,0.232,0.572,0,0,0.9,0.208,0.933
CYP17A1,HSD11B2,9606.ENSP00000358903,9606.ENSP00000316786,0,0,0,0,0.113,0.045,0,0.855,0.867
CYP17A1,CYP1A2,9606.ENSP00000358903,9606.ENSP00000342007,0,0,0.15,0.779,0.101,0,0.9,0.183,0.929
CYP17A1,HSD11B1,9606.ENSP00000358903,9606.ENSP00000355995,0,0,0,0,0.091,0.069,0.155,0.7,0.757
CYP17A1,HSD3B1,9606.ENSP00000358903,9606.ENSP00000358421,0,0,0,0,0.068,0.108,0.913,0.948,0.995
CYP17A1,POMC,9606.ENSP00000358903,9606.ENSP00000384092,0,0,0,0,0,0,0,0.828,0.828
CYP17A1,CYP1A1,9606.ENSP00000358903,9606.ENSP00000378488,0,0,0.139,0.8,0.062,0,0.9,0.187,0.925
CYP17A1,HSD17B8,9606.ENSP00000358903,9606.ENSP00000363794,0,0,0,0,0.091,0,0.911,0.264,0.935
CYP17A1,CYP21A2,9606.ENSP00000358903,9606.ENSP00000496625,0,0,0.137,0.804,0.049,0.097,0.9,0.449,0.951
CYP17A1,CYP19A1,9606.ENSP00000358903,9606.ENSP00000379683,0,0,0.249,0.577,0.048,0.052,0.906,0.614,0.971
CYP17A1,HSD17B3,9606.ENSP00000358903,9606.ENSP00000364412,0,0,0,0,0.068,0.105,0.906,0.905,0.991
CYP17A1,HSD3B2,9606.ENSP00000358903,9606.ENSP00000445122,0,0,0,0,0.129,0.108,0.913,0.928,0.994
CYP19A1,HSD17B2,9606.ENSP00000379683,9606.ENSP00000199936,0,0,0,0,0.056,0.051,0.9,0.674,0.966
CYP19A1,STS,9606.ENSP00000379683,9606.ENSP00000217961,0,0,0,0,0.047,0,0,0.735,0.737
CYP19A1,HSD17B1,9606.ENSP00000379683,9606.ENSP00000225929,0,0,0,0,0.106,0,0.911,0.821,0.984
CYP19A1,HSD17B7,9606.ENSP00000379683,9606.ENSP00000254521,0,0,0,0,0,0.286,0.9,0.5,0.961
CYP19A1,SRD5A3,9606.ENSP00000379683,9606.ENSP00000264228,0,0,0,0,0,0,0.9,0.318,0.928
CYP19A1,SRD5A1,9606.ENSP00000379683,9606.ENSP00000274192,0,0,0,0,0,0,0.9,0.732,0.972
CYP19A1,STAR,9606.ENSP00000379683,9606.ENSP00000276449,0,0,0,0,0.052,0,0,0.877,0.878
CYP19A1,HSD17B12,9606.ENSP00000379683,9606.ENSP00000278353,0,0,0,0,0.069,0.129,0.906,0.488,0.956
CYP19A1,HSD3B1,9606.ENSP00000379683,9606.ENSP00000358421,0,0,0,0,0.089,0.108,0.913,0.86,0.988
CYP19A1,HSD17B8,9606.ENSP00000379683,9606.ENSP00000363794,0,0,0,0,0.091,0,0.911,0.221,0.932
CYP19A1,HSD17B3,9606.ENSP00000379683,9606.ENSP00000364412,0,0,0,0,0.109,0.129,0.906,0.66,0.972
CYP19A1,CYP1A1,9606.ENSP00000379683,9606.ENSP00000378488,0,0,0.251,0.567,0,0.052,0.913,0.334,0.953
CYP19A1,CYP1B1,9606.ENSP00000379683,9606.ENSP00000478561,0,0,0.249,0.56,0.044,0.052,0.172,0.609,0.739
CYP19A1,HSD3B2,9606.ENSP00000379683,9606.ENSP00000445122,0,0,0,0,0.108,0.108,0.913,0.736,0.979
CYP1A1,HSD17B2,9606.ENSP00000378488,9606.ENSP00000199936,0,0,0,0,0.076,0.045,0.9,0.621,0.962
CYP1A1,STS,9606.ENSP00000378488,9606.ENSP00000217961,0,0,0,0,0.067,0,0.9,0.226,0.921
CYP1A1,SULT2A1,9606.ENSP00000378488,9606.ENSP00000222002,0,0,0,0,0.124,0,0.9,0.416,0.944
CYP1A1,HSD17B1,9606.ENSP00000378488,9606.ENSP00000225929,0,0,0,0,0.091,0.053,0.911,0.487,0.955
CYP1A1,HSD17B7,9606.ENSP00000378488,9606.ENSP00000254521,0,0,0,0,0,0.146,0.9,0.272,0.932
CYP1A1,CYP2C9,9606.ENSP00000378488,9606.ENSP00000260682,0,0,0.141,0.797,0.069,0,0.908,0.568,0.964
CYP1A1,HSD17B12,9606.ENSP00000378488,9606.ENSP00000278353,0,0,0,0,0.068,0.105,0.906,0.109,0.921
CYP1A1,HPGDS,9606.ENSP00000378488,9606.ENSP00000295256,0,0,0,0,0.109,0.046,0.9,0.673,0.968
CYP1A1,CYP7A1,9606.ENSP00000378488,9606.ENSP00000301645,0,0,0.408,0,0.111,0,0.9,0.47,0.968
CYP1A1,CYP4A11,9606.ENSP00000378488,9606.ENSP00000311095,0,0,0.243,0.578,0.1,0.058,0.911,0.299,0.953
CYP1A1,CYP1A2,9606.ENSP00000378488,9606.ENSP00000342007,0,0,0.053,0.975,0.081,0,0.913,0.419,0.95
CYP1A1,HSD11B1,9606.ENSP00000378488,9606.ENSP00000355995,0,0,0,0,0.091,0.069,0.911,0.193,0.931
CYP1A1,HSD3B1,9606.ENSP00000378488,9606.ENSP00000358421,0,0,0,0,0.07,0.108,0.913,0.391,0.95
CYP1A1,CYP2C8,9606.ENSP00000378488,9606.ENSP00000360317,0,0,0.143,0.793,0.06,0,0.908,0.467,0.955
CYP1A1,CYP4A22,9606.ENSP00000378488,9606.ENSP00000360958,0,0,0.247,0.572,0.1,0.058,0.911,0.173,0.944
CYP1A1,HSD17B8,9606.ENSP00000378488,9606.ENSP00000363794,0,0,0,0,0.091,0,0.911,0.153,0.926
CYP1A1,RXRA,9606.ENSP00000378488,9606.ENSP00000419692,0,0,0,0,0,0.056,0.4,0.536,0.714
CYP1A1,PPARA,9606.ENSP00000378488,9606.ENSP00000385523,0,0,0,0,0,0.056,0.5,0.453,0.719
CYP1A1,CYP1B1,9606.ENSP00000378488,9606.ENSP00000478561,0,0,0.095,0.889,0.135,0,0.913,0.177,0.937
CYP1A1,HSD3B2,9606.ENSP00000378488,9606.ENSP00000445122,0,0,0,0,0.069,0.108,0.913,0.604,0.968
CYP1A2,STS,9606.ENSP00000342007,9606.ENSP00000217961,0,0,0,0,0.067,0,0.9,0.192,0.918
CYP1A2,CYP4F2,9606.ENSP00000342007,9606.ENSP00000221700,0,0,0.245,0.58,0.106,0.058,0.115,0.56,0.707
CYP1A2,SLCO1B1,9606.ENSP00000342007,9606.ENSP00000256958,0,0,0,0,0.207,0,0,0.772,0.811
CYP1A2,CYP2C9,9606.ENSP00000342007,9606.ENSP00000260682,0,0,0.156,0.765,0.159,0,0.908,0.286,0.947
CYP1A2,HPGDS,9606.ENSP00000342007,9606.ENSP00000295256,0,0,0,0,0.109,0.046,0.9,0.522,0.954
CYP1A2,CYP7A1,9606.ENSP00000342007,9606.ENSP00000301645,0,0,0.394,0,0.178,0,0.9,0.526,0.973
CYP1A2,CYP4A11,9606.ENSP00000342007,9606.ENSP00000311095,0,0,0.244,0.577,0.227,0.058,0.911,0.52,0.972
CYP1A2,CYP2J2,9606.ENSP00000342007,9606.ENSP00000360247,0,0,0.148,0.78,0.057,0,0.912,0.174,0.934
CYP1A2,HSD3B2,9606.ENSP00000342007,9606.ENSP00000445122,0,0,0,0,0.067,0.108,0.913,0.209,0.935
CYP1A2,CYP1B1,9606.ENSP00000342007,9606.ENSP00000478561,0,0,0.101,0.877,0.095,0,0.913,0.205,0.936
CYP1A2,HSD3B1,9606.ENSP00000342007,9606.ENSP00000358421,0,0,0,0,0.067,0.108,0.913,0.232,0.937
CYP1A2,CYP4A22,9606.ENSP00000342007,9606.ENSP00000360958,0,0,0.247,0.572,0.107,0.058,0.911,0.192,0.946
CYP1A2,CYP2C8,9606.ENSP00000342007,9606.ENSP00000360317,0,0,0.161,0.756,0.138,0,0.908,0.286,0.946
CYP1A2,CYP2C19,9606.ENSP00000342007,9606.ENSP00000360372,0,0,0.167,0.743,0.172,0,0.908,0.32,0.951
CYP1B1,HSD17B2,9606.ENSP00000478561,9606.ENSP00000199936,0,0,0,0,0.067,0.045,0.9,0.417,0.941
CYP1B1,SULT2A1,9606.ENSP00000478561,9606.ENSP00000222002,0,0,0,0,0.06,0,0.9,0.321,0.93
CYP1B1,HSD17B1,9606.ENSP00000478561,9606.ENSP00000225929,0,0,0,0,0.091,0.053,0.911,0.513,0.958
CYP1B1,HSD17B7,9606.ENSP00000478561,9606.ENSP00000254521,0,0,0,0,0,0.146,0.9,0.269,0.932
CYP1B1,HSD17B12,9606.ENSP00000478561,9606.ENSP00000278353,0,0,0,0,0.068,0.105,0.906,0.19,0.928
CYP1B1,HPGDS,9606.ENSP00000478561,9606.ENSP00000295256,0,0,0,0,0.112,0.046,0.9,0.521,0.954
CYP1B1,HSD17B8,9606.ENSP00000478561,9606.ENSP00000363794,0,0,0,0,0.091,0,0.911,0.241,0.933
CYP21A2,STS,9606.ENSP00000496625,9606.ENSP00000217961,0,0,0,0,0,0,0.9,0.253,0.922
CYP21A2,SRD5A3,9606.ENSP00000496625,9606.ENSP00000264228,0,0,0,0,0,0,0.9,0.216,0.918
CYP21A2,SRD5A1,9606.ENSP00000496625,9606.ENSP00000274192,0,0,0,0,0,0,0.9,0.591,0.957
CYP21A2,STAR,9606.ENSP00000496625,9606.ENSP00000276449,0,0,0,0,0.141,0,0,0.82,0.838
CYP21A2,CYP7B1,9606.ENSP00000496625,9606.ENSP00000310721,0,0,0.214,0.562,0.044,0,0.9,0.166,0.928
CYP21A2,HSD11B2,9606.ENSP00000496625,9606.ENSP00000316786,0,0,0,0,0.105,0.045,0.9,0.845,0.985
CYP21A2,HSD11B1,9606.ENSP00000496625,9606.ENSP00000355995,0,0,0,0,0.091,0.069,0.911,0.485,0.956
CYP21A2,HSD3B1,9606.ENSP00000496625,9606.ENSP00000358421,0,0,0,0,0.067,0.108,0.913,0.742,0.979
CYP21A2,POMC,9606.ENSP00000496625,9606.ENSP00000384092,0,0,0,0,0,0,0,0.861,0.861
CYP21A2,HSD3B2,9606.ENSP00000496625,9606.ENSP00000445122,0,0,0,0,0.08,0.108,0.913,0.824,0.985
CYP27A1,FASN,9606.ENSP00000258415,9606.ENSP00000304592,0.052,0,0,0,0.067,0.488,0.217,0.399,0.748
CYP27A1,HSD3B7,9606.ENSP00000258415,9606.ENSP00000297679,0,0,0,0,0.117,0.108,0.175,0.678,0.762
CYP27A1,HMGCR,9606.ENSP00000258415,9606.ENSP00000287936,0,0,0,0,0.068,0,0,0.759,0.766
CYP27A1,FDXR,9606.ENSP00000258415,9606.ENSP00000416515,0,0,0,0,0,0,0,0.832,0.832
CYP27A1,NR1H4,9606.ENSP00000258415,9606.ENSP00000447149,0,0,0,0,0.067,0.056,0,0.83,0.837
CYP27A1,SOAT2,9606.ENSP00000258415,9606.ENSP00000301466,0,0,0,0,0.055,0.048,0.8,0.328,0.862
CYP27A1,LIPA,9606.ENSP00000258415,9606.ENSP00000337354,0,0,0,0,0.085,0.068,0.8,0.309,0.866
CYP27A1,SOAT1,9606.ENSP00000258415,9606.ENSP00000356591,0,0,0,0,0.062,0.048,0.8,0.357,0.87
CYP27A1,DHCR24,9606.ENSP00000258415,9606.ENSP00000360316,0,0,0,0,0.056,0.069,0.814,0.391,0.887
CYP27A1,FDX1,9606.ENSP00000258415,9606.ENSP00000260270,0.05,0,0,0,0.11,0.185,0.103,0.869,0.904
CYP27A1,DHCR7,9606.ENSP00000258415,9606.ENSP00000347717,0,0,0,0,0.046,0.118,0.825,0.603,0.933
CYP27A1,CYP46A1,9606.ENSP00000258415,9606.ENSP00000261835,0,0,0.23,0.613,0,0.069,0.9,0.354,0.947
CYP27A1,CYP8B1,9606.ENSP00000258415,9606.ENSP00000318867,0,0,0.114,0.564,0.044,0,0.9,0.498,0.951
CYP27A1,SLC27A5,9606.ENSP00000258415,9606.ENSP00000263093,0,0,0,0,0.104,0.045,0.9,0.519,0.953
CYP27A1,CYP7B1,9606.ENSP00000258415,9606.ENSP00000310721,0,0,0.234,0.559,0.063,0,0.9,0.561,0.964
CYP27A1,CYP7A1,9606.ENSP00000258415,9606.ENSP00000301645,0,0,0.457,0,0.055,0,0.9,0.945,0.996
CYP2C19,PLA2G3,9606.ENSP00000360372,9606.ENSP00000215885,0,0,0,0,0.05,0.127,0.65,0.103,0.704
CYP2C19,CYP4F3,9606.ENSP00000360372,9606.ENSP00000221307,0,0,0.244,0.585,0.099,0.086,0.905,0.291,0.95
CYP2C19,CYP4F2,9606.ENSP00000360372,9606.ENSP00000221700,0,0,0.242,0.59,0.133,0.086,0.905,0.347,0.956
CYP2C19,SLCO1B1,9606.ENSP00000360372,9606.ENSP00000256958,0,0,0,0,0.165,0,0,0.79,0.817
CYP2C19,CYP2C9,9606.ENSP00000360372,9606.ENSP00000260682,0,0,0.048,0.985,0.514,0.661,0.9,0.37,0.988
CYP2C19,HPGDS,9606.ENSP00000360372,9606.ENSP00000295256,0,0,0,0,0.111,0.046,0.65,0.413,0.802
CYP2C19,CYP4A11,9606.ENSP00000360372,9606.ENSP00000311095,0,0,0.24,0.593,0.109,0.084,0.907,0.38,0.957
CYP2C19,CYP2U1,9606.ENSP00000360372,9606.ENSP00000333212,0,0,0.109,0.862,0,0.091,0.908,0.08,0.922
CYP2C19,PTGS1,9606.ENSP00000360372,9606.ENSP00000354612,0,0,0,0,0.056,0,0.9,0.369,0.935
CYP2C19,PTGS2,9606.ENSP00000360372,9606.ENSP00000356438,0,0,0,0,0.056,0,0.9,0.293,0.927
CYP2C19,CYP2J2,9606.ENSP00000360372,9606.ENSP00000360247,0,0,0.092,0.896,0.063,0.091,0.907,0.111,0.925
CYP2C19,CYP2C8,9606.ENSP00000360372,9606.ENSP00000360317,0,0,0.05,0.98,0.138,0,0.9,0.394,0.943
CYP2C19,CYP4A22,9606.ENSP00000360372,9606.ENSP00000360958,0,0,0.243,0.588,0.069,0.084,0.907,0.179,0.941
CYP2C8,CYP4F3,9606.ENSP00000360317,9606.ENSP00000221307,0,0,0.245,0.582,0.071,0.086,0.905,0.244,0.946
CYP2C8,CYP4F2,9606.ENSP00000360317,9606.ENSP00000221700,0,0,0.245,0.583,0.089,0.086,0.905,0.305,0.951
CYP2C8,SLCO1B1,9606.ENSP00000360317,9606.ENSP00000256958,0,0,0,0,0.165,0,0,0.932,0.94
CYP2C8,CYP2C9,9606.ENSP00000360317,9606.ENSP00000260682,0,0,0.051,0.979,0.288,0,0.9,0.061,0.928
CYP2C8,HPGDS,9606.ENSP00000360317,9606.ENSP00000295256,0,0,0,0,0.109,0.046,0.65,0.335,0.775
CYP2C8,CYP4A11,9606.ENSP00000360317,9606.ENSP00000311095,0,0,0.242,0.588,0.153,0.084,0.907,0.474,0.966
CYP2C8,CYP2U1,9606.ENSP00000360317,9606.ENSP00000333212,0,0,0.108,0.864,0.047,0.091,0.908,0.076,0.922
CYP2C8,PTGS1,9606.ENSP00000360317,9606.ENSP00000354612,0,0,0,0,0.056,0,0.9,0.22,0.92
CYP2C8,PTGS2,9606.ENSP00000360317,9606.ENSP00000356438,0,0,0,0,0.056,0,0.9,0.445,0.943
CYP2C8,CYP2J2,9606.ENSP00000360317,9606.ENSP00000360247,0,0,0.09,0.9,0.068,0.091,0.907,0.12,0.926
CYP2C8,GPX2,9606.ENSP00000360317,9606.ENSP00000374265,0,0,0,0,0.061,0.045,0.9,0.118,0.91
CYP2C8,CYP4A22,9606.ENSP00000360317,9606.ENSP00000360958,0,0,0.245,0.582,0.09,0.084,0.907,0.182,0.943
CYP2C8,EPHX2,9606.ENSP00000360317,9606.ENSP00000430269,0.059,0,0,0,0.073,0.068,0.906,0.7,0.973
CYP2C9,CYP4F3,9606.ENSP00000260682,9606.ENSP00000221307,0,0,0.244,0.586,0.108,0.086,0.905,0.301,0.952
CYP2C9,CYP4F2,9606.ENSP00000260682,9606.ENSP00000221700,0,0,0.242,0.591,0.131,0.086,0.905,0.625,0.974
CYP2C9,SLCO1B1,9606.ENSP00000260682,9606.ENSP00000256958,0,0,0,0,0.164,0,0,0.911,0.922
CYP2C9,PLA2G4A,9606.ENSP00000260682,9606.ENSP00000356436,0,0,0,0,0,0.053,0.65,0.173,0.702
CYP2C9,CYP2U1,9606.ENSP00000260682,9606.ENSP00000333212,0,0,0.107,0.866,0,0.091,0.908,0.081,0.922
CYP2C9,CYP2J2,9606.ENSP00000260682,9606.ENSP00000360247,0,0,0.094,0.892,0.056,0.091,0.907,0.12,0.925
CYP2C9,PTGS2,9606.ENSP00000260682,9606.ENSP00000356438,0,0,0,0,0.056,0,0.9,0.377,0.936
CYP2C9,PTGS1,9606.ENSP00000260682,9606.ENSP00000354612,0,0,0,0,0.056,0,0.9,0.379,0.936
CYP2C9,CYP4A22,9606.ENSP00000260682,9606.ENSP00000360958,0,0,0.244,0.585,0.111,0.084,0.907,0.186,0.945
CYP2C9,HPGDS,9606.ENSP00000260682,9606.ENSP00000295256,0,0,0,0,0.116,0.046,0.9,0.463,0.948
CYP2C9,CYP4A11,9606.ENSP00000260682,9606.ENSP00000311095,0,0,0.24,0.592,0.148,0.084,0.907,0.308,0.955
CYP2C9,EPHX2,9606.ENSP00000260682,9606.ENSP00000430269,0.059,0,0,0,0.063,0.068,0.906,0.645,0.967
CYP2J2,CYP4F3,9606.ENSP00000360247,9606.ENSP00000221307,0,0,0.235,0.602,0.071,0.092,0.905,0.586,0.97
CYP2J2,CYP4F2,9606.ENSP00000360247,9606.ENSP00000221700,0,0,0.234,0.606,0.087,0.092,0.905,0.314,0.951
CYP2J2,CYP4A11,9606.ENSP00000360247,9606.ENSP00000311095,0,0,0.233,0.607,0.075,0.091,0.91,0.327,0.954
CYP2J2,CYP2U1,9606.ENSP00000360247,9606.ENSP00000333212,0,0,0.097,0.885,0,0.096,0.912,0.147,0.931
CYP2J2,PTGS1,9606.ENSP00000360247,9606.ENSP00000354612,0,0,0,0,0.056,0,0.9,0.148,0.912
CYP2J2,PTGS2,9606.ENSP00000360247,9606.ENSP00000356438,0,0,0,0,0.056,0,0.9,0.228,0.92
CYP2J2,PLA2G2F,9606.ENSP00000360247,9606.ENSP00000364243,0,0,0,0,0.055,0,0.65,0.175,0.703
CYP2J2,PLA2G2A,9606.ENSP00000360247,9606.ENSP00000383364,0,0,0,0,0.075,0,0.65,0.213,0.723
CYP2J2,GPX2,9606.ENSP00000360247,9606.ENSP00000374265,0,0,0,0,0.067,0.045,0.9,0.126,0.911
CYP2J2,CYP4A22,9606.ENSP00000360247,9606.ENSP00000360958,0,0,0.236,0.602,0.069,0.091,0.91,0.237,0.948
CYP2J2,EPHX2,9606.ENSP00000360247,9606.ENSP00000430269,0.059,0,0,0,0.114,0.068,0.906,0.785,0.981
CYP2U1,PLA2G3,9606.ENSP00000333212,9606.ENSP00000215885,0,0,0,0,0,0.127,0.65,0.231,0.744
CYP2U1,CYP4F3,9606.ENSP00000333212,9606.ENSP00000221307,0,0,0.238,0.597,0.063,0.091,0.909,0.209,0.945
CYP2U1,CYP4F2,9606.ENSP00000333212,9606.ENSP00000221700,0,0,0.236,0.6,0.063,0.091,0.909,0.173,0.942
CYP2U1,PLA2G12A,9606.ENSP00000333212,9606.ENSP00000243501,0,0,0,0,0.042,0,0.65,0.286,0.739
CYP2U1,CYP4A11,9606.ENSP00000333212,9606.ENSP00000311095,0,0,0.232,0.605,0.063,0.094,0.911,0.214,0.946
CYP2U1,PLB1,9606.ENSP00000333212,9606.ENSP00000330442,0,0,0,0,0,0,0.65,0.181,0.701
CYP2U1,PLA2G6,9606.ENSP00000333212,9606.ENSP00000333142,0,0,0,0,0,0,0.65,0.524,0.826
CYP2U1,PLA2G4F,9606.ENSP00000333212,9606.ENSP00000380442,0,0,0,0,0,0,0.65,0.253,0.727
CYP2U1,PTGS1,9606.ENSP00000333212,9606.ENSP00000354612,0,0,0,0,0.056,0,0.9,0.052,0.902
CYP2U1,PTGS2,9606.ENSP00000333212,9606.ENSP00000356438,0,0,0,0,0.056,0,0.9,0.052,0.902
CYP2U1,CYP4A22,9606.ENSP00000333212,9606.ENSP00000360958,0,0,0.235,0.599,0.063,0.094,0.911,0.198,0.945
CYP39A1,CYP46A1,9606.ENSP00000275016,9606.ENSP00000261835,0,0.027,0.425,0,0.087,0.049,0.9,0.676,0.98
CYP39A1,SQLE,9606.ENSP00000275016,9606.ENSP00000265896,0,0,0,0,0.585,0.113,0.111,0.329,0.751
CYP39A1,FDFT1,9606.ENSP00000275016,9606.ENSP00000491537,0.045,0,0,0,0.08,0.528,0,0.367,0.702
CYP39A1,LSS,9606.ENSP00000275016,9606.ENSP00000380837,0,0,0,0,0.192,0.528,0.318,0.333,0.803
CYP39A1,NR1H4,9606.ENSP00000275016,9606.ENSP00000447149,0,0,0,0,0.14,0.056,0,0.782,0.808
CYP39A1,HSD3B7,9606.ENSP00000275016,9606.ENSP00000297679,0,0,0,0,0.112,0.31,0.913,0.636,0.978
CYP46A1,CYP7B1,9606.ENSP00000261835,9606.ENSP00000310721,0,0,0.469,0,0.051,0.049,0,0.681,0.827
CYP46A1,SOAT2,9606.ENSP00000261835,9606.ENSP00000301466,0,0,0,0,0,0.059,0.8,0.213,0.839
CYP46A1,LIPA,9606.ENSP00000261835,9606.ENSP00000337354,0,0,0,0,0.055,0.068,0.8,0.232,0.846
CYP46A1,SOAT1,9606.ENSP00000261835,9606.ENSP00000356591,0,0,0,0,0,0.059,0.8,0.489,0.895
CYP46A1,DHCR24,9606.ENSP00000261835,9606.ENSP00000360316,0,0,0,0,0.056,0.069,0.814,0.531,0.913
CYP46A1,DHCR7,9606.ENSP00000261835,9606.ENSP00000347717,0,0,0,0,0.087,0.145,0.825,0.451,0.915
CYP46A1,CYP7A1,9606.ENSP00000261835,9606.ENSP00000301645,0,0,0.445,0,0.087,0.049,0.9,0.632,0.979
CYP4A11,PLA2G3,9606.ENSP00000311095,9606.ENSP00000215885,0,0,0,0,0.055,0.14,0.65,0.16,0.729
CYP4A11,CYP4F3,9606.ENSP00000311095,9606.ENSP00000221307,0,0,0.085,0.911,0.056,0.091,0.9,0.106,0.917
CYP4A11,CYP4F2,9606.ENSP00000311095,9606.ENSP00000221700,0,0,0.085,0.91,0.083,0.091,0.9,0.109,0.919
CYP4A11,PLA2G6,9606.ENSP00000311095,9606.ENSP00000333142,0,0,0,0,0.099,0,0.65,0.154,0.709
CYP4A11,PPARA,9606.ENSP00000311095,9606.ENSP00000385523,0,0,0,0,0.06,0.056,0.5,0.501,0.749
CYP4A11,PLA2G1B,9606.ENSP00000311095,9606.ENSP00000312286,0,0,0,0,0.044,0,0.65,0.518,0.824
CYP4A11,PTGS1,9606.ENSP00000311095,9606.ENSP00000354612,0,0,0,0,0.056,0,0.9,0.175,0.915
CYP4A11,PTGS2,9606.ENSP00000311095,9606.ENSP00000356438,0,0,0,0,0.056,0,0.9,0.209,0.918
CYP4A11,CYP4A22,9606.ENSP00000311095,9606.ENSP00000360958,0,0,0.047,0.986,0.534,0.226,0.9,0.051,0.961
CYP4A22,CYP4F3,9606.ENSP00000360958,9606.ENSP00000221307,0,0,0.089,0.903,0,0.091,0.9,0.09,0.914
CYP4A22,CYP4F2,9606.ENSP00000360958,9606.ENSP00000221700,0,0,0.09,0.901,0.049,0.091,0.9,0.091,0.915
CYP4A22,PTGS1,9606.ENSP00000360958,9606.ENSP00000354612,0,0,0,0,0.056,0,0.9,0.073,0.904
CYP4A22,PTGS2,9606.ENSP00000360958,9606.ENSP00000356438,0,0,0,0,0.056,0,0.9,0.088,0.906
CYP4F2,CYP4F3,9606.ENSP00000221700,9606.ENSP00000221307,0,0,0.049,0.983,0.775,0,0.9,0.057,0.977
CYP4F2,PTGS1,9606.ENSP00000221700,9606.ENSP00000354612,0,0,0,0,0.056,0,0.9,0.165,0.914
CYP4F2,LTA4H,9606.ENSP00000221700,9606.ENSP00000228740,0,0,0,0,0,0.054,0.9,0.23,0.92
CYP4F2,PTGS2,9606.ENSP00000221700,9606.ENSP00000356438,0,0,0,0,0.056,0,0.9,0.439,0.942
CYP4F22,LIPN,9606.ENSP00000269703,9606.ENSP00000383923,0,0,0,0,0.08,0.068,0,0.863,0.872
CYP4F3,PLA2G4A,9606.ENSP00000221307,9606.ENSP00000356436,0,0,0,0,0.06,0.053,0.65,0.178,0.709
CYP4F3,PTGS1,9606.ENSP00000221307,9606.ENSP00000354612,0,0,0,0,0.056,0,0.9,0.154,0.913
CYP4F3,LTA4H,9606.ENSP00000221307,9606.ENSP00000228740,0,0,0,0,0,0.054,0.9,0.386,0.936
CYP4F3,PTGS2,9606.ENSP00000221307,9606.ENSP00000356438,0,0,0,0,0.063,0,0.9,0.473,0.946
CYP51A1,EBP,9606.ENSP00000003100,9606.ENSP00000417052,0,0,0,0,0.339,0,0,0.584,0.714
CYP51A1,SREBF1,9606.ENSP00000003100,9606.ENSP00000348069,0,0,0,0,0.131,0,0.5,0.518,0.772
CYP51A1,MVK,9606.ENSP00000003100,9606.ENSP00000228510,0,0,0,0,0.239,0,0,0.725,0.782
CYP51A1,HSD3B2,9606.ENSP00000003100,9606.ENSP00000445122,0,0,0,0,0.213,0.619,0.175,0.36,0.82
CYP51A1,INSIG1,9606.ENSP00000003100,9606.ENSP00000344741,0,0,0,0,0.457,0,0,0.718,0.84
CYP51A1,HSD3B7,9606.ENSP00000003100,9606.ENSP00000297679,0,0,0,0,0.213,0.64,0.175,0.412,0.844
CYP51A1,HSD3B1,9606.ENSP00000003100,9606.ENSP00000358421,0,0,0,0,0.213,0.619,0.175,0.451,0.846
CYP51A1,IDI2,9606.ENSP00000003100,9606.ENSP00000277517,0.041,0,0,0,0.667,0,0,0.575,0.852
CYP51A1,MVD,9606.ENSP00000003100,9606.ENSP00000301012,0,0,0,0,0.553,0.07,0,0.71,0.869
CYP51A1,FDPS,9606.ENSP00000003100,9606.ENSP00000349078,0,0,0,0,0.517,0,0,0.774,0.886
CYP51A1,SREBF2,9606.ENSP00000003100,9606.ENSP00000354476,0,0,0,0,0.157,0,0.75,0.644,0.918
CYP51A1,HMGCS2,9606.ENSP00000003100,9606.ENSP00000358414,0.045,0,0,0,0.818,0.059,0,0.578,0.921
CYP51A1,IDI1,9606.ENSP00000003100,9606.ENSP00000370748,0.041,0,0,0,0.764,0,0,0.764,0.942
CYP51A1,HMGCR,9606.ENSP00000003100,9606.ENSP00000287936,0,0,0,0,0.756,0,0,0.796,0.948
CYP51A1,DHCR7,9606.ENSP00000003100,9606.ENSP00000347717,0,0,0,0,0.451,0.782,0.216,0.799,0.978
CYP51A1,HMGCS1,9606.ENSP00000003100,9606.ENSP00000322706,0.045,0,0,0,0.881,0.059,0,0.872,0.984
CYP51A1,NSDHL,9606.ENSP00000003100,9606.ENSP00000359297,0,0.279,0,0,0.713,0.619,0.175,0.857,0.989
CYP51A1,DHCR24,9606.ENSP00000003100,9606.ENSP00000360316,0,0,0,0,0.707,0.069,0.907,0.754,0.992
CYP51A1,LBR,9606.ENSP00000003100,9606.ENSP00000339883,0,0,0,0,0.312,0.782,0.918,0.568,0.993
CYP51A1,HSD17B7,9606.ENSP00000003100,9606.ENSP00000254521,0,0,0,0,0.534,0.954,0,0.852,0.996
CYP51A1,TM7SF2,9606.ENSP00000003100,9606.ENSP00000279263,0,0,0,0,0.312,0.782,0.918,0.782,0.996
CYP51A1,FDFT1,9606.ENSP00000003100,9606.ENSP00000491537,0.045,0,0,0,0.583,0.954,0,0.896,0.997
CYP51A1,SQLE,9606.ENSP00000003100,9606.ENSP00000265896,0,0,0.236,0,0.972,0.113,0.111,0.907,0.998
CYP51A1,LSS,9606.ENSP00000003100,9606.ENSP00000380837,0,0,0,0,0.71,0.954,0.928,0.748,0.999
CYP7A1,SLC10A1,9606.ENSP00000301645,9606.ENSP00000216540,0,0,0,0,0.227,0,0,0.887,0.909
CYP7A1,STS,9606.ENSP00000301645,9606.ENSP00000217961,0,0,0,0,0,0,0.9,0.083,0.904
CYP7A1,SLC10A2,9606.ENSP00000301645,9606.ENSP00000245312,0,0,0,0,0.111,0,0,0.866,0.876
CYP7A1,HSD17B7,9606.ENSP00000301645,9606.ENSP00000254521,0,0,0,0,0.133,0.528,0,0.343,0.707
CYP7A1,SCARB1,9606.ENSP00000301645,9606.ENSP00000261693,0,0,0,0,0.053,0,0,0.873,0.875
CYP7A1,SQLE,9606.ENSP00000301645,9606.ENSP00000265896,0,0,0,0,0.586,0.113,0.111,0.533,0.827
CYP7A1,HMGCR,9606.ENSP00000301645,9606.ENSP00000287936,0,0,0,0,0.212,0,0,0.909,0.925
CYP7A1,NPC1L1,9606.ENSP00000301645,9606.ENSP00000289547,0,0,0,0,0.113,0,0,0.935,0.94
CYP7A1,HSD3B7,9606.ENSP00000301645,9606.ENSP00000297679,0,0,0,0,0.112,0.31,0.913,0.642,0.978
CYP7A1,SOAT2,9606.ENSP00000301645,9606.ENSP00000301466,0,0,0,0,0.044,0.048,0.8,0.505,0.897
CYP7A1,NR1H2,9606.ENSP00000301645,9606.ENSP00000499121,0,0,0,0,0.111,0.056,0,0.686,0.714
CYP7A1,MYLIP,9606.ENSP00000301645,9606.ENSP00000349298,0,0,0,0,0,0.046,0,0.715,0.716
CYP7A1,HMGCS1,9606.ENSP00000301645,9606.ENSP00000322706,0.045,0,0,0,0.321,0.059,0,0.634,0.747
CYP7A1,SLCO1A2,9606.ENSP00000301645,9606.ENSP00000305974,0,0,0,0,0.112,0,0,0.733,0.752
CYP7A1,FDFT1,9606.ENSP00000301645,9606.ENSP00000491537,0.045,0,0,0,0.08,0.528,0,0.484,0.757
CYP7A1,RXRA,9606.ENSP00000301645,9606.ENSP00000419692,0,0,0,0,0,0.056,0.4,0.688,0.808
CYP7A1,SREBF1,9606.ENSP00000301645,9606.ENSP00000348069,0,0,0,0,0.053,0,0,0.824,0.826
CYP7A1,LSS,9606.ENSP00000301645,9606.ENSP00000380837,0,0,0,0,0.194,0.528,0.318,0.432,0.833
CYP7A1,FABP6,9606.ENSP00000301645,9606.ENSP00000377549,0,0,0,0,0.055,0,0,0.833,0.835
CYP7A1,SREBF2,9606.ENSP00000301645,9606.ENSP00000354476,0,0,0,0,0.053,0,0,0.836,0.838
CYP7A1,PPARA,9606.ENSP00000301645,9606.ENSP00000385523,0,0,0,0,0.099,0.056,0.4,0.724,0.84
CYP7A1,LIPA,9606.ENSP00000301645,9606.ENSP00000337354,0,0,0,0,0.055,0.068,0.8,0.372,0.874
CYP7A1,SOAT1,9606.ENSP00000301645,9606.ENSP00000356591,0,0,0,0,0,0.048,0.8,0.391,0.874
CYP7A1,NR1H3,9606.ENSP00000301645,9606.ENSP00000477707,0,0,0,0,0.111,0.056,0,0.867,0.879
CYP7A1,DHCR24,9606.ENSP00000301645,9606.ENSP00000360316,0,0,0,0,0.185,0.069,0.814,0.421,0.907
CYP7A1,DHCR7,9606.ENSP00000301645,9606.ENSP00000347717,0,0,0,0,0.089,0.3,0.835,0.514,0.942
CYP7A1,HSD3B1,9606.ENSP00000301645,9606.ENSP00000358421,0,0,0,0,0.114,0.31,0.913,0.317,0.959
CYP7A1,HSD3B2,9606.ENSP00000301645,9606.ENSP00000445122,0,0,0,0,0.131,0.31,0.913,0.529,0.972
CYP7A1,NR1H4,9606.ENSP00000301645,9606.ENSP00000447149,0,0,0,0,0.147,0.056,0.4,0.975,0.986
CYP7B1,STS,9606.ENSP00000310721,9606.ENSP00000217961,0,0,0,0,0,0,0.9,0,0.9
CYP7B1,HSD17B7,9606.ENSP00000310721,9606.ENSP00000254521,0,0,0,0,0.133,0.528,0,0.344,0.708
CYP7B1,SQLE,9606.ENSP00000310721,9606.ENSP00000265896,0,0,0,0,0.585,0.113,0.111,0.484,0.808
CYP7B1,HSD3B7,9606.ENSP00000310721,9606.ENSP00000297679,0,0,0,0,0.112,0.31,0.913,0.809,0.988
CYP7B1,LSS,9606.ENSP00000310721,9606.ENSP00000380837,0,0,0,0,0.192,0.528,0.318,0.364,0.812
CYP7B1,NR1H4,9606.ENSP00000310721,9606.ENSP00000447149,0,0,0,0,0.042,0.056,0,0.876,0.879
CYP7B1,HSD3B2,9606.ENSP00000310721,9606.ENSP00000445122,0,0,0,0,0.112,0.31,0.913,0.45,0.967
CYP7B1,HSD3B1,9606.ENSP00000310721,9606.ENSP00000358421,0,0,0,0,0.112,0.31,0.913,0.507,0.97
CYP8B1,SLC10A1,9606.ENSP00000318867,9606.ENSP00000216540,0,0,0,0,0.177,0,0,0.795,0.825
CYP8B1,SLC10A2,9606.ENSP00000318867,9606.ENSP00000245312,0,0,0,0,0.093,0,0,0.719,0.734
CYP8B1,SQLE,9606.ENSP00000318867,9606.ENSP00000265896,0,0,0,0,0.585,0.113,0.111,0.466,0.801
CYP8B1,HSD3B7,9606.ENSP00000318867,9606.ENSP00000297679,0,0,0,0,0.124,0.31,0.913,0.656,0.979
CYP8B1,LSS,9606.ENSP00000318867,9606.ENSP00000380837,0,0,0,0,0.192,0.528,0.318,0.342,0.806
CYP8B1,NR1H4,9606.ENSP00000318867,9606.ENSP00000447149,0,0,0,0,0.13,0.056,0,0.844,0.861
DAB1,PIK3R2,9606.ENSP00000360280,9606.ENSP00000222254,0,0,0,0,0,0,0.9,0.126,0.908
DAB1,PIK3R3,9606.ENSP00000360280,9606.ENSP00000262741,0,0,0,0,0,0,0.9,0.126,0.908
DAB1,PIK3CA,9606.ENSP00000360280,9606.ENSP00000263967,0,0,0,0,0.056,0,0.9,0,0.901
DAB1,PIK3CB,9606.ENSP00000360280,9606.ENSP00000501150,0,0,0,0,0.056,0,0.9,0,0.901
DAB1,PIK3CD,9606.ENSP00000360280,9606.ENSP00000366563,0,0,0,0,0.056,0,0.9,0,0.901
DAB1,PIK3R1,9606.ENSP00000360280,9606.ENSP00000428056,0,0,0,0,0,0,0.9,0.276,0.924
DAB1,SH3KBP1,9606.ENSP00000360280,9606.ENSP00000380921,0,0,0,0,0,0.626,0.8,0.199,0.935
DAB1,RELN,9606.ENSP00000360280,9606.ENSP00000392423,0,0,0,0,0.083,0.292,0.8,0.635,0.946
DAB1,VLDLR,9606.ENSP00000360280,9606.ENSP00000371532,0,0,0,0,0,0.658,0.9,0.723,0.989
DBI,PON1,9606.ENSP00000486361,9606.ENSP00000222381,0,0,0,0,0,0,0.72,0.073,0.729
DBI,LCAT,9606.ENSP00000486361,9606.ENSP00000264005,0,0,0,0,0,0,0.72,0.127,0.745
DBI,LPA,9606.ENSP00000486361,9606.ENSP00000321334,0,0,0,0,0,0,0.72,0.063,0.726
DBI,SCP2,9606.ENSP00000486361,9606.ENSP00000360569,0,0,0,0,0.144,0.093,0,0.756,0.794
DBI,PLTP,9606.ENSP00000486361,9606.ENSP00000417138,0,0,0,0,0.042,0,0.72,0.067,0.728
DDHD1,DDHD2,9606.ENSP00000500986,9606.ENSP00000380352,0,0,0,0.602,0.185,0,0.9,0.339,0.941
DECR1,HSD17B4,9606.ENSP00000220764,9606.ENSP00000411960,0.044,0,0,0,0.301,0.302,0.182,0.352,0.708
DECR1,HADHB,9606.ENSP00000220764,9606.ENSP00000325136,0.044,0,0,0,0.325,0.099,0.182,0.531,0.736
DECR2,SCP2,9606.ENSP00000219481,9606.ENSP00000360569,0.044,0,0,0,0.117,0.068,0.573,0.261,0.707
DECR2,HSD17B4,9606.ENSP00000219481,9606.ENSP00000411960,0.044,0,0,0,0.27,0,0.573,0.577,0.857
DEGS1,SPTLC2,9606.ENSP00000316476,9606.ENSP00000216484,0,0,0,0,0.245,0,0,0.768,0.817
DEGS1,SMPD3,9606.ENSP00000316476,9606.ENSP00000219334,0,0,0,0,0,0,0.9,0.487,0.946
DEGS1,SGPP1,9606.ENSP00000316476,9606.ENSP00000247225,0,0,0,0,0.062,0,0.9,0.454,0.944
DEGS1,SMPD2,9606.ENSP00000316476,9606.ENSP00000258052,0,0,0,0,0,0,0.9,0.618,0.96
DEGS1,GALC,9606.ENSP00000316476,9606.ENSP00000261304,0,0,0,0,0.042,0,0.9,0.248,0.921
DEGS1,SPTLC1,9606.ENSP00000316476,9606.ENSP00000262554,0,0,0,0,0.146,0,0,0.809,0.83
DEGS1,DEGS2,9606.ENSP00000316476,9606.ENSP00000307126,0,0,0.054,0.972,0,0,0.9,0.068,0.904
DEGS1,UGT8,9606.ENSP00000316476,9606.ENSP00000311648,0,0,0,0,0,0,0.9,0.374,0.934
DEGS1,SPHK1,9606.ENSP00000316476,9606.ENSP00000313681,0,0,0,0,0,0.071,0.9,0.607,0.96
DEGS1,GBA,9606.ENSP00000316476,9606.ENSP00000314508,0,0,0,0,0.056,0,0.9,0.301,0.928
DEGS1,SGPP2,9606.ENSP00000316476,9606.ENSP00000315137,0,0,0,0,0,0,0.9,0.337,0.93
DEGS1,SPTLC3,9606.ENSP00000316476,9606.ENSP00000381968,0,0,0,0,0.245,0,0,0.766,0.816
DEGS1,GBA2,9606.ENSP00000316476,9606.ENSP00000367343,0,0,0,0,0,0,0.9,0.255,0.922
DEGS1,ENPP7,9606.ENSP00000316476,9606.ENSP00000332656,0,0,0,0,0,0,0.9,0.276,0.924
DEGS1,SMPD4,9606.ENSP00000316476,9606.ENSP00000386531,0,0,0,0,0.049,0,0.9,0.537,0.952
DEGS1,SMPD1,9606.ENSP00000316476,9606.ENSP00000340409,0,0,0,0,0.043,0,0.9,0.555,0.953
DEGS1,SGMS2,9606.ENSP00000316476,9606.ENSP00000378176,0,0,0,0,0.109,0,0.9,0.522,0.953
DEGS1,SPHK2,9606.ENSP00000316476,9606.ENSP00000469158,0,0,0,0,0,0.071,0.9,0.604,0.96
DEGS1,SGMS1,9606.ENSP00000316476,9606.ENSP00000354829,0,0,0,0,0.137,0,0.9,0.604,0.962
DEGS1,UGCG,9606.ENSP00000316476,9606.ENSP00000363397,0,0,0,0,0.072,0,0.9,0.731,0.972
DEGS1,KDSR,9606.ENSP00000316476,9606.ENSP00000494352,0,0,0,0,0.126,0,0.912,0.688,0.974
DEGS2,SPTLC2,9606.ENSP00000307126,9606.ENSP00000216484,0,0,0,0,0.245,0,0,0.671,0.741
DEGS2,SMPD3,9606.ENSP00000307126,9606.ENSP00000219334,0,0,0,0,0.067,0,0.9,0.393,0.938
DEGS2,SGPP1,9606.ENSP00000307126,9606.ENSP00000247225,0,0,0,0,0,0,0.9,0.377,0.935
DEGS2,SMPD2,9606.ENSP00000307126,9606.ENSP00000258052,0,0,0,0,0.048,0,0.9,0.538,0.952
DEGS2,GALC,9606.ENSP00000307126,9606.ENSP00000261304,0,0,0,0,0,0,0.9,0.193,0.915
DEGS2,SPTLC1,9606.ENSP00000307126,9606.ENSP00000262554,0,0,0,0,0.106,0,0,0.716,0.736
DEGS2,SPTLC3,9606.ENSP00000307126,9606.ENSP00000381968,0,0,0,0,0.245,0,0,0.676,0.745
DEGS2,GBA,9606.ENSP00000307126,9606.ENSP00000314508,0,0,0,0,0,0,0.9,0.222,0.918
DEGS2,GBA2,9606.ENSP00000307126,9606.ENSP00000367343,0,0,0,0,0,0,0.9,0.295,0.926
DEGS2,UGT8,9606.ENSP00000307126,9606.ENSP00000311648,0,0,0,0,0,0,0.9,0.325,0.929
DEGS2,ENPP7,9606.ENSP00000307126,9606.ENSP00000332656,0,0,0,0,0.056,0,0.9,0.372,0.935
DEGS2,SGPP2,9606.ENSP00000307126,9606.ENSP00000315137,0,0,0,0,0.042,0,0.9,0.427,0.94
DEGS2,SMPD1,9606.ENSP00000307126,9606.ENSP00000340409,0,0,0,0,0,0,0.9,0.438,0.941
DEGS2,SGMS1,9606.ENSP00000307126,9606.ENSP00000354829,0,0,0,0,0.109,0,0.9,0.417,0.943
DEGS2,SPHK1,9606.ENSP00000307126,9606.ENSP00000313681,0,0,0,0,0,0.071,0.9,0.458,0.945
DEGS2,SPHK2,9606.ENSP00000307126,9606.ENSP00000469158,0,0,0,0,0,0.071,0.9,0.456,0.945
DEGS2,SGMS2,9606.ENSP00000307126,9606.ENSP00000378176,0,0,0,0,0.109,0,0.9,0.479,0.949
DEGS2,SMPD4,9606.ENSP00000307126,9606.ENSP00000386531,0,0,0,0,0,0,0.9,0.531,0.951
DEGS2,UGCG,9606.ENSP00000307126,9606.ENSP00000363397,0,0,0,0,0.066,0,0.9,0.625,0.961
DEGS2,KDSR,9606.ENSP00000307126,9606.ENSP00000494352,0,0,0,0,0.109,0,0.912,0.612,0.967
DGAT1,MOGAT2,9606.ENSP00000482264,9606.ENSP00000198801,0,0,0,0,0,0.215,0.9,0.925,0.993
DGAT1,PNPLA3,9606.ENSP00000482264,9606.ENSP00000216180,0,0,0,0,0,0,0.65,0.529,0.828
DGAT1,MOGAT3,9606.ENSP00000482264,9606.ENSP00000223114,0,0,0,0,0.044,0.215,0.9,0.881,0.989
DGAT1,DGAT2,9606.ENSP00000482264,9606.ENSP00000228027,0,0,0,0,0.088,0.215,0.9,0.989,0.999
DGAT1,LIPE,9606.ENSP00000482264,9606.ENSP00000244289,0,0,0,0,0.072,0,0,0.738,0.746
DGAT1,LIPG,9606.ENSP00000482264,9606.ENSP00000261292,0,0,0,0,0,0,0.65,0.256,0.728
DGAT1,LPIN2,9606.ENSP00000482264,9606.ENSP00000261596,0,0,0,0,0,0.098,0.69,0.58,0.872
DGAT1,SCARB1,9606.ENSP00000482264,9606.ENSP00000261693,0,0,0,0,0.106,0,0,0.802,0.815
DGAT1,GPAM,9606.ENSP00000482264,9606.ENSP00000265276,0,0,0,0,0,0,0,0.741,0.741
DGAT1,LIPC,9606.ENSP00000482264,9606.ENSP00000299022,0,0,0,0,0,0,0.65,0.448,0.798
DGAT1,MBOAT2,9606.ENSP00000482264,9606.ENSP00000302177,0,0,0,0,0.048,0,0,0.717,0.719
DGAT1,FASN,9606.ENSP00000482264,9606.ENSP00000304592,0,0,0,0,0.044,0,0,0.767,0.768
DGAT1,PNPLA2,9606.ENSP00000482264,9606.ENSP00000337701,0,0,0,0,0.084,0,0.65,0.793,0.927
DGAT1,SREBF1,9606.ENSP00000482264,9606.ENSP00000348069,0,0,0,0,0.064,0,0,0.773,0.779
DGAT1,PNLIP,9606.ENSP00000482264,9606.ENSP00000358223,0,0,0,0,0,0,0.65,0.452,0.8
DGAT1,SCD,9606.ENSP00000482264,9606.ENSP00000359380,0,0,0,0,0.043,0,0,0.791,0.792
DGAT1,LIPF,9606.ENSP00000482264,9606.ENSP00000377900,0,0,0,0,0.059,0,0.679,0.166,0.726
DGAT1,GPAT4,9606.ENSP00000482264,9606.ENSP00000380184,0,0,0,0,0.042,0,0,0.761,0.761
DGAT1,PPARA,9606.ENSP00000482264,9606.ENSP00000385523,0,0,0,0,0.109,0,0,0.699,0.721
DGAT1,LPIN1,9606.ENSP00000482264,9606.ENSP00000397908,0,0,0,0,0,0.098,0.69,0.707,0.911
DGAT1,MOGAT1,9606.ENSP00000482264,9606.ENSP00000406674,0,0,0,0,0,0.215,0.9,0.954,0.996
DGAT1,MTTP,9606.ENSP00000482264,9606.ENSP00000427679,0,0,0,0,0.11,0,0,0.745,0.764
DGAT1,LPL,9606.ENSP00000482264,9606.ENSP00000497642,0,0,0,0,0,0,0,0.761,0.761
DGAT1,LPIN3,9606.ENSP00000482264,9606.ENSP00000487971,0,0,0,0,0,0.098,0.69,0.521,0.854
DGAT2,MOGAT2,9606.ENSP00000228027,9606.ENSP00000198801,0,0,0.072,0.935,0.049,0.077,0.9,0.1,0.913
DGAT2,PNPLA3,9606.ENSP00000228027,9606.ENSP00000216180,0,0,0,0,0.064,0,0.65,0.558,0.842
DGAT2,MOGAT3,9606.ENSP00000228027,9606.ENSP00000223114,0,0,0.065,0.95,0,0.077,0.9,0.083,0.91
DGAT2,LIPE,9606.ENSP00000228027,9606.ENSP00000244289,0,0,0,0,0.093,0,0,0.683,0.701
DGAT2,GPAM,9606.ENSP00000228027,9606.ENSP00000265276,0,0,0,0,0.083,0,0,0.715,0.728
DGAT2,LIPG,9606.ENSP00000228027,9606.ENSP00000261292,0,0,0,0,0,0,0.65,0.271,0.734
DGAT2,GPAT3,9606.ENSP00000228027,9606.ENSP00000264409,0,0,0,0,0.083,0.054,0,0.727,0.743
DGAT2,GPAT4,9606.ENSP00000228027,9606.ENSP00000380184,0,0,0,0,0.051,0.054,0,0.744,0.75
DGAT2,SOAT2,9606.ENSP00000228027,9606.ENSP00000301466,0,0,0,0,0,0.215,0,0.704,0.758
DGAT2,PNLIP,9606.ENSP00000228027,9606.ENSP00000358223,0,0,0,0,0,0,0.65,0.381,0.774
DGAT2,SREBF1,9606.ENSP00000228027,9606.ENSP00000348069,0,0,0,0,0.049,0,0,0.777,0.778
DGAT2,FABP4,9606.ENSP00000228027,9606.ENSP00000256104,0,0,0,0,0.062,0,0,0.781,0.786
DGAT2,LIPC,9606.ENSP00000228027,9606.ENSP00000299022,0,0,0,0,0,0,0.65,0.45,0.799
DGAT2,LPIN3,9606.ENSP00000228027,9606.ENSP00000487971,0,0,0,0,0,0.097,0.678,0.395,0.809
DGAT2,FASN,9606.ENSP00000228027,9606.ENSP00000304592,0,0,0,0,0.056,0,0,0.828,0.831
DGAT2,ELOVL2,9606.ENSP00000228027,9606.ENSP00000346693,0,0,0,0,0,0,0,0.841,0.841
DGAT2,SCD,9606.ENSP00000228027,9606.ENSP00000359380,0,0,0,0,0.054,0.058,0,0.839,0.844
DGAT2,LPIN2,9606.ENSP00000228027,9606.ENSP00000261596,0,0,0,0,0,0.097,0.678,0.537,0.854
DGAT2,LPIN1,9606.ENSP00000228027,9606.ENSP00000397908,0,0,0,0,0,0.097,0.678,0.646,0.888
DGAT2,MOGAT1,9606.ENSP00000228027,9606.ENSP00000406674,0,0,0.07,0.94,0.056,0,0.9,0.096,0.91
DGAT2,PNPLA2,9606.ENSP00000228027,9606.ENSP00000337701,0,0,0,0,0.068,0,0.65,0.747,0.91
DGAT2,SLC27A1,9606.ENSP00000228027,9606.ENSP00000252595,0,0,0,0,0,0.292,0,0.979,0.984
DHCR24,STS,9606.ENSP00000360316,9606.ENSP00000217961,0,0,0,0,0.049,0,0.8,0.081,0.81
DHCR24,MVK,9606.ENSP00000360316,9606.ENSP00000228510,0,0,0,0,0.178,0,0,0.698,0.741
DHCR24,HSD17B7,9606.ENSP00000360316,9606.ENSP00000254521,0,0,0,0,0.146,0,0.9,0.772,0.978
DHCR24,SQLE,9606.ENSP00000360316,9606.ENSP00000265896,0,0,0,0,0.278,0,0,0.809,0.856
DHCR24,TM7SF2,9606.ENSP00000360316,9606.ENSP00000279263,0,0.017,0,0,0.161,0,0.9,0.739,0.976
DHCR24,HMGCR,9606.ENSP00000360316,9606.ENSP00000287936,0,0,0,0,0.286,0,0,0.77,0.829
DHCR24,SOAT2,9606.ENSP00000360316,9606.ENSP00000301466,0,0,0,0,0,0,0.9,0.457,0.943
DHCR24,HMGCS1,9606.ENSP00000360316,9606.ENSP00000322706,0,0,0,0,0.3,0,0,0.831,0.877
DHCR24,LIPA,9606.ENSP00000360316,9606.ENSP00000337354,0,0,0,0,0.061,0,0.9,0.212,0.919
DHCR24,LBR,9606.ENSP00000360316,9606.ENSP00000339883,0,0.006,0,0,0.103,0,0.9,0.488,0.95
DHCR24,INSIG1,9606.ENSP00000360316,9606.ENSP00000344741,0,0,0,0,0.193,0,0,0.77,0.806
DHCR24,DHCR7,9606.ENSP00000360316,9606.ENSP00000347717,0,0.063,0,0,0.478,0.292,0.9,0.906,0.996
DHCR24,FDPS,9606.ENSP00000360316,9606.ENSP00000349078,0.041,0,0,0,0.305,0.204,0,0.659,0.795
DHCR24,SREBF2,9606.ENSP00000360316,9606.ENSP00000354476,0,0,0,0,0.21,0,0,0.645,0.708
DHCR24,SOAT1,9606.ENSP00000360316,9606.ENSP00000356591,0,0,0,0,0.047,0,0.9,0.426,0.94
DHCR24,NSDHL,9606.ENSP00000360316,9606.ENSP00000359297,0.047,0,0,0,0.383,0,0.159,0.747,0.858
DHCR24,IDI1,9606.ENSP00000360316,9606.ENSP00000370748,0.042,0,0,0,0.203,0,0,0.717,0.765
DHCR24,FDFT1,9606.ENSP00000360316,9606.ENSP00000491537,0,0,0,0,0.218,0,0,0.793,0.831
DHCR24,EBP,9606.ENSP00000360316,9606.ENSP00000417052,0,0,0,0,0.2,0.238,0.913,0.693,0.981
DHCR24,LSS,9606.ENSP00000360316,9606.ENSP00000380837,0,0,0,0,0.38,0,0.9,0.735,0.982
DHCR7,STS,9606.ENSP00000347717,9606.ENSP00000217961,0,0,0,0,0,0,0.8,0.105,0.813
DHCR7,MVK,9606.ENSP00000347717,9606.ENSP00000228510,0,0,0,0,0.419,0,0,0.724,0.833
DHCR7,HSD17B7,9606.ENSP00000347717,9606.ENSP00000254521,0,0,0,0,0.212,0.782,0,0.716,0.947
DHCR7,SQLE,9606.ENSP00000347717,9606.ENSP00000265896,0,0,0,0,0.583,0.782,0,0.829,0.983
DHCR7,HMGCR,9606.ENSP00000347717,9606.ENSP00000287936,0,0,0,0,0.385,0,0,0.85,0.904
DHCR7,HSD3B7,9606.ENSP00000347717,9606.ENSP00000297679,0,0,0,0,0.117,0.468,0,0.441,0.715
DHCR7,MVD,9606.ENSP00000347717,9606.ENSP00000301012,0,0,0,0,0.533,0,0,0.712,0.86
DHCR7,SOAT2,9606.ENSP00000347717,9606.ENSP00000301466,0,0,0,0,0.056,0.067,0.9,0.385,0.938
DHCR7,FASN,9606.ENSP00000347717,9606.ENSP00000304592,0,0,0,0,0.324,0,0,0.656,0.757
DHCR7,HMGCS1,9606.ENSP00000347717,9606.ENSP00000322706,0,0,0,0,0.58,0,0,0.879,0.947
DHCR7,LIPA,9606.ENSP00000347717,9606.ENSP00000337354,0,0,0,0,0,0.053,0.9,0.308,0.928
DHCR7,INSIG1,9606.ENSP00000347717,9606.ENSP00000344741,0,0,0,0,0.293,0.079,0,0.589,0.709
DHCR7,HMGCS2,9606.ENSP00000347717,9606.ENSP00000358414,0,0,0,0,0.298,0,0,0.747,0.814
DHCR7,FDPS,9606.ENSP00000347717,9606.ENSP00000349078,0,0,0,0,0.388,0,0,0.712,0.816
DHCR7,SREBF1,9606.ENSP00000347717,9606.ENSP00000348069,0,0,0,0,0.177,0,0.5,0.66,0.848
DHCR7,IDI1,9606.ENSP00000347717,9606.ENSP00000370748,0,0,0,0,0.436,0,0,0.768,0.864
DHCR7,SREBF2,9606.ENSP00000347717,9606.ENSP00000354476,0,0,0,0,0.316,0,0.5,0.75,0.907
DHCR7,LSS,9606.ENSP00000347717,9606.ENSP00000380837,0,0,0,0,0.734,0,0,0.729,0.925
DHCR7,FDFT1,9606.ENSP00000347717,9606.ENSP00000491537,0,0,0,0,0.376,0,0,0.906,0.938
DHCR7,SOAT1,9606.ENSP00000347717,9606.ENSP00000356591,0,0,0,0,0,0.067,0.9,0.43,0.942
DHCR7,EBP,9606.ENSP00000347717,9606.ENSP00000417052,0,0,0,0,0.469,0,0,0.94,0.966
DHCR7,NSDHL,9606.ENSP00000347717,9606.ENSP00000359297,0,0,0,0,0.648,0.45,0,0.84,0.966
DMGDH,SARDH,9606.ENSP00000255189,9606.ENSP00000360938,0,0,0.135,0.806,0.117,0,0.9,0.464,0.953
DPEP2,DPEP3,9606.ENSP00000458977,9606.ENSP00000500237,0,0,0.056,0.969,0.104,0.361,0.5,0.07,0.702
EBP,HSD17B7,9606.ENSP00000417052,9606.ENSP00000254521,0,0,0,0,0.27,0,0.913,0.431,0.961
EBP,TM7SF2,9606.ENSP00000417052,9606.ENSP00000279263,0,0,0,0,0.255,0,0.9,0.896,0.991
EBP,FADS1,9606.ENSP00000417052,9606.ENSP00000322229,0,0,0,0,0.143,0,0,0.814,0.833
EBP,LBR,9606.ENSP00000417052,9606.ENSP00000339883,0,0,0,0,0.214,0,0,0.705,0.759
EBP,NSDHL,9606.ENSP00000417052,9606.ENSP00000359297,0,0,0,0,0.527,0,0,0.928,0.964
EBP,LSS,9606.ENSP00000417052,9606.ENSP00000380837,0,0,0,0,0.276,0,0,0.646,0.733
EBP,FDFT1,9606.ENSP00000417052,9606.ENSP00000491537,0,0,0,0,0.277,0,0,0.712,0.783
ECHS1,EHHADH,9606.ENSP00000357535,9606.ENSP00000231887,0,0,0,0.733,0.106,0.225,0.94,0.578,0.98
ECHS1,HMGCS1,9606.ENSP00000357535,9606.ENSP00000322706,0.059,0,0,0,0.108,0,0.253,0.579,0.701
ECHS1,HADHB,9606.ENSP00000357535,9606.ENSP00000325136,0.054,0,0,0,0.518,0.296,0.218,0.981,0.994
ECHS1,HSD17B3,9606.ENSP00000357535,9606.ENSP00000364412,0,0,0,0,0.11,0,0.217,0.627,0.717
ECHS1,PCCB,9606.ENSP00000357535,9606.ENSP00000419027,0.059,0,0,0,0.364,0,0.278,0.45,0.731
ECHS1,HMGCL,9606.ENSP00000357535,9606.ENSP00000363614,0.059,0,0,0,0.341,0,0.278,0.537,0.765
ECHS1,SCP2,9606.ENSP00000357535,9606.ENSP00000360569,0.054,0,0,0,0.362,0.086,0.64,0.565,0.898
ECHS1,HSD17B4,9606.ENSP00000357535,9606.ENSP00000411960,0.054,0,0,0,0.216,0.067,0.216,0.88,0.923
ECHS1,HADHA,9606.ENSP00000357535,9606.ENSP00000370023,0,0,0,0.685,0.296,0.225,0.94,0.387,0.977
ECHS1,HADH,9606.ENSP00000357535,9606.ENSP00000474560,0.059,0.9,0.233,0,0.494,0.095,0.355,0.963,0.999
EHHADH,OXCT1,9606.ENSP00000231887,9606.ENSP00000196371,0.059,0,0,0,0.132,0,0.924,0.301,0.951
EHHADH,PPARA,9606.ENSP00000231887,9606.ENSP00000385523,0,0,0,0,0.13,0,0,0.757,0.78
EHHADH,PCCA,9606.ENSP00000231887,9606.ENSP00000365462,0.057,0,0,0,0.169,0.066,0.841,0.234,0.895
EHHADH,PCCB,9606.ENSP00000231887,9606.ENSP00000419027,0.059,0,0,0,0.23,0,0.849,0.311,0.914
EHHADH,HADHA,9606.ENSP00000231887,9606.ENSP00000370023,0,0,0.146,0.74,0,0,0.913,0.305,0.944
EHHADH,SCP2,9606.ENSP00000231887,9606.ENSP00000360569,0.054,0,0,0,0.342,0.113,0.812,0.612,0.952
EHHADH,HMGCS1,9606.ENSP00000231887,9606.ENSP00000322706,0.059,0,0,0,0.108,0,0.922,0.451,0.959
EHHADH,HMGCS2,9606.ENSP00000231887,9606.ENSP00000358414,0.059,0,0,0,0.12,0,0.922,0.621,0.972
EHHADH,HSD17B4,9606.ENSP00000231887,9606.ENSP00000411960,0.054,0,0,0,0.202,0.067,0.591,0.965,0.988
EHHADH,HADHB,9606.ENSP00000231887,9606.ENSP00000325136,0.054,0.033,0,0,0.346,0.296,0.944,0.971,0.999
ELOVL1,HSD17B12,9606.ENSP00000477602,9606.ENSP00000278353,0,0,0,0,0.091,0.311,0.908,0.604,0.974
ELOVL1,ELOVL4,9606.ENSP00000477602,9606.ENSP00000358831,0,0,0.091,0.885,0.06,0,0.9,0.436,0.945
ELOVL1,ELOVL3,9606.ENSP00000477602,9606.ENSP00000359022,0,0,0,0.637,0.044,0,0.9,0.442,0.942
ELOVL1,ELOVL7,9606.ENSP00000477602,9606.ENSP00000424123,0,0,0.059,0.961,0,0,0.9,0.07,0.904
ELOVL2,TECR,9606.ENSP00000346693,9606.ENSP00000215567,0,0,0,0,0,0.101,0.9,0.167,0.918
ELOVL2,HACD3,9606.ENSP00000346693,9606.ENSP00000261875,0,0,0,0,0.075,0.089,0.9,0.2,0.923
ELOVL2,HSD17B12,9606.ENSP00000346693,9606.ENSP00000278353,0,0,0,0,0.06,0.069,0.909,0.385,0.945
ELOVL2,FADS2,9606.ENSP00000346693,9606.ENSP00000278840,0,0,0,0,0.055,0,0.114,0.755,0.777
ELOVL2,FADS1,9606.ENSP00000346693,9606.ENSP00000322229,0,0,0,0,0.062,0,0.907,0.756,0.977
ELOVL2,HACD4,9606.ENSP00000346693,9606.ENSP00000419503,0,0,0,0,0,0.089,0.9,0.218,0.922
ELOVL2,HACD1,9606.ENSP00000346693,9606.ENSP00000355308,0,0,0,0,0.045,0.093,0.9,0.33,0.934
ELOVL2,HACD2,9606.ENSP00000346693,9606.ENSP00000373153,0,0,0,0,0,0.093,0.9,0.336,0.934
ELOVL3,HSD17B12,9606.ENSP00000359022,9606.ENSP00000278353,0,0,0,0,0,0,0.911,0.286,0.934
ELOVL3,ELOVL7,9606.ENSP00000359022,9606.ENSP00000424123,0,0,0,0.629,0,0,0.9,0.34,0.931
ELOVL4,TECR,9606.ENSP00000358831,9606.ENSP00000215567,0,0,0,0,0,0.135,0.9,0.343,0.938
ELOVL4,HACD3,9606.ENSP00000358831,9606.ENSP00000261875,0,0,0,0,0.06,0.089,0.9,0.343,0.936
ELOVL4,HSD17B12,9606.ENSP00000358831,9606.ENSP00000278353,0,0,0,0,0.06,0.069,0.909,0.486,0.954
ELOVL4,HACD1,9606.ENSP00000358831,9606.ENSP00000355308,0,0,0,0,0.049,0.093,0.9,0.426,0.943
ELOVL4,HACD4,9606.ENSP00000358831,9606.ENSP00000419503,0,0,0,0,0,0.089,0.9,0.389,0.939
ELOVL4,HACD2,9606.ENSP00000358831,9606.ENSP00000373153,0,0,0,0,0.043,0.093,0.9,0.429,0.943
ELOVL5,FADS2,9606.ENSP00000359956,9606.ENSP00000278840,0,0,0,0,0.087,0,0.114,0.818,0.84
ELOVL5,FADS1,9606.ENSP00000359956,9606.ENSP00000322229,0,0,0,0,0.074,0,0.114,0.816,0.836
ELOVL5,SCD,9606.ENSP00000359956,9606.ENSP00000359380,0,0,0,0,0.106,0.068,0,0.758,0.781
ELOVL6,TECR,9606.ENSP00000378105,9606.ENSP00000215567,0,0,0,0,0,0.071,0.9,0.736,0.973
ELOVL6,HACD3,9606.ENSP00000378105,9606.ENSP00000261875,0,0,0,0,0.071,0,0.9,0.301,0.929
ELOVL6,HSD17B12,9606.ENSP00000378105,9606.ENSP00000278353,0,0,0,0,0.061,0,0.911,0.494,0.954
ELOVL6,FADS2,9606.ENSP00000378105,9606.ENSP00000278840,0,0,0,0,0.089,0,0,0.687,0.703
ELOVL6,THRSP,9606.ENSP00000378105,9606.ENSP00000281030,0,0,0,0,0.106,0,0,0.744,0.761
ELOVL6,FASN,9606.ENSP00000378105,9606.ENSP00000304592,0,0,0,0,0.341,0,0,0.88,0.918
ELOVL6,SCD5,9606.ENSP00000378105,9606.ENSP00000316329,0,0,0,0,0.11,0.067,0.9,0.661,0.968
ELOVL6,FADS1,9606.ENSP00000378105,9606.ENSP00000322229,0,0,0,0,0.087,0,0,0.685,0.701
ELOVL6,SREBF1,9606.ENSP00000378105,9606.ENSP00000348069,0,0,0,0,0.043,0,0.75,0.719,0.927
ELOVL6,SREBF2,9606.ENSP00000378105,9606.ENSP00000354476,0,0,0,0,0.048,0,0.75,0.696,0.921
ELOVL6,HACD1,9606.ENSP00000378105,9606.ENSP00000355308,0,0,0,0,0.073,0,0.9,0.451,0.944
ELOVL6,SCD,9606.ENSP00000378105,9606.ENSP00000359380,0,0,0,0,0.198,0.067,0.9,0.819,0.984
ELOVL6,HACD2,9606.ENSP00000378105,9606.ENSP00000373153,0,0,0,0,0.071,0,0.9,0.525,0.952
ELOVL6,PPARA,9606.ENSP00000378105,9606.ENSP00000385523,0,0,0,0,0,0,0,0.741,0.741
ELOVL6,HACD4,9606.ENSP00000378105,9606.ENSP00000419503,0,0,0,0,0.053,0,0.9,0.207,0.918
ELOVL7,HSD17B12,9606.ENSP00000424123,9606.ENSP00000278353,0,0,0,0,0.085,0.067,0.908,0.401,0.947
ENPP6,GDPD1,9606.ENSP00000296741,9606.ENSP00000284116,0.054,0,0,0,0.067,0,0.9,0.402,0.94
ENPP6,LPCAT4,9606.ENSP00000296741,9606.ENSP00000317300,0,0,0,0,0.059,0,0.9,0.204,0.918
ENPP6,TMEM86B,9606.ENSP00000296741,9606.ENSP00000321038,0,0,0,0,0.052,0,0.9,0.365,0.934
ENPP6,GDPD3,9606.ENSP00000296741,9606.ENSP00000384363,0.054,0,0,0,0.067,0,0.9,0.383,0.938
ENPP7,SMPD3,9606.ENSP00000332656,9606.ENSP00000219334,0,0,0,0,0,0,0.9,0.512,0.949
ENPP7,SGPP1,9606.ENSP00000332656,9606.ENSP00000247225,0.042,0,0,0,0,0,0.9,0.278,0.924
ENPP7,SMPD2,9606.ENSP00000332656,9606.ENSP00000258052,0,0,0,0,0.049,0,0.9,0.667,0.965
ENPP7,GALC,9606.ENSP00000332656,9606.ENSP00000261304,0,0,0,0,0,0,0.9,0.164,0.912
ENPP7,UGT8,9606.ENSP00000332656,9606.ENSP00000311648,0,0,0,0,0.055,0,0.9,0.128,0.91
ENPP7,GBA,9606.ENSP00000332656,9606.ENSP00000314508,0,0,0,0,0.044,0,0.9,0.126,0.909
ENPP7,SGPP2,9606.ENSP00000332656,9606.ENSP00000315137,0.042,0,0,0,0,0,0.9,0.158,0.912
ENPP7,GBA2,9606.ENSP00000332656,9606.ENSP00000367343,0,0,0,0,0,0,0.9,0.261,0.922
ENPP7,SGMS2,9606.ENSP00000332656,9606.ENSP00000378176,0,0,0,0,0,0,0.908,0.233,0.926
ENPP7,UGCG,9606.ENSP00000332656,9606.ENSP00000363397,0,0,0,0,0,0,0.9,0.372,0.934
ENPP7,SGMS1,9606.ENSP00000332656,9606.ENSP00000354829,0,0,0,0,0,0,0.908,0.324,0.935
ENPP7,SMPD4,9606.ENSP00000332656,9606.ENSP00000386531,0,0,0,0,0,0,0.9,0.609,0.959
ENPP7,SMPD1,9606.ENSP00000332656,9606.ENSP00000340409,0,0,0,0,0.052,0,0.9,0.664,0.965
EP300,NFYB,9606.ENSP00000263253,9606.ENSP00000240055,0,0,0,0,0,0.625,0.5,0.532,0.904
EP300,NR1D1,9606.ENSP00000263253,9606.ENSP00000246672,0,0,0,0,0.052,0.071,0.5,0.533,0.766
EP300,MED4,9606.ENSP00000263253,9606.ENSP00000258648,0,0,0,0,0.049,0,0.5,0.511,0.747
EP300,TGS1,9606.ENSP00000263253,9606.ENSP00000260129,0,0,0,0,0.049,0.52,0,0.586,0.794
EP300,RORA,9606.ENSP00000263253,9606.ENSP00000261523,0,0,0,0,0.044,0.292,0.9,0.491,0.96
EP300,MED15,9606.ENSP00000263253,9606.ENSP00000263205,0,0,0,0,0.067,0,0.5,0.548,0.771
EP300,MED6,9606.ENSP00000263253,9606.ENSP00000481920,0,0,0,0,0.045,0,0.5,0.428,0.703
EP300,NR1H3,9606.ENSP00000263253,9606.ENSP00000477707,0,0,0,0,0,0.357,0.5,0.208,0.723
EP300,MED13L,9606.ENSP00000263253,9606.ENSP00000281928,0,0,0,0,0.386,0,0.5,0.19,0.729
EP300,MED12,9606.ENSP00000263253,9606.ENSP00000363193,0,0,0,0,0.23,0,0.5,0.535,0.805
EP300,SIN3A,9606.ENSP00000263253,9606.ENSP00000378402,0,0,0,0,0.227,0.095,0.5,0.537,0.816
EP300,PPARA,9606.ENSP00000263253,9606.ENSP00000385523,0,0,0,0,0.049,0.636,0,0.547,0.829
EP300,PRKACG,9606.ENSP00000263253,9606.ENSP00000366488,0,0,0,0,0,0,0.65,0.588,0.849
EP300,PRKACB,9606.ENSP00000263253,9606.ENSP00000359719,0,0,0,0,0.044,0,0.65,0.59,0.85
EP300,PRKACA,9606.ENSP00000263253,9606.ENSP00000309591,0,0,0,0,0.047,0,0.65,0.589,0.851
EP300,TEAD4,9606.ENSP00000263253,9606.ENSP00000352926,0,0,0,0,0,0.091,0,0.844,0.852
EP300,NCOR2,9606.ENSP00000263253,9606.ENSP00000384018,0,0,0,0,0.263,0.309,0.5,0.574,0.877
EP300,NCOA6,9606.ENSP00000263253,9606.ENSP00000363929,0,0,0,0,0.408,0.292,0.5,0.629,0.911
EP300,MED1,9606.ENSP00000263253,9606.ENSP00000300651,0,0,0,0,0.305,0,0.8,0.459,0.918
EP300,RXRA,9606.ENSP00000263253,9606.ENSP00000419692,0,0,0,0,0.063,0.325,0.65,0.739,0.934
EP300,NFYA,9606.ENSP00000263253,9606.ENSP00000345702,0,0,0,0,0.05,0.735,0.5,0.575,0.939
EP300,NPAS2,9606.ENSP00000263253,9606.ENSP00000338283,0,0,0,0,0.052,0.345,0.75,0.707,0.948
EP300,HDAC3,9606.ENSP00000263253,9606.ENSP00000302967,0,0,0,0,0.047,0.645,0.5,0.783,0.958
EP300,NCOR1,9606.ENSP00000263253,9606.ENSP00000268712,0,0,0,0,0.436,0.313,0.5,0.816,0.959
EP300,SREBF1,9606.ENSP00000263253,9606.ENSP00000348069,0,0,0,0,0.056,0.785,0.75,0.366,0.963
EP300,PPARGC1A,9606.ENSP00000263253,9606.ENSP00000264867,0,0,0,0,0.063,0.292,0.8,0.935,0.99
EP300,PPARG,9606.ENSP00000263253,9606.ENSP00000287820,0,0,0,0,0,0.86,0.5,0.963,0.997
EP300,NCOA2,9606.ENSP00000263253,9606.ENSP00000399968,0,0,0,0,0.215,0.641,0.8,0.976,0.998
EP300,NCOA1,9606.ENSP00000263253,9606.ENSP00000385216,0,0,0,0,0.15,0.792,0.8,0.991,0.999
EP300,NCOA3,9606.ENSP00000263253,9606.ENSP00000361066,0,0,0,0,0.175,0.88,0.8,0.993,0.999
EP300,SP1,9606.ENSP00000263253,9606.ENSP00000329357,0,0,0,0,0.204,0.926,0.8,0.969,0.999
EPHX2,PRKAG2,9606.ENSP00000430269,9606.ENSP00000287878,0.112,0,0,0,0.068,0,0.818,0.138,0.852
ESRRA,PPARGC1A,9606.ENSP00000384851,9606.ENSP00000264867,0,0,0,0,0.081,0.988,0.9,0.998,0.999
ESRRA,NCOR1,9606.ENSP00000384851,9606.ENSP00000268712,0,0,0,0,0,0.289,0.5,0.617,0.851
ESRRA,PPARG,9606.ENSP00000384851,9606.ENSP00000287820,0,0,0,0.634,0.044,0.23,0,0.873,0.898
ESRRA,PPARGC1B,9606.ENSP00000384851,9606.ENSP00000312649,0,0,0,0,0.088,0.301,0.9,0.97,0.997
ESRRA,NRF1,9606.ENSP00000384851,9606.ENSP00000342351,0,0,0,0,0.06,0,0.5,0.706,0.849
ESRRA,NCOA3,9606.ENSP00000384851,9606.ENSP00000361066,0,0,0,0,0,0.716,0,0.34,0.805
ESRRA,NCOR2,9606.ENSP00000384851,9606.ENSP00000384018,0,0,0,0,0.067,0.289,0.5,0.216,0.705
ESRRA,NCOA2,9606.ENSP00000384851,9606.ENSP00000399968,0,0,0,0,0,0.396,0,0.588,0.741
ESYT1,OSBP,9606.ENSP00000267113,9606.ENSP00000263847,0,0,0,0,0.094,0.218,0,0.635,0.719
ESYT1,ESYT3,9606.ENSP00000267113,9606.ENSP00000374218,0,0,0.07,0.831,0,0.51,0.8,0.176,0.914
ESYT1,ESYT2,9606.ENSP00000267113,9606.ENSP00000499020,0,0,0,0.889,0.138,0.829,0.8,0.131,0.97
ESYT2,ESYT3,9606.ENSP00000499020,9606.ENSP00000374218,0,0,0.077,0.898,0,0.51,0.8,0.12,0.909
ETNK1,SELENOI,9606.ENSP00000500633,9606.ENSP00000260585,0,0,0,0,0.111,0,0,0.789,0.805
ETNK1,GPCPD1,9606.ENSP00000500633,9606.ENSP00000368305,0,0,0,0,0.048,0,0.9,0.224,0.919
ETNK1,PCYT2,9606.ENSP00000500633,9606.ENSP00000442050,0,0,0,0,0,0,0.962,0.747,0.99
ETNK2,SELENOI,9606.ENSP00000356169,9606.ENSP00000260585,0,0,0,0,0.099,0,0,0.732,0.748
ETNK2,GPCPD1,9606.ENSP00000356169,9606.ENSP00000368305,0,0,0,0,0,0,0.9,0.113,0.907
ETNK2,PCYT2,9606.ENSP00000356169,9606.ENSP00000442050,0,0,0,0,0.068,0,0.962,0.783,0.991
FAAH,FABP3,9606.ENSP00000243167,9606.ENSP00000362817,0,0,0,0,0,0,0,0.826,0.826
FAAH,FABP7,9606.ENSP00000243167,9606.ENSP00000348931,0,0,0,0,0,0,0,0.839,0.839
FAAH,FABP5,9606.ENSP00000243167,9606.ENSP00000297258,0,0,0,0,0,0,0,0.891,0.891
FAAH,MGLL,9606.ENSP00000243167,9606.ENSP00000265052,0.081,0,0,0,0.042,0,0,0.973,0.974
FABP1,SLC27A1,9606.ENSP00000295834,9606.ENSP00000252595,0,0,0,0,0,0,0.5,0.432,0.704
FABP1,FABP4,9606.ENSP00000295834,9606.ENSP00000256104,0,0,0,0,0.048,0,0.5,0.815,0.904
FABP1,SCARB1,9606.ENSP00000295834,9606.ENSP00000261693,0,0,0,0,0.075,0,0,0.873,0.877
FABP1,FABP2,9606.ENSP00000295834,9606.ENSP00000274024,0,0,0,0,0.337,0,0,0.949,0.965
FABP1,MTTP,9606.ENSP00000295834,9606.ENSP00000427679,0,0,0,0,0.335,0,0,0.595,0.719
FABP1,HMGCS2,9606.ENSP00000295834,9606.ENSP00000358414,0,0,0,0,0.232,0,0.5,0.405,0.752
FABP1,FABP3,9606.ENSP00000295834,9606.ENSP00000362817,0,0,0,0,0.067,0,0,0.927,0.929
FABP1,PPARA,9606.ENSP00000295834,9606.ENSP00000385523,0,0,0,0,0.047,0.253,0.5,0.912,0.964
FABP2,LIPE,9606.ENSP00000274024,9606.ENSP00000244289,0,0,0,0,0.068,0.041,0.5,0.413,0.702
FABP2,INSIG2,9606.ENSP00000274024,9606.ENSP00000245787,0,0,0,0,0,0,0,0.725,0.725
FABP2,FABP6,9606.ENSP00000274024,9606.ENSP00000377549,0,0,0,0,0,0,0,0.808,0.808
FABP3,LIPE,9606.ENSP00000362817,9606.ENSP00000244289,0,0,0,0,0.068,0.088,0.5,0.496,0.757
FABP3,SCARB1,9606.ENSP00000362817,9606.ENSP00000261693,0,0,0,0,0.06,0,0,0.745,0.751
FABP4,LIPE,9606.ENSP00000256104,9606.ENSP00000244289,0,0,0,0,0.109,0.575,0.7,0.994,0.999
FABP4,FABP7,9606.ENSP00000256104,9606.ENSP00000348931,0,0,0.066,0.946,0,0,0.5,0.418,0.704
FABP4,PNPLA2,9606.ENSP00000256104,9606.ENSP00000337701,0,0,0,0,0,0,0,0.714,0.714
FABP4,FASN,9606.ENSP00000256104,9606.ENSP00000304592,0,0,0,0,0.056,0,0,0.739,0.743
FABP4,PPARD,9606.ENSP00000256104,9606.ENSP00000310928,0,0,0,0,0,0.05,0,0.751,0.753
FABP4,FABP5,9606.ENSP00000256104,9606.ENSP00000297258,0,0,0.067,0.944,0.084,0,0.5,0.496,0.756
FABP4,RXRA,9606.ENSP00000256104,9606.ENSP00000419692,0,0,0,0,0.054,0.05,0.5,0.585,0.789
FABP4,PPARA,9606.ENSP00000256104,9606.ENSP00000385523,0,0,0,0,0.055,0.05,0,0.79,0.795
FABP4,SREBF1,9606.ENSP00000256104,9606.ENSP00000348069,0,0,0,0,0,0,0,0.799,0.799
FABP4,PPARGC1A,9606.ENSP00000256104,9606.ENSP00000264867,0,0,0,0,0.056,0,0.5,0.646,0.818
FABP4,FABP6,9606.ENSP00000256104,9606.ENSP00000377549,0,0,0,0,0.055,0,0.5,0.652,0.821
FABP4,SCARB1,9606.ENSP00000256104,9606.ENSP00000261693,0,0,0,0,0.05,0,0,0.863,0.865
FABP4,PLIN1,9606.ENSP00000256104,9606.ENSP00000300055,0,0,0,0,0.409,0,0.5,0.774,0.927
FABP4,LPL,9606.ENSP00000256104,9606.ENSP00000497642,0,0,0,0,0.465,0,0.5,0.882,0.965
FABP4,PPARG,9606.ENSP00000256104,9606.ENSP00000287820,0,0,0,0,0.222,0.05,0.5,0.983,0.993
FABP5,LIPE,9606.ENSP00000297258,9606.ENSP00000244289,0,0,0,0,0.069,0.088,0.5,0.455,0.737
FABP5,SCARB1,9606.ENSP00000297258,9606.ENSP00000261693,0,0,0,0,0.06,0,0,0.737,0.742
FABP5,PPARG,9606.ENSP00000297258,9606.ENSP00000287820,0,0,0,0,0.136,0.298,0,0.739,0.828
FABP5,PPARA,9606.ENSP00000297258,9606.ENSP00000385523,0,0,0,0,0.06,0.05,0,0.699,0.708
FABP5,PPARD,9606.ENSP00000297258,9606.ENSP00000310928,0,0,0,0,0.044,0.05,0.5,0.977,0.988
FABP6,SLC10A1,9606.ENSP00000377549,9606.ENSP00000216540,0,0,0,0,0.11,0,0,0.857,0.867
FABP6,SLC10A2,9606.ENSP00000377549,9606.ENSP00000245312,0,0,0,0,0.169,0,0,0.916,0.927
FABP6,NR1H3,9606.ENSP00000377549,9606.ENSP00000477707,0,0,0,0,0.059,0.05,0.5,0.534,0.763
FABP6,NR1H4,9606.ENSP00000377549,9606.ENSP00000447149,0,0,0,0,0.106,0.05,0.5,0.866,0.935
FADS1,TECR,9606.ENSP00000322229,9606.ENSP00000215567,0,0,0,0,0.064,0,0.9,0.218,0.92
FADS1,HACD3,9606.ENSP00000322229,9606.ENSP00000261875,0,0,0,0,0.074,0,0.9,0.091,0.908
FADS1,HSD17B12,9606.ENSP00000322229,9606.ENSP00000278353,0,0,0,0,0.05,0,0.9,0.332,0.931
FADS1,PPARA,9606.ENSP00000322229,9606.ENSP00000385523,0,0,0,0,0,0,0.5,0.508,0.743
FADS1,HACD4,9606.ENSP00000322229,9606.ENSP00000419503,0,0,0,0,0,0,0.9,0.091,0.905
FADS1,HACD2,9606.ENSP00000322229,9606.ENSP00000373153,0,0,0,0,0,0,0.9,0.183,0.914
FADS1,HACD1,9606.ENSP00000322229,9606.ENSP00000355308,0,0,0,0,0.084,0,0.9,0.18,0.918
FADS1,SCD,9606.ENSP00000322229,9606.ENSP00000359380,0.042,0,0,0,0.23,0.067,0,0.947,0.959
FADS2,PLA2G2A,9606.ENSP00000278840,9606.ENSP00000383364,0,0,0,0,0,0,0.65,0.21,0.711
FADS2,FASN,9606.ENSP00000278840,9606.ENSP00000304592,0.057,0,0,0,0.247,0,0,0.627,0.712
FADS2,PLA2G6,9606.ENSP00000278840,9606.ENSP00000333142,0,0,0,0,0,0,0.65,0.213,0.713
FADS2,PLA2G10,9606.ENSP00000278840,9606.ENSP00000393847,0,0,0,0,0,0,0.65,0.22,0.715
FADS2,PLA2G4A,9606.ENSP00000278840,9606.ENSP00000356436,0,0,0,0,0.056,0,0.65,0.246,0.729
FADS2,PLAAT3,9606.ENSP00000278840,9606.ENSP00000320337,0,0,0,0,0.044,0,0.9,0.136,0.91
FADS2,SCD,9606.ENSP00000278840,9606.ENSP00000359380,0.042,0,0,0,0.258,0.067,0,0.962,0.971
FAM120B,PPARG,9606.ENSP00000440125,9606.ENSP00000287820,0,0,0,0,0,0,0.5,0.639,0.811
FAM120B,RXRA,9606.ENSP00000440125,9606.ENSP00000419692,0,0,0,0,0.056,0,0.5,0.425,0.704
FAR1,FASN,9606.ENSP00000346874,9606.ENSP00000304592,0.115,0,0,0,0.404,0,0.28,0.345,0.718
FAR1,FAR2,9606.ENSP00000346874,9606.ENSP00000443291,0,0,0.057,0.966,0.06,0,0.9,0.066,0.906
FAR1,GNPAT,9606.ENSP00000346874,9606.ENSP00000355607,0,0.878,0,0,0.049,0,0,0.832,0.978
FAR2,FASN,9606.ENSP00000443291,9606.ENSP00000304592,0.115,0,0,0,0.399,0,0.28,0.333,0.71
FAR2,GNPAT,9606.ENSP00000443291,9606.ENSP00000355607,0,0.597,0,0,0,0,0,0.691,0.87
FASN,LIPE,9606.ENSP00000304592,9606.ENSP00000244289,0.057,0,0,0,0.165,0,0,0.748,0.784
FASN,SLC27A1,9606.ENSP00000304592,9606.ENSP00000252595,0.086,0,0,0,0.142,0.071,0.32,0.643,0.791
FASN,SCARB1,9606.ENSP00000304592,9606.ENSP00000261693,0,0,0,0,0.12,0,0,0.726,0.748
FASN,MLYCD,9606.ENSP00000304592,9606.ENSP00000262430,0,0,0,0,0.042,0,0.8,0.519,0.899
FASN,GPAM,9606.ENSP00000304592,9606.ENSP00000265276,0,0,0,0,0.11,0,0,0.726,0.746
FASN,SQLE,9606.ENSP00000304592,9606.ENSP00000265896,0,0,0,0,0.228,0,0,0.665,0.73
FASN,HSD17B12,9606.ENSP00000304592,9606.ENSP00000278353,0.115,0,0,0,0.07,0.225,0.431,0.517,0.793
FASN,THRSP,9606.ENSP00000304592,9606.ENSP00000281030,0,0,0,0,0.55,0,0,0.684,0.852
FASN,PPARG,9606.ENSP00000304592,9606.ENSP00000287820,0,0,0,0,0.048,0,0,0.859,0.86
FASN,HMGCR,9606.ENSP00000304592,9606.ENSP00000287936,0,0,0,0,0.11,0,0,0.807,0.82
FASN,MCAT,9606.ENSP00000304592,9606.ENSP00000290429,0.231,0,0,0,0.372,0.319,0.9,0.559,0.982
FASN,PLIN1,9606.ENSP00000304592,9606.ENSP00000300055,0,0,0,0,0.049,0,0,0.758,0.76
FASN,HADHA,9606.ENSP00000304592,9606.ENSP00000370023,0.042,0,0,0,0.199,0,0.188,0.578,0.702
FASN,NSDHL,9606.ENSP00000304592,9606.ENSP00000359297,0,0,0,0,0.193,0.271,0.18,0.476,0.714
FASN,HMGCS2,9606.ENSP00000304592,9606.ENSP00000358414,0.118,0,0,0,0.111,0,0,0.667,0.716
FASN,SCD5,9606.ENSP00000304592,9606.ENSP00000316329,0,0,0,0,0.362,0.07,0,0.626,0.759
FASN,PNPLA2,9606.ENSP00000304592,9606.ENSP00000337701,0,0,0,0,0.111,0,0,0.741,0.76
FASN,NR1H2,9606.ENSP00000304592,9606.ENSP00000499121,0,0,0,0,0,0.292,0.5,0.41,0.773
FASN,INSIG1,9606.ENSP00000304592,9606.ENSP00000344741,0,0,0,0,0.207,0.292,0,0.639,0.78
FASN,PPARA,9606.ENSP00000304592,9606.ENSP00000385523,0,0,0,0,0,0,0,0.784,0.784
FASN,NR1H3,9606.ENSP00000304592,9606.ENSP00000477707,0,0,0,0,0.043,0.292,0.5,0.55,0.827
FASN,SREBF2,9606.ENSP00000304592,9606.ENSP00000354476,0,0,0,0,0.201,0.073,0,0.793,0.833
FASN,HMGCS1,9606.ENSP00000304592,9606.ENSP00000322706,0.118,0,0,0,0.279,0,0,0.769,0.84
FASN,NDUFAB1,9606.ENSP00000304592,9606.ENSP00000458770,0.12,0,0,0,0.074,0,0.782,0.391,0.877
FASN,OLAH,9606.ENSP00000304592,9606.ENSP00000367462,0.086,0,0,0,0.142,0.071,0.822,0.345,0.9
FASN,HSD17B8,9606.ENSP00000304592,9606.ENSP00000363794,0.044,0,0,0,0.057,0.145,0.918,0.325,0.949
FASN,SCD,9606.ENSP00000304592,9606.ENSP00000359380,0,0,0,0,0.632,0.101,0,0.89,0.96
FASN,SREBF1,9606.ENSP00000304592,9606.ENSP00000348069,0,0,0,0,0.305,0,0.5,0.957,0.983
FDFT1,MVK,9606.ENSP00000491537,9606.ENSP00000228510,0,0,0,0,0.363,0,0,0.842,0.895
FDFT1,HSD17B7,9606.ENSP00000491537,9606.ENSP00000254521,0,0,0,0,0.17,0.954,0,0.838,0.993
FDFT1,SQLE,9606.ENSP00000491537,9606.ENSP00000265896,0,0,0.228,0,0.52,0,0.98,0.939,0.999
FDFT1,IDI2,9606.ENSP00000491537,9606.ENSP00000277517,0.102,0,0,0,0.245,0,0,0.723,0.796
FDFT1,TM7SF2,9606.ENSP00000491537,9606.ENSP00000279263,0,0,0,0,0.178,0,0,0.727,0.766
FDFT1,GGPS1,9606.ENSP00000491537,9606.ENSP00000282841,0.061,0,0,0,0.295,0.091,0.847,0.873,0.986
FDFT1,HMGCR,9606.ENSP00000491537,9606.ENSP00000287936,0.057,0,0,0,0.359,0.087,0,0.926,0.954
FDFT1,HSD3B7,9606.ENSP00000491537,9606.ENSP00000297679,0.047,0,0,0,0.245,0.645,0,0.384,0.822
FDFT1,MVD,9606.ENSP00000491537,9606.ENSP00000301012,0.054,0,0,0,0.349,0,0,0.811,0.873
FDFT1,HMGCS1,9606.ENSP00000491537,9606.ENSP00000322706,0,0,0,0,0.796,0.067,0,0.945,0.988
FDFT1,INSIG1,9606.ENSP00000491537,9606.ENSP00000344741,0,0,0,0,0.296,0,0,0.692,0.774
FDFT1,SREBF1,9606.ENSP00000491537,9606.ENSP00000348069,0,0,0,0,0.08,0,0.5,0.563,0.782
FDFT1,FDPS,9606.ENSP00000491537,9606.ENSP00000349078,0.061,0,0,0,0.562,0.091,0.883,0.909,0.995
FDFT1,SREBF2,9606.ENSP00000491537,9606.ENSP00000354476,0,0,0,0,0.235,0.125,0.5,0.707,0.888
FDFT1,PMVK,9606.ENSP00000491537,9606.ENSP00000357452,0,0,0,0,0.182,0,0,0.729,0.769
FDFT1,PDSS2,9606.ENSP00000491537,9606.ENSP00000358033,0.061,0,0,0,0.294,0.091,0.847,0.385,0.933
FDFT1,HMGCS2,9606.ENSP00000491537,9606.ENSP00000358414,0,0,0,0,0.626,0.067,0,0.9,0.962
FDFT1,HSD3B1,9606.ENSP00000491537,9606.ENSP00000358421,0.047,0,0,0,0.247,0.624,0,0.537,0.858
FDFT1,NSDHL,9606.ENSP00000491537,9606.ENSP00000359297,0.047,0,0,0,0.382,0.624,0,0.846,0.961
FDFT1,PDSS1,9606.ENSP00000491537,9606.ENSP00000365388,0.061,0,0,0,0.305,0.091,0.847,0.558,0.952
FDFT1,IDI1,9606.ENSP00000491537,9606.ENSP00000370748,0.102,0.175,0,0,0.552,0,0,0.841,0.94
FDFT1,LSS,9606.ENSP00000491537,9606.ENSP00000380837,0.115,0,0.394,0,0.446,0,0,0.967,0.989
FDFT1,HSD3B2,9606.ENSP00000491537,9606.ENSP00000445122,0.047,0,0,0,0.245,0.624,0,0.312,0.789
FDPS,MVK,9606.ENSP00000349078,9606.ENSP00000228510,0.099,0,0,0,0.302,0,0,0.87,0.911
FDPS,HSD17B7,9606.ENSP00000349078,9606.ENSP00000254521,0,0,0,0,0.351,0,0,0.723,0.813
FDPS,SQLE,9606.ENSP00000349078,9606.ENSP00000265896,0.042,0,0,0,0.48,0.057,0,0.892,0.942
FDPS,IDI2,9606.ENSP00000349078,9606.ENSP00000277517,0.071,0,0,0,0.329,0,0.938,0.741,0.988
FDPS,GGPS1,9606.ENSP00000349078,9606.ENSP00000282841,0,0,0,0,0.067,0.272,0.925,0.942,0.996
FDPS,HMGCR,9606.ENSP00000349078,9606.ENSP00000287936,0.068,0,0,0,0.312,0.132,0,0.948,0.967
FDPS,MVD,9606.ENSP00000349078,9606.ENSP00000301012,0.07,0,0,0,0.474,0.091,0.94,0.857,0.995
FDPS,HMGCS1,9606.ENSP00000349078,9606.ENSP00000322706,0.048,0,0,0,0.909,0.099,0,0.972,0.997
FDPS,INSIG1,9606.ENSP00000349078,9606.ENSP00000344741,0,0,0,0,0.215,0,0,0.685,0.742
FDPS,SREBF1,9606.ENSP00000349078,9606.ENSP00000348069,0,0,0,0,0.124,0,0.5,0.53,0.776
FDPS,NSDHL,9606.ENSP00000349078,9606.ENSP00000359297,0,0,0,0,0.447,0,0,0.709,0.832
FDPS,LSS,9606.ENSP00000349078,9606.ENSP00000380837,0.099,0,0,0,0.379,0,0.414,0.715,0.894
FDPS,SREBF2,9606.ENSP00000349078,9606.ENSP00000354476,0,0,0,0,0.207,0,0.5,0.76,0.896
FDPS,PMVK,9606.ENSP00000349078,9606.ENSP00000357452,0,0,0,0,0.331,0.174,0,0.835,0.901
FDPS,PDSS2,9606.ENSP00000349078,9606.ENSP00000358033,0,0,0,0,0.044,0.3,0.93,0.338,0.965
FDPS,PDSS1,9606.ENSP00000349078,9606.ENSP00000365388,0,0,0,0,0.049,0.331,0.93,0.518,0.975
FDPS,HMGCS2,9606.ENSP00000349078,9606.ENSP00000358414,0.048,0,0,0,0.747,0.096,0,0.929,0.982
FDPS,IDI1,9606.ENSP00000349078,9606.ENSP00000370748,0.071,0.026,0,0,0.482,0,0.938,0.824,0.994
FDX1,NDUFAB1,9606.ENSP00000260270,9606.ENSP00000458770,0,0,0,0,0.1,0.514,0.151,0.3,0.705
FDX1,SCP2,9606.ENSP00000260270,9606.ENSP00000360569,0.061,0,0,0,0.164,0,0,0.9,0.914
FDX1,STAR,9606.ENSP00000260270,9606.ENSP00000276449,0,0,0,0,0.094,0,0.5,0.891,0.946
FDX1,FDXR,9606.ENSP00000260270,9606.ENSP00000416515,0,0,0,0,0.047,0.924,0.776,0.999,0.999
FDXR,STAR,9606.ENSP00000416515,9606.ENSP00000276449,0,0,0,0,0.054,0,0.5,0.778,0.886
FDXR,SCP2,9606.ENSP00000416515,9606.ENSP00000360569,0,0,0,0,0.044,0,0,0.796,0.796
FGF21,PPARGC1A,9606.ENSP00000471477,9606.ENSP00000264867,0,0,0,0,0.078,0,0,0.762,0.771
FGF21,PPARG,9606.ENSP00000471477,9606.ENSP00000287820,0,0,0,0,0.044,0.054,0,0.698,0.703
FGF21,PPARA,9606.ENSP00000471477,9606.ENSP00000385523,0,0,0,0,0.044,0.054,0,0.861,0.863
FIG4,INPP4A,9606.ENSP00000230124,9606.ENSP00000074304,0,0,0,0,0.06,0,0.9,0.362,0.934
FIG4,MTMR7,9606.ENSP00000230124,9606.ENSP00000180173,0,0,0,0,0.074,0,0.9,0.335,0.933
FIG4,VAPB,9606.ENSP00000230124,9606.ENSP00000417175,0,0,0,0,0.049,0,0,0.842,0.844
FIG4,MTMR3,9606.ENSP00000230124,9606.ENSP00000384651,0,0,0,0,0.049,0,0.9,0.231,0.92
FIG4,INPP4B,9606.ENSP00000230124,9606.ENSP00000422793,0,0,0,0,0,0,0.9,0.246,0.921
FIG4,MTMR4,9606.ENSP00000230124,9606.ENSP00000325285,0,0,0,0,0.049,0,0.9,0.248,0.922
FIG4,MTMR6,9606.ENSP00000230124,9606.ENSP00000371221,0,0,0,0,0.093,0,0.9,0.352,0.936
FIG4,MTMR14,9606.ENSP00000230124,9606.ENSP00000296003,0,0,0,0,0.119,0,0.9,0.345,0.937
FIG4,MTMR1,9606.ENSP00000230124,9606.ENSP00000414178,0,0,0,0,0.049,0,0.9,0.454,0.943
FIG4,PIK3C3,9606.ENSP00000230124,9606.ENSP00000262039,0,0,0,0,0.124,0,0.9,0.492,0.951
FIG4,MTM1,9606.ENSP00000230124,9606.ENSP00000359423,0,0,0,0,0.067,0,0.9,0.603,0.959
FIG4,MTMR2,9606.ENSP00000230124,9606.ENSP00000345752,0,0,0,0,0.049,0,0.9,0.77,0.976
FIG4,PIKFYVE,9606.ENSP00000230124,9606.ENSP00000264380,0,0,0,0,0.05,0.996,0.913,0.999,0.999
FIG4,VAC14,9606.ENSP00000230124,9606.ENSP00000261776,0,0,0,0,0.06,0.927,0.8,0.999,0.999
FYN,PIK3R2,9606.ENSP00000346671,9606.ENSP00000222254,0,0,0,0,0,0.33,0.9,0.389,0.955
FYN,SCARB1,9606.ENSP00000346671,9606.ENSP00000261693,0,0,0,0,0,0.044,0,0.941,0.941
FYN,PIK3R3,9606.ENSP00000346671,9606.ENSP00000262741,0,0,0,0,0,0.293,0.9,0.186,0.937
FYN,PIK3CA,9606.ENSP00000346671,9606.ENSP00000263967,0,0,0,0,0.043,0.069,0.9,0.52,0.951
FYN,INPPL1,9606.ENSP00000346671,9606.ENSP00000298229,0,0,0,0.558,0.077,0.05,0.8,0.158,0.832
FYN,SH3KBP1,9606.ENSP00000346671,9606.ENSP00000380921,0,0,0,0,0.122,0.294,0.4,0.334,0.719
FYN,PIK3CG,9606.ENSP00000346671,9606.ENSP00000419260,0,0,0,0,0.066,0.069,0.5,0.494,0.75
FYN,PIK3CD,9606.ENSP00000346671,9606.ENSP00000366563,0,0,0,0,0.103,0.069,0.9,0.333,0.936
FYN,PIK3CB,9606.ENSP00000346671,9606.ENSP00000501150,0,0,0,0,0,0.069,0.9,0.525,0.951
FYN,PIK3R1,9606.ENSP00000346671,9606.ENSP00000428056,0,0,0,0,0.064,0.713,0.9,0.629,0.988
G0S2,PNPLA2,9606.ENSP00000355996,9606.ENSP00000337701,0,0,0,0,0.099,0.452,0,0.886,0.938
GALC,GLA,9606.ENSP00000261304,9606.ENSP00000218516,0,0,0,0,0.042,0,0.9,0.771,0.976
GALC,SMPD3,9606.ENSP00000261304,9606.ENSP00000219334,0,0,0,0,0,0,0.9,0.297,0.926
GALC,NEU2,9606.ENSP00000261304,9606.ENSP00000233840,0,0,0,0,0,0,0.9,0.213,0.918
GALC,SGPP1,9606.ENSP00000261304,9606.ENSP00000247225,0,0,0,0,0.074,0,0.9,0.358,0.935
GALC,SMPD2,9606.ENSP00000261304,9606.ENSP00000258052,0,0,0,0,0,0,0.9,0.33,0.93
GALC,GLB1,9606.ENSP00000261304,9606.ENSP00000306920,0,0,0,0,0.06,0,0,0.821,0.824
GALC,NEU3,9606.ENSP00000261304,9606.ENSP00000294064,0,0,0,0,0,0,0.9,0,0.9
GALC,SGPP2,9606.ENSP00000261304,9606.ENSP00000315137,0,0,0,0,0,0,0.9,0.103,0.906
GALC,NEU4,9606.ENSP00000261304,9606.ENSP00000320318,0,0,0,0,0,0,0.9,0.12,0.908
GALC,NEU1,9606.ENSP00000261304,9606.ENSP00000364782,0,0,0,0,0.047,0,0.9,0.176,0.914
GALC,SGMS2,9606.ENSP00000261304,9606.ENSP00000378176,0,0,0,0,0.048,0,0.9,0.314,0.929
GALC,SMPD4,9606.ENSP00000261304,9606.ENSP00000386531,0,0,0,0,0,0,0.9,0.336,0.93
GALC,PSAP,9606.ENSP00000261304,9606.ENSP00000378394,0,0,0,0,0.044,0.602,0,0.851,0.938
GALC,SGMS1,9606.ENSP00000261304,9606.ENSP00000354829,0,0,0,0,0.059,0,0.9,0.398,0.938
GALC,GBA2,9606.ENSP00000261304,9606.ENSP00000367343,0,0,0,0,0,0,0.9,0.527,0.95
GALC,UGCG,9606.ENSP00000261304,9606.ENSP00000363397,0,0,0,0,0,0,0.9,0.525,0.95
GALC,UGT8,9606.ENSP00000261304,9606.ENSP00000311648,0,0,0,0,0,0,0.9,0.694,0.968
GALC,SMPD1,9606.ENSP00000261304,9606.ENSP00000340409,0,0,0,0,0,0,0.9,0.729,0.971
GALC,GBA,9606.ENSP00000261304,9606.ENSP00000314508,0,0,0,0,0.044,0,0.9,0.796,0.978
GBA,GLA,9606.ENSP00000314508,9606.ENSP00000218516,0,0,0,0,0.138,0,0,0.803,0.823
GBA,SMPD3,9606.ENSP00000314508,9606.ENSP00000219334,0,0,0,0,0,0,0.9,0.247,0.921
GBA,SGPP1,9606.ENSP00000314508,9606.ENSP00000247225,0,0,0,0,0,0,0.9,0.266,0.923
GBA,SMPD2,9606.ENSP00000314508,9606.ENSP00000258052,0,0,0,0,0.059,0,0.9,0.383,0.936
GBA,GLB1,9606.ENSP00000314508,9606.ENSP00000306920,0.071,0,0,0,0.172,0.099,0.9,0.71,0.976
GBA,UGT8,9606.ENSP00000314508,9606.ENSP00000311648,0,0,0,0,0,0,0.9,0.339,0.931
GBA,PLA2G6,9606.ENSP00000314508,9606.ENSP00000333142,0,0,0,0,0,0,0,0.751,0.751
GBA,SGPP2,9606.ENSP00000314508,9606.ENSP00000315137,0,0,0,0,0,0,0.9,0.139,0.91
GBA,SMPD4,9606.ENSP00000314508,9606.ENSP00000386531,0,0,0,0,0.042,0,0.9,0.248,0.921
GBA,SGMS1,9606.ENSP00000314508,9606.ENSP00000354829,0,0,0,0,0,0,0.9,0.313,0.928
GBA,SGMS2,9606.ENSP00000314508,9606.ENSP00000378176,0,0,0,0,0,0,0.9,0.348,0.932
GBA,SMPD1,9606.ENSP00000314508,9606.ENSP00000340409,0,0,0,0,0.2,0,0.9,0.781,0.98
GBA,GBA2,9606.ENSP00000314508,9606.ENSP00000367343,0,0,0,0,0.047,0,0.9,0.91,0.99
GBA,PSAP,9606.ENSP00000314508,9606.ENSP00000378394,0,0,0,0,0.085,0.094,0.9,0.91,0.991
GBA,UGCG,9606.ENSP00000314508,9606.ENSP00000363397,0,0,0,0,0.042,0,0.9,0.927,0.992
GBA2,SMPD3,9606.ENSP00000367343,9606.ENSP00000219334,0,0,0,0,0.049,0,0.9,0.342,0.932
GBA2,SGPP1,9606.ENSP00000367343,9606.ENSP00000247225,0,0,0,0,0,0,0.9,0.203,0.916
GBA2,SMPD2,9606.ENSP00000367343,9606.ENSP00000258052,0,0,0,0,0.049,0,0.9,0.436,0.941
GBA2,GLB1,9606.ENSP00000367343,9606.ENSP00000306920,0,0,0,0,0.049,0,0.9,0.343,0.932
GBA2,UGT8,9606.ENSP00000367343,9606.ENSP00000311648,0,0,0,0,0,0,0.9,0.403,0.937
GBA2,SGPP2,9606.ENSP00000367343,9606.ENSP00000315137,0,0,0,0,0.042,0,0.9,0.192,0.915
GBA2,SMPD1,9606.ENSP00000367343,9606.ENSP00000340409,0,0,0,0,0.074,0,0.9,0.42,0.941
GBA2,SGMS1,9606.ENSP00000367343,9606.ENSP00000354829,0,0,0,0,0.062,0,0.9,0.282,0.926
GBA2,UGCG,9606.ENSP00000367343,9606.ENSP00000363397,0,0,0,0,0,0,0.9,0.762,0.975
GBA2,SGMS2,9606.ENSP00000367343,9606.ENSP00000378176,0,0,0,0,0.055,0,0.9,0.395,0.937
GBA2,SMPD4,9606.ENSP00000367343,9606.ENSP00000386531,0,0,0,0,0.095,0,0.9,0.382,0.939
GDPD1,PLA2G6,9606.ENSP00000284116,9606.ENSP00000333142,0,0,0,0,0,0,0.65,0.182,0.701
GDPD1,PLA2G1B,9606.ENSP00000284116,9606.ENSP00000312286,0,0,0,0,0.048,0,0.65,0.197,0.709
GDPD1,PLA2G2D,9606.ENSP00000284116,9606.ENSP00000364246,0,0,0,0,0.062,0,0.65,0.206,0.717
GDPD1,PLA2G4C,9606.ENSP00000284116,9606.ENSP00000472546,0,0,0,0,0.042,0,0.675,0.167,0.719
GDPD1,PLA2G4A,9606.ENSP00000284116,9606.ENSP00000356436,0,0,0,0,0.081,0,0.675,0.321,0.78
GDPD1,PLA2G2A,9606.ENSP00000284116,9606.ENSP00000383364,0,0,0,0,0.048,0,0.65,0.394,0.78
GDPD1,PLA2G10,9606.ENSP00000284116,9606.ENSP00000393847,0,0,0,0,0.048,0,0.65,0.425,0.791
GDPD1,TMEM86B,9606.ENSP00000284116,9606.ENSP00000321038,0,0,0,0,0,0,0.9,0.098,0.905
GDPD1,GDPD3,9606.ENSP00000284116,9606.ENSP00000384363,0,0,0.083,0.913,0,0,0.9,0.076,0.907
GDPD1,LPCAT4,9606.ENSP00000284116,9606.ENSP00000317300,0.045,0,0,0,0.057,0,0.9,0.101,0.908
GDPD3,PLA2G1B,9606.ENSP00000384363,9606.ENSP00000312286,0,0,0,0,0.048,0,0.65,0.199,0.709
GDPD3,LPCAT4,9606.ENSP00000384363,9606.ENSP00000317300,0.045,0,0,0,0.082,0,0.9,0.101,0.91
GDPD3,TMEM86B,9606.ENSP00000384363,9606.ENSP00000321038,0,0,0,0,0.086,0,0.9,0.091,0.909
GDPD3,PLA2G6,9606.ENSP00000384363,9606.ENSP00000333142,0,0,0,0,0.062,0,0.65,0.219,0.721
GDPD3,PLA2G4A,9606.ENSP00000384363,9606.ENSP00000356436,0,0,0,0,0.081,0,0.675,0.327,0.782
GDPD3,PLA2G2D,9606.ENSP00000384363,9606.ENSP00000364246,0,0,0,0,0.048,0,0.65,0.192,0.707
GDPD3,PLA2G2A,9606.ENSP00000384363,9606.ENSP00000383364,0,0,0,0,0.048,0,0.65,0.374,0.773
GDPD3,PLA2G4C,9606.ENSP00000384363,9606.ENSP00000472546,0,0,0,0,0,0,0.675,0.153,0.713
GDPD3,PLA2G10,9606.ENSP00000384363,9606.ENSP00000393847,0,0,0,0,0.089,0,0.65,0.421,0.799
GDPD5,GPD2,9606.ENSP00000337972,9606.ENSP00000308610,0.099,0,0,0,0.196,0.23,0.429,0.206,0.701
GGPS1,MVK,9606.ENSP00000282841,9606.ENSP00000228510,0.099,0,0,0,0.116,0,0,0.853,0.872
GGPS1,SQLE,9606.ENSP00000282841,9606.ENSP00000265896,0.042,0,0,0,0.073,0.057,0,0.775,0.787
GGPS1,IDI2,9606.ENSP00000282841,9606.ENSP00000277517,0.071,0,0,0,0.105,0,0.929,0.801,0.986
GGPS1,SREBF1,9606.ENSP00000282841,9606.ENSP00000348069,0,0,0,0,0.048,0,0.5,0.426,0.703
GGPS1,NFYC,9606.ENSP00000282841,9606.ENSP00000312617,0,0,0,0,0.095,0,0.5,0.43,0.719
GGPS1,PMVK,9606.ENSP00000282841,9606.ENSP00000357452,0,0,0,0,0.067,0,0,0.771,0.777
GGPS1,SREBF2,9606.ENSP00000282841,9606.ENSP00000354476,0,0,0,0,0.048,0,0.5,0.575,0.78
GGPS1,HMGCS2,9606.ENSP00000282841,9606.ENSP00000358414,0.048,0,0,0,0.192,0.094,0,0.741,0.795
GGPS1,LSS,9606.ENSP00000282841,9606.ENSP00000380837,0.099,0,0,0,0.127,0,0.414,0.689,0.837
GGPS1,HMGCS1,9606.ENSP00000282841,9606.ENSP00000322706,0.048,0,0,0,0.194,0.094,0,0.805,0.846
GGPS1,HMGCR,9606.ENSP00000282841,9606.ENSP00000287936,0.068,0,0,0,0.06,0.178,0,0.86,0.886
GGPS1,PDSS2,9606.ENSP00000282841,9606.ENSP00000358033,0,0,0,0,0.092,0,0.911,0.436,0.95
GGPS1,PDSS1,9606.ENSP00000282841,9606.ENSP00000365388,0,0,0,0,0,0,0.911,0.583,0.961
GGPS1,IDI1,9606.ENSP00000282841,9606.ENSP00000370748,0.071,0,0,0,0.105,0,0.929,0.805,0.987
GGPS1,MVD,9606.ENSP00000282841,9606.ENSP00000301012,0.07,0,0,0,0.203,0.069,0.94,0.847,0.992
GGT1,GPX2,9606.ENSP00000248923,9606.ENSP00000374265,0,0,0,0,0.044,0,0.65,0.309,0.748
GGT1,HPGDS,9606.ENSP00000248923,9606.ENSP00000295256,0,0,0,0,0.084,0,0.686,0.268,0.771
GGT1,LTC4S,9606.ENSP00000248923,9606.ENSP00000292596,0,0,0,0,0.044,0,0.9,0.245,0.921
GGT1,GGT5,9606.ENSP00000248923,9606.ENSP00000381340,0,0,0.104,0.873,0.116,0,0.9,0.146,0.923
GGT1,GPX4,9606.ENSP00000248923,9606.ENSP00000346103,0,0,0,0,0.042,0,0.9,0.274,0.924
GGT5,LTC4S,9606.ENSP00000381340,9606.ENSP00000292596,0,0,0,0,0.131,0,0.9,0.26,0.93
GGT5,HPGDS,9606.ENSP00000381340,9606.ENSP00000295256,0,0,0,0,0.108,0,0.686,0.138,0.738
GGT5,GPX4,9606.ENSP00000381340,9606.ENSP00000346103,0,0,0,0,0,0,0.9,0.231,0.919
GGT5,GPX2,9606.ENSP00000381340,9606.ENSP00000374265,0,0,0,0,0,0,0.65,0.247,0.725
GK,GPAT3,9606.ENSP00000401720,9606.ENSP00000264409,0.045,0,0,0,0.068,0.049,0.9,0.417,0.941
GK,MGLL,9606.ENSP00000401720,9606.ENSP00000265052,0.071,0,0,0,0.042,0,0.9,0.376,0.937
GK,GPAM,9606.ENSP00000401720,9606.ENSP00000265276,0,0,0,0,0,0,0.9,0.339,0.931
GK,GPD2,9606.ENSP00000401720,9606.ENSP00000308610,0.071,0.15,0,0,0.536,0.097,0.405,0.495,0.877
GK,GK2,9606.ENSP00000401720,9606.ENSP00000351706,0,0,0.048,0.984,0,0.599,0.9,0.047,0.958
GK,GPAT4,9606.ENSP00000401720,9606.ENSP00000380184,0.045,0,0,0,0,0.049,0.9,0.185,0.916
GK,GPAT2,9606.ENSP00000401720,9606.ENSP00000389395,0,0,0,0,0,0,0.9,0.267,0.923
GK,LPL,9606.ENSP00000401720,9606.ENSP00000497642,0,0,0,0,0,0,0,0.786,0.786
GK2,GPAT3,9606.ENSP00000351706,9606.ENSP00000264409,0.045,0,0,0,0,0.049,0.9,0.408,0.939
GK2,MGLL,9606.ENSP00000351706,9606.ENSP00000265052,0.071,0,0,0,0,0,0.9,0.365,0.935
GK2,GPAM,9606.ENSP00000351706,9606.ENSP00000265276,0,0,0,0,0,0,0.9,0.332,0.93
GK2,GPD2,9606.ENSP00000351706,9606.ENSP00000308610,0.071,0.152,0,0,0.533,0.097,0.405,0.517,0.882
GK2,LPL,9606.ENSP00000351706,9606.ENSP00000497642,0,0,0,0,0,0,0,0.77,0.77
GK2,GPAT4,9606.ENSP00000351706,9606.ENSP00000380184,0.045,0,0,0,0,0.049,0.9,0.229,0.92
GK2,GPAT2,9606.ENSP00000351706,9606.ENSP00000389395,0,0,0,0,0,0,0.9,0.268,0.923
GLA,SMPD1,9606.ENSP00000218516,9606.ENSP00000340409,0,0,0,0,0,0,0,0.703,0.703
GLA,PSAP,9606.ENSP00000218516,9606.ENSP00000378394,0,0,0,0,0.081,0,0,0.767,0.776
GLA,NEU3,9606.ENSP00000218516,9606.ENSP00000294064,0,0,0,0,0,0,0.9,0.051,0.901
GLA,NEU2,9606.ENSP00000218516,9606.ENSP00000233840,0,0,0,0,0,0,0.9,0.096,0.905
GLA,NEU4,9606.ENSP00000218516,9606.ENSP00000320318,0,0,0,0,0,0,0.9,0.113,0.907
GLA,UGT8,9606.ENSP00000218516,9606.ENSP00000311648,0,0,0,0,0.124,0,0.9,0.207,0.924
GLA,NEU1,9606.ENSP00000218516,9606.ENSP00000364782,0,0,0,0,0.117,0,0.9,0.285,0.931
GLA,HEXA,9606.ENSP00000218516,9606.ENSP00000455114,0,0,0,0,0.101,0,0.9,0.383,0.939
GLA,HEXB,9606.ENSP00000218516,9606.ENSP00000261416,0,0,0,0,0.19,0,0.9,0.336,0.941
GLA,GLB1,9606.ENSP00000218516,9606.ENSP00000306920,0,0,0.23,0,0.105,0,0.9,0.8,0.984
GLB1,HEXB,9606.ENSP00000306920,9606.ENSP00000261416,0.057,0,0,0,0.333,0,0.908,0.429,0.962
GLB1,PISD,9606.ENSP00000306920,9606.ENSP00000391739,0,0,0,0,0.049,0,0,0.773,0.775
GLB1,NEU4,9606.ENSP00000306920,9606.ENSP00000320318,0,0,0,0,0.052,0,0.8,0.422,0.881
GLB1,UGCG,9606.ENSP00000306920,9606.ENSP00000363397,0,0,0,0,0.067,0,0.9,0.352,0.934
GLB1,HEXA,9606.ENSP00000306920,9606.ENSP00000455114,0.057,0,0,0,0.187,0,0.908,0.498,0.959
GLB1,NEU1,9606.ENSP00000306920,9606.ENSP00000364782,0.059,0,0,0,0.172,0.735,0.8,0.997,0.999
GLTP,PLEKHA3,9606.ENSP00000315263,9606.ENSP00000234453,0,0,0,0,0.049,0,0,0.901,0.902
GM2A,HEXB,9606.ENSP00000349687,9606.ENSP00000261416,0,0,0,0,0.104,0.045,0.75,0.812,0.954
GM2A,NPC2,9606.ENSP00000349687,9606.ENSP00000451206,0,0,0,0,0.628,0,0,0.505,0.808
GM2A,HEXA,9606.ENSP00000349687,9606.ENSP00000455114,0,0,0,0,0.049,0.29,0.75,0.477,0.9
GNPAT,LPIN2,9606.ENSP00000355607,9606.ENSP00000261596,0,0.016,0,0,0.049,0,0.8,0.132,0.82
GNPAT,PHYH,9606.ENSP00000355607,9606.ENSP00000263038,0,0,0,0,0.134,0.165,0,0.657,0.731
GNPAT,GPD1L,9606.ENSP00000355607,9606.ENSP00000282541,0.102,0,0,0,0.056,0,0.942,0.22,0.956
GNPAT,GPD1,9606.ENSP00000355607,9606.ENSP00000301149,0.102,0,0,0,0,0,0.942,0.422,0.967
GNPAT,MBOAT2,9606.ENSP00000355607,9606.ENSP00000302177,0,0,0,0,0,0,0.827,0.343,0.881
GNPAT,GPD2,9606.ENSP00000355607,9606.ENSP00000308610,0.045,0,0,0,0.042,0,0.913,0.254,0.932
GNPAT,LCLAT1,9606.ENSP00000355607,9606.ENSP00000310551,0.056,0,0,0,0.117,0,0.836,0.273,0.888
GNPAT,MBOAT1,9606.ENSP00000355607,9606.ENSP00000324944,0,0,0,0,0,0,0.8,0.051,0.802
GNPAT,SCP2,9606.ENSP00000355607,9606.ENSP00000360569,0,0,0,0,0.098,0,0.5,0.432,0.721
GNPAT,NSDHL,9606.ENSP00000355607,9606.ENSP00000359297,0,0,0,0,0.06,0,0,0.761,0.765
GNPAT,LPIN3,9606.ENSP00000355607,9606.ENSP00000487971,0,0.016,0,0,0,0,0.8,0.132,0.818
GNPAT,LPIN1,9606.ENSP00000355607,9606.ENSP00000397908,0,0.022,0,0,0.043,0,0.8,0.231,0.84
GNPAT,HSD17B4,9606.ENSP00000355607,9606.ENSP00000411960,0,0,0,0,0.11,0,0.5,0.78,0.893
GPAM,GPAT3,9606.ENSP00000265276,9606.ENSP00000264409,0.056,0,0,0,0.103,0,0.918,0.944,0.995
GPAM,PPARG,9606.ENSP00000265276,9606.ENSP00000287820,0,0,0,0,0.088,0.045,0,0.693,0.709
GPAM,PPARA,9606.ENSP00000265276,9606.ENSP00000385523,0,0,0,0,0.054,0.045,0,0.726,0.73
GPAM,MBOAT1,9606.ENSP00000265276,9606.ENSP00000324944,0,0,0,0,0,0,0.65,0.361,0.766
GPAM,MBOAT2,9606.ENSP00000265276,9606.ENSP00000302177,0,0,0,0,0,0,0.691,0.488,0.835
GPAM,SREBF1,9606.ENSP00000265276,9606.ENSP00000348069,0,0,0,0,0.042,0,0.5,0.685,0.836
GPAM,SCD,9606.ENSP00000265276,9606.ENSP00000359380,0,0,0,0,0.107,0,0,0.827,0.839
GPAM,LCLAT1,9606.ENSP00000265276,9606.ENSP00000310551,0.056,0,0,0,0.109,0,0.714,0.418,0.841
GPAM,SCD5,9606.ENSP00000265276,9606.ENSP00000316329,0,0,0,0,0,0,0,0.858,0.858
GPAM,LPGAT1,9606.ENSP00000265276,9606.ENSP00000355964,0.056,0,0,0,0.103,0,0.218,0.884,0.913
GPAM,GPAT2,9606.ENSP00000265276,9606.ENSP00000389395,0,0,0.093,0.795,0.044,0,0.9,0.181,0.919
GPAM,GPD2,9606.ENSP00000265276,9606.ENSP00000308610,0.045,0,0,0,0,0,0.913,0.502,0.955
GPAM,GPD1L,9606.ENSP00000265276,9606.ENSP00000282541,0.102,0,0,0,0.044,0,0.942,0.235,0.957
GPAM,GPD1,9606.ENSP00000265276,9606.ENSP00000301149,0.102,0,0,0,0.136,0,0.942,0.449,0.972
GPAM,GPAT4,9606.ENSP00000265276,9606.ENSP00000380184,0.056,0,0,0,0.103,0,0.918,0.91,0.992
GPAT2,GPAT3,9606.ENSP00000389395,9606.ENSP00000264409,0.056,0,0,0,0.103,0,0.918,0.789,0.983
GPAT2,GPD1L,9606.ENSP00000389395,9606.ENSP00000282541,0.102,0,0,0,0,0,0.942,0.274,0.959
GPAT2,GPD1,9606.ENSP00000389395,9606.ENSP00000301149,0.102,0,0,0,0,0,0.942,0.27,0.959
GPAT2,MBOAT2,9606.ENSP00000389395,9606.ENSP00000302177,0,0,0,0,0,0,0.691,0.383,0.801
GPAT2,GPD2,9606.ENSP00000389395,9606.ENSP00000308610,0.045,0,0,0,0,0,0.913,0.254,0.932
GPAT2,LCLAT1,9606.ENSP00000389395,9606.ENSP00000310551,0.056,0,0,0,0.103,0,0.714,0.295,0.806
GPAT2,GPAT4,9606.ENSP00000389395,9606.ENSP00000380184,0.056,0,0,0,0.103,0,0.918,0.761,0.981
GPAT3,MBOAT1,9606.ENSP00000264409,9606.ENSP00000324944,0.054,0,0,0,0,0,0.65,0.223,0.72
GPAT3,LCLAT1,9606.ENSP00000264409,9606.ENSP00000310551,0,0,0,0,0.043,0,0.65,0.433,0.793
GPAT3,MBOAT2,9606.ENSP00000264409,9606.ENSP00000302177,0,0,0,0,0.086,0.169,0.65,0.476,0.842
GPAT3,GPAT4,9606.ENSP00000264409,9606.ENSP00000380184,0,0,0.054,0.973,0,0,0.9,0.066,0.903
GPAT3,GPD2,9606.ENSP00000264409,9606.ENSP00000308610,0.057,0,0,0,0.062,0,0.9,0.282,0.928
GPAT3,GPD1,9606.ENSP00000264409,9606.ENSP00000301149,0.057,0,0,0,0.066,0,0.922,0.259,0.942
GPAT3,GPD1L,9606.ENSP00000264409,9606.ENSP00000282541,0.057,0,0,0,0.066,0,0.922,0.269,0.943
GPAT4,GPD1L,9606.ENSP00000380184,9606.ENSP00000282541,0.057,0,0,0,0.06,0,0.922,0.136,0.932
GPAT4,GPD1,9606.ENSP00000380184,9606.ENSP00000301149,0.057,0,0,0,0.06,0,0.922,0.136,0.932
GPAT4,MBOAT2,9606.ENSP00000380184,9606.ENSP00000302177,0,0,0,0,0.086,0.169,0.65,0.862,0.958
GPAT4,GPD2,9606.ENSP00000380184,9606.ENSP00000308610,0.057,0,0,0,0.055,0,0.9,0.163,0.915
GPAT4,LCLAT1,9606.ENSP00000380184,9606.ENSP00000310551,0,0,0,0,0,0,0.65,0.486,0.812
GPCPD1,PLB1,9606.ENSP00000368305,9606.ENSP00000330442,0,0,0,0,0.044,0,0.9,0.204,0.917
GPCPD1,PHOSPHO1,9606.ENSP00000368305,9606.ENSP00000406909,0,0,0,0,0.07,0,0.9,0.101,0.909
GPCPD1,PNPLA6,9606.ENSP00000368305,9606.ENSP00000407509,0.045,0,0,0,0.055,0,0.907,0.223,0.926
GPCPD1,PNPLA7,9606.ENSP00000368305,9606.ENSP00000384610,0.045,0,0,0,0.055,0,0.907,0.223,0.926
GPD1,LPIN2,9606.ENSP00000301149,9606.ENSP00000261596,0,0,0,0,0,0,0.8,0.17,0.827
GPD1,GPD1L,9606.ENSP00000301149,9606.ENSP00000282541,0,0,0.053,0.975,0.063,0.411,0.9,0.061,0.942
GPD1,PLB1,9606.ENSP00000301149,9606.ENSP00000330442,0,0,0,0,0.044,0,0,0.748,0.749
GPD1,LPIN3,9606.ENSP00000301149,9606.ENSP00000487971,0,0,0,0,0.042,0,0.8,0.127,0.818
GPD1,MBOAT1,9606.ENSP00000301149,9606.ENSP00000324944,0.057,0,0,0,0.06,0,0.8,0.105,0.82
GPD1,MBOAT2,9606.ENSP00000301149,9606.ENSP00000302177,0,0,0,0,0,0,0.8,0.247,0.843
GPD1,LPIN1,9606.ENSP00000301149,9606.ENSP00000397908,0,0,0,0,0,0,0.8,0.285,0.85
GPD1,LCLAT1,9606.ENSP00000301149,9606.ENSP00000310551,0.057,0,0,0,0.055,0,0.844,0.162,0.868
GPD1,GPD2,9606.ENSP00000301149,9606.ENSP00000308610,0.115,0,0,0,0.055,0.093,0.835,0.98,0.997
GPD1L,LPIN2,9606.ENSP00000282541,9606.ENSP00000261596,0,0,0,0,0,0,0.8,0.154,0.823
GPD1L,LPIN3,9606.ENSP00000282541,9606.ENSP00000487971,0,0,0,0,0,0,0.8,0.091,0.81
GPD1L,LPIN1,9606.ENSP00000282541,9606.ENSP00000397908,0,0,0,0,0.06,0,0.8,0.115,0.819
GPD1L,MBOAT2,9606.ENSP00000282541,9606.ENSP00000302177,0,0,0,0,0,0,0.8,0.163,0.825
GPD1L,MBOAT1,9606.ENSP00000282541,9606.ENSP00000324944,0.057,0,0,0,0.067,0,0.8,0.165,0.833
GPD1L,LCLAT1,9606.ENSP00000282541,9606.ENSP00000310551,0.057,0,0,0,0.068,0,0.844,0.172,0.871
GPD1L,GPD2,9606.ENSP00000282541,9606.ENSP00000308610,0.115,0,0,0,0.072,0.093,0.835,0.394,0.912
GPD2,LPIN2,9606.ENSP00000308610,9606.ENSP00000261596,0,0,0,0,0,0,0.8,0.161,0.825
GPD2,MBOAT2,9606.ENSP00000308610,9606.ENSP00000302177,0,0,0,0,0.063,0,0.8,0.168,0.83
GPD2,LPIN3,9606.ENSP00000308610,9606.ENSP00000487971,0,0,0,0,0,0,0.8,0.128,0.818
GPD2,MBOAT1,9606.ENSP00000308610,9606.ENSP00000324944,0,0,0,0,0.093,0,0.8,0.115,0.825
GPD2,LPIN1,9606.ENSP00000308610,9606.ENSP00000397908,0,0,0,0,0,0,0.8,0.162,0.825
GPD2,LCLAT1,9606.ENSP00000308610,9606.ENSP00000310551,0.057,0,0,0,0.076,0,0.8,0.197,0.841
GPIHBP1,LMF1,9606.ENSP00000480053,9606.ENSP00000262301,0,0,0,0,0.047,0,0,0.894,0.894
GPIHBP1,LIPC,9606.ENSP00000480053,9606.ENSP00000299022,0,0,0,0,0,0,0,0.771,0.771
GPIHBP1,PCSK5,9606.ENSP00000480053,9606.ENSP00000446280,0,0,0,0,0.079,0.095,0.75,0.135,0.795
GPIHBP1,LPL,9606.ENSP00000480053,9606.ENSP00000497642,0,0,0,0,0.122,0.966,0.7,0.998,0.999
GPX2,PON1,9606.ENSP00000374265,9606.ENSP00000222381,0,0,0,0,0.067,0,0,0.74,0.747
GPX2,PPARGC1A,9606.ENSP00000374265,9606.ENSP00000264867,0,0,0,0,0.047,0,0.9,0.6,0.958
GPX2,HPGDS,9606.ENSP00000374265,9606.ENSP00000295256,0,0,0,0,0.064,0,0.65,0.712,0.897
GPX2,GPX4,9606.ENSP00000374265,9606.ENSP00000346103,0,0,0.147,0.785,0.055,0,0.9,0.339,0.939
GPX2,TXNRD1,9606.ENSP00000374265,9606.ENSP00000434516,0.052,0,0,0,0.093,0.063,0.239,0.876,0.91
GPX4,LPCAT3,9606.ENSP00000346103,9606.ENSP00000261407,0,0,0,0,0.042,0,0,0.725,0.725
GPX4,HPGDS,9606.ENSP00000346103,9606.ENSP00000295256,0,0,0,0,0.064,0,0.9,0.425,0.941
GPX4,TXNRD1,9606.ENSP00000346103,9606.ENSP00000434516,0.052,0,0,0,0.06,0.068,0.239,0.758,0.819
HACD1,TECR,9606.ENSP00000355308,9606.ENSP00000215567,0,0,0,0,0.209,0.563,0.911,0.562,0.984
HACD1,HACD3,9606.ENSP00000355308,9606.ENSP00000261875,0,0,0,0.684,0.049,0,0.9,0.215,0.918
HACD1,HSD17B12,9606.ENSP00000355308,9606.ENSP00000278353,0,0,0,0,0.116,0.416,0.914,0.638,0.981
HACD1,SCD5,9606.ENSP00000355308,9606.ENSP00000316329,0,0,0,0,0,0,0.9,0.181,0.914
HACD1,TECRL,9606.ENSP00000355308,9606.ENSP00000370607,0,0,0,0,0.209,0.514,0.151,0.258,0.725
HACD1,MTM1,9606.ENSP00000355308,9606.ENSP00000359423,0,0,0,0,0,0,0,0.862,0.862
HACD1,HACD2,9606.ENSP00000355308,9606.ENSP00000373153,0,0,0.058,0.963,0,0,0.9,0.061,0.903
HACD1,SCD,9606.ENSP00000355308,9606.ENSP00000359380,0,0,0,0,0.056,0,0.9,0.193,0.917
HACD1,HACD4,9606.ENSP00000355308,9606.ENSP00000419503,0,0,0,0.672,0,0,0.9,0.228,0.919
HACD2,TECR,9606.ENSP00000373153,9606.ENSP00000215567,0,0,0,0,0.219,0.886,0.911,0.588,0.996
HACD2,HACD3,9606.ENSP00000373153,9606.ENSP00000261875,0,0,0,0.738,0.107,0,0.9,0.21,0.923
HACD2,HSD17B12,9606.ENSP00000373153,9606.ENSP00000278353,0,0,0,0,0.15,0.416,0.914,0.65,0.983
HACD2,SCD5,9606.ENSP00000373153,9606.ENSP00000316329,0,0,0,0,0,0,0.9,0.218,0.918
HACD2,SCD,9606.ENSP00000373153,9606.ENSP00000359380,0,0,0,0,0.097,0,0.9,0.236,0.925
HACD2,TECRL,9606.ENSP00000373153,9606.ENSP00000370607,0,0,0,0,0.209,0.514,0.151,0.258,0.725
HACD2,HACD4,9606.ENSP00000373153,9606.ENSP00000419503,0,0,0.091,0.714,0.042,0,0.9,0.234,0.924
HACD3,TECR,9606.ENSP00000261875,9606.ENSP00000215567,0,0,0,0,0.243,0.514,0.911,0.581,0.984
HACD3,TECRL,9606.ENSP00000261875,9606.ENSP00000370607,0,0,0,0,0.209,0.514,0.151,0.26,0.726
HACD3,HACD4,9606.ENSP00000261875,9606.ENSP00000419503,0,0,0.059,0.902,0,0,0.9,0.094,0.907
HACD3,SCD5,9606.ENSP00000261875,9606.ENSP00000316329,0,0,0,0,0,0,0.9,0.236,0.92
HACD3,SCD,9606.ENSP00000261875,9606.ENSP00000359380,0,0,0,0,0.101,0,0.9,0.204,0.922
HACD3,HSD17B12,9606.ENSP00000261875,9606.ENSP00000278353,0,0,0,0,0.138,0.416,0.914,0.626,0.981
HACD4,TECR,9606.ENSP00000419503,9606.ENSP00000215567,0,0,0,0,0.209,0.514,0.911,0.592,0.984
HACD4,HSD17B12,9606.ENSP00000419503,9606.ENSP00000278353,0,0,0,0,0.11,0.416,0.914,0.599,0.979
HACD4,SCD5,9606.ENSP00000419503,9606.ENSP00000316329,0,0,0,0,0,0,0.9,0.21,0.917
HACD4,SCD,9606.ENSP00000419503,9606.ENSP00000359380,0,0,0,0,0,0,0.9,0.183,0.914
HACD4,TECRL,9606.ENSP00000419503,9606.ENSP00000370607,0,0,0,0,0.209,0.514,0.151,0.249,0.722
HACL1,HSD17B4,9606.ENSP00000323811,9606.ENSP00000411960,0,0,0,0,0.068,0.086,0.662,0.352,0.788
HACL1,HAO2,9606.ENSP00000323811,9606.ENSP00000354314,0.107,0,0,0,0.085,0,0.585,0.501,0.808
HACL1,SCP2,9606.ENSP00000323811,9606.ENSP00000360569,0,0,0,0,0.073,0.091,0.662,0.474,0.83
HADH,HADHB,9606.ENSP00000474560,9606.ENSP00000325136,0.079,0.031,0,0,0.59,0.481,0.525,0.953,0.994
HADH,SCP2,9606.ENSP00000474560,9606.ENSP00000360569,0.07,0,0,0,0.218,0.07,0.82,0.342,0.905
HADH,HSD17B4,9606.ENSP00000474560,9606.ENSP00000411960,0.07,0,0,0,0.165,0.066,0.352,0.806,0.892
HADHA,HADHB,9606.ENSP00000370023,9606.ENSP00000325136,0.054,0.126,0.206,0,0.912,0.991,0.967,0.999,0.999
HADHA,SLC25A20,9606.ENSP00000370023,9606.ENSP00000326305,0,0,0,0,0.161,0.162,0,0.633,0.72
HADHA,SCP2,9606.ENSP00000370023,9606.ENSP00000360569,0.054,0,0,0,0.395,0.113,0.64,0.309,0.85
HADHA,HMGCL,9606.ENSP00000370023,9606.ENSP00000363614,0.059,0,0,0,0.258,0,0.278,0.541,0.738
HADHA,PCCB,9606.ENSP00000370023,9606.ENSP00000419027,0.059,0,0,0,0.365,0.162,0.278,0.322,0.71
HADHA,HSD17B4,9606.ENSP00000370023,9606.ENSP00000411960,0.054,0,0,0,0.225,0.067,0.216,0.573,0.729
HADHB,OXCT1,9606.ENSP00000325136,9606.ENSP00000196371,0.079,0,0,0,0.205,0,0.864,0.502,0.944
HADHB,HMGCS1,9606.ENSP00000325136,9606.ENSP00000322706,0.079,0,0,0,0.515,0.48,0.932,0.63,0.993
HADHB,SLC25A20,9606.ENSP00000325136,9606.ENSP00000326305,0,0,0,0,0.319,0,0,0.588,0.708
HADHB,SCP2,9606.ENSP00000325136,9606.ENSP00000360569,0.057,0,0,0.56,0.47,0.091,0.248,0.489,0.793
HADHB,HSD17B4,9606.ENSP00000325136,9606.ENSP00000411960,0.057,0,0,0,0.367,0.05,0.248,0.861,0.93
HADHB,HMGCLL1,9606.ENSP00000325136,9606.ENSP00000381654,0.072,0,0,0,0.205,0,0.9,0.382,0.948
HADHB,PCCA,9606.ENSP00000325136,9606.ENSP00000365462,0.061,0,0,0,0.198,0.091,0.907,0.379,0.953
HADHB,PCCB,9606.ENSP00000325136,9606.ENSP00000419027,0.079,0,0,0,0.309,0.162,0.914,0.377,0.966
HADHB,HMGCL,9606.ENSP00000325136,9606.ENSP00000363614,0.072,0,0,0,0.345,0,0.9,0.577,0.97
HADHB,HMGCS2,9606.ENSP00000325136,9606.ENSP00000358414,0.079,0,0,0,0.522,0.48,0.932,0.721,0.994
HAO2,MVD,9606.ENSP00000354314,9606.ENSP00000301012,0.12,0,0,0,0.044,0,0.792,0.363,0.873
HDAC3,NR1D1,9606.ENSP00000302967,9606.ENSP00000246672,0,0,0,0,0,0.292,0.7,0.826,0.959
HDAC3,RORA,9606.ENSP00000302967,9606.ENSP00000261523,0,0,0,0,0,0,0.5,0.451,0.713
HDAC3,NCOR1,9606.ENSP00000302967,9606.ENSP00000268712,0,0,0,0,0.075,0.933,0.8,0.996,0.999
HDAC3,PPARG,9606.ENSP00000302967,9606.ENSP00000287820,0,0,0,0,0,0.746,0.5,0.748,0.965
HDAC3,RXRA,9606.ENSP00000302967,9606.ENSP00000419692,0,0,0,0,0.056,0.294,0.65,0.145,0.774
HDAC3,SIN3B,9606.ENSP00000302967,9606.ENSP00000369131,0,0,0,0,0.103,0.477,0.5,0.282,0.809
HDAC3,SIN3A,9606.ENSP00000302967,9606.ENSP00000378402,0,0,0,0,0.084,0.477,0.8,0.886,0.987
HDAC3,TBL1XR1,9606.ENSP00000302967,9606.ENSP00000405574,0,0,0,0,0.141,0.85,0.8,0.991,0.999
HDAC3,TBL1X,9606.ENSP00000302967,9606.ENSP00000495556,0,0,0,0,0.067,0.873,0.8,0.993,0.999
HDAC3,NCOR2,9606.ENSP00000302967,9606.ENSP00000384018,0,0,0,0,0.049,0.992,0.8,0.995,0.999
HDLBP,LPL,9606.ENSP00000375836,9606.ENSP00000497642,0,0,0,0,0,0,0.54,0.835,0.92
HEXA,HEXB,9606.ENSP00000455114,9606.ENSP00000261416,0,0,0.064,0.952,0.183,0.979,0.9,0.067,0.998
HMGCL,OXCT1,9606.ENSP00000363614,9606.ENSP00000196371,0.111,0,0,0,0.244,0,0.9,0.732,0.979
HMGCL,MVK,9606.ENSP00000363614,9606.ENSP00000228510,0.095,0,0,0,0.054,0,0.792,0.362,0.871
HMGCL,HMGCR,9606.ENSP00000363614,9606.ENSP00000287936,0.119,0,0,0,0,0,0.792,0.346,0.869
HMGCL,HMGCS1,9606.ENSP00000363614,9606.ENSP00000322706,0,0,0,0,0,0,0.956,0.72,0.987
HMGCL,HMGCS2,9606.ENSP00000363614,9606.ENSP00000358414,0,0,0,0,0.048,0,0.956,0.788,0.99
HMGCL,PCCA,9606.ENSP00000363614,9606.ENSP00000365462,0.102,0.072,0,0,0.421,0,0,0.533,0.745
HMGCL,PCCB,9606.ENSP00000363614,9606.ENSP00000419027,0.111,0.01,0,0,0.363,0.165,0.585,0.471,0.877
HMGCL,HMGCLL1,9606.ENSP00000363614,9606.ENSP00000381654,0,0,0.055,0.971,0,0.375,0.9,0.054,0.936
HMGCLL1,OXCT1,9606.ENSP00000381654,9606.ENSP00000196371,0.111,0,0,0,0.244,0,0.9,0.538,0.964
HMGCLL1,MVK,9606.ENSP00000381654,9606.ENSP00000228510,0.095,0,0,0,0,0,0.792,0.263,0.849
HMGCLL1,HMGCR,9606.ENSP00000381654,9606.ENSP00000287936,0.119,0,0,0,0,0,0.792,0.201,0.84
HMGCLL1,HMGCS1,9606.ENSP00000381654,9606.ENSP00000322706,0,0,0,0,0,0,0.956,0.545,0.979
HMGCLL1,HMGCS2,9606.ENSP00000381654,9606.ENSP00000358414,0,0,0,0,0,0,0.956,0.559,0.98
HMGCLL1,PCCB,9606.ENSP00000381654,9606.ENSP00000419027,0.111,0.008,0,0,0.299,0,0.585,0.254,0.781
HMGCR,MVK,9606.ENSP00000287936,9606.ENSP00000228510,0.231,0,0,0,0.209,0.088,0.98,0.964,0.999
HMGCR,INSIG2,9606.ENSP00000287936,9606.ENSP00000245787,0,0,0,0,0.147,0.373,0,0.983,0.99
HMGCR,PRKAB2,9606.ENSP00000287936,9606.ENSP00000254101,0,0,0,0,0.049,0,0.9,0.236,0.921
HMGCR,HSD17B7,9606.ENSP00000287936,9606.ENSP00000254521,0,0,0,0,0.161,0,0,0.828,0.849
HMGCR,SCARB1,9606.ENSP00000287936,9606.ENSP00000261693,0,0,0,0,0,0,0,0.787,0.787
HMGCR,SQLE,9606.ENSP00000287936,9606.ENSP00000265896,0,0,0,0,0.812,0,0,0.863,0.973
HMGCR,NPC1,9606.ENSP00000287936,9606.ENSP00000269228,0,0,0,0,0.097,0,0,0.775,0.789
HMGCR,IDI2,9606.ENSP00000287936,9606.ENSP00000277517,0.12,0.158,0,0,0.249,0,0,0.709,0.816
HMGCR,PRKAG2,9606.ENSP00000287936,9606.ENSP00000287878,0,0,0,0,0,0.094,0.9,0.311,0.932
HMGCR,LIPC,9606.ENSP00000287936,9606.ENSP00000299022,0,0,0,0,0,0.053,0,0.715,0.719
HMGCR,SCD,9606.ENSP00000287936,9606.ENSP00000359380,0,0,0,0,0.181,0,0,0.703,0.747
HMGCR,MTF1,9606.ENSP00000287936,9606.ENSP00000362127,0,0,0,0,0.042,0.053,0.75,0.084,0.764
HMGCR,MTTP,9606.ENSP00000287936,9606.ENSP00000427679,0,0,0,0,0.047,0,0,0.775,0.777
HMGCR,NSDHL,9606.ENSP00000287936,9606.ENSP00000359297,0,0,0,0,0.389,0.06,0,0.665,0.791
HMGCR,LSS,9606.ENSP00000287936,9606.ENSP00000380837,0.057,0,0,0,0.242,0,0,0.743,0.801
HMGCR,PPARA,9606.ENSP00000287936,9606.ENSP00000385523,0,0,0,0,0,0,0.5,0.724,0.856
HMGCR,MVD,9606.ENSP00000287936,9606.ENSP00000301012,0.231,0,0,0,0.224,0,0,0.84,0.896
HMGCR,PCSK9,9606.ENSP00000287936,9606.ENSP00000303208,0,0,0,0,0.146,0,0,0.899,0.91
HMGCR,PMVK,9606.ENSP00000287936,9606.ENSP00000357452,0,0,0,0,0,0.053,0,0.912,0.913
HMGCR,NPC1L1,9606.ENSP00000287936,9606.ENSP00000289547,0,0,0,0,0.077,0,0,0.915,0.918
HMGCR,IDI1,9606.ENSP00000287936,9606.ENSP00000370748,0.12,0.161,0,0,0.541,0,0,0.809,0.926
HMGCR,PRKAA2,9606.ENSP00000287936,9606.ENSP00000360290,0,0,0,0,0,0.064,0.9,0.341,0.932
HMGCR,SREBF1,9606.ENSP00000287936,9606.ENSP00000348069,0,0,0,0,0.056,0,0.5,0.915,0.956
HMGCR,SREBF2,9606.ENSP00000287936,9606.ENSP00000354476,0,0,0,0,0.115,0,0.75,0.941,0.985
HMGCR,INSIG1,9606.ENSP00000287936,9606.ENSP00000344741,0,0,0,0,0.302,0.84,0,0.996,0.999
HMGCR,HMGCS1,9606.ENSP00000287936,9606.ENSP00000322706,0.12,0,0,0,0.96,0,0.978,0.974,0.999
HMGCR,HMGCS2,9606.ENSP00000287936,9606.ENSP00000358414,0.12,0,0,0,0.83,0,0.978,0.937,0.999
HMGCS1,OXCT1,9606.ENSP00000322706,9606.ENSP00000196371,0.057,0,0,0,0.07,0,0.9,0.565,0.956
HMGCS1,MVK,9606.ENSP00000322706,9606.ENSP00000228510,0.12,0,0,0,0.36,0,0.216,0.841,0.92
HMGCS1,HSD17B7,9606.ENSP00000322706,9606.ENSP00000254521,0,0,0,0,0.325,0.068,0,0.812,0.872
HMGCS1,SQLE,9606.ENSP00000322706,9606.ENSP00000265896,0,0,0,0,0.885,0,0,0.889,0.986
HMGCS1,IDI2,9606.ENSP00000322706,9606.ENSP00000277517,0.11,0,0,0,0.667,0,0,0.686,0.899
HMGCS1,TM7SF2,9606.ENSP00000322706,9606.ENSP00000279263,0,0,0,0,0.32,0,0,0.665,0.762
HMGCS1,MVD,9606.ENSP00000322706,9606.ENSP00000301012,0.12,0,0.209,0,0.555,0.255,0,0.809,0.948
HMGCS1,MBTPS1,9606.ENSP00000322706,9606.ENSP00000344223,0,0,0,0,0,0.053,0,0.7,0.704
HMGCS1,NFYA,9606.ENSP00000322706,9606.ENSP00000345702,0,0,0,0,0.044,0.421,0.5,0.082,0.711
HMGCS1,PPARA,9606.ENSP00000322706,9606.ENSP00000385523,0,0,0,0,0.042,0,0.5,0.573,0.777
HMGCS1,SCD,9606.ENSP00000322706,9606.ENSP00000359380,0,0,0,0,0.495,0,0,0.61,0.794
HMGCS1,PMVK,9606.ENSP00000322706,9606.ENSP00000357452,0,0,0,0,0.132,0,0,0.799,0.818
HMGCS1,INSIG1,9606.ENSP00000322706,9606.ENSP00000344741,0,0,0,0,0.537,0,0,0.762,0.885
HMGCS1,LSS,9606.ENSP00000322706,9606.ENSP00000380837,0,0,0,0,0.459,0.338,0,0.733,0.896
HMGCS1,HMGCS2,9606.ENSP00000322706,9606.ENSP00000358414,0,0,0.056,0.968,0.042,0,0.913,0.066,0.917
HMGCS1,SREBF1,9606.ENSP00000322706,9606.ENSP00000348069,0,0,0,0,0.072,0,0.5,0.854,0.926
HMGCS1,NSDHL,9606.ENSP00000322706,9606.ENSP00000359297,0,0,0,0,0.714,0,0,0.821,0.946
HMGCS1,SREBF2,9606.ENSP00000322706,9606.ENSP00000354476,0,0,0,0,0.229,0,0.5,0.904,0.959
HMGCS1,IDI1,9606.ENSP00000322706,9606.ENSP00000370748,0.11,0,0,0,0.833,0,0,0.828,0.972
HMGCS2,OXCT1,9606.ENSP00000358414,9606.ENSP00000196371,0.057,0,0,0,0,0,0.9,0.688,0.968
HMGCS2,MVK,9606.ENSP00000358414,9606.ENSP00000228510,0.12,0,0,0,0.193,0,0.216,0.731,0.83
HMGCS2,SQLE,9606.ENSP00000358414,9606.ENSP00000265896,0,0,0,0,0.688,0,0,0.743,0.916
HMGCS2,IDI2,9606.ENSP00000358414,9606.ENSP00000277517,0.11,0,0,0,0.402,0,0,0.628,0.784
HMGCS2,MVD,9606.ENSP00000358414,9606.ENSP00000301012,0.12,0,0.23,0,0.361,0.071,0,0.742,0.877
HMGCS2,SREBF1,9606.ENSP00000358414,9606.ENSP00000348069,0,0,0,0,0,0,0,0.802,0.802
HMGCS2,SREBF2,9606.ENSP00000358414,9606.ENSP00000354476,0,0,0,0,0,0,0,0.833,0.833
HMGCS2,PMVK,9606.ENSP00000358414,9606.ENSP00000357452,0,0,0,0,0.105,0,0,0.707,0.727
HMGCS2,LSS,9606.ENSP00000358414,9606.ENSP00000380837,0,0,0,0,0.301,0.069,0,0.624,0.734
HMGCS2,IDI1,9606.ENSP00000358414,9606.ENSP00000370748,0.11,0,0,0,0.402,0,0,0.677,0.813
HMGCS2,PPARA,9606.ENSP00000358414,9606.ENSP00000385523,0,0,0,0,0.042,0,0.5,0.784,0.887
HPGD,PTGES,9606.ENSP00000296522,9606.ENSP00000342385,0,0,0,0,0,0,0,0.723,0.723
HPGD,HSD11B1,9606.ENSP00000296522,9606.ENSP00000355995,0,0,0.34,0,0.109,0,0,0.68,0.795
HPGD,HSD11B2,9606.ENSP00000296522,9606.ENSP00000316786,0,0,0,0,0.071,0,0,0.804,0.81
HPGDS,PTGIS,9606.ENSP00000295256,9606.ENSP00000244043,0,0,0,0,0.06,0,0.9,0.45,0.943
HPGDS,PTGES3,9606.ENSP00000295256,9606.ENSP00000482075,0,0,0,0,0.101,0,0.9,0.428,0.944
HPGDS,PTGS2,9606.ENSP00000295256,9606.ENSP00000356438,0,0,0,0,0,0,0.9,0.468,0.944
HPGDS,PTGS1,9606.ENSP00000295256,9606.ENSP00000354612,0,0,0,0,0.083,0,0.9,0.462,0.946
HPGDS,PTGES2,9606.ENSP00000295256,9606.ENSP00000345341,0,0,0,0,0,0,0.9,0.545,0.952
HPGDS,PTGES,9606.ENSP00000295256,9606.ENSP00000342385,0,0,0,0,0,0,0.9,0.599,0.958
HPGDS,PTGDS,9606.ENSP00000295256,9606.ENSP00000360687,0,0,0,0,0.087,0,0.9,0.91,0.991
HSD11B1,SRD5A1,9606.ENSP00000355995,9606.ENSP00000274192,0,0,0,0,0.087,0,0,0.819,0.828
HSD11B1,HSD11B2,9606.ENSP00000355995,9606.ENSP00000316786,0,0,0.111,0.613,0.105,0,0.9,0.566,0.96
HSD11B1,POMC,9606.ENSP00000355995,9606.ENSP00000384092,0,0,0,0,0.049,0,0,0.767,0.768
HSD11B1,HSD3B2,9606.ENSP00000355995,9606.ENSP00000445122,0,0,0,0,0.055,0.062,0.9,0.526,0.952
HSD11B1,HSD3B1,9606.ENSP00000355995,9606.ENSP00000358421,0,0,0,0,0.066,0.062,0.9,0.618,0.962
HSD11B2,SRD5A1,9606.ENSP00000316786,9606.ENSP00000274192,0,0,0,0,0.074,0,0,0.8,0.806
HSD11B2,STAR,9606.ENSP00000316786,9606.ENSP00000276449,0,0,0,0,0,0,0,0.725,0.725
HSD11B2,POMC,9606.ENSP00000316786,9606.ENSP00000384092,0,0,0,0,0,0,0,0.868,0.868
HSD11B2,HSD3B2,9606.ENSP00000316786,9606.ENSP00000445122,0,0,0,0,0.052,0,0.9,0.509,0.949
HSD11B2,HSD3B1,9606.ENSP00000316786,9606.ENSP00000358421,0,0,0,0,0.046,0,0.9,0.607,0.959
HSD17B1,HSD17B2,9606.ENSP00000225929,9606.ENSP00000199936,0,0,0.418,0,0.103,0,0.9,0.986,0.999
HSD17B1,STS,9606.ENSP00000225929,9606.ENSP00000217961,0,0,0,0,0.217,0.098,0,0.735,0.797
HSD17B1,HSD17B14,9606.ENSP00000225929,9606.ENSP00000263278,0,0,0.28,0,0.06,0.066,0,0.598,0.712
HSD17B1,HSD3B1,9606.ENSP00000225929,9606.ENSP00000358421,0,0,0,0,0.055,0.062,0,0.876,0.88
HSD17B1,HSD17B4,9606.ENSP00000225929,9606.ENSP00000411960,0.044,0,0,0,0.109,0,0.182,0.927,0.943
HSD17B1,HSD17B8,9606.ENSP00000225929,9606.ENSP00000363794,0,0,0.266,0,0,0,0.9,0.489,0.959
HSD17B1,HSD17B12,9606.ENSP00000225929,9606.ENSP00000278353,0.042,0,0,0,0.055,0.059,0.915,0.632,0.968
HSD17B1,HSD17B3,9606.ENSP00000225929,9606.ENSP00000364412,0.042,0,0.245,0,0.055,0.059,0.186,0.975,0.984
HSD17B1,HSD17B7,9606.ENSP00000225929,9606.ENSP00000254521,0,0,0,0,0,0,0.9,0.918,0.991
HSD17B12,HSD17B2,9606.ENSP00000278353,9606.ENSP00000199936,0,0,0.124,0.585,0,0,0.9,0.309,0.934
HSD17B12,TECR,9606.ENSP00000278353,9606.ENSP00000215567,0,0,0,0,0.108,0.591,0.9,0.902,0.995
HSD17B12,HSD17B7,9606.ENSP00000278353,9606.ENSP00000254521,0,0,0,0,0.049,0,0.9,0.726,0.971
HSD17B12,HSD17B14,9606.ENSP00000278353,9606.ENSP00000263278,0.042,0,0.293,0,0.075,0.059,0.186,0.538,0.726
HSD17B12,SCD5,9606.ENSP00000278353,9606.ENSP00000316329,0.054,0,0,0,0.075,0,0.9,0.323,0.932
HSD17B12,SCD,9606.ENSP00000278353,9606.ENSP00000359380,0.054,0,0,0,0.107,0.414,0.9,0.438,0.967
HSD17B12,HSD17B8,9606.ENSP00000278353,9606.ENSP00000363794,0.042,0,0.309,0,0.06,0.059,0.915,0.565,0.973
HSD17B13,PNPLA3,9606.ENSP00000333300,9606.ENSP00000216180,0,0,0,0,0,0,0,0.878,0.878
HSD17B13,MBOAT7,9606.ENSP00000333300,9606.ENSP00000245615,0,0,0,0,0,0,0,0.874,0.874
HSD17B14,HSD17B3,9606.ENSP00000263278,9606.ENSP00000364412,0.042,0,0.333,0,0.075,0.059,0.186,0.583,0.767
HSD17B2,HSD17B4,9606.ENSP00000199936,9606.ENSP00000411960,0,0,0,0,0,0,0,0.928,0.928
HSD17B2,HSD17B8,9606.ENSP00000199936,9606.ENSP00000363794,0,0,0.173,0.601,0.055,0,0.9,0.267,0.935
HSD17B2,SRD5A3,9606.ENSP00000199936,9606.ENSP00000264228,0,0,0,0,0.042,0,0.9,0.557,0.953
HSD17B2,HSD17B7,9606.ENSP00000199936,9606.ENSP00000254521,0,0,0,0,0,0,0.9,0.629,0.961
HSD17B2,HSD3B1,9606.ENSP00000199936,9606.ENSP00000358421,0,0,0,0,0.078,0,0.9,0.648,0.964
HSD17B2,HSD3B2,9606.ENSP00000199936,9606.ENSP00000445122,0,0,0,0,0.08,0,0.9,0.7,0.97
HSD17B2,SRD5A1,9606.ENSP00000199936,9606.ENSP00000274192,0,0,0,0,0.087,0,0.9,0.775,0.977
HSD17B2,HSD17B3,9606.ENSP00000199936,9606.ENSP00000364412,0,0,0.289,0,0,0,0.9,0.979,0.998
HSD17B3,SRD5A3,9606.ENSP00000364412,9606.ENSP00000264228,0,0,0,0,0,0,0.9,0.521,0.95
HSD17B3,SRD5A1,9606.ENSP00000364412,9606.ENSP00000274192,0,0,0,0,0.069,0,0.9,0.791,0.978
HSD17B3,STAR,9606.ENSP00000364412,9606.ENSP00000276449,0,0,0,0,0,0,0,0.756,0.756
HSD17B3,HSD3B1,9606.ENSP00000364412,9606.ENSP00000358421,0.052,0,0,0,0.058,0,0.9,0.838,0.983
HSD17B3,HSD17B8,9606.ENSP00000364412,9606.ENSP00000363794,0.042,0,0.388,0,0.055,0.059,0.915,0.354,0.964
HSD17B3,HSD17B4,9606.ENSP00000364412,9606.ENSP00000411960,0.051,0,0,0,0,0,0,0.953,0.953
HSD17B3,HSD3B2,9606.ENSP00000364412,9606.ENSP00000445122,0.052,0,0,0,0.056,0,0.9,0.874,0.987
HSD17B4,PECR,9606.ENSP00000411960,9606.ENSP00000265322,0.044,0,0,0.598,0.276,0,0.573,0.178,0.725
HSD17B4,SLC27A2,9606.ENSP00000411960,9606.ENSP00000267842,0,0,0,0,0.104,0,0.5,0.454,0.734
HSD17B4,SLC25A20,9606.ENSP00000411960,9606.ENSP00000326305,0,0,0,0,0.69,0,0,0.224,0.749
HSD17B4,SCP2,9606.ENSP00000411960,9606.ENSP00000360569,0,0,0,0.581,0.616,0.258,0.9,0.572,0.986
HSD17B4,IDH1,9606.ENSP00000411960,9606.ENSP00000390265,0.07,0,0,0,0.452,0.235,0.5,0.191,0.813
HSD17B7,MVK,9606.ENSP00000254521,9606.ENSP00000228510,0,0,0,0,0.288,0.091,0,0.666,0.765
HSD17B7,INSIG1,9606.ENSP00000254521,9606.ENSP00000344741,0,0,0,0,0.138,0,0,0.711,0.741
HSD17B7,IDI1,9606.ENSP00000254521,9606.ENSP00000370748,0,0,0,0,0.307,0,0,0.73,0.805
HSD17B7,HSD3B7,9606.ENSP00000254521,9606.ENSP00000297679,0,0,0,0,0.14,0.619,0.215,0.49,0.851
HSD17B7,SQLE,9606.ENSP00000254521,9606.ENSP00000265896,0,0,0,0,0.38,0,0,0.774,0.854
HSD17B7,HSD3B2,9606.ENSP00000254521,9606.ENSP00000445122,0,0,0,0,0.14,0.619,0.215,0.515,0.858
HSD17B7,HSD3B1,9606.ENSP00000254521,9606.ENSP00000358421,0,0,0,0,0.14,0.619,0.215,0.593,0.881
HSD17B7,LBR,9606.ENSP00000254521,9606.ENSP00000339883,0,0,0,0,0.207,0.782,0,0.471,0.9
HSD17B7,TM7SF2,9606.ENSP00000254521,9606.ENSP00000279263,0,0,0,0,0.197,0.782,0,0.716,0.946
HSD17B7,HSD17B8,9606.ENSP00000254521,9606.ENSP00000363794,0,0,0,0,0.042,0,0.9,0.588,0.957
HSD17B7,LSS,9606.ENSP00000254521,9606.ENSP00000380837,0,0,0,0,0.533,0.954,0,0.667,0.992
HSD17B7,NSDHL,9606.ENSP00000254521,9606.ENSP00000359297,0,0,0,0,0.301,0.619,0.918,0.851,0.996
HSD17B8,SRD5A3,9606.ENSP00000363794,9606.ENSP00000264228,0,0,0,0,0,0,0.9,0.302,0.927
HSD17B8,SRD5A1,9606.ENSP00000363794,9606.ENSP00000274192,0,0,0,0,0.055,0,0.9,0.247,0.922
HSD17B8,MCAT,9606.ENSP00000363794,9606.ENSP00000290429,0.057,0.128,0,0,0.263,0.145,0,0.706,0.82
HSD17B8,HSD3B1,9606.ENSP00000363794,9606.ENSP00000358421,0,0,0,0,0.055,0.062,0.9,0.301,0.929
HSD17B8,HSD3B2,9606.ENSP00000363794,9606.ENSP00000445122,0,0,0,0,0.055,0.062,0.9,0.242,0.923
HSD3B1,STS,9606.ENSP00000358421,9606.ENSP00000217961,0.042,0,0,0,0,0,0.9,0.551,0.953
HSD3B1,SULT2A1,9606.ENSP00000358421,9606.ENSP00000222002,0,0,0,0,0.101,0,0,0.717,0.735
HSD3B1,SRD5A3,9606.ENSP00000358421,9606.ENSP00000264228,0,0,0,0,0,0,0.9,0.384,0.935
HSD3B1,SQLE,9606.ENSP00000358421,9606.ENSP00000265896,0,0,0,0,0.244,0.619,0,0.394,0.81
HSD3B1,SRD5A1,9606.ENSP00000358421,9606.ENSP00000274192,0,0,0,0,0,0,0.9,0.731,0.971
HSD3B1,STAR,9606.ENSP00000358421,9606.ENSP00000276449,0,0,0,0,0.109,0,0,0.895,0.903
HSD3B1,LSS,9606.ENSP00000358421,9606.ENSP00000380837,0.057,0,0,0,0.147,0.619,0,0.392,0.788
HSD3B1,HSD3B2,9606.ENSP00000358421,9606.ENSP00000445122,0,0,0.047,0.986,0.304,0.539,0.9,0.053,0.965
HSD3B2,STS,9606.ENSP00000445122,9606.ENSP00000217961,0.042,0,0,0,0,0,0.9,0.434,0.941
HSD3B2,SULT2A1,9606.ENSP00000445122,9606.ENSP00000222002,0,0,0,0,0.09,0,0,0.736,0.749
HSD3B2,SRD5A3,9606.ENSP00000445122,9606.ENSP00000264228,0,0,0,0,0,0,0.9,0.64,0.962
HSD3B2,SQLE,9606.ENSP00000445122,9606.ENSP00000265896,0,0,0,0,0.244,0.619,0,0.372,0.803
HSD3B2,SRD5A1,9606.ENSP00000445122,9606.ENSP00000274192,0,0,0,0,0,0,0.9,0.816,0.98
HSD3B2,STAR,9606.ENSP00000445122,9606.ENSP00000276449,0,0,0,0,0.109,0,0,0.807,0.821
HSD3B2,LSS,9606.ENSP00000445122,9606.ENSP00000380837,0.057,0,0,0,0.142,0.619,0,0.36,0.776
HSD3B7,SQLE,9606.ENSP00000297679,9606.ENSP00000265896,0,0,0,0,0.244,0.619,0,0.424,0.819
HSD3B7,LSS,9606.ENSP00000297679,9606.ENSP00000380837,0.057,0,0,0,0.147,0.619,0,0.495,0.824
IDH1,PIK3CA,9606.ENSP00000390265,9606.ENSP00000263967,0,0,0,0,0,0,0,0.713,0.713
IDH1,ME1,9606.ENSP00000390265,9606.ENSP00000358719,0.06,0,0,0,0.167,0.071,0,0.699,0.752
IDH1,PTEN,9606.ENSP00000390265,9606.ENSP00000361021,0,0,0,0,0.063,0.051,0,0.835,0.841
IDI1,MVK,9606.ENSP00000370748,9606.ENSP00000228510,0.12,0,0,0,0.251,0,0.154,0.809,0.879
IDI1,SQLE,9606.ENSP00000370748,9606.ENSP00000265896,0,0,0,0,0.741,0,0,0.841,0.957
IDI1,IDI2,9606.ENSP00000370748,9606.ENSP00000277517,0,0,0.056,0.968,0,0,0.9,0.064,0.904
IDI1,MVD,9606.ENSP00000370748,9606.ENSP00000301012,0.12,0,0,0,0.482,0,0.978,0.842,0.998
IDI1,INSIG1,9606.ENSP00000370748,9606.ENSP00000344741,0,0,0,0,0.486,0,0,0.739,0.86
IDI1,SREBF1,9606.ENSP00000370748,9606.ENSP00000348069,0,0,0,0,0.079,0,0.5,0.413,0.706
IDI1,SREBF2,9606.ENSP00000370748,9606.ENSP00000354476,0,0,0,0,0.162,0,0.5,0.57,0.804
IDI1,PMVK,9606.ENSP00000370748,9606.ENSP00000357452,0,0,0,0,0.25,0,0.1,0.798,0.852
IDI1,NSDHL,9606.ENSP00000370748,9606.ENSP00000359297,0,0,0,0,0.414,0.217,0,0.713,0.856
IDI1,LSS,9606.ENSP00000370748,9606.ENSP00000380837,0.071,0,0,0,0.454,0,0.792,0.716,0.966
IDI2,MVK,9606.ENSP00000277517,9606.ENSP00000228510,0.12,0,0,0,0.123,0,0.154,0.771,0.83
IDI2,SQLE,9606.ENSP00000277517,9606.ENSP00000265896,0,0,0,0,0.592,0,0,0.709,0.876
IDI2,PMVK,9606.ENSP00000277517,9606.ENSP00000357452,0,0,0,0,0.244,0,0.1,0.759,0.822
IDI2,LSS,9606.ENSP00000277517,9606.ENSP00000380837,0.071,0,0,0,0.401,0,0.792,0.642,0.953
IDI2,MVD,9606.ENSP00000277517,9606.ENSP00000301012,0.12,0,0,0,0.361,0,0.978,0.804,0.997
INPP4A,RAB5A,9606.ENSP00000074304,9606.ENSP00000273047,0,0,0,0,0.058,0,0,0.848,0.85
INPP4A,MTMR7,9606.ENSP00000074304,9606.ENSP00000180173,0,0,0,0,0.049,0,0.9,0.137,0.91
INPP4A,INPP4B,9606.ENSP00000074304,9606.ENSP00000422793,0,0,0.058,0.891,0,0,0.9,0.137,0.911
INPP4A,MTMR3,9606.ENSP00000074304,9606.ENSP00000384651,0,0,0,0,0.082,0,0.9,0.13,0.913
INPP4A,MTMR14,9606.ENSP00000074304,9606.ENSP00000296003,0,0,0,0,0.06,0,0.9,0.158,0.913
INPP4A,PIK3R3,9606.ENSP00000074304,9606.ENSP00000262741,0,0,0,0,0.042,0,0.9,0.166,0.913
INPP4A,PIK3R1,9606.ENSP00000074304,9606.ENSP00000428056,0,0,0,0,0.06,0,0.9,0.174,0.915
INPP4A,MTMR4,9606.ENSP00000074304,9606.ENSP00000325285,0,0,0,0,0.139,0,0.9,0.115,0.917
INPP4A,PIK3C2G,9606.ENSP00000074304,9606.ENSP00000445381,0,0,0,0,0,0,0.9,0.354,0.932
INPP4A,MTMR2,9606.ENSP00000074304,9606.ENSP00000345752,0,0,0,0,0,0,0.9,0.368,0.934
INPP4A,PIK3C2B,9606.ENSP00000074304,9606.ENSP00000356155,0,0,0,0,0.055,0,0.9,0.373,0.935
INPP4A,MTMR6,9606.ENSP00000074304,9606.ENSP00000371221,0,0,0,0,0.067,0,0.9,0.368,0.935
INPP4A,MTM1,9606.ENSP00000074304,9606.ENSP00000359423,0,0,0,0,0.06,0,0.9,0.368,0.935
INPP4A,PIK3C3,9606.ENSP00000074304,9606.ENSP00000262039,0,0,0,0,0.054,0,0.9,0.403,0.938
INPP4A,MTMR1,9606.ENSP00000074304,9606.ENSP00000414178,0,0,0,0,0.201,0,0.9,0.292,0.938
INPP4A,PIK3C2A,9606.ENSP00000074304,9606.ENSP00000265970,0,0,0,0,0.055,0,0.9,0.412,0.939
INPP4A,SYNJ2,9606.ENSP00000074304,9606.ENSP00000347792,0,0,0,0,0.049,0,0.9,0.442,0.942
INPP4A,PIKFYVE,9606.ENSP00000074304,9606.ENSP00000264380,0,0,0,0,0.074,0,0.9,0.438,0.943
INPP4A,INPP5D,9606.ENSP00000074304,9606.ENSP00000405338,0,0,0,0,0.047,0,0.9,0.45,0.943
INPP4A,INPP5E,9606.ENSP00000074304,9606.ENSP00000360777,0,0,0,0,0.067,0,0.9,0.447,0.943
INPP4A,PTEN,9606.ENSP00000074304,9606.ENSP00000361021,0,0,0,0,0,0,0.9,0.49,0.946
INPP4A,PIK3R2,9606.ENSP00000074304,9606.ENSP00000222254,0,0,0,0,0.054,0,0.9,0.477,0.946
INPP4A,SYNJ1,9606.ENSP00000074304,9606.ENSP00000409667,0,0,0,0,0.085,0,0.9,0.532,0.953
INPP4A,OCRL,9606.ENSP00000074304,9606.ENSP00000360154,0,0,0,0,0.058,0,0.9,0.584,0.957
INPP4A,INPPL1,9606.ENSP00000074304,9606.ENSP00000298229,0,0,0,0,0.06,0,0.9,0.631,0.962
INPP4B,MTMR7,9606.ENSP00000422793,9606.ENSP00000180173,0,0,0,0,0,0,0.9,0.162,0.912
INPP4B,PIK3R2,9606.ENSP00000422793,9606.ENSP00000222254,0,0,0,0,0,0,0.9,0.597,0.957
INPP4B,PIK3C3,9606.ENSP00000422793,9606.ENSP00000262039,0,0,0,0,0.044,0,0.9,0.307,0.927
INPP4B,PIK3R3,9606.ENSP00000422793,9606.ENSP00000262741,0,0,0,0,0,0,0.9,0.287,0.925
INPP4B,PIKFYVE,9606.ENSP00000422793,9606.ENSP00000264380,0,0,0,0,0,0,0.9,0.29,0.925
INPP4B,PIK3C2A,9606.ENSP00000422793,9606.ENSP00000265970,0,0,0,0,0,0,0.9,0.35,0.932
INPP4B,MTMR14,9606.ENSP00000422793,9606.ENSP00000296003,0,0,0,0,0,0,0.9,0.089,0.905
INPP4B,INPPL1,9606.ENSP00000422793,9606.ENSP00000298229,0,0,0,0,0,0,0.9,0.613,0.959
INPP4B,MTMR4,9606.ENSP00000422793,9606.ENSP00000325285,0,0,0,0,0,0,0.9,0.115,0.907
INPP4B,MTMR2,9606.ENSP00000422793,9606.ENSP00000345752,0,0,0,0,0,0,0.9,0.293,0.926
INPP4B,SYNJ2,9606.ENSP00000422793,9606.ENSP00000347792,0,0,0,0,0.05,0,0.9,0.364,0.934
INPP4B,PIK3C2B,9606.ENSP00000422793,9606.ENSP00000356155,0,0,0,0,0,0,0.9,0.384,0.935
INPP4B,MTM1,9606.ENSP00000422793,9606.ENSP00000359423,0,0,0,0,0.042,0,0.9,0.309,0.928
INPP4B,OCRL,9606.ENSP00000422793,9606.ENSP00000360154,0,0,0,0,0,0,0.9,0.423,0.939
INPP4B,INPP5E,9606.ENSP00000422793,9606.ENSP00000360777,0,0,0,0,0,0,0.9,0.396,0.937
INPP4B,PTEN,9606.ENSP00000422793,9606.ENSP00000361021,0,0,0,0,0,0,0.9,0.684,0.967
INPP4B,MTMR6,9606.ENSP00000422793,9606.ENSP00000371221,0,0,0,0,0.042,0,0.9,0.338,0.931
INPP4B,MTMR3,9606.ENSP00000422793,9606.ENSP00000384651,0,0,0,0,0,0,0.9,0.176,0.914
INPP4B,INPP5D,9606.ENSP00000422793,9606.ENSP00000405338,0,0,0,0,0,0,0.9,0.396,0.937
INPP4B,SYNJ1,9606.ENSP00000422793,9606.ENSP00000409667,0,0,0,0,0,0,0.9,0.333,0.93
INPP4B,MTMR1,9606.ENSP00000422793,9606.ENSP00000414178,0,0,0,0,0,0,0.9,0.228,0.919
INPP4B,PIK3C2G,9606.ENSP00000422793,9606.ENSP00000445381,0,0,0,0,0,0,0.9,0.417,0.939
INPP4B,PIK3R1,9606.ENSP00000422793,9606.ENSP00000428056,0,0,0,0,0.049,0,0.9,0.507,0.949
INPP5D,PIK3R2,9606.ENSP00000405338,9606.ENSP00000222254,0,0,0,0,0.047,0,0.9,0.234,0.92
INPP5D,PIK3R3,9606.ENSP00000405338,9606.ENSP00000262741,0,0,0,0,0,0,0.9,0.161,0.912
INPP5D,PIK3CA,9606.ENSP00000405338,9606.ENSP00000263967,0,0,0,0,0.105,0,0.9,0.252,0.927
INPP5D,PIK3C2A,9606.ENSP00000405338,9606.ENSP00000265970,0,0,0,0,0.042,0,0.9,0.165,0.913
INPP5D,INPPL1,9606.ENSP00000405338,9606.ENSP00000298229,0,0,0.073,0.884,0.049,0.164,0.9,0.151,0.926
INPP5D,PIK3C2B,9606.ENSP00000405338,9606.ENSP00000356155,0,0,0,0,0.048,0,0.9,0.173,0.914
INPP5D,PTEN,9606.ENSP00000405338,9606.ENSP00000361021,0,0,0,0,0.074,0,0.9,0.542,0.953
INPP5D,PIK3CD,9606.ENSP00000405338,9606.ENSP00000366563,0,0,0,0,0.208,0,0.9,0.361,0.945
INPP5D,PIK3C2G,9606.ENSP00000405338,9606.ENSP00000445381,0,0,0,0,0,0,0.9,0.177,0.914
INPP5D,PIK3CB,9606.ENSP00000405338,9606.ENSP00000501150,0,0,0,0,0.105,0,0.9,0.272,0.929
INPP5D,PIK3CG,9606.ENSP00000405338,9606.ENSP00000419260,0,0,0,0,0.195,0,0.9,0.296,0.938
INPP5D,PIK3R1,9606.ENSP00000405338,9606.ENSP00000428056,0,0,0,0,0.049,0.51,0.9,0.346,0.965
INPP5E,PI4KA,9606.ENSP00000360777,9606.ENSP00000255882,0,0,0,0,0.06,0,0.65,0.322,0.757
INPP5E,PIP5K1B,9606.ENSP00000360777,9606.ENSP00000265382,0,0,0,0,0,0,0.9,0.472,0.944
INPP5E,PIK3C2A,9606.ENSP00000360777,9606.ENSP00000265970,0,0,0,0,0,0,0.9,0.178,0.914
INPP5E,PIP4K2C,9606.ENSP00000360777,9606.ENSP00000347032,0,0,0,0,0.049,0,0.9,0.281,0.925
INPP5E,SYNJ2,9606.ENSP00000360777,9606.ENSP00000347792,0,0,0,0.628,0.049,0.067,0.9,0.297,0.929
INPP5E,PIK3C2B,9606.ENSP00000360777,9606.ENSP00000356155,0,0,0,0,0.074,0,0.9,0.128,0.912
INPP5E,PI4KB,9606.ENSP00000360777,9606.ENSP00000357869,0,0,0,0,0.074,0,0.65,0.295,0.751
INPP5E,PIP5K1A,9606.ENSP00000360777,9606.ENSP00000357883,0,0,0,0,0.067,0,0.9,0.207,0.919
INPP5E,PI4K2A,9606.ENSP00000360777,9606.ENSP00000359665,0,0,0,0,0.085,0,0.65,0.223,0.729
INPP5E,OCRL,9606.ENSP00000360777,9606.ENSP00000360154,0,0,0,0.599,0.049,0,0.9,0.387,0.936
INPP5E,PIK3C2G,9606.ENSP00000360777,9606.ENSP00000445381,0,0,0,0,0,0,0.9,0.072,0.903
INPP5E,INPP5F,9606.ENSP00000360777,9606.ENSP00000497527,0,0.054,0,0,0,0,0.9,0.088,0.906
INPP5E,PIP4K2B,9606.ENSP00000360777,9606.ENSP00000482548,0,0,0,0,0,0,0.9,0.156,0.912
INPP5E,PIP4P1,9606.ENSP00000360777,9606.ENSP00000381102,0,0,0,0,0.047,0,0.9,0.216,0.918
INPP5E,SYNJ1,9606.ENSP00000360777,9606.ENSP00000409667,0,0,0,0.625,0,0.067,0.9,0.214,0.92
INPP5E,PTEN,9606.ENSP00000360777,9606.ENSP00000361021,0,0,0,0,0.061,0,0.9,0.237,0.922
INPP5E,PIP4K2A,9606.ENSP00000360777,9606.ENSP00000365757,0,0,0,0,0,0,0.9,0.308,0.927
INPP5E,PIP5K1C,9606.ENSP00000360777,9606.ENSP00000466363,0,0,0,0,0.138,0,0.9,0.35,0.939
INPP5F,MTMR7,9606.ENSP00000497527,9606.ENSP00000180173,0,0,0,0,0.062,0,0.9,0.112,0.909
INPP5F,PIK3R2,9606.ENSP00000497527,9606.ENSP00000222254,0,0,0,0,0,0,0.9,0.045,0.9
INPP5F,PI4KA,9606.ENSP00000497527,9606.ENSP00000255882,0,0,0,0,0.049,0,0.9,0.153,0.912
INPP5F,PIK3C3,9606.ENSP00000497527,9606.ENSP00000262039,0,0,0,0,0.049,0,0.9,0.159,0.913
INPP5F,PIK3R3,9606.ENSP00000497527,9606.ENSP00000262741,0,0,0,0,0,0,0.9,0.048,0.9
INPP5F,PIKFYVE,9606.ENSP00000497527,9606.ENSP00000264380,0,0,0,0,0.067,0,0.9,0.165,0.915
INPP5F,PI4K2B,9606.ENSP00000497527,9606.ENSP00000264864,0,0,0,0,0,0,0.9,0.125,0.908
INPP5F,PIP5K1B,9606.ENSP00000497527,9606.ENSP00000265382,0,0,0,0,0.048,0,0.9,0.072,0.903
INPP5F,PIK3C2A,9606.ENSP00000497527,9606.ENSP00000265970,0,0,0,0,0.049,0,0.9,0.073,0.904
INPP5F,MTMR14,9606.ENSP00000497527,9606.ENSP00000296003,0,0,0,0,0,0,0.9,0.109,0.907
INPP5F,MTMR4,9606.ENSP00000497527,9606.ENSP00000325285,0,0,0,0,0,0,0.9,0.179,0.914
INPP5F,MTMR2,9606.ENSP00000497527,9606.ENSP00000345752,0,0,0,0,0.056,0,0.9,0.186,0.916
INPP5F,SYNJ2,9606.ENSP00000497527,9606.ENSP00000347792,0,0,0,0.585,0,0,0.9,0.178,0.914
INPP5F,PIK3C2B,9606.ENSP00000497527,9606.ENSP00000356155,0,0,0,0,0.053,0,0.9,0.126,0.91
INPP5F,PI4KB,9606.ENSP00000497527,9606.ENSP00000357869,0,0,0,0,0,0,0.9,0.066,0.902
INPP5F,PIP5K1A,9606.ENSP00000497527,9606.ENSP00000357883,0,0,0,0,0,0,0.9,0.165,0.913
INPP5F,MTM1,9606.ENSP00000497527,9606.ENSP00000359423,0,0,0,0,0,0,0.9,0.091,0.905
INPP5F,PI4K2A,9606.ENSP00000497527,9606.ENSP00000359665,0,0,0,0,0.061,0,0.9,0.22,0.92
INPP5F,OCRL,9606.ENSP00000497527,9606.ENSP00000360154,0,0.065,0,0,0,0,0.9,0.284,0.927
INPP5F,PTEN,9606.ENSP00000497527,9606.ENSP00000361021,0,0,0,0,0.074,0,0.9,0.125,0.911
INPP5F,MTMR6,9606.ENSP00000497527,9606.ENSP00000371221,0,0,0,0,0,0,0.9,0.165,0.912
INPP5F,MTMR3,9606.ENSP00000497527,9606.ENSP00000384651,0,0,0,0,0,0,0.9,0.101,0.906
INPP5F,SYNJ1,9606.ENSP00000497527,9606.ENSP00000409667,0,0,0,0.592,0.045,0,0.9,0.201,0.917
INPP5F,MTMR1,9606.ENSP00000497527,9606.ENSP00000414178,0,0,0,0,0.042,0,0.9,0.078,0.904
INPP5F,PIK3R1,9606.ENSP00000497527,9606.ENSP00000428056,0,0,0,0,0,0,0.9,0.045,0.9
INPP5F,PIK3C2G,9606.ENSP00000497527,9606.ENSP00000445381,0,0,0,0,0,0,0.9,0,0.9
INPP5F,PIP5K1C,9606.ENSP00000497527,9606.ENSP00000466363,0,0,0,0,0,0,0.9,0.072,0.903
INPP5J,INPP5K,9606.ENSP00000333262,9606.ENSP00000413937,0,0,0,0.92,0.042,0,0.9,0.113,0.907
INPPL1,PIK3R2,9606.ENSP00000298229,9606.ENSP00000222254,0,0,0,0,0.097,0.342,0.9,0.328,0.954
INPPL1,PIK3R3,9606.ENSP00000298229,9606.ENSP00000262741,0,0,0,0,0,0,0.9,0.266,0.923
INPPL1,PIK3CA,9606.ENSP00000298229,9606.ENSP00000263967,0,0,0,0,0.081,0,0.9,0.327,0.932
INPPL1,PIK3C2A,9606.ENSP00000298229,9606.ENSP00000265970,0,0,0,0,0.049,0,0.9,0.374,0.935
INPPL1,PIK3C2G,9606.ENSP00000298229,9606.ENSP00000445381,0,0,0,0,0,0,0.9,0.293,0.926
INPPL1,PIK3CG,9606.ENSP00000298229,9606.ENSP00000419260,0,0,0,0,0.063,0,0.9,0.302,0.928
INPPL1,PIK3CD,9606.ENSP00000298229,9606.ENSP00000366563,0,0,0,0,0.111,0,0.9,0.358,0.937
INPPL1,PIK3C2B,9606.ENSP00000298229,9606.ENSP00000356155,0,0,0,0,0.047,0,0.9,0.569,0.955
INPPL1,PTEN,9606.ENSP00000298229,9606.ENSP00000361021,0,0,0,0,0.061,0,0.9,0.61,0.96
INPPL1,PIK3CB,9606.ENSP00000298229,9606.ENSP00000501150,0,0,0,0,0.088,0,0.9,0.637,0.964
INPPL1,PIK3R1,9606.ENSP00000298229,9606.ENSP00000428056,0,0,0,0,0.042,0.616,0.9,0.327,0.971
INSIG1,INSIG2,9606.ENSP00000344741,9606.ENSP00000245787,0,0,0.054,0.973,0.05,0.292,0.9,0.414,0.955
INSIG1,SCAP,9606.ENSP00000344741,9606.ENSP00000265565,0,0,0,0,0.061,0.884,0.5,0.997,0.999
INSIG1,SQLE,9606.ENSP00000344741,9606.ENSP00000265896,0,0,0,0,0.4,0,0,0.637,0.773
INSIG1,NSDHL,9606.ENSP00000344741,9606.ENSP00000359297,0,0,0,0,0.329,0,0,0.64,0.748
INSIG1,SREBF1,9606.ENSP00000344741,9606.ENSP00000348069,0,0,0,0,0.139,0.292,0.5,0.911,0.969
INSIG1,SREBF2,9606.ENSP00000344741,9606.ENSP00000354476,0,0,0,0,0.166,0.51,0.9,0.951,0.997
INSIG2,SREBF1,9606.ENSP00000245787,9606.ENSP00000348069,0,0,0,0,0.055,0.292,0.5,0.877,0.953
INSIG2,SREBF2,9606.ENSP00000245787,9606.ENSP00000354476,0,0,0,0,0.063,0,0.9,0.864,0.986
INSIG2,SCAP,9606.ENSP00000245787,9606.ENSP00000265565,0,0,0,0,0.061,0.979,0.5,0.992,0.999
KDSR,SPTLC2,9606.ENSP00000494352,9606.ENSP00000216484,0,0,0,0,0.049,0,0.952,0.795,0.99
KDSR,SGPP1,9606.ENSP00000494352,9606.ENSP00000247225,0,0,0,0,0,0.072,0.9,0.429,0.942
KDSR,SPTLC1,9606.ENSP00000494352,9606.ENSP00000262554,0,0,0,0,0.054,0,0.979,0.817,0.996
KDSR,SPHK1,9606.ENSP00000494352,9606.ENSP00000313681,0,0,0,0,0,0,0.918,0.571,0.963
KDSR,SGPP2,9606.ENSP00000494352,9606.ENSP00000315137,0,0,0,0,0.042,0.072,0.9,0.306,0.93
KDSR,SPTLC3,9606.ENSP00000494352,9606.ENSP00000381968,0,0,0,0,0,0,0.952,0.789,0.989
KDSR,SPHK2,9606.ENSP00000494352,9606.ENSP00000469158,0,0,0,0,0,0,0.918,0.571,0.963
KPNB1,SREBF1,9606.ENSP00000290158,9606.ENSP00000348069,0,0,0,0,0,0.436,0.7,0,0.823
KPNB1,LBR,9606.ENSP00000290158,9606.ENSP00000339883,0,0,0,0,0.068,0.292,0.9,0.193,0.939
KPNB1,SREBF2,9606.ENSP00000290158,9606.ENSP00000354476,0,0,0,0,0,0.822,0.7,0.358,0.962
KPNB1,RAN,9606.ENSP00000290158,9606.ENSP00000446215,0,0,0,0,0.445,0.997,0.7,0.691,0.999
LBR,SQLE,9606.ENSP00000339883,9606.ENSP00000265896,0,0,0,0,0.199,0.782,0,0.53,0.91
LBR,TM7SF2,9606.ENSP00000339883,9606.ENSP00000279263,0,0,0.06,0.96,0,0,0.9,0.081,0.906
LBR,NSDHL,9606.ENSP00000339883,9606.ENSP00000359297,0,0,0,0,0.139,0.45,0,0.452,0.718
LCAT,PON1,9606.ENSP00000264005,9606.ENSP00000222381,0,0,0,0,0.099,0,0.72,0.874,0.965
LCAT,PEMT,9606.ENSP00000264005,9606.ENSP00000255389,0,0,0,0,0.191,0.126,0.9,0.343,0.947
LCAT,SCARB1,9606.ENSP00000264005,9606.ENSP00000261693,0,0,0,0,0,0,0,0.794,0.794
LCAT,PLD2,9606.ENSP00000264005,9606.ENSP00000263088,0,0,0,0,0.049,0,0.9,0.251,0.922
LCAT,SOAT2,9606.ENSP00000264005,9606.ENSP00000301466,0,0,0,0,0,0.296,0,0.607,0.712
LCAT,LIPC,9606.ENSP00000264005,9606.ENSP00000299022,0,0,0,0,0.042,0,0.54,0.778,0.893
LCAT,LPL,9606.ENSP00000264005,9606.ENSP00000497642,0,0,0,0,0,0,0.54,0.777,0.893
LCAT,LPA,9606.ENSP00000264005,9606.ENSP00000321334,0,0,0,0,0.13,0,0.72,0.61,0.896
LCAT,PLD4,9606.ENSP00000264005,9606.ENSP00000438677,0,0,0,0,0.086,0,0.9,0.072,0.907
LCAT,PLD3,9606.ENSP00000264005,9606.ENSP00000387050,0,0,0,0,0.086,0,0.9,0.131,0.913
LCAT,PLAAT3,9606.ENSP00000264005,9606.ENSP00000320337,0,0,0,0,0.055,0,0.9,0.169,0.914
LCAT,PTDSS1,9606.ENSP00000264005,9606.ENSP00000430548,0,0,0,0,0,0,0.9,0.22,0.918
LCAT,PNPLA6,9606.ENSP00000264005,9606.ENSP00000407509,0,0,0,0,0.059,0,0.9,0.219,0.92
LCAT,PLD1,9606.ENSP00000264005,9606.ENSP00000342793,0,0,0,0,0,0,0.9,0.251,0.921
LCAT,PLB1,9606.ENSP00000264005,9606.ENSP00000330442,0,0,0,0,0,0,0.9,0.245,0.921
LCAT,PNPLA7,9606.ENSP00000264005,9606.ENSP00000384610,0,0,0,0,0.067,0,0.9,0.323,0.931
LCAT,PLTP,9606.ENSP00000264005,9606.ENSP00000417138,0,0,0,0,0.055,0,0.72,0.828,0.95
LCLAT1,MBOAT7,9606.ENSP00000310551,9606.ENSP00000245615,0,0,0,0,0.042,0,0.9,0.424,0.94
LCLAT1,LPIN2,9606.ENSP00000310551,9606.ENSP00000261596,0,0,0,0,0,0,0.65,0.192,0.705
LCLAT1,LPCAT2,9606.ENSP00000310551,9606.ENSP00000262134,0,0,0,0,0,0.141,0.9,0.438,0.947
LCLAT1,PLD2,9606.ENSP00000310551,9606.ENSP00000263088,0.052,0,0,0,0.054,0,0.65,0.163,0.702
LCLAT1,LPCAT1,9606.ENSP00000310551,9606.ENSP00000283415,0,0,0,0,0.042,0,0.9,0.454,0.943
LCLAT1,MBOAT2,9606.ENSP00000310551,9606.ENSP00000302177,0,0,0,0,0.105,0.169,0.9,0.426,0.951
LCLAT1,PLD1,9606.ENSP00000310551,9606.ENSP00000342793,0.052,0,0,0,0.061,0,0.65,0.167,0.706
LCLAT1,LPIN1,9606.ENSP00000310551,9606.ENSP00000397908,0,0,0,0,0.06,0,0.65,0.262,0.736
LCLAT1,LPGAT1,9606.ENSP00000310551,9606.ENSP00000355964,0,0,0,0.586,0.064,0,0.9,0.244,0.923
LCLAT1,MBOAT1,9606.ENSP00000310551,9606.ENSP00000324944,0.054,0,0,0,0,0,0.9,0.386,0.936
LCLAT1,LPCAT4,9606.ENSP00000310551,9606.ENSP00000317300,0,0,0,0,0.063,0,0.9,0.659,0.965
LCLAT1,TAZ,9606.ENSP00000310551,9606.ENSP00000469981,0,0,0,0,0.086,0,0.9,0.758,0.975
LDLR,PCSK9,9606.ENSP00000454071,9606.ENSP00000303208,0,0,0,0,0.098,0.982,0.9,0.59,0.999
LDLR,MYLIP,9606.ENSP00000454071,9606.ENSP00000349298,0,0,0,0,0.047,0.788,0.9,0.075,0.978
LDLR,LDLRAP1,9606.ENSP00000454071,9606.ENSP00000363458,0,0,0,0,0,0.822,0.9,0.664,0.993
LDLRAP1,PCSK9,9606.ENSP00000363458,9606.ENSP00000303208,0,0,0,0,0,0,0,0.808,0.808
LIPA,STS,9606.ENSP00000337354,9606.ENSP00000217961,0,0,0,0,0.058,0,0.8,0.057,0.807
LIPA,LIPC,9606.ENSP00000337354,9606.ENSP00000299022,0,0,0,0,0.057,0,0,0.711,0.716
LIPA,NPC2,9606.ENSP00000337354,9606.ENSP00000451206,0,0,0,0,0.213,0,0,0.645,0.709
LIPA,PNLIP,9606.ENSP00000337354,9606.ENSP00000358223,0,0,0,0,0.057,0,0,0.905,0.907
LIPC,MOGAT2,9606.ENSP00000299022,9606.ENSP00000198801,0,0,0,0,0,0,0.65,0.182,0.701
LIPC,PNPLA3,9606.ENSP00000299022,9606.ENSP00000216180,0,0,0,0,0.065,0,0.9,0.57,0.956
LIPC,PON1,9606.ENSP00000299022,9606.ENSP00000222381,0,0,0,0,0.1,0,0.54,0.541,0.793
LIPC,LIPG,9606.ENSP00000299022,9606.ENSP00000261292,0,0,0.06,0.909,0,0,0.9,0.121,0.91
LIPC,LPIN2,9606.ENSP00000299022,9606.ENSP00000261596,0,0,0,0,0.063,0.046,0.65,0.231,0.727
LIPC,LMF1,9606.ENSP00000299022,9606.ENSP00000262301,0,0,0,0,0,0.303,0.7,0.903,0.977
LIPC,MGLL,9606.ENSP00000299022,9606.ENSP00000265052,0,0,0,0,0.042,0,0.9,0.369,0.934
LIPC,MOGAT1,9606.ENSP00000299022,9606.ENSP00000406674,0,0,0,0,0,0,0.65,0.267,0.732
LIPC,LMF2,9606.ENSP00000299022,9606.ENSP00000424381,0,0,0,0,0,0.057,0.7,0.139,0.735
LIPC,LPIN1,9606.ENSP00000299022,9606.ENSP00000397908,0,0,0,0,0.063,0.046,0.65,0.302,0.752
LIPC,VLDLR,9606.ENSP00000299022,9606.ENSP00000371532,0,0,0,0,0,0,0.54,0.671,0.842
LIPC,LPA,9606.ENSP00000299022,9606.ENSP00000321334,0,0,0,0,0.372,0.045,0.54,0.593,0.872
LIPC,PNLIPRP3,9606.ENSP00000299022,9606.ENSP00000358232,0,0,0,0.75,0,0,0.9,0.067,0.902
LIPC,PNLIPRP1,9606.ENSP00000299022,9606.ENSP00000433933,0,0,0,0.74,0,0,0.9,0.239,0.92
LIPC,PLTP,9606.ENSP00000299022,9606.ENSP00000417138,0,0,0,0,0,0,0.54,0.853,0.929
LIPC,PNLIP,9606.ENSP00000299022,9606.ENSP00000358223,0,0,0,0.746,0.042,0.198,0.9,0.257,0.935
LIPC,PNPLA2,9606.ENSP00000299022,9606.ENSP00000337701,0,0,0,0,0,0,0.9,0.58,0.956
LIPC,LPL,9606.ENSP00000299022,9606.ENSP00000497642,0,0,0.061,0.914,0,0,0.9,0.588,0.957
LIPC,LIPF,9606.ENSP00000299022,9606.ENSP00000377900,0,0,0,0,0.057,0,0.9,0.809,0.98
LIPE,PNPLA3,9606.ENSP00000244289,9606.ENSP00000216180,0,0,0,0,0.102,0.079,0,0.869,0.883
LIPE,PLIN3,9606.ENSP00000244289,9606.ENSP00000221957,0,0,0,0,0,0.314,0,0.711,0.793
LIPE,PPARGC1A,9606.ENSP00000244289,9606.ENSP00000264867,0,0,0,0,0,0,0,0.701,0.701
LIPE,SREBF1,9606.ENSP00000244289,9606.ENSP00000348069,0,0,0,0,0.053,0.086,0,0.755,0.769
LIPE,SLC27A1,9606.ENSP00000244289,9606.ENSP00000252595,0.046,0,0,0,0.122,0.137,0,0.748,0.794
LIPE,PNPLA4,9606.ENSP00000244289,9606.ENSP00000370430,0,0,0,0,0.101,0.075,0,0.782,0.803
LIPE,PPARA,9606.ENSP00000244289,9606.ENSP00000385523,0,0,0,0,0.068,0.05,0,0.799,0.807
LIPE,PPARG,9606.ENSP00000244289,9606.ENSP00000287820,0,0,0,0,0.125,0.05,0,0.842,0.857
LIPE,PLIN2,9606.ENSP00000244289,9606.ENSP00000276914,0,0,0,0,0,0.343,0,0.824,0.88
LIPE,LPL,9606.ENSP00000244289,9606.ENSP00000497642,0,0,0,0,0.08,0,0,0.899,0.903
LIPE,PRKAB2,9606.ENSP00000244289,9606.ENSP00000254101,0,0,0,0,0,0.066,0.9,0.13,0.911
LIPE,PRKAG2,9606.ENSP00000244289,9606.ENSP00000287878,0,0,0,0,0.062,0,0.9,0.228,0.921
LIPE,PRKAA2,9606.ENSP00000244289,9606.ENSP00000360290,0,0,0,0,0,0.045,0.9,0.296,0.926
LIPE,MGLL,9606.ENSP00000244289,9606.ENSP00000265052,0.068,0,0,0,0.048,0,0,0.925,0.927
LIPE,PNPLA2,9606.ENSP00000244289,9606.ENSP00000337701,0,0,0,0,0.125,0.064,0,0.968,0.971
LIPE,PRKACA,9606.ENSP00000244289,9606.ENSP00000309591,0,0,0,0,0.043,0,0.9,0.898,0.989
LIPE,PRKACG,9606.ENSP00000244289,9606.ENSP00000366488,0,0,0,0,0,0,0.9,0.898,0.989
LIPE,PRKACB,9606.ENSP00000244289,9606.ENSP00000359719,0,0,0,0,0,0,0.9,0.897,0.989
LIPE,PLIN1,9606.ENSP00000244289,9606.ENSP00000300055,0,0,0,0,0.31,0.586,0.5,0.995,0.999
LIPF,PNPLA3,9606.ENSP00000377900,9606.ENSP00000216180,0,0,0,0,0,0.101,0.9,0.21,0.922
LIPF,LIPG,9606.ENSP00000377900,9606.ENSP00000261292,0,0,0,0,0.057,0,0.9,0.477,0.946
LIPF,MGLL,9606.ENSP00000377900,9606.ENSP00000265052,0.051,0,0,0,0,0,0.907,0.231,0.926
LIPF,PNPLA2,9606.ENSP00000377900,9606.ENSP00000337701,0,0,0,0,0,0.101,0.9,0.231,0.924
LIPF,PNLIP,9606.ENSP00000377900,9606.ENSP00000358223,0,0,0,0,0.124,0,0.9,0.981,0.998
LIPF,PNLIPRP3,9606.ENSP00000377900,9606.ENSP00000358232,0,0,0,0,0.057,0,0.9,0.434,0.941
LIPF,LPL,9606.ENSP00000377900,9606.ENSP00000497642,0,0,0,0,0,0,0.9,0.727,0.971
LIPF,PNLIPRP1,9606.ENSP00000377900,9606.ENSP00000433933,0,0,0,0,0.087,0,0.9,0.919,0.992
LIPG,PNPLA3,9606.ENSP00000261292,9606.ENSP00000216180,0,0,0,0,0.072,0,0.9,0.251,0.924
LIPG,LPIN2,9606.ENSP00000261292,9606.ENSP00000261596,0,0,0,0,0.063,0.046,0.65,0.187,0.712
LIPG,MOGAT1,9606.ENSP00000261292,9606.ENSP00000406674,0,0,0,0,0.042,0,0.65,0.25,0.726
LIPG,LPIN1,9606.ENSP00000261292,9606.ENSP00000397908,0,0,0,0,0.076,0.046,0.65,0.283,0.749
LIPG,PNLIPRP1,9606.ENSP00000261292,9606.ENSP00000433933,0,0,0,0.744,0,0,0.9,0.09,0.905
LIPG,LPL,9606.ENSP00000261292,9606.ENSP00000497642,0,0,0.06,0.93,0,0,0.9,0.099,0.907
LIPG,PNLIPRP3,9606.ENSP00000261292,9606.ENSP00000358232,0,0,0,0.729,0.056,0,0.9,0.108,0.908
LIPG,PNLIP,9606.ENSP00000261292,9606.ENSP00000358223,0,0,0,0.752,0,0,0.9,0.246,0.921
LIPG,MGLL,9606.ENSP00000261292,9606.ENSP00000265052,0,0,0,0,0,0,0.9,0.294,0.926
LIPG,PNPLA2,9606.ENSP00000261292,9606.ENSP00000337701,0,0,0,0,0,0,0.9,0.31,0.928
LIPN,PCSK5,9606.ENSP00000383923,9606.ENSP00000446280,0.042,0,0,0,0.055,0,0,0.89,0.892
LMF1,LPL,9606.ENSP00000262301,9606.ENSP00000497642,0,0,0,0,0,0.292,0,0.916,0.937
LPA,PON1,9606.ENSP00000321334,9606.ENSP00000222381,0,0,0,0,0.172,0,0.72,0.507,0.875
LPA,PCSK9,9606.ENSP00000321334,9606.ENSP00000303208,0,0,0,0,0.084,0,0,0.697,0.71
LPA,MTTP,9606.ENSP00000321334,9606.ENSP00000427679,0,0,0,0,0.145,0,0,0.727,0.756
LPA,LPL,9606.ENSP00000321334,9606.ENSP00000497642,0,0,0,0,0,0,0.54,0.571,0.794
LPA,PLTP,9606.ENSP00000321334,9606.ENSP00000417138,0,0,0,0,0,0,0.72,0.507,0.856
LPCAT1,PLA2G3,9606.ENSP00000283415,9606.ENSP00000215885,0,0,0,0,0,0,0.65,0.213,0.712
LPCAT1,PLA2G12A,9606.ENSP00000283415,9606.ENSP00000243501,0,0,0,0,0,0,0.65,0.21,0.711
LPCAT1,PEMT,9606.ENSP00000283415,9606.ENSP00000255389,0,0,0,0,0,0,0.9,0.326,0.929
LPCAT1,LPCAT3,9606.ENSP00000283415,9606.ENSP00000261407,0,0,0,0,0.042,0,0.9,0.74,0.972
LPCAT1,LPCAT2,9606.ENSP00000283415,9606.ENSP00000262134,0,0,0.077,0.919,0,0,0.9,0.107,0.91
LPCAT1,PLD2,9606.ENSP00000283415,9606.ENSP00000263088,0.052,0,0,0,0.079,0,0.9,0.213,0.922
LPCAT1,PLA2G2E,9606.ENSP00000283415,9606.ENSP00000364257,0,0,0,0,0,0,0.65,0.201,0.708
LPCAT1,PNPLA6,9606.ENSP00000283415,9606.ENSP00000407509,0.042,0,0,0,0.073,0,0.65,0.186,0.713
LPCAT1,PLA2G2F,9606.ENSP00000283415,9606.ENSP00000364243,0,0,0,0,0,0,0.65,0.246,0.725
LPCAT1,PNPLA7,9606.ENSP00000283415,9606.ENSP00000384610,0.042,0,0,0,0,0,0.65,0.251,0.727
LPCAT1,PLA2G6,9606.ENSP00000283415,9606.ENSP00000333142,0,0,0,0,0,0,0.65,0.255,0.728
LPCAT1,PLA2G4C,9606.ENSP00000283415,9606.ENSP00000472546,0,0,0,0,0,0,0.65,0.257,0.729
LPCAT1,PLA2G1B,9606.ENSP00000283415,9606.ENSP00000312286,0,0,0,0,0,0,0.65,0.265,0.731
LPCAT1,PLB1,9606.ENSP00000283415,9606.ENSP00000330442,0,0,0,0,0,0.053,0.65,0.282,0.741
LPCAT1,PLA2G10,9606.ENSP00000283415,9606.ENSP00000393847,0,0,0,0,0,0,0.65,0.293,0.742
LPCAT1,PLA2G4A,9606.ENSP00000283415,9606.ENSP00000356436,0,0,0,0,0,0,0.65,0.377,0.772
LPCAT1,PLA2G2A,9606.ENSP00000283415,9606.ENSP00000383364,0,0,0,0,0,0,0.65,0.377,0.772
LPCAT1,PLD4,9606.ENSP00000283415,9606.ENSP00000438677,0,0,0,0,0,0,0.9,0,0.9
LPCAT1,PLD3,9606.ENSP00000283415,9606.ENSP00000387050,0,0,0,0,0.044,0,0.9,0.15,0.911
LPCAT1,STARD10,9606.ENSP00000283415,9606.ENSP00000335247,0,0,0,0,0.049,0,0.9,0.156,0.912
LPCAT1,PTDSS1,9606.ENSP00000283415,9606.ENSP00000430548,0,0,0,0,0.054,0,0.9,0.176,0.915
LPCAT1,PLAAT3,9606.ENSP00000283415,9606.ENSP00000320337,0.042,0,0,0,0.05,0.046,0.9,0.219,0.919
LPCAT1,LPCAT4,9606.ENSP00000283415,9606.ENSP00000317300,0,0,0.098,0.854,0.042,0,0.9,0.203,0.922
LPCAT1,PLD1,9606.ENSP00000283415,9606.ENSP00000342793,0.052,0,0,0,0.054,0,0.9,0.292,0.928
LPCAT1,LPGAT1,9606.ENSP00000283415,9606.ENSP00000355964,0,0,0,0,0.06,0,0.9,0.433,0.942
LPCAT2,PLA2G3,9606.ENSP00000262134,9606.ENSP00000215885,0,0,0,0,0,0,0.65,0.249,0.725
LPCAT2,PLA2G12A,9606.ENSP00000262134,9606.ENSP00000243501,0,0,0,0,0,0,0.65,0.247,0.725
LPCAT2,PEMT,9606.ENSP00000262134,9606.ENSP00000255389,0,0,0,0,0,0,0.9,0.322,0.929
LPCAT2,LPCAT3,9606.ENSP00000262134,9606.ENSP00000261407,0,0,0,0,0,0,0.9,0.715,0.97
LPCAT2,PLA2G4E,9606.ENSP00000262134,9606.ENSP00000382434,0,0,0,0,0,0,0.65,0.191,0.704
LPCAT2,PLA2G10,9606.ENSP00000262134,9606.ENSP00000393847,0,0,0,0,0,0,0.65,0.205,0.71
LPCAT2,PNPLA7,9606.ENSP00000262134,9606.ENSP00000384610,0.042,0,0,0,0,0,0.65,0.213,0.713
LPCAT2,PLA2G1B,9606.ENSP00000262134,9606.ENSP00000312286,0,0,0,0,0,0,0.65,0.216,0.714
LPCAT2,PLA2G2D,9606.ENSP00000262134,9606.ENSP00000364246,0,0,0,0,0,0,0.65,0.302,0.745
LPCAT2,PLA2G6,9606.ENSP00000262134,9606.ENSP00000333142,0,0,0,0,0,0,0.65,0.349,0.762
LPCAT2,PLA2G2A,9606.ENSP00000262134,9606.ENSP00000383364,0,0,0,0,0,0,0.65,0.368,0.769
LPCAT2,PLA2G4A,9606.ENSP00000262134,9606.ENSP00000356436,0,0,0,0,0.072,0,0.65,0.406,0.79
LPCAT2,PLD4,9606.ENSP00000262134,9606.ENSP00000438677,0,0,0,0,0,0,0.9,0,0.9
LPCAT2,PLD3,9606.ENSP00000262134,9606.ENSP00000387050,0,0,0,0,0,0,0.9,0.074,0.903
LPCAT2,PTDSS1,9606.ENSP00000262134,9606.ENSP00000430548,0,0,0,0,0.054,0,0.9,0.16,0.913
LPCAT2,PLD2,9606.ENSP00000262134,9606.ENSP00000263088,0.052,0,0,0,0.054,0,0.9,0.174,0.916
LPCAT2,PLAAT3,9606.ENSP00000262134,9606.ENSP00000320337,0.042,0,0,0,0,0.046,0.9,0.199,0.917
LPCAT2,PLD1,9606.ENSP00000262134,9606.ENSP00000342793,0.052,0,0,0,0.073,0,0.9,0.246,0.925
LPCAT2,LPGAT1,9606.ENSP00000262134,9606.ENSP00000355964,0,0,0,0,0.06,0,0.9,0.388,0.937
LPCAT2,LPCAT4,9606.ENSP00000262134,9606.ENSP00000317300,0,0,0.089,0.894,0,0,0.9,0.387,0.939
LPCAT3,PEMT,9606.ENSP00000261407,9606.ENSP00000255389,0,0,0,0,0.042,0,0.9,0.328,0.93
LPCAT3,SELENOI,9606.ENSP00000261407,9606.ENSP00000260585,0,0,0,0,0.082,0,0.9,0.364,0.936
LPCAT3,PLD2,9606.ENSP00000261407,9606.ENSP00000263088,0,0,0,0,0.056,0,0.9,0.091,0.906
LPCAT3,PNPLA7,9606.ENSP00000261407,9606.ENSP00000384610,0,0,0,0,0,0,0.9,0.116,0.907
LPCAT3,PLD4,9606.ENSP00000261407,9606.ENSP00000438677,0,0,0,0,0,0,0.9,0.144,0.91
LPCAT3,PNPLA6,9606.ENSP00000261407,9606.ENSP00000407509,0,0,0,0,0.082,0,0.9,0.118,0.911
LPCAT3,PLD1,9606.ENSP00000261407,9606.ENSP00000342793,0,0,0,0,0.049,0,0.9,0.159,0.913
LPCAT3,PTDSS2,9606.ENSP00000261407,9606.ENSP00000308258,0,0,0,0,0.049,0,0.9,0.159,0.913
LPCAT3,PLAAT3,9606.ENSP00000261407,9606.ENSP00000320337,0,0,0,0,0.042,0,0.9,0.177,0.914
LPCAT3,PLD3,9606.ENSP00000261407,9606.ENSP00000387050,0,0,0,0,0.049,0,0.9,0.168,0.914
LPCAT3,PTDSS1,9606.ENSP00000261407,9606.ENSP00000430548,0,0,0,0,0,0.091,0.9,0.147,0.915
LPCAT3,PLA1A,9606.ENSP00000261407,9606.ENSP00000273371,0,0,0,0,0,0,0.9,0.201,0.916
LPCAT3,MBOAT1,9606.ENSP00000261407,9606.ENSP00000324944,0,0,0,0.616,0.049,0,0.9,0.215,0.918
LPCAT3,PISD,9606.ENSP00000261407,9606.ENSP00000391739,0,0,0,0,0.082,0,0.9,0.18,0.918
LPCAT3,PLB1,9606.ENSP00000261407,9606.ENSP00000330442,0,0,0,0,0,0,0.9,0.251,0.921
LPCAT3,MBOAT2,9606.ENSP00000261407,9606.ENSP00000302177,0,0,0,0.635,0,0,0.9,0.332,0.93
LPCAT3,LPCAT4,9606.ENSP00000261407,9606.ENSP00000317300,0,0,0,0,0.042,0,0.9,0.648,0.963
LPCAT4,PEMT,9606.ENSP00000317300,9606.ENSP00000255389,0,0,0,0,0,0,0.9,0.274,0.924
LPCAT4,SELENOI,9606.ENSP00000317300,9606.ENSP00000260585,0,0,0,0,0,0,0.9,0.304,0.927
LPCAT4,PLD2,9606.ENSP00000317300,9606.ENSP00000263088,0.052,0,0,0,0.077,0,0.9,0.152,0.916
LPCAT4,PLA1A,9606.ENSP00000317300,9606.ENSP00000273371,0,0,0,0,0,0.045,0.9,0.153,0.912
LPCAT4,MBOAT2,9606.ENSP00000317300,9606.ENSP00000302177,0,0,0,0,0.086,0.169,0.9,0.629,0.968
LPCAT4,PTDSS2,9606.ENSP00000317300,9606.ENSP00000308258,0,0,0,0,0.055,0,0.9,0.139,0.911
LPCAT4,PLA2G10,9606.ENSP00000317300,9606.ENSP00000393847,0,0,0,0,0.047,0,0.65,0.269,0.735
LPCAT4,PLA2G4A,9606.ENSP00000317300,9606.ENSP00000356436,0,0,0,0,0.043,0,0.65,0.298,0.744
LPCAT4,PLA2G6,9606.ENSP00000317300,9606.ENSP00000333142,0,0,0,0,0.049,0,0.65,0.319,0.753
LPCAT4,PLA2G2A,9606.ENSP00000317300,9606.ENSP00000383364,0,0,0,0,0,0,0.65,0.342,0.76
LPCAT4,PLD4,9606.ENSP00000317300,9606.ENSP00000438677,0,0,0,0,0,0,0.9,0,0.9
LPCAT4,PLD3,9606.ENSP00000317300,9606.ENSP00000387050,0,0,0,0,0.047,0,0.9,0,0.9
LPCAT4,PTDSS1,9606.ENSP00000317300,9606.ENSP00000430548,0,0,0,0,0.08,0,0.9,0.045,0.904
LPCAT4,PNPLA7,9606.ENSP00000317300,9606.ENSP00000384610,0.042,0,0,0,0,0,0.9,0.119,0.908
LPCAT4,PLD1,9606.ENSP00000317300,9606.ENSP00000342793,0.052,0,0,0,0.059,0,0.9,0.116,0.91
LPCAT4,PNPLA6,9606.ENSP00000317300,9606.ENSP00000407509,0.042,0,0,0,0.062,0,0.9,0.127,0.911
LPCAT4,PLB1,9606.ENSP00000317300,9606.ENSP00000330442,0,0,0,0,0,0.053,0.9,0.157,0.913
LPCAT4,PLAAT3,9606.ENSP00000317300,9606.ENSP00000320337,0.042,0,0,0,0,0.046,0.9,0.198,0.916
LPCAT4,PISD,9606.ENSP00000317300,9606.ENSP00000391739,0.045,0,0,0,0.075,0,0.9,0.179,0.917
LPCAT4,TMEM86B,9606.ENSP00000317300,9606.ENSP00000321038,0,0,0,0,0.049,0,0.9,0.37,0.934
LPCAT4,LPGAT1,9606.ENSP00000317300,9606.ENSP00000355964,0,0,0,0,0.055,0,0.9,0.368,0.935
LPCAT4,MBOAT1,9606.ENSP00000317300,9606.ENSP00000324944,0.054,0,0,0,0,0,0.9,0.506,0.949
LPIN1,MOGAT2,9606.ENSP00000397908,9606.ENSP00000198801,0,0,0,0,0,0.097,0.678,0.287,0.775
LPIN1,PNPLA3,9606.ENSP00000397908,9606.ENSP00000216180,0,0,0,0,0.056,0,0.65,0.551,0.838
LPIN1,MOGAT3,9606.ENSP00000397908,9606.ENSP00000223114,0,0,0,0,0,0.097,0.678,0.159,0.734
LPIN1,SELENOI,9606.ENSP00000397908,9606.ENSP00000260585,0,0,0,0,0.042,0,0.9,0.26,0.922
LPIN1,LPIN2,9606.ENSP00000397908,9606.ENSP00000261596,0,0,0.071,0.936,0.056,0.61,0.9,0.102,0.963
LPIN1,PLD2,9606.ENSP00000397908,9606.ENSP00000263088,0,0,0,0,0,0.059,0.65,0.323,0.757
LPIN1,PPARGC1A,9606.ENSP00000397908,9606.ENSP00000264867,0,0,0,0,0,0,0,0.947,0.947
LPIN1,PPARG,9606.ENSP00000397908,9606.ENSP00000287820,0,0,0,0,0.045,0,0,0.909,0.909
LPIN1,MBOAT2,9606.ENSP00000397908,9606.ENSP00000302177,0,0,0,0,0,0,0.65,0.378,0.773
LPIN1,PNPLA2,9606.ENSP00000397908,9606.ENSP00000337701,0,0,0,0,0,0,0.65,0.568,0.842
LPIN1,PLD1,9606.ENSP00000397908,9606.ENSP00000342793,0,0,0,0,0,0.059,0.65,0.266,0.737
LPIN1,SREBF1,9606.ENSP00000397908,9606.ENSP00000348069,0,0,0,0,0.055,0,0,0.829,0.831
LPIN1,PNLIP,9606.ENSP00000397908,9606.ENSP00000358223,0,0,0,0,0.063,0.046,0.65,0.158,0.701
LPIN1,PPARA,9606.ENSP00000397908,9606.ENSP00000385523,0,0,0,0,0.063,0.292,0,0.964,0.974
LPIN1,MOGAT1,9606.ENSP00000397908,9606.ENSP00000406674,0,0,0,0,0.044,0.097,0.678,0.472,0.834
LPIN1,LPL,9606.ENSP00000397908,9606.ENSP00000497642,0,0,0,0,0,0,0.9,0.4,0.937
LPIN1,LPIN3,9606.ENSP00000397908,9606.ENSP00000487971,0,0,0.078,0.924,0,0.785,0.9,0.113,0.98
LPIN2,MOGAT2,9606.ENSP00000261596,9606.ENSP00000198801,0,0,0,0,0,0.097,0.678,0.309,0.782
LPIN2,PNPLA3,9606.ENSP00000261596,9606.ENSP00000216180,0,0,0,0,0,0,0.65,0.295,0.742
LPIN2,MOGAT3,9606.ENSP00000261596,9606.ENSP00000223114,0,0,0,0,0,0.097,0.678,0.159,0.734
LPIN2,SELENOI,9606.ENSP00000261596,9606.ENSP00000260585,0,0,0,0,0,0,0.9,0.25,0.921
LPIN2,PLD1,9606.ENSP00000261596,9606.ENSP00000342793,0,0,0,0,0,0.059,0.65,0.227,0.723
LPIN2,PLD2,9606.ENSP00000261596,9606.ENSP00000263088,0,0,0,0,0,0.059,0.65,0.239,0.727
LPIN2,MBOAT2,9606.ENSP00000261596,9606.ENSP00000302177,0,0,0,0,0.049,0,0.65,0.251,0.728
LPIN2,PNPLA2,9606.ENSP00000261596,9606.ENSP00000337701,0,0,0,0,0.044,0,0.65,0.34,0.76
LPIN2,PPARA,9606.ENSP00000261596,9606.ENSP00000385523,0,0,0,0,0.045,0,0,0.779,0.78
LPIN2,MOGAT1,9606.ENSP00000261596,9606.ENSP00000406674,0,0,0,0,0,0.097,0.678,0.393,0.808
LPIN2,LPL,9606.ENSP00000261596,9606.ENSP00000497642,0,0,0,0,0,0,0.9,0.14,0.91
LPIN2,LPIN3,9606.ENSP00000261596,9606.ENSP00000487971,0,0,0.072,0.936,0,0.617,0.9,0.102,0.963
LPIN3,MOGAT2,9606.ENSP00000487971,9606.ENSP00000198801,0,0,0,0,0.068,0.097,0.678,0.276,0.778
LPIN3,PNPLA3,9606.ENSP00000487971,9606.ENSP00000216180,0,0,0,0,0.044,0,0.65,0.239,0.723
LPIN3,MOGAT3,9606.ENSP00000487971,9606.ENSP00000223114,0,0,0,0,0.072,0.097,0.678,0.159,0.743
LPIN3,SELENOI,9606.ENSP00000487971,9606.ENSP00000260585,0,0,0,0,0.047,0,0.9,0.233,0.92
LPIN3,PLD2,9606.ENSP00000487971,9606.ENSP00000263088,0,0,0,0,0.044,0.059,0.65,0.287,0.745
LPIN3,MBOAT2,9606.ENSP00000487971,9606.ENSP00000302177,0,0,0,0,0,0,0.65,0.251,0.726
LPIN3,PNPLA2,9606.ENSP00000487971,9606.ENSP00000337701,0,0,0,0,0.042,0,0.65,0.23,0.719
LPIN3,PLD1,9606.ENSP00000487971,9606.ENSP00000342793,0,0,0,0,0,0.059,0.65,0.232,0.725
LPIN3,PPARA,9606.ENSP00000487971,9606.ENSP00000385523,0,0,0,0,0.07,0,0,0.699,0.708
LPIN3,MOGAT1,9606.ENSP00000487971,9606.ENSP00000406674,0,0,0,0,0.047,0.097,0.678,0.28,0.774
LPIN3,LPL,9606.ENSP00000487971,9606.ENSP00000497642,0,0,0,0,0,0,0.9,0.091,0.905
LPL,MOGAT2,9606.ENSP00000497642,9606.ENSP00000198801,0,0,0,0,0.061,0,0.9,0.163,0.914
LPL,PNPLA3,9606.ENSP00000497642,9606.ENSP00000216180,0,0,0,0,0.058,0,0.9,0.419,0.94
LPL,PON1,9606.ENSP00000497642,9606.ENSP00000222381,0,0,0,0,0,0,0.54,0.446,0.734
LPL,MOGAT3,9606.ENSP00000497642,9606.ENSP00000223114,0,0,0,0,0.061,0,0.9,0.071,0.905
LPL,SCARB1,9606.ENSP00000497642,9606.ENSP00000261693,0,0,0,0,0.057,0,0,0.831,0.833
LPL,PPARGC1A,9606.ENSP00000497642,9606.ENSP00000264867,0,0,0,0,0.072,0,0.5,0.598,0.797
LPL,MGLL,9606.ENSP00000497642,9606.ENSP00000265052,0,0,0,0,0.055,0,0.9,0.688,0.967
LPL,PPARG,9606.ENSP00000497642,9606.ENSP00000287820,0,0,0,0,0.151,0,0.5,0.874,0.941
LPL,PNPLA2,9606.ENSP00000497642,9606.ENSP00000337701,0,0,0,0,0,0,0.9,0.718,0.97
LPL,SREBF1,9606.ENSP00000497642,9606.ENSP00000348069,0,0,0,0,0.042,0,0,0.732,0.732
LPL,PNLIP,9606.ENSP00000497642,9606.ENSP00000358223,0,0,0,0.752,0,0,0.9,0.254,0.922
LPL,PNLIPRP3,9606.ENSP00000497642,9606.ENSP00000358232,0,0,0,0.71,0,0,0.9,0.064,0.902
LPL,VLDLR,9606.ENSP00000497642,9606.ENSP00000371532,0,0,0,0,0,0.292,0.54,0.749,0.911
LPL,PPARA,9606.ENSP00000497642,9606.ENSP00000385523,0,0,0,0,0,0,0,0.836,0.836
LPL,MOGAT1,9606.ENSP00000497642,9606.ENSP00000406674,0,0,0,0,0.07,0,0.9,0.201,0.919
LPL,PLTP,9606.ENSP00000497642,9606.ENSP00000417138,0,0,0,0,0.067,0,0.54,0.757,0.886
LPL,PNLIPRP1,9606.ENSP00000497642,9606.ENSP00000433933,0,0,0,0.747,0,0,0.9,0.21,0.917
LPL,PCSK5,9606.ENSP00000497642,9606.ENSP00000446280,0,0,0,0,0.061,0,0.75,0.126,0.777
LSS,MVK,9606.ENSP00000380837,9606.ENSP00000228510,0,0,0,0,0.379,0,0,0.717,0.817
LSS,PTGIS,9606.ENSP00000380837,9606.ENSP00000244043,0,0,0,0,0.192,0.528,0.318,0.252,0.779
LSS,SQLE,9606.ENSP00000380837,9606.ENSP00000265896,0,0,0.323,0,0.734,0,0.979,0.841,0.999
LSS,TM7SF2,9606.ENSP00000380837,9606.ENSP00000279263,0,0,0,0,0.29,0,0,0.702,0.779
LSS,MVD,9606.ENSP00000380837,9606.ENSP00000301012,0.041,0,0,0,0.66,0.07,0,0.763,0.918
LSS,SREBF1,9606.ENSP00000380837,9606.ENSP00000348069,0,0,0,0,0.114,0,0.75,0.408,0.857
LSS,SREBF2,9606.ENSP00000380837,9606.ENSP00000354476,0,0,0,0,0.301,0,0.75,0.551,0.914
LSS,PMVK,9606.ENSP00000380837,9606.ENSP00000357452,0,0,0,0,0.302,0,0,0.637,0.736
LSS,NSDHL,9606.ENSP00000380837,9606.ENSP00000359297,0.057,0,0.221,0,0.529,0.619,0,0.729,0.957
LTA4H,PLA2G2A,9606.ENSP00000228740,9606.ENSP00000383364,0,0,0,0,0,0,0,0.745,0.745
LTA4H,LTC4S,9606.ENSP00000228740,9606.ENSP00000292596,0,0,0,0,0,0,0.9,0.93,0.992
LTC4S,PTGS1,9606.ENSP00000292596,9606.ENSP00000354612,0,0,0,0,0.063,0,0,0.703,0.709
LTC4S,PTGES,9606.ENSP00000292596,9606.ENSP00000342385,0,0,0,0,0,0,0,0.87,0.87
MBOAT1,PEMT,9606.ENSP00000324944,9606.ENSP00000255389,0,0,0,0,0.102,0,0.9,0.166,0.918
MBOAT1,SELENOI,9606.ENSP00000324944,9606.ENSP00000260585,0,0,0,0,0.07,0,0.9,0.209,0.92
MBOAT1,PLD2,9606.ENSP00000324944,9606.ENSP00000263088,0,0,0,0,0.049,0,0.9,0.088,0.905
MBOAT1,PLA1A,9606.ENSP00000324944,9606.ENSP00000273371,0,0,0,0,0,0.067,0.9,0.213,0.92
MBOAT1,MBOAT2,9606.ENSP00000324944,9606.ENSP00000302177,0,0,0.063,0.954,0.042,0,0.9,0.061,0.904
MBOAT1,PTDSS2,9606.ENSP00000324944,9606.ENSP00000308258,0,0,0,0,0,0.198,0.9,0,0.916
MBOAT1,PLAAT3,9606.ENSP00000324944,9606.ENSP00000320337,0.045,0,0,0,0.055,0,0.9,0.106,0.908
MBOAT1,PTDSS1,9606.ENSP00000324944,9606.ENSP00000430548,0,0,0,0,0,0,0.9,0,0.9
MBOAT1,PLD1,9606.ENSP00000324944,9606.ENSP00000342793,0,0,0,0,0,0,0.9,0.049,0.9
MBOAT1,PNPLA7,9606.ENSP00000324944,9606.ENSP00000384610,0,0,0,0,0.059,0,0.9,0.09,0.906
MBOAT1,PNPLA6,9606.ENSP00000324944,9606.ENSP00000407509,0,0,0,0,0.066,0,0.9,0.09,0.907
MBOAT1,PLD4,9606.ENSP00000324944,9606.ENSP00000438677,0,0,0,0,0,0,0.9,0.127,0.908
MBOAT1,PLD3,9606.ENSP00000324944,9606.ENSP00000387050,0,0,0,0,0,0,0.9,0.185,0.915
MBOAT1,PLB1,9606.ENSP00000324944,9606.ENSP00000330442,0,0,0,0,0.067,0,0.9,0.227,0.921
MBOAT1,PISD,9606.ENSP00000324944,9606.ENSP00000391739,0,0,0,0,0,0,0.9,0.284,0.925
MBOAT2,PEMT,9606.ENSP00000302177,9606.ENSP00000255389,0,0,0,0,0,0.088,0.9,0.364,0.936
MBOAT2,SELENOI,9606.ENSP00000302177,9606.ENSP00000260585,0,0,0,0,0.042,0,0.9,0.518,0.949
MBOAT2,PLD2,9606.ENSP00000302177,9606.ENSP00000263088,0,0,0,0,0,0,0.9,0.406,0.938
MBOAT2,PLA1A,9606.ENSP00000302177,9606.ENSP00000273371,0,0,0,0,0,0,0.9,0.193,0.915
MBOAT2,PLAAT3,9606.ENSP00000302177,9606.ENSP00000320337,0,0,0,0,0,0,0.9,0.132,0.909
MBOAT2,PLD4,9606.ENSP00000302177,9606.ENSP00000438677,0,0,0,0,0,0,0.9,0.155,0.911
MBOAT2,PNPLA7,9606.ENSP00000302177,9606.ENSP00000384610,0,0,0,0,0.062,0,0.9,0.154,0.913
MBOAT2,PLB1,9606.ENSP00000302177,9606.ENSP00000330442,0,0,0,0,0,0,0.9,0.182,0.914
MBOAT2,PLD3,9606.ENSP00000302177,9606.ENSP00000387050,0,0,0,0,0,0,0.9,0.201,0.916
MBOAT2,PNPLA6,9606.ENSP00000302177,9606.ENSP00000407509,0,0,0,0,0.062,0,0.9,0.216,0.92
MBOAT2,PLD1,9606.ENSP00000302177,9606.ENSP00000342793,0,0,0,0,0.042,0,0.9,0.296,0.926
MBOAT2,PTDSS2,9606.ENSP00000302177,9606.ENSP00000308258,0,0,0,0,0,0,0.9,0.309,0.927
MBOAT2,PTDSS1,9606.ENSP00000302177,9606.ENSP00000430548,0,0,0,0,0,0,0.9,0.312,0.928
MBOAT2,PISD,9606.ENSP00000302177,9606.ENSP00000391739,0,0,0,0,0.042,0.088,0.9,0.456,0.946
MBOAT7,PNPLA3,9606.ENSP00000245615,9606.ENSP00000216180,0,0,0,0,0,0,0,0.886,0.886
MBTPS1,SCAP,9606.ENSP00000344223,9606.ENSP00000265565,0,0,0,0,0.156,0,0.4,0.906,0.948
MBTPS1,PCSK9,9606.ENSP00000344223,9606.ENSP00000303208,0,0,0,0,0,0,0,0.727,0.727
MBTPS1,PCSK5,9606.ENSP00000344223,9606.ENSP00000446280,0,0,0,0,0.042,0,0,0.752,0.753
MBTPS1,PCSK6,9606.ENSP00000344223,9606.ENSP00000482760,0,0,0,0,0,0,0,0.834,0.834
MBTPS1,SREBF1,9606.ENSP00000344223,9606.ENSP00000348069,0,0,0,0,0.064,0,0.4,0.812,0.885
MBTPS1,SREBF2,9606.ENSP00000344223,9606.ENSP00000354476,0,0,0,0,0.06,0,0.4,0.838,0.9
MBTPS1,MBTPS2,9606.ENSP00000344223,9606.ENSP00000368798,0,0,0,0,0.104,0,0,0.977,0.979
MBTPS2,SCAP,9606.ENSP00000368798,9606.ENSP00000265565,0,0,0,0,0.049,0,0,0.918,0.918
MBTPS2,SREBF1,9606.ENSP00000368798,9606.ENSP00000348069,0,0,0,0,0,0.132,0.75,0.673,0.923
MBTPS2,SREBF2,9606.ENSP00000368798,9606.ENSP00000354476,0,0,0,0,0,0.109,0.75,0.714,0.93
MCAT,MLYCD,9606.ENSP00000290429,9606.ENSP00000262430,0.112,0,0,0,0.107,0,0.8,0.204,0.857
MCAT,PCCA,9606.ENSP00000290429,9606.ENSP00000365462,0.115,0,0.204,0,0.507,0,0,0.339,0.74
MCAT,TEAD4,9606.ENSP00000290429,9606.ENSP00000352926,0,0,0,0,0.063,0,0,0.885,0.887
MCAT,TEAD1,9606.ENSP00000290429,9606.ENSP00000435233,0,0,0,0,0,0,0,0.89,0.89
MCAT,PCCB,9606.ENSP00000290429,9606.ENSP00000419027,0.12,0,0,0,0.141,0,0.792,0.417,0.896
MCAT,NDUFAB1,9606.ENSP00000290429,9606.ENSP00000458770,0.12,0,0,0,0.612,0.882,0.75,0.419,0.993
MCEE,MMAA,9606.ENSP00000244217,9606.ENSP00000497008,0,0,0.419,0,0.105,0,0,0.911,0.949
MCEE,PCCA,9606.ENSP00000244217,9606.ENSP00000365462,0.089,0,0,0,0.085,0,0.937,0.626,0.977
MCEE,PCCB,9606.ENSP00000244217,9606.ENSP00000419027,0.102,0,0.229,0,0.167,0,0.942,0.672,0.987
MCEE,MMUT,9606.ENSP00000244217,9606.ENSP00000274813,0,0,0.443,0,0.096,0,0.921,0.92,0.996
MED1,MED31,9606.ENSP00000300651,9606.ENSP00000225728,0,0,0,0,0,0.969,0.8,0.474,0.996
MED1,MED28,9606.ENSP00000300651,9606.ENSP00000237380,0,0,0,0,0,0.998,0.8,0.091,0.999
MED1,MED17,9606.ENSP00000300651,9606.ENSP00000251871,0,0,0,0,0.199,0.998,0.9,0.874,0.999
MED1,MED10,9606.ENSP00000300651,9606.ENSP00000255764,0,0,0,0,0,0.982,0.8,0.417,0.997
MED1,MED4,9606.ENSP00000300651,9606.ENSP00000258648,0,0,0,0,0.214,0.999,0.9,0.741,0.999
MED1,TGS1,9606.ENSP00000300651,9606.ENSP00000260129,0,0,0,0,0.098,0.292,0.4,0.479,0.773
MED1,MED15,9606.ENSP00000300651,9606.ENSP00000263205,0,0,0,0,0.128,0.998,0.8,0.488,0.999
MED1,MED26,9606.ENSP00000300651,9606.ENSP00000263390,0,0,0,0,0,0.966,0.9,0.781,0.999
MED1,PPARGC1A,9606.ENSP00000300651,9606.ENSP00000264867,0,0,0,0,0,0.292,0.5,0.558,0.83
MED1,MED20,9606.ENSP00000300651,9606.ENSP00000265350,0,0,0,0,0.067,0.998,0.8,0.337,0.999
MED1,MED9,9606.ENSP00000300651,9606.ENSP00000268711,0,0,0,0,0,0.986,0.8,0.326,0.998
MED1,NCOR1,9606.ENSP00000300651,9606.ENSP00000268712,0,0,0,0,0.1,0,0.5,0.613,0.811
MED1,MED13L,9606.ENSP00000300651,9606.ENSP00000281928,0,0,0,0,0.17,0.839,0.8,0.231,0.976
MED1,MED21,9606.ENSP00000300651,9606.ENSP00000282892,0,0,0,0,0.081,0.975,0.9,0.373,0.998
MED1,MED7,9606.ENSP00000300651,9606.ENSP00000286317,0,0,0,0,0,0.974,0.8,0.713,0.998
MED1,PPARG,9606.ENSP00000300651,9606.ENSP00000287820,0,0,0,0,0,0.986,0.5,0.961,0.999
MED1,MED8,9606.ENSP00000300651,9606.ENSP00000290663,0,0,0,0,0.049,0.998,0.9,0.53,0.999
MED1,MED27,9606.ENSP00000300651,9606.ENSP00000292035,0,0,0,0,0.127,0.998,0.8,0.695,0.999
MED1,MED11,9606.ENSP00000300651,9606.ENSP00000293777,0,0,0,0,0.101,0.973,0.9,0.177,0.997
MED1,MED30,9606.ENSP00000300651,9606.ENSP00000297347,0,0,0,0,0.164,0.998,0.9,0.448,0.999
MED1,PPARD,9606.ENSP00000300651,9606.ENSP00000310928,0,0,0,0,0.06,0.097,0.5,0.399,0.71
MED1,NCOA2,9606.ENSP00000300651,9606.ENSP00000399968,0,0,0,0,0.148,0,0.4,0.594,0.774
MED1,NR1H2,9606.ENSP00000300651,9606.ENSP00000499121,0,0,0,0,0,0.637,0.5,0.07,0.816
MED1,NCOR2,9606.ENSP00000300651,9606.ENSP00000384018,0,0,0,0,0.067,0,0.5,0.64,0.817
MED1,NR1H3,9606.ENSP00000300651,9606.ENSP00000477707,0,0,0,0,0,0.603,0.5,0.387,0.867
MED1,PPARA,9606.ENSP00000300651,9606.ENSP00000385523,0,0,0,0,0,0.333,0.5,0.686,0.886
MED1,NCOA6,9606.ENSP00000300651,9606.ENSP00000363929,0,0,0,0,0.123,0.292,0.4,0.732,0.887
MED1,NR1H4,9606.ENSP00000300651,9606.ENSP00000447149,0,0,0,0,0,0.439,0.5,0.658,0.895
MED1,NCOA1,9606.ENSP00000300651,9606.ENSP00000385216,0,0,0,0,0.101,0,0.4,0.827,0.898
MED1,PRKACG,9606.ENSP00000300651,9606.ENSP00000366488,0,0,0,0,0,0,0.9,0.167,0.913
MED1,PRKACA,9606.ENSP00000300651,9606.ENSP00000309591,0,0,0,0,0.042,0,0.9,0.167,0.913
MED1,PRKACB,9606.ENSP00000300651,9606.ENSP00000359719,0,0,0,0,0,0,0.9,0.173,0.913
MED1,PPARGC1B,9606.ENSP00000300651,9606.ENSP00000312649,0,0,0,0,0.049,0,0.9,0.198,0.917
MED1,SP1,9606.ENSP00000300651,9606.ENSP00000329357,0,0,0,0,0.218,0,0.9,0.16,0.928
MED1,THRAP3,9606.ENSP00000300651,9606.ENSP00000346634,0,0,0,0,0.177,0.33,0.9,0.264,0.954
MED1,NCOA3,9606.ENSP00000300651,9606.ENSP00000361066,0,0,0,0,0.19,0,0.9,0.715,0.974
MED1,RXRA,9606.ENSP00000300651,9606.ENSP00000419692,0,0,0,0,0.083,0.872,0.65,0.72,0.986
MED1,MED18,9606.ENSP00000300651,9606.ENSP00000362948,0,0,0,0,0.083,0.998,0.9,0.43,0.999
MED1,MED16,9606.ENSP00000300651,9606.ENSP00000325612,0,0,0,0,0.082,0.998,0.9,0.569,0.999
MED1,MED29,9606.ENSP00000300651,9606.ENSP00000481733,0,0,0,0,0.042,0.998,0.9,0.292,0.999
MED1,MED22,9606.ENSP00000300651,9606.ENSP00000482438,0,0,0,0,0.11,0.998,0.9,0.287,0.999
MED1,MED6,9606.ENSP00000300651,9606.ENSP00000481920,0,0,0,0,0.049,0.998,0.9,0.611,0.999
MED1,MED14,9606.ENSP00000300651,9606.ENSP00000323720,0,0,0,0,0.261,0.998,0.9,0.961,0.999
MED1,MED24,9606.ENSP00000300651,9606.ENSP00000440100,0,0,0,0,0.115,0.999,0.8,0.972,0.999
MED1,MED13,9606.ENSP00000300651,9606.ENSP00000380888,0,0,0,0,0.309,0.994,0.9,0.457,0.999
MED1,MED23,9606.ENSP00000300651,9606.ENSP00000357047,0,0,0,0,0.225,0.998,0.8,0.85,0.999
MED1,MED12,9606.ENSP00000300651,9606.ENSP00000363193,0,0,0,0,0.194,0.994,0.9,0.791,0.999
MED1,MED19,9606.ENSP00000300651,9606.ENSP00000498791,0,0,0,0,0.054,0.998,0.8,0.411,0.999
MED1,MED25,9606.ENSP00000300651,9606.ENSP00000326767,0,0,0,0,0.172,0.998,0.8,0.222,0.999
MED10,MED31,9606.ENSP00000255764,9606.ENSP00000225728,0,0,0,0,0.135,0.997,0.8,0.977,0.999
MED10,MED28,9606.ENSP00000255764,9606.ENSP00000237380,0,0,0,0,0.119,0.998,0.8,0.781,0.999
MED10,MED17,9606.ENSP00000255764,9606.ENSP00000251871,0,0,0,0,0.049,0.995,0.8,0.975,0.999
MED10,MED13L,9606.ENSP00000255764,9606.ENSP00000281928,0,0,0,0,0,0.855,0.8,0.63,0.988
MED10,MED13,9606.ENSP00000255764,9606.ENSP00000380888,0,0,0,0,0,0.889,0.8,0.772,0.994
MED10,MED25,9606.ENSP00000255764,9606.ENSP00000326767,0,0,0,0,0,0.974,0.8,0.311,0.996
MED10,MED23,9606.ENSP00000255764,9606.ENSP00000357047,0,0,0,0,0,0.979,0.8,0.77,0.998
MED10,MED24,9606.ENSP00000255764,9606.ENSP00000440100,0,0,0,0,0,0.978,0.8,0.654,0.998
MED10,MED29,9606.ENSP00000255764,9606.ENSP00000481733,0,0,0,0,0.076,0.979,0.8,0.711,0.998
MED10,MED4,9606.ENSP00000255764,9606.ENSP00000258648,0,0,0,0,0.126,0.986,0.8,0.868,0.999
MED10,MED9,9606.ENSP00000255764,9606.ENSP00000268711,0,0,0,0,0,0.973,0.8,0.977,0.999
MED10,MED8,9606.ENSP00000255764,9606.ENSP00000290663,0,0,0,0,0.126,0.984,0.8,0.948,0.999
MED10,MED19,9606.ENSP00000255764,9606.ENSP00000498791,0,0,0,0,0.139,0.991,0.8,0.987,0.999
MED10,MED30,9606.ENSP00000255764,9606.ENSP00000297347,0,0,0,0,0.131,0.978,0.8,0.907,0.999
MED10,MED12,9606.ENSP00000255764,9606.ENSP00000363193,0,0,0,0,0,0.994,0.8,0.861,0.999
MED10,MED15,9606.ENSP00000255764,9606.ENSP00000263205,0,0,0,0,0.049,0.976,0.8,0.911,0.999
MED10,MED14,9606.ENSP00000255764,9606.ENSP00000323720,0,0,0,0,0,0.997,0.8,0.972,0.999
MED10,MED6,9606.ENSP00000255764,9606.ENSP00000481920,0,0,0,0,0.167,0.997,0.8,0.964,0.999
MED10,MED11,9606.ENSP00000255764,9606.ENSP00000293777,0,0,0,0,0.118,0.984,0.8,0.974,0.999
MED10,MED21,9606.ENSP00000255764,9606.ENSP00000282892,0,0,0,0,0.049,0.997,0.8,0.957,0.999
MED10,MED7,9606.ENSP00000255764,9606.ENSP00000286317,0,0,0,0,0.06,0.997,0.8,0.996,0.999
MED10,MED26,9606.ENSP00000255764,9606.ENSP00000263390,0,0,0,0,0.069,0.98,0.8,0.822,0.999
MED10,MED16,9606.ENSP00000255764,9606.ENSP00000325612,0,0,0,0,0,0.981,0.8,0.868,0.999
MED10,MED18,9606.ENSP00000255764,9606.ENSP00000362948,0,0,0,0,0,0.998,0.8,0.959,0.999
MED10,MED27,9606.ENSP00000255764,9606.ENSP00000292035,0,0,0,0,0.098,0.978,0.8,0.899,0.999
MED10,MED22,9606.ENSP00000255764,9606.ENSP00000482438,0,0,0,0,0.074,0.997,0.8,0.97,0.999
MED10,MED20,9606.ENSP00000255764,9606.ENSP00000265350,0,0,0,0,0,0.983,0.8,0.904,0.999
MED11,MED31,9606.ENSP00000293777,9606.ENSP00000225728,0,0,0,0,0.088,0.927,0.8,0.772,0.996
MED11,MED28,9606.ENSP00000293777,9606.ENSP00000237380,0,0,0,0,0.042,0.999,0.8,0.721,0.999
MED11,MED17,9606.ENSP00000293777,9606.ENSP00000251871,0,0,0,0,0.211,0.989,0.9,0.995,0.999
MED11,MED4,9606.ENSP00000293777,9606.ENSP00000258648,0,0,0,0,0.211,0.973,0.9,0.728,0.999
MED11,MED15,9606.ENSP00000293777,9606.ENSP00000263205,0,0,0,0,0.087,0.961,0.8,0.715,0.997
MED11,MED26,9606.ENSP00000293777,9606.ENSP00000263390,0,0,0,0,0.057,0.949,0.9,0.764,0.998
MED11,MED20,9606.ENSP00000293777,9606.ENSP00000265350,0,0,0,0,0.082,0.975,0.8,0.984,0.999
MED11,MED9,9606.ENSP00000293777,9606.ENSP00000268711,0,0,0,0,0.056,0.956,0.8,0.736,0.997
MED11,MED13L,9606.ENSP00000293777,9606.ENSP00000281928,0,0,0,0,0,0.635,0.8,0.271,0.942
MED11,MED21,9606.ENSP00000293777,9606.ENSP00000282892,0,0,0,0,0.061,0.969,0.9,0.823,0.999
MED11,MED7,9606.ENSP00000293777,9606.ENSP00000286317,0,0,0,0,0.097,0.972,0.8,0.869,0.999
MED11,MED8,9606.ENSP00000293777,9606.ENSP00000290663,0,0,0,0,0.119,0.984,0.9,0.995,0.999
MED11,MED27,9606.ENSP00000293777,9606.ENSP00000292035,0,0,0,0,0.082,0.962,0.8,0.953,0.999
MED11,PPARGC1B,9606.ENSP00000293777,9606.ENSP00000312649,0,0,0,0,0,0,0.9,0,0.9
MED11,THRAP3,9606.ENSP00000293777,9606.ENSP00000346634,0,0,0,0,0.067,0,0.9,0,0.902
MED11,MED25,9606.ENSP00000293777,9606.ENSP00000326767,0,0,0,0,0.109,0.886,0.8,0.318,0.984
MED11,MED13,9606.ENSP00000293777,9606.ENSP00000380888,0,0,0,0,0,0.736,0.9,0.464,0.984
MED11,MED23,9606.ENSP00000293777,9606.ENSP00000357047,0,0,0,0,0.172,0.957,0.8,0.51,0.996
MED11,MED24,9606.ENSP00000293777,9606.ENSP00000440100,0,0,0,0,0.097,0.974,0.8,0.505,0.997
MED11,MED16,9606.ENSP00000293777,9606.ENSP00000325612,0,0,0,0,0.067,0.967,0.9,0.629,0.998
MED11,MED19,9606.ENSP00000293777,9606.ENSP00000498791,0,0,0,0,0.049,0.977,0.8,0.948,0.999
MED11,MED30,9606.ENSP00000293777,9606.ENSP00000297347,0,0,0,0,0.169,0.979,0.9,0.986,0.999
MED11,MED12,9606.ENSP00000293777,9606.ENSP00000363193,0,0,0,0,0.082,0.994,0.9,0.487,0.999
MED11,MED14,9606.ENSP00000293777,9606.ENSP00000323720,0,0,0,0,0.108,0.968,0.9,0.886,0.999
MED11,MED6,9606.ENSP00000293777,9606.ENSP00000481920,0,0,0,0,0.06,0.973,0.9,0.993,0.999
MED11,MED22,9606.ENSP00000293777,9606.ENSP00000482438,0,0,0,0,0.172,0.986,0.9,0.999,0.999
MED11,MED29,9606.ENSP00000293777,9606.ENSP00000481733,0,0,0,0,0.074,0.979,0.9,0.819,0.999
MED11,MED18,9606.ENSP00000293777,9606.ENSP00000362948,0,0,0,0,0.082,0.988,0.9,0.998,0.999
MED12,MED31,9606.ENSP00000363193,9606.ENSP00000225728,0,0,0,0,0,0.994,0.8,0.588,0.999
MED12,MED28,9606.ENSP00000363193,9606.ENSP00000237380,0,0,0,0,0,0.994,0.8,0.539,0.999
MED12,MED17,9606.ENSP00000363193,9606.ENSP00000251871,0,0,0,0,0.127,0.994,0.9,0.976,0.999
MED12,MED4,9606.ENSP00000363193,9606.ENSP00000258648,0,0,0,0,0.217,0.994,0.9,0.666,0.999
MED12,MED15,9606.ENSP00000363193,9606.ENSP00000263205,0,0,0,0,0.18,0.994,0.8,0.915,0.999
MED12,MED26,9606.ENSP00000363193,9606.ENSP00000263390,0,0,0,0,0,0.699,0.9,0.84,0.994
MED12,MED20,9606.ENSP00000363193,9606.ENSP00000265350,0,0,0,0,0.083,0.994,0.8,0.633,0.999
MED12,MED9,9606.ENSP00000363193,9606.ENSP00000268711,0,0,0,0,0,0.829,0.8,0.537,0.982
MED12,NCOR1,9606.ENSP00000363193,9606.ENSP00000268712,0,0,0,0,0.133,0,0.5,0.489,0.759
MED12,MED13L,9606.ENSP00000363193,9606.ENSP00000281928,0,0,0,0,0.161,0.9,0.8,0.977,0.999
MED12,MED21,9606.ENSP00000363193,9606.ENSP00000282892,0,0,0,0,0,0.994,0.9,0.64,0.999
MED12,MED7,9606.ENSP00000363193,9606.ENSP00000286317,0,0,0,0,0,0.842,0.8,0.755,0.991
MED12,MED8,9606.ENSP00000363193,9606.ENSP00000290663,0,0,0,0,0,0.994,0.9,0.701,0.999
MED12,MED27,9606.ENSP00000363193,9606.ENSP00000292035,0,0,0,0,0.109,0.994,0.8,0.693,0.999
MED12,MED30,9606.ENSP00000363193,9606.ENSP00000297347,0,0,0,0,0.118,0.994,0.9,0.754,0.999
MED12,PPARGC1B,9606.ENSP00000363193,9606.ENSP00000312649,0,0,0,0,0,0,0.9,0,0.9
MED12,MED14,9606.ENSP00000363193,9606.ENSP00000323720,0,0,0,0,0.246,0.994,0.9,0.926,0.999
MED12,MED16,9606.ENSP00000363193,9606.ENSP00000325612,0,0,0,0,0.127,0.994,0.9,0.847,0.999
MED12,MED25,9606.ENSP00000363193,9606.ENSP00000326767,0,0,0,0,0.203,0.994,0.8,0.258,0.999
MED12,THRAP3,9606.ENSP00000363193,9606.ENSP00000346634,0,0,0,0,0.072,0.162,0.9,0.141,0.924
MED12,MED23,9606.ENSP00000363193,9606.ENSP00000357047,0,0,0,0,0.22,0.994,0.8,0.944,0.999
MED12,MED18,9606.ENSP00000363193,9606.ENSP00000362948,0,0,0,0,0.081,0.994,0.9,0.711,0.999
MED12,MED19,9606.ENSP00000363193,9606.ENSP00000498791,0,0,0,0,0,0.893,0.8,0.801,0.995
MED12,MED13,9606.ENSP00000363193,9606.ENSP00000380888,0,0,0,0,0.154,0.996,0.9,0.997,0.999
MED12,MED6,9606.ENSP00000363193,9606.ENSP00000481920,0,0,0,0,0,0.994,0.9,0.807,0.999
MED12,MED24,9606.ENSP00000363193,9606.ENSP00000440100,0,0,0,0,0.24,0.994,0.8,0.636,0.999
MED12,MED22,9606.ENSP00000363193,9606.ENSP00000482438,0,0,0,0,0.075,0.994,0.9,0.541,0.999
MED12,MED29,9606.ENSP00000363193,9606.ENSP00000481733,0,0,0,0,0,0.994,0.9,0.546,0.999
MED13,MED31,9606.ENSP00000380888,9606.ENSP00000225728,0,0,0,0,0.048,0.713,0.8,0.566,0.973
MED13,MED28,9606.ENSP00000380888,9606.ENSP00000237380,0,0,0,0,0,0.994,0.8,0.418,0.999
MED13,MED17,9606.ENSP00000380888,9606.ENSP00000251871,0,0,0,0,0.067,0.81,0.9,0.818,0.996
MED13,MED4,9606.ENSP00000380888,9606.ENSP00000258648,0,0,0,0,0.042,0.873,0.9,0.59,0.994
MED13,MED15,9606.ENSP00000380888,9606.ENSP00000263205,0,0,0,0,0.042,0.643,0.8,0.893,0.991
MED13,MED26,9606.ENSP00000380888,9606.ENSP00000263390,0,0,0,0,0.049,0.702,0.9,0.823,0.994
MED13,MED20,9606.ENSP00000380888,9606.ENSP00000265350,0,0,0,0,0,0.749,0.8,0.658,0.981
MED13,MED9,9606.ENSP00000380888,9606.ENSP00000268711,0,0,0,0,0,0.82,0.8,0.587,0.983
MED13,MED13L,9606.ENSP00000380888,9606.ENSP00000281928,0,0,0.053,0.942,0.485,0.53,0.8,0.505,0.973
MED13,MED21,9606.ENSP00000380888,9606.ENSP00000282892,0,0,0,0,0.043,0.856,0.9,0.446,0.991
MED13,MED7,9606.ENSP00000380888,9606.ENSP00000286317,0,0,0,0,0.042,0.854,0.8,0.608,0.987
MED13,MED8,9606.ENSP00000380888,9606.ENSP00000290663,0,0,0,0,0,0.732,0.9,0.602,0.988
MED13,MED27,9606.ENSP00000380888,9606.ENSP00000292035,0,0,0,0,0,0.8,0.8,0.756,0.989
MED13,MED30,9606.ENSP00000380888,9606.ENSP00000297347,0,0,0,0,0,0.739,0.9,0.684,0.991
MED13,PPARGC1B,9606.ENSP00000380888,9606.ENSP00000312649,0,0,0,0,0,0,0.9,0.218,0.918
MED13,MED14,9606.ENSP00000380888,9606.ENSP00000323720,0,0,0.21,0,0.221,0.848,0.9,0.952,0.999
MED13,MED16,9606.ENSP00000380888,9606.ENSP00000325612,0,0,0,0,0,0.834,0.9,0.737,0.995
MED13,MED25,9606.ENSP00000380888,9606.ENSP00000326767,0,0,0,0,0,0.496,0.8,0.242,0.916
MED13,THRAP3,9606.ENSP00000380888,9606.ENSP00000346634,0,0,0,0,0.101,0,0.9,0.075,0.909
MED13,MED23,9606.ENSP00000380888,9606.ENSP00000357047,0,0,0,0,0.105,0.843,0.8,0.888,0.996
MED13,MED18,9606.ENSP00000380888,9606.ENSP00000362948,0,0,0,0,0,0.994,0.9,0.663,0.999
MED13,MED24,9606.ENSP00000380888,9606.ENSP00000440100,0,0,0,0,0,0.847,0.8,0.63,0.987
MED13,MED22,9606.ENSP00000380888,9606.ENSP00000482438,0,0,0,0,0,0.778,0.9,0.57,0.989
MED13,MED6,9606.ENSP00000380888,9606.ENSP00000481920,0,0,0,0,0.06,0.709,0.9,0.765,0.992
MED13,MED29,9606.ENSP00000380888,9606.ENSP00000481733,0,0,0,0,0,0.871,0.9,0.756,0.996
MED13,MED19,9606.ENSP00000380888,9606.ENSP00000498791,0,0,0,0,0,0.919,0.8,0.871,0.997
MED13L,MED31,9606.ENSP00000281928,9606.ENSP00000225728,0,0,0,0,0,0.655,0.8,0.431,0.957
MED13L,MED28,9606.ENSP00000281928,9606.ENSP00000237380,0,0,0,0,0.042,0.811,0.8,0.273,0.97
MED13L,MED17,9606.ENSP00000281928,9606.ENSP00000251871,0,0,0,0,0.049,0.628,0.8,0.439,0.955
MED13L,MED4,9606.ENSP00000281928,9606.ENSP00000258648,0,0,0,0,0.045,0.817,0.8,0.478,0.979
MED13L,MED15,9606.ENSP00000281928,9606.ENSP00000263205,0,0,0,0,0.049,0.355,0.8,0.706,0.959
MED13L,MED26,9606.ENSP00000281928,9606.ENSP00000263390,0,0,0,0,0.049,0.62,0.8,0.57,0.964
MED13L,MED20,9606.ENSP00000281928,9606.ENSP00000265350,0,0,0,0,0,0.646,0.8,0.295,0.945
MED13L,MED9,9606.ENSP00000281928,9606.ENSP00000268711,0,0,0,0,0,0.785,0.8,0.362,0.97
MED13L,MED25,9606.ENSP00000281928,9606.ENSP00000326767,0,0,0,0,0.049,0,0.8,0.116,0.817
MED13L,MED8,9606.ENSP00000281928,9606.ENSP00000290663,0,0,0,0,0,0.22,0.8,0.361,0.891
MED13L,MED30,9606.ENSP00000281928,9606.ENSP00000297347,0,0,0,0,0,0.265,0.8,0.531,0.925
MED13L,MED24,9606.ENSP00000281928,9606.ENSP00000440100,0,0,0,0,0,0.663,0.8,0.232,0.943
MED13L,MED16,9606.ENSP00000281928,9606.ENSP00000325612,0,0,0,0,0,0.707,0.8,0.245,0.951
MED13L,MED22,9606.ENSP00000281928,9606.ENSP00000482438,0,0,0,0,0,0.69,0.8,0.351,0.956
MED13L,MED6,9606.ENSP00000281928,9606.ENSP00000481920,0,0,0,0,0.049,0.64,0.8,0.579,0.967
MED13L,MED27,9606.ENSP00000281928,9606.ENSP00000292035,0,0,0,0,0,0.781,0.8,0.39,0.97
MED13L,MED21,9606.ENSP00000281928,9606.ENSP00000282892,0,0,0,0,0,0.83,0.8,0.241,0.971
MED13L,MED18,9606.ENSP00000281928,9606.ENSP00000362948,0,0,0,0,0,0.818,0.8,0.378,0.975
MED13L,MED7,9606.ENSP00000281928,9606.ENSP00000286317,0,0,0,0,0.042,0.842,0.8,0.336,0.977
MED13L,MED23,9606.ENSP00000281928,9606.ENSP00000357047,0,0,0,0,0.074,0.793,0.8,0.512,0.978
MED13L,MED29,9606.ENSP00000281928,9606.ENSP00000481733,0,0,0,0,0,0.814,0.8,0.474,0.978
MED13L,MED14,9606.ENSP00000281928,9606.ENSP00000323720,0,0,0,0,0.212,0.576,0.8,0.744,0.98
MED13L,MED19,9606.ENSP00000281928,9606.ENSP00000498791,0,0,0,0,0,0.873,0.8,0.494,0.986
MED14,MED31,9606.ENSP00000323720,9606.ENSP00000225728,0,0,0,0,0.042,0.997,0.8,0.865,0.999
MED14,MED28,9606.ENSP00000323720,9606.ENSP00000237380,0,0,0,0,0,0.999,0.8,0.523,0.999
MED14,MED17,9606.ENSP00000323720,9606.ENSP00000251871,0,0,0,0,0.163,0.996,0.9,0.988,0.999
MED14,MED4,9606.ENSP00000323720,9606.ENSP00000258648,0,0,0,0,0.257,0.987,0.9,0.874,0.999
MED14,MED15,9606.ENSP00000323720,9606.ENSP00000263205,0,0,0,0,0.201,0.984,0.8,0.964,0.999
MED14,MED26,9606.ENSP00000323720,9606.ENSP00000263390,0,0,0,0,0.067,0.973,0.9,0.902,0.999
MED14,MED20,9606.ENSP00000323720,9606.ENSP00000265350,0,0,0,0,0.101,0.983,0.8,0.853,0.999
MED14,MED9,9606.ENSP00000323720,9606.ENSP00000268711,0,0,0,0,0.049,0.956,0.8,0.732,0.997
MED14,NCOR1,9606.ENSP00000323720,9606.ENSP00000268712,0,0,0,0,0.083,0.071,0.5,0.473,0.745
MED14,MED21,9606.ENSP00000323720,9606.ENSP00000282892,0,0,0,0,0.049,0.997,0.9,0.987,0.999
MED14,MED7,9606.ENSP00000323720,9606.ENSP00000286317,0,0,0,0,0.049,0.997,0.8,0.987,0.999
MED14,PPARG,9606.ENSP00000323720,9606.ENSP00000287820,0,0,0,0,0,0.314,0.5,0.509,0.816
MED14,MED8,9606.ENSP00000323720,9606.ENSP00000290663,0,0,0,0,0.049,0.968,0.9,0.882,0.999
MED14,MED27,9606.ENSP00000323720,9606.ENSP00000292035,0,0,0,0,0.124,0.984,0.8,0.891,0.999
MED14,MED30,9606.ENSP00000323720,9606.ENSP00000297347,0,0,0,0,0.164,0.94,0.9,0.843,0.999
MED14,PPARGC1B,9606.ENSP00000323720,9606.ENSP00000312649,0,0,0,0,0.049,0,0.9,0,0.9
MED14,NCOA3,9606.ENSP00000323720,9606.ENSP00000361066,0,0,0,0,0.097,0,0.5,0.53,0.769
MED14,THRAP3,9606.ENSP00000323720,9606.ENSP00000346634,0,0,0,0,0.098,0.051,0.9,0.412,0.942
MED14,MED25,9606.ENSP00000323720,9606.ENSP00000326767,0,0,0,0,0.257,0.956,0.8,0.532,0.996
MED14,MED22,9606.ENSP00000323720,9606.ENSP00000482438,0,0,0,0,0.097,0.996,0.9,0.906,0.999
MED14,MED16,9606.ENSP00000323720,9606.ENSP00000325612,0,0,0,0,0.101,0.984,0.9,0.917,0.999
MED14,MED18,9606.ENSP00000323720,9606.ENSP00000362948,0,0,0,0,0.083,0.998,0.9,0.93,0.999
MED14,MED29,9606.ENSP00000323720,9606.ENSP00000481733,0,0,0,0,0.049,0.987,0.9,0.85,0.999
MED14,MED6,9606.ENSP00000323720,9606.ENSP00000481920,0,0,0,0,0.06,0.997,0.9,0.994,0.999
MED14,MED24,9606.ENSP00000323720,9606.ENSP00000440100,0,0,0,0,0.214,0.976,0.8,0.973,0.999
MED14,MED19,9606.ENSP00000323720,9606.ENSP00000498791,0,0,0,0,0,0.988,0.8,0.88,0.999
MED14,MED23,9606.ENSP00000323720,9606.ENSP00000357047,0,0,0,0,0.212,0.985,0.8,0.964,0.999
MED15,MED31,9606.ENSP00000263205,9606.ENSP00000225728,0,0,0,0,0,0.922,0.8,0.82,0.997
MED15,MED28,9606.ENSP00000263205,9606.ENSP00000237380,0,0,0,0,0,0.998,0.8,0.511,0.999
MED15,MED17,9606.ENSP00000263205,9606.ENSP00000251871,0,0,0,0,0.163,0.983,0.8,0.871,0.999
MED15,MED4,9606.ENSP00000263205,9606.ENSP00000258648,0,0,0,0,0.252,0.968,0.8,0.682,0.998
MED15,SREBF2,9606.ENSP00000263205,9606.ENSP00000354476,0,0,0,0,0.078,0.33,0,0.747,0.83
MED15,SREBF1,9606.ENSP00000263205,9606.ENSP00000348069,0,0,0,0,0.067,0.797,0,0.798,0.958
MED15,MED30,9606.ENSP00000263205,9606.ENSP00000297347,0,0,0,0,0.21,0.866,0.8,0.769,0.994
MED15,MED8,9606.ENSP00000263205,9606.ENSP00000290663,0,0,0,0,0.049,0.952,0.8,0.69,0.996
MED15,MED25,9606.ENSP00000263205,9606.ENSP00000326767,0,0,0,0,0.32,0.925,0.8,0.736,0.997
MED15,MED9,9606.ENSP00000263205,9606.ENSP00000268711,0,0,0,0,0.049,0.943,0.8,0.796,0.997
MED15,MED26,9606.ENSP00000263205,9606.ENSP00000263390,0,0,0,0,0.049,0.939,0.8,0.795,0.997
MED15,MED21,9606.ENSP00000263205,9606.ENSP00000282892,0,0,0,0,0,0.956,0.8,0.8,0.998
MED15,MED6,9606.ENSP00000263205,9606.ENSP00000481920,0,0,0,0,0,0.959,0.8,0.84,0.998
MED15,MED20,9606.ENSP00000263205,9606.ENSP00000265350,0,0,0,0,0.076,0.967,0.8,0.778,0.998
MED15,MED22,9606.ENSP00000263205,9606.ENSP00000482438,0,0,0,0,0.083,0.938,0.8,0.877,0.998
MED15,MED19,9606.ENSP00000263205,9606.ENSP00000498791,0,0,0,0,0,0.974,0.8,0.873,0.999
MED15,MED23,9606.ENSP00000263205,9606.ENSP00000357047,0,0,0,0,0.128,0.979,0.8,0.968,0.999
MED15,MED24,9606.ENSP00000263205,9606.ENSP00000440100,0,0,0,0,0.246,0.982,0.8,0.893,0.999
MED15,MED27,9606.ENSP00000263205,9606.ENSP00000292035,0,0,0,0,0.163,0.981,0.8,0.962,0.999
MED15,MED16,9606.ENSP00000263205,9606.ENSP00000325612,0,0,0,0,0.102,0.983,0.8,0.948,0.999
MED15,MED18,9606.ENSP00000263205,9606.ENSP00000362948,0,0,0,0,0.11,0.998,0.8,0.884,0.999
MED15,MED7,9606.ENSP00000263205,9606.ENSP00000286317,0,0,0,0,0,0.97,0.8,0.85,0.999
MED15,MED29,9606.ENSP00000263205,9606.ENSP00000481733,0,0,0,0,0.067,0.984,0.8,0.952,0.999
MED16,MED31,9606.ENSP00000325612,9606.ENSP00000225728,0,0,0,0,0,0.925,0.8,0.811,0.996
MED16,MED28,9606.ENSP00000325612,9606.ENSP00000237380,0,0,0,0,0,0.998,0.8,0.554,0.999
MED16,MED17,9606.ENSP00000325612,9606.ENSP00000251871,0,0,0,0,0.08,0.966,0.9,0.86,0.999
MED16,MED4,9606.ENSP00000325612,9606.ENSP00000258648,0,0,0,0,0.107,0.972,0.9,0.636,0.998
MED16,MED26,9606.ENSP00000325612,9606.ENSP00000263390,0,0,0,0,0.044,0.92,0.9,0.693,0.997
MED16,MED20,9606.ENSP00000325612,9606.ENSP00000265350,0,0,0,0,0.067,0.961,0.8,0.747,0.997
MED16,MED9,9606.ENSP00000325612,9606.ENSP00000268711,0,0,0,0,0,0.966,0.8,0.716,0.997
MED16,MED21,9606.ENSP00000325612,9606.ENSP00000282892,0,0,0,0,0.053,0.968,0.9,0.771,0.999
MED16,MED7,9606.ENSP00000325612,9606.ENSP00000286317,0,0,0,0,0.06,0.967,0.8,0.722,0.998
MED16,MED8,9606.ENSP00000325612,9606.ENSP00000290663,0,0,0,0,0,0.967,0.9,0.706,0.998
MED16,MED27,9606.ENSP00000325612,9606.ENSP00000292035,0,0,0,0,0.097,0.978,0.8,0.908,0.999
MED16,MED30,9606.ENSP00000325612,9606.ENSP00000297347,0,0,0,0,0.082,0.924,0.9,0.693,0.997
MED16,PPARGC1B,9606.ENSP00000325612,9606.ENSP00000312649,0,0,0,0,0,0,0.9,0,0.9
MED16,RXRA,9606.ENSP00000325612,9606.ENSP00000419692,0,0,0,0,0.067,0.091,0.65,0.432,0.809
MED16,THRAP3,9606.ENSP00000325612,9606.ENSP00000346634,0,0,0,0,0.062,0.073,0.9,0.472,0.948
MED16,MED25,9606.ENSP00000325612,9606.ENSP00000326767,0,0,0,0,0.277,0.978,0.8,0.375,0.997
MED16,MED19,9606.ENSP00000325612,9606.ENSP00000498791,0,0,0,0,0.068,0.98,0.8,0.746,0.998
MED16,MED6,9606.ENSP00000325612,9606.ENSP00000481920,0,0,0,0,0,0.957,0.9,0.773,0.998
MED16,MED23,9606.ENSP00000325612,9606.ENSP00000357047,0,0,0,0,0.076,0.978,0.8,0.96,0.999
MED16,MED24,9606.ENSP00000325612,9606.ENSP00000440100,0,0,0,0,0.109,0.985,0.8,0.939,0.999
MED16,MED22,9606.ENSP00000325612,9606.ENSP00000482438,0,0,0,0,0.107,0.957,0.9,0.865,0.999
MED16,MED18,9606.ENSP00000325612,9606.ENSP00000362948,0,0,0,0,0.073,0.998,0.9,0.887,0.999
MED16,MED29,9606.ENSP00000325612,9606.ENSP00000481733,0,0,0,0,0.048,0.988,0.9,0.931,0.999
MED17,MED31,9606.ENSP00000251871,9606.ENSP00000225728,0,0,0,0,0.053,0.994,0.8,0.952,0.999
MED17,MED28,9606.ENSP00000251871,9606.ENSP00000237380,0,0,0,0,0.107,0.999,0.8,0.704,0.999
MED17,RXRA,9606.ENSP00000251871,9606.ENSP00000419692,0,0,0,0,0.101,0.091,0.65,0.099,0.707
MED17,PPARGC1B,9606.ENSP00000251871,9606.ENSP00000312649,0,0,0,0,0,0,0.9,0,0.9
MED17,THRAP3,9606.ENSP00000251871,9606.ENSP00000346634,0,0,0,0,0.108,0,0.9,0,0.906
MED17,MED25,9606.ENSP00000251871,9606.ENSP00000326767,0,0,0,0,0.25,0.925,0.8,0.69,0.996
MED17,MED9,9606.ENSP00000251871,9606.ENSP00000268711,0,0,0,0,0.074,0.964,0.8,0.695,0.997
MED17,MED23,9606.ENSP00000251871,9606.ENSP00000357047,0,0,0,0,0.297,0.956,0.8,0.817,0.998
MED17,MED24,9606.ENSP00000251871,9606.ENSP00000440100,0,0,0,0,0.153,0.968,0.8,0.756,0.998
MED17,MED30,9606.ENSP00000251871,9606.ENSP00000297347,0,0,0,0,0.434,0.984,0.9,0.956,0.999
MED17,MED19,9606.ENSP00000251871,9606.ENSP00000498791,0,0,0,0,0.115,0.981,0.8,0.947,0.999
MED17,MED8,9606.ENSP00000251871,9606.ENSP00000290663,0,0,0,0,0.055,0.984,0.9,0.996,0.999
MED17,MED4,9606.ENSP00000251871,9606.ENSP00000258648,0,0,0,0,0.428,0.984,0.9,0.793,0.999
MED17,MED21,9606.ENSP00000251871,9606.ENSP00000282892,0,0,0,0,0.049,0.995,0.9,0.946,0.999
MED17,MED6,9606.ENSP00000251871,9606.ENSP00000481920,0,0,0,0,0.138,0.995,0.9,0.995,0.999
MED17,MED20,9606.ENSP00000251871,9606.ENSP00000265350,0,0,0,0,0.219,0.986,0.8,0.989,0.999
MED17,MED22,9606.ENSP00000251871,9606.ENSP00000482438,0,0,0,0,0.216,0.996,0.9,0.994,0.999
MED17,MED27,9606.ENSP00000251871,9606.ENSP00000292035,0,0,0,0,0.146,0.984,0.8,0.976,0.999
MED17,MED18,9606.ENSP00000251871,9606.ENSP00000362948,0,0,0,0,0.138,0.999,0.9,0.949,0.999
MED17,MED26,9606.ENSP00000251871,9606.ENSP00000263390,0,0,0,0,0.048,0.991,0.9,0.841,0.999
MED17,MED7,9606.ENSP00000251871,9606.ENSP00000286317,0,0,0,0,0.089,0.995,0.8,0.938,0.999
MED17,MED29,9606.ENSP00000251871,9606.ENSP00000481733,0,0,0,0,0.074,0.975,0.9,0.84,0.999
MED18,MED31,9606.ENSP00000362948,9606.ENSP00000225728,0,0,0,0,0.049,0.998,0.8,0.791,0.999
MED18,MED28,9606.ENSP00000362948,9606.ENSP00000237380,0,0,0,0,0.042,0.998,0.8,0.702,0.999
MED18,MED4,9606.ENSP00000362948,9606.ENSP00000258648,0,0,0,0,0.127,0.998,0.9,0.716,0.999
MED18,MED26,9606.ENSP00000362948,9606.ENSP00000263390,0,0,0,0,0.067,0.998,0.9,0.749,0.999
MED18,MED20,9606.ENSP00000362948,9606.ENSP00000265350,0,0,0,0,0.067,0.999,0.8,0.999,0.999
MED18,MED9,9606.ENSP00000362948,9606.ENSP00000268711,0,0,0,0,0,0.968,0.8,0.831,0.998
MED18,MED21,9606.ENSP00000362948,9606.ENSP00000282892,0,0,0,0,0.09,0.998,0.9,0.873,0.999
MED18,MED7,9606.ENSP00000362948,9606.ENSP00000286317,0,0,0,0,0.042,0.995,0.8,0.811,0.999
MED18,MED8,9606.ENSP00000362948,9606.ENSP00000290663,0,0,0,0,0.092,0.999,0.9,0.996,0.999
MED18,MED27,9606.ENSP00000362948,9606.ENSP00000292035,0,0,0,0,0.106,0.998,0.8,0.834,0.999
MED18,MED30,9606.ENSP00000362948,9606.ENSP00000297347,0,0,0,0,0.172,0.998,0.9,0.93,0.999
MED18,PPARGC1B,9606.ENSP00000362948,9606.ENSP00000312649,0,0,0,0,0,0,0.9,0,0.9
MED18,MED25,9606.ENSP00000362948,9606.ENSP00000326767,0,0,0,0,0.127,0.954,0.8,0.292,0.993
MED18,THRAP3,9606.ENSP00000362948,9606.ENSP00000346634,0,0,0,0,0.067,0,0.9,0,0.902
MED18,MED23,9606.ENSP00000362948,9606.ENSP00000357047,0,0,0,0,0.082,0.998,0.8,0.685,0.999
MED18,MED22,9606.ENSP00000362948,9606.ENSP00000482438,0,0,0,0,0.705,0.999,0.9,0.991,0.999
MED18,MED29,9606.ENSP00000362948,9606.ENSP00000481733,0,0,0,0,0,0.998,0.9,0.978,0.999
MED18,MED19,9606.ENSP00000362948,9606.ENSP00000498791,0,0,0,0,0,0.984,0.8,0.977,0.999
MED18,MED6,9606.ENSP00000362948,9606.ENSP00000481920,0,0,0,0,0.042,0.998,0.9,0.994,0.999
MED18,MED24,9606.ENSP00000362948,9606.ENSP00000440100,0,0,0,0,0.125,0.998,0.8,0.621,0.999
MED19,MED31,9606.ENSP00000498791,9606.ENSP00000225728,0,0,0,0,0.06,0.978,0.8,0.973,0.999
MED19,MED28,9606.ENSP00000498791,9606.ENSP00000237380,0,0,0,0,0.055,0.998,0.8,0.694,0.999
MED19,MED4,9606.ENSP00000498791,9606.ENSP00000258648,0,0,0,0,0.05,0.981,0.8,0.73,0.998
MED19,MED26,9606.ENSP00000498791,9606.ENSP00000263390,0,0,0,0,0.119,0.977,0.8,0.913,0.999
MED19,MED20,9606.ENSP00000498791,9606.ENSP00000265350,0,0,0,0,0.044,0.978,0.8,0.841,0.999
MED19,MED9,9606.ENSP00000498791,9606.ENSP00000268711,0,0,0,0,0.103,0.973,0.8,0.91,0.999
MED19,MED21,9606.ENSP00000498791,9606.ENSP00000282892,0,0,0,0,0.086,0.986,0.8,0.603,0.998
MED19,MED7,9606.ENSP00000498791,9606.ENSP00000286317,0,0,0,0,0.11,0.988,0.8,0.9,0.999
MED19,MED8,9606.ENSP00000498791,9606.ENSP00000290663,0,0,0,0,0.216,0.983,0.8,0.826,0.999
MED19,MED27,9606.ENSP00000498791,9606.ENSP00000292035,0,0,0,0,0.084,0.983,0.8,0.948,0.999
MED19,MED30,9606.ENSP00000498791,9606.ENSP00000297347,0,0,0,0,0.074,0.975,0.8,0.771,0.998
MED19,MED25,9606.ENSP00000498791,9606.ENSP00000326767,0,0,0,0,0.044,0.974,0.8,0.416,0.996
MED19,MED23,9606.ENSP00000498791,9606.ENSP00000357047,0,0,0,0,0,0.974,0.8,0.735,0.998
MED19,MED24,9606.ENSP00000498791,9606.ENSP00000440100,0,0,0,0,0,0.977,0.8,0.622,0.998
MED19,MED29,9606.ENSP00000498791,9606.ENSP00000481733,0,0,0,0,0.128,0.983,0.8,0.737,0.999
MED19,MED6,9606.ENSP00000498791,9606.ENSP00000481920,0,0,0,0,0.15,0.983,0.8,0.83,0.999
MED19,MED22,9606.ENSP00000498791,9606.ENSP00000482438,0,0,0,0,0.044,0.974,0.8,0.853,0.999
MED20,MED31,9606.ENSP00000265350,9606.ENSP00000225728,0,0,0,0,0.049,0.959,0.8,0.759,0.997
MED20,MED28,9606.ENSP00000265350,9606.ENSP00000237380,0,0,0,0,0.088,0.998,0.8,0.657,0.999
MED20,MED4,9606.ENSP00000265350,9606.ENSP00000258648,0,0,0,0,0.084,0.969,0.8,0.768,0.998
MED20,MED26,9606.ENSP00000265350,9606.ENSP00000263390,0,0,0,0,0.049,0.957,0.8,0.719,0.997
MED20,MED25,9606.ENSP00000265350,9606.ENSP00000326767,0,0,0,0,0.083,0.922,0.8,0.338,0.989
MED20,MED24,9606.ENSP00000265350,9606.ENSP00000440100,0,0,0,0,0.107,0.967,0.8,0.513,0.996
MED20,MED23,9606.ENSP00000265350,9606.ENSP00000357047,0,0,0,0,0.072,0.964,0.8,0.563,0.996
MED20,MED9,9606.ENSP00000265350,9606.ENSP00000268711,0,0,0,0,0.067,0.967,0.8,0.77,0.998
MED20,MED6,9606.ENSP00000265350,9606.ENSP00000481920,0,0,0,0,0.067,0.974,0.8,0.991,0.999
MED20,MED21,9606.ENSP00000265350,9606.ENSP00000282892,0,0,0,0,0.054,0.965,0.8,0.916,0.999
MED20,MED30,9606.ENSP00000265350,9606.ENSP00000297347,0,0,0,0,0.072,0.979,0.8,0.913,0.999
MED20,MED8,9606.ENSP00000265350,9606.ENSP00000290663,0,0,0,0,0.115,0.97,0.8,0.995,0.999
MED20,MED27,9606.ENSP00000265350,9606.ENSP00000292035,0,0,0,0,0.097,0.986,0.8,0.848,0.999
MED20,MED29,9606.ENSP00000265350,9606.ENSP00000481733,0,0,0,0,0.06,0.976,0.8,0.976,0.999
MED20,MED7,9606.ENSP00000265350,9606.ENSP00000286317,0,0,0,0,0.1,0.97,0.8,0.838,0.999
MED20,MED22,9606.ENSP00000265350,9606.ENSP00000482438,0,0,0,0,0.057,0.968,0.8,0.984,0.999
MED21,MED31,9606.ENSP00000282892,9606.ENSP00000225728,0,0,0,0,0.124,0.997,0.8,0.874,0.999
MED21,MED28,9606.ENSP00000282892,9606.ENSP00000237380,0,0,0,0,0.06,0.998,0.8,0.536,0.999
MED21,MED4,9606.ENSP00000282892,9606.ENSP00000258648,0,0,0,0,0.117,0.987,0.9,0.764,0.999
MED21,MED26,9606.ENSP00000282892,9606.ENSP00000263390,0,0,0,0,0.077,0.99,0.9,0.8,0.999
MED21,MED9,9606.ENSP00000282892,9606.ENSP00000268711,0,0,0,0,0.056,0.984,0.8,0.803,0.999
MED21,NCOA1,9606.ENSP00000282892,9606.ENSP00000385216,0,0,0,0,0.043,0,0.5,0.478,0.728
MED21,THRAP3,9606.ENSP00000282892,9606.ENSP00000346634,0,0,0,0,0,0,0.9,0,0.9
MED21,PPARGC1B,9606.ENSP00000282892,9606.ENSP00000312649,0,0,0,0,0,0,0.9,0,0.9
MED21,MED25,9606.ENSP00000282892,9606.ENSP00000326767,0,0,0,0,0.055,0.956,0.8,0.202,0.992
MED21,MED24,9606.ENSP00000282892,9606.ENSP00000440100,0,0,0,0,0,0.968,0.8,0.591,0.997
MED21,MED23,9606.ENSP00000282892,9606.ENSP00000357047,0,0,0,0,0.06,0.967,0.8,0.786,0.998
MED21,MED27,9606.ENSP00000282892,9606.ENSP00000292035,0,0,0,0,0.084,0.964,0.8,0.755,0.998
MED21,MED6,9606.ENSP00000282892,9606.ENSP00000481920,0,0,0,0,0.14,0.997,0.9,0.981,0.999
MED21,MED30,9606.ENSP00000282892,9606.ENSP00000297347,0,0,0,0,0.056,0.969,0.9,0.734,0.999
MED21,MED8,9606.ENSP00000282892,9606.ENSP00000290663,0,0,0,0,0.06,0.968,0.9,0.834,0.999
MED21,MED29,9606.ENSP00000282892,9606.ENSP00000481733,0,0,0,0,0.049,0.973,0.9,0.828,0.999
MED21,MED7,9606.ENSP00000282892,9606.ENSP00000286317,0,0,0,0,0.201,0.997,0.8,0.989,0.999
MED21,MED22,9606.ENSP00000282892,9606.ENSP00000482438,0,0,0,0,0.067,0.997,0.9,0.81,0.999
MED22,MED31,9606.ENSP00000482438,9606.ENSP00000225728,0,0,0,0,0,0.996,0.8,0.805,0.999
MED22,MED28,9606.ENSP00000482438,9606.ENSP00000237380,0,0,0,0,0,0.999,0.8,0.703,0.999
MED22,MED4,9606.ENSP00000482438,9606.ENSP00000258648,0,0,0,0,0.164,0.973,0.9,0.717,0.999
MED22,MED26,9606.ENSP00000482438,9606.ENSP00000263390,0,0,0,0,0.076,0.958,0.9,0.855,0.999
MED22,MED9,9606.ENSP00000482438,9606.ENSP00000268711,0,0,0,0,0.048,0.967,0.8,0.843,0.998
MED22,MED7,9606.ENSP00000482438,9606.ENSP00000286317,0,0,0,0,0,0.997,0.8,0.896,0.999
MED22,MED8,9606.ENSP00000482438,9606.ENSP00000290663,0,0,0,0,0.081,0.978,0.9,0.996,0.999
MED22,MED27,9606.ENSP00000482438,9606.ENSP00000292035,0,0,0,0,0.088,0.983,0.8,0.945,0.999
MED22,MED30,9606.ENSP00000482438,9606.ENSP00000297347,0,0,0,0,0.188,0.983,0.9,0.982,0.999
MED22,PPARGC1B,9606.ENSP00000482438,9606.ENSP00000312649,0,0,0,0,0,0,0.9,0,0.9
MED22,MED25,9606.ENSP00000482438,9606.ENSP00000326767,0,0,0,0,0.101,0.921,0.8,0.305,0.988
MED22,THRAP3,9606.ENSP00000482438,9606.ENSP00000346634,0,0,0,0,0.067,0,0.9,0,0.902
MED22,MED23,9606.ENSP00000482438,9606.ENSP00000357047,0,0,0,0,0.163,0.961,0.8,0.851,0.998
MED22,MED24,9606.ENSP00000482438,9606.ENSP00000440100,0,0,0,0,0.107,0.967,0.8,0.582,0.997
MED22,MED29,9606.ENSP00000482438,9606.ENSP00000481733,0,0,0,0,0.047,0.967,0.9,0.79,0.999
MED22,MED6,9606.ENSP00000482438,9606.ENSP00000481920,0,0,0,0,0,0.997,0.9,0.995,0.999
MED23,MED31,9606.ENSP00000357047,9606.ENSP00000225728,0,0,0,0,0,0.966,0.8,0.701,0.997
MED23,MED28,9606.ENSP00000357047,9606.ENSP00000237380,0,0,0,0,0.042,0.998,0.8,0.71,0.999
MED23,MED4,9606.ENSP00000357047,9606.ENSP00000258648,0,0,0,0,0.393,0.966,0.8,0.941,0.999
MED23,MED26,9606.ENSP00000357047,9606.ENSP00000263390,0,0,0,0,0,0.955,0.8,0.807,0.998
MED23,MED9,9606.ENSP00000357047,9606.ENSP00000268711,0,0,0,0,0,0.957,0.8,0.57,0.996
MED23,MED7,9606.ENSP00000357047,9606.ENSP00000286317,0,0,0,0,0.044,0.968,0.8,0.615,0.997
MED23,MED8,9606.ENSP00000357047,9606.ENSP00000290663,0,0,0,0,0,0.959,0.8,0.569,0.996
MED23,MED27,9606.ENSP00000357047,9606.ENSP00000292035,0,0,0,0,0.109,0.958,0.8,0.707,0.997
MED23,MED30,9606.ENSP00000357047,9606.ENSP00000297347,0,0,0,0,0.256,0.958,0.8,0.771,0.998
MED23,MED25,9606.ENSP00000357047,9606.ENSP00000326767,0,0,0,0,0.179,0.987,0.8,0.648,0.999
MED23,NCOA3,9606.ENSP00000357047,9606.ENSP00000361066,0,0,0,0,0.171,0,0.5,0.411,0.734
MED23,MED29,9606.ENSP00000357047,9606.ENSP00000481733,0,0,0,0,0,0.958,0.8,0.75,0.997
MED23,MED6,9606.ENSP00000357047,9606.ENSP00000481920,0,0,0,0,0.074,0.967,0.8,0.832,0.998
MED23,MED24,9606.ENSP00000357047,9606.ENSP00000440100,0,0,0,0,0.163,0.98,0.8,0.763,0.999
MED24,MED31,9606.ENSP00000440100,9606.ENSP00000225728,0,0,0,0,0,0.957,0.8,0.507,0.995
MED24,MED28,9606.ENSP00000440100,9606.ENSP00000237380,0,0,0,0,0,0.998,0.8,0.376,0.999
MED24,MED4,9606.ENSP00000440100,9606.ENSP00000258648,0,0,0,0,0.257,0.973,0.8,0.582,0.998
MED24,MED26,9606.ENSP00000440100,9606.ENSP00000263390,0,0,0,0,0,0.948,0.8,0.64,0.996
MED24,MED9,9606.ENSP00000440100,9606.ENSP00000268711,0,0,0,0,0.049,0.967,0.8,0.578,0.997
MED24,MED7,9606.ENSP00000440100,9606.ENSP00000286317,0,0,0,0,0,0.966,0.8,0.668,0.997
MED24,PPARG,9606.ENSP00000440100,9606.ENSP00000287820,0,0,0,0,0,0.294,0.5,0.346,0.749
MED24,MED8,9606.ENSP00000440100,9606.ENSP00000290663,0,0.034,0,0,0,0.973,0.8,0.573,0.997
MED24,MED27,9606.ENSP00000440100,9606.ENSP00000292035,0,0,0,0,0.144,0.968,0.827,0.871,0.999
MED24,MED30,9606.ENSP00000440100,9606.ENSP00000297347,0,0,0,0,0.163,0.959,0.8,0.501,0.996
MED24,MED25,9606.ENSP00000440100,9606.ENSP00000326767,0,0,0,0,0.25,0.968,0.8,0.321,0.996
MED24,PPARA,9606.ENSP00000440100,9606.ENSP00000385523,0,0,0,0,0,0.294,0,0.677,0.762
MED24,RXRA,9606.ENSP00000440100,9606.ENSP00000419692,0,0,0,0,0.097,0.294,0.65,0.468,0.865
MED24,MED6,9606.ENSP00000440100,9606.ENSP00000481920,0,0,0,0,0,0.967,0.8,0.725,0.998
MED24,MED29,9606.ENSP00000440100,9606.ENSP00000481733,0,0,0,0,0.049,0.974,0.8,0.875,0.999
MED25,MED31,9606.ENSP00000326767,9606.ENSP00000225728,0,0,0,0,0,0.875,0.8,0.326,0.981
MED25,MED28,9606.ENSP00000326767,9606.ENSP00000237380,0,0,0,0,0,0.998,0.8,0.121,0.999
MED25,MED4,9606.ENSP00000326767,9606.ENSP00000258648,0,0,0,0,0.394,0.95,0.8,0.412,0.996
MED25,MED26,9606.ENSP00000326767,9606.ENSP00000263390,0,0,0,0,0.067,0.923,0.8,0.455,0.991
MED25,MED9,9606.ENSP00000326767,9606.ENSP00000268711,0,0,0,0,0.049,0.929,0.8,0.222,0.988
MED25,MED7,9606.ENSP00000326767,9606.ENSP00000286317,0,0,0,0,0,0.939,0.8,0.429,0.992
MED25,MED8,9606.ENSP00000326767,9606.ENSP00000290663,0,0,0,0,0,0.818,0.8,0.405,0.976
MED25,MED27,9606.ENSP00000326767,9606.ENSP00000292035,0,0,0,0,0.164,0.886,0.8,0.27,0.984
MED25,MED30,9606.ENSP00000326767,9606.ENSP00000297347,0,0,0,0,0.257,0.892,0.8,0.342,0.988
MED25,MED29,9606.ENSP00000326767,9606.ENSP00000481733,0,0,0,0,0.049,0.956,0.8,0.345,0.993
MED25,MED6,9606.ENSP00000326767,9606.ENSP00000481920,0,0,0,0,0,0.947,0.8,0.802,0.997
MED26,MED31,9606.ENSP00000263390,9606.ENSP00000225728,0,0,0,0,0,0.985,0.8,0.82,0.999
MED26,MED28,9606.ENSP00000263390,9606.ENSP00000237380,0,0,0,0,0,0.998,0.8,0.733,0.999
MED26,MED4,9606.ENSP00000263390,9606.ENSP00000258648,0,0,0,0,0,0.997,0.9,0.733,0.999
MED26,PPARGC1B,9606.ENSP00000263390,9606.ENSP00000312649,0,0,0,0,0.049,0,0.9,0,0.9
MED26,THRAP3,9606.ENSP00000263390,9606.ENSP00000346634,0,0,0,0,0.055,0.072,0.9,0,0.904
MED26,MED8,9606.ENSP00000263390,9606.ENSP00000290663,0,0,0,0,0.062,0.922,0.9,0.707,0.997
MED26,MED27,9606.ENSP00000263390,9606.ENSP00000292035,0,0,0,0,0.049,0.95,0.8,0.81,0.998
MED26,MED29,9606.ENSP00000263390,9606.ENSP00000481733,0,0,0,0,0.095,0.963,0.9,0.725,0.998
MED26,MED9,9606.ENSP00000263390,9606.ENSP00000268711,0,0,0,0,0.049,0.955,0.8,0.803,0.998
MED26,MED7,9606.ENSP00000263390,9606.ENSP00000286317,0,0,0,0,0,0.991,0.8,0.871,0.999
MED26,MED6,9606.ENSP00000263390,9606.ENSP00000481920,0,0,0,0,0.077,0.995,0.9,0.794,0.999
MED26,MED30,9606.ENSP00000263390,9606.ENSP00000297347,0,0,0,0,0.044,0.94,0.9,0.86,0.999
MED27,MED31,9606.ENSP00000292035,9606.ENSP00000225728,0,0,0,0,0.06,0.924,0.8,0.924,0.998
MED27,MED28,9606.ENSP00000292035,9606.ENSP00000237380,0,0,0,0,0.045,0.999,0.8,0.787,0.999
MED27,MED4,9606.ENSP00000292035,9606.ENSP00000258648,0,0,0,0,0.183,0.974,0.8,0.707,0.998
MED27,MED9,9606.ENSP00000292035,9606.ENSP00000268711,0,0,0,0,0,0.946,0.8,0.663,0.996
MED27,MED7,9606.ENSP00000292035,9606.ENSP00000286317,0,0,0,0,0.067,0.97,0.8,0.962,0.999
MED27,MED8,9606.ENSP00000292035,9606.ENSP00000290663,0,0,0,0,0.085,0.964,0.8,0.772,0.998
MED27,MED6,9606.ENSP00000292035,9606.ENSP00000481920,0,0,0,0,0.067,0.964,0.8,0.83,0.998
MED27,MED30,9606.ENSP00000292035,9606.ENSP00000297347,0,0,0,0,0.162,0.983,0.8,0.969,0.999
MED27,MED29,9606.ENSP00000292035,9606.ENSP00000481733,0,0,0,0,0.049,0.985,0.8,0.994,0.999
MED28,MED31,9606.ENSP00000237380,9606.ENSP00000225728,0,0,0,0,0.056,0.998,0.8,0.447,0.999
MED28,MED7,9606.ENSP00000237380,9606.ENSP00000286317,0,0,0,0,0.083,0.974,0.8,0.693,0.998
MED28,MED6,9606.ENSP00000237380,9606.ENSP00000481920,0,0,0,0,0.07,0.998,0.8,0.744,0.999
MED28,MED29,9606.ENSP00000237380,9606.ENSP00000481733,0,0,0,0,0.082,0.999,0.8,0.768,0.999
MED28,MED30,9606.ENSP00000237380,9606.ENSP00000297347,0,0,0,0,0.083,0.999,0.8,0.754,0.999
MED28,MED9,9606.ENSP00000237380,9606.ENSP00000268711,0,0,0,0,0.06,0.998,0.8,0.567,0.999
MED28,MED4,9606.ENSP00000237380,9606.ENSP00000258648,0,0,0,0,0.14,0.998,0.8,0.327,0.999
MED28,MED8,9606.ENSP00000237380,9606.ENSP00000290663,0,0,0,0,0.042,0.998,0.8,0.676,0.999
MED29,MED31,9606.ENSP00000481733,9606.ENSP00000225728,0,0,0,0,0.049,0.967,0.8,0.674,0.997
MED29,MED4,9606.ENSP00000481733,9606.ENSP00000258648,0,0,0,0,0.06,0.975,0.9,0.735,0.999
MED29,MED9,9606.ENSP00000481733,9606.ENSP00000268711,0,0,0,0,0.147,0.965,0.8,0.713,0.998
MED29,MED7,9606.ENSP00000481733,9606.ENSP00000286317,0,0,0,0,0.06,0.97,0.8,0.831,0.998
MED29,MED8,9606.ENSP00000481733,9606.ENSP00000290663,0,0,0,0,0.091,0.981,0.9,0.785,0.999
MED29,MED30,9606.ENSP00000481733,9606.ENSP00000297347,0,0,0,0,0.042,0.983,0.9,0.771,0.999
MED29,PPARGC1B,9606.ENSP00000481733,9606.ENSP00000312649,0,0,0,0,0,0,0.9,0,0.9
MED29,THRAP3,9606.ENSP00000481733,9606.ENSP00000346634,0,0,0,0,0.049,0,0.9,0,0.9
MED29,MED6,9606.ENSP00000481733,9606.ENSP00000481920,0,0,0,0,0.057,0.978,0.9,0.818,0.999
MED30,MED31,9606.ENSP00000297347,9606.ENSP00000225728,0,0,0,0,0,0.924,0.8,0.755,0.996
MED30,MED4,9606.ENSP00000297347,9606.ENSP00000258648,0,0,0,0,0.434,0.968,0.9,0.665,0.999
MED30,MED9,9606.ENSP00000297347,9606.ENSP00000268711,0,0,0,0,0,0.955,0.8,0.734,0.997
MED30,MED7,9606.ENSP00000297347,9606.ENSP00000286317,0,0,0,0,0.048,0.968,0.8,0.819,0.998
MED30,MED8,9606.ENSP00000297347,9606.ENSP00000290663,0,0,0,0,0,0.96,0.9,0.898,0.999
MED30,PPARGC1B,9606.ENSP00000297347,9606.ENSP00000312649,0,0,0,0,0,0,0.9,0,0.9
MED30,THRAP3,9606.ENSP00000297347,9606.ENSP00000346634,0,0,0,0,0.109,0,0.9,0,0.907
MED30,MED6,9606.ENSP00000297347,9606.ENSP00000481920,0,0,0,0,0.059,0.972,0.9,0.891,0.999
MED31,MED8,9606.ENSP00000225728,9606.ENSP00000290663,0,0,0,0,0.14,0.926,0.8,0.851,0.997
MED31,MED9,9606.ENSP00000225728,9606.ENSP00000268711,0,0,0,0,0.047,0.955,0.8,0.872,0.998
MED31,MED4,9606.ENSP00000225728,9606.ENSP00000258648,0,0,0,0,0.105,0.982,0.8,0.831,0.999
MED31,MED7,9606.ENSP00000225728,9606.ENSP00000286317,0,0,0,0,0.256,0.997,0.8,0.971,0.999
MED31,MED6,9606.ENSP00000225728,9606.ENSP00000481920,0,0,0,0,0.263,0.995,0.8,0.875,0.999
MED4,PPARGC1A,9606.ENSP00000258648,9606.ENSP00000264867,0,0,0,0,0,0,0.5,0.473,0.725
MED4,NCOA1,9606.ENSP00000258648,9606.ENSP00000385216,0,0,0,0,0,0,0.5,0.564,0.772
MED4,PPARGC1B,9606.ENSP00000258648,9606.ENSP00000312649,0,0,0,0,0,0,0.9,0.111,0.907
MED4,THRAP3,9606.ENSP00000258648,9606.ENSP00000346634,0,0,0,0,0.127,0.069,0.9,0,0.911
MED4,MED7,9606.ENSP00000258648,9606.ENSP00000286317,0,0,0,0,0.098,0.984,0.8,0.834,0.999
MED4,MED9,9606.ENSP00000258648,9606.ENSP00000268711,0,0,0,0,0.049,0.987,0.8,0.986,0.999
MED4,MED8,9606.ENSP00000258648,9606.ENSP00000290663,0,0,0,0,0.06,0.975,0.9,0.769,0.999
MED4,MED6,9606.ENSP00000258648,9606.ENSP00000481920,0,0,0,0,0.194,0.978,0.9,0.852,0.999
MED6,MED9,9606.ENSP00000481920,9606.ENSP00000268711,0,0,0,0,0.049,0.956,0.8,0.767,0.997
MED6,MED7,9606.ENSP00000481920,9606.ENSP00000286317,0,0,0,0,0.175,0.997,0.8,0.986,0.999
MED6,MED8,9606.ENSP00000481920,9606.ENSP00000290663,0,0,0,0,0.126,0.979,0.9,0.993,0.999
MED6,PPARGC1B,9606.ENSP00000481920,9606.ENSP00000312649,0,0,0,0,0,0,0.9,0,0.9
MED6,THRAP3,9606.ENSP00000481920,9606.ENSP00000346634,0,0,0,0,0.06,0,0.9,0.129,0.91
MED7,MED9,9606.ENSP00000286317,9606.ENSP00000268711,0,0,0,0,0.047,0.986,0.8,0.905,0.999
MED7,MED8,9606.ENSP00000286317,9606.ENSP00000290663,0,0,0,0,0.186,0.973,0.8,0.903,0.999
MED8,MED9,9606.ENSP00000290663,9606.ENSP00000268711,0,0,0,0,0,0.955,0.8,0.727,0.997
MED8,PPARGC1B,9606.ENSP00000290663,9606.ENSP00000312649,0,0,0,0,0,0,0.9,0,0.9
MED8,THRAP3,9606.ENSP00000290663,9606.ENSP00000346634,0,0,0,0,0.068,0,0.9,0.115,0.91
MGLL,MOGAT2,9606.ENSP00000265052,9606.ENSP00000198801,0,0,0,0,0,0.071,0.9,0.263,0.925
MGLL,PNPLA3,9606.ENSP00000265052,9606.ENSP00000216180,0,0,0,0,0.042,0,0.9,0.41,0.938
MGLL,MOGAT3,9606.ENSP00000265052,9606.ENSP00000223114,0,0,0,0,0,0.071,0.9,0.214,0.92
MGLL,NDUFAB1,9606.ENSP00000265052,9606.ENSP00000458770,0.118,0,0,0,0.067,0.77,0,0.203,0.828
MGLL,PNLIPRP3,9606.ENSP00000265052,9606.ENSP00000358232,0,0,0,0,0,0,0.9,0.09,0.905
MGLL,PNLIPRP1,9606.ENSP00000265052,9606.ENSP00000433933,0,0,0,0,0,0,0.9,0.153,0.911
MGLL,MOGAT1,9606.ENSP00000265052,9606.ENSP00000406674,0,0,0,0,0,0.071,0.9,0.336,0.932
MGLL,PNLIP,9606.ENSP00000265052,9606.ENSP00000358223,0,0,0,0,0,0,0.9,0.434,0.94
MGLL,NCEH1,9606.ENSP00000265052,9606.ENSP00000442464,0.068,0,0,0,0.08,0,0,0.96,0.962
MGLL,PNPLA2,9606.ENSP00000265052,9606.ENSP00000337701,0,0,0,0,0.063,0,0.9,0.8,0.979
MID1IP1,THRSP,9606.ENSP00000483547,9606.ENSP00000281030,0,0,0,0.826,0,0.204,0.9,0.163,0.927
MLYCD,PRKAB2,9606.ENSP00000262430,9606.ENSP00000254101,0,0,0,0,0.074,0,0.9,0.144,0.913
MLYCD,PRKAA2,9606.ENSP00000262430,9606.ENSP00000360290,0,0,0,0,0,0,0.9,0.149,0.911
MLYCD,PRKAG2,9606.ENSP00000262430,9606.ENSP00000287878,0,0,0,0,0.064,0,0.9,0.202,0.918
MMAA,MMUT,9606.ENSP00000497008,9606.ENSP00000274813,0,0,0.533,0,0.064,0.512,0.7,0.967,0.997
MMUT,PCCA,9606.ENSP00000274813,9606.ENSP00000365462,0,0,0,0,0.152,0.099,0,0.887,0.906
MMUT,PCCB,9606.ENSP00000274813,9606.ENSP00000419027,0,0,0.238,0,0.146,0.087,0,0.906,0.937
MOGAT1,MOGAT2,9606.ENSP00000406674,9606.ENSP00000198801,0,0,0.064,0.952,0.08,0,0.9,0.085,0.91
MOGAT1,PNPLA3,9606.ENSP00000406674,9606.ENSP00000216180,0,0,0,0,0.101,0,0.65,0.299,0.76
MOGAT1,MOGAT3,9606.ENSP00000406674,9606.ENSP00000223114,0,0,0.081,0.919,0.043,0,0.9,0.112,0.911
MOGAT1,PNPLA2,9606.ENSP00000406674,9606.ENSP00000337701,0,0,0,0,0,0,0.65,0.376,0.772
MOGAT2,PNLIPRP1,9606.ENSP00000198801,9606.ENSP00000433933,0,0,0,0,0.056,0,0.65,0.168,0.701
MOGAT2,PNPLA3,9606.ENSP00000198801,9606.ENSP00000216180,0,0,0,0,0.06,0,0.65,0.199,0.713
MOGAT2,PNLIP,9606.ENSP00000198801,9606.ENSP00000358223,0,0,0,0,0.044,0,0.65,0.237,0.722
MOGAT2,PNPLA2,9606.ENSP00000198801,9606.ENSP00000337701,0,0,0,0,0,0,0.65,0.292,0.741
MOGAT2,MOGAT3,9606.ENSP00000198801,9606.ENSP00000223114,0,0,0.078,0.924,0.074,0,0.9,0.109,0.913
MOGAT3,PNPLA2,9606.ENSP00000223114,9606.ENSP00000337701,0,0,0,0,0.043,0,0.65,0.196,0.707
MTM1,PI4KA,9606.ENSP00000359423,9606.ENSP00000255882,0,0,0,0,0.049,0,0.65,0.289,0.742
MTM1,PIK3C3,9606.ENSP00000359423,9606.ENSP00000262039,0,0,0,0,0,0,0.65,0.938,0.977
MTM1,PIKFYVE,9606.ENSP00000359423,9606.ENSP00000264380,0,0,0,0,0.06,0,0.9,0.558,0.954
MTM1,PI4K2B,9606.ENSP00000359423,9606.ENSP00000264864,0,0,0,0,0.049,0,0.65,0.222,0.718
MTM1,PIK3C2A,9606.ENSP00000359423,9606.ENSP00000265970,0,0,0,0,0.062,0.142,0.65,0.371,0.799
MTM1,MTMR14,9606.ENSP00000359423,9606.ENSP00000296003,0,0,0,0,0.067,0,0,0.949,0.95
MTM1,PIK3R4,9606.ENSP00000359423,9606.ENSP00000349205,0,0,0,0,0.114,0,0,0.814,0.828
MTM1,PIK3C2B,9606.ENSP00000359423,9606.ENSP00000356155,0,0,0,0,0,0.142,0.65,0.518,0.842
MTM1,PI4KB,9606.ENSP00000359423,9606.ENSP00000357869,0,0,0,0,0.06,0,0.65,0.187,0.709
MTM1,PI4K2A,9606.ENSP00000359423,9606.ENSP00000359665,0,0,0,0,0,0,0.65,0.22,0.715
MTM1,PIP4K2A,9606.ENSP00000359423,9606.ENSP00000365757,0,0,0,0,0,0,0.674,0.176,0.72
MTM1,PIK3C2G,9606.ENSP00000359423,9606.ENSP00000445381,0,0,0,0,0,0.142,0.65,0.283,0.766
MTM1,PIP4P1,9606.ENSP00000359423,9606.ENSP00000381102,0,0.051,0,0,0.044,0,0.9,0.226,0.92
MTMR1,PIK3C3,9606.ENSP00000414178,9606.ENSP00000262039,0,0,0,0,0.044,0,0.65,0.317,0.751
MTMR1,PIKFYVE,9606.ENSP00000414178,9606.ENSP00000264380,0,0,0,0,0.06,0,0.9,0.405,0.939
MTMR1,PIK3C2A,9606.ENSP00000414178,9606.ENSP00000265970,0,0,0,0,0.054,0.142,0.65,0.259,0.761
MTMR1,MTMR2,9606.ENSP00000414178,9606.ENSP00000345752,0,0,0.053,0.974,0.049,0.623,0,0.393,0.766
MTMR1,PIP4K2C,9606.ENSP00000414178,9606.ENSP00000347032,0,0,0,0,0.06,0,0.674,0.204,0.735
MTMR1,PIK3C2B,9606.ENSP00000414178,9606.ENSP00000356155,0,0,0,0,0.074,0.142,0.65,0.25,0.763
MTMR1,PI4KB,9606.ENSP00000414178,9606.ENSP00000357869,0,0,0,0,0.138,0,0.65,0.215,0.742
MTMR1,PIP4K2A,9606.ENSP00000414178,9606.ENSP00000365757,0,0,0,0,0.042,0.18,0.674,0.252,0.783
MTMR1,PIP4P1,9606.ENSP00000414178,9606.ENSP00000381102,0,0.038,0,0,0.054,0,0.9,0.07,0.904
MTMR1,PIP4K2B,9606.ENSP00000414178,9606.ENSP00000482548,0,0,0,0,0,0,0.674,0.186,0.724
MTMR1,PIK3C2G,9606.ENSP00000414178,9606.ENSP00000445381,0,0,0,0,0,0.142,0.65,0.166,0.727
MTMR14,PIK3C3,9606.ENSP00000296003,9606.ENSP00000262039,0,0,0,0,0.049,0.076,0.65,0.367,0.779
MTMR14,PIKFYVE,9606.ENSP00000296003,9606.ENSP00000264380,0,0,0,0,0.049,0,0.9,0.296,0.927
MTMR14,PI4K2B,9606.ENSP00000296003,9606.ENSP00000264864,0,0,0,0,0,0,0.65,0.217,0.714
MTMR14,PIK3C2B,9606.ENSP00000296003,9606.ENSP00000356155,0,0,0,0,0.065,0,0.65,0.16,0.701
MTMR14,PI4KB,9606.ENSP00000296003,9606.ENSP00000357869,0,0,0,0,0.092,0,0.65,0.191,0.72
MTMR14,PIP4K2A,9606.ENSP00000296003,9606.ENSP00000365757,0,0,0,0,0.049,0,0.697,0.181,0.744
MTMR14,PIP4P1,9606.ENSP00000296003,9606.ENSP00000381102,0,0,0,0,0.062,0,0.9,0.055,0.903
MTMR2,PIK3R2,9606.ENSP00000345752,9606.ENSP00000222254,0,0,0,0,0,0,0.65,0.183,0.701
MTMR2,PI4KA,9606.ENSP00000345752,9606.ENSP00000255882,0,0,0,0,0,0,0.65,0.209,0.711
MTMR2,PIK3C3,9606.ENSP00000345752,9606.ENSP00000262039,0,0,0,0,0.049,0,0.65,0.809,0.931
MTMR2,PIK3R3,9606.ENSP00000345752,9606.ENSP00000262741,0,0,0,0,0.06,0,0.65,0.181,0.707
MTMR2,PIKFYVE,9606.ENSP00000345752,9606.ENSP00000264380,0,0,0,0,0,0,0.9,0.608,0.959
MTMR2,PIK3C2A,9606.ENSP00000345752,9606.ENSP00000265970,0,0,0,0,0.067,0.142,0.65,0.286,0.773
MTMR2,PIP4K2C,9606.ENSP00000345752,9606.ENSP00000347032,0,0,0,0,0,0,0.674,0.121,0.702
MTMR2,PI4KB,9606.ENSP00000345752,9606.ENSP00000357869,0,0,0,0,0.049,0,0.65,0.233,0.722
MTMR2,PIK3C2G,9606.ENSP00000345752,9606.ENSP00000445381,0,0,0,0,0,0.142,0.65,0.224,0.746
MTMR2,PIP4K2A,9606.ENSP00000345752,9606.ENSP00000365757,0,0,0,0,0.044,0,0.674,0.264,0.751
MTMR2,PIK3C2B,9606.ENSP00000345752,9606.ENSP00000356155,0,0,0,0,0,0.142,0.65,0.379,0.797
MTMR2,TPTE2,9606.ENSP00000345752,9606.ENSP00000383089,0,0,0,0,0.051,0,0,0.86,0.862
MTMR2,PIP4P1,9606.ENSP00000345752,9606.ENSP00000381102,0,0.045,0,0,0,0,0.9,0.164,0.913
MTMR3,PIK3C3,9606.ENSP00000384651,9606.ENSP00000262039,0,0,0,0,0.055,0,0.65,0.601,0.856
MTMR3,PIKFYVE,9606.ENSP00000384651,9606.ENSP00000264380,0,0,0,0.549,0.06,0,0.9,0.272,0.925
MTMR3,PIK3C2A,9606.ENSP00000384651,9606.ENSP00000265970,0,0,0,0,0.047,0.127,0.65,0.18,0.729
MTMR3,MTMR4,9606.ENSP00000384651,9606.ENSP00000325285,0,0,0.074,0.928,0.142,0.539,0.9,0.413,0.974
MTMR3,PIP4K2C,9606.ENSP00000384651,9606.ENSP00000347032,0,0,0,0,0.049,0,0.697,0.07,0.709
MTMR3,PIK3C2B,9606.ENSP00000384651,9606.ENSP00000356155,0,0,0,0,0.049,0.127,0.65,0.161,0.723
MTMR3,PI4KB,9606.ENSP00000384651,9606.ENSP00000357869,0,0,0,0,0.155,0,0.65,0.099,0.71
MTMR3,PIP4K2A,9606.ENSP00000384651,9606.ENSP00000365757,0,0,0,0,0.055,0,0.697,0.219,0.757
MTMR3,PIP4P1,9606.ENSP00000384651,9606.ENSP00000381102,0,0.074,0,0,0.054,0,0.9,0.115,0.912
MTMR3,PIP4K2B,9606.ENSP00000384651,9606.ENSP00000482548,0,0,0,0,0,0,0.697,0.07,0.706
MTMR3,PIK3C2G,9606.ENSP00000384651,9606.ENSP00000445381,0,0,0,0,0,0.127,0.65,0.145,0.715
MTMR4,PI4KA,9606.ENSP00000325285,9606.ENSP00000255882,0,0,0,0,0.138,0,0.65,0.176,0.729
MTMR4,PIK3C3,9606.ENSP00000325285,9606.ENSP00000262039,0,0,0,0,0.049,0,0.65,0.5,0.819
MTMR4,PIKFYVE,9606.ENSP00000325285,9606.ENSP00000264380,0,0,0,0.548,0.092,0,0.9,0.221,0.923
MTMR4,PIK3C2A,9606.ENSP00000325285,9606.ENSP00000265970,0,0,0,0,0.049,0.127,0.65,0.177,0.729
MTMR4,PI4K2A,9606.ENSP00000325285,9606.ENSP00000359665,0,0,0,0,0.049,0,0.65,0.182,0.704
MTMR4,PIK3C2B,9606.ENSP00000325285,9606.ENSP00000356155,0,0,0,0,0.049,0.127,0.65,0.161,0.723
MTMR4,PIP4K2A,9606.ENSP00000325285,9606.ENSP00000365757,0,0,0,0,0,0,0.684,0.164,0.725
MTMR4,PIP4K2B,9606.ENSP00000325285,9606.ENSP00000482548,0,0,0,0,0.062,0,0.684,0.164,0.731
MTMR4,PI4KB,9606.ENSP00000325285,9606.ENSP00000357869,0,0,0,0,0.152,0,0.65,0.169,0.732
MTMR4,PIP4K2C,9606.ENSP00000325285,9606.ENSP00000347032,0,0,0,0,0.061,0,0.684,0.174,0.734
MTMR4,PIK3C2G,9606.ENSP00000325285,9606.ENSP00000445381,0,0,0,0,0,0.127,0.65,0.311,0.771
MTMR4,PIP4P1,9606.ENSP00000325285,9606.ENSP00000381102,0,0.035,0,0,0.049,0,0.9,0.27,0.924
MTMR6,PI4KA,9606.ENSP00000371221,9606.ENSP00000255882,0,0,0,0,0.044,0,0.65,0.213,0.713
MTMR6,PIK3C3,9606.ENSP00000371221,9606.ENSP00000262039,0,0,0,0,0.067,0.075,0.65,0.517,0.834
MTMR6,PIKFYVE,9606.ENSP00000371221,9606.ENSP00000264380,0,0,0,0,0.067,0,0.9,0.441,0.943
MTMR6,PIK3C2B,9606.ENSP00000371221,9606.ENSP00000356155,0,0,0,0,0.062,0,0.65,0.434,0.798
MTMR6,PI4KB,9606.ENSP00000371221,9606.ENSP00000357869,0,0,0,0,0.074,0,0.65,0.164,0.705
MTMR6,PIK3C2G,9606.ENSP00000371221,9606.ENSP00000445381,0,0,0,0,0.057,0,0.65,0.179,0.705
MTMR6,PIP4P1,9606.ENSP00000371221,9606.ENSP00000381102,0,0.037,0,0,0.049,0,0.9,0.063,0.903
MTMR7,PIK3C2G,9606.ENSP00000180173,9606.ENSP00000445381,0,0,0,0,0.062,0,0.65,0.179,0.707
MTMR7,PIK3C3,9606.ENSP00000180173,9606.ENSP00000262039,0,0,0,0,0,0.075,0.65,0.49,0.82
MTMR7,PIP4P1,9606.ENSP00000180173,9606.ENSP00000381102,0,0.031,0,0,0,0,0.9,0,0.9
MTMR7,PIKFYVE,9606.ENSP00000180173,9606.ENSP00000264380,0,0,0,0,0,0,0.9,0.291,0.926
MTTP,PCSK9,9606.ENSP00000427679,9606.ENSP00000303208,0,0,0,0,0.137,0,0,0.67,0.703
MTTP,P4HB,9606.ENSP00000427679,9606.ENSP00000327801,0,0,0,0,0.053,0.926,0.9,0.553,0.996
MTTP,SREBF1,9606.ENSP00000427679,9606.ENSP00000348069,0,0,0,0,0,0,0,0.748,0.748
MVD,MVK,9606.ENSP00000301012,9606.ENSP00000228510,0.231,0,0.242,0,0.919,0,0.809,0.912,0.999
MVD,SQLE,9606.ENSP00000301012,9606.ENSP00000265896,0,0,0,0,0.513,0,0,0.816,0.906
MVD,TM7SF2,9606.ENSP00000301012,9606.ENSP00000279263,0,0,0,0,0.221,0,0,0.664,0.727
MVD,PDSS1,9606.ENSP00000301012,9606.ENSP00000365388,0.07,0,0,0,0.198,0.069,0.429,0.496,0.763
MVD,SREBF1,9606.ENSP00000301012,9606.ENSP00000348069,0,0,0,0,0.116,0,0.75,0.315,0.835
MVD,NSDHL,9606.ENSP00000301012,9606.ENSP00000359297,0,0,0,0,0.419,0.224,0,0.716,0.861
MVD,SREBF2,9606.ENSP00000301012,9606.ENSP00000354476,0,0,0,0,0.244,0,0.75,0.487,0.894
MVD,PMVK,9606.ENSP00000301012,9606.ENSP00000357452,0,0,0,0,0.321,0,0.913,0.911,0.994
MVK,SREBF1,9606.ENSP00000228510,9606.ENSP00000348069,0,0,0,0,0.13,0,0.5,0.443,0.736
MVK,TM7SF2,9606.ENSP00000228510,9606.ENSP00000279263,0,0,0,0,0.306,0,0,0.697,0.781
MVK,NSDHL,9606.ENSP00000228510,9606.ENSP00000359297,0,0,0,0,0.416,0.069,0,0.679,0.811
MVK,SREBF2,9606.ENSP00000228510,9606.ENSP00000354476,0,0,0,0,0.146,0,0.5,0.613,0.82
MVK,SQLE,9606.ENSP00000228510,9606.ENSP00000265896,0,0,0,0,0.295,0,0,0.809,0.859
MVK,PMVK,9606.ENSP00000228510,9606.ENSP00000357452,0,0,0,0,0.213,0,0.925,0.919,0.994
MYLIP,PSAP,9606.ENSP00000349298,9606.ENSP00000378394,0,0,0,0,0.079,0,0,0.693,0.705
MYLIP,SREBF2,9606.ENSP00000349298,9606.ENSP00000354476,0,0,0,0,0,0,0,0.709,0.709
MYLIP,NR1H2,9606.ENSP00000349298,9606.ENSP00000499121,0,0,0,0,0.058,0.045,0.5,0.518,0.754
MYLIP,VLDLR,9606.ENSP00000349298,9606.ENSP00000371532,0,0,0,0,0,0.311,0.4,0.479,0.765
MYLIP,NR1H3,9606.ENSP00000349298,9606.ENSP00000477707,0,0,0,0,0.044,0.045,0.5,0.557,0.77
NCOA1,PPARGC1A,9606.ENSP00000385216,9606.ENSP00000264867,0,0,0,0,0,0.292,0,0.935,0.952
NCOA1,NCOR1,9606.ENSP00000385216,9606.ENSP00000268712,0,0,0,0,0.099,0.295,0.5,0.822,0.936
NCOA1,PPARG,9606.ENSP00000385216,9606.ENSP00000287820,0,0,0,0,0,0.992,0.5,0.907,0.999
NCOA1,PPARD,9606.ENSP00000385216,9606.ENSP00000310928,0,0,0,0,0.049,0.81,0,0.398,0.882
NCOA1,SP1,9606.ENSP00000385216,9606.ENSP00000329357,0,0,0,0,0.102,0.068,0.8,0.199,0.848
NCOA1,NCOA3,9606.ENSP00000385216,9606.ENSP00000361066,0,0,0,0.763,0.1,0.624,0.9,0.863,0.994
NCOA1,NCOA6,9606.ENSP00000385216,9606.ENSP00000363929,0,0,0,0,0.126,0.625,0.4,0.608,0.912
NCOA1,NCOR2,9606.ENSP00000385216,9606.ENSP00000384018,0,0,0,0,0.06,0.046,0.5,0.773,0.884
NCOA1,NR1H2,9606.ENSP00000385216,9606.ENSP00000499121,0,0,0,0,0.043,0.806,0.5,0.274,0.923
NCOA1,NR1H3,9606.ENSP00000385216,9606.ENSP00000477707,0,0,0,0,0,0.978,0.5,0.323,0.992
NCOA1,NCOA2,9606.ENSP00000385216,9606.ENSP00000399968,0,0,0.09,0.81,0.182,0.735,0.9,0.902,0.997
NCOA1,NR1H4,9606.ENSP00000385216,9606.ENSP00000447149,0,0,0,0,0,0.99,0.5,0.451,0.997
NCOA1,PPARA,9606.ENSP00000385216,9606.ENSP00000385523,0,0,0,0,0.06,0.985,0.5,0.784,0.998
NCOA1,RXRA,9606.ENSP00000385216,9606.ENSP00000419692,0,0,0,0,0.083,0.995,0.8,0.801,0.999
NCOA2,PPARGC1A,9606.ENSP00000399968,9606.ENSP00000264867,0,0,0,0,0,0,0,0.738,0.738
NCOA2,NCOR1,9606.ENSP00000399968,9606.ENSP00000268712,0,0,0,0,0.122,0.046,0.5,0.79,0.9
NCOA2,PPARG,9606.ENSP00000399968,9606.ENSP00000287820,0,0,0,0,0,0.965,0.5,0.902,0.998
NCOA2,PPARD,9606.ENSP00000399968,9606.ENSP00000310928,0,0,0,0,0,0.608,0,0.324,0.724
NCOA2,NCOA3,9606.ENSP00000399968,9606.ENSP00000361066,0,0,0.062,0.882,0.154,0.51,0.9,0.955,0.997
NCOA2,NCOA6,9606.ENSP00000399968,9606.ENSP00000363929,0,0,0,0,0.133,0.292,0.4,0.488,0.786
NCOA2,NCOR2,9606.ENSP00000399968,9606.ENSP00000384018,0,0,0,0,0.056,0.046,0.5,0.759,0.877
NCOA2,PPARA,9606.ENSP00000399968,9606.ENSP00000385523,0,0,0,0,0.044,0.608,0.5,0.573,0.909
NCOA2,TBL1XR1,9606.ENSP00000399968,9606.ENSP00000405574,0,0,0,0,0.138,0.069,0.5,0.472,0.759
NCOA2,NR1H3,9606.ENSP00000399968,9606.ENSP00000477707,0,0,0,0,0,0.83,0,0.259,0.868
NCOA2,NR1H2,9606.ENSP00000399968,9606.ENSP00000499121,0,0,0,0,0,0.969,0,0.23,0.975
NCOA2,NR1H4,9606.ENSP00000399968,9606.ENSP00000447149,0,0,0,0,0,0.948,0.5,0.344,0.981
NCOA2,RXRA,9606.ENSP00000399968,9606.ENSP00000419692,0,0,0,0,0.099,0.991,0.8,0.638,0.999
NCOA3,NCOR1,9606.ENSP00000361066,9606.ENSP00000268712,0,0,0,0,0.07,0.295,0.5,0.808,0.928
NCOA3,PPARG,9606.ENSP00000361066,9606.ENSP00000287820,0,0,0,0,0,0.729,0.5,0.385,0.909
NCOA3,PRKACA,9606.ENSP00000361066,9606.ENSP00000309591,0,0,0,0,0.042,0,0.9,0.227,0.919
NCOA3,PPARD,9606.ENSP00000361066,9606.ENSP00000310928,0,0,0,0,0.06,0.582,0,0.307,0.704
NCOA3,SP1,9606.ENSP00000361066,9606.ENSP00000329357,0,0,0,0,0.133,0.068,0.9,0.254,0.931
NCOA3,PRKACB,9606.ENSP00000361066,9606.ENSP00000359719,0,0,0,0,0,0,0.9,0.226,0.919
NCOA3,NR1H4,9606.ENSP00000361066,9606.ENSP00000447149,0,0,0,0,0,0.506,0,0.564,0.775
NCOA3,NCOA6,9606.ENSP00000361066,9606.ENSP00000363929,0,0,0,0,0.103,0,0.5,0.7,0.854
NCOA3,NCOR2,9606.ENSP00000361066,9606.ENSP00000384018,0,0,0,0,0.056,0.295,0.5,0.781,0.917
NCOA3,PRKACG,9606.ENSP00000361066,9606.ENSP00000366488,0,0,0,0,0,0,0.9,0.224,0.919
NCOA3,RXRA,9606.ENSP00000361066,9606.ENSP00000419692,0,0,0,0,0.087,0.886,0.65,0.722,0.988
NCOA6,TGS1,9606.ENSP00000363929,9606.ENSP00000260129,0,0,0,0,0.049,0.625,0.4,0.946,0.986
NCOA6,NCOR1,9606.ENSP00000363929,9606.ENSP00000268712,0,0,0,0,0.124,0,0.5,0.567,0.794
NCOA6,PPARG,9606.ENSP00000363929,9606.ENSP00000287820,0,0,0,0,0.056,0.604,0,0.852,0.94
NCOA6,PPARA,9606.ENSP00000363929,9606.ENSP00000385523,0,0,0,0,0.063,0.095,0.5,0.587,0.801
NCOA6,NCOR2,9606.ENSP00000363929,9606.ENSP00000384018,0,0,0,0,0.123,0.474,0.5,0.415,0.847
NCOA6,RXRA,9606.ENSP00000363929,9606.ENSP00000419692,0,0,0,0,0.074,0.811,0.5,0.626,0.962
NCOR1,NR1D1,9606.ENSP00000268712,9606.ENSP00000246672,0,0,0,0,0,0.811,0.7,0.989,0.999
NCOR1,PPARGC1A,9606.ENSP00000268712,9606.ENSP00000264867,0,0,0,0,0.103,0,0.5,0.548,0.779
NCOR1,NR1H2,9606.ENSP00000268712,9606.ENSP00000499121,0,0,0,0,0,0.637,0.5,0.375,0.876
NCOR1,NR1H3,9606.ENSP00000268712,9606.ENSP00000477707,0,0,0,0,0,0.672,0.5,0.489,0.909
NCOR1,SIN3B,9606.ENSP00000268712,9606.ENSP00000369131,0,0,0,0,0.101,0.264,0.5,0.819,0.932
NCOR1,PPARD,9606.ENSP00000268712,9606.ENSP00000310928,0,0,0,0,0,0.753,0.5,0.806,0.974
NCOR1,RXRA,9606.ENSP00000268712,9606.ENSP00000419692,0,0,0,0,0.075,0.711,0.65,0.789,0.977
NCOR1,NR1H4,9606.ENSP00000268712,9606.ENSP00000447149,0,0,0,0,0.043,0.935,0.5,0.535,0.983
NCOR1,PPARA,9606.ENSP00000268712,9606.ENSP00000385523,0,0,0,0,0.049,0.833,0.5,0.906,0.991
NCOR1,NCOR2,9606.ENSP00000268712,9606.ENSP00000384018,0,0,0,0.846,0.122,0.622,0.8,0.985,0.998
NCOR1,PPARG,9606.ENSP00000268712,9606.ENSP00000287820,0,0,0,0,0,0.984,0.5,0.986,0.999
NCOR1,TBL1X,9606.ENSP00000268712,9606.ENSP00000495556,0,0,0,0,0.074,0.902,0.5,0.996,0.999
NCOR1,TBL1XR1,9606.ENSP00000268712,9606.ENSP00000405574,0,0,0,0,0.14,0.915,0.5,0.995,0.999
NCOR1,SIN3A,9606.ENSP00000268712,9606.ENSP00000378402,0,0,0,0,0.126,0.623,0.9,0.994,0.999
NCOR2,NR1D1,9606.ENSP00000384018,9606.ENSP00000246672,0,0,0,0,0.072,0.606,0.5,0.708,0.939
NCOR2,PPARGC1A,9606.ENSP00000384018,9606.ENSP00000264867,0,0,0,0,0.103,0,0.5,0.397,0.706
NCOR2,PPARG,9606.ENSP00000384018,9606.ENSP00000287820,0,0,0,0,0,0.984,0.5,0.92,0.999
NCOR2,PPARD,9606.ENSP00000384018,9606.ENSP00000310928,0,0,0,0,0.139,0.549,0.5,0.633,0.919
NCOR2,SIN3B,9606.ENSP00000384018,9606.ENSP00000369131,0,0,0,0,0.201,0.264,0.5,0.446,0.815
NCOR2,SIN3A,9606.ENSP00000384018,9606.ENSP00000378402,0,0,0,0,0.095,0.712,0.8,0.989,0.999
NCOR2,NR1H4,9606.ENSP00000384018,9606.ENSP00000447149,0,0,0,0,0,0.384,0.5,0.427,0.808
NCOR2,NR1H3,9606.ENSP00000384018,9606.ENSP00000477707,0,0,0,0,0.044,0.41,0.5,0.408,0.811
NCOR2,NR1H2,9606.ENSP00000384018,9606.ENSP00000499121,0,0,0,0,0.049,0.474,0.5,0.382,0.825
NCOR2,TBL1XR1,9606.ENSP00000384018,9606.ENSP00000405574,0,0,0,0,0.076,0.428,0.5,0.965,0.989
NCOR2,PPARA,9606.ENSP00000384018,9606.ENSP00000385523,0,0,0,0,0,0.97,0.5,0.778,0.996
NCOR2,RXRA,9606.ENSP00000384018,9606.ENSP00000419692,0,0,0,0,0.107,0.982,0.5,0.639,0.996
NCOR2,TBL1X,9606.ENSP00000384018,9606.ENSP00000495556,0,0,0,0,0.092,0.872,0.5,0.983,0.998
NEU1,UGT8,9606.ENSP00000364782,9606.ENSP00000311648,0,0,0,0,0,0,0.9,0.122,0.908
NEU2,UGT8,9606.ENSP00000233840,9606.ENSP00000311648,0,0,0,0,0,0,0.9,0.221,0.918
NEU3,UGT8,9606.ENSP00000294064,9606.ENSP00000311648,0,0,0,0,0.055,0,0.9,0.046,0.901
NEU4,UGT8,9606.ENSP00000320318,9606.ENSP00000311648,0,0,0,0,0.055,0,0.9,0.137,0.911
NFYA,NFYB,9606.ENSP00000345702,9606.ENSP00000240055,0,0,0,0,0.093,0.997,0.9,0.999,0.999
NFYA,NFYC,9606.ENSP00000345702,9606.ENSP00000312617,0,0,0,0,0.074,0.997,0.9,0.999,0.999
NFYA,SP1,9606.ENSP00000345702,9606.ENSP00000329357,0,0,0,0,0.074,0.748,0.5,0.315,0.909
NFYB,SP1,9606.ENSP00000240055,9606.ENSP00000329357,0,0,0,0,0.056,0.299,0.5,0.249,0.718
NFYB,NFYC,9606.ENSP00000240055,9606.ENSP00000312617,0,0,0,0,0.104,0.997,0.9,0.999,0.999
NFYC,PON3,9606.ENSP00000312617,9606.ENSP00000265627,0,0,0,0,0,0.778,0,0,0.778
NFYC,SP1,9606.ENSP00000312617,9606.ENSP00000329357,0,0,0,0,0.155,0.169,0.5,0.256,0.704
NPAS2,NR1D1,9606.ENSP00000338283,9606.ENSP00000246672,0,0,0,0,0.049,0,0.5,0.972,0.985
NPAS2,RORA,9606.ENSP00000338283,9606.ENSP00000261523,0,0,0,0,0,0.113,0.75,0.924,0.981
NPAS2,RXRA,9606.ENSP00000338283,9606.ENSP00000419692,0,0,0,0,0,0.396,0.4,0.467,0.79
NPAS2,PPARA,9606.ENSP00000338283,9606.ENSP00000385523,0,0,0,0,0.08,0.183,0.5,0.525,0.797
NPC1,STARD3NL,9606.ENSP00000269228,9606.ENSP00000009041,0,0,0,0,0.05,0,0,0.755,0.757
NPC1,OSBPL5,9606.ENSP00000269228,9606.ENSP00000263650,0,0,0,0,0.084,0.292,0.9,0.99,0.999
NPC1,SMPD1,9606.ENSP00000269228,9606.ENSP00000340409,0,0,0,0,0.112,0,0,0.708,0.73
NPC1,SREBF1,9606.ENSP00000269228,9606.ENSP00000348069,0,0,0,0,0.072,0.429,0,0.755,0.858
NPC1,STARD3,9606.ENSP00000269228,9606.ENSP00000337446,0,0,0,0,0.049,0,0,0.862,0.863
NPC1,SREBF2,9606.ENSP00000269228,9606.ENSP00000354476,0,0,0,0,0.083,0.429,0,0.878,0.93
NPC1,NPC2,9606.ENSP00000269228,9606.ENSP00000451206,0,0,0,0,0.066,0.959,0.9,0.997,0.999
NPC1L1,SCARB1,9606.ENSP00000289547,9606.ENSP00000261693,0,0,0,0,0.099,0,0,0.933,0.937
NPC1L1,PLTP,9606.ENSP00000289547,9606.ENSP00000417138,0,0,0,0,0,0,0,0.717,0.717
NPC1L1,PCSK9,9606.ENSP00000289547,9606.ENSP00000303208,0,0,0,0,0.042,0,0,0.722,0.723
NPC1L1,SREBF1,9606.ENSP00000289547,9606.ENSP00000348069,0,0,0,0,0.065,0.429,0,0.589,0.761
NPC1L1,NPC2,9606.ENSP00000289547,9606.ENSP00000451206,0,0,0,0,0.055,0,0,0.823,0.826
NPC1L1,SREBF2,9606.ENSP00000289547,9606.ENSP00000354476,0,0,0,0,0.065,0.429,0,0.722,0.838
NPC2,STARD3NL,9606.ENSP00000451206,9606.ENSP00000009041,0,0,0,0,0.049,0,0,0.86,0.861
NPC2,SCAP,9606.ENSP00000451206,9606.ENSP00000265565,0,0,0,0,0.061,0,0,0.704,0.71
NPC2,STARD3,9606.ENSP00000451206,9606.ENSP00000337446,0,0,0,0,0,0,0,0.925,0.925
NPC2,NUDT19,9606.ENSP00000451206,9606.ENSP00000380251,0,0,0,0,0.042,0.722,0,0,0.722
NR1D1,RORA,9606.ENSP00000246672,9606.ENSP00000261523,0,0,0,0.741,0.092,0,0.5,0.555,0.78
NR1D1,PPARGC1A,9606.ENSP00000246672,9606.ENSP00000264867,0,0,0,0,0,0,0.5,0.692,0.839
NR1H2,SREBF1,9606.ENSP00000499121,9606.ENSP00000348069,0,0,0,0,0.049,0.292,0.5,0.696,0.884
NR1H2,SREBF2,9606.ENSP00000499121,9606.ENSP00000354476,0,0,0,0,0.047,0,0,0.82,0.821
NR1H2,RXRA,9606.ENSP00000499121,9606.ENSP00000419692,0,0,0,0.688,0.11,0.909,0.9,0.827,0.998
NR1H2,NR1H3,9606.ENSP00000499121,9606.ENSP00000477707,0,0,0.06,0.959,0,0,0.9,0.171,0.915
NR1H3,PPARG,9606.ENSP00000477707,9606.ENSP00000287820,0,0,0,0.703,0.123,0.405,0,0.763,0.865
NR1H3,SREBF1,9606.ENSP00000477707,9606.ENSP00000348069,0,0,0,0,0.042,0.292,0.5,0.908,0.964
NR1H3,SREBF2,9606.ENSP00000477707,9606.ENSP00000354476,0,0,0,0,0,0,0,0.887,0.887
NR1H3,SCD,9606.ENSP00000477707,9606.ENSP00000359380,0,0,0,0,0.072,0,0.5,0.517,0.756
NR1H3,PPARA,9606.ENSP00000477707,9606.ENSP00000385523,0,0,0,0.708,0.042,0.739,0,0.488,0.86
NR1H3,PLTP,9606.ENSP00000477707,9606.ENSP00000417138,0,0,0,0,0.074,0,0.5,0.419,0.707
NR1H3,RXRA,9606.ENSP00000477707,9606.ENSP00000419692,0,0,0,0.678,0.11,0.986,0.9,0.812,0.999
NR1H4,SLC10A1,9606.ENSP00000447149,9606.ENSP00000216540,0,0,0,0,0.158,0,0,0.861,0.878
NR1H4,SLC10A2,9606.ENSP00000447149,9606.ENSP00000245312,0,0,0,0,0.155,0,0,0.902,0.914
NR1H4,PPARGC1A,9606.ENSP00000447149,9606.ENSP00000264867,0,0,0,0,0.081,0.936,0,0.744,0.983
NR1H4,SLCO1A2,9606.ENSP00000447149,9606.ENSP00000305974,0,0,0,0,0.111,0,0,0.748,0.766
NR1H4,SREBF1,9606.ENSP00000447149,9606.ENSP00000348069,0,0,0,0,0,0,0,0.834,0.834
NR1H4,SREBF2,9606.ENSP00000447149,9606.ENSP00000354476,0,0,0,0,0,0.292,0,0.749,0.814
NR1H4,RXRA,9606.ENSP00000447149,9606.ENSP00000419692,0,0,0,0.663,0.103,0.973,0.5,0.987,0.999
NRF1,PPARGC1A,9606.ENSP00000342351,9606.ENSP00000264867,0,0,0,0,0,0.292,0.9,0.997,0.999
NRF1,PPARGC1B,9606.ENSP00000342351,9606.ENSP00000312649,0,0,0,0,0.049,0,0.9,0.916,0.991
NSDHL,SQLE,9606.ENSP00000359297,9606.ENSP00000265896,0,0,0,0,0.704,0.619,0,0.856,0.982
NSDHL,TM7SF2,9606.ENSP00000359297,9606.ENSP00000279263,0,0,0,0,0.171,0.45,0,0.735,0.869
NUDT19,NUDT7,9606.ENSP00000380251,9606.ENSP00000268533,0,0,0,0,0,0,0,0.735,0.735
OCRL,PIK3R2,9606.ENSP00000360154,9606.ENSP00000222254,0,0,0,0,0.074,0,0.65,0.157,0.703
OCRL,PI4KA,9606.ENSP00000360154,9606.ENSP00000255882,0,0,0,0,0.049,0,0.65,0.373,0.773
OCRL,PI4K2B,9606.ENSP00000360154,9606.ENSP00000264864,0,0,0,0,0,0,0.65,0.265,0.732
OCRL,PIP5K1B,9606.ENSP00000360154,9606.ENSP00000265382,0,0,0,0,0,0,0.9,0.244,0.921
OCRL,PIK3C2A,9606.ENSP00000360154,9606.ENSP00000265970,0,0,0,0,0.067,0,0.9,0.387,0.937
OCRL,RAB5A,9606.ENSP00000360154,9606.ENSP00000273047,0,0,0,0,0.054,0.687,0,0.913,0.972
OCRL,PIP4K2C,9606.ENSP00000360154,9606.ENSP00000347032,0,0,0,0,0.06,0,0.9,0.264,0.924
OCRL,SYNJ2,9606.ENSP00000360154,9606.ENSP00000347792,0,0,0,0.641,0.049,0.067,0.9,0.335,0.933
OCRL,PIK3C2B,9606.ENSP00000360154,9606.ENSP00000356155,0,0,0,0,0.067,0,0.9,0.297,0.928
OCRL,PI4KB,9606.ENSP00000360154,9606.ENSP00000357869,0,0,0,0,0.067,0,0.65,0.54,0.836
OCRL,PIP5K1A,9606.ENSP00000360154,9606.ENSP00000357883,0,0,0,0,0.067,0,0.9,0.328,0.931
OCRL,PI4K2A,9606.ENSP00000360154,9606.ENSP00000359665,0,0,0,0,0.062,0,0.65,0.407,0.788
OCRL,PIK3CB,9606.ENSP00000360154,9606.ENSP00000501150,0,0,0,0,0.063,0,0.65,0.206,0.717
OCRL,RAB14,9606.ENSP00000360154,9606.ENSP00000362946,0,0,0,0,0.053,0.34,0,0.583,0.717
OCRL,PIP4P1,9606.ENSP00000360154,9606.ENSP00000381102,0,0,0,0,0.058,0,0.9,0.185,0.916
OCRL,PIP4K2B,9606.ENSP00000360154,9606.ENSP00000482548,0,0,0,0,0.067,0,0.9,0.196,0.918
OCRL,PIK3C2G,9606.ENSP00000360154,9606.ENSP00000445381,0,0,0,0,0,0,0.9,0.239,0.92
OCRL,PTEN,9606.ENSP00000360154,9606.ENSP00000361021,0,0,0,0,0.061,0,0.9,0.328,0.931
OCRL,SYNJ1,9606.ENSP00000360154,9606.ENSP00000409667,0,0,0,0.627,0.067,0.067,0.9,0.364,0.937
OCRL,PIP4K2A,9606.ENSP00000360154,9606.ENSP00000365757,0,0,0,0,0.042,0,0.9,0.401,0.937
OCRL,PIP5K1C,9606.ENSP00000360154,9606.ENSP00000466363,0,0,0,0,0.067,0,0.9,0.462,0.945
ORMDL1,SPTLC2,9606.ENSP00000326869,9606.ENSP00000216484,0,0,0,0,0.047,0.254,0.54,0.874,0.953
ORMDL1,SPTLC1,9606.ENSP00000326869,9606.ENSP00000262554,0,0,0,0,0.066,0.443,0.54,0.898,0.972
ORMDL1,SPTLC3,9606.ENSP00000326869,9606.ENSP00000381968,0,0,0,0,0,0.254,0.54,0.874,0.953
ORMDL2,SPTLC2,9606.ENSP00000243045,9606.ENSP00000216484,0,0,0,0,0.056,0.254,0.54,0.855,0.946
ORMDL2,SPTLC3,9606.ENSP00000243045,9606.ENSP00000381968,0,0,0,0,0,0.254,0.54,0.852,0.944
ORMDL2,SPTLC1,9606.ENSP00000243045,9606.ENSP00000262554,0,0,0,0,0.065,0.443,0.54,0.885,0.969
ORMDL3,SPTLC2,9606.ENSP00000377724,9606.ENSP00000216484,0,0,0,0,0.042,0.969,0.9,0.88,0.999
ORMDL3,SPTLC1,9606.ENSP00000377724,9606.ENSP00000262554,0,0,0,0,0.049,0.983,0.9,0.898,0.999
ORMDL3,SPTLC3,9606.ENSP00000377724,9606.ENSP00000381968,0,0,0,0,0,0.254,0.9,0.889,0.991
OSBP,PI4KA,9606.ENSP00000263847,9606.ENSP00000255882,0,0,0,0,0.063,0,0,0.708,0.715
OSBP,PITPNM1,9606.ENSP00000263847,9606.ENSP00000348772,0,0,0,0,0,0,0,0.726,0.726
OSBP,SCAP,9606.ENSP00000263847,9606.ENSP00000265565,0,0,0,0,0.094,0.292,0,0.647,0.754
OSBP,PI4KB,9606.ENSP00000263847,9606.ENSP00000357869,0,0,0,0,0.095,0,0,0.807,0.818
OSBP,VAPB,9606.ENSP00000263847,9606.ENSP00000417175,0,0,0,0,0.085,0.706,0.4,0.821,0.967
OSBP,VAPA,9606.ENSP00000263847,9606.ENSP00000345656,0,0,0,0,0.05,0.988,0.4,0.998,0.999
OSBPL10,VAPA,9606.ENSP00000379804,9606.ENSP00000345656,0,0,0,0,0.058,0.641,0,0.401,0.78
OSBPL10,VAPB,9606.ENSP00000379804,9606.ENSP00000417175,0,0,0,0,0.058,0.71,0,0.344,0.805
OSBPL1A,VAPB,9606.ENSP00000320291,9606.ENSP00000417175,0,0,0,0,0,0.607,0,0.373,0.743
OSBPL1A,VAPA,9606.ENSP00000320291,9606.ENSP00000345656,0,0,0,0,0.049,0.644,0,0.627,0.863
OSBPL2,VAPA,9606.ENSP00000316649,9606.ENSP00000345656,0,0,0,0,0.065,0.636,0,0.488,0.81
OSBPL2,VAPB,9606.ENSP00000316649,9606.ENSP00000417175,0,0,0,0,0.11,0.803,0,0.319,0.87
OSBPL3,VAPB,9606.ENSP00000315410,9606.ENSP00000417175,0,0,0,0,0.042,0.78,0,0.446,0.873
OSBPL3,VAPA,9606.ENSP00000315410,9606.ENSP00000345656,0,0,0,0,0.042,0.617,0,0.746,0.899
OSBPL5,OSBPL8,9606.ENSP00000263650,9606.ENSP00000261183,0,0,0.065,0.95,0,0.619,0,0.365,0.754
OSBPL5,STARD3,9606.ENSP00000263650,9606.ENSP00000337446,0,0,0,0,0.072,0,0,0.733,0.741
OSBPL5,VAPA,9606.ENSP00000263650,9606.ENSP00000345656,0,0,0,0,0.058,0.085,0,0.76,0.775
OSBPL6,VAPA,9606.ENSP00000376293,9606.ENSP00000345656,0,0,0,0,0,0.598,0,0.549,0.811
OSBPL6,VAPB,9606.ENSP00000376293,9606.ENSP00000417175,0,0,0,0,0,0.763,0,0.235,0.811
OSBPL7,VAPA,9606.ENSP00000007414,9606.ENSP00000345656,0,0,0,0,0,0.431,0,0.593,0.759
OSBPL9,VAPA,9606.ENSP00000412733,9606.ENSP00000345656,0,0,0,0,0.074,0.693,0,0.912,0.973
OSBPL9,VAPB,9606.ENSP00000412733,9606.ENSP00000417175,0,0,0,0,0.065,0.795,0,0.829,0.964
PCCA,PCCB,9606.ENSP00000365462,9606.ENSP00000419027,0.102,0.881,0,0,0.611,0.928,0.967,0.998,0.999
PCSK5,PCSK9,9606.ENSP00000446280,9606.ENSP00000303208,0,0,0,0,0,0,0,0.867,0.867
PCSK9,SCARB1,9606.ENSP00000303208,9606.ENSP00000261693,0,0,0,0,0.063,0,0,0.792,0.796
PCSK9,SREBF2,9606.ENSP00000303208,9606.ENSP00000354476,0,0,0,0,0.092,0,0,0.785,0.796
PCSK9,VLDLR,9606.ENSP00000303208,9606.ENSP00000371532,0,0,0,0,0.045,0,0.9,0.749,0.973
PCTP,STAR,9606.ENSP00000460437,9606.ENSP00000276449,0,0,0,0,0.044,0,0,0.79,0.791
PCTP,STARD4,9606.ENSP00000460437,9606.ENSP00000296632,0,0,0,0,0.044,0,0,0.939,0.94
PCTP,STARD5,9606.ENSP00000460437,9606.ENSP00000304032,0,0,0,0,0.094,0,0,0.937,0.94
PCTP,STARD3,9606.ENSP00000460437,9606.ENSP00000337446,0,0,0,0,0.051,0,0,0.938,0.938
PCTP,STARD6,9606.ENSP00000460437,9606.ENSP00000462349,0,0,0,0,0.044,0,0,0.926,0.926
PCYT1A,PEMT,9606.ENSP00000292823,9606.ENSP00000255389,0,0,0,0,0.086,0.141,0,0.683,0.729
PCYT1A,SELENOI,9606.ENSP00000292823,9606.ENSP00000260585,0,0,0,0,0.042,0,0.396,0.614,0.757
PCYT1A,PHOSPHO1,9606.ENSP00000292823,9606.ENSP00000406909,0,0,0,0,0.044,0,0.9,0.3,0.927
PCYT1A,PCYT1B,9606.ENSP00000292823,9606.ENSP00000368439,0,0,0.056,0.968,0.083,0.733,0.9,0.07,0.974
PCYT1B,SELENOI,9606.ENSP00000368439,9606.ENSP00000260585,0,0,0,0,0,0,0.396,0.567,0.727
PCYT1B,PHOSPHO1,9606.ENSP00000368439,9606.ENSP00000406909,0,0,0,0,0.044,0,0.9,0.155,0.912
PCYT2,PEMT,9606.ENSP00000442050,9606.ENSP00000255389,0,0,0,0,0.127,0.128,0,0.681,0.736
PCYT2,SELENOI,9606.ENSP00000442050,9606.ENSP00000260585,0,0,0,0,0,0,0.964,0.795,0.992
PCYT2,PISD,9606.ENSP00000442050,9606.ENSP00000391739,0,0,0,0,0.049,0.1,0,0.984,0.985
PCYT2,PHOSPHO1,9606.ENSP00000442050,9606.ENSP00000406909,0,0,0,0,0,0,0.9,0.303,0.927
PDSS1,PDSS2,9606.ENSP00000365388,9606.ENSP00000358033,0,0,0.147,0.619,0.06,0,0.9,0.799,0.981
PECR,SCP2,9606.ENSP00000265322,9606.ENSP00000360569,0.044,0,0,0,0.117,0.068,0.573,0.362,0.747
PEMT,PLA2G6,9606.ENSP00000255389,9606.ENSP00000333142,0,0,0,0,0.048,0,0.65,0.224,0.718
PEMT,PLAAT3,9606.ENSP00000255389,9606.ENSP00000320337,0,0,0,0,0.047,0.047,0.9,0,0.901
PEMT,PLD4,9606.ENSP00000255389,9606.ENSP00000438677,0,0,0,0,0.043,0,0.9,0.099,0.906
PEMT,PLD3,9606.ENSP00000255389,9606.ENSP00000387050,0,0,0,0,0.092,0,0.9,0.092,0.91
PEMT,PLD2,9606.ENSP00000255389,9606.ENSP00000263088,0,0,0,0,0,0,0.9,0.218,0.918
PEMT,PLD1,9606.ENSP00000255389,9606.ENSP00000342793,0,0,0,0,0,0,0.9,0.361,0.933
PEMT,PTDSS2,9606.ENSP00000255389,9606.ENSP00000308258,0,0,0,0,0.06,0,0.9,0.574,0.956
PEMT,PTDSS1,9606.ENSP00000255389,9606.ENSP00000430548,0,0,0,0,0,0,0.9,0.602,0.958
PEMT,SELENOI,9606.ENSP00000255389,9606.ENSP00000260585,0,0,0,0,0,0.067,0.911,0.591,0.963
PEMT,PISD,9606.ENSP00000255389,9606.ENSP00000391739,0,0,0,0,0.087,0.091,0.9,0.774,0.978
PEX11A,PPARA,9606.ENSP00000300056,9606.ENSP00000385523,0,0,0,0,0.14,0,0.5,0.795,0.904
PGS1,PISD,9606.ENSP00000262764,9606.ENSP00000391739,0,0,0,0,0.307,0.071,0.585,0.514,0.853
PI4K2A,PIK3R2,9606.ENSP00000359665,9606.ENSP00000222254,0,0,0,0,0.055,0,0.911,0.216,0.928
PI4K2A,PI4KA,9606.ENSP00000359665,9606.ENSP00000255882,0,0,0,0,0.049,0.075,0.9,0.761,0.976
PI4K2A,PIK3C3,9606.ENSP00000359665,9606.ENSP00000262039,0,0,0,0,0.058,0,0.9,0.396,0.938
PI4K2A,PIK3R3,9606.ENSP00000359665,9606.ENSP00000262741,0,0,0,0,0,0,0.911,0.183,0.924
PI4K2A,PIKFYVE,9606.ENSP00000359665,9606.ENSP00000264380,0,0,0,0,0.047,0,0.9,0.454,0.943
PI4K2A,PI4K2B,9606.ENSP00000359665,9606.ENSP00000264864,0,0,0.062,0.957,0.06,0,0.9,0.08,0.908
PI4K2A,PIP5K1B,9606.ENSP00000359665,9606.ENSP00000265382,0,0,0,0,0,0,0.913,0.295,0.936
PI4K2A,PIK3C2A,9606.ENSP00000359665,9606.ENSP00000265970,0,0,0,0,0.042,0,0.9,0.337,0.931
PI4K2A,SYNJ2,9606.ENSP00000359665,9606.ENSP00000347792,0,0,0,0,0.049,0,0.65,0.256,0.73
PI4K2A,PIK3C2B,9606.ENSP00000359665,9606.ENSP00000356155,0,0,0,0,0.042,0,0.9,0.196,0.916
PI4K2A,PI4KB,9606.ENSP00000359665,9606.ENSP00000357869,0,0,0,0,0.06,0.077,0.9,0.782,0.978
PI4K2A,PIP5K1A,9606.ENSP00000359665,9606.ENSP00000357883,0,0,0,0,0.049,0,0.913,0.604,0.964
PI4K2A,SYNJ1,9606.ENSP00000359665,9606.ENSP00000409667,0,0,0,0,0.06,0,0.65,0.395,0.783
PI4K2A,PTEN,9606.ENSP00000359665,9606.ENSP00000361021,0,0,0,0,0.055,0,0.9,0.114,0.909
PI4K2A,PIK3C2G,9606.ENSP00000359665,9606.ENSP00000445381,0,0,0,0,0,0,0.9,0.163,0.912
PI4K2A,PIK3R1,9606.ENSP00000359665,9606.ENSP00000428056,0,0,0,0,0.042,0,0.907,0.111,0.914
PI4K2A,PIP5K1C,9606.ENSP00000359665,9606.ENSP00000466363,0,0,0,0,0.097,0,0.913,0.551,0.961
PI4K2B,PIK3R2,9606.ENSP00000264864,9606.ENSP00000222254,0,0,0,0,0,0,0.911,0.15,0.921
PI4K2B,PI4KA,9606.ENSP00000264864,9606.ENSP00000255882,0,0,0,0,0,0.075,0.9,0.763,0.976
PI4K2B,PIK3C3,9606.ENSP00000264864,9606.ENSP00000262039,0,0,0,0,0.048,0,0.9,0.339,0.931
PI4K2B,PIK3R3,9606.ENSP00000264864,9606.ENSP00000262741,0,0,0,0,0,0,0.911,0.124,0.919
PI4K2B,PIKFYVE,9606.ENSP00000264864,9606.ENSP00000264380,0,0,0,0,0.05,0,0.9,0.412,0.939
PI4K2B,SYNJ1,9606.ENSP00000264864,9606.ENSP00000409667,0,0,0,0,0,0,0.65,0.43,0.792
PI4K2B,PTEN,9606.ENSP00000264864,9606.ENSP00000361021,0,0,0,0,0.055,0,0.9,0.098,0.907
PI4K2B,PIK3R1,9606.ENSP00000264864,9606.ENSP00000428056,0,0,0,0,0,0,0.907,0.13,0.916
PI4K2B,PIK3C2B,9606.ENSP00000264864,9606.ENSP00000356155,0,0,0,0,0,0,0.9,0.227,0.919
PI4K2B,PIK3C2G,9606.ENSP00000264864,9606.ENSP00000445381,0,0,0,0,0,0,0.9,0.249,0.921
PI4K2B,PIK3C2A,9606.ENSP00000264864,9606.ENSP00000265970,0,0,0,0,0.057,0,0.9,0.314,0.929
PI4K2B,PIP5K1B,9606.ENSP00000264864,9606.ENSP00000265382,0,0,0,0,0,0,0.913,0.294,0.936
PI4K2B,PIP5K1A,9606.ENSP00000264864,9606.ENSP00000357883,0,0,0,0,0,0,0.913,0.369,0.943
PI4K2B,PIP5K1C,9606.ENSP00000264864,9606.ENSP00000466363,0,0,0,0,0,0,0.913,0.471,0.952
PI4K2B,PI4KB,9606.ENSP00000264864,9606.ENSP00000357869,0,0,0,0,0,0.077,0.9,0.832,0.983
PI4KA,PIK3R2,9606.ENSP00000255882,9606.ENSP00000222254,0,0,0,0,0.055,0,0.913,0.165,0.925
PI4KA,VAPA,9606.ENSP00000255882,9606.ENSP00000345656,0,0,0,0,0.042,0.313,0,0.585,0.703
PI4KA,SYNJ1,9606.ENSP00000255882,9606.ENSP00000409667,0,0,0,0,0.074,0,0.65,0.41,0.792
PI4KA,SYNJ2,9606.ENSP00000255882,9606.ENSP00000347792,0,0,0,0,0.047,0,0.65,0.588,0.85
PI4KA,PIK3C2G,9606.ENSP00000255882,9606.ENSP00000445381,0,0,0,0.557,0,0,0.9,0.151,0.911
PI4KA,PIK3C2B,9606.ENSP00000255882,9606.ENSP00000356155,0,0,0,0.554,0.067,0,0.9,0.165,0.915
PI4KA,PTEN,9606.ENSP00000255882,9606.ENSP00000361021,0,0,0,0,0.053,0,0.9,0.186,0.916
PI4KA,PIK3C2A,9606.ENSP00000255882,9606.ENSP00000265970,0,0,0,0.553,0.047,0,0.9,0.193,0.916
PI4KA,PIK3R3,9606.ENSP00000255882,9606.ENSP00000262741,0,0,0,0,0,0,0.912,0.108,0.918
PI4KA,PIK3R1,9606.ENSP00000255882,9606.ENSP00000428056,0,0,0,0,0.06,0,0.91,0.176,0.924
PI4KA,PIK3C3,9606.ENSP00000255882,9606.ENSP00000262039,0,0,0,0.572,0.042,0,0.9,0.299,0.927
PI4KA,PIKFYVE,9606.ENSP00000255882,9606.ENSP00000264380,0,0,0,0,0.067,0,0.9,0.571,0.956
PI4KA,PIP5K1B,9606.ENSP00000255882,9606.ENSP00000265382,0,0,0,0,0.067,0.108,0.918,0.456,0.958
PI4KA,PIP5K1A,9606.ENSP00000255882,9606.ENSP00000357883,0,0,0,0,0.074,0.108,0.918,0.489,0.96
PI4KA,PIP5K1C,9606.ENSP00000255882,9606.ENSP00000466363,0,0,0,0,0.19,0.108,0.918,0.496,0.966
PI4KA,PI4KB,9606.ENSP00000255882,9606.ENSP00000357869,0,0,0,0.631,0.107,0.309,0.9,0.562,0.969
PI4KB,PIK3R2,9606.ENSP00000357869,9606.ENSP00000222254,0,0,0,0,0.074,0,0.913,0.187,0.929
PI4KB,PIK3C3,9606.ENSP00000357869,9606.ENSP00000262039,0,0,0,0.573,0.049,0,0.911,0.328,0.938
PI4KB,PIK3R3,9606.ENSP00000357869,9606.ENSP00000262741,0,0,0,0,0,0,0.912,0.164,0.923
PI4KB,PIKFYVE,9606.ENSP00000357869,9606.ENSP00000264380,0,0,0,0,0.049,0,0.9,0.625,0.961
PI4KB,PIP5K1B,9606.ENSP00000357869,9606.ENSP00000265382,0,0,0,0,0.074,0.071,0.932,0.463,0.964
PI4KB,PIK3C2A,9606.ENSP00000357869,9606.ENSP00000265970,0,0,0,0.57,0.056,0,0.9,0.148,0.912
PI4KB,PIP4K2C,9606.ENSP00000357869,9606.ENSP00000347032,0,0,0,0,0.105,0.071,0.351,0.554,0.727
PI4KB,SYNJ2,9606.ENSP00000357869,9606.ENSP00000347792,0,0,0,0,0.044,0.071,0.65,0.306,0.755
PI4KB,PIK3C2B,9606.ENSP00000357869,9606.ENSP00000356155,0,0,0,0.572,0.067,0,0.9,0.189,0.917
PI4KB,PLEKHA8,9606.ENSP00000357869,9606.ENSP00000397947,0,0,0,0,0,0,0,0.718,0.718
PI4KB,SYNJ1,9606.ENSP00000357869,9606.ENSP00000409667,0,0,0,0,0.049,0.071,0.65,0.352,0.773
PI4KB,PIK3C2G,9606.ENSP00000357869,9606.ENSP00000445381,0,0,0,0.572,0,0,0.9,0.168,0.913
PI4KB,PTEN,9606.ENSP00000357869,9606.ENSP00000361021,0,0,0,0,0,0,0.9,0.183,0.914
PI4KB,PIK3R1,9606.ENSP00000357869,9606.ENSP00000428056,0,0,0,0,0.042,0,0.91,0.195,0.925
PI4KB,PIP5K1A,9606.ENSP00000357869,9606.ENSP00000357883,0,0,0,0,0.137,0.071,0.932,0.539,0.971
PI4KB,PIP5K1C,9606.ENSP00000357869,9606.ENSP00000466363,0,0,0,0,0.145,0.071,0.932,0.541,0.972
PIK3C2A,PIK3R2,9606.ENSP00000265970,9606.ENSP00000222254,0,0,0,0,0.064,0,0.9,0.404,0.939
PIK3C2A,PIK3R3,9606.ENSP00000265970,9606.ENSP00000262741,0,0,0,0,0.049,0,0.9,0.423,0.94
PIK3C2A,PIK3CA,9606.ENSP00000265970,9606.ENSP00000263967,0,0,0,0.715,0.118,0.066,0.54,0.468,0.771
PIK3C2A,PIKFYVE,9606.ENSP00000265970,9606.ENSP00000264380,0,0,0,0,0.19,0,0.9,0.345,0.942
PIK3C2A,PIP5K1B,9606.ENSP00000265970,9606.ENSP00000265382,0,0,0,0,0.055,0,0.9,0.221,0.92
PIK3C2A,PIK3R4,9606.ENSP00000265970,9606.ENSP00000349205,0,0,0,0,0.06,0,0.54,0.419,0.726
PIK3C2A,PIK3R5,9606.ENSP00000265970,9606.ENSP00000392812,0,0,0,0,0,0,0.54,0.493,0.757
PIK3C2A,PIK3CD,9606.ENSP00000265970,9606.ENSP00000366563,0,0,0,0.71,0.042,0.087,0.54,0.473,0.759
PIK3C2A,PIK3CB,9606.ENSP00000265970,9606.ENSP00000501150,0,0,0,0.701,0.073,0.066,0.54,0.507,0.777
PIK3C2A,SYNJ2,9606.ENSP00000265970,9606.ENSP00000347792,0,0,0,0,0.05,0,0.9,0.232,0.92
PIK3C2A,PIP5K1A,9606.ENSP00000265970,9606.ENSP00000357883,0,0,0,0,0.069,0,0.9,0.218,0.92
PIK3C2A,PIP5K1C,9606.ENSP00000265970,9606.ENSP00000466363,0,0,0,0,0.055,0,0.9,0.248,0.922
PIK3C2A,SYNJ1,9606.ENSP00000265970,9606.ENSP00000409667,0,0,0,0,0.056,0,0.9,0.251,0.923
PIK3C2A,PTEN,9606.ENSP00000265970,9606.ENSP00000361021,0,0,0,0,0.096,0,0.9,0.331,0.934
PIK3C2A,PIK3R1,9606.ENSP00000265970,9606.ENSP00000428056,0,0,0,0,0.056,0,0.9,0.403,0.938
PIK3C2A,PIK3C2B,9606.ENSP00000265970,9606.ENSP00000356155,0,0,0.06,0.917,0.067,0,0.9,0.414,0.941
PIK3C2A,PIK3C2G,9606.ENSP00000265970,9606.ENSP00000445381,0,0,0,0.821,0,0,0.9,0.504,0.948
PIK3C2B,TECR,9606.ENSP00000356155,9606.ENSP00000215567,0,0,0,0,0.047,0,0,0.894,0.894
PIK3C2B,PIK3R2,9606.ENSP00000356155,9606.ENSP00000222254,0,0,0,0,0.124,0,0.9,0.505,0.952
PIK3C2B,PIK3C3,9606.ENSP00000356155,9606.ENSP00000262039,0,0,0,0.611,0.049,0,0.54,0.423,0.725
PIK3C2B,PIK3R3,9606.ENSP00000356155,9606.ENSP00000262741,0,0,0,0,0.049,0,0.9,0.504,0.948
PIK3C2B,PIK3CA,9606.ENSP00000356155,9606.ENSP00000263967,0,0,0,0.717,0,0.066,0.54,0.529,0.78
PIK3C2B,PIKFYVE,9606.ENSP00000356155,9606.ENSP00000264380,0,0,0,0,0.138,0,0.9,0.248,0.929
PIK3C2B,PIP5K1B,9606.ENSP00000356155,9606.ENSP00000265382,0,0,0,0,0.063,0,0.9,0.1,0.908
PIK3C2B,SYNJ2,9606.ENSP00000356155,9606.ENSP00000347792,0,0,0,0,0.049,0,0.9,0.274,0.924
PIK3C2B,PIK3R4,9606.ENSP00000356155,9606.ENSP00000349205,0,0,0,0,0.049,0,0.54,0.465,0.745
PIK3C2B,PIK3R6,9606.ENSP00000356155,9606.ENSP00000480157,0,0,0,0,0,0,0.54,0.47,0.746
PIK3C2B,PIK3CB,9606.ENSP00000356155,9606.ENSP00000501150,0,0,0,0.694,0,0.066,0.54,0.51,0.771
PIK3C2B,PIK3R5,9606.ENSP00000356155,9606.ENSP00000392812,0,0,0,0,0,0,0.54,0.547,0.782
PIK3C2B,SYNJ1,9606.ENSP00000356155,9606.ENSP00000409667,0,0,0,0,0,0,0.9,0.228,0.919
PIK3C2B,PIP5K1A,9606.ENSP00000356155,9606.ENSP00000357883,0,0,0,0,0.08,0,0.9,0.214,0.921
PIK3C2B,PIP5K1C,9606.ENSP00000356155,9606.ENSP00000466363,0,0,0,0,0.094,0,0.9,0.249,0.926
PIK3C2B,PTEN,9606.ENSP00000356155,9606.ENSP00000361021,0,0,0,0,0.067,0,0.9,0.424,0.941
PIK3C2B,PIK3R1,9606.ENSP00000356155,9606.ENSP00000428056,0,0,0,0,0.044,0.138,0.9,0.498,0.953
PIK3C2B,PIK3C2G,9606.ENSP00000356155,9606.ENSP00000445381,0,0,0,0.847,0,0,0.9,0.688,0.967
PIK3C2G,PIK3R2,9606.ENSP00000445381,9606.ENSP00000222254,0,0,0,0,0,0,0.9,0.507,0.948
PIK3C2G,PIK3R3,9606.ENSP00000445381,9606.ENSP00000262741,0,0,0,0,0,0,0.9,0.473,0.945
PIK3C2G,PIK3CA,9606.ENSP00000445381,9606.ENSP00000263967,0,0,0,0.672,0,0.066,0.54,0.497,0.765
PIK3C2G,PIKFYVE,9606.ENSP00000445381,9606.ENSP00000264380,0,0,0,0,0.131,0,0.9,0.218,0.926
PIK3C2G,PIP5K1B,9606.ENSP00000445381,9606.ENSP00000265382,0,0,0,0,0.055,0,0.9,0.252,0.923
PIK3C2G,SYNJ2,9606.ENSP00000445381,9606.ENSP00000347792,0,0,0,0,0,0,0.9,0.238,0.92
PIK3C2G,PIK3R4,9606.ENSP00000445381,9606.ENSP00000349205,0,0,0,0,0,0,0.54,0.53,0.774
PIK3C2G,PIP5K1A,9606.ENSP00000445381,9606.ENSP00000357883,0,0,0,0,0.055,0,0.9,0.224,0.92
PIK3C2G,PTEN,9606.ENSP00000445381,9606.ENSP00000361021,0,0,0,0,0.067,0,0.9,0.393,0.938
PIK3C2G,PIK3R5,9606.ENSP00000445381,9606.ENSP00000392812,0,0,0,0,0,0,0.54,0.575,0.796
PIK3C2G,SYNJ1,9606.ENSP00000445381,9606.ENSP00000409667,0,0,0,0,0,0,0.9,0.213,0.917
PIK3C2G,PIK3R1,9606.ENSP00000445381,9606.ENSP00000428056,0,0,0,0,0.05,0,0.9,0.45,0.943
PIK3C2G,PIK3R6,9606.ENSP00000445381,9606.ENSP00000480157,0,0,0,0,0,0,0.54,0.419,0.721
PIK3C2G,PIK3CB,9606.ENSP00000445381,9606.ENSP00000501150,0,0,0,0.65,0,0.066,0.54,0.483,0.758
PIK3C2G,PIP5K1C,9606.ENSP00000445381,9606.ENSP00000466363,0,0,0,0,0.055,0,0.9,0.267,0.924
PIK3C3,PIK3R2,9606.ENSP00000262039,9606.ENSP00000222254,0,0,0,0,0.049,0,0.9,0.358,0.933
PIK3C3,VAC14,9606.ENSP00000262039,9606.ENSP00000261776,0,0,0,0,0.055,0,0.54,0.524,0.775
PIK3C3,PIK3CA,9606.ENSP00000262039,9606.ENSP00000263967,0,0,0,0.644,0.17,0,0.54,0.342,0.727
PIK3C3,PIK3CB,9606.ENSP00000262039,9606.ENSP00000501150,0,0,0,0.632,0.067,0,0.54,0.599,0.813
PIK3C3,PIK3R5,9606.ENSP00000262039,9606.ENSP00000392812,0,0,0,0,0,0,0.54,0.61,0.813
PIK3C3,PIK3R3,9606.ENSP00000262039,9606.ENSP00000262741,0,0,0,0,0.049,0,0.9,0.357,0.933
PIK3C3,PTEN,9606.ENSP00000262039,9606.ENSP00000361021,0,0,0,0,0.056,0.075,0.9,0.53,0.953
PIK3C3,PIK3R1,9606.ENSP00000262039,9606.ENSP00000428056,0,0,0,0,0.082,0,0.9,0.558,0.955
PIK3C3,PIKFYVE,9606.ENSP00000262039,9606.ENSP00000264380,0,0,0,0,0.06,0,0.925,0.744,0.98
PIK3C3,RAB5A,9606.ENSP00000262039,9606.ENSP00000273047,0,0,0,0,0.049,0.913,0.9,0.995,0.999
PIK3C3,PIK3R4,9606.ENSP00000262039,9606.ENSP00000349205,0,0,0,0,0.158,0.997,0.967,0.999,0.999
PIK3CA,PIK3R2,9606.ENSP00000263967,9606.ENSP00000222254,0,0,0,0,0,0.881,0.922,0.996,0.999
PIK3CA,PIK3R3,9606.ENSP00000263967,9606.ENSP00000262741,0,0,0,0,0,0.881,0.944,0.994,0.999
PIK3CA,SYNJ1,9606.ENSP00000263967,9606.ENSP00000409667,0,0,0,0,0.113,0,0.65,0.125,0.704
PIK3CA,PIK3R4,9606.ENSP00000263967,9606.ENSP00000349205,0,0,0,0,0.067,0,0.54,0.401,0.72
PIK3CA,PIP4P1,9606.ENSP00000263967,9606.ENSP00000381102,0,0,0,0,0,0,0.9,0,0.9
PIK3CA,PIP4K2C,9606.ENSP00000263967,9606.ENSP00000347032,0,0,0,0,0,0,0.906,0.218,0.923
PIK3CA,PIP4K2B,9606.ENSP00000263967,9606.ENSP00000482548,0,0,0,0,0.044,0,0.906,0.219,0.924
PIK3CA,PIK3R6,9606.ENSP00000263967,9606.ENSP00000480157,0,0,0,0,0,0,0.9,0.272,0.924
PIK3CA,PIP5K1B,9606.ENSP00000263967,9606.ENSP00000265382,0,0,0,0,0,0,0.913,0.157,0.924
PIK3CA,PIP4K2A,9606.ENSP00000263967,9606.ENSP00000365757,0,0,0,0,0,0,0.906,0.234,0.925
PIK3CA,PIP5K1C,9606.ENSP00000263967,9606.ENSP00000466363,0,0,0,0,0,0,0.913,0.219,0.929
PIK3CA,PIP5K1A,9606.ENSP00000263967,9606.ENSP00000357883,0,0,0,0,0.049,0,0.913,0.266,0.934
PIK3CA,PTEN,9606.ENSP00000263967,9606.ENSP00000361021,0,0,0,0,0.112,0.134,0.9,0.949,0.995
PIK3CA,PIK3CG,9606.ENSP00000263967,9606.ENSP00000419260,0,0,0,0.808,0.078,0.045,0.9,0.973,0.997
PIK3CA,PIK3CD,9606.ENSP00000263967,9606.ENSP00000366563,0,0,0.06,0.888,0,0,0.9,0.983,0.998
PIK3CA,PIK3CB,9606.ENSP00000263967,9606.ENSP00000501150,0,0,0.06,0.882,0.083,0,0.9,0.984,0.998
PIK3CA,PIK3R5,9606.ENSP00000263967,9606.ENSP00000392812,0,0,0,0,0.103,0.09,0.9,0.991,0.999
PIK3CA,PIK3R1,9606.ENSP00000263967,9606.ENSP00000428056,0,0,0,0,0.156,0.997,0.967,0.998,0.999
PIK3CB,PIK3R2,9606.ENSP00000501150,9606.ENSP00000222254,0,0,0,0,0,0.916,0.914,0.996,0.999
PIK3CB,PIK3R3,9606.ENSP00000501150,9606.ENSP00000262741,0,0,0,0,0,0.857,0.914,0.996,0.999
PIK3CB,PIP5K1B,9606.ENSP00000501150,9606.ENSP00000265382,0,0,0,0,0,0,0.913,0.263,0.933
PIK3CB,RAB5A,9606.ENSP00000501150,9606.ENSP00000273047,0,0,0,0,0.127,0.292,0,0.946,0.964
PIK3CB,PIP4K2C,9606.ENSP00000501150,9606.ENSP00000347032,0,0,0,0,0.056,0,0.906,0.192,0.922
PIK3CB,SYNJ2,9606.ENSP00000501150,9606.ENSP00000347792,0,0,0,0,0.073,0,0.65,0.176,0.709
PIK3CB,PIK3R4,9606.ENSP00000501150,9606.ENSP00000349205,0,0,0,0,0.105,0,0.54,0.697,0.864
PIK3CB,PIP5K1A,9606.ENSP00000501150,9606.ENSP00000357883,0,0,0,0,0,0,0.913,0.306,0.937
PIK3CB,PTEN,9606.ENSP00000501150,9606.ENSP00000361021,0,0,0,0,0.058,0.134,0.9,0.829,0.984
PIK3CB,PIP4K2A,9606.ENSP00000501150,9606.ENSP00000365757,0,0,0,0,0.042,0,0.906,0.266,0.928
PIK3CB,PIK3CD,9606.ENSP00000501150,9606.ENSP00000366563,0,0,0.06,0.956,0,0,0.9,0.983,0.998
PIK3CB,PIP4P1,9606.ENSP00000501150,9606.ENSP00000381102,0,0,0,0,0,0,0.9,0,0.9
PIK3CB,PIK3R5,9606.ENSP00000501150,9606.ENSP00000392812,0,0,0,0,0.105,0.09,0.9,0.99,0.999
PIK3CB,SYNJ1,9606.ENSP00000501150,9606.ENSP00000409667,0,0,0,0,0.088,0,0.65,0.159,0.708
PIK3CB,PIK3CG,9606.ENSP00000501150,9606.ENSP00000419260,0,0,0,0.789,0,0.045,0.9,0.976,0.997
PIK3CB,PIK3R1,9606.ENSP00000501150,9606.ENSP00000428056,0,0,0,0,0.049,0.936,0.914,0.996,0.999
PIK3CB,PIP5K1C,9606.ENSP00000501150,9606.ENSP00000466363,0,0,0,0,0,0,0.913,0.269,0.934
PIK3CB,PIK3R6,9606.ENSP00000501150,9606.ENSP00000480157,0,0,0,0,0,0,0.9,0.448,0.942
PIK3CB,PIP4K2B,9606.ENSP00000501150,9606.ENSP00000482548,0,0,0,0,0,0,0.906,0.236,0.925
PIK3CD,PIK3R2,9606.ENSP00000366563,9606.ENSP00000222254,0,0,0,0,0.042,0.563,0.914,0.996,0.999
PIK3CD,PIK3R3,9606.ENSP00000366563,9606.ENSP00000262741,0,0,0,0,0,0.61,0.914,0.996,0.999
PIK3CD,PIP5K1B,9606.ENSP00000366563,9606.ENSP00000265382,0,0,0,0,0,0,0.913,0.151,0.923
PIK3CD,PIP4K2C,9606.ENSP00000366563,9606.ENSP00000347032,0,0,0,0,0.042,0,0.906,0.138,0.916
PIK3CD,SYNJ2,9606.ENSP00000366563,9606.ENSP00000347792,0,0,0,0,0.085,0,0.65,0.157,0.706
PIK3CD,PIK3R4,9606.ENSP00000366563,9606.ENSP00000349205,0,0,0,0,0.042,0,0.54,0.396,0.71
PIK3CD,PIP5K1A,9606.ENSP00000366563,9606.ENSP00000357883,0,0,0,0,0.042,0,0.913,0.424,0.948
PIK3CD,PTEN,9606.ENSP00000366563,9606.ENSP00000361021,0,0,0,0,0.058,0.134,0.9,0.708,0.973
PIK3CD,PIP4K2A,9606.ENSP00000366563,9606.ENSP00000365757,0,0,0,0,0.078,0,0.906,0.191,0.924
PIK3CD,PIP4P1,9606.ENSP00000366563,9606.ENSP00000381102,0,0,0,0,0.061,0,0.9,0,0.902
PIK3CD,PIP4K2B,9606.ENSP00000366563,9606.ENSP00000482548,0,0,0,0,0,0,0.906,0.197,0.921
PIK3CD,PIP5K1C,9606.ENSP00000366563,9606.ENSP00000466363,0,0,0,0,0.054,0,0.913,0.353,0.942
PIK3CD,PIK3R6,9606.ENSP00000366563,9606.ENSP00000480157,0,0,0,0,0.097,0,0.9,0.447,0.945
PIK3CD,PIK3CG,9606.ENSP00000366563,9606.ENSP00000419260,0,0,0,0.794,0.087,0.296,0.9,0.923,0.994
PIK3CD,PIK3R5,9606.ENSP00000366563,9606.ENSP00000392812,0,0,0,0,0.158,0.09,0.9,0.99,0.999
PIK3CD,PIK3R1,9606.ENSP00000366563,9606.ENSP00000428056,0,0,0,0,0.042,0.987,0.914,0.995,0.999
PIK3CG,PIK3R2,9606.ENSP00000419260,9606.ENSP00000222254,0,0,0,0,0,0.313,0.914,0.991,0.999
PIK3CG,PIK3R3,9606.ENSP00000419260,9606.ENSP00000262741,0,0,0,0,0,0.313,0.914,0.991,0.999
PIK3CG,PIP5K1B,9606.ENSP00000419260,9606.ENSP00000265382,0,0,0,0,0.049,0,0.913,0.198,0.928
PIK3CG,PIP4K2C,9606.ENSP00000419260,9606.ENSP00000347032,0,0,0,0,0,0,0.906,0.241,0.926
PIK3CG,PIK3R4,9606.ENSP00000419260,9606.ENSP00000349205,0,0,0,0,0,0,0.54,0.479,0.75
PIK3CG,PIP5K1A,9606.ENSP00000419260,9606.ENSP00000357883,0,0,0,0,0,0,0.913,0.254,0.932
PIK3CG,PTEN,9606.ENSP00000419260,9606.ENSP00000361021,0,0,0,0,0.043,0.134,0,0.818,0.836
PIK3CG,PIP4K2A,9606.ENSP00000419260,9606.ENSP00000365757,0,0,0,0,0.064,0,0.906,0.273,0.93
PIK3CG,PIK3R5,9606.ENSP00000419260,9606.ENSP00000392812,0,0,0,0,0.18,0.969,0.9,0.998,0.999
PIK3CG,SYNJ1,9606.ENSP00000419260,9606.ENSP00000409667,0,0,0,0,0.084,0,0.65,0.15,0.704
PIK3CG,PIP4K2B,9606.ENSP00000419260,9606.ENSP00000482548,0,0,0,0,0,0,0.906,0.273,0.929
PIK3CG,PIP5K1C,9606.ENSP00000419260,9606.ENSP00000466363,0,0,0,0,0,0,0.913,0.272,0.934
PIK3CG,PIK3R1,9606.ENSP00000419260,9606.ENSP00000428056,0,0,0,0,0.055,0.492,0.914,0.987,0.999
PIK3CG,PIK3R6,9606.ENSP00000419260,9606.ENSP00000480157,0,0,0,0,0.137,0.322,0.9,0.988,0.999
PIK3R1,PIK3R2,9606.ENSP00000428056,9606.ENSP00000222254,0,0,0.052,0.96,0.044,0.864,0.9,0.959,0.999
PIK3R1,PIK3R3,9606.ENSP00000428056,9606.ENSP00000262741,0,0,0.05,0.974,0.042,0.807,0.944,0.768,0.997
PIK3R1,PIKFYVE,9606.ENSP00000428056,9606.ENSP00000264380,0,0,0,0,0.061,0,0.9,0.19,0.917
PIK3R1,PIP5K1B,9606.ENSP00000428056,9606.ENSP00000265382,0,0,0,0,0,0,0.913,0.105,0.919
PIK3R1,RAB5A,9606.ENSP00000428056,9606.ENSP00000273047,0,0,0,0,0.047,0.292,0,0.717,0.792
PIK3R1,PIP4K2C,9606.ENSP00000428056,9606.ENSP00000347032,0,0,0,0,0.042,0,0.906,0.114,0.913
PIK3R1,SYNJ2,9606.ENSP00000428056,9606.ENSP00000347792,0,0,0,0,0.044,0.139,0.65,0.091,0.703
PIK3R1,PIP5K1A,9606.ENSP00000428056,9606.ENSP00000357883,0,0,0,0,0.042,0,0.913,0.184,0.926
PIK3R1,PTEN,9606.ENSP00000428056,9606.ENSP00000361021,0,0,0,0,0.056,0.554,0.9,0.943,0.997
PIK3R1,PIP4K2A,9606.ENSP00000428056,9606.ENSP00000365757,0,0,0,0,0.057,0,0.906,0.177,0.921
PIK3R1,SH3KBP1,9606.ENSP00000428056,9606.ENSP00000380921,0,0,0,0,0.049,0.672,0.5,0.191,0.857
PIK3R1,PIP4P1,9606.ENSP00000428056,9606.ENSP00000381102,0,0,0,0,0.042,0,0.9,0,0.9
PIK3R1,PIK3R5,9606.ENSP00000428056,9606.ENSP00000392812,0,0,0,0,0.049,0,0.9,0.672,0.966
PIK3R1,PIP4K2B,9606.ENSP00000428056,9606.ENSP00000482548,0,0,0,0,0.042,0,0.906,0.087,0.911
PIK3R1,PIP5K1C,9606.ENSP00000428056,9606.ENSP00000466363,0,0,0,0,0.06,0,0.913,0.158,0.925
PIK3R1,PIK3R6,9606.ENSP00000428056,9606.ENSP00000480157,0,0,0,0,0,0,0.9,0.404,0.937
PIK3R2,PIP4P1,9606.ENSP00000222254,9606.ENSP00000381102,0,0,0,0,0.049,0,0.9,0,0.9
PIK3R2,PIP5K1B,9606.ENSP00000222254,9606.ENSP00000265382,0,0,0,0,0,0,0.91,0.067,0.913
PIK3R2,PIKFYVE,9606.ENSP00000222254,9606.ENSP00000264380,0,0,0,0,0.049,0,0.9,0.171,0.914
PIK3R2,PIP4K2B,9606.ENSP00000222254,9606.ENSP00000482548,0,0,0,0,0.048,0,0.906,0.123,0.915
PIK3R2,PIP4K2A,9606.ENSP00000222254,9606.ENSP00000365757,0,0,0,0,0.063,0,0.906,0.192,0.923
PIK3R2,PIP4K2C,9606.ENSP00000222254,9606.ENSP00000347032,0,0,0,0,0.042,0,0.906,0.228,0.924
PIK3R2,PIP5K1A,9606.ENSP00000222254,9606.ENSP00000357883,0,0,0,0,0.067,0,0.908,0.198,0.925
PIK3R2,PIP5K1C,9606.ENSP00000222254,9606.ENSP00000466363,0,0,0,0,0.067,0,0.908,0.237,0.928
PIK3R2,PIK3R6,9606.ENSP00000222254,9606.ENSP00000480157,0,0,0,0,0,0,0.9,0.482,0.945
PIK3R2,PIK3R5,9606.ENSP00000222254,9606.ENSP00000392812,0,0,0,0,0,0,0.9,0.817,0.98
PIK3R2,PTEN,9606.ENSP00000222254,9606.ENSP00000361021,0,0,0,0,0,0.313,0.9,0.806,0.985
PIK3R2,PIK3R3,9606.ENSP00000222254,9606.ENSP00000262741,0,0,0.049,0.971,0.049,0.835,0.9,0.957,0.999
PIK3R3,PIP4P1,9606.ENSP00000262741,9606.ENSP00000381102,0,0,0,0,0,0,0.9,0,0.9
PIK3R3,PIKFYVE,9606.ENSP00000262741,9606.ENSP00000264380,0,0,0,0,0,0,0.9,0.164,0.912
PIK3R3,PIP4K2B,9606.ENSP00000262741,9606.ENSP00000482548,0,0,0,0,0,0,0.906,0.136,0.915
PIK3R3,PIP5K1B,9606.ENSP00000262741,9606.ENSP00000265382,0,0,0,0,0,0,0.912,0.131,0.921
PIK3R3,PIP5K1C,9606.ENSP00000262741,9606.ENSP00000466363,0,0,0,0,0,0,0.912,0.15,0.922
PIK3R3,PIP4K2C,9606.ENSP00000262741,9606.ENSP00000347032,0,0,0,0,0,0,0.906,0.225,0.924
PIK3R3,PIP5K1A,9606.ENSP00000262741,9606.ENSP00000357883,0,0,0,0,0.049,0,0.912,0.174,0.925
PIK3R3,PIP4K2A,9606.ENSP00000262741,9606.ENSP00000365757,0,0,0,0,0,0,0.906,0.262,0.928
PIK3R3,PTEN,9606.ENSP00000262741,9606.ENSP00000361021,0,0,0,0,0,0.07,0.9,0.558,0.955
PIK3R3,PIK3R6,9606.ENSP00000262741,9606.ENSP00000480157,0,0,0,0,0,0,0.9,0.692,0.967
PIK3R3,PIK3R5,9606.ENSP00000262741,9606.ENSP00000392812,0,0,0,0,0,0,0.9,0.824,0.981
PIK3R4,RAB5A,9606.ENSP00000349205,9606.ENSP00000273047,0,0,0,0,0.05,0.827,0,0.763,0.957
PIK3R4,PIK3R5,9606.ENSP00000349205,9606.ENSP00000392812,0,0,0,0,0,0,0.54,0.447,0.734
PIK3R5,PIK3R6,9606.ENSP00000392812,9606.ENSP00000480157,0,0,0,0.605,0.303,0,0.9,0.39,0.953
PIKFYVE,VAC14,9606.ENSP00000264380,9606.ENSP00000261776,0,0,0,0,0.044,0.914,0.8,0.999,0.999
PIKFYVE,PIP4P1,9606.ENSP00000264380,9606.ENSP00000381102,0,0,0,0,0.049,0,0.9,0.27,0.924
PIKFYVE,PIP4K2C,9606.ENSP00000264380,9606.ENSP00000347032,0,0,0,0.572,0.044,0,0.9,0.318,0.929
PIKFYVE,PTEN,9606.ENSP00000264380,9606.ENSP00000361021,0,0,0,0,0.049,0,0.9,0.421,0.94
PIKFYVE,PIP4K2A,9606.ENSP00000264380,9606.ENSP00000365757,0,0,0,0.578,0.042,0,0.9,0.458,0.943
PIKFYVE,PIP4K2B,9606.ENSP00000264380,9606.ENSP00000482548,0,0,0,0.569,0,0,0.9,0.534,0.951
PIP4K2A,PIP5K1B,9606.ENSP00000365757,9606.ENSP00000265382,0,0,0,0.728,0.058,0,0.9,0.233,0.921
PIP4K2A,PIP4K2C,9606.ENSP00000365757,9606.ENSP00000347032,0,0,0.058,0.965,0.042,0.737,0.9,0.065,0.973
PIP4K2A,SYNJ2,9606.ENSP00000365757,9606.ENSP00000347792,0,0,0,0,0.049,0.068,0.9,0.31,0.93
PIP4K2A,PIP5K1A,9606.ENSP00000365757,9606.ENSP00000357883,0,0,0,0.733,0.042,0.171,0.9,0.287,0.935
PIP4K2A,PTEN,9606.ENSP00000365757,9606.ENSP00000361021,0,0,0,0,0.08,0.069,0.9,0.561,0.957
PIP4K2A,PIP5K1C,9606.ENSP00000365757,9606.ENSP00000466363,0,0,0,0.719,0,0,0.9,0.294,0.926
PIP4K2A,SYNJ1,9606.ENSP00000365757,9606.ENSP00000409667,0,0,0,0,0,0.068,0.9,0.409,0.94
PIP4K2A,PIP4P1,9606.ENSP00000365757,9606.ENSP00000381102,0,0,0,0,0.042,0,0.913,0.35,0.941
PIP4K2A,PIP4K2B,9606.ENSP00000365757,9606.ENSP00000482548,0,0,0.051,0.978,0,0.739,0.9,0.06,0.973
PIP4K2B,PIP5K1B,9606.ENSP00000482548,9606.ENSP00000265382,0,0,0,0.747,0,0,0.9,0.203,0.916
PIP4K2B,PIP4K2C,9606.ENSP00000482548,9606.ENSP00000347032,0,0,0.058,0.965,0,0.491,0.9,0.065,0.949
PIP4K2B,SYNJ2,9606.ENSP00000482548,9606.ENSP00000347792,0,0,0,0,0,0.068,0.9,0.16,0.914
PIP4K2B,PIP5K1A,9606.ENSP00000482548,9606.ENSP00000357883,0,0,0,0.737,0.062,0,0.9,0.395,0.938
PIP4K2B,PTEN,9606.ENSP00000482548,9606.ENSP00000361021,0,0,0,0,0.063,0.069,0.9,0.213,0.922
PIP4K2B,PIP4P1,9606.ENSP00000482548,9606.ENSP00000381102,0,0,0,0,0,0,0.913,0.102,0.919
PIP4K2B,SYNJ1,9606.ENSP00000482548,9606.ENSP00000409667,0,0,0,0,0.063,0.068,0.9,0.178,0.918
PIP4K2B,PIP5K1C,9606.ENSP00000482548,9606.ENSP00000466363,0,0,0,0.726,0.083,0,0.9,0.475,0.947
PIP4K2C,PIP5K1B,9606.ENSP00000347032,9606.ENSP00000265382,0,0,0,0.719,0,0,0.9,0.154,0.911
PIP4K2C,SYNJ2,9606.ENSP00000347032,9606.ENSP00000347792,0,0,0,0,0.042,0.068,0.9,0.129,0.911
PIP4K2C,PIP5K1A,9606.ENSP00000347032,9606.ENSP00000357883,0,0,0,0.728,0.049,0,0.9,0.189,0.916
PIP4K2C,PIP5K1C,9606.ENSP00000347032,9606.ENSP00000466363,0,0,0,0.729,0.056,0,0.9,0.199,0.917
PIP4K2C,SYNJ1,9606.ENSP00000347032,9606.ENSP00000409667,0,0,0,0,0.049,0.068,0.9,0.203,0.919
PIP4K2C,PTEN,9606.ENSP00000347032,9606.ENSP00000361021,0,0,0,0,0.063,0.069,0.9,0.186,0.919
PIP4K2C,PIP4P1,9606.ENSP00000347032,9606.ENSP00000381102,0,0,0,0,0.067,0,0.913,0.108,0.921
PIP4P1,PIP5K1B,9606.ENSP00000381102,9606.ENSP00000265382,0,0,0,0,0,0,0.908,0.144,0.917
PIP4P1,SYNJ2,9606.ENSP00000381102,9606.ENSP00000347792,0,0,0,0,0.047,0,0.9,0.064,0.903
PIP4P1,PIP5K1A,9606.ENSP00000381102,9606.ENSP00000357883,0,0,0,0,0.044,0,0.908,0.086,0.912
PIP4P1,PTEN,9606.ENSP00000381102,9606.ENSP00000361021,0,0,0,0,0,0,0.9,0,0.9
PIP4P1,SYNJ1,9606.ENSP00000381102,9606.ENSP00000409667,0,0,0,0,0,0,0.9,0.143,0.91
PIP4P1,PIP5K1C,9606.ENSP00000381102,9606.ENSP00000466363,0,0,0,0,0.067,0,0.908,0.084,0.914
PIP5K1A,PIP5K1B,9606.ENSP00000357883,9606.ENSP00000265382,0,0,0.063,0.955,0,0.087,0.9,0.398,0.941
PIP5K1A,SYNJ2,9606.ENSP00000357883,9606.ENSP00000347792,0,0,0,0,0.049,0.068,0.9,0.307,0.93
PIP5K1A,PTEN,9606.ENSP00000357883,9606.ENSP00000361021,0,0,0,0,0.063,0.069,0.9,0.27,0.927
PIP5K1A,SYNJ1,9606.ENSP00000357883,9606.ENSP00000409667,0,0,0,0,0,0.068,0.9,0.355,0.934
PIP5K1A,PIP5K1C,9606.ENSP00000357883,9606.ENSP00000466363,0,0,0.058,0.963,0.049,0.73,0.9,0.074,0.973
PIP5K1B,PTEN,9606.ENSP00000265382,9606.ENSP00000361021,0,0,0,0,0.063,0.069,0.9,0.163,0.917
PIP5K1B,SYNJ1,9606.ENSP00000265382,9606.ENSP00000409667,0,0,0,0,0.042,0.068,0.9,0.2,0.919
PIP5K1B,SYNJ2,9606.ENSP00000265382,9606.ENSP00000347792,0,0,0,0,0,0.068,0.9,0.242,0.923
PIP5K1B,PIP5K1C,9606.ENSP00000265382,9606.ENSP00000466363,0,0,0.058,0.962,0,0.087,0.9,0.41,0.942
PIP5K1C,SYNJ2,9606.ENSP00000466363,9606.ENSP00000347792,0,0,0,0,0,0.068,0.9,0.383,0.937
PIP5K1C,PTEN,9606.ENSP00000466363,9606.ENSP00000361021,0,0,0,0,0.063,0.069,0.9,0.249,0.925
PIP5K1C,SYNJ1,9606.ENSP00000466363,9606.ENSP00000409667,0,0,0,0,0.082,0.068,0.9,0.497,0.951
PISD,SELENOI,9606.ENSP00000391739,9606.ENSP00000260585,0,0,0,0,0,0,0.9,0.626,0.961
PISD,PLD2,9606.ENSP00000391739,9606.ENSP00000263088,0,0,0,0,0.067,0.086,0.956,0.312,0.971
PISD,PLA1A,9606.ENSP00000391739,9606.ENSP00000273371,0,0,0,0,0.047,0.052,0.9,0.276,0.925
PISD,PTDSS2,9606.ENSP00000391739,9606.ENSP00000308258,0,0,0,0,0.043,0,0.934,0.791,0.985
PISD,PLD6,9606.ENSP00000391739,9606.ENSP00000317177,0,0,0,0,0.045,0.071,0.585,0.359,0.732
PISD,PLAAT3,9606.ENSP00000391739,9606.ENSP00000320337,0,0,0,0,0.067,0.05,0.9,0,0.903
PISD,PLD1,9606.ENSP00000391739,9606.ENSP00000342793,0,0,0,0,0.062,0.086,0.956,0.392,0.974
PISD,PLA2G4A,9606.ENSP00000391739,9606.ENSP00000356436,0,0,0,0,0.086,0,0.65,0.154,0.706
PISD,PLD3,9606.ENSP00000391739,9606.ENSP00000387050,0,0,0,0,0.049,0,0.9,0.145,0.911
PISD,PLD4,9606.ENSP00000391739,9606.ENSP00000438677,0,0,0,0,0.054,0,0.9,0.086,0.906
PISD,PTDSS1,9606.ENSP00000391739,9606.ENSP00000430548,0,0,0,0,0.067,0,0.934,0.791,0.986
PITPNB,PITPNM3,9606.ENSP00000487693,9606.ENSP00000262483,0,0.899,0,0,0,0,0,0.328,0.929
PITPNM1,VAPA,9606.ENSP00000348772,9606.ENSP00000345656,0,0,0,0,0,0.742,0,0.633,0.901
PITPNM1,VAPB,9606.ENSP00000348772,9606.ENSP00000417175,0,0,0,0,0,0.794,0,0.757,0.948
PITPNM2,VAPB,9606.ENSP00000322218,9606.ENSP00000417175,0,0,0,0,0,0.585,0,0.435,0.756
PITPNM2,VAPA,9606.ENSP00000322218,9606.ENSP00000345656,0,0,0,0,0,0.671,0,0.454,0.813
PLA1A,PTDSS1,9606.ENSP00000273371,9606.ENSP00000430548,0,0,0,0,0,0,0.9,0.223,0.919
PLA1A,PTDSS2,9606.ENSP00000273371,9606.ENSP00000308258,0,0,0,0,0,0,0.9,0.297,0.926
PLA2G10,PLA2G3,9606.ENSP00000393847,9606.ENSP00000215885,0,0,0,0,0.043,0,0.5,0.945,0.971
PLA2G10,PLA2G12A,9606.ENSP00000393847,9606.ENSP00000243501,0,0,0,0,0.045,0,0.5,0.955,0.976
PLA2G10,PLD2,9606.ENSP00000393847,9606.ENSP00000263088,0,0,0,0,0,0,0.65,0.203,0.709
PLA2G10,PLA2R1,9606.ENSP00000393847,9606.ENSP00000283243,0,0,0,0,0,0,0,0.926,0.926
PLA2G10,PLA2G1B,9606.ENSP00000393847,9606.ENSP00000312286,0,0,0.127,0.813,0.059,0,0.5,0.506,0.769
PLA2G10,PLAAT3,9606.ENSP00000393847,9606.ENSP00000320337,0,0,0,0,0.049,0,0.65,0.49,0.815
PLA2G10,PLB1,9606.ENSP00000393847,9606.ENSP00000330442,0,0,0,0,0,0,0.65,0.415,0.786
PLA2G10,PTGS1,9606.ENSP00000393847,9606.ENSP00000354612,0,0,0,0,0,0,0.65,0.428,0.791
PLA2G10,PLA2G4A,9606.ENSP00000393847,9606.ENSP00000356436,0,0,0,0,0,0,0,0.858,0.858
PLA2G10,PTGS2,9606.ENSP00000393847,9606.ENSP00000356438,0,0,0,0,0,0,0.65,0.801,0.927
PLA2G10,PLA2G2A,9606.ENSP00000393847,9606.ENSP00000383364,0,0,0.091,0.863,0.055,0,0.5,0.435,0.725
PLA2G12A,PLA2G3,9606.ENSP00000243501,9606.ENSP00000215885,0,0,0,0,0,0,0.5,0.928,0.962
PLA2G12A,PLD3,9606.ENSP00000243501,9606.ENSP00000387050,0,0,0,0,0,0,0.65,0.195,0.706
PLA2G12A,PTDSS1,9606.ENSP00000243501,9606.ENSP00000430548,0,0,0,0,0,0,0.65,0.211,0.712
PLA2G12A,PLB1,9606.ENSP00000243501,9606.ENSP00000330442,0,0,0,0,0,0,0.65,0.243,0.723
PLA2G12A,PNPLA7,9606.ENSP00000243501,9606.ENSP00000384610,0,0,0,0,0,0,0.65,0.245,0.724
PLA2G12A,PLA2G1B,9606.ENSP00000243501,9606.ENSP00000312286,0,0,0,0,0.045,0,0.5,0.541,0.762
PLA2G12A,PLAAT3,9606.ENSP00000243501,9606.ENSP00000320337,0,0,0,0,0,0.045,0.65,0.395,0.78
PLA2G12A,PLA2G5,9606.ENSP00000243501,9606.ENSP00000364249,0,0,0,0,0.045,0,0.5,0.583,0.783
PLA2G12A,PLA2G2F,9606.ENSP00000243501,9606.ENSP00000364243,0,0,0,0,0.045,0,0.5,0.611,0.798
PLA2G12A,PLA2G2E,9606.ENSP00000243501,9606.ENSP00000364257,0,0,0,0,0.045,0,0.5,0.622,0.804
PLA2G12A,PLA2G2A,9606.ENSP00000243501,9606.ENSP00000383364,0,0,0,0,0.045,0,0.5,0.875,0.935
PLA2G12A,PLA2G2D,9606.ENSP00000243501,9606.ENSP00000364246,0,0,0,0,0.045,0,0.5,0.898,0.947
PLA2G1B,PLA2G3,9606.ENSP00000312286,9606.ENSP00000215885,0,0,0,0,0,0,0.5,0.481,0.729
PLA2G1B,PLA2R1,9606.ENSP00000312286,9606.ENSP00000283243,0,0,0,0,0.055,0,0,0.884,0.885
PLA2G1B,PLD1,9606.ENSP00000312286,9606.ENSP00000342793,0,0,0,0,0,0,0.65,0.181,0.701
PLA2G1B,PLA2G2A,9606.ENSP00000312286,9606.ENSP00000383364,0,0,0.105,0.834,0.042,0.292,0.5,0.189,0.709
PLA2G1B,PNLIPRP1,9606.ENSP00000312286,9606.ENSP00000433933,0,0,0,0,0.298,0,0,0.606,0.711
PLA2G1B,PLAAT3,9606.ENSP00000312286,9606.ENSP00000320337,0,0,0,0,0,0,0.65,0.29,0.74
PLA2G1B,PTGS2,9606.ENSP00000312286,9606.ENSP00000356438,0,0,0,0,0,0,0.65,0.312,0.748
PLA2G1B,PTGS1,9606.ENSP00000312286,9606.ENSP00000354612,0,0,0,0,0,0,0.65,0.341,0.759
PLA2G1B,PNLIP,9606.ENSP00000312286,9606.ENSP00000358223,0,0,0,0,0.405,0,0,0.621,0.764
PLA2G1B,PLB1,9606.ENSP00000312286,9606.ENSP00000330442,0,0,0,0,0,0,0.65,0.38,0.773
PLA2G1B,PLA2G4A,9606.ENSP00000312286,9606.ENSP00000356436,0,0,0,0,0,0,0,0.814,0.814
PLA2G2A,PLA2G3,9606.ENSP00000383364,9606.ENSP00000215885,0,0,0,0,0.047,0,0.5,0.874,0.934
PLA2G2A,PNPLA8,9606.ENSP00000383364,9606.ENSP00000257694,0,0,0,0,0,0,0.8,0.622,0.921
PLA2G2A,PLD2,9606.ENSP00000383364,9606.ENSP00000263088,0,0,0,0,0,0,0.65,0.199,0.707
PLA2G2A,PLA2R1,9606.ENSP00000383364,9606.ENSP00000283243,0,0,0,0,0.047,0,0,0.93,0.93
PLA2G2A,PLAAT3,9606.ENSP00000383364,9606.ENSP00000320337,0,0,0,0,0.043,0,0.65,0.582,0.847
PLA2G2A,PLB1,9606.ENSP00000383364,9606.ENSP00000330442,0,0,0,0,0,0,0.65,0.567,0.842
PLA2G2A,PLA2G6,9606.ENSP00000383364,9606.ENSP00000333142,0,0,0,0,0.083,0,0,0.822,0.83
PLA2G2A,PTGS1,9606.ENSP00000383364,9606.ENSP00000354612,0,0,0,0,0,0,0.65,0.446,0.797
PLA2G2A,PLA2G4A,9606.ENSP00000383364,9606.ENSP00000356436,0,0,0,0,0.049,0,0,0.918,0.918
PLA2G2A,PTGS2,9606.ENSP00000383364,9606.ENSP00000356438,0,0,0,0,0,0,0.65,0.792,0.924
PLA2G2A,PNPLA6,9606.ENSP00000383364,9606.ENSP00000407509,0,0,0,0,0,0,0.65,0.348,0.762
PLA2G2A,PLA2G4C,9606.ENSP00000383364,9606.ENSP00000472546,0,0,0,0,0,0,0.8,0.571,0.91
PLA2G2D,PLA2G3,9606.ENSP00000364246,9606.ENSP00000215885,0,0,0,0,0.05,0,0.5,0.968,0.983
PLA2G2D,PLD2,9606.ENSP00000364246,9606.ENSP00000263088,0,0,0,0,0,0,0.65,0.19,0.704
PLA2G2D,PLA2R1,9606.ENSP00000364246,9606.ENSP00000283243,0,0,0,0,0,0,0,0.911,0.911
PLA2G2D,PLAAT3,9606.ENSP00000364246,9606.ENSP00000320337,0,0,0,0,0,0,0.65,0.496,0.816
PLA2G2D,PLB1,9606.ENSP00000364246,9606.ENSP00000330442,0,0,0,0,0,0,0.65,0.381,0.774
PLA2G2D,PTGS1,9606.ENSP00000364246,9606.ENSP00000354612,0,0,0,0,0,0,0.65,0.201,0.708
PLA2G2D,PTGS2,9606.ENSP00000364246,9606.ENSP00000356438,0,0,0,0,0,0,0.65,0.269,0.733
PLA2G2D,PNPLA6,9606.ENSP00000364246,9606.ENSP00000407509,0,0,0,0,0.047,0,0.65,0.22,0.717
PLA2G2E,PLA2G3,9606.ENSP00000364257,9606.ENSP00000215885,0,0,0,0,0.05,0,0.5,0.696,0.843
PLA2G2E,PLAAT3,9606.ENSP00000364257,9606.ENSP00000320337,0,0,0,0,0,0,0.65,0.404,0.782
PLA2G2E,PLB1,9606.ENSP00000364257,9606.ENSP00000330442,0,0,0,0,0,0,0.65,0.369,0.77
PLA2G2E,PTGS1,9606.ENSP00000364257,9606.ENSP00000354612,0,0,0,0,0,0,0.65,0.23,0.719
PLA2G2E,PTGS2,9606.ENSP00000364257,9606.ENSP00000356438,0,0,0,0,0,0,0.65,0.209,0.711
PLA2G2E,PLD3,9606.ENSP00000364257,9606.ENSP00000387050,0,0,0,0,0,0,0.65,0.187,0.703
PLA2G2E,PNPLA7,9606.ENSP00000364257,9606.ENSP00000384610,0,0,0,0,0,0,0.65,0.203,0.709
PLA2G2E,PNPLA6,9606.ENSP00000364257,9606.ENSP00000407509,0,0,0,0,0,0,0.65,0.223,0.716
PLA2G2F,PLA2G3,9606.ENSP00000364243,9606.ENSP00000215885,0,0,0,0,0.06,0,0.5,0.7,0.846
PLA2G2F,PLAAT3,9606.ENSP00000364243,9606.ENSP00000320337,0,0,0,0,0,0,0.65,0.27,0.733
PLA2G2F,PLB1,9606.ENSP00000364243,9606.ENSP00000330442,0,0,0,0,0,0,0.65,0.26,0.73
PLA2G2F,PTGS1,9606.ENSP00000364243,9606.ENSP00000354612,0,0,0,0,0,0,0.65,0.231,0.719
PLA2G2F,PTGS2,9606.ENSP00000364243,9606.ENSP00000356438,0,0,0,0,0,0,0.65,0.204,0.709
PLA2G2F,PNPLA6,9606.ENSP00000364243,9606.ENSP00000407509,0,0,0,0,0,0,0.65,0.197,0.706
PLA2G2F,PNPLA7,9606.ENSP00000364243,9606.ENSP00000384610,0,0,0,0,0,0,0.65,0.22,0.715
PLA2G3,PLD2,9606.ENSP00000215885,9606.ENSP00000263088,0,0,0,0,0.044,0,0.65,0.183,0.703
PLA2G3,PNPLA7,9606.ENSP00000215885,9606.ENSP00000384610,0,0,0,0,0,0,0.65,0.219,0.714
PLA2G3,PLD3,9606.ENSP00000215885,9606.ENSP00000387050,0,0,0,0,0,0,0.65,0.246,0.724
PLA2G3,PLB1,9606.ENSP00000215885,9606.ENSP00000330442,0,0,0,0,0.058,0,0.65,0.282,0.742
PLA2G3,PTGS2,9606.ENSP00000215885,9606.ENSP00000356438,0,0,0,0,0,0,0.65,0.497,0.816
PLA2G3,PLA2G5,9606.ENSP00000215885,9606.ENSP00000364249,0,0,0,0,0,0,0.5,0.663,0.824
PLA2G3,PLAAT3,9606.ENSP00000215885,9606.ENSP00000320337,0,0,0,0,0.086,0.067,0.65,0.499,0.83
PLA2G4A,PLD2,9606.ENSP00000356436,9606.ENSP00000263088,0,0,0,0,0.063,0,0.65,0.406,0.788
PLA2G4A,PLAAT3,9606.ENSP00000356436,9606.ENSP00000320337,0,0,0,0,0,0.045,0.65,0.528,0.828
PLA2G4A,PLB1,9606.ENSP00000356436,9606.ENSP00000330442,0,0,0,0,0.08,0,0.65,0.323,0.763
PLA2G4A,PLA2G6,9606.ENSP00000356436,9606.ENSP00000333142,0,0,0,0,0,0,0.4,0.743,0.839
PLA2G4A,PLD1,9606.ENSP00000356436,9606.ENSP00000342793,0,0,0,0,0.103,0,0.65,0.247,0.743
PLA2G4A,PTGS1,9606.ENSP00000356436,9606.ENSP00000354612,0,0,0.345,0,0.15,0,0.65,0.614,0.914
PLA2G4A,PNPLA7,9606.ENSP00000356436,9606.ENSP00000384610,0,0,0,0,0.067,0,0.65,0.317,0.757
PLA2G4A,PNPLA6,9606.ENSP00000356436,9606.ENSP00000407509,0,0,0,0,0.067,0,0.65,0.388,0.783
PLA2G4A,PTGS2,9606.ENSP00000356436,9606.ENSP00000356438,0,0,0.363,0,0.214,0,0.65,0.812,0.962
PLA2G4C,PNPLA8,9606.ENSP00000472546,9606.ENSP00000257694,0,0,0,0,0.042,0,0.4,0.532,0.707
PLA2G4C,PLD2,9606.ENSP00000472546,9606.ENSP00000263088,0,0,0,0,0.059,0,0.65,0.181,0.707
PLA2G4C,PLAAT3,9606.ENSP00000472546,9606.ENSP00000320337,0,0,0,0,0.049,0,0.65,0.402,0.783
PLA2G4C,PLB1,9606.ENSP00000472546,9606.ENSP00000330442,0,0,0,0,0.074,0,0.65,0.267,0.741
PLA2G4C,PTGS1,9606.ENSP00000472546,9606.ENSP00000354612,0,0,0,0,0.056,0,0.65,0.259,0.734
PLA2G4C,PTGS2,9606.ENSP00000472546,9606.ENSP00000356438,0,0,0,0,0.056,0,0.65,0.287,0.744
PLA2G4C,PNPLA7,9606.ENSP00000472546,9606.ENSP00000384610,0,0,0,0,0.08,0,0.65,0.347,0.771
PLA2G4C,PNPLA6,9606.ENSP00000472546,9606.ENSP00000407509,0,0,0,0,0.062,0,0.65,0.429,0.796
PLA2G4D,PTGS1,9606.ENSP00000290472,9606.ENSP00000354612,0,0,0,0,0.056,0,0.65,0.205,0.714
PLA2G4D,PLB1,9606.ENSP00000290472,9606.ENSP00000330442,0,0,0,0,0.06,0,0.65,0.212,0.718
PLA2G4D,PNPLA7,9606.ENSP00000290472,9606.ENSP00000384610,0,0,0,0,0.062,0,0.65,0.302,0.751
PLA2G4D,PLAAT3,9606.ENSP00000290472,9606.ENSP00000320337,0,0,0,0,0,0,0.65,0.342,0.759
PLA2G4D,PNPLA6,9606.ENSP00000290472,9606.ENSP00000407509,0,0,0,0,0.062,0,0.65,0.391,0.782
PLA2G4D,PLA2G5,9606.ENSP00000290472,9606.ENSP00000364249,0,0,0,0,0,0,0,0.957,0.957
PLA2G4E,PLAAT3,9606.ENSP00000382434,9606.ENSP00000320337,0,0,0,0,0,0,0.65,0.33,0.755
PLA2G4E,PLB1,9606.ENSP00000382434,9606.ENSP00000330442,0,0,0,0,0.06,0,0.65,0.243,0.729
PLA2G4E,PLD3,9606.ENSP00000382434,9606.ENSP00000387050,0,0,0,0,0.06,0,0.65,0.175,0.704
PLA2G4E,PNPLA6,9606.ENSP00000382434,9606.ENSP00000407509,0,0,0,0,0.062,0,0.65,0.363,0.772
PLA2G4E,PNPLA7,9606.ENSP00000382434,9606.ENSP00000384610,0,0,0,0,0.062,0,0.65,0.366,0.773
PLA2G4F,PLAAT3,9606.ENSP00000380442,9606.ENSP00000320337,0,0,0,0,0,0,0.65,0.226,0.717
PLA2G4F,PLB1,9606.ENSP00000380442,9606.ENSP00000330442,0,0,0,0,0.067,0,0.65,0.207,0.718
PLA2G4F,PTDSS1,9606.ENSP00000380442,9606.ENSP00000430548,0,0,0,0,0,0,0.65,0.217,0.714
PLA2G4F,PNPLA6,9606.ENSP00000380442,9606.ENSP00000407509,0,0,0,0,0.064,0,0.65,0.364,0.773
PLA2G4F,PNPLA7,9606.ENSP00000380442,9606.ENSP00000384610,0,0,0,0,0.082,0,0.65,0.369,0.779
PLA2G5,PLAAT3,9606.ENSP00000364249,9606.ENSP00000320337,0,0,0,0,0.042,0,0.65,0.482,0.811
PLA2G5,PLB1,9606.ENSP00000364249,9606.ENSP00000330442,0,0,0,0,0.044,0,0.65,0.181,0.702
PLA2G5,PTGS1,9606.ENSP00000364249,9606.ENSP00000354612,0,0,0,0,0,0,0.65,0.216,0.713
PLA2G5,PTGS2,9606.ENSP00000364249,9606.ENSP00000356438,0,0,0,0,0,0,0.65,0.251,0.726
PLA2G6,PLD2,9606.ENSP00000333142,9606.ENSP00000263088,0,0,0,0,0.06,0,0.65,0.254,0.733
PLA2G6,PLAAT3,9606.ENSP00000333142,9606.ENSP00000320337,0,0,0,0,0,0.057,0.65,0.487,0.816
PLA2G6,TMEM86B,9606.ENSP00000333142,9606.ENSP00000321038,0,0,0,0,0.081,0,0.65,0.22,0.727
PLA2G6,PLB1,9606.ENSP00000333142,9606.ENSP00000330442,0,0,0,0,0,0,0.65,0.319,0.751
PLA2G6,PLD1,9606.ENSP00000333142,9606.ENSP00000342793,0,0,0,0,0,0,0.65,0.19,0.704
PLA2G6,PLD4,9606.ENSP00000333142,9606.ENSP00000438677,0,0,0,0,0.044,0,0.65,0.191,0.705
PLA2G6,PLD3,9606.ENSP00000333142,9606.ENSP00000387050,0,0,0,0,0.045,0,0.65,0.206,0.711
PLA2G6,SYNJ1,9606.ENSP00000333142,9606.ENSP00000409667,0,0,0,0,0.053,0,0,0.721,0.724
PLA2G6,PTGS2,9606.ENSP00000333142,9606.ENSP00000356438,0,0,0,0,0.06,0.074,0.65,0.343,0.773
PLA2G6,PTGS1,9606.ENSP00000333142,9606.ENSP00000354612,0,0,0,0,0.06,0.074,0.65,0.37,0.782
PLA2G6,PNPLA7,9606.ENSP00000333142,9606.ENSP00000384610,0,0,0,0,0.159,0,0.65,0.321,0.782
PLA2G6,PNPLA6,9606.ENSP00000333142,9606.ENSP00000407509,0,0,0,0,0.067,0,0.65,0.582,0.851
PLAAT3,SELENOI,9606.ENSP00000320337,9606.ENSP00000260585,0,0,0,0,0.062,0,0.9,0,0.902
PLAAT3,PLD2,9606.ENSP00000320337,9606.ENSP00000263088,0,0,0,0,0.064,0.05,0.9,0.182,0.917
PLAAT3,PTDSS2,9606.ENSP00000320337,9606.ENSP00000308258,0,0,0,0,0.042,0,0.9,0.047,0.9
PLAAT3,PTGS1,9606.ENSP00000320337,9606.ENSP00000354612,0,0,0,0,0.051,0,0.65,0.191,0.708
PLAAT3,PTGS2,9606.ENSP00000320337,9606.ENSP00000356438,0,0,0,0,0.051,0,0.65,0.239,0.725
PLAAT3,PTDSS1,9606.ENSP00000320337,9606.ENSP00000430548,0,0,0,0,0,0,0.9,0.047,0.9
PLAAT3,PLD3,9606.ENSP00000320337,9606.ENSP00000387050,0,0,0,0,0.042,0,0.9,0.069,0.903
PLAAT3,PLD4,9606.ENSP00000320337,9606.ENSP00000438677,0,0,0,0,0,0,0.9,0.111,0.907
PLAAT3,PLD1,9606.ENSP00000320337,9606.ENSP00000342793,0,0,0,0,0.064,0.05,0.9,0.11,0.91
PLAAT3,PNPLA7,9606.ENSP00000320337,9606.ENSP00000384610,0,0,0,0,0.042,0.091,0.9,0.168,0.917
PLAAT3,PLB1,9606.ENSP00000320337,9606.ENSP00000330442,0,0,0,0,0,0,0.9,0.261,0.922
PLAAT3,PNPLA6,9606.ENSP00000320337,9606.ENSP00000407509,0,0,0,0,0,0.091,0.9,0.226,0.923
PLB1,SELENOI,9606.ENSP00000330442,9606.ENSP00000260585,0,0,0,0,0,0,0.65,0.236,0.721
PLB1,PTGS2,9606.ENSP00000330442,9606.ENSP00000356438,0,0,0,0,0.115,0,0.65,0.141,0.711
PLB1,PTGS1,9606.ENSP00000330442,9606.ENSP00000354612,0,0,0,0,0.127,0,0.65,0.138,0.713
PLB1,PNPLA7,9606.ENSP00000330442,9606.ENSP00000384610,0,0,0,0,0.08,0,0.9,0.155,0.915
PLB1,PNPLA6,9606.ENSP00000330442,9606.ENSP00000407509,0,0,0,0,0.055,0,0.9,0.526,0.951
PLD1,SELENOI,9606.ENSP00000342793,9606.ENSP00000260585,0,0,0,0,0,0,0.908,0.205,0.924
PLD1,PLD2,9606.ENSP00000342793,9606.ENSP00000263088,0,0,0.063,0.954,0.042,0,0.9,0.08,0.906
PLD1,PTDSS2,9606.ENSP00000342793,9606.ENSP00000308258,0,0,0,0,0,0,0.9,0.296,0.926
PLD1,SPHK1,9606.ENSP00000342793,9606.ENSP00000313681,0.042,0,0,0,0.074,0,0.9,0.296,0.929
PLD1,PTDSS1,9606.ENSP00000342793,9606.ENSP00000430548,0,0,0,0,0.047,0,0.9,0.251,0.922
PLD1,SPHK2,9606.ENSP00000342793,9606.ENSP00000469158,0.042,0,0,0,0.074,0,0.9,0.228,0.922
PLD1,PLD3,9606.ENSP00000342793,9606.ENSP00000387050,0,0,0,0,0.042,0,0.9,0.269,0.923
PLD1,PLD4,9606.ENSP00000342793,9606.ENSP00000438677,0,0,0,0,0,0,0.9,0.28,0.924
PLD2,SELENOI,9606.ENSP00000263088,9606.ENSP00000260585,0,0,0,0,0,0,0.908,0.186,0.922
PLD2,PLD6,9606.ENSP00000263088,9606.ENSP00000317177,0,0,0,0,0,0,0,0.705,0.705
PLD2,PTDSS1,9606.ENSP00000263088,9606.ENSP00000430548,0,0,0,0,0,0,0.9,0.274,0.924
PLD2,PTDSS2,9606.ENSP00000263088,9606.ENSP00000308258,0,0,0,0,0.067,0,0.9,0.274,0.926
PLD2,SPHK2,9606.ENSP00000263088,9606.ENSP00000469158,0.042,0,0,0,0.092,0,0.9,0.307,0.931
PLD2,SPHK1,9606.ENSP00000263088,9606.ENSP00000313681,0.042,0,0,0,0.074,0,0.9,0.332,0.932
PLD2,PLD4,9606.ENSP00000263088,9606.ENSP00000438677,0,0,0,0,0,0,0.9,0.583,0.956
PLD2,PLD3,9606.ENSP00000263088,9606.ENSP00000387050,0,0,0,0,0.049,0,0.9,0.664,0.965
PLD3,SELENOI,9606.ENSP00000387050,9606.ENSP00000260585,0,0,0,0,0,0,0.908,0,0.908
PLD3,PTDSS2,9606.ENSP00000387050,9606.ENSP00000308258,0,0,0,0,0,0,0.9,0.108,0.906
PLD3,PLD6,9606.ENSP00000387050,9606.ENSP00000317177,0,0,0,0,0,0,0,0.701,0.701
PLD3,PTDSS1,9606.ENSP00000387050,9606.ENSP00000430548,0,0,0,0,0.047,0,0.9,0,0.9
PLD3,PLD4,9606.ENSP00000387050,9606.ENSP00000438677,0,0,0.085,0.909,0.048,0,0.9,0.1,0.911
PLD4,SELENOI,9606.ENSP00000438677,9606.ENSP00000260585,0,0,0,0,0,0,0.908,0,0.908
PLD4,PTDSS2,9606.ENSP00000438677,9606.ENSP00000308258,0,0,0,0,0,0,0.9,0,0.9
PLD4,PLD6,9606.ENSP00000438677,9606.ENSP00000317177,0,0,0,0,0,0,0,0.71,0.71
PLD4,PTDSS1,9606.ENSP00000438677,9606.ENSP00000430548,0,0,0,0,0,0,0.9,0,0.9
PLEKHA1,PLEKHA2,9606.ENSP00000357986,9606.ENSP00000482228,0,0,0.061,0.91,0.042,0.23,0.5,0.361,0.738
PLEKHA1,PTPN13,9606.ENSP00000357986,9606.ENSP00000394794,0,0,0,0,0.047,0.421,0.9,0.542,0.971
PLEKHA2,PTPN13,9606.ENSP00000482228,9606.ENSP00000394794,0,0,0,0,0,0.292,0.9,0.269,0.943
PLIN1,SCARB1,9606.ENSP00000300055,9606.ENSP00000261693,0,0,0,0,0.074,0.112,0,0.731,0.76
PLIN1,PPARGC1A,9606.ENSP00000300055,9606.ENSP00000264867,0,0,0,0,0,0,0.5,0.593,0.788
PLIN1,THRSP,9606.ENSP00000300055,9606.ENSP00000281030,0,0,0,0,0.434,0,0,0.539,0.728
PLIN1,PPARG,9606.ENSP00000300055,9606.ENSP00000287820,0,0,0,0,0.125,0,0.5,0.852,0.929
PLIN1,PNPLA2,9606.ENSP00000300055,9606.ENSP00000337701,0,0,0,0,0.059,0.071,0,0.943,0.945
PLIN1,PRKACB,9606.ENSP00000300055,9606.ENSP00000359719,0,0,0,0,0.063,0.05,0.9,0.612,0.96
PLIN1,PRKACA,9606.ENSP00000300055,9606.ENSP00000309591,0,0,0,0,0.063,0.05,0.9,0.615,0.961
PLIN1,PRKACG,9606.ENSP00000300055,9606.ENSP00000366488,0,0,0,0,0.063,0.05,0.9,0.613,0.961
PLIN2,SREBF1,9606.ENSP00000276914,9606.ENSP00000348069,0,0,0,0,0,0.045,0,0.718,0.72
PLIN2,PPARG,9606.ENSP00000276914,9606.ENSP00000287820,0,0,0,0,0.097,0,0,0.71,0.727
PLIN2,PPARA,9606.ENSP00000276914,9606.ENSP00000385523,0,0,0,0,0.058,0,0.5,0.642,0.817
PLIN2,PNPLA2,9606.ENSP00000276914,9606.ENSP00000337701,0,0,0,0,0,0.071,0,0.85,0.854
PLIN3,RAB5A,9606.ENSP00000221957,9606.ENSP00000273047,0,0,0,0,0.072,0.109,0,0.779,0.801
PLIN3,PNPLA2,9606.ENSP00000221957,9606.ENSP00000337701,0,0,0,0,0.047,0.071,0,0.829,0.835
PLTP,PON1,9606.ENSP00000417138,9606.ENSP00000222381,0,0,0,0,0,0,0.72,0.65,0.897
PLTP,SCARB1,9606.ENSP00000417138,9606.ENSP00000261693,0,0,0,0,0.056,0,0,0.731,0.735
PLTP,VLDLR,9606.ENSP00000417138,9606.ENSP00000371532,0,0,0,0,0.067,0,0.54,0.399,0.719
PMVK,SQLE,9606.ENSP00000357452,9606.ENSP00000265896,0,0,0,0,0.184,0,0,0.71,0.753
PMVK,SREBF1,9606.ENSP00000357452,9606.ENSP00000348069,0,0,0,0,0.063,0.07,0.5,0.563,0.784
PMVK,SREBF2,9606.ENSP00000357452,9606.ENSP00000354476,0,0,0,0,0.091,0.07,0.5,0.464,0.743
PNLIP,PNPLA3,9606.ENSP00000358223,9606.ENSP00000216180,0,0,0,0,0,0,0.9,0.507,0.948
PNLIP,PNPLA2,9606.ENSP00000358223,9606.ENSP00000337701,0,0,0,0,0,0,0.9,0.581,0.956
PNLIP,PNLIPRP3,9606.ENSP00000358223,9606.ENSP00000358232,0,0,0.076,0.927,0,0,0.9,0.056,0.905
PNLIP,PNLIPRP1,9606.ENSP00000358223,9606.ENSP00000433933,0,0,0.054,0.972,0.768,0,0.9,0.382,0.984
PNLIPRP1,PNPLA3,9606.ENSP00000433933,9606.ENSP00000216180,0,0,0,0,0,0,0.9,0.119,0.908
PNLIPRP1,PNPLA2,9606.ENSP00000433933,9606.ENSP00000337701,0,0,0,0,0,0,0.9,0.095,0.905
PNLIPRP1,PNLIPRP3,9606.ENSP00000433933,9606.ENSP00000358232,0,0,0.073,0.933,0,0,0.9,0.062,0.905
PNLIPRP3,PNPLA3,9606.ENSP00000358232,9606.ENSP00000216180,0,0,0,0,0.048,0,0.9,0.213,0.918
PNLIPRP3,PNPLA2,9606.ENSP00000358232,9606.ENSP00000337701,0,0,0,0,0,0,0.9,0.073,0.903
PNPLA2,PNPLA3,9606.ENSP00000337701,9606.ENSP00000216180,0,0,0.084,0.89,0,0,0.9,0.195,0.919
PNPLA2,PPARGC1A,9606.ENSP00000337701,9606.ENSP00000264867,0,0,0,0,0,0,0,0.708,0.708
PNPLA2,PPARG,9606.ENSP00000337701,9606.ENSP00000287820,0,0,0,0,0.047,0,0,0.768,0.769
PNPLA2,PPARA,9606.ENSP00000337701,9606.ENSP00000385523,0,0,0,0,0,0,0,0.768,0.768
PNPLA2,SREBF1,9606.ENSP00000337701,9606.ENSP00000348069,0,0,0,0,0.241,0,0,0.846,0.878
PNPLA3,SREBF1,9606.ENSP00000216180,9606.ENSP00000348069,0,0,0,0,0.075,0,0,0.811,0.818
PNPLA4,PNPLA8,9606.ENSP00000370430,9606.ENSP00000257694,0,0,0,0,0.049,0,0,0.722,0.724
PNPLA6,PNPLA8,9606.ENSP00000407509,9606.ENSP00000257694,0,0,0,0,0.087,0,0,0.734,0.747
PNPLA6,PNPLA7,9606.ENSP00000407509,9606.ENSP00000384610,0,0,0.06,0.96,0.083,0.182,0.9,0.078,0.923
POMC,STAR,9606.ENSP00000384092,9606.ENSP00000276449,0,0,0,0,0.054,0,0,0.767,0.77
POMC,PRKACA,9606.ENSP00000384092,9606.ENSP00000309591,0,0,0,0,0.055,0,0,0.767,0.77
POMC,PRKACB,9606.ENSP00000384092,9606.ENSP00000359719,0,0,0,0,0.055,0,0,0.766,0.769
POMC,PRKACG,9606.ENSP00000384092,9606.ENSP00000366488,0,0,0,0,0.055,0,0,0.765,0.768
PON1,PON3,9606.ENSP00000222381,9606.ENSP00000265627,0,0,0.058,0.964,0.241,0.817,0.7,0.09,0.957
PPARA,SLC10A2,9606.ENSP00000385523,9606.ENSP00000245312,0,0,0,0,0.055,0,0,0.751,0.754
PPARA,SLC27A1,9606.ENSP00000385523,9606.ENSP00000252595,0,0,0,0,0.049,0.045,0.5,0.616,0.802
PPARA,SCARB1,9606.ENSP00000385523,9606.ENSP00000261693,0,0,0,0,0.067,0,0,0.893,0.896
PPARA,PPARGC1A,9606.ENSP00000385523,9606.ENSP00000264867,0,0,0,0,0.107,0.959,0.9,0.999,0.999
PPARA,PRKACA,9606.ENSP00000385523,9606.ENSP00000309591,0,0,0,0,0.049,0,0.9,0.478,0.946
PPARA,PPARD,9606.ENSP00000385523,9606.ENSP00000310928,0,0,0.047,0.964,0,0,0,0.887,0.887
PPARA,PPARGC1B,9606.ENSP00000385523,9606.ENSP00000312649,0,0,0,0,0.062,0.292,0,0.849,0.891
PPARA,SLC25A20,9606.ENSP00000385523,9606.ENSP00000326305,0,0,0,0,0.057,0.045,0,0.709,0.715
PPARA,SREBF1,9606.ENSP00000385523,9606.ENSP00000348069,0,0,0,0,0,0,0,0.885,0.885
PPARA,SREBF2,9606.ENSP00000385523,9606.ENSP00000354476,0,0,0,0,0.05,0,0,0.82,0.822
PPARA,PTGS2,9606.ENSP00000385523,9606.ENSP00000356438,0,0,0,0,0.063,0,0,0.723,0.729
PPARA,SCD,9606.ENSP00000385523,9606.ENSP00000359380,0,0,0,0,0.042,0,0,0.766,0.766
PPARA,PRKACB,9606.ENSP00000385523,9606.ENSP00000359719,0,0,0,0,0,0,0.9,0.48,0.945
PPARA,PRKACG,9606.ENSP00000385523,9606.ENSP00000366488,0,0,0,0,0,0,0.9,0.477,0.945
PPARA,TRIB3,9606.ENSP00000385523,9606.ENSP00000415416,0,0,0,0,0.055,0.045,0.9,0.308,0.929
PPARA,RXRA,9606.ENSP00000385523,9606.ENSP00000419692,0,0,0,0.689,0.084,0.84,0.9,0.986,0.999
PPARD,SCARB1,9606.ENSP00000310928,9606.ENSP00000261693,0,0,0,0,0.049,0,0,0.761,0.763
PPARD,PPARGC1A,9606.ENSP00000310928,9606.ENSP00000264867,0,0,0,0,0.055,0.608,0,0.924,0.969
PPARD,PPARG,9606.ENSP00000310928,9606.ENSP00000287820,0,0,0.049,0.958,0,0,0,0.713,0.715
PPARD,PPARGC1B,9606.ENSP00000310928,9606.ENSP00000312649,0,0,0,0,0.049,0,0,0.773,0.775
PPARD,RXRA,9606.ENSP00000310928,9606.ENSP00000419692,0,0,0,0.699,0.049,0.761,0.9,0.838,0.995
PPARG,SCARB1,9606.ENSP00000287820,9606.ENSP00000261693,0,0,0,0,0.065,0,0,0.816,0.821
PPARG,SMARCD3,9606.ENSP00000287820,9606.ENSP00000262188,0,0,0,0,0,0.306,0.9,0.151,0.935
PPARG,PPARGC1A,9606.ENSP00000287820,9606.ENSP00000264867,0,0,0,0,0.064,0.992,0.5,0.999,0.999
PPARG,THRAP3,9606.ENSP00000287820,9606.ENSP00000346634,0,0,0,0,0,0,0.5,0.487,0.732
PPARG,PTGS2,9606.ENSP00000287820,9606.ENSP00000356438,0,0,0,0,0.063,0,0,0.729,0.735
PPARG,SCD,9606.ENSP00000287820,9606.ENSP00000359380,0,0,0,0,0.082,0,0,0.735,0.746
PPARG,PTEN,9606.ENSP00000287820,9606.ENSP00000361021,0,0,0,0,0,0.046,0,0.829,0.83
PPARG,SP1,9606.ENSP00000287820,9606.ENSP00000329357,0,0,0,0,0,0.788,0,0.62,0.916
PPARG,PPARGC1B,9606.ENSP00000287820,9606.ENSP00000312649,0,0,0,0,0.042,0.292,0,0.894,0.921
PPARG,SREBF2,9606.ENSP00000287820,9606.ENSP00000354476,0,0,0,0,0,0,0.75,0.772,0.94
PPARG,SREBF1,9606.ENSP00000287820,9606.ENSP00000348069,0,0,0,0,0.043,0,0.75,0.933,0.982
PPARG,RXRA,9606.ENSP00000287820,9606.ENSP00000419692,0,0,0,0.688,0.061,0.999,0.9,0.987,0.999
PPARGC1A,PRKAB2,9606.ENSP00000264867,9606.ENSP00000254101,0,0,0,0,0,0,0.9,0.36,0.933
PPARGC1A,RORA,9606.ENSP00000264867,9606.ENSP00000261523,0,0,0,0,0,0,0.8,0.277,0.849
PPARGC1A,PRKACG,9606.ENSP00000264867,9606.ENSP00000366488,0,0,0,0,0,0,0,0.705,0.705
PPARGC1A,PRKACB,9606.ENSP00000264867,9606.ENSP00000359719,0,0,0,0,0,0,0,0.707,0.707
PPARGC1A,PRKACA,9606.ENSP00000264867,9606.ENSP00000309591,0,0,0,0,0,0,0,0.708,0.708
PPARGC1A,SREBF1,9606.ENSP00000264867,9606.ENSP00000348069,0,0,0,0,0,0,0,0.862,0.862
PPARGC1A,RXRA,9606.ENSP00000264867,9606.ENSP00000419692,0,0,0,0,0.057,0.551,0.5,0.638,0.913
PPARGC1A,PRKAG2,9606.ENSP00000264867,9606.ENSP00000287878,0,0,0,0,0.087,0,0.9,0.327,0.933
PPARGC1A,PRKAA2,9606.ENSP00000264867,9606.ENSP00000360290,0,0,0,0,0.135,0.292,0.9,0.488,0.964
PPARGC1B,SREBF2,9606.ENSP00000312649,9606.ENSP00000354476,0,0,0,0,0,0.071,0,0.752,0.759
PPARGC1B,THRAP3,9606.ENSP00000312649,9606.ENSP00000346634,0,0,0,0,0,0,0.9,0,0.9
PPARGC1B,SREBF1,9606.ENSP00000312649,9606.ENSP00000348069,0,0,0,0,0.049,0.077,0.9,0.858,0.985
PPM1L,VAPA,9606.ENSP00000417659,9606.ENSP00000345656,0,0,0,0,0.048,0.091,0.7,0.39,0.82
PPM1L,VAPB,9606.ENSP00000417659,9606.ENSP00000417175,0,0,0,0,0.055,0.091,0.7,0.139,0.748
PPP1CA,PRKACB,9606.ENSP00000326031,9606.ENSP00000359719,0,0.001,0,0,0.055,0.14,0.5,0.358,0.704
PPP1CA,WWTR1,9606.ENSP00000326031,9606.ENSP00000419465,0,0,0,0,0.049,0.512,0.9,0.193,0.957
PPP1CA,YAP1,9606.ENSP00000326031,9606.ENSP00000478927,0,0,0,0,0.054,0.526,0.9,0.209,0.959
PPP1CA,PPP1CB,9606.ENSP00000326031,9606.ENSP00000378769,0,0,0.049,0.983,0.091,0.875,0.9,0.812,0.997
PPP1CA,PPP1CC,9606.ENSP00000326031,9606.ENSP00000341779,0,0,0.049,0.982,0.063,0.877,0.9,0.853,0.998
PPP1CB,PPP1CC,9606.ENSP00000378769,9606.ENSP00000341779,0,0,0.049,0.983,0.106,0.874,0.9,0.783,0.997
PPP1CB,WWTR1,9606.ENSP00000378769,9606.ENSP00000419465,0,0,0,0,0.049,0,0.9,0.113,0.908
PPP1CB,YAP1,9606.ENSP00000378769,9606.ENSP00000478927,0,0,0,0,0.061,0.074,0.9,0.113,0.912
PPP1CC,WWTR1,9606.ENSP00000341779,9606.ENSP00000419465,0,0,0,0,0.049,0.045,0.9,0.047,0.901
PPP1CC,YAP1,9606.ENSP00000341779,9606.ENSP00000478927,0,0,0,0,0.056,0.167,0.9,0.096,0.919
PPT1,PPT2,9606.ENSP00000493153,9606.ENSP00000354608,0,0,0,0.637,0,0,0.9,0.388,0.936
PRKAA2,PRKAB2,9606.ENSP00000360290,9606.ENSP00000254101,0,0,0,0,0.043,0.992,0.9,0.97,0.999
PRKAA2,PRKAG2,9606.ENSP00000360290,9606.ENSP00000287878,0,0,0,0,0.11,0.906,0.9,0.854,0.998
PRKAA2,PRKACA,9606.ENSP00000360290,9606.ENSP00000309591,0,0,0.094,0.777,0.109,0.097,0.9,0.089,0.921
PRKAA2,PRKACB,9606.ENSP00000360290,9606.ENSP00000359719,0,0,0.104,0.737,0.109,0.097,0.9,0.1,0.923
PRKAA2,PRKACG,9606.ENSP00000360290,9606.ENSP00000366488,0,0,0.103,0.775,0.109,0.097,0.9,0.091,0.922
PRKAB2,PRKACA,9606.ENSP00000254101,9606.ENSP00000309591,0,0,0,0,0.067,0.071,0.72,0.146,0.765
PRKAB2,PRKAG2,9606.ENSP00000254101,9606.ENSP00000287878,0,0,0,0,0.049,0.941,0.9,0.926,0.999
PRKACA,STAR,9606.ENSP00000309591,9606.ENSP00000276449,0,0,0,0,0,0,0,0.863,0.863
PRKACA,PRKAG2,9606.ENSP00000309591,9606.ENSP00000287878,0,0,0,0,0.099,0.072,0.72,0.208,0.789
PRKACA,SP1,9606.ENSP00000309591,9606.ENSP00000329357,0,0,0,0,0.055,0.096,0.9,0.355,0.937
PRKACA,PRKACG,9606.ENSP00000309591,9606.ENSP00000366488,0,0,0.049,0.982,0,0.669,0.9,0.042,0.965
PRKACA,PRKACB,9606.ENSP00000309591,9606.ENSP00000359719,0,0,0.048,0.984,0.042,0.874,0.9,0.044,0.987
PRKACB,STAR,9606.ENSP00000359719,9606.ENSP00000276449,0,0,0,0,0,0,0,0.863,0.863
PRKACB,SP1,9606.ENSP00000359719,9606.ENSP00000329357,0,0,0,0,0,0.096,0.9,0.343,0.935
PRKACB,PRKACG,9606.ENSP00000359719,9606.ENSP00000366488,0,0,0.051,0.979,0,0.696,0.9,0.043,0.968
PRKACG,STAR,9606.ENSP00000366488,9606.ENSP00000276449,0,0,0,0,0,0,0,0.863,0.863
PRKACG,SP1,9606.ENSP00000366488,9606.ENSP00000329357,0,0,0,0,0,0.096,0.9,0.343,0.935
PRKD1,PRKD3,9606.ENSP00000390535,9606.ENSP00000368356,0,0,0.054,0.971,0.042,0.784,0.9,0.066,0.978
PRKD1,PRKD2,9606.ENSP00000390535,9606.ENSP00000393978,0,0,0.055,0.971,0,0.793,0.9,0.063,0.979
PRKD2,PRKD3,9606.ENSP00000393978,9606.ENSP00000368356,0,0,0.057,0.966,0.042,0.767,0.9,0.071,0.976
PSAP,SMPD1,9606.ENSP00000378394,9606.ENSP00000340409,0,0,0,0,0.097,0,0,0.757,0.771
PTDSS1,PTDSS2,9606.ENSP00000430548,9606.ENSP00000308258,0,0,0.131,0.787,0.054,0,0.9,0.316,0.936
PTDSS2,SELENOI,9606.ENSP00000308258,9606.ENSP00000260585,0,0,0,0,0.053,0,0.911,0.525,0.956
PTEN,PTPMT1,9606.ENSP00000361021,9606.ENSP00000325958,0,0,0,0,0,0,0,0.715,0.715
PTEN,SYNJ2,9606.ENSP00000361021,9606.ENSP00000347792,0,0,0,0,0,0.045,0.9,0.312,0.928
PTEN,SYNJ1,9606.ENSP00000361021,9606.ENSP00000409667,0,0,0,0,0.044,0.045,0.9,0.333,0.93
PTGDS,PTGIS,9606.ENSP00000360687,9606.ENSP00000244043,0,0,0,0,0.06,0,0.9,0.578,0.956
PTGDS,PTGES,9606.ENSP00000360687,9606.ENSP00000342385,0,0,0,0,0.087,0,0.9,0.608,0.961
PTGDS,PTGES2,9606.ENSP00000360687,9606.ENSP00000345341,0,0,0,0,0,0,0.9,0.547,0.952
PTGDS,PTGS1,9606.ENSP00000360687,9606.ENSP00000354612,0,0,0,0,0.054,0,0.9,0.51,0.949
PTGDS,PTGS2,9606.ENSP00000360687,9606.ENSP00000356438,0,0,0,0,0.044,0,0.9,0.479,0.945
PTGDS,PTGES3,9606.ENSP00000360687,9606.ENSP00000482075,0,0,0,0,0,0,0.9,0.484,0.946
PTGES,PTGIS,9606.ENSP00000342385,9606.ENSP00000244043,0,0,0,0,0.069,0,0.9,0.715,0.971
PTGES,PTGS1,9606.ENSP00000342385,9606.ENSP00000354612,0,0,0,0,0,0,0.9,0.741,0.973
PTGES,PTGS2,9606.ENSP00000342385,9606.ENSP00000356438,0,0,0,0,0.074,0,0.9,0.828,0.982
PTGES,PTGES2,9606.ENSP00000342385,9606.ENSP00000345341,0,0,0,0,0,0,0.9,0.89,0.988
PTGES,PTGES3,9606.ENSP00000342385,9606.ENSP00000482075,0,0,0,0,0,0,0.9,0.97,0.996
PTGES2,PTGIS,9606.ENSP00000345341,9606.ENSP00000244043,0,0,0,0,0,0,0.9,0.597,0.958
PTGES2,PTGS1,9606.ENSP00000345341,9606.ENSP00000354612,0,0,0,0,0,0,0.9,0.635,0.962
PTGES2,PTGS2,9606.ENSP00000345341,9606.ENSP00000356438,0,0,0,0,0,0,0.9,0.648,0.963
PTGES2,PTGES3,9606.ENSP00000345341,9606.ENSP00000482075,0,0,0,0,0.047,0,0.9,0.938,0.993
PTGES3,PTGIS,9606.ENSP00000482075,9606.ENSP00000244043,0,0,0,0,0,0,0.9,0.626,0.961
PTGES3,PTGS1,9606.ENSP00000482075,9606.ENSP00000354612,0,0,0,0,0,0,0.9,0.579,0.956
PTGES3,PTGS2,9606.ENSP00000482075,9606.ENSP00000356438,0,0,0,0,0.045,0,0.9,0.563,0.954
PTGIS,SQLE,9606.ENSP00000244043,9606.ENSP00000265896,0,0,0,0,0.585,0.113,0.111,0.269,0.729
PTGIS,TBXAS1,9606.ENSP00000244043,9606.ENSP00000389414,0,0,0,0,0.067,0,0,0.861,0.864
PTGIS,PTGS1,9606.ENSP00000244043,9606.ENSP00000354612,0,0,0,0,0.059,0.322,0.9,0.633,0.973
PTGIS,PTGS2,9606.ENSP00000244043,9606.ENSP00000356438,0,0,0,0,0.056,0.322,0.9,0.842,0.988
PTGS1,TBXAS1,9606.ENSP00000354612,9606.ENSP00000389414,0,0,0,0,0.099,0,0,0.857,0.866
PTGS1,PTGS2,9606.ENSP00000354612,9606.ENSP00000356438,0,0,0.057,0.966,0.157,0.292,0.9,0.192,0.946
RAB14,RUFY1,9606.ENSP00000362946,9606.ENSP00000325594,0,0,0,0,0.044,0.292,0.5,0.607,0.849
RAB4A,RAB5A,9606.ENSP00000355651,9606.ENSP00000273047,0,0,0.092,0.861,0.084,0.311,0.5,0.719,0.905
RAB4A,RUFY1,9606.ENSP00000355651,9606.ENSP00000325594,0,0,0,0,0.055,0.549,0.9,0.79,0.989
RAB5A,RUFY1,9606.ENSP00000273047,9606.ENSP00000325594,0,0,0,0,0.044,0.329,0.5,0.64,0.869
RELN,VLDLR,9606.ENSP00000392423,9606.ENSP00000371532,0,0,0,0,0.049,0.863,0.9,0.984,0.999
RELN,SH3KBP1,9606.ENSP00000392423,9606.ENSP00000380921,0,0,0,0,0,0,0.8,0.087,0.809
RORA,SREBF1,9606.ENSP00000261523,9606.ENSP00000348069,0,0,0,0,0,0,0.75,0.215,0.795
RXRA,SREBF1,9606.ENSP00000419692,9606.ENSP00000348069,0,0,0,0,0.098,0,0.5,0.508,0.759
RXRA,SIN3A,9606.ENSP00000419692,9606.ENSP00000378402,0,0,0,0,0.099,0.048,0.65,0.237,0.74
SAR1B,SEC24D,9606.ENSP00000385432,9606.ENSP00000280551,0,0,0,0,0.087,0,0.54,0.88,0.945
SAR1B,SEC23A,9606.ENSP00000385432,9606.ENSP00000306881,0,0,0,0,0.082,0.55,0.54,0.816,0.96
SAR1B,SEC24C,9606.ENSP00000385432,9606.ENSP00000343405,0,0,0,0,0.062,0,0.54,0.667,0.844
SAR1B,SEC24A,9606.ENSP00000385432,9606.ENSP00000381823,0,0,0,0,0.234,0.513,0.54,0.951,0.99
SAR1B,SEC24B,9606.ENSP00000385432,9606.ENSP00000428564,0,0,0,0,0.117,0.513,0.54,0.923,0.982
SCAP,SEC24C,9606.ENSP00000265565,9606.ENSP00000343405,0,0,0,0,0.435,0,0.5,0,0.705
SCAP,SEC24B,9606.ENSP00000265565,9606.ENSP00000428564,0,0,0,0,0.113,0.292,0.5,0.372,0.776
SCAP,SREBF1,9606.ENSP00000265565,9606.ENSP00000348069,0,0,0,0,0.094,0.877,0.7,0.962,0.998
SCAP,SREBF2,9606.ENSP00000265565,9606.ENSP00000354476,0,0,0,0,0.141,0.848,0.7,0.995,0.999
SCARB1,SLC27A1,9606.ENSP00000261693,9606.ENSP00000252595,0,0,0,0,0.062,0,0,0.869,0.872
SCARB1,SOAT1,9606.ENSP00000261693,9606.ENSP00000356591,0,0,0,0,0.104,0,0,0.684,0.704
SCARB1,SCD,9606.ENSP00000261693,9606.ENSP00000359380,0,0,0,0,0.137,0,0,0.691,0.721
SCARB1,SREBF1,9606.ENSP00000261693,9606.ENSP00000348069,0,0,0,0,0.074,0,0,0.765,0.773
SCD,TECR,9606.ENSP00000359380,9606.ENSP00000215567,0,0,0,0,0.062,0,0.9,0.274,0.925
SCD,SCD5,9606.ENSP00000359380,9606.ENSP00000316329,0,0,0.061,0.959,0,0,0.9,0.417,0.94
SCD,SREBF1,9606.ENSP00000359380,9606.ENSP00000348069,0,0,0,0,0.184,0,0.75,0.891,0.976
SCD,SREBF2,9606.ENSP00000359380,9606.ENSP00000354476,0,0,0,0,0.141,0,0,0.724,0.753
SCD5,TECR,9606.ENSP00000316329,9606.ENSP00000215567,0,0,0,0,0,0,0.9,0.205,0.917
SCD5,SREBF2,9606.ENSP00000316329,9606.ENSP00000354476,0,0,0,0,0,0,0.75,0.451,0.857
SCP2,TECR,9606.ENSP00000360569,9606.ENSP00000215567,0,0,0,0,0.042,0,0,0.765,0.765
SCP2,SLC27A5,9606.ENSP00000360569,9606.ENSP00000263093,0,0,0,0,0.093,0,0.9,0.556,0.956
SCP2,SLC27A2,9606.ENSP00000360569,9606.ENSP00000267842,0,0,0,0,0.096,0,0.5,0.471,0.74
SCP2,STAR,9606.ENSP00000360569,9606.ENSP00000276449,0,0,0,0,0,0,0,0.767,0.767
SEC23A,SEC24D,9606.ENSP00000306881,9606.ENSP00000280551,0,0,0,0.553,0.225,0.993,0.9,0.707,0.999
SEC23A,SEC24C,9606.ENSP00000306881,9606.ENSP00000343405,0,0,0,0.555,0.214,0.95,0.9,0.569,0.998
SEC23A,SEC24A,9606.ENSP00000306881,9606.ENSP00000381823,0,0,0,0.553,0.275,0.995,0.9,0.79,0.999
SEC23A,SEC24B,9606.ENSP00000306881,9606.ENSP00000428564,0,0,0,0.559,0.296,0.955,0.9,0.853,0.999
SEC24A,SEC24D,9606.ENSP00000381823,9606.ENSP00000280551,0,0,0,0.704,0.502,0.868,0.9,0.647,0.997
SEC24A,SEC24C,9606.ENSP00000381823,9606.ENSP00000343405,0,0,0,0.719,0.162,0.864,0.9,0.636,0.995
SEC24A,SEC24B,9606.ENSP00000381823,9606.ENSP00000428564,0,0,0.06,0.957,0.163,0.389,0.9,0.404,0.966
SEC24B,SEC24D,9606.ENSP00000428564,9606.ENSP00000280551,0,0,0,0.73,0.148,0.394,0.9,0.593,0.976
SEC24B,SEC24C,9606.ENSP00000428564,9606.ENSP00000343405,0,0,0,0.736,0.28,0.443,0.9,0.38,0.971
SEC24C,SEC24D,9606.ENSP00000343405,9606.ENSP00000280551,0,0,0.063,0.954,0.113,0.826,0.9,0.379,0.989
SELENOI,UGT8,9606.ENSP00000260585,9606.ENSP00000311648,0,0,0,0,0.042,0,0.9,0.09,0.905
SGMS1,SMPD3,9606.ENSP00000354829,9606.ENSP00000219334,0,0,0,0,0,0,0.913,0.532,0.957
SGMS1,SGPP1,9606.ENSP00000354829,9606.ENSP00000247225,0,0,0,0,0.146,0,0.9,0.433,0.947
SGMS1,SMPD2,9606.ENSP00000354829,9606.ENSP00000258052,0,0,0,0,0.049,0,0.913,0.644,0.968
SGMS1,UGT8,9606.ENSP00000354829,9606.ENSP00000311648,0,0,0,0,0,0,0.9,0.395,0.936
SGMS1,SGPP2,9606.ENSP00000354829,9606.ENSP00000315137,0,0,0,0,0.051,0,0.9,0.594,0.958
SGMS1,SMPD1,9606.ENSP00000354829,9606.ENSP00000340409,0,0,0,0,0.049,0,0.913,0.728,0.975
SGMS1,SGMS2,9606.ENSP00000354829,9606.ENSP00000378176,0,0,0.06,0.959,0.087,0,0.9,0.072,0.909
SGMS1,UGCG,9606.ENSP00000354829,9606.ENSP00000363397,0,0,0,0,0.049,0,0.9,0.649,0.963
SGMS1,SMPD4,9606.ENSP00000354829,9606.ENSP00000386531,0,0,0,0,0.042,0,0.913,0.649,0.968
SGMS2,SMPD3,9606.ENSP00000378176,9606.ENSP00000219334,0,0,0,0,0,0,0.913,0.562,0.96
SGMS2,SGPP1,9606.ENSP00000378176,9606.ENSP00000247225,0,0,0,0,0.071,0,0.9,0.428,0.942
SGMS2,SMPD2,9606.ENSP00000378176,9606.ENSP00000258052,0,0,0,0,0,0,0.913,0.665,0.969
SGMS2,UGT8,9606.ENSP00000378176,9606.ENSP00000311648,0,0,0,0,0.047,0,0.9,0.34,0.931
SGMS2,SGPP2,9606.ENSP00000378176,9606.ENSP00000315137,0,0,0,0,0.069,0,0.9,0.365,0.935
SGMS2,SMPD1,9606.ENSP00000378176,9606.ENSP00000340409,0,0,0,0,0.06,0,0.913,0.686,0.972
SGMS2,UGCG,9606.ENSP00000378176,9606.ENSP00000363397,0,0,0,0,0.05,0,0.9,0.627,0.961
SGMS2,SMPD4,9606.ENSP00000378176,9606.ENSP00000386531,0,0,0,0,0,0,0.913,0.551,0.959
SGPL1,SGPP1,9606.ENSP00000362298,9606.ENSP00000247225,0,0,0,0,0.042,0.442,0.913,0.79,0.989
SGPL1,SPTLC1,9606.ENSP00000362298,9606.ENSP00000262554,0,0,0,0,0.06,0.073,0,0.689,0.705
SGPL1,SPHK1,9606.ENSP00000362298,9606.ENSP00000313681,0,0.022,0,0,0.055,0.111,0.925,0.914,0.993
SGPL1,SGPP2,9606.ENSP00000362298,9606.ENSP00000315137,0,0,0,0,0.056,0.442,0.912,0.75,0.987
SGPL1,SPHK2,9606.ENSP00000362298,9606.ENSP00000469158,0,0,0,0,0.055,0.111,0.925,0.914,0.993
SGPP1,SMPD3,9606.ENSP00000247225,9606.ENSP00000219334,0,0,0,0,0,0,0.9,0.373,0.934
SGPP1,SGPP2,9606.ENSP00000247225,9606.ENSP00000315137,0,0,0.082,0.881,0,0,0.9,0.154,0.915
SGPP1,SMPD4,9606.ENSP00000247225,9606.ENSP00000386531,0,0,0,0,0.056,0,0.9,0.35,0.933
SGPP1,UGT8,9606.ENSP00000247225,9606.ENSP00000311648,0,0,0,0,0.049,0,0.9,0.4,0.938
SGPP1,SMPD2,9606.ENSP00000247225,9606.ENSP00000258052,0,0,0,0,0,0.065,0.9,0.454,0.944
SGPP1,SMPD1,9606.ENSP00000247225,9606.ENSP00000340409,0,0,0,0,0.063,0,0.9,0.46,0.945
SGPP1,UGCG,9606.ENSP00000247225,9606.ENSP00000363397,0.054,0,0,0,0.056,0,0.9,0.495,0.948
SGPP1,SPHK1,9606.ENSP00000247225,9606.ENSP00000313681,0.053,0,0,0,0.045,0.071,0.918,0.734,0.978
SGPP1,SPHK2,9606.ENSP00000247225,9606.ENSP00000469158,0.053,0,0,0,0.045,0.071,0.918,0.9,0.991
SGPP2,SMPD3,9606.ENSP00000315137,9606.ENSP00000219334,0,0,0,0,0.049,0,0.9,0.349,0.932
SGPP2,SMPD2,9606.ENSP00000315137,9606.ENSP00000258052,0,0,0,0,0.047,0.065,0.9,0.392,0.938
SGPP2,UGT8,9606.ENSP00000315137,9606.ENSP00000311648,0,0,0,0,0.076,0,0.9,0.349,0.934
SGPP2,SPHK1,9606.ENSP00000315137,9606.ENSP00000313681,0.053,0,0,0,0.045,0.071,0.918,0.7,0.975
SGPP2,SMPD4,9606.ENSP00000315137,9606.ENSP00000386531,0,0,0,0,0.056,0,0.9,0.309,0.929
SGPP2,SMPD1,9606.ENSP00000315137,9606.ENSP00000340409,0,0,0,0,0,0,0.9,0.367,0.934
SGPP2,UGCG,9606.ENSP00000315137,9606.ENSP00000363397,0.054,0,0,0,0.06,0,0.9,0.607,0.96
SGPP2,SPHK2,9606.ENSP00000315137,9606.ENSP00000469158,0.053,0,0,0,0.045,0.071,0.918,0.695,0.975
SH3KBP1,SYNJ2,9606.ENSP00000380921,9606.ENSP00000347792,0,0,0,0,0.054,0.638,0,0.407,0.779
SH3KBP1,VLDLR,9606.ENSP00000380921,9606.ENSP00000371532,0,0,0,0,0,0,0.8,0.199,0.833
SH3KBP1,SYNJ1,9606.ENSP00000380921,9606.ENSP00000409667,0,0,0,0,0,0.513,0,0.413,0.702
SIN3A,SIN3B,9606.ENSP00000378402,9606.ENSP00000369131,0,0,0.068,0.941,0.139,0.787,0.54,0.927,0.993
SIN3A,TBL1XR1,9606.ENSP00000378402,9606.ENSP00000405574,0,0,0,0,0.077,0.071,0.5,0.396,0.706
SIN3A,TBL1X,9606.ENSP00000378402,9606.ENSP00000495556,0,0,0,0,0.166,0.314,0.5,0.298,0.772
SLC10A1,SLCO1B3,9606.ENSP00000216540,9606.ENSP00000261196,0,0,0,0,0.334,0,0,0.812,0.869
SLC10A1,SLCO1B1,9606.ENSP00000216540,9606.ENSP00000256958,0,0,0,0,0.354,0,0,0.831,0.886
SLC10A1,SLCO1A2,9606.ENSP00000216540,9606.ENSP00000305974,0,0,0,0,0.116,0,0,0.927,0.933
SLC10A2,SLCO1A2,9606.ENSP00000245312,9606.ENSP00000305974,0,0,0,0,0.055,0,0,0.823,0.825
SMARCD3,TBL1X,9606.ENSP00000262188,9606.ENSP00000495556,0,0,0,0,0.06,0.437,0.5,0.11,0.733
SMARCD3,TBL1XR1,9606.ENSP00000262188,9606.ENSP00000405574,0,0,0,0,0.06,0.498,0.5,0.082,0.754
SMPD1,SPTLC2,9606.ENSP00000340409,9606.ENSP00000216484,0,0,0,0,0,0,0,0.797,0.797
SMPD1,SMPD3,9606.ENSP00000340409,9606.ENSP00000219334,0,0,0,0,0,0,0.9,0.903,0.989
SMPD1,SMPD2,9606.ENSP00000340409,9606.ENSP00000258052,0,0,0,0,0,0,0.9,0.947,0.994
SMPD1,SPTLC1,9606.ENSP00000340409,9606.ENSP00000262554,0,0,0,0,0,0,0,0.816,0.816
SMPD1,UGT8,9606.ENSP00000340409,9606.ENSP00000311648,0,0,0,0,0,0,0.9,0.398,0.937
SMPD1,SPHK1,9606.ENSP00000340409,9606.ENSP00000313681,0,0,0,0,0.061,0,0,0.698,0.704
SMPD1,SPTLC3,9606.ENSP00000340409,9606.ENSP00000381968,0,0,0,0,0,0,0,0.794,0.794
SMPD1,UGCG,9606.ENSP00000340409,9606.ENSP00000363397,0,0,0,0,0,0,0.9,0.71,0.969
SMPD1,SMPD4,9606.ENSP00000340409,9606.ENSP00000386531,0,0,0,0,0,0,0.9,0.707,0.969
SMPD2,SPTLC2,9606.ENSP00000258052,9606.ENSP00000216484,0,0,0,0,0,0.091,0,0.787,0.798
SMPD2,SMPD3,9606.ENSP00000258052,9606.ENSP00000219334,0,0,0,0,0,0,0.9,0.982,0.998
SMPD2,SPHK1,9606.ENSP00000258052,9606.ENSP00000313681,0,0,0,0,0.062,0,0,0.702,0.709
SMPD2,SPTLC3,9606.ENSP00000258052,9606.ENSP00000381968,0,0,0,0,0,0.091,0,0.787,0.798
SMPD2,SPTLC1,9606.ENSP00000258052,9606.ENSP00000262554,0,0,0,0,0,0.098,0,0.811,0.822
SMPD2,UGT8,9606.ENSP00000258052,9606.ENSP00000311648,0,0,0,0,0,0,0.9,0.407,0.938
SMPD2,UGCG,9606.ENSP00000258052,9606.ENSP00000363397,0,0,0,0,0,0,0.9,0.743,0.973
SMPD2,SMPD4,9606.ENSP00000258052,9606.ENSP00000386531,0,0,0,0,0,0,0.9,0.947,0.994
SMPD3,UGT8,9606.ENSP00000219334,9606.ENSP00000311648,0,0,0,0,0,0,0.9,0.301,0.927
SMPD3,UGCG,9606.ENSP00000219334,9606.ENSP00000363397,0,0,0,0,0,0,0.9,0.528,0.95
SMPD3,SMPD4,9606.ENSP00000219334,9606.ENSP00000386531,0,0,0,0,0,0,0.9,0.969,0.996
SMPD4,UGT8,9606.ENSP00000386531,9606.ENSP00000311648,0,0,0,0,0,0,0.9,0.379,0.935
SMPD4,UGCG,9606.ENSP00000386531,9606.ENSP00000363397,0,0,0,0,0,0,0.9,0.506,0.948
SOAT1,STS,9606.ENSP00000356591,9606.ENSP00000217961,0,0,0,0,0.111,0,0.8,0.088,0.823
SOAT1,SOAT2,9606.ENSP00000356591,9606.ENSP00000301466,0,0,0.073,0.935,0,0,0.9,0.1,0.909
SOAT2,STS,9606.ENSP00000301466,9606.ENSP00000217961,0,0,0,0,0.116,0,0.8,0.072,0.821
SP1,SREBF2,9606.ENSP00000329357,9606.ENSP00000354476,0,0,0,0,0.098,0.38,0.5,0.31,0.781
SP1,SREBF1,9606.ENSP00000329357,9606.ENSP00000348069,0,0,0,0,0.13,0.524,0.7,0.374,0.912
SPHK1,SPTLC2,9606.ENSP00000313681,9606.ENSP00000216484,0.056,0,0,0,0,0.071,0,0.767,0.778
SPHK1,SPTLC1,9606.ENSP00000313681,9606.ENSP00000262554,0.056,0,0,0,0,0.057,0,0.809,0.815
SPHK1,SPTLC3,9606.ENSP00000313681,9606.ENSP00000381968,0.056,0,0,0,0,0.071,0,0.767,0.778
SPHK1,SPHK2,9606.ENSP00000313681,9606.ENSP00000469158,0,0,0.063,0.878,0,0,0.9,0.391,0.937
SPHK2,SPTLC2,9606.ENSP00000469158,9606.ENSP00000216484,0.056,0,0,0,0.049,0.071,0,0.76,0.773
SPHK2,SPTLC1,9606.ENSP00000469158,9606.ENSP00000262554,0.056,0,0,0,0,0.057,0,0.793,0.8
SPHK2,SPTLC3,9606.ENSP00000469158,9606.ENSP00000381968,0.056,0,0,0,0,0.071,0,0.75,0.762
SPTLC1,SPTLC2,9606.ENSP00000262554,9606.ENSP00000216484,0,0,0.184,0.709,0.081,0.979,0.951,0.987,0.999
SPTLC1,UGCG,9606.ENSP00000262554,9606.ENSP00000363397,0,0,0,0,0.071,0,0,0.845,0.85
SPTLC1,SPTLC3,9606.ENSP00000262554,9606.ENSP00000381968,0,0,0.185,0.707,0.074,0.653,0.951,0.892,0.998
SPTLC2,UGCG,9606.ENSP00000216484,9606.ENSP00000363397,0,0,0,0,0.05,0,0,0.824,0.826
SPTLC2,SPTLC3,9606.ENSP00000216484,9606.ENSP00000381968,0,0,0.054,0.972,0,0,0.9,0.445,0.942
SPTLC3,UGCG,9606.ENSP00000381968,9606.ENSP00000363397,0,0,0,0,0,0,0,0.822,0.822
SQLE,SREBF1,9606.ENSP00000265896,9606.ENSP00000348069,0,0,0,0,0.128,0,0.5,0.625,0.822
SQLE,SREBF2,9606.ENSP00000265896,9606.ENSP00000354476,0,0,0,0,0.217,0,0.5,0.746,0.892
SQLE,TM7SF2,9606.ENSP00000265896,9606.ENSP00000279263,0,0,0,0,0.24,0.782,0,0.829,0.969
SRD5A1,SULT2A1,9606.ENSP00000274192,9606.ENSP00000222002,0,0,0,0,0.055,0,0,0.749,0.753
SRD5A1,SRD5A3,9606.ENSP00000274192,9606.ENSP00000264228,0,0,0,0,0.063,0,0.9,0.967,0.996
SRD5A1,STAR,9606.ENSP00000274192,9606.ENSP00000276449,0,0,0,0,0,0,0,0.745,0.745
SRD5A1,TECRL,9606.ENSP00000274192,9606.ENSP00000370607,0,0,0,0,0,0,0,0.834,0.834
SRD5A3,TECR,9606.ENSP00000264228,9606.ENSP00000215567,0,0,0,0,0,0.079,0,0.859,0.864
SRD5A3,TECRL,9606.ENSP00000264228,9606.ENSP00000370607,0,0,0,0,0,0.079,0,0.919,0.922
SREBF1,STAR,9606.ENSP00000348069,9606.ENSP00000276449,0,0,0,0,0.046,0,0,0.715,0.716
SREBF1,SREBF2,9606.ENSP00000348069,9606.ENSP00000354476,0,0,0.062,0.898,0.084,0.33,0.8,0.509,0.933
SREBF2,TM7SF2,9606.ENSP00000354476,9606.ENSP00000279263,0,0,0,0,0.084,0,0.5,0.435,0.718
STAR,STARD3NL,9606.ENSP00000276449,9606.ENSP00000009041,0,0.892,0,0,0,0,0.5,0.786,0.987
STAR,STARD3,9606.ENSP00000276449,9606.ENSP00000337446,0,0,0,0.81,0,0,0.5,0.63,0.807
STARD3,STARD3NL,9606.ENSP00000337446,9606.ENSP00000009041,0,0,0.051,0.948,0,0,0.9,0.44,0.942
STARD3,STARD4,9606.ENSP00000337446,9606.ENSP00000296632,0,0,0,0.685,0,0,0.4,0.557,0.722
STARD3,VAPB,9606.ENSP00000337446,9606.ENSP00000417175,0,0,0,0,0.049,0.71,0,0.802,0.94
STARD3,VAPA,9606.ENSP00000337446,9606.ENSP00000345656,0,0,0,0,0,0.833,0,0.944,0.99
STARD3NL,VAPB,9606.ENSP00000009041,9606.ENSP00000417175,0,0,0,0,0.049,0.399,0,0.766,0.854
STARD3NL,VAPA,9606.ENSP00000009041,9606.ENSP00000345656,0,0,0,0,0.044,0.529,0,0.863,0.933
STS,SUMF1,9606.ENSP00000217961,9606.ENSP00000272902,0,0,0.392,0,0,0.212,0.4,0.437,0.816
SUMF1,SUMF2,9606.ENSP00000272902,9606.ENSP00000498402,0,0,0.119,0.843,0.067,0.429,0.9,0.489,0.971
SYNJ1,SYNJ2,9606.ENSP00000409667,9606.ENSP00000347792,0,0,0.077,0.909,0.042,0,0.9,0.26,0.925
TBL1X,TBL1XR1,9606.ENSP00000495556,9606.ENSP00000405574,0,0,0.048,0.984,0.042,0.735,0.9,0.986,0.999
TEAD1,TEAD4,9606.ENSP00000435233,9606.ENSP00000352926,0,0,0.053,0.975,0.109,0.835,0.5,0.064,0.922
TEAD1,WWTR1,9606.ENSP00000435233,9606.ENSP00000419465,0,0,0,0,0.194,0.909,0.9,0.959,0.999
TEAD1,TEAD2,9606.ENSP00000435233,9606.ENSP00000472109,0,0,0.059,0.963,0.109,0.784,0.72,0.074,0.944
TEAD1,YAP1,9606.ENSP00000435233,9606.ENSP00000478927,0,0,0,0,0.367,0.995,0.9,0.999,0.999
TEAD2,TEAD4,9606.ENSP00000472109,9606.ENSP00000352926,0,0,0.06,0.961,0.11,0.809,0.5,0.076,0.912
TEAD2,WWTR1,9606.ENSP00000472109,9606.ENSP00000419465,0,0,0,0,0.085,0.898,0.9,0.585,0.995
TEAD2,YAP1,9606.ENSP00000472109,9606.ENSP00000478927,0,0,0,0,0.181,0.914,0.9,0.964,0.999
TEAD3,WWTR1,9606.ENSP00000345772,9606.ENSP00000419465,0,0,0,0,0.083,0.88,0.9,0.583,0.994
TEAD3,YAP1,9606.ENSP00000345772,9606.ENSP00000478927,0,0,0,0,0.251,0.836,0.9,0.882,0.998
TEAD4,WWTR1,9606.ENSP00000352926,9606.ENSP00000419465,0,0,0,0,0.081,0.934,0.9,0.785,0.998
TEAD4,YAP1,9606.ENSP00000352926,9606.ENSP00000478927,0,0,0,0,0.139,0.992,0.9,0.992,0.999
TECR,THEM4,9606.ENSP00000215567,9606.ENSP00000357804,0,0,0,0,0.049,0,0.9,0,0.9
TECR,THEM5,9606.ENSP00000215567,9606.ENSP00000357807,0,0,0,0,0,0,0.9,0,0.9
THEM4,THEM5,9606.ENSP00000357804,9606.ENSP00000357807,0,0,0.099,0.862,0,0.433,0.9,0.108,0.948
UGCG,UGT8,9606.ENSP00000363397,9606.ENSP00000311648,0,0,0,0,0.055,0,0.9,0.7,0.969
VAPA,VAPB,9606.ENSP00000345656,9606.ENSP00000417175,0,0,0.062,0.955,0.094,0.837,0.5,0.56,0.964
WWTR1,YAP1,9606.ENSP00000419465,9606.ENSP00000478927,0,0,0,0.907,0.187,0.464,0.9,0.121,0.956
