node1	node2	node1_string_id	node2_string_id	neighborhood_on_chromosome	gene_fusion	phylogenetic_cooccurrence	homology	coexpression	experimentally_determined_interaction	database_annotated	automated_textmining	combined_score
AADAT	DLD	9606.ENSP00000423190	9606.ENSP00000205402	0	0	0	0	0.047	0	0.900	0.124	0.909
AADAT	CRYM	9606.ENSP00000423190	9606.ENSP00000219599	0.122	0	0	0	0	0	0	0.354	0.408
AADAT	AGXT2	9606.ENSP00000423190	9606.ENSP00000231420	0.111	0	0	0	0.163	0	0	0.343	0.469
AADAT	GOT2	9606.ENSP00000423190	9606.ENSP00000245206	0.072	0	0	0	0.089	0.069	0	0.639	0.678
AADAT	KYAT3	9606.ENSP00000423190	9606.ENSP00000260508	0.042	0	0	0.564	0.067	0.188	0.900	0.541	0.960
AADAT	DHTKD1	9606.ENSP00000423190	9606.ENSP00000263035	0	0	0	0	0.106	0	0.918	0.248	0.940
AADAT	KYNU	9606.ENSP00000423190	9606.ENSP00000264170	0	0	0	0	0.109	0	0.900	0.795	0.980
AADAT	HGD	9606.ENSP00000423190	9606.ENSP00000283871	0	0	0	0	0.238	0	0	0.248	0.403
AADAT	HPD	9606.ENSP00000423190	9606.ENSP00000289004	0.118	0	0	0	0.112	0	0.374	0.248	0.582
AADAT	AGXT	9606.ENSP00000423190	9606.ENSP00000302620	0.136	0	0	0	0.087	0	0	0.353	0.446
AADAT	BCAT2	9606.ENSP00000423190	9606.ENSP00000322991	0.115	0	0	0	0.101	0.071	0.792	0.417	0.894
AADAT	AFMID	9606.ENSP00000423190	9606.ENSP00000328938	0	0	0	0	0.098	0	0.900	0.542	0.955
AADAT	DLST	9606.ENSP00000423190	9606.ENSP00000335304	0	0	0	0	0	0	0.908	0	0.908
AADAT	ACMSD	9606.ENSP00000423190	9606.ENSP00000348459	0	0	0	0	0.101	0	0	0.594	0.620
AADAT	KMO	9606.ENSP00000423190	9606.ENSP00000355517	0	0	0	0	0.123	0	0.900	0.825	0.983
AADAT	OAT	9606.ENSP00000423190	9606.ENSP00000357838	0.115	0	0	0	0.044	0.162	0	0.316	0.450
AADAT	GOT1	9606.ENSP00000423190	9606.ENSP00000359539	0.072	0	0	0	0.105	0.191	0	0.360	0.513
AADAT	ASS1	9606.ENSP00000423190	9606.ENSP00000361471	0.088	0	0	0	0.156	0	0	0.623	0.685
AADAT	HAO1	9606.ENSP00000423190	9606.ENSP00000368066	0.108	0	0	0	0.103	0	0.154	0.294	0.458
AADAT	ASNS	9606.ENSP00000423190	9606.ENSP00000377845	0.043	0	0	0	0.111	0	0.673	0.293	0.777
AADAT	ALDH7A1	9606.ENSP00000423190	9606.ENSP00000387123	0.047	0	0	0	0.082	0	0.913	0.184	0.929
AADAT	OGDH	9606.ENSP00000423190	9606.ENSP00000388183	0	0	0	0	0.074	0	0.215	0.265	0.419
AADAT	KYAT1	9606.ENSP00000423190	9606.ENSP00000399415	0.042	0	0	0	0.067	0.071	0.900	0.994	0.999
AADAT	AASS	9606.ENSP00000423190	9606.ENSP00000403768	0	0	0	0	0.223	0	0	0.484	0.582
AADAT	GCDH	9606.ENSP00000423190	9606.ENSP00000466845	0	0	0	0	0.048	0	0	0.408	0.412
AADAT	IDO2	9606.ENSP00000423190	9606.ENSP00000443432	0	0	0	0	0.070	0	0	0.576	0.589
AADAT	IDO1	9606.ENSP00000423190	9606.ENSP00000430950	0	0	0	0	0.052	0	0	0.627	0.631
AADAT	TDO2	9606.ENSP00000423190	9606.ENSP00000444788	0	0	0	0	0.101	0	0	0.696	0.715
AADAT	BCAT1	9606.ENSP00000423190	9606.ENSP00000443459	0.115	0	0	0	0.101	0.071	0.792	0.393	0.889
AANAT	INMT	9606.ENSP00000250615	9606.ENSP00000013222	0	0	0	0	0	0	0.900	0.157	0.912
AANAT	TPH1	9606.ENSP00000250615	9606.ENSP00000250018	0	0	0	0	0.109	0	0	0.651	0.675
AANAT	HDC	9606.ENSP00000250615	9606.ENSP00000267845	0	0	0	0	0	0.046	0.163	0.347	0.433
AANAT	TPH2	9606.ENSP00000250615	9606.ENSP00000329093	0	0	0	0	0.109	0	0	0.633	0.659
AANAT	PPM1K	9606.ENSP00000250615	9606.ENSP00000477341	0	0	0	0	0	0.746	0	0	0.746
AANAT	IDO1	9606.ENSP00000250615	9606.ENSP00000430950	0	0	0	0	0	0	0.900	0.341	0.931
AANAT	IDO2	9606.ENSP00000250615	9606.ENSP00000443432	0	0	0	0	0	0	0.900	0.360	0.933
AANAT	DDC	9606.ENSP00000250615	9606.ENSP00000403644	0	0	0	0	0	0.046	0.913	0.633	0.967
AANAT	ASMT	9606.ENSP00000250615	9606.ENSP00000370639	0	0	0	0	0.124	0	0.900	0.939	0.994
AASS	OTC	9606.ENSP00000403768	9606.ENSP00000039007	0	0	0	0	0.103	0	0	0.403	0.441
AASS	AGXT2	9606.ENSP00000403768	9606.ENSP00000231420	0.111	0	0	0	0.076	0	0.261	0.147	0.414
AASS	ODC1	9606.ENSP00000403768	9606.ENSP00000234111	0.115	0	0	0	0.087	0	0.673	0.378	0.813
AASS	KYAT3	9606.ENSP00000403768	9606.ENSP00000260508	0.055	0	0	0	0.093	0	0	0.363	0.407
AASS	HAL	9606.ENSP00000403768	9606.ENSP00000261208	0	0	0	0	0	0	0	0.512	0.512
AASS	AMT	9606.ENSP00000403768	9606.ENSP00000273588	0	0	0	0	0.075	0	0	0.495	0.514
AASS	GLUD1	9606.ENSP00000403768	9606.ENSP00000277865	0	0	0	0	0	0	0	0.408	0.408
AASS	HGD	9606.ENSP00000403768	9606.ENSP00000283871	0	0	0	0	0.129	0	0	0.558	0.598
AASS	HPD	9606.ENSP00000403768	9606.ENSP00000289004	0	0	0	0	0.133	0	0	0.376	0.436
AASS	AGXT	9606.ENSP00000403768	9606.ENSP00000302620	0.120	0	0	0	0.050	0	0	0.359	0.417
AASS	ASL	9606.ENSP00000403768	9606.ENSP00000307188	0	0.126	0	0	0.115	0	0	0.440	0.529
AASS	GLS2	9606.ENSP00000403768	9606.ENSP00000310447	0	0	0	0	0.042	0	0.163	0.396	0.474
AASS	GLS	9606.ENSP00000403768	9606.ENSP00000317379	0	0	0	0	0	0	0.163	0.341	0.425
AASS	PIPOX	9606.ENSP00000403768	9606.ENSP00000317721	0.052	0	0	0	0.122	0	0	0.477	0.527
AASS	AZIN1	9606.ENSP00000403768	9606.ENSP00000337180	0.115	0	0	0	0.087	0	0.673	0.313	0.794
AASS	TAT	9606.ENSP00000403768	9606.ENSP00000348234	0.055	0	0	0	0.057	0	0	0.510	0.526
AASS	OAT	9606.ENSP00000403768	9606.ENSP00000357838	0.106	0	0	0	0.111	0.073	0	0.475	0.562
AASS	ALDH18A1	9606.ENSP00000403768	9606.ENSP00000360268	0	0	0	0	0.060	0	0	0.527	0.537
AASS	ASS1	9606.ENSP00000403768	9606.ENSP00000361471	0	0	0	0	0.133	0	0	0.704	0.733
AASS	SRM	9606.ENSP00000403768	9606.ENSP00000366156	0.120	0.900	0	0	0	0	0	0.336	0.936
AASS	GLDC	9606.ENSP00000403768	9606.ENSP00000370737	0	0	0	0	0.135	0	0	0.431	0.487
AASS	SEPSECS	9606.ENSP00000403768	9606.ENSP00000371535	0.095	0	0	0	0.056	0	0.253	0.174	0.403
AASS	ALDH7A1	9606.ENSP00000403768	9606.ENSP00000387123	0.061	0	0	0	0.280	0	0.913	0.346	0.956
AASS	KYAT1	9606.ENSP00000403768	9606.ENSP00000399415	0.055	0	0	0	0.062	0	0	0.411	0.433
AASS	CPS1	9606.ENSP00000403768	9606.ENSP00000402608	0	0	0	0	0.106	0	0.154	0.311	0.434
AASS	IVD	9606.ENSP00000403768	9606.ENSP00000499074	0	0	0	0	0.107	0.054	0	0.351	0.404
AASS	PHGDH	9606.ENSP00000403768	9606.ENSP00000493382	0.043	0	0	0	0.104	0	0	0.396	0.437
ACAD8	HSD17B10	9606.ENSP00000281182	9606.ENSP00000168216	0	0	0	0	0.140	0.060	0	0.403	0.476
ACAD8	DLD	9606.ENSP00000281182	9606.ENSP00000205402	0.042	0	0	0	0.209	0	0.216	0.155	0.431
ACAD8	PDHX	9606.ENSP00000281182	9606.ENSP00000227868	0	0	0	0	0.145	0	0.218	0.238	0.446
ACAD8	HIBADH	9606.ENSP00000281182	9606.ENSP00000265395	0	0	0	0	0.097	0.091	0	0.519	0.570
ACAD8	MCCC1	9606.ENSP00000281182	9606.ENSP00000265594	0.057	0	0	0	0.172	0.052	0.229	0.451	0.630
ACAD8	ACAT1	9606.ENSP00000281182	9606.ENSP00000265838	0.054	0	0	0	0.332	0.051	0.216	0.145	0.525
ACAD8	BCKDHA	9606.ENSP00000281182	9606.ENSP00000269980	0.047	0	0	0	0.155	0	0.265	0.474	0.647
ACAD8	DLAT	9606.ENSP00000281182	9606.ENSP00000280346	0	0	0	0	0.133	0	0.218	0.214	0.421
ACAD8	QDPR	9606.ENSP00000281182	9606.ENSP00000281243	0.042	0	0	0	0.106	0.046	0.174	0.251	0.403
ACAD8	ALDH4A1	9606.ENSP00000281182	9606.ENSP00000364490	0.042	0	0	0	0.141	0	0.182	0.239	0.420
ACAD8	BCAT2	9606.ENSP00000281182	9606.ENSP00000322991	0	0	0	0	0.095	0	0	0.410	0.444
ACAD8	ETHE1	9606.ENSP00000281182	9606.ENSP00000292147	0.053	0	0	0	0.116	0	0.106	0.376	0.470
ACAD8	PDHB	9606.ENSP00000281182	9606.ENSP00000307241	0.049	0	0	0	0.126	0.071	0.265	0.226	0.481
ACAD8	GCDH	9606.ENSP00000281182	9606.ENSP00000466845	0	0	0.107	0.659	0.240	0	0	0.329	0.505
ACAD8	IVD	9606.ENSP00000281182	9606.ENSP00000499074	0	0	0.129	0.810	0.279	0.091	0	0.249	0.514
ACAD8	ALDH6A1	9606.ENSP00000281182	9606.ENSP00000450436	0	0	0	0	0.158	0.062	0	0.471	0.546
ACAD8	AUH	9606.ENSP00000281182	9606.ENSP00000364883	0.046	0	0	0	0.326	0.091	0.185	0.265	0.586
ACAD8	MCCC2	9606.ENSP00000281182	9606.ENSP00000343657	0.057	0.004	0	0	0.244	0	0.265	0.360	0.619
ACAD8	BCKDHB	9606.ENSP00000281182	9606.ENSP00000318351	0.049	0	0	0	0.192	0.053	0.265	0.475	0.668
ACAD8	HIBCH	9606.ENSP00000281182	9606.ENSP00000352706	0.046	0	0	0	0.331	0.091	0.185	0.491	0.715
ACAD8	DBT	9606.ENSP00000281182	9606.ENSP00000359151	0	0	0	0	0.126	0	0.918	0.289	0.944
ACAD8	ACADSB	9606.ENSP00000281182	9606.ENSP00000357873	0	0	0.115	0.817	0.259	0.248	0.900	0.230	0.955
ACADSB	HSD17B10	9606.ENSP00000357873	9606.ENSP00000168216	0	0	0	0	0.117	0.060	0	0.449	0.503
ACADSB	DLD	9606.ENSP00000357873	9606.ENSP00000205402	0.042	0	0	0	0.111	0	0.216	0.300	0.471
ACADSB	PDHX	9606.ENSP00000357873	9606.ENSP00000227868	0	0	0	0	0.132	0	0.218	0.193	0.405
ACADSB	HIBADH	9606.ENSP00000357873	9606.ENSP00000265395	0	0	0	0	0.220	0.070	0	0.469	0.581
ACADSB	MCCC1	9606.ENSP00000357873	9606.ENSP00000265594	0.057	0	0	0	0.193	0.052	0.229	0.355	0.576
ACADSB	ACAT1	9606.ENSP00000357873	9606.ENSP00000265838	0.054	0	0	0	0.373	0.051	0.918	0.416	0.968
ACADSB	BCKDHA	9606.ENSP00000357873	9606.ENSP00000269980	0.047	0	0	0	0.103	0	0.381	0.520	0.712
ACADSB	DLAT	9606.ENSP00000357873	9606.ENSP00000280346	0	0	0	0	0.128	0	0.218	0.232	0.431
ACADSB	HPD	9606.ENSP00000357873	9606.ENSP00000289004	0.057	0	0	0	0.122	0	0.265	0.188	0.439
ACADSB	ETHE1	9606.ENSP00000357873	9606.ENSP00000292147	0.053	0	0	0	0.109	0	0.106	0.688	0.733
ACADSB	PDHB	9606.ENSP00000357873	9606.ENSP00000307241	0.049	0	0	0	0.087	0.053	0.265	0.236	0.455
ACADSB	BCKDHB	9606.ENSP00000357873	9606.ENSP00000318351	0.049	0	0	0	0.163	0.053	0.393	0.544	0.753
ACADSB	BCAT2	9606.ENSP00000357873	9606.ENSP00000322991	0	0	0	0	0.083	0	0	0.500	0.522
ACADSB	MCCC2	9606.ENSP00000357873	9606.ENSP00000343657	0.057	0.158	0	0	0.301	0	0.265	0.413	0.717
ACADSB	ALDH9A1	9606.ENSP00000357873	9606.ENSP00000346827	0.042	0	0	0	0.233	0	0.182	0.310	0.530
ACADSB	HIBCH	9606.ENSP00000357873	9606.ENSP00000352706	0.046	0	0	0	0.367	0.091	0.217	0.596	0.795
ACADSB	PDHA1	9606.ENSP00000357873	9606.ENSP00000369134	0	0	0	0	0.111	0.133	0	0.285	0.401
ACADSB	BCAT1	9606.ENSP00000357873	9606.ENSP00000443459	0	0	0	0	0.067	0	0	0.393	0.410
ACADSB	ALDH4A1	9606.ENSP00000357873	9606.ENSP00000364490	0.042	0	0	0	0.139	0	0.182	0.233	0.413
ACADSB	NDUFAB1	9606.ENSP00000357873	9606.ENSP00000458770	0.057	0	0	0	0.049	0	0.265	0.232	0.426
ACADSB	ALDH7A1	9606.ENSP00000357873	9606.ENSP00000387123	0.042	0	0	0	0.139	0	0.182	0.257	0.432
ACADSB	PPM1K	9606.ENSP00000357873	9606.ENSP00000477341	0	0	0	0	0.076	0	0	0.411	0.433
ACADSB	BCKDK	9606.ENSP00000357873	9606.ENSP00000378405	0	0	0	0	0.108	0	0	0.426	0.467
ACADSB	AUH	9606.ENSP00000357873	9606.ENSP00000364883	0.046	0	0	0	0.361	0.091	0.278	0.343	0.689
ACADSB	ALDH6A1	9606.ENSP00000357873	9606.ENSP00000450436	0	0	0	0	0.341	0.062	0	0.636	0.755
ACADSB	GCDH	9606.ENSP00000357873	9606.ENSP00000466845	0	0	0.106	0.714	0.274	0	0.900	0.265	0.946
ACADSB	DBT	9606.ENSP00000357873	9606.ENSP00000359151	0	0	0	0	0.133	0	0.918	0.373	0.951
ACAT1	HSD17B10	9606.ENSP00000265838	9606.ENSP00000168216	0	0	0	0	0.132	0.080	0.314	0.303	0.567
ACAT1	DLD	9606.ENSP00000265838	9606.ENSP00000205402	0	0	0	0	0.243	0.187	0.105	0.411	0.632
ACAT1	PDHX	9606.ENSP00000265838	9606.ENSP00000227868	0.057	0	0	0	0.298	0	0	0.323	0.513
ACAT1	MCCC1	9606.ENSP00000265838	9606.ENSP00000265594	0.061	0	0	0	0.161	0.094	0.154	0.163	0.402
ACAT1	BCKDHB	9606.ENSP00000265838	9606.ENSP00000318351	0.072	0	0	0	0.167	0	0	0.309	0.420
ACAT1	GLUD1	9606.ENSP00000265838	9606.ENSP00000277865	0.052	0	0	0	0.204	0	0	0.297	0.423
ACAT1	ALDH4A1	9606.ENSP00000265838	9606.ENSP00000364490	0	0	0	0	0.105	0	0.214	0.252	0.429
ACAT1	ALDH7A1	9606.ENSP00000265838	9606.ENSP00000387123	0	0	0	0	0.147	0	0.214	0.259	0.460
ACAT1	ALDH9A1	9606.ENSP00000265838	9606.ENSP00000346827	0	0	0	0	0.157	0	0.214	0.271	0.475
ACAT1	MCCC2	9606.ENSP00000265838	9606.ENSP00000343657	0.079	0	0	0	0.258	0	0.177	0.181	0.478
ACAT1	PDHB	9606.ENSP00000265838	9606.ENSP00000307241	0.072	0	0	0	0.361	0	0	0.210	0.491
ACAT1	GCDH	9606.ENSP00000265838	9606.ENSP00000466845	0.054	0	0	0	0.338	0.051	0.216	0.267	0.596
ACAT1	PDHA1	9606.ENSP00000265838	9606.ENSP00000369134	0	0	0	0	0.283	0.359	0	0.345	0.673
ACAT1	IVD	9606.ENSP00000265838	9606.ENSP00000499074	0.054	0	0	0	0.347	0.051	0.216	0.423	0.686
ACAT1	AUH	9606.ENSP00000265838	9606.ENSP00000364883	0.054	0	0	0	0.371	0.330	0.216	0.239	0.719
ACAT1	HIBCH	9606.ENSP00000265838	9606.ENSP00000352706	0.054	0	0	0	0.445	0.296	0.216	0.273	0.751
ACAT1	DLST	9606.ENSP00000265838	9606.ENSP00000335304	0.057	0	0	0	0.123	0.074	0.800	0.156	0.847
ACAT1	ALDH6A1	9606.ENSP00000265838	9606.ENSP00000450436	0	0	0	0	0.173	0.113	0.900	0.259	0.938
ACAT1	DLAT	9606.ENSP00000265838	9606.ENSP00000280346	0.057	0	0	0	0.365	0	0.900	0.256	0.949
ACMSD	AGXT2	9606.ENSP00000348459	9606.ENSP00000231420	0.060	0	0	0	0.377	0	0	0.133	0.448
ACMSD	KYAT3	9606.ENSP00000348459	9606.ENSP00000260508	0.042	0	0	0	0.074	0	0.151	0.496	0.569
ACMSD	KYNU	9606.ENSP00000348459	9606.ENSP00000264170	0.231	0	0.241	0	0.214	0	0	0.794	0.893
ACMSD	MCCC1	9606.ENSP00000348459	9606.ENSP00000265594	0.100	0	0	0	0	0	0	0.761	0.776
ACMSD	HNMT	9606.ENSP00000348459	9606.ENSP00000280097	0	0	0	0	0.043	0	0	0.405	0.406
ACMSD	AFMID	9606.ENSP00000348459	9606.ENSP00000328938	0.042	0	0	0	0.092	0	0	0.669	0.687
ACMSD	ALDH9A1	9606.ENSP00000348459	9606.ENSP00000346827	0.059	0.026	0	0	0.110	0	0.287	0.222	0.473
ACMSD	GCDH	9606.ENSP00000348459	9606.ENSP00000466845	0.057	0	0	0	0.067	0	0.184	0.289	0.421
ACMSD	ALDH7A1	9606.ENSP00000348459	9606.ENSP00000387123	0.059	0.006	0	0	0.103	0	0.287	0.157	0.424
ACMSD	ALDH4A1	9606.ENSP00000348459	9606.ENSP00000364490	0.059	0	0	0	0.103	0	0.287	0.157	0.424
ACMSD	IDO2	9606.ENSP00000348459	9606.ENSP00000443432	0	0	0	0	0.104	0	0	0.517	0.549
ACMSD	IDO1	9606.ENSP00000348459	9606.ENSP00000430950	0	0	0	0	0.086	0	0	0.546	0.568
ACMSD	KYAT1	9606.ENSP00000348459	9606.ENSP00000399415	0.042	0	0	0	0.074	0	0.151	0.561	0.625
ACMSD	TDO2	9606.ENSP00000348459	9606.ENSP00000444788	0.041	0	0	0	0.215	0	0	0.759	0.803
ACMSD	KMO	9606.ENSP00000348459	9606.ENSP00000355517	0.115	0	0.323	0	0.296	0	0	0.753	0.882
ADI1	MRI1	9606.ENSP00000333666	9606.ENSP00000040663	0.231	0	0.235	0	0.248	0.229	0	0.775	0.909
ADI1	ODC1	9606.ENSP00000333666	9606.ENSP00000234111	0	0	0	0	0.074	0.071	0	0.387	0.427
ADI1	BHMT2	9606.ENSP00000333666	9606.ENSP00000255192	0.106	0	0	0	0.304	0	0	0.430	0.614
ADI1	KYAT3	9606.ENSP00000333666	9606.ENSP00000260508	0.084	0	0	0	0.123	0	0.402	0.166	0.546
ADI1	PAPSS1	9606.ENSP00000333666	9606.ENSP00000265174	0	0	0	0	0.061	0	0	0.411	0.423
ADI1	ENOPH1	9606.ENSP00000333666	9606.ENSP00000273920	0.231	0	0.309	0	0.054	0	0.980	0.811	0.997
ADI1	BHMT	9606.ENSP00000333666	9606.ENSP00000274353	0.106	0	0	0	0.304	0	0	0.354	0.563
ADI1	BCAT2	9606.ENSP00000333666	9606.ENSP00000322991	0	0	0	0	0.049	0.098	0.407	0	0.446
ADI1	SMS	9606.ENSP00000333666	9606.ENSP00000385746	0	0	0	0	0.062	0	0	0.414	0.427
ADI1	BCAT1	9606.ENSP00000333666	9606.ENSP00000443459	0	0	0	0	0.044	0.098	0.407	0	0.443
ADI1	MAT1A	9606.ENSP00000333666	9606.ENSP00000361287	0	0	0	0	0	0	0	0.473	0.473
ADI1	SRM	9606.ENSP00000333666	9606.ENSP00000366156	0	0	0	0	0.047	0	0	0.500	0.503
ADI1	MTR	9606.ENSP00000333666	9606.ENSP00000355536	0.106	0	0	0	0.310	0	0	0.314	0.540
ADI1	CTH	9606.ENSP00000333666	9606.ENSP00000359976	0	0	0	0	0.295	0	0	0.374	0.540
ADI1	GPT2	9606.ENSP00000333666	9606.ENSP00000345282	0.084	0	0	0	0.123	0	0.402	0.166	0.545
ADI1	GPT	9606.ENSP00000333666	9606.ENSP00000378408	0.084	0	0	0	0.123	0	0.402	0.166	0.546
ADI1	KYAT1	9606.ENSP00000333666	9606.ENSP00000399415	0.084	0	0	0	0.125	0	0.402	0.166	0.547
ADI1	MTAP	9606.ENSP00000333666	9606.ENSP00000494373	0.100	0	0	0	0.042	0.102	0	0.488	0.551
ADI1	IL4I1	9606.ENSP00000333666	9606.ENSP00000472474	0	0	0	0	0.049	0	0.900	0.163	0.913
ADI1	TAT	9606.ENSP00000333666	9606.ENSP00000348234	0.084	0	0	0	0.123	0	0.937	0.239	0.956
ADI1	APIP	9606.ENSP00000333666	9606.ENSP00000379133	0.111	0.721	0.445	0	0.392	0	0	0.594	0.959
ADO	CDO1	9606.ENSP00000362888	9606.ENSP00000250535	0	0	0	0	0.049	0	0	0.986	0.986
ADO	CSAD	9606.ENSP00000362888	9606.ENSP00000267085	0	0	0	0	0	0	0.900	0.709	0.969
ADO	GADL1	9606.ENSP00000362888	9606.ENSP00000282538	0	0	0	0	0	0	0.900	0.502	0.948
AFMID	KYAT3	9606.ENSP00000328938	9606.ENSP00000260508	0	0	0	0	0.060	0	0.900	0.654	0.964
AFMID	SLC7A5	9606.ENSP00000328938	9606.ENSP00000261622	0	0	0	0	0.060	0	0	0.394	0.406
AFMID	KYNU	9606.ENSP00000328938	9606.ENSP00000264170	0.095	0	0	0	0.124	0	0.938	0.788	0.988
AFMID	HGD	9606.ENSP00000328938	9606.ENSP00000283871	0	0	0	0	0.100	0	0	0.365	0.404
AFMID	PCBD1	9606.ENSP00000328938	9606.ENSP00000299299	0	0	0	0	0.057	0.734	0	0.102	0.755
AFMID	NDUFAB1	9606.ENSP00000328938	9606.ENSP00000458770	0.056	0	0	0	0	0.326	0	0.163	0.420
AFMID	DDC	9606.ENSP00000328938	9606.ENSP00000403644	0	0	0	0	0.067	0.047	0.900	0.289	0.928
AFMID	KYAT1	9606.ENSP00000328938	9606.ENSP00000399415	0	0	0	0	0.067	0	0.900	0.657	0.965
AFMID	IDO1	9606.ENSP00000328938	9606.ENSP00000430950	0	0	0	0	0.067	0	0.913	0.643	0.968
AFMID	IDO2	9606.ENSP00000328938	9606.ENSP00000443432	0	0	0	0	0.067	0	0.912	0.711	0.974
AFMID	KMO	9606.ENSP00000328938	9606.ENSP00000355517	0	0	0	0	0.105	0	0.920	0.811	0.985
AFMID	TDO2	9606.ENSP00000328938	9606.ENSP00000444788	0.095	0	0	0	0.102	0	0.938	0.806	0.989
AGMAT	OTC	9606.ENSP00000364986	9606.ENSP00000039007	0	0	0	0	0.113	0.092	0.673	0.579	0.874
AGMAT	CRYM	9606.ENSP00000364986	9606.ENSP00000219599	0.115	0	0	0	0.062	0	0.673	0.306	0.786
AGMAT	AGXT2	9606.ENSP00000364986	9606.ENSP00000231420	0.079	0	0	0	0.139	0	0.311	0.502	0.691
AGMAT	ODC1	9606.ENSP00000364986	9606.ENSP00000234111	0.091	0	0	0	0.134	0	0.937	0.779	0.987
AGMAT	HAL	9606.ENSP00000364986	9606.ENSP00000261208	0.115	0	0	0	0.382	0	0.420	0.315	0.753
AGMAT	ARG2	9606.ENSP00000364986	9606.ENSP00000261783	0	0	0.198	0.623	0.120	0	0	0.404	0.543
AGMAT	DHTKD1	9606.ENSP00000364986	9606.ENSP00000263035	0	0	0	0	0	0	0	0.405	0.405
AGMAT	BBOX1	9606.ENSP00000364986	9606.ENSP00000263182	0	0	0	0	0.086	0	0.428	0.104	0.490
AGMAT	KYNU	9606.ENSP00000364986	9606.ENSP00000264170	0	0	0	0	0.132	0	0	0.384	0.443
AGMAT	PAOX	9606.ENSP00000364986	9606.ENSP00000278060	0	0	0	0	0.043	0	0	0.524	0.525
AGMAT	NAGS	9606.ENSP00000364986	9606.ENSP00000293404	0.056	0	0	0	0.105	0	0	0.393	0.442
AGMAT	AGXT	9606.ENSP00000364986	9606.ENSP00000302620	0	0	0	0	0.129	0	0	0.385	0.442
AGMAT	ASL	9606.ENSP00000364986	9606.ENSP00000307188	0	0	0	0	0.042	0	0.449	0.519	0.723
AGMAT	GLUL	9606.ENSP00000364986	9606.ENSP00000307900	0.049	0	0	0	0	0	0.340	0.338	0.548
AGMAT	GLS2	9606.ENSP00000364986	9606.ENSP00000310447	0	0	0	0	0.071	0	0	0.433	0.451
AGMAT	TMLHE	9606.ENSP00000364986	9606.ENSP00000335261	0	0	0	0	0.051	0	0.428	0.085	0.460
AGMAT	AZIN1	9606.ENSP00000364986	9606.ENSP00000337180	0.091	0	0	0	0.110	0	0.402	0.489	0.719
AGMAT	ARG1	9606.ENSP00000364986	9606.ENSP00000349446	0	0	0.191	0.631	0.090	0	0	0.372	0.498
AGMAT	PRODH	9606.ENSP00000364986	9606.ENSP00000349577	0.091	0	0	0	0.103	0	0.180	0.348	0.506
AGMAT	OAT	9606.ENSP00000364986	9606.ENSP00000357838	0.115	0	0	0	0.321	0.067	0.673	0.598	0.912
AGMAT	CTH	9606.ENSP00000364986	9606.ENSP00000359976	0.097	0	0	0	0.139	0	0	0.374	0.471
AGMAT	ALDH18A1	9606.ENSP00000364986	9606.ENSP00000360268	0	0	0	0	0.044	0	0	0.438	0.439
AGMAT	MAT1A	9606.ENSP00000364986	9606.ENSP00000361287	0.090	0	0	0	0.142	0	0	0.299	0.405
AGMAT	ASS1	9606.ENSP00000364986	9606.ENSP00000361471	0	0	0	0	0.110	0	0	0.608	0.636
AGMAT	ALDH4A1	9606.ENSP00000364986	9606.ENSP00000364490	0.055	0	0	0	0.130	0	0.147	0.286	0.432
AGMAT	FTCD	9606.ENSP00000364986	9606.ENSP00000380856	0.113	0	0	0	0.148	0	0	0.273	0.403
AGMAT	CBS	9606.ENSP00000364986	9606.ENSP00000381231	0.095	0	0	0	0.101	0	0.152	0.250	0.413
AGMAT	SUOX	9606.ENSP00000364986	9606.ENSP00000377668	0	0	0	0	0.087	0	0	0.392	0.421
AGMAT	GLDC	9606.ENSP00000364986	9606.ENSP00000370737	0.042	0	0	0	0.088	0	0	0.429	0.458
AGMAT	CPS1	9606.ENSP00000364986	9606.ENSP00000402608	0	0	0	0	0.196	0.057	0.276	0.175	0.486
AGMAT	GATM	9606.ENSP00000364986	9606.ENSP00000379895	0	0	0	0	0.060	0	0	0.493	0.503
AGMAT	SMOX	9606.ENSP00000364986	9606.ENSP00000478305	0	0	0	0	0	0	0	0.523	0.523
AGMAT	SMS	9606.ENSP00000364986	9606.ENSP00000385746	0.102	0	0	0	0.251	0	0.449	0.709	0.878
AGMAT	SAT1	9606.ENSP00000364986	9606.ENSP00000368572	0.057	0	0	0	0.074	0	0.900	0.501	0.950
AGMAT	SRM	9606.ENSP00000364986	9606.ENSP00000366156	0.102	0	0	0	0.261	0	0.942	0.715	0.987
AGXT	OTC	9606.ENSP00000302620	9606.ENSP00000039007	0	0	0	0	0.228	0	0	0.363	0.488
AGXT	DLD	9606.ENSP00000302620	9606.ENSP00000205402	0	0	0	0	0	0	0.900	0.368	0.934
AGXT	DAO	9606.ENSP00000302620	9606.ENSP00000228476	0.108	0	0	0	0.194	0	0.900	0.561	0.964
AGXT	AGXT2	9606.ENSP00000302620	9606.ENSP00000231420	0.111	0	0	0	0.375	0.109	0.900	0.953	0.997
AGXT	GOT2	9606.ENSP00000302620	9606.ENSP00000245206	0	0	0	0	0	0.102	0	0.384	0.423
AGXT	BHMT2	9606.ENSP00000302620	9606.ENSP00000255192	0.042	0	0	0	0.135	0	0.639	0.109	0.698
AGXT	HAL	9606.ENSP00000302620	9606.ENSP00000261208	0	0	0	0	0.311	0	0	0.380	0.555
AGXT	DHTKD1	9606.ENSP00000302620	9606.ENSP00000263035	0	0	0	0	0	0	0	0.400	0.400
AGXT	KYNU	9606.ENSP00000302620	9606.ENSP00000264170	0	0	0	0	0.310	0	0	0.300	0.497
AGXT	RPS27A	9606.ENSP00000302620	9606.ENSP00000272317	0	0	0	0	0	0.069	0.500	0.091	0.539
AGXT	AMT	9606.ENSP00000302620	9606.ENSP00000273588	0.049	0	0	0	0.196	0	0.917	0.588	0.970
AGXT	BHMT	9606.ENSP00000302620	9606.ENSP00000274353	0.042	0	0	0	0.278	0	0.639	0.203	0.774
AGXT	GLUD1	9606.ENSP00000302620	9606.ENSP00000277865	0.114	0	0	0	0.074	0	0	0.428	0.490
AGXT	HGD	9606.ENSP00000302620	9606.ENSP00000283871	0	0	0	0	0.315	0	0	0.394	0.568
AGXT	HPD	9606.ENSP00000302620	9606.ENSP00000289004	0	0	0	0	0.457	0	0	0.149	0.518
AGXT	GLS2	9606.ENSP00000302620	9606.ENSP00000310447	0	0	0	0	0.110	0	0	0.372	0.418
AGXT	CPS1	9606.ENSP00000302620	9606.ENSP00000402608	0	0	0	0	0.245	0	0	0.263	0.420
AGXT	GOT1	9606.ENSP00000302620	9606.ENSP00000359539	0	0	0	0	0	0.095	0	0.390	0.424
AGXT	GCAT	9606.ENSP00000302620	9606.ENSP00000371110	0.053	0	0	0	0.061	0	0	0.404	0.424
AGXT	UROC1	9606.ENSP00000302620	9606.ENSP00000373073	0	0	0	0	0.307	0.045	0	0.210	0.432
AGXT	ASL	9606.ENSP00000302620	9606.ENSP00000307188	0	0	0	0	0.082	0	0	0.438	0.462
AGXT	ALDH9A1	9606.ENSP00000302620	9606.ENSP00000346827	0	0	0	0	0.117	0.092	0.287	0.178	0.467
AGXT	ALDH6A1	9606.ENSP00000302620	9606.ENSP00000450436	0	0	0	0	0.060	0	0	0.459	0.470
AGXT	KYAT1	9606.ENSP00000302620	9606.ENSP00000399415	0.083	0	0	0	0.129	0.074	0	0.374	0.476
AGXT	PAH	9606.ENSP00000302620	9606.ENSP00000448059	0	0	0	0	0.279	0	0	0.305	0.478
AGXT	PSAT1	9606.ENSP00000302620	9606.ENSP00000365773	0	0	0	0	0.049	0.092	0	0.459	0.492
AGXT	UBA52	9606.ENSP00000302620	9606.ENSP00000388107	0	0	0	0	0.087	0	0.500	0	0.523
AGXT	KMO	9606.ENSP00000302620	9606.ENSP00000355517	0	0	0	0	0.241	0	0	0.403	0.528
AGXT	ALDH7A1	9606.ENSP00000302620	9606.ENSP00000387123	0	0	0	0	0.109	0.109	0.287	0.270	0.532
AGXT	DDO	9606.ENSP00000302620	9606.ENSP00000357920	0.108	0	0	0	0.123	0	0	0.468	0.548
AGXT	ASS1	9606.ENSP00000302620	9606.ENSP00000361471	0	0	0	0	0.105	0	0	0.522	0.554
AGXT	TAT	9606.ENSP00000302620	9606.ENSP00000348234	0.083	0	0	0	0.322	0.074	0	0.375	0.593
AGXT	ALDH4A1	9606.ENSP00000302620	9606.ENSP00000364490	0	0	0	0	0.139	0.086	0.287	0.381	0.606
AGXT	MTR	9606.ENSP00000302620	9606.ENSP00000355536	0.042	0	0	0	0.108	0	0.639	0.166	0.708
AGXT	OAT	9606.ENSP00000302620	9606.ENSP00000357838	0.045	0	0	0	0.086	0	0	0.722	0.737
AGXT	ASNS	9606.ENSP00000302620	9606.ENSP00000377845	0.061	0	0	0	0	0	0.673	0.313	0.770
AGXT	MAT1A	9606.ENSP00000302620	9606.ENSP00000361287	0.070	0	0	0	0.320	0	0.653	0.209	0.803
AGXT	FTCD	9606.ENSP00000302620	9606.ENSP00000380856	0.197	0	0	0	0.603	0	0	0.494	0.825
AGXT	OGDH	9606.ENSP00000302620	9606.ENSP00000388183	0	0	0	0	0.042	0	0	0.841	0.841
AGXT	PHGDH	9606.ENSP00000302620	9606.ENSP00000493382	0.115	0	0	0	0.148	0	0.673	0.444	0.844
AGXT	GNMT	9606.ENSP00000302620	9606.ENSP00000361894	0	0	0	0	0.152	0	0.900	0.274	0.933
AGXT	CBS	9606.ENSP00000302620	9606.ENSP00000381231	0	0	0	0	0.128	0	0.900	0.371	0.940
AGXT	GCSH	9606.ENSP00000302620	9606.ENSP00000319531	0.046	0	0	0	0.057	0	0.918	0.360	0.946
AGXT	GATM	9606.ENSP00000302620	9606.ENSP00000379895	0	0	0	0	0.062	0	0.900	0.534	0.952
AGXT	GPT2	9606.ENSP00000302620	9606.ENSP00000345282	0.083	0	0	0	0.131	0.091	0.900	0.471	0.954
AGXT	GLDC	9606.ENSP00000302620	9606.ENSP00000370737	0.049	0	0	0	0.082	0	0.913	0.499	0.957
AGXT	GPT	9606.ENSP00000302620	9606.ENSP00000378408	0.083	0	0	0	0.160	0.091	0.900	0.488	0.957
AGXT	PIPOX	9606.ENSP00000302620	9606.ENSP00000317721	0.108	0	0	0	0.216	0	0.900	0.504	0.960
AGXT	HAO1	9606.ENSP00000302620	9606.ENSP00000368066	0.059	0	0	0	0.345	0.109	0.922	0.709	0.985
AGXT	PSPH	9606.ENSP00000302620	9606.ENSP00000378854	0.231	0	0	0	0	0.092	0.980	0.441	0.991
AGXT	SHMT1	9606.ENSP00000302620	9606.ENSP00000318868	0.102	0	0	0	0.099	0.085	0.978	0.729	0.994
AGXT	GRHPR	9606.ENSP00000302620	9606.ENSP00000313432	0.231	0	0	0	0.147	0	0.980	0.979	0.999
AGXT2	OTC	9606.ENSP00000231420	9606.ENSP00000039007	0.046	0.230	0	0	0.275	0	0	0.312	0.585
AGXT2	DAO	9606.ENSP00000231420	9606.ENSP00000228476	0.061	0	0	0	0.282	0	0.908	0.325	0.952
AGXT2	AMT	9606.ENSP00000231420	9606.ENSP00000273588	0.046	0	0	0	0.103	0	0.117	0.305	0.404
AGXT2	ASL	9606.ENSP00000231420	9606.ENSP00000307188	0	0	0	0	0	0	0.130	0.348	0.408
AGXT2	KMO	9606.ENSP00000231420	9606.ENSP00000355517	0	0	0	0	0.334	0	0	0.156	0.414
AGXT2	HIBCH	9606.ENSP00000231420	9606.ENSP00000352706	0	0	0	0	0.053	0.052	0.177	0.332	0.440
AGXT2	MAT1A	9606.ENSP00000231420	9606.ENSP00000361287	0	0	0	0	0.148	0	0.233	0.216	0.443
AGXT2	DDO	9606.ENSP00000231420	9606.ENSP00000357920	0.061	0	0	0	0.196	0	0.124	0.267	0.450
AGXT2	DHTKD1	9606.ENSP00000231420	9606.ENSP00000263035	0	0	0	0	0.124	0	0	0.404	0.456
AGXT2	DDC	9606.ENSP00000231420	9606.ENSP00000403644	0.057	0	0	0	0.146	0.092	0.259	0.156	0.460
AGXT2	ASS1	9606.ENSP00000231420	9606.ENSP00000361471	0	0	0	0	0.140	0	0	0.406	0.467
AGXT2	SEPSECS	9606.ENSP00000231420	9606.ENSP00000371535	0.057	0	0	0	0.118	0.092	0.259	0.197	0.469
AGXT2	HDC	9606.ENSP00000231420	9606.ENSP00000267845	0.057	0	0	0	0.105	0.092	0.259	0.212	0.471
AGXT2	ALDH18A1	9606.ENSP00000231420	9606.ENSP00000360268	0.042	0	0	0	0.087	0	0	0.445	0.472
AGXT2	ALDH4A1	9606.ENSP00000231420	9606.ENSP00000364490	0.055	0	0	0	0.144	0.099	0.217	0.222	0.475
AGXT2	FTCD	9606.ENSP00000231420	9606.ENSP00000380856	0	0	0	0	0.350	0	0	0.230	0.478
AGXT2	GLS2	9606.ENSP00000231420	9606.ENSP00000310447	0	0	0	0	0.070	0	0	0.463	0.480
AGXT2	NAGS	9606.ENSP00000231420	9606.ENSP00000293404	0	0	0	0	0.059	0	0.417	0.155	0.495
AGXT2	PRODH	9606.ENSP00000231420	9606.ENSP00000349577	0.042	0	0	0	0.053	0	0.280	0.322	0.497
AGXT2	ASNS	9606.ENSP00000231420	9606.ENSP00000377845	0	0	0	0	0.045	0	0.352	0.262	0.503
AGXT2	OAT	9606.ENSP00000231420	9606.ENSP00000357838	0.073	0	0.124	0.688	0.111	0	0.151	0.365	0.540
AGXT2	ARG1	9606.ENSP00000231420	9606.ENSP00000349446	0.079	0	0	0	0.130	0	0.311	0.275	0.546
AGXT2	GLUD2	9606.ENSP00000231420	9606.ENSP00000327589	0.088	0	0	0	0.073	0	0.414	0.218	0.561
AGXT2	GLUD1	9606.ENSP00000231420	9606.ENSP00000277865	0.088	0	0	0	0.068	0	0.414	0.271	0.588
AGXT2	ARG2	9606.ENSP00000231420	9606.ENSP00000261783	0.079	0	0	0	0.109	0	0.311	0.366	0.593
AGXT2	KYNU	9606.ENSP00000231420	9606.ENSP00000264170	0	0	0	0	0.381	0	0	0.397	0.611
AGXT2	HGD	9606.ENSP00000231420	9606.ENSP00000283871	0	0	0	0	0.759	0	0	0.209	0.801
AGXT2	BCKDHA	9606.ENSP00000231420	9606.ENSP00000269980	0.056	0	0	0	0	0	0.800	0.115	0.818
AGXT2	DBT	9606.ENSP00000231420	9606.ENSP00000359151	0	0	0	0	0.042	0	0.800	0.156	0.824
AGXT2	BCKDHB	9606.ENSP00000231420	9606.ENSP00000318351	0.054	0	0	0	0.049	0	0.800	0.251	0.847
AGXT2	HAO1	9606.ENSP00000231420	9606.ENSP00000368066	0	0	0	0	0.246	0	0.800	0.221	0.872
AGXT2	GRHPR	9606.ENSP00000231420	9606.ENSP00000313432	0	0	0	0	0.146	0	0.800	0.361	0.881
AGXT2	GCLM	9606.ENSP00000231420	9606.ENSP00000359258	0	0	0	0	0.066	0	0.900	0.068	0.905
AGXT2	GCLC	9606.ENSP00000231420	9606.ENSP00000497574	0	0	0	0	0.042	0	0.900	0.107	0.906
AGXT2	GNMT	9606.ENSP00000231420	9606.ENSP00000361894	0	0	0	0	0.114	0	0.900	0.215	0.924
AGXT2	GPT	9606.ENSP00000231420	9606.ENSP00000378408	0	0	0	0	0.079	0.101	0.900	0.247	0.929
AGXT2	BCAT2	9606.ENSP00000231420	9606.ENSP00000322991	0	0	0	0	0.194	0	0.900	0.220	0.931
AGXT2	ALDH6A1	9606.ENSP00000231420	9606.ENSP00000450436	0	0.038	0	0	0.117	0	0.900	0.305	0.933
AGXT2	BCAT1	9606.ENSP00000231420	9606.ENSP00000443459	0	0	0	0	0.194	0	0.900	0.258	0.934
AGXT2	CTH	9606.ENSP00000231420	9606.ENSP00000359976	0	0	0	0	0.107	0	0.900	0.333	0.935
AGXT2	GPT2	9606.ENSP00000231420	9606.ENSP00000345282	0	0	0	0	0.073	0.101	0.900	0.313	0.935
AGXT2	SHMT1	9606.ENSP00000231420	9606.ENSP00000318868	0	0	0	0	0.087	0	0.900	0.378	0.938
AGXT2	ALDH7A1	9606.ENSP00000231420	9606.ENSP00000387123	0.055	0.001	0	0	0.139	0.109	0.918	0.156	0.941
AGXT2	HIBADH	9606.ENSP00000231420	9606.ENSP00000265395	0	0	0	0	0.061	0	0.918	0.299	0.941
AGXT2	ALDH9A1	9606.ENSP00000231420	9606.ENSP00000346827	0.055	0.003	0	0	0.139	0.099	0.918	0.186	0.942
AGXT2	PIPOX	9606.ENSP00000231420	9606.ENSP00000317721	0.061	0	0	0	0.219	0	0.908	0.243	0.942
AGXT2	GATM	9606.ENSP00000231420	9606.ENSP00000379895	0	0	0	0	0.082	0.048	0.900	0.461	0.946
AGXT2	GADL1	9606.ENSP00000231420	9606.ENSP00000282538	0.057	0.899	0	0	0.105	0.092	0.259	0.248	0.947
AGXT2	CSAD	9606.ENSP00000231420	9606.ENSP00000267085	0.057	0.893	0	0	0.105	0.092	0.259	0.307	0.948
AGXT2	GLDC	9606.ENSP00000231420	9606.ENSP00000370737	0.045	0	0	0	0.113	0	0.900	0.534	0.955
AHCY	PSMA3	9606.ENSP00000217426	9606.ENSP00000216455	0	0	0	0	0.350	0	0	0.216	0.468
AHCY	RPS8	9606.ENSP00000217426	9606.ENSP00000379888	0	0	0	0	0.356	0.091	0	0.059	0.402
AHCY	PHGDH	9606.ENSP00000217426	9606.ENSP00000493382	0.045	0	0	0	0.168	0	0	0.310	0.404
AHCY	ALDH4A1	9606.ENSP00000217426	9606.ENSP00000364490	0	0	0	0	0.106	0.214	0	0.222	0.406
AHCY	RPL21	9606.ENSP00000217426	9606.ENSP00000346027	0	0	0	0	0.366	0	0	0.103	0.407
AHCY	RPL10	9606.ENSP00000217426	9606.ENSP00000413436	0	0	0	0	0.350	0	0	0.128	0.409
AHCY	ALDH7A1	9606.ENSP00000217426	9606.ENSP00000387123	0	0	0	0	0.119	0.091	0	0.325	0.412
AHCY	RPL27A	9606.ENSP00000217426	9606.ENSP00000346015	0	0	0	0	0.347	0	0	0.149	0.421
AHCY	RPS18	9606.ENSP00000217426	9606.ENSP00000393241	0	0	0	0	0.327	0.091	0	0.137	0.426
AHCY	RPS15	9606.ENSP00000217426	9606.ENSP00000466010	0	0	0	0	0.322	0.092	0	0.148	0.430
AHCY	RPL11	9606.ENSP00000217426	9606.ENSP00000496250	0	0	0	0	0.371	0	0	0.138	0.435
AHCY	NNMT	9606.ENSP00000217426	9606.ENSP00000441434	0	0	0	0	0.073	0	0	0.418	0.437
AHCY	RPS5	9606.ENSP00000217426	9606.ENSP00000472985	0	0	0	0	0.404	0	0	0.095	0.438
AHCY	RPS13	9606.ENSP00000217426	9606.ENSP00000435777	0.058	0	0	0	0.300	0	0	0.216	0.439
AHCY	RPL8	9606.ENSP00000217426	9606.ENSP00000262584	0	0	0	0	0.438	0	0	0.043	0.439
AHCY	ASS1	9606.ENSP00000217426	9606.ENSP00000361471	0	0	0	0	0.173	0	0	0.354	0.444
AHCY	RPL5	9606.ENSP00000217426	9606.ENSP00000359345	0	0	0	0	0.418	0	0	0.089	0.447
AHCY	PSMA2	9606.ENSP00000217426	9606.ENSP00000223321	0	0	0	0	0.267	0	0	0.287	0.455
AHCY	PAPSS1	9606.ENSP00000217426	9606.ENSP00000265174	0.088	0	0	0	0.049	0.138	0	0.360	0.458
AHCY	RPLP1	9606.ENSP00000217426	9606.ENSP00000346037	0	0	0	0	0.257	0	0	0.308	0.464
AHCY	RPS20	9606.ENSP00000217426	9606.ENSP00000429374	0	0	0	0	0.417	0	0	0.117	0.464
AHCY	GAMT	9606.ENSP00000217426	9606.ENSP00000403536	0	0	0	0	0.152	0	0	0.396	0.466
AHCY	RPS16	9606.ENSP00000217426	9606.ENSP00000367806	0	0	0	0	0.433	0	0	0.098	0.466
AHCY	PSMA7	9606.ENSP00000217426	9606.ENSP00000359910	0	0	0	0	0.321	0	0	0.249	0.468
AHCY	GPT2	9606.ENSP00000217426	9606.ENSP00000345282	0	0	0	0	0.096	0.235	0	0.296	0.471
AHCY	EPRS1	9606.ENSP00000217426	9606.ENSP00000355890	0.045	0	0	0	0.241	0	0	0.332	0.473
AHCY	RPL10A	9606.ENSP00000217426	9606.ENSP00000363018	0	0	0	0	0.420	0	0	0.129	0.473
AHCY	RPL3	9606.ENSP00000217426	9606.ENSP00000346001	0	0	0	0	0.382	0	0	0.186	0.476
AHCY	SRM	9606.ENSP00000217426	9606.ENSP00000366156	0	0	0	0	0.180	0	0	0.392	0.480
AHCY	SMS	9606.ENSP00000217426	9606.ENSP00000385746	0	0	0	0	0.146	0	0	0.416	0.480
AHCY	RPL4	9606.ENSP00000217426	9606.ENSP00000311430	0	0	0	0	0.439	0	0	0.116	0.483
AHCY	CDO1	9606.ENSP00000217426	9606.ENSP00000250535	0	0	0	0	0.223	0	0	0.378	0.497
AHCY	RPS2	9606.ENSP00000217426	9606.ENSP00000341885	0	0	0	0	0.438	0.092	0	0.103	0.503
AHCY	RPS3	9606.ENSP00000217426	9606.ENSP00000278572	0	0	0	0	0.384	0.092	0	0.184	0.504
AHCY	GLDC	9606.ENSP00000217426	9606.ENSP00000370737	0.058	0	0	0	0.067	0	0	0.482	0.505
AHCY	ALDH18A1	9606.ENSP00000217426	9606.ENSP00000360268	0.057	0	0	0	0.125	0	0	0.451	0.507
AHCY	RPLP0	9606.ENSP00000217426	9606.ENSP00000449328	0	0	0	0	0.443	0	0	0.153	0.508
AHCY	PSAT1	9606.ENSP00000217426	9606.ENSP00000365773	0	0	0	0	0.204	0	0	0.407	0.508
AHCY	RPL12	9606.ENSP00000217426	9606.ENSP00000354739	0	0	0	0	0.507	0	0	0.064	0.519
AHCY	RPLP2	9606.ENSP00000217426	9606.ENSP00000431240	0	0	0	0	0.393	0	0	0.261	0.532
AHCY	MARS1	9606.ENSP00000217426	9606.ENSP00000262027	0.085	0	0	0	0.221	0	0	0.403	0.537
AHCY	MTAP	9606.ENSP00000217426	9606.ENSP00000494373	0.102	0	0	0	0.089	0	0	0.501	0.557
AHCY	RPSA	9606.ENSP00000217426	9606.ENSP00000389351	0	0	0	0	0.475	0	0	0.241	0.585
AHCY	MTRR	9606.ENSP00000217426	9606.ENSP00000402510	0	0	0	0	0.049	0	0	0.603	0.607
AHCY	SHMT1	9606.ENSP00000217426	9606.ENSP00000318868	0	0	0	0	0.253	0.084	0	0.676	0.759
AHCY	GNMT	9606.ENSP00000217426	9606.ENSP00000361894	0	0	0	0	0.109	0	0	0.752	0.769
AHCY	MAT1A	9606.ENSP00000217426	9606.ENSP00000361287	0.102	0	0	0	0.405	0.073	0	0.778	0.875
AHCY	KYAT3	9606.ENSP00000217426	9606.ENSP00000260508	0	0	0	0	0.090	0	0.900	0.237	0.924
AHCY	KYAT1	9606.ENSP00000217426	9606.ENSP00000399415	0	0	0	0	0.097	0	0.900	0.244	0.925
AHCY	BHMT2	9606.ENSP00000217426	9606.ENSP00000255192	0.091	0	0	0	0.068	0	0.937	0.660	0.979
AHCY	CTH	9606.ENSP00000217426	9606.ENSP00000359976	0.089	0	0	0	0.100	0.069	0.931	0.728	0.983
AHCY	CBS	9606.ENSP00000217426	9606.ENSP00000381231	0.090	0	0	0	0.134	0.071	0.942	0.758	0.987
AHCY	BHMT	9606.ENSP00000217426	9606.ENSP00000274353	0.091	0	0	0	0.068	0	0.937	0.816	0.988
AHCY	MTR	9606.ENSP00000217426	9606.ENSP00000355536	0.091	0	0	0	0.068	0	0.937	0.881	0.992
AIMP1	PSMA4	9606.ENSP00000378191	9606.ENSP00000044462	0	0	0	0	0.639	0	0	0.103	0.662
AIMP1	PSMA3	9606.ENSP00000378191	9606.ENSP00000216455	0	0	0	0	0.627	0	0	0	0.627
AIMP1	PSMD7	9606.ENSP00000378191	9606.ENSP00000219313	0	0	0	0	0.494	0.093	0	0.102	0.551
AIMP1	AIMP2	9606.ENSP00000378191	9606.ENSP00000223029	0	0	0	0	0.199	0.916	0.900	0.978	0.999
AIMP1	PSMA2	9606.ENSP00000378191	9606.ENSP00000223321	0	0	0	0	0.647	0	0	0.233	0.718
AIMP1	RARS1	9606.ENSP00000378191	9606.ENSP00000231572	0.093	0	0	0	0.286	0.991	0.900	0.863	0.999
AIMP1	FOLH1	9606.ENSP00000378191	9606.ENSP00000256999	0	0	0	0	0	0	0	0.588	0.588
AIMP1	PSMA6	9606.ENSP00000378191	9606.ENSP00000261479	0	0	0	0	0.632	0	0	0.101	0.655
AIMP1	PSMD11	9606.ENSP00000378191	9606.ENSP00000261712	0	0	0	0	0.510	0	0	0	0.510
AIMP1	MARS1	9606.ENSP00000378191	9606.ENSP00000262027	0	0.899	0	0	0.287	0.978	0.900	0.733	0.999
AIMP1	PSMB1	9606.ENSP00000378191	9606.ENSP00000262193	0	0	0	0	0.442	0	0	0.091	0.471
AIMP1	DARS1	9606.ENSP00000378191	9606.ENSP00000264161	0.057	0	0	0	0.363	0.881	0.900	0.386	0.994
AIMP1	RPS11	9606.ENSP00000378191	9606.ENSP00000270625	0.057	0	0	0	0.232	0.067	0	0.278	0.447
AIMP1	PSMA5	9606.ENSP00000378191	9606.ENSP00000271308	0	0	0	0	0.527	0	0	0	0.527
AIMP1	RPS3	9606.ENSP00000378191	9606.ENSP00000278572	0.060	0	0	0	0.373	0.129	0	0.280	0.581
AIMP1	PSMB4	9606.ENSP00000378191	9606.ENSP00000290541	0	0	0	0	0.407	0	0	0.113	0.452
AIMP1	RPS23	9606.ENSP00000378191	9606.ENSP00000296674	0.043	0	0	0	0.293	0	0	0.204	0.414
AIMP1	QARS1	9606.ENSP00000378191	9606.ENSP00000307567	0.060	0.372	0	0	0.211	0.989	0.900	0.895	0.999
AIMP1	RPL13	9606.ENSP00000378191	9606.ENSP00000307889	0	0	0	0	0.371	0.187	0	0	0.467
AIMP1	PSMD1	9606.ENSP00000378191	9606.ENSP00000309474	0	0	0	0	0.527	0	0	0.117	0.564
AIMP1	PSMD2	9606.ENSP00000378191	9606.ENSP00000310129	0	0	0	0	0.432	0	0	0.075	0.452
AIMP1	KARS1	9606.ENSP00000378191	9606.ENSP00000325448	0.045	0	0	0	0.343	0.886	0.900	0.724	0.997
AIMP1	RPL7	9606.ENSP00000378191	9606.ENSP00000339795	0	0	0	0	0.304	0.098	0	0.163	0.428
AIMP1	RPS2	9606.ENSP00000378191	9606.ENSP00000341885	0.042	0	0	0	0.383	0.129	0	0.135	0.495
AIMP1	RPL27A	9606.ENSP00000378191	9606.ENSP00000346015	0	0	0	0	0.347	0.137	0	0.179	0.497
AIMP1	PSMD12	9606.ENSP00000378191	9606.ENSP00000348442	0	0	0	0	0.435	0	0	0.100	0.470
AIMP1	RPL39	9606.ENSP00000378191	9606.ENSP00000355315	0.060	0	0	0	0.160	0.313	0	0.161	0.484
AIMP1	EPRS1	9606.ENSP00000378191	9606.ENSP00000355890	0.256	0.681	0	0	0.622	0.976	0.900	0.813	0.999
AIMP1	PSMD4	9606.ENSP00000378191	9606.ENSP00000357876	0	0	0	0	0.442	0.069	0	0	0.458
AIMP1	SARS1	9606.ENSP00000378191	9606.ENSP00000358939	0.060	0	0	0	0.218	0	0	0.465	0.572
AIMP1	RPL5	9606.ENSP00000378191	9606.ENSP00000359345	0.046	0	0	0	0.392	0.094	0	0.165	0.502
AIMP1	PSMA7	9606.ENSP00000378191	9606.ENSP00000359910	0	0	0	0	0.538	0.292	0	0.539	0.836
AIMP1	RPL7A	9606.ENSP00000378191	9606.ENSP00000361076	0	0	0	0	0.341	0.211	0	0.069	0.474
AIMP1	PSMB2	9606.ENSP00000378191	9606.ENSP00000362334	0	0	0	0	0.542	0	0	0	0.542
AIMP1	IARS1	9606.ENSP00000378191	9606.ENSP00000364794	0.090	0	0	0	0.209	0.886	0.900	0.664	0.996
AIMP1	RPS16	9606.ENSP00000378191	9606.ENSP00000367806	0.045	0	0	0	0.405	0.094	0	0.066	0.454
AIMP1	EEF1E1	9606.ENSP00000378191	9606.ENSP00000369038	0	0	0	0	0.180	0.875	0.900	0.972	0.999
AIMP1	RPS9	9606.ENSP00000378191	9606.ENSP00000375632	0	0	0	0	0.364	0.094	0	0.207	0.503
AIMP1	RPL13A	9606.ENSP00000378191	9606.ENSP00000375730	0.058	0	0	0	0.200	0.091	0	0.261	0.427
AIMP1	LARS1	9606.ENSP00000378191	9606.ENSP00000377954	0.092	0	0	0	0.405	0.874	0.900	0.665	0.997
AIMP1	RPS13	9606.ENSP00000378191	9606.ENSP00000435777	0.052	0	0	0	0.266	0.095	0	0.175	0.411
AIMP1	RPL27	9606.ENSP00000378191	9606.ENSP00000464813	0	0	0	0	0.365	0.071	0	0.082	0.412
AIMP1	RPS15	9606.ENSP00000378191	9606.ENSP00000466010	0.060	0	0	0	0.237	0.095	0	0.206	0.415
AIMP1	RPS8	9606.ENSP00000378191	9606.ENSP00000379888	0	0	0	0	0.331	0.094	0	0.132	0.428
AIMP1	PSMB3	9606.ENSP00000378191	9606.ENSP00000483688	0	0	0	0	0.430	0	0	0	0.430
AIMP1	RPL17	9606.ENSP00000378191	9606.ENSP00000463842	0.055	0	0	0	0.270	0.131	0	0.166	0.433
AIMP1	RPL9	9606.ENSP00000378191	9606.ENSP00000494697	0.042	0	0	0	0.302	0.091	0	0.201	0.449
AIMP1	RPLP0	9606.ENSP00000378191	9606.ENSP00000449328	0	0	0	0	0.281	0.143	0	0.203	0.466
AIMP1	RPS20	9606.ENSP00000378191	9606.ENSP00000429374	0.041	0	0	0	0.406	0.095	0	0.086	0.466
AIMP1	RPL11	9606.ENSP00000378191	9606.ENSP00000496250	0.057	0	0	0	0.296	0	0	0.267	0.471
AIMP1	RPL39L	9606.ENSP00000378191	9606.ENSP00000389356	0.060	0	0	0	0.147	0.313	0	0.161	0.476
AIMP1	RPS5	9606.ENSP00000378191	9606.ENSP00000472985	0.042	0	0	0	0.355	0.089	0	0.180	0.477
AIMP1	PSMD14	9606.ENSP00000378191	9606.ENSP00000386541	0	0	0	0	0.463	0.093	0	0.065	0.505
AIMP1	RPS18	9606.ENSP00000378191	9606.ENSP00000393241	0.054	0	0	0	0.352	0.126	0	0.268	0.556
AIMP1	RPSA	9606.ENSP00000378191	9606.ENSP00000389351	0	0	0	0	0.456	0.157	0	0.257	0.630
AIMP1	PSMA1	9606.ENSP00000378191	9606.ENSP00000414359	0	0	0	0	0.629	0	0	0.111	0.656
AIMP1	CPS1	9606.ENSP00000378191	9606.ENSP00000402608	0	0	0	0	0.067	0	0	0.753	0.760
AIMP2	PSMC4	9606.ENSP00000223029	9606.ENSP00000157812	0	0	0	0	0.475	0.070	0	0.066	0.505
AIMP2	SARS1	9606.ENSP00000223029	9606.ENSP00000358939	0	0	0	0	0.141	0	0	0.350	0.418
AIMP2	PSMC1	9606.ENSP00000223029	9606.ENSP00000261303	0	0	0	0	0.420	0	0	0	0.420
AIMP2	PSMB3	9606.ENSP00000223029	9606.ENSP00000483688	0	0	0	0	0.230	0.292	0	0	0.432
AIMP2	PSMC5	9606.ENSP00000223029	9606.ENSP00000310572	0	0	0	0	0.446	0	0	0	0.446
AIMP2	PSMD11	9606.ENSP00000223029	9606.ENSP00000261712	0	0	0	0	0.260	0.292	0	0	0.453
AIMP2	PSMC2	9606.ENSP00000223029	9606.ENSP00000391211	0	0	0	0	0.443	0	0	0.073	0.462
AIMP2	PSMD1	9606.ENSP00000223029	9606.ENSP00000309474	0	0	0	0	0.261	0.292	0	0.064	0.467
AIMP2	PSMC3	9606.ENSP00000223029	9606.ENSP00000481029	0	0	0	0	0.489	0.070	0	0.046	0.507
AIMP2	PSMD2	9606.ENSP00000223029	9606.ENSP00000310129	0	0	0	0	0.314	0.292	0	0.089	0.518
AIMP2	PSMA7	9606.ENSP00000223029	9606.ENSP00000359910	0	0	0	0	0.214	0	0	0.424	0.528
AIMP2	PSMC6	9606.ENSP00000223029	9606.ENSP00000484998	0	0	0	0	0.454	0.171	0	0.046	0.531
AIMP2	RPSA	9606.ENSP00000223029	9606.ENSP00000389351	0	0	0	0	0.220	0.292	0	0.223	0.533
AIMP2	IARS1	9606.ENSP00000223029	9606.ENSP00000364794	0	0	0	0	0.183	0.854	0.900	0.597	0.994
AIMP2	LARS1	9606.ENSP00000223029	9606.ENSP00000377954	0	0	0	0	0.083	0.839	0.900	0.757	0.995
AIMP2	RARS1	9606.ENSP00000223029	9606.ENSP00000231572	0	0	0	0	0.328	0.911	0.900	0.729	0.998
AIMP2	KARS1	9606.ENSP00000223029	9606.ENSP00000325448	0	0	0	0	0.284	0.994	0.900	0.933	0.999
AIMP2	MARS1	9606.ENSP00000223029	9606.ENSP00000262027	0	0	0	0	0.161	0.967	0.900	0.891	0.999
AIMP2	DARS1	9606.ENSP00000223029	9606.ENSP00000264161	0	0	0	0	0.147	0.987	0.900	0.584	0.999
AIMP2	QARS1	9606.ENSP00000223029	9606.ENSP00000307567	0	0	0	0	0.141	0.911	0.900	0.892	0.999
AIMP2	EEF1E1	9606.ENSP00000223029	9606.ENSP00000369038	0	0	0	0	0.240	0.980	0.900	0.993	0.999
AIMP2	EPRS1	9606.ENSP00000223029	9606.ENSP00000355890	0	0	0	0	0.151	0.985	0.900	0.934	0.999
ALDH18A1	OTC	9606.ENSP00000360268	9606.ENSP00000039007	0	0	0	0	0	0	0	0.574	0.574
ALDH18A1	MRI1	9606.ENSP00000360268	9606.ENSP00000040663	0.272	0	0	0	0.121	0	0	0.353	0.549
ALDH18A1	HSD17B10	9606.ENSP00000360268	9606.ENSP00000168216	0	0	0	0	0.074	0	0	0.388	0.409
ALDH18A1	DLD	9606.ENSP00000360268	9606.ENSP00000205402	0.085	0	0	0	0.078	0	0	0.423	0.471
ALDH18A1	PYCR3	9606.ENSP00000360268	9606.ENSP00000220966	0.272	0	0.218	0	0.401	0.095	0	0.775	0.918
ALDH18A1	GSR	9606.ENSP00000360268	9606.ENSP00000221130	0.085	0	0	0	0.058	0	0	0.485	0.518
ALDH18A1	ODC1	9606.ENSP00000360268	9606.ENSP00000234111	0.071	0	0	0	0.067	0	0	0.593	0.616
ALDH18A1	GOT2	9606.ENSP00000360268	9606.ENSP00000245206	0	0	0	0	0.097	0	0	0.471	0.502
ALDH18A1	BHMT2	9606.ENSP00000360268	9606.ENSP00000255192	0	0	0	0	0.120	0	0	0.409	0.458
ALDH18A1	KYAT3	9606.ENSP00000360268	9606.ENSP00000260508	0.247	0	0	0	0.081	0	0	0.384	0.537
ALDH18A1	ARG2	9606.ENSP00000360268	9606.ENSP00000261783	0	0	0	0	0.042	0	0	0.688	0.689
ALDH18A1	MARS1	9606.ENSP00000360268	9606.ENSP00000262027	0.057	0	0	0	0.143	0	0	0.353	0.432
ALDH18A1	PAPSS1	9606.ENSP00000360268	9606.ENSP00000265174	0	0	0	0	0.112	0	0	0.430	0.472
ALDH18A1	HIBADH	9606.ENSP00000360268	9606.ENSP00000265395	0	0	0	0	0.067	0	0	0.396	0.412
ALDH18A1	MCCC1	9606.ENSP00000360268	9606.ENSP00000265594	0	0	0	0	0.062	0	0.589	0.361	0.732
ALDH18A1	BHMT	9606.ENSP00000360268	9606.ENSP00000274353	0	0	0	0	0.120	0	0	0.365	0.417
ALDH18A1	GLUD1	9606.ENSP00000360268	9606.ENSP00000277865	0.053	0	0	0	0.074	0	0.963	0.506	0.982
ALDH18A1	DLAT	9606.ENSP00000360268	9606.ENSP00000280346	0.045	0	0	0	0.096	0	0	0.428	0.463
ALDH18A1	HPD	9606.ENSP00000360268	9606.ENSP00000289004	0	0	0	0	0	0	0	0.406	0.406
ALDH18A1	ETHE1	9606.ENSP00000360268	9606.ENSP00000292147	0.268	0	0	0	0.044	0	0	0.227	0.411
ALDH18A1	NAGS	9606.ENSP00000360268	9606.ENSP00000293404	0.354	0	0	0	0	0.065	0.155	0.574	0.753
ALDH18A1	ASL	9606.ENSP00000360268	9606.ENSP00000307188	0.322	0	0	0	0.049	0	0	0.597	0.718
ALDH18A1	PDHB	9606.ENSP00000360268	9606.ENSP00000307241	0	0	0	0	0.062	0	0	0.392	0.406
ALDH18A1	QARS1	9606.ENSP00000360268	9606.ENSP00000307567	0.264	0	0	0	0.084	0	0	0.302	0.488
ALDH18A1	GLUL	9606.ENSP00000360268	9606.ENSP00000307900	0.120	0	0	0	0	0	0.800	0.620	0.927
ALDH18A1	LIPT2	9606.ENSP00000360268	9606.ENSP00000309463	0.120	0	0	0	0	0	0	0.353	0.406
ALDH18A1	GLS2	9606.ENSP00000360268	9606.ENSP00000310447	0.071	0	0	0	0	0	0.962	0.259	0.972
ALDH18A1	GLS	9606.ENSP00000360268	9606.ENSP00000317379	0.071	0	0	0	0.050	0	0.962	0.283	0.973
ALDH18A1	SHMT1	9606.ENSP00000360268	9606.ENSP00000318868	0.264	0	0	0	0.073	0	0	0.511	0.637
ALDH18A1	GCSH	9606.ENSP00000360268	9606.ENSP00000319531	0	0	0	0	0.074	0	0	0.400	0.421
ALDH18A1	BCAT2	9606.ENSP00000360268	9606.ENSP00000322991	0.156	0	0	0	0.480	0.073	0	0.440	0.741
ALDH18A1	KARS1	9606.ENSP00000360268	9606.ENSP00000325448	0	0	0	0	0.117	0	0	0.353	0.404
ALDH18A1	CNDP2	9606.ENSP00000360268	9606.ENSP00000325548	0.271	0	0	0	0.049	0	0	0.362	0.519
ALDH18A1	GLUD2	9606.ENSP00000360268	9606.ENSP00000327589	0.053	0	0	0	0.049	0	0.963	0.438	0.978
ALDH18A1	PYCR2	9606.ENSP00000360268	9606.ENSP00000342502	0.272	0	0	0	0.462	0.095	0	0.776	0.910
ALDH18A1	MCCC2	9606.ENSP00000360268	9606.ENSP00000343657	0	0	0	0	0.060	0	0.187	0.372	0.478
ALDH18A1	GPT2	9606.ENSP00000360268	9606.ENSP00000345282	0.247	0	0	0	0.088	0	0	0.530	0.649
ALDH18A1	OCA2	9606.ENSP00000360268	9606.ENSP00000346659	0.218	0	0	0	0	0	0	0.407	0.517
ALDH18A1	ALDH9A1	9606.ENSP00000360268	9606.ENSP00000346827	0.055	0	0	0	0.067	0	0.287	0.616	0.727
ALDH18A1	TAT	9606.ENSP00000360268	9606.ENSP00000348234	0.247	0	0	0	0.074	0	0	0.442	0.577
ALDH18A1	ARG1	9606.ENSP00000360268	9606.ENSP00000349446	0	0	0	0	0	0	0	0.507	0.507
ALDH18A1	PRODH	9606.ENSP00000360268	9606.ENSP00000349577	0.070	0	0	0	0	0.071	0	0.861	0.869
ALDH18A1	RPL39	9606.ENSP00000360268	9606.ENSP00000355315	0.264	0	0	0	0.061	0	0	0.302	0.475
ALDH18A1	MTR	9606.ENSP00000360268	9606.ENSP00000355536	0	0	0	0	0.127	0	0	0.443	0.493
ALDH18A1	EPRS1	9606.ENSP00000360268	9606.ENSP00000355890	0.357	0	0	0	0.187	0.173	0	0.435	0.723
ALDH18A1	OAT	9606.ENSP00000360268	9606.ENSP00000357838	0.355	0	0	0	0.061	0.291	0.983	0.811	0.998
ALDH18A1	DBT	9606.ENSP00000360268	9606.ENSP00000359151	0.045	0	0	0	0.064	0	0	0.404	0.421
ALDH18A1	GOT1	9606.ENSP00000360268	9606.ENSP00000359539	0	0	0	0	0.072	0	0	0.387	0.407
ALDH18A1	CTH	9606.ENSP00000360268	9606.ENSP00000359976	0.114	0	0	0	0.066	0	0	0.417	0.476
ALDH18A1	LARS1	9606.ENSP00000360268	9606.ENSP00000377954	0.308	0	0	0	0.159	0	0	0.061	0.406
ALDH18A1	GLDC	9606.ENSP00000360268	9606.ENSP00000370737	0	0	0	0	0.048	0	0	0.413	0.417
ALDH18A1	TXNRD1	9606.ENSP00000360268	9606.ENSP00000434516	0.085	0	0	0	0.079	0	0	0.371	0.424
ALDH18A1	PAPSS2	9606.ENSP00000360268	9606.ENSP00000406157	0	0	0	0	0.110	0	0	0.385	0.430
ALDH18A1	APIP	9606.ENSP00000360268	9606.ENSP00000379133	0.278	0	0	0	0.044	0	0	0.267	0.449
ALDH18A1	SLC3A2	9606.ENSP00000360268	9606.ENSP00000367123	0.061	0	0	0	0.060	0	0	0.434	0.458
ALDH18A1	OGDH	9606.ENSP00000360268	9606.ENSP00000388183	0.041	0	0	0	0.049	0	0	0.461	0.466
ALDH18A1	RPL39L	9606.ENSP00000360268	9606.ENSP00000389356	0.264	0	0	0	0.045	0	0	0.302	0.466
ALDH18A1	GCLC	9606.ENSP00000360268	9606.ENSP00000497574	0	0	0	0	0	0.126	0	0.417	0.469
ALDH18A1	CBS	9606.ENSP00000360268	9606.ENSP00000381231	0.054	0	0	0	0.045	0	0	0.477	0.487
ALDH18A1	GATM	9606.ENSP00000360268	9606.ENSP00000379895	0.102	0	0	0	0	0.091	0	0.487	0.545
ALDH18A1	SMS	9606.ENSP00000360268	9606.ENSP00000385746	0	0	0	0	0.084	0	0	0.523	0.545
ALDH18A1	MAT1A	9606.ENSP00000360268	9606.ENSP00000361287	0.237	0	0	0	0.075	0	0	0.410	0.547
ALDH18A1	PDHA1	9606.ENSP00000360268	9606.ENSP00000369134	0.142	0	0	0	0.081	0.161	0	0.401	0.551
ALDH18A1	KYAT1	9606.ENSP00000360268	9606.ENSP00000399415	0.247	0	0	0	0.074	0	0	0.408	0.552
ALDH18A1	PSPH	9606.ENSP00000360268	9606.ENSP00000378854	0.111	0	0	0	0.118	0	0	0.536	0.605
ALDH18A1	SRM	9606.ENSP00000360268	9606.ENSP00000366156	0	0	0	0	0.129	0	0	0.575	0.614
ALDH18A1	IARS1	9606.ENSP00000360268	9606.ENSP00000364794	0.143	0	0	0	0.365	0	0	0.350	0.615
ALDH18A1	ALDH6A1	9606.ENSP00000360268	9606.ENSP00000450436	0	0	0	0	0.049	0	0	0.626	0.630
ALDH18A1	GPT	9606.ENSP00000360268	9606.ENSP00000378408	0.247	0	0	0	0.074	0	0	0.596	0.694
ALDH18A1	BCAT1	9606.ENSP00000360268	9606.ENSP00000443459	0.156	0	0	0	0.457	0.073	0	0.438	0.729
ALDH18A1	ALDH7A1	9606.ENSP00000360268	9606.ENSP00000387123	0.055	0	0	0	0.134	0	0.287	0.593	0.731
ALDH18A1	CPS1	9606.ENSP00000360268	9606.ENSP00000402608	0.102	0	0	0	0.071	0	0.585	0.397	0.763
ALDH18A1	PHGDH	9606.ENSP00000360268	9606.ENSP00000493382	0.283	0	0	0	0.215	0	0	0.635	0.776
ALDH18A1	ASS1	9606.ENSP00000360268	9606.ENSP00000361471	0.356	0	0	0	0.154	0	0	0.703	0.824
ALDH18A1	PSAT1	9606.ENSP00000360268	9606.ENSP00000365773	0.356	0	0	0	0.321	0	0	0.668	0.842
ALDH18A1	ASNS	9606.ENSP00000360268	9606.ENSP00000377845	0.055	0	0	0	0.308	0	0.673	0.657	0.917
ALDH18A1	PYCR1	9606.ENSP00000360268	9606.ENSP00000384949	0.272	0	0	0	0.454	0.095	0	0.956	0.982
ALDH18A1	ALDH4A1	9606.ENSP00000360268	9606.ENSP00000364490	0.055	0	0	0	0.060	0	0.925	0.899	0.992
ALDH4A1	OTC	9606.ENSP00000364490	9606.ENSP00000039007	0.046	0	0	0	0.187	0	0	0.406	0.499
ALDH4A1	DLD	9606.ENSP00000364490	9606.ENSP00000205402	0	0	0	0	0.108	0	0.826	0.331	0.887
ALDH4A1	PYCR3	9606.ENSP00000364490	9606.ENSP00000220966	0	0	0	0	0.116	0	0.900	0.674	0.968
ALDH4A1	ODC1	9606.ENSP00000364490	9606.ENSP00000234111	0	0	0	0	0	0	0	0.417	0.417
ALDH4A1	GOT2	9606.ENSP00000364490	9606.ENSP00000245206	0	0	0	0	0.068	0.118	0.912	0.450	0.955
ALDH4A1	KYAT3	9606.ENSP00000364490	9606.ENSP00000260508	0	0	0	0	0.111	0.071	0	0.482	0.535
ALDH4A1	ARG2	9606.ENSP00000364490	9606.ENSP00000261783	0.055	0	0	0	0.125	0	0.147	0.657	0.726
ALDH4A1	ASPA	9606.ENSP00000364490	9606.ENSP00000263080	0	0	0	0	0.047	0	0.800	0	0.801
ALDH4A1	AMT	9606.ENSP00000364490	9606.ENSP00000273588	0	0	0	0	0.143	0	0.800	0.304	0.870
ALDH4A1	GLUD1	9606.ENSP00000364490	9606.ENSP00000277865	0.050	0	0	0	0.123	0.078	0.912	0.528	0.962
ALDH4A1	DLAT	9606.ENSP00000364490	9606.ENSP00000280346	0.042	0	0	0	0.112	0.045	0.217	0.246	0.433
ALDH4A1	NAGS	9606.ENSP00000364490	9606.ENSP00000293404	0	0	0	0	0.062	0	0	0.473	0.484
ALDH4A1	ASL	9606.ENSP00000364490	9606.ENSP00000307188	0	0	0	0	0.073	0	0	0.454	0.473
ALDH4A1	GLUL	9606.ENSP00000364490	9606.ENSP00000307900	0.057	0	0	0	0.081	0	0.900	0.515	0.952
ALDH4A1	GLS2	9606.ENSP00000364490	9606.ENSP00000310447	0.041	0	0	0	0.060	0	0.900	0.542	0.953
ALDH4A1	GLS	9606.ENSP00000364490	9606.ENSP00000317379	0.041	0	0	0	0.042	0	0.900	0.304	0.927
ALDH4A1	PIPOX	9606.ENSP00000364490	9606.ENSP00000317721	0.055	0	0	0	0.125	0	0.217	0.198	0.412
ALDH4A1	SHMT1	9606.ENSP00000364490	9606.ENSP00000318868	0.042	0	0	0	0.087	0	0.248	0.327	0.498
ALDH4A1	GCSH	9606.ENSP00000364490	9606.ENSP00000319531	0	0	0	0	0.054	0	0.800	0.292	0.854
ALDH4A1	BCAT2	9606.ENSP00000364490	9606.ENSP00000322991	0.042	0	0	0	0.072	0.053	0.248	0.272	0.455
ALDH4A1	CNDP2	9606.ENSP00000364490	9606.ENSP00000325548	0.045	0	0	0	0.056	0	0.800	0.113	0.818
ALDH4A1	GLUD2	9606.ENSP00000364490	9606.ENSP00000327589	0.050	0	0	0	0.123	0.078	0.912	0.379	0.950
ALDH4A1	PYCR2	9606.ENSP00000364490	9606.ENSP00000342502	0	0	0	0	0.100	0	0.900	0.684	0.969
ALDH4A1	GPT2	9606.ENSP00000364490	9606.ENSP00000345282	0	0	0	0	0.149	0.071	0	0.347	0.439
ALDH4A1	ALDH9A1	9606.ENSP00000364490	9606.ENSP00000346827	0	0	0	0.666	0.062	0	0.800	0.230	0.843
ALDH4A1	ARG1	9606.ENSP00000364490	9606.ENSP00000349446	0.055	0	0	0	0.125	0.143	0.147	0.459	0.613
ALDH4A1	PRODH	9606.ENSP00000364490	9606.ENSP00000349577	0.057	0	0	0	0.319	0.075	0.940	0.981	0.999
ALDH4A1	EPRS1	9606.ENSP00000364490	9606.ENSP00000355890	0.095	0	0	0	0.067	0	0.800	0.316	0.869
ALDH4A1	OAT	9606.ENSP00000364490	9606.ENSP00000357838	0.061	0	0	0	0.128	0	0.925	0.777	0.984
ALDH4A1	DBT	9606.ENSP00000364490	9606.ENSP00000359151	0.042	0.452	0	0	0.106	0.045	0.217	0.242	0.672
ALDH4A1	GCLM	9606.ENSP00000364490	9606.ENSP00000359258	0	0	0	0	0.087	0.045	0.820	0.135	0.846
ALDH4A1	GOT1	9606.ENSP00000364490	9606.ENSP00000359539	0	0	0	0	0.075	0.244	0.912	0.394	0.958
ALDH4A1	ASS1	9606.ENSP00000364490	9606.ENSP00000361471	0	0	0	0	0.084	0	0	0.491	0.514
ALDH4A1	PSAT1	9606.ENSP00000364490	9606.ENSP00000365773	0.042	0	0	0	0.073	0	0.116	0.338	0.411
ALDH4A1	BCAT1	9606.ENSP00000364490	9606.ENSP00000443459	0.042	0	0	0	0.055	0.053	0.248	0.241	0.422
ALDH4A1	GPT	9606.ENSP00000364490	9606.ENSP00000378408	0	0	0	0	0.150	0.071	0	0.328	0.424
ALDH4A1	GCDH	9606.ENSP00000364490	9606.ENSP00000466845	0.042	0	0	0	0.168	0	0.182	0.246	0.443
ALDH4A1	PHGDH	9606.ENSP00000364490	9606.ENSP00000493382	0.048	0	0	0	0.094	0.104	0.218	0.232	0.452
ALDH4A1	SUOX	9606.ENSP00000364490	9606.ENSP00000377668	0	0	0	0	0.171	0	0	0.383	0.467
ALDH4A1	OGDH	9606.ENSP00000364490	9606.ENSP00000388183	0	0	0	0	0.150	0	0.218	0.280	0.480
ALDH4A1	SMS	9606.ENSP00000364490	9606.ENSP00000385746	0	0	0	0	0.129	0.091	0	0.429	0.509
ALDH4A1	SRM	9606.ENSP00000364490	9606.ENSP00000366156	0	0	0	0	0.165	0.091	0	0.405	0.509
ALDH4A1	FAH	9606.ENSP00000364490	9606.ENSP00000385080	0.046	0	0	0	0.228	0	0.217	0.272	0.524
ALDH4A1	ALDH6A1	9606.ENSP00000364490	9606.ENSP00000450436	0	0	0	0.582	0.110	0.270	0	0.348	0.540
ALDH4A1	AUH	9606.ENSP00000364490	9606.ENSP00000364883	0	0	0	0	0.076	0.098	0.184	0.418	0.551
ALDH4A1	IVD	9606.ENSP00000364490	9606.ENSP00000499074	0.042	0	0	0	0.159	0	0.182	0.571	0.680
ALDH4A1	CARNS1	9606.ENSP00000364490	9606.ENSP00000389009	0.042	0	0	0	0	0	0.800	0.084	0.809
ALDH4A1	GCLC	9606.ENSP00000364490	9606.ENSP00000497574	0	0	0	0	0.049	0	0.800	0.166	0.827
ALDH4A1	FTCD	9606.ENSP00000364490	9606.ENSP00000380856	0	0	0	0	0.133	0	0.800	0.255	0.859
ALDH4A1	GLDC	9606.ENSP00000364490	9606.ENSP00000370737	0	0	0	0	0.074	0	0.800	0.316	0.862
ALDH4A1	ALDH7A1	9606.ENSP00000364490	9606.ENSP00000387123	0	0	0	0.610	0.088	0	0.800	0.337	0.868
ALDH4A1	GATM	9606.ENSP00000364490	9606.ENSP00000379895	0	0	0	0	0.093	0.053	0.811	0.298	0.871
ALDH4A1	PYCR1	9606.ENSP00000364490	9606.ENSP00000384949	0	0	0	0	0.119	0.166	0.900	0.768	0.980
ALDH6A1	HSD17B10	9606.ENSP00000450436	9606.ENSP00000168216	0	0	0	0	0.190	0	0	0.389	0.484
ALDH6A1	DLD	9606.ENSP00000450436	9606.ENSP00000205402	0	0	0	0	0.265	0	0	0.234	0.413
ALDH6A1	DHTKD1	9606.ENSP00000450436	9606.ENSP00000263035	0	0	0	0	0.460	0	0	0.203	0.552
ALDH6A1	HIBADH	9606.ENSP00000450436	9606.ENSP00000265395	0	0	0	0	0.700	0.223	0.959	0.682	0.996
ALDH6A1	MCCC1	9606.ENSP00000450436	9606.ENSP00000265594	0	0	0	0	0.218	0	0.154	0.369	0.547
ALDH6A1	BCKDHA	9606.ENSP00000450436	9606.ENSP00000269980	0	0	0	0	0.126	0	0	0.451	0.500
ALDH6A1	DLAT	9606.ENSP00000450436	9606.ENSP00000280346	0	0	0	0	0.115	0	0.800	0.249	0.855
ALDH6A1	HGD	9606.ENSP00000450436	9606.ENSP00000283871	0	0	0	0	0.134	0	0	0.426	0.481
ALDH6A1	BCKDHB	9606.ENSP00000450436	9606.ENSP00000318351	0	0	0	0	0.214	0	0	0.545	0.627
ALDH6A1	SHMT1	9606.ENSP00000450436	9606.ENSP00000318868	0	0	0	0	0.127	0	0	0.384	0.439
ALDH6A1	BCAT2	9606.ENSP00000450436	9606.ENSP00000322991	0	0	0	0	0.063	0	0	0.501	0.512
ALDH6A1	MCCC2	9606.ENSP00000450436	9606.ENSP00000343657	0	0	0	0	0.218	0.097	0.154	0.376	0.577
ALDH6A1	ALDH9A1	9606.ENSP00000450436	9606.ENSP00000346827	0	0	0.117	0.758	0.110	0.114	0.900	0.241	0.937
ALDH6A1	HIBCH	9606.ENSP00000450436	9606.ENSP00000352706	0	0	0	0	0.289	0.267	0	0.667	0.811
ALDH6A1	DBT	9606.ENSP00000450436	9606.ENSP00000359151	0	0	0	0	0.263	0	0.900	0.458	0.956
ALDH6A1	AUH	9606.ENSP00000450436	9606.ENSP00000364883	0	0	0	0	0.162	0.104	0	0.346	0.466
ALDH6A1	ALDH7A1	9606.ENSP00000450436	9606.ENSP00000387123	0	0	0	0.661	0.133	0.114	0.900	0.252	0.934
ALDH6A1	BCAT1	9606.ENSP00000450436	9606.ENSP00000443459	0	0	0	0	0.042	0	0	0.400	0.400
ALDH6A1	GCDH	9606.ENSP00000450436	9606.ENSP00000466845	0	0	0	0	0.176	0.087	0	0.376	0.490
ALDH6A1	IVD	9606.ENSP00000450436	9606.ENSP00000499074	0	0	0	0	0.289	0.087	0	0.517	0.659
ALDH7A1	HAL	9606.ENSP00000387123	9606.ENSP00000261208	0.057	0	0	0	0.118	0	0	0.385	0.443
ALDH7A1	DHTKD1	9606.ENSP00000387123	9606.ENSP00000263035	0	0	0	0	0.157	0	0.218	0.183	0.414
ALDH7A1	BBOX1	9606.ENSP00000387123	9606.ENSP00000263182	0	0	0	0	0.110	0.057	0.907	0.114	0.921
ALDH7A1	HIBADH	9606.ENSP00000387123	9606.ENSP00000265395	0	0	0	0	0.098	0.071	0.908	0.166	0.927
ALDH7A1	BHMT	9606.ENSP00000387123	9606.ENSP00000274353	0	0	0	0	0.110	0.092	0.900	0.434	0.948
ALDH7A1	GLUD1	9606.ENSP00000387123	9606.ENSP00000277865	0.050	0	0	0	0.127	0.078	0.815	0.240	0.873
ALDH7A1	QDPR	9606.ENSP00000387123	9606.ENSP00000281243	0.042	0	0	0	0.134	0.069	0.173	0.298	0.469
ALDH7A1	GADL1	9606.ENSP00000387123	9606.ENSP00000282538	0	0	0	0	0.087	0.047	0.914	0.163	0.929
ALDH7A1	GLUL	9606.ENSP00000387123	9606.ENSP00000307900	0.057	0	0	0	0.068	0	0.800	0.217	0.844
ALDH7A1	GLS2	9606.ENSP00000387123	9606.ENSP00000310447	0.041	0	0	0	0	0	0.800	0.102	0.812
ALDH7A1	GLS	9606.ENSP00000387123	9606.ENSP00000317379	0.041	0	0	0	0.042	0	0.800	0.102	0.812
ALDH7A1	PIPOX	9606.ENSP00000387123	9606.ENSP00000317721	0.055	0	0	0	0.113	0	0.217	0.296	0.476
ALDH7A1	SHMT1	9606.ENSP00000387123	9606.ENSP00000318868	0.042	0	0	0	0.097	0	0.248	0.373	0.537
ALDH7A1	CNDP2	9606.ENSP00000387123	9606.ENSP00000325548	0.045	0	0	0	0.049	0	0.900	0.113	0.908
ALDH7A1	GLUD2	9606.ENSP00000387123	9606.ENSP00000327589	0.050	0	0	0	0.116	0.078	0.815	0.179	0.861
ALDH7A1	ARG1	9606.ENSP00000387123	9606.ENSP00000349446	0.055	0	0	0	0.125	0	0.147	0.262	0.409
ALDH7A1	PRODH	9606.ENSP00000387123	9606.ENSP00000349577	0.057	0	0	0	0.142	0.054	0.183	0.263	0.455
ALDH7A1	HIBCH	9606.ENSP00000387123	9606.ENSP00000352706	0	0	0	0	0.185	0.215	0.184	0.123	0.482
ALDH7A1	MTR	9606.ENSP00000387123	9606.ENSP00000355536	0	0	0	0	0.115	0.092	0	0.338	0.422
ALDH7A1	OAT	9606.ENSP00000387123	9606.ENSP00000357838	0.061	0	0	0	0.308	0	0.287	0.291	0.627
ALDH7A1	DBT	9606.ENSP00000387123	9606.ENSP00000359151	0.042	0	0	0	0.119	0.045	0.836	0.131	0.865
ALDH7A1	GOT1	9606.ENSP00000387123	9606.ENSP00000359539	0	0	0	0	0.065	0.285	0.165	0.296	0.555
ALDH7A1	CTH	9606.ENSP00000387123	9606.ENSP00000359976	0.042	0	0	0	0.075	0.045	0.153	0.363	0.461
ALDH7A1	ASMT	9606.ENSP00000387123	9606.ENSP00000370639	0	0	0	0	0	0	0.900	0.090	0.905
ALDH7A1	SUOX	9606.ENSP00000387123	9606.ENSP00000377668	0	0	0	0	0.060	0	0	0.459	0.469
ALDH7A1	GATM	9606.ENSP00000387123	9606.ENSP00000379895	0	0	0	0	0.117	0.053	0.905	0.206	0.929
ALDH7A1	CBS	9606.ENSP00000387123	9606.ENSP00000381231	0.050	0	0	0	0.082	0.096	0	0.460	0.518
ALDH7A1	FAH	9606.ENSP00000387123	9606.ENSP00000385080	0.046	0	0	0	0.205	0	0.217	0.116	0.405
ALDH7A1	GCDH	9606.ENSP00000387123	9606.ENSP00000466845	0.042	0	0	0	0.134	0	0.182	0.258	0.429
ALDH7A1	PHGDH	9606.ENSP00000387123	9606.ENSP00000493382	0.048	0	0	0	0.118	0.110	0.218	0.288	0.508
ALDH7A1	CARNS1	9606.ENSP00000387123	9606.ENSP00000389009	0.042	0	0	0	0	0	0.900	0.084	0.904
ALDH9A1	DLD	9606.ENSP00000346827	9606.ENSP00000205402	0	0	0	0	0.191	0	0.169	0.290	0.481
ALDH9A1	PDHX	9606.ENSP00000346827	9606.ENSP00000227868	0.042	0	0	0	0.196	0.050	0.217	0.360	0.567
ALDH9A1	GOT2	9606.ENSP00000346827	9606.ENSP00000245206	0	0	0	0	0.123	0.168	0.165	0.230	0.468
ALDH9A1	BBOX1	9606.ENSP00000346827	9606.ENSP00000263182	0	0	0	0	0.100	0.057	0.913	0.456	0.954
ALDH9A1	HIBADH	9606.ENSP00000346827	9606.ENSP00000265395	0	0	0	0	0.236	0.092	0.909	0.160	0.939
ALDH9A1	GLUD1	9606.ENSP00000346827	9606.ENSP00000277865	0.050	0	0	0	0.218	0.091	0.815	0.154	0.875
ALDH9A1	DLAT	9606.ENSP00000346827	9606.ENSP00000280346	0.042	0	0	0	0.242	0.050	0.217	0.432	0.637
ALDH9A1	GADL1	9606.ENSP00000346827	9606.ENSP00000282538	0	0	0	0	0.087	0.047	0.914	0.102	0.923
ALDH9A1	PDHB	9606.ENSP00000346827	9606.ENSP00000307241	0.053	0	0	0	0.292	0.053	0	0.297	0.494
ALDH9A1	GLUL	9606.ENSP00000346827	9606.ENSP00000307900	0.057	0	0	0	0.068	0	0.800	0.207	0.842
ALDH9A1	GLS2	9606.ENSP00000346827	9606.ENSP00000310447	0.041	0	0	0	0	0	0.800	0.322	0.858
ALDH9A1	GLS	9606.ENSP00000346827	9606.ENSP00000317379	0.041	0	0	0	0.042	0	0.800	0.115	0.815
ALDH9A1	SHMT1	9606.ENSP00000346827	9606.ENSP00000318868	0.042	0	0	0	0.093	0	0.248	0.240	0.437
ALDH9A1	BCAT2	9606.ENSP00000346827	9606.ENSP00000322991	0.042	0	0	0	0.190	0.059	0.248	0.359	0.584
ALDH9A1	CNDP2	9606.ENSP00000346827	9606.ENSP00000325548	0.045	0	0	0	0.085	0	0.900	0.263	0.927
ALDH9A1	GLUD2	9606.ENSP00000346827	9606.ENSP00000327589	0.050	0	0	0	0.103	0.091	0.815	0.134	0.853
ALDH9A1	TMLHE	9606.ENSP00000346827	9606.ENSP00000335261	0	0	0	0	0.179	0.057	0.109	0.609	0.695
ALDH9A1	DLST	9606.ENSP00000346827	9606.ENSP00000335304	0.042	0	0	0	0.161	0.045	0.217	0.167	0.409
ALDH9A1	GOT1	9606.ENSP00000346827	9606.ENSP00000359539	0	0	0	0	0.075	0.118	0.165	0.228	0.404
ALDH9A1	SUOX	9606.ENSP00000346827	9606.ENSP00000377668	0	0	0	0	0.119	0	0	0.353	0.406
ALDH9A1	FAH	9606.ENSP00000346827	9606.ENSP00000385080	0.046	0	0	0	0.208	0	0.217	0.126	0.414
ALDH9A1	BCAT1	9606.ENSP00000346827	9606.ENSP00000443459	0.042	0	0	0	0.081	0.059	0.248	0.218	0.424
ALDH9A1	OGDH	9606.ENSP00000346827	9606.ENSP00000388183	0	0	0	0	0.163	0	0.218	0.208	0.437
ALDH9A1	IVD	9606.ENSP00000346827	9606.ENSP00000499074	0.042	0	0	0	0.139	0.162	0.182	0.184	0.455
ALDH9A1	PRODH	9606.ENSP00000346827	9606.ENSP00000349577	0.057	0	0	0	0.142	0.054	0.183	0.286	0.472
ALDH9A1	OAT	9606.ENSP00000346827	9606.ENSP00000357838	0.061	0	0	0	0.152	0	0.287	0.187	0.477
ALDH9A1	GCDH	9606.ENSP00000346827	9606.ENSP00000466845	0.042	0	0	0	0.145	0	0.182	0.323	0.486
ALDH9A1	PDHA1	9606.ENSP00000346827	9606.ENSP00000369134	0	0	0	0	0.154	0.173	0	0.343	0.500
ALDH9A1	DBT	9606.ENSP00000346827	9606.ENSP00000359151	0.042	0	0	0	0.183	0.045	0.836	0.167	0.879
ALDH9A1	CARNS1	9606.ENSP00000346827	9606.ENSP00000389009	0.042	0	0	0	0	0	0.900	0.175	0.914
ALDH9A1	ASMT	9606.ENSP00000346827	9606.ENSP00000370639	0	0	0	0	0.046	0	0.900	0.192	0.916
ALDH9A1	GATM	9606.ENSP00000346827	9606.ENSP00000379895	0	0	0	0	0.100	0.053	0.905	0.106	0.918
AMDHD1	HAL	9606.ENSP00000266736	9606.ENSP00000261208	0.120	0	0.535	0	0.163	0	0.738	0.708	0.969
AMDHD1	MTAP	9606.ENSP00000266736	9606.ENSP00000494373	0.111	0	0	0	0.058	0	0.585	0.345	0.742
AMDHD1	UROC1	9606.ENSP00000266736	9606.ENSP00000373073	0	0	0.534	0	0.118	0	0.172	0.693	0.881
AMDHD1	FTCD	9606.ENSP00000266736	9606.ENSP00000380856	0	0	0.253	0	0.129	0	0.913	0.644	0.977
AMT	DLD	9606.ENSP00000273588	9606.ENSP00000205402	0.061	0	0	0	0.099	0.091	0.979	0.900	0.998
AMT	GSR	9606.ENSP00000273588	9606.ENSP00000221130	0.061	0	0	0	0.099	0.062	0.285	0.175	0.447
AMT	PDHX	9606.ENSP00000273588	9606.ENSP00000227868	0.069	0	0	0	0.141	0	0.301	0.238	0.517
AMT	DAO	9606.ENSP00000273588	9606.ENSP00000228476	0.061	0	0	0	0.118	0.361	0.301	0.217	0.658
AMT	GOT2	9606.ENSP00000273588	9606.ENSP00000245206	0	0	0	0	0.142	0	0	0.405	0.468
AMT	BHMT2	9606.ENSP00000273588	9606.ENSP00000255192	0.060	0	0	0	0.109	0	0.352	0.360	0.606
AMT	DHTKD1	9606.ENSP00000273588	9606.ENSP00000263035	0	0	0	0	0.356	0	0	0.128	0.414
AMT	ASL	9606.ENSP00000273588	9606.ENSP00000307188	0	0	0	0	0.049	0	0	0.400	0.405
AMT	CPS1	9606.ENSP00000273588	9606.ENSP00000402608	0	0	0	0	0.055	0	0	0.407	0.416
AMT	GCDH	9606.ENSP00000273588	9606.ENSP00000466845	0.042	0	0	0	0.110	0.113	0.106	0.284	0.428
AMT	TXNRD1	9606.ENSP00000273588	9606.ENSP00000434516	0.061	0	0	0	0.099	0.062	0.285	0.161	0.437
AMT	IVD	9606.ENSP00000273588	9606.ENSP00000499074	0.042	0	0	0	0.095	0.113	0.106	0.318	0.446
AMT	CTH	9606.ENSP00000273588	9606.ENSP00000359976	0	0	0	0	0.113	0	0	0.406	0.450
AMT	HAO1	9606.ENSP00000273588	9606.ENSP00000368066	0.042	0	0	0	0.110	0	0	0.416	0.459
AMT	SUOX	9606.ENSP00000273588	9606.ENSP00000377668	0	0	0	0	0.108	0	0	0.422	0.463
AMT	DLST	9606.ENSP00000273588	9606.ENSP00000335304	0.069	0	0	0	0.141	0	0.301	0.162	0.468
AMT	OGDH	9606.ENSP00000273588	9606.ENSP00000388183	0	0	0	0	0.354	0	0	0.226	0.478
AMT	MAT1A	9606.ENSP00000273588	9606.ENSP00000361287	0	0	0	0	0.098	0	0.124	0.413	0.496
AMT	DBT	9606.ENSP00000273588	9606.ENSP00000359151	0.069	0	0	0	0.143	0	0.301	0.218	0.505
AMT	DLAT	9606.ENSP00000273588	9606.ENSP00000280346	0.069	0	0	0	0.141	0	0.301	0.235	0.515
AMT	PSAT1	9606.ENSP00000273588	9606.ENSP00000365773	0.106	0	0	0	0.140	0.084	0	0.402	0.522
AMT	OAT	9606.ENSP00000273588	9606.ENSP00000357838	0.044	0	0	0	0.103	0	0	0.559	0.589
AMT	BHMT	9606.ENSP00000273588	9606.ENSP00000274353	0.060	0	0	0	0.122	0	0.352	0.336	0.597
AMT	DDO	9606.ENSP00000273588	9606.ENSP00000357920	0.061	0	0	0	0.117	0.361	0.301	0.166	0.634
AMT	PHGDH	9606.ENSP00000273588	9606.ENSP00000493382	0.055	0	0	0	0.113	0.100	0.352	0.429	0.670
AMT	GCAT	9606.ENSP00000273588	9606.ENSP00000371110	0.048	0	0	0	0.223	0	0	0.632	0.704
AMT	PIPOX	9606.ENSP00000273588	9606.ENSP00000317721	0.061	0	0	0	0.134	0.361	0.301	0.321	0.708
AMT	GRHPR	9606.ENSP00000273588	9606.ENSP00000313432	0.041	0	0	0	0.110	0	0.585	0.337	0.734
AMT	GLS	9606.ENSP00000273588	9606.ENSP00000317379	0.088	0	0	0	0	0	0.800	0	0.809
AMT	GLUD2	9606.ENSP00000273588	9606.ENSP00000327589	0	0	0	0	0	0	0.800	0.139	0.820
AMT	GLUD1	9606.ENSP00000273588	9606.ENSP00000277865	0	0	0	0	0.043	0	0.800	0.145	0.822
AMT	GLS2	9606.ENSP00000273588	9606.ENSP00000310447	0.088	0	0	0	0.056	0	0.800	0.137	0.831
AMT	GLUL	9606.ENSP00000273588	9606.ENSP00000307900	0.054	0	0	0	0.055	0	0.800	0.407	0.879
AMT	FTCD	9606.ENSP00000273588	9606.ENSP00000380856	0.110	0	0	0	0.194	0	0.900	0.349	0.947
AMT	MTR	9606.ENSP00000273588	9606.ENSP00000355536	0.060	0	0	0	0.116	0	0.932	0.479	0.966
AMT	OCA2	9606.ENSP00000273588	9606.ENSP00000346659	0	0	0	0	0	0	0	0.986	0.986
AMT	SHMT1	9606.ENSP00000273588	9606.ENSP00000318868	0.095	0	0	0	0.350	0.126	0.938	0.709	0.989
AMT	GCSH	9606.ENSP00000273588	9606.ENSP00000319531	0.079	0	0.516	0	0.565	0.336	0.932	0.990	0.999
AMT	GLDC	9606.ENSP00000273588	9606.ENSP00000370737	0.111	0.868	0.416	0	0.875	0.111	0.978	0.996	0.999
APIP	MRI1	9606.ENSP00000379133	9606.ENSP00000040663	0.111	0	0.237	0	0.301	0	0.956	0.672	0.992
APIP	PDHX	9606.ENSP00000379133	9606.ENSP00000227868	0	0	0	0	0.174	0	0	0.565	0.626
APIP	BHMT2	9606.ENSP00000379133	9606.ENSP00000255192	0	0	0	0	0.190	0	0	0.393	0.488
APIP	ENOPH1	9606.ENSP00000379133	9606.ENSP00000273920	0.111	0.900	0.267	0	0.145	0	0.956	0.715	0.999
APIP	BHMT	9606.ENSP00000379133	9606.ENSP00000274353	0	0	0	0	0.190	0	0	0.330	0.434
APIP	MTR	9606.ENSP00000379133	9606.ENSP00000355536	0	0	0	0	0.205	0	0	0.363	0.472
APIP	MTAP	9606.ENSP00000379133	9606.ENSP00000494373	0.095	0	0	0	0.190	0	0.414	0.473	0.743
ARG1	OTC	9606.ENSP00000349446	9606.ENSP00000039007	0	0	0	0	0.115	0.094	0.965	0.774	0.993
ARG1	CRYM	9606.ENSP00000349446	9606.ENSP00000219599	0.115	0	0	0	0.063	0	0.673	0.306	0.786
ARG1	ODC1	9606.ENSP00000349446	9606.ENSP00000234111	0.091	0	0	0	0.110	0	0.937	0.737	0.984
ARG1	HAL	9606.ENSP00000349446	9606.ENSP00000261208	0.115	0	0	0	0.645	0	0.420	0.462	0.889
ARG1	ARG2	9606.ENSP00000349446	9606.ENSP00000261783	0	0	0.060	0.960	0.048	0.316	0.900	0.074	0.933
ARG1	BBOX1	9606.ENSP00000349446	9606.ENSP00000263182	0	0	0	0	0.064	0	0.428	0.049	0.446
ARG1	GLUD1	9606.ENSP00000349446	9606.ENSP00000277865	0.102	0	0	0	0.116	0	0	0.350	0.438
ARG1	PAOX	9606.ENSP00000349446	9606.ENSP00000278060	0	0	0	0	0	0	0	0.410	0.410
ARG1	NAGS	9606.ENSP00000349446	9606.ENSP00000293404	0.056	0	0	0	0.094	0	0	0.701	0.722
ARG1	ASL	9606.ENSP00000349446	9606.ENSP00000307188	0	0	0	0	0	0	0.885	0.788	0.974
ARG1	GLUL	9606.ENSP00000349446	9606.ENSP00000307900	0.049	0	0	0	0.043	0	0.340	0.629	0.747
ARG1	TMLHE	9606.ENSP00000349446	9606.ENSP00000335261	0	0	0	0	0.051	0	0.428	0.049	0.439
ARG1	AZIN1	9606.ENSP00000349446	9606.ENSP00000337180	0.091	0	0	0	0.110	0	0.402	0.290	0.610
ARG1	SLC25A15	9606.ENSP00000349446	9606.ENSP00000342267	0	0	0	0	0	0	0	0.415	0.415
ARG1	TAT	9606.ENSP00000349446	9606.ENSP00000348234	0	0	0	0	0.149	0	0	0.343	0.418
ARG1	SUOX	9606.ENSP00000349446	9606.ENSP00000377668	0	0	0	0	0.087	0	0	0.393	0.422
ARG1	CBS	9606.ENSP00000349446	9606.ENSP00000381231	0.095	0	0	0	0.117	0	0.152	0.250	0.424
ARG1	LARS1	9606.ENSP00000349446	9606.ENSP00000377954	0	0	0	0	0	0.411	0	0.072	0.430
ARG1	CTH	9606.ENSP00000349446	9606.ENSP00000359976	0.097	0	0	0	0.066	0	0	0.423	0.472
ARG1	GPT	9606.ENSP00000349446	9606.ENSP00000378408	0	0	0	0	0.056	0	0	0.471	0.479
ARG1	TDO2	9606.ENSP00000349446	9606.ENSP00000444788	0.108	0	0	0	0.154	0	0	0.402	0.509
ARG1	PRODH	9606.ENSP00000349446	9606.ENSP00000349577	0.091	0	0	0	0.102	0	0.180	0.406	0.549
ARG1	CPS1	9606.ENSP00000349446	9606.ENSP00000402608	0	0	0	0	0.089	0.068	0.276	0.585	0.711
ARG1	IDO2	9606.ENSP00000349446	9606.ENSP00000443432	0	0	0	0	0.105	0	0	0.700	0.720
ARG1	IDO1	9606.ENSP00000349446	9606.ENSP00000430950	0	0	0	0	0.060	0	0	0.770	0.775
ARG1	ASS1	9606.ENSP00000349446	9606.ENSP00000361471	0	0	0	0	0.067	0	0	0.806	0.811
ARG1	SMS	9606.ENSP00000349446	9606.ENSP00000385746	0.102	0	0	0	0.244	0	0.449	0.605	0.832
ARG1	SRM	9606.ENSP00000349446	9606.ENSP00000366156	0.102	0	0	0	0.244	0	0.449	0.664	0.857
ARG1	GATM	9606.ENSP00000349446	9606.ENSP00000379895	0	0	0	0	0.042	0	0.900	0.412	0.938
ARG1	OAT	9606.ENSP00000349446	9606.ENSP00000357838	0.115	0	0	0	0.696	0.067	0.977	0.852	0.998
ARG2	OTC	9606.ENSP00000261783	9606.ENSP00000039007	0	0	0	0	0.074	0.094	0.965	0.793	0.993
ARG2	DLD	9606.ENSP00000261783	9606.ENSP00000205402	0	0	0	0	0.141	0	0	0.593	0.635
ARG2	CRYM	9606.ENSP00000261783	9606.ENSP00000219599	0.115	0	0	0	0.093	0	0.673	0.306	0.793
ARG2	ODC1	9606.ENSP00000261783	9606.ENSP00000234111	0.091	0	0	0	0.134	0	0.937	0.778	0.987
ARG2	HAL	9606.ENSP00000261783	9606.ENSP00000261208	0.115	0	0	0	0.382	0	0.420	0.447	0.801
ARG2	GLDC	9606.ENSP00000261783	9606.ENSP00000370737	0.042	0	0	0	0.062	0	0	0.392	0.406
ARG2	TAT	9606.ENSP00000261783	9606.ENSP00000348234	0	0	0	0	0.127	0	0	0.351	0.409
ARG2	MAT1A	9606.ENSP00000261783	9606.ENSP00000361287	0.090	0	0	0	0.117	0	0	0.327	0.412
ARG2	CBS	9606.ENSP00000261783	9606.ENSP00000381231	0.095	0	0	0	0.088	0	0.152	0.268	0.419
ARG2	TYR	9606.ENSP00000261783	9606.ENSP00000263321	0	0	0	0	0.075	0	0	0.398	0.419
ARG2	LARS1	9606.ENSP00000261783	9606.ENSP00000377954	0	0	0	0	0	0.411	0	0.084	0.437
ARG2	GPT	9606.ENSP00000261783	9606.ENSP00000378408	0	0	0	0	0.055	0	0	0.430	0.438
ARG2	TMLHE	9606.ENSP00000261783	9606.ENSP00000335261	0	0	0	0	0.051	0	0.428	0.049	0.438
ARG2	BBOX1	9606.ENSP00000261783	9606.ENSP00000263182	0	0	0	0	0.051	0	0.428	0.064	0.448
ARG2	SUOX	9606.ENSP00000261783	9606.ENSP00000377668	0	0	0	0	0.087	0	0	0.420	0.448
ARG2	SAT1	9606.ENSP00000261783	9606.ENSP00000368572	0.057	0	0	0	0.085	0	0	0.416	0.452
ARG2	GLUD1	9606.ENSP00000261783	9606.ENSP00000277865	0.102	0	0	0	0.116	0	0	0.367	0.454
ARG2	PAOX	9606.ENSP00000261783	9606.ENSP00000278060	0	0	0	0	0	0	0	0.480	0.480
ARG2	TDO2	9606.ENSP00000261783	9606.ENSP00000444788	0.108	0	0	0	0.140	0	0	0.398	0.497
ARG2	SMOX	9606.ENSP00000261783	9606.ENSP00000478305	0	0	0	0	0.083	0	0	0.479	0.502
ARG2	CTH	9606.ENSP00000261783	9606.ENSP00000359976	0.097	0	0	0	0.157	0	0	0.417	0.518
ARG2	PRODH	9606.ENSP00000261783	9606.ENSP00000349577	0.091	0	0	0	0.102	0	0.180	0.447	0.580
ARG2	IDO2	9606.ENSP00000261783	9606.ENSP00000443432	0	0	0	0	0.060	0	0	0.627	0.634
ARG2	AZIN1	9606.ENSP00000261783	9606.ENSP00000337180	0.091	0	0	0	0.112	0	0.402	0.354	0.646
ARG2	CPS1	9606.ENSP00000261783	9606.ENSP00000402608	0	0	0	0	0.087	0.068	0.276	0.499	0.650
ARG2	PYCR1	9606.ENSP00000261783	9606.ENSP00000384949	0	0	0	0	0.123	0	0	0.657	0.687
ARG2	NAGS	9606.ENSP00000261783	9606.ENSP00000293404	0.056	0	0	0	0.096	0	0	0.682	0.705
ARG2	IDO1	9606.ENSP00000261783	9606.ENSP00000430950	0	0	0	0	0.060	0	0	0.702	0.707
ARG2	GLUL	9606.ENSP00000261783	9606.ENSP00000307900	0.049	0	0	0	0	0	0.340	0.628	0.746
ARG2	SMS	9606.ENSP00000261783	9606.ENSP00000385746	0.102	0	0	0	0.253	0	0.449	0.656	0.856
ARG2	SRM	9606.ENSP00000261783	9606.ENSP00000366156	0.102	0	0	0	0.246	0	0.449	0.708	0.876
ARG2	ASS1	9606.ENSP00000261783	9606.ENSP00000361471	0	0	0	0	0.072	0	0	0.873	0.877
ARG2	GATM	9606.ENSP00000261783	9606.ENSP00000379895	0	0	0	0	0	0	0.900	0.510	0.948
ARG2	ASL	9606.ENSP00000261783	9606.ENSP00000307188	0	0	0	0	0	0	0.885	0.797	0.975
ARG2	OAT	9606.ENSP00000261783	9606.ENSP00000357838	0.115	0	0	0	0.698	0.067	0.977	0.876	0.999
ASL	OTC	9606.ENSP00000307188	9606.ENSP00000039007	0.120	0.444	0	0	0.400	0	0	0.891	0.963
ASL	ODC1	9606.ENSP00000307188	9606.ENSP00000234111	0.102	0	0	0	0.077	0	0	0.637	0.673
ASL	GLUD1	9606.ENSP00000307188	9606.ENSP00000277865	0.042	0	0	0	0.042	0	0	0.540	0.541
ASL	HGD	9606.ENSP00000307188	9606.ENSP00000283871	0	0	0	0	0.082	0	0	0.409	0.435
ASL	NAGS	9606.ENSP00000307188	9606.ENSP00000293404	0.120	0	0	0	0.834	0	0.792	0.846	0.994
ASL	QARS1	9606.ENSP00000307188	9606.ENSP00000307567	0.070	0	0	0	0.063	0.370	0	0	0.403
ASL	GLDC	9606.ENSP00000307188	9606.ENSP00000370737	0.042	0	0	0	0	0	0	0.406	0.407
ASL	CBS	9606.ENSP00000307188	9606.ENSP00000381231	0.107	0	0	0	0.049	0	0	0.360	0.410
ASL	ASRGL1	9606.ENSP00000307188	9606.ENSP00000400057	0	0	0	0	0.042	0	0.406	0.055	0.415
ASL	BCAT1	9606.ENSP00000307188	9606.ENSP00000443459	0.106	0	0	0	0.042	0	0	0.378	0.421
ASL	BCAT2	9606.ENSP00000307188	9606.ENSP00000322991	0.106	0	0	0	0.060	0	0	0.379	0.433
ASL	EPRS1	9606.ENSP00000307188	9606.ENSP00000355890	0.261	0	0	0	0.164	0	0	0.165	0.439
ASL	MAT1A	9606.ENSP00000307188	9606.ENSP00000361287	0.069	0	0	0	0.108	0	0	0.397	0.456
ASL	GLUD2	9606.ENSP00000307188	9606.ENSP00000327589	0.042	0	0	0	0.042	0	0	0.463	0.464
ASL	GLS	9606.ENSP00000307188	9606.ENSP00000317379	0	0	0	0	0.042	0	0	0.473	0.474
ASL	GLS2	9606.ENSP00000307188	9606.ENSP00000310447	0	0	0	0	0.042	0	0	0.491	0.492
ASL	PSAT1	9606.ENSP00000307188	9606.ENSP00000365773	0.084	0	0	0	0.042	0	0	0.476	0.500
ASL	PYCR1	9606.ENSP00000307188	9606.ENSP00000384949	0.079	0	0	0	0.049	0	0	0.476	0.501
ASL	SHMT1	9606.ENSP00000307188	9606.ENSP00000318868	0.055	0	0	0	0.062	0	0	0.484	0.502
ASL	FAH	9606.ENSP00000307188	9606.ENSP00000385080	0.083	0	0	0	0.097	0	0	0.458	0.512
ASL	PRODH	9606.ENSP00000307188	9606.ENSP00000349577	0	0	0	0	0.096	0	0	0.491	0.521
ASL	PSPH	9606.ENSP00000307188	9606.ENSP00000378854	0.119	0	0	0	0.102	0	0	0.469	0.544
ASL	CTH	9606.ENSP00000307188	9606.ENSP00000359976	0.102	0	0	0	0.116	0	0	0.475	0.547
ASL	ASNS	9606.ENSP00000307188	9606.ENSP00000377845	0.054	0	0	0	0.139	0	0	0.519	0.575
ASL	GLUL	9606.ENSP00000307188	9606.ENSP00000307900	0	0	0	0	0.044	0	0	0.585	0.586
ASL	SMS	9606.ENSP00000307188	9606.ENSP00000385746	0	0	0	0	0.042	0	0	0.586	0.587
ASL	SLC25A15	9606.ENSP00000307188	9606.ENSP00000342267	0	0	0	0	0.055	0	0	0.583	0.589
ASL	SRM	9606.ENSP00000307188	9606.ENSP00000366156	0	0	0	0	0.050	0	0	0.621	0.625
ASL	OGDH	9606.ENSP00000307188	9606.ENSP00000388183	0	0	0	0	0.062	0	0.800	0.183	0.833
ASL	CPS1	9606.ENSP00000307188	9606.ENSP00000402608	0.095	0	0	0	0.391	0	0.187	0.749	0.872
ASL	GATM	9606.ENSP00000307188	9606.ENSP00000379895	0.042	0	0	0	0	0	0.800	0.480	0.891
ASL	OAT	9606.ENSP00000307188	9606.ENSP00000357838	0.120	0	0	0	0.828	0	0.787	0.745	0.990
ASL	ASS1	9606.ENSP00000307188	9606.ENSP00000361471	0.120	0.084	0.528	0	0.833	0	0.978	0.932	0.999
ASMT	TPH1	9606.ENSP00000370639	9606.ENSP00000250018	0	0	0	0	0.110	0	0	0.741	0.760
ASMT	TPH2	9606.ENSP00000370639	9606.ENSP00000329093	0	0	0	0	0.110	0	0	0.550	0.583
ASMT	EPRS1	9606.ENSP00000370639	9606.ENSP00000355890	0	0	0	0	0.079	0	0	0.700	0.711
ASMT	PAH	9606.ENSP00000370639	9606.ENSP00000448059	0	0	0	0	0.109	0	0	0.360	0.405
ASMT	TDO2	9606.ENSP00000370639	9606.ENSP00000444788	0	0	0	0	0	0	0	0.418	0.418
ASMT	DDC	9606.ENSP00000370639	9606.ENSP00000403644	0	0	0	0	0.055	0	0	0.687	0.692
ASMT	IDO2	9606.ENSP00000370639	9606.ENSP00000443432	0	0	0	0	0.042	0	0.900	0.271	0.924
ASMT	IDO1	9606.ENSP00000370639	9606.ENSP00000430950	0	0	0	0	0	0	0.900	0.307	0.927
ASNS	OTC	9606.ENSP00000377845	9606.ENSP00000039007	0	0	0	0	0	0	0	0.475	0.475
ASNS	ODC1	9606.ENSP00000377845	9606.ENSP00000234111	0.061	0	0	0	0.099	0	0	0.360	0.411
ASNS	GOT2	9606.ENSP00000377845	9606.ENSP00000245206	0	0	0	0	0.083	0	0.937	0.566	0.973
ASNS	BHMT2	9606.ENSP00000377845	9606.ENSP00000255192	0.056	0	0	0	0.136	0	0	0.367	0.439
ASNS	KYAT3	9606.ENSP00000377845	9606.ENSP00000260508	0.042	0	0	0	0.050	0	0.275	0.237	0.430
ASNS	SLC7A5	9606.ENSP00000377845	9606.ENSP00000261622	0	0	0	0	0.254	0	0	0.805	0.848
ASNS	MARS1	9606.ENSP00000377845	9606.ENSP00000262027	0.042	0	0	0	0.531	0	0	0.290	0.653
ASNS	ASPA	9606.ENSP00000377845	9606.ENSP00000263080	0	0	0	0	0	0	0.900	0.122	0.908
ASNS	DARS1	9606.ENSP00000377845	9606.ENSP00000264161	0	0	0	0	0.110	0.067	0.183	0.294	0.457
ASNS	KYNU	9606.ENSP00000377845	9606.ENSP00000264170	0	0	0	0	0.063	0.213	0	0.255	0.403
ASNS	GLUD1	9606.ENSP00000377845	9606.ENSP00000277865	0	0	0	0	0.065	0	0.449	0.551	0.748
ASNS	GADL1	9606.ENSP00000377845	9606.ENSP00000282538	0	0	0	0	0	0	0.850	0.140	0.865
ASNS	QARS1	9606.ENSP00000377845	9606.ENSP00000307567	0.041	0	0	0	0.055	0.177	0	0.394	0.488
ASNS	GLUL	9606.ENSP00000377845	9606.ENSP00000307900	0.100	0	0	0	0.074	0	0.449	0.733	0.861
ASNS	GLS2	9606.ENSP00000377845	9606.ENSP00000310447	0	0	0	0	0.047	0	0	0.519	0.522
ASNS	GLS	9606.ENSP00000377845	9606.ENSP00000317379	0	0	0	0	0.062	0	0	0.541	0.551
ASNS	SHMT1	9606.ENSP00000377845	9606.ENSP00000318868	0	0	0	0	0.105	0	0	0.595	0.622
ASNS	BCAT2	9606.ENSP00000377845	9606.ENSP00000322991	0	0	0	0	0.121	0	0	0.400	0.451
ASNS	GLUD2	9606.ENSP00000377845	9606.ENSP00000327589	0	0	0	0	0.065	0	0.449	0.387	0.657
ASNS	GPT2	9606.ENSP00000377845	9606.ENSP00000345282	0.042	0	0	0	0.089	0	0.275	0.456	0.610
ASNS	TAT	9606.ENSP00000377845	9606.ENSP00000348234	0.042	0	0	0	0.048	0	0.275	0.251	0.438
ASNS	PRODH	9606.ENSP00000377845	9606.ENSP00000349577	0	0	0	0	0.060	0	0	0.444	0.455
ASNS	MTR	9606.ENSP00000377845	9606.ENSP00000355536	0.056	0	0	0	0.143	0	0	0.381	0.456
ASNS	EPRS1	9606.ENSP00000377845	9606.ENSP00000355890	0.059	0	0	0	0.214	0.425	0	0.317	0.671
ASNS	OAT	9606.ENSP00000377845	9606.ENSP00000357838	0.088	0	0	0	0	0	0.673	0.482	0.832
ASNS	SARS1	9606.ENSP00000377845	9606.ENSP00000358939	0.042	0	0	0	0.270	0	0	0.343	0.500
ASNS	GOT1	9606.ENSP00000377845	9606.ENSP00000359539	0	0	0	0	0.145	0	0.937	0.471	0.969
ASNS	CTH	9606.ENSP00000377845	9606.ENSP00000359976	0	0	0	0	0.095	0	0	0.530	0.557
ASNS	MAT1A	9606.ENSP00000377845	9606.ENSP00000361287	0.088	0	0	0	0.104	0	0	0.327	0.403
ASNS	ASS1	9606.ENSP00000377845	9606.ENSP00000361471	0	0	0	0	0.122	0.185	0.900	0.716	0.976
ASNS	IARS1	9606.ENSP00000377845	9606.ENSP00000364794	0	0	0	0	0.343	0.625	0	0.271	0.804
ASNS	PSAT1	9606.ENSP00000377845	9606.ENSP00000365773	0	0	0	0	0.497	0	0	0.740	0.864
ASNS	SLC3A2	9606.ENSP00000377845	9606.ENSP00000367123	0	0	0	0	0.151	0	0	0.737	0.767
ASNS	GLDC	9606.ENSP00000377845	9606.ENSP00000370737	0	0	0	0	0.055	0	0	0.397	0.406
ASNS	DCT	9606.ENSP00000377845	9606.ENSP00000392762	0	0	0	0	0.066	0	0	0.410	0.426
ASNS	LARS1	9606.ENSP00000377845	9606.ENSP00000377954	0	0	0	0	0.245	0.184	0	0.233	0.486
ASNS	CBS	9606.ENSP00000377845	9606.ENSP00000381231	0	0	0	0	0.138	0.180	0	0.361	0.509
ASNS	GPT	9606.ENSP00000377845	9606.ENSP00000378408	0.042	0	0	0	0.048	0	0.275	0.373	0.530
ASNS	PYCR1	9606.ENSP00000377845	9606.ENSP00000384949	0	0	0	0	0.144	0	0	0.488	0.543
ASNS	BCAT1	9606.ENSP00000377845	9606.ENSP00000443459	0	0	0	0	0.157	0	0	0.494	0.556
ASNS	PSPH	9606.ENSP00000377845	9606.ENSP00000378854	0.055	0	0	0	0.185	0	0	0.652	0.708
ASNS	ASPG	9606.ENSP00000377845	9606.ENSP00000450040	0	0	0	0	0	0	0	0.794	0.794
ASNS	FTCD	9606.ENSP00000377845	9606.ENSP00000380856	0	0	0	0	0.045	0	0.800	0.167	0.827
ASNS	PHGDH	9606.ENSP00000377845	9606.ENSP00000493382	0	0	0	0	0.469	0.184	0	0.638	0.829
ASNS	IL4I1	9606.ENSP00000377845	9606.ENSP00000472474	0	0	0	0	0.042	0	0.900	0.165	0.913
ASNS	ASRGL1	9606.ENSP00000377845	9606.ENSP00000400057	0	0	0	0	0.042	0	0.937	0.374	0.959
ASPA	GOT2	9606.ENSP00000263080	9606.ENSP00000245206	0	0	0	0	0.055	0	0.900	0.054	0.902
ASPA	FOLH1	9606.ENSP00000263080	9606.ENSP00000256999	0	0	0	0	0.130	0	0.900	0.302	0.934
ASPA	GLUD2	9606.ENSP00000263080	9606.ENSP00000327589	0	0	0	0	0.042	0	0.800	0.048	0.801
ASPA	GLS	9606.ENSP00000263080	9606.ENSP00000317379	0	0	0	0	0	0	0.800	0.075	0.807
ASPA	GLS2	9606.ENSP00000263080	9606.ENSP00000310447	0	0	0	0	0	0	0.800	0.074	0.807
ASPA	GADL1	9606.ENSP00000263080	9606.ENSP00000282538	0	0	0	0	0.096	0	0.800	0	0.811
ASPA	GLUD1	9606.ENSP00000263080	9606.ENSP00000277865	0	0	0	0	0	0	0.800	0.114	0.815
ASPA	FTCD	9606.ENSP00000263080	9606.ENSP00000380856	0	0	0	0	0.130	0	0.800	0	0.818
ASPA	GLUL	9606.ENSP00000263080	9606.ENSP00000307900	0	0	0	0	0	0	0.800	0.194	0.831
ASPA	IL4I1	9606.ENSP00000263080	9606.ENSP00000472474	0	0	0	0	0	0	0.900	0.047	0.900
ASPA	ASRGL1	9606.ENSP00000263080	9606.ENSP00000400057	0	0	0	0	0.087	0	0.900	0.048	0.905
ASPA	GOT1	9606.ENSP00000263080	9606.ENSP00000359539	0	0	0	0	0.044	0	0.900	0.186	0.915
ASPA	ASS1	9606.ENSP00000263080	9606.ENSP00000361471	0	0	0	0	0	0	0.900	0.201	0.916
ASPG	GLUL	9606.ENSP00000450040	9606.ENSP00000307900	0	0	0	0	0	0.056	0	0.482	0.490
ASPG	ASS1	9606.ENSP00000450040	9606.ENSP00000361471	0	0	0	0	0.111	0.044	0	0.480	0.519
ASPG	ASRGL1	9606.ENSP00000450040	9606.ENSP00000400057	0	0	0	0	0.057	0	0	0.935	0.936
ASRGL1	OTC	9606.ENSP00000400057	9606.ENSP00000039007	0	0	0	0	0	0	0.560	0.148	0.609
ASRGL1	GOT2	9606.ENSP00000400057	9606.ENSP00000245206	0	0	0	0	0.097	0	0.911	0.127	0.924
ASRGL1	SLC7A5	9606.ENSP00000400057	9606.ENSP00000261622	0	0	0	0	0	0	0	0.417	0.417
ASRGL1	GADL1	9606.ENSP00000400057	9606.ENSP00000282538	0	0	0	0	0.055	0	0.800	0.116	0.818
ASRGL1	GOT1	9606.ENSP00000400057	9606.ENSP00000359539	0	0	0	0	0.097	0	0.911	0.171	0.927
ASRGL1	ASS1	9606.ENSP00000400057	9606.ENSP00000361471	0	0	0	0	0	0	0.900	0.107	0.906
ASRGL1	FTCD	9606.ENSP00000400057	9606.ENSP00000380856	0	0	0	0	0.049	0	0.800	0.162	0.826
ASRGL1	IL4I1	9606.ENSP00000400057	9606.ENSP00000472474	0	0	0	0	0	0	0.900	0.099	0.906
ASS1	OTC	9606.ENSP00000361471	9606.ENSP00000039007	0.231	0	0	0	0.910	0	0.980	0.874	0.999
ASS1	DLD	9606.ENSP00000361471	9606.ENSP00000205402	0.054	0	0	0	0.103	0.216	0	0.322	0.489
ASS1	PYCR3	9606.ENSP00000361471	9606.ENSP00000220966	0.102	0	0	0	0.042	0	0	0.496	0.529
ASS1	ODC1	9606.ENSP00000361471	9606.ENSP00000234111	0.115	0	0	0	0.180	0	0	0.693	0.758
ASS1	GOT2	9606.ENSP00000361471	9606.ENSP00000245206	0	0	0	0	0.122	0	0.900	0.488	0.951
ASS1	BHMT2	9606.ENSP00000361471	9606.ENSP00000255192	0.042	0	0	0	0.080	0	0	0.424	0.448
ASS1	KYAT3	9606.ENSP00000361471	9606.ENSP00000260508	0.053	0	0	0	0.109	0.098	0	0.322	0.416
ASS1	HAL	9606.ENSP00000361471	9606.ENSP00000261208	0	0	0	0	0	0	0	0.459	0.459
ASS1	KYNU	9606.ENSP00000361471	9606.ENSP00000264170	0	0	0	0	0.092	0.225	0	0.224	0.407
ASS1	BHMT	9606.ENSP00000361471	9606.ENSP00000274353	0.042	0	0	0	0.079	0	0	0.455	0.477
ASS1	GLUD1	9606.ENSP00000361471	9606.ENSP00000277865	0	0	0	0	0.239	0	0	0.575	0.662
ASS1	DLAT	9606.ENSP00000361471	9606.ENSP00000280346	0.076	0	0	0	0.049	0	0.139	0.304	0.403
ASS1	GADL1	9606.ENSP00000361471	9606.ENSP00000282538	0	0	0	0	0	0	0.800	0.271	0.848
ASS1	NAGS	9606.ENSP00000361471	9606.ENSP00000293404	0.231	0	0	0	0.963	0	0	0.816	0.994
ASS1	GLUL	9606.ENSP00000361471	9606.ENSP00000307900	0.042	0	0	0	0.074	0	0	0.665	0.677
ASS1	GLS2	9606.ENSP00000361471	9606.ENSP00000310447	0.049	0	0	0	0.055	0	0	0.613	0.622
ASS1	GLS	9606.ENSP00000361471	9606.ENSP00000317379	0.049	0	0	0	0	0	0	0.570	0.574
ASS1	SHMT1	9606.ENSP00000361471	9606.ENSP00000318868	0.061	0	0	0	0.147	0.066	0	0.540	0.610
ASS1	BCAT2	9606.ENSP00000361471	9606.ENSP00000322991	0.061	0	0	0	0.127	0	0	0.437	0.498
ASS1	CNDP2	9606.ENSP00000361471	9606.ENSP00000325548	0.106	0	0	0	0.245	0.192	0.510	0.251	0.763
ASS1	GLUD2	9606.ENSP00000361471	9606.ENSP00000327589	0	0	0	0	0.237	0	0	0.509	0.609
ASS1	AZIN1	9606.ENSP00000361471	9606.ENSP00000337180	0.115	0	0	0	0.173	0	0	0.334	0.470
ASS1	SLC25A15	9606.ENSP00000361471	9606.ENSP00000342267	0	0	0	0	0.042	0	0	0.584	0.584
ASS1	PYCR2	9606.ENSP00000361471	9606.ENSP00000342502	0.102	0	0	0	0.042	0	0	0.435	0.472
ASS1	GPT2	9606.ENSP00000361471	9606.ENSP00000345282	0.053	0	0	0	0.197	0.098	0	0.428	0.555
ASS1	TAT	9606.ENSP00000361471	9606.ENSP00000348234	0.053	0	0	0	0.107	0.098	0	0.398	0.479
ASS1	PRODH	9606.ENSP00000361471	9606.ENSP00000349577	0	0	0	0	0.101	0	0	0.575	0.602
ASS1	MTR	9606.ENSP00000361471	9606.ENSP00000355536	0.042	0	0	0	0.065	0	0	0.408	0.424
ASS1	EPRS1	9606.ENSP00000361471	9606.ENSP00000355890	0.266	0	0	0	0.048	0	0	0.268	0.443
ASS1	OAT	9606.ENSP00000361471	9606.ENSP00000357838	0.231	0	0	0	0.919	0.190	0.279	0.724	0.988
ASS1	DBT	9606.ENSP00000361471	9606.ENSP00000359151	0.076	0	0	0	0	0	0.139	0.325	0.416
ASS1	GOT1	9606.ENSP00000361471	9606.ENSP00000359539	0	0	0	0	0.160	0	0.900	0.460	0.950
ASS1	CTH	9606.ENSP00000361471	9606.ENSP00000359976	0.060	0	0	0	0.131	0.115	0	0.520	0.607
ASS1	MAT1A	9606.ENSP00000361471	9606.ENSP00000361287	0.051	0	0	0	0.144	0.110	0	0.524	0.610
ASS1	KYAT1	9606.ENSP00000361471	9606.ENSP00000399415	0.053	0	0	0	0.113	0.098	0	0.313	0.410
ASS1	SAT1	9606.ENSP00000361471	9606.ENSP00000368572	0.042	0	0	0	0.085	0	0	0.387	0.416
ASS1	TH	9606.ENSP00000361471	9606.ENSP00000370571	0	0	0	0	0.079	0	0	0.394	0.418
ASS1	MTRR	9606.ENSP00000361471	9606.ENSP00000402510	0	0	0	0	0	0	0.378	0.127	0.433
ASS1	GATM	9606.ENSP00000361471	9606.ENSP00000379895	0	0	0	0	0.042	0.044	0	0.440	0.442
ASS1	PAH	9606.ENSP00000361471	9606.ENSP00000448059	0	0	0	0	0.137	0	0	0.382	0.444
ASS1	FAH	9606.ENSP00000361471	9606.ENSP00000385080	0.108	0	0	0	0.088	0	0	0.401	0.471
ASS1	GPT	9606.ENSP00000361471	9606.ENSP00000378408	0.053	0	0	0	0.120	0.098	0	0.414	0.501
ASS1	TXNRD1	9606.ENSP00000361471	9606.ENSP00000434516	0.054	0	0	0	0.068	0	0	0.496	0.517
ASS1	BCAT1	9606.ENSP00000361471	9606.ENSP00000443459	0.061	0	0	0	0.127	0	0	0.474	0.531
ASS1	GLDC	9606.ENSP00000361471	9606.ENSP00000370737	0	0	0	0	0.059	0	0	0.533	0.542
ASS1	CBS	9606.ENSP00000361471	9606.ENSP00000381231	0.098	0	0	0	0.123	0	0	0.492	0.563
ASS1	DBH	9606.ENSP00000361471	9606.ENSP00000376776	0	0	0	0	0	0	0	0.586	0.586
ASS1	SRM	9606.ENSP00000361471	9606.ENSP00000366156	0.042	0	0	0	0.058	0	0	0.603	0.610
ASS1	SMS	9606.ENSP00000361471	9606.ENSP00000385746	0.042	0	0	0	0.044	0	0	0.624	0.626
ASS1	PSPH	9606.ENSP00000361471	9606.ENSP00000378854	0.111	0	0	0	0.114	0	0	0.572	0.634
ASS1	PYCR1	9606.ENSP00000361471	9606.ENSP00000384949	0.102	0	0	0	0.098	0	0	0.587	0.637
ASS1	PSAT1	9606.ENSP00000361471	9606.ENSP00000365773	0.105	0	0	0	0.251	0	0	0.580	0.694
ASS1	PHGDH	9606.ENSP00000361471	9606.ENSP00000493382	0.057	0	0	0	0.303	0.183	0	0.558	0.731
ASS1	NMRAL1	9606.ENSP00000361471	9606.ENSP00000458762	0	0	0	0	0.055	0.292	0.700	0.320	0.845
ASS1	FTCD	9606.ENSP00000361471	9606.ENSP00000380856	0	0	0	0	0.111	0	0.800	0.352	0.875
ASS1	IL4I1	9606.ENSP00000361471	9606.ENSP00000472474	0	0	0	0	0.059	0	0.900	0.151	0.913
ASS1	CPS1	9606.ENSP00000361471	9606.ENSP00000402608	0.111	0.589	0	0	0.695	0	0.913	0.925	0.999
AUH	HIBADH	9606.ENSP00000364883	9606.ENSP00000265395	0	0	0	0	0.087	0.070	0.224	0.417	0.565
AUH	MCCC1	9606.ENSP00000364883	9606.ENSP00000265594	0.057	0	0	0	0.199	0.066	0.929	0.324	0.960
AUH	RPS11	9606.ENSP00000364883	9606.ENSP00000270625	0	0	0	0	0	0.435	0	0.150	0.499
AUH	HPD	9606.ENSP00000364883	9606.ENSP00000289004	0.057	0	0	0	0.110	0	0.220	0.269	0.458
AUH	RPS2	9606.ENSP00000364883	9606.ENSP00000341885	0	0	0	0	0	0.401	0	0.091	0.432
AUH	MCCC2	9606.ENSP00000364883	9606.ENSP00000343657	0.059	0	0	0	0.201	0	0.936	0.184	0.956
AUH	HIBCH	9606.ENSP00000364883	9606.ENSP00000352706	0	0	0.141	0.609	0.131	0	0.516	0.095	0.629
AUH	OAT	9606.ENSP00000364883	9606.ENSP00000357838	0	0	0	0	0.132	0.095	0.155	0.220	0.413
AUH	RPS18	9606.ENSP00000364883	9606.ENSP00000393241	0	0	0	0	0.044	0.419	0	0	0.420
AUH	RPL23	9606.ENSP00000364883	9606.ENSP00000420311	0	0	0	0	0	0.418	0	0.048	0.422
AUH	BCKDK	9606.ENSP00000364883	9606.ENSP00000378405	0	0	0	0	0.062	0.296	0	0.269	0.476
AUH	GCDH	9606.ENSP00000364883	9606.ENSP00000466845	0.046	0	0	0	0.305	0.142	0.185	0.196	0.559
AUH	IVD	9606.ENSP00000364883	9606.ENSP00000499074	0.046	0	0	0	0.301	0.091	0.185	0.643	0.792
AZIN1	ODC1	9606.ENSP00000337180	9606.ENSP00000234111	0	0	0.070	0.941	0.049	0	0.500	0.159	0.578
AZIN1	GOT2	9606.ENSP00000337180	9606.ENSP00000245206	0	0	0	0	0.062	0	0.402	0.201	0.513
AZIN1	KYAT3	9606.ENSP00000337180	9606.ENSP00000260508	0.058	0	0	0	0.219	0	0.262	0.154	0.479
AZIN1	PAOX	9606.ENSP00000337180	9606.ENSP00000278060	0	0	0	0	0	0	0	0.490	0.490
AZIN1	NAGS	9606.ENSP00000337180	9606.ENSP00000293404	0.114	0	0	0	0.110	0	0	0.315	0.412
AZIN1	CNDP2	9606.ENSP00000337180	9606.ENSP00000325548	0.069	0	0	0	0.049	0	0.312	0.237	0.473
AZIN1	SAT1	9606.ENSP00000337180	9606.ENSP00000368572	0.061	0	0	0	0.047	0	0	0.413	0.429
AZIN1	CPS1	9606.ENSP00000337180	9606.ENSP00000402608	0.079	0	0	0	0.057	0	0.351	0.166	0.467
AZIN1	GPT	9606.ENSP00000337180	9606.ENSP00000378408	0.058	0	0	0	0.207	0	0.262	0.154	0.471
AZIN1	GPT2	9606.ENSP00000337180	9606.ENSP00000345282	0.058	0	0	0	0.207	0	0.262	0.154	0.471
AZIN1	KYAT1	9606.ENSP00000337180	9606.ENSP00000399415	0.058	0	0	0	0.207	0	0.262	0.154	0.471
AZIN1	GOT1	9606.ENSP00000337180	9606.ENSP00000359539	0	0	0	0	0.045	0	0.402	0.201	0.503
AZIN1	TAT	9606.ENSP00000337180	9606.ENSP00000348234	0.058	0	0	0	0.207	0	0.262	0.296	0.559
AZIN1	SMOX	9606.ENSP00000337180	9606.ENSP00000478305	0	0	0	0	0	0	0	0.623	0.623
AZIN1	OAT	9606.ENSP00000337180	9606.ENSP00000357838	0.115	0	0	0	0.095	0	0.348	0.427	0.661
AZIN1	SRM	9606.ENSP00000337180	9606.ENSP00000366156	0.102	0	0	0	0.087	0.086	0.449	0.554	0.782
AZIN1	SMS	9606.ENSP00000337180	9606.ENSP00000385746	0.102	0	0	0	0.106	0.076	0.449	0.561	0.788
AZIN1	OAZ2	9606.ENSP00000337180	9606.ENSP00000463013	0	0	0	0	0.049	0.757	0.500	0.940	0.992
AZIN1	OAZ3	9606.ENSP00000337180	9606.ENSP00000383784	0	0	0	0	0	0.809	0.500	0.943	0.994
AZIN1	OAZ1	9606.ENSP00000337180	9606.ENSP00000473381	0	0	0	0	0.047	0.973	0.500	0.941	0.999
BBOX1	TMLHE	9606.ENSP00000263182	9606.ENSP00000335261	0	0	0.156	0.752	0.060	0	0	0.340	0.431
BBOX1	BCAT2	9606.ENSP00000263182	9606.ENSP00000322991	0	0	0	0	0	0	0.585	0.113	0.616
BBOX1	BCAT1	9606.ENSP00000263182	9606.ENSP00000443459	0	0	0	0	0	0	0.585	0.113	0.616
BCAT1	MRI1	9606.ENSP00000443459	9606.ENSP00000040663	0.100	0	0	0	0.074	0	0	0.349	0.410
BCAT1	DLD	9606.ENSP00000443459	9606.ENSP00000205402	0	0	0	0	0.062	0	0.385	0.346	0.590
BCAT1	GSR	9606.ENSP00000443459	9606.ENSP00000221130	0	0	0	0	0.055	0	0.385	0.239	0.519
BCAT1	PDHX	9606.ENSP00000443459	9606.ENSP00000227868	0.061	0	0	0	0.053	0.091	0.414	0.207	0.556
BCAT1	ODC1	9606.ENSP00000443459	9606.ENSP00000234111	0.101	0	0	0	0.087	0.071	0	0.334	0.424
BCAT1	GOT2	9606.ENSP00000443459	9606.ENSP00000245206	0	0	0	0	0.057	0	0	0.421	0.431
BCAT1	BHMT2	9606.ENSP00000443459	9606.ENSP00000255192	0.102	0	0	0	0	0	0.248	0.239	0.441
BCAT1	SLC7A5	9606.ENSP00000443459	9606.ENSP00000261622	0	0	0	0	0.084	0	0	0.486	0.509
BCAT1	HIBADH	9606.ENSP00000443459	9606.ENSP00000265395	0	0	0	0	0.049	0.162	0	0.509	0.574
BCAT1	BCKDHA	9606.ENSP00000443459	9606.ENSP00000269980	0.053	0	0	0	0.076	0	0.956	0.656	0.985
BCAT1	BHMT	9606.ENSP00000443459	9606.ENSP00000274353	0.102	0	0	0	0	0	0.248	0.184	0.401
BCAT1	GLUD1	9606.ENSP00000443459	9606.ENSP00000277865	0.107	0	0	0	0.126	0	0	0.527	0.599
BCAT1	DLAT	9606.ENSP00000443459	9606.ENSP00000280346	0.061	0	0	0	0.060	0.091	0.414	0.235	0.575
BCAT1	NAGS	9606.ENSP00000443459	9606.ENSP00000293404	0.057	0	0	0	0.103	0	0	0.348	0.401
BCAT1	PDHB	9606.ENSP00000443459	9606.ENSP00000307241	0.053	0	0	0	0.118	0.091	0.585	0.352	0.759
BCAT1	GLUL	9606.ENSP00000443459	9606.ENSP00000307900	0.085	0	0	0	0.130	0	0	0.483	0.553
BCAT1	GRHPR	9606.ENSP00000443459	9606.ENSP00000313432	0	0	0	0	0.047	0.099	0.792	0.349	0.868
BCAT1	BCKDHB	9606.ENSP00000443459	9606.ENSP00000318351	0.053	0	0	0	0.125	0.091	0.968	0.609	0.989
BCAT1	SHMT1	9606.ENSP00000443459	9606.ENSP00000318868	0.111	0	0	0	0.074	0	0	0.511	0.562
BCAT1	BCAT2	9606.ENSP00000443459	9606.ENSP00000322991	0	0	0.062	0.956	0.049	0	0.900	0.083	0.907
BCAT1	GLUD2	9606.ENSP00000443459	9606.ENSP00000327589	0.107	0	0	0	0.121	0	0	0.434	0.518
BCAT1	TMLHE	9606.ENSP00000443459	9606.ENSP00000335261	0	0	0	0	0.054	0	0.585	0.082	0.608
BCAT1	DLST	9606.ENSP00000443459	9606.ENSP00000335304	0.061	0	0	0	0.052	0.074	0.414	0.207	0.547
BCAT1	GPT2	9606.ENSP00000443459	9606.ENSP00000345282	0.061	0	0	0	0.071	0	0.266	0.364	0.539
BCAT1	TAT	9606.ENSP00000443459	9606.ENSP00000348234	0.061	0	0	0	0.087	0	0.266	0.317	0.513
BCAT1	HIBCH	9606.ENSP00000443459	9606.ENSP00000352706	0	0	0	0	0.071	0	0	0.383	0.403
BCAT1	MTR	9606.ENSP00000443459	9606.ENSP00000355536	0.102	0	0	0	0.056	0	0.248	0.275	0.476
BCAT1	OAT	9606.ENSP00000443459	9606.ENSP00000357838	0.054	0	0	0	0	0	0	0.422	0.430
BCAT1	DBT	9606.ENSP00000443459	9606.ENSP00000359151	0.061	0	0	0	0.052	0.074	0.414	0.495	0.712
BCAT1	GCLM	9606.ENSP00000443459	9606.ENSP00000359258	0	0	0	0	0.062	0.074	0.900	0.119	0.913
BCAT1	GOT1	9606.ENSP00000443459	9606.ENSP00000359539	0	0	0	0	0.051	0	0	0.467	0.473
BCAT1	CTH	9606.ENSP00000443459	9606.ENSP00000359976	0.041	0	0	0	0.127	0.078	0.900	0.432	0.948
BCAT1	MAT1A	9606.ENSP00000443459	9606.ENSP00000361287	0.053	0	0	0	0.061	0	0.585	0.210	0.670
BCAT1	PSAT1	9606.ENSP00000443459	9606.ENSP00000365773	0	0	0	0	0.223	0	0	0.572	0.653
BCAT1	GLDC	9606.ENSP00000443459	9606.ENSP00000370737	0.056	0	0	0	0.097	0	0	0.488	0.526
BCAT1	BCKDK	9606.ENSP00000443459	9606.ENSP00000378405	0.042	0	0	0	0.067	0	0	0.582	0.594
BCAT1	GPT	9606.ENSP00000443459	9606.ENSP00000378408	0.061	0	0	0	0.060	0	0.266	0.299	0.485
BCAT1	PSPH	9606.ENSP00000443459	9606.ENSP00000378854	0.120	0	0	0	0.055	0	0.154	0.535	0.629
BCAT1	CBS	9606.ENSP00000443459	9606.ENSP00000381231	0.103	0	0	0	0.107	0	0	0.331	0.418
BCAT1	KYAT1	9606.ENSP00000443459	9606.ENSP00000399415	0.061	0	0	0	0.065	0	0.266	0.250	0.452
BCAT1	TXNRD1	9606.ENSP00000443459	9606.ENSP00000434516	0	0	0	0	0.081	0	0.385	0.194	0.505
BCAT1	PPM1K	9606.ENSP00000443459	9606.ENSP00000477341	0	0	0	0	0	0.050	0	0.402	0.407
BCAT1	PHGDH	9606.ENSP00000443459	9606.ENSP00000493382	0.096	0	0	0	0.164	0	0.122	0.362	0.520
BCAT1	GCLC	9606.ENSP00000443459	9606.ENSP00000497574	0	0	0	0	0	0	0.900	0.152	0.911
BCAT1	IL4I1	9606.ENSP00000443459	9606.ENSP00000472474	0	0	0	0	0.101	0.060	0.900	0.225	0.925
BCAT2	MRI1	9606.ENSP00000322991	9606.ENSP00000040663	0.100	0	0	0	0.092	0	0	0.349	0.421
BCAT2	DLD	9606.ENSP00000322991	9606.ENSP00000205402	0	0	0	0	0.095	0	0.385	0.405	0.640
BCAT2	GSR	9606.ENSP00000322991	9606.ENSP00000221130	0	0	0	0	0.060	0	0.385	0.215	0.507
BCAT2	PDHX	9606.ENSP00000322991	9606.ENSP00000227868	0.061	0	0	0	0.102	0.091	0.414	0.261	0.608
BCAT2	GOT2	9606.ENSP00000322991	9606.ENSP00000245206	0	0	0	0	0.074	0	0	0.420	0.441
BCAT2	BHMT2	9606.ENSP00000322991	9606.ENSP00000255192	0.102	0	0	0	0	0	0.248	0.186	0.402
BCAT2	SLC7A5	9606.ENSP00000322991	9606.ENSP00000261622	0	0	0	0	0.069	0	0	0.468	0.484
BCAT2	HIBADH	9606.ENSP00000322991	9606.ENSP00000265395	0	0	0	0	0.257	0	0	0.559	0.658
BCAT2	MCCC1	9606.ENSP00000322991	9606.ENSP00000265594	0.057	0	0	0	0.068	0	0	0.460	0.484
BCAT2	BCKDHA	9606.ENSP00000322991	9606.ENSP00000269980	0.053	0	0	0	0.152	0	0.956	0.933	0.997
BCAT2	GLUD1	9606.ENSP00000322991	9606.ENSP00000277865	0.107	0	0	0	0.179	0	0	0.517	0.616
BCAT2	DLAT	9606.ENSP00000322991	9606.ENSP00000280346	0.061	0	0	0	0.100	0.091	0.414	0.207	0.578
BCAT2	NAGS	9606.ENSP00000322991	9606.ENSP00000293404	0.057	0	0	0	0.103	0	0	0.407	0.455
BCAT2	PDHB	9606.ENSP00000322991	9606.ENSP00000307241	0.053	0	0	0	0.133	0.091	0.585	0.280	0.736
BCAT2	GLUL	9606.ENSP00000322991	9606.ENSP00000307900	0.085	0	0	0	0.130	0	0	0.509	0.576
BCAT2	GRHPR	9606.ENSP00000322991	9606.ENSP00000313432	0	0	0	0	0.075	0.099	0.792	0.361	0.874
BCAT2	BCKDHB	9606.ENSP00000322991	9606.ENSP00000318351	0.053	0	0	0	0.214	0.091	0.968	0.909	0.997
BCAT2	SHMT1	9606.ENSP00000322991	9606.ENSP00000318868	0.111	0	0	0	0.106	0	0	0.436	0.513
BCAT2	OAT	9606.ENSP00000322991	9606.ENSP00000357838	0.054	0	0	0	0.042	0	0	0.444	0.452
BCAT2	PHGDH	9606.ENSP00000322991	9606.ENSP00000493382	0.096	0	0	0	0.143	0	0.122	0.292	0.454
BCAT2	MTR	9606.ENSP00000322991	9606.ENSP00000355536	0.102	0	0	0	0	0	0.248	0.273	0.466
BCAT2	GLUD2	9606.ENSP00000322991	9606.ENSP00000327589	0.107	0	0	0	0.121	0	0	0.385	0.475
BCAT2	HIBCH	9606.ENSP00000322991	9606.ENSP00000352706	0	0	0	0	0.074	0	0	0.465	0.484
BCAT2	KYAT1	9606.ENSP00000322991	9606.ENSP00000399415	0.061	0	0	0	0.101	0	0.266	0.266	0.485
BCAT2	TXNRD1	9606.ENSP00000322991	9606.ENSP00000434516	0	0	0	0	0.055	0	0.385	0.194	0.491
BCAT2	PRODH	9606.ENSP00000322991	9606.ENSP00000349577	0.045	0	0	0	0	0.161	0	0.418	0.493
BCAT2	GLDC	9606.ENSP00000322991	9606.ENSP00000370737	0.056	0	0	0	0.077	0	0	0.473	0.501
BCAT2	MCCC2	9606.ENSP00000322991	9606.ENSP00000343657	0.046	0	0	0	0.083	0	0	0.481	0.506
BCAT2	TAT	9606.ENSP00000322991	9606.ENSP00000348234	0.061	0	0	0	0.087	0	0.266	0.322	0.516
BCAT2	GPT	9606.ENSP00000322991	9606.ENSP00000378408	0.061	0	0	0	0.072	0	0.266	0.346	0.526
BCAT2	PSPH	9606.ENSP00000322991	9606.ENSP00000378854	0.120	0	0	0	0.049	0	0.154	0.418	0.533
BCAT2	IVD	9606.ENSP00000322991	9606.ENSP00000499074	0	0	0	0	0.102	0	0	0.506	0.537
BCAT2	PSAT1	9606.ENSP00000322991	9606.ENSP00000365773	0	0	0	0	0.154	0	0	0.505	0.564
BCAT2	GPT2	9606.ENSP00000322991	9606.ENSP00000345282	0.061	0	0	0	0.062	0	0.266	0.435	0.586
BCAT2	PPM1K	9606.ENSP00000322991	9606.ENSP00000477341	0	0	0	0	0	0.050	0	0.621	0.624
BCAT2	MAT1A	9606.ENSP00000322991	9606.ENSP00000361287	0.053	0	0	0	0.054	0	0.585	0.192	0.659
BCAT2	DLST	9606.ENSP00000322991	9606.ENSP00000335304	0.061	0	0	0	0.314	0.074	0.414	0.207	0.672
BCAT2	TMLHE	9606.ENSP00000322991	9606.ENSP00000335261	0	0	0	0	0.247	0	0.585	0.082	0.688
BCAT2	BCKDK	9606.ENSP00000322991	9606.ENSP00000378405	0.042	0	0	0	0.125	0	0	0.728	0.752
BCAT2	DBT	9606.ENSP00000322991	9606.ENSP00000359151	0.061	0	0	0	0.103	0.074	0.414	0.585	0.776
BCAT2	GCLC	9606.ENSP00000322991	9606.ENSP00000497574	0	0	0	0	0	0	0.900	0.097	0.905
BCAT2	GCLM	9606.ENSP00000322991	9606.ENSP00000359258	0	0	0	0	0.060	0.074	0.900	0.073	0.908
BCAT2	IL4I1	9606.ENSP00000322991	9606.ENSP00000472474	0	0	0	0	0.119	0.060	0.900	0.174	0.922
BCAT2	CTH	9606.ENSP00000322991	9606.ENSP00000359976	0.041	0	0	0	0.106	0.078	0.900	0.405	0.944
BCKDHA	DLD	9606.ENSP00000269980	9606.ENSP00000205402	0.086	0	0	0	0.555	0.131	0.977	0.970	0.999
BCKDHA	GSR	9606.ENSP00000269980	9606.ENSP00000221130	0.086	0	0	0	0.554	0	0.385	0.194	0.771
BCKDHA	PDHX	9606.ENSP00000269980	9606.ENSP00000227868	0.095	0	0.272	0	0.615	0.312	0.633	0.389	0.951
BCKDHA	DHTKD1	9606.ENSP00000269980	9606.ENSP00000263035	0	0	0	0	0.058	0	0.573	0.262	0.677
BCKDHA	HIBADH	9606.ENSP00000269980	9606.ENSP00000265395	0	0	0	0	0.083	0	0	0.496	0.518
BCKDHA	MCCC1	9606.ENSP00000269980	9606.ENSP00000265594	0.099	0	0	0	0.186	0	0.176	0.577	0.710
BCKDHA	LIPT2	9606.ENSP00000269980	9606.ENSP00000309463	0.111	0	0	0	0.049	0	0	0.352	0.405
BCKDHA	SUOX	9606.ENSP00000269980	9606.ENSP00000377668	0.042	0	0	0	0.049	0	0	0.412	0.417
BCKDHA	GLDC	9606.ENSP00000269980	9606.ENSP00000370737	0	0	0	0	0.071	0	0	0.409	0.428
BCKDHA	HIBCH	9606.ENSP00000269980	9606.ENSP00000352706	0	0	0	0	0.118	0	0	0.447	0.492
BCKDHA	GLUD2	9606.ENSP00000269980	9606.ENSP00000327589	0.111	0	0	0	0.394	0	0.145	0.242	0.604
BCKDHA	GCDH	9606.ENSP00000269980	9606.ENSP00000466845	0.047	0	0	0	0.205	0	0.265	0.382	0.610
BCKDHA	GLUD1	9606.ENSP00000269980	9606.ENSP00000277865	0.111	0	0	0	0.409	0	0.145	0.339	0.663
BCKDHA	PDHA1	9606.ENSP00000269980	9606.ENSP00000369134	0	0	0.180	0.652	0.075	0.190	0.400	0.227	0.663
BCKDHA	GCSH	9606.ENSP00000269980	9606.ENSP00000319531	0	0	0	0	0.055	0	0.500	0.425	0.704
BCKDHA	LIPT1	9606.ENSP00000269980	9606.ENSP00000377115	0.120	0	0	0	0.219	0	0.400	0.421	0.729
BCKDHA	TXNRD1	9606.ENSP00000269980	9606.ENSP00000434516	0.086	0	0	0	0.552	0	0.385	0.194	0.770
BCKDHA	CTH	9606.ENSP00000269980	9606.ENSP00000359976	0.055	0	0	0	0.062	0	0.800	0.104	0.820
BCKDHA	IVD	9606.ENSP00000269980	9606.ENSP00000499074	0.047	0	0	0	0.370	0	0.265	0.641	0.820
BCKDHA	MCCC2	9606.ENSP00000269980	9606.ENSP00000343657	0.098	0	0	0	0.213	0	0.585	0.538	0.846
BCKDHA	OGDH	9606.ENSP00000269980	9606.ENSP00000388183	0	0	0	0	0.067	0	0.800	0.402	0.879
BCKDHA	IL4I1	9606.ENSP00000269980	9606.ENSP00000472474	0	0	0	0	0.054	0	0.900	0.119	0.909
BCKDHA	BCKDK	9606.ENSP00000269980	9606.ENSP00000378405	0	0	0	0	0.245	0.307	0.540	0.767	0.936
BCKDHA	DLAT	9606.ENSP00000269980	9606.ENSP00000280346	0.095	0	0.220	0	0.612	0.312	0.633	0.355	0.945
BCKDHA	DLST	9606.ENSP00000269980	9606.ENSP00000335304	0.095	0	0	0	0.613	0.312	0.828	0.249	0.963
BCKDHA	PPM1K	9606.ENSP00000269980	9606.ENSP00000477341	0	0	0	0	0.074	0.832	0.400	0.677	0.965
BCKDHA	BCKDHB	9606.ENSP00000269980	9606.ENSP00000318351	0.111	0.900	0.531	0	0.730	0.996	0.978	0.998	0.999
BCKDHA	PDHB	9606.ENSP00000269980	9606.ENSP00000307241	0.111	0.899	0.444	0	0.695	0.776	0.740	0.398	0.999
BCKDHA	DBT	9606.ENSP00000269980	9606.ENSP00000359151	0.095	0	0.446	0	0.624	0.312	0.950	0.890	0.999
BCKDHB	DLD	9606.ENSP00000318351	9606.ENSP00000205402	0.086	0.016	0	0	0.563	0.290	0.979	0.948	0.999
BCKDHB	GSR	9606.ENSP00000318351	9606.ENSP00000221130	0.086	0.004	0	0	0.557	0.290	0.385	0.194	0.831
BCKDHB	PDHX	9606.ENSP00000318351	9606.ENSP00000227868	0.095	0.023	0.340	0	0.641	0.516	0.633	0.348	0.969
BCKDHB	DHTKD1	9606.ENSP00000318351	9606.ENSP00000263035	0	0	0	0	0.138	0	0.580	0.432	0.776
BCKDHB	HIBADH	9606.ENSP00000318351	9606.ENSP00000265395	0	0	0	0	0.257	0	0	0.514	0.623
BCKDHB	MCCC1	9606.ENSP00000318351	9606.ENSP00000265594	0.097	0	0	0	0.217	0.265	0.130	0.573	0.772
BCKDHB	GLUD1	9606.ENSP00000318351	9606.ENSP00000277865	0.111	0	0	0	0.339	0	0.145	0.355	0.633
BCKDHB	DLAT	9606.ENSP00000318351	9606.ENSP00000280346	0.095	0.092	0.267	0	0.657	0.516	0.633	0.338	0.968
BCKDHB	QDPR	9606.ENSP00000318351	9606.ENSP00000281243	0.046	0	0	0	0.121	0.047	0	0.343	0.405
BCKDHB	PDHB	9606.ENSP00000318351	9606.ENSP00000307241	0	0	0.132	0.803	0.111	0	0.476	0.064	0.571
BCKDHB	GLDC	9606.ENSP00000318351	9606.ENSP00000370737	0	0	0	0	0.073	0	0	0.489	0.506
BCKDHB	GLUD2	9606.ENSP00000318351	9606.ENSP00000327589	0.111	0	0	0	0.316	0	0.145	0.266	0.567
BCKDHB	GCDH	9606.ENSP00000318351	9606.ENSP00000466845	0.049	0	0	0	0.115	0.053	0.265	0.389	0.577
BCKDHB	HIBCH	9606.ENSP00000318351	9606.ENSP00000352706	0	0	0	0	0.225	0	0	0.517	0.610
BCKDHB	GCSH	9606.ENSP00000318351	9606.ENSP00000319531	0	0	0	0	0.125	0	0.500	0.439	0.733
BCKDHB	IVD	9606.ENSP00000318351	9606.ENSP00000499074	0.049	0	0	0	0.224	0.053	0.265	0.561	0.733
BCKDHB	LIPT1	9606.ENSP00000318351	9606.ENSP00000377115	0.120	0.193	0	0	0.259	0	0.400	0.343	0.755
BCKDHB	OGDH	9606.ENSP00000318351	9606.ENSP00000388183	0	0	0	0	0.153	0	0.678	0.388	0.819
BCKDHB	TXNRD1	9606.ENSP00000318351	9606.ENSP00000434516	0.086	0	0	0	0.554	0.290	0.385	0.194	0.830
BCKDHB	MCCC2	9606.ENSP00000318351	9606.ENSP00000343657	0.099	0	0	0	0.164	0	0.585	0.547	0.839
BCKDHB	CTH	9606.ENSP00000318351	9606.ENSP00000359976	0.056	0	0	0	0.075	0	0.800	0.193	0.840
BCKDHB	BCKDK	9606.ENSP00000318351	9606.ENSP00000378405	0	0	0	0	0.118	0.095	0.540	0.643	0.851
BCKDHB	IL4I1	9606.ENSP00000318351	9606.ENSP00000472474	0	0	0	0	0.076	0	0.900	0.079	0.907
BCKDHB	PPM1K	9606.ENSP00000318351	9606.ENSP00000477341	0	0	0	0	0.042	0.848	0.400	0.624	0.962
BCKDHB	DLST	9606.ENSP00000318351	9606.ENSP00000335304	0.095	0.058	0.200	0	0.630	0.516	0.718	0.276	0.968
BCKDHB	PDHA1	9606.ENSP00000318351	9606.ENSP00000369134	0	0.899	0.475	0	0.159	0.296	0.553	0.353	0.988
BCKDHB	DBT	9606.ENSP00000318351	9606.ENSP00000359151	0.095	0	0.470	0	0.734	0.690	0.954	0.821	0.999
BCKDK	HSD17B10	9606.ENSP00000378405	9606.ENSP00000168216	0	0	0	0	0.092	0	0	0.440	0.469
BCKDK	DLD	9606.ENSP00000378405	9606.ENSP00000205402	0	0	0	0	0.067	0.045	0.588	0.453	0.773
BCKDK	PDHX	9606.ENSP00000378405	9606.ENSP00000227868	0	0	0	0	0.067	0.204	0.147	0.255	0.464
BCKDK	MCCC1	9606.ENSP00000378405	9606.ENSP00000265594	0	0	0	0	0.049	0.094	0	0.486	0.518
BCKDK	PSMC5	9606.ENSP00000378405	9606.ENSP00000310572	0	0.359	0	0	0.067	0.046	0	0.115	0.428
BCKDK	GRHPR	9606.ENSP00000378405	9606.ENSP00000313432	0.057	0	0	0	0.127	0	0.167	0.253	0.420
BCKDK	DLST	9606.ENSP00000378405	9606.ENSP00000335304	0	0	0	0	0.109	0.204	0.590	0.134	0.715
BCKDK	HIBCH	9606.ENSP00000378405	9606.ENSP00000352706	0	0	0	0	0.124	0.296	0	0.264	0.507
BCKDK	DBT	9606.ENSP00000378405	9606.ENSP00000359151	0	0	0	0	0.108	0.204	0.590	0.450	0.818
BCKDK	SUOX	9606.ENSP00000378405	9606.ENSP00000377668	0	0	0	0	0.198	0	0	0.395	0.494
BCKDK	GCDH	9606.ENSP00000378405	9606.ENSP00000466845	0	0	0	0	0.118	0	0	0.472	0.515
BCKDK	OGDH	9606.ENSP00000378405	9606.ENSP00000388183	0	0	0	0	0.149	0	0.540	0.145	0.636
BCKDK	PSMC2	9606.ENSP00000378405	9606.ENSP00000391211	0	0.672	0	0	0.049	0.046	0	0.115	0.701
BCKDK	PPM1K	9606.ENSP00000378405	9606.ENSP00000477341	0	0	0	0	0.071	0.269	0	0.788	0.843
BHMT	MRI1	9606.ENSP00000274353	9606.ENSP00000040663	0	0	0	0	0.292	0	0	0.315	0.494
BHMT	DLD	9606.ENSP00000274353	9606.ENSP00000205402	0	0	0	0	0	0	0.312	0.238	0.454
BHMT	GSR	9606.ENSP00000274353	9606.ENSP00000221130	0	0	0	0	0	0	0.312	0.335	0.522
BHMT	PDHX	9606.ENSP00000274353	9606.ENSP00000227868	0	0	0	0	0	0	0.352	0.133	0.414
BHMT	DAO	9606.ENSP00000274353	9606.ENSP00000228476	0	0	0	0	0.183	0	0.352	0.200	0.540
BHMT	CDO1	9606.ENSP00000274353	9606.ENSP00000250535	0	0	0	0	0.123	0	0	0.460	0.506
BHMT	BHMT2	9606.ENSP00000274353	9606.ENSP00000255192	0	0	0.051	0.978	0.164	0.626	0.900	0.062	0.967
BHMT	KYAT3	9606.ENSP00000274353	9606.ENSP00000260508	0	0	0	0	0.067	0	0.913	0.137	0.923
BHMT	MARS1	9606.ENSP00000274353	9606.ENSP00000262027	0.042	0	0	0	0.123	0	0	0.344	0.400
BHMT	CSAD	9606.ENSP00000274353	9606.ENSP00000267085	0.041	0	0	0	0.059	0	0	0.513	0.523
BHMT	CPS1	9606.ENSP00000274353	9606.ENSP00000402608	0	0	0	0	0.119	0	0	0.354	0.407
BHMT	DLST	9606.ENSP00000274353	9606.ENSP00000335304	0	0	0	0	0	0	0.352	0.133	0.414
BHMT	DLAT	9606.ENSP00000274353	9606.ENSP00000280346	0	0	0	0	0	0	0.352	0.133	0.414
BHMT	OAT	9606.ENSP00000274353	9606.ENSP00000357838	0.054	0	0	0	0.137	0	0	0.345	0.419
BHMT	TXNRD1	9606.ENSP00000274353	9606.ENSP00000434516	0	0	0	0	0	0	0.312	0.196	0.423
BHMT	GPT	9606.ENSP00000274353	9606.ENSP00000378408	0	0	0	0	0.079	0	0.166	0.319	0.432
BHMT	PAH	9606.ENSP00000274353	9606.ENSP00000448059	0	0	0	0	0.199	0	0	0.328	0.439
BHMT	GADL1	9606.ENSP00000274353	9606.ENSP00000282538	0.041	0	0	0	0.059	0	0	0.440	0.450
BHMT	DDO	9606.ENSP00000274353	9606.ENSP00000357920	0	0	0	0	0.102	0	0.352	0.135	0.453
BHMT	TST	9606.ENSP00000274353	9606.ENSP00000385828	0	0	0	0	0	0	0.279	0.280	0.459
BHMT	DBT	9606.ENSP00000274353	9606.ENSP00000359151	0	0	0	0	0	0	0.352	0.219	0.472
BHMT	FTCD	9606.ENSP00000274353	9606.ENSP00000380856	0.074	0	0	0	0.227	0	0	0.334	0.482
BHMT	HPD	9606.ENSP00000274353	9606.ENSP00000289004	0	0	0	0	0.280	0	0	0.336	0.502
BHMT	GAMT	9606.ENSP00000274353	9606.ENSP00000403536	0	0	0	0	0.076	0	0	0.488	0.507
BHMT	PHGDH	9606.ENSP00000274353	9606.ENSP00000493382	0	0	0	0	0.293	0	0	0.335	0.510
BHMT	GCSH	9606.ENSP00000274353	9606.ENSP00000319531	0.043	0	0	0	0	0	0.402	0.241	0.527
BHMT	SLC6A12	9606.ENSP00000274353	9606.ENSP00000399136	0	0	0	0	0.096	0	0	0.538	0.564
BHMT	PIPOX	9606.ENSP00000274353	9606.ENSP00000317721	0	0	0	0	0.113	0	0.352	0.303	0.565
BHMT	MTRR	9606.ENSP00000274353	9606.ENSP00000402510	0.053	0	0	0	0.110	0	0	0.799	0.816
BHMT	GLDC	9606.ENSP00000274353	9606.ENSP00000370737	0.057	0	0	0	0.121	0	0.673	0.426	0.823
BHMT	GNMT	9606.ENSP00000274353	9606.ENSP00000361894	0	0	0	0	0.123	0	0	0.829	0.844
BHMT	SHMT1	9606.ENSP00000274353	9606.ENSP00000318868	0	0	0	0	0.053	0	0.449	0.775	0.872
BHMT	IL4I1	9606.ENSP00000274353	9606.ENSP00000472474	0	0	0	0	0	0	0.900	0.082	0.904
BHMT	KYAT1	9606.ENSP00000274353	9606.ENSP00000399415	0	0	0	0	0.067	0	0.913	0.160	0.925
BHMT	TAT	9606.ENSP00000274353	9606.ENSP00000348234	0	0	0	0	0.126	0	0.913	0.226	0.936
BHMT	MTR	9606.ENSP00000274353	9606.ENSP00000355536	0	0	0	0.571	0	0	0.900	0.529	0.950
BHMT	CBS	9606.ENSP00000274353	9606.ENSP00000381231	0.088	0	0	0	0.064	0	0.909	0.833	0.985
BHMT	MAT1A	9606.ENSP00000274353	9606.ENSP00000361287	0.100	0	0	0	0.138	0	0.942	0.778	0.988
BHMT	CTH	9606.ENSP00000274353	9606.ENSP00000359976	0.115	0	0	0	0.363	0	0.931	0.783	0.990
BHMT2	MRI1	9606.ENSP00000255192	9606.ENSP00000040663	0	0	0	0	0.292	0	0	0.507	0.636
BHMT2	DLD	9606.ENSP00000255192	9606.ENSP00000205402	0	0	0	0	0	0	0.312	0.284	0.486
BHMT2	GSR	9606.ENSP00000255192	9606.ENSP00000221130	0	0	0	0	0	0	0.312	0.217	0.438
BHMT2	PDHX	9606.ENSP00000255192	9606.ENSP00000227868	0	0	0	0	0	0	0.352	0.133	0.414
BHMT2	DAO	9606.ENSP00000255192	9606.ENSP00000228476	0	0	0	0	0.133	0	0.352	0.135	0.472
BHMT2	TST	9606.ENSP00000255192	9606.ENSP00000385828	0	0	0	0	0	0	0.279	0.215	0.409
BHMT2	DLST	9606.ENSP00000255192	9606.ENSP00000335304	0	0	0	0	0	0	0.352	0.133	0.414
BHMT2	DBT	9606.ENSP00000255192	9606.ENSP00000359151	0	0	0	0	0	0	0.352	0.133	0.414
BHMT2	OAT	9606.ENSP00000255192	9606.ENSP00000357838	0.054	0	0	0	0.137	0	0	0.341	0.415
BHMT2	DLAT	9606.ENSP00000255192	9606.ENSP00000280346	0	0	0	0	0	0	0.352	0.158	0.431
BHMT2	PIPOX	9606.ENSP00000255192	9606.ENSP00000317721	0	0	0	0	0.074	0	0.352	0.135	0.436
BHMT2	SLC6A12	9606.ENSP00000255192	9606.ENSP00000399136	0	0	0	0	0.055	0	0	0.428	0.437
BHMT2	PHGDH	9606.ENSP00000255192	9606.ENSP00000493382	0	0	0	0	0.293	0	0	0.255	0.451
BHMT2	DDO	9606.ENSP00000255192	9606.ENSP00000357920	0	0	0	0	0.124	0	0.352	0.135	0.466
BHMT2	HNMT	9606.ENSP00000255192	9606.ENSP00000280097	0	0	0	0	0.060	0	0	0.507	0.516
BHMT2	ENOPH1	9606.ENSP00000255192	9606.ENSP00000273920	0	0	0	0	0	0	0	0.524	0.524
BHMT2	GNMT	9606.ENSP00000255192	9606.ENSP00000361894	0	0	0	0	0.110	0	0	0.541	0.574
BHMT2	GCSH	9606.ENSP00000255192	9606.ENSP00000319531	0.043	0	0	0	0	0	0.402	0.326	0.580
BHMT2	SHMT1	9606.ENSP00000255192	9606.ENSP00000318868	0	0	0	0	0.047	0	0.449	0.625	0.786
BHMT2	GLDC	9606.ENSP00000255192	9606.ENSP00000370737	0.057	0	0	0	0.109	0	0.673	0.391	0.810
BHMT2	MTRR	9606.ENSP00000255192	9606.ENSP00000402510	0.053	0	0	0	0.110	0	0	0.795	0.812
BHMT2	IL4I1	9606.ENSP00000255192	9606.ENSP00000472474	0	0	0	0	0	0	0.900	0.081	0.904
BHMT2	KYAT1	9606.ENSP00000255192	9606.ENSP00000399415	0	0	0	0	0.067	0	0.913	0.137	0.923
BHMT2	TAT	9606.ENSP00000255192	9606.ENSP00000348234	0	0	0	0	0.074	0	0.913	0.297	0.938
BHMT2	KYAT3	9606.ENSP00000255192	9606.ENSP00000260508	0	0	0	0	0.067	0	0.913	0.321	0.940
BHMT2	MTR	9606.ENSP00000255192	9606.ENSP00000355536	0	0	0	0.573	0	0	0.900	0.525	0.950
BHMT2	CBS	9606.ENSP00000255192	9606.ENSP00000381231	0.088	0	0	0	0.064	0	0.909	0.659	0.970
BHMT2	CTH	9606.ENSP00000255192	9606.ENSP00000359976	0.115	0	0	0	0.360	0	0.931	0.533	0.979
BHMT2	MAT1A	9606.ENSP00000255192	9606.ENSP00000361287	0.100	0	0	0	0.114	0	0.942	0.636	0.981
CARNMT1	CNDP2	9606.ENSP00000366030	9606.ENSP00000325548	0	0	0	0	0	0	0.900	0.385	0.935
CARNMT1	PSMD14	9606.ENSP00000366030	9606.ENSP00000386541	0	0.510	0	0	0.071	0.056	0	0	0.533
CARNMT1	CARNS1	9606.ENSP00000366030	9606.ENSP00000389009	0	0	0	0	0	0	0.900	0.779	0.976
CARNS1	HAL	9606.ENSP00000389009	9606.ENSP00000261208	0	0	0	0	0.086	0	0.900	0.057	0.906
CARNS1	HDC	9606.ENSP00000389009	9606.ENSP00000267845	0	0	0	0	0	0	0.900	0.249	0.921
CARNS1	GLUD1	9606.ENSP00000389009	9606.ENSP00000277865	0.045	0	0	0	0	0	0.800	0.067	0.806
CARNS1	GADL1	9606.ENSP00000389009	9606.ENSP00000282538	0	0	0	0	0	0	0.900	0.287	0.925
CARNS1	GLUL	9606.ENSP00000389009	9606.ENSP00000307900	0	0	0	0	0.072	0	0.800	0.284	0.855
CARNS1	GLS2	9606.ENSP00000389009	9606.ENSP00000310447	0	0	0	0	0.083	0	0.800	0	0.808
CARNS1	GLS	9606.ENSP00000389009	9606.ENSP00000317379	0	0	0	0	0	0	0.800	0	0.800
CARNS1	CNDP2	9606.ENSP00000389009	9606.ENSP00000325548	0.057	0	0	0	0.055	0	0.900	0.639	0.963
CARNS1	GLUD2	9606.ENSP00000389009	9606.ENSP00000327589	0.045	0	0	0	0	0	0.800	0.067	0.806
CARNS1	GATM	9606.ENSP00000389009	9606.ENSP00000379895	0	0	0	0	0.074	0	0.900	0	0.903
CBS	CRYM	9606.ENSP00000381231	9606.ENSP00000219599	0.120	0	0	0	0.205	0	0.217	0.341	0.590
CBS	GSR	9606.ENSP00000381231	9606.ENSP00000221130	0	0	0	0	0.042	0.071	0	0.452	0.470
CBS	DAO	9606.ENSP00000381231	9606.ENSP00000228476	0	0	0	0	0.057	0	0	0.665	0.670
CBS	ODC1	9606.ENSP00000381231	9606.ENSP00000234111	0.102	0	0	0	0.082	0	0	0.411	0.473
CBS	CDO1	9606.ENSP00000381231	9606.ENSP00000250535	0	0	0	0	0.101	0	0	0.646	0.668
CBS	KYAT3	9606.ENSP00000381231	9606.ENSP00000260508	0.042	0	0	0	0.062	0.048	0.907	0.265	0.931
CBS	MARS1	9606.ENSP00000381231	9606.ENSP00000262027	0.076	0	0	0	0.185	0	0	0.533	0.617
CBS	PAPSS1	9606.ENSP00000381231	9606.ENSP00000265174	0.100	0	0	0	0.408	0	0	0.400	0.653
CBS	CSAD	9606.ENSP00000381231	9606.ENSP00000267085	0.060	0.073	0	0	0.042	0	0	0.503	0.529
CBS	ENOPH1	9606.ENSP00000381231	9606.ENSP00000273920	0	0	0	0	0.044	0.214	0	0.335	0.457
CBS	GADL1	9606.ENSP00000381231	9606.ENSP00000282538	0.060	0.034	0	0	0	0	0	0.394	0.406
CBS	ETHE1	9606.ENSP00000381231	9606.ENSP00000292147	0	0	0	0	0.070	0	0	0.636	0.647
CBS	GLUL	9606.ENSP00000381231	9606.ENSP00000307900	0.043	0	0	0	0.074	0	0	0.694	0.705
CBS	SHMT1	9606.ENSP00000381231	9606.ENSP00000318868	0.057	0	0	0	0.151	0	0.900	0.862	0.987
CBS	KARS1	9606.ENSP00000381231	9606.ENSP00000325448	0.120	0	0	0	0.150	0.060	0	0.316	0.455
CBS	TPO	9606.ENSP00000381231	9606.ENSP00000329869	0	0	0	0	0	0	0	0.666	0.666
CBS	GPT2	9606.ENSP00000381231	9606.ENSP00000345282	0.042	0	0	0	0.153	0.048	0.109	0.319	0.446
CBS	RPS3A	9606.ENSP00000381231	9606.ENSP00000346050	0	0	0	0	0.075	0.091	0	0.531	0.571
CBS	MTR	9606.ENSP00000381231	9606.ENSP00000355536	0.088	0	0	0	0.057	0	0.909	0.933	0.994
CBS	OAT	9606.ENSP00000381231	9606.ENSP00000357838	0.095	0	0	0	0.059	0.223	0	0.450	0.587
CBS	GCLM	9606.ENSP00000381231	9606.ENSP00000359258	0.055	0	0	0	0.099	0.073	0	0.416	0.478
CBS	GOT1	9606.ENSP00000381231	9606.ENSP00000359539	0	0	0	0	0.118	0.071	0	0.382	0.450
CBS	CTH	9606.ENSP00000381231	9606.ENSP00000359976	0.120	0.242	0.364	0	0.710	0.291	0.978	0.971	0.999
CBS	MAT1A	9606.ENSP00000381231	9606.ENSP00000361287	0.053	0	0	0	0.136	0	0.188	0.797	0.847
CBS	GNMT	9606.ENSP00000381231	9606.ENSP00000361894	0	0	0	0	0.122	0	0	0.685	0.712
CBS	PSAT1	9606.ENSP00000381231	9606.ENSP00000365773	0.086	0	0	0	0.163	0	0	0.571	0.643
CBS	GLDC	9606.ENSP00000381231	9606.ENSP00000370737	0	0	0	0	0.152	0	0	0.464	0.526
CBS	GCAT	9606.ENSP00000381231	9606.ENSP00000371110	0.057	0	0	0	0.072	0	0	0.405	0.434
CBS	SUOX	9606.ENSP00000381231	9606.ENSP00000377668	0.061	0	0	0	0.141	0	0	0.649	0.692
CBS	GPT	9606.ENSP00000381231	9606.ENSP00000378408	0.042	0	0	0	0.056	0.048	0.109	0.366	0.425
CBS	PSPH	9606.ENSP00000381231	9606.ENSP00000378854	0.059	0	0	0	0.083	0	0.911	0.557	0.961
CBS	FTCD	9606.ENSP00000381231	9606.ENSP00000380856	0	0	0	0	0.160	0	0	0.351	0.432
CBS	GCDH	9606.ENSP00000381231	9606.ENSP00000466845	0	0	0	0	0.242	0	0	0.254	0.411
CBS	CPS1	9606.ENSP00000381231	9606.ENSP00000402608	0.052	0	0	0	0.167	0.051	0	0.308	0.412
CBS	SCLY	9606.ENSP00000381231	9606.ENSP00000499199	0.111	0	0	0	0.155	0	0	0.432	0.536
CBS	GCLC	9606.ENSP00000381231	9606.ENSP00000497574	0	0	0	0	0.086	0.095	0	0.558	0.603
CBS	MTAP	9606.ENSP00000381231	9606.ENSP00000494373	0.107	0	0	0	0.078	0	0	0.600	0.642
CBS	PAPSS2	9606.ENSP00000381231	9606.ENSP00000406157	0.100	0	0	0	0.400	0	0	0.396	0.645
CBS	SQOR	9606.ENSP00000381231	9606.ENSP00000456019	0.042	0	0	0	0	0	0	0.683	0.683
CBS	PHGDH	9606.ENSP00000381231	9606.ENSP00000493382	0.100	0	0	0	0.325	0.071	0	0.509	0.686
CBS	TST	9606.ENSP00000381231	9606.ENSP00000385828	0.111	0	0	0	0.137	0	0	0.682	0.735
CBS	KYAT1	9606.ENSP00000381231	9606.ENSP00000399415	0.042	0	0	0	0.086	0.048	0.907	0.297	0.935
CBS	MTRR	9606.ENSP00000381231	9606.ENSP00000402510	0.073	0.018	0	0	0.315	0	0.352	0.935	0.970
CDO1	GOT2	9606.ENSP00000250535	9606.ENSP00000245206	0	0	0	0	0.072	0	0.911	0.257	0.933
CDO1	GNMT	9606.ENSP00000250535	9606.ENSP00000361894	0	0	0	0	0.087	0	0	0.385	0.415
CDO1	KARS1	9606.ENSP00000250535	9606.ENSP00000325448	0	0	0	0	0.140	0	0	0.362	0.428
CDO1	MAT1A	9606.ENSP00000250535	9606.ENSP00000361287	0	0	0	0	0.111	0	0	0.389	0.434
CDO1	MTR	9606.ENSP00000250535	9606.ENSP00000355536	0	0	0	0	0.110	0	0	0.393	0.437
CDO1	SQOR	9606.ENSP00000250535	9606.ENSP00000456019	0	0	0	0	0	0	0	0.513	0.513
CDO1	TST	9606.ENSP00000250535	9606.ENSP00000385828	0	0	0	0	0.104	0	0	0.505	0.538
CDO1	ETHE1	9606.ENSP00000250535	9606.ENSP00000292147	0	0	0	0	0.069	0	0	0.597	0.608
CDO1	TXNRD1	9606.ENSP00000250535	9606.ENSP00000434516	0	0	0	0	0.163	0.422	0	0.263	0.612
CDO1	SUOX	9606.ENSP00000250535	9606.ENSP00000377668	0	0	0	0	0	0	0	0.710	0.710
CDO1	GCLC	9606.ENSP00000250535	9606.ENSP00000497574	0	0	0	0	0.044	0	0.800	0.271	0.848
CDO1	GCLM	9606.ENSP00000250535	9606.ENSP00000359258	0	0	0	0	0.106	0	0.800	0.266	0.857
CDO1	KYAT1	9606.ENSP00000250535	9606.ENSP00000399415	0	0	0	0	0.049	0	0.900	0.078	0.904
CDO1	KYAT3	9606.ENSP00000250535	9606.ENSP00000260508	0	0	0	0	0.049	0	0.900	0.105	0.907
CDO1	GOT1	9606.ENSP00000250535	9606.ENSP00000359539	0	0	0	0	0.058	0	0.913	0.326	0.940
CDO1	CTH	9606.ENSP00000250535	9606.ENSP00000359976	0	0	0	0	0.042	0	0.913	0.716	0.974
CDO1	GADL1	9606.ENSP00000250535	9606.ENSP00000282538	0	0	0	0	0	0	0.912	0.743	0.976
CDO1	CSAD	9606.ENSP00000250535	9606.ENSP00000267085	0	0	0	0	0.049	0	0.913	0.826	0.984
CGA	TSHB	9606.ENSP00000482232	9606.ENSP00000256592	0	0	0	0	0.245	0.900	0.900	0.981	0.999
CKB	CKM	9606.ENSP00000299198	9606.ENSP00000221476	0	0	0.050	0.981	0.043	0.847	0.967	0.416	0.996
CKB	GOT2	9606.ENSP00000299198	9606.ENSP00000245206	0	0	0	0	0.057	0.071	0	0.438	0.465
CKB	SLC6A8	9606.ENSP00000299198	9606.ENSP00000253122	0	0	0	0	0.099	0	0	0.850	0.859
CKB	GOT1	9606.ENSP00000299198	9606.ENSP00000359539	0	0	0	0	0.079	0.068	0	0.502	0.536
CKB	GAMT	9606.ENSP00000299198	9606.ENSP00000403536	0	0	0	0	0.073	0	0.913	0.359	0.944
CKM	GATM	9606.ENSP00000221476	9606.ENSP00000379895	0	0	0.210	0	0.057	0.045	0	0.270	0.411
CKM	GOT2	9606.ENSP00000221476	9606.ENSP00000245206	0	0	0	0	0.049	0.071	0	0.398	0.422
CKM	RPL3L	9606.ENSP00000221476	9606.ENSP00000268661	0	0	0	0	0.422	0	0	0	0.422
CKM	GOT1	9606.ENSP00000221476	9606.ENSP00000359539	0	0	0	0	0.061	0.068	0	0.464	0.490
CKM	CKMT2	9606.ENSP00000221476	9606.ENSP00000404203	0	0	0.057	0.966	0.654	0.600	0	0.093	0.866
CKM	GAMT	9606.ENSP00000221476	9606.ENSP00000403536	0	0	0	0	0.061	0	0.913	0.383	0.945
CKMT1A	GOT2	9606.ENSP00000406577	9606.ENSP00000245206	0	0	0	0	0.049	0.071	0	0.430	0.453
CKMT1A	SLC6A8	9606.ENSP00000406577	9606.ENSP00000253122	0	0	0	0	0.085	0	0	0.503	0.526
CKMT1A	GOT1	9606.ENSP00000406577	9606.ENSP00000359539	0	0	0	0	0.081	0.068	0	0.541	0.572
CKMT1A	GATM	9606.ENSP00000406577	9606.ENSP00000379895	0	0	0	0	0.068	0.045	0	0.629	0.640
CKMT1A	GAMT	9606.ENSP00000406577	9606.ENSP00000403536	0	0	0	0	0.055	0	0.134	0.551	0.601
CKMT1A	CKMT2	9606.ENSP00000406577	9606.ENSP00000404203	0	0	0.050	0.980	0	0.664	0.467	0.060	0.818
CKMT2	GOT2	9606.ENSP00000404203	9606.ENSP00000245206	0	0	0	0	0.049	0.071	0	0.435	0.457
CKMT2	SLC6A8	9606.ENSP00000404203	9606.ENSP00000253122	0	0	0	0	0.046	0	0	0.511	0.513
CKMT2	GOT1	9606.ENSP00000404203	9606.ENSP00000359539	0	0	0	0	0.057	0.068	0	0.527	0.549
CKMT2	GATM	9606.ENSP00000404203	9606.ENSP00000379895	0	0	0.200	0	0.093	0.045	0	0.471	0.584
CKMT2	GAMT	9606.ENSP00000404203	9606.ENSP00000403536	0	0	0	0	0.055	0	0.909	0.530	0.956
CNDP2	OTC	9606.ENSP00000325548	9606.ENSP00000039007	0.095	0	0	0	0.049	0	0.510	0.207	0.620
CNDP2	ODC1	9606.ENSP00000325548	9606.ENSP00000234111	0.069	0	0	0	0	0	0.312	0.237	0.468
CNDP2	KYAT3	9606.ENSP00000325548	9606.ENSP00000260508	0.057	0	0	0	0.049	0	0.229	0.398	0.528
CNDP2	HAL	9606.ENSP00000325548	9606.ENSP00000261208	0.105	0	0	0	0	0	0.900	0.354	0.937
CNDP2	HDC	9606.ENSP00000325548	9606.ENSP00000267845	0	0	0	0	0.081	0	0.907	0.488	0.952
CNDP2	GLUD1	9606.ENSP00000325548	9606.ENSP00000277865	0.045	0	0	0	0.073	0	0.800	0.072	0.813
CNDP2	GADL1	9606.ENSP00000325548	9606.ENSP00000282538	0	0	0	0	0.081	0	0.907	0.110	0.918
CNDP2	NAGS	9606.ENSP00000325548	9606.ENSP00000293404	0.106	0	0	0	0.116	0	0	0.346	0.438
CNDP2	GLUL	9606.ENSP00000325548	9606.ENSP00000307900	0.057	0	0	0	0.049	0	0.800	0.184	0.834
CNDP2	GLS2	9606.ENSP00000325548	9606.ENSP00000310447	0	0	0	0	0.069	0	0.800	0.063	0.810
CNDP2	GLS	9606.ENSP00000325548	9606.ENSP00000317379	0	0	0	0	0.071	0	0.800	0.063	0.810
CNDP2	PSAT1	9606.ENSP00000325548	9606.ENSP00000365773	0.057	0	0	0	0.056	0	0.510	0.186	0.597
CNDP2	OAT	9606.ENSP00000325548	9606.ENSP00000357838	0.106	0	0	0	0.083	0	0.510	0.251	0.658
CNDP2	GLUD2	9606.ENSP00000325548	9606.ENSP00000327589	0.045	0	0	0	0.055	0	0.800	0.072	0.810
CNDP2	GATM	9606.ENSP00000325548	9606.ENSP00000379895	0	0	0	0	0.044	0.056	0.900	0.084	0.906
CPS1	OTC	9606.ENSP00000402608	9606.ENSP00000039007	0	0.551	0	0	0.666	0.188	0.956	0.781	0.998
CPS1	ODC1	9606.ENSP00000402608	9606.ENSP00000234111	0.079	0	0	0	0.099	0	0.351	0.291	0.567
CPS1	KYAT3	9606.ENSP00000402608	9606.ENSP00000260508	0.057	0	0	0	0.104	0	0.246	0.260	0.466
CPS1	TYR	9606.ENSP00000402608	9606.ENSP00000263321	0	0	0	0	0.431	0	0	0	0.431
CPS1	GLUD1	9606.ENSP00000402608	9606.ENSP00000277865	0.042	0	0	0	0.094	0.053	0.938	0.484	0.969
CPS1	NAGS	9606.ENSP00000402608	9606.ENSP00000293404	0.111	0	0	0	0.501	0	0	0.829	0.917
CPS1	GLUL	9606.ENSP00000402608	9606.ENSP00000307900	0.092	0	0	0	0.065	0	0.938	0.540	0.972
CPS1	GLS2	9606.ENSP00000402608	9606.ENSP00000310447	0	0	0	0	0.042	0	0.900	0.262	0.923
CPS1	GLS	9606.ENSP00000402608	9606.ENSP00000317379	0	0	0	0	0.042	0	0.900	0.180	0.914
CPS1	GLUD2	9606.ENSP00000402608	9606.ENSP00000327589	0.042	0	0	0	0.103	0.053	0.938	0.460	0.968
CPS1	SLC25A15	9606.ENSP00000402608	9606.ENSP00000342267	0	0	0	0	0.102	0	0	0.421	0.457
CPS1	GPT2	9606.ENSP00000402608	9606.ENSP00000345282	0.057	0	0	0	0.084	0	0.246	0.300	0.483
CPS1	TAT	9606.ENSP00000402608	9606.ENSP00000348234	0.057	0	0	0	0.154	0	0.246	0.348	0.555
CPS1	EPRS1	9606.ENSP00000402608	9606.ENSP00000355890	0.100	0	0	0	0.209	0.093	0	0.248	0.449
CPS1	OAT	9606.ENSP00000402608	9606.ENSP00000357838	0.111	0	0	0	0.251	0	0.281	0.511	0.734
CPS1	CTH	9606.ENSP00000402608	9606.ENSP00000359976	0.054	0	0	0	0.167	0	0	0.305	0.405
CPS1	MAT1A	9606.ENSP00000402608	9606.ENSP00000361287	0.095	0	0	0	0.307	0	0	0.294	0.519
CPS1	IARS1	9606.ENSP00000402608	9606.ENSP00000364794	0.079	0	0	0	0.248	0	0	0.207	0.403
CPS1	GLDC	9606.ENSP00000402608	9606.ENSP00000370737	0.042	0	0	0	0.108	0	0	0.384	0.428
CPS1	GPT	9606.ENSP00000402608	9606.ENSP00000378408	0.057	0	0	0	0.042	0	0.246	0.282	0.446
CPS1	FAH	9606.ENSP00000402608	9606.ENSP00000385080	0	0	0	0	0.057	0	0	0.398	0.409
CPS1	KYAT1	9606.ENSP00000402608	9606.ENSP00000399415	0.057	0	0	0	0.091	0	0.246	0.204	0.417
CPS1	PAH	9606.ENSP00000402608	9606.ENSP00000448059	0	0	0	0	0.273	0	0	0.335	0.496
CRYM	DDO	9606.ENSP00000219599	9606.ENSP00000357920	0.111	0	0	0	0.100	0	0.151	0.225	0.403
CRYM	OAT	9606.ENSP00000219599	9606.ENSP00000357838	0.055	0	0	0	0.093	0	0.154	0.304	0.428
CRYM	PRODH	9606.ENSP00000219599	9606.ENSP00000349577	0.113	0	0	0	0.103	0	0	0.356	0.443
CRYM	DAO	9606.ENSP00000219599	9606.ENSP00000228476	0.111	0	0	0	0.163	0	0.151	0.225	0.445
CRYM	PIPOX	9606.ENSP00000219599	9606.ENSP00000317721	0.111	0	0	0	0.114	0	0.151	0.337	0.497
CSAD	GOT2	9606.ENSP00000267085	9606.ENSP00000245206	0	0	0	0	0.055	0	0.800	0.345	0.865
CSAD	GLUD2	9606.ENSP00000267085	9606.ENSP00000327589	0	0	0	0	0.074	0	0.301	0.159	0.408
CSAD	SUOX	9606.ENSP00000267085	9606.ENSP00000377668	0	0	0	0	0.082	0	0	0.381	0.408
CSAD	MTR	9606.ENSP00000267085	9606.ENSP00000355536	0.041	0	0	0	0.057	0	0	0.399	0.410
CSAD	GLUD1	9606.ENSP00000267085	9606.ENSP00000277865	0	0	0	0	0.074	0	0.301	0.186	0.427
CSAD	MAT1A	9606.ENSP00000267085	9606.ENSP00000361287	0	0	0	0	0	0	0	0.431	0.431
CSAD	CTH	9606.ENSP00000267085	9606.ENSP00000359976	0	0	0	0	0.070	0	0	0.525	0.539
CSAD	OAT	9606.ENSP00000267085	9606.ENSP00000357838	0	0.516	0	0	0.055	0	0	0.299	0.652
CSAD	GOT1	9606.ENSP00000267085	9606.ENSP00000359539	0	0	0	0	0.055	0	0.800	0.225	0.840
CSAD	GADL1	9606.ENSP00000267085	9606.ENSP00000282538	0	0	0.059	0.962	0	0	0.900	0.053	0.903
CTH	OTC	9606.ENSP00000359976	9606.ENSP00000039007	0	0	0	0	0.111	0	0	0.417	0.459
CTH	MRI1	9606.ENSP00000359976	9606.ENSP00000040663	0.045	0	0	0	0.116	0	0	0.365	0.418
CTH	DLD	9606.ENSP00000359976	9606.ENSP00000205402	0	0	0	0	0.083	0.175	0	0.357	0.471
CTH	GSR	9606.ENSP00000359976	9606.ENSP00000221130	0	0	0	0	0.064	0	0	0.504	0.517
CTH	DAO	9606.ENSP00000359976	9606.ENSP00000228476	0.046	0	0	0	0.042	0	0.186	0.703	0.750
CTH	ODC1	9606.ENSP00000359976	9606.ENSP00000234111	0.110	0	0	0	0.058	0	0	0.477	0.523
CTH	GOT2	9606.ENSP00000359976	9606.ENSP00000245206	0	0	0	0	0.082	0	0.900	0.423	0.942
CTH	KYAT3	9606.ENSP00000359976	9606.ENSP00000260508	0.057	0	0	0	0.193	0	0.913	0.404	0.955
CTH	MARS1	9606.ENSP00000359976	9606.ENSP00000262027	0.042	0	0	0	0.129	0	0.900	0.456	0.948
CTH	PAPSS1	9606.ENSP00000359976	9606.ENSP00000265174	0	0	0	0	0.193	0	0	0.456	0.543
CTH	GLUD1	9606.ENSP00000359976	9606.ENSP00000277865	0.054	0	0	0	0.061	0.051	0	0.425	0.451
CTH	GADL1	9606.ENSP00000359976	9606.ENSP00000282538	0	0	0	0	0.070	0	0	0.411	0.429
CTH	HGD	9606.ENSP00000359976	9606.ENSP00000283871	0	0	0	0	0.153	0	0	0.356	0.432
CTH	HPD	9606.ENSP00000359976	9606.ENSP00000289004	0	0	0	0	0.214	0	0	0.289	0.418
CTH	ETHE1	9606.ENSP00000359976	9606.ENSP00000292147	0.056	0	0	0	0.067	0	0	0.668	0.683
CTH	NAGS	9606.ENSP00000359976	9606.ENSP00000293404	0.057	0	0	0	0.061	0	0	0.412	0.434
CTH	GLUL	9606.ENSP00000359976	9606.ENSP00000307900	0	0	0	0	0.084	0	0	0.428	0.454
CTH	GRHPR	9606.ENSP00000359976	9606.ENSP00000313432	0.045	0	0	0	0.130	0	0	0.346	0.409
CTH	SHMT1	9606.ENSP00000359976	9606.ENSP00000318868	0.057	0	0	0	0.111	0	0	0.645	0.677
CTH	GPT2	9606.ENSP00000359976	9606.ENSP00000345282	0.057	0	0	0	0.269	0	0.168	0.326	0.562
CTH	TAT	9606.ENSP00000359976	9606.ENSP00000348234	0.057	0	0	0	0.192	0	0.168	0.346	0.531
CTH	MTR	9606.ENSP00000359976	9606.ENSP00000355536	0.115	0	0	0	0.358	0	0.965	0.759	0.994
CTH	EPRS1	9606.ENSP00000359976	9606.ENSP00000355890	0.274	0	0	0	0.056	0	0	0.349	0.514
CTH	OAT	9606.ENSP00000359976	9606.ENSP00000357838	0.056	0	0	0	0.073	0	0	0.489	0.515
CTH	GCLM	9606.ENSP00000359976	9606.ENSP00000359258	0.042	0	0	0	0.073	0	0.800	0.415	0.882
CTH	GOT1	9606.ENSP00000359976	9606.ENSP00000359539	0	0	0	0	0.160	0	0.900	0.542	0.958
CTH	SRM	9606.ENSP00000359976	9606.ENSP00000366156	0.111	0	0	0	0.042	0.053	0	0.458	0.504
CTH	SMS	9606.ENSP00000359976	9606.ENSP00000385746	0.111	0	0	0	0.049	0.053	0	0.483	0.530
CTH	GPT	9606.ENSP00000359976	9606.ENSP00000378408	0.057	0	0	0	0.187	0	0.168	0.385	0.556
CTH	PHGDH	9606.ENSP00000359976	9606.ENSP00000493382	0.057	0	0	0	0.235	0	0	0.474	0.588
CTH	PSPH	9606.ENSP00000359976	9606.ENSP00000378854	0.057	0	0	0	0.131	0	0	0.552	0.601
CTH	SCLY	9606.ENSP00000359976	9606.ENSP00000499199	0.057	0	0	0	0.064	0	0	0.588	0.605
CTH	GNMT	9606.ENSP00000359976	9606.ENSP00000361894	0	0	0	0	0.106	0	0	0.599	0.627
CTH	PAPSS2	9606.ENSP00000359976	9606.ENSP00000406157	0	0	0	0	0.195	0.235	0	0.458	0.637
CTH	PSAT1	9606.ENSP00000359976	9606.ENSP00000365773	0.107	0	0	0	0.297	0	0	0.531	0.680
CTH	MAT1A	9606.ENSP00000359976	9606.ENSP00000361287	0.042	0	0	0	0.149	0.091	0	0.680	0.732
CTH	SUOX	9606.ENSP00000359976	9606.ENSP00000377668	0	0	0	0	0.149	0	0	0.716	0.748
CTH	SQOR	9606.ENSP00000359976	9606.ENSP00000456019	0.058	0	0	0	0.067	0	0	0.741	0.752
CTH	MTRR	9606.ENSP00000359976	9606.ENSP00000402510	0.055	0	0	0	0.077	0.050	0.449	0.550	0.757
CTH	GCLC	9606.ENSP00000359976	9606.ENSP00000497574	0	0	0	0	0.056	0.095	0.800	0.517	0.906
CTH	TXNRD1	9606.ENSP00000359976	9606.ENSP00000434516	0	0	0	0	0.065	0	0.900	0.410	0.940
CTH	KYAT1	9606.ENSP00000359976	9606.ENSP00000399415	0.057	0	0	0	0.193	0	0.913	0.507	0.963
CTH	TST	9606.ENSP00000359976	9606.ENSP00000385828	0.120	0.241	0	0	0.103	0	0.973	0.771	0.995
DAO	DLD	9606.ENSP00000228476	9606.ENSP00000205402	0.048	0	0	0	0.107	0.058	0.285	0.264	0.501
DAO	GSR	9606.ENSP00000228476	9606.ENSP00000221130	0.048	0	0	0	0.107	0.058	0.285	0.290	0.519
DAO	PHGDH	9606.ENSP00000228476	9606.ENSP00000493382	0.057	0	0	0	0	0	0.173	0.296	0.403
DAO	KMO	9606.ENSP00000228476	9606.ENSP00000355517	0	0	0	0	0.082	0	0	0.380	0.407
DAO	SUOX	9606.ENSP00000228476	9606.ENSP00000377668	0	0	0	0	0.069	0	0	0.421	0.439
DAO	ETHE1	9606.ENSP00000228476	9606.ENSP00000292147	0.041	0	0	0	0.062	0	0	0.428	0.440
DAO	TPH1	9606.ENSP00000228476	9606.ENSP00000250018	0	0	0	0	0.058	0	0	0.437	0.447
DAO	TST	9606.ENSP00000228476	9606.ENSP00000385828	0	0	0	0	0.083	0	0	0.421	0.447
DAO	TXNRD1	9606.ENSP00000228476	9606.ENSP00000434516	0.048	0	0	0	0.107	0.069	0.285	0.210	0.471
DAO	PAOX	9606.ENSP00000228476	9606.ENSP00000278060	0	0	0	0	0.042	0	0	0.481	0.481
DAO	SCLY	9606.ENSP00000228476	9606.ENSP00000499199	0	0	0	0	0	0	0.414	0.170	0.492
DAO	MTR	9606.ENSP00000228476	9606.ENSP00000355536	0	0	0	0	0.070	0	0.352	0.227	0.493
DAO	RPS27A	9606.ENSP00000228476	9606.ENSP00000272317	0	0	0	0	0	0	0.500	0	0.499
DAO	UBA52	9606.ENSP00000228476	9606.ENSP00000388107	0	0	0	0	0	0	0.500	0	0.499
DAO	IL4I1	9606.ENSP00000228476	9606.ENSP00000472474	0	0	0	0	0.096	0	0	0.476	0.506
DAO	GLUL	9606.ENSP00000228476	9606.ENSP00000307900	0.083	0	0	0	0.123	0	0.414	0.305	0.629
DAO	PRODH	9606.ENSP00000228476	9606.ENSP00000349577	0	0	0	0	0.067	0	0	0.682	0.691
DAO	SQOR	9606.ENSP00000228476	9606.ENSP00000456019	0.059	0	0	0	0.056	0.406	0.281	0.470	0.762
DAO	GRHPR	9606.ENSP00000228476	9606.ENSP00000313432	0	0	0	0	0.077	0	0.823	0.398	0.893
DAO	GATM	9606.ENSP00000228476	9606.ENSP00000379895	0	0	0	0	0.108	0	0.900	0.058	0.908
DAO	HAO1	9606.ENSP00000228476	9606.ENSP00000368066	0	0	0	0	0.166	0	0.800	0.505	0.910
DAO	GNMT	9606.ENSP00000228476	9606.ENSP00000361894	0	0	0	0	0.068	0	0.900	0.116	0.910
DAO	PIPOX	9606.ENSP00000228476	9606.ENSP00000317721	0	0	0	0	0.124	0	0.900	0.498	0.952
DAO	SHMT1	9606.ENSP00000228476	9606.ENSP00000318868	0.094	0	0	0	0.067	0	0.938	0.361	0.962
DAO	GLDC	9606.ENSP00000228476	9606.ENSP00000370737	0	0	0	0	0.076	0	0.955	0.274	0.967
DARS1	RARS1	9606.ENSP00000264161	9606.ENSP00000231572	0	0	0	0	0.252	0.901	0.900	0.563	0.996
DARS1	MARS1	9606.ENSP00000264161	9606.ENSP00000262027	0.057	0	0	0	0.365	0.963	0.900	0.765	0.999
DARS1	PSMD14	9606.ENSP00000264161	9606.ENSP00000386541	0	0	0	0	0.288	0.265	0	0.070	0.472
DARS1	PSMD1	9606.ENSP00000264161	9606.ENSP00000309474	0	0	0	0	0.428	0.071	0	0.090	0.474
DARS1	IARS1	9606.ENSP00000264161	9606.ENSP00000364794	0.042	0	0	0	0.220	0.877	0.900	0.703	0.996
DARS1	KARS1	9606.ENSP00000264161	9606.ENSP00000325448	0	0	0	0.583	0.327	0.858	0.900	0.636	0.996
DARS1	LARS1	9606.ENSP00000264161	9606.ENSP00000377954	0.095	0	0	0	0.299	0.871	0.900	0.670	0.996
DARS1	EPRS1	9606.ENSP00000264161	9606.ENSP00000355890	0.122	0	0	0	0.612	0.959	0.900	0.877	0.999
DARS1	EEF1E1	9606.ENSP00000264161	9606.ENSP00000369038	0	0	0	0	0.125	0.977	0.900	0.575	0.999
DARS1	QARS1	9606.ENSP00000264161	9606.ENSP00000307567	0.046	0	0	0	0.172	0.895	0.900	0.899	0.999
DBH	TPH1	9606.ENSP00000376776	9606.ENSP00000250018	0	0	0	0	0.055	0	0	0.498	0.505
DBH	TYR	9606.ENSP00000376776	9606.ENSP00000263321	0	0	0	0	0	0	0	0.474	0.474
DBH	HDC	9606.ENSP00000376776	9606.ENSP00000267845	0	0	0	0	0.053	0	0.182	0.499	0.578
DBH	PNMT	9606.ENSP00000376776	9606.ENSP00000269582	0	0	0	0	0.078	0	0.913	0.900	0.991
DBH	TPH2	9606.ENSP00000376776	9606.ENSP00000329093	0	0	0	0	0.055	0	0	0.562	0.568
DBH	TH	9606.ENSP00000376776	9606.ENSP00000370571	0	0	0	0	0.152	0	0	0.970	0.973
DBH	PAH	9606.ENSP00000376776	9606.ENSP00000448059	0	0	0	0	0.080	0	0	0.708	0.720
DBH	DDC	9606.ENSP00000376776	9606.ENSP00000403644	0	0	0	0	0.083	0	0.914	0.819	0.984
DBT	DLD	9606.ENSP00000359151	9606.ENSP00000205402	0.061	0	0.208	0	0.405	0.964	0.978	0.860	0.999
DBT	GSR	9606.ENSP00000359151	9606.ENSP00000221130	0.061	0	0	0	0.412	0.418	0.285	0.161	0.772
DBT	PDHX	9606.ENSP00000359151	9606.ENSP00000227868	0	0	0.158	0.672	0.308	0	0.400	0.226	0.693
DBT	DHTKD1	9606.ENSP00000359151	9606.ENSP00000263035	0.079	0	0	0	0.630	0.466	0.594	0.182	0.928
DBT	HIBADH	9606.ENSP00000359151	9606.ENSP00000265395	0	0	0	0	0.127	0	0.800	0.370	0.880
DBT	MCCC1	9606.ENSP00000359151	9606.ENSP00000265594	0.054	0	0	0	0.225	0.066	0.217	0.450	0.651
DBT	GLUD1	9606.ENSP00000359151	9606.ENSP00000277865	0.091	0	0	0	0.286	0	0	0.233	0.459
DBT	DLAT	9606.ENSP00000359151	9606.ENSP00000280346	0	0	0.123	0.677	0.247	0	0.400	0.276	0.675
DBT	PDHB	9606.ENSP00000359151	9606.ENSP00000307241	0.095	0.001	0.271	0	0.612	0.516	0.633	0.237	0.957
DBT	GRHPR	9606.ENSP00000359151	9606.ENSP00000313432	0.054	0	0	0	0.116	0	0.534	0.274	0.679
DBT	SHMT1	9606.ENSP00000359151	9606.ENSP00000318868	0.042	0	0	0	0.203	0	0.414	0.250	0.620
DBT	GCSH	9606.ENSP00000359151	9606.ENSP00000319531	0.079	0	0	0	0.154	0.067	0.662	0.233	0.777
DBT	GLUD2	9606.ENSP00000359151	9606.ENSP00000327589	0.091	0	0	0	0.242	0	0	0.207	0.405
DBT	DLST	9606.ENSP00000359151	9606.ENSP00000335304	0	0	0.164	0.688	0.097	0.241	0.540	0.296	0.780
DBT	MCCC2	9606.ENSP00000359151	9606.ENSP00000343657	0.057	0	0	0	0.305	0	0.414	0.439	0.755
DBT	MTR	9606.ENSP00000359151	9606.ENSP00000355536	0	0	0	0	0.141	0	0.594	0.214	0.702
DBT	KYAT1	9606.ENSP00000359151	9606.ENSP00000399415	0	0	0	0	0.133	0.077	0.114	0.269	0.412
DBT	GLDC	9606.ENSP00000359151	9606.ENSP00000370737	0.111	0	0	0	0.194	0	0.585	0.221	0.737
DBT	TXNRD1	9606.ENSP00000359151	9606.ENSP00000434516	0.061	0	0	0	0.401	0.418	0.285	0.161	0.768
DBT	PDHA1	9606.ENSP00000359151	9606.ENSP00000369134	0	0	0.245	0	0.156	0.208	0.542	0.182	0.776
DBT	LIPT1	9606.ENSP00000359151	9606.ENSP00000377115	0.111	0	0	0	0.220	0.469	0.400	0.383	0.839
DBT	PPM1K	9606.ENSP00000359151	9606.ENSP00000477341	0	0	0	0	0.083	0.792	0.400	0.453	0.929
DBT	OGDH	9606.ENSP00000359151	9606.ENSP00000388183	0.079	0	0	0	0.582	0.466	0.689	0.486	0.961
DBT	IVD	9606.ENSP00000359151	9606.ENSP00000499074	0	0	0	0	0.356	0	0.918	0.566	0.975
DCT	TYR	9606.ENSP00000392762	9606.ENSP00000263321	0	0	0.084	0.880	0.796	0	0	0.796	0.958
DCT	SLC45A2	9606.ENSP00000392762	9606.ENSP00000296589	0	0	0	0	0.443	0.045	0	0.644	0.794
DCT	OCA2	9606.ENSP00000392762	9606.ENSP00000346659	0	0	0	0	0.260	0	0	0.597	0.689
DCT	TYRP1	9606.ENSP00000392762	9606.ENSP00000373570	0	0	0.072	0.925	0.459	0	0	0.533	0.745
DDC	INMT	9606.ENSP00000403644	9606.ENSP00000013222	0	0	0	0	0	0	0.900	0.452	0.942
DDC	GOT2	9606.ENSP00000403644	9606.ENSP00000245206	0	0	0	0	0.096	0	0.900	0.256	0.926
DDC	TPH1	9606.ENSP00000403644	9606.ENSP00000250018	0	0	0	0	0.103	0.064	0.914	0.769	0.981
DDC	TYR	9606.ENSP00000403644	9606.ENSP00000263321	0	0	0	0	0.072	0.051	0.900	0.628	0.962
DDC	KYNU	9606.ENSP00000403644	9606.ENSP00000264170	0.041	0	0	0	0.114	0	0	0.373	0.420
DDC	PNMT	9606.ENSP00000403644	9606.ENSP00000269582	0	0	0	0	0.042	0	0	0.732	0.732
DDC	GLUD1	9606.ENSP00000403644	9606.ENSP00000277865	0	0	0	0	0.074	0	0.301	0.200	0.438
DDC	QDPR	9606.ENSP00000403644	9606.ENSP00000281243	0	0	0	0	0.047	0	0	0.721	0.723
DDC	GLUD2	9606.ENSP00000403644	9606.ENSP00000327589	0	0	0	0	0.076	0	0.301	0.159	0.409
DDC	TPH2	9606.ENSP00000403644	9606.ENSP00000329093	0	0	0	0	0.103	0.064	0.914	0.675	0.973
DDC	TPO	9606.ENSP00000403644	9606.ENSP00000329869	0	0	0	0	0	0	0.900	0.221	0.918
DDC	TAT	9606.ENSP00000403644	9606.ENSP00000348234	0.045	0	0	0	0.056	0	0.900	0.329	0.931
DDC	KMO	9606.ENSP00000403644	9606.ENSP00000355517	0	0	0	0	0.118	0.114	0	0.528	0.599
DDC	GOT1	9606.ENSP00000403644	9606.ENSP00000359539	0	0	0	0	0.120	0	0.900	0.278	0.931
DDC	TH	9606.ENSP00000403644	9606.ENSP00000370571	0	0	0	0	0.079	0.071	0.914	0.943	0.995
DDC	IL4I1	9606.ENSP00000403644	9606.ENSP00000472474	0	0	0	0	0.074	0	0.900	0.153	0.914
DDC	IDO2	9606.ENSP00000403644	9606.ENSP00000443432	0	0	0	0	0.081	0	0.900	0.304	0.930
DDC	IDO1	9606.ENSP00000403644	9606.ENSP00000430950	0	0	0	0	0.081	0	0.900	0.304	0.930
DDC	TDO2	9606.ENSP00000403644	9606.ENSP00000444788	0	0	0	0	0	0	0.900	0.399	0.937
DDC	PAH	9606.ENSP00000403644	9606.ENSP00000448059	0	0	0	0	0.182	0.064	0.914	0.780	0.983
DDO	DLD	9606.ENSP00000357920	9606.ENSP00000205402	0.048	0	0	0	0.107	0.058	0.285	0.156	0.428
DDO	GSR	9606.ENSP00000357920	9606.ENSP00000221130	0.048	0	0	0	0.107	0.058	0.285	0.156	0.428
DDO	RPS27A	9606.ENSP00000357920	9606.ENSP00000272317	0	0	0	0	0	0	0.500	0	0.499
DDO	PAOX	9606.ENSP00000357920	9606.ENSP00000278060	0	0	0	0	0.047	0	0	0.495	0.498
DDO	GLUL	9606.ENSP00000357920	9606.ENSP00000307900	0.083	0	0	0	0.106	0	0.414	0.230	0.581
DDO	PIPOX	9606.ENSP00000357920	9606.ENSP00000317721	0	0	0	0	0.118	0	0	0.575	0.609
DDO	SHMT1	9606.ENSP00000357920	9606.ENSP00000318868	0.094	0	0	0	0.049	0	0.414	0.237	0.563
DDO	MTR	9606.ENSP00000357920	9606.ENSP00000355536	0	0	0	0	0.070	0	0.352	0.135	0.433
DDO	TXNRD1	9606.ENSP00000357920	9606.ENSP00000434516	0.048	0	0	0	0.107	0.071	0.285	0.156	0.436
DDO	HAO1	9606.ENSP00000357920	9606.ENSP00000368066	0	0	0	0	0.111	0	0	0.428	0.470
DDO	UBA52	9606.ENSP00000357920	9606.ENSP00000388107	0	0	0	0	0	0	0.500	0	0.499
DDO	SCLY	9606.ENSP00000357920	9606.ENSP00000499199	0	0	0	0	0	0	0.414	0.285	0.563
DDO	SQOR	9606.ENSP00000357920	9606.ENSP00000456019	0.059	0	0	0	0.080	0.406	0.281	0.156	0.631
DDO	GLDC	9606.ENSP00000357920	9606.ENSP00000370737	0	0	0	0	0.074	0	0.576	0.220	0.667
DHTKD1	DLD	9606.ENSP00000263035	9606.ENSP00000205402	0.070	0	0	0	0.310	0.462	0.928	0.759	0.992
DHTKD1	GSR	9606.ENSP00000263035	9606.ENSP00000221130	0.070	0	0	0	0.305	0.183	0.312	0.166	0.641
DHTKD1	PDHX	9606.ENSP00000263035	9606.ENSP00000227868	0.079	0	0	0	0.579	0.466	0.594	0.288	0.929
DHTKD1	MARS1	9606.ENSP00000263035	9606.ENSP00000262027	0	0	0	0	0.069	0	0	0.447	0.464
DHTKD1	KMO	9606.ENSP00000263035	9606.ENSP00000355517	0	0	0	0	0.124	0	0	0.362	0.418
DHTKD1	SHMT1	9606.ENSP00000263035	9606.ENSP00000318868	0	0	0	0	0.309	0	0	0.239	0.451
DHTKD1	LIPT1	9606.ENSP00000263035	9606.ENSP00000377115	0.109	0	0	0	0	0	0.400	0.086	0.468
DHTKD1	KYNU	9606.ENSP00000263035	9606.ENSP00000264170	0	0	0	0	0.123	0	0	0.418	0.469
DHTKD1	GLUD1	9606.ENSP00000263035	9606.ENSP00000277865	0	0	0	0	0.122	0.081	0.152	0.322	0.474
DHTKD1	OGDH	9606.ENSP00000263035	9606.ENSP00000388183	0	0	0.109	0.862	0.055	0	0.400	0.145	0.511
DHTKD1	MCCC1	9606.ENSP00000263035	9606.ENSP00000265594	0	0	0	0	0.431	0	0	0.195	0.523
DHTKD1	GLUD2	9606.ENSP00000263035	9606.ENSP00000327589	0	0	0	0	0.109	0.081	0.152	0.419	0.542
DHTKD1	GLDC	9606.ENSP00000263035	9606.ENSP00000370737	0	0	0	0	0.345	0	0	0.377	0.574
DHTKD1	SUOX	9606.ENSP00000263035	9606.ENSP00000377668	0	0	0	0	0.280	0	0	0.438	0.578
DHTKD1	PDHA1	9606.ENSP00000263035	9606.ENSP00000369134	0	0	0	0	0.072	0.125	0.400	0.320	0.624
DHTKD1	TXNRD1	9606.ENSP00000263035	9606.ENSP00000434516	0.070	0	0	0	0.291	0.183	0.312	0.166	0.634
DHTKD1	GCSH	9606.ENSP00000263035	9606.ENSP00000319531	0	0	0	0	0.261	0	0.500	0.182	0.671
DHTKD1	PDHB	9606.ENSP00000263035	9606.ENSP00000307241	0	0	0	0	0.122	0	0.580	0.376	0.750
DHTKD1	DLAT	9606.ENSP00000263035	9606.ENSP00000280346	0.079	0	0	0	0.580	0.466	0.594	0.333	0.934
DHTKD1	GCDH	9606.ENSP00000263035	9606.ENSP00000466845	0	0	0	0	0.134	0	0.900	0.484	0.951
DHTKD1	DLST	9606.ENSP00000263035	9606.ENSP00000335304	0.079	0.094	0.315	0	0.572	0.466	0.932	0.980	0.999
DIO1	DIO2	9606.ENSP00000354643	9606.ENSP00000451419	0	0	0	0.826	0	0	0.900	0.367	0.934
DIO2	SLC5A5	9606.ENSP00000451419	9606.ENSP00000222248	0	0	0	0	0.053	0	0	0.561	0.566
DIO2	IYD	9606.ENSP00000451419	9606.ENSP00000229447	0	0	0	0	0	0	0	0.452	0.452
DIO2	EEFSEC	9606.ENSP00000451419	9606.ENSP00000254730	0	0	0	0	0	0	0	0.587	0.587
DIO2	TSHB	9606.ENSP00000451419	9606.ENSP00000256592	0	0	0	0	0	0	0	0.786	0.786
DIO2	SECISBP2	9606.ENSP00000451419	9606.ENSP00000364965	0	0	0	0	0	0	0	0.916	0.916
DIO2	DIO3	9606.ENSP00000451419	9606.ENSP00000427336	0	0	0.099	0.828	0.044	0	0	0.615	0.639
DIO2	TXNRD1	9606.ENSP00000451419	9606.ENSP00000434516	0	0	0	0	0	0	0	0.518	0.518
DIO2	SCLY	9606.ENSP00000451419	9606.ENSP00000499199	0	0	0	0	0	0	0	0.482	0.482
DIO3	TSHB	9606.ENSP00000427336	9606.ENSP00000256592	0	0	0	0	0	0	0	0.621	0.621
DIO3	TXNRD1	9606.ENSP00000427336	9606.ENSP00000434516	0	0	0	0	0	0	0	0.418	0.418
DLAT	DLD	9606.ENSP00000280346	9606.ENSP00000205402	0.061	0.861	0.223	0	0.814	0.909	0.978	0.987	0.999
DLAT	GSR	9606.ENSP00000280346	9606.ENSP00000221130	0.061	0.005	0	0	0.439	0.418	0.285	0.191	0.790
DLAT	PDHX	9606.ENSP00000280346	9606.ENSP00000227868	0	0	0.109	0.861	0.651	0.732	0.900	0.887	0.998
DLAT	GOT2	9606.ENSP00000280346	9606.ENSP00000245206	0	0	0	0	0.207	0	0.130	0.306	0.480
DLAT	KYNU	9606.ENSP00000280346	9606.ENSP00000264170	0	0.274	0	0	0.076	0	0	0.208	0.423
DLAT	MCCC1	9606.ENSP00000280346	9606.ENSP00000265594	0.054	0	0	0	0.148	0.071	0.217	0.178	0.430
DLAT	GLUD1	9606.ENSP00000280346	9606.ENSP00000277865	0.091	0	0	0	0.310	0	0	0.373	0.573
DLAT	PHGDH	9606.ENSP00000280346	9606.ENSP00000493382	0	0	0	0	0.072	0	0.237	0.223	0.402
DLAT	GLUD2	9606.ENSP00000280346	9606.ENSP00000327589	0.091	0	0	0	0.244	0	0	0.207	0.407
DLAT	HIBCH	9606.ENSP00000280346	9606.ENSP00000352706	0	0	0	0	0.141	0	0	0.349	0.418
DLAT	GPT	9606.ENSP00000280346	9606.ENSP00000378408	0	0	0	0	0.110	0.077	0.114	0.297	0.420
DLAT	EPRS1	9606.ENSP00000280346	9606.ENSP00000355890	0.042	0	0	0	0.133	0.189	0	0.253	0.430
DLAT	MTR	9606.ENSP00000280346	9606.ENSP00000355536	0	0	0	0	0.067	0	0.352	0.133	0.430
DLAT	GOT1	9606.ENSP00000280346	9606.ENSP00000359539	0	0	0	0	0.295	0	0.130	0.166	0.444
DLAT	LIPT2	9606.ENSP00000280346	9606.ENSP00000309463	0.095	0	0	0	0.074	0.052	0	0.531	0.577
DLAT	MCCC2	9606.ENSP00000280346	9606.ENSP00000343657	0.057	0	0	0	0.154	0	0.414	0.206	0.579
DLAT	LIAS	9606.ENSP00000280346	9606.ENSP00000492260	0.095	0	0	0	0.121	0	0	0.555	0.615
DLAT	SHMT1	9606.ENSP00000280346	9606.ENSP00000318868	0.042	0	0	0	0.212	0	0.414	0.292	0.645
DLAT	GRHPR	9606.ENSP00000280346	9606.ENSP00000313432	0.054	0	0	0	0.086	0	0.534	0.225	0.646
DLAT	NDUFAB1	9606.ENSP00000280346	9606.ENSP00000458770	0.079	0	0	0	0.173	0.287	0	0.521	0.705
DLAT	GLDC	9606.ENSP00000280346	9606.ENSP00000370737	0.111	0	0	0	0.200	0	0.585	0.298	0.765
DLAT	TXNRD1	9606.ENSP00000280346	9606.ENSP00000434516	0.061	0	0	0	0.417	0.418	0.285	0.188	0.781
DLAT	DLST	9606.ENSP00000280346	9606.ENSP00000335304	0	0	0.167	0.690	0.659	0.557	0.400	0.358	0.942
DLAT	GCSH	9606.ENSP00000280346	9606.ENSP00000319531	0.079	0	0	0	0.192	0.071	0.662	0.801	0.945
DLAT	LIPT1	9606.ENSP00000280346	9606.ENSP00000377115	0.111	0	0	0	0.207	0.122	0.400	0.932	0.970
DLAT	OGDH	9606.ENSP00000280346	9606.ENSP00000388183	0.079	0	0	0	0.591	0.789	0.594	0.720	0.989
DLAT	PDHA1	9606.ENSP00000280346	9606.ENSP00000369134	0	0.021	0.494	0	0.701	0.840	0.956	0.984	0.999
DLAT	PDHB	9606.ENSP00000280346	9606.ENSP00000307241	0.095	0.328	0.482	0	0.686	0.968	0.978	0.994	0.999
DLD	HSD17B10	9606.ENSP00000205402	9606.ENSP00000168216	0	0	0	0	0.507	0.205	0	0.078	0.607
DLD	KYAT3	9606.ENSP00000205402	9606.ENSP00000260508	0	0	0	0	0.123	0.046	0.113	0.291	0.404
DLD	PSMD14	9606.ENSP00000205402	9606.ENSP00000386541	0	0	0	0	0.357	0.054	0	0.132	0.426
DLD	GOT1	9606.ENSP00000205402	9606.ENSP00000359539	0	0	0	0	0.215	0	0.126	0.234	0.429
DLD	GOT2	9606.ENSP00000205402	9606.ENSP00000245206	0	0	0	0	0.219	0	0.126	0.287	0.471
DLD	OAT	9606.ENSP00000205402	9606.ENSP00000357838	0	0	0	0	0.074	0.165	0	0.375	0.474
DLD	SECISBP2	9606.ENSP00000205402	9606.ENSP00000364965	0	0	0	0	0.349	0.186	0	0.103	0.483
DLD	PIPOX	9606.ENSP00000205402	9606.ENSP00000317721	0.048	0	0	0	0.107	0.058	0.285	0.249	0.492
DLD	IVD	9606.ENSP00000205402	9606.ENSP00000499074	0.042	0	0	0	0.147	0	0.216	0.307	0.497
DLD	MTR	9606.ENSP00000205402	9606.ENSP00000355536	0	0	0	0	0.067	0	0.312	0.302	0.513
DLD	GPT2	9606.ENSP00000205402	9606.ENSP00000345282	0	0	0	0	0.106	0.066	0.113	0.428	0.520
DLD	LIAS	9606.ENSP00000205402	9606.ENSP00000492260	0.086	0.135	0	0	0.127	0	0	0.387	0.520
DLD	PSMC2	9606.ENSP00000205402	9606.ENSP00000391211	0.051	0	0	0	0.478	0	0	0.116	0.524
DLD	GPT	9606.ENSP00000205402	9606.ENSP00000378408	0	0	0	0	0.106	0.066	0.113	0.445	0.534
DLD	HIBCH	9606.ENSP00000205402	9606.ENSP00000352706	0.042	0	0	0	0.167	0.046	0	0.478	0.549
DLD	PHGDH	9606.ENSP00000205402	9606.ENSP00000493382	0.042	0	0	0	0.058	0.226	0.312	0.246	0.572
DLD	PPM1K	9606.ENSP00000205402	9606.ENSP00000477341	0	0	0	0	0.115	0.103	0.400	0.230	0.585
DLD	NDUFAB1	9606.ENSP00000205402	9606.ENSP00000458770	0	0	0	0	0.375	0.287	0.149	0.229	0.669
DLD	GRHPR	9606.ENSP00000205402	9606.ENSP00000313432	0.046	0	0	0	0.105	0	0.510	0.311	0.673
DLD	LIPT1	9606.ENSP00000205402	9606.ENSP00000377115	0.106	0	0	0	0.193	0	0.400	0.458	0.734
DLD	OCA2	9606.ENSP00000205402	9606.ENSP00000346659	0	0	0	0	0	0	0	0.752	0.752
DLD	GLS	9606.ENSP00000205402	9606.ENSP00000317379	0	0	0	0	0.092	0	0.800	0.124	0.827
DLD	GLS2	9606.ENSP00000205402	9606.ENSP00000310447	0	0	0	0	0.079	0	0.800	0.186	0.837
DLD	GLUD2	9606.ENSP00000205402	9606.ENSP00000327589	0.061	0	0	0	0.204	0	0.800	0.194	0.863
DLD	GLUL	9606.ENSP00000205402	9606.ENSP00000307900	0.071	0	0	0	0.103	0	0.800	0.321	0.871
DLD	GLUD1	9606.ENSP00000205402	9606.ENSP00000277865	0.061	0	0	0	0.237	0	0.800	0.299	0.886
DLD	GCDH	9606.ENSP00000205402	9606.ENSP00000466845	0.042	0	0	0	0.101	0	0.918	0.453	0.956
DLD	SHMT1	9606.ENSP00000205402	9606.ENSP00000318868	0.086	0	0	0	0.093	0	0.935	0.439	0.966
DLD	GCSH	9606.ENSP00000205402	9606.ENSP00000319531	0.070	0	0.213	0	0.087	0	0.928	0.859	0.992
DLD	GLDC	9606.ENSP00000205402	9606.ENSP00000370737	0.106	0	0	0	0.096	0	0.978	0.791	0.995
DLD	DLST	9606.ENSP00000205402	9606.ENSP00000335304	0.061	0.038	0.294	0	0.869	0.906	0.980	0.979	0.999
DLD	PDHA1	9606.ENSP00000205402	9606.ENSP00000369134	0	0.152	0	0	0.774	0.825	0.978	0.990	0.999
DLD	OGDH	9606.ENSP00000205402	9606.ENSP00000388183	0.070	0	0	0	0.310	0.880	0.978	0.994	0.999
DLD	PDHB	9606.ENSP00000205402	9606.ENSP00000307241	0.086	0.019	0	0	0.917	0.907	0.980	0.890	0.999
DLD	PDHX	9606.ENSP00000205402	9606.ENSP00000227868	0.061	0.200	0.290	0	0.819	0.991	0.978	0.994	0.999
DLST	GSR	9606.ENSP00000335304	9606.ENSP00000221130	0.061	0	0	0	0.412	0.418	0.285	0.184	0.778
DLST	PDHX	9606.ENSP00000335304	9606.ENSP00000227868	0	0	0.179	0.696	0.672	0.137	0.400	0.300	0.884
DLST	GOT2	9606.ENSP00000335304	9606.ENSP00000245206	0	0	0	0	0.272	0	0.130	0.239	0.476
DLST	HIBADH	9606.ENSP00000335304	9606.ENSP00000265395	0	0	0	0	0.431	0	0	0.130	0.483
DLST	MCCC1	9606.ENSP00000335304	9606.ENSP00000265594	0.054	0	0	0	0.121	0.066	0.217	0.178	0.409
DLST	GLUD1	9606.ENSP00000335304	9606.ENSP00000277865	0.091	0	0	0	0.302	0	0	0.439	0.613
DLST	PDHB	9606.ENSP00000335304	9606.ENSP00000307241	0.095	0.167	0.212	0	0.611	0.530	0.633	0.494	0.974
DLST	LIPT2	9606.ENSP00000335304	9606.ENSP00000309463	0.095	0	0	0	0.074	0.066	0	0.324	0.400
DLST	GRHPR	9606.ENSP00000335304	9606.ENSP00000313432	0.054	0	0	0	0.088	0	0.534	0.225	0.646
DLST	SHMT1	9606.ENSP00000335304	9606.ENSP00000318868	0.042	0	0	0	0.193	0	0.414	0.235	0.607
DLST	GCSH	9606.ENSP00000335304	9606.ENSP00000319531	0.079	0	0	0	0.166	0.074	0.662	0.327	0.809
DLST	GLUD2	9606.ENSP00000335304	9606.ENSP00000327589	0.091	0	0	0	0.242	0	0	0.307	0.481
DLST	MTR	9606.ENSP00000335304	9606.ENSP00000355536	0	0	0	0	0.060	0	0.352	0.133	0.425
DLST	LIAS	9606.ENSP00000335304	9606.ENSP00000492260	0.095	0	0	0	0.074	0	0	0.452	0.501
DLST	NDUFAB1	9606.ENSP00000335304	9606.ENSP00000458770	0.079	0	0	0	0.217	0.287	0	0.207	0.538
DLST	MCCC2	9606.ENSP00000335304	9606.ENSP00000343657	0.057	0	0	0	0.152	0	0.414	0.179	0.563
DLST	LIPT1	9606.ENSP00000335304	9606.ENSP00000377115	0.111	0	0	0	0.205	0.122	0.400	0.387	0.730
DLST	GLDC	9606.ENSP00000335304	9606.ENSP00000370737	0.111	0	0	0	0.194	0	0.585	0.264	0.752
DLST	TXNRD1	9606.ENSP00000335304	9606.ENSP00000434516	0.061	0	0	0	0.405	0.418	0.285	0.161	0.769
DLST	PDHA1	9606.ENSP00000335304	9606.ENSP00000369134	0	0	0	0	0.261	0.214	0.542	0.406	0.821
DLST	GCDH	9606.ENSP00000335304	9606.ENSP00000466845	0	0	0	0	0.155	0.322	0.918	0.241	0.959
DLST	OGDH	9606.ENSP00000335304	9606.ENSP00000388183	0.079	0.096	0.318	0	0.791	0.953	0.978	0.999	0.999
DUOX1	GSR	9606.ENSP00000317997	9606.ENSP00000221130	0	0	0	0	0.069	0	0	0.435	0.452
DUOX1	SLC5A5	9606.ENSP00000317997	9606.ENSP00000222248	0	0	0	0	0.074	0	0	0.544	0.560
DUOX1	IYD	9606.ENSP00000317997	9606.ENSP00000229447	0	0	0	0	0.049	0	0	0.526	0.530
DUOX1	TPO	9606.ENSP00000317997	9606.ENSP00000329869	0	0	0	0.572	0.057	0.053	0	0.531	0.545
DUOX1	GATM	9606.ENSP00000317997	9606.ENSP00000379895	0	0	0	0	0.120	0.046	0	0.727	0.751
DUOX1	DUOX2	9606.ENSP00000317997	9606.ENSP00000373691	0	0	0.051	0.979	0.122	0	0.900	0.603	0.962
DUOX2	GSR	9606.ENSP00000373691	9606.ENSP00000221130	0	0	0	0	0.069	0	0	0.395	0.413
DUOX2	SLC5A5	9606.ENSP00000373691	9606.ENSP00000222248	0	0	0	0	0.072	0	0	0.794	0.800
DUOX2	IYD	9606.ENSP00000373691	9606.ENSP00000229447	0	0	0	0	0.055	0	0	0.929	0.930
DUOX2	TSHB	9606.ENSP00000373691	9606.ENSP00000256592	0	0	0	0	0	0	0	0.534	0.534
DUOX2	GATM	9606.ENSP00000373691	9606.ENSP00000379895	0	0	0	0	0.114	0.046	0	0.684	0.710
EEF1E1	RARS1	9606.ENSP00000369038	9606.ENSP00000231572	0	0	0	0	0.172	0.875	0.900	0.668	0.996
EEF1E1	MARS1	9606.ENSP00000369038	9606.ENSP00000262027	0	0	0	0	0.150	0.982	0.900	0.980	0.999
EEF1E1	HGD	9606.ENSP00000369038	9606.ENSP00000283871	0.099	0	0	0	0.139	0	0.429	0.217	0.606
EEF1E1	QARS1	9606.ENSP00000369038	9606.ENSP00000307567	0	0	0	0	0.135	0.870	0.900	0.743	0.996
EEF1E1	KARS1	9606.ENSP00000369038	9606.ENSP00000325448	0	0	0	0	0.324	0.875	0.900	0.768	0.997
EEF1E1	RPS2	9606.ENSP00000369038	9606.ENSP00000341885	0	0	0	0	0.248	0.068	0	0.219	0.405
EEF1E1	RPL27A	9606.ENSP00000369038	9606.ENSP00000346015	0	0	0	0	0.227	0.162	0	0.225	0.455
EEF1E1	EPRS1	9606.ENSP00000369038	9606.ENSP00000355890	0	0	0	0	0.201	0.972	0.900	0.864	0.999
EEF1E1	RPL7A	9606.ENSP00000369038	9606.ENSP00000361076	0	0	0	0	0.221	0.232	0	0.078	0.400
EEF1E1	IARS1	9606.ENSP00000369038	9606.ENSP00000364794	0	0	0	0	0.236	0.835	0.900	0.770	0.996
EEF1E1	FAH	9606.ENSP00000369038	9606.ENSP00000385080	0.058	0	0	0	0.125	0	0.271	0.145	0.418
EEF1E1	PSMD14	9606.ENSP00000369038	9606.ENSP00000386541	0	0	0	0	0.364	0.096	0	0.071	0.419
EEF1E1	RPSA	9606.ENSP00000369038	9606.ENSP00000389351	0	0	0	0	0.229	0.071	0	0.263	0.426
EEF1E1	RPLP0	9606.ENSP00000369038	9606.ENSP00000449328	0	0	0	0	0.235	0.230	0	0.122	0.438
EEF1E1	LARS1	9606.ENSP00000369038	9606.ENSP00000377954	0	0	0	0	0.135	0.834	0.900	0.841	0.997
EEFSEC	RPL18A	9606.ENSP00000254730	9606.ENSP00000222247	0	0	0	0	0.133	0.800	0.500	0.052	0.906
EEFSEC	RPL19	9606.ENSP00000254730	9606.ENSP00000225430	0	0	0	0	0.130	0.800	0.500	0.044	0.906
EEFSEC	RPS12	9606.ENSP00000254730	9606.ENSP00000230050	0.059	0	0	0	0.135	0.874	0.500	0.159	0.949
EEFSEC	RPS4Y1	9606.ENSP00000254730	9606.ENSP00000250784	0	0	0	0	0.139	0.481	0.500	0.163	0.787
EEFSEC	LARS1	9606.ENSP00000254730	9606.ENSP00000377954	0.057	0	0	0	0.149	0.067	0	0.302	0.408
EEFSEC	MARS1	9606.ENSP00000254730	9606.ENSP00000262027	0.076	0	0	0	0.157	0	0	0.433	0.519
EEFSEC	EPRS1	9606.ENSP00000254730	9606.ENSP00000355890	0.078	0	0	0	0.300	0	0	0.321	0.524
EEFSEC	RPLP2	9606.ENSP00000254730	9606.ENSP00000431240	0	0	0	0	0.083	0	0.500	0.070	0.536
EEFSEC	RPL22L1	9606.ENSP00000254730	9606.ENSP00000346080	0	0	0	0	0.060	0	0.500	0.101	0.541
EEFSEC	PAPSS2	9606.ENSP00000254730	9606.ENSP00000406157	0	0	0	0	0.049	0	0.397	0.274	0.547
EEFSEC	PAPSS1	9606.ENSP00000254730	9606.ENSP00000265174	0	0	0	0	0.049	0	0.397	0.303	0.565
EEFSEC	RPLP1	9606.ENSP00000254730	9606.ENSP00000346037	0	0	0	0	0.162	0	0.500	0.070	0.576
EEFSEC	TXNRD1	9606.ENSP00000254730	9606.ENSP00000434516	0	0	0	0	0.056	0	0	0.575	0.582
EEFSEC	RPL39L	9606.ENSP00000254730	9606.ENSP00000389356	0	0	0	0	0.128	0	0.500	0.134	0.589
EEFSEC	SCLY	9606.ENSP00000254730	9606.ENSP00000499199	0.102	0	0	0	0.058	0	0	0.644	0.672
EEFSEC	RPL10L	9606.ENSP00000254730	9606.ENSP00000298283	0	0	0	0	0.131	0.272	0.500	0.120	0.684
EEFSEC	RPL41	9606.ENSP00000254730	9606.ENSP00000449026	0	0	0	0	0	0.401	0.500	0	0.687
EEFSEC	RPL26L1	9606.ENSP00000254730	9606.ENSP00000428223	0	0	0	0	0.143	0.312	0.500	0.072	0.689
EEFSEC	RPL12	9606.ENSP00000254730	9606.ENSP00000354739	0	0	0	0	0.172	0.289	0.500	0.165	0.721
EEFSEC	RPL3L	9606.ENSP00000254730	9606.ENSP00000268661	0	0	0	0	0.194	0.296	0.500	0.203	0.743
EEFSEC	RPS27L	9606.ENSP00000254730	9606.ENSP00000331019	0	0	0	0	0.049	0.518	0.500	0.152	0.779
EEFSEC	RPS4Y2	9606.ENSP00000254730	9606.ENSP00000486252	0	0	0	0	0.139	0.481	0.500	0.163	0.787
EEFSEC	SARS1	9606.ENSP00000254730	9606.ENSP00000358939	0.041	0	0	0	0.138	0	0	0.833	0.850
EEFSEC	RPL29	9606.ENSP00000254730	9606.ENSP00000294189	0	0	0	0	0.078	0.800	0.500	0	0.899
EEFSEC	RPL18	9606.ENSP00000254730	9606.ENSP00000447001	0	0	0	0	0.095	0.800	0.500	0.057	0.903
EEFSEC	RPL37	9606.ENSP00000254730	9606.ENSP00000274242	0	0	0	0	0.088	0.800	0.500	0.070	0.903
EEFSEC	RPL37A	9606.ENSP00000254730	9606.ENSP00000418082	0	0	0	0	0.123	0.800	0.500	0	0.904
EEFSEC	RPL28	9606.ENSP00000254730	9606.ENSP00000452763	0	0	0	0	0.085	0.800	0.500	0.083	0.904
EEFSEC	RPL13	9606.ENSP00000254730	9606.ENSP00000307889	0	0	0	0	0.133	0.800	0.500	0	0.905
EEFSEC	RPL36	9606.ENSP00000254730	9606.ENSP00000464342	0	0	0	0	0.067	0.806	0.500	0.080	0.905
EEFSEC	RPL22	9606.ENSP00000254730	9606.ENSP00000346088	0	0	0	0	0.075	0.800	0.500	0.101	0.905
EEFSEC	RPL32	9606.ENSP00000254730	9606.ENSP00000416429	0	0	0	0	0.084	0.800	0.500	0.090	0.905
EEFSEC	RPL36A	9606.ENSP00000254730	9606.ENSP00000404375	0	0	0	0	0.069	0.800	0.500	0.121	0.907
EEFSEC	UBA52	9606.ENSP00000254730	9606.ENSP00000388107	0.042	0	0	0	0.129	0.800	0.500	0.070	0.908
EEFSEC	RPL10A	9606.ENSP00000254730	9606.ENSP00000363018	0	0	0	0	0.127	0.800	0.500	0.089	0.909
EEFSEC	RPL36AL	9606.ENSP00000254730	9606.ENSP00000346012	0	0	0	0	0.095	0.800	0.500	0.121	0.909
EEFSEC	RPL21	9606.ENSP00000254730	9606.ENSP00000346027	0	0	0	0	0.134	0.800	0.500	0.091	0.910
EEFSEC	SEPSECS	9606.ENSP00000254730	9606.ENSP00000371535	0	0	0	0	0	0	0	0.911	0.911
EEFSEC	RPL35A	9606.ENSP00000254730	9606.ENSP00000495672	0	0	0	0	0.114	0.800	0.500	0.114	0.911
EEFSEC	RPL6	9606.ENSP00000254730	9606.ENSP00000403172	0	0	0	0	0.152	0.805	0.500	0.068	0.912
EEFSEC	RPL27	9606.ENSP00000254730	9606.ENSP00000464813	0	0	0	0	0.152	0.805	0.500	0.068	0.912
EEFSEC	RPL38	9606.ENSP00000254730	9606.ENSP00000309830	0	0	0	0	0.102	0.800	0.500	0.137	0.912
EEFSEC	RPL14	9606.ENSP00000254730	9606.ENSP00000379506	0	0	0	0	0.152	0.805	0.500	0.068	0.912
EEFSEC	RPL31	9606.ENSP00000254730	9606.ENSP00000386717	0	0	0	0	0.152	0.810	0.500	0	0.912
EEFSEC	RPL39	9606.ENSP00000254730	9606.ENSP00000355315	0	0	0	0	0.128	0.800	0.500	0.134	0.914
EEFSEC	RPL24	9606.ENSP00000254730	9606.ENSP00000377640	0.114	0	0	0	0.171	0.800	0.500	0	0.916
EEFSEC	RPL34	9606.ENSP00000254730	9606.ENSP00000378163	0	0	0	0	0.203	0.800	0.500	0.105	0.919
EEFSEC	RPL27A	9606.ENSP00000254730	9606.ENSP00000346015	0	0	0	0	0.113	0.829	0.500	0.062	0.919
EEFSEC	RPLP0	9606.ENSP00000254730	9606.ENSP00000449328	0	0	0	0	0.204	0.803	0.500	0.155	0.925
EEFSEC	RPL15	9606.ENSP00000254730	9606.ENSP00000309334	0	0	0	0	0.313	0.800	0.500	0.052	0.926
EEFSEC	RPS27A	9606.ENSP00000254730	9606.ENSP00000272317	0	0	0	0	0.073	0.852	0.500	0.051	0.926
EEFSEC	RPL13A	9606.ENSP00000254730	9606.ENSP00000375730	0	0	0	0	0.124	0.858	0.500	0	0.932
EEFSEC	RPL17	9606.ENSP00000254730	9606.ENSP00000463842	0	0	0	0	0.165	0.853	0.500	0	0.933
EEFSEC	RPL26	9606.ENSP00000254730	9606.ENSP00000463784	0	0	0	0	0.145	0.856	0.500	0.072	0.935
EEFSEC	RPL10	9606.ENSP00000254730	9606.ENSP00000413436	0	0	0	0	0.151	0.848	0.500	0.120	0.935
EEFSEC	RPL7	9606.ENSP00000254730	9606.ENSP00000339795	0	0	0	0	0.116	0.851	0.500	0.152	0.936
EEFSEC	RPS15A	9606.ENSP00000254730	9606.ENSP00000318646	0	0	0	0	0.092	0.874	0.500	0.068	0.939
EEFSEC	RPL23	9606.ENSP00000254730	9606.ENSP00000420311	0	0	0	0	0.154	0.875	0.500	0	0.942
EEFSEC	RPL5	9606.ENSP00000254730	9606.ENSP00000359345	0	0	0	0	0.163	0.875	0.500	0.057	0.944
EEFSEC	RPL9	9606.ENSP00000254730	9606.ENSP00000494697	0	0	0	0	0.153	0.875	0.500	0.068	0.944
EEFSEC	RPL23A	9606.ENSP00000254730	9606.ENSP00000389103	0	0	0	0	0.130	0.886	0.500	0	0.946
EEFSEC	RPL35	9606.ENSP00000254730	9606.ENSP00000259469	0	0	0	0	0.218	0.875	0.500	0	0.946
EEFSEC	RPL3	9606.ENSP00000254730	9606.ENSP00000346001	0	0	0	0	0.215	0.853	0.500	0.203	0.947
EEFSEC	RPS29	9606.ENSP00000254730	9606.ENSP00000379339	0	0	0	0	0.085	0.896	0.500	0	0.948
EEFSEC	RPS27	9606.ENSP00000254730	9606.ENSP00000499044	0	0	0	0	0.067	0.899	0.500	0.073	0.950
EEFSEC	RPL7A	9606.ENSP00000254730	9606.ENSP00000361076	0.059	0	0	0	0.135	0.874	0.500	0.202	0.951
EEFSEC	RPSA	9606.ENSP00000254730	9606.ENSP00000389351	0	0	0	0	0.171	0.885	0.500	0.128	0.952
EEFSEC	RPS14	9606.ENSP00000254730	9606.ENSP00000385958	0	0	0	0	0.127	0.896	0.500	0.063	0.952
EEFSEC	RPL11	9606.ENSP00000254730	9606.ENSP00000496250	0	0	0	0	0.248	0.881	0.500	0.078	0.953
EEFSEC	RPS10	9606.ENSP00000254730	9606.ENSP00000481646	0	0	0	0	0.127	0.900	0.500	0.100	0.955
EEFSEC	RPL8	9606.ENSP00000254730	9606.ENSP00000262584	0	0	0	0	0.213	0.876	0.500	0.203	0.956
EEFSEC	RPS4X	9606.ENSP00000254730	9606.ENSP00000362744	0	0	0	0	0.162	0.891	0.500	0.163	0.956
EEFSEC	RPS13	9606.ENSP00000254730	9606.ENSP00000435777	0.058	0	0	0	0.129	0.896	0.500	0.150	0.957
EEFSEC	RPL4	9606.ENSP00000254730	9606.ENSP00000311430	0	0	0	0	0.162	0.896	0.500	0.166	0.958
EEFSEC	RPS5	9606.ENSP00000254730	9606.ENSP00000472985	0	0	0	0	0.209	0.896	0.500	0.116	0.959
EEFSEC	RPS16	9606.ENSP00000254730	9606.ENSP00000367806	0	0	0	0	0.169	0.896	0.500	0.166	0.959
EEFSEC	RPS9	9606.ENSP00000254730	9606.ENSP00000375632	0	0	0	0	0.145	0.906	0.500	0.118	0.959
EEFSEC	RPS17	9606.ENSP00000254730	9606.ENSP00000498019	0	0	0	0	0.140	0.920	0.500	0	0.962
EEFSEC	RPL30	9606.ENSP00000254730	9606.ENSP00000428085	0	0	0	0	0.170	0.800	0.500	0.624	0.964
EEFSEC	RPS2	9606.ENSP00000254730	9606.ENSP00000341885	0	0	0	0	0.214	0.911	0.500	0.113	0.965
EEFSEC	RPS23	9606.ENSP00000254730	9606.ENSP00000296674	0	0	0	0	0.164	0.911	0.500	0.194	0.966
EEFSEC	RPS20	9606.ENSP00000254730	9606.ENSP00000429374	0	0	0	0	0.143	0.923	0.500	0.158	0.968
EEFSEC	RPS25	9606.ENSP00000254730	9606.ENSP00000435096	0	0	0	0	0.077	0.948	0.500	0.052	0.974
EEFSEC	RPS21	9606.ENSP00000254730	9606.ENSP00000345957	0	0	0	0	0.075	0.948	0.500	0.067	0.974
EEFSEC	RPS8	9606.ENSP00000254730	9606.ENSP00000379888	0	0	0	0	0.135	0.950	0.500	0	0.976
EEFSEC	RPS7	9606.ENSP00000254730	9606.ENSP00000495273	0	0	0	0	0.148	0.948	0.500	0	0.976
EEFSEC	RPS24	9606.ENSP00000254730	9606.ENSP00000414321	0.115	0	0	0	0.134	0.946	0.500	0.080	0.977
EEFSEC	RPS3A	9606.ENSP00000254730	9606.ENSP00000346050	0.042	0	0	0	0.166	0.947	0.500	0.089	0.977
EEFSEC	RPS26	9606.ENSP00000254730	9606.ENSP00000348849	0	0	0	0	0.126	0.948	0.500	0.131	0.977
EEFSEC	RPS18	9606.ENSP00000254730	9606.ENSP00000393241	0	0	0	0	0.133	0.954	0.500	0.054	0.978
EEFSEC	RPS19	9606.ENSP00000254730	9606.ENSP00000470972	0	0	0	0	0.212	0.949	0.500	0	0.978
EEFSEC	RPS28	9606.ENSP00000254730	9606.ENSP00000472469	0.114	0	0	0	0.140	0.946	0.500	0.159	0.979
EEFSEC	RPS15	9606.ENSP00000254730	9606.ENSP00000466010	0	0	0	0	0.171	0.955	0.500	0.116	0.981
EEFSEC	RPS11	9606.ENSP00000254730	9606.ENSP00000270625	0	0	0	0	0.211	0.953	0.500	0.181	0.983
EEFSEC	RPS6	9606.ENSP00000254730	9606.ENSP00000369757	0.115	0	0	0	0.264	0.948	0.500	0.289	0.985
EEFSEC	RPS3	9606.ENSP00000254730	9606.ENSP00000278572	0	0	0	0	0.238	0.961	0.500	0.339	0.989
EEFSEC	PSTK	9606.ENSP00000254730	9606.ENSP00000384653	0	0	0	0	0	0	0	0.993	0.993
EEFSEC	FAU	9606.ENSP00000254730	9606.ENSP00000431822	0	0	0	0	0.087	0.993	0.500	0.219	0.997
EEFSEC	SECISBP2	9606.ENSP00000254730	9606.ENSP00000364965	0	0	0	0	0	0.801	0.500	0.998	0.999
ENOPH1	MRI1	9606.ENSP00000273920	9606.ENSP00000040663	0.231	0	0.207	0	0.060	0	0.809	0.807	0.975
ENOPH1	ODC1	9606.ENSP00000273920	9606.ENSP00000234111	0	0	0	0	0.073	0	0	0.411	0.431
ENOPH1	MTR	9606.ENSP00000273920	9606.ENSP00000355536	0	0	0	0	0.083	0	0	0.388	0.415
ENOPH1	SRM	9606.ENSP00000273920	9606.ENSP00000366156	0	0	0	0	0.062	0	0	0.494	0.505
ENOPH1	MTAP	9606.ENSP00000273920	9606.ENSP00000494373	0.111	0	0	0	0.044	0	0	0.589	0.620
ENOPH1	SMS	9606.ENSP00000273920	9606.ENSP00000385746	0	0	0	0	0.100	0.453	0	0.360	0.657
EPRS1	PSMD7	9606.ENSP00000355890	9606.ENSP00000219313	0.100	0	0	0	0.172	0.143	0	0.349	0.528
EPRS1	PYCR3	9606.ENSP00000355890	9606.ENSP00000220966	0.120	0	0	0	0.100	0	0	0.334	0.427
EPRS1	RPL18A	9606.ENSP00000355890	9606.ENSP00000222247	0	0	0	0	0.421	0.624	0	0.128	0.793
EPRS1	RPL19	9606.ENSP00000355890	9606.ENSP00000225430	0	0	0	0	0.540	0.624	0	0.283	0.865
EPRS1	PDHX	9606.ENSP00000355890	9606.ENSP00000227868	0.042	0	0	0	0.138	0.189	0	0.283	0.456
EPRS1	RPS12	9606.ENSP00000355890	9606.ENSP00000230050	0.216	0	0	0	0.337	0.446	0	0.079	0.699
EPRS1	RARS1	9606.ENSP00000355890	9606.ENSP00000231572	0.262	0	0	0	0.869	0.908	0.900	0.975	0.999
EPRS1	RPS4Y1	9606.ENSP00000355890	9606.ENSP00000250784	0	0	0	0	0.430	0.507	0	0.200	0.755
EPRS1	RPL35	9606.ENSP00000355890	9606.ENSP00000259469	0.056	0	0	0	0.408	0.624	0	0.361	0.847
EPRS1	MARS1	9606.ENSP00000355890	9606.ENSP00000262027	0.269	0	0	0	0.828	0.996	0.900	0.989	0.999
EPRS1	RPL8	9606.ENSP00000355890	9606.ENSP00000262584	0.055	0	0	0	0.554	0.453	0	0.398	0.842
EPRS1	RPL3L	9606.ENSP00000355890	9606.ENSP00000268661	0.057	0	0	0	0.564	0.453	0	0.350	0.834
EPRS1	RPS11	9606.ENSP00000355890	9606.ENSP00000270625	0.056	0	0	0	0.739	0.624	0	0.362	0.933
EPRS1	RPS27A	9606.ENSP00000355890	9606.ENSP00000272317	0	0	0	0	0.127	0.306	0	0.101	0.408
EPRS1	GLUD1	9606.ENSP00000355890	9606.ENSP00000277865	0.122	0	0	0	0.055	0	0.800	0.202	0.849
EPRS1	RPS3	9606.ENSP00000355890	9606.ENSP00000278572	0.056	0	0	0	0.696	0.877	0	0.395	0.975
EPRS1	RPL29	9606.ENSP00000355890	9606.ENSP00000294189	0	0	0	0	0.608	0.624	0	0.242	0.878
EPRS1	RPS23	9606.ENSP00000355890	9606.ENSP00000296674	0.042	0	0	0	0.554	0.498	0	0.295	0.828
EPRS1	RPL10L	9606.ENSP00000355890	9606.ENSP00000298283	0.043	0	0	0	0.297	0.406	0	0.158	0.618
EPRS1	PDHB	9606.ENSP00000355890	9606.ENSP00000307241	0.057	0	0	0	0.066	0	0	0.377	0.404
EPRS1	QARS1	9606.ENSP00000355890	9606.ENSP00000307567	0.086	0	0	0.695	0.766	0.889	0.900	0.920	0.999
EPRS1	RPL13	9606.ENSP00000355890	9606.ENSP00000307889	0	0	0	0	0.609	0.624	0	0.148	0.864
EPRS1	GLUL	9606.ENSP00000355890	9606.ENSP00000307900	0.096	0	0	0	0.042	0.071	0.800	0.241	0.855
EPRS1	RPL15	9606.ENSP00000355890	9606.ENSP00000309334	0	0	0	0	0.686	0.624	0	0.240	0.902
EPRS1	PSMD1	9606.ENSP00000355890	9606.ENSP00000309474	0	0	0	0	0.901	0	0	0.174	0.915
EPRS1	RPL38	9606.ENSP00000355890	9606.ENSP00000309830	0	0	0	0	0.606	0.624	0	0.385	0.901
EPRS1	PSMD2	9606.ENSP00000355890	9606.ENSP00000310129	0	0	0	0	0.364	0.255	0	0.094	0.534
EPRS1	GLS2	9606.ENSP00000355890	9606.ENSP00000310447	0.053	0	0	0	0.056	0	0.800	0	0.805
EPRS1	RPL4	9606.ENSP00000355890	9606.ENSP00000311430	0.118	0	0	0	0.445	0.453	0	0.241	0.769
EPRS1	GRHPR	9606.ENSP00000355890	9606.ENSP00000313432	0.264	0	0	0	0.094	0.097	0	0.363	0.565
EPRS1	GLS	9606.ENSP00000355890	9606.ENSP00000317379	0.053	0	0	0	0.074	0	0.800	0	0.809
EPRS1	RPS15A	9606.ENSP00000355890	9606.ENSP00000318646	0.042	0	0	0	0.308	0.424	0	0.314	0.703
EPRS1	SHMT1	9606.ENSP00000355890	9606.ENSP00000318868	0.269	0	0	0	0.213	0	0	0.382	0.614
EPRS1	KARS1	9606.ENSP00000355890	9606.ENSP00000325448	0.283	0	0	0	0.904	0.896	0.900	0.991	0.999
EPRS1	GLUD2	9606.ENSP00000355890	9606.ENSP00000327589	0.122	0	0	0	0.050	0	0.800	0.183	0.845
EPRS1	RPS27L	9606.ENSP00000355890	9606.ENSP00000331019	0	0	0	0	0.314	0.638	0	0.159	0.773
EPRS1	RPL7	9606.ENSP00000355890	9606.ENSP00000339795	0	0	0	0	0.310	0.507	0	0.340	0.756
EPRS1	RPS2	9606.ENSP00000355890	9606.ENSP00000341885	0.046	0	0	0	0.313	0.638	0	0.225	0.791
EPRS1	PYCR2	9606.ENSP00000355890	9606.ENSP00000342502	0.120	0	0	0	0.138	0	0	0.298	0.421
EPRS1	RPS21	9606.ENSP00000355890	9606.ENSP00000345957	0	0	0	0	0.588	0.624	0	0.222	0.869
EPRS1	RPL3	9606.ENSP00000355890	9606.ENSP00000346001	0.057	0	0	0	0.572	0.453	0	0.422	0.855
EPRS1	RPL36AL	9606.ENSP00000355890	9606.ENSP00000346012	0	0	0	0	0.410	0.453	0	0.157	0.704
EPRS1	RPL27A	9606.ENSP00000355890	9606.ENSP00000346015	0	0	0	0	0.313	0.291	0	0.367	0.665
EPRS1	RPL21	9606.ENSP00000355890	9606.ENSP00000346027	0	0	0	0	0.823	0.624	0	0.138	0.937
EPRS1	RPLP1	9606.ENSP00000355890	9606.ENSP00000346037	0	0	0	0	0.683	0.517	0	0.154	0.859
EPRS1	RPS3A	9606.ENSP00000355890	9606.ENSP00000346050	0	0	0	0	0.648	0.864	0	0.339	0.965
EPRS1	RPL22L1	9606.ENSP00000355890	9606.ENSP00000346080	0	0	0	0	0.279	0.498	0	0.176	0.675
EPRS1	RPL22	9606.ENSP00000355890	9606.ENSP00000346088	0	0	0	0	0.268	0.498	0	0.207	0.683
EPRS1	PSMD12	9606.ENSP00000355890	9606.ENSP00000348442	0	0	0	0	0.241	0.140	0	0.363	0.548
EPRS1	RPS26	9606.ENSP00000355890	9606.ENSP00000348849	0.103	0	0	0	0.600	0.624	0	0.116	0.864
EPRS1	RPL12	9606.ENSP00000355890	9606.ENSP00000354739	0.130	0	0	0	0.359	0.406	0	0.288	0.732
EPRS1	RPL39	9606.ENSP00000355890	9606.ENSP00000355315	0.086	0	0	0	0.253	0.307	0	0.194	0.568
EPRS1	NDUFAB1	9606.ENSP00000355890	9606.ENSP00000458770	0.210	0	0	0	0.083	0	0	0.248	0.407
EPRS1	PYCR1	9606.ENSP00000355890	9606.ENSP00000384949	0.120	0	0	0	0.137	0	0	0.299	0.421
EPRS1	PSMD14	9606.ENSP00000355890	9606.ENSP00000386541	0.100	0	0	0	0.160	0.253	0	0.113	0.432
EPRS1	PSMD9	9606.ENSP00000355890	9606.ENSP00000440485	0.119	0	0	0	0.081	0	0	0.366	0.442
EPRS1	OAT	9606.ENSP00000355890	9606.ENSP00000357838	0.105	0	0	0	0.131	0	0	0.353	0.453
EPRS1	SRM	9606.ENSP00000355890	9606.ENSP00000366156	0.093	0	0	0	0.154	0.052	0	0.339	0.455
EPRS1	SMS	9606.ENSP00000355890	9606.ENSP00000385746	0.093	0	0	0	0.167	0.052	0	0.339	0.463
EPRS1	PSAT1	9606.ENSP00000355890	9606.ENSP00000365773	0.060	0	0	0	0.118	0	0	0.436	0.492
EPRS1	PSMC6	9606.ENSP00000355890	9606.ENSP00000484998	0	0	0	0	0.233	0.097	0	0.342	0.504
EPRS1	RPL32	9606.ENSP00000355890	9606.ENSP00000416429	0	0	0	0	0.337	0.300	0	0.099	0.545
EPRS1	RPL39L	9606.ENSP00000355890	9606.ENSP00000389356	0.086	0	0	0	0.263	0.307	0	0.194	0.573
EPRS1	MAT1A	9606.ENSP00000355890	9606.ENSP00000361287	0.253	0	0	0	0.191	0	0	0.371	0.586
EPRS1	RPL10	9606.ENSP00000355890	9606.ENSP00000413436	0.043	0	0	0	0.311	0.406	0	0.181	0.636
EPRS1	RPL27	9606.ENSP00000355890	9606.ENSP00000464813	0	0	0	0	0.309	0.419	0	0.179	0.641
EPRS1	RPL14	9606.ENSP00000355890	9606.ENSP00000379506	0	0	0	0	0.309	0.419	0	0.202	0.651
EPRS1	PDHA1	9606.ENSP00000355890	9606.ENSP00000369134	0.216	0	0	0	0.544	0.092	0	0.121	0.676
EPRS1	RPL7A	9606.ENSP00000355890	9606.ENSP00000361076	0.216	0	0	0	0.337	0.446	0	0.052	0.690
EPRS1	RPL36A	9606.ENSP00000355890	9606.ENSP00000404375	0	0	0	0	0.408	0.453	0	0.157	0.703
EPRS1	RPL6	9606.ENSP00000355890	9606.ENSP00000403172	0	0	0	0	0.327	0.518	0	0.179	0.711
EPRS1	RPS4Y2	9606.ENSP00000355890	9606.ENSP00000486252	0	0	0	0	0.430	0.507	0	0.110	0.728
EPRS1	UBA52	9606.ENSP00000355890	9606.ENSP00000388107	0	0	0	0	0.304	0.624	0	0.146	0.757
EPRS1	RPS4X	9606.ENSP00000355890	9606.ENSP00000362744	0	0	0	0	0.445	0.507	0	0.200	0.762
EPRS1	RPS10	9606.ENSP00000355890	9606.ENSP00000481646	0	0	0	0	0.303	0.638	0	0.155	0.768
EPRS1	RPS27	9606.ENSP00000355890	9606.ENSP00000499044	0	0	0	0	0.315	0.638	0	0.159	0.773
EPRS1	RPL18	9606.ENSP00000355890	9606.ENSP00000447001	0.096	0	0	0	0.312	0.624	0	0.155	0.776
EPRS1	RPLP0	9606.ENSP00000355890	9606.ENSP00000449328	0.061	0	0	0	0.365	0.587	0	0.252	0.791
EPRS1	RPS16	9606.ENSP00000355890	9606.ENSP00000367806	0.118	0	0	0	0.432	0.535	0	0.214	0.792
EPRS1	RPL28	9606.ENSP00000355890	9606.ENSP00000452763	0	0	0	0	0.411	0.624	0	0.146	0.794
EPRS1	RPS29	9606.ENSP00000355890	9606.ENSP00000379339	0.043	0	0	0	0.551	0.453	0	0.233	0.796
EPRS1	RPS28	9606.ENSP00000355890	9606.ENSP00000472469	0.060	0	0	0	0.410	0.624	0	0.193	0.809
EPRS1	RPL17	9606.ENSP00000355890	9606.ENSP00000463842	0.049	0	0	0	0.523	0.453	0	0.348	0.816
EPRS1	RPS13	9606.ENSP00000355890	9606.ENSP00000435777	0.257	0	0	0	0.364	0.553	0.140	0.162	0.820
EPRS1	RPL9	9606.ENSP00000355890	9606.ENSP00000494697	0.045	0	0	0	0.602	0.498	0	0.227	0.832
EPRS1	RPLP2	9606.ENSP00000355890	9606.ENSP00000431240	0	0	0	0	0.607	0.522	0	0.209	0.838
EPRS1	RPL35A	9606.ENSP00000355890	9606.ENSP00000495672	0	0	0	0	0.539	0.624	0	0.155	0.840
EPRS1	RPS14	9606.ENSP00000355890	9606.ENSP00000385958	0.060	0	0	0	0.598	0.541	0	0.208	0.844
EPRS1	RPS5	9606.ENSP00000355890	9606.ENSP00000472985	0	0	0	0	0.583	0.511	0	0.323	0.850
EPRS1	RPL36	9606.ENSP00000355890	9606.ENSP00000464342	0	0	0	0	0.527	0.624	0	0.238	0.852
EPRS1	RPL10A	9606.ENSP00000355890	9606.ENSP00000363018	0.186	0	0	0	0.550	0.453	0	0.375	0.858
EPRS1	SARS1	9606.ENSP00000355890	9606.ENSP00000358939	0.119	0	0	0	0.414	0.070	0	0.744	0.860
EPRS1	RPL34	9606.ENSP00000355890	9606.ENSP00000378163	0	0	0	0	0.604	0.624	0	0.141	0.861
EPRS1	RPL37A	9606.ENSP00000355890	9606.ENSP00000418082	0	0	0	0	0.597	0.624	0	0.161	0.862
EPRS1	RPS25	9606.ENSP00000355890	9606.ENSP00000435096	0	0	0	0	0.555	0.624	0	0.248	0.863
EPRS1	RPSA	9606.ENSP00000355890	9606.ENSP00000389351	0.250	0	0	0	0.548	0.488	0	0.342	0.870
EPRS1	RPL24	9606.ENSP00000355890	9606.ENSP00000377640	0.057	0	0	0	0.627	0.624	0	0.180	0.877
EPRS1	RPL11	9606.ENSP00000355890	9606.ENSP00000496250	0.056	0	0	0	0.636	0.624	0	0.272	0.893
EPRS1	RPS17	9606.ENSP00000355890	9606.ENSP00000498019	0	0	0	0	0.405	0.813	0	0.125	0.894
EPRS1	RPL26L1	9606.ENSP00000355890	9606.ENSP00000428223	0.046	0	0	0	0.407	0.748	0	0.348	0.894
EPRS1	RPS7	9606.ENSP00000355890	9606.ENSP00000495273	0	0	0	0	0.421	0.813	0	0.121	0.896
EPRS1	RPL26	9606.ENSP00000355890	9606.ENSP00000463784	0.046	0	0	0	0.406	0.748	0	0.371	0.898
EPRS1	RPS20	9606.ENSP00000355890	9606.ENSP00000429374	0.108	0	0	0	0.617	0.638	0	0.362	0.910
EPRS1	RPS6	9606.ENSP00000355890	9606.ENSP00000369757	0	0	0	0	0.401	0.812	0	0.277	0.911
EPRS1	RPL30	9606.ENSP00000355890	9606.ENSP00000428085	0	0	0	0	0.730	0.624	0	0.208	0.912
EPRS1	RPS9	9606.ENSP00000355890	9606.ENSP00000375632	0.118	0	0	0	0.418	0.777	0	0.363	0.917
EPRS1	RPL5	9606.ENSP00000355890	9606.ENSP00000359345	0.053	0	0	0	0.696	0.624	0	0.341	0.919
EPRS1	RPL23	9606.ENSP00000355890	9606.ENSP00000420311	0.055	0	0	0	0.694	0.624	0	0.379	0.923
EPRS1	RPS24	9606.ENSP00000355890	9606.ENSP00000414321	0	0	0	0	0.738	0.624	0	0.312	0.926
EPRS1	RPL31	9606.ENSP00000355890	9606.ENSP00000386717	0	0	0	0	0.567	0.813	0	0.226	0.932
EPRS1	RPS19	9606.ENSP00000355890	9606.ENSP00000470972	0	0	0	0	0.559	0.813	0	0.323	0.939
EPRS1	RPS18	9606.ENSP00000355890	9606.ENSP00000393241	0.092	0	0	0	0.603	0.807	0	0.353	0.949
EPRS1	RPS15	9606.ENSP00000355890	9606.ENSP00000466010	0.057	0	0	0	0.688	0.822	0	0.365	0.962
EPRS1	RPL23A	9606.ENSP00000355890	9606.ENSP00000389103	0.061	0	0	0	0.684	0.840	0	0.373	0.966
EPRS1	RPS8	9606.ENSP00000355890	9606.ENSP00000379888	0	0	0	0	0.692	0.864	0	0.311	0.968
EPRS1	FAU	9606.ENSP00000355890	9606.ENSP00000431822	0	0	0	0	0.636	0.967	0	0.359	0.991
EPRS1	IARS1	9606.ENSP00000355890	9606.ENSP00000364794	0.062	0	0	0	0.926	0.995	0.900	0.993	0.999
EPRS1	RPL13A	9606.ENSP00000355890	9606.ENSP00000375730	0.119	0	0	0	0.602	0.603	0.900	0.997	0.999
EPRS1	LARS1	9606.ENSP00000355890	9606.ENSP00000377954	0.117	0.119	0	0	0.906	0.911	0.900	0.983	0.999
ETHE1	HPD	9606.ENSP00000292147	9606.ENSP00000289004	0.051	0	0	0	0	0	0.352	0.131	0.418
ETHE1	HAO1	9606.ENSP00000292147	9606.ENSP00000368066	0.046	0	0	0	0	0	0.352	0.112	0.403
ETHE1	RPS27L	9606.ENSP00000292147	9606.ENSP00000331019	0	0	0	0	0.042	0	0	0.413	0.413
ETHE1	GRHPR	9606.ENSP00000292147	9606.ENSP00000313432	0.057	0	0	0	0.137	0.161	0.200	0.241	0.510
ETHE1	TST	9606.ENSP00000292147	9606.ENSP00000385828	0.049	0	0	0	0.133	0	0.900	0.807	0.982
ETHE1	SUOX	9606.ENSP00000292147	9606.ENSP00000377668	0	0	0	0	0.097	0	0.900	0.852	0.985
ETHE1	SQOR	9606.ENSP00000292147	9606.ENSP00000456019	0.057	0	0	0	0.134	0	0.900	0.928	0.993
FAH	OTC	9606.ENSP00000385080	9606.ENSP00000039007	0.057	0	0	0	0.109	0	0	0.426	0.476
FAH	GOT2	9606.ENSP00000385080	9606.ENSP00000245206	0.042	0	0	0	0.198	0.232	0	0.384	0.588
FAH	MARS1	9606.ENSP00000385080	9606.ENSP00000262027	0.117	0	0	0	0.117	0	0.271	0.145	0.449
FAH	KYNU	9606.ENSP00000385080	9606.ENSP00000264170	0.047	0	0	0	0.306	0	0	0.315	0.507
FAH	HGD	9606.ENSP00000385080	9606.ENSP00000283871	0.111	0.163	0.303	0	0.618	0	0.154	0.736	0.945
FAH	HPD	9606.ENSP00000385080	9606.ENSP00000289004	0.095	0	0.394	0	0.235	0	0	0.987	0.993
FAH	TAT	9606.ENSP00000385080	9606.ENSP00000348234	0.056	0	0	0	0.118	0	0	0.929	0.935
FAH	KMO	9606.ENSP00000385080	9606.ENSP00000355517	0.079	0	0	0	0.209	0	0.188	0.380	0.584
FAH	GOT1	9606.ENSP00000385080	9606.ENSP00000359539	0.042	0	0	0	0.192	0	0	0.296	0.407
FAH	GPT	9606.ENSP00000385080	9606.ENSP00000378408	0.056	0	0	0	0.117	0	0	0.429	0.483
FAH	IVD	9606.ENSP00000385080	9606.ENSP00000499074	0.041	0	0	0	0.101	0	0	0.434	0.470
FAH	PAH	9606.ENSP00000385080	9606.ENSP00000448059	0.069	0	0	0	0.139	0	0	0.541	0.600
FAH	GSTZ1	9606.ENSP00000385080	9606.ENSP00000451976	0.058	0.511	0	0	0.177	0	0.977	0.744	0.997
FAU	PSMA4	9606.ENSP00000431822	9606.ENSP00000044462	0	0	0	0	0.155	0.301	0	0.116	0.432
FAU	PSMD8	9606.ENSP00000431822	9606.ENSP00000215071	0	0	0	0	0.102	0.275	0	0.256	0.474
FAU	PSMD7	9606.ENSP00000431822	9606.ENSP00000219313	0	0	0	0	0.085	0.736	0	0.325	0.822
FAU	RPL18A	9606.ENSP00000431822	9606.ENSP00000222247	0	0	0	0	0.996	0.993	0	0.143	0.999
FAU	RPL19	9606.ENSP00000431822	9606.ENSP00000225430	0	0	0	0	0.991	0.993	0	0.479	0.999
FAU	RPS12	9606.ENSP00000431822	9606.ENSP00000230050	0	0	0	0	0.933	0.995	0.900	0.182	0.999
FAU	RPS4Y1	9606.ENSP00000431822	9606.ENSP00000250784	0	0	0	0	0.963	0.993	0.540	0.443	0.999
FAU	RPL35	9606.ENSP00000431822	9606.ENSP00000259469	0	0	0	0	0.991	0.993	0	0.152	0.999
FAU	PSMD11	9606.ENSP00000431822	9606.ENSP00000261712	0	0	0	0	0.074	0.277	0	0.286	0.481
FAU	PSMB1	9606.ENSP00000431822	9606.ENSP00000262193	0	0	0	0	0.277	0.263	0	0.067	0.459
FAU	RPL8	9606.ENSP00000431822	9606.ENSP00000262584	0	0	0	0	0.954	0.993	0	0.295	0.999
FAU	PSMD3	9606.ENSP00000431822	9606.ENSP00000264639	0	0	0	0	0.074	0.305	0	0.165	0.416
FAU	RPL3L	9606.ENSP00000431822	9606.ENSP00000268661	0	0	0	0	0.367	0.967	0	0.070	0.978
FAU	RPS11	9606.ENSP00000431822	9606.ENSP00000270625	0	0	0	0	0.986	0.994	0.900	0.514	0.999
FAU	RPS27A	9606.ENSP00000431822	9606.ENSP00000272317	0	0	0	0.721	0.958	0.993	0.900	0.221	0.999
FAU	RPL37	9606.ENSP00000431822	9606.ENSP00000274242	0	0	0	0	0.869	0.993	0	0.258	0.999
FAU	RPS3	9606.ENSP00000431822	9606.ENSP00000278572	0	0	0	0	0.991	0.996	0.900	0.510	0.999
FAU	PSMB4	9606.ENSP00000431822	9606.ENSP00000290541	0	0	0	0	0.278	0.207	0	0.121	0.453
FAU	RPL29	9606.ENSP00000431822	9606.ENSP00000294189	0	0	0	0	0.982	0.993	0	0.459	0.999
FAU	RPS23	9606.ENSP00000431822	9606.ENSP00000296674	0	0	0	0	0.969	0.997	0.900	0.574	0.999
FAU	RPL10L	9606.ENSP00000431822	9606.ENSP00000298283	0	0	0	0	0.700	0.993	0	0.290	0.998
FAU	QARS1	9606.ENSP00000431822	9606.ENSP00000307567	0	0	0	0	0.657	0.967	0	0.291	0.991
FAU	RPL13	9606.ENSP00000431822	9606.ENSP00000307889	0	0	0	0	0.981	0.997	0	0.353	0.999
FAU	RPL15	9606.ENSP00000431822	9606.ENSP00000309334	0	0	0	0	0.977	0.993	0	0.450	0.999
FAU	PSMD1	9606.ENSP00000431822	9606.ENSP00000309474	0	0	0	0	0.058	0.413	0	0.235	0.540
FAU	RPL38	9606.ENSP00000431822	9606.ENSP00000309830	0	0	0	0	0.978	0.993	0	0.429	0.999
FAU	PSMD2	9606.ENSP00000431822	9606.ENSP00000310129	0	0	0	0	0.049	0.415	0	0.124	0.470
FAU	RPL4	9606.ENSP00000431822	9606.ENSP00000311430	0	0	0	0	0.939	0.993	0	0.374	0.999
FAU	RPS15A	9606.ENSP00000431822	9606.ENSP00000318646	0	0	0	0	0.909	0.994	0.900	0.299	0.999
FAU	RPS27L	9606.ENSP00000431822	9606.ENSP00000331019	0	0	0	0	0.967	0.970	0.540	0.368	0.999
FAU	PSMF1	9606.ENSP00000431822	9606.ENSP00000338039	0	0	0	0	0.073	0.065	0	0.400	0.434
FAU	RPL7	9606.ENSP00000431822	9606.ENSP00000339795	0	0	0	0	0.880	0.993	0	0.438	0.999
FAU	RPS2	9606.ENSP00000431822	9606.ENSP00000341885	0	0	0	0	0.926	0.994	0.900	0.507	0.999
FAU	RPS21	9606.ENSP00000431822	9606.ENSP00000345957	0	0	0	0	0.991	0.993	0.900	0.218	0.999
FAU	RPL3	9606.ENSP00000431822	9606.ENSP00000346001	0	0	0	0	0.617	0.993	0	0.152	0.997
FAU	RPL36AL	9606.ENSP00000431822	9606.ENSP00000346012	0	0	0	0	0.950	0.993	0	0.515	0.999
FAU	RPL27A	9606.ENSP00000431822	9606.ENSP00000346015	0	0	0	0	0.915	0.995	0	0.398	0.999
FAU	RPL21	9606.ENSP00000431822	9606.ENSP00000346027	0	0	0	0	0.981	0.993	0	0.475	0.999
FAU	RPLP1	9606.ENSP00000431822	9606.ENSP00000346037	0	0	0	0	0.979	0.993	0	0.291	0.999
FAU	RPS3A	9606.ENSP00000431822	9606.ENSP00000346050	0	0	0	0	0.986	0.993	0.900	0.453	0.999
FAU	RPL22L1	9606.ENSP00000431822	9606.ENSP00000346080	0	0	0	0	0.644	0.967	0	0.351	0.991
FAU	RPL22	9606.ENSP00000431822	9606.ENSP00000346088	0	0	0	0	0.699	0.993	0	0.443	0.998
FAU	RPS26	9606.ENSP00000431822	9606.ENSP00000348849	0	0	0	0	0.980	0.995	0.900	0.506	0.999
FAU	RPL12	9606.ENSP00000431822	9606.ENSP00000354739	0	0	0	0	0.906	0.994	0	0.331	0.999
FAU	RPL39	9606.ENSP00000431822	9606.ENSP00000355315	0	0	0	0	0.999	0.993	0	0.477	0.999
FAU	PSMD4	9606.ENSP00000431822	9606.ENSP00000357876	0	0	0	0	0.100	0.411	0	0.336	0.617
FAU	RPL5	9606.ENSP00000431822	9606.ENSP00000359345	0	0	0	0	0.975	0.995	0	0.312	0.999
FAU	RPL7A	9606.ENSP00000431822	9606.ENSP00000361076	0	0	0	0	0.868	0.993	0	0.271	0.999
FAU	PSMB2	9606.ENSP00000431822	9606.ENSP00000362334	0	0	0	0	0.143	0.343	0	0.142	0.475
FAU	RPS4X	9606.ENSP00000431822	9606.ENSP00000362744	0	0	0	0	0.978	0.993	0.900	0.456	0.999
FAU	RPL10A	9606.ENSP00000431822	9606.ENSP00000363018	0	0	0	0	0.829	0.993	0	0.391	0.999
FAU	SECISBP2	9606.ENSP00000431822	9606.ENSP00000364965	0	0	0	0	0.075	0.810	0	0.115	0.831
FAU	RPS16	9606.ENSP00000431822	9606.ENSP00000367806	0	0	0	0	0.999	0.997	0.900	0.519	0.999
FAU	RPS6	9606.ENSP00000431822	9606.ENSP00000369757	0	0	0	0	0.984	0.996	0.900	0.418	0.999
FAU	RPS9	9606.ENSP00000431822	9606.ENSP00000375632	0	0	0	0	0.973	0.998	0.900	0.491	0.999
FAU	RPL13A	9606.ENSP00000431822	9606.ENSP00000375730	0	0	0	0	0.971	0.993	0.500	0.273	0.999
FAU	RPL24	9606.ENSP00000431822	9606.ENSP00000377640	0	0	0	0	0.991	0.993	0	0.100	0.999
FAU	RPL34	9606.ENSP00000431822	9606.ENSP00000378163	0	0	0	0	0.986	0.993	0	0.522	0.999
FAU	RPS29	9606.ENSP00000431822	9606.ENSP00000379339	0	0	0	0	0.975	0.993	0.900	0.545	0.999
FAU	RPL14	9606.ENSP00000431822	9606.ENSP00000379506	0	0	0	0	0.991	0.993	0	0.498	0.999
FAU	RPS8	9606.ENSP00000431822	9606.ENSP00000379888	0	0	0	0	0.979	0.993	0.900	0.476	0.999
FAU	RPS14	9606.ENSP00000431822	9606.ENSP00000385958	0	0	0	0	0.970	0.993	0.900	0.480	0.999
FAU	PSMD14	9606.ENSP00000431822	9606.ENSP00000386541	0	0	0	0	0.074	0.736	0	0.229	0.795
FAU	RPL31	9606.ENSP00000431822	9606.ENSP00000386717	0	0	0	0	0.991	0.993	0	0.444	0.999
FAU	UBA52	9606.ENSP00000431822	9606.ENSP00000388107	0	0	0	0.726	0.979	0.993	0.540	0.411	0.999
FAU	RPL23A	9606.ENSP00000431822	9606.ENSP00000389103	0	0	0	0	0.978	0.994	0	0.546	0.999
FAU	RPSA	9606.ENSP00000431822	9606.ENSP00000389351	0	0	0	0	0.890	0.993	0.900	0.508	0.999
FAU	RPL39L	9606.ENSP00000431822	9606.ENSP00000389356	0	0	0	0	0.638	0.967	0	0.426	0.992
FAU	RPS18	9606.ENSP00000431822	9606.ENSP00000393241	0	0	0	0	0.985	0.993	0.900	0.508	0.999
FAU	PSMD13	9606.ENSP00000431822	9606.ENSP00000396937	0	0	0	0	0.129	0.296	0	0.265	0.510
FAU	RPL6	9606.ENSP00000431822	9606.ENSP00000403172	0	0	0	0	0.950	0.993	0	0.560	0.999
FAU	RPL36A	9606.ENSP00000431822	9606.ENSP00000404375	0	0	0	0	0.943	0.993	0	0.537	0.999
FAU	RPL10	9606.ENSP00000431822	9606.ENSP00000413436	0	0	0	0	0.926	0.993	0	0.309	0.999
FAU	RPS24	9606.ENSP00000431822	9606.ENSP00000414321	0	0	0	0	0.978	0.993	0.900	0.529	0.999
FAU	RPL32	9606.ENSP00000431822	9606.ENSP00000416429	0	0	0	0	0.953	0.990	0	0.295	0.999
FAU	RPL37A	9606.ENSP00000431822	9606.ENSP00000418082	0	0	0	0	0.972	0.993	0	0.115	0.999
FAU	PSMD6	9606.ENSP00000431822	9606.ENSP00000418695	0	0	0	0	0.075	0.291	0	0.164	0.404
FAU	RPL23	9606.ENSP00000431822	9606.ENSP00000420311	0	0	0	0	0.977	0.993	0	0.138	0.999
FAU	RPL30	9606.ENSP00000431822	9606.ENSP00000428085	0	0	0	0	0.991	0.993	0	0.377	0.999
FAU	RPL26L1	9606.ENSP00000431822	9606.ENSP00000428223	0	0	0	0	0.922	0.993	0	0.284	0.999
FAU	RPS20	9606.ENSP00000431822	9606.ENSP00000429374	0	0	0	0	0.979	0.993	0.900	0.526	0.999
FAU	RPLP2	9606.ENSP00000431822	9606.ENSP00000431240	0	0	0	0	0.982	0.993	0	0.382	0.999
FAU	PSMB3	9606.ENSP00000431822	9606.ENSP00000483688	0	0	0	0	0.238	0.189	0	0.110	0.402
FAU	RPL41	9606.ENSP00000431822	9606.ENSP00000449026	0	0	0	0	0.645	0.836	0	0.110	0.943
FAU	RPL17	9606.ENSP00000431822	9606.ENSP00000463842	0	0	0	0	0.951	0.993	0	0.404	0.999
FAU	RPS25	9606.ENSP00000431822	9606.ENSP00000435096	0	0	0	0	0.986	0.995	0.900	0.485	0.999
FAU	RPL26	9606.ENSP00000431822	9606.ENSP00000463784	0	0	0	0	0.953	0.993	0	0.383	0.999
FAU	RPS15	9606.ENSP00000431822	9606.ENSP00000466010	0	0	0	0	0.999	0.994	0.900	0.487	0.999
FAU	RPS17	9606.ENSP00000431822	9606.ENSP00000498019	0	0	0	0	0.991	0.996	0.900	0.533	0.999
FAU	RPS28	9606.ENSP00000431822	9606.ENSP00000472469	0	0	0	0	0.986	0.993	0.900	0.528	0.999
FAU	RPS5	9606.ENSP00000431822	9606.ENSP00000472985	0	0	0	0	0.967	0.993	0.900	0.367	0.999
FAU	RPS7	9606.ENSP00000431822	9606.ENSP00000495273	0	0	0	0	0.978	0.993	0.900	0.348	0.999
FAU	RPS19	9606.ENSP00000431822	9606.ENSP00000470972	0	0	0	0	0.985	0.993	0.900	0.500	0.999
FAU	RPL9	9606.ENSP00000431822	9606.ENSP00000494697	0	0	0	0	0.978	0.993	0	0.453	0.999
FAU	RPL18	9606.ENSP00000431822	9606.ENSP00000447001	0	0	0	0	0.991	0.993	0	0.455	0.999
FAU	RPL11	9606.ENSP00000431822	9606.ENSP00000496250	0	0	0	0	0.991	0.995	0	0.388	0.999
FAU	RPS4Y2	9606.ENSP00000431822	9606.ENSP00000486252	0	0	0	0	0.963	0.967	0.540	0.358	0.999
FAU	RPS10	9606.ENSP00000431822	9606.ENSP00000481646	0	0	0	0	0.999	0.993	0.900	0.481	0.999
FAU	RPL36	9606.ENSP00000431822	9606.ENSP00000464342	0	0	0	0	0.991	0.993	0	0.474	0.999
FAU	RPLP0	9606.ENSP00000431822	9606.ENSP00000449328	0	0	0	0	0.924	0.993	0	0.446	0.999
FAU	RPL27	9606.ENSP00000431822	9606.ENSP00000464813	0	0	0	0	0.964	0.993	0	0.510	0.999
FAU	RPS13	9606.ENSP00000431822	9606.ENSP00000435777	0	0	0	0	0.958	0.995	0.900	0.419	0.999
FAU	RPL35A	9606.ENSP00000431822	9606.ENSP00000495672	0	0	0	0	0.991	0.993	0	0.459	0.999
FAU	RPS27	9606.ENSP00000431822	9606.ENSP00000499044	0	0	0	0	0.991	0.993	0.900	0.522	0.999
FAU	RPL28	9606.ENSP00000431822	9606.ENSP00000452763	0	0	0	0	0.971	0.993	0	0.428	0.999
FOLH1	SLC5A5	9606.ENSP00000256999	9606.ENSP00000222248	0	0	0	0	0.109	0	0	0.396	0.438
FOLH1	SHMT1	9606.ENSP00000256999	9606.ENSP00000318868	0	0	0	0	0.073	0	0	0.404	0.424
FOLH1	MTR	9606.ENSP00000256999	9606.ENSP00000355536	0	0	0	0	0	0	0	0.494	0.494
FOLH1	MTRR	9606.ENSP00000256999	9606.ENSP00000402510	0	0	0	0	0.054	0	0	0.501	0.508
FOLH1	PSMA1	9606.ENSP00000256999	9606.ENSP00000414359	0	0	0	0	0	0	0	0.614	0.614
FOLH1	NAALAD2	9606.ENSP00000256999	9606.ENSP00000432481	0	0	0.053	0.974	0.042	0.184	0.800	0.065	0.836
FTCD	GOT2	9606.ENSP00000380856	9606.ENSP00000245206	0	0	0	0	0.042	0	0.800	0.194	0.832
FTCD	HAL	9606.ENSP00000380856	9606.ENSP00000261208	0.231	0	0.221	0	0.491	0	0	0.644	0.877
FTCD	KYNU	9606.ENSP00000380856	9606.ENSP00000264170	0	0	0	0	0.389	0	0	0.064	0.404
FTCD	GLUD1	9606.ENSP00000380856	9606.ENSP00000277865	0	0	0	0	0	0	0.800	0.108	0.813
FTCD	HGD	9606.ENSP00000380856	9606.ENSP00000283871	0	0	0	0	0.328	0	0	0.228	0.459
FTCD	HPD	9606.ENSP00000380856	9606.ENSP00000289004	0	0	0	0	0.345	0	0	0.225	0.471
FTCD	GLUL	9606.ENSP00000380856	9606.ENSP00000307900	0.069	0	0	0	0	0	0.800	0.098	0.817
FTCD	GLS2	9606.ENSP00000380856	9606.ENSP00000310447	0	0	0	0	0.111	0	0.800	0.111	0.828
FTCD	GLS	9606.ENSP00000380856	9606.ENSP00000317379	0	0	0	0	0.086	0	0.800	0.140	0.829
FTCD	SHMT1	9606.ENSP00000380856	9606.ENSP00000318868	0.092	0	0	0	0.106	0	0.900	0.474	0.951
FTCD	GCSH	9606.ENSP00000380856	9606.ENSP00000319531	0.107	0	0	0	0.056	0	0	0.489	0.531
FTCD	GLUD2	9606.ENSP00000380856	9606.ENSP00000327589	0	0	0	0	0.043	0	0.800	0.092	0.811
FTCD	MTR	9606.ENSP00000380856	9606.ENSP00000355536	0.074	0	0	0	0.108	0	0.900	0.367	0.940
FTCD	GOT1	9606.ENSP00000380856	9606.ENSP00000359539	0	0	0	0	0	0	0.800	0.051	0.802
FTCD	MAT1A	9606.ENSP00000380856	9606.ENSP00000361287	0.042	0	0	0	0.289	0	0	0.203	0.410
FTCD	GNMT	9606.ENSP00000380856	9606.ENSP00000361894	0	0	0	0	0.158	0	0	0.468	0.533
FTCD	GLDC	9606.ENSP00000380856	9606.ENSP00000370737	0.111	0	0	0	0.075	0	0	0.459	0.516
FTCD	SEPSECS	9606.ENSP00000380856	9606.ENSP00000371535	0	0	0	0	0.089	0	0	0.621	0.639
FTCD	UROC1	9606.ENSP00000380856	9606.ENSP00000373073	0	0	0.254	0	0.288	0	0	0.619	0.780
FTCD	IL4I1	9606.ENSP00000380856	9606.ENSP00000472474	0	0	0	0	0.110	0	0.800	0.075	0.821
GADL1	GOT2	9606.ENSP00000282538	9606.ENSP00000245206	0	0	0	0	0.055	0	0.800	0.310	0.858
GADL1	GLUD1	9606.ENSP00000282538	9606.ENSP00000277865	0	0	0	0	0.074	0	0.301	0.181	0.424
GADL1	GLUD2	9606.ENSP00000282538	9606.ENSP00000327589	0	0	0	0	0.074	0	0.301	0.175	0.419
GADL1	TPH2	9606.ENSP00000282538	9606.ENSP00000329093	0	0	0	0	0.267	0.053	0.155	0.134	0.424
GADL1	OAT	9606.ENSP00000282538	9606.ENSP00000357838	0	0.517	0	0	0.055	0	0	0.319	0.662
GADL1	IL4I1	9606.ENSP00000282538	9606.ENSP00000472474	0	0	0	0	0.074	0	0.800	0.072	0.813
GADL1	GOT1	9606.ENSP00000282538	9606.ENSP00000359539	0	0	0	0	0.055	0	0.800	0.187	0.832
GAMT	OTC	9606.ENSP00000403536	9606.ENSP00000039007	0	0	0	0	0.122	0	0	0.365	0.418
GAMT	SLC6A8	9606.ENSP00000403536	9606.ENSP00000253122	0	0	0	0	0.057	0	0	0.944	0.945
GAMT	RPL12	9606.ENSP00000403536	9606.ENSP00000354739	0	0	0	0	0.087	0.491	0	0.169	0.580
GAMT	MTR	9606.ENSP00000403536	9606.ENSP00000355536	0	0	0	0	0.072	0	0	0.390	0.410
GAMT	MAT1A	9606.ENSP00000403536	9606.ENSP00000361287	0	0	0	0	0.091	0	0	0.578	0.600
GAMT	GNMT	9606.ENSP00000403536	9606.ENSP00000361894	0	0	0	0	0.108	0	0	0.594	0.623
GAMT	SUOX	9606.ENSP00000403536	9606.ENSP00000377668	0	0	0	0	0.141	0	0	0.342	0.411
GAMT	GATM	9606.ENSP00000403536	9606.ENSP00000379895	0	0	0	0	0.126	0.064	0.913	0.967	0.997
GATM	OTC	9606.ENSP00000379895	9606.ENSP00000039007	0	0	0	0	0.067	0	0	0.412	0.427
GATM	ODC1	9606.ENSP00000379895	9606.ENSP00000234111	0	0	0	0	0.103	0	0	0.382	0.422
GATM	SLC6A8	9606.ENSP00000379895	9606.ENSP00000253122	0	0	0	0	0	0	0	0.933	0.933
GATM	GLUD1	9606.ENSP00000379895	9606.ENSP00000277865	0	0	0	0	0.043	0.053	0.800	0.050	0.804
GATM	GLUL	9606.ENSP00000379895	9606.ENSP00000307900	0	0	0	0	0.062	0.051	0.800	0.284	0.855
GATM	GLS2	9606.ENSP00000379895	9606.ENSP00000310447	0	0	0	0	0.067	0	0.800	0.189	0.835
GATM	GLS	9606.ENSP00000379895	9606.ENSP00000317379	0	0	0	0	0	0	0.800	0.097	0.811
GATM	PIPOX	9606.ENSP00000379895	9606.ENSP00000317721	0	0	0	0	0.067	0	0.900	0.107	0.909
GATM	SHMT1	9606.ENSP00000379895	9606.ENSP00000318868	0	0	0	0	0.093	0.056	0.906	0.558	0.960
GATM	GLUD2	9606.ENSP00000379895	9606.ENSP00000327589	0	0	0	0	0.042	0.053	0.800	0.050	0.804
GATM	OAT	9606.ENSP00000379895	9606.ENSP00000357838	0	0	0	0	0.048	0.067	0	0.490	0.507
GATM	MAT1A	9606.ENSP00000379895	9606.ENSP00000361287	0	0	0	0	0.105	0.065	0	0.424	0.476
GATM	GNMT	9606.ENSP00000379895	9606.ENSP00000361894	0	0	0	0	0	0	0.900	0.334	0.930
GATM	GLDC	9606.ENSP00000379895	9606.ENSP00000370737	0	0	0	0	0.067	0	0.900	0.308	0.929
GATM	RPS5	9606.ENSP00000379895	9606.ENSP00000472985	0	0	0	0	0	0.074	0	0.387	0.408
GATM	RPL32	9606.ENSP00000379895	9606.ENSP00000416429	0	0	0	0	0	0.052	0	0.414	0.420
GCAT	GOT2	9606.ENSP00000371110	9606.ENSP00000245206	0	0	0	0	0.104	0.053	0	0.359	0.408
GCAT	MCCC1	9606.ENSP00000371110	9606.ENSP00000265594	0.054	0	0	0	0.065	0.382	0	0.121	0.455
GCAT	PIPOX	9606.ENSP00000371110	9606.ENSP00000317721	0.056	0	0	0	0.057	0	0	0.389	0.409
GCAT	SHMT1	9606.ENSP00000371110	9606.ENSP00000318868	0.061	0	0	0	0.086	0	0	0.402	0.442
GCAT	GCSH	9606.ENSP00000371110	9606.ENSP00000319531	0	0	0	0	0.207	0	0.119	0.413	0.554
GCAT	MCCC2	9606.ENSP00000371110	9606.ENSP00000343657	0.053	0	0	0	0.079	0.242	0	0.238	0.429
GCAT	PSAT1	9606.ENSP00000371110	9606.ENSP00000365773	0	0	0	0	0.074	0	0	0.477	0.495
GCAT	GLDC	9606.ENSP00000371110	9606.ENSP00000370737	0.047	0	0	0	0.093	0	0	0.568	0.594
GCAT	GCDH	9606.ENSP00000371110	9606.ENSP00000466845	0	0	0	0	0.209	0	0.110	0.340	0.495
GCDH	PDHX	9606.ENSP00000466845	9606.ENSP00000227868	0	0	0	0	0.085	0	0.218	0.240	0.409
GCDH	MCCC1	9606.ENSP00000466845	9606.ENSP00000265594	0.057	0	0	0	0.180	0.052	0.229	0.356	0.570
GCDH	QDPR	9606.ENSP00000466845	9606.ENSP00000281243	0.042	0	0	0	0.090	0.046	0.174	0.285	0.419
GCDH	HPD	9606.ENSP00000466845	9606.ENSP00000289004	0.057	0	0	0	0.132	0	0.265	0.192	0.449
GCDH	PDHB	9606.ENSP00000466845	9606.ENSP00000307241	0.049	0	0	0	0.077	0.053	0.265	0.208	0.429
GCDH	MCCC2	9606.ENSP00000466845	9606.ENSP00000343657	0.057	0.017	0	0	0.257	0	0.265	0.423	0.663
GCDH	HIBCH	9606.ENSP00000466845	9606.ENSP00000352706	0.046	0	0	0	0.325	0.091	0.185	0.377	0.649
GCDH	SUOX	9606.ENSP00000466845	9606.ENSP00000377668	0	0	0	0	0.159	0	0	0.327	0.410
GCDH	NDUFAB1	9606.ENSP00000466845	9606.ENSP00000458770	0.057	0	0	0	0.085	0	0.265	0.194	0.421
GCDH	IVD	9606.ENSP00000466845	9606.ENSP00000499074	0	0	0.131	0.716	0.190	0	0	0.327	0.485
GCLC	GSR	9606.ENSP00000497574	9606.ENSP00000221130	0	0	0	0	0.363	0	0	0.811	0.874
GCLC	GOT2	9606.ENSP00000497574	9606.ENSP00000245206	0	0	0	0	0.042	0	0.800	0.224	0.838
GCLC	KYAT3	9606.ENSP00000497574	9606.ENSP00000260508	0	0	0	0	0.049	0	0.800	0.134	0.820
GCLC	GLUD1	9606.ENSP00000497574	9606.ENSP00000277865	0	0	0	0	0.074	0	0.800	0.243	0.847
GCLC	GLUL	9606.ENSP00000497574	9606.ENSP00000307900	0	0	0	0	0.048	0	0.800	0.293	0.853
GCLC	GLS2	9606.ENSP00000497574	9606.ENSP00000310447	0	0	0	0	0	0	0.800	0.365	0.867
GCLC	GLS	9606.ENSP00000497574	9606.ENSP00000317379	0	0	0	0	0.042	0	0.800	0.290	0.852
GCLC	NQO1	9606.ENSP00000497574	9606.ENSP00000319788	0	0	0	0	0.082	0	0	0.902	0.906
GCLC	GLUD2	9606.ENSP00000497574	9606.ENSP00000327589	0	0	0	0	0	0	0.800	0.086	0.809
GCLC	GCLM	9606.ENSP00000497574	9606.ENSP00000359258	0	0	0	0	0.238	0.871	0.967	0.999	0.999
GCLC	GOT1	9606.ENSP00000497574	9606.ENSP00000359539	0	0	0	0	0.055	0	0.800	0.173	0.830
GCLC	MAT1A	9606.ENSP00000497574	9606.ENSP00000361287	0	0	0	0	0.077	0	0	0.465	0.486
GCLC	SLC3A2	9606.ENSP00000497574	9606.ENSP00000367123	0	0	0	0	0.056	0	0	0.425	0.434
GCLC	SAT1	9606.ENSP00000497574	9606.ENSP00000368572	0	0	0	0	0.044	0	0	0.518	0.519
GCLC	GPT	9606.ENSP00000497574	9606.ENSP00000378408	0	0	0	0	0	0	0	0.413	0.413
GCLC	KYAT1	9606.ENSP00000497574	9606.ENSP00000399415	0	0	0	0	0.042	0	0.800	0.069	0.806
GCLC	TXNRD1	9606.ENSP00000497574	9606.ENSP00000434516	0	0	0	0	0.154	0	0	0.781	0.806
GCLC	RPLP0	9606.ENSP00000497574	9606.ENSP00000449328	0	0.437	0	0	0.067	0	0	0.178	0.531
GCLM	GSR	9606.ENSP00000359258	9606.ENSP00000221130	0	0	0	0	0.173	0.046	0	0.765	0.799
GCLM	GOT2	9606.ENSP00000359258	9606.ENSP00000245206	0	0	0	0	0.117	0.053	0.800	0.187	0.846
GCLM	KYAT3	9606.ENSP00000359258	9606.ENSP00000260508	0	0	0	0	0.094	0	0.800	0.229	0.848
GCLM	GLUD1	9606.ENSP00000359258	9606.ENSP00000277865	0	0	0	0	0.053	0.053	0.800	0.259	0.849
GCLM	GLUL	9606.ENSP00000359258	9606.ENSP00000307900	0	0	0	0	0.103	0	0.800	0.247	0.853
GCLM	GLS2	9606.ENSP00000359258	9606.ENSP00000310447	0	0	0	0	0.087	0	0.800	0.325	0.865
GCLM	GLS	9606.ENSP00000359258	9606.ENSP00000317379	0	0	0	0	0.094	0	0.800	0.256	0.853
GCLM	NQO1	9606.ENSP00000359258	9606.ENSP00000319788	0.057	0	0	0	0.162	0	0	0.940	0.949
GCLM	GLUD2	9606.ENSP00000359258	9606.ENSP00000327589	0	0	0	0	0.053	0.053	0.800	0.151	0.827
GCLM	SUOX	9606.ENSP00000359258	9606.ENSP00000377668	0	0	0	0	0	0	0	0.413	0.413
GCLM	SLC3A2	9606.ENSP00000359258	9606.ENSP00000367123	0	0	0	0	0.075	0	0	0.416	0.437
GCLM	SAT1	9606.ENSP00000359258	9606.ENSP00000368572	0.044	0	0	0	0	0	0	0.691	0.692
GCLM	TXNRD1	9606.ENSP00000359258	9606.ENSP00000434516	0	0	0	0	0.176	0.046	0	0.760	0.795
GCLM	KYAT1	9606.ENSP00000359258	9606.ENSP00000399415	0	0	0	0	0.086	0	0.800	0.157	0.832
GCLM	GOT1	9606.ENSP00000359258	9606.ENSP00000359539	0	0	0	0	0.121	0.053	0.800	0.169	0.843
GCSH	GSR	9606.ENSP00000319531	9606.ENSP00000221130	0.070	0	0	0	0.055	0	0.312	0.227	0.470
GCSH	PDHX	9606.ENSP00000319531	9606.ENSP00000227868	0.079	0	0	0	0.183	0.071	0.662	0.374	0.825
GCSH	KYAT3	9606.ENSP00000319531	9606.ENSP00000260508	0	0	0	0	0.094	0	0.128	0.548	0.612
GCSH	GLUD1	9606.ENSP00000319531	9606.ENSP00000277865	0	0	0	0	0.086	0	0.800	0.054	0.812
GCSH	QDPR	9606.ENSP00000319531	9606.ENSP00000281243	0	0	0	0	0.143	0	0.188	0.280	0.455
GCSH	PDHB	9606.ENSP00000319531	9606.ENSP00000307241	0	0	0	0	0.107	0	0.500	0.276	0.648
GCSH	GLUL	9606.ENSP00000319531	9606.ENSP00000307900	0	0	0	0	0.086	0	0.800	0.304	0.861
GCSH	LIPT2	9606.ENSP00000319531	9606.ENSP00000309463	0.102	0	0	0	0	0.111	0.750	0.663	0.923
GCSH	GLS2	9606.ENSP00000319531	9606.ENSP00000310447	0	0	0	0	0	0	0.800	0.226	0.838
GCSH	GRHPR	9606.ENSP00000319531	9606.ENSP00000313432	0.042	0	0	0	0.157	0.162	0.673	0.190	0.788
GCSH	GLS	9606.ENSP00000319531	9606.ENSP00000317379	0	0	0	0	0.044	0	0.800	0.057	0.803
GCSH	SHMT1	9606.ENSP00000319531	9606.ENSP00000318868	0.102	0	0	0	0.367	0	0.942	0.608	0.985
GCSH	PPM1K	9606.ENSP00000319531	9606.ENSP00000477341	0.042	0	0	0	0	0.246	0	0.243	0.406
GCSH	SUOX	9606.ENSP00000319531	9606.ENSP00000377668	0.046	0	0	0	0	0	0	0.404	0.407
GCSH	IVD	9606.ENSP00000319531	9606.ENSP00000499074	0.053	0	0	0	0.065	0	0.107	0.345	0.413
GCSH	TXNRD1	9606.ENSP00000319531	9606.ENSP00000434516	0.070	0	0	0	0.050	0	0.312	0.231	0.470
GCSH	PSPH	9606.ENSP00000319531	9606.ENSP00000378854	0	0	0	0	0.081	0	0	0.487	0.509
GCSH	PDHA1	9606.ENSP00000319531	9606.ENSP00000369134	0	0	0	0	0.086	0	0.500	0.205	0.605
GCSH	MTR	9606.ENSP00000319531	9606.ENSP00000355536	0.043	0	0	0	0.056	0	0.402	0.359	0.607
GCSH	PSAT1	9606.ENSP00000319531	9606.ENSP00000365773	0.053	0	0	0	0.211	0	0	0.525	0.614
GCSH	PHGDH	9606.ENSP00000319531	9606.ENSP00000493382	0	0	0	0	0.153	0	0.402	0.343	0.638
GCSH	OGDH	9606.ENSP00000319531	9606.ENSP00000388183	0	0	0	0	0.256	0	0.500	0.325	0.727
GCSH	GLUD2	9606.ENSP00000319531	9606.ENSP00000327589	0	0	0	0	0.088	0	0.800	0.068	0.815
GCSH	NDUFAB1	9606.ENSP00000319531	9606.ENSP00000458770	0	0	0	0	0.271	0.162	0.750	0.184	0.858
GCSH	LIAS	9606.ENSP00000319531	9606.ENSP00000492260	0.102	0	0	0	0.045	0.204	0.750	0.635	0.926
GCSH	OCA2	9606.ENSP00000319531	9606.ENSP00000346659	0	0	0	0	0.057	0	0	0.943	0.944
GCSH	LIPT1	9606.ENSP00000319531	9606.ENSP00000377115	0.115	0	0	0	0	0.513	0.400	0.940	0.982
GCSH	GLDC	9606.ENSP00000319531	9606.ENSP00000370737	0.115	0	0.237	0	0.815	0.216	0.965	0.992	0.999
GLDC	GSR	9606.ENSP00000370737	9606.ENSP00000221130	0.106	0	0	0	0.094	0	0.510	0.292	0.681
GLDC	PDHX	9606.ENSP00000370737	9606.ENSP00000227868	0.111	0	0	0	0.194	0	0.585	0.316	0.769
GLDC	KYAT3	9606.ENSP00000370737	9606.ENSP00000260508	0	0	0	0	0.060	0	0.151	0.349	0.435
GLDC	HAL	9606.ENSP00000370737	9606.ENSP00000261208	0	0	0	0	0.293	0	0	0.448	0.593
GLDC	GLUD1	9606.ENSP00000370737	9606.ENSP00000277865	0	0	0	0	0.124	0.062	0.800	0.344	0.877
GLDC	QDPR	9606.ENSP00000370737	9606.ENSP00000281243	0.044	0	0	0	0.055	0	0.223	0.294	0.439
GLDC	NAGS	9606.ENSP00000370737	9606.ENSP00000293404	0	0	0	0	0	0	0	0.425	0.425
GLDC	GLUL	9606.ENSP00000370737	9606.ENSP00000307900	0	0	0	0	0.068	0	0.800	0.501	0.898
GLDC	LIPT2	9606.ENSP00000370737	9606.ENSP00000309463	0.120	0	0	0	0	0	0	0.491	0.533
GLDC	GLS2	9606.ENSP00000370737	9606.ENSP00000310447	0	0	0	0	0.059	0	0.800	0.348	0.866
GLDC	GRHPR	9606.ENSP00000370737	9606.ENSP00000313432	0	0	0	0	0.067	0	0.809	0.472	0.897
GLDC	GLS	9606.ENSP00000370737	9606.ENSP00000317379	0	0	0	0	0	0	0.800	0.238	0.841
GLDC	PIPOX	9606.ENSP00000370737	9606.ENSP00000317721	0	0	0	0	0.117	0	0.955	0.258	0.968
GLDC	SHMT1	9606.ENSP00000370737	9606.ENSP00000318868	0.120	0.132	0	0	0.686	0	0.978	0.773	0.998
GLDC	GLUD2	9606.ENSP00000370737	9606.ENSP00000327589	0	0	0	0	0.124	0.062	0.800	0.279	0.865
GLDC	GPT2	9606.ENSP00000370737	9606.ENSP00000345282	0	0	0	0	0.084	0	0.151	0.336	0.438
GLDC	OCA2	9606.ENSP00000370737	9606.ENSP00000346659	0.051	0	0	0	0.067	0	0	0.896	0.900
GLDC	MTR	9606.ENSP00000370737	9606.ENSP00000355536	0.057	0	0	0	0.109	0	0.673	0.505	0.846
GLDC	OAT	9606.ENSP00000370737	9606.ENSP00000357838	0	0	0	0	0.137	0	0	0.468	0.522
GLDC	MAT1A	9606.ENSP00000370737	9606.ENSP00000361287	0	0	0	0	0.086	0	0	0.470	0.494
GLDC	GNMT	9606.ENSP00000370737	9606.ENSP00000361894	0	0	0	0	0	0	0.900	0.328	0.929
GLDC	PSAT1	9606.ENSP00000370737	9606.ENSP00000365773	0.057	0	0	0	0.176	0	0	0.687	0.735
GLDC	PDHA1	9606.ENSP00000370737	9606.ENSP00000369134	0	0	0	0	0.049	0	0	0.413	0.418
GLDC	LIPT1	9606.ENSP00000370737	9606.ENSP00000377115	0.231	0	0	0	0.067	0	0	0.247	0.412
GLDC	NDUFAB1	9606.ENSP00000370737	9606.ENSP00000458770	0.069	0	0	0	0.056	0.369	0	0.103	0.435
GLDC	OGDH	9606.ENSP00000370737	9606.ENSP00000388183	0	0	0	0	0.340	0	0	0.290	0.512
GLDC	LIAS	9606.ENSP00000370737	9606.ENSP00000492260	0.120	0	0	0	0.136	0	0	0.437	0.534
GLDC	SQOR	9606.ENSP00000370737	9606.ENSP00000456019	0	0	0	0	0.055	0	0.449	0.220	0.558
GLDC	TXNRD1	9606.ENSP00000370737	9606.ENSP00000434516	0.106	0	0	0	0.094	0	0.510	0.303	0.686
GLDC	PSPH	9606.ENSP00000370737	9606.ENSP00000378854	0	0	0	0	0.110	0	0	0.681	0.704
GLDC	PHGDH	9606.ENSP00000370737	9606.ENSP00000493382	0.057	0	0	0	0.174	0	0.673	0.548	0.869
GLS	OTC	9606.ENSP00000317379	9606.ENSP00000039007	0	0	0	0	0.110	0.203	0	0.359	0.505
GLS	GOT2	9606.ENSP00000317379	9606.ENSP00000245206	0	0	0	0	0.042	0	0.172	0.511	0.578
GLS	SLC7A5	9606.ENSP00000317379	9606.ENSP00000261622	0.056	0	0	0	0.101	0	0	0.531	0.568
GLS	GLUD1	9606.ENSP00000317379	9606.ENSP00000277865	0	0	0	0	0.049	0	0.956	0.736	0.988
GLS	GLUL	9606.ENSP00000317379	9606.ENSP00000307900	0.069	0	0	0	0.042	0	0.956	0.716	0.987
GLS	GLS2	9606.ENSP00000317379	9606.ENSP00000310447	0	0	0.055	0.971	0	0.167	0.900	0.064	0.916
GLS	PSAT1	9606.ENSP00000317379	9606.ENSP00000365773	0	0	0	0	0.042	0	0	0.413	0.413
GLS	GOT1	9606.ENSP00000317379	9606.ENSP00000359539	0	0	0	0	0.050	0	0.122	0.514	0.560
GLS	GLUD2	9606.ENSP00000317379	9606.ENSP00000327589	0	0	0	0	0	0	0.956	0.479	0.976
GLS2	OTC	9606.ENSP00000310447	9606.ENSP00000039007	0	0	0	0	0.117	0	0	0.376	0.425
GLS2	GOT2	9606.ENSP00000310447	9606.ENSP00000245206	0	0	0	0	0.050	0	0.172	0.438	0.519
GLS2	SLC7A5	9606.ENSP00000310447	9606.ENSP00000261622	0.056	0	0	0	0.101	0	0	0.501	0.539
GLS2	GLUD1	9606.ENSP00000310447	9606.ENSP00000277865	0	0	0	0	0	0	0.956	0.665	0.984
GLS2	GLUL	9606.ENSP00000310447	9606.ENSP00000307900	0.069	0	0	0	0	0	0.956	0.713	0.987
GLS2	PSAT1	9606.ENSP00000310447	9606.ENSP00000365773	0	0	0	0	0.044	0	0	0.410	0.412
GLS2	GPT2	9606.ENSP00000310447	9606.ENSP00000345282	0	0	0	0	0.045	0	0.115	0.379	0.429
GLS2	MAT1A	9606.ENSP00000310447	9606.ENSP00000361287	0	0	0	0	0.127	0	0	0.391	0.446
GLS2	SLC3A2	9606.ENSP00000310447	9606.ENSP00000367123	0.057	0	0	0	0.061	0	0	0.436	0.456
GLS2	PRODH	9606.ENSP00000310447	9606.ENSP00000349577	0	0	0	0	0	0	0	0.458	0.458
GLS2	GOT1	9606.ENSP00000310447	9606.ENSP00000359539	0	0	0	0	0.062	0	0.122	0.510	0.561
GLS2	SAT1	9606.ENSP00000310447	9606.ENSP00000368572	0	0	0	0	0	0	0	0.574	0.574
GLS2	GLUD2	9606.ENSP00000310447	9606.ENSP00000327589	0	0	0	0	0	0	0.956	0.462	0.975
GLUD1	OTC	9606.ENSP00000277865	9606.ENSP00000039007	0	0	0	0	0	0.095	0	0.506	0.533
GLUD1	GSR	9606.ENSP00000277865	9606.ENSP00000221130	0.061	0	0	0	0.217	0	0	0.404	0.524
GLUD1	PDHX	9606.ENSP00000277865	9606.ENSP00000227868	0.091	0	0	0	0.264	0	0	0.207	0.423
GLUD1	GOT2	9606.ENSP00000277865	9606.ENSP00000245206	0	0	0	0	0.327	0.095	0.900	0.707	0.979
GLUD1	SLC7A5	9606.ENSP00000277865	9606.ENSP00000261622	0.041	0	0	0	0.086	0	0	0.406	0.434
GLUD1	HDC	9606.ENSP00000277865	9606.ENSP00000267845	0	0	0	0	0.074	0	0.301	0.232	0.459
GLUD1	SERINC1	9606.ENSP00000277865	9606.ENSP00000342962	0	0	0	0	0.085	0	0	0.373	0.402
GLUD1	TXNRD1	9606.ENSP00000277865	9606.ENSP00000434516	0.061	0	0	0	0.217	0	0	0.254	0.404
GLUD1	SEPSECS	9606.ENSP00000277865	9606.ENSP00000371535	0	0	0	0	0.076	0	0.301	0.159	0.409
GLUD1	PHGDH	9606.ENSP00000277865	9606.ENSP00000493382	0.071	0	0	0	0.102	0	0	0.371	0.430
GLUD1	PYCR1	9606.ENSP00000277865	9606.ENSP00000384949	0.042	0	0	0	0.044	0	0	0.429	0.431
GLUD1	LARS1	9606.ENSP00000277865	9606.ENSP00000377954	0.107	0	0	0	0.063	0.110	0	0.346	0.447
GLUD1	PRODH	9606.ENSP00000277865	9606.ENSP00000349577	0.057	0	0	0	0.134	0	0	0.396	0.463
GLUD1	GRHPR	9606.ENSP00000277865	9606.ENSP00000313432	0	0	0	0	0.153	0	0.238	0.241	0.467
GLUD1	PSPH	9606.ENSP00000277865	9606.ENSP00000378854	0.057	0	0	0	0.042	0	0	0.461	0.471
GLUD1	SUOX	9606.ENSP00000277865	9606.ENSP00000377668	0	0	0	0	0.047	0.127	0	0.429	0.484
GLUD1	SHMT1	9606.ENSP00000277865	9606.ENSP00000318868	0.105	0	0	0	0.049	0	0	0.458	0.499
GLUD1	PSAT1	9606.ENSP00000277865	9606.ENSP00000365773	0.110	0	0	0	0.149	0	0	0.541	0.622
GLUD1	PDHB	9606.ENSP00000277865	9606.ENSP00000307241	0.111	0	0	0	0.392	0	0.145	0.376	0.673
GLUD1	MCCC2	9606.ENSP00000277865	9606.ENSP00000343657	0.061	0	0	0	0.110	0	0.585	0.282	0.718
GLUD1	PDHA1	9606.ENSP00000277865	9606.ENSP00000369134	0	0	0	0	0.153	0.096	0	0.706	0.755
GLUD1	OAT	9606.ENSP00000277865	9606.ENSP00000357838	0.120	0	0	0	0.212	0	0.792	0.587	0.932
GLUD1	OGDH	9606.ENSP00000277865	9606.ENSP00000388183	0	0	0	0	0.174	0.090	0.823	0.583	0.937
GLUD1	NAGS	9606.ENSP00000277865	9606.ENSP00000293404	0.053	0	0	0	0.110	0	0.900	0.509	0.953
GLUD1	GPT	9606.ENSP00000277865	9606.ENSP00000378408	0.052	0	0	0	0.067	0	0.918	0.486	0.958
GLUD1	GPT2	9606.ENSP00000277865	9606.ENSP00000345282	0.052	0	0	0	0.067	0	0.918	0.579	0.965
GLUD1	GOT1	9606.ENSP00000277865	9606.ENSP00000359539	0	0	0	0	0.257	0.101	0.900	0.716	0.978
GLUD1	GLUD2	9606.ENSP00000277865	9606.ENSP00000327589	0	0	0.047	0.986	0.122	0.835	0.900	0.054	0.984
GLUD1	GLUL	9606.ENSP00000277865	9606.ENSP00000307900	0.061	0	0	0	0.089	0	0.956	0.797	0.991
GLUD2	OTC	9606.ENSP00000327589	9606.ENSP00000039007	0	0	0	0	0.049	0	0	0.487	0.491
GLUD2	PDHX	9606.ENSP00000327589	9606.ENSP00000227868	0.091	0	0	0	0.248	0	0	0.207	0.410
GLUD2	GOT2	9606.ENSP00000327589	9606.ENSP00000245206	0	0	0	0	0.308	0.095	0.900	0.538	0.967
GLUD2	HDC	9606.ENSP00000327589	9606.ENSP00000267845	0	0	0	0	0.074	0	0.301	0.161	0.409
GLUD2	NAGS	9606.ENSP00000327589	9606.ENSP00000293404	0.053	0	0	0	0.110	0	0.900	0.487	0.951
GLUD2	PDHB	9606.ENSP00000327589	9606.ENSP00000307241	0.111	0	0	0	0.294	0	0.145	0.266	0.554
GLUD2	GLUL	9606.ENSP00000327589	9606.ENSP00000307900	0.061	0	0	0	0.094	0	0.956	0.646	0.985
GLUD2	GRHPR	9606.ENSP00000327589	9606.ENSP00000313432	0	0	0	0	0.143	0	0.238	0.217	0.445
GLUD2	SHMT1	9606.ENSP00000327589	9606.ENSP00000318868	0.105	0	0	0	0.056	0	0	0.692	0.717
GLUD2	SEPSECS	9606.ENSP00000327589	9606.ENSP00000371535	0	0	0	0	0.080	0	0.301	0.159	0.412
GLUD2	SUOX	9606.ENSP00000327589	9606.ENSP00000377668	0	0	0	0	0.042	0.127	0	0.406	0.460
GLUD2	PDHA1	9606.ENSP00000327589	9606.ENSP00000369134	0	0	0	0	0.067	0	0	0.602	0.613
GLUD2	MCCC2	9606.ENSP00000327589	9606.ENSP00000343657	0.061	0	0	0	0.116	0	0.585	0.203	0.688
GLUD2	OGDH	9606.ENSP00000327589	9606.ENSP00000388183	0	0	0	0	0.122	0.090	0.823	0.362	0.898
GLUD2	OAT	9606.ENSP00000327589	9606.ENSP00000357838	0.120	0	0	0	0.197	0	0.792	0.456	0.909
GLUD2	GPT	9606.ENSP00000327589	9606.ENSP00000378408	0.052	0	0	0	0.067	0	0.918	0.369	0.948
GLUD2	GPT2	9606.ENSP00000327589	9606.ENSP00000345282	0.052	0	0	0	0.069	0	0.918	0.388	0.950
GLUD2	GOT1	9606.ENSP00000327589	9606.ENSP00000359539	0	0	0	0	0.246	0.101	0.900	0.618	0.970
GLUL	OTC	9606.ENSP00000307900	9606.ENSP00000039007	0	0	0	0	0	0	0	0.596	0.596
GLUL	PYCR3	9606.ENSP00000307900	9606.ENSP00000220966	0.049	0	0	0	0.055	0	0	0.398	0.413
GLUL	GSR	9606.ENSP00000307900	9606.ENSP00000221130	0.071	0	0	0	0.110	0	0	0.447	0.503
GLUL	ODC1	9606.ENSP00000307900	9606.ENSP00000234111	0.042	0	0	0	0.056	0	0.192	0.452	0.546
GLUL	GOT2	9606.ENSP00000307900	9606.ENSP00000245206	0	0	0	0	0.055	0.054	0	0.688	0.697
GLUL	SLC6A11	9606.ENSP00000307900	9606.ENSP00000254488	0	0	0	0	0.059	0	0	0.434	0.445
GLUL	HAL	9606.ENSP00000307900	9606.ENSP00000261208	0	0	0	0	0.042	0	0	0.519	0.519
GLUL	SLC7A5	9606.ENSP00000307900	9606.ENSP00000261622	0.056	0	0	0	0.051	0	0	0.439	0.454
GLUL	MCCC1	9606.ENSP00000307900	9606.ENSP00000265594	0	0	0	0	0	0	0.266	0.217	0.400
GLUL	HPD	9606.ENSP00000307900	9606.ENSP00000289004	0	0	0	0	0	0	0	0.448	0.448
GLUL	NAGS	9606.ENSP00000307900	9606.ENSP00000293404	0.103	0	0	0	0	0	0	0.532	0.562
GLUL	PDHB	9606.ENSP00000307900	9606.ENSP00000307241	0	0	0	0	0.108	0	0	0.370	0.415
GLUL	PYCR2	9606.ENSP00000307900	9606.ENSP00000342502	0.049	0	0	0	0.055	0	0	0.392	0.406
GLUL	SLC3A2	9606.ENSP00000307900	9606.ENSP00000367123	0.052	0	0	0	0.042	0.087	0	0.393	0.429
GLUL	KARS1	9606.ENSP00000307900	9606.ENSP00000325448	0	0	0	0	0.087	0	0	0.401	0.431
GLUL	SUOX	9606.ENSP00000307900	9606.ENSP00000377668	0	0	0	0	0.066	0	0	0.425	0.441
GLUL	PHGDH	9606.ENSP00000307900	9606.ENSP00000493382	0	0.078	0	0	0.067	0	0	0.446	0.482
GLUL	GPT2	9606.ENSP00000307900	9606.ENSP00000345282	0.057	0	0	0	0.055	0	0	0.475	0.492
GLUL	LARS1	9606.ENSP00000307900	9606.ENSP00000377954	0.053	0	0	0	0.195	0.127	0	0.328	0.493
GLUL	PYCR1	9606.ENSP00000307900	9606.ENSP00000384949	0.049	0	0	0	0.055	0	0	0.485	0.496
GLUL	OGDH	9606.ENSP00000307900	9606.ENSP00000388183	0	0	0	0	0.043	0	0	0.499	0.500
GLUL	PRODH	9606.ENSP00000307900	9606.ENSP00000349577	0	0	0	0	0.060	0	0	0.513	0.523
GLUL	PIPOX	9606.ENSP00000307900	9606.ENSP00000317721	0.083	0	0	0	0.106	0	0.414	0.187	0.557
GLUL	SHMT1	9606.ENSP00000307900	9606.ENSP00000318868	0	0.011	0	0	0.140	0	0	0.518	0.568
GLUL	GPT	9606.ENSP00000307900	9606.ENSP00000378408	0.057	0	0	0	0.055	0	0	0.566	0.579
GLUL	GOT1	9606.ENSP00000307900	9606.ENSP00000359539	0	0	0	0	0.060	0.069	0	0.592	0.612
GLUL	RPS29	9606.ENSP00000307900	9606.ENSP00000379339	0	0	0	0	0.594	0	0	0.091	0.615
GLUL	PSAT1	9606.ENSP00000307900	9606.ENSP00000365773	0.117	0	0	0	0.082	0	0	0.569	0.620
GLUL	MCCC2	9606.ENSP00000307900	9606.ENSP00000343657	0	0	0	0	0.060	0	0.585	0.154	0.641
GLUL	TAT	9606.ENSP00000307900	9606.ENSP00000348234	0.057	0	0	0	0.055	0.359	0	0.474	0.659
GLUL	OAT	9606.ENSP00000307900	9606.ENSP00000357838	0.113	0	0	0	0.102	0	0	0.665	0.710
GNMT	HPD	9606.ENSP00000361894	9606.ENSP00000289004	0	0	0	0	0.252	0	0	0.296	0.451
GNMT	PIPOX	9606.ENSP00000361894	9606.ENSP00000317721	0	0	0	0	0.089	0	0.900	0.565	0.957
GNMT	SHMT1	9606.ENSP00000361894	9606.ENSP00000318868	0	0	0	0	0.055	0	0.900	0.590	0.957
GNMT	MTR	9606.ENSP00000361894	9606.ENSP00000355536	0	0	0	0	0.099	0	0	0.718	0.735
GNMT	MAT1A	9606.ENSP00000361894	9606.ENSP00000361287	0	0	0	0	0.224	0	0	0.742	0.791
GNMT	SUOX	9606.ENSP00000361894	9606.ENSP00000377668	0	0	0	0	0.244	0	0	0.285	0.437
GNMT	NNMT	9606.ENSP00000361894	9606.ENSP00000441434	0	0	0	0	0.074	0	0	0.507	0.523
GNMT	MTRR	9606.ENSP00000361894	9606.ENSP00000402510	0	0	0	0	0	0	0	0.570	0.570
GOT1	GSR	9606.ENSP00000359539	9606.ENSP00000221130	0	0	0	0	0.094	0.162	0.126	0.461	0.595
GOT1	PDHX	9606.ENSP00000359539	9606.ENSP00000227868	0	0	0	0	0.357	0	0.130	0.182	0.503
GOT1	ODC1	9606.ENSP00000359539	9606.ENSP00000234111	0	0	0	0	0.057	0	0.402	0.311	0.578
GOT1	GOT2	9606.ENSP00000359539	9606.ENSP00000245206	0	0	0.073	0.935	0.743	0.085	0.900	0.327	0.982
GOT1	KYAT3	9606.ENSP00000359539	9606.ENSP00000260508	0	0	0	0	0.120	0.162	0.914	0.166	0.940
GOT1	MARS1	9606.ENSP00000359539	9606.ENSP00000262027	0	0	0	0	0.219	0	0	0.344	0.466
GOT1	TYR	9606.ENSP00000359539	9606.ENSP00000263321	0	0	0	0	0.044	0.067	0.900	0.057	0.904
GOT1	HGD	9606.ENSP00000359539	9606.ENSP00000283871	0.061	0	0	0	0.199	0	0	0.390	0.501
GOT1	HPD	9606.ENSP00000359539	9606.ENSP00000289004	0.098	0	0	0	0.193	0	0.942	0.237	0.963
GOT1	NAGS	9606.ENSP00000359539	9606.ENSP00000293404	0	0	0	0	0	0	0.900	0.274	0.924
GOT1	PCBD1	9606.ENSP00000359539	9606.ENSP00000299299	0.102	0	0	0	0.307	0	0	0.316	0.538
GOT1	PDHB	9606.ENSP00000359539	9606.ENSP00000307241	0.045	0	0	0	0.173	0.091	0	0.390	0.504
GOT1	SHMT1	9606.ENSP00000359539	9606.ENSP00000318868	0	0	0	0	0.153	0	0	0.388	0.459
GOT1	TPO	9606.ENSP00000359539	9606.ENSP00000329869	0	0	0	0	0	0.069	0.900	0.129	0.911
GOT1	GPT2	9606.ENSP00000359539	9606.ENSP00000345282	0	0	0	0	0.221	0.220	0.914	0.733	0.984
GOT1	TAT	9606.ENSP00000359539	9606.ENSP00000348234	0	0	0	0	0.108	0	0.914	0.576	0.964
GOT1	OAT	9606.ENSP00000359539	9606.ENSP00000357838	0	0	0	0	0.089	0.250	0	0.436	0.581
GOT1	SUOX	9606.ENSP00000359539	9606.ENSP00000377668	0	0	0	0	0.050	0	0	0.429	0.435
GOT1	PHGDH	9606.ENSP00000359539	9606.ENSP00000493382	0	0	0	0	0.146	0.226	0	0.226	0.444
GOT1	MAT1A	9606.ENSP00000359539	9606.ENSP00000361287	0	0	0	0	0.042	0	0.449	0.280	0.587
GOT1	PSAT1	9606.ENSP00000359539	9606.ENSP00000365773	0	0	0	0	0.291	0	0	0.471	0.609
GOT1	OGDH	9606.ENSP00000359539	9606.ENSP00000388183	0	0	0	0	0.086	0	0.822	0.432	0.900
GOT1	IL4I1	9606.ENSP00000359539	9606.ENSP00000472474	0	0	0	0	0.054	0	0.900	0.115	0.908
GOT1	PAH	9606.ENSP00000359539	9606.ENSP00000448059	0.079	0	0	0	0.206	0	0.900	0.269	0.939
GOT1	TH	9606.ENSP00000359539	9606.ENSP00000370571	0.079	0	0	0	0.204	0	0.900	0.274	0.939
GOT1	KYAT1	9606.ENSP00000359539	9606.ENSP00000399415	0	0	0	0	0.132	0	0.914	0.299	0.943
GOT1	TST	9606.ENSP00000359539	9606.ENSP00000385828	0.102	0	0	0	0.057	0	0.942	0.366	0.965
GOT1	GPT	9606.ENSP00000359539	9606.ENSP00000378408	0	0	0	0	0.130	0	0.914	0.771	0.981
GOT2	GSR	9606.ENSP00000245206	9606.ENSP00000221130	0	0	0	0	0.094	0	0.126	0.460	0.536
GOT2	PDHX	9606.ENSP00000245206	9606.ENSP00000227868	0	0	0	0	0.200	0	0.130	0.239	0.424
GOT2	ODC1	9606.ENSP00000245206	9606.ENSP00000234111	0	0	0	0	0.078	0	0.402	0.334	0.601
GOT2	RPL18	9606.ENSP00000245206	9606.ENSP00000447001	0	0.115	0	0	0.112	0	0	0.304	0.405
GOT2	PSPH	9606.ENSP00000245206	9606.ENSP00000378854	0	0	0	0	0.104	0	0	0.372	0.413
GOT2	KYNU	9606.ENSP00000245206	9606.ENSP00000264170	0	0	0	0	0.042	0	0	0.419	0.420
GOT2	MARS1	9606.ENSP00000245206	9606.ENSP00000262027	0	0	0	0	0.174	0	0	0.331	0.423
GOT2	SUOX	9606.ENSP00000245206	9606.ENSP00000377668	0	0	0	0	0.056	0	0	0.418	0.427
GOT2	HGD	9606.ENSP00000245206	9606.ENSP00000283871	0.061	0	0	0	0.196	0	0	0.305	0.429
GOT2	TPH1	9606.ENSP00000245206	9606.ENSP00000250018	0.079	0	0	0	0.204	0	0	0.290	0.434
GOT2	HIBADH	9606.ENSP00000245206	9606.ENSP00000265395	0	0	0	0	0.233	0.095	0	0.284	0.460
GOT2	GRHPR	9606.ENSP00000245206	9606.ENSP00000313432	0.105	0	0	0	0.173	0.071	0	0.323	0.472
GOT2	OAT	9606.ENSP00000245206	9606.ENSP00000357838	0	0	0	0	0.121	0.063	0	0.474	0.529
GOT2	PDHA1	9606.ENSP00000245206	9606.ENSP00000369134	0	0	0	0	0.312	0	0	0.370	0.548
GOT2	MAT1A	9606.ENSP00000245206	9606.ENSP00000361287	0	0	0	0	0.044	0	0.449	0.231	0.559
GOT2	SHMT1	9606.ENSP00000245206	9606.ENSP00000318868	0	0	0	0	0.157	0	0	0.501	0.561
GOT2	PCBD1	9606.ENSP00000245206	9606.ENSP00000299299	0.102	0	0	0	0.297	0	0	0.369	0.567
GOT2	PDHB	9606.ENSP00000245206	9606.ENSP00000307241	0.045	0	0	0	0.239	0.099	0	0.428	0.576
GOT2	PSAT1	9606.ENSP00000245206	9606.ENSP00000365773	0	0	0	0	0.170	0	0	0.528	0.592
GOT2	TPO	9606.ENSP00000245206	9606.ENSP00000329869	0	0	0	0	0.044	0.056	0.900	0.119	0.909
GOT2	TYR	9606.ENSP00000245206	9606.ENSP00000263321	0	0	0	0	0.058	0.071	0.900	0.116	0.912
GOT2	NAGS	9606.ENSP00000245206	9606.ENSP00000293404	0	0	0	0	0	0	0.900	0.289	0.925
GOT2	IL4I1	9606.ENSP00000245206	9606.ENSP00000472474	0	0	0	0	0.054	0	0.900	0.367	0.934
GOT2	OGDH	9606.ENSP00000245206	9606.ENSP00000388183	0	0	0	0	0.145	0	0.825	0.615	0.937
GOT2	TH	9606.ENSP00000245206	9606.ENSP00000370571	0.079	0	0	0	0.204	0	0.900	0.311	0.942
GOT2	PAH	9606.ENSP00000245206	9606.ENSP00000448059	0.079	0	0	0	0.215	0	0.900	0.314	0.943
GOT2	TST	9606.ENSP00000245206	9606.ENSP00000385828	0.102	0	0	0	0.063	0	0.942	0.255	0.959
GOT2	HPD	9606.ENSP00000245206	9606.ENSP00000289004	0.098	0	0	0	0.196	0	0.942	0.313	0.967
GOT2	GPT2	9606.ENSP00000245206	9606.ENSP00000345282	0	0	0	0	0.236	0	0.914	0.665	0.976
GOT2	GPT	9606.ENSP00000245206	9606.ENSP00000378408	0	0	0	0	0.200	0	0.914	0.708	0.978
GOT2	KYAT1	9606.ENSP00000245206	9606.ENSP00000399415	0	0	0	0	0.123	0	0.922	0.716	0.979
GOT2	TAT	9606.ENSP00000245206	9606.ENSP00000348234	0	0	0	0	0.108	0	0.914	0.813	0.984
GOT2	KYAT3	9606.ENSP00000245206	9606.ENSP00000260508	0	0	0	0	0.113	0.231	0.922	0.768	0.986
GPT	OTC	9606.ENSP00000378408	9606.ENSP00000039007	0	0	0	0	0.138	0	0	0.359	0.424
GPT	GSR	9606.ENSP00000378408	9606.ENSP00000221130	0	0	0	0	0.051	0.046	0.113	0.647	0.678
GPT	ODC1	9606.ENSP00000378408	9606.ENSP00000234111	0.058	0	0	0	0.207	0	0.262	0.304	0.565
GPT	KYNU	9606.ENSP00000378408	9606.ENSP00000264170	0	0	0	0	0.110	0	0.402	0.192	0.532
GPT	HGD	9606.ENSP00000378408	9606.ENSP00000283871	0	0	0	0	0.206	0	0	0.297	0.419
GPT	HPD	9606.ENSP00000378408	9606.ENSP00000289004	0	0	0	0	0.116	0	0.287	0.300	0.520
GPT	NAGS	9606.ENSP00000378408	9606.ENSP00000293404	0.057	0	0	0	0.103	0	0.914	0.281	0.940
GPT	GRHPR	9606.ENSP00000378408	9606.ENSP00000313432	0.089	0	0	0	0.065	0	0.375	0.300	0.577
GPT	SHMT1	9606.ENSP00000378408	9606.ENSP00000318868	0.043	0	0	0	0.099	0	0	0.441	0.476
GPT	NQO1	9606.ENSP00000378408	9606.ENSP00000319788	0	0	0	0	0.366	0	0	0.480	0.656
GPT	TPO	9606.ENSP00000378408	9606.ENSP00000329869	0	0	0	0	0.044	0	0	0.419	0.420
GPT	GPT2	9606.ENSP00000378408	9606.ENSP00000345282	0	0	0.053	0.974	0.055	0.204	0.900	0.063	0.921
GPT	OAT	9606.ENSP00000378408	9606.ENSP00000357838	0.058	0	0	0	0.061	0	0	0.473	0.493
GPT	MAT1A	9606.ENSP00000378408	9606.ENSP00000361287	0.057	0	0	0	0.104	0.095	0.287	0.319	0.561
GPT	PSAT1	9606.ENSP00000378408	9606.ENSP00000365773	0.061	0	0	0	0.086	0.090	0	0.474	0.534
GPT	HAO1	9606.ENSP00000378408	9606.ENSP00000368066	0.058	0	0	0	0.103	0	0.187	0.361	0.503
GPT	SEPSECS	9606.ENSP00000378408	9606.ENSP00000371535	0.045	0	0	0	0.056	0	0	0.549	0.558
GPT	PYCR1	9606.ENSP00000378408	9606.ENSP00000384949	0.045	0	0	0	0.184	0	0	0.293	0.401
GPT	IDO1	9606.ENSP00000378408	9606.ENSP00000430950	0	0	0	0	0.106	0	0.118	0.311	0.409
GPT	PHGDH	9606.ENSP00000378408	9606.ENSP00000493382	0.056	0	0	0	0.087	0.115	0.151	0.335	0.490
GPT	PSMD6	9606.ENSP00000378408	9606.ENSP00000418695	0	0.553	0	0	0	0	0	0	0.553
GPT	TDO2	9606.ENSP00000378408	9606.ENSP00000444788	0	0	0	0	0.100	0	0.402	0.306	0.594
GPT	OGDH	9606.ENSP00000378408	9606.ENSP00000388183	0	0	0	0	0.106	0	0.800	0.278	0.859
GPT2	GSR	9606.ENSP00000345282	9606.ENSP00000221130	0	0	0	0	0.058	0.046	0.113	0.515	0.562
GPT2	ODC1	9606.ENSP00000345282	9606.ENSP00000234111	0.058	0	0	0	0.223	0	0.262	0.222	0.524
GPT2	KYAT3	9606.ENSP00000345282	9606.ENSP00000260508	0	0	0	0	0.109	0.233	0	0.209	0.412
GPT2	KYNU	9606.ENSP00000345282	9606.ENSP00000264170	0	0	0	0	0.110	0	0.402	0.219	0.548
GPT2	HGD	9606.ENSP00000345282	9606.ENSP00000283871	0	0	0	0	0.195	0	0	0.359	0.463
GPT2	HPD	9606.ENSP00000345282	9606.ENSP00000289004	0	0	0	0	0.134	0	0.287	0.228	0.482
GPT2	NAGS	9606.ENSP00000345282	9606.ENSP00000293404	0.057	0	0	0	0.074	0	0.914	0.299	0.940
GPT2	GRHPR	9606.ENSP00000345282	9606.ENSP00000313432	0.089	0	0	0	0.060	0	0.375	0.300	0.575
GPT2	SHMT1	9606.ENSP00000345282	9606.ENSP00000318868	0.043	0	0	0	0.075	0	0	0.425	0.447
GPT2	NQO1	9606.ENSP00000345282	9606.ENSP00000319788	0	0	0	0	0.381	0	0	0.294	0.544
GPT2	PSMD6	9606.ENSP00000345282	9606.ENSP00000418695	0	0.391	0	0	0.056	0	0	0	0.401
GPT2	PSPH	9606.ENSP00000345282	9606.ENSP00000378854	0.057	0	0	0	0.086	0.090	0	0.333	0.407
GPT2	HAO1	9606.ENSP00000345282	9606.ENSP00000368066	0.058	0	0	0	0.103	0	0.187	0.250	0.416
GPT2	OAT	9606.ENSP00000345282	9606.ENSP00000357838	0.058	0	0	0	0.061	0	0	0.456	0.477
GPT2	PYCR1	9606.ENSP00000345282	9606.ENSP00000384949	0.045	0	0	0	0.238	0	0	0.356	0.490
GPT2	TDO2	9606.ENSP00000345282	9606.ENSP00000444788	0	0	0	0	0.100	0	0.402	0.225	0.546
GPT2	MAT1A	9606.ENSP00000345282	9606.ENSP00000361287	0.057	0	0	0	0.124	0.095	0.287	0.287	0.550
GPT2	PHGDH	9606.ENSP00000345282	9606.ENSP00000493382	0.056	0	0	0	0.460	0.115	0.151	0.368	0.714
GPT2	PSAT1	9606.ENSP00000345282	9606.ENSP00000365773	0.061	0	0	0	0.360	0.090	0	0.555	0.724
GPT2	OGDH	9606.ENSP00000345282	9606.ENSP00000388183	0	0	0	0	0.087	0	0.800	0.277	0.856
GRHPR	GSR	9606.ENSP00000313432	9606.ENSP00000221130	0.046	0	0	0	0.062	0	0.510	0.274	0.639
GRHPR	PDHX	9606.ENSP00000313432	9606.ENSP00000227868	0.054	0	0	0	0.087	0	0.534	0.225	0.646
GRHPR	IYD	9606.ENSP00000313432	9606.ENSP00000229447	0.217	0	0	0	0	0	0	0.351	0.470
GRHPR	KYAT3	9606.ENSP00000313432	9606.ENSP00000260508	0.089	0	0	0	0.106	0	0.375	0.215	0.547
GRHPR	QDPR	9606.ENSP00000313432	9606.ENSP00000281243	0.054	0	0	0	0.095	0.047	0.218	0.236	0.424
GRHPR	PDHA1	9606.ENSP00000313432	9606.ENSP00000369134	0.080	0	0	0	0.181	0.099	0	0.246	0.419
GRHPR	SUOX	9606.ENSP00000313432	9606.ENSP00000377668	0.041	0	0	0	0.060	0	0	0.443	0.454
GRHPR	SHMT1	9606.ENSP00000313432	9606.ENSP00000318868	0.118	0	0	0	0.137	0	0	0.434	0.532
GRHPR	KYAT1	9606.ENSP00000313432	9606.ENSP00000399415	0.089	0	0	0	0.091	0	0.375	0.204	0.533
GRHPR	TAT	9606.ENSP00000313432	9606.ENSP00000348234	0.089	0	0	0	0.100	0	0.375	0.284	0.583
GRHPR	TXNRD1	9606.ENSP00000313432	9606.ENSP00000434516	0.046	0	0	0	0.052	0	0.510	0.250	0.623
GRHPR	OGDH	9606.ENSP00000313432	9606.ENSP00000388183	0.055	0	0	0	0.110	0	0	0.823	0.838
GRHPR	PSAT1	9606.ENSP00000313432	9606.ENSP00000365773	0	0	0	0	0.049	0	0.809	0.379	0.877
GRHPR	HAO1	9606.ENSP00000313432	9606.ENSP00000368066	0.120	0	0	0	0.152	0	0.900	0.589	0.965
GSR	LIPT1	9606.ENSP00000221130	9606.ENSP00000377115	0.106	0	0	0	0.193	0	0	0.251	0.412
GSR	SECISBP2	9606.ENSP00000221130	9606.ENSP00000364965	0	0	0	0	0.093	0.186	0	0.280	0.422
GSR	PIPOX	9606.ENSP00000221130	9606.ENSP00000317721	0.048	0	0	0	0.107	0.058	0.285	0.156	0.428
GSR	NDUFAB1	9606.ENSP00000221130	9606.ENSP00000458770	0	0	0	0	0.197	0	0.149	0.242	0.437
GSR	TPO	9606.ENSP00000221130	9606.ENSP00000329869	0	0	0	0	0	0.071	0	0.432	0.449
GSR	ODC1	9606.ENSP00000221130	9606.ENSP00000234111	0	0	0	0	0.062	0	0	0.445	0.457
GSR	OAT	9606.ENSP00000221130	9606.ENSP00000357838	0	0	0	0	0.047	0.162	0	0.385	0.466
GSR	PDHA1	9606.ENSP00000221130	9606.ENSP00000369134	0	0.060	0	0	0.147	0.052	0.249	0.209	0.467
GSR	SUOX	9606.ENSP00000221130	9606.ENSP00000377668	0.042	0	0	0	0.049	0	0	0.472	0.477
GSR	PHGDH	9606.ENSP00000221130	9606.ENSP00000493382	0.042	0	0	0	0.054	0	0.312	0.301	0.506
GSR	SQOR	9606.ENSP00000221130	9606.ENSP00000456019	0.057	0	0	0	0.138	0.046	0.265	0.284	0.518
GSR	TXNRD1	9606.ENSP00000221130	9606.ENSP00000434516	0	0	0.127	0.803	0.181	0	0	0.412	0.543
GSR	MTR	9606.ENSP00000221130	9606.ENSP00000355536	0	0	0	0	0.049	0	0.312	0.369	0.551
GSR	PRODH	9606.ENSP00000221130	9606.ENSP00000349577	0	0	0	0	0.067	0	0	0.607	0.618
GSR	SHMT1	9606.ENSP00000221130	9606.ENSP00000318868	0.086	0	0	0	0.111	0	0.385	0.359	0.637
GSR	OGDH	9606.ENSP00000221130	9606.ENSP00000388183	0.070	0	0	0	0.320	0.183	0.312	0.303	0.707
GSR	PDHX	9606.ENSP00000221130	9606.ENSP00000227868	0.061	0.069	0	0	0.417	0.418	0.285	0.161	0.780
GSR	NQO1	9606.ENSP00000221130	9606.ENSP00000319788	0	0	0	0	0.122	0	0	0.820	0.835
GSR	PDHB	9606.ENSP00000221130	9606.ENSP00000307241	0.086	0.004	0	0	0.554	0.290	0.385	0.249	0.842
GSTZ1	HGD	9606.ENSP00000451976	9606.ENSP00000283871	0.099	0	0.277	0	0.198	0	0.979	0.725	0.996
GSTZ1	HPD	9606.ENSP00000451976	9606.ENSP00000289004	0.071	0	0	0	0.112	0	0	0.641	0.678
GSTZ1	TAT	9606.ENSP00000451976	9606.ENSP00000348234	0	0	0	0	0.042	0.051	0	0.535	0.541
GSTZ1	RPL23	9606.ENSP00000451976	9606.ENSP00000420311	0	0	0	0	0.190	0.067	0	0.405	0.511
GSTZ1	TXNRD1	9606.ENSP00000451976	9606.ENSP00000434516	0	0	0	0	0.058	0.050	0.114	0.358	0.424
GSTZ1	PAH	9606.ENSP00000451976	9606.ENSP00000448059	0	0	0	0	0.065	0	0	0.403	0.418
HAL	TDO2	9606.ENSP00000261208	9606.ENSP00000444788	0	0	0	0	0.221	0	0	0.307	0.438
HAL	PRODH	9606.ENSP00000261208	9606.ENSP00000349577	0	0	0	0	0	0	0	0.448	0.448
HAL	OAT	9606.ENSP00000261208	9606.ENSP00000357838	0	0	0	0	0	0	0	0.518	0.518
HAL	TAT	9606.ENSP00000261208	9606.ENSP00000348234	0	0	0	0	0.252	0	0	0.386	0.521
HAL	KYNU	9606.ENSP00000261208	9606.ENSP00000264170	0	0	0	0	0.299	0	0	0.357	0.531
HAL	HGD	9606.ENSP00000261208	9606.ENSP00000283871	0	0	0	0	0.219	0	0	0.436	0.541
HAL	KMO	9606.ENSP00000261208	9606.ENSP00000355517	0	0	0	0	0.310	0	0	0.377	0.552
HAL	PAH	9606.ENSP00000261208	9606.ENSP00000448059	0	0	0	0	0.243	0	0	0.746	0.799
HAL	HDC	9606.ENSP00000261208	9606.ENSP00000267845	0	0	0	0	0.083	0	0.900	0.445	0.944
HAL	UROC1	9606.ENSP00000261208	9606.ENSP00000373073	0	0.120	0.530	0	0.320	0	0.172	0.984	0.995
HAO1	RPS27A	9606.ENSP00000368066	9606.ENSP00000272317	0	0	0	0	0	0.064	0.500	0	0.511
HAO1	HPD	9606.ENSP00000368066	9606.ENSP00000289004	0.084	0	0	0	0.233	0	0.283	0.182	0.533
HAO1	PIPOX	9606.ENSP00000368066	9606.ENSP00000317721	0	0	0	0	0.153	0	0	0.452	0.516
HAO1	SHMT1	9606.ENSP00000368066	9606.ENSP00000318868	0.045	0	0	0	0.146	0	0	0.674	0.711
HAO1	TAT	9606.ENSP00000368066	9606.ENSP00000348234	0.058	0	0	0	0.236	0	0.187	0.164	0.445
HAO1	PRODH	9606.ENSP00000368066	9606.ENSP00000349577	0.056	0	0	0	0.079	0	0	0.616	0.637
HAO1	SMOX	9606.ENSP00000368066	9606.ENSP00000478305	0	0	0	0	0	0	0	0.404	0.404
HAO1	SUOX	9606.ENSP00000368066	9606.ENSP00000377668	0	0	0	0	0	0	0	0.437	0.437
HAO1	PSPH	9606.ENSP00000368066	9606.ENSP00000378854	0.116	0	0	0	0	0	0.346	0.105	0.437
HAO1	UBA52	9606.ENSP00000368066	9606.ENSP00000388107	0	0	0	0	0.188	0	0.500	0.113	0.608
HDC	ODC1	9606.ENSP00000267845	9606.ENSP00000234111	0.056	0	0	0	0	0	0.130	0.574	0.619
HDC	TPH1	9606.ENSP00000267845	9606.ENSP00000250018	0	0	0	0	0.103	0.064	0.181	0.495	0.606
HDC	KMO	9606.ENSP00000267845	9606.ENSP00000355517	0	0	0	0	0.118	0.114	0	0.344	0.442
HDC	TPH2	9606.ENSP00000267845	9606.ENSP00000329093	0	0	0	0	0.103	0.064	0.181	0.307	0.460
HDC	PAH	9606.ENSP00000267845	9606.ENSP00000448059	0	0	0	0	0.107	0.064	0.181	0.343	0.490
HDC	TDO2	9606.ENSP00000267845	9606.ENSP00000444788	0	0	0	0	0.044	0	0	0.507	0.508
HDC	TH	9606.ENSP00000267845	9606.ENSP00000370571	0	0	0	0	0.074	0.071	0.177	0.500	0.598
HDC	HNMT	9606.ENSP00000267845	9606.ENSP00000280097	0	0	0	0	0	0	0.900	0.675	0.966
HGD	TPH1	9606.ENSP00000283871	9606.ENSP00000250018	0.111	0	0	0	0.590	0	0	0.281	0.715
HGD	MARS1	9606.ENSP00000283871	9606.ENSP00000262027	0.099	0	0	0	0.139	0	0.429	0.217	0.606
HGD	KYNU	9606.ENSP00000283871	9606.ENSP00000264170	0.075	0	0	0	0.338	0	0	0.458	0.639
HGD	MCCC2	9606.ENSP00000283871	9606.ENSP00000343657	0.061	0	0	0	0.193	0	0	0.297	0.421
HGD	UROC1	9606.ENSP00000283871	9606.ENSP00000373073	0	0	0	0	0.191	0	0	0.368	0.466
HGD	TDO2	9606.ENSP00000283871	9606.ENSP00000444788	0.119	0	0	0	0.188	0	0	0.315	0.467
HGD	KYAT1	9606.ENSP00000283871	9606.ENSP00000399415	0	0	0	0	0.191	0	0	0.379	0.476
HGD	IVD	9606.ENSP00000283871	9606.ENSP00000499074	0.041	0	0	0	0.120	0	0	0.461	0.506
HGD	OAT	9606.ENSP00000283871	9606.ENSP00000357838	0	0	0	0	0.244	0	0	0.441	0.559
HGD	PCBD1	9606.ENSP00000283871	9606.ENSP00000299299	0.116	0	0	0	0.386	0	0	0.349	0.616
HGD	KMO	9606.ENSP00000283871	9606.ENSP00000355517	0.115	0	0	0	0.277	0	0	0.491	0.646
HGD	TH	9606.ENSP00000283871	9606.ENSP00000370571	0.111	0	0	0	0.590	0	0	0.300	0.722
HGD	TPH2	9606.ENSP00000283871	9606.ENSP00000329093	0.111	0	0	0	0.590	0	0	0.301	0.723
HGD	TAT	9606.ENSP00000283871	9606.ENSP00000348234	0	0	0	0	0.363	0	0	0.710	0.807
HGD	PAH	9606.ENSP00000283871	9606.ENSP00000448059	0.111	0	0	0	0.615	0	0	0.585	0.845
HGD	HPD	9606.ENSP00000283871	9606.ENSP00000289004	0.120	0	0	0	0.868	0.091	0.978	0.757	0.999
HIBADH	HSD17B10	9606.ENSP00000265395	9606.ENSP00000168216	0	0	0	0	0.213	0	0	0.363	0.478
HIBADH	OGDH	9606.ENSP00000265395	9606.ENSP00000388183	0	0	0	0	0.141	0	0	0.339	0.408
HIBADH	MCCC2	9606.ENSP00000265395	9606.ENSP00000343657	0	0	0	0	0.105	0.099	0	0.452	0.519
HIBADH	NDUFAB1	9606.ENSP00000265395	9606.ENSP00000458770	0.101	0	0	0	0.141	0.305	0	0.214	0.521
HIBADH	MCCC1	9606.ENSP00000265395	9606.ENSP00000265594	0	0	0	0	0.128	0	0	0.543	0.585
HIBADH	IVD	9606.ENSP00000265395	9606.ENSP00000499074	0	0	0	0	0.133	0.070	0	0.538	0.595
HIBADH	HIBCH	9606.ENSP00000265395	9606.ENSP00000352706	0	0.889	0	0	0.202	0.098	0.955	0.687	0.998
HIBCH	HSD17B10	9606.ENSP00000352706	9606.ENSP00000168216	0	0	0	0	0.134	0.065	0.218	0.348	0.531
HIBCH	PDHX	9606.ENSP00000352706	9606.ENSP00000227868	0	0	0	0	0.225	0	0	0.303	0.437
HIBCH	MCCC1	9606.ENSP00000352706	9606.ENSP00000265594	0.057	0	0	0	0.266	0.066	0.241	0.371	0.635
HIBCH	RPS11	9606.ENSP00000352706	9606.ENSP00000270625	0	0	0	0	0.042	0.435	0	0.071	0.453
HIBCH	HPD	9606.ENSP00000352706	9606.ENSP00000289004	0.057	0	0	0	0.123	0	0.220	0.249	0.451
HIBCH	PDHB	9606.ENSP00000352706	9606.ENSP00000307241	0	0	0	0	0.282	0	0	0.294	0.471
HIBCH	RPS15A	9606.ENSP00000352706	9606.ENSP00000318646	0	0	0	0	0.042	0.485	0	0.068	0.500
HIBCH	RPS2	9606.ENSP00000352706	9606.ENSP00000341885	0	0	0	0	0.042	0.401	0	0.091	0.432
HIBCH	MCCC2	9606.ENSP00000352706	9606.ENSP00000343657	0.059	0	0	0	0.213	0	0.278	0.198	0.514
HIBCH	OGDH	9606.ENSP00000352706	9606.ENSP00000388183	0	0	0	0	0.089	0	0	0.380	0.411
HIBCH	OAT	9606.ENSP00000352706	9606.ENSP00000357838	0	0	0	0	0.141	0	0.155	0.293	0.442
HIBCH	IVD	9606.ENSP00000352706	9606.ENSP00000499074	0.046	0	0	0	0.314	0.091	0.185	0.484	0.704
HIBCH	RPS5	9606.ENSP00000352706	9606.ENSP00000472985	0	0	0	0	0.042	0.771	0	0.072	0.778
HIBCH	RPS9	9606.ENSP00000352706	9606.ENSP00000375632	0	0	0	0	0.042	0.904	0	0.100	0.910
HIBCH	RPL23	9606.ENSP00000352706	9606.ENSP00000420311	0	0	0	0	0.042	0.922	0	0.048	0.922
HIBCH	RPS18	9606.ENSP00000352706	9606.ENSP00000393241	0	0	0	0	0.042	0.927	0	0	0.927
HNMT	NQO1	9606.ENSP00000280097	9606.ENSP00000319788	0	0	0	0	0.044	0	0	0.418	0.419
HPD	OTC	9606.ENSP00000289004	9606.ENSP00000039007	0	0	0	0	0.211	0	0	0.295	0.420
HPD	TPH1	9606.ENSP00000289004	9606.ENSP00000250018	0.095	0	0	0	0.242	0	0	0.207	0.408
HPD	KYAT3	9606.ENSP00000289004	9606.ENSP00000260508	0	0	0	0	0.114	0	0.287	0.162	0.424
HPD	MCCC1	9606.ENSP00000289004	9606.ENSP00000265594	0.102	0	0	0	0.290	0	0.449	0.239	0.697
HPD	TPH2	9606.ENSP00000289004	9606.ENSP00000329093	0.095	0	0	0	0.242	0	0	0.207	0.408
HPD	TDO2	9606.ENSP00000289004	9606.ENSP00000444788	0.116	0	0	0	0.236	0	0	0.236	0.439
HPD	TH	9606.ENSP00000289004	9606.ENSP00000370571	0.095	0	0	0	0.242	0	0	0.254	0.443
HPD	KYAT1	9606.ENSP00000289004	9606.ENSP00000399415	0	0	0	0	0.127	0	0.287	0.231	0.480
HPD	IVD	9606.ENSP00000289004	9606.ENSP00000499074	0.057	0	0	0	0.109	0	0.265	0.287	0.501
HPD	PCBD1	9606.ENSP00000289004	9606.ENSP00000299299	0.110	0	0	0	0.306	0	0	0.309	0.536
HPD	PAH	9606.ENSP00000289004	9606.ENSP00000448059	0.095	0	0	0	0.343	0	0	0.460	0.651
HPD	MCCC2	9606.ENSP00000289004	9606.ENSP00000343657	0.111	0	0	0	0.573	0	0.585	0.219	0.860
HPD	IL4I1	9606.ENSP00000289004	9606.ENSP00000472474	0	0	0	0	0	0	0.900	0.113	0.907
HPD	TAT	9606.ENSP00000289004	9606.ENSP00000348234	0	0	0	0	0.501	0	0.948	0.940	0.998
HSD17B10	IVD	9606.ENSP00000168216	9606.ENSP00000499074	0	0.004	0	0	0.145	0.060	0	0.333	0.418
HSD17B10	PDHA1	9606.ENSP00000168216	9606.ENSP00000369134	0	0	0	0	0.273	0.164	0	0.278	0.523
IARS1	RPL19	9606.ENSP00000364794	9606.ENSP00000225430	0.104	0	0	0	0.229	0.195	0	0.076	0.418
IARS1	RARS1	9606.ENSP00000364794	9606.ENSP00000231572	0.111	0	0	0	0.443	0.898	0.900	0.974	0.999
IARS1	RPL35	9606.ENSP00000364794	9606.ENSP00000259469	0.118	0	0	0	0.150	0	0	0.344	0.465
IARS1	MARS1	9606.ENSP00000364794	9606.ENSP00000262027	0.107	0	0	0	0.579	0.878	0.900	0.995	0.999
IARS1	RPL8	9606.ENSP00000364794	9606.ENSP00000262584	0.101	0	0	0	0.310	0	0	0.240	0.488
IARS1	RPS11	9606.ENSP00000364794	9606.ENSP00000270625	0.119	0	0	0	0.224	0	0	0.347	0.514
IARS1	RPS3	9606.ENSP00000364794	9606.ENSP00000278572	0.119	0	0	0	0.278	0.095	0	0.364	0.585
IARS1	RPS23	9606.ENSP00000364794	9606.ENSP00000296674	0.098	0	0	0	0.201	0	0	0.281	0.437
IARS1	QARS1	9606.ENSP00000364794	9606.ENSP00000307567	0.061	0	0	0	0.269	0.914	0.900	0.991	0.999
IARS1	PSMD2	9606.ENSP00000364794	9606.ENSP00000310129	0	0	0	0	0.280	0.095	0	0.156	0.402
IARS1	RPL4	9606.ENSP00000364794	9606.ENSP00000311430	0.076	0	0	0	0.241	0.194	0	0.260	0.526
IARS1	RPS15A	9606.ENSP00000364794	9606.ENSP00000318646	0.057	0	0	0	0.248	0.091	0	0.188	0.407
IARS1	KARS1	9606.ENSP00000364794	9606.ENSP00000325448	0.106	0	0	0	0.643	0.862	0.900	0.994	0.999
IARS1	RPS2	9606.ENSP00000364794	9606.ENSP00000341885	0.096	0	0	0	0.367	0.098	0	0.212	0.539
IARS1	RPL3	9606.ENSP00000364794	9606.ENSP00000346001	0.101	0	0	0	0.257	0	0	0.257	0.461
IARS1	RPL27A	9606.ENSP00000364794	9606.ENSP00000346015	0.055	0	0	0	0.343	0	0	0.112	0.400
IARS1	RPS3A	9606.ENSP00000364794	9606.ENSP00000346050	0	0	0	0	0.425	0	0	0	0.425
IARS1	RPL39	9606.ENSP00000364794	9606.ENSP00000355315	0.061	0	0	0	0.247	0.435	0	0.194	0.634
IARS1	SARS1	9606.ENSP00000364794	9606.ENSP00000358939	0.056	0	0	0	0.256	0	0	0.879	0.908
IARS1	RPL5	9606.ENSP00000364794	9606.ENSP00000359345	0.104	0	0	0	0.358	0.186	0	0.200	0.576
IARS1	RPL10A	9606.ENSP00000364794	9606.ENSP00000363018	0	0	0	0	0.202	0	0	0.295	0.413
IARS1	RPL6	9606.ENSP00000364794	9606.ENSP00000403172	0	0	0	0	0.291	0	0	0.205	0.412
IARS1	RPL26	9606.ENSP00000364794	9606.ENSP00000463784	0.074	0	0	0	0.225	0.091	0	0.219	0.422
IARS1	PSAT1	9606.ENSP00000364794	9606.ENSP00000365773	0	0	0	0	0.245	0.094	0	0.247	0.440
IARS1	RPL13A	9606.ENSP00000364794	9606.ENSP00000375730	0.059	0	0	0	0.293	0	0	0.269	0.471
IARS1	RPL11	9606.ENSP00000364794	9606.ENSP00000496250	0.113	0	0	0	0.346	0	0	0.164	0.473
IARS1	RPS15	9606.ENSP00000364794	9606.ENSP00000466010	0.119	0	0	0	0.273	0.095	0	0.220	0.487
IARS1	RPL23	9606.ENSP00000364794	9606.ENSP00000420311	0.116	0	0	0	0.194	0	0	0.348	0.495
IARS1	RPS14	9606.ENSP00000364794	9606.ENSP00000385958	0.053	0	0	0	0.333	0.091	0	0.239	0.504
IARS1	RPS9	9606.ENSP00000364794	9606.ENSP00000375632	0.069	0	0	0	0.368	0	0	0.244	0.516
IARS1	RPSA	9606.ENSP00000364794	9606.ENSP00000389351	0.045	0	0	0	0.343	0	0	0.292	0.517
IARS1	RPS16	9606.ENSP00000364794	9606.ENSP00000367806	0.076	0	0	0	0.275	0.187	0	0.250	0.537
IARS1	RPS20	9606.ENSP00000364794	9606.ENSP00000429374	0.061	0	0	0	0.267	0.095	0	0.359	0.548
IARS1	RPL9	9606.ENSP00000364794	9606.ENSP00000494697	0.096	0	0	0	0.384	0	0	0.272	0.559
IARS1	RPLP0	9606.ENSP00000364794	9606.ENSP00000449328	0	0	0	0	0.293	0.141	0	0.336	0.562
IARS1	RPL23A	9606.ENSP00000364794	9606.ENSP00000389103	0.119	0	0	0	0.273	0.130	0	0.372	0.603
IARS1	RPL39L	9606.ENSP00000364794	9606.ENSP00000389356	0.061	0	0	0	0.258	0.435	0	0.194	0.640
IARS1	LARS1	9606.ENSP00000364794	9606.ENSP00000377954	0.106	0	0	0	0.881	0.877	0.900	0.997	0.999
IDO1	INMT	9606.ENSP00000430950	9606.ENSP00000013222	0	0	0	0	0.056	0	0.900	0.157	0.913
IDO1	TPH1	9606.ENSP00000430950	9606.ENSP00000250018	0	0	0	0	0.127	0	0.900	0.555	0.957
IDO1	KYAT3	9606.ENSP00000430950	9606.ENSP00000260508	0	0	0	0	0.106	0	0.152	0.491	0.580
IDO1	KYNU	9606.ENSP00000430950	9606.ENSP00000264170	0	0	0	0	0.145	0.079	0.900	0.809	0.983
IDO1	TPH2	9606.ENSP00000430950	9606.ENSP00000329093	0	0	0	0	0.127	0	0.900	0.506	0.953
IDO1	KMO	9606.ENSP00000430950	9606.ENSP00000355517	0	0.016	0	0	0.135	0	0	0.815	0.833
IDO1	PSMB9	9606.ENSP00000430950	9606.ENSP00000363993	0	0	0	0	0.258	0	0	0.293	0.453
IDO1	KYAT1	9606.ENSP00000430950	9606.ENSP00000399415	0	0	0	0	0.106	0	0.152	0.623	0.689
IDO1	IDO2	9606.ENSP00000430950	9606.ENSP00000443432	0	0	0.083	0.915	0.137	0	0.900	0.099	0.919
IDO1	IL4I1	9606.ENSP00000430950	9606.ENSP00000472474	0	0	0	0	0.184	0	0.900	0.340	0.941
IDO1	TDO2	9606.ENSP00000430950	9606.ENSP00000444788	0	0	0	0	0.080	0	0.900	0.907	0.990
IDO2	INMT	9606.ENSP00000443432	9606.ENSP00000013222	0	0	0	0	0.076	0	0.900	0.427	0.942
IDO2	TPH1	9606.ENSP00000443432	9606.ENSP00000250018	0	0	0	0	0.144	0	0.900	0.502	0.953
IDO2	KYAT3	9606.ENSP00000443432	9606.ENSP00000260508	0	0	0	0	0.106	0	0.152	0.456	0.551
IDO2	KYNU	9606.ENSP00000443432	9606.ENSP00000264170	0	0	0	0	0.135	0.079	0.900	0.793	0.981
IDO2	TPH2	9606.ENSP00000443432	9606.ENSP00000329093	0	0	0	0	0.143	0	0.900	0.489	0.952
IDO2	KMO	9606.ENSP00000443432	9606.ENSP00000355517	0	0	0	0	0.149	0	0	0.809	0.831
IDO2	KYAT1	9606.ENSP00000443432	9606.ENSP00000399415	0	0	0	0	0.106	0	0.152	0.567	0.643
IDO2	IL4I1	9606.ENSP00000443432	9606.ENSP00000472474	0	0	0	0	0.124	0	0.900	0.220	0.925
IDO2	TDO2	9606.ENSP00000443432	9606.ENSP00000444788	0	0	0	0	0.103	0	0.900	0.955	0.995
IL4I1	TPH1	9606.ENSP00000472474	9606.ENSP00000250018	0	0	0	0	0.082	0	0.900	0.151	0.915
IL4I1	TYR	9606.ENSP00000472474	9606.ENSP00000263321	0	0	0	0	0	0.053	0.900	0.073	0.904
IL4I1	TPH2	9606.ENSP00000472474	9606.ENSP00000329093	0	0	0	0	0.082	0	0.900	0	0.904
IL4I1	TPO	9606.ENSP00000472474	9606.ENSP00000329869	0	0	0	0	0.055	0	0.900	0	0.901
IL4I1	TAT	9606.ENSP00000472474	9606.ENSP00000348234	0	0	0	0	0.109	0	0.900	0.133	0.916
IL4I1	MTR	9606.ENSP00000472474	9606.ENSP00000355536	0	0	0	0	0	0	0.900	0.070	0.903
IL4I1	MAT1A	9606.ENSP00000472474	9606.ENSP00000361287	0	0	0	0	0	0	0.900	0.049	0.900
IL4I1	TH	9606.ENSP00000472474	9606.ENSP00000370571	0	0	0	0	0.083	0	0.900	0.085	0.908
IL4I1	OGDH	9606.ENSP00000472474	9606.ENSP00000388183	0	0	0	0	0.054	0	0.800	0.087	0.812
IL4I1	KYAT1	9606.ENSP00000472474	9606.ENSP00000399415	0	0	0	0	0.114	0	0	0.459	0.501
IL4I1	TDO2	9606.ENSP00000472474	9606.ENSP00000444788	0	0	0	0	0.060	0	0.900	0.370	0.935
IL4I1	PAH	9606.ENSP00000472474	9606.ENSP00000448059	0	0	0	0	0.082	0	0.900	0	0.904
IVD	MCCC1	9606.ENSP00000499074	9606.ENSP00000265594	0.057	0	0	0	0.323	0.087	0.937	0.528	0.979
IVD	PDHB	9606.ENSP00000499074	9606.ENSP00000307241	0.049	0	0	0	0.095	0.053	0.265	0.240	0.462
IVD	MCCC2	9606.ENSP00000499074	9606.ENSP00000343657	0.057	0.585	0	0	0.289	0	0.941	0.593	0.992
IVD	OAT	9606.ENSP00000499074	9606.ENSP00000357838	0	0	0	0	0.095	0	0	0.392	0.427
IYD	SLC5A5	9606.ENSP00000229447	9606.ENSP00000222248	0	0	0	0	0.049	0	0	0.916	0.917
IYD	PAH	9606.ENSP00000229447	9606.ENSP00000448059	0	0	0	0	0.230	0	0.284	0.055	0.433
IYD	TSHB	9606.ENSP00000229447	9606.ENSP00000256592	0	0	0	0	0	0	0	0.451	0.451
IYD	SECISBP2	9606.ENSP00000229447	9606.ENSP00000364965	0	0	0	0	0.067	0	0	0.457	0.472
IYD	NQO1	9606.ENSP00000229447	9606.ENSP00000319788	0.118	0	0	0	0.092	0	0.224	0.347	0.539
IYD	PCBD1	9606.ENSP00000229447	9606.ENSP00000299299	0.054	0	0	0	0.087	0	0.792	0	0.804
IYD	TPO	9606.ENSP00000229447	9606.ENSP00000329869	0	0	0	0	0.086	0	0	0.847	0.854
KARS1	PSMA4	9606.ENSP00000325448	9606.ENSP00000044462	0	0	0	0	0.346	0.057	0	0.155	0.434
KARS1	PSMC4	9606.ENSP00000325448	9606.ENSP00000157812	0	0	0	0	0.385	0.086	0	0.230	0.529
KARS1	PSMA3	9606.ENSP00000325448	9606.ENSP00000216455	0	0	0	0	0.377	0.166	0	0.123	0.504
KARS1	PSMD7	9606.ENSP00000325448	9606.ENSP00000219313	0	0	0	0	0.360	0.099	0	0.509	0.692
KARS1	RARS1	9606.ENSP00000325448	9606.ENSP00000231572	0.113	0	0	0	0.483	0.876	0.900	0.995	0.999
KARS1	PSMC1	9606.ENSP00000325448	9606.ENSP00000261303	0	0	0	0	0.435	0	0	0.071	0.452
KARS1	MARS1	9606.ENSP00000325448	9606.ENSP00000262027	0.049	0	0	0	0.631	0.912	0.900	0.991	0.999
KARS1	RPL8	9606.ENSP00000325448	9606.ENSP00000262584	0.042	0	0	0	0.525	0	0	0.278	0.642
KARS1	RPL3L	9606.ENSP00000325448	9606.ENSP00000268661	0.044	0	0	0	0.567	0	0	0.116	0.602
KARS1	RPS11	9606.ENSP00000325448	9606.ENSP00000270625	0.053	0	0	0	0.444	0	0	0.352	0.629
KARS1	PSMA5	9606.ENSP00000325448	9606.ENSP00000271308	0	0	0	0	0.453	0.057	0	0.102	0.496
KARS1	RPS3	9606.ENSP00000325448	9606.ENSP00000278572	0.042	0	0	0	0.619	0	0	0.373	0.751
KARS1	RPS23	9606.ENSP00000325448	9606.ENSP00000296674	0.061	0	0	0	0.720	0	0	0.360	0.817
KARS1	QARS1	9606.ENSP00000325448	9606.ENSP00000307567	0.106	0	0	0	0.574	0.871	0.900	0.998	0.999
KARS1	PSMD1	9606.ENSP00000325448	9606.ENSP00000309474	0	0	0	0	0.418	0	0	0.108	0.458
KARS1	PSMD2	9606.ENSP00000325448	9606.ENSP00000310129	0	0	0	0	0.449	0.095	0	0.126	0.526
KARS1	PSMC5	9606.ENSP00000325448	9606.ENSP00000310572	0	0	0	0	0.466	0	0	0.071	0.483
KARS1	RPL4	9606.ENSP00000325448	9606.ENSP00000311430	0.043	0	0	0	0.530	0	0	0.086	0.553
KARS1	RPS15A	9606.ENSP00000325448	9606.ENSP00000318646	0.049	0	0	0	0.324	0.073	0	0.150	0.426
KARS1	SHMT1	9606.ENSP00000325448	9606.ENSP00000318868	0.120	0	0	0	0.199	0	0	0.361	0.511
KARS1	RPS21	9606.ENSP00000325448	9606.ENSP00000345957	0	0	0	0	0.186	0.258	0	0.089	0.401
KARS1	RPS7	9606.ENSP00000325448	9606.ENSP00000495273	0	0	0	0	0.373	0.091	0	0.080	0.430
KARS1	PSMD12	9606.ENSP00000325448	9606.ENSP00000348442	0	0	0	0	0.356	0	0	0.162	0.438
KARS1	RPL26L1	9606.ENSP00000325448	9606.ENSP00000428223	0	0	0	0	0.199	0.091	0	0.292	0.439
KARS1	PSMD4	9606.ENSP00000325448	9606.ENSP00000357876	0	0	0	0	0.391	0.095	0	0.090	0.454
KARS1	PSMD14	9606.ENSP00000325448	9606.ENSP00000386541	0	0	0	0	0.342	0.161	0	0.093	0.455
KARS1	PSMC2	9606.ENSP00000325448	9606.ENSP00000391211	0	0	0	0	0.422	0	0	0.116	0.468
KARS1	RPL10	9606.ENSP00000325448	9606.ENSP00000413436	0	0	0	0	0.429	0	0	0.116	0.474
KARS1	RPL27A	9606.ENSP00000325448	9606.ENSP00000346015	0.052	0	0	0	0.450	0	0	0.101	0.490
KARS1	PSMC6	9606.ENSP00000325448	9606.ENSP00000484998	0	0	0	0	0.371	0.086	0	0.238	0.524
KARS1	RPL11	9606.ENSP00000325448	9606.ENSP00000496250	0.048	0	0	0	0.503	0	0	0.107	0.540
KARS1	RPL26	9606.ENSP00000325448	9606.ENSP00000463784	0	0	0	0	0.351	0.091	0	0.292	0.546
KARS1	RPS13	9606.ENSP00000325448	9606.ENSP00000435777	0	0	0	0	0.306	0.091	0	0.349	0.553
KARS1	PSMC3	9606.ENSP00000325448	9606.ENSP00000481029	0	0	0	0	0.433	0.095	0	0.205	0.556
KARS1	RPS14	9606.ENSP00000325448	9606.ENSP00000385958	0.042	0	0	0	0.514	0	0	0.126	0.557
KARS1	RPL23	9606.ENSP00000325448	9606.ENSP00000420311	0.049	0	0	0	0.375	0	0	0.338	0.572
KARS1	RPS2	9606.ENSP00000325448	9606.ENSP00000341885	0.081	0	0	0	0.508	0.094	0	0.101	0.582
KARS1	RPL23A	9606.ENSP00000325448	9606.ENSP00000389103	0.042	0	0	0	0.527	0.094	0	0.127	0.594
KARS1	RPLP0	9606.ENSP00000325448	9606.ENSP00000449328	0	0	0	0	0.506	0	0	0.233	0.604
KARS1	PDHA1	9606.ENSP00000325448	9606.ENSP00000369134	0	0	0	0	0.412	0.211	0	0.214	0.604
KARS1	RPL17	9606.ENSP00000325448	9606.ENSP00000463842	0	0	0	0	0.420	0.161	0	0.252	0.604
KARS1	RPS16	9606.ENSP00000325448	9606.ENSP00000367806	0.043	0	0	0	0.535	0.185	0	0.071	0.618
KARS1	RPL9	9606.ENSP00000325448	9606.ENSP00000494697	0.058	0	0	0	0.535	0.110	0	0.198	0.646
KARS1	RPS18	9606.ENSP00000325448	9606.ENSP00000393241	0.042	0	0	0	0.490	0	0	0.365	0.663
KARS1	RPL7	9606.ENSP00000325448	9606.ENSP00000339795	0	0	0	0	0.533	0	0	0.316	0.667
KARS1	RPL13A	9606.ENSP00000325448	9606.ENSP00000375730	0.057	0	0	0	0.523	0	0	0.337	0.676
KARS1	RPL10A	9606.ENSP00000325448	9606.ENSP00000363018	0	0	0	0	0.651	0	0	0.131	0.684
KARS1	RPL5	9606.ENSP00000325448	9606.ENSP00000359345	0.091	0	0	0	0.639	0	0	0.123	0.687
KARS1	RPL39L	9606.ENSP00000325448	9606.ENSP00000389356	0.106	0	0	0	0.552	0.121	0	0.250	0.700
KARS1	RPL3	9606.ENSP00000325448	9606.ENSP00000346001	0.044	0	0	0	0.660	0	0	0.167	0.705
KARS1	RPL39	9606.ENSP00000325448	9606.ENSP00000355315	0.106	0	0	0	0.562	0.121	0	0.250	0.707
KARS1	RPS20	9606.ENSP00000325448	9606.ENSP00000429374	0	0	0	0	0.682	0.094	0	0.066	0.707
KARS1	RPL12	9606.ENSP00000325448	9606.ENSP00000354739	0	0	0	0	0.572	0	0	0.349	0.709
KARS1	RPS15	9606.ENSP00000325448	9606.ENSP00000466010	0.042	0	0	0	0.708	0	0	0.169	0.747
KARS1	RPS9	9606.ENSP00000325448	9606.ENSP00000375632	0.045	0	0	0	0.747	0.091	0	0.059	0.766
KARS1	RPS5	9606.ENSP00000325448	9606.ENSP00000472985	0.057	0	0	0	0.681	0	0	0.323	0.778
KARS1	SARS1	9606.ENSP00000325448	9606.ENSP00000358939	0.111	0	0	0	0.327	0.103	0	0.806	0.882
KARS1	RPSA	9606.ENSP00000325448	9606.ENSP00000389351	0.070	0	0	0	0.562	0.699	0	0.838	0.977
KARS1	LARS1	9606.ENSP00000325448	9606.ENSP00000377954	0.057	0	0	0	0.327	0.867	0.900	0.994	0.999
KMO	TPH1	9606.ENSP00000355517	9606.ENSP00000250018	0	0	0	0	0.193	0	0	0.467	0.551
KMO	KYAT3	9606.ENSP00000355517	9606.ENSP00000260508	0	0	0	0	0.082	0	0.924	0.746	0.980
KMO	KYNU	9606.ENSP00000355517	9606.ENSP00000264170	0.115	0.707	0.397	0	0.498	0	0.965	0.919	0.999
KMO	TPH2	9606.ENSP00000355517	9606.ENSP00000329093	0	0	0	0	0.193	0	0	0.370	0.470
KMO	TAT	9606.ENSP00000355517	9606.ENSP00000348234	0	0	0	0	0.142	0	0.275	0.212	0.467
KMO	PAH	9606.ENSP00000355517	9606.ENSP00000448059	0	0	0	0	0.239	0	0	0.310	0.453
KMO	TDO2	9606.ENSP00000355517	9606.ENSP00000444788	0.111	0	0	0	0.178	0	0	0.874	0.900
KMO	KYAT1	9606.ENSP00000355517	9606.ENSP00000399415	0	0	0	0	0.082	0	0.924	0.795	0.984
KYAT1	ODC1	9606.ENSP00000399415	9606.ENSP00000234111	0.058	0	0	0	0.207	0	0.262	0.192	0.495
KYAT1	KYAT3	9606.ENSP00000399415	9606.ENSP00000260508	0	0	0.067	0.946	0.054	0	0.900	0.092	0.909
KYAT1	KYNU	9606.ENSP00000399415	9606.ENSP00000264170	0	0	0	0	0.110	0	0.937	0.774	0.986
KYAT1	MTR	9606.ENSP00000399415	9606.ENSP00000355536	0	0	0	0	0.067	0	0.913	0.206	0.929
KYAT1	MAT1A	9606.ENSP00000399415	9606.ENSP00000361287	0.057	0	0	0	0.111	0.095	0.287	0.159	0.462
KYAT1	TST	9606.ENSP00000399415	9606.ENSP00000385828	0	0	0	0	0.048	0	0.900	0.134	0.910
KYAT1	TDO2	9606.ENSP00000399415	9606.ENSP00000444788	0	0	0	0	0.100	0	0.402	0.712	0.831
KYAT1	TXNRD1	9606.ENSP00000399415	9606.ENSP00000434516	0	0	0	0	0.062	0.046	0.907	0.153	0.920
KYAT3	ODC1	9606.ENSP00000260508	9606.ENSP00000234111	0.058	0	0	0	0.207	0	0.262	0.217	0.510
KYAT3	MAT1A	9606.ENSP00000260508	9606.ENSP00000361287	0.057	0	0	0	0.104	0.095	0.287	0.263	0.525
KYAT3	TDO2	9606.ENSP00000260508	9606.ENSP00000444788	0	0	0	0	0.100	0	0.402	0.638	0.788
KYAT3	TST	9606.ENSP00000260508	9606.ENSP00000385828	0	0	0	0	0.042	0	0.900	0.134	0.909
KYAT3	TXNRD1	9606.ENSP00000260508	9606.ENSP00000434516	0	0	0	0	0.067	0.046	0.907	0.129	0.918
KYAT3	MTR	9606.ENSP00000260508	9606.ENSP00000355536	0	0	0	0	0.079	0	0.913	0.222	0.932
KYAT3	KYNU	9606.ENSP00000260508	9606.ENSP00000264170	0	0	0	0	0.112	0	0.937	0.708	0.982
KYNU	PDHX	9606.ENSP00000264170	9606.ENSP00000227868	0	0.347	0	0	0.081	0	0	0.208	0.484
KYNU	TPH1	9606.ENSP00000264170	9606.ENSP00000250018	0.044	0	0	0	0.184	0	0	0.474	0.554
KYNU	TPH2	9606.ENSP00000264170	9606.ENSP00000329093	0.044	0	0	0	0.217	0	0	0.286	0.419
KYNU	PAH	9606.ENSP00000264170	9606.ENSP00000448059	0.044	0	0	0	0.222	0	0	0.292	0.427
KYNU	TAT	9606.ENSP00000264170	9606.ENSP00000348234	0	0	0	0	0.170	0	0.402	0.289	0.616
KYNU	TDO2	9606.ENSP00000264170	9606.ENSP00000444788	0.231	0	0.207	0	0.786	0	0.900	0.873	0.998
LARS1	RARS1	9606.ENSP00000377954	9606.ENSP00000231572	0.061	0.108	0	0	0.349	0.885	0.900	0.982	0.999
LARS1	MARS1	9606.ENSP00000377954	9606.ENSP00000262027	0.106	0	0	0	0.639	0.878	0.900	0.992	0.999
LARS1	RPS11	9606.ENSP00000377954	9606.ENSP00000270625	0	0	0	0	0.155	0.133	0	0.349	0.481
LARS1	RPS3	9606.ENSP00000377954	9606.ENSP00000278572	0	0	0	0	0.325	0.178	0	0.387	0.630
LARS1	RPS23	9606.ENSP00000377954	9606.ENSP00000296674	0	0	0	0	0.125	0.127	0	0.292	0.412
LARS1	QARS1	9606.ENSP00000377954	9606.ENSP00000307567	0	0.041	0	0	0.326	0.899	0.900	0.991	0.999
LARS1	RPL4	9606.ENSP00000377954	9606.ENSP00000311430	0	0	0	0	0.295	0.144	0	0.187	0.466
LARS1	RPL7	9606.ENSP00000377954	9606.ENSP00000339795	0	0	0	0	0.275	0.130	0	0.459	0.629
LARS1	RPS2	9606.ENSP00000377954	9606.ENSP00000341885	0	0	0	0	0.210	0.147	0	0.318	0.501
LARS1	RPL12	9606.ENSP00000377954	9606.ENSP00000354739	0.057	0	0	0	0.222	0.130	0	0.207	0.426
LARS1	RPL39	9606.ENSP00000377954	9606.ENSP00000355315	0	0	0	0	0.229	0.305	0	0.194	0.530
LARS1	OAT	9606.ENSP00000377954	9606.ENSP00000357838	0.090	0	0	0	0.303	0	0	0.167	0.426
LARS1	SARS1	9606.ENSP00000377954	9606.ENSP00000358939	0.081	0	0	0	0.279	0	0	0.907	0.933
LARS1	RPL5	9606.ENSP00000377954	9606.ENSP00000359345	0	0	0	0	0.334	0	0	0.349	0.548
LARS1	RPL10A	9606.ENSP00000377954	9606.ENSP00000363018	0.060	0	0	0	0.328	0	0	0.240	0.478
LARS1	RPS16	9606.ENSP00000377954	9606.ENSP00000367806	0	0	0	0	0.265	0.275	0	0.187	0.529
LARS1	RPS6	9606.ENSP00000377954	9606.ENSP00000369757	0	0	0	0	0.138	0.242	0	0.261	0.476
LARS1	RPS9	9606.ENSP00000377954	9606.ENSP00000375632	0	0	0	0	0.264	0.127	0	0.281	0.498
LARS1	RPL13A	9606.ENSP00000377954	9606.ENSP00000375730	0.057	0	0	0	0.170	0.085	0	0.316	0.445
LARS1	RPS5	9606.ENSP00000377954	9606.ENSP00000472985	0	0	0	0	0.246	0	0	0.240	0.403
LARS1	RPS20	9606.ENSP00000377954	9606.ENSP00000429374	0	0	0	0	0.210	0.176	0	0.165	0.409
LARS1	RPL9	9606.ENSP00000377954	9606.ENSP00000494697	0.044	0	0	0	0.214	0	0	0.281	0.412
LARS1	RPSA	9606.ENSP00000377954	9606.ENSP00000389351	0.077	0	0	0	0.115	0.138	0	0.285	0.430
LARS1	RPL23A	9606.ENSP00000377954	9606.ENSP00000389103	0.043	0	0	0	0.277	0.091	0	0.222	0.445
LARS1	RPL17	9606.ENSP00000377954	9606.ENSP00000463842	0	0	0	0	0.313	0	0	0.240	0.455
LARS1	RPS13	9606.ENSP00000377954	9606.ENSP00000435777	0.073	0	0	0	0.132	0.227	0	0.240	0.464
LARS1	RPL23	9606.ENSP00000377954	9606.ENSP00000420311	0	0	0	0	0.215	0	0	0.368	0.482
LARS1	RPLP0	9606.ENSP00000377954	9606.ENSP00000449328	0.069	0	0	0	0.174	0.162	0	0.300	0.489
LARS1	RPL39L	9606.ENSP00000377954	9606.ENSP00000389356	0	0	0	0	0.210	0.305	0	0.194	0.519
LARS1	RPS18	9606.ENSP00000377954	9606.ENSP00000393241	0	0	0	0	0.277	0.089	0	0.349	0.533
LARS1	RPL11	9606.ENSP00000377954	9606.ENSP00000496250	0	0	0	0	0.312	0	0	0.374	0.551
LARS1	RPS15	9606.ENSP00000377954	9606.ENSP00000466010	0	0	0	0	0.370	0.236	0	0.344	0.657
LARS1	RPS14	9606.ENSP00000377954	9606.ENSP00000385958	0	0	0	0	0.264	0.151	0	0.926	0.950
LIAS	PDHX	9606.ENSP00000492260	9606.ENSP00000227868	0.095	0	0	0	0.138	0	0	0.537	0.608
LIAS	PDHB	9606.ENSP00000492260	9606.ENSP00000307241	0.111	0	0	0	0.117	0	0	0.429	0.513
LIAS	LIPT2	9606.ENSP00000492260	9606.ENSP00000309463	0.111	0	0.236	0	0.074	0	0.956	0.846	0.995
LIAS	PDHA1	9606.ENSP00000492260	9606.ENSP00000369134	0	0	0	0	0.116	0.163	0	0.389	0.509
LIAS	RPL13A	9606.ENSP00000492260	9606.ENSP00000375730	0.059	0.657	0	0	0.053	0	0	0	0.667
LIAS	LIPT1	9606.ENSP00000492260	9606.ENSP00000377115	0.120	0	0	0	0.440	0	0.978	0.846	0.998
LIAS	SUOX	9606.ENSP00000492260	9606.ENSP00000377668	0.057	0	0	0	0.049	0	0	0.415	0.430
LIAS	OGDH	9606.ENSP00000492260	9606.ENSP00000388183	0.052	0	0	0	0.048	0	0	0.520	0.529
LIAS	RPL9	9606.ENSP00000492260	9606.ENSP00000494697	0	0	0	0	0.048	0	0	0.425	0.429
LIPT1	PDHX	9606.ENSP00000377115	9606.ENSP00000227868	0.111	0	0	0	0.227	0.122	0.400	0.608	0.832
LIPT1	PDHB	9606.ENSP00000377115	9606.ENSP00000307241	0.120	0.026	0	0	0.265	0	0.400	0.593	0.821
LIPT1	LIPT2	9606.ENSP00000377115	9606.ENSP00000309463	0.061	0	0	0	0.049	0.071	0.978	0.912	0.998
LIPT1	PDHA1	9606.ENSP00000377115	9606.ENSP00000369134	0	0	0	0	0.055	0	0.400	0.471	0.673
LIPT1	NDUFAB1	9606.ENSP00000377115	9606.ENSP00000458770	0.061	0	0	0	0.042	0	0	0.392	0.406
LIPT1	TXNRD1	9606.ENSP00000377115	9606.ENSP00000434516	0.106	0	0	0	0.193	0	0	0.251	0.412
LIPT1	PSTK	9606.ENSP00000377115	9606.ENSP00000384653	0	0	0	0	0.464	0	0	0	0.463
LIPT1	OGDH	9606.ENSP00000377115	9606.ENSP00000388183	0.109	0	0	0	0	0	0.400	0.312	0.600
LIPT2	PDHX	9606.ENSP00000309463	9606.ENSP00000227868	0.095	0	0	0	0.074	0.052	0	0.542	0.587
LIPT2	PDHB	9606.ENSP00000309463	9606.ENSP00000307241	0.111	0	0	0	0	0	0	0.434	0.475
LIPT2	NDUFAB1	9606.ENSP00000309463	9606.ENSP00000458770	0.057	0	0	0	0	0.114	0.750	0.337	0.843
MARS1	PSMA3	9606.ENSP00000262027	9606.ENSP00000216455	0	0	0	0	0.428	0	0	0.161	0.500
MARS1	PSMA2	9606.ENSP00000262027	9606.ENSP00000223321	0	0	0	0	0.396	0.071	0	0.086	0.442
MARS1	RPS12	9606.ENSP00000262027	9606.ENSP00000230050	0	0	0	0	0.241	0.113	0	0.189	0.407
MARS1	RARS1	9606.ENSP00000262027	9606.ENSP00000231572	0.107	0	0	0	0.252	0.891	0.900	0.941	0.999
MARS1	ODC1	9606.ENSP00000262027	9606.ENSP00000234111	0.073	0	0	0	0.140	0.065	0	0.298	0.407
MARS1	PSMD11	9606.ENSP00000262027	9606.ENSP00000261712	0	0	0	0	0.431	0.067	0	0	0.446
MARS1	TXNRD1	9606.ENSP00000262027	9606.ENSP00000434516	0.093	0	0	0	0.100	0.053	0.114	0.259	0.400
MARS1	SMS	9606.ENSP00000262027	9606.ENSP00000385746	0.088	0	0	0	0.161	0.053	0	0.278	0.406
MARS1	RPS7	9606.ENSP00000262027	9606.ENSP00000495273	0	0	0	0	0.275	0.113	0	0.156	0.410
MARS1	RPL31	9606.ENSP00000262027	9606.ENSP00000386717	0	0	0	0	0.307	0.132	0	0.102	0.412
MARS1	RPL26	9606.ENSP00000262027	9606.ENSP00000463784	0.051	0	0	0	0.270	0.092	0	0.178	0.413
MARS1	RPS14	9606.ENSP00000262027	9606.ENSP00000385958	0.046	0	0	0	0.162	0.160	0	0.229	0.413
MARS1	RPS6	9606.ENSP00000262027	9606.ENSP00000369757	0.059	0	0	0	0.297	0.173	0	0.057	0.415
MARS1	RPL6	9606.ENSP00000262027	9606.ENSP00000403172	0	0	0	0	0.305	0.112	0	0.131	0.417
MARS1	SRM	9606.ENSP00000262027	9606.ENSP00000366156	0.088	0	0	0	0.140	0.053	0	0.317	0.425
MARS1	RPL10A	9606.ENSP00000262027	9606.ENSP00000363018	0.056	0	0	0	0.245	0.094	0	0.218	0.427
MARS1	PSMA7	9606.ENSP00000262027	9606.ENSP00000359910	0	0	0	0	0.399	0	0	0.090	0.430
MARS1	PSMD4	9606.ENSP00000262027	9606.ENSP00000357876	0	0	0	0	0.394	0.092	0	0.052	0.433
MARS1	PSMA1	9606.ENSP00000262027	9606.ENSP00000414359	0	0	0	0	0.360	0	0	0.156	0.437
MARS1	RPL7A	9606.ENSP00000262027	9606.ENSP00000361076	0	0	0	0	0.374	0.102	0	0.078	0.437
MARS1	RPL4	9606.ENSP00000262027	9606.ENSP00000311430	0.045	0	0	0	0.321	0.139	0	0.113	0.438
MARS1	RPL3L	9606.ENSP00000262027	9606.ENSP00000268661	0	0	0	0	0.190	0.094	0	0.304	0.444
MARS1	RPS3A	9606.ENSP00000262027	9606.ENSP00000346050	0	0	0	0	0.346	0.081	0	0.155	0.448
MARS1	PSMA5	9606.ENSP00000262027	9606.ENSP00000271308	0	0	0	0	0.424	0	0	0.090	0.453
MARS1	RPL27	9606.ENSP00000262027	9606.ENSP00000464813	0	0	0	0	0.371	0.098	0	0.116	0.454
MARS1	RPL18	9606.ENSP00000262027	9606.ENSP00000447001	0	0	0	0	0.411	0.095	0	0.079	0.466
MARS1	PSMD1	9606.ENSP00000262027	9606.ENSP00000309474	0	0	0	0	0.431	0	0	0.102	0.467
MARS1	SHMT1	9606.ENSP00000262027	9606.ENSP00000318868	0.118	0	0	0	0.110	0	0	0.377	0.468
MARS1	RPL14	9606.ENSP00000262027	9606.ENSP00000379506	0	0	0	0	0.330	0.098	0	0.195	0.472
MARS1	RPS4X	9606.ENSP00000262027	9606.ENSP00000362744	0	0	0	0	0.380	0.125	0	0.114	0.477
MARS1	PSMD2	9606.ENSP00000262027	9606.ENSP00000310129	0	0	0	0	0.422	0.075	0	0.102	0.477
MARS1	RPS23	9606.ENSP00000262027	9606.ENSP00000296674	0.043	0	0	0	0.279	0.068	0	0.284	0.478
MARS1	RPL12	9606.ENSP00000262027	9606.ENSP00000354739	0.052	0	0	0	0.266	0	0	0.312	0.479
MARS1	RPS20	9606.ENSP00000262027	9606.ENSP00000429374	0.041	0	0	0	0.333	0.123	0	0.183	0.480
MARS1	RPL8	9606.ENSP00000262027	9606.ENSP00000262584	0	0	0	0	0.214	0.086	0	0.349	0.491
MARS1	MAT1A	9606.ENSP00000262027	9606.ENSP00000361287	0.106	0	0	0	0.124	0	0	0.408	0.496
MARS1	RPS16	9606.ENSP00000262027	9606.ENSP00000367806	0.045	0	0	0	0.330	0.232	0	0.114	0.507
MARS1	RPL23	9606.ENSP00000262027	9606.ENSP00000420311	0.057	0	0	0	0.248	0.068	0	0.353	0.515
MARS1	RPL3	9606.ENSP00000262027	9606.ENSP00000346001	0	0	0	0	0.293	0.094	0	0.304	0.515
MARS1	PSMD14	9606.ENSP00000262027	9606.ENSP00000386541	0	0	0	0	0.314	0.275	0	0.108	0.518
MARS1	RPS5	9606.ENSP00000262027	9606.ENSP00000472985	0.042	0	0	0	0.353	0.100	0	0.240	0.519
MARS1	PSAT1	9606.ENSP00000262027	9606.ENSP00000365773	0.115	0	0	0	0.208	0.053	0	0.363	0.520
MARS1	RPS13	9606.ENSP00000262027	9606.ENSP00000435777	0.052	0	0	0	0.292	0.094	0	0.328	0.537
MARS1	RPS8	9606.ENSP00000262027	9606.ENSP00000379888	0	0	0	0	0.414	0.094	0	0.210	0.544
MARS1	RPS11	9606.ENSP00000262027	9606.ENSP00000270625	0.057	0	0	0	0.288	0.088	0	0.350	0.549
MARS1	RPS15	9606.ENSP00000262027	9606.ENSP00000466010	0.060	0	0	0	0.268	0.125	0	0.349	0.556
MARS1	RPL27A	9606.ENSP00000262027	9606.ENSP00000346015	0	0	0	0	0.379	0.230	0	0.160	0.564
MARS1	RPL9	9606.ENSP00000262027	9606.ENSP00000494697	0.042	0	0	0	0.405	0.113	0	0.245	0.567
MARS1	RPS9	9606.ENSP00000262027	9606.ENSP00000375632	0	0	0	0	0.334	0.092	0	0.349	0.572
MARS1	RPL13	9606.ENSP00000262027	9606.ENSP00000307889	0	0	0	0	0.452	0.259	0	0	0.577
MARS1	RPL7	9606.ENSP00000262027	9606.ENSP00000339795	0	0	0	0	0.410	0.179	0	0.244	0.601
MARS1	RPL11	9606.ENSP00000262027	9606.ENSP00000496250	0.057	0	0	0	0.342	0.094	0	0.385	0.608
MARS1	RPS18	9606.ENSP00000262027	9606.ENSP00000393241	0.054	0	0	0	0.261	0.266	0	0.350	0.622
MARS1	RPL13A	9606.ENSP00000262027	9606.ENSP00000375730	0.193	0	0	0	0.382	0.094	0	0.263	0.622
MARS1	RPLP0	9606.ENSP00000262027	9606.ENSP00000449328	0.041	0	0	0	0.388	0.220	0	0.303	0.638
MARS1	RPS2	9606.ENSP00000262027	9606.ENSP00000341885	0.042	0	0	0	0.501	0.114	0	0.306	0.667
MARS1	RPS3	9606.ENSP00000262027	9606.ENSP00000278572	0.060	0	0	0	0.475	0.220	0	0.350	0.716
MARS1	RPSA	9606.ENSP00000262027	9606.ENSP00000389351	0	0	0	0	0.543	0.165	0	0.337	0.725
MARS1	RPL39	9606.ENSP00000262027	9606.ENSP00000355315	0.074	0	0	0	0.292	0.519	0	0.251	0.732
MARS1	RPL39L	9606.ENSP00000262027	9606.ENSP00000389356	0.074	0	0	0	0.296	0.519	0	0.251	0.733
MARS1	RPL5	9606.ENSP00000262027	9606.ENSP00000359345	0.046	0	0	0	0.583	0.231	0	0.298	0.757
MARS1	SARS1	9606.ENSP00000262027	9606.ENSP00000358939	0.114	0	0	0	0.432	0.054	0	0.806	0.895
MARS1	MTR	9606.ENSP00000262027	9606.ENSP00000355536	0.042	0	0	0	0.123	0	0.900	0.439	0.946
MARS1	QARS1	9606.ENSP00000262027	9606.ENSP00000307567	0.074	0	0	0	0.311	0.932	0.900	0.987	0.999
MAT1A	MRI1	9606.ENSP00000361287	9606.ENSP00000040663	0.119	0	0	0	0	0	0	0.348	0.401
MAT1A	ODC1	9606.ENSP00000361287	9606.ENSP00000234111	0	0	0	0	0.108	0	0	0.438	0.478
MAT1A	PCBD1	9606.ENSP00000361287	9606.ENSP00000299299	0	0	0	0	0.088	0	0	0.370	0.401
MAT1A	SHMT1	9606.ENSP00000361287	9606.ENSP00000318868	0.057	0	0	0	0.457	0.085	0	0.583	0.778
MAT1A	TAT	9606.ENSP00000361287	9606.ENSP00000348234	0.057	0	0	0	0.169	0.095	0.925	0.230	0.952
MAT1A	MTR	9606.ENSP00000361287	9606.ENSP00000355536	0.100	0	0	0	0.067	0	0.942	0.731	0.985
MAT1A	OAT	9606.ENSP00000361287	9606.ENSP00000357838	0	0	0	0	0	0	0.238	0.470	0.579
MAT1A	PAH	9606.ENSP00000361287	9606.ENSP00000448059	0	0	0	0	0.263	0	0	0.239	0.415
MAT1A	PHGDH	9606.ENSP00000361287	9606.ENSP00000493382	0.042	0	0	0	0.156	0.091	0	0.310	0.425
MAT1A	PSAT1	9606.ENSP00000361287	9606.ENSP00000365773	0	0	0	0	0.072	0.091	0	0.411	0.460
MAT1A	MTAP	9606.ENSP00000361287	9606.ENSP00000494373	0.081	0	0	0	0.134	0	0	0.432	0.508
MAT1A	MTRR	9606.ENSP00000361287	9606.ENSP00000402510	0	0	0	0	0.057	0	0	0.571	0.578
MAT1A	SMS	9606.ENSP00000361287	9606.ENSP00000385746	0.107	0	0	0	0.129	0	0.585	0.485	0.811
MAT1A	SRM	9606.ENSP00000361287	9606.ENSP00000366156	0.107	0	0	0	0.129	0	0.585	0.549	0.835
MCCC1	OTC	9606.ENSP00000265594	9606.ENSP00000039007	0.045	0	0	0	0	0.165	0.673	0.119	0.739
MCCC1	PDHX	9606.ENSP00000265594	9606.ENSP00000227868	0.054	0	0	0	0.168	0.071	0.217	0.240	0.486
MCCC1	NAGS	9606.ENSP00000265594	9606.ENSP00000293404	0.070	0	0	0	0.057	0	0	0.394	0.422
MCCC1	NDUFAB1	9606.ENSP00000265594	9606.ENSP00000458770	0.102	0	0	0	0.127	0	0.179	0.214	0.426
MCCC1	PDHB	9606.ENSP00000265594	9606.ENSP00000307241	0.097	0	0	0	0.126	0.297	0.130	0.224	0.557
MCCC1	MCCC2	9606.ENSP00000265594	9606.ENSP00000343657	0.102	0.831	0	0	0.584	0.923	0.967	0.985	0.999
MCCC2	PDHX	9606.ENSP00000343657	9606.ENSP00000227868	0.057	0	0	0	0.157	0	0.414	0.268	0.614
MCCC2	PDHB	9606.ENSP00000343657	9606.ENSP00000307241	0.099	0	0	0	0.122	0	0.585	0.218	0.708
MCCC2	PDHA1	9606.ENSP00000343657	9606.ENSP00000369134	0	0	0	0	0.073	0.163	0	0.294	0.404
MCCC2	NDUFAB1	9606.ENSP00000343657	9606.ENSP00000458770	0.111	0	0	0	0.121	0	0.282	0.281	0.542
MRI1	SMS	9606.ENSP00000040663	9606.ENSP00000385746	0.117	0	0	0	0.127	0	0	0.349	0.454
MRI1	MTR	9606.ENSP00000040663	9606.ENSP00000355536	0	0	0	0	0.311	0	0	0.410	0.576
MRI1	SRM	9606.ENSP00000040663	9606.ENSP00000366156	0.117	0	0.274	0	0.126	0	0	0.420	0.632
MRI1	MTAP	9606.ENSP00000040663	9606.ENSP00000494373	0.120	0	0	0	0.108	0	0.978	0.541	0.991
MTAP	ODC1	9606.ENSP00000494373	9606.ENSP00000234111	0.102	0	0	0	0	0	0	0.561	0.589
MTAP	TYR	9606.ENSP00000494373	9606.ENSP00000263321	0	0	0	0	0	0	0	0.719	0.719
MTAP	SLC45A2	9606.ENSP00000494373	9606.ENSP00000296589	0	0	0	0	0	0	0	0.646	0.646
MTAP	RPS3A	9606.ENSP00000494373	9606.ENSP00000346050	0.057	0	0	0	0.042	0	0	0.555	0.562
MTAP	OCA2	9606.ENSP00000494373	9606.ENSP00000346659	0.046	0	0	0	0	0	0	0.622	0.623
MTAP	SRM	9606.ENSP00000494373	9606.ENSP00000366156	0.105	0	0	0	0.129	0	0.956	0.625	0.985
MTAP	TYRP1	9606.ENSP00000494373	9606.ENSP00000373570	0	0	0	0	0.047	0	0	0.663	0.665
MTAP	SMS	9606.ENSP00000494373	9606.ENSP00000385746	0.105	0	0	0	0.122	0	0.956	0.640	0.986
MTR	PDHX	9606.ENSP00000355536	9606.ENSP00000227868	0	0	0	0	0.099	0	0.352	0.133	0.449
MTR	ODC1	9606.ENSP00000355536	9606.ENSP00000234111	0.042	0	0	0	0.140	0	0	0.339	0.409
MTR	PAPSS1	9606.ENSP00000355536	9606.ENSP00000265174	0.057	0	0	0	0.102	0	0	0.373	0.423
MTR	PIPOX	9606.ENSP00000355536	9606.ENSP00000317721	0	0	0	0	0.070	0	0.352	0.239	0.501
MTR	SHMT1	9606.ENSP00000355536	9606.ENSP00000318868	0	0	0	0	0	0	0.942	0.908	0.994
MTR	TAT	9606.ENSP00000355536	9606.ENSP00000348234	0	0	0	0	0.067	0	0.913	0.185	0.928
MTR	TST	9606.ENSP00000355536	9606.ENSP00000385828	0	0	0	0	0	0	0.279	0.211	0.407
MTR	PSPH	9606.ENSP00000355536	9606.ENSP00000378854	0.059	0	0	0	0	0	0	0.405	0.417
MTR	PSAT1	9606.ENSP00000355536	9606.ENSP00000365773	0	0	0	0	0.049	0	0	0.419	0.424
MTR	OAT	9606.ENSP00000355536	9606.ENSP00000357838	0.054	0	0	0	0.137	0	0	0.362	0.434
MTR	TXNRD1	9606.ENSP00000355536	9606.ENSP00000434516	0	0	0	0	0.042	0	0.312	0.258	0.468
MTR	PHGDH	9606.ENSP00000355536	9606.ENSP00000493382	0	0	0	0	0.295	0	0	0.368	0.535
MTR	SAT1	9606.ENSP00000355536	9606.ENSP00000368572	0	0	0	0	0.045	0	0	0.542	0.544
MTR	MTRR	9606.ENSP00000355536	9606.ENSP00000402510	0.053	0	0	0	0.127	0.624	0.700	0.993	0.999
MTRR	PAPSS1	9606.ENSP00000402510	9606.ENSP00000265174	0.079	0	0	0	0.559	0.150	0	0.181	0.679
MTRR	SHMT1	9606.ENSP00000402510	9606.ENSP00000318868	0.044	0	0	0	0.071	0	0	0.927	0.929
MTRR	SMS	9606.ENSP00000402510	9606.ENSP00000385746	0	0	0	0	0.044	0.778	0	0.229	0.822
MTRR	PAPSS2	9606.ENSP00000402510	9606.ENSP00000406157	0.079	0	0	0	0.556	0	0	0.181	0.635
NAGS	OTC	9606.ENSP00000293404	9606.ENSP00000039007	0.231	0	0	0	0.779	0	0.231	0.850	0.977
NAGS	RARS1	9606.ENSP00000293404	9606.ENSP00000231572	0.050	0	0	0	0.205	0	0.789	0	0.826
NAGS	ODC1	9606.ENSP00000293404	9606.ENSP00000234111	0.114	0	0	0	0.110	0	0	0.455	0.532
NAGS	TAT	9606.ENSP00000293404	9606.ENSP00000348234	0.057	0	0	0	0.103	0	0.177	0.268	0.422
NAGS	PSAT1	9606.ENSP00000293404	9606.ENSP00000365773	0	0	0	0	0	0	0	0.426	0.426
NAGS	PYCR1	9606.ENSP00000293404	9606.ENSP00000384949	0.102	0	0	0	0	0	0	0.403	0.441
NAGS	SRM	9606.ENSP00000293404	9606.ENSP00000366156	0	0	0	0	0	0	0	0.454	0.454
NAGS	SMS	9606.ENSP00000293404	9606.ENSP00000385746	0	0	0	0	0	0	0	0.456	0.456
NAGS	SHMT1	9606.ENSP00000293404	9606.ENSP00000318868	0	0	0	0	0.042	0	0	0.456	0.457
NAGS	PSPH	9606.ENSP00000293404	9606.ENSP00000378854	0	0	0	0	0.213	0	0	0.377	0.488
NAGS	PRODH	9606.ENSP00000293404	9606.ENSP00000349577	0	0	0	0	0.081	0	0	0.475	0.497
NAGS	SLC25A15	9606.ENSP00000293404	9606.ENSP00000342267	0	0	0	0	0.130	0	0	0.696	0.724
NAGS	OAT	9606.ENSP00000293404	9606.ENSP00000357838	0.231	0	0	0	0.962	0	0.809	0.626	0.997
NDUFAB1	PDHX	9606.ENSP00000458770	9606.ENSP00000227868	0.079	0	0	0	0.249	0	0	0.296	0.470
NDUFAB1	RPL3L	9606.ENSP00000458770	9606.ENSP00000268661	0.046	0	0	0	0.149	0.491	0	0.234	0.641
NDUFAB1	RPS11	9606.ENSP00000458770	9606.ENSP00000270625	0	0	0	0	0.224	0.319	0	0.050	0.454
NDUFAB1	PSMA5	9606.ENSP00000458770	9606.ENSP00000271308	0	0	0	0	0.364	0	0	0.184	0.459
NDUFAB1	RPS23	9606.ENSP00000458770	9606.ENSP00000296674	0	0	0	0	0.377	0	0	0.263	0.521
NDUFAB1	PDHB	9606.ENSP00000458770	9606.ENSP00000307241	0.108	0	0	0	0.420	0.301	0	0.367	0.741
NDUFAB1	RPL3	9606.ENSP00000458770	9606.ENSP00000346001	0.046	0	0	0	0.180	0.491	0	0.179	0.629
NDUFAB1	RPL12	9606.ENSP00000458770	9606.ENSP00000354739	0	0	0	0	0.315	0.438	0	0.117	0.630
NDUFAB1	SARS1	9606.ENSP00000458770	9606.ENSP00000358939	0.092	0	0	0	0.060	0.514	0	0.160	0.604
NDUFAB1	PDHA1	9606.ENSP00000458770	9606.ENSP00000369134	0.057	0	0	0	0.246	0.300	0	0.382	0.652
NDUFAB1	RPL13A	9606.ENSP00000458770	9606.ENSP00000375730	0	0	0	0	0.410	0.498	0	0.045	0.692
NDUFAB1	RPS29	9606.ENSP00000458770	9606.ENSP00000379339	0	0	0	0	0.322	0	0	0.159	0.405
NDUFAB1	PSMD14	9606.ENSP00000458770	9606.ENSP00000386541	0	0	0	0	0.501	0	0	0.058	0.510
NDUFAB1	OGDH	9606.ENSP00000458770	9606.ENSP00000388183	0	0	0	0	0.054	0.287	0	0.358	0.529
NDUFAB1	RPS18	9606.ENSP00000458770	9606.ENSP00000393241	0	0	0	0	0.469	0	0	0.334	0.631
NDUFAB1	RPL23	9606.ENSP00000458770	9606.ENSP00000420311	0	0	0	0	0.442	0.753	0	0.066	0.860
NDUFAB1	RPL26L1	9606.ENSP00000458770	9606.ENSP00000428223	0	0	0	0	0.342	0.498	0	0	0.655
NDUFAB1	RPS20	9606.ENSP00000458770	9606.ENSP00000429374	0	0	0	0	0.288	0	0	0.260	0.450
NDUFAB1	RPLP0	9606.ENSP00000458770	9606.ENSP00000449328	0	0	0	0	0.533	0	0	0.208	0.615
NDUFAB1	NMRAL1	9606.ENSP00000458770	9606.ENSP00000458762	0	0	0	0	0.211	0.477	0.217	0.163	0.693
NDUFAB1	RPL26	9606.ENSP00000458770	9606.ENSP00000463784	0	0	0	0	0.278	0.498	0	0	0.622
NDUFAB1	SCLY	9606.ENSP00000458770	9606.ENSP00000499199	0	0	0	0	0.048	0.498	0	0.284	0.627
NQO1	ODC1	9606.ENSP00000319788	9606.ENSP00000234111	0.061	0	0	0	0.049	0	0.900	0.530	0.952
NQO1	SAT1	9606.ENSP00000319788	9606.ENSP00000368572	0.053	0	0	0	0.042	0	0	0.500	0.506
NQO1	TXNRD1	9606.ENSP00000319788	9606.ENSP00000434516	0	0	0	0	0.211	0	0	0.761	0.803
OAT	OTC	9606.ENSP00000357838	9606.ENSP00000039007	0.231	0.704	0	0	0.429	0	0.787	0.667	0.989
OAT	PYCR3	9606.ENSP00000357838	9606.ENSP00000220966	0.102	0	0	0	0.319	0	0	0.678	0.786
OAT	RARS1	9606.ENSP00000357838	9606.ENSP00000231572	0.061	0	0	0	0.055	0	0.775	0.307	0.843
OAT	ODC1	9606.ENSP00000357838	9606.ENSP00000234111	0.115	0	0	0	0.062	0	0.932	0.783	0.986
OAT	SLC25A2	9606.ENSP00000357838	9606.ENSP00000239451	0	0	0	0	0	0	0	0.546	0.546
OAT	SHMT1	9606.ENSP00000357838	9606.ENSP00000318868	0.111	0	0	0	0.113	0	0	0.471	0.547
OAT	SLC25A15	9606.ENSP00000357838	9606.ENSP00000342267	0	0	0	0	0.042	0	0	0.657	0.657
OAT	PYCR2	9606.ENSP00000357838	9606.ENSP00000342502	0.102	0	0	0	0.319	0	0	0.625	0.751
OAT	TAT	9606.ENSP00000357838	9606.ENSP00000348234	0.058	0	0	0	0.087	0	0	0.570	0.597
OAT	PRODH	9606.ENSP00000357838	9606.ENSP00000349577	0.109	0	0	0	0.055	0	0.673	0.843	0.951
OAT	PSPH	9606.ENSP00000357838	9606.ENSP00000378854	0.057	0	0	0	0	0	0	0.406	0.416
OAT	PSAT1	9606.ENSP00000357838	9606.ENSP00000365773	0.102	0	0	0	0.042	0	0	0.463	0.498
OAT	SRM	9606.ENSP00000357838	9606.ENSP00000366156	0	0	0	0	0	0	0	0.665	0.665
OAT	SMS	9606.ENSP00000357838	9606.ENSP00000385746	0	0	0	0	0.074	0	0	0.664	0.676
OAT	PYCR1	9606.ENSP00000357838	9606.ENSP00000384949	0.102	0	0	0	0.319	0	0	0.712	0.808
OAZ1	PSMA4	9606.ENSP00000473381	9606.ENSP00000044462	0	0	0	0	0.070	0	0.400	0.052	0.425
OAZ1	PSMC4	9606.ENSP00000473381	9606.ENSP00000157812	0	0	0	0	0.116	0	0.400	0.166	0.519
OAZ1	PSMD5	9606.ENSP00000473381	9606.ENSP00000210313	0	0	0	0	0	0	0.400	0	0.400
OAZ1	PSMD8	9606.ENSP00000473381	9606.ENSP00000215071	0	0	0	0	0.167	0	0.400	0	0.479
OAZ1	PSMA3	9606.ENSP00000473381	9606.ENSP00000216455	0	0	0	0	0.139	0	0.400	0.088	0.488
OAZ1	PSME2	9606.ENSP00000473381	9606.ENSP00000216802	0	0	0	0	0.097	0	0.400	0	0.435
OAZ1	PSMD10	9606.ENSP00000473381	9606.ENSP00000217958	0	0	0	0	0	0	0.400	0	0.400
OAZ1	PSMD7	9606.ENSP00000473381	9606.ENSP00000219313	0	0	0	0	0.124	0	0.400	0.041	0.452
OAZ1	PSMA2	9606.ENSP00000473381	9606.ENSP00000223321	0	0	0	0	0.123	0	0.400	0	0.451
OAZ1	RPL19	9606.ENSP00000473381	9606.ENSP00000225430	0	0	0	0	0.428	0	0	0.540	0.726
OAZ1	RPS12	9606.ENSP00000473381	9606.ENSP00000230050	0	0	0	0	0.316	0	0	0.265	0.475
OAZ1	ODC1	9606.ENSP00000473381	9606.ENSP00000234111	0	0	0	0	0.086	0.961	0.500	0.970	0.999
OAZ1	PSMB7	9606.ENSP00000473381	9606.ENSP00000259457	0	0	0	0	0.073	0	0.400	0.081	0.444
OAZ1	PSMC1	9606.ENSP00000473381	9606.ENSP00000261303	0	0	0	0	0.138	0	0.400	0	0.461
OAZ1	PSMA6	9606.ENSP00000473381	9606.ENSP00000261479	0	0	0	0	0.124	0	0.400	0	0.452
OAZ1	PSMD11	9606.ENSP00000473381	9606.ENSP00000261712	0	0	0	0	0.042	0	0.400	0	0.400
OAZ1	PSMB1	9606.ENSP00000473381	9606.ENSP00000262193	0	0	0	0	0.149	0	0.400	0	0.468
OAZ1	RPL8	9606.ENSP00000473381	9606.ENSP00000262584	0	0	0	0	0.343	0	0	0.161	0.426
OAZ1	PSMD3	9606.ENSP00000473381	9606.ENSP00000264639	0	0	0	0	0.108	0	0.400	0.090	0.470
OAZ1	PSMB6	9606.ENSP00000473381	9606.ENSP00000270586	0	0	0	0	0.373	0	0.400	0.221	0.681
OAZ1	RPS11	9606.ENSP00000473381	9606.ENSP00000270625	0	0	0	0	0.354	0	0	0.128	0.413
OAZ1	PSMA5	9606.ENSP00000473381	9606.ENSP00000271308	0	0	0	0	0.140	0	0.400	0	0.462
OAZ1	PAOX	9606.ENSP00000473381	9606.ENSP00000278060	0	0	0	0	0	0	0	0.439	0.439
OAZ1	RPS3	9606.ENSP00000473381	9606.ENSP00000278572	0	0	0	0	0.457	0	0	0	0.457
OAZ1	PSMB4	9606.ENSP00000473381	9606.ENSP00000290541	0	0	0	0	0.212	0.230	0.400	0.186	0.664
OAZ1	PSME3	9606.ENSP00000473381	9606.ENSP00000293362	0	0	0	0	0.065	0	0.400	0	0.415
OAZ1	RPL13	9606.ENSP00000473381	9606.ENSP00000307889	0	0	0	0	0.413	0	0	0	0.413
OAZ1	PSMD1	9606.ENSP00000473381	9606.ENSP00000309474	0	0	0	0	0.048	0	0.400	0	0.404
OAZ1	PSMD2	9606.ENSP00000473381	9606.ENSP00000310129	0	0	0	0	0.131	0	0.400	0	0.456
OAZ1	PSMC5	9606.ENSP00000473381	9606.ENSP00000310572	0	0	0	0	0.062	0	0.400	0.069	0.430
OAZ1	PSMA8	9606.ENSP00000473381	9606.ENSP00000311121	0	0	0	0	0.196	0	0.400	0	0.496
OAZ1	RPL4	9606.ENSP00000473381	9606.ENSP00000311430	0	0	0	0	0.177	0	0	0.361	0.452
OAZ1	PSMF1	9606.ENSP00000473381	9606.ENSP00000338039	0	0	0	0	0.074	0	0.400	0	0.420
OAZ1	RPLP1	9606.ENSP00000473381	9606.ENSP00000346037	0	0	0	0	0.405	0	0	0.075	0.427
OAZ1	PSMD12	9606.ENSP00000473381	9606.ENSP00000348442	0	0	0	0	0.104	0	0.400	0	0.439
OAZ1	PSMB10	9606.ENSP00000473381	9606.ENSP00000351314	0	0	0	0	0.117	0	0.400	0.157	0.514
OAZ1	PSMB5	9606.ENSP00000473381	9606.ENSP00000355325	0	0	0	0	0.297	0	0.400	0	0.560
OAZ1	PSMD4	9606.ENSP00000473381	9606.ENSP00000357876	0	0	0	0	0.170	0	0.400	0.048	0.484
OAZ1	PSMA7	9606.ENSP00000473381	9606.ENSP00000359910	0	0	0	0	0.408	0	0.400	0	0.630
OAZ1	PSMB2	9606.ENSP00000473381	9606.ENSP00000362334	0	0	0	0	0.115	0	0.400	0.196	0.536
OAZ1	PSMB9	9606.ENSP00000473381	9606.ENSP00000363993	0	0	0	0	0.188	0	0.400	0.053	0.498
OAZ1	PSMB8	9606.ENSP00000473381	9606.ENSP00000364016	0	0	0	0	0.158	0	0.400	0	0.473
OAZ1	SRM	9606.ENSP00000473381	9606.ENSP00000366156	0	0	0	0	0.067	0	0.172	0.370	0.471
OAZ1	SAT1	9606.ENSP00000473381	9606.ENSP00000368572	0	0	0	0	0.113	0	0	0.591	0.622
OAZ1	PSME1	9606.ENSP00000473381	9606.ENSP00000372155	0	0	0	0	0.141	0	0.400	0	0.462
OAZ1	RPS9	9606.ENSP00000473381	9606.ENSP00000375632	0	0	0	0	0.419	0	0	0.247	0.543
OAZ1	RPL13A	9606.ENSP00000473381	9606.ENSP00000375730	0	0	0	0	0.236	0	0	0.250	0.403
OAZ1	RPS29	9606.ENSP00000473381	9606.ENSP00000379339	0	0	0	0	0.201	0	0	0.477	0.564
OAZ1	OAZ3	9606.ENSP00000473381	9606.ENSP00000383784	0	0	0.104	0.767	0	0	0.400	0.249	0.561
OAZ1	PSME4	9606.ENSP00000473381	9606.ENSP00000384211	0	0	0	0	0.044	0	0.400	0.055	0.410
OAZ1	SMS	9606.ENSP00000473381	9606.ENSP00000385746	0	0	0	0	0.042	0	0.122	0.435	0.483
OAZ1	RPS14	9606.ENSP00000473381	9606.ENSP00000385958	0	0	0	0	0.629	0	0	0.063	0.638
OAZ1	PSMB11	9606.ENSP00000473381	9606.ENSP00000386212	0	0	0	0	0.082	0	0.400	0	0.425
OAZ1	PSMD14	9606.ENSP00000473381	9606.ENSP00000386541	0	0	0	0	0.056	0	0.400	0.041	0.409
OAZ1	PSMC2	9606.ENSP00000473381	9606.ENSP00000391211	0	0	0	0	0.086	0	0.400	0	0.428
OAZ1	PSMD13	9606.ENSP00000473381	9606.ENSP00000396937	0	0	0	0	0.062	0	0.400	0	0.413
OAZ1	RPL6	9606.ENSP00000473381	9606.ENSP00000403172	0	0	0	0	0.197	0	0	0.291	0.406
OAZ1	PSMA1	9606.ENSP00000473381	9606.ENSP00000414359	0	0	0	0	0.129	0	0.400	0	0.455
OAZ1	RPL37A	9606.ENSP00000473381	9606.ENSP00000418082	0	0	0	0	0.167	0	0	0.593	0.646
OAZ1	PSMD6	9606.ENSP00000473381	9606.ENSP00000418695	0	0	0	0	0	0	0.400	0	0.400
OAZ1	RPL30	9606.ENSP00000473381	9606.ENSP00000428085	0	0	0	0	0.188	0	0	0.461	0.544
OAZ1	RPS13	9606.ENSP00000473381	9606.ENSP00000435777	0	0	0	0	0.167	0	0	0.402	0.480
OAZ1	PSMD9	9606.ENSP00000473381	9606.ENSP00000440485	0	0	0	0	0.049	0	0.400	0	0.405
OAZ1	RPL18	9606.ENSP00000473381	9606.ENSP00000447001	0	0	0	0	0.325	0	0	0.179	0.423
OAZ1	RPLP0	9606.ENSP00000473381	9606.ENSP00000449328	0	0	0	0	0.217	0	0	0.266	0.401
OAZ1	RPL28	9606.ENSP00000473381	9606.ENSP00000452763	0	0	0	0	0.386	0	0	0.085	0.415
OAZ1	OAZ2	9606.ENSP00000473381	9606.ENSP00000463013	0	0	0.069	0.939	0.083	0	0.400	0.099	0.477
OAZ1	RPL27	9606.ENSP00000473381	9606.ENSP00000464813	0	0	0	0	0.315	0	0	0.715	0.797
OAZ1	SMOX	9606.ENSP00000473381	9606.ENSP00000478305	0	0	0	0	0.043	0	0	0.399	0.401
OAZ1	SEM1	9606.ENSP00000473381	9606.ENSP00000481021	0	0	0	0	0.047	0	0.400	0	0.403
OAZ1	PSMC6	9606.ENSP00000473381	9606.ENSP00000484998	0	0	0	0	0.062	0	0.400	0.061	0.425
OAZ1	PSMC3	9606.ENSP00000473381	9606.ENSP00000481029	0	0	0	0	0.132	0	0.400	0.097	0.488
OAZ1	PSMB3	9606.ENSP00000473381	9606.ENSP00000483688	0	0	0	0	0.204	0	0.400	0	0.502
OAZ2	PSMA4	9606.ENSP00000463013	9606.ENSP00000044462	0	0	0	0	0.057	0	0.400	0.052	0.417
OAZ2	PSMC4	9606.ENSP00000463013	9606.ENSP00000157812	0	0	0	0	0.075	0	0.400	0.061	0.433
OAZ2	PSMD5	9606.ENSP00000463013	9606.ENSP00000210313	0	0	0	0	0	0	0.400	0.176	0.484
OAZ2	PSMD8	9606.ENSP00000463013	9606.ENSP00000215071	0	0	0	0	0.085	0	0.400	0	0.427
OAZ2	PSMA3	9606.ENSP00000463013	9606.ENSP00000216455	0	0	0	0	0.094	0	0.400	0.139	0.491
OAZ2	PSME2	9606.ENSP00000463013	9606.ENSP00000216802	0	0	0	0	0.058	0	0.400	0.151	0.479
OAZ2	PSMD10	9606.ENSP00000463013	9606.ENSP00000217958	0	0	0	0	0.050	0	0.400	0.129	0.460
OAZ2	PSMD7	9606.ENSP00000463013	9606.ENSP00000219313	0	0	0	0	0.067	0	0.400	0.041	0.416
OAZ2	PSMA2	9606.ENSP00000463013	9606.ENSP00000223321	0	0	0	0	0.081	0	0.400	0	0.425
OAZ2	ODC1	9606.ENSP00000463013	9606.ENSP00000234111	0	0	0	0	0.043	0.554	0.500	0.918	0.980
OAZ2	PSMB7	9606.ENSP00000463013	9606.ENSP00000259457	0	0	0	0	0.062	0	0.400	0.057	0.423
OAZ2	PSMC1	9606.ENSP00000463013	9606.ENSP00000261303	0	0	0	0	0.085	0	0.400	0.148	0.491
OAZ2	PSMA6	9606.ENSP00000463013	9606.ENSP00000261479	0	0	0	0	0.074	0	0.400	0	0.421
OAZ2	PSMD11	9606.ENSP00000463013	9606.ENSP00000261712	0	0	0	0	0.056	0	0.400	0	0.409
OAZ2	PSMB1	9606.ENSP00000463013	9606.ENSP00000262193	0	0	0	0	0.104	0	0.400	0	0.439
OAZ2	PSMD3	9606.ENSP00000463013	9606.ENSP00000264639	0	0	0	0	0.074	0	0.400	0.173	0.501
OAZ2	PSMB6	9606.ENSP00000463013	9606.ENSP00000270586	0	0	0	0	0.121	0	0.400	0	0.450
OAZ2	PSMA5	9606.ENSP00000463013	9606.ENSP00000271308	0	0	0	0	0.087	0	0.400	0.146	0.492
OAZ2	PAOX	9606.ENSP00000463013	9606.ENSP00000278060	0	0	0	0	0	0	0	0.569	0.569
OAZ2	PSMB4	9606.ENSP00000463013	9606.ENSP00000290541	0	0	0	0	0.111	0	0.400	0.049	0.448
OAZ2	PSME3	9606.ENSP00000463013	9606.ENSP00000293362	0	0	0	0	0.065	0	0.400	0.113	0.459
OAZ2	PSMD1	9606.ENSP00000463013	9606.ENSP00000309474	0	0	0	0	0.049	0	0.400	0	0.405
OAZ2	PSMD2	9606.ENSP00000463013	9606.ENSP00000310129	0	0	0	0	0.086	0	0.400	0.125	0.478
OAZ2	PSMC5	9606.ENSP00000463013	9606.ENSP00000310572	0	0	0	0	0.058	0	0.400	0.176	0.493
OAZ2	PSMA8	9606.ENSP00000463013	9606.ENSP00000311121	0	0	0	0	0.108	0	0.400	0	0.441
OAZ2	PSMF1	9606.ENSP00000463013	9606.ENSP00000338039	0	0	0	0	0.049	0	0.400	0.068	0.421
OAZ2	PSMD12	9606.ENSP00000463013	9606.ENSP00000348442	0	0	0	0	0.067	0	0.400	0.223	0.527
OAZ2	PSMB10	9606.ENSP00000463013	9606.ENSP00000351314	0	0	0	0	0.062	0	0.400	0.057	0.423
OAZ2	PSMB5	9606.ENSP00000463013	9606.ENSP00000355325	0	0	0	0	0.096	0	0.400	0	0.434
OAZ2	PSMD4	9606.ENSP00000463013	9606.ENSP00000357876	0	0	0	0	0.129	0	0.400	0.048	0.459
OAZ2	PSMA7	9606.ENSP00000463013	9606.ENSP00000359910	0	0	0	0	0.110	0	0.400	0	0.443
OAZ2	PSMB2	9606.ENSP00000463013	9606.ENSP00000362334	0	0	0	0	0.075	0	0.400	0.070	0.439
OAZ2	PSMB9	9606.ENSP00000463013	9606.ENSP00000363993	0	0	0	0	0.104	0	0.400	0	0.440
OAZ2	PSMB8	9606.ENSP00000463013	9606.ENSP00000364016	0	0	0	0	0.085	0	0.400	0.046	0.431
OAZ2	SRM	9606.ENSP00000463013	9606.ENSP00000366156	0	0	0	0	0	0	0.172	0.385	0.469
OAZ2	SAT1	9606.ENSP00000463013	9606.ENSP00000368572	0	0	0	0	0.085	0	0	0.437	0.463
OAZ2	PSME1	9606.ENSP00000463013	9606.ENSP00000372155	0	0	0	0	0.072	0	0.400	0	0.419
OAZ2	OAZ3	9606.ENSP00000463013	9606.ENSP00000383784	0	0	0.112	0.817	0	0	0.400	0.215	0.545
OAZ2	PSME4	9606.ENSP00000463013	9606.ENSP00000384211	0	0	0	0	0	0	0.400	0.055	0.408
OAZ2	SMS	9606.ENSP00000463013	9606.ENSP00000385746	0	0	0	0	0.049	0	0.122	0.570	0.609
OAZ2	PSMB11	9606.ENSP00000463013	9606.ENSP00000386212	0	0	0	0	0.082	0	0.400	0	0.425
OAZ2	PSMD14	9606.ENSP00000463013	9606.ENSP00000386541	0	0	0	0	0.055	0	0.400	0.041	0.408
OAZ2	PSMC2	9606.ENSP00000463013	9606.ENSP00000391211	0	0	0	0	0.064	0	0.400	0	0.414
OAZ2	PSMD13	9606.ENSP00000463013	9606.ENSP00000396937	0	0	0	0	0.084	0	0.400	0	0.426
OAZ2	PSMA1	9606.ENSP00000463013	9606.ENSP00000414359	0	0	0	0	0.060	0	0.400	0.125	0.463
OAZ2	PSMD6	9606.ENSP00000463013	9606.ENSP00000418695	0	0	0	0	0.049	0	0.400	0.052	0.411
OAZ2	PSMD9	9606.ENSP00000463013	9606.ENSP00000440485	0	0	0	0	0.049	0	0.400	0	0.405
OAZ2	SEM1	9606.ENSP00000463013	9606.ENSP00000481021	0	0	0	0	0	0	0.400	0	0.400
OAZ2	PSMC6	9606.ENSP00000463013	9606.ENSP00000484998	0	0	0	0	0.057	0	0.400	0.061	0.422
OAZ2	PSMB3	9606.ENSP00000463013	9606.ENSP00000483688	0	0	0	0	0.080	0	0.400	0	0.424
OAZ2	PSMC3	9606.ENSP00000463013	9606.ENSP00000481029	0	0	0	0	0.094	0	0.400	0.073	0.452
OAZ2	SMOX	9606.ENSP00000463013	9606.ENSP00000478305	0	0	0	0	0	0	0	0.613	0.613
OAZ3	PSMA4	9606.ENSP00000383784	9606.ENSP00000044462	0	0	0	0	0.055	0	0.400	0.147	0.474
OAZ3	PSMC4	9606.ENSP00000383784	9606.ENSP00000157812	0	0	0	0	0.074	0	0.400	0.061	0.432
OAZ3	PSMD5	9606.ENSP00000383784	9606.ENSP00000210313	0	0	0	0	0	0	0.400	0	0.400
OAZ3	PSMD8	9606.ENSP00000383784	9606.ENSP00000215071	0	0	0	0	0.059	0	0.400	0	0.411
OAZ3	PSMA3	9606.ENSP00000383784	9606.ENSP00000216455	0	0	0	0	0.087	0	0.400	0.057	0.438
OAZ3	PSME2	9606.ENSP00000383784	9606.ENSP00000216802	0	0	0	0	0.058	0	0.400	0	0.410
OAZ3	PSMD10	9606.ENSP00000383784	9606.ENSP00000217958	0	0	0	0	0	0	0.400	0	0.400
OAZ3	PSMD7	9606.ENSP00000383784	9606.ENSP00000219313	0	0	0	0	0.067	0	0.400	0.041	0.416
OAZ3	PSMA2	9606.ENSP00000383784	9606.ENSP00000223321	0	0	0	0	0.074	0	0.400	0	0.420
OAZ3	ODC1	9606.ENSP00000383784	9606.ENSP00000234111	0	0	0	0	0	0.829	0.500	0.927	0.993
OAZ3	PSMB7	9606.ENSP00000383784	9606.ENSP00000259457	0	0	0	0	0.055	0	0.400	0.057	0.418
OAZ3	PSMC1	9606.ENSP00000383784	9606.ENSP00000261303	0	0	0	0	0.078	0	0.400	0.120	0.470
OAZ3	PSMA6	9606.ENSP00000383784	9606.ENSP00000261479	0	0	0	0	0.067	0	0.400	0	0.416
OAZ3	PSMD11	9606.ENSP00000383784	9606.ENSP00000261712	0	0	0	0	0	0	0.400	0	0.400
OAZ3	PSMB1	9606.ENSP00000383784	9606.ENSP00000262193	0	0	0	0	0.086	0	0.400	0	0.428
OAZ3	PSMD3	9606.ENSP00000383784	9606.ENSP00000264639	0	0	0	0	0.056	0	0.400	0.090	0.439
OAZ3	PSMB6	9606.ENSP00000383784	9606.ENSP00000270586	0	0	0	0	0.104	0	0.400	0	0.439
OAZ3	PSMA5	9606.ENSP00000383784	9606.ENSP00000271308	0	0	0	0	0.087	0	0.400	0	0.428
OAZ3	PSMB4	9606.ENSP00000383784	9606.ENSP00000290541	0	0	0	0	0.105	0	0.400	0.049	0.445
OAZ3	PSME3	9606.ENSP00000383784	9606.ENSP00000293362	0	0	0	0	0.058	0	0.400	0	0.410
OAZ3	PSMD1	9606.ENSP00000383784	9606.ENSP00000309474	0	0	0	0	0	0	0.400	0	0.400
OAZ3	PSMD2	9606.ENSP00000383784	9606.ENSP00000310129	0	0	0	0	0.067	0	0.400	0	0.416
OAZ3	PSMC5	9606.ENSP00000383784	9606.ENSP00000310572	0	0	0	0	0	0	0.400	0	0.400
OAZ3	PSMA8	9606.ENSP00000383784	9606.ENSP00000311121	0	0	0	0	0.108	0	0.400	0	0.441
OAZ3	PSMF1	9606.ENSP00000383784	9606.ENSP00000338039	0	0	0	0	0	0	0.400	0	0.400
OAZ3	PSMD12	9606.ENSP00000383784	9606.ENSP00000348442	0	0	0	0	0.067	0	0.400	0	0.416
OAZ3	PSMB10	9606.ENSP00000383784	9606.ENSP00000351314	0	0	0	0	0.055	0	0.400	0.057	0.418
OAZ3	PSMB5	9606.ENSP00000383784	9606.ENSP00000355325	0	0	0	0	0.082	0	0.400	0	0.425
OAZ3	PSMD4	9606.ENSP00000383784	9606.ENSP00000357876	0	0	0	0	0.102	0	0.400	0.109	0.478
OAZ3	PSMA7	9606.ENSP00000383784	9606.ENSP00000359910	0	0	0	0	0.108	0	0.400	0	0.441
OAZ3	PSMB2	9606.ENSP00000383784	9606.ENSP00000362334	0	0	0	0	0.068	0	0.400	0.070	0.434
OAZ3	PSMB9	9606.ENSP00000383784	9606.ENSP00000363993	0	0	0	0	0.104	0	0.400	0	0.439
OAZ3	PSMB8	9606.ENSP00000383784	9606.ENSP00000364016	0	0	0	0	0.082	0	0.400	0	0.425
OAZ3	SRM	9606.ENSP00000383784	9606.ENSP00000366156	0	0	0	0	0	0	0.172	0.326	0.418
OAZ3	PSME1	9606.ENSP00000383784	9606.ENSP00000372155	0	0	0	0	0.058	0	0.400	0	0.410
OAZ3	PSMD9	9606.ENSP00000383784	9606.ENSP00000440485	0	0	0	0	0	0	0.400	0	0.400
OAZ3	PSMD13	9606.ENSP00000383784	9606.ENSP00000396937	0	0	0	0	0.042	0	0.400	0	0.400
OAZ3	PSMD6	9606.ENSP00000383784	9606.ENSP00000418695	0	0	0	0	0	0	0.400	0	0.400
OAZ3	SEM1	9606.ENSP00000383784	9606.ENSP00000481021	0	0	0	0	0	0	0.400	0	0.400
OAZ3	PSMD14	9606.ENSP00000383784	9606.ENSP00000386541	0	0	0	0	0.055	0	0.400	0.041	0.408
OAZ3	PSMB3	9606.ENSP00000383784	9606.ENSP00000483688	0	0	0	0	0.055	0	0.400	0	0.408
OAZ3	PSMC2	9606.ENSP00000383784	9606.ENSP00000391211	0	0	0	0	0.057	0	0.400	0	0.410
OAZ3	PSMA1	9606.ENSP00000383784	9606.ENSP00000414359	0	0	0	0	0.060	0	0.400	0	0.411
OAZ3	PSMC6	9606.ENSP00000383784	9606.ENSP00000484998	0	0	0	0	0.057	0	0.400	0.061	0.422
OAZ3	PSMB11	9606.ENSP00000383784	9606.ENSP00000386212	0	0	0	0	0.082	0	0.400	0	0.425
OAZ3	PSMC3	9606.ENSP00000383784	9606.ENSP00000481029	0	0	0	0	0.074	0	0.400	0.061	0.432
OAZ3	PSME4	9606.ENSP00000383784	9606.ENSP00000384211	0	0	0	0	0	0	0.400	0.156	0.472
OAZ3	SMS	9606.ENSP00000383784	9606.ENSP00000385746	0	0	0	0	0	0	0.122	0.445	0.492
OCA2	TYR	9606.ENSP00000346659	9606.ENSP00000263321	0	0	0	0	0.344	0	0	0.984	0.989
OCA2	SLC45A2	9606.ENSP00000346659	9606.ENSP00000296589	0	0	0	0	0.121	0	0	0.975	0.977
OCA2	TYRP1	9606.ENSP00000346659	9606.ENSP00000373570	0	0	0	0	0.274	0	0	0.963	0.972
ODC1	OTC	9606.ENSP00000234111	9606.ENSP00000039007	0.042	0	0	0	0	0	0	0.590	0.590
ODC1	PSMA4	9606.ENSP00000234111	9606.ENSP00000044462	0	0	0	0	0.068	0	0.400	0.062	0.429
ODC1	PSMC4	9606.ENSP00000234111	9606.ENSP00000157812	0	0	0	0	0.074	0	0.400	0.179	0.504
ODC1	PSMD5	9606.ENSP00000234111	9606.ENSP00000210313	0	0	0	0	0	0	0.400	0.100	0.436
ODC1	PSMD8	9606.ENSP00000234111	9606.ENSP00000215071	0	0	0	0	0.118	0	0.400	0.106	0.486
ODC1	PSMA3	9606.ENSP00000234111	9606.ENSP00000216455	0	0	0	0	0.067	0	0.400	0.079	0.439
ODC1	PSME2	9606.ENSP00000234111	9606.ENSP00000216802	0	0	0	0	0	0	0.400	0.125	0.452
ODC1	PSMD10	9606.ENSP00000234111	9606.ENSP00000217958	0	0	0	0	0.049	0	0.400	0	0.405
ODC1	PSMD7	9606.ENSP00000234111	9606.ENSP00000219313	0	0	0	0	0.063	0	0.400	0.180	0.499
ODC1	PSMA2	9606.ENSP00000234111	9606.ENSP00000223321	0	0	0	0	0.095	0	0.400	0.088	0.461
ODC1	SEM1	9606.ENSP00000234111	9606.ENSP00000481021	0	0	0	0	0.057	0	0.400	0	0.410
ODC1	PSMD1	9606.ENSP00000234111	9606.ENSP00000309474	0	0	0	0	0.072	0	0.400	0	0.419
ODC1	PSMB3	9606.ENSP00000234111	9606.ENSP00000483688	0	0	0	0	0.058	0	0.400	0.062	0.423
ODC1	PSMD13	9606.ENSP00000234111	9606.ENSP00000396937	0	0	0	0	0.080	0	0.400	0	0.424
ODC1	PSMA6	9606.ENSP00000234111	9606.ENSP00000261479	0	0	0	0	0.062	0	0.400	0.062	0.425
ODC1	PSMB6	9606.ENSP00000234111	9606.ENSP00000270586	0	0	0	0	0.058	0	0.400	0.071	0.429
ODC1	PSMA1	9606.ENSP00000234111	9606.ENSP00000414359	0	0	0	0	0.068	0	0.400	0.062	0.429
ODC1	SLC3A2	9606.ENSP00000234111	9606.ENSP00000367123	0	0	0	0	0.070	0	0	0.417	0.435
ODC1	PSMF1	9606.ENSP00000234111	9606.ENSP00000338039	0	0	0	0	0.107	0	0.400	0	0.441
ODC1	PSMB9	9606.ENSP00000234111	9606.ENSP00000363993	0	0	0	0	0	0	0.400	0.107	0.441
ODC1	PSMB1	9606.ENSP00000234111	9606.ENSP00000262193	0	0	0	0	0.065	0	0.400	0.084	0.441
ODC1	PSMA8	9606.ENSP00000234111	9606.ENSP00000311121	0	0	0	0	0	0	0.400	0.106	0.441
ODC1	PSPH	9606.ENSP00000234111	9606.ENSP00000378854	0.115	0	0	0	0.056	0	0	0.393	0.448
ODC1	PSMA7	9606.ENSP00000234111	9606.ENSP00000359910	0	0	0	0	0.082	0	0.400	0.080	0.449
ODC1	PSMB7	9606.ENSP00000234111	9606.ENSP00000259457	0	0	0	0	0.087	0	0.400	0.077	0.450
ODC1	PSMC6	9606.ENSP00000234111	9606.ENSP00000484998	0	0	0	0	0.078	0	0.400	0.087	0.451
ODC1	PSMD2	9606.ENSP00000234111	9606.ENSP00000310129	0	0	0	0	0.124	0	0.400	0	0.451
ODC1	PSMB11	9606.ENSP00000234111	9606.ENSP00000386212	0	0	0	0	0	0	0.400	0.136	0.459
ODC1	PSMB8	9606.ENSP00000234111	9606.ENSP00000364016	0	0	0	0	0	0	0.400	0.140	0.461
ODC1	PYCR1	9606.ENSP00000234111	9606.ENSP00000384949	0.050	0	0	0	0.072	0	0	0.440	0.463
ODC1	PSMB10	9606.ENSP00000234111	9606.ENSP00000351314	0	0	0	0	0	0	0.400	0.144	0.464
ODC1	PSMB4	9606.ENSP00000234111	9606.ENSP00000290541	0	0	0	0	0.064	0	0.400	0.128	0.467
ODC1	PSMB5	9606.ENSP00000234111	9606.ENSP00000355325	0	0	0	0	0.085	0	0.400	0.107	0.467
ODC1	SHMT1	9606.ENSP00000234111	9606.ENSP00000318868	0.098	0	0	0	0.042	0	0	0.437	0.471
ODC1	PSMD12	9606.ENSP00000234111	9606.ENSP00000348442	0	0	0	0	0.107	0	0.400	0.094	0.472
ODC1	PSMD11	9606.ENSP00000234111	9606.ENSP00000261712	0	0	0	0	0.085	0	0.400	0.117	0.473
ODC1	PSMC1	9606.ENSP00000234111	9606.ENSP00000261303	0	0	0	0	0.056	0	0.400	0.146	0.474
ODC1	PSME1	9606.ENSP00000234111	9606.ENSP00000372155	0	0	0	0	0	0	0.400	0.165	0.477
ODC1	PSMD6	9606.ENSP00000234111	9606.ENSP00000418695	0	0	0	0	0.132	0	0.400	0.078	0.478
ODC1	PSMC2	9606.ENSP00000234111	9606.ENSP00000391211	0	0	0	0	0.084	0	0.400	0.129	0.479
ODC1	PSMC5	9606.ENSP00000234111	9606.ENSP00000310572	0	0	0	0	0.089	0	0.400	0.129	0.482
ODC1	PSMC3	9606.ENSP00000234111	9606.ENSP00000481029	0	0	0	0	0.094	0	0.400	0.132	0.487
ODC1	PRODH	9606.ENSP00000234111	9606.ENSP00000349577	0	0	0	0	0	0	0	0.492	0.492
ODC1	PSME3	9606.ENSP00000234111	9606.ENSP00000293362	0	0	0	0	0.049	0	0.400	0.187	0.495
ODC1	PSMB2	9606.ENSP00000234111	9606.ENSP00000362334	0	0	0	0	0.126	0	0.400	0.116	0.495
ODC1	PSMD3	9606.ENSP00000234111	9606.ENSP00000264639	0	0	0	0	0.067	0	0.400	0.171	0.496
ODC1	PSMA5	9606.ENSP00000234111	9606.ENSP00000271308	0	0	0	0	0.139	0	0.400	0.102	0.496
ODC1	PSAT1	9606.ENSP00000234111	9606.ENSP00000365773	0.115	0	0	0	0.102	0	0	0.439	0.515
ODC1	PSMD9	9606.ENSP00000234111	9606.ENSP00000440485	0	0	0	0	0.043	0	0.400	0.250	0.532
ODC1	PSME4	9606.ENSP00000234111	9606.ENSP00000384211	0	0	0	0	0.127	0	0.400	0.203	0.546
ODC1	PSMD4	9606.ENSP00000234111	9606.ENSP00000357876	0	0	0	0	0.065	0	0.400	0.271	0.555
ODC1	PSMD14	9606.ENSP00000234111	9606.ENSP00000386541	0	0	0	0	0.175	0	0.400	0.233	0.587
ODC1	TAT	9606.ENSP00000234111	9606.ENSP00000348234	0.058	0	0	0	0.207	0	0.262	0.583	0.739
ODC1	SMOX	9606.ENSP00000234111	9606.ENSP00000478305	0	0	0	0	0.181	0	0	0.755	0.791
ODC1	PAOX	9606.ENSP00000234111	9606.ENSP00000278060	0	0	0	0	0	0	0	0.810	0.810
ODC1	SMS	9606.ENSP00000234111	9606.ENSP00000385746	0.102	0	0	0	0.120	0.076	0.449	0.968	0.984
ODC1	SAT1	9606.ENSP00000234111	9606.ENSP00000368572	0.061	0	0	0	0	0	0.900	0.856	0.985
ODC1	SRM	9606.ENSP00000234111	9606.ENSP00000366156	0.102	0	0	0	0.146	0.086	0.942	0.982	0.999
OGDH	PDHX	9606.ENSP00000388183	9606.ENSP00000227868	0.079	0	0	0	0.573	0.771	0.594	0.616	0.983
OGDH	PDHB	9606.ENSP00000388183	9606.ENSP00000307241	0	0	0	0	0.166	0.605	0.580	0.665	0.947
OGDH	SHMT1	9606.ENSP00000388183	9606.ENSP00000318868	0	0	0	0	0.304	0	0	0.405	0.568
OGDH	PSAT1	9606.ENSP00000388183	9606.ENSP00000365773	0	0	0	0	0.042	0	0	0.428	0.428
OGDH	PDHA1	9606.ENSP00000388183	9606.ENSP00000369134	0	0	0	0	0.128	0.732	0.400	0.685	0.950
OGDH	SUOX	9606.ENSP00000388183	9606.ENSP00000377668	0	0	0	0	0.138	0	0	0.398	0.459
OGDH	TXNRD1	9606.ENSP00000388183	9606.ENSP00000434516	0.070	0	0	0	0.296	0.183	0.312	0.212	0.658
OTC	PYCR3	9606.ENSP00000039007	9606.ENSP00000220966	0	0	0	0	0	0	0	0.409	0.409
OTC	PSAT1	9606.ENSP00000039007	9606.ENSP00000365773	0	0	0	0	0	0	0	0.424	0.424
OTC	PYCR2	9606.ENSP00000039007	9606.ENSP00000342502	0	0	0	0	0	0.095	0	0.398	0.432
OTC	PRODH	9606.ENSP00000039007	9606.ENSP00000349577	0	0	0	0	0.065	0	0	0.452	0.465
OTC	SAT1	9606.ENSP00000039007	9606.ENSP00000368572	0	0	0	0	0.080	0	0	0.461	0.483
OTC	TAT	9606.ENSP00000039007	9606.ENSP00000348234	0	0	0	0	0.146	0	0	0.438	0.500
OTC	PAH	9606.ENSP00000039007	9606.ENSP00000448059	0	0	0	0	0.139	0	0	0.461	0.516
OTC	PYCR1	9606.ENSP00000039007	9606.ENSP00000384949	0	0	0	0	0	0.095	0	0.496	0.524
OTC	SLC3A2	9606.ENSP00000039007	9606.ENSP00000367123	0.091	0	0	0	0.134	0	0.283	0.259	0.526
OTC	SMS	9606.ENSP00000039007	9606.ENSP00000385746	0	0	0	0	0.090	0	0	0.503	0.528
OTC	SRM	9606.ENSP00000039007	9606.ENSP00000366156	0	0	0	0	0.075	0	0	0.524	0.541
OTC	PAOX	9606.ENSP00000039007	9606.ENSP00000278060	0	0	0	0	0	0	0	0.578	0.578
OTC	SLC25A15	9606.ENSP00000039007	9606.ENSP00000342267	0	0	0	0	0.068	0	0	0.607	0.618
PAH	TYR	9606.ENSP00000448059	9606.ENSP00000263321	0	0	0	0	0.203	0.045	0.800	0.645	0.938
PAH	PNMT	9606.ENSP00000448059	9606.ENSP00000269582	0	0	0	0	0	0	0	0.679	0.679
PAH	QDPR	9606.ENSP00000448059	9606.ENSP00000281243	0	0	0.239	0	0.049	0.230	0.913	0.845	0.991
PAH	PCBD1	9606.ENSP00000448059	9606.ENSP00000299299	0.095	0	0	0	0.544	0.230	0.938	0.656	0.992
PAH	TPO	9606.ENSP00000448059	9606.ENSP00000329869	0	0	0	0	0	0	0.800	0.148	0.822
PAH	TAT	9606.ENSP00000448059	9606.ENSP00000348234	0	0	0	0	0.218	0	0.900	0.615	0.967
PAH	TH	9606.ENSP00000448059	9606.ENSP00000370571	0	0	0.070	0.941	0	0.071	0.800	0.115	0.826
PAH	TDO2	9606.ENSP00000448059	9606.ENSP00000444788	0.046	0	0	0	0.189	0	0	0.394	0.491
PAOX	RPS27A	9606.ENSP00000278060	9606.ENSP00000272317	0	0	0	0	0	0	0.500	0	0.499
PAOX	SLC3A2	9606.ENSP00000278060	9606.ENSP00000367123	0	0	0	0	0	0.052	0	0.393	0.400
PAOX	UBA52	9606.ENSP00000278060	9606.ENSP00000388107	0	0	0	0	0	0	0.500	0	0.499
PAOX	PIPOX	9606.ENSP00000278060	9606.ENSP00000317721	0	0	0	0	0	0	0	0.506	0.506
PAOX	SRM	9606.ENSP00000278060	9606.ENSP00000366156	0	0	0	0	0	0	0	0.820	0.820
PAOX	SMS	9606.ENSP00000278060	9606.ENSP00000385746	0	0	0	0	0	0	0	0.837	0.837
PAOX	SAT1	9606.ENSP00000278060	9606.ENSP00000368572	0	0	0	0	0	0	0	0.987	0.987
PAPSS1	PHGDH	9606.ENSP00000265174	9606.ENSP00000493382	0	0	0	0	0.299	0	0	0.247	0.450
PAPSS1	SQOR	9606.ENSP00000265174	9606.ENSP00000456019	0	0	0	0	0.042	0	0	0.461	0.462
PAPSS1	TST	9606.ENSP00000265174	9606.ENSP00000385828	0.111	0	0	0	0.047	0	0	0.531	0.568
PAPSS1	PAPSS2	9606.ENSP00000265174	9606.ENSP00000406157	0	0	0.051	0.979	0.042	0.448	0.913	0.061	0.951
PAPSS1	SUOX	9606.ENSP00000265174	9606.ENSP00000377668	0	0	0	0	0.053	0	0.962	0.394	0.976
PAPSS2	SUOX	9606.ENSP00000406157	9606.ENSP00000377668	0	0	0	0	0.042	0	0.962	0.478	0.979
PAPSS2	TST	9606.ENSP00000406157	9606.ENSP00000385828	0.111	0	0	0	0.064	0	0	0.529	0.573
PAPSS2	PHGDH	9606.ENSP00000406157	9606.ENSP00000493382	0	0	0	0	0.299	0	0	0.219	0.429
PAPSS2	SQOR	9606.ENSP00000406157	9606.ENSP00000456019	0	0	0	0	0.060	0	0	0.509	0.518
PCBD1	TPH1	9606.ENSP00000299299	9606.ENSP00000250018	0.095	0	0	0	0.542	0	0.938	0.580	0.987
PCBD1	QDPR	9606.ENSP00000299299	9606.ENSP00000281243	0	0	0	0	0.092	0	0.934	0.945	0.996
PCBD1	TPH2	9606.ENSP00000299299	9606.ENSP00000329093	0.095	0	0	0	0.542	0	0.938	0.262	0.978
PCBD1	TH	9606.ENSP00000299299	9606.ENSP00000370571	0.095	0	0	0	0.542	0	0.938	0.574	0.987
PDHA1	PDHX	9606.ENSP00000369134	9606.ENSP00000227868	0	0.028	0.499	0	0.702	0.730	0.956	0.987	0.999
PDHA1	RARS1	9606.ENSP00000369134	9606.ENSP00000231572	0.057	0	0	0	0.402	0.070	0	0.080	0.453
PDHA1	RPL3L	9606.ENSP00000369134	9606.ENSP00000268661	0	0	0	0	0.368	0.047	0	0.154	0.445
PDHA1	RPS3	9606.ENSP00000369134	9606.ENSP00000278572	0	0	0	0	0.329	0.094	0	0.205	0.474
PDHA1	PDHB	9606.ENSP00000369134	9606.ENSP00000307241	0	0.900	0.533	0	0.891	0.995	0.973	0.998	0.999
PDHA1	QARS1	9606.ENSP00000369134	9606.ENSP00000307567	0.057	0	0	0	0.331	0.092	0	0.119	0.428
PDHA1	RPL4	9606.ENSP00000369134	9606.ENSP00000311430	0	0	0	0	0.364	0	0	0.123	0.419
PDHA1	RPL3	9606.ENSP00000369134	9606.ENSP00000346001	0	0	0	0	0.377	0.101	0	0.154	0.485
PDHA1	RPL39	9606.ENSP00000369134	9606.ENSP00000355315	0.057	0	0	0	0.358	0.092	0	0.119	0.451
PDHA1	PSMB5	9606.ENSP00000369134	9606.ENSP00000355325	0	0.367	0	0	0.079	0.054	0	0.079	0.425
PDHA1	RPS20	9606.ENSP00000369134	9606.ENSP00000429374	0	0	0	0	0.400	0	0	0.052	0.406
PDHA1	RPL39L	9606.ENSP00000369134	9606.ENSP00000389356	0.057	0	0	0	0.310	0.092	0	0.119	0.409
PDHA1	SUOX	9606.ENSP00000369134	9606.ENSP00000377668	0	0	0	0	0.049	0	0	0.422	0.426
PDHA1	RPL13A	9606.ENSP00000369134	9606.ENSP00000375730	0.056	0	0	0	0.374	0.074	0	0.078	0.428
PDHA1	TXNRD1	9606.ENSP00000369134	9606.ENSP00000434516	0	0	0	0	0.147	0.052	0.249	0.173	0.431
PDHA1	RPLP0	9606.ENSP00000369134	9606.ENSP00000449328	0.042	0	0	0	0.380	0.094	0	0.159	0.487
PDHA1	RPS9	9606.ENSP00000369134	9606.ENSP00000375632	0.044	0	0	0	0.404	0	0	0.326	0.582
PDHB	PDHX	9606.ENSP00000307241	9606.ENSP00000227868	0.095	0.028	0.492	0	0.684	0.968	0.978	0.996	0.999
PDHB	PSMC5	9606.ENSP00000307241	9606.ENSP00000310572	0	0	0	0	0.350	0	0	0.132	0.412
PDHB	SHMT1	9606.ENSP00000307241	9606.ENSP00000318868	0	0	0	0	0.087	0	0.215	0.293	0.450
PDHB	RPSA	9606.ENSP00000307241	9606.ENSP00000389351	0	0	0	0	0.196	0.225	0	0.576	0.713
PDHB	TXNRD1	9606.ENSP00000307241	9606.ENSP00000434516	0.086	0	0	0	0.554	0.290	0.385	0.225	0.837
PDHX	PSMD14	9606.ENSP00000227868	9606.ENSP00000386541	0	0	0	0	0.381	0.136	0	0	0.442
PDHX	SHMT1	9606.ENSP00000227868	9606.ENSP00000318868	0.042	0	0	0	0.196	0	0.414	0.226	0.604
PDHX	TXNRD1	9606.ENSP00000227868	9606.ENSP00000434516	0.061	0.010	0	0	0.412	0.418	0.285	0.161	0.772
PHGDH	QDPR	9606.ENSP00000493382	9606.ENSP00000281243	0	0	0	0	0.056	0.091	0.164	0.381	0.497
PHGDH	RPL4	9606.ENSP00000493382	9606.ENSP00000311430	0.060	0	0	0	0.072	0.294	0	0.145	0.403
PHGDH	PIPOX	9606.ENSP00000493382	9606.ENSP00000317721	0.057	0	0	0	0.042	0	0.173	0.360	0.457
PHGDH	SHMT1	9606.ENSP00000493382	9606.ENSP00000318868	0.057	0	0	0	0.205	0.062	0.449	0.741	0.881
PHGDH	RPL3	9606.ENSP00000493382	9606.ENSP00000346001	0	0	0	0	0.098	0.294	0	0.152	0.413
PHGDH	TAT	9606.ENSP00000493382	9606.ENSP00000348234	0.056	0	0	0	0.087	0.115	0.106	0.310	0.444
PHGDH	PSAT1	9606.ENSP00000493382	9606.ENSP00000365773	0.115	0.409	0	0	0.946	0.225	0.979	0.892	0.999
PHGDH	PSPH	9606.ENSP00000493382	9606.ENSP00000378854	0.115	0	0	0	0.167	0.206	0.376	0.858	0.938
PHGDH	PYCR1	9606.ENSP00000493382	9606.ENSP00000384949	0	0	0	0	0.145	0	0	0.427	0.489
PHGDH	RPL23	9606.ENSP00000493382	9606.ENSP00000420311	0	0	0	0	0.042	0.401	0	0.085	0.429
PHGDH	TXNRD1	9606.ENSP00000493382	9606.ENSP00000434516	0.042	0	0	0	0.066	0	0.312	0.268	0.489
PHGDH	RPL9	9606.ENSP00000493382	9606.ENSP00000494697	0.041	0	0	0	0.047	0.412	0	0	0.415
PIPOX	RPS27A	9606.ENSP00000317721	9606.ENSP00000272317	0	0	0	0	0	0	0.500	0	0.499
PIPOX	TXNRD1	9606.ENSP00000317721	9606.ENSP00000434516	0.048	0	0	0	0.107	0.058	0.285	0.156	0.428
PIPOX	PRODH	9606.ENSP00000317721	9606.ENSP00000349577	0	0	0	0	0.068	0	0	0.453	0.469
PIPOX	SCLY	9606.ENSP00000317721	9606.ENSP00000499199	0	0	0	0	0.044	0	0.414	0.170	0.494
PIPOX	UBA52	9606.ENSP00000317721	9606.ENSP00000388107	0	0	0	0	0	0	0.500	0	0.499
PIPOX	SQOR	9606.ENSP00000317721	9606.ENSP00000456019	0.059	0	0	0	0.056	0.406	0.281	0.156	0.621
PIPOX	SHMT1	9606.ENSP00000317721	9606.ENSP00000318868	0.094	0	0	0	0.051	0	0.938	0.339	0.960
PNMT	TH	9606.ENSP00000269582	9606.ENSP00000370571	0	0	0	0	0.097	0	0	0.948	0.951
PRODH	PYCR3	9606.ENSP00000349577	9606.ENSP00000220966	0.061	0	0	0	0	0.071	0.900	0.691	0.969
PRODH	SLC5A5	9606.ENSP00000349577	9606.ENSP00000222248	0.057	0	0	0	0.362	0	0	0.134	0.433
PRODH	PYCR2	9606.ENSP00000349577	9606.ENSP00000342502	0.061	0	0	0	0	0.071	0.900	0.674	0.967
PRODH	SQOR	9606.ENSP00000349577	9606.ENSP00000456019	0	0	0	0	0	0	0	0.451	0.451
PRODH	PSAT1	9606.ENSP00000349577	9606.ENSP00000365773	0	0	0	0	0	0	0	0.467	0.467
PRODH	PYCR1	9606.ENSP00000349577	9606.ENSP00000384949	0.061	0	0	0	0	0.071	0.900	0.761	0.976
PSAT1	PYCR3	9606.ENSP00000365773	9606.ENSP00000220966	0.080	0	0	0	0.042	0	0	0.394	0.419
PSAT1	RPL35	9606.ENSP00000365773	9606.ENSP00000259469	0	0	0	0	0.258	0	0	0.430	0.559
PSAT1	PSMC1	9606.ENSP00000365773	9606.ENSP00000261303	0	0	0	0	0.063	0	0	0.396	0.410
PSAT1	SLC7A5	9606.ENSP00000365773	9606.ENSP00000261622	0	0	0	0	0.236	0.068	0	0.408	0.542
PSAT1	SHMT1	9606.ENSP00000365773	9606.ENSP00000318868	0.105	0	0	0	0.312	0.094	0	0.793	0.869
PSAT1	PYCR2	9606.ENSP00000365773	9606.ENSP00000342502	0.080	0	0	0	0.076	0	0	0.420	0.464
PSAT1	TAT	9606.ENSP00000365773	9606.ENSP00000348234	0.061	0	0	0	0.086	0.071	0	0.458	0.510
PSAT1	TXNRD1	9606.ENSP00000365773	9606.ENSP00000434516	0.057	0	0	0	0.090	0	0	0.359	0.402
PSAT1	SLC3A2	9606.ENSP00000365773	9606.ENSP00000367123	0	0	0	0	0.147	0	0	0.405	0.470
PSAT1	PYCR1	9606.ENSP00000365773	9606.ENSP00000384949	0.080	0	0	0	0.164	0	0	0.518	0.596
PSAT1	PSPH	9606.ENSP00000365773	9606.ENSP00000378854	0.231	0	0	0	0.374	0	0.980	0.919	0.999
PSMA1	PSMA4	9606.ENSP00000414359	9606.ENSP00000044462	0	0	0.082	0.742	0.922	0.999	0.900	0.659	0.999
PSMA1	PSMC4	9606.ENSP00000414359	9606.ENSP00000157812	0.057	0	0	0	0.689	0.991	0	0.665	0.999
PSMA1	PSMD5	9606.ENSP00000414359	9606.ENSP00000210313	0	0	0	0	0.137	0.653	0	0.281	0.766
PSMA1	PSMD8	9606.ENSP00000414359	9606.ENSP00000215071	0	0	0	0	0.582	0.995	0	0.668	0.999
PSMA1	PSMA3	9606.ENSP00000414359	9606.ENSP00000216455	0	0	0.090	0.726	0.958	0.999	0.900	0.860	0.999
PSMA1	PSME2	9606.ENSP00000414359	9606.ENSP00000216802	0	0	0	0	0.180	0.985	0	0.364	0.992
PSMA1	PSMD10	9606.ENSP00000414359	9606.ENSP00000217958	0	0	0	0	0.249	0.086	0	0.463	0.599
PSMA1	PSMD7	9606.ENSP00000414359	9606.ENSP00000219313	0	0	0	0	0.547	0.997	0	0.729	0.999
PSMA1	PSMA2	9606.ENSP00000414359	9606.ENSP00000223321	0	0	0	0.809	0.959	0.999	0.900	0.603	0.999
PSMA1	RPS12	9606.ENSP00000414359	9606.ENSP00000230050	0	0	0	0	0.261	0.054	0	0.221	0.409
PSMA1	PSMB7	9606.ENSP00000414359	9606.ENSP00000259457	0	0	0	0	0.791	0.999	0.900	0.715	0.999
PSMA1	PSMC1	9606.ENSP00000414359	9606.ENSP00000261303	0	0	0	0	0.529	0.998	0	0.820	0.999
PSMA1	PSMA6	9606.ENSP00000414359	9606.ENSP00000261479	0	0	0	0.750	0.959	0.998	0.900	0.628	0.999
PSMA1	PSMD11	9606.ENSP00000414359	9606.ENSP00000261712	0	0	0	0	0.589	0.993	0	0.589	0.998
PSMA1	PSMB1	9606.ENSP00000414359	9606.ENSP00000262193	0	0	0	0	0.958	0.999	0.900	0.984	0.999
PSMA1	RPL8	9606.ENSP00000414359	9606.ENSP00000262584	0	0	0	0	0.245	0.064	0	0.286	0.451
PSMA1	PSMD3	9606.ENSP00000414359	9606.ENSP00000264639	0	0	0	0	0.435	0.990	0	0.638	0.997
PSMA1	PSMB6	9606.ENSP00000414359	9606.ENSP00000270586	0	0	0	0	0.775	0.999	0.900	0.900	0.999
PSMA1	PSMA5	9606.ENSP00000414359	9606.ENSP00000271308	0	0	0	0.801	0.962	0.999	0.900	0.702	0.999
PSMA1	RPS27A	9606.ENSP00000414359	9606.ENSP00000272317	0	0	0	0	0.243	0.915	0.500	0.146	0.969
PSMA1	RPS3	9606.ENSP00000414359	9606.ENSP00000278572	0	0	0	0	0.413	0.089	0	0.138	0.499
PSMA1	PSMB4	9606.ENSP00000414359	9606.ENSP00000290541	0	0	0	0	0.897	0.999	0.900	0.875	0.999
PSMA1	PSME3	9606.ENSP00000414359	9606.ENSP00000293362	0	0	0	0	0.208	0.690	0	0.617	0.898
PSMA1	PSMD1	9606.ENSP00000414359	9606.ENSP00000309474	0	0	0	0	0.634	0.994	0	0.815	0.999
PSMA1	PSMD2	9606.ENSP00000414359	9606.ENSP00000310129	0	0	0	0	0.475	0.995	0	0.821	0.999
PSMA1	PSMC5	9606.ENSP00000414359	9606.ENSP00000310572	0	0	0	0	0.418	0.992	0	0.728	0.998
PSMA1	PSMA8	9606.ENSP00000414359	9606.ENSP00000311121	0	0	0.075	0.814	0.505	0.991	0.720	0.540	0.999
PSMA1	RPL4	9606.ENSP00000414359	9606.ENSP00000311430	0	0	0	0	0.394	0.071	0	0.199	0.510
PSMA1	PSMF1	9606.ENSP00000414359	9606.ENSP00000338039	0	0	0	0	0.118	0.810	0.900	0.223	0.985
PSMA1	RPS2	9606.ENSP00000414359	9606.ENSP00000341885	0	0	0	0	0.446	0.067	0	0.156	0.526
PSMA1	RPL27A	9606.ENSP00000414359	9606.ENSP00000346015	0	0	0	0	0.431	0.045	0	0.051	0.439
PSMA1	RPS3A	9606.ENSP00000414359	9606.ENSP00000346050	0	0	0	0	0.416	0	0	0.115	0.461
PSMA1	PSMD12	9606.ENSP00000414359	9606.ENSP00000348442	0	0	0	0	0.724	0.996	0	0.624	0.999
PSMA1	PSMB10	9606.ENSP00000414359	9606.ENSP00000351314	0	0	0	0	0.617	0.999	0.720	0.604	0.999
PSMA1	RPL12	9606.ENSP00000414359	9606.ENSP00000354739	0	0	0	0	0.436	0.072	0	0.147	0.515
PSMA1	PSMB5	9606.ENSP00000414359	9606.ENSP00000355325	0	0	0	0	0.493	0.999	0.900	0.803	0.999
PSMA1	PSMD4	9606.ENSP00000414359	9606.ENSP00000357876	0	0	0	0	0.850	0.997	0	0.731	0.999
PSMA1	PSMA7	9606.ENSP00000414359	9606.ENSP00000359910	0	0	0.072	0.826	0.878	0.999	0.900	0.684	0.999
PSMA1	PSMB2	9606.ENSP00000414359	9606.ENSP00000362334	0	0	0	0	0.939	0.998	0.900	0.826	0.999
PSMA1	RPS4X	9606.ENSP00000414359	9606.ENSP00000362744	0	0	0	0	0.402	0	0	0.170	0.482
PSMA1	PSMB9	9606.ENSP00000414359	9606.ENSP00000363993	0	0	0	0	0.611	0.999	0.720	0.700	0.999
PSMA1	PSMB8	9606.ENSP00000414359	9606.ENSP00000364016	0	0	0	0	0.428	0.997	0.720	0.739	0.999
PSMA1	RPS16	9606.ENSP00000414359	9606.ENSP00000367806	0	0	0	0	0.480	0.071	0	0.093	0.523
PSMA1	PSME1	9606.ENSP00000414359	9606.ENSP00000372155	0	0	0	0	0.174	0.987	0	0.697	0.996
PSMA1	RPS9	9606.ENSP00000414359	9606.ENSP00000375632	0	0	0	0	0.297	0.065	0	0.194	0.424
PSMA1	RPS8	9606.ENSP00000414359	9606.ENSP00000379888	0	0	0	0	0.443	0.069	0	0.073	0.477
PSMA1	PSME4	9606.ENSP00000414359	9606.ENSP00000384211	0	0	0	0	0.054	0.997	0	0.611	0.999
PSMA1	PSMB11	9606.ENSP00000414359	9606.ENSP00000386212	0	0	0	0	0.365	0.133	0.720	0.360	0.888
PSMA1	PSMD14	9606.ENSP00000414359	9606.ENSP00000386541	0	0	0	0	0.914	0.997	0	0.714	0.999
PSMA1	UBA52	9606.ENSP00000414359	9606.ENSP00000388107	0	0	0	0	0.139	0.881	0.500	0.328	0.961
PSMA1	RPSA	9606.ENSP00000414359	9606.ENSP00000389351	0	0	0	0	0.519	0.060	0	0.183	0.598
PSMA1	PSMC2	9606.ENSP00000414359	9606.ENSP00000391211	0	0	0	0	0.743	0.997	0	0.783	0.999
PSMA1	PSMD13	9606.ENSP00000414359	9606.ENSP00000396937	0	0	0	0	0.481	0.996	0	0.676	0.999
PSMA1	RPL6	9606.ENSP00000414359	9606.ENSP00000403172	0	0	0	0	0.428	0	0	0.206	0.526
PSMA1	RPL35A	9606.ENSP00000414359	9606.ENSP00000495672	0	0	0	0	0.433	0.046	0	0	0.435
PSMA1	RPLP0	9606.ENSP00000414359	9606.ENSP00000449328	0	0	0	0	0.338	0	0	0.236	0.472
PSMA1	RPS13	9606.ENSP00000414359	9606.ENSP00000435777	0	0	0	0	0.379	0.066	0	0.211	0.503
PSMA1	RPL27	9606.ENSP00000414359	9606.ENSP00000464813	0	0	0	0	0.441	0	0	0.162	0.512
PSMA1	RPL9	9606.ENSP00000414359	9606.ENSP00000494697	0	0	0	0	0.396	0.066	0	0.221	0.522
PSMA1	RPLP2	9606.ENSP00000414359	9606.ENSP00000431240	0	0	0	0	0.501	0	0	0.155	0.561
PSMA1	RPS20	9606.ENSP00000414359	9606.ENSP00000429374	0	0	0	0	0.520	0.067	0	0.102	0.562
PSMA1	RPL30	9606.ENSP00000414359	9606.ENSP00000428085	0	0	0	0	0.425	0.047	0	0.310	0.589
PSMA1	PSMC6	9606.ENSP00000414359	9606.ENSP00000484998	0.057	0	0	0	0.720	0.998	0	0.772	0.999
PSMA1	PSMB3	9606.ENSP00000414359	9606.ENSP00000483688	0	0	0	0	0.924	0.998	0.900	0.894	0.999
PSMA1	PSMD6	9606.ENSP00000414359	9606.ENSP00000418695	0	0	0	0	0.734	0.993	0	0.625	0.999
PSMA1	PSMC3	9606.ENSP00000414359	9606.ENSP00000481029	0.057	0	0	0	0.443	0.997	0	0.821	0.999
PSMA2	PSMA4	9606.ENSP00000223321	9606.ENSP00000044462	0	0	0	0.852	0.959	0.999	0.900	0.631	0.999
PSMA2	PSMC4	9606.ENSP00000223321	9606.ENSP00000157812	0	0.002	0	0	0.438	0.999	0	0.693	0.999
PSMA2	PSMD5	9606.ENSP00000223321	9606.ENSP00000210313	0	0	0	0	0.067	0.652	0	0.315	0.758
PSMA2	PSMD8	9606.ENSP00000223321	9606.ENSP00000215071	0	0	0	0	0.786	0.992	0	0.528	0.999
PSMA2	PSMA3	9606.ENSP00000223321	9606.ENSP00000216455	0	0	0	0.782	0.999	0.999	0.900	0.607	0.999
PSMA2	PSME2	9606.ENSP00000223321	9606.ENSP00000216802	0	0	0	0	0.122	0.988	0	0.421	0.994
PSMA2	PSMD10	9606.ENSP00000223321	9606.ENSP00000217958	0	0	0	0	0.178	0.045	0	0.614	0.671
PSMA2	PSMD7	9606.ENSP00000223321	9606.ENSP00000219313	0	0	0	0	0.625	0.995	0.800	0.628	0.999
PSMA2	RPL18A	9606.ENSP00000223321	9606.ENSP00000222247	0	0	0	0	0.375	0.094	0	0.060	0.421
PSMA2	RPS21	9606.ENSP00000223321	9606.ENSP00000345957	0	0	0	0	0.324	0	0	0.162	0.409
PSMA2	RPLP1	9606.ENSP00000223321	9606.ENSP00000346037	0	0	0	0	0.216	0	0	0.278	0.410
PSMA2	RPL7	9606.ENSP00000223321	9606.ENSP00000339795	0	0	0	0	0.372	0.091	0	0.055	0.413
PSMA2	RPL19	9606.ENSP00000223321	9606.ENSP00000225430	0	0	0	0	0.324	0	0	0.169	0.414
PSMA2	RPL10A	9606.ENSP00000223321	9606.ENSP00000363018	0	0	0	0	0.209	0.091	0	0.262	0.423
PSMA2	RPL15	9606.ENSP00000223321	9606.ENSP00000309334	0	0	0	0	0.357	0	0	0.151	0.432
PSMA2	RPS24	9606.ENSP00000223321	9606.ENSP00000414321	0	0	0	0	0.291	0	0	0.232	0.432
PSMA2	RPS13	9606.ENSP00000223321	9606.ENSP00000435777	0	0	0	0	0.408	0	0	0.096	0.442
PSMA2	RPS12	9606.ENSP00000223321	9606.ENSP00000230050	0	0	0	0	0.267	0	0	0.285	0.454
PSMA2	RPS25	9606.ENSP00000223321	9606.ENSP00000435096	0	0	0	0	0.246	0	0	0.316	0.463
PSMA2	RPL14	9606.ENSP00000223321	9606.ENSP00000379506	0	0	0	0	0.436	0.094	0	0	0.467
PSMA2	RPL4	9606.ENSP00000223321	9606.ENSP00000311430	0	0	0	0	0.439	0.094	0	0.050	0.475
PSMA2	RPL31	9606.ENSP00000223321	9606.ENSP00000386717	0	0	0	0	0.448	0.094	0	0	0.479
PSMA2	RPL18	9606.ENSP00000223321	9606.ENSP00000447001	0	0	0	0	0.277	0.094	0	0.271	0.481
PSMA2	PSMD9	9606.ENSP00000223321	9606.ENSP00000440485	0	0	0	0	0.217	0.099	0	0.338	0.492
PSMA2	RPL27A	9606.ENSP00000223321	9606.ENSP00000346015	0	0	0	0	0.502	0	0	0	0.502
PSMA2	RPL9	9606.ENSP00000223321	9606.ENSP00000494697	0	0	0	0	0.468	0	0	0.106	0.504
PSMA2	RPS4X	9606.ENSP00000223321	9606.ENSP00000362744	0	0	0	0	0.448	0.091	0	0.128	0.524
PSMA2	RPL6	9606.ENSP00000223321	9606.ENSP00000403172	0	0	0	0	0.472	0.094	0	0.094	0.529
PSMA2	RPL13	9606.ENSP00000223321	9606.ENSP00000307889	0	0	0	0	0.435	0	0	0.206	0.532
PSMA2	RPL30	9606.ENSP00000223321	9606.ENSP00000428085	0	0	0	0	0.460	0.095	0	0.126	0.536
PSMA2	RPL35A	9606.ENSP00000223321	9606.ENSP00000495672	0	0	0	0	0.513	0.094	0	0	0.540
PSMA2	RPS8	9606.ENSP00000223321	9606.ENSP00000379888	0	0	0	0	0.514	0.094	0	0	0.540
PSMA2	RPS3A	9606.ENSP00000223321	9606.ENSP00000346050	0	0	0	0	0.456	0.094	0	0.147	0.544
PSMA2	RPL28	9606.ENSP00000223321	9606.ENSP00000452763	0	0	0	0	0.409	0	0	0.259	0.544
PSMA2	SEM1	9606.ENSP00000223321	9606.ENSP00000481021	0	0	0	0	0.202	0.444	0	0.069	0.550
PSMA2	RPS9	9606.ENSP00000223321	9606.ENSP00000375632	0	0	0	0	0.432	0.091	0	0.212	0.558
PSMA2	RPL27	9606.ENSP00000223321	9606.ENSP00000464813	0	0	0	0	0.506	0.074	0	0.142	0.573
PSMA2	RPLP2	9606.ENSP00000223321	9606.ENSP00000431240	0	0	0	0	0.535	0	0	0.134	0.580
PSMA2	RPS2	9606.ENSP00000223321	9606.ENSP00000341885	0	0	0	0	0.513	0.095	0	0.128	0.582
PSMA2	RPLP0	9606.ENSP00000223321	9606.ENSP00000449328	0	0	0	0	0.406	0.095	0	0.288	0.583
PSMA2	RPL12	9606.ENSP00000223321	9606.ENSP00000354739	0	0	0	0	0.459	0.094	0	0.219	0.584
PSMA2	RPS16	9606.ENSP00000223321	9606.ENSP00000367806	0	0	0	0	0.552	0.094	0	0.106	0.606
PSMA2	RPS3	9606.ENSP00000223321	9606.ENSP00000278572	0	0	0	0	0.471	0.095	0	0.246	0.608
PSMA2	RPS20	9606.ENSP00000223321	9606.ENSP00000429374	0	0	0	0	0.640	0.095	0	0.154	0.701
PSMA2	RPSA	9606.ENSP00000223321	9606.ENSP00000389351	0	0	0	0	0.623	0.094	0	0.237	0.716
PSMA2	PSME3	9606.ENSP00000223321	9606.ENSP00000293362	0	0	0	0	0.173	0.646	0	0.562	0.860
PSMA2	PSMB11	9606.ENSP00000223321	9606.ENSP00000386212	0	0	0	0	0.317	0.378	0.720	0.226	0.895
PSMA2	UBA52	9606.ENSP00000223321	9606.ENSP00000388107	0	0	0	0	0.111	0.856	0.500	0.051	0.931
PSMA2	RPS27A	9606.ENSP00000223321	9606.ENSP00000272317	0	0	0	0	0.302	0.922	0.500	0.191	0.975
PSMA2	PSMF1	9606.ENSP00000223321	9606.ENSP00000338039	0	0	0	0	0.060	0.696	0.900	0.323	0.978
PSMA2	PSME1	9606.ENSP00000223321	9606.ENSP00000372155	0	0	0	0	0.125	0.985	0	0.443	0.992
PSMA2	PSMA8	9606.ENSP00000223321	9606.ENSP00000311121	0	0	0.070	0.868	0.617	0.962	0.720	0.202	0.996
PSMA2	PSME4	9606.ENSP00000223321	9606.ENSP00000384211	0	0	0	0	0.050	0.997	0	0.309	0.998
PSMA2	PSMB1	9606.ENSP00000223321	9606.ENSP00000262193	0	0	0	0	0.978	0.998	0.900	0.988	0.999
PSMA2	PSMD12	9606.ENSP00000223321	9606.ENSP00000348442	0	0	0	0	0.635	0.996	0.800	0.574	0.999
PSMA2	PSMA6	9606.ENSP00000223321	9606.ENSP00000261479	0	0	0	0.837	0.940	0.999	0.900	0.645	0.999
PSMA2	PSMD13	9606.ENSP00000223321	9606.ENSP00000396937	0	0	0	0	0.552	0.994	0.800	0.673	0.999
PSMA2	PSMA5	9606.ENSP00000223321	9606.ENSP00000271308	0	0	0.067	0.832	0.961	0.999	0.900	0.752	0.999
PSMA2	PSMD2	9606.ENSP00000223321	9606.ENSP00000310129	0	0	0	0	0.516	0.997	0.800	0.690	0.999
PSMA2	PSMD1	9606.ENSP00000223321	9606.ENSP00000309474	0	0	0	0	0.659	0.995	0	0.684	0.999
PSMA2	PSMB8	9606.ENSP00000223321	9606.ENSP00000364016	0	0	0	0	0.411	0.995	0.720	0.456	0.999
PSMA2	PSMC1	9606.ENSP00000223321	9606.ENSP00000261303	0	0.003	0	0	0.539	0.998	0	0.747	0.999
PSMA2	PSMD14	9606.ENSP00000223321	9606.ENSP00000386541	0	0	0	0	0.839	0.997	0.800	0.637	0.999
PSMA2	PSMB9	9606.ENSP00000223321	9606.ENSP00000363993	0	0	0	0	0.814	0.994	0.720	0.505	0.999
PSMA2	PSMB2	9606.ENSP00000223321	9606.ENSP00000362334	0	0	0	0	0.964	0.998	0.900	0.887	0.999
PSMA2	PSMB3	9606.ENSP00000223321	9606.ENSP00000483688	0	0	0	0	0.961	0.999	0.900	0.881	0.999
PSMA2	PSMC6	9606.ENSP00000223321	9606.ENSP00000484998	0	0.003	0	0	0.665	0.999	0	0.590	0.999
PSMA2	PSMC3	9606.ENSP00000223321	9606.ENSP00000481029	0	0.003	0	0	0.474	0.994	0.800	0.665	0.999
PSMA2	PSMC5	9606.ENSP00000223321	9606.ENSP00000310572	0	0.003	0	0	0.477	0.999	0	0.694	0.999
PSMA2	PSMD11	9606.ENSP00000223321	9606.ENSP00000261712	0	0	0	0	0.779	0.997	0.800	0.604	0.999
PSMA2	PSMB10	9606.ENSP00000223321	9606.ENSP00000351314	0	0	0	0	0.559	0.999	0.720	0.422	0.999
PSMA2	PSMD4	9606.ENSP00000223321	9606.ENSP00000357876	0	0	0	0	0.771	0.997	0	0.679	0.999
PSMA2	PSMC2	9606.ENSP00000223321	9606.ENSP00000391211	0	0.003	0	0	0.658	0.998	0.800	0.759	0.999
PSMA2	PSMA7	9606.ENSP00000223321	9606.ENSP00000359910	0	0	0.067	0.877	0.905	0.999	0.900	0.646	0.999
PSMA2	PSMD3	9606.ENSP00000223321	9606.ENSP00000264639	0	0	0	0	0.471	0.993	0.800	0.760	0.999
PSMA2	PSMD6	9606.ENSP00000223321	9606.ENSP00000418695	0	0	0	0	0.644	0.996	0.800	0.619	0.999
PSMA2	PSMB4	9606.ENSP00000223321	9606.ENSP00000290541	0	0	0	0	0.948	0.998	0.900	0.789	0.999
PSMA2	PSMB5	9606.ENSP00000223321	9606.ENSP00000355325	0	0	0	0	0.509	0.999	0.900	0.692	0.999
PSMA2	PSMB7	9606.ENSP00000223321	9606.ENSP00000259457	0	0	0	0	0.772	0.999	0.900	0.711	0.999
PSMA2	PSMB6	9606.ENSP00000223321	9606.ENSP00000270586	0	0	0	0	0.895	0.999	0.900	0.812	0.999
PSMA3	PSMA4	9606.ENSP00000216455	9606.ENSP00000044462	0	0	0	0.743	0.949	0.999	0.900	0.776	0.999
PSMA3	PSMC4	9606.ENSP00000216455	9606.ENSP00000157812	0.057	0	0	0	0.510	0.993	0	0.674	0.998
PSMA3	PSMD5	9606.ENSP00000216455	9606.ENSP00000210313	0	0	0	0	0.063	0.472	0	0.163	0.550
PSMA3	PSMD8	9606.ENSP00000216455	9606.ENSP00000215071	0	0	0	0	0.693	0.994	0	0.484	0.999
PSMA3	RPS6	9606.ENSP00000216455	9606.ENSP00000369757	0	0	0	0	0.297	0.069	0	0.164	0.405
PSMA3	RPL37A	9606.ENSP00000216455	9606.ENSP00000418082	0.070	0	0	0	0.388	0	0	0	0.407
PSMA3	RPS14	9606.ENSP00000216455	9606.ENSP00000385958	0	0	0	0	0.357	0.064	0	0.129	0.431
PSMA3	RPS24	9606.ENSP00000216455	9606.ENSP00000414321	0	0	0	0	0.380	0	0	0.129	0.437
PSMA3	RPS23	9606.ENSP00000216455	9606.ENSP00000296674	0	0	0	0	0.381	0	0	0.148	0.450
PSMA3	RPS11	9606.ENSP00000216455	9606.ENSP00000270625	0	0	0	0	0.422	0	0	0.095	0.454
PSMA3	PSMD10	9606.ENSP00000216455	9606.ENSP00000217958	0	0	0	0	0.115	0.086	0	0.390	0.464
PSMA3	RPL3	9606.ENSP00000216455	9606.ENSP00000346001	0	0	0	0	0.427	0	0	0.104	0.465
PSMA3	RPL34	9606.ENSP00000216455	9606.ENSP00000378163	0	0	0	0	0.443	0.047	0	0.073	0.465
PSMA3	RPS12	9606.ENSP00000216455	9606.ENSP00000230050	0	0	0	0	0.441	0.054	0	0.080	0.471
PSMA3	RPL18	9606.ENSP00000216455	9606.ENSP00000447001	0	0	0	0	0.458	0	0	0.096	0.489
PSMA3	RPL26	9606.ENSP00000216455	9606.ENSP00000463784	0	0	0	0	0.453	0	0	0.111	0.493
PSMA3	RPL7	9606.ENSP00000216455	9606.ENSP00000339795	0	0	0	0	0.474	0	0	0.087	0.499
PSMA3	RPL18A	9606.ENSP00000216455	9606.ENSP00000222247	0	0	0	0	0.459	0	0	0.122	0.505
PSMA3	RPS28	9606.ENSP00000216455	9606.ENSP00000472469	0	0	0	0	0.418	0.056	0	0.173	0.506
PSMA3	RPL8	9606.ENSP00000216455	9606.ENSP00000262584	0	0	0	0	0.390	0.064	0	0.211	0.510
PSMA3	RPL19	9606.ENSP00000216455	9606.ENSP00000225430	0	0	0	0	0.449	0	0	0.153	0.513
PSMA3	RPS26	9606.ENSP00000216455	9606.ENSP00000348849	0	0	0	0	0.472	0	0	0.125	0.518
PSMA3	RPL7A	9606.ENSP00000216455	9606.ENSP00000361076	0	0	0	0	0.475	0.054	0	0.122	0.526
PSMA3	RPL28	9606.ENSP00000216455	9606.ENSP00000452763	0	0	0	0	0.517	0	0	0.064	0.529
PSMA3	RPL15	9606.ENSP00000216455	9606.ENSP00000309334	0.070	0	0	0	0.459	0	0	0.143	0.531
PSMA3	RPS13	9606.ENSP00000216455	9606.ENSP00000435777	0	0	0	0	0.473	0.066	0	0.151	0.546
PSMA3	RPL12	9606.ENSP00000216455	9606.ENSP00000354739	0	0	0	0	0.538	0.072	0	0	0.553
PSMA3	RPL31	9606.ENSP00000216455	9606.ENSP00000386717	0	0	0	0	0.521	0.069	0	0.105	0.566
PSMA3	RPL4	9606.ENSP00000216455	9606.ENSP00000311430	0	0	0	0	0.543	0.071	0	0.064	0.568
PSMA3	RPL13	9606.ENSP00000216455	9606.ENSP00000307889	0	0	0	0	0.545	0.091	0	0.071	0.582
PSMA3	RPLP0	9606.ENSP00000216455	9606.ENSP00000449328	0	0	0	0	0.512	0	0	0.192	0.589
PSMA3	RPL9	9606.ENSP00000216455	9606.ENSP00000494697	0	0	0	0	0.556	0.066	0	0.091	0.591
PSMA3	RPS9	9606.ENSP00000216455	9606.ENSP00000375632	0	0	0	0	0.534	0.065	0	0.138	0.592
PSMA3	RPS3	9606.ENSP00000216455	9606.ENSP00000278572	0	0	0	0	0.553	0.089	0	0.081	0.593
PSMA3	RPLP2	9606.ENSP00000216455	9606.ENSP00000431240	0	0	0	0	0.552	0	0	0.132	0.594
PSMA3	RPS4X	9606.ENSP00000216455	9606.ENSP00000362744	0	0	0	0	0.563	0	0	0.114	0.596
PSMA3	RPL30	9606.ENSP00000216455	9606.ENSP00000428085	0	0	0	0	0.543	0.047	0	0.160	0.603
PSMA3	RPL5	9606.ENSP00000216455	9606.ENSP00000359345	0	0	0	0	0.365	0.071	0	0.383	0.604
PSMA3	RPL14	9606.ENSP00000216455	9606.ENSP00000379506	0	0	0	0	0.536	0	0	0.191	0.609
PSMA3	RPS3A	9606.ENSP00000216455	9606.ENSP00000346050	0	0	0	0	0.544	0	0	0.183	0.612
PSMA3	RPL35A	9606.ENSP00000216455	9606.ENSP00000495672	0	0	0	0	0.626	0.046	0	0	0.627
PSMA3	RPL27A	9606.ENSP00000216455	9606.ENSP00000346015	0	0	0	0	0.638	0.045	0	0.051	0.643
PSMA3	RPS8	9606.ENSP00000216455	9606.ENSP00000379888	0	0	0	0	0.659	0.069	0	0.049	0.672
PSMA3	RPL27	9606.ENSP00000216455	9606.ENSP00000464813	0	0	0	0	0.643	0	0	0.124	0.674
PSMA3	RPL6	9606.ENSP00000216455	9606.ENSP00000403172	0	0	0	0	0.639	0	0	0.210	0.703
PSMA3	RPL11	9606.ENSP00000216455	9606.ENSP00000496250	0	0	0	0	0.484	0.046	0	0.450	0.706
PSMA3	RPS2	9606.ENSP00000216455	9606.ENSP00000341885	0	0	0	0	0.664	0.067	0	0.170	0.717
PSMA3	RPSA	9606.ENSP00000216455	9606.ENSP00000389351	0	0	0	0	0.668	0.199	0	0.199	0.768
PSMA3	RPS20	9606.ENSP00000216455	9606.ENSP00000429374	0	0	0	0	0.672	0.067	0	0.321	0.774
PSMA3	PSME3	9606.ENSP00000216455	9606.ENSP00000293362	0	0	0	0	0.208	0.528	0	0.514	0.802
PSMA3	RPS16	9606.ENSP00000216455	9606.ENSP00000367806	0	0	0	0	0.682	0.071	0	0.437	0.819
PSMA3	PSMD9	9606.ENSP00000216455	9606.ENSP00000440485	0	0	0	0	0.177	0.091	0	0.781	0.822
PSMA3	PSMB11	9606.ENSP00000216455	9606.ENSP00000386212	0	0	0	0	0.597	0.133	0.720	0.378	0.931
PSMA3	UBA52	9606.ENSP00000216455	9606.ENSP00000388107	0	0	0	0	0.118	0.858	0.500	0.161	0.940
PSMA3	PSMF1	9606.ENSP00000216455	9606.ENSP00000338039	0	0	0	0	0.049	0.154	0.900	0.370	0.942
PSMA3	RPS27A	9606.ENSP00000216455	9606.ENSP00000272317	0	0	0	0	0.318	0.915	0.500	0.208	0.974
PSMA3	PSME1	9606.ENSP00000216455	9606.ENSP00000372155	0	0	0	0	0.165	0.970	0	0.503	0.986
PSMA3	PSME2	9606.ENSP00000216455	9606.ENSP00000216802	0	0	0	0	0.425	0.976	0	0.477	0.992
PSMA3	PSMA8	9606.ENSP00000216455	9606.ENSP00000311121	0	0	0	0.761	0.640	0.952	0.720	0.213	0.995
PSMA3	PSME4	9606.ENSP00000216455	9606.ENSP00000384211	0	0	0	0	0.049	0.993	0	0.541	0.997
PSMA3	PSMD13	9606.ENSP00000216455	9606.ENSP00000396937	0	0	0	0	0.402	0.991	0	0.684	0.998
PSMA3	PSMD3	9606.ENSP00000216455	9606.ENSP00000264639	0	0	0	0	0.453	0.992	0	0.546	0.998
PSMA3	PSMC5	9606.ENSP00000216455	9606.ENSP00000310572	0	0	0	0	0.555	0.991	0	0.727	0.998
PSMA3	PSMC6	9606.ENSP00000216455	9606.ENSP00000484998	0.057	0	0	0	0.809	0.999	0	0.851	0.999
PSMA3	PSMB3	9606.ENSP00000216455	9606.ENSP00000483688	0	0	0	0	0.944	0.997	0.900	0.897	0.999
PSMA3	PSMD14	9606.ENSP00000216455	9606.ENSP00000386541	0	0	0	0	0.934	0.997	0	0.505	0.999
PSMA3	PSMB9	9606.ENSP00000216455	9606.ENSP00000363993	0	0	0	0	0.692	0.997	0.720	0.869	0.999
PSMA3	PSMC1	9606.ENSP00000216455	9606.ENSP00000261303	0	0	0	0	0.730	0.996	0	0.736	0.999
PSMA3	PSMB8	9606.ENSP00000216455	9606.ENSP00000364016	0	0	0	0	0.641	0.993	0.720	0.707	0.999
PSMA3	PSMD1	9606.ENSP00000216455	9606.ENSP00000309474	0	0	0	0	0.752	0.996	0	0.671	0.999
PSMA3	PSMB2	9606.ENSP00000216455	9606.ENSP00000362334	0	0	0	0	0.960	0.997	0.900	0.811	0.999
PSMA3	PSMA5	9606.ENSP00000216455	9606.ENSP00000271308	0	0	0	0.810	0.976	0.998	0.900	0.680	0.999
PSMA3	PSMD2	9606.ENSP00000216455	9606.ENSP00000310129	0	0	0	0	0.661	0.997	0	0.812	0.999
PSMA3	PSMD7	9606.ENSP00000216455	9606.ENSP00000219313	0	0	0	0	0.625	0.993	0	0.725	0.999
PSMA3	PSMB1	9606.ENSP00000216455	9606.ENSP00000262193	0	0	0	0	0.961	0.997	0.900	0.978	0.999
PSMA3	PSMA6	9606.ENSP00000216455	9606.ENSP00000261479	0	0	0	0.783	0.997	0.999	0.900	0.730	0.999
PSMA3	PSMD12	9606.ENSP00000216455	9606.ENSP00000348442	0	0	0	0	0.686	0.992	0	0.625	0.999
PSMA3	PSMB6	9606.ENSP00000216455	9606.ENSP00000270586	0	0	0	0	0.814	0.997	0.900	0.810	0.999
PSMA3	PSMB4	9606.ENSP00000216455	9606.ENSP00000290541	0	0	0	0	0.941	0.997	0.900	0.940	0.999
PSMA3	PSMB5	9606.ENSP00000216455	9606.ENSP00000355325	0	0	0	0	0.680	0.999	0.900	0.780	0.999
PSMA3	PSMD6	9606.ENSP00000216455	9606.ENSP00000418695	0	0	0	0	0.743	0.994	0	0.588	0.999
PSMA3	PSMB7	9606.ENSP00000216455	9606.ENSP00000259457	0	0	0	0	0.688	0.997	0.900	0.780	0.999
PSMA3	PSMB10	9606.ENSP00000216455	9606.ENSP00000351314	0	0	0	0	0.411	0.999	0.720	0.477	0.999
PSMA3	PSMC2	9606.ENSP00000216455	9606.ENSP00000391211	0	0	0	0	0.815	0.993	0	0.687	0.999
PSMA3	PSMA7	9606.ENSP00000216455	9606.ENSP00000359910	0	0	0	0.794	0.874	0.999	0.900	0.552	0.999
PSMA3	PSMD4	9606.ENSP00000216455	9606.ENSP00000357876	0	0	0	0	0.725	0.997	0	0.720	0.999
PSMA3	PSMC3	9606.ENSP00000216455	9606.ENSP00000481029	0.057	0	0	0	0.484	0.997	0	0.812	0.999
PSMA3	PSMD11	9606.ENSP00000216455	9606.ENSP00000261712	0	0	0	0	0.839	0.995	0	0.572	0.999
PSMA4	RPL19	9606.ENSP00000044462	9606.ENSP00000225430	0	0	0	0	0.296	0	0	0.195	0.409
PSMA4	RPL14	9606.ENSP00000044462	9606.ENSP00000379506	0	0	0	0	0.374	0	0	0.110	0.419
PSMA4	RPL17	9606.ENSP00000044462	9606.ENSP00000463842	0	0	0	0	0.297	0	0	0.213	0.423
PSMA4	RPL4	9606.ENSP00000044462	9606.ENSP00000311430	0	0	0	0	0.401	0.071	0	0.064	0.434
PSMA4	RPLP0	9606.ENSP00000044462	9606.ENSP00000449328	0	0	0	0	0.357	0	0	0.166	0.441
PSMA4	RPL35A	9606.ENSP00000044462	9606.ENSP00000495672	0	0	0	0	0.439	0.046	0	0	0.442
PSMA4	RPS9	9606.ENSP00000044462	9606.ENSP00000375632	0	0	0	0	0.390	0.065	0	0.113	0.450
PSMA4	RPL31	9606.ENSP00000044462	9606.ENSP00000386717	0	0	0	0	0.413	0.094	0	0.055	0.454
PSMA4	RPS4X	9606.ENSP00000044462	9606.ENSP00000362744	0	0	0	0	0.419	0	0	0.119	0.467
PSMA4	RPL12	9606.ENSP00000044462	9606.ENSP00000354739	0	0	0	0	0.419	0.072	0	0.093	0.468
PSMA4	RPL30	9606.ENSP00000044462	9606.ENSP00000428085	0	0	0	0	0.421	0.067	0	0.101	0.472
PSMA4	RPS3	9606.ENSP00000044462	9606.ENSP00000278572	0	0	0	0	0.418	0.095	0	0.081	0.474
PSMA4	RPLP2	9606.ENSP00000044462	9606.ENSP00000431240	0	0	0	0	0.471	0	0	0.050	0.476
PSMA4	RPS8	9606.ENSP00000044462	9606.ENSP00000379888	0	0	0	0	0.466	0.069	0	0	0.481
PSMA4	PSMD10	9606.ENSP00000044462	9606.ENSP00000217958	0	0	0	0	0.209	0.086	0	0.350	0.489
PSMA4	RPS3A	9606.ENSP00000044462	9606.ENSP00000346050	0	0	0	0	0.433	0	0	0.149	0.497
PSMA4	RPL27	9606.ENSP00000044462	9606.ENSP00000464813	0	0	0	0	0.463	0	0	0.110	0.502
PSMA4	RPL6	9606.ENSP00000044462	9606.ENSP00000403172	0	0	0	0	0.463	0	0	0.110	0.502
PSMA4	RPS24	9606.ENSP00000044462	9606.ENSP00000414321	0	0	0	0	0.317	0	0	0.307	0.507
PSMA4	RPL27A	9606.ENSP00000044462	9606.ENSP00000346015	0	0	0	0	0.444	0.045	0	0.164	0.517
PSMA4	RPL13	9606.ENSP00000044462	9606.ENSP00000307889	0	0	0	0	0.401	0.091	0	0.186	0.518
PSMA4	RPS16	9606.ENSP00000044462	9606.ENSP00000367806	0	0	0	0	0.509	0.071	0	0.090	0.549
PSMA4	RPL9	9606.ENSP00000044462	9606.ENSP00000494697	0	0	0	0	0.458	0.067	0	0.186	0.553
PSMA4	RPS2	9606.ENSP00000044462	9606.ENSP00000341885	0	0	0	0	0.447	0.067	0	0.214	0.559
PSMA4	RPSA	9606.ENSP00000044462	9606.ENSP00000389351	0	0	0	0	0.524	0.094	0	0.069	0.563
PSMA4	RPS20	9606.ENSP00000044462	9606.ENSP00000429374	0	0	0	0	0.536	0.067	0	0.143	0.596
PSMA4	PSMD9	9606.ENSP00000044462	9606.ENSP00000440485	0	0	0	0	0.237	0.099	0	0.512	0.635
PSMA4	PSMD5	9606.ENSP00000044462	9606.ENSP00000210313	0	0	0	0	0.067	0.688	0	0.180	0.740
PSMA4	PSMB11	9606.ENSP00000044462	9606.ENSP00000386212	0	0	0	0	0.366	0.133	0.720	0.312	0.880
PSMA4	PSME3	9606.ENSP00000044462	9606.ENSP00000293362	0	0	0	0	0.234	0.767	0	0.416	0.887
PSMA4	UBA52	9606.ENSP00000044462	9606.ENSP00000388107	0	0	0	0	0.126	0.856	0.500	0.205	0.943
PSMA4	RPS27A	9606.ENSP00000044462	9606.ENSP00000272317	0	0	0	0	0.262	0.940	0.500	0.125	0.978
PSMA4	PSMF1	9606.ENSP00000044462	9606.ENSP00000338039	0	0	0	0	0.085	0.755	0.900	0.308	0.982
PSMA4	PSME2	9606.ENSP00000044462	9606.ENSP00000216802	0	0	0	0	0.354	0.976	0	0.427	0.990
PSMA4	PSME1	9606.ENSP00000044462	9606.ENSP00000372155	0	0	0	0	0.208	0.976	0	0.627	0.992
PSMA4	PSME4	9606.ENSP00000044462	9606.ENSP00000384211	0	0	0	0	0.056	0.987	0	0.408	0.992
PSMA4	PSMA8	9606.ENSP00000044462	9606.ENSP00000311121	0	0	0	0.857	0.592	0.953	0.720	0.218	0.995
PSMA4	PSMB10	9606.ENSP00000044462	9606.ENSP00000351314	0	0	0	0.607	0.470	0.964	0.720	0.296	0.995
PSMA4	PSMD13	9606.ENSP00000044462	9606.ENSP00000396937	0	0	0	0	0.456	0.993	0	0.682	0.998
PSMA4	PSMD3	9606.ENSP00000044462	9606.ENSP00000264639	0	0	0	0	0.340	0.996	0	0.528	0.998
PSMA4	PSMD8	9606.ENSP00000044462	9606.ENSP00000215071	0	0	0	0	0.876	0.995	0	0.529	0.999
PSMA4	PSMC6	9606.ENSP00000044462	9606.ENSP00000484998	0.057	0	0	0	0.816	0.998	0	0.724	0.999
PSMA4	PSMB3	9606.ENSP00000044462	9606.ENSP00000483688	0	0	0	0	0.931	0.997	0.900	0.890	0.999
PSMA4	PSMC1	9606.ENSP00000044462	9606.ENSP00000261303	0	0	0	0	0.722	0.999	0	0.630	0.999
PSMA4	PSMB8	9606.ENSP00000044462	9606.ENSP00000364016	0	0	0	0	0.411	0.999	0.720	0.526	0.999
PSMA4	PSMD14	9606.ENSP00000044462	9606.ENSP00000386541	0	0	0	0	0.886	0.997	0	0.574	0.999
PSMA4	PSMB9	9606.ENSP00000044462	9606.ENSP00000363993	0	0	0	0	0.632	0.999	0.720	0.765	0.999
PSMA4	PSMD1	9606.ENSP00000044462	9606.ENSP00000309474	0	0	0	0	0.652	0.992	0	0.722	0.999
PSMA4	PSMB2	9606.ENSP00000044462	9606.ENSP00000362334	0	0	0	0	0.940	0.997	0.900	0.819	0.999
PSMA4	PSMA5	9606.ENSP00000044462	9606.ENSP00000271308	0	0	0.088	0.821	0.973	0.999	0.900	0.524	0.999
PSMA4	PSMD2	9606.ENSP00000044462	9606.ENSP00000310129	0	0	0	0	0.533	0.995	0	0.693	0.999
PSMA4	PSMD7	9606.ENSP00000044462	9606.ENSP00000219313	0	0	0	0	0.753	0.997	0	0.613	0.999
PSMA4	PSMB1	9606.ENSP00000044462	9606.ENSP00000262193	0	0	0	0	0.898	0.998	0.900	0.920	0.999
PSMA4	PSMA6	9606.ENSP00000044462	9606.ENSP00000261479	0	0	0	0.814	0.955	0.999	0.900	0.536	0.999
PSMA4	PSMD12	9606.ENSP00000044462	9606.ENSP00000348442	0	0	0	0	0.857	0.996	0	0.594	0.999
PSMA4	PSMB6	9606.ENSP00000044462	9606.ENSP00000270586	0	0	0	0	0.784	0.999	0.900	0.852	0.999
PSMA4	PSMB4	9606.ENSP00000044462	9606.ENSP00000290541	0	0	0	0	0.882	0.998	0.900	0.807	0.999
PSMA4	PSMB5	9606.ENSP00000044462	9606.ENSP00000355325	0	0	0	0	0.473	0.999	0.900	0.780	0.999
PSMA4	PSMD6	9606.ENSP00000044462	9606.ENSP00000418695	0	0	0	0	0.599	0.994	0	0.625	0.999
PSMA4	PSMB7	9606.ENSP00000044462	9606.ENSP00000259457	0	0	0	0	0.660	0.999	0.900	0.744	0.999
PSMA4	PSMD4	9606.ENSP00000044462	9606.ENSP00000357876	0	0	0	0	0.849	0.997	0	0.647	0.999
PSMA4	PSMC2	9606.ENSP00000044462	9606.ENSP00000391211	0	0	0	0	0.642	0.992	0	0.690	0.999
PSMA4	PSMA7	9606.ENSP00000044462	9606.ENSP00000359910	0	0	0	0.861	0.900	0.999	0.900	0.257	0.999
PSMA4	PSMC3	9606.ENSP00000044462	9606.ENSP00000481029	0.057	0	0	0	0.526	0.989	0	0.889	0.999
PSMA4	PSMC4	9606.ENSP00000044462	9606.ENSP00000157812	0.057	0	0	0	0.716	0.993	0	0.643	0.999
PSMA4	PSMC5	9606.ENSP00000044462	9606.ENSP00000310572	0	0	0	0	0.509	0.999	0	0.726	0.999
PSMA4	PSMD11	9606.ENSP00000044462	9606.ENSP00000261712	0	0	0	0	0.663	0.998	0	0.616	0.999
PSMA5	PSMC4	9606.ENSP00000271308	9606.ENSP00000157812	0.057	0	0	0	0.865	0.993	0	0.770	0.999
PSMA5	PSMD5	9606.ENSP00000271308	9606.ENSP00000210313	0	0	0	0	0.125	0.301	0	0.260	0.509
PSMA5	PSMD8	9606.ENSP00000271308	9606.ENSP00000215071	0	0	0	0	0.812	0.984	0	0.420	0.998
PSMA5	PSME2	9606.ENSP00000271308	9606.ENSP00000216802	0	0	0	0	0.296	0.983	0	0.474	0.993
PSMA5	PSMD10	9606.ENSP00000271308	9606.ENSP00000217958	0	0	0	0	0.200	0.086	0	0.403	0.525
PSMA5	PSMD7	9606.ENSP00000271308	9606.ENSP00000219313	0	0	0	0	0.714	0.995	0.800	0.719	0.999
PSMA5	RPL18A	9606.ENSP00000271308	9606.ENSP00000222247	0	0	0	0	0.420	0	0	0.067	0.435
PSMA5	RPL19	9606.ENSP00000271308	9606.ENSP00000225430	0	0	0.220	0	0.410	0	0	0.115	0.557
PSMA5	RPS12	9606.ENSP00000271308	9606.ENSP00000230050	0	0	0	0	0.431	0.095	0	0.080	0.485
PSMA5	PSMB7	9606.ENSP00000271308	9606.ENSP00000259457	0	0	0	0	0.820	0.995	0.900	0.886	0.999
PSMA5	PSMC1	9606.ENSP00000271308	9606.ENSP00000261303	0	0	0	0	0.882	0.996	0	0.603	0.999
PSMA5	PSMA6	9606.ENSP00000271308	9606.ENSP00000261479	0	0	0	0.788	0.964	0.999	0.900	0.809	0.999
PSMA5	PSMD11	9606.ENSP00000271308	9606.ENSP00000261712	0	0	0	0	0.825	0.994	0.800	0.592	0.999
PSMA5	PSMB1	9606.ENSP00000271308	9606.ENSP00000262193	0	0	0	0	0.947	0.997	0.900	0.908	0.999
PSMA5	PSMD3	9606.ENSP00000271308	9606.ENSP00000264639	0	0	0	0	0.472	0.990	0.800	0.736	0.999
PSMA5	PSMB6	9606.ENSP00000271308	9606.ENSP00000270586	0	0	0	0	0.849	0.994	0.900	0.715	0.999
PSMA5	RPL3	9606.ENSP00000271308	9606.ENSP00000346001	0	0	0	0	0.384	0	0	0.082	0.410
PSMA5	RPS23	9606.ENSP00000271308	9606.ENSP00000296674	0	0	0	0	0.308	0	0	0.184	0.412
PSMA5	RPS7	9606.ENSP00000271308	9606.ENSP00000495273	0	0	0	0	0.307	0.094	0	0.149	0.420
PSMA5	RPS14	9606.ENSP00000271308	9606.ENSP00000385958	0	0	0	0	0.374	0.091	0	0.088	0.436
PSMA5	RPS15A	9606.ENSP00000271308	9606.ENSP00000318646	0	0	0	0	0.283	0.057	0	0.239	0.440
PSMA5	RPS18	9606.ENSP00000271308	9606.ENSP00000393241	0	0	0	0	0.453	0	0	0.045	0.455
PSMA5	RPLP2	9606.ENSP00000271308	9606.ENSP00000431240	0	0	0	0	0.455	0	0	0.050	0.460
PSMA5	RPS3A	9606.ENSP00000271308	9606.ENSP00000346050	0	0	0	0	0.442	0	0	0.082	0.466
PSMA5	RPL5	9606.ENSP00000271308	9606.ENSP00000359345	0	0	0	0	0.441	0.071	0	0.065	0.472
PSMA5	RPL26	9606.ENSP00000271308	9606.ENSP00000463784	0	0	0	0	0.435	0	0	0.125	0.484
PSMA5	RPL11	9606.ENSP00000271308	9606.ENSP00000496250	0	0	0	0	0.443	0.046	0	0.128	0.496
PSMA5	RPS26	9606.ENSP00000271308	9606.ENSP00000348849	0	0	0	0	0.450	0	0	0.125	0.498
PSMA5	RPL7	9606.ENSP00000271308	9606.ENSP00000339795	0	0	0	0	0.428	0	0	0.160	0.499
PSMA5	RPL31	9606.ENSP00000271308	9606.ENSP00000386717	0	0	0	0	0.468	0.069	0	0.073	0.500
PSMA5	RPL4	9606.ENSP00000271308	9606.ENSP00000311430	0	0	0	0	0.449	0.071	0	0.103	0.500
PSMA5	RPL34	9606.ENSP00000271308	9606.ENSP00000378163	0	0	0	0	0.445	0.047	0	0.138	0.505
PSMA5	RPL7A	9606.ENSP00000271308	9606.ENSP00000361076	0	0	0	0	0.490	0.054	0	0.092	0.524
PSMA5	RPL18	9606.ENSP00000271308	9606.ENSP00000447001	0	0	0	0	0.479	0	0	0.139	0.533
PSMA5	RPL30	9606.ENSP00000271308	9606.ENSP00000428085	0	0	0	0	0.473	0.047	0	0.147	0.535
PSMA5	RPL28	9606.ENSP00000271308	9606.ENSP00000452763	0	0	0	0	0.521	0	0	0.073	0.537
PSMA5	RPL35A	9606.ENSP00000271308	9606.ENSP00000495672	0	0	0	0	0.524	0.046	0	0.068	0.539
PSMA5	RPS13	9606.ENSP00000271308	9606.ENSP00000435777	0	0	0	0	0.463	0.095	0	0.131	0.541
PSMA5	RPLP0	9606.ENSP00000271308	9606.ENSP00000449328	0	0	0	0	0.438	0	0	0.219	0.542
PSMA5	RPL12	9606.ENSP00000271308	9606.ENSP00000354739	0	0	0	0	0.454	0.072	0	0.169	0.543
PSMA5	RPL14	9606.ENSP00000271308	9606.ENSP00000379506	0	0	0	0	0.511	0	0	0.110	0.546
PSMA5	RPL13	9606.ENSP00000271308	9606.ENSP00000307889	0	0	0	0	0.507	0.091	0	0.071	0.547
PSMA5	RPL9	9606.ENSP00000271308	9606.ENSP00000494697	0	0	0	0	0.506	0.066	0	0.121	0.559
PSMA5	RPS4X	9606.ENSP00000271308	9606.ENSP00000362744	0	0	0	0	0.548	0	0	0.105	0.578
PSMA5	RPL6	9606.ENSP00000271308	9606.ENSP00000403172	0	0	0	0	0.534	0	0	0.142	0.583
PSMA5	RPS3	9606.ENSP00000271308	9606.ENSP00000278572	0	0	0	0	0.515	0.095	0	0.143	0.591
PSMA5	PSMD9	9606.ENSP00000271308	9606.ENSP00000440485	0	0	0	0	0.167	0.099	0	0.532	0.618
PSMA5	RPL27A	9606.ENSP00000271308	9606.ENSP00000346015	0	0	0	0	0.537	0.045	0	0.211	0.621
PSMA5	RPS9	9606.ENSP00000271308	9606.ENSP00000375632	0	0	0	0	0.537	0.094	0	0.212	0.641
PSMA5	RPS8	9606.ENSP00000271308	9606.ENSP00000379888	0	0	0	0	0.631	0.094	0	0	0.651
PSMA5	RPS16	9606.ENSP00000271308	9606.ENSP00000367806	0	0	0	0	0.639	0.071	0	0.078	0.664
PSMA5	RPL27	9606.ENSP00000271308	9606.ENSP00000464813	0	0	0	0	0.653	0	0	0.110	0.678
PSMA5	RPL15	9606.ENSP00000271308	9606.ENSP00000309334	0.070	0.433	0	0	0.443	0	0	0.142	0.714
PSMA5	RPS2	9606.ENSP00000271308	9606.ENSP00000341885	0	0	0	0	0.663	0.095	0	0.149	0.718
PSMA5	RPSA	9606.ENSP00000271308	9606.ENSP00000389351	0	0	0	0	0.674	0.094	0	0.139	0.723
PSMA5	RPS20	9606.ENSP00000271308	9606.ENSP00000429374	0	0	0	0	0.644	0.095	0	0.230	0.730
PSMA5	PSME3	9606.ENSP00000271308	9606.ENSP00000293362	0	0	0	0	0.182	0.774	0	0.538	0.907
PSMA5	UBA52	9606.ENSP00000271308	9606.ENSP00000388107	0	0	0	0	0.123	0.879	0.500	0.175	0.950
PSMA5	PSMB11	9606.ENSP00000271308	9606.ENSP00000386212	0	0	0	0	0.537	0.623	0.720	0.148	0.952
PSMA5	RPS27A	9606.ENSP00000271308	9606.ENSP00000272317	0	0	0	0	0.316	0.896	0.500	0.067	0.962
PSMA5	PSMF1	9606.ENSP00000271308	9606.ENSP00000338039	0	0	0	0	0.137	0.731	0.900	0.184	0.978
PSMA5	PSME1	9606.ENSP00000271308	9606.ENSP00000372155	0	0	0	0	0.176	0.971	0	0.451	0.986
PSMA5	PSME4	9606.ENSP00000271308	9606.ENSP00000384211	0	0	0	0	0.049	0.988	0	0.316	0.992
PSMA5	PSMA8	9606.ENSP00000271308	9606.ENSP00000311121	0	0	0.067	0.859	0.687	0.968	0.720	0.085	0.997
PSMA5	PSMD2	9606.ENSP00000271308	9606.ENSP00000310129	0	0	0	0	0.718	0.995	0.800	0.842	0.999
PSMA5	PSMD12	9606.ENSP00000271308	9606.ENSP00000348442	0	0	0	0	0.690	0.992	0.800	0.750	0.999
PSMA5	PSMD13	9606.ENSP00000271308	9606.ENSP00000396937	0	0	0	0	0.516	0.992	0.800	0.698	0.999
PSMA5	PSMC6	9606.ENSP00000271308	9606.ENSP00000484998	0.057	0	0	0	0.739	0.998	0	0.756	0.999
PSMA5	PSMB3	9606.ENSP00000271308	9606.ENSP00000483688	0	0	0	0	0.908	0.997	0.900	0.913	0.999
PSMA5	PSMD1	9606.ENSP00000271308	9606.ENSP00000309474	0	0	0	0	0.786	0.995	0	0.811	0.999
PSMA5	PSMD14	9606.ENSP00000271308	9606.ENSP00000386541	0	0	0	0	0.938	0.997	0.800	0.624	0.999
PSMA5	PSMB9	9606.ENSP00000271308	9606.ENSP00000363993	0	0	0	0	0.795	0.993	0.720	0.531	0.999
PSMA5	PSMB8	9606.ENSP00000271308	9606.ENSP00000364016	0	0	0	0.616	0.619	0.995	0.720	0.286	0.999
PSMA5	PSMB2	9606.ENSP00000271308	9606.ENSP00000362334	0	0	0	0	0.977	0.997	0.900	0.834	0.999
PSMA5	PSMB10	9606.ENSP00000271308	9606.ENSP00000351314	0	0	0	0.640	0.717	0.985	0.720	0.344	0.999
PSMA5	PSMC2	9606.ENSP00000271308	9606.ENSP00000391211	0	0	0	0	0.800	0.997	0.800	0.768	0.999
PSMA5	PSMA7	9606.ENSP00000271308	9606.ENSP00000359910	0	0	0.064	0.861	0.922	0.999	0.900	0.430	0.999
PSMA5	PSMD4	9606.ENSP00000271308	9606.ENSP00000357876	0	0	0	0	0.786	0.997	0	0.764	0.999
PSMA5	PSMC5	9606.ENSP00000271308	9606.ENSP00000310572	0	0	0	0	0.877	0.991	0	0.733	0.999
PSMA5	PSMC3	9606.ENSP00000271308	9606.ENSP00000481029	0.057	0	0	0	0.596	0.997	0.800	0.825	0.999
PSMA5	PSMD6	9606.ENSP00000271308	9606.ENSP00000418695	0	0	0	0	0.777	0.994	0.800	0.697	0.999
PSMA5	PSMB4	9606.ENSP00000271308	9606.ENSP00000290541	0	0	0	0	0.951	0.997	0.900	0.818	0.999
PSMA5	PSMB5	9606.ENSP00000271308	9606.ENSP00000355325	0	0	0	0	0.675	0.996	0.900	0.796	0.999
PSMA6	PSMC4	9606.ENSP00000261479	9606.ENSP00000157812	0.057	0	0	0	0.846	0.999	0	0.616	0.999
PSMA6	PSMD5	9606.ENSP00000261479	9606.ENSP00000210313	0	0	0	0	0.110	0.657	0	0.089	0.698
PSMA6	PSMD8	9606.ENSP00000261479	9606.ENSP00000215071	0	0	0	0	0.721	0.991	0	0.448	0.998
PSMA6	PSME2	9606.ENSP00000261479	9606.ENSP00000216802	0	0	0	0	0.341	0.956	0	0.445	0.982
PSMA6	PSMD10	9606.ENSP00000261479	9606.ENSP00000217958	0	0	0	0	0.141	0.086	0	0.470	0.548
PSMA6	PSMD7	9606.ENSP00000261479	9606.ENSP00000219313	0	0	0	0	0.601	0.992	0	0.557	0.998
PSMA6	RPL18A	9606.ENSP00000261479	9606.ENSP00000222247	0	0	0	0	0.335	0	0	0.185	0.435
PSMA6	PSMB7	9606.ENSP00000261479	9606.ENSP00000259457	0	0	0	0	0.810	0.999	0.900	0.836	0.999
PSMA6	PSMC1	9606.ENSP00000261479	9606.ENSP00000261303	0	0	0	0	0.724	0.996	0	0.566	0.999
PSMA6	RPS13	9606.ENSP00000261479	9606.ENSP00000435777	0	0	0	0	0.358	0.066	0	0.081	0.401
PSMA6	RPS14	9606.ENSP00000261479	9606.ENSP00000385958	0	0	0	0	0.288	0.064	0	0.185	0.409
PSMA6	RPL8	9606.ENSP00000261479	9606.ENSP00000262584	0	0	0	0	0.259	0.064	0	0.222	0.414
PSMA6	RPL7	9606.ENSP00000261479	9606.ENSP00000339795	0	0	0	0	0.343	0	0	0.145	0.415
PSMA6	RPL13	9606.ENSP00000261479	9606.ENSP00000307889	0	0	0	0	0.370	0.091	0	0.071	0.421
PSMA6	RPL28	9606.ENSP00000261479	9606.ENSP00000452763	0	0	0	0	0.388	0	0	0.120	0.438
PSMA6	RPS8	9606.ENSP00000261479	9606.ENSP00000379888	0	0	0	0	0.437	0.069	0	0	0.453
PSMA6	RPL34	9606.ENSP00000261479	9606.ENSP00000378163	0	0	0	0	0.359	0.047	0	0.181	0.456
PSMA6	RPL14	9606.ENSP00000261479	9606.ENSP00000379506	0	0	0	0	0.416	0	0	0.110	0.458
PSMA6	RPL12	9606.ENSP00000261479	9606.ENSP00000354739	0	0	0	0	0.448	0.072	0	0	0.466
PSMA6	RPL15	9606.ENSP00000261479	9606.ENSP00000309334	0.070	0	0	0	0.352	0	0	0.190	0.470
PSMA6	PSMD9	9606.ENSP00000261479	9606.ENSP00000440485	0	0	0	0	0.212	0.091	0	0.320	0.470
PSMA6	RPL31	9606.ENSP00000261479	9606.ENSP00000386717	0	0	0	0	0.417	0.069	0	0.104	0.471
PSMA6	RPS3	9606.ENSP00000261479	9606.ENSP00000278572	0	0	0	0	0.427	0.089	0	0.081	0.478
PSMA6	RPS4X	9606.ENSP00000261479	9606.ENSP00000362744	0	0	0	0	0.434	0	0	0.127	0.485
PSMA6	RPL4	9606.ENSP00000261479	9606.ENSP00000311430	0	0	0	0	0.432	0.071	0	0.107	0.488
PSMA6	RPLP0	9606.ENSP00000261479	9606.ENSP00000449328	0	0	0	0	0.418	0	0	0.162	0.492
PSMA6	RPL27A	9606.ENSP00000261479	9606.ENSP00000346015	0	0	0	0	0.475	0.045	0	0.077	0.497
PSMA6	RPS2	9606.ENSP00000261479	9606.ENSP00000341885	0	0	0	0	0.455	0.067	0	0.120	0.513
PSMA6	RPL27	9606.ENSP00000261479	9606.ENSP00000464813	0	0	0	0	0.483	0	0	0.110	0.520
PSMA6	RPL6	9606.ENSP00000261479	9606.ENSP00000403172	0	0	0	0	0.434	0	0	0.187	0.520
PSMA6	RPL35A	9606.ENSP00000261479	9606.ENSP00000495672	0	0	0	0	0.508	0.067	0	0	0.521
PSMA6	RPS3A	9606.ENSP00000261479	9606.ENSP00000346050	0	0	0	0	0.445	0	0	0.185	0.529
PSMA6	RPLP2	9606.ENSP00000261479	9606.ENSP00000431240	0	0	0	0	0.468	0	0	0.155	0.532
PSMA6	RPS9	9606.ENSP00000261479	9606.ENSP00000375632	0	0	0	0	0.405	0.065	0	0.241	0.540
PSMA6	RPS16	9606.ENSP00000261479	9606.ENSP00000367806	0	0	0	0	0.515	0.071	0	0.064	0.541
PSMA6	RPL30	9606.ENSP00000261479	9606.ENSP00000428085	0	0	0	0	0.449	0.047	0	0.238	0.565
PSMA6	RPSA	9606.ENSP00000261479	9606.ENSP00000389351	0	0	0	0	0.525	0.060	0	0.137	0.581
PSMA6	RPS20	9606.ENSP00000261479	9606.ENSP00000429374	0	0	0	0	0.548	0.067	0	0.191	0.629
PSMA6	RPL9	9606.ENSP00000261479	9606.ENSP00000494697	0	0	0	0	0.465	0.066	0	0.470	0.712
PSMA6	PSME3	9606.ENSP00000261479	9606.ENSP00000293362	0	0	0	0	0.210	0.680	0	0.359	0.824
PSMA6	PSMB11	9606.ENSP00000261479	9606.ENSP00000386212	0	0	0	0	0.362	0.133	0.720	0.274	0.872
PSMA6	UBA52	9606.ENSP00000261479	9606.ENSP00000388107	0	0	0	0	0.126	0.883	0.500	0.132	0.950
PSMA6	PSMF1	9606.ENSP00000261479	9606.ENSP00000338039	0	0	0	0	0.060	0.489	0.900	0.240	0.958
PSMA6	RPS27A	9606.ENSP00000261479	9606.ENSP00000272317	0	0	0	0	0.256	0.941	0.500	0.211	0.980
PSMA6	PSMA8	9606.ENSP00000261479	9606.ENSP00000311121	0	0	0	0.779	0.502	0.950	0.720	0.145	0.993
PSMA6	PSME1	9606.ENSP00000261479	9606.ENSP00000372155	0	0	0	0	0.199	0.972	0	0.715	0.993
PSMA6	PSME4	9606.ENSP00000261479	9606.ENSP00000384211	0	0	0	0	0.049	0.992	0	0.322	0.994
PSMA6	PSMD3	9606.ENSP00000261479	9606.ENSP00000264639	0	0	0	0	0.437	0.992	0	0.412	0.997
PSMA6	PSMD13	9606.ENSP00000261479	9606.ENSP00000396937	0	0	0	0	0.464	0.992	0	0.710	0.998
PSMA6	PSMD2	9606.ENSP00000261479	9606.ENSP00000310129	0	0	0	0	0.483	0.992	0	0.673	0.998
PSMA6	PSMB2	9606.ENSP00000261479	9606.ENSP00000362334	0	0	0	0	0.973	0.998	0.900	0.783	0.999
PSMA6	PSMD1	9606.ENSP00000261479	9606.ENSP00000309474	0	0	0	0	0.587	0.995	0	0.578	0.999
PSMA6	PSMB8	9606.ENSP00000261479	9606.ENSP00000364016	0	0	0	0	0.422	0.999	0.720	0.553	0.999
PSMA6	PSMB9	9606.ENSP00000261479	9606.ENSP00000363993	0	0	0	0	0.421	0.997	0.720	0.558	0.999
PSMA6	PSMD14	9606.ENSP00000261479	9606.ENSP00000386541	0	0	0	0	0.916	0.997	0	0.373	0.999
PSMA6	PSMC6	9606.ENSP00000261479	9606.ENSP00000484998	0.057	0	0	0	0.677	0.999	0	0.736	0.999
PSMA6	PSMB3	9606.ENSP00000261479	9606.ENSP00000483688	0	0	0	0	0.890	0.998	0.900	0.717	0.999
PSMA6	PSMD12	9606.ENSP00000261479	9606.ENSP00000348442	0	0	0	0	0.728	0.997	0	0.773	0.999
PSMA6	PSMB1	9606.ENSP00000261479	9606.ENSP00000262193	0	0	0	0	0.900	0.998	0.900	0.832	0.999
PSMA6	PSMD6	9606.ENSP00000261479	9606.ENSP00000418695	0	0	0	0	0.751	0.994	0	0.608	0.999
PSMA6	PSMB5	9606.ENSP00000261479	9606.ENSP00000355325	0	0	0	0	0.501	0.999	0.900	0.803	0.999
PSMA6	PSMB4	9606.ENSP00000261479	9606.ENSP00000290541	0	0	0	0	0.819	0.998	0.900	0.872	0.999
PSMA6	PSMB6	9606.ENSP00000261479	9606.ENSP00000270586	0	0	0	0	0.673	0.999	0.900	0.847	0.999
PSMA6	PSMD11	9606.ENSP00000261479	9606.ENSP00000261712	0	0	0	0	0.824	0.993	0	0.397	0.999
PSMA6	PSMC3	9606.ENSP00000261479	9606.ENSP00000481029	0.057	0	0	0	0.487	0.995	0	0.763	0.999
PSMA6	PSMC5	9606.ENSP00000261479	9606.ENSP00000310572	0	0	0	0	0.776	0.996	0	0.707	0.999
PSMA6	PSMD4	9606.ENSP00000261479	9606.ENSP00000357876	0	0	0	0	0.706	0.997	0	0.523	0.999
PSMA6	PSMA7	9606.ENSP00000261479	9606.ENSP00000359910	0	0	0.074	0.811	0.856	0.999	0.900	0.464	0.999
PSMA6	PSMC2	9606.ENSP00000261479	9606.ENSP00000391211	0	0	0	0	0.573	0.995	0	0.701	0.999
PSMA6	PSMB10	9606.ENSP00000261479	9606.ENSP00000351314	0	0	0	0	0.642	0.982	0.720	0.513	0.999
PSMA7	PSMC4	9606.ENSP00000359910	9606.ENSP00000157812	0.057	0	0	0	0.719	0.989	0	0.680	0.998
PSMA7	PSMD5	9606.ENSP00000359910	9606.ENSP00000210313	0	0	0	0	0.067	0.744	0	0.089	0.763
PSMA7	PSMD8	9606.ENSP00000359910	9606.ENSP00000215071	0	0	0	0	0.855	0.975	0	0.469	0.997
PSMA7	PSME2	9606.ENSP00000359910	9606.ENSP00000216802	0	0	0	0	0.199	0.959	0	0.322	0.976
PSMA7	PSMD10	9606.ENSP00000359910	9606.ENSP00000217958	0	0	0	0	0.144	0.086	0	0.363	0.458
PSMA7	PSMD7	9606.ENSP00000359910	9606.ENSP00000219313	0	0	0	0	0.630	0.990	0	0.430	0.997
PSMA7	RPL18A	9606.ENSP00000359910	9606.ENSP00000222247	0	0	0	0	0.430	0	0	0.067	0.445
PSMA7	RPL19	9606.ENSP00000359910	9606.ENSP00000225430	0	0	0.212	0	0.341	0	0	0.225	0.563
PSMA7	RPS12	9606.ENSP00000359910	9606.ENSP00000230050	0	0	0	0	0.430	0.091	0	0.130	0.510
PSMA7	PSMB7	9606.ENSP00000359910	9606.ENSP00000259457	0	0	0	0	0.620	0.993	0.900	0.706	0.999
PSMA7	PSMC1	9606.ENSP00000359910	9606.ENSP00000261303	0	0	0	0	0.732	0.999	0	0.687	0.999
PSMA7	PSMD11	9606.ENSP00000359910	9606.ENSP00000261712	0	0	0	0	0.682	0.990	0	0.281	0.997
PSMA7	PSMB1	9606.ENSP00000359910	9606.ENSP00000262193	0	0	0	0	0.851	0.995	0.900	0.830	0.999
PSMA7	RPL8	9606.ENSP00000359910	9606.ENSP00000262584	0	0	0	0	0.354	0.064	0	0.106	0.413
PSMA7	PSMD3	9606.ENSP00000359910	9606.ENSP00000264639	0	0	0	0	0.426	0.983	0	0.542	0.995
PSMA7	PSMB6	9606.ENSP00000359910	9606.ENSP00000270586	0	0	0	0	0.730	0.999	0.900	0.742	0.999
PSMA7	RPS11	9606.ENSP00000359910	9606.ENSP00000270625	0	0	0	0	0.327	0	0	0.209	0.445
PSMA7	RPS27A	9606.ENSP00000359910	9606.ENSP00000272317	0	0	0	0	0.305	0.856	0.500	0.215	0.955
PSMA7	RPS3	9606.ENSP00000359910	9606.ENSP00000278572	0	0	0	0	0.522	0.091	0	0.139	0.594
PSMA7	PSMB4	9606.ENSP00000359910	9606.ENSP00000290541	0	0	0	0	0.806	0.999	0.900	0.725	0.999
PSMA7	PSME3	9606.ENSP00000359910	9606.ENSP00000293362	0	0	0	0	0.178	0.703	0	0.417	0.845
PSMA7	RPL13	9606.ENSP00000359910	9606.ENSP00000307889	0	0	0	0	0.455	0.091	0	0.159	0.547
PSMA7	RPL15	9606.ENSP00000359910	9606.ENSP00000309334	0.070	0.066	0	0	0.453	0	0	0.235	0.589
PSMA7	PSMD1	9606.ENSP00000359910	9606.ENSP00000309474	0	0	0	0	0.671	0.990	0	0.505	0.998
PSMA7	PSMD2	9606.ENSP00000359910	9606.ENSP00000310129	0	0	0	0	0.651	0.990	0	0.665	0.998
PSMA7	PSMC5	9606.ENSP00000359910	9606.ENSP00000310572	0	0	0	0	0.544	0.985	0	0.503	0.996
PSMA7	PSMA8	9606.ENSP00000359910	9606.ENSP00000311121	0	0	0.050	0.980	0	0.780	0.900	0.047	0.977
PSMA7	RPL4	9606.ENSP00000359910	9606.ENSP00000311430	0	0	0.205	0	0.449	0.071	0	0.074	0.573
PSMA7	RPS15A	9606.ENSP00000359910	9606.ENSP00000318646	0	0	0.205	0	0.257	0.057	0	0.135	0.454
PSMA7	PSMF1	9606.ENSP00000359910	9606.ENSP00000338039	0	0	0	0	0.098	0.792	0.900	0.127	0.981
PSMA7	RPL7	9606.ENSP00000359910	9606.ENSP00000339795	0	0	0	0	0.403	0	0	0.147	0.469
PSMA7	RPS2	9606.ENSP00000359910	9606.ENSP00000341885	0	0	0	0	0.636	0.091	0	0.162	0.698
PSMA7	RPL3	9606.ENSP00000359910	9606.ENSP00000346001	0	0	0	0	0.391	0	0	0.131	0.448
PSMA7	RPL27A	9606.ENSP00000359910	9606.ENSP00000346015	0	0	0	0	0.534	0.045	0	0.115	0.571
PSMA7	RPS3A	9606.ENSP00000359910	9606.ENSP00000346050	0	0	0	0	0.443	0	0	0.046	0.446
PSMA7	PSMD12	9606.ENSP00000359910	9606.ENSP00000348442	0	0	0	0	0.631	0.990	0	0.438	0.997
PSMA7	RPS26	9606.ENSP00000359910	9606.ENSP00000348849	0	0	0	0	0.447	0	0	0.207	0.543
PSMA7	PSMB10	9606.ENSP00000359910	9606.ENSP00000351314	0	0	0	0.607	0.395	0.946	0.720	0.316	0.993
PSMA7	RPL12	9606.ENSP00000359910	9606.ENSP00000354739	0	0	0	0	0.456	0.072	0	0	0.474
PSMA7	PSMB5	9606.ENSP00000359910	9606.ENSP00000355325	0	0	0	0	0.439	0.995	0.900	0.503	0.999
PSMA7	PSMD4	9606.ENSP00000359910	9606.ENSP00000357876	0	0	0	0	0.807	0.995	0	0.449	0.999
PSMA7	RPL5	9606.ENSP00000359910	9606.ENSP00000359345	0	0	0	0	0.277	0.071	0	0.245	0.448
PSMA7	RPS24	9606.ENSP00000359910	9606.ENSP00000414321	0	0	0	0	0.278	0	0	0.241	0.428
PSMA7	RPL11	9606.ENSP00000359910	9606.ENSP00000496250	0	0	0	0	0.401	0.046	0	0.112	0.449
PSMA7	RPL34	9606.ENSP00000359910	9606.ENSP00000378163	0	0	0	0	0.420	0.047	0	0.106	0.463
PSMA7	RPL7A	9606.ENSP00000359910	9606.ENSP00000361076	0	0	0	0	0.433	0.054	0	0.080	0.464
PSMA7	RPL28	9606.ENSP00000359910	9606.ENSP00000452763	0	0	0	0	0.456	0	0	0.064	0.469
PSMA7	SEM1	9606.ENSP00000359910	9606.ENSP00000481021	0	0	0	0	0.090	0.443	0	0	0.471
PSMA7	RPL18	9606.ENSP00000359910	9606.ENSP00000447001	0	0	0	0	0.451	0	0	0.096	0.482
PSMA7	RPL31	9606.ENSP00000359910	9606.ENSP00000386717	0	0	0	0	0.434	0.069	0	0.115	0.492
PSMA7	RPS13	9606.ENSP00000359910	9606.ENSP00000435777	0	0	0	0	0.461	0.066	0	0.082	0.497
PSMA7	RPLP2	9606.ENSP00000359910	9606.ENSP00000431240	0	0	0	0	0.440	0	0	0.140	0.498
PSMA7	RPL26	9606.ENSP00000359910	9606.ENSP00000463784	0	0	0	0	0.418	0	0	0.178	0.501
PSMA7	RPS19	9606.ENSP00000359910	9606.ENSP00000470972	0	0	0	0	0.322	0.091	0	0.262	0.506
PSMA7	RPS14	9606.ENSP00000359910	9606.ENSP00000385958	0	0	0	0	0.352	0.087	0	0.243	0.513
PSMA7	RPL14	9606.ENSP00000359910	9606.ENSP00000379506	0	0	0	0	0.478	0	0	0.110	0.516
PSMA7	PSMD9	9606.ENSP00000359910	9606.ENSP00000440485	0	0	0	0	0.234	0.099	0	0.367	0.525
PSMA7	RPL35A	9606.ENSP00000359910	9606.ENSP00000495672	0	0	0	0	0.520	0.046	0	0.076	0.540
PSMA7	RPL30	9606.ENSP00000359910	9606.ENSP00000428085	0	0	0	0	0.447	0.062	0	0.214	0.557
PSMA7	RPLP0	9606.ENSP00000359910	9606.ENSP00000449328	0	0	0	0	0.448	0	0	0.232	0.558
PSMA7	RPL6	9606.ENSP00000359910	9606.ENSP00000403172	0	0	0	0	0.516	0	0	0.134	0.563
PSMA7	RPS9	9606.ENSP00000359910	9606.ENSP00000375632	0	0	0	0	0.500	0.091	0	0.124	0.567
PSMA7	RPL9	9606.ENSP00000359910	9606.ENSP00000494697	0	0	0.224	0	0.489	0.066	0	0.076	0.612
PSMA7	RPS4X	9606.ENSP00000359910	9606.ENSP00000362744	0	0	0	0	0.544	0	0	0.186	0.613
PSMA7	RPS8	9606.ENSP00000359910	9606.ENSP00000379888	0	0	0	0	0.627	0.069	0	0	0.638
PSMA7	RPL27	9606.ENSP00000359910	9606.ENSP00000464813	0	0	0	0	0.642	0	0	0.110	0.668
PSMA7	RPS20	9606.ENSP00000359910	9606.ENSP00000429374	0	0	0	0	0.634	0.067	0	0.173	0.693
PSMA7	RPSA	9606.ENSP00000359910	9606.ENSP00000389351	0	0	0	0	0.661	0.060	0	0.134	0.699
PSMA7	RPS16	9606.ENSP00000359910	9606.ENSP00000367806	0	0	0	0	0.638	0.071	0	0.233	0.719
PSMA7	PSMB11	9606.ENSP00000359910	9606.ENSP00000386212	0	0	0	0	0.397	0.497	0.720	0.296	0.932
PSMA7	UBA52	9606.ENSP00000359910	9606.ENSP00000388107	0	0	0	0	0.170	0.846	0.500	0.095	0.934
PSMA7	PSME1	9606.ENSP00000359910	9606.ENSP00000372155	0	0	0	0	0.143	0.980	0	0.606	0.992
PSMA7	PSME4	9606.ENSP00000359910	9606.ENSP00000384211	0	0	0	0	0.049	0.990	0	0.316	0.993
PSMA7	PSMD13	9606.ENSP00000359910	9606.ENSP00000396937	0	0	0	0	0.370	0.990	0	0.597	0.997
PSMA7	PSMD6	9606.ENSP00000359910	9606.ENSP00000418695	0	0	0	0	0.550	0.992	0	0.280	0.997
PSMA7	PSMC3	9606.ENSP00000359910	9606.ENSP00000481029	0.057	0	0	0	0.593	0.988	0	0.509	0.997
PSMA7	PSMD14	9606.ENSP00000359910	9606.ENSP00000386541	0	0	0	0	0.579	0.994	0	0.447	0.998
PSMA7	PSMB3	9606.ENSP00000359910	9606.ENSP00000483688	0	0	0	0	0.889	0.999	0.900	0.827	0.999
PSMA7	PSMC6	9606.ENSP00000359910	9606.ENSP00000484998	0.057	0	0	0	0.394	0.999	0	0.493	0.999
PSMA7	PSMB2	9606.ENSP00000359910	9606.ENSP00000362334	0	0	0	0	0.875	0.999	0.900	0.762	0.999
PSMA7	PSMB9	9606.ENSP00000359910	9606.ENSP00000363993	0	0	0	0	0.543	0.999	0.720	0.728	0.999
PSMA7	PSMB8	9606.ENSP00000359910	9606.ENSP00000364016	0	0	0	0	0.411	0.995	0.720	0.389	0.999
PSMA7	PSMC2	9606.ENSP00000359910	9606.ENSP00000391211	0	0	0	0	0.544	0.999	0	0.514	0.999
PSMA8	PSMC4	9606.ENSP00000311121	9606.ENSP00000157812	0.057	0	0	0	0.658	0.934	0	0.467	0.987
PSMA8	PSMD8	9606.ENSP00000311121	9606.ENSP00000215071	0	0	0	0	0.400	0.898	0	0.432	0.962
PSMA8	PSME2	9606.ENSP00000311121	9606.ENSP00000216802	0	0	0	0	0.109	0.243	0	0.348	0.522
PSMA8	PSMD10	9606.ENSP00000311121	9606.ENSP00000217958	0	0	0	0	0.067	0.086	0	0.354	0.401
PSMA8	PSMD7	9606.ENSP00000311121	9606.ENSP00000219313	0	0	0	0	0.401	0.902	0	0.434	0.964
PSMA8	PSMB7	9606.ENSP00000311121	9606.ENSP00000259457	0	0	0	0	0.375	0.998	0.720	0.318	0.999
PSMA8	PSMC1	9606.ENSP00000311121	9606.ENSP00000261303	0	0	0	0	0.614	0.935	0	0.426	0.984
PSMA8	PSMD11	9606.ENSP00000311121	9606.ENSP00000261712	0	0	0	0	0.166	0.795	0	0.287	0.867
PSMA8	PSMB1	9606.ENSP00000311121	9606.ENSP00000262193	0	0	0	0	0.691	0.972	0.720	0.420	0.998
PSMA8	PSMD3	9606.ENSP00000311121	9606.ENSP00000264639	0	0	0	0	0.298	0.892	0	0.260	0.939
PSMA8	PSMB6	9606.ENSP00000311121	9606.ENSP00000270586	0	0	0	0	0.536	0.998	0.720	0.430	0.999
PSMA8	RPS27A	9606.ENSP00000311121	9606.ENSP00000272317	0	0	0	0	0.055	0.314	0.500	0.098	0.668
PSMA8	PSMB4	9606.ENSP00000311121	9606.ENSP00000290541	0	0	0	0	0.674	0.977	0.720	0.366	0.998
PSMA8	PSME3	9606.ENSP00000311121	9606.ENSP00000293362	0	0	0	0	0.093	0.677	0	0.516	0.845
PSMA8	PSMD1	9606.ENSP00000311121	9606.ENSP00000309474	0	0	0	0	0.117	0.877	0	0.361	0.924
PSMA8	PSMD2	9606.ENSP00000311121	9606.ENSP00000310129	0	0	0	0	0.090	0.936	0	0.405	0.962
PSMA8	PSMC5	9606.ENSP00000311121	9606.ENSP00000310572	0	0	0	0	0.248	0.932	0	0.384	0.965
PSMA8	PSMD9	9606.ENSP00000311121	9606.ENSP00000440485	0	0	0	0	0.080	0.095	0	0.367	0.427
PSMA8	PSME1	9606.ENSP00000311121	9606.ENSP00000372155	0	0	0	0	0.099	0.243	0	0.435	0.581
PSMA8	UBA52	9606.ENSP00000311121	9606.ENSP00000388107	0	0	0	0	0.109	0.265	0.500	0.074	0.656
PSMA8	PSMF1	9606.ENSP00000311121	9606.ENSP00000338039	0	0	0	0	0.055	0.092	0.720	0.389	0.833
PSMA8	PSMD12	9606.ENSP00000311121	9606.ENSP00000348442	0	0	0	0	0.372	0.794	0	0.455	0.923
PSMA8	PSMD13	9606.ENSP00000311121	9606.ENSP00000396937	0	0	0	0	0.244	0.888	0	0.260	0.932
PSMA8	PSMC6	9606.ENSP00000311121	9606.ENSP00000484998	0.057	0	0	0	0.291	0.914	0	0.380	0.959
PSMA8	PSMD6	9606.ENSP00000311121	9606.ENSP00000418695	0	0	0	0	0.370	0.913	0	0.358	0.961
PSMA8	PSME4	9606.ENSP00000311121	9606.ENSP00000384211	0	0	0	0	0	0.613	0.720	0.687	0.963
PSMA8	PSMB11	9606.ENSP00000311121	9606.ENSP00000386212	0	0	0	0	0.397	0.497	0.720	0.653	0.966
PSMA8	PSMD14	9606.ENSP00000311121	9606.ENSP00000386541	0	0	0	0	0.296	0.923	0	0.470	0.969
PSMA8	PSMC3	9606.ENSP00000311121	9606.ENSP00000481029	0.057	0	0	0	0.357	0.929	0	0.489	0.975
PSMA8	PSMC2	9606.ENSP00000311121	9606.ENSP00000391211	0	0	0	0	0.418	0.941	0	0.473	0.980
PSMA8	PSMD4	9606.ENSP00000311121	9606.ENSP00000357876	0	0	0	0	0.370	0.954	0	0.408	0.981
PSMA8	PSMB10	9606.ENSP00000311121	9606.ENSP00000351314	0	0	0	0	0.375	0.745	0.720	0.800	0.989
PSMA8	PSMB5	9606.ENSP00000311121	9606.ENSP00000355325	0	0	0	0	0.402	0.929	0.720	0.333	0.991
PSMA8	PSMB8	9606.ENSP00000311121	9606.ENSP00000364016	0	0	0	0	0.402	0.884	0.720	0.727	0.994
PSMA8	PSMB9	9606.ENSP00000311121	9606.ENSP00000363993	0	0	0	0	0.536	0.942	0.720	0.747	0.997
PSMA8	PSMB3	9606.ENSP00000311121	9606.ENSP00000483688	0	0	0	0	0.776	0.971	0.720	0.392	0.998
PSMA8	PSMB2	9606.ENSP00000311121	9606.ENSP00000362334	0	0	0	0	0.674	0.969	0.720	0.603	0.998
PSMB1	PSMC4	9606.ENSP00000262193	9606.ENSP00000157812	0.057	0	0	0	0.610	0.992	0	0.753	0.999
PSMB1	PSMD5	9606.ENSP00000262193	9606.ENSP00000210313	0	0	0	0	0.076	0.660	0	0.327	0.770
PSMB1	PSMD8	9606.ENSP00000262193	9606.ENSP00000215071	0	0	0	0	0.900	0.978	0	0.529	0.998
PSMB1	PSME2	9606.ENSP00000262193	9606.ENSP00000216802	0	0	0	0	0.232	0.971	0	0.413	0.986
PSMB1	PSMD7	9606.ENSP00000262193	9606.ENSP00000219313	0	0	0	0	0.500	0.992	0.800	0.793	0.999
PSMB1	PSMB7	9606.ENSP00000262193	9606.ENSP00000259457	0	0	0	0	0.788	0.999	0.900	0.940	0.999
PSMB1	PSMC1	9606.ENSP00000262193	9606.ENSP00000261303	0	0	0	0	0.724	0.996	0	0.793	0.999
PSMB1	PSMD11	9606.ENSP00000262193	9606.ENSP00000261712	0	0	0	0	0.495	0.994	0.800	0.575	0.999
PSMB1	RPS16	9606.ENSP00000262193	9606.ENSP00000367806	0	0	0	0	0.370	0.071	0	0.064	0.404
PSMB1	RPL27A	9606.ENSP00000262193	9606.ENSP00000346015	0	0	0	0	0.298	0.045	0	0.208	0.423
PSMB1	RPLP0	9606.ENSP00000262193	9606.ENSP00000449328	0	0	0	0	0.238	0	0	0.277	0.426
PSMB1	RPSA	9606.ENSP00000262193	9606.ENSP00000389351	0	0	0	0	0.314	0.060	0	0.189	0.432
PSMB1	RPS23	9606.ENSP00000262193	9606.ENSP00000296674	0	0	0	0	0.224	0.205	0	0.177	0.448
PSMB1	RPLP2	9606.ENSP00000262193	9606.ENSP00000431240	0	0	0	0	0.417	0	0	0.111	0.460
PSMB1	RPL11	9606.ENSP00000262193	9606.ENSP00000496250	0	0	0	0	0.421	0.067	0	0.085	0.463
PSMB1	RPS20	9606.ENSP00000262193	9606.ENSP00000429374	0	0	0	0	0.346	0.067	0	0.202	0.471
PSMB1	SEM1	9606.ENSP00000262193	9606.ENSP00000481021	0	0	0	0	0.136	0.443	0	0	0.498
PSMB1	RPL18	9606.ENSP00000262193	9606.ENSP00000447001	0	0	0	0	0.253	0	0	0.369	0.509
PSMB1	PSMD9	9606.ENSP00000262193	9606.ENSP00000440485	0	0	0	0	0.227	0.275	0	0.399	0.634
PSMB1	RPL5	9606.ENSP00000262193	9606.ENSP00000359345	0	0	0	0	0.257	0.229	0	0.495	0.686
PSMB1	PSME3	9606.ENSP00000262193	9606.ENSP00000293362	0	0	0	0	0.151	0.681	0	0.444	0.836
PSMB1	PSMB11	9606.ENSP00000262193	9606.ENSP00000386212	0	0	0	0	0.561	0	0.720	0.293	0.905
PSMB1	UBA52	9606.ENSP00000262193	9606.ENSP00000388107	0	0	0	0	0.188	0.856	0.500	0.138	0.943
PSMB1	RPS27A	9606.ENSP00000262193	9606.ENSP00000272317	0	0	0	0	0.270	0.915	0.500	0.128	0.969
PSMB1	PSMF1	9606.ENSP00000262193	9606.ENSP00000338039	0	0	0	0	0.047	0.815	0.900	0.302	0.986
PSMB1	PSME1	9606.ENSP00000262193	9606.ENSP00000372155	0	0	0	0	0.135	0.969	0	0.516	0.986
PSMB1	PSME4	9606.ENSP00000262193	9606.ENSP00000384211	0	0	0	0	0.067	0.980	0	0.414	0.988
PSMB1	PSMC5	9606.ENSP00000262193	9606.ENSP00000310572	0	0	0	0	0.376	0.992	0	0.663	0.998
PSMB1	PSMD13	9606.ENSP00000262193	9606.ENSP00000396937	0	0	0	0	0.697	0.992	0.800	0.665	0.999
PSMB1	PSMD12	9606.ENSP00000262193	9606.ENSP00000348442	0	0	0	0	0.480	0.996	0.800	0.772	0.999
PSMB1	PSMD2	9606.ENSP00000262193	9606.ENSP00000310129	0	0	0	0	0.321	0.993	0.800	0.828	0.999
PSMB1	PSMB9	9606.ENSP00000262193	9606.ENSP00000363993	0	0	0	0	0.828	0.993	0.720	0.722	0.999
PSMB1	PSMD14	9606.ENSP00000262193	9606.ENSP00000386541	0	0	0	0	0.527	0.997	0.800	0.624	0.999
PSMB1	PSMB8	9606.ENSP00000262193	9606.ENSP00000364016	0	0	0	0	0.614	0.999	0.720	0.738	0.999
PSMB1	PSMD1	9606.ENSP00000262193	9606.ENSP00000309474	0	0	0	0	0.373	0.993	0	0.823	0.999
PSMB1	PSMB2	9606.ENSP00000262193	9606.ENSP00000362334	0	0	0	0.674	0.964	0.998	0.900	0.863	0.999
PSMB1	PSMB3	9606.ENSP00000262193	9606.ENSP00000483688	0	0	0	0.727	0.985	0.999	0.900	0.747	0.999
PSMB1	PSMC6	9606.ENSP00000262193	9606.ENSP00000484998	0.057	0	0	0	0.390	0.998	0	0.664	0.999
PSMB1	PSMC3	9606.ENSP00000262193	9606.ENSP00000481029	0.057	0	0	0	0.442	0.989	0.800	0.823	0.999
PSMB1	PSMB10	9606.ENSP00000262193	9606.ENSP00000351314	0	0	0	0	0.704	0.989	0.720	0.656	0.999
PSMB1	PSMD3	9606.ENSP00000262193	9606.ENSP00000264639	0	0	0	0	0.554	0.979	0.800	0.691	0.999
PSMB1	PSMC2	9606.ENSP00000262193	9606.ENSP00000391211	0	0	0	0	0.604	0.989	0.800	0.837	0.999
PSMB1	PSMD4	9606.ENSP00000262193	9606.ENSP00000357876	0	0	0	0	0.636	0.997	0	0.713	0.999
PSMB1	PSMB5	9606.ENSP00000262193	9606.ENSP00000355325	0	0	0	0.610	0.647	0.999	0.900	0.891	0.999
PSMB1	PSMB4	9606.ENSP00000262193	9606.ENSP00000290541	0	0	0	0	0.973	0.997	0.900	0.941	0.999
PSMB1	PSMD6	9606.ENSP00000262193	9606.ENSP00000418695	0	0	0	0	0.655	0.988	0.800	0.492	0.999
PSMB1	PSMB6	9606.ENSP00000262193	9606.ENSP00000270586	0	0	0	0.605	0.886	0.995	0.900	0.794	0.999
PSMB10	PSMC4	9606.ENSP00000351314	9606.ENSP00000157812	0.057	0	0	0	0.404	0.778	0	0.503	0.929
PSMB10	PSMD5	9606.ENSP00000351314	9606.ENSP00000210313	0	0	0	0	0.042	0.465	0	0.229	0.571
PSMB10	PSMD8	9606.ENSP00000351314	9606.ENSP00000215071	0	0	0	0	0.413	0.736	0	0.539	0.922
PSMB10	PSME2	9606.ENSP00000351314	9606.ENSP00000216802	0	0	0	0	0.541	0.441	0	0.924	0.979
PSMB10	PSMD7	9606.ENSP00000351314	9606.ENSP00000219313	0	0	0	0	0.216	0.801	0	0.506	0.916
PSMB10	PSMB7	9606.ENSP00000351314	9606.ENSP00000259457	0	0	0.060	0.960	0.099	0.313	0.720	0.077	0.822
PSMB10	PSMC1	9606.ENSP00000351314	9606.ENSP00000261303	0	0	0	0	0.363	0.754	0	0.382	0.894
PSMB10	PSMD11	9606.ENSP00000351314	9606.ENSP00000261712	0	0	0	0	0.215	0.768	0	0.516	0.904
PSMB10	PSMD3	9606.ENSP00000351314	9606.ENSP00000264639	0	0	0	0	0.137	0.721	0	0.456	0.857
PSMB10	PSMB6	9606.ENSP00000351314	9606.ENSP00000270586	0	0	0	0.724	0.622	0.910	0.720	0.364	0.993
PSMB10	RPS27A	9606.ENSP00000351314	9606.ENSP00000272317	0	0	0	0	0.049	0.425	0.500	0.112	0.725
PSMB10	PSMB4	9606.ENSP00000351314	9606.ENSP00000290541	0	0	0	0	0.702	0.999	0.720	0.735	0.999
PSMB10	PSME3	9606.ENSP00000351314	9606.ENSP00000293362	0	0	0	0	0.093	0.243	0	0.607	0.707
PSMB10	PSMD1	9606.ENSP00000351314	9606.ENSP00000309474	0	0	0	0	0.193	0.754	0	0.359	0.861
PSMB10	PSMD2	9606.ENSP00000351314	9606.ENSP00000310129	0	0	0	0	0.100	0.759	0	0.443	0.868
PSMB10	PSMC5	9606.ENSP00000351314	9606.ENSP00000310572	0	0	0	0	0.471	0.639	0	0.380	0.871
PSMB10	PSMF1	9606.ENSP00000351314	9606.ENSP00000338039	0	0	0	0	0.057	0.092	0.720	0.552	0.878
PSMB10	PSMD12	9606.ENSP00000351314	9606.ENSP00000348442	0	0	0	0	0.350	0.789	0	0.483	0.923
PSMB10	RPL27	9606.ENSP00000351314	9606.ENSP00000464813	0	0	0	0	0.047	0.184	0	0.319	0.424
PSMB10	PSMD9	9606.ENSP00000351314	9606.ENSP00000440485	0	0	0	0	0.088	0.095	0	0.391	0.454
PSMB10	UBA52	9606.ENSP00000351314	9606.ENSP00000388107	0	0	0	0	0.142	0.296	0.500	0.074	0.683
PSMB10	PSMC3	9606.ENSP00000351314	9606.ENSP00000481029	0.057	0	0	0	0.437	0.522	0	0.460	0.844
PSMB10	PSMD13	9606.ENSP00000351314	9606.ENSP00000396937	0	0	0	0	0.387	0.642	0	0.442	0.867
PSMB10	PSMC6	9606.ENSP00000351314	9606.ENSP00000484998	0.057	0	0	0	0.295	0.831	0	0.359	0.918
PSMB10	PSMC2	9606.ENSP00000351314	9606.ENSP00000391211	0	0	0	0	0.365	0.820	0	0.483	0.935
PSMB10	PSME4	9606.ENSP00000351314	9606.ENSP00000384211	0	0	0	0	0.042	0.461	0.720	0.643	0.941
PSMB10	PSMD6	9606.ENSP00000351314	9606.ENSP00000418695	0	0	0	0	0.405	0.895	0	0.433	0.961
PSMB10	PSMD14	9606.ENSP00000351314	9606.ENSP00000386541	0	0	0	0	0.564	0.835	0	0.530	0.963
PSMB10	PSME1	9606.ENSP00000351314	9606.ENSP00000372155	0	0	0	0	0.501	0.542	0	0.935	0.983
PSMB10	PSMD4	9606.ENSP00000351314	9606.ENSP00000357876	0	0	0	0	0.415	0.960	0	0.584	0.989
PSMB10	PSMB5	9606.ENSP00000351314	9606.ENSP00000355325	0	0	0	0.671	0.495	0.925	0.720	0.405	0.992
PSMB10	PSMB11	9606.ENSP00000351314	9606.ENSP00000386212	0	0.067	0.103	0.648	0.363	0.127	0.720	0.962	0.993
PSMB10	PSMB3	9606.ENSP00000351314	9606.ENSP00000483688	0	0	0	0	0.660	0.999	0.720	0.537	0.999
PSMB10	PSMB8	9606.ENSP00000351314	9606.ENSP00000364016	0	0	0	0.670	0.753	0.999	0.720	0.989	0.999
PSMB10	PSMB9	9606.ENSP00000351314	9606.ENSP00000363993	0	0	0	0.748	0.893	0.988	0.720	0.987	0.999
PSMB10	PSMB2	9606.ENSP00000351314	9606.ENSP00000362334	0	0	0	0	0.602	0.965	0.720	0.904	0.999
PSMB11	PSMC4	9606.ENSP00000386212	9606.ENSP00000157812	0.057	0	0	0	0.475	0.309	0	0.337	0.742
PSMB11	PSMD8	9606.ENSP00000386212	9606.ENSP00000215071	0	0	0	0	0.399	0.322	0	0.371	0.721
PSMB11	PSME2	9606.ENSP00000386212	9606.ENSP00000216802	0	0	0	0	0.093	0.243	0	0.408	0.558
PSMB11	PSMD7	9606.ENSP00000386212	9606.ENSP00000219313	0	0	0	0	0.210	0.461	0	0.367	0.707
PSMB11	PSMB7	9606.ENSP00000386212	9606.ENSP00000259457	0	0	0	0.685	0.363	0.127	0.720	0.294	0.875
PSMB11	PSMC1	9606.ENSP00000386212	9606.ENSP00000261303	0	0	0	0	0.400	0.179	0	0.208	0.575
PSMB11	PSMD11	9606.ENSP00000386212	9606.ENSP00000261712	0	0	0	0	0.140	0.313	0	0.426	0.631
PSMB11	PSMD3	9606.ENSP00000386212	9606.ENSP00000264639	0	0	0	0	0.200	0.296	0	0.432	0.652
PSMB11	PSMB6	9606.ENSP00000386212	9606.ENSP00000270586	0	0	0.104	0.749	0.186	0.381	0.720	0.313	0.897
PSMB11	RPS27A	9606.ENSP00000386212	9606.ENSP00000272317	0	0	0	0	0	0.293	0.500	0.067	0.641
PSMB11	PSMB4	9606.ENSP00000386212	9606.ENSP00000290541	0	0	0	0	0.627	0.451	0.720	0.281	0.953
PSMB11	PSME3	9606.ENSP00000386212	9606.ENSP00000293362	0	0	0	0	0.093	0.243	0	0.454	0.592
PSMB11	PSMD1	9606.ENSP00000386212	9606.ENSP00000309474	0	0	0	0	0.120	0.335	0	0.204	0.493
PSMB11	PSMD2	9606.ENSP00000386212	9606.ENSP00000310129	0	0	0	0	0.128	0.402	0	0.340	0.626
PSMB11	PSMC5	9606.ENSP00000386212	9606.ENSP00000310572	0	0	0	0	0.375	0.179	0	0.242	0.577
PSMB11	PSMF1	9606.ENSP00000386212	9606.ENSP00000338039	0	0	0	0	0.055	0.092	0.720	0.372	0.828
PSMB11	PSMD12	9606.ENSP00000386212	9606.ENSP00000348442	0	0	0	0	0.300	0.483	0	0.404	0.765
PSMB11	PSMB5	9606.ENSP00000386212	9606.ENSP00000355325	0	0	0.078	0.924	0	0	0.720	0.139	0.758
PSMB11	PSMD4	9606.ENSP00000386212	9606.ENSP00000357876	0	0	0	0	0.369	0.746	0	0.453	0.904
PSMB11	PSMB2	9606.ENSP00000386212	9606.ENSP00000362334	0	0	0	0	0.580	0	0.720	0.260	0.905
PSMB11	PSMB9	9606.ENSP00000386212	9606.ENSP00000363993	0	0	0.127	0.718	0.186	0.381	0.720	0.938	0.991
PSMB11	PSMB8	9606.ENSP00000386212	9606.ENSP00000364016	0	0	0.079	0.921	0	0	0.720	0.173	0.768
PSMB11	PSME1	9606.ENSP00000386212	9606.ENSP00000372155	0	0	0	0	0.093	0.243	0	0.427	0.572
PSMB11	PSME4	9606.ENSP00000386212	9606.ENSP00000384211	0	0	0	0	0	0.481	0	0.596	0.781
PSMB11	PSMD9	9606.ENSP00000386212	9606.ENSP00000440485	0	0	0	0	0.103	0.094	0	0.355	0.430
PSMB11	PSMC2	9606.ENSP00000386212	9606.ENSP00000391211	0	0	0	0	0.245	0.179	0	0.283	0.516
PSMB11	PSMC6	9606.ENSP00000386212	9606.ENSP00000484998	0.057	0	0	0	0.298	0.309	0	0.180	0.575
PSMB11	UBA52	9606.ENSP00000386212	9606.ENSP00000388107	0	0	0	0	0.109	0.163	0.500	0.102	0.620
PSMB11	PSMD13	9606.ENSP00000386212	9606.ENSP00000396937	0	0	0	0	0.286	0.310	0	0.357	0.656
PSMB11	PSMC3	9606.ENSP00000386212	9606.ENSP00000481029	0.057	0	0	0	0.339	0.309	0	0.324	0.670
PSMB11	PSMD14	9606.ENSP00000386212	9606.ENSP00000386541	0	0	0	0	0.235	0.372	0	0.429	0.702
PSMB11	PSMD6	9606.ENSP00000386212	9606.ENSP00000418695	0	0	0	0	0.402	0.410	0	0.346	0.749
PSMB11	PSMB3	9606.ENSP00000386212	9606.ENSP00000483688	0	0	0	0	0.620	0	0.720	0.302	0.919
PSMB2	PSMC4	9606.ENSP00000362334	9606.ENSP00000157812	0.057	0	0	0	0.867	0.997	0	0.615	0.999
PSMB2	PSMD5	9606.ENSP00000362334	9606.ENSP00000210313	0	0	0	0	0.081	0.695	0	0.198	0.756
PSMB2	PSMD8	9606.ENSP00000362334	9606.ENSP00000215071	0	0	0	0	0.864	0.993	0	0.477	0.999
PSMB2	PSME2	9606.ENSP00000362334	9606.ENSP00000216802	0	0	0	0	0.179	0.963	0	0.406	0.981
PSMB2	PSMD10	9606.ENSP00000362334	9606.ENSP00000217958	0	0	0	0	0.202	0.288	0	0.262	0.544
PSMB2	PSMD7	9606.ENSP00000362334	9606.ENSP00000219313	0	0	0	0	0.580	0.995	0	0.506	0.999
PSMB2	PSMB7	9606.ENSP00000362334	9606.ENSP00000259457	0	0	0	0	0.776	0.995	0.900	0.880	0.999
PSMB2	PSMC1	9606.ENSP00000362334	9606.ENSP00000261303	0	0	0	0	0.745	0.997	0	0.501	0.999
PSMB2	PSMD11	9606.ENSP00000362334	9606.ENSP00000261712	0	0	0	0	0.735	0.997	0	0.623	0.999
PSMB2	PSMD3	9606.ENSP00000362334	9606.ENSP00000264639	0	0	0	0	0.549	0.995	0	0.502	0.998
PSMB2	PSMB6	9606.ENSP00000362334	9606.ENSP00000270586	0	0	0	0	0.819	0.995	0.900	0.887	0.999
PSMB2	RPS27A	9606.ENSP00000362334	9606.ENSP00000272317	0	0	0	0	0.157	0.915	0.500	0.203	0.967
PSMB2	PSMB4	9606.ENSP00000362334	9606.ENSP00000290541	0	0	0	0	0.977	0.997	0.900	0.991	0.999
PSMB2	PSME3	9606.ENSP00000362334	9606.ENSP00000293362	0	0	0	0	0.190	0.615	0	0.448	0.813
PSMB2	PSMD1	9606.ENSP00000362334	9606.ENSP00000309474	0	0	0	0	0.490	0.997	0	0.814	0.999
PSMB2	PSMD2	9606.ENSP00000362334	9606.ENSP00000310129	0	0	0	0	0.318	0.997	0	0.683	0.999
PSMB2	PSMC5	9606.ENSP00000362334	9606.ENSP00000310572	0	0	0	0	0.546	0.997	0	0.592	0.999
PSMB2	PSMF1	9606.ENSP00000362334	9606.ENSP00000338039	0	0	0	0	0.095	0.781	0.900	0.257	0.983
PSMB2	RPS2	9606.ENSP00000362334	9606.ENSP00000341885	0	0	0	0	0.248	0.067	0	0.254	0.431
PSMB2	PSMD12	9606.ENSP00000362334	9606.ENSP00000348442	0	0	0	0	0.630	0.997	0	0.590	0.999
PSMB2	RPS26	9606.ENSP00000362334	9606.ENSP00000348849	0	0	0	0	0.200	0	0	0.325	0.437
PSMB2	PSMB5	9606.ENSP00000362334	9606.ENSP00000355325	0	0	0	0	0.695	0.999	0.900	0.972	0.999
PSMB2	PSMD4	9606.ENSP00000362334	9606.ENSP00000357876	0	0	0	0	0.618	0.997	0	0.538	0.999
PSMB2	PSMD9	9606.ENSP00000362334	9606.ENSP00000440485	0	0	0	0	0.318	0.099	0	0.472	0.647
PSMB2	UBA52	9606.ENSP00000362334	9606.ENSP00000388107	0	0	0	0	0.139	0.881	0.500	0.110	0.948
PSMB2	PSME1	9606.ENSP00000362334	9606.ENSP00000372155	0	0	0	0	0.130	0.971	0	0.416	0.984
PSMB2	PSME4	9606.ENSP00000362334	9606.ENSP00000384211	0	0	0	0	0.049	0.991	0	0.413	0.995
PSMB2	PSMC3	9606.ENSP00000362334	9606.ENSP00000481029	0.057	0	0	0	0.483	0.997	0	0.648	0.999
PSMB2	PSMC2	9606.ENSP00000362334	9606.ENSP00000391211	0	0	0	0	0.471	0.997	0	0.648	0.999
PSMB2	PSMD6	9606.ENSP00000362334	9606.ENSP00000418695	0	0	0	0	0.655	0.995	0	0.471	0.999
PSMB2	PSMD13	9606.ENSP00000362334	9606.ENSP00000396937	0	0	0	0	0.714	0.996	0	0.618	0.999
PSMB2	PSMB8	9606.ENSP00000362334	9606.ENSP00000364016	0	0	0	0.625	0.624	0.995	0.720	0.714	0.999
PSMB2	PSMD14	9606.ENSP00000362334	9606.ENSP00000386541	0	0	0	0	0.829	0.997	0	0.577	0.999
PSMB2	PSMB9	9606.ENSP00000362334	9606.ENSP00000363993	0	0	0	0	0.704	0.994	0.720	0.934	0.999
PSMB2	PSMB3	9606.ENSP00000362334	9606.ENSP00000483688	0	0	0	0	0.970	0.999	0.900	0.983	0.999
PSMB2	PSMC6	9606.ENSP00000362334	9606.ENSP00000484998	0.057	0	0	0	0.360	0.998	0	0.607	0.999
PSMB3	PSMC4	9606.ENSP00000483688	9606.ENSP00000157812	0.057	0	0	0	0.871	0.993	0	0.747	0.999
PSMB3	PSMD5	9606.ENSP00000483688	9606.ENSP00000210313	0	0	0	0	0.081	0.479	0	0.435	0.706
PSMB3	PSMD8	9606.ENSP00000483688	9606.ENSP00000215071	0	0	0	0	0.900	0.994	0	0.592	0.999
PSMB3	PSME2	9606.ENSP00000483688	9606.ENSP00000216802	0	0	0	0	0.195	0.963	0	0.398	0.981
PSMB3	PSMD10	9606.ENSP00000483688	9606.ENSP00000217958	0	0	0	0	0.177	0.086	0	0.298	0.426
PSMB3	PSMD7	9606.ENSP00000483688	9606.ENSP00000219313	0	0	0	0	0.529	0.993	0	0.715	0.999
PSMB3	PSMB7	9606.ENSP00000483688	9606.ENSP00000259457	0	0	0	0	0.709	0.999	0.900	0.793	0.999
PSMB3	PSMC1	9606.ENSP00000483688	9606.ENSP00000261303	0	0	0	0	0.690	0.994	0	0.633	0.999
PSMB3	PSMD11	9606.ENSP00000483688	9606.ENSP00000261712	0	0	0	0	0.458	0.994	0	0.623	0.998
PSMB3	PSMD3	9606.ENSP00000483688	9606.ENSP00000264639	0	0	0	0	0.497	0.993	0	0.743	0.999
PSMB3	PSMB6	9606.ENSP00000483688	9606.ENSP00000270586	0	0	0	0.648	0.899	0.999	0.900	0.694	0.999
PSMB3	RPS27A	9606.ENSP00000483688	9606.ENSP00000272317	0	0	0	0	0.185	0.915	0.500	0.107	0.965
PSMB3	PSMB4	9606.ENSP00000483688	9606.ENSP00000290541	0	0	0	0	0.977	0.998	0.900	0.976	0.999
PSMB3	PSME3	9606.ENSP00000483688	9606.ENSP00000293362	0	0	0	0	0.164	0.704	0	0.555	0.880
PSMB3	PSMD1	9606.ENSP00000483688	9606.ENSP00000309474	0	0	0	0	0.347	0.994	0	0.755	0.998
PSMB3	PSMD2	9606.ENSP00000483688	9606.ENSP00000310129	0	0	0	0	0.260	0.994	0	0.665	0.998
PSMB3	PSMC5	9606.ENSP00000483688	9606.ENSP00000310572	0	0	0	0	0.464	0.995	0	0.585	0.998
PSMB3	PSMF1	9606.ENSP00000483688	9606.ENSP00000338039	0	0	0	0	0.049	0.708	0.900	0.265	0.976
PSMB3	PSMD12	9606.ENSP00000483688	9606.ENSP00000348442	0	0	0	0	0.437	0.994	0	0.524	0.998
PSMB3	PSMB5	9606.ENSP00000483688	9606.ENSP00000355325	0	0	0	0.631	0.718	0.999	0.900	0.486	0.999
PSMB3	PSMD4	9606.ENSP00000483688	9606.ENSP00000357876	0	0	0	0	0.761	0.997	0	0.733	0.999
PSMB3	PSMB9	9606.ENSP00000483688	9606.ENSP00000363993	0	0	0	0.667	0.843	0.993	0.720	0.504	0.999
PSMB3	PSMB8	9606.ENSP00000483688	9606.ENSP00000364016	0	0	0	0.636	0.717	0.999	0.720	0.443	0.999
PSMB3	PSME1	9606.ENSP00000483688	9606.ENSP00000372155	0	0	0	0	0.227	0.962	0	0.379	0.980
PSMB3	PSME4	9606.ENSP00000483688	9606.ENSP00000384211	0	0	0	0	0.049	0.977	0	0.376	0.985
PSMB3	PSMD14	9606.ENSP00000483688	9606.ENSP00000386541	0	0	0	0	0.479	0.997	0	0.618	0.999
PSMB3	UBA52	9606.ENSP00000483688	9606.ENSP00000388107	0	0	0	0	0.213	0.856	0.500	0.299	0.955
PSMB3	PSMC2	9606.ENSP00000483688	9606.ENSP00000391211	0	0	0	0	0.337	0.993	0	0.813	0.999
PSMB3	PSMD13	9606.ENSP00000483688	9606.ENSP00000396937	0	0	0	0	0.438	0.994	0	0.731	0.999
PSMB3	PSMD6	9606.ENSP00000483688	9606.ENSP00000418695	0	0	0	0	0.404	0.994	0	0.595	0.998
PSMB3	RPS20	9606.ENSP00000483688	9606.ENSP00000429374	0	0	0	0	0.285	0.067	0	0.198	0.418
PSMB3	PSMD9	9606.ENSP00000483688	9606.ENSP00000440485	0	0	0	0	0.269	0.099	0	0.475	0.624
PSMB3	PSMC3	9606.ENSP00000483688	9606.ENSP00000481029	0.057	0	0	0	0.538	0.994	0	0.777	0.999
PSMB3	PSMC6	9606.ENSP00000483688	9606.ENSP00000484998	0.057	0	0	0	0.416	0.998	0	0.622	0.999
PSMB4	PSMC4	9606.ENSP00000290541	9606.ENSP00000157812	0	0	0	0	0.841	0.988	0	0.613	0.999
PSMB4	PSMD5	9606.ENSP00000290541	9606.ENSP00000210313	0	0	0	0	0.072	0.724	0	0.466	0.851
PSMB4	PSMD8	9606.ENSP00000290541	9606.ENSP00000215071	0	0	0	0	0.903	0.976	0	0.662	0.999
PSMB4	PSME2	9606.ENSP00000290541	9606.ENSP00000216802	0	0	0	0	0.160	0.976	0	0.620	0.992
PSMB4	PSMD10	9606.ENSP00000290541	9606.ENSP00000217958	0	0	0	0	0.172	0.053	0	0.426	0.511
PSMB4	PSMD7	9606.ENSP00000290541	9606.ENSP00000219313	0	0	0	0	0.632	0.995	0	0.687	0.999
PSMB4	PSMB7	9606.ENSP00000290541	9606.ENSP00000259457	0	0	0	0	0.784	0.999	0.900	0.811	0.999
PSMB4	PSMC1	9606.ENSP00000290541	9606.ENSP00000261303	0	0	0	0	0.836	0.995	0	0.541	0.999
PSMB4	PSMD11	9606.ENSP00000290541	9606.ENSP00000261712	0	0	0	0	0.734	0.994	0	0.575	0.999
PSMB4	PSMD3	9606.ENSP00000290541	9606.ENSP00000264639	0	0	0	0	0.475	0.991	0	0.624	0.998
PSMB4	PSMB6	9606.ENSP00000290541	9606.ENSP00000270586	0	0	0	0	0.882	0.997	0.900	0.852	0.999
PSMB4	RPS27A	9606.ENSP00000290541	9606.ENSP00000272317	0	0	0	0	0.279	0.896	0.500	0.242	0.967
PSMB4	RPSA	9606.ENSP00000290541	9606.ENSP00000389351	0	0	0	0	0.327	0	0	0.152	0.405
PSMB4	RPL29	9606.ENSP00000290541	9606.ENSP00000294189	0	0	0	0	0.216	0	0	0.287	0.417
PSMB4	RPS20	9606.ENSP00000290541	9606.ENSP00000429374	0	0	0	0	0.295	0	0	0.223	0.429
PSMB4	RPL27	9606.ENSP00000290541	9606.ENSP00000464813	0	0	0	0	0.435	0	0	0.128	0.487
PSMB4	PSMD9	9606.ENSP00000290541	9606.ENSP00000440485	0	0	0	0	0.108	0.313	0	0.481	0.654
PSMB4	PSME3	9606.ENSP00000290541	9606.ENSP00000293362	0	0	0	0	0.090	0.777	0	0.343	0.855
PSMB4	UBA52	9606.ENSP00000290541	9606.ENSP00000388107	0	0	0	0	0.218	0.858	0.500	0.052	0.940
PSMB4	PSMF1	9606.ENSP00000290541	9606.ENSP00000338039	0	0	0	0	0.060	0.809	0.900	0.400	0.987
PSMB4	PSME4	9606.ENSP00000290541	9606.ENSP00000384211	0	0	0	0	0.047	0.985	0	0.465	0.991
PSMB4	PSME1	9606.ENSP00000290541	9606.ENSP00000372155	0	0	0	0	0.173	0.978	0	0.694	0.994
PSMB4	PSMC5	9606.ENSP00000290541	9606.ENSP00000310572	0	0	0	0	0.466	0.993	0	0.561	0.998
PSMB4	PSMC3	9606.ENSP00000290541	9606.ENSP00000481029	0	0	0	0	0.733	0.990	0	0.644	0.998
PSMB4	PSMD2	9606.ENSP00000290541	9606.ENSP00000310129	0	0	0	0	0.380	0.994	0	0.674	0.998
PSMB4	PSMD1	9606.ENSP00000290541	9606.ENSP00000309474	0	0	0	0	0.477	0.992	0	0.624	0.998
PSMB4	PSMC2	9606.ENSP00000290541	9606.ENSP00000391211	0	0	0	0	0.658	0.992	0	0.896	0.999
PSMB4	PSMD4	9606.ENSP00000290541	9606.ENSP00000357876	0	0	0	0	0.793	0.997	0	0.709	0.999
PSMB4	PSMD6	9606.ENSP00000290541	9606.ENSP00000418695	0	0	0	0	0.754	0.995	0	0.472	0.999
PSMB4	PSMB5	9606.ENSP00000290541	9606.ENSP00000355325	0	0	0	0	0.736	0.999	0.900	0.956	0.999
PSMB4	PSMD12	9606.ENSP00000290541	9606.ENSP00000348442	0	0	0	0	0.509	0.996	0	0.779	0.999
PSMB4	PSMD13	9606.ENSP00000290541	9606.ENSP00000396937	0	0	0	0	0.697	0.994	0	0.611	0.999
PSMB4	PSMC6	9606.ENSP00000290541	9606.ENSP00000484998	0	0	0	0	0.774	0.999	0	0.606	0.999
PSMB4	PSMB9	9606.ENSP00000290541	9606.ENSP00000363993	0	0	0	0	0.834	0.996	0.720	0.895	0.999
PSMB4	PSMD14	9606.ENSP00000290541	9606.ENSP00000386541	0	0	0	0	0.676	0.997	0	0.622	0.999
PSMB4	PSMB8	9606.ENSP00000290541	9606.ENSP00000364016	0	0	0	0.598	0.699	0.999	0.720	0.717	0.999
PSMB5	PSMC4	9606.ENSP00000355325	9606.ENSP00000157812	0.057	0	0	0	0.570	0.999	0	0.693	0.999
PSMB5	PSMD5	9606.ENSP00000355325	9606.ENSP00000210313	0	0	0	0	0.050	0.717	0	0.400	0.824
PSMB5	PSMD8	9606.ENSP00000355325	9606.ENSP00000215071	0	0	0	0	0.470	0.974	0	0.406	0.991
PSMB5	PSME2	9606.ENSP00000355325	9606.ENSP00000216802	0	0	0	0	0.208	0.918	0	0.843	0.989
PSMB5	PSMD10	9606.ENSP00000355325	9606.ENSP00000217958	0	0	0	0	0.131	0.086	0	0.394	0.477
PSMB5	PSMD7	9606.ENSP00000355325	9606.ENSP00000219313	0	0	0	0	0.267	0.983	0	0.677	0.995
PSMB5	PSMB7	9606.ENSP00000355325	9606.ENSP00000259457	0	0	0	0.685	0.689	0.999	0.900	0.979	0.999
PSMB5	PSMC1	9606.ENSP00000355325	9606.ENSP00000261303	0	0	0	0	0.627	0.999	0	0.677	0.999
PSMB5	PSMD11	9606.ENSP00000355325	9606.ENSP00000261712	0	0	0	0	0.323	0.978	0	0.660	0.994
PSMB5	PSMD3	9606.ENSP00000355325	9606.ENSP00000264639	0	0	0	0	0.335	0.979	0	0.496	0.992
PSMB5	PSMB6	9606.ENSP00000355325	9606.ENSP00000270586	0	0	0.107	0.738	0.783	0.999	0.900	0.973	0.999
PSMB5	RPS27A	9606.ENSP00000355325	9606.ENSP00000272317	0	0	0	0	0.067	0.880	0.500	0.102	0.943
PSMB5	PSME3	9606.ENSP00000355325	9606.ENSP00000293362	0	0	0	0	0.130	0.243	0	0.436	0.597
PSMB5	PSMD1	9606.ENSP00000355325	9606.ENSP00000309474	0	0	0	0	0.221	0.987	0	0.776	0.997
PSMB5	PSMD2	9606.ENSP00000355325	9606.ENSP00000310129	0	0	0	0	0.226	0.989	0	0.741	0.997
PSMB5	PSMC5	9606.ENSP00000355325	9606.ENSP00000310572	0	0	0	0	0.443	0.999	0	0.680	0.999
PSMB5	PSMF1	9606.ENSP00000355325	9606.ENSP00000338039	0	0	0	0	0.062	0.092	0.900	0.262	0.928
PSMB5	PSMD12	9606.ENSP00000355325	9606.ENSP00000348442	0	0	0	0	0.376	0.991	0	0.532	0.997
PSMB5	RPL27	9606.ENSP00000355325	9606.ENSP00000464813	0	0	0	0	0.284	0	0	0.226	0.422
PSMB5	PSMD9	9606.ENSP00000355325	9606.ENSP00000440485	0	0	0	0	0.140	0.099	0	0.417	0.509
PSMB5	UBA52	9606.ENSP00000355325	9606.ENSP00000388107	0	0	0	0	0.116	0.854	0.500	0.137	0.936
PSMB5	PSMB8	9606.ENSP00000355325	9606.ENSP00000364016	0	0	0.062	0.956	0.048	0.798	0.720	0.372	0.962
PSMB5	PSME1	9606.ENSP00000355325	9606.ENSP00000372155	0	0	0	0	0.135	0.912	0	0.855	0.988
PSMB5	PSME4	9606.ENSP00000355325	9606.ENSP00000384211	0	0	0	0	0.049	0.989	0	0.534	0.995
PSMB5	PSMD13	9606.ENSP00000355325	9606.ENSP00000396937	0	0	0	0	0.339	0.989	0	0.465	0.995
PSMB5	PSMD6	9606.ENSP00000355325	9606.ENSP00000418695	0	0	0	0	0.468	0.989	0	0.668	0.997
PSMB5	PSMB9	9606.ENSP00000355325	9606.ENSP00000363993	0	0	0.118	0.724	0.555	0.956	0.720	0.588	0.997
PSMB5	PSMD4	9606.ENSP00000355325	9606.ENSP00000357876	0	0	0	0	0.445	0.995	0	0.579	0.998
PSMB5	PSMD14	9606.ENSP00000355325	9606.ENSP00000386541	0	0	0	0	0.445	0.995	0	0.626	0.998
PSMB5	PSMC3	9606.ENSP00000355325	9606.ENSP00000481029	0.057	0	0	0	0.453	0.999	0	0.788	0.999
PSMB5	PSMC2	9606.ENSP00000355325	9606.ENSP00000391211	0	0	0	0	0.325	0.999	0	0.652	0.999
PSMB5	PSMC6	9606.ENSP00000355325	9606.ENSP00000484998	0.057	0	0	0	0.341	0.999	0	0.706	0.999
PSMB6	PSMC4	9606.ENSP00000270586	9606.ENSP00000157812	0	0	0	0	0.682	0.988	0	0.684	0.998
PSMB6	PSMD5	9606.ENSP00000270586	9606.ENSP00000210313	0	0	0	0	0.063	0.419	0	0.414	0.653
PSMB6	PSMD8	9606.ENSP00000270586	9606.ENSP00000215071	0	0	0	0	0.808	0.986	0	0.705	0.999
PSMB6	PSME2	9606.ENSP00000270586	9606.ENSP00000216802	0	0	0	0	0.183	0.908	0	0.518	0.961
PSMB6	PSMD7	9606.ENSP00000270586	9606.ENSP00000219313	0	0	0	0	0.452	0.974	0	0.569	0.993
PSMB6	PSMB7	9606.ENSP00000270586	9606.ENSP00000259457	0	0	0.083	0.746	0.889	0.999	0.900	0.981	0.999
PSMB6	PSMC1	9606.ENSP00000270586	9606.ENSP00000261303	0	0	0	0	0.721	0.988	0	0.751	0.999
PSMB6	PSMD11	9606.ENSP00000270586	9606.ENSP00000261712	0	0	0	0	0.538	0.975	0	0.620	0.995
PSMB6	PSMD3	9606.ENSP00000270586	9606.ENSP00000264639	0	0	0	0	0.346	0.988	0	0.369	0.995
PSMB6	RPS16	9606.ENSP00000270586	9606.ENSP00000367806	0	0	0	0	0.415	0	0	0	0.415
PSMB6	RPL35A	9606.ENSP00000270586	9606.ENSP00000495672	0	0	0	0	0.415	0	0	0	0.415
PSMB6	RPS19	9606.ENSP00000270586	9606.ENSP00000470972	0	0	0	0	0.206	0	0	0.304	0.424
PSMB6	RPS2	9606.ENSP00000270586	9606.ENSP00000341885	0	0	0	0	0.343	0	0	0.166	0.428
PSMB6	RPS20	9606.ENSP00000270586	9606.ENSP00000429374	0	0	0	0	0.444	0	0	0.118	0.488
PSMB6	RPL27	9606.ENSP00000270586	9606.ENSP00000464813	0	0	0	0	0.443	0	0	0.130	0.495
PSMB6	RPS5	9606.ENSP00000270586	9606.ENSP00000472985	0	0	0	0	0.238	0.085	0	0.340	0.500
PSMB6	PSMD9	9606.ENSP00000270586	9606.ENSP00000440485	0	0	0	0	0.163	0.099	0	0.398	0.507
PSMB6	RPLP2	9606.ENSP00000270586	9606.ENSP00000431240	0	0	0	0	0.454	0	0	0.167	0.526
PSMB6	PSME3	9606.ENSP00000270586	9606.ENSP00000293362	0	0	0	0	0.167	0.407	0	0.564	0.766
PSMB6	PSMB9	9606.ENSP00000270586	9606.ENSP00000363993	0	0	0.061	0.958	0.115	0.674	0.720	0.078	0.917
PSMB6	PSMF1	9606.ENSP00000270586	9606.ENSP00000338039	0	0	0	0	0.049	0	0.900	0.269	0.924
PSMB6	UBA52	9606.ENSP00000270586	9606.ENSP00000388107	0	0	0	0	0.164	0.853	0.500	0.167	0.942
PSMB6	RPS27A	9606.ENSP00000270586	9606.ENSP00000272317	0	0	0	0	0.224	0.901	0.500	0.119	0.962
PSMB6	PSME1	9606.ENSP00000270586	9606.ENSP00000372155	0	0	0	0	0.153	0.949	0	0.549	0.979
PSMB6	PSME4	9606.ENSP00000270586	9606.ENSP00000384211	0	0	0	0	0.049	0.981	0	0.525	0.991
PSMB6	PSMC5	9606.ENSP00000270586	9606.ENSP00000310572	0	0	0	0	0.401	0.978	0	0.755	0.996
PSMB6	PSMD6	9606.ENSP00000270586	9606.ENSP00000418695	0	0	0	0	0.486	0.988	0	0.489	0.996
PSMB6	PSMD2	9606.ENSP00000270586	9606.ENSP00000310129	0	0	0	0	0.399	0.989	0	0.471	0.996
PSMB6	PSMD12	9606.ENSP00000270586	9606.ENSP00000348442	0	0	0	0	0.400	0.991	0	0.518	0.997
PSMB6	PSMD1	9606.ENSP00000270586	9606.ENSP00000309474	0	0	0	0	0.346	0.990	0	0.557	0.997
PSMB6	PSMC2	9606.ENSP00000270586	9606.ENSP00000391211	0	0	0	0	0.407	0.990	0	0.720	0.998
PSMB6	PSMC3	9606.ENSP00000270586	9606.ENSP00000481029	0	0	0	0	0.640	0.990	0	0.681	0.998
PSMB6	PSMD13	9606.ENSP00000270586	9606.ENSP00000396937	0	0	0	0	0.579	0.989	0	0.709	0.998
PSMB6	PSMD4	9606.ENSP00000270586	9606.ENSP00000357876	0	0	0	0	0.733	0.994	0	0.558	0.999
PSMB6	PSMC6	9606.ENSP00000270586	9606.ENSP00000484998	0	0	0	0	0.372	0.999	0	0.647	0.999
PSMB6	PSMD14	9606.ENSP00000270586	9606.ENSP00000386541	0	0	0	0	0.524	0.995	0	0.700	0.999
PSMB6	PSMB8	9606.ENSP00000270586	9606.ENSP00000364016	0	0	0.101	0.733	0.563	0.998	0.720	0.398	0.999
PSMB7	PSMC4	9606.ENSP00000259457	9606.ENSP00000157812	0.057	0	0	0	0.436	0.990	0	0.703	0.998
PSMB7	PSMD5	9606.ENSP00000259457	9606.ENSP00000210313	0	0	0	0	0.063	0.483	0	0.283	0.623
PSMB7	PSMD8	9606.ENSP00000259457	9606.ENSP00000215071	0	0	0	0	0.508	0.972	0	0.529	0.993
PSMB7	PSME2	9606.ENSP00000259457	9606.ENSP00000216802	0	0	0	0	0.277	0.970	0	0.702	0.993
PSMB7	PSMD10	9606.ENSP00000259457	9606.ENSP00000217958	0	0	0	0	0.213	0.086	0	0.295	0.449
PSMB7	PSMD7	9606.ENSP00000259457	9606.ENSP00000219313	0	0	0	0	0.340	0.986	0.800	0.713	0.999
PSMB7	RPL19	9606.ENSP00000259457	9606.ENSP00000225430	0	0	0	0	0.324	0	0	0.148	0.400
PSMB7	RPL13	9606.ENSP00000259457	9606.ENSP00000307889	0	0	0	0	0.351	0.091	0	0.071	0.404
PSMB7	RPS3A	9606.ENSP00000259457	9606.ENSP00000346050	0	0	0	0	0.406	0	0	0.063	0.420
PSMB7	RPS3	9606.ENSP00000259457	9606.ENSP00000278572	0	0	0	0	0.347	0.089	0	0.115	0.428
PSMB7	RPL9	9606.ENSP00000259457	9606.ENSP00000494697	0	0	0	0	0.377	0.066	0	0.098	0.429
PSMB7	RPS8	9606.ENSP00000259457	9606.ENSP00000379888	0	0	0	0	0.416	0.069	0	0	0.433
PSMB7	RPLP0	9606.ENSP00000259457	9606.ENSP00000449328	0	0	0	0	0.341	0	0	0.174	0.433
PSMB7	RPL14	9606.ENSP00000259457	9606.ENSP00000379506	0	0	0	0	0.393	0	0	0.110	0.436
PSMB7	RPS4X	9606.ENSP00000259457	9606.ENSP00000362744	0	0	0	0	0.374	0	0	0.143	0.441
PSMB7	RPL35A	9606.ENSP00000259457	9606.ENSP00000495672	0	0	0	0	0.440	0.046	0	0	0.443
PSMB7	RPL27A	9606.ENSP00000259457	9606.ENSP00000346015	0	0	0	0	0.430	0.045	0	0.099	0.466
PSMB7	RPS16	9606.ENSP00000259457	9606.ENSP00000367806	0	0	0	0	0.436	0.071	0	0.064	0.467
PSMB7	RPL30	9606.ENSP00000259457	9606.ENSP00000428085	0	0	0	0	0.429	0.047	0	0.101	0.468
PSMB7	PSMD9	9606.ENSP00000259457	9606.ENSP00000440485	0	0	0	0	0.163	0.099	0	0.358	0.473
PSMB7	RPS2	9606.ENSP00000259457	9606.ENSP00000341885	0	0	0	0	0.379	0.067	0	0.169	0.476
PSMB7	RPSA	9606.ENSP00000259457	9606.ENSP00000389351	0	0	0	0	0.430	0.060	0	0.111	0.482
PSMB7	RPL6	9606.ENSP00000259457	9606.ENSP00000403172	0	0	0	0	0.431	0	0	0.127	0.482
PSMB7	RPL12	9606.ENSP00000259457	9606.ENSP00000354739	0	0	0	0	0.454	0.072	0	0.090	0.499
PSMB7	RPL4	9606.ENSP00000259457	9606.ENSP00000311430	0	0	0	0	0.433	0.071	0	0.141	0.508
PSMB7	RPLP2	9606.ENSP00000259457	9606.ENSP00000431240	0	0	0	0	0.485	0	0	0.115	0.525
PSMB7	RPS20	9606.ENSP00000259457	9606.ENSP00000429374	0	0	0	0	0.437	0.067	0	0.200	0.543
PSMB7	RPL27	9606.ENSP00000259457	9606.ENSP00000464813	0	0	0	0	0.427	0	0	0.387	0.633
PSMB7	PSME3	9606.ENSP00000259457	9606.ENSP00000293362	0	0	0	0	0.255	0.392	0	0.648	0.827
PSMB7	UBA52	9606.ENSP00000259457	9606.ENSP00000388107	0	0	0	0	0.147	0.853	0.500	0.074	0.934
PSMB7	RPS27A	9606.ENSP00000259457	9606.ENSP00000272317	0	0	0	0	0.183	0.902	0.500	0.095	0.959
PSMB7	PSME1	9606.ENSP00000259457	9606.ENSP00000372155	0	0	0	0	0.125	0.971	0	0.561	0.988
PSMB7	PSME4	9606.ENSP00000259457	9606.ENSP00000384211	0	0	0	0	0.054	0.980	0	0.453	0.989
PSMB7	PSMF1	9606.ENSP00000259457	9606.ENSP00000338039	0	0	0	0	0.090	0.806	0.900	0.501	0.990
PSMB7	PSMC5	9606.ENSP00000259457	9606.ENSP00000310572	0	0	0	0	0.613	0.983	0	0.667	0.997
PSMB7	PSMC1	9606.ENSP00000259457	9606.ENSP00000261303	0	0	0	0	0.443	0.988	0	0.711	0.997
PSMB7	PSMD1	9606.ENSP00000259457	9606.ENSP00000309474	0	0	0	0	0.426	0.989	0	0.735	0.998
PSMB7	PSMD6	9606.ENSP00000259457	9606.ENSP00000418695	0	0	0	0	0.526	0.990	0.800	0.620	0.999
PSMB7	PSMC3	9606.ENSP00000259457	9606.ENSP00000481029	0.057	0	0	0	0.580	0.978	0.800	0.749	0.999
PSMB7	PSMD11	9606.ENSP00000259457	9606.ENSP00000261712	0	0	0	0	0.455	0.992	0.800	0.529	0.999
PSMB7	PSMD3	9606.ENSP00000259457	9606.ENSP00000264639	0	0	0	0	0.182	0.986	0.800	0.658	0.999
PSMB7	PSMC2	9606.ENSP00000259457	9606.ENSP00000391211	0	0	0	0	0.499	0.991	0.800	0.770	0.999
PSMB7	PSMD4	9606.ENSP00000259457	9606.ENSP00000357876	0	0	0	0	0.644	0.995	0	0.462	0.999
PSMB7	PSMB9	9606.ENSP00000259457	9606.ENSP00000363993	0	0	0	0.739	0.556	0.998	0.720	0.352	0.999
PSMB7	PSMD14	9606.ENSP00000259457	9606.ENSP00000386541	0	0	0	0	0.649	0.995	0.800	0.534	0.999
PSMB7	PSMB8	9606.ENSP00000259457	9606.ENSP00000364016	0	0	0	0.658	0.495	0.998	0.720	0.635	0.999
PSMB7	PSMC6	9606.ENSP00000259457	9606.ENSP00000484998	0.057	0	0	0	0.322	0.999	0	0.640	0.999
PSMB7	PSMD13	9606.ENSP00000259457	9606.ENSP00000396937	0	0	0	0	0.476	0.983	0.800	0.675	0.999
PSMB7	PSMD12	9606.ENSP00000259457	9606.ENSP00000348442	0	0	0	0	0.434	0.992	0.800	0.684	0.999
PSMB7	PSMD2	9606.ENSP00000259457	9606.ENSP00000310129	0	0	0	0	0.365	0.989	0.800	0.689	0.999
PSMB8	PSMC4	9606.ENSP00000364016	9606.ENSP00000157812	0.057	0	0	0	0.549	0.937	0	0.590	0.987
PSMB8	PSMD5	9606.ENSP00000364016	9606.ENSP00000210313	0	0	0	0	0.044	0.509	0	0.220	0.602
PSMB8	PSMD8	9606.ENSP00000364016	9606.ENSP00000215071	0	0	0	0	0.408	0.883	0	0.432	0.957
PSMB8	PSME2	9606.ENSP00000364016	9606.ENSP00000216802	0	0	0	0	0.381	0.722	0	0.933	0.987
PSMB8	PSMD10	9606.ENSP00000364016	9606.ENSP00000217958	0	0	0	0	0.060	0.086	0	0.363	0.405
PSMB8	PSMD7	9606.ENSP00000364016	9606.ENSP00000219313	0	0	0	0	0.213	0.863	0	0.418	0.932
PSMB8	PSMC1	9606.ENSP00000364016	9606.ENSP00000261303	0	0	0	0	0.591	0.899	0	0.441	0.975
PSMB8	PSMD11	9606.ENSP00000364016	9606.ENSP00000261712	0	0	0	0	0.189	0.741	0	0.575	0.903
PSMB8	PSMD3	9606.ENSP00000364016	9606.ENSP00000264639	0	0	0	0	0.298	0.749	0	0.526	0.909
PSMB8	RPS27A	9606.ENSP00000364016	9606.ENSP00000272317	0	0	0	0	0.042	0.426	0.500	0.092	0.717
PSMB8	PSME3	9606.ENSP00000364016	9606.ENSP00000293362	0	0	0	0	0.093	0.243	0	0.593	0.696
PSMB8	PSMD1	9606.ENSP00000364016	9606.ENSP00000309474	0	0	0	0	0.129	0.851	0	0.631	0.948
PSMB8	PSMD2	9606.ENSP00000364016	9606.ENSP00000310129	0	0	0	0	0.145	0.863	0	0.485	0.934
PSMB8	PSMC5	9606.ENSP00000364016	9606.ENSP00000310572	0	0	0	0	0.409	0.929	0	0.585	0.981
PSMB8	PSMF1	9606.ENSP00000364016	9606.ENSP00000338039	0	0	0	0	0.060	0.092	0.720	0.409	0.840
PSMB8	PSMD12	9606.ENSP00000364016	9606.ENSP00000348442	0	0	0	0	0.359	0.903	0	0.523	0.968
PSMB8	PSMD4	9606.ENSP00000364016	9606.ENSP00000357876	0	0	0	0	0.403	0.901	0	0.578	0.973
PSMB8	PSMB9	9606.ENSP00000364016	9606.ENSP00000363993	0	0	0.119	0.757	0.999	0.999	0.720	0.988	0.999
PSMB8	PSMD9	9606.ENSP00000364016	9606.ENSP00000440485	0	0	0	0	0.104	0.099	0	0.318	0.402
PSMB8	UBA52	9606.ENSP00000364016	9606.ENSP00000388107	0	0	0	0	0.109	0.300	0.500	0.146	0.698
PSMB8	PSMD13	9606.ENSP00000364016	9606.ENSP00000396937	0	0	0	0	0.318	0.859	0	0.408	0.938
PSMB8	PSMC6	9606.ENSP00000364016	9606.ENSP00000484998	0.057	0	0	0	0.301	0.904	0	0.364	0.954
PSMB8	PSMD6	9606.ENSP00000364016	9606.ENSP00000418695	0	0	0	0	0.427	0.861	0	0.483	0.955
PSMB8	PSMC3	9606.ENSP00000364016	9606.ENSP00000481029	0.057	0	0	0	0.389	0.891	0	0.526	0.966
PSMB8	PSMD14	9606.ENSP00000364016	9606.ENSP00000386541	0	0	0	0	0.332	0.907	0	0.560	0.970
PSMB8	PSMC2	9606.ENSP00000364016	9606.ENSP00000391211	0	0	0	0	0.246	0.909	0	0.623	0.972
PSMB8	PSME1	9606.ENSP00000364016	9606.ENSP00000372155	0	0	0	0	0.523	0.615	0	0.927	0.985
PSMB8	PSME4	9606.ENSP00000364016	9606.ENSP00000384211	0	0	0	0	0.042	0.883	0.720	0.608	0.986
PSMB9	PSMC4	9606.ENSP00000363993	9606.ENSP00000157812	0	0	0	0	0.667	0.940	0	0.447	0.988
PSMB9	PSMD5	9606.ENSP00000363993	9606.ENSP00000210313	0	0	0	0	0.047	0.494	0	0.338	0.653
PSMB9	PSMD8	9606.ENSP00000363993	9606.ENSP00000215071	0	0	0	0	0.615	0.921	0	0.508	0.983
PSMB9	PSME2	9606.ENSP00000363993	9606.ENSP00000216802	0	0	0	0	0.520	0.884	0	0.844	0.990
PSMB9	PSMD7	9606.ENSP00000363993	9606.ENSP00000219313	0	0	0	0	0.307	0.911	0	0.628	0.975
PSMB9	PSMC1	9606.ENSP00000363993	9606.ENSP00000261303	0	0	0	0	0.621	0.942	0	0.430	0.986
PSMB9	PSMD11	9606.ENSP00000363993	9606.ENSP00000261712	0	0	0	0	0.402	0.920	0	0.569	0.977
PSMB9	PSMD3	9606.ENSP00000363993	9606.ENSP00000264639	0	0	0	0	0.311	0.939	0	0.432	0.974
PSMB9	RPS27A	9606.ENSP00000363993	9606.ENSP00000272317	0	0	0	0	0.074	0.425	0.500	0.118	0.734
PSMB9	PSME3	9606.ENSP00000363993	9606.ENSP00000293362	0	0	0	0	0.086	0.585	0	0.562	0.819
PSMB9	PSMD1	9606.ENSP00000363993	9606.ENSP00000309474	0	0	0	0	0.091	0.952	0	0.409	0.972
PSMB9	PSMD2	9606.ENSP00000363993	9606.ENSP00000310129	0	0	0	0	0.147	0.949	0	0.392	0.971
PSMB9	PSMC5	9606.ENSP00000363993	9606.ENSP00000310572	0	0	0	0	0.248	0.828	0	0.462	0.924
PSMB9	PSMF1	9606.ENSP00000363993	9606.ENSP00000338039	0	0	0	0	0.049	0.782	0.720	0.369	0.958
PSMB9	PSMD12	9606.ENSP00000363993	9606.ENSP00000348442	0	0	0	0	0.298	0.960	0	0.525	0.985
PSMB9	PSMD4	9606.ENSP00000363993	9606.ENSP00000357876	0	0	0	0	0.616	0.952	0	0.615	0.992
PSMB9	PSMD9	9606.ENSP00000363993	9606.ENSP00000440485	0	0	0	0	0.077	0.095	0	0.343	0.404
PSMB9	UBA52	9606.ENSP00000363993	9606.ENSP00000388107	0	0	0	0	0.063	0.296	0.500	0	0.641
PSMB9	PSMC3	9606.ENSP00000363993	9606.ENSP00000481029	0	0	0	0	0.394	0.871	0	0.480	0.956
PSMB9	PSMC2	9606.ENSP00000363993	9606.ENSP00000391211	0	0	0	0	0.346	0.919	0	0.363	0.963
PSMB9	PSMC6	9606.ENSP00000363993	9606.ENSP00000484998	0	0	0	0	0.342	0.949	0	0.325	0.975
PSMB9	PSMD6	9606.ENSP00000363993	9606.ENSP00000418695	0	0	0	0	0.400	0.935	0	0.445	0.976
PSMB9	PSMD13	9606.ENSP00000363993	9606.ENSP00000396937	0	0	0	0	0.561	0.932	0	0.487	0.983
PSMB9	PSMD14	9606.ENSP00000363993	9606.ENSP00000386541	0	0	0	0	0.400	0.955	0	0.479	0.985
PSMB9	PSME1	9606.ENSP00000363993	9606.ENSP00000372155	0	0	0	0	0.662	0.855	0	0.884	0.993
PSMB9	PSME4	9606.ENSP00000363993	9606.ENSP00000384211	0	0	0	0	0.044	0.940	0.720	0.655	0.993
PSMC1	PSMC4	9606.ENSP00000261303	9606.ENSP00000157812	0	0	0.069	0.934	0.937	0.999	0.720	0.723	0.999
PSMC1	PSMD5	9606.ENSP00000261303	9606.ENSP00000210313	0	0	0	0	0.049	0.996	0.720	0.816	0.999
PSMC1	PSMD8	9606.ENSP00000261303	9606.ENSP00000215071	0	0	0	0	0.702	0.998	0.720	0.778	0.999
PSMC1	PSME2	9606.ENSP00000261303	9606.ENSP00000216802	0	0	0	0	0.102	0.446	0.360	0.405	0.785
PSMC1	PSMD10	9606.ENSP00000261303	9606.ENSP00000217958	0	0	0	0	0.082	0.998	0	0.950	0.999
PSMC1	PSMD7	9606.ENSP00000261303	9606.ENSP00000219313	0	0	0	0	0.912	0.997	0.720	0.878	0.999
PSMC1	RPL18A	9606.ENSP00000261303	9606.ENSP00000222247	0	0	0	0	0.542	0.091	0	0	0.565
PSMC1	RPL19	9606.ENSP00000261303	9606.ENSP00000225430	0	0	0	0	0.443	0	0	0.069	0.459
PSMC1	RPS12	9606.ENSP00000261303	9606.ENSP00000230050	0	0	0	0	0.652	0.126	0	0.137	0.714
PSMC1	RPL35	9606.ENSP00000261303	9606.ENSP00000259469	0	0	0	0	0.526	0.088	0	0.056	0.556
PSMC1	RPS28	9606.ENSP00000261303	9606.ENSP00000472469	0	0	0	0	0.401	0	0	0.063	0.415
PSMC1	RPS15	9606.ENSP00000261303	9606.ENSP00000466010	0	0	0	0	0.339	0.127	0	0.091	0.429
PSMC1	RPS20	9606.ENSP00000261303	9606.ENSP00000429374	0	0	0	0	0.365	0.095	0	0.108	0.443
PSMC1	RPS21	9606.ENSP00000261303	9606.ENSP00000345957	0	0	0	0	0.363	0.130	0	0.081	0.446
PSMC1	RPL12	9606.ENSP00000261303	9606.ENSP00000354739	0.045	0	0	0	0.425	0.081	0	0.041	0.451
PSMC1	RPL13	9606.ENSP00000261303	9606.ENSP00000307889	0	0.007	0	0	0.430	0.091	0	0	0.459
PSMC1	RPL27	9606.ENSP00000261303	9606.ENSP00000464813	0	0	0	0	0.442	0.073	0	0	0.460
PSMC1	RPL34	9606.ENSP00000261303	9606.ENSP00000378163	0	0	0	0	0.431	0.091	0	0	0.460
PSMC1	RPLP1	9606.ENSP00000261303	9606.ENSP00000346037	0	0	0	0	0.401	0	0	0.154	0.472
PSMC1	RPL28	9606.ENSP00000261303	9606.ENSP00000452763	0	0	0	0	0.447	0.091	0	0	0.476
PSMC1	RPS23	9606.ENSP00000261303	9606.ENSP00000296674	0	0	0	0	0.437	0.097	0	0.054	0.477
PSMC1	RPL6	9606.ENSP00000261303	9606.ENSP00000403172	0	0	0	0	0.449	0.096	0	0.051	0.486
PSMC1	RPL27A	9606.ENSP00000261303	9606.ENSP00000346015	0	0	0	0	0.441	0.091	0	0.071	0.486
PSMC1	RPL31	9606.ENSP00000261303	9606.ENSP00000386717	0	0	0	0	0.393	0.094	0	0.145	0.489
PSMC1	RPL22	9606.ENSP00000261303	9606.ENSP00000346088	0	0	0	0	0.431	0	0	0.140	0.489
PSMC1	RPS16	9606.ENSP00000261303	9606.ENSP00000367806	0	0	0	0	0.433	0.096	0	0.085	0.491
PSMC1	RPL15	9606.ENSP00000261303	9606.ENSP00000309334	0	0	0	0	0.493	0	0	0	0.493
PSMC1	RPL4	9606.ENSP00000261303	9606.ENSP00000311430	0	0	0	0	0.322	0.091	0	0.246	0.495
PSMC1	RPS9	9606.ENSP00000261303	9606.ENSP00000375632	0.055	0	0	0	0.381	0.132	0	0.130	0.499
PSMC1	RPL36	9606.ENSP00000261303	9606.ENSP00000464342	0	0	0	0	0.461	0.091	0	0.065	0.502
PSMC1	RPSA	9606.ENSP00000261303	9606.ENSP00000389351	0	0	0	0	0.429	0.120	0	0.093	0.504
PSMC1	RPS2	9606.ENSP00000261303	9606.ENSP00000341885	0.044	0	0	0	0.423	0.134	0	0.118	0.523
PSMC1	RPLP0	9606.ENSP00000261303	9606.ENSP00000449328	0	0	0	0	0.507	0.091	0	0.069	0.546
PSMC1	RPL7A	9606.ENSP00000261303	9606.ENSP00000361076	0	0	0	0	0.526	0.091	0	0	0.550
PSMC1	RPS26	9606.ENSP00000261303	9606.ENSP00000348849	0	0	0	0	0.533	0.096	0	0	0.560
PSMC1	RPS29	9606.ENSP00000261303	9606.ENSP00000379339	0.046	0	0	0	0.451	0	0	0.249	0.572
PSMC1	RPL26	9606.ENSP00000261303	9606.ENSP00000463784	0.046	0	0	0	0.532	0.120	0	0	0.572
PSMC1	RPL10	9606.ENSP00000261303	9606.ENSP00000413436	0	0	0	0	0.530	0.094	0	0.089	0.578
PSMC1	RPS3	9606.ENSP00000261303	9606.ENSP00000278572	0	0	0	0	0.540	0.138	0	0	0.587
PSMC1	RPL38	9606.ENSP00000261303	9606.ENSP00000309830	0	0	0	0	0.441	0	0	0.302	0.593
PSMC1	RPL17	9606.ENSP00000261303	9606.ENSP00000463842	0	0	0	0	0.560	0.091	0	0.067	0.594
PSMC1	RPS8	9606.ENSP00000261303	9606.ENSP00000379888	0	0	0	0	0.488	0.217	0	0.068	0.594
PSMC1	RPL11	9606.ENSP00000261303	9606.ENSP00000496250	0.056	0	0	0	0.508	0.091	0	0.163	0.599
PSMC1	RPS3A	9606.ENSP00000261303	9606.ENSP00000346050	0	0	0	0	0.516	0.140	0	0.136	0.609
PSMC1	RPL9	9606.ENSP00000261303	9606.ENSP00000494697	0.045	0	0	0	0.513	0.065	0	0.229	0.619
PSMC1	RPL21	9606.ENSP00000261303	9606.ENSP00000346027	0	0	0	0	0.631	0	0	0	0.631
PSMC1	PSMF1	9606.ENSP00000261303	9606.ENSP00000338039	0	0	0	0	0.074	0.468	0	0.332	0.642
PSMC1	PSME3	9606.ENSP00000261303	9606.ENSP00000293362	0	0	0	0	0.176	0.045	0.360	0.373	0.642
PSMC1	RPS27	9606.ENSP00000261303	9606.ENSP00000499044	0	0	0	0	0.632	0.091	0	0	0.651
PSMC1	RPL10A	9606.ENSP00000261303	9606.ENSP00000363018	0.046	0	0	0	0.629	0.089	0	0.065	0.659
PSMC1	RPS14	9606.ENSP00000261303	9606.ENSP00000385958	0	0	0	0	0.633	0.114	0	0.044	0.662
PSMC1	RPS4X	9606.ENSP00000261303	9606.ENSP00000362744	0	0	0	0	0.627	0.126	0	0.050	0.663
PSMC1	RPS10	9606.ENSP00000261303	9606.ENSP00000481646	0	0	0	0	0.636	0.115	0	0.047	0.667
PSMC1	RPS6	9606.ENSP00000261303	9606.ENSP00000369757	0	0	0	0	0.624	0.127	0	0.091	0.675
PSMC1	RPS24	9606.ENSP00000261303	9606.ENSP00000414321	0	0	0	0	0.656	0.097	0	0	0.676
PSMC1	RPS11	9606.ENSP00000261303	9606.ENSP00000270625	0	0	0	0	0.658	0.096	0	0	0.677
PSMC1	RPS25	9606.ENSP00000261303	9606.ENSP00000435096	0	0	0	0	0.636	0	0	0.150	0.677
PSMC1	RPL7	9606.ENSP00000261303	9606.ENSP00000339795	0.042	0	0	0	0.635	0.110	0	0.091	0.679
PSMC1	RPS18	9606.ENSP00000261303	9606.ENSP00000393241	0	0	0	0	0.663	0.094	0	0	0.681
PSMC1	RPL3	9606.ENSP00000261303	9606.ENSP00000346001	0	0	0	0	0.633	0.095	0	0.136	0.688
PSMC1	RPL13A	9606.ENSP00000261303	9606.ENSP00000375730	0.044	0	0	0	0.622	0.087	0	0.166	0.688
PSMC1	RPL5	9606.ENSP00000261303	9606.ENSP00000359345	0.052	0	0	0	0.667	0.094	0	0	0.689
PSMC1	RPL23A	9606.ENSP00000261303	9606.ENSP00000389103	0	0	0	0	0.640	0.129	0	0.091	0.690
PSMC1	RPS7	9606.ENSP00000261303	9606.ENSP00000495273	0	0	0	0	0.667	0.126	0	0	0.697
PSMC1	RPL23	9606.ENSP00000261303	9606.ENSP00000420311	0.056	0	0	0	0.663	0.056	0	0.126	0.702
PSMC1	RPS13	9606.ENSP00000261303	9606.ENSP00000435777	0.056	0	0	0	0.627	0.236	0	0	0.707
PSMC1	RPS19	9606.ENSP00000261303	9606.ENSP00000470972	0	0	0	0	0.661	0.126	0	0.116	0.715
PSMC1	RPS15A	9606.ENSP00000261303	9606.ENSP00000318646	0.042	0	0	0	0.667	0.188	0	0.051	0.722
PSMC1	RPL8	9606.ENSP00000261303	9606.ENSP00000262584	0	0	0	0	0.637	0.091	0	0.265	0.736
PSMC1	RPS5	9606.ENSP00000261303	9606.ENSP00000472985	0	0	0	0	0.636	0.125	0	0.253	0.741
PSMC1	PSME4	9606.ENSP00000261303	9606.ENSP00000384211	0	0	0	0	0.151	0.480	0	0.516	0.768
PSMC1	PSME1	9606.ENSP00000261303	9606.ENSP00000372155	0	0	0	0	0.086	0.297	0.360	0.571	0.800
PSMC1	SEM1	9606.ENSP00000261303	9606.ENSP00000481021	0	0	0	0	0.128	0.714	0.360	0	0.826
PSMC1	PSMD9	9606.ENSP00000261303	9606.ENSP00000440485	0.043	0	0	0	0.128	0.414	0.720	0.425	0.907
PSMC1	RPS27A	9606.ENSP00000261303	9606.ENSP00000272317	0	0	0	0	0.139	0.896	0.500	0.221	0.960
PSMC1	UBA52	9606.ENSP00000261303	9606.ENSP00000388107	0	0	0	0	0.060	0.883	0.500	0.360	0.960
PSMC1	PSMD1	9606.ENSP00000261303	9606.ENSP00000309474	0	0	0	0	0.689	0.998	0.720	0.957	0.999
PSMC1	PSMD14	9606.ENSP00000261303	9606.ENSP00000386541	0	0	0	0	0.941	0.997	0.720	0.920	0.999
PSMC1	PSMC6	9606.ENSP00000261303	9606.ENSP00000484998	0	0	0.081	0.897	0.920	0.999	0.720	0.835	0.999
PSMC1	PSMD12	9606.ENSP00000261303	9606.ENSP00000348442	0	0	0	0	0.924	0.997	0.720	0.763	0.999
PSMC1	PSMD13	9606.ENSP00000261303	9606.ENSP00000396937	0	0	0	0	0.735	0.997	0.720	0.968	0.999
PSMC1	PSMD2	9606.ENSP00000261303	9606.ENSP00000310129	0	0	0	0	0.761	0.999	0.720	0.964	0.999
PSMC1	PSMD6	9606.ENSP00000261303	9606.ENSP00000418695	0	0	0	0	0.929	0.999	0.720	0.813	0.999
PSMC1	PSMC3	9606.ENSP00000261303	9606.ENSP00000481029	0	0	0.081	0.906	0.960	0.999	0.720	0.752	0.999
PSMC1	PSMC5	9606.ENSP00000261303	9606.ENSP00000310572	0	0	0.073	0.920	0.957	0.999	0.720	0.607	0.999
PSMC1	PSMD11	9606.ENSP00000261303	9606.ENSP00000261712	0	0	0	0	0.809	0.997	0.720	0.804	0.999
PSMC1	PSMD4	9606.ENSP00000261303	9606.ENSP00000357876	0	0	0	0	0.928	0.998	0.720	0.936	0.999
PSMC1	PSMC2	9606.ENSP00000261303	9606.ENSP00000391211	0	0	0.078	0.892	0.965	0.999	0.720	0.755	0.999
PSMC1	PSMD3	9606.ENSP00000261303	9606.ENSP00000264639	0	0	0	0	0.816	0.997	0.720	0.752	0.999
PSMC2	PSMC4	9606.ENSP00000391211	9606.ENSP00000157812	0	0	0.083	0.883	0.940	0.999	0.720	0.716	0.999
PSMC2	PSMD5	9606.ENSP00000391211	9606.ENSP00000210313	0	0	0	0	0.091	0.997	0.720	0.422	0.999
PSMC2	PSMD8	9606.ENSP00000391211	9606.ENSP00000215071	0	0	0	0	0.428	0.998	0.720	0.782	0.999
PSMC2	PSME2	9606.ENSP00000391211	9606.ENSP00000216802	0	0	0	0	0.123	0.335	0.360	0.399	0.746
PSMC2	PSMD10	9606.ENSP00000391211	9606.ENSP00000217958	0	0	0	0	0.126	0.998	0	0.551	0.999
PSMC2	PSMD7	9606.ENSP00000391211	9606.ENSP00000219313	0	0	0	0	0.746	0.997	0.800	0.817	0.999
PSMC2	RPL18A	9606.ENSP00000391211	9606.ENSP00000222247	0	0	0	0	0.658	0.067	0	0	0.667
PSMC2	RPL19	9606.ENSP00000391211	9606.ENSP00000225430	0	0	0	0	0.517	0	0	0.060	0.527
PSMC2	RPS12	9606.ENSP00000391211	9606.ENSP00000230050	0	0	0	0	0.663	0.095	0	0	0.681
PSMC2	RARS1	9606.ENSP00000391211	9606.ENSP00000231572	0	0	0	0	0.438	0	0	0.056	0.447
PSMC2	RPL35	9606.ENSP00000391211	9606.ENSP00000259469	0	0	0	0	0.667	0.186	0	0.147	0.749
PSMC2	PSMD11	9606.ENSP00000391211	9606.ENSP00000261712	0	0	0	0	0.618	0.997	0.800	0.779	0.999
PSMC2	RPL8	9606.ENSP00000391211	9606.ENSP00000262584	0	0	0	0	0.667	0.060	0	0.281	0.755
PSMC2	PSMD3	9606.ENSP00000391211	9606.ENSP00000264639	0	0	0	0	0.662	0.997	0.800	0.817	0.999
PSMC2	RPS11	9606.ENSP00000391211	9606.ENSP00000270625	0	0	0	0	0.663	0.071	0	0.103	0.694
PSMC2	RPS27A	9606.ENSP00000391211	9606.ENSP00000272317	0	0	0	0	0.137	0.942	0.500	0.222	0.978
PSMC2	RPS3	9606.ENSP00000391211	9606.ENSP00000278572	0	0	0	0	0.633	0.097	0	0	0.654
PSMC2	PSME3	9606.ENSP00000391211	9606.ENSP00000293362	0	0	0	0	0.163	0.444	0.360	0.592	0.862
PSMC2	RPL29	9606.ENSP00000391211	9606.ENSP00000294189	0	0	0	0	0.428	0	0	0.076	0.449
PSMC2	RPS23	9606.ENSP00000391211	9606.ENSP00000296674	0	0	0	0	0.485	0.071	0	0.054	0.507
PSMC2	RPL13	9606.ENSP00000391211	9606.ENSP00000307889	0	0.008	0	0	0.429	0.068	0	0.041	0.445
PSMC2	RPL15	9606.ENSP00000391211	9606.ENSP00000309334	0	0	0	0	0.560	0	0	0.095	0.585
PSMC2	PSMD1	9606.ENSP00000391211	9606.ENSP00000309474	0	0	0	0	0.609	0.998	0.720	0.923	0.999
PSMC2	RPL38	9606.ENSP00000391211	9606.ENSP00000309830	0	0	0	0	0.622	0	0	0.161	0.669
PSMC2	PSMD2	9606.ENSP00000391211	9606.ENSP00000310129	0	0	0	0	0.583	0.999	0.800	0.877	0.999
PSMC2	PSMC5	9606.ENSP00000391211	9606.ENSP00000310572	0	0	0.074	0.923	0.888	0.999	0.720	0.774	0.999
PSMC2	RPS15A	9606.ENSP00000391211	9606.ENSP00000318646	0.042	0	0	0	0.667	0.091	0	0.170	0.727
PSMC2	RPL7	9606.ENSP00000391211	9606.ENSP00000339795	0.042	0	0	0	0.665	0.090	0	0	0.682
PSMC2	RPS2	9606.ENSP00000391211	9606.ENSP00000341885	0.044	0	0	0	0.430	0.097	0	0.158	0.531
PSMC2	RPS21	9606.ENSP00000391211	9606.ENSP00000345957	0	0	0	0	0.324	0.143	0	0.191	0.490
PSMC2	RPL3	9606.ENSP00000391211	9606.ENSP00000346001	0	0	0	0	0.668	0.071	0	0.120	0.705
PSMC2	RPL27A	9606.ENSP00000391211	9606.ENSP00000346015	0	0	0	0	0.459	0.053	0	0.071	0.483
PSMC2	RPL21	9606.ENSP00000391211	9606.ENSP00000346027	0	0	0	0	0.664	0	0	0.057	0.670
PSMC2	RPLP1	9606.ENSP00000391211	9606.ENSP00000346037	0	0	0	0	0.430	0	0	0.181	0.513
PSMC2	RPS3A	9606.ENSP00000391211	9606.ENSP00000346050	0	0	0	0	0.622	0.110	0	0.135	0.683
PSMC2	RPL22	9606.ENSP00000391211	9606.ENSP00000346088	0	0	0	0	0.527	0	0	0.049	0.530
PSMC2	PSMD12	9606.ENSP00000391211	9606.ENSP00000348442	0	0	0	0	0.746	0.997	0.800	0.813	0.999
PSMC2	RPS26	9606.ENSP00000391211	9606.ENSP00000348849	0	0	0	0	0.634	0.073	0	0	0.646
PSMC2	RPL12	9606.ENSP00000391211	9606.ENSP00000354739	0.045	0	0	0	0.425	0.058	0	0.052	0.444
PSMC2	PSMD4	9606.ENSP00000391211	9606.ENSP00000357876	0	0	0	0	0.679	0.998	0.720	0.767	0.999
PSMC2	RPL5	9606.ENSP00000391211	9606.ENSP00000359345	0.052	0	0	0	0.683	0.070	0	0	0.696
PSMC2	RPL7A	9606.ENSP00000391211	9606.ENSP00000361076	0	0	0	0	0.626	0.077	0	0.134	0.675
PSMC2	RPS4X	9606.ENSP00000391211	9606.ENSP00000362744	0	0	0	0	0.657	0.126	0	0.100	0.706
PSMC2	RPL10A	9606.ENSP00000391211	9606.ENSP00000363018	0.046	0	0	0	0.663	0.062	0	0.198	0.725
PSMC2	RPS16	9606.ENSP00000391211	9606.ENSP00000367806	0	0	0	0	0.447	0.069	0	0.089	0.490
PSMC2	RPS6	9606.ENSP00000391211	9606.ENSP00000369757	0	0	0	0	0.664	0.109	0	0.080	0.701
PSMC2	PSME1	9606.ENSP00000391211	9606.ENSP00000372155	0	0	0	0	0.106	0.253	0.360	0.386	0.702
PSMC2	RPS9	9606.ENSP00000391211	9606.ENSP00000375632	0.055	0	0	0	0.413	0.095	0	0.130	0.504
PSMC2	RPL13A	9606.ENSP00000391211	9606.ENSP00000375730	0.044	0	0	0	0.650	0.060	0	0	0.658
PSMC2	RPL34	9606.ENSP00000391211	9606.ENSP00000378163	0	0	0	0	0.440	0.068	0	0.055	0.463
PSMC2	RPS29	9606.ENSP00000391211	9606.ENSP00000379339	0.046	0	0	0	0.501	0	0	0	0.503
PSMC2	RPS8	9606.ENSP00000391211	9606.ENSP00000379888	0	0	0	0	0.514	0.097	0	0.202	0.619
PSMC2	PSME4	9606.ENSP00000391211	9606.ENSP00000384211	0	0	0	0	0.089	0.487	0	0.560	0.776
PSMC2	RPS14	9606.ENSP00000391211	9606.ENSP00000385958	0	0	0	0	0.663	0.091	0	0	0.680
PSMC2	PSMD14	9606.ENSP00000391211	9606.ENSP00000386541	0	0	0	0	0.921	0.997	0.800	0.815	0.999
PSMC2	RPL31	9606.ENSP00000391211	9606.ENSP00000386717	0	0	0	0	0.324	0.094	0	0.191	0.461
PSMC2	UBA52	9606.ENSP00000391211	9606.ENSP00000388107	0	0	0	0	0.042	0.858	0.500	0.184	0.937
PSMC2	RPL23A	9606.ENSP00000391211	9606.ENSP00000389103	0	0	0	0	0.663	0.095	0	0.115	0.706
PSMC2	RPSA	9606.ENSP00000391211	9606.ENSP00000389351	0	0	0	0	0.431	0.096	0	0.373	0.649
PSMC2	RPS20	9606.ENSP00000391211	9606.ENSP00000429374	0	0	0	0	0.377	0.095	0	0.134	0.469
PSMC2	RPS15	9606.ENSP00000391211	9606.ENSP00000466010	0	0	0	0	0.391	0.098	0	0.124	0.476
PSMC2	RPS28	9606.ENSP00000391211	9606.ENSP00000472469	0	0	0	0	0.372	0	0	0.227	0.494
PSMC2	RPL28	9606.ENSP00000391211	9606.ENSP00000452763	0	0	0	0	0.463	0.091	0	0.052	0.496
PSMC2	RPL27	9606.ENSP00000391211	9606.ENSP00000464813	0	0	0	0	0.431	0.073	0	0.165	0.521
PSMC2	RPL6	9606.ENSP00000391211	9606.ENSP00000403172	0	0	0	0	0.459	0.073	0	0.163	0.543
PSMC2	RPL26	9606.ENSP00000391211	9606.ENSP00000463784	0.046	0	0	0	0.534	0.091	0	0.051	0.565
PSMC2	RPLP0	9606.ENSP00000391211	9606.ENSP00000449328	0	0	0	0	0.577	0.071	0	0.067	0.601
PSMC2	RPL36	9606.ENSP00000391211	9606.ENSP00000464342	0	0	0	0	0.536	0.068	0	0.199	0.623
PSMC2	RPL9	9606.ENSP00000391211	9606.ENSP00000494697	0.045	0	0	0	0.628	0.065	0	0.074	0.651
PSMC2	RPL10	9606.ENSP00000391211	9606.ENSP00000413436	0	0	0	0	0.646	0.067	0	0.064	0.664
PSMC2	RPS25	9606.ENSP00000391211	9606.ENSP00000435096	0	0	0	0	0.663	0	0	0.074	0.674
PSMC2	RPS18	9606.ENSP00000391211	9606.ENSP00000393241	0	0	0	0	0.663	0.071	0	0.078	0.686
PSMC2	RPL17	9606.ENSP00000391211	9606.ENSP00000463842	0	0	0	0	0.668	0.071	0	0.067	0.687
PSMC2	RPL11	9606.ENSP00000391211	9606.ENSP00000496250	0.056	0	0	0	0.645	0.068	0	0.121	0.688
PSMC2	RPS24	9606.ENSP00000391211	9606.ENSP00000414321	0	0	0	0	0.665	0.076	0	0.111	0.701
PSMC2	RPS10	9606.ENSP00000391211	9606.ENSP00000481646	0	0	0	0	0.663	0.091	0	0.106	0.702
PSMC2	RPL23	9606.ENSP00000391211	9606.ENSP00000420311	0.056	0	0	0	0.663	0.075	0	0.126	0.708
PSMC2	RPS13	9606.ENSP00000391211	9606.ENSP00000435777	0.056	0	0	0	0.634	0.095	0	0.189	0.712
PSMC2	RPS19	9606.ENSP00000391211	9606.ENSP00000470972	0	0	0	0	0.663	0.094	0	0.162	0.721
PSMC2	RPS7	9606.ENSP00000391211	9606.ENSP00000495273	0	0	0	0	0.711	0.094	0	0	0.727
PSMC2	RPS5	9606.ENSP00000391211	9606.ENSP00000472985	0	0	0	0	0.663	0.092	0	0.192	0.731
PSMC2	RPS27	9606.ENSP00000391211	9606.ENSP00000499044	0	0	0	0	0.665	0.091	0	0.214	0.739
PSMC2	SEM1	9606.ENSP00000391211	9606.ENSP00000481021	0	0	0	0	0.211	0.742	0.360	0	0.858
PSMC2	PSMD9	9606.ENSP00000391211	9606.ENSP00000440485	0.043	0	0	0	0.067	0.771	0.720	0.562	0.970
PSMC2	PSMC6	9606.ENSP00000391211	9606.ENSP00000484998	0	0	0.078	0.909	0.885	0.999	0.720	0.383	0.999
PSMC2	PSMD13	9606.ENSP00000391211	9606.ENSP00000396937	0	0	0	0	0.672	0.997	0.800	0.680	0.999
PSMC2	PSMD6	9606.ENSP00000391211	9606.ENSP00000418695	0	0	0	0	0.952	0.998	0.800	0.690	0.999
PSMC2	PSMC3	9606.ENSP00000391211	9606.ENSP00000481029	0	0	0.094	0.881	0.944	0.999	0.800	0.687	0.999
PSMC3	PSMC4	9606.ENSP00000481029	9606.ENSP00000157812	0	0	0.087	0.899	0.916	0.999	0.720	0.830	0.999
PSMC3	PSMD5	9606.ENSP00000481029	9606.ENSP00000210313	0	0	0	0	0.128	0.994	0.720	0.605	0.999
PSMC3	PSMD8	9606.ENSP00000481029	9606.ENSP00000215071	0	0	0	0	0.910	0.999	0.720	0.744	0.999
PSMC3	PSME2	9606.ENSP00000481029	9606.ENSP00000216802	0	0	0	0	0.118	0.456	0.360	0.353	0.775
PSMC3	PSMD10	9606.ENSP00000481029	9606.ENSP00000217958	0	0	0	0	0.133	0.998	0	0.454	0.999
PSMC3	PSMD7	9606.ENSP00000481029	9606.ENSP00000219313	0.044	0	0	0	0.894	0.999	0.800	0.769	0.999
PSMC3	RPS12	9606.ENSP00000481029	9606.ENSP00000230050	0	0	0	0	0.391	0.095	0	0.092	0.456
PSMC3	RARS1	9606.ENSP00000481029	9606.ENSP00000231572	0	0	0	0	0.388	0.076	0	0.132	0.466
PSMC3	PSMD11	9606.ENSP00000481029	9606.ENSP00000261712	0	0	0	0	0.816	0.997	0.800	0.782	0.999
PSMC3	PSMD3	9606.ENSP00000481029	9606.ENSP00000264639	0	0	0	0	0.706	0.997	0.800	0.782	0.999
PSMC3	RPS11	9606.ENSP00000481029	9606.ENSP00000270625	0	0	0	0	0.336	0.094	0	0.118	0.423
PSMC3	RPS27A	9606.ENSP00000481029	9606.ENSP00000272317	0	0	0	0	0.186	0.935	0.500	0.184	0.975
PSMC3	RPS3	9606.ENSP00000481029	9606.ENSP00000278572	0	0	0	0	0.406	0.154	0	0.069	0.491
PSMC3	PSME3	9606.ENSP00000481029	9606.ENSP00000293362	0	0	0	0	0.294	0.101	0.360	0.429	0.737
PSMC3	PSMD1	9606.ENSP00000481029	9606.ENSP00000309474	0	0	0	0	0.665	0.999	0.720	0.896	0.999
PSMC3	PSMD2	9606.ENSP00000481029	9606.ENSP00000310129	0	0	0	0	0.934	0.999	0.800	0.867	0.999
PSMC3	PSMC5	9606.ENSP00000481029	9606.ENSP00000310572	0	0	0.083	0.908	0.959	0.998	0.720	0.589	0.999
PSMC3	RPS15A	9606.ENSP00000481029	9606.ENSP00000318646	0	0	0	0	0.428	0.126	0	0.055	0.486
PSMC3	PSMF1	9606.ENSP00000481029	9606.ENSP00000338039	0	0	0	0	0.152	0.418	0	0.339	0.645
PSMC3	RPL7	9606.ENSP00000481029	9606.ENSP00000339795	0	0	0	0	0.361	0.091	0	0.061	0.407
PSMC3	RPS2	9606.ENSP00000481029	9606.ENSP00000341885	0	0	0	0	0.422	0.154	0	0.113	0.528
PSMC3	PSMD12	9606.ENSP00000481029	9606.ENSP00000348442	0	0	0	0	0.941	0.999	0.800	0.767	0.999
PSMC3	RPS26	9606.ENSP00000481029	9606.ENSP00000348849	0	0	0	0	0.377	0	0	0.133	0.436
PSMC3	PSMD4	9606.ENSP00000481029	9606.ENSP00000357876	0	0	0	0	0.938	0.999	0.720	0.783	0.999
PSMC3	RPL5	9606.ENSP00000481029	9606.ENSP00000359345	0	0	0	0	0.340	0.095	0	0.079	0.402
PSMC3	RPS4X	9606.ENSP00000481029	9606.ENSP00000362744	0	0	0	0	0.487	0.096	0	0.066	0.529
PSMC3	PSME1	9606.ENSP00000481029	9606.ENSP00000372155	0	0	0	0	0.107	0.457	0.360	0.454	0.808
PSMC3	RPS9	9606.ENSP00000481029	9606.ENSP00000375632	0	0	0	0	0.333	0.094	0	0.150	0.442
PSMC3	RPL13A	9606.ENSP00000481029	9606.ENSP00000375730	0	0	0	0	0.365	0.091	0	0.066	0.415
PSMC3	PSME4	9606.ENSP00000481029	9606.ENSP00000384211	0	0	0	0	0.072	0.499	0	0.591	0.793
PSMC3	PSMD14	9606.ENSP00000481029	9606.ENSP00000386541	0.044	0	0	0	0.938	0.997	0.800	0.676	0.999
PSMC3	UBA52	9606.ENSP00000481029	9606.ENSP00000388107	0	0	0	0	0.075	0.856	0.500	0.132	0.934
PSMC3	RPSA	9606.ENSP00000481029	9606.ENSP00000389351	0	0	0	0	0.310	0.136	0	0.187	0.473
PSMC3	RPS18	9606.ENSP00000481029	9606.ENSP00000393241	0	0	0	0	0.372	0.094	0	0.129	0.462
PSMC3	PSMD13	9606.ENSP00000481029	9606.ENSP00000396937	0	0	0	0	0.836	0.997	0.800	0.786	0.999
PSMC3	PSMD6	9606.ENSP00000481029	9606.ENSP00000418695	0	0	0	0	0.879	0.999	0.800	0.748	0.999
PSMC3	RPL23	9606.ENSP00000481029	9606.ENSP00000420311	0	0	0	0	0.324	0.211	0	0	0.443
PSMC3	RPS25	9606.ENSP00000481029	9606.ENSP00000435096	0	0.005	0	0	0.257	0.094	0	0.222	0.431
PSMC3	RPS13	9606.ENSP00000481029	9606.ENSP00000435777	0	0	0	0	0.257	0.154	0	0.627	0.745
PSMC3	PSMD9	9606.ENSP00000481029	9606.ENSP00000440485	0	0	0	0	0.092	0.997	0.720	0.761	0.999
PSMC3	RPLP0	9606.ENSP00000481029	9606.ENSP00000449328	0	0	0	0	0.347	0.095	0	0.113	0.430
PSMC3	RPS5	9606.ENSP00000481029	9606.ENSP00000472985	0	0	0	0	0.310	0.095	0	0.164	0.433
PSMC3	SEM1	9606.ENSP00000481029	9606.ENSP00000481021	0	0	0	0	0.059	0.619	0.360	0	0.750
PSMC3	RPS7	9606.ENSP00000481029	9606.ENSP00000495273	0	0	0	0	0.439	0.099	0	0.069	0.489
PSMC3	PSMC6	9606.ENSP00000481029	9606.ENSP00000484998	0	0	0.092	0.887	0.747	0.999	0.720	0.782	0.999
PSMC4	RPS15	9606.ENSP00000157812	9606.ENSP00000466010	0	0	0	0	0.364	0.091	0	0.047	0.401
PSMC4	RPLP2	9606.ENSP00000157812	9606.ENSP00000431240	0	0	0	0	0.187	0	0	0.301	0.408
PSMC4	RPL37A	9606.ENSP00000157812	9606.ENSP00000418082	0	0	0	0	0.162	0.086	0	0.299	0.416
PSMC4	RPS28	9606.ENSP00000157812	9606.ENSP00000472469	0	0	0	0	0.348	0	0	0.141	0.417
PSMC4	RPL34	9606.ENSP00000157812	9606.ENSP00000378163	0	0	0	0	0.423	0	0	0	0.422
PSMC4	RPL13	9606.ENSP00000157812	9606.ENSP00000307889	0	0.008	0	0	0.393	0	0	0.091	0.424
PSMC4	RPL29	9606.ENSP00000157812	9606.ENSP00000294189	0	0	0	0	0.420	0	0	0.061	0.432
PSMC4	RPL27	9606.ENSP00000157812	9606.ENSP00000464813	0	0	0	0	0.406	0.071	0	0.064	0.439
PSMC4	RPSA	9606.ENSP00000157812	9606.ENSP00000389351	0	0	0	0	0.373	0.097	0	0.109	0.451
PSMC4	RPL12	9606.ENSP00000157812	9606.ENSP00000354739	0	0	0	0	0.393	0.071	0	0.107	0.452
PSMC4	RPS16	9606.ENSP00000157812	9606.ENSP00000367806	0	0	0	0	0.442	0.071	0	0.050	0.465
PSMC4	RPS23	9606.ENSP00000157812	9606.ENSP00000296674	0	0	0	0	0.432	0	0	0.100	0.466
PSMC4	RPS29	9606.ENSP00000157812	9606.ENSP00000379339	0	0	0	0	0.474	0	0	0	0.474
PSMC4	RARS1	9606.ENSP00000157812	9606.ENSP00000231572	0	0	0	0	0.401	0.076	0	0.132	0.478
PSMC4	RPS9	9606.ENSP00000157812	9606.ENSP00000375632	0	0	0	0	0.363	0.094	0	0.181	0.486
PSMC4	RPL6	9606.ENSP00000157812	9606.ENSP00000403172	0	0	0	0	0.436	0.071	0	0.101	0.488
PSMC4	RPS2	9606.ENSP00000157812	9606.ENSP00000341885	0	0	0	0	0.428	0.113	0	0.071	0.488
PSMC4	RPL27A	9606.ENSP00000157812	9606.ENSP00000346015	0	0	0	0	0.424	0	0	0.150	0.489
PSMC4	RPL30	9606.ENSP00000157812	9606.ENSP00000428085	0	0	0	0	0.263	0.086	0	0.330	0.509
PSMC4	RPLP1	9606.ENSP00000157812	9606.ENSP00000346037	0	0	0	0	0.440	0	0	0.176	0.519
PSMC4	RPL36	9606.ENSP00000157812	9606.ENSP00000464342	0	0	0	0	0.520	0	0	0	0.520
PSMC4	RPL28	9606.ENSP00000157812	9606.ENSP00000452763	0	0	0	0	0.437	0	0	0.198	0.529
PSMC4	RPL38	9606.ENSP00000157812	9606.ENSP00000309830	0	0	0	0	0.529	0	0	0	0.529
PSMC4	RPS8	9606.ENSP00000157812	9606.ENSP00000379888	0	0	0	0	0.457	0.113	0	0.105	0.531
PSMC4	RPL9	9606.ENSP00000157812	9606.ENSP00000494697	0	0	0	0	0.532	0.073	0	0	0.547
PSMC4	RPL26	9606.ENSP00000157812	9606.ENSP00000463784	0	0	0	0	0.519	0.091	0	0.065	0.556
PSMC4	RPL22	9606.ENSP00000157812	9606.ENSP00000346088	0	0	0	0	0.519	0	0	0.130	0.564
PSMC4	RPS3A	9606.ENSP00000157812	9606.ENSP00000346050	0	0	0	0	0.530	0.113	0	0	0.565
PSMC4	RPL7A	9606.ENSP00000157812	9606.ENSP00000361076	0	0	0	0	0.534	0.071	0	0.092	0.573
PSMC4	RPS26	9606.ENSP00000157812	9606.ENSP00000348849	0	0	0	0	0.583	0	0	0.088	0.603
PSMC4	RPL19	9606.ENSP00000157812	9606.ENSP00000225430	0	0	0	0	0.477	0.090	0	0.242	0.608
PSMC4	RPL15	9606.ENSP00000157812	9606.ENSP00000309334	0.042	0	0	0	0.502	0.086	0	0.211	0.609
PSMC4	RPL18A	9606.ENSP00000157812	9606.ENSP00000222247	0	0	0	0	0.632	0.086	0	0	0.649
PSMC4	RPS13	9606.ENSP00000157812	9606.ENSP00000435777	0	0	0	0	0.560	0.101	0	0.186	0.649
PSMC4	RPL35	9606.ENSP00000157812	9606.ENSP00000259469	0	0	0	0	0.637	0	0	0.076	0.650
PSMC4	RPL10	9606.ENSP00000157812	9606.ENSP00000413436	0	0	0	0	0.637	0.071	0	0.049	0.651
PSMC4	PSMF1	9606.ENSP00000157812	9606.ENSP00000338039	0	0	0	0	0.045	0.326	0	0.508	0.655
PSMC4	RPL7	9606.ENSP00000157812	9606.ENSP00000339795	0	0	0	0	0.649	0.071	0	0.061	0.667
PSMC4	RPL10A	9606.ENSP00000157812	9606.ENSP00000363018	0	0	0	0	0.652	0.071	0	0.064	0.671
PSMC4	RPL21	9606.ENSP00000157812	9606.ENSP00000346027	0	0	0	0	0.661	0.086	0	0	0.676
PSMC4	RPL23	9606.ENSP00000157812	9606.ENSP00000420311	0	0	0	0	0.663	0.078	0	0	0.676
PSMC4	RPL3	9606.ENSP00000157812	9606.ENSP00000346001	0	0	0	0	0.638	0	0	0.147	0.678
PSMC4	RPS10	9606.ENSP00000157812	9606.ENSP00000481646	0	0	0	0	0.649	0.091	0	0.085	0.683
PSMC4	RPS27	9606.ENSP00000157812	9606.ENSP00000499044	0	0	0	0	0.666	0.091	0	0.051	0.687
PSMC4	RPS14	9606.ENSP00000157812	9606.ENSP00000385958	0	0	0	0	0.654	0.099	0	0.077	0.687
PSMC4	RPS24	9606.ENSP00000157812	9606.ENSP00000414321	0	0	0	0	0.661	0	0	0.114	0.687
PSMC4	RPL17	9606.ENSP00000157812	9606.ENSP00000463842	0	0	0	0	0.665	0	0	0.108	0.688
PSMC4	RPL5	9606.ENSP00000157812	9606.ENSP00000359345	0	0	0	0	0.669	0.091	0	0.055	0.691
PSMC4	RPL13A	9606.ENSP00000157812	9606.ENSP00000375730	0	0	0	0	0.638	0.071	0	0.164	0.694
PSMC4	RPS11	9606.ENSP00000157812	9606.ENSP00000270625	0	0	0	0	0.669	0.079	0	0.081	0.695
PSMC4	RPS19	9606.ENSP00000157812	9606.ENSP00000470972	0	0	0	0	0.674	0.094	0	0.050	0.695
PSMC4	RPL11	9606.ENSP00000157812	9606.ENSP00000496250	0	0	0	0	0.625	0.079	0	0.209	0.703
PSMC4	RPS15A	9606.ENSP00000157812	9606.ENSP00000318646	0	0	0	0	0.667	0.106	0	0.091	0.706
PSMC4	RPL23A	9606.ENSP00000157812	9606.ENSP00000389103	0	0	0	0	0.667	0.091	0	0.105	0.706
PSMC4	RPS12	9606.ENSP00000157812	9606.ENSP00000230050	0	0	0	0	0.672	0.095	0	0.092	0.707
PSMC4	RPS3	9606.ENSP00000157812	9606.ENSP00000278572	0	0	0	0	0.635	0.125	0	0.157	0.708
PSMC4	RPS5	9606.ENSP00000157812	9606.ENSP00000472985	0	0	0	0	0.671	0.073	0	0.126	0.711
PSMC4	RPS6	9606.ENSP00000157812	9606.ENSP00000369757	0	0	0	0	0.641	0.113	0	0.171	0.713
PSMC4	RPS18	9606.ENSP00000157812	9606.ENSP00000393241	0	0	0	0	0.669	0.094	0	0.160	0.726
PSMC4	RPS4X	9606.ENSP00000157812	9606.ENSP00000362744	0	0	0	0	0.684	0.091	0	0.130	0.728
PSMC4	RPS25	9606.ENSP00000157812	9606.ENSP00000435096	0	0.021	0	0	0.664	0.086	0	0.193	0.731
PSMC4	RPL8	9606.ENSP00000157812	9606.ENSP00000262584	0	0	0	0	0.679	0	0	0.206	0.734
PSMC4	RPS7	9606.ENSP00000157812	9606.ENSP00000495273	0	0	0	0	0.670	0.203	0	0.103	0.743
PSMC4	SEM1	9606.ENSP00000157812	9606.ENSP00000481021	0	0	0	0	0.064	0.448	0.360	0.322	0.745
PSMC4	RPLP0	9606.ENSP00000157812	9606.ENSP00000449328	0	0	0	0	0.543	0.076	0	0.459	0.752
PSMC4	PSME3	9606.ENSP00000157812	9606.ENSP00000293362	0	0	0	0	0.136	0.234	0.360	0.491	0.756
PSMC4	PSME4	9606.ENSP00000157812	9606.ENSP00000384211	0	0	0	0	0.110	0.398	0	0.662	0.803
PSMC4	PSME2	9606.ENSP00000157812	9606.ENSP00000216802	0	0	0	0	0.141	0.474	0.360	0.463	0.824
PSMC4	PSME1	9606.ENSP00000157812	9606.ENSP00000372155	0	0	0	0	0.123	0.530	0.360	0.519	0.856
PSMC4	UBA52	9606.ENSP00000157812	9606.ENSP00000388107	0	0	0	0	0.070	0.856	0.500	0.142	0.935
PSMC4	RPS27A	9606.ENSP00000157812	9606.ENSP00000272317	0	0	0	0	0.133	0.896	0.500	0.256	0.962
PSMC4	PSMD9	9606.ENSP00000157812	9606.ENSP00000440485	0	0	0	0	0.126	0.878	0.720	0.595	0.986
PSMC4	PSMD1	9606.ENSP00000157812	9606.ENSP00000309474	0	0	0	0	0.470	0.999	0.720	0.860	0.999
PSMC4	PSMD14	9606.ENSP00000157812	9606.ENSP00000386541	0.044	0	0	0	0.886	0.999	0.720	0.866	0.999
PSMC4	PSMC6	9606.ENSP00000157812	9606.ENSP00000484998	0	0	0.083	0.898	0.858	0.999	0.720	0.591	0.999
PSMC4	PSMD8	9606.ENSP00000157812	9606.ENSP00000215071	0	0	0	0	0.861	0.999	0.720	0.871	0.999
PSMC4	PSMD12	9606.ENSP00000157812	9606.ENSP00000348442	0	0	0	0	0.752	0.999	0.720	0.882	0.999
PSMC4	PSMD13	9606.ENSP00000157812	9606.ENSP00000396937	0	0	0	0	0.681	0.997	0.720	0.851	0.999
PSMC4	PSMD5	9606.ENSP00000157812	9606.ENSP00000210313	0	0	0	0	0.108	0.994	0.720	0.626	0.999
PSMC4	PSMD7	9606.ENSP00000157812	9606.ENSP00000219313	0.044	0	0	0	0.775	0.999	0.720	0.881	0.999
PSMC4	PSMD10	9606.ENSP00000157812	9606.ENSP00000217958	0	0	0	0	0.083	0.999	0	0.930	0.999
PSMC4	PSMD2	9606.ENSP00000157812	9606.ENSP00000310129	0	0	0	0	0.637	0.999	0.720	0.852	0.999
PSMC4	PSMD6	9606.ENSP00000157812	9606.ENSP00000418695	0	0	0	0	0.853	0.999	0.720	0.860	0.999
PSMC4	PSMD11	9606.ENSP00000157812	9606.ENSP00000261712	0	0	0	0	0.701	0.997	0.720	0.897	0.999
PSMC4	PSMC5	9606.ENSP00000157812	9606.ENSP00000310572	0	0	0.079	0.907	0.946	0.999	0.720	0.648	0.999
PSMC4	PSMD4	9606.ENSP00000157812	9606.ENSP00000357876	0	0	0	0	0.854	0.999	0.720	0.879	0.999
PSMC4	PSMD3	9606.ENSP00000157812	9606.ENSP00000264639	0	0	0	0	0.745	0.999	0.720	0.870	0.999
PSMC5	PSMD5	9606.ENSP00000310572	9606.ENSP00000210313	0	0	0	0	0.098	0.995	0.720	0.354	0.999
PSMC5	PSMD8	9606.ENSP00000310572	9606.ENSP00000215071	0	0	0	0	0.573	0.998	0.720	0.697	0.999
PSMC5	PSME2	9606.ENSP00000310572	9606.ENSP00000216802	0	0	0	0	0.158	0.446	0.360	0.328	0.773
PSMC5	PSMD10	9606.ENSP00000310572	9606.ENSP00000217958	0	0	0	0	0.063	0.998	0	0.512	0.999
PSMC5	PSMD7	9606.ENSP00000310572	9606.ENSP00000219313	0	0	0	0	0.880	0.997	0.720	0.757	0.999
PSMC5	RPL18A	9606.ENSP00000310572	9606.ENSP00000222247	0	0	0	0	0.650	0.067	0	0	0.659
PSMC5	RPL19	9606.ENSP00000310572	9606.ENSP00000225430	0	0	0	0	0.493	0	0	0	0.493
PSMC5	RPS12	9606.ENSP00000310572	9606.ENSP00000230050	0	0	0	0	0.663	0.095	0	0	0.681
PSMC5	RARS1	9606.ENSP00000310572	9606.ENSP00000231572	0	0	0	0	0.402	0	0	0.474	0.672
PSMC5	RPL35	9606.ENSP00000310572	9606.ENSP00000259469	0	0	0	0	0.618	0.066	0	0	0.628
PSMC5	PSMD11	9606.ENSP00000310572	9606.ENSP00000261712	0	0	0	0	0.713	0.999	0.720	0.749	0.999
PSMC5	RPL8	9606.ENSP00000310572	9606.ENSP00000262584	0	0	0	0	0.662	0.060	0	0.116	0.695
PSMC5	PSMD3	9606.ENSP00000310572	9606.ENSP00000264639	0	0	0	0	0.703	0.999	0.720	0.750	0.999
PSMC5	RPS11	9606.ENSP00000310572	9606.ENSP00000270625	0	0	0	0	0.663	0.071	0	0	0.673
PSMC5	RPS27A	9606.ENSP00000310572	9606.ENSP00000272317	0	0	0	0	0.214	0.915	0.500	0.354	0.975
PSMC5	RPS3	9606.ENSP00000310572	9606.ENSP00000278572	0	0	0	0	0.658	0.097	0	0	0.677
PSMC5	PSME3	9606.ENSP00000310572	9606.ENSP00000293362	0	0	0	0	0.185	0.592	0.360	0.551	0.892
PSMC5	RPL29	9606.ENSP00000310572	9606.ENSP00000294189	0	0	0	0	0.402	0.164	0	0	0.478
PSMC5	RPS23	9606.ENSP00000310572	9606.ENSP00000296674	0	0	0	0	0.434	0.071	0	0.054	0.459
PSMC5	QARS1	9606.ENSP00000310572	9606.ENSP00000307567	0.049	0	0	0	0.243	0	0	0.308	0.458
PSMC5	RPL13	9606.ENSP00000310572	9606.ENSP00000307889	0	0.008	0	0	0.484	0.068	0	0	0.499
PSMC5	RPL15	9606.ENSP00000310572	9606.ENSP00000309334	0	0	0	0	0.628	0	0	0.115	0.656
PSMC5	PSMD1	9606.ENSP00000310572	9606.ENSP00000309474	0	0	0	0	0.662	0.999	0.720	0.846	0.999
PSMC5	RPL38	9606.ENSP00000310572	9606.ENSP00000309830	0	0	0	0	0.478	0	0	0.049	0.482
PSMC5	PSMD2	9606.ENSP00000310572	9606.ENSP00000310129	0	0	0	0	0.764	0.999	0.720	0.854	0.999
PSMC5	SARS1	9606.ENSP00000310572	9606.ENSP00000358939	0.056	0	0	0	0.346	0.062	0	0.116	0.420
PSMC5	RPL30	9606.ENSP00000310572	9606.ENSP00000428085	0	0	0	0	0.398	0	0	0.080	0.422
PSMC5	RPS29	9606.ENSP00000310572	9606.ENSP00000379339	0.046	0	0	0	0.429	0	0	0.058	0.442
PSMC5	RPL35A	9606.ENSP00000310572	9606.ENSP00000495672	0	0	0	0	0.449	0	0	0	0.449
PSMC5	RPL14	9606.ENSP00000310572	9606.ENSP00000379506	0	0	0	0	0.442	0.073	0	0.049	0.465
PSMC5	RPL31	9606.ENSP00000310572	9606.ENSP00000386717	0	0	0	0	0.426	0.094	0	0.054	0.465
PSMC5	PSMF1	9606.ENSP00000310572	9606.ENSP00000338039	0	0	0	0	0.140	0	0	0.413	0.473
PSMC5	RPL4	9606.ENSP00000310572	9606.ENSP00000311430	0	0	0	0	0.402	0.069	0	0.171	0.498
PSMC5	RPL22	9606.ENSP00000310572	9606.ENSP00000346088	0	0	0	0	0.499	0	0	0	0.499
PSMC5	RPS20	9606.ENSP00000310572	9606.ENSP00000429374	0	0	0	0	0.436	0.098	0	0.108	0.506
PSMC5	RPL36	9606.ENSP00000310572	9606.ENSP00000464342	0	0	0	0	0.479	0.068	0	0.065	0.506
PSMC5	RPL28	9606.ENSP00000310572	9606.ENSP00000452763	0	0	0	0	0.524	0.091	0	0	0.548
PSMC5	RPL6	9606.ENSP00000310572	9606.ENSP00000403172	0	0	0	0	0.531	0.073	0	0.046	0.549
PSMC5	RPL12	9606.ENSP00000310572	9606.ENSP00000354739	0.045	0	0	0	0.432	0.058	0	0.229	0.553
PSMC5	RPL27A	9606.ENSP00000310572	9606.ENSP00000346015	0	0	0	0	0.534	0.053	0	0.071	0.554
PSMC5	RPL34	9606.ENSP00000310572	9606.ENSP00000378163	0	0	0	0	0.516	0.068	0	0.110	0.563
PSMC5	RPL27	9606.ENSP00000310572	9606.ENSP00000464813	0	0	0	0	0.530	0.073	0	0.079	0.564
PSMC5	RPSA	9606.ENSP00000310572	9606.ENSP00000389351	0	0	0	0	0.521	0.094	0	0.093	0.572
PSMC5	RPS2	9606.ENSP00000310572	9606.ENSP00000341885	0.044	0	0	0	0.525	0.095	0	0.105	0.583
PSMC5	RPS9	9606.ENSP00000310572	9606.ENSP00000375632	0.055	0.004	0	0	0.500	0.094	0	0.140	0.583
PSMC5	RPS16	9606.ENSP00000310572	9606.ENSP00000367806	0	0	0	0	0.533	0.069	0	0.171	0.608
PSMC5	RPLP0	9606.ENSP00000310572	9606.ENSP00000449328	0	0	0	0	0.626	0.071	0	0	0.637
PSMC5	RPL10	9606.ENSP00000310572	9606.ENSP00000413436	0	0	0	0	0.631	0.067	0	0	0.641
PSMC5	RPS10	9606.ENSP00000310572	9606.ENSP00000481646	0	0	0	0	0.623	0.091	0	0.047	0.644
PSMC5	RPL17	9606.ENSP00000310572	9606.ENSP00000463842	0	0	0	0	0.626	0.071	0	0.067	0.647
PSMC5	RPL9	9606.ENSP00000310572	9606.ENSP00000494697	0.045	0	0	0	0.634	0.065	0	0.053	0.649
PSMC5	RPL21	9606.ENSP00000310572	9606.ENSP00000346027	0	0	0	0	0.649	0	0	0	0.649
PSMC5	RPS6	9606.ENSP00000310572	9606.ENSP00000369757	0	0	0	0	0.626	0.099	0	0.051	0.652
PSMC5	RPL13A	9606.ENSP00000310572	9606.ENSP00000375730	0.044	0	0	0	0.647	0.060	0	0	0.655
PSMC5	RPS25	9606.ENSP00000310572	9606.ENSP00000435096	0	0.016	0	0	0.647	0	0	0.068	0.657
PSMC5	RPL26	9606.ENSP00000310572	9606.ENSP00000463784	0.046	0	0	0	0.618	0.091	0	0.091	0.658
PSMC5	RPS3A	9606.ENSP00000310572	9606.ENSP00000346050	0	0	0	0	0.628	0.099	0	0.066	0.659
PSMC5	RPS8	9606.ENSP00000310572	9606.ENSP00000379888	0	0	0	0	0.636	0.097	0	0.064	0.665
PSMC5	RPL7A	9606.ENSP00000310572	9606.ENSP00000361076	0	0	0	0	0.659	0.077	0	0	0.672
PSMC5	RPS14	9606.ENSP00000310572	9606.ENSP00000385958	0	0	0	0	0.650	0.091	0	0.063	0.675
PSMC5	RPS27	9606.ENSP00000310572	9606.ENSP00000499044	0	0	0	0	0.642	0.091	0	0.082	0.675
PSMC5	RPS15A	9606.ENSP00000310572	9606.ENSP00000318646	0.042	0	0	0	0.663	0.091	0	0	0.680
PSMC5	RPS7	9606.ENSP00000310572	9606.ENSP00000495273	0	0	0	0	0.663	0.094	0	0	0.681
PSMC5	RPS18	9606.ENSP00000310572	9606.ENSP00000393241	0	0	0	0	0.663	0.095	0	0	0.681
PSMC5	RPS26	9606.ENSP00000310572	9606.ENSP00000348849	0	0	0	0	0.652	0.073	0	0.093	0.681
PSMC5	RPL10A	9606.ENSP00000310572	9606.ENSP00000363018	0.046	0	0	0	0.628	0.062	0	0.161	0.683
PSMC5	RPS5	9606.ENSP00000310572	9606.ENSP00000472985	0	0	0	0	0.672	0.092	0	0.055	0.694
PSMC5	RPS24	9606.ENSP00000310572	9606.ENSP00000414321	0	0	0	0	0.658	0.076	0	0.115	0.695
PSMC5	RPS13	9606.ENSP00000310572	9606.ENSP00000435777	0.056	0	0	0	0.631	0.207	0	0.061	0.705
PSMC5	PSME4	9606.ENSP00000310572	9606.ENSP00000384211	0	0	0	0	0.078	0.460	0	0.472	0.715
PSMC5	RPS4X	9606.ENSP00000310572	9606.ENSP00000362744	0	0	0	0	0.667	0.184	0	0.046	0.718
PSMC5	RPL11	9606.ENSP00000310572	9606.ENSP00000496250	0.056	0	0	0	0.639	0.068	0	0.235	0.725
PSMC5	RPL3	9606.ENSP00000310572	9606.ENSP00000346001	0	0	0	0	0.684	0.071	0	0.151	0.729
PSMC5	RPL23	9606.ENSP00000310572	9606.ENSP00000420311	0.056	0	0	0	0.700	0.056	0	0.126	0.735
PSMC5	RPL23A	9606.ENSP00000310572	9606.ENSP00000389103	0	0	0	0	0.700	0.095	0	0.122	0.740
PSMC5	RPL5	9606.ENSP00000310572	9606.ENSP00000359345	0.052	0	0	0	0.733	0.070	0	0.102	0.760
PSMC5	SEM1	9606.ENSP00000310572	9606.ENSP00000481021	0	0	0	0	0.055	0.620	0.360	0.110	0.768
PSMC5	RPL7	9606.ENSP00000310572	9606.ENSP00000339795	0.042	0	0	0	0.663	0.091	0	0.328	0.776
PSMC5	RPS19	9606.ENSP00000310572	9606.ENSP00000470972	0	0	0	0	0.663	0.094	0	0.462	0.821
PSMC5	PSME1	9606.ENSP00000310572	9606.ENSP00000372155	0	0	0	0	0.157	0.514	0.360	0.469	0.842
PSMC5	UBA52	9606.ENSP00000310572	9606.ENSP00000388107	0	0	0	0	0.056	0.883	0.500	0.456	0.966
PSMC5	PSMD9	9606.ENSP00000310572	9606.ENSP00000440485	0.043	0	0	0	0.075	0.861	0.720	0.537	0.981
PSMC5	PSMD4	9606.ENSP00000310572	9606.ENSP00000357876	0	0	0	0	0.779	0.997	0.720	0.705	0.999
PSMC5	PSMD6	9606.ENSP00000310572	9606.ENSP00000418695	0	0	0	0	0.793	0.997	0.720	0.648	0.999
PSMC5	PSMD13	9606.ENSP00000310572	9606.ENSP00000396937	0	0	0	0	0.479	0.997	0.720	0.627	0.999
PSMC5	PSMD12	9606.ENSP00000310572	9606.ENSP00000348442	0	0	0	0	0.849	0.998	0.720	0.790	0.999
PSMC5	PSMD14	9606.ENSP00000310572	9606.ENSP00000386541	0	0	0	0	0.879	0.999	0.720	0.714	0.999
PSMC5	PSMC6	9606.ENSP00000310572	9606.ENSP00000484998	0	0	0.078	0.919	0.789	0.998	0.720	0.725	0.999
PSMC6	PSMD5	9606.ENSP00000484998	9606.ENSP00000210313	0	0	0	0	0.114	0.994	0.720	0.684	0.999
PSMC6	PSMD8	9606.ENSP00000484998	9606.ENSP00000215071	0	0	0	0	0.531	0.999	0.720	0.810	0.999
PSMC6	PSME2	9606.ENSP00000484998	9606.ENSP00000216802	0	0	0	0	0.111	0.286	0.360	0.376	0.713
PSMC6	PSMD10	9606.ENSP00000484998	9606.ENSP00000217958	0	0	0	0	0.143	0.999	0	0.574	0.999
PSMC6	PSMD7	9606.ENSP00000484998	9606.ENSP00000219313	0.044	0	0	0	0.606	0.999	0.720	0.785	0.999
PSMC6	RPS12	9606.ENSP00000484998	9606.ENSP00000230050	0	0	0	0	0.366	0.178	0	0.092	0.486
PSMC6	RARS1	9606.ENSP00000484998	9606.ENSP00000231572	0	0	0	0	0.358	0.076	0	0.132	0.440
PSMC6	PSMD11	9606.ENSP00000484998	9606.ENSP00000261712	0	0	0	0	0.572	0.999	0.720	0.784	0.999
PSMC6	PSMD3	9606.ENSP00000484998	9606.ENSP00000264639	0	0	0	0	0.608	0.999	0.720	0.755	0.999
PSMC6	RPS27A	9606.ENSP00000484998	9606.ENSP00000272317	0	0	0	0	0.128	0.915	0.500	0.159	0.964
PSMC6	RPS3	9606.ENSP00000484998	9606.ENSP00000278572	0	0	0	0	0.291	0.125	0	0.117	0.405
PSMC6	PSME3	9606.ENSP00000484998	9606.ENSP00000293362	0	0	0	0	0.138	0.189	0.360	0.479	0.735
PSMC6	PSMD1	9606.ENSP00000484998	9606.ENSP00000309474	0	0	0	0	0.512	0.999	0.720	0.873	0.999
PSMC6	PSMD2	9606.ENSP00000484998	9606.ENSP00000310129	0	0	0	0	0.552	0.999	0.720	0.870	0.999
PSMC6	RPS15A	9606.ENSP00000484998	9606.ENSP00000318646	0	0	0	0	0.440	0.188	0	0.065	0.538
PSMC6	PSMF1	9606.ENSP00000484998	9606.ENSP00000338039	0	0	0	0	0.060	0	0	0.489	0.499
PSMC6	RPS3A	9606.ENSP00000484998	9606.ENSP00000346050	0	0	0	0	0.293	0.113	0	0.135	0.410
PSMC6	RPL22	9606.ENSP00000484998	9606.ENSP00000346088	0	0	0	0	0.377	0	0	0.091	0.410
PSMC6	PSMD12	9606.ENSP00000484998	9606.ENSP00000348442	0	0	0	0	0.895	0.999	0.720	0.798	0.999
PSMC6	PSMD4	9606.ENSP00000484998	9606.ENSP00000357876	0	0	0	0	0.598	0.999	0.720	0.742	0.999
PSMC6	RPL5	9606.ENSP00000484998	9606.ENSP00000359345	0	0	0	0	0.342	0.091	0	0.108	0.420
PSMC6	RPL7A	9606.ENSP00000484998	9606.ENSP00000361076	0	0	0	0	0.263	0.071	0	0.199	0.404
PSMC6	RPS4X	9606.ENSP00000484998	9606.ENSP00000362744	0	0	0	0	0.380	0.091	0	0.142	0.474
PSMC6	PSME1	9606.ENSP00000484998	9606.ENSP00000372155	0	0	0	0	0.108	0.297	0.360	0.387	0.721
PSMC6	RPS9	9606.ENSP00000484998	9606.ENSP00000375632	0	0.014	0	0	0.255	0.071	0	0.246	0.433
PSMC6	PSME4	9606.ENSP00000484998	9606.ENSP00000384211	0	0	0	0	0.074	0.637	0	0.538	0.831
PSMC6	PSMD14	9606.ENSP00000484998	9606.ENSP00000386541	0.044	0	0	0	0.834	0.999	0.720	0.785	0.999
PSMC6	UBA52	9606.ENSP00000484998	9606.ENSP00000388107	0	0	0	0	0.116	0.915	0.500	0.106	0.962
PSMC6	RPS18	9606.ENSP00000484998	9606.ENSP00000393241	0	0	0	0	0.395	0.095	0	0.080	0.452
PSMC6	PSMD13	9606.ENSP00000484998	9606.ENSP00000396937	0	0	0	0	0.413	0.999	0.720	0.724	0.999
PSMC6	PSMD6	9606.ENSP00000484998	9606.ENSP00000418695	0	0	0	0	0.855	0.999	0.720	0.796	0.999
PSMC6	RPL23	9606.ENSP00000484998	9606.ENSP00000420311	0	0	0	0	0.386	0.078	0	0	0.409
PSMC6	RPS25	9606.ENSP00000484998	9606.ENSP00000435096	0	0.017	0	0	0.258	0.086	0	0.254	0.449
PSMC6	PSMD9	9606.ENSP00000484998	9606.ENSP00000440485	0	0	0	0	0.138	0.997	0.720	0.916	0.999
PSMC6	RPLP0	9606.ENSP00000484998	9606.ENSP00000449328	0	0	0	0	0.327	0.076	0	0.117	0.403
PSMC6	RPS19	9606.ENSP00000484998	9606.ENSP00000470972	0	0	0	0	0.292	0.094	0	0.460	0.623
PSMC6	RPS5	9606.ENSP00000484998	9606.ENSP00000472985	0	0	0	0	0.337	0.073	0	0.170	0.446
PSMC6	SEM1	9606.ENSP00000484998	9606.ENSP00000481021	0	0	0	0	0.083	0.510	0.360	0.102	0.707
PSMC6	RPS27	9606.ENSP00000484998	9606.ENSP00000499044	0	0	0	0	0.270	0.094	0	0.187	0.415
PSMC6	RPS7	9606.ENSP00000484998	9606.ENSP00000495273	0	0	0	0	0.452	0.099	0	0.072	0.502
PSMD1	PSMD5	9606.ENSP00000309474	9606.ENSP00000210313	0	0	0	0	0.148	0.994	0.720	0.701	0.999
PSMD1	PSMD8	9606.ENSP00000309474	9606.ENSP00000215071	0	0	0	0	0.641	0.997	0.720	0.874	0.999
PSMD1	PSME2	9606.ENSP00000309474	9606.ENSP00000216802	0	0	0	0	0.154	0.331	0.360	0.352	0.734
PSMD1	PSMD10	9606.ENSP00000309474	9606.ENSP00000217958	0	0	0	0	0.124	0.998	0	0.726	0.999
PSMD1	PSMD7	9606.ENSP00000309474	9606.ENSP00000219313	0	0	0	0	0.829	0.999	0.720	0.896	0.999
PSMD1	RPL18A	9606.ENSP00000309474	9606.ENSP00000222247	0	0	0	0	0.481	0	0	0.060	0.491
PSMD1	RPS12	9606.ENSP00000309474	9606.ENSP00000230050	0	0	0	0	0.502	0.178	0	0	0.574
PSMD1	PSMD11	9606.ENSP00000309474	9606.ENSP00000261712	0	0	0	0	0.839	0.998	0.720	0.874	0.999
PSMD1	RPL8	9606.ENSP00000309474	9606.ENSP00000262584	0	0	0	0	0.393	0	0	0.071	0.411
PSMD1	PSMD3	9606.ENSP00000309474	9606.ENSP00000264639	0	0	0	0	0.583	0.999	0.720	0.925	0.999
PSMD1	RPS11	9606.ENSP00000309474	9606.ENSP00000270625	0	0	0	0	0.393	0	0	0.165	0.471
PSMD1	RPS27A	9606.ENSP00000309474	9606.ENSP00000272317	0	0	0	0	0.342	0.915	0.500	0.260	0.976
PSMD1	RPS3	9606.ENSP00000309474	9606.ENSP00000278572	0	0	0	0	0.525	0.095	0	0.171	0.612
PSMD1	PSME3	9606.ENSP00000309474	9606.ENSP00000293362	0	0	0	0	0.221	0.449	0.360	0.451	0.829
PSMD1	RPL13	9606.ENSP00000309474	9606.ENSP00000307889	0	0	0	0	0.490	0	0	0	0.489
PSMD1	RPL15	9606.ENSP00000309474	9606.ENSP00000309334	0	0	0	0	0.519	0	0	0.108	0.552
PSMD1	RPS24	9606.ENSP00000309474	9606.ENSP00000414321	0	0	0	0	0.297	0.097	0	0.131	0.400
PSMD1	RPL37A	9606.ENSP00000309474	9606.ENSP00000418082	0	0	0	0	0.393	0	0	0.055	0.401
PSMD1	RPS28	9606.ENSP00000309474	9606.ENSP00000472469	0	0	0	0	0.250	0.130	0	0.167	0.409
PSMD1	RPL12	9606.ENSP00000309474	9606.ENSP00000354739	0	0	0	0	0.428	0	0	0	0.428
PSMD1	RPL11	9606.ENSP00000309474	9606.ENSP00000496250	0	0	0	0	0.430	0	0	0	0.430
PSMD1	RPL13A	9606.ENSP00000309474	9606.ENSP00000375730	0	0	0	0	0.424	0	0	0.065	0.438
PSMD1	RPL3	9606.ENSP00000309474	9606.ENSP00000346001	0	0	0	0	0.428	0	0	0.084	0.453
PSMD1	RPL10	9606.ENSP00000309474	9606.ENSP00000413436	0	0	0	0	0.356	0	0	0.187	0.454
PSMD1	RPS15A	9606.ENSP00000309474	9606.ENSP00000318646	0	0	0	0	0.303	0.188	0	0.114	0.455
PSMD1	RPL5	9606.ENSP00000309474	9606.ENSP00000359345	0	0	0	0	0.393	0	0	0.154	0.464
PSMD1	RPL26	9606.ENSP00000309474	9606.ENSP00000463784	0	0	0	0	0.436	0.091	0	0.055	0.473
PSMD1	RPL34	9606.ENSP00000309474	9606.ENSP00000378163	0	0	0	0	0.489	0	0	0	0.489
PSMD1	RPL4	9606.ENSP00000309474	9606.ENSP00000311430	0	0	0	0	0.461	0	0	0.107	0.498
PSMD1	RPL31	9606.ENSP00000309474	9606.ENSP00000386717	0	0	0	0	0.478	0.094	0	0	0.506
PSMD1	RPLP0	9606.ENSP00000309474	9606.ENSP00000449328	0	0	0	0	0.478	0	0	0.107	0.514
PSMD1	RPL7	9606.ENSP00000309474	9606.ENSP00000339795	0	0	0	0	0.459	0	0	0.146	0.518
PSMD1	RPL7A	9606.ENSP00000309474	9606.ENSP00000361076	0	0	0	0	0.506	0.076	0	0	0.524
PSMD1	RPS26	9606.ENSP00000309474	9606.ENSP00000348849	0	0	0	0	0.521	0	0	0.057	0.528
PSMD1	RPS3A	9606.ENSP00000309474	9606.ENSP00000346050	0	0	0	0	0.473	0.094	0	0.091	0.528
PSMD1	RPL28	9606.ENSP00000309474	9606.ENSP00000452763	0	0	0	0	0.544	0	0	0	0.544
PSMD1	RPL30	9606.ENSP00000309474	9606.ENSP00000428085	0	0	0	0	0.502	0.124	0	0	0.545
PSMD1	RPL9	9606.ENSP00000309474	9606.ENSP00000494697	0	0	0	0	0.517	0	0	0.099	0.546
PSMD1	RPL18	9606.ENSP00000309474	9606.ENSP00000447001	0	0	0	0	0.505	0	0	0.134	0.553
PSMD1	RPL6	9606.ENSP00000309474	9606.ENSP00000403172	0	0	0	0	0.546	0	0	0.113	0.580
PSMD1	PSMF1	9606.ENSP00000309474	9606.ENSP00000338039	0	0	0	0	0.049	0.418	0	0.344	0.605
PSMD1	RPL14	9606.ENSP00000309474	9606.ENSP00000379506	0	0	0	0	0.630	0	0	0.051	0.633
PSMD1	RPL27A	9606.ENSP00000309474	9606.ENSP00000346015	0	0	0	0	0.634	0	0	0	0.634
PSMD1	RPS16	9606.ENSP00000309474	9606.ENSP00000367806	0	0	0	0	0.649	0	0	0	0.649
PSMD1	RPS13	9606.ENSP00000309474	9606.ENSP00000435777	0	0	0	0	0.430	0.095	0	0.424	0.677
PSMD1	RPS20	9606.ENSP00000309474	9606.ENSP00000429374	0	0	0	0	0.628	0.142	0	0.080	0.680
PSMD1	RPS9	9606.ENSP00000309474	9606.ENSP00000375632	0	0	0	0	0.631	0.094	0	0.136	0.686
PSMD1	RPS2	9606.ENSP00000309474	9606.ENSP00000341885	0	0	0	0	0.663	0.095	0	0.078	0.694
PSMD1	RPS4X	9606.ENSP00000309474	9606.ENSP00000362744	0	0	0	0	0.626	0	0	0.223	0.697
PSMD1	RPL35A	9606.ENSP00000309474	9606.ENSP00000495672	0	0.233	0	0	0.630	0	0	0	0.704
PSMD1	RPS8	9606.ENSP00000309474	9606.ENSP00000379888	0	0	0	0	0.641	0.205	0	0.073	0.712
PSMD1	RPL27	9606.ENSP00000309474	9606.ENSP00000464813	0	0	0	0	0.663	0.171	0	0.104	0.728
PSMD1	RPSA	9606.ENSP00000309474	9606.ENSP00000389351	0	0	0	0	0.663	0.209	0	0.122	0.745
PSMD1	PSME4	9606.ENSP00000309474	9606.ENSP00000384211	0	0	0	0	0.158	0.495	0	0.607	0.818
PSMD1	SEM1	9606.ENSP00000309474	9606.ENSP00000481021	0	0	0	0	0.097	0.713	0.360	0.137	0.837
PSMD1	PSME1	9606.ENSP00000309474	9606.ENSP00000372155	0	0	0	0	0.115	0.605	0.360	0.462	0.863
PSMD1	UBA52	9606.ENSP00000309474	9606.ENSP00000388107	0	0	0	0	0.042	0.856	0.500	0.237	0.940
PSMD1	PSMD9	9606.ENSP00000309474	9606.ENSP00000440485	0	0	0	0	0.085	0.818	0.720	0.527	0.975
PSMD1	PSMD6	9606.ENSP00000309474	9606.ENSP00000418695	0	0	0	0	0.592	0.997	0.720	0.861	0.999
PSMD1	PSMD4	9606.ENSP00000309474	9606.ENSP00000357876	0	0	0	0	0.591	0.997	0.720	0.838	0.999
PSMD1	PSMD14	9606.ENSP00000309474	9606.ENSP00000386541	0	0	0	0	0.905	0.999	0.720	0.928	0.999
PSMD1	PSMD2	9606.ENSP00000309474	9606.ENSP00000310129	0	0	0	0.552	0.956	0.999	0.720	0.948	0.999
PSMD1	PSMD12	9606.ENSP00000309474	9606.ENSP00000348442	0	0	0	0	0.890	0.997	0.720	0.811	0.999
PSMD1	PSMD13	9606.ENSP00000309474	9606.ENSP00000396937	0	0	0	0	0.507	0.997	0.720	0.669	0.999
PSMD10	PSMD5	9606.ENSP00000217958	9606.ENSP00000210313	0	0	0	0	0.076	0.783	0	0.565	0.905
PSMD10	PSMD8	9606.ENSP00000217958	9606.ENSP00000215071	0	0	0	0	0.105	0.974	0	0.529	0.988
PSMD10	PSME2	9606.ENSP00000217958	9606.ENSP00000216802	0	0	0	0	0.072	0	0	0.389	0.408
PSMD10	PSME4	9606.ENSP00000217958	9606.ENSP00000384211	0	0	0	0	0.055	0	0	0.401	0.411
PSMD10	PSME1	9606.ENSP00000217958	9606.ENSP00000372155	0	0	0	0	0.059	0	0	0.401	0.412
PSMD10	RPS27A	9606.ENSP00000217958	9606.ENSP00000272317	0	0	0	0	0.067	0.100	0.500	0.044	0.544
PSMD10	UBA52	9606.ENSP00000217958	9606.ENSP00000388107	0	0	0	0	0	0.074	0.500	0.315	0.655
PSMD10	SEM1	9606.ENSP00000217958	9606.ENSP00000481021	0	0	0	0	0.074	0.628	0	0.225	0.709
PSMD10	PSMD9	9606.ENSP00000217958	9606.ENSP00000440485	0	0	0	0	0.093	0.747	0	0.769	0.942
PSMD10	PSMD3	9606.ENSP00000217958	9606.ENSP00000264639	0	0	0	0	0.064	0.982	0	0.604	0.993
PSMD10	PSMD2	9606.ENSP00000217958	9606.ENSP00000310129	0	0	0	0	0.087	0.986	0	0.572	0.994
PSMD10	PSMD7	9606.ENSP00000217958	9606.ENSP00000219313	0	0	0	0	0.177	0.990	0	0.571	0.996
PSMD10	PSMD14	9606.ENSP00000217958	9606.ENSP00000386541	0	0	0	0	0.118	0.991	0	0.591	0.996
PSMD10	PSMD4	9606.ENSP00000217958	9606.ENSP00000357876	0	0	0	0	0.191	0.992	0	0.575	0.997
PSMD10	PSMD11	9606.ENSP00000217958	9606.ENSP00000261712	0	0	0	0	0.125	0.998	0	0.579	0.999
PSMD10	PSMD6	9606.ENSP00000217958	9606.ENSP00000418695	0	0	0	0	0.138	0.998	0	0.712	0.999
PSMD10	PSMD12	9606.ENSP00000217958	9606.ENSP00000348442	0	0	0	0	0.083	0.999	0	0.623	0.999
PSMD10	PSMD13	9606.ENSP00000217958	9606.ENSP00000396937	0	0	0	0	0.125	0.998	0	0.956	0.999
PSMD11	PSMD5	9606.ENSP00000261712	9606.ENSP00000210313	0	0	0	0	0.106	0.823	0.720	0.770	0.988
PSMD11	PSMD8	9606.ENSP00000261712	9606.ENSP00000215071	0	0	0	0	0.870	0.998	0.720	0.996	0.999
PSMD11	PSME2	9606.ENSP00000261712	9606.ENSP00000216802	0	0	0	0	0.146	0.096	0.360	0.489	0.713
PSMD11	PSMD7	9606.ENSP00000261712	9606.ENSP00000219313	0	0	0	0	0.849	0.999	0.800	0.996	0.999
PSMD11	RPL18A	9606.ENSP00000261712	9606.ENSP00000222247	0	0	0	0	0.450	0	0	0	0.450
PSMD11	RPS12	9606.ENSP00000261712	9606.ENSP00000230050	0	0	0	0	0.461	0.096	0	0	0.492
PSMD11	RPL5	9606.ENSP00000261712	9606.ENSP00000359345	0	0	0	0	0.382	0	0	0.085	0.410
PSMD11	RPL37A	9606.ENSP00000261712	9606.ENSP00000418082	0	0	0	0	0.411	0	0	0	0.410
PSMD11	RPL13A	9606.ENSP00000261712	9606.ENSP00000375730	0	0	0	0	0.419	0	0	0	0.418
PSMD11	RPL12	9606.ENSP00000261712	9606.ENSP00000354739	0	0	0	0	0.420	0	0	0	0.420
PSMD11	RPLP2	9606.ENSP00000261712	9606.ENSP00000431240	0	0	0	0	0.316	0	0	0.204	0.432
PSMD11	RPL26	9606.ENSP00000261712	9606.ENSP00000463784	0	0	0	0	0.433	0	0	0	0.433
PSMD11	RPS11	9606.ENSP00000261712	9606.ENSP00000270625	0	0	0	0	0.448	0	0	0	0.448
PSMD11	RPS13	9606.ENSP00000261712	9606.ENSP00000435777	0	0	0	0	0.428	0	0	0.091	0.458
PSMD11	RPL7	9606.ENSP00000261712	9606.ENSP00000339795	0	0	0	0	0.440	0	0	0.075	0.459
PSMD11	RPL34	9606.ENSP00000261712	9606.ENSP00000378163	0	0	0	0	0.465	0	0	0	0.465
PSMD11	RPL3	9606.ENSP00000261712	9606.ENSP00000346001	0	0	0	0	0.428	0	0	0.121	0.476
PSMD11	RPL13	9606.ENSP00000261712	9606.ENSP00000307889	0	0	0	0	0.477	0	0	0	0.477
PSMD11	RPL31	9606.ENSP00000261712	9606.ENSP00000386717	0	0	0	0	0.478	0	0	0	0.478
PSMD11	RPL18	9606.ENSP00000261712	9606.ENSP00000447001	0	0	0	0	0.478	0	0	0	0.478
PSMD11	RPL7A	9606.ENSP00000261712	9606.ENSP00000361076	0	0	0	0	0.452	0.096	0	0	0.484
PSMD11	RPL4	9606.ENSP00000261712	9606.ENSP00000311430	0	0	0	0	0.440	0	0	0.130	0.492
PSMD11	RPS3A	9606.ENSP00000261712	9606.ENSP00000346050	0	0	0	0	0.434	0.095	0	0.098	0.497
PSMD11	RPLP0	9606.ENSP00000261712	9606.ENSP00000449328	0	0	0	0	0.499	0	0	0	0.499
PSMD11	RPL30	9606.ENSP00000261712	9606.ENSP00000428085	0	0	0	0	0.484	0	0	0.069	0.499
PSMD11	RPL28	9606.ENSP00000261712	9606.ENSP00000452763	0	0	0	0	0.517	0	0	0	0.517
PSMD11	RPS26	9606.ENSP00000261712	9606.ENSP00000348849	0	0	0	0	0.521	0	0	0	0.521
PSMD11	RPL11	9606.ENSP00000261712	9606.ENSP00000496250	0	0	0	0	0.430	0	0	0.199	0.523
PSMD11	RPL9	9606.ENSP00000261712	9606.ENSP00000494697	0	0	0	0	0.510	0.091	0	0	0.535
PSMD11	RPL6	9606.ENSP00000261712	9606.ENSP00000403172	0	0	0	0	0.534	0	0	0.052	0.540
PSMD11	RPL15	9606.ENSP00000261712	9606.ENSP00000309334	0	0	0	0	0.517	0	0	0.100	0.546
PSMD11	RPS3	9606.ENSP00000261712	9606.ENSP00000278572	0	0	0	0	0.517	0.095	0	0.100	0.572
PSMD11	RPL35A	9606.ENSP00000261712	9606.ENSP00000495672	0	0	0	0	0.598	0	0	0.063	0.607
PSMD11	RPL14	9606.ENSP00000261712	9606.ENSP00000379506	0	0	0	0	0.615	0	0	0.052	0.620
PSMD11	RPL27A	9606.ENSP00000261712	9606.ENSP00000346015	0	0	0	0	0.628	0	0	0	0.628
PSMD11	RPS4X	9606.ENSP00000261712	9606.ENSP00000362744	0	0	0	0	0.628	0	0	0	0.628
PSMD11	RPS16	9606.ENSP00000261712	9606.ENSP00000367806	0	0	0	0	0.643	0	0	0	0.643
PSMD11	RPS9	9606.ENSP00000261712	9606.ENSP00000375632	0	0	0	0	0.630	0	0	0.107	0.655
PSMD11	RPL27	9606.ENSP00000261712	9606.ENSP00000464813	0	0	0	0	0.654	0	0	0.065	0.663
PSMD11	RPS20	9606.ENSP00000261712	9606.ENSP00000429374	0	0	0	0	0.625	0.095	0	0.114	0.674
PSMD11	RPSA	9606.ENSP00000261712	9606.ENSP00000389351	0	0	0	0	0.675	0	0	0	0.675
PSMD11	RPS8	9606.ENSP00000261712	9606.ENSP00000379888	0	0	0	0	0.633	0.170	0	0	0.682
PSMD11	RPS2	9606.ENSP00000261712	9606.ENSP00000341885	0	0	0	0	0.663	0.097	0	0.127	0.711
PSMD11	PSME1	9606.ENSP00000261712	9606.ENSP00000372155	0	0	0	0	0.120	0.091	0.360	0.542	0.734
PSMD11	PSME4	9606.ENSP00000261712	9606.ENSP00000384211	0	0	0	0	0.080	0.470	0	0.717	0.850
PSMD11	PSME3	9606.ENSP00000261712	9606.ENSP00000293362	0	0	0	0	0.191	0.588	0.360	0.570	0.896
PSMD11	UBA52	9606.ENSP00000261712	9606.ENSP00000388107	0	0	0	0	0.049	0.883	0.500	0.100	0.943
PSMD11	RPS27A	9606.ENSP00000261712	9606.ENSP00000272317	0	0	0	0	0.327	0.917	0.500	0.218	0.975
PSMD11	PSMD9	9606.ENSP00000261712	9606.ENSP00000440485	0	0	0	0	0.103	0.755	0.900	0.557	0.988
PSMD11	SEM1	9606.ENSP00000261712	9606.ENSP00000481021	0	0	0	0	0.058	0.994	0.360	0.664	0.998
PSMD11	PSMD14	9606.ENSP00000261712	9606.ENSP00000386541	0	0	0	0	0.892	0.999	0.800	0.995	0.999
PSMD11	PSMD2	9606.ENSP00000261712	9606.ENSP00000310129	0	0	0	0	0.825	0.998	0.800	0.821	0.999
PSMD11	PSMD13	9606.ENSP00000261712	9606.ENSP00000396937	0	0	0	0	0.750	0.998	0.800	0.995	0.999
PSMD11	PSMD12	9606.ENSP00000261712	9606.ENSP00000348442	0	0	0	0	0.917	0.999	0.800	0.997	0.999
PSMD11	PSMD6	9606.ENSP00000261712	9606.ENSP00000418695	0	0	0	0	0.655	0.999	0.800	0.996	0.999
PSMD11	PSMD3	9606.ENSP00000261712	9606.ENSP00000264639	0	0	0	0	0.658	0.999	0.800	0.997	0.999
PSMD11	PSMD4	9606.ENSP00000261712	9606.ENSP00000357876	0	0	0	0	0.661	0.998	0.720	0.949	0.999
PSMD12	PSMD5	9606.ENSP00000348442	9606.ENSP00000210313	0	0	0	0	0.159	0.994	0.720	0.559	0.999
PSMD12	PSMD8	9606.ENSP00000348442	9606.ENSP00000215071	0	0	0	0	0.776	0.997	0.720	0.997	0.999
PSMD12	PSME2	9606.ENSP00000348442	9606.ENSP00000216802	0	0	0	0	0.085	0.096	0.360	0.400	0.640
PSMD12	PSMD7	9606.ENSP00000348442	9606.ENSP00000219313	0	0	0	0	0.951	0.999	0.800	0.997	0.999
PSMD12	RPS12	9606.ENSP00000348442	9606.ENSP00000230050	0	0	0	0	0.403	0	0	0	0.403
PSMD12	PSMD3	9606.ENSP00000348442	9606.ENSP00000264639	0	0	0	0	0.815	0.997	0.800	0.997	0.999
PSMD12	RPS27A	9606.ENSP00000348442	9606.ENSP00000272317	0	0	0	0	0.257	0.915	0.500	0.158	0.970
PSMD12	RPS3	9606.ENSP00000348442	9606.ENSP00000278572	0	0	0	0	0.432	0.095	0	0.158	0.529
PSMD12	PSME3	9606.ENSP00000348442	9606.ENSP00000293362	0	0	0	0	0.146	0.595	0.360	0.541	0.885
PSMD12	RPL15	9606.ENSP00000348442	9606.ENSP00000309334	0	0	0	0	0.421	0	0	0.159	0.492
PSMD12	PSMD2	9606.ENSP00000348442	9606.ENSP00000310129	0	0	0	0	0.781	0.997	0.800	0.818	0.999
PSMD12	PSMF1	9606.ENSP00000348442	9606.ENSP00000338039	0	0	0	0	0.049	0	0	0.514	0.518
PSMD12	RPL7	9606.ENSP00000348442	9606.ENSP00000339795	0	0	0	0	0.416	0	0	0	0.416
PSMD12	RPS2	9606.ENSP00000348442	9606.ENSP00000341885	0	0	0	0	0.532	0.097	0	0.079	0.577
PSMD12	RPL27A	9606.ENSP00000348442	9606.ENSP00000346015	0	0	0	0	0.437	0	0	0.068	0.452
PSMD12	RPS3A	9606.ENSP00000348442	9606.ENSP00000346050	0	0	0	0	0.393	0	0	0.059	0.404
PSMD12	RPL30	9606.ENSP00000348442	9606.ENSP00000428085	0	0	0	0	0.376	0.100	0	0	0.415
PSMD12	RPL34	9606.ENSP00000348442	9606.ENSP00000378163	0	0	0	0	0.416	0	0	0	0.416
PSMD12	RPL18	9606.ENSP00000348442	9606.ENSP00000447001	0	0	0	0	0.382	0	0	0.095	0.417
PSMD12	RPL7A	9606.ENSP00000348442	9606.ENSP00000361076	0	0	0	0	0.423	0	0	0	0.423
PSMD12	RPS20	9606.ENSP00000348442	9606.ENSP00000429374	0	0	0	0	0.428	0	0	0	0.428
PSMD12	RPL9	9606.ENSP00000348442	9606.ENSP00000494697	0	0	0	0	0.429	0	0	0	0.429
PSMD12	RPS26	9606.ENSP00000348442	9606.ENSP00000348849	0	0	0	0	0.432	0	0	0	0.432
PSMD12	RPL14	9606.ENSP00000348442	9606.ENSP00000379506	0	0	0	0	0.436	0	0	0.069	0.453
PSMD12	RPL35A	9606.ENSP00000348442	9606.ENSP00000495672	0	0	0	0	0.429	0.084	0	0	0.454
PSMD12	RPL11	9606.ENSP00000348442	9606.ENSP00000496250	0	0	0	0	0.344	0	0	0.209	0.459
PSMD12	RPS16	9606.ENSP00000348442	9606.ENSP00000367806	0	0	0	0	0.471	0	0	0	0.471
PSMD12	RPS5	9606.ENSP00000348442	9606.ENSP00000472985	0	0	0	0	0.308	0	0	0.275	0.477
PSMD12	RPS8	9606.ENSP00000348442	9606.ENSP00000379888	0	0	0	0	0.487	0	0	0	0.487
PSMD12	RPL27	9606.ENSP00000348442	9606.ENSP00000464813	0	0	0	0	0.483	0	0	0.065	0.496
PSMD12	RPL28	9606.ENSP00000348442	9606.ENSP00000452763	0	0	0	0	0.425	0	0	0.170	0.502
PSMD12	RPSA	9606.ENSP00000348442	9606.ENSP00000389351	0	0	0	0	0.497	0	0	0.069	0.511
PSMD12	RPS4X	9606.ENSP00000348442	9606.ENSP00000362744	0	0	0	0	0.478	0	0	0.104	0.512
PSMD12	RPL6	9606.ENSP00000348442	9606.ENSP00000403172	0	0	0	0	0.442	0	0	0.193	0.531
PSMD12	RPS9	9606.ENSP00000348442	9606.ENSP00000375632	0	0	0	0	0.483	0	0	0.146	0.540
PSMD12	RPLP0	9606.ENSP00000348442	9606.ENSP00000449328	0	0	0	0	0.419	0	0	0.264	0.554
PSMD12	PSME1	9606.ENSP00000348442	9606.ENSP00000372155	0	0	0	0	0.074	0.240	0.360	0.419	0.704
PSMD12	PSME4	9606.ENSP00000348442	9606.ENSP00000384211	0	0	0	0	0.158	0.467	0	0.710	0.858
PSMD12	UBA52	9606.ENSP00000348442	9606.ENSP00000388107	0	0	0	0	0.042	0.884	0.500	0.122	0.944
PSMD12	PSMD9	9606.ENSP00000348442	9606.ENSP00000440485	0	0	0	0	0.070	0.799	0.720	0.788	0.987
PSMD12	SEM1	9606.ENSP00000348442	9606.ENSP00000481021	0	0	0	0	0.060	0.619	0.360	0.978	0.994
PSMD12	PSMD6	9606.ENSP00000348442	9606.ENSP00000418695	0	0	0	0	0.901	0.997	0.800	0.997	0.999
PSMD12	PSMD4	9606.ENSP00000348442	9606.ENSP00000357876	0	0	0	0	0.879	0.997	0.720	0.919	0.999
PSMD12	PSMD14	9606.ENSP00000348442	9606.ENSP00000386541	0	0	0	0	0.945	0.997	0.800	0.997	0.999
PSMD12	PSMD13	9606.ENSP00000348442	9606.ENSP00000396937	0	0	0	0	0.741	0.999	0.800	0.997	0.999
PSMD13	PSMD5	9606.ENSP00000396937	9606.ENSP00000210313	0	0	0	0	0.060	0.994	0.720	0.596	0.999
PSMD13	PSMD8	9606.ENSP00000396937	9606.ENSP00000215071	0	0	0	0	0.808	0.997	0.720	0.997	0.999
PSMD13	PSME2	9606.ENSP00000396937	9606.ENSP00000216802	0	0	0	0	0.058	0.096	0.360	0.416	0.639
PSMD13	PSMD7	9606.ENSP00000396937	9606.ENSP00000219313	0	0	0	0	0.640	0.997	0.800	0.996	0.999
PSMD13	PSMD3	9606.ENSP00000396937	9606.ENSP00000264639	0	0	0	0	0.784	0.997	0.800	0.997	0.999
PSMD13	RPS27A	9606.ENSP00000396937	9606.ENSP00000272317	0	0	0	0	0.131	0.915	0.500	0.162	0.965
PSMD13	PSME3	9606.ENSP00000396937	9606.ENSP00000293362	0	0	0	0	0.067	0.051	0.360	0.564	0.719
PSMD13	PSMD2	9606.ENSP00000396937	9606.ENSP00000310129	0	0	0	0	0.596	0.997	0.800	0.788	0.999
PSMD13	RPL7	9606.ENSP00000396937	9606.ENSP00000339795	0	0	0	0	0.200	0	0	0.433	0.527
PSMD13	PSMD4	9606.ENSP00000396937	9606.ENSP00000357876	0	0	0	0	0.851	0.997	0.720	0.954	0.999
PSMD13	RPL5	9606.ENSP00000396937	9606.ENSP00000359345	0	0	0	0	0.181	0	0	0.429	0.513
PSMD13	PSME1	9606.ENSP00000396937	9606.ENSP00000372155	0	0	0	0	0.060	0.427	0.360	0.327	0.737
PSMD13	RPS9	9606.ENSP00000396937	9606.ENSP00000375632	0	0	0	0	0.224	0	0	0.395	0.511
PSMD13	PSME4	9606.ENSP00000396937	9606.ENSP00000384211	0	0	0	0	0.044	0.470	0	0.688	0.828
PSMD13	PSMD14	9606.ENSP00000396937	9606.ENSP00000386541	0	0	0	0	0.903	0.997	0.800	0.995	0.999
PSMD13	UBA52	9606.ENSP00000396937	9606.ENSP00000388107	0	0	0	0	0.075	0.856	0.500	0.053	0.929
PSMD13	RPL30	9606.ENSP00000396937	9606.ENSP00000428085	0	0	0	0	0.146	0	0	0.358	0.429
PSMD13	PSMD9	9606.ENSP00000396937	9606.ENSP00000440485	0	0	0	0	0.063	0.762	0.720	0.721	0.980
PSMD13	SEM1	9606.ENSP00000396937	9606.ENSP00000481021	0	0	0	0	0.043	0.710	0.360	0.966	0.993
PSMD13	PSMD6	9606.ENSP00000396937	9606.ENSP00000418695	0	0	0	0	0.883	0.997	0.800	0.996	0.999
PSMD14	PSMD5	9606.ENSP00000386541	9606.ENSP00000210313	0	0	0	0	0.149	0.994	0.720	0.490	0.999
PSMD14	PSMD8	9606.ENSP00000386541	9606.ENSP00000215071	0	0	0	0	0.785	0.997	0.720	0.997	0.999
PSMD14	PSME2	9606.ENSP00000386541	9606.ENSP00000216802	0	0	0	0	0.161	0.798	0.360	0.425	0.929
PSMD14	PSMD7	9606.ENSP00000386541	9606.ENSP00000219313	0	0	0	0	0.924	0.999	0.800	0.999	0.999
PSMD14	RPL19	9606.ENSP00000386541	9606.ENSP00000225430	0	0	0	0	0.185	0.317	0	0.120	0.467
PSMD14	RPS12	9606.ENSP00000386541	9606.ENSP00000230050	0	0	0	0	0.308	0.185	0	0.061	0.424
PSMD14	RARS1	9606.ENSP00000386541	9606.ENSP00000231572	0	0	0	0	0.384	0.209	0	0.046	0.495
PSMD14	PSMD3	9606.ENSP00000386541	9606.ENSP00000264639	0	0	0	0	0.814	0.997	0.800	0.996	0.999
PSMD14	RPS11	9606.ENSP00000386541	9606.ENSP00000270625	0	0	0	0	0.263	0.297	0	0	0.460
PSMD14	RPS27A	9606.ENSP00000386541	9606.ENSP00000272317	0	0	0	0	0.233	0.962	0.500	0.218	0.987
PSMD14	RPS3	9606.ENSP00000386541	9606.ENSP00000278572	0	0	0	0	0.387	0.311	0	0.147	0.608
PSMD14	PSME3	9606.ENSP00000386541	9606.ENSP00000293362	0	0	0	0	0.175	0.797	0.360	0.657	0.958
PSMD14	QARS1	9606.ENSP00000386541	9606.ENSP00000307567	0	0	0	0	0.095	0.154	0	0.301	0.418
PSMD14	RPL15	9606.ENSP00000386541	9606.ENSP00000309334	0	0	0	0	0.337	0.095	0	0.095	0.410
PSMD14	PSMD2	9606.ENSP00000386541	9606.ENSP00000310129	0	0	0	0	0.840	0.997	0.800	0.781	0.999
PSMD14	RPL4	9606.ENSP00000386541	9606.ENSP00000311430	0	0	0	0	0.255	0.348	0	0.114	0.533
PSMD14	RPS15A	9606.ENSP00000386541	9606.ENSP00000318646	0	0	0	0	0.246	0.342	0	0.057	0.491
PSMD14	PSMF1	9606.ENSP00000386541	9606.ENSP00000338039	0	0	0	0	0.067	0	0	0.411	0.428
PSMD14	RPL7	9606.ENSP00000386541	9606.ENSP00000339795	0	0	0	0	0.352	0.128	0	0.212	0.516
PSMD14	RPS2	9606.ENSP00000386541	9606.ENSP00000341885	0	0	0	0	0.471	0.287	0	0	0.607
PSMD14	RPL27A	9606.ENSP00000386541	9606.ENSP00000346015	0	0	0	0	0.372	0	0	0.110	0.417
PSMD14	RPS3A	9606.ENSP00000386541	9606.ENSP00000346050	0	0	0	0	0.276	0.383	0	0	0.534
PSMD14	RPS26	9606.ENSP00000386541	9606.ENSP00000348849	0	0	0	0	0.388	0.285	0	0.075	0.560
PSMD14	RPL12	9606.ENSP00000386541	9606.ENSP00000354739	0	0	0	0	0.216	0.136	0	0.209	0.417
PSMD14	PSMD4	9606.ENSP00000386541	9606.ENSP00000357876	0	0	0	0	0.891	0.997	0.720	0.989	0.999
PSMD14	RPL5	9606.ENSP00000386541	9606.ENSP00000359345	0	0	0	0	0.273	0.161	0	0.140	0.430
PSMD14	RPL7A	9606.ENSP00000386541	9606.ENSP00000361076	0	0	0	0	0.308	0.185	0	0.061	0.424
PSMD14	RPS4X	9606.ENSP00000386541	9606.ENSP00000362744	0	0	0	0	0.401	0.262	0	0.071	0.553
PSMD14	RPS16	9606.ENSP00000386541	9606.ENSP00000367806	0	0	0	0	0.411	0.255	0	0.137	0.588
PSMD14	RPS6	9606.ENSP00000386541	9606.ENSP00000369757	0	0	0	0	0.192	0.299	0	0.088	0.439
PSMD14	PSME1	9606.ENSP00000386541	9606.ENSP00000372155	0	0	0	0	0.103	0.830	0.360	0.460	0.940
PSMD14	RPS9	9606.ENSP00000386541	9606.ENSP00000375632	0.041	0	0	0	0.446	0.187	0	0	0.530
PSMD14	RPL14	9606.ENSP00000386541	9606.ENSP00000379506	0	0	0	0	0.375	0.156	0	0	0.450
PSMD14	RPS8	9606.ENSP00000386541	9606.ENSP00000379888	0	0	0	0	0.404	0.285	0	0.068	0.568
PSMD14	PSME4	9606.ENSP00000386541	9606.ENSP00000384211	0	0	0	0	0.079	0.808	0	0.692	0.940
PSMD14	RPS14	9606.ENSP00000386541	9606.ENSP00000385958	0	0	0	0	0.245	0.255	0	0.212	0.518
PSMD14	RPL35A	9606.ENSP00000386541	9606.ENSP00000495672	0	0	0	0	0.375	0.095	0	0	0.410
PSMD14	RPS15	9606.ENSP00000386541	9606.ENSP00000466010	0	0	0	0	0.136	0.355	0	0.052	0.425
PSMD14	RPS27	9606.ENSP00000386541	9606.ENSP00000499044	0	0	0	0	0.174	0.287	0	0.115	0.434
PSMD14	RPS18	9606.ENSP00000386541	9606.ENSP00000393241	0.042	0	0	0	0.229	0.298	0	0	0.436
PSMD14	RPL30	9606.ENSP00000386541	9606.ENSP00000428085	0	0	0	0	0.270	0.154	0	0.182	0.451
PSMD14	RPL6	9606.ENSP00000386541	9606.ENSP00000403172	0	0	0	0	0.324	0.096	0	0.174	0.451
PSMD14	RPS19	9606.ENSP00000386541	9606.ENSP00000470972	0	0	0	0	0.184	0.280	0	0.164	0.466
PSMD14	RPS24	9606.ENSP00000386541	9606.ENSP00000414321	0	0	0	0	0.214	0.280	0	0.137	0.469
PSMD14	RPL9	9606.ENSP00000386541	9606.ENSP00000494697	0	0	0	0	0.304	0.136	0	0.214	0.486
PSMD14	RPL27	9606.ENSP00000386541	9606.ENSP00000464813	0	0	0	0	0.429	0.136	0	0.061	0.497
PSMD14	RPS5	9606.ENSP00000386541	9606.ENSP00000472985	0	0	0	0	0.248	0.288	0	0.153	0.507
PSMD14	RPS7	9606.ENSP00000386541	9606.ENSP00000495273	0	0	0	0	0.291	0.306	0	0.142	0.541
PSMD14	RPS13	9606.ENSP00000386541	9606.ENSP00000435777	0.042	0	0	0	0.259	0.266	0	0.231	0.546
PSMD14	RPSA	9606.ENSP00000386541	9606.ENSP00000389351	0	0	0	0	0.463	0.212	0	0.070	0.572
PSMD14	RPS20	9606.ENSP00000386541	9606.ENSP00000429374	0	0	0	0	0.333	0.290	0	0.171	0.574
PSMD14	RPL11	9606.ENSP00000386541	9606.ENSP00000496250	0	0	0	0	0.302	0.180	0	0.349	0.595
PSMD14	UBA52	9606.ENSP00000386541	9606.ENSP00000388107	0	0	0	0	0.099	0.926	0.500	0.261	0.972
PSMD14	PSMD9	9606.ENSP00000386541	9606.ENSP00000440485	0	0	0	0	0.092	0.841	0.720	0.564	0.980
PSMD14	SEM1	9606.ENSP00000386541	9606.ENSP00000481021	0	0	0	0	0.156	0.789	0.360	0.980	0.997
PSMD14	PSMD6	9606.ENSP00000386541	9606.ENSP00000418695	0	0	0	0	0.957	0.998	0.800	0.991	0.999
PSMD2	PSMD5	9606.ENSP00000310129	9606.ENSP00000210313	0	0	0	0	0.103	0.994	0.720	0.793	0.999
PSMD2	PSMD8	9606.ENSP00000310129	9606.ENSP00000215071	0	0	0	0	0.702	0.997	0.720	0.824	0.999
PSMD2	PSME2	9606.ENSP00000310129	9606.ENSP00000216802	0	0	0	0	0.081	0.431	0.360	0.396	0.771
PSMD2	PSMD7	9606.ENSP00000310129	9606.ENSP00000219313	0	0	0	0	0.706	0.997	0.800	0.906	0.999
PSMD2	RPL18A	9606.ENSP00000310129	9606.ENSP00000222247	0	0	0	0	0.435	0.095	0	0	0.466
PSMD2	RPS12	9606.ENSP00000310129	9606.ENSP00000230050	0	0	0	0	0.456	0.232	0	0	0.564
PSMD2	RPL8	9606.ENSP00000310129	9606.ENSP00000262584	0	0	0	0	0.401	0	0	0.079	0.425
PSMD2	PSMD3	9606.ENSP00000310129	9606.ENSP00000264639	0	0	0	0	0.745	0.997	0.800	0.939	0.999
PSMD2	RPS11	9606.ENSP00000310129	9606.ENSP00000270625	0	0	0	0	0.393	0.094	0	0.178	0.508
PSMD2	RPS27A	9606.ENSP00000310129	9606.ENSP00000272317	0	0	0	0	0.329	0.987	0.500	0.167	0.996
PSMD2	RPS3	9606.ENSP00000310129	9606.ENSP00000278572	0	0	0	0	0.527	0.154	0	0.124	0.619
PSMD2	PSME3	9606.ENSP00000310129	9606.ENSP00000293362	0	0	0	0	0.181	0.553	0.360	0.394	0.839
PSMD2	RPL13	9606.ENSP00000310129	9606.ENSP00000307889	0	0	0	0	0.478	0	0	0	0.478
PSMD2	RPL15	9606.ENSP00000310129	9606.ENSP00000309334	0	0	0	0	0.506	0.095	0	0.150	0.587
PSMD2	RPS5	9606.ENSP00000310129	9606.ENSP00000472985	0	0	0	0	0.259	0.095	0	0.185	0.406
PSMD2	RPLP2	9606.ENSP00000310129	9606.ENSP00000431240	0	0	0	0	0.324	0.094	0	0.111	0.408
PSMD2	SARS1	9606.ENSP00000310129	9606.ENSP00000358939	0	0	0	0	0.267	0.094	0	0.182	0.409
PSMD2	RPS18	9606.ENSP00000310129	9606.ENSP00000393241	0	0	0	0	0.324	0.175	0	0	0.418
PSMD2	RPL13A	9606.ENSP00000310129	9606.ENSP00000375730	0	0	0	0	0.398	0.091	0	0	0.429
PSMD2	RPL5	9606.ENSP00000310129	9606.ENSP00000359345	0	0	0	0	0.372	0.095	0	0.091	0.438
PSMD2	RPS15A	9606.ENSP00000310129	9606.ENSP00000318646	0	0	0	0	0.324	0.126	0	0.139	0.447
PSMD2	RPL3	9606.ENSP00000310129	9606.ENSP00000346001	0	0	0	0	0.428	0	0	0.078	0.450
PSMD2	RPL34	9606.ENSP00000310129	9606.ENSP00000378163	0	0	0	0	0.465	0	0	0	0.465
PSMD2	RPL12	9606.ENSP00000310129	9606.ENSP00000354739	0	0	0	0	0.429	0.095	0	0.068	0.476
PSMD2	RPL30	9606.ENSP00000310129	9606.ENSP00000428085	0	0	0	0	0.457	0.095	0	0	0.487
PSMD2	RPL7A	9606.ENSP00000310129	9606.ENSP00000361076	0	0	0	0	0.457	0.106	0	0	0.493
PSMD2	RPS13	9606.ENSP00000310129	9606.ENSP00000435777	0	0	0	0	0.428	0.154	0	0	0.495
PSMD2	RPL4	9606.ENSP00000310129	9606.ENSP00000311430	0	0	0	0	0.442	0.094	0	0.083	0.496
PSMD2	RPL18	9606.ENSP00000310129	9606.ENSP00000447001	0	0	0	0	0.466	0.094	0	0	0.496
PSMD2	RPL26	9606.ENSP00000310129	9606.ENSP00000463784	0	0	0	0	0.440	0.091	0	0.102	0.503
PSMD2	RPL11	9606.ENSP00000310129	9606.ENSP00000496250	0	0	0	0	0.430	0.095	0	0.120	0.506
PSMD2	RPL31	9606.ENSP00000310129	9606.ENSP00000386717	0	0	0	0	0.453	0.094	0	0.097	0.513
PSMD2	RPL28	9606.ENSP00000310129	9606.ENSP00000452763	0	0	0	0	0.521	0	0	0	0.521
PSMD2	RPL7	9606.ENSP00000310129	9606.ENSP00000339795	0	0	0	0	0.434	0.091	0	0.152	0.525
PSMD2	RPLP0	9606.ENSP00000310129	9606.ENSP00000449328	0	0	0	0	0.495	0.095	0	0.068	0.536
PSMD2	RPS26	9606.ENSP00000310129	9606.ENSP00000348849	0	0	0	0	0.514	0.094	0	0	0.540
PSMD2	RPS3A	9606.ENSP00000310129	9606.ENSP00000346050	0	0	0	0	0.478	0.136	0	0.071	0.544
PSMD2	RPL35A	9606.ENSP00000310129	9606.ENSP00000495672	0	0	0	0	0.540	0.094	0	0.063	0.575
PSMD2	RPL9	9606.ENSP00000310129	9606.ENSP00000494697	0	0	0	0	0.516	0.096	0	0.137	0.589
PSMD2	RPL6	9606.ENSP00000310129	9606.ENSP00000403172	0	0	0	0	0.536	0.096	0	0.115	0.596
PSMD2	RPL14	9606.ENSP00000310129	9606.ENSP00000379506	0	0	0	0	0.577	0.094	0	0.085	0.618
PSMD2	RPL27A	9606.ENSP00000310129	9606.ENSP00000346015	0	0	0	0	0.624	0	0	0	0.624
PSMD2	PSME1	9606.ENSP00000310129	9606.ENSP00000372155	0	0	0	0	0.056	0.095	0.360	0.441	0.653
PSMD2	RPS4X	9606.ENSP00000310129	9606.ENSP00000362744	0	0	0	0	0.628	0.091	0	0.060	0.654
PSMD2	RPS16	9606.ENSP00000310129	9606.ENSP00000367806	0	0	0	0	0.641	0.094	0	0.064	0.669
PSMD2	RPS9	9606.ENSP00000310129	9606.ENSP00000375632	0	0	0	0	0.632	0.094	0	0.098	0.673
PSMD2	RPS8	9606.ENSP00000310129	9606.ENSP00000379888	0	0	0	0	0.646	0.136	0	0	0.681
PSMD2	RPL27	9606.ENSP00000310129	9606.ENSP00000464813	0	0	0	0	0.647	0.100	0	0.092	0.686
PSMD2	RPS20	9606.ENSP00000310129	9606.ENSP00000429374	0	0	0	0	0.628	0.154	0	0.113	0.696
PSMD2	RPSA	9606.ENSP00000310129	9606.ENSP00000389351	0	0	0	0	0.663	0.094	0	0.157	0.720
PSMD2	RPS2	9606.ENSP00000310129	9606.ENSP00000341885	0	0	0	0	0.663	0.178	0	0.178	0.752
PSMD2	PSME4	9606.ENSP00000310129	9606.ENSP00000384211	0	0	0	0	0.311	0.471	0	0.572	0.830
PSMD2	SEM1	9606.ENSP00000310129	9606.ENSP00000481021	0	0	0	0	0.049	0.710	0.360	0.247	0.849
PSMD2	PSMD9	9606.ENSP00000310129	9606.ENSP00000440485	0	0	0	0	0.082	0.753	0.720	0.755	0.982
PSMD2	UBA52	9606.ENSP00000310129	9606.ENSP00000388107	0	0	0	0	0.056	0.977	0.500	0.216	0.990
PSMD2	PSMD4	9606.ENSP00000310129	9606.ENSP00000357876	0	0	0	0	0.748	0.997	0.720	0.892	0.999
PSMD2	PSMD6	9606.ENSP00000310129	9606.ENSP00000418695	0	0	0	0	0.618	0.997	0.800	0.811	0.999
PSMD3	PSMD5	9606.ENSP00000264639	9606.ENSP00000210313	0	0	0	0	0.057	0.994	0.720	0.490	0.999
PSMD3	PSMD8	9606.ENSP00000264639	9606.ENSP00000215071	0	0	0	0	0.436	0.997	0.720	0.997	0.999
PSMD3	PSME2	9606.ENSP00000264639	9606.ENSP00000216802	0	0	0	0	0.060	0.096	0.360	0.411	0.636
PSMD3	PSMD7	9606.ENSP00000264639	9606.ENSP00000219313	0	0	0	0	0.701	0.999	0.800	0.996	0.999
PSMD3	RPL23A	9606.ENSP00000264639	9606.ENSP00000389103	0	0	0	0	0.265	0.095	0	0.170	0.400
PSMD3	RPS7	9606.ENSP00000264639	9606.ENSP00000495273	0	0	0	0	0.356	0.094	0	0.069	0.409
PSMD3	RPLP1	9606.ENSP00000264639	9606.ENSP00000346037	0	0	0	0	0.194	0.091	0	0.290	0.434
PSMD3	RPS15A	9606.ENSP00000264639	9606.ENSP00000318646	0	0	0	0	0.351	0.188	0	0.103	0.486
PSMD3	PSMF1	9606.ENSP00000264639	9606.ENSP00000338039	0	0	0	0	0.049	0.360	0	0.425	0.619
PSMD3	PSME1	9606.ENSP00000264639	9606.ENSP00000372155	0	0	0	0	0.055	0.326	0.360	0.468	0.754
PSMD3	PSME3	9606.ENSP00000264639	9606.ENSP00000293362	0	0	0	0	0.097	0.195	0.360	0.542	0.758
PSMD3	PSME4	9606.ENSP00000264639	9606.ENSP00000384211	0	0	0	0	0.049	0.647	0	0.601	0.854
PSMD3	UBA52	9606.ENSP00000264639	9606.ENSP00000388107	0	0	0	0	0.042	0.856	0.500	0.065	0.927
PSMD3	RPS27A	9606.ENSP00000264639	9606.ENSP00000272317	0	0	0	0	0.153	0.913	0.500	0.174	0.966
PSMD3	PSMD9	9606.ENSP00000264639	9606.ENSP00000440485	0	0	0	0	0.130	0.794	0.720	0.513	0.972
PSMD3	PSMD6	9606.ENSP00000264639	9606.ENSP00000418695	0	0	0	0	0.746	0.999	0.800	0.997	0.999
PSMD3	PSMD4	9606.ENSP00000264639	9606.ENSP00000357876	0	0	0	0	0.661	0.997	0.720	0.962	0.999
PSMD3	SEM1	9606.ENSP00000264639	9606.ENSP00000481021	0	0	0	0	0.044	0.833	0.360	0.993	0.999
PSMD4	PSMD5	9606.ENSP00000357876	9606.ENSP00000210313	0	0	0	0	0.067	0.995	0.720	0.975	0.999
PSMD4	PSMD8	9606.ENSP00000357876	9606.ENSP00000215071	0	0	0	0	0.884	0.997	0.720	0.948	0.999
PSMD4	PSME2	9606.ENSP00000357876	9606.ENSP00000216802	0	0	0	0	0.138	0.096	0.360	0.474	0.703
PSMD4	PSMD7	9606.ENSP00000357876	9606.ENSP00000219313	0	0	0	0	0.782	0.999	0.720	0.904	0.999
PSMD4	RPS12	9606.ENSP00000357876	9606.ENSP00000230050	0	0	0	0	0.255	0.193	0	0.121	0.426
PSMD4	RPS27A	9606.ENSP00000357876	9606.ENSP00000272317	0	0	0	0	0.242	0.997	0.500	0.336	0.999
PSMD4	PSME3	9606.ENSP00000357876	9606.ENSP00000293362	0	0	0	0	0.158	0.305	0.360	0.532	0.801
PSMD4	PSMF1	9606.ENSP00000357876	9606.ENSP00000338039	0	0	0	0	0.095	0.467	0	0.453	0.713
PSMD4	RPS2	9606.ENSP00000357876	9606.ENSP00000341885	0	0	0	0	0.434	0.095	0	0.051	0.471
PSMD4	RPL21	9606.ENSP00000357876	9606.ENSP00000346027	0	0	0	0	0.163	0	0	0.388	0.466
PSMD4	RPS3A	9606.ENSP00000357876	9606.ENSP00000346050	0	0	0	0	0.254	0.094	0	0.204	0.415
PSMD4	RPL6	9606.ENSP00000357876	9606.ENSP00000403172	0	0	0	0	0.366	0.094	0	0	0.401
PSMD4	RPS9	9606.ENSP00000357876	9606.ENSP00000375632	0	0	0	0	0.369	0.094	0	0	0.404
PSMD4	RPL35A	9606.ENSP00000357876	9606.ENSP00000495672	0	0	0	0	0.382	0.094	0	0	0.416
PSMD4	RPLP0	9606.ENSP00000357876	9606.ENSP00000449328	0	0	0	0	0.318	0.154	0	0.071	0.417
PSMD4	SMS	9606.ENSP00000357876	9606.ENSP00000385746	0	0	0	0	0.105	0.091	0	0.342	0.418
PSMD4	RPL9	9606.ENSP00000357876	9606.ENSP00000494697	0	0	0	0	0.257	0.276	0	0	0.439
PSMD4	RPS8	9606.ENSP00000357876	9606.ENSP00000379888	0	0	0	0	0.401	0.094	0	0.060	0.446
PSMD4	RPL27	9606.ENSP00000357876	9606.ENSP00000464813	0	0	0	0	0.418	0.094	0	0	0.450
PSMD4	RPS19	9606.ENSP00000357876	9606.ENSP00000470972	0	0	0	0	0.174	0.094	0	0.349	0.470
PSMD4	RPS16	9606.ENSP00000357876	9606.ENSP00000367806	0	0	0	0	0.423	0.136	0	0	0.480
PSMD4	RPL7A	9606.ENSP00000357876	9606.ENSP00000361076	0	0	0	0	0.260	0.126	0	0.259	0.480
PSMD4	RPSA	9606.ENSP00000357876	9606.ENSP00000389351	0	0	0	0	0.486	0.094	0	0	0.514
PSMD4	RPS20	9606.ENSP00000357876	9606.ENSP00000429374	0	0	0	0	0.437	0.172	0	0.069	0.528
PSMD4	RPLP2	9606.ENSP00000357876	9606.ENSP00000431240	0	0	0	0	0.393	0	0	0.259	0.531
PSMD4	RPL11	9606.ENSP00000357876	9606.ENSP00000496250	0	0	0	0	0.233	0.166	0	0.615	0.732
PSMD4	PSME1	9606.ENSP00000357876	9606.ENSP00000372155	0	0	0	0	0.067	0.427	0.360	0.563	0.830
PSMD4	SEM1	9606.ENSP00000357876	9606.ENSP00000481021	0	0	0	0	0.060	0.835	0.360	0.601	0.955
PSMD4	PSMD9	9606.ENSP00000357876	9606.ENSP00000440485	0	0	0	0	0.202	0.752	0.720	0.749	0.984
PSMD4	PSME4	9606.ENSP00000357876	9606.ENSP00000384211	0	0	0	0	0.049	0.970	0	0.728	0.991
PSMD4	UBA52	9606.ENSP00000357876	9606.ENSP00000388107	0	0	0	0	0.118	0.986	0.500	0.194	0.994
PSMD4	PSMD6	9606.ENSP00000357876	9606.ENSP00000418695	0	0	0	0	0.870	0.997	0.720	0.914	0.999
PSMD5	PSMF1	9606.ENSP00000210313	9606.ENSP00000338039	0	0	0	0	0.143	0.095	0	0.333	0.438
PSMD5	PSME3	9606.ENSP00000210313	9606.ENSP00000293362	0	0	0	0	0.049	0.091	0.360	0.148	0.465
PSMD5	PSME1	9606.ENSP00000210313	9606.ENSP00000372155	0	0	0	0	0.055	0.091	0.360	0.285	0.554
PSMD5	UBA52	9606.ENSP00000210313	9606.ENSP00000388107	0	0	0	0	0	0	0.500	0.339	0.655
PSMD5	PSME2	9606.ENSP00000210313	9606.ENSP00000216802	0	0	0	0	0.063	0.096	0.360	0.480	0.680
PSMD5	PSMD9	9606.ENSP00000210313	9606.ENSP00000440485	0	0	0	0	0.067	0.433	0.720	0.678	0.946
PSMD5	RPS27A	9606.ENSP00000210313	9606.ENSP00000272317	0	0	0	0	0.056	0.994	0.500	0.152	0.997
PSMD5	PSMD6	9606.ENSP00000210313	9606.ENSP00000418695	0	0	0	0	0.127	0.994	0.720	0.665	0.999
PSMD5	PSMD8	9606.ENSP00000210313	9606.ENSP00000215071	0	0	0	0	0.124	0.994	0.720	0.670	0.999
PSMD5	PSMD7	9606.ENSP00000210313	9606.ENSP00000219313	0	0	0	0	0.082	0.994	0.720	0.779	0.999
PSMD6	PSMD8	9606.ENSP00000418695	9606.ENSP00000215071	0	0	0	0	0.738	0.997	0.720	0.996	0.999
PSMD6	PSME2	9606.ENSP00000418695	9606.ENSP00000216802	0	0	0	0	0.100	0.620	0.360	0.506	0.877
PSMD6	PSMD7	9606.ENSP00000418695	9606.ENSP00000219313	0	0	0	0	0.897	0.999	0.800	0.995	0.999
PSMD6	RPS27A	9606.ENSP00000418695	9606.ENSP00000272317	0	0	0	0	0.163	0.913	0.500	0.159	0.965
PSMD6	PSME3	9606.ENSP00000418695	9606.ENSP00000293362	0	0	0	0	0.131	0.051	0.360	0.590	0.755
PSMD6	PSMF1	9606.ENSP00000418695	9606.ENSP00000338039	0	0	0	0	0.074	0.430	0	0.429	0.672
PSMD6	PSME1	9606.ENSP00000418695	9606.ENSP00000372155	0	0	0	0	0.088	0.592	0.360	0.549	0.878
PSMD6	PSME4	9606.ENSP00000418695	9606.ENSP00000384211	0	0	0	0	0.089	0.424	0	0.647	0.798
PSMD6	UBA52	9606.ENSP00000418695	9606.ENSP00000388107	0	0	0	0	0.042	0.856	0.500	0.081	0.928
PSMD6	RPS28	9606.ENSP00000418695	9606.ENSP00000472469	0	0	0	0	0.101	0	0	0.423	0.459
PSMD6	PSMD9	9606.ENSP00000418695	9606.ENSP00000440485	0	0	0	0	0.076	0.778	0.720	0.780	0.985
PSMD6	SEM1	9606.ENSP00000418695	9606.ENSP00000481021	0	0	0	0	0.062	0.713	0.360	0.940	0.988
PSMD7	PSMD8	9606.ENSP00000219313	9606.ENSP00000215071	0	0	0	0	0.706	0.997	0.720	0.993	0.999
PSMD7	PSME2	9606.ENSP00000219313	9606.ENSP00000216802	0	0	0	0	0.114	0.439	0.360	0.571	0.845
PSMD7	RPL4	9606.ENSP00000219313	9606.ENSP00000311430	0	0	0	0	0.186	0.255	0	0.090	0.400
PSMD7	RPS6	9606.ENSP00000219313	9606.ENSP00000369757	0	0	0	0	0.114	0.299	0	0.123	0.408
PSMD7	RPS15	9606.ENSP00000219313	9606.ENSP00000466010	0	0	0	0	0.117	0.355	0	0.052	0.413
PSMD7	RPL7A	9606.ENSP00000219313	9606.ENSP00000361076	0	0	0	0	0.219	0.185	0	0.162	0.420
PSMD7	RPLP2	9606.ENSP00000219313	9606.ENSP00000431240	0	0	0	0	0.200	0	0	0.308	0.423
PSMD7	RPS19	9606.ENSP00000219313	9606.ENSP00000470972	0	0	0	0	0.128	0.280	0	0.164	0.429
PSMD7	RPS4X	9606.ENSP00000219313	9606.ENSP00000362744	0	0	0	0	0.258	0.262	0	0	0.429
PSMD7	SARS1	9606.ENSP00000219313	9606.ENSP00000358939	0	0	0	0	0.282	0.094	0	0.201	0.435
PSMD7	RPS20	9606.ENSP00000219313	9606.ENSP00000429374	0	0	0	0	0.256	0.290	0	0	0.449
PSMD7	RPS26	9606.ENSP00000219313	9606.ENSP00000348849	0	0	0	0	0.255	0.285	0	0.057	0.454
PSMD7	RPS9	9606.ENSP00000219313	9606.ENSP00000375632	0.041	0	0	0	0.335	0.187	0	0.074	0.456
PSMD7	RPS16	9606.ENSP00000219313	9606.ENSP00000367806	0	0	0	0	0.268	0.255	0	0.090	0.460
PSMD7	RPS13	9606.ENSP00000219313	9606.ENSP00000435777	0.042	0	0	0	0.150	0.334	0	0.129	0.464
PSMD7	RPSA	9606.ENSP00000219313	9606.ENSP00000389351	0	0	0	0	0.308	0.212	0	0.097	0.465
PSMD7	RPS8	9606.ENSP00000219313	9606.ENSP00000379888	0	0	0	0	0.267	0.285	0	0.068	0.469
PSMD7	RPS7	9606.ENSP00000219313	9606.ENSP00000495273	0	0	0	0	0.154	0.306	0	0.172	0.471
PSMD7	RPS3	9606.ENSP00000219313	9606.ENSP00000278572	0	0	0	0	0.257	0.311	0	0.069	0.482
PSMD7	RPS2	9606.ENSP00000219313	9606.ENSP00000341885	0	0	0	0	0.422	0.287	0	0.074	0.585
PSMD7	PSME1	9606.ENSP00000219313	9606.ENSP00000372155	0	0	0	0	0.106	0.091	0.360	0.431	0.664
PSMD7	PSME4	9606.ENSP00000219313	9606.ENSP00000384211	0	0	0	0	0.059	0.091	0	0.709	0.730
PSMD7	PSME3	9606.ENSP00000219313	9606.ENSP00000293362	0	0	0	0	0.116	0.045	0.360	0.576	0.741
PSMD7	SEM1	9606.ENSP00000219313	9606.ENSP00000481021	0	0	0	0	0.081	0.510	0.360	0.678	0.894
PSMD7	UBA52	9606.ENSP00000219313	9606.ENSP00000388107	0	0	0	0	0.106	0.861	0.500	0.119	0.938
PSMD7	RPS27A	9606.ENSP00000219313	9606.ENSP00000272317	0	0	0	0	0.181	0.896	0.500	0.179	0.960
PSMD7	PSMD9	9606.ENSP00000219313	9606.ENSP00000440485	0	0	0	0	0.098	0.723	0.720	0.514	0.961
PSMD8	RPS9	9606.ENSP00000215071	9606.ENSP00000375632	0	0	0	0	0.403	0	0	0	0.403
PSMD8	RPS2	9606.ENSP00000215071	9606.ENSP00000341885	0	0	0	0	0.420	0	0	0	0.420
PSMD8	RPL11	9606.ENSP00000215071	9606.ENSP00000496250	0	0	0	0	0.251	0	0	0.286	0.443
PSMD8	RPS16	9606.ENSP00000215071	9606.ENSP00000367806	0	0	0	0	0.402	0	0	0.117	0.449
PSMD8	PSMF1	9606.ENSP00000215071	9606.ENSP00000338039	0	0	0	0	0.290	0	0	0.441	0.587
PSMD8	PSME2	9606.ENSP00000215071	9606.ENSP00000216802	0	0	0	0	0.072	0.049	0.360	0.377	0.601
PSMD8	RPLP2	9606.ENSP00000215071	9606.ENSP00000431240	0	0	0	0	0.166	0	0	0.586	0.639
PSMD8	PSME1	9606.ENSP00000215071	9606.ENSP00000372155	0	0	0	0	0.066	0.096	0.360	0.439	0.656
PSMD8	PSME4	9606.ENSP00000215071	9606.ENSP00000384211	0	0	0	0	0.047	0	0	0.657	0.659
PSMD8	PSME3	9606.ENSP00000215071	9606.ENSP00000293362	0	0	0	0	0.311	0.587	0.360	0.586	0.914
PSMD8	UBA52	9606.ENSP00000215071	9606.ENSP00000388107	0	0	0	0	0.151	0.856	0.500	0.081	0.936
PSMD8	RPS27A	9606.ENSP00000215071	9606.ENSP00000272317	0	0	0	0	0.221	0.896	0.500	0.217	0.964
PSMD8	PSMD9	9606.ENSP00000215071	9606.ENSP00000440485	0	0	0	0	0.228	0.750	0.720	0.685	0.980
PSMD8	SEM1	9606.ENSP00000215071	9606.ENSP00000481021	0	0	0	0	0.066	0.510	0.360	0.982	0.994
PSMD9	PSME2	9606.ENSP00000440485	9606.ENSP00000216802	0	0	0	0	0.082	0.096	0.360	0.314	0.587
PSMD9	RPS27A	9606.ENSP00000440485	9606.ENSP00000272317	0	0	0	0	0.075	0.069	0.500	0.090	0.555
PSMD9	PSME3	9606.ENSP00000440485	9606.ENSP00000293362	0	0	0	0	0.099	0.091	0.360	0.322	0.597
PSMD9	RPS15A	9606.ENSP00000440485	9606.ENSP00000318646	0	0	0	0	0.067	0.343	0	0.168	0.446
PSMD9	PSMF1	9606.ENSP00000440485	9606.ENSP00000338039	0	0	0	0	0.121	0.095	0	0.493	0.562
PSMD9	RPS16	9606.ENSP00000440485	9606.ENSP00000367806	0.042	0	0	0	0.097	0.354	0	0.115	0.439
PSMD9	PSME1	9606.ENSP00000440485	9606.ENSP00000372155	0	0	0	0	0.056	0.099	0.360	0.227	0.522
PSMD9	PSME4	9606.ENSP00000440485	9606.ENSP00000384211	0	0	0	0	0.081	0	0	0.566	0.585
PSMD9	RPS14	9606.ENSP00000440485	9606.ENSP00000385958	0.060	0	0	0	0.097	0.510	0	0.093	0.572
PSMD9	UBA52	9606.ENSP00000440485	9606.ENSP00000388107	0	0	0	0	0.076	0	0.500	0.064	0.530
PSMD9	RPS18	9606.ENSP00000440485	9606.ENSP00000393241	0.096	0	0	0	0.067	0.368	0	0	0.421
PSMD9	RPL23	9606.ENSP00000440485	9606.ENSP00000420311	0	0	0	0	0.105	0.365	0	0.164	0.483
PSMD9	RPS20	9606.ENSP00000440485	9606.ENSP00000429374	0	0	0	0	0.105	0.292	0	0.136	0.405
PSMD9	RPL11	9606.ENSP00000440485	9606.ENSP00000496250	0	0	0	0	0.107	0.292	0	0.181	0.437
PSMD9	RPS5	9606.ENSP00000440485	9606.ENSP00000472985	0.045	0	0	0	0.080	0.355	0	0.147	0.453
PSMD9	SEM1	9606.ENSP00000440485	9606.ENSP00000481021	0	0	0	0	0	0.292	0.360	0.305	0.657
PSME1	PSME2	9606.ENSP00000372155	9606.ENSP00000216802	0	0	0.085	0.908	0.913	0.989	0.900	0.984	0.999
PSME1	RPS27A	9606.ENSP00000372155	9606.ENSP00000272317	0	0	0	0	0.119	0	0.500	0.159	0.597
PSME1	PSME3	9606.ENSP00000372155	9606.ENSP00000293362	0	0	0.104	0.866	0.048	0.095	0.900	0.618	0.965
PSME1	PSMF1	9606.ENSP00000372155	9606.ENSP00000338039	0	0	0	0	0.050	0	0	0.447	0.452
PSME1	SEM1	9606.ENSP00000372155	9606.ENSP00000481021	0	0	0	0	0.054	0.445	0.360	0.125	0.666
PSME1	UBA52	9606.ENSP00000372155	9606.ENSP00000388107	0	0	0	0	0.084	0	0.500	0.445	0.723
PSME1	PSME4	9606.ENSP00000372155	9606.ENSP00000384211	0	0	0	0	0.044	0.471	0	0.715	0.843
PSME2	RPS27A	9606.ENSP00000216802	9606.ENSP00000272317	0	0	0	0	0.112	0	0.500	0.087	0.559
PSME2	SEM1	9606.ENSP00000216802	9606.ENSP00000481021	0	0	0	0	0.117	0.292	0.360	0.091	0.587
PSME2	PSME4	9606.ENSP00000216802	9606.ENSP00000384211	0	0	0	0	0.049	0	0	0.631	0.634
PSME2	UBA52	9606.ENSP00000216802	9606.ENSP00000388107	0	0	0	0	0.062	0	0.500	0.403	0.695
PSME2	PSME3	9606.ENSP00000216802	9606.ENSP00000293362	0	0	0.106	0.849	0.055	0.096	0.900	0.151	0.923
PSME3	RPS27A	9606.ENSP00000293362	9606.ENSP00000272317	0	0	0	0	0.126	0	0.500	0	0.544
PSME3	UBA52	9606.ENSP00000293362	9606.ENSP00000388107	0	0	0	0	0.049	0	0.500	0.088	0.528
PSME3	SEM1	9606.ENSP00000293362	9606.ENSP00000481021	0	0	0	0	0	0.292	0.360	0.220	0.615
PSME3	PSMF1	9606.ENSP00000293362	9606.ENSP00000338039	0	0	0	0	0.222	0	0	0.763	0.807
PSME3	PSME4	9606.ENSP00000293362	9606.ENSP00000384211	0	0	0	0	0.063	0	0	0.870	0.873
PSME4	RPS27A	9606.ENSP00000384211	9606.ENSP00000272317	0	0	0	0	0.047	0.069	0.500	0.088	0.541
PSME4	PSMF1	9606.ENSP00000384211	9606.ENSP00000338039	0	0	0	0	0.083	0	0	0.818	0.826
PSME4	UBA52	9606.ENSP00000384211	9606.ENSP00000388107	0	0	0	0	0.049	0	0.500	0.063	0.515
PSME4	SEM1	9606.ENSP00000384211	9606.ENSP00000481021	0	0	0	0	0	0.453	0	0.348	0.628
PSMF1	RPS27A	9606.ENSP00000338039	9606.ENSP00000272317	0	0	0	0	0.060	0.065	0.500	0.060	0.531
PSMF1	SEM1	9606.ENSP00000338039	9606.ENSP00000481021	0	0	0	0	0	0.292	0	0.245	0.442
PSMF1	UBA52	9606.ENSP00000338039	9606.ENSP00000388107	0	0	0	0	0.097	0	0.500	0.088	0.552
PSPH	PYCR3	9606.ENSP00000378854	9606.ENSP00000220966	0.041	0	0	0	0.042	0	0	0.421	0.422
PSPH	SHMT1	9606.ENSP00000378854	9606.ENSP00000318868	0.119	0	0	0	0.068	0.094	0.978	0.806	0.996
PSPH	SUOX	9606.ENSP00000378854	9606.ENSP00000377668	0	0	0	0	0.060	0	0	0.448	0.459
PSPH	PYCR1	9606.ENSP00000378854	9606.ENSP00000384949	0.041	0	0	0	0.075	0	0	0.551	0.567
PSTK	SARS1	9606.ENSP00000384653	9606.ENSP00000358939	0	0	0	0	0	0	0.900	0.990	0.999
PSTK	SECISBP2	9606.ENSP00000384653	9606.ENSP00000364965	0	0	0	0	0.042	0	0	0.886	0.886
PSTK	SEPSECS	9606.ENSP00000384653	9606.ENSP00000371535	0	0	0	0	0.067	0	0.900	0.993	0.999
PSTK	TXNRD1	9606.ENSP00000384653	9606.ENSP00000434516	0	0	0	0	0.044	0	0	0.436	0.438
PSTK	RPL30	9606.ENSP00000384653	9606.ENSP00000428085	0	0	0	0	0	0	0	0.506	0.506
PSTK	SCLY	9606.ENSP00000384653	9606.ENSP00000499199	0	0	0	0	0.049	0	0	0.710	0.713
PYCR1	PYCR3	9606.ENSP00000384949	9606.ENSP00000220966	0	0	0.086	0.909	0.075	0.827	0.900	0.108	0.984
PYCR1	SHMT1	9606.ENSP00000384949	9606.ENSP00000318868	0.057	0	0	0	0.054	0	0	0.403	0.421
PYCR1	PYCR2	9606.ENSP00000384949	9606.ENSP00000342502	0	0	0.050	0.981	0.138	0.837	0.900	0.399	0.990
PYCR1	SRM	9606.ENSP00000384949	9606.ENSP00000366156	0.068	0	0	0	0.140	0	0	0.417	0.492
PYCR1	SMS	9606.ENSP00000384949	9606.ENSP00000385746	0.068	0	0	0	0.067	0	0	0.415	0.447
PYCR2	PYCR3	9606.ENSP00000342502	9606.ENSP00000220966	0	0	0.088	0.905	0.049	0.787	0.900	0.120	0.980
QARS1	RPL18A	9606.ENSP00000307567	9606.ENSP00000222247	0	0	0	0	0.472	0.624	0	0.142	0.815
QARS1	RPL19	9606.ENSP00000307567	9606.ENSP00000225430	0	0	0	0	0.526	0.661	0	0.214	0.863
QARS1	RPS12	9606.ENSP00000307567	9606.ENSP00000230050	0.057	0	0	0	0.401	0.324	0	0.051	0.589
QARS1	RARS1	9606.ENSP00000307567	9606.ENSP00000231572	0.073	0	0	0	0.295	0.994	0.900	0.996	0.999
QARS1	RPS4Y1	9606.ENSP00000307567	9606.ENSP00000250784	0	0	0	0	0.360	0.453	0	0.090	0.653
QARS1	RPL35	9606.ENSP00000307567	9606.ENSP00000259469	0	0	0	0	0.530	0.624	0	0.205	0.847
QARS1	RPL8	9606.ENSP00000307567	9606.ENSP00000262584	0	0	0	0	0.517	0.453	0	0.166	0.760
QARS1	RPL3L	9606.ENSP00000307567	9606.ENSP00000268661	0	0	0	0	0.244	0.453	0	0.166	0.624
QARS1	RPS11	9606.ENSP00000307567	9606.ENSP00000270625	0	0	0	0	0.699	0.624	0	0.250	0.907
QARS1	RPS27A	9606.ENSP00000307567	9606.ENSP00000272317	0	0	0	0	0.138	0.290	0	0.104	0.404
QARS1	RPL37	9606.ENSP00000307567	9606.ENSP00000274242	0	0	0	0	0.212	0.255	0	0.070	0.407
QARS1	RPS3	9606.ENSP00000307567	9606.ENSP00000278572	0	0	0	0	0.564	0.624	0	0.310	0.877
QARS1	RPL29	9606.ENSP00000307567	9606.ENSP00000294189	0	0	0	0	0.660	0.624	0	0.260	0.897
QARS1	RPS23	9606.ENSP00000307567	9606.ENSP00000296674	0	0	0	0	0.479	0.498	0	0.172	0.764
QARS1	RPL10L	9606.ENSP00000307567	9606.ENSP00000298283	0	0	0	0	0.151	0.406	0	0.141	0.529
QARS1	RPL32	9606.ENSP00000307567	9606.ENSP00000416429	0	0	0	0	0.328	0.300	0	0.124	0.552
QARS1	RPL27A	9606.ENSP00000307567	9606.ENSP00000346015	0	0	0	0	0.358	0.364	0	0.126	0.613
QARS1	RPL7A	9606.ENSP00000307567	9606.ENSP00000361076	0.057	0	0	0	0.374	0.394	0	0.051	0.615
QARS1	RPL14	9606.ENSP00000307567	9606.ENSP00000379506	0	0	0	0	0.304	0.419	0	0.188	0.643
QARS1	RPL6	9606.ENSP00000307567	9606.ENSP00000403172	0	0	0	0	0.339	0.419	0	0.168	0.652
QARS1	RPS4Y2	9606.ENSP00000307567	9606.ENSP00000486252	0	0	0	0	0.359	0.453	0	0.090	0.653
QARS1	RPS15A	9606.ENSP00000307567	9606.ENSP00000318646	0	0	0	0	0.454	0.310	0	0.154	0.653
QARS1	RPL22L1	9606.ENSP00000307567	9606.ENSP00000346080	0	0	0	0	0.260	0.498	0	0.156	0.659
QARS1	RPL12	9606.ENSP00000307567	9606.ENSP00000354739	0.057	0	0	0	0.369	0.406	0	0.155	0.661
QARS1	RPSA	9606.ENSP00000307567	9606.ENSP00000389351	0.059	0	0	0	0.353	0.406	0	0.184	0.665
QARS1	RPL7	9606.ENSP00000307567	9606.ENSP00000339795	0	0	0	0	0.361	0.419	0	0.174	0.667
QARS1	RPL10	9606.ENSP00000307567	9606.ENSP00000413436	0	0	0	0	0.326	0.476	0	0.141	0.670
QARS1	RPL27	9606.ENSP00000307567	9606.ENSP00000464813	0	0	0	0	0.320	0.477	0	0.149	0.671
QARS1	RPS27L	9606.ENSP00000307567	9606.ENSP00000331019	0	0	0	0	0.317	0.498	0	0.159	0.686
QARS1	RPL22	9606.ENSP00000307567	9606.ENSP00000346088	0	0	0	0	0.354	0.498	0	0.156	0.702
QARS1	RPL26L1	9606.ENSP00000307567	9606.ENSP00000428223	0	0	0	0	0.363	0.508	0	0.163	0.715
QARS1	RPS4X	9606.ENSP00000307567	9606.ENSP00000362744	0	0	0	0	0.477	0.453	0	0.090	0.717
QARS1	RPL36A	9606.ENSP00000307567	9606.ENSP00000404375	0	0	0	0	0.411	0.453	0	0.205	0.721
QARS1	RPS2	9606.ENSP00000307567	9606.ENSP00000341885	0	0	0	0	0.321	0.498	0	0.254	0.723
QARS1	RPL26	9606.ENSP00000307567	9606.ENSP00000463784	0	0	0	0	0.464	0.453	0	0.163	0.733
QARS1	RPL17	9606.ENSP00000307567	9606.ENSP00000463842	0	0	0	0	0.482	0.453	0	0.157	0.740
QARS1	RPS10	9606.ENSP00000307567	9606.ENSP00000481646	0	0	0	0	0.470	0.498	0	0.104	0.741
QARS1	RPS9	9606.ENSP00000307567	9606.ENSP00000375632	0.078	0	0	0	0.398	0.498	0	0.194	0.745
QARS1	RPL3	9606.ENSP00000307567	9606.ENSP00000346001	0	0	0	0	0.477	0.453	0	0.192	0.749
QARS1	RPS27	9606.ENSP00000307567	9606.ENSP00000499044	0	0	0	0	0.459	0.498	0	0.159	0.751
QARS1	RPLP0	9606.ENSP00000307567	9606.ENSP00000449328	0	0	0	0	0.379	0.544	0	0.210	0.757
QARS1	RPS20	9606.ENSP00000307567	9606.ENSP00000429374	0.042	0	0	0	0.450	0.498	0	0.202	0.761
QARS1	RPL4	9606.ENSP00000307567	9606.ENSP00000311430	0.061	0	0	0	0.511	0.453	0	0.166	0.762
QARS1	RPL10A	9606.ENSP00000307567	9606.ENSP00000363018	0.060	0	0	0	0.503	0.453	0	0.182	0.763
QARS1	RPS29	9606.ENSP00000307567	9606.ENSP00000379339	0	0	0	0	0.530	0.453	0	0.166	0.767
QARS1	UBA52	9606.ENSP00000307567	9606.ENSP00000388107	0	0	0	0	0.337	0.624	0	0.146	0.768
QARS1	RPL36AL	9606.ENSP00000307567	9606.ENSP00000346012	0	0	0	0	0.474	0.453	0	0.259	0.768
QARS1	RPS13	9606.ENSP00000307567	9606.ENSP00000435777	0.057	0	0	0	0.475	0.453	0.140	0.162	0.769
QARS1	RPS5	9606.ENSP00000307567	9606.ENSP00000472985	0	0	0	0	0.537	0.453	0	0.166	0.770
QARS1	RPL9	9606.ENSP00000307567	9606.ENSP00000494697	0	0	0	0	0.479	0.498	0	0.194	0.770
QARS1	RPS14	9606.ENSP00000307567	9606.ENSP00000385958	0.060	0	0	0	0.530	0.453	0	0.166	0.771
QARS1	RPLP2	9606.ENSP00000307567	9606.ENSP00000431240	0	0	0	0	0.537	0.522	0	0.091	0.781
QARS1	RPS17	9606.ENSP00000307567	9606.ENSP00000498019	0	0	0	0	0.407	0.624	0	0.104	0.782
QARS1	RPL18	9606.ENSP00000307567	9606.ENSP00000447001	0.096	0	0	0	0.379	0.624	0	0.135	0.793
QARS1	RPS16	9606.ENSP00000307567	9606.ENSP00000367806	0.061	0	0	0	0.501	0.535	0	0.178	0.797
QARS1	RPL28	9606.ENSP00000307567	9606.ENSP00000452763	0	0	0	0	0.416	0.624	0	0.153	0.798
QARS1	RPS26	9606.ENSP00000307567	9606.ENSP00000348849	0.103	0	0	0	0.476	0.624	0	0.116	0.823
QARS1	RPL13	9606.ENSP00000307567	9606.ENSP00000307889	0	0	0	0	0.456	0.663	0	0.116	0.824
QARS1	RPS7	9606.ENSP00000307567	9606.ENSP00000495273	0	0	0	0	0.550	0.624	0	0.066	0.828
QARS1	RPS6	9606.ENSP00000307567	9606.ENSP00000369757	0	0	0	0	0.491	0.624	0	0.188	0.831
QARS1	RPS28	9606.ENSP00000307567	9606.ENSP00000472469	0.060	0	0	0	0.483	0.624	0	0.193	0.833
QARS1	RPL35A	9606.ENSP00000307567	9606.ENSP00000495672	0	0	0	0	0.544	0.624	0	0.155	0.842
QARS1	RPLP1	9606.ENSP00000307567	9606.ENSP00000346037	0	0	0	0	0.660	0.517	0	0.154	0.849
QARS1	SARS1	9606.ENSP00000307567	9606.ENSP00000358939	0	0	0	0	0.256	0	0	0.809	0.852
QARS1	RPL24	9606.ENSP00000307567	9606.ENSP00000377640	0.057	0	0	0	0.600	0.624	0	0.102	0.855
QARS1	RPS8	9606.ENSP00000307567	9606.ENSP00000379888	0	0	0	0	0.579	0.624	0	0.157	0.855
QARS1	RPS25	9606.ENSP00000307567	9606.ENSP00000435096	0	0	0	0	0.564	0.624	0	0.187	0.855
QARS1	RPL37A	9606.ENSP00000307567	9606.ENSP00000418082	0	0	0	0	0.555	0.624	0	0.222	0.858
QARS1	RPL11	9606.ENSP00000307567	9606.ENSP00000496250	0	0	0	0	0.529	0.624	0	0.265	0.858
QARS1	RPL34	9606.ENSP00000307567	9606.ENSP00000378163	0	0	0	0	0.582	0.624	0	0.171	0.858
QARS1	RPS19	9606.ENSP00000307567	9606.ENSP00000470972	0	0	0	0	0.584	0.624	0	0.221	0.867
QARS1	RPS3A	9606.ENSP00000307567	9606.ENSP00000346050	0	0	0	0	0.645	0.624	0	0.116	0.872
QARS1	RPL31	9606.ENSP00000307567	9606.ENSP00000386717	0	0	0	0	0.592	0.624	0	0.235	0.872
QARS1	RPL13A	9606.ENSP00000307567	9606.ENSP00000375730	0.070	0	0	0	0.532	0.453	0	0.534	0.874
QARS1	RPS21	9606.ENSP00000307567	9606.ENSP00000345957	0	0	0	0	0.638	0.624	0	0.167	0.876
QARS1	RPL15	9606.ENSP00000307567	9606.ENSP00000309334	0	0	0	0	0.558	0.663	0	0.240	0.877
QARS1	RPL36	9606.ENSP00000307567	9606.ENSP00000464342	0	0	0	0	0.622	0.663	0	0.164	0.884
QARS1	RPS15	9606.ENSP00000307567	9606.ENSP00000466010	0	0	0	0	0.626	0.624	0	0.257	0.886
QARS1	RPL30	9606.ENSP00000307567	9606.ENSP00000428085	0	0	0	0	0.668	0.624	0	0.208	0.892
QARS1	RPS18	9606.ENSP00000307567	9606.ENSP00000393241	0.092	0	0	0	0.681	0.624	0	0.223	0.904
QARS1	RPL38	9606.ENSP00000307567	9606.ENSP00000309830	0	0	0	0	0.662	0.624	0	0.338	0.908
QARS1	RPS24	9606.ENSP00000307567	9606.ENSP00000414321	0	0	0	0	0.697	0.624	0	0.276	0.910
QARS1	RPL21	9606.ENSP00000307567	9606.ENSP00000346027	0	0	0	0	0.745	0.624	0	0.138	0.910
QARS1	RPL5	9606.ENSP00000307567	9606.ENSP00000359345	0	0	0	0	0.676	0.680	0	0.250	0.915
QARS1	RPL23	9606.ENSP00000307567	9606.ENSP00000420311	0	0	0	0	0.701	0.624	0	0.361	0.921
QARS1	RPL23A	9606.ENSP00000307567	9606.ENSP00000389103	0	0	0	0	0.725	0.658	0	0.238	0.922
QDPR	TPH1	9606.ENSP00000281243	9606.ENSP00000250018	0	0	0.219	0	0	0	0.913	0.602	0.970
QDPR	TPH2	9606.ENSP00000281243	9606.ENSP00000329093	0	0	0.227	0	0	0	0.913	0.257	0.946
QDPR	TH	9606.ENSP00000281243	9606.ENSP00000370571	0	0	0.206	0	0	0	0.913	0.636	0.972
RARS1	RPS15A	9606.ENSP00000231572	9606.ENSP00000318646	0	0	0	0	0.313	0	0	0.164	0.401
RARS1	RPS6	9606.ENSP00000231572	9606.ENSP00000369757	0	0	0	0	0.306	0	0	0.181	0.407
RARS1	RPL35	9606.ENSP00000231572	9606.ENSP00000259469	0	0	0	0	0.295	0	0	0.209	0.418
RARS1	RPSA	9606.ENSP00000231572	9606.ENSP00000389351	0.086	0	0	0	0.250	0	0	0.240	0.434
RARS1	RPS13	9606.ENSP00000231572	9606.ENSP00000435777	0.061	0	0	0	0.283	0	0	0.227	0.434
RARS1	RPL17	9606.ENSP00000231572	9606.ENSP00000463842	0	0	0	0	0.319	0	0	0.221	0.447
RARS1	RPL12	9606.ENSP00000231572	9606.ENSP00000354739	0.052	0	0	0	0.343	0	0	0.195	0.455
RARS1	RPS3A	9606.ENSP00000231572	9606.ENSP00000346050	0	0	0	0	0.364	0	0	0.183	0.458
RARS1	RPL7	9606.ENSP00000231572	9606.ENSP00000339795	0	0	0	0	0.373	0	0	0.185	0.467
RARS1	RPL3	9606.ENSP00000231572	9606.ENSP00000346001	0	0	0	0	0.324	0	0	0.255	0.475
RARS1	RPS15	9606.ENSP00000231572	9606.ENSP00000466010	0	0	0	0	0.240	0	0	0.348	0.483
RARS1	RPL8	9606.ENSP00000231572	9606.ENSP00000262584	0	0	0	0	0.365	0	0	0.220	0.484
RARS1	RPL4	9606.ENSP00000231572	9606.ENSP00000311430	0	0	0	0	0.360	0	0	0.239	0.492
RARS1	RPL23A	9606.ENSP00000231572	9606.ENSP00000389103	0	0	0	0	0.366	0	0	0.238	0.496
RARS1	RPS14	9606.ENSP00000231572	9606.ENSP00000385958	0.055	0	0	0	0.404	0	0	0.196	0.508
RARS1	RPL10A	9606.ENSP00000231572	9606.ENSP00000363018	0	0	0	0	0.384	0	0	0.240	0.512
RARS1	RPL23	9606.ENSP00000231572	9606.ENSP00000420311	0	0	0	0	0.307	0	0	0.349	0.530
RARS1	RPL39	9606.ENSP00000231572	9606.ENSP00000355315	0.073	0	0	0	0.259	0.253	0	0.194	0.531
RARS1	RPS2	9606.ENSP00000231572	9606.ENSP00000341885	0	0	0	0	0.404	0	0	0.248	0.532
RARS1	RPL39L	9606.ENSP00000231572	9606.ENSP00000389356	0.073	0	0	0	0.252	0.253	0	0.209	0.536
RARS1	RPS11	9606.ENSP00000231572	9606.ENSP00000270625	0	0	0	0	0.327	0	0	0.349	0.543
RARS1	RPS23	9606.ENSP00000231572	9606.ENSP00000296674	0.057	0	0	0	0.400	0	0	0.275	0.554
RARS1	RPL9	9606.ENSP00000231572	9606.ENSP00000494697	0	0	0	0	0.441	0	0	0.281	0.581
RARS1	RPS18	9606.ENSP00000231572	9606.ENSP00000393241	0.057	0	0	0	0.371	0	0	0.364	0.590
RARS1	RPS16	9606.ENSP00000231572	9606.ENSP00000367806	0	0	0	0	0.415	0.186	0	0.239	0.605
RARS1	RPL5	9606.ENSP00000231572	9606.ENSP00000359345	0	0	0	0	0.459	0	0	0.348	0.632
RARS1	RPL11	9606.ENSP00000231572	9606.ENSP00000496250	0	0	0	0	0.463	0	0	0.349	0.635
RARS1	RPLP0	9606.ENSP00000231572	9606.ENSP00000449328	0	0	0	0	0.454	0.135	0	0.343	0.663
RARS1	RPL13A	9606.ENSP00000231572	9606.ENSP00000375730	0.074	0	0	0	0.548	0	0	0.285	0.675
RARS1	RPS5	9606.ENSP00000231572	9606.ENSP00000472985	0.048	0	0	0	0.626	0	0	0.240	0.706
RARS1	RPS9	9606.ENSP00000231572	9606.ENSP00000375632	0.085	0	0	0	0.616	0	0	0.281	0.725
RARS1	RPS3	9606.ENSP00000231572	9606.ENSP00000278572	0	0	0	0	0.638	0	0	0.349	0.754
RARS1	SARS1	9606.ENSP00000231572	9606.ENSP00000358939	0.095	0	0	0	0.220	0.134	0	0.903	0.933
RPL10	RPL18A	9606.ENSP00000413436	9606.ENSP00000222247	0	0	0	0	0.999	0.980	0	0.326	0.999
RPL10	RPL19	9606.ENSP00000413436	9606.ENSP00000225430	0	0	0	0	0.999	0.989	0	0.412	0.999
RPL10	RPS12	9606.ENSP00000413436	9606.ENSP00000230050	0.057	0	0	0	0.964	0.985	0	0.256	0.999
RPL10	RPS4Y1	9606.ENSP00000413436	9606.ENSP00000250784	0	0	0	0	0.618	0.911	0	0.198	0.970
RPL10	RPL35	9606.ENSP00000413436	9606.ENSP00000259469	0.106	0	0	0	0.927	0.988	0	0.309	0.999
RPL10	RPL8	9606.ENSP00000413436	9606.ENSP00000262584	0.070	0	0	0	0.967	0.986	0	0.455	0.999
RPL10	RPL3L	9606.ENSP00000413436	9606.ENSP00000268661	0.070	0	0	0	0.688	0.747	0	0.395	0.949
RPL10	RPS11	9606.ENSP00000413436	9606.ENSP00000270625	0.106	0	0	0	0.961	0.981	0	0.394	0.999
RPL10	RPS27A	9606.ENSP00000413436	9606.ENSP00000272317	0	0	0	0	0.920	0.971	0	0.272	0.998
RPL10	RPL37	9606.ENSP00000413436	9606.ENSP00000274242	0	0	0	0	0.825	0.967	0	0.272	0.995
RPL10	RPS3	9606.ENSP00000413436	9606.ENSP00000278572	0.106	0	0	0	0.999	0.986	0	0.502	0.999
RPL10	RPL29	9606.ENSP00000413436	9606.ENSP00000294189	0	0	0	0	0.930	0.970	0	0.252	0.998
RPL10	RPS23	9606.ENSP00000413436	9606.ENSP00000296674	0.086	0	0	0	0.965	0.986	0	0.410	0.999
RPL10	RPL10L	9606.ENSP00000413436	9606.ENSP00000298283	0	0	0.048	0.985	0.214	0.183	0.900	0.047	0.931
RPL10	RPL13	9606.ENSP00000413436	9606.ENSP00000307889	0	0	0	0	0.968	0.990	0	0.445	0.999
RPL10	RPL15	9606.ENSP00000413436	9606.ENSP00000309334	0	0	0	0	0.962	0.981	0	0.214	0.999
RPL10	RPL38	9606.ENSP00000413436	9606.ENSP00000309830	0	0	0	0	0.951	0.986	0	0.276	0.999
RPL10	RPL4	9606.ENSP00000413436	9606.ENSP00000311430	0.070	0	0	0	0.956	0.988	0	0.480	0.999
RPL10	RPS15A	9606.ENSP00000413436	9606.ENSP00000318646	0.057	0	0	0	0.896	0.964	0	0.272	0.997
RPL10	RPS27L	9606.ENSP00000413436	9606.ENSP00000331019	0	0	0	0	0.557	0.748	0	0.166	0.898
RPL10	RPL7	9606.ENSP00000413436	9606.ENSP00000339795	0.061	0	0	0	0.936	0.982	0	0.445	0.999
RPL10	RPS2	9606.ENSP00000413436	9606.ENSP00000341885	0.086	0	0	0	0.959	0.986	0	0.415	0.999
RPL10	RPS21	9606.ENSP00000413436	9606.ENSP00000345957	0	0	0	0	0.921	0.977	0	0.337	0.998
RPL10	RPL3	9606.ENSP00000413436	9606.ENSP00000346001	0.070	0	0	0	0.929	0.987	0	0.489	0.999
RPL10	RPL36AL	9606.ENSP00000413436	9606.ENSP00000346012	0.042	0	0	0	0.659	0.912	0	0.223	0.974
RPL10	RPL27A	9606.ENSP00000413436	9606.ENSP00000346015	0.053	0	0	0	0.959	0.987	0	0.377	0.999
RPL10	RPL21	9606.ENSP00000413436	9606.ENSP00000346027	0.069	0	0	0	0.997	0.986	0	0.194	0.999
RPL10	RPLP1	9606.ENSP00000413436	9606.ENSP00000346037	0	0	0	0	0.999	0.883	0	0.311	0.999
RPL10	RPS3A	9606.ENSP00000413436	9606.ENSP00000346050	0.044	0	0	0	0.999	0.986	0	0.219	0.999
RPL10	RPL22L1	9606.ENSP00000413436	9606.ENSP00000346080	0	0	0	0	0.274	0.748	0	0.205	0.841
RPL10	RPL22	9606.ENSP00000413436	9606.ENSP00000346088	0	0	0	0	0.610	0.978	0	0.449	0.994
RPL10	RPS26	9606.ENSP00000413436	9606.ENSP00000348849	0	0	0	0	0.926	0.986	0	0.316	0.999
RPL10	RPL12	9606.ENSP00000413436	9606.ENSP00000354739	0.059	0	0	0	0.892	0.986	0	0.641	0.999
RPL10	RPL39	9606.ENSP00000413436	9606.ENSP00000355315	0	0	0	0	0.878	0.947	0	0.356	0.995
RPL10	RPL5	9606.ENSP00000413436	9606.ENSP00000359345	0.106	0	0	0	0.959	0.986	0	0.522	0.999
RPL10	RPL7A	9606.ENSP00000413436	9606.ENSP00000361076	0.057	0	0	0	0.958	0.986	0	0.648	0.999
RPL10	RPS4X	9606.ENSP00000413436	9606.ENSP00000362744	0	0	0	0	0.911	0.963	0	0.278	0.997
RPL10	RPL10A	9606.ENSP00000413436	9606.ENSP00000363018	0.070	0	0	0	0.928	0.969	0	0.461	0.998
RPL10	SECISBP2	9606.ENSP00000413436	9606.ENSP00000364965	0	0	0	0	0.076	0.801	0	0.087	0.817
RPL10	RPS16	9606.ENSP00000413436	9606.ENSP00000367806	0.070	0	0	0	0.965	0.988	0	0.302	0.999
RPL10	RPS6	9606.ENSP00000413436	9606.ENSP00000369757	0	0	0	0	0.999	0.980	0	0.403	0.999
RPL10	RPS9	9606.ENSP00000413436	9606.ENSP00000375632	0.086	0	0	0	0.939	0.982	0	0.441	0.999
RPL10	RPL13A	9606.ENSP00000413436	9606.ENSP00000375730	0.070	0	0	0	0.999	0.984	0.500	0.214	0.999
RPL10	RPL24	9606.ENSP00000413436	9606.ENSP00000377640	0	0	0	0	0.947	0.981	0	0.474	0.999
RPL10	RPL34	9606.ENSP00000413436	9606.ENSP00000378163	0	0	0	0	0.935	0.967	0	0.436	0.998
RPL10	RPS29	9606.ENSP00000413436	9606.ENSP00000379339	0.070	0	0	0	0.943	0.970	0	0.226	0.998
RPL10	RPL14	9606.ENSP00000413436	9606.ENSP00000379506	0.061	0	0	0	0.999	0.986	0	0.274	0.999
RPL10	RPS8	9606.ENSP00000413436	9606.ENSP00000379888	0	0	0	0	0.967	0.981	0	0.411	0.999
RPL10	RPS14	9606.ENSP00000413436	9606.ENSP00000385958	0.070	0	0	0	0.999	0.969	0	0.279	0.999
RPL10	RPL31	9606.ENSP00000413436	9606.ENSP00000386717	0	0	0	0	0.999	0.986	0	0.164	0.999
RPL10	UBA52	9606.ENSP00000413436	9606.ENSP00000388107	0	0	0	0	0.904	0.967	0	0.202	0.997
RPL10	RPL23A	9606.ENSP00000413436	9606.ENSP00000389103	0.106	0	0	0	0.962	0.986	0	0.422	0.999
RPL10	RPSA	9606.ENSP00000413436	9606.ENSP00000389351	0.050	0	0	0	0.960	0.986	0	0.258	0.999
RPL10	RPL39L	9606.ENSP00000413436	9606.ENSP00000389356	0	0	0	0	0.547	0.749	0	0.223	0.903
RPL10	RPS18	9606.ENSP00000413436	9606.ENSP00000393241	0.106	0	0	0	0.958	0.981	0	0.407	0.999
RPL10	RPL6	9606.ENSP00000413436	9606.ENSP00000403172	0.061	0	0	0	0.959	0.985	0	0.498	0.999
RPL10	RPL36A	9606.ENSP00000413436	9606.ENSP00000404375	0.042	0	0	0	0.667	0.912	0	0.340	0.979
RPL10	RPL41	9606.ENSP00000413436	9606.ENSP00000449026	0	0	0	0	0.179	0.429	0	0.165	0.574
RPL10	RPS4Y2	9606.ENSP00000413436	9606.ENSP00000486252	0	0	0	0	0.618	0.578	0	0.198	0.859
RPL10	RPL26L1	9606.ENSP00000413436	9606.ENSP00000428223	0.070	0	0	0	0.661	0.970	0	0.242	0.992
RPL10	RPLP2	9606.ENSP00000413436	9606.ENSP00000431240	0	0	0	0	0.930	0.873	0	0.288	0.993
RPL10	RPS28	9606.ENSP00000413436	9606.ENSP00000472469	0	0	0	0	0.897	0.966	0	0.300	0.997
RPL10	RPL17	9606.ENSP00000413436	9606.ENSP00000463842	0.070	0	0	0	0.933	0.954	0	0.357	0.997
RPL10	RPL28	9606.ENSP00000413436	9606.ENSP00000452763	0	0	0	0	0.929	0.967	0	0.473	0.998
RPL10	RPS24	9606.ENSP00000413436	9606.ENSP00000414321	0	0	0	0	0.929	0.977	0	0.116	0.998
RPL10	RPL36	9606.ENSP00000413436	9606.ENSP00000464342	0	0	0	0	0.930	0.980	0	0.298	0.998
RPL10	RPS17	9606.ENSP00000413436	9606.ENSP00000498019	0	0	0	0	0.852	0.979	0	0.384	0.998
RPL10	RPL26	9606.ENSP00000413436	9606.ENSP00000463784	0.070	0	0	0	0.921	0.970	0	0.242	0.998
RPL10	RPL35A	9606.ENSP00000413436	9606.ENSP00000495672	0.092	0	0	0	0.960	0.977	0	0.188	0.999
RPL10	RPS27	9606.ENSP00000413436	9606.ENSP00000499044	0	0	0	0	0.993	0.973	0	0.288	0.999
RPL10	RPLP0	9606.ENSP00000413436	9606.ENSP00000449328	0.086	0	0	0	0.961	0.977	0	0.495	0.999
RPL10	RPL32	9606.ENSP00000413436	9606.ENSP00000416429	0	0	0	0	0.961	0.970	0	0.249	0.999
RPL10	RPL27	9606.ENSP00000413436	9606.ENSP00000464813	0.061	0	0	0	0.964	0.982	0	0.284	0.999
RPL10	RPS13	9606.ENSP00000413436	9606.ENSP00000435777	0	0	0	0	0.965	0.986	0	0.363	0.999
RPL10	RPL18	9606.ENSP00000413436	9606.ENSP00000447001	0	0	0	0	0.999	0.986	0	0.409	0.999
RPL10	RPL9	9606.ENSP00000413436	9606.ENSP00000494697	0.086	0	0.227	0	0.959	0.986	0	0.556	0.999
RPL10	RPL11	9606.ENSP00000413436	9606.ENSP00000496250	0.106	0	0	0	0.960	0.989	0	0.519	0.999
RPL10	RPS10	9606.ENSP00000413436	9606.ENSP00000481646	0	0	0	0	0.931	0.978	0	0.422	0.999
RPL10	RPL23	9606.ENSP00000413436	9606.ENSP00000420311	0.106	0	0	0	0.961	0.986	0	0.507	0.999
RPL10	RPS19	9606.ENSP00000413436	9606.ENSP00000470972	0	0	0	0	0.971	0.983	0	0.265	0.999
RPL10	RPL30	9606.ENSP00000413436	9606.ENSP00000428085	0	0.668	0	0	0.966	0.986	0	0.301	0.999
RPL10	RPS5	9606.ENSP00000413436	9606.ENSP00000472985	0.070	0	0	0	0.961	0.977	0	0.330	0.999
RPL10	RPS7	9606.ENSP00000413436	9606.ENSP00000495273	0	0	0	0	0.959	0.986	0	0.192	0.999
RPL10	RPS20	9606.ENSP00000413436	9606.ENSP00000429374	0.086	0	0	0	0.961	0.982	0	0.387	0.999
RPL10	RPS25	9606.ENSP00000413436	9606.ENSP00000435096	0	0	0	0	0.957	0.981	0	0.342	0.999
RPL10	RPS15	9606.ENSP00000413436	9606.ENSP00000466010	0.106	0	0	0	0.983	0.979	0	0.463	0.999
RPL10	RPL37A	9606.ENSP00000413436	9606.ENSP00000418082	0	0	0	0	0.934	0.979	0	0.349	0.999
RPL10A	RPL18A	9606.ENSP00000363018	9606.ENSP00000222247	0.115	0	0	0	0.960	0.986	0.900	0.545	0.999
RPL10A	RPL19	9606.ENSP00000363018	9606.ENSP00000225430	0	0	0	0	0.960	0.986	0.900	0.641	0.999
RPL10A	RPS12	9606.ENSP00000363018	9606.ENSP00000230050	0.059	0	0	0	0.973	0.986	0	0.191	0.999
RPL10A	RPS4Y1	9606.ENSP00000363018	9606.ENSP00000250784	0	0	0	0	0.655	0.917	0	0.525	0.985
RPL10A	RPL35	9606.ENSP00000363018	9606.ENSP00000259469	0.115	0	0	0	0.955	0.983	0	0.685	0.999
RPL10A	RPL8	9606.ENSP00000363018	9606.ENSP00000262584	0.091	0	0	0	0.958	0.986	0.900	0.666	0.999
RPL10A	RPL3L	9606.ENSP00000363018	9606.ENSP00000268661	0.091	0	0	0	0.653	0.747	0	0.221	0.929
RPL10A	RPS11	9606.ENSP00000363018	9606.ENSP00000270625	0.115	0	0	0	0.961	0.985	0	0.589	0.999
RPL10A	RPS27A	9606.ENSP00000363018	9606.ENSP00000272317	0	0	0	0	0.926	0.973	0	0.271	0.998
RPL10A	RPL37	9606.ENSP00000363018	9606.ENSP00000274242	0	0	0	0	0.833	0.967	0	0.483	0.996
RPL10A	RPS3	9606.ENSP00000363018	9606.ENSP00000278572	0.115	0	0	0	0.961	0.985	0	0.547	0.999
RPL10A	RPL29	9606.ENSP00000363018	9606.ENSP00000294189	0	0	0	0	0.929	0.973	0	0.482	0.998
RPL10A	RPS23	9606.ENSP00000363018	9606.ENSP00000296674	0.102	0	0	0	0.960	0.986	0.900	0.600	0.999
RPL10A	RPL10L	9606.ENSP00000363018	9606.ENSP00000298283	0.070	0	0	0	0.696	0.977	0	0.506	0.996
RPL10A	RPL13	9606.ENSP00000363018	9606.ENSP00000307889	0	0	0	0	0.960	0.988	0	0.285	0.999
RPL10A	RPL15	9606.ENSP00000363018	9606.ENSP00000309334	0	0	0	0	0.960	0.990	0	0.474	0.999
RPL10A	RPL38	9606.ENSP00000363018	9606.ENSP00000309830	0	0	0	0	0.905	0.979	0.900	0.775	0.999
RPL10A	RPL4	9606.ENSP00000363018	9606.ENSP00000311430	0.091	0	0	0	0.960	0.988	0	0.603	0.999
RPL10A	RPS15A	9606.ENSP00000363018	9606.ENSP00000318646	0.058	0	0	0	0.908	0.949	0	0.466	0.997
RPL10A	RPS27L	9606.ENSP00000363018	9606.ENSP00000331019	0	0	0	0	0.624	0.823	0	0.279	0.948
RPL10A	RPL7	9606.ENSP00000363018	9606.ENSP00000339795	0.078	0	0	0	0.927	0.970	0	0.649	0.999
RPL10A	RPS2	9606.ENSP00000363018	9606.ENSP00000341885	0.102	0	0	0	0.957	0.985	0	0.539	0.999
RPL10A	RPS21	9606.ENSP00000363018	9606.ENSP00000345957	0	0	0	0	0.955	0.973	0.900	0.435	0.999
RPL10A	RPL3	9606.ENSP00000363018	9606.ENSP00000346001	0.091	0	0	0	0.920	0.978	0	0.575	0.999
RPL10A	RPL36AL	9606.ENSP00000363018	9606.ENSP00000346012	0	0	0	0	0.839	0.965	0	0.506	0.997
RPL10A	RPL27A	9606.ENSP00000363018	9606.ENSP00000346015	0.056	0	0	0	0.958	0.979	0	0.672	0.999
RPL10A	RPL21	9606.ENSP00000363018	9606.ENSP00000346027	0	0	0	0	0.961	0.986	0	0.517	0.999
RPL10A	RPLP1	9606.ENSP00000363018	9606.ENSP00000346037	0.115	0	0	0	0.958	0.970	0	0.681	0.999
RPL10A	RPS3A	9606.ENSP00000363018	9606.ENSP00000346050	0	0	0	0	0.966	0.986	0	0.571	0.999
RPL10A	RPL22L1	9606.ENSP00000363018	9606.ENSP00000346080	0	0	0	0	0.422	0.747	0	0.522	0.924
RPL10A	RPL22	9606.ENSP00000363018	9606.ENSP00000346088	0	0	0	0	0.846	0.978	0	0.676	0.998
RPL10A	RPS26	9606.ENSP00000363018	9606.ENSP00000348849	0	0	0	0	0.950	0.986	0.900	0.533	0.999
RPL10A	RPL12	9606.ENSP00000363018	9606.ENSP00000354739	0.070	0	0	0	0.940	0.984	0	0.707	0.999
RPL10A	RPL39	9606.ENSP00000363018	9606.ENSP00000355315	0.060	0	0	0	0.897	0.947	0.900	0.406	0.999
RPL10A	RPL5	9606.ENSP00000363018	9606.ENSP00000359345	0.115	0	0	0	0.961	0.985	0	0.596	0.999
RPL10A	RPL7A	9606.ENSP00000363018	9606.ENSP00000361076	0.059	0	0	0	0.959	0.989	0.720	0.713	0.999
RPL10A	RPS4X	9606.ENSP00000363018	9606.ENSP00000362744	0	0	0	0	0.926	0.947	0	0.502	0.997
RPL10A	SRM	9606.ENSP00000363018	9606.ENSP00000366156	0	0	0	0	0.411	0	0	0.064	0.425
RPL10A	SECISBP2	9606.ENSP00000363018	9606.ENSP00000364965	0	0	0	0	0.056	0.800	0	0.044	0.803
RPL10A	RPS4Y2	9606.ENSP00000363018	9606.ENSP00000486252	0	0	0	0	0.654	0.579	0	0.264	0.883
RPL10A	RPL39L	9606.ENSP00000363018	9606.ENSP00000389356	0.060	0	0	0	0.578	0.747	0	0.398	0.931
RPL10A	RPL41	9606.ENSP00000363018	9606.ENSP00000449026	0	0	0	0	0.359	0.319	0.900	0.227	0.961
RPL10A	UBA52	9606.ENSP00000363018	9606.ENSP00000388107	0	0	0	0	0.781	0.967	0	0.465	0.995
RPL10A	RPL26L1	9606.ENSP00000363018	9606.ENSP00000428223	0.091	0	0	0	0.697	0.986	0	0.442	0.997
RPL10A	RPLP2	9606.ENSP00000363018	9606.ENSP00000431240	0	0	0	0	0.876	0.969	0	0.408	0.997
RPL10A	RPS17	9606.ENSP00000363018	9606.ENSP00000498019	0	0	0	0	0.933	0.967	0	0.415	0.998
RPL10A	RPL26	9606.ENSP00000363018	9606.ENSP00000463784	0.091	0	0	0	0.925	0.947	0	0.659	0.998
RPL10A	RPL17	9606.ENSP00000363018	9606.ENSP00000463842	0.091	0	0	0	0.930	0.968	0	0.318	0.998
RPL10A	RPS10	9606.ENSP00000363018	9606.ENSP00000481646	0	0	0	0	0.905	0.968	0	0.546	0.998
RPL10A	RPS14	9606.ENSP00000363018	9606.ENSP00000385958	0.081	0	0	0	0.925	0.969	0	0.563	0.998
RPL10A	RPL36A	9606.ENSP00000363018	9606.ENSP00000404375	0	0	0	0	0.672	0.911	0.900	0.504	0.998
RPL10A	RPS27	9606.ENSP00000363018	9606.ENSP00000499044	0	0	0	0	0.910	0.968	0	0.644	0.998
RPL10A	RPL28	9606.ENSP00000363018	9606.ENSP00000452763	0	0	0	0	0.924	0.966	0	0.359	0.998
RPL10A	RPS7	9606.ENSP00000363018	9606.ENSP00000495273	0	0	0	0	0.959	0.977	0	0.340	0.999
RPL10A	RPS5	9606.ENSP00000363018	9606.ENSP00000472985	0.091	0	0	0	0.964	0.980	0	0.588	0.999
RPL10A	RPS28	9606.ENSP00000363018	9606.ENSP00000472469	0	0	0	0	0.932	0.974	0.900	0.698	0.999
RPL10A	RPL30	9606.ENSP00000363018	9606.ENSP00000428085	0	0	0	0	0.965	0.990	0.900	0.671	0.999
RPL10A	RPS8	9606.ENSP00000363018	9606.ENSP00000379888	0	0	0	0	0.974	0.990	0	0.540	0.999
RPL10A	RPS15	9606.ENSP00000363018	9606.ENSP00000466010	0.115	0	0	0	0.960	0.967	0	0.539	0.999
RPL10A	RPL37A	9606.ENSP00000363018	9606.ENSP00000418082	0	0	0	0	0.852	0.990	0	0.410	0.999
RPL10A	RPL24	9606.ENSP00000363018	9606.ENSP00000377640	0	0	0	0	0.963	0.986	0.900	0.355	0.999
RPL10A	RPS6	9606.ENSP00000363018	9606.ENSP00000369757	0	0	0	0	0.965	0.986	0	0.501	0.999
RPL10A	RPS25	9606.ENSP00000363018	9606.ENSP00000435096	0	0	0	0	0.958	0.985	0	0.778	0.999
RPL10A	RPS20	9606.ENSP00000363018	9606.ENSP00000429374	0.102	0	0	0	0.960	0.985	0	0.524	0.999
RPL10A	RPL23A	9606.ENSP00000363018	9606.ENSP00000389103	0.115	0	0	0	0.957	0.985	0	0.584	0.999
RPL10A	RPL6	9606.ENSP00000363018	9606.ENSP00000403172	0	0	0	0	0.960	0.985	0.900	0.691	0.999
RPL10A	RPL36	9606.ENSP00000363018	9606.ENSP00000464342	0	0	0	0	0.953	0.986	0.900	0.517	0.999
RPL10A	RPS24	9606.ENSP00000363018	9606.ENSP00000414321	0.053	0	0	0	0.979	0.973	0	0.697	0.999
RPL10A	RPL11	9606.ENSP00000363018	9606.ENSP00000496250	0.115	0	0	0	0.961	0.988	0.900	0.700	0.999
RPL10A	RPL18	9606.ENSP00000363018	9606.ENSP00000447001	0	0	0	0	0.971	0.986	0.900	0.472	0.999
RPL10A	RPL9	9606.ENSP00000363018	9606.ENSP00000494697	0.102	0	0	0	0.960	0.980	0	0.677	0.999
RPL10A	RPS16	9606.ENSP00000363018	9606.ENSP00000367806	0.091	0	0	0	0.959	0.986	0	0.438	0.999
RPL10A	RPS18	9606.ENSP00000363018	9606.ENSP00000393241	0.113	0	0	0	0.961	0.977	0	0.515	0.999
RPL10A	RPL34	9606.ENSP00000363018	9606.ENSP00000378163	0	0	0	0	0.942	0.977	0	0.549	0.999
RPL10A	RPL23	9606.ENSP00000363018	9606.ENSP00000420311	0.115	0	0	0	0.960	0.983	0	0.418	0.999
RPL10A	RPS19	9606.ENSP00000363018	9606.ENSP00000470972	0.115	0	0	0	0.942	0.985	0	0.675	0.999
RPL10A	RPSA	9606.ENSP00000363018	9606.ENSP00000389351	0	0	0	0	0.959	0.985	0	0.467	0.999
RPL10A	RPS9	9606.ENSP00000363018	9606.ENSP00000375632	0.085	0	0	0	0.935	0.985	0	0.709	0.999
RPL10A	RPL13A	9606.ENSP00000363018	9606.ENSP00000375730	0.052	0	0	0	0.929	0.971	0.800	0.425	0.999
RPL10A	RPS13	9606.ENSP00000363018	9606.ENSP00000435777	0.089	0	0	0	0.961	0.986	0	0.673	0.999
RPL10A	RPL27	9606.ENSP00000363018	9606.ENSP00000464813	0	0	0	0	0.955	0.978	0	0.629	0.999
RPL10A	RPL32	9606.ENSP00000363018	9606.ENSP00000416429	0	0	0	0	0.956	0.978	0.900	0.483	0.999
RPL10A	RPLP0	9606.ENSP00000363018	9606.ENSP00000449328	0.102	0	0	0	0.962	0.986	0	0.513	0.999
RPL10A	RPL31	9606.ENSP00000363018	9606.ENSP00000386717	0.115	0	0	0	0.961	0.985	0.900	0.517	0.999
RPL10A	RPL35A	9606.ENSP00000363018	9606.ENSP00000495672	0	0	0	0	0.945	0.979	0	0.491	0.999
RPL10A	RPL14	9606.ENSP00000363018	9606.ENSP00000379506	0	0	0	0	0.958	0.986	0	0.662	0.999
RPL10A	RPS29	9606.ENSP00000363018	9606.ENSP00000379339	0.091	0	0	0	0.943	0.967	0.900	0.435	0.999
RPL10L	RPL18A	9606.ENSP00000298283	9606.ENSP00000222247	0	0	0	0	0.844	0.985	0	0.303	0.998
RPL10L	RPL19	9606.ENSP00000298283	9606.ENSP00000225430	0	0	0	0	0.698	0.972	0	0.316	0.993
RPL10L	RPS12	9606.ENSP00000298283	9606.ENSP00000230050	0.057	0	0	0	0.833	0.976	0	0.279	0.997
RPL10L	RPS4Y1	9606.ENSP00000298283	9606.ENSP00000250784	0	0	0	0	0.618	0.578	0	0.480	0.908
RPL10L	RPL35	9606.ENSP00000298283	9606.ENSP00000259469	0.106	0	0	0	0.703	0.986	0	0.251	0.996
RPL10L	RPL8	9606.ENSP00000298283	9606.ENSP00000262584	0.070	0	0	0	0.696	0.985	0	0.423	0.997
RPL10L	RPL3L	9606.ENSP00000298283	9606.ENSP00000268661	0.070	0	0	0	0.688	0.747	0	0.702	0.975
RPL10L	RPS11	9606.ENSP00000298283	9606.ENSP00000270625	0.106	0	0	0	0.833	0.974	0	0.251	0.996
RPL10L	RPS27A	9606.ENSP00000298283	9606.ENSP00000272317	0	0	0	0	0.788	0.977	0	0.223	0.996
RPL10L	RPL37	9606.ENSP00000298283	9606.ENSP00000274242	0	0	0	0	0.430	0.967	0	0.335	0.986
RPL10L	RPS3	9606.ENSP00000298283	9606.ENSP00000278572	0.106	0	0	0	0.837	0.972	0	0.400	0.997
RPL10L	RPL29	9606.ENSP00000298283	9606.ENSP00000294189	0	0	0	0	0.712	0.966	0	0.292	0.992
RPL10L	RPS23	9606.ENSP00000298283	9606.ENSP00000296674	0.086	0	0	0	0.831	0.973	0	0.319	0.996
RPL10L	RPL41	9606.ENSP00000298283	9606.ENSP00000449026	0	0	0	0	0.064	0.429	0	0.108	0.481
RPL10L	RPL22L1	9606.ENSP00000298283	9606.ENSP00000346080	0	0	0	0	0.297	0.748	0	0.573	0.917
RPL10L	RPS4Y2	9606.ENSP00000298283	9606.ENSP00000486252	0	0	0	0	0.618	0.578	0	0.597	0.929
RPL10L	RPS27L	9606.ENSP00000298283	9606.ENSP00000331019	0	0	0	0	0.555	0.748	0	0.442	0.932
RPL10L	RPL39L	9606.ENSP00000298283	9606.ENSP00000389356	0	0	0	0	0.547	0.749	0	0.752	0.969
RPL10L	RPS15A	9606.ENSP00000298283	9606.ENSP00000318646	0.057	0	0	0	0.558	0.929	0	0.294	0.976
RPL10L	RPL36A	9606.ENSP00000298283	9606.ENSP00000404375	0.042	0	0	0	0.429	0.912	0	0.582	0.977
RPL10L	RPL36AL	9606.ENSP00000298283	9606.ENSP00000346012	0.042	0	0	0	0.415	0.912	0	0.641	0.980
RPL10L	RPS27	9606.ENSP00000298283	9606.ENSP00000499044	0	0	0	0	0.557	0.947	0	0.271	0.981
RPL10L	RPS4X	9606.ENSP00000298283	9606.ENSP00000362744	0	0	0	0	0.634	0.929	0	0.464	0.984
RPL10L	RPL26L1	9606.ENSP00000298283	9606.ENSP00000428223	0.070	0	0	0	0.654	0.947	0	0.242	0.985
RPL10L	RPL22	9606.ENSP00000298283	9606.ENSP00000346088	0	0	0	0	0.259	0.970	0	0.453	0.987
RPL10L	RPL26	9606.ENSP00000298283	9606.ENSP00000463784	0.070	0	0	0	0.662	0.947	0	0.366	0.988
RPL10L	RPL17	9606.ENSP00000298283	9606.ENSP00000463842	0.070	0	0	0	0.696	0.957	0	0.210	0.989
RPL10L	RPL39	9606.ENSP00000298283	9606.ENSP00000355315	0	0	0	0	0.557	0.947	0	0.574	0.989
RPL10L	RPS28	9606.ENSP00000298283	9606.ENSP00000472469	0	0	0	0	0.575	0.973	0	0.293	0.991
RPL10L	RPS10	9606.ENSP00000298283	9606.ENSP00000481646	0	0	0	0	0.698	0.958	0	0.389	0.991
RPL10L	RPS14	9606.ENSP00000298283	9606.ENSP00000385958	0.070	0	0	0	0.697	0.961	0	0.285	0.991
RPL10L	RPLP2	9606.ENSP00000298283	9606.ENSP00000431240	0	0	0	0	0.698	0.956	0	0.376	0.991
RPL10L	RPL34	9606.ENSP00000298283	9606.ENSP00000378163	0	0	0	0	0.699	0.967	0	0.306	0.992
RPL10L	RPL7	9606.ENSP00000298283	9606.ENSP00000339795	0.061	0	0	0	0.695	0.971	0	0.194	0.992
RPL10L	RPS21	9606.ENSP00000298283	9606.ENSP00000345957	0	0	0	0	0.684	0.974	0	0.286	0.993
RPL10L	RPS24	9606.ENSP00000298283	9606.ENSP00000414321	0	0	0	0	0.696	0.973	0	0.286	0.993
RPL10L	RPS29	9606.ENSP00000298283	9606.ENSP00000379339	0.070	0	0	0	0.760	0.966	0	0.218	0.993
RPL10L	RPL31	9606.ENSP00000298283	9606.ENSP00000386717	0	0	0	0	0.696	0.973	0	0.285	0.993
RPL10L	RPL28	9606.ENSP00000298283	9606.ENSP00000452763	0	0	0	0	0.709	0.967	0	0.396	0.993
RPL10L	RPLP1	9606.ENSP00000298283	9606.ENSP00000346037	0	0	0	0	0.809	0.955	0	0.413	0.994
RPL10L	RPL32	9606.ENSP00000298283	9606.ENSP00000416429	0	0	0	0	0.834	0.966	0	0.154	0.994
RPL10L	RPL12	9606.ENSP00000298283	9606.ENSP00000354739	0.059	0	0	0	0.542	0.984	0	0.305	0.994
RPL10L	RPL23A	9606.ENSP00000298283	9606.ENSP00000389103	0.106	0	0	0	0.698	0.973	0	0.469	0.995
RPL10L	RPS20	9606.ENSP00000298283	9606.ENSP00000429374	0.086	0	0	0	0.831	0.966	0	0.298	0.995
RPL10L	UBA52	9606.ENSP00000298283	9606.ENSP00000388107	0	0	0	0	0.823	0.967	0	0.329	0.995
RPL10L	RPL37A	9606.ENSP00000298283	9606.ENSP00000418082	0	0	0	0	0.792	0.973	0	0.301	0.995
RPL10L	RPS26	9606.ENSP00000298283	9606.ENSP00000348849	0	0	0	0	0.693	0.975	0	0.441	0.995
RPL10L	RPL35A	9606.ENSP00000298283	9606.ENSP00000495672	0.092	0	0	0	0.831	0.966	0	0.259	0.995
RPL10L	RPS17	9606.ENSP00000298283	9606.ENSP00000498019	0	0	0	0	0.829	0.966	0	0.386	0.996
RPL10L	RPS5	9606.ENSP00000298283	9606.ENSP00000472985	0.070	0	0	0	0.837	0.973	0	0.298	0.996
RPL10L	RPL4	9606.ENSP00000298283	9606.ENSP00000311430	0.070	0	0	0	0.813	0.972	0	0.318	0.996
RPL10L	RPS19	9606.ENSP00000298283	9606.ENSP00000470972	0	0	0	0	0.840	0.973	0	0.327	0.996
RPL10L	RPS18	9606.ENSP00000298283	9606.ENSP00000393241	0.106	0	0	0	0.834	0.966	0	0.283	0.996
RPL10L	RPS16	9606.ENSP00000298283	9606.ENSP00000367806	0.070	0	0	0	0.837	0.973	0	0.218	0.996
RPL10L	RPL6	9606.ENSP00000298283	9606.ENSP00000403172	0.061	0	0	0	0.825	0.972	0	0.359	0.996
RPL10L	RPL36	9606.ENSP00000298283	9606.ENSP00000464342	0	0	0	0	0.737	0.979	0	0.406	0.996
RPL10L	RPL13	9606.ENSP00000298283	9606.ENSP00000307889	0	0	0	0	0.841	0.966	0	0.316	0.996
RPL10L	RPL27	9606.ENSP00000298283	9606.ENSP00000464813	0.061	0	0	0	0.829	0.973	0	0.283	0.996
RPL10L	RPL13A	9606.ENSP00000298283	9606.ENSP00000375730	0.070	0	0	0	0.700	0.964	0.500	0.330	0.996
RPL10L	RPS9	9606.ENSP00000298283	9606.ENSP00000375632	0.086	0	0	0	0.833	0.966	0	0.422	0.996
RPL10L	RPL14	9606.ENSP00000298283	9606.ENSP00000379506	0.061	0	0	0	0.793	0.973	0	0.351	0.996
RPL10L	RPS25	9606.ENSP00000298283	9606.ENSP00000435096	0	0	0	0	0.832	0.973	0	0.429	0.997
RPL10L	RPS6	9606.ENSP00000298283	9606.ENSP00000369757	0	0	0	0	0.833	0.973	0	0.428	0.997
RPL10L	RPS15	9606.ENSP00000298283	9606.ENSP00000466010	0.106	0	0	0	0.833	0.979	0	0.320	0.997
RPL10L	RPL23	9606.ENSP00000298283	9606.ENSP00000420311	0.106	0	0	0	0.832	0.975	0	0.347	0.997
RPL10L	RPL38	9606.ENSP00000298283	9606.ENSP00000309830	0	0	0	0	0.822	0.975	0	0.399	0.997
RPL10L	RPL21	9606.ENSP00000298283	9606.ENSP00000346027	0.069	0	0	0	0.834	0.973	0	0.369	0.997
RPL10L	RPL3	9606.ENSP00000298283	9606.ENSP00000346001	0.070	0	0	0	0.702	0.985	0	0.508	0.997
RPL10L	RPL24	9606.ENSP00000298283	9606.ENSP00000377640	0	0	0	0	0.824	0.986	0	0.282	0.998
RPL10L	RPS8	9606.ENSP00000298283	9606.ENSP00000379888	0	0	0	0	0.838	0.986	0	0.357	0.998
RPL10L	RPS2	9606.ENSP00000298283	9606.ENSP00000341885	0.086	0	0	0	0.831	0.984	0	0.374	0.998
RPL10L	RPL30	9606.ENSP00000298283	9606.ENSP00000428085	0	0.658	0	0	0.832	0.973	0	0.344	0.998
RPL10L	RPS7	9606.ENSP00000298283	9606.ENSP00000495273	0	0	0	0	0.833	0.983	0	0.369	0.998
RPL10L	RPL15	9606.ENSP00000298283	9606.ENSP00000309334	0	0	0	0	0.828	0.986	0	0.355	0.998
RPL10L	RPSA	9606.ENSP00000298283	9606.ENSP00000389351	0.050	0	0	0	0.834	0.986	0	0.361	0.998
RPL10L	RPL5	9606.ENSP00000298283	9606.ENSP00000359345	0.106	0	0	0	0.838	0.979	0	0.405	0.998
RPL10L	RPL18	9606.ENSP00000298283	9606.ENSP00000447001	0	0	0	0	0.836	0.986	0	0.257	0.998
RPL10L	RPL9	9606.ENSP00000298283	9606.ENSP00000494697	0.086	0	0.233	0	0.832	0.973	0	0.528	0.998
RPL10L	RPL11	9606.ENSP00000298283	9606.ENSP00000496250	0.106	0	0	0	0.833	0.985	0	0.485	0.998
RPL10L	RPL27A	9606.ENSP00000298283	9606.ENSP00000346015	0.053	0	0	0	0.821	0.985	0	0.447	0.998
RPL10L	RPL7A	9606.ENSP00000298283	9606.ENSP00000361076	0.057	0	0	0	0.840	0.986	0	0.379	0.998
RPL10L	RPLP0	9606.ENSP00000298283	9606.ENSP00000449328	0.086	0	0	0	0.838	0.984	0	0.478	0.998
RPL10L	RPS3A	9606.ENSP00000298283	9606.ENSP00000346050	0.044	0	0	0	0.836	0.985	0	0.353	0.998
RPL10L	RPS13	9606.ENSP00000298283	9606.ENSP00000435777	0	0	0	0	0.833	0.985	0	0.547	0.998
RPL11	RPL18A	9606.ENSP00000496250	9606.ENSP00000222247	0	0	0	0	0.991	0.995	0.900	0.604	0.999
RPL11	RPL19	9606.ENSP00000496250	9606.ENSP00000225430	0.231	0	0	0	0.994	0.995	0.900	0.678	0.999
RPL11	RPS12	9606.ENSP00000496250	9606.ENSP00000230050	0.075	0	0	0	0.993	0.994	0	0.338	0.999
RPL11	RPS4Y1	9606.ENSP00000496250	9606.ENSP00000250784	0.115	0	0	0	0.806	0.954	0	0.294	0.993
RPL11	RPL35	9606.ENSP00000496250	9606.ENSP00000259469	0.231	0	0	0	0.992	0.995	0	0.867	0.999
RPL11	RPL8	9606.ENSP00000496250	9606.ENSP00000262584	0.115	0	0	0	0.991	0.995	0.900	0.783	0.999
RPL11	RPL3L	9606.ENSP00000496250	9606.ENSP00000268661	0.115	0	0	0	0.827	0.873	0	0.464	0.988
RPL11	RPS11	9606.ENSP00000496250	9606.ENSP00000270625	0.231	0	0	0	0.991	0.994	0	0.805	0.999
RPL11	RPS27A	9606.ENSP00000496250	9606.ENSP00000272317	0	0	0	0	0.992	0.993	0	0.688	0.999
RPL11	RPL37	9606.ENSP00000496250	9606.ENSP00000274242	0	0	0	0	0.977	0.991	0	0.617	0.999
RPL11	RPS3	9606.ENSP00000496250	9606.ENSP00000278572	0.231	0	0	0	0.991	0.994	0	0.732	0.999
RPL11	RPL29	9606.ENSP00000496250	9606.ENSP00000294189	0	0	0	0	0.980	0.991	0	0.740	0.999
RPL11	RPS23	9606.ENSP00000496250	9606.ENSP00000296674	0.120	0	0	0	0.991	0.995	0.900	0.690	0.999
RPL11	RPL13	9606.ENSP00000496250	9606.ENSP00000307889	0	0	0	0	0.991	0.995	0	0.342	0.999
RPL11	RPL15	9606.ENSP00000496250	9606.ENSP00000309334	0	0	0	0	0.991	0.995	0	0.813	0.999
RPL11	RPL38	9606.ENSP00000496250	9606.ENSP00000309830	0	0	0	0	0.980	0.994	0.900	0.784	0.999
RPL11	RPL4	9606.ENSP00000496250	9606.ENSP00000311430	0.115	0	0	0	0.991	0.996	0	0.814	0.999
RPL11	RPS15A	9606.ENSP00000496250	9606.ENSP00000318646	0.091	0	0	0	0.932	0.979	0	0.708	0.999
RPL11	RPS27L	9606.ENSP00000496250	9606.ENSP00000331019	0	0	0	0	0.844	0.904	0	0.709	0.995
RPL11	RPL7	9606.ENSP00000496250	9606.ENSP00000339795	0.111	0	0	0	0.960	0.994	0	0.790	0.999
RPL11	RPS2	9606.ENSP00000496250	9606.ENSP00000341885	0.120	0	0	0	0.991	0.994	0	0.785	0.999
RPL11	RPS21	9606.ENSP00000496250	9606.ENSP00000345957	0	0	0	0	0.990	0.993	0.900	0.349	0.999
RPL11	RPL3	9606.ENSP00000496250	9606.ENSP00000346001	0.115	0	0	0	0.961	0.994	0	0.803	0.999
RPL11	RPL36AL	9606.ENSP00000496250	9606.ENSP00000346012	0	0	0	0	0.844	0.959	0	0.519	0.996
RPL11	RPL27A	9606.ENSP00000496250	9606.ENSP00000346015	0.061	0	0	0	0.991	0.995	0	0.530	0.999
RPL11	RPL21	9606.ENSP00000496250	9606.ENSP00000346027	0	0	0	0	0.991	0.995	0	0.768	0.999
RPL11	RPLP1	9606.ENSP00000496250	9606.ENSP00000346037	0	0	0	0	0.991	0.963	0	0.562	0.999
RPL11	RPS3A	9606.ENSP00000496250	9606.ENSP00000346050	0	0	0	0	0.991	0.995	0	0.646	0.999
RPL11	RPL22L1	9606.ENSP00000496250	9606.ENSP00000346080	0	0	0	0	0.714	0.864	0	0.526	0.980
RPL11	RPL22	9606.ENSP00000496250	9606.ENSP00000346088	0	0	0	0	0.933	0.990	0	0.706	0.999
RPL11	RPS26	9606.ENSP00000496250	9606.ENSP00000348849	0	0	0	0	0.990	0.994	0.900	0.948	0.999
RPL11	RPL12	9606.ENSP00000496250	9606.ENSP00000354739	0.106	0	0	0	0.983	0.993	0	0.816	0.999
RPL11	RPL39	9606.ENSP00000496250	9606.ENSP00000355315	0	0	0	0	0.958	0.971	0.900	0.470	0.999
RPL11	RPL5	9606.ENSP00000496250	9606.ENSP00000359345	0.231	0	0	0	0.991	0.997	0	0.999	0.999
RPL11	RPL7A	9606.ENSP00000496250	9606.ENSP00000361076	0.075	0	0	0	0.990	0.995	0.720	0.672	0.999
RPL11	RPS4X	9606.ENSP00000496250	9606.ENSP00000362744	0.115	0	0	0	0.955	0.980	0	0.468	0.999
RPL11	SECISBP2	9606.ENSP00000496250	9606.ENSP00000364965	0	0	0	0	0.074	0.810	0	0.051	0.819
RPL11	RPS16	9606.ENSP00000496250	9606.ENSP00000367806	0.115	0	0	0	0.991	0.995	0	0.739	0.999
RPL11	RPS6	9606.ENSP00000496250	9606.ENSP00000369757	0	0	0	0	0.992	0.995	0	0.715	0.999
RPL11	RPS9	9606.ENSP00000496250	9606.ENSP00000375632	0.120	0	0	0	0.991	0.993	0	0.646	0.999
RPL11	RPL13A	9606.ENSP00000496250	9606.ENSP00000375730	0.115	0	0	0	0.973	0.994	0.800	0.515	0.999
RPL11	RPL24	9606.ENSP00000496250	9606.ENSP00000377640	0	0	0	0	0.991	0.995	0.900	0.390	0.999
RPL11	RPL34	9606.ENSP00000496250	9606.ENSP00000378163	0.231	0	0	0	0.991	0.992	0	0.683	0.999
RPL11	RPS29	9606.ENSP00000496250	9606.ENSP00000379339	0.115	0	0	0	0.985	0.991	0.900	0.743	0.999
RPL11	RPL14	9606.ENSP00000496250	9606.ENSP00000379506	0.111	0	0	0	0.991	0.995	0	0.775	0.999
RPL11	RPS8	9606.ENSP00000496250	9606.ENSP00000379888	0	0.420	0	0	0.991	0.995	0	0.766	0.999
RPL11	RPS14	9606.ENSP00000496250	9606.ENSP00000385958	0.115	0	0	0	0.962	0.980	0	0.800	0.999
RPL11	RPL31	9606.ENSP00000496250	9606.ENSP00000386717	0	0	0	0	0.993	0.994	0.900	0.822	0.999
RPL11	UBA52	9606.ENSP00000496250	9606.ENSP00000388107	0	0	0	0	0.987	0.991	0	0.571	0.999
RPL11	RPL23A	9606.ENSP00000496250	9606.ENSP00000389103	0.231	0	0	0	0.991	0.995	0	0.647	0.999
RPL11	RPSA	9606.ENSP00000496250	9606.ENSP00000389351	0.057	0	0	0	0.982	0.994	0	0.570	0.999
RPL11	RPL39L	9606.ENSP00000496250	9606.ENSP00000389356	0	0	0	0	0.826	0.841	0	0.395	0.981
RPL11	RPS18	9606.ENSP00000496250	9606.ENSP00000393241	0.231	0	0	0	0.991	0.993	0	0.769	0.999
RPL11	RPL6	9606.ENSP00000496250	9606.ENSP00000403172	0.111	0	0	0	0.991	0.995	0.900	0.815	0.999
RPL11	RPL36A	9606.ENSP00000496250	9606.ENSP00000404375	0	0	0	0	0.896	0.955	0.900	0.505	0.999
RPL11	RPS24	9606.ENSP00000496250	9606.ENSP00000414321	0	0	0	0	0.991	0.993	0	0.919	0.999
RPL11	RPL32	9606.ENSP00000496250	9606.ENSP00000416429	0.075	0	0	0	0.991	0.994	0.900	0.730	0.999
RPL11	RPL37A	9606.ENSP00000496250	9606.ENSP00000418082	0	0	0	0	0.979	0.995	0	0.406	0.999
RPL11	RPL23	9606.ENSP00000496250	9606.ENSP00000420311	0.231	0	0	0	0.991	0.996	0	0.674	0.999
RPL11	RPL30	9606.ENSP00000496250	9606.ENSP00000428085	0	0	0	0	0.991	0.995	0.900	0.706	0.999
RPL11	RPL26L1	9606.ENSP00000496250	9606.ENSP00000428223	0.115	0	0	0	0.837	0.973	0	0.446	0.997
RPL11	RPS20	9606.ENSP00000496250	9606.ENSP00000429374	0.120	0	0	0	0.993	0.994	0	0.756	0.999
RPL11	RPLP2	9606.ENSP00000496250	9606.ENSP00000431240	0	0	0	0	0.985	0.959	0	0.697	0.999
RPL11	RPS25	9606.ENSP00000496250	9606.ENSP00000435096	0	0	0	0	0.991	0.995	0	0.808	0.999
RPL11	RPS13	9606.ENSP00000496250	9606.ENSP00000435777	0	0	0	0	0.999	0.995	0	0.647	0.999
RPL11	RPL18	9606.ENSP00000496250	9606.ENSP00000447001	0.054	0	0	0	0.991	0.995	0.900	0.691	0.999
RPL11	RPL41	9606.ENSP00000496250	9606.ENSP00000449026	0	0	0	0	0.541	0.429	0.900	0.418	0.982
RPL11	RPLP0	9606.ENSP00000496250	9606.ENSP00000449328	0.120	0	0	0	0.991	0.995	0	0.706	0.999
RPL11	RPL28	9606.ENSP00000496250	9606.ENSP00000452763	0	0	0	0	0.967	0.993	0	0.762	0.999
RPL11	RPL26	9606.ENSP00000496250	9606.ENSP00000463784	0.115	0	0	0	0.999	0.970	0	0.873	0.999
RPL11	RPL17	9606.ENSP00000496250	9606.ENSP00000463842	0.115	0	0	0	0.989	0.986	0	0.629	0.999
RPL11	RPL36	9606.ENSP00000496250	9606.ENSP00000464342	0	0	0	0	0.982	0.995	0.900	0.711	0.999
RPL11	RPL27	9606.ENSP00000496250	9606.ENSP00000464813	0.111	0	0	0	0.999	0.994	0	0.716	0.999
RPL11	RPS15	9606.ENSP00000496250	9606.ENSP00000466010	0.231	0	0	0	0.985	0.993	0	0.744	0.999
RPL11	RPS19	9606.ENSP00000496250	9606.ENSP00000470972	0	0	0	0	0.991	0.994	0	0.928	0.999
RPL11	RPS28	9606.ENSP00000496250	9606.ENSP00000472469	0	0	0	0	0.991	0.993	0.900	0.717	0.999
RPL11	RPS5	9606.ENSP00000496250	9606.ENSP00000472985	0.115	0	0	0	0.991	0.994	0	0.877	0.999
RPL11	RPS10	9606.ENSP00000496250	9606.ENSP00000481646	0	0	0	0	0.965	0.982	0	0.885	0.999
RPL11	RPS4Y2	9606.ENSP00000496250	9606.ENSP00000486252	0.115	0	0	0	0.806	0.783	0	0.262	0.968
RPL11	RPL9	9606.ENSP00000496250	9606.ENSP00000494697	0.120	0	0	0	0.991	0.994	0	0.743	0.999
RPL11	RPS7	9606.ENSP00000496250	9606.ENSP00000495273	0	0	0	0	0.991	0.995	0	0.680	0.999
RPL11	RPL35A	9606.ENSP00000496250	9606.ENSP00000495672	0	0	0	0	0.991	0.992	0	0.915	0.999
RPL11	RPS17	9606.ENSP00000496250	9606.ENSP00000498019	0	0	0	0	0.991	0.991	0	0.888	0.999
RPL11	RPS27	9606.ENSP00000496250	9606.ENSP00000499044	0	0	0	0	0.960	0.979	0	0.710	0.999
RPL12	RPL18A	9606.ENSP00000354739	9606.ENSP00000222247	0.106	0	0	0	0.985	0.993	0	0.621	0.999
RPL12	RPL19	9606.ENSP00000354739	9606.ENSP00000225430	0	0	0	0	0.977	0.994	0	0.665	0.999
RPL12	RPS12	9606.ENSP00000354739	9606.ENSP00000230050	0.057	0	0	0	0.999	0.995	0	0.354	0.999
RPL12	RPS4Y1	9606.ENSP00000354739	9606.ENSP00000250784	0	0	0	0	0.693	0.954	0	0.163	0.987
RPL12	RPL35	9606.ENSP00000354739	9606.ENSP00000259469	0.106	0	0	0	0.977	0.993	0	0.509	0.999
RPL12	RPL8	9606.ENSP00000354739	9606.ENSP00000262584	0.070	0	0	0	0.991	0.994	0	0.681	0.999
RPL12	RPL3L	9606.ENSP00000354739	9606.ENSP00000268661	0.070	0	0	0	0.829	0.840	0	0.421	0.983
RPL12	RPS11	9606.ENSP00000354739	9606.ENSP00000270625	0.106	0	0	0	0.973	0.993	0	0.757	0.999
RPL12	RPS27A	9606.ENSP00000354739	9606.ENSP00000272317	0	0	0	0	0.959	0.991	0	0.297	0.999
RPL12	RPL37	9606.ENSP00000354739	9606.ENSP00000274242	0	0	0	0	0.948	0.991	0	0.645	0.999
RPL12	RPS3	9606.ENSP00000354739	9606.ENSP00000278572	0.106	0	0	0	0.978	0.994	0	0.733	0.999
RPL12	RPL29	9606.ENSP00000354739	9606.ENSP00000294189	0	0	0	0	0.964	0.990	0	0.600	0.999
RPL12	RPS23	9606.ENSP00000354739	9606.ENSP00000296674	0.086	0	0	0	0.976	0.994	0	0.641	0.999
RPL12	RPL13	9606.ENSP00000354739	9606.ENSP00000307889	0	0	0	0	0.978	0.995	0	0.315	0.999
RPL12	RPL15	9606.ENSP00000354739	9606.ENSP00000309334	0	0	0	0	0.979	0.994	0	0.588	0.999
RPL12	RPL38	9606.ENSP00000354739	9606.ENSP00000309830	0	0	0	0	0.955	0.993	0	0.672	0.999
RPL12	RPL4	9606.ENSP00000354739	9606.ENSP00000311430	0.070	0	0	0	0.967	0.995	0	0.808	0.999
RPL12	RPS15A	9606.ENSP00000354739	9606.ENSP00000318646	0.057	0	0	0	0.999	0.974	0	0.447	0.999
RPL12	RPS27L	9606.ENSP00000354739	9606.ENSP00000331019	0	0	0	0	0.817	0.889	0	0.218	0.982
RPL12	RPL7	9606.ENSP00000354739	9606.ENSP00000339795	0.061	0	0	0	0.947	0.981	0	0.822	0.999
RPL12	RPS2	9606.ENSP00000354739	9606.ENSP00000341885	0.086	0	0	0	0.979	0.994	0	0.775	0.999
RPL12	RPS21	9606.ENSP00000354739	9606.ENSP00000345957	0	0	0	0	0.983	0.992	0	0.435	0.999
RPL12	RPL3	9606.ENSP00000354739	9606.ENSP00000346001	0.070	0.003	0	0	0.960	0.986	0	0.855	0.999
RPL12	RPL36AL	9606.ENSP00000354739	9606.ENSP00000346012	0	0	0	0	0.743	0.955	0	0.711	0.996
RPL12	RPL27A	9606.ENSP00000354739	9606.ENSP00000346015	0.053	0	0	0	0.991	0.995	0	0.669	0.999
RPL12	RPL21	9606.ENSP00000354739	9606.ENSP00000346027	0	0	0	0	0.981	0.994	0	0.503	0.999
RPL12	RPLP1	9606.ENSP00000354739	9606.ENSP00000346037	0.106	0	0	0	0.969	0.977	0	0.729	0.999
RPL12	RPS3A	9606.ENSP00000354739	9606.ENSP00000346050	0	0	0	0	0.981	0.995	0	0.525	0.999
RPL12	RPL22L1	9606.ENSP00000354739	9606.ENSP00000346080	0	0	0	0	0.587	0.840	0	0.470	0.962
RPL12	RPL22	9606.ENSP00000354739	9606.ENSP00000346088	0	0	0	0	0.826	0.986	0	0.587	0.998
RPL12	RPS26	9606.ENSP00000354739	9606.ENSP00000348849	0	0	0	0	0.984	0.995	0	0.705	0.999
RPL12	RPL41	9606.ENSP00000354739	9606.ENSP00000449026	0	0	0	0	0.344	0.297	0	0.417	0.707
RPL12	RPS4Y2	9606.ENSP00000354739	9606.ENSP00000486252	0	0	0	0	0.691	0.784	0	0.191	0.941
RPL12	RPL39L	9606.ENSP00000354739	9606.ENSP00000389356	0.057	0	0	0	0.620	0.842	0	0.335	0.957
RPL12	RPL36A	9606.ENSP00000354739	9606.ENSP00000404375	0	0	0	0	0.788	0.955	0	0.714	0.997
RPL12	RPL26L1	9606.ENSP00000354739	9606.ENSP00000428223	0.070	0	0	0	0.845	0.977	0	0.239	0.997
RPL12	RPL14	9606.ENSP00000354739	9606.ENSP00000379506	0	0	0	0	0.999	0.996	0	0.781	0.999
RPL12	RPS29	9606.ENSP00000354739	9606.ENSP00000379339	0.070	0	0	0	0.962	0.989	0	0.509	0.999
RPL12	RPL31	9606.ENSP00000354739	9606.ENSP00000386717	0.106	0	0	0	0.986	0.995	0	0.574	0.999
RPL12	RPL28	9606.ENSP00000354739	9606.ENSP00000452763	0	0	0	0	0.959	0.991	0	0.639	0.999
RPL12	RPS27	9606.ENSP00000354739	9606.ENSP00000499044	0	0	0	0	0.955	0.979	0	0.452	0.999
RPL12	RPL35A	9606.ENSP00000354739	9606.ENSP00000495672	0	0	0	0	0.977	0.992	0	0.589	0.999
RPL12	RPS13	9606.ENSP00000354739	9606.ENSP00000435777	0.069	0	0	0	0.978	0.994	0	0.666	0.999
RPL12	RPL27	9606.ENSP00000354739	9606.ENSP00000464813	0	0	0	0	0.993	0.994	0	0.740	0.999
RPL12	RPLP0	9606.ENSP00000354739	9606.ENSP00000449328	0.086	0	0	0	0.980	0.993	0	0.823	0.999
RPL12	RPL32	9606.ENSP00000354739	9606.ENSP00000416429	0	0	0	0	0.997	0.992	0	0.751	0.999
RPL12	RPS9	9606.ENSP00000354739	9606.ENSP00000375632	0.082	0	0	0	0.984	0.995	0	0.745	0.999
RPL12	RPL39	9606.ENSP00000354739	9606.ENSP00000355315	0.057	0	0	0	0.999	0.967	0	0.699	0.999
RPL12	RPL13A	9606.ENSP00000354739	9606.ENSP00000375730	0.048	0	0	0	0.965	0.978	0.800	0.589	0.999
RPL12	RPS14	9606.ENSP00000354739	9606.ENSP00000385958	0.069	0	0	0	0.960	0.979	0	0.597	0.999
RPL12	RPLP2	9606.ENSP00000354739	9606.ENSP00000431240	0	0	0	0	0.982	0.957	0	0.464	0.999
RPL12	RPL34	9606.ENSP00000354739	9606.ENSP00000378163	0	0	0	0	0.979	0.993	0	0.508	0.999
RPL12	RPS18	9606.ENSP00000354739	9606.ENSP00000393241	0.105	0	0	0	0.981	0.993	0	0.615	0.999
RPL12	RPS16	9606.ENSP00000354739	9606.ENSP00000367806	0.070	0	0	0	0.997	0.995	0	0.545	0.999
RPL12	RPL5	9606.ENSP00000354739	9606.ENSP00000359345	0.106	0	0	0	0.979	0.994	0	0.688	0.999
RPL12	RPL23	9606.ENSP00000354739	9606.ENSP00000420311	0.106	0	0	0	0.991	0.993	0	0.496	0.999
RPL12	RPS19	9606.ENSP00000354739	9606.ENSP00000470972	0.106	0	0	0	0.977	0.993	0	0.701	0.999
RPL12	RPSA	9606.ENSP00000354739	9606.ENSP00000389351	0	0	0	0	0.974	0.994	0	0.670	0.999
RPL12	RPS10	9606.ENSP00000354739	9606.ENSP00000481646	0	0	0	0	0.999	0.977	0	0.645	0.999
RPL12	RPL7A	9606.ENSP00000354739	9606.ENSP00000361076	0.057	0	0	0	0.972	0.994	0	0.732	0.999
RPL12	RPL6	9606.ENSP00000354739	9606.ENSP00000403172	0	0	0	0	0.990	0.993	0	0.784	0.999
RPL12	RPL36	9606.ENSP00000354739	9606.ENSP00000464342	0	0	0	0	0.978	0.994	0	0.666	0.999
RPL12	RPS24	9606.ENSP00000354739	9606.ENSP00000414321	0	0	0	0	0.992	0.992	0	0.756	0.999
RPL12	RPL18	9606.ENSP00000354739	9606.ENSP00000447001	0	0	0	0	0.961	0.995	0	0.777	0.999
RPL12	RPL9	9606.ENSP00000354739	9606.ENSP00000494697	0.086	0	0	0	0.979	0.993	0	0.663	0.999
RPL12	RPL24	9606.ENSP00000354739	9606.ENSP00000377640	0	0	0	0	0.994	0.995	0	0.417	0.999
RPL12	RPL37A	9606.ENSP00000354739	9606.ENSP00000418082	0	0	0	0	0.936	0.993	0	0.488	0.999
RPL12	RPS8	9606.ENSP00000354739	9606.ENSP00000379888	0	0	0	0	0.992	0.995	0	0.689	0.999
RPL12	RPS15	9606.ENSP00000354739	9606.ENSP00000466010	0.106	0	0	0	0.990	0.991	0	0.624	0.999
RPL12	RPS6	9606.ENSP00000354739	9606.ENSP00000369757	0	0	0	0	0.983	0.995	0	0.583	0.999
RPL12	UBA52	9606.ENSP00000354739	9606.ENSP00000388107	0	0	0	0	0.904	0.991	0	0.637	0.999
RPL12	RPL26	9606.ENSP00000354739	9606.ENSP00000463784	0.070	0	0	0	0.979	0.966	0	0.657	0.999
RPL12	RPS25	9606.ENSP00000354739	9606.ENSP00000435096	0	0	0	0	0.991	0.994	0	0.487	0.999
RPL12	RPL23A	9606.ENSP00000354739	9606.ENSP00000389103	0.106	0	0	0	0.991	0.995	0	0.888	0.999
RPL12	RPL17	9606.ENSP00000354739	9606.ENSP00000463842	0.070	0	0	0	0.977	0.979	0	0.266	0.999
RPL12	RPS20	9606.ENSP00000354739	9606.ENSP00000429374	0.086	0	0	0	0.988	0.994	0	0.666	0.999
RPL12	RPS7	9606.ENSP00000354739	9606.ENSP00000495273	0	0	0	0	0.978	0.992	0	0.332	0.999
RPL12	RPS4X	9606.ENSP00000354739	9606.ENSP00000362744	0	0	0	0	0.937	0.974	0	0.449	0.999
RPL12	RPS28	9606.ENSP00000354739	9606.ENSP00000472469	0	0	0	0	0.978	0.992	0	0.488	0.999
RPL12	RPS5	9606.ENSP00000354739	9606.ENSP00000472985	0.070	0	0	0	0.969	0.993	0	0.579	0.999
RPL12	RPL30	9606.ENSP00000354739	9606.ENSP00000428085	0	0	0	0	0.984	0.997	0	0.659	0.999
RPL12	RPS17	9606.ENSP00000354739	9606.ENSP00000498019	0	0	0	0	0.962	0.992	0	0.618	0.999
RPL13	RPL18A	9606.ENSP00000307889	9606.ENSP00000222247	0	0	0	0	0.991	0.993	0	0.348	0.999
RPL13	RPL19	9606.ENSP00000307889	9606.ENSP00000225430	0	0	0	0	0.991	0.996	0	0.467	0.999
RPL13	RPS12	9606.ENSP00000307889	9606.ENSP00000230050	0	0	0	0	0.985	0.993	0	0.233	0.999
RPL13	RPS4Y1	9606.ENSP00000307889	9606.ENSP00000250784	0	0	0	0	0.806	0.954	0	0.286	0.993
RPL13	RPL35	9606.ENSP00000307889	9606.ENSP00000259469	0	0	0	0	0.986	0.994	0	0.481	0.999
RPL13	RPL8	9606.ENSP00000307889	9606.ENSP00000262584	0	0	0	0	0.991	0.993	0	0.534	0.999
RPL13	RPL3L	9606.ENSP00000307889	9606.ENSP00000268661	0	0	0	0	0.830	0.904	0	0.293	0.987
RPL13	RPS11	9606.ENSP00000307889	9606.ENSP00000270625	0	0	0	0	0.991	0.993	0	0.415	0.999
RPL13	RPS27A	9606.ENSP00000307889	9606.ENSP00000272317	0	0	0	0	0.954	0.991	0	0.416	0.999
RPL13	RPL37	9606.ENSP00000307889	9606.ENSP00000274242	0	0	0	0	0.949	0.991	0	0.336	0.999
RPL13	RPS3	9606.ENSP00000307889	9606.ENSP00000278572	0	0	0	0	0.991	0.994	0	0.287	0.999
RPL13	RPL29	9606.ENSP00000307889	9606.ENSP00000294189	0	0	0	0	0.959	0.991	0	0.380	0.999
RPL13	RPS23	9606.ENSP00000307889	9606.ENSP00000296674	0	0	0	0	0.991	0.995	0	0.358	0.999
RPL13	RPL41	9606.ENSP00000307889	9606.ENSP00000449026	0	0	0	0	0.344	0.429	0	0.155	0.655
RPL13	SECISBP2	9606.ENSP00000307889	9606.ENSP00000364965	0	0	0	0	0.057	0.800	0	0.046	0.804
RPL13	RPL22L1	9606.ENSP00000307889	9606.ENSP00000346080	0	0	0	0	0.772	0.839	0	0.131	0.965
RPL13	RPS4Y2	9606.ENSP00000307889	9606.ENSP00000486252	0	0	0	0	0.805	0.789	0	0.286	0.968
RPL13	RPL39L	9606.ENSP00000307889	9606.ENSP00000389356	0	0	0	0	0.811	0.842	0	0.116	0.971
RPL13	RPS27L	9606.ENSP00000307889	9606.ENSP00000331019	0	0	0	0	0.822	0.913	0	0.132	0.985
RPL13	RPL36AL	9606.ENSP00000307889	9606.ENSP00000346012	0	0	0	0	0.782	0.955	0	0.364	0.993
RPL13	RPL36A	9606.ENSP00000307889	9606.ENSP00000404375	0	0	0	0	0.760	0.955	0	0.429	0.993
RPL13	RPL39	9606.ENSP00000307889	9606.ENSP00000355315	0	0	0	0	0.875	0.967	0	0.174	0.996
RPL13	RPL26L1	9606.ENSP00000307889	9606.ENSP00000428223	0	0	0	0	0.835	0.986	0	0.112	0.997
RPL13	RPS15A	9606.ENSP00000307889	9606.ENSP00000318646	0	0	0	0	0.931	0.972	0	0.180	0.998
RPL13	RPS24	9606.ENSP00000307889	9606.ENSP00000414321	0	0	0	0	0.991	0.991	0	0.294	0.999
RPL13	RPL9	9606.ENSP00000307889	9606.ENSP00000494697	0	0	0	0	0.990	0.992	0	0.409	0.999
RPL13	RPL18	9606.ENSP00000307889	9606.ENSP00000447001	0	0	0	0	0.991	0.996	0	0.381	0.999
RPL13	RPS21	9606.ENSP00000307889	9606.ENSP00000345957	0	0	0	0	0.987	0.993	0	0.138	0.999
RPL13	RPL7	9606.ENSP00000307889	9606.ENSP00000339795	0	0	0	0	0.959	0.994	0	0.325	0.999
RPL13	RPL36	9606.ENSP00000307889	9606.ENSP00000464342	0	0	0	0	0.981	0.996	0	0.337	0.999
RPL13	RPL6	9606.ENSP00000307889	9606.ENSP00000403172	0	0	0	0	0.991	0.995	0	0.464	0.999
RPL13	RPL7A	9606.ENSP00000307889	9606.ENSP00000361076	0	0	0	0	0.991	0.996	0	0.343	0.999
RPL13	RPL27A	9606.ENSP00000307889	9606.ENSP00000346015	0	0	0	0	0.992	0.997	0	0.437	0.999
RPL13	RPS10	9606.ENSP00000307889	9606.ENSP00000481646	0	0	0	0	0.960	0.979	0	0.214	0.999
RPL13	RPS19	9606.ENSP00000307889	9606.ENSP00000470972	0	0	0	0	0.991	0.993	0	0.493	0.999
RPL13	RPL23	9606.ENSP00000307889	9606.ENSP00000420311	0	0	0	0	0.991	0.995	0	0.485	0.999
RPL13	RPSA	9606.ENSP00000307889	9606.ENSP00000389351	0	0	0	0	0.990	0.992	0	0.266	0.999
RPL13	RPL15	9606.ENSP00000307889	9606.ENSP00000309334	0.075	0	0	0	0.991	0.996	0	0.405	0.999
RPL13	RPL5	9606.ENSP00000307889	9606.ENSP00000359345	0	0	0	0	0.991	0.995	0	0.339	0.999
RPL13	RPS16	9606.ENSP00000307889	9606.ENSP00000367806	0	0	0	0	0.991	0.995	0	0.420	0.999
RPL13	RPL34	9606.ENSP00000307889	9606.ENSP00000378163	0	0	0	0	0.979	0.993	0	0.407	0.999
RPL13	RPS18	9606.ENSP00000307889	9606.ENSP00000393241	0	0	0	0	0.991	0.993	0	0.539	0.999
RPL13	RPS17	9606.ENSP00000307889	9606.ENSP00000498019	0	0	0	0	0.946	0.991	0	0.276	0.999
RPL13	RPL30	9606.ENSP00000307889	9606.ENSP00000428085	0	0	0	0	0.991	0.996	0	0.266	0.999
RPL13	RPS4X	9606.ENSP00000307889	9606.ENSP00000362744	0	0	0	0	0.955	0.981	0	0.326	0.999
RPL13	RPS7	9606.ENSP00000307889	9606.ENSP00000495273	0	0	0	0	0.991	0.994	0	0.536	0.999
RPL13	RPL4	9606.ENSP00000307889	9606.ENSP00000311430	0	0	0	0	0.991	0.996	0	0.340	0.999
RPL13	RPLP1	9606.ENSP00000307889	9606.ENSP00000346037	0	0	0	0	0.992	0.993	0	0.331	0.999
RPL13	RPS5	9606.ENSP00000307889	9606.ENSP00000472985	0	0	0	0	0.991	0.991	0	0.356	0.999
RPL13	RPS28	9606.ENSP00000307889	9606.ENSP00000472469	0	0	0	0	0.979	0.992	0	0.349	0.999
RPL13	RPS25	9606.ENSP00000307889	9606.ENSP00000435096	0	0	0	0	0.979	0.997	0	0.300	0.999
RPL13	RPS20	9606.ENSP00000307889	9606.ENSP00000429374	0	0	0	0	0.981	0.995	0	0.320	0.999
RPL13	RPL23A	9606.ENSP00000307889	9606.ENSP00000389103	0	0	0	0	0.991	0.995	0	0.385	0.999
RPL13	RPL17	9606.ENSP00000307889	9606.ENSP00000463842	0	0	0	0	0.959	0.979	0	0.385	0.999
RPL13	RPS15	9606.ENSP00000307889	9606.ENSP00000466010	0	0	0	0	0.987	0.993	0	0.248	0.999
RPL13	RPS2	9606.ENSP00000307889	9606.ENSP00000341885	0	0	0	0	0.991	0.996	0	0.404	0.999
RPL13	RPS8	9606.ENSP00000307889	9606.ENSP00000379888	0	0	0	0	0.993	0.996	0	0.391	0.999
RPL13	RPL24	9606.ENSP00000307889	9606.ENSP00000377640	0	0	0	0	0.982	0.995	0	0.424	0.999
RPL13	RPL37A	9606.ENSP00000307889	9606.ENSP00000418082	0	0	0	0	0.979	0.995	0	0.116	0.999
RPL13	UBA52	9606.ENSP00000307889	9606.ENSP00000388107	0	0	0	0	0.949	0.992	0	0.215	0.999
RPL13	RPS6	9606.ENSP00000307889	9606.ENSP00000369757	0	0	0	0	0.991	0.995	0	0.377	0.999
RPL13	RPL26	9606.ENSP00000307889	9606.ENSP00000463784	0	0	0	0	0.959	0.985	0	0.167	0.999
RPL13	RPL28	9606.ENSP00000307889	9606.ENSP00000452763	0	0	0	0	0.985	0.993	0	0.471	0.999
RPL13	RPS27	9606.ENSP00000307889	9606.ENSP00000499044	0	0	0	0	0.958	0.979	0	0.280	0.999
RPL13	RPL31	9606.ENSP00000307889	9606.ENSP00000386717	0	0	0	0	0.986	0.993	0	0.335	0.999
RPL13	RPL3	9606.ENSP00000307889	9606.ENSP00000346001	0	0	0	0	0.960	0.992	0	0.427	0.999
RPL13	RPL35A	9606.ENSP00000307889	9606.ENSP00000495672	0	0	0	0	0.991	0.993	0	0.184	0.999
RPL13	RPS26	9606.ENSP00000307889	9606.ENSP00000348849	0	0	0	0	0.990	0.993	0	0.370	0.999
RPL13	RPL21	9606.ENSP00000307889	9606.ENSP00000346027	0	0	0	0	0.991	0.996	0	0.347	0.999
RPL13	RPL14	9606.ENSP00000307889	9606.ENSP00000379506	0	0	0	0	0.991	0.996	0	0.380	0.999
RPL13	RPS29	9606.ENSP00000307889	9606.ENSP00000379339	0	0	0	0	0.973	0.991	0	0.504	0.999
RPL13	RPS14	9606.ENSP00000307889	9606.ENSP00000385958	0	0	0	0	0.964	0.977	0	0.208	0.999
RPL13	RPLP2	9606.ENSP00000307889	9606.ENSP00000431240	0	0	0	0	0.991	0.955	0	0.136	0.999
RPL13	RPS9	9606.ENSP00000307889	9606.ENSP00000375632	0	0	0	0	0.990	0.994	0	0.381	0.999
RPL13	RPL38	9606.ENSP00000307889	9606.ENSP00000309830	0	0	0	0	0.965	0.993	0	0.155	0.999
RPL13	RPL13A	9606.ENSP00000307889	9606.ENSP00000375730	0	0	0	0	0.967	0.992	0.800	0.561	0.999
RPL13	RPL22	9606.ENSP00000307889	9606.ENSP00000346088	0	0	0	0	0.860	0.993	0	0.205	0.999
RPL13	RPL27	9606.ENSP00000307889	9606.ENSP00000464813	0	0	0	0	0.989	0.993	0	0.384	0.999
RPL13	RPL32	9606.ENSP00000307889	9606.ENSP00000416429	0	0	0	0	0.991	0.991	0	0.371	0.999
RPL13	RPLP0	9606.ENSP00000307889	9606.ENSP00000449328	0	0	0	0	0.991	0.995	0	0.425	0.999
RPL13	RPS13	9606.ENSP00000307889	9606.ENSP00000435777	0	0	0	0	0.991	0.995	0	0.320	0.999
RPL13	RPS3A	9606.ENSP00000307889	9606.ENSP00000346050	0	0	0	0	0.991	0.995	0	0.454	0.999
RPL13A	RPL18A	9606.ENSP00000375730	9606.ENSP00000222247	0	0	0	0	0.973	0.996	0.800	0.514	0.999
RPL13A	RPL19	9606.ENSP00000375730	9606.ENSP00000225430	0.053	0	0	0	0.999	0.995	0.800	0.540	0.999
RPL13A	RPS12	9606.ENSP00000375730	9606.ENSP00000230050	0.061	0	0	0	0.962	0.980	0.500	0.219	0.999
RPL13A	RPS4Y1	9606.ENSP00000375730	9606.ENSP00000250784	0.042	0	0	0	0.648	0.912	0.500	0.161	0.985
RPL13A	RPL35	9606.ENSP00000375730	9606.ENSP00000259469	0.115	0	0	0	0.960	0.995	0.800	0.457	0.999
RPL13A	RPL8	9606.ENSP00000375730	9606.ENSP00000262584	0.091	0	0	0	0.961	0.994	0.800	0.590	0.999
RPL13A	RPL3L	9606.ENSP00000375730	9606.ENSP00000268661	0.091	0	0	0	0.688	0.748	0.500	0.295	0.970
RPL13A	RPS11	9606.ENSP00000375730	9606.ENSP00000270625	0.115	0.513	0	0	0.974	0.979	0.500	0.547	0.999
RPL13A	RPS27A	9606.ENSP00000375730	9606.ENSP00000272317	0	0	0	0	0.964	0.968	0.500	0.335	0.999
RPL13A	RPL37	9606.ENSP00000375730	9606.ENSP00000274242	0.042	0	0	0	0.957	0.989	0.800	0.454	0.999
RPL13A	RPS3	9606.ENSP00000375730	9606.ENSP00000278572	0.115	0	0	0	0.999	0.979	0.500	0.602	0.999
RPL13A	RPL29	9606.ENSP00000375730	9606.ENSP00000294189	0	0	0	0	0.943	0.988	0.800	0.508	0.999
RPL13A	RPS23	9606.ENSP00000375730	9606.ENSP00000296674	0.102	0	0	0	0.965	0.981	0.500	0.437	0.999
RPL13A	RPL15	9606.ENSP00000375730	9606.ENSP00000309334	0	0	0	0	0.984	0.994	0.800	0.488	0.999
RPL13A	RPL38	9606.ENSP00000375730	9606.ENSP00000309830	0	0	0	0	0.958	0.992	0.800	0.477	0.999
RPL13A	RPL4	9606.ENSP00000375730	9606.ENSP00000311430	0.091	0	0	0	0.999	0.994	0.800	0.698	0.999
RPL13A	RPS15A	9606.ENSP00000375730	9606.ENSP00000318646	0.058	0	0	0	0.909	0.959	0.500	0.336	0.998
RPL13A	RPS27L	9606.ENSP00000375730	9606.ENSP00000331019	0	0	0	0	0.699	0.748	0.500	0.326	0.971
RPL13A	RPL7	9606.ENSP00000375730	9606.ENSP00000339795	0.079	0	0	0	0.930	0.991	0.800	0.578	0.999
RPL13A	RPS2	9606.ENSP00000375730	9606.ENSP00000341885	0.102	0	0	0	0.965	0.979	0.500	0.507	0.999
RPL13A	RPS21	9606.ENSP00000375730	9606.ENSP00000345957	0	0	0	0	0.959	0.967	0.500	0.459	0.999
RPL13A	RPL3	9606.ENSP00000375730	9606.ENSP00000346001	0.091	0	0	0	0.954	0.993	0.500	0.693	0.999
RPL13A	RPL36AL	9606.ENSP00000375730	9606.ENSP00000346012	0	0	0	0	0.782	0.956	0.500	0.457	0.997
RPL13A	RPL27A	9606.ENSP00000375730	9606.ENSP00000346015	0.056	0	0	0	0.961	0.992	0.800	0.389	0.999
RPL13A	RPL21	9606.ENSP00000375730	9606.ENSP00000346027	0	0	0	0	0.987	0.993	0.800	0.369	0.999
RPL13A	RPLP1	9606.ENSP00000375730	9606.ENSP00000346037	0	0	0	0	0.988	0.959	0.800	0.651	0.999
RPL13A	RPS3A	9606.ENSP00000375730	9606.ENSP00000346050	0	0	0	0	0.968	0.980	0.500	0.479	0.999
RPL13A	RPL22L1	9606.ENSP00000375730	9606.ENSP00000346080	0	0	0	0	0.584	0.805	0.500	0.225	0.964
RPL13A	RPL22	9606.ENSP00000375730	9606.ENSP00000346088	0	0	0	0	0.894	0.989	0.500	0.387	0.999
RPL13A	RPS26	9606.ENSP00000375730	9606.ENSP00000348849	0	0	0	0	0.959	0.977	0.500	0.494	0.999
RPL13A	RPL39	9606.ENSP00000375730	9606.ENSP00000355315	0.070	0	0	0	0.887	0.964	0.500	0.302	0.998
RPL13A	RPL5	9606.ENSP00000375730	9606.ENSP00000359345	0.115	0	0	0	0.961	0.993	0.800	0.516	0.999
RPL13A	RPL7A	9606.ENSP00000375730	9606.ENSP00000361076	0.061	0	0	0	0.960	0.993	0.800	0.572	0.999
RPL13A	RPS4X	9606.ENSP00000375730	9606.ENSP00000362744	0.042	0	0	0	0.919	0.931	0.500	0.412	0.998
RPL13A	SECISBP2	9606.ENSP00000375730	9606.ENSP00000364965	0	0	0	0	0.085	0.800	0	0.042	0.809
RPL13A	RPS16	9606.ENSP00000375730	9606.ENSP00000367806	0.091	0	0	0	0.961	0.982	0.500	0.853	0.999
RPL13A	RPS6	9606.ENSP00000375730	9606.ENSP00000369757	0	0	0	0	0.999	0.986	0.500	0.422	0.999
RPL13A	RPS9	9606.ENSP00000375730	9606.ENSP00000375632	0.102	0	0	0	0.961	0.977	0.500	0.560	0.999
RPL13A	RPS4Y2	9606.ENSP00000375730	9606.ENSP00000486252	0.042	0	0	0	0.643	0.580	0.500	0.141	0.927
RPL13A	RPL41	9606.ENSP00000375730	9606.ENSP00000449026	0	0	0	0	0.358	0.319	0.800	0.312	0.931
RPL13A	RPL39L	9606.ENSP00000375730	9606.ENSP00000389356	0.070	0	0	0	0.686	0.831	0.500	0.173	0.975
RPL13A	RPL26L1	9606.ENSP00000375730	9606.ENSP00000428223	0.091	0	0	0	0.700	0.969	0.500	0.204	0.996
RPL13A	RPL36A	9606.ENSP00000375730	9606.ENSP00000404375	0	0	0	0	0.792	0.952	0.500	0.518	0.997
RPL13A	RPS24	9606.ENSP00000375730	9606.ENSP00000414321	0	0	0	0	0.964	0.967	0.500	0.500	0.999
RPL13A	RPL9	9606.ENSP00000375730	9606.ENSP00000494697	0.102	0	0	0	0.961	0.992	0.800	0.473	0.999
RPL13A	RPL18	9606.ENSP00000375730	9606.ENSP00000447001	0.115	0	0	0	0.961	0.994	0.800	0.552	0.999
RPL13A	RPS10	9606.ENSP00000375730	9606.ENSP00000481646	0	0	0	0	0.930	0.968	0.500	0.387	0.999
RPL13A	RPL6	9606.ENSP00000375730	9606.ENSP00000403172	0.079	0	0	0	0.961	0.991	0.800	0.539	0.999
RPL13A	RPL36	9606.ENSP00000375730	9606.ENSP00000464342	0	0	0	0	0.962	0.993	0.800	0.406	0.999
RPL13A	RPL23	9606.ENSP00000375730	9606.ENSP00000420311	0.115	0	0	0	0.963	0.992	0.800	0.342	0.999
RPL13A	RPS19	9606.ENSP00000375730	9606.ENSP00000470972	0	0	0	0	0.964	0.978	0.500	0.521	0.999
RPL13A	RPSA	9606.ENSP00000375730	9606.ENSP00000389351	0.070	0	0	0	0.960	0.979	0.500	0.400	0.999
RPL13A	RPL34	9606.ENSP00000375730	9606.ENSP00000378163	0.070	0	0	0	0.962	0.992	0.800	0.405	0.999
RPL13A	RPS18	9606.ENSP00000375730	9606.ENSP00000393241	0.115	0	0	0	0.961	0.978	0.500	0.705	0.999
RPL13A	RPL30	9606.ENSP00000375730	9606.ENSP00000428085	0.058	0	0	0	0.963	0.994	0.800	0.513	0.999
RPL13A	RPS17	9606.ENSP00000375730	9606.ENSP00000498019	0	0	0	0	0.959	0.967	0.500	0.286	0.999
RPL13A	RPS7	9606.ENSP00000375730	9606.ENSP00000495273	0	0	0	0	0.959	0.972	0.500	0.241	0.999
RPL13A	RPS28	9606.ENSP00000375730	9606.ENSP00000472469	0.084	0	0	0	0.960	0.967	0.500	0.528	0.999
RPL13A	RPS5	9606.ENSP00000375730	9606.ENSP00000472985	0.091	0	0	0	0.961	0.974	0.500	0.405	0.999
RPL13A	RPS25	9606.ENSP00000375730	9606.ENSP00000435096	0	0	0	0	0.960	0.977	0.500	0.532	0.999
RPL13A	RPL23A	9606.ENSP00000375730	9606.ENSP00000389103	0.115	0	0	0	0.970	0.992	0.800	0.557	0.999
RPL13A	RPL17	9606.ENSP00000375730	9606.ENSP00000463842	0.091	0	0	0	0.962	0.977	0.800	0.205	0.999
RPL13A	RPS20	9606.ENSP00000375730	9606.ENSP00000429374	0.102	0	0	0	0.999	0.980	0.500	0.748	0.999
RPL13A	RPL24	9606.ENSP00000375730	9606.ENSP00000377640	0.057	0	0	0	0.960	0.993	0.800	0.211	0.999
RPL13A	RPL37A	9606.ENSP00000375730	9606.ENSP00000418082	0.086	0	0	0	0.959	0.993	0.800	0.419	0.999
RPL13A	RPS8	9606.ENSP00000375730	9606.ENSP00000379888	0	0	0	0	0.975	0.978	0.500	0.593	0.999
RPL13A	RPS15	9606.ENSP00000375730	9606.ENSP00000466010	0.115	0	0	0	0.959	0.971	0.500	0.550	0.999
RPL13A	UBA52	9606.ENSP00000375730	9606.ENSP00000388107	0.109	0	0	0	0.945	0.975	0.800	0.403	0.999
RPL13A	RPL26	9606.ENSP00000375730	9606.ENSP00000463784	0.091	0	0	0	0.941	0.970	0.500	0.412	0.999
RPL13A	RPL31	9606.ENSP00000375730	9606.ENSP00000386717	0	0	0	0	0.999	0.993	0.800	0.480	0.999
RPL13A	RPL28	9606.ENSP00000375730	9606.ENSP00000452763	0	0	0	0	0.958	0.987	0.800	0.492	0.999
RPL13A	RPS27	9606.ENSP00000375730	9606.ENSP00000499044	0	0	0	0	0.942	0.968	0.500	0.467	0.999
RPL13A	RPL35A	9606.ENSP00000375730	9606.ENSP00000495672	0	0	0	0	0.963	0.991	0.800	0.378	0.999
RPL13A	RPL14	9606.ENSP00000375730	9606.ENSP00000379506	0.079	0	0	0	0.968	0.994	0.800	0.496	0.999
RPL13A	RPS29	9606.ENSP00000375730	9606.ENSP00000379339	0.091	0	0	0	0.959	0.971	0.500	0.496	0.999
RPL13A	RPS14	9606.ENSP00000375730	9606.ENSP00000385958	0.091	0	0	0	0.989	0.978	0.500	0.424	0.999
RPL13A	RPLP2	9606.ENSP00000375730	9606.ENSP00000431240	0	0	0	0	0.958	0.971	0.800	0.332	0.999
RPL13A	RPL27	9606.ENSP00000375730	9606.ENSP00000464813	0.079	0	0	0	0.966	0.991	0.800	0.483	0.999
RPL13A	RPL32	9606.ENSP00000375730	9606.ENSP00000416429	0	0	0	0	0.970	0.994	0.800	0.728	0.999
RPL13A	RPLP0	9606.ENSP00000375730	9606.ENSP00000449328	0.042	0	0	0	0.967	0.977	0.800	0.614	0.999
RPL13A	RPS13	9606.ENSP00000375730	9606.ENSP00000435777	0.084	0	0	0	0.968	0.979	0.500	0.519	0.999
RPL14	RPL18A	9606.ENSP00000379506	9606.ENSP00000222247	0	0	0	0	0.987	0.995	0	0.732	0.999
RPL14	RPL19	9606.ENSP00000379506	9606.ENSP00000225430	0.111	0	0	0	0.985	0.995	0	0.755	0.999
RPL14	RPS12	9606.ENSP00000379506	9606.ENSP00000230050	0	0	0	0	0.991	0.995	0	0.418	0.999
RPL14	RPS4Y1	9606.ENSP00000379506	9606.ENSP00000250784	0.079	0	0	0	0.806	0.954	0	0.317	0.993
RPL14	RPL35	9606.ENSP00000379506	9606.ENSP00000259469	0.111	0	0	0	0.981	0.995	0	0.625	0.999
RPL14	RPL8	9606.ENSP00000379506	9606.ENSP00000262584	0.079	0	0	0	0.991	0.995	0	0.724	0.999
RPL14	RPL3L	9606.ENSP00000379506	9606.ENSP00000268661	0.079	0	0	0	0.786	0.903	0	0.367	0.986
RPL14	RPS11	9606.ENSP00000379506	9606.ENSP00000270625	0.111	0	0	0	0.991	0.994	0	0.775	0.999
RPL14	RPS27A	9606.ENSP00000379506	9606.ENSP00000272317	0	0	0	0	0.991	0.992	0	0.393	0.999
RPL14	RPL37	9606.ENSP00000379506	9606.ENSP00000274242	0.047	0	0	0	0.991	0.991	0	0.553	0.999
RPL14	RPS3	9606.ENSP00000379506	9606.ENSP00000278572	0.111	0	0	0	0.991	0.994	0	0.874	0.999
RPL14	RPL29	9606.ENSP00000379506	9606.ENSP00000294189	0	0	0	0	0.977	0.992	0	0.783	0.999
RPL14	RPS23	9606.ENSP00000379506	9606.ENSP00000296674	0.059	0	0	0	0.999	0.995	0	0.643	0.999
RPL14	RPL15	9606.ENSP00000379506	9606.ENSP00000309334	0	0	0	0	0.991	0.995	0	0.709	0.999
RPL14	RPL38	9606.ENSP00000379506	9606.ENSP00000309830	0	0	0	0	0.978	0.995	0	0.579	0.999
RPL14	RPL4	9606.ENSP00000379506	9606.ENSP00000311430	0.079	0	0	0	0.991	0.996	0	0.678	0.999
RPL14	RPS15A	9606.ENSP00000379506	9606.ENSP00000318646	0.057	0	0	0	0.999	0.973	0	0.390	0.999
RPL14	RPS27L	9606.ENSP00000379506	9606.ENSP00000331019	0	0	0	0	0.834	0.872	0	0.469	0.987
RPL14	RPL7	9606.ENSP00000379506	9606.ENSP00000339795	0.069	0	0	0	0.961	0.993	0	0.760	0.999
RPL14	RPS2	9606.ENSP00000379506	9606.ENSP00000341885	0.095	0	0	0	0.991	0.993	0	0.758	0.999
RPL14	RPS21	9606.ENSP00000379506	9606.ENSP00000345957	0	0	0	0	0.990	0.992	0	0.493	0.999
RPL14	RPL3	9606.ENSP00000379506	9606.ENSP00000346001	0.079	0	0	0	0.949	0.995	0	0.778	0.999
RPL14	RPL36AL	9606.ENSP00000379506	9606.ENSP00000346012	0	0	0	0	0.843	0.963	0	0.529	0.997
RPL14	RPL27A	9606.ENSP00000379506	9606.ENSP00000346015	0.055	0	0	0	0.991	0.994	0	0.744	0.999
RPL14	RPL21	9606.ENSP00000379506	9606.ENSP00000346027	0	0	0	0	0.992	0.995	0	0.768	0.999
RPL14	RPLP1	9606.ENSP00000379506	9606.ENSP00000346037	0	0	0	0	0.991	0.988	0	0.629	0.999
RPL14	RPS3A	9606.ENSP00000379506	9606.ENSP00000346050	0	0	0	0	0.991	0.995	0	0.726	0.999
RPL14	RPL22L1	9606.ENSP00000379506	9606.ENSP00000346080	0	0	0	0	0.835	0.840	0	0.503	0.985
RPL14	RPL22	9606.ENSP00000379506	9606.ENSP00000346088	0	0	0	0	0.901	0.991	0	0.733	0.999
RPL14	RPS26	9606.ENSP00000379506	9606.ENSP00000348849	0	0	0	0	0.991	0.995	0	0.772	0.999
RPL14	RPL39	9606.ENSP00000379506	9606.ENSP00000355315	0	0	0	0	0.965	0.967	0	0.571	0.999
RPL14	RPL5	9606.ENSP00000379506	9606.ENSP00000359345	0.111	0	0	0	0.983	0.994	0	0.799	0.999
RPL14	RPL7A	9606.ENSP00000379506	9606.ENSP00000361076	0	0	0	0	0.991	0.995	0	0.674	0.999
RPL14	RPS4X	9606.ENSP00000379506	9606.ENSP00000362744	0.079	0	0	0	0.956	0.973	0	0.690	0.999
RPL14	SECISBP2	9606.ENSP00000379506	9606.ENSP00000364965	0	0	0	0	0.056	0.800	0	0.102	0.816
RPL14	RPS16	9606.ENSP00000379506	9606.ENSP00000367806	0.079	0	0	0	0.994	0.995	0	0.724	0.999
RPL14	RPS6	9606.ENSP00000379506	9606.ENSP00000369757	0	0	0	0	0.993	0.995	0	0.767	0.999
RPL14	RPS9	9606.ENSP00000379506	9606.ENSP00000375632	0.095	0	0	0	0.990	0.993	0	0.613	0.999
RPL14	RPL24	9606.ENSP00000379506	9606.ENSP00000377640	0	0	0	0	0.991	0.994	0	0.380	0.999
RPL14	RPL34	9606.ENSP00000379506	9606.ENSP00000378163	0.111	0	0	0	0.993	0.993	0	0.591	0.999
RPL14	RPS29	9606.ENSP00000379506	9606.ENSP00000379339	0.079	0	0	0	0.991	0.991	0	0.535	0.999
RPL14	RPL41	9606.ENSP00000379506	9606.ENSP00000449026	0	0	0	0	0.247	0.429	0	0.356	0.699
RPL14	RPS4Y2	9606.ENSP00000379506	9606.ENSP00000486252	0.079	0	0	0	0.806	0.806	0	0.272	0.971
RPL14	RPL39L	9606.ENSP00000379506	9606.ENSP00000389356	0	0	0	0	0.833	0.842	0	0.387	0.982
RPL14	RPL36A	9606.ENSP00000379506	9606.ENSP00000404375	0	0	0	0	0.948	0.955	0	0.556	0.998
RPL14	RPL26L1	9606.ENSP00000379506	9606.ENSP00000428223	0.079	0	0	0	0.834	0.982	0	0.390	0.998
RPL14	RPS27	9606.ENSP00000379506	9606.ENSP00000499044	0	0	0	0	0.960	0.979	0	0.589	0.999
RPL14	RPL28	9606.ENSP00000379506	9606.ENSP00000452763	0	0	0	0	0.979	0.994	0	0.666	0.999
RPL14	RPL31	9606.ENSP00000379506	9606.ENSP00000386717	0	0	0	0	0.999	0.995	0	0.689	0.999
RPL14	RPL35A	9606.ENSP00000379506	9606.ENSP00000495672	0	0	0	0	0.999	0.992	0	0.663	0.999
RPL14	RPLP2	9606.ENSP00000379506	9606.ENSP00000431240	0	0	0	0	0.991	0.989	0	0.378	0.999
RPL14	RPS14	9606.ENSP00000379506	9606.ENSP00000385958	0.079	0	0	0	0.999	0.981	0	0.755	0.999
RPL14	RPS13	9606.ENSP00000379506	9606.ENSP00000435777	0	0	0	0	0.991	0.993	0	0.712	0.999
RPL14	RPL27	9606.ENSP00000379506	9606.ENSP00000464813	0	0	0	0	0.991	0.994	0	0.648	0.999
RPL14	RPL32	9606.ENSP00000379506	9606.ENSP00000416429	0.057	0	0	0	0.999	0.992	0	0.710	0.999
RPL14	RPLP0	9606.ENSP00000379506	9606.ENSP00000449328	0	0	0	0	0.981	0.995	0	0.350	0.999
RPL14	RPL6	9606.ENSP00000379506	9606.ENSP00000403172	0	0	0	0	0.992	0.994	0	0.842	0.999
RPL14	RPL36	9606.ENSP00000379506	9606.ENSP00000464342	0	0	0	0	0.990	0.995	0	0.851	0.999
RPL14	RPS10	9606.ENSP00000379506	9606.ENSP00000481646	0	0	0	0	0.999	0.983	0	0.702	0.999
RPL14	RPS24	9606.ENSP00000379506	9606.ENSP00000414321	0	0	0	0	0.992	0.992	0	0.865	0.999
RPL14	RPL18	9606.ENSP00000379506	9606.ENSP00000447001	0.061	0	0	0	0.991	0.995	0	0.716	0.999
RPL14	RPL9	9606.ENSP00000379506	9606.ENSP00000494697	0.095	0	0	0	0.991	0.993	0	0.784	0.999
RPL14	RPS18	9606.ENSP00000379506	9606.ENSP00000393241	0.111	0	0	0	0.991	0.993	0	0.709	0.999
RPL14	RPL23	9606.ENSP00000379506	9606.ENSP00000420311	0.111	0	0	0	0.995	0.995	0	0.328	0.999
RPL14	RPS19	9606.ENSP00000379506	9606.ENSP00000470972	0	0	0	0	0.991	0.994	0	0.794	0.999
RPL14	RPSA	9606.ENSP00000379506	9606.ENSP00000389351	0.042	0	0	0	0.982	0.994	0	0.510	0.999
RPL14	RPS7	9606.ENSP00000379506	9606.ENSP00000495273	0	0	0	0	0.989	0.993	0	0.504	0.999
RPL14	RPS5	9606.ENSP00000379506	9606.ENSP00000472985	0.061	0	0	0	0.981	0.993	0	0.509	0.999
RPL14	RPS28	9606.ENSP00000379506	9606.ENSP00000472469	0	0	0	0	0.991	0.992	0	0.746	0.999
RPL14	RPL30	9606.ENSP00000379506	9606.ENSP00000428085	0.051	0	0	0	0.992	0.997	0	0.514	0.999
RPL14	RPS17	9606.ENSP00000379506	9606.ENSP00000498019	0	0	0	0	0.973	0.992	0	0.685	0.999
RPL14	RPS8	9606.ENSP00000379506	9606.ENSP00000379888	0	0	0	0	0.999	0.995	0	0.923	0.999
RPL14	RPS15	9606.ENSP00000379506	9606.ENSP00000466010	0.111	0	0	0	0.982	0.993	0	0.727	0.999
RPL14	RPL37A	9606.ENSP00000379506	9606.ENSP00000418082	0	0	0	0	0.991	0.995	0	0.644	0.999
RPL14	RPL26	9606.ENSP00000379506	9606.ENSP00000463784	0.079	0	0	0	0.969	0.978	0	0.762	0.999
RPL14	UBA52	9606.ENSP00000379506	9606.ENSP00000388107	0	0	0	0	0.970	0.991	0	0.410	0.999
RPL14	RPS25	9606.ENSP00000379506	9606.ENSP00000435096	0	0	0	0	0.990	0.995	0	0.705	0.999
RPL14	RPS20	9606.ENSP00000379506	9606.ENSP00000429374	0.095	0	0	0	0.999	0.994	0	0.599	0.999
RPL14	RPL17	9606.ENSP00000379506	9606.ENSP00000463842	0.079	0	0	0	0.966	0.977	0	0.336	0.999
RPL14	RPL23A	9606.ENSP00000379506	9606.ENSP00000389103	0.111	0	0	0	0.991	0.995	0	0.603	0.999
RPL15	RPL18A	9606.ENSP00000309334	9606.ENSP00000222247	0	0	0	0	0.991	0.995	0	0.575	0.999
RPL15	RPL19	9606.ENSP00000309334	9606.ENSP00000225430	0	0	0	0	0.997	0.995	0	0.788	0.999
RPL15	RPS12	9606.ENSP00000309334	9606.ENSP00000230050	0	0	0	0	0.981	0.995	0	0.218	0.999
RPL15	RPS4Y1	9606.ENSP00000309334	9606.ENSP00000250784	0	0	0	0	0.809	0.954	0	0.427	0.994
RPL15	RPL35	9606.ENSP00000309334	9606.ENSP00000259469	0	0	0	0	0.990	0.995	0	0.504	0.999
RPL15	RPL8	9606.ENSP00000309334	9606.ENSP00000262584	0	0	0	0	0.991	0.995	0	0.709	0.999
RPL15	RPL3L	9606.ENSP00000309334	9606.ENSP00000268661	0	0	0	0	0.829	0.903	0	0.470	0.990
RPL15	RPS11	9606.ENSP00000309334	9606.ENSP00000270625	0	0	0	0	0.991	0.994	0	0.571	0.999
RPL15	RPS27A	9606.ENSP00000309334	9606.ENSP00000272317	0	0	0	0	0.991	0.992	0	0.286	0.999
RPL15	RPL37	9606.ENSP00000309334	9606.ENSP00000274242	0	0	0	0	0.952	0.991	0	0.519	0.999
RPL15	RPS3	9606.ENSP00000309334	9606.ENSP00000278572	0	0	0	0	0.999	0.994	0	0.638	0.999
RPL15	RPL29	9606.ENSP00000309334	9606.ENSP00000294189	0	0	0	0	0.969	0.991	0	0.565	0.999
RPL15	RPS23	9606.ENSP00000309334	9606.ENSP00000296674	0	0	0	0	0.982	0.995	0	0.625	0.999
RPL15	RPL41	9606.ENSP00000309334	9606.ENSP00000449026	0	0	0	0	0.202	0.429	0	0.336	0.671
RPL15	SECISBP2	9606.ENSP00000309334	9606.ENSP00000364965	0	0	0	0	0.094	0.800	0	0.050	0.812
RPL15	RPS4Y2	9606.ENSP00000309334	9606.ENSP00000486252	0	0	0	0	0.806	0.783	0	0.365	0.970
RPL15	RPL22L1	9606.ENSP00000309334	9606.ENSP00000346080	0	0	0	0	0.702	0.840	0	0.461	0.972
RPL15	RPL39L	9606.ENSP00000309334	9606.ENSP00000389356	0	0	0	0	0.822	0.842	0	0.472	0.983
RPL15	RPS27L	9606.ENSP00000309334	9606.ENSP00000331019	0	0	0	0	0.836	0.894	0	0.676	0.993
RPL15	RPL36AL	9606.ENSP00000309334	9606.ENSP00000346012	0.042	0	0	0	0.861	0.959	0	0.647	0.997
RPL15	RPL36A	9606.ENSP00000309334	9606.ENSP00000404375	0.042	0	0	0	0.845	0.955	0	0.626	0.997
RPL15	RPL26L1	9606.ENSP00000309334	9606.ENSP00000428223	0	0	0	0	0.836	0.981	0	0.486	0.998
RPL15	RPL39	9606.ENSP00000309334	9606.ENSP00000355315	0	0	0	0	0.887	0.967	0	0.585	0.998
RPL15	RPS24	9606.ENSP00000309334	9606.ENSP00000414321	0	0	0	0	0.991	0.992	0	0.769	0.999
RPL15	RPL7	9606.ENSP00000309334	9606.ENSP00000339795	0	0	0	0	0.961	0.993	0	0.662	0.999
RPL15	RPL9	9606.ENSP00000309334	9606.ENSP00000494697	0	0	0	0	0.991	0.993	0	0.556	0.999
RPL15	RPL18	9606.ENSP00000309334	9606.ENSP00000447001	0	0	0	0	0.991	0.995	0	0.759	0.999
RPL15	RPS21	9606.ENSP00000309334	9606.ENSP00000345957	0	0	0	0	0.967	0.992	0	0.298	0.999
RPL15	RPL7A	9606.ENSP00000309334	9606.ENSP00000361076	0	0	0	0	0.979	0.997	0	0.558	0.999
RPL15	RPL27A	9606.ENSP00000309334	9606.ENSP00000346015	0	0	0	0	0.991	0.995	0	0.531	0.999
RPL15	RPS10	9606.ENSP00000309334	9606.ENSP00000481646	0	0	0	0	0.958	0.979	0	0.756	0.999
RPL15	RPL36	9606.ENSP00000309334	9606.ENSP00000464342	0	0	0	0	0.975	0.995	0	0.760	0.999
RPL15	RPL6	9606.ENSP00000309334	9606.ENSP00000403172	0	0	0	0	0.991	0.995	0	0.724	0.999
RPL15	RPS19	9606.ENSP00000309334	9606.ENSP00000470972	0	0	0	0	0.991	0.994	0	0.744	0.999
RPL15	RPL23	9606.ENSP00000309334	9606.ENSP00000420311	0	0	0	0	0.991	0.995	0	0.251	0.999
RPL15	RPSA	9606.ENSP00000309334	9606.ENSP00000389351	0.056	0	0	0	0.990	0.995	0	0.510	0.999
RPL15	RPL34	9606.ENSP00000309334	9606.ENSP00000378163	0	0	0	0	0.991	0.993	0	0.494	0.999
RPL15	RPS18	9606.ENSP00000309334	9606.ENSP00000393241	0	0	0	0	0.991	0.993	0	0.506	0.999
RPL15	RPL5	9606.ENSP00000309334	9606.ENSP00000359345	0	0.080	0	0	0.991	0.994	0	0.775	0.999
RPL15	RPS16	9606.ENSP00000309334	9606.ENSP00000367806	0	0	0	0	0.987	0.995	0	0.614	0.999
RPL15	RPS17	9606.ENSP00000309334	9606.ENSP00000498019	0	0	0	0	0.978	0.991	0	0.758	0.999
RPL15	RPL30	9606.ENSP00000309334	9606.ENSP00000428085	0	0	0	0	0.991	0.995	0	0.623	0.999
RPL15	RPLP1	9606.ENSP00000309334	9606.ENSP00000346037	0	0	0	0	0.991	0.989	0	0.441	0.999
RPL15	RPS4X	9606.ENSP00000309334	9606.ENSP00000362744	0	0	0	0	0.954	0.978	0	0.571	0.999
RPL15	RPS7	9606.ENSP00000309334	9606.ENSP00000495273	0	0	0	0	0.990	0.993	0	0.418	0.999
RPL15	RPL4	9606.ENSP00000309334	9606.ENSP00000311430	0	0	0	0	0.994	0.995	0	0.716	0.999
RPL15	RPS28	9606.ENSP00000309334	9606.ENSP00000472469	0	0	0	0	0.972	0.992	0	0.626	0.999
RPL15	RPS5	9606.ENSP00000309334	9606.ENSP00000472985	0	0	0	0	0.991	0.993	0	0.375	0.999
RPL15	RPS25	9606.ENSP00000309334	9606.ENSP00000435096	0	0	0	0	0.990	0.995	0	0.622	0.999
RPL15	RPL23A	9606.ENSP00000309334	9606.ENSP00000389103	0	0	0	0	0.993	0.995	0	0.630	0.999
RPL15	RPL17	9606.ENSP00000309334	9606.ENSP00000463842	0	0	0	0	0.961	0.981	0	0.232	0.999
RPL15	RPS20	9606.ENSP00000309334	9606.ENSP00000429374	0	0	0	0	0.988	0.995	0	0.643	0.999
RPL15	RPL24	9606.ENSP00000309334	9606.ENSP00000377640	0	0	0	0	0.986	0.995	0	0.398	0.999
RPL15	RPL37A	9606.ENSP00000309334	9606.ENSP00000418082	0.231	0	0	0	0.980	0.995	0	0.560	0.999
RPL15	RPS15	9606.ENSP00000309334	9606.ENSP00000466010	0	0	0	0	0.981	0.993	0	0.644	0.999
RPL15	RPS2	9606.ENSP00000309334	9606.ENSP00000341885	0	0	0	0	0.990	0.994	0	0.648	0.999
RPL15	RPS8	9606.ENSP00000309334	9606.ENSP00000379888	0	0	0	0	0.991	0.994	0	0.715	0.999
RPL15	UBA52	9606.ENSP00000309334	9606.ENSP00000388107	0	0	0	0	0.975	0.991	0	0.628	0.999
RPL15	RPS6	9606.ENSP00000309334	9606.ENSP00000369757	0	0	0	0	0.998	0.995	0	0.574	0.999
RPL15	RPL26	9606.ENSP00000309334	9606.ENSP00000463784	0	0	0	0	0.959	0.984	0	0.753	0.999
RPL15	RPL31	9606.ENSP00000309334	9606.ENSP00000386717	0.042	0	0	0	0.991	0.994	0	0.767	0.999
RPL15	RPL3	9606.ENSP00000309334	9606.ENSP00000346001	0	0	0	0	0.962	0.995	0	0.693	0.999
RPL15	RPL28	9606.ENSP00000309334	9606.ENSP00000452763	0	0	0	0	0.980	0.991	0	0.674	0.999
RPL15	RPS27	9606.ENSP00000309334	9606.ENSP00000499044	0	0	0	0	0.960	0.979	0	0.680	0.999
RPL15	RPL35A	9606.ENSP00000309334	9606.ENSP00000495672	0	0	0	0	0.991	0.993	0	0.756	0.999
RPL15	RPS26	9606.ENSP00000309334	9606.ENSP00000348849	0	0	0	0	0.990	0.995	0	0.745	0.999
RPL15	RPL21	9606.ENSP00000309334	9606.ENSP00000346027	0	0	0	0	0.991	0.995	0	0.724	0.999
RPL15	RPS29	9606.ENSP00000309334	9606.ENSP00000379339	0	0	0	0	0.979	0.991	0	0.707	0.999
RPL15	RPS14	9606.ENSP00000309334	9606.ENSP00000385958	0	0	0	0	0.967	0.987	0	0.605	0.999
RPL15	RPLP2	9606.ENSP00000309334	9606.ENSP00000431240	0	0	0	0	0.980	0.990	0	0.507	0.999
RPL15	RPS15A	9606.ENSP00000309334	9606.ENSP00000318646	0	0	0	0	0.927	0.973	0	0.600	0.999
RPL15	RPS9	9606.ENSP00000309334	9606.ENSP00000375632	0	0	0	0	0.990	0.993	0	0.515	0.999
RPL15	RPL38	9606.ENSP00000309334	9606.ENSP00000309830	0	0	0	0	0.966	0.993	0	0.602	0.999
RPL15	RPL22	9606.ENSP00000309334	9606.ENSP00000346088	0	0	0	0	0.926	0.992	0	0.700	0.999
RPL15	RPL27	9606.ENSP00000309334	9606.ENSP00000464813	0	0	0	0	0.979	0.993	0	0.671	0.999
RPL15	RPL32	9606.ENSP00000309334	9606.ENSP00000416429	0	0	0	0	0.986	0.992	0	0.572	0.999
RPL15	RPLP0	9606.ENSP00000309334	9606.ENSP00000449328	0	0	0	0	0.993	0.994	0	0.443	0.999
RPL15	RPS13	9606.ENSP00000309334	9606.ENSP00000435777	0	0	0	0	0.992	0.994	0	0.591	0.999
RPL15	RPS3A	9606.ENSP00000309334	9606.ENSP00000346050	0.121	0	0	0	0.991	0.995	0	0.508	0.999
RPL17	RPL18A	9606.ENSP00000463842	9606.ENSP00000222247	0	0	0	0	0.961	0.973	0	0.347	0.999
RPL17	RPL19	9606.ENSP00000463842	9606.ENSP00000225430	0.115	0	0	0	0.962	0.983	0	0.398	0.999
RPL17	RPS12	9606.ENSP00000463842	9606.ENSP00000230050	0.059	0	0	0	0.974	0.979	0	0.132	0.999
RPL17	RPS4Y1	9606.ENSP00000463842	9606.ENSP00000250784	0.091	0	0	0	0.658	0.912	0	0.177	0.974
RPL17	RPL35	9606.ENSP00000463842	9606.ENSP00000259469	0.115	0	0	0	0.960	0.979	0	0.334	0.999
RPL17	RPL8	9606.ENSP00000463842	9606.ENSP00000262584	0.091	0	0	0	0.960	0.985	0	0.349	0.999
RPL17	RPL3L	9606.ENSP00000463842	9606.ENSP00000268661	0.091	0	0	0	0.689	0.747	0	0.205	0.935
RPL17	RPS11	9606.ENSP00000463842	9606.ENSP00000270625	0.115	0	0	0	0.960	0.981	0	0.435	0.999
RPL17	RPS27A	9606.ENSP00000463842	9606.ENSP00000272317	0	0	0	0	0.954	0.979	0	0.093	0.999
RPL17	RPL37	9606.ENSP00000463842	9606.ENSP00000274242	0	0	0	0	0.896	0.967	0	0.419	0.997
RPL17	RPS3	9606.ENSP00000463842	9606.ENSP00000278572	0.115	0	0	0	0.961	0.981	0	0.390	0.999
RPL17	RPL29	9606.ENSP00000463842	9606.ENSP00000294189	0	0	0	0	0.930	0.976	0	0.221	0.998
RPL17	RPS23	9606.ENSP00000463842	9606.ENSP00000296674	0.102	0	0	0	0.966	0.980	0	0.302	0.999
RPL17	RPL38	9606.ENSP00000463842	9606.ENSP00000309830	0	0	0	0	0.957	0.973	0	0.293	0.999
RPL17	RPL4	9606.ENSP00000463842	9606.ENSP00000311430	0.091	0	0	0	0.966	0.986	0	0.279	0.999
RPL17	RPS15A	9606.ENSP00000463842	9606.ENSP00000318646	0.058	0	0	0	0.951	0.949	0	0.154	0.997
RPL17	RPS27L	9606.ENSP00000463842	9606.ENSP00000331019	0	0	0	0	0.719	0.819	0	0.185	0.955
RPL17	RPL7	9606.ENSP00000463842	9606.ENSP00000339795	0.079	0	0	0	0.931	0.979	0	0.360	0.999
RPL17	RPS2	9606.ENSP00000463842	9606.ENSP00000341885	0.102	0	0	0	0.960	0.981	0	0.240	0.999
RPL17	RPS21	9606.ENSP00000463842	9606.ENSP00000345957	0	0	0	0	0.960	0.973	0	0.263	0.999
RPL17	RPL3	9606.ENSP00000463842	9606.ENSP00000346001	0.091	0	0	0	0.929	0.985	0	0.205	0.999
RPL17	RPL36AL	9606.ENSP00000463842	9606.ENSP00000346012	0	0	0	0	0.845	0.921	0	0.324	0.991
RPL17	RPL27A	9606.ENSP00000463842	9606.ENSP00000346015	0.056	0	0	0	0.959	0.973	0	0.154	0.999
RPL17	RPL21	9606.ENSP00000463842	9606.ENSP00000346027	0	0	0	0	0.962	0.983	0	0.396	0.999
RPL17	RPLP1	9606.ENSP00000463842	9606.ENSP00000346037	0.041	0	0	0	0.959	0.954	0	0.059	0.998
RPL17	RPS3A	9606.ENSP00000463842	9606.ENSP00000346050	0	0	0	0	0.988	0.985	0	0.446	0.999
RPL17	RPL22L1	9606.ENSP00000463842	9606.ENSP00000346080	0	0	0	0	0.430	0.748	0	0.138	0.865
RPL17	RPL22	9606.ENSP00000463842	9606.ENSP00000346088	0	0	0	0	0.841	0.970	0	0.351	0.996
RPL17	RPS26	9606.ENSP00000463842	9606.ENSP00000348849	0	0	0	0	0.958	0.973	0	0.242	0.999
RPL17	RPL39	9606.ENSP00000463842	9606.ENSP00000355315	0	0	0	0	0.956	0.947	0	0.399	0.998
RPL17	RPL5	9606.ENSP00000463842	9606.ENSP00000359345	0.115	0	0	0	0.961	0.986	0	0.655	0.999
RPL17	RPL7A	9606.ENSP00000463842	9606.ENSP00000361076	0.059	0	0	0	0.958	0.973	0	0.203	0.999
RPL17	RPS4X	9606.ENSP00000463842	9606.ENSP00000362744	0.091	0	0	0	0.921	0.946	0	0.283	0.996
RPL17	SECISBP2	9606.ENSP00000463842	9606.ENSP00000364965	0	0	0	0	0.081	0.800	0	0	0.808
RPL17	RPS16	9606.ENSP00000463842	9606.ENSP00000367806	0.091	0	0	0	0.961	0.979	0	0.204	0.999
RPL17	RPS6	9606.ENSP00000463842	9606.ENSP00000369757	0	0	0	0	0.999	0.986	0	0.340	0.999
RPL17	RPS9	9606.ENSP00000463842	9606.ENSP00000375632	0.102	0	0	0	0.960	0.977	0	0.411	0.999
RPL17	RPL24	9606.ENSP00000463842	9606.ENSP00000377640	0	0	0	0	0.964	0.982	0	0.371	0.999
RPL17	RPL34	9606.ENSP00000463842	9606.ENSP00000378163	0.115	0	0	0	0.965	0.967	0	0.364	0.999
RPL17	RPS29	9606.ENSP00000463842	9606.ENSP00000379339	0.091	0	0	0	0.958	0.967	0	0.283	0.998
RPL17	RPS8	9606.ENSP00000463842	9606.ENSP00000379888	0	0	0	0	0.961	0.984	0	0.294	0.999
RPL17	RPS14	9606.ENSP00000463842	9606.ENSP00000385958	0.091	0	0	0	0.929	0.958	0	0.265	0.997
RPL17	RPL31	9606.ENSP00000463842	9606.ENSP00000386717	0	0	0	0	0.982	0.978	0	0.391	0.999
RPL17	UBA52	9606.ENSP00000463842	9606.ENSP00000388107	0	0	0	0	0.781	0.972	0	0.215	0.994
RPL17	RPL23A	9606.ENSP00000463842	9606.ENSP00000389103	0.115	0	0	0	0.960	0.986	0	0.345	0.999
RPL17	RPSA	9606.ENSP00000463842	9606.ENSP00000389351	0.054	0	0	0	0.962	0.973	0	0.203	0.999
RPL17	RPL39L	9606.ENSP00000463842	9606.ENSP00000389356	0	0	0	0	0.674	0.749	0	0.170	0.926
RPL17	RPS18	9606.ENSP00000463842	9606.ENSP00000393241	0.115	0	0	0	0.960	0.973	0	0.315	0.999
RPL17	RPL6	9606.ENSP00000463842	9606.ENSP00000403172	0.079	0	0	0	0.999	0.972	0	0.428	0.999
RPL17	RPL36A	9606.ENSP00000463842	9606.ENSP00000404375	0	0	0	0	0.793	0.912	0	0.300	0.986
RPL17	RPS24	9606.ENSP00000463842	9606.ENSP00000414321	0	0	0	0	0.963	0.973	0	0.242	0.999
RPL17	RPL32	9606.ENSP00000463842	9606.ENSP00000416429	0.057	0	0	0	0.958	0.988	0	0.260	0.999
RPL17	RPL37A	9606.ENSP00000463842	9606.ENSP00000418082	0	0	0	0	0.896	0.974	0	0.372	0.998
RPL17	RPL23	9606.ENSP00000463842	9606.ENSP00000420311	0.115	0	0	0	0.962	0.980	0	0.971	0.999
RPL17	RPL30	9606.ENSP00000463842	9606.ENSP00000428085	0	0	0	0	0.961	0.970	0	0.093	0.998
RPL17	RPL26L1	9606.ENSP00000463842	9606.ENSP00000428223	0.091	0	0	0	0.756	0.963	0	0.204	0.992
RPL17	RPS20	9606.ENSP00000463842	9606.ENSP00000429374	0.102	0	0	0	0.980	0.979	0	0.327	0.999
RPL17	RPLP2	9606.ENSP00000463842	9606.ENSP00000431240	0	0	0	0	0.909	0.955	0	0.051	0.995
RPL17	RPS25	9606.ENSP00000463842	9606.ENSP00000435096	0	0	0	0	0.960	0.973	0	0.310	0.999
RPL17	RPS13	9606.ENSP00000463842	9606.ENSP00000435777	0	0	0	0	0.983	0.983	0	0.259	0.999
RPL17	RPL18	9606.ENSP00000463842	9606.ENSP00000447001	0.043	0	0	0	0.959	0.981	0	0.166	0.999
RPL17	RPL41	9606.ENSP00000463842	9606.ENSP00000449026	0	0	0	0	0.455	0.319	0	0	0.613
RPL17	RPLP0	9606.ENSP00000463842	9606.ENSP00000449328	0.102	0	0	0	0.964	0.980	0	0.240	0.999
RPL17	RPL28	9606.ENSP00000463842	9606.ENSP00000452763	0	0	0	0	0.957	0.970	0	0.303	0.999
RPL17	RPL26	9606.ENSP00000463842	9606.ENSP00000463784	0.091	0	0	0	0.999	0.979	0	0.428	0.999
RPL17	RPS4Y2	9606.ENSP00000463842	9606.ENSP00000486252	0.091	0	0	0	0.656	0.579	0	0.177	0.877
RPL17	RPS27	9606.ENSP00000463842	9606.ENSP00000499044	0	0	0	0	0.924	0.947	0	0.250	0.996
RPL17	RPL36	9606.ENSP00000463842	9606.ENSP00000464342	0	0	0	0	0.960	0.975	0	0.252	0.999
RPL17	RPS10	9606.ENSP00000463842	9606.ENSP00000481646	0	0	0	0	0.999	0.953	0	0.128	0.999
RPL17	RPL9	9606.ENSP00000463842	9606.ENSP00000494697	0.102	0	0	0	0.999	0.978	0	0.241	0.999
RPL17	RPS19	9606.ENSP00000463842	9606.ENSP00000470972	0	0	0	0	0.959	0.977	0	0.359	0.999
RPL17	RPS7	9606.ENSP00000463842	9606.ENSP00000495273	0	0	0	0	0.961	0.967	0	0.287	0.999
RPL17	RPS5	9606.ENSP00000463842	9606.ENSP00000472985	0.091	0	0	0	0.972	0.979	0	0.248	0.999
RPL17	RPS28	9606.ENSP00000463842	9606.ENSP00000472469	0	0	0	0	0.957	0.973	0	0.260	0.999
RPL17	RPS17	9606.ENSP00000463842	9606.ENSP00000498019	0.046	0	0	0	0.963	0.967	0	0.449	0.999
RPL17	RPS15	9606.ENSP00000463842	9606.ENSP00000466010	0.115	0	0	0	0.961	0.976	0	0.461	0.999
RPL17	RPL35A	9606.ENSP00000463842	9606.ENSP00000495672	0	0	0	0	0.963	0.973	0	0.348	0.999
RPL17	RPL27	9606.ENSP00000463842	9606.ENSP00000464813	0.079	0	0	0	0.974	0.967	0	0.191	0.999
RPL18	RPL18A	9606.ENSP00000447001	9606.ENSP00000222247	0	0	0	0	0.994	0.995	0.900	0.505	0.999
RPL18	RPL19	9606.ENSP00000447001	9606.ENSP00000225430	0.057	0	0	0	0.992	0.995	0.900	0.666	0.999
RPL18	RPS12	9606.ENSP00000447001	9606.ENSP00000230050	0.098	0	0	0	0.992	0.995	0	0.630	0.999
RPL18	RPS4Y1	9606.ENSP00000447001	9606.ENSP00000250784	0.045	0	0	0	0.806	0.954	0	0.409	0.994
RPL18	RPL35	9606.ENSP00000447001	9606.ENSP00000259469	0.053	0	0	0	0.990	0.995	0	0.640	0.999
RPL18	RPL8	9606.ENSP00000447001	9606.ENSP00000262584	0.042	0	0	0	0.999	0.996	0.900	0.680	0.999
RPL18	RPL3L	9606.ENSP00000447001	9606.ENSP00000268661	0.041	0	0	0	0.825	0.903	0	0.347	0.987
RPL18	RPS11	9606.ENSP00000447001	9606.ENSP00000270625	0.053	0	0	0	0.991	0.994	0	0.671	0.999
RPL18	RPS27A	9606.ENSP00000447001	9606.ENSP00000272317	0	0	0	0	0.955	0.992	0	0.329	0.999
RPL18	RPL37	9606.ENSP00000447001	9606.ENSP00000274242	0.050	0	0	0	0.888	0.991	0	0.411	0.999
RPL18	RPS3	9606.ENSP00000447001	9606.ENSP00000278572	0.051	0	0	0	0.991	0.994	0	0.714	0.999
RPL18	RPL29	9606.ENSP00000447001	9606.ENSP00000294189	0	0	0	0	0.991	0.991	0	0.630	0.999
RPL18	RPS23	9606.ENSP00000447001	9606.ENSP00000296674	0.100	0	0	0	0.977	0.995	0.900	0.573	0.999
RPL18	RPL38	9606.ENSP00000447001	9606.ENSP00000309830	0	0	0	0	0.903	0.995	0.900	0.413	0.999
RPL18	RPL4	9606.ENSP00000447001	9606.ENSP00000311430	0.115	0	0	0	0.991	0.995	0	0.736	0.999
RPL18	RPS15A	9606.ENSP00000447001	9606.ENSP00000318646	0.042	0	0	0	0.822	0.973	0	0.547	0.997
RPL18	RPS27L	9606.ENSP00000447001	9606.ENSP00000331019	0	0	0	0	0.829	0.874	0	0.339	0.984
RPL18	RPL7	9606.ENSP00000447001	9606.ENSP00000339795	0.053	0	0	0	0.960	0.993	0	0.665	0.999
RPL18	RPS2	9606.ENSP00000447001	9606.ENSP00000341885	0.057	0	0	0	0.991	0.994	0	0.665	0.999
RPL18	RPS21	9606.ENSP00000447001	9606.ENSP00000345957	0	0	0	0	0.978	0.992	0.900	0.483	0.999
RPL18	RPL3	9606.ENSP00000447001	9606.ENSP00000346001	0.041	0	0	0	0.959	0.995	0	0.785	0.999
RPL18	RPL36AL	9606.ENSP00000447001	9606.ENSP00000346012	0	0	0	0	0.793	0.955	0	0.549	0.995
RPL18	RPL27A	9606.ENSP00000447001	9606.ENSP00000346015	0.042	0	0	0	0.991	0.995	0	0.596	0.999
RPL18	RPL21	9606.ENSP00000447001	9606.ENSP00000346027	0.042	0	0	0	0.990	0.995	0	0.576	0.999
RPL18	RPLP1	9606.ENSP00000447001	9606.ENSP00000346037	0	0	0	0	0.985	0.989	0	0.481	0.999
RPL18	RPS3A	9606.ENSP00000447001	9606.ENSP00000346050	0	0	0	0	0.992	0.995	0	0.441	0.999
RPL18	RPL22L1	9606.ENSP00000447001	9606.ENSP00000346080	0	0	0	0	0.698	0.840	0	0.477	0.972
RPL18	RPL22	9606.ENSP00000447001	9606.ENSP00000346088	0	0	0	0	0.782	0.992	0	0.658	0.999
RPL18	RPS26	9606.ENSP00000447001	9606.ENSP00000348849	0	0	0	0	0.990	0.995	0.900	0.675	0.999
RPL18	RPL39	9606.ENSP00000447001	9606.ENSP00000355315	0.096	0	0	0	0.896	0.967	0.900	0.417	0.999
RPL18	RPL5	9606.ENSP00000447001	9606.ENSP00000359345	0.058	0	0	0	0.990	0.995	0	0.723	0.999
RPL18	RPL7A	9606.ENSP00000447001	9606.ENSP00000361076	0.098	0	0	0	0.990	0.995	0.720	0.533	0.999
RPL18	RPS4X	9606.ENSP00000447001	9606.ENSP00000362744	0.045	0	0	0	0.954	0.972	0	0.592	0.999
RPL18	SECISBP2	9606.ENSP00000447001	9606.ENSP00000364965	0	0	0	0	0.062	0.800	0	0.047	0.805
RPL18	RPS16	9606.ENSP00000447001	9606.ENSP00000367806	0.115	0	0	0	0.987	0.995	0	0.666	0.999
RPL18	RPS6	9606.ENSP00000447001	9606.ENSP00000369757	0	0	0	0	0.990	0.995	0	0.574	0.999
RPL18	RPS9	9606.ENSP00000447001	9606.ENSP00000375632	0.120	0	0	0	0.991	0.995	0	0.681	0.999
RPL18	RPL24	9606.ENSP00000447001	9606.ENSP00000377640	0.076	0	0	0	0.985	0.995	0.900	0.353	0.999
RPL18	RPL34	9606.ENSP00000447001	9606.ENSP00000378163	0.107	0	0	0	0.980	0.993	0	0.598	0.999
RPL18	RPS29	9606.ENSP00000447001	9606.ENSP00000379339	0.045	0	0	0	0.957	0.991	0.900	0.689	0.999
RPL18	RPS8	9606.ENSP00000447001	9606.ENSP00000379888	0	0	0	0	0.991	0.994	0	0.714	0.999
RPL18	RPS14	9606.ENSP00000447001	9606.ENSP00000385958	0.115	0	0	0	0.960	0.985	0	0.548	0.999
RPL18	RPL31	9606.ENSP00000447001	9606.ENSP00000386717	0	0	0	0	0.991	0.994	0.900	0.713	0.999
RPL18	UBA52	9606.ENSP00000447001	9606.ENSP00000388107	0.150	0	0	0	0.976	0.991	0	0.662	0.999
RPL18	RPL23A	9606.ENSP00000447001	9606.ENSP00000389103	0.043	0	0	0	0.986	0.995	0	0.647	0.999
RPL18	RPSA	9606.ENSP00000447001	9606.ENSP00000389351	0.106	0	0	0	0.991	0.995	0	0.765	0.999
RPL18	RPL39L	9606.ENSP00000447001	9606.ENSP00000389356	0.096	0	0	0	0.616	0.842	0	0.332	0.958
RPL18	RPS18	9606.ENSP00000447001	9606.ENSP00000393241	0.231	0	0	0	0.990	0.993	0	0.708	0.999
RPL18	RPL6	9606.ENSP00000447001	9606.ENSP00000403172	0.061	0	0	0	0.991	0.994	0.900	0.716	0.999
RPL18	RPL36A	9606.ENSP00000447001	9606.ENSP00000404375	0	0	0	0	0.793	0.955	0.900	0.515	0.999
RPL18	RPS24	9606.ENSP00000447001	9606.ENSP00000414321	0	0	0	0	0.990	0.992	0	0.713	0.999
RPL18	RPL32	9606.ENSP00000447001	9606.ENSP00000416429	0.042	0	0	0	0.986	0.995	0.900	0.617	0.999
RPL18	RPL37A	9606.ENSP00000447001	9606.ENSP00000418082	0.114	0	0	0	0.957	0.996	0	0.531	0.999
RPL18	RPL23	9606.ENSP00000447001	9606.ENSP00000420311	0.054	0	0	0	0.981	0.995	0	0.272	0.999
RPL18	RPL30	9606.ENSP00000447001	9606.ENSP00000428085	0.089	0	0	0	0.992	0.996	0.900	0.624	0.999
RPL18	RPL26L1	9606.ENSP00000447001	9606.ENSP00000428223	0.045	0	0	0	0.834	0.985	0	0.323	0.998
RPL18	RPS20	9606.ENSP00000447001	9606.ENSP00000429374	0	0	0	0	0.991	0.994	0	0.584	0.999
RPL18	RPLP2	9606.ENSP00000447001	9606.ENSP00000431240	0	0	0	0	0.977	0.989	0	0.395	0.999
RPL18	RPS25	9606.ENSP00000447001	9606.ENSP00000435096	0	0	0	0	0.966	0.995	0	0.790	0.999
RPL18	RPS13	9606.ENSP00000447001	9606.ENSP00000435777	0.059	0	0	0	0.991	0.994	0	0.645	0.999
RPL18	RPL41	9606.ENSP00000447001	9606.ENSP00000449026	0	0	0	0	0.284	0.429	0.900	0.253	0.965
RPL18	RPS4Y2	9606.ENSP00000447001	9606.ENSP00000486252	0.045	0	0	0	0.806	0.784	0	0.314	0.968
RPL18	RPS27	9606.ENSP00000447001	9606.ENSP00000499044	0	0	0	0	0.958	0.979	0	0.704	0.999
RPL18	RPL28	9606.ENSP00000447001	9606.ENSP00000452763	0	0	0	0	0.981	0.992	0	0.775	0.999
RPL18	RPL35A	9606.ENSP00000447001	9606.ENSP00000495672	0	0	0	0	0.980	0.993	0	0.672	0.999
RPL18	RPL27	9606.ENSP00000447001	9606.ENSP00000464813	0.061	0	0	0	0.982	0.994	0	0.779	0.999
RPL18	RPLP0	9606.ENSP00000447001	9606.ENSP00000449328	0	0	0	0	0.984	0.995	0	0.739	0.999
RPL18	RPS19	9606.ENSP00000447001	9606.ENSP00000470972	0	0	0	0	0.981	0.994	0	0.731	0.999
RPL18	RPS10	9606.ENSP00000447001	9606.ENSP00000481646	0	0	0	0	0.961	0.979	0	0.741	0.999
RPL18	RPL36	9606.ENSP00000447001	9606.ENSP00000464342	0	0	0	0	0.961	0.995	0.900	0.689	0.999
RPL18	RPL9	9606.ENSP00000447001	9606.ENSP00000494697	0.048	0	0	0	0.990	0.993	0	0.594	0.999
RPL18	RPS15	9606.ENSP00000447001	9606.ENSP00000466010	0.050	0	0	0	0.999	0.993	0	0.667	0.999
RPL18	RPL26	9606.ENSP00000447001	9606.ENSP00000463784	0.045	0	0	0	0.959	0.977	0	0.633	0.999
RPL18	RPS7	9606.ENSP00000447001	9606.ENSP00000495273	0	0	0	0	0.985	0.993	0	0.410	0.999
RPL18	RPS28	9606.ENSP00000447001	9606.ENSP00000472469	0.113	0	0	0	0.975	0.992	0.900	0.713	0.999
RPL18	RPS5	9606.ENSP00000447001	9606.ENSP00000472985	0	0	0	0	0.994	0.993	0	0.710	0.999
RPL18	RPS17	9606.ENSP00000447001	9606.ENSP00000498019	0	0	0	0	0.942	0.992	0	0.715	0.999
RPL18A	SECISBP2	9606.ENSP00000222247	9606.ENSP00000364965	0	0	0	0	0.050	0.800	0	0.064	0.806
RPL18A	RPL22L1	9606.ENSP00000222247	9606.ENSP00000346080	0	0	0	0	0.592	0.841	0	0.295	0.950
RPL18A	RPS4Y2	9606.ENSP00000222247	9606.ENSP00000486252	0	0	0	0	0.804	0.784	0	0.128	0.959
RPL18A	RPL41	9606.ENSP00000222247	9606.ENSP00000449026	0	0	0	0	0.299	0.429	0.900	0.247	0.965
RPL18A	RPL39L	9606.ENSP00000222247	9606.ENSP00000389356	0	0	0	0	0.818	0.842	0	0.159	0.973
RPL18A	RPS27L	9606.ENSP00000222247	9606.ENSP00000331019	0	0	0	0	0.833	0.841	0	0.183	0.976
RPL18A	RPL3L	9606.ENSP00000222247	9606.ENSP00000268661	0	0	0	0	0.826	0.895	0	0.439	0.988
RPL18A	RPS4Y1	9606.ENSP00000222247	9606.ENSP00000250784	0	0	0	0	0.804	0.954	0	0.222	0.992
RPL18A	RPL36AL	9606.ENSP00000222247	9606.ENSP00000346012	0	0	0	0	0.870	0.959	0	0.237	0.995
RPL18A	RPL22	9606.ENSP00000222247	9606.ENSP00000346088	0	0	0	0	0.793	0.990	0	0.338	0.998
RPL18A	RPL26L1	9606.ENSP00000222247	9606.ENSP00000428223	0	0	0	0	0.834	0.970	0	0.649	0.998
RPL18A	RPLP2	9606.ENSP00000222247	9606.ENSP00000431240	0	0	0	0	0.981	0.939	0	0.709	0.999
RPL18A	RPS14	9606.ENSP00000222247	9606.ENSP00000385958	0	0	0	0	0.980	0.981	0	0.407	0.999
RPL18A	RPS15A	9606.ENSP00000222247	9606.ENSP00000318646	0	0	0	0	0.928	0.972	0	0.664	0.999
RPL18A	RPS9	9606.ENSP00000222247	9606.ENSP00000375632	0	0	0	0	0.991	0.992	0	0.353	0.999
RPL18A	RPS23	9606.ENSP00000222247	9606.ENSP00000296674	0	0	0	0	0.991	0.993	0.900	0.417	0.999
RPL18A	RPL39	9606.ENSP00000222247	9606.ENSP00000355315	0	0	0	0	0.954	0.967	0.900	0.320	0.999
RPL18A	RPL38	9606.ENSP00000222247	9606.ENSP00000309830	0	0	0	0	0.988	0.993	0.900	0.265	0.999
RPL18A	RPL27	9606.ENSP00000222247	9606.ENSP00000464813	0	0	0	0	0.991	0.993	0	0.685	0.999
RPL18A	RPL29	9606.ENSP00000222247	9606.ENSP00000294189	0	0	0	0	0.980	0.991	0	0.348	0.999
RPL18A	RPL36A	9606.ENSP00000222247	9606.ENSP00000404375	0	0	0	0	0.814	0.955	0.900	0.318	0.999
RPL18A	RPLP0	9606.ENSP00000222247	9606.ENSP00000449328	0.120	0	0	0	0.987	0.994	0	0.336	0.999
RPL18A	RPL32	9606.ENSP00000222247	9606.ENSP00000416429	0	0	0	0	0.992	0.996	0.900	0.483	0.999
RPL18A	RPS13	9606.ENSP00000222247	9606.ENSP00000435777	0	0	0	0	0.991	0.993	0	0.459	0.999
RPL18A	RPS3A	9606.ENSP00000222247	9606.ENSP00000346050	0	0	0	0	0.992	0.994	0	0.665	0.999
RPL18A	RPS27A	9606.ENSP00000222247	9606.ENSP00000272317	0	0	0	0	0.980	0.992	0	0.492	0.999
RPL18A	RPS3	9606.ENSP00000222247	9606.ENSP00000278572	0	0	0	0	0.993	0.993	0	0.590	0.999
RPL18A	RPS11	9606.ENSP00000222247	9606.ENSP00000270625	0	0	0	0	0.995	0.993	0	0.242	0.999
RPL18A	RPL31	9606.ENSP00000222247	9606.ENSP00000386717	0.231	0	0	0	0.992	0.995	0.900	0.580	0.999
RPL18A	RPL3	9606.ENSP00000222247	9606.ENSP00000346001	0	0	0	0	0.960	0.995	0	0.558	0.999
RPL18A	RPS27	9606.ENSP00000222247	9606.ENSP00000499044	0	0	0	0	0.984	0.978	0	0.453	0.999
RPL18A	RPL28	9606.ENSP00000222247	9606.ENSP00000452763	0	0	0	0	0.964	0.992	0	0.376	0.999
RPL18A	RPL35A	9606.ENSP00000222247	9606.ENSP00000495672	0	0	0	0	0.991	0.992	0	0.526	0.999
RPL18A	RPL37	9606.ENSP00000222247	9606.ENSP00000274242	0	0	0	0	0.939	0.991	0	0.437	0.999
RPL18A	RPS26	9606.ENSP00000222247	9606.ENSP00000348849	0.057	0	0	0	0.991	0.994	0.900	0.362	0.999
RPL18A	RPL21	9606.ENSP00000222247	9606.ENSP00000346027	0.102	0	0	0	0.991	0.994	0	0.768	0.999
RPL18A	RPS29	9606.ENSP00000222247	9606.ENSP00000379339	0	0	0	0	0.973	0.991	0.900	0.408	0.999
RPL18A	RPS17	9606.ENSP00000222247	9606.ENSP00000498019	0	0	0	0	0.946	0.991	0	0.338	0.999
RPL18A	RPL30	9606.ENSP00000222247	9606.ENSP00000428085	0	0	0	0	0.993	0.996	0.900	0.635	0.999
RPL18A	RPLP1	9606.ENSP00000222247	9606.ENSP00000346037	0.163	0	0	0	0.983	0.985	0	0.388	0.999
RPL18A	RPS4X	9606.ENSP00000222247	9606.ENSP00000362744	0	0	0	0	0.954	0.974	0	0.598	0.999
RPL18A	RPS7	9606.ENSP00000222247	9606.ENSP00000495273	0	0	0	0	0.990	0.993	0	0.349	0.999
RPL18A	RPL4	9606.ENSP00000222247	9606.ENSP00000311430	0	0	0	0	0.985	0.996	0	0.569	0.999
RPL18A	RPS28	9606.ENSP00000222247	9606.ENSP00000472469	0	0	0	0	0.980	0.991	0.900	0.640	0.999
RPL18A	RPS5	9606.ENSP00000222247	9606.ENSP00000472985	0	0.030	0	0	0.991	0.993	0	0.393	0.999
RPL18A	RPS25	9606.ENSP00000222247	9606.ENSP00000435096	0	0	0	0	0.990	0.992	0	0.645	0.999
RPL18A	RPL23A	9606.ENSP00000222247	9606.ENSP00000389103	0	0	0	0	0.992	0.995	0	0.560	0.999
RPL18A	RPS20	9606.ENSP00000222247	9606.ENSP00000429374	0	0	0	0	0.991	0.994	0	0.615	0.999
RPL18A	RPL8	9606.ENSP00000222247	9606.ENSP00000262584	0	0	0	0	0.992	0.996	0.900	0.481	0.999
RPL18A	RPL37A	9606.ENSP00000222247	9606.ENSP00000418082	0.221	0	0	0	0.966	0.995	0	0.381	0.999
RPL18A	RPL24	9606.ENSP00000222247	9606.ENSP00000377640	0	0	0	0	0.991	0.995	0.900	0.446	0.999
RPL18A	RPS15	9606.ENSP00000222247	9606.ENSP00000466010	0	0	0	0	0.993	0.991	0	0.534	0.999
RPL18A	RPS2	9606.ENSP00000222247	9606.ENSP00000341885	0	0	0	0	0.991	0.993	0	0.748	0.999
RPL18A	RPS8	9606.ENSP00000222247	9606.ENSP00000379888	0	0	0	0	0.991	0.993	0	0.726	0.999
RPL18A	RPL26	9606.ENSP00000222247	9606.ENSP00000463784	0	0	0	0	0.960	0.966	0	0.531	0.999
RPL18A	UBA52	9606.ENSP00000222247	9606.ENSP00000388107	0	0	0	0	0.985	0.992	0	0.515	0.999
RPL18A	RPS6	9606.ENSP00000222247	9606.ENSP00000369757	0	0	0	0	0.991	0.994	0	0.546	0.999
RPL18A	RPS24	9606.ENSP00000222247	9606.ENSP00000414321	0	0	0	0	0.991	0.992	0	0.779	0.999
RPL18A	RPL7	9606.ENSP00000222247	9606.ENSP00000339795	0	0	0	0	0.961	0.992	0	0.723	0.999
RPL18A	RPL9	9606.ENSP00000222247	9606.ENSP00000494697	0	0	0	0	0.990	0.993	0	0.539	0.999
RPL18A	RPS21	9606.ENSP00000222247	9606.ENSP00000345957	0	0	0	0	0.982	0.992	0.900	0.326	0.999
RPL18A	RPL7A	9606.ENSP00000222247	9606.ENSP00000361076	0	0	0	0	0.990	0.996	0.720	0.673	0.999
RPL18A	RPL27A	9606.ENSP00000222247	9606.ENSP00000346015	0	0	0	0	0.981	0.993	0	0.570	0.999
RPL18A	RPS10	9606.ENSP00000222247	9606.ENSP00000481646	0	0	0	0	0.970	0.973	0	0.502	0.999
RPL18A	RPL36	9606.ENSP00000222247	9606.ENSP00000464342	0	0	0	0	0.982	0.994	0.900	0.421	0.999
RPL18A	RPL6	9606.ENSP00000222247	9606.ENSP00000403172	0	0	0	0	0.991	0.993	0.900	0.530	0.999
RPL18A	RPS19	9606.ENSP00000222247	9606.ENSP00000470972	0.231	0	0	0	0.993	0.993	0	0.458	0.999
RPL18A	RPL23	9606.ENSP00000222247	9606.ENSP00000420311	0	0	0	0	0.991	0.993	0	0.313	0.999
RPL18A	RPSA	9606.ENSP00000222247	9606.ENSP00000389351	0	0	0	0	0.991	0.993	0	0.471	0.999
RPL18A	RPL35	9606.ENSP00000222247	9606.ENSP00000259469	0	0	0	0	0.991	0.992	0	0.657	0.999
RPL18A	RPS18	9606.ENSP00000222247	9606.ENSP00000393241	0	0	0	0	0.991	0.992	0	0.435	0.999
RPL18A	RPL34	9606.ENSP00000222247	9606.ENSP00000378163	0	0	0	0	0.980	0.991	0	0.535	0.999
RPL18A	RPL5	9606.ENSP00000222247	9606.ENSP00000359345	0	0	0	0	0.991	0.993	0	0.466	0.999
RPL18A	RPL19	9606.ENSP00000222247	9606.ENSP00000225430	0	0.648	0	0	0.993	0.993	0.900	0.520	0.999
RPL18A	RPS16	9606.ENSP00000222247	9606.ENSP00000367806	0	0	0	0	0.994	0.994	0	0.688	0.999
RPL18A	RPS12	9606.ENSP00000222247	9606.ENSP00000230050	0	0	0	0	0.989	0.994	0	0.176	0.999
RPL19	SECISBP2	9606.ENSP00000225430	9606.ENSP00000364965	0	0	0	0	0.070	0.800	0	0.064	0.810
RPL19	RPL22L1	9606.ENSP00000225430	9606.ENSP00000346080	0	0	0	0	0.644	0.840	0	0.407	0.963
RPL19	RPS4Y2	9606.ENSP00000225430	9606.ENSP00000486252	0.115	0	0	0	0.806	0.802	0	0.341	0.974
RPL19	RPL41	9606.ENSP00000225430	9606.ENSP00000449026	0	0	0	0	0.346	0.429	0.900	0.434	0.976
RPL19	RPL39L	9606.ENSP00000225430	9606.ENSP00000389356	0	0	0	0	0.824	0.841	0	0.428	0.982
RPL19	RPS27L	9606.ENSP00000225430	9606.ENSP00000331019	0	0	0	0	0.831	0.904	0	0.421	0.989
RPL19	RPL3L	9606.ENSP00000225430	9606.ENSP00000268661	0.115	0	0	0	0.817	0.903	0	0.650	0.993
RPL19	RPS4Y1	9606.ENSP00000225430	9606.ENSP00000250784	0.115	0	0	0	0.806	0.954	0	0.391	0.994
RPL19	RPL26L1	9606.ENSP00000225430	9606.ENSP00000428223	0.115	0	0	0	0.834	0.972	0	0.452	0.997
RPL19	RPS25	9606.ENSP00000225430	9606.ENSP00000435096	0	0	0	0	0.991	0.995	0	0.757	0.999
RPL19	RPS20	9606.ENSP00000225430	9606.ENSP00000429374	0	0	0	0	0.992	0.995	0	0.579	0.999
RPL19	RPL8	9606.ENSP00000225430	9606.ENSP00000262584	0.115	0	0	0	0.999	0.995	0.900	0.622	0.999
RPL19	RPL23A	9606.ENSP00000225430	9606.ENSP00000389103	0.231	0	0	0	0.991	0.996	0	0.800	0.999
RPL19	RPS15	9606.ENSP00000225430	9606.ENSP00000466010	0.231	0	0	0	0.991	0.993	0	0.597	0.999
RPL19	RPS2	9606.ENSP00000225430	9606.ENSP00000341885	0.120	0	0	0	0.991	0.995	0	0.644	0.999
RPL19	RPS8	9606.ENSP00000225430	9606.ENSP00000379888	0	0	0	0	0.991	0.997	0	0.666	0.999
RPL19	RPL37A	9606.ENSP00000225430	9606.ENSP00000418082	0	0	0	0	0.956	0.994	0	0.721	0.999
RPL19	RPL24	9606.ENSP00000225430	9606.ENSP00000377640	0	0	0	0	0.991	0.995	0.900	0.388	0.999
RPL19	RPL26	9606.ENSP00000225430	9606.ENSP00000463784	0.115	0	0	0	0.961	0.982	0	0.755	0.999
RPL19	UBA52	9606.ENSP00000225430	9606.ENSP00000388107	0	0	0	0	0.990	0.991	0	0.543	0.999
RPL19	RPS6	9606.ENSP00000225430	9606.ENSP00000369757	0	0	0	0	0.993	0.996	0	0.780	0.999
RPL19	RPS17	9606.ENSP00000225430	9606.ENSP00000498019	0	0	0	0	0.979	0.992	0	0.895	0.999
RPL19	RPL30	9606.ENSP00000225430	9606.ENSP00000428085	0	0	0	0	0.984	0.995	0.900	0.921	0.999
RPL19	RPS4X	9606.ENSP00000225430	9606.ENSP00000362744	0.115	0	0	0	0.955	0.981	0	0.716	0.999
RPL19	RPS7	9606.ENSP00000225430	9606.ENSP00000495273	0	0	0	0	0.990	0.995	0	0.475	0.999
RPL19	RPL4	9606.ENSP00000225430	9606.ENSP00000311430	0.052	0	0	0	0.991	0.995	0	0.770	0.999
RPL19	RPLP1	9606.ENSP00000225430	9606.ENSP00000346037	0	0	0	0	0.991	0.992	0	0.558	0.999
RPL19	RPS5	9606.ENSP00000225430	9606.ENSP00000472985	0	0	0	0	0.991	0.995	0	0.481	0.999
RPL19	RPS28	9606.ENSP00000225430	9606.ENSP00000472469	0	0	0	0	0.991	0.993	0.900	0.574	0.999
RPL19	RPS19	9606.ENSP00000225430	9606.ENSP00000470972	0	0	0	0	0.987	0.996	0	0.645	0.999
RPL19	RPL23	9606.ENSP00000225430	9606.ENSP00000420311	0.231	0	0	0	0.991	0.995	0	0.450	0.999
RPL19	RPSA	9606.ENSP00000225430	9606.ENSP00000389351	0	0	0	0	0.971	0.995	0	0.500	0.999
RPL19	RPL35	9606.ENSP00000225430	9606.ENSP00000259469	0.231	0	0	0	0.991	0.994	0	0.730	0.999
RPL19	RPL5	9606.ENSP00000225430	9606.ENSP00000359345	0.231	0	0	0	0.991	0.994	0	0.667	0.999
RPL19	RPS16	9606.ENSP00000225430	9606.ENSP00000367806	0.052	0	0	0	0.991	0.995	0	0.606	0.999
RPL19	RPS12	9606.ENSP00000225430	9606.ENSP00000230050	0	0	0	0	0.982	0.995	0	0.269	0.999
RPL19	RPS18	9606.ENSP00000225430	9606.ENSP00000393241	0.160	0	0	0	0.991	0.994	0	0.626	0.999
RPL19	RPL34	9606.ENSP00000225430	9606.ENSP00000378163	0.231	0	0	0	0.991	0.994	0	0.572	0.999
RPL19	RPS24	9606.ENSP00000225430	9606.ENSP00000414321	0	0	0	0	0.991	0.993	0	0.666	0.999
RPL19	RPL9	9606.ENSP00000225430	9606.ENSP00000494697	0.120	0	0	0	0.991	0.995	0	0.770	0.999
RPL19	RPS21	9606.ENSP00000225430	9606.ENSP00000345957	0	0	0	0	0.985	0.993	0.900	0.515	0.999
RPL19	RPL7	9606.ENSP00000225430	9606.ENSP00000339795	0.111	0	0	0	0.961	0.994	0	0.656	0.999
RPL19	RPL36	9606.ENSP00000225430	9606.ENSP00000464342	0	0	0	0	0.983	0.995	0.900	0.758	0.999
RPL19	RPL6	9606.ENSP00000225430	9606.ENSP00000403172	0.111	0	0	0	0.991	0.995	0.900	0.666	0.999
RPL19	RPL7A	9606.ENSP00000225430	9606.ENSP00000361076	0	0	0	0	0.991	0.995	0.720	0.915	0.999
RPL19	RPL27A	9606.ENSP00000225430	9606.ENSP00000346015	0.061	0	0	0	0.991	0.995	0	0.585	0.999
RPL19	RPS10	9606.ENSP00000225430	9606.ENSP00000481646	0	0	0	0	0.960	0.982	0	0.572	0.999
RPL19	RPL36A	9606.ENSP00000225430	9606.ENSP00000404375	0	0	0	0	0.846	0.955	0.900	0.908	0.999
RPL19	RPL27	9606.ENSP00000225430	9606.ENSP00000464813	0.111	0	0	0	0.999	0.995	0	0.591	0.999
RPL19	RPL22	9606.ENSP00000225430	9606.ENSP00000346088	0	0	0	0	0.807	0.992	0	0.747	0.999
RPL19	RPL29	9606.ENSP00000225430	9606.ENSP00000294189	0	0	0	0	0.999	0.991	0	0.623	0.999
RPL19	RPLP0	9606.ENSP00000225430	9606.ENSP00000449328	0	0	0	0	0.994	0.995	0	0.672	0.999
RPL19	RPL32	9606.ENSP00000225430	9606.ENSP00000416429	0.075	0	0	0	0.982	0.995	0.900	0.624	0.999
RPL19	RPS27A	9606.ENSP00000225430	9606.ENSP00000272317	0	0	0	0	0.990	0.992	0	0.274	0.999
RPL19	RPS13	9606.ENSP00000225430	9606.ENSP00000435777	0	0	0	0	0.999	0.995	0	0.578	0.999
RPL19	RPS3A	9606.ENSP00000225430	9606.ENSP00000346050	0	0	0	0	0.992	0.995	0	0.696	0.999
RPL19	RPS3	9606.ENSP00000225430	9606.ENSP00000278572	0.231	0	0	0	0.999	0.995	0	0.753	0.999
RPL19	RPLP2	9606.ENSP00000225430	9606.ENSP00000431240	0	0	0	0	0.978	0.989	0	0.569	0.999
RPL19	RPS14	9606.ENSP00000225430	9606.ENSP00000385958	0.109	0	0	0	0.964	0.989	0	0.901	0.999
RPL19	RPS15A	9606.ENSP00000225430	9606.ENSP00000318646	0.091	0	0	0	0.923	0.981	0	0.410	0.999
RPL19	RPS9	9606.ENSP00000225430	9606.ENSP00000375632	0.116	0	0	0	0.990	0.995	0	0.780	0.999
RPL19	RPL39	9606.ENSP00000225430	9606.ENSP00000355315	0	0	0	0	0.932	0.971	0.900	0.604	0.999
RPL19	RPL38	9606.ENSP00000225430	9606.ENSP00000309830	0	0	0	0	0.975	0.994	0.900	0.714	0.999
RPL19	RPS23	9606.ENSP00000225430	9606.ENSP00000296674	0	0	0	0	0.988	0.995	0.900	0.614	0.999
RPL19	RPS26	9606.ENSP00000225430	9606.ENSP00000348849	0	0	0	0	0.990	0.995	0.900	0.748	0.999
RPL19	RPL21	9606.ENSP00000225430	9606.ENSP00000346027	0	0	0	0	0.991	0.995	0	0.755	0.999
RPL19	RPL36AL	9606.ENSP00000225430	9606.ENSP00000346012	0	0	0	0	0.879	0.959	0	0.913	0.999
RPL19	RPS29	9606.ENSP00000225430	9606.ENSP00000379339	0.115	0	0	0	0.975	0.992	0.900	0.546	0.999
RPL19	RPS11	9606.ENSP00000225430	9606.ENSP00000270625	0.231	0	0	0	0.992	0.995	0	0.921	0.999
RPL19	RPS27	9606.ENSP00000225430	9606.ENSP00000499044	0	0	0	0	0.970	0.972	0	0.597	0.999
RPL19	RPL28	9606.ENSP00000225430	9606.ENSP00000452763	0	0	0	0	0.981	0.995	0	0.616	0.999
RPL19	RPL31	9606.ENSP00000225430	9606.ENSP00000386717	0	0	0	0	0.991	0.996	0.900	0.761	0.999
RPL19	RPL3	9606.ENSP00000225430	9606.ENSP00000346001	0.115	0	0	0	0.962	0.995	0	0.669	0.999
RPL19	RPL37	9606.ENSP00000225430	9606.ENSP00000274242	0	0	0	0	0.938	0.991	0	0.515	0.999
RPL19	RPL35A	9606.ENSP00000225430	9606.ENSP00000495672	0	0	0	0	0.981	0.993	0	0.881	0.999
RPL21	RPS12	9606.ENSP00000346027	9606.ENSP00000230050	0	0	0	0	0.991	0.995	0	0.217	0.999
RPL21	RPS4Y1	9606.ENSP00000346027	9606.ENSP00000250784	0	0	0	0	0.806	0.954	0	0.382	0.994
RPL21	RPL35	9606.ENSP00000346027	9606.ENSP00000259469	0	0	0	0	0.991	0.993	0	0.626	0.999
RPL21	RPL8	9606.ENSP00000346027	9606.ENSP00000262584	0	0	0	0	0.991	0.995	0	0.646	0.999
RPL21	RPL3L	9606.ENSP00000346027	9606.ENSP00000268661	0	0	0	0	0.829	0.903	0	0.390	0.989
RPL21	RPS11	9606.ENSP00000346027	9606.ENSP00000270625	0	0	0	0	0.991	0.995	0	0.485	0.999
RPL21	RPS27A	9606.ENSP00000346027	9606.ENSP00000272317	0	0	0	0	0.999	0.992	0	0.306	0.999
RPL21	RPL37	9606.ENSP00000346027	9606.ENSP00000274242	0	0	0	0	0.997	0.991	0	0.589	0.999
RPL21	RPS3	9606.ENSP00000346027	9606.ENSP00000278572	0	0	0	0	0.992	0.995	0	0.644	0.999
RPL21	RPL29	9606.ENSP00000346027	9606.ENSP00000294189	0	0	0	0	0.982	0.992	0	0.648	0.999
RPL21	RPS23	9606.ENSP00000346027	9606.ENSP00000296674	0	0	0	0	0.994	0.995	0	0.606	0.999
RPL21	RPL38	9606.ENSP00000346027	9606.ENSP00000309830	0	0	0	0	0.991	0.995	0	0.658	0.999
RPL21	RPL4	9606.ENSP00000346027	9606.ENSP00000311430	0	0	0	0	0.991	0.995	0	0.647	0.999
RPL21	RPS15A	9606.ENSP00000346027	9606.ENSP00000318646	0	0	0	0	0.943	0.977	0	0.668	0.999
RPL21	RPS27L	9606.ENSP00000346027	9606.ENSP00000331019	0	0	0	0	0.839	0.893	0	0.673	0.993
RPL21	RPL7	9606.ENSP00000346027	9606.ENSP00000339795	0	0	0	0	0.963	0.993	0	0.760	0.999
RPL21	RPS2	9606.ENSP00000346027	9606.ENSP00000341885	0	0	0	0	0.991	0.994	0	0.780	0.999
RPL21	RPS21	9606.ENSP00000346027	9606.ENSP00000345957	0	0	0	0	0.991	0.992	0	0.617	0.999
RPL21	RPL3	9606.ENSP00000346027	9606.ENSP00000346001	0	0	0	0	0.959	0.995	0	0.531	0.999
RPL21	RPL36AL	9606.ENSP00000346027	9606.ENSP00000346012	0.042	0	0	0	0.952	0.955	0	0.627	0.999
RPL21	RPL27A	9606.ENSP00000346027	9606.ENSP00000346015	0	0	0	0	0.992	0.993	0	0.951	0.999
RPL21	RPL41	9606.ENSP00000346027	9606.ENSP00000449026	0	0	0	0	0.443	0.429	0	0.224	0.732
RPL21	SECISBP2	9606.ENSP00000346027	9606.ENSP00000364965	0	0	0	0	0.062	0.800	0	0.055	0.807
RPL21	RPS4Y2	9606.ENSP00000346027	9606.ENSP00000486252	0	0	0	0	0.806	0.784	0	0.401	0.972
RPL21	RPL39L	9606.ENSP00000346027	9606.ENSP00000389356	0	0	0	0	0.834	0.842	0	0.361	0.981
RPL21	RPL22L1	9606.ENSP00000346027	9606.ENSP00000346080	0	0	0	0	0.833	0.840	0	0.461	0.984
RPL21	RPL36A	9606.ENSP00000346027	9606.ENSP00000404375	0.042	0	0	0	0.948	0.955	0	0.602	0.998
RPL21	RPS3A	9606.ENSP00000346027	9606.ENSP00000346050	0.177	0	0	0	0.992	0.995	0	0.867	0.999
RPL21	RPS13	9606.ENSP00000346027	9606.ENSP00000435777	0	0	0	0	0.991	0.994	0	0.546	0.999
RPL21	RPLP0	9606.ENSP00000346027	9606.ENSP00000449328	0	0	0	0	0.981	0.995	0	0.302	0.999
RPL21	RPL32	9606.ENSP00000346027	9606.ENSP00000416429	0	0	0	0	0.991	0.995	0	0.602	0.999
RPL21	RPL27	9606.ENSP00000346027	9606.ENSP00000464813	0	0	0	0	0.991	0.993	0	0.748	0.999
RPL21	RPL22	9606.ENSP00000346027	9606.ENSP00000346088	0	0	0	0	0.938	0.991	0	0.740	0.999
RPL21	RPL39	9606.ENSP00000346027	9606.ENSP00000355315	0	0	0	0	0.960	0.967	0	0.530	0.999
RPL21	RPS9	9606.ENSP00000346027	9606.ENSP00000375632	0.111	0.895	0	0	0.988	0.995	0	0.953	0.999
RPL21	RPLP2	9606.ENSP00000346027	9606.ENSP00000431240	0	0	0	0	0.990	0.984	0	0.505	0.999
RPL21	RPS14	9606.ENSP00000346027	9606.ENSP00000385958	0.100	0	0	0	0.999	0.980	0	0.501	0.999
RPL21	RPS29	9606.ENSP00000346027	9606.ENSP00000379339	0	0	0	0	0.985	0.991	0	0.949	0.999
RPL21	RPS26	9606.ENSP00000346027	9606.ENSP00000348849	0	0	0	0	0.992	0.995	0	0.775	0.999
RPL21	RPL35A	9606.ENSP00000346027	9606.ENSP00000495672	0	0	0	0	0.999	0.993	0	0.467	0.999
RPL21	RPL31	9606.ENSP00000346027	9606.ENSP00000386717	0.113	0	0	0	0.999	0.995	0	0.680	0.999
RPL21	RPS27	9606.ENSP00000346027	9606.ENSP00000499044	0	0	0	0	0.999	0.981	0	0.595	0.999
RPL21	RPL28	9606.ENSP00000346027	9606.ENSP00000452763	0	0	0	0	0.980	0.993	0	0.958	0.999
RPL21	RPL26	9606.ENSP00000346027	9606.ENSP00000463784	0	0	0	0	0.961	0.985	0	0.643	0.999
RPL21	RPS6	9606.ENSP00000346027	9606.ENSP00000369757	0	0	0	0	0.999	0.995	0	0.560	0.999
RPL21	UBA52	9606.ENSP00000346027	9606.ENSP00000388107	0	0	0	0	0.979	0.991	0	0.527	0.999
RPL21	RPL37A	9606.ENSP00000346027	9606.ENSP00000418082	0.217	0	0	0	0.991	0.995	0	0.721	0.999
RPL21	RPL24	9606.ENSP00000346027	9606.ENSP00000377640	0	0	0	0	0.991	0.995	0	0.592	0.999
RPL21	RPS8	9606.ENSP00000346027	9606.ENSP00000379888	0	0	0	0	0.991	0.995	0	0.642	0.999
RPL21	RPS15	9606.ENSP00000346027	9606.ENSP00000466010	0	0	0	0	0.991	0.994	0	0.378	0.999
RPL21	RPL23A	9606.ENSP00000346027	9606.ENSP00000389103	0	0	0	0	0.999	0.995	0	0.603	0.999
RPL21	RPS20	9606.ENSP00000346027	9606.ENSP00000429374	0	0	0	0	0.992	0.995	0	0.766	0.999
RPL21	RPS25	9606.ENSP00000346027	9606.ENSP00000435096	0	0	0	0	0.991	0.995	0	0.761	0.999
RPL21	RPL26L1	9606.ENSP00000346027	9606.ENSP00000428223	0	0	0	0	0.840	0.979	0	0.727	0.999
RPL21	RPS28	9606.ENSP00000346027	9606.ENSP00000472469	0	0	0	0	0.991	0.992	0	0.545	0.999
RPL21	RPS5	9606.ENSP00000346027	9606.ENSP00000472985	0	0	0	0	0.991	0.993	0	0.946	0.999
RPL21	RPLP1	9606.ENSP00000346027	9606.ENSP00000346037	0	0	0	0	0.999	0.985	0	0.636	0.999
RPL21	RPS7	9606.ENSP00000346027	9606.ENSP00000495273	0	0	0	0	0.990	0.993	0	0.446	0.999
RPL21	RPS4X	9606.ENSP00000346027	9606.ENSP00000362744	0	0	0	0	0.954	0.974	0	0.792	0.999
RPL21	RPL30	9606.ENSP00000346027	9606.ENSP00000428085	0	0	0	0	0.992	0.995	0	0.604	0.999
RPL21	RPS17	9606.ENSP00000346027	9606.ENSP00000498019	0	0	0	0	0.990	0.992	0	0.543	0.999
RPL21	RPS18	9606.ENSP00000346027	9606.ENSP00000393241	0.120	0	0	0	0.991	0.993	0	0.458	0.999
RPL21	RPL34	9606.ENSP00000346027	9606.ENSP00000378163	0	0	0	0	0.999	0.993	0	0.626	0.999
RPL21	RPS16	9606.ENSP00000346027	9606.ENSP00000367806	0	0	0	0	0.991	0.995	0	0.522	0.999
RPL21	RPL5	9606.ENSP00000346027	9606.ENSP00000359345	0	0	0	0	0.991	0.994	0	0.946	0.999
RPL21	RPSA	9606.ENSP00000346027	9606.ENSP00000389351	0	0	0	0	0.990	0.995	0	0.533	0.999
RPL21	RPL23	9606.ENSP00000346027	9606.ENSP00000420311	0	0	0	0	0.994	0.994	0	0.433	0.999
RPL21	RPS19	9606.ENSP00000346027	9606.ENSP00000470972	0.092	0	0	0	0.996	0.995	0	0.563	0.999
RPL21	RPS10	9606.ENSP00000346027	9606.ENSP00000481646	0	0	0	0	0.959	0.979	0	0.941	0.999
RPL21	RPL7A	9606.ENSP00000346027	9606.ENSP00000361076	0	0	0	0	0.990	0.995	0	0.720	0.999
RPL21	RPL6	9606.ENSP00000346027	9606.ENSP00000403172	0	0	0	0	0.991	0.994	0	0.575	0.999
RPL21	RPL36	9606.ENSP00000346027	9606.ENSP00000464342	0	0	0	0	0.982	0.995	0	0.655	0.999
RPL21	RPL9	9606.ENSP00000346027	9606.ENSP00000494697	0	0	0	0	0.991	0.995	0	0.802	0.999
RPL21	RPS24	9606.ENSP00000346027	9606.ENSP00000414321	0	0	0	0	0.991	0.992	0	0.794	0.999
RPL22	RPS12	9606.ENSP00000346088	9606.ENSP00000230050	0	0	0	0	0.925	0.981	0	0.159	0.998
RPL22	RPS4Y1	9606.ENSP00000346088	9606.ENSP00000250784	0	0	0	0	0.573	0.911	0	0.443	0.977
RPL22	RPL35	9606.ENSP00000346088	9606.ENSP00000259469	0	0	0	0	0.840	0.989	0	0.545	0.999
RPL22	RPL8	9606.ENSP00000346088	9606.ENSP00000262584	0	0	0	0	0.850	0.987	0	0.448	0.998
RPL22	RPL3L	9606.ENSP00000346088	9606.ENSP00000268661	0	0	0	0	0.477	0.748	0	0.423	0.917
RPL22	RPS11	9606.ENSP00000346088	9606.ENSP00000270625	0	0	0	0	0.823	0.985	0	0.638	0.999
RPL22	RPS27A	9606.ENSP00000346088	9606.ENSP00000272317	0	0	0	0	0.761	0.979	0	0.329	0.996
RPL22	RPL37	9606.ENSP00000346088	9606.ENSP00000274242	0	0	0	0	0.836	0.982	0	0.539	0.998
RPL22	RPS3	9606.ENSP00000346088	9606.ENSP00000278572	0	0	0	0	0.700	0.985	0	0.744	0.998
RPL22	RPL29	9606.ENSP00000346088	9606.ENSP00000294189	0	0	0	0	0.790	0.986	0	0.689	0.999
RPL22	RPS23	9606.ENSP00000346088	9606.ENSP00000296674	0	0	0	0	0.880	0.986	0	0.678	0.999
RPL22	RPL38	9606.ENSP00000346088	9606.ENSP00000309830	0	0	0	0	0.829	0.988	0	0.787	0.999
RPL22	RPL4	9606.ENSP00000346088	9606.ENSP00000311430	0	0	0	0	0.847	0.993	0	0.838	0.999
RPL22	RPS15A	9606.ENSP00000346088	9606.ENSP00000318646	0	0	0	0	0.889	0.929	0	0.444	0.995
RPL22	RPS27L	9606.ENSP00000346088	9606.ENSP00000331019	0	0	0	0	0.560	0.850	0	0.654	0.975
RPL22	RPL7	9606.ENSP00000346088	9606.ENSP00000339795	0	0	0	0	0.838	0.988	0	0.551	0.999
RPL22	RPS2	9606.ENSP00000346088	9606.ENSP00000341885	0	0	0	0	0.619	0.985	0	0.709	0.998
RPL22	RPS21	9606.ENSP00000346088	9606.ENSP00000345957	0	0	0	0	0.893	0.977	0	0.372	0.998
RPL22	RPL3	9606.ENSP00000346088	9606.ENSP00000346001	0	0	0	0	0.788	0.988	0	0.726	0.999
RPL22	RPL36AL	9606.ENSP00000346088	9606.ENSP00000346012	0	0	0	0	0.623	0.947	0	0.565	0.990
RPL22	RPL27A	9606.ENSP00000346088	9606.ENSP00000346015	0	0	0	0	0.904	0.991	0	0.694	0.999
RPL22	RPLP1	9606.ENSP00000346088	9606.ENSP00000346037	0	0	0	0	0.784	0.952	0	0.483	0.994
RPL22	RPS3A	9606.ENSP00000346088	9606.ENSP00000346050	0	0	0	0	0.902	0.984	0	0.622	0.999
RPL22	RPL22L1	9606.ENSP00000346088	9606.ENSP00000346080	0	0	0.057	0.966	0.062	0	0.900	0.341	0.933
RPL22	RPL41	9606.ENSP00000346088	9606.ENSP00000449026	0	0	0	0	0.164	0.319	0	0.350	0.597
RPL22	SECISBP2	9606.ENSP00000346088	9606.ENSP00000364965	0	0	0	0	0.067	0.800	0	0.061	0.809
RPL22	RPS4Y2	9606.ENSP00000346088	9606.ENSP00000486252	0	0	0	0	0.568	0.578	0	0.262	0.853
RPL22	RPL39L	9606.ENSP00000346088	9606.ENSP00000389356	0	0	0	0	0.476	0.779	0	0.506	0.937
RPL22	UBA52	9606.ENSP00000346088	9606.ENSP00000388107	0	0	0	0	0.577	0.967	0	0.393	0.990
RPL22	RPL39	9606.ENSP00000346088	9606.ENSP00000355315	0	0	0	0	0.680	0.953	0	0.565	0.993
RPL22	RPL26L1	9606.ENSP00000346088	9606.ENSP00000428223	0	0	0	0	0.693	0.975	0	0.405	0.995
RPL22	RPS28	9606.ENSP00000346088	9606.ENSP00000472469	0	0	0	0	0.813	0.967	0	0.487	0.996
RPL22	RPLP2	9606.ENSP00000346088	9606.ENSP00000431240	0	0	0	0	0.789	0.972	0	0.378	0.996
RPL22	RPL36A	9606.ENSP00000346088	9606.ENSP00000404375	0	0	0	0	0.884	0.947	0	0.518	0.996
RPL22	RPS17	9606.ENSP00000346088	9606.ENSP00000498019	0	0	0	0	0.735	0.976	0	0.545	0.997
RPL22	RPS5	9606.ENSP00000346088	9606.ENSP00000472985	0	0	0	0	0.767	0.972	0	0.584	0.997
RPL22	RPS4X	9606.ENSP00000346088	9606.ENSP00000362744	0	0	0	0	0.879	0.959	0	0.443	0.997
RPL22	RPS10	9606.ENSP00000346088	9606.ENSP00000481646	0	0	0	0	0.822	0.968	0	0.611	0.997
RPL22	RPLP0	9606.ENSP00000346088	9606.ENSP00000449328	0	0	0	0	0.737	0.981	0	0.461	0.997
RPL22	RPL28	9606.ENSP00000346088	9606.ENSP00000452763	0	0	0	0	0.835	0.976	0	0.473	0.997
RPL22	RPS29	9606.ENSP00000346088	9606.ENSP00000379339	0	0	0	0	0.828	0.967	0	0.539	0.997
RPL22	RPS7	9606.ENSP00000346088	9606.ENSP00000495273	0	0	0	0	0.871	0.979	0	0.573	0.998
RPL22	RPS25	9606.ENSP00000346088	9606.ENSP00000435096	0	0	0	0	0.877	0.979	0	0.609	0.998
RPL22	RPS15	9606.ENSP00000346088	9606.ENSP00000466010	0	0	0	0	0.759	0.978	0	0.728	0.998
RPL22	RPSA	9606.ENSP00000346088	9606.ENSP00000389351	0	0	0	0	0.799	0.985	0	0.392	0.998
RPL22	RPS16	9606.ENSP00000346088	9606.ENSP00000367806	0	0	0	0	0.652	0.986	0	0.732	0.998
RPL22	RPS27	9606.ENSP00000346088	9606.ENSP00000499044	0	0	0	0	0.785	0.971	0	0.728	0.998
RPL22	RPS26	9606.ENSP00000346088	9606.ENSP00000348849	0	0	0	0	0.787	0.985	0	0.542	0.998
RPL22	RPL30	9606.ENSP00000346088	9606.ENSP00000428085	0	0	0	0	0.890	0.992	0	0.614	0.999
RPL22	RPS20	9606.ENSP00000346088	9606.ENSP00000429374	0	0	0	0	0.922	0.979	0	0.592	0.999
RPL22	RPL23A	9606.ENSP00000346088	9606.ENSP00000389103	0	0	0	0	0.932	0.990	0	0.575	0.999
RPL22	RPL26	9606.ENSP00000346088	9606.ENSP00000463784	0	0	0	0	0.928	0.973	0	0.744	0.999
RPL22	RPS6	9606.ENSP00000346088	9606.ENSP00000369757	0	0	0	0	0.911	0.986	0	0.766	0.999
RPL22	RPS8	9606.ENSP00000346088	9606.ENSP00000379888	0	0	0	0	0.927	0.986	0	0.852	0.999
RPL22	RPL37A	9606.ENSP00000346088	9606.ENSP00000418082	0	0	0	0	0.870	0.990	0	0.505	0.999
RPL22	RPL24	9606.ENSP00000346088	9606.ENSP00000377640	0	0	0	0	0.880	0.993	0	0.439	0.999
RPL22	RPL9	9606.ENSP00000346088	9606.ENSP00000494697	0	0	0	0	0.879	0.977	0	0.705	0.999
RPL22	RPS24	9606.ENSP00000346088	9606.ENSP00000414321	0	0	0	0	0.944	0.973	0	0.632	0.999
RPL22	RPL6	9606.ENSP00000346088	9606.ENSP00000403172	0	0	0	0	0.904	0.991	0	0.688	0.999
RPL22	RPL36	9606.ENSP00000346088	9606.ENSP00000464342	0	0	0	0	0.867	0.988	0	0.624	0.999
RPL22	RPL7A	9606.ENSP00000346088	9606.ENSP00000361076	0	0	0	0	0.840	0.992	0	0.484	0.999
RPL22	RPL23	9606.ENSP00000346088	9606.ENSP00000420311	0	0	0	0	0.936	0.992	0	0.415	0.999
RPL22	RPS19	9606.ENSP00000346088	9606.ENSP00000470972	0	0	0	0	0.825	0.986	0	0.807	0.999
RPL22	RPL5	9606.ENSP00000346088	9606.ENSP00000359345	0	0	0	0	0.845	0.994	0	0.772	0.999
RPL22	RPS18	9606.ENSP00000346088	9606.ENSP00000393241	0	0	0	0	0.918	0.979	0	0.602	0.999
RPL22	RPL34	9606.ENSP00000346088	9606.ENSP00000378163	0	0	0	0	0.911	0.988	0	0.459	0.999
RPL22	RPS14	9606.ENSP00000346088	9606.ENSP00000385958	0	0	0	0	0.828	0.968	0	0.840	0.999
RPL22	RPS9	9606.ENSP00000346088	9606.ENSP00000375632	0	0	0	0	0.862	0.979	0	0.776	0.999
RPL22	RPL32	9606.ENSP00000346088	9606.ENSP00000416429	0	0	0	0	0.907	0.983	0	0.670	0.999
RPL22	RPL27	9606.ENSP00000346088	9606.ENSP00000464813	0	0	0	0	0.914	0.982	0	0.683	0.999
RPL22	RPS13	9606.ENSP00000346088	9606.ENSP00000435777	0	0	0	0	0.879	0.985	0	0.646	0.999
RPL22	RPL35A	9606.ENSP00000346088	9606.ENSP00000495672	0	0	0	0	0.895	0.987	0	0.553	0.999
RPL22	RPL31	9606.ENSP00000346088	9606.ENSP00000386717	0	0	0	0	0.915	0.992	0	0.635	0.999
RPL22L1	RPS12	9606.ENSP00000346080	9606.ENSP00000230050	0	0	0	0	0.712	0.841	0	0.159	0.958
RPL22L1	RPS4Y1	9606.ENSP00000346080	9606.ENSP00000250784	0	0	0	0	0.568	0.578	0	0.207	0.842
RPL22L1	RPL35	9606.ENSP00000346080	9606.ENSP00000259469	0	0	0	0	0.653	0.841	0	0.176	0.950
RPL22L1	RPL8	9606.ENSP00000346080	9606.ENSP00000262584	0	0	0	0	0.704	0.841	0	0.441	0.971
RPL22L1	RPL3L	9606.ENSP00000346080	9606.ENSP00000268661	0	0	0	0	0.477	0.748	0	0.574	0.939
RPL22L1	RPS11	9606.ENSP00000346080	9606.ENSP00000270625	0	0	0	0	0.556	0.840	0	0.366	0.951
RPL22L1	RPS27A	9606.ENSP00000346080	9606.ENSP00000272317	0	0	0	0	0.558	0.841	0	0.118	0.932
RPL22L1	RPL37	9606.ENSP00000346080	9606.ENSP00000274242	0	0	0	0	0.768	0.842	0	0.391	0.975
RPL22L1	RPS3	9606.ENSP00000346080	9606.ENSP00000278572	0	0	0	0	0.442	0.840	0	0.520	0.953
RPL22L1	RPL29	9606.ENSP00000346080	9606.ENSP00000294189	0	0	0	0	0.708	0.842	0	0.456	0.972
RPL22L1	RPS23	9606.ENSP00000346080	9606.ENSP00000296674	0	0	0	0	0.714	0.840	0	0.497	0.975
RPL22L1	RPL38	9606.ENSP00000346080	9606.ENSP00000309830	0	0	0	0	0.708	0.841	0	0.690	0.984
RPL22L1	RPL4	9606.ENSP00000346080	9606.ENSP00000311430	0	0	0	0	0.741	0.840	0	0.441	0.974
RPL22L1	RPS15A	9606.ENSP00000346080	9606.ENSP00000318646	0	0	0	0	0.570	0.580	0	0.249	0.852
RPL22L1	RPS27L	9606.ENSP00000346080	9606.ENSP00000331019	0	0	0	0	0.628	0.748	0	0.616	0.960
RPL22L1	RPL7	9606.ENSP00000346080	9606.ENSP00000339795	0	0	0	0	0.617	0.801	0	0.315	0.943
RPL22L1	RPS2	9606.ENSP00000346080	9606.ENSP00000341885	0	0	0	0	0.376	0.840	0	0.483	0.943
RPL22L1	RPS21	9606.ENSP00000346080	9606.ENSP00000345957	0	0	0	0	0.837	0.841	0	0.323	0.980
RPL22L1	RPL3	9606.ENSP00000346080	9606.ENSP00000346001	0	0	0	0	0.491	0.808	0	0.371	0.933
RPL22L1	RPL36AL	9606.ENSP00000346080	9606.ENSP00000346012	0	0	0	0	0.539	0.581	0	0.565	0.908
RPL22L1	RPL27A	9606.ENSP00000346080	9606.ENSP00000346015	0	0	0	0	0.836	0.840	0	0.449	0.984
RPL22L1	RPLP1	9606.ENSP00000346080	9606.ENSP00000346037	0	0	0	0	0.698	0.771	0	0.383	0.953
RPL22L1	RPS3A	9606.ENSP00000346080	9606.ENSP00000346050	0	0	0	0	0.837	0.840	0	0.236	0.978
RPL22L1	RPL41	9606.ENSP00000346080	9606.ENSP00000449026	0	0	0	0	0.185	0.319	0	0.150	0.487
RPL22L1	RPS4X	9606.ENSP00000346080	9606.ENSP00000362744	0	0	0	0	0.586	0.578	0	0.261	0.859
RPL22L1	RPS4Y2	9606.ENSP00000346080	9606.ENSP00000486252	0	0	0	0	0.568	0.578	0	0.349	0.870
RPL22L1	RPL36A	9606.ENSP00000346080	9606.ENSP00000404375	0	0	0	0	0.562	0.581	0	0.384	0.877
RPL22L1	RPL39	9606.ENSP00000346080	9606.ENSP00000355315	0	0	0	0	0.524	0.749	0	0.426	0.925
RPL22L1	UBA52	9606.ENSP00000346080	9606.ENSP00000388107	0	0	0	0	0.433	0.842	0	0.283	0.930
RPL22L1	RPL39L	9606.ENSP00000346080	9606.ENSP00000389356	0	0	0	0	0.490	0.749	0	0.565	0.939
RPL22L1	RPS10	9606.ENSP00000346080	9606.ENSP00000481646	0	0	0	0	0.601	0.748	0	0.466	0.941
RPL22L1	RPS5	9606.ENSP00000346080	9606.ENSP00000472985	0	0	0	0	0.428	0.841	0	0.423	0.943
RPL22L1	RPL26L1	9606.ENSP00000346080	9606.ENSP00000428223	0	0	0	0	0.715	0.748	0	0.272	0.943
RPL22L1	RPLP0	9606.ENSP00000346080	9606.ENSP00000449328	0	0	0	0	0.524	0.840	0	0.333	0.944
RPL22L1	RPS16	9606.ENSP00000346080	9606.ENSP00000367806	0	0	0	0	0.430	0.840	0	0.471	0.947
RPL22L1	RPS27	9606.ENSP00000346080	9606.ENSP00000499044	0	0	0	0	0.568	0.748	0	0.618	0.954
RPL22L1	RPS26	9606.ENSP00000346080	9606.ENSP00000348849	0	0	0	0	0.575	0.840	0	0.437	0.958
RPL22L1	RPL26	9606.ENSP00000346080	9606.ENSP00000463784	0	0	0	0	0.703	0.748	0	0.505	0.959
RPL22L1	RPL7A	9606.ENSP00000346080	9606.ENSP00000361076	0	0	0	0	0.692	0.840	0	0.249	0.959
RPL22L1	RPLP2	9606.ENSP00000346080	9606.ENSP00000431240	0	0	0	0	0.753	0.779	0	0.324	0.960
RPL22L1	RPS17	9606.ENSP00000346080	9606.ENSP00000498019	0	0	0	0	0.699	0.841	0	0.261	0.961
RPL22L1	RPS7	9606.ENSP00000346080	9606.ENSP00000495273	0	0	0	0	0.590	0.841	0	0.471	0.962
RPL22L1	RPS14	9606.ENSP00000346080	9606.ENSP00000385958	0	0	0	0	0.564	0.748	0	0.687	0.962
RPL22L1	RPL23	9606.ENSP00000346080	9606.ENSP00000420311	0	0	0	0	0.761	0.840	0	0.116	0.963
RPL22L1	RPSA	9606.ENSP00000346080	9606.ENSP00000389351	0	0	0	0	0.703	0.840	0	0.307	0.964
RPL22L1	RPL5	9606.ENSP00000346080	9606.ENSP00000359345	0	0	0	0	0.476	0.863	0	0.560	0.965
RPL22L1	RPL28	9606.ENSP00000346080	9606.ENSP00000452763	0	0	0	0	0.678	0.842	0	0.375	0.965
RPL22L1	RPS28	9606.ENSP00000346080	9606.ENSP00000472469	0	0	0	0	0.699	0.842	0	0.346	0.966
RPL22L1	RPS6	9606.ENSP00000346080	9606.ENSP00000369757	0	0	0	0	0.677	0.840	0	0.434	0.968
RPL22L1	RPS18	9606.ENSP00000346080	9606.ENSP00000393241	0	0	0	0	0.718	0.841	0	0.364	0.969
RPL22L1	RPS20	9606.ENSP00000346080	9606.ENSP00000429374	0	0	0	0	0.705	0.841	0	0.426	0.970
RPL22L1	RPS15	9606.ENSP00000346080	9606.ENSP00000466010	0	0	0	0	0.703	0.841	0	0.445	0.971
RPL22L1	RPS29	9606.ENSP00000346080	9606.ENSP00000379339	0	0	0	0	0.717	0.842	0	0.420	0.971
RPL22L1	RPS25	9606.ENSP00000346080	9606.ENSP00000435096	0	0	0	0	0.714	0.841	0	0.452	0.973
RPL22L1	RPL24	9606.ENSP00000346080	9606.ENSP00000377640	0	0	0	0	0.808	0.840	0	0.205	0.973
RPL22L1	RPS13	9606.ENSP00000346080	9606.ENSP00000435777	0	0	0	0	0.715	0.840	0	0.488	0.974
RPL22L1	RPS19	9606.ENSP00000346080	9606.ENSP00000470972	0	0	0	0	0.668	0.840	0	0.570	0.975
RPL22L1	RPL36	9606.ENSP00000346080	9606.ENSP00000464342	0	0	0	0	0.766	0.841	0	0.427	0.976
RPL22L1	RPL23A	9606.ENSP00000346080	9606.ENSP00000389103	0	0	0	0	0.832	0.840	0	0.407	0.982
RPL22L1	RPL9	9606.ENSP00000346080	9606.ENSP00000494697	0	0	0	0	0.719	0.841	0	0.632	0.982
RPL22L1	RPL32	9606.ENSP00000346080	9606.ENSP00000416429	0	0	0	0	0.838	0.841	0	0.357	0.982
RPL22L1	RPS9	9606.ENSP00000346080	9606.ENSP00000375632	0	0	0	0	0.777	0.841	0	0.535	0.982
RPL22L1	RPL35A	9606.ENSP00000346080	9606.ENSP00000495672	0	0	0	0	0.828	0.841	0	0.400	0.982
RPL22L1	RPL34	9606.ENSP00000346080	9606.ENSP00000378163	0	0	0	0	0.850	0.841	0	0.379	0.983
RPL22L1	RPL27	9606.ENSP00000346080	9606.ENSP00000464813	0	0	0	0	0.846	0.841	0	0.379	0.983
RPL22L1	RPS8	9606.ENSP00000346080	9606.ENSP00000379888	0	0	0	0	0.830	0.840	0	0.460	0.984
RPL22L1	RPL37A	9606.ENSP00000346080	9606.ENSP00000418082	0	0	0	0	0.828	0.840	0	0.493	0.984
RPL22L1	RPL30	9606.ENSP00000346080	9606.ENSP00000428085	0	0	0	0	0.829	0.840	0	0.473	0.984
RPL22L1	RPL6	9606.ENSP00000346080	9606.ENSP00000403172	0	0	0	0	0.837	0.840	0	0.445	0.984
RPL22L1	RPL31	9606.ENSP00000346080	9606.ENSP00000386717	0	0	0	0	0.838	0.840	0	0.484	0.985
RPL22L1	RPS24	9606.ENSP00000346080	9606.ENSP00000414321	0	0	0	0	0.858	0.841	0	0.527	0.988
RPL23	RPS12	9606.ENSP00000420311	9606.ENSP00000230050	0.089	0	0	0	0.991	0.994	0	0.296	0.999
RPL23	RPS4Y1	9606.ENSP00000420311	9606.ENSP00000250784	0.115	0	0	0	0.806	0.954	0	0.184	0.992
RPL23	RPL35	9606.ENSP00000420311	9606.ENSP00000259469	0.231	0	0	0	0.991	0.993	0	0.530	0.999
RPL23	RPL8	9606.ENSP00000420311	9606.ENSP00000262584	0.115	0	0	0	0.990	0.993	0	0.397	0.999
RPL23	RPL3L	9606.ENSP00000420311	9606.ENSP00000268661	0.115	0	0	0	0.821	0.898	0	0.315	0.987
RPL23	RPS11	9606.ENSP00000420311	9606.ENSP00000270625	0.231	0	0	0	0.991	0.993	0	0.435	0.999
RPL23	RPS27A	9606.ENSP00000420311	9606.ENSP00000272317	0	0	0	0	0.990	0.992	0	0.204	0.999
RPL23	RPL37	9606.ENSP00000420311	9606.ENSP00000274242	0	0	0	0	0.999	0.991	0	0.372	0.999
RPL23	RPS3	9606.ENSP00000420311	9606.ENSP00000278572	0.231	0	0	0	0.991	0.993	0	0.531	0.999
RPL23	RPL29	9606.ENSP00000420311	9606.ENSP00000294189	0	0	0	0	0.981	0.991	0	0.585	0.999
RPL23	RPS23	9606.ENSP00000420311	9606.ENSP00000296674	0.120	0	0	0	0.999	0.994	0	0.420	0.999
RPL23	RPL38	9606.ENSP00000420311	9606.ENSP00000309830	0	0	0	0	0.991	0.993	0	0.253	0.999
RPL23	RPL4	9606.ENSP00000420311	9606.ENSP00000311430	0.115	0	0	0	0.991	0.993	0	0.432	0.999
RPL23	RPS15A	9606.ENSP00000420311	9606.ENSP00000318646	0.091	0	0	0	0.963	0.972	0	0.375	0.999
RPL23	RPS27L	9606.ENSP00000420311	9606.ENSP00000331019	0	0	0	0	0.836	0.872	0	0.331	0.984
RPL23	RPL7	9606.ENSP00000420311	9606.ENSP00000339795	0.111	0	0	0	0.962	0.993	0	0.385	0.999
RPL23	RPS2	9606.ENSP00000420311	9606.ENSP00000341885	0.120	0	0	0	0.990	0.993	0	0.389	0.999
RPL23	RPS21	9606.ENSP00000420311	9606.ENSP00000345957	0	0	0	0	0.991	0.993	0	0.337	0.999
RPL23	RPL3	9606.ENSP00000420311	9606.ENSP00000346001	0.115	0	0	0	0.957	0.993	0	0.375	0.999
RPL23	RPL36AL	9606.ENSP00000420311	9606.ENSP00000346012	0	0	0	0	0.924	0.955	0	0.339	0.997
RPL23	RPL27A	9606.ENSP00000420311	9606.ENSP00000346015	0.061	0	0	0	0.991	0.993	0	0.402	0.999
RPL23	RPLP1	9606.ENSP00000420311	9606.ENSP00000346037	0	0	0	0	0.992	0.989	0	0.284	0.999
RPL23	RPS3A	9606.ENSP00000420311	9606.ENSP00000346050	0	0	0	0	0.991	0.993	0	0.255	0.999
RPL23	RPS26	9606.ENSP00000420311	9606.ENSP00000348849	0	0	0	0	0.991	0.995	0	0.333	0.999
RPL23	RPL39	9606.ENSP00000420311	9606.ENSP00000355315	0	0	0	0	0.954	0.972	0	0.412	0.999
RPL23	SARS1	9606.ENSP00000420311	9606.ENSP00000358939	0	0	0	0	0.067	0	0	0.387	0.404
RPL23	RPL5	9606.ENSP00000420311	9606.ENSP00000359345	0.231	0	0	0	0.991	0.997	0	0.616	0.999
RPL23	RPL7A	9606.ENSP00000420311	9606.ENSP00000361076	0.089	0	0	0	0.990	0.994	0	0.207	0.999
RPL23	RPS4X	9606.ENSP00000420311	9606.ENSP00000362744	0.115	0	0	0	0.955	0.974	0	0.184	0.999
RPL23	SECISBP2	9606.ENSP00000420311	9606.ENSP00000364965	0	0	0	0	0.074	0.810	0	0	0.817
RPL23	RPS16	9606.ENSP00000420311	9606.ENSP00000367806	0.115	0	0	0	0.991	0.995	0	0.410	0.999
RPL23	RPS6	9606.ENSP00000420311	9606.ENSP00000369757	0	0	0	0	0.993	0.994	0	0.332	0.999
RPL23	RPS9	9606.ENSP00000420311	9606.ENSP00000375632	0.120	0	0	0	0.985	0.993	0	0.535	0.999
RPL23	RPL24	9606.ENSP00000420311	9606.ENSP00000377640	0	0	0	0	0.991	0.995	0	0.625	0.999
RPL23	RPL34	9606.ENSP00000420311	9606.ENSP00000378163	0.231	0	0	0	0.996	0.993	0	0.423	0.999
RPL23	RPS29	9606.ENSP00000420311	9606.ENSP00000379339	0.115	0	0	0	0.991	0.991	0	0.362	0.999
RPL23	RPS8	9606.ENSP00000420311	9606.ENSP00000379888	0	0	0	0	0.995	0.993	0	0.340	0.999
RPL23	RPS14	9606.ENSP00000420311	9606.ENSP00000385958	0.115	0	0	0	0.961	0.984	0	0.399	0.999
RPL23	RPL31	9606.ENSP00000420311	9606.ENSP00000386717	0	0	0	0	0.999	0.994	0	0.446	0.999
RPL23	UBA52	9606.ENSP00000420311	9606.ENSP00000388107	0	0	0	0	0.971	0.991	0	0.455	0.999
RPL23	RPL23A	9606.ENSP00000420311	9606.ENSP00000389103	0.231	0	0	0	0.991	0.994	0	0.541	0.999
RPL23	RPSA	9606.ENSP00000420311	9606.ENSP00000389351	0.058	0	0	0	0.991	0.994	0	0.336	0.999
RPL23	RPL39L	9606.ENSP00000420311	9606.ENSP00000389356	0	0	0	0	0.835	0.841	0	0.251	0.978
RPL23	RPS18	9606.ENSP00000420311	9606.ENSP00000393241	0.231	0	0	0	0.991	0.993	0	0.353	0.999
RPL23	RPL6	9606.ENSP00000420311	9606.ENSP00000403172	0.111	0	0	0	0.991	0.993	0	0.399	0.999
RPL23	RPL36A	9606.ENSP00000420311	9606.ENSP00000404375	0	0	0	0	0.955	0.955	0	0.342	0.998
RPL23	RPS24	9606.ENSP00000420311	9606.ENSP00000414321	0	0	0	0	0.999	0.992	0	0.360	0.999
RPL23	RPL32	9606.ENSP00000420311	9606.ENSP00000416429	0.075	0	0	0	0.994	0.995	0	0.362	0.999
RPL23	RPL37A	9606.ENSP00000420311	9606.ENSP00000418082	0	0	0	0	0.994	0.993	0	0.207	0.999
RPL23	RPL41	9606.ENSP00000420311	9606.ENSP00000449026	0	0	0	0	0.244	0.401	0	0.154	0.583
RPL23	RPS4Y2	9606.ENSP00000420311	9606.ENSP00000486252	0.115	0	0	0	0.806	0.784	0	0.184	0.965
RPL23	RPL26L1	9606.ENSP00000420311	9606.ENSP00000428223	0.115	0	0	0	0.836	0.979	0	0.315	0.997
RPL23	RPL9	9606.ENSP00000420311	9606.ENSP00000494697	0.120	0	0	0	0.991	0.993	0	0.443	0.999
RPL23	RPL36	9606.ENSP00000420311	9606.ENSP00000464342	0	0	0	0	0.991	0.992	0	0.351	0.999
RPL23	RPS10	9606.ENSP00000420311	9606.ENSP00000481646	0	0	0	0	0.961	0.976	0	0.115	0.999
RPL23	RPS19	9606.ENSP00000420311	9606.ENSP00000470972	0	0	0	0	0.991	0.993	0	0.406	0.999
RPL23	RPS17	9606.ENSP00000420311	9606.ENSP00000498019	0	0	0	0	0.979	0.992	0	0.458	0.999
RPL23	RPL30	9606.ENSP00000420311	9606.ENSP00000428085	0	0	0	0	0.991	0.995	0	0.352	0.999
RPL23	RPS7	9606.ENSP00000420311	9606.ENSP00000495273	0	0	0	0	0.991	0.993	0	0.386	0.999
RPL23	RPS5	9606.ENSP00000420311	9606.ENSP00000472985	0.115	0	0	0	0.990	0.993	0	0.350	0.999
RPL23	RPS28	9606.ENSP00000420311	9606.ENSP00000472469	0	0	0	0	0.991	0.992	0	0.299	0.999
RPL23	RPS25	9606.ENSP00000420311	9606.ENSP00000435096	0	0	0	0	0.990	0.995	0	0.321	0.999
RPL23	RPS20	9606.ENSP00000420311	9606.ENSP00000429374	0.120	0	0	0	0.999	0.994	0	0.437	0.999
RPL23	RPS15	9606.ENSP00000420311	9606.ENSP00000466010	0.231	0	0	0	0.990	0.992	0	0.469	0.999
RPL23	RPL26	9606.ENSP00000420311	9606.ENSP00000463784	0.115	0	0	0	0.961	0.975	0	0.382	0.999
RPL23	RPS27	9606.ENSP00000420311	9606.ENSP00000499044	0	0	0	0	0.960	0.978	0	0.367	0.999
RPL23	RPL28	9606.ENSP00000420311	9606.ENSP00000452763	0	0	0	0	0.981	0.993	0	0.254	0.999
RPL23	RPL35A	9606.ENSP00000420311	9606.ENSP00000495672	0	0	0	0	0.999	0.992	0	0.224	0.999
RPL23	RPLP2	9606.ENSP00000420311	9606.ENSP00000431240	0	0	0	0	0.981	0.990	0	0.323	0.999
RPL23	RPL27	9606.ENSP00000420311	9606.ENSP00000464813	0.111	0	0	0	0.991	0.993	0	0.391	0.999
RPL23	RPLP0	9606.ENSP00000420311	9606.ENSP00000449328	0.120	0	0	0	0.991	0.993	0	0.423	0.999
RPL23	RPS13	9606.ENSP00000420311	9606.ENSP00000435777	0	0	0	0	0.991	0.993	0	0.461	0.999
RPL23A	RPS12	9606.ENSP00000389103	9606.ENSP00000230050	0.099	0	0	0	0.981	0.993	0	0.168	0.999
RPL23A	RPS4Y1	9606.ENSP00000389103	9606.ENSP00000250784	0.115	0	0	0	0.806	0.956	0	0.495	0.995
RPL23A	RPL35	9606.ENSP00000389103	9606.ENSP00000259469	0.231	0	0	0	0.991	0.996	0	0.721	0.999
RPL23A	RPL8	9606.ENSP00000389103	9606.ENSP00000262584	0.115	0	0	0	0.991	0.996	0	0.616	0.999
RPL23A	RPL3L	9606.ENSP00000389103	9606.ENSP00000268661	0.115	0	0	0	0.811	0.903	0	0.509	0.991
RPL23A	RPS11	9606.ENSP00000389103	9606.ENSP00000270625	0.231	0	0	0	0.991	0.995	0	0.626	0.999
RPL23A	RPS27A	9606.ENSP00000389103	9606.ENSP00000272317	0	0	0	0	0.991	0.992	0	0.447	0.999
RPL23A	RPL37	9606.ENSP00000389103	9606.ENSP00000274242	0	0	0	0	0.990	0.991	0	0.579	0.999
RPL23A	RPS3	9606.ENSP00000389103	9606.ENSP00000278572	0.231	0	0	0	0.993	0.995	0	0.626	0.999
RPL23A	RPL29	9606.ENSP00000389103	9606.ENSP00000294189	0	0	0	0	0.991	0.993	0	0.501	0.999
RPL23A	RPS23	9606.ENSP00000389103	9606.ENSP00000296674	0.120	0	0	0	0.991	0.995	0	0.593	0.999
RPL23A	RPL38	9606.ENSP00000389103	9606.ENSP00000309830	0	0	0	0	0.991	0.995	0	0.593	0.999
RPL23A	RPL4	9606.ENSP00000389103	9606.ENSP00000311430	0.115	0	0	0	0.991	0.995	0	0.691	0.999
RPL23A	RPS15A	9606.ENSP00000389103	9606.ENSP00000318646	0.091	0	0	0	0.928	0.973	0	0.589	0.999
RPL23A	RPS27L	9606.ENSP00000389103	9606.ENSP00000331019	0	0	0	0	0.838	0.898	0	0.561	0.992
RPL23A	RPL7	9606.ENSP00000389103	9606.ENSP00000339795	0.111	0	0	0	0.963	0.993	0	0.658	0.999
RPL23A	RPS2	9606.ENSP00000389103	9606.ENSP00000341885	0.120	0	0	0	0.984	0.996	0	0.624	0.999
RPL23A	RPS21	9606.ENSP00000389103	9606.ENSP00000345957	0	0	0	0	0.991	0.992	0	0.491	0.999
RPL23A	RPL3	9606.ENSP00000389103	9606.ENSP00000346001	0.115	0	0	0	0.955	0.995	0	0.658	0.999
RPL23A	RPL36AL	9606.ENSP00000389103	9606.ENSP00000346012	0	0	0	0	0.951	0.959	0	0.628	0.999
RPL23A	RPL27A	9606.ENSP00000389103	9606.ENSP00000346015	0.061	0	0	0	0.992	0.995	0	0.664	0.999
RPL23A	RPLP1	9606.ENSP00000389103	9606.ENSP00000346037	0	0	0	0	0.999	0.990	0	0.366	0.999
RPL23A	RPS3A	9606.ENSP00000389103	9606.ENSP00000346050	0	0	0	0	0.991	0.995	0	0.732	0.999
RPL23A	RPS26	9606.ENSP00000389103	9606.ENSP00000348849	0	0	0	0	0.991	0.994	0	0.430	0.999
RPL23A	RPL39	9606.ENSP00000389103	9606.ENSP00000355315	0	0	0	0	0.898	0.967	0	0.571	0.998
RPL23A	RPL5	9606.ENSP00000389103	9606.ENSP00000359345	0.231	0	0	0	0.991	0.995	0	0.714	0.999
RPL23A	RPL7A	9606.ENSP00000389103	9606.ENSP00000361076	0.099	0	0	0	0.991	0.995	0	0.568	0.999
RPL23A	RPS4X	9606.ENSP00000389103	9606.ENSP00000362744	0.115	0	0	0	0.954	0.973	0	0.686	0.999
RPL23A	SECISBP2	9606.ENSP00000389103	9606.ENSP00000364965	0	0	0	0	0.063	0.806	0	0.051	0.812
RPL23A	RPS16	9606.ENSP00000389103	9606.ENSP00000367806	0.115	0	0	0	0.991	0.996	0	0.604	0.999
RPL23A	RPS6	9606.ENSP00000389103	9606.ENSP00000369757	0	0	0	0	0.993	0.995	0	0.591	0.999
RPL23A	RPS9	9606.ENSP00000389103	9606.ENSP00000375632	0.120	0	0	0	0.981	0.995	0	0.682	0.999
RPL23A	RPL24	9606.ENSP00000389103	9606.ENSP00000377640	0	0	0	0	0.990	0.995	0	0.421	0.999
RPL23A	RPL34	9606.ENSP00000389103	9606.ENSP00000378163	0.231	0	0	0	0.992	0.993	0	0.596	0.999
RPL23A	RPS29	9606.ENSP00000389103	9606.ENSP00000379339	0.115	0	0	0	0.991	0.991	0	0.567	0.999
RPL23A	RPS8	9606.ENSP00000389103	9606.ENSP00000379888	0	0	0	0	0.991	0.995	0	0.676	0.999
RPL23A	RPS14	9606.ENSP00000389103	9606.ENSP00000385958	0.115	0	0	0	0.999	0.985	0	0.760	0.999
RPL23A	RPL31	9606.ENSP00000389103	9606.ENSP00000386717	0	0	0	0	0.999	0.995	0	0.625	0.999
RPL23A	UBA52	9606.ENSP00000389103	9606.ENSP00000388107	0	0	0	0	0.948	0.991	0	0.430	0.999
RPL23A	RPL41	9606.ENSP00000389103	9606.ENSP00000449026	0	0	0	0	0.297	0.507	0	0.215	0.704
RPL23A	RPS4Y2	9606.ENSP00000389103	9606.ENSP00000486252	0.115	0	0	0	0.806	0.784	0	0.136	0.963
RPL23A	RPL39L	9606.ENSP00000389103	9606.ENSP00000389356	0	0	0	0	0.836	0.842	0	0.468	0.985
RPL23A	RPL26L1	9606.ENSP00000389103	9606.ENSP00000428223	0.115	0	0	0	0.837	0.969	0	0.429	0.997
RPL23A	RPL36A	9606.ENSP00000389103	9606.ENSP00000404375	0	0	0	0	0.882	0.955	0	0.655	0.998
RPL23A	RPS17	9606.ENSP00000389103	9606.ENSP00000498019	0	0	0	0	0.972	0.993	0	0.573	0.999
RPL23A	RPL30	9606.ENSP00000389103	9606.ENSP00000428085	0	0	0	0	0.991	0.994	0	0.545	0.999
RPL23A	RPS7	9606.ENSP00000389103	9606.ENSP00000495273	0	0	0	0	0.990	0.993	0	0.418	0.999
RPL23A	RPS5	9606.ENSP00000389103	9606.ENSP00000472985	0.115	0	0	0	0.991	0.994	0	0.604	0.999
RPL23A	RPS28	9606.ENSP00000389103	9606.ENSP00000472469	0	0	0	0	0.991	0.992	0	0.623	0.999
RPL23A	RPS25	9606.ENSP00000389103	9606.ENSP00000435096	0	0	0	0	0.990	0.995	0	0.645	0.999
RPL23A	RPS20	9606.ENSP00000389103	9606.ENSP00000429374	0.120	0	0	0	0.991	0.995	0	0.605	0.999
RPL23A	RPS15	9606.ENSP00000389103	9606.ENSP00000466010	0.231	0	0	0	0.991	0.993	0	0.626	0.999
RPL23A	RPL37A	9606.ENSP00000389103	9606.ENSP00000418082	0	0	0	0	0.991	0.996	0	0.593	0.999
RPL23A	RPL26	9606.ENSP00000389103	9606.ENSP00000463784	0.115	0	0	0	0.960	0.966	0	0.625	0.999
RPL23A	RPS24	9606.ENSP00000389103	9606.ENSP00000414321	0	0	0	0	0.991	0.993	0	0.644	0.999
RPL23A	RPL9	9606.ENSP00000389103	9606.ENSP00000494697	0.120	0	0	0	0.991	0.993	0	0.665	0.999
RPL23A	RPL36	9606.ENSP00000389103	9606.ENSP00000464342	0	0	0	0	0.982	0.995	0	0.709	0.999
RPL23A	RPL6	9606.ENSP00000389103	9606.ENSP00000403172	0.111	0	0	0	0.991	0.993	0	0.811	0.999
RPL23A	RPS10	9606.ENSP00000389103	9606.ENSP00000481646	0	0	0	0	0.959	0.980	0	0.600	0.999
RPL23A	RPS19	9606.ENSP00000389103	9606.ENSP00000470972	0	0	0	0	0.999	0.995	0	0.648	0.999
RPL23A	RPSA	9606.ENSP00000389103	9606.ENSP00000389351	0.057	0	0	0	0.971	0.995	0	0.695	0.999
RPL23A	RPS18	9606.ENSP00000389103	9606.ENSP00000393241	0.231	0	0	0	0.991	0.993	0	0.560	0.999
RPL23A	RPLP2	9606.ENSP00000389103	9606.ENSP00000431240	0	0	0	0	0.990	0.991	0	0.465	0.999
RPL23A	RPL27	9606.ENSP00000389103	9606.ENSP00000464813	0.111	0	0	0	0.982	0.993	0	0.680	0.999
RPL23A	RPL32	9606.ENSP00000389103	9606.ENSP00000416429	0.075	0	0	0	0.991	0.995	0	0.504	0.999
RPL23A	RPLP0	9606.ENSP00000389103	9606.ENSP00000449328	0.120	0	0	0	0.991	0.995	0	0.497	0.999
RPL23A	RPS13	9606.ENSP00000389103	9606.ENSP00000435777	0	0	0	0	0.991	0.994	0	0.550	0.999
RPL23A	RPS27	9606.ENSP00000389103	9606.ENSP00000499044	0	0	0	0	0.999	0.981	0	0.590	0.999
RPL23A	RPL28	9606.ENSP00000389103	9606.ENSP00000452763	0	0	0	0	0.977	0.993	0	0.571	0.999
RPL23A	RPL35A	9606.ENSP00000389103	9606.ENSP00000495672	0	0	0	0	0.992	0.993	0	0.625	0.999
RPL24	RPS12	9606.ENSP00000377640	9606.ENSP00000230050	0.099	0	0	0	0.999	0.995	0	0.363	0.999
RPL24	RPS4Y1	9606.ENSP00000377640	9606.ENSP00000250784	0	0	0	0	0.806	0.954	0	0.370	0.994
RPL24	RPL35	9606.ENSP00000377640	9606.ENSP00000259469	0	0	0	0	0.991	0.993	0	0.406	0.999
RPL24	RPL8	9606.ENSP00000377640	9606.ENSP00000262584	0	0	0	0	0.990	0.993	0.900	0.302	0.999
RPL24	RPL3L	9606.ENSP00000377640	9606.ENSP00000268661	0	0	0	0	0.825	0.904	0	0.315	0.987
RPL24	RPS11	9606.ENSP00000377640	9606.ENSP00000270625	0	0	0	0	0.992	0.994	0	0.482	0.999
RPL24	RPS27A	9606.ENSP00000377640	9606.ENSP00000272317	0	0	0	0	0.991	0.992	0	0.145	0.999
RPL24	RPL37	9606.ENSP00000377640	9606.ENSP00000274242	0	0	0	0	0.978	0.991	0	0.277	0.999
RPL24	RPS3	9606.ENSP00000377640	9606.ENSP00000278572	0	0	0	0	0.991	0.994	0	0.251	0.999
RPL24	RPL29	9606.ENSP00000377640	9606.ENSP00000294189	0	0	0	0	0.981	0.991	0	0.251	0.999
RPL24	RPS23	9606.ENSP00000377640	9606.ENSP00000296674	0	0	0	0	0.990	0.995	0.900	0.243	0.999
RPL24	RPL38	9606.ENSP00000377640	9606.ENSP00000309830	0	0	0	0	0.985	0.993	0.900	0.491	0.999
RPL24	RPL4	9606.ENSP00000377640	9606.ENSP00000311430	0.042	0	0	0	0.990	0.995	0	0.423	0.999
RPL24	RPS15A	9606.ENSP00000377640	9606.ENSP00000318646	0	0	0	0	0.944	0.973	0	0.314	0.998
RPL24	RPS27L	9606.ENSP00000377640	9606.ENSP00000331019	0	0	0	0	0.845	0.918	0	0.284	0.990
RPL24	RPL7	9606.ENSP00000377640	9606.ENSP00000339795	0	0	0	0	0.959	0.993	0	0.221	0.999
RPL24	RPS2	9606.ENSP00000377640	9606.ENSP00000341885	0	0	0	0	0.985	0.995	0	0.316	0.999
RPL24	RPS21	9606.ENSP00000377640	9606.ENSP00000345957	0	0	0	0	0.992	0.992	0.900	0.457	0.999
RPL24	RPL3	9606.ENSP00000377640	9606.ENSP00000346001	0	0	0	0	0.956	0.993	0	0.391	0.999
RPL24	RPL36AL	9606.ENSP00000377640	9606.ENSP00000346012	0	0	0	0	0.894	0.955	0	0.314	0.996
RPL24	RPL27A	9606.ENSP00000377640	9606.ENSP00000346015	0	0	0	0	0.986	0.995	0	0.423	0.999
RPL24	RPLP1	9606.ENSP00000377640	9606.ENSP00000346037	0	0	0	0	0.979	0.983	0	0.239	0.999
RPL24	RPS3A	9606.ENSP00000377640	9606.ENSP00000346050	0	0	0	0	0.991	0.995	0	0.289	0.999
RPL24	RPS26	9606.ENSP00000377640	9606.ENSP00000348849	0	0	0	0	0.981	0.995	0.900	0.365	0.999
RPL24	RPL39	9606.ENSP00000377640	9606.ENSP00000355315	0.057	0	0	0	0.975	0.967	0.900	0.428	0.999
RPL24	RPL5	9606.ENSP00000377640	9606.ENSP00000359345	0	0	0	0	0.991	0.994	0	0.424	0.999
RPL24	RPL7A	9606.ENSP00000377640	9606.ENSP00000361076	0.099	0	0	0	0.969	0.995	0.720	0.362	0.999
RPL24	RPS4X	9606.ENSP00000377640	9606.ENSP00000362744	0	0	0	0	0.954	0.974	0	0.442	0.999
RPL24	SECISBP2	9606.ENSP00000377640	9606.ENSP00000364965	0	0	0	0	0.070	0.800	0	0	0.806
RPL24	RPS16	9606.ENSP00000377640	9606.ENSP00000367806	0.042	0	0	0	0.991	0.995	0	0.310	0.999
RPL24	RPS6	9606.ENSP00000377640	9606.ENSP00000369757	0.231	0	0	0	0.991	0.997	0	0.448	0.999
RPL24	RPS9	9606.ENSP00000377640	9606.ENSP00000375632	0	0	0	0	0.988	0.993	0	0.308	0.999
RPL24	RPL41	9606.ENSP00000377640	9606.ENSP00000449026	0	0	0	0	0.466	0.429	0.900	0.155	0.970
RPL24	RPS4Y2	9606.ENSP00000377640	9606.ENSP00000486252	0	0	0	0	0.806	0.784	0	0.424	0.973
RPL24	RPL39L	9606.ENSP00000377640	9606.ENSP00000389356	0.057	0	0	0	0.832	0.842	0	0.159	0.976
RPL24	RPL26L1	9606.ENSP00000377640	9606.ENSP00000428223	0	0	0	0	0.847	0.966	0	0.251	0.995
RPL24	UBA52	9606.ENSP00000377640	9606.ENSP00000388107	0	0	0	0	0.974	0.992	0	0.353	0.999
RPL24	RPL26	9606.ENSP00000377640	9606.ENSP00000463784	0	0	0	0	0.959	0.979	0	0.299	0.999
RPL24	RPS8	9606.ENSP00000377640	9606.ENSP00000379888	0	0	0	0	0.991	0.995	0	0.391	0.999
RPL24	RPS15	9606.ENSP00000377640	9606.ENSP00000466010	0	0	0	0	0.978	0.993	0	0.212	0.999
RPL24	RPL37A	9606.ENSP00000377640	9606.ENSP00000418082	0.055	0	0	0	0.979	0.994	0	0.353	0.999
RPL24	RPS20	9606.ENSP00000377640	9606.ENSP00000429374	0	0	0	0	0.982	0.995	0	0.261	0.999
RPL24	RPS25	9606.ENSP00000377640	9606.ENSP00000435096	0	0	0	0	0.991	0.995	0	0.404	0.999
RPL24	RPS5	9606.ENSP00000377640	9606.ENSP00000472985	0	0	0	0	0.979	0.993	0	0.297	0.999
RPL24	RPS28	9606.ENSP00000377640	9606.ENSP00000472469	0.231	0	0	0	0.979	0.992	0.900	0.453	0.999
RPL24	RPS7	9606.ENSP00000377640	9606.ENSP00000495273	0	0	0	0	0.990	0.993	0	0.204	0.999
RPL24	RPL30	9606.ENSP00000377640	9606.ENSP00000428085	0	0	0	0	0.994	0.993	0.900	0.352	0.999
RPL24	RPS17	9606.ENSP00000377640	9606.ENSP00000498019	0	0	0	0	0.991	0.993	0	0.353	0.999
RPL24	RPL34	9606.ENSP00000377640	9606.ENSP00000378163	0	0	0	0	0.990	0.993	0	0.449	0.999
RPL24	RPS18	9606.ENSP00000377640	9606.ENSP00000393241	0	0	0	0	0.991	0.993	0	0.238	0.999
RPL24	RPSA	9606.ENSP00000377640	9606.ENSP00000389351	0.047	0	0	0	0.959	0.995	0	0.275	0.999
RPL24	RPS19	9606.ENSP00000377640	9606.ENSP00000470972	0.075	0	0	0	0.986	0.995	0	0.407	0.999
RPL24	RPL6	9606.ENSP00000377640	9606.ENSP00000403172	0	0	0	0	0.991	0.994	0.900	0.375	0.999
RPL24	RPL36	9606.ENSP00000377640	9606.ENSP00000464342	0	0	0	0	0.990	0.993	0.900	0.374	0.999
RPL24	RPS10	9606.ENSP00000377640	9606.ENSP00000481646	0	0	0	0	0.969	0.979	0	0.328	0.999
RPL24	RPL9	9606.ENSP00000377640	9606.ENSP00000494697	0	0	0	0	0.991	0.993	0	0.259	0.999
RPL24	RPS24	9606.ENSP00000377640	9606.ENSP00000414321	0.161	0	0	0	0.992	0.992	0	0.444	0.999
RPL24	RPS13	9606.ENSP00000377640	9606.ENSP00000435777	0	0	0	0	0.991	0.994	0	0.199	0.999
RPL24	RPLP0	9606.ENSP00000377640	9606.ENSP00000449328	0	0	0	0	0.978	0.993	0	0.437	0.999
RPL24	RPL32	9606.ENSP00000377640	9606.ENSP00000416429	0	0	0	0	0.991	0.993	0.900	0.212	0.999
RPL24	RPL36A	9606.ENSP00000377640	9606.ENSP00000404375	0	0	0	0	0.882	0.955	0.900	0.389	0.999
RPL24	RPL27	9606.ENSP00000377640	9606.ENSP00000464813	0	0	0	0	0.992	0.993	0	0.491	0.999
RPL24	RPS14	9606.ENSP00000377640	9606.ENSP00000385958	0	0	0	0	0.959	0.980	0	0.299	0.999
RPL24	RPLP2	9606.ENSP00000377640	9606.ENSP00000431240	0	0	0	0	0.978	0.983	0	0.166	0.999
RPL24	RPS29	9606.ENSP00000377640	9606.ENSP00000379339	0	0	0	0	0.990	0.991	0.900	0.166	0.999
RPL24	RPL35A	9606.ENSP00000377640	9606.ENSP00000495672	0	0	0	0	0.991	0.993	0	0.407	0.999
RPL24	RPL28	9606.ENSP00000377640	9606.ENSP00000452763	0	0	0	0	0.978	0.991	0	0.484	0.999
RPL24	RPS27	9606.ENSP00000377640	9606.ENSP00000499044	0	0	0	0	0.958	0.980	0	0.284	0.999
RPL24	RPL31	9606.ENSP00000377640	9606.ENSP00000386717	0	0	0	0	0.991	0.995	0.900	0.426	0.999
RPL26	RPS12	9606.ENSP00000463784	9606.ENSP00000230050	0.057	0	0	0	0.982	0.967	0	0.091	0.999
RPL26	RPS4Y1	9606.ENSP00000463784	9606.ENSP00000250784	0.091	0	0	0	0.659	0.912	0	0.390	0.981
RPL26	RPL35	9606.ENSP00000463784	9606.ENSP00000259469	0.115	0	0	0	0.959	0.986	0	0.798	0.999
RPL26	RPL8	9606.ENSP00000463784	9606.ENSP00000262584	0.091	0	0	0	0.959	0.978	0	0.679	0.999
RPL26	RPL3L	9606.ENSP00000463784	9606.ENSP00000268661	0.091	0	0	0	0.683	0.748	0	0.442	0.954
RPL26	RPS11	9606.ENSP00000463784	9606.ENSP00000270625	0.115	0	0	0	0.960	0.978	0	0.592	0.999
RPL26	RPS27A	9606.ENSP00000463784	9606.ENSP00000272317	0	0	0	0	0.961	0.970	0	0.480	0.999
RPL26	RPL37	9606.ENSP00000463784	9606.ENSP00000274242	0	0	0	0	0.939	0.967	0	0.776	0.999
RPL26	RPS3	9606.ENSP00000463784	9606.ENSP00000278572	0.115	0	0	0	0.960	0.990	0	0.697	0.999
RPL26	RPL29	9606.ENSP00000463784	9606.ENSP00000294189	0	0	0	0	0.957	0.967	0	0.614	0.999
RPL26	RPS23	9606.ENSP00000463784	9606.ENSP00000296674	0.102	0	0	0	0.992	0.967	0	0.604	0.999
RPL26	RPL38	9606.ENSP00000463784	9606.ENSP00000309830	0	0	0	0	0.935	0.979	0	0.636	0.999
RPL26	RPL4	9606.ENSP00000463784	9606.ENSP00000311430	0.091	0	0	0	0.960	0.972	0	0.722	0.999
RPL26	RPS15A	9606.ENSP00000463784	9606.ENSP00000318646	0.058	0	0	0	0.999	0.912	0	0.571	0.999
RPL26	RPS27L	9606.ENSP00000463784	9606.ENSP00000331019	0	0	0	0	0.705	0.749	0	0.615	0.969
RPL26	RPL7	9606.ENSP00000463784	9606.ENSP00000339795	0.079	0	0	0	0.927	0.984	0	0.651	0.999
RPL26	RPS2	9606.ENSP00000463784	9606.ENSP00000341885	0.102	0	0	0	0.960	0.979	0	0.645	0.999
RPL26	RPS21	9606.ENSP00000463784	9606.ENSP00000345957	0	0	0	0	0.961	0.967	0	0.526	0.999
RPL26	RPL3	9606.ENSP00000463784	9606.ENSP00000346001	0.091	0	0	0	0.923	0.980	0	0.622	0.999
RPL26	RPL36AL	9606.ENSP00000463784	9606.ENSP00000346012	0	0	0	0	0.775	0.923	0	0.511	0.990
RPL26	RPL27A	9606.ENSP00000463784	9606.ENSP00000346015	0.056	0	0	0	0.960	0.966	0	0.556	0.999
RPL26	RPLP1	9606.ENSP00000463784	9606.ENSP00000346037	0	0	0	0	0.960	0.949	0	0.468	0.998
RPL26	RPS3A	9606.ENSP00000463784	9606.ENSP00000346050	0	0	0	0	0.960	0.983	0	0.591	0.999
RPL26	RPS26	9606.ENSP00000463784	9606.ENSP00000348849	0	0	0	0	0.959	0.979	0	0.758	0.999
RPL26	RPL39	9606.ENSP00000463784	9606.ENSP00000355315	0	0	0	0	0.929	0.947	0	0.590	0.998
RPL26	RPL5	9606.ENSP00000463784	9606.ENSP00000359345	0.115	0	0	0	0.959	0.972	0	0.876	0.999
RPL26	RPL7A	9606.ENSP00000463784	9606.ENSP00000361076	0.057	0	0	0	0.958	0.985	0	0.408	0.999
RPL26	RPS4X	9606.ENSP00000463784	9606.ENSP00000362744	0.091	0	0	0	0.919	0.929	0	0.323	0.996
RPL26	SECISBP2	9606.ENSP00000463784	9606.ENSP00000364965	0	0	0	0	0.062	0.804	0	0.051	0.811
RPL26	RPS16	9606.ENSP00000463784	9606.ENSP00000367806	0.091	0	0	0	0.961	0.985	0	0.510	0.999
RPL26	RPS6	9606.ENSP00000463784	9606.ENSP00000369757	0	0	0	0	0.968	0.983	0	0.792	0.999
RPL26	RPS9	9606.ENSP00000463784	9606.ENSP00000375632	0.102	0	0	0	0.946	0.985	0	0.713	0.999
RPL26	RPL34	9606.ENSP00000463784	9606.ENSP00000378163	0.115	0	0	0	0.965	0.979	0	0.677	0.999
RPL26	RPS29	9606.ENSP00000463784	9606.ENSP00000379339	0.091	0	0	0	0.961	0.973	0	0.652	0.999
RPL26	RPS8	9606.ENSP00000463784	9606.ENSP00000379888	0	0	0	0	0.961	0.988	0	0.582	0.999
RPL26	RPS14	9606.ENSP00000463784	9606.ENSP00000385958	0.091	0	0	0	0.929	0.966	0	0.671	0.999
RPL26	RPL31	9606.ENSP00000463784	9606.ENSP00000386717	0	0	0	0	0.999	0.971	0	0.842	0.999
RPL26	UBA52	9606.ENSP00000463784	9606.ENSP00000388107	0	0	0	0	0.903	0.967	0	0.414	0.997
RPL26	RPSA	9606.ENSP00000463784	9606.ENSP00000389351	0.052	0	0	0	0.960	0.971	0	0.363	0.999
RPL26	RPL39L	9606.ENSP00000463784	9606.ENSP00000389356	0	0	0	0	0.687	0.749	0	0.390	0.947
RPL26	RPS18	9606.ENSP00000463784	9606.ENSP00000393241	0.115	0	0	0	0.959	0.979	0	0.468	0.999
RPL26	RPL6	9606.ENSP00000463784	9606.ENSP00000403172	0.079	0	0	0	0.961	0.976	0	0.779	0.999
RPL26	RPL36A	9606.ENSP00000463784	9606.ENSP00000404375	0	0	0	0	0.999	0.912	0	0.501	0.999
RPL26	RPS24	9606.ENSP00000463784	9606.ENSP00000414321	0	0	0	0	0.961	0.966	0	0.790	0.999
RPL26	RPL32	9606.ENSP00000463784	9606.ENSP00000416429	0.057	0	0	0	0.964	0.971	0	0.352	0.999
RPL26	RPL37A	9606.ENSP00000463784	9606.ENSP00000418082	0	0	0	0	0.933	0.983	0	0.393	0.999
RPL26	RPL30	9606.ENSP00000463784	9606.ENSP00000428085	0	0	0	0	0.960	0.986	0	0.620	0.999
RPL26	RPL26L1	9606.ENSP00000463784	9606.ENSP00000428223	0	0	0.048	0.985	0.082	0.820	0.900	0.379	0.988
RPL26	RPS20	9606.ENSP00000463784	9606.ENSP00000429374	0.102	0	0	0	0.999	0.967	0	0.667	0.999
RPL26	RPLP2	9606.ENSP00000463784	9606.ENSP00000431240	0	0	0	0	0.958	0.967	0	0.367	0.999
RPL26	RPS25	9606.ENSP00000463784	9606.ENSP00000435096	0	0	0	0	0.958	0.979	0	0.652	0.999
RPL26	RPS13	9606.ENSP00000463784	9606.ENSP00000435777	0	0	0	0	0.966	0.982	0	0.692	0.999
RPL26	RPL41	9606.ENSP00000463784	9606.ENSP00000449026	0	0	0	0	0.249	0.319	0	0.367	0.648
RPL26	RPLP0	9606.ENSP00000463784	9606.ENSP00000449328	0.102	0	0	0	0.959	0.973	0	0.404	0.999
RPL26	RPL28	9606.ENSP00000463784	9606.ENSP00000452763	0	0	0	0	0.958	0.966	0	0.645	0.999
RPL26	RPS4Y2	9606.ENSP00000463784	9606.ENSP00000486252	0.091	0	0	0	0.659	0.580	0	0.126	0.870
RPL26	RPS17	9606.ENSP00000463784	9606.ENSP00000498019	0	0	0	0	0.879	0.967	0	0.696	0.998
RPL26	RPS27	9606.ENSP00000463784	9606.ENSP00000499044	0	0	0	0	0.928	0.947	0	0.742	0.998
RPL26	RPS15	9606.ENSP00000463784	9606.ENSP00000466010	0.115	0	0	0	0.954	0.981	0	0.673	0.999
RPL26	RPS7	9606.ENSP00000463784	9606.ENSP00000495273	0	0	0	0	0.960	0.966	0	0.487	0.999
RPL26	RPS5	9606.ENSP00000463784	9606.ENSP00000472985	0.091	0	0	0	0.960	0.979	0	0.417	0.999
RPL26	RPS28	9606.ENSP00000463784	9606.ENSP00000472469	0	0	0	0	0.961	0.967	0	0.682	0.999
RPL26	RPS19	9606.ENSP00000463784	9606.ENSP00000470972	0	0	0	0	0.960	0.980	0	0.837	0.999
RPL26	RPL36	9606.ENSP00000463784	9606.ENSP00000464342	0	0	0	0	0.961	0.984	0	0.489	0.999
RPL26	RPS10	9606.ENSP00000463784	9606.ENSP00000481646	0	0	0	0	0.938	0.947	0	0.748	0.999
RPL26	RPL9	9606.ENSP00000463784	9606.ENSP00000494697	0.102	0	0	0	0.965	0.966	0	0.608	0.999
RPL26	RPL27	9606.ENSP00000463784	9606.ENSP00000464813	0.079	0	0	0	0.985	0.979	0	0.793	0.999
RPL26	RPL35A	9606.ENSP00000463784	9606.ENSP00000495672	0	0	0	0	0.967	0.966	0	0.780	0.999
RPL26L1	RPS12	9606.ENSP00000428223	9606.ENSP00000230050	0.057	0	0	0	0.834	0.967	0	0.091	0.994
RPL26L1	RPS4Y1	9606.ENSP00000428223	9606.ENSP00000250784	0.091	0	0	0	0.663	0.912	0	0.126	0.973
RPL26L1	RPL35	9606.ENSP00000428223	9606.ENSP00000259469	0.115	0	0	0	0.838	0.985	0	0.313	0.998
RPL26L1	RPL8	9606.ENSP00000428223	9606.ENSP00000262584	0.091	0	0	0	0.837	0.986	0	0.419	0.998
RPL26L1	RPL3L	9606.ENSP00000428223	9606.ENSP00000268661	0.091	0	0	0	0.683	0.748	0	0.268	0.939
RPL26L1	RPS11	9606.ENSP00000428223	9606.ENSP00000270625	0.115	0	0	0	0.834	0.970	0	0.393	0.997
RPL26L1	RPS27A	9606.ENSP00000428223	9606.ENSP00000272317	0	0	0	0	0.837	0.966	0	0.120	0.994
RPL26L1	RPL37	9606.ENSP00000428223	9606.ENSP00000274242	0	0	0	0	0.834	0.968	0	0.260	0.995
RPL26L1	RPS3	9606.ENSP00000428223	9606.ENSP00000278572	0.115	0	0	0	0.835	0.969	0	0.570	0.997
RPL26L1	RPL29	9606.ENSP00000428223	9606.ENSP00000294189	0	0	0	0	0.846	0.967	0	0.429	0.996
RPL26L1	RPS23	9606.ENSP00000428223	9606.ENSP00000296674	0.102	0	0	0	0.836	0.967	0	0.456	0.997
RPL26L1	RPL38	9606.ENSP00000428223	9606.ENSP00000309830	0	0	0	0	0.833	0.966	0	0.410	0.996
RPL26L1	RPL4	9606.ENSP00000428223	9606.ENSP00000311430	0.091	0	0	0	0.840	0.983	0	0.338	0.998
RPL26L1	RPS15A	9606.ENSP00000428223	9606.ENSP00000318646	0.058	0	0	0	0.655	0.912	0	0.690	0.990
RPL26L1	RPS27L	9606.ENSP00000428223	9606.ENSP00000331019	0	0	0	0	0.733	0.749	0	0.363	0.953
RPL26L1	RPL7	9606.ENSP00000428223	9606.ENSP00000339795	0.079	0	0	0	0.708	0.970	0	0.293	0.993
RPL26L1	RPS2	9606.ENSP00000428223	9606.ENSP00000341885	0.102	0	0	0	0.833	0.972	0	0.667	0.998
RPL26L1	RPS21	9606.ENSP00000428223	9606.ENSP00000345957	0	0	0	0	0.892	0.967	0	0.339	0.997
RPL26L1	RPL3	9606.ENSP00000428223	9606.ENSP00000346001	0.091	0	0	0	0.691	0.978	0	0.268	0.995
RPL26L1	RPL36AL	9606.ENSP00000428223	9606.ENSP00000346012	0	0	0	0	0.650	0.921	0	0.624	0.988
RPL26L1	RPL27A	9606.ENSP00000428223	9606.ENSP00000346015	0.056	0	0	0	0.834	0.980	0	0.371	0.997
RPL26L1	RPLP1	9606.ENSP00000428223	9606.ENSP00000346037	0	0	0	0	0.834	0.757	0	0.270	0.968
RPL26L1	RPS3A	9606.ENSP00000428223	9606.ENSP00000346050	0	0	0	0	0.840	0.970	0	0.619	0.998
RPL26L1	RPS26	9606.ENSP00000428223	9606.ENSP00000348849	0	0	0	0	0.835	0.979	0	0.301	0.997
RPL26L1	RPL39	9606.ENSP00000428223	9606.ENSP00000355315	0	0	0	0	0.722	0.947	0	0.248	0.988
RPL26L1	RPL5	9606.ENSP00000428223	9606.ENSP00000359345	0.115	0	0	0	0.834	0.979	0	0.388	0.997
RPL26L1	RPL7A	9606.ENSP00000428223	9606.ENSP00000361076	0.057	0	0	0	0.834	0.984	0	0.161	0.997
RPL26L1	RPS4X	9606.ENSP00000428223	9606.ENSP00000362744	0.091	0	0	0	0.668	0.912	0	0.535	0.986
RPL26L1	RPS16	9606.ENSP00000428223	9606.ENSP00000367806	0.091	0	0	0	0.834	0.985	0	0.331	0.998
RPL26L1	RPS6	9606.ENSP00000428223	9606.ENSP00000369757	0	0	0	0	0.834	0.985	0	0.525	0.998
RPL26L1	RPS9	9606.ENSP00000428223	9606.ENSP00000375632	0.102	0	0	0	0.837	0.981	0	0.306	0.997
RPL26L1	RPL34	9606.ENSP00000428223	9606.ENSP00000378163	0.115	0	0	0	0.892	0.980	0	0.438	0.998
RPL26L1	RPS29	9606.ENSP00000428223	9606.ENSP00000379339	0.091	0	0	0	0.837	0.972	0	0.204	0.996
RPL26L1	RPS8	9606.ENSP00000428223	9606.ENSP00000379888	0	0	0	0	0.834	0.984	0	0.292	0.997
RPL26L1	RPS14	9606.ENSP00000428223	9606.ENSP00000385958	0.091	0	0	0	0.703	0.954	0	0.259	0.989
RPL26L1	RPL31	9606.ENSP00000428223	9606.ENSP00000386717	0	0	0	0	0.848	0.969	0	0.410	0.997
RPL26L1	UBA52	9606.ENSP00000428223	9606.ENSP00000388107	0	0	0	0	0.834	0.967	0	0.431	0.996
RPL26L1	RPSA	9606.ENSP00000428223	9606.ENSP00000389351	0.052	0	0	0	0.836	0.971	0	0.166	0.995
RPL26L1	RPL39L	9606.ENSP00000428223	9606.ENSP00000389356	0	0	0	0	0.701	0.749	0	0.360	0.947
RPL26L1	RPS18	9606.ENSP00000428223	9606.ENSP00000393241	0.115	0	0	0	0.839	0.979	0	0.412	0.998
RPL26L1	RPL6	9606.ENSP00000428223	9606.ENSP00000403172	0.079	0	0	0	0.856	0.983	0	0.445	0.998
RPL26L1	RPL36A	9606.ENSP00000428223	9606.ENSP00000404375	0	0	0	0	0.679	0.912	0	0.624	0.988
RPL26L1	RPS24	9606.ENSP00000428223	9606.ENSP00000414321	0	0	0	0	0.854	0.970	0	0.765	0.998
RPL26L1	RPL32	9606.ENSP00000428223	9606.ENSP00000416429	0.057	0	0	0	0.837	0.976	0	0.126	0.996
RPL26L1	RPL37A	9606.ENSP00000428223	9606.ENSP00000418082	0	0	0	0	0.833	0.972	0	0.317	0.996
RPL26L1	RPL30	9606.ENSP00000428223	9606.ENSP00000428085	0	0	0	0	0.840	0.984	0	0.413	0.998
RPL26L1	RPL41	9606.ENSP00000428223	9606.ENSP00000449026	0	0	0	0	0.163	0.319	0	0.339	0.590
RPL26L1	RPS4Y2	9606.ENSP00000428223	9606.ENSP00000486252	0.091	0	0	0	0.659	0.580	0	0.126	0.870
RPL26L1	RPLP2	9606.ENSP00000428223	9606.ENSP00000431240	0	0	0	0	0.837	0.843	0	0.190	0.977
RPL26L1	RPS27	9606.ENSP00000428223	9606.ENSP00000499044	0	0	0	0	0.695	0.947	0	0.389	0.989
RPL26L1	RPS10	9606.ENSP00000428223	9606.ENSP00000481646	0	0	0	0	0.703	0.952	0	0.433	0.991
RPL26L1	RPS25	9606.ENSP00000428223	9606.ENSP00000435096	0	0	0	0	0.838	0.966	0	0.201	0.995
RPL26L1	RPS17	9606.ENSP00000428223	9606.ENSP00000498019	0	0	0	0	0.860	0.967	0	0.135	0.995
RPL26L1	RPL35A	9606.ENSP00000428223	9606.ENSP00000495672	0	0	0	0	0.837	0.973	0	0.313	0.996
RPL26L1	RPS28	9606.ENSP00000428223	9606.ENSP00000472469	0	0	0	0	0.836	0.967	0	0.394	0.996
RPL26L1	RPS19	9606.ENSP00000428223	9606.ENSP00000470972	0	0	0	0	0.835	0.969	0	0.390	0.996
RPL26L1	RPL9	9606.ENSP00000428223	9606.ENSP00000494697	0.102	0	0	0	0.845	0.970	0	0.273	0.996
RPL26L1	RPS13	9606.ENSP00000428223	9606.ENSP00000435777	0	0	0	0	0.834	0.981	0	0.259	0.997
RPL26L1	RPLP0	9606.ENSP00000428223	9606.ENSP00000449328	0.102	0	0	0	0.842	0.969	0	0.449	0.997
RPL26L1	RPL28	9606.ENSP00000428223	9606.ENSP00000452763	0	0	0	0	0.830	0.971	0	0.472	0.997
RPL26L1	RPS7	9606.ENSP00000428223	9606.ENSP00000495273	0	0	0	0	0.882	0.970	0	0.246	0.997
RPL26L1	RPS5	9606.ENSP00000428223	9606.ENSP00000472985	0.091	0	0	0	0.838	0.972	0	0.352	0.997
RPL26L1	RPS15	9606.ENSP00000428223	9606.ENSP00000466010	0.115	0	0	0	0.839	0.984	0	0.511	0.998
RPL26L1	RPS20	9606.ENSP00000428223	9606.ENSP00000429374	0.102	0	0	0	0.836	0.967	0	0.640	0.998
RPL26L1	RPL36	9606.ENSP00000428223	9606.ENSP00000464342	0	0	0	0	0.849	0.986	0	0.197	0.998
RPL26L1	RPL27	9606.ENSP00000428223	9606.ENSP00000464813	0.079	0	0	0	0.854	0.984	0	0.683	0.999
RPL27	RPS12	9606.ENSP00000464813	9606.ENSP00000230050	0	0	0	0	0.994	0.993	0	0.136	0.999
RPL27	RPS4Y1	9606.ENSP00000464813	9606.ENSP00000250784	0.079	0	0	0	0.725	0.954	0	0.518	0.993
RPL27	RPL35	9606.ENSP00000464813	9606.ENSP00000259469	0.111	0	0	0	0.980	0.995	0	0.803	0.999
RPL27	RPL8	9606.ENSP00000464813	9606.ENSP00000262584	0.079	0	0	0	0.993	0.993	0	0.594	0.999
RPL27	RPL3L	9606.ENSP00000464813	9606.ENSP00000268661	0.079	0	0	0	0.819	0.904	0	0.293	0.987
RPL27	RPS11	9606.ENSP00000464813	9606.ENSP00000270625	0.111	0	0	0	0.991	0.992	0	0.671	0.999
RPL27	RPS27A	9606.ENSP00000464813	9606.ENSP00000272317	0	0	0	0	0.966	0.991	0	0.390	0.999
RPL27	RPL37	9606.ENSP00000464813	9606.ENSP00000274242	0.047	0	0	0	0.980	0.993	0	0.520	0.999
RPL27	RPS3	9606.ENSP00000464813	9606.ENSP00000278572	0.111	0	0	0	0.987	0.992	0	0.531	0.999
RPL27	RPL29	9606.ENSP00000464813	9606.ENSP00000294189	0	0	0	0	0.994	0.991	0	0.627	0.999
RPL27	RPS23	9606.ENSP00000464813	9606.ENSP00000296674	0.059	0	0	0	0.981	0.994	0	0.574	0.999
RPL27	RPL38	9606.ENSP00000464813	9606.ENSP00000309830	0	0	0	0	0.990	0.993	0	0.558	0.999
RPL27	RPL4	9606.ENSP00000464813	9606.ENSP00000311430	0.079	0	0	0	0.980	0.995	0	0.559	0.999
RPL27	RPS15A	9606.ENSP00000464813	9606.ENSP00000318646	0.057	0	0	0	0.940	0.972	0	0.741	0.999
RPL27	RPS27L	9606.ENSP00000464813	9606.ENSP00000331019	0	0	0	0	0.864	0.841	0	0.420	0.986
RPL27	RPL7	9606.ENSP00000464813	9606.ENSP00000339795	0.069	0	0	0	0.958	0.990	0	0.589	0.999
RPL27	RPS2	9606.ENSP00000464813	9606.ENSP00000341885	0.095	0	0	0	0.978	0.993	0	0.729	0.999
RPL27	RPS21	9606.ENSP00000464813	9606.ENSP00000345957	0	0	0	0	0.991	0.992	0	0.496	0.999
RPL27	RPL3	9606.ENSP00000464813	9606.ENSP00000346001	0.079	0	0	0	0.958	0.990	0	0.474	0.999
RPL27	RPL36AL	9606.ENSP00000464813	9606.ENSP00000346012	0	0	0	0	0.811	0.960	0	0.406	0.995
RPL27	RPL27A	9606.ENSP00000464813	9606.ENSP00000346015	0.055	0	0	0	0.991	0.993	0	0.510	0.999
RPL27	RPLP1	9606.ENSP00000464813	9606.ENSP00000346037	0	0	0	0	0.991	0.970	0	0.262	0.999
RPL27	RPS3A	9606.ENSP00000464813	9606.ENSP00000346050	0	0	0	0	0.991	0.995	0	0.753	0.999
RPL27	RPS26	9606.ENSP00000464813	9606.ENSP00000348849	0	0	0	0	0.980	0.994	0	0.819	0.999
RPL27	RPL39	9606.ENSP00000464813	9606.ENSP00000355315	0	0	0	0	0.970	0.967	0	0.534	0.999
RPL27	RPL5	9606.ENSP00000464813	9606.ENSP00000359345	0.111	0	0	0	0.980	0.993	0	0.716	0.999
RPL27	RPL7A	9606.ENSP00000464813	9606.ENSP00000361076	0	0	0	0	0.980	0.995	0	0.349	0.999
RPL27	RPS4X	9606.ENSP00000464813	9606.ENSP00000362744	0.079	0	0	0	0.936	0.972	0	0.625	0.999
RPL27	SECISBP2	9606.ENSP00000464813	9606.ENSP00000364965	0	0	0	0	0.068	0.800	0	0.051	0.807
RPL27	RPS16	9606.ENSP00000464813	9606.ENSP00000367806	0.079	0	0	0	0.991	0.995	0	0.561	0.999
RPL27	RPS6	9606.ENSP00000464813	9606.ENSP00000369757	0	0	0	0	0.983	0.993	0	0.536	0.999
RPL27	RPS9	9606.ENSP00000464813	9606.ENSP00000375632	0.095	0	0	0	0.981	0.995	0	0.713	0.999
RPL27	RPL34	9606.ENSP00000464813	9606.ENSP00000378163	0.111	0	0	0	0.983	0.993	0	0.610	0.999
RPL27	RPS29	9606.ENSP00000464813	9606.ENSP00000379339	0.079	0	0	0	0.984	0.994	0	0.758	0.999
RPL27	RPS8	9606.ENSP00000464813	9606.ENSP00000379888	0	0	0	0	0.990	0.995	0	0.566	0.999
RPL27	RPS14	9606.ENSP00000464813	9606.ENSP00000385958	0.079	0	0	0	0.966	0.976	0	0.588	0.999
RPL27	RPL31	9606.ENSP00000464813	9606.ENSP00000386717	0	0	0	0	0.993	0.995	0	0.768	0.999
RPL27	UBA52	9606.ENSP00000464813	9606.ENSP00000388107	0	0	0	0	0.991	0.991	0	0.364	0.999
RPL27	RPSA	9606.ENSP00000464813	9606.ENSP00000389351	0.042	0.060	0	0	0.980	0.994	0	0.283	0.999
RPL27	RPL39L	9606.ENSP00000464813	9606.ENSP00000389356	0	0	0	0	0.832	0.842	0	0.296	0.979
RPL27	RPS18	9606.ENSP00000464813	9606.ENSP00000393241	0.111	0	0	0	0.992	0.993	0	0.646	0.999
RPL27	RPL6	9606.ENSP00000464813	9606.ENSP00000403172	0	0	0	0	0.991	0.993	0	0.582	0.999
RPL27	RPL36A	9606.ENSP00000464813	9606.ENSP00000404375	0	0	0	0	0.919	0.955	0	0.395	0.997
RPL27	RPS24	9606.ENSP00000464813	9606.ENSP00000414321	0	0	0	0	0.991	0.992	0	0.868	0.999
RPL27	RPL32	9606.ENSP00000464813	9606.ENSP00000416429	0.057	0	0	0	0.991	0.993	0	0.528	0.999
RPL27	RPL37A	9606.ENSP00000464813	9606.ENSP00000418082	0	0	0	0	0.990	0.994	0	0.452	0.999
RPL27	RPL30	9606.ENSP00000464813	9606.ENSP00000428085	0.051	0	0	0	0.997	0.996	0	0.709	0.999
RPL27	RPS20	9606.ENSP00000464813	9606.ENSP00000429374	0.095	0	0	0	0.985	0.993	0	0.796	0.999
RPL27	RPLP2	9606.ENSP00000464813	9606.ENSP00000431240	0	0	0	0	0.980	0.970	0	0.320	0.999
RPL27	RPS25	9606.ENSP00000464813	9606.ENSP00000435096	0	0	0	0	0.991	0.993	0	0.599	0.999
RPL27	RPS13	9606.ENSP00000464813	9606.ENSP00000435777	0	0	0	0	0.999	0.994	0	0.833	0.999
RPL27	RPL41	9606.ENSP00000464813	9606.ENSP00000449026	0	0	0	0	0.745	0.319	0	0.383	0.883
RPL27	RPLP0	9606.ENSP00000464813	9606.ENSP00000449328	0	0	0	0	0.964	0.991	0	0.544	0.999
RPL27	RPL28	9606.ENSP00000464813	9606.ENSP00000452763	0	0	0	0	0.981	0.992	0	0.718	0.999
RPL27	RPL36	9606.ENSP00000464813	9606.ENSP00000464342	0	0	0	0	0.994	0.995	0	0.643	0.999
RPL27	RPS4Y2	9606.ENSP00000464813	9606.ENSP00000486252	0.079	0	0	0	0.725	0.784	0	0.162	0.948
RPL27	RPL9	9606.ENSP00000464813	9606.ENSP00000494697	0.095	0	0	0	0.979	0.993	0	0.577	0.999
RPL27	RPS10	9606.ENSP00000464813	9606.ENSP00000481646	0	0	0	0	0.980	0.986	0	0.814	0.999
RPL27	RPS19	9606.ENSP00000464813	9606.ENSP00000470972	0	0	0	0	0.992	0.993	0	0.809	0.999
RPL27	RPS17	9606.ENSP00000464813	9606.ENSP00000498019	0	0	0	0	0.990	0.993	0	0.697	0.999
RPL27	RPS7	9606.ENSP00000464813	9606.ENSP00000495273	0	0	0	0	0.982	0.992	0	0.438	0.999
RPL27	RPS28	9606.ENSP00000464813	9606.ENSP00000472469	0	0	0	0	0.978	0.991	0	0.821	0.999
RPL27	RPS5	9606.ENSP00000464813	9606.ENSP00000472985	0.061	0	0	0	0.980	0.991	0	0.627	0.999
RPL27	RPS15	9606.ENSP00000464813	9606.ENSP00000466010	0.111	0	0	0	0.990	0.992	0	0.638	0.999
RPL27	RPS27	9606.ENSP00000464813	9606.ENSP00000499044	0	0	0	0	0.974	0.979	0	0.836	0.999
RPL27	RPL35A	9606.ENSP00000464813	9606.ENSP00000495672	0	0	0	0	0.993	0.992	0	0.726	0.999
RPL27A	RPS12	9606.ENSP00000346015	9606.ENSP00000230050	0.043	0	0	0	0.991	0.993	0	0.305	0.999
RPL27A	RPS4Y1	9606.ENSP00000346015	9606.ENSP00000250784	0.056	0	0	0	0.794	0.954	0	0.337	0.993
RPL27A	RPL35	9606.ENSP00000346015	9606.ENSP00000259469	0.061	0	0	0	0.978	0.996	0	0.624	0.999
RPL27A	RPL8	9606.ENSP00000346015	9606.ENSP00000262584	0.056	0	0	0	0.990	0.995	0	0.736	0.999
RPL27A	RPL3L	9606.ENSP00000346015	9606.ENSP00000268661	0.056	0	0	0	0.823	0.903	0	0.302	0.987
RPL27A	RPS11	9606.ENSP00000346015	9606.ENSP00000270625	0.061	0	0	0	0.990	0.993	0	0.432	0.999
RPL27A	RPS27A	9606.ENSP00000346015	9606.ENSP00000272317	0	0	0	0	0.990	0.991	0	0.443	0.999
RPL27A	RPL37	9606.ENSP00000346015	9606.ENSP00000274242	0	0	0	0	0.993	0.991	0	0.505	0.999
RPL27A	RPS3	9606.ENSP00000346015	9606.ENSP00000278572	0.061	0	0	0	0.991	0.994	0	0.707	0.999
RPL27A	RPL29	9606.ENSP00000346015	9606.ENSP00000294189	0	0	0	0	0.990	0.991	0	0.485	0.999
RPL27A	RPS23	9606.ENSP00000346015	9606.ENSP00000296674	0.057	0	0	0	0.991	0.993	0	0.648	0.999
RPL27A	RPL38	9606.ENSP00000346015	9606.ENSP00000309830	0	0	0	0	0.986	0.993	0	0.632	0.999
RPL27A	RPL4	9606.ENSP00000346015	9606.ENSP00000311430	0.056	0	0	0	0.979	0.994	0	0.730	0.999
RPL27A	RPS15A	9606.ENSP00000346015	9606.ENSP00000318646	0.046	0	0	0	0.946	0.972	0	0.489	0.999
RPL27A	RPS27L	9606.ENSP00000346015	9606.ENSP00000331019	0	0	0	0	0.835	0.906	0	0.440	0.990
RPL27A	RPL7	9606.ENSP00000346015	9606.ENSP00000339795	0.055	0	0	0	0.959	0.992	0	0.697	0.999
RPL27A	RPS2	9606.ENSP00000346015	9606.ENSP00000341885	0.057	0	0	0	0.991	0.994	0	0.578	0.999
RPL27A	RPS21	9606.ENSP00000346015	9606.ENSP00000345957	0	0	0	0	0.991	0.991	0	0.502	0.999
RPL27A	RPL3	9606.ENSP00000346015	9606.ENSP00000346001	0.056	0	0	0	0.956	0.995	0	0.586	0.999
RPL27A	RPL36AL	9606.ENSP00000346015	9606.ENSP00000346012	0	0	0	0	0.874	0.973	0	0.548	0.998
RPL27A	RPL41	9606.ENSP00000346015	9606.ENSP00000449026	0	0	0	0	0.273	0.507	0	0.356	0.749
RPL27A	SECISBP2	9606.ENSP00000346015	9606.ENSP00000364965	0	0	0	0	0.045	0.800	0	0	0.800
RPL27A	RPS4Y2	9606.ENSP00000346015	9606.ENSP00000486252	0.056	0	0	0	0.794	0.783	0	0.056	0.954
RPL27A	RPL39L	9606.ENSP00000346015	9606.ENSP00000389356	0	0	0	0	0.833	0.842	0	0.532	0.986
RPL27A	RPL39	9606.ENSP00000346015	9606.ENSP00000355315	0	0	0	0	0.911	0.967	0	0.532	0.998
RPL27A	RPL36A	9606.ENSP00000346015	9606.ENSP00000404375	0	0	0	0	0.952	0.954	0	0.531	0.998
RPL27A	RPL35A	9606.ENSP00000346015	9606.ENSP00000495672	0	0	0	0	0.991	0.993	0	0.563	0.999
RPL27A	RPS27	9606.ENSP00000346015	9606.ENSP00000499044	0	0	0	0	0.962	0.980	0	0.546	0.999
RPL27A	RPL28	9606.ENSP00000346015	9606.ENSP00000452763	0	0	0	0	0.979	0.991	0	0.953	0.999
RPL27A	RPL31	9606.ENSP00000346015	9606.ENSP00000386717	0	0	0	0	0.992	0.993	0	0.599	0.999
RPL27A	RPS26	9606.ENSP00000346015	9606.ENSP00000348849	0	0	0	0	0.991	0.993	0	0.392	0.999
RPL27A	RPS29	9606.ENSP00000346015	9606.ENSP00000379339	0.056	0	0	0	0.983	0.991	0	0.945	0.999
RPL27A	RPLP2	9606.ENSP00000346015	9606.ENSP00000431240	0	0	0	0	0.999	0.990	0	0.333	0.999
RPL27A	RPS14	9606.ENSP00000346015	9606.ENSP00000385958	0.056	0	0	0	0.999	0.978	0	0.713	0.999
RPL27A	RPS9	9606.ENSP00000346015	9606.ENSP00000375632	0.057	0	0	0	0.990	0.993	0	0.957	0.999
RPL27A	RPL32	9606.ENSP00000346015	9606.ENSP00000416429	0.045	0	0	0	0.999	0.993	0	0.405	0.999
RPL27A	RPLP0	9606.ENSP00000346015	9606.ENSP00000449328	0.057	0	0	0	0.967	0.992	0	0.596	0.999
RPL27A	RPS13	9606.ENSP00000346015	9606.ENSP00000435777	0	0	0	0	0.991	0.993	0	0.442	0.999
RPL27A	RPS3A	9606.ENSP00000346015	9606.ENSP00000346050	0	0	0	0	0.991	0.994	0	0.652	0.999
RPL27A	RPL9	9606.ENSP00000346015	9606.ENSP00000494697	0.057	0	0	0	0.990	0.993	0	0.528	0.999
RPL27A	RPS24	9606.ENSP00000346015	9606.ENSP00000414321	0	0	0	0	0.991	0.991	0	0.395	0.999
RPL27A	RPL36	9606.ENSP00000346015	9606.ENSP00000464342	0	0	0	0	0.984	0.995	0	0.626	0.999
RPL27A	RPL6	9606.ENSP00000346015	9606.ENSP00000403172	0.055	0	0	0	0.990	0.994	0	0.782	0.999
RPL27A	RPL7A	9606.ENSP00000346015	9606.ENSP00000361076	0.043	0	0	0	0.979	0.995	0	0.567	0.999
RPL27A	RPS10	9606.ENSP00000346015	9606.ENSP00000481646	0	0	0	0	0.959	0.979	0	0.941	0.999
RPL27A	RPSA	9606.ENSP00000346015	9606.ENSP00000389351	0.042	0	0	0	0.976	0.993	0	0.389	0.999
RPL27A	RPS19	9606.ENSP00000346015	9606.ENSP00000470972	0	0	0	0	0.994	0.993	0	0.605	0.999
RPL27A	RPL5	9606.ENSP00000346015	9606.ENSP00000359345	0.061	0	0	0	0.988	0.994	0	0.917	0.999
RPL27A	RPS16	9606.ENSP00000346015	9606.ENSP00000367806	0.056	0	0	0	0.991	0.995	0	0.730	0.999
RPL27A	RPS18	9606.ENSP00000346015	9606.ENSP00000393241	0.061	0	0	0	0.991	0.993	0	0.708	0.999
RPL27A	RPL34	9606.ENSP00000346015	9606.ENSP00000378163	0.061	0	0	0	0.992	0.993	0	0.391	0.999
RPL27A	RPS17	9606.ENSP00000346015	9606.ENSP00000498019	0	0	0	0	0.975	0.991	0	0.354	0.999
RPL27A	RPL30	9606.ENSP00000346015	9606.ENSP00000428085	0	0	0	0	0.991	0.995	0	0.583	0.999
RPL27A	RPS5	9606.ENSP00000346015	9606.ENSP00000472985	0.056	0	0	0	0.988	0.992	0	0.928	0.999
RPL27A	RPS28	9606.ENSP00000346015	9606.ENSP00000472469	0	0	0	0	0.991	0.991	0	0.633	0.999
RPL27A	RPS7	9606.ENSP00000346015	9606.ENSP00000495273	0	0	0	0	0.990	0.992	0	0.301	0.999
RPL27A	RPS4X	9606.ENSP00000346015	9606.ENSP00000362744	0.056	0	0	0	0.951	0.978	0	0.391	0.999
RPL27A	RPLP1	9606.ENSP00000346015	9606.ENSP00000346037	0	0	0	0	0.999	0.990	0	0.587	0.999
RPL27A	RPS20	9606.ENSP00000346015	9606.ENSP00000429374	0.057	0	0	0	0.991	0.995	0	0.608	0.999
RPL27A	RPS25	9606.ENSP00000346015	9606.ENSP00000435096	0	0	0	0	0.991	0.995	0	0.504	0.999
RPL27A	RPS6	9606.ENSP00000346015	9606.ENSP00000369757	0	0	0	0	0.985	0.995	0	0.707	0.999
RPL27A	UBA52	9606.ENSP00000346015	9606.ENSP00000388107	0	0	0	0	0.964	0.993	0	0.217	0.999
RPL27A	RPS15	9606.ENSP00000346015	9606.ENSP00000466010	0.061	0	0	0	0.980	0.993	0	0.538	0.999
RPL27A	RPS8	9606.ENSP00000346015	9606.ENSP00000379888	0	0	0	0	0.999	0.995	0	0.583	0.999
RPL27A	RPL37A	9606.ENSP00000346015	9606.ENSP00000418082	0	0	0	0	0.999	0.994	0	0.514	0.999
RPL28	RPS12	9606.ENSP00000452763	9606.ENSP00000230050	0	0	0	0	0.956	0.991	0	0.298	0.999
RPL28	RPS4Y1	9606.ENSP00000452763	9606.ENSP00000250784	0	0	0	0	0.691	0.955	0	0.325	0.989
RPL28	RPL35	9606.ENSP00000452763	9606.ENSP00000259469	0	0	0	0	0.978	0.993	0	0.623	0.999
RPL28	RPL8	9606.ENSP00000452763	9606.ENSP00000262584	0	0	0	0	0.979	0.993	0	0.584	0.999
RPL28	RPL3L	9606.ENSP00000452763	9606.ENSP00000268661	0	0	0	0	0.690	0.840	0	0.281	0.961
RPL28	RPS11	9606.ENSP00000452763	9606.ENSP00000270625	0	0	0	0	0.978	0.993	0	0.646	0.999
RPL28	RPS27A	9606.ENSP00000452763	9606.ENSP00000272317	0	0	0	0	0.806	0.991	0	0.201	0.998
RPL28	RPL37	9606.ENSP00000452763	9606.ENSP00000274242	0	0	0	0	0.897	0.991	0	0.352	0.999
RPL28	RPS3	9606.ENSP00000452763	9606.ENSP00000278572	0	0	0	0	0.988	0.991	0	0.634	0.999
RPL28	RPL29	9606.ENSP00000452763	9606.ENSP00000294189	0	0	0	0	0.977	0.991	0	0.587	0.999
RPL28	RPS23	9606.ENSP00000452763	9606.ENSP00000296674	0	0	0	0	0.960	0.993	0	0.617	0.999
RPL28	RPL38	9606.ENSP00000452763	9606.ENSP00000309830	0	0	0	0	0.971	0.993	0	0.622	0.999
RPL28	RPL4	9606.ENSP00000452763	9606.ENSP00000311430	0	0	0	0	0.957	0.993	0	0.767	0.999
RPL28	RPS15A	9606.ENSP00000452763	9606.ENSP00000318646	0	0	0	0	0.923	0.972	0	0.465	0.998
RPL28	RPS27L	9606.ENSP00000452763	9606.ENSP00000331019	0	0	0	0	0.678	0.842	0	0.466	0.970
RPL28	RPL7	9606.ENSP00000452763	9606.ENSP00000339795	0	0	0	0	0.930	0.990	0	0.547	0.999
RPL28	RPS2	9606.ENSP00000452763	9606.ENSP00000341885	0	0	0	0	0.960	0.991	0	0.550	0.999
RPL28	RPS21	9606.ENSP00000452763	9606.ENSP00000345957	0	0	0	0	0.990	0.991	0	0.505	0.999
RPL28	RPL3	9606.ENSP00000452763	9606.ENSP00000346001	0	0	0	0	0.915	0.994	0	0.595	0.999
RPL28	RPL36AL	9606.ENSP00000452763	9606.ENSP00000346012	0	0	0	0	0.749	0.958	0	0.558	0.994
RPL28	RPLP1	9606.ENSP00000452763	9606.ENSP00000346037	0	0	0	0	0.968	0.953	0	0.563	0.999
RPL28	RPS3A	9606.ENSP00000452763	9606.ENSP00000346050	0	0	0	0	0.976	0.994	0	0.547	0.999
RPL28	RPS26	9606.ENSP00000452763	9606.ENSP00000348849	0	0	0	0	0.977	0.991	0	0.597	0.999
RPL28	RPL39	9606.ENSP00000452763	9606.ENSP00000355315	0	0	0	0	0.803	0.967	0	0.638	0.997
RPL28	RPL5	9606.ENSP00000452763	9606.ENSP00000359345	0	0	0	0	0.966	0.994	0	0.912	0.999
RPL28	RPL7A	9606.ENSP00000452763	9606.ENSP00000361076	0	0	0	0	0.969	0.992	0	0.517	0.999
RPL28	RPS4X	9606.ENSP00000452763	9606.ENSP00000362744	0	0	0	0	0.923	0.955	0	0.472	0.998
RPL28	SECISBP2	9606.ENSP00000452763	9606.ENSP00000364965	0	0	0	0	0.055	0.800	0	0.045	0.803
RPL28	RPS16	9606.ENSP00000452763	9606.ENSP00000367806	0	0	0	0	0.979	0.994	0	0.522	0.999
RPL28	RPS6	9606.ENSP00000452763	9606.ENSP00000369757	0	0	0	0	0.980	0.993	0	0.563	0.999
RPL28	RPS9	9606.ENSP00000452763	9606.ENSP00000375632	0	0	0	0	0.980	0.991	0	0.938	0.999
RPL28	RPL34	9606.ENSP00000452763	9606.ENSP00000378163	0	0	0	0	0.977	0.993	0	0.668	0.999
RPL28	RPS29	9606.ENSP00000452763	9606.ENSP00000379339	0	0	0	0	0.973	0.991	0	0.933	0.999
RPL28	RPS8	9606.ENSP00000452763	9606.ENSP00000379888	0	0	0	0	0.977	0.991	0	0.579	0.999
RPL28	RPS14	9606.ENSP00000452763	9606.ENSP00000385958	0	0	0	0	0.958	0.979	0	0.734	0.999
RPL28	RPL31	9606.ENSP00000452763	9606.ENSP00000386717	0	0	0	0	0.978	0.991	0	0.606	0.999
RPL28	UBA52	9606.ENSP00000452763	9606.ENSP00000388107	0	0	0	0	0.977	0.991	0	0.447	0.999
RPL28	RPSA	9606.ENSP00000452763	9606.ENSP00000389351	0	0	0	0	0.977	0.991	0	0.440	0.999
RPL28	RPL39L	9606.ENSP00000452763	9606.ENSP00000389356	0	0	0	0	0.770	0.842	0	0.460	0.978
RPL28	RPS18	9606.ENSP00000452763	9606.ENSP00000393241	0	0	0	0	0.979	0.991	0	0.571	0.999
RPL28	RPL6	9606.ENSP00000452763	9606.ENSP00000403172	0	0	0	0	0.979	0.991	0	0.665	0.999
RPL28	RPL36A	9606.ENSP00000452763	9606.ENSP00000404375	0	0	0	0	0.819	0.955	0	0.560	0.996
RPL28	RPS24	9606.ENSP00000452763	9606.ENSP00000414321	0	0	0	0	0.962	0.991	0	0.666	0.999
RPL28	RPL32	9606.ENSP00000452763	9606.ENSP00000416429	0	0	0	0	0.984	0.992	0	0.677	0.999
RPL28	RPL37A	9606.ENSP00000452763	9606.ENSP00000418082	0	0	0	0	0.959	0.991	0	0.447	0.999
RPL28	RPL30	9606.ENSP00000452763	9606.ENSP00000428085	0	0	0	0	0.974	0.993	0	0.574	0.999
RPL28	RPS20	9606.ENSP00000452763	9606.ENSP00000429374	0	0	0	0	0.980	0.991	0	0.744	0.999
RPL28	RPLP2	9606.ENSP00000452763	9606.ENSP00000431240	0	0	0	0	0.973	0.957	0	0.351	0.999
RPL28	RPS25	9606.ENSP00000452763	9606.ENSP00000435096	0	0	0	0	0.964	0.993	0	0.578	0.999
RPL28	RPS13	9606.ENSP00000452763	9606.ENSP00000435777	0	0	0	0	0.990	0.991	0	0.693	0.999
RPL28	RPLP0	9606.ENSP00000452763	9606.ENSP00000449328	0	0	0	0	0.966	0.995	0	0.396	0.999
RPL28	RPS4Y2	9606.ENSP00000452763	9606.ENSP00000486252	0	0	0	0	0.691	0.786	0	0.348	0.953
RPL28	RPS27	9606.ENSP00000452763	9606.ENSP00000499044	0	0	0	0	0.920	0.967	0	0.340	0.998
RPL28	RPL35A	9606.ENSP00000452763	9606.ENSP00000495672	0	0	0	0	0.978	0.991	0	0.452	0.999
RPL28	RPS19	9606.ENSP00000452763	9606.ENSP00000470972	0	0	0	0	0.980	0.993	0	0.592	0.999
RPL28	RPL9	9606.ENSP00000452763	9606.ENSP00000494697	0	0	0	0	0.972	0.991	0	0.575	0.999
RPL28	RPS10	9606.ENSP00000452763	9606.ENSP00000481646	0	0	0	0	0.957	0.970	0	0.929	0.999
RPL28	RPL36	9606.ENSP00000452763	9606.ENSP00000464342	0	0	0	0	0.990	0.994	0	0.688	0.999
RPL28	RPS15	9606.ENSP00000452763	9606.ENSP00000466010	0	0	0	0	0.978	0.993	0	0.592	0.999
RPL28	RPS17	9606.ENSP00000452763	9606.ENSP00000498019	0	0	0	0	0.816	0.991	0	0.558	0.999
RPL28	RPS7	9606.ENSP00000452763	9606.ENSP00000495273	0	0	0	0	0.989	0.991	0	0.251	0.999
RPL28	RPS28	9606.ENSP00000452763	9606.ENSP00000472469	0	0	0	0	0.979	0.991	0	0.620	0.999
RPL28	RPS5	9606.ENSP00000452763	9606.ENSP00000472985	0	0	0	0	0.990	0.991	0	0.952	0.999
RPL29	RPS12	9606.ENSP00000294189	9606.ENSP00000230050	0	0	0	0	0.980	0.993	0	0.202	0.999
RPL29	RPS4Y1	9606.ENSP00000294189	9606.ENSP00000250784	0	0	0	0	0.678	0.955	0	0.231	0.987
RPL29	RPL35	9606.ENSP00000294189	9606.ENSP00000259469	0	0	0	0	0.978	0.991	0	0.718	0.999
RPL29	RPL8	9606.ENSP00000294189	9606.ENSP00000262584	0	0	0	0	0.999	0.992	0	0.691	0.999
RPL29	RPL3L	9606.ENSP00000294189	9606.ENSP00000268661	0	0	0	0	0.421	0.842	0	0.212	0.921
RPL29	RPS11	9606.ENSP00000294189	9606.ENSP00000270625	0	0	0	0	0.981	0.991	0	0.623	0.999
RPL29	RPS27A	9606.ENSP00000294189	9606.ENSP00000272317	0	0	0	0	0.944	0.991	0	0.468	0.999
RPL29	RPL37	9606.ENSP00000294189	9606.ENSP00000274242	0	0	0	0	0.970	0.991	0	0.656	0.999
RPL29	RPS3	9606.ENSP00000294189	9606.ENSP00000278572	0	0	0	0	0.978	0.992	0	0.622	0.999
RPL29	SECISBP2	9606.ENSP00000294189	9606.ENSP00000364965	0	0	0	0	0.052	0.800	0	0	0.802
RPL29	RPL41	9606.ENSP00000294189	9606.ENSP00000449026	0	0	0	0	0.654	0.507	0	0.305	0.871
RPL29	RPS4Y2	9606.ENSP00000294189	9606.ENSP00000486252	0	0	0	0	0.677	0.785	0	0.122	0.933
RPL29	RPS27L	9606.ENSP00000294189	9606.ENSP00000331019	0	0	0	0	0.823	0.842	0	0.378	0.981
RPL29	RPL39L	9606.ENSP00000294189	9606.ENSP00000389356	0	0	0	0	0.831	0.842	0	0.471	0.984
RPL29	RPL36AL	9606.ENSP00000294189	9606.ENSP00000346012	0	0	0	0	0.836	0.955	0	0.494	0.995
RPL29	RPL36A	9606.ENSP00000294189	9606.ENSP00000404375	0	0	0	0	0.850	0.955	0	0.472	0.996
RPL29	RPS4X	9606.ENSP00000294189	9606.ENSP00000362744	0	0	0	0	0.923	0.963	0	0.394	0.998
RPL29	RPL39	9606.ENSP00000294189	9606.ENSP00000355315	0	0	0	0	0.912	0.967	0	0.645	0.998
RPL29	RPS15A	9606.ENSP00000294189	9606.ENSP00000318646	0	0	0	0	0.926	0.963	0	0.385	0.998
RPL29	RPS16	9606.ENSP00000294189	9606.ENSP00000367806	0	0	0	0	0.980	0.992	0	0.692	0.999
RPL29	RPL5	9606.ENSP00000294189	9606.ENSP00000359345	0	0	0	0	0.958	0.992	0	0.758	0.999
RPL29	RPL34	9606.ENSP00000294189	9606.ENSP00000378163	0	0	0	0	0.980	0.991	0	0.703	0.999
RPL29	RPS18	9606.ENSP00000294189	9606.ENSP00000393241	0	0	0	0	0.990	0.991	0	0.739	0.999
RPL29	RPS19	9606.ENSP00000294189	9606.ENSP00000470972	0	0	0	0	0.980	0.991	0	0.671	0.999
RPL29	RPSA	9606.ENSP00000294189	9606.ENSP00000389351	0	0	0	0	0.918	0.992	0	0.579	0.999
RPL29	RPL6	9606.ENSP00000294189	9606.ENSP00000403172	0	0	0	0	0.980	0.992	0	0.754	0.999
RPL29	RPL36	9606.ENSP00000294189	9606.ENSP00000464342	0	0	0	0	0.991	0.992	0	0.623	0.999
RPL29	RPS10	9606.ENSP00000294189	9606.ENSP00000481646	0	0	0	0	0.961	0.967	0	0.570	0.999
RPL29	RPL7A	9606.ENSP00000294189	9606.ENSP00000361076	0	0	0	0	0.973	0.992	0	0.450	0.999
RPL29	RPS24	9606.ENSP00000294189	9606.ENSP00000414321	0	0	0	0	0.991	0.992	0	0.624	0.999
RPL29	RPS21	9606.ENSP00000294189	9606.ENSP00000345957	0	0	0	0	0.990	0.991	0	0.529	0.999
RPL29	RPL9	9606.ENSP00000294189	9606.ENSP00000494697	0	0	0	0	0.977	0.993	0	0.551	0.999
RPL29	RPL7	9606.ENSP00000294189	9606.ENSP00000339795	0	0	0	0	0.907	0.988	0	0.540	0.999
RPL29	RPS8	9606.ENSP00000294189	9606.ENSP00000379888	0	0	0	0	0.978	0.991	0	0.597	0.999
RPL29	RPS2	9606.ENSP00000294189	9606.ENSP00000341885	0	0	0	0	0.936	0.992	0	0.768	0.999
RPL29	RPS15	9606.ENSP00000294189	9606.ENSP00000466010	0	0	0	0	0.991	0.991	0	0.581	0.999
RPL29	RPL37A	9606.ENSP00000294189	9606.ENSP00000418082	0	0	0	0	0.974	0.992	0	0.878	0.999
RPL29	RPS6	9606.ENSP00000294189	9606.ENSP00000369757	0	0	0	0	0.960	0.992	0	0.625	0.999
RPL29	UBA52	9606.ENSP00000294189	9606.ENSP00000388107	0	0	0	0	0.941	0.991	0	0.388	0.999
RPL29	RPS25	9606.ENSP00000294189	9606.ENSP00000435096	0	0	0	0	0.990	0.992	0	0.828	0.999
RPL29	RPS20	9606.ENSP00000294189	9606.ENSP00000429374	0	0	0	0	0.980	0.992	0	0.625	0.999
RPL29	RPL4	9606.ENSP00000294189	9606.ENSP00000311430	0	0	0	0	0.950	0.992	0	0.753	0.999
RPL29	RPS7	9606.ENSP00000294189	9606.ENSP00000495273	0	0	0	0	0.980	0.991	0	0.254	0.999
RPL29	RPLP1	9606.ENSP00000294189	9606.ENSP00000346037	0	0	0	0	0.966	0.990	0	0.558	0.999
RPL29	RPS5	9606.ENSP00000294189	9606.ENSP00000472985	0	0	0	0	0.993	0.991	0	0.578	0.999
RPL29	RPS28	9606.ENSP00000294189	9606.ENSP00000472469	0	0	0	0	0.985	0.991	0	0.375	0.999
RPL29	RPL30	9606.ENSP00000294189	9606.ENSP00000428085	0	0	0	0	0.990	0.991	0	0.666	0.999
RPL29	RPS17	9606.ENSP00000294189	9606.ENSP00000498019	0	0	0	0	0.933	0.991	0	0.454	0.999
RPL29	RPS29	9606.ENSP00000294189	9606.ENSP00000379339	0	0	0	0	0.990	0.991	0	0.491	0.999
RPL29	RPS26	9606.ENSP00000294189	9606.ENSP00000348849	0	0	0	0	0.975	0.992	0	0.596	0.999
RPL29	RPS27	9606.ENSP00000294189	9606.ENSP00000499044	0	0	0	0	0.957	0.967	0	0.616	0.999
RPL29	RPL3	9606.ENSP00000294189	9606.ENSP00000346001	0	0	0	0	0.864	0.988	0	0.722	0.999
RPL29	RPL31	9606.ENSP00000294189	9606.ENSP00000386717	0	0	0	0	0.988	0.991	0	0.702	0.999
RPL29	RPL35A	9606.ENSP00000294189	9606.ENSP00000495672	0	0	0	0	0.977	0.991	0	0.883	0.999
RPL29	RPS3A	9606.ENSP00000294189	9606.ENSP00000346050	0	0	0	0	0.981	0.992	0	0.309	0.999
RPL29	RPS13	9606.ENSP00000294189	9606.ENSP00000435777	0	0	0	0	0.999	0.991	0	0.557	0.999
RPL29	RPL32	9606.ENSP00000294189	9606.ENSP00000416429	0	0	0	0	0.979	0.993	0	0.644	0.999
RPL29	RPLP0	9606.ENSP00000294189	9606.ENSP00000449328	0	0	0	0	0.961	0.991	0	0.585	0.999
RPL29	RPS9	9606.ENSP00000294189	9606.ENSP00000375632	0	0	0	0	0.979	0.991	0	0.638	0.999
RPL29	RPL38	9606.ENSP00000294189	9606.ENSP00000309830	0	0	0	0	0.978	0.992	0	0.666	0.999
RPL29	RPS23	9606.ENSP00000294189	9606.ENSP00000296674	0	0	0	0	0.964	0.992	0	0.502	0.999
RPL29	RPS14	9606.ENSP00000294189	9606.ENSP00000385958	0	0	0	0	0.959	0.967	0	0.624	0.999
RPL29	RPLP2	9606.ENSP00000294189	9606.ENSP00000431240	0	0	0	0	0.950	0.978	0	0.504	0.999
RPL3	RPS12	9606.ENSP00000346001	9606.ENSP00000230050	0.061	0	0	0	0.959	0.979	0	0.365	0.999
RPL3	RPS4Y1	9606.ENSP00000346001	9606.ENSP00000250784	0.091	0	0	0	0.617	0.912	0	0.291	0.975
RPL3	RPL35	9606.ENSP00000346001	9606.ENSP00000259469	0.115	0	0	0	0.955	0.993	0	0.604	0.999
RPL3	RPL8	9606.ENSP00000346001	9606.ENSP00000262584	0.091	0	0	0	0.961	0.995	0	0.828	0.999
RPL3	RPL3L	9606.ENSP00000346001	9606.ENSP00000268661	0	0	0.050	0.980	0	0	0.900	0.051	0.902
RPL3	RPS11	9606.ENSP00000346001	9606.ENSP00000270625	0.115	0	0	0	0.955	0.981	0	0.724	0.999
RPL3	RPS27A	9606.ENSP00000346001	9606.ENSP00000272317	0	0	0	0	0.904	0.967	0	0.297	0.997
RPL3	RPL37	9606.ENSP00000346001	9606.ENSP00000274242	0	0	0	0	0.762	0.989	0	0.476	0.998
RPL3	RPS3	9606.ENSP00000346001	9606.ENSP00000278572	0.115	0	0	0	0.967	0.989	0	0.878	0.999
RPL3	RPS23	9606.ENSP00000346001	9606.ENSP00000296674	0.102	0	0	0	0.957	0.986	0	0.718	0.999
RPL3	RPL38	9606.ENSP00000346001	9606.ENSP00000309830	0	0	0	0	0.924	0.995	0	0.641	0.999
RPL3	RPL4	9606.ENSP00000346001	9606.ENSP00000311430	0.091	0	0	0	0.993	0.995	0	0.852	0.999
RPL3	RPS15A	9606.ENSP00000346001	9606.ENSP00000318646	0.058	0	0	0	0.901	0.954	0	0.504	0.997
RPL3	RPS27L	9606.ENSP00000346001	9606.ENSP00000331019	0	0	0	0	0.404	0.748	0	0.426	0.906
RPL3	RPL7	9606.ENSP00000346001	9606.ENSP00000339795	0.079	0	0	0	0.930	0.993	0	0.767	0.999
RPL3	RPS2	9606.ENSP00000346001	9606.ENSP00000341885	0.102	0.192	0	0	0.961	0.983	0	0.672	0.999
RPL3	RPS21	9606.ENSP00000346001	9606.ENSP00000345957	0	0	0	0	0.923	0.968	0	0.536	0.998
RPL3	RPL41	9606.ENSP00000346001	9606.ENSP00000449026	0	0	0	0	0.336	0.429	0	0.377	0.743
RPL3	SECISBP2	9606.ENSP00000346001	9606.ENSP00000364965	0	0	0	0	0.068	0.800	0	0.078	0.813
RPL3	RPS4Y2	9606.ENSP00000346001	9606.ENSP00000486252	0.091	0	0	0	0.616	0.620	0	0.226	0.883
RPL3	RPL39L	9606.ENSP00000346001	9606.ENSP00000389356	0	0	0	0	0.401	0.833	0	0.417	0.936
RPL3	RPL36A	9606.ENSP00000346001	9606.ENSP00000404375	0	0	0	0	0.375	0.951	0	0.413	0.980
RPL3	RPL36AL	9606.ENSP00000346001	9606.ENSP00000346012	0	0	0	0	0.621	0.965	0	0.467	0.992
RPL3	RPL39	9606.ENSP00000346001	9606.ENSP00000355315	0	0	0	0	0.582	0.965	0	0.569	0.993
RPL3	UBA52	9606.ENSP00000346001	9606.ENSP00000388107	0	0	0	0	0.667	0.975	0	0.566	0.996
RPL3	RPS27	9606.ENSP00000346001	9606.ENSP00000499044	0	0	0	0	0.857	0.968	0	0.543	0.997
RPL3	RPS4X	9606.ENSP00000346001	9606.ENSP00000362744	0.091	0	0	0	0.910	0.948	0	0.541	0.997
RPL3	RPS29	9606.ENSP00000346001	9606.ENSP00000379339	0.091	0	0	0	0.925	0.971	0	0.458	0.998
RPL3	RPS10	9606.ENSP00000346001	9606.ENSP00000481646	0	0	0	0	0.904	0.970	0	0.584	0.998
RPL3	RPS17	9606.ENSP00000346001	9606.ENSP00000498019	0	0	0	0	0.872	0.967	0	0.626	0.998
RPL3	RPS26	9606.ENSP00000346001	9606.ENSP00000348849	0	0	0	0	0.940	0.985	0	0.624	0.999
RPL3	RPL31	9606.ENSP00000346001	9606.ENSP00000386717	0	0	0	0	0.924	0.993	0	0.684	0.999
RPL3	RPL35A	9606.ENSP00000346001	9606.ENSP00000495672	0	0	0	0	0.944	0.992	0	0.508	0.999
RPL3	RPLP0	9606.ENSP00000346001	9606.ENSP00000449328	0.102	0	0	0	0.999	0.985	0	0.707	0.999
RPL3	RPL32	9606.ENSP00000346001	9606.ENSP00000416429	0.057	0	0	0	0.903	0.996	0	0.622	0.999
RPL3	RPS13	9606.ENSP00000346001	9606.ENSP00000435777	0	0	0	0	0.960	0.985	0	0.540	0.999
RPL3	RPS3A	9606.ENSP00000346001	9606.ENSP00000346050	0	0	0	0	0.999	0.986	0	0.524	0.999
RPL3	RPS14	9606.ENSP00000346001	9606.ENSP00000385958	0.091	0	0	0	0.926	0.982	0	0.590	0.999
RPL3	RPLP2	9606.ENSP00000346001	9606.ENSP00000431240	0	0	0	0	0.932	0.974	0	0.502	0.999
RPL3	RPS9	9606.ENSP00000346001	9606.ENSP00000375632	0.102	0	0	0	0.959	0.980	0	0.624	0.999
RPL3	RPS19	9606.ENSP00000346001	9606.ENSP00000470972	0	0	0	0	0.960	0.981	0	0.777	0.999
RPL3	RPSA	9606.ENSP00000346001	9606.ENSP00000389351	0.053	0	0	0	0.959	0.986	0	0.686	0.999
RPL3	RPL34	9606.ENSP00000346001	9606.ENSP00000378163	0.115	0	0	0	0.950	0.992	0	0.542	0.999
RPL3	RPS18	9606.ENSP00000346001	9606.ENSP00000393241	0.115	0	0	0	0.960	0.979	0	0.603	0.999
RPL3	RPL5	9606.ENSP00000346001	9606.ENSP00000359345	0.115	0	0	0	0.961	0.995	0	0.759	0.999
RPL3	RPS16	9606.ENSP00000346001	9606.ENSP00000367806	0.091	0	0	0	0.928	0.987	0	0.682	0.999
RPL3	RPS24	9606.ENSP00000346001	9606.ENSP00000414321	0	0	0	0	0.958	0.972	0	0.607	0.999
RPL3	RPL9	9606.ENSP00000346001	9606.ENSP00000494697	0.102	0	0	0	0.958	0.995	0	0.738	0.999
RPL3	RPL7A	9606.ENSP00000346001	9606.ENSP00000361076	0.061	0	0	0	0.960	0.995	0	0.571	0.999
RPL3	RPL36	9606.ENSP00000346001	9606.ENSP00000464342	0	0	0	0	0.917	0.994	0	0.673	0.999
RPL3	RPL6	9606.ENSP00000346001	9606.ENSP00000403172	0.079	0	0	0	0.961	0.993	0	0.795	0.999
RPL3	RPS25	9606.ENSP00000346001	9606.ENSP00000435096	0	0	0	0	0.947	0.978	0	0.454	0.999
RPL3	RPS20	9606.ENSP00000346001	9606.ENSP00000429374	0.102	0	0	0	0.958	0.986	0	0.646	0.999
RPL3	RPL37A	9606.ENSP00000346001	9606.ENSP00000418082	0	0	0	0	0.870	0.994	0	0.425	0.999
RPL3	RPS15	9606.ENSP00000346001	9606.ENSP00000466010	0.115	0	0	0	0.959	0.987	0	0.635	0.999
RPL3	RPS8	9606.ENSP00000346001	9606.ENSP00000379888	0	0	0	0	0.960	0.986	0	0.804	0.999
RPL3	RPS6	9606.ENSP00000346001	9606.ENSP00000369757	0	0	0	0	0.966	0.988	0	0.765	0.999
RPL3	RPL30	9606.ENSP00000346001	9606.ENSP00000428085	0	0	0	0	0.958	0.995	0	0.665	0.999
RPL3	RPLP1	9606.ENSP00000346001	9606.ENSP00000346037	0	0	0	0	0.959	0.977	0	0.564	0.999
RPL3	RPS7	9606.ENSP00000346001	9606.ENSP00000495273	0	0	0	0	0.955	0.980	0	0.294	0.999
RPL3	RPS28	9606.ENSP00000346001	9606.ENSP00000472469	0	0	0	0	0.937	0.967	0	0.567	0.999
RPL3	RPS5	9606.ENSP00000346001	9606.ENSP00000472985	0.091	0	0	0	0.961	0.978	0	0.713	0.999
RPL30	RPS12	9606.ENSP00000428085	9606.ENSP00000230050	0	0	0	0	0.999	0.993	0	0.456	0.999
RPL30	RPS4Y1	9606.ENSP00000428085	9606.ENSP00000250784	0	0	0	0	0.806	0.954	0	0.161	0.992
RPL30	RPL35	9606.ENSP00000428085	9606.ENSP00000259469	0	0	0	0	0.990	0.995	0	0.552	0.999
RPL30	RPL8	9606.ENSP00000428085	9606.ENSP00000262584	0	0	0	0	0.992	0.995	0.900	0.605	0.999
RPL30	RPL3L	9606.ENSP00000428085	9606.ENSP00000268661	0	0	0	0	0.824	0.903	0	0.349	0.987
RPL30	RPS11	9606.ENSP00000428085	9606.ENSP00000270625	0	0	0	0	0.991	0.995	0	0.894	0.999
RPL30	RPS27A	9606.ENSP00000428085	9606.ENSP00000272317	0	0	0	0	0.991	0.991	0	0.259	0.999
RPL30	RPL37	9606.ENSP00000428085	9606.ENSP00000274242	0	0	0	0	0.986	0.992	0	0.567	0.999
RPL30	RPS3	9606.ENSP00000428085	9606.ENSP00000278572	0	0	0	0	0.992	0.994	0	0.709	0.999
RPL30	RPS23	9606.ENSP00000428085	9606.ENSP00000296674	0.120	0	0	0	0.991	0.995	0.900	0.542	0.999
RPL30	RPL38	9606.ENSP00000428085	9606.ENSP00000309830	0	0	0	0	0.983	0.995	0.900	0.640	0.999
RPL30	RPL4	9606.ENSP00000428085	9606.ENSP00000311430	0.057	0	0	0	0.979	0.996	0	0.681	0.999
RPL30	RPS15A	9606.ENSP00000428085	9606.ENSP00000318646	0	0	0	0	0.930	0.973	0	0.500	0.999
RPL30	RPS27L	9606.ENSP00000428085	9606.ENSP00000331019	0	0	0	0	0.841	0.841	0	0.341	0.981
RPL30	RPL7	9606.ENSP00000428085	9606.ENSP00000339795	0	0	0	0	0.961	0.993	0	0.594	0.999
RPL30	RPS2	9606.ENSP00000428085	9606.ENSP00000341885	0	0	0	0	0.991	0.994	0	0.606	0.999
RPL30	RPS21	9606.ENSP00000428085	9606.ENSP00000345957	0	0	0	0	0.990	0.992	0.900	0.614	0.999
RPL30	RPL36AL	9606.ENSP00000428085	9606.ENSP00000346012	0	0	0	0	0.865	0.959	0	0.851	0.999
RPL30	RPLP1	9606.ENSP00000428085	9606.ENSP00000346037	0	0	0	0	0.990	0.985	0	0.690	0.999
RPL30	RPS3A	9606.ENSP00000428085	9606.ENSP00000346050	0	0	0	0	0.991	0.995	0	0.502	0.999
RPL30	RPS26	9606.ENSP00000428085	9606.ENSP00000348849	0	0	0	0	0.990	0.995	0.900	0.594	0.999
RPL30	RPL39	9606.ENSP00000428085	9606.ENSP00000355315	0	0	0	0	0.973	0.967	0.900	0.592	0.999
RPL30	SARS1	9606.ENSP00000428085	9606.ENSP00000358939	0	0	0	0	0.166	0	0	0.333	0.420
RPL30	RPL5	9606.ENSP00000428085	9606.ENSP00000359345	0	0	0	0	0.991	0.995	0	0.741	0.999
RPL30	RPL7A	9606.ENSP00000428085	9606.ENSP00000361076	0	0	0	0	0.979	0.996	0.720	0.804	0.999
RPL30	RPS4X	9606.ENSP00000428085	9606.ENSP00000362744	0	0	0	0	0.955	0.973	0	0.381	0.999
RPL30	SECISBP2	9606.ENSP00000428085	9606.ENSP00000364965	0	0	0	0	0.062	0.800	0	0.703	0.939
RPL30	RPS16	9606.ENSP00000428085	9606.ENSP00000367806	0.057	0	0	0	0.991	0.995	0	0.731	0.999
RPL30	RPS6	9606.ENSP00000428085	9606.ENSP00000369757	0	0	0	0	0.991	0.995	0	0.752	0.999
RPL30	SEPSECS	9606.ENSP00000428085	9606.ENSP00000371535	0	0	0	0	0.051	0	0	0.434	0.440
RPL30	RPS9	9606.ENSP00000428085	9606.ENSP00000375632	0	0	0	0	0.991	0.995	0	0.743	0.999
RPL30	RPL34	9606.ENSP00000428085	9606.ENSP00000378163	0	0	0	0	0.992	0.993	0	0.574	0.999
RPL30	RPS29	9606.ENSP00000428085	9606.ENSP00000379339	0	0	0	0	0.991	0.993	0.900	0.530	0.999
RPL30	RPS8	9606.ENSP00000428085	9606.ENSP00000379888	0	0	0	0	0.992	0.995	0	0.590	0.999
RPL30	RPS14	9606.ENSP00000428085	9606.ENSP00000385958	0	0	0	0	0.964	0.985	0	0.873	0.999
RPL30	RPL31	9606.ENSP00000428085	9606.ENSP00000386717	0	0	0	0	0.992	0.995	0.900	0.647	0.999
RPL30	UBA52	9606.ENSP00000428085	9606.ENSP00000388107	0	0	0	0	0.957	0.991	0	0.527	0.999
RPL30	RPSA	9606.ENSP00000428085	9606.ENSP00000389351	0	0	0	0	0.987	0.995	0	0.443	0.999
RPL30	RPL39L	9606.ENSP00000428085	9606.ENSP00000389356	0	0	0	0	0.830	0.842	0	0.379	0.981
RPL30	RPS18	9606.ENSP00000428085	9606.ENSP00000393241	0	0	0	0	0.991	0.993	0	0.678	0.999
RPL30	RPL6	9606.ENSP00000428085	9606.ENSP00000403172	0.051	0	0	0	0.991	0.995	0.900	0.486	0.999
RPL30	RPL36A	9606.ENSP00000428085	9606.ENSP00000404375	0	0	0	0	0.881	0.955	0.900	0.859	0.999
RPL30	RPS24	9606.ENSP00000428085	9606.ENSP00000414321	0	0	0	0	0.991	0.992	0	0.626	0.999
RPL30	RPL32	9606.ENSP00000428085	9606.ENSP00000416429	0	0	0	0	0.991	0.993	0.900	0.644	0.999
RPL30	RPL37A	9606.ENSP00000428085	9606.ENSP00000418082	0	0	0	0	0.981	0.997	0	0.653	0.999
RPL30	RPS4Y2	9606.ENSP00000428085	9606.ENSP00000486252	0	0	0	0	0.806	0.784	0	0.161	0.961
RPL30	RPL41	9606.ENSP00000428085	9606.ENSP00000449026	0	0	0	0	0.511	0.429	0.900	0.278	0.977
RPL30	RPS19	9606.ENSP00000428085	9606.ENSP00000470972	0	0	0	0	0.991	0.993	0	0.734	0.999
RPL30	RPL9	9606.ENSP00000428085	9606.ENSP00000494697	0.042	0	0	0	0.991	0.992	0	0.763	0.999
RPL30	RPL36	9606.ENSP00000428085	9606.ENSP00000464342	0	0	0	0	0.973	0.996	0.900	0.604	0.999
RPL30	RPS10	9606.ENSP00000428085	9606.ENSP00000481646	0	0	0	0	0.962	0.979	0	0.517	0.999
RPL30	RPS25	9606.ENSP00000428085	9606.ENSP00000435096	0	0	0	0	0.987	0.993	0	0.606	0.999
RPL30	RPS20	9606.ENSP00000428085	9606.ENSP00000429374	0.120	0	0	0	0.991	0.993	0	0.666	0.999
RPL30	RPS15	9606.ENSP00000428085	9606.ENSP00000466010	0	0	0	0	0.990	0.992	0	0.543	0.999
RPL30	RPS17	9606.ENSP00000428085	9606.ENSP00000498019	0	0	0	0	0.991	0.991	0	0.860	0.999
RPL30	RPS7	9606.ENSP00000428085	9606.ENSP00000495273	0	0	0	0	0.990	0.994	0	0.279	0.999
RPL30	RPS5	9606.ENSP00000428085	9606.ENSP00000472985	0.115	0	0	0	0.991	0.993	0	0.548	0.999
RPL30	RPS28	9606.ENSP00000428085	9606.ENSP00000472469	0	0	0	0	0.989	0.991	0.900	0.734	0.999
RPL30	RPS27	9606.ENSP00000428085	9606.ENSP00000499044	0	0	0	0	0.999	0.979	0	0.737	0.999
RPL30	RPL35A	9606.ENSP00000428085	9606.ENSP00000495672	0	0	0	0	0.992	0.991	0	0.784	0.999
RPL30	RPLP0	9606.ENSP00000428085	9606.ENSP00000449328	0	0	0	0	0.982	0.995	0	0.572	0.999
RPL30	RPS13	9606.ENSP00000428085	9606.ENSP00000435777	0	0	0	0	0.992	0.996	0	0.800	0.999
RPL30	RPLP2	9606.ENSP00000428085	9606.ENSP00000431240	0	0	0	0	0.997	0.987	0	0.405	0.999
RPL31	RPS12	9606.ENSP00000386717	9606.ENSP00000230050	0	0	0	0	0.993	0.996	0	0.218	0.999
RPL31	RPS4Y1	9606.ENSP00000386717	9606.ENSP00000250784	0	0	0	0	0.806	0.954	0	0.447	0.994
RPL31	RPL35	9606.ENSP00000386717	9606.ENSP00000259469	0	0	0	0	0.991	0.996	0	0.816	0.999
RPL31	RPL8	9606.ENSP00000386717	9606.ENSP00000262584	0	0	0	0	0.991	0.994	0.900	0.577	0.999
RPL31	RPL3L	9606.ENSP00000386717	9606.ENSP00000268661	0	0	0	0	0.676	0.841	0	0.447	0.969
RPL31	RPS11	9606.ENSP00000386717	9606.ENSP00000270625	0	0	0	0	0.991	0.995	0	0.590	0.999
RPL31	RPS27A	9606.ENSP00000386717	9606.ENSP00000272317	0	0	0	0	0.999	0.992	0	0.415	0.999
RPL31	RPL37	9606.ENSP00000386717	9606.ENSP00000274242	0	0	0	0	0.993	0.991	0	0.619	0.999
RPL31	RPS3	9606.ENSP00000386717	9606.ENSP00000278572	0	0	0	0	0.992	0.995	0	0.502	0.999
RPL31	RPS23	9606.ENSP00000386717	9606.ENSP00000296674	0	0	0	0	0.999	0.995	0.900	0.480	0.999
RPL31	RPL38	9606.ENSP00000386717	9606.ENSP00000309830	0	0	0	0	0.980	0.993	0.900	0.789	0.999
RPL31	RPL4	9606.ENSP00000386717	9606.ENSP00000311430	0	0	0	0	0.980	0.995	0	0.721	0.999
RPL31	RPS15A	9606.ENSP00000386717	9606.ENSP00000318646	0	0	0	0	0.999	0.973	0	0.669	0.999
RPL31	RPS27L	9606.ENSP00000386717	9606.ENSP00000331019	0	0	0	0	0.854	0.873	0	0.543	0.990
RPL31	RPL7	9606.ENSP00000386717	9606.ENSP00000339795	0	0	0	0	0.969	0.993	0	0.588	0.999
RPL31	RPS2	9606.ENSP00000386717	9606.ENSP00000341885	0	0	0	0	0.980	0.995	0	0.586	0.999
RPL31	RPS21	9606.ENSP00000386717	9606.ENSP00000345957	0	0	0	0	0.991	0.992	0.900	0.511	0.999
RPL31	RPL36AL	9606.ENSP00000386717	9606.ENSP00000346012	0	0	0	0	0.864	0.959	0	0.537	0.997
RPL31	RPLP1	9606.ENSP00000386717	9606.ENSP00000346037	0.188	0	0	0	0.999	0.989	0	0.356	0.999
RPL31	RPS3A	9606.ENSP00000386717	9606.ENSP00000346050	0.075	0	0	0	0.994	0.995	0	0.744	0.999
RPL31	RPS26	9606.ENSP00000386717	9606.ENSP00000348849	0	0	0	0	0.988	0.994	0.900	0.732	0.999
RPL31	RPL39	9606.ENSP00000386717	9606.ENSP00000355315	0	0	0	0	0.984	0.967	0.900	0.701	0.999
RPL31	RPL5	9606.ENSP00000386717	9606.ENSP00000359345	0	0	0	0	0.981	0.995	0	0.825	0.999
RPL31	RPL7A	9606.ENSP00000386717	9606.ENSP00000361076	0	0	0	0	0.980	0.995	0.720	0.499	0.999
RPL31	RPS4X	9606.ENSP00000386717	9606.ENSP00000362744	0	0	0	0	0.956	0.973	0	0.546	0.999
RPL31	SECISBP2	9606.ENSP00000386717	9606.ENSP00000364965	0	0	0	0	0.062	0.805	0	0	0.810
RPL31	RPS16	9606.ENSP00000386717	9606.ENSP00000367806	0	0	0	0	0.992	0.995	0	0.568	0.999
RPL31	RPS6	9606.ENSP00000386717	9606.ENSP00000369757	0	0	0	0	0.999	0.995	0	0.570	0.999
RPL31	RPS9	9606.ENSP00000386717	9606.ENSP00000375632	0	0	0	0	0.990	0.993	0	0.628	0.999
RPL31	RPL34	9606.ENSP00000386717	9606.ENSP00000378163	0	0	0	0	0.999	0.993	0	0.709	0.999
RPL31	RPS29	9606.ENSP00000386717	9606.ENSP00000379339	0	0	0	0	0.993	0.991	0.900	0.743	0.999
RPL31	RPS8	9606.ENSP00000386717	9606.ENSP00000379888	0	0	0	0	0.993	0.995	0	0.551	0.999
RPL31	RPS14	9606.ENSP00000386717	9606.ENSP00000385958	0	0	0	0	0.999	0.985	0	0.590	0.999
RPL31	RPS4Y2	9606.ENSP00000386717	9606.ENSP00000486252	0	0	0	0	0.806	0.784	0	0.378	0.971
RPL31	RPL41	9606.ENSP00000386717	9606.ENSP00000449026	0	0	0	0	0.506	0.429	0.900	0.368	0.979
RPL31	RPL39L	9606.ENSP00000386717	9606.ENSP00000389356	0	0	0	0	0.834	0.842	0	0.447	0.984
RPL31	RPLP2	9606.ENSP00000386717	9606.ENSP00000431240	0	0	0	0	0.983	0.989	0	0.306	0.999
RPL31	RPLP0	9606.ENSP00000386717	9606.ENSP00000449328	0.120	0	0	0	0.962	0.993	0	0.436	0.999
RPL31	RPL32	9606.ENSP00000386717	9606.ENSP00000416429	0	0	0	0	0.999	0.991	0.900	0.553	0.999
RPL31	RPL36A	9606.ENSP00000386717	9606.ENSP00000404375	0	0	0	0	0.962	0.955	0.900	0.541	0.999
RPL31	RPS13	9606.ENSP00000386717	9606.ENSP00000435777	0	0	0	0	0.993	0.995	0	0.554	0.999
RPL31	RPL35A	9606.ENSP00000386717	9606.ENSP00000495672	0	0	0	0	0.999	0.993	0	0.759	0.999
RPL31	RPS27	9606.ENSP00000386717	9606.ENSP00000499044	0	0	0	0	0.968	0.980	0	0.730	0.999
RPL31	RPS17	9606.ENSP00000386717	9606.ENSP00000498019	0.100	0	0	0	0.991	0.993	0	0.717	0.999
RPL31	RPS28	9606.ENSP00000386717	9606.ENSP00000472469	0	0	0	0	0.991	0.992	0.900	0.735	0.999
RPL31	RPS5	9606.ENSP00000386717	9606.ENSP00000472985	0	0	0	0	0.980	0.995	0	0.529	0.999
RPL31	RPS7	9606.ENSP00000386717	9606.ENSP00000495273	0	0	0	0	0.991	0.993	0	0.584	0.999
RPL31	RPS20	9606.ENSP00000386717	9606.ENSP00000429374	0	0	0	0	0.999	0.993	0	0.649	0.999
RPL31	RPS25	9606.ENSP00000386717	9606.ENSP00000435096	0	0	0	0	0.991	0.993	0	0.646	0.999
RPL31	UBA52	9606.ENSP00000386717	9606.ENSP00000388107	0	0	0	0	0.976	0.991	0	0.467	0.999
RPL31	RPL37A	9606.ENSP00000386717	9606.ENSP00000418082	0	0	0	0	0.992	0.995	0	0.560	0.999
RPL31	RPS15	9606.ENSP00000386717	9606.ENSP00000466010	0	0	0	0	0.982	0.993	0	0.591	0.999
RPL31	RPL9	9606.ENSP00000386717	9606.ENSP00000494697	0	0	0	0	0.986	0.994	0	0.656	0.999
RPL31	RPS24	9606.ENSP00000386717	9606.ENSP00000414321	0	0	0	0	0.994	0.993	0	0.791	0.999
RPL31	RPS10	9606.ENSP00000386717	9606.ENSP00000481646	0	0	0	0	0.974	0.986	0	0.742	0.999
RPL31	RPL6	9606.ENSP00000386717	9606.ENSP00000403172	0	0	0	0	0.991	0.994	0.900	0.665	0.999
RPL31	RPL36	9606.ENSP00000386717	9606.ENSP00000464342	0	0	0	0	0.991	0.993	0.900	0.617	0.999
RPL31	RPSA	9606.ENSP00000386717	9606.ENSP00000389351	0.050	0	0	0	0.977	0.995	0	0.371	0.999
RPL31	RPS19	9606.ENSP00000386717	9606.ENSP00000470972	0.231	0	0	0	0.992	0.995	0	0.717	0.999
RPL31	RPS18	9606.ENSP00000386717	9606.ENSP00000393241	0	0	0	0	0.991	0.994	0	0.487	0.999
RPL32	RPS12	9606.ENSP00000416429	9606.ENSP00000230050	0	0	0	0	0.992	0.991	0	0.221	0.999
RPL32	RPS4Y1	9606.ENSP00000416429	9606.ENSP00000250784	0.057	0	0	0	0.800	0.954	0	0.218	0.992
RPL32	RPL35	9606.ENSP00000416429	9606.ENSP00000259469	0.075	0	0	0	0.979	0.991	0	0.447	0.999
RPL32	RPL8	9606.ENSP00000416429	9606.ENSP00000262584	0.057	0	0	0	0.984	0.995	0.900	0.579	0.999
RPL32	RPL3L	9606.ENSP00000416429	9606.ENSP00000268661	0.057	0	0	0	0.828	0.839	0	0.347	0.980
RPL32	RPS11	9606.ENSP00000416429	9606.ENSP00000270625	0.075	0	0	0	0.989	0.993	0	0.688	0.999
RPL32	RPS27A	9606.ENSP00000416429	9606.ENSP00000272317	0	0	0	0	0.993	0.991	0	0.385	0.999
RPL32	RPL37	9606.ENSP00000416429	9606.ENSP00000274242	0	0	0	0	0.989	0.991	0	0.524	0.999
RPL32	RPS3	9606.ENSP00000416429	9606.ENSP00000278572	0.075	0	0	0	0.990	0.994	0	0.605	0.999
RPL32	RPS23	9606.ENSP00000416429	9606.ENSP00000296674	0	0	0	0	0.992	0.992	0.900	0.477	0.999
RPL32	RPL38	9606.ENSP00000416429	9606.ENSP00000309830	0	0	0	0	0.977	0.991	0.900	0.558	0.999
RPL32	RPL4	9606.ENSP00000416429	9606.ENSP00000311430	0	0	0	0	0.968	0.995	0	0.589	0.999
RPL32	RPS15A	9606.ENSP00000416429	9606.ENSP00000318646	0.052	0	0	0	0.995	0.977	0	0.359	0.999
RPL32	RPS27L	9606.ENSP00000416429	9606.ENSP00000331019	0	0	0	0	0.831	0.842	0	0.166	0.975
RPL32	RPL7	9606.ENSP00000416429	9606.ENSP00000339795	0.057	0	0	0	0.916	0.993	0	0.507	0.999
RPL32	RPS2	9606.ENSP00000416429	9606.ENSP00000341885	0.059	0	0	0	0.985	0.994	0	0.665	0.999
RPL32	RPS21	9606.ENSP00000416429	9606.ENSP00000345957	0	0	0	0	0.991	0.991	0.900	0.393	0.999
RPL32	RPL36AL	9606.ENSP00000416429	9606.ENSP00000346012	0	0	0	0	0.788	0.955	0	0.346	0.993
RPL32	RPLP1	9606.ENSP00000416429	9606.ENSP00000346037	0	0	0	0	0.994	0.919	0	0.442	0.999
RPL32	RPS3A	9606.ENSP00000416429	9606.ENSP00000346050	0	0	0	0	0.981	0.995	0	0.500	0.999
RPL32	RPS26	9606.ENSP00000416429	9606.ENSP00000348849	0	0	0	0	0.983	0.992	0.900	0.573	0.999
RPL32	RPL39	9606.ENSP00000416429	9606.ENSP00000355315	0	0	0	0	0.958	0.979	0.900	0.448	0.999
RPL32	RPL5	9606.ENSP00000416429	9606.ENSP00000359345	0.075	0	0	0	0.977	0.994	0	0.461	0.999
RPL32	RPL7A	9606.ENSP00000416429	9606.ENSP00000361076	0	0	0	0	0.954	0.994	0.720	0.484	0.999
RPL32	RPS4X	9606.ENSP00000416429	9606.ENSP00000362744	0.057	0	0	0	0.951	0.975	0	0.340	0.999
RPL32	SECISBP2	9606.ENSP00000416429	9606.ENSP00000364965	0	0	0	0	0.081	0.800	0	0	0.808
RPL32	RPS16	9606.ENSP00000416429	9606.ENSP00000367806	0	0	0	0	0.990	0.995	0	0.842	0.999
RPL32	RPS6	9606.ENSP00000416429	9606.ENSP00000369757	0	0	0	0	0.991	0.995	0	0.575	0.999
RPL32	RPS9	9606.ENSP00000416429	9606.ENSP00000375632	0.057	0	0	0	0.978	0.993	0	0.454	0.999
RPL32	RPL34	9606.ENSP00000416429	9606.ENSP00000378163	0.075	0	0	0	0.992	0.993	0	0.478	0.999
RPL32	RPS29	9606.ENSP00000416429	9606.ENSP00000379339	0.057	0	0	0	0.981	0.991	0.900	0.375	0.999
RPL32	RPS8	9606.ENSP00000416429	9606.ENSP00000379888	0	0	0	0	0.999	0.994	0	0.791	0.999
RPL32	RPS14	9606.ENSP00000416429	9606.ENSP00000385958	0.056	0	0	0	0.999	0.974	0	0.581	0.999
RPL32	UBA52	9606.ENSP00000416429	9606.ENSP00000388107	0	0	0	0	0.976	0.992	0	0.476	0.999
RPL32	RPSA	9606.ENSP00000416429	9606.ENSP00000389351	0	0	0	0	0.985	0.992	0	0.188	0.999
RPL32	RPL39L	9606.ENSP00000416429	9606.ENSP00000389356	0	0	0	0	0.826	0.841	0	0.298	0.978
RPL32	RPS18	9606.ENSP00000416429	9606.ENSP00000393241	0.061	0	0	0	0.979	0.993	0	0.723	0.999
RPL32	RPL6	9606.ENSP00000416429	9606.ENSP00000403172	0.057	0	0	0	0.991	0.992	0.900	0.536	0.999
RPL32	RPL36A	9606.ENSP00000416429	9606.ENSP00000404375	0	0	0	0	0.942	0.955	0.900	0.340	0.999
RPL32	RPS24	9606.ENSP00000416429	9606.ENSP00000414321	0	0	0	0	0.991	0.991	0	0.399	0.999
RPL32	RPS4Y2	9606.ENSP00000416429	9606.ENSP00000486252	0.057	0	0	0	0.800	0.784	0	0.144	0.960
RPL32	RPL41	9606.ENSP00000416429	9606.ENSP00000449026	0	0	0	0	0.530	0.283	0.900	0.181	0.968
RPL32	RPL9	9606.ENSP00000416429	9606.ENSP00000494697	0.059	0	0	0	0.981	0.994	0	0.614	0.999
RPL32	RPL36	9606.ENSP00000416429	9606.ENSP00000464342	0	0	0	0	0.991	0.991	0.900	0.712	0.999
RPL32	RPS10	9606.ENSP00000416429	9606.ENSP00000481646	0	0	0	0	0.957	0.967	0	0.364	0.999
RPL32	RPS19	9606.ENSP00000416429	9606.ENSP00000470972	0	0	0	0	0.990	0.991	0	0.641	0.999
RPL32	RPS17	9606.ENSP00000416429	9606.ENSP00000498019	0	0	0	0	0.981	0.991	0	0.362	0.999
RPL32	RPS5	9606.ENSP00000416429	9606.ENSP00000472985	0	0	0	0	0.978	0.991	0	0.480	0.999
RPL32	RPS28	9606.ENSP00000416429	9606.ENSP00000472469	0	0	0	0	0.990	0.991	0.900	0.392	0.999
RPL32	RPS7	9606.ENSP00000416429	9606.ENSP00000495273	0	0	0	0	0.981	0.991	0	0.194	0.999
RPL32	RPS20	9606.ENSP00000416429	9606.ENSP00000429374	0	0	0	0	0.999	0.992	0	0.558	0.999
RPL32	RPS25	9606.ENSP00000416429	9606.ENSP00000435096	0	0	0	0	0.979	0.991	0	0.284	0.999
RPL32	RPS15	9606.ENSP00000416429	9606.ENSP00000466010	0.075	0	0	0	0.985	0.993	0	0.726	0.999
RPL32	RPL37A	9606.ENSP00000416429	9606.ENSP00000418082	0	0	0	0	0.992	0.995	0	0.396	0.999
RPL32	RPL35A	9606.ENSP00000416429	9606.ENSP00000495672	0	0	0	0	0.993	0.993	0	0.437	0.999
RPL32	RPS27	9606.ENSP00000416429	9606.ENSP00000499044	0	0	0	0	0.958	0.967	0	0.425	0.999
RPL32	RPLP2	9606.ENSP00000416429	9606.ENSP00000431240	0	0	0	0	0.991	0.922	0	0.300	0.999
RPL32	RPLP0	9606.ENSP00000416429	9606.ENSP00000449328	0	0	0	0	0.975	0.992	0	0.400	0.999
RPL32	RPS13	9606.ENSP00000416429	9606.ENSP00000435777	0	0	0	0	0.988	0.993	0	0.521	0.999
RPL34	RPS12	9606.ENSP00000378163	9606.ENSP00000230050	0	0	0	0	0.979	0.991	0	0.199	0.999
RPL34	RPS4Y1	9606.ENSP00000378163	9606.ENSP00000250784	0.115	0	0	0	0.804	0.955	0	0.104	0.992
RPL34	RPL35	9606.ENSP00000378163	9606.ENSP00000259469	0.231	0	0	0	0.991	0.993	0	0.726	0.999
RPL34	RPL8	9606.ENSP00000378163	9606.ENSP00000262584	0.115	0	0	0	0.990	0.993	0	0.719	0.999
RPL34	RPL3L	9606.ENSP00000378163	9606.ENSP00000268661	0.115	0	0	0	0.796	0.841	0	0.299	0.977
RPL34	RPS11	9606.ENSP00000378163	9606.ENSP00000270625	0.231	0	0	0	0.991	0.993	0	0.587	0.999
RPL34	RPS27A	9606.ENSP00000378163	9606.ENSP00000272317	0	0	0	0	0.999	0.991	0	0.313	0.999
RPL34	RPL37	9606.ENSP00000378163	9606.ENSP00000274242	0.045	0	0	0	0.999	0.991	0	0.539	0.999
RPL34	RPS3	9606.ENSP00000378163	9606.ENSP00000278572	0.231	0	0	0	0.991	0.993	0	0.354	0.999
RPL34	RPS23	9606.ENSP00000378163	9606.ENSP00000296674	0	0	0	0	0.999	0.993	0	0.370	0.999
RPL34	RPL38	9606.ENSP00000378163	9606.ENSP00000309830	0	0	0	0	0.982	0.993	0	0.572	0.999
RPL34	RPL4	9606.ENSP00000378163	9606.ENSP00000311430	0.061	0	0	0	0.978	0.994	0	0.678	0.999
RPL34	RPS15A	9606.ENSP00000378163	9606.ENSP00000318646	0.091	0	0	0	0.949	0.963	0	0.586	0.999
RPL34	RPS27L	9606.ENSP00000378163	9606.ENSP00000331019	0	0	0	0	0.856	0.841	0	0.336	0.983
RPL34	RPL7	9606.ENSP00000378163	9606.ENSP00000339795	0.111	0	0	0	0.960	0.990	0	0.448	0.999
RPL34	RPS2	9606.ENSP00000378163	9606.ENSP00000341885	0.120	0	0	0	0.963	0.993	0	0.476	0.999
RPL34	RPS21	9606.ENSP00000378163	9606.ENSP00000345957	0	0	0	0	0.991	0.992	0	0.622	0.999
RPL34	RPL36AL	9606.ENSP00000378163	9606.ENSP00000346012	0	0	0	0	0.823	0.955	0	0.552	0.996
RPL34	RPLP1	9606.ENSP00000378163	9606.ENSP00000346037	0	0	0	0	0.994	0.987	0	0.542	0.999
RPL34	RPS3A	9606.ENSP00000378163	9606.ENSP00000346050	0	0	0	0	0.991	0.993	0	0.591	0.999
RPL34	RPS26	9606.ENSP00000378163	9606.ENSP00000348849	0	0	0	0	0.991	0.993	0	0.438	0.999
RPL34	RPL39	9606.ENSP00000378163	9606.ENSP00000355315	0	0	0	0	0.957	0.967	0	0.522	0.999
RPL34	RPL5	9606.ENSP00000378163	9606.ENSP00000359345	0.231	0	0	0	0.980	0.993	0	0.431	0.999
RPL34	RPL7A	9606.ENSP00000378163	9606.ENSP00000361076	0	0	0	0	0.977	0.993	0	0.643	0.999
RPL34	RPS4X	9606.ENSP00000378163	9606.ENSP00000362744	0.115	0	0	0	0.953	0.955	0	0.168	0.998
RPL34	SECISBP2	9606.ENSP00000378163	9606.ENSP00000364965	0	0	0	0	0.086	0.800	0	0.049	0.811
RPL34	RPS16	9606.ENSP00000378163	9606.ENSP00000367806	0.061	0	0	0	0.978	0.994	0	0.451	0.999
RPL34	RPS6	9606.ENSP00000378163	9606.ENSP00000369757	0	0	0	0	0.993	0.993	0	0.532	0.999
RPL34	RPS9	9606.ENSP00000378163	9606.ENSP00000375632	0.115	0	0	0	0.990	0.993	0	0.469	0.999
RPL34	RPL41	9606.ENSP00000378163	9606.ENSP00000449026	0	0	0	0	0.505	0.429	0	0.357	0.802
RPL34	RPS4Y2	9606.ENSP00000378163	9606.ENSP00000486252	0.115	0	0	0	0.804	0.786	0	0.043	0.959
RPL34	RPL39L	9606.ENSP00000378163	9606.ENSP00000389356	0	0	0	0	0.830	0.842	0	0.326	0.980
RPL34	RPS29	9606.ENSP00000378163	9606.ENSP00000379339	0.115	0	0	0	0.999	0.991	0	0.488	0.999
RPL34	RPS27	9606.ENSP00000378163	9606.ENSP00000499044	0	0	0	0	0.966	0.980	0	0.449	0.999
RPL34	RPL35A	9606.ENSP00000378163	9606.ENSP00000495672	0	0	0	0	0.999	0.993	0	0.559	0.999
RPL34	RPL36A	9606.ENSP00000378163	9606.ENSP00000404375	0	0	0	0	0.999	0.955	0	0.548	0.999
RPL34	RPLP0	9606.ENSP00000378163	9606.ENSP00000449328	0	0	0	0	0.969	0.992	0	0.271	0.999
RPL34	RPS13	9606.ENSP00000378163	9606.ENSP00000435777	0	0	0	0	0.991	0.993	0	0.423	0.999
RPL34	RPLP2	9606.ENSP00000378163	9606.ENSP00000431240	0	0	0	0	0.979	0.979	0	0.297	0.999
RPL34	RPS14	9606.ENSP00000378163	9606.ENSP00000385958	0.108	0	0	0	0.982	0.977	0	0.559	0.999
RPL34	RPS19	9606.ENSP00000378163	9606.ENSP00000470972	0	0	0	0	0.992	0.991	0	0.438	0.999
RPL34	RPSA	9606.ENSP00000378163	9606.ENSP00000389351	0.043	0	0	0	0.979	0.993	0	0.357	0.999
RPL34	RPS18	9606.ENSP00000378163	9606.ENSP00000393241	0.148	0	0	0	0.991	0.993	0	0.251	0.999
RPL34	RPS24	9606.ENSP00000378163	9606.ENSP00000414321	0	0	0	0	0.992	0.991	0	0.647	0.999
RPL34	RPL9	9606.ENSP00000378163	9606.ENSP00000494697	0.120	0	0	0	0.987	0.992	0	0.649	0.999
RPL34	RPL6	9606.ENSP00000378163	9606.ENSP00000403172	0.111	0	0	0	0.991	0.993	0	0.746	0.999
RPL34	RPL36	9606.ENSP00000378163	9606.ENSP00000464342	0	0	0	0	0.983	0.993	0	0.669	0.999
RPL34	RPS10	9606.ENSP00000378163	9606.ENSP00000481646	0	0	0	0	0.960	0.967	0	0.464	0.999
RPL34	RPS25	9606.ENSP00000378163	9606.ENSP00000435096	0	0	0	0	0.991	0.993	0	0.539	0.999
RPL34	RPS20	9606.ENSP00000378163	9606.ENSP00000429374	0	0	0	0	0.989	0.993	0	0.417	0.999
RPL34	RPS8	9606.ENSP00000378163	9606.ENSP00000379888	0	0	0	0	0.992	0.993	0	0.383	0.999
RPL34	RPS15	9606.ENSP00000378163	9606.ENSP00000466010	0.231	0	0	0	0.980	0.993	0	0.341	0.999
RPL34	RPL37A	9606.ENSP00000378163	9606.ENSP00000418082	0	0	0	0	0.993	0.993	0	0.516	0.999
RPL34	UBA52	9606.ENSP00000378163	9606.ENSP00000388107	0	0	0	0	0.979	0.992	0	0.460	0.999
RPL34	RPS17	9606.ENSP00000378163	9606.ENSP00000498019	0	0	0	0	0.985	0.991	0	0.322	0.999
RPL34	RPS7	9606.ENSP00000378163	9606.ENSP00000495273	0	0	0	0	0.980	0.991	0	0.112	0.999
RPL34	RPS5	9606.ENSP00000378163	9606.ENSP00000472985	0	0	0	0	0.979	0.991	0	0.541	0.999
RPL34	RPS28	9606.ENSP00000378163	9606.ENSP00000472469	0	0	0	0	0.991	0.991	0	0.560	0.999
RPL35	RPS12	9606.ENSP00000259469	9606.ENSP00000230050	0.095	0	0	0	0.979	0.995	0	0.194	0.999
RPL35	RPS4Y1	9606.ENSP00000259469	9606.ENSP00000250784	0.115	0	0	0	0.806	0.955	0	0.521	0.995
RPL35	RPL41	9606.ENSP00000259469	9606.ENSP00000449026	0	0	0	0	0.515	0.429	0	0.216	0.764
RPL35	SECISBP2	9606.ENSP00000259469	9606.ENSP00000364965	0	0	0	0	0.048	0.800	0	0.070	0.807
RPL35	RPS4Y2	9606.ENSP00000259469	9606.ENSP00000486252	0.115	0	0	0	0.806	0.785	0	0.156	0.964
RPL35	RPL39L	9606.ENSP00000259469	9606.ENSP00000389356	0	0	0	0	0.821	0.842	0	0.335	0.979
RPL35	RPS27L	9606.ENSP00000259469	9606.ENSP00000331019	0	0	0	0	0.839	0.841	0	0.306	0.980
RPL35	RPL3L	9606.ENSP00000259469	9606.ENSP00000268661	0.115	0	0	0	0.806	0.841	0	0.389	0.981
RPL35	RPL36A	9606.ENSP00000259469	9606.ENSP00000404375	0	0	0	0	0.858	0.955	0	0.347	0.995
RPL35	RPL36AL	9606.ENSP00000259469	9606.ENSP00000346012	0	0	0	0	0.921	0.960	0	0.346	0.997
RPL35	RPL39	9606.ENSP00000259469	9606.ENSP00000355315	0	0	0	0	0.929	0.967	0	0.597	0.998
RPL35	RPS15A	9606.ENSP00000259469	9606.ENSP00000318646	0.091	0	0	0	0.907	0.963	0	0.564	0.998
RPL35	RPLP1	9606.ENSP00000259469	9606.ENSP00000346037	0	0	0	0	0.982	0.982	0	0.429	0.999
RPL35	RPL4	9606.ENSP00000259469	9606.ENSP00000311430	0.115	0	0	0	0.957	0.993	0	0.647	0.999
RPL35	RPS7	9606.ENSP00000259469	9606.ENSP00000495273	0	0	0	0	0.986	0.993	0	0.523	0.999
RPL35	RPS4X	9606.ENSP00000259469	9606.ENSP00000362744	0.115	0	0	0	0.955	0.963	0	0.608	0.999
RPL35	RPS28	9606.ENSP00000259469	9606.ENSP00000472469	0	0	0	0	0.991	0.994	0	0.617	0.999
RPL35	RPS5	9606.ENSP00000259469	9606.ENSP00000472985	0.115	0	0	0	0.981	0.992	0	0.585	0.999
RPL35	RPS17	9606.ENSP00000259469	9606.ENSP00000498019	0.057	0	0	0	0.979	0.991	0	0.489	0.999
RPL35	RPL37A	9606.ENSP00000259469	9606.ENSP00000418082	0	0	0	0	0.952	0.993	0	0.516	0.999
RPL35	RPS8	9606.ENSP00000259469	9606.ENSP00000379888	0	0	0	0	0.982	0.995	0	0.548	0.999
RPL35	RPS2	9606.ENSP00000259469	9606.ENSP00000341885	0.120	0	0	0	0.964	0.993	0	0.587	0.999
RPL35	RPS15	9606.ENSP00000259469	9606.ENSP00000466010	0.231	0	0	0	0.991	0.991	0	0.564	0.999
RPL35	RPS6	9606.ENSP00000259469	9606.ENSP00000369757	0	0	0	0	0.991	0.994	0	0.618	0.999
RPL35	UBA52	9606.ENSP00000259469	9606.ENSP00000388107	0	0	0	0	0.977	0.992	0	0.369	0.999
RPL35	RPS25	9606.ENSP00000259469	9606.ENSP00000435096	0	0	0	0	0.972	0.994	0	0.556	0.999
RPL35	RPL8	9606.ENSP00000259469	9606.ENSP00000262584	0.115	0	0	0	0.955	0.993	0	0.727	0.999
RPL35	RPS20	9606.ENSP00000259469	9606.ENSP00000429374	0.120	0	0	0	0.983	0.995	0	0.625	0.999
RPL35	RPS10	9606.ENSP00000259469	9606.ENSP00000481646	0	0	0	0	0.959	0.988	0	0.514	0.999
RPL35	RPL7A	9606.ENSP00000259469	9606.ENSP00000361076	0.095	0	0	0	0.959	0.996	0	0.473	0.999
RPL35	RPL6	9606.ENSP00000259469	9606.ENSP00000403172	0.111	0	0	0	0.968	0.995	0	0.713	0.999
RPL35	RPL36	9606.ENSP00000259469	9606.ENSP00000464342	0	0	0	0	0.980	0.996	0	0.599	0.999
RPL35	RPS24	9606.ENSP00000259469	9606.ENSP00000414321	0	0	0	0	0.991	0.993	0	0.678	0.999
RPL35	RPL7	9606.ENSP00000259469	9606.ENSP00000339795	0.111	0	0	0	0.959	0.996	0	0.512	0.999
RPL35	RPS21	9606.ENSP00000259469	9606.ENSP00000345957	0	0	0	0	0.980	0.991	0	0.590	0.999
RPL35	RPL9	9606.ENSP00000259469	9606.ENSP00000494697	0.120	0	0	0	0.991	0.992	0	0.615	0.999
RPL35	RPS18	9606.ENSP00000259469	9606.ENSP00000393241	0.231	0	0	0	0.991	0.994	0	0.531	0.999
RPL35	RPS16	9606.ENSP00000259469	9606.ENSP00000367806	0.115	0	0	0	0.991	0.995	0	0.714	0.999
RPL35	RPL5	9606.ENSP00000259469	9606.ENSP00000359345	0.231	0	0	0	0.991	0.993	0	0.802	0.999
RPL35	RPS19	9606.ENSP00000259469	9606.ENSP00000470972	0	0	0	0	0.991	0.995	0	0.590	0.999
RPL35	RPSA	9606.ENSP00000259469	9606.ENSP00000389351	0.045	0	0	0	0.919	0.994	0	0.453	0.999
RPL35	RPS9	9606.ENSP00000259469	9606.ENSP00000375632	0.120	0	0	0	0.961	0.994	0	0.731	0.999
RPL35	RPS23	9606.ENSP00000259469	9606.ENSP00000296674	0.120	0	0	0	0.989	0.993	0	0.645	0.999
RPL35	RPL38	9606.ENSP00000259469	9606.ENSP00000309830	0	0	0	0	0.991	0.995	0	0.743	0.999
RPL35	RPS14	9606.ENSP00000259469	9606.ENSP00000385958	0.115	0	0	0	0.960	0.981	0	0.616	0.999
RPL35	RPLP2	9606.ENSP00000259469	9606.ENSP00000431240	0	0	0	0	0.909	0.992	0	0.502	0.999
RPL35	RPS3A	9606.ENSP00000259469	9606.ENSP00000346050	0	0	0	0	0.991	0.995	0	0.473	0.999
RPL35	RPS13	9606.ENSP00000259469	9606.ENSP00000435777	0	0	0	0	0.991	0.993	0	0.492	0.999
RPL35	RPS27A	9606.ENSP00000259469	9606.ENSP00000272317	0	0	0	0	0.969	0.991	0	0.321	0.999
RPL35	RPS3	9606.ENSP00000259469	9606.ENSP00000278572	0.231	0	0	0	0.991	0.993	0	0.757	0.999
RPL35	RPLP0	9606.ENSP00000259469	9606.ENSP00000449328	0.120	0	0	0	0.963	0.992	0	0.529	0.999
RPL35	RPS27	9606.ENSP00000259469	9606.ENSP00000499044	0	0	0	0	0.960	0.981	0	0.746	0.999
RPL35	RPL35A	9606.ENSP00000259469	9606.ENSP00000495672	0	0	0	0	0.978	0.993	0	0.598	0.999
RPL35	RPL37	9606.ENSP00000259469	9606.ENSP00000274242	0	0	0	0	0.949	0.991	0	0.561	0.999
RPL35	RPS11	9606.ENSP00000259469	9606.ENSP00000270625	0.231	0	0	0	0.991	0.993	0	0.618	0.999
RPL35	RPS29	9606.ENSP00000259469	9606.ENSP00000379339	0.115	0	0	0	0.991	0.991	0	0.595	0.999
RPL35	RPS26	9606.ENSP00000259469	9606.ENSP00000348849	0	0	0	0	0.990	0.993	0	0.729	0.999
RPL35A	RPS12	9606.ENSP00000495672	9606.ENSP00000230050	0	0	0	0	0.991	0.993	0	0.116	0.999
RPL35A	RPS4Y1	9606.ENSP00000495672	9606.ENSP00000250784	0	0	0	0	0.790	0.955	0	0.255	0.992
RPL35A	RPL8	9606.ENSP00000495672	9606.ENSP00000262584	0	0	0	0	0.991	0.992	0	0.387	0.999
RPL35A	RPL3L	9606.ENSP00000495672	9606.ENSP00000268661	0	0	0	0	0.765	0.841	0	0.406	0.975
RPL35A	RPS11	9606.ENSP00000495672	9606.ENSP00000270625	0	0	0	0	0.991	0.993	0	0.873	0.999
RPL35A	RPS27A	9606.ENSP00000495672	9606.ENSP00000272317	0	0	0	0	0.989	0.991	0	0.505	0.999
RPL35A	RPL37	9606.ENSP00000495672	9606.ENSP00000274242	0	0	0	0	0.999	0.993	0	0.424	0.999
RPL35A	RPS3	9606.ENSP00000495672	9606.ENSP00000278572	0	0	0	0	0.981	0.993	0	0.522	0.999
RPL35A	RPS23	9606.ENSP00000495672	9606.ENSP00000296674	0	0	0	0	0.999	0.991	0	0.499	0.999
RPL35A	RPL38	9606.ENSP00000495672	9606.ENSP00000309830	0	0	0	0	0.991	0.991	0	0.596	0.999
RPL35A	RPL4	9606.ENSP00000495672	9606.ENSP00000311430	0	0	0	0	0.979	0.992	0	0.518	0.999
RPL35A	RPS15A	9606.ENSP00000495672	9606.ENSP00000318646	0	0	0	0	0.999	0.964	0	0.519	0.999
RPL35A	RPS27L	9606.ENSP00000495672	9606.ENSP00000331019	0	0	0	0	0.844	0.866	0	0.465	0.987
RPL35A	RPL7	9606.ENSP00000495672	9606.ENSP00000339795	0	0	0	0	0.961	0.989	0	0.569	0.999
RPL35A	RPS2	9606.ENSP00000495672	9606.ENSP00000341885	0	0	0	0	0.981	0.992	0	0.518	0.999
RPL35A	RPS21	9606.ENSP00000495672	9606.ENSP00000345957	0	0	0	0	0.991	0.991	0	0.340	0.999
RPL35A	RPL36AL	9606.ENSP00000495672	9606.ENSP00000346012	0	0	0	0	0.860	0.970	0	0.873	0.999
RPL35A	RPLP1	9606.ENSP00000495672	9606.ENSP00000346037	0	0	0	0	0.992	0.980	0	0.348	0.999
RPL35A	RPS3A	9606.ENSP00000495672	9606.ENSP00000346050	0	0	0	0	0.991	0.992	0	0.348	0.999
RPL35A	RPS26	9606.ENSP00000495672	9606.ENSP00000348849	0	0	0	0	0.999	0.991	0	0.954	0.999
RPL35A	RPL39	9606.ENSP00000495672	9606.ENSP00000355315	0	0	0	0	0.965	0.971	0	0.529	0.999
RPL35A	RPL5	9606.ENSP00000495672	9606.ENSP00000359345	0	0	0	0	0.981	0.993	0	0.906	0.999
RPL35A	RPL7A	9606.ENSP00000495672	9606.ENSP00000361076	0	0	0	0	0.990	0.993	0	0.810	0.999
RPL35A	RPS4X	9606.ENSP00000495672	9606.ENSP00000362744	0	0	0	0	0.951	0.963	0	0.354	0.998
RPL35A	SECISBP2	9606.ENSP00000495672	9606.ENSP00000364965	0	0	0	0	0.093	0.800	0	0	0.810
RPL35A	RPS16	9606.ENSP00000495672	9606.ENSP00000367806	0	0	0	0	0.991	0.994	0	0.428	0.999
RPL35A	RPS6	9606.ENSP00000495672	9606.ENSP00000369757	0	0	0	0	0.987	0.993	0	0.696	0.999
RPL35A	RPS9	9606.ENSP00000495672	9606.ENSP00000375632	0	0	0	0	0.991	0.993	0	0.270	0.999
RPL35A	RPS29	9606.ENSP00000495672	9606.ENSP00000379339	0	0	0	0	0.999	0.991	0	0.745	0.999
RPL35A	RPS8	9606.ENSP00000495672	9606.ENSP00000379888	0	0	0	0	0.986	0.992	0	0.586	0.999
RPL35A	RPS14	9606.ENSP00000495672	9606.ENSP00000385958	0	0	0	0	0.999	0.979	0	0.826	0.999
RPL35A	UBA52	9606.ENSP00000495672	9606.ENSP00000388107	0	0	0	0	0.951	0.993	0	0.237	0.999
RPL35A	RPSA	9606.ENSP00000495672	9606.ENSP00000389351	0	0	0	0	0.990	0.993	0	0.391	0.999
RPL35A	RPL39L	9606.ENSP00000495672	9606.ENSP00000389356	0	0	0	0	0.833	0.841	0	0.299	0.979
RPL35A	RPS18	9606.ENSP00000495672	9606.ENSP00000393241	0	0	0	0	0.991	0.993	0	0.331	0.999
RPL35A	RPL6	9606.ENSP00000495672	9606.ENSP00000403172	0	0	0	0	0.991	0.992	0	0.572	0.999
RPL35A	RPL36A	9606.ENSP00000495672	9606.ENSP00000404375	0	0	0	0	0.980	0.954	0	0.885	0.999
RPL35A	RPS24	9606.ENSP00000495672	9606.ENSP00000414321	0	0	0	0	0.991	0.991	0	0.977	0.999
RPL35A	RPL37A	9606.ENSP00000495672	9606.ENSP00000418082	0	0	0	0	0.992	0.991	0	0.817	0.999
RPL35A	RPS20	9606.ENSP00000495672	9606.ENSP00000429374	0	0	0	0	0.999	0.993	0	0.666	0.999
RPL35A	RPLP2	9606.ENSP00000495672	9606.ENSP00000431240	0	0	0	0	0.989	0.988	0	0.476	0.999
RPL35A	RPS25	9606.ENSP00000495672	9606.ENSP00000435096	0	0	0	0	0.991	0.993	0	0.436	0.999
RPL35A	RPS13	9606.ENSP00000495672	9606.ENSP00000435777	0	0	0	0	0.992	0.992	0	0.557	0.999
RPL35A	RPL41	9606.ENSP00000495672	9606.ENSP00000449026	0	0	0	0	0.656	0.429	0	0.261	0.842
RPL35A	RPLP0	9606.ENSP00000495672	9606.ENSP00000449328	0	0	0	0	0.979	0.992	0	0.313	0.999
RPL35A	RPL36	9606.ENSP00000495672	9606.ENSP00000464342	0	0	0	0	0.991	0.993	0	0.707	0.999
RPL35A	RPS15	9606.ENSP00000495672	9606.ENSP00000466010	0	0	0	0	0.985	0.993	0	0.712	0.999
RPL35A	RPS19	9606.ENSP00000495672	9606.ENSP00000470972	0	0	0	0	0.992	0.993	0	0.950	0.999
RPL35A	RPS28	9606.ENSP00000495672	9606.ENSP00000472469	0	0	0	0	0.993	0.991	0	0.716	0.999
RPL35A	RPS5	9606.ENSP00000495672	9606.ENSP00000472985	0	0	0	0	0.991	0.992	0	0.299	0.999
RPL35A	RPS10	9606.ENSP00000495672	9606.ENSP00000481646	0	0	0	0	0.961	0.978	0	0.926	0.999
RPL35A	RPS4Y2	9606.ENSP00000495672	9606.ENSP00000486252	0	0	0	0	0.790	0.785	0	0.223	0.961
RPL35A	RPL9	9606.ENSP00000495672	9606.ENSP00000494697	0	0	0	0	0.991	0.992	0	0.458	0.999
RPL35A	RPS7	9606.ENSP00000495672	9606.ENSP00000495273	0	0	0	0	0.991	0.991	0	0.646	0.999
RPL35A	RPS17	9606.ENSP00000495672	9606.ENSP00000498019	0	0	0	0	0.991	0.991	0	0.971	0.999
RPL35A	RPS27	9606.ENSP00000495672	9606.ENSP00000499044	0	0	0	0	0.963	0.979	0	0.711	0.999
RPL36	RPS12	9606.ENSP00000464342	9606.ENSP00000230050	0	0	0	0	0.980	0.993	0	0.397	0.999
RPL36	RPS4Y1	9606.ENSP00000464342	9606.ENSP00000250784	0	0	0	0	0.689	0.954	0	0.116	0.986
RPL36	RPL8	9606.ENSP00000464342	9606.ENSP00000262584	0	0	0	0	0.981	0.996	0.900	0.748	0.999
RPL36	RPL3L	9606.ENSP00000464342	9606.ENSP00000268661	0	0	0	0	0.652	0.916	0	0.172	0.973
RPL36	RPS11	9606.ENSP00000464342	9606.ENSP00000270625	0	0	0	0	0.980	0.993	0	0.756	0.999
RPL36	RPS27A	9606.ENSP00000464342	9606.ENSP00000272317	0	0	0	0	0.986	0.991	0	0.504	0.999
RPL36	RPL37	9606.ENSP00000464342	9606.ENSP00000274242	0	0	0	0	0.976	0.991	0	0.540	0.999
RPL36	RPS3	9606.ENSP00000464342	9606.ENSP00000278572	0	0	0	0	0.965	0.992	0	0.829	0.999
RPL36	RPS23	9606.ENSP00000464342	9606.ENSP00000296674	0	0	0	0	0.980	0.993	0.900	0.585	0.999
RPL36	RPL38	9606.ENSP00000464342	9606.ENSP00000309830	0	0	0	0	0.990	0.995	0.900	0.624	0.999
RPL36	RPL4	9606.ENSP00000464342	9606.ENSP00000311430	0	0	0	0	0.933	0.995	0	0.592	0.999
RPL36	RPS15A	9606.ENSP00000464342	9606.ENSP00000318646	0	0	0	0	0.928	0.963	0	0.489	0.998
RPL36	RPS27L	9606.ENSP00000464342	9606.ENSP00000331019	0	0	0	0	0.847	0.842	0	0.514	0.987
RPL36	RPL7	9606.ENSP00000464342	9606.ENSP00000339795	0	0	0	0	0.958	0.995	0	0.488	0.999
RPL36	RPS2	9606.ENSP00000464342	9606.ENSP00000341885	0	0	0	0	0.941	0.992	0	0.744	0.999
RPL36	RPS21	9606.ENSP00000464342	9606.ENSP00000345957	0	0	0	0	0.991	0.991	0.900	0.625	0.999
RPL36	RPL36AL	9606.ENSP00000464342	9606.ENSP00000346012	0	0	0	0	0.872	0.957	0	0.595	0.997
RPL36	RPLP1	9606.ENSP00000464342	9606.ENSP00000346037	0	0	0	0	0.990	0.992	0	0.493	0.999
RPL36	RPS3A	9606.ENSP00000464342	9606.ENSP00000346050	0	0	0	0	0.985	0.993	0	0.643	0.999
RPL36	RPS26	9606.ENSP00000464342	9606.ENSP00000348849	0	0	0	0	0.985	0.993	0.900	0.796	0.999
RPL36	RPL39	9606.ENSP00000464342	9606.ENSP00000355315	0	0	0	0	0.900	0.967	0.900	0.571	0.999
RPL36	RPL5	9606.ENSP00000464342	9606.ENSP00000359345	0	0	0	0	0.958	0.994	0	0.790	0.999
RPL36	RPL7A	9606.ENSP00000464342	9606.ENSP00000361076	0	0	0	0	0.979	0.997	0.720	0.639	0.999
RPL36	RPS4X	9606.ENSP00000464342	9606.ENSP00000362744	0	0	0	0	0.926	0.972	0	0.586	0.999
RPL36	SECISBP2	9606.ENSP00000464342	9606.ENSP00000364965	0	0	0	0	0.063	0.800	0	0	0.804
RPL36	RPS16	9606.ENSP00000464342	9606.ENSP00000367806	0	0	0	0	0.990	0.995	0	0.724	0.999
RPL36	RPS6	9606.ENSP00000464342	9606.ENSP00000369757	0	0	0	0	0.979	0.995	0	0.603	0.999
RPL36	RPS9	9606.ENSP00000464342	9606.ENSP00000375632	0	0	0	0	0.978	0.993	0	0.598	0.999
RPL36	RPS29	9606.ENSP00000464342	9606.ENSP00000379339	0	0	0	0	0.987	0.991	0.900	0.575	0.999
RPL36	RPS8	9606.ENSP00000464342	9606.ENSP00000379888	0	0	0	0	0.980	0.995	0	0.828	0.999
RPL36	RPS14	9606.ENSP00000464342	9606.ENSP00000385958	0	0	0	0	0.963	0.978	0	0.814	0.999
RPL36	UBA52	9606.ENSP00000464342	9606.ENSP00000388107	0	0	0	0	0.999	0.991	0	0.557	0.999
RPL36	RPSA	9606.ENSP00000464342	9606.ENSP00000389351	0	0	0	0	0.944	0.993	0	0.605	0.999
RPL36	RPL39L	9606.ENSP00000464342	9606.ENSP00000389356	0	0	0	0	0.832	0.842	0	0.418	0.983
RPL36	RPS18	9606.ENSP00000464342	9606.ENSP00000393241	0	0	0	0	0.991	0.993	0	0.709	0.999
RPL36	RPL6	9606.ENSP00000464342	9606.ENSP00000403172	0	0	0	0	0.978	0.994	0.900	0.604	0.999
RPL36	RPL36A	9606.ENSP00000464342	9606.ENSP00000404375	0	0	0	0	0.943	0.955	0.900	0.595	0.999
RPL36	RPS24	9606.ENSP00000464342	9606.ENSP00000414321	0	0	0	0	0.991	0.992	0	0.670	0.999
RPL36	RPL37A	9606.ENSP00000464342	9606.ENSP00000418082	0	0	0	0	0.990	0.995	0	0.649	0.999
RPL36	RPS20	9606.ENSP00000464342	9606.ENSP00000429374	0	0	0	0	0.981	0.993	0	0.592	0.999
RPL36	RPLP2	9606.ENSP00000464342	9606.ENSP00000431240	0	0	0	0	0.981	0.991	0	0.387	0.999
RPL36	RPS25	9606.ENSP00000464342	9606.ENSP00000435096	0	0	0	0	0.991	0.995	0	0.724	0.999
RPL36	RPS13	9606.ENSP00000464342	9606.ENSP00000435777	0	0	0	0	0.991	0.992	0	0.783	0.999
RPL36	RPL41	9606.ENSP00000464342	9606.ENSP00000449026	0	0	0	0	0.348	0.429	0.900	0.316	0.971
RPL36	RPLP0	9606.ENSP00000464342	9606.ENSP00000449328	0	0	0	0	0.968	0.995	0	0.491	0.999
RPL36	RPS4Y2	9606.ENSP00000464342	9606.ENSP00000486252	0	0	0	0	0.689	0.784	0	0.162	0.938
RPL36	RPS27	9606.ENSP00000464342	9606.ENSP00000499044	0	0	0	0	0.960	0.967	0	0.608	0.999
RPL36	RPS7	9606.ENSP00000464342	9606.ENSP00000495273	0	0	0	0	0.978	0.992	0	0.412	0.999
RPL36	RPS5	9606.ENSP00000464342	9606.ENSP00000472985	0	0	0	0	0.973	0.992	0	0.572	0.999
RPL36	RPS28	9606.ENSP00000464342	9606.ENSP00000472469	0	0	0	0	0.991	0.992	0.900	0.548	0.999
RPL36	RPS17	9606.ENSP00000464342	9606.ENSP00000498019	0	0	0	0	0.946	0.991	0	0.664	0.999
RPL36	RPS15	9606.ENSP00000464342	9606.ENSP00000466010	0	0	0	0	0.991	0.993	0	0.767	0.999
RPL36	RPS10	9606.ENSP00000464342	9606.ENSP00000481646	0	0	0	0	0.958	0.977	0	0.664	0.999
RPL36	RPL9	9606.ENSP00000464342	9606.ENSP00000494697	0	0	0	0	0.991	0.993	0	0.712	0.999
RPL36	RPS19	9606.ENSP00000464342	9606.ENSP00000470972	0	0	0	0	0.992	0.993	0	0.795	0.999
RPL36A	RPS12	9606.ENSP00000404375	9606.ENSP00000230050	0	0	0	0	0.855	0.955	0	0.160	0.994
RPL36A	RPS4Y1	9606.ENSP00000404375	9606.ENSP00000250784	0	0	0	0	0.593	0.897	0	0.423	0.973
RPL36A	RPL8	9606.ENSP00000404375	9606.ENSP00000262584	0	0	0	0	0.760	0.955	0.900	0.428	0.999
RPL36A	RPL3L	9606.ENSP00000404375	9606.ENSP00000268661	0	0	0	0	0.305	0.580	0	0.340	0.790
RPL36A	RPS11	9606.ENSP00000404375	9606.ENSP00000270625	0	0	0	0	0.847	0.962	0	0.893	0.999
RPL36A	RPS27A	9606.ENSP00000404375	9606.ENSP00000272317	0	0	0	0	0.978	0.955	0	0.322	0.999
RPL36A	RPL37	9606.ENSP00000404375	9606.ENSP00000274242	0	0	0	0	0.953	0.955	0	0.576	0.999
RPL36A	RPS3	9606.ENSP00000404375	9606.ENSP00000278572	0	0	0	0	0.835	0.955	0	0.526	0.996
RPL36A	RPS23	9606.ENSP00000404375	9606.ENSP00000296674	0	0	0	0	0.929	0.955	0.900	0.640	0.999
RPL36A	RPL38	9606.ENSP00000404375	9606.ENSP00000309830	0	0	0	0	0.859	0.955	0.900	0.589	0.999
RPL36A	RPL4	9606.ENSP00000404375	9606.ENSP00000311430	0	0	0	0	0.676	0.955	0	0.323	0.989
RPL36A	RPS15A	9606.ENSP00000404375	9606.ENSP00000318646	0	0	0	0	0.902	0.897	0	0.417	0.993
RPL36A	RPS27L	9606.ENSP00000404375	9606.ENSP00000331019	0	0	0	0	0.634	0.579	0	0.261	0.876
RPL36A	RPL7	9606.ENSP00000404375	9606.ENSP00000339795	0	0	0	0	0.707	0.951	0	0.418	0.991
RPL36A	RPS2	9606.ENSP00000404375	9606.ENSP00000341885	0	0	0	0	0.734	0.955	0	0.710	0.996
RPL36A	RPS21	9606.ENSP00000404375	9606.ENSP00000345957	0	0	0	0	0.946	0.955	0.900	0.506	0.999
RPL36A	RPL36AL	9606.ENSP00000404375	9606.ENSP00000346012	0	0	0.048	0.984	0.181	0.800	0.900	0.044	0.982
RPL36A	RPLP1	9606.ENSP00000404375	9606.ENSP00000346037	0	0	0	0	0.922	0.924	0	0.508	0.996
RPL36A	RPS3A	9606.ENSP00000404375	9606.ENSP00000346050	0.057	0	0	0	0.851	0.955	0	0.503	0.996
RPL36A	RPS26	9606.ENSP00000404375	9606.ENSP00000348849	0	0	0	0	0.901	0.955	0.900	0.424	0.999
RPL36A	RPL39	9606.ENSP00000404375	9606.ENSP00000355315	0	0	0	0	0.837	0.912	0.900	0.784	0.999
RPL36A	RPL5	9606.ENSP00000404375	9606.ENSP00000359345	0	0	0	0	0.777	0.955	0	0.574	0.995
RPL36A	RPL7A	9606.ENSP00000404375	9606.ENSP00000361076	0	0	0	0	0.730	0.955	0.720	0.918	0.999
RPL36A	RPS4X	9606.ENSP00000404375	9606.ENSP00000362744	0	0	0	0	0.719	0.897	0	0.628	0.988
RPL36A	SECISBP2	9606.ENSP00000404375	9606.ENSP00000364965	0	0	0	0	0.074	0.800	0	0	0.806
RPL36A	RPS16	9606.ENSP00000404375	9606.ENSP00000367806	0	0	0	0	0.846	0.955	0	0.339	0.995
RPL36A	RPS6	9606.ENSP00000404375	9606.ENSP00000369757	0	0	0	0	0.875	0.958	0	0.763	0.998
RPL36A	RPS9	9606.ENSP00000404375	9606.ENSP00000375632	0	0	0	0	0.751	0.955	0	0.649	0.995
RPL36A	RPS29	9606.ENSP00000404375	9606.ENSP00000379339	0	0	0	0	0.948	0.955	0.900	0.550	0.999
RPL36A	RPS8	9606.ENSP00000404375	9606.ENSP00000379888	0	0	0	0	0.934	0.955	0	0.470	0.998
RPL36A	RPS14	9606.ENSP00000404375	9606.ENSP00000385958	0	0	0	0	0.852	0.912	0	0.769	0.996
RPL36A	UBA52	9606.ENSP00000404375	9606.ENSP00000388107	0	0	0	0	0.880	0.955	0	0.492	0.997
RPL36A	RPSA	9606.ENSP00000404375	9606.ENSP00000389351	0	0	0	0	0.654	0.955	0	0.546	0.992
RPL36A	RPL39L	9606.ENSP00000404375	9606.ENSP00000389356	0	0	0	0	0.668	0.581	0	0.626	0.943
RPL36A	RPS18	9606.ENSP00000404375	9606.ENSP00000393241	0	0	0	0	0.865	0.955	0	0.665	0.997
RPL36A	RPL6	9606.ENSP00000404375	9606.ENSP00000403172	0	0	0	0	0.806	0.955	0.900	0.581	0.999
RPL36A	RPS4Y2	9606.ENSP00000404375	9606.ENSP00000486252	0	0	0	0	0.593	0.507	0	0.407	0.870
RPL36A	RPL41	9606.ENSP00000404375	9606.ENSP00000449026	0	0	0	0	0.518	0.287	0.900	0.273	0.971
RPL36A	RPS10	9606.ENSP00000404375	9606.ENSP00000481646	0	0	0	0	0.757	0.912	0	0.439	0.987
RPL36A	RPS27	9606.ENSP00000404375	9606.ENSP00000499044	0	0	0	0	0.756	0.912	0	0.489	0.988
RPL36A	RPS5	9606.ENSP00000404375	9606.ENSP00000472985	0	0	0	0	0.761	0.955	0	0.368	0.992
RPL36A	RPS7	9606.ENSP00000404375	9606.ENSP00000495273	0	0	0	0	0.847	0.954	0	0.293	0.994
RPL36A	RPS25	9606.ENSP00000404375	9606.ENSP00000435096	0	0	0	0	0.828	0.955	0	0.488	0.995
RPL36A	RPLP0	9606.ENSP00000404375	9606.ENSP00000449328	0	0.210	0	0	0.747	0.955	0	0.598	0.995
RPL36A	RPLP2	9606.ENSP00000404375	9606.ENSP00000431240	0	0	0	0	0.892	0.933	0	0.399	0.995
RPL36A	RPS19	9606.ENSP00000404375	9606.ENSP00000470972	0	0	0	0	0.839	0.955	0	0.567	0.996
RPL36A	RPS15	9606.ENSP00000404375	9606.ENSP00000466010	0	0	0	0	0.875	0.954	0	0.495	0.996
RPL36A	RPS13	9606.ENSP00000404375	9606.ENSP00000435777	0	0	0	0	0.861	0.955	0	0.419	0.996
RPL36A	RPL9	9606.ENSP00000404375	9606.ENSP00000494697	0	0	0	0	0.883	0.955	0	0.513	0.997
RPL36A	RPL37A	9606.ENSP00000404375	9606.ENSP00000418082	0	0	0	0	0.941	0.955	0	0.583	0.998
RPL36A	RPS24	9606.ENSP00000404375	9606.ENSP00000414321	0	0	0	0	0.952	0.955	0	0.583	0.999
RPL36A	RPS20	9606.ENSP00000404375	9606.ENSP00000429374	0	0	0	0	0.975	0.955	0	0.497	0.999
RPL36A	RPS17	9606.ENSP00000404375	9606.ENSP00000498019	0.043	0	0	0	0.835	0.955	0	0.883	0.999
RPL36A	RPS28	9606.ENSP00000404375	9606.ENSP00000472469	0	0	0	0	0.948	0.955	0.900	0.583	0.999
RPL36AL	RPS12	9606.ENSP00000346012	9606.ENSP00000230050	0	0	0	0	0.858	0.955	0	0.160	0.994
RPL36AL	RPS4Y1	9606.ENSP00000346012	9606.ENSP00000250784	0	0	0	0	0.593	0.897	0	0.504	0.977
RPL36AL	RPL8	9606.ENSP00000346012	9606.ENSP00000262584	0	0	0	0	0.841	0.959	0	0.458	0.996
RPL36AL	RPL3L	9606.ENSP00000346012	9606.ENSP00000268661	0	0	0	0	0.305	0.580	0	0.570	0.863
RPL36AL	RPS11	9606.ENSP00000346012	9606.ENSP00000270625	0	0	0	0	0.908	0.955	0	0.895	0.999
RPL36AL	RPS27A	9606.ENSP00000346012	9606.ENSP00000272317	0	0	0	0	0.881	0.959	0	0.219	0.995
RPL36AL	RPL37	9606.ENSP00000346012	9606.ENSP00000274242	0	0	0	0	0.818	0.955	0	0.578	0.996
RPL36AL	RPS3	9606.ENSP00000346012	9606.ENSP00000278572	0	0	0	0	0.849	0.959	0	0.546	0.997
RPL36AL	RPS23	9606.ENSP00000346012	9606.ENSP00000296674	0	0	0	0	0.814	0.955	0	0.638	0.996
RPL36AL	RPL38	9606.ENSP00000346012	9606.ENSP00000309830	0	0	0	0	0.880	0.955	0	0.564	0.997
RPL36AL	RPL4	9606.ENSP00000346012	9606.ENSP00000311430	0	0	0	0	0.682	0.958	0	0.340	0.990
RPL36AL	RPS15A	9606.ENSP00000346012	9606.ENSP00000318646	0	0	0	0	0.795	0.897	0	0.446	0.987
RPL36AL	RPS27L	9606.ENSP00000346012	9606.ENSP00000331019	0	0	0	0	0.635	0.579	0	0.387	0.897
RPL36AL	RPL7	9606.ENSP00000346012	9606.ENSP00000339795	0	0	0	0	0.776	0.960	0	0.474	0.995
RPL36AL	RPS2	9606.ENSP00000346012	9606.ENSP00000341885	0	0	0	0	0.750	0.955	0	0.710	0.996
RPL36AL	RPS21	9606.ENSP00000346012	9606.ENSP00000345957	0	0	0	0	0.864	0.955	0	0.484	0.996
RPL36AL	RPL41	9606.ENSP00000346012	9606.ENSP00000449026	0	0	0	0	0.321	0.287	0	0.306	0.635
RPL36AL	SECISBP2	9606.ENSP00000346012	9606.ENSP00000364965	0	0	0	0	0.087	0.800	0	0	0.809
RPL36AL	RPS4Y2	9606.ENSP00000346012	9606.ENSP00000486252	0	0	0	0	0.593	0.570	0	0.410	0.888
RPL36AL	RPL39L	9606.ENSP00000346012	9606.ENSP00000389356	0	0	0	0	0.659	0.581	0	0.675	0.949
RPL36AL	RPS4X	9606.ENSP00000346012	9606.ENSP00000362744	0	0	0	0	0.756	0.897	0	0.645	0.990
RPL36AL	RPSA	9606.ENSP00000346012	9606.ENSP00000389351	0	0	0	0	0.654	0.955	0	0.514	0.991
RPL36AL	RPS10	9606.ENSP00000346012	9606.ENSP00000481646	0	0	0	0	0.803	0.920	0	0.470	0.991
RPL36AL	RPLP2	9606.ENSP00000346012	9606.ENSP00000431240	0	0	0	0	0.837	0.933	0	0.439	0.993
RPL36AL	UBA52	9606.ENSP00000346012	9606.ENSP00000388107	0	0	0	0	0.794	0.955	0	0.462	0.994
RPL36AL	RPL39	9606.ENSP00000346012	9606.ENSP00000355315	0	0	0	0	0.729	0.912	0	0.778	0.994
RPL36AL	RPS8	9606.ENSP00000346012	9606.ENSP00000379888	0	0	0	0	0.813	0.959	0	0.494	0.995
RPL36AL	RPS5	9606.ENSP00000346012	9606.ENSP00000472985	0	0	0	0	0.850	0.955	0	0.360	0.995
RPL36AL	RPLP1	9606.ENSP00000346012	9606.ENSP00000346037	0	0	0	0	0.891	0.924	0	0.523	0.995
RPL36AL	RPS16	9606.ENSP00000346012	9606.ENSP00000367806	0	0	0	0	0.840	0.959	0	0.309	0.995
RPL36AL	RPL37A	9606.ENSP00000346012	9606.ENSP00000418082	0	0	0	0	0.822	0.963	0	0.565	0.996
RPL36AL	RPS7	9606.ENSP00000346012	9606.ENSP00000495273	0	0	0	0	0.850	0.968	0	0.272	0.996
RPL36AL	RPL6	9606.ENSP00000346012	9606.ENSP00000403172	0	0	0	0	0.805	0.955	0	0.605	0.996
RPL36AL	RPS13	9606.ENSP00000346012	9606.ENSP00000435777	0	0	0	0	0.877	0.960	0	0.415	0.996
RPL36AL	RPS14	9606.ENSP00000346012	9606.ENSP00000385958	0	0	0	0	0.815	0.926	0	0.777	0.996
RPL36AL	RPS9	9606.ENSP00000346012	9606.ENSP00000375632	0	0	0	0	0.778	0.955	0	0.631	0.996
RPL36AL	RPS26	9606.ENSP00000346012	9606.ENSP00000348849	0	0	0	0	0.870	0.955	0	0.470	0.996
RPL36AL	RPS20	9606.ENSP00000346012	9606.ENSP00000429374	0	0	0	0	0.882	0.955	0	0.492	0.997
RPL36AL	RPS28	9606.ENSP00000346012	9606.ENSP00000472469	0	0	0	0	0.863	0.955	0	0.554	0.997
RPL36AL	RPL9	9606.ENSP00000346012	9606.ENSP00000494697	0	0	0	0	0.885	0.955	0	0.541	0.997
RPL36AL	RPLP0	9606.ENSP00000346012	9606.ENSP00000449328	0	0.297	0	0	0.775	0.959	0	0.599	0.997
RPL36AL	RPS3A	9606.ENSP00000346012	9606.ENSP00000346050	0.057	0	0	0	0.885	0.955	0	0.531	0.997
RPL36AL	RPS29	9606.ENSP00000346012	9606.ENSP00000379339	0	0	0	0	0.876	0.955	0	0.573	0.997
RPL36AL	RPS27	9606.ENSP00000346012	9606.ENSP00000499044	0	0	0	0	0.901	0.951	0	0.463	0.997
RPL36AL	RPS25	9606.ENSP00000346012	9606.ENSP00000435096	0	0	0	0	0.916	0.955	0	0.510	0.998
RPL36AL	RPS6	9606.ENSP00000346012	9606.ENSP00000369757	0	0	0	0	0.876	0.959	0	0.761	0.998
RPL36AL	RPS15	9606.ENSP00000346012	9606.ENSP00000466010	0	0	0	0	0.884	0.977	0	0.508	0.998
RPL36AL	RPS17	9606.ENSP00000346012	9606.ENSP00000498019	0.043	0	0	0	0.807	0.955	0	0.879	0.998
RPL36AL	RPS19	9606.ENSP00000346012	9606.ENSP00000470972	0	0	0	0	0.915	0.958	0	0.583	0.998
RPL36AL	RPL5	9606.ENSP00000346012	9606.ENSP00000359345	0	0	0	0	0.874	0.961	0	0.726	0.998
RPL36AL	RPS18	9606.ENSP00000346012	9606.ENSP00000393241	0	0	0	0	0.923	0.955	0	0.701	0.998
RPL36AL	RPS24	9606.ENSP00000346012	9606.ENSP00000414321	0	0	0	0	0.905	0.955	0	0.603	0.998
RPL36AL	RPL7A	9606.ENSP00000346012	9606.ENSP00000361076	0	0	0	0	0.812	0.959	0	0.903	0.999
RPL37	RPS12	9606.ENSP00000274242	9606.ENSP00000230050	0	0	0	0	0.977	0.991	0	0.056	0.999
RPL37	RPS4Y1	9606.ENSP00000274242	9606.ENSP00000250784	0	0	0	0	0.756	0.955	0	0.172	0.990
RPL37	RPL8	9606.ENSP00000274242	9606.ENSP00000262584	0	0	0	0	0.929	0.991	0	0.554	0.999
RPL37	RPL3L	9606.ENSP00000274242	9606.ENSP00000268661	0	0	0	0	0.708	0.842	0	0.149	0.957
RPL37	RPS11	9606.ENSP00000274242	9606.ENSP00000270625	0	0	0	0	0.974	0.992	0	0.412	0.999
RPL37	RPS27A	9606.ENSP00000274242	9606.ENSP00000272317	0	0	0	0	0.990	0.991	0	0.368	0.999
RPL37	RPL41	9606.ENSP00000274242	9606.ENSP00000449026	0	0	0	0	0.216	0.319	0	0.474	0.694
RPL37	SECISBP2	9606.ENSP00000274242	9606.ENSP00000364965	0	0	0	0	0.072	0.800	0	0	0.806
RPL37	RPS4Y2	9606.ENSP00000274242	9606.ENSP00000486252	0	0	0	0	0.756	0.786	0	0.115	0.949
RPL37	RPL39L	9606.ENSP00000274242	9606.ENSP00000389356	0	0	0	0	0.833	0.842	0	0.404	0.982
RPL37	RPS27L	9606.ENSP00000274242	9606.ENSP00000331019	0	0	0	0	0.829	0.842	0	0.494	0.985
RPL37	RPS4X	9606.ENSP00000274242	9606.ENSP00000362744	0	0	0	0	0.830	0.955	0	0.400	0.995
RPL37	RPS10	9606.ENSP00000274242	9606.ENSP00000481646	0	0	0	0	0.900	0.967	0	0.405	0.997
RPL37	RPLP0	9606.ENSP00000274242	9606.ENSP00000449328	0	0	0	0	0.825	0.991	0	0.308	0.998
RPL37	RPL39	9606.ENSP00000274242	9606.ENSP00000355315	0	0	0	0	0.916	0.967	0	0.566	0.998
RPL37	RPS15A	9606.ENSP00000274242	9606.ENSP00000318646	0	0	0	0	0.947	0.963	0	0.355	0.998
RPL37	RPS29	9606.ENSP00000274242	9606.ENSP00000379339	0	0	0	0	0.999	0.991	0	0.599	0.999
RPL37	RPS26	9606.ENSP00000274242	9606.ENSP00000348849	0	0	0	0	0.990	0.991	0	0.621	0.999
RPL37	RPS27	9606.ENSP00000274242	9606.ENSP00000499044	0	0	0	0	0.929	0.967	0	0.626	0.999
RPL37	RPS3A	9606.ENSP00000274242	9606.ENSP00000346050	0	0	0	0	0.938	0.991	0	0.290	0.999
RPL37	RPS13	9606.ENSP00000274242	9606.ENSP00000435777	0	0	0	0	0.977	0.992	0	0.434	0.999
RPL37	RPS3	9606.ENSP00000274242	9606.ENSP00000278572	0	0	0	0	0.923	0.992	0	0.583	0.999
RPL37	RPS9	9606.ENSP00000274242	9606.ENSP00000375632	0	0	0	0	0.966	0.992	0	0.497	0.999
RPL37	RPS23	9606.ENSP00000274242	9606.ENSP00000296674	0	0	0	0	0.999	0.991	0	0.465	0.999
RPL37	RPL38	9606.ENSP00000274242	9606.ENSP00000309830	0	0	0	0	0.987	0.991	0	0.690	0.999
RPL37	RPLP2	9606.ENSP00000274242	9606.ENSP00000431240	0	0	0	0	0.990	0.949	0	0.430	0.999
RPL37	RPS14	9606.ENSP00000274242	9606.ENSP00000385958	0.052	0	0	0	0.961	0.969	0	0.672	0.999
RPL37	RPS18	9606.ENSP00000274242	9606.ENSP00000393241	0.042	0	0	0	0.976	0.991	0	0.600	0.999
RPL37	RPS16	9606.ENSP00000274242	9606.ENSP00000367806	0.042	0	0	0	0.958	0.991	0	0.458	0.999
RPL37	RPL5	9606.ENSP00000274242	9606.ENSP00000359345	0	0	0	0	0.939	0.991	0	0.600	0.999
RPL37	RPS19	9606.ENSP00000274242	9606.ENSP00000470972	0	0	0	0	0.979	0.991	0	0.562	0.999
RPL37	RPSA	9606.ENSP00000274242	9606.ENSP00000389351	0	0	0	0	0.873	0.991	0	0.330	0.999
RPL37	RPL7A	9606.ENSP00000274242	9606.ENSP00000361076	0	0	0	0	0.873	0.991	0	0.411	0.999
RPL37	RPL6	9606.ENSP00000274242	9606.ENSP00000403172	0.047	0	0	0	0.976	0.991	0	0.594	0.999
RPL37	RPS24	9606.ENSP00000274242	9606.ENSP00000414321	0	0	0	0	0.990	0.991	0	0.506	0.999
RPL37	RPL7	9606.ENSP00000274242	9606.ENSP00000339795	0	0	0	0	0.895	0.989	0	0.484	0.999
RPL37	RPS21	9606.ENSP00000274242	9606.ENSP00000345957	0	0	0	0	0.978	0.991	0	0.574	0.999
RPL37	RPL9	9606.ENSP00000274242	9606.ENSP00000494697	0	0	0	0	0.945	0.991	0	0.519	0.999
RPL37	RPL37A	9606.ENSP00000274242	9606.ENSP00000418082	0	0	0	0	0.999	0.991	0	0.641	0.999
RPL37	RPS8	9606.ENSP00000274242	9606.ENSP00000379888	0	0	0	0	0.982	0.991	0	0.438	0.999
RPL37	RPS15	9606.ENSP00000274242	9606.ENSP00000466010	0	0	0	0	0.975	0.993	0	0.718	0.999
RPL37	RPS2	9606.ENSP00000274242	9606.ENSP00000341885	0	0	0	0	0.931	0.991	0	0.556	0.999
RPL37	UBA52	9606.ENSP00000274242	9606.ENSP00000388107	0	0	0	0	0.923	0.992	0	0.495	0.999
RPL37	RPS6	9606.ENSP00000274242	9606.ENSP00000369757	0	0	0	0	0.964	0.991	0	0.500	0.999
RPL37	RPS25	9606.ENSP00000274242	9606.ENSP00000435096	0	0	0	0	0.973	0.991	0	0.571	0.999
RPL37	RPS20	9606.ENSP00000274242	9606.ENSP00000429374	0	0	0	0	0.992	0.991	0	0.657	0.999
RPL37	RPLP1	9606.ENSP00000274242	9606.ENSP00000346037	0	0	0	0	0.983	0.952	0	0.414	0.999
RPL37	RPL4	9606.ENSP00000274242	9606.ENSP00000311430	0.042	0	0	0	0.939	0.991	0	0.523	0.999
RPL37	RPS7	9606.ENSP00000274242	9606.ENSP00000495273	0	0	0	0	0.946	0.991	0	0.323	0.999
RPL37	RPS28	9606.ENSP00000274242	9606.ENSP00000472469	0	0	0	0	0.991	0.991	0	0.627	0.999
RPL37	RPS5	9606.ENSP00000274242	9606.ENSP00000472985	0	0	0	0	0.906	0.991	0	0.494	0.999
RPL37	RPS17	9606.ENSP00000274242	9606.ENSP00000498019	0	0	0	0	0.973	0.991	0	0.313	0.999
RPL37A	RPS12	9606.ENSP00000418082	9606.ENSP00000230050	0	0	0	0	0.974	0.995	0	0.217	0.999
RPL37A	RPS4Y1	9606.ENSP00000418082	9606.ENSP00000250784	0	0	0	0	0.776	0.954	0	0.313	0.992
RPL37A	RPL8	9606.ENSP00000418082	9606.ENSP00000262584	0	0	0	0	0.949	0.995	0	0.489	0.999
RPL37A	RPL3L	9606.ENSP00000418082	9606.ENSP00000268661	0	0	0	0	0.767	0.903	0	0.399	0.985
RPL37A	RPS11	9606.ENSP00000418082	9606.ENSP00000270625	0	0	0	0	0.981	0.994	0	0.705	0.999
RPL37A	RPS27A	9606.ENSP00000418082	9606.ENSP00000272317	0	0	0	0	0.980	0.992	0	0.499	0.999
RPL37A	RPS3	9606.ENSP00000418082	9606.ENSP00000278572	0	0	0	0	0.963	0.993	0	0.643	0.999
RPL37A	RPS23	9606.ENSP00000418082	9606.ENSP00000296674	0	0	0	0	0.991	0.994	0	0.296	0.999
RPL37A	RPL38	9606.ENSP00000418082	9606.ENSP00000309830	0	0	0	0	0.989	0.993	0	0.590	0.999
RPL37A	RPL4	9606.ENSP00000418082	9606.ENSP00000311430	0.086	0	0	0	0.944	0.996	0	0.406	0.999
RPL37A	RPS15A	9606.ENSP00000418082	9606.ENSP00000318646	0	0	0	0	0.861	0.974	0	0.245	0.997
RPL37A	RPS27L	9606.ENSP00000418082	9606.ENSP00000331019	0	0	0	0	0.831	0.895	0	0.392	0.988
RPL37A	RPL7	9606.ENSP00000418082	9606.ENSP00000339795	0	0	0	0	0.912	0.993	0	0.314	0.999
RPL37A	RPS2	9606.ENSP00000418082	9606.ENSP00000341885	0	0	0	0	0.938	0.993	0	0.696	0.999
RPL37A	RPS21	9606.ENSP00000418082	9606.ENSP00000345957	0	0	0	0	0.978	0.992	0	0.554	0.999
RPL37A	RPLP1	9606.ENSP00000418082	9606.ENSP00000346037	0	0	0	0	0.999	0.988	0	0.431	0.999
RPL37A	RPS3A	9606.ENSP00000418082	9606.ENSP00000346050	0	0	0	0	0.980	0.995	0	0.577	0.999
RPL37A	RPS26	9606.ENSP00000418082	9606.ENSP00000348849	0	0	0	0	0.986	0.994	0	0.631	0.999
RPL37A	RPL39	9606.ENSP00000418082	9606.ENSP00000355315	0	0	0	0	0.897	0.972	0	0.490	0.998
RPL37A	RPL5	9606.ENSP00000418082	9606.ENSP00000359345	0	0	0	0	0.944	0.995	0	0.506	0.999
RPL37A	RPL7A	9606.ENSP00000418082	9606.ENSP00000361076	0	0	0	0	0.931	0.996	0	0.708	0.999
RPL37A	RPS4X	9606.ENSP00000418082	9606.ENSP00000362744	0	0	0	0	0.889	0.973	0	0.802	0.999
RPL37A	SECISBP2	9606.ENSP00000418082	9606.ENSP00000364965	0	0	0	0	0.043	0.809	0	0	0.809
RPL37A	RPS16	9606.ENSP00000418082	9606.ENSP00000367806	0.086	0	0	0	0.982	0.995	0	0.583	0.999
RPL37A	RPS6	9606.ENSP00000418082	9606.ENSP00000369757	0	0	0	0	0.963	0.995	0	0.425	0.999
RPL37A	RPS9	9606.ENSP00000418082	9606.ENSP00000375632	0	0	0	0	0.969	0.993	0	0.233	0.999
RPL37A	RPS29	9606.ENSP00000418082	9606.ENSP00000379339	0	0	0	0	0.990	0.991	0	0.410	0.999
RPL37A	RPS8	9606.ENSP00000418082	9606.ENSP00000379888	0	0	0	0	0.999	0.995	0	0.286	0.999
RPL37A	RPS14	9606.ENSP00000418082	9606.ENSP00000385958	0	0	0	0	0.964	0.987	0	0.312	0.999
RPL37A	UBA52	9606.ENSP00000418082	9606.ENSP00000388107	0	0	0	0	0.914	0.991	0	0.379	0.999
RPL37A	RPSA	9606.ENSP00000418082	9606.ENSP00000389351	0	0	0	0	0.949	0.994	0	0.377	0.999
RPL37A	RPL39L	9606.ENSP00000418082	9606.ENSP00000389356	0	0	0	0	0.832	0.841	0	0.187	0.976
RPL37A	RPS18	9606.ENSP00000418082	9606.ENSP00000393241	0	0	0	0	0.981	0.993	0	0.686	0.999
RPL37A	RPL6	9606.ENSP00000418082	9606.ENSP00000403172	0	0	0	0	0.980	0.995	0	0.384	0.999
RPL37A	RPS24	9606.ENSP00000418082	9606.ENSP00000414321	0	0	0	0	0.986	0.993	0	0.560	0.999
RPL37A	RPL41	9606.ENSP00000418082	9606.ENSP00000449026	0	0	0	0	0.381	0.429	0	0.356	0.752
RPL37A	RPS4Y2	9606.ENSP00000418082	9606.ENSP00000486252	0	0	0	0	0.776	0.784	0	0.313	0.963
RPL37A	RPS10	9606.ENSP00000418082	9606.ENSP00000481646	0	0	0	0	0.897	0.978	0	0.434	0.998
RPL37A	RPL9	9606.ENSP00000418082	9606.ENSP00000494697	0	0	0	0	0.979	0.993	0	0.539	0.999
RPL37A	RPS19	9606.ENSP00000418082	9606.ENSP00000470972	0	0	0	0	0.994	0.993	0	0.516	0.999
RPL37A	RPS17	9606.ENSP00000418082	9606.ENSP00000498019	0	0	0	0	0.974	0.992	0	0.617	0.999
RPL37A	RPS7	9606.ENSP00000418082	9606.ENSP00000495273	0	0	0	0	0.948	0.993	0	0.086	0.999
RPL37A	RPS5	9606.ENSP00000418082	9606.ENSP00000472985	0	0	0	0	0.932	0.993	0	0.437	0.999
RPL37A	RPS28	9606.ENSP00000418082	9606.ENSP00000472469	0	0	0	0	0.984	0.992	0	0.557	0.999
RPL37A	RPS25	9606.ENSP00000418082	9606.ENSP00000435096	0	0	0	0	0.978	0.995	0	0.640	0.999
RPL37A	RPS20	9606.ENSP00000418082	9606.ENSP00000429374	0	0	0	0	0.991	0.994	0	0.541	0.999
RPL37A	RPS15	9606.ENSP00000418082	9606.ENSP00000466010	0	0	0	0	0.975	0.992	0	0.449	0.999
RPL37A	RPS27	9606.ENSP00000418082	9606.ENSP00000499044	0	0	0	0	0.956	0.967	0	0.362	0.999
RPL37A	RPLP2	9606.ENSP00000418082	9606.ENSP00000431240	0	0	0	0	0.991	0.990	0	0.420	0.999
RPL37A	RPLP0	9606.ENSP00000418082	9606.ENSP00000449328	0	0	0	0	0.911	0.994	0	0.469	0.999
RPL37A	RPS13	9606.ENSP00000418082	9606.ENSP00000435777	0	0	0	0	0.980	0.993	0	0.491	0.999
RPL38	RPS12	9606.ENSP00000309830	9606.ENSP00000230050	0	0	0	0	0.987	0.995	0	0.099	0.999
RPL38	RPS4Y1	9606.ENSP00000309830	9606.ENSP00000250784	0	0	0	0	0.670	0.955	0	0.200	0.987
RPL38	RPL8	9606.ENSP00000309830	9606.ENSP00000262584	0	0	0	0	0.968	0.994	0.900	0.645	0.999
RPL38	RPL3L	9606.ENSP00000309830	9606.ENSP00000268661	0	0	0	0	0.689	0.840	0	0.509	0.973
RPL38	RPS11	9606.ENSP00000309830	9606.ENSP00000270625	0	0	0	0	0.983	0.993	0	0.688	0.999
RPL38	RPS27A	9606.ENSP00000309830	9606.ENSP00000272317	0	0	0	0	0.978	0.991	0	0.458	0.999
RPL38	RPS3	9606.ENSP00000309830	9606.ENSP00000278572	0	0	0	0	0.968	0.993	0	0.676	0.999
RPL38	RPS23	9606.ENSP00000309830	9606.ENSP00000296674	0	0	0	0	0.980	0.993	0.900	0.354	0.999
RPL38	SECISBP2	9606.ENSP00000309830	9606.ENSP00000364965	0	0	0	0	0.062	0.800	0	0	0.804
RPL38	RPS4Y2	9606.ENSP00000309830	9606.ENSP00000486252	0	0	0	0	0.670	0.785	0	0.164	0.935
RPL38	RPL41	9606.ENSP00000309830	9606.ENSP00000449026	0	0	0	0	0.522	0.507	0.900	0.370	0.983
RPL38	RPL39L	9606.ENSP00000309830	9606.ENSP00000389356	0	0	0	0	0.834	0.842	0	0.513	0.986
RPL38	RPS27L	9606.ENSP00000309830	9606.ENSP00000331019	0	0	0	0	0.838	0.841	0	0.671	0.990
RPL38	RPS4X	9606.ENSP00000309830	9606.ENSP00000362744	0	0	0	0	0.919	0.967	0	0.334	0.998
RPL38	RPL7	9606.ENSP00000309830	9606.ENSP00000339795	0	0	0	0	0.951	0.992	0	0.487	0.999
RPL38	RPS21	9606.ENSP00000309830	9606.ENSP00000345957	0	0	0	0	0.978	0.991	0.900	0.707	0.999
RPL38	RPL9	9606.ENSP00000309830	9606.ENSP00000494697	0	0	0	0	0.966	0.992	0	0.673	0.999
RPL38	RPS24	9606.ENSP00000309830	9606.ENSP00000414321	0	0	0	0	0.990	0.991	0	0.767	0.999
RPL38	RPS10	9606.ENSP00000309830	9606.ENSP00000481646	0	0	0	0	0.958	0.979	0	0.612	0.999
RPL38	RPL7A	9606.ENSP00000309830	9606.ENSP00000361076	0	0	0	0	0.956	0.995	0.720	0.354	0.999
RPL38	RPL6	9606.ENSP00000309830	9606.ENSP00000403172	0	0	0	0	0.953	0.993	0.900	0.624	0.999
RPL38	RPSA	9606.ENSP00000309830	9606.ENSP00000389351	0	0	0	0	0.935	0.993	0	0.306	0.999
RPL38	RPS19	9606.ENSP00000309830	9606.ENSP00000470972	0	0	0	0	0.991	0.995	0	0.666	0.999
RPL38	RPS18	9606.ENSP00000309830	9606.ENSP00000393241	0	0	0	0	0.991	0.993	0	0.588	0.999
RPL38	RPS16	9606.ENSP00000309830	9606.ENSP00000367806	0	0	0	0	0.982	0.994	0	0.605	0.999
RPL38	RPL5	9606.ENSP00000309830	9606.ENSP00000359345	0	0	0	0	0.981	0.994	0	0.670	0.999
RPL38	RPS17	9606.ENSP00000309830	9606.ENSP00000498019	0	0	0	0	0.953	0.991	0	0.407	0.999
RPL38	RPS28	9606.ENSP00000309830	9606.ENSP00000472469	0	0	0	0	0.980	0.992	0.900	0.667	0.999
RPL38	RPS5	9606.ENSP00000309830	9606.ENSP00000472985	0	0	0	0	0.977	0.991	0	0.444	0.999
RPL38	RPLP1	9606.ENSP00000309830	9606.ENSP00000346037	0	0	0	0	0.977	0.992	0	0.552	0.999
RPL38	RPL4	9606.ENSP00000309830	9606.ENSP00000311430	0	0	0	0	0.894	0.994	0	0.464	0.999
RPL38	RPS7	9606.ENSP00000309830	9606.ENSP00000495273	0	0	0	0	0.981	0.993	0	0.401	0.999
RPL38	RPS20	9606.ENSP00000309830	9606.ENSP00000429374	0	0	0	0	0.977	0.993	0	0.647	0.999
RPL38	RPS25	9606.ENSP00000309830	9606.ENSP00000435096	0	0	0	0	0.991	0.995	0	0.825	0.999
RPL38	UBA52	9606.ENSP00000309830	9606.ENSP00000388107	0	0	0	0	0.948	0.991	0	0.709	0.999
RPL38	RPS6	9606.ENSP00000309830	9606.ENSP00000369757	0	0	0	0	0.991	0.995	0	0.577	0.999
RPL38	RPS8	9606.ENSP00000309830	9606.ENSP00000379888	0	0	0	0	0.978	0.993	0	0.623	0.999
RPL38	RPS15	9606.ENSP00000309830	9606.ENSP00000466010	0	0	0	0	0.979	0.991	0	0.583	0.999
RPL38	RPS2	9606.ENSP00000309830	9606.ENSP00000341885	0	0	0	0	0.887	0.994	0	0.647	0.999
RPL38	RPS27	9606.ENSP00000309830	9606.ENSP00000499044	0	0	0	0	0.959	0.980	0	0.752	0.999
RPL38	RPS26	9606.ENSP00000309830	9606.ENSP00000348849	0	0	0	0	0.990	0.993	0.900	0.649	0.999
RPL38	RPS29	9606.ENSP00000309830	9606.ENSP00000379339	0	0	0	0	0.991	0.991	0.900	0.680	0.999
RPL38	RPS15A	9606.ENSP00000309830	9606.ENSP00000318646	0	0	0	0	0.939	0.972	0	0.504	0.999
RPL38	RPS14	9606.ENSP00000309830	9606.ENSP00000385958	0	0	0	0	0.960	0.979	0	0.720	0.999
RPL38	RPLP2	9606.ENSP00000309830	9606.ENSP00000431240	0	0	0	0	0.980	0.991	0	0.557	0.999
RPL38	RPL39	9606.ENSP00000309830	9606.ENSP00000355315	0	0	0	0	0.911	0.967	0.900	0.716	0.999
RPL38	RPS9	9606.ENSP00000309830	9606.ENSP00000375632	0	0	0	0	0.945	0.993	0	0.438	0.999
RPL38	RPLP0	9606.ENSP00000309830	9606.ENSP00000449328	0	0	0	0	0.909	0.992	0	0.411	0.999
RPL38	RPS3A	9606.ENSP00000309830	9606.ENSP00000346050	0	0	0	0	0.985	0.993	0	0.379	0.999
RPL38	RPS13	9606.ENSP00000309830	9606.ENSP00000435777	0	0	0	0	0.990	0.994	0	0.572	0.999
RPL39	RPS12	9606.ENSP00000355315	9606.ENSP00000230050	0.057	0	0	0	0.999	0.967	0	0.118	0.999
RPL39	RPS4Y1	9606.ENSP00000355315	9606.ENSP00000250784	0	0	0	0	0.621	0.912	0	0.443	0.979
RPL39	RPL8	9606.ENSP00000355315	9606.ENSP00000262584	0	0	0	0	0.801	0.967	0.900	0.499	0.999
RPL39	RPL3L	9606.ENSP00000355315	9606.ENSP00000268661	0	0	0	0	0.401	0.848	0	0.316	0.932
RPL39	RPS11	9606.ENSP00000355315	9606.ENSP00000270625	0	0	0	0	0.958	0.967	0	0.446	0.999
RPL39	RPS27A	9606.ENSP00000355315	9606.ENSP00000272317	0	0	0	0	0.957	0.967	0	0.319	0.998
RPL39	RPS3	9606.ENSP00000355315	9606.ENSP00000278572	0	0	0	0	0.889	0.967	0	0.522	0.998
RPL39	RPS23	9606.ENSP00000355315	9606.ENSP00000296674	0	0	0	0	0.963	0.967	0.900	0.706	0.999
RPL39	RPL4	9606.ENSP00000355315	9606.ENSP00000311430	0.061	0	0	0	0.821	0.967	0	0.590	0.997
RPL39	RPS15A	9606.ENSP00000355315	9606.ENSP00000318646	0	0	0	0	0.999	0.912	0	0.416	0.999
RPL39	RPS27L	9606.ENSP00000355315	9606.ENSP00000331019	0	0	0	0	0.703	0.749	0	0.403	0.951
RPL39	RPL7	9606.ENSP00000355315	9606.ENSP00000339795	0	0	0	0	0.827	0.965	0	0.513	0.996
RPL39	RPS2	9606.ENSP00000355315	9606.ENSP00000341885	0	0	0	0	0.774	0.967	0	0.666	0.997
RPL39	RPS21	9606.ENSP00000355315	9606.ENSP00000345957	0	0	0	0	0.959	0.967	0.900	0.596	0.999
RPL39	RPLP1	9606.ENSP00000355315	9606.ENSP00000346037	0	0	0	0	0.897	0.955	0	0.491	0.997
RPL39	RPS3A	9606.ENSP00000355315	9606.ENSP00000346050	0	0	0	0	0.961	0.973	0	0.452	0.999
RPL39	RPS26	9606.ENSP00000355315	9606.ENSP00000348849	0.103	0	0	0	0.901	0.967	0.900	0.348	0.999
RPL39	RPL39L	9606.ENSP00000355315	9606.ENSP00000389356	0	0	0.053	0.974	0.081	0	0.500	0.065	0.539
RPL39	SECISBP2	9606.ENSP00000355315	9606.ENSP00000364965	0	0	0	0	0.049	0.800	0	0.114	0.816
RPL39	RPS4Y2	9606.ENSP00000355315	9606.ENSP00000486252	0	0	0	0	0.619	0.580	0	0.411	0.897
RPL39	RPL41	9606.ENSP00000355315	9606.ENSP00000449026	0	0	0	0	0.787	0.429	0.900	0.570	0.994
RPL39	RPS7	9606.ENSP00000355315	9606.ENSP00000495273	0	0	0	0	0.831	0.967	0	0.163	0.994
RPL39	UBA52	9606.ENSP00000355315	9606.ENSP00000388107	0	0	0	0	0.785	0.967	0	0.471	0.995
RPL39	RPS14	9606.ENSP00000355315	9606.ENSP00000385958	0.060	0	0	0	0.877	0.947	0	0.462	0.996
RPL39	RPLP2	9606.ENSP00000355315	9606.ENSP00000431240	0	0	0	0	0.897	0.957	0	0.346	0.996
RPL39	RPS4X	9606.ENSP00000355315	9606.ENSP00000362744	0	0	0	0	0.908	0.925	0	0.544	0.996
RPL39	RPS27	9606.ENSP00000355315	9606.ENSP00000499044	0	0	0	0	0.921	0.947	0	0.521	0.997
RPL39	RPLP0	9606.ENSP00000355315	9606.ENSP00000449328	0	0	0	0	0.795	0.966	0	0.661	0.997
RPL39	RPSA	9606.ENSP00000355315	9606.ENSP00000389351	0.059	0	0	0	0.836	0.967	0	0.492	0.997
RPL39	RPL7A	9606.ENSP00000355315	9606.ENSP00000361076	0.057	0	0	0	0.749	0.967	0.720	0.314	0.998
RPL39	RPL5	9606.ENSP00000355315	9606.ENSP00000359345	0	0	0	0	0.895	0.971	0	0.544	0.998
RPL39	RPS19	9606.ENSP00000355315	9606.ENSP00000470972	0	0	0	0	0.896	0.967	0	0.506	0.998
RPL39	RPS5	9606.ENSP00000355315	9606.ENSP00000472985	0	0	0	0	0.954	0.967	0	0.355	0.998
RPL39	RPS17	9606.ENSP00000355315	9606.ENSP00000498019	0	0	0	0	0.945	0.967	0	0.314	0.998
RPL39	RPS15	9606.ENSP00000355315	9606.ENSP00000466010	0	0	0	0	0.936	0.971	0	0.456	0.998
RPL39	RPS8	9606.ENSP00000355315	9606.ENSP00000379888	0	0	0	0	0.932	0.967	0	0.410	0.998
RPL39	RPS6	9606.ENSP00000355315	9606.ENSP00000369757	0	0	0	0	0.912	0.969	0	0.351	0.998
RPL39	RPS29	9606.ENSP00000355315	9606.ENSP00000379339	0	0	0	0	0.961	0.967	0.900	0.604	0.999
RPL39	RPS9	9606.ENSP00000355315	9606.ENSP00000375632	0.078	0	0	0	0.899	0.973	0	0.687	0.999
RPL39	RPS13	9606.ENSP00000355315	9606.ENSP00000435777	0.057	0	0	0	0.959	0.967	0.140	0.643	0.999
RPL39	RPL6	9606.ENSP00000355315	9606.ENSP00000403172	0	0	0	0	0.935	0.967	0.900	0.511	0.999
RPL39	RPS10	9606.ENSP00000355315	9606.ENSP00000481646	0	0	0	0	0.999	0.947	0	0.392	0.999
RPL39	RPS24	9606.ENSP00000355315	9606.ENSP00000414321	0	0	0	0	0.958	0.967	0	0.595	0.999
RPL39	RPL9	9606.ENSP00000355315	9606.ENSP00000494697	0	0	0	0	0.961	0.972	0	0.588	0.999
RPL39	RPS16	9606.ENSP00000355315	9606.ENSP00000367806	0.061	0	0	0	0.999	0.971	0	0.428	0.999
RPL39	RPS18	9606.ENSP00000355315	9606.ENSP00000393241	0.092	0	0	0	0.960	0.971	0	0.285	0.999
RPL39	RPS28	9606.ENSP00000355315	9606.ENSP00000472469	0.060	0	0	0	0.913	0.967	0.900	0.614	0.999
RPL39	RPS25	9606.ENSP00000355315	9606.ENSP00000435096	0	0	0	0	0.957	0.967	0	0.540	0.999
RPL39	RPS20	9606.ENSP00000355315	9606.ENSP00000429374	0.042	0	0	0	0.964	0.967	0	0.587	0.999
RPL39L	RPS12	9606.ENSP00000389356	9606.ENSP00000230050	0.057	0	0	0	0.821	0.842	0	0.052	0.971
RPL39L	RPS4Y1	9606.ENSP00000389356	9606.ENSP00000250784	0	0	0	0	0.619	0.580	0	0.470	0.907
RPL39L	RPL8	9606.ENSP00000389356	9606.ENSP00000262584	0	0	0	0	0.674	0.842	0	0.371	0.964
RPL39L	RPL3L	9606.ENSP00000389356	9606.ENSP00000268661	0	0	0	0	0.401	0.749	0	0.627	0.939
RPL39L	RPS11	9606.ENSP00000389356	9606.ENSP00000270625	0	0	0	0	0.830	0.842	0	0.362	0.981
RPL39L	RPS27A	9606.ENSP00000389356	9606.ENSP00000272317	0	0	0	0	0.829	0.842	0	0.163	0.975
RPL39L	RPS3	9606.ENSP00000389356	9606.ENSP00000278572	0	0	0	0	0.725	0.842	0	0.428	0.972
RPL39L	RPS23	9606.ENSP00000389356	9606.ENSP00000296674	0	0	0	0	0.832	0.842	0	0.396	0.982
RPL39L	RPL4	9606.ENSP00000389356	9606.ENSP00000311430	0.061	0	0	0	0.679	0.842	0	0.432	0.969
RPL39L	RPS15A	9606.ENSP00000389356	9606.ENSP00000318646	0	0	0	0	0.600	0.581	0	0.256	0.864
RPL39L	RPS27L	9606.ENSP00000389356	9606.ENSP00000331019	0	0	0	0	0.658	0.749	0	0.404	0.944
RPL39L	RPL7	9606.ENSP00000389356	9606.ENSP00000339795	0	0	0	0	0.648	0.833	0	0.214	0.949
RPL39L	RPS2	9606.ENSP00000389356	9606.ENSP00000341885	0	0	0	0	0.602	0.842	0	0.433	0.961
RPL39L	RPS21	9606.ENSP00000389356	9606.ENSP00000345957	0	0	0	0	0.837	0.842	0	0.324	0.981
RPL39L	RPLP1	9606.ENSP00000389356	9606.ENSP00000346037	0	0	0	0	0.832	0.787	0	0.312	0.973
RPL39L	RPS3A	9606.ENSP00000389356	9606.ENSP00000346050	0	0	0	0	0.832	0.841	0	0.275	0.978
RPL39L	RPS26	9606.ENSP00000389356	9606.ENSP00000348849	0.103	0	0	0	0.828	0.842	0	0.261	0.979
RPL39L	RPL5	9606.ENSP00000389356	9606.ENSP00000359345	0	0	0	0	0.826	0.841	0	0.395	0.981
RPL39L	RPL7A	9606.ENSP00000389356	9606.ENSP00000361076	0.057	0	0	0	0.692	0.842	0	0.249	0.960
RPL39L	RPS4X	9606.ENSP00000389356	9606.ENSP00000362744	0	0	0	0	0.619	0.580	0	0.598	0.930
RPL39L	RPS16	9606.ENSP00000389356	9606.ENSP00000367806	0.061	0	0	0	0.830	0.841	0	0.271	0.979
RPL39L	RPS6	9606.ENSP00000389356	9606.ENSP00000369757	0	0	0	0	0.633	0.841	0	0.285	0.954
RPL39L	RPS9	9606.ENSP00000389356	9606.ENSP00000375632	0.078	0	0	0	0.824	0.841	0	0.340	0.980
RPL39L	RPS29	9606.ENSP00000389356	9606.ENSP00000379339	0	0	0	0	0.835	0.842	0	0.452	0.984
RPL39L	RPS8	9606.ENSP00000389356	9606.ENSP00000379888	0	0	0	0	0.826	0.842	0	0.374	0.981
RPL39L	RPS14	9606.ENSP00000389356	9606.ENSP00000385958	0.060	0	0	0	0.698	0.749	0	0.338	0.946
RPL39L	UBA52	9606.ENSP00000389356	9606.ENSP00000388107	0	0	0	0	0.692	0.842	0	0.342	0.965
RPL39L	RPSA	9606.ENSP00000389356	9606.ENSP00000389351	0.059	0	0	0	0.690	0.842	0	0.392	0.968
RPL39L	RPL41	9606.ENSP00000389356	9606.ENSP00000449026	0	0	0	0	0.565	0.429	0	0	0.741
RPL39L	RPS10	9606.ENSP00000389356	9606.ENSP00000481646	0	0	0	0	0.413	0.749	0	0.286	0.885
RPL39L	RPS4Y2	9606.ENSP00000389356	9606.ENSP00000486252	0	0	0	0	0.619	0.580	0	0.647	0.938
RPL39L	RPS27	9606.ENSP00000389356	9606.ENSP00000499044	0	0	0	0	0.662	0.749	0	0.407	0.945
RPL39L	RPLP0	9606.ENSP00000389356	9606.ENSP00000449328	0	0	0	0	0.612	0.841	0	0.360	0.957
RPL39L	RPS7	9606.ENSP00000389356	9606.ENSP00000495273	0	0	0	0	0.698	0.842	0	0.223	0.959
RPL39L	RPS17	9606.ENSP00000389356	9606.ENSP00000498019	0	0	0	0	0.763	0.842	0	0.104	0.963
RPL39L	RPLP2	9606.ENSP00000389356	9606.ENSP00000431240	0	0	0	0	0.827	0.797	0	0.186	0.968
RPL39L	RPL6	9606.ENSP00000389356	9606.ENSP00000403172	0	0	0	0	0.735	0.842	0	0.402	0.972
RPL39L	RPS18	9606.ENSP00000389356	9606.ENSP00000393241	0.092	0	0	0	0.834	0.841	0	0.205	0.978
RPL39L	RPS5	9606.ENSP00000389356	9606.ENSP00000472985	0	0	0	0	0.821	0.842	0	0.321	0.979
RPL39L	RPS15	9606.ENSP00000389356	9606.ENSP00000466010	0	0	0	0	0.832	0.841	0	0.279	0.979
RPL39L	RPL9	9606.ENSP00000389356	9606.ENSP00000494697	0	0	0	0	0.829	0.841	0	0.374	0.981
RPL39L	RPS28	9606.ENSP00000389356	9606.ENSP00000472469	0.060	0	0	0	0.827	0.842	0	0.350	0.981
RPL39L	RPS13	9606.ENSP00000389356	9606.ENSP00000435777	0.057	0	0	0	0.826	0.842	0.140	0.283	0.981
RPL39L	RPS24	9606.ENSP00000389356	9606.ENSP00000414321	0	0	0	0	0.832	0.842	0	0.392	0.982
RPL39L	RPS20	9606.ENSP00000389356	9606.ENSP00000429374	0.042	0	0	0	0.832	0.842	0	0.389	0.982
RPL39L	RPS25	9606.ENSP00000389356	9606.ENSP00000435096	0	0	0	0	0.827	0.842	0	0.419	0.982
RPL39L	RPS19	9606.ENSP00000389356	9606.ENSP00000470972	0	0	0	0	0.832	0.842	0	0.421	0.983
RPL3L	RPS12	9606.ENSP00000268661	9606.ENSP00000230050	0.061	0	0	0	0.829	0.841	0	0.237	0.977
RPL3L	RPS4Y1	9606.ENSP00000268661	9606.ENSP00000250784	0.091	0	0	0	0.616	0.579	0	0.302	0.883
RPL3L	RPL8	9606.ENSP00000268661	9606.ENSP00000262584	0.091	0	0	0	0.830	0.903	0	0.488	0.991
RPL3L	RPL41	9606.ENSP00000268661	9606.ENSP00000449026	0	0	0	0	0	0.429	0	0.074	0.449
RPL3L	RPS15A	9606.ENSP00000268661	9606.ENSP00000318646	0.058	0	0	0	0.591	0.579	0	0.187	0.850
RPL3L	RPS27	9606.ENSP00000268661	9606.ENSP00000499044	0	0	0	0	0.394	0.748	0	0.328	0.888
RPL3L	RPS4X	9606.ENSP00000268661	9606.ENSP00000362744	0.091	0	0	0	0.616	0.579	0	0.340	0.890
RPL3L	RPS27L	9606.ENSP00000268661	9606.ENSP00000331019	0	0	0	0	0.394	0.748	0	0.441	0.907
RPL3L	RPS4Y2	9606.ENSP00000268661	9606.ENSP00000486252	0.091	0	0	0	0.616	0.579	0	0.463	0.910
RPL3L	RPS10	9606.ENSP00000268661	9606.ENSP00000481646	0	0	0	0	0.592	0.748	0	0.294	0.921
RPL3L	RPS14	9606.ENSP00000268661	9606.ENSP00000385958	0.091	0	0	0	0.681	0.748	0	0.316	0.943
RPL3L	UBA52	9606.ENSP00000268661	9606.ENSP00000388107	0	0	0	0	0.593	0.842	0	0.336	0.953
RPL3L	RPL7	9606.ENSP00000268661	9606.ENSP00000339795	0.079	0	0	0	0.689	0.823	0	0.327	0.961
RPL3L	RPS29	9606.ENSP00000268661	9606.ENSP00000379339	0.091	0	0	0	0.692	0.842	0	0.346	0.967
RPL3L	RPLP1	9606.ENSP00000268661	9606.ENSP00000346037	0	0	0	0	0.826	0.748	0	0.370	0.970
RPL3L	RPS28	9606.ENSP00000268661	9606.ENSP00000472469	0	0	0	0	0.742	0.842	0	0.332	0.970
RPL3L	RPS21	9606.ENSP00000268661	9606.ENSP00000345957	0	0	0	0	0.689	0.842	0	0.461	0.971
RPL3L	RPLP2	9606.ENSP00000268661	9606.ENSP00000431240	0	0	0	0	0.825	0.760	0	0.386	0.971
RPL3L	RPS27A	9606.ENSP00000268661	9606.ENSP00000272317	0	0	0	0	0.820	0.842	0	0.142	0.973
RPL3L	RPS7	9606.ENSP00000268661	9606.ENSP00000495273	0	0	0	0	0.818	0.841	0	0.215	0.975
RPL3L	RPS13	9606.ENSP00000268661	9606.ENSP00000435777	0	0	0	0	0.826	0.840	0	0.204	0.975
RPL3L	RPS16	9606.ENSP00000268661	9606.ENSP00000367806	0.091	0	0	0	0.691	0.903	0	0.318	0.979
RPL3L	RPS17	9606.ENSP00000268661	9606.ENSP00000498019	0	0	0	0	0.760	0.842	0	0.491	0.979
RPL3L	RPS3A	9606.ENSP00000268661	9606.ENSP00000346050	0	0	0	0	0.830	0.840	0	0.315	0.979
RPL3L	RPSA	9606.ENSP00000268661	9606.ENSP00000389351	0.053	0	0	0	0.830	0.840	0	0.327	0.980
RPL3L	RPS5	9606.ENSP00000268661	9606.ENSP00000472985	0.091	0	0	0	0.830	0.841	0	0.315	0.980
RPL3L	RPS11	9606.ENSP00000268661	9606.ENSP00000270625	0.115	0	0	0	0.806	0.841	0	0.359	0.980
RPL3L	RPS25	9606.ENSP00000268661	9606.ENSP00000435096	0	0	0	0	0.778	0.904	0	0.208	0.981
RPL3L	RPLP0	9606.ENSP00000268661	9606.ENSP00000449328	0.102	0	0	0	0.830	0.840	0	0.321	0.981
RPL3L	RPS19	9606.ENSP00000268661	9606.ENSP00000470972	0	0	0	0	0.829	0.841	0	0.449	0.983
RPL3L	RPS15	9606.ENSP00000268661	9606.ENSP00000466010	0.115	0	0	0	0.828	0.840	0	0.410	0.983
RPL3L	RPS3	9606.ENSP00000268661	9606.ENSP00000278572	0.115	0	0	0	0.830	0.839	0	0.404	0.983
RPL3L	RPL9	9606.ENSP00000268661	9606.ENSP00000494697	0.102	0	0	0	0.821	0.900	0	0.283	0.986
RPL3L	RPS8	9606.ENSP00000268661	9606.ENSP00000379888	0	0	0	0	0.830	0.894	0	0.286	0.986
RPL3L	RPL4	9606.ENSP00000268661	9606.ENSP00000311430	0.091	0	0	0	0.829	0.884	0	0.364	0.987
RPL3L	RPS18	9606.ENSP00000268661	9606.ENSP00000393241	0.115	0	0	0	0.829	0.904	0	0.327	0.988
RPL3L	RPL5	9606.ENSP00000268661	9606.ENSP00000359345	0.115	0	0	0	0.830	0.871	0	0.475	0.988
RPL3L	RPS20	9606.ENSP00000268661	9606.ENSP00000429374	0.102	0	0	0	0.822	0.903	0	0.348	0.988
RPL3L	RPS23	9606.ENSP00000268661	9606.ENSP00000296674	0.102	0	0	0	0.820	0.903	0	0.347	0.988
RPL3L	RPL7A	9606.ENSP00000268661	9606.ENSP00000361076	0.061	0	0	0	0.830	0.903	0	0.379	0.989
RPL3L	RPS6	9606.ENSP00000268661	9606.ENSP00000369757	0	0	0	0	0.829	0.903	0	0.406	0.989
RPL3L	RPS9	9606.ENSP00000268661	9606.ENSP00000375632	0.102	0	0	0	0.829	0.904	0	0.348	0.989
RPL3L	RPS24	9606.ENSP00000268661	9606.ENSP00000414321	0	0	0	0	0.826	0.841	0	0.668	0.990
RPL3L	RPS26	9606.ENSP00000268661	9606.ENSP00000348849	0	0	0	0	0.827	0.903	0	0.490	0.990
RPL3L	RPS2	9606.ENSP00000268661	9606.ENSP00000341885	0.102	0.218	0	0	0.830	0.893	0	0.414	0.991
RPL3L	RPL6	9606.ENSP00000268661	9606.ENSP00000403172	0.079	0	0	0	0.830	0.928	0	0.394	0.992
RPL4	RPS12	9606.ENSP00000311430	9606.ENSP00000230050	0.061	0	0	0	0.981	0.995	0	0.120	0.999
RPL4	TPH1	9606.ENSP00000311430	9606.ENSP00000250018	0	0	0	0	0	0	0	0.464	0.464
RPL4	RPS4Y1	9606.ENSP00000311430	9606.ENSP00000250784	0.042	0	0	0	0.807	0.954	0	0.307	0.993
RPL4	RPL8	9606.ENSP00000311430	9606.ENSP00000262584	0.091	0	0	0	0.991	0.997	0	0.786	0.999
RPL4	RPS11	9606.ENSP00000311430	9606.ENSP00000270625	0.115	0	0	0	0.980	0.994	0	0.580	0.999
RPL4	RPS27A	9606.ENSP00000311430	9606.ENSP00000272317	0	0	0	0	0.951	0.992	0	0.490	0.999
RPL4	RPS3	9606.ENSP00000311430	9606.ENSP00000278572	0.115	0	0	0	0.992	0.994	0	0.821	0.999
RPL4	RPS23	9606.ENSP00000311430	9606.ENSP00000296674	0.102	0	0	0	0.979	0.995	0	0.646	0.999
RPL4	TPH2	9606.ENSP00000311430	9606.ENSP00000329093	0	0	0	0	0	0	0	0.412	0.412
RPL4	RPL41	9606.ENSP00000311430	9606.ENSP00000449026	0	0	0	0	0.299	0.429	0	0.370	0.725
RPL4	SECISBP2	9606.ENSP00000311430	9606.ENSP00000364965	0	0	0	0	0.109	0.800	0	0.068	0.819
RPL4	RPS4Y2	9606.ENSP00000311430	9606.ENSP00000486252	0.042	0	0	0	0.806	0.802	0	0.252	0.968
RPL4	RPS27L	9606.ENSP00000311430	9606.ENSP00000331019	0	0	0	0	0.748	0.903	0	0.410	0.984
RPL4	RPS15A	9606.ENSP00000311430	9606.ENSP00000318646	0.058	0	0	0	0.901	0.978	0	0.490	0.998
RPL4	RPS27	9606.ENSP00000311430	9606.ENSP00000499044	0	0	0	0	0.934	0.983	0	0.544	0.999
RPL4	RPS26	9606.ENSP00000311430	9606.ENSP00000348849	0	0	0	0	0.974	0.995	0	0.599	0.999
RPL4	RPS29	9606.ENSP00000311430	9606.ENSP00000379339	0.091	0	0	0	0.952	0.991	0	0.566	0.999
RPL4	RPS14	9606.ENSP00000311430	9606.ENSP00000385958	0.091	0	0	0	0.961	0.987	0	0.637	0.999
RPL4	RPLP2	9606.ENSP00000311430	9606.ENSP00000431240	0	0	0	0	0.973	0.990	0	0.602	0.999
RPL4	RPS9	9606.ENSP00000311430	9606.ENSP00000375632	0.102	0	0	0	0.991	0.994	0	0.684	0.999
RPL4	RPLP0	9606.ENSP00000311430	9606.ENSP00000449328	0.102	0	0	0	0.999	0.995	0	0.868	0.999
RPL4	RPS3A	9606.ENSP00000311430	9606.ENSP00000346050	0	0	0	0	0.992	0.995	0	0.577	0.999
RPL4	RPS13	9606.ENSP00000311430	9606.ENSP00000435777	0.042	0	0	0	0.991	0.994	0	0.665	0.999
RPL4	RPS24	9606.ENSP00000311430	9606.ENSP00000414321	0	0	0	0	0.987	0.992	0	0.503	0.999
RPL4	RPS21	9606.ENSP00000311430	9606.ENSP00000345957	0	0	0	0	0.949	0.993	0	0.468	0.999
RPL4	RPL9	9606.ENSP00000311430	9606.ENSP00000494697	0.102	0	0	0	0.990	0.994	0	0.797	0.999
RPL4	RPL7	9606.ENSP00000311430	9606.ENSP00000339795	0.079	0	0	0	0.961	0.995	0	0.780	0.999
RPL4	RPL6	9606.ENSP00000311430	9606.ENSP00000403172	0.079	0	0	0	0.991	0.995	0	0.840	0.999
RPL4	RPS10	9606.ENSP00000311430	9606.ENSP00000481646	0	0	0	0	0.914	0.972	0	0.648	0.999
RPL4	RPL7A	9606.ENSP00000311430	9606.ENSP00000361076	0.061	0	0	0	0.991	0.996	0	0.739	0.999
RPL4	RPS19	9606.ENSP00000311430	9606.ENSP00000470972	0	0	0	0	0.977	0.994	0	0.694	0.999
RPL4	RPSA	9606.ENSP00000311430	9606.ENSP00000389351	0.070	0	0	0	0.991	0.995	0	0.431	0.999
RPL4	RPS16	9606.ENSP00000311430	9606.ENSP00000367806	0	0	0	0	0.977	0.995	0	0.523	0.999
RPL4	RPL5	9606.ENSP00000311430	9606.ENSP00000359345	0.115	0	0	0	0.991	0.996	0	0.823	0.999
RPL4	RPS18	9606.ENSP00000311430	9606.ENSP00000393241	0.115	0	0	0	0.982	0.993	0	0.665	0.999
RPL4	RPS17	9606.ENSP00000311430	9606.ENSP00000498019	0	0	0	0	0.972	0.994	0	0.590	0.999
RPL4	RPS7	9606.ENSP00000311430	9606.ENSP00000495273	0	0	0	0	0.973	0.994	0	0.533	0.999
RPL4	RPS4X	9606.ENSP00000311430	9606.ENSP00000362744	0.042	0	0	0	0.955	0.980	0	0.532	0.999
RPL4	RPLP1	9606.ENSP00000311430	9606.ENSP00000346037	0	0	0	0	0.961	0.989	0	0.727	0.999
RPL4	RPS5	9606.ENSP00000311430	9606.ENSP00000472985	0.091	0	0	0	0.982	0.994	0	0.723	0.999
RPL4	RPS28	9606.ENSP00000311430	9606.ENSP00000472469	0.057	0	0	0	0.932	0.993	0	0.572	0.999
RPL4	RPS25	9606.ENSP00000311430	9606.ENSP00000435096	0	0	0	0	0.980	0.995	0	0.647	0.999
RPL4	RPS20	9606.ENSP00000311430	9606.ENSP00000429374	0.102	0	0	0	0.991	0.996	0	0.724	0.999
RPL4	RPS8	9606.ENSP00000311430	9606.ENSP00000379888	0	0	0	0	0.991	0.994	0	0.627	0.999
RPL4	RPS2	9606.ENSP00000311430	9606.ENSP00000341885	0.102	0	0	0	0.989	0.994	0	0.717	0.999
RPL4	RPS15	9606.ENSP00000311430	9606.ENSP00000466010	0.115	0	0	0	0.930	0.992	0	0.585	0.999
RPL4	RPS6	9606.ENSP00000311430	9606.ENSP00000369757	0	0	0	0	0.992	0.997	0	0.643	0.999
RPL4	UBA52	9606.ENSP00000311430	9606.ENSP00000388107	0.110	0	0	0	0.901	0.992	0	0.506	0.999
RPL41	RPS12	9606.ENSP00000449026	9606.ENSP00000230050	0	0	0	0	0.377	0.429	0	0.164	0.676
RPL41	RPL8	9606.ENSP00000449026	9606.ENSP00000262584	0	0	0	0	0.276	0.429	0.900	0.246	0.964
RPL41	RPS11	9606.ENSP00000449026	9606.ENSP00000270625	0	0	0	0	0.524	0.429	0	0.246	0.777
RPL41	RPS27A	9606.ENSP00000449026	9606.ENSP00000272317	0	0	0	0	0.528	0.507	0	0.160	0.787
RPL41	RPS3	9606.ENSP00000449026	9606.ENSP00000278572	0	0	0	0	0.313	0.671	0	0.336	0.837
RPL41	RPS23	9606.ENSP00000449026	9606.ENSP00000296674	0	0	0	0	0.167	0.429	0.900	0.108	0.951
RPL41	RPS15A	9606.ENSP00000449026	9606.ENSP00000318646	0	0	0	0	0.446	0.227	0	0.297	0.672
RPL41	RPS27L	9606.ENSP00000449026	9606.ENSP00000331019	0	0	0	0	0.136	0.319	0	0.370	0.596
RPL41	RPL7	9606.ENSP00000449026	9606.ENSP00000339795	0	0	0	0	0.262	0.294	0	0.370	0.643
RPL41	RPS2	9606.ENSP00000449026	9606.ENSP00000341885	0	0	0	0	0.273	0.507	0	0.322	0.735
RPL41	RPS21	9606.ENSP00000449026	9606.ENSP00000345957	0	0	0	0	0.339	0.507	0.900	0.321	0.974
RPL41	RPLP1	9606.ENSP00000449026	9606.ENSP00000346037	0	0	0	0	0.656	0.429	0	0.263	0.843
RPL41	RPS3A	9606.ENSP00000449026	9606.ENSP00000346050	0	0	0	0	0.486	0.429	0	0.472	0.832
RPL41	RPS26	9606.ENSP00000449026	9606.ENSP00000348849	0	0	0	0	0.161	0.429	0.900	0.432	0.969
RPL41	RPL5	9606.ENSP00000449026	9606.ENSP00000359345	0	0	0	0	0.259	0.507	0	0.392	0.758
RPL41	RPL7A	9606.ENSP00000449026	9606.ENSP00000361076	0	0	0	0	0.225	0.319	0.720	0.348	0.890
RPL41	RPS4X	9606.ENSP00000449026	9606.ENSP00000362744	0	0	0	0	0.248	0.305	0	0.189	0.539
RPL41	RPS16	9606.ENSP00000449026	9606.ENSP00000367806	0	0	0	0	0.367	0.429	0	0.202	0.686
RPL41	RPS6	9606.ENSP00000449026	9606.ENSP00000369757	0	0	0	0	0.339	0.429	0	0.207	0.674
RPL41	RPS9	9606.ENSP00000449026	9606.ENSP00000375632	0	0	0	0	0.278	0.401	0	0.348	0.693
RPL41	RPS29	9606.ENSP00000449026	9606.ENSP00000379339	0	0	0	0	0.583	0.319	0.900	0.368	0.979
RPL41	RPS8	9606.ENSP00000449026	9606.ENSP00000379888	0	0	0	0	0.545	0.429	0	0	0.729
RPL41	RPS14	9606.ENSP00000449026	9606.ENSP00000385958	0	0	0	0	0.345	0.319	0	0.391	0.704
RPL41	UBA52	9606.ENSP00000449026	9606.ENSP00000388107	0	0	0	0	0.244	0.319	0	0.322	0.620
RPL41	RPSA	9606.ENSP00000449026	9606.ENSP00000389351	0	0	0	0	0.073	0.319	0	0.199	0.450
RPL41	RPS18	9606.ENSP00000449026	9606.ENSP00000393241	0	0	0	0	0.503	0.401	0	0.205	0.743
RPL41	RPL6	9606.ENSP00000449026	9606.ENSP00000403172	0	0	0	0	0.469	0.429	0.900	0.386	0.978
RPL41	RPS24	9606.ENSP00000449026	9606.ENSP00000414321	0	0	0	0	0.520	0.429	0	0.354	0.807
RPL41	RPS20	9606.ENSP00000449026	9606.ENSP00000429374	0	0	0	0	0.540	0.507	0	0.305	0.828
RPL41	RPLP2	9606.ENSP00000449026	9606.ENSP00000431240	0	0	0	0	0.292	0.429	0	0.179	0.639
RPL41	RPS25	9606.ENSP00000449026	9606.ENSP00000435096	0	0	0	0	0.441	0.429	0	0.256	0.742
RPL41	RPS13	9606.ENSP00000449026	9606.ENSP00000435777	0	0	0	0	0.334	0.429	0	0.306	0.713
RPL41	RPS5	9606.ENSP00000449026	9606.ENSP00000472985	0	0	0	0	0.275	0.305	0	0.234	0.580
RPL41	RPS7	9606.ENSP00000449026	9606.ENSP00000495273	0	0	0	0	0.374	0.429	0	0.156	0.672
RPL41	RPL9	9606.ENSP00000449026	9606.ENSP00000494697	0	0	0	0	0.450	0.319	0	0.325	0.725
RPL41	RPS19	9606.ENSP00000449026	9606.ENSP00000470972	0	0	0	0	0.331	0.429	0	0.376	0.741
RPL41	RPS10	9606.ENSP00000449026	9606.ENSP00000481646	0	0	0	0	0.499	0.319	0	0.327	0.750
RPL41	RPLP0	9606.ENSP00000449026	9606.ENSP00000449328	0	0	0	0	0.429	0.507	0	0.266	0.775
RPL41	RPS15	9606.ENSP00000449026	9606.ENSP00000466010	0	0	0	0	0.425	0.507	0	0.278	0.777
RPL41	RPS27	9606.ENSP00000449026	9606.ENSP00000499044	0	0	0	0	0.774	0.319	0	0.400	0.899
RPL41	RPS17	9606.ENSP00000449026	9606.ENSP00000498019	0	0	0	0	0.785	0.620	0	0.433	0.949
RPL41	RPS28	9606.ENSP00000449026	9606.ENSP00000472469	0	0	0	0	0.374	0.429	0.900	0.383	0.975
RPL5	RPS12	9606.ENSP00000359345	9606.ENSP00000230050	0.057	0	0	0	0.981	0.994	0	0.364	0.999
RPL5	RPS4Y1	9606.ENSP00000359345	9606.ENSP00000250784	0.115	0	0	0	0.807	0.954	0	0.392	0.994
RPL5	RPL8	9606.ENSP00000359345	9606.ENSP00000262584	0.115	0	0	0	0.990	0.994	0	0.645	0.999
RPL5	RPS11	9606.ENSP00000359345	9606.ENSP00000270625	0.231	0	0	0	0.991	0.994	0	0.690	0.999
RPL5	RPS27A	9606.ENSP00000359345	9606.ENSP00000272317	0	0	0	0	0.985	0.992	0	0.531	0.999
RPL5	RPS3	9606.ENSP00000359345	9606.ENSP00000278572	0.231	0	0	0	0.991	0.994	0	0.791	0.999
RPL5	RPS23	9606.ENSP00000359345	9606.ENSP00000296674	0.120	0	0	0	0.991	0.996	0	0.784	0.999
RPL5	RPS15A	9606.ENSP00000359345	9606.ENSP00000318646	0.091	0	0	0	0.924	0.975	0	0.592	0.999
RPL5	RPS27L	9606.ENSP00000359345	9606.ENSP00000331019	0	0	0	0	0.826	0.898	0	0.608	0.992
RPL5	RPL7	9606.ENSP00000359345	9606.ENSP00000339795	0.111	0	0	0	0.961	0.994	0	0.797	0.999
RPL5	RPS2	9606.ENSP00000359345	9606.ENSP00000341885	0.120	0	0	0	0.990	0.994	0	0.718	0.999
RPL5	RPS21	9606.ENSP00000359345	9606.ENSP00000345957	0	0	0	0	0.976	0.993	0	0.545	0.999
RPL5	RPLP1	9606.ENSP00000359345	9606.ENSP00000346037	0	0	0	0	0.991	0.987	0	0.574	0.999
RPL5	RPS3A	9606.ENSP00000359345	9606.ENSP00000346050	0	0	0	0	0.992	0.994	0	0.766	0.999
RPL5	RPS26	9606.ENSP00000359345	9606.ENSP00000348849	0	0	0	0	0.988	0.994	0	0.941	0.999
RPL5	SARS1	9606.ENSP00000359345	9606.ENSP00000358939	0.059	0	0	0	0.222	0	0	0.281	0.427
RPL5	SECISBP2	9606.ENSP00000359345	9606.ENSP00000364965	0	0	0	0	0.059	0.800	0	0.057	0.807
RPL5	RPS4Y2	9606.ENSP00000359345	9606.ENSP00000486252	0.115	0	0	0	0.806	0.783	0	0.325	0.971
RPL5	RPS29	9606.ENSP00000359345	9606.ENSP00000379339	0.115	0	0	0	0.976	0.991	0	0.945	0.999
RPL5	RPS27	9606.ENSP00000359345	9606.ENSP00000499044	0	0	0	0	0.957	0.978	0	0.757	0.999
RPL5	RPLP0	9606.ENSP00000359345	9606.ENSP00000449328	0.120	0	0	0	0.991	0.995	0	0.571	0.999
RPL5	RPS13	9606.ENSP00000359345	9606.ENSP00000435777	0	0	0	0	0.991	0.994	0	0.896	0.999
RPL5	RPS14	9606.ENSP00000359345	9606.ENSP00000385958	0.115	0	0	0	0.960	0.984	0	0.871	0.999
RPL5	RPLP2	9606.ENSP00000359345	9606.ENSP00000431240	0	0	0	0	0.977	0.990	0	0.409	0.999
RPL5	RPS9	9606.ENSP00000359345	9606.ENSP00000375632	0.120	0	0	0	0.990	0.994	0	0.953	0.999
RPL5	RPS19	9606.ENSP00000359345	9606.ENSP00000470972	0	0	0	0	0.991	0.994	0	0.939	0.999
RPL5	RPSA	9606.ENSP00000359345	9606.ENSP00000389351	0.056	0	0	0	0.991	0.994	0	0.594	0.999
RPL5	RPS18	9606.ENSP00000359345	9606.ENSP00000393241	0.231	0	0	0	0.991	0.993	0	0.624	0.999
RPL5	RPS16	9606.ENSP00000359345	9606.ENSP00000367806	0.115	0	0	0	0.991	0.994	0	0.549	0.999
RPL5	RPS24	9606.ENSP00000359345	9606.ENSP00000414321	0	0	0	0	0.991	0.993	0	0.908	0.999
RPL5	RPL9	9606.ENSP00000359345	9606.ENSP00000494697	0.120	0	0	0	0.991	0.994	0	0.758	0.999
RPL5	RPL7A	9606.ENSP00000359345	9606.ENSP00000361076	0.057	0	0	0	0.991	0.995	0	0.740	0.999
RPL5	RPS10	9606.ENSP00000359345	9606.ENSP00000481646	0	0	0	0	0.960	0.982	0	0.967	0.999
RPL5	RPL6	9606.ENSP00000359345	9606.ENSP00000403172	0.111	0	0	0	0.991	0.994	0	0.814	0.999
RPL5	RPS25	9606.ENSP00000359345	9606.ENSP00000435096	0	0	0	0	0.988	0.994	0	0.711	0.999
RPL5	RPS20	9606.ENSP00000359345	9606.ENSP00000429374	0.120	0	0	0	0.991	0.994	0	0.756	0.999
RPL5	RPS15	9606.ENSP00000359345	9606.ENSP00000466010	0.231	0	0	0	0.990	0.993	0	0.736	0.999
RPL5	RPS8	9606.ENSP00000359345	9606.ENSP00000379888	0	0	0	0	0.991	0.995	0	0.853	0.999
RPL5	UBA52	9606.ENSP00000359345	9606.ENSP00000388107	0	0	0	0	0.895	0.991	0	0.476	0.999
RPL5	RPS6	9606.ENSP00000359345	9606.ENSP00000369757	0	0	0	0	0.992	0.995	0	0.786	0.999
RPL5	RPS17	9606.ENSP00000359345	9606.ENSP00000498019	0	0	0	0	0.964	0.994	0	0.887	0.999
RPL5	RPS4X	9606.ENSP00000359345	9606.ENSP00000362744	0.115	0	0	0	0.958	0.977	0	0.568	0.999
RPL5	RPS7	9606.ENSP00000359345	9606.ENSP00000495273	0	0	0	0	0.991	0.996	0	0.664	0.999
RPL5	RPS28	9606.ENSP00000359345	9606.ENSP00000472469	0	0	0	0	0.979	0.993	0	0.710	0.999
RPL5	RPS5	9606.ENSP00000359345	9606.ENSP00000472985	0.115	0	0	0	0.991	0.993	0	0.956	0.999
RPL6	RPS12	9606.ENSP00000403172	9606.ENSP00000230050	0	0	0	0	0.991	0.994	0	0.206	0.999
RPL6	RPS4Y1	9606.ENSP00000403172	9606.ENSP00000250784	0.079	0	0	0	0.806	0.954	0	0.255	0.993
RPL6	RPL8	9606.ENSP00000403172	9606.ENSP00000262584	0.079	0	0	0	0.991	0.993	0.900	0.797	0.999
RPL6	RPS11	9606.ENSP00000403172	9606.ENSP00000270625	0.111	0	0	0	0.991	0.993	0	0.694	0.999
RPL6	RPS27A	9606.ENSP00000403172	9606.ENSP00000272317	0	0	0	0	0.980	0.992	0	0.327	0.999
RPL6	RPS3	9606.ENSP00000403172	9606.ENSP00000278572	0.111	0	0	0	0.991	0.993	0	0.771	0.999
RPL6	RPS23	9606.ENSP00000403172	9606.ENSP00000296674	0.059	0	0	0	0.991	0.993	0.900	0.711	0.999
RPL6	RPS15A	9606.ENSP00000403172	9606.ENSP00000318646	0.057	0	0	0	0.936	0.972	0	0.556	0.999
RPL6	RPS27L	9606.ENSP00000403172	9606.ENSP00000331019	0	0	0	0	0.837	0.871	0	0.539	0.989
RPL6	RPL7	9606.ENSP00000403172	9606.ENSP00000339795	0.069	0	0	0	0.962	0.992	0	0.892	0.999
RPL6	RPS2	9606.ENSP00000403172	9606.ENSP00000341885	0.095	0	0	0	0.991	0.993	0	0.734	0.999
RPL6	RPS21	9606.ENSP00000403172	9606.ENSP00000345957	0	0	0	0	0.978	0.992	0.900	0.429	0.999
RPL6	RPLP1	9606.ENSP00000403172	9606.ENSP00000346037	0	0	0	0	0.986	0.991	0	0.453	0.999
RPL6	RPS3A	9606.ENSP00000403172	9606.ENSP00000346050	0	0	0	0	0.993	0.993	0	0.704	0.999
RPL6	RPS26	9606.ENSP00000403172	9606.ENSP00000348849	0	0	0	0	0.990	0.994	0.900	0.602	0.999
RPL6	RPL7A	9606.ENSP00000403172	9606.ENSP00000361076	0	0	0	0	0.990	0.995	0.720	0.712	0.999
RPL6	RPS4X	9606.ENSP00000403172	9606.ENSP00000362744	0.079	0	0	0	0.956	0.972	0	0.713	0.999
RPL6	SECISBP2	9606.ENSP00000403172	9606.ENSP00000364965	0	0	0	0	0.074	0.800	0	0.050	0.808
RPL6	RPS16	9606.ENSP00000403172	9606.ENSP00000367806	0.079	0	0	0	0.989	0.995	0	0.645	0.999
RPL6	RPS6	9606.ENSP00000403172	9606.ENSP00000369757	0	0	0	0	0.991	0.995	0	0.861	0.999
RPL6	RPS9	9606.ENSP00000403172	9606.ENSP00000375632	0.095	0	0	0	0.990	0.993	0	0.784	0.999
RPL6	RPS29	9606.ENSP00000403172	9606.ENSP00000379339	0.079	0	0	0	0.980	0.991	0.900	0.616	0.999
RPL6	RPS8	9606.ENSP00000403172	9606.ENSP00000379888	0	0	0	0	0.991	0.993	0	0.777	0.999
RPL6	RPS14	9606.ENSP00000403172	9606.ENSP00000385958	0.079	0	0	0	0.960	0.979	0	0.826	0.999
RPL6	UBA52	9606.ENSP00000403172	9606.ENSP00000388107	0	0	0	0	0.927	0.991	0	0.461	0.999
RPL6	RPSA	9606.ENSP00000403172	9606.ENSP00000389351	0.042	0	0	0	0.999	0.993	0	0.484	0.999
RPL6	RPS18	9606.ENSP00000403172	9606.ENSP00000393241	0.111	0	0	0	0.991	0.993	0	0.731	0.999
RPL6	RPS4Y2	9606.ENSP00000403172	9606.ENSP00000486252	0.079	0	0	0	0.806	0.784	0	0.162	0.963
RPL6	RPS13	9606.ENSP00000403172	9606.ENSP00000435777	0	0	0	0	0.991	0.993	0	0.732	0.999
RPL6	RPLP0	9606.ENSP00000403172	9606.ENSP00000449328	0	0	0	0	0.991	0.993	0	0.493	0.999
RPL6	RPLP2	9606.ENSP00000403172	9606.ENSP00000431240	0	0	0	0	0.988	0.988	0	0.395	0.999
RPL6	RPS27	9606.ENSP00000403172	9606.ENSP00000499044	0	0	0	0	0.959	0.977	0	0.664	0.999
RPL6	RPS15	9606.ENSP00000403172	9606.ENSP00000466010	0.111	0	0	0	0.985	0.993	0	0.593	0.999
RPL6	RPS20	9606.ENSP00000403172	9606.ENSP00000429374	0.095	0	0	0	0.992	0.994	0	0.647	0.999
RPL6	RPS25	9606.ENSP00000403172	9606.ENSP00000435096	0	0	0	0	0.991	0.994	0	0.704	0.999
RPL6	RPS5	9606.ENSP00000403172	9606.ENSP00000472985	0.061	0	0	0	0.991	0.993	0	0.556	0.999
RPL6	RPS28	9606.ENSP00000403172	9606.ENSP00000472469	0	0	0	0	0.980	0.992	0.900	0.455	0.999
RPL6	RPS7	9606.ENSP00000403172	9606.ENSP00000495273	0	0	0	0	0.991	0.993	0	0.579	0.999
RPL6	RPS17	9606.ENSP00000403172	9606.ENSP00000498019	0	0	0	0	0.981	0.992	0	0.521	0.999
RPL6	RPS19	9606.ENSP00000403172	9606.ENSP00000470972	0	0	0	0	0.991	0.993	0	0.788	0.999
RPL6	RPS10	9606.ENSP00000403172	9606.ENSP00000481646	0	0	0	0	0.971	0.973	0	0.722	0.999
RPL6	RPL9	9606.ENSP00000403172	9606.ENSP00000494697	0.095	0	0	0	0.991	0.993	0	0.716	0.999
RPL6	RPS24	9606.ENSP00000403172	9606.ENSP00000414321	0	0	0	0	0.991	0.992	0	0.638	0.999
RPL7	RPS12	9606.ENSP00000339795	9606.ENSP00000230050	0.042	0	0	0	0.960	0.982	0	0.218	0.999
RPL7	RPS4Y1	9606.ENSP00000339795	9606.ENSP00000250784	0.079	0	0	0	0.661	0.912	0	0.283	0.977
RPL7	RPL8	9606.ENSP00000339795	9606.ENSP00000262584	0.079	0	0	0	0.960	0.993	0	0.758	0.999
RPL7	RPS11	9606.ENSP00000339795	9606.ENSP00000270625	0.111	0	0	0	0.959	0.982	0	0.585	0.999
RPL7	RPS27A	9606.ENSP00000339795	9606.ENSP00000272317	0	0	0	0	0.912	0.967	0	0.612	0.998
RPL7	RPS3	9606.ENSP00000339795	9606.ENSP00000278572	0.111	0	0	0	0.961	0.981	0	0.633	0.999
RPL7	RPS23	9606.ENSP00000339795	9606.ENSP00000296674	0.095	0	0	0	0.964	0.985	0	0.615	0.999
RPL7	RPS15A	9606.ENSP00000339795	9606.ENSP00000318646	0.057	0	0	0	0.905	0.954	0	0.456	0.997
RPL7	RPS27L	9606.ENSP00000339795	9606.ENSP00000331019	0	0	0	0	0.682	0.800	0	0.637	0.974
RPL7	SECISBP2	9606.ENSP00000339795	9606.ENSP00000364965	0	0	0	0	0.081	0.800	0	0.042	0.808
RPL7	RPS4Y2	9606.ENSP00000339795	9606.ENSP00000486252	0.079	0	0	0	0.659	0.579	0	0.212	0.881
RPL7	RPLP2	9606.ENSP00000339795	9606.ENSP00000431240	0	0	0	0	0.907	0.933	0	0.644	0.997
RPL7	UBA52	9606.ENSP00000339795	9606.ENSP00000388107	0	0	0	0	0.837	0.974	0	0.417	0.997
RPL7	RPS4X	9606.ENSP00000339795	9606.ENSP00000362744	0.079	0	0	0	0.920	0.946	0	0.539	0.997
RPL7	RPS27	9606.ENSP00000339795	9606.ENSP00000499044	0	0	0	0	0.925	0.961	0	0.484	0.998
RPL7	RPS17	9606.ENSP00000339795	9606.ENSP00000498019	0	0	0	0	0.908	0.967	0	0.540	0.998
RPL7	RPS10	9606.ENSP00000339795	9606.ENSP00000481646	0	0	0	0	0.923	0.957	0	0.554	0.998
RPL7	RPS13	9606.ENSP00000339795	9606.ENSP00000435777	0	0	0	0	0.961	0.979	0	0.709	0.999
RPL7	RPS3A	9606.ENSP00000339795	9606.ENSP00000346050	0	0	0	0	0.999	0.980	0	0.785	0.999
RPL7	RPLP0	9606.ENSP00000339795	9606.ENSP00000449328	0.095	0	0	0	0.964	0.984	0	0.412	0.999
RPL7	RPS9	9606.ENSP00000339795	9606.ENSP00000375632	0.095	0	0	0	0.957	0.973	0	0.750	0.999
RPL7	RPS14	9606.ENSP00000339795	9606.ENSP00000385958	0.079	0	0	0	0.934	0.981	0	0.692	0.999
RPL7	RPS29	9606.ENSP00000339795	9606.ENSP00000379339	0.079	0	0	0	0.951	0.974	0	0.591	0.999
RPL7	RPS26	9606.ENSP00000339795	9606.ENSP00000348849	0	0	0	0	0.958	0.980	0	0.501	0.999
RPL7	RPS15	9606.ENSP00000339795	9606.ENSP00000466010	0.111	0	0	0	0.957	0.980	0	0.714	0.999
RPL7	RPS2	9606.ENSP00000339795	9606.ENSP00000341885	0.095	0	0	0	0.958	0.980	0	0.747	0.999
RPL7	RPS8	9606.ENSP00000339795	9606.ENSP00000379888	0	0	0	0	0.960	0.981	0	0.627	0.999
RPL7	RPS6	9606.ENSP00000339795	9606.ENSP00000369757	0	0	0	0	0.982	0.982	0	0.879	0.999
RPL7	RPS25	9606.ENSP00000339795	9606.ENSP00000435096	0	0	0	0	0.958	0.980	0	0.585	0.999
RPL7	RPS20	9606.ENSP00000339795	9606.ENSP00000429374	0.095	0	0	0	0.960	0.981	0	0.821	0.999
RPL7	RPS7	9606.ENSP00000339795	9606.ENSP00000495273	0	0	0	0	0.959	0.979	0	0.499	0.999
RPL7	RPLP1	9606.ENSP00000339795	9606.ENSP00000346037	0	0	0	0	0.960	0.935	0	0.647	0.999
RPL7	RPS5	9606.ENSP00000339795	9606.ENSP00000472985	0.079	0	0	0	0.960	0.980	0	0.542	0.999
RPL7	RPS28	9606.ENSP00000339795	9606.ENSP00000472469	0	0	0	0	0.956	0.973	0	0.714	0.999
RPL7	RPS16	9606.ENSP00000339795	9606.ENSP00000367806	0.079	0	0	0	0.959	0.985	0	0.487	0.999
RPL7	RPS18	9606.ENSP00000339795	9606.ENSP00000393241	0.111	0	0	0	0.960	0.977	0	0.626	0.999
RPL7	RPS19	9606.ENSP00000339795	9606.ENSP00000470972	0	0	0	0	0.960	0.981	0	0.814	0.999
RPL7	RPSA	9606.ENSP00000339795	9606.ENSP00000389351	0	0	0	0	0.960	0.981	0	0.476	0.999
RPL7	RPL7A	9606.ENSP00000339795	9606.ENSP00000361076	0.042	0	0	0	0.959	0.995	0	0.436	0.999
RPL7	RPS24	9606.ENSP00000339795	9606.ENSP00000414321	0	0	0	0	0.960	0.973	0	0.902	0.999
RPL7	RPL9	9606.ENSP00000339795	9606.ENSP00000494697	0.095	0	0	0	0.961	0.992	0	0.770	0.999
RPL7	RPS21	9606.ENSP00000339795	9606.ENSP00000345957	0	0	0	0	0.958	0.973	0	0.360	0.999
RPL7A	RPS12	9606.ENSP00000361076	9606.ENSP00000230050	0	0	0	0	0.980	0.995	0	0.435	0.999
RPL7A	RPS4Y1	9606.ENSP00000361076	9606.ENSP00000250784	0	0	0	0	0.806	0.954	0	0.214	0.992
RPL7A	RPL8	9606.ENSP00000361076	9606.ENSP00000262584	0.060	0	0	0	0.990	0.996	0.720	0.664	0.999
RPL7A	RPS11	9606.ENSP00000361076	9606.ENSP00000270625	0.094	0	0	0	0.983	0.994	0	0.872	0.999
RPL7A	RPS27A	9606.ENSP00000361076	9606.ENSP00000272317	0	0	0	0	0.950	0.992	0	0.410	0.999
RPL7A	RPS3	9606.ENSP00000361076	9606.ENSP00000278572	0.095	0	0	0	0.991	0.994	0	0.707	0.999
RPL7A	RPS23	9606.ENSP00000361076	9606.ENSP00000296674	0.071	0	0	0	0.976	0.995	0.720	0.424	0.999
RPL7A	RPS15A	9606.ENSP00000361076	9606.ENSP00000318646	0.046	0	0	0	0.924	0.973	0	0.589	0.999
RPL7A	RPS27L	9606.ENSP00000361076	9606.ENSP00000331019	0	0	0	0	0.740	0.899	0	0.090	0.974
RPL7A	RPS2	9606.ENSP00000361076	9606.ENSP00000341885	0.055	0	0	0	0.991	0.994	0	0.596	0.999
RPL7A	RPS21	9606.ENSP00000361076	9606.ENSP00000345957	0	0	0	0	0.975	0.992	0.720	0.245	0.999
RPL7A	RPLP1	9606.ENSP00000361076	9606.ENSP00000346037	0	0	0	0	0.990	0.980	0	0.423	0.999
RPL7A	RPS3A	9606.ENSP00000361076	9606.ENSP00000346050	0	0	0	0	0.990	0.995	0	0.927	0.999
RPL7A	RPS26	9606.ENSP00000361076	9606.ENSP00000348849	0	0	0	0	0.975	0.995	0.720	0.637	0.999
RPL7A	SECISBP2	9606.ENSP00000361076	9606.ENSP00000364965	0	0	0	0	0.067	0.802	0	0.150	0.829
RPL7A	RPS4Y2	9606.ENSP00000361076	9606.ENSP00000486252	0	0	0	0	0.806	0.802	0	0.277	0.970
RPL7A	UBA52	9606.ENSP00000361076	9606.ENSP00000388107	0	0	0	0	0.800	0.991	0	0.333	0.998
RPL7A	RPS27	9606.ENSP00000361076	9606.ENSP00000499044	0	0	0	0	0.934	0.979	0	0.545	0.999
RPL7A	RPS29	9606.ENSP00000361076	9606.ENSP00000379339	0.057	0	0	0	0.958	0.991	0.720	0.342	0.999
RPL7A	RPS14	9606.ENSP00000361076	9606.ENSP00000385958	0.061	0	0	0	0.959	0.986	0	0.723	0.999
RPL7A	RPLP2	9606.ENSP00000361076	9606.ENSP00000431240	0	0	0	0	0.979	0.979	0	0.433	0.999
RPL7A	RPS9	9606.ENSP00000361076	9606.ENSP00000375632	0.070	0	0	0	0.990	0.994	0	0.317	0.999
RPL7A	RPLP0	9606.ENSP00000361076	9606.ENSP00000449328	0.071	0	0	0	0.990	0.995	0	0.432	0.999
RPL7A	RPS13	9606.ENSP00000361076	9606.ENSP00000435777	0.061	0	0	0	0.977	0.995	0	0.503	0.999
RPL7A	RPS24	9606.ENSP00000361076	9606.ENSP00000414321	0.076	0	0	0	0.980	0.993	0	0.471	0.999
RPL7A	RPL9	9606.ENSP00000361076	9606.ENSP00000494697	0.057	0	0	0	0.990	0.994	0	0.687	0.999
RPL7A	RPS10	9606.ENSP00000361076	9606.ENSP00000481646	0	0	0	0	0.959	0.979	0	0.399	0.999
RPL7A	RPS19	9606.ENSP00000361076	9606.ENSP00000470972	0.054	0	0	0	0.991	0.994	0	0.764	0.999
RPL7A	RPSA	9606.ENSP00000361076	9606.ENSP00000389351	0.057	0	0	0	0.990	0.995	0	0.416	0.999
RPL7A	RPS16	9606.ENSP00000361076	9606.ENSP00000367806	0.061	0	0	0	0.980	0.995	0	0.666	0.999
RPL7A	RPS18	9606.ENSP00000361076	9606.ENSP00000393241	0.099	0	0	0	0.991	0.993	0	0.653	0.999
RPL7A	RPS17	9606.ENSP00000361076	9606.ENSP00000498019	0	0	0	0	0.937	0.991	0	0.808	0.999
RPL7A	RPS4X	9606.ENSP00000361076	9606.ENSP00000362744	0	0	0	0	0.953	0.975	0	0.729	0.999
RPL7A	RPS7	9606.ENSP00000361076	9606.ENSP00000495273	0	0	0	0	0.979	0.992	0	0.489	0.999
RPL7A	RPS5	9606.ENSP00000361076	9606.ENSP00000472985	0.061	0	0	0	0.990	0.993	0	0.486	0.999
RPL7A	RPS28	9606.ENSP00000361076	9606.ENSP00000472469	0.099	0	0	0	0.966	0.992	0.720	0.503	0.999
RPL7A	RPS25	9606.ENSP00000361076	9606.ENSP00000435096	0	0	0	0	0.979	0.995	0	0.711	0.999
RPL7A	RPS20	9606.ENSP00000361076	9606.ENSP00000429374	0.071	0	0	0	0.991	0.994	0	0.476	0.999
RPL7A	RPS8	9606.ENSP00000361076	9606.ENSP00000379888	0	0	0	0	0.990	0.995	0	0.601	0.999
RPL7A	RPS15	9606.ENSP00000361076	9606.ENSP00000466010	0.098	0	0	0	0.979	0.992	0	0.624	0.999
RPL7A	RPS6	9606.ENSP00000361076	9606.ENSP00000369757	0.099	0	0	0	0.991	0.996	0	0.750	0.999
RPL8	RPS12	9606.ENSP00000262584	9606.ENSP00000230050	0.060	0	0	0	0.991	0.991	0	0.324	0.999
RPL8	TPH1	9606.ENSP00000262584	9606.ENSP00000250018	0	0	0	0	0	0	0	0.404	0.404
RPL8	RPS4Y1	9606.ENSP00000262584	9606.ENSP00000250784	0.091	0	0	0	0.806	0.954	0	0.338	0.994
RPL8	TPH2	9606.ENSP00000262584	9606.ENSP00000329093	0	0	0	0	0	0	0	0.426	0.426
RPL8	SECISBP2	9606.ENSP00000262584	9606.ENSP00000364965	0	0	0	0	0.058	0.800	0	0.055	0.806
RPL8	RPS4Y2	9606.ENSP00000262584	9606.ENSP00000486252	0.091	0	0	0	0.806	0.784	0	0.286	0.969
RPL8	RPS27L	9606.ENSP00000262584	9606.ENSP00000331019	0	0	0	0	0.694	0.841	0	0.621	0.980
RPL8	RPS15A	9606.ENSP00000262584	9606.ENSP00000318646	0.058	0	0	0	0.922	0.964	0	0.400	0.998
RPL8	RPS7	9606.ENSP00000262584	9606.ENSP00000495273	0	0	0	0	0.981	0.992	0	0.605	0.999
RPL8	RPS4X	9606.ENSP00000262584	9606.ENSP00000362744	0.091	0	0	0	0.954	0.974	0	0.612	0.999
RPL8	RPLP1	9606.ENSP00000262584	9606.ENSP00000346037	0	0	0	0	0.991	0.984	0	0.431	0.999
RPL8	RPS5	9606.ENSP00000262584	9606.ENSP00000472985	0.091	0	0	0	0.992	0.991	0	0.808	0.999
RPL8	RPS28	9606.ENSP00000262584	9606.ENSP00000472469	0.041	0	0	0	0.978	0.991	0.900	0.492	0.999
RPL8	RPS17	9606.ENSP00000262584	9606.ENSP00000498019	0	0	0	0	0.977	0.992	0	0.556	0.999
RPL8	RPS8	9606.ENSP00000262584	9606.ENSP00000379888	0	0	0	0	0.991	0.995	0	0.642	0.999
RPL8	RPS2	9606.ENSP00000262584	9606.ENSP00000341885	0.102	0	0	0	0.991	0.993	0	0.665	0.999
RPL8	RPS15	9606.ENSP00000262584	9606.ENSP00000466010	0.115	0	0	0	0.993	0.993	0	0.566	0.999
RPL8	RPS6	9606.ENSP00000262584	9606.ENSP00000369757	0	0	0	0	0.991	0.996	0	0.718	0.999
RPL8	UBA52	9606.ENSP00000262584	9606.ENSP00000388107	0	0	0	0	0.950	0.991	0	0.480	0.999
RPL8	RPS25	9606.ENSP00000262584	9606.ENSP00000435096	0	0	0	0	0.990	0.993	0	0.567	0.999
RPL8	RPS20	9606.ENSP00000262584	9606.ENSP00000429374	0.102	0	0	0	0.991	0.995	0	0.689	0.999
RPL8	RPS10	9606.ENSP00000262584	9606.ENSP00000481646	0	0	0	0	0.960	0.979	0	0.531	0.999
RPL8	RPS24	9606.ENSP00000262584	9606.ENSP00000414321	0	0	0	0	0.979	0.994	0	0.606	0.999
RPL8	RPS21	9606.ENSP00000262584	9606.ENSP00000345957	0	0	0	0	0.980	0.991	0.900	0.493	0.999
RPL8	RPL9	9606.ENSP00000262584	9606.ENSP00000494697	0.102	0	0	0	0.990	0.993	0	0.753	0.999
RPL8	RPS16	9606.ENSP00000262584	9606.ENSP00000367806	0.091	0	0	0	0.979	0.995	0	0.769	0.999
RPL8	RPS18	9606.ENSP00000262584	9606.ENSP00000393241	0.115	0	0.222	0	0.991	0.993	0	0.759	0.999
RPL8	RPS19	9606.ENSP00000262584	9606.ENSP00000470972	0	0	0	0	0.989	0.992	0	0.627	0.999
RPL8	RPSA	9606.ENSP00000262584	9606.ENSP00000389351	0.053	0	0	0	0.990	0.994	0	0.422	0.999
RPL8	RPS9	9606.ENSP00000262584	9606.ENSP00000375632	0.102	0	0	0	0.991	0.994	0	0.607	0.999
RPL8	RPS23	9606.ENSP00000262584	9606.ENSP00000296674	0.102	0	0	0	0.971	0.994	0.900	0.666	0.999
RPL8	RPLP2	9606.ENSP00000262584	9606.ENSP00000431240	0	0	0	0	0.990	0.993	0	0.586	0.999
RPL8	RPS14	9606.ENSP00000262584	9606.ENSP00000385958	0.091	0	0	0	0.961	0.978	0	0.576	0.999
RPL8	RPS27A	9606.ENSP00000262584	9606.ENSP00000272317	0	0	0	0	0.976	0.991	0	0.335	0.999
RPL8	RPS3A	9606.ENSP00000262584	9606.ENSP00000346050	0	0	0	0	0.991	0.995	0	0.606	0.999
RPL8	RPS13	9606.ENSP00000262584	9606.ENSP00000435777	0	0	0	0	0.991	0.994	0	0.756	0.999
RPL8	RPS3	9606.ENSP00000262584	9606.ENSP00000278572	0.115	0	0	0	0.999	0.993	0	0.799	0.999
RPL8	RPLP0	9606.ENSP00000262584	9606.ENSP00000449328	0.102	0	0	0	0.992	0.996	0	0.721	0.999
RPL8	RPS27	9606.ENSP00000262584	9606.ENSP00000499044	0	0	0	0	0.928	0.979	0	0.528	0.999
RPL8	RPS11	9606.ENSP00000262584	9606.ENSP00000270625	0.115	0	0	0	0.991	0.992	0	0.593	0.999
RPL8	RPS29	9606.ENSP00000262584	9606.ENSP00000379339	0.091	0	0	0	0.978	0.992	0.900	0.575	0.999
RPL8	RPS26	9606.ENSP00000262584	9606.ENSP00000348849	0	0	0	0	0.987	0.994	0.900	0.615	0.999
RPL9	RPS12	9606.ENSP00000494697	9606.ENSP00000230050	0.057	0	0	0	0.979	0.995	0	0.298	0.999
RPL9	RPS4Y1	9606.ENSP00000494697	9606.ENSP00000250784	0.102	0	0	0	0.806	0.954	0	0.259	0.993
RPL9	RPS11	9606.ENSP00000494697	9606.ENSP00000270625	0.120	0	0	0	0.991	0.993	0	0.624	0.999
RPL9	RPS27A	9606.ENSP00000494697	9606.ENSP00000272317	0	0	0	0	0.985	0.992	0	0.454	0.999
RPL9	RPS3	9606.ENSP00000494697	9606.ENSP00000278572	0.120	0	0	0	0.991	0.993	0	0.769	0.999
RPL9	RPS23	9606.ENSP00000494697	9606.ENSP00000296674	0.111	0	0	0	0.991	0.994	0	0.740	0.999
RPL9	RPS15A	9606.ENSP00000494697	9606.ENSP00000318646	0.061	0	0	0	0.939	0.972	0	0.568	0.999
RPL9	RPS27L	9606.ENSP00000494697	9606.ENSP00000331019	0	0	0	0	0.851	0.873	0	0.604	0.991
RPL9	RPS2	9606.ENSP00000494697	9606.ENSP00000341885	0.111	0	0	0	0.991	0.993	0	0.554	0.999
RPL9	RPS21	9606.ENSP00000494697	9606.ENSP00000345957	0	0	0	0	0.990	0.992	0	0.510	0.999
RPL9	RPLP1	9606.ENSP00000494697	9606.ENSP00000346037	0	0	0	0	0.990	0.967	0	0.728	0.999
RPL9	RPS3A	9606.ENSP00000494697	9606.ENSP00000346050	0	0	0	0	0.994	0.993	0	0.728	0.999
RPL9	RPS26	9606.ENSP00000494697	9606.ENSP00000348849	0	0	0	0	0.990	0.994	0	0.736	0.999
RPL9	RPS4X	9606.ENSP00000494697	9606.ENSP00000362744	0.102	0	0	0	0.953	0.973	0	0.682	0.999
RPL9	SECISBP2	9606.ENSP00000494697	9606.ENSP00000364965	0	0	0	0	0.049	0.800	0	0	0.801
RPL9	RPS16	9606.ENSP00000494697	9606.ENSP00000367806	0.102	0	0	0	0.991	0.994	0	0.562	0.999
RPL9	RPS6	9606.ENSP00000494697	9606.ENSP00000369757	0	0	0	0	0.991	0.994	0	0.592	0.999
RPL9	RPS9	9606.ENSP00000494697	9606.ENSP00000375632	0.111	0	0	0	0.990	0.992	0	0.625	0.999
RPL9	RPS29	9606.ENSP00000494697	9606.ENSP00000379339	0.102	0	0	0	0.979	0.991	0	0.585	0.999
RPL9	RPS8	9606.ENSP00000494697	9606.ENSP00000379888	0	0	0	0	0.991	0.993	0	0.517	0.999
RPL9	RPS14	9606.ENSP00000494697	9606.ENSP00000385958	0.102	0	0	0	0.960	0.980	0	0.726	0.999
RPL9	UBA52	9606.ENSP00000494697	9606.ENSP00000388107	0	0	0	0	0.967	0.991	0	0.449	0.999
RPL9	RPSA	9606.ENSP00000494697	9606.ENSP00000389351	0.050	0	0	0	0.990	0.993	0	0.457	0.999
RPL9	RPS18	9606.ENSP00000494697	9606.ENSP00000393241	0.120	0	0	0	0.991	0.992	0	0.615	0.999
RPL9	RPS24	9606.ENSP00000494697	9606.ENSP00000414321	0	0	0	0	0.991	0.992	0	0.604	0.999
RPL9	RPS20	9606.ENSP00000494697	9606.ENSP00000429374	0.111	0	0	0	0.991	0.993	0	0.766	0.999
RPL9	RPLP2	9606.ENSP00000494697	9606.ENSP00000431240	0	0	0	0	0.984	0.960	0	0.564	0.999
RPL9	RPS25	9606.ENSP00000494697	9606.ENSP00000435096	0	0	0	0	0.990	0.992	0	0.817	0.999
RPL9	RPS13	9606.ENSP00000494697	9606.ENSP00000435777	0	0	0	0	0.991	0.993	0	0.647	0.999
RPL9	RPLP0	9606.ENSP00000494697	9606.ENSP00000449328	0.111	0	0	0	0.991	0.994	0	0.691	0.999
RPL9	RPS15	9606.ENSP00000494697	9606.ENSP00000466010	0.120	0	0	0	0.981	0.992	0	0.663	0.999
RPL9	RPS19	9606.ENSP00000494697	9606.ENSP00000470972	0	0	0	0	0.990	0.993	0	0.448	0.999
RPL9	RPS28	9606.ENSP00000494697	9606.ENSP00000472469	0	0	0	0	0.976	0.992	0	0.615	0.999
RPL9	RPS5	9606.ENSP00000494697	9606.ENSP00000472985	0.102	0	0	0	0.991	0.993	0	0.786	0.999
RPL9	RPS10	9606.ENSP00000494697	9606.ENSP00000481646	0	0	0	0	0.959	0.983	0	0.474	0.999
RPL9	RPS4Y2	9606.ENSP00000494697	9606.ENSP00000486252	0.102	0	0	0	0.806	0.784	0	0.125	0.962
RPL9	RPS27	9606.ENSP00000494697	9606.ENSP00000499044	0	0	0	0	0.960	0.979	0	0.681	0.999
RPL9	RPS7	9606.ENSP00000494697	9606.ENSP00000495273	0	0	0	0	0.991	0.991	0	0.488	0.999
RPL9	RPS17	9606.ENSP00000494697	9606.ENSP00000498019	0	0	0	0	0.983	0.992	0	0.551	0.999
RPLP0	RPS12	9606.ENSP00000449328	9606.ENSP00000230050	0.071	0	0	0	0.983	0.992	0	0.697	0.999
RPLP0	RPS4Y1	9606.ENSP00000449328	9606.ENSP00000250784	0	0	0	0	0.806	0.954	0	0.182	0.992
RPLP0	RPS11	9606.ENSP00000449328	9606.ENSP00000270625	0.120	0	0	0	0.991	0.993	0	0.490	0.999
RPLP0	RPS27A	9606.ENSP00000449328	9606.ENSP00000272317	0	0	0	0	0.979	0.992	0	0.343	0.999
RPLP0	RPS3	9606.ENSP00000449328	9606.ENSP00000278572	0.120	0	0	0	0.996	0.993	0	0.725	0.999
RPLP0	RPS23	9606.ENSP00000449328	9606.ENSP00000296674	0.111	0	0	0	0.971	0.994	0	0.696	0.999
RPLP0	RPS15A	9606.ENSP00000449328	9606.ENSP00000318646	0.061	0	0	0	0.916	0.974	0	0.400	0.998
RPLP0	SHMT1	9606.ENSP00000449328	9606.ENSP00000318868	0	0	0	0	0.189	0	0	0.297	0.406
RPLP0	RPS27L	9606.ENSP00000449328	9606.ENSP00000331019	0	0	0	0	0.773	0.841	0	0.241	0.970
RPLP0	RPS2	9606.ENSP00000449328	9606.ENSP00000341885	0.111	0	0	0	0.991	0.993	0	0.721	0.999
RPLP0	RPS21	9606.ENSP00000449328	9606.ENSP00000345957	0	0	0	0	0.962	0.992	0	0.577	0.999
RPLP0	RPLP1	9606.ENSP00000449328	9606.ENSP00000346037	0.120	0	0	0	0.990	0.997	0	0.956	0.999
RPLP0	RPS3A	9606.ENSP00000449328	9606.ENSP00000346050	0	0	0	0	0.993	0.994	0	0.463	0.999
RPLP0	RPS26	9606.ENSP00000449328	9606.ENSP00000348849	0	0	0	0	0.979	0.994	0	0.455	0.999
RPLP0	RPS4X	9606.ENSP00000449328	9606.ENSP00000362744	0	0	0	0	0.955	0.974	0	0.280	0.999
RPLP0	SECISBP2	9606.ENSP00000449328	9606.ENSP00000364965	0	0	0	0	0.115	0.800	0	0.083	0.823
RPLP0	RPS16	9606.ENSP00000449328	9606.ENSP00000367806	0.102	0	0	0	0.991	0.995	0	0.420	0.999
RPLP0	RPS6	9606.ENSP00000449328	9606.ENSP00000369757	0	0	0	0	0.980	0.996	0	0.494	0.999
RPLP0	RPS9	9606.ENSP00000449328	9606.ENSP00000375632	0.108	0	0	0	0.986	0.992	0	0.700	0.999
RPLP0	RPS29	9606.ENSP00000449328	9606.ENSP00000379339	0.102	0	0	0	0.926	0.988	0	0.548	0.999
RPLP0	RPS8	9606.ENSP00000449328	9606.ENSP00000379888	0	0	0.230	0	0.991	0.993	0	0.548	0.999
RPLP0	RPS14	9606.ENSP00000449328	9606.ENSP00000385958	0.102	0	0	0	0.960	0.982	0	0.556	0.999
RPLP0	UBA52	9606.ENSP00000449328	9606.ENSP00000388107	0	0	0	0	0.888	0.991	0	0.484	0.999
RPLP0	RPSA	9606.ENSP00000449328	9606.ENSP00000389351	0.045	0	0	0	0.991	0.993	0	0.725	0.999
RPLP0	RPS18	9606.ENSP00000449328	9606.ENSP00000393241	0.120	0	0	0	0.991	0.992	0	0.604	0.999
RPLP0	RPS24	9606.ENSP00000449328	9606.ENSP00000414321	0	0	0	0	0.980	0.992	0	0.609	0.999
RPLP0	RPS20	9606.ENSP00000449328	9606.ENSP00000429374	0.111	0	0	0	0.991	0.993	0	0.661	0.999
RPLP0	RPLP2	9606.ENSP00000449328	9606.ENSP00000431240	0	0	0	0	0.980	0.997	0	0.940	0.999
RPLP0	RPS25	9606.ENSP00000449328	9606.ENSP00000435096	0	0	0	0	0.978	0.993	0	0.672	0.999
RPLP0	RPS13	9606.ENSP00000449328	9606.ENSP00000435777	0.057	0	0	0	0.991	0.993	0	0.644	0.999
RPLP0	RPS4Y2	9606.ENSP00000449328	9606.ENSP00000486252	0	0	0	0	0.806	0.804	0	0.132	0.964
RPLP0	RPS17	9606.ENSP00000449328	9606.ENSP00000498019	0	0	0	0	0.967	0.992	0	0.486	0.999
RPLP0	RPS7	9606.ENSP00000449328	9606.ENSP00000495273	0	0	0	0	0.991	0.992	0	0.235	0.999
RPLP0	RPS5	9606.ENSP00000449328	9606.ENSP00000472985	0.102	0	0	0	0.992	0.993	0	0.609	0.999
RPLP0	RPS28	9606.ENSP00000449328	9606.ENSP00000472469	0	0	0	0	0.953	0.991	0	0.517	0.999
RPLP0	RPS15	9606.ENSP00000449328	9606.ENSP00000466010	0.120	0	0	0	0.985	0.992	0	0.505	0.999
RPLP0	RPS10	9606.ENSP00000449328	9606.ENSP00000481646	0	0	0	0	0.960	0.980	0	0.575	0.999
RPLP0	RPS19	9606.ENSP00000449328	9606.ENSP00000470972	0.120	0	0	0	0.986	0.992	0	0.560	0.999
RPLP0	RPS27	9606.ENSP00000449328	9606.ENSP00000499044	0	0	0	0	0.944	0.977	0	0.305	0.999
RPLP1	RPS12	9606.ENSP00000346037	9606.ENSP00000230050	0	0	0	0	0.991	0.955	0	0.282	0.999
RPLP1	RPS4Y1	9606.ENSP00000346037	9606.ENSP00000250784	0	0	0	0	0.806	0.699	0	0.166	0.947
RPLP1	RPS11	9606.ENSP00000346037	9606.ENSP00000270625	0	0	0	0	0.991	0.980	0	0.505	0.999
RPLP1	RPS27A	9606.ENSP00000346037	9606.ENSP00000272317	0	0	0	0	0.982	0.989	0	0.220	0.999
RPLP1	RPS3	9606.ENSP00000346037	9606.ENSP00000278572	0	0	0	0	0.992	0.995	0	0.475	0.999
RPLP1	RPS23	9606.ENSP00000346037	9606.ENSP00000296674	0	0	0	0	0.991	0.991	0	0.238	0.999
RPLP1	RPS15A	9606.ENSP00000346037	9606.ENSP00000318646	0	0	0	0	0.928	0.952	0	0.507	0.998
RPLP1	RPS27L	9606.ENSP00000346037	9606.ENSP00000331019	0	0	0	0	0.830	0.766	0	0.357	0.972
RPLP1	RPS2	9606.ENSP00000346037	9606.ENSP00000341885	0	0	0	0	0.981	0.993	0	0.624	0.999
RPLP1	RPS21	9606.ENSP00000346037	9606.ENSP00000345957	0	0	0	0	0.991	0.985	0	0.516	0.999
RPLP1	RPS4Y2	9606.ENSP00000346037	9606.ENSP00000486252	0	0	0	0	0.806	0.699	0	0.136	0.945
RPLP1	RPS19	9606.ENSP00000346037	9606.ENSP00000470972	0.167	0	0	0	0.999	0.992	0	0.500	0.999
RPLP1	RPSA	9606.ENSP00000346037	9606.ENSP00000389351	0	0	0	0	0.976	0.965	0	0.539	0.999
RPLP1	RPS18	9606.ENSP00000346037	9606.ENSP00000393241	0	0	0	0	0.991	0.982	0	0.498	0.999
RPLP1	RPS16	9606.ENSP00000346037	9606.ENSP00000367806	0	0	0	0	0.981	0.992	0	0.364	0.999
RPLP1	RPS24	9606.ENSP00000346037	9606.ENSP00000414321	0	0	0	0	0.991	0.983	0	0.680	0.999
RPLP1	RPS10	9606.ENSP00000346037	9606.ENSP00000481646	0	0	0	0	0.960	0.980	0	0.473	0.999
RPLP1	RPS25	9606.ENSP00000346037	9606.ENSP00000435096	0	0	0	0	0.991	0.987	0	0.710	0.999
RPLP1	RPS20	9606.ENSP00000346037	9606.ENSP00000429374	0	0	0	0	0.991	0.990	0	0.647	0.999
RPLP1	RPS8	9606.ENSP00000346037	9606.ENSP00000379888	0	0	0	0	0.995	0.990	0	0.588	0.999
RPLP1	RPS15	9606.ENSP00000346037	9606.ENSP00000466010	0	0	0	0	0.991	0.987	0	0.577	0.999
RPLP1	RPS6	9606.ENSP00000346037	9606.ENSP00000369757	0	0	0	0	0.985	0.990	0	0.495	0.999
RPLP1	UBA52	9606.ENSP00000346037	9606.ENSP00000388107	0	0	0	0	0.965	0.975	0	0.452	0.999
RPLP1	RPS17	9606.ENSP00000346037	9606.ENSP00000498019	0	0	0	0	0.986	0.986	0	0.389	0.999
RPLP1	RPS7	9606.ENSP00000346037	9606.ENSP00000495273	0	0	0	0	0.981	0.988	0	0.235	0.999
RPLP1	RPS4X	9606.ENSP00000346037	9606.ENSP00000362744	0	0	0	0	0.953	0.973	0	0.327	0.999
RPLP1	RPS28	9606.ENSP00000346037	9606.ENSP00000472469	0	0	0	0	0.991	0.979	0	0.717	0.999
RPLP1	RPS5	9606.ENSP00000346037	9606.ENSP00000472985	0	0	0	0	0.979	0.950	0	0.461	0.999
RPLP1	RPS26	9606.ENSP00000346037	9606.ENSP00000348849	0	0	0	0	0.981	0.989	0	0.534	0.999
RPLP1	RPS29	9606.ENSP00000346037	9606.ENSP00000379339	0	0	0	0	0.980	0.953	0	0.432	0.999
RPLP1	RPS27	9606.ENSP00000346037	9606.ENSP00000499044	0	0	0	0	0.999	0.951	0	0.569	0.999
RPLP1	RPS3A	9606.ENSP00000346037	9606.ENSP00000346050	0	0	0	0	0.991	0.988	0	0.613	0.999
RPLP1	RPS13	9606.ENSP00000346037	9606.ENSP00000435777	0	0	0	0	0.991	0.978	0	0.665	0.999
RPLP1	RPLP2	9606.ENSP00000346037	9606.ENSP00000431240	0	0	0	0	0.997	0.997	0.900	0.941	0.999
RPLP1	RPS14	9606.ENSP00000346037	9606.ENSP00000385958	0	0	0	0	0.999	0.954	0	0.325	0.999
RPLP1	RPS9	9606.ENSP00000346037	9606.ENSP00000375632	0	0	0	0	0.974	0.977	0	0.574	0.999
RPLP2	RPS12	9606.ENSP00000431240	9606.ENSP00000230050	0	0	0	0	0.991	0.892	0	0.352	0.999
RPLP2	RPS4Y1	9606.ENSP00000431240	9606.ENSP00000250784	0	0	0	0	0.781	0.700	0	0.269	0.947
RPLP2	RPS11	9606.ENSP00000431240	9606.ENSP00000270625	0	0	0	0	0.991	0.985	0	0.485	0.999
RPLP2	RPS27A	9606.ENSP00000431240	9606.ENSP00000272317	0	0	0	0	0.980	0.950	0	0.518	0.999
RPLP2	RPS3	9606.ENSP00000431240	9606.ENSP00000278572	0	0	0	0	0.981	0.993	0	0.584	0.999
RPLP2	RPS23	9606.ENSP00000431240	9606.ENSP00000296674	0	0	0	0	0.986	0.991	0	0.292	0.999
RPLP2	RPS15A	9606.ENSP00000431240	9606.ENSP00000318646	0	0	0	0	0.834	0.931	0	0.452	0.993
RPLP2	RPS27L	9606.ENSP00000431240	9606.ENSP00000331019	0	0	0	0	0.830	0.842	0	0.402	0.982
RPLP2	RPS2	9606.ENSP00000431240	9606.ENSP00000341885	0	0	0	0	0.989	0.992	0	0.295	0.999
RPLP2	RPS21	9606.ENSP00000431240	9606.ENSP00000345957	0	0	0	0	0.981	0.987	0	0.337	0.999
RPLP2	RPS3A	9606.ENSP00000431240	9606.ENSP00000346050	0	0	0	0	0.980	0.965	0	0.310	0.999
RPLP2	RPS26	9606.ENSP00000431240	9606.ENSP00000348849	0	0	0	0	0.985	0.962	0	0.465	0.999
RPLP2	RPS4X	9606.ENSP00000431240	9606.ENSP00000362744	0	0	0	0	0.915	0.962	0	0.279	0.997
RPLP2	RPS16	9606.ENSP00000431240	9606.ENSP00000367806	0	0	0	0	0.991	0.992	0	0.405	0.999
RPLP2	RPS6	9606.ENSP00000431240	9606.ENSP00000369757	0	0	0	0	0.954	0.969	0	0.493	0.999
RPLP2	RPS9	9606.ENSP00000431240	9606.ENSP00000375632	0	0	0	0	0.977	0.986	0	0.379	0.999
RPLP2	RPS29	9606.ENSP00000431240	9606.ENSP00000379339	0	0	0	0	0.980	0.952	0	0.369	0.999
RPLP2	RPS8	9606.ENSP00000431240	9606.ENSP00000379888	0	0	0	0	0.994	0.980	0	0.419	0.999
RPLP2	RPS14	9606.ENSP00000431240	9606.ENSP00000385958	0	0	0	0	0.959	0.965	0	0.356	0.999
RPLP2	UBA52	9606.ENSP00000431240	9606.ENSP00000388107	0	0	0	0	0.952	0.986	0	0.487	0.999
RPLP2	RPSA	9606.ENSP00000431240	9606.ENSP00000389351	0	0	0	0	0.972	0.965	0	0.528	0.999
RPLP2	RPS18	9606.ENSP00000431240	9606.ENSP00000393241	0	0	0	0	0.981	0.982	0	0.426	0.999
RPLP2	RPS24	9606.ENSP00000431240	9606.ENSP00000414321	0	0	0	0	0.990	0.987	0	0.356	0.999
RPLP2	RPS20	9606.ENSP00000431240	9606.ENSP00000429374	0	0	0	0	0.983	0.993	0	0.526	0.999
RPLP2	RPS4Y2	9606.ENSP00000431240	9606.ENSP00000486252	0	0	0	0	0.781	0.700	0	0.164	0.940
RPLP2	RPS10	9606.ENSP00000431240	9606.ENSP00000481646	0	0	0	0	0.914	0.931	0	0.414	0.996
RPLP2	RPS7	9606.ENSP00000431240	9606.ENSP00000495273	0	0	0	0	0.953	0.973	0	0.239	0.998
RPLP2	RPS19	9606.ENSP00000431240	9606.ENSP00000470972	0	0	0	0	0.992	0.989	0	0.572	0.999
RPLP2	RPS17	9606.ENSP00000431240	9606.ENSP00000498019	0	0	0	0	0.957	0.987	0	0.220	0.999
RPLP2	RPS28	9606.ENSP00000431240	9606.ENSP00000472469	0	0	0	0	0.984	0.983	0	0.402	0.999
RPLP2	RPS5	9606.ENSP00000431240	9606.ENSP00000472985	0	0	0	0	0.978	0.953	0	0.503	0.999
RPLP2	RPS25	9606.ENSP00000431240	9606.ENSP00000435096	0	0	0	0	0.980	0.991	0	0.562	0.999
RPLP2	RPS15	9606.ENSP00000431240	9606.ENSP00000466010	0	0	0	0	0.990	0.988	0	0.604	0.999
RPLP2	RPS27	9606.ENSP00000431240	9606.ENSP00000499044	0	0	0	0	0.998	0.970	0	0.439	0.999
RPLP2	RPS13	9606.ENSP00000431240	9606.ENSP00000435777	0	0	0	0	0.990	0.973	0	0.365	0.999
RPS10	RPS12	9606.ENSP00000481646	9606.ENSP00000230050	0	0	0	0	0.999	0.993	0.900	0.421	0.999
RPS10	RPS4Y1	9606.ENSP00000481646	9606.ENSP00000250784	0	0	0	0	0.621	0.911	0.540	0.222	0.986
RPS10	RPS11	9606.ENSP00000481646	9606.ENSP00000270625	0	0	0	0	0.961	0.986	0.900	0.725	0.999
RPS10	RPS27A	9606.ENSP00000481646	9606.ENSP00000272317	0	0	0	0	0.929	0.978	0.900	0.450	0.999
RPS10	RPS3	9606.ENSP00000481646	9606.ENSP00000278572	0	0	0	0	0.960	0.993	0.900	0.869	0.999
RPS10	RPS23	9606.ENSP00000481646	9606.ENSP00000296674	0	0	0	0	0.965	0.981	0.900	0.514	0.999
RPS10	RPS15A	9606.ENSP00000481646	9606.ENSP00000318646	0	0	0	0	0.999	0.951	0.900	0.573	0.999
RPS10	RPS27L	9606.ENSP00000481646	9606.ENSP00000331019	0	0	0	0	0.651	0.749	0.540	0.371	0.971
RPS10	RPS2	9606.ENSP00000481646	9606.ENSP00000341885	0	0	0	0	0.954	0.992	0.900	0.741	0.999
RPS10	RPS21	9606.ENSP00000481646	9606.ENSP00000345957	0	0	0	0	0.962	0.969	0.900	0.231	0.999
RPS10	RPS3A	9606.ENSP00000481646	9606.ENSP00000346050	0	0	0	0	0.963	0.986	0.900	0.624	0.999
RPS10	RPS26	9606.ENSP00000481646	9606.ENSP00000348849	0	0	0	0	0.959	0.986	0.900	0.937	0.999
RPS10	RPS4X	9606.ENSP00000481646	9606.ENSP00000362744	0	0	0	0	0.913	0.970	0.900	0.412	0.999
RPS10	SECISBP2	9606.ENSP00000481646	9606.ENSP00000364965	0	0	0	0	0.049	0.806	0	0.081	0.815
RPS10	RPS16	9606.ENSP00000481646	9606.ENSP00000367806	0	0	0	0	0.999	0.990	0.900	0.771	0.999
RPS10	RPS6	9606.ENSP00000481646	9606.ENSP00000369757	0	0	0	0	0.959	0.985	0.900	0.745	0.999
RPS10	RPS9	9606.ENSP00000481646	9606.ENSP00000375632	0	0	0	0	0.950	0.983	0.900	0.946	0.999
RPS10	RPS29	9606.ENSP00000481646	9606.ENSP00000379339	0	0	0	0	0.961	0.989	0.900	0.973	0.999
RPS10	RPS8	9606.ENSP00000481646	9606.ENSP00000379888	0	0	0	0	0.961	0.986	0.900	0.767	0.999
RPS10	RPS14	9606.ENSP00000481646	9606.ENSP00000385958	0	0	0	0	0.928	0.979	0.900	0.721	0.999
RPS10	UBA52	9606.ENSP00000481646	9606.ENSP00000388107	0	0	0	0	0.870	0.967	0.540	0.351	0.998
RPS10	RPSA	9606.ENSP00000481646	9606.ENSP00000389351	0	0	0	0	0.962	0.987	0.900	0.473	0.999
RPS10	RPS18	9606.ENSP00000481646	9606.ENSP00000393241	0	0	0	0	0.961	0.986	0.900	0.614	0.999
RPS10	RPS24	9606.ENSP00000481646	9606.ENSP00000414321	0	0	0	0	0.960	0.980	0.900	0.926	0.999
RPS10	RPS20	9606.ENSP00000481646	9606.ENSP00000429374	0	0	0	0	0.978	0.987	0.900	0.870	0.999
RPS10	RPS25	9606.ENSP00000481646	9606.ENSP00000435096	0	0	0	0	0.959	0.986	0.900	0.644	0.999
RPS10	RPS13	9606.ENSP00000481646	9606.ENSP00000435777	0	0	0	0	0.961	0.986	0.900	0.788	0.999
RPS10	RPS15	9606.ENSP00000481646	9606.ENSP00000466010	0	0	0	0	0.963	0.973	0.900	0.825	0.999
RPS10	RPS19	9606.ENSP00000481646	9606.ENSP00000470972	0	0	0	0	0.960	0.988	0.900	0.937	0.999
RPS10	RPS28	9606.ENSP00000481646	9606.ENSP00000472469	0	0	0	0	0.958	0.969	0.900	0.831	0.999
RPS10	RPS5	9606.ENSP00000481646	9606.ENSP00000472985	0	0	0	0	0.972	0.981	0.900	0.966	0.999
RPS10	RPS4Y2	9606.ENSP00000481646	9606.ENSP00000486252	0	0	0	0	0.621	0.620	0.540	0.163	0.937
RPS10	RPS7	9606.ENSP00000481646	9606.ENSP00000495273	0	0	0	0	0.961	0.986	0.900	0.568	0.999
RPS10	RPS17	9606.ENSP00000481646	9606.ENSP00000498019	0	0	0	0	0.959	0.976	0.900	0.925	0.999
RPS10	RPS27	9606.ENSP00000481646	9606.ENSP00000499044	0	0	0	0	0.909	0.952	0.900	0.690	0.999
RPS11	RPS12	9606.ENSP00000270625	9606.ENSP00000230050	0.094	0	0	0	0.982	0.997	0.900	0.295	0.999
RPS11	RPS4Y1	9606.ENSP00000270625	9606.ENSP00000250784	0.115	0	0	0	0.806	0.977	0.540	0.264	0.998
RPS11	SECISBP2	9606.ENSP00000270625	9606.ENSP00000364965	0	0	0	0	0.067	0.800	0	0.053	0.808
RPS11	RPS4Y2	9606.ENSP00000270625	9606.ENSP00000486252	0.115	0	0	0	0.806	0.780	0.540	0.169	0.982
RPS11	RPS27L	9606.ENSP00000270625	9606.ENSP00000331019	0	0	0	0	0.836	0.904	0.540	0.462	0.995
RPS11	RPS24	9606.ENSP00000270625	9606.ENSP00000414321	0	0	0	0	0.991	0.993	0.900	0.717	0.999
RPS11	RPS21	9606.ENSP00000270625	9606.ENSP00000345957	0	0	0	0	0.991	0.995	0.900	0.571	0.999
RPS11	RPS18	9606.ENSP00000270625	9606.ENSP00000393241	0.231	0	0	0	0.991	0.993	0.900	0.844	0.999
RPS11	RPS16	9606.ENSP00000270625	9606.ENSP00000367806	0.115	0	0	0	0.991	0.996	0.900	0.829	0.999
RPS11	RPS19	9606.ENSP00000270625	9606.ENSP00000470972	0	0	0	0	0.991	0.996	0.900	0.770	0.999
RPS11	RPSA	9606.ENSP00000270625	9606.ENSP00000389351	0.058	0	0	0	0.980	0.994	0.900	0.518	0.999
RPS11	RPS4X	9606.ENSP00000270625	9606.ENSP00000362744	0.115	0	0	0	0.955	0.992	0.900	0.438	0.999
RPS11	RPS7	9606.ENSP00000270625	9606.ENSP00000495273	0	0	0	0	0.990	0.995	0.900	0.460	0.999
RPS11	RPS28	9606.ENSP00000270625	9606.ENSP00000472469	0	0	0	0	0.990	0.993	0.900	0.605	0.999
RPS11	RPS5	9606.ENSP00000270625	9606.ENSP00000472985	0.115	0	0	0	0.991	0.994	0.900	0.708	0.999
RPS11	RPS17	9606.ENSP00000270625	9606.ENSP00000498019	0	0	0	0	0.986	0.996	0.900	0.892	0.999
RPS11	RPS8	9606.ENSP00000270625	9606.ENSP00000379888	0	0	0	0	0.992	0.997	0.900	0.886	0.999
RPS11	RPS15	9606.ENSP00000270625	9606.ENSP00000466010	0.231	0	0	0	0.991	0.993	0.900	0.736	0.999
RPS11	RPS2	9606.ENSP00000270625	9606.ENSP00000341885	0.120	0	0	0	0.991	0.995	0.900	0.849	0.999
RPS11	UBA52	9606.ENSP00000270625	9606.ENSP00000388107	0	0	0	0	0.977	0.991	0.540	0.611	0.999
RPS11	RPS6	9606.ENSP00000270625	9606.ENSP00000369757	0	0	0	0	0.991	0.995	0.900	0.849	0.999
RPS11	RPS25	9606.ENSP00000270625	9606.ENSP00000435096	0	0	0	0	0.982	0.995	0.900	0.684	0.999
RPS11	RPS20	9606.ENSP00000270625	9606.ENSP00000429374	0.120	0	0	0	0.991	0.996	0.900	0.718	0.999
RPS11	RPS27	9606.ENSP00000270625	9606.ENSP00000499044	0	0	0	0	0.962	0.979	0.900	0.593	0.999
RPS11	RPS29	9606.ENSP00000270625	9606.ENSP00000379339	0.115	0	0	0	0.991	0.993	0.900	0.603	0.999
RPS11	RPS26	9606.ENSP00000270625	9606.ENSP00000348849	0	0	0	0	0.990	0.995	0.900	0.600	0.999
RPS11	RPS9	9606.ENSP00000270625	9606.ENSP00000375632	0.120	0	0	0	0.990	0.994	0.900	0.835	0.999
RPS11	RPS23	9606.ENSP00000270625	9606.ENSP00000296674	0.120	0	0	0	0.991	0.997	0.900	0.781	0.999
RPS11	RPS14	9606.ENSP00000270625	9606.ENSP00000385958	0.115	0	0	0	0.961	0.996	0.900	0.911	0.999
RPS11	RPS15A	9606.ENSP00000270625	9606.ENSP00000318646	0.091	0	0	0	0.929	0.994	0.900	0.706	0.999
RPS11	RPS3A	9606.ENSP00000270625	9606.ENSP00000346050	0	0	0	0	0.991	0.995	0.900	0.645	0.999
RPS11	RPS13	9606.ENSP00000270625	9606.ENSP00000435777	0	0	0	0	0.991	0.997	0.900	0.759	0.999
RPS11	RPS27A	9606.ENSP00000270625	9606.ENSP00000272317	0	0	0	0	0.979	0.992	0.900	0.547	0.999
RPS11	RPS3	9606.ENSP00000270625	9606.ENSP00000278572	0.231	0	0	0	0.991	0.995	0.900	0.776	0.999
RPS12	SECISBP2	9606.ENSP00000230050	9606.ENSP00000364965	0	0	0	0	0.074	0.802	0	0	0.809
RPS12	RPS4Y2	9606.ENSP00000230050	9606.ENSP00000486252	0	0	0	0	0.788	0.782	0.540	0.166	0.979
RPS12	RPS27L	9606.ENSP00000230050	9606.ENSP00000331019	0	0	0	0	0.706	0.908	0.540	0.208	0.988
RPS12	RPS4Y1	9606.ENSP00000230050	9606.ENSP00000250784	0	0	0	0	0.788	0.954	0.540	0.166	0.995
RPS12	RPS27	9606.ENSP00000230050	9606.ENSP00000499044	0	0	0	0	0.932	0.969	0.900	0.208	0.999
RPS12	RPS26	9606.ENSP00000230050	9606.ENSP00000348849	0	0	0	0	0.970	0.995	0.900	0.430	0.999
RPS12	RPS29	9606.ENSP00000230050	9606.ENSP00000379339	0.057	0	0	0	0.981	0.991	0.900	0.302	0.999
RPS12	RPS15A	9606.ENSP00000230050	9606.ENSP00000318646	0.046	0	0	0	0.942	0.981	0.900	0.137	0.999
RPS12	RPS14	9606.ENSP00000230050	9606.ENSP00000385958	0.061	0	0	0	0.961	0.981	0.900	0.386	0.999
RPS12	RPS23	9606.ENSP00000230050	9606.ENSP00000296674	0.071	0	0	0	0.992	0.995	0.900	0.406	0.999
RPS12	RPS9	9606.ENSP00000230050	9606.ENSP00000375632	0.070	0	0	0	0.990	0.993	0.900	0.342	0.999
RPS12	RPS3	9606.ENSP00000230050	9606.ENSP00000278572	0.095	0	0	0	0.991	0.995	0.900	0.376	0.999
RPS12	RPS13	9606.ENSP00000230050	9606.ENSP00000435777	0.061	0	0	0	0.994	0.995	0.900	0.369	0.999
RPS12	RPS3A	9606.ENSP00000230050	9606.ENSP00000346050	0	0	0	0	0.991	0.996	0.900	0.236	0.999
RPS12	RPS27A	9606.ENSP00000230050	9606.ENSP00000272317	0	0	0	0	0.963	0.996	0.900	0.289	0.999
RPS12	RPS21	9606.ENSP00000230050	9606.ENSP00000345957	0	0	0	0	0.984	0.993	0.900	0.126	0.999
RPS12	RPS24	9606.ENSP00000230050	9606.ENSP00000414321	0.076	0	0	0	0.992	0.992	0.900	0.324	0.999
RPS12	RPSA	9606.ENSP00000230050	9606.ENSP00000389351	0.057	0	0	0	0.991	0.994	0.900	0.599	0.999
RPS12	RPS19	9606.ENSP00000230050	9606.ENSP00000470972	0.054	0	0	0	0.991	0.995	0.900	0.405	0.999
RPS12	RPS18	9606.ENSP00000230050	9606.ENSP00000393241	0.099	0	0	0	0.990	0.993	0.900	0.421	0.999
RPS12	RPS16	9606.ENSP00000230050	9606.ENSP00000367806	0.061	0	0	0	0.991	0.995	0.900	0.325	0.999
RPS12	RPS17	9606.ENSP00000230050	9606.ENSP00000498019	0	0	0	0	0.954	0.991	0.900	0.455	0.999
RPS12	RPS28	9606.ENSP00000230050	9606.ENSP00000472469	0.099	0	0	0	0.980	0.993	0.900	0.261	0.999
RPS12	RPS5	9606.ENSP00000230050	9606.ENSP00000472985	0.061	0	0	0	0.991	0.994	0.900	0.315	0.999
RPS12	RPS4X	9606.ENSP00000230050	9606.ENSP00000362744	0	0	0	0	0.951	0.984	0.900	0.224	0.999
RPS12	RPS7	9606.ENSP00000230050	9606.ENSP00000495273	0	0	0	0	0.981	0.993	0.900	0.385	0.999
RPS12	RPS20	9606.ENSP00000230050	9606.ENSP00000429374	0.071	0	0	0	0.988	0.994	0.900	0.349	0.999
RPS12	RPS25	9606.ENSP00000230050	9606.ENSP00000435096	0	0	0	0	0.985	0.993	0.900	0.619	0.999
RPS12	UBA52	9606.ENSP00000230050	9606.ENSP00000388107	0	0	0	0	0.932	0.991	0.540	0.265	0.999
RPS12	RPS6	9606.ENSP00000230050	9606.ENSP00000369757	0.099	0	0	0	0.982	0.995	0.900	0.390	0.999
RPS12	RPS15	9606.ENSP00000230050	9606.ENSP00000466010	0.098	0	0	0	0.991	0.991	0.900	0.406	0.999
RPS12	RPS2	9606.ENSP00000230050	9606.ENSP00000341885	0.055	0	0	0	0.991	0.995	0.900	0.326	0.999
RPS12	RPS8	9606.ENSP00000230050	9606.ENSP00000379888	0	0	0	0	0.992	0.995	0.900	0.391	0.999
RPS13	RPS4Y1	9606.ENSP00000435777	9606.ENSP00000250784	0	0	0	0	0.806	0.954	0.540	0.183	0.996
RPS13	RPS27A	9606.ENSP00000435777	9606.ENSP00000272317	0	0	0	0	0.991	0.992	0.900	0.342	0.999
RPS13	RPS3	9606.ENSP00000435777	9606.ENSP00000278572	0	0	0	0	0.993	0.995	0.900	0.834	0.999
RPS13	RPS23	9606.ENSP00000435777	9606.ENSP00000296674	0.042	0	0	0	0.991	0.995	0.900	0.708	0.999
RPS13	RPS15A	9606.ENSP00000435777	9606.ENSP00000318646	0	0	0	0	0.945	0.990	0.900	0.490	0.999
RPS13	RPS27L	9606.ENSP00000435777	9606.ENSP00000331019	0	0	0	0	0.835	0.887	0.540	0.372	0.993
RPS13	RPS2	9606.ENSP00000435777	9606.ENSP00000341885	0	0	0	0	0.991	0.995	0.900	0.718	0.999
RPS13	RPS21	9606.ENSP00000435777	9606.ENSP00000345957	0	0	0	0	0.991	0.992	0.900	0.433	0.999
RPS13	RPS3A	9606.ENSP00000435777	9606.ENSP00000346050	0.115	0	0	0	0.992	0.995	0.900	0.677	0.999
RPS13	RPS26	9606.ENSP00000435777	9606.ENSP00000348849	0	0	0	0	0.990	0.995	0.900	0.615	0.999
RPS13	RPS4X	9606.ENSP00000435777	9606.ENSP00000362744	0	0	0	0	0.954	0.982	0.900	0.392	0.999
RPS13	SECISBP2	9606.ENSP00000435777	9606.ENSP00000364965	0	0	0	0	0.062	0.804	0	0.185	0.837
RPS13	RPS16	9606.ENSP00000435777	9606.ENSP00000367806	0.042	0	0	0	0.991	0.996	0.900	0.707	0.999
RPS13	RPS6	9606.ENSP00000435777	9606.ENSP00000369757	0.090	0	0	0	0.994	0.995	0.900	0.578	0.999
RPS13	RPS9	9606.ENSP00000435777	9606.ENSP00000375632	0.054	0	0	0	0.990	0.995	0.900	0.783	0.999
RPS13	RPS29	9606.ENSP00000435777	9606.ENSP00000379339	0	0	0	0	0.991	0.992	0.900	0.645	0.999
RPS13	RPS8	9606.ENSP00000435777	9606.ENSP00000379888	0	0	0	0	0.991	0.996	0.900	0.803	0.999
RPS13	RPS14	9606.ENSP00000435777	9606.ENSP00000385958	0.045	0	0	0	0.963	0.994	0.900	0.788	0.999
RPS13	UBA52	9606.ENSP00000435777	9606.ENSP00000388107	0	0	0	0	0.981	0.991	0.540	0.359	0.999
RPS13	RPSA	9606.ENSP00000435777	9606.ENSP00000389351	0.069	0	0	0	0.981	0.995	0.900	0.392	0.999
RPS13	RPS18	9606.ENSP00000435777	9606.ENSP00000393241	0.045	0	0	0	0.991	0.993	0.900	0.670	0.999
RPS13	RPS24	9606.ENSP00000435777	9606.ENSP00000414321	0.115	0	0	0	0.991	0.992	0.900	0.735	0.999
RPS13	RPS20	9606.ENSP00000435777	9606.ENSP00000429374	0	0	0	0	0.992	0.994	0.900	0.803	0.999
RPS13	RPS25	9606.ENSP00000435777	9606.ENSP00000435096	0	0	0	0	0.991	0.995	0.900	0.600	0.999
RPS13	RPS4Y2	9606.ENSP00000435777	9606.ENSP00000486252	0	0	0	0	0.806	0.782	0.540	0.154	0.981
RPS13	RPS27	9606.ENSP00000435777	9606.ENSP00000499044	0	0	0	0	0.962	0.989	0.900	0.690	0.999
RPS13	RPS19	9606.ENSP00000435777	9606.ENSP00000470972	0	0	0	0	0.991	0.996	0.900	0.845	0.999
RPS13	RPS15	9606.ENSP00000435777	9606.ENSP00000466010	0	0	0	0	0.991	0.993	0.900	0.734	0.999
RPS13	RPS17	9606.ENSP00000435777	9606.ENSP00000498019	0.042	0	0	0	0.979	0.992	0.900	0.763	0.999
RPS13	RPS7	9606.ENSP00000435777	9606.ENSP00000495273	0	0	0	0	0.991	0.996	0.900	0.486	0.999
RPS13	RPS5	9606.ENSP00000435777	9606.ENSP00000472985	0	0	0	0	0.991	0.993	0.900	0.750	0.999
RPS13	RPS28	9606.ENSP00000435777	9606.ENSP00000472469	0	0	0	0	0.991	0.992	0.900	0.750	0.999
RPS14	RPS4Y1	9606.ENSP00000385958	9606.ENSP00000250784	0.069	0	0	0	0.655	0.914	0.540	0.199	0.988
RPS14	RPS27A	9606.ENSP00000385958	9606.ENSP00000272317	0	0	0	0	0.982	0.967	0.900	0.451	0.999
RPS14	RPS3	9606.ENSP00000385958	9606.ENSP00000278572	0.115	0	0	0	0.999	0.994	0.900	0.872	0.999
RPS14	RPS23	9606.ENSP00000385958	9606.ENSP00000296674	0.102	0	0	0	0.980	0.994	0.900	0.633	0.999
RPS14	RPS15A	9606.ENSP00000385958	9606.ENSP00000318646	0.058	0.351	0	0	0.918	0.977	0.900	0.570	0.999
RPS14	RPS27L	9606.ENSP00000385958	9606.ENSP00000331019	0	0	0	0	0.704	0.763	0.540	0.636	0.986
RPS14	RPS2	9606.ENSP00000385958	9606.ENSP00000341885	0.102	0	0	0	0.960	0.994	0.900	0.734	0.999
RPS14	RPS21	9606.ENSP00000385958	9606.ENSP00000345957	0	0	0	0	0.960	0.986	0.900	0.577	0.999
RPS14	RPS3A	9606.ENSP00000385958	9606.ENSP00000346050	0	0	0	0	0.961	0.997	0.900	0.593	0.999
RPS14	RPS26	9606.ENSP00000385958	9606.ENSP00000348849	0	0	0	0	0.961	0.996	0.900	0.865	0.999
RPS14	RPS4X	9606.ENSP00000385958	9606.ENSP00000362744	0.069	0	0	0	0.919	0.966	0.900	0.596	0.999
RPS14	SECISBP2	9606.ENSP00000385958	9606.ENSP00000364965	0	0	0	0	0.055	0.808	0	0.088	0.821
RPS14	RPS16	9606.ENSP00000385958	9606.ENSP00000367806	0.091	0	0	0	0.961	0.996	0.900	0.821	0.999
RPS14	RPS6	9606.ENSP00000385958	9606.ENSP00000369757	0	0	0	0	0.977	0.994	0.900	0.828	0.999
RPS14	RPS9	9606.ENSP00000385958	9606.ENSP00000375632	0.102	0	0	0	0.960	0.988	0.900	0.859	0.999
RPS14	RPS29	9606.ENSP00000385958	9606.ENSP00000379339	0.091	0	0	0	0.964	0.994	0.900	0.692	0.999
RPS14	RPS8	9606.ENSP00000385958	9606.ENSP00000379888	0	0	0	0	0.973	0.993	0.900	0.885	0.999
RPS14	RPS4Y2	9606.ENSP00000385958	9606.ENSP00000486252	0.069	0	0	0	0.655	0.591	0.540	0.198	0.942
RPS14	RPS19	9606.ENSP00000385958	9606.ENSP00000470972	0	0	0	0	0.999	0.991	0.900	0.898	0.999
RPS14	RPSA	9606.ENSP00000385958	9606.ENSP00000389351	0.070	0	0	0	0.959	0.993	0.900	0.590	0.999
RPS14	RPS18	9606.ENSP00000385958	9606.ENSP00000393241	0.115	0	0	0	0.961	0.991	0.900	0.820	0.999
RPS14	RPS24	9606.ENSP00000385958	9606.ENSP00000414321	0	0	0	0	0.961	0.987	0.900	0.756	0.999
RPS14	RPS25	9606.ENSP00000385958	9606.ENSP00000435096	0	0	0	0	0.960	0.990	0.900	0.755	0.999
RPS14	RPS20	9606.ENSP00000385958	9606.ENSP00000429374	0.102	0	0	0	0.966	0.991	0.900	0.825	0.999
RPS14	RPS15	9606.ENSP00000385958	9606.ENSP00000466010	0.115	0	0	0	0.961	0.991	0.900	0.823	0.999
RPS14	UBA52	9606.ENSP00000385958	9606.ENSP00000388107	0.076	0	0	0	0.919	0.973	0.540	0.335	0.999
RPS14	RPS17	9606.ENSP00000385958	9606.ENSP00000498019	0	0	0	0	0.932	0.967	0.900	0.833	0.999
RPS14	RPS7	9606.ENSP00000385958	9606.ENSP00000495273	0	0	0	0	0.958	0.992	0.900	0.540	0.999
RPS14	RPS28	9606.ENSP00000385958	9606.ENSP00000472469	0	0	0	0	0.960	0.994	0.900	0.787	0.999
RPS14	RPS5	9606.ENSP00000385958	9606.ENSP00000472985	0.091	0	0	0	0.960	0.996	0.900	0.684	0.999
RPS14	RPS27	9606.ENSP00000385958	9606.ENSP00000499044	0	0	0	0	0.964	0.972	0.900	0.793	0.999
RPS15	RPS4Y1	9606.ENSP00000466010	9606.ENSP00000250784	0.115	0	0	0	0.807	0.957	0.540	0.315	0.997
RPS15	RPS27A	9606.ENSP00000466010	9606.ENSP00000272317	0	0	0	0	0.977	0.991	0.900	0.745	0.999
RPS15	RPS3	9606.ENSP00000466010	9606.ENSP00000278572	0.231	0	0	0	0.990	0.994	0.900	0.744	0.999
RPS15	RPS23	9606.ENSP00000466010	9606.ENSP00000296674	0.120	0	0	0	0.986	0.993	0.900	0.642	0.999
RPS15	RPS15A	9606.ENSP00000466010	9606.ENSP00000318646	0.091	0	0	0	0.946	0.972	0.900	0.565	0.999
RPS15	RPS27L	9606.ENSP00000466010	9606.ENSP00000331019	0	0	0	0	0.834	0.841	0.540	0.551	0.993
RPS15	RPS2	9606.ENSP00000466010	9606.ENSP00000341885	0.120	0	0	0	0.981	0.994	0.900	0.715	0.999
RPS15	RPS21	9606.ENSP00000466010	9606.ENSP00000345957	0	0	0	0	0.990	0.991	0.900	0.577	0.999
RPS15	RPS3A	9606.ENSP00000466010	9606.ENSP00000346050	0	0	0	0	0.991	0.995	0.900	0.625	0.999
RPS15	RPS26	9606.ENSP00000466010	9606.ENSP00000348849	0	0	0	0	0.981	0.992	0.900	0.717	0.999
RPS15	RPS4X	9606.ENSP00000466010	9606.ENSP00000362744	0.115	0	0	0	0.906	0.966	0.900	0.675	0.999
RPS15	SECISBP2	9606.ENSP00000466010	9606.ENSP00000364965	0	0	0	0	0.083	0.811	0	0.052	0.822
RPS15	SRM	9606.ENSP00000466010	9606.ENSP00000366156	0	0	0	0	0.405	0	0	0	0.405
RPS15	RPS16	9606.ENSP00000466010	9606.ENSP00000367806	0.115	0	0	0	0.994	0.996	0.900	0.776	0.999
RPS15	RPS6	9606.ENSP00000466010	9606.ENSP00000369757	0	0	0	0	0.991	0.995	0.900	0.594	0.999
RPS15	RPS9	9606.ENSP00000466010	9606.ENSP00000375632	0.120	0	0	0	0.977	0.994	0.900	0.724	0.999
RPS15	RPS29	9606.ENSP00000466010	9606.ENSP00000379339	0.115	0	0	0	0.991	0.995	0.900	0.647	0.999
RPS15	RPS8	9606.ENSP00000466010	9606.ENSP00000379888	0	0	0	0	0.985	0.993	0.900	0.721	0.999
RPS15	UBA52	9606.ENSP00000466010	9606.ENSP00000388107	0	0	0	0	0.976	0.991	0.540	0.502	0.999
RPS15	RPSA	9606.ENSP00000466010	9606.ENSP00000389351	0.058	0	0	0	0.974	0.993	0.900	0.600	0.999
RPS15	RPS18	9606.ENSP00000466010	9606.ENSP00000393241	0.231	0	0	0	0.990	0.997	0.900	0.735	0.999
RPS15	RPS24	9606.ENSP00000466010	9606.ENSP00000414321	0	0	0	0	0.991	0.994	0.900	0.727	0.999
RPS15	RPS20	9606.ENSP00000466010	9606.ENSP00000429374	0.120	0	0	0	0.980	0.991	0.900	0.729	0.999
RPS15	RPS25	9606.ENSP00000466010	9606.ENSP00000435096	0	0	0	0	0.990	0.995	0.900	0.665	0.999
RPS15	RPS4Y2	9606.ENSP00000466010	9606.ENSP00000486252	0.115	0	0	0	0.807	0.785	0.540	0.229	0.984
RPS15	RPS5	9606.ENSP00000466010	9606.ENSP00000472985	0.115	0	0	0	0.991	0.991	0.900	0.756	0.999
RPS15	RPS28	9606.ENSP00000466010	9606.ENSP00000472469	0.046	0	0	0	0.991	0.992	0.900	0.860	0.999
RPS15	RPS7	9606.ENSP00000466010	9606.ENSP00000495273	0	0	0	0	0.991	0.993	0.900	0.447	0.999
RPS15	RPS17	9606.ENSP00000466010	9606.ENSP00000498019	0	0	0	0	0.971	0.993	0.900	0.690	0.999
RPS15	RPS19	9606.ENSP00000466010	9606.ENSP00000470972	0	0	0	0	0.991	0.995	0.900	0.795	0.999
RPS15	RPS27	9606.ENSP00000466010	9606.ENSP00000499044	0	0	0	0	0.961	0.979	0.900	0.659	0.999
RPS15A	RPS4Y1	9606.ENSP00000318646	9606.ENSP00000250784	0.058	0	0	0	0.579	0.947	0.540	0.320	0.992
RPS15A	RPS27A	9606.ENSP00000318646	9606.ENSP00000272317	0	0	0	0	0.928	0.963	0.900	0.326	0.999
RPS15A	RPS3	9606.ENSP00000318646	9606.ENSP00000278572	0.091	0	0	0	0.926	0.976	0.900	0.705	0.999
RPS15A	RPS23	9606.ENSP00000318646	9606.ENSP00000296674	0.061	0	0	0	0.999	0.990	0.900	0.698	0.999
RPS15A	SECISBP2	9606.ENSP00000318646	9606.ENSP00000364965	0	0	0	0	0.048	0.802	0	0.062	0.808
RPS15A	RPS4Y2	9606.ENSP00000318646	9606.ENSP00000486252	0.058	0	0	0	0.576	0.750	0.540	0.161	0.954
RPS15A	RPS27L	9606.ENSP00000318646	9606.ENSP00000331019	0	0	0	0	0.594	0.783	0.540	0.278	0.966
RPS15A	UBA52	9606.ENSP00000318646	9606.ENSP00000388107	0	0	0	0	0.666	0.962	0.540	0.339	0.995
RPS15A	RPS9	9606.ENSP00000318646	9606.ENSP00000375632	0.061	0	0	0	0.924	0.984	0.900	0.674	0.999
RPS15A	RPS3A	9606.ENSP00000318646	9606.ENSP00000346050	0	0	0	0	0.949	0.975	0.900	0.736	0.999
RPS15A	RPS27	9606.ENSP00000318646	9606.ENSP00000499044	0	0	0	0	0.897	0.977	0.900	0.762	0.999
RPS15A	RPS26	9606.ENSP00000318646	9606.ENSP00000348849	0	0	0	0	0.926	0.977	0.900	0.525	0.999
RPS15A	RPS29	9606.ENSP00000318646	9606.ENSP00000379339	0.058	0	0	0	0.951	0.963	0.900	0.724	0.999
RPS15A	RPS17	9606.ENSP00000318646	9606.ENSP00000498019	0	0	0	0	0.926	0.973	0.900	0.401	0.999
RPS15A	RPS5	9606.ENSP00000318646	9606.ENSP00000472985	0.058	0	0	0	0.927	0.974	0.900	0.681	0.999
RPS15A	RPS28	9606.ENSP00000318646	9606.ENSP00000472469	0	0	0	0	0.949	0.962	0.900	0.794	0.999
RPS15A	RPS7	9606.ENSP00000318646	9606.ENSP00000495273	0	0	0	0	0.928	0.992	0.900	0.380	0.999
RPS15A	RPS4X	9606.ENSP00000318646	9606.ENSP00000362744	0.058	0	0	0	0.901	0.970	0.900	0.684	0.999
RPS15A	RPS20	9606.ENSP00000318646	9606.ENSP00000429374	0.061	0	0	0	0.999	0.976	0.900	0.688	0.999
RPS15A	RPS25	9606.ENSP00000318646	9606.ENSP00000435096	0	0	0	0	0.926	0.967	0.900	0.682	0.999
RPS15A	RPS6	9606.ENSP00000318646	9606.ENSP00000369757	0	0	0	0	0.947	0.976	0.900	0.454	0.999
RPS15A	RPS2	9606.ENSP00000318646	9606.ENSP00000341885	0.061	0	0	0	0.924	0.990	0.900	0.752	0.999
RPS15A	RPS8	9606.ENSP00000318646	9606.ENSP00000379888	0	0	0	0	0.947	0.981	0.900	0.490	0.999
RPS15A	RPS21	9606.ENSP00000318646	9606.ENSP00000345957	0	0	0	0	0.947	0.987	0.900	0.476	0.999
RPS15A	RPS24	9606.ENSP00000318646	9606.ENSP00000414321	0	0	0	0	0.931	0.972	0.900	0.783	0.999
RPS15A	RPSA	9606.ENSP00000318646	9606.ENSP00000389351	0.052	0	0	0	0.927	0.976	0.900	0.413	0.999
RPS15A	RPS19	9606.ENSP00000318646	9606.ENSP00000470972	0	0	0	0	0.934	0.980	0.900	0.567	0.999
RPS15A	RPS16	9606.ENSP00000318646	9606.ENSP00000367806	0.058	0	0	0	0.944	0.980	0.900	0.637	0.999
RPS15A	RPS18	9606.ENSP00000318646	9606.ENSP00000393241	0.091	0	0	0	0.953	0.969	0.900	0.485	0.999
RPS16	RPS4Y1	9606.ENSP00000367806	9606.ENSP00000250784	0.042	0	0	0	0.801	0.954	0.540	0.232	0.996
RPS16	RPS27A	9606.ENSP00000367806	9606.ENSP00000272317	0	0	0	0	0.979	0.992	0.900	0.546	0.999
RPS16	RPS3	9606.ENSP00000367806	9606.ENSP00000278572	0.115	0	0	0	0.991	0.996	0.900	0.820	0.999
RPS16	RPS23	9606.ENSP00000367806	9606.ENSP00000296674	0.102	0	0	0	0.991	0.995	0.900	0.752	0.999
RPS16	RPS27L	9606.ENSP00000367806	9606.ENSP00000331019	0	0	0	0	0.834	0.904	0.540	0.358	0.994
RPS16	RPS2	9606.ENSP00000367806	9606.ENSP00000341885	0.102	0	0	0	0.986	0.996	0.900	0.821	0.999
RPS16	RPS21	9606.ENSP00000367806	9606.ENSP00000345957	0	0	0	0	0.990	0.993	0.900	0.541	0.999
RPS16	RPS3A	9606.ENSP00000367806	9606.ENSP00000346050	0	0	0	0	0.991	0.996	0.900	0.716	0.999
RPS16	RPS26	9606.ENSP00000367806	9606.ENSP00000348849	0	0	0	0	0.991	0.995	0.900	0.575	0.999
RPS16	RPS4X	9606.ENSP00000367806	9606.ENSP00000362744	0.042	0	0	0	0.953	0.985	0.900	0.566	0.999
RPS16	SECISBP2	9606.ENSP00000367806	9606.ENSP00000364965	0	0	0	0	0.058	0.800	0	0.053	0.806
RPS16	RPS4Y2	9606.ENSP00000367806	9606.ENSP00000486252	0.042	0	0	0	0.801	0.814	0.540	0.231	0.985
RPS16	RPS27	9606.ENSP00000367806	9606.ENSP00000499044	0	0	0	0	0.961	0.981	0.900	0.621	0.999
RPS16	RPS29	9606.ENSP00000367806	9606.ENSP00000379339	0.091	0	0	0	0.991	0.992	0.900	0.706	0.999
RPS16	RPS9	9606.ENSP00000367806	9606.ENSP00000375632	0.102	0	0	0	0.990	0.995	0.900	0.713	0.999
RPS16	RPS24	9606.ENSP00000367806	9606.ENSP00000414321	0	0	0	0	0.991	0.994	0.900	0.802	0.999
RPS16	RPS19	9606.ENSP00000367806	9606.ENSP00000470972	0	0	0	0	0.999	0.997	0.900	0.872	0.999
RPS16	RPSA	9606.ENSP00000367806	9606.ENSP00000389351	0.070	0	0	0	0.980	0.996	0.900	0.541	0.999
RPS16	RPS18	9606.ENSP00000367806	9606.ENSP00000393241	0.115	0	0	0	0.991	0.995	0.900	0.875	0.999
RPS16	RPS17	9606.ENSP00000367806	9606.ENSP00000498019	0	0	0	0	0.947	0.995	0.900	0.666	0.999
RPS16	RPS7	9606.ENSP00000367806	9606.ENSP00000495273	0	0	0	0	0.991	0.995	0.900	0.439	0.999
RPS16	RPS5	9606.ENSP00000367806	9606.ENSP00000472985	0.091	0	0	0	0.991	0.997	0.900	0.774	0.999
RPS16	RPS28	9606.ENSP00000367806	9606.ENSP00000472469	0.057	0	0	0	0.981	0.993	0.900	0.773	0.999
RPS16	RPS25	9606.ENSP00000367806	9606.ENSP00000435096	0	0	0	0	0.991	0.995	0.900	0.773	0.999
RPS16	RPS20	9606.ENSP00000367806	9606.ENSP00000429374	0.102	0	0	0	0.994	0.997	0.900	0.930	0.999
RPS16	RPS8	9606.ENSP00000367806	9606.ENSP00000379888	0	0	0	0	0.991	0.995	0.900	0.843	0.999
RPS16	UBA52	9606.ENSP00000367806	9606.ENSP00000388107	0.110	0	0	0	0.981	0.991	0.540	0.251	0.999
RPS16	RPS6	9606.ENSP00000367806	9606.ENSP00000369757	0	0	0	0	0.991	0.996	0.900	0.788	0.999
RPS17	RPS4Y1	9606.ENSP00000498019	9606.ENSP00000250784	0	0	0	0	0.779	0.954	0.540	0.418	0.996
RPS17	RPS27A	9606.ENSP00000498019	9606.ENSP00000272317	0	0	0	0	0.979	0.991	0.900	0.605	0.999
RPS17	RPS3	9606.ENSP00000498019	9606.ENSP00000278572	0.057	0	0	0	0.985	0.997	0.900	0.648	0.999
RPS17	RPS23	9606.ENSP00000498019	9606.ENSP00000296674	0	0	0	0	0.930	0.995	0.900	0.669	0.999
RPS17	RPS27L	9606.ENSP00000498019	9606.ENSP00000331019	0	0	0	0	0.858	0.842	0.540	0.425	0.993
RPS17	RPS2	9606.ENSP00000498019	9606.ENSP00000341885	0	0	0	0	0.954	0.997	0.900	0.592	0.999
RPS17	RPS21	9606.ENSP00000498019	9606.ENSP00000345957	0	0	0	0	0.955	0.993	0.900	0.523	0.999
RPS17	RPS3A	9606.ENSP00000498019	9606.ENSP00000346050	0	0	0	0	0.990	0.996	0.900	0.576	0.999
RPS17	RPS26	9606.ENSP00000498019	9606.ENSP00000348849	0	0	0	0	0.911	0.995	0.900	0.953	0.999
RPS17	RPS4X	9606.ENSP00000498019	9606.ENSP00000362744	0	0	0	0	0.920	0.975	0.900	0.478	0.999
RPS17	SECISBP2	9606.ENSP00000498019	9606.ENSP00000364965	0.045	0	0	0	0.062	0.805	0	0.050	0.812
RPS17	RPS6	9606.ENSP00000498019	9606.ENSP00000369757	0	0	0	0	0.990	0.992	0.900	0.744	0.999
RPS17	RPS9	9606.ENSP00000498019	9606.ENSP00000375632	0	0	0	0	0.984	0.994	0.900	0.562	0.999
RPS17	RPS29	9606.ENSP00000498019	9606.ENSP00000379339	0	0	0	0	0.983	0.993	0.900	0.684	0.999
RPS17	RPS8	9606.ENSP00000498019	9606.ENSP00000379888	0	0	0	0	0.981	0.993	0.900	0.636	0.999
RPS17	UBA52	9606.ENSP00000498019	9606.ENSP00000388107	0	0	0	0	0.971	0.991	0.540	0.450	0.999
RPS17	RPSA	9606.ENSP00000498019	9606.ENSP00000389351	0	0	0	0	0.884	0.997	0.900	0.470	0.999
RPS17	RPS18	9606.ENSP00000498019	9606.ENSP00000393241	0	0	0	0	0.991	0.991	0.900	0.667	0.999
RPS17	RPS24	9606.ENSP00000498019	9606.ENSP00000414321	0.061	0	0	0	0.990	0.992	0.900	0.957	0.999
RPS17	RPS20	9606.ENSP00000498019	9606.ENSP00000429374	0	0	0	0	0.978	0.991	0.900	0.664	0.999
RPS17	RPS25	9606.ENSP00000498019	9606.ENSP00000435096	0	0	0	0	0.990	0.993	0.900	0.614	0.999
RPS17	RPS19	9606.ENSP00000498019	9606.ENSP00000470972	0.060	0	0	0	0.977	0.992	0.900	0.947	0.999
RPS17	RPS28	9606.ENSP00000498019	9606.ENSP00000472469	0	0	0	0	0.932	0.992	0.900	0.704	0.999
RPS17	RPS5	9606.ENSP00000498019	9606.ENSP00000472985	0	0	0	0	0.952	0.991	0.900	0.538	0.999
RPS17	RPS4Y2	9606.ENSP00000498019	9606.ENSP00000486252	0	0	0	0	0.778	0.784	0.540	0.346	0.983
RPS17	RPS7	9606.ENSP00000498019	9606.ENSP00000495273	0	0	0	0	0.947	0.992	0.900	0.616	0.999
RPS17	RPS27	9606.ENSP00000498019	9606.ENSP00000499044	0	0	0	0	0.959	0.967	0.900	0.650	0.999
RPS18	TPH1	9606.ENSP00000393241	9606.ENSP00000250018	0	0	0	0	0	0	0	0.424	0.424
RPS18	RPS4Y1	9606.ENSP00000393241	9606.ENSP00000250784	0.107	0	0	0	0.807	0.954	0.540	0.312	0.997
RPS18	RPS27A	9606.ENSP00000393241	9606.ENSP00000272317	0	0	0	0	0.987	0.991	0.900	0.529	0.999
RPS18	RPS3	9606.ENSP00000393241	9606.ENSP00000278572	0.231	0	0	0	0.991	0.995	0.900	0.817	0.999
RPS18	RPS23	9606.ENSP00000393241	9606.ENSP00000296674	0.120	0	0	0	0.990	0.993	0.900	0.790	0.999
RPS18	TPH2	9606.ENSP00000393241	9606.ENSP00000329093	0	0	0	0	0	0	0	0.483	0.483
RPS18	RPS27L	9606.ENSP00000393241	9606.ENSP00000331019	0	0	0	0	0.839	0.839	0.540	0.283	0.990
RPS18	RPS2	9606.ENSP00000393241	9606.ENSP00000341885	0.120	0	0	0	0.991	0.997	0.900	0.859	0.999
RPS18	RPS21	9606.ENSP00000393241	9606.ENSP00000345957	0	0	0	0	0.991	0.991	0.900	0.368	0.999
RPS18	RPS3A	9606.ENSP00000393241	9606.ENSP00000346050	0	0	0	0	0.991	0.995	0.900	0.593	0.999
RPS18	RPS26	9606.ENSP00000393241	9606.ENSP00000348849	0	0	0	0	0.990	0.993	0.900	0.605	0.999
RPS18	RPS4X	9606.ENSP00000393241	9606.ENSP00000362744	0.107	0	0	0	0.955	0.977	0.900	0.528	0.999
RPS18	SECISBP2	9606.ENSP00000393241	9606.ENSP00000364965	0	0	0	0	0.074	0.805	0	0	0.812
RPS18	RPS6	9606.ENSP00000393241	9606.ENSP00000369757	0	0	0	0	0.991	0.993	0.900	0.750	0.999
RPS18	RPS9	9606.ENSP00000393241	9606.ENSP00000375632	0.120	0	0	0	0.990	0.995	0.900	0.808	0.999
RPS18	RPS29	9606.ENSP00000393241	9606.ENSP00000379339	0.115	0	0	0	0.991	0.991	0.900	0.593	0.999
RPS18	RPS8	9606.ENSP00000393241	9606.ENSP00000379888	0	0	0	0	0.991	0.993	0.900	0.745	0.999
RPS18	UBA52	9606.ENSP00000393241	9606.ENSP00000388107	0.109	0	0	0	0.944	0.991	0.540	0.306	0.999
RPS18	RPSA	9606.ENSP00000393241	9606.ENSP00000389351	0.106	0	0	0	0.990	0.994	0.900	0.419	0.999
RPS18	RPS4Y2	9606.ENSP00000393241	9606.ENSP00000486252	0.107	0	0	0	0.806	0.783	0.540	0.283	0.985
RPS18	RPS28	9606.ENSP00000393241	9606.ENSP00000472469	0	0	0	0	0.991	0.991	0.900	0.617	0.999
RPS18	RPS5	9606.ENSP00000393241	9606.ENSP00000472985	0.115	0	0	0	0.991	0.992	0.900	0.733	0.999
RPS18	RPS7	9606.ENSP00000393241	9606.ENSP00000495273	0	0	0	0	0.991	0.992	0.900	0.527	0.999
RPS18	RPS20	9606.ENSP00000393241	9606.ENSP00000429374	0.120	0	0	0	0.991	0.993	0.900	0.760	0.999
RPS18	RPS25	9606.ENSP00000393241	9606.ENSP00000435096	0	0	0	0	0.991	0.996	0.900	0.784	0.999
RPS18	RPS24	9606.ENSP00000393241	9606.ENSP00000414321	0	0	0	0	0.991	0.991	0.900	0.648	0.999
RPS18	RPS19	9606.ENSP00000393241	9606.ENSP00000470972	0	0	0	0	0.991	0.995	0.900	0.821	0.999
RPS18	RPS27	9606.ENSP00000393241	9606.ENSP00000499044	0	0	0	0	0.961	0.988	0.900	0.480	0.999
RPS19	RPS4Y1	9606.ENSP00000470972	9606.ENSP00000250784	0	0	0	0	0.806	0.956	0.540	0.429	0.997
RPS19	RPS27A	9606.ENSP00000470972	9606.ENSP00000272317	0	0	0	0	0.979	0.992	0.900	0.518	0.999
RPS19	RPS3	9606.ENSP00000470972	9606.ENSP00000278572	0	0	0	0	0.992	0.995	0.900	0.858	0.999
RPS19	RPS23	9606.ENSP00000470972	9606.ENSP00000296674	0	0	0	0	0.984	0.995	0.900	0.759	0.999
RPS19	RPS27L	9606.ENSP00000470972	9606.ENSP00000331019	0	0	0	0	0.840	0.841	0.540	0.579	0.994
RPS19	RPS2	9606.ENSP00000470972	9606.ENSP00000341885	0	0	0	0	0.981	0.995	0.900	0.839	0.999
RPS19	RPS21	9606.ENSP00000470972	9606.ENSP00000345957	0	0	0	0	0.991	0.993	0.900	0.553	0.999
RPS19	RPS3A	9606.ENSP00000470972	9606.ENSP00000346050	0	0	0	0	0.991	0.995	0.900	0.743	0.999
RPS19	RPS26	9606.ENSP00000470972	9606.ENSP00000348849	0	0	0	0	0.988	0.995	0.900	0.925	0.999
RPS19	RPS4X	9606.ENSP00000470972	9606.ENSP00000362744	0	0	0	0	0.953	0.982	0.900	0.547	0.999
RPS19	SECISBP2	9606.ENSP00000470972	9606.ENSP00000364965	0	0	0	0	0.059	0.805	0	0.048	0.810
RPS19	RPS6	9606.ENSP00000470972	9606.ENSP00000369757	0	0	0	0	0.991	0.995	0.900	0.880	0.999
RPS19	RPS9	9606.ENSP00000470972	9606.ENSP00000375632	0	0	0	0	0.986	0.995	0.900	0.801	0.999
RPS19	RPS29	9606.ENSP00000470972	9606.ENSP00000379339	0	0	0	0	0.980	0.991	0.900	0.746	0.999
RPS19	RPS8	9606.ENSP00000470972	9606.ENSP00000379888	0	0	0	0	0.991	0.996	0.900	0.794	0.999
RPS19	UBA52	9606.ENSP00000470972	9606.ENSP00000388107	0	0	0	0	0.991	0.991	0.540	0.480	0.999
RPS19	RPSA	9606.ENSP00000470972	9606.ENSP00000389351	0	0	0	0	0.990	0.996	0.900	0.713	0.999
RPS19	RPS24	9606.ENSP00000470972	9606.ENSP00000414321	0	0	0	0	0.991	0.993	0.900	0.974	0.999
RPS19	RPS20	9606.ENSP00000470972	9606.ENSP00000429374	0	0	0	0	0.977	0.995	0.900	0.955	0.999
RPS19	RPS25	9606.ENSP00000470972	9606.ENSP00000435096	0	0	0	0	0.981	0.995	0.900	0.708	0.999
RPS19	RPS4Y2	9606.ENSP00000470972	9606.ENSP00000486252	0	0	0	0	0.806	0.802	0.540	0.437	0.988
RPS19	RPS7	9606.ENSP00000470972	9606.ENSP00000495273	0	0	0	0	0.990	0.994	0.900	0.666	0.999
RPS19	RPS28	9606.ENSP00000470972	9606.ENSP00000472469	0.075	0	0	0	0.991	0.992	0.900	0.828	0.999
RPS19	RPS5	9606.ENSP00000470972	9606.ENSP00000472985	0	0	0	0	0.991	0.995	0.900	0.803	0.999
RPS19	RPS27	9606.ENSP00000470972	9606.ENSP00000499044	0	0	0	0	0.999	0.979	0.900	0.815	0.999
RPS2	RPS4Y1	9606.ENSP00000341885	9606.ENSP00000250784	0.102	0	0	0	0.806	0.954	0.540	0.383	0.997
RPS2	RPS27A	9606.ENSP00000341885	9606.ENSP00000272317	0	0	0	0	0.980	0.993	0.900	0.689	0.999
RPS2	RPS3	9606.ENSP00000341885	9606.ENSP00000278572	0.120	0	0	0	0.991	0.997	0.900	0.925	0.999
RPS2	RPS23	9606.ENSP00000341885	9606.ENSP00000296674	0.111	0	0	0	0.981	0.994	0.900	0.766	0.999
RPS2	RPS27L	9606.ENSP00000341885	9606.ENSP00000331019	0	0	0	0	0.821	0.872	0.540	0.490	0.993
RPS2	TAT	9606.ENSP00000341885	9606.ENSP00000348234	0	0	0	0	0	0.126	0	0.351	0.408
RPS2	SARS1	9606.ENSP00000341885	9606.ENSP00000358939	0.057	0	0	0	0.231	0.094	0	0.228	0.425
RPS2	TST	9606.ENSP00000341885	9606.ENSP00000385828	0	0.651	0	0	0.042	0	0	0.090	0.670
RPS2	SECISBP2	9606.ENSP00000341885	9606.ENSP00000364965	0	0	0	0	0.094	0.805	0	0.055	0.818
RPS2	RPS4Y2	9606.ENSP00000341885	9606.ENSP00000486252	0.102	0	0	0	0.806	0.809	0.540	0.328	0.987
RPS2	RPS29	9606.ENSP00000341885	9606.ENSP00000379339	0.102	0	0	0	0.937	0.992	0.900	0.573	0.999
RPS2	RPS26	9606.ENSP00000341885	9606.ENSP00000348849	0	0	0	0	0.990	0.995	0.900	0.666	0.999
RPS2	RPS27	9606.ENSP00000341885	9606.ENSP00000499044	0	0	0	0	0.946	0.979	0.900	0.638	0.999
RPS2	RPS3A	9606.ENSP00000341885	9606.ENSP00000346050	0	0	0	0	0.991	0.997	0.900	0.829	0.999
RPS2	RPS9	9606.ENSP00000341885	9606.ENSP00000375632	0.111	0	0	0	0.991	0.997	0.900	0.880	0.999
RPS2	RPSA	9606.ENSP00000341885	9606.ENSP00000389351	0.054	0	0	0	0.990	0.997	0.900	0.774	0.999
RPS2	RPS21	9606.ENSP00000341885	9606.ENSP00000345957	0	0	0	0	0.957	0.995	0.900	0.559	0.999
RPS2	RPS24	9606.ENSP00000341885	9606.ENSP00000414321	0	0	0	0	0.990	0.995	0.900	0.822	0.999
RPS2	UBA52	9606.ENSP00000341885	9606.ENSP00000388107	0	0	0	0	0.897	0.992	0.540	0.561	0.999
RPS2	RPS6	9606.ENSP00000341885	9606.ENSP00000369757	0	0	0	0	0.979	0.995	0.900	0.792	0.999
RPS2	RPS8	9606.ENSP00000341885	9606.ENSP00000379888	0	0	0	0	0.991	0.995	0.900	0.792	0.999
RPS2	RPS20	9606.ENSP00000341885	9606.ENSP00000429374	0.111	0	0	0	0.991	0.996	0.900	0.832	0.999
RPS2	RPS25	9606.ENSP00000341885	9606.ENSP00000435096	0	0	0	0	0.979	0.995	0.900	0.778	0.999
RPS2	RPS28	9606.ENSP00000341885	9606.ENSP00000472469	0	0	0	0	0.927	0.992	0.900	0.598	0.999
RPS2	RPS5	9606.ENSP00000341885	9606.ENSP00000472985	0.102	0	0	0	0.991	0.996	0.900	0.796	0.999
RPS2	RPS4X	9606.ENSP00000341885	9606.ENSP00000362744	0.102	0	0	0	0.954	0.982	0.900	0.715	0.999
RPS2	RPS7	9606.ENSP00000341885	9606.ENSP00000495273	0	0	0	0	0.990	0.994	0.900	0.505	0.999
RPS20	RPS4Y1	9606.ENSP00000429374	9606.ENSP00000250784	0	0	0	0	0.806	0.954	0.540	0.266	0.996
RPS20	RPS27A	9606.ENSP00000429374	9606.ENSP00000272317	0	0	0	0	0.999	0.991	0.900	0.424	0.999
RPS20	RPS3	9606.ENSP00000429374	9606.ENSP00000278572	0.120	0	0	0	0.991	0.997	0.900	0.847	0.999
RPS20	RPS23	9606.ENSP00000429374	9606.ENSP00000296674	0.111	0	0	0	0.999	0.995	0.900	0.782	0.999
RPS20	RPS27L	9606.ENSP00000429374	9606.ENSP00000331019	0	0	0	0	0.836	0.888	0.540	0.511	0.995
RPS20	RPS21	9606.ENSP00000429374	9606.ENSP00000345957	0	0	0	0	0.991	0.992	0.900	0.564	0.999
RPS20	RPS3A	9606.ENSP00000429374	9606.ENSP00000346050	0	0	0	0	0.991	0.996	0.900	0.781	0.999
RPS20	RPS26	9606.ENSP00000429374	9606.ENSP00000348849	0	0	0	0	0.983	0.995	0.900	0.718	0.999
RPS20	RPS4X	9606.ENSP00000429374	9606.ENSP00000362744	0	0	0	0	0.956	0.981	0.900	0.472	0.999
RPS20	SECISBP2	9606.ENSP00000429374	9606.ENSP00000364965	0	0	0	0	0.047	0.829	0	0.105	0.841
RPS20	RPS6	9606.ENSP00000429374	9606.ENSP00000369757	0	0	0	0	0.988	0.995	0.900	0.899	0.999
RPS20	RPS9	9606.ENSP00000429374	9606.ENSP00000375632	0.111	0	0	0	0.990	0.993	0.900	0.782	0.999
RPS20	RPS29	9606.ENSP00000429374	9606.ENSP00000379339	0.102	0	0	0	0.984	0.994	0.900	0.883	0.999
RPS20	RPS8	9606.ENSP00000429374	9606.ENSP00000379888	0	0	0	0	0.992	0.995	0.900	0.588	0.999
RPS20	UBA52	9606.ENSP00000429374	9606.ENSP00000388107	0	0	0	0	0.955	0.992	0.540	0.358	0.999
RPS20	RPSA	9606.ENSP00000429374	9606.ENSP00000389351	0.057	0	0	0	0.972	0.995	0.900	0.534	0.999
RPS20	RPS24	9606.ENSP00000429374	9606.ENSP00000414321	0	0	0	0	0.992	0.991	0.900	0.912	0.999
RPS20	RPS4Y2	9606.ENSP00000429374	9606.ENSP00000486252	0	0	0	0	0.806	0.782	0.540	0.157	0.981
RPS20	RPS28	9606.ENSP00000429374	9606.ENSP00000472469	0	0	0	0	0.984	0.993	0.900	0.810	0.999
RPS20	RPS5	9606.ENSP00000429374	9606.ENSP00000472985	0.102	0	0	0	0.991	0.992	0.900	0.768	0.999
RPS20	RPS7	9606.ENSP00000429374	9606.ENSP00000495273	0	0	0	0	0.991	0.993	0.900	0.625	0.999
RPS20	RPS25	9606.ENSP00000429374	9606.ENSP00000435096	0	0	0	0	0.991	0.995	0.900	0.821	0.999
RPS20	RPS27	9606.ENSP00000429374	9606.ENSP00000499044	0	0	0	0	0.963	0.981	0.900	0.684	0.999
RPS21	RPS4Y1	9606.ENSP00000345957	9606.ENSP00000250784	0	0	0	0	0.700	0.954	0.540	0.250	0.994
RPS21	RPS27A	9606.ENSP00000345957	9606.ENSP00000272317	0	0	0	0	0.978	0.991	0.900	0.260	0.999
RPS21	RPS3	9606.ENSP00000345957	9606.ENSP00000278572	0	0	0	0	0.974	0.992	0.900	0.454	0.999
RPS21	RPS23	9606.ENSP00000345957	9606.ENSP00000296674	0	0	0	0	0.991	0.992	0.900	0.600	0.999
RPS21	RPS27L	9606.ENSP00000345957	9606.ENSP00000331019	0	0	0	0	0.841	0.903	0.540	0.362	0.994
RPS21	SECISBP2	9606.ENSP00000345957	9606.ENSP00000364965	0	0	0	0	0.051	0.800	0	0.081	0.810
RPS21	RPS4Y2	9606.ENSP00000345957	9606.ENSP00000486252	0	0	0	0	0.698	0.783	0.540	0.191	0.972
RPS21	RPS9	9606.ENSP00000345957	9606.ENSP00000375632	0	0	0	0	0.974	0.991	0.900	0.320	0.999
RPS21	RPS3A	9606.ENSP00000345957	9606.ENSP00000346050	0	0	0	0	0.979	0.995	0.900	0.555	0.999
RPS21	RPS27	9606.ENSP00000345957	9606.ENSP00000499044	0	0	0	0	0.960	0.983	0.900	0.601	0.999
RPS21	RPS26	9606.ENSP00000345957	9606.ENSP00000348849	0	0	0	0	0.990	0.992	0.900	0.565	0.999
RPS21	RPS29	9606.ENSP00000345957	9606.ENSP00000379339	0	0	0	0	0.991	0.992	0.900	0.518	0.999
RPS21	RPS7	9606.ENSP00000345957	9606.ENSP00000495273	0	0	0	0	0.978	0.992	0.900	0.159	0.999
RPS21	RPS4X	9606.ENSP00000345957	9606.ENSP00000362744	0	0	0	0	0.927	0.977	0.900	0.327	0.999
RPS21	RPS28	9606.ENSP00000345957	9606.ENSP00000472469	0	0	0	0	0.991	0.993	0.900	0.666	0.999
RPS21	RPS5	9606.ENSP00000345957	9606.ENSP00000472985	0	0	0	0	0.991	0.993	0.900	0.616	0.999
RPS21	RPS25	9606.ENSP00000345957	9606.ENSP00000435096	0	0	0	0	0.990	0.992	0.900	0.643	0.999
RPS21	RPS8	9606.ENSP00000345957	9606.ENSP00000379888	0	0	0	0	0.982	0.992	0.900	0.460	0.999
RPS21	RPS6	9606.ENSP00000345957	9606.ENSP00000369757	0	0	0	0	0.976	0.992	0.900	0.557	0.999
RPS21	UBA52	9606.ENSP00000345957	9606.ENSP00000388107	0	0	0	0	0.945	0.992	0.540	0.307	0.999
RPS21	RPS24	9606.ENSP00000345957	9606.ENSP00000414321	0	0	0	0	0.991	0.992	0.900	0.663	0.999
RPS21	RPSA	9606.ENSP00000345957	9606.ENSP00000389351	0	0	0	0	0.964	0.997	0.900	0.425	0.999
RPS23	RPS4Y1	9606.ENSP00000296674	9606.ENSP00000250784	0	0	0	0	0.802	0.954	0.540	0.494	0.997
RPS23	RPS27A	9606.ENSP00000296674	9606.ENSP00000272317	0	0	0	0	0.981	0.992	0.900	0.310	0.999
RPS23	RPS3	9606.ENSP00000296674	9606.ENSP00000278572	0.120	0	0	0	0.991	0.995	0.900	0.644	0.999
RPS23	SECISBP2	9606.ENSP00000296674	9606.ENSP00000364965	0	0	0	0	0.093	0.800	0	0.064	0.815
RPS23	RPS4Y2	9606.ENSP00000296674	9606.ENSP00000486252	0	0	0	0	0.798	0.784	0.540	0.243	0.982
RPS23	RPS27L	9606.ENSP00000296674	9606.ENSP00000331019	0	0	0	0	0.832	0.873	0.540	0.539	0.994
RPS23	RPSA	9606.ENSP00000296674	9606.ENSP00000389351	0.053	0	0	0	0.979	0.995	0.900	0.687	0.999
RPS23	RPS24	9606.ENSP00000296674	9606.ENSP00000414321	0	0	0	0	0.993	0.992	0.900	0.816	0.999
RPS23	RPS25	9606.ENSP00000296674	9606.ENSP00000435096	0	0	0	0	0.981	0.995	0.900	0.643	0.999
RPS23	RPS8	9606.ENSP00000296674	9606.ENSP00000379888	0	0	0	0	0.992	0.995	0.900	0.666	0.999
RPS23	UBA52	9606.ENSP00000296674	9606.ENSP00000388107	0	0	0	0	0.936	0.991	0.540	0.505	0.999
RPS23	RPS6	9606.ENSP00000296674	9606.ENSP00000369757	0	0	0	0	0.993	0.996	0.900	0.762	0.999
RPS23	RPS4X	9606.ENSP00000296674	9606.ENSP00000362744	0	0	0	0	0.953	0.974	0.900	0.469	0.999
RPS23	RPS7	9606.ENSP00000296674	9606.ENSP00000495273	0	0	0	0	0.979	0.994	0.900	0.481	0.999
RPS23	RPS28	9606.ENSP00000296674	9606.ENSP00000472469	0	0	0	0	0.981	0.992	0.900	0.665	0.999
RPS23	RPS5	9606.ENSP00000296674	9606.ENSP00000472985	0.102	0	0	0	0.991	0.993	0.900	0.708	0.999
RPS23	RPS26	9606.ENSP00000296674	9606.ENSP00000348849	0	0	0	0	0.986	0.995	0.900	0.715	0.999
RPS23	RPS29	9606.ENSP00000296674	9606.ENSP00000379339	0.102	0	0	0	0.994	0.993	0.900	0.786	0.999
RPS23	RPS27	9606.ENSP00000296674	9606.ENSP00000499044	0	0	0	0	0.960	0.981	0.900	0.703	0.999
RPS23	RPS3A	9606.ENSP00000296674	9606.ENSP00000346050	0	0	0	0	0.991	0.995	0.900	0.674	0.999
RPS23	RPS9	9606.ENSP00000296674	9606.ENSP00000375632	0.111	0	0	0	0.981	0.995	0.900	0.750	0.999
RPS24	RPS4Y1	9606.ENSP00000414321	9606.ENSP00000250784	0	0	0	0	0.807	0.978	0.540	0.477	0.998
RPS24	RPS27A	9606.ENSP00000414321	9606.ENSP00000272317	0	0	0	0	0.985	0.992	0.900	0.552	0.999
RPS24	RPS3	9606.ENSP00000414321	9606.ENSP00000278572	0	0	0	0	0.991	0.993	0.900	0.784	0.999
RPS24	RPS27L	9606.ENSP00000414321	9606.ENSP00000331019	0	0	0	0	0.856	0.871	0.540	0.556	0.995
RPS24	RPS3A	9606.ENSP00000414321	9606.ENSP00000346050	0.174	0	0	0	0.991	0.994	0.900	0.835	0.999
RPS24	RPS26	9606.ENSP00000414321	9606.ENSP00000348849	0	0	0	0	0.990	0.992	0.900	0.962	0.999
RPS24	RPS4X	9606.ENSP00000414321	9606.ENSP00000362744	0	0	0	0	0.955	0.984	0.900	0.740	0.999
RPS24	SECISBP2	9606.ENSP00000414321	9606.ENSP00000364965	0	0	0	0	0.057	0.800	0	0	0.803
RPS24	RPS6	9606.ENSP00000414321	9606.ENSP00000369757	0.231	0	0	0	0.991	0.996	0.900	0.878	0.999
RPS24	RPS9	9606.ENSP00000414321	9606.ENSP00000375632	0	0	0	0	0.985	0.996	0.900	0.524	0.999
RPS24	RPS29	9606.ENSP00000414321	9606.ENSP00000379339	0	0	0	0	0.991	0.991	0.900	0.775	0.999
RPS24	RPS8	9606.ENSP00000414321	9606.ENSP00000379888	0	0	0	0	0.999	0.993	0.900	0.879	0.999
RPS24	UBA52	9606.ENSP00000414321	9606.ENSP00000388107	0.118	0	0	0	0.971	0.991	0.540	0.507	0.999
RPS24	RPSA	9606.ENSP00000414321	9606.ENSP00000389351	0	0	0	0	0.981	0.993	0.900	0.511	0.999
RPS24	RPS4Y2	9606.ENSP00000414321	9606.ENSP00000486252	0	0	0	0	0.806	0.782	0.540	0.427	0.987
RPS24	RPS25	9606.ENSP00000414321	9606.ENSP00000435096	0	0	0	0	0.991	0.992	0.900	0.717	0.999
RPS24	RPS7	9606.ENSP00000414321	9606.ENSP00000495273	0	0	0	0	0.991	0.992	0.900	0.666	0.999
RPS24	RPS5	9606.ENSP00000414321	9606.ENSP00000472985	0	0	0	0	0.991	0.992	0.900	0.667	0.999
RPS24	RPS28	9606.ENSP00000414321	9606.ENSP00000472469	0.153	0	0	0	0.990	0.991	0.900	0.790	0.999
RPS24	RPS27	9606.ENSP00000414321	9606.ENSP00000499044	0	0	0	0	0.961	0.969	0.900	0.758	0.999
RPS25	RPS4Y1	9606.ENSP00000435096	9606.ENSP00000250784	0	0	0	0	0.756	0.954	0.540	0.275	0.995
RPS25	RPS27A	9606.ENSP00000435096	9606.ENSP00000272317	0	0	0	0	0.990	0.991	0.900	0.682	0.999
RPS25	RPS3	9606.ENSP00000435096	9606.ENSP00000278572	0	0	0	0	0.981	0.996	0.900	0.773	0.999
RPS25	RPS27L	9606.ENSP00000435096	9606.ENSP00000331019	0	0	0	0	0.841	0.903	0.540	0.569	0.996
RPS25	RPS3A	9606.ENSP00000435096	9606.ENSP00000346050	0	0	0	0	0.991	0.996	0.900	0.771	0.999
RPS25	RPS26	9606.ENSP00000435096	9606.ENSP00000348849	0	0	0	0	0.990	0.995	0.900	0.813	0.999
RPS25	RPS4X	9606.ENSP00000435096	9606.ENSP00000362744	0	0	0	0	0.943	0.979	0.900	0.706	0.999
RPS25	SECISBP2	9606.ENSP00000435096	9606.ENSP00000364965	0	0	0	0	0.101	0.800	0	0.097	0.823
RPS25	RPS6	9606.ENSP00000435096	9606.ENSP00000369757	0	0	0	0	0.991	0.995	0.900	0.712	0.999
RPS25	RPS9	9606.ENSP00000435096	9606.ENSP00000375632	0	0	0	0	0.990	0.995	0.900	0.552	0.999
RPS25	RPS29	9606.ENSP00000435096	9606.ENSP00000379339	0	0	0	0	0.991	0.991	0.900	0.640	0.999
RPS25	RPS8	9606.ENSP00000435096	9606.ENSP00000379888	0	0	0	0	0.991	0.995	0.900	0.595	0.999
RPS25	UBA52	9606.ENSP00000435096	9606.ENSP00000388107	0	0	0	0	0.937	0.992	0.540	0.642	0.999
RPS25	RPSA	9606.ENSP00000435096	9606.ENSP00000389351	0	0	0	0	0.978	0.994	0.900	0.745	0.999
RPS25	RPS4Y2	9606.ENSP00000435096	9606.ENSP00000486252	0	0	0	0	0.756	0.783	0.540	0.255	0.979
RPS25	RPS5	9606.ENSP00000435096	9606.ENSP00000472985	0	0	0	0	0.979	0.995	0.900	0.665	0.999
RPS25	RPS28	9606.ENSP00000435096	9606.ENSP00000472469	0	0	0	0	0.990	0.993	0.900	0.743	0.999
RPS25	RPS7	9606.ENSP00000435096	9606.ENSP00000495273	0	0	0	0	0.990	0.994	0.900	0.527	0.999
RPS25	RPS27	9606.ENSP00000435096	9606.ENSP00000499044	0	0	0	0	0.959	0.980	0.900	0.805	0.999
RPS26	RPS4Y1	9606.ENSP00000348849	9606.ENSP00000250784	0	0	0	0	0.793	0.954	0.540	0.303	0.996
RPS26	RPS27A	9606.ENSP00000348849	9606.ENSP00000272317	0	0	0	0	0.985	0.992	0.900	0.555	0.999
RPS26	RPS3	9606.ENSP00000348849	9606.ENSP00000278572	0	0	0	0	0.990	0.995	0.900	0.815	0.999
RPS26	RPS27L	9606.ENSP00000348849	9606.ENSP00000331019	0	0	0	0	0.855	0.841	0.540	0.557	0.994
RPS26	RPS3A	9606.ENSP00000348849	9606.ENSP00000346050	0	0	0	0	0.990	0.997	0.900	0.753	0.999
RPS26	SUOX	9606.ENSP00000348849	9606.ENSP00000377668	0	0	0	0	0	0	0	0.506	0.506
RPS26	SECISBP2	9606.ENSP00000348849	9606.ENSP00000364965	0	0	0	0	0.088	0.800	0	0.078	0.817
RPS26	RPS4Y2	9606.ENSP00000348849	9606.ENSP00000486252	0	0	0	0	0.793	0.784	0.540	0.221	0.981
RPS26	RPS9	9606.ENSP00000348849	9606.ENSP00000375632	0	0	0	0	0.987	0.993	0.900	0.606	0.999
RPS26	RPS27	9606.ENSP00000348849	9606.ENSP00000499044	0	0	0	0	0.960	0.969	0.900	0.863	0.999
RPS26	RPS29	9606.ENSP00000348849	9606.ENSP00000379339	0	0	0	0	0.999	0.991	0.900	0.773	0.999
RPS26	RPS7	9606.ENSP00000348849	9606.ENSP00000495273	0	0	0	0	0.980	0.993	0.900	0.662	0.999
RPS26	RPS4X	9606.ENSP00000348849	9606.ENSP00000362744	0	0	0	0	0.947	0.975	0.900	0.625	0.999
RPS26	RPS5	9606.ENSP00000348849	9606.ENSP00000472985	0	0	0	0	0.990	0.993	0.900	0.516	0.999
RPS26	RPS28	9606.ENSP00000348849	9606.ENSP00000472469	0	0	0	0	0.991	0.994	0.900	0.875	0.999
RPS26	RPS8	9606.ENSP00000348849	9606.ENSP00000379888	0	0	0	0	0.991	0.995	0.900	0.607	0.999
RPS26	RPS6	9606.ENSP00000348849	9606.ENSP00000369757	0	0	0	0	0.990	0.995	0.900	0.594	0.999
RPS26	UBA52	9606.ENSP00000348849	9606.ENSP00000388107	0	0	0	0	0.947	0.991	0.540	0.485	0.999
RPS26	RPSA	9606.ENSP00000348849	9606.ENSP00000389351	0	0	0	0	0.990	0.995	0.900	0.560	0.999
RPS27	RPS4Y1	9606.ENSP00000499044	9606.ENSP00000250784	0	0	0	0	0.605	0.912	0.540	0.252	0.986
RPS27	RPS27A	9606.ENSP00000499044	9606.ENSP00000272317	0	0	0	0	0.959	0.967	0.900	0.616	0.999
RPS27	RPS3	9606.ENSP00000499044	9606.ENSP00000278572	0	0	0	0	0.960	0.981	0.900	0.660	0.999
RPS27	RPS27L	9606.ENSP00000499044	9606.ENSP00000331019	0	0	0.050	0.981	0.122	0.143	0.900	0.059	0.920
RPS27	RPS3A	9606.ENSP00000499044	9606.ENSP00000346050	0	0	0	0	0.961	0.981	0.900	0.615	0.999
RPS27	RPS4X	9606.ENSP00000499044	9606.ENSP00000362744	0	0	0	0	0.906	0.949	0.900	0.446	0.999
RPS27	SECISBP2	9606.ENSP00000499044	9606.ENSP00000364965	0	0	0	0	0.067	0.805	0	0.074	0.817
RPS27	RPS6	9606.ENSP00000499044	9606.ENSP00000369757	0	0	0	0	0.932	0.981	0.900	0.565	0.999
RPS27	RPS9	9606.ENSP00000499044	9606.ENSP00000375632	0	0	0	0	0.907	0.981	0.900	0.558	0.999
RPS27	RPS29	9606.ENSP00000499044	9606.ENSP00000379339	0	0	0	0	0.969	0.967	0.900	0.840	0.999
RPS27	RPS8	9606.ENSP00000499044	9606.ENSP00000379888	0	0	0	0	0.962	0.981	0.900	0.665	0.999
RPS27	UBA52	9606.ENSP00000499044	9606.ENSP00000388107	0	0	0	0	0.907	0.967	0.540	0.457	0.999
RPS27	RPSA	9606.ENSP00000499044	9606.ENSP00000389351	0	0	0	0	0.841	0.990	0.900	0.504	0.999
RPS27	RPS28	9606.ENSP00000499044	9606.ENSP00000472469	0	0	0	0	0.960	0.969	0.900	0.854	0.999
RPS27	RPS5	9606.ENSP00000499044	9606.ENSP00000472985	0	0	0	0	0.957	0.969	0.900	0.502	0.999
RPS27	RPS4Y2	9606.ENSP00000499044	9606.ENSP00000486252	0	0	0	0	0.605	0.579	0.540	0.158	0.926
RPS27	RPS7	9606.ENSP00000499044	9606.ENSP00000495273	0	0	0	0	0.955	0.990	0.900	0.499	0.999
RPS27A	RPS4Y1	9606.ENSP00000272317	9606.ENSP00000250784	0	0	0	0	0.798	0.955	0.540	0.102	0.995
RPS27A	SEM1	9606.ENSP00000272317	9606.ENSP00000481021	0	0	0	0	0.128	0.431	0.500	0	0.730
RPS27A	SECISBP2	9606.ENSP00000272317	9606.ENSP00000364965	0	0	0	0	0.057	0.806	0	0.069	0.815
RPS27A	RPS4Y2	9606.ENSP00000272317	9606.ENSP00000486252	0	0	0	0	0.798	0.785	0.540	0.102	0.979
RPS27A	RPS27L	9606.ENSP00000272317	9606.ENSP00000331019	0	0	0	0	0.840	0.842	0.540	0.449	0.992
RPS27A	RPSA	9606.ENSP00000272317	9606.ENSP00000389351	0	0	0	0	0.898	0.994	0.900	0.298	0.999
RPS27A	RPS28	9606.ENSP00000272317	9606.ENSP00000472469	0	0	0	0	0.980	0.991	0.900	0.465	0.999
RPS27A	RPS5	9606.ENSP00000272317	9606.ENSP00000472985	0	0	0	0	0.981	0.993	0.900	0.380	0.999
RPS27A	RPS4X	9606.ENSP00000272317	9606.ENSP00000362744	0	0	0	0	0.914	0.963	0.900	0.213	0.999
RPS27A	RPS7	9606.ENSP00000272317	9606.ENSP00000495273	0	0	0	0	0.971	0.991	0.900	0.375	0.999
RPS27A	UBA52	9606.ENSP00000272317	9606.ENSP00000388107	0	0	0.060	0.950	0.966	0.997	0.900	0.470	0.999
RPS27A	RPS6	9606.ENSP00000272317	9606.ENSP00000369757	0	0	0	0	0.986	0.992	0.900	0.359	0.999
RPS27A	RPS8	9606.ENSP00000272317	9606.ENSP00000379888	0	0	0	0	0.983	0.992	0.900	0.345	0.999
RPS27A	RPS29	9606.ENSP00000272317	9606.ENSP00000379339	0	0	0	0	0.977	0.991	0.900	0.379	0.999
RPS27A	RPS9	9606.ENSP00000272317	9606.ENSP00000375632	0	0	0	0	0.975	0.991	0.900	0.320	0.999
RPS27A	RPS3	9606.ENSP00000272317	9606.ENSP00000278572	0	0	0	0	0.991	0.993	0.900	0.449	0.999
RPS27A	RPS3A	9606.ENSP00000272317	9606.ENSP00000346050	0	0	0	0	0.985	0.992	0.900	0.330	0.999
RPS27L	RPS4Y1	9606.ENSP00000331019	9606.ENSP00000250784	0	0	0	0	0.606	0.579	0.540	0.321	0.941
RPS27L	RPS3	9606.ENSP00000331019	9606.ENSP00000278572	0	0	0	0	0.829	0.880	0.540	0.521	0.994
RPS27L	RPS4Y2	9606.ENSP00000331019	9606.ENSP00000486252	0	0	0	0	0.605	0.579	0.540	0.283	0.937
RPS27L	RPS4X	9606.ENSP00000331019	9606.ENSP00000362744	0	0	0	0	0.614	0.693	0.540	0.375	0.961
RPS27L	RPSA	9606.ENSP00000331019	9606.ENSP00000389351	0	0	0	0	0.606	0.870	0.540	0.332	0.982
RPS27L	RPS5	9606.ENSP00000331019	9606.ENSP00000472985	0	0	0	0	0.824	0.841	0.540	0.205	0.988
RPS27L	RPS9	9606.ENSP00000331019	9606.ENSP00000375632	0	0	0	0	0.837	0.841	0.540	0.258	0.989
RPS27L	RPS6	9606.ENSP00000331019	9606.ENSP00000369757	0	0	0	0	0.694	0.872	0.540	0.467	0.989
RPS27L	UBA52	9606.ENSP00000331019	9606.ENSP00000388107	0	0	0	0	0.836	0.842	0.540	0.194	0.989
RPS27L	RPS7	9606.ENSP00000331019	9606.ENSP00000495273	0	0	0	0	0.829	0.859	0.540	0.392	0.992
RPS27L	RPS29	9606.ENSP00000331019	9606.ENSP00000379339	0	0	0	0	0.861	0.842	0.540	0.445	0.993
RPS27L	RPS8	9606.ENSP00000331019	9606.ENSP00000379888	0	0	0	0	0.833	0.888	0.540	0.322	0.993
RPS27L	RPS3A	9606.ENSP00000331019	9606.ENSP00000346050	0	0	0	0	0.845	0.873	0.540	0.546	0.995
RPS27L	RPS28	9606.ENSP00000331019	9606.ENSP00000472469	0	0	0	0	0.835	0.899	0.540	0.442	0.995
RPS28	RPS4Y1	9606.ENSP00000472469	9606.ENSP00000250784	0	0	0	0	0.791	0.955	0.540	0.188	0.996
RPS28	RPS3	9606.ENSP00000472469	9606.ENSP00000278572	0	0	0	0	0.989	0.994	0.900	0.657	0.999
RPS28	RPS3A	9606.ENSP00000472469	9606.ENSP00000346050	0	0	0	0	0.990	0.993	0.900	0.716	0.999
RPS28	RPS4X	9606.ENSP00000472469	9606.ENSP00000362744	0	0	0	0	0.949	0.967	0.900	0.550	0.999
RPS28	SECISBP2	9606.ENSP00000472469	9606.ENSP00000364965	0	0	0	0	0	0.800	0	0.049	0.801
RPS28	RPS6	9606.ENSP00000472469	9606.ENSP00000369757	0.231	0	0	0	0.980	0.992	0.900	0.560	0.999
RPS28	RPS9	9606.ENSP00000472469	9606.ENSP00000375632	0	0	0	0	0.977	0.992	0.900	0.601	0.999
RPS28	RPS29	9606.ENSP00000472469	9606.ENSP00000379339	0	0	0	0	0.999	0.991	0.900	0.773	0.999
RPS28	RPS8	9606.ENSP00000472469	9606.ENSP00000379888	0	0	0	0	0.979	0.993	0.900	0.625	0.999
RPS28	UBA52	9606.ENSP00000472469	9606.ENSP00000388107	0	0	0	0	0.927	0.991	0.540	0.517	0.999
RPS28	RPSA	9606.ENSP00000472469	9606.ENSP00000389351	0.070	0	0	0	0.954	0.992	0.900	0.541	0.999
RPS28	RPS4Y2	9606.ENSP00000472469	9606.ENSP00000486252	0	0	0	0	0.791	0.785	0.540	0.131	0.979
RPS28	RPS5	9606.ENSP00000472469	9606.ENSP00000472985	0	0	0	0	0.967	0.996	0.900	0.750	0.999
RPS28	RPS7	9606.ENSP00000472469	9606.ENSP00000495273	0	0	0	0	0.975	0.991	0.900	0.547	0.999
RPS29	RPS4Y1	9606.ENSP00000379339	9606.ENSP00000250784	0.091	0	0	0	0.681	0.955	0.540	0.250	0.994
RPS29	RPS3	9606.ENSP00000379339	9606.ENSP00000278572	0.115	0	0	0	0.967	0.996	0.900	0.717	0.999
RPS29	RPS3A	9606.ENSP00000379339	9606.ENSP00000346050	0	0	0	0	0.981	0.991	0.900	0.639	0.999
RPS29	RPS4X	9606.ENSP00000379339	9606.ENSP00000362744	0.091	0	0	0	0.924	0.959	0.900	0.346	0.999
RPS29	SECISBP2	9606.ENSP00000379339	9606.ENSP00000364965	0	0	0	0	0.062	0.800	0	0.048	0.805
RPS29	RPS6	9606.ENSP00000379339	9606.ENSP00000369757	0	0	0	0	0.971	0.991	0.900	0.540	0.999
RPS29	RPS9	9606.ENSP00000379339	9606.ENSP00000375632	0.102	0	0	0	0.979	0.995	0.900	0.943	0.999
RPS29	RPS4Y2	9606.ENSP00000379339	9606.ENSP00000486252	0.091	0	0	0	0.680	0.785	0.540	0.144	0.970
RPS29	RPSA	9606.ENSP00000379339	9606.ENSP00000389351	0.052	0	0	0	0.916	0.992	0.900	0.469	0.999
RPS29	UBA52	9606.ENSP00000379339	9606.ENSP00000388107	0	0	0	0	0.946	0.991	0.540	0.545	0.999
RPS29	RPS8	9606.ENSP00000379339	9606.ENSP00000379888	0	0	0	0	0.981	0.993	0.900	0.625	0.999
RPS29	RPS5	9606.ENSP00000379339	9606.ENSP00000472985	0.091	0	0	0	0.965	0.991	0.900	0.946	0.999
RPS29	RPS7	9606.ENSP00000379339	9606.ENSP00000495273	0	0	0	0	0.976	0.991	0.900	0.601	0.999
RPS3	RPS4Y1	9606.ENSP00000278572	9606.ENSP00000250784	0.115	0	0	0	0.806	0.954	0.540	0.557	0.998
RPS3	SARS1	9606.ENSP00000278572	9606.ENSP00000358939	0	0	0	0	0.179	0.094	0	0.292	0.428
RPS3	SECISBP2	9606.ENSP00000278572	9606.ENSP00000364965	0	0	0	0	0.111	0.806	0	0	0.820
RPS3	RPS4Y2	9606.ENSP00000278572	9606.ENSP00000486252	0.115	0	0	0	0.806	0.782	0.540	0.180	0.983
RPS3	RPS6	9606.ENSP00000278572	9606.ENSP00000369757	0	0	0	0	0.999	0.996	0.900	0.772	0.999
RPS3	UBA52	9606.ENSP00000278572	9606.ENSP00000388107	0	0	0	0	0.985	0.992	0.540	0.396	0.999
RPS3	RPS8	9606.ENSP00000278572	9606.ENSP00000379888	0	0	0	0	0.991	0.995	0.900	0.876	0.999
RPS3	RPS5	9606.ENSP00000278572	9606.ENSP00000472985	0.115	0	0	0	0.992	0.995	0.900	0.800	0.999
RPS3	RPS7	9606.ENSP00000278572	9606.ENSP00000495273	0	0	0	0	0.990	0.993	0.900	0.684	0.999
RPS3	RPS4X	9606.ENSP00000278572	9606.ENSP00000362744	0.115	0	0	0	0.955	0.981	0.900	0.791	0.999
RPS3	RPSA	9606.ENSP00000278572	9606.ENSP00000389351	0.057	0	0	0	0.990	0.996	0.900	0.591	0.999
RPS3	RPS3A	9606.ENSP00000278572	9606.ENSP00000346050	0	0	0	0	0.992	0.995	0.900	0.790	0.999
RPS3	RPS9	9606.ENSP00000278572	9606.ENSP00000375632	0.120	0	0	0	0.991	0.995	0.900	0.757	0.999
RPS3A	RPS4Y1	9606.ENSP00000346050	9606.ENSP00000250784	0	0	0	0	0.809	0.954	0.540	0.324	0.996
RPS3A	SECISBP2	9606.ENSP00000346050	9606.ENSP00000364965	0	0	0	0	0.111	0.805	0	0.072	0.825
RPS3A	RPS4Y2	9606.ENSP00000346050	9606.ENSP00000486252	0	0	0	0	0.806	0.819	0.540	0.300	0.987
RPS3A	RPSA	9606.ENSP00000346050	9606.ENSP00000389351	0.105	0	0	0	0.991	0.993	0.900	0.654	0.999
RPS3A	RPS5	9606.ENSP00000346050	9606.ENSP00000472985	0	0	0	0	0.991	0.995	0.900	0.732	0.999
RPS3A	RPS4X	9606.ENSP00000346050	9606.ENSP00000362744	0	0	0	0	0.955	0.980	0.900	0.838	0.999
RPS3A	RPS7	9606.ENSP00000346050	9606.ENSP00000495273	0	0	0	0	0.991	0.992	0.900	0.355	0.999
RPS3A	UBA52	9606.ENSP00000346050	9606.ENSP00000388107	0	0	0	0	0.967	0.991	0.540	0.597	0.999
RPS3A	RPS6	9606.ENSP00000346050	9606.ENSP00000369757	0.056	0	0	0	0.994	0.996	0.900	0.648	0.999
RPS3A	RPS8	9606.ENSP00000346050	9606.ENSP00000379888	0	0	0	0	0.991	0.996	0.900	0.797	0.999
RPS3A	RPS9	9606.ENSP00000346050	9606.ENSP00000375632	0	0	0	0	0.990	0.996	0.900	0.517	0.999
RPS4X	RPS4Y1	9606.ENSP00000362744	9606.ENSP00000250784	0	0	0.048	0.985	0	0	0.900	0.055	0.902
RPS4X	SECISBP2	9606.ENSP00000362744	9606.ENSP00000364965	0	0	0	0	0.081	0.800	0	0	0.808
RPS4X	RPS4Y2	9606.ENSP00000362744	9606.ENSP00000486252	0	0	0.048	0.984	0	0	0.900	0.055	0.902
RPS4X	UBA52	9606.ENSP00000362744	9606.ENSP00000388107	0	0	0	0	0.825	0.963	0.540	0.421	0.998
RPS4X	RPS9	9606.ENSP00000362744	9606.ENSP00000375632	0.086	0	0	0	0.952	0.988	0.900	0.485	0.999
RPS4X	RPSA	9606.ENSP00000362744	9606.ENSP00000389351	0	0	0	0	0.955	0.974	0.900	0.378	0.999
RPS4X	RPS8	9606.ENSP00000362744	9606.ENSP00000379888	0	0	0	0	0.956	0.991	0.900	0.592	0.999
RPS4X	RPS6	9606.ENSP00000362744	9606.ENSP00000369757	0	0	0	0	0.956	0.992	0.900	0.739	0.999
RPS4X	RPS7	9606.ENSP00000362744	9606.ENSP00000495273	0	0	0	0	0.980	0.982	0.900	0.380	0.999
RPS4X	RPS5	9606.ENSP00000362744	9606.ENSP00000472985	0	0	0	0	0.954	0.982	0.900	0.611	0.999
RPS4Y1	RPS4Y2	9606.ENSP00000250784	9606.ENSP00000486252	0	0	0.048	0.985	0.780	0.580	0.900	0.055	0.990
RPS4Y1	UBA52	9606.ENSP00000250784	9606.ENSP00000388107	0	0	0	0	0.759	0.955	0.540	0.382	0.996
RPS4Y1	RPS7	9606.ENSP00000250784	9606.ENSP00000495273	0	0	0	0	0.808	0.954	0.540	0.322	0.996
RPS4Y1	RPS5	9606.ENSP00000250784	9606.ENSP00000472985	0	0	0	0	0.807	0.954	0.540	0.248	0.996
RPS4Y1	RPSA	9606.ENSP00000250784	9606.ENSP00000389351	0	0	0	0	0.805	0.954	0.540	0.210	0.996
RPS4Y1	RPS8	9606.ENSP00000250784	9606.ENSP00000379888	0	0	0	0	0.806	0.955	0.540	0.405	0.997
RPS4Y1	RPS9	9606.ENSP00000250784	9606.ENSP00000375632	0.086	0	0	0	0.797	0.977	0.540	0.501	0.998
RPS4Y1	RPS6	9606.ENSP00000250784	9606.ENSP00000369757	0	0	0	0	0.806	0.977	0.540	0.415	0.998
RPS4Y2	RPS6	9606.ENSP00000486252	9606.ENSP00000369757	0	0	0	0	0.806	0.802	0.540	0.330	0.986
RPS4Y2	RPS9	9606.ENSP00000486252	9606.ENSP00000375632	0.086	0	0	0	0.797	0.781	0.540	0.154	0.981
RPS4Y2	RPS8	9606.ENSP00000486252	9606.ENSP00000379888	0	0	0	0	0.806	0.808	0.540	0.293	0.986
RPS4Y2	UBA52	9606.ENSP00000486252	9606.ENSP00000388107	0	0	0	0	0.759	0.785	0.540	0.390	0.983
RPS4Y2	RPSA	9606.ENSP00000486252	9606.ENSP00000389351	0	0	0	0	0.805	0.811	0.540	0.195	0.984
RPS4Y2	RPS5	9606.ENSP00000486252	9606.ENSP00000472985	0	0	0	0	0.806	0.782	0.540	0.165	0.981
RPS4Y2	RPS7	9606.ENSP00000486252	9606.ENSP00000495273	0	0	0	0	0.805	0.782	0.540	0.348	0.985
RPS5	SECISBP2	9606.ENSP00000472985	9606.ENSP00000364965	0	0	0	0	0.069	0.800	0	0.047	0.807
RPS5	RPS6	9606.ENSP00000472985	9606.ENSP00000369757	0	0	0	0	0.991	0.995	0.900	0.703	0.999
RPS5	RPS9	9606.ENSP00000472985	9606.ENSP00000375632	0.102	0	0	0	0.991	0.993	0.900	0.968	0.999
RPS5	RPS8	9606.ENSP00000472985	9606.ENSP00000379888	0	0	0	0	0.991	0.995	0.900	0.722	0.999
RPS5	UBA52	9606.ENSP00000472985	9606.ENSP00000388107	0	0	0	0	0.941	0.992	0.540	0.285	0.999
RPS5	RPSA	9606.ENSP00000472985	9606.ENSP00000389351	0.053	0	0	0	0.991	0.995	0.900	0.536	0.999
RPS5	RPS7	9606.ENSP00000472985	9606.ENSP00000495273	0	0	0	0	0.991	0.993	0.900	0.392	0.999
RPS6	SECISBP2	9606.ENSP00000369757	9606.ENSP00000364965	0	0	0	0	0.062	0.806	0	0.056	0.813
RPS6	RPS7	9606.ENSP00000369757	9606.ENSP00000495273	0	0	0	0	0.991	0.993	0.900	0.504	0.999
RPS6	RPS8	9606.ENSP00000369757	9606.ENSP00000379888	0	0	0	0	0.992	0.995	0.900	0.825	0.999
RPS6	UBA52	9606.ENSP00000369757	9606.ENSP00000388107	0	0	0	0	0.951	0.991	0.540	0.694	0.999
RPS6	RPSA	9606.ENSP00000369757	9606.ENSP00000389351	0	0	0	0	0.990	0.995	0.900	0.429	0.999
RPS6	RPS9	9606.ENSP00000369757	9606.ENSP00000375632	0	0	0	0	0.990	0.996	0.900	0.814	0.999
RPS7	SECISBP2	9606.ENSP00000495273	9606.ENSP00000364965	0	0	0	0	0.058	0.805	0	0.057	0.812
RPS7	RPS9	9606.ENSP00000495273	9606.ENSP00000375632	0	0	0	0	0.986	0.994	0.900	0.732	0.999
RPS7	RPS8	9606.ENSP00000495273	9606.ENSP00000379888	0	0	0	0	0.991	0.994	0.900	0.472	0.999
RPS7	UBA52	9606.ENSP00000495273	9606.ENSP00000388107	0	0	0	0	0.931	0.992	0.540	0.324	0.999
RPS7	RPSA	9606.ENSP00000495273	9606.ENSP00000389351	0	0	0	0	0.991	0.993	0.900	0.406	0.999
RPS8	SECISBP2	9606.ENSP00000379888	9606.ENSP00000364965	0	0	0	0	0.054	0.805	0	0.052	0.810
RPS8	RPS9	9606.ENSP00000379888	9606.ENSP00000375632	0	0	0	0	0.990	0.995	0.900	0.892	0.999
RPS8	UBA52	9606.ENSP00000379888	9606.ENSP00000388107	0	0	0	0	0.953	0.992	0.540	0.420	0.999
RPS8	RPSA	9606.ENSP00000379888	9606.ENSP00000389351	0	0	0	0	0.991	0.995	0.900	0.704	0.999
RPS9	TPH1	9606.ENSP00000375632	9606.ENSP00000250018	0	0	0	0	0.086	0	0	0.399	0.428
RPS9	SECISBP2	9606.ENSP00000375632	9606.ENSP00000364965	0	0	0	0	0.083	0.805	0	0.080	0.821
RPS9	UBA52	9606.ENSP00000375632	9606.ENSP00000388107	0.093	0	0	0	0.938	0.991	0.540	0.344	0.999
RPS9	RPSA	9606.ENSP00000375632	9606.ENSP00000389351	0.086	0	0	0	0.988	0.995	0.900	0.728	0.999
RPSA	SECISBP2	9606.ENSP00000389351	9606.ENSP00000364965	0	0	0	0	0.075	0.806	0	0.056	0.816
RPSA	UBA52	9606.ENSP00000389351	9606.ENSP00000388107	0.106	0	0	0	0.898	0.991	0.540	0.410	0.999
SARS1	SCLY	9606.ENSP00000358939	9606.ENSP00000499199	0	0	0	0	0.058	0.098	0	0.459	0.501
SARS1	SECISBP2	9606.ENSP00000358939	9606.ENSP00000364965	0.042	0	0	0	0.061	0.045	0	0.615	0.625
SARS1	SEPSECS	9606.ENSP00000358939	9606.ENSP00000371535	0.043	0	0	0	0	0	0	0.965	0.965
SAT1	SRM	9606.ENSP00000368572	9606.ENSP00000366156	0	0	0	0	0	0	0.900	0.740	0.972
SAT1	SLC3A2	9606.ENSP00000368572	9606.ENSP00000367123	0	0	0	0	0.061	0	0	0.454	0.466
SAT1	SMS	9606.ENSP00000368572	9606.ENSP00000385746	0	0	0	0	0.044	0	0	0.782	0.783
SAT1	SMOX	9606.ENSP00000368572	9606.ENSP00000478305	0	0	0	0	0.054	0	0	0.853	0.855
SCLY	SECISBP2	9606.ENSP00000499199	9606.ENSP00000364965	0.044	0	0	0	0.049	0	0	0.643	0.647
SCLY	SEPSECS	9606.ENSP00000499199	9606.ENSP00000371535	0	0	0	0	0	0	0	0.715	0.715
SCLY	SUOX	9606.ENSP00000499199	9606.ENSP00000377668	0	0	0	0	0.212	0	0	0.400	0.507
SCLY	TST	9606.ENSP00000499199	9606.ENSP00000385828	0.046	0	0	0	0.061	0.091	0.585	0.281	0.713
SCLY	TXNRD1	9606.ENSP00000499199	9606.ENSP00000434516	0.043	0	0	0	0.061	0	0.900	0.437	0.942
SECISBP2	TXNRD1	9606.ENSP00000364965	9606.ENSP00000434516	0	0	0	0	0.093	0.186	0	0.682	0.744
SECISBP2	UBA52	9606.ENSP00000364965	9606.ENSP00000388107	0	0	0	0	0.068	0.800	0	0.066	0.810
SECISBP2	SEPSECS	9606.ENSP00000364965	9606.ENSP00000371535	0	0	0	0	0.060	0	0	0.866	0.869
SEM1	UBA52	9606.ENSP00000481021	9606.ENSP00000388107	0	0	0	0	0.067	0	0.500	0	0.513
SEPSECS	TXNRD1	9606.ENSP00000371535	9606.ENSP00000434516	0	0	0	0	0.080	0	0.171	0.449	0.543
SHMT1	SRM	9606.ENSP00000318868	9606.ENSP00000366156	0.059	0	0	0	0.106	0	0	0.361	0.416
SHMT1	SQOR	9606.ENSP00000318868	9606.ENSP00000456019	0.079	0	0	0	0.072	0	0.352	0.166	0.476
SHMT1	TXNRD1	9606.ENSP00000318868	9606.ENSP00000434516	0.086	0	0	0	0.086	0	0.385	0.264	0.571
SLC3A2	SLC7A5	9606.ENSP00000367123	9606.ENSP00000261622	0	0	0	0	0.461	0.990	0.900	0.999	0.999
SLC3A2	SRM	9606.ENSP00000367123	9606.ENSP00000366156	0	0	0	0	0.072	0	0	0.405	0.424
SLC3A2	SMOX	9606.ENSP00000367123	9606.ENSP00000478305	0	0	0	0	0.056	0.052	0	0.398	0.414
SLC3A2	TXNRD1	9606.ENSP00000367123	9606.ENSP00000434516	0	0	0	0	0.128	0	0	0.359	0.418
SLC45A2	TYR	9606.ENSP00000296589	9606.ENSP00000263321	0	0	0	0	0.467	0.045	0	0.946	0.970
SLC45A2	TYRP1	9606.ENSP00000296589	9606.ENSP00000373570	0	0	0	0	0.420	0.045	0	0.933	0.959
SLC5A5	TSHB	9606.ENSP00000222248	9606.ENSP00000256592	0	0	0	0	0.100	0	0	0.607	0.631
SLC5A5	TPO	9606.ENSP00000222248	9606.ENSP00000329869	0	0	0	0	0.128	0	0	0.934	0.940
SLC6A8	TMLHE	9606.ENSP00000253122	9606.ENSP00000335261	0	0	0	0	0	0	0	0.416	0.416
SLC7A5	TDO2	9606.ENSP00000261622	9606.ENSP00000444788	0	0	0	0	0	0	0	0.411	0.411
SMOX	SRM	9606.ENSP00000478305	9606.ENSP00000366156	0	0	0	0	0.043	0	0	0.775	0.775
SMOX	SMS	9606.ENSP00000478305	9606.ENSP00000385746	0	0	0	0	0	0	0	0.818	0.818
SMS	SRM	9606.ENSP00000385746	9606.ENSP00000366156	0	0	0.219	0.610	0.062	0	0.913	0.599	0.971
SQOR	SUOX	9606.ENSP00000456019	9606.ENSP00000377668	0.059	0	0	0	0	0	0.152	0.845	0.865
SQOR	TST	9606.ENSP00000456019	9606.ENSP00000385828	0.042	0	0	0	0.072	0	0.750	0.812	0.952
SQOR	TXNRD1	9606.ENSP00000456019	9606.ENSP00000434516	0.057	0	0	0	0.069	0.046	0.265	0.210	0.426
SUOX	TST	9606.ENSP00000377668	9606.ENSP00000385828	0.119	0	0	0	0.067	0	0.900	0.811	0.982
TAT	TYR	9606.ENSP00000348234	9606.ENSP00000263321	0	0	0	0	0.043	0.045	0.900	0.154	0.912
TAT	TPO	9606.ENSP00000348234	9606.ENSP00000329869	0	0	0	0	0	0	0.900	0	0.900
TAT	TDO2	9606.ENSP00000348234	9606.ENSP00000444788	0	0	0	0	0.304	0	0.402	0.791	0.905
TAT	TH	9606.ENSP00000348234	9606.ENSP00000370571	0	0	0	0	0.139	0	0.900	0.242	0.929
TDO2	TPH1	9606.ENSP00000444788	9606.ENSP00000250018	0.046	0	0	0	0.183	0	0.900	0.600	0.964
TDO2	TPH2	9606.ENSP00000444788	9606.ENSP00000329093	0.046	0	0	0	0.183	0	0.900	0.350	0.942
TH	TYR	9606.ENSP00000370571	9606.ENSP00000263321	0	0	0	0	0	0.045	0.900	0.650	0.963
TH	TPO	9606.ENSP00000370571	9606.ENSP00000329869	0	0	0	0	0	0	0.900	0.275	0.924
TPH1	TPH2	9606.ENSP00000250018	9606.ENSP00000329093	0	0	0.052	0.976	0.044	0.610	0.900	0.061	0.960
TPO	TSHB	9606.ENSP00000329869	9606.ENSP00000256592	0	0	0	0	0	0	0	0.544	0.544
TPO	TYR	9606.ENSP00000329869	9606.ENSP00000263321	0	0	0	0	0	0	0.900	0.484	0.946
TYR	TYRP1	9606.ENSP00000263321	9606.ENSP00000373570	0	0	0.086	0.897	0.760	0.259	0	0.437	0.896
