Immune cells	Malignant cells	Stromal cells
RP11-34P13.7	0.00112	0.00177	0.00258
FO538757.2	0.04273	0.07526	0.08679
AP006222.2	0.05052	0.07732	0.04197
RP4-669L17.10	0.00114	0.00377	0.00408
RP5-857K21.4	0.00021	0.00061	0.00057
RP11-206L10.9	0.01528	0.01185	0.01368
FAM87B	0.0011	6e-05	0.00067
LINC00115	0.0109	0.00622	0.00944
FAM41C	0.00416	0.00541	0.00306
RP11-54O7.3	0.00023	0.00026	0.00026
SAMD11	0.00096	0.00571	0.00856
NOC2L	0.12256	0.14531	0.12976
KLHL17	0.01169	0.01068	0.01434
PLEKHN1	0.00565	0.02123	0.02231
PERM1	0.00024	0.00176	0.00265
RP11-54O7.17	0.03213	0.00451	0.02455
HES4	0.14249	0.0816	0.26824
ISG15	0.63357	0.39646	0.32458
AGRN	0.02136	0.2196	0.20922
RNF223	4e-05	0.00407	0.00389
C1orf159	0.01639	0.01821	0.0231
LINC01342	0	0.00069	0
RP11-465B22.8	0.00094	0.02378	0.02633
TTLL10	0.00151	0.00072	0.00068
TNFRSF18	0.3012	0.01893	0.04097
TNFRSF4	0.30461	0.03352	0.06993
SDF4	0.32795	0.26814	0.2439
B3GALT6	0.06412	0.06034	0.0518
FAM132A	0.01347	0.33543	0.10379
RP5-902P8.12	0.00044	0.00019	0.00038
UBE2J2	0.12436	0.12167	0.0783
SCNN1D	0.00293	0.00283	0.00663
ACAP3	0.04272	0.03535	0.06246
PUSL1	0.05106	0.08536	0.03259
CPSF3L	0.10743	0.14569	0.11617
CPTP	0.0378	0.03727	0.03637
DVL1	0.02915	0.06536	0.06577
MXRA8	0.00013	0.00121	0.04755
AURKAIP1	0.5165	0.67335	0.33972
CCNL2	0.15508	0.11324	0.21595
MRPL20	0.46827	0.62281	0.30062
RP4-758J18.13	0.00139	0.00352	0.00381
ANKRD65	0.00425	0.00509	0.01609
RP4-758J18.10	0	0.00031	0.00054
VWA1	0.00669	0.18853	0.1994
ATAD3C	0.00568	0.00685	0.00653
ATAD3B	0.03957	0.04011	0.04612
ATAD3A	0.04353	0.04133	0.03569
TMEM240	0.00022	0.00137	0.00098
SSU72	0.41395	0.37896	0.24604
RP5-832C2.5	0.02444	0.00354	0.01166
C1orf233	0.03237	0.00115	0.00489
RP11-345P4.9	0.01563	0.01396	0.01609
MIB2	0.08255	0.05952	0.08139
MMP23B	0.00437	0.0147	0.01439
CDK11B	0.13283	0.0844	0.08633
RP11-345P4.10	0.00112	0.00175	0.00139
SLC35E2B	0.09448	0.09079	0.11145
RP11-345P4.7	0.00134	0.00095	0.00051
CDK11A	0.11934	0.0538	0.07233
SLC35E2	0.00222	0.00507	0.00845
NADK	0.13118	0.09518	0.07902
GNB1	0.57851	0.28598	0.29579
RP1-140A9.1	0.00116	0.00139	0.00046
CALML6	3e-05	4e-04	0.00062
TMEM52	0.00198	0.03304	0.00604
CFAP74	0.00014	0.00063	0.00211
RP11-547D24.1	4e-05	0.00034	0.00469
GABRD	0.00023	0.00322	0.03711
PRKCZ	0.01748	0.0413	0.02753
RP5-892K4.1	0.00235	0.00118	0.00135
RP11-181G12.2	2e-04	0.00037	2e-04
FAAP20	0.31651	0.38254	0.23523
RP11-181G12.4	0.00016	0.00031	0.00112
SKI	0.13007	0.05544	0.10511
MORN1	0.00472	0.01349	0.01058
RER1	0.37874	0.50349	0.25432
PEX10	0.03351	0.05899	0.03226
PLCH2	0.00905	0.03462	0.03368
PANK4	0.02424	0.01662	0.01971
HES5	0.00198	0.00099	0.02305
RP3-395M20.12	0.08949	0.02853	0.05191
RP3-395M20.8	0.03969	0.02494	0.03145
TNFRSF14	0.40089	0.13768	0.17896
RP3-395M20.9	0.00413	0.00213	0.00056
FAM213B	0.08098	0.05382	0.02817
MMEL1	0.01126	0.034	0.01754
TTC34	0.00207	0.00168	0.00188
LINC00982	0.00027	0.00926	0.01033
PRDM16	0.00021	0.02168	0.01693
RP11-22L13.1	0.00017	0.00031	0.00053
ARHGEF16	0.00421	0.08338	0.08086
RP11-168F9.2	0	0.0023	0.00114
MEGF6	0.00844	0.00757	0.01359
RP11-46F15.2	0.00114	0.00061	0.00038
TPRG1L	0.06327	0.06524	0.04112
WRAP73	0.04893	0.04564	0.04045
TP73	0.00262	0.00084	0.00012
TP73-AS1	0.01537	0.01432	0.02292
SMIM1	0.02079	0.1303	0.03501
LRRC47	0.05853	0.08037	0.04669
CEP104	0.05225	0.04791	0.03471
DFFB	0.01069	0.01182	0.01672
C1orf174	0.0943	0.07863	0.05527
LINC01134	0.00152	0.00205	0.00102
NPHP4	0.01195	0.01195	0.01106
KCNAB2	0.18907	0.01038	0.02605
RPL22	2.34377	2.15089	1.56761
RP1-120G22.11	0.00023	0.00106	0.00036
RNF207	0.01238	0.04472	0.04774
ICMT	0.06614	0.06515	0.06606
LINC00337	0.00099	0.00063	0.00029
GPR153	0.00294	0.00428	0.01109
ACOT7	0.05063	0.04927	0.03378
RP1-202O8.3	0.00519	0.00344	0.00315
HES2	0.00032	0.00099	0.00463
ESPN	0.00559	0.06903	0.02081
TNFRSF25	0.16282	0.01574	0.04159
PLEKHG5	0.01898	0.00743	0.02239
NOL9	0.05349	0.0492	0.04669
ZBTB48	0.05276	0.03966	0.03882
KLHL21	0.04813	0.0303	0.02416
PHF13	0.02732	0.03162	0.02699
THAP3	0.03583	0.04251	0.03078
DNAJC11	0.03918	0.05007	0.03921
RP11-312B8.1	0.00043	0.00068	9e-04
CAMTA1	0.34513	0.39396	0.2426
VAMP3	0.22583	0.10804	0.10353
PER3	0.05563	0.05018	0.06717
UTS2	0.08949	0.00393	0.00961
TNFRSF9	0.08724	0.00541	0.00925
PARK7	0.76676	0.88076	0.51187
ERRFI1	0.03928	0.23384	0.13629
RP11-431K24.1	0.00136	0.00467	0.00911
SLC45A1	0.00127	0.00013	0.0033
RERE	0.1286	0.12135	0.17799
ENO1	1.34049	1.33742	0.77936
ENO1-AS1	0.00209	0.00288	0.00148
SLC2A5	0.15787	0.00755	0.01309
GPR157	0.02149	0.03934	0.02202
MIR34AHG	0.01569	0.01653	0.03094
RP3-510D11.2	0.00183	0.00669	0.00544
H6PD	0.037	0.08238	0.0824
SPSB1	0.03037	0.02883	0.03365
SLC25A33	0.07085	0.08758	0.03968
TMEM201	0.01244	0.01118	0.01344
PIK3CD	0.09397	0.00516	0.01562
PIK3CD-AS1	0.0025	3e-05	0.00026
PIK3CD-AS2	0.00802	0.08543	0.02911
CLSTN1	0.09579	0.13247	0.13422
CTNNBIP1	0.09944	0.11511	0.07012
LZIC	0.16434	0.12916	0.08189
NMNAT1	0.02755	0.02097	0.01925
RBP7	0.06376	0.003	0.0556
UBE4B	0.06976	0.0631	0.04872
KIF1B	0.13356	0.10481	0.10006
PGD	0.16809	0.24494	0.08863
RP4-736L20.3	7e-05	0.00079	0
APITD1-CORT	0.002	0.00199	0.0012
APITD1	0.01726	0.04504	0.015
CORT	0.00025	0.00053	0.00044
DFFA	0.08041	0.12478	0.08434
PEX14	0.02406	0.02381	0.02313
CASZ1	0.01431	0.04532	0.03949
C1orf127	0.00219	0.00021	0.00055
TARDBP	0.15767	0.18446	0.14387
MASP2	0.00156	0.0551	0.01489
RP4-635E18.8	0.00144	0.00136	0.00262
SRM	0.22885	0.51492	0.21421
EXOSC10	0.07397	0.06221	0.05539
RP4-635E18.7	0.00112	0.00135	0.00231
RP4-635E18.6	0.00246	0.00209	0.00107
MTOR	0.0338	0.05215	0.03948
UBIAD1	0.03456	0.05674	0.02472
FBXO2	0.01401	0.0501	0.00923
FBXO44	0.02569	0.02214	0.02441
FBXO6	0.06123	0.04725	0.0221
MAD2L2	0.14212	0.0871	0.0532
DRAXIN	0.00487	0.00047	0.00057
AGTRAP	0.23682	0.1951	0.1018
C1orf167	0.00034	0.00475	0.00271
MTHFR	0.08765	0.04097	0.0498
CLCN6	0.03515	0.02985	0.02944
NPPA-AS1	0.00277	0.00255	0.00457
NPPB	0.00227	0.01859	0.0112
KIAA2013	0.14686	0.12971	0.10006
PLOD1	0.0944	0.1259	0.12864
MFN2	0.05741	0.04884	0.03454
MIIP	0.09724	0.05731	0.04983
TNFRSF8	0.01142	0.00043	0.00242
TNFRSF1B	0.70404	0.03715	0.11589
VPS13D	0.06416	0.06734	0.09062
DHRS3	0.30561	0.29833	0.15756
RP11-474O21.5	0.00196	0.00114	0.0026
PDPN	0.00534	0.00074	0.00527
PRDM2	0.27874	0.08349	0.11775
KAZN	0.003	0.02491	0.03139
TMEM51-AS1	0.00876	0.00941	0.01093
TMEM51	0.19427	0.04382	0.05498
FHAD1	0.01711	0.0032	0.00456
RP3-467K16.2	0.00404	0.00025	0.00022
RP3-467K16.4	0.00201	0.00024	0.00023
EFHD2	0.96712	0.31713	0.27052
CTRC	0.00244	0.00013	0.00075
CELA2A	0.00057	0.00011	0.00029
CASP9	0.03266	0.02292	0.02279
DNAJC16	0.0582	0.07266	0.0505
RP4-680D5.8	0.00013	0.00191	0.00086
AGMAT	0.01031	0.14153	0.03034
RP4-680D5.2	0.002	0.00084	0.00286
DDI2	0.1145	0.09019	0.08008
RP4-680D5.9	0.00075	0.00012	0.00097
PLEKHM2	0.13992	0.04356	0.06465
SLC25A34	0.00853	0.00254	0.005
RP11-169K16.4	0	0.00029	0.00157
TMEM82	0.00129	0.07445	0.01775
FBLIM1	0.00942	0.06999	0.13599
UQCRHL	0.00503	0.01204	0.00755
FLJ37453	0.04851	0.02787	0.04205
SPEN	0.25367	0.17831	0.23426
ZBTB17	0.05117	0.03096	0.03353
C1orf64	0.00026	0.0107	0.00189
HSPB7	0.00016	0.00574	0.01176
CLCNKA	0.00016	0.00047	0.00016
CLCNKB	0	0.00169	0.00091
FAM131C	0.00019	0.00258	0.00308
EPHA2	0.00374	0.11548	0.06891
RP11-276H7.2	0.00018	0.00209	0.00138
ARHGEF19	0.00799	0.01547	0.01176
RSG1	0.00337	0.00404	0.00115
FBXO42	0.07042	0.04534	0.04614
SZRD1	0.19818	0.13745	0.1119
SPATA21	0.0011	0.00312	0.00308
NECAP2	0.32431	0.09979	0.10357
RP4-798A10.2	0.00667	0.00302	0.00567
RP4-798A10.7	0.00598	0.01405	0.01213
NBPF1	0.03817	0.05547	0.04409
CROCC	0.0194	0.0216	0.02554
RP11-108M9.4	0.08585	0.02435	0.03837
RP11-108M9.6	0.01054	0.00335	0.01427
MFAP2	0.00128	0.02777	0.02658
ATP13A2	0.0671	0.02957	0.03629
SDHB	0.235	0.29259	0.1371
PADI2	0.00785	0.00464	0.0012
RP11-380J14.4	0.00012	0.00268	0.00717
PADI1	0.00034	0.01011	0.01026
PADI4	0.00152	0.00012	0.00037
RCC2	0.15042	0.14115	0.11292
ARHGEF10L	0.04209	0.06472	0.0587
ACTL8	8e-05	0.00044	0
IGSF21	0.07281	0.00299	0.0135
KLHDC7A	0.00026	0.01099	0.00526
ALDH4A1	0.01194	0.12237	0.04589
IFFO2	0.04198	0.01341	0.02586
UBR4	0.14876	0.15242	0.11853
RP1-43E13.2	0.01068	0.00382	0.0073
EMC1	0.07273	0.06849	0.06627
MRTO4	0.11527	0.19553	0.09581
AKR7A3	0.0022	0.07472	0.01608
AKR7A2	0.20364	0.28516	0.13211
PQLC2	0.03609	0.06233	0.03341
CAPZB	0.99263	0.40032	0.37943
MINOS1	0.72893	0.60338	0.37905
NBL1	0.1004	0.12031	0.12667
TMCO4	0.0367	0.03823	0.03573
RNF186	1e-04	0.00797	0.00545
OTUD3	0.02191	0.02816	0.0282
PLA2G2A	0.00049	0.00213	0.00531
PLA2G5	5e-05	0.00014	0.01916
PLA2G2D	0.01353	0.00063	0.00202
RP3-340N1.2	0.00243	0.00017	8e-04
PLA2G2C	0.00175	0.00025	0.00163
UBXN10-AS1	0.01034	0.00117	0.00296
UBXN10	0.00114	0.0095	0.008
CAMK2N1	0.0561	0.81538	0.51849
MUL1	0.03682	0.04806	0.02646
CDA	0.02535	0.07391	0.03866
PINK1	0.06213	0.08556	0.08107
PINK1-AS	0.00373	0.00215	0.00245
DDOST	0.27197	0.44993	0.26744
KIF17	0.00601	0.00134	0.01339
SH2D5	3e-05	0.00063	0.00089
HP1BP3	0.55062	0.36166	0.44146
EIF4G3	0.17272	0.14007	0.16115
ECE1	0.03599	0.11218	0.18005
RP5-1071N3.1	0.00114	5e-05	0.00077
NBPF3	0.0015	0.00169	0.0022
ALPL	0.00122	0.00331	0.00892
RAP1GAP	0.0016	0.06638	0.04033
USP48	0.19015	0.14463	0.12101
LDLRAD2	0.00051	0.00126	0.00598
HSPG2	0.01249	0.24912	0.35271
CELA3B	0.00012	0.00139	0
CELA3A	5e-05	0.00306	0.00113
RP1-224A6.3	0.00149	0.00053	7e-05
LINC00339	0.03005	0.01226	0.01643
CDC42	1.46151	0.95335	0.64056
RP1-224A6.9	0.00152	0.00106	0.00065
WNT4	3e-04	0.00627	0.00615
ZBTB40	0.03633	0.02864	0.03159
C1QA	1.44183	0.13858	0.24693
C1QC	1.00385	0.07573	0.15218
C1QB	1.3861	0.1336	0.23216
EPHB2	0.03453	0.01649	0.01135
C1orf234	0.00035	0.00085	0.00113
KDM1A	0.0775	0.09808	0.06216
LUZP1	0.14437	0.06741	0.15174
HTR1D	0	0.00092	0.00013
LINC01355	0.01043	0.0242	0.03319
HNRNPR	0.43501	0.42817	0.30181
ZNF436	0.01334	0.0102	0.02031
ZNF436-AS1	0.00476	0.00454	0.00982
RP5-1057J7.7	8e-05	0.00263	0.00384
TCEA3	0.01356	0.36241	0.11434
ASAP3	0.00105	0.02274	0.02049
E2F2	0.00822	0.00201	0.00225
RP1-150O5.3	2e-04	0.00128	0.00037
ID3	0.22293	0.10438	0.36278
MDS2	0.00074	7e-05	0.00044
RPL11	3.16289	2.82318	2.16876
TCEB3	0.0935	0.0905	0.05372
TCEB3-AS1	0.01031	0.0254	0.01123
PITHD1	0.31903	0.12988	0.11138
LYPLA2	0.14065	0.12977	0.09538
GALE	0.05943	0.19023	0.11323
HMGCL	0.0903	0.17	0.0682
FUCA1	0.26161	0.16959	0.10187
CNR2	0.00273	0.00014	0
PNRC2	0.40837	0.24724	0.19037
SRSF10	0.41157	0.46356	0.36267
MYOM3	0	0.00355	0.00552
IL22RA1	0.00014	0.01157	0.00773
IFNLR1	0.00588	0.00871	0.00358
STPG1	0.00848	0.01984	0.01416
NIPAL3	0.06111	0.05603	0.04705
RCAN3	0.22541	0.06113	0.05892
RP4-594I10.3	0.01011	0.00492	0.00364
NCMAP	0.00086	0.03068	0.01329
SRRM1	0.92018	0.4473	0.40903
CLIC4	0.14708	0.07776	0.17416
RUNX3	0.51366	0.03742	0.05805
SYF2	0.52355	0.35432	0.32192
RSRP1	0.59496	0.25934	0.42621
RP3-465N24.6	0.00191	0.00098	0.00092
RHD	0.00329	0.00057	0.00124
TMEM50A	0.763	0.55113	0.384
RHCE	0.00128	0.00341	0.00188
TMEM57	0.09976	0.13389	0.07245
LDLRAP1	0.03102	0.02896	0.03277
RP11-70P17.1	0.00143	2e-04	0.00098
MAN1C1	0.04757	0.00288	0.0191
RP1-187B23.1	0.01532	0.00125	0.0051
SEPN1	0.06488	0.06704	0.11213
RP1-317E23.3	0.00283	0.00374	0.00276
MTFR1L	0.07205	0.07659	0.05487
AUNIP	0.00285	0.00461	0.00077
RP1-125I3.2	0.00056	0.00014	0.00136
PAQR7	0.01846	0.04007	0.0266
STMN1	0.6568	0.41231	0.24225
PAFAH2	0.03814	0.02963	0.02493
EXTL1	0.00047	0.00037	0.00034
SLC30A2	0.00259	0.00037	0.00044
TRIM63	0.00146	0	0.00086
PDIK1L	0.03333	0.02645	0.0172
FAM110D	0.00048	0.00046	0.02564
RP11-96L14.8	4e-05	0.00042	1e-04
ZNF593	0.16257	0.4155	0.15672
CNKSR1	0.00194	0.03085	0.01846
CEP85	0.02134	0.02014	0.01509
SH3BGRL3	2.54431	0.96513	0.82683
UBXN11	0.09974	0.03134	0.04017
CD52	1.65055	0.09355	0.1814
AIM1L	0.00567	0.03609	0.01607
ZNF683	0.02477	6e-04	0.00129
LIN28A	0.00033	0.00682	0.00232
DHDDS	0.07828	0.06764	0.05525
HMGN2	1.03369	0.62903	0.46831
RPS6KA1	0.13602	0.03832	0.03026
RP5-968P14.2	0.00046	0.00059	0
ARID1A	0.26748	0.18673	0.16909
PIGV	0.02404	0.03765	0.01555
ZDHHC18	0.08135	0.03356	0.03745
SFN	0.00907	0.34992	0.11836
GPN2	0.05256	0.09128	0.05213
GPATCH3	0.03051	0.04323	0.01834
NUDC	0.46701	0.87021	0.37439
NR0B2	0.00643	0.22491	0.05566
KDF1	0.00044	0.02065	0.00517
TRNP1	0.03385	0.80616	0.27631
FAM46B	0.00118	0.00289	0.00235
SLC9A1	0.04211	0.0537	0.05385
WDTC1	0.04792	0.03924	0.03386
TMEM222	0.05777	0.10861	0.06854
SYTL1	0.09659	0.09069	0.04845
MAP3K6	0.02041	0.02022	0.03435
FCN3	0	4e-05	0.00608
CD164L2	0.00011	0.00317	0.00099
GPR3	0.00048	0.00031	0.00198
WASF2	0.37157	0.36269	0.26568
AHDC1	0.02942	0.04522	0.05661
FGR	0.13564	0.00709	0.02309
RP11-288L9.1	0.00107	0.00038	0
IFI6	0.39875	0.63116	0.35573
FAM76A	0.07304	0.06699	0.0548
STX12	0.28951	0.15332	0.15934
PPP1R8	0.08415	0.10005	0.06044
THEMIS2	0.20096	0.01032	0.02404
RPA2	0.17699	0.20327	0.0751
SMPDL3B	0.00269	0.04722	0.01758
XKR8	0.0199	0.05677	0.02039
EYA3	0.05848	0.03666	0.04164
PTAFR	0.12028	0.01221	0.02176
DNAJC8	0.6069	0.33742	0.26007
ATPIF1	0.68244	1.11373	0.56422
RP5-1092A3.4	0.00649	0.0277	0.02299
SESN2	0.04468	0.04017	0.031
MED18	0.01648	0.01547	0.00757
PHACTR4	0.17924	0.17358	0.15887
RCC1	0.0413	0.0615	0.03517
TRNAU1AP	0.14727	0.0837	0.09827
SNHG12	0.25667	0.07508	0.10239
TAF12	0.17527	0.20074	0.09599
RAB42	0.12862	0.00509	0.01931
RP11-442N24--B.1	0.00247	0.00649	0.00192
RNU11	0.03589	0.00315	0.01469
GMEB1	0.0783	0.03528	0.03409
YTHDF2	0.26374	0.28125	0.16986
EPB41	0.11671	0.08365	0.05492
TMEM200B	0.00044	0.01071	0.01226
SRSF4	0.35797	0.21822	0.26635
MECR	0.02728	0.06393	0.03252
PTPRU	6e-04	0.02548	0.01877
MATN1	0.00082	0.00039	0.00076
MATN1-AS1	0.0088	0.00854	0.01048
LAPTM5	1.5382	0.08268	0.19392
RP5-1125N11.2	0.00014	0.00054	0.00061
SDC3	0.26066	0.05085	0.05667
PUM1	0.30037	0.26035	0.21724
NKAIN1	5e-05	0.00042	0.00014
SNRNP40	0.15409	0.16214	0.08244
ZCCHC17	0.13375	0.12138	0.07728
FABP3	0.10408	0.00432	0.01373
SERINC2	0.03733	0.60787	0.2292
LINC01226	9e-05	0.00076	0.00065
RP11-73M7.1	0	0.00113	0.00025
TINAGL1	0.00512	0.22105	0.30333
PEF1	0.10245	0.19688	0.10089
RP11-73M7.9	0.00051	0.00014	0.00016
COL16A1	0.00072	0.02891	0.03877
ADGRB2	0.00171	0.00181	0.00201
SPOCD1	0.0163	0.00343	0.00525
RP11-84A19.2	0.00053	0.00106	0.00076
RP11-84A19.4	0.00758	0.00365	0.00636
PTP4A2	0.74617	0.62951	0.36249
KHDRBS1	0.5115	0.60126	0.31711
RP11-277A4.4	0.00196	0.00049	0.00077
TMEM39B	0.03479	0.06758	0.04085
KPNA6	0.13631	0.14156	0.13141
TXLNA	0.09854	0.16258	0.11713
CCDC28B	0.0444	0.02541	0.03854
RP4-622L5.7	0.00064	0.00209	0.00149
IQCC	0.00423	0.0087	0.00729
TMEM234	0.03672	0.05888	0.0387
EIF3I	0.39079	0.59393	0.30062
FAM167B	0.00216	0.00215	0.05618
LCK	0.25575	0.03145	0.03222
HDAC1	0.16096	0.29427	0.15987
MARCKSL1	0.19324	1.03608	0.5858
TSSK3	7e-04	0.00264	0.00319
FAM229A	0.00635	0.0257	0.01526
BSDC1	0.09606	0.14012	0.13897
ZBTB8B	0.00024	0.00049	0.00069
ZBTB8A	0.00571	0.02516	0.02856
ZBTB8OS	0.21294	0.42696	0.16624
RBBP4	0.28875	0.35205	0.23638
SYNC	0.04497	0.05507	0.04557
RP11-114B7.6	3e-05	0.00142	0.00091
KIAA1522	0.00703	0.14263	0.0634
YARS	0.1099	0.32438	0.1393
S100PBP	0.09623	0.07774	0.07536
FNDC5	0.00044	0.00025	0.01522
HPCA	0	0.00071	0.00173
TMEM54	0.00428	0.19316	0.11308
RNF19B	0.11171	0.04252	0.04994
AK2	0.18216	0.38795	0.19297
AZIN2	0.00398	0.00452	0.01432
TRIM62	0.01018	0.00543	0.00885
ZNF362	0.03317	0.02388	0.03324
RP11-415J8.7	5e-05	0.00047	0.00095
PHC2	0.15923	0.14247	0.13566
RP11-415J8.5	0	0.00103	0.00055
ZSCAN20	0.00316	0.00078	0.00177
CSMD2	0	0.00054	0.00221
SMIM12	0.15671	0.2155	0.1113
GJB5	0	0.0207	0.00283
GJB4	0.00057	0.03572	0.01541
GJB3	0.00069	0.06098	0.02149
GJA4	0.00044	0.00072	0.13534
DLGAP3	0.02553	0.007	0.00602
RP11-244H3.4	0.00907	0.01687	0.00538
ZMYM6NB	0.00122	0.0021	0.00217
ZMYM6	0.0647	0.07096	0.06934
ZMYM1	0.04965	0.13657	0.07722
SFPQ	0.86825	0.76199	0.67437
ZMYM4	0.10616	0.17369	0.12537
KIAA0319L	0.08346	0.28215	0.23011
NCDN	0.01675	0.0436	0.03259
RP4-728D4.2	0.00999	0.00092	0.00055
TFAP2E	0.00332	0.0011	0.00296
PSMB2	0.40202	0.98678	0.38251
C1orf216	0.01728	0.03302	0.02097
CLSPN	0.05306	0.04631	0.02612
AGO4	0.08684	0.07059	0.07524
AGO1	0.07683	0.14218	0.09868
RP4-789D17.5	0.00085	0.001	0
AGO3	0.16027	0.16869	0.17834
ADPRHL2	0.11508	0.15048	0.06722
COL8A2	0.015	0.00092	0.00388
TRAPPC3	0.2105	0.36969	0.15622
MAP7D1	0.20521	0.11205	0.1149
THRAP3	0.43054	0.41997	0.29092
SH3D21	0.02643	0.03491	0.03384
EVA1B	0.19616	0.12134	0.21153
RP11-268J15.5	0.00741	0.07845	0.04984
STK40	0.08987	0.12345	0.06736
LSM10	0.21435	0.24337	0.1172
OSCP1	0.0035	0.01826	0.01022
MRPS15	0.2602	0.7237	0.26047
CSF3R	0.10089	0.00783	0.02135
LINC01137	0.00817	0.04171	0.01417
ZC3H12A	0.19706	0.17556	0.15255
MEAF6	0.33972	0.51199	0.24407
SNIP1	0.07009	0.06965	0.04339
DNALI1	0.00515	0.19927	0.07131
GNL2	0.12421	0.20119	0.09539
C1orf109	0.03505	0.08179	0.03875
CDCA8	0.03666	0.0483	0.0158
EPHA10	0.00016	0.01369	0.00995
MANEAL	0.00641	0.0181	0.00606
YRDC	0.07205	0.11555	0.05271
C1orf122	0.25612	0.50109	0.23488
MTF1	0.06643	0.04299	0.0401
INPP5B	0.03633	0.03123	0.03998
RP11-109P14.10	0.00074	0.00028	0.00034
SF3A3	0.17297	0.28355	0.13004
FHL3	0.04944	0.10303	0.08544
UTP11L	0.12405	0.24804	0.10985
POU3F1	0.03655	0.00699	0.05651
RRAGC	0.20578	0.12291	0.08689
RP5-864K19.4	0.01103	0.01848	0.0049
MYCBP	0.05347	0.1358	0.05308
RP5-864K19.6	0.00032	3e-04	0.00118
RHBDL2	8e-04	0.0661	0.0316
AKIRIN1	0.30247	0.27647	0.15773
NDUFS5	1.0177	1.45059	0.73312
MACF1	0.46607	0.43057	0.49027
RP11-69E11.4	0.01057	0.00474	0.00618
PABPC4	0.42632	0.44089	0.28801
HEYL	0.00078	0.00274	0.05338
HPCAL4	0.00516	0.00028	0.00254
PPIE	0.14353	0.22342	0.09068
BMP8B	0.00183	0.00857	0.00523
OXCT2	0.00284	0.00739	0.00271
RP1-118J21.25	0.00028	0.0026	0.00218
TRIT1	0.03043	0.07226	0.04887
MYCL	0.02281	0.02338	0.01986
MFSD2A	0.02651	0.01037	0.01378
CAP1	0.94609	0.56979	0.40437
PPT1	0.61253	0.34103	0.21788
RLF	0.1987	0.1288	0.12042
TMCO2	0.00046	0.00027	0
RP1-39G22.7	0.00971	0.03973	0.03354
ZMPSTE24	0.11777	0.31378	0.14412
COL9A2	0.03541	0.07367	0.09875
SMAP2	0.59688	0.17418	0.11827
ZFP69B	0.00751	0.01122	0.00829
ZFP69	0.00623	0.00833	0.0053
RP11-656D10.3	0.00089	0.00472	0.00415
EXO5	0.01726	0.02816	0.01775
ZNF684	0.01962	0.03824	0.02121
RIMS3	0.00406	0.00385	0.00184
NFYC-AS1	0.01383	0.00845	0.01548
NFYC	0.13903	0.15257	0.09746
KCNQ4	7e-05	0.00292	0.0058
CITED4	0.04748	0.15888	0.08758
CTPS1	0.0331	0.07124	0.03965
SLFNL1-AS1	0.00177	0.00278	0.00248
SLFNL1	0.00036	0.00177	0.00262
SCMH1	0.01649	0.08221	0.05925
RP11-399E6.1	0.00014	0.00325	0.00128
FOXO6	0.00113	0.01139	0.01033
RP11-399E6.4	0.00014	0.00084	0.00072
EDN2	1e-04	0.00386	0.00228
HIVEP3	0.0557	0.03839	0.04349
GUCA2B	0.00087	0.03361	0.00826
GUCA2A	0.00069	0.01415	0.00385
FOXJ3	0.09462	0.11354	0.11902
RIMKLA	0.00365	0.00759	0.00266
ZMYND12	0.00372	0.00338	0.00127
PPCS	0.24527	0.5039	0.18354
CCDC30	0.01239	0.02622	0.02919
PPIH	0.12328	0.23214	0.08661
RP5-994D16.3	0.00067	0.0013	0.00244
YBX1	1.79066	1.93145	1.07315
CLDN19	0.00106	0.00891	0.00405
P3H1	0.04215	0.11448	0.1196
C1orf50	0.08277	0.13022	0.04769
SVBP	0.11833	0.13738	0.08701
ERMAP	0.02277	0.04499	0.02701
RP11-342M1.3	0.003	0.01392	0.00343
ZNF691	0.01308	0.04313	0.02025
SLC2A1	0.17804	0.11638	0.07771
SLC2A1-AS1	0.00394	0.00596	0.00496
FAM183A	0.00018	0.00386	0.00286
EBNA1BP2	0.1151	0.41483	0.14201
CFAP57	0.00019	0.00123	0.00094
TMEM125	0.00089	0.07818	0.03353
C1orf210	0.00099	0.07392	0.01977
TIE1	0.0014	4e-04	0.06036
RP1-92O14.3	0.00285	0.00736	0.00142
CDC20	0.04619	0.08434	0.02317
ELOVL1	0.14082	0.31051	0.1395
MED8	0.12576	0.35838	0.1202
SZT2	0.03297	0.05402	0.05873
SZT2-AS1	0	0.00097	0.00185
HYI	0.08168	0.23738	0.11995
HYI-AS1	0.00034	0.00047	0.00047
PTPRF	0.0143	0.54458	0.31572
KDM4A	0.03313	0.05861	0.03804
KDM4A-AS1	0.00265	0.00585	0.00508
ST3GAL3	0.01073	0.02019	0.01823
ARTN	0.00067	0.01079	0.02035
RP11-7O11.3	0.00123	0.00558	0.00092
IPO13	0.02569	0.04038	0.03013
DPH2	0.01963	0.07623	0.03886
ATP6V0B	0.8251	1.16025	0.59036
B4GALT2	0.01673	0.17951	0.07955
CCDC24	0.00948	0.07457	0.02868
SLC6A9	0.00087	0.0165	0.01763
RP5-1198O20.4	0.00093	0.00291	0.00137
DMAP1	0.09156	0.17296	0.09863
ERI3	0.08676	0.25646	0.10087
RNF220	0.09726	0.20046	0.13165
TMEM53	0.05028	0.20488	0.04937
C1orf228	0.03379	0.00792	0.01356
KIF2C	0.03281	0.0318	0.01474
RP11-269F19.2	0.00043	0.00045	0.00017
RPS8	3.2537	3.57142	2.53574
BEST4	0.00117	0.00157	0.00088
PLK3	0.36171	0.14819	0.17924
TCTEX1D4	0.00245	0.00631	0.00172
BTBD19	0.02867	0.01521	0.02543
PTCH2	0.04108	0.00661	0.02581
EIF2B3	0.05683	0.17638	0.06176
HECTD3	0.05129	0.05452	0.0446
UROD	0.11732	0.34315	0.1326
ZSWIM5	0.00122	0.03186	0.01179
LINC01144	0.00075	0.00232	0.00372
HPDL	0.00096	0.01041	0.0018
MUTYH	0.02893	0.05001	0.02672
TOE1	0.03897	0.06055	0.03458
TESK2	0.06332	0.02225	0.01798
CCDC163P	0.0045	0.01074	0.00741
MMACHC	0.00746	0.0304	0.01518
PRDX1	1.51918	2.29892	1.12919
AKR1A1	0.4909	0.78477	0.31684
NASP	0.45601	0.53155	0.31806
CCDC17	0.00334	0.01545	0.0141
GPBP1L1	0.1953	0.29598	0.19472
TMEM69	0.08362	0.19511	0.08143
IPP	0.01694	0.07494	0.04731
MAST2	0.0226	0.05137	0.0484
PIK3R3	0.043	0.0094	0.08567
RP4-533D7.5	0.00059	9e-04	0
TSPAN1	0.01011	0.47922	0.21778
POMGNT1	0.03075	0.13883	0.09274
LURAP1	0.00224	0.00417	0.00813
RAD54L	0.00585	0.00854	0.00882
LRRC41	0.09026	0.17294	0.10599
UQCRH	1.0684	1.85363	0.93958
NSUN4	0.04749	0.09624	0.06578
FAAH	0.00461	0.05377	0.02958
DMBX1	0.00017	0.00106	0.00035
MKNK1	0.2713	0.10914	0.10068
MOB3C	0.05381	0.02604	0.02934
ATPAF1	0.07959	0.21381	0.06835
TEX38	3e-04	0.00039	0.00043
EFCAB14	0.24917	0.31244	0.20526
CYP4B1	0	0.00164	0.00087
CYP4A11	0.00247	0.06903	0.02869
CYP4X1	0.00019	0.00797	0.01096
CYP4A22-AS1	0.00036	0.00315	0.0061
CYP4A22	0.00031	0.01371	0.00379
LINC00853	0.00162	0.02334	0.00584
PDZK1IP1	0.00985	0.46229	0.19218
TAL1	0.00101	0.00015	0.01248
STIL	0.02079	0.02997	0.0171
CMPK1	0.42185	0.9272	0.42558
LINC01389	6e-05	9e-04	0.00026
FOXD2-AS1	0.00663	0.01457	0.00594
FOXD2	0.00455	0.01823	0.01372
TRABD2B	0.00145	0.05315	0.03152
SLC5A9	0.00227	0.03697	0.04105
RP5-1024N4.4	0.00022	0.00067	0.00197
SPATA6	0.02073	0.04065	0.04636
AGBL4	0.00011	0.00166	0.0011
BEND5	0.00388	0.0012	0.00798
ELAVL4	0.02494	0.01959	0.01523
RP11-567C20.2	9e-05	0.00195	0.00048
DMRTA2	0	0.001	0
FAF1	0.10013	0.1308	0.06527
CDKN2C	0.11067	0.04573	0.04979
LINC01562	0.00049	0.00106	3e-04
RNF11	0.15181	0.2155	0.15157
TTC39A	0.00375	0.11016	0.04201
TTC39A-AS1	0.00034	0.00418	0.00572
EPS15	0.30724	0.19799	0.17796
RP11-191G24.1	0.00043	0.00125	0.00111
OSBPL9	0.13701	0.31716	0.17359
NRDC	0.23769	0.32438	0.211
RP4-657D16.3	0.00136	0.00159	0.00092
RP4-657D16.6	0.00067	0.00069	0.00026
RAB3B	0.00306	0.1057	0.05178
TXNDC12	0.27773	0.52982	0.22241
KTI12	0.0307	0.0551	0.02357
BTF3L4	0.43606	0.75069	0.31553
ZFYVE9	0.00497	0.08295	0.05398
CC2D1B	0.04441	0.05173	0.0447
RP11-155O18.6	0.00032	0.00034	0.00022
ORC1	0.00808	0.00569	0.0036
PRPF38A	0.19784	0.2365	0.13861
ZCCHC11	0.23329	0.27603	0.26856
GPX7	0.01333	0.00453	0.01431
FAM159A	0.02819	0.00042	0.00315
COA7	0.0348	0.12849	0.0375
ZYG11B	0.13327	0.15487	0.10805
ZYG11A	0.00022	0.00306	0.00327
ECHDC2	0.0615	0.32076	0.19464
SCP2	0.51524	1.23052	0.53982
PODN	0.00028	0.00954	0.01629
SLC1A7	0.00277	0.05758	0.02923
RP11-334A14.8	0.00019	0.00842	0.00482
CPT2	0.0528	0.10093	0.03931
RP5-1024G6.2	0.00081	0.00089	0.00121
C1orf123	0.10884	0.22257	0.13564
RP5-1024G6.7	0.00298	0.00166	0.0045
MAGOH	0.39158	0.64705	0.25984
RP5-1024G6.5	0.00114	0.00353	0.00217
LRP8	0.01027	0.02659	0.01888
RP11-117D22.2	0.00315	0.00013	0.00022
GLIS1	0.00027	0.00302	0.00208
NDC1	0.04102	0.10778	0.04776
YIPF1	0.06481	0.12242	0.06017
DIO1	0.00338	0.09861	0.02525
HSPB11	0.25208	0.485	0.17703
LRRC42	0.04739	0.18271	0.06947
LDLRAD1	2e-04	0.00706	0.00369
TMEM59	0.84795	1.60373	0.95736
TCEANC2	0.027	0.03853	0.04024
CYB5RL	0.00656	0.02063	0.01724
MRPL37	0.12944	0.41784	0.14003
SSBP3	0.08364	0.19694	0.13685
SSBP3-AS1	0.00048	0.00086	0.00056
ACOT11	0.03582	0.07547	0.06465
FAM151A	0.00335	0.11815	0.05917
MROH7	0.00239	0.00759	0.00812
TTC4	0.01346	0.02755	0.01698
PARS2	0.00414	0.02752	0.00587
TTC22	0.00466	0.05404	0.02476
LEXM	0.00014	0.00113	0.00068
DHCR24	0.0599	0.94397	0.41267
RP11-67L3.5	0.00016	0.0011	0.00053
RP11-67L3.4	0.00044	0.0147	0.0046
TMEM61	1e-04	0.01274	0.00355
BSND	0	0.0027	0.00166
PCSK9	0.00491	0.11303	0.07193
USP24	0.07589	0.12277	0.07972
RP11-504A18.1	0.00064	0.00528	0.00326
RP4-710M16.2	0.00194	0.07179	0.01274
PLPP3	0.02854	0.11747	0.13757
PRKAA2	0.00221	0.11771	0.05534
C1orf168	3e-05	0.00291	0.00202
C8A	0.00342	0.15427	0.07814
C8B	0.00145	0.05827	0.02547
DAB1	0.00086	1e-05	0
OMA1	0.08049	0.18918	0.06807
TACSTD2	0.01246	0.44318	0.2632
MYSM1	0.13174	0.12879	0.13546
JUN	2.31344	1.12664	1.71705
RP11-63G10.3	0.00026	0.00038	0
RP4-794H19.1	0.00612	0.01174	0.00308
LINC01358	0.00934	0.00072	0.00356
RP11-467C18.1	4e-05	0.00049	0.00043
FGGY	0.0315	0.10525	0.04839
HOOK1	0.01896	0.33155	0.10207
CYP2J2	0.00298	0.12821	0.04271
RP11-776H12.1	0.00038	0.02315	0.0182
NFIA	0.05144	0.23434	0.28237
TM2D1	0.15752	0.4165	0.23337
RP11-430G17.3	0.00343	0.01141	0.0106
INADL	0.03454	0.24196	0.1543
L1TD1	0.00048	0.00155	0.00228
KANK4	7e-05	0.00795	0.00354
USP1	0.17524	0.20514	0.09475
DOCK7	0.09992	0.14094	0.10546
ANGPTL3	0.02849	0.8442	0.32196
RP11-230B22.1	0.00062	0.01343	0.00634
ATG4C	0.12428	0.09703	0.05399
FOXD3-AS1	2e-05	0.00146	0.00082
ALG6	0.04958	0.13882	0.06015
ITGB3BP	0.10361	0.24929	0.10019
EFCAB7	0.01145	0.03381	0.02043
PGM1	0.09619	0.2543	0.08614
ROR1	0.0022	0.03001	0.01413
ROR1-AS1	0.00036	0.00285	0.00148
CACHD1	0.00044	0.01526	0.01614
RAVER2	0.00587	0.08342	0.05353
JAK1	0.7425	0.43253	0.37829
RP4-535B20.4	0.00062	5e-04	0.00128
RP4-535B20.1	0.00035	0.00013	0.0019
AK4	0.09772	0.61984	0.21747
DNAJC6	0.00196	0.00756	0.00694
LEPROT	0.32329	0.50262	0.38705
LEPR	0.02538	0.02625	0.03953
PDE4B	0.31957	0.01469	0.05676
SGIP1	0.0013	0.00038	0.03878
TCTEX1D1	0.01856	0.00085	0.01421
WDR78	0.00215	0.00812	0.00743
MIER1	0.32503	0.2727	0.20349
SLC35D1	0.05189	0.14743	0.0634
IL23R	0.01366	0.00126	0.00227
IL12RB2	0.00787	0.00021	0.00087
SERBP1	0.97029	1.18256	0.63567
RP11-393N21.2	2e-04	0.00453	0.00068
GADD45A	0.23804	0.16827	0.1941
GNG12	0.01808	0.27981	0.18696
GNG12-AS1	2e-04	0.00412	0.00494
DIRAS3	0.00315	0.00244	0.00574
WLS	0.05088	0.08967	0.10913
DEPDC1	0.02743	0.05614	0.01453
DEPDC1-AS1	0.00091	0.00127	0
RP3-380B4.1	3e-05	0.00034	0.00012
LRRC40	0.07567	0.11813	0.05485
SRSF11	0.60367	0.73298	0.64103
RP4-677H15.4	0.00058	2e-04	0
ANKRD13C	0.06764	0.07471	0.05597
HHLA3	0.03078	0.10549	0.03515
CTH	0.014	0.10883	0.02947
RP11-42O15.3	0.00033	0.00626	0.00156
PTGER3	0.00115	0.00041	0.01539
ZRANB2	0.30297	0.57405	0.48341
NEGR1	0.00248	0.00044	0.00352
RP4-660H19.1	0.00013	0.00844	0.00041
LRRIQ3	0.00254	0.02561	0.00891
FPGT	0.04442	0.13372	0.05222
FPGT-TNNI3K	0.00146	0.0024	0.00531
ERICH3	0.00027	3e-04	0.00033
RP11-17E13.2	0.00139	0.02061	0.01102
CRYZ	0.06972	0.60443	0.21892
TYW3	0.12877	0.31081	0.13308
SLC44A5	0.00116	0.06054	0.04273
ACADM	0.16319	0.2606	0.11678
RABGGTB	0.281	0.73869	0.3534
MSH4	0.00021	0.00058	0.00054
ST6GALNAC3	0.00278	0.00213	0.00903
ST6GALNAC5	0	0.00552	0.00241
PIGK	0.07033	0.19165	0.10845
AK5	0.00065	0.00566	0.0012
ZZZ3	0.09605	0.1895	0.11967
USP33	0.16147	0.19746	0.14692
FAM73A	0.07667	0.21144	0.12369
NEXN-AS1	4e-05	0.00055	0.00177
NEXN	0.00759	0.00245	0.05584
FUBP1	0.20903	0.2448	0.16588
DNAJB4	0.54556	0.2931	0.41463
GIPC2	0.00248	0.12376	0.04806
RP11-386I14.4	0.14218	0.02424	0.06006
PTGFR	0.00016	0.00382	0.00132
IFI44L	0.14976	0.14996	0.20254
IFI44	0.17585	0.09081	0.11742
ADGRL4	0.00028	0.00054	0.10219
RP11-339D23.1	8e-05	0.00715	0.00158
RP5-933B4.1	0.00044	0.01233	0.0058
RP5-887A10.1	0.00711	0.00074	0.0017
ADGRL2	0.00439	0.18849	0.12687
LINC01361	0	0.00093	0.00044
RP11-475O6.1	0.00043	0.0095	0.008
RP5-836J3.1	3e-05	0.00639	0.00634
TTLL7	0.00383	0.01168	0.03585
RP11-486G15.2	0.00209	0.0222	0.02445
PRKACB	0.30482	0.23189	0.14201
SAMD13	0.00534	0.03049	0.00768
DNASE2B	0.00443	0.00031	0.00015
RPF1	0.14821	0.24013	0.08652
GNG5	0.98492	1.47346	0.73432
CTBS	0.22524	0.23709	0.13875
SSX2IP	0.02574	0.06213	0.01988
LPAR3	0.00153	0.00139	0.00019
MCOLN2	0.03252	0.00215	0.00246
WDR63	0.00061	0.00114	0.00015
MCOLN3	0.01635	0.01286	0.00907
SYDE2	0.00364	0.04367	0.02574
C1orf52	0.15914	0.20159	0.12364
BCL10	0.2439	0.21247	0.13891
RP11-131L23.1	0.00042	0.00114	0.00055
DDAH1	0.00928	0.33814	0.13518
RP11-131L23.2	6e-05	0.00255	0.001
RP4-621F18.2	0	0.00374	0.01848
RP11-290M5.4	0	0.00045	0.00205
CYR61	0.0074	0.21053	0.36564
ZNHIT6	0.08695	0.1559	0.12048
COL24A1	0.0012	0.0068	0.00362
ODF2L	0.21705	0.08318	0.19288
RP4-612B15.3	0.00429	0.00401	0.00512
SH3GLB1	0.53972	0.38586	0.29092
SEP15	0.5661	0.9176	0.47852
HS2ST1	0.08459	0.17846	0.09579
LINC01140	0.00201	0.00598	0.00411
LMO4	0.35262	0.70518	0.57197
PKN2	0.16643	0.34643	0.3477
GTF2B	0.27935	0.29446	0.1258
CCBL2	0.08428	0.09919	0.05671
RBMXL1	0.06326	0.09454	0.06465
GBP3	0.12879	0.09964	0.08898
GBP1	0.29162	0.04384	0.11191
GBP2	0.41796	0.13095	0.16168
GBP7	0.0012	0.00221	0.0012
GBP4	0.17558	0.04896	0.08701
GBP5	0.20045	0.00623	0.02902
LRRC8B	0.04342	0.09828	0.05535
FLJ27354	0.01447	0.0019	0.00607
LRRC8C	0.1728	0.00971	0.04794
RP5-943J3.2	0.00394	0.00984	0.005
LRRC8D	0.05564	0.10827	0.04588
RP11-302M6.5	0	0.00067	0
ZNF326	0.14584	0.27632	0.19781
RP4-665J23.1	0.0053	0.1564	0.04324
RP4-665J23.2	0.00017	0.00294	0.00179
ZNF644	0.27705	0.32338	0.27514
HFM1	0.00011	0.0052	0.00199
CDC7	0.01545	0.02491	0.03151
TGFBR3	0.03792	0.04613	0.09759
BRDT	0.00086	5e-05	0
EPHX4	0.00116	0.03618	0.00953
BTBD8	0.00408	0.01844	0.01785
KIAA1107	0.01076	0.03895	0.03145
RP4-621B10.8	0.00024	0.00042	0.00061
GLMN	0.04717	0.07447	0.03642
RPAP2	0.08949	0.14583	0.09421
GFI1	0.02746	0.00212	0.00395
EVI5	0.1215	0.30452	0.14887
RPL5	2.06607	2.81323	1.75899
FAM69A	0.02039	0.04959	0.02375
MTF2	0.18937	0.19993	0.16891
TMED5	0.40835	0.43286	0.2345
CCDC18	0.02941	0.02355	0.01146
DR1	0.23015	0.24141	0.15579
FNBP1L	0.01776	0.2818	0.18081
BCAR3	0.03279	0.07243	0.04674
RP5-1033H22.2	0.00162	0.05173	0.01554
RP4-561L24.3	0.00223	0.00136	0.00133
DNTTIP2	0.33998	0.28544	0.15053
GCLM	0.14549	0.70989	0.23678
ABCA4	0.00032	0.00711	0.00506
ARHGAP29	0.00632	0.20889	0.30646
RP11-148B18.1	3e-05	0.00185	0.00115
ABCD3	0.07417	0.27064	0.15161
F3	0.01645	0.11553	0.08018
SLC44A3	0.00393	0.17221	0.04
CNN3	0.01559	0.33951	0.33146
RP4-639F20.1	0.00092	0.02198	0.0077
ALG14	0.03151	0.20823	0.07266
TMEM56	0.00467	0.15839	0.04298
TMEM56-RWDD3	0.0015	0.0033	0.00141
RP11-57H12.3	0	0.00138	0.00251
RWDD3	0.00507	0.01264	0.01068
PTBP2	0.05887	0.26065	0.15423
DPYD	0.20516	0.1347	0.09503
SNX7	0.02032	0.20554	0.07018
PLPPR4	0	3e-04	0.00779
PALMD	0.00078	0.04978	0.11355
FRRS1	0.02292	0.11639	0.05649
AGL	0.07985	0.25542	0.10136
RP5-884G6.2	0.0013	0.01231	0.00232
SLC35A3	0.09115	0.19455	0.11049
MFSD14A	0.1106	0.1417	0.09665
SASS6	0.04018	0.06462	0.02804
TRMT13	0.07723	0.15002	0.11884
LRRC39	0.00358	0.00167	0.0036
DBT	0.0634	0.1328	0.07324
RTCA-AS1	0.00206	0.00332	0.00187
RTCA	0.16589	0.18312	0.07894
CDC14A	0.07085	0.02395	0.02947
GPR88	0.00032	0.00374	0.00236
VCAM1	0.16184	0.05708	0.10712
EXTL2	0.0267	0.13534	0.09486
RP4-549L20.3	0.00828	0.01793	0.0256
SLC30A7	0.15002	0.21256	0.13751
DPH5	0.0577	0.1513	0.05583
RP11-421L21.2	0.00274	0.00144	0.00039
RP11-421L21.3	0.01158	0.04983	0.02351
RP4-575N6.4	0.00313	0.00013	0.00089
S1PR1	0.04498	0.00284	0.04922
OLFM3	0	0.00042	0.00023
RP11-202K23.1	0.00046	0.01463	0.00319
RP5-936J12.1	0	9e-04	0.00153
COL11A1	0	0.00056	0.00283
RNPC3	0.06517	0.11557	0.15986
AMY2B	0.00745	0.01147	0.01678
PRMT6	0.02968	0.10055	0.02864
NTNG1	0.00048	0.00031	0.00038
VAV3	0.12312	0.02842	0.02181
VAV3-AS1	0.00082	0.00021	0
RP11-356N1.2	0.00999	0.00041	0.00033
SLC25A24	0.22751	0.13601	0.11034
RP11-483I13.5	0.00267	0.00294	0.00244
FAM102B	0.16864	0.08162	0.06826
HENMT1	0.04298	0.08995	0.03357
PRPF38B	0.59116	0.37999	0.3722
STXBP3	0.21777	0.23601	0.15632
AKNAD1	0.00112	0.00249	0.00897
RP11-475E11.9	0.00029	0.00042	0.00021
GPSM2	0.04405	0.04939	0.03057
CLCC1	0.04972	0.12304	0.08286
WDR47	0.06234	0.02939	0.02662
TAF13	0.11115	0.13333	0.08695
RP5-1065J22.8	0.01043	0.02839	0.03362
TMEM167B	0.17334	0.18686	0.09761
SCARNA2	0.0023	0.00124	0.00348
KIAA1324	0.01077	0.09808	0.04962
SARS	0.25233	0.63367	0.29683
CELSR2	0.00277	0.00875	0.01206
PSRC1	0.01181	0.01581	0.00915
SORT1	0.06802	0.07435	0.09127
PSMA5	0.40702	0.76218	0.28428
SYPL2	0	0.00051	0.00348
ATXN7L2	0.00615	0.00668	0.008
CYB561D1	0.00852	0.01455	0.01615
AMIGO1	0.00045	0.00736	0.00354
GNAI3	0.5187	0.3759	0.24954
GNAT2	0.00014	0.00032	0.00026
AMPD2	0.07492	0.08381	0.05304
GSTM4	0.04095	0.10706	0.04933
GSTM2	0.0103	0.00318	0.0063
GSTM1	0.00347	2e-04	0.00177
GSTM5	0.00064	0.00032	0.00728
GSTM3	0.03663	0.3158	0.14197
EPS8L3	0.00481	0.17996	0.09819
RP11-195M16.3	0.00042	0.0018	0.00171
CSF1	0.15842	0.07195	0.07098
AHCYL1	0.25172	0.47426	0.29339
STRIP1	0.04534	0.05193	0.05032
RP4-773N10.4	0.00275	0.00746	0.0098
KCNC4-AS1	0.00024	0.00047	0.00046
KCNC4	0.01389	0.13408	0.11711
RP5-1074L1.1	0.00075	0.00206	0.00058
RBM15	0.05873	0.06321	0.06761
SLC16A4	0.01647	0.1067	0.06401
RP5-1074L1.4	0.00826	0.03529	0.03814
LAMTOR5	0.57784	1.04464	0.48086
RP11-284N8.3	0.03959	0.00182	0.00887
KCNA3	0.02001	0.00075	0.00165
CD53	0.86758	0.03855	0.08922
RP11-96K19.2	0.00224	0.00019	0
LRIF1	0.11803	0.20813	0.07576
RP11-96K19.5	0.00947	0.00533	0.004
DRAM2	0.38203	0.28996	0.15742
CEPT1	0.17398	0.12684	0.11188
RP5-1180E21.5	0.01548	0.01389	0.00873
DENND2D	0.162	0.1136	0.05553
CHI3L2	0.01759	0.00138	0.00219
PIFO	0.00115	0.01325	0.00252
OVGP1	0.00271	0.08453	0.02346
WDR77	0.09207	0.29569	0.10747
ATP5F1	0.59954	1.10722	0.41737
C1orf162	0.60949	0.03596	0.07023
TMIGD3	0.04771	0.00204	0.00645
ADORA3	0.0915	0.00389	0.00741
RAP1A	0.72916	0.33345	0.25406
LINC01160	0.00118	3e-05	0.00019
FAM212B	0.0171	0.01544	0.03354
FAM212B-AS1	0.00051	0.00127	0.00654
DDX20	0.04729	0.05904	0.03361
KCND3	0.00149	0.02072	0.01058
RP11-88H9.2	0.00029	0.00616	0.00114
CTTNBP2NL	0.10607	0.09724	0.14775
WNT2B	0.00774	0.0175	0.03078
RP4-671G15.2	0.00034	0.0012	0.00105
ST7L	0.03437	0.07751	0.05686
CAPZA1	0.86194	0.59428	0.35728
MOV10	0.0546	0.10969	0.09835
RP11-426L16.3	0.00025	0.00157	0.00179
RHOC	0.44603	0.89744	0.57404
PPM1J	0.00153	0.00812	0.0033
RP11-426L16.9	0.00016	0.00054	0.00702
FAM19A3	0.00066	2e-04	0
LINC01356	0.00174	0.00017	0.00017
RP3-522D1.1	0.01964	0.00395	0.00211
SLC16A1	0.13434	0.20566	0.10218
SLC16A1-AS1	0.05882	0.06859	0.08044
RP11-31F15.2	0.00526	0.00496	0.00652
LRIG2	0.03783	0.06669	0.06984
MAGI3	0.01205	0.12265	0.09155
PHTF1	0.04114	0.07375	0.04745
RSBN1	0.15953	0.12689	0.10619
RP5-1073O3.2	7e-04	6e-05	0.00072
PTPN22	0.359	0.03241	0.03933
AP4B1-AS1	0.00542	0.00195	0.00278
BCL2L15	0.00422	0.16729	0.07828
AP4B1	0.0375	0.04696	0.03539
DCLRE1B	0.04583	0.01983	0.01403
HIPK1-AS1	0.03006	0.00785	0.01097
HIPK1	0.27413	0.23045	0.18934
OLFML3	0.00542	0.06268	0.0713
SYT6	0.00131	1e-04	0
TRIM33	0.20197	0.22659	0.19309
BCAS2	0.50739	0.35192	0.18068
DENND2C	0.00514	0.02233	0.02166
NRAS	0.17489	0.24585	0.10603
CSDE1	0.75142	0.80623	0.45709
SIKE1	0.15187	0.20995	0.12432
TSPAN2	0.01464	0.00335	0.01446
NGF	0	0.00015	0.02452
VANGL1	0.01455	0.0635	0.02733
CASQ2	0.00012	0	0.01124
SLC22A15	0.01098	0.05633	0.05558
MAB21L3	0.00026	0.0027	0.00526
ATP1A1	0.38581	0.65119	0.43728
RP4-655J12.4	5e-04	0.00159	0.00022
RP5-1086K13.1	0.00148	0.00232	0.00121
CD58	0.20586	0.1959	0.09462
IGSF3	0.0046	0.1141	0.05111
CD2	0.72348	0.036	0.07261
RP4-753F5.1	0.00037	0.00059	0.00125
PTGFRN	0.03009	0.13907	0.09092
CD101	0.01909	0.00307	0.00094
RP11-27K13.3	0.00081	0.00265	0.00069
TTF2	0.07942	0.09276	0.0652
TRIM45	0.00368	0.0197	0.01657
VTCN1	0.00013	0.0262	0.01037
RP11-188D8.1	0.00062	0.00312	0.00293
MAN1A2	0.14675	0.36681	0.18829
FAM46C	0.21609	0.02418	0.03961
GDAP2	0.07915	0.0918	0.0725
WDR3	0.04217	0.15698	0.05738
SPAG17	6e-05	0.00858	0.01075
TBX15	0.0018	0.04152	0.01575
WARS2	0.04212	0.11053	0.04492
WARS2-IT1	9e-05	0.00082	0.00061
RP11-418J17.1	0.00847	0.0119	0.01773
RP5-834N19.1	9e-05	0.00293	0.00083
ZNF697	0.01304	0.02799	0.02073
PHGDH	0.03568	0.50133	0.14866
HMGCS2	0.00811	0.25517	0.05524
REG4	0.00241	0.11575	0.05421
NOTCH2	0.13613	0.10963	0.09629
SEC22B	0.21601	0.34179	0.20495
AC253572.1	0.00912	0.00295	0.0037
NBPF26	0.00701	0.00628	0.0064
AC241377.2	0.00109	0.00214	0.00152
LINC00623	0.02371	0.02999	0.01591
FCGR1B	0.05554	0.00193	0.00353
RP11-439A17.10	0.00045	6e-05	0
RP11-439A17.9	0.00108	0.00057	0.00032
FAM72B	0.00562	0.0034	0.00491
SRGAP2C	0.13716	0.0259	0.06697
CH17-437K3.1	0.00208	0.00016	0.00107
RP11-344P13.4	0.00044	0.02273	0.00548
RP11-344P13.6	0.00642	0.04733	0.0101
RP11-403I13.5	0.00371	0.01418	0.00936
RP11-403I13.7	0.00111	0.00227	0.00294
RP5-998N21.4	0.0019	0.00036	0.00018
FAM72C	0.00413	0.0044	0.00161
RP11-14N7.2	0.01432	0.3568	0.16295
RP11-763B22.4	0.0144	0.00751	0.01021
NBPF15	0.02758	0.04645	0.049
CH17-125A10.2	2e-05	0.00092	0.00058
RP11-289H16.1	0.00178	0.00011	0.00084
SRGAP2B	0.08576	0.01752	0.04672
FAM72D	0.00712	0.00471	0.00349
AC241585.2	0.0019	0.00313	0.00201
CH17-373J23.1	0.10926	0.00749	0.02905
RP11-89F3.2	0.00085	0.00012	0
NBPF20	0.00542	0.01721	0.01085
GPR89A	0.03409	0.0745	0.03977
PDZK1	0.00437	0.15111	0.04518
CD160	0.01013	0.00099	0.00206
RNF115	0.23873	0.21657	0.17782
POLR3C	0.0358	0.04352	0.0189
NUDT17	0.00627	0.02313	0.01438
PIAS3	0.02234	0.0679	0.0578
ANKRD35	0.0102	0.00081	0.00335
ITGA10	0.0029	0.02417	0.03818
PEX11B	0.04896	0.11683	0.04653
RBM8A	0.68812	0.82866	0.4233
RP11-315I20.1	7e-04	0.00225	0.00061
LIX1L	0.1226	0.04676	0.07711
ANKRD34A	0.00139	0.0014	0.00216
POLR3GL	0.25527	0.32047	0.12185
TXNIP	1.45845	0.58976	0.71042
HFE2	0.00583	0.14636	0.04362
RP11-458D21.1	0.00052	0.00985	0.0036
NBPF10	0.00588	0.00437	0.00386
NOTCH2NL	0.03276	0.02294	0.04468
CH17-353B19.1	0.00233	0.00251	0.00043
NBPF12	0.03305	0.03543	0.0361
PRKAB2	0.0403	0.22318	0.14992
RP11-337C18.8	0.01146	0.02567	0.02264
FMO5	0.01193	0.18528	0.08491
CHD1L	0.06743	0.13265	0.06771
LINC00624	0.00163	0.00091	0.00258
BCL9	0.00754	0.03872	0.0279
ACP6	0.021	0.10154	0.05837
GJA5	4e-05	0.00012	0.00918
GPR89B	0.03108	0.06053	0.03746
XXyac-YX155B6.7	0.00059	6e-04	0.00113
RP11-94I2.4	0.00037	0.00106	0.00088
NBPF11	0.02053	0.03312	0.03112
RP4-565E6.1	0	0.00214	0.00603
RP6-74O6.6	0.00018	0.00085	0.00026
LINC01138	0.02056	0.08145	0.04816
RP11-495P10.1	0.00401	0.00557	0.00505
AC245100.1	0.03075	0.05198	0.01667
PPIAL4G	0.00246	0.00083	0.00044
NBPF14	0.04141	0.03979	0.03284
PDE4DIP	0.13445	0.12663	0.08447
NBPF9	0.01445	0.01415	0.02266
CH17-189H20.1	0.18247	0.3027	0.2306
RP11-326G21.1	0.0036	0.00861	0.0077
NBPF19	0.09356	0.04635	0.06287
LINC00869	0.07025	0.12796	0.07739
FAM231D	0.01069	0.01722	0.0103
FCGR1A	0.17866	0.00731	0.01797
HIST2H2BF	0.02976	0.01849	0.03945
RP11-196G18.3	0.00383	0.00239	0.00506
HIST2H3D	0.00212	0.00023	0.00143
HIST2H4A	0.00125	0.00819	0.00196
HIST2H2AA3	0.00045	0.00028	0
HIST2H2BE	0.04946	0.08596	0.06416
RP11-196G18.24	0.00698	0.01271	0.01123
HIST2H2AA4	0.00244	0.00273	0.00087
HIST2H4B	0.00384	0.00207	0.005
RP11-196G18.23	0.00623	0.01128	0.01449
HIST2H2AC	0.07496	0.04162	0.05577
HIST2H2AB	0.00243	0.00182	0.0028
BOLA1	0.03202	0.14751	0.07032
SV2A	0.00772	0.00768	0.0095
SF3B4	0.1478	0.27048	0.15951
MTMR11	0.01436	0.21073	0.14765
OTUD7B	0.01791	0.15652	0.1176
VPS45	0.06635	0.09469	0.08574
PLEKHO1	0.66911	0.03906	0.16636
ANP32E	0.37667	0.32169	0.17558
CA14	1e-04	0.00232	0.00137
APH1A	0.31667	0.38594	0.20429
C1orf54	0.39701	0.01812	0.18505
CIART	0.0084	0.03226	0.0151
MRPS21	0.50644	1.10986	0.58094
PRPF3	0.06562	0.08154	0.07325
RPRD2	0.10749	0.15734	0.11007
TARS2	0.04312	0.09191	0.04862
ECM1	0.044	0.24231	0.12661
FALEC	0.00302	0.02399	0.01511
RP11-54A4.2	0.0029	0.00082	0.00189
ADAMTSL4	0.06131	0.05097	0.03682
MCL1	1.45883	0.71336	0.74666
ENSA	0.38516	0.45209	0.28514
GOLPH3L	0.04935	0.16503	0.07648
HORMAD1	0.00132	0.00065	0.00047
CTSS	1.25027	0.37772	0.29999
CTSK	0.01197	0.00929	0.04214
ARNT	0.10884	0.07432	0.06796
SETDB1	0.04196	0.06375	0.04706
CERS2	0.17354	0.46805	0.24032
RP11-316M1.3	0.00013	0.00098	0.00022
ANXA9	0.0041	0.15401	0.0261
FAM63A	0.01633	0.03507	0.03053
PRUNE	0.03075	0.06199	0.02852
BNIPL	0.00469	0.0012	0.00236
C1orf56	0.26275	0.15029	0.13509
CDC42SE1	0.42095	0.2151	0.20143
MLLT11	0.04897	0.02825	0.03042
GABPB2	0.05701	0.07173	0.08158
SEMA6C	0.00335	0.00708	0.01644
TNFAIP8L2	0.13525	0.00376	0.00916
SCNM1	0.17943	0.15251	0.09445
LYSMD1	0.00244	0.02276	0.01901
VPS72	0.077	0.18779	0.08897
PIP5K1A	0.07029	0.09291	0.08562
PSMD4	0.31158	0.70157	0.34895
RP11-126K1.2	0.01024	0.02571	0.01326
ZNF687	0.01998	0.0386	0.01943
PI4KB	0.0921	0.10563	0.0906
RP11-126K1.9	0.00026	0.00041	0
RFX5	0.06337	0.05243	0.03869
RP11-126K1.6	0.01731	0.00701	0.00438
SELENBP1	0.01163	0.29737	0.20487
PSMB4	0.35607	0.63408	0.32103
POGZ	0.15038	0.22843	0.25519
CGN	0.00475	0.22614	0.13269
TUFT1	0.016	0.07208	0.04508
SNX27	0.11342	0.14802	0.10523
RIIAD1	0	0.00444	0.00123
MRPL9	0.13733	0.22284	0.11791
OAZ3	0.0092	0.01591	0.00582
RP11-98D18.16	0.00036	0.00049	0.00058
TDRKH	0.0297	0.03442	0.00957
RP11-98D18.9	0.00465	0.0117	0.00253
RP11-98D18.17	0	0.00098	0.00122
RORC	0.01293	0.01464	0.00769
C2CD4D	0.00511	0.01505	0.00606
AL450992.2	0.00033	0.00074	3e-04
THEM4	0.10784	0.14184	0.09257
S100A10	1.74277	1.98869	1.14586
AL591893.1	0.00011	0.00289	0.00523
S100A11	2.26392	1.20372	1.28365
TCHH	0.02893	0.00193	0.00371
FLG-AS1	0.00011	0.00213	0.00061
RP11-107M16.2	0.00063	0.00038	0
LOR	0.00062	0	0.00039
S100A9	0.77565	1.34815	0.53713
S100A12	0.03323	0.00097	0.00337
S100A8	0.15508	0.01237	0.01519
S100A6	1.83502	1.70318	1.64186
S100A5	0.00246	0.00224	0.00057
S100A4	2.03457	0.42523	0.43173
S100A3	0.00024	0.00735	0.02057
S100A2	0.00607	0.03522	0.00894
S100A16	0.01768	0.72565	0.27944
S100A14	0.01255	0.56697	0.20099
S100A13	0.06999	1.08865	0.49245
S100A1	0.00294	0.11892	0.03008
RP1-178F15.4	0.00078	0.00186	0.00307
CHTOP	0.18131	0.28997	0.17211
SNAPIN	0.13102	0.2305	0.09135
ILF2	0.31188	0.50795	0.2204
NPR1	0.00022	0.00019	0.01959
INTS3	0.05834	0.12401	0.14491
SLC27A3	0.06697	0.03455	0.0452
GATAD2B	0.11101	0.09761	0.09142
DENND4B	0.10845	0.04906	0.06575
CRTC2	0.07582	0.05504	0.05673
SLC39A1	0.15435	0.33676	0.19398
RP11-422P24.12	0.0033	0.00844	0.01087
RP11-422P24.10	0.00085	0.00196	0.00317
CREB3L4	0.01448	0.09479	0.03742
JTB	0.54462	0.87488	0.40845
RP11-422P24.11	0.00206	0.00564	0.00327
RAB13	0.21937	0.70804	0.43395
RPS27	3.76009	3.44777	2.77548
TPM3	1.44264	0.73532	0.54073
C1orf43	0.36858	0.6089	0.26019
UBAP2L	0.14723	0.2194	0.1471
HAX1	0.29534	0.54963	0.22349
AQP10	0.00079	0.00046	0.00089
ATP8B2	0.03048	0.01761	0.03858
RP11-350G8.5	0.00549	7e-04	0.00063
IL6R	0.16921	0.07207	0.05902
SHE	0.0207	0.00144	0.03342
TDRD10	0.0043	0.00042	0.00567
UBE2Q1	0.14872	0.20877	0.09141
ADAR	0.39194	0.34508	0.31394
KCNN3	0.0025	0.00148	0.02648
PMVK	0.22105	0.42094	0.15539
RP11-307C12.13	0.02787	0.00639	0.03442
PBXIP1	0.26198	0.12131	0.13701
PYGO2	0.04286	0.05411	0.04129
RP11-307C12.12	0.00757	0.01126	0.00631
SHC1	0.09361	0.30618	0.21564
CKS1B	0.18638	0.52217	0.17724
FLAD1	0.06566	0.1409	0.08192
ZBTB7B	0.05656	0.08106	0.0522
DCST2	4e-04	0.00319	0.00189
RP11-307C12.11	0.00074	0.00272	0.00139
ADAM15	0.07976	0.15386	0.18107
EFNA4	0.02749	0.08667	0.03825
EFNA3	0.00567	0.02977	0.01319
EFNA1	0.01294	0.44357	0.25705
SLC50A1	0.09351	0.44909	0.18144
DPM3	0.20435	0.49242	0.2492
KRTCAP2	0.3997	0.85966	0.40308
TRIM46	0.00322	0.00806	0.00573
MUC1	0.02452	0.64513	0.48248
RP11-263K19.4	0.00111	0.00131	0.00134
THBS3	0.01034	0.02697	0.03562
MTX1	0.14701	0.40305	0.14516
GBA	0.12879	0.1607	0.10593
FAM189B	0.01904	0.07734	0.0445
SCAMP3	0.10287	0.2016	0.09917
CLK2	0.03811	0.04757	0.04419
HCN3	0.00408	0.01408	0.01277
PKLR	9e-04	0.01921	0.00397
FDPS	0.25627	1.10587	0.48135
RUSC1-AS1	0.00399	0.0097	0.00951
RUSC1	0.05704	0.11238	0.08061
ASH1L	0.3065	0.38731	0.45507
ASH1L-AS1	0.01162	0.02413	0.02369
MSTO1	0.02321	0.0629	0.04709
YY1AP1	0.10851	0.1184	0.08343
DAP3	0.21421	0.34746	0.17197
GON4L	0.14101	0.13815	0.14614
SYT11	0.07868	0.00426	0.04126
RIT1	0.17462	0.12447	0.09487
KIAA0907	0.08404	0.20297	0.21963
RXFP4	8e-05	0.00107	0
ARHGEF2	0.15648	0.18345	0.1596
RP11-336K24.12	0.00335	0.00408	0.00457
SSR2	0.77613	0.98088	0.6215
UBQLN4	0.03856	0.09277	0.05754
LAMTOR2	0.51192	0.62515	0.28827
RAB25	0.00416	0.25162	0.07571
MEX3A	0.00237	0.03273	0.03001
LMNA	0.8846	1.0091	0.87619
SEMA4A	0.14488	0.04357	0.05044
SLC25A44	0.06007	0.05424	0.03846
PMF1-BGLAP	0.00061	0.00112	0.00086
PMF1	0.18266	0.27043	0.12243
BGLAP	0.00171	0.00273	0.0027
PAQR6	0.00372	0.01433	0.01016
SMG5	0.04541	0.08353	0.07462
TMEM79	0.01239	0.03041	0.01926
GLMP	0.16772	0.13837	0.07397
CCT3	0.4782	0.83089	0.39663
TSACC	0.00179	0.0201	0.00361
RHBG	0.00012	0.00241	0.0018
C1orf61	0.00648	0.00058	0.00227
RP11-98G7.1	0.00472	0.00495	0.00735
MEF2D	0.15507	0.07401	0.11094
IQGAP3	0.0195	0.04247	0.02143
TTC24	0.00121	0.00024	0
APOA1BP	0.15546	0.52983	0.16512
GPATCH4	0.10407	0.27637	0.10217
AL365181.2	0.00339	0.002	0.001
RP11-284F21.9	0.00018	0.00911	0.00519
BCAN	0.001	0.01168	0.00263
RP11-284F21.10	6e-04	0.01607	0.00433
RP11-284F21.7	1e-04	0.00067	0.00126
NES	0.01179	0.05938	0.11442
RP11-66D17.3	0.00026	0.00032	7e-04
CRABP2	0.00794	0.07886	0.02787
ISG20L2	0.13607	0.14415	0.09565
RRNAD1	0.03182	0.07029	0.04595
MRPL24	0.09369	0.34578	0.12241
HDGF	0.27696	0.49358	0.2767
PRCC	0.09311	0.13734	0.0785
SH2D2A	0.1756	0.03036	0.02648
NTRK1	0.00698	0.00054	0.00124
PEAR1	5e-04	0.00464	0.05333
ARHGEF11	0.04556	0.05619	0.07424
ETV3L	0.00089	0.00013	0
ETV3	0.14924	0.05344	0.054
FCRL5	0.0087	0.00052	0.00057
FCRL3	0.01859	0.00124	0.00054
FCRL2	0.00866	0.00052	0.00054
FCRL1	0.00611	0.00032	0.00087
CD5L	0.08161	0.00401	0.01063
KIRREL	0.00018	0.00353	0.04529
CD1D	0.06914	0.00217	0.01337
RP11-404O13.5	0.04006	0.001	0.00207
CD1A	0.00865	0.00015	0.00058
CD1C	0.08307	0.00412	0.00798
CD1B	0.01633	0.00036	0.00098
CD1E	0.02812	0.00097	0.00138
MNDA	0.41964	0.01733	0.03973
PYHIN1	0.14099	0.00489	0.01208
IFI16	0.86784	0.1962	0.38073
AIM2	0.02507	0.00082	0.0032
CADM3	1e-04	0	0.00668
CADM3-AS1	0	0.00011	0.01074
ACKR1	0.00055	0.00112	0.10845
FCER1A	0.03273	0.0016	0.00434
RP11-180D21.3	0	0.00228	0.00128
APCS	0.00487	0.14513	0.0637
CRP	0.00286	0.05469	0.04221
DUSP23	0.24098	0.52131	0.22854
FCRL6	0.00842	0.00064	0.00126
SLAMF8	0.18391	0.00704	0.01868
C1orf204	0.002	0.00245	0.00205
VSIG8	0.00279	0.00326	0.00408
RP11-190A12.8	0.00133	0.00384	0.00361
CFAP45	0.00189	0.00154	0.00212
TAGLN2	1.08242	1.18938	0.8598
IGSF9	0.00203	0.01928	0.02172
SLAMF9	0.13222	0.00632	0.01732
LINC01133	0.00403	0.22427	0.17556
PIGM	0.05272	0.08972	0.05803
KCNJ10	0.00887	0.00055	0.00167
IGSF8	0.0485	0.10271	0.06649
ATP1A2	2e-04	0.00086	0.03093
ATP1A4	0.00258	0.00022	0.00028
CASQ1	0.00121	0.00028	0.00056
RP11-536C5.7	0.0018	0.00082	0.00075
PEA15	0.26769	0.14486	0.1485
DCAF8	0.07426	0.14217	0.11811
RP11-574F21.2	0.00129	0.00381	0.00238
PEX19	0.0609	0.10425	0.04641
COPA	0.34837	0.42842	0.25178
NCSTN	0.16177	0.2747	0.17747
NHLH1	0.00316	0.00226	0.00109
VANGL2	7e-04	0.02329	0.01768
SLAMF6	0.03655	0.00165	0.00417
RP11-528G1.2	0.00023	0.01574	0.00582
CD84	0.48932	0.0238	0.05253
SLAMF1	0.07536	0.00346	0.00557
RP11-404F10.2	0.00314	0.00014	0.00073
CD48	0.87667	0.03464	0.09105
SLAMF7	0.12164	0.0063	0.01186
LY9	0.08771	0.00354	0.00706
CD244	0.02247	0.00077	0.00283
ITLN1	0.00209	0.0032	1e-04
F11R	0.07091	0.24353	0.14349
TSTD1	0.3129	0.56703	0.17964
USF1	0.03457	0.02805	0.03597
ARHGAP30	0.24021	0.01455	0.0298
PVRL4	0.00595	0.11217	0.07509
KLHDC9	0.00093	0.02417	0.0098
PFDN2	0.48025	0.89244	0.42938
NIT1	0.06509	0.15209	0.06408
DEDD	0.05999	0.0691	0.04344
UFC1	0.46505	0.81636	0.37422
RP11-297K8.2	0.00051	0.00195	0.00067
USP21	0.01227	0.01534	0.02523
PPOX	0.02828	0.04956	0.03499
B4GALT3	0.078	0.15049	0.08489
ADAMTS4	0.00307	0.00127	0.12027
NDUFS2	0.28918	0.61265	0.28626
FCER1G	1.48049	0.11667	0.20348
APOA2	1.53391	3.73508	2.17916
TOMM40L	0.02683	0.04215	0.01968
NR1I3	0.00151	0.03332	0.00729
PCP4L1	1e-04	0.00114	0.00099
MPZ	0.00554	0.02692	0.02163
SDHC	0.27746	0.62993	0.27458
CFAP126	0.00012	6e-04	0
FCGR2A	0.63182	0.03457	0.08544
HSPA6	0.90522	0.28269	0.34202
FCGR3A	0.6682	0.03438	0.0882
FCGR3B	0.0047	0.00086	0.00102
FCGR2B	0.18034	0.00828	0.01953
FCRLA	0.00545	0.00206	0.00154
FCRLB	0.00866	0.00808	0.00304
DUSP12	0.07521	0.12058	0.06304
RP11-474I16.8	0.00691	0.00152	0.00438
ATF6	0.16502	0.19455	0.12146
OLFML2B	0.06051	0.00328	0.08023
NOS1AP	0.00254	0.05044	0.02133
C1orf226	0.00117	0.02551	0.01046
SH2D1B	0.0074	0.00034	0.00122
UHMK1	0.29778	0.28925	0.19919
RP11-359K18.3	0.00248	0.00105	0.00396
UAP1	0.10605	0.23378	0.09411
DDR2	0.00186	0.00414	0.08131
HSD17B7	0.08364	0.1861	0.10789
RGS4	0.00036	0.00016	0.01569
RGS5	0.02183	0.06301	0.48532
NUF2	0.04425	0.05192	0.01671
PBX1	0.00621	0.16723	0.15573
RXRG	0.00184	1e-04	0.00068
RP11-306I1.2	0.00197	0.00094	0.00409
MGST3	0.7349	1.0645	0.60787
ALDH9A1	0.18826	0.23101	0.11877
TMCO1	0.47105	1.08939	0.53868
RP11-466F5.8	0.00212	0.00262	0.00681
UCK2	0.02716	0.15264	0.0593
FAM78B	0.00241	0.00208	0.00862
RP11-276E17.2	0.00064	0.00018	0
POGK	0.08738	0.13917	0.08252
TADA1	0.02131	0.05854	0.02247
ILDR2	0.00142	0.01731	0.00884
MAEL	0.00026	0.00658	0.00223
GPA33	0.0016	0.00506	0.00592
RP11-277B15.3	0.00245	0.0068	0.01114
POU2F1	0.09579	0.089	0.08323
CD247	0.25059	0.00944	0.02744
RP11-104L21.3	0.00285	0.00022	0
CREG1	0.62296	0.28937	0.18226
RP3-455J7.4	0.00404	4e-05	0.00041
RCSD1	0.19833	0.00691	0.04898
MPZL1	0.09157	0.26218	0.15209
ADCY10	0.00052	0.01117	0.00435
RP1-313L4.3	0.00035	0.00042	0.00043
MPC2	0.39363	1.28231	0.42992
DCAF6	0.08984	0.24055	0.13401
GPR161	0.00982	0.00304	0.01374
TIPRL	0.23415	0.36945	0.14955
SFT2D2	0.25535	0.23385	0.15172
TBX19	0.01857	0.01095	0.01689
RP5-968D22.1	0.0013	0.01466	0.01116
RP5-968D22.3	0.00025	0.00783	0.00112
XCL2	0.1418	0.00629	0.01632
XCL1	0.08005	0.0196	0.01507
DPT	0.00011	0.00011	0.00804
ATP1B1	0.47665	1.00917	0.45564
NME7	0.05217	0.1245	0.06412
BLZF1	0.07865	0.13844	0.09457
CCDC181	0.00042	0.00283	0.00234
SLC19A2	0.03728	0.08142	0.05745
RP1-206D15.6	0.00283	0.0038	0.00791
F5	0.02073	0.24435	0.13162
SELP	0.00129	0.00045	0.04038
C1orf112	0.01911	0.02099	0.01273
SELL	0.11094	0.01402	0.02105
SELE	0.00033	6e-04	0.05446
METTL18	0.02923	0.07033	0.02586
SCYL3	0.031	0.06602	0.05416
KIFAP3	0.06243	0.10715	0.06588
RP11-576I22.2	0	0.00055	0.00014
GORAB	0.03748	0.09402	0.05964
PRRX1	0.00062	0.00269	0.06416
RP1-79C4.4	9e-05	0.00019	0.00573
FMO3	0.00062	0.01811	0.03642
FMO2	0.00016	0.00016	0.01706
FMO1	0	0.00141	0.00532
FMO4	0.01161	0.01904	0.01051
PRRC2C	0.94755	0.85327	0.74116
VAMP4	0.08987	0.10422	0.06645
METTL13	0.05073	0.07547	0.05188
DNM3	0.00276	0.00331	0.0132
DNM3OS	0.00028	0.00036	0.02519
PIGC	0.0893	0.15638	0.07467
C1orf105	0	0.00159	0.00037
SUCO	0.10933	0.15631	0.10507
FASLG	0.03344	0.00072	0.00172
TNFSF18	0.00899	0.00055	0.0021
TNFSF4	0.01183	0.02217	0.00959
RP11-296O14.3	0.01146	0.01503	0.01477
PRDX6	0.48277	1.28642	0.52427
KLHL20	0.05598	0.05373	0.05803
CENPL	0.0422	0.03212	0.02962
DARS2	0.02737	0.07771	0.02427
GAS5-AS1	0.00134	0.00147	0.00124
ZBTB37	0.07064	0.07889	0.0999
SERPINC1	0.00773	0.25359	0.10997
RC3H1	0.15749	0.14929	0.13895
RP11-160H22.3	0.00197	0.00183	0.00174
RP11-160H22.5	0.0013	0.00107	0.00041
RABGAP1L	0.25143	0.23484	0.16055
GPR52	0.00123	0.00106	0.00091
CACYBP	0.93446	0.49843	0.31474
MRPS14	0.13789	0.29651	0.13155
TNN	6e-05	0.00076	0.00108
KIAA0040	0.06629	0.03807	0.07871
TNR	0.00101	0.00013	0.00151
RP11-318C24.2	0.00012	0.00097	0.00167
RFWD2	0.12094	0.10873	0.0723
RP11-492I21.1	0.00185	0.00017	0.00104
RP11-195C7.1	0.00046	0.00032	0.00231
PAPPA2	0.00012	0.0043	0.00381
BRINP2	0	0.00149	0.00036
RP1-35C21.1	0.00061	0	0
RP1-35C21.2	3e-05	7e-04	0.00046
SEC16B	0.00572	0.09074	0.05865
RASAL2-AS1	0.00167	0.00503	0.00613
RASAL2	0.06905	0.06999	0.10717
C1orf220	0.00176	0.01009	0.01014
RP5-1098D14.1	0.00026	0.00157	0.00027
RP11-428K3.1	5e-04	0.00255	0.00191
RALGPS2	0.03749	0.2179	0.13878
ANGPTL1	0.00076	0.00349	0.01485
FAM20B	0.04601	0.10641	0.05844
TOR3A	0.11709	0.0884	0.0523
ABL2	0.19911	0.11889	0.15198
SOAT1	0.2291	0.10565	0.06986
AXDND1	0.00083	0.01329	0.00526
TDRD5	0	0.00307	0.00274
TOR1AIP2	0.24429	0.41745	0.274
RP11-533E19.7	0.00641	0.01454	0.01428
TOR1AIP1	0.18383	0.13313	0.09393
RP11-533E19.5	0.00423	0.00357	0.00545
CEP350	0.32589	0.23784	0.19915
QSOX1	0.10439	0.30307	0.20619
LHX4	0.00182	0.00333	0.003
ACBD6	0.08751	0.18351	0.11288
XPR1	0.05696	0.07507	0.04115
KIAA1614	0.00374	0.00191	0.00447
RP11-46A10.5	0.00076	0.0012	0.00179
KIAA1614-AS1	0.00197	0.01252	0.00422
STX6	0.13419	0.09994	0.0788
MR1	0.12435	0.06133	0.04951
IER5	1.26091	0.28691	0.44591
CACNA1E	0.00032	0.0094	0.01171
RP11-538D16.3	0	0.00341	0.00274
GLUL	1.12933	0.57934	0.43702
RNASEL	0.04132	0.02597	0.03284
RGS16	0.12353	0.03672	0.21868
RP11-317P15.4	0.00133	0.00213	0.00205
NPL	0.39368	0.02758	0.05642
DHX9	0.20994	0.27994	0.17049
LAMC1	0.01145	0.24715	0.24564
LAMC2	0.00428	0.2074	0.10442
NMNAT2	5e-05	0.00471	0.00382
SMG7	0.09571	0.15618	0.11893
NCF2	0.30559	0.02463	0.03656
ARPC5	1.20696	0.68975	0.5298
RGL1	0.23394	0.01415	0.05334
COLGALT2	0.00968	0.07807	0.02961
TSEN15	0.06912	0.16153	0.06118
RP11-382D12.2	0.00031	0.00541	0.00187
C1orf21	0.16002	0.12993	0.13772
EDEM3	0.12444	0.30683	0.1729
FAM129A	0.33679	0.03982	0.08218
RNF2	0.09888	0.13026	0.07042
TRMT1L	0.06676	0.09361	0.04128
SWT1	0.02078	0.03768	0.02346
IVNS1ABP	0.46442	0.26708	0.28171
GS1-279B7.2	0.00302	0.00122	0.00379
HMCN1	0.00423	0.09497	0.05822
PRG4	0.008	0.23282	0.11032
TPR	0.40363	0.42182	0.29445
C1orf27	0.08431	0.22777	0.12596
OCLM	0.00183	0.00322	0.00471
RP11-295K2.3	0.00036	0.00047	0.00035
PTGS2	0.35839	0.06064	0.09722
PACERR	0.00484	0.0014	0.0051
PLA2G4A	0.0351	0.02619	0.02169
RP11-445P19.3	0.00034	0.00037	0.00049
RP11-201A3.1	0	0.0143	0.01552
RP11-398M15.1	5e-05	0.00123	0
BRINP3	0	0.00089	0.00017
RGS18	0.15878	0.00517	0.01284
RGS21	0.00087	0.0249	0.00879
RGS1	1.44485	0.10572	0.22471
RGS13	0.01997	0.00233	0.00191
RGS2	1.00834	0.30689	0.29946
UCHL5	0.13843	0.25536	0.11569
TROVE2	0.21101	0.31846	0.19298
RP11-101E13.5	0.00571	0.01215	0.0049
GLRX2	0.11408	0.3098	0.09501
CDC73	0.1852	0.19594	0.12761
B3GALT2	0.0222	0.09783	0.04073
LINC01031	0.00014	0.00096	0.00122
RP11-563D10.1	0.00176	0.00237	0.00292
KCNT2	0.00225	0.08147	0.07791
CFH	0.12542	1.49305	0.97468
CFHR3	0.00603	0.22166	0.10454
CFHR1	0.02157	0.55918	0.19398
CFHR4	0.00041	0.01958	0.00512
CFHR2	0.00264	0.04775	0.01628
F13B	0.00293	0.09369	0.04514
ASPM	0.07883	0.16307	0.06856
ZBTB41	0.06285	0.14353	0.09215
DENND1B	0.1618	0.10827	0.10427
C1orf53	0.00867	0.1494	0.0349
LHX9	0	0.00057	0.00696
NEK7	0.19473	0.16245	0.12205
PTPRC	1.8934	0.09664	0.21085
RP11-553K8.5	0.00109	6e-05	0.00035
MIR181A1HG	0.08402	0.00991	0.02849
NR5A2	0.00351	0.10761	0.06227
LINC00862	0.00082	0.00912	0.00673
ZNF281	0.13311	0.19444	0.15343
RP11-469A15.2	0.0123	0.32342	0.08362
RP11-121P12.1	0.001	0.00044	0.00019
KIF14	0.03222	0.02444	0.01269
DDX59	0.06418	0.08221	0.055
RP11-92G12.3	0.00026	0.00162	0
CAMSAP2	0.04347	0.16256	0.12921
C1orf106	0.00786	0.28991	0.12269
KIF21B	0.03116	0.00681	0.01088
RP11-168O16.1	0.00093	0.0023	0.00143
ASCL5	0	0.0042	0.00075
TMEM9	0.06938	0.45495	0.19516
IGFN1	6e-05	0.00467	0.00509
PKP1	0.00011	0.00257	0.00092
TNNT2	0.00022	0.00491	0.00402
LAD1	0.0071	0.37163	0.13816
RP11-27G14.4	1e-04	0.00396	0.00754
TNNI1	0.00016	0.00073	0.00078
PHLDA3	0.01793	0.07841	0.08402
CSRP1	0.14266	0.14728	0.19039
RP11-134G8.7	0.00359	0.00797	0.00409
RP11-134G8.5	0.00911	0.01306	0.01032
NAV1	0.07228	0.026	0.08778
IPO9-AS1	0.00153	0.00229	0.00362
IPO9	0.08947	0.12937	0.11201
SHISA4	0.01188	0.02821	0.0234
RP11-307B6.3	0.00055	0.00104	0.00305
LMOD1	7e-05	0.00013	0.03822
TIMM17A	0.21526	0.46129	0.15584
RNPEP	0.17425	0.20175	0.13616
RP11-465N4.5	0.00012	0.00393	0.00266
RP11-465N4.4	0.00137	0.05706	0.01258
ELF3	0.04512	1.01455	0.85904
GPR37L1	0.00068	0.00347	0.00128
ARL8A	0.21785	0.22151	0.14432
PTPN7	0.34847	0.01605	0.03505
LGR6	0.00433	0.0134	0.00696
UBE2T	0.05836	0.18189	0.05352
PPP1R12B	0.0458	0.1131	0.15457
RP11-569A11.1	7e-04	0.00228	0.00191
KDM5B	0.09157	0.22133	0.12228
RP11-480I12.10	0.00064	0.00064	0.00262
PCAT6	0.00619	0.0304	0.01667
RABIF	0.12835	0.14672	0.06427
KLHL12	0.0622	0.0805	0.05142
ADIPOR1	0.25439	0.34218	0.14415
CYB5R1	0.1172	0.24552	0.1179
TMEM183A	0.18939	0.24446	0.12077
PPFIA4	0.00658	0.01415	0.01472
ADORA1	0.00071	0.0048	0.00514
CHI3L1	0.00942	0.00077	0.00262
CHIT1	0.00612	0.00048	0.00053
LINC01353	0.00665	0.00268	0.00326
LINC01136	0.0075	0.00443	0.00521
BTG2	0.97486	0.36023	0.5037
FMOD	0.00122	0.03857	0.03341
PRELP	0.00043	0.00628	0.04738
ATP2B4	0.15896	0.09682	0.14999
LAX1	0.05674	0.00255	0.00638
ZC3H11A	0.26702	0.36971	0.29832
ZBED6	0.08336	0.14919	0.1561
SNRPE	0.51869	1.20038	0.49745
SOX13	0.00647	0.0612	0.06104
ETNK2	0.00224	0.03058	0.01282
REN	0.00044	0.00151	0.01608
KISS1	0.00013	0.01065	0.0032
GOLT1A	0.01298	0.40752	0.08924
PLEKHA6	0.00381	0.1066	0.06861
LINC00628	0.00032	0.00087	0.00198
PPP1R15B	0.37232	0.17703	0.18494
PIK3C2B	0.01622	0.05191	0.05073
MDM4	0.39201	0.34579	0.37272
RP11-430C7.4	0.00209	0.00387	0.00172
LRRN2	0.00068	0.0018	0.00315
RP11-430C7.5	0.00157	0.00342	0.00546
NFASC	0.00041	0.00265	0.05956
TMEM81	0.0021	0.00708	0.00325
RBBP5	0.10944	0.10016	0.06403
DSTYK	0.06123	0.0556	0.05945
TMCC2	0.00291	0.0011	0.00492
NUAK2	0.02411	0.01058	0.01121
KLHDC8A	8e-05	0.003	0.00225
LEMD1	0.00279	0.15866	0.04805
BLACAT1	0.00016	0.01231	0.00912
CDK18	0.03424	0.05363	0.04722
MFSD4	0.00254	0.06519	0.02813
ELK4	0.14023	0.20405	0.18536
SLC45A3	0.00997	0.06204	0.03669
NUCKS1	0.75587	1.18832	0.72158
RAB29	0.1502	0.21582	0.09328
SLC41A1	0.03465	0.03145	0.03747
PM20D1	0.00123	0.00079	0.00066
SLC26A9	0.00054	0.0254	0.00902
RAB7B	0.1233	0.02735	0.02446
CTSE	0.01534	0.6612	0.25822
C1orf186	0.01012	0.01673	0.00919
FAM72A	0.01585	0.00292	0.00593
SRGAP2	0.1201	0.02453	0.06621
IKBKE	0.06912	0.03919	0.03246
RP11-534L20.5	0.00135	0.00089	0.00274
RASSF5	0.23141	0.0531	0.04925
EIF2D	0.0569	0.14799	0.07378
RP11-343H5.6	0.00745	0.00421	0.02503
DYRK3	0.00968	0.01228	0.01986
MAPKAPK2	0.23191	0.11465	0.13664
IL10	0.1474	0.00854	0.01664
IL19	0.00236	0.00042	0.00051
IL20	0.00081	0	0
IL24	0.00239	0.00013	0
FCMR	0.12654	0.0091	0.0206
PIGR	0.02565	0.66498	0.5573
FCAMR	0.00018	0.00045	0.00023
C1orf116	0.00095	0.10846	0.03483
PFKFB2	0.02217	0.04085	0.02884
YOD1	0.03541	0.06843	0.04057
C4BPB	0.01314	0.49771	0.13813
C4BPA	0.00567	0.15963	0.06566
CD55	0.34946	0.5453	0.46527
RP11-357P18.2	0.00042	0.00069	0.00189
CR2	0.00244	4e-04	0.0013
CR1	0.07917	0.00298	0.00876
CR1L	0.00419	0.00072	0.0011
CD46	0.35533	0.78889	0.54741
C1orf132	0.09716	0.04059	0.07015
CD34	0.00205	0.00086	0.08867
PLXNA2	0.00503	0.06994	0.07291
CAMK1G	0.00175	4e-05	0.00238
LAMB3	0.01648	0.42406	0.28633
RP1-28O10.1	0.00181	0.0016	0.00192
G0S2	0.29268	0.09373	0.11665
HSD11B1	0.00441	0.00031	0.01428
TRAF3IP3	0.1724	0.00715	0.01743
C1orf74	0.0051	0.01305	0.00442
IRF6	0.00239	0.10649	0.0475
DIEXF	0.05158	0.09301	0.05835
SERTAD4-AS1	0.00094	0.05595	0.0538
SERTAD4	0.00038	0.06109	0.02808
HHAT	0.0096	0.02263	0.01889
RCOR3	0.11264	0.12801	0.10619
TRAF5	0.11721	0.10713	0.11729
LINC00467	0.05229	0.21895	0.08414
SLC30A1	0.13219	0.13751	0.07482
RP11-354K1.2	0	0.00074	0
NEK2	0.0221	0.03477	0.00858
RP11-122M14.1	0.00045	0.00103	0.00018
LPGAT1	0.17224	0.55523	0.2825
INTS7	0.03374	0.09426	0.05078
DTL	0.02239	0.02445	0.01115
RP11-15I11.3	0.00293	0.01879	0.00537
PPP2R5A	0.16179	0.26099	0.1286
RP11-384C4.7	0.0051	0.00058	0.00067
TMEM206	0.06288	0.03081	0.02073
NENF	0.42931	0.6351	0.32577
RP11-61J19.5	0.03368	0.01972	0.02353
ATF3	0.94336	0.41032	0.54741
FAM71A	0.01742	0.00788	0.01989
BATF3	0.07076	0.04342	0.04653
NSL1	0.18475	0.20937	0.09993
TATDN3	0.06819	0.0656	0.0369
SPATA45	4e-05	0.00118	0.00094
FLVCR1-AS1	0.00932	0.03338	0.01958
FLVCR1	0.04242	0.16337	0.08216
VASH2	0.00245	0.0071	0.01621
ANGEL2	0.08133	0.09885	0.08344
RPS6KC1	0.05095	0.06563	0.05164
LINC00538	7e-05	0.00099	0.00164
PROX1	0.01058	0.32467	0.14125
RP11-478J18.2	9e-05	0.00533	0.00495
SMYD2	0.05307	0.1696	0.07911
PTPN14	0.00327	0.06462	0.07256
CENPF	0.13892	0.11377	0.06203
KCTD3	0.0259	0.20208	0.10358
USH2A	0	0.00209	0.0012
ESRRG	0	0.00443	0.00968
GPATCH2	0.09376	0.12153	0.11347
SPATA17	0.00056	0.02475	0.00966
RRP15	0.11083	0.2883	0.13259
TGFB2	0.00797	0.0122	0.02859
C1orf143	8e-04	9e-05	0.00075
LYPLAL1-AS1	0.00033	0.00073	0.0014
LYPLAL1	0.11248	0.37304	0.13105
RP11-392O17.2	0.00162	0.01458	0.01619
RP11-95P13.1	0.00044	0.00016	0.00027
SLC30A10	0.0012	0.04065	0.02509
EPRS	0.20976	0.5778	0.21708
BPNT1	0.03322	0.08812	0.04939
IARS2	0.16427	0.38997	0.13286
RAB3GAP2	0.12502	0.16952	0.13057
MARK1	5e-05	0.00012	0.02399
C1orf115	0.00582	0.17086	0.06625
MARC2	0.00266	0.06888	0.05646
MARC1	0.004	0.09492	0.03325
RNU6ATAC35P	0	0.00101	0
RP11-295M18.6	0.00057	5e-05	0.00014
LINC01352	0	0.00047	0.00056
HLX-AS1	0.00047	0.00018	0.00074
HLX	0.0426	0.00235	0.04511
DUSP10	0.19827	0.03812	0.04686
RP11-400N13.3	0.00261	0.00014	0.00024
RP11-400N13.1	0	0.00044	0.00034
RP11-378J18.9	0.00084	0.00128	0.00282
TAF1A	0.02562	0.04078	0.02357
TAF1A-AS1	0.00256	0.0097	0.00357
MIA3	0.14327	0.24332	0.18689
RP11-378J18.8	0.00303	0.00436	0.00588
AIDA	0.19404	0.18455	0.12975
BROX	0.22311	0.25204	0.14891
FAM177B	0.00214	0.03212	0.02453
RP11-452F19.3	0.04803	0.079	0.03671
DISP1	0.01154	0.02176	0.02536
TLR5	0.05092	0.06226	0.03693
SUSD4	0.00217	0.04543	0.02022
CAPN8	0.00601	0.28401	0.22662
CAPN2	0.17134	0.30395	0.2351
TP53BP2	0.09562	0.09261	0.06707
RP11-504P24.9	9e-04	3e-04	0.00142
FBXO28	0.1043	0.08765	0.06989
DEGS1	0.40781	0.16351	0.17165
NVL	0.04536	0.04818	0.03555
CNIH4	0.24716	0.67141	0.26045
WDR26	0.30692	0.2373	0.21094
CNIH3	0.00632	0.01626	0.01105
DNAH14	0.00866	0.15312	0.08407
LBR	0.29036	0.3153	0.1789
ENAH	0.01057	0.33325	0.21799
SRP9	0.5716	1.05349	0.47593
EPHX1	0.11098	0.16712	0.15097
RP11-285F7.2	0.01391	0.05624	0.06232
TMEM63A	0.08639	0.27632	0.24761
LEFTY1	0.00071	0.01965	0.00552
PYCR2	0.08422	0.20095	0.10161
SDE2	0.10409	0.08989	0.06495
RP11-396C23.4	0.00028	0.00114	0.00035
H3F3A	2.28682	2.3466	1.51527
RP11-396C23.2	0.00059	0.01211	0.00398
ACBD3	0.22761	0.47666	0.1959
RP11-275I14.4	0.00015	0.00816	0.00255
MIXL1	0.00044	0.00021	1e-04
LIN9	0.01418	0.03752	0.02036
PARP1	0.3691	0.43844	0.18262
C1orf95	0.00157	0.01072	0.00971
ITPKB	0.10535	0.02166	0.04985
ITPKB-AS1	0.01131	0.00056	0.00381
PSEN2	0.03148	0.05451	0.02672
ADCK3	0.0438	0.12341	0.05919
CDC42BPA	0.0124	0.2334	0.20336
ZNF678	0.02661	0.05283	0.0466
SNAP47	0.05514	0.09699	0.0544
JMJD4	0.03606	0.1288	0.05364
WNT9A	0	0.00174	0.0013
ARF1	0.6973	0.74733	0.52816
C1orf35	0.14401	0.23496	0.13889
MRPL55	0.20965	0.46135	0.19137
GUK1	0.99632	0.86522	0.62408
GJC2	0.0033	0.01949	0.01295
IBA57-AS1	0.00058	0.00018	0.00162
IBA57	0.03687	0.0322	0.03738
C1orf145	0.00192	0.01143	0.00287
OBSCN	0.0113	0.06888	0.08236
RP5-1139B12.2	0.00144	0.0013	0.00125
TRIM11	0.06041	0.06717	0.06291
TRIM17	0.00106	0.00997	0.00752
HIST3H2A	0.08774	0.03347	0.03886
HIST3H2BB	0.01945	0.00897	0.01509
RNF187	0.24947	0.47208	0.21204
RHOU	0.07422	0.14252	0.06562
RP5-1061H20.4	2e-04	0.0034	0.00136
RAB4A	0.16955	0.35456	0.15134
RP4-803J11.2	0.00022	0.00092	2e-04
CCSAP	0.11266	0.01724	0.02601
ACTA1	0.00061	0.00015	0
NUP133	0.05372	0.08978	0.04508
ABCB10	0.04963	0.06589	0.03251
TAF5L	0.05297	0.05558	0.04489
URB2	0.01549	0.03388	0.02593
GALNT2	0.06746	0.13655	0.10447
PGBD5	0.01673	0.00473	0.00526
COG2	0.0761	0.11327	0.07405
AGT	0.17645	1.7231	0.9293
CAPN9	0.00036	0.00872	0.00755
C1orf198	0.01652	0.08439	0.0566
RP5-858B6.3	9e-05	0.00044	0
TTC13	0.03398	0.0488	0.04025
ARV1	0.05273	0.15511	0.06209
FAM89A	0.02748	0.09042	0.04287
TRIM67	0.00033	0.00647	0.00329
C1orf131	0.11824	0.33093	0.14281
GNPAT	0.09865	0.20029	0.12824
EXOC8	0.03951	0.04382	0.04012
SPRTN	0.05634	0.05528	0.04469
EGLN1	0.16585	0.27449	0.12975
RP11-295G20.2	0.05218	0.26219	0.0909
TSNAX-DISC1	0.00088	0.00118	0.00024
TSNAX	0.17438	0.27242	0.1465
DISC1	0.03014	0.017	0.03102
SIPA1L2	0.07905	0.13082	0.1201
MAP10	0.0073	0.04628	0.02648
NTPCR	0.08918	0.38868	0.14244
PCNXL2	0.03656	0.0928	0.1013
RP5-862P8.2	0.01144	0.05772	0.03677
KCNK1	0.00169	0.14756	0.06819
SLC35F3	0.00591	0.001	0.00144
RP5-827C21.6	0.00038	0.00108	0.00067
RP5-827C21.4	0.02537	0.03855	0.03947
COA6	0.18532	0.56992	0.19031
TARBP1	0.05737	0.16508	0.12166
LINC01354	0.0026	5e-05	0.0018
IRF2BP2	0.55326	0.52752	0.34792
RP4-781K5.2	0.00309	0.00119	0.00116
RP4-781K5.6	0.00034	0.00027	0
LINC01132	0.0019	0.00039	0.00019
RP11-443B7.2	0.00062	0.00213	9e-05
RP11-443B7.1	0.02064	0.08927	0.02569
RP11-443B7.3	0.00476	0.00079	0.00055
LINC01348	0.00056	0.03051	0.01271
RP4-597N16.4	0.00203	0.00281	0.00348
TOMM20	0.73601	1.40508	0.67698
RBM34	0.03366	0.02562	0.02403
ARID4B	0.50558	0.42041	0.33372
GGPS1	0.09421	0.19166	0.11841
TBCE	0.03167	0.07629	0.035
B3GALNT2	0.03404	0.06807	0.06555
GNG4	0.012	0.00957	0.0044
LYST	0.25805	0.06235	0.11071
NID1	0.03916	0.43711	0.3655
GPR137B	0.22923	0.07249	0.04368
ERO1B	0.10721	0.04241	0.04941
EDARADD	0.01333	0.00076	0.00316
LGALS8	0.24197	0.13566	0.11197
LGALS8-AS1	0.00411	0.0033	0.00187
RP11-385F5.5	0.00135	0.00325	0.00345
RP11-385F5.4	0.00054	0.00064	0.0016
HEATR1	0.07011	0.122	0.0631
ACTN2	0.00097	0.00028	0.00047
MTR	0.11401	0.10304	0.11073
RYR2	0.00076	0.01691	0.01338
LINC01139	0.00016	0.00285	0.00314
RP11-544D21.2	0.00084	0.00019	0.00027
CHRM3	0.00057	0.0299	0.01593
CHRM3-AS2	0.0448	0.00182	0.00553
RGS7	0.00015	0.00104	0.00014
FH	0.09384	0.20683	0.07709
KMO	0.10466	0.00695	0.01119
OPN3	0.2058	0.11553	0.05479
CHML	0.2292	0.09729	0.08818
EXO1	0.00816	0.00708	0.00257
PLD5	0	0.00178	0.00632
RP11-561I11.3	1e-04	0.00187	0.00048
LINC01347	0.00049	0.00013	0.00046
CEP170	0.26889	0.08908	0.1382
SDCCAG8	0.15073	0.17528	0.1415
AKT3	0.05596	0.00482	0.08161
ZBTB18	0.03915	0.05097	0.03772
RP11-518L10.5	0.00029	0.00028	0.00194
ADSS	0.23294	0.27173	0.14703
C1orf101	0.00046	0.00312	0.00223
DESI2	0.12383	0.15012	0.09322
RP11-173A6.3	6e-05	0.00123	0.00083
COX20	0.4511	0.60514	0.29509
HNRNPU-AS1	0.23346	0.19245	0.27825
RP11-11N7.5	0.00031	0.00029	0.00051
HNRNPU	1.02987	0.79233	0.70444
RP11-11N7.4	0.00242	0.00063	0.00143
RP11-156E8.1	0.01075	0.00244	0.00503
EFCAB2	0.03837	0.09552	0.06604
KIF26B	0.00085	0.02087	0.02257
SMYD3	0.04743	0.12073	0.06125
TFB2M	0.04445	0.26128	0.05893
CNST	0.09025	0.08767	0.07038
RP11-439E19.9	0.00047	0.00072	0.00026
RP11-439E19.7	2e-05	0.00212	0.00167
SCCPDH	0.14348	0.75088	0.22751
RP11-439E19.10	0.00035	0.00362	0.00633
AHCTF1	0.10661	0.19269	0.12222
ZNF695	0.00289	0.01048	0.00411
ZNF670-ZNF695	0.00026	0.00065	0.00076
ZNF670	0.01213	0.02502	0.01656
ZNF669	0.0392	0.01808	0.01682
C1orf229	0.00065	0.00113	0.00176
ZNF124	0.07113	0.0466	0.03612
RP11-488L18.10	0.08692	0.06458	0.09948
RP11-488L18.8	0.00635	0.00122	0.00342
ZNF496	0.02717	0.05016	0.04009
NLRP3	0.15387	0.00803	0.01801
GCSAML	0.00431	0.00096	0.00051
GCSAML-AS1	0	0.00038	0
RP11-634B7.4	0.00048	0.00045	0.00017
TRIM58	0.00096	0.00011	0.00083
XX-CR54.1	0.00078	0	0.00026
LYPD8	9e-05	0.00107	0.00111
SH3BP5L	0.02493	0.05168	0.03878
ZNF672	0.07156	0.08973	0.05018
ZNF692	0.02568	0.07802	0.0756
PGBD2	0.03046	0.05178	0.03573
FAM110C	0.003	0.02656	0.01522
SH3YL1	0.07665	0.28199	0.14538
ACP1	0.31789	0.7673	0.29221
FAM150B	0.0022	0.00085	0.00669
TMEM18	0.13122	0.236	0.13461
SNTG2	0.00012	5e-05	0.00496
AC144450.2	0.00025	0.00205	0.00136
PXDN	0.00042	0.02226	0.12235
MYT1L	0.00038	0.00039	0
TSSC1	0.05698	0.08972	0.04041
TRAPPC12	0.07794	0.11165	0.10286
TRAPPC12-AS1	0.00054	0.00027	0.00019
RP11-1293J14.1	0	0.00093	0.00123
ADI1	0.28813	0.89838	0.34396
AC142528.1	0.00844	0.00885	0.01183
AC108488.4	0.00329	0.00097	0.00372
RNASEH1	0.07171	0.18692	0.06787
RNASEH1-AS1	0.01636	0.08892	0.02527
RPS7	2.65435	3.09201	2.08114
COLEC11	0.00257	0.07616	0.1199
AC010907.2	0	0.00086	0
LINC01249	0.00068	0.01999	0.00991
LINC00487	3e-04	0.00045	0.00061
NRIR	0.00192	0.0015	0.00101
CMPK2	0.03313	0.0326	0.01949
RSAD2	0.03136	0.01071	0.01394
RP11-439M11.1	1e-04	0.00272	0.00183
RNF144A	0.01039	0.057	0.04004
RP11-557L19.1	0	7e-04	0.00094
AC092580.3	0.00163	8e-05	0
AC092580.4	0.14246	0.00527	0.00939
LINC00299	0.00317	0.00122	8e-04
U91324.1	0.00168	0.0498	0.01123
AC011747.3	0.00023	0.00065	0
AC011747.4	0.00448	0.06528	0.04441
ID2-AS1	0.00091	0.00135	0.00093
ID2	1.03612	0.54702	0.34141
RP11-434B12.1	0.00251	0.00443	0.00679
KIDINS220	0.20631	0.20181	0.21158
MBOAT2	0.01249	0.09166	0.04608
ASAP2	0.03673	0.1432	0.1444
ITGB1BP1	0.243	0.27521	0.16273
CPSF3	0.08222	0.12511	0.05844
IAH1	0.30349	0.4058	0.19951
ADAM17	0.19798	0.16917	0.15718
RP11-214N9.1	0.00701	0.01144	0.01414
YWHAQ	0.58834	0.82561	0.44095
RP11-521D12.5	0.00022	8e-04	0.00066
TAF1B	0.07585	0.11144	0.07154
RP11-95D17.1	0.0115	0.03031	0.01609
GRHL1	0.00771	0.05568	0.03746
RP11-254F7.2	0.02756	0.02512	0.03715
KLF11	0.0996	0.06697	0.06037
CYS1	0.00035	0.00176	0.0015
RP11-254F7.4	0.00108	0.00803	0.00705
RRM2	0.07094	0.08223	0.02635
C2orf48	0.00273	0.00198	7e-04
HPCAL1	0.25851	0.12287	0.10041
ODC1	0.27453	0.57633	0.20934
RP11-320M2.1	0.00163	0.00947	0.01007
NOL10	0.05227	0.11735	0.04648
AC092687.5	0	0.00097	0
RN7SL832P	0.0052	0.00983	0.01158
ATP6V1C2	0.00157	0.00413	0.00347
RP11-791G15.2	0.00062	0.00109	0.00074
PDIA6	0.68317	1.57973	0.83967
RP11-245G13.2	0	0.00058	0.00031
KCNF1	0.00239	0.07156	0.02127
AC062028.1	0.00018	0.00173	0.00021
C2orf50	0.00051	0.00214	0.00105
PQLC3	0.20871	0.13482	0.09355
ROCK2	0.13269	0.25861	0.21846
E2F6	0.04096	0.11819	0.05761
GREB1	0.00219	0.02927	0.02003
LPIN1	0.14482	0.10186	0.10692
MIR3681HG	0.00076	0.00031	0.00125
TRIB2	0.04828	0.05691	0.10361
FAM84A	0.00029	0.01923	0.03028
NBAS	0.05822	0.0926	0.04489
DDX1	0.14064	0.34237	0.14592
MYCNOS	0.00037	0.00581	0.00308
MYCN	0.00096	0.02193	0.00733
FAM49A	0.16506	0.04193	0.04258
RAD51AP2	0.00052	0.00249	0.00645
VSNL1	0.01315	0.27773	0.06404
SMC6	0.1058	0.168	0.13448
GEN1	0.03672	0.03917	0.03611
KCNS3	0.00075	0.03741	0.04729
RP11-111J6.2	0.00027	0.00118	0.00209
RDH14	0.08394	0.24456	0.1112
LINC01376	0.00092	0.00314	0.00468
OSR1	6e-05	0.00393	0.00618
LINC00954	0.01202	0.00328	0.00572
TTC32	0.03444	0.15248	0.06824
RP11-79O8.1	0.00235	0.0016	0.00231
WDR35	0.00971	0.0319	0.02093
MATN3	0.00098	0.0231	0.01824
LAPTM4A	0.67306	1.29886	0.75131
RP11-644K8.1	0.00038	0.00113	0.00152
AC098828.2	0	0.00038	0
SDC1	0.01874	0.56039	0.26458
PUM2	0.21643	0.26998	0.16922
RHOB	1.04393	0.69467	0.73298
HS1BP3	0.06343	0.07917	0.04612
RP11-130L8.2	0.00239	0.01618	0.00828
GDF7	0.00145	0.01789	0.01387
RP11-130L8.1	0.00128	0.00167	0.00099
LDAH	0.0302	0.06126	0.03904
RP11-116D2.1	0.00156	0.03944	0.02187
APOB	0.14935	1.68981	0.95208
TDRD15	0.00189	0.01275	0.01553
AC067959.1	0.00056	0.00776	0.00312
AC016768.1	0.00029	0.00116	9e-04
AC012506.3	3e-05	0.00097	0.00044
KLHL29	0.0018	0.02711	0.03363
RP11-557N21.1	0.00026	0.00055	0.00046
ATAD2B	0.09347	0.08332	0.09486
UBXN2A	0.09665	0.11227	0.09035
MFSD2B	0.00153	0.0037	8e-04
C2orf44	0.01233	0.0314	0.01674
FKBP1B	0.01089	0.06419	0.0433
SF3B6	0.6297	1.24186	0.52823
FAM228B	0.02669	0.01689	0.02455
TP53I3	0.06283	0.30531	0.16226
PFN4	0.00136	0.00614	0.00325
FAM228A	0.00025	0.00011	0.00374
ITSN2	0.33777	0.21176	0.17439
NCOA1	0.14857	0.09172	0.09999
PTRHD1	0.18989	0.49985	0.17311
CENPO	0.01211	0.0362	0.01401
ADCY3	0.09194	0.01616	0.07443
RP11-443B20.1	0.00076	0.00243	0.00041
DNAJC27	0.03575	0.02174	0.02854
DNAJC27-AS1	0.00636	0.00903	0.00534
EFR3B	3e-04	0.00048	0.00369
POMC	0.03221	0.00077	0.01324
DNMT3A	0.09235	0.20661	0.12967
AC012074.2	5e-05	0.00072	0.00079
DTNB	0.02534	0.03711	0.02045
ASXL2	0.15825	0.12876	0.10842
KIF3C	0.01334	0.00493	0.0086
RAB10	0.51381	0.48619	0.246
GAREM2	0.00316	0.0138	0.00668
HADHA	0.47192	0.64188	0.30653
HADHB	0.32353	0.52602	0.24907
ADGRF3	0.016	0.00272	0.00822
EPT1	0.05391	0.21039	0.10143
DRC1	0.00017	0.00053	0
OTOF	0.00269	0.00066	0
C2orf70	0.00051	0.0249	0.00694
KCNK3	0	0.00025	0.00345
SLC35F6	0.14314	0.21823	0.10786
CENPA	0.03817	0.04727	0.01411
MAPRE3	0.01537	0.03066	0.02952
TMEM214	0.07275	0.19728	0.11955
AGBL5	0.01177	0.0528	0.0231
AGBL5-AS1	0.00072	0.00041	0
RP11-503P10.1	0.00028	3e-04	0
RP11-195B17.1	0.00115	0.00043	0.00037
OST4	1.39604	1.76621	1.00303
EMILIN1	0.03811	0.00444	0.09238
KHK	0.0247	0.10593	0.03151
CGREF1	0.00587	0.2129	0.07457
ABHD1	0.00334	0.01893	0.00996
PREB	0.07135	0.13026	0.06197
TCF23	0	0.00022	0.00326
SLC5A6	0.02859	0.10052	0.05082
ATRAID	0.3758	0.64818	0.32739
CAD	0.02106	0.09663	0.05119
SLC30A3	0.00061	0.00017	0.00042
TRIM54	0.00194	0.07233	0.02651
UCN	0.00369	0.01977	0.02457
MPV17	0.11102	0.28197	0.12543
GTF3C2	0.05922	0.12019	0.06931
GTF3C2-AS1	0.00087	0.00035	0.00095
AC074117.10	0.01876	0.05083	0.05947
EIF2B4	0.0799	0.10345	0.07816
SNX17	0.24975	0.31138	0.14735
ZNF513	0.03116	0.05419	0.03766
PPM1G	0.34006	0.44802	0.21585
NRBP1	0.28607	0.2897	0.19738
KRTCAP3	0.0064	0.30952	0.10399
IFT172	0.00977	0.14063	0.0667
FNDC4	0.00077	0.01123	0.01759
GCKR	0.00016	0.00879	0.00453
ZNF512	0.03297	0.0906	0.05613
CCDC121	0.0139	0.03023	0.02218
GPN1	0.11814	0.12482	0.05441
SUPT7L	0.07276	0.11577	0.08375
SLC4A1AP	0.09399	0.12976	0.07791
LINC01460	0.00015	0.00057	0.00174
MRPL33	0.47633	0.75792	0.43189
RBKS	0.04213	0.06332	0.02402
BRE	0.11329	0.1753	0.07715
FLJ31356	0.00021	0.00182	0.00115
FOSL2	0.58555	0.19096	0.27177
RP11-373D23.3	0.01358	0.00374	0.00324
PLB1	0.03355	0.00221	0.00435
AC097724.3	0.00281	0.00334	0.0025
PPP1CB	1.08912	0.6849	0.48029
SPDYA	0.01691	0.00917	0.01698
RP11-713D19.1	0.00062	0.00039	0.00046
TRMT61B	0.03803	0.12664	0.04875
WDR43	0.13681	0.33083	0.1553
FAM179A	0.01143	0.00092	0.00141
CLIP4	0.10987	0.16031	0.098
AC016907.3	0.00069	0.00234	0
YPEL5	0.80103	0.44467	0.31543
LBH	0.1965	0.23252	0.24727
LCLAT1	0.02773	0.17335	0.0833
CAPN13	0.00042	0.00606	0.00312
GALNT14	0.00041	0.00654	0.00732
CAPN14	0	0.00055	0.00271
EHD3	0.00274	0.01226	0.02115
XDH	0.00066	0.03729	0.02829
SRD5A2	0.00016	0.00056	0
RP11-1057B6.1	0.00323	0.0018	0.00212
MEMO1	0.06487	0.07166	0.07717
DPY30	0.29626	0.69394	0.24
CTC-336P14.1	0.00049	0.00117	0.00112
SPAST	0.08112	0.08157	0.04437
RP11-563N4.1	0.0088	0.01575	0.01691
SLC30A6	0.05158	0.10851	0.04907
NLRC4	0.04309	0.00158	0.00305
YIPF4	0.2438	0.54099	0.3086
AL133245.2	0.00495	0.00343	0.00365
BIRC6	0.25475	0.32285	0.25862
TTC27	0.02721	0.05764	0.03174
LTBP1	0.00305	0.09802	0.12006
RASGRP3	0.10999	0.09023	0.10173
AC020594.5	0.00035	0.00042	0.00089
FAM98A	0.06054	0.20618	0.08524
LINC01320	0.00061	0.03417	0.02625
RP11-490M8.1	0.00095	0.02862	0.0167
CRIM1	0.03329	0.15263	0.17472
RP11-78I14.1	0.00018	0.00022	0.00016
FEZ2	0.28257	0.28322	0.19231
STRN	0.10194	0.07505	0.06379
HEATR5B	0.06058	0.06664	0.06694
GPATCH11	0.08759	0.06588	0.04112
EIF2AK2	0.23411	0.33643	0.2197
CEBPZOS	0.17255	0.32052	0.15883
CEBPZ	0.27917	0.36838	0.19717
NDUFAF7	0.04869	0.09858	0.05683
PRKD3	0.12484	0.05105	0.08128
QPCT	0.05492	0.01418	0.05197
AC006369.2	0.00779	0.00013	0
CDC42EP3	0.25764	0.04945	0.08547
RMDN2	0.014	0.0361	0.02416
CYP1B1	0.02789	0.03021	0.04757
CYP1B1-AS1	0.00206	0.00098	0.00156
ATL2	0.05839	0.14253	0.09419
AC016995.3	0	0.00161	0.00124
HNRNPLL	0.1548	0.09409	0.0664
GALM	0.27937	0.18141	0.10078
AC074366.3	0.00442	0.00016	3e-04
SRSF7	1.29952	0.68501	0.7448
GEMIN6	0.08406	0.23724	0.07593
DHX57	0.04912	0.07646	0.05869
MORN2	0.0446	0.19599	0.07089
ARHGEF33	0.00087	0.00224	0.00197
RP11-173C1.1	0.00222	0.00043	0.0052
SOS1	0.13298	0.12949	0.11753
CDKL4	0.00037	0.0015	0.00178
MAP4K3	0.05426	0.13117	0.097
AC007246.3	0.04721	0.16198	0.11458
TMEM178A	0.00094	0.00418	0.01215
THUMPD2	0.05549	0.13157	0.09875
SLC8A1-AS1	0.00286	0.00048	0.00185
SLC8A1	0.25736	0.01597	0.04866
AC104654.1	0	0.00559	0.00445
AC104654.2	4e-05	0.00119	0.00117
C2orf91	0.00034	0.01125	0.00205
PKDCC	0.00761	0.28598	0.18437
AC083949.1	0.00101	9e-05	0.00067
EML4	0.56557	0.75807	0.49305
COX7A2L	0.49402	1.32417	0.52013
KCNG3	0.00029	0.00113	0.00281
MTA3	0.04144	0.25307	0.13032
OXER1	0.00366	0.01377	0.01098
HAAO	0.03733	0.12812	0.04315
AC016735.2	0.00032	0.0123	0.00836
AC093609.1	0.00153	0.00181	0.00057
ZFP36L2	1.23326	0.91932	0.73981
LINC01126	0.0043	0.00184	0.00335
AC010883.5	0.00224	0.00545	0.00359
THADA	0.08438	0.07998	0.06165
PLEKHH2	0.00408	0.11379	0.10925
C1GALT1C1L	0	0.00141	0.00302
DYNC2LI1	0.02697	0.18507	0.07776
ABCG5	0.00049	0.02771	0.00504
ABCG8	0.00013	0.00449	0.00143
LRPPRC	0.17592	0.49843	0.20866
RP11-559M23.1	0.00166	0.0013	0.00227
PPM1B	0.1615	0.15219	0.1222
SLC3A1	0.00321	0.06661	0.0479
PREPL	0.08771	0.18853	0.13334
CAMKMT	0.01703	0.04679	0.02535
RP11-89K21.1	0	0.01321	0.00773
SIX3	0.00028	0.00037	7e-04
SIX2	0.00014	0.0056	0.00555
AC009236.2	0.00056	0.00032	0.00018
SRBD1	0.08244	0.06924	0.05032
PRKCE	0.02508	0.02381	0.03235
EPAS1	0.10071	0.25796	0.34159
ATP6V1E2	0.01938	0.05614	0.05099
RHOQ	0.30307	0.21543	0.17611
RP11-417F21.1	0.00058	6e-05	0.00064
PIGF	0.11012	0.19565	0.09695
CRIPT	0.19407	0.40114	0.17469
SOCS5	0.05139	0.07809	0.10478
RP11-333I13.1	0.00074	0.00058	0.00205
LINC01118	0.00029	6e-04	0.00118
LINC01119	0.00068	0.00067	0.00053
AC016722.4	0.00171	0.00054	0
MCFD2	0.15604	0.5651	0.2521
TTC7A	0.06931	0.03566	0.03637
CALM2	1.77314	1.95528	1.16802
AC073283.4	0.00043	0.02997	0.01271
BCYRN1	0.00372	0.01572	0.01588
EPCAM	0.02089	0.89328	0.39187
MSH2	0.05862	0.08726	0.04452
KCNK12	0.00523	0.00197	0.00122
MSH6	0.07588	0.0949	0.05611
FBXO11	0.22453	0.16395	0.1368
AC079807.2	0.00547	0.00834	0.00569
FOXN2	0.15332	0.14906	0.1061
RP11-191L17.1	0.01071	0.00362	0.0095
PPP1R21	0.10269	0.0705	0.04824
STON1	0.00425	0.00443	0.0227
AC010967.2	0.00022	0.00415	0.001
ASB3	0.0212	0.03686	0.02409
CHAC2	0.02113	0.04897	0.0081
ERLEC1	0.15863	0.51819	0.26345
GPR75	0.00049	0.00079	0.00175
PSME4	0.18136	0.16851	0.1204
ACYP2	0.07596	0.11049	0.06274
RP11-477N3.1	0.00204	0.00704	0.00401
C2orf73	0	0.00148	0.00125
SPTBN1	0.12767	0.8126	0.59246
AC093110.3	0.00019	5e-04	0.00207
EML6	0.0022	0.00322	0.00261
RTN4	0.96348	1.10772	0.69266
CLHC1	0.00641	0.02117	0.02275
AC012358.7	0.00041	0.00039	0.00055
RPS27A	3.2888	3.50924	2.51837
MTIF2	0.08432	0.2064	0.06086
AC012358.8	0.00146	0.00529	0.00606
CCDC88A	0.49048	0.20917	0.17677
CFAP36	0.07689	0.17814	0.12628
PPP4R3B	0.21132	0.29721	0.1664
RP11-554J4.1	0.01344	0.02787	0.02049
PNPT1	0.08258	0.18375	0.08964
EFEMP1	0.00017	0.01647	0.02613
MIR217HG	0.00013	0.00982	0.00393
AC007743.1	0.00011	0.00011	0.00124
CCDC85A	0.00011	0.00033	0.00466
VRK2	0.07591	0.08157	0.04665
FANCL	0.04447	0.16752	0.08854
RP11-334G22.1	0.00087	0.00307	0.00288
BCL11A	0.0246	0.02258	0.01468
PAPOLG	0.09257	0.04857	0.051
REL	0.94351	0.2227	0.25058
PUS10	0.03231	0.07273	0.05058
PEX13	0.06961	0.18333	0.0957
KIAA1841	0.03337	0.03702	0.03405
C2orf74	0.0416	0.12436	0.04644
AHSA2	0.15206	0.16668	0.21106
USP34	0.2266	0.28591	0.28313
RP11-355B11.2	0.00716	0.01699	0.00845
XPO1	0.38139	0.3689	0.27034
FAM161A	0.01411	0.06171	0.03763
CCT4	0.56547	0.76328	0.33174
AC107081.5	0.00086	0.00072	0.00135
COMMD1	0.2084	0.32769	0.14371
B3GNT2	0.25909	0.11594	0.13445
AC093159.1	0.00015	0.00034	0.00058
TMEM17	0.00149	0.0297	0.01151
EHBP1	0.03265	0.18669	0.10506
AC009501.4	0.00265	0.01131	0.00848
OTX1	9e-05	0.00863	0.00471
WDPCP	0.02383	0.01655	0.01993
MDH1	0.46216	0.8271	0.33034
UGP2	0.47173	0.52115	0.39393
VPS54	0.05969	0.1981	0.11559
AC012368.1	0.00059	5e-04	8e-04
PELI1	0.18302	0.25091	0.19281
AC074289.1	0.03749	0.00218	0.01022
LINC00309	0.01379	0.00063	0.00362
AC008074.3	2e-05	0.00158	0
LGALSL	0.02086	0.16922	0.07167
RP11-568N6.1	0.01512	0.00646	0.00747
AFTPH	0.22102	0.22181	0.15285
AC008074.1	0.00124	0.00042	0
SERTAD2	0.15534	0.10236	0.08098
AC007365.3	0.00239	0.00205	0.00199
AC007386.2	0.00071	7e-05	0
SLC1A4	0.07134	0.04151	0.02833
AC007386.4	0.00143	0.00018	7e-05
CEP68	0.06185	0.07326	0.07096
RAB1A	0.47727	0.78233	0.37891
ACTR2	1.1144	0.66763	0.48287
SPRED2	0.03787	0.12825	0.08987
AC074391.1	0.00017	0.00059	0.00087
RP11-418H16.1	0.00026	0.00214	0.00201
AC092669.3	5e-05	0.0025	0.00282
MEIS1	0.00089	0.02309	0.04189
MEIS1-AS2	4e-05	0.0014	0.00558
AC078941.1	0.00016	0.00174	0.0027
ETAA1	0.02609	0.07179	0.04353
C1D	0.25837	0.4232	0.19319
WDR92	0.02135	0.05538	0.03837
PNO1	0.10101	0.26736	0.0996
PPP3R1	0.16087	0.12207	0.08436
RP11-474G23.2	0.00178	0.00263	0.00018
RP11-474G23.3	0.01825	0.01266	0.0235
CNRIP1	0.06224	0.00304	0.05284
AC015969.3	0.00151	0.00012	6e-04
PLEK	0.75263	0.03972	0.08742
FBXO48	0.02664	0.02773	0.02161
APLF	0.0078	0.01423	0.01189
ARHGAP25	0.13399	0.02097	0.02533
AC097495.2	0.00108	0.00013	0
ANTXR1	0.02352	0.00234	0.05967
GFPT1	0.12948	0.43382	0.26017
NFU1	0.12917	0.34197	0.1287
AAK1	0.55551	0.24672	0.33036
ANXA4	0.30713	1.32213	0.63628
GMCL1	0.10923	0.1739	0.09308
SNRNP27	0.18906	0.2647	0.12787
MXD1	0.34705	0.12683	0.15425
ASPRV1	0.00017	0.00124	0.00147
PCBP1	1.11218	1.14396	0.64696
AC016700.5	0.00647	0.05818	0.01119
C2orf42	0.0218	0.02915	0.01875
TIA1	0.1461	0.20735	0.24295
PCYOX1	0.08478	0.24224	0.15684
SNRPG	0.78495	1.37466	0.57592
FAM136A	0.17355	0.55002	0.22603
AC022201.5	0	0.00091	0.00024
TGFA	0.0565	0.04328	0.02144
ADD2	0.00124	0.00016	0.00381
CLEC4F	0.0029	0.00105	0.00163
CD207	0.00346	0.00017	0
LINC01143	1e-04	0.00186	0.00045
VAX2	6e-05	0.00292	0.00173
ATP6V1B1	0.00024	0.00182	0.00359
AC007040.11	7e-05	0.00181	0.00145
ATP6V1B1-AS1	0.00024	0.00232	0.00112
ANKRD53	0.00032	0.00508	0.00169
TEX261	0.06935	0.1414	0.0714
AC007040.8	0.00059	3e-05	0
NAGK	0.51418	0.16232	0.15281
RP11-467P9.1	0.00255	0.00278	0.0041
MCEE	0.0421	0.16163	0.06864
MPHOSPH10	0.12593	0.27511	0.12973
PAIP2B	0.01106	0.08363	0.02057
ZNF638	0.20498	0.44834	0.35833
DYSF	0.01413	0.00871	0.03037
CYP26B1	0.00432	0.05177	0.0184
EXOC6B	0.02981	0.04646	0.04673
SPR	0.02815	0.3116	0.07
EMX1	0	0.00057	0.00011
SFXN5	0.03565	0.10264	0.08401
RAB11FIP5	0.00627	0.03244	0.01647
SMYD5	0.01676	0.04111	0.02721
PRADC1	0.07761	0.13673	0.05614
CCT7	0.31935	0.58458	0.25851
FBXO41	0.01251	0.00791	0.00927
EGR4	0.00752	0.00135	0.00253
ALMS1	0.02548	0.05126	0.04823
NAT8	0.00761	0.29076	0.08537
TPRKB	0.23041	0.40629	0.17014
DUSP11	0.14425	0.17051	0.09507
STAMBP	0.13437	0.24387	0.10786
ACTG2	0.00618	0.00056	0.0423
DGUOK	0.29357	0.56412	0.22791
DGUOK-AS1	0.00679	0.00641	0.0032
AC073046.25	0.00064	0.00022	0.00042
TET3	0.09487	0.06954	0.05756
RP11-287D1.4	0.00026	0.00021	0.00108
BOLA3	0.23868	0.59394	0.23118
BOLA3-AS1	0.00904	0.01077	0.00997
MOB1A	0.75861	0.38552	0.27189
RP11-287D1.2	0.00293	0.00255	0.00787
MTHFD2	0.31295	0.12346	0.11057
SLC4A5	0.00218	0.00309	0.00481
DCTN1	0.11142	0.1912	0.1343
C2orf81	0.00439	0.00278	0.00728
WDR54	0.07846	0.02715	0.0458
RTKN	0.01218	0.17337	0.09204
INO80B	0.02903	0.04988	0.03415
WBP1	0.00894	0.01447	0.01453
MOGS	0.07053	0.18459	0.13021
MRPL53	0.0363	0.06724	0.03305
CCDC142	0.01771	0.03437	0.03272
TTC31	0.04544	0.07022	0.05547
LBX2	0.00239	0.0059	0.00272
RP11-523H20.3	0.00011	0.00073	0
LBX2-AS1	0.01653	0.0185	0.00875
PCGF1	0.03663	0.06792	0.03953
TLX2	0.00013	0.00021	0.00072
DQX1	0.00108	0.02667	0.01423
AUP1	0.26753	0.49279	0.26913
HTRA2	0.07562	0.13606	0.06746
LOXL3	0.02648	0.00214	0.01751
DOK1	0.08144	0.0339	0.02722
M1AP	0.00315	0.00255	0.00141
SEMA4F	0.0048	0.01989	0.01321
RP11-259N19.1	0.00649	0.0072	0.00299
HK2	0.25918	0.07418	0.06152
LINC01291	0.00095	0.00019	0.00093
POLE4	0.28428	0.59238	0.21006
TACR1	0.00012	9e-05	0.00377
RP11-355F16.1	0.00029	0.00123	0.00371
EVA1A	0.00398	0.16672	0.0473
MRPL19	0.13539	0.35905	0.13349
GCFC2	0.03882	0.11665	0.06106
RP11-342K6.1	0.00516	0.01799	0.00579
RP11-342K6.4	0.00016	0.00316	0.00175
LRRTM4	0.00046	0.01345	0.00732
AC084149.2	5e-05	0.00282	0.00186
REG1A	0.00021	0.00985	0.02198
REG3A	0.0021	0.01576	0.0071
SUCLG1	0.2393	0.60216	0.19963
DNAH6	0.00082	0.00615	0.00453
TRABD2A	0.02922	0.0095	0.00744
TMSB10	3.70881	3.17447	2.66481
KCMF1	0.18374	0.27744	0.14439
TCF7L1	0.00633	0.06191	0.06562
TGOLN2	0.5492	0.62112	0.46283
RETSAT	0.03213	0.12546	0.07372
ELMOD3	0.03434	0.07456	0.06512
CAPG	0.73408	0.45672	0.23186
SH2D6	0.00039	6e-04	0.00334
MAT2A	0.47394	0.75145	0.51568
GGCX	0.10227	0.46091	0.24275
VAMP8	1.1964	0.90761	0.38023
VAMP5	0.49028	0.57888	0.30143
RNF181	0.52366	0.97725	0.38207
TMEM150A	0.05137	0.23208	0.08789
USP39	0.07516	0.10473	0.04809
C2orf68	0.07227	0.15859	0.08484
GNLY	0.11755	0.00896	0.01446
ATOH8	0.00177	0.00029	0.00377
ST3GAL5	0.16891	0.03234	0.04674
ST3GAL5-AS1	0.00235	0.00011	0.00063
RP11-548P2.2	0.00166	0.00097	0.00011
POLR1A	0.02626	0.06499	0.03532
PTCD3	0.12745	0.23174	0.15546
IMMT	0.26539	0.3432	0.15137
RP11-301O19.1	0.00158	0.00146	0.00191
MRPL35	0.13988	0.25712	0.09992
REEP1	0.00066	0.0018	0.00383
KDM3A	0.14134	0.09767	0.10073
CHMP3	0.25889	0.40541	0.28991
AC015971.2	0.00059	0.00048	0.00158
RNF103	0.09535	0.25878	0.14897
RMND5A	0.13011	0.19367	0.08607
CD8A	0.1712	0.00713	0.01632
CD8B	0.06266	0.00235	0.00568
PLGLB1	0.0125	0.17968	0.06688
AC133644.2	0.04396	0.00349	0.02207
LINC00152	0.26921	0.33571	0.23572
RP11-1399P15.1	0.01448	0.00138	0.00149
PLGLB2	0.00282	0.15315	0.02962
RGPD2	0.01769	0.01276	0.02435
KRCC1	0.12994	0.23936	0.11798
FABP1	0.41825	2.30092	0.96396
THNSL2	0.00892	0.1044	0.05555
EIF2AK3	0.05884	0.05322	0.04421
AC062029.1	0.01719	0.01818	0.02774
RPIA	0.08973	0.15651	0.07147
IGKC	0.36479	0.22899	0.32987
IGKV1-12	0.00328	0.00012	6e-04
IGKV4-1	0.0031	0.00109	0.00073
IGKV3-11	0.00098	0.00023	0
IGKV1-17	0.00065	0.00023	0
IGKV3-20	0.00127	0.00032	0
IGKV2-24	0.00327	0.00048	0.0011
IGKV2-30	0.00115	9e-05	0
IGKV1-39	0.00286	0.00078	0.00196
IGKV1D-39	0.00148	4e-05	0.00076
IGKV2D-30	0.00088	0.00032	0.00027
IGKV2D-24	0.00111	5e-05	2e-04
CH17-132F21.5	3e-05	0.00087	0.0029
RP11-575H3.1	0	0.00332	0.00127
TEKT4	0.0014	0.00448	0.00166
MAL	0.04215	0.00226	0.00384
MRPS5	0.23471	0.47573	0.23406
ZNF514	0.02608	0.07601	0.06524
ZNF2	0.00927	0.01433	0.00705
AC092835.2	0.00106	0.0026	0.00318
PROM2	0.00195	0.14234	0.07979
KCNIP3	0	0.00079	0.00317
FAHD2A	0.05583	0.21617	0.08525
RP11-440D17.3	0.00119	0.01127	0.00643
RP11-440D17.4	0.00024	0.00224	0.00315
LINC00342	0.02605	0.11482	0.19217
ANKRD36C	0.08878	0.31521	0.7375
GPAT2	0.01053	0.02607	0.04812
ADRA2B	0.01794	0.00419	0.01699
ASTL	0.00117	8e-05	0
DUSP2	0.8911	0.13223	0.15196
STARD7	0.26591	0.3312	0.17371
TMEM127	0.14594	0.13454	0.09357
CIAO1	0.15623	0.32425	0.13787
SNRNP200	0.21932	0.28529	0.20272
AC021188.4	0.00386	3e-05	0.00024
ITPRIPL1	0.04364	0.00167	0.00765
NCAPH	0.03098	0.02547	0.0079
NEURL3	0.01732	0.04379	0.02892
RP11-363D14.1	7e-04	3e-04	8e-05
ARID5A	0.34161	0.12997	0.1375
KANSL3	0.05215	0.11166	0.06842
FER1L5	5e-05	0.00129	0.00252
LMAN2L	0.01946	0.05522	0.03135
CNNM4	0.02835	0.05931	0.03077
RP11-353K11.1	0.00073	0.00083	0.00075
CNNM3	0.02986	0.05418	0.04153
ANKRD23	0.00252	0.00616	0.00676
ANKRD39	0.07885	0.11245	0.04821
SEMA4C	0.0184	0.04136	0.04903
FAM178B	6e-05	0.00535	0.0042
FAHD2B	0.01436	0.00692	0.01164
ANKRD36	0.05458	0.0487	0.10285
AC159540.1	0.03033	0.06325	0.08786
ANKRD36B	0.03701	0.04611	0.09107
COX5B	1.18774	1.80509	0.95872
ACTR1B	0.06674	0.12749	0.07758
LINC01125	0.00856	0.00884	0.01889
ZAP70	0.09336	0.00453	0.01769
TMEM131	0.10988	0.17513	0.112
VWA3B	0.00017	0.00234	0.0031
INPP4A	0.12122	0.05477	0.0689
COA5	0.12303	0.41061	0.16795
UNC50	0.14913	0.53525	0.2092
MGAT4A	0.3416	0.12308	0.0969
AC109826.1	0.02032	6e-04	0.0022
KIAA1211L	0.01188	0.03517	0.02948
TSGA10	0.01443	0.06175	0.04066
C2orf15	0.00343	0.0203	0.00661
RP11-111H13.1	0.00064	0.00102	6e-04
LIPT1	0.03503	0.07314	0.04824
RP11-38C17.1	0.00355	0.01024	0.00283
MITD1	0.17476	0.28368	0.16285
MRPL30	0.06558	0.19418	0.06747
LYG2	8e-04	0.00372	0.00433
LYG1	0.00164	0.00607	0.00532
TXNDC9	0.17844	0.46233	0.15691
EIF5B	0.50771	0.8581	0.4805
REV1	0.10125	0.14237	0.12682
RP11-527J8.1	0.00077	0.00098	0.00026
AFF3	0.05637	0.02862	0.02063
AC092667.2	0.00057	0.00299	0.00106
LONRF2	0.00149	0.04094	0.02495
CHST10	0.0079	0.01361	0.0117
PDCL3	0.27652	0.23136	0.1079
NPAS2	0.00791	0.17485	0.11525
AC016738.4	0.00053	5e-04	0.00107
RPL31	1.53494	1.63904	1.18215
TBC1D8	0.03251	0.02575	0.0202
RP11-299H21.1	0.00469	0.00608	0.00553
CNOT11	0.08447	0.32433	0.12621
RNF149	0.42874	0.34474	0.23593
CREG2	0.00056	0.01734	0.00587
RFX8	2e-04	2e-05	0.00358
MAP4K4	0.14959	0.25016	0.26172
LINC01127	0.00038	0.01556	0.01012
IL1R2	0.08327	0.06042	0.02675
IL1R1	0.04879	0.0658	0.10166
IL1RL2	0.0036	0.00447	0.00384
IL1RL1	0.03187	0.00237	0.00422
IL18R1	0.05194	0.00949	0.00764
IL18RAP	0.02122	0.00094	0.00426
SLC9A4	3e-05	0.00479	0.00335
SLC9A2	0.00056	0.02352	0.00486
MFSD9	0.0148	0.04153	0.01982
TMEM182	0.00967	0.04815	0.02479
AC068535.3	0.00037	0.01965	0.00338
MRPS9	0.08145	0.22756	0.07363
RP11-332H14.1	0.00144	0.00139	0.00079
TGFBRAP1	0.05237	0.05965	0.04042
AC012360.4	0.00096	0.00056	0.00099
RP11-332H14.2	0.01941	0.04542	0.05041
C2orf49	0.10553	0.16343	0.10432
FHL2	0.00602	0.17015	0.10141
AC012360.6	0	0.00109	0.002
NCK2	0.12528	0.10439	0.161
AC009505.2	0.00055	0.00012	0.00033
C2orf40	0.00058	0.00013	0.01103
UXS1	0.11767	0.21277	0.11395
RGPD3	0.00098	0.001	0.00043
SULT1C2	0.02485	0.29102	0.17697
SULT1C4	0.00714	0.29453	0.18416
GCC2	0.42787	0.47941	0.44143
GCC2-AS1	0.00102	0.00251	0.00255
LIMS1	0.76454	0.33705	0.32069
RANBP2	0.43922	0.31833	0.22793
CCDC138	0.01593	0.03259	0.01843
EDAR	0.00028	0.02453	0.00682
SH3RF3-AS1	0.00043	0.00253	0.00428
SH3RF3	0.00499	0.03373	0.02189
SEPT10	0.06561	0.24995	0.16175
SOWAHC	0.03764	0.26824	0.11153
RP11-506F3.1	0.00081	9e-05	0.00041
RGPD5	0.08077	0.03538	0.04699
LINC01123	0.00035	0.00884	0.00122
MALL	0.00158	0.03022	0.05872
NPHP1	0.00581	0.06143	0.03505
LINC00116	0.2844	0.58592	0.23495
RP11-1223D19.1	0.00078	0.00992	0.00556
LINC01106	0.00059	0.01655	0.01471
RP13-1039J1.2	0	0.00037	0.00194
BUB1	0.03998	0.03589	0.01218
ACOXL	0.00153	0.00146	0.00199
BCL2L11	0.12234	0.06501	0.0721
MIR4435-2HG	0.25825	0.45507	0.32558
RP11-181E10.3	0.00598	0.00298	0.02538
RP11-803D5.4	0.00914	0.01508	0.02151
AC017002.1	0.0191	0.001	0.01397
AC017002.2	0.00123	0.00164	0.0034
ANAPC1	0.04796	0.08848	0.05576
MERTK	0.19356	0.01519	0.02929
TMEM87B	0.14846	0.22386	0.14733
FBLN7	0.03016	0.00436	0.01541
ZC3H8	0.10379	0.15653	0.11002
ZC3H6	0.10273	0.04708	0.06545
RGPD8	0.00594	0.00403	0.00398
TTL	0.08659	0.05264	0.0566
POLR1B	0.02085	0.07645	0.02304
CHCHD5	0.22079	0.44786	0.15873
AC012442.6	2e-04	0.00041	5e-04
AC079922.3	0.01842	0.02323	0.01878
SLC20A1	0.35961	0.40082	0.31916
NT5DC4	0.0011	0.00122	0.0015
CKAP2L	0.02285	0.02237	0.00955
IL1A	0.03119	0.00282	0.00403
IL1B	0.81951	0.07726	0.13298
IL37	0.00016	0.00036	0
IL1RN	0.47507	0.10059	0.09331
PSD4	0.09266	0.09393	0.06954
PAX8	0.01424	0.01981	0.00725
RP11-65I12.1	0.03451	0.00457	0.01114
RP11-480C16.1	0.0029	0.00505	0.00759
CBWD2	0.03255	0.06294	0.03911
FOXD4L1	0.00011	0.00088	0.00032
RABL2A	0.01437	0.02906	0.02672
AC017074.2	0.00018	0.00035	0.00087
SLC35F5	0.0877	0.27816	0.14447
AC104653.1	0.00067	6e-05	0
RP11-141B14.1	0.02308	0.01164	0.01956
ACTR3	0.97305	0.55734	0.39541
LINC01191	0.00219	0.00134	0.00093
DPP10	0	0.00098	0.00042
DPP10-AS1	0	0.00268	0.0014
DDX18	0.63499	0.6575	0.41707
AC009404.2	0.01057	0.01937	0.01901
CCDC93	0.09741	0.07429	0.06064
INSIG2	0.14374	0.22869	0.14201
AC093901.1	0.00083	0.00806	0.00185
RP11-19E11.1	0	0.00096	0.00084
EN1	5e-05	0.00299	0.00127
MARCO	0.01914	0.00044	0.00178
STEAP3	0.00371	0.06653	0.03307
C2orf76	0.0643	0.10428	0.05318
DBI	0.95169	1.70158	0.71101
TMEM37	0.14388	0.39627	0.14857
SCTR	0.00243	0.18541	0.10489
AC013275.2	0.00016	0.00503	0.00277
CFAP221	0.00063	0.05717	0.0305
TMEM177	0.01109	0.17119	0.05137
PTPN4	0.12722	0.10416	0.09548
EPB41L5	0.00972	0.15045	0.0993
TMEM185B	0.03232	0.08791	0.03818
RALB	0.16385	0.15918	0.10154
INHBB	0.00288	0.11623	0.06471
AC073257.2	0.00038	0.00779	0.00357
GLI2	0	0.00957	0.00591
TFCP2L1	0.01252	0.03776	0.02005
CLASP1	0.05498	0.06881	0.07519
RP11-204L24.2	0.00029	0.00052	0.00083
NIFK-AS1	0.03051	0.06749	0.05236
NIFK	0.25406	0.63919	0.21529
TSN	0.15026	0.30603	0.13425
CNTNAP5	0.00011	0.00227	0.00017
AC114813.1	0	9e-04	0.00061
AC023347.1	0.00022	0.00612	0.00226
GYPC	0.67061	0.027	0.18324
BIN1	0.22013	0.1933	0.09507
CYP27C1	0.00046	0.01965	0.0123
ERCC3	0.0416	0.08281	0.05341
MAP3K2	0.42436	0.30791	0.25572
AC068282.3	0.00288	0.01447	0.0118
PROC	0.03873	0.80037	0.42527
IWS1	0.12146	0.19964	0.13121
AC010976.2	0.00077	0.00329	0.00258
MYO7B	0.00243	0.02678	0.02653
RP11-286H15.1	1e-04	0.00026	0.00276
LIMS2	0.0069	0.00242	0.05037
WDR33	0.29129	0.30907	0.21383
SFT2D3	0.03962	0.09523	0.04502
POLR2D	0.07324	0.12422	0.05189
AMMECR1L	0.03483	0.0569	0.04895
RP11-395A13.2	0.02532	0.04624	0.0557
SAP130	0.02945	0.04355	0.02211
UGGT1	0.1089	0.18684	0.12962
HS6ST1	0.02856	0.02819	0.02469
AC079586.1	2e-05	0.00086	0.00058
POTEF	0.00031	0.00697	0.01357
CCDC74B	0.00024	0.00199	0.00132
SMPD4	0.06235	0.1027	0.09458
MZT2B	1.17718	1.69317	0.94591
TUBA3E	0	0.00049	0.00046
CCDC115	0.20294	0.23514	0.11813
IMP4	0.2549	0.5559	0.21862
PTPN18	0.29138	0.17856	0.16042
POTEI	0.00011	0.01058	0.02353
TISP43	0.00044	0.00048	0.001
AC133785.1	0	0.00128	0.00034
ARHGEF4	0.00054	0.00442	0.00329
FAM168B	0.06998	0.14594	0.09508
PLEKHB2	0.44395	0.29882	0.18418
POTEE	6e-05	0.00598	0.01146
MZT2A	0.56865	1.09657	0.48185
TUBA3D	0.00053	0.00046	0
CCDC74A	0.00424	0.01377	0.02072
LINC01087	0	0.00156	7e-05
C2orf27B	0.00146	0.00603	0.01001
AJ239322.1	1e-04	0.00122	0.00114
RP11-725P16.2	0.001	0.00584	0.01336
GPR39	0.00025	0.01806	0.00559
LYPD1	0.00104	0.00326	0.01823
NCKAP5	0.02509	0.01887	0.02857
AC010890.1	4e-04	3e-05	0
MGAT5	0.08666	0.04749	0.06891
TMEM163	0.00286	0.01342	0.00545
CCNT2-AS1	0.00328	0.00282	0.00368
ACMSD	0.00145	0.06353	0.01327
CCNT2	0.13171	0.1723	0.15889
RAB3GAP1	0.13766	0.20307	0.17815
ZRANB3	0.00809	0.03372	0.01406
R3HDM1	0.08336	0.1362	0.07584
UBXN4	0.58234	0.92341	0.47575
AC011893.3	0.00085	4e-05	0
MCM6	0.1021	0.07758	0.0369
DARS	0.46182	0.6169	0.31999
DARS-AS1	0.0105	0.01585	0.0067
CXCR4	1.59438	0.16127	0.27526
THSD7B	5e-05	4e-05	0.00563
HNMT	0.5547	0.79906	0.42878
AC097721.2	6e-04	0.00159	0.00305
SPOPL	0.10749	0.12495	0.09659
LRP1B	0.00047	0.00976	0.00961
KYNU	0.18589	0.45128	0.16325
ARHGAP15	0.28139	0.15407	0.12977
GTDC1	0.06518	0.03937	0.03672
ZEB2	0.87316	0.04519	0.27421
ZEB2-AS1	0.03916	0.00147	0.00552
LINC01412	0.00145	5e-05	0.00049
TEX41	0.00029	0.00121	0.00864
ACVR2A	0.03337	0.08693	0.05224
ORC4	0.08124	0.20341	0.09555
MBD5	0.04388	0.05847	0.05066
EPC2	0.07715	0.0646	0.06792
KIF5C	0.02606	0.03815	0.022
LYPD6B	0.00089	0.07934	0.04219
LYPD6	2e-04	0.01441	0.00846
MMADHC	0.31964	0.5534	0.22279
AC144449.1	0.00071	0.0032	0.00557
RND3	0.12134	0.44062	0.40083
RBM43	0.0616	0.08524	0.06435
NMI	0.19825	0.22204	0.09616
TNFAIP6	0.0198	0.00217	0.01454
RIF1	0.25163	0.31067	0.26731
NEB	0.00343	0.04372	0.02276
ARL5A	0.33206	0.52739	0.27548
CACNB4	0.00506	0.00325	0.00787
STAM2	0.08956	0.14328	0.08742
FMNL2	0.20029	0.05684	0.05348
PRPF40A	0.48674	0.54249	0.28535
ARL6IP6	0.14503	0.13381	0.08039
RPRM	0.00022	0.0023	0.001
GALNT13	0.00012	0.00633	0.00305
KCNJ3	0.00029	0.00496	0.00119
AC093375.1	5e-04	0.01866	0.02692
RP11-605B16.1	0.00239	0.00439	0.00341
NR4A2	0.97386	0.21851	0.31354
GPD2	0.06842	0.14441	0.07394
GALNT5	0.00293	0.15537	0.104
ERMN	0.00447	0.00209	0.00305
CYTIP	0.61036	0.02912	0.06559
ACVR1C	0.00473	0.02014	0.01448
AC019186.1	0.00075	0.00299	0.00152
ACVR1	0.04754	0.11187	0.06176
RP11-546J1.1	0.00139	0.00608	0.0032
RP11-1152H14.1	0.00138	0.00395	0.0025
CCDC148	0.00169	0.0087	0.0041
PKP4	0.02978	0.24189	0.1548
DAPL1	0.01407	0.02367	0.0089
TANC1	0.00515	0.14345	0.13629
WDSUB1	0.0372	0.05589	0.02912
BAZ2B	0.21258	0.24551	0.29057
AC009506.1	0.01249	0.02261	0.01597
AC009961.3	0.00581	0.01228	0.00894
MARCH7	0.27523	0.24846	0.21947
CD302	0.26661	0.37711	0.16523
LY75	0.06078	0.08227	0.03806
PLA2R1	0.00079	0.03415	0.06049
ITGB6	0.00617	0.35688	0.17704
RBMS1	0.46125	0.22199	0.2896
TANK	0.47218	0.3481	0.21806
AC009299.3	0.00175	0.00011	0.00069
PSMD14	0.2529	0.54427	0.21283
SLC4A10	0.01368	0.00082	0.00065
DPP4	0.0469	0.10801	0.05832
FAP	0.00057	0.00784	0.04771
IFIH1	0.11439	0.07997	0.04447
GCA	0.27596	0.2422	0.12007
KCNH7	0	0.00625	0.00357
FIGN	0.00218	0.09826	0.06146
GRB14	0.00492	0.15956	0.06988
COBLL1	0.02201	0.1537	0.15029
SLC38A11	0.00049	0.00978	0.03626
AC013463.2	4e-05	0.00092	0.00336
SCN3A	0.00014	0.00173	0.00711
SCN2A	0.00033	0.00022	0.00201
CSRNP3	0.00082	0.0306	0.03565
GALNT3	0.02615	0.21802	0.10038
AC009495.2	0.00068	0.00405	0.00914
TTC21B	0.05517	0.04976	0.05976
SCN9A	0.01407	0.04829	0.04537
SCN7A	0.00032	0.00065	0.00121
XIRP2	3e-05	0.00046	8e-04
B3GALT1	0	0.00042	0.00082
STK39	0.05432	0.07824	0.06113
CERS6	0.12867	0.34674	0.13607
NOSTRIN	0.00114	0.08621	0.11634
SPC25	0.03141	0.04068	0.01029
G6PC2	0	0.00076	0.00054
DHRS9	0.09368	0.00754	0.01187
LRP2	5e-05	0.00054	0.00153
BBS5	0.01848	0.01116	0.01915
KLHL41	0.00064	0.0011	0.00207
FASTKD1	0.05553	0.04398	0.03236
PPIG	0.58862	0.68964	0.40889
CCDC173	0.00422	0.00864	0.0045
PHOSPHO2	0.01198	0.0777	0.0319
KLHL23	0.0088	0.24191	0.16694
SSB	0.51226	0.87873	0.35549
METTL5	0.19393	0.50898	0.17413
UBR3	0.08131	0.14345	0.11313
MYO3B	6e-05	0.00099	0.00023
LINC01124	8e-05	0.00267	0.00273
SP5	0.00021	0.00829	0.00481
AC007405.4	0	0.00361	0.00151
AC007405.6	0.00314	0.10498	0.01786
ERICH2	0.00068	0.02831	0.00312
GAD1	0.00042	0.00109	0.00044
GORASP2	0.10618	0.34063	0.12529
TLK1	0.22267	0.30416	0.16441
METTL8	0.10715	0.10448	0.06836
DCAF17	0.03327	0.04576	0.03941
CYBRD1	0.10383	0.00674	0.0782
DYNC1I2	0.33983	0.4577	0.35715
SLC25A12	0.03074	0.03543	0.03598
HAT1	0.21387	0.3151	0.16204
METAP1D	0.00758	0.04731	0.0392
DLX1	0.00038	0.00678	0.00456
DLX2	0.00365	0.00733	0.00337
DLX2-AS1	0	0.00083	0
ITGA6	0.03252	0.57952	0.34876
AC078883.4	0.00028	0.00163	0.00356
AC078883.3	0.01013	0.00149	0.00353
AC093818.1	0.00863	0.00195	0.00415
PDK1	0.09428	0.0947	0.08381
RAPGEF4-AS1	0	0.00049	7e-04
RAPGEF4	0.0015	0.03318	0.03848
AC013461.1	0.07454	0.24581	0.21621
MLK7-AS1	0.00048	0.00111	0.00119
CDCA7	0.02643	0.29705	0.1639
RP11-796E10.1	0.00015	0.00713	0.00163
SP3	0.25183	0.21767	0.17433
RP11-394I13.2	0.00092	0.00273	0.00225
RP11-394I13.3	0.00049	0.00025	0
RP11-394I13.1	0.00065	0.00014	0.00041
OLA1	0.23253	0.47101	0.16713
CIR1	0.33874	0.41412	0.23404
SCRN3	0.03331	0.12062	0.0494
GPR155	0.1601	0.03436	0.0419
AC010894.3	0.00494	0.01719	0.00637
AC018890.6	0.001	0.00038	0.00099
WIPF1	0.67894	0.07744	0.12385
CHRNA1	0.00355	0.00082	0.00022
CHN1	0.03518	0.00322	0.02919
ATF2	0.14614	0.18896	0.12745
ATP5G3	0.86604	1.33735	0.63788
AC096649.3	0	0.00102	0.00208
KIAA1715	0.12201	0.14589	0.09532
HOXD-AS2	0	0	0.0107
HOXD9	0	0.00026	0.00998
HOXD8	0	1e-04	0.03345
HOXD3	0	4e-05	0.0046
HOXD4	6e-05	0.00051	0.01044
HAGLR	0.00041	0.01597	0.0128
HAGLROS	0	3e-05	0.0063
HOXD1	0.00046	0.01067	0.01796
MTX2	0.10218	0.39054	0.13631
LINC01116	0.0534	0.07733	0.06568
LINC01117	0.00015	0.00563	0.00718
HNRNPA3	0.98556	0.95615	0.76098
NFE2L2	0.69271	0.62396	0.47003
AC079305.10	0.00157	0.00044	0
RP11-337N6.1	6e-05	0.00171	0.00086
AGPS	0.17701	0.29129	0.12206
TTC30B	0.00698	0.02817	0.01739
TTC30A	0.00599	0.03273	0.01633
PDE11A	0.00035	0.02269	0.01359
RBM45	0.03022	0.05198	0.0314
OSBPL6	0.00953	0.00698	0.00529
AC009948.5	0.03542	0.01089	0.02202
PRKRA	0.11756	0.18245	0.09957
DFNB59	0.00111	0.00771	0.00709
FKBP7	0.01206	0.08347	0.06095
PLEKHA3	0.16262	0.17928	0.12369
TTN-AS1	0.04081	0.03004	0.04129
TTN	0.03711	0.00611	0.01449
RP11-65L3.4	0.00483	0.00131	0.00203
RP11-65L3.2	0.00459	0.00314	0.00356
RP11-171I2.5	0.00558	0.00366	0.00576
RP11-171I2.2	0.00236	0.00175	0.00229
RP11-171I2.4	0.00151	0.00265	0.00144
RP11-171I2.3	1e-04	0.0011	0.001
RP11-171I2.1	0	0.00102	0.00041
CCDC141	0.01695	0.00118	0.0055
SESTD1	0.07361	0.14668	0.12454
ZNF385B	0.00072	0.01509	0.00332
CWC22	0.15908	0.17222	0.09777
UBE2E3	0.17611	0.48132	0.21215
AC104076.3	1e-04	0.00068	0.00053
AC068196.1	6e-04	0.00039	0.00055
AC104820.2	0.05303	0.00186	0.00573
ITGA4	0.38542	0.01476	0.05765
CERKL	0.00174	0.00562	0.0021
RP11-366L5.1	0.00307	0.00694	0.00812
SSFA2	0.16373	0.35357	0.26655
PPP1R1C	0.00141	0.06436	0.01686
PDE1A	0.00035	0.00095	0.0607
DNAJC10	0.15896	0.3332	0.24008
FRZB	0.00069	0.0016	0.1365
NCKAP1	0.01613	0.41677	0.24549
DUSP19	0.0042	0.02952	0.01251
NUP35	0.03311	0.1123	0.05953
RP11-438L19.1	0.00153	0.0094	0.00943
ZNF804A	0.00704	0.00069	0.00098
AC007966.1	0	0.00102	0
FSIP2	0.00167	0.02972	0.03393
FSIP2-AS1	2e-04	0.00525	0.00392
LINC01473	0.00649	0.03174	0.03134
RP11-410E4.1	0.00504	0.01092	0.01266
ZC3H15	0.46804	0.73653	0.35665
ITGAV	0.20147	0.44812	0.35556
FAM171B	0.0026	0.00645	0.02482
AC007319.1	0.00017	0.00324	0.00228
CALCRL	0.0083	0.00769	0.18961
TFPI	0.15429	1.66454	1.13196
GULP1	0.00658	0.27862	0.18282
COL3A1	0.00715	0.0069	0.3864
COL5A2	0.01668	0.3501	0.3499
WDR75	0.08555	0.17173	0.10206
SLC40A1	0.75338	0.82254	0.45729
ASNSD1	0.16027	0.21708	0.10382
ANKAR	0.01768	0.03757	0.03792
OSGEPL1	0.02518	0.07721	0.03637
OSGEPL1-AS1	0.00122	0.00526	0.00122
RP11-455J20.3	0.00057	0.00153	0.00049
ORMDL1	0.30781	0.48282	0.29532
PMS1	0.04828	0.08384	0.0693
C2orf88	0.00221	0.02049	0.00541
HIBCH	0.10181	0.28514	0.1398
INPP1	0.05343	0.2453	0.11806
MFSD6	0.04093	0.08833	0.04566
RP11-647K16.1	0.00109	0.00181	0.00063
NEMP2	0.02597	0.04521	0.03803
AC093388.3	0.00235	0.0084	0.00717
NAB1	0.09985	0.16419	0.1195
AC005540.3	0.00322	0.00034	0.00054
GLS	0.49182	0.29449	0.32102
STAT1	0.50663	0.42603	0.22622
STAT4	0.25208	0.01792	0.03201
MYO1B	0.01214	0.28389	0.27432
NABP1	0.74641	0.20339	0.24761
SDPR	0.00584	0.00141	0.07256
AC018799.1	4e-04	0.03794	0.01056
AC064834.3	0.00113	0	0
SLC39A10	0.16461	0.14427	0.1441
DNAH7	0.00027	0.00977	0.01462
STK17B	0.69078	0.08478	0.11713
RP11-347P5.1	0.14148	0.01072	0.02587
HECW2	0.00436	0.00312	0.02769
AC020571.3	0.01329	0.00057	0.00165
RP11-369J9.1	8e-05	0.00184	0
CCDC150	0.00616	0.02249	0.0172
GTF3C3	0.08078	0.12183	0.08721
PGAP1	0.05286	0.07532	0.08856
ANKRD44	0.28929	0.04183	0.06828
AC013264.2	0.01666	0.00019	0.00101
AC010746.3	0.00049	0.00021	0.00093
SF3B1	0.73721	0.58665	0.49065
COQ10B	0.20989	0.19186	0.12815
HSPD1	1.43793	1.66261	0.87579
HSPE1	1.6995	2.11861	1.19032
MOB4	0.27208	0.32944	0.17016
RFTN2	0.00134	0.00694	0.02025
AC011997.1	0.00103	0.00795	0.00114
MARS2	0.00812	0.02825	0.01576
BOLL	0.00012	0.00042	0
PLCL1	0.03935	0.00366	0.04132
SATB2	0.00333	0.06139	0.04301
FTCDNL1	0.01862	0.021	0.00694
C2orf69	0.09527	0.08028	0.06094
TYW5	0.04635	0.11464	0.0799
C2orf47	0.06357	0.24178	0.05846
SPATS2L	0.30045	0.87582	0.54622
KCTD18	0.03872	0.06281	0.03665
SGOL2	0.07353	0.09503	0.04163
AOX1	0.00274	0.10631	0.0224
AC007163.3	0.00176	0.00033	0.00061
BZW1	0.74497	0.69594	0.36152
CLK1	0.75507	0.29084	0.4097
PPIL3	0.13665	0.18696	0.08021
NIF3L1	0.04132	0.10307	0.04725
ORC2	0.04258	0.08974	0.0687
AC005037.3	0.00087	0.00224	0.00093
FAM126B	0.13176	0.12702	0.11037
NDUFB3	0.53461	1.03497	0.44963
RP11-13J8.1	0.00018	0.00114	0.00109
CFLAR	0.68258	0.3695	0.40473
CFLAR-AS1	0.02024	0.00915	0.00805
CASP10	0.06156	0.04783	0.05441
CASP8	0.15995	0.17274	0.12657
ALS2CR12	0.00151	0.00125	0.00246
TRAK2	0.07434	0.13243	0.085
STRADB	0.04636	0.25115	0.06189
ALS2CR11	1e-04	0.0017	0.00084
TMEM237	0.02259	0.08718	0.0435
MPP4	0.00031	0.00159	0.00125
ALS2	0.02772	0.11305	0.07686
CDK15	0.00176	0.00026	0
RP11-107N15.1	0.00029	0.00084	0.00165
FZD7	0.00897	0.02794	0.02773
KIAA2012	0.00177	0.00071	0.00087
AC079354.5	0.00039	0.00109	0.00039
SUMO1	0.6069	1.0069	0.41584
NOP58	0.32678	0.45588	0.18192
RP11-686O6.1	0.00079	0.00025	0.00105
RP11-686O6.2	0.00372	0.00637	0.01195
BMPR2	0.10412	0.14725	0.19296
FAM117B	0.03776	0.05813	0.03926
ICA1L	0.0145	0.01259	0.01567
WDR12	0.0514	0.19129	0.07259
CARF	0.02583	0.03614	0.04163
NBEAL1	0.17743	0.33208	0.28369
CYP20A1	0.29039	0.2157	0.18395
ABI2	0.1188	0.2354	0.23952
RAPH1	0.11019	0.14245	0.15915
CD28	0.26462	0.00983	0.03064
CTLA4	0.18833	0.00905	0.01843
ICOS	0.29153	0.01413	0.03186
PARD3B	0.00135	0.0417	0.03133
NRP2	0.27405	0.08513	0.16084
INO80D	0.17121	0.1737	0.18531
AC007383.3	0.00327	0.00556	0.01092
NDUFS1	0.14734	0.27125	0.1572
AC007383.4	5e-04	0.00053	0
EEF1B2	1.79124	2.30884	1.33003
ZDBF2	0.03681	0.02905	0.0501
ADAM23	0.00504	0.08911	0.06187
MDH1B	0.00032	0.00128	0.00044
FASTKD2	0.07507	0.13993	0.06278
KLF7	0.08414	0.07018	0.09807
AC007879.2	0.00045	5e-04	0.00134
CREB1	0.20195	0.18451	0.15282
METTL21A	0.09901	0.17072	0.07657
AC079767.4	0.0906	0.00266	0.00737
CCNYL1	0.09121	0.06526	0.05042
RP11-801F7.1	0.00142	0.01647	0.0079
FZD5	0.02755	0.22571	0.11886
AC096772.6	0.00946	0.01505	0.01129
PLEKHM3	0.00453	0.00593	0.00863
IDH1	0.28529	0.77004	0.30637
IDH1-AS1	0.00974	0.04285	0.01247
PIKFYVE	0.14711	0.09722	0.10017
PTH2R	8e-04	0.00044	0.00064
MAP2	0.00392	0.05556	0.06345
UNC80	0.00061	0.00278	0.00347
RPE	0.11848	0.18483	0.10753
KANSL1L	0.02744	0.11925	0.11316
RP11-260M2.1	0.00962	0.01454	0.01129
AC007038.7	0.00315	0.0066	0.00709
AC006994.2	0.00805	0.01028	0.01883
ACADL	4e-05	0.00083	0.00382
LANCL1	0.04439	0.08749	0.05506
CPS1	0.00053	0.00603	0.00793
IKZF2	0.10544	0.04736	0.0454
RP11-105N14.1	0.00183	0.00111	0.00272
SPAG16	0.0359	0.11808	0.08282
BARD1	0.08013	0.04996	0.03983
AC072062.1	0.00138	0.00181	7e-04
ABCA12	0	0.00341	0.00138
ATIC	0.0858	0.28405	0.10307
FN1	0.04361	0.65213	0.73027
LINC00607	0.00042	0.00031	0.00025
AC093382.1	0.00087	0.00142	0.00121
MREG	0.03246	0.02313	0.01391
PECR	0.03464	0.19788	0.06686
TMEM169	0.00293	0.00219	0.00195
XRCC5	0.59166	0.43855	0.31672
PKI55	0.00257	0.00252	0.00321
SMARCAL1	0.03531	0.03899	0.03083
AC098820.4	1e-04	0.0012	0.00103
RPL37A	2.91571	2.92097	2.25972
IGFBP2	0.01512	0.59033	0.30793
IGFBP5	0.0016	0.00292	0.23445
TNP1	0	0.00089	9e-05
DIRC3	0.00298	5e-04	0.00211
TNS1	0.09642	0.0509	0.17877
AC010136.2	0	0.00026	0.00095
RUFY4	0.00384	0.0042	0.00253
CXCR2	0.00227	0.00057	0
CXCR1	0.00077	0.00018	0.00022
ARPC2	1.76739	0.81018	0.71454
GPBAR1	0.03657	0.00658	0.01319
AAMP	0.13035	0.25819	0.16407
PNKD	0.21802	0.3453	0.22205
TMBIM1	0.17384	0.33334	0.19101
CATIP	0.00266	0.00115	0.00121
SLC11A1	0.08749	0.01796	0.01991
CTDSP1	0.18146	0.18721	0.16601
RP11-378A13.2	0.00316	0.00617	0.0025
VIL1	0.00549	0.12561	0.05541
USP37	0.09333	0.05216	0.04641
RQCD1	0.1195	0.09941	0.07911
PLCD4	0.00067	0.00057	0.00054
RP11-548H3.1	0.00379	0.00349	0.00332
ZNF142	0.01863	0.0185	0.0144
BCS1L	0.03219	0.08302	0.0481
RNF25	0.02845	0.0364	0.02091
STK36	0.00975	0.03148	0.03419
TTLL4	0.03436	0.05259	0.03633
CYP27A1	0.07635	0.09161	0.04717
RP11-459I19.1	0.00126	0.00039	0.00046
WNT6	0.00238	0.00046	0.00807
WNT10A	0.01349	0.01366	0.00699
CRYBA2	0	0.00106	0
AC097468.4	0	0.00107	0.00026
CFAP65	0.00051	0.0188	0.01183
IHH	0.00058	0.02902	0.01131
RP11-33O4.1	0.00126	0.00465	0.00266
NHEJ1	0.00162	0.00163	0.00146
RP11-33O4.2	0.00023	0.00054	0
SLC23A3	0.00488	0.01014	0.0068
CNPPD1	0.11609	0.09713	0.08451
FAM134A	0.14186	0.18474	0.10763
ZFAND2B	0.11563	0.11807	0.08178
ABCB6	0.00073	0.00392	0.0026
ATG9A	0.04768	0.07658	0.05749
ANKZF1	0.06235	0.0774	0.07709
GLB1L	0.01863	0.03033	0.02161
STK16	0.06224	0.10743	0.05523
TUBA4A	0.36762	0.22096	0.12637
DNAJB2	0.16578	0.14275	0.11304
PTPRN	6e-04	8e-04	8e-05
AC114803.3	0.00233	0.00163	0.00042
DNPEP	0.11763	0.17915	0.10429
AC053503.4	0.00028	0.00125	0.00106
DES	6e-05	0.00183	0.00521
SPEG	0.0044	0.00727	0.02554
RP11-316O14.1	6e-04	0.00157	0.00116
GMPPA	0.0791	0.14935	0.07939
ASIC4	0.00079	0.00076	3e-04
CHPF	0.01789	0.19323	0.0996
TMEM198	0.00101	0.0105	0.00613
OBSL1	0.0123	0.1216	0.08569
RP11-256I23.2	0	0.0015	0.00035
INHA	0.00021	0.00597	0.00314
STK11IP	0.02822	0.0188	0.02675
SLC4A3	0.00163	0.0039	0.00425
AC009502.4	0.00018	0.0014	0.00497
EPHA4	0.02284	0.05061	0.04089
CTD-2308L22.1	0.00067	0.00276	0.00599
RP11-384O8.1	0.00028	0.00059	0.00023
SGPP2	0.00768	0.07989	0.02672
RP11-16P6.1	0.00055	0.00202	0.00149
FARSB	0.06101	0.13776	0.05822
MOGAT1	0.00073	0.00375	0.00652
ACSL3	0.23251	0.41953	0.2239
KCNE4	7e-04	0.00118	0.11058
SCG2	8e-05	0.00044	0.00128
AP1S3	0.02173	0.04282	0.02765
WDFY1	0.14866	0.12412	0.11162
MRPL44	0.12498	0.17634	0.07969
SERPINE2	0.02643	0.04074	0.07089
FAM124B	0.00542	0.00074	0.00608
CUL3	0.24555	0.22984	0.15864
DOCK10	0.27258	0.01108	0.06186
RP11-314B1.2	0.00046	0.00038	0
IRS1	0.00231	0.07453	0.0415
RHBDD1	0.04813	0.06389	0.04312
COL4A4	0.00352	0.00527	0.00886
COL4A3	0.00187	0.00076	0.00097
AC097662.2	0.00025	0.00119	0.00038
MFF	0.21658	0.34762	0.17303
TM4SF20	0.00047	0.02237	0.00334
AGFG1	0.29392	0.22892	0.16243
SLC19A3	0.00012	0.01178	0.00957
CCL20	0.33071	0.81379	0.33522
AC009410.1	0.00061	0.02232	0.00382
PID1	0.07911	0.03985	0.03492
DNER	0.00011	0.00032	0.00019
TRIP12	0.26033	0.22677	0.19189
FBXO36	0.00338	0.00813	0.00633
SLC16A14	0.00098	0.00095	0.0076
AC009950.2	0.0026	0.00035	0.00098
SP110	0.10221	0.03941	0.05116
SP140	0.13827	0.01785	0.0153
SP140L	0.13606	0.10345	0.09081
SP100	0.38836	0.26757	0.2463
AC098823.3	0.00056	7e-05	0.00034
CAB39	0.34136	0.19584	0.13716
ITM2C	0.19452	0.31721	0.2835
GPR55	0.00332	0.00034	0
SPATA3-AS1	6e-05	0.00243	0.00158
C2orf72	0.00413	0.12889	0.04625
PSMD1	0.23408	0.40239	0.16856
HTR2B	0.01356	0.03165	0.00713
ARMC9	0.01925	0.03925	0.03471
B3GNT7	0.07488	0.03609	0.02011
AC017104.2	0.00062	0.00013	0.00117
NCL	1.15065	1.04855	0.66397
LINC00471	0.00107	0.00233	0.00291
NMUR1	0.00406	0.00075	0.00925
PTMA	3.43124	2.80169	2.31066
PDE6D	0.05819	0.04006	0.04037
COPS7B	0.04782	0.09157	0.07231
NPPC	0.00123	0.00176	0.00297
DIS3L2	0.05531	0.06675	0.06498
ALPPL2	0	0.00172	0
ALPI	5e-05	0.00097	0.00052
ECEL1	0.00133	0.00014	0.00096
TIGD1	0.01223	0.02996	0.03754
EIF4E2	0.2658	0.42751	0.18246
EFHD1	0.00061	0.00082	0.05964
GIGYF2	0.13499	0.18852	0.12291
C2orf82	0.00988	0.2715	0.06922
NGEF	0.00221	0.06953	0.06147
INPP5D	0.20139	0.03544	0.05707
ATG16L1	0.0445	0.04428	0.03761
SAG	0.00434	0.00025	0.00022
RP11-400N9.1	0.00068	0.00019	0.00058
DGKD	0.05486	0.0464	0.07206
USP40	0.03393	0.11739	0.06928
UGT1A8	0.00022	0.00283	0.00162
UGT1A10	0	0.00063	0.00147
UGT1A9	0.00012	0.00209	0.00065
UGT1A7	0.00019	0.01089	0.01145
UGT1A6	0.004	0.11452	0.10229
AC114812.8	0.00058	0.00127	0.00087
UGT1A5	4e-05	0.00183	0.00087
UGT1A4	0	0.00396	0.00553
UGT1A3	0	0.00473	0.00565
UGT1A1	0.00155	0.10244	0.07834
MROH2A	0.00026	0.00145	0.00118
HJURP	0.02527	0.0259	0.01245
TRPM8	5e-04	0.00296	0.00101
ARL4C	1.25909	0.16442	0.25118
SH3BP4	0.0048	0.06188	0.05114
AGAP1	0.00715	0.04975	0.04334
IQCA1	3e-04	0.03101	0.01705
ACKR3	0.00667	0.0087	0.05574
AC105760.2	0.0022	0.00533	0.0072
COPS8	0.1516	0.13786	0.11093
COL6A3	0.00582	0.00235	0.2407
MLPH	0.01395	0.28596	0.18154
RAB17	0.00273	0.09163	0.03551
AC104667.3	0.00017	0.00563	0.0011
LRRFIP1	1.05101	0.51693	0.5252
RBM44	0.00243	0.00151	0.00274
RAMP1	0.01666	0.25982	0.11088
UBE2F	0.2099	0.11626	0.08417
SCLY	0.01279	0.02396	0.01518
KLHL30	0.00045	0.00513	0.004
FAM132B	0.00037	0.00165	0.00548
ILKAP	0.11289	0.06852	0.06949
HES6	0.0273	0.02573	0.02439
PER2	0.05459	0.06552	0.06114
TRAF3IP1	0.0304	0.05317	0.04667
ASB1	0.056	0.0522	0.03714
TWIST2	7e-05	0	0.00443
HDAC4	0.0435	0.02464	0.02783
AC062017.1	0.01386	0.01029	0.00832
NDUFA10	0.27811	0.29907	0.19016
MYEOV2	0.60835	0.48222	0.33543
GPC1	0.00415	0.03812	0.04878
ANKMY1	0.02197	0.03289	0.02352
DUSP28	0.05653	0.04424	0.05588
RNPEPL1	0.22441	0.11375	0.11901
CAPN10-AS1	0.01724	0.01229	0.02254
CAPN10	0.03517	0.02695	0.03058
GPR35	0.09863	0.05867	0.03892
AGXT	0.0037	0.14963	0.04329
C2orf54	0.00048	0.01171	0.00388
CROCC2	0.00141	8e-05	0.00017
SNED1	0.00638	0.00714	0.0164
MTERF4	0.1228	0.10789	0.09683
PASK	0.02062	0.01099	0.01621
PPP1R7	0.24256	0.21292	0.12037
ANO7	0.00671	0.01708	0.01101
HDLBP	0.26403	0.36642	0.25296
SEPT2	0.50025	0.26322	0.34548
FARP2	0.04498	0.07244	0.06667
STK25	0.07606	0.096	0.08642
BOK	0.00146	0.03807	0.03361
RP11-367H1.1	0	0.0012	0.00146
THAP4	0.0524	0.08998	0.05331
ATG4B	0.12032	0.10748	0.12399
DTYMK	0.1177	0.10203	0.05947
AC133528.2	0.00096	0.00134	0.00235
ING5	0.05772	0.04908	0.05076
D2HGDH	0.06734	0.12741	0.15144
AC114730.7	0.00096	0.00282	0.00038
AC114730.5	0.00038	0.00048	0.00089
AC114730.3	0.00145	0.02469	0.00807
NEU4	0.01225	0.0939	0.02983
AC114730.2	0.00104	0.00012	0.00027
PDCD1	0.1484	0.01672	0.02391
RTP5	0.00217	0.00015	0
AC093642.3	0.00343	0.00031	0.00137
RP11-341N2.1	0.00058	5e-04	0.00103
CHL1	0.00056	0.00283	0.00432
LINC01266	0.00038	4e-05	0.00121
RP11-204C23.1	0	5e-04	0
CNTN4	0.00025	0.00588	0.02796
IL5RA	0.00226	2e-05	0.00056
TRNT1	0.09373	0.14628	0.08456
CRBN	0.21372	0.22307	0.16486
RP11-97C16.1	0.00559	0.01411	0.01159
SUMF1	0.08402	0.13017	0.06279
LRRN1	0.00036	0.01578	0.01479
SETMAR	0.01561	0.02842	0.01569
ITPR1-AS1	0.00283	0.00136	0.00358
ITPR1	0.08415	0.0235	0.06204
EGOT	0.00798	0.01013	0.01728
AC018816.3	0.01647	0.00524	0.00521
BHLHE40-AS1	0.01308	0.00172	0.00247
BHLHE40	0.40662	0.4325	0.37853
ARL8B	0.40159	0.23347	0.15597
AC026202.3	0.00153	0.00475	0.00269
RP11-572B2.1	0.00212	0.00057	0.00139
EDEM1	0.17696	0.12544	0.09993
AC069277.2	0.00029	0.00737	0.00324
GRM7	9e-05	6e-04	0.00041
LMCD1-AS1	0.00087	0.0082	0.00906
AC023481.1	0.00027	0.00163	0.00299
LMCD1	0.01636	0.06329	0.06928
SSUH2	0.00102	0.01822	0.00624
OXTR	0.00038	0.0036	0.00291
RAD18	0.03872	0.05321	0.02718
SRGAP3	0.08471	0.02199	0.02683
RP11-380O24.1	0.00018	0.00237	0.00143
THUMPD3-AS1	0.24858	0.28941	0.24076
THUMPD3	0.09383	0.19676	0.07319
SETD5	0.1445	0.21969	0.2356
LHFPL4	0.00273	0.0108	0.00884
MTMR14	0.15988	0.08742	0.04789
CPNE9	0.00313	0.00115	0.00061
BRPF1	0.037	0.01845	0.02251
OGG1	0.04277	0.06095	0.04291
CAMK1	0.25945	0.09281	0.10518
TADA3	0.16046	0.18242	0.08964
ARPC4	0.76989	0.33962	0.26962
TTLL3	0.03204	0.01623	0.04437
RP11-266J6.2	0.00096	0.00085	0.00019
RPUSD3	0.07407	0.20136	0.08688
CIDEC	5e-05	0.00815	0.00165
JAGN1	0.11592	0.36587	0.12521
IL17RE	0.01246	0.1165	0.0716
IL17RC	0.02142	0.08401	0.05527
CRELD1	0.05229	0.20207	0.152
PRRT3	0.01474	0.0379	0.0178
PRRT3-AS1	0.00479	0.12746	0.03244
RP11-1020A11.2	0.00191	0.00602	0.00596
EMC3	0.27414	0.59586	0.26369
AC022007.5	0.00145	0.00458	0.00273
FANCD2	0.02484	0.03711	0.01855
FANCD2OS	0	0.00048	7e-04
BRK1	0.73553	0.88113	0.4739
VHL	0.11584	0.08743	0.08376
IRAK2	0.03889	0.04864	0.02745
TATDN2	0.06032	0.03978	0.03348
LINC00852	0.00659	0.0026	0.00339
GHRL	0.0154	0.00335	0.00303
GHRLOS	0.00644	0.00586	0.01106
SEC13	0.13566	0.30269	0.13949
ATP2B2	0.00252	0.09551	0.05692
SLC6A11	0.00055	0.04187	0.01628
SLC6A1	0.00027	0.00208	0.02086
HRH1	0.08047	0.01915	0.0323
ATG7	0.12797	0.05322	0.04113
VGLL4	0.10159	0.16993	0.20862
TAMM41	0.03844	0.06021	0.02791
SYN2	0.00019	0.00048	6e-04
TIMP4	0.00059	0.00271	0.00541
PPARG	0.07426	0.19428	0.07216
TSEN2	0.01232	0.05596	0.03422
MKRN2OS	0.00019	0.00272	0.00229
MKRN2	0.05817	0.05466	0.03642
RAF1	0.17265	0.16021	0.14827
TMEM40	0.00012	0.0033	0.00064
CAND2	0.00073	0.00136	0.0064
RP11-767C1.2	0.00058	0.00039	0.00094
RPL32	3.38657	3.36597	2.54228
IQSEC1	0.13244	0.08259	0.09695
NUP210	0.0872	0.10414	0.07383
HDAC11	0.01399	0.07246	0.04177
FBLN2	0.00187	0.00641	0.02702
WNT7A	0.00107	0.0119	0.0018
TPRXL	0.00033	0.00328	0.0014
CHCHD4	0.03537	0.11834	0.03155
TMEM43	0.10347	0.08825	0.07718
AC093495.4	0.01345	0.00355	0.00951
XPC	0.11475	0.12174	0.08861
LSM3	0.53525	0.71668	0.31988
SLC6A6	0.1718	0.0951	0.09531
GRIP2	0.00099	0	0.00544
CCDC174	0.15323	0.1344	0.08439
FGD5	0.0025	0.01675	0.04544
FGD5-AS1	0.21172	0.18956	0.15365
NR2C2	0.06144	0.05003	0.05792
MRPS25	0.1286	0.36267	0.17191
RBSN	0.0509	0.07102	0.05225
CAPN7	0.10761	0.11217	0.07836
SH3BP5-AS1	0.01378	0.01085	0.01232
SH3BP5	0.32954	0.03767	0.112
METTL6	0.04795	0.09349	0.04267
EAF1	0.18406	0.17492	0.09133
EAF1-AS1	0.00989	0.00687	0.0058
COLQ	0.00665	0.00431	0.00508
HACL1	0.0533	0.13399	0.05656
BTD	0.0308	0.09278	0.04448
ANKRD28	0.26902	0.14988	0.20902
DPH3	0.17626	0.37533	0.11602
OXNAD1	0.13992	0.04031	0.02365
RFTN1	0.11544	0.03213	0.03636
RP11-415F23.2	0.00423	0.00132	0.00147
RP11-415F23.3	0.00064	0.00056	0.00039
RP11-415F23.4	0.00251	0.00092	0.00071
PLCL2	0.05976	0.01168	0.01948
TBC1D5	0.13067	0.0972	0.0722
RP11-320G10.1	0	0.00049	0.00017
SATB1	0.16819	0.06485	0.05988
KCNH8	0.00063	0.00587	0.00717
EFHB	0.00132	0.00171	0.00063
RAB5A	0.22829	0.19185	0.15775
KAT2B	0.09715	0.03943	0.03968
SGOL1	0.03015	0.04422	0.0118
RP11-669C19.1	0.00102	0.00021	0.00102
ZNF385D	0.00118	0.00096	0.04734
UBE2E2-AS1	0.00034	3e-05	0.00115
UBE2E2	0.14047	0.16898	0.11212
UBE2E1-AS1	0	5e-04	0.00062
UBE2E1	0.17087	0.22759	0.11488
NKIRAS1	0.03677	0.04252	0.02946
RPL15	2.72803	2.92319	1.99123
NR1D2	0.14138	0.11301	0.10346
LINC00691	0.00178	0.00033	0.00106
THRB	0.0102	0.07622	0.04609
RP11-317L10.1	0.00059	0.00646	0.00419
RARB	0.00167	0.01477	0.02352
TOP2B	0.2055	0.21618	0.12224
NGLY1	0.16571	0.13819	0.09456
OXSM	0.02967	0.10824	0.0332
NEK10	0.00504	0.00122	0.00506
SLC4A7	0.27246	0.04609	0.12207
RP11-222K16.1	0.00033	0.00062	0.00055
RP11-222K16.2	0.01148	0.00045	0.00216
EOMES	0.03599	0.00081	0.00451
AC098973.2	0.00206	0.08468	0.0192
AC092415.1	0	0.00224	0.00145
CMC1	0.29524	0.44207	0.16126
AZI2	0.17533	0.18798	0.12607
ZCWPW2	0.00361	0.01031	0.00614
RBMS3	0.00201	0.00217	0.11074
TGFBR2	0.25554	0.31791	0.27653
STT3B	0.28263	0.39868	0.23533
OSBPL10	0.01423	0.093	0.06562
OSBPL10-AS1	0.00177	0.00671	0.00764
ZNF860	0.00099	0.00974	0.00728
GPD1L	0.03533	0.02507	0.01825
CMTM8	0.04945	0.44208	0.12117
CMTM7	0.23927	0.12612	0.07422
CMTM6	0.74509	0.48125	0.28622
DYNC1LI1	0.21112	0.27496	0.12359
CNOT10	0.06424	0.07687	0.05928
TRIM71	0.00422	0.10566	0.05442
CCR4	0.02627	0.0013	0.00198
GLB1	0.14371	0.16592	0.10016
TMPPE	0.0072	0.00334	0.00478
CRTAP	0.26991	0.15744	0.18373
SUSD5	3e-05	1e-04	0.01168
FBXL2	0.00161	0.00626	0.00553
UBP1	0.10247	0.11043	0.08978
CLASP2	0.09841	0.06162	0.06828
RP11-10C24.2	0.00086	0.00243	0.00313
RP11-10C24.3	0.00328	0.00724	0.00832
RP11-10C24.1	0.00109	0.00333	0.00146
PDCD6IP	0.3074	0.29172	0.18174
STAC	0.00157	0.00634	0.00188
DCLK3	0.00026	0	0.00343
TRANK1	0.04303	0.01339	0.02808
EPM2AIP1	0.14411	0.13775	0.1583
MLH1	0.06186	0.05819	0.03098
LRRFIP2	0.13052	0.17816	0.13347
RP11-285J16.1	0.00036	0.00135	0.00062
RP11-259K5.2	0.00246	0.00513	0.00289
GOLGA4	0.40639	0.5061	0.44657
C3orf35	0.0013	0.00539	0.00617
ITGA9	0.04485	0.00168	0.01865
CTDSPL	0.04108	0.16922	0.08693
VILL	0.02064	0.06107	0.04442
PLCD1	0.02098	0.01797	0.01626
DLEC1	0.00172	0.00164	0.00212
ACAA1	0.2224	0.29595	0.15605
MYD88	0.14221	0.0631	0.03983
OXSR1	0.16233	0.09387	0.08175
SLC22A14	0.00089	0.00072	0
XYLB	0.00811	0.05161	0.02525
ACVR2B-AS1	0.00023	0.00085	0.00134
ACVR2B	0.02001	0.10601	0.05669
EXOG	0.06306	0.05587	0.06832
SCN11A	0.00022	0.00748	0.00726
WDR48	0.08538	0.0877	0.06611
GORASP1	0.02937	0.03923	0.03565
TTC21A	0.00674	0.00716	0.01022
CSRNP1	0.38123	0.08339	0.13557
XIRP1	0.00033	7e-05	0.00148
CX3CR1	0.03704	0.00191	0.00343
CCR8	0.0086	0.00026	0.00105
SLC25A38	0.06246	0.12249	0.04965
RPSA	2.18321	2.4793	1.56859
MYRIP	0.00028	0.00059	0.00688
EIF1B	0.50521	0.73265	0.36836
ENTPD3-AS1	0.0684	0.10654	0.03906
ENTPD3	0	0.00308	0.00528
RPL14	2.64494	2.73428	1.89448
ZNF619	0.00824	0.00897	0.00442
ZNF620	0.01052	0.03212	0.02035
ZNF621	0.04551	0.05897	0.07138
RP11-520A21.1	0.00071	2e-05	0.00036
CTNNB1	0.41627	0.47382	0.3859
ULK4	0.02898	0.03669	0.02298
TRAK1	0.07907	0.18573	0.16251
CCK	0.00026	0.00222	0.00031
VIPR1	0.00414	0.00744	0.00781
VIPR1-AS1	0.00048	0.00037	0.00037
SEC22C	0.10564	0.07406	0.07105
SS18L2	0.30049	0.35867	0.13264
NKTR	0.45933	0.41712	0.5335
RP4-613B23.1	0.00128	0.00074	0.00104
ZBTB47	0.00531	0.00418	0.00431
CCDC13	0.00351	0.00054	0.00213
RP11-70C1.1	0.00408	0.00037	0.00284
HIGD1A	0.19177	0.44442	0.16438
RP11-70C1.3	3e-05	0.00062	0.00049
ACKR2	0.00074	0.00295	0.00245
KRBOX1	0.00118	0.01938	0.00886
ZNF662	0.00254	0.01057	0.01178
FAM198A	0.00449	0.00468	0.00365
POMGNT2	0.01345	0.035	0.01524
SNRK	0.15236	0.06572	0.14095
RP11-188P20.3	0.00082	0.00179	0.00237
SNRK-AS1	6e-04	0.00046	0.00081
ANO10	0.04692	0.06321	0.0463
ABHD5	0.11317	0.06933	0.0667
RP11-424N24.2	0.00143	0.00975	0.00552
TCAIM	0.07091	0.17709	0.08319
LINC00694	0.00284	0.02695	0.00855
RP11-101C21.4	0	0.00097	0
ZNF445	0.0458	0.11553	0.10149
ZNF852	0.00648	0.0146	0.01107
ZKSCAN7	0.00345	0.00862	0.00892
ZNF660	0.01003	0.00967	0.01698
ZNF197	0.0269	0.04292	0.04149
ZNF35	0.01403	0.00683	0.01452
RP11-348P10.2	0.00085	0.00127	0.00264
ZNF502	0.00627	0.0019	0.00591
ZNF501	0.00599	0.00649	0.00756
KIAA1143	0.13513	0.09251	0.08201
KIF15	0.02739	0.013	0.00659
TMEM42	0.0518	0.15783	0.06845
ZDHHC3	0.103	0.20397	0.10737
EXOSC7	0.08454	0.2525	0.08573
CLEC3B	0.00452	0.00028	0.01968
CDCP1	0.07612	0.06168	0.02932
TMEM158	0.01657	0.01282	0.01987
LARS2	0.01758	0.02755	0.0131
LIMD1	0.09455	0.07714	0.0859
LIMD1-AS1	0.00231	0.00097	0.00053
SACM1L	0.14308	0.09397	0.06747
SLC6A20	0.00112	0.0338	0.02656
LZTFL1	0.02857	0.0604	0.02902
CCR9	0.00359	3e-04	0
FYCO1	0.03424	0.06046	0.04791
CXCR6	0.1172	0.00334	0.01122
CCR3	0.00071	0.00022	0
CCR1	0.34713	0.01464	0.03351
CCR2	0.02752	7e-04	0.00168
RP11-24F11.2	0.00748	0.00185	0.00147
CCR5	0.09	0.00271	0.00766
CCRL2	0.13766	0.01651	0.0217
LTF	0.00166	0.0014	0.03093
RTP3	0	8e-04	0
LRRC2	0.00661	0.00788	0.00567
LRRC2-AS1	0.00031	0.00109	0.00127
TDGF1	0.00014	0.00253	0.00044
ALS2CL	0.00554	0.04554	0.05391
TMIE	9e-04	0.00741	0.00309
PRSS50	0.00041	0.0027	0.00256
PRSS45	0.00018	0.00257	0.00422
PRSS42	0	0.001	0.00261
PTH1R	0.00025	0.00059	0.03621
CCDC12	0.29863	0.30381	0.20242
NBEAL2	0.07917	0.08199	0.09316
SETD2	0.23205	0.2133	0.20586
KIF9-AS1	0.00286	0.00685	0.00431
KIF9	0.02118	0.10544	0.04268
KLHL18	0.09791	0.03698	0.03756
RP11-708J19.1	0.01582	0.01833	0.03064
PTPN23	0.05444	0.09713	0.06077
SCAP	0.03877	0.13404	0.08736
ELP6	0.06745	0.14797	0.07211
CSPG5	0.00066	0.00133	0.00024
SMARCC1	0.16867	0.32805	0.16812
DHX30	0.13156	0.22053	0.1317
MAP4	0.25166	0.27339	0.30663
CDC25A	0.00533	0.01222	0.00836
CAMP	8e-04	0.00267	0.00126
ZNF589	0.01831	0.01596	0.01637
NME6	0.05723	0.14712	0.0508
PLXNB1	0.00849	0.12518	0.12206
CCDC51	0.02234	0.0929	0.03032
TMA7	1.42173	1.39183	0.90176
RP11-24C3.2	5e-04	0.00012	0.00037
SHISA5	0.21884	0.22469	0.16832
PFKFB4	0.02468	0.01821	0.01349
UCN2	0.00016	0.00033	0
COL7A1	0.00265	0.00818	0.01514
UQCRC1	0.29508	0.49679	0.21238
SLC26A6	0.01911	0.04508	0.0344
CELSR3	0.00316	0.01159	0.00803
CELSR3-AS1	8e-05	0.0012	0.00081
RP11-572O6.1	2e-04	0.00092	0.00022
NCKIPSD	0.03401	0.04638	0.03743
IP6K2	0.14161	0.29142	0.20869
PRKAR2A	0.24241	0.26805	0.14131
PRKAR2A-AS1	0.00177	0.0058	0.00635
SLC25A20	0.03421	0.05462	0.02658
ARIH2OS	0.0265	0.02876	0.03192
ARIH2	0.16469	0.19153	0.12845
RP13-131K19.1	0.00166	0.00111	0.00123
RP13-131K19.2	0.00067	0.00053	0.00259
RP13-131K19.7	0.00076	6e-04	8e-04
P4HTM	0.05796	0.05575	0.06042
WDR6	0.11021	0.21979	0.18912
DALRD3	0.06704	0.09586	0.06156
NDUFAF3	0.358	0.69008	0.2906
IMPDH2	0.18276	0.51548	0.23324
RP13-131K19.6	9e-04	0.00161	0.00174
QRICH1	0.09375	0.09401	0.06568
QARS	0.13947	0.26503	0.14013
USP19	0.04302	0.05735	0.04503
LAMB2	0.05193	0.12771	0.2107
CCDC71	0.01865	0.02719	0.01165
KLHDC8B	0.09825	0.16344	0.08853
CCDC36	0.00291	0.00069	0.00717
C3orf62	0.05421	0.0371	0.04084
USP4	0.12026	0.04953	0.05869
GPX1	1.83209	1.46709	0.82284
RHOA	1.35563	0.9355	0.64787
TCTA	0.05833	0.1317	0.06076
AMT	0.02049	0.18115	0.07537
NICN1	0.01946	0.02795	0.02999
DAG1	0.02773	0.18854	0.10471
BSN-AS2	5e-05	0.00118	7e-04
BSN	0.00018	0.00179	0.00279
APEH	0.09959	0.20267	0.08777
MST1	0.0335	0.42245	0.31734
RNF123	0.02288	0.06576	0.04218
GMPPB	0.06534	0.09571	0.04728
IP6K1	0.09036	0.06255	0.06248
CDHR4	2e-04	0.00045	0.00017
FAM212A	0.01251	0.00108	0.02071
UBA7	0.06394	0.02053	0.04708
TRAIP	0.00947	0.00151	0.00346
MST1R	0.00194	0.06095	0.04281
MON1A	0.01979	0.04806	0.02466
RBM6	0.28629	0.21428	0.31767
RBM5	0.27714	0.17453	0.25132
RBM5-AS1	0.01155	0.00177	0.0031
SEMA3F-AS1	0.00244	0.00028	0.00075
SEMA3F	0.00063	0.01255	0.05332
GNAT1	0.00015	0.0016	2e-04
SLC38A3	0.01568	0.33788	0.15192
GNAI2	1.28683	0.30277	0.44065
U73166.2	0.0054	0.0042	0.0112
SEMA3B-AS1	1e-04	0.00243	0.00253
SEMA3B	0.00529	0.06238	0.0571
LSMEM2	0.00027	0.00031	0
IFRD2	0.0619	0.29961	0.13694
HYAL3	0.00845	0.03213	0.01236
NAT6	0.01603	0.03409	0.02418
HYAL1	0.01036	0.28722	0.125
HYAL2	0.04334	0.19652	0.20481
TUSC2	0.14866	0.30169	0.13106
RASSF1	0.14989	0.08568	0.09694
RASSF1-AS1	0.00881	0.01013	0.00361
ZMYND10	0.00205	0.00477	0.00747
NPRL2	0.05292	0.13122	0.06076
CYB561D2	0.12131	0.17767	0.07665
TMEM115	0.06459	0.14503	0.07808
CACNA2D2	0.00387	0.00209	0.00155
C3orf18	0.00992	0.00165	0.00271
HEMK1	0.04243	0.06061	0.057
CISH	0.06478	0.01009	0.0148
MAPKAPK3	0.14516	0.07151	0.0392
RP11-804H8.6	0.01133	0.00133	0.0025
DOCK3	0.00194	0.00043	0
MANF	0.34512	0.75559	0.36925
RBM15B	0.07361	0.09421	0.0544
VPRBP	0.05609	0.05433	0.03874
RAD54L2	0.04345	0.04422	0.04231
TEX264	0.19743	0.29949	0.18237
GRM2	0.00021	0.00011	0.00374
RRP9	0.03597	0.12061	0.0423
PARP3	0.01639	0.03291	0.02064
PCBP4	0.0189	0.08727	0.05056
ABHD14B	0.1562	0.44434	0.1595
ABHD14A	0.08313	0.1709	0.06371
ACY1	0.00574	0.05199	0.01663
RPL29	2.82557	3.21724	2.27121
DUSP7	0.05017	0.02997	0.0279
POC1A	0.0231	0.04849	0.01249
ALAS1	0.13078	0.2432	0.08882
TWF2	0.3377	0.22081	0.13987
RP5-1157M23.2	0.00171	0.00238	0.00108
PPM1M	0.13038	0.01239	0.02511
WDR82	0.27895	0.16547	0.14953
GLYCTK	0.03389	0.25683	0.1039
DNAH1	0.00834	0.00629	0.00665
BAP1	0.0475	0.07453	0.05235
PHF7	0.01223	0.01818	0.01702
SEMA3G	0.00174	0.00504	0.01024
TNNC1	0.00593	0.19506	0.03815
NISCH	0.09042	0.09177	0.10557
STAB1	0.52963	0.04718	0.1474
NT5DC2	0.0385	0.00845	0.09251
SMIM4	0.1827	0.39921	0.14457
PBRM1	0.2851	0.07681	0.13572
GNL3	0.17653	0.28689	0.14141
GLT8D1	0.07358	0.10365	0.07257
SPCS1	0.73534	0.99051	0.51028
NEK4	0.04321	0.03643	0.03576
ITIH1	0.00698	0.17897	0.11348
ITIH3	0.01386	0.25858	0.1914
ITIH4	0.00601	0.07075	0.04743
RP5-966M1.6	0.00019	0.00058	0.00204
MUSTN1	0.00011	0.00012	0.00475
TMEM110-MUSTN1	0.00131	0.00068	0.00048
TMEM110	0.01951	0.0223	0.01039
SFMBT1	0.04472	0.05672	0.03305
RFT1	0.03985	0.14712	0.05
PRKCD	0.11781	0.0659	0.04264
TKT	0.48508	1.11339	0.42991
DCP1A	0.13168	0.11497	0.11206
CACNA1D	0.00102	0.03499	0.03506
RP11-884K10.6	6e-05	0.00083	0.00139
CHDH	0.00438	0.15876	0.10158
IL17RB	0.00274	0.03452	0.02055
RP11-884K10.7	0.00534	0.01379	0.00788
ACTR8	0.04662	0.03828	0.03048
SELK	0.88247	0.63196	0.40576
CACNA2D3	0.03521	0.00139	0.00265
WNT5A	0.00705	0.02702	0.01601
WNT5A-AS1	0.00056	0.00198	0.00131
ERC2	4e-04	0.00154	0.00142
CCDC66	0.15973	0.10601	0.09702
FAM208A	0.19293	0.21781	0.15822
ARHGEF3	0.07499	0.04042	0.04815
SPATA12	0.00199	0.00094	0.00131
RP11-157F20.3	0.00016	0.00274	0.00148
IL17RD	0.00045	0.00477	0.00468
HESX1	0.00655	0.00372	0.0019
APPL1	0.30625	0.2607	0.1564
DNAH12	0.00012	0.00366	0.00145
PDE12	0.11171	0.10605	0.06545
ARF4	0.50633	0.96033	0.46747
ARF4-AS1	0.0067	0.02161	0.01258
DENND6A	0.08773	0.07255	0.07258
RP11-755B10.3	5e-04	0.00066	0.00275
SLMAP	0.0945	0.16681	0.15394
FLNB	0.05943	0.23862	0.16411
DNASE1L3	0.23177	0.01336	0.03874
ABHD6	0.05306	0.03221	0.01758
RPP14	0.05142	0.08046	0.04514
RP11-80H18.3	0.00076	0.00042	0.00017
PXK	0.09721	0.03635	0.03676
PDHB	0.18261	0.3991	0.14618
RP11-802O23.3	0.00288	0.00105	0.00201
RP11-359I18.5	0.00117	0.00603	0.00172
KCTD6	0.03962	0.10426	0.04404
ACOX2	0.01304	0.29305	0.05827
FAM107A	4e-05	1e-04	0.02304
FAM3D	0.00336	0.25167	0.12607
C3orf67	0.00333	0.0237	0.01131
FHIT	0.04115	0.25784	0.09622
PTPRG	0.00195	0.07083	0.13386
C3orf14	0.09548	0.04412	0.03153
CADPS	0.00366	0.0014	0.00075
SNTN	0	0.00161	0.00056
THOC7	0.30638	0.33496	0.1685
ATXN7	0.1994	0.07537	0.1183
SCAANT1	0.00162	0.00104	0.00087
PSMD6-AS2	0.00757	0.00424	0.00523
RP11-245J9.5	0.00029	0.00059	0.00053
PSMD6	0.19561	0.18884	0.1083
RP11-245J9.4	0.00437	0.00102	0.00165
RP11-245J9.6	0.0016	5e-04	0.00046
PRICKLE2-AS1	0	0.00137	0.01249
PRICKLE2	0.00029	0.00347	0.01737
ADAMTS9	0.00049	0.0181	0.1763
ADAMTS9-AS1	0	0	0.00449
ADAMTS9-AS2	0	0.01232	0.03593
MAGI1	0.00223	0.07598	0.1071
SLC25A26	0.11207	0.10356	0.05933
LRIG1	0.03543	0.05562	0.04838
KBTBD8	0.06355	0.00399	0.01557
RP11-85I21.1	4e-05	0.00092	0
SUCLG2	0.17634	0.26459	0.12625
SUCLG2-AS1	0.00203	0.0037	0.00416
FAM19A1	0.00101	0.00011	0
FAM19A4	0.00021	0.00053	0.00029
EOGT	0.04545	0.01897	0.0523
CTD-2013N24.2	0.00061	0.00057	0.00303
TMF1	0.28267	0.16113	0.15286
UBA3	0.12423	0.08834	0.0769
ARL6IP5	0.90029	0.35841	0.29821
LMOD3	0.02646	0.00288	0.00681
FRMD4B	0.48212	0.10475	0.13468
MITF	0.23601	0.03082	0.04028
LINC01212	0.00134	0.00046	0
FOXP1	0.44493	0.27936	0.32191
RP11-154H23.3	0.01172	0.00485	0.00947
EIF4E3	0.05882	0.03653	0.02616
GPR27	0.00292	0.0234	0.00625
PROK2	0.00687	0.00026	0.00153
LINC00877	0.02884	0.002	0.0055
LINC00870	0.00021	0.01077	0.00361
RP11-433A10.3	8e-05	0.00285	0.00408
RYBP	0.26831	0.11325	0.12573
SHQ1	0.02921	0.03605	0.01918
GXYLT2	7e-04	0.00134	0.00348
PPP4R2	0.25115	0.20746	0.13639
EBLN2	0.03209	0.01653	0.02409
PDZRN3	3e-05	0.0015	0.00523
CNTN3	0	0.00329	0.00251
RP11-803B1.8	0.00209	0.00442	0.00324
LINC00960	0.00069	0.00507	0.00605
ZNF717	0.01697	0.0426	0.02267
ROBO2	0.00016	0.0073	0.00297
ROBO1	0.00525	0.15793	0.13107
RP11-47P18.1	5e-05	0.00047	0.00045
RP11-47P18.2	0.00033	0.00546	0.00116
RP11-6B4.1	6e-04	0.02179	0.00835
GBE1	0.13024	0.2632	0.11956
CADM2	0.00171	0.0296	0.01188
VGLL3	4e-05	0.00238	0.01061
LINC00506	0.00011	0.00063	0
CHMP2B	0.28667	0.45784	0.19457
RP11-451B8.1	0	0.0032	0.00152
HTR1F	0.00019	0.00017	0.00494
CGGBP1	0.26061	0.28782	0.21232
RP11-159G9.5	0.01282	0.01201	0.01284
ZNF654	0.09203	0.05246	0.0477
C3orf38	0.14045	0.11535	0.07914
EPHA3	0	0.00064	0.03474
PROS1	0.04769	0.63934	0.33023
ARL13B	0.04816	0.0438	0.04273
STX19	0.00073	0.03746	0.03287
DHFRL1	0.01549	0.02854	0.02119
NSUN3	0.05461	0.06056	0.04515
MTRNR2L12	0.01159	0.02944	0.06348
EPHA6	0.00017	0.00259	0.00282
ARL6	0.0095	0.02889	0.0143
CRYBG3	0.08182	0.06884	0.13398
MINA	0.04401	0.33723	0.13675
GABRR3	0.00025	0.01119	0.00401
CLDND1	0.30971	0.22915	0.18097
CPOX	0.05729	0.09259	0.04889
ST3GAL6-AS1	0.00548	0.00635	0.00275
ST3GAL6	0.12275	0.10329	0.06189
DCBLD2	0.01234	0.09746	0.11332
COL8A1	6e-05	0.00029	0.01275
RP11-383I23.2	1e-04	0.00204	0.00341
CMSS1	0.10339	0.34561	0.11683
FILIP1L	0.07478	0.04742	0.21703
TBC1D23	0.09609	0.10809	0.08196
NIT2	0.13926	0.45432	0.15569
TOMM70A	0.11468	0.24157	0.11538
LNP1	0.00352	0.01915	0.0118
TMEM45A	0.03628	0.43267	0.16999
ADGRG7	0.00016	0.00467	9e-04
TFG	0.22057	0.60804	0.2781
ABI3BP	0.00022	0.00222	0.01022
IMPG2	0.00114	0.00385	0.00732
SENP7	0.15044	0.10191	0.11816
TRMT10C	0.16513	0.33801	0.13531
PCNP	0.35842	0.46906	0.27568
ZBTB11	0.12697	0.09027	0.07973
ZBTB11-AS1	0.01543	0.02902	0.02084
RPL24	2.49525	2.76152	1.84226
CEP97	0.03613	0.049	0.04763
NXPE3	0.05594	0.00965	0.02889
NFKBIZ	0.71047	0.36666	0.46217
RP11-221J22.2	0.00064	0.00386	0.00082
ZPLD1	2e-04	0.00866	0.00634
RP11-280H21.1	0	0.00044	0
ALCAM	0.27909	0.40283	0.22603
CBLB	0.2338	0.10692	0.14867
LINC00882	5e-05	0.00052	0.00596
DUBR	0.00172	0.00687	0.01311
RP11-115H18.1	0.00014	0.00053	0.00106
BBX	0.31434	0.42534	0.32014
LINC00636	0.00125	0.00048	0.00048
CD47	0.46731	0.4096	0.24904
LINC01215	0.0086	0.00025	0.00108
IFT57	0.07253	0.14948	0.08466
HHLA2	0.00066	0.01926	0.0112
KIAA1524	0.04363	0.03901	0.01808
DZIP3	0.06673	0.10546	0.07555
TRAT1	0.16469	0.00743	0.01622
MORC1	0.00052	7e-05	0
PVRL3-AS1	6e-05	0.00176	4e-04
PVRL3	0.03768	0.12649	0.06938
CD96	0.27474	0.0158	0.02712
ZBED2	0.01575	0.003	0.00143
PLCXD2	0.00493	0.12875	0.02586
PHLDB2	0.01451	0.07904	0.09877
ABHD10	0.07528	0.12695	0.0619
TMPRSS7	0	0.00127	0.0017
C3orf52	0.00281	0.04127	0.03499
GCSAM	0.01966	0.00058	0.00157
RP11-757F18.5	9e-04	0.01785	0.01614
SLC9C1	1e-04	7e-04	0.00027
CD200	0.01086	0.00137	0.04884
RP11-231E6.1	0.00012	0.00131	0.00048
BTLA	0.02767	0.00091	0.00256
ATG3	0.37546	0.25209	0.13781
SLC35A5	0.06218	0.07083	0.04517
CCDC80	0.007	0.0133	0.1248
RP11-572C15.5	0.00155	0	0.00101
CD200R1	0.09151	0.00405	0.01289
RP11-484K9.4	0.00227	0.00272	0.00501
GTPBP8	0.0881	0.10703	0.0443
C3orf17	0.11784	0.14972	0.09596
BOC	0	0.00025	0.01642
CFAP44	0.0053	0.03347	0.04101
SPICE1	0.03185	0.06468	0.06997
SIDT1	0.03041	0.00898	0.01481
SIDT1-AS1	0.00249	0.00029	0.00021
USF3	0.08664	0.1307	0.09236
NAA50	0.357	0.35458	0.17414
RP11-271C24.2	0.00036	0.00016	0.00176
ATP6V1A	0.35872	0.22206	0.11594
GRAMD1C	0.00246	0.035	0.0214
RP11-255E6.6	1e-04	0.00097	0.00206
ZDHHC23	0.01121	0.05126	0.04903
CCDC191	0.01427	0.03379	0.03127
QTRTD1	0.06291	0.08652	0.05413
RP11-553L6.2	0.02839	0.00103	0.00265
ZNF80	0.00654	4e-04	0.00088
TIGIT	0.26692	0.01578	0.0278
RP11-553L6.5	0.03244	0.07591	0.07646
ZBTB20	0.11868	0.24202	0.271
ZBTB20-AS1	0.00092	0.00015	0.00063
RP11-197K3.1	4e-05	0.00031	0.00191
ZBTB20-AS2	0.01833	0.02172	0.0291
ZBTB20-AS4	0.00126	0.00119	0.00029
GAP43	0.00032	0.01136	0.00518
LSAMP	9e-05	0.00338	0.00378
LSAMP-AS1	0.00036	0.01278	0.00105
IGSF11	0.00017	0.01064	0.00434
UPK1B	0.00374	0.25789	0.08504
B4GALT4	0.05471	0.25572	0.16615
ARHGAP31	0.05646	0.00658	0.03628
TMEM39A	0.06158	0.13714	0.08329
POGLUT1	0.06913	0.10452	0.07748
RP11-190C22.8	0.00127	0.0048	0.00507
TIMMDC1	0.14212	0.39718	0.15769
CD80	0.07895	0.00368	0.00735
RP11-190C22.9	0.02029	0.00069	0.00412
ADPRH	0.05463	0.00574	0.01601
PLA1A	0.0166	0.14035	0.05075
POPDC2	0.00615	0.0036	0.01631
COX17	0.6306	0.84947	0.44452
MAATS1	0.00122	0.005	0.00624
NR1I2	0.00041	0.01345	0.01027
GSK3B	0.11705	0.16489	0.1085
RP11-18H7.1	0.00434	0.01078	0.01331
LRRC58	0.2165	0.19386	0.13381
RP11-174O3.6	6e-05	0.00308	0.00032
FSTL1	0.00252	0.04247	0.17232
NDUFB4	0.64634	1.30128	0.60305
HGD	0.01239	0.36571	0.10639
RABL3	0.06322	0.10672	0.04456
GTF2E1	0.03928	0.04479	0.02508
POLQ	0.01875	0.01229	0.01072
FBXO40	0.00095	7e-05	0
HCLS1	0.65249	0.02944	0.10061
GOLGB1	0.38828	0.50852	0.4806
IQCB1	0.06363	0.09187	0.05721
EAF2	0.07462	0.04511	0.02013
SLC15A2	0.01633	0.02499	0.01601
ILDR1	0.00112	0.04258	0.02023
CD86	0.38716	0.01443	0.04257
CASR	0.00045	0.00065	0.00132
CSTA	0.26389	0.66834	0.18523
CCDC58	0.06777	0.33725	0.10682
FAM162A	0.34319	0.73968	0.26182
WDR5B	0.01521	0.04137	0.03967
RP11-299J3.8	0.0132	0.02225	0.01339
KPNA1	0.15276	0.143	0.11131
PARP9	0.16935	0.24006	0.16569
DTX3L	0.15573	0.21086	0.11959
PARP15	0.06691	0.00994	0.01309
PARP14	0.4365	0.30819	0.34684
HSPBAP1	0.06655	0.04341	0.03739
DIRC2	0.06511	0.08044	0.03978
RP11-67L2.2	0.01695	0.01865	0.01606
SEMA5B	0.00048	0.00073	0.03623
PDIA5	0.01296	0.14317	0.10216
SEC22A	0.04467	0.11287	0.04832
RP11-797D24.3	0.00014	0.00049	6e-04
ADCY5	0.00036	0.00897	0.01635
RP11-797D24.4	4e-04	0.00119	0
HACD2	0.11187	0.36651	0.17141
MYLK-AS1	0.00255	0.00873	0.00679
MYLK	0.00357	0.04919	0.15035
CCDC14	0.12086	0.18292	0.22657
ROPN1	0	0.00223	0
KALRN	0.00265	0.06958	0.06997
UMPS	0.06459	0.21223	0.07741
ITGB5	0.18421	0.37913	0.25163
MUC13	0.00563	0.26692	0.16811
HEG1	0.04442	0.02995	0.1055
SLC12A8	0.00779	0.07979	0.04002
ZNF148	0.22785	0.3001	0.19657
SNX4	0.13455	0.20032	0.10235
OSBPL11	0.16418	0.05924	0.05745
RP11-379B18.6	0	0.00068	0
RP11-666A20.4	0.00014	0.00204	0.00272
ALG1L	0.0032	0.0838	0.01527
SLC41A3	0.04637	0.10082	0.06785
ALDH1L1	0.00654	0.13792	0.07571
KLF15	0.00109	0.02212	0.01217
ZXDC	0.0353	0.07129	0.05682
UROC1	0.00107	0.03875	0.01266
CHST13	0.06131	0.33149	0.12284
TXNRD3	0.00958	0.03809	0.02264
CHCHD6	0.05986	0.09773	0.04114
PLXNA1	0.03582	0.03436	0.0435
RP11-153F10.2	0.00076	0.00045	0.00033
TPRA1	0.06759	0.07464	0.05478
MCM2	0.02802	0.0378	0.01476
PODXL2	0.00507	0.05544	0.03002
ABTB1	0.11689	0.10213	0.10747
MGLL	0.18132	0.54892	0.31849
KBTBD12	0.00102	0.03911	0.04426
SEC61A1	0.17151	0.41095	0.27458
RUVBL1	0.098	0.20298	0.08598
EEFSEC	0.0481	0.06657	0.03481
GATA2	0.02006	0.00398	0.01879
GATA2-AS1	0.00012	0.00505	0.00721
RPN1	0.3281	0.60732	0.33077
RAB7A	0.56828	0.67414	0.33835
RP11-723O4.9	4e-04	0.00235	0.00265
ACAD9	0.04494	0.0842	0.04852
KIAA1257	0.00064	0.00558	0.00479
EFCC1	0.00041	0.00187	0.00558
RAB43	0.00118	0.00181	0.00083
RP11-434H6.6	0.00132	0.00143	0.00095
ISY1	0.10337	0.09125	0.06961
RP11-434H6.7	0.01125	0.01983	0.01393
CNBP	0.75826	1.08702	0.53233
COPG1	0.09173	0.25699	0.11706
HMCES	0.10384	0.12793	0.07735
H1FX	0.62989	0.28687	0.35579
H1FX-AS1	0.00325	0.00484	0.00687
EFCAB12	0.00111	0.00769	0.00644
MBD4	0.20392	0.25593	0.16646
IFT122	0.01864	0.03836	0.03406
PLXND1	0.17086	0.04288	0.15167
TMCC1	0.07062	0.43062	0.14537
TMCC1-AS1	0.00829	0.04086	0.01263
TRH	0.00333	3e-05	0.00111
ALG1L2	0.00034	0.00252	0.00339
RP11-77P16.4	0.00101	0.0047	0.00426
PIK3R4	0.03116	0.05592	0.0411
ATP2C1	0.1261	0.19288	0.12583
ASTE1	0.0389	0.03292	0.02711
NEK11	0.00786	0.0236	0.01825
NUDT16	0.11387	0.207	0.09308
MRPL3	0.18829	0.48008	0.15923
RP11-517B11.4	0.00089	0.00103	0.00042
CPNE4	0.00012	0.00459	0.00212
ACPP	0.01105	0.00926	0.00404
DNAJC13	0.13964	0.11986	0.08793
ACAD11	0.00695	0.02214	0.01653
NPHP3-ACAD11	0.00402	0.00494	0.0033
ACKR4	0.00306	0.0186	0.00805
UBA5	0.09027	0.21593	0.11867
NPHP3	0.0587	0.07903	0.09509
NPHP3-AS1	0.00011	0.00056	0.00055
TMEM108	0.00067	6e-05	0.00726
BFSP2	0.00696	0.00084	0.00039
BFSP2-AS1	0.00077	4e-05	6e-04
RP11-91K8.5	2e-04	0.00192	0.00078
CDV3	0.81651	0.60757	0.3491
TOPBP1	0.09088	0.12412	0.07553
TF	0.30969	1.93258	1.18726
SRPRB	0.12566	0.45331	0.1821
RAB6B	0.00637	0.00873	0.05225
SLCO2A1	0.00056	0.00836	0.07861
RYK	0.12379	0.20895	0.17547
RP11-200A1.1	0	0.00086	0
RP11-375I20.6	0	0.00107	0.00037
AMOTL2	0.00135	0.05286	0.03872
ANAPC13	0.13898	0.3247	0.12316
CEP63	0.09066	0.11723	0.07726
EPHB1	0.00088	0.00654	0.00482
PPP2R3A	0.00798	0.06413	0.05167
RP11-305O4.3	0.00062	0.00072	9e-04
MSL2	0.09981	0.07568	0.07124
PCCB	0.05314	0.21725	0.05198
STAG1	0.15608	0.15306	0.1451
RP11-102M11.2	0.00222	0.00178	0.00496
SLC35G2	0.00884	0.03736	0.03506
RP11-731C17.2	0.00899	0.00763	0.00991
NCK1-AS1	0.05501	0.03108	0.02766
NCK1	0.26004	0.19639	0.15875
IL20RB	0.00248	0.0055	0.00447
CLDN18	0.00377	0.16306	0.08301
RP11-461M2.2	0.00034	4e-04	0.00075
DZIP1L	0.0125	0.01454	0.01331
A4GNT	0.00043	0.00785	0.00338
DBR1	0.07747	0.08678	0.03736
ARMC8	0.11662	0.13614	0.1163
NME9	0.00053	0.00089	0.00173
MRAS	0.08116	0.02109	0.02588
ESYT3	0.00055	0.01067	0.0099
CEP70	0.01429	0.12702	0.0632
FAIM	0.03994	0.25632	0.08048
PIK3CB	0.1312	0.16306	0.08029
FOXL2	0.00041	0.00043	0.00072
MRPS22	0.12046	0.23349	0.08805
PISRT1	9e-05	0.00025	0.00077
RP11-219D15.3	0.00021	0.00087	0.00032
COPB2	0.22577	0.53278	0.2328
RP11-319G6.1	0.00267	0.00648	0.00923
RBP2	0	0.00386	0.00022
RBP1	0.01465	0.00801	0.22905
NMNAT3	0.00617	0.01933	0.00632
SLC25A36	0.21511	0.27483	0.24264
SPSB4	0.00031	0.00042	0
PXYLP1	0.00704	0.03301	0.03519
ZBTB38	0.2407	0.30521	0.27332
RASA2	0.16794	0.08911	0.10123
RNF7	0.41595	0.86109	0.41088
ATP1B3	0.76724	0.41114	0.3889
ATP1B3-AS1	0.00139	0.00016	0.00018
TFDP2	0.08444	0.14719	0.10382
GK5	0.04546	0.10423	0.09094
XRN1	0.23967	0.22099	0.15559
ATR	0.05643	0.09914	0.07273
PLS1	0.00849	0.30276	0.10968
TRPC1	0.00215	0.02438	0.02252
PCOLCE2	0.0182	0.177	0.06553
RP11-372E1.4	0.00011	0.00559	0.0015
PAQR9	0.00735	0.26201	0.0598
PAQR9-AS1	0.00475	0.22756	0.06381
U2SURP	0.3979	0.59838	0.37118
RP11-91G21.1	0.00756	0.04893	0.02185
CHST2	0.07076	0.00362	0.03397
SLC9A9	0.18674	0.00639	0.02904
C3orf58	0.13164	0.07647	0.07413
RP11-274H2.3	0	0.00438	0.00344
PLOD2	0.02867	0.48171	0.30317
PLSCR4	0.0033	0.10315	0.10619
PLSCR2	6e-04	0.00678	0.00573
PLSCR1	0.36282	0.4006	0.31506
RP11-649A16.1	0	0.00131	9e-04
ZIC4	0.00192	0.06421	0.01704
ZIC1	0.00118	0.03429	0.01948
AGTR1	0.00987	0.28377	0.11691
CPB1	0.00018	0.00039	0.00029
CPA3	0.03201	0.00329	0.00788
GYG1	0.21435	0.19412	0.09155
HLTF	0.0928	0.32185	0.12187
HPS3	0.17487	0.15831	0.10242
CP	0.1052	1.79495	0.97115
RP11-206M11.7	0	0.00137	0.00027
TM4SF18	0.00302	0.31603	0.14947
TM4SF1	0.06065	1.33212	0.83941
TM4SF1-AS1	0.00044	0.06068	0.05022
RP11-278L15.2	2e-05	0.00101	0.00031
TM4SF4	0.03257	0.78926	0.33377
WWTR1	0.01852	0.43872	0.3159
WWTR1-AS1	0.00011	0.00195	0.00259
COMMD2	0.1829	0.28825	0.16954
ANKUB1	7e-04	0	0
RNF13	0.50599	0.45225	0.24207
PFN2	0.00829	0.16783	0.07323
LINC01214	4e-05	0.00659	0.00176
TSC22D2	0.22008	0.17705	0.1845
SERP1	1.05675	1.21445	0.61909
EIF2A	0.28678	0.47897	0.27346
SELT	0.64257	0.6583	0.31433
ERICH6	4e-04	0.00025	2e-04
ERICH6-AS1	0.00692	0.01828	0.00368
SIAH2	0.20898	0.16116	0.11037
SIAH2-AS1	0.00084	2e-04	0.00015
MED12L	0.00331	0.00267	0.00121
GPR171	0.14714	0.00563	0.01508
P2RY14	0.01128	0.00046	0.0232
GPR87	1e-04	0.01383	0.00301
P2RY13	0.12747	0.00478	0.01202
P2RY12	0.00299	9e-05	0.00011
IGSF10	0.01393	0.00371	0.00452
RP11-64D22.5	2e-05	0.00271	0.0027
AADAC	0.01697	0.69641	0.28154
SUCNR1	0.12756	0.11682	0.05681
RP11-246A10.1	0.00061	0.00146	0.00078
MBNL1	0.95582	0.59922	0.61815
MBNL1-AS1	0.01886	0.00936	0.01434
P2RY1	0.02194	0.02245	0.02412
RAP2B	0.53639	0.21483	0.21168
RP11-292E2.1	0.00102	0.00059	0.00083
ARHGEF26	0.00913	0.03465	0.0192
DHX36	0.40989	0.48672	0.329
MME	0.00264	0.00168	0.00867
PLCH1	0.00067	0.03355	0.02483
C3orf33	0.0108	0.07458	0.02291
SLC33A1	0.08886	0.27648	0.1424
GMPS	0.13222	0.26715	0.10154
KCNAB1	0.00185	0.00114	0.01465
RP11-305K5.1	0.00228	0.01695	0.00415
SSR3	0.71197	1.24665	0.59571
TIPARP-AS1	0.02196	0.13483	0.0396
TIPARP	0.38784	0.18767	0.1753
LINC00886	0.00115	0.00501	0.00228
LEKR1	0.00574	0.01146	0.01047
LINC00880	0.00128	0.00083	0.00103
RP11-6F2.5	0.00586	0.00248	0.01248
LINC00881	0.00194	0.00062	0.00021
CCNL1	0.90705	0.51974	0.69612
VEPH1	0.00028	0.01668	0.0074
PTX3	0.04211	0.00342	0.00546
PQLC2L	0.00028	0.02015	0.00302
SHOX2	0.00246	0.012	0.01099
RSRC1	0.19156	0.30204	0.18078
RP11-538P18.2	0.02528	0.04341	0.01793
MLF1	0.0469	0.0877	0.06908
GFM1	0.10896	0.21546	0.11016
LXN	0.04812	0.09973	0.05249
RP11-379F4.7	0.00043	0.00018	0.00014
RP11-379F4.6	0.00046	0.00198	0.00088
RARRES1	0.07533	0.03007	0.03104
MFSD1	0.62291	0.28905	0.20611
RP11-379F4.4	0.0059	0.01118	0.00915
RP11-379F4.9	0.00665	0.00218	0.00334
IQCJ-SCHIP1	0.00141	0.00456	0.00992
SCHIP1	5e-05	0.00345	0.01686
IL12A	0.00253	0.003	0.00311
C3orf80	0.00029	0.00071	0.00523
RP11-432B6.3	5e-05	6e-04	0.00022
IFT80	0.04123	0.13536	0.09966
SMC4	0.24066	0.3339	0.18586
TRIM59	0.04065	0.04744	0.03179
KPNA4	0.37968	0.37114	0.28523
ARL14	0.01434	0.40878	0.29657
RP11-16N11.2	0.00332	0.00528	0.02094
PPM1L	0.02698	0.09376	0.05801
B3GALNT1	0.02375	0.02878	0.02357
NMD3	0.13029	0.32434	0.17719
SPTSSB	0.00432	0.25122	0.10499
RP11-3P17.4	0	0.00086	0.0014
SI	0.00074	0.01026	0.00726
LINC01322	0.00066	0.0126	0.00437
BCHE	0.07326	1.16097	0.38508
WDR49	0.00095	0.00017	0.00024
PDCD10	0.41618	0.59054	0.274
SERPINI1	0.01309	0.13951	0.10791
GOLIM4	0.14497	0.50902	0.29938
RP11-368I23.2	0	0.00121	0.00197
RP11-368I23.3	0	0.00053	0.00036
RP11-368I23.4	4e-05	0.00049	0
MECOM	0.00201	0.21061	0.12926
TERC	0.00145	0.00325	0.0085
ACTRT3	0.02523	0.02258	0.0081
RP11-816J6.3	0.00171	0.0077	0.00705
MYNN	0.07191	0.14675	0.0817
RP11-362K14.5	0.00055	0.00043	0.00034
LRRC34	0.00601	0.0028	0.00414
RP11-362K14.7	0.0012	0.00188	0.00146
RP11-362K14.6	0.00239	0.0049	0.00265
LRRC31	0.0026	0.06834	0.03831
SAMD7	0.00093	0.03686	0.02126
RP11-379K17.4	0.00097	0.00044	0.00121
SEC62	0.81056	1.49766	0.8485
SEC62-AS1	0.00065	0.00057	0.00027
GPR160	0.08359	0.30736	0.09861
PHC3	0.18425	0.24406	0.23754
RP11-379K17.12	0.00473	0.01263	0.00753
PRKCI	0.07883	0.40856	0.19983
SKIL	0.42203	0.50544	0.46743
CLDN11	0.00086	0.00335	0.00932
RPL22L1	0.75509	2.51515	1.08797
EIF5A2	0.04451	0.0837	0.03273
SLC2A2	0.00032	0.0426	0.01899
TNIK	0.08414	0.14504	0.08419
RP11-185E8.1	0.00015	0.001	0.00144
PLD1	0.07022	0.27314	0.13807
FNDC3B	0.30191	0.77902	0.53258
TNFSF10	0.18031	0.3044	0.20643
RP11-408H1.3	0.00076	0.00286	0.00175
NCEH1	0.2124	0.18657	0.08702
ECT2	0.0479	0.20116	0.07173
NLGN1	9e-05	0.00085	0.003
NAALADL2	0.00305	0.12818	0.09013
LINC01208	0	0.0019	0.00055
TBL1XR1	0.38006	0.58132	0.42362
LINC00501	0.00136	0.04302	0.01455
RP11-114M1.1	0.00028	0.00398	0.00052
KCCAT211	0.00092	0.04034	0.02738
RP11-2L8.1	0	0.00061	5e-04
KCNMB2-AS1	0.00552	0.17235	0.03809
ZMAT3	0.12002	0.16675	0.15745
PIK3CA	0.11675	0.13386	0.11607
KCNMB3	0.00975	0.13584	0.08341
ZNF639	0.07161	0.17219	0.08084
RP11-255C15.3	0.00024	0.00098	0.00149
MFN1	0.07476	0.2251	0.12188
GNB4	0.26579	0.01963	0.10391
AC007620.3	0.00501	0.0031	0.00367
RP11-145M9.5	0.00031	0.00075	0.00037
ACTL6A	0.1246	0.3657	0.12344
RP11-15L13.4	0.00044	0.00045	0.00128
MRPL47	0.30859	0.74595	0.2423
NDUFB5	0.44923	1.02839	0.37277
USP13	0.02266	0.06149	0.03689
RP11-494H4.3	0.00017	0.0012	0.00176
TTC14	0.24506	0.35991	0.38783
CCDC39	4e-04	0.00043	0.00177
FXR1	0.39507	0.72204	0.3864
DNAJC19	0.19638	0.74217	0.2704
SOX2	0.00021	0.00091	0.00358
RP11-646E18.4	7e-05	0.00051	0.00112
ATP11B	0.13161	0.16401	0.1178
RP11-531F16.4	0.00086	0.00311	0.00141
DCUN1D1	0.17131	0.36631	0.17906
MCCC1	0.03639	0.11126	0.05406
LAMP3	0.00888	0.01534	0.01033
MCF2L2	0.02219	0.00424	0.00434
B3GNT5	0.12665	0.15154	0.10195
KLHL6	0.14256	0.00455	0.01963
KLHL6-AS1	0.00156	0.02663	0.00581
KLHL24	0.21854	0.28807	0.24013
YEATS2	0.0752	0.09381	0.0926
YEATS2-AS1	0.00116	0.00046	0.0012
MAP6D1	0.00285	0.00215	0.0016
PARL	0.20458	0.35484	0.12382
ABCC5	0.18502	0.13365	0.10987
RP11-778D9.13	0.00028	0.00448	0.00051
RP11-778D9.12	0.00117	0.00876	0.00406
EIF2B5	0.0978	0.23806	0.14359
DVL3	0.09458	0.23052	0.17674
AP2M1	0.4944	0.72843	0.42734
ABCF3	0.04878	0.11258	0.05897
VWA5B2	0.00042	0.00204	0.00093
ALG3	0.11954	0.74609	0.24901
ECE2	0.02505	0.31256	0.06417
CAMK2N2	0.00271	0.01017	0.00453
PSMD2	0.25482	0.56919	0.21456
EIF4G1	0.22266	0.57172	0.29987
FAM131A	0.03147	0.04531	0.05244
CLCN2	0.00289	0.01319	0.00984
POLR2H	0.1924	0.89074	0.33996
THPO	0.00367	0.12396	0.02899
CHRD	0.0073	0.06535	0.08591
EPHB3	0.01611	0.11068	0.05148
MAGEF1	0.05665	0.5404	0.19253
RP11-329B9.4	0.00022	0.0038	0.00105
RP11-329B9.3	4e-05	9e-04	0.00019
RP11-329B9.5	7e-05	0.00068	0.00048
RP11-329B9.1	0.00121	2e-05	0
VPS8	0.10792	0.12906	0.11585
C3orf70	0.00027	0.00051	0.02875
EHHADH	0.01692	0.27468	0.0815
MAP3K13	0.20372	0.61435	0.35459
TMEM41A	0.05935	0.22382	0.10745
LIPH	0.00448	0.29835	0.26053
SENP2	0.05278	0.14282	0.07371
IGF2BP2	0.02465	0.4722	0.29405
IGF2BP2-AS1	0	0.00051	0
TRA2B	0.8535	0.61319	0.65729
ETV5	0.2109	0.24253	0.09196
DGKG	0.00761	0.04469	0.0333
CRYGS	0.00417	0.01113	0.01575
TBCCD1	0.0209	0.05173	0.02807
DNAJB11	0.28603	0.71543	0.36797
RP11-573D15.8	0.00182	0.01428	0.0099
AHSG	0.39838	2.06615	1.15699
FETUB	0.00052	0.01667	0.01039
HRG	0.03662	0.64655	0.29417
KNG1	0.02414	0.69377	0.31584
RP11-573D15.9	0.01227	0.00916	0.01461
EIF4A2	1.08349	1.39827	1.10798
RFC4	0.04942	0.16642	0.05102
RP11-573D15.2	0.00102	0.00089	0.00173
ST6GAL1	0.12559	0.57387	0.29967
RPL39L	0.08546	0.11127	0.05093
MASP1	0.01302	0.36657	0.17277
RTP4	0.02441	0.05879	0.03016
RP11-567G11.1	4e-05	0.00409	0.00134
BCL6	0.11857	0.11996	0.11249
RP11-211G3.2	0.00192	0.00035	0.00196
RP11-132N15.1	0	6e-04	0
RP11-132N15.2	7e-05	0.0035	0.00145
LPP-AS2	0.00796	0.01346	0.01385
LPP	0.37206	0.65647	0.54399
TPRG1-AS1	0.00184	0.00184	0.00056
TPRG1	0.03289	0.04773	0.03127
TP63	0.00083	0.00957	0.00602
P3H2	0.01448	0.00581	0.01443
CLDN1	0.05393	1.07003	0.47832
CLDN16	0.00068	0.0151	0.00791
IL1RAP	0.0764	0.32966	0.16757
GMNC	4e-05	0.00493	0.00239
OSTN	0.00041	0.00216	0.00232
OSTN-AS1	0.00116	8e-05	0
UTS2B	0.00109	0.01101	0.00201
CCDC50	0.30436	0.64828	0.42489
FGF12	0.00072	0.02625	0.00787
MB21D2	0.0436	0.00894	0.01643
HRASLS	0.00111	0.04486	0.00769
ATP13A4	0.00066	0.00962	0.00797
OPA1	0.11899	0.22875	0.12441
RP11-528A4.2	0.00013	0.00064	0.00056
RP11-699L21.1	1e-04	0.00099	0.00052
RP11-135A1.2	0.00051	0.00658	0.00539
HES1	0.26354	0.32057	0.52265
RP11-513G11.4	0	0.00062	0
LINC00887	0.00215	0.00218	0.00256
CPN2	0.00252	0.09593	0.03514
GP5	0.00014	0.00035	0
ATP13A3	0.28655	0.35786	0.18701
LINC00884	0.01184	0.05964	0.03182
TMEM44-AS1	0.01247	0.06331	0.02488
TMEM44	0.00817	0.07646	0.09707
AC046143.3	0.00163	0.00954	0.00387
RP11-534C12.1	0.00036	5e-04	0
LSG1	0.07078	0.18338	0.1094
FAM43A	0.06132	0.0239	0.05243
XXYLT1	0.03601	0.03828	0.03168
XXYLT1-AS2	0.00198	0.00542	0.00448
ACAP2	0.37274	0.3643	0.27271
PPP1R2	0.57154	0.36082	0.25801
AC091633.3	0.0014	4e-04	0.00126
APOD	0.00077	0.00116	0.04903
AC069513.4	0.00281	0.00956	0.01629
LINC00969	0.1135	0.35547	0.37833
MUC20	0.00297	0.05635	0.07154
MUC4	0.00161	0.01815	0.03364
TNK2	0.06432	0.05761	0.07703
TNK2-AS1	0.00257	0.00016	0.00019
AC124944.3	0.00066	9e-05	0.00103
RP11-352G9.1	0.00032	0.00738	0.00452
RP11-480A16.1	0.00525	0.02952	0.03472
TFRC	0.44248	0.59795	0.35594
LINC00885	0.00035	0.00169	0.00279
ZDHHC19	0.00555	0.05078	0.01717
SLC51A	0.00304	0.04894	0.02061
PCYT1A	0.13779	0.15877	0.11414
TCTEX1D2	0.03311	0.07309	0.02849
TM4SF19-TCTEX1D2	0.00168	0.00051	0.00069
TM4SF19-AS1	0.00225	0.00851	0.00436
TM4SF19	0.03288	0.00075	0.00281
UBXN7	0.14959	0.22472	0.18554
RNF168	0.19273	0.16136	0.13489
WDR53	0.02335	0.03193	0.01591
FBXO45	0.07833	0.13404	0.05745
LINC01063	0.00295	0.00767	0.0023
NRROS	0.03889	0.0016	0.00315
PIGX	0.09722	0.21242	0.09154
CEP19	0.02019	0.01908	0.00615
PAK2	0.76485	0.63955	0.35968
SENP5	0.0883	0.17709	0.12688
NCBP2	0.22925	0.56127	0.28178
NCBP2-AS1	0.00083	0.00028	0.00054
NCBP2-AS2	0.1018	0.39783	0.14095
PIGZ	0.01222	0.10379	0.05095
MFI2	0.0303	0.18017	0.09258
MFI2-AS1	0.00518	0.02139	0.01218
DLG1	0.11689	0.3147	0.23221
RP13-616I3.1	0.00024	0.00105	0
BDH1	0.01062	0.07571	0.03575
RP11-496H1.2	0.00024	6e-04	0.00081
AC024560.2	0.00101	0.01154	0.00958
RUBCN	0.07282	0.05042	0.03657
FYTTD1	0.25342	0.26554	0.17335
RP11-803P9.1	0.00112	0.00126	0.00076
LRCH3	0.09401	0.16172	0.15884
IQCG	0.05083	0.04789	0.03889
RPL35A	2.77061	3.52772	2.45841
LMLN	0.0203	0.03833	0.03584
ZNF595	0.01034	0.03891	0.02934
ZNF718	0.00935	0.0115	0.01388
ZNF732	0.00015	0.00316	0.00402
ZNF141	0.06623	0.03989	0.06028
RP11-2H3.6	0.00011	0.00089	0.00074
ZNF721	0.11497	0.15476	0.13613
PIGG	0.0452	0.08233	0.06516
PDE6B	0.01925	0.00501	0.00415
RP11-1191J2.5	0.00254	0.00082	0.00184
ATP5I	1.11868	1.55831	0.94715
MYL5	0.04378	0.04744	0.02474
MFSD7	0.06152	0.02418	0.02693
PCGF3	0.06301	0.11591	0.12876
RP11-440L14.4	0.00326	0.00875	0.00447
RP11-440L14.1	0.01803	0.05276	0.03979
CPLX1	0.00304	0.02304	0.05436
GAK	0.17009	0.17183	0.1872
TMEM175	0.05875	0.07452	0.05757
DGKQ	0.02131	0.02905	0.02325
SLC26A1	0.00146	0.02141	0.00739
IDUA	0.02554	0.02686	0.0404
FGFRL1	0.02056	0.12099	0.05881
RNF212	0.00237	0.00042	0.00146
SPON2	0.0462	0.37366	0.23155
RP11-20I20.4	0.00081	0.00035	0.00093
CTBP1-AS	0.00471	0.00181	0.0019
CTBP1	0.1798	0.25601	0.17539
CTBP1-AS2	0.03529	0.06831	0.0402
MAEA	0.10463	0.13812	0.08737
UVSSA	0.05549	0.05573	0.08011
CRIPAK	0.01335	0.02787	0.02877
RP11-1398P2.1	0.02991	0.02215	0.01678
FAM53A	0.00098	0.00324	0.00185
SLBP	0.37989	0.24523	0.14203
RP11-572O17.1	0.02443	0.0121	0.01675
TMEM129	0.02935	0.07063	0.05361
TACC3	0.10619	0.05079	0.02978
FGFR3	0.00511	0.13509	0.11343
LETM1	0.06391	0.11881	0.06542
WHSC1	0.09076	0.11156	0.08436
NELFA	0.07251	0.1171	0.07395
C4orf48	0.55428	0.5698	0.35959
NAT8L	0.00262	0.01089	0.00588
POLN	0.00941	0.01137	0.01084
HAUS3	0.12481	0.0521	0.04608
MXD4	0.41883	0.32773	0.24218
ZFYVE28	0.07541	0.02736	0.043
CFAP99	0.00046	8e-04	0
RNF4	0.14645	0.10656	0.0807
FAM193A	0.06893	0.06214	0.06816
TNIP2	0.15912	0.14872	0.12253
SH3BP2	0.18877	0.09172	0.12764
ADD1	0.21538	0.18624	0.208
MFSD10	0.21999	0.27606	0.18249
NOP14-AS1	0.02083	0.03259	0.01951
NOP14	0.08066	0.12482	0.05533
GRK4	0.01004	0.01346	0.01062
HTT	0.10244	0.08228	0.09171
MSANTD1	0.00197	0.00094	0.00291
RGS12	0.04981	0.05943	0.08713
HGFAC	0.01153	0.13442	0.10522
DOK7	0.00123	0.01096	0.00264
LRPAP1	0.3691	0.58089	0.34636
AC141928.1	0	0.00118	0.00019
ADRA2C	0.00071	0.02681	0.00932
TMEM128	0.08444	0.10351	0.06305
LYAR	0.20963	0.19569	0.08977
ZBTB49	0.01344	0.01088	0.01126
NSG1	0.01643	0.07576	0.01473
STX18	0.07647	0.16563	0.09685
STX18-AS1	0.00277	0.00763	0.00588
MSX1	0.00429	0.01485	0.05532
CYTL1	0.00603	0.00026	0.00699
STK32B	0.00561	0.02364	0.00995
EVC2	0.00228	0.00458	0.01077
EVC	0.00174	0.00561	0.00827
CRMP1	0.00065	0.00046	0.0067
JAKMIP1	0.02243	0.00167	0.00233
RP11-586D19.1	0.00035	0.00088	0.00018
WFS1	0.01357	0.08477	0.05559
PPP2R2C	0.00039	0.0267	0.00767
MAN2B2	0.08392	0.06789	0.05789
MRFAP1	0.4621	0.53337	0.33269
RP11-539L10.3	0.02054	0.05379	0.01534
AC093323.3	0.04181	0.0885	0.04764
RP11-539L10.2	0.0106	0.00464	0.00433
S100P	0.05804	1.17322	0.4893
MRFAP1L1	0.1204	0.18691	0.10923
BLOC1S4	0.11237	0.32096	0.12608
KIAA0232	0.11566	0.14086	0.13638
TBC1D14	0.07306	0.05571	0.03847
CCDC96	0.00753	0.00681	0.00998
TADA2B	0.04885	0.04797	0.03211
GRPEL1	0.2029	0.28351	0.11309
RP11-367J11.3	0.00295	0.00892	0.00517
SORCS2	0.00126	0.026	0.01026
PSAPL1	0.00071	0.01444	0.00648
AFAP1-AS1	0.00055	0.07395	0.0286
AFAP1	0.01807	0.04841	0.07139
ABLIM2	0.00135	0.00456	0.00955
SH3TC1	0.09406	0.08537	0.06469
HTRA3	0.00044	0.01238	0.02055
RP11-774O3.3	0.00227	0.01122	0.00867
ACOX3	0.02279	0.02601	0.01795
TRMT44	0.01883	0.03141	0.02923
RP11-689P11.2	0.00132	0.00425	0.00136
SLC2A9	0.01444	0.00783	0.00393
WDR1	0.46009	0.28948	0.24388
ZNF518B	0.05143	0.00701	0.0279
CLNK	0.0172	0.00113	0.00237
RP11-61G19.2	0.00101	3e-05	0.00038
HS3ST1	0.08902	0.09914	0.08214
RP11-281P23.1	0.00037	0.00233	0.00644
RP11-22A3.2	6e-05	0.00167	0.00163
RAB28	0.05768	0.05342	0.05392
NKX3-2	6e-05	0.00132	0.00171
BOD1L1	0.37406	0.28174	0.34613
LINC00504	0.00495	0.0139	0.00403
CPEB2-AS1	0.00052	0.0017	0.00146
CPEB2	0.08771	0.05081	0.04492
RP11-665G4.1	0.00108	0.00033	0.00102
C1QTNF7	0.00024	5e-05	0.01008
CC2D2A	0.0094	0.06228	0.03542
RP11-799M12.2	0.00053	0.00049	0.00075
FBXL5	0.20189	0.17373	0.12758
FAM200B	0.14255	0.24242	0.16798
BST1	0.04486	0.00718	0.02497
CD38	0.09852	0.00387	0.01556
FGFBP1	0.00112	0.08162	0.01127
FGFBP2	0.02214	0.01319	0.0035
PROM1	0.00183	0.22337	0.12474
TAPT1	0.06193	0.07005	0.04886
TAPT1-AS1	0.00259	0.00601	0.00607
RP11-446J8.1	0.00011	0.00119	0.00129
LDB2	0.00275	0.00095	0.08507
QDPR	0.11709	0.24643	0.08518
LAP3	0.4596	0.27862	0.20647
AC006160.5	0.00099	0.00039	0
MED28	0.29275	0.31068	0.18785
FAM184B	0.00317	0.00201	0.00272
DCAF16	0.05895	0.10929	0.08734
NCAPG	0.05725	0.0441	0.01994
LCORL	0.08635	0.09126	0.07693
RP11-3J1.1	2e-05	0.00081	0.00022
RP11-608O21.1	6e-05	0.00306	0.00082
SLIT2	0.00211	0.00267	0.02795
PACRGL	0.02021	0.05801	0.03406
KCNIP4	8e-05	0.00018	0.00436
RP11-362J17.1	4e-05	0.00047	7e-05
KCNIP4-IT1	0	0.00038	0.015
ADGRA3	0.00436	0.10048	0.06207
PPARGC1A	0.00056	0.00889	0.00448
DHX15	0.19467	0.31288	0.21671
RP11-496D24.2	0	0.0062	0.00263
SOD3	0.00518	0.3383	0.18391
CCDC149	0.02561	0.0623	0.05461
LGI2	0.00572	0.00128	0.01
SEPSECS	0.03986	0.08563	0.05565
SEPSECS-AS1	0.02824	0.03219	0.02869
PI4K2B	0.04107	0.07468	0.02981
ZCCHC4	0.02373	0.03258	0.02257
ANAPC4	0.06647	0.07	0.05159
SLC34A2	9e-05	0.00805	0.00745
SEL1L3	0.12653	0.21772	0.12375
RP11-302F12.10	0.00054	7e-05	0.00084
SMIM20	0.15852	0.37838	0.12845
RBPJ	0.71083	0.30083	0.29107
TBC1D19	0.0272	0.02441	0.03182
STIM2	0.12944	0.11396	0.12863
RP11-293A21.1	0.00456	0.0099	0.00438
PCDH7	0.00041	0.04805	0.0305
RP11-734I18.1	0.00077	0.00755	0.00783
RP11-548L20.1	0	0.00054	0.00014
ARAP2	0.21008	0.09634	0.10987
RP11-431M7.3	0.00128	6e-05	0.00032
DTHD1	0.03384	0.00224	0.00606
RP11-722M1.1	0	0.00073	0.00018
C4orf19	0.00137	0.06536	0.0252
RP11-36B15.1	0.00194	0.00023	0.00183
RELL1	0.0238	0.01109	0.02673
PGM2	0.12861	0.08871	0.05833
TBC1D1	0.16063	0.07049	0.09532
PTTG2	0.00099	0.00023	0.00039
RP11-83C7.1	4e-04	8e-05	0.00093
KLF3	0.31183	0.35004	0.22418
TLR10	0.01672	6e-04	0.0013
TLR1	0.15862	0.02057	0.02603
TLR6	0.07462	0.00361	0.01007
FAM114A1	0.04403	0.30308	0.15561
TMEM156	0.10579	0.02113	0.01594
KLHL5	0.10657	0.10083	0.09449
WDR19	0.01457	0.02977	0.03163
RFC1	0.22413	0.33569	0.20598
KLB	0.00393	0.11781	0.05066
RPL9	2.88422	2.74054	1.94723
LIAS	0.04764	0.08235	0.04076
UGDH	0.08948	0.8348	0.26638
UGDH-AS1	0.00184	0.0053	0.00785
SMIM14	0.15133	0.62279	0.25454
RP11-539G18.3	0.00427	0.00696	0.01221
UBE2K	0.33497	0.47965	0.26427
PDS5A	0.24565	0.22067	0.15795
N4BP2	0.11504	0.21852	0.13651
RHOH	0.26102	0.0213	0.02984
AC195454.1	0.00239	0.00015	0
RBM47	0.2974	0.47599	0.1965
NSUN7	0.00342	0.02978	0.0187
APBB2	0.00497	0.04243	0.08174
UCHL1	0.01283	0.25331	0.07662
LIMCH1	0.00591	0.16252	0.12624
TMEM33	0.22149	0.37735	0.18465
DCAF4L1	0.00308	0.00544	0.00728
RP11-814H16.2	0.00051	0.00114	0.00095
SLC30A9	0.07618	0.15199	0.07888
BEND4	0.00316	6e-05	0.00044
ATP8A1	0.15482	0.0339	0.04091
RP11-109E24.2	0.00165	0.00025	0.00053
RP11-109E24.1	0.00355	3e-05	0
RP11-663P9.1	0	0.00034	0.00075
LVCAT1	0.00058	0.04731	0.01434
GUF1	0.05663	0.12078	0.05566
GNPDA2	0.04668	0.06682	0.0497
RP11-700J17.1	4e-05	0.00049	0.00049
RP11-700J17.2	0.00105	0.00263	0.001
GABRG1	0	0.00168	0.00134
GABRA2	0.0021	0.09534	0.03675
COX7B2	0.00351	0.12757	0.01721
GABRB1	0.00019	0.00036	0.00076
COMMD8	0.26847	0.18378	0.08719
ATP10D	0.09723	0.0382	0.06166
CORIN	6e-04	0.00086	0.00025
RP11-121C2.2	0.00371	0.01628	0.01108
NFXL1	0.04017	0.09166	0.05781
NIPAL1	0.00098	0.05069	0.01948
CNGA1	0.00099	0.02771	0.00901
TXK	0.02188	0.00252	0.00311
TEC	0.02844	0.01001	0.00693
SLAIN2	0.15031	0.14012	0.11594
SLC10A4	8e-05	0.00234	8e-04
FRYL	0.17559	0.16711	0.18642
OCIAD1	0.43259	1.0481	0.51813
OCIAD2	0.21807	0.58653	0.24306
DCUN1D4	0.05147	0.16775	0.13515
RP11-365H22.2	0.00077	0.00754	0.00551
LRRC66	0	0.01727	0.01344
SGCB	0.01657	0.10147	0.09468
SPATA18	0.00038	0.02647	0.0163
USP46	0.04655	0.09287	0.04859
USP46-AS1	0.00569	0.01597	0.00561
ERVMER34-1	4e-05	0.00312	0.00089
RASL11B	0.00368	0.00323	0.01189
SCFD2	0.01861	0.02852	0.01626
FIP1L1	0.16334	0.2376	0.12837
LNX1	0.00778	0.06403	0.02649
RP11-571I18.4	0.00081	0.0014	0.00105
CHIC2	0.20012	0.18311	0.09503
RP11-571I18.5	0.00085	4e-04	0.00058
PDGFRA	0.00172	0.05359	0.03184
KIT	0.02479	0.01008	0.01194
KDR	0.00023	0.00123	0.0409
SRD5A3	0.11489	0.43055	0.16091
RP11-177J6.1	0.00022	0.00097	0.00218
TMEM165	0.34746	0.40676	0.3847
CLOCK	0.10065	0.13374	0.112
RP11-528I4.2	0.00112	6e-04	0
PDCL2	1e-04	0.00423	0.00088
NMU	0.001	0.02842	0.00435
EXOC1	0.15724	0.177	0.14671
CEP135	0.09482	0.04015	0.05623
KIAA1211	7e-05	0.01062	0.0106
AASDH	0.06676	0.10717	0.07507
RP11-646I6.5	0.00121	0.00396	0.00405
PPAT	0.04338	0.16477	0.05555
RP11-646I6.6	0.00027	0.00155	0.0016
PAICS	0.1215	0.51581	0.17971
SRP72	0.35373	0.54516	0.23712
ARL9	0.00028	0.01251	0.00432
HOPX	0.10183	0.00839	0.03572
SPINK2	0.00663	0.00073	0.00055
REST	0.22302	0.26517	0.18284
RP11-738E22.3	0.00035	0.00132	0.00063
NOA1	0.04959	0.16666	0.05513
POLR2B	0.23335	0.35809	0.23481
IGFBP7	0.03322	0.0888	0.90864
RP11-340A13.3	8e-05	0.00102	0
RP11-622J8.1	0.00136	0.03996	0.02205
ADGRL3	8e-05	0.00539	0.01956
RP11-798L4.1	0.00075	0.00108	0.00303
RP11-12K22.1	0.00011	0.00654	0.00118
EPHA5-AS1	0.00011	0.00064	0
RP11-25H12.1	0.00025	0.0081	0.00414
RP11-19C24.1	0	0.00051	0.00016
RP11-584P21.2	0.00087	0.00057	0.00116
CENPC	0.15967	0.10139	0.11282
STAP1	0.01229	4e-04	0.00057
UBA6	0.30298	0.19766	0.18787
UBA6-AS1	0.02387	0.0357	0.02652
YTHDC1	0.33899	0.31698	0.26462
UGT2B15	0.00307	0.13105	0.09041
UGT2B10	0.00383	0.13673	0.0531
RP11-468N14.13	0.00012	0.00608	0.00234
UGT2A3	0.00708	0.22084	0.11314
UGT2B11	0.00463	0.20696	0.07055
UGT2B7	0.00316	0.17003	0.07076
RP11-704M14.1	2e-04	0.00229	0.00295
UGT2B28	0.00117	0.03663	0.01983
UGT2B4	0.03339	0.74525	0.33757
UGT2A1	0.0017	0.04981	0.02111
SULT1B1	0.00903	0.07421	0.04045
SULT1E1	0.00213	0.09266	0.02539
ODAM	0.00012	0.01815	0.01063
FDCSP	0.00116	0.00246	0.00286
ENAM	0.00015	0.00289	0.0022
JCHAIN	0.06208	0.01527	0.02267
UTP3	0.12469	0.18604	0.11584
RP11-46J23.1	0.0026	0.00305	0.00318
RUFY3	0.1317	0.16891	0.17645
GRSF1	0.22208	0.33087	0.151
MOB1B	0.15649	0.09072	0.08237
DCK	0.23088	0.0779	0.05973
SLC4A4	0.00558	0.06958	0.04468
GC	0.06747	1.18523	0.55384
NPFFR2	3e-05	0.00558	0.00099
ADAMTS3	0.00081	0.0032	0.00342
COX18	0.04061	0.05589	0.0377
ANKRD17	0.17112	0.25125	0.19236
RP11-692D12.1	0.00054	0.00181	6e-04
ALB	1.42846	3.50949	2.22728
AFP	0.38658	1.93913	1.15036
AFM	0	0.00502	0.00205
RASSF6	0.00783	0.18367	0.10767
CXCL8	1.02454	0.23839	0.26797
CXCL6	0.00102	0.01023	0.01187
CXCL1	0.10381	0.15298	0.08031
PF4	0.00112	0.03708	0.01014
PPBP	0.00078	0	0.00064
CXCL5	0.01185	0.29598	0.11876
CXCL3	0.50272	0.39086	0.291
CXCL2	0.65172	0.60674	0.43684
MTHFD2L	0.09211	0.64808	0.27131
RP11-629B11.5	0.00169	0.00748	0.01058
EREG	0.29765	0.02595	0.03432
AREG	0.25426	0.15251	0.12772
AC142293.3	0	0.00111	0.00021
BTC	0.00045	0.04461	0.01484
PARM1	0.0053	0.02374	0.03361
RP11-44F21.3	7e-05	0.00079	0.00209
RP11-44F21.5	0.00129	0.03043	0.01512
RCHY1	0.14193	0.13478	0.07956
THAP6	0.06311	0.07863	0.06956
C4orf26	0.00056	0.00025	0.00088
CDKL2	0.00336	0.00213	0.00104
G3BP2	0.50933	0.3576	0.21384
USO1	0.20396	0.39942	0.17825
RP11-556N4.1	0.00023	0.00043	2e-04
NAAA	0.15859	0.03357	0.0421
SDAD1	0.10988	0.21706	0.08195
AC110615.1	0.00029	0.00058	0.00187
CXCL9	0.06501	0.00554	0.01337
ART3	0.00011	7e-04	0
CXCL10	0.09236	0.01735	0.0232
CXCL11	0.01291	0.00124	0.00485
NUP54	0.12588	0.15264	0.09939
SCARB2	0.54179	0.44086	0.30691
FAM47E	0.00182	0.01853	0.01748
STBD1	0.0014	0.01106	0.0053
CCDC158	0	0.00107	0.00141
SHROOM3	0.003	0.23839	0.11977
SOWAHB	0.00021	0.00224	0.00301
SEPT11	0.23321	0.20384	0.26201
CCNI	1.15569	0.75464	0.60963
CCNG2	0.18412	0.10756	0.09775
CXCL13	0.02161	0.00253	0.00477
CNOT6L	0.46968	0.14374	0.15858
MRPL1	0.19536	0.31596	0.11931
FRAS1	0.00443	0.12387	0.07362
ANXA3	0.00476	0.31706	0.08553
LINC01094	0.03872	0.00124	0.00599
RP11-109G23.3	0.02495	0.00551	0.01297
BMP2K	0.36714	0.07708	0.09475
PAQR3	0.0494	0.03399	0.02094
LINC01088	0.00026	0.00058	0.00083
LINC00989	8e-05	4e-05	0.00578
RP11-452C8.1	0	0.00184	0.00017
ANTXR2	0.0832	0.1101	0.07501
PRDM8	0.03549	0.00982	0.01
PRKG2	7e-04	0.00761	0.00375
RASGEF1B	0.45801	0.05423	0.08725
RP11-689K5.3	0	0.00356	0.00283
RP11-127B20.2	0.0032	0.00638	0.00279
HNRNPD	0.54666	0.64768	0.43728
RP11-127B20.3	0.01241	0.01484	0.01628
HNRNPDL	0.84821	0.74324	0.6224
ENOPH1	0.1356	0.19584	0.08913
TMEM150C	0.00049	0.01578	0.01504
SCD5	0.00702	0.00811	0.01818
SEC31A	0.29958	0.59769	0.4107
THAP9-AS1	0.10779	0.09196	0.10663
THAP9	0.00823	0.01983	0.01217
LIN54	0.04783	0.0502	0.02846
COPS4	0.14361	0.2019	0.08706
PLAC8	0.16627	0.32064	0.12592
COQ2	0.10276	0.08901	0.03564
HPSE	0.11052	0.02696	0.01941
HELQ	0.05113	0.05028	0.03337
MRPS18C	0.29474	0.53602	0.21554
FAM175A	0.05409	0.10111	0.04607
GPAT3	0.09046	0.14057	0.05048
CDS1	0.01704	0.10269	0.03758
WDFY3	0.11737	0.07968	0.09716
ARHGAP24	0.02839	0.05865	0.06814
MAPK10	0.00104	0.00293	0.01272
PTPN13	0.01205	0.02691	0.02183
C4orf36	0.01511	0.04045	0.02955
AFF1	0.17381	0.18154	0.15189
KLHL8	0.0646	0.06801	0.03958
HSD17B13	0.00071	0.00225	0.00185
HSD17B11	0.30305	0.79758	0.29293
NUDT9	0.06707	0.22098	0.10414
SPARCL1	0.00334	0.00747	0.3882
RP11-742B18.1	0.00054	0.00359	0.002
IBSP	0.00015	0.00318	0.0036
SPP1	1.62852	1.38777	1.03671
PKD2	0.04495	0.05729	0.08298
ABCG2	0.03228	0.11856	0.05261
PPM1K	0.16242	0.03692	0.06806
HERC6	0.0271	0.03321	0.0297
HERC5	0.08509	0.03362	0.02539
PYURF	0.32568	0.57239	0.25097
HERC3	0.09554	0.06565	0.04102
NAP1L5	0.0199	0.00374	0.02335
FAM13A-AS1	0.01161	0.01776	0.01502
FAM13A	0.17664	0.17674	0.16162
TIGD2	0.01561	0.04536	0.02243
RP11-84C13.2	0.00026	0.00151	0.00055
GPRIN3	0.36102	0.06634	0.08111
RP11-115D19.1	0.00294	0.09633	0.05019
SNCA	0.02661	0.01416	0.01947
RP11-115D19.3	3e-04	0.00885	0.00951
RP11-115D19.4	5e-05	0.00201	0.00147
RP11-115D19.2	0.00011	0.01086	0.01043
MMRN1	0.00127	0.00098	0.03369
CCSER1	0.01236	0.00802	0.0201
GRID2	0.00013	0.01009	0.00729
SMARCAD1	0.08792	0.12001	0.09133
HPGDS	0.12193	0.00484	0.01965
PDLIM5	0.19571	0.37257	0.30961
BMPR1B	0.00062	0.02233	0.00788
UNC5C	0.00011	0.00038	0.01303
RP11-710C12.1	0.00081	6e-05	0.00568
RP11-145G20.1	0.00018	0.00147	0.00154
STPG2	0.00062	0.00473	0.00654
RP11-323J4.1	5e-04	0.00045	0.00069
RAP1GDS1	0.15178	0.07212	0.05818
TSPAN5	0.05886	0.01523	0.03283
RP11-1299A16.3	0.00191	0.0028	0.00613
EIF4E	0.36541	0.42036	0.22303
METAP1	0.09352	0.17688	0.09079
RP11-571L19.8	0.00097	0.00243	0.00044
ADH5	0.23651	0.79755	0.30564
RP11-696N14.1	0.00111	0.00573	0.00537
ADH4	0.00012	0.00452	0.0015
ADH6	0.00295	0.10721	0.03617
ADH1A	0.00024	0.01483	0.00188
ADH1B	0.00012	0.00571	0.00445
ADH1C	0.01399	0.57919	0.20623
TRMT10A	0.03424	0.08765	0.03519
MTTP	0.01391	0.48893	0.20915
DAPP1	0.15427	0.06094	0.03805
LAMTOR3	0.23408	0.30313	0.13862
DNAJB14	0.28442	0.26204	0.22471
H2AFZ	1.08086	1.363	0.70644
RP11-15B17.1	0.00027	3e-04	0.00014
DDIT4L	0.00601	0.00033	0.01964
EMCN	0.00029	5e-04	0.10386
PPP3CA	0.256	0.22959	0.19312
FLJ20021	0.02583	0.04112	0.03448
BANK1	0.02928	0.00988	0.00892
SLC39A8	0.15185	0.05896	0.04243
RP11-499E18.1	0.00908	0.02388	0.00983
AF213884.2	0.01397	0.00513	0.00736
NFKB1	0.41226	0.16225	0.15733
MANBA	0.13508	0.10328	0.06742
UBE2D3	1.19823	0.84577	0.61213
RP11-10L12.4	0.00989	0.01847	0.01014
CISD2	0.38318	0.62914	0.24934
SLC9B1	0.00679	0.00225	0.00248
SLC9B2	0.01746	0.12033	0.04788
BDH2	0.05702	0.20832	0.13186
CENPE	0.06673	0.06731	0.02765
RP11-328K4.1	0.00033	0.0131	0.00323
RP11-297P16.3	0	0.00078	0
TACR3	5e-05	0.00105	0
RP11-703G6.1	0.00027	0.00038	0.00034
CXXC4	0.00058	0.03413	0.0252
AC004069.2	0.00515	0.00075	0.00217
TET2	0.20032	0.10251	0.13745
PPA2	0.13896	0.27155	0.10514
ARHGEF38	0.00101	0.03941	0.04754
INTS12	0.04466	0.06255	0.03747
GSTCD	0.03251	0.04546	0.03425
NPNT	0.00086	0.16302	0.07742
RP11-710F7.3	0.00035	0.0017	0.00254
TBCK	0.03438	0.11222	0.0713
AIMP1	0.32165	0.92113	0.33115
DKK2	0.00331	0.00172	0.00184
PAPSS1	0.25295	0.11989	0.10515
SGMS2	0.02702	0.12332	0.06422
RP11-286E11.1	0.00083	0.00093	0.00016
CYP2U1	0.02251	0.01729	0.01354
RP11-286E11.2	0.00078	0.00058	0.00065
HADH	0.11913	0.17358	0.08072
LEF1	0.02979	0.0139	0.03595
RPL34-AS1	0.00099	0.00152	0.00063
RPL34	3.40542	3.25886	2.52092
OSTC	0.54014	1.35465	0.63132
ETNPPL	0.00038	0.0075	0.00219
COL25A1	0.00019	0.00088	0.00032
SEC24B-AS1	0.00255	0.00828	0.00567
SEC24B	0.08862	0.09976	0.06799
CCDC109B	0.27667	0.03756	0.05205
CASP6	0.06163	0.12603	0.05121
AC004067.5	0.00108	0.00053	0.00026
PLA2G12A	0.07221	0.27321	0.13112
CFI	0.02405	0.78291	0.468
RP11-602N24.3	0.00105	0.00286	0.00201
GAR1	0.09268	0.23682	0.0934
LRIT3	1e-04	0.00052	0.00014
EGF	0	0.00043	0
ELOVL6	0.01317	0.15343	0.05317
ENPEP	0.00152	0.0253	0.10949
RP11-380D23.1	0	0.00048	0
RP11-380D23.2	0.00056	0.00967	0.00246
PITX2	0.00346	0.09054	0.04233
LINC01438	5e-05	0.00134	0.00056
C4orf32	0.08293	0.15822	0.15357
RP11-73K9.2	0.00517	0.00402	0.00612
AP1AR	0.10041	0.14209	0.07693
RP11-73K9.3	0.00215	0.0022	0.00185
TIFA	0.14305	0.09159	0.05175
ALPK1	0.06504	0.06366	0.06835
ZGRF1	0.01596	0.01319	0.01924
LARP7	0.26757	0.3337	0.21182
ANK2	0.00545	0.02746	0.03332
CAMK2D	0.15597	0.22967	0.17427
ARSJ	0.0026	0.03922	0.02909
UGT8	0.00237	0.114	0.0443
TRAM1L1	0.00029	0.01406	0.00831
SNHG8	0.4866	1.07668	0.59979
PRSS12	0.00197	0.06374	0.02494
RP11-384K6.8	0.00073	0.00195	0.00015
METTL14	0.09946	0.1254	0.0959
SEC24D	0.12735	0.17145	0.14402
SYNPO2	0.00274	0.00119	0.09695
USP53	0.06172	0.16476	0.15932
C4orf3	0.97019	1.06884	0.59723
RP11-33B1.4	0.00056	0.00041	0.00068
RP11-33B1.3	0.00125	0.00043	0.00015
PDE5A	0.0017	0.02116	0.07965
MAD2L1	0.08813	0.15613	0.05016
RP11-679C8.2	0.00232	0.00146	0.00185
PRDM5	0.00123	0.00522	0.00777
NDNF	0.00046	0.00671	0.00799
TNIP3	0.05026	0.00394	0.00528
ANXA5	1.08615	1.17291	0.69867
TMEM155	0.00098	0	0.00055
EXOSC9	0.10744	0.1125	0.0685
CCNA2	0.05601	0.0536	0.01719
BBS7	0.04909	0.07686	0.03911
RP11-63B13.1	0.00051	0.00016	0.00016
KIAA1109	0.18089	0.19532	0.20399
IL2	0.02175	0.00148	0.00229
IL21	0.00157	0	0
IL21-AS1	0.00107	4e-05	0
BBS12	0.00741	0.02231	0.00912
FGF2	0.00103	0.07475	0.0277
RP11-170N16.3	0.00045	0.00104	0.00052
NUDT6	0.0213	0.06499	0.02953
SPATA5	0.03413	0.05172	0.04238
SPRY1	0.07489	0.18984	0.37056
LINC01091	0.00041	0.02079	0.01233
RP11-93I21.3	0	0.00053	0.00059
ANKRD50	0.03576	0.09921	0.09403
FAT4	0.00034	0.01663	0.02455
INTU	0.01431	0.12133	0.11971
SLC25A31	0	0.00044	0
HSPA4L	0.01804	0.31944	0.09659
RP11-50D9.3	0.00078	0.00248	0.00304
PLK4	0.01868	0.01977	0.01209
MFSD8	0.03984	0.10111	0.06086
ABHD18	0.05913	0.07707	0.0637
LARP1B	0.06717	0.23772	0.14507
PGRMC2	0.14222	0.68023	0.28746
RP11-420A23.1	0.00109	0.03603	0.03777
RP11-130C6.1	4e-04	0.00372	0.00072
RP11-184M15.1	0.00246	0.00025	0.00074
JADE1	0.13476	0.17008	0.11481
SCLT1	0.10769	0.04028	0.05438
C4orf33	0.08579	0.12307	0.05766
RP11-519M16.1	6e-05	0.00279	0.00185
RP11-422J15.1	5e-05	0.00111	0
RP11-314N14.1	0	0.00066	0.00037
RP11-614F17.2	2e-04	0.00613	0.00368
RP11-745L13.2	0.00014	0.00082	0.00044
RP11-789C2.1	0.00029	0.00035	0.00048
RP11-1E22.1	4e-05	0.00155	0.00036
PCDH10	0.00034	0.00033	0.00483
RP11-427M20.1	5e-05	0.00069	4e-04
PABPC4L	0.00018	0.00117	0.00481
RP11-400D2.2	6e-05	0.00774	0.00698
RP11-553P9.3	0	0.00066	8e-05
PCDH18	0.00108	5e-04	0.07406
RP13-884E18.2	0.02022	0.00048	0.00213
RP13-884E18.4	0.00297	1e-04	0
SLC7A11	0.00927	0.1517	0.0873
NOCT	0.018	0.01455	0.01004
ELF2	0.20461	0.19457	0.18713
MGARP	0.00317	0.00205	0.0016
NDUFC1	0.47554	1.17793	0.53721
NAA15	0.13519	0.17448	0.09445
RP11-83A24.2	0.04742	0.0949	0.092
RAB33B	0.056	0.05816	0.04094
SETD7	0.0927	0.09098	0.06697
RP11-342I1.2	0.00314	0.00112	0.00251
MGST2	0.29282	1.17218	0.49303
MAML3	0.03198	0.0832	0.07618
SCOC	0.17211	0.50613	0.21096
SCOC-AS1	0.00608	0.01916	0.00479
CLGN	0.00681	0.28164	0.10562
ELMOD2	0.08255	0.15522	0.08699
TBC1D9	0.1619	0.05404	0.06483
RP11-102N12.3	0.01682	0.01054	0.01243
RNF150	0.00256	0.00323	0.01191
ZNF330	0.21763	0.18409	0.10473
RP11-362F19.1	0.00204	0.00681	0.01618
RP11-362F19.3	0.00024	0.00058	0
IL15	0.03839	0.01627	0.03256
INPP4B	0.08474	0.12949	0.1536
RP11-223C24.1	0.00133	0.00025	0.00055
RP11-284M14.1	0.00135	0.00106	0.00165
USP38	0.09296	0.08583	0.05799
GAB1	0.02917	0.03532	0.04969
SMARCA5	0.4495	0.33001	0.24588
SMARCA5-AS1	0.00285	4e-04	0.00113
GYPE	0.00068	6e-05	0.00071
HHIP-AS1	0.00067	0.00079	0.0012
ANAPC10	0.08879	0.14039	0.06351
ABCE1	0.24626	0.28606	0.16697
OTUD4	0.12521	0.12704	0.11262
RP11-142A22.4	0	0.00042	0.00036
SMAD1	0.01353	0.04225	0.06933
MMAA	0.02032	0.03933	0.02632
ZNF827	0.01953	0.07605	0.06019
LSM6	0.32503	0.38656	0.17419
SLC10A7	0.03487	0.04248	0.04213
EDNRA	0.00075	0.0024	0.153
TMEM184C	0.04963	0.04831	0.0307
PRMT9	0.21585	0.04223	0.066
ARHGAP10	0.13407	0.01425	0.05072
NR3C2	0.0083	0.01276	0.01672
DCLK2	0.00213	1e-04	0.01142
LRBA	0.09007	0.12818	0.11375
RP11-1336O20.2	0.00161	0.00081	0.00033
RPS3A	2.95031	2.72487	1.95935
SH3D19	0.00468	0.14005	0.08493
RP11-372K14.2	0.00217	0.00109	0.00178
FAM160A1	0.00022	0.00522	0.00575
RP11-164P12.4	0	0.00323	0.00136
GATB	0.03645	0.03601	0.02031
RP11-18H21.1	0.02586	0.00108	0.00345
FBXW7	0.16044	0.08403	0.12576
DKFZP434I0714	0.01044	0.01541	0.01751
TMEM154	0.08199	0.06738	0.03898
ARFIP1	0.11803	0.18022	0.11169
TIGD4	0.00142	0.00466	0.00367
FHDC1	0.00066	0.01362	0.00776
TRIM2	0.00693	0.22229	0.12535
MND1	0.02467	0.0346	0.01269
KIAA0922	0.05719	0.02452	0.03367
TLR2	0.12957	0.01024	0.01602
RNF175	0.01132	0.00049	0.00181
SFRP2	0.00082	0.00099	0.0247
DCHS2	0	0.00358	0.00159
PLRG1	0.12568	0.18199	0.09013
FGB	0.07503	1.17128	0.55498
FGA	0.03893	0.84914	0.41315
FGG	0.04989	1.05554	0.48087
LRAT	0.00098	0.01938	0.01666
RBM46	8e-05	0.00073	0.00076
MAP9	0.02214	0.11293	0.07562
GUCY1A3	0.02882	0.06079	0.17316
GUCY1B3	0.03525	0.03062	0.15529
TDO2	0.01572	0.39903	0.20322
CTSO	0.08302	0.09464	0.08668
PDGFC	0.0813	0.05079	0.041
GLRB	0.00052	0.0164	0.00945
FAM198B	0.21003	0.01179	0.08904
RP11-597D13.9	0.01332	6e-04	0.00465
RP11-597D13.8	0.00028	0.00049	0.00074
TMEM144	0.05182	0.04202	0.0228
RXFP1	0.00026	0.00011	0.0174
C4orf46	0.04044	0.01923	0.01339
ETFDH	0.07323	0.08478	0.05996
PPID	0.18093	0.22072	0.10887
FNIP2	0.35141	0.25696	0.20336
RAPGEF2	0.10491	0.06434	0.09722
FSTL5	0.00043	0.00433	0.00154
NAF1	0.08708	0.05311	0.04246
NPY1R	0.00014	0.01118	0.01585
TKTL2	0.00025	0.00027	0.00015
TMA16	0.12896	0.28108	0.14239
MARCH1	0.39511	0.01997	0.03847
RP11-218F10.3	0.00248	0.00801	0.00699
LINC01207	0.00074	0.03582	0.02598
TRIM61	0.00787	0.00033	0.004
FAM218A	0.00115	0.00523	0.0035
TMEM192	0.08134	0.09291	0.04249
KLHL2	0.05731	0.03091	0.03714
MSMO1	0.07167	0.61408	0.2028
CPE	0.01344	0.09211	0.38017
TLL1	0	1e-04	0.01905
SPOCK3	0.00082	5e-05	0
ANXA10	0.01537	0.60162	0.28159
DDX60	0.09386	0.0967	0.08507
DDX60L	0.13613	0.08336	0.09232
PALLD	0.0699	0.14594	0.15536
CBR4	0.06539	0.19966	0.11417
SH3RF1	0.06281	0.14598	0.12593
NEK1	0.05097	0.03303	0.03192
CLCN3	0.10149	0.21394	0.13462
C4orf27	0.13863	0.18442	0.10585
MFAP3L	0.00074	0.00982	0.0094
AADAT	0.00061	0.01551	0.00958
LINC01612	0	0.00076	0.00023
RP11-10K16.1	0.00286	0.00294	0.00225
GALNT7	0.10172	0.20222	0.11737
HMGB2	0.63853	0.22828	0.19257
RP11-798M19.6	0.03895	0.01309	0.02932
SAP30	0.19184	0.04749	0.06757
SCRG1	0.01399	0.00134	0.01187
HAND2	1e-04	0.00021	0.01554
HAND2-AS1	6e-05	6e-05	0.00478
RP11-161D15.1	0.00025	0.00755	0.00136
FBXO8	0.08037	0.09343	0.06342
CEP44	0.06045	0.07591	0.07688
HPGD	0.08457	0.54137	0.15831
GPM6A	0.00027	4e-05	0.00661
WDR17	0.0046	0.00609	0.00745
SPATA4	0.00012	0.00117	3e-04
SPCS3	0.50939	0.55486	0.31785
VEGFC	0.00016	1e-04	0.03802
NEIL3	0.01633	0.01677	0.00838
AGA	0.08581	0.13768	0.07097
RP11-130F10.1	0.00039	0.00211	0.00024
RP11-188P17.2	0.00011	0.00125	7e-04
DCTD	0.11149	0.2334	0.10146
RP11-335L23.4	1e-04	0.00055	2e-04
RP11-335L23.5	5e-05	0.00121	0.0011
WWC2-AS2	0.00154	0.00953	0.00571
WWC2	0.03196	0.11812	0.09434
CDKN2AIP	0.17954	0.10342	0.10615
RP11-367N14.2	0.00125	7e-04	0.00102
ING2	0.13911	0.11872	0.07635
RP11-367N14.3	0.00062	0.00138	0.00035
RWDD4	0.09663	0.13684	0.06444
TRAPPC11	0.07942	0.07465	0.05508
STOX2	0.00085	0.03021	0.03606
ENPP6	0.00033	0.00065	0
RP11-290F5.2	0.00038	0.00251	0.00251
RP11-290F5.1	0.00245	0.00036	0.00106
IRF2	0.29576	0.18336	0.1343
RP11-326I11.3	0.0272	0.02168	0.02384
RP11-242J7.1	0.00203	0.04413	0.01681
CASP3	0.17245	0.1382	0.09065
PRIMPOL	0.03461	0.03473	0.03472
CENPU	0.0416	0.04153	0.01653
ACSL1	0.17469	0.10606	0.0597
RP11-701P16.2	0.00339	0.00032	0.00086
MIR3945HG	0.01495	0.00303	0.0024
SLC25A4	0.04575	0.26083	0.09681
CFAP97	0.18651	0.34162	0.22723
SNX25	0.03022	0.02453	0.02946
LRP2BP	0.02316	0.00588	0.0145
ANKRD37	0.32338	0.0976	0.13177
UFSP2	0.13739	0.11458	0.08819
C4orf47	0.00192	0.00601	0.00378
CCDC110	0.00066	0.0134	0.00473
RP11-279O9.4	0.00133	0.00464	0.00512
PDLIM3	0.00156	0.03696	0.15013
SORBS2	0.00372	0.21898	0.20458
TLR3	0.01492	0.03559	0.01916
FAM149A	0.0018	0.03294	0.01379
CYP4V2	0.05469	0.0953	0.07944
KLKB1	0.00188	0.036	0.02403
F11	0.00063	0.02005	0.01074
F11-AS1	5e-05	0.00095	1e-04
FAT1	0.00452	0.25126	0.20793
RP11-237D3.1	0.00014	0.00109	0.00073
RP11-565A3.2	5e-05	0.00518	0.00177
ZFP42	0	0.00063	0.00061
TRIML2	0.00016	0.00044	0.0012
RP11-462G22.2	5e-05	0.00056	0.00064
AF146191.4	7e-05	0.00043	0.003
FRG1	0.27587	0.24796	0.15432
CCDC127	0.05712	0.12977	0.06402
SDHA	0.15084	0.28013	0.124
CTD-2083E4.6	3e-04	0.00017	0.00054
PDCD6	0.32786	0.76507	0.36993
AHRR	0.00467	0.00041	0.00183
EXOC3-AS1	0.01486	0.0555	0.0211
EXOC3	0.10116	0.13964	0.10421
PP7080	0.01284	0.06338	0.0282
CEP72	0.00614	0.02618	0.01202
TPPP	0.01966	0.00548	0.00327
CTD-2589H19.6	0.00064	0.00263	0.00263
ZDHHC11B	0.00096	0.00387	0.00336
ZDHHC11	0.00096	0.01679	0.01665
BRD9	0.2623	0.42915	0.31054
TRIP13	0.02629	0.11787	0.05401
RP11-43F13.3	0.00161	0.02517	0.0228
RP11-43F13.4	0.00037	0.00803	0.0038
NKD2	0.00233	0.05175	0.03086
SLC12A7	0.11583	0.26212	0.24114
CTD-3080P12.3	0.00144	0.03174	0.02662
SLC6A19	0.00158	0.05671	0.03223
TERT	0.00333	0.0485	0.04818
CLPTM1L	0.16199	0.43318	0.21097
LPCAT1	0.18015	0.0715	0.0743
CTD-2012J19.3	0.00424	0.00028	0.00064
MRPL36	0.14734	0.41315	0.17812
NDUFS6	0.65369	1.2349	0.56887
C5orf38	0	0	0.00617
LINC01019	0.00026	0.02577	0.01488
LINC01017	4e-05	0.00154	0.00162
RP11-445O3.3	9e-05	0.00231	0.00213
ADAMTS16	0	0.00416	0.00264
ICE1	0.09475	0.12797	0.09063
FLJ33360	0.00035	0.00429	0.00277
MED10	0.27935	0.38166	0.23366
UBE2QL1	0.00025	2e-04	0.00025
LINC01018	0	0.00058	0
NSUN2	0.06503	0.09774	0.0725
SRD5A1	0.03814	0.05253	0.02278
PAPD7	0.06137	0.05478	0.06763
C5orf49	0	0.00243	0.00259
MTRR	0.04739	0.0944	0.051
FASTKD3	0.0245	0.04644	0.02287
RP11-480D4.6	0.00038	0.00118	0.00036
MIR4458HG	0.05298	0.16165	0.09508
SEMA5A	0.00446	0.02534	0.09474
SNHG18	0.00168	0.05228	0.07355
CTD-2199O4.1	0.00087	0.00037	0
CTD-2199O4.6	0.00015	0.00314	0.002
FAM173B	0.02472	0.07373	0.05749
CTD-2256P15.1	0.00173	0.00187	0.00891
CCT5	0.36745	0.68179	0.30708
CTD-2256P15.4	8e-04	0.00119	0
CMBL	0.00936	0.21349	0.06879
CTD-2256P15.2	0.00795	0.02615	0.01141
MARCH6	0.2314	0.38611	0.24326
ROPN1L	0.00072	0.00046	0.00104
RP11-1C1.6	5e-05	0.00718	0.00229
RP11-1C1.4	0	0.00156	0.00046
ANKRD33B	0.01013	0.00455	0.00587
DAP	0.14287	0.38271	0.21755
CTD-2154B17.1	0.00014	7e-04	0.00045
CTNND2	0.00226	0.05846	0.02345
RP11-308B16.2	0	0.00125	0.00037
LINC01194	0.00043	0.0164	0.00417
DNAH5	0.00112	0.05604	0.04315
TRIO	0.07014	0.10847	0.10412
AC016549.1	0.02346	0.02468	0.02976
FAM105A	0.25103	0.01441	0.02785
CTD-2165H16.4	0.02378	0.01462	0.01748
OTULIN	0.2664	0.12368	0.11512
ANKH	0.23699	0.1229	0.10375
CTB-40H15.4	0.00745	0.00687	0.00622
FBXL7	0.00014	0.00025	0.01647
ZNF622	0.16514	0.18522	0.09881
FAM134B	0.04367	0.2357	0.13195
RP11-260E18.1	0.00168	7e-05	0.00044
MYO10	0.00625	0.11766	0.07834
BASP1	0.42734	0.0257	0.06838
CTD-2139B15.2	0.00078	4e-04	0
RP11-124N3.3	0	0.00072	0.00021
RP11-124N3.2	0	0.00085	0.00086
RP11-774D14.1	0.00015	0.00531	0.00165
RP11-374A4.1	0.00014	0.00114	0.0028
RP11-360I2.1	0.00011	0.00056	7e-05
CDH12	0.00015	0.00383	0.002
PRDM9	0.00068	0.019	0.00905
C5orf17	0.00128	0.0011	0.00205
CDH10	4e-05	0.00428	0.0035
RP11-184E9.1	0	0.00072	0.00163
RP11-184E9.2	0	0.0019	0.00182
CDH9	0.00067	0.01718	0.01118
LINC01021	0.00017	0.01008	0.00773
CTD-2118P12.1	0	0.00451	0.0016
CDH6	0.00043	0.02332	0.08338
DROSHA	0.03407	0.0771	0.04331
C5orf22	0.04559	0.05649	0.03196
PDZD2	0.00116	0.00135	0.02374
CTD-2152M20.2	7e-05	0.00039	0.00023
GOLPH3	0.20233	0.42959	0.20787
CTD-2186M15.3	0.01267	0.03463	0.02412
MTMR12	0.06529	0.09407	0.06211
ZFR	0.20408	0.3753	0.18006
SUB1	1.49442	1.88881	0.9536
NPR3	0.00107	0.01711	0.00911
CTD-2203K17.1	0.00079	0.00246	0.00481
TARS	0.18522	0.42971	0.17726
ADAMTS12	0.00093	0.01745	0.04636
SLC45A2	0.00022	0.0075	0.00223
AMACR	0.00451	0.01889	0.0135
C1QTNF3	0.00379	0.01752	0.02239
RP11-1250I15.3	0.00012	0.00045	0
CTD-2024P10.2	0	0.00394	0.00044
RAI14	0.02377	0.13866	0.13792
CTD-2517O10.6	0.00253	0.01256	0.00351
TTC23L	0.00029	0.00097	0.0015
RAD1	0.07237	0.12954	0.06405
BRIX1	0.14053	0.30726	0.12317
DNAJC21	0.24996	0.30928	0.15888
AGXT2	0.00062	0.02194	0.00755
PRLR	0.01374	0.08645	0.0356
SPEF2	0.01712	0.03023	0.0267
IL7R	0.7847	0.05361	0.11144
UGT3A2	0	0.00084	0.00076
LMBRD2	0.0611	0.10109	0.05759
SKP2	0.03268	0.05484	0.03151
NADK2	0.04268	0.19081	0.07358
SLC1A3	0.13024	0.00824	0.02046
CTD-2353F22.1	0.00276	0.00033	0.00024
CTD-2653M23.3	0.00062	3e-04	0.00076
NIPBL	0.30247	0.29426	0.25072
C5orf42	0.04338	0.07514	0.0952
NUP155	0.05625	0.08942	0.04637
WDR70	0.09041	0.09975	0.06723
EGFLAM	0.00013	0.00017	0.03627
LIFR	0.00055	0.02357	0.03787
LIFR-AS1	2e-04	0.00677	0.00547
LINC01265	0	0.00104	0.00046
OSMR-AS1	0.00028	0.01507	0.01981
OSMR	0.00912	0.2372	0.16971
RICTOR	0.26256	0.2714	0.27067
FYB	0.85423	0.04472	0.09243
C9	0.00558	0.21619	0.07617
DAB2	0.86743	0.35986	0.28616
CTD-2078B5.2	0.00155	0.00012	0.0027
PTGER4	0.44539	0.04574	0.09762
TTC33	0.04462	0.087	0.05207
PRKAA1	0.14117	0.3398	0.21193
RPL37	3.2165	3.46725	2.63674
CARD6	0.05152	0.05783	0.05943
C7	0.00034	0.00849	0.06382
C6	0.00091	0.02401	0.03115
PLCXD3	0	0.00149	0.00719
OXCT1	0.05401	0.0089	0.01777
C5orf51	0.04855	0.08158	0.04089
FBXO4	0.04855	0.08411	0.04037
GHR	0.00059	0.01497	0.00764
CCDC152	0.03406	0.01834	0.01527
SEPP1	1.26686	1.70196	0.94775
CTD-2325A15.5	0.00023	0.00024	0.00019
CTD-2201E18.5	0.00113	0.00123	0.00162
CTD-2035E11.3	0.01583	0.00063	0.0026
CTD-2035E11.4	0.00152	0.00051	0.00049
ANXA2R	0.09426	0.03223	0.03212
AC025171.1	0.01892	0.01735	0.0203
CTD-2035E11.5	0.00399	0.00704	0.00935
ZNF131	0.18941	0.14161	0.1334
NIM1K	0.00058	0.00038	0.00106
CTD-2636A23.2	0.00027	0.00148	0
HMGCS1	0.12761	0.73157	0.35032
CCL28	0.0265	0.0727	0.06825
C5orf28	0.03514	0.13235	0.06197
C5orf34	0.01312	0.0134	0.0091
RP11-159F24.5	0.0013	0.00086	0.00287
PAIP1	0.14603	0.33201	0.1447
NNT-AS1	0.04957	0.0922	0.0746
NNT	0.1173	0.13045	0.07651
RP11-53O19.1	0.00196	0.01754	0.01003
MRPS30	0.11541	0.2148	0.08861
RP11-53O19.3	0.0073	0.02773	0.01392
HCN1	2e-04	0.01821	0.00588
EMB	0.3627	0.13284	0.07379
RP11-269M20.3	1e-04	0.001	0.00016
PARP8	0.27511	0.16451	0.13762
ISL1	4e-05	0.00116	0.00091
CTD-2288O8.1	0.00114	0	0.00027
ITGA1	0.08741	0.2706	0.4023
PELO	0.07043	0.25778	0.15539
ITGA2	0.0104	0.27831	0.17262
CTD-2366F13.2	0.00026	0.00144	0.00082
MOCS2	0.12882	0.43725	0.18006
CTD-2366F13.1	0.00328	0.03171	0.01085
FST	0.02037	0.60841	0.25271
NDUFS4	0.22252	0.6632	0.24988
CTD-2081C10.7	0.00064	0.00212	0.00226
ARL15	0.03262	0.04249	0.03861
LINC01033	4e-05	0.00087	0.00043
SNX18	0.199	0.12227	0.0892
ESM1	0.00068	2e-05	0.0169
GZMK	0.3319	0.02522	0.04423
GZMA	0.39909	0.01552	0.04625
CDC20B	0.00165	5e-04	0.00172
GPX8	0.00144	0.07773	0.08557
CCNO	0.00043	0.01005	0.01251
DHX29	0.13759	0.3007	0.12863
SKIV2L2	0.13695	0.23345	0.13974
PLPP1	0.03295	0.2086	0.14117
SLC38A9	0.05182	0.1126	0.06692
IL31RA	0.00078	0.00149	0.00082
IL6ST	0.31699	0.45101	0.3946
CTD-2031P19.5	0.00033	1e-04	0.00111
FLJ31104	0.0039	0.00552	0.00598
CTD-2227I18.1	4e-05	0.00044	0
ANKRD55	0.00213	0.00021	0.00204
MAP3K1	0.30378	0.10766	0.10897
SETD9	0.03826	0.14869	0.03986
MIER3	0.04389	0.06348	0.04672
CTD-2310F14.1	0.00167	0.00047	3e-04
GPBP1	0.78113	0.51379	0.40447
ACTBL2	4e-05	0.00207	0.00081
PLK2	0.05325	0.08248	0.15162
GAPT	0.0391	0.00119	0.00201
RAB3C	0.01002	0.25291	0.0819
RP11-479O16.1	0	0.00115	0.00037
PDE4D	0.16867	0.073	0.08136
RP11-266N13.2	0.00024	0.00203	0.00025
PART1	0.00414	0.00069	0.00277
DEPDC1B	0.02175	0.07158	0.02388
ELOVL7	0.00398	0.0394	0.02334
RP11-231G3.1	0.00099	0.00292	0.00252
ERCC8	0.01989	0.04959	0.01797
NDUFAF2	0.14406	0.50839	0.17629
SMIM15	0.23817	0.43975	0.16464
ZSWIM6	0.21824	0.05783	0.0984
CTD-2170G1.2	0	0.00107	0
KIF2A	0.23291	0.17876	0.09867
DIMT1	0.08114	0.26181	0.09976
IPO11	0.02586	0.0511	0.04456
LRRC70	0.00086	2e-04	0.00485
RNF180	0.00016	0.00165	0.0251
RGS7BP	0	0.0011	0.00931
FAM159B	0	0.00038	0
SREK1IP1	0.22	0.35982	0.18565
CWC27	0.10063	0.21547	0.08232
RP11-307L14.1	0.00051	0.00176	0.00057
RP11-307L14.2	0.00079	0.00081	0.00012
ADAMTS6	0.02253	0.05081	0.08259
CTD-2116N20.1	0.00034	0.00016	0.00087
CENPK	0.09595	0.11004	0.04069
PPWD1	0.1026	0.13735	0.09658
TRIM23	0.06607	0.11438	0.0791
TRAPPC13	0.05435	0.08931	0.0518
CTC-534A2.2	0.01885	0.02554	0.0159
SGTB	0.16975	0.07183	0.0433
NLN	0.11423	0.20925	0.08338
CTD-2033C11.1	0.00107	0.00689	0.00168
ERBB2IP	0.3196	0.33575	0.23944
SREK1	0.28781	0.40497	0.41958
MAST4	0.07076	0.18136	0.18891
MAST4-AS1	0.00084	0.01465	0.00295
CD180	0.14895	0.00478	0.01595
RP11-434D9.1	9e-05	0.00072	0.00062
RP11-83M16.5	0.00076	0.0013	0.00082
RP11-83M16.6	3e-04	0.00764	0.00408
RP11-434D9.2	1e-04	0.00374	0.0021
PIK3R1	0.56435	0.21846	0.2018
CTC-537E7.3	0.00141	0.00046	0
RP11-141O11.2	0	0.00094	0.0019
CTC-498J12.1	0	0.00894	0.00957
SLC30A5	0.09087	0.27191	0.11933
CTC-498J12.3	0.00095	0.00068	0.00034
CCNB1	0.08062	0.19538	0.05722
CENPH	0.04994	0.06783	0.02864
MRPS36	0.30924	0.6819	0.24509
CDK7	0.04597	0.11718	0.04629
CCDC125	0.02972	0.0517	0.02979
AK6	0.16571	0.53839	0.17583
TAF9	0.27209	0.6832	0.23161
RAD17	0.05913	0.11524	0.06179
MARVELD2	0.00344	0.16525	0.04451
OCLN	0.01281	0.30268	0.14423
GTF2H2C	0.023	0.09647	0.06327
SERF1B	0.00042	0.00039	0.00025
SMN2	0.01115	0.0355	0.01653
RP11-497H16.9	0.00363	0.02377	0.01097
SERF1A	0.0058	0.00686	0.00862
SMN1	0.02039	0.05977	0.02983
NAIP	0.25382	0.09476	0.14449
GTF2H2	0.03608	0.14992	0.09755
RP11-136K7.2	0.00152	0.04748	0.03892
BDP1	0.23956	0.2833	0.24524
MCCC2	0.08256	0.2393	0.10415
MAP1B	0.00196	0.0067	0.22028
MRPS27	0.0741	0.21774	0.09449
PTCD2	0.01962	0.05771	0.04006
ZNF366	0.00967	0.00042	0.00786
TNPO1	0.24165	0.33011	0.23109
CTD-2376I4.1	0.00268	0.00062	0.00035
CTD-2376I4.2	0.00563	0.00164	0.00652
FCHO2	0.28294	0.10227	0.13078
TMEM171	0.00145	0.03598	0.01358
FOXD1	0.00944	0.00129	0.00263
RP11-79P5.9	0.00163	0.0076	0.00667
BTF3	1.57625	2.16943	1.20191
ANKRA2	0.05338	0.1458	0.08257
UTP15	0.02956	0.08667	0.03571
ARHGEF28	0.00113	0.05333	0.04646
ENC1	0.03812	0.10795	0.0793
HEXB	0.36235	0.28185	0.18266
GFM2	0.04224	0.04532	0.02471
NSA2	0.6872	0.57632	0.39036
FAM169A	0.01106	0.02245	0.01433
CTD-2377O17.1	0.00027	0.00062	0.00034
GCNT4	0.00689	0.00379	0.00555
LINC01336	0.00153	7e-04	0.00075
ANKRD31	0.00067	0.00468	0.00415
HMGCR	0.06365	0.15162	0.06752
CTD-2235C13.3	0.00036	0.00242	0.00059
COL4A3BP	0.20232	0.09642	0.09306
POLK	0.17443	0.08313	0.11791
CTC-366B18.2	0.00095	0.00039	0.0013
CTC-366B18.4	0.00216	0.00196	0.00401
ANKDD1B	0.00153	0.00436	0.00428
POC5	0.03529	0.02459	0.02377
SV2C	0.00106	0.00453	0.00251
AC113404.1	0.001	0.00118	0.00032
IQGAP2	0.53659	0.26179	0.10677
CTD-2236F14.1	0.00138	0	0.00016
F2RL2	0.00145	0.00427	0.00303
F2R	0.07021	0.02629	0.13263
F2RL1	0.00659	0.05469	0.01554
S100Z	0.01519	0.00071	0.00165
CRHBP	0.02986	0.00072	0.00491
AGGF1	0.14462	0.12954	0.08365
ZBED3	0.04327	0.08483	0.04556
ZBED3-AS1	0.01453	0.0081	0.00977
PDE8B	0.00442	0.00162	0.04462
WDR41	0.12882	0.07607	0.06023
TBCA	0.75497	1.03581	0.55404
AP3B1	0.19221	0.10992	0.09172
SCAMP1-AS1	0.0367	0.0505	0.02886
SCAMP1	0.16489	0.12844	0.10635
LHFPL2	0.14276	0.04702	0.05587
ARSB	0.04123	0.01855	0.01952
DMGDH	0.00583	0.02911	0.01191
BHMT2	0.00475	0.20149	0.10101
BHMT	3e-05	0.00298	0.00111
JMY	0.13111	0.04194	0.05016
HOMER1	0.03571	0.04917	0.05295
PAPD4	0.24738	0.07477	0.10435
CMYA5	0.00267	0.01391	0.00999
MTX3	0.03725	0.05309	0.04607
THBS4	0.00126	0.00271	0.1179
SERINC5	0.15284	0.12016	0.08856
ZFYVE16	0.31386	0.1263	0.16905
CTD-2015H6.3	0.0055	0.06692	0.01636
FAM151B	0.00671	0.00447	0.00272
DHFR	0.07921	0.08175	0.03785
MSH3	0.08244	0.06091	0.045
RASGRF2-AS1	3e-04	3e-04	0.00031
RASGRF2	0.01021	0.00164	0.01816
CKMT2-AS1	0.01082	0.02907	0.02886
CKMT2	0.00023	0.00566	0.00946
ZCCHC9	0.11809	0.16067	0.0853
ACOT12	0.00033	0.01172	0.00464
SSBP2	0.07167	0.02478	0.06361
CTD-2249K22.1	0.00039	0.00012	0.00063
ATG10	0.04521	0.04526	0.02511
RPS23	3.03057	2.95616	2.18592
ATP6AP1L	0.00663	0.00452	0.00846
RP11-343L5.2	5e-04	0.00205	0.00202
TMEM167A	0.51151	0.54152	0.2937
XRCC4	0.10328	0.08358	0.04575
VCAN	0.2461	0.13046	0.12759
HAPLN1	3e-04	0.00706	0.01239
EDIL3	0.00096	0.0246	0.06987
CTD-2269F5.1	0	0.00049	0.00354
CTC-480C2.1	0	0.00161	0.00088
CTC-261N6.2	0	0.00274	0.00284
COX7C	1.56251	2.24809	1.26333
RASA1	0.14847	0.09612	0.07262
CTC-428H11.2	0.01452	0.00268	0.00591
CCNH	0.32817	0.14364	0.11208
TMEM161B	0.07233	0.10712	0.09361
TMEM161B-AS1	0.03306	0.08612	0.05771
MEF2C	0.42625	0.03503	0.38017
MEF2C-AS1	0.00324	0.01099	0.01013
CETN3	0.06405	0.1046	0.056
MBLAC2	0.0116	0.0315	0.01674
POLR3G	0.00774	0.06728	0.0181
LYSMD3	0.10287	0.12789	0.07111
ADGRV1	0.00347	0.12198	0.03849
RP11-213H15.1	0.0027	0.00048	0.00129
LUCAT1	0.09297	0.06679	0.07349
RP11-213H15.4	0.00041	0.00064	2e-04
ARRDC3	0.48609	0.09162	0.26127
ARRDC3-AS1	0.0044	0.00339	0.00791
RP11-348J24.2	0.00037	0.00373	0.00155
CTC-458G6.2	5e-05	0.00865	0.0059
CTD-2091N23.1	4e-05	0.00171	2e-04
NR2F1-AS1	0.00034	0.02366	0.02442
NR2F1	0.00712	0.30629	0.15662
FAM172A	0.08458	0.09385	0.08582
POU5F2	0.02002	0.01359	0.02395
KIAA0825	0.01061	0.00571	0.01082
SLF1	0.07049	0.03758	0.03148
MCTP1	0.14866	0.04961	0.08997
FAM81B	0.00022	0.00745	0.00103
TTC37	0.20907	0.27176	0.18243
ARSK	0.02403	0.04436	0.03838
GPR150	0.00257	0.00195	0.00054
RFESD	0.01246	0.01083	0.01094
SPATA9	0.00127	0.00021	8e-04
RHOBTB3	0.07991	0.20057	0.15055
GLRX	0.4909	0.29503	0.1574
LINC01554	0.00315	0.00036	0.00143
ELL2	0.25303	0.223	0.17332
RP11-254I22.1	0.00058	0.00155	0.00127
RP11-254I22.3	0.00458	0.18917	0.04222
CAST	0.90952	0.57252	0.45296
ERAP1	0.09243	0.08474	0.05433
CTD-2260A17.1	0.01001	0.00116	0.0054
CTD-2260A17.2	0.00509	0.00416	0.00256
ERAP2	0.22491	0.06889	0.10427
LNPEP	0.24974	0.14593	0.14267
CTD-2215E18.1	0.00022	0.00054	0.00055
LIX1	0.00129	0.00026	0
RIOK2	0.1019	0.14273	0.06465
RGMB	0.00579	0.02157	0.01802
RGMB-AS1	0.00087	0.01894	0.00678
AC008522.1	0.00068	0.00083	0.00131
CHD1	0.35398	0.20199	0.1772
CTD-2007H13.3	0.00159	0.00105	0.0019
CTD-2001C12.1	0.00042	0.00144	0.00121
FAM174A	0.05917	0.10749	0.06181
ST8SIA4	0.26126	0.00902	0.06388
SLCO4C1	0.00412	0.03534	0.01169
SLCO6A1	0.00016	0.004	0.00641
LINC00491	0	0.00994	0.00642
PAM	0.05612	0.11893	0.1069
GIN1	0.0373	0.03362	0.0208
PPIP5K2	0.19507	0.16805	0.131
C5orf30	0.01891	0.02904	0.01405
NUDT12	0.0303	0.10512	0.04867
RP11-138J23.1	0.00013	0.00629	0.00206
RP11-6N13.1	3e-05	0.00402	0.00192
CTD-2374C24.1	0.00023	0.0059	0.00419
EFNA5	0.00583	0.04614	0.02848
FBXL17	0.05659	0.07726	0.05119
LINC01023	0.01256	0.05028	0.03404
FER	0.05436	0.04511	0.06187
CTD-2587M2.1	0.00919	0.01057	0.01545
PJA2	0.40608	0.26744	0.25525
CTC-332L22.1	0.00104	0.00109	0.00016
MAN2A1	0.18803	0.28145	0.1627
TMEM232	0.00077	0.00203	0.0023
SLC25A46	0.11119	0.13219	0.08887
TSLP	0.00793	0.03538	0.01612
WDR36	0.15223	0.14857	0.09883
CAMK4	0.12247	0.0061	0.02148
CTC-499J9.1	0	0.00445	0.00145
STARD4	0.10947	0.20436	0.15346
STARD4-AS1	0.00228	0.02035	0.03421
NREP	0.04939	0.37229	0.20939
EPB41L4A	0.0046	0.01763	0.03448
EPB41L4A-AS1	0.16443	0.52616	0.23651
EPB41L4A-AS2	1e-04	0.00094	0.0035
APC	0.14636	0.13215	0.11279
CTC-487M23.8	0.00123	0.00073	0.00133
SRP19	0.27838	0.35556	0.16306
REEP5	0.57936	0.86694	0.42552
ZRSR1	0.00138	0.00056	0.00098
CTC-487M23.5	0.00038	0.00039	0.00022
DCP2	0.293	0.12444	0.10971
MCC	0.01929	0.03398	0.03877
YTHDC2	0.15264	0.10052	0.09763
KCNN2	0.00011	1e-04	0.00735
TRIM36	0.02427	0.00275	0.00623
PGGT1B	0.12024	0.11059	0.08253
CTC-428G20.6	0.00156	0.00046	0
CCDC112	0.13317	0.08725	0.0531
FEM1C	0.1353	0.05593	0.06717
TMED7-TICAM2	0.00244	0.00189	0.00025
TICAM2	0.0067	0.00076	0.00153
AC010226.4	0.00721	0.00426	0.00519
TMED7	0.23764	0.36206	0.20806
CTC-505O3.3	0.0278	0.00628	0.00732
CTC-505O3.2	4e-05	0.00164	0.00019
ATG12	0.29335	0.27561	0.20123
AP3S1	0.38809	0.48531	0.23435
LVRN	0.00018	0.00182	0.00053
ARL14EPL	0.00108	0	0
CTD-2287O16.4	0.00029	0.00042	0
CTD-2287O16.5	0.01097	0.02048	0.01815
COMMD10	0.16188	0.20791	0.09159
SEMA6A	0.00077	0.00869	0.03856
SEMA6A-AS1	0.00231	0.00204	0.00318
LINC00992	0.00049	0.0226	0.0036
CTD-3179P9.1	2e-04	0	0.00417
CTC-448D22.1	4e-05	0.00093	0
DTWD2	0.02677	0.03534	0.02066
CTB-161M19.4	0.00038	0.00026	0.00042
DMXL1	0.14871	0.07238	0.08555
TNFAIP8	0.64895	0.07034	0.10167
HSD17B4	0.25597	0.25457	0.14079
PRR16	0.00073	0.00028	0.0284
CTC-546K23.1	0.00024	0.00875	0.00231
SRFBP1	0.13499	0.20103	0.12196
LOX	0.00251	0.03374	0.03669
ZNF474	0.00021	0.00052	8e-05
CTD-2544H17.2	0.00039	0.00797	0.00494
SNCAIP	0.00569	0.11857	0.06159
CTD-2280E9.1	0	0.00054	0.00054
MGC32805	0.00014	0.00232	0.00024
SNX2	0.55143	0.31422	0.16351
SNX24	0.16279	0.07981	0.05259
PPIC	0.0256	0.48061	0.26271
PRDM6	5e-05	0.00076	0.00119
CEP120	0.05633	0.03413	0.02705
CSNK1G3	0.12812	0.13127	0.11672
ZNF608	0.00161	0.04069	0.06954
GRAMD3	0.03485	0.06685	0.04671
ALDH7A1	0.03162	0.19471	0.08848
PHAX	0.13917	0.18425	0.0923
LMNB1	0.14361	0.071	0.03774
MARCH3	0.03378	0.03822	0.04545
C5orf63	0.01225	0.05871	0.02927
MEGF10	4e-05	0.00041	0.00061
PRRC1	0.10085	0.24028	0.14922
LINC01183	0.00055	0.02212	0.0067
LINC01184	0.05219	0.14625	0.08642
SLC12A2	0.07118	0.56449	0.33467
FBN2	0.00308	0.00041	0.00196
ISOC1	0.08366	0.28183	0.06765
CHSY3	0.00017	0	0.01162
HINT1	1.48931	2.42334	1.2112
LYRM7	0.10372	0.1216	0.06823
CDC42SE2	0.64666	0.26663	0.18162
RAPGEF6	0.08667	0.04853	0.03962
FNIP1	0.27486	0.2234	0.22615
MEIKIN	0.00392	8e-05	0.00023
ACSL6	0.01824	0.00345	0.00189
CSF2	0.01878	0.00188	0.00347
AC063976.3	5e-05	0.00062	0
P4HA2	0.03558	0.17032	0.11732
PDLIM4	0.0082	0.08099	0.04265
SLC22A4	0.0028	0.00412	0.00391
SLC22A5	0.01471	0.0535	0.04172
C5orf56	0.1099	0.04786	0.07242
AC116366.6	0.01994	0.00238	0.00498
IRF1	0.72152	0.16224	0.20926
RP11-89G4.1	0.00029	0.00129	0.00231
RAD50	0.15814	0.34381	0.17163
IL13	0.00313	0.00016	0.0017
IL4	0.00282	0.00027	0.00016
KIF3A	0.04986	0.08836	0.05866
CCNI2	0.00264	0.006	0.00146
SEPT8	0.0405	0.07992	0.09338
SOWAHA	0.00032	0.01448	0.00347
AC004775.5	0.00014	0.00045	0
SHROOM1	0.01343	0.15593	0.14585
GDF9	0.00093	0.00126	0.00142
UQCRQ	0.73728	1.5821	0.77965
LEAP2	0.04491	0.55405	0.16836
AFF4	0.28245	0.26675	0.30289
CTC-350I8.1	0.00071	4e-04	0.0025
ZCCHC10	0.19358	0.24015	0.1387
HSPA4	0.27239	0.37888	0.15872
FSTL4	0.00065	0.00504	0.00125
C5orf15	0.14989	0.32038	0.17241
VDAC1	0.81063	1.34774	0.5303
CTB-113I20.2	0.0132	0.05029	0.0295
TCF7	0.19757	0.06455	0.05905
SKP1	1.28732	1.93802	1.07201
PPP2CA	0.36334	0.40215	0.19638
CTD-2410N18.3	0.00202	0.00258	0.00346
CDKL3	0.01368	0.02464	0.0157
UBE2B	0.90087	0.84043	0.5147
RP11-215P8.3	0.02433	0.00695	0.00536
CDKN2AIPNL	0.07496	0.2659	0.09609
RP11-215P8.4	1e-04	0.0029	0.00267
AC005355.2	0.00918	0.30473	0.05675
JADE2	0.0748	0.07378	0.05099
SAR1B	0.27224	0.5986	0.26131
SEC24A	0.09834	0.21768	0.10803
CAMLG	0.29846	0.52152	0.26586
DDX46	0.41498	0.52128	0.34516
C5orf24	0.16245	0.38492	0.26429
TXNDC15	0.13555	0.23646	0.14978
PCBD2	0.05489	0.13558	0.07276
CATSPER3	0.00177	0.00384	0.00198
PITX1	0.00179	0.12054	0.07524
C5orf66	9e-04	0.00552	0.00168
C5orf66-AS1	0	0.0013	0.00053
H2AFY	0.81995	0.6122	0.40204
CTC-203F4.2	0.00185	0.00069	0.00103
TIFAB	0.03923	0.00155	0.00231
CTB-138E5.1	0.00845	0.00249	0.00208
CXCL14	0.00102	0.00033	0.00705
RP11-119J18.1	0.00065	0	0
SLC25A48	0.00026	0.00039	0
IL9	0	0.00073	0.00019
LECT2	4e-05	0.00089	0.00017
TGFBI	0.54477	0.19412	0.20572
SMAD5-AS1	0.00056	0.0065	0.00225
SMAD5	0.13121	0.55797	0.40081
AC009014.3	0.00045	0.01686	0.00961
TRPC7-AS1	0.00021	0.00221	0.00112
RP11-114H21.2	4e-05	0.00636	0.00097
SPOCK1	0.00091	0.00072	0.00527
KLHL3	0.00641	0.0246	0.04137
HNRNPA0	0.40708	0.39326	0.27176
RP11-381K20.2	0.00401	1e-04	0.00269
PKD2L2	0.0048	0.00056	0.00206
FAM13B	0.13378	0.07433	0.08335
RP11-325L7.1	0.00013	0.00043	0.00106
NME5	0.00052	0.05096	0.02411
BRD8	0.08495	0.10818	0.09832
KIF20A	0.01361	0.01677	0.00741
CDC23	0.06274	0.12678	0.06327
CDC25C	0.01007	0.02453	0.00828
FAM53C	0.21408	0.14888	0.17949
KDM3B	0.10871	0.13587	0.08656
REEP2	0.00178	0.00909	0.00324
EGR1	0.83137	0.57306	0.79195
ETF1	0.29005	0.3192	0.16703
HSPA9	0.4145	0.84378	0.36961
CTNNA1	0.26118	0.47801	0.34897
AC034243.1	0.00067	0.00738	0.00259
LRRTM2	0.00283	0.00436	0.00635
SIL1	0.15646	0.57105	0.34538
CTB-46B19.2	0.00104	0.00165	0.00207
MATR3	0.00539	0.00886	0.00925
PAIP2	0.63737	0.63751	0.35929
CTB-43P18.1	3e-04	0.00033	0.00103
SLC23A1	0.00198	0.06257	0.02441
MZB1	0.05332	0.00542	0.00788
PROB1	0.00141	0.00355	0.00645
SPATA24	0.0091	0.03394	0.00937
DNAJC18	0.01746	0.0378	0.03361
TMEM173	0.20222	0.10144	0.15269
UBE2D2	0.54783	0.54427	0.3079
CTD-3224K15.3	0.00081	0.00014	0.00056
CXXC5	0.167	0.29894	0.1611
CTD-3224K15.2	0.00076	4e-05	0.00049
NRG2	0.00304	0.00792	0.00793
LINC01024	0.00223	0.00927	0.00721
PURA	0.24088	0.31701	0.31171
IGIP	0.01259	0.03008	0.02695
CYSTM1	0.35285	1.41333	0.72448
PFDN1	0.22943	0.23292	0.18914
HBEGF	0.26823	0.11867	0.15667
SLC4A9	0.00016	0.0016	0.00094
CTC-329D1.2	0.00036	0.00047	1e-04
ANKHD1	0.07738	0.06422	0.05555
ANKHD1-EIF4EBP3	0.006	0.00572	0.00454
SRA1	0.28875	0.38583	0.1749
EIF4EBP3	0.01057	0.05377	0.01001
APBB3	0.05598	0.02291	0.03467
SLC35A4	0.10054	0.11029	0.07758
CD14	1.00101	0.15793	0.19109
NDUFA2	0.60295	1.08251	0.45727
TMCO6	0.01834	0.05806	0.03808
IK	0.46962	0.52855	0.28726
WDR55	0.0764	0.12363	0.07213
DND1	0.00232	0.00418	0.00671
HARS	0.0923	0.17187	0.10708
HARS2	0.02476	0.0514	0.03392
ZMAT2	0.30852	0.43624	0.1978
PCDHA1	6e-05	0.00119	0.00031
PCDHA3	0	0.00052	0.00029
PCDHA4	6e-05	0.00077	0.00142
PCDHA5	0	0.00066	0.00015
PCDHA6	5e-05	0.00195	0.00074
PCDHA9	0	0.00063	0.00111
PCDHA10	0	0.0039	0.00501
PCDHA11	0	0.00061	0.00016
PCDHA12	0	0.00088	0.00097
AC005609.17	0	4e-04	0
PCDHA13	4e-05	0.00083	0.00111
PCDHAC1	0	0.00166	0.00107
PCDHAC2	0	0.00048	0.00066
PCDHB2	0	0.00018	0.00622
PCDHB3	5e-05	0.00072	0.00359
PCDHB4	0	0.00011	0.00489
PCDHB5	0	0.00062	0.00234
PCDHB16	7e-05	0.00071	0.00586
PCDHB10	0	5e-04	0.00244
PCDHB9	9e-05	0.00062	0.0022
PCDHB12	0	0.00133	0.00314
PCDHB13	0.00045	0.02151	0.01779
PCDHB14	0.00035	0.03181	0.02826
PCDHB15	0.00011	0.0026	0.0094
TAF7	0.44462	0.4799	0.3691
AC005618.6	0.00118	0.00033	0.0011
PCDHGA1	0.00014	0.00078	0.00049
PCDHGA2	0	0.00056	0.00163
PCDHGA3	3e-04	0.00037	0.00169
PCDHGA5	0.00075	2e-04	0.00149
PCDHGA6	0.00159	0.00154	0.00414
PCDHGA7	0.00039	0.00038	0.00203
PCDHGA8	2e-04	0.00231	0.00407
PCDHGB5	0.00019	9e-04	0.00079
PCDHGA9	0.00016	8e-04	0.00123
PCDHGB6	0.00087	0.00271	0.00541
PCDHGA10	0.00401	0.07069	0.06497
PCDHGB7	0.00019	0.0032	0.00664
PCDHGA11	0.00064	0.0026	0.00275
PCDHGA12	0.00047	0.00173	0.00858
PCDHGC3	0.00039	0.00326	0.00756
PCDHGC4	0	0.00072	0.00073
DIAPH1	0.25327	0.24104	0.14374
CTD-2024I7.13	0.00042	0.00031	0.00034
HDAC3	0.08865	0.13591	0.08936
RELL2	0.02081	0.00467	0.00912
FCHSD1	0.0344	0.03516	0.03029
ARAP3	0.00592	0.02704	0.04607
PCDH1	0.00266	0.20326	0.12925
KIAA0141	0.08491	0.12994	0.12245
PCDH12	0.01392	8e-04	0.02429
AC005740.6	0.00025	0.00025	0.00271
RNF14	0.08124	0.11482	0.07354
GNPDA1	0.26571	0.28448	0.09605
NDFIP1	0.54074	0.73348	0.3891
SPRY4	0.00237	0.05512	0.07784
SPRY4-IT1	0.00011	0.01504	0.0216
AC005592.2	2e-05	0.00309	0.00259
FGF1	5e-05	0.00354	0.00558
AC005592.1	0.00016	0.00055	0.00062
ARHGAP26	0.14931	0.13349	0.16206
ARHGAP26-AS1	0.00016	0.001	0.00014
NR3C1	0.56451	0.25025	0.23675
HMHB1	0.00246	9e-05	0
YIPF5	0.25346	0.3141	0.1762
KCTD16	0.00037	0.00136	0.00148
CTC-806A22.1	0	0.00061	0.00016
PRELID2	0.0226	0.08616	0.04816
SH3RF2	0.00149	0.08732	0.05128
PLAC8L1	0.00019	0.0022	7e-04
LARS	0.2409	0.39288	0.22211
RP11-449H3.3	0.00416	0.00314	0.0036
RBM27	0.06995	0.08724	0.05183
TCERG1	0.15986	0.2395	0.18248
PPP2R2B	0.03417	0.00267	0.00704
CTC-255N20.1	0	0.00079	0.00098
STK32A	0.00022	0.01417	0.00516
DPYSL3	0.00641	0.0018	0.05735
JAKMIP2	0.01737	0.01284	0.0053
SPINK1	0.65931	3.90435	2.14817
C5orf46	0.00018	0.01747	0.00859
SPINK5	0.00113	0.07276	0.03931
SPINK6	0.00166	0.00018	0.00014
SPINK13	0.00035	0.00291	0.00113
RP11-373N22.3	0.00131	0.00267	0.00589
SPINK7	0.00019	0.00035	0
SPINK9	0	0.00117	0
FBXO38	0.07493	0.09212	0.06664
CTD-2283N19.1	0.00106	0.00097	0.00061
ADRB2	0.07446	0.00663	0.01872
SH3TC2	0.00018	0.00641	0.00329
CTC-529P8.1	0.00011	0.00356	0.00084
ABLIM3	0.0192	0.1242	0.07509
AFAP1L1	0.01801	0.02468	0.04196
GRPEL2	0.04633	0.07195	0.0507
PCYOX1L	0.02222	0.01758	0.01154
IL17B	0.00022	0.0035	0.00984
RP11-394O4.3	0.00017	0.00036	0
CARMN	6e-04	0.00109	0.11664
RP11-394O4.6	0	3e-05	0.00474
RP11-394O4.5	0.00107	0.00367	0.08382
CSNK1A1	0.625	0.67629	0.50684
ARHGEF37	0.00364	0.01886	0.01915
PPARGC1B	0.03083	0.02945	0.03904
PDE6A	0.00063	4e-04	0.00095
SLC26A2	0.09262	0.08302	0.07096
TIGD6	0.01021	0.02521	0.01307
HMGXB3	0.09509	0.1174	0.08988
CSF1R	0.47905	0.02056	0.05904
PDGFRB	0.00457	0.02349	0.27747
CDX1	0	0.00037	0.00146
SLC6A7	0.00157	0.00013	0.00058
ARSI	0	0.00072	0.00127
TCOF1	0.18545	0.16788	0.10406
CD74	2.51269	0.77663	0.87131
RPS14	3.29351	3.57255	2.50243
CTC-367J11.1	0.00071	0.00763	0.00325
NDST1	0.01013	0.05843	0.04763
SYNPO	0.00386	0.08468	0.13426
MYOZ3	0.00035	0.00027	0.00347
RBM22	0.19537	0.22133	0.13884
DCTN4	0.15379	0.17756	0.10047
SMIM3	0.06639	0.01513	0.05555
IRGM	0.00152	0.00016	0.00052
ZNF300	0.00642	0.01293	0.02223
GPX3	0.09735	0.75866	0.34706
TNIP1	0.20453	0.26355	0.16369
ANXA6	0.32657	0.20952	0.21211
CTB-17P3.4	0.00011	0.00073	6e-04
CCDC69	0.09046	0.02766	0.04331
GM2A	0.27485	0.09607	0.06553
SLC36A1	0.07086	0.04343	0.03552
CTC-251D13.1	0.00233	0.00119	0.00188
SPARC	0.02906	0.0127	0.68146
CTB-113P19.5	0.00438	0.00456	0.00339
ATOX1	0.86883	1.68823	0.83763
RP11-54C4.3	0.00147	0.00475	0.00338
G3BP1	0.51802	0.76029	0.42859
FAM114A2	0.0828	0.10333	0.06483
MFAP3	0.0152	0.02176	0.02734
GALNT10	0.09136	0.24609	0.14848
SAP30L-AS1	0.00092	0.00047	0.00144
SAP30L	0.05898	0.08664	0.06394
LARP1	0.24376	0.45671	0.28838
FAXDC2	0.01572	0.03206	0.03086
CNOT8	0.1414	0.11942	0.08363
GEMIN5	0.03221	0.06519	0.02941
MRPL22	0.18738	0.57635	0.18556
KIF4B	3e-05	0.00102	0.00172
SGCD	0.00096	0.00609	0.00871
TIMD4	0.00756	0.00325	0.00155
HAVCR1	0.00303	0.08526	0.03762
HAVCR2	0.32615	0.01571	0.03828
MED7	0.09891	0.2425	0.1256
ITK	0.1428	0.0068	0.0163
CYFIP2	0.10864	0.04391	0.0268
CTB-47B11.3	0.00263	0.00062	0.0014
ADAM19	0.07526	0.02289	0.03438
AC106801.1	0.00094	4e-05	4e-04
SOX30	0.00015	0.00064	3e-04
THG1L	0.0518	0.07067	0.03601
LSM11	0.01811	0.02996	0.02111
CLINT1	0.2501	0.44842	0.27336
EBF1	0.00802	0.0029	0.14301
RP11-175K6.1	0.00026	2e-05	0.00479
RNF145	0.26006	0.23753	0.20731
UBLCP1	0.16479	0.14804	0.08867
TTC1	0.25488	0.40812	0.16399
PWWP2A	0.09485	0.13468	0.11769
FABP6	0.00212	0.10336	0.02477
CCNJL	0.00184	0.0047	0.00416
C1QTNF2	0.00025	0.00042	0.02222
ZBED8	0.00494	0.02578	0.01402
SLU7	0.21386	0.26779	0.13558
PTTG1	0.27383	0.27722	0.08943
MIR3142HG	0.02731	0.00475	0.00797
ATP10B	0.00056	0.00438	0.01105
LINC01202	0	0.0011	0
GABRG2	0.00021	0.01659	0.00528
RP11-541P9.3	2e-04	0.00113	7e-04
CCNG1	0.1751	0.35578	0.16916
NUDCD2	0.19056	0.61463	0.19683
HMMR	0.07809	0.09949	0.03713
MAT2B	0.2247	0.30244	0.14057
TENM2	0.00073	0.04866	0.01414
CTB-178M22.2	0.00047	0.00374	0.00167
WWC1	0.00349	0.11229	0.05341
RARS	0.15234	0.51896	0.20829
FBLL1	0.00037	0.00149	0.00215
PANK3	0.15442	0.45526	0.26859
SLIT3	0.00047	0.00102	0.05617
CTC-558O2.1	1e-04	0.00075	0.00039
SPDL1	0.04664	0.05848	0.02769
DOCK2	0.32966	0.01394	0.03986
LCP2	0.482	0.02732	0.07792
CTB-114C7.4	0.00195	9e-05	0
KCNMB1	0.02377	0.0043	0.02117
CTB-147C13.1	2e-04	0.00355	0.00279
GABRP	0.02479	0.71145	0.42448
RANBP17	0.00492	0.09777	0.09043
NPM1	1.56382	2.3442	1.23047
FGF18	0.00215	0.01207	0.00652
FBXW11	0.14166	0.19894	0.14542
STK10	0.29368	0.03964	0.0711
UBTD2	0.04397	0.09203	0.07366
SH3PXD2B	0.015	0.03221	0.0265
NEURL1B	0.00295	0.00713	0.09172
DUSP1	2.28649	0.74047	0.96016
ERGIC1	0.16277	0.38688	0.20732
CTC-308K20.1	0.00303	0.00121	0.00181
RPL26L1	0.17554	0.44277	0.16323
ATP6V0E1	1.13955	1.21633	0.63391
CREBRF	0.37029	0.2399	0.26855
CTC-209H22.3	0.00109	0.00102	0.00994
BNIP1	0.0412	0.08004	0.0418
STC2	0.0073	0.16994	0.10875
BOD1	0.09115	0.3755	0.15793
CTB-43E15.1	6e-05	0.00067	0.00015
LINC01484	0.00036	0.00138	0.00103
LINC01485	0.00023	0.00045	0.00016
CPEB4	0.32384	0.24885	0.28759
C5orf47	4e-05	0.00079	0
MSX2	0.00107	0.02446	0.00801
DRD1	8e-05	0.00462	0.00352
SFXN1	0.13323	0.23564	0.12964
HRH2	0.03386	0.0023	0.02412
CPLX2	0.00031	0.00451	0.00156
THOC3	0.06345	0.13833	0.06199
FAM153B	0.00085	0.02514	0.03545
RP11-844P9.2	3e-04	0.00261	0.00232
SIMC1	0.02088	0.04051	0.03055
KIAA1191	0.09989	0.19374	0.0973
ARL10	0.01735	0.01536	0.02351
NOP16	0.05532	0.25004	0.07741
HIGD2A	0.70404	0.87192	0.43561
CLTB	0.36911	0.71951	0.39684
FAF2	0.08869	0.22828	0.10903
RNF44	0.09595	0.15266	0.10444
CDHR2	0.00258	0.08969	0.07349
GPRIN1	0.00218	0.00488	0.00192
TSPAN17	0.03726	0.06451	0.04575
HK3	0.06599	0.00384	0.01013
UIMC1	0.07357	0.08265	0.07164
ZNF346	0.01877	0.03335	0.02539
FGFR4	0.00992	0.30083	0.14733
NSD1	0.1818	0.29687	0.26267
RAB24	0.0251	0.03107	0.03084
MXD3	0.02952	0.02559	0.01838
PRELID1	0.75478	1.12351	0.49131
LMAN2	0.44841	0.93657	0.51268
RGS14	0.09436	0.26054	0.08866
SLC34A1	9e-05	0.00099	0.00076
F12	0.01783	0.25001	0.15662
GRK6	0.13301	0.10113	0.05278
PRR7-AS1	0.00283	0.0069	0.00588
PRR7	0.06042	0.12624	0.04838
DBN1	0.00933	0.11531	0.08667
PDLIM7	0.0627	0.23454	0.20546
DOK3	0.11481	0.00978	0.01785
DDX41	0.09994	0.10334	0.07106
FAM193B	0.03944	0.04461	0.07346
RP11-1277A3.3	0.00196	0.01048	0.01214
TMED9	0.43166	0.99437	0.55749
B4GALT7	0.08081	0.18226	0.07806
RP11-1277A3.1	0.00156	0.00307	0.00376
FAM153A	0.00155	0.00011	0.00066
RP11-423H2.3	0.00056	0.00119	0.00023
N4BP3	0.02035	0.00569	0.00705
RMND5B	0.05032	0.09119	0.06052
NHP2	0.29554	0.80985	0.32155
HNRNPAB	0.48337	0.6822	0.39445
PHYKPL	0.15192	0.21992	0.18448
COL23A1	0.00516	0.00042	0.01091
CLK4	0.15188	0.09235	0.10888
ZNF354A	0.03213	0.034	0.02987
ZNF354B	0.02096	0.02882	0.04161
ZFP2	0.00023	0.00275	0.00333
RP11-281O15.8	1e-04	0.00037	0.00018
ZNF454	3e-05	0.01181	0.01262
RP11-281O15.4	0	0.00067	0.00049
ZNF879	0.0062	0.00605	0.00674
ZNF354C	0.01016	0.00311	0.01128
ADAMTS2	0.00237	0.00056	0.02497
RUFY1	0.18058	0.11325	0.07577
RP11-1379J22.2	0.00075	0.00042	0.00086
HNRNPH1	0.87166	0.63129	0.71024
RP11-1379J22.5	0.0036	0.00352	0.00154
CANX	0.71266	1.07956	0.67088
MAML1	0.07016	0.05045	0.05187
LTC4S	0.09822	0.01913	0.0282
MGAT4B	0.12633	0.45787	0.22377
SQSTM1	1.14204	2.39874	1.36789
C5orf45	0.05379	0.0756	0.07487
CTC-241N9.1	0.00364	0.01223	0.01309
TBC1D9B	0.13194	0.1173	0.09918
RNF130	0.65935	0.25769	0.20247
RASGEF1C	0.00085	0.00019	0
MAPK9	0.0881	0.12661	0.08597
CTB-129O4.1	0.0018	0.00533	0.00491
GFPT2	0.00528	0.0021	0.01115
CTC-573N18.1	0.00039	0.00394	0.00097
CNOT6	0.07663	0.13349	0.06941
SCGB3A1	0.00473	0.03429	0.03261
FLT4	0.00214	0.00018	0.01958
MGAT1	0.57953	0.24494	0.22081
LINC00847	0.06657	0.02141	0.02208
ZFP62	0.0369	0.06203	0.04711
BTNL8	0.00194	0.00073	0.00183
BTNL3	0	0.00328	0.00487
BTNL9	0.00255	0.01097	0.02833
CTC-338M12.2	0.00047	0.00049	0.00078
CTC-338M12.5	0.00627	0.03216	0.00913
TRIM7	0.00491	0.0438	0.013
CTC-338M12.6	0.00044	0.00122	0.00061
TRIM41	0.04674	0.06685	0.05716
GNB2L1	1.99063	2.54812	1.62094
TRIM52	0.06763	0.0853	0.12125
CTC-338M12.9	0	0.00071	0.00023
DUSP22	0.1127	0.09976	0.08426
IRF4	0.0832	0.00462	0.00638
EXOC2	0.05505	0.05523	0.03273
HUS1B	0.00408	0.00248	0.00169
RP11-532F6.3	0.00669	0.00112	0.00511
FOXQ1	0	0.00739	0.00989
FOXF2	0	0.00024	0.00543
RP11-157J24.2	0.00048	0.00438	0.00177
FOXC1	0.00766	0.06743	0.13434
GMDS	0.03901	0.39746	0.16054
GMDS-AS1	0.02667	0.07315	0.06279
RP1-136B1.1	0.00018	0.00145	0.00072
LINC01600	0	0.00159	0.00227
MYLK4	0.00085	0.00178	0.00164
WRNIP1	0.05898	0.11345	0.07724
SERPINB1	0.57468	1.03736	0.37211
SERPINB9P1	0.00931	0.00455	0.00227
SERPINB9	0.4207	0.0704	0.08589
SERPINB6	0.47479	0.54721	0.34215
LINC01011	0.01575	0.01125	0.01056
NQO2	0.13459	0.23025	0.11046
RP1-90J20.8	0.00409	0.00672	0.00126
RIPK1	0.06173	0.06761	0.03867
RP1-40E16.12	0.00507	0.01433	0.01361
BPHL	0.03317	0.15294	0.06362
RP1-40E16.11	0.001	0.0017	0.00703
TUBB2A	0.10152	0.26542	0.12318
TUBB2B	0.00061	0.01097	0.00545
PSMG4	0.08015	0.34869	0.14989
SLC22A23	0.03124	0.09932	0.06294
PXDC1	0.10954	0.10868	0.09189
RP11-420L9.5	0.01013	0.01439	0.01401
FAM50B	0.04237	0.12854	0.03719
RP1-140K8.5	4e-04	0.02217	0.02464
RP3-406P24.4	5e-04	0.00069	0.00084
RP3-406P24.3	1e-04	0.00044	0.00082
PRPF4B	0.36825	0.30365	0.38479
ECI2	0.13386	0.42795	0.12803
RP3-400B16.1	0.00046	7e-04	0.00079
CDYL	0.09977	0.1256	0.11581
RPP40	0.02354	0.11621	0.02854
RP11-428J1.5	0.00343	0.02048	0.00934
RP11-428J1.4	0.00018	0.00054	0.00052
PPP1R3G	0.01504	0.02018	0.00903
LYRM4	0.10561	0.2746	0.11028
FARS2	0.05341	0.08952	0.03836
RP1-232P20.1	0	0.00062	0.00316
RP3-380B8.4	0.00069	0.00106	0
NRN1	0.00096	0.00059	0.02084
F13A1	0.36358	0.01605	0.05428
LY86-AS1	0.00109	3e-04	5e-04
LY86	0.22986	0.00824	0.02151
RP1-80N2.3	4e-04	0.00731	0.00707
RREB1	0.18776	0.20903	0.17646
SSR1	0.46156	0.6925	0.37584
CAGE1	0.00283	0.02548	0.00545
RIOK1	0.09406	0.17109	0.0661
RP3-512B11.3	0.00316	0.15748	0.034
DSP	0.01736	0.75139	0.32148
SNRNP48	0.06837	0.11161	0.07483
BMP6	0.00066	0.00045	0.00415
TXNDC5	0.01114	0.05041	0.03437
BLOC1S5	0.05966	0.13097	0.05548
EEF1E1	0.15275	0.69118	0.21961
SLC35B3	0.05753	0.16818	0.07274
HULC	0.02732	0.50861	0.18931
RP11-314C16.1	0.00012	0.00275	3e-04
OFCC1	1e-04	0.00338	0.0037
TFAP2A	0.00065	0.05179	0.02697
TFAP2A-AS1	9e-05	0.00261	0.00138
MIR5689HG	0	0.00133	0.00165
GCNT2	0.03379	0.07166	0.05681
RP11-360O19.4	0.00049	0.00042	0.00024
C6orf52	0.00384	0.00276	0.00198
PAK1IP1	0.11223	0.28892	0.07899
TMEM14C	0.44481	1.01679	0.44396
RP11-421M1.8	0.00121	0.00189	0.00189
TMEM14B	0.3394	0.84382	0.26968
MAK	0.00247	0.00111	0.00225
SYCP2L	0.00305	0.00036	0.00068
ELOVL2	0.00193	0.06583	0.02738
SMIM13	0.07382	0.08922	0.05197
NEDD9	0.17547	0.32921	0.22686
RP11-716O23.1	0.00016	0.00372	0.00024
TMEM170B	0.06258	0.02769	0.01872
ADTRP	0.00685	0.0146	0.00939
RP11-456H18.2	0.00077	0.002	0.00172
HIVEP1	0.10298	0.08788	0.10158
EDN1	0.00446	0.10759	0.05871
PHACTR1	0.30714	0.01914	0.05642
RP1-257A7.4	0.00262	0.00134	0.00081
TBC1D7	0.04385	0.09852	0.04119
RP1-257A7.5	0.00252	0.00334	0.00215
GFOD1	0.02931	0.00625	0.02504
SIRT5	0.0254	0.08474	0.04729
RP1-223E5.4	0.00394	0.02776	0.01236
NOL7	0.38586	0.59119	0.28632
RANBP9	0.12795	0.10192	0.08983
MCUR1	0.2215	0.23346	0.11182
RP3-500L14.2	0.00047	0.00109	3e-04
CD83	0.86953	0.07579	0.12617
RP11-560J1.2	0.0014	0.00501	0.00422
JARID2	0.2272	0.10175	0.09028
JARID2-AS1	0.00141	0.00046	0.00017
DTNBP1	0.11042	0.0829	0.06081
MYLIP	0.24102	0.04575	0.10674
GMPR	0.0152	0.01496	0.0087
ATXN1	0.26258	0.18197	0.19003
RP1-151F17.1	0.00145	0.00043	0.00049
RP1-151F17.2	0.01171	0.00975	0.01256
STMND1	9e-05	0.00149	0.00349
RBM24	0.00188	0.02134	0.01587
CAP2	0.00497	0.17095	0.07289
FAM8A1	0.03783	0.19467	0.0811
NUP153	0.1241	0.14878	0.09884
RP11-500C11.3	0.01585	0.02169	0.0103
KIF13A	0.04656	0.14683	0.09805
NHLRC1	0.00087	0.01048	0.00118
TPMT	0.22379	0.26284	0.11808
KDM1B	0.0695	0.06452	0.04054
DEK	0.74787	0.71685	0.4443
RNF144B	0.15113	0.05971	0.04097
RP4-625H18.2	9e-05	0.00066	0.00374
ID4	0.00077	9e-04	0.11261
MBOAT1	0.01337	0.00575	0.00895
E2F3	0.09218	0.11782	0.08412
CDKAL1	0.05971	0.0629	0.04809
SOX4	0.17162	0.69172	0.87264
CASC15	0.002	0.01501	0.06383
RP11-524C21.2	0	0.00056	0.00122
DCDC2	0.00328	0.09488	0.03615
KAAG1	0	0.00075	3e-04
MRS2	0.07136	0.15276	0.08294
GPLD1	0.00099	0.00724	0.00465
ALDH5A1	0.01634	0.11524	0.03092
KIAA0319	0.00032	0.0013	0.00121
TDP2	0.18111	0.29185	0.11403
ACOT13	0.19078	0.71349	0.22031
RP1-30M3.5	0.01066	0.00569	0.00466
C6orf62	0.56578	0.44399	0.34538
RP1-30M3.6	0.00036	0.00101	0
RP3-369A17.4	0.00419	0.00026	0.00022
GMNN	0.11047	0.44742	0.13344
FAM65B	0.13367	0.00591	0.02318
RP11-367G6.3	0.01485	0.00071	0.0017
RP3-522P13.3	0.00123	3e-05	0.00125
LRRC16A	0.01831	0.14645	0.073
SCGN	0.00941	0.24162	0.05439
SLC17A4	0.00016	0.01704	0.01704
SLC17A1	0.00051	0.02922	0.01193
SLC17A3	0.01462	0.46403	0.13392
SLC17A2	0.00085	0.03253	0.01405
TRIM38	0.28615	0.12896	0.17795
U91328.19	0.00287	0.02281	0.0125
U91328.22	0.00022	0.00293	0.00638
HIST1H1A	0.0053	0.0069	0.01502
HIST1H3A	0.00549	0.00163	0.01154
HIST1H4A	0.00342	0.00155	0.00548
HIST1H4B	0.00476	0.0042	0.00941
HIST1H3B	0.00576	0.00777	0.0048
HIST1H2AB	0.00344	0.00306	0.00488
HIST1H2BB	0.00207	0.00057	0.00761
HIST1H3C	0.00229	0.00117	0.00163
HIST1H1C	0.24088	0.91684	0.33279
HFE	0.03593	0.04346	0.02804
HIST1H4C	0.36559	0.41413	0.29559
HIST1H2BC	0.02748	0.17905	0.06362
HIST1H2AC	0.16135	0.52216	0.2374
HIST1H1E	0.09969	0.03121	0.06223
HIST1H2BD	0.03902	0.1265	0.06198
RP1-221C16.8	0.00408	0.00309	0.00365
HIST1H2BE	0.01388	0.00854	0.02229
HIST1H4D	0.00177	0.00062	0.00707
RP1-34B20.21	0.04726	0.02108	0.05339
HIST1H2BF	0.01592	0.00687	0.01551
HIST1H4E	0.01282	0.0102	0.01745
HIST1H2BG	0.06283	0.02839	0.08317
HIST1H2AE	0.01625	0.00479	0.00901
HIST1H3E	0.00378	0.00618	0.00637
HIST1H1D	0.09248	0.0079	0.02167
HIST1H4F	0.00052	0.00027	0.00166
HIST1H3F	0.00241	0.00092	0.00125
HIST1H2BH	0.02455	0.01189	0.04503
HIST1H3G	0.0103	0.00166	0.00251
HIST1H2BI	0.00256	9e-04	0.00208
HIST1H4H	0.02147	0.15451	0.04196
BTN3A2	0.25167	0.12179	0.13564
BTN2A2	0.06331	0.02675	0.03212
BTN3A1	0.08958	0.0441	0.04483
BTN3A3	0.07061	0.03486	0.0414
BTN2A1	0.07353	0.0653	0.06921
HCG11	0.01081	0.00942	0.01416
CTA-14H9.5	0.00296	0.00493	0.00567
HMGN4	0.02795	0.01414	0.01619
ABT1	0.12466	0.22426	0.09774
RP11-457M11.7	0.00085	0.00021	0.00156
ZNF322	0.04971	0.13589	0.0812
RP11-457M11.5	0.00069	0.01056	0.01059
LINC00240	0.00141	0.04	0.01293
RP11-239L20.6	0.00017	0.00164	0.00119
RP1-86C11.7	0.00238	7e-04	0.00192
HIST1H2BJ	0.01821	0.00519	0.01111
HIST1H2AG	0.02074	0.00522	0.03302
HIST1H4I	0.00417	0.00162	0.0056
HIST1H2BK	0.00515	0.01878	0.00564
HIST1H2AH	0.02748	0.00546	0.01531
PRSS16	0.00334	0.08054	0.0329
ZNF391	0.00151	0.01774	0.0066
RP1-153G14.4	0.00027	0.00079	0.00065
ZNF184	0.03672	0.02175	0.02057
LINC01012	0.00154	0.00483	0.00427
HIST1H2BL	0.00201	0.00105	0.0032
HIST1H2AI	0.00478	0.00209	0.00216
HIST1H3H	0.01764	0.05615	0.0306
HIST1H2AJ	0.01082	0.00202	0.0027
HIST1H2BM	0.00245	2e-04	0.00212
HIST1H4J	0.02302	0.03304	0.0199
HIST1H2BN	0.03988	0.06535	0.05855
HIST1H2AK	0.00433	0.00178	0.00211
HIST1H2AL	0.00705	0.00167	0.00611
HIST1H1B	0.02681	0.00327	0.00311
HIST1H3I	0.00147	0.00062	0.0025
HIST1H3J	0.00143	0.00035	0.00374
HIST1H2AM	0.00541	0.00128	0.0021
HIST1H2BO	0.0012	0.00064	0.00024
OR2B6	0.00108	0.00179	0.00233
RP1-313I6.12	0.09535	0.11565	0.08238
ZNF165	0.02155	0.03707	0.02059
ZSCAN16-AS1	0.18318	0.28951	0.14152
ZSCAN16	0.01429	0.02883	0.01147
RP1-265C24.8	0.00265	0.00027	0.00083
ZKSCAN8	0.03633	0.05422	0.04328
ZSCAN9	0.02582	0.03217	0.02678
ZKSCAN4	0.02832	0.01195	0.01028
NKAPL	0.00839	0.00055	0.0085
ZSCAN26	0.03277	0.03251	0.02289
PGBD1	0.01426	0.0057	0.015
ZSCAN31	0.01591	0.1951	0.08672
ZKSCAN3	0.0105	0.01771	0.01299
ZSCAN12	0.00847	0.01574	0.01319
ZSCAN23	8e-05	0.00082	0.00094
ZBED9	0.00061	0.01336	0.00575
RP5-1186N24.3	0.00013	0.00094	0.00027
XXbac-BPG308K3.5	0.00031	0.00133	0
LINC01623	2e-04	0.00023	0.00926
HCG14	0.00107	0.00109	0.00126
TRIM27	0.12942	0.2839	0.20767
LINC01556	0.00042	0.00111	0.00039
HCG15	0.00043	0.00133	0.00164
HCG16	0.00015	0.00562	0.00198
ZNF311	0.002	0.00366	0.00285
UBD	0.01344	0.14968	0.04665
GABBR1	0.01362	0.04379	0.07278
ZFP57	0.00262	6e-05	0
HLA-F	0.45511	0.20323	0.21915
XXbac-BPG170G13.32	5e-04	0.00026	0.00077
HLA-G	0.00225	0.00061	0.00016
HCP5B	7e-05	0.00091	0.00117
HLA-A	2.773	1.54719	1.65571
HCG9	1e-04	0.00046	0.00011
ZNRD1-AS1	0.01869	0.03782	0.05018
ZNRD1	0.21064	0.49335	0.18313
PPP1R11	0.16909	0.34869	0.14428
RNF39	0.00068	0.03031	0.02683
TRIM31	0.00295	0.11773	0.08989
TRIM31-AS1	4e-05	0.00192	0.00083
TRIM10	9e-04	0.03284	0.01405
TRIM15	0.00616	0.24825	0.10046
TRIM26	0.11609	0.17858	0.09929
HCG17	0.00012	0.00132	0.00109
HCG18	0.1384	0.19634	0.16544
TRIM39	0.0237	0.0387	0.02649
RPP21	0.04903	0.14302	0.04161
HLA-E	1.80933	0.74976	0.81995
XXbac-BPG249D20.9	0.00056	0.00257	0.00346
GNL1	0.138	0.19798	0.13059
PRR3	0.03568	0.08908	0.0717
ABCF1	0.28729	0.41507	0.21475
PPP1R10	0.36434	0.24807	0.34975
MRPS18B	0.17266	0.58293	0.20567
ATAT1	0.01257	0.02466	0.03361
C6orf136	0.03281	0.09908	0.05161
DHX16	0.05188	0.09153	0.06848
PPP1R18	0.43621	0.05014	0.09756
NRM	0.06195	0.04115	0.03666
MDC1	0.04034	0.05739	0.05058
MDC1-AS1	0.00031	0.00038	0.00029
TUBB	0.92292	1.31396	0.6924
XXbac-BPG252P9.9	0.00455	0.00307	0.00318
FLOT1	0.29952	0.40293	0.25621
XXbac-BPG252P9.10	0.00902	0.01627	0.00934
IER3	1.23226	1.37328	1.00018
HCG20	0.00142	0.00254	0.00132
LINC00243	0.02784	0.00446	0.00704
DDR1-AS1	0.00018	0.00076	0.00055
DDR1	0.01432	0.33234	0.21194
GTF2H4	0.00222	0.00348	0.00349
VARS2	0.02425	0.06408	0.04423
SFTA2	0.00632	0.43907	0.15778
DPCR1	0.00237	0.09364	0.10804
C6orf15	0	0.00155	0
PSORS1C1	0.00228	0.17213	0.08133
CDSN	0	0.00228	0.00045
PSORS1C2	0	0.00446	0.00357
CCHCR1	0.0295	0.14289	0.08053
TCF19	0.03322	0.03063	0.01593
POU5F1	0.00166	0.04498	0.02861
XXbac-BPG299F13.17	0.04395	0.03254	0.06216
HCG27	0.00537	0.0154	0.01687
HLA-C	2.44633	1.12327	1.16961
HLA-B	3.05202	1.08945	1.39422
XXbac-BPG181B23.7	0.00612	0.00656	0.00611
MICA	0.04628	0.04677	0.04338
MICB	0.06951	0.00499	0.01271
MCCD1	0.00135	0.04971	0.01004
DDX39B	0.21573	0.18645	0.2496
DDX39B-AS1	0.00047	0.00136	0
ATP6V1G2	0.00149	0.00245	0.00309
NFKBIL1	0.06848	0.17085	0.0955
LTA	0.04239	0.00201	0.00391
TNF	0.35241	0.02085	0.04863
LTB	0.73864	0.05677	0.08681
LST1	0.82884	0.04238	0.09223
NCR3	0.11416	0.00389	0.00879
AIF1	1.41814	0.09944	0.20459
PRRC2A	0.13405	0.25946	0.21667
BAG6	0.15206	0.37197	0.19476
APOM	0.22345	1.96359	0.90286
C6orf47	0.04687	0.05895	0.04501
C6orf47-AS1	0.00048	0.00071	0
GPANK1	0.09655	0.27283	0.10312
CSNK2B	0.45769	0.98941	0.43912
LY6G5B	0.00369	0.00199	0.00269
LY6G5C	0.01654	0.01099	0.01022
ABHD16A	0.01549	0.03298	0.02247
C6orf25	0.00143	0.00082	0.00026
LY6G6C	0.00125	0.00276	0.00114
DDAH2	0.35665	0.47565	0.29894
CLIC1	1.45821	1.87239	1.04488
MSH5	0.00558	0.00754	0.00963
MSH5-SAPCD1	0.00011	8e-04	0.00071
SAPCD1-AS1	0.00029	0.00397	0.00409
VWA7	0.00113	0.01065	0.00504
VARS	0.08369	0.4385	0.20067
LSM2	0.32384	0.96148	0.3296
HSPA1L	0.01957	0.00981	0.00679
HSPA1A	3.09594	1.97234	2.22022
HSPA1B	2.26708	1.26272	1.55251
C6orf48	0.30203	0.84055	0.48831
NEU1	0.5091	0.7562	0.45964
SLC44A4	0.01109	0.37287	0.22226
EHMT2	0.066	0.26701	0.14165
EHMT2-AS1	3e-05	0.00089	0.00037
C2	0.21704	0.92078	0.51235
ZBTB12	0.00047	0.00152	0.00165
CFB	0.0626	0.9409	0.55948
NELFE	0.21456	0.6115	0.22572
SKIV2L	0.04876	0.11976	0.08462
DXO	0.02961	0.16187	0.08718
STK19	0.06216	0.19818	0.1265
C4A	0.00059	0.00566	0.00618
C4B	0.00044	0.00609	0.00723
CYP21A2	0.00116	0.02666	0.0231
TNXB	0.00216	0.0137	0.03135
ATF6B	0.13783	0.3407	0.27879
FKBPL	0.02143	0.12217	0.03079
PRRT1	0.00273	0.01821	0.02027
PPT2	0.00948	0.08908	0.037
PPT2-EGFL8	0.00074	0.00312	0.0026
EGFL8	0.00241	0.00645	0.01021
AGPAT1	0.08672	0.38705	0.15985
RNF5	0.16108	0.73581	0.26752
AGER	0.01514	0.02333	0.03788
PBX2	0.10307	0.29731	0.18799
GPSM3	0.60969	0.088	0.11752
NOTCH4	0.01376	0.00613	0.08268
XXbac-BPG154L12.4	0.00035	0.00044	0.00058
HLA-DRA	2.23748	0.58314	0.62536
HLA-DRB5	1.19465	0.1316	0.17793
HLA-DRB1	2.12724	0.59519	0.5589
HLA-DQA1	1.15491	0.07777	0.15601
HLA-DQB1	1.34621	0.15362	0.21455
HLA-DQA2	0.09938	0.00832	0.03343
HLA-DQB2	0.00484	0.00037	4e-04
HLA-DOB	0.00747	0.00317	0.0014
TAP2	0.11652	0.12911	0.09215
PSMB8	0.5107	0.2285	0.20816
PSMB8-AS1	0.12308	0.01409	0.03387
PSMB9	0.56384	0.15549	0.16101
TAP1	0.20782	0.08768	0.09101
HLA-DMB	0.50403	0.08151	0.08703
HLA-DMA	0.86638	0.33685	0.20443
BRD2	0.52465	0.42435	0.37454
HLA-DOA	0.09742	0.00337	0.0118
HLA-DPA1	1.55585	0.12281	0.27229
HLA-DPB1	1.48775	0.17355	0.27215
COL11A2	0.00028	0.0071	0.00272
RXRB	0.05042	0.08614	0.0743
SLC39A7	0.08882	0.38232	0.19744
HSD17B8	0.03789	0.12817	0.03338
RING1	0.08145	0.12238	0.10165
XXbac-BPG157A10.21	0.00039	0.00114	0.00112
HCG25	0.00199	0.00245	0.00104
VPS52	0.03903	0.09353	0.05868
RPS18	3.53087	3.85065	2.96482
B3GALT4	0.05623	0.05599	0.04296
WDR46	0.10332	0.22564	0.13306
PFDN6	0.18582	0.60161	0.25726
RGL2	0.07203	0.12843	0.16288
TAPBP	0.60407	0.47268	0.42162
ZBTB22	0.02498	0.02767	0.02584
DAXX	0.10585	0.1365	0.07747
KIFC1	0.04039	0.02797	0.01512
PHF1	0.16238	0.11959	0.13739
CUTA	0.56627	1.18532	0.5841
SYNGAP1	0.02714	0.04558	0.06329
XXbac-BPG294E21.9	0.00213	0.00407	0.00462
ZBTB9	0.00055	0.00282	0.00022
BAK1	0.07961	0.08453	0.04424
LINC00336	0.00019	0.00067	0.00049
ITPR3	0.0213	0.0903	0.07814
UQCC2	0.33516	0.85566	0.3014
IP6K3	0.00016	0.01019	0.0032
LEMD2	0.05872	0.07991	0.07992
GRM4	8e-05	0.00041	0.00068
HMGA1	0.29968	0.73402	0.23434
C6orf1	0.11834	0.11097	0.07178
NUDT3	0.32363	0.36578	0.25142
RPS10	2.15608	2.81337	1.68485
PACSIN1	0.00128	0.00245	0.00191
SPDEF	0.00127	0.07899	0.04654
C6orf106	0.07742	0.18577	0.09136
RP11-140K17.3	0.04165	0.14917	0.06531
SNRPC	0.36043	0.82402	0.32902
UHRF1BP1	0.08066	0.12324	0.07289
TAF11	0.16329	0.33962	0.1668
ANKS1A	0.05394	0.07103	0.05207
SCUBE3	0.00124	0.0011	0.00441
RP3-329A5.8	0.00151	0.00355	0.00532
ZNF76	0.0348	0.07238	0.06409
DEF6	0.17644	0.05831	0.05735
PPARD	0.06155	0.04113	0.0344
FANCE	0.01189	0.01499	0.01415
RPL10A	2.27933	2.60323	1.73606
TEAD3	0.00317	0.06638	0.06559
FKBP5	0.22362	0.10384	0.08249
ARMC12	0.00044	0.00445	0.00144
CLPSL1	0.00016	0.00615	0.00312
LHFPL5	0	0.00094	0
SRPK1	0.12314	0.36666	0.15146
SLC26A8	0.00069	0.001	0.00039
MAPK14	0.14269	0.18837	0.13401
MAPK13	0.07802	0.0833	0.05005
RP1-179N16.6	0.00172	0.00317	0.00534
BRPF3	0.02403	0.09804	0.0577
C6orf222	0.00058	0.02059	0.02214
ETV7	0.02115	0.01678	0.01332
PXT1	0.00254	0.00063	0.00151
KCTD20	0.22269	0.214	0.13263
STK38	0.09935	0.11868	0.08604
SRSF3	1.20987	0.98347	0.71963
CDKN1A	0.46769	0.16001	0.26465
RAB44	0.00127	5e-05	0.00064
CPNE5	0.01411	0.00238	0.01558
PPIL1	0.05029	0.19707	0.05384
C6orf89	0.12061	0.18593	0.11543
PI16	0.00056	0.00051	0.00399
MTCH1	0.31105	0.49689	0.30848
FGD2	0.13717	0.00895	0.02645
PIM1	0.29612	0.06584	0.07972
TMEM217	0.00494	0.00301	0.00536
TBC1D22B	0.02025	0.0284	0.023
RNF8	0.06606	0.09004	0.05411
CMTR1	0.04308	0.05535	0.0518
CCDC167	0.25172	0.51701	0.17001
MDGA1	2e-04	0.00023	0.00866
RP3-441A12.1	0.00035	0.00022	0.00056
ZFAND3	0.10958	0.17998	0.11174
BTBD9	0.02618	0.02725	0.0258
GLO1	0.22699	0.62438	0.23597
DNAH8	0.00194	0.00278	0.00103
RP1-207H1.3	0.00134	5e-05	0
GLP1R	5e-05	0.00591	0.00165
SAYSD1	0.07226	0.13942	0.06561
KCNK5	0.00471	0.06098	0.03923
KCNK17	0.00174	5e-04	0.01236
KIF6	0.00033	0.01147	0.00257
DAAM2	0.00016	0.00139	0.05483
RP11-61I13.3	3e-05	0.00041	0.00065
MOCS1	0.00142	0.03582	0.02483
UNC5CL	0.00432	0.08665	0.05464
OARD1	0.14769	0.33141	0.14103
TSPO2	0.00017	0.01281	0.00565
NFYA	0.04988	0.04746	0.03149
TREML1	0.00578	0.00026	0.00161
TREM2	0.32794	0.01394	0.03273
TREM1	0.09968	0.00928	0.02041
FOXP4-AS1	0.001	0.05031	0.01252
FOXP4	0.02652	0.10357	0.06959
MDFI	0.00042	0.05115	0.0441
TFEB	0.09185	0.04807	0.04377
PGC	0.0012	0.06785	0.01299
FRS3	0.01082	0.01019	0.00901
PRICKLE4	0.00924	0.02204	0.02028
USP49	0.01807	0.02354	0.02596
MED20	0.02401	0.06761	0.03307
BYSL	0.02101	0.09094	0.03085
CCND3	0.20127	0.09159	0.09013
TAF8	0.04272	0.06889	0.06184
RP11-7K24.3	0.00074	0.03322	0.01411
C6orf132	0.00224	0.12253	0.07402
MRPS10	0.17658	0.36754	0.13623
TRERF1	0.04214	0.0206	0.02935
UBR2	0.12514	0.14363	0.10507
PRPH2	0.00017	0.00158	0.00132
TBCC	0.14229	0.12279	0.08587
GLTSCR1L	0.05802	0.04854	0.04057
RPL7L1	0.25783	0.39042	0.19467
C6orf226	0.05691	0.07129	0.04071
PTCRA	0.00689	0.00034	0.00019
CNPY3	0.44642	0.24903	0.18062
RP3-475N16.1	0.00376	0.00078	0.00119
GNMT	0.00275	0.00594	0.0016
PEX6	0.01115	0.03173	0.02505
PPP2R5D	0.03873	0.05141	0.03645
MEA1	0.19628	0.35873	0.13061
KLHDC3	0.1024	0.16599	0.11118
RRP36	0.1305	0.18419	0.08328
RP1-20C7.6	8e-05	0.00261	0.00198
CUL7	0.01367	0.07439	0.05698
KLC4	0.01872	0.12119	0.07296
MRPL2	0.11366	0.31301	0.13647
PTK7	0.00052	0.0085	0.02457
SRF	0.04917	0.05512	0.05922
CUL9	0.06547	0.04379	0.04214
DNPH1	0.4074	1.07339	0.34616
TTBK1	0.00085	0.00089	9e-05
SLC22A7	0.00028	0.00791	0.00632
CRIP3	0.00141	0.01754	0.00331
ZNF318	0.04062	0.07904	0.05669
ABCC10	0.02863	0.03759	0.03913
DLK2	0.00109	0.01213	0.00421
TJAP1	0.0386	0.0945	0.07003
LRRC73	0.00042	0.0022	0.00235
POLR1C	0.03998	0.1249	0.05676
YIPF3	0.21591	0.65564	0.2967
RP3-337H4.9	0.00099	0.00222	0.00046
XPO5	0.03552	0.09329	0.05662
POLH	0.03018	0.02094	0.02274
RP3-337H4.8	0.00084	0.00037	0
GTPBP2	0.06292	0.1115	0.09047
MAD2L1BP	0.05693	0.12494	0.0442
RSPH9	8e-04	0.00076	0.00675
MRPS18A	0.10002	0.37276	0.12325
VEGFA	0.38628	0.67235	0.67491
RP1-261G23.7	0.00218	0.00331	0.00423
RP5-1120P11.1	0.00088	0.00491	0.00459
C6orf223	0.00327	0.04499	0.01841
RP5-1120P11.3	0.00233	0.00025	0.00018
MRPL14	0.32251	0.88332	0.29937
TMEM63B	0.05311	0.19343	0.14565
CAPN11	0.00131	0.00011	0.00398
RP1-302G2.5	8e-05	9e-04	2e-04
SLC29A1	0.08637	0.10339	0.09581
HSP90AB1	2.20445	2.29548	1.55161
SLC35B2	0.08624	0.23469	0.10674
NFKBIE	0.19725	0.0704	0.04815
AARS2	0.01409	0.02657	0.01915
CDC5L	0.2373	0.33137	0.16588
SUPT3H	0.04124	0.12769	0.04554
RUNX2	0.05427	0.0063	0.00986
RP1-244F24.1	0.01325	0.00106	0.00118
CLIC5	0.01428	0.00649	0.00925
RP1-8B1.4	0.00077	0.00217	0.00019
ENPP4	0.06062	0.13344	0.07574
ENPP5	0.00204	0.05595	0.02372
RCAN2	0.00529	0.01103	0.06175
CYP39A1	0.00019	0.02112	0.01116
SLC25A27	0.00135	0.01651	0.02551
TDRD6	0.0013	0.01057	0.01624
PLA2G7	0.44275	0.01798	0.04283
ANKRD66	0.00234	2e-04	0.00029
MEP1A	0.0034	0.05692	0.025
ADGRF5	0.00117	0.00232	0.15323
ADGRF1	4e-04	0.02753	0.0299
TNFRSF21	0.08792	0.18988	0.0996
RP11-385F7.1	0.00326	0.03623	0.03345
CD2AP	0.17137	0.45485	0.26774
ADGRF4	0.00021	0.00376	0.00288
PTCHD4	0.00014	0.00107	0.00031
MUT	0.06066	0.12547	0.06355
CENPQ	0.04726	0.06712	0.0318
C6orf141	0.00076	0.05482	0.05597
CRISP2	0	0.00145	0.00166
CRISP3	0.00491	0.17862	0.0912
RP3-417L20.4	0.00013	0.00521	0.00044
CRISP1	0	0.00077	0.00025
RP11-397G17.1	0.0054	0.18642	0.04447
PKHD1	0.00115	0.0621	0.06038
IL17A	0.00834	0.00117	0.0011
MCM3	0.09205	0.15495	0.09185
PAQR8	0.0431	0.0723	0.03484
EFHC1	0.02786	0.0751	0.09785
TRAM2	0.02518	0.03868	0.04888
TRAM2-AS1	0.01095	0.02452	0.01915
TMEM14A	0.06435	0.58939	0.16
GSTA2	0.00099	0.0265	0.00652
GSTA1	0.0106	0.32826	0.0909
GSTA4	0.01449	0.31281	0.14875
ICK	0.04149	0.10857	0.0545
FBXO9	0.12156	0.20472	0.14177
GCM1	0.00032	8e-04	0.00109
ELOVL5	0.25775	0.22874	0.14819
RP3-483K16.4	0.00037	0.00028	0.00021
GCLC	0.14957	0.2447	0.12697
RP1-27K12.4	6e-05	7e-04	0.00042
RP1-27K12.2	0.00049	0.01945	0.00647
LINC01564	0.00119	0.0113	0.00274
KLHL31	5e-04	0.01018	0.00957
RP11-79N23.1	0	0.00047	0.00102
LRRC1	0.00613	0.09363	0.05932
MLIP	0.00079	0.02315	0.00649
RP11-411K7.1	5e-05	0.00308	0.0018
MLIP-AS1	0	0.00098	0.00062
TINAG	0.00615	0.27113	0.09114
RP11-524H19.2	0	0.00113	0
FAM83B	0.00015	0.02626	0.01549
HMGCLL1	9e-05	0.00265	0.00181
BMP5	0.00028	0.00393	0.00723
COL21A1	6e-04	0.01636	0.02944
DST	0.21785	0.67519	0.68503
BEND6	0.00095	0.01032	0.00386
KIAA1586	0.04827	0.07387	0.0395
ZNF451	0.20585	0.20859	0.20019
RP11-203B9.4	0.00098	0.00153	0.00284
BAG2	0.04266	0.18962	0.06526
RAB23	0.00721	0.01777	0.02432
PRIM2	0.05787	0.09014	0.05824
XXbac-BPGBPG55C20.3	0.00034	0.00073	0.00116
XXbac-BPGBPG55C20.2	0.01588	0.05386	0.06078
LINC00680	0.01859	0.02755	0.03117
XXbac-BPG55C20.7	1e-04	0.0012	0.00042
KHDRBS2	0.00155	2e-05	0
FKBP1C	0.00052	0.00089	0.00046
LGSN	0	0.00138	0.00238
PTP4A1	0.48879	0.7992	0.44937
RP5-1148A21.3	0.00524	0.02525	0.01328
PHF3	0.32171	0.45162	0.35211
EYS	0.00185	0.05028	0.01966
RP11-59D5--B.2	0.00083	0.0122	0.00413
RP11-301G19.1	0.00022	0.00412	0.00269
RP3-525N10.2	0.00019	0	0.01719
ADGRB3	0.00022	0.00019	0.01235
LMBRD1	0.21652	0.27833	0.16471
COL19A1	0.00119	5e-05	0.00023
COL9A1	9e-05	0.00349	0.00834
RP11-462G2.1	0.00306	0.01126	0.00591
RP11-462G2.2	0.00015	0.00097	0.002
FAM135A	0.04327	0.16354	0.09444
SDHAF4	0.03027	0.06823	0.03274
RP11-134K13.4	0.00014	0.00087	0.00051
SMAP1	0.24146	0.19409	0.13363
B3GAT2	0.02726	0.01358	0.01874
OGFRL1	0.38616	0.07666	0.08266
LINC00472	0.00114	0.0124	0.0261
KCNQ5	0.0027	0.00013	0.00047
KHDC1	0.0052	0.00601	0.00489
RP11-398K22.12	0.01026	0.01064	0.01115
OOEP	0.00064	0.00922	0.00749
DDX43	0.00467	0.01297	0.01068
MB21D1	0.22197	0.03669	0.04506
MTO1	0.07041	0.07247	0.04625
RP11-505P4.6	0.00128	0.00047	0.00146
EEF1A1	3.67147	3.7535	2.91643
RP11-505P4.7	0.00018	0.00061	0.00053
SLC17A5	0.14294	0.16792	0.08547
RP11-553A21.3	0.00357	0.00023	0.00093
CD109	0.21843	0.0869	0.08261
COL12A1	0.00035	0.02147	0.08077
COX7A2	1.08847	1.47377	0.75002
TMEM30A	0.26413	0.26544	0.21919
RP1-234P15.4	0.00232	0.00389	0.00362
FILIP1	0.00142	0.00094	0.12483
SENP6	0.2353	0.23666	0.22395
MYO6	0.0123	0.35449	0.2663
HTR1B	8e-05	0.001	0.00112
MEI4	0	0.00872	0.00218
IRAK1BP1	0.00737	0.02169	0.01786
PHIP	0.35836	0.28975	0.27012
HMGN3	0.39247	0.77324	0.40228
HMGN3-AS1	0.00476	0.01574	0.01865
LCA5	0.00421	0.0207	0.03095
RP11-177G23.2	0.00015	0.00127	0.00021
SH3BGRL2	0.0024	0.11991	0.06383
ELOVL4	0.00768	0.00092	0.00848
TTK	0.02704	0.03895	0.00999
BCKDHB	0.02911	0.06478	0.03127
RP11-250B2.6	0.00118	0.0019	0.00109
RP11-250B2.3	5e-04	0.0011	0.00146
RP11-250B2.5	0.00029	0.00117	0.00033
FAM46A	0.42941	0.21498	0.25933
LINC01526	0.00185	0.00032	0.00089
RP11-379B8.1	0.00638	0.02258	0.00597
IBTK	0.17193	0.2714	0.17436
TPBG	0.00552	0.12097	0.11031
UBE3D	0.02046	0.04363	0.03999
DOPEY1	0.03963	0.04335	0.03897
PGM3	0.07249	0.18436	0.10487
RWDD2A	0.01241	0.03721	0.0216
ME1	0.07769	0.01957	0.01054
PRSS35	0.00172	0.00014	0.0062
CYB5R4	0.19231	0.0649	0.05443
MRAP2	0.00034	0.01778	0.01049
CEP162	0.04004	0.0477	0.04341
LINC01611	7e-05	0.00858	0.00182
TBX18	0.00084	0.08205	0.03915
RP11-30P6.6	0.00091	0.05358	0.01554
NT5E	0.00912	0.25373	0.08636
SNX14	0.15267	0.16231	0.11778
RP11-321N4.5	0.00046	0.00032	0.00013
SYNCRIP	0.39345	0.45475	0.26991
CGA	0.00828	0.00337	0.00288
RP11-393I2.4	0.0118	0.00519	0.01678
ZNF292	0.4215	0.28195	0.32969
GJB7	0.00138	0.02852	0.01111
SMIM8	0.05991	0.09131	0.07078
C6orf163	0.0013	0.00405	0.00429
RP3-382I10.7	0.00082	0.00052	0
SLC35A1	0.05396	0.16637	0.07503
RARS2	0.08842	0.13631	0.07758
ORC3	0.08551	0.09228	0.0615
AKIRIN2	0.2506	0.08947	0.07271
CNR1	0.00083	0.00602	0.00808
RP11-459O1.2	4e-05	4e-04	0
RNGTT	0.08194	0.0493	0.04173
RP11-63L7.5	0.00298	7e-04	0.00142
PNRC1	1.49753	0.5468	0.66526
SRSF12	0.00296	0.0241	0.00768
PM20D2	0.03027	0.12072	0.06202
GABRR1	0.00019	0.00284	0.00089
UBE2J1	0.26538	0.18768	0.15385
RRAGD	0.17378	0.08776	0.03378
ANKRD6	0.01385	0.02395	0.0182
LYRM2	0.19793	0.25756	0.13837
MDN1	0.04938	0.08143	0.07285
CASP8AP2	0.09163	0.07452	0.07223
BACH2	0.03442	0.00371	0.00985
MAP3K7	0.09424	0.08637	0.08035
MANEA-AS1	0.02893	0.02209	0.03287
MANEA	0.07564	0.17082	0.08127
FUT9	0	0.02883	0.00669
UFL1	0.19019	0.44262	0.18506
FHL5	3e-05	0	0.00869
GPR63	0.00074	0.00038	0.00281
NDUFAF4	0.0905	0.20224	0.08672
KLHL32	0.00054	0.00294	0.00142
MMS22L	0.04533	0.04867	0.04862
RP11-436D23.1	0	0.00037	0.00022
FBXL4	0.05038	0.10532	0.0752
FAXC	0.00045	0.00149	0.00081
COQ3	0.02034	0.04817	0.02101
PNISR	0.63817	0.57769	0.74838
RP11-98I9.4	0.00616	0.01412	0.00649
USP45	0.02671	0.03365	0.0283
TSTD3	0.00957	0.01898	0.00702
CCNC	0.15997	0.24864	0.14243
RP1-199J3.7	0.00052	0.00118	0.00188
PRDM13	0.00022	0.00212	0.00041
ASCC3	0.15168	0.16204	0.11532
RP3-467N11.1	0.00516	0.00885	0.01158
GRIK2	0.00062	0.02825	0.01121
HACE1	0.024	0.01698	0.02387
LIN28B	0.00409	0.13683	0.0344
BVES	0.00021	0	0.00743
POPDC3	8e-04	0.0435	0.00851
RP3-355L5.5	0.00049	0.00055	0.00102
PREP	0.05415	0.09954	0.04214
PRDM1	0.40798	0.02847	0.07489
ATG5	0.16389	0.15457	0.08852
AIM1	0.19634	0.08301	0.05746
RP3-335E1.1	1e-04	0.00217	0.00031
RTN4IP1	0.0166	0.03243	0.00597
QRSL1	0.06001	0.05949	0.03507
RP1-60O19.1	0.00111	0.11807	0.07573
CD24	0.02961	0.7489	0.35996
C6orf203	0.04956	0.13972	0.05911
BEND3	0.00344	0.01859	0.00974
PDSS2	0.04682	0.06957	0.03398
SOBP	0.00334	0.02976	0.03695
SCML4	0.07421	0.00313	0.00983
SEC63	0.21528	0.32605	0.21275
RP1-191J18.66	0.0076	0.01	0.02178
RP1-111B22.3	0.00075	3e-04	0.00156
OSTM1	0.18074	0.08305	0.09199
SNX3	0.89796	0.7977	0.50024
LACE1	0.01464	0.01869	0.01312
FOXO3	0.22489	0.15505	0.15892
ARMC2	0.00821	0.00751	0.00865
SESN1	0.129	0.04404	0.05877
RP11-787I22.3	0.00065	0.00054	0.00021
CEP57L1	0.04798	0.03985	0.04308
CD164	0.82671	0.92133	0.64379
RP11-425D10.10	0.00428	0.00345	0.00758
PPIL6	0.00111	0.01505	0.00351
SMPD2	0.02731	0.03761	0.02076
MICAL1	0.10811	0.01792	0.04135
ZBTB24	0.07082	0.04223	0.03756
AK9	0.0265	0.03951	0.04158
FIG4	0.05372	0.02427	0.02886
WASF1	0.00286	0.02399	0.01627
CDC40	0.22497	0.15596	0.12722
METTL24	0.00054	4e-05	0.00146
DDO	0.00949	0.00304	0.00292
SLC22A16	0.00319	0.00011	0.00072
CDK19	0.0966	0.07296	0.07694
AMD1	0.55591	0.41778	0.33887
GTF3C6	0.40574	0.50852	0.22959
RPF2	0.15357	0.29294	0.11595
SLC16A10	0.06449	0.01471	0.00962
KIAA1919	0.04074	0.05856	0.05232
RP5-1112D6.4	0.00407	0.01454	0.00732
RP5-1112D6.7	0.0062	0.01172	0.0085
REV3L	0.16258	0.09045	0.17332
RP5-1112D6.8	0.00738	0.01342	0.01387
TRAF3IP2-AS1	0.02183	0.01472	0.028
TRAF3IP2	0.01476	0.04929	0.02623
C6orf3	0.00208	0.00088	0.00222
FYN	0.49301	0.06474	0.13182
TUBE1	0.04115	0.0784	0.05868
FAM229B	0.00983	0.0738	0.03376
LAMA4	0.00567	0.17751	0.23362
RP1-142L7.9	6e-05	0.00105	0.0044
RP1-142L7.8	3e-05	0.00288	0.0104
RP1-124C6.1	0.00061	0.01324	0.00414
RP11-367G18.1	0.00225	0.00149	0.00078
MARCKS	1.33448	1.38002	0.92364
LINC01268	0.00617	0.06339	0.0484
HDAC2	0.23363	0.48632	0.22019
RP3-399L15.3	0.0064	0.00268	0.00203
HS3ST5	1e-04	0.01404	0.00259
FRK	0.00207	0.1004	0.04628
NT5DC1	0.07076	0.16128	0.07612
COL10A1	0.00043	0.00115	0.00533
TSPYL4	0.06639	0.02661	0.05884
DSE	0.21432	0.0118	0.04928
RP3-486I3.7	0.00505	0.00069	0.00568
TSPYL1	0.29296	0.22299	0.14935
FAM26F	0.24322	0.01046	0.02735
TRAPPC3L	0.00038	5e-05	7e-04
FAM26E	0.00027	3e-05	0.01388
RWDD1	0.48044	0.43483	0.29439
RSPH4A	0.00038	0.00028	0.0014
ZUFSP	0.05799	0.04367	0.03745
KPNA5	0.0592	0.04967	0.05215
FAM162B	0.00105	0.00115	0.12202
RFX6	0	0.00049	0
ROS1	0	0.00206	7e-04
DCBLD1	0.03227	0.06787	0.06267
GOPC	0.12755	0.18111	0.10486
NUS1	0.13868	0.16105	0.09023
SLC35F1	0	0.00023	0.00268
CEP85L	0.11341	0.0653	0.08731
PLN	0.00111	7e-05	0.04487
MCM9	0.03129	0.04057	0.03345
ASF1A	0.11324	0.08529	0.04413
FAM184A	0.0144	0.02263	0.01929
MAN1A1	0.22666	0.39638	0.24486
TBC1D32	0.01097	0.01673	0.0198
GJA1	0.00117	0.02068	0.08176
HSF2	0.03543	0.03769	0.03542
SERINC1	0.49225	0.36202	0.31226
PKIB	0.03965	0.59156	0.12126
FABP7	0	0.00059	0.00024
SMPDL3A	0.25437	0.12204	0.08161
NKAIN2	4e-04	0.02373	0.013
RNF217-AS1	0.00099	0.00017	0.00167
RNF217	0.05723	0.0027	0.03503
TPD52L1	0.00183	0.08483	0.05323
HDDC2	0.12448	0.24205	0.11389
RP11-624M8.1	0	0.00076	0.0033
RP1-293L8.2	0.00013	0.00462	0.01039
HEY2	0.00042	0.00401	0.05641
NCOA7	0.33984	0.56517	0.42147
HINT3	0.11823	0.18381	0.09003
TRMT11	0.06086	0.20007	0.15228
RP11-527F13.1	6e-05	0.00074	0.00105
CENPW	0.10181	0.17599	0.05417
RSPO3	0.00014	0	0.01047
RNF146	0.09881	0.09707	0.10181
ECHDC1	0.21833	0.29878	0.15695
C6orf58	0.00011	0.00038	0.00047
THEMIS	0.06711	0.00229	0.00857
PTPRK	0.00696	0.28701	0.24189
LAMA2	0.00179	0.00113	0.01764
RP1-69D17.3	5e-04	0.00033	0
RP1-69D17.4	0.00036	0.00058	0.0013
ARHGAP18	0.5134	0.23951	0.16525
L3MBTL3	0.04181	0.0478	0.04542
RP11-73O6.3	0.00077	0	0.00037
SAMD3	0.07922	0.00303	0.00656
TMEM200A	0.01035	0.00028	0.00361
SMLR1	0.00401	0.15947	0.03338
EPB41L2	0.27332	0.11999	0.16492
AKAP7	0.0577	0.0231	0.01591
ARG1	0.00255	0.09355	0.01597
MED23	0.09915	0.08735	0.09202
ENPP3	0.00173	0.00075	0
ENPP1	0.00888	0.08262	0.05972
CTGF	0.00886	0.30746	0.28482
RP11-69I8.3	0	0.00062	8e-04
RP3-523C21.2	0	0.00062	0.00043
LINC01013	0.00037	0.00012	0.00164
MOXD1	9e-04	0.00173	0.00491
STX7	0.34507	0.19096	0.16058
VNN1	0.01407	0.14706	0.14113
VNN3	0.00339	0.09451	0.06034
VNN2	0.02749	0.05177	0.02595
SLC18B1	0.07865	0.07924	0.05517
RPS12	3.45037	3.60703	2.70523
EYA4	0.00092	0.00825	0.00743
RP11-704J17.5	0	5e-04	0.00072
TCF21	0.00025	9e-05	0.02362
TBPL1	0.11145	0.1159	0.0621
SLC2A12	5e-05	0.0186	0.00632
SGK1	0.92778	0.19429	0.31781
RP11-557H15.3	0.00292	0.00032	9e-04
LINC01010	0.00415	0.00068	0.00122
RP11-557H15.4	0.00511	0.00032	0.00285
ALDH8A1	0.00121	0.00581	0.00371
HBS1L	0.10472	0.10322	0.0791
CTA-212D2.2	0.00104	0.00015	0.00017
MYB	0.00702	0.00873	0.00485
AHI1	0.09782	0.11511	0.22703
RP3-388E23.2	0.00014	0.00061	0
LINC00271	0.00115	0.00152	0.00156
PDE7B	0.00654	0.00314	0.03011
RP13-143G15.4	0.00017	0.00213	0.00188
MTFR2	0.01954	0.01531	0.00329
BCLAF1	0.53242	0.36942	0.34632
RP3-406A7.7	0.00081	0.00877	0.00414
MAP7	0.01825	0.10833	0.05893
RP3-325F22.5	0.00358	0.00843	0.00921
MAP3K5	0.10267	0.08896	0.07465
PEX7	0.02761	0.06243	0.02508
IL20RA	0.00099	0.08779	0.03582
IFNGR1	0.63342	0.2039	0.19797
RP11-95M15.1	7e-05	0.00096	0.00141
RP11-356I2.1	0.00541	6e-05	6e-04
RP11-356I2.4	0.06109	0.00601	0.01451
TNFAIP3	1.19517	0.12453	0.24744
RP11-10J5.1	0.00077	0.00017	0
PERP	0.11035	1.19033	0.47963
ARFGEF3	0.0033	0.08855	0.05282
HEBP2	0.20291	0.46385	0.23281
NHSL1	0.01786	0.06046	0.05202
RP11-390P2.4	0.03551	0.00948	0.0248
GVQW2	0.00117	0.00333	0.00274
CCDC28A	0.14348	0.15999	0.09438
ECT2L	0.00208	0.00075	0.00156
REPS1	0.06541	0.05703	0.04675
ABRACL	0.6232	0.20803	0.14624
HECA	0.26715	0.06579	0.10351
RP1-225E12.2	0.00118	0.00016	0.00058
TXLNB	0.01394	0.01613	0.0127
RP11-445F6.2	0.00117	0	0.00044
CITED2	0.40812	0.23971	0.18894
RP5-899B16.1	0.00316	0.00057	2e-04
RP3-460G2.2	0.03469	0.00123	0.00443
VTA1	0.16132	0.16192	0.08359
RP11-753B14.1	0	0.00314	0.00218
ADGRG6	0.09402	0.4891	0.23719
RP11-440G9.1	0	0.00053	0.00019
HIVEP2	0.08786	0.02856	0.05997
RP1-67K17.4	0.00333	3e-04	0.00064
RP1-45I4.3	0	0.00084	0.00043
AIG1	0.15797	0.41531	0.19585
ADAT2	0.03279	0.04725	0.05223
PEX3	0.04163	0.0597	0.02756
FUCA2	0.17493	0.27145	0.14225
PHACTR2	0.3703	0.13019	0.19432
LTV1	0.0756	0.08573	0.05239
PLAGL1	0.10378	0.01863	0.07072
SF3B5	0.61969	0.52099	0.3109
STX11	0.19722	0.00932	0.02344
UTRN	0.37907	0.20605	0.25834
EPM2A	0.00828	0.00547	0.00262
RP3-466P17.1	0.00767	0.00229	0.00324
AL023806.1	0.00109	0.00069	0.00088
FBXO30	0.05513	0.02744	0.03619
RP11-545I5.3	0.00644	0.004	0.00344
SHPRH	0.12134	0.09913	0.14723
GRM1	0.00047	0.00061	0.00033
RAB32	0.35548	0.22207	0.09579
ADGB	0.00106	0.00054	0.00035
STXBP5-AS1	0.00305	0.00225	0.00718
STXBP5	0.03364	0.04488	0.04611
SAMD5	0.00147	0.08358	0.05059
RP11-307P5.1	0	0.0035	0.00132
SASH1	0.17178	0.03267	0.09178
UST	0.02267	0.00345	0.00408
TAB2	0.23287	0.07437	0.07049
SUMO4	0.05495	0.01045	0.01505
ZC3H12D	0.09933	0.00544	0.01035
PPIL4	0.22884	0.12548	0.11378
GINM1	0.18683	0.1258	0.14582
RP1-12G14.7	0.00261	0.00042	0.00211
KATNA1	0.08479	0.04351	0.03511
LATS1	0.1022	0.06064	0.07552
AL358852.1	0.00205	0.00192	0.00308
NUP43	0.04258	0.03602	0.03208
PCMT1	0.30281	0.25636	0.15006
RP11-350J20.5	0.00115	0.00118	0.00043
LRP11	0.00924	0.0627	0.04049
RP11-350J20.12	5e-04	0.09466	0.01855
RAET1E	0.00016	0.00038	0.00057
RAET1G	1e-04	0.00075	0.00082
ULBP2	0.0222	0.00723	0.0144
ULBP1	0.00349	0.00035	0.00262
RAET1L	0	0.00363	0.00158
PPP1R14C	0.00315	0.0288	0.01978
IYD	0.00033	0.03169	0.02673
PLEKHG1	0.01394	0.02538	0.06163
MTHFD1L	0.05604	0.08736	0.05136
AKAP12	0.00938	0.00519	0.09021
ZBTB2	0.04774	0.03079	0.01828
RMND1	0.04891	0.0513	0.02659
ARMT1	0.17608	0.11094	0.06581
CCDC170	0.08067	0.01558	0.01571
ESR1	0.01559	0.00131	0.00564
SYNE1	0.14355	0.04723	0.14115
MYCT1	0.00011	0.00042	0.05355
FBXO5	0.04731	0.02702	0.01993
MTRF1L	0.07494	0.06189	0.05988
RGS17	0.00091	0.00107	0.00421
IPCEF1	0.09992	0.0071	0.01242
CNKSR3	0.01235	0.04537	0.06233
SCAF8	0.09023	0.05153	0.06531
TIAM2	0.02514	0.02206	0.02079
RP11-477D19.2	0.0042	0.00446	0.00317
TFB1M	0.04284	0.05157	0.02716
RP11-230C9.4	7e-04	0.00011	0.00056
RP11-230C9.2	0.00278	0.00159	0.00171
ARID1B	0.14525	0.11037	0.12861
TMEM242	0.07258	0.10626	0.08301
RP5-933K21.3	0.00049	0.00085	0.00054
ZDHHC14	0.06321	0.05091	0.03814
SNX9	0.26483	0.09643	0.10674
SYNJ2	0.02598	0.05706	0.04982
SERAC1	0.02959	0.02406	0.02564
GTF2H5	0.36632	0.53688	0.25377
TULP4	0.08201	0.06631	0.10203
TMEM181	0.10792	0.17474	0.12597
DYNLT1	0.35232	0.39808	0.28554
SYTL3	0.29843	0.01413	0.03354
EZR	0.78511	0.44292	0.32391
C6orf99	0.00051	0.00067	0
RSPH3	0.03586	0.03924	0.0295
RP1-111C20.4	0.00321	0.00042	0.00093
TAGAP	0.3825	0.01785	0.03658
FNDC1	0	0.00045	0.0059
RP3-393E18.2	0.00255	0.00081	0.0013
SOD2	1.37429	0.77232	0.54203
WTAP	0.52999	0.21393	0.20547
ACAT2	0.08188	0.25285	0.05715
TCP1	0.53081	0.31816	0.24148
MRPL18	0.46628	0.31141	0.19932
PNLDC1	0.00055	0.00035	9e-05
MAS1	0.00039	0.00066	0.0015
IGF2R	0.16257	0.26313	0.20833
AIRN	0.00389	0.00051	0.00036
SLC22A1	0.00071	0.00246	0.00139
SLC22A3	0.00255	0.07612	0.04979
LPA	6e-05	0.00457	0.00445
PLG	0.02932	0.67384	0.357
RP3-428L16.2	0.01145	0.00371	0.00926
MAP3K4	0.08209	0.0621	0.06882
AGPAT4	0.04617	0.01156	0.02137
PARK2	0.00193	0.01695	0.01279
PACRG	0.00062	0.00724	0.0022
CAHM	0.01837	0.01336	0.01529
QKI	0.63493	0.15123	0.27179
PDE10A	0.00042	0.00025	0.02743
LINC00473	0.00054	2e-05	0.00717
PRR18	0.00025	0.00254	0.00144
SFT2D1	0.47362	0.31638	0.2015
MPC1	0.28123	0.61175	0.224
RP1-168L15.5	0.00631	0.00648	0.0126
RPS6KA2	0.01748	0.00696	0.03681
RP11-514O12.4	0.00426	0.00049	0.00038
RNASET2	0.9766	0.27268	0.2281
FGFR1OP	0.0461	0.05424	0.04631
CCR6	0.12769	0.03409	0.02481
RP11-568A7.3	0	4e-04	0.00014
UNC93A	0.00206	0.06209	0.01601
LINC01558	9e-05	0.00881	0.00791
RP3-431P23.5	0.00019	0.0022	0.00263
MLLT4-AS1	0.00043	0.00983	0.0094
MLLT4	0.04632	0.18392	0.16838
KIF25	4e-05	0.00063	0.00028
DACT2	0.00012	0.00339	0.00075
SMOC2	3e-05	0.00073	0.07163
LINC01615	0.00011	0.00043	0.0042
XXyac-YX65C7-A.2	0.00016	0.00054	3e-04
THBS2	5e-05	0.00064	0.04209
XXyac-YX65C7-A.3	0.00025	0.00489	0.00198
WDR27	0.01884	0.0374	0.06029
C6orf120	0.07332	0.08571	0.04838
PHF10	0.11085	0.07966	0.07766
RP1-266L20.2	0.00463	0.00143	0.00146
TCTE3	0.02733	0.019	0.03171
ERMARD	0.02152	0.01991	0.01649
LINC00242	0	0.00074	0.00034
LINC00574	0.00035	0.00254	0.00181
RP11-302L19.3	8e-05	0.00026	0.00328
LINC01624	0.00138	3e-05	0
DLL1	0.01434	0.00131	0.023
FAM120B	0.03667	0.04078	0.04367
PSMB1	0.71861	0.9014	0.45983
TBP	0.03432	0.03677	0.04024
PDCD2	0.16095	0.18518	0.1093
XX-C2158C12.2	0.00057	0.00108	0
XX-C2158C6.3	0.00014	0.0053	0.00072
AC093627.9	0.0025	0.00351	0.00349
AC093627.10	0.01128	0.00408	0.00244
RP11-90P13.1	0.00611	0.00038	0.00037
FAM20C	0.16148	0.09286	0.09047
PDGFA	0.02598	0.13595	0.17542
HRAT92	0.00158	0.00721	0.00712
PRKAR1B	0.02729	0.03881	0.02936
AC147651.4	0.04252	0.00509	0.01264
DNAAF5	0.02942	0.07577	0.04259
SUN1	0.07299	0.19037	0.19715
GET4	0.0038	0.00653	0.00502
RP11-449P15.2	0.00518	0.0097	0.00997
ADAP1	0.04667	0.08476	0.04809
COX19	0.12274	0.21274	0.13266
CYP2W1	0.00033	0.00603	0.00408
C7orf50	0.25866	0.22909	0.12688
GPR146	0.01503	0.01113	0.01273
RP11-449P15.1	0.00017	0.00064	0.00083
GPER1	0.00201	0.02171	0.01135
ZFAND2A	0.68033	0.4399	0.2717
AC091729.9	0.01244	0.02315	0.01088
MICALL2	0.01757	0.12528	0.16306
AC102953.4	7e-05	0.00033	0
RP11-1246C19.1	0.00082	0.0045	0.00259
INTS1	0.07508	0.12184	0.10618
MAFK	0.06049	0.10957	0.10631
TMEM184A	0.00477	0.12165	0.10099
PSMG3	0.13283	0.31004	0.13499
PSMG3-AS1	0.00936	0.02806	0.00661
ELFN1	0.00061	0.00051	0.00869
ELFN1-AS1	0.00151	0.0327	0.00869
MAD1L1	0.1643	0.05604	0.04553
FTSJ2	0.06756	0.10423	0.03456
NUDT1	0.26879	0.19913	0.096
SNX8	0.15701	0.08814	0.04383
EIF3B	0.20516	0.41494	0.25403
CHST12	0.1057	0.10063	0.0934
LFNG	0.15086	0.20133	0.13958
BRAT1	0.05512	0.09308	0.07515
IQCE	0.02248	0.05628	0.05631
TTYH3	0.29915	0.16526	0.14088
AMZ1	0.00548	0.0011	0.00276
GNA12	0.09206	0.08727	0.06327
CARD11	0.03693	0.05748	0.03514
SDK1	0.00063	0.00306	0.00372
FOXK1	0.05362	0.10247	0.09415
AP5Z1	0.06424	0.06111	0.0533
RADIL	0.00018	0.00084	0.00198
RBAK-RBAKDN	0.03251	0.05512	0.02971
RBAK	0.03749	0.05078	0.03603
WIPI2	0.22492	0.23032	0.12079
SLC29A4	0.01056	0.10965	0.03479
TNRC18	0.12615	0.22102	0.15947
AC093620.5	0.00036	0.00034	2e-04
AC092171.2	0.00177	0.00134	0.00102
RP11-1275H24.2	0.0036	0.00528	0.01138
RP11-1275H24.1	0.00461	0.01131	0.0094
RP11-1275H24.3	0.00282	0.01419	0.01159
FBXL18	0.00734	0.0152	0.01186
AC092171.4	0.00065	0.00151	0.00018
ACTB	3.48324	2.45569	1.97713
CTB-161C1.1	0.00011	0.00191	0.00308
FSCN1	0.19822	0.05178	0.10357
RNF216	0.11084	0.15565	0.11182
OCM	0.00065	0.00019	0.00026
CCZ1	0.15417	0.2382	0.16798
PMS2	0.02491	0.03675	0.02037
AIMP2	0.06387	0.30228	0.09461
EIF2AK1	0.1499	0.43409	0.16299
AC004895.4	0.00069	0.00062	0.00182
USP42	0.06601	0.075	0.06054
CYTH3	0.04137	0.02361	0.04889
FAM220A	0.03661	0.06142	0.02268
RAC1	1.10089	1.52475	0.91199
DAGLB	0.04761	0.0437	0.03048
KDELR2	0.51791	1.46278	0.65964
GRID2IP	7e-05	0.00165	0
ZDHHC4	0.10523	0.26313	0.08701
C7orf26	0.04898	0.05608	0.04962
ZNF853	0.00139	0.00093	0.00627
ZNF316	0.04826	0.05386	0.05219
ZNF12	0.05882	0.10136	0.07932
CCZ1B	0.0267	0.02555	0.03252
C1GALT1	0.20268	0.33057	0.16732
COL28A1	0.00035	0.0108	0.00401
RP5-1159O4.2	0.00046	0.00624	0.00474
RP5-1159O4.1	0.00351	0.0297	0.02297
MIOS	0.10199	0.06052	0.03709
RPA3	0.36036	0.56325	0.19797
UMAD1	0.0562	0.10401	0.05068
AC009473.1	0.00238	0.00154	0.00075
GLCCI1	0.1348	0.05341	0.0551
ICA1	0.08553	0.19954	0.11133
AC007009.1	0	0.00368	0.00036
AC007128.1	0	0.00294	0.00305
AC060834.3	0.00026	0.00774	0.00156
NDUFA4	1.20796	2.11556	0.92872
RP5-855F16.1	0.00036	0.0013	0.00172
PHF14	0.18481	0.39895	0.33092
THSD7A	0.00057	0.0124	0.07648
TMEM106B	0.14192	0.44871	0.21884
VWDE	0.00073	0.00613	0.01154
SCIN	0.00689	0.02004	0.02437
ARL4A	0.41883	0.2935	0.32825
AC006000.5	0	0.00105	7e-04
ETV1	0.00702	0.13158	0.08236
DGKB	0.00013	0.00363	0.00495
AGMO	0.0084	0.37263	0.09487
MEOX2	0	0.00013	0.01409
AC005550.3	0.00025	0.00908	0.00536
ISPD	0.00171	0.01904	0.01489
GS1-166A23.2	0.00058	0.00148	0.00136
ANKMY2	0.04197	0.06733	0.04854
BZW2	0.13891	0.43698	0.15129
TSPAN13	0.05681	0.43928	0.16838
AGR2	0.08967	1.60135	0.68114
AGR3	0.0068	0.40147	0.12383
AC003075.4	0.03043	0.03937	0.01982
AHR	0.44942	0.32045	0.28873
AC019117.2	3e-05	0.00297	0.0038
AC017060.1	4e-05	0.00344	0.00547
SNX13	0.14221	0.13862	0.13282
HDAC9	0.07263	0.00809	0.03297
TWIST1	0.00501	0.00074	0.03298
TWISTNB	0.14863	0.19339	0.07913
MACC1	0.04024	0.13523	0.10432
CTA-293F17.1	0.00619	0.02811	0.01078
ITGB8	0.01326	0.0952	0.05678
ABCB5	0.00044	0.00336	0.00386
SP4	0.05583	0.05057	0.04234
DNAH11	0.0039	0.00195	0.006
CDCA7L	0.06034	0.05701	0.03656
RAPGEF5	0.0055	0.08619	0.14985
STEAP1B	0.00095	0.01589	0.00772
AC002480.3	0.00033	1e-04	0.00154
IL6	0.01687	0.00132	0.03131
TOMM7	1.43999	1.73128	0.96118
FAM126A	0.11278	0.07186	0.09643
KLHL7-AS1	0.00038	0.00108	0.00038
KLHL7	0.07636	0.07087	0.04997
NUPL2	0.08893	0.16238	0.10744
AC005082.12	0.00465	0.00044	0.00182
GPNMB	1.06302	0.14502	0.19848
MALSU1	0.12698	0.36693	0.12025
IGF2BP3	0.01024	0.19933	0.06784
TRA2A	0.40494	0.24327	0.28345
CCDC126	0.03589	0.06938	0.03731
FAM221A	0.02176	0.1037	0.056
STK31	0.00075	0.02318	0.01142
MPP6	0.02143	0.18106	0.07437
DFNA5	0.05018	0.02264	0.02456
OSBPL3	0.07511	0.08937	0.07771
CYCS	0.95227	1.02212	0.48738
C7orf31	0.01173	0.01721	0.00837
AC003090.1	7e-05	0.00038	0.00023
CTD-2227E11.1	0.00062	0.00504	0.00962
NFE2L3	0.08968	0.07292	0.03663
CTB-119C2.1	0.01024	0.00381	0.00695
HNRNPA2B1	1.65936	1.40986	1.30518
CBX3	0.55944	0.86228	0.45893
SNX10	0.30499	0.15876	0.05852
AC004540.4	0	0.00066	0.00155
AC004540.5	0.00179	0.00318	0.00397
SKAP2	0.4694	0.33728	0.25623
HOXA1	0.00509	0.00717	0.00339
HOTAIRM1	0.07233	0.01487	0.09156
HOXA2	0	0.00016	0.00376
HOXA3	0.00119	0.02592	0.01936
HOXA-AS2	0.00173	0.05115	0.02715
HOXA4	0.00243	0.02614	0.0203
HOXA-AS3	0.00035	0.00082	0.00044
HOXA5	0.01294	0.01852	0.02295
HOXA6	0.00024	0.00145	0.00063
HOXA7	0.00085	0.00047	0.00204
HOXA9	0.00348	0.00286	0.00185
HOXA10-AS	0.00084	0.00063	0
HOXA10	0.00413	0.1238	0.04011
HOXA11	2e-04	0.00122	0.00074
HOXA11-AS	1e-04	0.00099	0
HOXA13	0	0.00627	0.00089
HOTTIP	4e-05	8e-04	0.00153
AC004009.3	0	0.00224	5e-04
HIBADH	0.07796	0.33245	0.09164
AC004549.6	0.00059	0.00064	6e-04
TAX1BP1	0.64766	0.69747	0.39239
JAZF1	0.09058	0.03054	0.03595
CREB5	0.10102	0.07615	0.08683
TRIL	0.00021	0.00567	0.01426
CTB-113D17.1	0.00474	0.00306	0.00154
CPVL	0.47007	0.04695	0.05484
CHN2	0.06106	0.02534	0.03091
AC007255.8	0	0.00159	0.00171
PRR15	0.00109	0.08421	0.03451
WIPF3	0.00572	0.05367	0.0202
SCRN1	0.06176	0.04782	0.04171
AC007285.6	0.00064	1e-04	0.00129
FKBP14	0.03071	0.09726	0.08818
PLEKHA8	0.03073	0.0492	0.03973
MTURN	0.0475	0.04199	0.04519
AC007036.6	0.00137	0.00021	0.00048
ZNRF2	0.19209	0.08588	0.07638
LINC01176	0.01023	0.01048	0.01115
NOD1	0.01991	0.01328	0.01944
GS1-114I9.1	0.00138	0.00246	0.00097
GGCT	0.16831	0.45634	0.14434
GARS	0.15381	0.40398	0.15001
INMT	0.00025	6e-04	0.0117
FAM188B	0.00202	0.02182	0.01986
AQP1	0.00114	0.03771	0.16713
GHRHR	0	0.00074	0.00071
ADCYAP1R1	0	4e-04	0.00265
CCDC129	0.00011	0.00486	0.00272
PDE1C	0.00021	0.00037	0.01441
LSM5	0.44793	0.70801	0.27806
AVL9	0.08377	0.14834	0.11878
RP11-225B17.2	0.0019	0.01298	0.00904
LINC00997	0.00146	0.01306	0.00893
RP11-265E18.1	0.00019	0.00145	0.00056
KBTBD2	0.13426	0.10857	0.10699
FKBP9	0.01888	0.15047	0.11575
NT5C3A	0.1772	0.37282	0.16313
RP9	0.07128	0.1288	0.0628
BBS9	0.01731	0.02325	0.0266
BMPER	5e-05	0.00219	0.0016
AC009262.2	0	5e-04	0.00025
NPSR1	0	0.00557	0.00309
DPY19L1	0.04386	0.11641	0.06149
HERPUD2	0.18079	0.10814	0.08368
RP11-379H18.1	0.01537	0.0242	0.0209
AC018647.3	0.00022	8e-05	0.01033
SEPT7-AS1	0.00341	0.00278	0.0012
SEPT7	1.04904	0.63474	0.65657
EEPD1	0.07041	0.05949	0.03864
RP11-182J23.1	0.00027	5e-04	0
KIAA0895	0.00192	0.04932	0.02573
ANLN	0.04785	0.0524	0.01925
AOAH	0.25605	0.00932	0.02789
ELMO1	0.13829	0.02364	0.05172
GPR141	0.00618	0.00018	0
EPDR1	0.01323	0.05621	0.0259
NME8	0.0047	0.00015	0.00188
SFRP4	0.00097	0.00025	0.01221
STARD3NL	0.1855	0.20758	0.09797
TRGC2	0.10218	0.0041	0.00851
TRGC1	0.05571	0.00182	0.00595
TRGV10	0.00917	4e-04	0.00145
TRGV9	0.00546	0.00012	0.00068
RP11-121A8.1	0.00875	0.00013	0.00129
TRGV8	0.0019	0.00013	0
TRGV7	0.00242	0.00017	0
TRGV6	0.00054	3e-05	0
TRG-AS1	0.07228	0.00652	0.00709
TRGV5	0.03928	0.00108	0.00672
TRGV4	0.00213	5e-05	0
TRGV3	0.00308	9e-05	0.00021
TRGV2	0.00431	0	0.00027
AMPH	0.00027	5e-05	0.0051
VPS41	0.14383	0.15797	0.09737
POU6F2	0.00058	0.03057	0.01753
POU6F2-AS2	0	0.00224	0.00032
POU6F2-AS1	8e-04	0.02418	0.00356
YAE1D1	0.02482	0.09268	0.05525
RALA	0.25903	0.26556	0.12969
LINC00265	0.00221	0.00129	0.00322
RP11-467D6.1	0.00925	0.00719	0.01357
CDK13	0.12391	0.15655	0.13349
MPLKIP	0.24697	0.74953	0.2907
SUGCT	0.00201	0.09026	0.02164
AC004988.1	0.00456	0.00051	0.00032
INHBA	0.01728	0.04504	0.04934
INHBA-AS1	0.00126	0.00269	0.00161
GLI3	0.00045	0.00029	0.01908
LINC01448	0.00013	0.00081	0.00051
RP11-111K18.2	0.00074	0.00028	0.00037
C7orf25	0.0015	0.00323	0.00328
PSMA2	0.49796	0.84522	0.36472
MRPL32	0.14019	0.38512	0.18696
AC005537.2	0.00057	0.00755	0.00407
HECW1	0.00065	0.0259	0.0083
STK17A	0.45196	0.1649	0.11802
COA1	0.14216	0.27896	0.14883
BLVRA	0.32883	0.16172	0.08858
MRPS24	0.01097	0.01185	0.00746
URGCP	0.02489	0.05584	0.04034
UBE2D4	0.04621	0.07674	0.03731
SPDYE1	0.00107	2e-04	0.00054
AC004951.6	0.02665	0.05822	0.06077
LINC00957	0.0048	0.00146	0.00296
DBNL	0.37176	0.19916	0.1478
PGAM2	0.01044	0.26139	0.05984
POLM	0.04803	0.07935	0.07694
AEBP1	0.00203	0.0018	0.08711
POLD2	0.09549	0.3304	0.15651
GCK	3e-04	3e-05	0.00252
YKT6	0.08429	0.09351	0.06906
CAMK2B	0.00237	0.00138	0.00154
NUDCD3	0.0936	0.13127	0.10528
NPC1L1	0.00534	0.16099	0.07903
DDX56	0.08626	0.22001	0.11238
TMED4	0.25721	0.41941	0.23751
OGDH	0.13445	0.09647	0.07377
ZMIZ2	0.091	0.08835	0.09055
PPIA	1.90846	2.39919	1.49938
H2AFV	0.6694	0.51636	0.29273
AC004854.4	0.00185	4e-04	0.00012
PURB	0.21032	0.16568	0.19654
RP4-673M15.1	0.03379	0.00663	0.01446
MYO1G	0.18161	0.01027	0.01836
SNHG15	0.22718	0.0577	0.09533
CCM2	0.17837	0.11784	0.10194
NACAD	0.00042	0.00177	0.00443
TBRG4	0.087	0.1994	0.08398
RAMP3	0.00032	0.00065	0.09602
ADCY1	0.00089	0.006	0.01126
IGFBP1	0.06658	0.62482	0.28149
IGFBP3	0.01789	0.13678	0.11684
AC073115.7	0.00162	5e-05	0.00035
AC011294.3	5e-05	0.00312	0.00067
TNS3	0.13589	0.08671	0.09133
HUS1	0.09951	0.10745	0.05606
LINC00525	5e-05	0.00051	0
PKD1L1	0.00028	0.00017	0.00091
SUN3	0.00042	0.00129	0
C7orf57	0.00104	0.00045	0
UPP1	0.40377	0.14006	0.16894
ABCA13	0.00028	0.01899	0.02143
IKZF1	0.33093	0.01409	0.03085
FIGNL1	0.03917	0.03543	0.03083
DDC	0.00448	0.12638	0.02695
GRB10	0.00632	0.08097	0.09331
COBL	0.00171	0.10736	0.051
LINC01446	0.00034	0.0172	0.01236
SEC61G	1.10705	1.963	0.99433
EGFR	0.00286	0.1295	0.07629
EGFR-AS1	0.00324	0.12782	0.02761
LANCL2	0.0187	0.04059	0.02098
VOPP1	0.32002	0.17849	0.13864
ZNF713	0.00599	0.01031	0.01266
GBAS	0.237	0.21189	0.12613
MRPS17	0.0558	0.19769	0.06447
PSPH	0.02482	0.12988	0.03965
CCT6A	0.42941	0.70269	0.31152
SUMF2	0.21456	0.59207	0.33526
PHKG1	0.05619	0.16619	0.07685
CHCHD2	1.37713	1.93919	1.02903
RP11-760D2.5	0.00016	0.00254	0.00127
RP11-114G11.5	0	0.00128	0.0011
ZNF736	0.04012	0.02299	0.03524
ZNF680	0.04035	0.10944	0.09825
ZNF107	0.03843	0.04076	0.04609
ZNF138	0.03135	0.07045	0.04759
ZNF273	0.02386	0.04745	0.02238
RP11-797H7.5	0.00029	0.00015	0.00272
ZNF117	0.03219	0.03296	0.05588
ERV3-1	0.05467	0.06322	0.06462
ZNF92	0.06832	0.04695	0.04125
RP11-479O9.4	4e-04	0.002	0.00058
VKORC1L1	0.07274	0.23453	0.10065
GUSB	0.29417	0.29721	0.20602
ASL	0.10686	0.57376	0.26252
CRCP	0.10134	0.11981	0.07891
TPST1	0.00408	0.07168	0.0444
LINC00174	0.00614	0.01522	0.01679
GS1-124K5.3	0.01181	0.01407	0.02381
GS1-124K5.4	0.00897	0.05787	0.01653
GS1-124K5.11	0.01574	0.0272	0.03574
KCTD7	0.03218	0.03211	0.03844
RABGEF1	0.05228	0.02995	0.02293
RP11-792A8.4	0.0819	0.20405	0.08907
RP11-458F8.4	0.00634	0.01437	0.0142
TMEM248	0.27362	0.38578	0.22236
SBDS	0.33408	0.51764	0.27972
TYW1	0.04055	0.08003	0.0451
RP11-166O4.6	0.01066	0.02576	0.02493
LINC01372	0.00071	0.00276	0.00147
RP5-942I16.1	3e-05	0.00092	0.00098
AUTS2	0.09934	0.02253	0.03924
CALN1	0.00027	0.00075	0.00102
TYW1B	0.00785	0.0081	0.00959
POM121	0.09758	0.13299	0.09741
RP11-313P13.5	0.00219	0.00261	0.00302
NSUN5	0.08145	0.16377	0.07919
TRIM50	0.00073	2e-05	0.0011
FKBP6	0.00368	0.00417	0.00452
FZD9	0.00114	0.00434	0.00154
BAZ1B	0.22385	0.26485	0.20508
BCL7B	0.17798	0.147	0.10796
TBL2	0.0581	0.16019	0.07605
MLXIPL	0.0178	0.22418	0.20751
VPS37D	0.0015	0.0101	0.00988
DNAJC30	0.04618	0.14511	0.06021
WBSCR22	0.1837	0.4682	0.20768
STX1A	0.01304	0.05546	0.04424
ABHD11-AS1	0.00059	0.03176	0.01419
ABHD11	0.04671	0.09716	0.06702
CLDN3	0.01064	0.43856	0.13514
CLDN4	0.02298	0.49487	0.38985
WBSCR27	0.02846	0.11656	0.03085
ELN	0.00042	0.00441	0.03134
CTB-51J22.1	0.00025	0.00338	0.00472
LIMK1	0.08263	0.08006	0.04766
EIF4H	0.30299	0.31585	0.20229
LAT2	0.20103	0.01175	0.02422
RFC2	0.09097	0.10073	0.05052
CLIP2	0.03815	0.05558	0.0573
GTF2IRD1	0.00706	0.03342	0.02692
GTF2I	0.32796	0.7668	0.57199
NCF1	0.24441	0.01386	0.02223
GTF2IRD2	0.02332	0.07511	0.0703
GATSL2	0.00097	0.00239	0.00212
WBSCR16	0.07421	0.12386	0.06258
GTF2IRD2B	0.0168	0.0412	0.04548
AC004878.2	0.00189	6e-04	0.00087
TRIM73	0.01824	0.04599	0.05366
POM121C	0.11134	0.11866	0.08139
SPDYE5	0.00064	0.00028	0.00025
HIP1	0.07393	0.06428	0.10339
CCL26	0.00287	0.07884	0.02581
CCL24	0.00447	0.00343	6e-04
RHBDD2	0.13611	0.21799	0.1084
POR	0.13331	0.34435	0.21645
TMEM120A	0.09754	0.35195	0.12772
STYXL1	0.08489	0.15423	0.04615
MDH2	0.37693	1.08406	0.39214
SRRM3	0.00055	0.00461	0.00316
HSPB1	1.62935	1.95283	1.7894
YWHAG	0.37118	0.42848	0.26516
SSC4D	0.00325	0.02565	0.0095
ZP3	0.01104	0.01384	0.00379
DTX2	0.05666	0.09325	0.07165
UPK3B	0.00014	0.00349	0.00023
SPDYE16	0.00234	0.00183	0.00305
POMZP3	0.00728	0.00942	0.01
CCDC146	0.01852	0.01365	0.01787
FGL2	0.76487	0.03864	0.09633
GSAP	0.12378	0.08137	0.06654
RP5-899E9.1	0.01305	0.00036	0.00128
PTPN12	0.28961	0.29591	0.28169
APTR	0.01436	0.08225	0.05192
RSBN1L	0.26065	0.33504	0.25609
TMEM60	0.14658	0.26771	0.07986
PHTF2	0.21788	0.07879	0.0769
RP5-1185I7.1	3e-04	0.0108	0.00947
MAGI2	0.00579	0.02041	0.02906
GNAI1	0.01067	0.1797	0.1149
AC004862.6	0	0.00123	0.00254
CD36	0.39254	0.23106	0.36775
SEMA3C	0.05961	0.03773	0.03163
AC010091.1	0.00049	0.02046	0.01216
HGF	0.05055	0.31998	0.22274
CACNA2D1	0.00069	0.00053	0.0284
PCLO	0.00072	0.04722	0.04297
SEMA3E	0.00065	0.03607	0.03691
SEMA3A	0.0067	0.02592	0.01034
AC074183.4	0.00013	0.00039	0.00049
SEMA3D	0.00049	0.00702	0.0052
LINC00972	7e-05	0.00043	8e-05
GRM3	6e-04	0.0047	0.0033
AC005009.2	0	0.00076	0.00128
KIAA1324L	0.00741	0.03289	0.02826
AC005076.5	0.00688	0.01327	0.00619
DMTF1	0.11347	0.13355	0.14541
TMEM243	0.1996	0.18853	0.11281
TP53TG1	0.09302	0.24846	0.09867
CROT	0.04094	0.09691	0.06004
ABCB4	0.0156	0.05945	0.02841
ABCB1	0.03263	0.19953	0.10368
RUNDC3B	0.00139	0.00601	0.00821
SLC25A40	0.0697	0.05363	0.02985
DBF4	0.14884	0.13197	0.05608
ADAM22	0.00278	0.00928	0.0092
SRI	0.41882	0.93957	0.42872
AC003991.3	0.00017	0.00129	0.00091
STEAP4	0.00733	0.01563	0.06483
STEAP1	0.02101	0.75605	0.206
STEAP2	0.00709	0.31652	0.1933
CFAP69	0.0018	0.04942	0.03728
GTPBP10	0.04447	0.0829	0.04746
CLDN12	0.01614	0.15291	0.07171
CDK14	0.02703	0.067	0.04933
AC002456.2	0.00211	0.00417	0.00265
FZD1	0.09935	0.01866	0.03325
MTERF1	0.03608	0.07221	0.04573
AKAP9	0.44277	0.56174	0.53857
CYP51A1	0.01265	0.08874	0.03003
LRRD1	0.00012	0.00049	0
CYP51A1-AS1	0.00108	0.0022	0.00349
KRIT1	0.1234	0.19691	0.1384
ANKIB1	0.11824	0.14819	0.12568
GATAD1	0.16989	0.33831	0.26584
AC007566.10	0.00144	0.00175	0.00158
PEX1	0.04817	0.10734	0.06792
RBM48	0.0665	0.05004	0.04431
FAM133B	0.61978	0.40469	0.39423
CDK6	0.22109	0.34206	0.17872
AC002454.1	0.00096	0.00213	0
SAMD9	0.27144	0.08433	0.09284
SAMD9L	0.19609	0.04234	0.07074
HEPACAM2	0.00016	0.0022	0.00126
VPS50	0.06593	0.07623	0.04406
CALCR	0.00134	0.00189	0.00131
GNGT1	0.00039	0.01826	0.01011
TFPI2	0.00018	0.0016	0.01082
AC002076.10	0	0.00575	0.00228
GNG11	0.00409	0.00213	0.29631
BET1	0.09341	0.30942	0.10516
COL1A2	0.00649	0.00667	0.39757
CASD1	0.06495	0.09374	0.07688
SGCE	0.00752	0.21135	0.13077
PEG10	0.01417	0.29354	0.08824
PPP1R9A	0.00359	0.13066	0.09729
AC002429.5	3e-05	0.00141	0.00055
PON1	0.00795	0.32946	0.10428
PON3	0.00411	0.25356	0.07776
PON2	0.0924	1.046	0.45544
GS1-293C5.1	0	0.00108	0.00074
AC004012.1	9e-04	0.01093	0.00562
ASB4	0.00015	0.00133	0.00036
PDK4	0.26061	0.10388	0.16187
AC002451.3	0.00465	0.00683	0.00449
DYNC1I1	0.00123	0.01805	0.01473
SLC25A13	0.09617	0.42914	0.15893
SHFM1	0.67848	1.51681	0.75197
DLX6-AS1	4e-05	0.00812	0.00666
DLX6	4e-05	0.00222	0.00159
SDHAF3	0.10004	0.28133	0.09909
TAC1	7e-05	0.00198	0.00276
ASNS	0.02942	0.02809	0.03667
LMTK2	0.01469	0.07473	0.04929
BHLHA15	6e-05	0.00093	0
TECPR1	0.04705	0.04164	0.06125
BRI3	1.1626	1.30164	0.68803
BAIAP2L1	0.00848	0.27801	0.15863
RP11-307C18.1	0.00097	0.00041	0.00051
NPTX2	0.00136	0.03372	0.00785
TRRAP	0.04452	0.06598	0.05069
AC004893.11	0.00551	0.00786	0.00977
SMURF1	0.02987	0.09421	0.06877
KPNA7	3e-05	0.00548	0.00175
ARPC1A	0.15332	0.69602	0.28272
ARPC1B	1.15522	0.77515	0.512
PDAP1	0.28523	0.45473	0.26341
BUD31	0.39948	0.56067	0.24537
PTCD1	0.02301	0.04037	0.02808
CPSF4	0.03867	0.06132	0.0384
ATP5J2	0.91325	1.4888	0.68554
ZNF789	0.02618	0.04038	0.03473
ZNF394	0.13898	0.08089	0.07412
ZKSCAN5	0.01962	0.03304	0.02437
FAM200A	0.02625	0.04625	0.02699
ZNF655	0.20334	0.20071	0.18796
GS1-259H13.2	0.00091	0.00364	0.00197
ZSCAN25	0.01955	0.02558	0.02038
CYP3A5	0.02731	0.6289	0.39533
CYP3A7	0.00024	0.01306	0.00271
CYP3A4	0	0.00069	0
TRIM4	0.08485	0.09807	0.0716
GJC3	0.00068	0.00812	0.0045
AZGP1	0.01491	0.56781	0.25924
ZKSCAN1	0.14923	0.56263	0.47877
ZSCAN21	0.0184	0.03433	0.02793
ZNF3	0.04227	0.07411	0.07277
COPS6	0.29674	0.52284	0.27386
MCM7	0.08581	0.18626	0.11946
AP4M1	0.03798	0.06704	0.06611
TAF6	0.0476	0.09517	0.06158
RP11-506M12.1	0.00098	0.00029	0.00175
CNPY4	0.02677	0.02803	0.03552
MBLAC1	0.00856	0.01748	0.00849
LAMTOR4	0.83487	1.06553	0.53603
C7orf43	0.02762	0.02946	0.02893
GAL3ST4	0.0181	0.00147	0.00636
GPC2	0.00464	0.00611	0.01042
STAG3	0.01492	0.0038	0.00687
GATS	0.00864	0.01414	0.016
PVRIG	0.00274	1e-04	0.00039
SPDYE3	0.00022	0.00088	0.00039
PILRB	0.0781	0.10165	0.12669
PILRA	0.22189	0.01203	0.02555
ZCWPW1	0.0193	0.02192	0.02029
MEPCE	0.09607	0.0987	0.05736
PPP1R35	0.1394	0.3468	0.17785
C7orf61	0.00759	0.00121	0.00283
TSC22D4	0.22711	0.15201	0.13539
NYAP1	0.00011	0.00272	0.0045
AGFG2	0.02893	0.10186	0.05538
SAP25	0.04462	0.01465	0.02655
LRCH4	0.14464	0.07052	0.09237
FBXO24	8e-04	0.00276	0.00241
PCOLCE	0.01061	0.04861	0.16168
MOSPD3	0.04996	0.10921	0.04535
TFR2	0.02066	0.45553	0.25134
GNB2	0.52638	0.43966	0.33519
GIGYF1	0.09233	0.10758	0.1504
POP7	0.11116	0.41357	0.13202
EPO	0.00418	0.15182	0.03601
EPHB4	0.00263	0.12062	0.0918
SLC12A9	0.06461	0.11158	0.09237
RP11-126L15.4	0.0015	0.02692	0.00672
TRIP6	0.08408	0.31702	0.14728
SRRT	0.12468	0.10182	0.07267
UFSP1	0.00349	0.02431	0.00867
ACHE	0.00579	0.01437	0.02529
MUC3A	0.00137	0.08584	0.08536
RP11-395B7.2	0	0.00196	0.00289
MUC12	0.0367	0.03866	0.02616
RP11-395B7.4	0.00859	0.03254	0.00958
MUC17	0.00027	0.00191	0.00499
TRIM56	0.14482	0.28161	0.28702
SERPINE1	0.092	0.46476	0.37414
AP1S1	0.14629	0.35483	0.1478
VGF	0.00164	0.00176	0.00178
MOGAT3	0.00998	0.26917	0.1197
PLOD3	0.10919	0.23999	0.19495
ZNHIT1	0.48789	0.9433	0.49646
CLDN15	0.01925	0.12395	0.1002
FIS1	0.47159	0.96989	0.44909
RP11-132A1.4	0.00112	0.02992	0.00951
IFT22	0.02952	0.1217	0.06188
COL26A1	0.00059	0.02133	0.01597
CUX1	0.15155	0.22601	0.21932
CTA-339C12.1	3e-04	0.00051	0.00034
SH2B2	0.03716	0.01744	0.01917
PRKRIP1	0.09761	0.13357	0.08426
ORAI2	0.10526	0.04525	0.05745
ALKBH4	0.03128	0.08129	0.03965
LRWD1	0.03351	0.07517	0.05035
POLR2J	0.41327	0.79029	0.339
RASA4B	0.00225	0.00097	0.00631
POLR2J3	0.39994	0.60322	0.65219
RASA4	0.03235	0.01471	0.06906
RP11-514P8.6	0.00032	0.00074	0.00054
UPK3BL	0.01012	0.02023	0.01443
POLR2J2	0.01747	0.02516	0.03195
FAM185A	0.01115	0.03063	0.02116
FBXL13	0.00092	0.00404	0.01057
LRRC17	0.00082	0.00368	0.03947
NFE4	6e-05	0.00081	0.00056
ARMC10	0.14366	0.35217	0.11941
NAPEPLD	0.02616	0.14676	0.09486
PMPCB	0.16415	0.33201	0.15016
DNAJC2	0.1767	0.35026	0.15037
PSMC2	0.2018	0.34062	0.13113
SLC26A5	0.00012	0.00212	0.00333
CTB-107G13.1	2e-04	0.00116	0
RELN	0.00735	0.1813	0.09089
ORC5	0.03141	0.08587	0.03662
RP11-325F22.2	0.03133	0.00166	0.00197
LINC01004	0.0092	0.00649	0.00438
KMT2E-AS1	0.11936	0.08792	0.16197
KMT2E	0.64174	0.3886	0.42862
CTB-152G17.6	0.02154	0.00567	0.00953
SRPK2	0.19904	0.24238	0.14985
PUS7	0.02351	0.07912	0.0462
RINT1	0.0401	0.07205	0.03143
EFCAB10	0.00115	0.00064	0.00054
RP11-251G23.5	0.00151	0.0036	0.00225
ATXN7L1	0.04997	0.06271	0.03756
CDHR3	0.00406	0.01746	0.00939
SYPL1	0.33521	0.74116	0.37591
NAMPT	1.07319	0.50814	0.45126
RP11-22N19.2	0.02624	0.01312	0.01468
CTB-30L5.1	4e-05	0.00035	0.00067
CCDC71L	0.1259	0.16233	0.10708
RP5-884M6.1	0.00063	0.00939	0.00972
PIK3CG	0.0996	0.00281	0.01589
PRKAR2B	0.02764	0.00555	0.01226
HBP1	0.25725	0.2401	0.16206
CTA-363E19.2	0.00067	0.00118	0.00141
COG5	0.08101	0.08742	0.05827
GPR22	0.00049	0.00044	0
DUS4L	0.01984	0.05895	0.03301
RP4-593H12.1	0.00267	0.00278	0.0081
BCAP29	0.20553	0.28085	0.21746
SLC26A4	0.00045	0.00189	0.00203
AC002467.7	0.00897	0.01813	0.00629
CBLL1	0.10721	0.09406	0.06136
SLC26A3	0.00027	0.0238	0.00431
DLD	0.1583	0.24902	0.10379
LAMB1	0.0102	0.16852	0.2137
CTB-13F3.1	8e-04	0.00191	0.00161
NRCAM	0.00317	0.09042	0.04475
PNPLA8	0.29568	0.21164	0.1723
THAP5	0.109	0.1796	0.10155
DNAJB9	0.2617	0.4601	0.197
IMMP2L	0.0326	0.1467	0.07371
LRRN3	0.01135	0.00059	0.00207
DOCK4	0.13723	0.08272	0.08885
ZNF277	0.10494	0.20537	0.10064
IFRD1	0.55591	0.35075	0.38568
LSMEM1	0.02491	0.02136	0.03005
TMEM168	0.05888	0.15072	0.1097
C7orf60	0.05712	0.03514	0.03112
GPR85	0.01604	0.00063	0.00288
LINC00998	0.31267	0.46194	0.20652
FOXP2	0.00139	0.0317	0.01793
MDFIC	0.29771	0.11628	0.11457
LINC01393	0.00133	0.00184	0.0019
TFEC	0.25503	0.00911	0.03025
TES	0.22211	0.15235	0.13257
AC002066.1	0	0.00053	0
CAV2	0.00489	0.25319	0.24328
CAV1	0.00692	0.0386	0.29404
MET	0.0056	0.25391	0.11403
CAPZA2	0.67465	0.65236	0.36412
ST7-AS1	0.00195	0.00179	0.00612
ST7	0.02951	0.07701	0.03769
CFTR	0.00215	0.21179	0.13974
CTTNBP2	0.01381	0.02543	0.02688
LSM8	0.46778	0.64755	0.38054
KCND2	0	0.00036	0.00264
TSPAN12	0.009	0.37472	0.15176
ING3	0.13048	0.11129	0.09865
CPED1	0.04677	0.00171	0.02073
FAM3C	0.17531	0.59087	0.32483
PTPRZ1	0.00014	0.01741	0.01273
AASS	0.00318	0.00803	0.01911
FEZF1	5e-05	0.00625	0.00064
FEZF1-AS1	0.00041	0.0208	0.01173
CADPS2	0.0035	0.13968	0.07141
RNF133	0	0.00059	0.00165
RNF148	0	0.00214	0.00266
IQUB	0.00015	0.00063	0.00093
NDUFA5	0.3854	0.6983	0.31881
WASL	0.06551	0.36306	0.18713
RP11-390E23.6	0.01675	0.06285	0.03504
TMEM229A	0	0.00097	0
RP5-921G16.2	0	0.00071	0
GPR37	0.00046	0.0136	0.00835
POT1	0.0404	0.07679	0.03324
POT1-AS1	0.00051	0.01461	0.00658
RP11-3B12.5	0.00032	0.00928	0.00159
RP11-3B12.2	0	0.00055	0.00049
GRM8	5e-05	0.00062	0.00208
ZNF800	0.14709	0.14023	0.14161
GCC1	0.03391	0.03137	0.02141
ARF5	0.22536	0.36011	0.16979
FSCN3	6e-04	3e-04	0.00015
AC073934.6	0.00049	0.00038	0.00172
SND1	0.16729	0.30394	0.13496
SND1-IT1	0.05772	0.08398	0.08317
LRRC4	0.00697	0.00156	0.00264
LEP	0.00275	0.00015	0.00194
RBM28	0.09589	0.25528	0.15053
IMPDH1	0.10691	0.11018	0.07083
HILPDA	0.11133	0.31752	0.14121
METTL2B	0.07456	0.18732	0.09543
RP11-212P7.2	0.01735	0.03655	0.02989
RP11-274B21.10	0.00457	0.02076	0.02519
FAM71F2	0.0037	0.01856	0.02077
RP11-274B21.9	0.00133	0.00531	0.00679
FAM71F1	6e-05	0.00083	0.00139
CALU	0.23002	0.82854	0.49179
CCDC136	0.00899	0.00767	0.00691
FLNC	0.00602	0.15077	0.06422
KCP	0.01064	0.09249	0.08751
ATP6V1F	0.90744	1.14647	0.49026
RP11-309L24.4	7e-04	0.00226	0.00184
IRF5	0.08491	0.0131	0.01261
RP11-309L24.10	0.00035	0.00029	0.00011
TNPO3	0.10812	0.19063	0.10255
TSPAN33	0.13739	0.09129	0.03613
SMO	0.00361	0.03677	0.02544
AHCYL2	0.02239	0.09718	0.05109
STRIP2	0.00495	0.00534	0.00473
SMKR1	0.00518	0.01525	0.00226
RP11-448A19.1	0.02132	0.0587	0.05153
NRF1	0.03382	0.02817	0.02777
UBE2H	0.23465	0.44284	0.31285
RP11-306G20.1	0.00217	0.00287	0.00295
ZC3HC1	0.02319	0.09095	0.03607
KLHDC10	0.06134	0.13963	0.08222
RP11-775D22.2	0.00172	0.00074	0
TMEM209	0.04954	0.12444	0.06512
CPA1	3e-05	0.00068	0.00046
CEP41	0.03885	0.06368	0.04447
RP11-2E11.5	5e-05	8e-04	0.00023
MESTIT1	0.00059	0.00779	0.0021
MEST	0.02199	0.34082	0.11245
RP11-2E11.6	0.00117	0.00056	0.00331
COPG2	0.01847	0.03808	0.0176
RP11-2E11.9	0.00029	0.00569	0.00833
AC016831.7	0.18984	0.04371	0.0463
AC058791.1	0.19642	0.05478	0.05982
RP11-138A9.1	0.36961	0.09353	0.12601
RP11-138A9.2	0.53889	0.08901	0.14271
LINC-PINT	0.2589	0.08146	0.1386
MKLN1	0.18993	0.25351	0.23079
RP11-180C16.1	0.0013	0.00066	0.00186
PODXL	0.00174	0.02438	0.08817
PLXNA4	0.00072	0.00051	0.00106
CHCHD3	0.11042	0.20337	0.09161
EXOC4	0.08691	0.12112	0.11801
LRGUK	0.00066	0.00503	0.00493
SLC35B4	0.05321	0.10464	0.06483
AC008154.5	0	0.00063	0.00034
RP11-38M8.1	0.00499	0.02467	0.00895
AKR1B1	0.20734	0.02711	0.05136
AKR1B10	0.09514	1.04779	0.37035
AKR1B15	0.00038	0.00442	6e-04
BPGM	0.07294	0.09197	0.03834
CALD1	0.03827	0.87904	0.97605
AGBL3	0.0044	0.04409	0.02131
C7orf49	0.06398	0.14963	0.06773
TMEM140	0.10964	0.10143	0.05498
RP11-134L10.1	0.012	0.00992	0.00715
WDR91	0.04938	0.02456	0.02528
AC009542.2	0.00176	2e-05	5e-04
CNOT4	0.18485	0.17866	0.17122
NUP205	0.06154	0.07804	0.04803
C7orf73	0.41357	0.70678	0.28116
SLC13A4	0.00066	0.00036	0.00146
RP11-644N4.1	5e-04	0.00081	0.00016
AC015987.1	0.00113	0.00052	0.00055
MTPN	0.50066	0.38472	0.22
AC009784.3	0.00062	0.00288	0.00394
AC009264.1	0.00047	0.01226	0.01061
CHRM2	0	0.00046	0.00065
PTN	0.0018	0.00197	0.07465
DGKI	0.00136	0.00255	0.00478
AC090498.1	0.3252	0.59166	0.23256
CREB3L2	0.16611	0.31049	0.21675
AKR1D1	0.00228	0.07898	0.01668
TRIM24	0.08147	0.24875	0.10515
SVOPL	0.00215	0.00158	7e-04
ATP6V0A4	0.00013	0.00419	0.00123
TMEM213	0.00041	0.0311	0.01012
KIAA1549	0.00236	0.04898	0.0322
ZC3HAV1L	0.00178	0.00799	0.00629
ZC3HAV1	0.47915	0.20823	0.18503
TTC26	0.00648	0.01611	0.01248
UBN2	0.07282	0.13671	0.14658
C7orf55	0.0882	0.41985	0.16287
LUC7L2	0.19381	0.25486	0.17403
RP11-634H22.1	0.00804	0.00944	0.01
CLEC2L	0.00011	0.00056	0
HIPK2	0.0869	0.16616	0.12311
TBXAS1	0.20894	0.05798	0.03821
PARP12	0.10236	0.15305	0.08026
KDM7A	0.13419	0.07721	0.08022
JHDM1D-AS1	0.02601	0.03658	0.02159
SLC37A3	0.01944	0.14271	0.10178
RAB19	0.00076	7e-04	0.00099
MKRN1	0.21171	0.27733	0.15343
DENND2A	0.001	0.01091	0.02915
ADCK2	0.0632	0.08483	0.03878
NDUFB2	1.0158	1.51755	0.77198
NDUFB2-AS1	0.0079	0.00632	0.0099
BRAF	0.08932	0.11431	0.10178
MRPS33	0.21086	0.60395	0.1994
AGK	0.03512	0.06437	0.04229
RP5-894A10.2	0.01037	0.01682	0.01995
KIAA1147	0.05639	0.08684	0.09117
WEE2-AS1	9e-04	0.00281	0.00185
SSBP1	0.59381	1.18737	0.51937
TAS2R4	0.00222	0.01531	0.01436
MGAM	0.00155	0.01021	0.00648
CLEC5A	0.06203	0.00286	0.00402
MGAM2	0.00018	0.00385	0.00361
TRBV3-1	0.00119	9e-05	0.00095
TRBV5-1	0.00254	0.00012	0
TRBV6-2	0.00367	1e-05	0.00039
TRBV7-2	0.00117	0	0.00031
TRBV9	0.00091	0	0
TRBV6-5	0.00127	0	0
TRBV5-4	0.00154	4e-05	0
TRBV7-9	0.00098	0	0
TRBV14	0.00682	0.00033	0.00152
TRBV18	0.00284	4e-05	0.00099
TRBV19	0.00101	0	0
TRBV20-1	0.0014	0	0.00066
TRBV21-1	0.00125	6e-05	0
TRBV24-1	0.00105	0	0.00025
MTRNR2L6	0.00032	0.00243	0.00379
TRBVB	0.0011	0	0
TRBV28	0.02152	0.00057	0.00225
TRBC1	0.46534	0.02554	0.0489
PRSS2	0.00029	0.01203	0.00808
PRSS1	0.00024	0.00434	0.00278
TRBC2	0.60657	0.03593	0.07414
EPHB6	0.0329	0.01927	0.02857
TRPV6	0.00025	0.00852	0.01125
KEL	0.00073	0.00023	0.00011
PIP	0.0011	0.00656	0.00613
GSTK1	0.50421	0.65936	0.40712
TMEM139	0.00108	0.03369	0.01796
CASP2	0.08084	0.08438	0.07716
CLCN1	0.00076	0.00334	0.00071
FAM131B	0.00128	0.00028	0.00061
AC093673.5	0.05762	0.14103	0.04513
ZYX	0.49981	0.21765	0.2059
EPHA1	0.00869	0.05434	0.01946
EPHA1-AS1	0.04145	0.01102	0.01639
TCAF2	0.0318	0.00892	0.0093
CTAGE6	0.00096	0.00073	0.00021
TCAF1	0.06782	0.33133	0.15569
RP4-669B10.3	5e-05	0.00176	0.00025
ARHGEF35	0.01158	0.15005	0.07048
RP4-545C24.1	0.00031	0.00043	0.00239
OR2A1-AS1	0.00505	0.06047	0.03106
ARHGEF5	0.01644	0.10555	0.11119
TPK1	0.06544	0.02591	0.02339
CNTNAP2	0.00084	0.00585	0.00018
C7orf33	0.00068	0	0
RP5-1136G13.2	0.0109	0.02776	0.01347
CUL1	0.11682	0.13535	0.08595
EZH2	0.10471	0.06344	0.04734
GHET1	0.00181	0.00285	0.00828
PDIA4	0.30895	0.80374	0.44809
ZNF786	0.01242	0.01681	0.0088
ZNF425	0.00136	0.00354	0.00544
ZNF398	0.02045	0.03199	0.02632
ZNF282	0.02828	0.05606	0.04152
ZNF212	0.01511	0.02861	0.02723
ZNF783	0.02092	0.05092	0.06027
AC004941.3	8e-05	0.00034	0.00033
ZNF777	0.02211	0.02901	0.01432
ZNF746	0.04566	0.03315	0.02826
KRBA1	0.0102	0.02338	0.01831
ZNF467	0.0437	0.13374	0.07508
SSPO	0.00066	0.004	0.00627
ZNF862	0.00784	0.00864	0.00999
ATP6V0E2-AS1	0.00286	0.00149	0.00294
ATP6V0E2	0.07458	0.10442	0.05019
RP11-728K20.3	0.00026	0.00055	0.00055
ACTR3C	0.01226	0.07943	0.05247
LRRC61	0.0211	0.19193	0.04407
ZBED6CL	0.00467	0.02953	0.01977
RARRES2	0.0905	1.35238	0.65115
REPIN1	0.07882	0.25538	0.10653
ZNF775	0.01828	0.02073	0.01551
RP11-511P7.5	0.02912	0.02256	0.01658
LINC00996	0.02711	0.00063	0.003
GIMAP8	0.07458	0.00312	0.01922
GIMAP7	0.37775	0.01855	0.07609
GIMAP4	0.43701	0.01856	0.09037
GIMAP6	0.10168	0.00328	0.0311
GIMAP2	0.16567	0.02477	0.03571
GIMAP1	0.17663	0.00742	0.04141
GIMAP5	0.04641	0.00176	0.01065
TMEM176B	0.31029	1.05698	0.45819
TMEM176A	0.2661	1.10455	0.46295
AOC1	0.00136	0.09772	0.05703
KCNH2	0.00327	0.02857	0.00892
NOS3	0.00139	0.0013	0.02974
ATG9B	0.00472	0.00562	0.00508
ABCB8	0.05377	0.07659	0.05294
ASIC3	0.00166	0.0017	0.00166
CDK5	0.04962	0.10144	0.03361
SLC4A2	0.06176	0.18212	0.1044
RP11-148K1.12	0.00021	0.00031	0
FASTK	0.11184	0.25999	0.15195
TMUB1	0.15565	0.27567	0.1437
AGAP3	0.10952	0.05788	0.06241
ABCF2	0.06234	0.10596	0.04967
CHPF2	0.04458	0.07798	0.04366
SMARCD3	0.02595	0.01128	0.03117
RP4-548D19.3	0.00179	0.01149	0.01443
NUB1	0.24875	0.27266	0.19019
WDR86	0.00347	0.00065	0.00087
RHEB	0.52174	0.69382	0.32866
PRKAG2	0.14347	0.09504	0.09002
PRKAG2-AS1	0.03632	0.01191	0.00802
GALNT11	0.10631	0.12539	0.09384
RP5-981O7.2	0.00053	0.00017	0
KMT2C	0.29254	0.25123	0.27093
LINC01003	0.05177	0.11312	0.05378
XRCC2	0.00795	0.02679	0.01982
ACTR3B	0.00921	0.05053	0.03162
LINC01287	9e-05	0.00085	6e-04
PAXIP1-AS2	0.02247	0.03201	0.02443
PAXIP1	0.0284	0.06027	0.05328
RP11-5C23.1	0.00827	0.01511	0.01183
RP11-5C23.2	0.00102	0.00178	0.00183
PAXIP1-AS1	0.0251	0.0941	0.07545
AC144652.1	0.03242	0.02338	0.0239
INSIG1	0.32311	0.41909	0.21606
EN2	0.00049	0.00678	0.00316
AC009403.2	0.02716	0.14332	0.06853
RBM33	0.2036	0.22213	0.2131
SHH	0.00231	0.09957	0.04519
AC021218.2	0.00073	0.0326	0.02559
LINC01006	0.01473	0.08409	0.04372
RNF32	0.00434	0.01629	0.00816
AC005534.8	0.00039	0.00049	0.00163
LMBR1	0.04503	0.10869	0.06346
NOM1	0.07091	0.07428	0.08251
MNX1	0.00066	0.04351	0.03729
MNX1-AS2	9e-05	0.00095	0.00038
MNX1-AS1	0.00095	0.03614	0.00605
RP4-639J15.3	0.00138	8e-05	0
UBE3C	0.10983	0.15493	0.1111
DNAJB6	1.05572	0.49897	0.457
PTPRN2	0.03277	0.07433	0.07017
AC005481.5	0.00016	0.00088	0.00069
AC011899.9	0.0186	0.00078	0.00217
RP11-452C13.1	0.00262	0.00017	0
NCAPG2	0.03649	0.04206	0.02029
ESYT2	0.11172	0.15133	0.12728
WDR60	0.05128	0.11817	0.18494
VIPR2	0.00323	8e-05	0.00509
PLCXD1	0.03707	0.17449	0.10393
GTPBP6	0.13099	0.1229	0.08554
LINC00685	0.02811	0.04462	0.05054
PPP2R3B	0.03422	0.042	0.0379
RP11-309M23.1	0.00068	0.00026	0.00468
CRLF2	0.00299	0.00026	0.001
CSF2RA	0.12481	0.01576	0.01885
IL3RA	0.02044	0.00136	0.05141
SLC25A6	0.85991	0.74274	0.55127
LINC00106	0.0019	0.0019	0.00393
ASMTL-AS1	0.00396	0.00592	0.00964
ASMTL	0.05724	0.05953	0.04889
P2RY8	0.06469	0.00339	0.00623
AKAP17A	0.16419	0.10966	0.13278
ASMT	0.00138	0.00017	0
DHRSX	0.1004	0.11522	0.05618
ZBED1	0.09238	0.09155	0.06969
CD99	0.91476	0.35572	0.4556
GYG2	0.00076	0.02922	0.01322
ARSD	0.05538	0.19901	0.12152
ARSD-AS1	0.00035	0.00072	0
ARSE	0.00684	0.30253	0.13082
ARSF	5e-05	0.00268	0.00031
MXRA5	0.00076	0.11423	0.08994
PRKX	0.21741	0.06835	0.08162
RP11-706O15.1	0.02356	0.02658	0.02324
RP11-706O15.3	0.00126	0.00103	0.00106
RP11-706O15.5	0.00165	0.00573	0.00213
RP11-733O18.1	0.01211	0.00053	0.00044
NLGN4X	0.00019	9e-05	0.00503
PUDP	0.03309	0.1013	0.03057
STS	0.00972	0.02315	0.01514
PNPLA4	0.03234	0.16326	0.05176
VCX3B	0.00027	0.00136	0.00204
ANOS1	0.00423	0.0024	0.00306
FAM9A	0.00076	0.01057	0.00668
FAM9B	0.00043	0.02149	0.00734
TBL1X	0.06829	0.13265	0.07607
GPR143	5e-05	0.00333	0.00296
SHROOM2	0.00086	0.02065	0.00974
WWC3	0.04617	0.04037	0.05702
CLCN4	0.01003	0.04174	0.01072
MID1	0.00092	0.04139	0.0413
RP11-120D5.1	0.00092	0.00299	0.00165
HCCS	0.09419	0.17143	0.06192
ARHGAP6	0.01768	0.03323	0.05819
MSL3	0.20643	0.10561	0.09535
PRPS2	0.10111	0.0941	0.05607
TLR7	0.03921	0.00137	0.00528
TLR8	0.06147	0.00205	0.00846
TMSB4X	4.50254	1.81331	2.32134
GS1-600G8.5	0.00552	0.00042	0.00012
EGFL6	0.00063	9e-05	0.0175
TCEANC	0.01202	0.00858	0.01002
RAB9A	0.24518	0.16025	0.10184
TRAPPC2	0.08259	0.12886	0.08891
OFD1	0.2013	0.20565	0.17955
GPM6B	0.0526	0.01364	0.03935
GEMIN8	0.027	0.07621	0.03342
FANCB	0.01933	0.02845	0.01285
MOSPD2	0.14378	0.10205	0.07427
ASB9	0.00552	0.04614	0.01919
ASB11	0.00034	0.00025	0.00092
PIGA	0.07389	0.04501	0.03864
FIGF	0.00029	0.00271	0.00191
PIR	0.02212	0.35358	0.08786
ACE2	0.00029	0.00716	0.00564
TMEM27	0.00038	0.00163	0.00268
CA5B	0.05225	0.02384	0.03853
INE2	0.00097	2e-04	0.00042
ZRSR2	0.10587	0.05649	0.06391
AP1S2	0.66969	0.06671	0.1371
CTPS2	0.01868	0.04773	0.03521
SYAP1	0.45521	0.37575	0.21995
TXLNG	0.08201	0.13235	0.05626
RBBP7	0.22293	0.37718	0.23424
REPS2	0.02029	0.07803	0.04101
NHS	0.01164	0.08999	0.074
SCML1	0.10714	0.33536	0.19455
RAI2	0.00036	0.02301	0.02056
LINC01456	5e-04	0.00762	0.00173
SCML2	0.00244	0.01673	0.00806
CDKL5	0.0165	0.03791	0.03681
PHKA2	0.03394	0.14741	0.1091
ADGRG2	0.00019	0.01001	0.00825
PDHA1	0.13021	0.29044	0.12275
MAP3K15	0.00049	0.00582	0.00441
SH3KBP1	0.39427	0.18325	0.15625
CXorf23	0.04713	0.07826	0.06825
MAP7D2	0.00187	0.00288	0.00079
EIF1AX	0.68031	0.89671	0.49695
RPS6KA3	0.27888	0.35659	0.24306
CNKSR2	0.0028	0.0024	0.00058
KLHL34	0.00135	0.00161	0.00146
SMPX	4e-05	0.00184	0.00054
MBTPS2	0.03661	0.10638	0.05174
YY2	0.00527	0.01419	0.01447
SMS	0.56879	0.55845	0.22859
PHEX	0.00347	0.00355	0.00264
PTCHD1	9e-04	5e-05	0
PRDX4	0.25937	1.24334	0.50423
ACOT9	0.17457	0.115	0.08016
RP13-314C10.5	0.00014	0.00056	0.00038
SAT1	2.45463	1.41252	1.45179
APOO	0.03538	0.09253	0.03183
CXorf58	0.00046	0.00054	4e-04
KLHL15	0.06479	0.02367	0.04108
EIF2S3	0.38647	0.73682	0.38805
ZFX	0.14928	0.15497	0.10908
PDK3	0.086	0.04297	0.02625
POLA1	0.02938	0.03506	0.01931
RP11-268G12.3	0	0.00161	0.00024
RP11-268G12.1	0.00014	0.01856	0.01602
IL1RAPL1	0.00151	0.00507	0.00603
MAGEB2	1e-04	0.00431	0.00101
NR0B1	0.00376	0.11851	0.03204
CXorf21	0.13539	0.00522	0.0129
GK	0.15654	0.0849	0.05158
GK-AS1	0.00308	0.00051	0.00064
TAB3	0.07474	0.08298	0.06375
DMD	0.01136	0.03173	0.06282
RP11-545D19.1	0.00016	0.00922	0.00299
TMEM47	0.00146	0.11813	0.1424
CFAP47	5e-05	0.00195	0.00327
PRRG1	0.00536	0.04848	0.05636
LANCL3	0.00278	0.00193	0.00244
XK	0.00036	0.01194	0.00615
CYBB	0.74477	0.041	0.09397
DYNLT3	0.26496	0.33417	0.17619
SYTL5	0.00044	0.01995	0.01793
SRPX	0.00112	0.00104	0.02476
RPGR	0.07184	0.05068	0.07638
OTC	7e-05	0.00302	0.00153
TSPAN7	0.00238	0.07585	0.0557
MID1IP1	0.1309	0.27212	0.11034
LINC01281	0.00862	0.00033	0
RP11-157D23.2	0.00082	4e-05	0
BCOR	0.08023	0.07269	0.05253
ATP6AP2	0.74682	0.64094	0.43189
CXorf38	0.14936	0.08731	0.06488
MED14	0.08254	0.1013	0.06922
MED14OS	0.0133	0.01011	0.0092
USP9X	0.25083	0.31435	0.19589
RP5-1172N10.2	4e-04	0.00185	0.00046
DDX3X	0.87852	0.57943	0.61552
CASK	0.09244	0.17063	0.09061
GPR34	0.31707	0.01282	0.02965
GPR82	0.08799	0.01482	0.01965
RP3-326I13.1	0	6e-04	0.00048
MAOA	0.01031	0.16186	0.05032
MAOB	0.00933	0.17652	0.0523
NDP	3e-05	0.00364	6e-04
EFHC2	0.00154	0.02399	0.00761
FUNDC1	0.0707	0.25899	0.09197
KDM6A	0.07814	0.12489	0.07872
CXorf36	0.00016	0.00015	0.06872
MIR222HG	0.08496	0.05212	0.08574
RP6-99M1.3	0.01626	0.00511	0.01006
RP5-1158E12.3	0.00014	0.00078	0.00027
LINC01186	0.00024	0.00803	0.00414
KRBOX4	0.03376	0.04701	0.04271
ZNF674	0.00688	0.02379	0.01779
ZNF674-AS1	0.00691	0.03057	0.02695
CHST7	0.06464	0.01561	0.02757
SLC9A7	0.04149	0.07749	0.04757
RP2	0.16441	0.07327	0.06271
LINC01545	0.00067	0.00925	0.00256
JADE3	0.00671	0.04694	0.02542
RGN	0.00412	0.23332	0.14881
NDUFB11	0.82148	1.73848	0.79554
RBM10	0.08279	0.10504	0.08672
UBA1	0.20237	0.4004	0.21372
CDK16	0.08523	0.24003	0.11583
USP11	0.09184	0.1639	0.11105
ZNF41	0.01335	0.01579	0.0203
LINC01560	0.01046	0.033	0.02593
ARAF	0.08807	0.12679	0.08083
SYN1	0.00204	0.00119	0.00471
TIMP1	0.80902	1.69609	1.30526
CFP	0.0972	0.00417	0.01317
ELK1	0.05773	0.07262	0.0487
UXT	0.59801	0.69674	0.34686
UXT-AS1	0.00314	0.00026	0.00318
AL022578.1	0.00063	3e-04	0.00089
ZNF81	0.00889	0.0132	0.01309
ZNF182	0.01818	0.03044	0.02268
ZNF630	0.00338	0.00633	0.01023
SLC38A5	0.01323	0.00159	0.00579
FTSJ1	0.03982	0.06443	0.04169
AF196972.9	0.00076	0.0023	0.00183
PORCN	0.01282	0.02102	0.01276
EBP	0.15798	0.83171	0.26313
TBC1D25	0.03163	0.0372	0.02634
RP11-1148L6.9	0.00081	0.00069	0.00108
RBM3	0.74783	0.61783	0.48179
WDR13	0.09346	0.26864	0.18957
WAS	0.37074	0.01541	0.04107
SUV39H1	0.0105	0.01708	0.00906
GLOD5	0.00034	0.01064	0.00226
GATA1	0.0013	0	0
HDAC6	0.04382	0.07485	0.0671
ERAS	0.00016	0.00113	0.00103
PCSK1N	0.04122	0.7759	0.29024
TIMM17B	0.14623	0.43169	0.13757
PQBP1	0.1818	0.34784	0.17476
SLC35A2	0.04663	0.16051	0.07774
PIM2	0.1181	0.0297	0.02054
OTUD5	0.1273	0.11673	0.10022
KCND1	0.00137	0.00201	0.00298
GRIPAP1	0.14063	0.11193	0.10826
TFE3	0.08207	0.0643	0.06122
CCDC120	0.00677	0.03765	0.0219
PRAF2	0.03508	0.06411	0.06328
WDR45	0.10585	0.25401	0.13119
GPKOW	0.0462	0.08981	0.04302
MAGIX	0.01212	0.05016	0.03507
PLP2	0.37779	0.34584	0.20769
PRICKLE3	0.01131	0.02064	0.01298
SYP	0.01294	0.01056	0.03316
CACNA1F	0.00153	0.00116	0.00187
CCDC22	0.06749	0.07694	0.03987
FOXP3	0.10312	0.00623	0.01169
PPP1R3F	0.00627	0.00502	0.00498
LL0XNC01-7P3.1	0.00166	0.00349	0.00491
GAGE10	4e-05	0.00052	0.00043
GAGE12J	0	0.00133	0.00024
GAGE13	0.00276	0.15556	0.02492
GAGE12E	0.00012	0.0023	0
GAGE1	0	0.00534	0.00176
GAGE2A	0.07975	1.35511	0.39586
PAGE4	0	0.00051	0
USP27X-AS1	0.00092	0.00319	0.00242
USP27X	0.0073	0.01688	0.01566
CLCN5	0.03825	0.10873	0.06066
CCNB3	0.00166	0.00455	0.00292
DGKK	0.00018	0.00444	0.001
SHROOM4	0.00019	0.0036	0.03752
RP11-348F1.2	0.00028	0.00046	0.00049
CXorf67	2e-04	0.00101	0.00092
NUDT11	0.00099	0.00367	0.00206
GSPT2	0.03728	0.29053	0.08644
MAGED1	0.04323	0.4148	0.16412
MAGED4	6e-05	0.00084	0
FAM156A	0.00075	0.00026	0.00103
GPR173	0.00042	0.00055	0.00388
TSPYL2	0.36992	0.11326	0.19278
KANTR	0.00175	0.00238	0.00295
RP11-258C19.7	0.01642	0.03391	0.0356
KDM5C	0.08473	0.10804	0.09588
IQSEC2	0.0173	0.02596	0.02119
SMC1A	0.21599	0.234	0.15885
RIBC1	0.00076	0.0051	0.00093
HSD17B10	0.22828	0.59648	0.21779
HUWE1	0.18893	0.32277	0.1761
PHF8	0.04819	0.05464	0.04268
FAM120C	0.01747	0.04799	0.03017
WNK3	0.00107	0.02002	0.01525
TSR2	0.10507	0.19385	0.082
FGD1	0.00022	0.00392	0.01025
GNL3L	0.04029	0.042	0.04421
ITIH6	0	0.00083	4e-04
MAGED2	0.12637	0.38207	0.26014
TRO	0.00027	0.00028	0.00391
PFKFB1	3e-04	0.0011	0.00048
APEX2	0.05433	0.07542	0.03451
PAGE2B	0.00042	0.00016	3e-04
FAM104B	0.06576	0.16013	0.04863
MTRNR2L10	0.00035	0.00063	0.00111
PAGE5	0.00779	0.00061	0.00068
MAGEH1	0.08124	0.18195	0.10117
USP51	0.03342	0.02112	0.02196
RRAGB	0.03995	0.06277	0.06104
RP13-188A5.1	0.01149	0.01277	0.02665
KLF8	0.00304	0.00407	0.02722
UBQLN2	0.12104	0.11208	0.07985
LINC01420	0.28653	0.63029	0.2625
SPIN3	0.0025	0.02155	0.01732
SPIN2B	0.02087	0.04182	0.02604
RP3-323P24.3	0.00158	0.00303	0.00452
SPIN2A	0.00183	0.003	0.00771
FAAH2	0.00706	0.03183	0.01742
ZXDB	0.01577	0.0327	0.0199
ZXDA	0.009	0.00982	0.01372
SPIN4	0.01343	0.01961	0.01539
ARHGEF9	0.05293	0.07517	0.09087
AMER1	0.00255	0.0131	0.00871
ASB12	0.00015	0.00133	0
MTMR8	0.00206	0.00382	0.00312
ZC4H2	0.00557	0.02125	0.01098
ZC3H12B	0.00072	0.00618	0.00363
LAS1L	0.05665	0.10981	0.05756
MSN	0.88815	0.31217	0.34866
RP6-159A1.4	0.01628	0.00115	0.00155
VSIG4	0.24262	0.00828	0.02836
HEPH	0.00124	0.06642	0.04913
EDA2R	0.00077	0.00111	0.00347
AR	0.00201	0.02496	0.02174
RP6-201G10.2	2e-04	9e-04	0.00117
OPHN1	0.00704	0.01818	0.02007
YIPF6	0.15286	0.38891	0.17787
STARD8	0.02676	0.01463	0.02252
EFNB1	0.02343	0.11211	0.0979
PJA1	0.02607	0.09182	0.04096
FAM155B	0.00027	0.00312	0.00341
EDA	0.01595	0.05869	0.04222
OTUD6A	3e-04	0.00047	0.00096
IGBP1	0.21768	0.34593	0.16911
PDZD11	0.12611	0.34609	0.11985
KIF4A	0.0295	0.04437	0.015
GDPD2	4e-05	0.01038	0.00184
DLG3	0.01913	0.07821	0.05047
DLG3-AS1	6e-05	0.00056	0.00045
TEX11	0.00014	0.00246	9e-04
SNX12	0.05724	0.08625	0.04696
FOXO4	0.01494	0.0178	0.02406
CXorf65	0.00583	0.00048	0.00152
IL2RG	0.7159	0.06793	0.08214
MED12	0.03924	0.05323	0.03955
NLGN3	0.00118	0.00219	0.00193
RP5-1091N2.9	0.00578	0.00013	0.00044
GJB1	0.00772	0.38857	0.12278
ZMYM3	0.04154	0.09369	0.06979
NONO	0.39629	0.61838	0.36872
ITGB1BP2	0.00168	0.00268	0.00374
TAF1	0.09203	0.09894	0.10694
OGT	0.26027	0.31563	0.34656
ACRC	0.02016	0.00959	0.0123
CXCR3	0.09635	0.01959	0.01555
LINC00891	0.01383	0.00064	0.00307
NHSL2	0.00806	0.00202	0.03906
RGAG4	0.01136	0.00101	0.00872
PIN4	0.18729	0.52119	0.22104
ERCC6L	0.00546	0.01162	0.00265
RPS4X	2.63018	3.28059	2.19119
CITED1	0.00019	0.00062	7e-04
HDAC8	0.04377	0.08381	0.055
PHKA1	0.00146	0.02092	0.0084
NAP1L6	0.00287	0.00436	0.00253
NAP1L2	0.00939	0.01199	0.00788
CHIC1	0.02036	0.05165	0.03464
TSIX	0.01725	0.01518	0.02084
XIST	0.43019	0.73912	0.96959
JPX	0.12933	0.29072	0.16372
RP13-216E22.4	0.00175	0.00286	0.00264
FTX	0.071	0.07153	0.12491
SLC16A2	0.00015	0.01849	0.01965
RLIM	0.12655	0.11153	0.09724
KIAA2022	0.00186	0.00098	0.00118
ABCB7	0.06616	0.09611	0.03938
UPRT	0.04463	0.04267	0.0261
ZDHHC15	0.00106	0.00031	0.00175
PBDC1	0.23698	0.3854	0.135
MAGEE1	0.00284	0.00862	0.00439
MIR325HG	6e-05	0.00069	0.00065
ATRX	0.54692	0.72229	0.69219
MAGT1	0.23653	0.56119	0.26247
COX7B	1.11514	1.91891	0.96836
ATP7A	0.09155	0.11489	0.07883
PGK1	1.16709	1.27622	0.61824
TAF9B	0.02738	0.08635	0.03226
CYSLTR1	0.14816	0.00547	0.03422
P2RY10	0.16767	0.00641	0.01835
GPR174	0.00636	2e-04	0.00061
ITM2A	0.41003	0.16018	0.15649
BRWD3	0.08505	0.13946	0.10925
HMGN5	0.02966	0.20072	0.07834
SH3BGRL	0.90479	0.3896	0.44132
RPS6KA6	0.00074	0.01096	0.00877
HDX	0.01172	0.00839	0.01559
APOOL	0.06653	0.1846	0.10349
ZNF711	0.00233	0.04064	0.0312
POF1B	0.00372	0.16803	0.11298
CHM	0.13837	0.23808	0.14957
KLHL4	0.00024	0.00056	0.00282
PABPC5	5e-05	0.00126	0.00846
NAP1L3	0.00381	0.03581	0.01433
FAM133A	0.00242	0.10264	0.02724
DIAPH2	0.13244	0.19411	0.17463
RPA4	0.01015	0.02019	0.01735
DIAPH2-AS1	0.00212	0.00683	0.00475
PCDH19	0	0.00065	0.00185
TSPAN6	0.02214	0.76718	0.27957
SRPX2	0.00023	0.00255	0.00765
SYTL4	0.00116	0.03257	0.03083
CSTF2	0.01994	0.05085	0.01982
XKRX	0.00089	0.0029	0.00167
TRMT2B	0.01963	0.03652	0.02665
CENPI	0.00799	0.01078	0.00689
TAF7L	0.00031	0.00143	7e-04
TIMM8A	0.04647	0.21015	0.06669
BTK	0.13662	0.00451	0.0159
RPL36A	1.57913	2.07645	1.36834
GLA	0.23031	0.20126	0.12265
HNRNPH2	0.23977	0.43075	0.21633
ARMCX4	0.0096	0.03812	0.03394
ARMCX1	0.08745	0.07569	0.06614
ARMCX6	0.14748	0.19095	0.14336
ARMCX3	0.29676	0.27162	0.2474
ARMCX2	0.01777	0.05317	0.04751
ZMAT1	0.05604	0.11973	0.135
TCEAL2	0.00072	0.00025	0.0022
BEX5	0.03962	0.09395	0.04475
TMSB15A	0.00092	0.00314	0.01549
ARMCX5	0.0292	0.0986	0.07468
GPRASP1	0.01883	0.01832	0.03512
GPRASP2	0.00275	0.01235	0.01505
BHLHB9	0.00418	0.01548	0.01383
LINC00630	0.00595	0.01315	0.01493
LL0XNC01-237H1.2	0.00164	0.00547	0.00905
RAB40AL	0.00162	0.01657	0.01256
BEX1	0.00221	0.00219	0.0038
NXF3	0.00243	0.0537	0.02314
BEX4	0.21617	0.10773	0.12149
TCEAL8	0.22654	0.34628	0.22304
TCEAL5	0.00087	6e-05	0.00056
BEX2	0.03884	0.24502	0.07742
TCEAL7	0.00067	0.00048	0.04718
WBP5	0.20908	0.41056	0.44367
NGFRAP1	0.15557	1.19247	0.58042
RAB40A	6e-05	0.00059	0.00176
TCEAL4	0.25726	0.74495	0.48131
TCEAL3	0.13988	0.12397	0.11825
TCEAL1	0.05357	0.15527	0.08737
MORF4L2	0.41592	1.02771	0.53333
MORF4L2-AS1	0.00648	0.00914	0.01817
TMEM31	9e-05	0.00128	0
RAB9B	0.00159	0.0191	0.01193
LL0XNC01-116E7.2	0.00125	0.00577	0.00359
TMSB15B	0.00444	0.00599	0.00778
RP11-722G7.1	0.00163	0.0053	0.00449
SLC25A53	0.03864	0.05255	0.03204
ZCCHC18	0.00609	0.00039	0.00241
FAM199X	0.09894	0.17962	0.09929
IL1RAPL2	0	0.0019	0.00376
SERPINA7	0.00101	0.04558	0.01142
MUM1L1	7e-05	0.00489	0.00263
CXorf57	0.00626	0.0323	0.01795
RNF128	0.00835	0.38417	0.15104
TBC1D8B	0.01224	0.18957	0.09358
MORC4	0.02131	0.17802	0.06079
RIPPLY1	3e-05	0.00115	0.00042
CLDN2	0.00479	0.35439	0.10816
RBM41	0.03898	0.14186	0.113
NUP62CL	0.0035	0.05048	0.02734
PRPS1	0.1376	0.18215	0.07598
TSC22D3	1.05689	0.23116	0.33944
MID2	0.00131	0.01264	0.00574
VSIG1	0.0082	0.1946	0.10156
PSMD10	0.10334	0.33655	0.09275
ATG4A	0.04182	0.10231	0.04782
COL4A6	0	0.00123	0.0011
COL4A5	0.00237	0.07219	0.04851
NXT2	0.04464	0.07634	0.02442
KCNE5	0.00115	0.00436	0.0031
ACSL4	0.26601	0.85792	0.37364
TMEM164	0.02816	0.10734	0.05084
AMMECR1	0.04027	0.10729	0.06028
CHRDL1	0.00031	0.005	0.0061
PAK3	0.00492	0.00438	0.0069
CAPN6	8e-04	0.05319	0.01205
DCX	0	0.00181	0.00101
ALG13	0.22884	0.28601	0.19951
TRPC5	0.00017	0.00084	0.00015
LHFPL1	0.00013	0.00233	0.00095
AMOT	0.00232	0.0736	0.03634
HTR2C	0.00029	0.01921	0.01001
IL13RA2	0.00257	0.08017	0.03212
LRCH2	0	0.00118	0.00955
PLS3-AS1	6e-05	0.00132	0.00031
PLS3	0.02367	0.59025	0.31667
DANT2	0.00068	0.06972	0.04144
SLC6A14	0.00361	0.25516	0.09056
KLHL13	0.00236	0.01137	0.01252
WDR44	0.06693	0.08114	0.0564
DOCK11	0.17281	0.01511	0.03309
IL13RA1	0.20144	0.35443	0.19274
ZCCHC12	0.00116	0.00054	0.00252
LINC01285	0.00074	0.01768	0.01034
LONRF3	0.01683	0.04613	0.03026
PGRMC1	0.14858	0.85786	0.38573
SLC25A43	0.05186	0.10746	0.05037
SLC25A5	0.91496	1.59183	0.70917
CXorf56	0.04148	0.06504	0.03947
UBE2A	0.37016	0.38094	0.20346
NKRF	0.1032	0.07922	0.04753
SEPT6	0.45146	0.07808	0.13822
SOWAHD	0.02393	0.00251	0.00452
RPL39	3.76526	4.19216	2.98633
UPF3B	0.09542	0.19797	0.10053
RNF113A	0.11412	0.18023	0.09371
NDUFA1	0.87695	1.55448	0.86902
NKAP	0.13641	0.33859	0.13663
RHOXF1-AS1	8e-05	0.00265	0.00017
RHOXF1	0.00021	0.00038	0.00069
ZBTB33	0.05963	0.11061	0.05593
TMEM255A	0.00728	0.00036	0.00101
LAMP2	0.54806	0.78292	0.46722
CUL4B	0.09789	0.16803	0.09162
MCTS1	0.33665	0.72275	0.27557
C1GALT1C1	0.10331	0.32159	0.14029
GLUD2	0.00375	0.0788	0.02088
RP13-192B19.2	0.00048	0.04251	0.04349
GRIA3	4e-05	0.00115	0.00106
THOC2	0.30387	0.64627	0.45331
XIAP	0.2396	0.5018	0.33281
RP1-315G1.3	0.00208	0.01146	0.00775
STAG2	0.38608	0.4644	0.26941
SH2D1A	0.14647	0.00534	0.01177
TENM1	0.00425	0.02828	0.0303
RP11-13E5.2	0	0.00081	5e-04
DCAF12L1	0	0.00901	0
SMARCA1	0.01871	0.54313	0.24439
OCRL	0.02229	0.08857	0.05399
APLN	0.00308	0.00205	0.0054
XPNPEP2	0.00147	0.03255	0.02265
SASH3	0.14063	0.00635	0.01224
ZDHHC9	0.01685	0.37391	0.13898
UTP14A	0.0543	0.13884	0.06007
BCORL1	0.01723	0.05165	0.03611
ELF4	0.04665	0.04437	0.02825
AIFM1	0.07574	0.24764	0.06834
RAB33A	0.04644	0.00283	0.00649
ZNF280C	0.02102	0.03438	0.0266
SLC25A14	0.01666	0.05769	0.03034
RBMX2	0.11287	0.25066	0.09642
ENOX2	0.04205	0.07124	0.03923
IGSF1	7e-04	0.03682	0.0303
FIRRE	0.00154	0.01349	0.0147
STK26	0.06321	0.0992	0.03285
RAP2C	0.1786	0.20327	0.13281
RAP2C-AS1	0.01116	0.01112	0.01037
MBNL3	0.05316	0.30409	0.12167
HS6ST2	0.00204	0.06165	0.02334
GPC4	0.01742	0.03645	0.0241
GPC3	0.11842	1.38185	0.81845
CCDC160	0.00013	0.00286	0.00182
PHF6	0.12506	0.18075	0.10822
HPRT1	0.29996	0.39884	0.16096
MIR503HG	0.01446	0.01796	0.03162
LINC00629	0.00012	0.00106	0.00119
PLAC1	3e-05	0.0012	0.00052
FAM122B	0.07076	0.14576	0.09133
FAM122C	0.03502	0.02249	0.03178
MOSPD1	0.07213	0.14082	0.07019
RP3-473B4.3	3e-05	0.00081	0
SMIM10	0.00467	0.01175	0.03603
FAM127C	0.00882	0.01102	0.03242
FAM127A	0.12286	0.24488	0.2083
FAM127B	0.07461	0.40523	0.18428
RP11-85L21.4	0.00021	0.00065	0.00048
SMIM10L2B	0.00021	0.00325	0.00223
CT55	2e-05	0.00253	0.00055
ZNF75D	0.02328	0.04094	0.03582
ZNF449	0.02097	0.02603	0.03267
SMIM10L2A	0.00037	0.00497	0.00307
DDX26B-AS1	0.00044	5e-04	0.00064
DDX26B	0.04448	0.02793	0.03564
CT45A1	0.00119	0.05143	0.00989
CT45A3	5e-05	0.00219	0
CT45A5	0.00057	0.01568	0.00418
CT45A10	0.00142	0.07196	0.01473
SAGE1	8e-04	0.01782	0.00654
MMGT1	0.11129	0.13492	0.08039
SLC9A6	0.0639	0.0551	0.03755
FHL1	0.0465	0.10371	0.11432
MAP7D3	0.08686	0.13106	0.08454
HTATSF1	0.15046	0.23563	0.12279
VGLL1	0	0.00419	0.00259
CD40LG	0.1119	0.00367	0.01102
ARHGEF6	0.18189	0.00787	0.04552
RP11-1114A5.4	0.02713	0.03436	0.04362
RBMX	0.43617	0.5208	0.43128
FGF13	0.00079	0.0032	0.01868
F9	0.00028	0.01101	0.00406
ATP11C	0.09458	0.05753	0.07403
LINC00632	0.00233	0.07188	0.02127
CDR1	0.00033	0.00066	0.00037
CDR1-AS	0.00264	0.02553	0.02055
LDOC1	0.00929	0.14469	0.05887
SLITRK4	0.00905	0.00287	0.00652
SPANXN2	0	0.00048	0
FMR1	0.13175	0.19292	0.12209
AFF2	0.00127	0.00146	0.00123
IDS	0.53693	0.35549	0.3606
AF011889.2	0.00056	0.00087	0.00189
LINC00893	0.01678	0.01775	0.02107
CXorf40A	0.03168	0.03062	0.02134
TMEM185A	0.03048	0.0546	0.05484
MAGEA8	5e-05	0.00246	0.00054
CXorf40B	0.03451	0.05444	0.02618
LINC00894	0.00291	0.00804	0.01073
MAMLD1	0.00572	0.00357	0.00366
MTM1	0.06934	0.07867	0.05625
MTMR1	0.03794	0.06054	0.03673
CD99L2	0.01884	0.04658	0.03729
HMGB3	0.10606	0.39578	0.1183
AF003625.3	9e-05	0.0018	0.00051
VMA21	0.34972	0.40557	0.18034
RP11-366F6.2	0.00072	0.02363	0.01076
MAGEA4	0.00778	0.23086	0.03869
GABRE	0.00432	0.09684	0.12402
GABRA3	0.00078	0.00611	0.00373
CSAG1	5e-05	7e-05	0.00584
CETN2	0.08906	0.48996	0.1571
NSDHL	0.04139	0.256	0.06487
ZNF185	0.022	0.0571	0.02253
PNMA5	0.00375	0.00025	0.00069
PNMA3	0.00151	0.00551	0.00785
PNMA6A	0.00686	0.05681	0.01652
MAGEA1	1e-04	0.01172	0.00068
RP11-635O16.2	0	0.00064	0.00092
ZNF275	0.0368	0.13369	0.07318
ZFP92	0.00118	0.00198	0.00412
HAUS7	0.03127	0.04874	0.0284
BGN	0.00709	0.14534	0.39896
FAM58A	0.0949	0.15221	0.05809
RP11-66N11.8	0.01148	0.03083	0.01815
DUSP9	0.01745	0.408	0.12292
PNCK	0.00978	0.00923	0.01174
SLC6A8	0.06327	0.17903	0.17473
BCAP31	0.6833	1.22334	0.66494
ABCD1	0.06722	0.05612	0.05187
PLXNB3	0.00014	0.00148	0.00092
SRPK3	0	0.00158	0.00188
IDH3G	0.29458	0.46783	0.24403
SSR4	1.2163	1.90105	1.14129
PDZD4	0.00424	0.00039	0.00323
L1CAM	0.00198	0.00017	0
AVPR2	0.00032	0	0.00267
ARHGAP4	0.35205	0.05627	0.08271
NAA10	0.27563	0.66955	0.32298
RENBP	0.09848	0.06749	0.02391
HCFC1	0.09491	0.1363	0.08612
HCFC1-AS1	0.00166	1e-04	0
TMEM187	0.02014	0.09125	0.02655
IRAK1	0.18351	0.31826	0.15582
MECP2	0.30976	0.26472	0.29167
TKTL1	0.00431	0.0017	0.00178
XX-FW83128A1.2	0.00122	5e-04	0
FLNA	0.44869	0.1903	0.31371
EMD	0.28986	0.29994	0.17765
RPL10	3.77568	4.19694	3.07845
XX-FW83563B9.5	0.01389	0.02555	0.03283
DNASE1L1	0.0706	0.14529	0.08282
TAZ	0.08782	0.11003	0.10056
CH17-340M24.3	0.10853	0.09837	0.05184
ATP6AP1	0.41686	0.5728	0.38013
GDI1	0.16539	0.20349	0.21687
FAM50A	0.40051	0.51925	0.31067
PLXNA3	0.10199	0.08438	0.10112
LAGE3	0.19714	0.73307	0.20249
UBL4A	0.06214	0.19556	0.06208
SLC10A3	0.06818	0.17198	0.07933
FAM3A	0.08343	0.26465	0.13926
G6PD	0.11938	0.2867	0.11565
IKBKG	0.09177	0.33116	0.14653
CTAG2	0.00458	0.00025	0.00138
GAB3	0.08788	0.00505	0.02286
DKC1	0.14046	0.41271	0.15809
MPP1	0.30623	0.03404	0.05778
F8	0.01648	0.0276	0.02581
F8A1	0.08723	0.17718	0.05954
FUNDC2	0.22723	0.39029	0.18876
MTCP1	0.00159	0.00546	0.00365
CMC4	0.00957	0.02854	0.00926
BRCC3	0.05796	0.16878	0.06071
VBP1	0.21723	0.47434	0.16123
RAB39B	0.02041	0.00094	0.00269
CLIC2	0.12313	0.06005	0.0545
RP13-228J13.1	0.00031	0.00052	0.00066
F8A3	0.0142	0.03853	0.01441
TMLHE-AS1	0.00111	0.00184	0.00083
RP11-218L14.4	0.00044	0.00174	0
TMLHE	0.04029	0.10799	0.05316
SPRY3	0.00194	0.00872	0.01523
VAMP7	0.09605	0.16006	0.07236
IL9R	0.00697	0.00059	0.00078
ZNF596	0.00475	0.00456	0.00728
RP5-855D21.2	0.00143	0.00169	0.00284
FBXO25	0.06971	0.10616	0.06293
RP11-91J19.3	0.00013	0.00065	0.00322
TDRP	0.0014	0.05484	0.04315
ERICH1	0.19345	0.19457	0.28576
DLGAP2	1e-04	0.00141	0.0018
CLN8	0.11899	0.07217	0.07709
CTD-2336O2.3	0.00083	0.00023	0.00082
CTD-2336O2.1	0.14416	0.10088	0.0601
ARHGEF10	0.00534	0.04579	0.07047
KBTBD11-OT1	0.00037	0.00202	0.00192
KBTBD11	0.00896	0.03455	0.01788
MYOM2	0.01611	0.00436	0.00482
RP11-134O21.1	0.00056	0	0.00045
CSMD1	0.00098	0.00454	0.00223
RP11-115C21.2	0.01604	0.02176	0.02099
MCPH1	0.07739	0.06855	0.06113
ANGPT2	0.01165	0.00725	0.11207
CTD-2541M15.3	0.00033	0.00072	2e-04
MCPH1-AS1	4e-04	0.0013	0.00207
AGPAT5	0.08489	0.11135	0.06451
GS1-24F4.2	0.00017	0.00102	0.00107
DEFB1	0.02719	0.57117	0.18653
FAM66B	0.00029	0.00157	0.0012
FAM85B	0.00038	7e-04	0.00073
SGK223	0.04344	0.0352	0.02873
CLDN23	0.02089	0.0776	0.03978
MFHAS1	0.12287	0.09695	0.05787
ERI1	0.06964	0.06608	0.03299
PPP1R3B	0.03903	0.08704	0.06347
RP11-10A14.4	0.00145	0.03201	0.00616
RP11-10A14.9	0.00024	0.00564	0.00196
RP11-10A14.5	0.00044	0.02442	0.00609
RP11-375N15.2	0.00137	0.00208	0.00277
TNKS	0.06155	0.08959	0.07197
RP11-1E4.1	0.00517	0.00451	0.00912
MSRA	0.09251	0.09686	0.05861
RP11-981G7.6	0.00089	0.00118	0.00273
RP1L1	0	0.00415	0.00831
SOX7	0.00118	0.02343	0.04521
PINX1	0.04887	0.04757	0.02658
XKR6	0.01594	0.01611	0.01386
AF131215.8	0.00042	0.00024	0.00053
AF131216.1	0.00074	0.00067	0.00175
MTMR9	0.09872	0.05836	0.08008
AF131216.6	0.00233	0.00046	0.00061
SLC35G5	0.00081	0.00086	0.00074
FAM167A	0.0045	0.00517	0.00574
BLK	0.00847	0.00027	0.00029
GATA4	0.00237	0.05482	0.01884
C8orf49	0	0.00322	0.00319
NEIL2	0.02711	0.03706	0.02351
FDFT1	0.11923	0.45704	0.1566
RP11-297N6.4	0.00458	0.00892	0.01505
CTSB	1.76534	0.75497	0.69016
FAM86B1	0.00134	0.00721	0.00274
AC145124.2	0.00399	0.01169	0.029
RP11-351I21.11	0.00025	0.0012	0
FAM86B2	0	0.00045	0
RP11-419I17.1	5e-04	0.00129	0.00126
LONRF1	0.06094	0.09884	0.05922
RP11-252C15.1	0.00209	4e-05	0.00017
KIAA1456	0.00146	0.0212	0.02405
DLC1	0.01299	0.02443	0.22064
C8orf48	0.00062	0.0023	0.00602
TUSC3	0.00116	0.04262	0.07127
MSR1	0.61596	0.03622	0.08027
FGF20	0.00026	0.01312	0.00387
MICU3	0.00672	0.02494	0.04542
RP11-468H14.2	0.00011	0.00049	0.00072
ZDHHC2	0.08896	0.1429	0.06659
CNOT7	0.24149	0.30615	0.16158
VPS37A	0.11591	0.17059	0.09438
MTMR7	0.00202	0.08563	0.01816
SLC7A2	0.00723	0.30018	0.16504
PDGFRL	0.00158	0.02237	0.01501
MTUS1	0.03149	0.39145	0.38427
RP11-156K13.1	0.00022	0.00646	0.0046
FGL1	0.06592	1.11256	0.50085
RP11-156K13.3	0.00095	0.00021	0
PCM1	0.4341	0.27453	0.27583
ASAH1	0.85993	0.52931	0.40433
CTD-2547L16.1	0.00438	0.00236	0.00367
NAT1	0.02928	0.03199	0.01562
NAT2	0.00021	0.00054	0
PSD3	0.04593	0.06607	0.09182
RP11-1080G15.1	0.0078	0.00035	0.00142
SH2D4A	0.0049	0.21876	0.11086
CSGALNACT1	0.02501	0.03328	0.04838
INTS10	0.11079	0.15867	0.11177
LPL	0.11907	0.0049	0.0368
SLC18A1	9e-04	0	0.00018
ATP6V1B2	0.51231	0.1448	0.13208
LZTS1	0.00575	0.00099	0.05588
GFRA2	0.1086	0.00364	0.01195
DOK2	0.71918	0.04042	0.08486
XPO7	0.06591	0.08998	0.0628
NPM2	0.01037	0.02065	0.01314
FGF17	4e-04	0.00151	0.00184
DMTN	0.01364	0.11912	0.05209
FAM160B2	0.04848	0.06965	0.0957
NUDT18	0.03764	0.03979	0.02269
HR	0.00018	0.01521	0.00685
REEP4	0.07707	0.07194	0.05091
BMP1	0.01783	0.04862	0.11928
PHYHIP	0	0.00313	0.00405
POLR3D	0.05822	0.06821	0.05795
PIWIL2	0.00038	0.01316	0.0025
SLC39A14	0.02306	0.40677	0.18576
PPP3CC	0.06325	0.03104	0.04309
RP11-582J16.4	0.01295	0.00666	0.00724
SORBS3	0.11773	0.1178	0.15199
PDLIM2	0.19327	0.14271	0.16244
C8orf58	0.01763	0.01014	0.02082
CCAR2	0.04663	0.04912	0.05098
RP11-582J16.5	0.00467	0.00723	0.00633
BIN3	0.05672	0.08856	0.07446
EGR3	0.10586	0.10115	0.11502
PEBP4	0.00267	0.00208	0.00487
RP11-875O11.1	0.0031	0.00063	0.00176
RHOBTB2	0.00796	0.01145	0.01197
TNFRSF10B	0.09949	0.19664	0.14152
RP11-875O11.3	0.00011	0.00087	0.00027
TNFRSF10C	0.00609	0.02052	0.01393
TNFRSF10D	0.03327	0.04153	0.04792
TNFRSF10A	0.03872	0.056	0.04146
RP11-1149O23.4	0.00128	0.00068	0.00063
CHMP7	0.06539	0.06953	0.04902
R3HCC1	0.07759	0.12223	0.07843
LOXL2	0.00285	0.00495	0.103
ENTPD4	0.0815	0.10279	0.11582
SLC25A37	0.13118	0.2294	0.30366
NKX3-1	0.00662	0.01154	0.01228
STC1	0.00342	0.00473	0.13694
ADAM28	0.09485	0.28482	0.2248
RP11-624C23.1	0.00293	0.00105	0.0014
ADAMDEC1	0.06565	0.00199	0.00526
GS1-72M22.1	0.00033	4e-04	0.00023
NEFM	0.0029	0.00227	0.00374
NEFL	0.00143	0.00017	0
DOCK5	0.10687	0.11533	0.09866
GNRH1	0.00301	0.00543	0.00538
KCTD9	0.08045	0.07953	0.05966
CDCA2	0.02351	0.04255	0.01181
EBF2	0.00028	0.00042	0.04278
PPP2R2A	0.24073	0.23476	0.17819
BNIP3L	0.68512	0.30181	0.28272
PNMA2	0.00143	0.01698	0.01036
DPYSL2	0.41297	0.1246	0.22275
ADRA1A	0	0.00134	0.00323
TRIM35	0.0199	0.01807	0.01147
PTK2B	0.15035	0.046	0.05825
EPHX2	0.02062	0.12476	0.05859
CLU	0.18013	1.86907	1.17833
SCARA3	0.00168	0.04012	0.0339
CCDC25	0.14908	0.36385	0.1513
ESCO2	0.04389	0.0259	0.01234
PBK	0.01009	0.07905	0.01933
SCARA5	4e-05	0.00052	0.00073
NUGGC	0.00339	3e-04	0.00025
ELP3	0.05116	0.078	0.04419
PNOC	0.00568	5e-05	0.00093
ZNF395	0.09099	0.10011	0.06926
FBXO16	0.00506	0.02869	0.01468
FZD3	0.01991	0.02839	0.02812
EXTL3	0.01364	0.02828	0.04177
EXTL3-AS1	0.00097	0.00094	0.00151
INTS9	0.02021	0.02149	0.0182
RP11-662B19.2	0.00088	0.00055	0.00014
HMBOX1	0.09317	0.06947	0.09628
KIF13B	0.05181	0.19348	0.13751
DUSP4	0.3491	0.20308	0.13895
RP11-486M23.1	0.00136	0.00039	0
LINC00589	0.00174	0.00038	0.00188
AC145110.1	0.01245	0.00064	0.00234
RP11-94H18.1	0.00033	0.00024	2e-04
SARAF	1.19591	0.82495	0.57821
RP11-489E7.4	0.20957	0.01714	0.05005
LEPROTL1	0.69754	0.37946	0.23172
MBOAT4	0.00031	0.00194	0.00179
RP11-51J9.5	0.09054	0.02217	0.0353
DCTN6	0.23452	0.2582	0.15588
RP11-51J9.6	0.00166	0.0012	0.00185
RBPMS-AS1	0.00011	0.01117	0.00466
RBPMS	0.00772	0.24629	0.22392
GTF2E2	0.11717	0.15725	0.07137
GSR	0.10662	0.19265	0.10187
UBXN8	0.04156	0.14375	0.06663
PPP2CB	0.20536	0.30855	0.19455
TEX15	0.00035	0.00192	0.00034
PURG	5e-05	0.00111	0.00194
WRN	0.04013	0.06541	0.07178
NRG1	0.01651	0.01115	0.00878
RP11-11N9.4	0.05367	0.0498	0.02048
RP11-722E23.2	0.00049	0.00519	0.00325
FUT10	0.00866	0.03072	0.02683
TTI2	0.04132	0.04347	0.03402
MAK16	0.05418	0.07322	0.0361
RNF122	0.01784	0.00625	0.02275
DUSP26	2e-04	0.00012	0.00614
RP11-962G15.1	2e-04	0.0061	0.00306
RP11-150O12.3	0.00037	0.01518	0.00707
ZNF703	0.06205	0.0461	0.05425
RP11-863K10.7	0.00178	0.00026	0.00143
ERLIN2	0.07062	0.13018	0.08398
PROSC	0.16252	0.12376	0.06215
ADGRA2	0.00085	0.00082	0.06849
BRF2	0.02471	0.04476	0.01844
RAB11FIP1	0.47307	0.34154	0.24692
EIF4EBP1	0.38019	0.62972	0.24417
ASH2L	0.07119	0.05837	0.0497
LSM1	0.17262	0.26483	0.12902
BAG4	0.09172	0.10069	0.05953
DDHD2	0.05139	0.04094	0.04017
PLPP5	0.09536	0.26257	0.13152
WHSC1L1	0.36278	0.29648	0.33395
RP11-350N15.5	0.01386	0.01111	0.02291
LETM2	0.02134	0.04395	0.02037
RP11-350N15.6	0.00037	0.00042	0.00059
FGFR1	0.05435	0.00787	0.0522
TACC1	0.45719	0.27822	0.30687
RP11-723D22.3	0.00146	0	0
PLEKHA2	0.33491	0.08689	0.10965
CTD-2544N14.3	0.04443	0.00314	0.01065
HTRA4	0.01197	0.00058	0.00278
TM2D2	0.19075	0.1767	0.09694
ADAM9	0.35336	0.33212	0.22852
ADAM32	0.0024	0.00263	0.00375
ADAM18	0.00012	0.00449	0.00174
ADAM2	4e-05	0.00091	0.00034
IDO1	0.00711	0.00096	0.0029
IDO2	0.00073	1e-04	0
C8orf4	0.01679	0.39818	0.58295
CTA-392C11.1	9e-05	0.00272	0.00094
SFRP1	0.00015	4e-05	0.00898
GOLGA7	0.24815	0.21582	0.12522
GINS4	0.03027	0.01613	0.01266
RP11-360L9.4	0.00023	0.00114	0.00044
RP11-360L9.7	0.00258	0.00047	0.0017
GPAT4	0.10214	0.08344	0.07437
ANK1	0.00572	0.03548	0.01827
RP11-930P14.2	0.00195	0.00133	0.00157
KAT6A	0.2243	0.12288	0.15206
RP11-589C21.6	0.01208	8e-04	0.00035
RP11-589C21.5	0.00333	6e-04	0.00066
AP3M2	0.10316	0.09857	0.11597
PLAT	0.01475	0.01089	0.10143
RP11-231D20.2	0.00572	0.00087	0.00405
IKBKB	0.12992	0.10313	0.13678
POLB	0.06401	0.0537	0.03516
DKK4	0.00014	0.00061	0
VDAC3	0.32937	0.40318	0.20573
SLC20A2	0.05146	0.09901	0.08546
RP11-503E24.2	0.00711	0.00624	0.00848
SMIM19	0.21553	0.26116	0.13901
CHRNA6	0.00364	8e-05	0.00037
THAP1	0.07852	0.05782	0.04371
RNF170	0.06104	0.12246	0.07197
HOOK3	0.27532	0.11248	0.19257
FNTA	0.23432	0.24758	0.15105
POMK	0.00391	0.00259	0.00281
HGSNAT	0.13644	0.14087	0.1227
RP11-1134I14.8	0	0.0012	0.00047
SPIDR	0.06091	0.08808	0.06741
CEBPD	0.66999	0.70134	0.52343
PRKDC	0.29808	0.57411	0.23678
MCM4	0.05673	0.06258	0.03391
UBE2V2	0.23589	0.57454	0.2149
RP11-567J20.3	0.00094	0	0
SNAI2	0.00029	0.00316	0.05
PXDNL	0	9e-05	0.00877
RP11-11C20.3	0.00011	0.00063	0.00164
PCMTD1	0.2351	0.54334	0.38467
RP11-110G21.1	0.01082	0.05623	0.04262
RP11-546K22.3	0.00084	0.0054	0.00099
RP11-546K22.1	0.00018	0.00918	0.00302
ST18	0.01263	0.00062	0.00114
FAM150A	2e-04	0.01542	0.00949
RB1CC1	0.25213	0.89379	0.42881
ATP6V1H	0.23361	0.2717	0.15494
RGS20	0.00116	0.00351	0.00135
TCEA1	0.52958	1.037	0.43362
RP11-30L15.6	0.00046	0.00123	0.00102
LYPLA1	0.30606	0.95571	0.34141
MRPL15	0.17919	0.72378	0.2178
SOX17	5e-05	0.00025	0.04323
RP11-53M11.3	2e-05	0.00381	0.00106
RP1	9e-05	0.00907	0.00347
XKR4	0.00036	0.00017	0.00163
TMEM68	0.06317	0.2036	0.09663
TGS1	0.11723	0.25263	0.09649
LYN	0.44102	0.13416	0.10099
RPS20	1.93623	2.23286	1.46306
CTA-397H3.3	0	0.00048	0.00064
PLAG1	0.00739	0.00985	0.0139
CHCHD7	0.27122	0.57841	0.23221
RP11-140I16.3	0.0014	0.00229	0.00066
SDR16C5	0.0025	0.17735	0.05867
LINC00968	0.0011	5e-05	0
IMPAD1	0.15001	0.41704	0.20195
LINC01606	7e-05	0.00066	0.00063
CTD-2339F6.1	0.00033	0.00023	0.00164
FAM110B	0.00316	0.017	0.02508
UBXN2B	0.07562	0.17006	0.07049
SDCBP	1.3004	0.9313	0.59225
NSMAF	0.10435	0.09192	0.06672
TOX	0.06952	0.01453	0.01264
RP11-25K19.1	0.03272	0.07182	0.01976
RP11-379I19.1	0	0.00091	0.00062
CA8	0.00152	0.02923	0.01907
LINC01301	0.00102	0.00376	0.00199
RAB2A	0.51127	1.28734	0.5702
RP11-91I20.4	0.00148	0.00064	0.00065
CHD7	0.07562	0.26724	0.17725
AC022182.1	0.00054	0.00098	0.00082
AC022182.3	0.02931	0.00088	0.00272
CLVS1	0.00043	0.0086	0.00476
RP11-787D18.2	0.00016	0.00029	0.00085
ASPH	0.19777	1.2772	0.7575
RP11-280G9.1	0.00042	0.01522	0.02037
RP11-705O24.1	3e-05	0.00041	0.00071
NKAIN3	8e-05	0.00146	0
UG0898H09	0	0.00261	0.00078
RP11-659E9.2	0.00012	0.00076	0.00073
GGH	0.08867	0.81791	0.30003
TTPA	0	0.00092	0.00054
YTHDF3-AS1	0.02254	0.09138	0.03497
YTHDF3	0.22689	0.32076	0.18073
RP11-16E18.3	0.00872	0.01181	0.0085
RP11-573J24.1	0.00073	0.01918	0.00709
RP11-32K4.1	0	0.00513	0.00207
LINC01289	0	0.00145	0.00098
BHLHE22	5e-04	0.00011	0.0024
CYP7B1	0.00661	0.1287	0.05111
CTD-3025N20.3	0.00333	0.02215	0.00627
ARMC1	0.13118	0.53121	0.22415
MTFR1	0.03939	0.36767	0.12093
RP11-707M3.3	0.00572	0.00384	0.00316
PDE7A	0.25743	0.16438	0.15429
CTD-2532N20.1	0.00119	0.00165	0.00022
DNAJC5B	0.04764	0.00254	0.00393
AC084082.3	0.00071	0.00305	0.0038
TRIM55	0.00768	0.21733	0.06104
CRH	0.00048	0.0081	0.0011
RRS1-AS1	0.00223	0.00611	0.00546
RRS1	0.05887	0.30478	0.10042
ADHFE1	0.0076	0.02674	0.0316
C8orf46	0.00083	0.00283	0.00339
MYBL1	0.06983	0.02698	0.02959
VCPIP1	0.15402	0.23025	0.15012
C8orf44-SGK3	0.00019	0.00094	0.00043
C8orf44	0.01632	0.07092	0.07365
SGK3	0.10906	0.1483	0.08703
MCMDC2	0.00347	0.01519	0.00935
TCF24	0.00024	0.0129	0.00522
PPP1R42	0	0.00111	0.00058
COPS5	0.18333	0.78225	0.30506
CSPP1	0.05593	0.34701	0.18255
ARFGEF1	0.16004	0.38808	0.22684
RP11-7F18.2	0.00174	0.00981	0.01113
CPA6	0.00041	0.01351	0.01285
PREX2	0.00018	0.00105	0.03839
C8orf34	0	0.00131	0.00159
LINC01592	0	0.00364	0.00353
RP11-21C17.1	7e-05	0.00041	0.00068
SULF1	0.00039	0.00495	0.03311
SLCO5A1	0.00142	0.00292	0.00434
RP11-159H10.3	0.00024	0.00105	0.00079
NCOA2	0.14797	0.43971	0.23746
RP11-333A23.4	0.00145	0.00019	0.00018
TRAM1	0.59133	1.45514	0.70035
LACTB2-AS1	0.00718	0.00905	0.00745
LACTB2	0.08689	0.71601	0.19027
XKR9	0.00287	0.05417	0.02603
EYA1	0.00078	0.05004	0.01459
RP11-1102P16.1	0	0.00065	0
MSC-AS1	0.00756	0.04417	0.05118
MSC	0.0186	0.06278	0.04113
TERF1	0.15794	0.49061	0.228
RP11-531A24.5	0.00331	0.00839	0.00729
SBSPON	0.00046	0.00526	0.00914
C8orf89	0.00047	0.00059	0.00041
RPL7	2.22875	3.35267	2.12453
RDH10	0.03031	0.31004	0.13733
RDH10-AS1	0.00012	0.00111	0.00224
RP11-434I12.3	0.00011	0.00589	0.0018
STAU2	0.09492	0.27799	0.14732
UBE2W	0.19673	0.36708	0.20718
TCEB1	0.48534	1.32763	0.50707
TMEM70	0.33933	0.57045	0.19175
LY96	0.66032	0.03564	0.1458
RP11-6I2.3	0.00564	0.00025	0.0021
RP1-16A9.1	0.00109	0.00014	0.00082
JPH1	0.00081	0.03741	0.01409
GDAP1	0.02037	0.04838	0.02928
MIR2052HG	0.00044	0.01229	0.01249
RP11-758M4.4	0.00187	0.06236	0.02063
PI15	0.00139	0.02615	0.05203
CRISPLD1	0.00049	0.00771	0.01188
RP11-300E4.2	0	0.00075	0.00044
RP11-697M17.2	0.00061	0.00205	0.0018
CASC9	0.00132	0.09663	0.05519
HNF4G	0.00576	0.18345	0.07067
ZFHX4	9e-05	0.00824	0.0179
PEX2	0.15626	0.51982	0.20509
PKIA-AS1	6e-04	0.00036	0.00041
PKIA	0.04061	0.16895	0.04487
ZC2HC1A	0.07137	0.16042	0.09845
IL7	0.0085	0.0513	0.01853
RP11-79H23.3	0.00332	0.0179	0.02141
HEY1	0.00442	0.01184	0.05078
LINC01607	0	0.00504	0.00251
RP11-26J3.1	0.00041	0.00049	0.00154
MRPS28	0.09461	0.49116	0.13548
RP11-26J3.4	8e-05	4e-04	0.00043
RP11-92K15.3	0.00056	0.00356	0.00234
TPD52	0.18314	0.82199	0.31755
RP11-48B3.5	0.01212	0.01607	0.0423
ZBTB10	0.14913	0.31641	0.21991
RP11-48B3.3	0.00108	0.00081	0.00064
RP11-48B3.4	0.0069	0.02769	0.01534
ZNF704	0.02391	0.14159	0.10588
PAG1	0.31259	0.39019	0.28849
RP11-1149M10.2	0.00409	0.01817	0.00454
RP11-363E6.4	0.00072	0.00096	0.00102
RP11-363E6.3	0.00122	0.00223	0.00134
FABP5	1.64439	1.52899	0.88497
FABP4	0.3331	0.03199	0.1317
IMPA1	0.11045	0.27079	0.12122
SLC10A5	0.00104	0.02917	0.03599
ZFAND1	0.11421	0.65637	0.24827
CHMP4C	0.00607	0.26614	0.08505
SNX16	0.03252	0.06559	0.04634
RALYL	6e-05	0.00519	0.01174
LRRCC1	0.03003	0.05608	0.03558
RP11-219B4.7	0.00211	0.00331	0.00473
E2F5	0.01483	0.26008	0.0639
C8orf59	0.46541	1.28405	0.54355
CA13	0.00514	0.05782	0.0246
RP11-219B4.5	0.00038	5e-04	0.00205
CA3	0.00045	0.01051	0.0047
CA3-AS1	0.00158	0.00315	0.00235
CA2	0.19589	0.27021	0.15051
ATP6V0D2	0.08004	0.01111	0.01085
WWP1	0.37051	0.66688	0.35578
RMDN1	0.12884	0.47214	0.1727
CPNE3	0.2408	0.64288	0.24863
CNGB3	0.00047	0.025	0.00613
CNBD1	0.00037	0.00219	0.00067
AF121898.3	2e-05	0.00165	0.00188
DCAF4L2	0.00047	0.0135	0.00577
MMP16	0.00033	0.00016	0.00927
RP11-586K2.1	4e-05	0.00119	0.00113
RP11-642C5.1	2e-05	0.0058	0.00652
RP11-37B2.1	0.04674	0.12512	0.12374
RIPK2	0.22675	0.22651	0.08039
OSGIN2	0.08431	0.19986	0.07048
NBN	0.17426	0.35466	0.13168
DECR1	0.28549	0.82918	0.28241
CALB1	0.00045	0.0063	0.0011
LINC01030	0.00143	0.00103	0.00155
TMEM64	0.05421	0.21283	0.0699
RP11-68L18.1	0.00037	0.00198	0.00139
NECAB1	0.00045	0.00209	0.00514
C8orf88	0.00646	0.04512	0.01445
TMEM55A	0.11238	0.26173	0.11255
OTUD6B-AS1	0.25778	0.64442	0.29126
OTUD6B	0.05876	0.11716	0.08588
LRRC69	0.00574	0.05204	0.01458
SLC26A7	0.00028	0.00096	0.00686
RUNX1T1	0.00038	0.00034	0.0628
TRIQK	0.05781	0.36635	0.15541
LINC00535	0.00021	0.00237	0.00081
FAM92A1	0.01282	0.03775	0.03454
CTD-2006H14.2	0.00404	0.01106	0.00762
RBM12B	0.08438	0.20393	0.21212
RP11-10N23.5	0.00104	0.00336	0.00195
TMEM67	0.02718	0.07012	0.07067
PDP1	0.09139	0.09256	0.08225
RP3-388N13.5	0.0015	0.00099	0.00035
CDH17	0.00182	0.04752	0.01935
GEM	0.17142	0.08644	0.22334
RAD54B	0.01125	0.0541	0.03808
FSBP	0.00028	0.00195	0.00186
KIAA1429	0.11162	0.24599	0.11466
RP11-267M23.4	0.0013	0.00297	0.00358
RP11-22C11.2	0.00053	0.00999	0.01441
ESRP1	0.00521	0.2557	0.10138
DPY19L4	0.04816	0.19219	0.12011
INTS8	0.06253	0.14484	0.08878
CCNE2	0.03198	0.01936	0.01656
RP11-347C18.5	0.00069	0.00094	5e-04
NDUFAF6	0.04922	0.22383	0.07299
TP53INP1	0.1243	0.25143	0.19605
RP11-320N21.1	1e-04	0.00085	0.00056
PLEKHF2	0.16496	0.17681	0.11288
C8orf37-AS1	0.00047	0.00203	0.00013
C8orf37	0.0054	0.02028	0.01283
RP11-90D11.1	0.00049	0.0011	0.00038
UQCRB	1.85121	2.46536	1.46813
KB-1043D8.6	0.00046	0.00211	0.00056
MTERF3	0.04161	0.2073	0.05264
PTDSS1	0.11055	0.19825	0.08648
SDC2	0.13045	0.40082	0.25192
CPQ	0.14324	0.39761	0.24699
TSPYL5	0.02057	0.00625	0.01422
MTDH	0.79872	1.2833	0.68184
LAPTM4B	0.09994	1.33118	0.53045
MATN2	0.00295	0.11517	0.07405
RPL30	3.15932	3.84992	2.73681
KB-1208A12.3	0.00194	0.00185	0.00208
ERICH5	0.00492	0.23363	0.06928
HRSP12	0.05298	0.43232	0.10816
POP1	0.01507	0.03675	0.01612
NIPAL2	0.03124	0.19409	0.10087
STK3	0.05498	0.30725	0.17427
OSR2	0.00598	0.00152	0.00276
RP11-410L14.2	0.00537	0.02665	0.01125
VPS13B	0.06359	0.12704	0.11719
COX6C	1.3576	2.59426	1.38654
FBXO43	0.00445	0.01132	0.01111
POLR2K	0.52834	1.33759	0.54911
SPAG1	0.02982	0.12819	0.0501
RNF19A	0.50297	0.48839	0.43985
KB-173C10.2	0.001	0	0
KB-1615E4.2	0.00113	0.00825	0.00463
KB-1615E4.3	0	0.00041	0.00015
ANKRD46	0.03646	0.15269	0.06822
PABPC1	1.62447	2.15132	1.31783
YWHAZ	1.25586	1.60373	0.9706
FLJ42969	0.00097	0.00059	7e-04
KB-1460A1.1	0.00012	0.00043	0
KB-1460A1.5	0.00738	0.02044	0.01785
ZNF706	0.64289	1.25477	0.61874
KB-1410C5.5	0.00348	0.00259	0.00379
KB-1562D12.1	0	0.00094	0.00027
GRHL2	2e-04	0.05004	0.02945
NCALD	0.02166	0.05717	0.05479
RRM2B	0.10764	0.21282	0.09298
UBR5-AS1	0.01057	0.04294	0.01827
UBR5	0.21118	0.32127	0.29049
KB-431C1.5	0.00064	0.00075	0.00068
KB-1980E6.3	0.00205	0.00126	6e-04
KLF10	0.28131	0.21795	0.18559
KB-1732A1.1	0.00873	0.01719	0.01389
AZIN1	0.34768	0.45415	0.24745
KB-1254G8.1	0.00208	0.00102	0.00113
AZIN1-AS1	0.00882	0.07208	0.01945
KB-1507C5.4	0.00806	0.00093	0.00261
ATP6V1C1	0.26045	0.44772	0.19651
BAALC	0.01639	0.00098	0.01473
BAALC-AS1	0.00043	0.00142	0.00119
FZD6	0.00685	0.11445	0.07928
CTHRC1	0.03987	0.8257	0.36812
RP11-1C8.6	0.00028	0.00119	0.00175
SLC25A32	0.07246	0.11459	0.07436
DCAF13	0.16141	0.71413	0.2419
RP11-1C8.5	0.00039	0.00024	0.00084
RIMS2	0.00064	0.02476	0.02328
DPYS	0.00852	0.15745	0.07173
DCSTAMP	0.01529	0.00063	0.00248
LRP12	0.09242	0.13753	0.12129
ZFPM2	5e-05	0.00062	0.01455
RP11-395G23.3	0.00551	0.0215	0.0283
OXR1	0.16911	0.42437	0.25003
RP11-649G15.2	9e-05	0.00043	0.00029
ANGPT1	0.00108	0.00311	0.06677
RSPO2	0.00044	0.00019	0
EIF3E	1.08279	2.05751	1.00593
EMC2	0.15129	0.47251	0.189
TMEM74	2e-04	0.00585	0.00301
NUDCD1	0.05037	0.19814	0.07666
ENY2	0.65244	1.42472	0.72742
PKHD1L1	0.00287	0.00033	0.00095
EBAG9	0.1147	0.47653	0.16001
SYBU	0.00072	0.03961	0.02499
LINC01608	0.00166	0.10369	0.0337
CSMD3	0.00312	0.06665	0.06175
TRPS1	0.21003	0.06316	0.08321
EIF3H	0.66794	1.24526	0.52893
UTP23	0.11414	0.27075	0.13067
RAD21	0.44943	0.62624	0.29448
RAD21-AS1	0.00168	0.00122	0.00231
AARD	0.00066	7e-05	0.0019
SLC30A8	0	0.00035	0.00127
MED30	0.16979	0.3132	0.11372
EXT1	0.07059	0.29203	0.21106
SAMD12	0.01366	0.15745	0.10384
AC023590.1	0.01732	0.01469	0.01204
SAMD12-AS1	3e-05	0.00071	0.00058
TNFRSF11B	0.0037	0.20149	0.08577
MAL2	0.04951	1.31851	0.44665
NOV	0.00607	0.01475	0.02699
ENPP2	0.15415	0.32933	0.19608
TAF2	0.08005	0.14767	0.09376
DSCC1	0.01323	0.04909	0.01716
KB-1471A8.1	5e-04	0.00368	0.00847
DEPTOR	0.02365	0.21184	0.08671
RP11-760H22.2	0.00116	0.01668	0.0096
COL14A1	0.00035	0.00142	0.10989
MRPL13	0.26828	1.01621	0.30908
MTBP	0.01032	0.02262	0.01902
SNTB1	0.0523	0.41122	0.15101
RP11-713M15.1	0.00026	0.00043	0.00029
RP11-713M15.2	0.00369	0.07872	0.02909
HAS2	0.00021	3e-04	0.01197
RP11-398G24.2	9e-05	0.01026	0.01022
LINC01151	0	0.00096	0.00091
RP11-973F15.2	0.00028	0.00948	0.00584
RP11-44N11.2	0.0076	0.08767	0.04176
RP11-44N11.3	0.00084	0.01004	0.00389
ZHX2	0.05268	0.22715	0.11992
RP11-557C18.4	0.00033	0.00034	0.00036
DERL1	0.28033	0.56421	0.23768
TBC1D31	0.03523	0.03454	0.02466
FAM83A	0.00042	0.02439	0.01236
RP11-539E17.5	7e-05	0.00034	0.00072
C8orf76	0.08794	0.28991	0.10294
ZHX1-C8orf76	0.00992	0.04267	0.02171
ZHX1	0.11155	0.379	0.203
ATAD2	0.10653	0.33346	0.12203
WDYHV1	0.02811	0.12048	0.0453
FBXO32	0.0401	0.06954	0.06873
ANXA13	0.00376	0.18185	0.05504
FAM91A1	0.24376	0.2704	0.1913
FER1L6	0.00035	0.00401	0.01174
RP11-37N22.1	0.00071	0.00042	0.00047
RP11-383J24.1	0.00021	0.00147	0.00012
TMEM65	0.12931	0.2163	0.1327
TRMT12	0.02238	0.07108	0.03419
RNF139-AS1	0.01958	0.02194	0.022
RNF139	0.1383	0.15117	0.08611
TATDN1	0.16961	0.69169	0.23076
RP11-158K1.3	0.00449	0.00288	0.0026
NDUFB9	0.38633	1.31047	0.43657
MTSS1	0.27218	0.29969	0.18449
RP11-532M24.1	0.00022	0.0023	0.00118
RP11-1082L8.4	0.00074	4e-05	0.00015
ZNF572	0.00287	0.01189	0.00973
RP11-6D1.3	0	0.00051	0.00189
SQLE	0.07356	0.64739	0.28556
KIAA0196	0.08289	0.13125	0.05565
NSMCE2	0.11343	0.29355	0.12137
TRIB1	0.20615	0.24002	0.15113
RP11-136O12.2	0	0.00488	0.00089
LINC00861	0.07384	0.00312	0.00743
FAM84B	0.01497	0.14577	0.06227
RP11-89K10.1	0.00092	0.00151	0.00233
PCAT1	0.00385	0.01128	0.01053
PRNCR1	0.00682	0.01728	0.01306
CASC19	0.00071	0.0225	0.00495
CCAT1	0.0013	0.06247	0.05279
CASC8	0.00061	0.05876	0.01839
CASC21	0.00012	0.00296	0
POU5F1B	0.00072	0.00483	0.00225
CASC11	0.00022	0.00108	0.00023
MYC	0.10818	0.2827	0.15978
PVT1	0.05418	0.04549	0.03863
CCDC26	0.00137	7e-05	0.00013
GSDMC	5e-05	2e-05	0.00832
FAM49B	0.82404	0.40064	0.23662
RP11-473O4.4	0.00075	0.00026	0.00047
ASAP1	0.23879	0.26296	0.22962
EFR3A	0.27262	0.40774	0.19498
KCNQ3	0.0014	0.00041	0.00842
LRRC6	0.00674	0.01821	0.01039
TMEM71	0.12177	0.01272	0.02626
PHF20L1	0.3007	0.34486	0.25892
AF230666.2	0.00067	5e-05	0
TG	0.00091	0.0076	0.00317
SLA	0.45554	0.0224	0.05468
WISP1	0.00029	2e-04	0.01233
NDRG1	0.31249	0.43002	0.44686
ST3GAL1	0.14015	0.1566	0.10263
RP11-629O1.2	0.01218	0.01694	0.02742
ZFAT	0.01597	0.01972	0.01638
CTD-2342N23.3	0.00065	0.00044	0
AC083843.1	0.02583	0.05852	0.06732
AC083843.2	0.0045	0.00279	0.00353
NCRNA00250	0	0.00079	0.00103
KHDRBS3	0.02147	0.0979	0.07821
RP11-30J20.1	0.00171	0.01837	0.00574
RP11-489O18.1	0.01814	0.00048	0.00264
FAM135B	0.00036	0.00065	0.00134
COL22A1	0.00077	0.01083	0.00873
KCNK9	0.00027	0.05695	0.01632
TRAPPC9	0.0296	0.05575	0.03357
CTA-204B4.2	0.00868	0.02252	0.02605
CHRAC1	0.16179	0.3219	0.14334
AGO2	0.21863	0.26837	0.23684
ERICD	0.00139	0.00141	0.00139
PTK2	0.04145	0.28978	0.25538
DENND3	0.15329	0.04892	0.07607
RP11-809O17.1	0.01281	0.01607	0.0051
SLC45A4	0.03619	0.11307	0.07169
RP11-10J21.4	0.00017	0.00041	0.00019
RP11-10J21.3	0.00031	0.00073	0
GPR20	8e-05	0.00143	0.01558
CTD-3064M3.4	0.00031	0.00062	0.00161
PTP4A3	0.05058	0.32258	0.28243
CTD-3064M3.7	0.00125	0.00608	0.02747
TSNARE1	0.00859	0.01853	0.01811
RP13-467H17.1	0.00064	2e-04	0.00092
ADGRB1	0.00263	0.00422	0.0033
ARC	0.00755	0.01613	0.02611
JRK	0.01458	0.06853	0.06491
PSCA	0.00903	0.21177	0.20924
LY6K	0.00634	0.00052	0.002
CTD-2292P10.4	0.00019	0.00311	0.00137
THEM6	0.0326	0.16574	0.07368
SLURP1	0	0.00152	0.00105
LYPD2	0.00127	0.00225	0.00044
RP11-706C16.7	0.00194	0.04599	0.01233
LYNX1	0.00418	0.04059	0.01986
LY6D	0.00357	0.15735	0.04362
RP11-706C16.8	0	0.00064	0.00027
GML	0.00083	0.00019	0.00022
RP11-273G15.2	0.00092	0.00571	0.00458
LY6E	0.68713	1.21687	0.66114
LY6H	0	0.00043	0.00763
GPIHBP1	0	0.00023	0.00575
ZFP41	0.00693	0.0408	0.02855
GLI4	0.04326	0.13796	0.0756
MINCR	0.01857	0.09234	0.04507
ZNF696	0.00669	0.03733	0.03022
RP13-582O9.7	0.00214	0.0096	0.0058
TOP1MT	0.02508	0.17131	0.0617
RHPN1-AS1	0.00036	0.00401	0.00129
RHPN1	0.0178	0.08443	0.07781
MAFA-AS1	0.00109	0.0074	0.01112
MAFA	0.00642	0.00786	0.05513
ZC3H3	0.03733	0.08076	0.05325
RP11-661A12.5	0.00249	0.02502	0.00398
RP11-661A12.4	0.00044	0.00016	0.0014
GSDMD	0.26836	0.62527	0.31799
MROH6	0.01368	0.08023	0.0389
NAPRT	0.09967	0.39292	0.20625
EEF1D	1.75711	2.35098	1.61094
TIGD5	0.01863	0.05895	0.01911
PYCRL	0.01086	0.09398	0.03752
TSTA3	0.16314	0.67337	0.27074
ZNF623	0.02723	0.07449	0.05626
ZNF707	0.01506	0.01945	0.01999
RP11-429J17.2	0.00474	0.01447	0.01891
MAPK15	0.00098	0.01543	0.01036
FAM83H	0.01023	0.2612	0.09918
FAM83H-AS1	0.00078	0.05483	0.02495
RP11-429J17.7	2e-05	0.00355	0.00066
SCRIB	0.03504	0.13528	0.09783
PUF60	0.29633	0.78193	0.32378
NRBP2	0.03035	0.1599	0.15736
EPPK1	0.00615	0.18159	0.1109
PLEC	0.1853	0.43901	0.4582
PARP10	0.10999	0.09641	0.09871
GRINA	0.2732	0.46306	0.21389
SPATC1	0.00236	1e-04	0
SMPD5	7e-04	0.00034	0.00056
OPLAH	0.02208	0.07462	0.03825
CTD-3065J16.9	0.00446	0.03355	0.02769
EXOSC4	0.0953	0.46359	0.14055
GPAA1	0.16275	0.68649	0.38664
CYC1	0.33335	0.98165	0.43373
SHARPIN	0.15944	0.39842	0.17634
MAF1	0.29825	0.46714	0.23039
WDR97	0.00251	0.01595	0.02262
HGH1	0.03731	0.08573	0.03932
MROH1	0.07046	0.10582	0.11266
BOP1	0.07555	0.36068	0.14728
SCX	0.01119	0.03356	0.02415
HSF1	0.13469	0.34912	0.17343
DGAT1	0.11422	0.45544	0.26161
TMEM249	9e-05	0.00077	0.00182
GS1-393G12.13	0.00026	0.00126	0.00186
SLC52A2	0.10538	0.23686	0.13657
FBXL6	0.04782	0.1656	0.06822
ADCK5	0.02984	0.07717	0.05758
CPSF1	0.04404	0.15245	0.08149
GS1-393G12.14	7e-04	0.00282	0.0035
SLC39A4	0.10626	0.80195	0.2424
VPS28	0.64754	1.15273	0.59413
TONSL	0.01541	0.09377	0.07457
CYHR1	0.11415	0.40566	0.25932
KIFC2	0.03349	0.05906	0.0693
FOXH1	6e-05	0.00133	0.00125
PPP1R16A	0.04937	0.71852	0.27834
GPT	0.0038	0.06414	0.03911
MFSD3	0.02958	0.26788	0.1042
RECQL4	0.01185	0.03267	0.0321
LRRC14	0.03289	0.07605	0.06902
LRRC24	0.00482	0.03503	0.0225
C8orf82	0.07575	0.27624	0.13235
ARHGAP39	0.0015	0.0339	0.0243
AF186192.1	0	0.001	0.00086
ZNF251	0.01147	0.04318	0.03927
ZNF34	0.01335	0.02162	0.02566
RPL8	2.75381	3.69595	2.54019
ZNF517	0.00549	0.00849	0.00814
ZNF7	0.0434	0.13258	0.09198
COMMD5	0.13242	0.26826	0.10804
ZNF250	0.02156	0.01958	0.01848
ZNF16	0.01363	0.0437	0.03084
ZNF252P-AS1	0.00267	0.00891	0.01388
C8orf33	0.10625	0.33244	0.15124
WASH1	0.05319	0.09149	0.10155
XXyac-YRM2039.3	0.00083	0.00119	0.00308
FAM138C	0.00068	0.00016	0.00092
FOXD4	5e-05	0.00079	0
CBWD1	0.12208	0.18088	0.10172
C9orf66	0.01087	0.01901	0.00618
DOCK8	0.47389	0.05155	0.07341
KANK1	0.01262	0.08966	0.06104
DMRT1	5e-05	0.00051	0.00041
DMRT2	0.00025	0.00029	0
SMARCA2	0.18064	0.09041	0.10032
VLDLR-AS1	0.00062	9e-04	0.00484
VLDLR	0.01138	0.01123	0.01648
PUM3	0.13495	0.11346	0.09956
RFX3	0.04383	0.0247	0.04416
RFX3-AS1	0.00192	0.00174	0.00236
GLIS3	0.00371	0.08686	0.07535
GLIS3-AS1	0	0.00059	0
SLC1A1	0.00101	0.04665	0.021
SPATA6L	0.00174	0.03009	0.03434
PLPP6	0.01367	0.02971	0.01891
CDC37L1-AS1	0.00608	0.00477	0.00634
CDC37L1	0.10198	0.07647	0.05335
AK3	0.12452	0.19991	0.13248
RCL1	0.03676	0.04362	0.02806
JAK2	0.09958	0.01987	0.03862
IGHEP2	0.00072	0.00047	0
INSL4	6e-05	0.00063	0.00039
RLN2	0.00978	0.00108	0.00217
RLN1	0.00145	0.00023	0
PLGRKT	0.14693	0.12365	0.05925
CD274	0.04863	0.004	0.01001
PDCD1LG2	0.03036	0.00099	0.00523
RIC1	0.07418	0.02592	0.03823
RP11-207C16.4	0.00023	0.00048	0.00091
ERMP1	0.03385	0.07637	0.0424
KIAA2026	0.13763	0.10163	0.15231
RANBP6	0.04757	0.03067	0.04289
IL33	0.00021	0.00087	0.0507
UHRF2	0.11833	0.05949	0.08841
GLDC	0.00222	0.06248	0.01454
RP11-390F4.6	0.00238	0.08718	0.01604
RP11-390F4.3	0.00537	0.03374	0.01727
KDM4C	0.06505	0.03476	0.03786
TMEM261	0.19133	0.28241	0.1448
PTPRD	0.00039	0.00027	0.00583
RP11-23D5.1	0	0.00065	0.00088
TYRP1	0.00041	0.00599	0.00444
LURAP1L	0.00207	0.13859	0.07702
MPDZ	0.00107	0.04492	0.08977
LINC01235	8e-05	0	0.00398
RP11-536O18.1	9e-05	7e-05	0.00737
NFIB	0.00278	0.17087	0.2745
RP11-408A13.3	0.00037	0.00081	0.00104
RP11-408A13.4	0.00356	0.00242	0.00536
ZDHHC21	0.09266	0.07225	0.10429
FREM1	0.00064	0.00196	0.00375
TTC39B	0.04229	0.02181	0.03068
SNAPC3	0.08281	0.05512	0.07826
PSIP1	0.23733	0.14163	0.15622
CCDC171	0.00921	0.01263	0.02129
BNC2	0.01428	0.00091	0.02106
CNTLN	0.08714	0.07343	0.07019
ADAMTSL1	0	0.00038	0.01684
SAXO1	0.00118	0.00081	0
RRAGA	0.16347	0.28202	0.16183
HAUS6	0.08255	0.10157	0.05384
PLIN2	1.18336	0.83775	0.46844
DENND4C	0.19805	0.06648	0.07711
RP11-513M16.7	0.00203	0.00126	0.00092
RP11-513M16.8	0.00979	0.00441	0.00412
RPS6	2.84962	3.08755	2.13778
ACER2	0.00076	0.00047	0.00157
SLC24A2	5e-05	0.00068	0.00019
MLLT3	0.08061	0.09999	0.08637
FOCAD	0.02997	0.04501	0.0397
FOCAD-AS1	0.00054	0.00024	0.00054
HACD4	0.21366	0.01546	0.02921
KLHL9	0.0909	0.07571	0.07728
IFNE	0.00029	0.00128	0.00061
MTAP	0.09932	0.13203	0.09378
RP11-70L8.4	0.00061	0.00088	0.00048
CDKN2A	0.06547	0.61779	0.19143
CDKN2B-AS1	0.01829	0.47262	0.0959
CDKN2B	0.02733	0.11988	0.04292
RP11-408N14.1	0	0.00193	0.00027
DMRTA1	0.00224	0.07628	0.0444
LINC01239	0.00051	0.0229	0.0245
ELAVL2	0	0.00125	0.00284
TUSC1	0.03046	0.29158	0.10999
CAAP1	0.07126	0.14559	0.06361
PLAA	0.08006	0.09141	0.0541
IFT74	0.05459	0.10897	0.0444
IFT74-AS1	0.00053	0	0.00081
LRRC19	0.00024	0.00586	0.00378
TEK	0.00011	0.00019	0.03481
EQTN	0.00029	0.00033	9e-05
MOB3B	0.03315	0.02994	0.03243
C9orf72	0.19644	0.02555	0.04869
ACO1	0.0621	0.15724	0.07995
DDX58	0.05826	0.05527	0.05183
TOPORS	0.14606	0.13119	0.10451
TOPORS-AS1	0.09234	0.14106	0.0526
NDUFB6	0.27903	0.57462	0.23987
GVQW1	0.00065	0.00151	0.00133
APTX	0.07133	0.11481	0.06148
DNAJA1	1.60374	1.00261	0.73373
SMU1	0.21227	0.18546	0.11642
B4GALT1	0.37727	0.38411	0.22895
B4GALT1-AS1	0.00434	0.00935	0.00285
SPINK4	8e-05	0.01054	0.00246
BAG1	0.30059	0.3734	0.23102
CHMP5	0.4943	0.67915	0.33945
NFX1	0.08785	0.11636	0.09679
AQP7	0.00253	0.0746	0.04362
AQP3	0.12296	0.35067	0.13475
NOL6	0.02022	0.04178	0.03204
ANKRD18B	0.00109	0.01777	0.01593
CYP4F26P	0.00019	0.00089	0
TRBV20OR9-2	0	0.00101	0.00026
PTENP1-AS	0.00058	0.00017	7e-05
LINC01251	0	0.00039	0
PRSS3	0.00217	0.11132	0.04541
UBE2R2	0.36469	0.38652	0.20487
UBAP2	0.13355	0.24613	0.17194
RP11-537H15.3	0.00026	0.00115	0.0011
DCAF12	0.1404	0.11324	0.0652
UBAP1	0.09664	0.08542	0.04909
KIF24	0.00386	0.00324	0.00195
NUDT2	0.09956	0.20658	0.08309
KIAA1161	0.00203	0.05232	0.02265
C9orf24	0.00101	0.0076	0.0015
FAM219A	0.01929	0.02409	0.04979
ENHO	0.00716	0.10002	0.02325
CNTFR	5e-05	0.00145	0.00073
RPP25L	0.08587	0.24872	0.076
DCTN3	0.32742	0.42227	0.22538
SIGMAR1	0.06838	0.4318	0.16794
GALT	0.06673	0.18231	0.11242
IL11RA	0.01409	0.02577	0.02178
CCL27	0.00041	0.00145	0.00018
RP11-195F19.5	0.00957	0.02904	0.02307
RP11-195F19.9	0.00109	0.00374	0.00111
CCL19	0.01194	0.00121	0.01646
CCL21	0.00146	0.00121	0.03302
DNAJB5	0.00908	0.00957	0.0126
VCP	0.31472	0.4961	0.24734
FANCG	0.02272	0.03489	0.02044
PIGO	0.03545	0.08666	0.04372
STOML2	0.20294	0.65408	0.25184
FAM214B	0.06555	0.04433	0.04416
UNC13B	0.00743	0.04631	0.03045
RUSC2	0.0082	0.02048	0.01825
FAM166B	0.00012	0.00209	0.00148
TESK1	0.09506	0.05564	0.04839
CD72	0.16467	0.00857	0.02359
RP11-331F9.4	0.00173	0.00014	0.00026
SIT1	0.10724	0.00375	0.0072
RMRP	0.00859	0.00816	0.01822
CCDC107	0.4399	0.3212	0.22854
ARHGEF39	0.01819	0.04154	0.01506
CA9	0.00093	0.02257	0.01407
TPM2	0.06881	0.88004	0.61659
TLN1	0.61529	0.28504	0.30905
CREB3	0.11449	0.16509	0.10712
GBA2	0.03513	0.07661	0.07748
RGP1	0.04183	0.08523	0.0719
MSMP	0.00042	0.00258	0.00207
RP11-112J3.16	0.00191	0.0094	0.00703
NPR2	0.00214	0.02611	0.02073
SPAG8	0.00253	0.00292	0.00395
HINT2	0.17854	0.53817	0.16935
TMEM8B	0.00664	0.02335	0.02347
FAM221B	0.00019	0.00131	0.00109
LINC00950	0.00016	0.00293	0.00186
HRCT1	0.00163	0.08316	0.02003
LINC00961	0.00012	0.00082	0.00377
RECK	0.04142	0.03653	0.03582
GLIPR2	0.2902	0.01771	0.06952
CCIN	0.00013	0.00075	8e-04
CLTA	0.90895	1.16126	0.56859
GNE	0.02799	0.07577	0.04652
RNF38	0.12659	0.05937	0.06078
MELK	0.02945	0.02521	0.01063
PAX5	0.00405	4e-05	0.00058
RP11-220I1.5	0.00054	0.00115	0.00117
EBLN3	0.15693	0.32749	0.21993
ZCCHC7	0.11279	0.16655	0.10945
GRHPR	0.21525	0.47064	0.20845
ZBTB5	0.01324	0.03591	0.03104
POLR1E	0.07428	0.07074	0.0334
FBXO10	0.00651	0.01024	0.00658
TOMM5	0.16996	0.38825	0.12931
FRMPD1	0.00032	0.00037	0
TRMT10B	0.04478	0.04879	0.03693
EXOSC3	0.11355	0.18801	0.07302
DCAF10	0.08134	0.13173	0.09472
SLC25A51	0.03299	0.03944	0.02083
SHB	0.03507	0.093	0.05724
ALDH1B1	0.02029	0.10162	0.02963
FAM95C	0.00074	0.02894	0.02346
ANKRD18A	0.00089	0.04118	0.05402
FAM201A	0.00102	0.03055	0.0128
CNTNAP3	0.01693	0.00461	0.00788
GLIDR	0.00153	0.00351	0.00429
FAM95B1	0.00264	0.00189	0.00415
AC129778.2	0.00011	0.00111	0.00171
BMS1P14	1e-04	0.00268	0.002
CBWD7	0.00729	0.02704	0.01881
RP11-4L24.3	0.00053	0.00029	0.00117
CNTNAP3B	0.00259	0.01385	0.03109
RP11-475I24.3	6e-04	0.00459	0.00426
FP325317.1	0	0.00067	0.00064
FAM27C	0.01265	0.032	0.02641
RP11-374M1.5	0.00054	9e-05	0.00048
RP11-111F5.3	0.00088	0.00231	0.00244
RP11-111F5.4	0.00426	0.01175	0.01326
RP11-211N8.2	0.00045	0.00204	0.00094
LINC01410	0.01436	0.00188	0.00316
RP11-262H14.3	0.01188	0.02583	0.00771
RP11-262H14.4	0.00796	0.01557	0.01684
RP11-381O7.3	0.00034	0.00217	0.00379
ANKRD20A4	0.00178	0.00032	0.00077
CBWD5	0.06282	0.13236	0.11111
ANKRD20A3	0.00046	0.00048	0.00038
ZNF658	0.00682	0.01368	0.01393
ANKRD20A1	0.00029	0.00191	0.0052
CBWD3	0.02559	0.04895	0.04562
PGM5	0.00032	0.00026	0.01826
RP11-88I18.2	0.00339	0.01328	0.01518
LINC01506	0.00414	0.00014	0.00032
PIP5K1B	0.0154	0.03593	0.01859
FAM122A	0.08717	0.06472	0.05812
FXN	0.05238	0.07596	0.02702
TJP2	0.02898	0.25383	0.1782
FAM189A2	0.00059	0.01076	0.00656
APBA1	0.01133	0.00212	0.00714
RP11-109D9.4	0.00025	0.00051	0
PTAR1	0.13821	0.13634	0.14832
C9orf135	0.00011	0.00089	0.00168
MAMDC2-AS1	0.00028	0.00384	0.00286
MAMDC2	0.00295	0.00024	0.00367
SMC5-AS1	0.00728	0.00961	0.01595
SMC5	0.15778	0.14926	0.1356
KLF9	0.09022	0.08804	0.16152
TRPM3	0.00025	0.00257	0.00564
TMEM2	0.37567	0.42395	0.37414
ABHD17B	0.06287	0.05609	0.04255
C9orf85	0.07106	0.11659	0.06352
GDA	0.0021	0.06652	0.03659
RP11-63P12.7	0	0.00081	0.00029
LINC01504	0.03091	0.03186	0.02073
ZFAND5	0.73412	0.41283	0.39569
TMC1	0.00012	0.00032	0.00217
LINC01474	0.00021	0.00146	0.00237
ALDH1A1	0.08418	1.02264	0.32709
ANXA1	1.65342	0.32279	0.50112
RORB	0.00186	0.00027	0.00375
TRPM6	0.00014	0.01011	0.00334
C9orf40	0.03023	0.05293	0.03003
CARNMT1	0.05954	0.10008	0.05596
NMRK1	0.15547	0.11261	0.10588
OSTF1	0.58089	0.15849	0.15495
PCSK5	0.00862	0.04092	0.0404
RFK	0.12454	0.32196	0.13582
GCNT1	0.08381	0.109	0.05057
PRUNE2	0.00674	0.00482	0.01127
VPS13A	0.10815	0.28832	0.2708
GNA14	0.00019	0.00988	0.01143
GNAQ	0.30968	0.26947	0.20233
CEP78	0.06979	0.04311	0.03943
PSAT1	0.02469	0.34878	0.06811
TLE4	0.34514	0.10191	0.32515
TLE1	0.031	0.10909	0.12001
RP11-154D17.1	0.00049	0.00041	0
RASEF	0.00189	0.10371	0.06694
FRMD3	0.00991	0.0168	0.06072
IDNK	0.03959	0.08551	0.02857
UBQLN1	0.22995	0.30817	0.16518
RP11-522I20.3	0.00583	0.01493	0.00499
GKAP1	0.04339	0.07873	0.04828
KIF27	0.00832	0.0194	0.02312
C9orf64	0.04278	0.08758	0.03312
HNRNPK	1.14616	1.23125	0.79906
RP11-575L7.8	0.00855	0.00325	0.00319
RMI1	0.05393	0.0662	0.03241
SLC28A3	0.00471	0.04745	0.03279
NTRK2	0.0065	0.00502	0.03564
AGTPBP1	0.06562	0.01499	0.01992
NAA35	0.0527	0.07015	0.04875
GOLM1	0.03473	0.67327	0.37558
C9orf153	0.00052	0.00056	0.00242
ISCA1	0.20528	0.23949	0.13263
ZCCHC6	0.18717	0.11436	0.12253
GAS1	0.00237	0.0014	0.01196
RP11-276H19.2	0.00027	0.00519	0.00214
C9orf170	0.00018	0.00055	0
DAPK1	0.20021	0.11041	0.08247
CTSL	0.74945	0.40451	0.35856
XXyac-YM21GA2.4	0.00073	0.01834	0.00605
CDK20	0.00534	0.01555	0.01384
SPIN1	0.14138	0.14078	0.1187
NXNL2	9e-05	0.00182	0.00179
C9orf47	0.00102	0.00045	0.02223
S1PR3	0.00443	0.00091	0.11612
SHC3	0.00037	0.00037	0.00395
CKS2	0.49908	0.49283	0.20751
SECISBP2	0.1457	0.16103	0.16028
SEMA4D	0.1714	0.0547	0.04654
GADD45G	0.18841	0.10071	0.13265
UNQ6494	0.02509	0.00187	0.00192
LINC01508	0.00017	0.00244	4e-04
DIRAS2	0.00037	0.00073	0.00052
SYK	0.25074	0.04941	0.04326
RP11-305L7.1	0.00246	0.0019	0.0018
RP11-305L7.6	7e-05	5e-04	0.00235
RP11-305L7.3	0.00413	0.00048	0.00071
LINC00484	0.00134	0.00038	0.00016
RP11-305L7.7	0.00063	0.00431	0.00348
AUH	0.02613	0.04711	0.03928
NFIL3	0.14543	0.08993	0.08454
RP11-440G5.2	0.00023	0.00216	0.00074
ROR2	0.00037	0.00052	0.00479
SPTLC1	0.05928	0.07497	0.04858
LINC00475	0.00015	0.00162	0.00086
IARS	0.11689	0.28791	0.15022
NOL8	0.13521	0.12931	0.12416
CENPP	0.02123	0.01545	0.02297
OGN	0.00148	5e-05	0.01086
OMD	0.00018	0.00023	0.00291
ASPN	0.00134	0.0011	0.13209
ECM2	0.00063	0.0033	0.04387
IPPK	0.02092	0.01712	0.01556
BICD2	0.1272	0.03939	0.05201
ZNF484	0.0148	0.01623	0.0179
FGD3	0.09105	0.00894	0.01437
SUSD3	0.09766	0.05597	0.01789
CARD19	0.17326	0.09907	0.09129
NINJ1	0.60892	0.20743	0.13958
WNK2	0.00156	0.05155	0.01659
RP11-165J3.6	0.00072	0.00211	0.00305
FAM120AOS	0.12227	0.18221	0.10748
FAM120A	0.38165	0.45651	0.32007
PHF2	0.04785	0.03654	0.0424
BARX1	0.00089	7e-05	0.00363
PTPDC1	0.01222	0.01884	0.02457
RP11-2B6.2	0.02977	0.02729	0.054
MIRLET7DHG	0.00026	0.00027	0.00035
ZNF169	0.01196	0.02234	0.01814
RP11-307E17.8	0.00347	0.00264	0.00617
MFSD14B	0.13017	0.08991	0.07349
PCAT7	0.00034	0.01706	0.01085
FBP1	0.28441	0.20327	0.08422
C9orf3	0.01793	0.45068	0.37387
FANCC	0.00751	0.01794	0.01749
RP11-435O5.7	1e-04	0.0011	0.00073
RP11-435O5.2	2e-04	0.00913	0.00333
PTCH1	0.00409	0.01264	0.0192
RP11-435O5.5	0.00055	0.00148	0.00328
RP11-435O5.4	6e-05	4e-04	0.00062
ERCC6L2	0.0611	0.05889	0.08305
LINC00092	0.00093	0	0.00168
HSD17B3	0.00037	0.00318	0.00431
SLC35D2	0.1071	0.27668	0.10408
ZNF367	0.01766	0.01053	0.00949
HABP4	0.05133	0.04044	0.03582
CDC14B	0.00919	0.05486	0.04282
AAED1	0.20525	0.09461	0.07887
ZNF510	0.01729	0.01349	0.01407
ZNF782	0.00815	0.01624	0.01798
MFSD14C	0.00488	0.00695	0.01062
NUTM2G	0.00068	9e-05	0.00034
CTSV	0.01602	0.04173	0.01937
RP11-498P14.5	0.00266	0.01432	0.00786
CCDC180	0.00672	0.00782	0.00988
TDRD7	0.03079	0.02098	0.01241
TMOD1	0.00343	0.00814	0.00876
TSTD2	0.0379	0.04365	0.04221
NCBP1	0.06701	0.05865	0.05213
XPA	0.0834	0.13852	0.08151
FOXE1	0.00022	0.00175	0.00017
TRMO	0.06252	0.03896	0.02329
HEMGN	0.00126	2e-05	0
ANP32B	0.7627	0.81548	0.42957
NANS	0.29826	0.36736	0.15185
TRIM14	0.14143	0.07753	0.05643
CORO2A	0.03238	0.12057	0.06544
TBC1D2	0.03764	0.0175	0.01578
ANKS6	0.00701	0.06179	0.03583
GALNT12	0.01291	0.13479	0.07695
COL15A1	0.00323	0.00115	0.13761
TGFBR1	0.2176	0.13034	0.09792
ALG2	0.08743	0.17181	0.089
SEC61B	0.85921	1.25908	0.63522
NR4A3	0.30213	0.02615	0.06413
STX17-AS1	0.0039	0.01963	0.0066
STX17	0.07087	0.0925	0.08205
ERP44	0.34785	0.3344	0.23265
INVS	0.01514	0.01549	0.01858
TEX10	0.04313	0.06472	0.04592
MSANTD3	0.0486	0.0802	0.05791
MURC	0.00095	0.00201	0.00326
PLPPR1	0.00037	0.01791	0.00606
BAAT	0.00295	0.09498	0.02568
MRPL50	0.17419	0.39486	0.17356
ZNF189	0.03905	0.08841	0.06747
ALDOB	0.00145	0.07065	0.02145
TMEM246	0.00126	0.09437	0.04089
RNF20	0.09422	0.09713	0.06885
GRIN3A	0.00311	3e-05	0.00138
LINC01492	0	0.00054	4e-04
SMC2-AS1	0.00067	0.00131	0.00137
SMC2	0.14239	0.11005	0.0601
NIPSNAP3A	0.11042	0.0893	0.06806
NIPSNAP3B	0.00504	0.0045	0.00769
ABCA1	0.68054	0.14228	0.16376
RP11-217B7.2	0.00066	0	0.00057
RP11-217B7.3	0.00201	0.00019	0.00041
SLC44A1	0.11259	0.3149	0.18327
FSD1L	0.02697	0.01514	0.02329
RP11-235C23.5	0.00062	0.001	0.00017
FKTN	0.02832	0.05062	0.03072
TAL2	0.00024	0.00136	0.00095
TMEM38B	0.05879	0.15769	0.07967
ZNF462	0.00492	0.05719	0.06681
RAD23B	0.27556	0.33291	0.20955
KLF4	0.45928	0.25571	0.3227
IKBKAP	0.03862	0.0546	0.03432
FAM206A	0.03968	0.05371	0.03063
CTNNAL1	0.0416	0.08852	0.05832
TMEM245	0.12843	0.19969	0.13428
EPB41L4B	0.0011	0.06353	0.02556
PTPN3	0.00174	0.11094	0.06149
PALM2	0.00042	0.01266	0.02617
PALM2-AKAP2	0.00012	0.00092	0.00335
AKAP2	0.0031	0.00134	0.01074
C9orf152	0.00202	0.11592	0.0441
TXN	0.91699	1.81827	0.85846
SVEP1	0.00032	0.00037	0.0075
LPAR1	0.01244	0.01265	0.00768
RP11-202G18.1	0.00093	0	0
KIAA0368	0.09201	0.12142	0.07244
ZNF483	0.00944	0.00431	0.01049
PTGR1	0.0387	0.52077	0.24037
DNAJC25	0.04765	0.06737	0.04178
DNAJC25-GNG10	0.00324	0.00178	0.00107
GNG10	0.02614	0.02419	0.01896
UGCG	0.33009	0.25063	0.30498
SUSD1	0.06015	0.02355	0.02021
PTBP3	0.54058	0.41924	0.35394
HSDL2	0.11907	0.14052	0.0892
C9orf147	0.00044	0.00176	0.00147
KIAA1958	0.00955	0.02685	0.01903
INIP	0.15022	0.08059	0.05575
RP11-276E15.4	0.00048	0.00106	0.00094
SNX30	0.07398	0.04054	0.033
SLC46A2	0.00493	5e-05	0.00017
RP11-408O19.5	0.00105	0.00096	0.00238
ZNF883	0.01038	0.00888	0.01019
ZFP37	0.00804	0.01067	0.01273
FAM225B	0.00057	6e-05	0
FAM225A	0.00241	0.00028	0.00019
SLC31A2	0.17523	0.01296	0.02422
FKBP15	0.20049	0.05247	0.06713
SLC31A1	0.13208	0.0901	0.05269
CDC26	0.19913	0.28444	0.12285
PRPF4	0.10019	0.08344	0.04934
RNF183	0.00092	0.03561	0.04164
WDR31	0.0012	0.00744	0.00429
BSPRY	0.00191	0.0408	0.01292
HDHD3	0.02959	0.22157	0.08892
ALAD	0.03395	0.10091	0.0561
POLE3	0.21431	0.21596	0.11606
C9orf43	0.00142	0.00183	0.00161
RGS3	0.0329	0.1536	0.12232
RP11-18B16.2	4e-05	0.00169	0.00029
ZNF618	0.01667	0.08415	0.07983
AMBP	0.2394	2.02114	1.07522
KIF12	0.00553	0.1529	0.14542
COL27A1	0.0153	0.22265	0.28797
ORM1	0.04114	0.97319	0.40313
ORM2	0.0225	0.79188	0.31491
AKNA	0.27965	0.03662	0.05963
RP11-9M16.2	0.00078	0.00029	0.00024
DFNB31	0.06943	0.01372	0.01749
ATP6V1G1	1.05298	1.31789	0.62107
C9orf91	0.07436	0.02399	0.02358
RP11-402G3.3	0.00083	0.00037	0
TNFSF15	0.04029	0.03584	0.02475
TNFSF8	0.03747	0.00182	0.00308
TNC	0.00289	0.00078	0.02004
PAPPA	0.00047	0.00098	0.0057
PAPPA-AS1	0	0.00061	0.00152
ASTN2	0.00643	0.01181	0.00412
TRIM32	0.01654	0.03457	0.01611
RP11-500B12.1	0.00018	0.0038	0.00136
TLR4	0.18889	0.00741	0.03565
BRINP1	0	0.00095	3e-04
CDK5RAP2	0.08107	0.08198	0.0656
MEGF9	0.05456	0.11332	0.05757
FBXW2	0.09926	0.10266	0.08678
PSMD5	0.08834	0.08577	0.05527
PSMD5-AS1	0.13714	0.10881	0.17415
PHF19	0.12026	0.06258	0.04037
TRAF1	0.13637	0.01069	0.02206
C5	0.01566	0.30428	0.17819
CNTRL	0.17268	0.05636	0.0527
RAB14	0.39259	0.34843	0.22773
GSN	0.38485	0.37723	0.51207
GSN-AS1	0.00305	0.00147	0.00468
STOM	0.32015	0.31464	0.37217
DAB2IP	0.00338	0.04966	0.06214
TTLL11	0.00563	0.00579	0.00759
NDUFA8	0.16618	0.37497	0.16733
MORN5	7e-05	0.00158	0.00075
LHX6	0.00013	0.00555	0.01996
RBM18	0.11039	0.09435	0.05552
MRRF	0.05922	0.0968	0.06757
PTGS1	0.10923	0.00627	0.01945
RP11-542K23.7	0	0.00045	0.00054
PDCL	0.09861	0.10196	0.08014
RC3H2	0.13304	0.12713	0.11929
ZBTB6	0.03676	0.02913	0.02237
ZBTB26	0.01435	0.026	0.02356
RABGAP1	0.11513	0.15652	0.16159
STRBP	0.06681	0.11687	0.04486
CRB2	0.00032	0.00081	0.00079
DENND1A	0.05772	0.03625	0.02858
LHX2	0.00545	9e-05	0.00675
NEK6	0.1026	0.15584	0.07443
PSMB7	0.34462	0.51501	0.26939
NR6A1	0.01035	0.04997	0.03026
MIR181A2HG	0.00121	0.00804	0.01234
OLFML2A	0.00076	0.00068	0.07407
RPL35	2.82668	2.72561	2.09527
ARPC5L	0.25868	0.34244	0.18697
GOLGA1	0.0393	0.04967	0.03439
SCAI	0.03529	0.03968	0.04163
PPP6C	0.17299	0.1653	0.09227
RABEPK	0.03428	0.08814	0.03798
HSPA5	1.04957	1.25485	0.89366
RP11-65N13.8	0.00068	3e-05	0.00061
GAPVD1	0.13483	0.09205	0.0932
MAPKAP1	0.11295	0.1126	0.07746
PBX3	0.08778	0.02593	0.04238
MVB12B	0.03705	0.01643	0.01658
LMX1B	0	0.00152	0.00044
ZBTB43	0.14836	0.09976	0.10666
ZBTB34	0.03962	0.0243	0.0284
RALGPS1	0.00924	0.04505	0.03333
ANGPTL2	0.00112	0.01539	0.03432
GARNL3	0.00228	0.0058	0.00699
SLC2A8	0.08208	0.07675	0.04797
ZNF79	0.00687	0.0051	0.00415
RPL12	3.0566	3.07115	2.2491
LRSAM1	0.03513	0.0213	0.03087
FAM129B	0.07956	0.19023	0.17335
STXBP1	0.00517	0.02278	0.03312
RP11-56D16.8	0.00106	0.0013	0.00023
PTRH1	0.06601	0.14549	0.06848
CFAP157	0.00068	0.00144	0.00167
TTC16	0.00528	0.00027	0.00134
TOR2A	0.08111	0.06141	0.03104
SH2D3C	0.02526	0.00183	0.0461
CDK9	0.10048	0.08666	0.06706
FPGS	0.0635	0.08317	0.05412
ENG	0.18403	0.01017	0.18375
RP11-228B15.4	0.00059	0.00444	0.00525
AK1	0.04438	0.21531	0.12266
ST6GALNAC6	0.06963	0.05529	0.07645
ST6GALNAC4	0.04479	0.0328	0.03865
PIP5KL1	0.0013	0.0019	0.00241
RP11-203J24.8	0.00219	0.00022	0.00116
DPM2	0.12382	0.21058	0.11186
FAM102A	0.11922	0.09433	0.07472
NAIF1	0.01844	0.01809	0.01347
SLC25A25	0.03892	0.05691	0.06296
SLC25A25-AS1	0.01316	0.06622	0.0533
PTGES2	0.12107	0.20874	0.10726
PTGES2-AS1	0.00064	0.00278	0.00592
LCN2	0.03916	0.86261	0.5662
C9orf16	0.79473	0.58092	0.3898
CIZ1	0.05405	0.07125	0.05666
DNM1	0.00278	0.02655	0.02198
GOLGA2	0.10383	0.1958	0.2025
SWI5	0.082	0.26101	0.09983
TRUB2	0.04584	0.14996	0.05487
RP11-339B21.13	0.00077	0.00067	0
COQ4	0.09689	0.17884	0.09763
SLC27A4	0.02375	0.03103	0.02193
URM1	0.11873	0.14143	0.09574
CERCAM	0.0213	0.03621	0.05554
ODF2	0.04644	0.04089	0.03876
GLE1	0.05865	0.04608	0.024
RP11-216B9.6	0.00177	0.00147	0.00308
SPTAN1	0.26906	0.26696	0.25004
WDR34	0.03195	0.14357	0.07808
HMGA1P4	0.00466	0.00696	0.00604
SET	0.97983	0.93835	0.58983
PKN3	0.0037	0.01396	0.02295
ZDHHC12	0.17343	0.24943	0.09716
RP11-545E17.3	0.04379	0.04659	0.01822
ZER1	0.02898	0.04464	0.04487
TBC1D13	0.02846	0.03985	0.03182
ENDOG	0.08963	0.1588	0.05839
C9orf114	0.04462	0.05966	0.03725
CCBL1	0.00641	0.01743	0.01333
LRRC8A	0.0351	0.13164	0.10116
PHYHD1	0.00416	0.01783	0.03018
DOLK	0.01493	0.04799	0.01699
NUP188	0.04199	0.02775	0.02956
RP11-167N5.5	0.00179	0.00404	0.00265
SH3GLB2	0.09591	0.12139	0.11343
FAM73B	0.02459	0.0213	0.03354
DOLPP1	0.01773	0.03808	0.01571
CRAT	0.03896	0.07252	0.03835
PPP2R4	0.13637	0.18605	0.18461
RP11-247A12.7	4e-04	0.00032	8e-04
IER5L	0.43548	0.3187	0.45561
RP11-247A12.8	0.00193	0.00213	0.00923
RP11-247A12.2	0.00394	0.00155	0.00864
RP11-344B5.2	0.01098	0.001	0.00106
C9orf106	0.00376	0.00427	0.00394
LINC01503	0.05019	0.02177	0.01148
RP11-65J3.14	0.00246	0.00039	0.00172
RP11-492E3.51	0.00052	0.00026	0.00032
RP11-492E3.2	0.00276	0.02162	0.00494
NTMT1	0.20107	0.28862	0.16382
C9orf50	0	0.0011	0.00116
ASB6	0.0339	0.03582	0.03402
PRRX2	0.00069	0.05772	0.03573
PTGES	0.00036	0.00444	0.00376
TOR1B	0.04292	0.0633	0.03518
TOR1A	0.11875	0.10747	0.07737
C9orf78	0.39342	0.24346	0.16128
USP20	0.03089	0.01878	0.02282
FNBP1	0.65997	0.14564	0.17493
RP11-409K20.6	0.00262	0.00018	0
RP11-138E2.1	0.00133	0.00137	0.00056
GPR107	0.06102	0.10113	0.07773
NCS1	0.0393	0.02157	0.02223
HMCN2	0.00026	0.0018	0.00394
ASS1	0.01515	0.42003	0.15201
FUBP3	0.1121	0.15293	0.11023
PRDM12	0.00031	0.00127	0.00022
EXOSC2	0.038	0.07068	0.03962
ABL1	0.04566	0.04591	0.04927
FIBCD1	0.00159	0.10501	0.04021
LAMC3	0.00042	0.00426	0.04633
AIF1L	0.00033	0.01706	0.01381
NUP214	0.25773	0.15195	0.09608
RP11-544A12.4	0.00056	0.00035	0
RP11-544A12.8	0.03075	0.01559	0.02223
FAM78A	0.06894	0.0051	0.01097
PLPP7	0.00146	0.00264	0.00271
PRRC2B	0.14415	0.27025	0.25451
RP11-334J6.7	0.00337	0.00215	0.00398
POMT1	0.03217	0.04662	0.04634
RP11-334J6.6	5e-04	0.00034	0
UCK1	0.04322	0.07604	0.04921
RAPGEF1	0.20797	0.07384	0.08354
MED27	0.05555	0.04637	0.03289
NTNG2	0.02201	0.0019	0.008
SETX	0.3391	0.19522	0.22583
TTF1	0.12833	0.10117	0.10976
DDX31	0.01647	0.03116	0.02057
GTF3C4	0.03973	0.05614	0.03853
AK8	0.00053	0.00545	0.00211
C9orf9	0.00599	0.02199	0.01419
TSC1	0.05058	0.05254	0.05154
GFI1B	9e-05	0.00076	0
GTF3C5	0.06008	0.07399	0.06499
CEL	0.00053	0.00173	0.00155
RALGDS	0.22535	0.07268	0.11759
GBGT1	0.06508	0.00871	0.02307
ABO	0.00316	0.09084	0.05454
SURF6	0.07217	0.11204	0.07727
MED22	0.03262	0.03518	0.02792
RPL7A	2.5795	2.69914	1.85605
SURF1	0.17446	0.24396	0.098
SURF2	0.12125	0.18335	0.06758
SURF4	0.23688	0.41066	0.2193
STKLD1	0.00108	0.00847	0.00272
REXO4	0.08562	0.11184	0.08186
ADAMTS13	0.00174	0.00935	0.00931
CACFD1	0.00778	0.09215	0.06073
SLC2A6	0.03514	0.01843	0.02725
ADAMTSL2	0.00016	0.00093	0.02588
DBH-AS1	0.0016	0.01478	0.02165
SARDH	0.01204	0.02521	0.00928
VAV2	0.02165	0.07905	0.05629
LINC00094	0.01125	0.02137	0.01207
BRD3	0.08668	0.1032	0.09501
WDR5	0.04392	0.06842	0.04047
LL09NC01-139C3.1	0.00019	0.00066	0
RXRA	0.17704	0.10813	0.10817
COL5A1	0.00494	0.00188	0.08653
FCN1	0.22656	0.01181	0.02085
OLFM1	0.00699	0.01432	0.02903
PPP1R26-AS1	0.00121	0.00659	0.00619
PPP1R26	0.01105	0.02631	0.01739
C9orf116	0.00381	0.01589	0.00807
MRPS2	0.07811	0.1621	0.06965
CAMSAP1	0.05535	0.04005	0.03527
UBAC1	0.17373	0.11022	0.08044
NACC2	0.02385	0.05022	0.04965
RP11-83N9.5	0.00093	0.00074	0.00062
C9orf69	0.05949	0.0702	0.04148
QSOX2	0.01903	0.0299	0.02994
WI2-1959D15.1	0.00012	0.00212	0.00059
CCDC187	6e-05	0.00265	0.00108
GPSM1	0.00843	0.02014	0.02148
DNLZ	0.01531	0.00844	0.0111
CARD9	0.04856	0.00516	0.0075
SNAPC4	0.02041	0.03242	0.02797
SDCCAG3	0.07731	0.10208	0.06602
PMPCA	0.09375	0.14821	0.09461
INPP5E	0.01984	0.017	0.02405
SEC16A	0.08349	0.12357	0.09774
C9orf163	0.00117	0.00175	0.0029
NOTCH1	0.05057	0.0365	0.0761
NALT1	0.00076	0.002	0.00166
LINC01451	0.00071	0.00671	0.00333
RP11-251M1.1	0.00083	0.00024	0.01052
EGFL7	0.10138	0.09008	0.22471
AGPAT2	0.18964	0.55572	0.28118
FAM69B	0.00268	0.09595	0.04761
SNHG7	0.17807	0.34505	0.23164
LCN6	0.00019	0	0.00976
LCN15	0.00016	0.00567	0.00243
TMEM141	0.22547	1.03557	0.36043
CCDC183	0.00288	0.04447	0.0221
CCDC183-AS1	5e-04	0.00017	0.00012
RABL6	0.09582	0.09761	0.10368
C9orf172	0.01084	0.02037	0.02079
PHPT1	0.56793	0.836	0.45725
MAMDC4	0.00799	0.01019	0.01271
EDF1	1.01015	1.24525	0.77249
TRAF2	0.04882	0.04564	0.0397
FBXW5	0.23026	0.23442	0.19906
C8G	0.01399	0.31831	0.13275
LCN12	0.00123	0.0067	0.00707
PTGDS	0.08864	0.70333	0.33958
LCNL1	0.00049	0.00529	0.00603
C9orf142	0.38019	0.32479	0.21659
CLIC3	0.06791	0.19605	0.05479
ABCA2	0.02814	0.03813	0.03924
C9orf139	0.0051	0.00049	0.00013
FUT7	0.00708	5e-04	0.00071
NPDC1	0.04517	0.21435	0.28139
ENTPD2	0.00106	0.06248	0.03522
SAPCD2	0.01097	0.01373	0.00546
UAP1L1	0.06035	0.0253	0.02854
MAN1B1-AS1	0.01565	0.01459	0.01548
MAN1B1	0.10247	0.17096	0.12774
DPP7	0.60636	0.17281	0.26228
LRRC26	0.00078	0.00682	0.00173
ANAPC2	0.01595	0.02159	0.02064
SSNA1	0.33269	0.3859	0.21454
TPRN	0.02577	0.08481	0.04109
TMEM203	0.11232	0.13711	0.06661
NDOR1	0.01008	0.0067	0.00747
RNF208	0.01042	0.02977	0.02042
CYSRT1	0.0012	0.00218	0.00027
RNF224	0	0.00083	0.00185
SLC34A3	0	0.00055	0.00074
TUBB4B	0.67581	0.60655	0.43083
C9orf173-AS1	0.00073	0.00114	0.00355
NELFB	0.10424	0.1106	0.09157
TOR4A	0.0396	0.10754	0.04854
NRARP	0.04683	0.05113	0.14039
EXD3	0.02315	0.04853	0.06085
NOXA1	0.01349	0.05894	0.04031
ENTPD8	0.00079	0.01496	0.01304
NSMF	0.041	0.06273	0.06224
PNPLA7	0.00917	0.01631	0.02777
MRPL41	0.4842	0.76114	0.40174
DPH7	0.0502	0.05286	0.04554
ZMYND19	0.03303	0.04708	0.02425
ARRDC1	0.15238	0.21425	0.13039
ARRDC1-AS1	0.02347	0.04028	0.0436
EHMT1	0.11518	0.09504	0.09609
FAM157B	0.00082	0.00047	0.00058
LINC01001	0.01083	0.03492	0.02975
BET1L	0.06623	0.16289	0.06647
RP11-304M2.5	0.00059	0.00075	0.00044
RIC8A	0.1053	0.13534	0.08561
SIRT3	0.01529	0.05107	0.02146
PSMD13	0.31099	0.40861	0.23277
RP11-326C3.2	0.02496	0.00083	0.00209
ATHL1	0.06555	0.04355	0.07001
IFITM2	0.81571	1.03495	0.78506
IFITM1	0.12553	0.0874	0.14144
RP11-326C3.11	0.00427	0.00267	0.00285
IFITM3	0.75695	2.4664	1.67339
RP11-326C3.13	0.00021	0.00063	0.00011
RP11-326C3.12	0.00162	0.00072	0.00058
RP11-326C3.15	0.00026	0.00145	0.00085
B4GALNT4	0.00023	0.00395	0.0059
PKP3	0.0034	0.19543	0.11961
SIGIRR	0.22893	0.48182	0.25064
ANO9	0.025	0.08785	0.07028
PTDSS2	0.02209	0.07977	0.05111
RP13-317D12.3	0.00056	0.00072	0.00024
RNH1	0.68555	0.56391	0.40933
HRAS	0.14312	0.17402	0.12315
LRRC56	0.00266	0.01009	0.00635
LMNTD2	0.00891	0.02233	0.01617
RP11-496I9.1	0.0052	0.01632	0.01729
RASSF7	0.0726	0.36976	0.1772
MIR210HG	0.04888	0.08363	0.04951
PHRF1	0.07248	0.07812	0.0642
IRF7	0.17553	0.36348	0.16217
CDHR5	0.00653	0.17441	0.12243
SCT	0.00044	0.00071	0.00078
DRD4	0.02143	0.45673	0.16519
DEAF1	0.05013	0.22685	0.09795
RP11-754B17.1	0.00017	0.00038	0.00065
EPS8L2	0.04446	0.37719	0.26106
TMEM80	0.03959	0.07308	0.05205
TALDO1	0.51326	0.92175	0.34917
PDDC1	0.03882	0.07762	0.06645
AP006621.5	0.01252	0.09559	0.06888
SLC25A22	0.02258	0.0702	0.03595
PANO1	0.00412	0.00422	0.00382
PIDD1	0.02228	0.03848	0.04203
RPLP2	3.06561	3.07159	2.24665
PNPLA2	0.10706	0.22257	0.17915
CRACR2B	0.01456	0.15267	0.14627
CD151	0.20796	1.04504	0.72844
POLR2L	1.03539	1.58456	0.85818
TSPAN4	0.38034	0.59968	0.33926
RP11-1391J7.1	0.01258	0.01983	0.01759
CHID1	0.18432	0.27625	0.16054
AP2A2	0.2682	0.1741	0.1743
MUC6	0.00911	0.19456	0.10399
RP13-870H17.3	0.00185	0.00647	0.01662
MUC5AC	0.01253	0.16191	0.21353
MUC5B	0.01179	0.36613	0.30622
TOLLIP	0.13161	0.28069	0.12275
TOLLIP-AS1	0.00472	0.04137	0.02271
BRSK2	0.00047	0.00571	0.00886
MOB2	0.11195	0.12804	0.12074
DUSP8	0.08273	0.05253	0.06537
KRTAP5-AS1	0.0016	0.00103	0.00454
AP006285.2	0.00414	0.01007	0.01254
AP006285.7	5e-05	0.00084	0.00097
FAM99A	0	0.00046	0.00141
AP006285.6	0	0.00135	0.00077
IFITM10	0.0456	0.01408	0.01563
CTSD	1.67478	1.4188	1.07619
AC068580.6	0.00054	0.00019	0.00011
SYT8	0.00203	0.13756	0.07539
TNNI2	0.11968	0.01764	0.02834
LSP1	0.89874	0.055	0.1153
TNNT3	0.00042	9e-05	0.00015
MRPL23	0.1099	0.33327	0.10906
MRPL23-AS1	0.00038	0.00555	0.00177
IGF2	0.10767	0.9898	0.73105
IGF2-AS	0.00035	0.00271	0.00198
TH	3e-05	0.00332	0.00126
ASCL2	0.04812	0.02265	0.01087
C11orf21	0.02109	0.00086	0.00332
TSPAN32	0.02784	0.00118	0.00233
CD81-AS1	0.00048	3e-04	0.00088
CD81	1.07445	1.00434	0.94079
TSSC4	0.15651	0.21106	0.11751
TRPM5	0.00012	0.00383	0.00389
KCNQ1	0.05083	0.04829	0.04705
KCNQ1OT1	0.21465	0.44661	0.47694
CDKN1C	0.06084	0.15561	0.1718
SLC22A18AS	0.0245	0.0628	0.02363
SLC22A18	0.12098	0.91441	0.36663
PHLDA2	0.1854	0.89053	0.36854
NAP1L4	0.2604	0.30942	0.22137
CTC-343N3.1	0.00058	1e-04	0.00111
CARS	0.07398	0.15195	0.08305
OSBPL5	0.00832	0.02392	0.03072
ZNF195	0.06105	0.10295	0.08028
RP13-726E6.2	0.00028	0.00218	0.00309
ART5	0.00169	0.08433	0.03156
CHRNA10	0.00501	0.00376	0.00454
NUP98	0.15844	0.10977	0.08396
PGAP2	0.0276	0.134	0.05235
RHOG	0.62471	0.18835	0.1487
AC090587.5	0.00232	0.00997	0.00218
STIM1	0.0618	0.12314	0.05691
RRM1	0.12268	0.14927	0.06416
RP11-23F23.2	0.00014	0.00452	0.00092
TRIM21	0.05536	0.03292	0.02769
TRIM68	0.01128	0.02033	0.01567
OR51E1	0	7e-05	0.02817
HBB	0.00981	0.00668	0.00641
HBG2	0.00051	0.00072	0.00047
UBQLNL	0.00039	0.00179	0.00162
AC015691.13	0.00032	0.00126	0.00037
TRIM6	0.00787	0.07379	0.03922
TRIM34	0.00071	0.00056	0.00133
TRIM5	0.04098	0.11786	0.06977
TRIM22	0.26091	0.07099	0.12394
AC025016.1	7e-05	0.00036	0
OR56A5	0	0.00036	0.00076
RP11-290F24.6	0.00118	0.0047	0.00627
FAM160A2	0.04667	0.14061	0.11745
CCKBR	0	0.00057	0
PRKCDBP	0.0219	0.29096	0.32642
SMPD1	0.06605	0.06433	0.05957
APBB1	0.02318	0.01711	0.02204
HPX	0.03013	0.72	0.37479
TRIM3	0.01742	0.02301	0.03167
ARFIP2	0.05597	0.17572	0.08912
TIMM10B	0.11619	0.23801	0.11152
DNHD1	0.00957	0.0232	0.02658
RRP8	0.09457	0.13018	0.07293
ILK	0.29697	0.29458	0.22828
TAF10	0.48748	0.57174	0.27876
TPP1	0.77124	0.4876	0.32527
RP11-732A19.9	0.00177	1e-04	0.00088
DCHS1	0.01244	0.0039	0.02488
MRPL17	0.20594	0.43244	0.16923
ZNF215	0.00113	0.00019	0.00063
ZNF214	0.00055	0.00802	0.0036
CTD-2516F10.2	0.00395	0.00317	0.00355
OLFML1	0.00023	0.00245	0.03213
PPFIBP2	0.04044	0.06277	0.05047
CYB5R2	0.00144	0.01851	0.00694
EIF3F	0.66398	0.77693	0.42796
RIC3	0.03156	0.00336	0.01561
STK33	0.00136	0.0102	0.00602
TRIM66	0.01515	0.03289	0.03177
RPL27A	2.63817	2.48867	1.93099
ST5	0.01283	0.13246	0.1398
RP11-152H18.3	0.00012	0.00075	0
AKIP1	0.10146	0.12502	0.06034
TMEM9B	0.29928	0.28469	0.1263
TMEM9B-AS1	0.00127	0.00072	0.00148
NRIP3	0.05434	0.00368	0.01034
SCUBE2	0.00054	0.00142	0.00314
DENND5A	0.0967	0.07131	0.10196
TMEM41B	0.11952	0.3668	0.19689
IPO7	0.26242	0.43993	0.21203
CTD-2371O3.2	0.01106	0.00422	0.00664
CTD-2371O3.3	0.02277	0.02318	0.02641
ZNF143	0.08192	0.07339	0.04929
WEE1	0.08884	0.23703	0.1645
SWAP70	0.21515	0.08034	0.12336
RP11-540A21.2	0.00665	0.00644	0.00953
SBF2-AS1	0.03241	0.03828	0.01638
SBF2	0.14013	0.17057	0.16163
RP11-1H15.2	0.00122	4e-04	0.00048
RP11-351I24.1	4e-04	0.00045	0.00023
ADM	0.30277	0.10752	0.1236
AMPD3	0.11074	0.02063	0.02248
MTRNR2L8	0.00016	0.00071	0.00328
RNF141	0.17313	0.16411	0.08466
MRVI1-AS1	0.00143	0.00581	0.00236
LYVE1	0.05945	0.00311	0.02087
MRVI1	0.01474	0.00104	0.04747
CTR9	0.19898	0.2047	0.09624
EIF4G2	0.99495	0.85706	0.6647
ZBED5	0.08397	0.104	0.10479
ZBED5-AS1	0.0393	0.05097	0.02482
CTD-2003C8.2	0.00096	5e-05	0
GALNT18	3e-04	0.01158	0.02892
CSNK2A3	0.00168	0.00273	0.00236
RP11-483L5.1	0.00104	0.0017	0.00442
USP47	0.21959	0.28397	0.18615
DKK3	0.01598	0.04617	0.08604
MICAL2	0.05987	0.03571	0.04569
MICALCL	0.00451	0.0077	0.00414
PARVA	0.00257	0.14385	0.11019
TEAD1	0.00213	0.11919	0.12768
LINC00958	6e-05	0.00077	0.00125
RASSF10	0.00022	0.00984	0.00797
ARNTL	0.09149	0.01471	0.02366
BTBD10	0.06672	0.10384	0.06075
FAR1	0.19941	0.12771	0.13805
SPON1	0.00655	0.00414	0.01494
RRAS2	0.03282	0.13599	0.05315
COPB1	0.37391	0.53951	0.24312
PSMA1	0.61266	0.89579	0.44318
PDE3B	0.18031	0.09239	0.06394
CYP2R1	0.02968	0.04576	0.02415
CALCB	0.00138	0.00104	0.00253
CALCA	0.00113	0.00884	0.00358
INSC	7e-05	0.00052	0.00024
SOX6	0.00513	0.18149	0.15042
C11orf58	0.71089	0.86634	0.53241
PLEKHA7	0.00847	0.03144	0.02515
RPS13	2.80584	2.8318	1.95349
PIK3C2A	0.16069	0.23753	0.19372
NUCB2	0.17418	0.52438	0.25572
NCR3LG1	0.01119	0.00723	0.00715
RP1-239B22.5	0.00658	0.01147	0.00763
KCNJ11	0.00016	0.00292	0.00066
USH1C	0.00329	0.15815	0.06861
SERGEF	0.04732	0.07856	0.03997
TPH1	0.00299	0.00992	0.00959
SAAL1	0.04309	0.07482	0.02711
SAA4	0.00573	0.21174	0.05627
SAA2	0.00117	0.01376	0.01197
SAA1	0.00091	0.03798	0.02214
HPS5	0.11861	0.08674	0.05566
GTF2H1	0.11245	0.1474	0.08388
LDHA	1.58286	2.02539	1.04883
LDHC	0.00063	0.00235	0
LDHAL6A	0.00056	0.00017	0.00017
TSG101	0.18392	0.38965	0.17328
UEVLD	0.06552	0.07286	0.04302
SPTY2D1-AS1	0.00226	0.00881	0.00239
SPTY2D1	0.26142	0.20462	0.12611
TMEM86A	0.05084	0.01113	0.00808
IGSF22	0.00943	0.01245	0.00619
PTPN5	8e-05	0	0.00669
ZDHHC13	0.04186	0.08519	0.06391
E2F8	0.01934	0.02466	0.00736
NAV2	0.02016	0.12796	0.08859
RP11-359E10.1	0.00172	0.00051	0.00203
NAV2-AS3	3e-04	0.00256	0.00528
NAV2-AS2	0.00016	0.00019	0.00063
HTATIP2	0.17478	0.7483	0.24701
PRMT3	0.02918	0.09311	0.03853
ANO5	0.00445	0.03453	0.0215
FANCF	0.02866	0.08127	0.04059
GAS2	0.00305	0.13664	0.03545
SVIP	0.25937	0.41231	0.21918
RP11-17A1.3	0.00045	0.00056	0.00061
ANO3	0	9e-04	0.00179
SLC5A12	0.00155	0.06769	0.04328
FIBIN	0	0.00297	0.00503
BBOX1	1e-04	0.00578	0.00215
BBOX1-AS1	5e-04	0.04426	0.01822
CCDC34	0.06521	0.3347	0.11098
LGR4	0.01434	0.4829	0.18721
RP11-159H22.2	0	0.00073	0.00175
LIN7C	0.12426	0.21294	0.11097
BDNF-AS	0.0019	0.01162	0.00578
BDNF	0.00017	0.00157	0.00332
KIF18A	0.02153	0.02883	0.0131
METTL15	0.06281	0.10276	0.06988
RP11-22P4.2	0.00011	0.00042	0.00095
ARL14EP	0.13022	0.19488	0.08306
MPPED2	0.01228	0.00106	0.00836
DCDC1	0.00093	0.02145	0.0145
DNAJC24	0.05244	0.06937	0.05654
IMMP1L	0.0602	0.16058	0.06918
ELP4	0.0355	0.07034	0.02049
PAX6	0.00016	0.00135	0.0014
RCN1	0.09666	0.84993	0.4165
WT1	0.00028	0.00995	0.00336
WT1-AS	0.00038	0.0035	0.00282
EIF3M	0.55254	0.86128	0.36731
CCDC73	0.00054	0.00021	0.00043
PRRG4	0.05509	0.10902	0.05534
QSER1	0.09846	0.17123	0.11053
DEPDC7	0.00854	0.0217	0.00938
TCP11L1	0.03922	0.01629	0.01529
LINC00294	0.02084	0.02058	0.02093
CSTF3	0.06617	0.16161	0.10827
CSTF3-AS1	0.00044	0.00033	0
HIPK3	0.22988	0.19961	0.17498
RP4-541C22.5	2e-04	0.00085	0.00086
C11orf91	0	0.00067	0.00046
CD59	0.49447	0.90521	0.73961
FBXO3	0.07995	0.17459	0.11887
LMO2	0.17234	0.00938	0.08146
CAPRIN1	0.29434	0.33675	0.19342
NAT10	0.04898	0.08396	0.04709
ABTB2	0.00383	0.01894	0.01523
CAT	0.3158	0.42386	0.18752
ELF5	0.00073	0.00497	0.00281
EHF	0.00447	0.19165	0.10077
APIP	0.13426	0.2111	0.07718
PDHX	0.05642	0.10031	0.05849
RP4-607I7.1	0.00057	0.00037	0
CD44	1.22604	0.38314	0.35662
SLC1A2	0.00047	0.00353	0.00374
PAMR1	9e-05	0.00013	0.0306
FJX1	0.00332	0.07962	0.09653
TRIM44	0.21573	0.37721	0.3317
LDLRAD3	0.01035	0.02225	0.03175
COMMD9	0.16229	0.17763	0.089
PRR5L	0.05344	0.00994	0.02439
TRAF6	0.04712	0.03391	0.03621
RAG1	0.00185	0.00448	0.00295
C11orf74	0.05685	0.1818	0.07651
LRRC4C	6e-05	0	0.008
API5	0.15329	0.16618	0.09569
TTC17	0.12485	0.28471	0.22032
HSD17B12	0.19241	0.42971	0.21785
RP11-613D13.5	3e-04	2e-04	6e-04
ALKBH3	0.0377	0.02391	0.02238
C11orf96	0.03663	0.01778	0.48137
RP11-613D13.8	2e-04	0.00013	0.00183
ACCS	0.01986	0.04305	0.04515
EXT2	0.04687	0.09783	0.0736
CD82	0.21065	0.25925	0.19448
TSPAN18	0.00796	0.04834	0.04557
TP53I11	0.05915	0.13269	0.12444
PRDM11	0.00612	0.01669	0.01297
SYT13	0.00158	0.18569	0.07241
RP11-430H10.1	0.00365	0.00504	0.00736
CHST1	0.00024	0.00193	0.02014
DKFZp779M0652	0.00433	0.02195	0.01261
SLC35C1	0.02994	0.18673	0.08788
CRY2	0.02544	0.04128	0.0416
MAPK8IP1	0.00168	0.00821	0.01269
PEX16	0.08933	0.16036	0.07855
GYLTL1B	0.00211	0.03609	0.01342
PHF21A	0.08486	0.09422	0.09388
CTD-2589M5.4	0	0.00279	0.00198
CREB3L1	0.00394	0.25553	0.10283
DGKZ	0.19437	0.13497	0.13976
MDK	0.072	1.35417	0.60386
AMBRA1	0.01523	0.02702	0.02219
HARBI1	0.00799	0.00952	0.00794
ATG13	0.0567	0.10619	0.0657
ARHGAP1	0.08032	0.15171	0.12271
ZNF408	0.0209	0.05422	0.0273
F2	0.05656	1.06024	0.54965
CKAP5	0.11872	0.11214	0.06272
LRP4-AS1	0.00323	0.00305	0.00164
LRP4	0.00135	0.00157	0.00311
C11orf49	0.03511	0.05791	0.04554
RP11-390K5.3	0.00083	9e-05	0.00027
ARFGAP2	0.13072	0.15485	0.12286
PACSIN3	0.00332	0.10002	0.04165
DDB2	0.09013	0.05801	0.06403
ACP2	0.21113	0.2371	0.14681
NR1H3	0.20696	0.11669	0.08589
MADD	0.06362	0.04444	0.06105
RP11-17G12.3	0.001	0.00015	0
MYBPC3	0.00291	0.00038	0.00087
SPI1	0.51856	0.02718	0.06106
RP11-750H9.5	0.00182	0	0.00047
SLC39A13	0.05345	0.06199	0.06102
PSMC3	0.27785	0.51096	0.24628
RAPSN	0.0013	0.00094	0.0018
CELF1	0.35259	0.39918	0.36569
NDUFS3	0.23636	0.57335	0.20786
PTPMT1	0.14278	0.25717	0.10783
KBTBD4	0.03412	0.05392	0.02415
C1QTNF4	0.00129	8e-04	0.01125
MTCH2	0.2587	0.65819	0.19994
AGBL2	0.00191	0.00594	0.00309
FNBP4	0.25785	0.22321	0.25189
NUP160	0.08992	0.11102	0.08944
PTPRJ	0.21737	0.11096	0.07406
FOLH1	9e-05	0.00104	0.00745
APLNR	0.00026	0.00043	0.06443
TNKS1BP1	0.01148	0.13102	0.12014
RP11-872D17.4	0.00019	0.00068	0.00053
SSRP1	0.14047	0.30423	0.15908
P2RX3	4e-05	0.00094	0.00102
SLC43A3	0.22974	0.35931	0.19638
RTN4RL2	0.00615	0.08325	0.05287
SLC43A1	0.03056	0.35365	0.15784
TIMM10	0.25149	0.52702	0.20833
SMTNL1	0	0.00063	0.00035
UBE2L6	0.2425	0.25475	0.11683
SERPING1	0.15199	0.96062	0.69619
YPEL4	0.00841	0.00254	0.01006
CLP1	0.03649	0.04581	0.01533
ZDHHC5	0.13173	0.14178	0.10352
MED19	0.11643	0.21631	0.09374
TMX2	0.12879	0.35646	0.15022
C11orf31	0.53537	0.93222	0.45212
CTNND1	0.18621	0.52331	0.45921
LPXN	0.28202	0.02531	0.044
ZFP91	0.14711	0.16479	0.11626
CMB9-55A18.1	7e-04	8e-05	0.00055
CNTF	0.00054	6e-04	0.00017
GLYATL2	0.00078	0.00645	0.0022
GLYATL1	0.00089	0.03168	0.00573
RP11-142C4.6	0.00052	0.00051	0
FAM111B	0.03915	0.02618	0.01106
AP001258.4	0.00937	0.0124	0.01474
FAM111A	0.19236	0.11774	0.1453
DTX4	0.00453	0.06073	0.0445
MPEG1	0.50456	0.02535	0.0545
AP000442.4	0.00094	5e-04	0.00081
OSBP	0.10903	0.21355	0.11398
AP000442.1	0.00112	0.00263	0.00144
PATL1	0.1224	0.09293	0.07113
STX3	0.07377	0.20261	0.11334
AP000640.10	0.00017	0.00049	0.00204
MRPL16	0.15878	0.3997	0.13848
TCN1	0.0028	0.16185	0.1248
RP11-736I10.1	0.00019	0.00499	0.00109
MS4A2	0.01552	0.0013	0.00046
AP001257.1	0.00151	0.00023	0.00054
MS4A6A	0.93787	0.05857	0.12606
MS4A4E	0.00326	8e-05	0.00027
MS4A4A	0.59455	0.03048	0.06879
MS4A6E	0.00072	0	0
MS4A7	0.81198	0.0469	0.11286
MS4A14	0.02379	0.00118	0.00426
MS4A1	0.05052	0.00386	0.00537
MS4A8	0.00178	0.10135	0.04441
MS4A15	6e-05	0.00305	0.00175
CCDC86	0.02654	0.04453	0.02236
PTGDR2	5e-04	0.00092	0
ZP1	0.00054	0.00395	0.00371
PRPF19	0.07576	0.16556	0.09191
RP11-881M11.2	0.00171	5e-04	0.00043
TMEM109	0.15881	0.17825	0.15462
RP11-881M11.4	0.00058	2e-04	0.00042
TMEM132A	0.00294	0.03309	0.05448
SLC15A3	0.34051	0.02556	0.05102
CD6	0.17125	0.01124	0.02237
CD5	0.09375	0.00436	0.01264
VPS37C	0.05267	0.04513	0.03744
PGA3	0.00145	0.00015	0
PGA4	0.00092	0	0.00065
PGA5	0.01751	0.00053	0.00251
VWCE	0.01204	0.10138	0.07265
DDB1	0.17755	0.28199	0.18042
TKFC	0.04119	0.09674	0.04023
CYB561A3	0.12655	0.09305	0.08141
TMEM138	0.08179	0.14715	0.07774
TMEM216	0.04898	0.08156	0.04627
CPSF7	0.11199	0.14019	0.10676
RP11-286N22.8	0.01285	0.00733	0.01644
SDHAF2	0.14006	0.22651	0.09488
PPP1R32	0.00157	0.00251	0.00443
LRRC10B	0.00012	0.00011	0.01661
SYT7	0.00073	0.03291	0.01915
RP11-794G24.1	0.00011	0.00131	0.00189
DAGLA	0.0103	0.01762	0.01102
DKFZP434K028	0.00033	0.00142	0.00078
MYRF	0.00592	0.1618	0.11416
TMEM258	0.91401	1.57383	0.8394
FEN1	0.04956	0.09334	0.03162
FADS2	0.02137	0.20806	0.0949
FADS1	0.05866	0.31289	0.11356
FADS3	0.05228	0.15159	0.13302
RAB3IL1	0.09386	0.03434	0.03152
BEST1	0.06111	0.04768	0.03099
FTH1	3.94621	3.95892	2.83088
RP11-810P12.5	0.00054	3e-04	0.00051
INCENP	0.01646	0.01572	0.00909
SCGB2A1	0	0.00789	0.00467
RP11-703H8.7	0.00055	0.00277	0.01299
ASRGL1	0.04399	0.28305	0.09282
AHNAK	0.85492	0.51888	0.57327
EEF1G	0.05572	0.0911	0.042
RP11-864I4.1	0.00102	3e-04	0.00114
TUT1	0.01899	0.0473	0.03249
MTA2	0.03383	0.0306	0.03022
EML3	0.04832	0.04363	0.06133
ROM1	0.00473	0.00613	0.0078
B3GAT3	0.13515	0.32325	0.18551
GANAB	0.16609	0.37703	0.30178
INTS5	0.02614	0.05816	0.02144
C11orf98	0.01258	0.01767	0.00848
LBHD1	0.00475	0.00586	0.01169
METTL12	0.07969	0.07343	0.14947
UQCC3	0.16855	0.44588	0.16492
UBXN1	0.58605	0.57343	0.34302
LRRN4CL	0.00042	0.00026	0.00149
BSCL2	0.00278	0.00342	0.00507
HNRNPUL2	0.12973	0.14318	0.11051
TTC9C	0.08616	0.14911	0.096
ZBTB3	0.00823	0.0087	0.00932
POLR2G	0.25479	0.50317	0.205
RP11-727F15.11	0.00163	0.0023	0.00444
TAF6L	0.02535	0.05713	0.03072
TMEM223	0.08766	0.32083	0.12289
RP11-727F15.12	0.00389	0.00864	0.00494
TMEM179B	0.26506	0.61905	0.26216
NXF1	0.13332	0.07545	0.08795
STX5	0.12387	0.14691	0.08098
RP11-727F15.9	0.01204	0.0061	0.031
WDR74	0.15075	0.23336	0.13813
SLC3A2	0.53824	0.46558	0.35776
CHRM1	0	0.00071	0.00019
AP000438.2	0	0.0016	0.00042
SLC22A8	0.00065	0.01612	0.0071
SLC22A10	0.00028	0.01099	0.00366
SLC22A25	0.00017	0.01065	0.01734
SLC22A9	0.00125	0.08146	0.02787
HRASLS5	0.00035	0.00082	0
LGALS12	0.00681	0.00027	0.00068
RARRES3	0.45257	0.13928	0.15143
HRASLS2	0.00171	0.00442	0.00177
PLA2G16	0.11149	0.59103	0.22652
ATL3	0.18699	0.25422	0.17244
RTN3	0.38807	0.61982	0.28918
C11orf95	0.005	0.02902	0.03958
C11orf84	0.02531	0.025	0.03064
MARK2	0.12185	0.13475	0.0992
RCOR2	0.00047	0.00409	0.00325
NAA40	0.03879	0.06427	0.05907
COX8A	1.15473	1.40771	0.69141
OTUB1	0.23701	0.32991	0.20196
MACROD1	0.0231	0.10681	0.05119
FLRT1	4e-05	0.00064	0.00095
RP11-21A7A.3	0.00058	0.01029	0.00646
STIP1	0.35043	0.35786	0.17318
FERMT3	0.51524	0.03788	0.07017
TRPT1	0.0623	0.16657	0.08648
NUDT22	0.15436	0.33982	0.14979
RP11-783K16.14	0.00101	0.00282	0.00085
DNAJC4	0.1813	0.28094	0.14682
VEGFB	0.4019	0.46312	0.23283
FKBP2	0.49411	1.17585	0.64941
PPP1R14B	0.52295	1.04743	0.52965
RP11-783K16.5	0.00704	0.04897	0.01388
RP11-783K16.13	5e-04	5e-04	0.00044
PLCB3	0.04204	0.05924	0.05491
BAD	0.16272	0.27215	0.15684
GPR137	0.05211	0.0682	0.04596
TEX40	0.00027	0.00155	0.00045
ESRRA	0.08954	0.16464	0.11576
TRMT112	0.83056	1.13212	0.59241
PRDX5	0.65367	1.70549	0.76497
AP003774.1	0.01797	0.00074	0.00133
CCDC88B	0.11349	0.11905	0.0703
RPS6KA4	0.07612	0.06443	0.04677
AP003774.6	0.00416	0.00013	0.00022
AP003774.4	0.00145	0.00055	0.00015
SLC22A11	0.00045	0.01583	0.00807
SLC22A12	0	0.00043	0
NRXN2	0.00023	0.00056	0.01165
RASGRP2	0.11456	0.44289	0.17048
PYGM	0.00414	0.00083	0.00506
SF1	0.75927	0.59597	0.57193
AP001462.6	0.00604	0.01193	0.01321
MAP4K2	0.05265	0.02718	0.02455
MEN1	0.02696	0.07413	0.04522
CDC42BPG	0.00176	0.01685	0.01336
EHD1	0.18885	0.10332	0.09012
MIR194-2HG	0.00472	0.05154	0.04407
ATG2A	0.10646	0.12965	0.09856
PPP2R5B	0.02398	0.02869	0.04508
GPHA2	0	0.00165	0.00087
C11orf85	0.00026	0.00709	0.00231
BATF2	0.00374	0.01719	0.01068
ARL2	0.20359	0.27709	0.18967
SNX15	0.0042	0.00373	0.00232
SAC3D1	0.0642	0.12538	0.04213
NAALADL1	0.0244	0.00233	0.01208
CDCA5	0.02456	0.02674	0.01411
ZFPL1	0.06741	0.21987	0.09862
TMEM262	0.00045	0.00039	0.00034
VPS51	0.15044	0.24026	0.1568
TM7SF2	0.03198	0.41533	0.13204
ZNHIT2	0.0293	0.10766	0.0369
FAU	2.89434	2.7427	1.8885
SYVN1	0.05859	0.14839	0.1143
MRPL49	0.06653	0.10644	0.04433
AP003068.23	0.00277	0.00949	0.00559
CAPN1	0.16773	0.23768	0.16646
POLA2	0.03435	0.03722	0.02364
CDC42EP2	0.03673	0.06696	0.04671
DPF2	0.13072	0.14209	0.11646
TIGD3	0.0027	0.00121	0.00044
SLC25A45	0.07069	0.11598	0.08354
FRMD8	0.07744	0.07444	0.08007
NEAT1	2.64109	3.16492	2.9528
CMB9-22P13.1	0.06171	0.01939	0.02792
MALAT1	5.7059	3.7445	4.7128
AP000769.7	0.00152	0.00067	0.00069
AP000769.1	0.25461	0.07852	0.1522
SCYL1	0.09015	0.17211	0.11333
LTBP3	0.11846	0.28169	0.30363
SSSCA1	0.15996	0.46189	0.15419
FAM89B	0.25087	0.16392	0.15425
EHBP1L1	0.21618	0.19386	0.27688
SIPA1	0.21208	0.13767	0.11905
KCNK7	0.00171	0.00052	0.00046
MAP3K11	0.15423	0.19618	0.15916
PCNXL3	0.03738	0.07795	0.06425
RELA	0.17546	0.18173	0.13547
KAT5	0.09387	0.08843	0.06432
RNASEH2C	0.3683	0.57992	0.29054
AP5B1	0.04318	0.0376	0.0204
OVOL1	0.00228	0.01596	0.01199
OVOL1-AS1	0.00047	0.01278	0.00147
CFL1	2.20244	1.80346	1.24101
SNX32	0.00088	0.00021	0.00089
MUS81	0.06092	0.07625	0.09112
EFEMP2	0.01186	0.01228	0.07809
CTSW	0.03	0.00064	0.00306
FIBP	0.28191	0.38434	0.16617
CCDC85B	0.50391	0.20581	0.34162
FOSL1	0.01694	0.0269	0.02106
C11orf68	0.08079	0.11309	0.06816
DRAP1	0.77315	0.76129	0.42038
TSGA10IP	0.00124	0.00073	0.00067
SART1	0.10644	0.10548	0.06957
EIF1AD	0.08506	0.07895	0.04769
BANF1	0.44114	0.9034	0.40137
CST6	0.00658	0.01006	0.0034
CATSPER1	0.047	0.00424	0.00797
SF3B2	0.3708	0.42241	0.28347
RP11-1167A19.2	0.00044	0.00057	0.00114
PACS1	0.12843	0.12227	0.10702
RP11-755F10.1	0.00293	0.00752	0.00377
KLC2	0.01688	0.02881	0.02685
RP11-755F10.3	4e-04	4e-04	0.00035
RAB1B	0.18515	0.24144	0.16772
RP11-867G23.3	0.00259	0.00055	0.00125
RP11-867G23.4	0.00177	0.00072	0.00149
CNIH2	0.00528	0.00161	0.00112
YIF1A	0.20719	0.81441	0.3016
TMEM151A	0.00023	0.00074	0.00141
CD248	0.00124	0.00095	0.12013
RIN1	0.01505	0.0523	0.03389
BRMS1	0.15794	0.18189	0.09967
B4GAT1	0.01623	0.17128	0.09056
RP11-867G23.8	0.00304	0.0227	0.01502
SLC29A2	0.00678	0.09064	0.05214
MRPL11	0.22199	0.52315	0.17822
PELI3	0.0087	0.01601	0.01259
CTD-3074O7.5	0.00436	0.00936	0.00714
DPP3	0.05097	0.10242	0.04435
BBS1	0.00168	0.00568	0.00542
ZDHHC24	0.1223	0.29432	0.1322
ACTN3	1e-04	0.001	0
CTSF	0.05252	0.24747	0.15775
CCDC87	0.00014	0.00061	0.00072
CCS	0.15931	0.41902	0.18795
RBM14	0.11349	0.11889	0.09761
RBM14-RBM4	0.00358	0.0028	0.00368
RBM4	0.13141	0.08934	0.11693
RBM4B	0.04751	0.09226	0.06763
RP11-658F2.8	0.02118	0.01944	0.02103
SPTBN2	0.00057	0.02428	0.00989
C11orf80	0.02042	0.05129	0.03596
RCE1	0.04616	0.08374	0.03904
PC	0.0217	0.06928	0.02426
LRFN4	0.02712	0.00764	0.01368
C11orf86	0.00042	0.00776	0.00208
SYT12	0.00349	0.09465	0.07283
RHOD	0.00766	0.21019	0.07087
KDM2A	0.26295	0.1975	0.18793
ADRBK1	0.31874	0.15077	0.16335
ANKRD13D	0.22283	0.10405	0.13463
SSH3	0.02057	0.09246	0.05297
RAD9A	0.07172	0.11275	0.1214
POLD4	0.11867	0.22923	0.12288
CTC-1337H24.3	0.00091	0.00085	0.00248
CLCF1	0.01112	0.03321	0.01584
CTC-1337H24.4	0.00048	0.00723	0.00758
PPP1CA	0.47527	0.62532	0.24439
TBC1D10C	0.21121	0.01004	0.02054
CARNS1	0.00365	0.01556	0.01316
RPS6KB2	0.17447	0.27886	0.13417
AP003419.16	0.00038	0.00053	0
CORO1B	0.59042	0.33626	0.2279
PTPRCAP	0.00132	3e-05	0
CABP4	0.01433	0.01667	0.02141
TMEM134	0.2279	0.33156	0.14838
AIP	0.32608	0.31065	0.20288
PITPNM1	0.05292	0.04659	0.03643
CDK2AP2	0.27846	0.34026	0.1495
GSTP1	1.04763	0.94218	0.76316
NDUFV1	0.27037	0.5734	0.25998
RP11-655M14.13	2e-04	0.00566	0.00483
NUDT8	0.0254	0.19097	0.05346
TBX10	0	0.00133	0
ACY3	0.00142	0.04402	0.01101
ALDH3B2	0	0.00488	0.00227
RP11-119D9.1	0.00724	0.05417	0.00915
RP5-903G2.2	0.00141	0.00608	0.00502
UNC93B1	0.26368	0.19588	0.10552
ALDH3B1	0.10107	0.10606	0.06198
RP5-901A4.1	3e-05	0.00084	2e-04
NDUFS8	0.42723	0.82595	0.36056
TCIRG1	0.37595	0.18037	0.19056
RP11-802E16.3	0.01936	0.0135	0.01561
CHKA	0.07023	0.14801	0.07246
CTD-2655K5.1	0.00012	0.00103	0.00129
KMT5B	0.13902	0.20796	0.16458
C11orf24	0.05855	0.11415	0.0645
LRP5	0.00907	0.20702	0.1263
PPP6R3	0.16938	0.1782	0.16274
GAL	0.00017	0.01474	0.00264
MTL5	0.0065	0.05863	0.02042
CPT1A	0.09516	0.14637	0.09342
RP11-757G1.6	3e-04	0.00167	0.00146
MRPL21	0.21543	0.51778	0.17785
IGHMBP2	0.03372	0.03393	0.03188
MRGPRF	0	0.00042	0.0247
TPCN2	0.02759	0.02766	0.02387
MYEOV	0.00404	0.08926	0.04733
RP11-211G23.2	0.00046	0.02115	0.0124
AP000439.1	0.00297	7e-05	0.00109
AP000439.3	0	0.00035	0.00089
CCND1	0.11369	0.37162	0.22995
ORAOV1	0.02886	0.0727	0.05718
FGF19	0.00219	0.06186	0.02703
RP11-643C9.2	0.00019	0	0.00316
RP11-626H12.2	0	0.00227	0.00296
ANO1	0.00102	0.10533	0.06329
FADD	0.04412	0.11119	0.04706
RP11-805J14.5	0.00027	0.00064	0.00031
PPFIA1	0.14665	0.17087	0.11432
AP000487.5	0.00694	0.01145	0.00702
CTTN	0.02094	0.46238	0.33792
SHANK2	0.00215	0.07494	0.03756
SHANK2-AS1	0	0.00209	0.0027
DHCR7	0.03955	0.3025	0.11591
RP11-660L16.2	0.04769	0.09245	0.03266
NADSYN1	0.07078	0.09156	0.07222
KRTAP5-8	0.00022	0.00141	0.00158
KRTAP5-10	0.00031	0.00247	0.00308
KRTAP5-11	0.00158	0.00047	0
FAM86C1	0.0058	0.03044	0.00682
RP11-849H4.2	0.01405	0.03473	0.03574
RNF121	0.04906	0.07147	0.04401
IL18BP	0.32464	0.02261	0.0604
NUMA1	0.18721	0.14676	0.19286
RP11-849H4.4	0.00637	0.00291	0.00381
LRTOMT	0.00915	0.04235	0.01938
LAMTOR1	0.44893	0.62363	0.3192
ANAPC15	0.13572	0.14964	0.07518
FOLR3	0.00346	6e-05	0.00043
RP11-807H22.7	0.00104	2e-05	0
FOLR1	0.00154	0.04687	0.01864
FOLR2	0.53629	0.02697	0.06921
INPPL1	0.10385	0.09144	0.11754
CLPB	0.03274	0.05452	0.01656
LINC01537	0.00086	0	0
PDE2A	0.0104	0.00065	0.02011
ARAP1	0.14765	0.07152	0.08018
ARAP1-AS2	0.0018	0.00011	3e-04
STARD10	0.10214	0.70854	0.34119
ATG16L2	0.09559	0.02218	0.03907
FCHSD2	0.15296	0.04524	0.06773
RP11-800A3.2	0.00017	0.00118	0.00072
P2RY2	0.00749	0.00948	0.00866
P2RY6	0.11153	0.04441	0.03919
RP11-800A3.7	0.00023	8e-04	0.00163
ARHGEF17	0.00354	0.01548	0.11532
RELT	0.15681	0.01194	0.02581
RP11-809N8.2	0.00109	4e-05	0.00018
FAM168A	0.05704	0.08445	0.05677
RP11-809N8.4	0.00663	8e-04	7e-04
PLEKHB1	0.01289	0.111	0.04051
RAB6A	0.24876	0.27182	0.22241
MRPL48	0.08171	0.23691	0.06447
COA4	0.21866	0.77168	0.28877
PAAF1	0.03949	0.07415	0.0416
DNAJB13	0.00044	0.01132	0.006
RP11-167N4.2	0.0012	1e-04	0
UCP2	0.96793	0.14063	0.13931
UCP3	0.00213	0.00314	0.0039
C2CD3	0.02975	0.02778	0.03891
PPME1	0.08074	0.10483	0.09037
P4HA3	0.00607	0.00455	0.00944
PGM2L1	0.17742	0.14162	0.15577
KCNE3	0.09413	0.21155	0.06735
RP11-702H23.6	0.00141	0.00408	0.00229
LIPT2	0.00394	0.02635	0.00915
AP001372.2	0.00776	0.04136	0.02561
POLD3	0.09142	0.12457	0.07167
CHRDL2	0.00097	0.03079	0.00984
RNF169	0.11783	0.11131	0.11005
XRRA1	0.06072	0.09005	0.10461
SPCS2	0.80915	1.3438	0.67735
NEU3	0.03494	0.03407	0.02977
SLCO2B1	0.33542	0.13809	0.09889
TPBGL	0.00319	0.00155	0.00204
ARRB1	0.11729	0.06156	0.04793
RPS3	2.84222	3.25423	2.22694
KLHL35	0.00584	0.01359	0.00646
GDPD5	0.02021	0.01445	0.01654
SERPINH1	0.27872	0.23992	0.41659
CTD-2530H12.4	0.00037	0.00173	0.00015
MAP6	5e-04	0.003	0.00415
MOGAT2	3e-05	0.00833	0.00275
DGAT2	0.00739	0.13917	0.02913
RP11-535A19.2	0.00046	0.00229	0.00061
UVRAG	0.1263	0.09087	0.06955
WNT11	0.0037	0.00053	0.00044
PRKRIR	0.13648	0.10585	0.07674
RP11-111M22.2	0.00372	0.01004	0.01073
RP11-111M22.4	0.00053	0.00544	0.00688
RP11-111M22.5	0	0.00062	9e-04
RP11-111M22.3	0.01352	0.07018	0.02737
EMSY	0.05924	0.05432	0.06178
RP11-672A2.6	0.00125	4e-05	0.00026
LRRC32	0.01288	0.00118	0.09855
TSKU	0.00546	0.12977	0.05367
RP11-21L23.3	0.00027	0.01151	0.00988
ACER3	0.19403	0.14053	0.09934
CTD-2547H18.1	5e-05	0.01385	0.00356
B3GNT6	0.00015	0.00934	0.01048
CAPN5	0.01016	0.20495	0.11342
MYO7A	0.06595	0.05128	0.04875
PAK1	0.19575	0.17133	0.10677
RP11-739B23.1	0.005	0.00198	0.00713
CLNS1A	0.29928	0.70883	0.25388
AQP11	0.00256	0.04308	0.00897
RSF1	0.31414	0.35784	0.29064
AAMDC	0.11158	0.25337	0.1438
RP11-91P24.7	0.00019	0.00031	0.00168
RP11-91P24.6	5e-05	0.00041	0.00067
INTS4	0.04567	0.05475	0.04272
KCTD14	0.00083	0.048	0.02094
NDUFC2	0.60043	1.43259	0.61941
ALG8	0.07675	0.34822	0.12728
KCTD21-AS1	0.01002	0.01953	0.01802
KCTD21	0.01017	0.01843	0.00995
USP35	0.01083	0.00787	0.01116
GAB2	0.05424	0.02479	0.0284
RP11-452H21.4	0.00946	0.00192	0.00383
NARS2	0.03648	0.09237	0.03585
RP11-843A23.1	0.00236	0.00023	0.00016
TENM4	0.00061	0.00022	0.00117
FAM181B	4e-05	6e-04	0.00351
PRCP	0.30254	0.2542	0.23952
DDIAS	0.01423	0.02155	0.00992
RAB30	0.05444	0.02701	0.03015
RAB30-AS1	0.09331	0.15628	0.11383
PCF11	0.24877	0.18002	0.21319
PCF11-AS1	0.01217	0.0137	0.01759
ANKRD42	0.03424	0.03432	0.03159
CCDC90B	0.17734	0.33878	0.15782
RP11-727A23.10	8e-05	0.00065	0.00021
DLG2	0.0018	0.00369	0.01046
TMEM126B	0.20564	0.40553	0.15949
TMEM126A	0.23777	0.47122	0.13779
CREBZF	0.16651	0.2159	0.2628
CCDC89	0.00059	0.00017	0.00081
SYTL2	0.06791	0.11302	0.2086
PICALM	0.35278	0.1869	0.20601
EED	0.11266	0.10206	0.06989
C11orf73	0.21257	0.2956	0.14273
CCDC81	0.00169	9e-04	0.00212
ME3	0.00613	0.02133	0.02677
CTD-2005H7.1	0.00023	0.00355	0.00217
PRSS23	0.01227	0.25726	0.28436
AP000654.4	0	0.00087	0.00142
RP11-736K20.5	0.00022	0.00201	0.01861
FZD4	0.00081	0.00707	0.05846
RP11-736K20.6	0.00035	0.00644	0.00496
TMEM135	0.04165	0.09152	0.05029
RAB38	0.0325	0.02717	0.01772
CTSC	1.16753	0.76222	0.55255
NOX4	0.00018	2e-04	0.00969
NAALAD2	0.00093	0.00011	0.0034
CHORDC1	0.68722	0.32008	0.32517
FAT3	0.00012	4e-05	0.0097
RP11-676F20.5	3e-05	0.00027	0.00072
SLC36A4	0.09708	0.14081	0.07146
CCDC67	8e-05	0.00226	0.00105
SMCO4	0.19354	0.433	0.13523
CEP295	0.05422	0.06559	0.05925
SCARNA9	0.00052	0.00017	0.00052
TAF1D	0.48971	0.6132	0.58957
C11orf54	0.10303	0.34283	0.14707
MED17	0.13362	0.07541	0.0818
VSTM5	0	0.00645	0.00367
PANX1	0.03246	0.02876	0.02485
MRE11A	0.10178	0.1118	0.0833
RP11-685N10.1	0.00023	0.00041	0.00052
ANKRD49	0.14594	0.12801	0.14702
C11orf97	0	0.00106	0.00041
PIWIL4	0.0065	0.01687	0.01028
FUT4	0.03617	0.02805	0.02346
AMOTL1	0.00552	0.0079	0.04483
CWC15	0.41155	0.39935	0.21774
KDM4D	0.00185	0.00257	0.00185
SRSF8	0.09676	0.17484	0.10207
ENDOD1	0.04161	0.0867	0.07562
RP11-712B9.2	0.012	0.00184	0.00448
SESN3	0.25837	0.03236	0.09556
FAM76B	0.09754	0.06661	0.06836
CEP57	0.1628	0.25325	0.13302
MTMR2	0.051	0.05042	0.0437
MAML2	0.22662	0.06297	0.1713
CCDC82	0.14941	0.06771	0.09626
JRKL	0.03828	0.03125	0.04034
CNTN5	0.00013	0.00457	0.00454
ARHGAP42	0.00226	0.03141	0.07295
TMEM133	0.00052	0.01286	0.01712
TRPC6	0.00121	3e-04	0.01053
CEP126	0.00783	0.03386	0.04155
C11orf70	2e-04	0.00842	0.00509
RP11-732A21.3	2e-04	0.00576	0.00534
YAP1	0.00667	0.21117	0.15409
BIRC3	0.68525	0.15566	0.16795
BIRC2	0.31711	0.29244	0.20443
TMEM123	0.63479	1.07688	0.54927
RP11-315O6.1	0.0028	0.02739	0.01358
MMP7	0.03543	0.67954	0.2709
RP11-817J15.3	3e-05	0.00181	0.00122
MMP8	0.00099	4e-05	0
MMP10	0.00361	0.00985	0.00661
MMP1	0.01367	0.09847	0.03596
MMP3	0.00081	0.00718	0.00328
MMP12	0.73922	0.07558	0.12541
MMP13	6e-05	0.00273	0.00017
DCUN1D5	0.15668	0.417	0.14867
DYNC2H1	0.0188	0.11673	0.11651
PDGFD	0.00894	0.01274	0.0222
CASP4	0.34831	0.30234	0.19495
CASP5	0.00955	0.00038	0.00153
CASP1	0.41054	0.03141	0.06747
CARD16	0.7239	0.0721	0.15356
CARD17	0.00121	3e-05	0
CARD18	0.00053	0.00454	0.00192
GRIA4	0.00013	0.00041	0
MSANTD4	0.04558	0.05709	0.03656
KBTBD3	0.04781	0.08669	0.03712
AASDHPPT	0.15828	0.30362	0.11585
GUCY1A2	0.00146	0.00279	0.13006
RP11-819C21.1	0.01635	0.01552	0.01489
CWF19L2	0.21466	0.15915	0.17342
ALKBH8	0.01976	0.03795	0.02197
ELMOD1	9e-05	0.00011	0.00196
SLC35F2	0.02341	0.0274	0.02006
RAB39A	0.03645	0.00173	0.00627
CUL5	0.19772	0.27354	0.17302
RP11-144G7.2	0.00361	0.00129	0.00245
ACAT1	0.17426	0.52692	0.18102
NPAT	0.12172	0.07793	0.07041
ATM	0.41859	0.332	0.32357
C11orf65	0.00275	0.00571	0.00549
KDELC2	0.04248	0.0478	0.05538
EXPH5	0.00227	0.03448	0.02251
DDX10	0.07734	0.12938	0.06535
ZC3H12C	0.03772	0.02978	0.02809
RDX	0.29708	0.74644	0.35999
FDX1	0.29369	0.41644	0.1496
ARHGAP20	0.01036	0.0028	0.00347
RP11-89C3.4	0.00348	0.00193	0.00262
C11orf53	0.00025	0.01552	0.00487
COLCA1	0.00202	0.11455	0.03841
COLCA2	0.00174	0.08949	0.03841
POU2AF1	0.01516	0.00487	0.00329
C11orf88	0.00018	0.00261	0
LAYN	0.07265	0.00252	0.02618
SIK2	0.05187	0.05254	0.05256
PPP2R1B	0.04815	0.08536	0.07344
RP11-108O10.2	7e-05	0.00037	0.00067
ALG9	0.01599	0.02116	0.0302
FDXACB1	0.01242	0.02257	0.00966
C11orf1	0.06062	0.11356	0.05102
CRYAB	0.00873	0.02208	0.08788
HSPB2	3e-05	0.00017	0.02841
C11orf52	0	0.00216	0.00092
DIXDC1	0.00754	0.06562	0.05468
DLAT	0.0564	0.11496	0.05434
PIH1D2	0.00168	0.00786	0.00464
C11orf57	0.09444	0.1197	0.07165
TIMM8B	0.48595	0.8752	0.37869
SDHD	0.33613	0.49861	0.21602
IL18	0.31473	0.07488	0.05984
TEX12	8e-04	0.00023	0.00125
BCO2	0.0234	0.01424	0.02568
PTS	0.11078	0.28884	0.12044
RP11-356J5.13	0.00142	0.00086	0.0019
RP11-356J5.12	0.02495	0.03801	0.02728
NCAM1	0.0072	0.00027	0.00099
RP11-839D17.3	0.00079	0.00042	0
TTC12	0.01095	0.01607	0.01037
DRD2	0.00012	0.00053	0.00101
TMPRSS5	0.0011	0.00292	0.00223
ZW10	0.03238	0.03395	0.02437
RP11-667M19.2	0.00032	0.00039	0
USP28	0.05099	0.0552	0.04177
HTR3A	0.00045	9e-04	0.00025
ZBTB16	0.02122	0.01419	0.0278
NNMT	0.01071	0.39311	0.26367
C11orf71	0.03394	0.09825	0.04672
RBM7	0.16867	0.1999	0.1185
REXO2	0.16458	0.47751	0.23334
CADM1	0.03477	0.14874	0.09841
LINC00900	0.01365	0.00036	0.00195
AP001891.1	0	0.00173	0.00303
BUD13	0.04764	0.03736	0.02617
AP006216.10	0.00028	0.00026	0.00021
ZPR1	0.11949	0.17461	0.0708
APOA5	0.00056	0.02632	0.00554
APOA4	0.00017	0.00319	0.00572
APOC3	0.09771	1.08947	0.38181
APOA1	0.55906	2.53321	1.4519
SIK3	0.15794	0.08517	0.09343
PAFAH1B2	0.19559	0.24258	0.15314
SIDT2	0.04622	0.04215	0.05158
TAGLN	0.01403	0.00776	0.31445
PCSK7	0.29305	0.17489	0.21284
RNF214	0.06211	0.07703	0.05319
BACE1	0.03916	0.06795	0.05142
BACE1-AS	0.0046	0.01604	0.01351
CEP164	0.06999	0.06112	0.07678
DSCAML1	0.00011	5e-04	0.00183
FXYD2	0.07199	0.8712	0.30649
FXYD6-FXYD2	0.00026	0.00431	0.00116
RP11-728F11.4	0.00153	0.00089	0.00046
FXYD6	0.05403	0.00295	0.12438
TMPRSS13	0.00447	0.00154	0.0018
IL10RA	0.42331	0.01784	0.0467
TMPRSS4	0.00237	0.19031	0.11726
SCN4B	0.00118	0.00091	0.01732
JAML	0.33384	0.03686	0.03512
MPZL3	0.08452	0.05601	0.03766
MPZL2	0.02394	0.22657	0.1186
CD3E	0.54804	0.02596	0.06015
CD3D	0.73817	0.29458	0.15796
CD3G	0.4605	0.01739	0.0431
UBE4A	0.17797	0.19463	0.12118
RP11-770J1.5	0.00261	0.01234	0.0036
ATP5L	1.50776	1.47563	0.8709
RP11-770J1.4	0.00089	0.00049	0.00058
KMT2A	0.31061	0.3517	0.36796
RP11-770J1.3	0.00071	0.00366	0.00228
TTC36	0.00054	0.0013	0.00104
TMEM25	0.00617	0.01824	0.01541
IFT46	0.02174	0.03094	0.01885
ARCN1	0.21044	0.23745	0.12661
PHLDB1	0.01961	0.0517	0.1115
AP002954.3	0.00038	0.00036	0.0011
TREH	4e-05	0.0083	0.00575
DDX6	0.35451	0.24287	0.1913
RP11-158I9.8	0.02459	0.0526	0.03035
CXCR5	0.0169	0.00218	0.00155
RP11-158I9.5	0.00092	4e-05	0.00097
BCL9L	0.07968	0.12429	0.09986
RP11-110I1.12	0.0045	0.00369	0.00612
CCDC84	0.08016	0.04965	0.06006
RP11-110I1.11	0.00126	2e-04	0
RPS25	2.72183	2.5899	1.84116
TRAPPC4	0.17635	0.4053	0.17007
SLC37A4	0.05697	0.27478	0.10565
RP11-110I1.6	0.00036	0.00029	0.00118
HYOU1	0.07104	0.17264	0.10769
RP11-110I1.14	0.00118	0.00134	0.00243
RP11-110I1.13	0.01131	0.00689	0.00753
VPS11	0.06748	0.05344	0.03904
HMBS	0.03013	0.10458	0.03706
H2AFX	0.28	0.13785	0.13154
DPAGT1	0.06616	0.20325	0.09922
C2CD2L	0.0586	0.02334	0.02951
HINFP	0.03655	0.04394	0.0405
NLRX1	0.01628	0.02201	0.0108
PDZD3	0.00025	0.00918	0.00656
CCDC153	0.00444	0.01185	0.00609
CBL	0.1634	0.06384	0.08784
MCAM	0.02919	0.00881	0.31547
RNF26	0.03186	0.05877	0.02228
C1QTNF5	7e-05	0.00013	0.00554
USP2	0.00793	0.01112	0.01
USP2-AS1	0.00069	0.01239	0.00335
THY1	0.0051	0.0043	0.33203
PVRL1	0.00995	0.01649	0.01998
TRIM29	0.00032	0.02733	0.01471
OAF	0.02483	0.20226	0.14103
POU2F3	0.00018	0.0064	0.00673
TMEM136	0.00803	0.06108	0.06218
ARHGEF12	0.09059	0.28541	0.30138
GRIK4	0.00017	0.00036	0.00013
TBCEL	0.03225	0.04987	0.04089
TECTA	0.00039	0.00085	0.00057
SC5D	0.15438	0.27916	0.11333
RP11-730K11.1	0.00157	0.00019	0.00056
SORL1	0.11285	0.18907	0.13869
UBASH3B	0.08462	0.03275	0.01884
CRTAM	0.11095	0.0047	0.01017
C11orf63	0.01535	0.00697	0.01015
HSPA8	2.00917	1.41768	0.97775
CLMP	0.00553	0.00086	0.00346
GRAMD1B	0.02892	0.0283	0.01858
SCN3B	0.00074	0.00267	0.0024
ZNF202	0.00891	0.01906	0.017
VWA5A	0.03442	0.05384	0.02653
OR8G5	0	0.00048	0
OR8A1	6e-05	0.00098	0.00046
PANX3	0	6e-04	0.00133
TBRG1	0.16151	0.16651	0.09804
SIAE	0.01459	0.07	0.0358
SPA17	0.01719	0.04076	0.02478
NRGN	0.03149	0.0053	0.08021
RP11-677M14.2	0.00024	0.0019	0.00033
VSIG2	0.00233	0.15924	0.07273
ESAM	0.00121	0.00292	0.18649
RP11-677M14.3	0.00103	0.00384	0.00861
MSANTD2	0.02776	0.02276	0.04215
AP000866.1	0.00171	0.00174	0.00223
RP11-677M14.7	0.00226	0.00357	0.0036
ROBO3	0.01818	0.03135	0.02742
ROBO4	0.00081	0.00033	0.04363
HEPN1	5e-05	0.00042	0
CCDC15	0.0174	0.01458	0.01356
SLC37A2	0.0746	0.01904	0.01904
TMEM218	0.08584	0.141	0.0649
FEZ1	0.03592	0.0068	0.03577
EI24	0.17556	0.52794	0.23275
STT3A	0.10368	0.20818	0.14023
CHEK1	0.04081	0.05239	0.02774
PATE2	0	0.00075	0.00029
RP11-680F20.10	1e-04	0.00067	0.00016
HYLS1	0.02148	0.05249	0.02472
PUS3	0.0321	0.07484	0.02801
DDX25	3e-04	0.00103	0.00029
CDON	0.00133	0.01468	0.01364
RPUSD4	0.04188	0.05088	0.03732
RP11-50B3.4	5e-04	0.00035	0.00016
FAM118B	0.0348	0.05961	0.02464
SRPRA	0.23524	0.21291	0.1661
FOXRED1	0.03805	0.09158	0.06341
TIRAP	0.01314	0.01617	0.01501
RP11-712L6.5	0.00102	0.00204	0.00169
DCPS	0.08389	0.19855	0.08314
ST3GAL4-AS1	0.0044	0.00893	0.00701
ST3GAL4	0.01893	0.02536	0.04005
ETS1	0.40918	0.04186	0.23763
FLI1	0.20424	0.00756	0.05983
SENCR	0.02151	0.00059	0.00627
KCNJ1	0.00095	0	0.00041
KCNJ5	0.04531	0.00299	0.00446
C11orf45	0.0148	0.00459	0.0026
TP53AIP1	0.00012	0.00151	0.00307
ARHGAP32	0.01377	0.08255	0.06166
BARX2	0.00168	0.03471	0.01311
TMEM45B	0.01317	0.45649	0.17256
NFRKB	0.03807	0.06176	0.05279
PRDM10	0.01726	0.0192	0.01685
LINC00167	0.00483	0.00266	0.00153
APLP2	0.79606	1.04085	0.7111
ST14	0.13174	0.12796	0.07054
ZBTB44	0.14643	0.17717	0.14748
RP11-121M22.1	0.00029	0.00087	0.00064
ADAMTS8	6e-05	0.00024	0.00899
ADAMTS15	0.0023	6e-04	0.0036
RP11-890B15.3	0.00342	0.00815	0.00827
SNX19	0.04978	0.05049	0.04575
NTM	0.00062	4e-04	0.0183
IGSF9B	8e-04	0.00159	0.00213
RP11-713P17.3	0.01511	0.00428	0.01638
RP11-713P17.4	0.00296	0.00053	0.0024
JAM3	0.00719	0.00387	0.04114
NCAPD3	0.05609	0.05373	0.0319
VPS26B	0.08864	0.10974	0.06105
THYN1	0.11803	0.17979	0.08317
ACAD8	0.04618	0.10127	0.05102
GLB1L2	0.00135	0.00233	0.00383
B3GAT1	0.00659	0.00101	0.00046
TUBB8	0.00028	0.00338	0.0035
ZMYND11	0.12514	0.14741	0.10828
DIP2C	0.01027	0.05492	0.0514
PRR26	0.00035	0.02887	0.02127
LARP4B	0.12569	0.17876	0.13231
GTPBP4	0.15503	0.33934	0.1615
IDI2	0.00112	0.00066	0.00117
IDI2-AS1	0.00268	0.0019	0.00359
IDI1	0.38584	0.72996	0.26469
WDR37	0.03665	0.0374	0.0305
ADARB2	0.00059	0.00053	0.00131
RP11-118K6.3	0.00054	0.00101	0.00191
PFKP	0.08946	0.07108	0.05202
PITRM1	0.05097	0.08685	0.06333
PITRM1-AS1	0.00065	0.00064	0.00089
RP11-184A2.2	0.00011	6e-04	0
KLF6	2.06668	0.66398	0.89091
LINC00702	0.00115	8e-05	0.0159
LINC00704	0.00092	0.0324	0.01326
AKR1E2	0.00166	0.00693	0.0063
AKR1C2	0.05388	0.74117	0.37375
AKR1C1	0.29391	1.9744	0.89237
AKR1C3	0.18788	1.8798	0.72139
AKR1C4	0.12626	1.51254	0.50382
RP11-445P17.8	7e-05	0.00055	0.00031
TUBAL3	0.00014	0.00126	0.00145
NET1	0.04669	0.56611	0.27896
CALML5	0	5e-04	7e-04
RP13-463N16.6	4e-05	0.00498	0.0011
RP11-336A10.5	0.00011	0.00158	0.00144
RP11-336A10.4	6e-05	0.00059	0.00045
ASB13	0.01071	0.05781	0.02272
FAM208B	0.10141	0.31257	0.21455
RP11-336A10.2	0.00139	0.00024	0
GDI2	0.6813	1.02827	0.4253
RP11-318E3.9	0.00131	0.00141	0.0013
ANKRD16	0.01211	0.09214	0.03685
FBXO18	0.06109	0.12801	0.09572
RP11-536K7.3	0.01238	0.06026	0.02468
IL15RA	0.03297	0.14346	0.07279
IL2RA	0.10133	0.00442	0.0099
RP11-536K7.5	0.00108	0.00088	7e-04
RBM17	0.35629	0.4005	0.25639
PFKFB3	0.264	0.08367	0.09846
RP11-414H17.5	0.00038	0.00015	0.00014
RP11-563J2.2	0.00704	0.00325	0.00587
RP11-563J2.3	0.00485	0.0027	0.00312
PRKCQ	0.04528	0.0046	0.00608
RP11-554I8.2	0.00017	0.01337	0.00543
LINC00707	0	0.00234	0.00039
SFMBT2	0.14422	0.01037	0.03227
ITIH5	0.00026	0.00643	0.04391
ITIH2	0.03609	0.76016	0.40706
KIN	0.11974	0.19323	0.1113
ATP5C1	0.64664	1.1474	0.4934
TAF3	0.13883	0.1334	0.1213
GATA3-AS1	0.00443	0.00359	0.00325
GATA3	0.14091	0.0185	0.01627
RP5-1051H14.2	7e-05	0.00487	0.00529
SFTA1P	5e-05	0.00039	0.02011
CELF2	0.5645	0.02592	0.0772
USP6NL	0.06089	0.12968	0.07446
ECHDC3	0.01333	0.12848	0.03143
PROSER2	0.005	0.09125	0.0344
PROSER2-AS1	4e-05	0.00081	0.00076
UPF2	0.30163	0.34146	0.34863
DHTKD1	0.05131	0.11791	0.06077
SEC61A2	0.01637	0.02018	0.01831
NUDT5	0.20749	0.48525	0.18773
CDC123	0.18643	0.35095	0.13607
RP11-186N15.3	0.00296	0.00194	0.00177
CAMK1D	0.09887	0.01505	0.03509
CCDC3	0.00079	0.00994	0.07864
OPTN	0.21083	0.27588	0.20303
MCM10	0.01706	0.024	0.01072
PHYH	0.15589	0.49556	0.17289
SEPHS1	0.06275	0.21471	0.09656
RP11-445K13.2	0	0.00083	0.00032
BEND7	0.00193	0.09689	0.05839
PRPF18	0.12847	0.12374	0.08028
RP11-295P9.13	0.00441	0.01045	0.01333
FRMD4A	0.17825	0.09218	0.14387
RP11-295P9.12	0.00064	0.00482	0.00494
FAM107B	0.73069	0.3664	0.27441
CDNF	0.00221	0.02751	0.01091
HSPA14	0.10226	0.14319	0.06712
RP11-398C13.6	0.00475	0.01434	0.01509
SUV39H2	0.01858	0.04654	0.0145
DCLRE1C	0.0722	0.06854	0.06144
MEIG1	0.0026	0.00334	7e-04
ACBD7	0.00015	0.00044	0.00013
C10orf111	0.00236	0.00147	0.00279
RPP38	0.07449	0.15781	0.06832
NMT2	0.06155	0.03927	0.05019
FAM171A1	0.00206	0.03401	0.05549
ITGA8	0.00053	0	0.01864
FAM188A	0.04363	0.0576	0.05287
PTER	0.08113	0.1197	0.06713
RSU1	0.24323	0.22749	0.18517
CUBN	0.00316	0.00157	0.00992
RP11-406H21.2	2e-04	0.00048	0.00045
TRDMT1	0.03428	0.02102	0.02039
VIM-AS1	0.07576	0.00901	0.0153
VIM	2.73729	0.29354	1.15155
RP11-124N14.3	0.00135	0	0
ST8SIA6	0.00221	0.00035	0.00064
ST8SIA6-AS1	0.00086	0.00021	0.00059
HACD1	0.03679	0.08556	0.03403
STAM-AS1	0.00765	0.01106	0.02023
STAM	0.1394	0.08797	0.05139
TMEM236	0.01462	0.00429	0.00668
MRC1	0.58499	0.02538	0.06862
SLC39A12	0.00069	0.00015	0.00016
CACNB2	0.00191	0.00268	0.01359
RP11-499P20.2	0.00859	0.01574	0.03073
NSUN6	0.10832	0.17661	0.19697
ARL5B	0.25694	0.25721	0.17166
RP11-354E11.2	0.00679	0.00039	0
PLXDC2	0.22196	0.00974	0.07429
NEBL	0.00283	0.09328	0.05534
C10orf113	0	0.00132	0.00028
NEBL-AS1	0.00015	0.00329	0.00199
CASC10	0.00225	0.08496	0.03902
SKIDA1	0.00112	0.01689	0.00616
MLLT10	0.12011	0.20038	0.14248
DNAJC1	0.23798	0.25589	0.15073
COMMD3	0.20075	0.40017	0.16495
BMI1	0.07872	0.13695	0.07715
RP11-573G6.9	0.00036	6e-04	0.00057
RP11-573G6.10	0.00137	0.00058	0.00105
PIP4K2A	0.38129	0.09753	0.09977
MSRB2	0.20738	0.7453	0.24192
OTUD1	0.50555	0.10426	0.11212
KIAA1217	0.00549	0.15828	0.13511
ARHGAP21	0.14685	0.20488	0.17021
PRTFDC1	0.02118	0.11207	0.05164
RP11-165A20.3	0.00187	0.00283	0.00226
ENKUR	0.00023	0.00457	0.002
THNSL1	0.0056	0.04539	0.01401
GPR158	5e-05	0.00932	0.00227
MYO3A	0.00027	0.004	0.00399
APBB1IP	0.39859	0.05598	0.03979
LINC00264	0.00167	0.00016	0
PDSS1	0.02395	0.07494	0.02461
RP13-16H11.5	0.00079	0.00022	0.00173
ABI1	0.35582	0.23497	0.17775
LINC00202-1	0.00051	0.00206	0.00348
ANKRD26	0.05015	0.1125	0.0916
YME1L1	0.46178	0.37661	0.31232
MASTL	0.04681	0.03667	0.02604
ACBD5	0.1376	0.20728	0.09495
RAB18	0.30257	0.3863	0.2271
ARMC4	4e-05	0.00103	0.00028
MPP7	0.02788	0.029	0.01553
RP11-351M16.4	0.00203	0.00113	0.00226
WAC-AS1	0.08277	0.12285	0.08416
WAC	0.50099	0.4583	0.3773
BAMBI	0.01302	0.17294	0.05284
C10orf126	0	0.00042	0.00053
SVIL-AS1	0.05209	0.03215	0.03884
SVIL	0.03777	0.07341	0.1229
KIAA1462	0.00083	0.02473	0.03756
MTPAP	0.06081	0.10049	0.06613
MAP3K8	0.29461	0.07031	0.10825
RP11-253D19.1	6e-05	0.00041	0.00019
LYZL2	0	0.00059	0.00027
ZNF438	0.03922	0.03754	0.02907
ZEB1-AS1	0.00753	0.02744	0.02917
ZEB1	0.07924	0.05027	0.15583
RP11-472N13.3	0.0352	0.00125	0.00268
ARHGAP12	0.07882	0.23603	0.15236
KIF5B	0.50506	0.52329	0.35249
EPC1	0.38135	0.24395	0.26398
RP11-135A24.4	0.00065	0.00022	0.00017
CCDC7	0.02107	0.02529	0.02874
RP11-479G22.8	0.00797	0.02216	0.01415
ITGB1	0.69112	1.24377	1.04298
RP11-462L8.1	7e-04	0.01081	0.00687
NRP1	0.50795	0.20314	0.36097
RP11-342D11.2	0.00012	0.00029	0.00129
RP11-490O24.2	0	0.00064	0.00018
PARD3	0.00524	0.19602	0.10373
PARD3-AS1	2e-04	0.00603	0.00394
CUL2	0.12404	0.13441	0.06815
RP11-297A16.2	0.0015	0.00037	0.00046
CREM	1.07959	0.19195	0.26223
CCNY	0.17934	0.18949	0.12969
RP11-324I22.4	0.00409	0.01119	0.00695
FZD8	0.00419	0.03086	0.02599
RP11-258F22.1	0.00027	0.00034	0.0011
ZNF248	0.02877	0.07767	0.07823
RP11-162G10.5	0.00885	0.00448	0.01206
ZNF25	0.03918	0.01504	0.0241
ZNF33A	0.12317	0.1781	0.13338
ZNF37A	0.09154	0.19214	0.16534
RP11-508N22.12	0.00062	0.0057	0.00613
RP11-508N22.13	0.00015	0.0012	0.00053
LINC00839	0	0.00018	0.00413
ZNF33B	0.03447	0.11498	0.07764
AL022344.7	0	0.00147	0.00083
BMS1	0.09859	0.11816	0.08023
RET	0.00221	0.00029	0
RP11-351D16.3	0.00704	0.00543	0.00571
CSGALNACT2	0.29676	0.0711	0.096
RASGEF1A	0.01426	0.04805	0.01421
FXYD4	0	0.0012	0.00065
HNRNPF	0.75924	0.75935	0.38661
RP11-517P14.2	0.00924	0.00699	0.00586
ZNF487	0.0146	0.01707	0.01387
ZNF239	0.00362	0.03673	0.01629
ZNF485	0.0079	0.02504	0.0086
ZNF32	0.07748	0.12412	0.06989
CXCL12	0.08005	0.01897	0.0412
RASSF4	0.2946	0.04881	0.07353
C10orf10	0.03219	0.17909	0.22903
C10orf25	0.00817	0.02285	0.00745
ZNF22	0.15371	0.19969	0.13554
ALOX5	0.09401	0.07774	0.06135
MARCH8	0.04903	0.04321	0.03536
ZFAND4	0.01679	0.02123	0.0136
FAM21C	0.11682	0.08631	0.06837
AGAP4	0.01315	0.02242	0.04037
TIMM23	0.06659	0.10756	0.0441
NCOA4	0.39893	0.48842	0.20272
MSMB	0.00249	0.08499	0.01885
ANXA8L1	0.00024	0.01365	0.00887
GPRIN2	0	0.00516	0.00255
SYT15	0.00078	0.0016	0.00478
RP11-38L15.3	0.00136	0.00281	0.00104
RP11-38L15.2	0.00046	0.00019	0.00012
PTPN20	0.00194	0.003	0.00282
GDF10	0.00033	0.00962	0.00225
ZNF488	0.00019	0.00681	0.00182
ANXA8	0	0.00693	0.0021
FAM25G	0	0.00124	0
AGAP9	0.01115	0.02576	0.03457
LINC00864	0.00036	0.00088	0.00099
CH17-360D5.2	0.00039	0.05019	0.01891
CH17-360D5.3	0	0.00503	0.00143
MAPK8	0.07299	0.08294	0.07394
ARHGAP22	0.06629	0.00679	0.01318
WDFY4	0.04033	0.00169	0.00631
VSTM4	0.00182	0.00097	0.03545
C10orf128	0.08098	0.00268	0.05003
ERCC6	0.02487	0.03306	0.02961
PGBD3	8e-04	0.00083	0
OGDHL	0.00063	0.01664	0.01007
PARG	0.05175	0.06774	0.04739
TIMM23B	0.03568	0.02869	0.04761
LINC00843	0.00113	0.00053	0.00105
AGAP6	0.01798	0.01579	0.02805
FAM21A	0.1037	0.10356	0.06681
ASAH2	0.00102	0.0045	0.00242
SGMS1	0.12198	0.13699	0.08048
SGMS1-AS1	0.00704	0.00855	0.00601
ASAH2B	0.00354	0.01761	0.00806
A1CF	0.01012	0.33632	0.09208
PRKG1	0.00061	0.00816	0.06054
CSTF2T	0.05787	0.05711	0.0372
DKK1	0.00157	0.06469	0.02617
LINC01468	3e-05	0.00032	0.00084
RP11-556E13.1	0.00967	0.02134	0.00356
MBL2	0.00297	0.08125	0.01414
ZWINT	0.06837	0.09406	0.03485
IPMK	0.0934	0.04091	0.03833
CISD1	0.14855	0.51995	0.21346
UBE2D1	0.3058	0.22696	0.12789
TFAM	0.16281	0.32599	0.12457
BICC1	0.00503	0.14044	0.06466
PHYHIPL	0.00023	0.00978	0.00882
FAM13C	0.00053	0.00098	0.09461
SLC16A9	0.00656	0.0015	0.0037
CCDC6	0.13361	0.23139	0.14879
ANK3	0.04435	0.12891	0.101
RP11-131N11.4	0.00047	0.00014	3e-04
CDK1	0.13034	0.13633	0.04084
RHOBTB1	0.04257	0.05397	0.04231
TMEM26	0.04656	0.00184	0.00937
TMEM26-AS1	0.00062	4e-05	0.00025
ARID5B	0.40701	0.1767	0.25524
RTKN2	0.05082	0.04351	0.02468
ZNF365	0.00194	0.00391	0.00213
ADO	0.05998	0.05851	0.0331
EGR2	0.17357	0.017	0.08146
NRBF2	0.20365	0.16395	0.0784
JMJD1C	0.52606	0.33837	0.46632
JMJD1C-AS1	0.00146	0.00486	0.00358
REEP3	0.18621	0.35444	0.20209
RP11-179K3.2	7e-05	0.00067	0.00016
LINC01515	0.00146	0.00778	0.0102
CTNNA3	9e-05	0.00599	0.00334
DNAJC12	0.00555	0.23098	0.09339
RP11-57G10.8	0.00132	0.00326	0.00468
SIRT1	0.11456	0.08453	0.07225
HERC4	0.21256	0.22428	0.23443
MYPN	0	0.00046	0.00063
ATOH7	0.00022	0.00454	0.00197
PBLD	0.01229	0.15616	0.07618
HNRNPH3	0.40531	0.45774	0.33164
RUFY2	0.06007	0.07208	0.08792
DNA2	0.01205	0.01852	0.01132
SLC25A16	0.04702	0.08706	0.09503
TET1	0.00618	0.02557	0.03651
CCAR1	0.23811	0.37866	0.22712
STOX1	0.00165	0.01059	0.00755
DDX50	0.13306	0.13708	0.10039
DDX21	0.56802	0.54445	0.36451
KIF1BP	0.07958	0.08832	0.06752
SRGN	2.92781	0.25982	0.61734
VPS26A	0.29933	0.23744	0.13964
SUPV3L1	0.05816	0.08557	0.05213
RP11-227H15.4	0.00063	0.00032	0.00094
HKDC1	0.00569	0.1606	0.06846
HK1	0.17679	0.06869	0.08432
TACR2	0.00103	0.00364	0.00055
TSPAN15	0.03509	0.14586	0.09565
RP11-343J3.2	0.00162	0.00021	0.00083
C10orf35	0.01376	0.06464	0.01924
RP11-242G20.1	0	0.00026	9e-04
COL13A1	0.0018	0.00366	0.01509
H2AFY2	0.03484	0.12056	0.03887
AIFM2	0.02328	0.12792	0.03742
TYSND1	0.03853	0.08935	0.04018
SAR1A	0.31828	0.48509	0.26989
PPA1	0.40675	1.14721	0.48258
NPFFR1	0.00113	0.00192	0.00017
LRRC20	0.00331	0.01854	0.00911
EIF4EBP2	0.19309	0.25616	0.1554
PALD1	0.00487	0.00057	0.01961
PRF1	0.12025	0.00309	0.01271
ADAMTS14	0.0021	0.00293	0.01535
SGPL1	0.18208	0.12478	0.07987
PCBD1	0.27594	0.91743	0.25476
UNC5B	0.00755	0.00974	0.04167
UNC5B-AS1	0.00238	0.02043	0.01095
SLC29A3	0.06297	0.03348	0.02184
CDH23	0.02558	0.01075	0.0073
C10orf54	0.35891	0.11864	0.09472
PSAP	1.6992	1.06921	1.00809
CHST3	0.00068	0.00947	0.01767
SPOCK2	0.41194	0.02105	0.05156
ASCC1	0.07287	0.11042	0.05478
ANAPC16	0.65078	0.74893	0.37821
DDIT4	0.6332	0.58177	0.44555
RP11-442H21.2	0.00216	0.00114	0.00401
DNAJB12	0.12388	0.14657	0.09411
MICU1	0.16736	0.1805	0.13069
MCU	0.0401	0.13688	0.08199
OIT3	1e-04	0.00075	0.00127
PLA2G12B	0.00351	0.18844	0.0481
P4HA1	0.42064	0.20658	0.18595
RP11-344N10.5	0.00509	0.00463	0.00443
NUDT13	0.0039	0.00901	0.00829
RP11-152N13.16	0.00331	0.00811	0.00828
ECD	0.07502	0.08498	0.05266
FAM149B1	0.03292	0.04413	0.03383
DNAJC9	0.12999	0.1	0.04896
DNAJC9-AS1	0.00088	0.00081	0.0013
MRPS16	0.22938	0.51051	0.1912
RP11-152N13.5	0.00586	0.01869	0.01805
CFAP70	0.0032	0.03282	0.04201
ANXA7	0.29062	0.33414	0.18656
MSS51	0.00522	0.00311	0.00584
PPP3CB	0.12811	0.0675	0.0812
USP54	0.00801	0.07149	0.05849
RP11-464F9.20	0.00653	0.01052	0.01606
RP11-464F9.22	0.00036	0.00086	0.00135
MYOZ1	0.00105	5e-04	0.00246
SYNPO2L	0.00035	4e-04	0
AGAP5	0.0104	0.01169	0.01633
RP11-574K11.29	0.00172	0.00193	0.00234
SEC24C	0.0623	0.08204	0.06509
FUT11	0.07737	0.04033	0.04705
CHCHD1	0.30714	0.53908	0.23109
ZSWIM8	0.08566	0.07092	0.09351
NDST2	0.02405	0.00817	0.00594
CAMK2G	0.0586	0.07541	0.07423
PLAU	0.18364	0.02336	0.07369
C10orf55	0.00386	0.00038	0.00144
VCL	0.06499	0.22075	0.24253
AP3M1	0.0878	0.11352	0.06163
ADK	0.12748	0.21021	0.07571
KAT6B	0.15201	0.1521	0.16303
DUSP13	0.00278	0.08172	0.02546
SAMD8	0.11479	0.0819	0.08552
VDAC2	0.52982	0.96746	0.43219
COMTD1	0.11734	0.44371	0.17525
ZNF503-AS1	0.00014	0.00823	0.00459
ZNF503	0.06616	0.04463	0.09204
ZNF503-AS2	0.0032	0.01336	0.00945
RP11-399K21.13	0.0015	0.02352	0.02266
RP11-399K21.14	0.00017	0.00091	0.00044
C10orf11	0.09763	0.11569	0.0503
KCNMA1	0.11408	0.00799	0.01937
RP13-39P12.3	0.00102	0.00548	0.00464
DLG5	0.01288	0.1087	0.06365
RP11-126H7.4	1e-04	0.00071	0.00085
POLR3A	0.03457	0.06378	0.03932
RPS24	3.27732	3.3111	2.46117
LINC00856	0.00218	6e-05	0
ZMIZ1-AS1	0.01409	0.01516	0.01433
ZMIZ1	0.20994	0.08136	0.11391
PPIF	0.2702	0.14757	0.08452
ZCCHC24	0.02622	0.04447	0.04927
EIF5AL1	0.08185	0.12591	0.06807
SFTPA2	1e-04	0.00692	0.0016
RP11-506M13.3	0.00213	0.00229	0.00323
NUTM2B-AS1	0.14652	0.16735	0.16213
RP11-182L21.6	0.02855	0.0278	0.03829
SFTPD	0.00054	0.00569	0.00217
SFTPD-AS1	0.00051	0.00012	8e-04
TMEM254-AS1	0.00234	0.00455	0.00428
TMEM254	0.04591	0.10931	0.04381
PLAC9	0.00205	0.00174	0.23959
ANXA11	0.53799	0.55833	0.40057
LINC00857	0.00063	0.01818	0.0068
MAT1A	0.0071	0.15708	0.06699
DYDC2	8e-05	0.00293	0.00068
FAM213A	0.12413	0.5052	0.27587
TSPAN14	0.21971	0.13542	0.12786
RP11-137H2.4	0.00319	0.00676	0.00247
NRG3	0.00055	0.03777	0.0259
RP11-338I21.1	0.00604	0.00551	0.00628
GHITM	0.51458	0.71404	0.31276
CDHR1	0.00147	0.00018	0
LINC00858	0	0.00228	0.00093
CCSER2	0.26444	0.11679	0.12364
GRID1	0.00013	0.00014	0.0041
WAPL	0.25293	0.19496	0.1281
RP11-77P6.2	0.00259	0.00775	0.00957
LDB3	0.00024	0.00051	0.01165
RP11-359E3.4	0.00069	0.00369	0.005
BMPR1A	0.01299	0.06132	0.05398
MMRN2	0.00033	0.00365	0.06809
SNCG	0.0197	0.40137	0.18248
ADIRF	0.01318	0.14124	0.30983
RP11-96C23.15	0.00119	0.00011	0.00033
GLUD1	0.30379	0.36708	0.1988
FAM35A	0.09917	0.15776	0.09305
NUTM2A-AS1	0.07058	0.10357	0.07569
NUTM2A	0.00044	0.00163	0.00089
LINC00863	0.00809	0.01202	0.01651
NUTM2D	4e-05	0.00045	0.00025
MINPP1	0.05264	0.16101	0.07228
RP11-57C13.6	0.00011	0.00049	0
PAPSS2	0.11633	0.2244	0.11039
ATAD1	0.13907	0.18628	0.13583
KLLN	0.00406	0.00355	0.00355
PTEN	0.38531	0.28788	0.27475
RNLS	0.01712	0.05849	0.0177
LIPN	0.00182	3e-05	0.00019
ANKRD22	0.02239	0.11468	0.0531
STAMBPL1	0.05401	0.05495	0.03411
ACTA2-AS1	0.00034	0.00073	0
ACTA2	0.02723	0.01202	0.31448
FAS	0.12696	0.05339	0.05658
CH25H	0.01336	0.00084	0.0225
LIPA	1.20923	0.34429	0.28861
IFIT2	0.0589	0.02973	0.08836
IFIT3	0.0804	0.05535	0.08129
IFIT1	0.05479	0.0522	0.0567
IFIT5	0.0504	0.0494	0.04477
SLC16A12	9e-05	2e-04	0.01145
PANK1	0.00761	0.05479	0.01666
RP11-80H5.2	6e-05	0.00293	0.0012
RP11-80H5.7	0.00041	5e-04	0.00019
KIF20B	0.16751	0.09255	0.04301
LINC00865	0.00436	0.01598	0.0114
LINC01374	0.0031	0.00012	0.00084
HTR7	0.00982	0.00053	0.00079
RPP30	0.13997	0.16983	0.09113
ANKRD1	0.00024	0.00495	0.00139
PCGF5	0.20129	0.14218	0.0925
HECTD2	0.04897	0.04992	0.0555
PPP1R3C	0.00697	0.06455	0.03708
TNKS2-AS1	0.0014	0.00126	0.00106
TNKS2	0.21307	0.16982	0.14527
FGFBP3	0.0086	0.01373	0.01328
RP11-402D21.2	0.00186	0.00337	0.00265
BTAF1	0.08972	0.07856	0.10371
CPEB3	0.03208	0.03252	0.0235
MARCH5	0.15251	0.19177	0.11658
IDE	0.05664	0.09399	0.05064
KIF11	0.06233	0.03296	0.01228
HHEX	0.11624	0.3021	0.13764
EXOC6	0.09227	0.14367	0.09309
CYP26A1	2e-04	0.00281	0.00116
MYOF	0.09127	0.15413	0.15599
CEP55	0.07121	0.03327	0.0109
FFAR4	0.00632	0.0028	0.0012
RBP4	0.13537	1.76135	0.73833
FRA10AC1	0.0876	0.18394	0.1148
SLC35G1	0.00722	0.03606	0.02072
PLCE1	0.0122	0.05614	0.11099
RP11-76P2.4	0.00036	0.00049	0.00142
NOC3L	0.10994	0.17905	0.09263
TBC1D12	0.04572	0.03494	0.039
HELLS	0.08139	0.09829	0.06286
CYP2C18	0.00213	0.12382	0.07554
CYP2C19	0.00018	0.00501	0.00723
CYP2C9	0.00169	0.04693	0.04171
CYP2C8	0.00035	0.00896	0.00933
PDLIM1	0.02983	0.44046	0.34964
SORBS1	0.00409	0.09541	0.06833
ALDH18A1	0.03059	0.14289	0.06701
TCTN3	0.08943	0.12535	0.08772
ENTPD1	0.26834	0.01477	0.12674
ENTPD1-AS1	0.02003	0.02325	0.02164
C10orf131	0.00058	0.00065	0.00068
RP11-690P14.4	5e-04	8e-05	0.00041
CCNJ	0.01448	0.00713	0.00701
ZNF518A	0.13961	0.24431	0.23449
BLNK	0.07717	0.0414	0.0301
TLL2	0.00038	0.00383	0.00154
TM9SF3	0.37362	0.81578	0.50451
PIK3AP1	0.39038	0.0838	0.05035
LCOR	0.14303	0.20136	0.16718
C10orf12	0.02904	0.02555	0.03144
RP11-175O19.4	0.01544	0.02057	0.01731
SLIT1	0.00118	0.00062	0.00494
ARHGAP19	0.02517	0.01904	0.02022
FRAT1	0.03126	0.04576	0.02182
FRAT2	0.08509	0.12852	0.05724
RP11-452K12.4	0.00026	0.00141	0
RRP12	0.04836	0.06022	0.04628
RP11-452K12.7	0.00122	0.00021	0.00021
PGAM1	0.63859	0.67915	0.33424
EXOSC1	0.14409	0.18366	0.11039
ZDHHC16	0.03988	0.10183	0.04586
MMS19	0.04153	0.06228	0.03883
UBTD1	0.02462	0.01777	0.02128
ANKRD2	4e-05	0.00103	0
HOGA1	0.00096	0.03542	0.01951
C10orf62	5e-05	9e-04	0.00036
MORN4	0.00338	0.01197	0.00877
PI4K2A	0.11672	0.02985	0.02977
AVPI1	0.0935	0.08315	0.04573
MARVELD1	0.05561	0.09367	0.07626
ZFYVE27	0.0415	0.06495	0.0661
SFRP5	4e-05	0.00229	0.00378
GOLGA7B	0.01464	0.00817	0.00788
CRTAC1	0	0.00036	0.01325
R3HCC1L	0.06086	0.05242	0.05
LOXL4	0.0015	0.03001	0.01299
PYROXD2	0.00947	0.04747	0.03646
HPS1	0.18922	0.14433	0.10027
HPSE2	0.00021	0.01219	0.00257
CNNM1	0.00059	0.00764	0.00228
GOT1	0.05859	0.49833	0.1304
RP11-441O15.3	0.00228	0.0104	0.01113
NKX2-3	0	0	0.00485
SLC25A28	0.07454	0.07152	0.06522
RP11-85A1.3	0.0057	0.0017	0.00344
RP11-483F11.7	0.00056	0.00274	0.0012
ENTPD7	0.00718	0.01628	0.01207
CUTC	0.06834	0.09351	0.04959
COX15	0.07514	0.11971	0.05584
ABCC2	0.00525	0.17397	0.08021
DNMBP	0.02093	0.08452	0.05411
DNMBP-AS1	0.00152	0.00036	0.00091
CPN1	0.00128	0.05358	0.02027
ERLIN1	0.0421	0.12887	0.06142
CHUK	0.05765	0.04731	0.03569
CWF19L1	0.03773	0.03631	0.02471
BLOC1S2	0.35596	0.25711	0.10873
PKD2L1	0.01419	0.0097	0.00286
SCD	0.45789	0.90008	0.35987
OLMALINC	0.00456	0.02614	0.02658
RP11-285F16.1	0.00017	0.00088	4e-04
SEC31B	0.0164	0.01096	0.01208
NDUFB8	0.632	0.78053	0.38848
HIF1AN	0.05282	0.07464	0.0514
PAX2	0	0.00056	0.00027
RP11-179B2.2	0.00317	0.00701	0.00617
SLF2	0.12385	0.12552	0.12178
RP11-108L7.14	0.00028	0.00025	0.00062
MRPL43	0.22219	0.4502	0.20675
SEMA4G	0.0081	0.16916	0.08161
C10orf2	0.00477	0.02117	0.01047
LZTS2	0.05547	0.06671	0.08917
PDZD7	0.00573	0.00355	0.00257
SFXN3	0.15239	0.09541	0.09264
RP11-108L7.15	0.00085	0.00531	0.00428
KAZALD1	0.00145	0.03489	0.01548
TLX1	0.00047	0.01112	0.01002
BTRC	0.02643	0.03707	0.03155
DPCD	0.03763	0.12906	0.04686
POLL	0.04468	0.07898	0.06488
FBXW4	0.06289	0.09799	0.09388
RP11-190J1.3	0	0.00112	0.00208
NPM3	0.05879	0.28421	0.09175
MGEA5	0.38124	0.28403	0.30879
KCNIP2-AS1	0.00021	0.00044	0
KCNIP2	0.00169	0.0033	0.00211
C10orf76	0.07658	0.04925	0.03805
HPS6	0.02301	0.02767	0.01337
LDB1	0.04392	0.02735	0.0345
PPRC1	0.0383	0.06396	0.03943
NOLC1	0.12231	0.18003	0.10637
ELOVL3	0.00116	0.00244	0.00093
GBF1	0.06601	0.08966	0.06162
NFKB2	0.28031	0.10893	0.13076
PSD	0.00981	0.00159	0.00744
FBXL15	0.16242	0.20334	0.11291
CUEDC2	0.16734	0.21148	0.13206
C10orf95	0.00587	0.00855	0.00902
MFSD13A	0.03264	0.02886	0.02665
ACTR1A	0.13519	0.10462	0.08584
RP11-18I14.11	0.00075	0.00032	0.00042
SUFU	0.0287	0.02594	0.02082
RP11-47A8.5	0.01909	0.01179	0.03611
TRIM8	0.08804	0.13034	0.09371
ARL3	0.10991	0.15338	0.11461
SFXN2	0.00888	0.02033	0.01383
WBP1L	0.05536	0.06019	0.05055
CYP17A1	5e-05	0.00088	0.00094
CYP17A1-AS1	0.00067	0.00295	0.00096
BORCS7	0.17468	0.33012	0.19399
AS3MT	0	0.00058	0
CNNM2	0.01376	0.02982	0.02262
NT5C2	0.10173	0.13918	0.10148
RPEL1	0.00121	0.00135	0.00128
PCGF6	0.03433	0.05046	0.02941
TAF5	0.02425	0.02047	0.01417
USMG5	1.14141	1.68753	0.90512
PDCD11	0.04639	0.10043	0.06012
CALHM2	0.08556	0.01317	0.04908
RP11-225H22.7	4e-05	0.00118	0.00064
RP11-225H22.4	0.00077	3e-05	0.00019
CALHM3	0.00015	0.0049	0.00043
NEURL1	0.00792	0.0081	0.0069
SH3PXD2A	0.05555	0.1287	0.1787
RP11-416N2.4	0.00122	0.00072	0.0019
SH3PXD2A-AS1	0.00047	0.003	0.00015
OBFC1	0.05991	0.10189	0.04208
SLK	0.19819	0.26595	0.22325
COL17A1	0.00221	0.15963	0.10268
SFR1	0.07392	0.06832	0.0379
CFAP43	0	0.00286	0.00098
GSTO1	0.74895	0.78203	0.34273
GSTO2	0.00845	0.1421	0.04346
ITPRIP	0.08266	0.00487	0.06889
RP11-127L20.3	0.00025	0.00018	0.00101
CFAP58-AS1	0.00232	3e-04	0
CFAP58	0.00062	0.00047	0.00061
SORCS1	0.00038	0.00046	0.00217
RP11-163F15.1	0.00025	0.00236	0.00175
XPNPEP1	0.07636	0.09498	0.07317
ADD3	0.18346	0.37973	0.30827
MXI1	0.24284	0.13033	0.14402
SMNDC1	0.21469	0.14903	0.12378
RP11-525A16.4	0.01382	0.30939	0.06923
DUSP5	0.18871	0.19365	0.14322
SMC3	0.31869	0.33931	0.15752
RBM20	0.00105	0.00022	0.00405
PDCD4-AS1	0.01222	0.00351	0.00318
PDCD4	0.56996	0.33796	0.24407
BBIP1	0.11969	0.12651	0.09016
RP11-348N5.9	0.00323	0.00086	0.00135
RP11-348N5.7	0.00862	0.0014	0.00315
SHOC2	0.26224	0.16276	0.17262
ADRA2A	0.00077	0.01458	0.01984
GPAM	0.01724	0.15813	0.10153
TECTB	0	0.00142	0.00021
ACSL5	0.06692	0.14418	0.06809
RP11-324O2.3	0.00273	0.00125	0.0041
ZDHHC6	0.12852	0.15152	0.07107
VTI1A	0.09309	0.05883	0.0552
TCF7L2	0.11789	0.36364	0.32496
RP11-57H14.2	0.00498	0.00535	0.00545
HABP2	0.00914	0.26741	0.11574
CASP7	0.07464	0.08597	0.05522
PLEKHS1	0.00177	0.15059	0.09759
DCLRE1A	0.01957	0.02324	0.01167
NHLRC2	0.06751	0.1336	0.10405
ADRB1	0.01181	0.00278	0.00391
CCDC186	0.16924	0.18684	0.14958
TDRD1	0.00089	5e-05	0.00039
VWA2	0	0.01577	0.00813
CTB-1144G6.6	0.00012	0.00176	0.00127
AFAP1L2	0.00409	0.05364	0.05524
ABLIM1	0.06603	0.31051	0.20241
RP11-106M7.1	0.00317	7e-04	0.00052
FAM160B1	0.09171	0.06237	0.06734
TRUB1	0.03295	0.07863	0.04393
ATRNL1	0.00077	0.00049	0.00051
GFRA1	0	0.00074	0.00348
HSPA12A	0.00098	0.01079	0.02506
RP11-539I5.1	0.00435	0.01793	0.00914
ENO4	0.00061	0.00374	0.00272
SHTN1	0.28349	0.33092	0.20442
SLC18A2	0.01244	0.00149	0.00068
RP11-129M16.4	0.00188	0.00564	0.00311
PDZD8	0.07874	0.20802	0.12441
RAB11FIP2	0.06643	0.09228	0.07434
CASC2	0.00061	0.01233	0.00553
FAM204A	0.25332	0.24226	0.18224
CACUL1	0.22318	0.17432	0.12841
NANOS1	0.00727	0.01541	0.01939
EIF3A	0.6288	0.77013	0.43443
FAM45A	0.16395	0.25049	0.1042
SFXN4	0.05601	0.21249	0.06739
PRDX3	0.43965	0.84791	0.32584
GRK5	0.03462	0.04812	0.09356
RGS10	0.73101	0.19795	0.11782
TIAL1	0.27172	0.30804	0.24265
BAG3	0.60387	0.19067	0.25597
INPP5F	0.06522	0.08415	0.06097
MCMBP	0.15905	0.1069	0.08707
SEC23IP	0.11103	0.17854	0.10726
PLPP4	0.00133	0.00021	0.00134
WDR11-AS1	0.00222	0.00119	0.00097
WDR11	0.16063	0.1438	0.13973
RP11-95I16.4	0.00126	0.00056	0.00188
RP11-95I16.6	9e-05	0.00119	0
FGFR2	0.00411	0.14136	0.07141
ATE1	0.07328	0.11775	0.08014
ATE1-AS1	0.00228	0.0046	0.004
NSMCE4A	0.08838	0.11445	0.07856
RP11-500G22.5	0.00072	0.00099	0.00125
TACC2	0.00506	0.17858	0.13747
BTBD16	0.00176	0.06933	0.01601
PLEKHA1	0.13775	0.35856	0.29129
HTRA1	0.00759	0.05982	0.13793
DMBT1	0.00013	0.00429	0.01025
CUZD1	0.00147	0.00202	0.00163
FAM24B	0.01545	0.02685	0.01829
C10orf88	0.02568	0.03907	0.02291
PSTK	0.01748	0.06023	0.01626
IKZF5	0.06371	0.05426	0.04167
ACADSB	0.0352	0.13944	0.05377
HMX2	0.00028	0.00437	0.00171
BUB3	0.39168	0.39841	0.21512
RP11-282I1.1	0.00083	0.01245	0.00429
CPXM2	0	0	0.02395
CHST15	0.17217	0.01869	0.03554
OAT	0.17109	0.28604	0.1741
LHPP	0.04263	0.08625	0.03881
RP11-12J10.3	8e-04	0.00033	0.00034
FAM53B	0.05726	0.01648	0.02219
METTL10	0.07925	0.14161	0.078
FAM175B	0.07684	0.08976	0.04688
ZRANB1	0.088	0.09709	0.06977
RP11-298J20.3	0.01283	0.00561	0.01295
CTBP2	0.10605	0.10882	0.19196
RP11-59C5.3	0.00122	0.00051	0.00367
FLJ37035	0.00588	0.01623	0.00691
EDRF1	0.05588	0.05371	0.05495
EDRF1-AS1	0.00117	0.00015	0.00119
UROS	0.15778	0.32644	0.12568
BCCIP	0.12044	0.2461	0.10383
DHX32	0.04365	0.10053	0.06806
FANK1	0.02116	0.00975	0.01371
ADAM12	0.02026	0.02236	0.0285
C10orf90	0.00016	0.00178	0.00074
DOCK1	0.02956	0.06779	0.07695
CLRN3	0.00303	0.15162	0.03698
PTPRE	0.51007	0.06214	0.13818
MKI67	0.12882	0.09013	0.03661
MGMT	0.26801	0.54322	0.27945
RP11-109A6.3	3e-04	0.00207	0.0026
EBF3	0	0.00023	0.01094
RP11-234G16.4	0	0.00084	2e-04
RP11-234G16.5	0	0.00174	0.00213
LINC00959	0.00099	0.0014	0.00172
RP11-500G10.5	0.00055	0.00108	0.00099
GLRX3	0.21733	0.35584	0.14316
PPP2R2D	0.11806	0.09352	0.09738
BNIP3	0.35732	0.63353	0.24415
RP11-45A17.2	0.00206	0.00207	0.0036
RP11-45A17.4	0.00184	0.00146	0.00141
DPYSL4	0.00307	0.00033	0.00203
STK32C	0.05577	0.06449	0.03035
LRRC27	0.01379	0.01885	0.01566
PWWP2B	0.04745	0.06968	0.03815
RP11-432J24.2	0.00078	0.00151	0.00125
RP11-432J24.3	0.00025	0.00745	0.00195
C10orf91	0.00196	0.01729	0.00566
RP11-432J24.5	0.00218	0.06979	0.01486
INPP5A	0.02309	0.07983	0.05866
NKX6-2	9e-05	0.00109	0.00226
CFAP46	3e-04	0.0053	0.00676
KNDC1	0.00049	0.00342	0.00591
UTF1	0.01163	0.00044	0.00085
VENTX	0.01762	0.00124	0.00249
MIR202HG	0.00114	3e-05	0
RP13-49I15.6	0.00203	0.00039	0.00088
ADAM8	0.1875	0.04988	0.05973
TUBGCP2	0.27938	0.19542	0.16724
RP11-122K13.12	0.00085	0.00012	0.00065
ZNF511	0.13825	0.1897	0.07839
PRAP1	0.11392	1.25191	0.55592
CALY	0.00539	0.03025	0.00991
FUOM	0.33788	0.35609	0.121
ECHS1	0.32149	0.80361	0.27256
PAOX	0.03582	0.03176	0.01545
MTG1	0.0221	0.04502	0.03721
CYP2E1	0.00075	0.00301	0.00414
RP11-108K14.12	1e-04	0.00082	0
SYCE1	0.00115	1e-04	0.00059
IQSEC3	0.00173	0.00035	0.00281
RP11-598F7.3	0.00297	0.00014	0.00018
RP11-598F7.6	1e-04	7e-05	0.01538
SLC6A12	0.00537	0.00383	0.00286
SLC6A13	3e-04	0.00069	0.00156
KDM5A	0.28426	0.19288	0.19271
CCDC77	0.02541	0.02121	0.01586
B4GALNT3	0.00257	0.0399	0.03133
NINJ2	0.08145	0.04498	0.02007
RP11-218M22.1	0.01414	0.02028	0.0115
WNK1	0.53622	0.35357	0.27161
RAD52	0.01275	0.01453	0.02188
RP11-359B12.2	0.00282	0.00715	0.00687
ERC1	0.06331	0.04417	0.07122
LINC00942	0.00028	0.00107	0.00195
WNT5B	0.00556	0.0132	0.00846
FBXL14	0.00882	0.00403	0.00553
ADIPOR2	0.10572	0.13562	0.07416
CACNA2D4	0.07735	0.01325	0.01193
DCP1B	0.02918	0.03028	0.03328
CACNA1C	0.00107	0.0241	0.06408
CACNA1C-AS2	0.00124	0.00028	0.00144
CACNA1C-AS1	0.00097	0.00012	0
FKBP4	0.37242	0.35432	0.19587
RP4-816N1.6	0.00425	0.0062	0.0041
ITFG2	0.08546	0.0545	0.08987
NRIP2	0.00267	0.00066	0.02241
FOXM1	0.02918	0.03603	0.01228
RHNO1	0.07922	0.08613	0.03004
TULP3	0.03317	0.05226	0.06181
TEAD4	0.00128	0.02677	0.03666
RP11-253E3.3	9e-05	0.00185	0.0022
TSPAN9	0.00189	0.05497	0.07776
CRACR2A	0.02424	0.01082	0.01253
PARP11	0.06157	0.02089	0.0208
RP11-664D1.1	0.00187	0	0.00025
CCND2-AS1	0.00098	0	0.00361
CCND2	0.34923	0.01786	0.11935
TIGAR	0.13876	0.04173	0.0362
C12orf4	0.08982	0.03818	0.03751
RAD51AP1	0.09806	0.06287	0.03062
DYRK4	0.07203	0.10757	0.0574
AKAP3	0.00046	0.00139	0.00078
NDUFA9	0.1861	0.27571	0.12123
RP11-234B24.2	0	0.00068	0
GALNT8	0.00132	0.01806	0.00476
KCNA5	9e-05	0.00012	0.00998
RP11-1038A11.3	0	0.00079	0
RP11-319E16.2	9e-05	0.00603	0.0033
RP11-1038A11.1	3e-05	0.00277	0.00417
NTF3	0	0.00015	0.01344
ANO2	0.00012	7e-05	0.00362
VWF	0.00166	0.00156	0.11598
CD9	0.61825	0.60695	0.50732
PLEKHG6	0.00126	0.02172	0.01923
TNFRSF1A	0.30318	0.38015	0.29104
SCNN1A	0.00231	0.10649	0.08331
LTBR	0.1069	0.35429	0.28876
RP1-102E24.8	0.00187	0.01258	0.01078
CD27	0.19977	0.00809	0.01434
TAPBPL	0.0609	0.07166	0.04108
VAMP1	0.03308	0.00888	0.01312
RP1-102E24.10	0.00112	0.00216	0.00305
MRPL51	0.49914	0.86038	0.37569
NCAPD2	0.05751	0.03478	0.0301
GAPDH	2.68136	2.75078	1.89418
RP5-940J5.9	0.00617	0.00513	0.00346
IFFO1	0.06279	0.0118	0.03282
RP5-940J5.8	0.00078	5e-05	0.00022
NOP2	0.04206	0.04427	0.03343
CHD4	0.28782	0.29176	0.22443
RP5-940J5.6	0.0031	0.00163	0.00068
LPAR5	0.04465	0.03659	0.01287
ACRBP	0.02301	0.0047	0.00504
ING4	0.06229	0.08644	0.07615
ZNF384	0.06287	0.0616	0.05581
COPS7A	0.10471	0.14632	0.09044
RP4-761J14.10	0.0011	0.00089	7e-04
MLF2	0.2677	0.53888	0.29286
PTMS	0.72798	0.74221	0.67099
LAG3	0.09743	0.0062	0.01493
CD4	0.70456	0.03369	0.11805
GPR162	0.00977	0.00026	0.01413
P3H3	0.00147	0.00042	0.02124
GNB3	3e-04	0.00038	0.00278
CDCA3	0.03073	0.0364	0.01326
USP5	0.05053	0.06919	0.04157
TPI1	1.32514	1.33329	0.79597
SPSB2	0.03558	0.08613	0.05718
LRRC23	0.03734	0.04132	0.02774
U47924.32	0.00123	0.00068	0.00021
ENO2	0.11766	0.03289	0.05735
ATN1	0.06876	0.12061	0.17807
C12orf57	0.62813	0.86384	0.61459
U47924.31	0.002	0.00286	0.00177
PTPN6	0.34514	0.08108	0.07086
U47924.27	0.00036	0.01232	0.00647
U47924.29	5e-05	0.00044	0.00181
PHB2	0.37312	0.5497	0.28046
EMG1	0.13128	0.21853	0.08821
RP3-461F17.3	0.00366	0.00508	0.00788
LPCAT3	0.07766	0.09527	0.05732
C1S	0.01697	0.35977	0.26411
C1R	0.01128	0.24963	0.24708
C1RL	0.02709	0.11835	0.09847
C1RL-AS1	0.00535	0.02724	0.03637
ABC12-49244600F4.4	4e-05	0.00124	0.00169
RBP5	0.00478	0.16921	0.06314
RP11-273B20.1	0.00128	0.01324	0.0095
CLSTN3	0.02429	0.06198	0.08476
PEX5	0.01652	0.05194	0.03174
CD163L1	0.08921	0.02153	0.01595
CD163	0.60323	0.07981	0.09822
APOBEC1	0.00014	0.01365	0.00793
NANOG	9e-05	0.00267	0.00237
SLC2A14	0.00037	0.0017	0.00217
SLC2A3	0.84953	0.0535	0.32196
FOXJ2	0.06223	0.04452	0.03921
C3AR1	0.36355	0.01445	0.03988
NECAP1	0.08706	0.07067	0.0611
CLEC4A	0.15134	0.00688	0.01405
FAM66C	0.00268	0.00671	0.00826
RP11-266K4.14	0.00041	0.0017	0.00232
FAM90A1	0.00163	0.00039	8e-04
RP11-266K4.9	0.00089	0.00073	0.00106
LINC00937	0.00975	0.00668	0.00601
CLEC6A	0.00153	3e-05	0
CLEC4D	0.00769	0.00023	0.00023
CLEC4E	0.05038	0.00163	0.00262
AICDA	0.00077	0.00012	0
MFAP5	0.01141	0.00065	0.00544
RIMKLB	0.03128	0.03021	0.05909
RP11-20D14.6	0.00219	6e-05	0.00014
A2ML1	3e-04	0.00149	3e-04
PHC1	0.03378	0.05489	0.06827
M6PR	0.59744	0.29049	0.20899
KLRG1	0.06954	0.01161	0.01695
A2M-AS1	0.01453	0.00641	0.00584
A2M	0.62777	0.57764	0.79467
LINC00987	0.00721	0.00121	0.01102
RP13-735L24.1	0.00014	0.00079	0.00267
KLRB1	0.55391	0.03723	0.08187
RP11-705C15.4	0.00093	3e-05	0.00021
CLEC2D	0.43381	0.05114	0.08228
CLECL1	0.16982	0.00704	0.01466
CD69	0.71886	0.04169	0.08697
KLRF1	0.02075	7e-04	0.00252
CLEC2B	0.95311	0.04372	0.23602
RP11-290C10.1	0.01095	0.00085	0.00592
AC091814.2	0.00672	0.00432	0.00355
AC091814.3	0.00064	4e-05	0
CLEC12A	0.104	0.00335	0.01066
CLEC12B	0.00219	6e-05	0
CLEC9A	0.01055	0.00057	0.00037
CLEC1A	0.00656	6e-05	0.02021
CLEC7A	0.34298	0.01489	0.04498
OLR1	0.09221	0.00534	0.00954
TMEM52B	0.00411	9e-05	0.00019
GABARAPL1	0.30733	0.12817	0.16735
KLRD1	0.07415	0.0037	0.00922
RP11-277P12.20	0.00347	0.00316	0.00244
KLRK1	0.01513	0.00037	0.00235
KLRC4-KLRK1	0.00093	7e-05	0
KLRC4	0.01276	0.00116	0.00087
KLRC3	0.00325	0	0.00035
KLRC2	0.0092	0.00203	0.00047
KLRC1	0.05148	0.00131	0.00496
EIF2S3L	0.00041	0.0012	0.00062
RP11-291B21.2	0.00807	0.00022	0
MAGOHB	0.10715	0.19192	0.08476
STYK1	0.00266	0.02852	0.01385
YBX3	0.48446	0.57894	0.58285
PRH1	0.00268	0.00538	0.00478
PRR4	0.04746	0.0686	0.08395
TAS2R13	0.00016	0.00048	0.00037
TAS2R14	0.00754	0.01176	0.01681
TAS2R20	0.00075	0.00101	0.0016
TAS2R19	0.00105	0.00089	0.00185
TAS2R31	0.00338	0.00409	0.00632
TAS2R46	7e-04	0.00056	0.00073
TAS2R43	0.00027	0.00079	0.00164
TAS2R30	0.00711	0.00545	0.00734
SMIM10L1	0.1268	0.16418	0.10776
PRB3	0	6e-04	0.00038
LINC01252	0.00397	0.0012	0.00447
ETV6	0.18955	0.07637	0.10511
BCL2L14	0.00244	0.05538	0.02047
LRP6	0.00411	0.15971	0.12893
MANSC1	0.00495	0.20813	0.09581
LOH12CR2	0.01074	0.01438	0.00876
BORCS5	0.14857	0.06049	0.04919
DUSP16	0.1067	0.05748	0.04733
CREBL2	0.25255	0.13787	0.08169
RP11-180M15.6	0.00083	0.00073	9e-04
GPR19	0.00365	0.00086	0.00069
CDKN1B	0.3794	0.09565	0.11426
APOLD1	0.04918	0.0122	0.13614
DDX47	0.01692	0.01556	0.01493
GPRC5A	0.02326	0.78773	0.42978
RP11-392P7.6	0.00152	0.04937	0.01522
HEBP1	0.14633	0.18469	0.10756
RP11-377D9.3	0.00013	0.00065	0.00048
FAM234B	0.00852	0.01251	0.01433
EMP1	0.13403	0.33307	0.28331
LINC01559	0.00016	0.0068	0.005
ATF7IP	0.29527	0.21349	0.23431
PLBD1	0.13042	0.14895	0.06517
PLBD1-AS1	0.00081	0.00175	0.00224
GUCY2C	0.00069	0.00184	8e-04
HIST4H4	0.01678	0.00742	0.02257
H2AFJ	0.50055	0.70151	0.45619
WBP11	0.28436	0.2424	0.15074
C12orf60	0.00817	0.01359	0.00275
ART4	9e-05	0.00081	0.00251
MGP	0.00418	0.00827	0.38307
ERP27	0.00616	0.00922	0.00405
ARHGDIB	1.51911	0.15851	0.40451
PDE6H	0.0021	7e-05	0
RERG	0.00037	0.01968	0.06537
PTPRO	0.08637	0.00382	0.00788
EPS8	0.17327	0.3453	0.35641
RP11-6B19.1	5e-05	0.00052	0.00054
STRAP	0.30932	0.38672	0.19793
DERA	0.10324	0.15394	0.06702
MGST1	0.12122	1.77651	0.62564
LMO3	7e-05	0.00338	0.00222
RP11-69C13.1	0	0.0053	0.00325
RERGL	0	0.00121	0.03757
PIK3C2G	0.00274	0.23283	0.1852
PLCZ1	4e-05	0.00145	0.00047
CAPZA3	0.00012	0.00241	0.00165
PLEKHA5	0.05232	0.37541	0.24234
AEBP2	0.12648	0.14858	0.13786
PDE3A	0.00046	0.00074	0.0534
SLCO1C1	0	0.00011	0.01245
SLCO1B3	0.00032	0.00929	0.00321
RP11-125O5.2	7e-05	0.00362	0.00226
SLCO1B1	0.00335	0.21995	0.09046
SLCO1A2	0.00124	0.05237	0.0365
IAPP	0	0.00137	0
PYROXD1	0.09703	0.10434	0.06988
RECQL	0.22464	0.14717	0.11509
GOLT1B	0.16629	0.30072	0.13863
SPX	0.00153	0.04006	0.00813
GYS2	0.00028	0.00478	0.00173
LDHB	0.52371	0.27783	0.34447
KCNJ8	0.00353	0.07723	0.19601
ABCC9	0.00236	0.00211	0.20732
CMAS	0.1041	0.23641	0.10053
ST8SIA1	0.01836	0.00176	0.00643
C2CD5	0.0869	0.11615	0.09443
RP11-359J14.2	0.00116	0.00134	0.00292
RP11-268P4.5	0.00015	0.00066	0
RP11-268P4.4	0.0012	0.00293	0.00567
ETNK1	0.31377	0.41071	0.32425
SOX5	0.00254	0.06324	0.04782
RP11-444D3.1	3e-04	0.00168	0.01091
BCAT1	0.40657	0.16667	0.11948
LRMP	0.08868	0.02892	0.02359
CASC1	0.00024	0.00238	0.00152
LYRM5	0.09139	0.25216	0.09075
KRAS	0.30292	0.35594	0.19394
RP11-295I5.3	0.00192	0.00229	0.00258
RP11-295I5.4	0.00029	0.00024	0.00034
RP11-707G18.1	0.06661	0.02418	0.05934
RASSF8-AS1	0.00932	0.09041	0.05728
RASSF8	0.01293	0.03837	0.03932
BHLHE41	0.04695	0.06095	0.05277
SSPN	0.0061	0.05433	0.04549
RP11-283G6.3	0.00027	1e-04	0.00101
RP11-283G6.4	0	0.00086	0
RP11-283G6.6	0.0023	0.00101	0.00085
ITPR2	0.24259	0.21597	0.15659
ASUN	0.06179	0.14859	0.04515
FGFR1OP2	0.43725	0.20252	0.20592
RP11-421F16.3	0.00061	0.00046	0.00077
TM7SF3	0.10702	0.30646	0.13902
MED21	0.15436	0.25629	0.12654
RP11-582E3.6	0.02271	0.03515	0.03162
STK38L	0.16958	0.16469	0.13833
ARNTL2	0.013	0.05221	0.02758
SMCO2	0.00016	0.0028	0.00171
PPFIBP1	0.01429	0.19258	0.18744
RP11-1060J15.4	9e-05	0.00155	0.00066
REP15	0.00046	0.0136	0.01012
RP11-1060J15.9	6e-05	0.00053	0.00014
MRPS35	0.15154	0.47651	0.138
MANSC4	0.00034	0.00011	0.00057
KLHL42	0.06289	0.16223	0.12982
PTHLH	0.00103	0.01699	0.01516
CCDC91	0.14614	0.15212	0.0884
RP11-967K21.1	0.00322	0.00586	0.00783
RP11-425D17.1	0.00026	0.00129	0.00312
RP11-946L16.1	0.00017	0.0011	0.00018
FAR2	0.0223	0.05354	0.02934
RP11-946L16.2	0.00069	4e-05	0
RP11-996F15.4	0.00077	0.00285	0.00117
RP11-996F15.2	0.00175	0.00215	0.00158
RP11-996F15.5	0.00266	0.00344	0.00545
RP11-996F15.6	0.00106	0.00342	0.00064
ERGIC2	0.26249	0.45721	0.21567
TMTC1	0.00167	0.05446	0.0556
IPO8	0.08098	0.12268	0.06375
CAPRIN2	0.04607	0.05743	0.07195
RP11-77I22.2	6e-05	0.00031	0.00066
LINC00941	0.00034	0.0086	0.00193
RP11-551L14.4	9e-05	0.00058	0.00043
DDX11-AS1	0.0015	0.00972	0.00397
DDX11	0.01755	0.05409	0.04287
OVOS2	0.00019	0.00561	0.00416
FAM60A	0.15272	0.40185	0.16839
FLJ13224	0.00283	0.00287	0.00476
RP11-771K4.1	6e-05	0.00169	0.00042
DENND5B	0.01631	0.12403	0.05465
METTL20	0.0138	0.02591	0.02353
AMN1	0.03491	0.07318	0.02382
RP11-467L13.7	0.04939	0.13413	0.17378
H3F3C	0.00587	0.00449	0.00398
RP11-428G5.5	0.00089	0	0
KIAA1551	0.44387	0.19655	0.21961
RP11-50I19.2	0.00675	0.00588	0.00708
BICD1	0.04136	0.11138	0.12363
FGD4	0.12459	0.16346	0.11214
DNM1L	0.20222	0.19275	0.16028
RP11-278C7.4	0.0029	0.00636	0.00319
YARS2	0.06282	0.15854	0.06145
PKP2	0.00428	0.13875	0.0337
RP11-847H18.2	0.00038	0.00038	0.00057
ALG10	0.02086	0.03644	0.02273
ALG10B	0.02649	0.04362	0.03364
CPNE8	0.07889	0.14449	0.09905
RP11-396F22.1	0.00151	0.01546	0.0052
KIF21A	0.06205	0.31881	0.11986
ABCD2	0.00905	0.00036	0.00218
SLC2A13	0.03955	0.07708	0.05808
AC079630.4	0.00384	0.00079	0.00098
LRRK2	0.04695	0.00549	0.01238
RP11-630C16.2	0.00043	0.00028	0.00374
GXYLT1	0.10893	0.12997	0.09591
YAF2	0.19367	0.18115	0.13982
PPHLN1	0.27123	0.31658	0.21507
ZCRB1	0.29473	0.56518	0.22248
PRICKLE1	0.00307	0.00573	0.00741
RP11-328C8.4	0.00043	0.00059	0.00065
ADAMTS20	0	0.00065	0.00074
PUS7L	0.1298	0.24114	0.16005
IRAK4	0.10706	0.06952	0.06687
TWF1	0.15585	0.30701	0.1574
TMEM117	0.01206	0.037	0.02284
NELL2	0.02506	0.0073	0.00789
ANO6	0.16801	0.20579	0.13554
RP11-352M15.2	0.04328	0.0701	0.07785
ARID2	0.12905	0.142	0.13816
SCAF11	0.7608	0.62519	0.50973
SLC38A1	0.29351	0.50762	0.21476
SLC38A2	0.54473	0.87808	0.70942
RP11-474P2.2	0.00015	0.00057	4e-04
RP11-96H19.1	0.00178	0.01323	0.00638
RP11-474P2.4	0.00018	2e-04	0.00034
RP11-474P2.6	0.00343	0.01462	0.01527
RP11-446N19.1	0.01233	0.03456	0.00913
SLC38A4	0.00789	0.26705	0.07759
AMIGO2	0.02446	0.1094	0.06587
PCED1B	0.07969	0.0744	0.03431
RP11-493L12.3	0.00013	0.00153	0.00087
RP11-493L12.4	0.00234	0.00055	0
RPAP3	0.11093	0.22581	0.09765
RP1-197B17.3	0.01122	0.01935	0.01204
RP1-197B17.4	0.00017	0.00057	0
RAPGEF3	0.00128	0.02494	0.07405
SLC48A1	0.0426	0.10445	0.0589
HDAC7	0.09563	0.13497	0.19921
RP5-1057I20.4	0.00056	0.00154	0.00086
VDR	0.039	0.06772	0.03491
RP11-89H19.1	8e-04	0.00027	0.00055
RP11-89H19.2	0.00019	0.00388	0.0035
TMEM106C	0.11123	0.51658	0.17548
RP1-228P16.8	0.00148	0.00174	0.00123
SENP1	0.06186	0.08396	0.05111
PFKM	0.01446	0.127	0.05588
ASB8	0.13223	0.19285	0.09333
CCDC184	0.00723	0.00033	0.00911
RP11-370I10.12	0.00977	0.00357	0.00704
ZNF641	0.05212	0.05047	0.05535
RP11-370I10.11	0.00029	0.00023	0.00081
KANSL2	0.08127	0.07895	0.07411
CCNT1	0.13589	0.14359	0.11211
LINC00935	0	5e-04	1e-04
ADCY6	0.00806	0.10091	0.10174
RP11-579D7.4	0.00018	0.01614	0.0054
CACNB3	0.00946	0.02795	0.04442
DDX23	0.12149	0.12557	0.08824
RND1	0.02406	0.10023	0.08753
RP11-302B13.5	0.00066	0.00166	0.00013
CCDC65	0.00715	0.00106	0.00406
FKBP11	0.13934	0.76146	0.34519
ARF3	0.2585	0.35795	0.1935
WNT10B	0.00376	0.00038	0.00057
DDN	0.00067	6e-04	0.00225
RP11-386G11.5	0.01621	0.00672	0.00872
PRKAG1	0.08265	0.1855	0.06664
KMT2D	0.05515	0.06735	0.05873
RHEBL1	0.0171	0.00454	0.00451
LMBR1L	0.08867	0.05716	0.07309
TUBA1B	1.40361	1.18533	0.85219
RP11-386G11.10	0.00637	0.006	0.00385
TUBA1A	0.65897	0.05474	0.39415
TUBA1C	0.46686	0.68076	0.29693
RP11-977B10.2	0.00295	0.00154	0.00117
RP11-161H23.5	0.00027	0.00032	0.00013
PRPH	0.00011	0.0011	0.00527
TROAP	0.02863	0.07747	0.01701
C1QL4	0.00021	0.00283	0.0019
DNAJC22	0.00679	0.31098	0.14749
SPATS2	0.05037	0.18688	0.12763
KCNH3	0.00094	0.00039	0.00123
MCRS1	0.07857	0.13802	0.07436
PRPF40B	0.00921	0.05675	0.05059
FAM186B	0	0.00062	0.00048
FMNL3	0.08143	0.00667	0.05293
TMBIM6	1.36451	1.88666	1.17558
NCKAP5L	0.05972	0.04178	0.05231
BCDIN3D-AS1	0.00079	0.00554	0.0033
BCDIN3D	0.02161	0.06265	0.03339
FAIM2	0.00396	0.01873	0.00279
AQP2	0.00036	0.00779	0.00159
RP11-469H8.6	0.00037	0.02286	0.00952
AQP5	0.00472	0.31697	0.12736
AQP6	0.00017	0.00508	0.00278
RACGAP1	0.05694	0.04371	0.02045
ASIC1	0.00165	0.02043	0.01159
SMARCD1	0.10744	0.10878	0.08423
GPD1	0.00069	0.005	0.00633
COX14	0.42522	0.77393	0.34455
RP4-605O3.4	0.0321	0.02688	0.02779
CERS5	0.08571	0.0754	0.06792
LIMA1	0.23404	0.54663	0.43694
RP3-405J10.4	0.00014	0.00057	0.00038
LARP4	0.16134	0.41735	0.24138
DIP2B	0.08794	0.21209	0.13912
ATF1	0.11451	0.18187	0.07616
METTL7A	0.1589	0.50414	0.28646
RP11-407N8.6	0.00036	0.00079	0.00046
RP11-407N8.5	2e-04	0.00036	0
SLC11A2	0.18251	0.16112	0.12281
LETMD1	0.10657	0.37386	0.1717
CSRNP2	0.04256	0.05136	0.05149
TFCP2	0.06768	0.04618	0.04863
POU6F1	0.00596	0.01292	0.01581
DAZAP2	0.78904	0.7888	0.45364
SMAGP	0.02872	0.29742	0.09691
BIN2	0.20709	0.00655	0.01732
CELA1	0.00081	2e-05	0.00049
GALNT6	0.09313	0.09126	0.05744
SLC4A8	0.01377	0.00354	0.00447
SCN8A	0.00151	0.02373	0.01919
RP11-923I11.3	5e-05	0.0014	0.00134
RP11-923I11.8	0.00161	0.02877	0.01376
RP11-923I11.6	0.00016	0.00057	0.00039
ACVRL1	0.09966	0.0081	0.07442
ACVR1B	0.02735	0.10779	0.07574
GRASP	0.13957	0.09318	0.12495
NR4A1	0.64198	0.43287	0.64676
RP11-1100L3.8	0.00705	0.00541	0.01239
ATG101	0.14033	0.25199	0.12784
KRT80	6e-04	0.04658	0.01839
LINC00592	4e-05	0.00119	0.00055
KRT7	0.01504	0.44949	0.27805
KRT86	0.01224	0.00062	0.0011
KRT81	0.00856	0.00049	0.0011
KRT85	5e-05	0.00088	0
KRT6B	0.00313	0.19562	0.03766
KRT6C	0	0.00166	0
KRT6A	0.00015	0.00206	0.00057
KRT8	0.1403	2.17351	1.08163
KRT18	0.16559	2.40957	1.11475
EIF4B	0.53626	0.8717	0.49257
RP11-983P16.4	0.00632	0.07453	0.04379
TNS2	0.0058	0.1214	0.20955
SPRYD3	0.05343	0.05908	0.04799
IGFBP6	0.00662	0.04408	0.03598
SOAT2	0.00274	0.0574	0.02425
CSAD	0.05218	0.10034	0.13926
ZNF740	0.02512	0.05097	0.02926
ITGB7	0.08432	0.00922	0.00719
RARG	0.01576	0.03533	0.03188
MFSD5	0.05367	0.09129	0.04022
ESPL1	0.00796	0.00594	0.00426
PFDN5	2.12434	1.91635	1.30019
RP11-680A11.5	0.04554	0.00458	0.0169
C12orf10	0.14215	0.29966	0.13351
AAAS	0.05262	0.12365	0.06745
SP1	0.13462	0.16598	0.13656
AMHR2	0.00107	0.00033	0.00017
PRR13	0.66441	0.88673	0.42193
PCBP2	0.85025	1.35462	0.72649
MAP3K12	0.0625	0.05419	0.05668
RP11-793H13.11	0.00931	0.00949	0.00985
TARBP2	0.03699	0.10451	0.0424
RP11-793H13.10	0.00164	0.00226	0.00405
ATF7	0.10254	0.13467	0.11355
RP11-793H13.3	0.00112	0.00054	0.00036
ATP5G2	1.41647	1.97593	1.10825
CALCOCO1	0.09235	0.13997	0.14171
HOXC13-AS	0	0.00094	0.00046
HOXC13	0.00031	0.00528	0.00147
HOTAIR	6e-05	0.00844	0.00439
HOXC11	0.00034	0.02991	0.0128
HOXC10	0.00056	0.05994	0.02252
HOXC6	1e-04	0.01929	0.01331
HOXC9	0.00121	0.08328	0.03425
HOXC-AS1	0.00022	0.00781	0.00255
HOXC8	0.00032	0.0422	0.01727
HOXC4	0.00349	0.00884	0.01036
AC012531.25	0	0.00106	0.00084
HOXC5	2e-04	0.00987	0.00472
RP11-834C11.5	3e-05	0.00275	0.00081
SMUG1	0.05831	0.20079	0.08485
RP11-834C11.4	0.01034	0.10451	0.04911
RP11-834C11.15	7e-05	0.00092	0.00033
RP11-834C11.11	0.00011	0.00107	0.00327
CBX5	0.17642	0.40552	0.21892
HNRNPA1	1.45221	1.45593	1.02744
NFE2	0.002	0.00674	0.00139
COPZ1	0.34468	0.59907	0.25934
RP11-753H16.3	0.00036	0.00093	0.00057
GPR84	0.06902	0.00367	0.00674
ZNF385A	0.24227	0.08293	0.07124
ITGA5	0.12791	0.29188	0.2697
GTSF1	0.03182	0.00229	0.00231
NCKAP1L	0.42565	0.01821	0.04277
PDE1B	0.02539	0.00212	0.02018
PPP1R1A	0.01404	0.36546	0.09212
MUCL1	0.00024	0.00053	0.00168
TESPA1	0.05047	0.00227	0.00404
METTL7B	0.02003	0.29326	0.09049
ITGA7	0.00221	0.0034	0.06085
RP11-644F5.10	0.00153	0.00288	0.00265
BLOC1S1	0.82712	0.98017	0.52114
RDH5	0.00598	0.04474	0.05719
CD63	1.64375	2.27396	1.7068
RP11-644F5.11	0.0179	0.04614	0.02145
GDF11	0.04673	0.09554	0.07258
SARNP	0.07996	0.08035	0.0522
RP11-762I7.5	0.00085	0.00033	0.0017
ORMDL2	0.22492	0.45171	0.17744
DNAJC14	0.03867	0.06335	0.03015
MMP19	0.20463	0.02194	0.04099
PYM1	0.10722	0.18756	0.07658
DGKA	0.08475	0.05709	0.05396
PMEL	0.00084	0.00736	0.00438
CDK2	0.02553	0.0439	0.04022
RAB5B	0.10992	0.23357	0.1243
SUOX	0.0232	0.07658	0.03742
IKZF4	0.04505	0.02526	0.02993
RPS26	1.96461	2.28309	1.51045
ERBB3	0.01637	0.65143	0.35219
PA2G4	0.55052	0.94848	0.43607
RP11-603J24.17	0.00035	0.00057	0.00066
RPL41	3.53703	3.79162	2.85134
ZC3H10	0.02067	0.02256	0.02645
ESYT1	0.13542	0.11397	0.07588
RP11-603J24.14	0.00012	0.00025	0
MYL6B	0.10943	0.3744	0.17483
MYL6	2.35658	1.85966	1.47378
SMARCC2	0.13132	0.1415	0.12815
RNF41	0.07511	0.08396	0.05198
NABP2	0.07169	0.21546	0.08512
SLC39A5	0.0156	0.3583	0.17401
ANKRD52	0.02003	0.04119	0.02541
COQ10A	0.03482	0.05375	0.03097
CS	0.12222	0.16261	0.10908
RP11-977G19.11	0.02103	0.03016	0.01374
RP11-977G19.12	0.00067	0.00027	0.00064
CNPY2	0.23605	1.02038	0.42718
PAN2	0.02412	0.04691	0.04825
IL23A	0.04092	0.00583	0.00637
STAT2	0.17452	0.18495	0.16963
APOF	0.00133	0.05364	0.01896
TIMELESS	0.02719	0.06416	0.03319
SPRYD4	0.03877	0.21001	0.0523
GLS2	0.00059	0.00173	0.00151
RBMS2	0.02824	0.0401	0.06929
BAZ2A	0.15852	0.25013	0.21026
ATP5B	0.70764	1.1776	0.61637
PTGES3	1.1887	1.50045	0.72889
NACA	2.29274	2.5819	1.70826
PRIM1	0.05299	0.07676	0.02038
HSD17B6	0.0013	0.04145	0.00884
RDH16	0.00113	0.00536	0.0014
ZBTB39	0.00906	0.01632	0.01225
TAC3	0	5e-04	0.00133
MYO1A	0.00155	0.01507	0.00766
NEMP1	0.0439	0.05278	0.0431
NAB2	0.06967	0.04348	0.04638
STAT6	0.15705	0.21926	0.20914
LRP1	0.32665	0.28371	0.29052
LRP1-AS	0.00109	0.00014	0.00039
NXPH4	0.00617	0.00595	0.01224
SHMT2	0.15284	0.69951	0.27117
RP11-123K3.9	0.00224	0.01317	0.01089
NDUFA4L2	0.01498	0.14267	0.39474
STAC3	0.08263	0.01073	0.01343
R3HDM2	0.17004	0.16933	0.16577
RP11-756H6.1	0.0011	0.00029	0.00018
INHBC	4e-05	0.00091	0
INHBE	0.00614	0.17338	0.06719
GLI1	0.00106	0.00291	0.00341
ARHGAP9	0.23534	0.00937	0.02119
MARS	0.08613	0.20558	0.12267
DDIT3	0.25344	0.5223	0.25538
MBD6	0.07591	0.1393	0.1177
DCTN2	0.20354	0.3232	0.18397
KIF5A	0.00054	0.00013	0.00148
PIP4K2C	0.03367	0.07458	0.04176
DTX3	0.01352	0.02397	0.06285
ARHGEF25	0.00059	0.00951	0.03681
SLC26A10	0.00011	0.00065	0.00389
B4GALNT1	0.00069	0.00943	0.01353
OS9	0.32351	0.54103	0.35963
RP11-571M6.7	0.00067	0.00033	7e-04
AGAP2	0.04064	0.00158	0.02286
AGAP2-AS1	7e-04	0.01205	0.01979
TSPAN31	0.13626	0.24326	0.14908
CDK4	0.15488	0.42785	0.17544
MARCH9	0.08043	0.0538	0.06708
CYP27B1	0.00643	0.00524	0.00249
METTL1	0.03536	0.10902	0.04076
METTL21B	0.02049	0.04676	0.02864
TSFM	0.07683	0.25767	0.08645
AVIL	0.00767	0.03083	0.03442
RP11-571M6.17	0.00103	0.00208	0.00057
RP11-571M6.18	0.00027	5e-04	0.00118
CTDSP2	0.12936	0.21056	0.16474
RP11-620J15.2	0.00011	0.00061	0.00138
RP11-620J15.4	6e-05	0.00061	0.00106
RP11-620J15.3	0.03549	0.04972	0.02977
XRCC6BP1	0.02376	0.05706	0.0131
LRIG3	0.00198	0.10984	0.06977
RP11-150C16.1	5e-05	0.00184	0.00385
SLC16A7	0.07931	0.18989	0.1239
FAM19A2	0.00677	0.01203	0.00744
USP15	0.40895	0.18645	0.18608
MON2	0.1301	0.17918	0.17342
LINC01465	0.00841	0.0041	0.00543
RP11-631N16.2	0.01556	0.02245	0.03352
RP11-631N16.4	0.01222	0.01627	0.02152
PPM1H	0.00899	0.04694	0.02222
AVPR1A	0.00017	0.00064	0.04569
DPY19L2	0.00082	0.00313	0.0122
RP11-415I12.3	0.00014	0.00151	0.00061
TMEM5	0.05863	0.41766	0.13294
SRGAP1	0.05668	0.12043	0.12265
C12orf66	0.01832	0.06641	0.03296
C12orf56	0.00133	0.02749	0.00374
XPOT	0.10484	0.45832	0.20704
RP11-114F3.4	0.00386	0.00068	0.00246
TBK1	0.10113	0.15966	0.09034
RASSF3	0.20655	0.18301	0.1191
RP11-338E21.3	0.00208	0.00019	0.00026
GNS	0.47592	0.36185	0.21359
TBC1D30	0.00782	0.04215	0.03125
RP11-766N7.3	0	0.00156	0.00152
LEMD3	0.08286	0.09742	0.08379
MSRB3	0.00166	0.00399	0.09315
RP11-221N13.3	0	0.00099	0.00073
HMGA2	0.00209	0.04691	0.02039
RP11-366L20.2	0.00016	0.00057	9e-04
LLPH	0.25632	0.35039	0.16179
RP11-745O10.4	0.00027	0.00053	0
TMBIM4	0.54657	0.89031	0.39851
IRAK3	0.08924	0.07378	0.07273
HELB	0.08191	0.06641	0.0606
GRIP1	0.01104	0.0084	0.00468
CAND1	0.24632	0.31526	0.22358
DYRK2	0.13993	0.12755	0.11852
IFNG-AS1	0.00549	0.00023	0.00086
IFNG	0.21164	0.01056	0.02951
IL26	0.00488	0	0.00019
IL22	0.00292	2e-04	0
MDM1	0.03642	0.03831	0.02894
RP11-81H14.2	0.0077	0.00092	0.00197
RAP1B	0.57646	0.34727	0.26246
RP11-637A17.2	0.00459	0.00745	0.00182
NUP107	0.08372	0.13762	0.0953
SLC35E3	0.08225	0.21337	0.15066
MDM2	0.1795	0.26431	0.19592
RP11-611O2.1	0.00359	0.00341	0.005
RP11-611O2.5	0.00199	0.00063	0.00329
CPM	0.18178	0.26439	0.1531
CPSF6	0.15939	0.29136	0.17961
RP11-1143G9.5	0.0044	0.05415	0.0391
LYZ	1.38575	1.29668	0.91025
RP11-1143G9.4	0.04688	0.11462	0.03336
YEATS4	0.10785	0.14787	0.05492
FRS2	0.05103	0.08891	0.05162
CCT2	0.33063	0.73035	0.27997
BEST3	0	0.00142	0.00025
RP11-588G21.2	0.00363	0.00403	0.00847
RAB3IP	0.03789	0.19661	0.1216
MYRFL	0.00038	0.00338	0.00239
LINC01481	0.03371	0.05978	0.05402
CNOT2	0.29112	0.34619	0.28133
AC092881.1	0.00054	0.00095	0.00117
KCNMB4	0.02662	0.00486	0.01511
RP11-588H23.3	0.00921	0.00102	0.00463
PTPRB	0.00092	0.0414	0.07382
RP11-785D18.3	0.0012	0.00093	0
PTPRR	0.00126	0.0581	0.03429
CTD-2021H9.3	0.00097	0.03782	0.0077
TSPAN8	0.11418	2.0639	1.0174
LGR5	0.00025	0.01569	0.00502
ZFC3H1	0.15209	0.14962	0.16939
THAP2	0.11655	0.08915	0.05632
TMEM19	0.09075	0.1435	0.06358
RAB21	0.38798	0.29245	0.22609
RP11-2H8.2	0.0026	0.00071	8e-04
TBC1D15	0.22027	0.20848	0.1388
TRHDE	0	0.00245	0.00048
RP11-81H3.2	0.00011	0.00309	0.00296
ATXN7L3B	0.16208	0.31083	0.22018
RP11-56G10.2	0.00033	0.00075	0.00123
KCNC2	0	0.00088	0
CAPS2	0.00431	0.01145	0.01008
GLIPR1L1	0.00018	0.00044	7e-04
GLIPR1L2	0.0013	0.00591	0.00553
GLIPR1	0.62335	0.03334	0.1061
RP11-585P4.5	0.00228	0.00106	0.00219
KRR1	0.21977	0.33556	0.18451
PHLDA1	0.55418	0.30764	0.37279
RP11-290L1.3	0.00073	0.00033	0.00099
RP11-290L1.2	0.00909	0.01102	0.0122
NAP1L1	1.04637	1.19672	0.73033
BBS10	0.02501	0.03803	0.02511
OSBPL8	0.48664	0.21958	0.18562
RP11-20E24.1	0.00045	0.00258	0.00062
ZDHHC17	0.09084	0.09452	0.1091
CSRP2	0.00449	0.03364	0.14373
E2F7	0.01132	0.00389	0.00392
RP1-34H18.1	0	0.00144	0.00427
NAV3	0.00051	0.00189	0.01202
SYT1	0.02213	0.09441	0.03383
RP1-78O14.1	0.00012	0.00321	0.00189
PAWR	0.01496	0.44767	0.31982
PPP1R12A	0.40679	0.25204	0.31697
RP11-84G21.1	0.00203	0.009	0.0068
PTPRQ	3e-05	0.00222	0.00185
LIN7A	0.00713	0.08862	0.04773
ACSS3	0.00756	0.22887	0.08741
PPFIA2	0.00024	0.00075	0.00132
RP11-362A1.1	0.00158	9e-05	0
CCDC59	0.32675	0.3371	0.18141
METTL25	0.02597	0.04556	0.03528
TMTC2	0.01744	0.04875	0.05278
TSPAN19	6e-05	0.00044	9e-04
LRRIQ1	0.00014	0.00597	0.00555
RP11-193M21.1	0	0.00048	0.00016
ALX1	0.00134	0.04311	0.0073
RP11-408B11.2	0.00015	0.00115	0.00101
RASSF9	0.00358	0.12988	0.06691
NTS	0.40167	1.89315	1.0196
C12orf50	0.00044	0.00066	0
C12orf29	0.06341	0.14117	0.05874
CEP290	0.07342	0.12644	0.11005
TMTC3	0.03245	0.09893	0.07542
KITLG	0.0077	0.08926	0.09123
RP11-900F13.3	6e-05	0.00044	0.00062
DUSP6	0.45331	0.42358	0.28071
RP11-823E8.3	0.00736	0.00198	0.00281
RP11-1109F11.3	0.00019	0.00308	0.00324
RP11-1109F11.5	0.00032	0.00126	0.00092
POC1B	0.06934	0.1266	0.08546
POC1B-GALNT4	0.00018	0.00043	0.00055
GALNT4	0.00028	0.00367	0.00418
RP11-734K2.4	0.01363	0.04321	0.03022
RP11-981P6.1	0.00138	0.00454	0.00499
ATP2B1	0.52731	0.49099	0.2738
LINC00936	0.3083	0.0457	0.10089
LUM	0.00068	0.00467	0.06915
DCN	0.00078	0.0021	0.12657
RP11-587P21.2	7e-05	0.0011	0.00017
BTG1	2.13447	0.89995	0.90716
RP11-796E2.4	0.12727	0.02127	0.07375
RP11-756G20.1	0.00243	6e-05	0.00024
CLLU1OS	0.00574	0.00025	0.00017
CLLU1	0.00043	0	0.00108
RP11-693J15.5	0.0082	0.00055	0.00079
C12orf74	0.00021	0.00062	0.0027
PLEKHG7	0.00093	0.00467	0.00672
EEA1	0.18894	0.20365	0.14383
RP11-511B23.1	0.00073	8e-05	0
RP11-511B23.2	9e-05	0.0037	0.00166
RP11-486A14.2	9e-05	0.00234	0.00243
NUDT4	0.27339	0.36811	0.29879
UBE2N	0.41495	0.48376	0.25673
MRPL42	0.23826	0.62232	0.27201
SOCS2	0.03246	0.00754	0.0635
CRADD	0.04025	0.05409	0.02583
RP11-1060G2.2	0.00016	0.00084	0.00035
PLXNC1	0.15236	0.02394	0.02762
RP11-1105G2.4	2e-04	0.00041	0.00018
RP11-1105G2.3	0.00059	0.00067	0.00029
CEP83	0.05002	0.06525	0.04862
CEP83-AS1	0.00474	0.00162	0.00295
TMCC3	0.04035	0.02542	0.03129
NDUFA12	0.40615	0.88795	0.3624
NR2C1	0.06095	0.11066	0.09667
FGD6	0.05499	0.17175	0.15005
VEZT	0.16054	0.38789	0.30316
METAP2	0.44304	0.68098	0.39337
USP44	0.0027	0.0017	0.00506
NTN4	0.00417	0.03766	0.05735
SNRPF	0.56404	1.22388	0.5319
CCDC38	0.00064	0.00663	0.00193
AMDHD1	0.00972	0.11791	0.02672
HAL	0.01158	0.22443	0.08709
RP11-256L6.3	0	0.00158	0.00092
LTA4H	0.17118	0.32804	0.14546
RP11-256L6.2	0	0.00063	0.00033
ELK3	0.11234	0.09279	0.15773
CDK17	0.12712	0.07431	0.10254
CFAP54	0.00144	0.00061	0.00239
NEDD1	0.08117	0.05809	0.05545
RP11-181C3.1	0.00653	0.05417	0.01647
TMPO-AS1	0.01731	0.02047	0.01554
TMPO	0.30666	0.27486	0.16752
SLC25A3	1.05395	1.63473	0.873
IKBIP	0.18816	0.14887	0.1302
APAF1	0.11946	0.04621	0.04447
ANKS1B	0.00584	0.02925	0.02033
UHRF1BP1L	0.1134	0.11693	0.05183
ACTR6	0.16318	0.44825	0.15426
DEPDC4	0.00321	0.0144	0.00836
SCYL2	0.14324	0.13533	0.09085
SLC17A8	3e-05	0.00123	0.00107
NR1H4	0.01305	0.38863	0.12122
GAS2L3	0.10437	0.13755	0.11086
ANO4	5e-05	0.00273	0.0018
UTP20	0.03901	0.09902	0.04508
ARL1	0.2023	0.71537	0.29162
SPIC	0.05597	0.00216	0.00929
MYBPC1	0.00011	0.00938	0.00504
RP11-755O11.2	0.00084	0	0.00017
RP11-285E23.2	0.00052	0.00132	0.00108
CHPT1	0.24392	0.64921	0.19228
SYCP3	0.00443	0.00336	0.00262
GNPTAB	0.32407	0.15108	0.12728
DRAM1	0.26741	0.13004	0.09112
CCDC53	0.21705	0.20212	0.10941
RP11-554E23.4	0.00047	0.00099	0
NUP37	0.0997	0.30424	0.09442
PARPBP	0.0289	0.04322	0.02548
PMCH	0.01162	0.00052	0.00341
RP11-210L7.3	0.00013	0.00043	6e-04
IGF1	0.19926	0.00788	0.02973
PAH	0.02407	0.41742	0.2148
C12orf42	0.00606	0.00335	0.00099
RP11-341G23.4	3e-04	0.00399	0.00578
NT5DC3	0.00851	0.04609	0.02842
RP11-650K20.3	0.00023	0.00358	0.0016
HSP90B1	1.154	2.07731	1.42306
C12orf73	0.04319	0.1583	0.05512
TDG	0.16042	0.25939	0.1449
GLT8D2	0.00026	0.00043	0.01719
HCFC2	0.06218	0.05981	0.05477
NFYB	0.12684	0.18746	0.10137
TXNRD1	0.20566	0.59892	0.2091
RP11-818F20.5	5e-05	0.00083	0.00139
EID3	0.0345	0.03409	0.0433
CHST11	0.22871	0.01641	0.0541
SLC41A2	0.04295	0.15932	0.07426
C12orf45	0.14923	0.25898	0.09336
ALDH1L2	0.00442	0.00032	0.00358
RP11-61E11.2	0.00018	0.00019	0.00181
KIAA1033	0.3477	0.18423	0.18053
APPL2	0.10249	0.12424	0.08475
C12orf75	0.1906	0.79381	0.27666
CASC18	0.00022	0.01115	0.00214
NUAK1	0.0028	0.07073	0.07611
CKAP4	0.04321	0.42385	0.20324
RP11-651L5.3	0.001	0.00536	0.00595
TCP11L2	0.04079	0.03135	0.03475
POLR3B	0.01413	0.04446	0.02267
RFX4	2e-04	0.00589	0.00241
RIC8B	0.03188	0.08915	0.08269
RP11-412D9.4	0.00663	0.0334	0.02338
TMEM263	0.12308	0.31052	0.19511
MTERF2	0.0444	0.10479	0.06331
CRY1	0.05246	0.04619	0.05581
BTBD11	0.01274	0.00486	0.00699
PWP1	0.16204	0.26656	0.12938
PRDM4	0.05273	0.04609	0.02772
RP11-864J10.4	5e-04	0.00016	0.00022
ASCL4	0.00063	0	0.00083
RP11-554D14.8	0.00114	4e-05	0
WSCD2	0.00097	0.00012	0.00068
CMKLR1	0.1203	0.00475	0.0222
FICD	0.02241	0.04497	0.02094
SART3	0.08577	0.10238	0.07876
ISCU	0.39134	0.42647	0.27126
TMEM119	0.00216	0.00021	0.00609
SELPLG	0.22911	0.03074	0.03485
RP11-689B22.2	0.00054	0	0
CORO1C	0.29882	0.19163	0.15179
SSH1	0.09949	0.08089	0.09202
DAO	0.00104	0.02854	0.00452
SVOP	0.00062	0.00018	0
USP30	0.0151	0.05325	0.02796
USP30-AS1	0.02873	0.01154	0.00605
ALKBH2	0.03581	0.20704	0.06825
UNG	0.0392	0.13653	0.05006
ACACB	0.00862	0.03621	0.04274
KCTD10	0.04963	0.05492	0.06078
UBE3B	0.05425	0.09316	0.05505
MMAB	0.06728	0.4808	0.14136
MVK	0.02191	0.0819	0.03214
FAM222A	0.0136	0.01216	0.00597
FAM222A-AS1	0.00062	6e-04	0.00025
TRPV4	0.02599	0.08385	0.03471
GLTP	0.16422	0.15624	0.10153
TCHP	0.05327	0.05117	0.04323
GIT2	0.2145	0.10141	0.11283
RP11-837J7.4	3e-05	6e-04	0.00071
ANKRD13A	0.13414	0.07055	0.0628
C12orf76	0.08471	0.10516	0.06175
IFT81	0.00978	0.04849	0.04901
ATP2A2	0.29	0.58251	0.33719
ANAPC7	0.08451	0.13106	0.09924
ARPC3	1.7862	1.5612	0.85288
GPN3	0.169	0.30664	0.09507
FAM216A	0.02344	0.16327	0.05209
VPS29	0.61376	0.8321	0.38236
RAD9B	0.00355	0.00107	0
PPTC7	0.14524	0.11097	0.08759
TCTN1	0.01918	0.1112	0.05672
HVCN1	0.09472	0.02079	0.02986
PPP1CC	0.39916	0.72187	0.30273
MYL2	0.00041	0	0
CUX2	0.00117	9e-04	0.00073
FAM109A	0.0305	0.06733	0.03611
RP3-473L9.4	0.00418	0.00365	0.00181
SH2B3	0.27601	0.0458	0.09501
ATXN2	0.18869	0.26259	0.24414
RP11-686G8.2	0.00033	0.00074	0.00118
BRAP	0.06412	0.06707	0.04208
RP11-686G8.5	8e-05	0.00154	0.00035
ACAD10	0.02065	0.06602	0.05661
ALDH2	0.10713	0.72709	0.26575
MAPKAPK5-AS1	0.08824	0.21016	0.09493
MAPKAPK5	0.06706	0.13136	0.0992
TMEM116	0.03549	0.07419	0.05156
ERP29	0.68529	1.10502	0.61699
RP1-267L14.6	0.00099	0.00137	0.00298
NAA25	0.08663	0.1599	0.12194
TRAFD1	0.0653	0.06304	0.04547
HECTD4	0.05297	0.07554	0.08902
RPL6	2.42275	2.69734	1.841
PTPN11	0.16572	0.25838	0.15419
RPH3A	0.00096	0	0
OAS1	0.14375	0.13988	0.07583
OAS3	0.06809	0.04658	0.04161
OAS2	0.12691	0.07382	0.05716
DTX1	0.0091	0.01298	0.00651
RASAL1	0.0045	0.04776	0.02492
CFAP73	0.00086	0.01203	0.00553
DDX54	0.10638	0.19505	0.11522
RITA1	0.03319	0.13019	0.03572
IQCD	0.00516	0.0136	0.0094
TPCN1	0.06927	0.10465	0.09997
SLC8B1	0.07777	0.03735	0.06598
PLBD2	0.10441	0.09373	0.05728
SDS	0.16049	0.01363	0.02137
SDSL	0.13015	0.23712	0.07285
LINC01234	6e-05	0.00078	6e-04
RBM19	0.05435	0.07542	0.05672
TBX3	0.00121	0.03966	0.07408
MED13L	0.20591	0.18265	0.18478
MAP1LC3B2	0.00442	0.00254	0.0017
C12orf49	0.09124	0.12646	0.05954
RNFT2	0.00694	0.01119	0.00409
HRK	0.00141	0.01101	0.00452
FBXW8	0.01767	0.0519	0.03945
RP11-240G22.5	0.00037	0.0017	0.00156
RP11-231I16.1	0.00072	0.00952	0.00778
TESC	0.10591	0.87687	0.41176
TESC-AS1	1e-04	0.00056	0
FBXO21	0.09317	0.16219	0.10144
KSR2	0.00131	0.01071	0.00666
RFC5	0.03075	0.05779	0.02583
RP11-33N14.3	0.00049	0.00052	0.00068
WSB2	0.14408	0.30537	0.12625
VSIG10	0.02039	0.12789	0.06475
RP11-136L23.2	0.00059	0.00167	0.00152
PEBP1	0.6615	1.51426	0.68517
TAOK3	0.50668	0.27844	0.25229
RP11-131L12.2	0.00043	0.00195	0.00068
SUDS3	0.12986	0.21163	0.1376
RP11-131L12.3	0.00031	0.00305	0.00213
RP11-131L12.4	0.00042	0.00181	0.00184
SRRM4	0	0.00306	0.00561
HSPB8	0.0014	0.04031	0.03395
RP11-768F21.1	0.00084	0.0047	0.00442
TMEM233	0.00197	0.00378	0.00872
PRKAB1	0.0404	0.16561	0.08634
CIT	0.02367	0.03791	0.01341
CCDC64	0.13032	0.05643	0.06328
RAB35	0.12225	0.07583	0.05718
RP1-267D11.6	0.0095	0.01679	0.01507
GCN1	0.0412	0.12123	0.0639
RPLP0	1.97385	2.81425	1.85184
PXN-AS1	0.01838	0.11357	0.03931
PXN	0.07655	0.12246	0.11185
RP1-278C19.8	0.00048	0.00487	0.00371
SIRT4	0.00208	0.01313	0.00651
PLA2G1B	0.00021	0.01653	0.0029
MSI1	0.00249	0.06504	0.03089
COX6A1	0.99462	1.79097	0.80898
TRIAP1	0.08873	0.2715	0.07623
GATC	0.05803	0.0923	0.05716
SRSF9	0.68354	1.2052	0.54152
DYNLL1	1.55901	1.69637	1.00526
NRAV	0.00971	0.02724	0.01092
COQ5	0.07119	0.16786	0.05389
RNF10	0.186	0.28653	0.16883
POP5	0.14232	0.36133	0.15563
CABP1	0.00064	2e-04	0.00932
MLEC	0.25992	0.71424	0.35301
RP11-173P15.3	0.00052	0.00051	0.00053
RP11-173P15.9	0.00052	9e-04	0.00134
RP11-173P15.10	2e-04	0.00094	0.00132
UNC119B	0.013	0.05511	0.03111
ACADS	0.06905	0.16872	0.06155
SPPL3	0.14199	0.207	0.13921
HNF1A	0.00253	0.06265	0.0337
C12orf43	0.06218	0.08811	0.0471
OASL	0.09133	0.0344	0.02633
P2RX7	0.13312	0.00665	0.01805
RP11-340F14.6	0.00303	4e-05	0.00158
P2RX4	0.23836	0.31776	0.17033
CAMKK2	0.05289	0.07358	0.07055
ANAPC5	0.22826	0.42409	0.26942
RNF34	0.10706	0.1151	0.0647
KDM2B	0.14173	0.04247	0.04901
RP13-941N14.1	0.00119	3e-04	0.00033
ORAI1	0.30272	0.15899	0.08635
MORN3	0.0234	0.00715	0.00754
TMEM120B	0.10849	0.07439	0.06214
RHOF	0.22132	0.09493	0.06808
LINC01089	0.0577	0.06095	0.08414
RP11-347I19.7	0.00996	0.00431	0.01056
SETD1B	0.05039	0.06576	0.04769
HPD	0.00564	0.0661	0.02933
PSMD9	0.13907	0.19246	0.09125
RP11-87C12.2	0.00115	0.00239	0.00079
WDR66	0.00264	0.02068	0.01645
RP11-87C12.5	0.00036	0.00394	0.00054
BCL7A	0.02953	0.13052	0.06163
MLXIP	0.12268	0.18653	0.18776
B3GNT4	0.00105	0.00182	0.00075
DIABLO	0.03677	0.05467	0.03495
VPS33A	0.05117	0.08922	0.03604
CLIP1	0.2232	0.4584	0.27316
CLIP1-AS1	0.00097	0.00215	0.00406
ZCCHC8	0.13557	0.15252	0.12975
RP11-15J22.8	0.00541	0.0011	0.0058
RSRC2	0.67319	0.62075	0.4754
KNTC1	0.03348	0.03077	0.03164
RP11-324E6.10	0.00073	0.00177	0.00107
HCAR2	0.02626	0.01669	0.01078
HCAR3	0.04648	0.07638	0.02712
HCAR1	0.00053	0.00557	0.00314
DENR	0.25356	0.5823	0.27393
CCDC62	0.0017	0.00097	0.00231
HIP1R	0.02648	0.1031	0.10152
VPS37B	0.23484	0.18378	0.14754
RP11-463O12.3	0.00279	0.00085	0.00203
ABCB9	0.00697	0.02243	0.02213
OGFOD2	0.02966	0.10333	0.05558
ARL6IP4	0.84987	1.22113	0.70595
PITPNM2	0.01005	0.00958	0.01465
MPHOSPH9	0.08106	0.12859	0.09318
C12orf65	0.11235	0.22185	0.08709
RP11-282O18.3	8e-04	0.00095	0.00143
CDK2AP1	0.09924	0.22326	0.11585
SBNO1	0.17939	0.24847	0.16798
RP13-942N8.1	0.01171	0.00973	0.01606
KMT5A	0.12966	0.1111	0.079
RILPL2	0.33597	0.08702	0.10423
SNRNP35	0.1175	0.22164	0.11065
RILPL1	0.02109	0.03535	0.03677
RP11-486O12.2	0.00375	0.01304	0.01456
TMED2	0.46888	1.00572	0.47492
DDX55	0.0605	0.15471	0.07523
EIF2B1	0.09107	0.16019	0.10798
GTF2H3	0.10735	0.14564	0.07994
TCTN2	0.00759	0.0171	0.01801
ATP6V0A2	0.05475	0.06362	0.04903
DNAH10	0.00024	0.00073	0.00026
CCDC92	0.05764	0.06694	0.07701
RP11-380L11.4	0.00068	0.00981	0.00428
DNAH10OS	0.00047	0.00397	0.0028
ZNF664	0.06128	0.17508	0.10049
FAM101A	0.00059	0.04531	0.02046
RP11-214K3.24	0.00027	0.00323	0.00282
NCOR2	0.13853	0.15509	0.14492
RP11-83B20.1	0.00188	0.00408	0.00408
SCARB1	0.08873	0.37491	0.2354
UBC	2.85149	1.79163	1.7389
DHX37	0.02745	0.04641	0.0354
BRI3BP	0.09153	0.1248	0.05509
THRIL	0.00165	0.00101	0.00019
AACS	0.02293	0.093	0.04771
TMEM132B	7e-05	0.00456	0.00276
LINC00939	7e-05	0.02226	0.02204
RP3-446N13.5	7e-05	0.00117	0
RP4-765H13.1	6e-05	8e-04	0.00054
RP4-809F18.2	0.00021	0.0067	0.00266
RP4-809F18.1	0.00047	0.0122	0.00473
LINC00944	0.01087	0.00469	0.00806
RP11-575F12.1	0	0.00209	0.00103
RP11-575F12.3	0.00091	0.00669	0.00758
TMEM132C	7e-05	0.00153	0.00031
SLC15A4	0.12485	0.15608	0.08342
RP11-21K12.3	0.00036	0.00102	0.00086
GLT1D1	0.00317	0.03742	0.00911
RP11-669N7.2	0.00079	0.01232	0.00181
FZD10	0	3e-05	0.00493
PIWIL1	0.00072	0.00081	0.00081
STX2	0.0877	0.04776	0.0709
RAN	0.96492	1.47963	0.68018
ADGRD1	0.00189	0.0029	0.00997
SFSWAP	0.15605	0.18277	0.16108
MMP17	0.00131	0.00174	0.00569
RP11-417L19.2	0	0.00216	0.00104
ULK1	0.03367	0.08802	0.1131
PUS1	0.03352	0.09588	0.06325
EP400	0.07788	0.10291	0.09369
EP400NL	0.02886	0.0814	0.0854
DDX51	0.03352	0.04568	0.04761
NOC4L	0.06007	0.13888	0.05687
RP13-977J11.2	0.0098	0.00423	0.00229
RP13-714J12.1	0.00016	0.00096	0.00119
FBRSL1	0.07085	0.0729	0.06351
RP13-554M15.8	5e-05	0.00091	0.00033
LRCOL1	0.00131	0.02685	0.00846
POLE	0.02418	0.02289	0.02746
PXMP2	0.03978	0.13706	0.0421
PGAM5	0.03342	0.0716	0.03518
ANKLE2	0.189	0.20233	0.17668
GOLGA3	0.08777	0.18868	0.16095
CHFR	0.10328	0.07192	0.08151
RP11-46H11.12	0.00379	0.00329	0.00513
RP11-46H11.3	0.00074	0.00116	0.00215
ZNF605	0.02649	0.14553	0.1195
ZNF26	0.0602	0.06256	0.07256
RP11-386I8.6	0.00058	7e-05	0.00042
ZNF84	0.06388	0.07507	0.06876
ZNF140	0.04225	0.04746	0.03231
ZNF891	0.0438	0.07421	0.08768
ZNF10	0.06142	0.02683	0.04108
ZNF268	0.04046	0.05786	0.03919
MPHOSPH8	0.39542	0.48536	0.42155
RP11-523H24.3	7e-05	0.00057	0.00093
PSPC1	0.10242	0.15366	0.09181
ZMYM5	0.10675	0.14572	0.12115
RP11-61K9.3	0.0109	0.03845	0.015
ZMYM2	0.30045	0.35763	0.35813
GJA3	0.00028	0.00045	0
GJB2	0.00493	0.06555	0.01888
GJB6	0.00081	0.01187	0.00061
CRYL1	0.10252	0.34232	0.08928
RP11-476H16.1	0.00039	0.00048	0.00153
IFT88	0.03671	0.09419	0.07903
RP11-172H24.4	0.00234	0.02468	0.0052
IL17D	0.00088	0.00564	0.00287
N6AMT2	0.04151	0.07926	0.03798
XPO4	0.04812	0.07063	0.05403
LATS2	0.06018	0.09932	0.07346
LATS2-AS1	0.00238	0.00222	0.0034
SAP18	0.86787	1.21012	0.63035
SKA3	0.01876	0.0386	0.00979
MRPL57	0.53289	1.10488	0.4605
LINC00539	0.0082	0.00041	0.00147
ZDHHC20	0.15412	0.25337	0.12836
MICU2	0.16801	0.18721	0.10524
FGF9	0.00497	0.00331	0.00257
LINC00540	0.0038	0.01549	0.00629
SACS	0.07801	0.08099	0.07537
LINC00327	0.00203	0.00073	0.0011
TNFRSF19	0.00042	0.00631	0.0045
MIPEP	0.01962	0.03954	0.0171
C1QTNF9B-AS1	0.00229	0.00812	0.00338
RP11-307N16.6	0.00075	0.00021	0.00283
SPATA13	0.10195	0.12938	0.10744
SPATA13-AS1	0.00074	0.00011	0
C1QTNF9	0	0.00033	0.00159
PARP4	0.12617	0.22868	0.12364
RNF17	0.00033	0.00029	0.00014
CENPJ	0.0222	0.03622	0.04138
PABPC3	0.00092	0.00106	0.00014
MTMR6	0.18653	0.09998	0.10081
RP11-271M24.2	0.00024	0.00019	0.00062
NUP58	0.24051	0.14225	0.13867
ATP8A2	0.00176	0.00205	0.00387
SHISA2	0.00136	0.00751	0.00538
RNF6	0.12312	0.12314	0.0654
RP11-380N8.7	0.00421	0.00916	0.00668
CDK8	0.03951	0.05152	0.04055
WASF3	0.00284	0.04944	0.02795
WASF3-AS1	1e-04	0.00096	0.00076
USP12	0.18307	0.15209	0.12502
RP11-428O18.6	0.00053	0.00667	0.00115
LINC00412	7e-05	0.00063	0.00085
RPL21	3.2007	3.19795	2.29406
RASL11A	0.01071	0.01353	0.02882
GTF3A	0.53536	0.72691	0.28204
MTIF3	0.285	0.47443	0.22767
LNX2	0.02655	0.07996	0.04266
POLR1D	0.51737	0.72024	0.39538
PDX1	0.00025	0.03176	0.01342
ATP5EP2	0.00984	0.00948	0.00389
LINC00543	0.00043	0.02482	0.01454
CDX2	0.00085	0.03161	0.00881
FLT3	0.00463	0.00022	7e-05
PAN3-AS1	0.00807	0.00644	0.0086
PAN3	0.13667	0.12354	0.11444
FLT1	0.04433	0.00207	0.10587
POMP	1.16761	1.63499	0.79941
SLC46A3	0.09665	0.04362	0.03506
MTUS2	2e-04	0.00041	0
SLC7A1	0.03495	0.11783	0.05572
UBL3	0.21371	0.28604	0.15011
LINC00572	7e-05	0.00132	0
LINC00365	0.00047	0.01234	0.00458
KATNAL1	0.0263	0.02046	0.02586
LINC00426	0.01884	0.00333	0.00477
HMGB1	1.71428	1.96167	1.39001
USPL1	0.10275	0.06595	0.05292
ALOX5AP	0.4854	0.02409	0.05332
MEDAG	0.00012	0.00097	0.02427
HSPH1	1.45147	0.58705	0.60215
B3GLCT	0.01853	0.03408	0.02699
FRY-AS1	0.00323	0.01362	0.01392
FRY	0.01479	0.18304	0.15679
BRCA2	0.0673	0.08814	0.0576
N4BP2L1	0.17763	0.06712	0.07337
N4BP2L2	0.80313	0.81744	0.94742
PDS5B	0.17723	0.16929	0.17275
RP11-380B4.3	0.00306	0.00278	0.00218
KL	0.00015	0.00017	0.00283
STARD13	0.03561	0.02698	0.05986
RP11-141M1.1	0.00111	0.00041	0
RP11-141M1.3	7e-05	0.00199	0.00251
RP11-37L2.1	1e-04	0.00034	0
RFC3	0.04042	0.06857	0.03448
NBEA	0.00539	0.04892	0.05608
DCLK1	0.00171	0.00025	0.01698
SOHLH2	0.00039	0.0165	0.00391
CCDC169	0.00023	0.00027	7e-04
SPG20	0.17837	0.23068	0.15925
SPG20-AS1	0.00126	0.0019	0.00101
CCNA1	0.00139	0.00023	0.00097
RFXAP	0.02076	0.03282	0.03393
SMAD9	0.00045	0.01054	0.02896
ALG5	0.18343	0.50071	0.19882
EXOSC8	0.15814	0.26012	0.14478
SUPT20H	0.13138	0.2054	0.17292
POSTN	0.00086	0.00114	0.07947
TRPC4	5e-05	0.0023	0.00511
RP11-93G5.1	0.00097	0.01455	0.00824
LINC00571	0.00039	0.00288	0.00195
UFM1	0.44402	0.83419	0.39195
FREM2	0.00041	0.0281	0.01416
PROSER1	0.04773	0.07127	0.05818
NHLRC3	0.16992	0.27333	0.22113
RP11-50D16.4	0.00019	0.00046	0.00046
LHFP	0.00774	0.00317	0.27407
COG6	0.049	0.1566	0.07877
RP11-427J23.1	0.00103	0.00052	0.00051
LINC00332	0.00054	0.00027	0
LINC00548	0.00076	0.00061	0.00019
FOXO1	0.13278	0.0893	0.08752
MRPS31	0.14233	0.29979	0.13037
SLC25A15	0.00437	0.03526	0.00656
ELF1	0.80537	0.41131	0.29485
WBP4	0.14592	0.26098	0.11116
KBTBD6	0.01801	0.04386	0.025
RP11-74J13.8	0.00175	0.00466	0.00191
KBTBD7	0.04475	0.1125	0.05471
MTRF1	0.02665	0.05375	0.03083
NAA16	0.07975	0.06937	0.06709
RGCC	1.14154	0.142	0.26671
VWA8	0.02728	0.06908	0.04768
VWA8-AS1	0	0.00063	0.00096
DGKH	0.09857	0.12741	0.22023
AKAP11	0.15561	0.20075	0.16657
TNFSF11	0.00345	0.00771	0.00846
LINC01050	0.00078	4e-05	0
EPSTI1	0.3218	0.12541	0.1069
DNAJC15	0.35297	0.3492	0.20912
ENOX1	0.00039	0.00017	0.00592
CCDC122	0.00417	0.03229	0.01404
LACC1	0.12661	0.03599	0.03615
RP11-65B7.2	0.00119	5e-04	0.0012
SMIM2-AS1	0.00184	0.03461	0.00627
RP11-478K15.6	0.00215	8e-05	0.00201
SERP2	0.00229	0.00432	0.01815
TSC22D1	0.13498	0.61378	0.62579
TSC22D1-AS1	0.00524	0.01137	0.01996
NUFIP1	0.04195	0.10812	0.04019
GPALPP1	0.07446	0.11657	0.08402
GTF2F2	0.13073	0.23712	0.1022
TPT1	4.00001	3.78238	2.97579
RP11-290D2.6	0.00277	0.00062	0.00157
TPT1-AS1	0.05264	0.12433	0.12026
RP11-290D2.3	0.00022	0.00042	0.00015
SLC25A30	0.05167	0.0349	0.02805
SLC25A30-AS1	0.00212	0.00592	0.00372
COG3	0.06461	0.14165	0.07865
SPERT	0	0.00162	0
ZC3H13	0.31028	0.33676	0.26407
CPB2-AS1	0.00377	0.00553	0.00301
CPB2	0.01335	0.43744	0.13326
LCP1	1.49451	0.08735	0.16652
LRRC63	0.00254	0.00147	0
LINC00563	0.00092	0.00022	0.00041
KIAA0226L	0.08247	0.00399	0.01075
LRCH1	0.07666	0.08812	0.07667
ESD	0.40924	0.96561	0.38722
LINC00562	0.00243	0.00593	0.00878
SUCLA2	0.09478	0.15692	0.0891
SUCLA2-AS1	3e-04	0.00184	0.00043
NUDT15	0.05474	0.17957	0.06477
RP11-90M2.5	0.00046	0.00215	0.00117
MED4	0.29378	0.33836	0.19388
ITM2B	2.03495	2.14198	1.56521
LINC00441	0.00362	0.00189	0.00323
RB1	0.43615	0.14928	0.1599
LPAR6	0.39488	0.14504	0.21321
RCBTB2	0.10266	0.0387	0.04977
CYSLTR2	0.01584	0.00125	0.01751
RP11-156K23.3	0.01462	0.02569	0.01488
FNDC3A	0.19386	0.38574	0.21165
CDADC1	0.04151	0.06773	0.03999
CAB39L	0.02458	0.02594	0.02195
SETDB2	0.09583	0.04951	0.05854
PHF11	0.25171	0.16162	0.13881
RCBTB1	0.03263	0.04518	0.03249
ARL11	0.06321	0.00281	0.00596
EBPL	0.12775	0.75703	0.28493
KPNA3	0.18886	0.19688	0.10991
RP11-195L15.2	0.00031	0.00021	0.00118
SPRYD7	0.07426	0.20507	0.07874
DLEU2	0.07098	0.07726	0.08418
TRIM13	0.14413	0.15384	0.11914
KCNRG	0.00325	0.00328	0.00122
DLEU1	0.04522	0.22548	0.07379
DLEU7	0.01643	0.0036	0.00306
DLEU7-AS1	0.00378	0.00614	0.00914
RNASEH2B-AS1	0.00161	0.0019	0.00457
RNASEH2B	0.20021	0.16492	0.08914
FAM124A	0.00121	0.00258	0.00933
INTS6	0.40113	0.34672	0.39256
INTS6-AS1	0.0165	0.02441	0.02781
WDFY2	0.19705	0.1424	0.14511
DHRS12	0.03813	0.08238	0.03485
RP11-327P2.5	0.01865	0.01892	0.01812
LINC00282	0.00036	0.00349	0.00458
ATP7B	0.0019	0.05344	0.02601
ALG11	0.01857	0.03983	0.03482
UTP14C	0.04078	0.12709	0.08791
NEK5	0.00392	0.02155	0.01288
RP11-248G5.9	0.00011	0.00037	0.00014
NEK3	0.04443	0.05624	0.043
THSD1	0.00113	0.00252	0.01194
VPS36	0.21048	0.28094	0.2003
RP11-245D16.4	0.01597	0.01149	0.00704
CKAP2	0.15589	0.10916	0.05235
HNRNPA1L2	0.02493	0.02933	0.01787
RP11-93H24.3	0.01038	0.01901	0.02317
SUGT1	0.34562	0.47956	0.24063
OLFM4	0.05176	0.52687	0.23704
RP11-108H9.1	0	0.00116	0.00015
RP11-78L16.1	0.00022	0.00938	0.00716
PCDH17	0.00019	0.00071	0.10804
DIAPH3	0.02394	0.0311	0.01239
TDRD3	0.08215	0.07405	0.07203
RP11-473M10.3	6e-05	0.00047	0.00063
LINC00355	0.00013	0.00456	0.00359
PCDH9	0.00399	0.01234	0.02483
PCDH9-AS2	5e-05	0.00047	0
LINC00383	0	0.00502	0.00286
RP11-459J23.1	0.00017	0.01077	0.0092
DACH1	0.00107	0.00046	0.01953
MZT1	0.19926	0.30936	0.12101
BORA	0.02428	0.02827	0.01267
DIS3	0.13707	0.1803	0.12321
PIBF1	0.04573	0.08115	0.06074
KLF5	0.01463	0.3518	0.19554
KLF12	0.09118	0.02976	0.05842
LINC00402	0.0069	0.00285	0.00245
TBC1D4	0.17	0.08019	0.06921
COMMD6	1.1749	1.47049	0.83031
UCHL3	0.13268	0.47724	0.13618
LMO7-AS1	0.00085	0.00156	0.00259
LMO7	0.02221	0.46527	0.30287
KCTD12	0.59277	0.07083	0.16244
AC000403.4	0.0015	0.00124	0.00149
CLN5	0.13062	0.21009	0.11864
FBXL3	0.19232	0.14659	0.13439
AC001226.7	0.00055	0.00047	0.00374
MYCBP2	0.40054	0.24253	0.24011
MYCBP2-AS1	0.00098	5e-04	9e-04
SCEL	0.00011	0.00796	0.00076
SLAIN1	0.01224	0.03566	0.00883
EDNRB	0.00865	0.00136	0.08679
RNF219	0.08495	0.09724	0.0599
RBM26	0.26099	0.2972	0.26425
RBM26-AS1	0.00462	0.01556	0.00902
NDFIP2	0.06424	0.25589	0.09969
LINC01068	0.00044	0.00105	0.00066
SPRY2	0.06893	0.15016	0.10235
SLITRK6	0	0.01144	0.01128
MIR4500HG	2e-05	0.00091	0.00089
RP11-29P20.1	0	0.00038	0.00105
SLITRK5	0.00024	0.00253	0.00119
LINC00397	3e-05	0.00074	0.00086
RP11-471M2.3	0.00039	0.0208	0.02387
RP11-75N6.3	7e-05	0.00572	0.009
LINC00379	0.00018	5e-04	0
GPC5	2e-04	0.00063	0.00023
RP11-632L2.2	0.00077	0.01616	0.00348
GPC6	0.00339	0.15232	0.09686
DCT	0.00026	0.00105	0.00023
TGDS	0.05062	0.13507	0.056
GPR180	0.03944	0.09321	0.05237
SOX21	6e-05	0.01433	0.00506
SOX21-AS1	0.00026	0.01931	0.00778
ABCC4	0.0227	0.10662	0.03249
CLDN10	0.00658	0.3837	0.17228
CLDN10-AS1	0	0.00544	0.00426
DZIP1	8e-05	0.00159	0.0127
DNAJC3-AS1	0.02162	0.09674	0.09252
DNAJC3	0.2821	0.4122	0.22334
UGGT2	0.02974	0.14889	0.11797
MBNL2	0.15257	0.28874	0.26561
RAP2A	0.26147	0.11627	0.1103
IPO5	0.12219	0.35154	0.15992
FARP1	0.09498	0.26225	0.23314
FARP1-AS1	0.00068	0.00091	0.00019
STK24	0.2694	0.33905	0.22548
STK24-AS1	0.00229	0.00306	0.00206
SLC15A1	0.00144	0.06213	0.03761
DOCK9	0.01853	0.08766	0.08345
DOCK9-AS2	0.00218	0.00409	0.0037
UBAC2-AS1	0.00641	0.02988	0.00521
UBAC2	0.19956	0.25196	0.13462
GPR18	0.04174	0.00192	0.0039
GPR183	1.00782	0.05996	0.13135
LINC00449	0.00162	0.00128	0.00262
TM9SF2	0.32754	0.60049	0.34315
CLYBL	0.02561	0.07685	0.02734
ZIC5	0.00186	0.04471	0.02145
ZIC2	0.00161	0.05989	0.02541
RP11-12G12.7	0.0233	0.19209	0.06167
PCCA	0.03582	0.10926	0.06357
GGACT	0.02463	0.05188	0.02138
RP11-151A6.6	3e-04	0.00071	0.0015
TMTC4	0.01319	0.07295	0.05205
NALCN	3e-05	0.0014	0.00135
ITGBL1	0.00028	0.00647	0.00715
FGF14	9e-05	0.00286	0.00091
FGF14-AS2	0.00245	0.01168	0.00606
RP11-29B2.6	0.00051	0.00099	0.00157
TPP2	0.15973	0.10933	0.08343
CCDC168	0.00403	0.00267	0.00311
TEX30	0.0766	0.11935	0.03939
KDELC1	0.00344	0.04137	0.02378
BIVM	0.02644	0.10659	0.07729
ERCC5	0.07064	0.09985	0.07711
LINC00460	0	0.00037	0.00035
EFNB2	0.01265	0.07314	0.09154
ARGLU1	0.51803	0.53426	0.72408
RP11-282A11.3	0.00014	0.00078	0.00056
FAM155A	1e-04	0.01244	0.00806
RP11-346C4.3	0	0.00102	0.00068
LIG4	0.03701	0.04546	0.04144
ABHD13	0.10354	0.12929	0.07967
TNFSF13B	0.42182	0.03876	0.06913
MYO16	0.00028	0.0024	0.00178
RP11-54H7.4	0.00211	0.002	0.00128
IRS2	0.2097	0.16736	0.11216
COL4A1	0.0064	0.02115	0.51922
COL4A2	0.00535	0.01967	0.49769
COL4A2-AS2	0.00269	0.00029	0
RAB20	0.23831	0.08095	0.06472
RP11-90L1.8	0.00075	0.00283	0.00241
CARKD	0.0281	0.06568	0.05069
CARS2	0.09224	0.14936	0.0891
ING1	0.12706	0.08511	0.09878
LINC00346	0.02763	0.00509	0.02086
ANKRD10	0.2091	0.31402	0.33357
RP11-365P13.5	0.02859	0.00518	0.01143
LINC00431	5e-05	0.00097	0.00035
ARHGEF7	0.12394	0.10367	0.15419
TEX29	0.00072	0.00071	0.00152
TUBGCP3	0.07223	0.05757	0.05347
RP11-88E10.4	0.00045	0.00057	0.00155
RP11-88E10.5	0.02197	0.02291	0.01009
ATP11A	0.09503	0.21834	0.14717
ATP11A-AS1	0.00146	0.00152	0.00243
MCF2L	0.00345	0.06592	0.07465
RP11-120K24.3	0.00023	0.00132	0.00145
MCF2L-AS1	0.00227	0.0413	0.01016
F7	0.01707	0.26285	0.15809
F10	0.0085	0.33885	0.16688
F10-AS1	5e-05	0.00049	0.00025
PROZ	0.00064	0.02636	0.00905
RP11-98F14.11	2e-04	0.00066	0.00017
PCID2	0.12577	0.24988	0.1605
CUL4A	0.11601	0.24312	0.11763
LAMP1	0.6245	0.65222	0.51729
GRTP1	0.00631	0.2234	0.09917
ADPRHL1	0.00065	0.00557	0.00393
DCUN1D2	0.01259	0.02565	0.02077
TMCO3	0.07758	0.18238	0.13827
TFDP1	0.14406	0.17113	0.08178
TMEM255B	0.01768	0.00131	0.06482
GAS6-AS1	0.01234	0.01292	0.01321
GAS6	0.09536	0.10061	0.14515
GAS6-AS2	0.00175	9e-04	0.00072
RASA3	0.10558	0.03429	0.04354
CDC16	0.09681	0.23498	0.11891
UPF3A	0.17614	0.40132	0.25805
CHAMP1	0.0696	0.1563	0.05678
CTD-2314B22.1	0.00013	0.00142	0.00054
AL589743.1	0.00072	0.03446	0.05126
LINC01297	0.00029	0.01865	0.02198
TTC5	0.0533	0.08314	0.05004
CTD-2292M16.8	0.00174	0.00431	0.00614
CCNB1IP1	0.08877	0.46568	0.18357
RPPH1	0.03284	0.02122	0.09083
PARP2	0.03072	0.07343	0.0463
TEP1	0.04358	0.06067	0.05003
OSGEP	0.15002	0.17162	0.12862
APEX1	0.37211	0.73418	0.34506
TMEM55B	0.10813	0.12755	0.07605
PNP	0.22942	0.26399	0.17435
RNASE4	0.01233	0.15285	0.03879
ANG	0.066	0.83106	0.25743
RNASE6	0.56425	0.0259	0.05792
RNASE1	0.94892	0.6121	0.46293
RP11-84C10.2	0.00132	0	0
RNASE2	0.01482	0.00088	0.00234
METTL17	0.07076	0.12503	0.12934
RP11-84C10.4	1e-04	0.00144	0.001
NDRG2	0.0399	0.21852	0.21083
TPPP2	0	0.00098	0.00036
AL161668.5	0	0.00144	0
ARHGEF40	0.0538	0.15314	0.14349
ZNF219	0.02367	0.06403	0.03823
TMEM253	0.00085	0.00619	0.00486
HNRNPC	1.2009	1.0991	0.71414
RPGRIP1	0.00201	0.00028	0.00081
SUPT16H	0.25245	0.32892	0.16797
RP11-524O1.4	0.00101	7e-04	0.00337
CHD8	0.12493	0.14243	0.09508
RAB2B	0.08226	0.08509	0.08815
TOX4	0.18565	0.26588	0.18329
METTL3	0.03347	0.09691	0.0602
SALL2	0.00123	0.02901	0.0143
TRAV1-1	0.00114	6e-05	0
TRAV1-2	0.00093	3e-05	0
TRAV3	0.00089	0	0
TRAV4	0.00518	4e-05	0.00086
TRAV5	0.00345	0	0.00011
TRAV6	0.00825	0.00014	0.00066
TRAV8-2	0.00933	0.00016	0.00034
TRAV8-3	0.00115	4e-05	0.00036
TRAV13-1	0.00318	0	0.00101
TRAV12-2	0.00197	0	0.00044
TRAV8-4	0.00109	7e-05	0.00035
TRAV13-2	0.00586	0.00031	0.00119
TRAV14DV4	0.00116	0	0
TRAV9-2	0.00095	0	0.00037
TRAV12-3	0.00193	4e-05	0
TRAV8-6	0.00098	0.00031	0.00039
TRAV17	0.0102	0.00035	6e-04
TRAV19	0.00299	0.00017	0
TRAV20	0.00263	2e-05	0.00028
TRAV21	0.00138	0	0
TRAV23DV6	0.00203	2e-05	0
TRAV25	0.00295	0	0
TRAV26-1	0.00195	0	0.00022
TRAV27	0.00142	5e-05	0
TRAV29DV5	0.00168	2e-05	0.00034
TRAV30	0.00068	3e-04	0
TRAV36DV7	0.00225	6e-05	0
TRAV41	0.00117	0	0
TRDC	0.03999	0.00091	0.00306
TRAC	0.6274	0.03131	0.07136
AE000662.93	0.00064	0.00324	0.00108
AE000662.92	0.00298	0.00037	0.00094
DAD1	0.78572	1.45109	0.74802
CH17-302M23.1	0.00017	0.00051	0.00115
ABHD4	0.02574	0.06571	0.03785
OXA1L	0.21092	0.45792	0.20191
SLC7A7	0.24406	0.06845	0.04626
MRPL52	0.48301	1.16087	0.44695
MMP14	0.09606	0.13008	0.13254
LRP10	0.18457	0.61012	0.34147
REM2	0.00184	0.00488	0.00314
RBM23	0.23298	0.10448	0.12405
PRMT5-AS1	0.004	0.0013	0.0066
PRMT5	0.03777	0.14429	0.04553
RP11-298I3.1	0.00056	0.00093	0.00029
HAUS4	0.05252	0.04355	0.02681
AJUBA	0.00583	0.13569	0.05456
RP11-298I3.4	0.00061	0.00977	0.01258
C14orf93	0.01068	0.03125	0.01887
PSMB5	0.20307	1.02515	0.37763
CDH24	0.00259	0.01865	0.03046
ACIN1	0.21984	0.23682	0.25431
C14orf119	0.20947	0.38794	0.14775
CEBPE	0.00457	0.00024	0.00054
SLC7A8	0.15418	0.03827	0.03985
RNF212B	0.00035	0.00471	0.00139
HOMEZ	0.01968	0.03876	0.01665
PPP1R3E	0.0256	0.04312	0.04949
BCL2L2	0.01352	0.05356	0.05016
PABPN1	0.31245	0.51803	0.44761
SLC22A17	0.00219	0.00348	0.03041
EFS	9e-05	0.00017	0.00718
NGDN	0.11561	0.18843	0.10051
ZFHX2	0.00422	0.00594	0.00693
THTPA	0.03313	0.07709	0.03569
AP1G2	0.07286	0.16599	0.13058
RP11-66N24.3	0.01093	0.01313	0.02436
JPH4	0.00265	0.00035	0.00384
RP11-66N24.6	1e-04	0.00413	0.00179
DHRS2	0.00015	0.00154	0.0012
DHRS4-AS1	0.04666	0.09208	0.03727
DHRS4	0.09547	0.28404	0.07303
DHRS4L2	0.12394	0.3136	0.11267
LRRC16B	0.00099	0.00208	0.00187
NRL	0.00497	0.01391	0.00696
PCK2	0.07771	0.30697	0.0864
DCAF11	0.11163	0.18728	0.10487
FITM1	0.00126	0.00163	0.00224
PSME1	0.96228	1.00762	0.53384
EMC9	0.08095	0.16722	0.06095
RP11-468E2.5	0.00718	0.00535	0.00615
PSME2	0.76401	0.94944	0.42447
RNF31	0.00291	0.00273	0.0047
RP11-468E2.4	0.02104	0.01641	0.02698
IRF9	0.06392	0.05251	0.07509
REC8	0.02547	0.04235	0.04131
IPO4	0.01662	0.11406	0.03533
TM9SF1	0.01935	0.04456	0.02738
RP11-468E2.10	0.00034	0.00268	0.0024
TSSK4	0.00028	0.00073	0.00045
CHMP4A	0.44405	0.44382	0.24115
MDP1	0.02618	0.06154	0.0216
NEDD8	0.78084	1.31073	0.63503
GMPR2	0.08518	0.22188	0.09246
TINF2	0.13054	0.10101	0.06824
TGM1	0.00158	0.00245	0.00573
RABGGTA	0.05732	0.09681	0.04653
DHRS1	0.06003	0.15088	0.08951
NOP9	0.02855	0.04285	0.03308
CIDEB	0.05766	0.17637	0.0486
LTB4R2	0.00444	0.00266	0.00349
LTB4R	0.07025	0.03716	0.04263
ADCY4	0.00761	0.01115	0.08848
RIPK3	0.03226	0.03337	0.02526
NFATC4	0.00238	0.03971	0.0769
NYNRIN	0.00564	0.05349	0.04462
CBLN3	0.0029	0.00676	0.00864
KHNYN	0.05762	0.07124	0.06201
SDR39U1	0.06451	0.16552	0.10531
RP11-80A15.1	0.00025	0.00047	0
CMA1	0.00186	0	0
CTSG	0.01151	0.00098	0.00363
GZMH	0.13858	0.00545	0.01193
GZMB	0.08489	0.00315	0.00644
STXBP6	0.00685	0.17475	0.04405
NOVA1	0.00106	0.04345	0.03813
NOVA1-AS1	0.00022	0.01186	0.00262
RP11-626P14.2	5e-05	0.00093	0.00049
CTD-2591A6.2	0.00012	0.00353	0.00162
FOXG1	6e-05	4e-04	0.00038
LINC01551	0.00078	0.00073	0.00106
PRKD1	1e-04	0.00727	0.0094
RP11-1103G16.1	0.00148	0.05456	0.0123
G2E3	0.10004	0.09502	0.06815
SCFD1	0.24482	0.32664	0.18127
COCH	0.00678	0.03867	0.01899
RP11-829H16.3	0.00023	0.00042	0.00034
STRN3	0.09663	0.2366	0.14802
AP4S1	0.03982	0.04036	0.02723
HECTD1	0.22762	0.3817	0.23632
RP11-596D21.1	0.00067	0.00079	0.00113
HEATR5A	0.05737	0.07332	0.04875
RP11-176H8.1	0.00175	0.01986	0.00506
CTD-2213F21.2	0.00027	0.00179	0.00049
DTD2	0.01838	0.05623	0.02684
NUBPL	0.02988	0.06343	0.03838
RP11-187E13.1	0.00048	0.00396	0.00129
ARHGAP5-AS1	0.00677	0.0257	0.02306
ARHGAP5	0.22263	0.40311	0.27891
AKAP6	0.00606	0.00719	0.01411
NPAS3	0.00031	0.00117	0.00219
EGLN3	0.14392	0.18653	0.11111
SPTSSA	0.19283	0.4687	0.22806
EAPP	0.23678	0.39582	0.17052
SNX6	0.77359	0.5289	0.35294
CFL2	0.09125	0.42535	0.16408
BAZ1A	0.43897	0.28228	0.20462
RP11-73E17.2	0.02715	0.01627	0.0163
SRP54	0.25855	0.34696	0.18078
FAM177A1	0.5534	0.74151	0.37416
PPP2R3C	0.21529	0.17192	0.09651
KIAA0391	0.0094	0.00963	0.00703
RP11-561B11.2	0.00039	0.00119	0.0017
PSMA6	0.07693	0.09129	0.0648
RP11-561B11.3	0.00183	0	0.00065
NFKBIA	1.77309	0.43878	0.55983
RALGAPA1	0.25573	0.17096	0.19654
RP11-317N8.5	0.00115	0.00117	0.00375
BRMS1L	0.02493	0.05573	0.02882
MBIP	0.07339	0.13751	0.09604
NKX2-8	0.00011	0.00594	0.00195
PAX9	0.00023	0.01018	0.00393
SLC25A21	6e-04	0.01398	0.00281
SLC25A21-AS1	0.00076	0.03064	0.01735
MIPOL1	0.00134	0.07554	0.06849
RP11-356O9.1	0	0.00054	0.00087
FOXA1	0.00329	0.12932	0.0501
TTC6	0.00133	0.06244	0.02483
SSTR1	0.00014	0.01508	0.00444
CLEC14A	0.00019	0.00025	0.0883
LINC00639	0.00196	0.00089	0.00029
SEC23A	0.159	0.29141	0.19939
RP11-545M17.1	0.00015	0.00219	0.00148
GEMIN2	0.05634	0.13975	0.04844
TRAPPC6B	0.09622	0.10302	0.09646
RP11-407N17.4	0.00037	8e-05	0.00083
PNN	0.43572	0.50852	0.51644
MIA2	0.00016	0.0233	0.0141
RP11-407N17.3	4e-05	0.00467	0.00344
CTAGE5	0.05576	0.19144	0.12678
RP11-407N17.5	0.00495	0.00372	0.00592
FBXO33	0.11145	0.08404	0.06075
RP11-111A21.1	0.00027	0.00087	0.00084
RP11-129M6.1	0.00013	0.00672	0.00631
RP11-214N1.1	0	4e-04	0.00138
C14orf28	0.01842	0.05159	0.02817
KLHL28	0.1279	0.08752	0.08378
FAM179B	0.06628	0.10646	0.10094
PRPF39	0.05609	0.08083	0.07477
FKBP3	0.27367	0.63524	0.22735
FANCM	0.02752	0.03416	0.03458
MIS18BP1	0.24145	0.14126	0.16075
RP11-454K7.3	0	0.00116	0.00114
MDGA2	0	0.00498	0.00238
LINC00648	0.00129	0.03525	0.02479
RPS29	3.26964	3.21584	2.41277
LRR1	0.05382	0.05967	0.02327
RPL36AL	1.46106	1.6182	0.89429
MGAT2	0.13274	0.14284	0.08008
RP11-649E7.5	0.00467	0.00249	0.00246
DNAAF2	0.06108	0.15633	0.06812
POLE2	0.01491	0.06286	0.01613
KLHDC1	0.01408	0.01432	0.01808
KLHDC2	0.11793	0.47183	0.19327
NEMF	0.2301	0.3292	0.24617
RP11-596C23.6	0.00205	0.0017	0.00205
RP11-596C23.2	0.04016	0.02271	0.03411
ARF6	0.6945	0.49326	0.30862
LINC01588	0.05039	0.015	0.01922
VCPKMT	0.04868	0.06573	0.04645
SOS2	0.11628	0.10188	0.09658
L2HGDH	0.01159	0.03788	0.01609
ATP5S	0.08038	0.13481	0.07662
RP11-247L20.4	0.00022	0.00088	0
CDKL1	0.00502	0.00982	0.00973
MAP4K5	0.09085	0.14812	0.13909
ATL1	0.0041	0.0168	0.01363
SAV1	0.09907	0.13286	0.14191
NIN	0.19151	0.05574	0.0747
PYGL	0.15747	0.17882	0.08305
RP11-218E20.3	0.00064	0.01014	0.00281
TRIM9	0.00209	0.04506	0.02271
TMX1	0.28123	0.42925	0.21936
LINC00640	7e-05	0.00062	0.00126
FRMD6	0.00447	0.05219	0.03777
RP11-102G14.1	0.00013	0.00088	0.00234
FRMD6-AS1	0.00553	0.02695	0.02955
GNG2	0.47107	0.02073	0.07859
RP11-463J10.3	0.00114	0	0
C14orf166	0.58101	0.96808	0.45792
NID2	0.00054	0.00331	0.06565
PTGDR	0.01435	0.00011	0.00216
PTGER2	0.08821	0.00863	0.00581
TXNDC16	0.06059	0.0346	0.02593
GPR137C	0.00565	0.01376	0.01335
ERO1A	0.47996	0.66983	0.35943
RP11-841O20.2	0.12703	0.18534	0.08816
PSMC6	0.38529	0.61585	0.33158
STYX	0.1145	0.15371	0.07369
GNPNAT1	0.06663	0.4132	0.1265
RP11-589M4.1	0.0018	0.00181	0.00331
FERMT2	0.01205	0.11857	0.19811
DDHD1	0.21456	0.0723	0.10244
RP11-547D23.1	0.00121	0.00053	0.00039
AL163953.2	0.00014	0.00147	0.00196
BMP4	0.00088	0.13343	0.05431
CDKN3	0.08019	0.11753	0.03628
CNIH1	0.3491	0.67667	0.31291
GMFB	0.21244	0.27254	0.10598
CGRRF1	0.09059	0.10315	0.04929
SAMD4A	0.08733	0.09599	0.09028
GCH1	0.10971	0.09083	0.05079
WDHD1	0.02346	0.03103	0.01655
SOCS4	0.09653	0.09933	0.09683
MAPK1IP1L	0.34327	0.37267	0.21413
LGALS3	1.17541	0.82471	0.62799
DLGAP5	0.05558	0.06247	0.01772
RP11-665C16.6	4e-04	0.00039	0
FBXO34	0.11021	0.19993	0.16209
ATG14	0.07267	0.07398	0.06049
KTN1-AS1	0.003	0.05058	0.01463
KTN1	0.59623	0.96584	0.76481
LINC00520	0.00873	0.00265	0.00145
CTD-2588E21.1	0.00103	0.00295	0.00629
PELI2	0.0182	0.05771	0.05388
RP11-930O11.3	0.00143	0.00227	0.00175
TMEM260	0.05048	0.10994	0.08513
RP11-108M12.3	0.00047	0.00443	0.00316
EXOC5	0.19596	0.16089	0.124
AP5M1	0.0895	0.10374	0.07297
NAA30	0.06448	0.10486	0.0671
C14orf105	0.00785	0.27164	0.19364
C14orf37	0.00294	0.0037	0.00617
ACTR10	0.22119	0.39359	0.20552
PSMA3	0.43666	0.92791	0.36841
PSMA3-AS1	0.27695	0.24275	0.2872
LINC00216	0.00079	0.00017	0.00032
ARID4A	0.25978	0.18481	0.14275
TOMM20L	0.00023	0.00109	0.00036
TIMM9	0.11309	0.37246	0.13696
KIAA0586	0.08365	0.095	0.07827
DACT1	0.00147	0.00189	0.02545
DAAM1	0.11975	0.24242	0.21361
GPR135	0.00235	0.00767	0.014
L3HYPDH	0.02131	0.05278	0.04607
JKAMP	0.16693	0.29439	0.13974
RTN1	0.08515	0.00482	0.01287
RP11-62H20.1	6e-05	0.00058	0.00035
LRRC9	0	0.00092	5e-04
RP11-16B13.1	0	0.00446	0.00279
PCNXL4	0.21175	0.17588	0.16659
DHRS7	0.36583	0.6133	0.29695
CTD-2184C24.2	0.00064	0.00032	0.00033
PPM1A	0.15511	0.22511	0.14987
CTD-2568P8.1	0.00017	0.00118	0.00018
SIX1	0.00076	0.04839	0.03855
SIX4	0.00116	0.03427	0.01751
MNAT1	0.09406	0.25482	0.11592
TRMT5	0.04621	0.08886	0.03431
SLC38A6	0.19007	0.09231	0.06925
PRKCH	0.17642	0.02148	0.06777
TMEM30B	0.00301	0.16444	0.0696
RP11-902B17.1	0.02183	0.00568	0.03717
RP11-47I22.2	0.00157	0.00075	0.00718
FLJ22447	0.0025	0.00126	0.00379
HIF1A	0.4758	0.33832	0.35397
HIF1A-AS2	0.03348	0.00292	0.00533
SNAPC1	0.16061	0.08809	0.08249
RHOJ	0.00116	0.00101	0.06368
PPP2R5E	0.23659	0.3393	0.21669
CTD-2302E22.4	0.00333	0.00496	0.00694
WDR89	0.04331	0.09073	0.04826
CTD-2302E22.6	0.00384	0.00279	0.00176
SGPP1	0.14029	0.08717	0.05698
SYNE2	0.26007	0.43756	0.54766
ESR2	0.019	0.00335	0.00926
RP11-544I20.2	0.00122	0.00189	0.00379
MTHFD1	0.06265	0.13485	0.05044
CTD-2555O16.4	0.00353	0.00063	0.00159
ZBTB25	0.12488	0.06689	0.06458
AKAP5	0.02755	0.01418	0.0125
ZBTB1	0.26935	0.11915	0.15264
HSPA2	0.0478	0.12284	0.1521
PPP1R36	0.00151	0.02771	0.00845
PLEKHG3	0.0158	0.08959	0.06995
SPTB	0.00034	0.00159	0.00412
CHURC1	0.52884	0.81542	0.40578
GPX2	0.09215	1.65303	0.62644
RAB15	0.00529	0.0431	0.02373
FNTB	0.02196	0.04013	0.02453
MAX	0.25496	0.18682	0.13726
FUT8	0.0637	0.14787	0.06757
FUT8-AS1	0.00365	0.01242	0.00529
RP11-72M17.1	0.00416	0.00404	0.00211
GPHN	0.02021	0.04974	0.02673
FAM71D	0.01062	0.01778	0.00781
MPP5	0.0545	0.12845	0.07699
ATP6V1D	0.28422	0.37382	0.15853
EIF2S1	0.23931	0.35113	0.14671
PLEK2	0.01383	0.11779	0.03764
TMEM229B	0.00744	0.0038	0.004
PLEKHH1	0.00584	0.06324	0.04226
PIGH	0.06842	0.19998	0.07151
ARG2	0.03585	0.01516	0.02394
VTI1B	0.28436	0.39027	0.18845
RDH11	0.1631	0.42797	0.2454
RDH12	0.00095	0.03007	0.00799
ZFYVE26	0.03857	0.0378	0.0373
RAD51B	0.02716	0.0205	0.02057
CTD-2566J3.1	0.00054	0.00101	0.00123
CTD-2325P2.4	0.00085	0.01639	0.00952
ZFP36L1	1.69016	1.08728	1.14085
ACTN1	0.26208	0.47861	0.36613
ACTN1-AS1	0.00025	0.00098	0.00124
DCAF5	0.11196	0.15801	0.15174
RP11-817G13.3	0.00056	0.00074	0.00063
RP11-363J20.1	0.00028	0.00382	0.00253
EXD2	0.02587	0.06433	0.04217
GALNT16	0.00018	0.00054	0.00754
ERH	0.58707	1.29905	0.56233
SLC39A9	0.06284	0.16058	0.0907
PLEKHD1	0.00053	0.00117	0.00148
SUSD6	0.15444	0.07775	0.10297
SRSF5	0.76212	0.67542	0.67203
SLC10A1	7e-04	8e-05	0.00037
SMOC1	0.00451	0.16505	0.07989
SLC8A3	0.00045	3e-04	0
COX16	0.14387	0.23945	0.12285
SYNJ2BP-COX16	0.00073	0.00257	0.00102
SYNJ2BP	0.08667	0.22411	0.14444
ADAM20P1	0.00182	0.00335	0.00529
ADAM20	0.0017	0.00162	0.00389
MED6	0.16507	0.21451	0.14141
TTC9	0.01502	0.02617	0.0108
MAP3K9	0.00692	0.03314	0.02026
RP6-65G23.3	0.00248	0.03278	0.00832
RP6-65G23.5	0.00051	0.00378	0.00408
RP1-292L20.3	0.0036	0.00352	0.00248
PCNX	0.15273	0.0806	0.09414
RP6-91H8.3	0.0101	0.00085	0.0012
RP1-261D10.2	0.00038	0.00229	0.00048
SIPA1L1	0.10919	0.12173	0.08808
RGS6	0.00065	0.00032	0.00273
AC005477.1	0.00038	0.00055	0.00792
DPF3	0.00498	0.00247	0.00183
DCAF4	0.01389	0.04836	0.02156
ZFYVE1	0.02895	0.02998	0.02495
RP11-109N23.4	0.00254	0.00178	0.00286
RBM25	0.70758	0.57874	0.54324
PSEN1	0.16384	0.1577	0.10747
PAPLN	0.0077	0.02806	0.04298
RP4-647C14.2	0.00912	0.00161	0.0025
RP4-647C14.3	0.0023	0.00462	0.00288
NUMB	0.23214	0.29672	0.27063
HEATR4	0.00046	0.00078	0.00104
C14orf169	0.03657	0.03304	0.01298
ACOT1	0.00059	0.0128	0.00354
ACOT2	0.03046	0.10748	0.03554
ACOT4	0.01426	0.04765	0.00846
ACOT6	0.00013	0.00242	0.00076
RP3-414A15.10	0.00196	0.02767	0.0087
DNAL1	0.03257	0.06868	0.04215
PNMA1	0.05923	0.05839	0.05956
ELMSAN1	0.17209	0.14582	0.13776
RP5-1021I20.1	0.00209	0.00391	0.00202
PTGR2	0.03086	0.18504	0.07525
RP5-1021I20.4	0.00018	0.00114	0.00061
ZNF410	0.0189	0.00565	0.01084
RP5-1021I20.5	0.00545	0.00189	0.00237
FAM161B	0.01196	0.02003	0.0157
COQ6	0.03369	0.0696	0.04386
ENTPD5	0.03426	0.41313	0.19497
AC005480.1	0.00044	0.00127	0.00105
BBOF1	0.00629	0.02381	0.02041
ALDH6A1	0.05495	0.18987	0.058
LIN52	0.02454	0.03496	0.02582
ABCD4	0.09615	0.20949	0.20482
RP3-449M8.9	0.00156	0.00013	0.00075
NPC2	1.48742	1.06026	0.6265
ISCA2	0.14978	0.31829	0.09122
LTBP2	0.02458	0.00959	0.02061
CTD-2207P18.2	0.00022	0.00067	0
AREL1	0.03404	0.0506	0.04012
FCF1	0.0705	0.09271	0.05982
YLPM1	0.09369	0.15711	0.12579
DLST	0.08389	0.09289	0.07707
RPS6KL1	0.00702	0.01405	0.01231
PGF	0.01293	0.03832	0.15129
EIF2B2	0.0833	0.20254	0.08304
RP11-950C14.3	0.00033	0.00032	0.00099
MLH3	0.05624	0.21291	0.19083
ACYP1	0.06863	0.12768	0.10913
ZC2HC1C	0.00286	0.01408	0.01102
NEK9	0.06465	0.11853	0.08264
RP11-950C14.7	0.00088	0.00024	3e-04
TMED10	0.60061	1.21629	0.57517
CTD-3075F15.1	0.0023	0.00205	0.00125
FOS	2.51175	1.30068	1.77132
LINC01220	0.00522	0.00602	0.00264
RP11-293M10.6	0.00369	0.00119	0.00208
JDP2	0.0892	0.08005	0.05249
BATF	0.30139	0.05044	0.04972
AC007182.6	0.00054	0.00056	0.00051
FLVCR2	0.06134	0.01248	0.01354
TTLL5	0.03047	0.04271	0.04557
C14orf1	0.08269	0.58008	0.15066
IFT43	0.04273	0.26661	0.13785
TGFB3	0.00413	0.01948	0.07807
GPATCH2L	0.24138	0.20437	0.24
VASH1	0.03494	0.00774	0.0373
RP11-488C13.5	0.0086	0.03177	0.02932
ANGEL1	0.01934	0.04809	0.02929
IRF2BPL	0.11257	0.09509	0.11359
RP11-7F17.8	0.01429	0.00864	0.00924
RP11-7F17.5	0.00025	8e-04	0.00018
RP11-7F17.3	9e-05	0.00045	0.00053
CIPC	0.045	0.05286	0.02826
TMEM63C	0.00051	0.00044	0.00015
POMT2	0.01111	0.03924	0.02572
GSTZ1	0.07285	0.19802	0.06715
TMED8	0.07363	0.07636	0.05291
SAMD15	0.0034	0.00671	0.00595
NOXRED1	0.00111	0.00276	0.00357
VIPAS39	0.03844	0.0612	0.04098
AHSA1	0.44678	0.42779	0.26122
SPTLC2	0.11783	0.1267	0.09378
ALKBH1	0.02754	0.04887	0.02176
SLIRP	0.45481	1.33503	0.56315
SNW1	0.32058	0.34791	0.17543
ADCK1	0.01382	0.02875	0.02234
NRXN3	0.00068	0.02754	0.02556
DIO2	0.00011	0.00102	0.00285
CEP128	0.02548	0.01511	0.01627
TSHR	0.00064	3e-05	0.00063
RP11-114N19.3	2e-04	0.00055	0.00064
GTF2A1	0.13673	0.12134	0.09515
CTD-2506P8.6	0.00595	0.0069	0.01662
STON2	0.04152	0.04933	0.02845
SEL1L	0.23519	0.4339	0.27513
FLRT2	0.00039	0.00345	0.022
CTD-2341M24.1	0.01082	0.00507	0.00449
GALC	0.13425	0.12636	0.07048
GPR65	0.43353	0.01918	0.04324
LINC01146	0.00778	0.08213	0.04821
KCNK10	5e-04	0.01201	0.00457
SPATA7	0.03654	0.04713	0.03736
PTPN21	0.00202	0.04414	0.03634
ZC3H14	0.10014	0.24338	0.13169
EML5	0.00401	0.00056	0.00165
TTC8	0.01474	0.07369	0.031
FOXN3	0.29684	0.13648	0.12742
RP11-356K23.1	0.00082	4e-05	0.00019
FOXN3-AS1	0.01753	0.0232	0.00946
FOXN3-AS2	0.00259	0.00027	0.00053
RP11-944C7.1	0.00103	0.00141	0.00019
EFCAB11	0.02378	0.05998	0.02423
TDP1	0.05198	0.04068	0.02559
KCNK13	0.03103	0.00119	0.0036
PSMC1	0.27551	0.45347	0.20029
NRDE2	0.06222	0.11557	0.11332
RP11-471B22.3	0.00603	0.00208	0.00818
CALM1	1.94758	1.32374	0.91537
TTC7B	0.02835	0.02314	0.0241
RPS6KA5	0.1134	0.04474	0.05579
C14orf159	0.08748	0.06782	0.07584
GPR68	0.01511	0.00102	0.00597
CTD-2547L24.4	0.00131	0.00036	0.00138
CCDC88C	0.11735	0.08846	0.06138
RP11-895M11.3	0	0.00044	0
PPP4R3A	0.30257	0.22296	0.21429
CATSPERB	0.00119	0.00673	0.0084
TC2N	0.12003	0.24407	0.18207
FBLN5	0.01711	0.03113	0.01454
TRIP11	0.1674	0.32995	0.25068
ATXN3	0.15172	0.14855	0.14735
NDUFB1	0.84003	1.27654	0.67862
CPSF2	0.15626	0.19235	0.10016
SLC24A4	0.01742	0.00069	0.00227
RIN3	0.19504	0.05186	0.05014
LGMN	1.03402	0.54008	0.38258
GOLGA5	0.06348	0.15887	0.08223
CHGA	0	0.00116	0.00023
ITPK1	0.08037	0.08013	0.04845
ITPK1-AS1	0.00617	0.00385	0.00173
MOAP1	0.06923	0.08858	0.0574
TMEM251	0.1698	0.23709	0.08609
C14orf142	0.07089	0.11934	0.05227
UBR7	0.05637	0.05485	0.03254
BTBD7	0.1199	0.18141	0.16224
UNC79	0.00077	0.0013	0.0017
COX8C	0.00013	0.00057	0.00036
ASB2	0.0384	0.00256	0.00779
OTUB2	0.00576	0.03335	0.01278
DDX24	0.91545	0.52564	0.46639
IFI27L1	0.04565	0.20961	0.06555
IFI27	0.11569	0.95695	0.88741
IFI27L2	0.46087	0.34029	0.25875
PPP4R4	0.00025	0.00163	0.00033
SERPINA10	0.00449	0.17517	0.06019
SERPINA6	0.01483	0.5329	0.19785
SERPINA1	1.24559	3.41276	2.02424
SERPINA11	0.00112	0.03869	0.01004
SERPINA4	0.00721	0.34737	0.1306
SERPINA5	0.00902	0.39252	0.15508
SERPINA3	0.00257	0.07195	0.02818
GSC	0.00167	0.01369	0.00769
DICER1	0.30752	0.32079	0.25313
DICER1-AS1	0.00764	0.04246	0.04179
CLMN	0.02736	0.22293	0.17566
SYNE3	0.04379	0.0068	0.02849
RP11-1070N10.3	0.00422	0.00042	2e-04
SNHG10	0.02023	0.07188	0.04858
GLRX5	0.24389	0.69825	0.2503
RP11-1070N10.5	4e-04	0.00056	0.00044
TCL1B	2e-05	0.00064	0.00014
TCL1A	0.00158	0	0
C14orf132	0.00028	0.00735	0.00787
BDKRB2	0	0.0077	0.01
BDKRB1	4e-05	0.00373	0.00344
RP11-404P21.3	0.00184	0.07201	0.01558
ATG2B	0.04837	0.09565	0.0779
GSKIP	0.09136	0.22305	0.09712
AK7	3e-04	0.0157	0.00549
RP11-872J21.3	0.00978	0.03943	0.02806
PAPOLA	0.6475	0.81361	0.48734
RP11-433J8.1	0.00074	0.00127	0.00119
VRK1	0.0787	0.09744	0.03804
LINC00618	0.00051	0.00046	0.00049
LINC01550	0.02147	0.01162	0.00901
BCL11B	0.20961	0.0548	0.03513
SETD3	0.16085	0.12854	0.0939
CCNK	0.15337	0.15624	0.10189
CCDC85C	0.01116	0.04711	0.02641
HHIPL1	0.00036	0.00448	0.00771
CYP46A1	0.00038	0.00235	0.00645
EML1	0.00173	0.02226	0.02721
EVL	0.66852	0.14087	0.19163
DEGS2	0.00506	0.11337	0.02748
YY1	0.53826	0.63397	0.38882
SLC25A29	0.04197	0.0646	0.06141
SLC25A47	0.00144	0.04333	0.00956
WARS	0.17531	0.18208	0.11165
WDR25	0.02201	0.0378	0.02414
BEGAIN	0.00171	0.00176	0.00055
MEG3	0.03485	0.32961	0.36477
MEG8	0.00013	0.00572	0.00864
SNHG23	0.00071	0.05133	0.05231
AL132709.8	0.00033	0.02459	0.02928
SNHG24	4e-05	0.00217	0.00314
MEG9	0.00025	0.00727	0.00725
RP11-8L8.2	0.00409	0.00029	0.00055
CTD-2561F5.1	0	0.00071	0.00016
RP11-168L7.1	6e-05	0.00785	0.00356
LINC00524	0.00019	0.01314	0.00248
DIO3OS	0.00217	0.10623	0.05617
DIO3	0.00026	0.0083	0.0066
LINC00239	0.01201	0.03284	0.00768
PPP2R5C	0.6162	0.35778	0.25527
CTD-2017C7.1	0.02483	0.00224	0.00299
RP11-1017G21.5	0.04283	0.02558	0.03098
RP11-1017G21.6	0.00099	0.00241	0.00245
DYNC1H1	0.27658	0.46799	0.29639
RP11-1017G21.4	0.00091	0.00023	0
HSP90AA1	3.60262	2.51823	2.21126
WDR20	0.07897	0.09086	0.05765
MOK	0.01635	0.15619	0.0943
ZNF839	0.01383	0.03143	0.02812
CINP	0.14893	0.2558	0.10223
TECPR2	0.01714	0.03316	0.03278
ANKRD9	0.08134	0.09508	0.0755
CTD-2555C10.3	0.00052	0.02041	0.00955
RCOR1	0.17366	0.13051	0.1007
TRAF3	0.11649	0.06079	0.04767
AMN	0.0188	0.43336	0.25599
CDC42BPB	0.04167	0.16518	0.15019
RP11-736N17.11	0.00127	0.06519	0.00781
EXOC3L4	0.00728	0.15554	0.10066
LINC00677	0.00073	9e-05	0
TNFAIP2	0.30331	0.11404	0.15184
LINC00605	0.00015	0.00116	0.00053
RP11-736N17.10	0.00164	0.04757	0.03781
RP11-45P15.4	0.00171	0.00181	0.00165
EIF5	0.81352	0.92335	0.48832
MARK3	0.21189	0.18381	0.19701
CKB	0.01995	0.18456	0.08988
RP11-600F24.7	0.00148	0.00458	0.00536
TRMT61A	0.0335	0.09358	0.04518
BAG5	0.1423	0.20737	0.14743
KLC1	0.12328	0.13138	0.14359
APOPT1	0.20058	0.32123	0.14122
RP11-894P9.1	0.03674	0.01986	0.0343
RP11-73M18.10	0.00196	0.00133	0.0023
XRCC3	0.00908	0.01984	0.01623
ZFYVE21	0.09276	0.20838	0.12554
PPP1R13B	0.01425	0.06839	0.05469
LINC00637	0	0.00058	0.00224
CTD-2134A5.4	0.00013	0.00052	0.00017
C14orf2	1.01759	1.83392	0.92437
TDRD9	0.00323	0.00044	0.00247
ASPG	0.00428	0.09133	0.03929
KIF26A	2e-04	0.00104	0.00635
RP11-260M19.2	4e-05	0.00308	0.00368
TMEM179	0	0.01121	0.00594
RP11-982M15.8	0.00034	0.00143	0.00119
RP11-982M15.6	0.00021	0.00035	0.00033
INF2	0.1891	0.23452	0.23074
RP11-982M15.5	0.00048	0.00011	0.00024
ADSSL1	0.03283	0.05189	0.02267
SIVA1	0.41162	0.76479	0.34199
AKT1	0.15079	0.16378	0.13647
RP11-982M15.2	0.00032	0.00157	0.00111
ZBTB42	0.00522	0.02999	0.01778
LINC00638	0.00067	0.0013	0.00179
CTD-3051D23.4	4e-04	0.02687	0.02642
CEP170B	0.00881	0.09985	0.0732
PLD4	0.03823	0.00203	0.00326
AHNAK2	0.00332	0.15765	0.18475
C14orf79	0.00313	0.02287	0.01348
CDCA4	0.07023	0.05374	0.03003
GPR132	0.08414	0.01223	0.01551
RP11-44N21.1	0.00114	0.02953	0.00839
JAG2	0.00948	0.06468	0.08521
NUDT14	0.10992	0.43742	0.14596
BRF1	0.04308	0.04302	0.04487
BTBD6	0.0963	0.04851	0.05288
PACS2	0.06841	0.08825	0.0827
TEX22	0.00312	0.01002	0.00264
RP11-521B24.3	0.00273	0.01088	0.00749
MTA1	0.06505	0.15582	0.13634
CRIP2	0.02592	0.24147	0.45349
CRIP1	0.65659	0.30546	0.25642
AL928654.7	0.00121	2e-05	0.00083
C14orf80	0.05382	0.04119	0.03475
TMEM121	0.00356	0.00879	0.00898
IGHA2	0.01356	0.00686	0.00424
IGHE	0.00356	0.00023	0
IGHG4	0.08854	0.05296	0.06922
IGHG2	0.01643	0.00622	0.00851
AL928768.3	0.0125	0.00081	0.00135
IGHA1	0.14161	0.10768	0.1344
IGHG1	0.082	0.03325	0.04218
IGHG3	0.05296	0.02865	0.0468
IGHD	0.00463	0.00044	0
IGHM	0.05034	0.01548	0.02376
KIAA0125	0.01106	0.00203	0.0015
IGHV2-5	0.00108	0.00029	0.00036
IGHV3-11	0.00068	0.00019	0
IGHV1-18	0.00118	0.00021	0
IGHV3-21	0.00087	0.00024	0.00123
IGHV3-23	0.00089	4e-04	2e-04
IGHV4-39	0.00155	0.00018	0.00023
IGHV3-43	0.00128	0.00036	0
LINC00221	0.00262	0.05565	0.0181
IGHV3-48	0.00117	3e-04	0.00072
IGHV3-49	0.00235	0.00043	0.00058
IGHV3-53	0.00064	0.00025	0
CH17-212P11.5	0.00258	0.00043	2e-04
IGHV1-69-2	0.00099	0.00017	0.00026
RP11-403B2.7	0.00034	0.00138	0.00196
RP11-32B5.7	0.00108	0.00197	0.00352
NIPA1	0.03932	0.10629	0.05804
NIPA2	0.15693	0.20026	0.10629
CYFIP1	0.40087	0.2189	0.15448
TUBGCP5	0.02959	0.05001	0.04148
GOLGA8S	0.00039	0.00061	0.00015
MKRN3	0.00087	0.01403	0.01002
NDN	0.02885	0.37262	0.1535
SNRPN	0.22624	0.54803	0.24027
SNURF	0.00985	0.0201	0.0138
RP11-701H24.9	0.01615	0.05055	0.06
PWAR6	0.01407	0.18198	0.14403
RP11-701H24.4	1e-04	0.00059	0.00131
UBE3A	0.25434	0.32312	0.21344
ATP10A	0.01006	0.00829	0.01335
GABRB3	0.00041	0.03398	0.01484
GABRG3	0	0.00081	0.00093
OCA2	2e-05	0.002	0.0015
HERC2	0.07752	0.15092	0.14517
GOLGA8M	0.00044	0.00044	0.00026
RP11-578F21.6	0.00035	0.00044	0.00017
APBA2	0.01459	0.00441	0.00369
NSMCE3	0.24017	0.12253	0.08625
RP11-680F8.1	0.00278	0.1115	0.02773
TJP1	0.00505	0.25133	0.20148
RP11-680F8.3	0.00014	0.00435	0.01347
DKFZP434L187	2e-04	0.00083	0.00107
CHRFAM7A	0.00437	0.00926	0.00421
GOLGA8R	0.00291	0.0039	0.00515
AC026150.8	0.00039	0.00036	0.00109
GOLGA8Q	0.00042	0.00073	0.00133
RP11-932O9.8	0.00033	0.00032	0.00038
RP11-932O9.9	0.00358	0.00217	0.00219
RP11-932O9.7	0.00103	0.00146	0.00363
ARHGAP11B	0.03565	0.03212	0.03103
RP11-932O9.10	0.00281	0.00267	0.00359
FAN1	0.01961	0.07818	0.06448
MTMR10	0.06659	0.04367	0.03492
TRPM1	0	0.00072	0.00024
RP11-16E12.1	0.00769	0.00772	0.00281
RP11-16E12.2	0.00522	0.09297	0.03719
KLF13	0.18246	0.13687	0.11647
OTUD7A	0.00644	0.00195	0.00362
CHRNA7	0.00017	0.00576	0.00683
RP11-1000B6.3	0.04124	0.04065	0.06739
RP11-1000B6.8	0.00152	0.00131	0.00163
GOLGA8N	0.01711	0.01899	0.02562
RP11-1000B6.5	8e-04	0.00105	0.00068
ARHGAP11A	0.04871	0.06053	0.03
SCG5	0.00484	0.10953	0.0421
GREM1	0.00161	0.00061	0.00331
FMN1	0.08448	0.08705	0.09669
RP11-3D4.4	0.00022	0.00158	0.00103
RP11-3D4.3	0.00165	0.00779	0.01055
RP11-3D4.2	0.00053	0.00096	0.00192
AVEN	0.03346	0.09945	0.0419
EMC7	0.28673	0.55343	0.26243
PGBD4	0.01319	0.01976	0.02066
KATNBL1	0.20189	0.21223	0.18949
EMC4	0.19503	0.4303	0.18882
SLC12A6	0.10475	0.05888	0.05127
NOP10	1.03996	1.40793	0.64346
LPCAT4	0.06272	0.19657	0.15391
GOLGA8A	0.10127	0.09742	0.13668
GOLGA8B	0.10977	0.16724	0.21084
AQR	0.13282	0.14084	0.10314
ZNF770	0.112	0.22111	0.10779
RP11-323I15.5	3e-05	0.00067	0.00074
DPH6	0.05144	0.21681	0.08677
DPH6-AS1	4e-05	0.00214	0.00054
C15orf41	0.0145	0.0973	0.05456
MEIS2	0.00545	0.16042	0.16769
RP11-128A17.1	0.00069	0.00341	0.00717
RP11-128A17.2	0	0.00167	0.00366
RP11-1008C21.1	0.01112	0.00032	0.00045
RP11-1008C21.2	0.0044	0.00804	0.00755
RP11-346D14.1	0.00044	0.00377	0.00276
SPRED1	0.28587	0.16089	0.17066
FAM98B	0.08544	0.12729	0.08408
RASGRP1	0.22029	0.0338	0.03994
RP11-102L12.2	0.00045	0.00065	0.00058
RP11-275I4.1	0.00148	4e-05	0
RP11-275I4.2	0.00199	0.00047	0.001
C15orf53	0.01038	0.00033	9e-04
RP11-326N17.2	0.00302	0.00114	0.00156
RP11-624L4.1	0.00123	0.02085	0.0135
RP11-265N7.1	0.00022	0.00796	0.00749
RP11-462P6.1	3e-05	0.00323	0.00206
RP11-624L4.2	0.00649	0.00032	0.00213
THBS1	0.06597	0.14181	0.21113
CTD-2033D15.3	4e-04	8e-05	0.00048
FSIP1	0.00709	0.0028	0.0057
RP11-37C7.3	0.00405	0.00421	0.00712
GPR176	0.00015	0.0016	0.00809
RP11-325N19.3	0.00098	0.00066	0.00212
EIF2AK4	0.10901	0.16452	0.0964
SRP14	1.64691	2.05034	1.28018
SRP14-AS1	0.01303	0.04047	0.02099
RP11-521C20.5	0.00021	0.00056	0.00017
BMF	0.02488	0.0208	0.02048
BUB1B	0.02887	0.03405	0.01714
PAK6	0.00247	0.01116	0.00472
PLCB2	0.10945	0.00603	0.01873
INAFM2	0.03858	0.00835	0.01698
C15orf52	0.00499	0.04767	0.03388
PHGR1	0.00172	0.05455	0.0501
DISP2	0.0021	0.00648	0.00292
KNSTRN	0.0367	0.06566	0.0229
IVD	0.08386	0.22506	0.09697
BAHD1	0.03005	0.03762	0.02321
CHST14	0.02008	0.03875	0.02863
C15orf57	0.1493	0.13916	0.09455
RPUSD2	0.01601	0.0708	0.03198
CASC5	0.0609	0.06245	0.03417
RAD51	0.01618	0.02457	0.00961
RMDN3	0.07	0.14434	0.07588
GCHFR	0.17311	0.82448	0.21433
DNAJC17	0.07495	0.12887	0.06687
C15orf62	0.00039	0.00479	0.00335
ZFYVE19	0.05387	0.17068	0.08795
PPP1R14D	0.00051	0.03995	0.00991
RP11-532F12.5	0.00981	0.14525	0.06657
SPINT1	0.06032	0.27936	0.17729
RHOV	0.0035	0.05506	0.03365
VPS18	0.04457	0.04557	0.02529
RP11-540O11.1	0.00014	0.00089	0.00033
DLL4	0.00056	0.00375	0.03244
CHAC1	0.00321	0.02897	0.0151
INO80	0.06242	0.09114	0.07305
RP11-540O11.6	0.00053	0.00126	0.00133
EXD1	0.00032	0.00131	6e-04
CHP1	0.22732	0.63058	0.23379
OIP5	0.01437	0.03771	0.00905
NUSAP1	0.15099	0.15196	0.05626
NDUFAF1	0.05566	0.14533	0.05816
RTF1	0.39512	0.35892	0.27455
ITPKA	0.00341	0.06442	0.02177
LTK	0.01371	0.00435	0.00756
RPAP1	0.02727	0.11337	0.05451
TYRO3	0.00567	0.13159	0.06618
MGA	0.11511	0.14988	0.14426
MAPKBP1	0.02235	0.03486	0.04144
JMJD7-PLA2G4B	0.00142	0.00177	0.00058
PLA2G4B	4e-04	0.00032	0.00036
SPTBN5	0.0054	0.01033	0.01791
RP11-23P13.6	0.00919	0.01213	0.00804
EHD4	0.2307	0.12002	0.12742
PLA2G4E-AS1	4e-05	0.00067	0
PLA2G4E	0	0.00046	0.00028
PLA2G4D	0	0.00081	6e-05
PLA2G4F	0.00016	0.00637	0.00422
VPS39	0.05607	0.06796	0.06395
TMEM87A	0.19885	0.36087	0.25262
GANC	0.03526	0.0528	0.04559
CAPN3	0.01092	0.02112	0.03002
ZNF106	0.31202	0.29403	0.22119
SNAP23	0.3872	0.2987	0.19143
RP11-265N6.1	0.00472	0.0014	0.00294
LRRC57	0.09519	0.0739	0.06239
HAUS2	0.12273	0.07597	0.05334
RP11-265N6.2	0.0012	0.00052	0.00056
STARD9	0.01992	0.00405	0.03485
CDAN1	0.01147	0.0197	0.01552
CTD-2036P10.6	0.00061	0.00013	0.00051
TTBK2	0.06784	0.05659	0.06538
CTD-2036P10.3	0.00092	0.00116	0.00099
UBR1	0.08559	0.12803	0.10228
EPB42	0.01423	0.00765	0.00359
TMEM62	0.03176	0.06679	0.04203
CCNDBP1	0.26112	0.33354	0.15442
LCMT2	0.00966	0.02317	0.00811
ADAL	0.03021	0.056	0.03843
ZSCAN29	0.02517	0.06152	0.04249
TUBGCP4	0.04498	0.11192	0.08302
TP53BP1	0.06546	0.1096	0.09893
MAP1A	0.01711	0.01338	0.03956
PPIP5K1	0.0182	0.03592	0.02717
CKMT1B	0.00132	0.06803	0.02075
STRC	0.00077	0.00225	0.00264
CATSPER2	0.02971	0.07041	0.06176
CKMT1A	0.00146	0.06914	0.02113
PDIA3	0.76567	1.50431	0.99701
ELL3	3e-04	0.00085	0.00122
SERF2	2.4986	3.00941	2.03419
SERINC4	0.00073	0.0016	0.00193
HYPK	0.04204	0.05993	0.04522
MFAP1	0.19696	0.31358	0.12988
WDR76	0.04569	0.02423	0.01494
FRMD5	0.00045	0.01122	0.00328
CASC4	0.16678	0.40185	0.22528
CTDSPL2	0.14133	0.10681	0.10851
EIF3J-AS1	0.0425	0.15025	0.10117
EIF3J	0.44962	0.81097	0.40922
SPG11	0.1595	0.1843	0.15388
PATL2	0.02346	0.00379	0.00471
B2M	4.53821	2.62143	2.68447
TRIM69	0.11539	0.0565	0.04494
CTD-2008A1.3	0.00066	0.00239	0.00171
SORD	0.07268	0.34607	0.12164
DUOX2	0.00991	0.23287	0.33784
DUOXA2	0.00354	0.11458	0.20137
DUOXA1	0.00081	0.02597	0.02163
DUOX1	0.0076	0.05631	0.05135
SHF	0.01008	0.07503	0.03861
CTD-2651B20.3	0.00054	0.00149	0.001
SLC28A2	0.00189	0.06881	0.03085
GATM	0.63169	0.86107	0.34031
GATM-AS1	0.01825	0.02018	0.01475
SPATA5L1	0.0558	0.05544	0.02517
C15orf48	0.56862	0.38681	0.35583
RP11-519G16.5	0.00094	0.00195	0.00122
RP11-519G16.3	0.00559	0.01005	0.01616
SLC30A4	0.01348	0.00571	0.01103
RP11-96O20.5	0.00797	0.00286	0.00272
BLOC1S6	0.30566	0.25754	0.1755
SQRDL	0.29275	0.29973	0.10702
CTD-2306A12.1	0.00109	0.00108	0.00048
SEMA6D	8e-04	0.00265	0.02063
MYEF2	0.02838	0.04769	0.04209
RP11-154J22.1	0.00329	0.00194	0.00436
DUT	0.35623	0.50555	0.28408
FBN1	0.00133	0.00459	0.10644
RP11-227D13.5	0.00028	7e-04	0.00054
CEP152	0.0499	0.06444	0.06903
RP11-227D13.4	7e-05	0.00086	6e-04
SHC4	0.00088	0.00019	0.00217
EID1	0.52933	0.83751	0.51757
SECISBP2L	0.12685	0.15416	0.1214
COPS2	0.25231	0.36231	0.17573
GALK2	0.07268	0.16278	0.09846
FAM227B	0.00981	0.02912	0.01297
RP11-295H24.4	0.00389	0.01173	0.00728
FGF7	0.00046	0.00078	0.01238
DTWD1	0.11128	0.25533	0.13762
ATP8B4	0.09867	0.00516	0.01773
SLC27A2	0.01229	0.21486	0.06437
HDC	0.00993	0.00044	0.00251
GABPB1	0.27895	0.18598	0.16952
GABPB1-AS1	0.11165	0.30677	0.28394
CTD-3110H11.1	0.00116	0.00057	0.00237
USP8	0.31687	0.30964	0.21617
TRPM7	0.16466	0.15526	0.11879
SPPL2A	0.38036	0.37927	0.25443
CTD-2378E12.1	0.00094	0.00032	0.00106
AP4E1	0.0397	0.03544	0.02643
RP11-108K3.1	0	0.00096	0.00066
TNFAIP8L3	0.00323	0.0048	0.01345
CYP19A1	0.00067	0.00468	0.00061
RP11-108K3.2	0	0.00513	0.00503
GLDN	0.00075	0.00237	0.00682
DMXL2	0.39692	0.12481	0.15459
SCG3	0.00069	0.00017	0.00047
LYSMD2	0.23854	0.19897	0.10017
TMOD2	0.04423	0.00562	0.02269
TMOD3	0.39833	0.41152	0.29347
RP11-56B16.4	0.00074	2e-04	0.00055
LEO1	0.11276	0.23004	0.08632
MAPK6	0.16945	0.35931	0.14938
CTD-2650P22.1	0.00068	0.00046	0
CTD-2184D3.5	0.00117	0.00018	0.00057
BCL2L10	7e-05	0.0021	0.00188
GNB5	0.07985	0.09124	0.06104
CTD-2184D3.6	0.00244	0.00041	0.00085
CTD-2184D3.7	0.00026	0.00074	0.00067
RP11-430B1.2	0.00347	0.00196	0.00078
MYO5C	0.00909	0.13679	0.09108
MYO5A	0.19007	0.03221	0.04613
ARPP19	0.47127	0.4355	0.25064
FAM214A	0.15556	0.14038	0.15213
ONECUT1	0.00083	0.03873	0.04056
RP11-209K10.2	0.00018	0.00397	0.00053
WDR72	0.0226	0.5519	0.19521
UNC13C	0.00029	0.00085	0.00431
RSL24D1	0.69096	1.2998	0.58519
RAB27A	0.16154	0.22096	0.11442
PIGBOS1	0.09264	0.21372	0.09386
PIGB	0.02984	0.07262	0.03556
CCPG1	0.21689	0.61987	0.32173
C15orf65	0.0045	0.0368	0.01804
DYX1C1	0.00709	0.05289	0.03213
PYGO1	0.00012	1e-04	0.00945
PRTG	0.00089	0.05252	0.02757
NEDD4	0.03027	0.16283	0.08776
RFX7	0.05571	0.07017	0.06771
TEX9	0.00438	0.04801	0.03216
RP11-48G14.2	0.00051	0.00069	0
MNS1	0.01647	0.02404	0.01796
RP11-48G14.3	4e-05	0.00099	0.00122
ZNF280D	0.14557	0.35369	0.26705
RP11-323F24.3	0.001	0.00273	0.00269
TCF12	0.17794	0.17046	0.13769
LINC00926	0.01322	0.00997	0.00952
CGNL1	0.00204	0.05458	0.02641
GCOM1	0.0011	0.00107	0.00131
MYZAP	0.01257	0.00915	0.0089
POLR2M	0.09829	0.15174	0.08503
ALDH1A2	0.00861	0.00334	0.00524
AQP9	0.04021	0.00254	0.00346
LIPC	0.00447	0.1141	0.04681
ADAM10	0.36928	0.4377	0.29215
RP11-30K9.6	0.00295	0.00486	0.00374
FAM63B	0.1484	0.24833	0.17833
RP11-30K9.5	9e-05	0.00506	0.00144
RNF111	0.10208	0.08674	0.07622
SLTM	0.36723	0.48282	0.29829
CCNB2	0.05602	0.06452	0.01549
RP11-59H7.4	0.00136	0.00345	0.00284
MYO1E	0.11669	0.10419	0.09172
FAM81A	0.00253	0.01933	0.00921
GCNT3	0.00743	0.46313	0.23253
GTF2A2	0.40869	0.54894	0.26403
BNIP2	0.33116	0.13227	0.16812
FOXB1	0.00189	0.00026	0
ANXA2	1.15088	1.87914	1.14466
ICE2	0.12737	0.19662	0.14631
RORA-AS1	0.00527	0.00476	0.00995
RORA	0.41753	0.17465	0.2032
CTD-2501E16.2	0.00125	0.00115	0.00046
RP11-219B17.3	0.00076	0.00541	0.00244
VPS13C	0.46102	0.29332	0.30492
RP11-643M14.1	0.00181	0.00311	0.00173
C2CD4A	0.00475	0.03191	0.01854
C2CD4B	0.00633	0.05575	0.07304
RP11-435J9.2	0.00054	0.00309	0.00253
TLN2	0.01445	0.03322	0.03266
RP11-1069G10.1	6e-05	0.00139	0.00094
TPM1	0.13743	0.69729	0.6771
RP11-244F12.3	0.00029	0.00206	0.00331
LACTB	0.28813	0.21268	0.10574
RPS27L	1.02245	1.52792	0.90323
RAB8B	0.52057	0.18552	0.14513
APH1B	0.12845	0.13482	0.07127
CA12	0.00397	0.0766	0.0438
RP11-321G12.1	0	0.00076	0.00043
AC007950.1	0	0.00096	0
AC007950.2	0.00535	0.004	0.00705
USP3	0.21147	0.22378	0.13448
USP3-AS1	0.00429	0.02366	0.00892
FBXL22	0.01185	0.02628	0.018
HERC1	0.20265	0.11143	0.12974
DAPK2	0.02365	0.03013	0.03369
FAM96A	0.30414	0.45167	0.17716
SNX1	0.16631	0.17946	0.13599
SNX22	0.00571	0.00564	0.00307
PPIB	0.99387	1.87136	1.22889
CSNK1G1	0.07704	0.09625	0.0711
KIAA0101	0.13618	0.17552	0.07299
TRIP4	0.0686	0.08202	0.04684
ZNF609	0.08756	0.1167	0.13431
OAZ2	0.31584	0.2159	0.25797
AC100830.4	0.00159	0.00202	9e-05
AC100830.3	0.00087	0.01091	0.01682
RBPMS2	0.00294	0.07524	0.04451
PIF1	0.03266	0.0134	0.01582
PLEKHO2	0.218	0.02522	0.07003
ANKDD1A	0.02704	0.00424	0.02496
CTD-2017F17.1	0.00051	0.00051	0.00054
CTD-2017F17.2	0.02558	0.03035	0.0388
SPG21	0.32928	0.38276	0.18851
MTFMT	0.03573	0.0751	0.0362
SLC51B	0.00574	0.2195	0.05367
RASL12	0.00052	0.00204	0.06361
RP11-325L12.7	0.00025	0.00056	0
UBAP1L	0.00499	0.00603	0.01083
PDCD7	0.16025	0.19086	0.16547
CLPX	0.12023	0.18889	0.09254
CILP	8e-05	0.00053	0.00433
PARP16	0.02041	0.0356	0.02314
IGDCC3	0	0.00076	0.00095
IGDCC4	0.0017	0.03934	0.03488
DPP8	0.12622	0.14139	0.11198
HACD3	0.13896	0.70661	0.23911
VWA9	0.043	0.09128	0.05151
SLC24A1	0.01334	0.02183	0.02612
RP11-16E23.5	0.00023	7e-04	0.00054
DENND4A	0.15447	0.18737	0.1138
RAB11A	0.39629	0.81165	0.41654
MEGF11	7e-05	0.00071	0.00085
DIS3L	0.04875	0.07742	0.05209
TIPIN	0.03968	0.05738	0.02954
MAP2K1	0.2133	0.11538	0.08559
CTD-3185P2.1	0.00523	0.01342	0.00433
SNAPC5	0.09458	0.2255	0.07555
RPL4	1.53321	1.95371	1.17241
ZWILCH	0.03986	0.06027	0.02745
LCTL	0.00275	0.0019	0.00098
SMAD6	0.00467	0.04031	0.02475
RP11-622C24.2	0.00043	0.00186	0.00188
RP11-798K3.3	0.00208	9e-04	0.00029
RP11-798K3.2	4e-05	0.00973	0.00241
SMAD3	0.06458	0.18466	0.15188
AAGAB	0.05954	0.07873	0.05116
IQCH	0.00108	0.00391	0.00351
IQCH-AS1	0.00808	0.0277	0.01082
C15orf61	0.09584	0.26304	0.09627
RP11-502I4.3	0.00222	0.00869	0.00519
MAP2K5	0.02678	0.05048	0.02948
SKOR1	0.00013	0.00057	0.00153
PIAS1	0.27489	0.18211	0.14524
CALML4	0.01296	0.05955	0.0302
CLN6	0.10163	0.14263	0.08931
FEM1B	0.19374	0.16194	0.12438
ITGA11	0.0042	0.00186	0.02073
CORO2B	8e-05	0.0014	0.00963
ANP32A	0.49448	0.80451	0.32294
SPESP1	0.0042	0.00058	0.0051
NOX5	3e-04	0.00078	0.00249
RP11-809H16.4	0	0.00119	0
EWSAT1	0.00018	0.00541	0.00259
GLCE	0.05531	0.22104	0.1139
RP11-352D13.6	0.00025	0.00513	0.00285
RP11-352D13.5	7e-05	0.00025	0.00093
PAQR5	0.01684	0.05094	0.02812
RP11-253M7.1	1e-04	0.00159	0.00063
KIF23	0.03988	0.03782	0.01273
RPLP1	4.03972	4.26761	3.23406
RP11-253M7.4	0.00147	0.00196	0.00305
DRAIC	0.00072	0.03621	0.01066
PCAT29	0.01342	0.00083	0.00157
TLE3	0.21859	0.12195	0.0955
UACA	0.06772	0.16786	0.33743
LARP6	0.00162	0.06376	0.04042
LRRC49	0.00383	0.0094	0.0145
THAP10	0.00446	0.02046	0.0082
THSD4	0.00022	0.02127	0.01463
NR2E3	0.00033	0.0058	0.00507
CTD-2524L6.3	0.00019	0.00111	4e-04
MYO9A	0.08046	0.06653	0.10359
SENP8	0.00592	0.01686	0.00447
GRAMD2	0.00017	0.00096	0.00063
PKM	1.03523	1.06003	0.6837
PARP6	0.05046	0.05057	0.06566
RP11-106M3.3	0.00107	0.00012	0.00066
HEXA	0.38909	0.39231	0.29154
HEXA-AS1	0.00851	0.00532	0.01077
RP11-1007O24.3	0.01061	0.00721	0.01395
RP11-1007O24.2	0.00203	0.00417	0.00414
ARIH1	0.27451	0.18966	0.17582
RP11-1006G14.2	0.00016	0.00089	0
RP11-1006G14.1	0.00088	0.00065	0.00099
BBS4	0.03393	0.08284	0.05011
ADPGK	0.26301	0.17224	0.14946
ADPGK-AS1	0.00506	0.00073	0.00197
NEO1	0.00742	0.07894	0.04848
NPTN	0.2554	0.5565	0.32982
CD276	0.12097	0.14018	0.12644
LOXL1-AS1	0.00714	0.02359	0.01038
LOXL1	0.00307	0.02763	0.03383
STOML1	0.0165	0.03995	0.03126
PML	0.10091	0.11283	0.10461
ISLR2	0.00029	3e-04	0.00261
ISLR	4e-05	0.00017	0.02548
STRA6	0.00035	0.01167	0.01411
RP11-60L3.1	0.00014	0.00455	0.00098
CCDC33	0	0.00051	3e-04
SEMA7A	0.03122	0.01672	0.01152
UBL7	0.06858	0.13343	0.06616
UBL7-AS1	0.02954	0.04542	0.04666
ARID3B	0.0389	0.03333	0.02555
CLK3	0.11495	0.10264	0.1002
CTD-3154N5.2	9e-05	0.00037	3e-04
EDC3	0.02846	0.05607	0.03793
CSK	0.35573	0.12981	0.10495
ULK3	0.05056	0.07323	0.06898
SCAMP2	0.34913	0.3993	0.18205
MPI	0.06019	0.15002	0.05777
FAM219B	0.04796	0.08086	0.06801
COX5A	0.63254	1.20541	0.44678
RPP25	0.08542	0.05111	0.03719
SCAMP5	0.0174	0.05331	0.02594
PPCDC	0.08119	0.11407	0.06066
C15orf39	0.07241	0.06337	0.04342
COMMD4	0.21034	0.36015	0.19201
RP11-817O13.9	0.00104	0.00347	0.00482
NEIL1	0.01398	0.04598	0.05115
MAN2C1	0.09377	0.10642	0.12765
RP11-817O13.8	0.00656	0.01305	0.00874
SIN3A	0.10698	0.12651	0.09947
PTPN9	0.08589	0.07262	0.06948
SNUPN	0.08542	0.17234	0.08218
IMP3	0.23567	0.51045	0.18607
CTD-2026K11.4	0.00409	0.00186	0.00185
CTD-2026K11.5	0.00065	0.00098	0.00078
SNX33	0.01842	0.06411	0.04607
CSPG4	0.00081	0.00127	0.07912
CTD-2026K11.6	0.00045	0.00151	0.00304
ODF3L1	0.00191	0.00264	0.00418
DNM1P35	0.00047	0.00277	0.00205
UBE2Q2	0.13439	0.17827	0.10101
FBXO22	0.0886	0.36326	0.18953
NRG4	0.00286	0.03826	0.0113
TMEM266	0.00468	0.01436	0.00403
ETFA	0.29614	0.71715	0.25871
ISL2	0.00183	0.01756	0.00772
RP11-685G9.4	0.00017	0.00041	0.00026
SCAPER	0.06999	0.08021	0.08231
RCN2	0.17382	0.53972	0.29518
PSTPIP1	0.16611	0.00874	0.01798
TSPAN3	0.15592	0.72509	0.47882
PEAK1	0.07858	0.07147	0.15321
HMG20A	0.07331	0.08959	0.07578
RP11-307C19.2	0.00054	0.01857	0.00466
LINGO1	0.00172	0.06957	0.05285
TBC1D2B	0.11443	0.04972	0.07224
CIB2	0.00926	0.08986	0.02272
IDH3A	0.07905	0.11711	0.06121
RP11-285A1.1	0.00018	0.00188	0.00146
ACSBG1	0.00148	0.00037	0.00107
DNAJA4	0.49907	0.1154	0.15882
WDR61	0.14678	0.35709	0.17384
RP11-762H8.5	0.00027	0.00036	0
IREB2	0.195	0.20444	0.15605
HYKK	0.00196	0.04393	0.0164
PSMA4	0.6258	1.18371	0.47863
CHRNA5	0.0063	0.01242	0.00455
CHRNB4	0.00073	0.01458	0.00255
ADAMTS7	0.00049	0.00091	0.0175
MORF4L1	1.0714	1.23319	0.74729
CTSH	0.56365	0.55445	0.26991
RASGRF1	0.0077	0.00055	0.00154
RP11-16K12.1	0.00342	9e-05	0.00099
TMED3	0.15401	0.5968	0.26647
KIAA1024	0.00043	0.00311	0.00256
MTHFS	0.08824	0.38267	0.10692
RP11-38G5.4	0.00063	0.00179	0.00108
ST20-MTHFS	0.00013	5e-04	0
ST20	0.03695	0.07911	0.03191
ST20-AS1	0.0153	0.01631	0.01108
BCL2A1	0.56708	0.03096	0.06777
ZFAND6	0.34252	0.51166	0.24843
FAH	0.08087	0.30274	0.07953
LINC01314	0.00023	0.0052	0.00149
RP11-210M15.2	0	0.00232	0.00194
ARNT2	0.00061	0.00491	0.00201
RP11-379K22.3	0	0.00137	0.00123
ABHD17C	0.01159	0.28589	0.10177
RP11-28H5.2	0.00041	0.00179	0.00283
CEMIP	0.00105	0.05288	0.00939
MESDC2	0.32354	0.58083	0.29472
RP11-775C24.5	0.00139	0.00204	0.00263
MESDC1	0.14533	0.08437	0.10317
IL16	0.15747	0.00604	0.02029
STARD5	0.03639	0.01397	0.02637
TMC3-AS1	0.00107	0.00378	0.00122
CTD-2240J17.2	2e-04	0.00239	0.00071
CTD-2240J17.3	0	0.00095	0.00015
CTD-2240J17.4	0.00033	0.00065	0.00073
CTD-2034I4.2	0	0.0059	0.00083
RP11-499F3.2	0.00021	0.02139	0.01203
MEX3B	0.01611	0.00441	0.01149
EFTUD1	0.03448	0.03578	0.02124
SAXO2	0.00059	0.00481	0.0027
GOLGA6L10	0.00367	0.01696	0.01897
GOLGA6L9	0.00605	0.02513	0.02605
RPS17	1.47675	2.23567	1.35948
CPEB1	0.00135	0.03401	0.01903
CPEB1-AS1	3e-04	0.00179	0.0022
AP3B2	0.00024	0.00283	0.00217
RP11-752G15.8	8e-04	0.00248	0.00026
SNHG21	0.0184	0.0573	0.03957
FSD2	0.00217	0.00293	0.00409
WHAMM	0.09735	0.07782	0.0582
HOMER2	0.00913	0.06043	0.03819
FAM103A1	0.20675	0.44663	0.12963
C15orf40	0.1033	0.23348	0.11913
BTBD1	0.12699	0.12946	0.07035
RP11-90B9.3	0.00014	0.00053	0.00028
TM6SF1	0.11247	0.00429	0.02263
RP11-382A20.3	0.02434	0.01373	0.07735
BNC1	0	0.00043	0.00097
SH3GL3	0	0.00197	0.00033
ADAMTSL3	0.00072	0.01388	0.04557
UBE2Q2L	0.00064	0.00888	0.00237
GOLGA6L4	0.00968	0.01893	0.02624
RP11-182J1.17	0.00241	0.00071	0.00022
ZSCAN2	0.01326	0.06699	0.01988
RP11-182J1.5	0.00046	0.00076	0.00059
RP11-182J1.3	0.00221	0.00177	0.0044
WDR73	0.06325	0.12279	0.11915
NMB	0.10672	0.12815	0.0538
SEC11A	0.78456	1.17992	0.61701
ZNF592	0.05829	0.06182	0.05153
ALPK3	0.00548	0.01571	0.02762
SLC28A1	0.00052	0.00038	0.00055
PDE8A	0.10861	0.1164	0.14578
AKAP13	0.61677	0.45223	0.53736
RP11-815J21.2	8e-04	0.00023	0.00108
RP11-815J21.4	0.00106	0	8e-04
RP11-158M2.2	0.00118	0.00019	0
RP11-158M2.3	0.0018	0.00079	0.00123
RP11-158M2.5	0.00172	0.00114	0.00028
KLHL25	0.01123	0.01547	0.01127
AGBL1	0	0.00174	0.00174
NTRK3	8e-05	0	0.01088
MRPL46	0.07576	0.23617	0.08172
MRPS11	0.15249	0.37598	0.16407
DET1	0.01126	0.02452	0.01474
AEN	0.03574	0.04354	0.03127
ISG20	0.4275	0.38192	0.16714
ACAN	0.00017	0	0.01534
HAPLN3	0.03115	0.01922	0.06446
MFGE8	0.02031	0.11733	0.30942
RP11-326A19.3	0.00091	0.00368	0.00452
ABHD2	0.16602	0.46436	0.29021
FANCI	0.03559	0.04601	0.02726
POLG	0.06889	0.0579	0.05155
RP11-217B1.2	0.00409	0.00173	0.00384
MIR9-3HG	0.00363	0.00012	0.00072
TICRR	0.00552	0.00662	0.00589
KIF7	0.00039	0.00368	0.00907
PLIN1	0.00068	0.00316	0.00128
PEX11A	0.00797	0.07589	0.02745
WDR93	5e-05	0.00279	0.00358
MESP1	0.01721	0.09101	0.02435
MESP2	8e-04	0.01334	0.00174
ANPEP	0.10428	0.21519	0.13647
AP3S2	0.03877	0.06053	0.04722
ARPIN	0.11637	0.05503	0.04587
ZNF710	0.06195	0.0448	0.03332
RP11-617F23.1	0.00379	0.00625	0.00444
IDH2	0.28072	0.24684	0.1136
SEMA4B	0.02732	0.12916	0.08919
CIB1	0.80393	0.98647	0.47291
GDPGP1	0.01707	0.02854	0.01437
RP11-697E2.6	0.00034	0.00065	5e-04
NGRN	0.03541	0.06363	0.04917
RP11-697E2.11	0.00032	0.00056	0.00031
ZNF774	0.00546	0.03726	0.02702
IQGAP1	0.94433	0.37442	0.42455
CRTC3	0.10726	0.0918	0.09781
CRTC3-AS1	0.00057	0.00159	0.00046
RP11-387D10.4	0.00047	7e-05	0.00036
BLM	0.03063	0.03042	0.01469
FURIN	0.11158	0.29085	0.15953
FES	0.11715	0.0256	0.04316
MAN2A2	0.04449	0.07149	0.0756
HDDC3	0.09106	0.25841	0.09046
UNC45A	0.07993	0.1267	0.08949
AC068831.6	0.00143	0.00081	0.00045
RCCD1	0.03495	0.09461	0.06794
PRC1	0.08538	0.07867	0.03935
PRC1-AS1	0.00018	0.00044	0.00044
VPS33B	0.01992	0.02906	0.02233
AC068831.10	0.00057	0.00297	0.00138
AC068831.16	0.00043	0.00079	0.00082
SV2B	0.00043	4e-05	0.00292
CRAT37	0	0.00385	0.00608
SLCO3A1	0.13222	0.02208	0.12416
LINC00930	0	0.00133	0.00124
FAM174B	0.01667	0.06869	0.04849
CTD-2313J17.6	0.02216	0.00231	0.00363
RP11-437B10.1	0.07304	0.05043	0.0698
CHD2	0.32659	0.20857	0.2256
RGMA	0.00201	0.00012	0.00999
LINC01579	7e-05	0.00028	0
RP11-76E17.3	0.00533	0.00019	0.00019
MCTP2	0.02774	0.05552	0.05901
RP11-255M2.3	0.00052	0.00028	0
LINC01197	6e-05	5e-04	0.03617
LINC00924	0.00038	0.00097	0.02392
RP11-236L14.2	0	0.00242	0.00467
NR2F2-AS1	0.00025	0.03644	0.08339
RP11-327J17.9	0	0.00124	0.00076
RP11-327J17.2	0.00054	0.01069	0.00228
NR2F2	0.00886	0.37564	0.54997
RP11-262A16.1	0	0.00145	0.00132
RP11-522B15.3	0.00012	0.00717	0.01344
CTD-2147F2.1	0.00188	0.0866	0.02255
LINC00923	0.00142	0	0.00026
ARRDC4	0.10775	0.04115	0.04853
RP11-167B3.2	8e-05	0.00066	0.00058
FAM169B	0.00023	0.00641	0.0055
RP11-35O15.1	5e-05	5e-04	0.00014
IGF1R	0.01125	0.05762	0.05851
SYNM	0.00874	0.01792	0.06199
RP11-6O2.4	0.00019	0.00331	0.00178
TTC23	0.01397	0.03841	0.02979
RP11-6O2.3	0.00045	0.00037	0.00184
LRRC28	0.0546	0.40092	0.14758
RP11-20G13.3	0.00865	0.00098	0.00061
MEF2A	0.25752	0.25588	0.2804
LYSMD4	0.01085	0.02037	0.01238
CTD-2054N24.2	0.002	0.00142	0.00185
ADAMTS17	0.00242	0.00594	0.00256
SPATA41	0.00171	0.00607	0.00428
CERS3	0.00014	0.00487	0.00066
RP11-526I2.5	0.01034	0.01544	0.01773
LINS1	0.09584	0.06757	0.07204
ASB7	0.03228	0.05015	0.03188
RP11-66B24.2	0.00142	0.02064	0.00621
ALDH1A3	0.00034	0.00584	0.02872
RP11-66B24.4	0.00309	0.00505	0.00433
LRRK1	0.03721	0.02359	0.02556
RP11-505E24.2	0	0.00231	0.00136
RP11-424I19.2	0.00084	3e-05	0
CHSY1	0.10066	0.05896	0.12337
VIMP	0.35491	0.88154	0.50848
SNRPA1	0.18892	0.45851	0.17239
RP11-299G20.2	0.00075	0.00182	0.00217
PCSK6	0.01362	0.30527	0.14485
RP11-14C10.6	7e-05	0.00122	0.00206
RP11-14C10.4	0	0.00089	0.00026
TM2D3	0.20238	0.28694	0.19056
TARSL2	0.09132	0.07855	0.06804
RP11-89K11.1	0.00682	0.00012	0.00274
AC140725.4	0.00042	0.00095	0
WASIR2	0.00166	0.00772	0.00421
POLR3K	0.08534	0.13812	0.05564
SNRNP25	0.16259	0.17765	0.06852
RHBDF1	0.00375	0.06436	0.06978
MPG	0.22524	0.34592	0.2197
NPRL3	0.05854	0.10503	0.08413
Z69720.2	0.00131	0.00262	0.00315
Z69666.2	0.00042	0.00117	0.00178
HBZ	0.00018	0.00058	0
HBA2	0.00924	0.01525	0.01164
HBA1	0.00465	0.00441	0.00726
HBQ1	8e-05	0.00445	0.00139
LA16c-OS12.2	0.00215	0.0035	0.00353
LUC7L	0.14878	0.12819	0.18862
FAM234A	0.05462	0.16035	0.12651
AC004754.3	3e-05	0.00143	0.00093
RGS11	0.00043	0.01655	0.01387
ARHGDIG	0.00072	0.01417	0.00169
PDIA2	0.00026	0.0189	0.0047
AXIN1	0.04758	0.04724	0.04112
MRPL28	0.22747	0.32606	0.15346
TMEM8A	0.13746	0.14691	0.0947
NME4	0.15887	0.65985	0.26751
DECR2	0.01606	0.10685	0.05525
LA16c-359F1.1	0.00028	0.00027	0.00081
RAB11FIP3	0.0133	0.01887	0.02144
LINC00235	0.00066	0.00149	0.00221
CAPN15	0.03674	0.05601	0.0567
PIGQ	0.03628	0.06319	0.07071
NHLRC4	0.0034	0.00378	0.00475
RAB40C	0.02203	0.04385	0.03177
WFIKKN1	0.00093	0.00643	0.00461
C16orf13	0.37502	0.42588	0.23181
FAM195A	0.19983	0.35591	0.11188
MSLN	0.00606	0.39954	0.20419
AL022341.3	0.00074	0.00214	0.00032
WDR90	0.01221	0.03991	0.04326
LA16c-349E10.1	0.00221	0.00157	0.00427
RHOT2	0.13593	0.13029	0.15896
RHBDL1	0.0022	0.01651	0.00688
LA16c-313D11.9	0.00022	0.00219	0.00077
STUB1	0.38579	0.42602	0.25454
JMJD8	0.07272	0.10235	0.08208
WDR24	0.02162	0.02834	0.01862
FBXL16	0.00819	0.00099	0.00131
METRN	0.05612	0.1368	0.11442
FAM173A	0.20059	0.29739	0.15533
CCDC78	0.00406	0.00509	0.00721
HAGHL	0.06248	0.0579	0.03484
NARFL	0.04792	0.05856	0.06632
RPUSD1	0.03897	0.05035	0.03179
CHTF18	0.01639	0.0235	0.02001
LMF1	0.02904	0.05732	0.0421
RP11-161M6.2	0.00351	0.03429	0.03193
SOX8	0.00153	0.00915	0.00674
RP11-161M6.3	0.0027	0.00203	0.00274
CACNA1H	0.00194	0.01957	0.03381
TPSG1	0.00108	0.00011	0.00164
RP11-616M22.12	0	0.00019	0.00236
TPSB2	0.05126	0.0098	0.0159
TPSAB1	0.03851	0.00463	0.00798
TPSD1	0.00163	0.00028	0.00036
LA16c-358B7.4	0.00111	0.00053	0.00084
UBE2I	0.4843	0.48262	0.3117
LA16c-358B7.3	0.00659	0.00238	0.00162
BAIAP3	0.00202	0.01051	0.01016
TSR3	0.19524	0.22499	0.11255
GNPTG	0.14189	0.11296	0.08187
LA16c-316G12.2	0.00058	0.00052	0.00028
UNKL	0.0267	0.05762	0.0554
C16orf91	0.06747	0.10337	0.04756
CCDC154	0.0041	0.00313	0.00679
CLCN7	0.11838	0.09433	0.11182
LA16c-390E6.5	0.00119	0.00071	0.00177
TELO2	0.05118	0.05314	0.07208
IFT140	0.00582	0.02084	0.02083
LA16c-385E7.1	0.00048	0.00031	7e-05
TMEM204	0.01358	0.00079	0.07695
CRAMP1	0.02115	0.03296	0.03609
LA16c-431H6.6	0.00898	0.0139	0.01681
HN1L	0.05347	0.14052	0.06884
MAPK8IP3	0.03697	0.0415	0.0649
NME3	0.30016	0.4015	0.31138
MRPS34	0.36606	0.56919	0.24316
EME2	0.02311	0.0265	0.03103
SPSB3	0.20912	0.17263	0.18366
NUBP2	0.14037	0.19153	0.10699
IGFALS	5e-05	0.00279	0.00203
HAGH	0.16944	0.2513	0.12864
FAHD1	0.06991	0.18899	0.08347
MEIOB	0.00321	0.10404	0.02049
MSRB1	0.05831	0.2632	0.07017
RPL3L	0	0.00082	0.00074
NDUFB10	0.56531	0.97534	0.47889
RPS2	3.17501	2.97001	2.24675
SNHG9	0.1704	0.12786	0.15578
AC005363.11	0.00196	0.00176	0.00445
TBL3	0.04691	0.08634	0.04929
NOXO1	0.00037	0.03655	0.01566
GFER	0.11601	0.16818	0.06964
SYNGR3	0.0067	0.00588	0.00237
ZNF598	0.03626	0.04835	0.04784
NPW	0.08581	1.26806	0.49527
SLC9A3R2	0.01684	0.22864	0.25118
NTHL1	0.04995	0.15969	0.07679
TSC2	0.05088	0.07814	0.08429
PKD1	0.03383	0.03912	0.05988
RAB26	0.00278	0.04251	0.03117
SNHG19	0.02538	0.09449	0.08969
TRAF7	0.07157	0.14628	0.10071
CASKIN1	0.00015	0.00263	0.00195
MLST8	0.05844	0.11084	0.06172
BRICD5	0.01034	0.0067	0.01168
PGP	0.22146	0.32086	0.15122
E4F1	0.03938	0.04994	0.05026
DNASE1L2	0.00122	0.00321	0.00371
ECI1	0.16509	0.56985	0.20497
RP11-304L19.11	0.00074	0.00156	0.00077
RNPS1	0.33776	0.31739	0.26233
AC009065.4	0.00053	0.00042	0.00056
RP11-304L19.13	0.00325	0.00587	0.0054
ABCA3	0.0054	0.01317	0.01138
CCNF	0.01984	0.01511	0.00749
RP11-715J22.3	0.00012	0.00148	0.00056
C16orf59	0.00522	0.01913	0.00961
RP11-715J22.2	0.00053	0.00027	0.00051
TBC1D24	0.02099	0.04814	0.03888
ATP6V0C	0.00928	0.00477	0.00446
AMDHD2	0.16027	0.07974	0.06952
PDPK1	0.11277	0.10529	0.07314
RP11-20I23.13	0.00289	0.00964	0.00884
RP11-20I23.8	0.003	0.00796	0.01099
RP11-20I23.6	0.00686	0.01751	0.0131
CTD-3126B10.1	0.00101	0.00044	0.00086
CTD-3126B10.4	0.0015	0.00073	0.00022
KCTD5	0.08237	0.04097	0.03489
PRSS27	0.0023	0.00204	0.00281
SRRM2-AS1	0.00264	0.00734	0.0051
SRRM2	0.71957	0.67967	0.7932
TCEB2	1.21969	1.4922	0.98513
CTD-2270P14.5	0.00396	0.00074	0.00266
PRSS33	7e-05	0.00577	0.00126
PRSS21	0.00841	0.00077	0.00241
ZG16B	0.02384	0.19578	0.09053
PRSS22	0.00363	0.10489	0.07733
LA16c-325D7.2	0.00031	0.0013	0
FLYWCH2	0.08495	0.11618	0.10946
FLYWCH1	0.04588	0.03735	0.04885
KREMEN2	0.00101	0.0033	9e-04
PKMYT1	0.0211	0.01415	0.00808
PAQR4	0.04562	0.03182	0.01824
LA16c-380H5.6	0.00039	0.00085	0.00075
LA16c-380H5.3	3e-05	0.0014	0
LA16c-380H5.5	0.00322	0.0085	0.00264
CLDN9	0.00067	0.00366	0.00572
CLDN6	0.0015	0.06989	0.02024
TNFRSF12A	0.09606	0.7258	0.28392
HCFC1R1	0.22617	0.20003	0.22305
THOC6	0.07696	0.08803	0.05554
CCDC64B	0.00966	0.12665	0.11552
MMP25	0.01488	0.00059	0.00304
MMP25-AS1	0.03067	0.02901	0.03413
IL32	1.1086	0.71889	0.46724
RP11-473M20.9	0.01919	0.00966	0.01103
ZNF213-AS1	0.01311	0.03193	0.02844
ZNF205	0.0172	0.06091	0.05981
ZNF213	0.01627	0.01656	0.01406
RP11-473M20.16	0.02167	0.01266	0.03941
ZNF200	0.03808	0.02383	0.01748
MEFV	0.01593	0.00053	0.00229
LINC00921	0.01143	0.00479	0.01349
ZNF263	0.0528	0.04427	0.038
TIGD7	0.01133	0.01762	0.02436
ZNF75A	0.06266	0.07526	0.07657
LA16c-306E5.2	0.00157	0.00541	0.01132
ZSCAN32	0.02145	0.02688	0.02113
ZNF174	0.01207	0.02796	0.01829
ZNF597	0.01614	0.01411	0.01727
NAA60	0.08364	0.13739	0.08663
CLUAP1	0.035	0.08517	0.06556
NLRC3	0.0362	0.00125	0.00533
LA16c-390H2.4	0.00319	0.00293	0.00096
SLX4	0.01512	0.01144	0.0175
DNASE1	0.02784	0.03782	0.04827
TRAP1	0.06917	0.24314	0.09742
CREBBP	0.18169	0.12162	0.13386
ADCY9	0.01365	0.02548	0.02556
RP11-95P2.3	0.00035	0.00842	0.00178
SRL	0	7e-05	0.0038
LINC01569	0.00354	0.01767	0.0053
TFAP4	0.01816	0.06563	0.0348
GLIS2	7e-04	0.01128	0.01867
GLIS2-AS1	0.00148	0.0152	0.00799
PAM16	0.00595	0.02472	0.00861
CORO7	0.21267	0.02333	0.05231
VASN	0.00527	0.04411	0.07833
DNAJA3	0.04485	0.10939	0.06826
NMRAL1	0.09567	0.21696	0.09754
HMOX2	0.15235	0.20943	0.10132
CDIP1	0.06409	0.0458	0.02775
UBALD1	0.03672	0.0657	0.05394
MGRN1	0.09376	0.07823	0.08336
NUDT16L1	0.13558	0.21489	0.07664
ANKS3	0.02677	0.07394	0.08328
C16orf71	2e-04	0.00175	0.0017
ZNF500	0.0181	0.03033	0.03496
SMIM22	0.01404	0.56786	0.29399
ROGDI	0.07756	0.05202	0.04634
GLYR1	0.15264	0.14817	0.10607
UBN1	0.11469	0.11269	0.0935
PPL	0.00312	0.06432	0.04881
RP11-165E7.1	0.00072	0.0017	0.00052
NAGPA	0.07129	0.05503	0.04774
ALG1	0.03908	0.09173	0.04092
C16orf89	0.00076	1e-04	0.00332
EEF2KMT	0.02517	0.06071	0.02235
METTL22	0.04932	0.04071	0.036
ABAT	0.02919	0.03636	0.02212
TMEM186	0.02672	0.06511	0.02924
PMM2	0.07305	0.10597	0.07923
RP11-77H9.2	0.00084	0.00483	0.00465
CARHSP1	0.24166	0.2915	0.21817
RP11-77H9.5	0.00047	0.00106	0.00109
RP11-77H9.6	0.00031	0.00074	0.00166
USP7	0.17233	0.17121	0.12709
RP11-77H9.8	0.00142	0.00077	0.00046
C16orf72	0.32872	0.18982	0.19456
RP11-473I1.5	0.02924	0.00627	0.01175
GRIN2A	0.00025	0.00148	0.00359
ATF7IP2	0.16677	0.14107	0.15547
LINC01290	0.00029	0.00495	0.00701
EMP2	0.07651	0.3444	0.24087
RP11-27M24.1	0.00054	0.00182	0.00129
TEKT5	0	0.00197	0.00088
NUBP1	0.11748	0.09241	0.05317
TVP23A	0.02938	0.00331	0.00331
CIITA	0.07871	0.0093	0.01787
DEXI	0.07191	0.08477	0.0545
RP11-876N24.4	0.00491	0.00096	6e-04
CLEC16A	0.02934	0.0222	0.02951
RP11-66H6.3	0.0028	0.00078	0
RP11-396B14.2	0.00056	0.00082	0.00054
RMI2	0.01566	0.04061	0.00917
SOCS1	0.24322	0.03238	0.09701
RP11-485G7.5	0.00083	0.00209	0.00232
CTD-3088G3.8	0.00443	0.01482	0.02092
CTD-3088G3.6	0.00063	0.00036	0.00052
LITAF	0.95219	0.62485	0.34496
SNN	0.14062	0.03967	0.03792
TXNDC11	0.08481	0.12939	0.09125
RP11-490O6.2	0.02171	0.00869	0.02269
ZC3H7A	0.18275	0.16753	0.13468
RP11-486I11.2	0.00845	0.00817	0.00586
RSL1D1	0.43025	0.80668	0.32059
RP11-166B2.8	0.0024	0.00066	0.00254
GSPT1	0.46275	0.56933	0.24445
RP11-166B2.5	0.00213	0.00067	4e-04
RP11-166B2.1	0.0025	0.00491	0.00214
TNFRSF17	0.00786	0.00022	0.00082
SNX29	0.07697	0.04348	0.04765
CTD-3037G24.3	1e-04	0.00093	0.00013
CTD-3037G24.5	2e-04	0.00061	0.00049
CPPED1	0.24199	0.16042	0.08426
CTD-2583P5.3	0.00385	0.00052	0.00187
U91319.1	0.00023	0.01511	0.0044
ERCC4	0.05503	0.06595	0.05087
CTD-2135D7.2	0.00049	0.00031	0.00047
CTD-2135D7.5	0.00303	0.00102	0.00271
MKL2	0.04035	0.07607	0.12122
CTA-276F8.1	0.00569	0.0147	0.02533
MIR193BHG	0.00045	0.00553	0.00239
PARN	0.07036	0.07568	0.045
BFAR	0.18871	0.24193	0.13575
PLA2G10	0.00524	0.36168	0.11264
NPIPA1	0.02618	0.03668	0.04931
NOMO1	0.03351	0.1208	0.0722
PDXDC1	0.13456	0.308	0.218
RP11-680G24.6	0.00056	0.00047	0.00073
NTAN1	0.28976	0.05656	0.08939
RRN3	0.09043	0.08337	0.04763
RP11-72I8.1	0.00063	0.00132	0.00203
MIR3180-4	0.00059	0.00101	0.00115
NPIPA5	0.00138	0.00029	0.00144
MPV17L	0.01724	0.06513	0.03359
C16orf45	0.01733	0.04331	0.06859
KIAA0430	0.12991	0.12587	0.10767
CTB-193M12.1	0.00027	0.00155	0.00277
NDE1	0.11412	0.04877	0.07377
CTB-193M12.5	0.03716	0.01324	0.0123
MYH11	0.00716	0.00284	0.09311
AF001548.5	0.00592	0.00179	0.00161
FOPNL	0.09037	0.13319	0.06626
ABCC1	0.07302	0.04365	0.0342
ABCC6	0.00568	0.12243	0.05508
RP11-517A5.7	8e-05	0.00083	0.00081
NOMO3	0.01003	0.01253	0.00945
AC138969.4	0.00361	0.00262	0.00479
NPIPA7	0.00026	0.00018	0.0019
XYLT1	0.02955	0.01357	0.01505
CTD-2576D5.4	0.00974	4e-04	0.00226
RP11-1212A22.4	0.0012	0.00135	0.00223
MIR3179-3	0.00046	0.00143	0.00044
NOMO2	0.00244	0.00136	0.00348
RPS15A	3.189	2.83066	2.11751
ARL6IP1	0.74366	0.89854	0.51311
SMG1	0.3027	0.25292	0.26361
CTD-2288F12.1	0.00113	0.00097	0.00173
TMC7	0.00138	0.07515	0.05212
RP11-626G11.5	0.00042	0.00139	1e-04
RP11-626G11.1	6e-05	0.00488	0.00286
COQ7	0.09543	0.05835	0.06897
RP11-626G11.4	0.00054	0.00014	0
RP11-626G11.6	0.00014	0.00067	0.00046
ITPRIPL2	0.13091	0.16076	0.18162
RP11-626G11.3	0.01086	0.01377	0.01683
SYT17	0.01456	0.07565	0.04587
CLEC19A	0	0.00209	0
CTA-363E6.2	3e-04	0.01463	0.00518
TMC5	0.01138	0.43432	0.44477
CTA-363E6.6	0	0.00122	0.00024
CTA-363E6.7	0.00104	0.00098	0.00062
GDE1	0.1122	0.11909	0.06269
CCP110	0.06122	0.09165	0.08566
C16orf62	0.07454	0.03991	0.04066
AC002550.6	0.00061	0.00175	0.00304
KNOP1	0.08431	0.23467	0.23071
AC002550.5	0.00039	0.00034	0.00034
IQCK	0.01065	0.05721	0.06495
CTD-2380F24.1	0.00229	8e-05	0.00037
GPRC5B	0.00877	0.06874	0.06125
GP2	0.00035	0.00178	0.00703
ACSM5	0.01599	0.00763	0.005
ACSM2A	0.00041	0.03128	0.01562
ACSM2B	0.00184	0.06962	0.02324
ACSM3	0.00599	0.09616	0.02105
ACSM1	0.00063	0.00566	0.00244
THUMPD1	0.23334	0.19755	0.15362
ERI2	0.02964	0.09186	0.03646
AC004381.6	0.00624	0.00786	0.00815
DCUN1D3	0.02957	0.04255	0.04351
LYRM1	0.05905	0.18053	0.05694
DNAH3	0	0.00103	0.00055
TMEM159	0.06031	0.10162	0.05959
ANKS4B	0.00084	0.0525	0.02222
CRYM	0.00191	0.05917	0.0131
CRYM-AS1	0.00191	0.00431	0.00597
NPIPB3	0.00056	6e-05	0.00047
CTB-31N19.5	0	0.00087	0.00068
METTL9	0.29755	0.30021	0.19379
IGSF6	0.69139	0.03002	0.07824
OTOA	0.19245	0.00695	0.0198
RP11-645C24.5	0.00478	0.00191	0.00384
NPIPB4	0.03413	0.01458	0.02536
UQCRC2	0.34503	0.372	0.22669
CTD-2649C14.3	0.00056	0.00082	6e-04
C16orf52	0.06271	0.1057	0.08543
SDR42E2	0.05143	0.01539	0.04894
EEF2K	0.05611	0.07296	0.05906
POLR3E	0.09396	0.08192	0.05577
CDR2	0.08828	0.07108	0.04872
RP11-21M24.2	0.00208	0.0017	0.00395
NPIPB5	0.11958	0.05191	0.10207
RP11-105C19.1	0.00088	0.00027	0.00027
HS3ST2	0.02602	0.00084	0.00351
USP31	0.02574	0.04516	0.04516
SCNN1B	0.00124	0.00102	0.00113
COG7	0.03205	0.0621	0.06007
CTD-2270L9.4	0.01231	0.04103	0.01668
GGA2	0.25069	0.09964	0.0887
EARS2	0.01348	0.03079	0.01961
UBFD1	0.05889	0.15441	0.07957
NDUFAB1	0.44566	0.83643	0.34611
PALB2	0.02534	0.03449	0.01589
DCTN5	0.12903	0.13108	0.10429
PLK1	0.03454	0.03448	0.01066
CTD-2196E14.5	0.00015	0.00676	0.00606
ERN2	0.00273	0.14259	0.14282
CHP2	0	0.00137	0.00066
PRKCB	0.30387	0.01749	0.03553
RBBP6	0.26567	0.21931	0.21608
TNRC6A	0.16513	0.20502	0.21479
CTD-2515A14.1	0.00095	0.00017	0.00141
SLC5A11	0	0.00126	0.00082
ARHGAP17	0.11988	0.04197	0.0826
RP11-266L9.5	0.00149	0.00239	0.0048
LCMT1-AS1	0.00126	0.00049	0.00147
LCMT1	0.11648	0.10832	0.05935
LCMT1-AS2	0.00114	0.00052	0.00113
AQP8	8e-05	0.00042	0
ZKSCAN2	0.00592	0.00688	0.00702
CTD-2547G23.4	0.019	0.02218	0.0325
AC002331.1	0.04328	0.00212	0.00574
KDM8	0.00359	0.00274	0.00451
CTD-3203P2.1	0.00048	0.00051	0.00031
NSMCE1	0.17116	0.17398	0.094
FLJ21408	0.0106	0.00443	0.00734
CTD-3203P2.3	0.01213	0.00141	0.00793
IL4R	0.15965	0.08717	0.10619
IL21R	0.06947	0.00317	0.00999
IL21R-AS1	0.00599	0.00041	0.00077
GTF3C1	0.08893	0.07093	0.08255
KIAA0556	0.01541	0.01902	0.0321
XPO6	0.12598	0.07074	0.05047
SBK1	0.00543	0.00069	0.00059
NPIPB6	0.00016	0.00159	0.00128
EIF3CL	0.00021	0.00054	3e-04
RP11-435I10.4	0.00221	0.00133	0.00101
CLN3	0.12002	0.21635	0.10444
APOBR	0.10087	0.00362	0.0134
IL27	0.00788	0.00677	0.00415
NUPR1	0.20083	0.86551	0.39876
RP11-666O2.2	0.01215	0.01262	0.01937
SGF29	0.07378	0.06477	0.04435
SULT1A2	0.00661	0.0802	0.01829
SULT1A1	0.22179	0.2518	0.12157
EIF3C	0.02918	0.02435	0.02665
RP11-1348G14.4	0.00262	0.011	0.00474
RP11-1348G14.5	0.00065	0.00026	4e-04
RP11-1348G14.8	0.00624	0.00512	0.0065
ATXN2L	0.18389	0.14505	0.13092
RP11-24N18.1	0.00097	0.00033	0.00109
TUFM	0.40932	0.68286	0.35178
SH2B1	0.04044	0.0524	0.06082
RP11-22P6.2	0.00421	0.00207	0.00416
ATP2A1	0.0014	0.00136	0
ATP2A1-AS1	0.00272	0.00335	0.00168
RABEP2	0.03769	0.05114	0.06022
CD19	0.00878	0.00726	0.00211
NFATC2IP	0.19778	0.16953	0.18014
RP11-264B17.2	0.00198	0.00079	0.00107
RP11-264B17.4	0.00182	0.0017	0.00538
SPNS1	0.14101	0.1743	0.11922
LAT	0.22117	0.01726	0.03048
RP11-426C22.5	0.03386	0.00227	0.00451
RP11-426C22.7	0.00121	0.00226	0.00073
RP11-426C22.6	0.00017	0.00076	0.00152
RP11-426C22.8	0.00311	0.00329	0.00377
RP11-231C14.7	0.01987	0.03071	0.01714
NPIPB11	0.0206	0.02059	0.04616
BOLA2	0.00249	0.00173	0.00107
RP11-345J4.5	0.02249	0.03418	0.01274
SLX1B	0.00077	0.00042	0.00023
SPN	0.19913	0.00659	0.01651
QPRT	0.07813	0.60611	0.21436
C16orf54	0.1662	0.00634	0.01277
AC009133.17	0.00169	0	0
ZG16	0.00104	0.05982	0.01098
KIF22	0.14462	0.17243	0.09554
AC009133.21	0.00053	0.00256	0.00306
MAZ	0.2702	0.30302	0.20632
AC009133.15	0.00146	0.00027	0.00031
AC009133.12	0.01467	0.09748	0.07967
PRRT2	0.0041	0.01115	0.02524
PAGR1	0.02176	0.0208	0.01386
MVP	0.22767	0.2821	0.22278
CDIPT	0.11534	0.16858	0.13087
CDIPT-AS1	0.00062	0.00365	0.00097
SEZ6L2	0.00975	0.20581	0.12572
ASPHD1	0.00986	0.11252	0.09098
KCTD13	0.03075	0.03617	0.03319
CTD-2574D22.2	0.00069	0.002	0.003
TMEM219	0.43518	0.55074	0.30962
TAOK2	0.03882	0.06048	0.08114
HIRIP3	0.06469	0.03351	0.03276
INO80E	0.07627	0.10324	0.08209
DOC2A	0.00248	0.00983	0.01464
FAM57B	0.00069	0.00055	0.00067
ALDOA	1.58284	1.45555	0.97888
CTD-2515O10.5	0.00235	0.00189	0.00221
PPP4C	0.37174	0.42582	0.23904
TBX6	0.00488	0.01208	0.00899
YPEL3	0.31111	0.24338	0.21962
RP11-455F5.3	0.00059	0.00744	0.00359
GDPD3	0.00807	0.0715	0.04171
RP11-455F5.6	0.00032	0.00145	0.00305
MAPK3	0.11944	0.19148	0.16507
CORO1A	0.92035	0.04047	0.09345
RP11-455F5.5	0.01087	0.00032	0.00163
BOLA2B	0.02206	0.04213	0.0199
SLX1A	0.00511	0.00937	0.00547
SULT1A3	0.01366	0.01962	0.01499
RP11-347C12.3	0.00149	0.00144	0.00236
RP11-347C12.1	0.00163	0.00222	0.00556
CD2BP2	0.18892	0.16213	0.12104
RP11-347C12.10	0.01066	0.01432	0.004
TBC1D10B	0.08686	0.05403	0.05487
RP11-347C12.11	0.00051	8e-04	0.00031
MYLPF	0.01303	0.00434	0.00502
ZNF48	0.01215	0.02115	0.01421
SEPT1	0.19964	0.02307	0.04732
ZNF771	0.01158	0.04841	0.02491
DCTPP1	0.11859	0.23279	0.08967
SEPHS2	0.01757	0.04677	0.02378
ITGAL	0.24827	0.01957	0.02951
RP11-297C4.3	0.00013	0.00106	0
ZNF768	0.03127	0.05954	0.06077
ZNF747	0.01924	0.02972	0.02261
AC002310.12	0.01162	0.02088	0.02128
ZNF764	0.02531	0.01907	0.01796
ZNF688	0.07064	0.05515	0.04652
AC002310.7	0.00131	0.0011	0.0014
ZNF785	0.02112	0.04529	0.05052
ZNF689	0.02873	0.03054	0.02145
PRR14	0.07704	0.06462	0.06063
FBRS	0.11589	0.07372	0.09574
RP11-146F11.1	0.00427	0.00489	0.00742
SRCAP	0.02007	0.01373	0.01627
RP11-2C24.9	0.00242	0.0074	0.00399
PHKG2	0.08768	0.09429	0.06897
CCDC189	0.00756	0.00863	0.01319
RNF40	0.07697	0.07936	0.0602
ZNF629	0.01048	0.02394	0.02001
RP11-2C24.7	0.00062	0.00081	0.00075
BCL7C	0.25473	0.27131	0.17851
MIR762HG	0.01221	0.01489	0.01459
CTF1	0.00353	0.01211	0.0061
FBXL19-AS1	0.0034	0.00635	0.01037
FBXL19	0.02193	0.03917	0.03335
ORAI3	0.07159	0.10342	0.05277
RP11-1072A3.4	0.00036	0.00123	0.00133
SETD1A	0.02492	0.03393	0.03111
HSD3B7	0.10288	0.15688	0.08407
STX1B	0.00184	0.00333	0.00241
STX4	0.31104	0.13501	0.13978
RP11-196G11.2	0.01342	0.00175	0.00267
RP11-196G11.6	0.00909	0.00136	0.00265
ZNF668	0.02487	0.02511	0.01841
ZNF646	0.02716	0.01659	0.01571
PRSS53	0.00126	8e-04	0.00174
VKORC1	0.41593	0.50088	0.2954
BCKDK	0.21806	0.16865	0.08579
KAT8	0.08753	0.0898	0.07683
PRSS8	0.00352	0.23337	0.11952
PRSS36	0.01331	0.00628	0.0053
FUS	0.96448	0.7362	0.86412
RP11-388M20.1	0.00371	0.00153	0.00218
PYCARD	0.65715	0.32152	0.17202
PYCARD-AS1	0.00751	0.00719	0.01088
TRIM72	0.00157	0.00105	0
PYDC1	0.00089	0.00031	0.00044
ITGAM	0.26563	0.0227	0.03725
ITGAX	0.26199	0.03211	0.04457
ITGAD	0.00495	0.00013	0.00048
COX6A2	0.0013	0.02594	0.0051
RP11-452L6.8	3e-04	0.00386	0.00398
ZNF843	0.00104	0.00157	0.00182
RP11-452L6.1	0.00245	0.00999	0.01239
RP11-452L6.5	0.01077	0.01865	0.02002
ARMC5	0.02108	0.02113	0.0243
TGFB1I1	0.00425	0.01888	0.15887
SLC5A2	0.00073	0.00322	0.00185
AC026471.6	2e-04	0.00156	0.00073
C16orf58	0.05038	0.13001	0.08444
RP11-452L6.7	0.00185	0.00522	0.00454
AHSP	0.01068	0.00031	0.00103
CTD-2358C21.5	0.00323	0.00137	0.00063
ZNF720	0.07236	0.12106	0.10006
ZNF267	0.29919	0.07361	0.08196
TP53TG3D	0.00106	0.00072	0.00264
RP11-19N8.4	5e-05	0.00058	0
RP11-989E6.10	0.00043	0.00046	0.00089
RP11-80F22.15	0	0.00107	0.00087
RP11-352B15.2	0	0.00094	0.00115
SHCBP1	0.04309	0.01627	0.00891
RP11-46D6.1	8e-04	0.00028	0.00104
VPS35	0.40236	0.40937	0.22692
ORC6	0.04506	0.05059	0.02776
MYLK3	0.00133	0.00037	0
C16orf87	0.14272	0.12382	0.07368
GPT2	0.00933	0.10267	0.05382
DNAJA2	0.34309	0.28337	0.18137
RP11-169E6.1	8e-05	0.00062	0.00101
NETO2	0.04307	0.00923	0.01634
ITFG1	0.1419	0.14746	0.12349
RP11-329J18.3	0.00037	7e-04	0.00044
PHKB	0.21502	0.176	0.1652
ABCC11	0.00015	0.00123	0.00041
LONP2	0.16215	0.19695	0.15372
SIAH1	0.12508	0.11583	0.09741
N4BP1	0.2566	0.116	0.12413
RP11-42I10.1	0.00267	0.00261	0.00014
CTC-527H23.3	0.00181	0.00262	0.00038
CBLN1	0.00017	0.00041	0.03511
ZNF423	3e-05	0.00189	0.01748
CNEP1R1	0.09397	0.04712	0.03752
HEATR3	0.08063	0.04639	0.03289
PAPD5	0.19602	0.09584	0.07751
ADCY7	0.18686	0.05624	0.03894
BRD7	0.23268	0.30787	0.19608
NKD1	0.00649	0.0013	0.00503
RP11-401P9.6	0.00215	0.00042	0
RP11-401P9.4	0.0016	0.00022	0.00214
SNX20	0.07738	0.00274	0.00567
NOD2	0.02876	0.00312	0.00671
RP11-327F22.2	0.00415	0.00016	0.00031
RP11-327F22.1	0.00682	0.00043	0.00236
CYLD	0.34672	0.08764	0.11019
SALL1	0.00062	0.01899	0.00654
TOX3	0.00394	0.24092	0.10006
CASC16	0	0.00138	0.00124
RP11-297L17.2	0.01221	0.35042	0.08253
RP11-295M3.4	0.00128	0.03868	0.01384
CHD9	0.29739	0.30227	0.4414
RBL2	0.18136	0.16061	0.13573
AKTIP	0.04589	0.08419	0.05734
RPGRIP1L	0.00985	0.08294	0.02949
FTO	0.0433	0.07086	0.04997
RP11-357N13.3	0.00111	0.00051	0.00088
IRX3	0.00027	0.0245	0.0158
RP11-434E6.4	0.00026	0.00294	0.00133
CRNDE	0.013	0.33486	0.11479
IRX5	0.00091	0.0092	0.00862
MMP2	0.00459	0.00663	0.08374
RP11-212I21.5	0.00147	4e-05	0
RP11-212I21.2	0.00202	9e-05	0.00027
LPCAT2	0.19981	0.13003	0.08025
RP11-212I21.4	0.026	0.00765	0.01223
CAPNS2	0.00121	0.00012	1e-04
CES1	0.03456	0.56364	0.37723
CES5A	0	0.00204	0.00049
GNAO1	0.01154	0.00129	0.00537
AMFR	0.08773	0.11132	0.08079
RP11-413H22.2	0.01185	0.00342	0.00354
NUDT21	0.20944	0.24151	0.12528
OGFOD1	0.07118	0.06598	0.04912
RP11-413H22.3	0.00011	0.00107	0.00136
BBS2	0.03139	0.05129	0.05027
MT3	0.01552	0.00189	0.0041
MT2A	0.80906	0.66433	0.62781
RP11-249C24.10	0.00104	0	0
MT1E	0.13278	0.12618	0.13826
MT1M	0.03702	0.00488	0.04766
MT1A	0.01395	0.22259	0.06286
MT1F	0.11241	0.06753	0.03937
MT1G	0.14838	0.02204	0.02865
MT1H	0.05162	0.00408	0.00964
MT1X	0.38896	0.19084	0.16503
RP11-343H19.1	0.00075	0.00137	0.00371
NUP93	0.06547	0.06486	0.03699
SLC12A3	0.00057	0.00019	0
HERPUD1	0.89858	0.65399	0.43346
CETP	0.11959	0.00528	0.03522
NLRC5	0.08687	0.01635	0.04155
CPNE2	0.06743	0.03103	0.05356
FAM192A	0.20669	0.17648	0.13258
RSPRY1	0.08778	0.11869	0.0699
ARL2BP	0.19237	0.24509	0.15012
RP11-407G23.7	0	0.00116	0.00035
PLLP	0.00638	0.13912	0.05448
CCL22	0.00601	0.00108	0.00139
CX3CL1	0.001	0.06574	0.0598
CCL17	0.00893	0.00085	0.00033
CIAPIN1	0.06708	0.13604	0.05314
COQ9	0.05501	0.1118	0.0696
POLR2C	0.13392	0.20829	0.10674
DOK4	0.00503	0.11872	0.07373
CCDC102A	0.00928	0.02409	0.02166
ADGRG5	0.00683	0.00145	0.00013
ADGRG1	0.0142	0.22569	0.1383
ADGRG3	0.00344	0.00134	0.0023
DRC7	3e-04	0.00236	0.00184
KATNB1	0.02511	0.03475	0.02284
KIFC3	0.03815	0.08341	0.10151
CTD-2600O9.2	0.00078	0.00146	0.00079
CTD-2600O9.1	0.00106	0.00424	0.00343
CNGB1	6e-05	8e-04	2e-04
TEPP	0.00194	0.00032	0.00241
ZNF319	0.01138	0.01115	0.00703
USB1	0.08984	0.08217	0.05078
MMP15	0.00319	0.08294	0.06464
CFAP20	0.09429	0.09302	0.11662
CSNK2A2	0.12838	0.13921	0.09952
CCDC113	0.00029	0.01006	0.00254
GINS3	0.01199	0.0199	0.00986
RP11-481J2.3	0.00152	0.00607	0.00556
NDRG4	0.00272	0.0032	0.00328
SETD6	0.02004	0.04382	0.03323
CNOT1	0.21113	0.15697	0.12278
RP11-481J2.4	0.00413	0.00576	0.00686
AC010287.1	0.01946	0.00353	0.00621
SLC38A7	0.08385	0.04416	0.04285
GOT2	0.08491	0.19906	0.07725
CDH8	0	0.00209	0.00127
RP11-368L12.1	0.00014	0.00298	0.00358
CDH11	0.00018	0.00193	0.05207
CDH5	0.00053	5e-04	0.08017
LINC00920	0.01107	0.02538	0.0097
BEAN1	0.00206	0.02593	0.00602
TK2	0.07764	0.10735	0.08854
RP11-403P17.3	0.00129	0.00211	0.00044
RP11-403P17.4	0.00122	0.00101	0.00144
CKLF	0.74121	0.79504	0.36328
CKLF-CMTM1	0.00069	0.00136	0.00078
RP11-403P17.6	2e-04	0.00131	3e-04
CMTM1	0.00059	0.00133	0.00338
CMTM2	0.00281	0.00686	0.00531
CMTM3	0.34932	0.07695	0.10947
CMTM4	0.00456	0.06575	0.04628
DYNC1LI2	0.18583	0.30678	0.32286
RP11-63M22.2	0.00113	0.00403	0.00605
RP11-61A14.4	0.00034	8e-04	0.00055
NAE1	0.09513	0.23504	0.09982
RP11-61A14.1	0.00147	0.00312	0
PDP2	0.01423	0.03844	0.0292
CDH16	0.00041	0.00172	0.00079
RRAD	0.04188	0.00963	0.03546
FAM96B	0.50881	0.62634	0.28813
CES2	0.0567	0.08685	0.07149
CES3	0.00084	0.01412	0.00884
CES4A	0.00849	0.00095	0.00285
CBFB	0.20942	0.1373	0.09943
C16orf70	0.05423	0.06073	0.03817
B3GNT9	0.00387	0.00757	0.01164
TRADD	0.15873	0.16754	0.09806
FBXL8	0.01124	0.03792	0.03068
HSF4	0.01983	0.04996	0.05418
NOL3	0.03684	0.17727	0.11636
KIAA0895L	0.01242	0.02484	0.04516
EXOC3L1	0.00243	0.00229	0.01665
E2F4	0.11369	0.10007	0.09543
ELMO3	0.00784	0.10721	0.06458
LRRC29	0.01106	0.01652	0.00727
TMEM208	0.26527	0.58371	0.2462
FHOD1	0.07541	0.02914	0.0607
SLC9A5	0.00117	8e-04	0.00137
PLEKHG4	0.00792	0.0212	0.01565
KCTD19	8e-05	0.00108	0.00053
LRRC36	0.00061	0.00814	0.01157
TPPP3	0.0053	0.04935	0.14772
ZDHHC1	0.00687	0.05062	0.03734
HSD11B2	0.00089	0.04879	0.04748
ATP6V0D1	0.43169	0.29752	0.17311
RP11-297D21.4	0.02132	0.02674	0.02613
AGRP	0.00278	0.00018	0.00049
CTD-2012K14.8	0.00322	0.01721	0.00398
FAM65A	0.10434	0.05011	0.06742
CTD-2012K14.6	0.00196	0.00055	0.00116
CTD-2012K14.7	0.00264	0.00096	0.00339
CTCF	0.1807	0.16249	0.10887
AC009095.4	0.00018	0.00049	0.00119
RLTPR	0.01452	0.00177	0.00185
ACD	0.06157	0.03327	0.0351
PARD6A	0.04543	0.01497	0.01072
ENKD1	0.01381	0.03771	0.03426
C16orf86	0.01682	0.00855	0.01136
GFOD2	0.03072	0.05253	0.0716
RANBP10	0.02844	0.02547	0.02921
TSNAXIP1	0.00031	0.00331	0.00314
CENPT	0.05448	0.05463	0.06951
THAP11	0.10202	0.08828	0.0567
NUTF2	0.17116	0.27799	0.14358
EDC4	0.00225	0.00138	0.00323
CTC-479C5.10	0.00072	2e-04	0.00138
NRN1L	0.00056	0.00046	0
PSKH1	0.01544	0.02798	0.02013
CTRL	0.00136	0.00061	0.00012
CTC-479C5.12	0.01204	0.00977	0.00622
PSMB10	0.10799	0.0906	0.05625
LCAT	0.01091	0.04376	0.03949
SLC12A4	0.02762	0.02842	0.03837
DPEP3	0.00169	6e-05	0
DPEP2	0.04964	0.00252	0.00778
DUS2	0.0285	0.02709	0.01709
DDX28	0.02478	0.03054	0.01408
NFATC3	0.18224	0.17935	0.1214
RP11-96D1.11	0.00301	0.04113	0.0207
ESRP2	0.00165	0.05505	0.02956
PLA2G15	0.1774	0.03067	0.03869
SLC7A6	0.06386	0.02332	0.0296
SLC7A6OS	0.07492	0.06779	0.05678
PRMT7	0.04505	0.09832	0.0568
SMPD3	0.01249	0.05918	0.04713
RP11-71L14.4	0	0.00063	0.00083
ZFP90	0.05141	0.05535	0.05198
RP11-615I2.6	0.00068	0.00192	0.00219
CDH3	0.00031	0.03453	0.00925
CDH1	0.00523	0.2724	0.13388
TANGO6	0.02401	0.01816	0.0128
HAS3	0.00052	0.00518	0.00154
CHTF8	0.09526	0.14598	0.09019
UTP4	0.04799	0.08808	0.04006
SNTB2	0.08899	0.06455	0.13095
VPS4A	0.12304	0.08568	0.08772
COG8	0.02764	0.06076	0.0475
PDF	0.00062	0.00125	0.00122
NIP7	0.11633	0.16577	0.08003
TMED6	0.00215	0.10361	0.02365
TERF2	0.08602	0.08085	0.05683
CYB5B	0.19005	0.21783	0.15949
NFAT5	0.23998	0.17099	0.23436
NQO1	0.06998	1.31492	0.40385
CTD-2033A16.1	0.00025	0.00087	0.00032
CTD-2033A16.3	0.00033	0.00134	0.00235
NOB1	0.0806	0.17234	0.07583
WWP2	0.0724	0.06499	0.06133
CLEC18A	0.00169	0.00223	0.00561
PDPR	0.03977	0.04234	0.03977
AC009060.3	2e-04	5e-04	0
EXOSC6	0.18018	0.17436	0.13078
AARS	0.07269	0.14401	0.08364
DDX19B	0.07799	0.08024	0.05687
DDX19A	0.05995	0.07747	0.07203
ST3GAL2	0.05266	0.04147	0.04874
FUK	0.0178	0.03698	0.02765
COG4	0.05512	0.06351	0.05475
SF3B3	0.11239	0.16972	0.0896
IL34	0.00023	0.00178	0.03941
MTSS1L	0.00275	0.02352	0.02042
VAC14	0.05941	0.03413	0.03059
VAC14-AS1	0.00099	0.00509	0.00525
HYDIN	0.00024	0.00875	0.00934
CMTR2	0.10909	0.15545	0.14152
CALB2	0.00298	0.04082	0.00901
ZNF23	0.00216	0.00389	0.00517
AC010547.9	0.00055	0.00074	0.00047
RP11-510M2.2	0.00037	0.00066	0.00014
ZNF19	0.00445	0.01545	0.01718
CHST4	0	0.0041	0.005
TAT	0.00024	0.01243	0.00239
TAT-AS1	0	0.00314	0.001
MARVELD3	0.00195	0.06078	0.0358
PHLPP2	0.01936	0.01989	0.01571
RP11-432I5.4	0.00018	0.00022	0.00045
AP1G1	0.15504	0.1432	0.11274
ATXN1L	0.0549	0.04022	0.03768
IST1	0.26019	0.23254	0.19628
ZNF821	0.03621	0.02068	0.03121
PKD1L3	0.00072	0.00029	0.00063
DHODH	0.01902	0.05525	0.0287
TXNL4B	0.04906	0.03656	0.02565
HP	0.01103	0.32174	0.12292
HPR	0.00089	0.03412	0.00904
DHX38	0.08793	0.05964	0.07136
PMFBP1	0.01621	0.001	0.00244
LINC01572	0.0025	0.00429	0.00374
RP5-991G20.1	0.00618	0.00557	0.0047
ZFHX3	0.262	0.17318	0.27202
RP5-991G20.2	0.00047	0.00073	4e-04
RP11-346C20.4	0.00059	0.00028	0.00253
RP11-346C20.3	0.0049	0.00274	0.01022
AC140912.1	3e-04	0.01238	0.03793
AC009120.4	0.00023	0.00032	0.00141
AC009120.11	0.00051	0.00164	0.00192
PSMD7	0.35665	0.615	0.24128
RP11-252A24.3	0.00932	0.00285	0.0086
NPIPB15	0.02668	0.08461	0.11198
CLEC18B	0.00044	0.00081	0.00173
GLG1	0.21156	0.24184	0.22138
RFWD3	0.0605	0.04048	0.03144
MLKL	0.11828	0.04577	0.05753
FA2H	0.00068	0.05279	0.02331
WDR59	0.05116	0.08756	0.08664
ZNRF1	0.09559	0.11184	0.0666
RP11-252E2.1	0.00092	0.00234	0.00064
LDHD	0.00404	0.04445	0.01343
ZFP1	0.0158	0.01919	0.01696
BCAR1	0.00351	0.1354	0.1149
CFDP1	0.28469	0.3889	0.30605
RP11-77K12.9	0.00324	0.00572	0.00767
TMEM170A	0.19397	0.12722	0.09793
CHST6	0.00046	0.0063	0.00796
RP11-77K12.10	0	0.00133	0.00037
TMEM231	0.00606	0.01442	0.01265
GABARAPL2	0.50734	0.65185	0.35901
RP11-490B18.6	0.00057	0.00019	0.00032
ADAT1	0.03892	0.03755	0.0333
KARS	0.16745	0.20514	0.10884
TERF2IP	0.42189	0.26736	0.24604
CNTNAP4	0.00036	0.01816	0.01698
RP11-58C22.2	0	0.00099	0.00076
MON1B	0.08003	0.1016	0.07341
SYCE1L	0.01989	0.06157	0.06112
ADAMTS18	0	0.00113	0.00657
NUDT7	0.02232	0.08038	0.02446
WWOX	0.02402	0.04808	0.02762
RP11-264L1.4	0.00048	0.00036	0.00073
RP11-679B19.1	0.00112	0.00025	0.00275
RP11-467I17.1	0.00152	0	0
MAF	1.04061	0.07409	0.23839
RP11-70D24.3	0.00077	0.00012	5e-04
RP11-70D24.2	0.00191	0.00057	0.00142
LINC01229	0.00295	3e-05	0
MAFTRR	0.00083	0.00236	0.00115
DYNLRB2	0.00102	0.00428	0.0013
CDYL2	0.01977	0.01309	0.02136
CMC2	0.34755	0.22709	0.12873
CENPN	0.04921	0.08567	0.02593
ATMIN	0.09007	0.09732	0.06508
C16orf46	0.00293	0.01004	0.00741
RP11-303E16.6	0.01465	0.00075	0.00115
RP11-303E16.7	0.00104	0.00047	0.00222
GCSH	0.10051	0.67491	0.1947
BCO1	0	0.0101	0.00643
RP11-55K13.1	0.00182	0.00398	0.00412
GAN	0.05922	0.08482	0.08376
CMIP	0.28963	0.14334	0.14937
RP11-960L18.1	0.00222	0.00047	0.00034
PLCG2	0.06439	0.01161	0.02905
SDR42E1	0.00291	0.02203	0.01078
HSD17B2	0.00377	0.20569	0.06265
RP11-510J16.5	0.00119	0.00787	0.00234
MPHOSPH6	0.12244	0.12178	0.05832
CDH13	0.00152	0.00023	0.0265
RP11-483P21.2	0.00315	0.00029	0.00019
HSBP1	0.5712	0.93342	0.44776
MLYCD	0.02719	0.05871	0.0427
RP11-505K9.4	0.00025	0.00103	0.00063
OSGIN1	0.02795	0.09516	0.03958
NECAB2	0.00031	0.0021	0.00201
SLC38A8	0.00013	0.00071	0.00034
MBTPS1	0.11858	0.17642	0.14555
RP11-505K9.1	0.0074	0.01272	0.00889
HSDL1	0.04048	0.04728	0.03008
DNAAF1	0.00739	0.00357	0.00289
TAF1C	0.03063	0.05594	0.06253
WFDC1	0.00022	0.00049	0.03143
ATP2C2	0.00037	0.0313	0.02009
RP11-517C16.2	0	4e-04	0.00093
TLDC1	0.02415	0.06609	0.05208
COTL1	1.25212	0.24988	0.25523
KLHL36	0.10114	0.08927	0.09432
USP10	0.16441	0.19824	0.11097
CRISPLD2	0.00572	0.02682	0.1095
ZDHHC7	0.09671	0.11122	0.07133
KIAA0513	0.03087	0.01759	0.01268
FAM92B	0.00074	0	0
RP11-442O1.4	0.00241	0.00031	0.00067
LINC00311	0.00023	0.00164	0.00321
CTD-2542L18.1	0.00033	0.00029	0.00097
GSE1	0.08254	0.12411	0.10879
GINS2	0.03304	0.03197	0.0123
C16orf74	0.00852	0.00368	0.00391
EMC8	0.11975	0.14456	0.07812
COX4I1	1.66596	1.57276	0.96553
IRF8	0.32369	0.07613	0.06027
RP11-542M13.3	0.00414	0.00027	0
RP11-805I24.1	0.00077	0.00039	0.00071
FOXF1	0.00057	0.00019	0.03295
RP11-463O9.9	6e-05	0.00172	0.00043
MTHFSD	0.02155	0.0297	0.03002
FOXC2-AS1	7e-05	0.00259	0.00093
FOXC2	0.00041	0.04082	0.06518
FOXL1	0.00059	0.01903	0.01649
CTD-2015G9.2	0.00031	0.01475	0.0084
C16orf95	0.00364	0.01178	0.00685
RP11-178L8.7	0.00087	0.0062	0.00317
FBXO31	0.01873	0.02933	0.03564
MAP1LC3B	0.80265	0.54435	0.36981
RP11-178L8.3	0.00093	0.00027	0.00058
ZCCHC14	0.02647	0.05749	0.05801
JPH3	0.00011	0.00029	0.00042
RP11-278A23.1	0.00053	0.00067	0.00173
KLHDC4	0.05943	0.08774	0.06314
RP4-536B24.4	0.00017	0.00042	0
SLC7A5	0.18879	0.0428	0.03854
CA5A	0.00141	0.03085	0.01047
BANP	0.09514	0.06243	0.07316
RP11-863P13.3	0.00154	0.00022	0.00029
LA16c-444G7.2	0.00126	0.00415	0.0017
ZNF469	0.00681	0.01	0.0092
ZFPM1	0.09791	0.10435	0.09645
ZC3H18	0.15053	0.14559	0.13469
CYBA	2.21394	2.27085	1.41659
MVD	0.08784	0.26056	0.13255
SNAI3-AS1	0.00677	0.01322	0.00669
SNAI3	0.02757	0.0028	0.00312
RNF166	0.22326	0.05717	0.06881
CTU2	0.0369	0.07129	0.04584
RP5-1142A6.10	0.00052	0.00017	9e-04
PIEZO1	0.10822	0.10593	0.09736
RP5-1142A6.9	0.00214	0.00053	0.00076
RP5-1142A6.2	0.00104	0.00098	0.00112
RP5-1142A6.8	0.00961	0.00213	0.00105
CDT1	0.03847	0.0466	0.02276
APRT	0.85728	1.48056	0.64544
GALNS	0.03778	0.03454	0.0283
TRAPPC2L	0.34667	0.37471	0.19435
CBFA2T3	0.03023	0.00202	0.02159
RP11-830F9.6	0.00141	7e-05	0.00097
CTD-2555A7.2	0.00633	0.01053	0.016
ACSF3	0.06852	0.06257	0.05396
CTD-2555A7.3	0.00207	3e-05	0
LINC00304	0.00074	0.00098	0
CDH15	0.00089	0.0323	0.00675
SLC22A31	0.00364	0.08577	0.04724
RP11-46C24.7	0.00713	0.01178	0.02188
ZNF778	0.01458	0.02241	0.02226
ANKRD11	0.47399	0.35859	0.44218
AC137932.4	0.03279	0.00697	0.01111
SPG7	0.11989	0.13909	0.16158
RP11-104N10.1	0.00229	0.00452	0.00175
RPL13	3.68892	3.5101	2.83348
CPNE7	0.02441	0.03288	0.03928
DPEP1	0.00075	0.00044	0.00462
CHMP1A	0.1229	0.13423	0.11334
SPATA33	0.04473	0.0916	0.07739
CDK10	0.07261	0.17476	0.18393
RP11-368I7.4	0.00052	0.00225	0.00327
RP11-368I7.6	0.00018	0.00095	0.0013
SPATA2L	0.05412	0.03252	0.02966
VPS9D1	0.02975	0.03279	0.03933
VPS9D1-AS1	0.00074	0.01546	0.00356
ZNF276	0.09599	0.04997	0.07021
FANCA	0.03803	0.02749	0.02132
SPIRE2	0.00746	0.05124	0.04115
TCF25	0.6608	0.45311	0.55178
MC1R	0.00379	0.01488	0.01336
TUBB3	0.00083	0.00188	0.00251
DEF8	0.11503	0.09914	0.0845
CENPBD1	0.01803	0.03009	0.01938
RP11-566K11.5	6e-04	0.00037	0
DBNDD1	0.00109	0.02976	0.0079
GAS8	0.00701	0.0344	0.03256
FAM157C	0.00405	0.01374	0.01761
RP11-356C4.3	0.00147	0.00099	0.00112
RP11-356C4.5	5e-05	0.00158	0.00062
AC137934.1	0.00627	0.00451	0.00865
RP11-1228E12.1	0.00027	0.00075	3e-04
RP11-1228E12.2	0.00097	0.00104	0.00142
DOC2B	0.00017	0.00188	0.01694
RPH3AL	0.00896	0.04887	0.03665
RP11-1260E13.2	0	0.0065	0.00273
C17orf97	0.00312	0.02172	0.01337
FAM101B	0.08841	0.00465	0.03871
VPS53	0.08447	0.09144	0.08706
FAM57A	0.01597	0.05435	0.02438
GEMIN4	0.01551	0.04535	0.02049
GLOD4	0.21846	0.36645	0.13803
RP11-676J12.4	0.00116	0.00173	0.00168
RNMTL1	0.03931	0.09758	0.03415
NXN	0.00212	0.02619	0.04811
RP11-676J12.7	0.00026	9e-05	0.00224
TIMM22	0.07044	0.10922	0.05752
ABR	0.10231	0.09953	0.08956
AC144836.1	2e-04	0.00044	0
YWHAE	0.8465	1.2626	0.66216
CRK	0.16189	0.25091	0.18331
RP11-818O24.3	0.00103	0.00016	0.00105
MYO1C	0.08609	0.34058	0.25272
INPP5K	0.05178	0.08616	0.05078
PITPNA-AS1	0.04885	0.19529	0.07454
PITPNA	0.15467	0.12876	0.08308
SLC43A2	0.14194	0.03423	0.04339
SCARF1	0.044	0.01006	0.0503
RILP	0.0818	0.06713	0.04483
PRPF8	0.24658	0.17426	0.13847
RP11-961A15.3	0.00086	0.00188	0.00103
TLCD2	0.01069	0.10936	0.08441
MIR22HG	0.08475	0.04504	0.07228
WDR81	0.05119	0.0699	0.03683
SERPINF2	0.01514	0.26053	0.15113
SERPINF1	0.05888	0.85359	0.42017
SMYD4	0.06068	0.04061	0.05957
RPA1	0.12039	0.12253	0.06432
RTN4RL1	0.00059	0.00099	0.00428
CTD-2545H1.2	0	0.00045	0
AC099684.1	3e-05	0.00054	0.00054
DPH1	0.00424	0.00476	0.00514
RP11-667K14.4	0.00061	0.00012	0
RP11-667K14.3	0.00321	0.00019	0.00126
HIC1	0.06671	0.00349	0.11619
SMG6	0.08248	0.06957	0.12585
SRR	0.02649	0.01081	0.01328
TSR1	0.07636	0.1145	0.0687
SGSM2	0.04178	0.06395	0.08623
RP1-59D14.5	0.00041	0.00029	0.00067
MNT	0.05328	0.06066	0.05687
METTL16	0.08082	0.06504	0.0696
PAFAH1B1	0.33063	0.21482	0.20144
CLUH	0.03554	0.11251	0.08599
RP11-74E22.3	0.00127	0.00103	0.00107
RP11-74E22.8	0.00017	0.00065	0.00132
RAP1GAP2	0.01074	0.03806	0.02716
ASPA	2e-05	0.00282	0.00853
TRPV3	0.0062	0.00759	0.0067
TRPV1	0.00589	0.02185	0.01736
RP11-235E17.2	0.00071	0.00061	0.00096
SHPK	0.01161	0.0139	0.01253
CTNS	0.04542	0.03269	0.02467
RP11-235E17.6	0.00032	0.00152	0.00075
TAX1BP3	0.07718	0.23251	0.16493
P2RX5-TAX1BP3	0.00248	0.00055	0.00108
EMC6	0.20559	0.36996	0.13327
P2RX5	0.0164	0.00811	0.00309
ITGAE	0.15466	0.16626	0.08718
GSG2	0.00486	0.00135	0.00052
NCBP3	0.14679	0.11171	0.13308
CAMKK1	0.01927	0.00653	0.00992
P2RX1	0.01441	0.00104	0.00333
ATP2A3	0.07016	0.08913	0.07357
ZZEF1	0.09784	0.06164	0.07804
CYB5D2	0.04129	0.05988	0.06562
ANKFY1	0.0915	0.06259	0.06445
RP11-104O19.4	0.00029	0.00033	8e-05
UBE2G1	0.17269	0.22378	0.10889
SPNS3	0.03205	0.00775	0.00716
RP13-580F15.2	0.00546	0.00595	0.00688
SPNS2	0.00117	0.00626	0.04591
MYBBP1A	0.02988	0.11829	0.07942
GGT6	0.00093	0.06047	0.0369
SMTNL2	0.00168	0.00041	0.00105
ALOX15	0.00297	0.00015	0.00018
PELP1	0.08098	0.18585	0.08744
RP11-314A20.2	0.00179	0.02123	0.00674
ARRB2	0.50984	0.13047	0.09621
MED11	0.10877	0.24235	0.09921
CXCL16	0.45384	0.34905	0.16671
ZMYND15	0.03733	0.02414	0.01927
TM4SF5	0.0837	1.53711	0.69154
VMO1	0.17738	0.02173	0.03148
GLTPD2	0.00434	0.21038	0.07184
PSMB6	0.52453	1.00876	0.38227
RP11-81A22.5	0.00818	0.01029	0.00189
PLD2	0.03115	0.03705	0.03325
MINK1	0.05867	0.09239	0.06874
CHRNE	0.01446	0.02569	0.02312
C17orf107	0.01644	0.00292	0.00551
GP1BA	0.00199	3e-04	0.00037
SLC25A11	0.19542	0.23256	0.12359
RNF167	0.17849	0.22182	0.11129
PFN1	2.09326	1.73221	1.05383
ENO3	0.01019	0.01953	0.0099
SPAG7	0.22527	0.23549	0.15734
CAMTA2	0.06352	0.05011	0.04817
RP5-1050D4.3	0.00063	0.00139	0.00165
RP5-1050D4.2	0.00018	0.00066	0.00105
RP5-1050D4.5	0.00102	0.00069	0.00065
INCA1	0.00413	0.00317	0.00369
KIF1C	0.05206	0.12902	0.09928
AC109333.10	0.00333	0.00047	0.00042
SLC52A1	0.00269	6e-05	0.00042
ZFP3	0.00775	0.00912	0.01123
ZNF232	0.01478	0.03116	0.01926
USP6	0.00021	0.00025	3e-04
ZNF594	0.00789	0.01621	0.0207
RP11-333E1.1	0.00424	0.0046	0.00431
SCIMP	0.14992	0.0064	0.01417
RABEP1	0.20222	0.13359	0.10076
NUP88	0.05685	0.08135	0.04601
RP11-420A6.2	0.00172	0.00276	0.00379
RPAIN	0.16709	0.28045	0.18255
CTC-524C5.2	0.02256	0.07218	0.02005
C1QBP	0.35276	0.75347	0.29075
DHX33	0.03676	0.08812	0.06882
DERL2	0.21161	0.32387	0.14248
MIS12	0.05974	0.06388	0.04975
NLRP1	0.0769	0.02101	0.07554
WSCD1	0.00108	0.00748	0.00632
FAM64A	0.0143	0.01246	0.00345
PITPNM3	0.00132	0.02529	0.01667
KIAA0753	0.01702	0.03202	0.04245
CTC-281F24.5	0.00052	0.00033	0.00145
TXNDC17	0.43098	0.88667	0.35107
MED31	0.16369	0.21099	0.11355
C17orf100	0.00428	0.01646	0.01537
CTC-281F24.1	7e-05	0.00083	0.00141
SLC13A5	0.00105	0.09809	0.05085
XAF1	0.21309	0.19175	0.28234
FBXO39	8e-05	0.00122	0.001
ALOX12-AS1	0.02377	0.02613	0.02378
RP11-589P10.5	0.00558	0.00494	0.00308
ALOX12	2e-04	0.00048	0.00036
RNASEK	0.13295	0.05406	0.09146
RNASEK-C17orf49	0.01232	0.00909	0.00449
C17orf49	0.05802	0.03792	0.0277
MIR497HG	0.00059	0.00239	0.02342
BCL6B	8e-04	0.00044	0.03482
SLC16A13	0.00269	0.00465	0.00551
SLC16A11	0.00204	0.00988	0.00644
CLEC10A	0.19521	0.01056	0.01882
ASGR2	0.03514	0.62263	0.25832
ASGR1	0.09618	0.96306	0.48644
DLG4	0.02787	0.00548	0.0213
ACADVL	0.37971	0.53806	0.43343
DVL2	0.04394	0.04878	0.05366
PHF23	0.08764	0.10804	0.0575
GABARAP	0.37732	0.25578	0.15562
CTDNEP1	0.35502	0.22159	0.18874
ELP5	0.07731	0.11537	0.06318
CLDN7	0.05329	0.61379	0.2691
SLC2A4	0.00076	0.01403	0.00938
YBX2	5e-04	0.00661	0.0027
EIF5A	0.60447	0.88262	0.46429
GPS2	0.13405	0.05412	0.08443
NEURL4	0.01277	0.01775	0.0208
ACAP1	0.38917	0.02574	0.04428
KCTD11	0.01665	0.04164	0.03276
TNK1	0.00266	0.01847	0.00703
TMEM256-PLSCR3	0.0031	0.00255	0.00431
TMEM256	0.33367	0.66663	0.25197
NLGN2	0.00178	0.00946	0.02381
TMEM102	0.03026	0.05089	0.02195
FGF11	0.00648	0.00311	0.00214
CHRNB1	0.02824	0.04062	0.0305
ZBTB4	0.11073	0.06292	0.06686
POLR2A	0.23918	0.17302	0.15628
TNFSF12	0.19183	0.05354	0.08775
RP11-186B7.7	0.00056	0.00102	0.00073
TNFSF13	0.00403	0.00272	0.00193
SENP3	0.0192	0.02266	0.02339
EIF4A1	0.4501	0.62731	0.4599
CD68	1.02062	0.31359	0.21921
AC113189.5	0.00528	0.02313	0.01222
MPDU1	0.13544	0.18314	0.12164
SOX15	0.00097	0.00226	0.00202
FXR2	0.03843	0.05933	0.0542
SHBG	0.00069	0.01742	0.00762
SAT2	0.29031	0.6308	0.34204
ATP1B2	0.0036	0.00249	0.05736
TP53	0.10252	0.10915	0.08232
WRAP53	0.02084	0.03057	0.0216
EFNB3	0.00029	0.00062	0.00452
DNAH2	1e-04	0.00839	0.00536
KDM6B	0.48374	0.15098	0.20612
TMEM88	0.01857	0.00721	0.0343
NAA38	0.44105	0.82342	0.37703
CYB5D1	0.04616	0.03257	0.02994
CHD3	0.13761	0.17467	0.18169
AC025335.1	0.01322	0.01113	0.01015
KCNAB3	0.00572	0.00473	0.008
TRAPPC1	0.51867	0.54455	0.25483
CNTROB	0.02763	0.02805	0.03595
GUCY2D	0.00065	0.01511	0.00287
ALOX15B	0.00335	0.00096	0.00114
RP11-599B13.3	0	0.00074	0
ALOX12B	0.00014	0.00385	0.00021
AC129492.6	0.00034	0.00268	0.00232
ALOXE3	0.00028	0.00248	0.00059
HES7	0.00107	6e-04	0.00318
PER1	0.22209	0.07211	0.11732
VAMP2	0.41742	0.27622	0.27685
TMEM107	0.16331	0.04547	0.07647
RP11-599B13.7	0	0.00164	0.00112
BORCS6	0.08723	0.04861	0.04304
AURKB	0.03877	0.04449	0.01646
LINC00324	0.04558	0.0189	0.02386
CTC1	0.03239	0.02231	0.02364
PFAS	0.0177	0.03527	0.02599
RP11-849F2.9	0.00085	0.0028	0.00379
SLC25A35	0.01567	0.01576	0.01073
RANGRF	0.06938	0.11604	0.06519
ARHGEF15	0.00022	0.00064	0.03707
KRBA2	0.00438	0.01342	0.01717
RP11-849F2.7	0.00024	0.00051	0.00079
RPL26	3.15091	2.97438	2.25383
NDEL1	0.11562	0.089	0.08474
MYH10	0.00466	0.05561	0.05541
MFSD6L	0.001	0.02073	0.00657
PIK3R6	0.03134	0.04482	0.01628
PIK3R5	0.08827	0.00924	0.01147
CTB-41I6.1	0.00331	5e-05	0.00014
CTB-41I6.2	0.00091	0	0
NTN1	0.00051	0.00942	0.00463
RP11-85B7.5	0.00069	0.00041	0.00131
STX8	0.21114	0.18806	0.10514
USP43	0.00082	0.032	0.02332
RCVRN	0.00101	4e-05	0.00084
GAS7	0.14082	0.00631	0.01775
MYH4	0.00024	0.00486	0.00083
MYH3	0.00225	0.00172	0.00277
SCO1	0.09162	0.14438	0.07632
ADPRM	0.0306	0.02658	0.01427
TMEM220	0.0445	0.23174	0.06618
TMEM220-AS1	0.00091	0.00689	0.00265
LINC00675	9e-05	0.01263	0.00417
RP11-963H4.3	0.00033	0.00465	0.00268
DNAH9	0	0.00086	0.00043
ZNF18	0.01576	0.01714	0.01313
MAP2K4	0.07557	0.07823	0.04964
MYOCD	0	5e-05	0.01232
ARHGAP44	0.00177	0.02794	0.03174
ELAC2	0.05527	0.12954	0.06924
HS3ST3A1	0.00022	0.00032	0.00275
RP11-131K5.1	4e-05	0.00157	0.00052
COX10	0.04034	0.08381	0.03944
AC005224.2	0.00104	0.00529	0.00512
HS3ST3B1	0.0255	0.02487	0.01357
RP11-214O1.2	0.00451	0.00226	0.00355
RP11-214O1.3	0.03386	0.00485	0.0072
AC022816.2	0.00012	0.00231	0.00238
PMP22	0.18228	0.13362	0.17406
TEKT3	4e-05	0.00098	0.00465
CDRT4	0.00112	0.00354	0.00135
TVP23C-CDRT4	0.00051	0.00236	0.00071
TVP23C	0.01553	0.03648	0.03224
RP11-385D13.3	0.0134	0.0285	0.02832
CDRT1	0.00023	0.00396	0.00236
RP11-385D13.1	0.00031	0.00313	0.00072
TRIM16	0.03261	0.46338	0.17366
ZNF286A	0.01052	0.02449	0.02487
CTD-3157E16.2	0.00186	0.0193	0.0152
ADORA2B	0.00944	0.03418	0.01155
ZSWIM7	0.1506	0.27208	0.13893
TTC19	0.18798	0.20617	0.15524
CTC-529I10.1	0.00218	0.00529	0.00309
NCOR1	0.38432	0.41723	0.29716
CTC-529I10.2	0.01221	0.00662	0.0084
PIGL	0.02691	0.10186	0.06998
CENPV	0.03062	0.51626	0.14144
UBB	2.04567	2.02477	1.50406
RP11-138I1.4	0.00114	0.00138	0.00126
RP11-138I1.2	0.00975	0.00065	0.00198
TRPV2	0.14059	0.05457	0.05297
LRRC75A	0.11344	0.37499	0.16764
ZNF287	0.00415	0.01004	0.00385
ZNF624	0.01758	0.01627	0.01286
CCDC144A	0.00608	0.01165	0.01461
RP11-219A15.1	0.0029	0.01058	0.01178
RP11-219A15.5	0	7e-04	0
TNFRSF13B	0.02911	0.00137	0.00268
AC104024.1	0.00124	6e-05	0.00039
RP11-416I2.1	0	0.00172	0.00054
MPRIP	0.09548	0.1619	0.25712
MPRIP-AS1	0.00924	0.01669	0.01877
PLD6	0.01051	0.0186	0.0105
FLCN	0.09472	0.11209	0.10554
RP11-45M22.5	0.00171	0.00181	0.00106
COPS3	0.18398	0.24421	0.09698
NT5M	0.00449	0.00788	0.00527
MED9	0.02431	0.04513	0.03054
RASD1	0.03698	0.11544	0.13417
PEMT	0.03871	0.20673	0.07509
RP11-524F11.2	3e-04	0.00234	0.00116
RAI1	0.02423	0.05869	0.05266
SMCR5	0.02456	0.03555	0.03324
SREBF1	0.10827	0.2113	0.15271
TOM1L2	0.02648	0.04282	0.05397
RP1-253P7.4	0.00127	0.00051	0.00017
DRC3	0.0022	0.02099	0.02323
ATPAF2	0.07198	0.13658	0.063
GID4	0.03291	0.05774	0.03368
DRG2	0.08275	0.17421	0.08137
MYO15A	0.00123	0.0065	0.00417
RP11-258F1.1	0.0058	0.00253	0.00102
ALKBH5	0.17639	0.29187	0.14816
LLGL1	0.00524	0.00772	0.00609
FLII	0.19987	0.23131	0.14722
MIEF2	0.01065	0.04069	0.02323
RP1-178F10.1	3e-04	0.00183	0.00234
TOP3A	0.04339	0.04855	0.0464
SMCR8	0.05084	0.06483	0.045
SHMT1	0.06383	0.14786	0.05367
EVPLL	0.00011	0.00573	0.00835
FLJ35934	0.00355	0.00019	0.00495
LGALS9C	0.00088	0.00112	0.00198
FAM106A	0.00118	0.00197	0.00216
ZNF286B	0.00208	0.00892	0.00833
TRIM16L	0.02153	0.40721	0.14788
FBXW10	6e-05	0.00042	0.00014
TVP23B	0.04516	0.18027	0.07175
CTD-2145A24.5	0.00035	0.00482	0.00346
PRPSAP2	0.08239	0.17714	0.08265
SLC5A10	0.00016	0.0025	0.00086
FAM83G	0.01209	0.11891	0.05271
GRAP	0.01692	0.00088	0.01461
RP11-160E2.6	0.30065	0.22743	0.33409
GRAPL	0.00194	0	0.00212
CTC-457L16.2	0.00053	0.00761	0.00636
RP11-160E2.11	0.00037	7e-05	0.00108
EPN2	0.03243	0.17817	0.16237
EPN2-AS1	0.00044	0.00022	0.00116
RP11-135L13.4	8e-05	0.0052	0.00089
B9D1	0.0133	0.32636	0.07977
MAPK7	0.03313	0.04195	0.02798
MFAP4	6e-04	0.00035	0.05127
RNF112	0.00015	0.00411	0.00503
SLC47A1	0.01209	0.04742	0.01829
ALDH3A2	0.09519	0.35667	0.13525
ALDH3A1	0.00128	0.10373	0.02435
ULK2	0.05317	0.02466	0.0315
RP11-78O7.2	0.00398	0.00276	0.00307
AKAP10	0.13048	0.09835	0.0982
RP11-209D14.2	0.00032	0.00022	0.00051
SPECC1	0.07939	0.07662	0.102
LGALS9B	0.00124	0.00677	0.01041
CCDC144NL	0.00046	0.00182	0.00575
CCDC144NL-AS1	0.00019	0.00062	0.0051
USP22	0.16146	0.3145	0.24212
RP11-746M1.1	0.00028	0.00099	0.00094
DHRS7B	0.05419	0.12563	0.06724
TMEM11	0.1022	0.18737	0.08931
AC087294.2	0.00108	0.00289	0.00212
NATD1	0.01245	0.01743	0.01113
MAP2K3	0.28916	0.27977	0.16045
KCNJ12	0	0.00025	0.00268
C17orf51	0.00487	0.0213	0.01421
FLJ36000	0.00042	0.01149	0.00165
RP11-744K17.1	0	0.00148	0.00121
MTRNR2L1	0.01861	0.11003	0.18062
WSB1	1.02389	0.72504	0.83047
RP11-173M1.4	0.00085	0.0022	0.00173
KSR1	0.02934	0.02145	0.04155
LGALS9	0.49057	0.13116	0.15013
NOS2	0	0.00087	0.00088
RP11-138P22.1	0.00039	0.00084	0
LYRM9	0.0296	0.03344	0.03301
NLK	0.05357	0.08478	0.07088
CTD-2008P7.9	0	0.00259	0.00212
CTD-2008P7.8	0.00012	0.00331	0.00112
TMEM97	0.0379	0.57337	0.1586
IFT20	0.13331	0.43532	0.20649
TNFAIP1	0.03971	0.1116	0.09579
POLDIP2	0.08518	0.28262	0.11685
TMEM199	0.09169	0.15686	0.0552
SARM1	0.01815	0.00943	0.01649
VTN	0.38377	2.20687	1.2683
SLC46A1	0.04385	0.0657	0.02866
CTD-2350C19.2	0.00981	0.08408	0.01245
RP11-192H23.4	0.01871	0.01774	0.02097
SLC13A2	6e-05	0.0065	0.00131
FOXN1	0	0.00068	0.00038
UNC119	0.10542	0.10774	0.05803
PIGS	0.08336	0.12499	0.07621
ALDOC	0.0601	0.11463	0.031
SPAG5	0.02559	0.02735	0.01011
RP11-192H23.6	0.01112	0.01424	0.01398
SGK494	0.02509	0.02167	0.02911
KIAA0100	0.07835	0.12286	0.08831
SDF2	0.15754	0.37753	0.18959
SUPT6H	0.15768	0.16677	0.12421
PROCA1	0.01644	0.00614	0.01088
RAB34	0.15297	0.20461	0.13474
RPL23A	2.76159	2.93615	2.03128
AC010761.8	0.00136	0.001	0.00163
TLCD1	0.00852	0.21951	0.04819
NEK8	0.01489	0.0468	0.04437
AC010761.6	2e-04	0.00038	0
TRAF4	0.08057	0.2514	0.15221
FAM222B	0.05312	0.12949	0.07823
ERAL1	0.04884	0.12691	0.05385
FLOT2	0.11194	0.15204	0.09572
RP11-20B24.4	0.00114	0.00026	0
DHRS13	0.02235	0.03965	0.0164
PHF12	0.10715	0.08294	0.0661
PIPOX	0.01172	0.14522	0.03255
SEZ6	0.00224	0.00083	0.00055
RP11-321A17.6	0.00102	0.00451	0.00176
MYO18A	0.01686	0.02947	0.03742
TIAF1	0.00399	0.00419	0.00612
NUFIP2	0.49439	0.4444	0.43821
RP11-296K13.4	0.0016	0.00185	0.00276
RP11-802D6.1	0	0.00088	0.00022
TAOK1	0.32973	0.27694	0.27299
ABHD15	0.05597	0.03692	0.02064
TP53I13	0.14913	0.27029	0.17466
GIT1	0.05938	0.07491	0.05973
ANKRD13B	0.0024	0.00482	0.00956
CORO6	0.00138	0.00083	0.00265
SSH2	0.14231	0.1565	0.11987
RP11-82O19.1	9e-04	0.00022	0.00037
RP11-338L22.2	0.00112	0.00061	0
EFCAB5	4e-04	0.00197	0.00437
NSRP1	0.20505	0.33154	0.26355
RP11-354P11.3	0.0113	0.00859	0.01107
RP11-354P11.8	0.00118	0.00163	0.00076
SLC6A4	0.00039	0.0012	0.00056
BLMH	0.07194	0.1088	0.07113
TMIGD1	5e-05	0.00052	0.00039
CPD	0.12309	0.51011	0.30406
GOSR1	0.17221	0.23561	0.15161
CTD-2349P21.5	0.00046	5e-04	0.00172
CRLF3	0.13645	0.05265	0.04108
CTD-2349P21.9	0.0036	0.00469	0.00599
CTD-2349P21.12	0.00114	0.00121	0.00088
ATAD5	0.04692	0.05089	0.04023
RP13-753N3.1	0.00046	0.00087	0.00017
TEFM	0.08019	0.13098	0.08
RP13-753N3.3	0.00269	0.00388	0.002
ADAP2	0.4499	0.02871	0.12765
RP11-848P1.3	0.00072	1e-04	0.00075
RNF135	0.10624	0.03214	0.03802
RP11-848P1.4	0.00059	0.00072	0.00088
RP11-848P1.5	7e-05	0.00045	0.00089
NF1	0.14598	0.2422	0.23275
OMG	0.00383	0.00035	0.00052
EVI2B	0.68254	0.03249	0.06972
EVI2A	0.3638	0.01366	0.0367
RAB11FIP4	0.02697	0.04798	0.02409
RP1-41C23.4	0.0032	0.00299	0.00212
COPRS	0.16147	0.42763	0.15156
UTP6	0.14561	0.20131	0.09464
SUZ12	0.24889	0.29783	0.17511
LRRC37B	0.03769	0.0254	0.02055
CTD-2095E4.5	0.01492	0.01648	0.02092
AC090616.2	0.00321	0.0059	0.00281
RHOT1	0.10686	0.11499	0.08844
C17orf75	0.04845	0.12077	0.04689
ZNF207	0.54016	0.61271	0.54914
RP11-227G15.10	0.00216	0.00227	0.00464
RP11-227G15.11	0.00317	0.00362	0.00547
RP11-227G15.8	0.00209	0.00254	0.00089
RP11-227G15.12	0.00169	0.00133	0.00325
PSMD11	0.26036	0.51921	0.22639
CDK5R1	0.01365	0.00952	0.00673
MYO1D	0.02121	0.14409	0.07971
RP11-220C2.1	1e-04	0.00215	0
AC084809.2	0.00032	0.00124	0.00066
AC084809.3	0.00018	0.00229	0.00172
TMEM98	0.00418	0.25076	0.14167
SPACA3	0.00088	0.00102	0.00065
CCL2	0.33275	0.02873	0.15137
CCL7	0.01049	0.00039	0.00107
CCL8	0.08237	0.00645	0.05475
CCL13	0.05162	0.0021	0.00669
TMEM132E	0	0	0.00494
CCT6B	0.00519	0.00901	0.00534
ZNF830	0.10279	0.11267	0.10005
LIG3	0.03676	0.06051	0.0416
RFFL	0.07418	0.14335	0.07762
RP5-837J1.6	3e-04	0.00052	0
RP5-837J1.4	0.00089	0.00194	0.0025
RAD51D	0.03711	0.05621	0.05124
NLE1	0.01807	0.07914	0.02269
UNC45B	0.00117	6e-05	0.00059
RP11-799D4.4	0.00362	0.0029	0.00275
SLFN5	0.19714	0.06725	0.1325
RP11-47L3.1	0.01723	0.00096	0.00208
SLFN11	0.17881	0.00679	0.063
RP11-686D22.4	0.00274	0.00188	0.00162
SLFN12	0.05882	0.02372	0.05129
SLFN13	0.02925	0.06705	0.05201
SLFN12L	0.05651	0.00362	0.00557
RP11-1094M14.11	0.04625	0.11723	0.0644
PEX12	0.01194	0.02517	0.00973
AP2B1	0.21595	0.28406	0.17126
TAF15	0.21314	0.27132	0.20182
RASL10B	3e-05	0.00077	0.00079
GAS2L2	0.00012	0.001	0.00243
MMP28	0.00054	0.07133	0.02841
C17orf50	0.00036	0.00059	0.00046
AC015849.19	0.00159	0.00078	0.00154
HEATR9	0.00157	8e-05	0
AC015849.2	0.00182	0.00074	0.00063
CCL5	0.87221	0.05518	0.13243
AC015849.16	0.00028	0.00058	0.00031
RDM1	0.0044	0.01369	0.00353
CCL16	0.00217	0.09614	0.02493
CCL14	0.00041	0.00099	0.02512
CCL15	0.00469	0.18597	0.05132
RP11-104J23.1	9e-05	0.00096	4e-04
CCL23	0.00704	0.00029	0.00646
CCL18	0.04323	0.00187	0.00549
AC069363.1	0.01044	0.00093	0.00219
CCL3	1.13505	0.1334	0.23123
CCL4	1.3914	0.17505	0.29728
AC131056.3	0.03821	0.00225	0.00191
CCL3L3	0.65138	0.05627	0.10659
CCL4L2	0.99607	0.12583	0.221
TBC1D3I	0.00148	0	0.00036
ZNHIT3	0.19174	0.28718	0.11982
MYO19	0.04663	0.09308	0.08366
PIGW	0.01611	0.04323	0.02364
GGNBP2	0.31126	0.42772	0.25816
DHRS11	0.01781	0.05774	0.0232
MRM1	0.00981	0.03798	0.01991
CTB-75G16.3	0.00062	0.00355	0.00359
LHX1	0.00056	0.00027	0.00062
AATF	0.15132	0.18849	0.09182
ACACA	0.02146	0.10973	0.05968
TADA2A	0.03375	0.03466	0.03053
DUSP14	0.04252	0.07147	0.05383
SYNRG	0.19665	0.12979	0.11398
RP11-697E22.1	0.00035	0.00035	0
DDX52	0.15711	0.23435	0.13804
HNF1B	0.0011	0.08038	0.04599
TBC1D3L	0.00074	0.00196	0.00448
TBC1D3D	0.00837	0.00749	0.01274
MRPL45	0.07917	0.23761	0.08532
SOCS7	0.0218	0.0469	0.04689
ARHGAP23	0.00464	0.00484	0.0342
SRCIN1	0.00226	0.02401	0.01932
C17orf96	0.01863	0.01016	0.00763
CTB-58E17.1	0.03666	0.01764	0.01853
CTB-58E17.3	0.00354	0.00318	0.00505
MLLT6	0.17245	0.19754	0.26693
AC006449.2	0.00278	0.0029	0.00305
CISD3	0.27832	0.65426	0.23334
PCGF2	0.01507	0.19266	0.12194
CTB-58E17.5	0.00044	0.00242	0.00133
PSMB3	0.72571	1.17334	0.5278
PIP4K2B	0.04347	0.06607	0.06609
CWC25	0.17894	0.14126	0.12891
RPL23	2.11226	2.245	1.53068
LASP1	0.29688	0.31828	0.21659
RP1-56K13.2	9e-04	0.00035	0.00026
LINC00672	0.01268	0.0071	0.01575
RP1-56K13.5	6e-05	0.00011	0.00215
PLXDC1	0.01998	0.00602	0.15159
CACNB1	0.00938	0.01095	0.01641
RPL19	3.02525	3.22071	2.25422
STAC2	0.00036	0.00028	0.00146
FBXL20	0.08446	0.07969	0.08032
CTB-131K11.1	0.00125	0.0022	0.00074
MED1	0.09706	0.10883	0.07264
CDK12	0.21019	0.26978	0.25975
RP11-390P24.1	0.00503	0.01506	0.01034
PPP1R1B	0.00261	0.15065	0.037
STARD3	0.12107	0.09352	0.07891
TCAP	0.00334	0.00077	0.00285
PNMT	7e-05	0.00137	0.00051
PGAP3	0.0178	0.0585	0.04189
ERBB2	0.007	0.18524	0.1161
MIEN1	0.20944	0.46784	0.1861
GRB7	0.00256	0.13173	0.06315
IKZF3	0.15695	0.0159	0.02664
GSDMB	0.01355	0.0852	0.07675
ORMDL3	0.0587	0.1467	0.09063
RP11-387H17.4	0	0.00109	0
GSDMA	0.00065	0.00017	0
PSMD3	0.12882	0.32431	0.16342
CSF3	5e-05	1e-04	0.00325
MED24	0.04858	0.08505	0.07009
THRA	0.04349	0.08493	0.08697
NR1D1	0.03482	0.06586	0.0485
MSL1	0.15465	0.22097	0.19609
CASC3	0.12459	0.14469	0.12248
RAPGEFL1	0.0048	0.08072	0.05984
WIPF2	0.15767	0.1962	0.14822
CDC6	0.01962	0.06118	0.01717
RARA	0.17132	0.09218	0.07996
RARA-AS1	0.01577	0.02693	0.03291
CTD-2267D19.3	0.00038	0.00078	0.00105
TOP2A	0.15062	0.13571	0.05306
IGFBP4	0.08278	0.19488	0.45129
TNS4	0.00392	0.05727	0.02528
RP5-1028K7.2	0.02889	0.00178	0.00324
CCR7	0.15741	0.01034	0.01911
SMARCE1	0.23187	0.31084	0.23345
RP11-458J1.1	0.00568	0.01081	0.00881
KRT222	0.00037	0.01451	0.01029
KRT10	0.45879	0.78283	0.4371
TMEM99	0.03148	0.11055	0.04687
AC004231.2	9e-05	8e-04	0.00071
KRT23	0.00867	0.18965	0.04946
KRTAP4-1	4e-05	0.00119	0
KRT36	7e-04	0.00023	0
KRT13	0	0.00172	0.00031
KRT15	0.00102	0.02694	0.01761
KRT19	0.06225	1.40779	0.67685
KRT14	0	0.00254	0.00103
KRT16	0.00558	0.15628	0.09846
KRT17	0.01582	0.31314	0.18128
EIF1	2.86714	2.5043	1.89704
HAP1	0.00114	0.00098	0.00131
JUP	0.02741	0.41232	0.26553
P3H4	0.00947	0.16077	0.09567
FKBP10	0.02186	0.45833	0.3416
NT5C3B	0.03238	0.15824	0.09199
KLHL10	0.00071	0.00016	9e-04
KLHL11	0.00585	0.00462	0.00496
ACLY	0.12607	0.33212	0.13682
TTC25	0.00107	0.00377	0.00265
CNP	0.09126	0.09746	0.07611
DNAJC7	0.42605	0.44069	0.28691
NKIRAS2	0.09449	0.13721	0.08284
ZNF385C	0.00106	0.00794	0.00497
DHX58	0.02531	0.02058	0.02052
KAT2A	0.03732	0.10091	0.10975
HSPB9	0.00173	0.00718	0.00434
RAB5C	0.44532	0.43043	0.25868
KCNH4	0.00075	0.00025	0
HCRT	0.00689	0.00686	0.00769
GHDC	0.07959	0.11799	0.07616
STAT5B	0.13942	0.07844	0.08211
RP11-358B23.5	0.01854	0.00103	0.00206
STAT5A	0.1647	0.03064	0.04512
STAT3	0.53187	0.35819	0.41078
PTRF	0.02611	0.01271	0.20574
ATP6V0A1	0.26929	0.23701	0.20978
NAGLU	0.09184	0.20198	0.1196
HSD17B1	0.00658	0.04733	0.02298
RP11-400F19.6	0.01904	0.04772	0.02114
COASY	0.06675	0.20604	0.1063
MLX	0.20682	0.23054	0.12884
PSMC3IP	0.01506	0.01941	0.01361
FAM134C	0.0976	0.13593	0.0964
TUBG1	0.05254	0.15941	0.05846
TUBG2	0.01629	0.06416	0.05239
PLEKHH3	0.01511	0.08655	0.13785
CCR10	0.00558	0.00708	0.04525
CTD-3193K9.4	0.00274	0.00078	0.03149
CNTNAP1	0.0012	0.004	0.01174
EZH1	0.07332	0.05252	0.0762
CTD-3193K9.11	0.00019	0.00055	0.00085
RAMP2-AS1	0.00122	0.00314	0.00386
RAMP2	0.00279	0.01632	0.16599
VPS25	0.14989	0.44495	0.1573
WNK4	0.00034	0.00772	0.00267
COA3	0.21491	0.85705	0.27524
CNTD1	0.00335	0.00429	0.00631
BECN1	0.15482	0.19694	0.11467
PSME3	0.11588	0.20739	0.08995
AOC2	0.00144	0.00264	0.00571
AOC3	3e-04	0.00335	0.07529
LINC00671	0.00098	0.00285	0.00236
G6PC	0	0.0089	0.00114
AARSD1	0.02674	0.06098	0.05775
PTGES3L	0.0026	0.00534	0.00231
RUNDC1	0.05164	0.07541	0.0502
RPL27	2.18006	2.40571	1.53628
IFI35	0.21275	0.26581	0.11617
VAT1	0.23266	0.15954	0.1132
RND2	0.00237	0.06598	0.0176
BRCA1	0.04257	0.05678	0.03105
RP11-242D8.1	0.03263	0.07388	0.08218
NBR1	0.16372	0.28405	0.18632
TMEM106A	0.11949	0.0396	0.04654
LINC00910	0.00519	0.01015	0.00794
ARL4D	0.04258	0.11638	0.0437
DHX8	0.08245	0.06104	0.05216
ETV4	0.00451	0.15415	0.0483
MEOX1	0.0024	1e-05	0.01253
DUSP3	0.14693	0.25259	0.11536
C17orf105	0.00441	0.00045	0.00014
MPP3	0.0012	0.02945	0.02234
MPP2	0.00083	0.00751	0.0047
RP11-527L4.2	0.00034	0.00664	0.00379
PYY	0.00012	0.00186	0
NAGS	0.0054	0.01031	0.00545
TMEM101	0.082	0.26822	0.11375
LSM12	0.22709	0.30309	0.15076
G6PC3	0.07929	0.1501	0.07934
HDAC5	0.08178	0.10008	0.10073
C17orf53	0.00517	0.00785	0.00236
ASB16	0.00054	0.00096	8e-04
ASB16-AS1	0.02122	0.03699	0.02189
TMUB2	0.13862	0.15484	0.11975
ATXN7L3	0.04383	0.05202	0.0464
UBTF	0.21044	0.23966	0.17117
RP5-882C2.2	0.0111	0.01995	0.02616
SLC4A1	0.00135	0.00028	0.00033
RUNDC3A-AS1	8e-04	0.00263	0.00196
RUNDC3A	0.00062	0.00168	0.00326
SLC25A39	0.21298	0.50706	0.21238
GRN	1.03229	0.80257	0.64128
FAM171A2	0.00221	0.01344	0.00675
ITGA2B	0.00383	0.068	0.02036
GPATCH8	0.18258	0.17499	0.16622
FZD2	0.02687	0.01453	0.01505
MEIOC	0.00182	0.00933	0.00609
CCDC43	0.1211	0.16332	0.08196
RP11-1072C15.4	0.00155	0.00178	0.00149
DBF4B	0.00569	0.01627	0.02048
ADAM11	0.00049	0.00182	0.00042
GJC1	0.00107	0.00211	0.09586
HIGD1B	0.00205	0.00184	0.18027
EFTUD2	0.10557	0.14902	0.06822
KIF18B	0.01121	0.01048	0.00941
C1QL1	0.00058	0.00362	0.0019
DCAKD	0.0138	0.0502	0.03073
NMT1	0.19073	0.2581	0.19125
PLCD3	0.00296	0.037	0.02499
ACBD4	0.01912	0.09694	0.05538
AC142472.6	0.01028	0.01735	0.02668
HEXIM1	0.21517	0.22918	0.29276
AC002117.1	0.00976	0.01089	0.01723
HEXIM2	0.01636	0.07886	0.03166
RP13-890H12.2	0.00109	0.01688	0.00581
CTD-2020K17.1	0.12241	0.00859	0.01366
FMNL1	0.45889	0.03144	0.063
CTD-2020K17.3	0.00143	0.00641	0.00375
CTD-2020K17.4	0.0127	0.09415	0.02768
MAP3K14-AS1	0.00329	0.00246	0.00061
MAP3K14	0.05263	0.03166	0.03319
CTB-39G8.2	0.00011	0.00336	0.00122
ARHGAP27	0.09188	0.10096	0.08379
PLEKHM1	0.07101	0.05984	0.05442
RP11-798G7.8	0.00384	0.00265	0.00522
RP11-798G7.5	0.00144	0.00068	0.00146
RP11-798G7.6	0.00672	0.00717	0.00616
CRHR1	0.00115	0.003	0.00116
MAPT	0.00401	0.00855	0.00553
KANSL1	0.22675	0.19988	0.19318
RP11-669E14.6	0.00069	0.00023	0.00057
KANSL1-AS1	0.03928	0.03863	0.0182
ARL17B	0.00889	0.01767	0.01252
LRRC37A	0.00518	0.00477	0.00302
LRRC37A2	0.01486	0.01508	0.02105
ARL17A	0.04756	0.107	0.09972
FAM215B	0.02757	0.02024	0.02159
NSF	0.14515	0.11922	0.09059
WNT3	0.00155	0.02892	0.02084
GOSR2	0.07823	0.17564	0.07445
RPRML	3e-05	0.00038	0.00044
CDC27	0.14946	0.16652	0.10772
MYL4	0.00121	0.00035	0.00916
ITGB3	0.00131	0.00079	0.00747
THCAT158	0.00076	0.00149	0.00024
EFCAB13	0.00662	0.01953	0.02094
NPEPPS	0.21619	0.27707	0.27064
RP11-580I16.2	0.00134	0.00045	0.00078
KPNB1	0.42519	0.53904	0.3097
TBKBP1	0.00869	0.00912	0.01142
TBX21	0.03977	0.00137	0.00419
OSBPL7	0.03345	0.07688	0.07367
MRPL10	0.10033	0.21294	0.08439
LRRC46	0.00227	0.0032	0.00119
SCRN2	0.04102	0.15142	0.08439
SP6	0.00045	0.00134	0.0025
SP2	0.05777	0.0484	0.03117
SP2-AS1	0.00494	0.00486	0.00209
PNPO	0.05216	0.09014	0.03145
RP11-6N17.6	0.00028	0.00086	0
PRR15L	0.00315	0.15881	0.05166
CDK5RAP3	0.14226	0.22193	0.16748
COPZ2	0.04424	0.00598	0.03785
NFE2L1	0.11054	0.24999	0.20481
RP5-890E16.5	7e-04	0.00087	0.00096
CBX1	0.17567	0.21013	0.12478
SNX11	0.06461	0.0457	0.03487
SKAP1	0.19876	0.06052	0.03781
RP11-456D7.1	0.00493	9e-04	0.00044
THRA1/BTR	0.00052	0.00092	3e-04
RP11-433M22.2	0.00025	0.00038	0
HOXB1	0.00027	0.00068	0.00017
HOXB2	0.10031	0.00842	0.08047
HOXB-AS1	0.02216	0.02122	0.05092
HOXB3	0.00675	0.03917	0.07448
HOXB-AS3	0.00058	0.00513	0.00881
HOXB4	0.0173	0.01732	0.05429
HOXB5	0.00097	0.02331	0.02907
HOXB6	0.00221	0.03589	0.03326
HOXB7	0.01833	0.12729	0.04927
HOXB8	9e-05	0.00395	0.00295
HOXB9	0.00057	0.01254	0.00669
RP11-357H14.17	0.00517	0.08663	0.07227
CTD-2377D24.6	0.00057	0.03798	0.01568
TTLL6	3e-05	0.00301	0.00316
CALCOCO2	0.22759	0.35641	0.21598
ATP5G1	0.37305	1.40547	0.52326
UBE2Z	0.20441	0.28727	0.17255
SNF8	0.28162	0.46981	0.24392
RP11-501C14.5	0	0.00099	0.00126
IGF2BP1	0.00398	0.15632	0.07483
B4GALNT2	0.00015	0.00258	0.00158
GNGT2	0.0571	0.00158	0.01058
ABI3	0.23643	0.00723	0.05642
ZNF652	0.12967	0.20084	0.14004
PHB	0.34336	0.94047	0.37512
RP11-1079K10.4	0.00061	0.00085	0.00033
NGFR	0.00379	2e-04	0.02769
SPOP	0.1654	0.23614	0.14995
SLC35B1	0.12764	0.35891	0.13891
FAM117A	0.07103	0.04402	0.04345
KAT7	0.11406	0.11247	0.099
RP11-304F15.3	0.00235	0.00777	0.00437
DLX4	0.00066	0.00467	0.00206
DLX3	0.00028	0.00305	0.00147
ITGA3	0.01435	0.19587	0.17373
RP5-875H18.9	0	5e-04	7e-05
PDK2	0.03688	0.09243	0.05563
SAMD14	0.00058	0.00076	0.00815
PPP1R9B	0.12083	0.06609	0.06056
SGCA	0.00067	0.00042	0.03217
COL1A1	0.01141	0.03127	0.37481
TMEM92	0.00268	0.17607	0.05365
TMEM92-AS1	4e-05	0.00269	0.002
XYLT2	0.01914	0.06599	0.05028
MRPL27	0.19508	0.59091	0.22674
EME1	0.00471	0.01133	0.00553
LRRC59	0.20155	0.37133	0.15747
ACSF2	0.0499	0.0629	0.03456
CHAD	0.00052	0.00271	0.00292
RP11-94C24.13	0.00018	0.00091	0
RSAD1	0.03397	0.10717	0.07199
MYCBPAP	0.00091	0.00035	0.00199
EPN3	0.00031	0.03685	0.02414
SPATA20	0.0805	0.25739	0.13545
CACNA1G	0.00296	0.00084	0.00024
ABCC3	0.06628	0.59154	0.42391
ANKRD40	0.11058	0.13129	0.07985
RP11-294J22.6	0.03486	0.0398	0.02697
LUC7L3	0.38182	0.61807	0.61924
TOB1	0.31284	0.75226	0.49269
RP11-700H6.1	0.00177	0.01687	0.03622
RP11-700H6.2	0.00016	0.00034	0.00029
SPAG9	0.35899	0.21243	0.26031
NME1	0.27345	1.12243	0.38851
NME1-NME2	3e-04	0.00116	0
NME2	0.03024	0.11292	0.03851
MBTD1	0.04362	0.09242	0.07158
UTP18	0.18523	0.22397	0.08909
RP11-1018N14.1	6e-05	0.00079	0
RP11-1018N14.5	0.00067	0.00012	0.00015
CA10	0.00264	8e-05	0.00071
AC102948.2	1e-04	0.00117	0.00072
TOM1L1	0.00801	0.24085	0.0869
COX11	0.1165	0.27477	0.11853
RP11-257O5.4	0	0.0012	0
STXBP4	0.02094	0.08197	0.0609
HLF	0.01729	0.09022	0.04031
RP11-515O17.2	0.00033	0.00821	0.00107
RP11-515O17.3	3e-04	0.00046	0
MMD	0.1979	0.26058	0.09866
TMEM100	9e-05	0.00114	0.00549
PCTP	0.04539	0.15688	0.05391
ANKFN1	9e-05	0.00241	0.00182
NOG	0.00039	0.00116	0.00248
C17orf67	0.07942	0.05565	0.06956
DGKE	0.07102	0.04406	0.05925
TRIM25	0.08398	0.15735	0.10751
RP11-670E13.6	0.08126	0.07179	0.08327
COIL	0.09625	0.20713	0.12628
SCPEP1	0.2996	0.25069	0.16793
RP11-166P13.3	0.00563	0.02105	0.00892
AKAP1	0.05943	0.32864	0.17298
RP11-166P13.4	0.02279	0.02967	0.02628
MSI2	0.1366	0.30952	0.24474
MRPS23	0.14106	0.50304	0.15209
CUEDC1	0.0324	0.11914	0.09863
RP11-343K8.3	0	0.00095	0.00027
RP11-159D12.11	0	0.00046	0.00067
VEZF1	0.14216	0.1815	0.1531
RP11-159D12.5	0.00407	0.01196	0.01242
RP11-159D12.2	0.01183	0.04413	0.05149
SRSF1	0.23246	0.35836	0.28612
DYNLL2	0.18812	0.1533	0.11199
RP11-506H21.5	1e-04	0.00032	0.00078
MKS1	0.0145	0.03335	0.02299
LPO	0.00095	5e-05	2e-04
MPO	0.00158	6e-05	0.00051
BZRAP1	0.01849	0.01379	0.01906
BZRAP1-AS1	0.02044	0.00174	0.0025
RP5-1171I10.5	0.26992	0.01235	0.03239
SUPT4H1	0.34897	0.47965	0.20915
RNF43	0.00859	0.16187	0.12003
HSF5	0.00071	0.00022	0.00026
MTMR4	0.05583	0.11777	0.09272
SEPT4-AS1	4e-05	6e-04	0.00106
SEPT4	0.00183	0.00315	0.1036
TEX14	0.00142	0.00042	0
RAD51C	0.08613	0.17364	0.06925
PPM1E	0.00027	0.00055	0.0017
TRIM37	0.0452	0.07392	0.0461
AC099850.1	0.00156	0.00315	0.00061
SKA2	0.17365	0.25933	0.13274
PRR11	0.0437	0.02172	0.01066
SMG8	0.01053	0.01325	0.01032
GDPD1	0.01785	0.04657	0.02072
YPEL2	0.14124	0.19302	0.24096
DHX40	0.09927	0.20231	0.116
RP11-758H9.2	0.12432	0.0661	0.09764
CLTC	0.60801	0.89803	0.44083
PTRH2	0.08029	0.43421	0.18976
VMP1	1.00116	1.66298	1.58085
TUBD1	0.04172	0.12052	0.05491
RPS6KB1	0.11109	0.25998	0.15434
RNFT1	0.09215	0.22652	0.07564
RP11-178C3.2	0.00624	0.00399	0.002
HEATR6	0.02806	0.0846	0.04285
CTD-2319I12.2	0.00171	0.00254	0.00446
CA4	0.00035	0.00339	0.00677
USP32	0.07867	0.09765	0.07144
C17orf64	0.00147	0.00035	0
APPBP2	0.09125	0.15899	0.11298
RP11-15E18.1	9e-05	0.00164	0.00031
PPM1D	0.05549	0.03836	0.03538
BCAS3	0.03743	0.07	0.05585
TBX2-AS1	5e-05	0.00317	0.06362
TBX2	0.00125	0.00196	0.15107
C17orf82	0.00031	0.00777	0.02025
NACA2	0.00253	0.0045	0.00195
BRIP1	0.01374	0.01547	0.00693
INTS2	0.04685	0.05269	0.04194
MED13	0.22323	0.25987	0.20154
METTL2A	0.04695	0.13961	0.04173
TLK2	0.11321	0.10334	0.09273
CTD-3035K23.6	0.00089	0.00079	0.00133
CTD-3035K23.7	0.00253	9e-05	0.00147
MRC2	0.0618	0.01296	0.04327
MARCH10	0.00075	0.0052	0.00402
TANC2	0.06276	0.13089	0.12176
CYB561	0.02938	0.14858	0.07892
ACE	0.05386	0.10685	0.08943
KCNH6	0.00013	0.00089	0.00016
DCAF7	0.25676	0.25783	0.17485
TACO1	0.05296	0.14441	0.04557
MAP3K3	0.10367	0.0279	0.05583
LIMD2	0.53036	0.05765	0.10413
STRADA	0.00932	0.00954	0.01195
CCDC47	0.31601	0.55093	0.30059
DDX42	0.15397	0.21573	0.18466
FTSJ3	0.06185	0.10709	0.05774
PSMC5	0.35535	0.52369	0.24878
SMARCD2	0.12659	0.13275	0.09161
CD79B	0.07261	0.00341	0.03157
SCN4A	0.00016	0.00234	0.0024
PRR29-AS1	0.00136	0.00032	0.00059
PRR29	0.00115	0.00131	0.00291
ICAM2	0.16427	0.03054	0.08569
ERN1	0.19436	0.17263	0.14816
SNHG25	0.26355	0.30272	0.34444
TEX2	0.03665	0.0646	0.0288
PECAM1	0.13807	0.00817	0.15584
MILR1	0.09771	0.01378	0.02072
POLG2	0.04145	0.06662	0.05658
DDX5	1.84638	1.01696	1.23838
CEP95	0.08138	0.09227	0.09984
SMURF2	0.16478	0.10178	0.11449
LRRC37A3	0.00484	0.01553	0.01683
RP11-927P21.1	0.00063	0.00134	0.00088
RP11-927P21.2	2e-04	0.00035	0.00026
RP11-583F2.2	0.00031	0.00087	0.00067
GNA13	0.41006	0.11372	0.10064
RP11-583F2.5	0.00874	0.00069	0.00169
RP11-160O5.1	0.01176	0.02222	0.00858
RGS9	0.01395	0.00071	0.00172
AXIN2	0.00289	0.02087	0.01436
CEP112	0.00462	0.01903	0.03657
APOH	0.12869	1.59491	0.71099
PRKCA	0.17642	0.2118	0.18844
PRKCA-AS1	0.00032	0.00014	0.00026
CACNG4	6e-05	0.00323	0.00039
HELZ	0.3394	0.22361	0.22841
RP11-401F2.3	0.02323	0.01911	0.02105
PSMD12	0.22257	0.36884	0.17227
PITPNC1	0.14252	0.02705	0.05718
NOL11	0.12625	0.24259	0.12327
BPTF	0.38725	0.47252	0.40389
RP11-855A2.3	0.00024	0.00048	0
C17orf58	0.05538	0.13283	0.05099
KPNA2	0.26251	0.29758	0.12041
AC145343.2	0.00071	0.00607	0.00056
RP11-147L13.11	0.0385	0.06099	0.05022
RP11-147L13.12	0.00907	0.01281	0.00919
RP11-147L13.13	0.00567	0.01234	0.01486
RP11-147L13.14	0.00512	0.00299	0.00135
RP11-147L13.8	0.00129	0.00045	0.00171
RP11-147L13.15	0.04364	0.00754	0.00988
RP11-147L13.2	0.02192	0.00206	0.00574
AMZ2	0.09665	0.1083	0.04336
ARSG	0.02983	0.02729	0.02687
SLC16A6	0.02867	0.00466	0.00572
WIPI1	0.03644	0.08571	0.04465
PRKAR1A	0.54078	0.46878	0.38753
FAM20A	0.07285	0.00797	0.01791
ABCA8	0.00024	0.00051	0.01827
ABCA9-AS1	0	0.00144	0.00083
ABCA9	3e-04	0.00271	0.00514
ABCA6	0.00377	0.00994	0.01646
ABCA10	0.00115	0.00597	0.01037
ABCA5	0.05022	0.14735	0.12556
MAP2K6	0.02987	0.06454	0.03976
RP1-193H18.2	0.00257	0.02019	0.01194
KCNJ16	4e-05	0.001	0.00316
KCNJ2-AS1	0.00377	0.00087	0.00346
KCNJ2	0.02837	0.00084	0.01003
AC005152.3	5e-05	0.00253	0.00019
LINC01152	0.00118	0.03565	0.01168
AC007461.2	0	0.00077	0.00098
SOX9	0.01079	0.44543	0.2233
LINC00511	0.00448	0.12075	0.05602
RP11-1124B17.1	0	0.00124	0.00055
RP11-57A1.1	0.00017	0.00341	0.00151
CTD-3010D24.3	0.00011	0.00502	0.00064
SLC39A11	0.06069	0.20725	0.11732
SSTR2	0.00465	0.13218	0.06041
COG1	0.03649	0.10229	0.06813
RP11-143K11.7	0.00077	0.00231	0.00019
FAM104A	0.13262	0.20534	0.08663
C17orf80	0.03005	0.06611	0.04596
CDC42EP4	0.0169	0.1418	0.0867
SDK2	8e-04	0.00607	0.0036
RPL38	2.53569	2.5206	1.91953
MGC16275	0.01456	0.00482	0.00619
TTYH2	0.05115	0.00381	0.01458
KIF19	0.00185	0.00046	0.0049
BTBD17	0.00013	0.00027	0.00139
GPRC5C	0.02505	0.44104	0.24393
CD300A	0.33637	0.01771	0.03943
CD300LB	0.05454	0.00393	0.00551
CD300C	0.06775	0.00443	0.00648
C17orf77	0	0.00416	0.00078
CTD-2006K23.1	0.00752	9e-04	0.00095
CD300E	0.05944	0.00285	0.00424
RAB37	0.02962	0.02097	0.00796
CD300LF	0.06875	0.00312	0.00802
SLC9A3R1	0.19201	0.46809	0.13642
NAT9	0.04767	0.13458	0.09097
TMEM104	0.01856	0.02786	0.01269
GRIN2C	0.00088	0.00057	0.00092
FDXR	0.02707	0.05812	0.03838
FADS6	1e-04	0.00356	7e-04
HID1	0.00436	0.11597	0.0871
HID1-AS1	8e-05	0.00073	0.00278
CDR2L	0.00595	0.04943	0.03075
ICT1	0.08584	0.17133	0.05264
KCTD2	0.02401	0.04214	0.02558
ATP5H	0.67198	1.12397	0.52415
SLC16A5	0.01344	0.09724	0.04647
ARMC7	0.03714	0.06279	0.03176
NT5C	0.2471	0.51405	0.34286
HN1	0.62481	0.83615	0.35647
SUMO2	1.33959	1.70284	0.93343
NUP85	0.05588	0.07102	0.05015
GGA3	0.07652	0.0582	0.05695
MRPS7	0.2143	0.49425	0.19986
MIF4GD	0.11335	0.10077	0.0439
RP11-649A18.12	0.00639	0.00402	0.00299
SLC25A19	0.15122	0.05482	0.04449
GRB2	0.70857	0.27459	0.2126
TMEM94	0.03399	0.07266	0.06173
CASKIN2	0.00867	0.04119	0.04043
TSEN54	0.09702	0.08257	0.06531
LLGL2	0.04702	0.29081	0.20703
MYO15B	0.02078	0.02252	0.03677
RECQL5	0.02309	0.07658	0.05948
SMIM5	0.00159	0.01527	0.01585
SMIM6	0.00263	0.13713	0.03617
SAP30BP	0.18825	0.25511	0.16778
ITGB4	0.00809	0.37651	0.20551
GALK1	0.12352	0.26189	0.09187
H3F3B	2.62334	2.18764	1.68847
UNK	0.05893	0.184	0.09576
UNC13D	0.08909	0.05245	0.04083
WBP2	0.26833	0.33487	0.2121
TRIM47	0.07625	0.13184	0.09337
RP11-552F3.9	0.00148	0.0023	0.00353
TRIM65	0.02928	0.05192	0.04517
RP11-552F3.10	0.00062	4e-04	0.00065
MRPL38	0.01898	0.04648	0.02005
FBF1	0.01269	0.01333	0.01426
ACOX1	0.10506	0.37926	0.16692
TEN1-CDK3	0.00083	0.00083	0.00072
EVPL	0.00176	0.07307	0.04823
SRP68	0.09528	0.19817	0.0902
ZACN	0.00042	0.00054	0.00019
GALR2	0.00428	0.0014	0.00141
EXOC7	0.13164	0.23686	0.20353
FOXJ1	0.00315	0.02836	0.01108
RP11-449J21.5	0.00038	0.00305	0.0018
RNF157	0.01971	0.07827	0.03263
UBALD2	0.42374	0.45118	0.27973
QRICH2	0.0023	0.01033	0.00925
PRPSAP1	0.1046	0.29796	0.15864
SPHK1	0.0581	0.27532	0.13248
UBE2O	0.05267	0.07419	0.0652
AANAT	0.00019	0.00115	0.00143
RHBDF2	0.13579	0.05676	0.0586
CYGB	0.00333	0.00347	0.14939
PRCD	0.00206	0.0013	0.00877
RP11-666A8.8	0.00069	0.00113	0.00119
ST6GALNAC2	0.02586	0.0356	0.01818
ST6GALNAC1	0.00151	0.12585	0.06023
RP11-318A15.2	0.01494	0.0162	0.02422
MXRA7	0.09763	0.19122	0.18364
JMJD6	0.22262	0.12078	0.09709
METTL23	0.20013	0.39558	0.13338
SRSF2	0.73216	0.7371	0.58148
MFSD11	0.09253	0.12117	0.0885
SEC14L1	0.3112	0.2909	0.20349
RP11-285E9.6	0.00018	0.00118	0.00074
RP11-285E9.5	0.00014	0.00057	0
SEPT9	0.43214	0.4	0.27382
RP11-936I5.1	0.00946	0.0019	0.00362
RP11-13K12.2	7e-05	0.00043	0.00076
FLJ45079	0.00091	1e-04	0.00037
TNRC6C	0.08606	0.05953	0.07644
TMC6	0.29703	0.23026	0.15953
TMC8	0.18791	0.01829	0.03095
C17orf99	0.00033	0.00121	0.00066
SYNGR2	0.46737	0.62535	0.35564
TK1	0.07988	0.06581	0.02621
AFMID	0.04919	0.26082	0.12372
BIRC5	0.0769	0.14711	0.04256
RP11-219G17.4	0.00044	0.00098	0.00117
AC061992.2	0.00251	0.00192	0.00291
SOCS3	0.43942	0.17795	0.29539
RP11-806H10.4	0.00101	0.01114	0.00477
PGS1	0.03362	0.03687	0.05008
DNAH17	0.00244	0.00329	0.00319
CTD-2357A8.3	0.00188	0.00046	0.00045
CYTH1	0.29273	0.11883	0.12446
USP36	0.23592	0.11749	0.11758
TIMP2	0.76319	0.26527	0.3339
RP11-323N12.5	0.00071	0.00014	0.00062
CEP295NL	0.00653	0.00215	0.00275
LGALS3BP	0.24236	0.8853	0.6342
CANT1	0.07557	0.21224	0.10502
C1QTNF1-AS1	0	0.00117	0
C1QTNF1	0.00055	0.00493	0.07619
ENGASE	0.07589	0.0895	0.09719
RBFOX3	0.00233	0.00013	0.00029
ENPP7	0.00097	0.03316	0.01075
CBX2	0.00261	0.00361	0.0033
CBX8	0.0197	0.03261	0.02277
RP11-353N14.2	0.00036	0.00279	0.00363
CBX4	0.15794	0.17539	0.11768
RP11-353N14.5	3e-05	0.00129	0.00087
RP11-353N14.4	0.00025	0.00432	0.00097
TBC1D16	0.00741	0.04334	0.03273
CTD-2529O21.2	0	0.00379	0.00039
CCDC40	0.00149	0.01061	0.01364
GAA	0.24615	0.33429	0.24147
EIF4A3	0.53109	0.4461	0.25517
RP11-334C17.6	0.00029	0.00055	0.00024
CARD14	0.00291	0.00785	0.00756
RP11-334C17.5	0.0277	0.04725	0.04595
SGSH	0.0576	0.04174	0.04467
SLC26A11	0.0837	0.0792	0.07647
RNF213	0.56072	0.40769	0.4493
CTD-2047H16.4	0.01006	0.00583	0.01225
ENDOV	0.04801	0.09657	0.09355
CTD-2526A2.2	0.00081	0.00029	0.00047
NPTX1	0.00182	0.00015	0.00186
RPTOR	0.01932	0.02435	0.02715
RP11-28G8.1	0.00055	0.00013	0.00022
CTD-2561B21.5	0.00071	6e-04	0.00052
CHMP6	0.07771	0.08049	0.05358
CTD-2561B21.11	0.00296	0.00186	0.00229
BAIAP2-AS1	0.02151	0.05897	0.02899
BAIAP2	0.08997	0.13728	0.08394
AATK	0.0158	0.06793	0.04844
AATK-AS1	0	0.00093	0
CEP131	0.01622	0.02422	0.0217
ENTHD2	0.03927	0.05988	0.06583
C17orf89	0.27876	0.65477	0.29006
SLC38A10	0.1234	0.24323	0.19472
RP11-455O6.8	0.00023	0.00111	0.00259
LINC00482	0.00315	0.05856	0.01942
TMEM105	0.00065	0.02576	0.01124
RP11-455O6.9	6e-05	0.00222	0.00172
RP11-1055B8.9	0.00654	0.05967	0.06757
RP11-1055B8.10	0.00407	0.00416	0.00312
RP11-1055B8.4	0.0016	0.00375	0.00723
BAHCC1	0.00486	0.01638	0.02943
RP13-766D20.4	4e-05	0.00077	0.00174
ACTG1	2.47092	2.01035	1.7194
FSCN2	0.00029	0.00265	0.00223
FAAP100	0.04355	0.0685	0.06734
NPLOC4	0.10209	0.1771	0.13854
TSPAN10	0.01082	0.08748	0.04194
PDE6G	0.06584	0.00367	0.00807
OXLD1	0.11008	0.39037	0.15272
CCDC137	0.11991	0.15717	0.1082
ARL16	0.11883	0.2061	0.14278
HGS	0.1207	0.19565	0.17013
RP13-1032I1.11	0.00043	0.00286	0.00446
RP13-1032I1.7	0.01446	0.03566	0.03265
MRPL12	0.20183	0.63639	0.22326
SLC25A10	0.01324	0.09006	0.03792
GCGR	0.00012	0.00025	0.00293
FAM195B	0.3185	0.24408	0.2076
PPP1R27	0.0029	0.00334	0.00268
P4HB	0.66671	1.37764	0.89129
RP11-498C9.2	0.00034	0.00024	0
RP11-498C9.3	0.00218	0.00142	0.00127
ARHGDIA	0.75752	0.44413	0.35639
RP11-498C9.15	0.00603	0.0197	0.00801
ALYREF	0.21361	0.27559	0.11087
ANAPC11	0.55048	1.12667	0.4557
NPB	0.00249	0.03185	0.00958
PCYT2	0.04529	0.19829	0.07848
SIRT7	0.16427	0.20013	0.15016
MAFG	0.13497	0.16901	0.16634
MAFG-AS1	0.00153	0.00698	0.00407
PYCR1	0.01236	0.25529	0.06829
NOTUM	0.00033	0.00642	0.00299
ASPSCR1	0.08379	0.17956	0.12527
STRA13	0.21271	0.45161	0.19068
LRRC45	0.0301	0.03533	0.02484
RAC3	0.01271	0.15237	0.04822
DCXR	0.32657	0.51728	0.17105
RP13-650J16.1	0.00125	0.0078	0.00087
RFNG	0.10304	0.17162	0.1075
GPS1	0.13447	0.2632	0.13016
DUS1L	0.16507	0.31476	0.19199
FASN	0.04721	0.36783	0.15456
CCDC57	0.13676	0.13764	0.08315
RP13-516M14.2	0.00104	0.00159	0.00259
SLC16A3	0.50221	0.61531	0.31451
CSNK1D	0.2797	0.2663	0.2365
RP13-516M14.10	0.00164	0.00042	0.00214
RP13-516M14.4	0.0071	0.00527	0.01584
RP13-516M14.1	0.00909	0.01736	0.03003
CD7	0.47859	0.14242	0.09277
SECTM1	0.11105	0.00932	0.01878
TEX19	2e-05	0.00149	0.00069
OGFOD3	0.07421	0.15951	0.08613
HEXDC	0.08739	0.11104	0.10723
C17orf62	0.2359	0.17768	0.14369
RP13-20L14.6	9e-05	0.00043	0.00048
NARF	0.17367	0.17552	0.1522
RP13-991F5.2	0.00085	0.00022	0.00037
FOXK2	0.08236	0.1036	0.06547
RP13-638C3.4	0.03427	0.01183	0.01196
WDR45B	0.2146	0.32918	0.22577
RAB40B	0.02285	0.10225	0.05903
RP11-388C12.1	0.00046	0.0041	0.00184
FN3KRP	0.07559	0.09644	0.05474
FN3K	0.0182	0.03143	0.02418
TBCD	0.08613	0.07179	0.06956
RP11-497H17.1	0.00284	0.00109	0.00039
B3GNTL1	0.02777	0.05026	0.02279
METRNL	0.81027	0.06715	0.13401
AC144831.3	0.00094	1e-04	0.00043
AC144831.1	0.0123	0.00065	0.00105
AC139099.5	0.00039	0.00016	0.00068
AP005530.2	0	0.00038	0.00061
USP14	0.26741	0.43791	0.20226
THOC1	0.11689	0.14763	0.12135
RP11-705O1.8	0.00562	0.00219	0.0039
RP11-720L2.4	0.00065	6e-05	0
COLEC12	0.1462	0.00621	0.02314
CETN1	5e-05	0.00722	0.00113
CLUL1	0.00037	0.00176	0.00079
TYMS	0.10806	0.16519	0.05847
ENOSF1	0.09417	0.36226	0.21616
YES1	0.01944	0.24631	0.11918
RP11-769O8.1	0.0021	0.00073	0.00153
RP11-672L10.6	0.0014	0.01276	0.00586
ADCYAP1	0.00925	0.00017	0.00633
RP11-689C9.1	0.00013	0.00225	0.00052
RP11-78F17.1	0.00015	0.00144	0.00027
LINC00470	0.00068	0.05007	0.03102
RP11-476K15.1	0.00016	0.00184	0.00067
CTD-2015H3.2	7e-05	0.00147	0.0024
CTD-2015H3.1	0.00017	0.00325	0.00258
RP11-161I6.2	0	0.00101	0.00081
METTL4	0.05301	0.08433	0.06855
NDC80	0.04567	0.08156	0.02876
SMCHD1	0.46524	0.3359	0.25798
EMILIN2	0.2729	0.03049	0.04384
LPIN2	0.19917	0.18486	0.12326
RP11-737O24.5	0.00918	0.00039	0.00092
RP11-737O24.1	0.00103	0.00072	0.00085
MYOM1	0.00419	0.07397	0.0593
RP13-270P17.2	0.00017	0.00054	4e-04
RP13-270P17.3	0.01247	0.03268	0.02467
MYL12A	1.58919	1.38843	0.98456
RP13-270P17.1	0.00468	0.00233	0.00273
MYL12B	1.3658	1.62382	0.99751
TGIF1	0.24983	0.30117	0.16206
GAPLINC	0.01746	0.00262	0.00297
DLGAP1	0.00239	0.00109	0.00878
DLGAP1-AS1	0.06186	0.07538	0.05553
DLGAP1-AS2	0.01129	0.01646	0.01335
RP11-874J12.4	0.00185	0.02961	0.01317
LINC00526	0.00987	0.03268	0.01006
LINC00667	0.07273	0.1802	0.10312
ZBTB14	0.03745	0.03393	0.03169
EPB41L3	0.27344	0.01178	0.05168
TMEM200C	9e-05	4e-05	0.008
L3MBTL4	0.0121	0.02328	0.01443
L3MBTL4-AS1	0.02846	0.00112	0.00325
RP11-91I8.3	0.00016	0.00323	0.0011
ARHGAP28	0.00049	0.01637	0.00908
LINC00668	0.00024	0.02622	0.00932
LAMA1	0.00049	0.00023	0.00125
PTPRM	0.02885	0.05769	0.09568
RAB12	0.04425	0.03865	0.04295
MTCL1	0.00238	0.02381	0.01427
NDUFV2	0.65572	1.12305	0.45286
RP11-143J12.3	0.00225	0.00077	0.00142
NDUFV2-AS1	0.02351	0.01299	0.01111
ANKRD12	0.84214	0.36327	0.4394
TWSG1	0.0833	0.05897	0.07666
RALBP1	0.28416	0.46959	0.27256
PPP4R1	0.09129	0.17996	0.12249
PPP4R1-AS1	2e-04	0.00036	0.00042
RAB31	0.33423	0.08141	0.11888
RP11-474N24.6	0.00164	0.00066	0.00183
VAPA	0.82219	1.07866	0.61905
APCDD1	0.0013	0.02313	0.02566
NAPG	0.11917	0.21655	0.12621
PIEZO2	0.00108	0.01117	0.04693
GNAL	0.00411	0.01592	0.00879
CHMP1B	0.69964	0.37956	0.3247
RP11-78A19.3	0.00036	0.00024	0.00041
RP11-78A19.4	0.00057	0.00048	0.00032
MPPE1	0.11079	0.14415	0.10537
RP11-820I16.4	0.00652	0.00778	0.00612
IMPA2	0.05411	0.13526	0.09691
ANKRD62	0.00016	0.00357	0.00482
TUBB6	0.08833	0.07869	0.10923
AFG3L2	0.11834	0.24587	0.12096
PRELID3A	0.01546	0.01312	0.01189
RP11-861E21.2	0.00206	0.00241	0.00313
SPIRE1	0.07783	0.07354	0.05872
PSMG2	0.35902	0.51896	0.25754
CEP76	0.02414	0.03274	0.02431
RP11-973H7.4	0.00338	5e-05	0.00045
RP11-973H7.1	0.01294	0.00042	0.00089
PTPN2	0.29873	0.23322	0.17304
SEH1L	0.08463	0.16122	0.08159
RP11-773H22.4	0.00052	0.00023	0.00072
CEP192	0.05696	0.05891	0.04843
LDLRAD4	0.30274	0.1225	0.09568
LDLRAD4-AS1	0.00208	0.00036	0.00018
RP11-53B2.3	0.00752	0.00078	0.00076
FAM210A	0.12928	0.14009	0.06898
RNMT	0.45811	0.49566	0.4208
ZNF519	0.01929	0.04426	0.04428
CYP4F35P	0.00081	0.00448	0.00511
ROCK1	0.50013	0.34283	0.29493
RP11-699A5.2	7e-05	0.00122	0.00017
GREB1L	0.00139	0.01875	0.01366
ESCO1	0.1518	0.1745	0.14195
SNRPD1	0.43096	0.9933	0.40972
ABHD3	0.21222	0.22326	0.18225
MIB1	0.10247	0.21773	0.16238
RP11-595B24.2	0.00063	0.0131	0.00139
GATA6-AS1	0.00088	0.04211	0.03539
GATA6	0.00203	0.12632	0.05693
RP11-535A5.1	0.00093	0.00031	0.00126
RP11-739L10.1	0.00067	0.01984	0.00237
RP11-370A5.1	0.00183	0.0506	0.01366
RBBP8	0.08019	0.1302	0.05077
CABLES1	0.01661	0.02673	0.01631
TMEM241	0.00878	0.0311	0.02448
RP11-17J14.2	0.00023	0.00055	0.00111
RIOK3	0.30035	0.39149	0.2384
C18orf8	0.05085	0.04698	0.02797
NPC1	0.10745	0.14155	0.10604
ANKRD29	0.00557	0.04376	0.03206
LAMA3	0.00286	0.23502	0.09931
RP11-403A21.1	0.00121	9e-05	0
TTC39C	0.2374	0.27168	0.10107
TTC39C-AS1	0.00987	0.00034	0.00197
CABYR	0.00206	0.02313	0.00791
RP11-799B12.4	0.00063	0.00127	0.00264
OSBPL1A	0.11282	0.09008	0.09631
RP11-621L6.3	0.00087	0.00035	0.00035
IMPACT	0.08089	0.2172	0.09282
HRH4	0.00029	0.00047	0.00018
RP11-449D8.1	3e-05	0.00195	0.00222
ZNF521	0.00064	0.00028	0.03228
SS18	0.13244	0.18492	0.14188
PSMA8	0.00111	0	0.00066
TAF4B	0.01895	0.03719	0.01451
KCTD1	0.0031	0.06671	0.02863
PCAT18	0.00011	0.00053	9e-04
AQP4	0.00011	0.00142	0.00144
CHST9	0.00167	0.08423	0.03807
CDH2	0.0075	0.31451	0.15587
DSC3	0.00018	0.00082	0.00063
DSC2	0.09247	0.14686	0.0691
DSG1	0	0.00206	0.00072
DSG1-AS1	0.00019	0.00359	0.00076
DSG3	0.00076	0.00256	0.00086
DSG2	0.00697	0.35487	0.14929
DSG2-AS1	0	0.00064	0
TTR	0.20202	1.82784	0.78905
B4GALT6	0.00264	0.02226	0.01239
RP11-549B18.1	0.00058	0.0045	0.00255
TRAPPC8	0.10155	0.09475	0.0623
RP11-210K20.2	6e-04	0.00018	0.00033
RP11-326K13.4	0.0051	0.00901	0.01104
RNF125	0.19733	0.02119	0.03075
RP11-53I6.3	0.00435	0.00106	0.00199
RNF138	0.14793	0.10346	0.05702
RP11-53I6.4	0.00393	0.00051	0.00202
GAREM1	0.00563	0.06505	0.03464
KLHL14	0.00082	3e-04	0.00101
CCDC178	0	0.00015	0.00344
DTNA	0.03986	0.09141	0.06595
RP11-96A15.1	0.00178	0.02298	0.02387
MAPRE2	0.23249	0.19824	0.1562
RP11-294N21.3	0.00706	0.00119	0.00387
ZNF397	0.05923	0.0998	0.08439
ZSCAN30	0.01985	0.03992	0.0518
RP11-158H5.8	0.0016	0.00433	0.00501
RP11-158H5.7	0.00161	0.00697	0.00548
ZNF24	0.16414	0.22709	0.17839
ZNF396	0.00466	0.00911	0.00416
RP11-322E11.5	0	0.00052	0.00271
RP11-322E11.6	0	0.00058	0
INO80C	0.05976	0.20011	0.07323
GALNT1	0.30516	0.27244	0.17285
RP11-873E20.1	0.00208	0.00126	0.00268
C18orf21	0.06658	0.10603	0.03982
RPRD1A	0.07236	0.32011	0.16691
SLC39A6	0.12104	0.24568	0.14372
ELP2	0.14581	0.21652	0.13797
RP11-49I11.1	0.00143	0.05237	0.01214
MOCOS	0.00112	0.03363	0.01438
FHOD3	0.00014	0.01061	0.00911
TPGS2	0.12831	0.15019	0.08833
KIAA1328	0.03622	0.03154	0.04413
CELF4	0.00121	0.01065	0.00805
RP11-95O2.5	0.00084	0.00514	0.00452
RP11-244M2.1	0.00057	0.009	0.00186
RP11-636O21.1	6e-05	0.0033	0.00249
KC6	0.00076	0.05341	0.04109
PIK3C3	0.10233	0.07902	0.06917
LINC00907	0.00036	0.00883	0.00761
RP11-456K23.1	0.00252	0.00487	0.00321
SETBP1	0.03003	0.14225	0.11633
SLC14A1	0.00542	8e-04	0.00478
SIGLEC15	0.00699	0.0016	0.00074
EPG5	0.08454	0.09339	0.07648
PSTPIP2	0.07931	0.00618	0.01831
ATP5A1	0.51348	1.00245	0.45957
HAUS1	0.10532	0.1357	0.0638
C18orf25	0.09738	0.08479	0.08208
RNF165	0.00286	0.04262	0.0363
ST8SIA5	5e-05	0.00073	0
RP11-687F6.5	0.00016	0.00123	0.0019
PIAS2	0.11541	0.18057	0.17442
KATNAL2	0.00291	0.00886	0.0092
RP11-49K24.8	0.00033	0.00021	0
HDHD2	0.07932	0.11334	0.05486
IER3IP1	0.24641	0.5741	0.23958
SMAD2	0.21619	0.21121	0.18039
ZBTB7C	0.00119	0.02532	0.01845
CTIF	0.0118	0.03357	0.02942
SMAD7	0.12096	0.0296	0.0419
RP11-15F12.1	0.00015	0.00159	0
DYM	0.07775	0.16576	0.07215
C18orf32	0.12958	0.17851	0.09845
RPL17-C18orf32	0.00077	0.00109	0.00108
MIR1539	0.00107	0.00068	0.00032
RPL17	0.73956	0.89467	0.48919
LIPG	0.00036	0.01419	0.01926
ACAA2	0.20806	0.22772	0.08337
SNHG22	0.00315	0.00154	0.00214
MYO5B	0.00187	0.07073	0.02212
CFAP53	0.00067	0.00531	0.00436
MBD1	0.07374	0.0746	0.06822
CXXC1	0.08716	0.08117	0.07924
SKA1	0.01475	0.02141	0.0066
MRO	0.02584	0.00452	0.00516
ME2	0.27137	0.09811	0.08198
ELAC1	0.03684	0.07409	0.02994
SMAD4	0.144	0.17446	0.14662
MEX3C	0.08688	0.08541	0.06956
RP11-267C16.1	4e-05	0.00055	3e-04
MBD2	0.3895	0.21326	0.15933
RP11-850A17.1	0.01043	0.00347	0.00746
POLI	0.02838	0.03542	0.03055
STARD6	0.00026	0.00187	0.00037
C18orf54	0.01875	0.01747	0.01866
RAB27B	0.01115	0.10394	0.04583
CCDC68	0.00301	0.14562	0.09858
CTD-2171N6.1	1e-04	0.00271	0.00664
TCF4	0.27971	0.01282	0.40457
TCF4-AS2	0.00178	0.00011	0.00226
RP11-397A16.1	0	0.00164	0.00173
LINC01415	0.00055	0.00013	0.00212
RP11-397A16.3	0	0.00072	0.00117
CTD-2008L17.1	1e-04	0.00323	0.00106
CTD-2008L17.2	0.00018	0.00603	0.00231
RP11-456O19.2	3e-04	0.01192	0.00265
TXNL1	0.39024	0.66747	0.27172
WDR7	0.05384	0.02928	0.03152
CTD-2526M8.2	0	0.00027	0.00195
ST8SIA3	0.00039	0.01151	0.00943
ONECUT2	0.00628	0.22322	0.19
FECH	0.04969	0.0698	0.0345
RP11-706P11.2	0.00123	0.0016	0.00148
NARS	0.2808	0.50327	0.24966
RP11-35G9.3	0.03593	0.04914	0.04438
RP11-35G9.5	0.0029	0.00099	0.0015
ATP8B1	0.01081	0.14384	0.12121
NEDD4L	0.04905	0.14513	0.06607
RP11-845C23.3	4e-05	0.00139	4e-04
RP11-1151B14.3	0.01097	0.2303	0.16337
ALPK2	0.00341	0.00247	0.00346
RP11-1151B14.4	0.00233	2e-04	0
RP11-126O1.5	0.00562	0.00219	0.00079
MALT1	0.2041	0.06027	0.05941
RP11-108P20.3	0.00139	2e-04	0.00024
ZNF532	0.03166	0.05632	0.08957
SEC11C	0.26563	0.72076	0.27392
LMAN1	0.38212	1.02762	0.52711
CCBE1	0.00012	0.00085	0.0017
PMAIP1	0.41873	0.146	0.15266
CDH20	0.00087	5e-05	0.00023
RP11-879F14.2	0.00019	0.00032	0.00792
RP11-879F14.1	0	0.00107	0.00154
RNF152	0.00324	0.05581	0.13835
PIGN	0.03712	0.03691	0.03576
KIAA1468	0.06964	0.06589	0.05748
TNFRSF11A	0.0716	0.03144	0.01959
ZCCHC2	0.16009	0.15521	0.11123
RP11-120K19.4	0.00418	0.0014	0.00127
PHLPP1	0.02396	0.02564	0.02208
BCL2	0.28063	0.01302	0.0471
RP11-299P2.2	0.00113	0	0.00031
KDSR	0.16569	0.17922	0.13576
RP11-635N19.1	0.00619	0.01005	0.00771
VPS4B	0.30734	0.22701	0.15603
SERPINB5	0.00095	0.12095	0.04174
SERPINB3	0	0.00075	0.00115
SERPINB7	0	0.00183	0.00031
SERPINB2	0.00764	0.00724	0.0024
HMSD	0.00189	0.00297	0.00091
SERPINB8	0.0815	0.05598	0.02778
CDH19	2e-05	0.01646	0.00874
CTD-2541J13.1	0	8e-04	0.00064
DSEL	0.00955	0.03535	0.04941
TMX3	0.15095	0.08661	0.1322
CCDC102B	0.00906	0.01898	0.15764
RP11-674P19.2	7e-05	0.00043	0.00856
RP11-17E3.1	3e-05	0.00044	0
DOK6	0.00518	0.05446	0.02905
CD226	0.09509	0.00443	0.01027
RTTN	0.01646	0.01449	0.01318
SOCS6	0.08378	0.12273	0.09646
RP11-41O4.1	0.0011	0.02273	0.00525
RP11-484N16.1	0.00011	0.00233	0.00034
RP11-41O4.2	0	0.00179	0.00039
RP11-723G8.2	6e-05	0.00048	0
FBXO15	0.0025	0.00316	0.00224
TIMM21	0.0552	0.07109	0.04497
CYB5A	0.20898	1.06824	0.35069
FAM69C	0.00024	0.00395	0.00372
CNDP2	0.35788	0.20119	0.16353
CNDP1	0.00018	0.00087	0.00074
LINC00909	0.05428	0.04912	0.05639
ZNF407	0.05863	0.05947	0.0862
RP11-405M12.3	0.00272	6e-05	0.00068
RP11-405M12.4	0.00408	3e-05	0.00018
ZADH2	0.07438	0.03944	0.04308
TSHZ1	0.06023	0.01697	0.04112
RP11-94B19.7	8e-05	0.00078	0.00025
ZNF516	0.04531	0.06827	0.06225
RP11-17M16.2	0.00342	0.0073	0.00424
C18orf65	0.00433	0.00264	0.00212
LINC00908	7e-05	0.00107	0.00103
LINC00683	0.00061	0.00191	0
RP11-162A12.2	0.00267	0.00309	0.00258
RP11-162A12.4	0.00144	0.00146	0.00068
ZNF236	0.04591	0.04345	0.04781
RP11-862L9.3	0.00073	0.00044	0
MBP	0.39961	0.17601	0.12955
RP11-4B16.4	0.02656	0.00283	0.00338
RP11-176N18.2	2e-05	0.00373	0.00425
ATP9B	0.06386	0.0887	0.0824
RP11-800A18.4	0.00143	0.06873	0.01449
NFATC1	0.11685	0.01555	0.03929
RP11-567M16.6	0.00697	0.0112	0.01162
CTDP1	0.05124	0.02858	0.02847
PQLC1	0.15662	0.16153	0.11176
HSBP1L1	0.09059	0.53329	0.19899
TXNL4A	0.36041	0.69302	0.27577
RP11-795F19.5	0.00046	0.00308	0.00267
RBFA	0.07121	0.2185	0.13359
RP11-795F19.1	0.00104	0.00291	0.00351
ADNP2	0.07184	0.0751	0.05945
PARD6G-AS1	0.02842	0.0475	0.01817
PARD6G	0.02344	0.0315	0.02604
DEFB126	0.00017	0.00596	0.00135
C20orf96	0.01403	0.03499	0.03252
ZCCHC3	0.06117	0.08989	0.05826
NRSN2-AS1	0.00403	0.01065	0.00931
SOX12	0.01147	0.08063	0.05387
NRSN2	0.00694	0.06999	0.04154
TRIB3	0.03898	0.40001	0.11264
RBCK1	0.21737	0.51737	0.23331
TBC1D20	0.07551	0.10488	0.08143
CSNK2A1	0.18342	0.32618	0.17061
TCF15	0.00024	0.00267	0.01259
SRXN1	0.00525	0.02336	0.0077
SLC52A3	0.00043	0.02027	0.01845
FAM110A	0.12771	0.06472	0.04739
RSPO4	6e-05	0.00053	0.00062
PSMF1	0.22793	0.38234	0.17498
RP4-545L17.11	0.00172	0.00199	0.00108
TMEM74B	0.00189	0.02075	0.05208
C20orf202	2e-04	6e-04	0.00372
SNPH	0.00205	0.00173	0.00311
SDCBP2	0.00772	0.23603	0.10257
RP11-314N13.10	0	0.00135	0.00127
SDCBP2-AS1	0.00507	0.00755	0.00663
RP11-314N13.3	0.00069	0.00142	0.00091
FKBP1A	0.77532	1.10385	0.66345
NSFL1C	0.16902	0.28574	0.15539
SIRPB2	0.01108	0.00049	0.0024
SIRPD	0.00164	0	0.00073
SIRPB1	0.05617	0.00234	0.00466
SIRPG	0.07165	0.00243	0.01145
RP5-858L17.1	0.01266	0.00861	0.00883
SIRPA	0.31494	0.07411	0.07432
STK35	0.02148	0.03954	0.02925
RP11-128M1.1	0.00346	0.0272	0.00659
TGM3	0.00066	0.00871	0.00343
SNRPB	0.69804	1.03493	0.53448
ZNF343	0.00414	0.01696	0.01407
NOP56	0.33291	0.54643	0.33352
IDH3B	0.17472	0.23711	0.13891
RP4-686C3.7	0.00047	0.00013	0.00112
EBF4	0.00256	0.04032	0.05393
CPXM1	0.00294	0.00836	0.02778
PCED1A	0.04573	0.11491	0.12166
VPS16	0.06233	0.07908	0.06838
PTPRA	0.20257	0.19563	0.20806
MRPS26	0.15427	0.56923	0.20226
OXT	0.00147	0.00299	0.00245
AVP	6e-05	0.00054	0
UBOX5	0.01438	0.0192	0.0124
FASTKD5	0.0327	0.05236	0.03029
RP5-1187M17.10	0.00493	0.05448	0.03692
DDRGK1	0.23388	0.55799	0.30639
ITPA	0.22021	0.40417	0.19795
SLC4A11	0.00153	0.02513	0.01591
RP4-794I6.4	0.00034	0.00217	0.00321
C20orf194	0.07754	0.04917	0.06864
ATRN	0.05275	0.12653	0.07511
ADAM33	0	0.00031	0.00341
SIGLEC1	0.16594	0.00985	0.02599
HSPA12B	0.00031	0.00311	0.02224
C20orf27	0.20901	0.26388	0.16412
SPEF1	0.00054	0.00183	0.00117
CENPB	0.0786	0.10904	0.08661
CDC25B	0.08463	0.06538	0.05544
RP5-1009E24.8	6e-04	0.00053	0.00159
AP5S1	0.03034	0.04898	0.03024
MAVS	0.0699	0.14148	0.13307
RP11-119B16.2	0.01249	0.03458	0.03442
PANK2	0.15826	0.10811	0.09056
RP4-681N20.5	7e-04	0.00017	0.00133
RNF24	0.06319	0.07004	0.10319
SMOX	0.03212	0.13941	0.0614
LINC01433	0.00108	0.00113	7e-04
ADRA1D	0	0.00032	0.00316
PRNP	0.52523	0.4591	0.25875
PRND	0.00047	0	0.00125
RP5-1068H6.6	0.00049	0.00037	0.00064
RASSF2	0.14945	0.00617	0.02564
SLC23A2	0.06637	0.157	0.1001
RP5-1116H23.5	4e-05	0.00053	0.00023
RP5-1116H23.4	0.00036	0.00061	0.00049
TMEM230	0.4378	0.92968	0.38084
PCNA	0.22306	0.26758	0.11983
CDS2	0.15161	0.1194	0.1165
LINC00654	0.00441	0.00148	0.00189
GPCPD1	0.27199	0.08975	0.13013
C20orf196	0.04961	0.08666	0.03734
CHGB	0.001	0.01024	0.00252
TRMT6	0.07426	0.18508	0.05272
MCM8	0.02709	0.04159	0.03134
RP5-967N21.11	0.00135	0.00278	0.00399
CRLS1	0.10772	0.49572	0.16568
LRRN4	0	0.00146	0.00133
RP5-1056H1.2	0.00061	0.03085	0.00996
FERMT1	0.00358	0.34007	0.13912
CASC20	0.00028	0.00894	0.00275
BMP2	0.00958	0.09964	0.08615
LINC01428	4e-05	0.00267	0.00073
RP11-19D2.1	1e-04	0.00467	0.00206
HAO1	0.00121	0.06701	0.00916
TMX4	0.20641	0.28416	0.16709
PLCB1	0.04912	0.34406	0.20802
PLCB4	0.00084	0.04189	0.04107
LAMP5	0.01582	0.00573	0.00942
PAK7	0.00021	0.00448	0.00205
RP5-839B4.8	0.00067	0.00018	0
ANKEF1	0.0052	0.03802	0.01316
SNAP25-AS1	0.00035	0.01136	0.00483
SNAP25	0.00084	0.02438	0.01533
MKKS	0.2228	0.64554	0.23531
SLX4IP	0.03013	0.05589	0.04439
JAG1	0.01876	0.19829	0.26654
RP1-278O22.1	7e-05	0.00136	0.00139
RP11-268G13.1	0.00019	0.00183	0.00154
BTBD3	0.0203	0.08728	0.07707
RP4-742J24.2	0.00059	0.00044	0.00219
SPTLC3	0.00768	0.0819	0.05489
ISM1	0.00046	0.00088	0.00618
RP4-585I14.3	0	0.00063	0.00058
TASP1	0.03019	0.06145	0.03734
ESF1	0.24252	0.50573	0.34037
NDUFAF5	0.04146	0.10178	0.04228
MACROD2	0.00213	0.04514	0.02452
FLRT3	0.00171	0.1488	0.08138
KIF16B	0.05445	0.09212	0.08687
AL049794.1	0.00273	0.00736	0.00443
RP4-777L9.2	0.00036	0.00665	0.00189
SNRPB2	0.55397	0.82544	0.35195
BFSP1	0.00093	0.02743	0.01048
DSTN	0.46967	1.23377	0.85201
RRBP1	0.31128	1.07507	0.87714
BANF2	0	0.00191	0.00011
SNX5	0.47355	0.48933	0.275
OVOL2	9e-05	0.04568	0.01842
MGME1	0.09866	0.11916	0.05734
PET117	0.03543	0.11717	0.03775
CSRP2BP	0.01623	0.04325	0.01592
ZNF133	0.0115	0.01887	0.02376
RP4-568F9.6	0	0.00069	6e-04
DZANK1	0.01014	0.01316	0.01197
POLR3F	0.03042	0.05875	0.0298
RBBP9	0.02733	0.05378	0.02534
SEC23B	0.13726	0.16745	0.08716
LINC00493	0.41246	0.87828	0.39281
DTD1	0.1225	0.19878	0.07046
RP5-1068E13.7	0.00453	0.00495	0.00864
SLC24A3	0.00143	0.0128	0.0059
RP1-122P22.4	0.00068	0.00124	0.00614
RP1-122P22.2	0.00045	0.0014	0.00212
RIN2	0.12578	0.09461	0.07949
NAA20	0.27989	0.57066	0.22762
CRNKL1	0.12181	0.11807	0.06255
CFAP61	0.00057	0.00018	0.00023
RALGAPA2	0.04047	0.18286	0.14886
KIZ	0.0289	0.08505	0.0531
RP1-198K11.5	0.0054	0.01762	0.0098
XRN2	0.37244	0.52075	0.25824
RP5-984P4.6	0	0.00265	0.00315
RP1-167O22.1	0.00299	0.00013	0
LINC00261	0.00487	0.158	0.05027
FOXA2	0.00263	0.15355	0.03635
THBD	0.11492	0.0228	0.07973
CD93	0.33639	0.01702	0.15098
LINC00656	0.00131	2e-05	0.00016
RP4-737E23.2	0.00281	0.00026	0.00038
RP5-851M4.1	0.00049	0.00019	8e-04
NXT1	0.17686	0.18328	0.09925
LINC01431	0.00384	0.01149	0.00445
GZF1	0.11144	0.04197	0.03817
NAPB	0.03757	0.06352	0.06617
CSTL1	0	0.00059	0
CST3	1.8026	2.06985	1.52112
RP11-218C14.8	0.00029	0.00126	0.00019
RP11-218C14.5	0.00086	2e-05	0
CST1	0.00018	0.00061	0.00357
CST5	5e-05	0.00349	0.00124
RP4-568C11.4	0.00102	0.04556	0.02036
CST7	0.51956	0.02479	0.05598
APMAP	0.25407	0.29928	0.1818
ACSS1	0.04105	0.04167	0.03864
RP5-1025A1.3	3e-05	0.00087	3e-04
VSX1	2e-04	0.00498	0.00426
RP4-738P15.1	0.00019	0.00057	0
ENTPD6	0.06008	0.12922	0.09466
RP5-965G21.3	0.00224	0.00378	0.00153
RP5-965G21.4	0.00024	0.00549	0.00359
PYGB	0.04981	0.15271	0.09748
RP5-965G21.6	0.00179	0.00079	0.00047
ABHD12	0.20408	0.17717	0.10235
GINS1	0.02005	0.02876	0.01812
NINL	0.00377	0.04575	0.05367
NANP	0.02238	0.03196	0.01927
ZNF337-AS1	0.00578	0.04225	0.0264
ZNF337	0.01977	0.03221	0.033
RP4-694B14.8	0.00037	0.00346	0.0015
RP13-401N8.1	0.00116	0.01545	0.00599
FAM182B	0	0.00068	0.0021
LINC01597	0.00304	0.00063	0.00486
REM1	0.00016	0.00031	0.02297
HM13	0.41712	0.75235	0.44007
HM13-AS1	8e-04	0.00285	0.00089
RP3-324O17.8	0.00087	0.00108	0.00034
ID1	0.0737	0.74183	0.54065
COX4I2	0.00115	0.00188	0.13472
BCL2L1	0.17546	0.27685	0.14181
ABALON	0.0025	0.00276	0.00254
TPX2	0.08133	0.09553	0.0354
FOXS1	6e-04	0.00047	0.07245
DUSP15	0.00333	0.00128	0.0029
TTLL9	0.00148	0.00033	0
PDRG1	0.06932	0.1575	0.06248
CCM2L	0.00033	4e-04	0.01764
HCK	0.23026	0.00905	0.02785
TM9SF4	0.10831	0.18745	0.12494
PLAGL2	0.04014	0.04916	0.0279
POFUT1	0.02687	0.09398	0.05435
KIF3B	0.05004	0.15719	0.09413
RP11-358N2.2	0.00033	0.00182	0.00062
ASXL1	0.15014	0.20257	0.13509
NOL4L	0.04908	0.11563	0.08697
RP5-1184F4.7	0.00132	0.00018	3e-04
COMMD7	0.28996	0.26238	0.16869
DNMT3B	0.00229	0.01125	0.00685
MAPRE1	0.4317	0.25271	0.1739
RP5-1085F17.3	0.02107	0.01966	0.01732
BPIFB2	3e-04	0.00671	0.00194
BPIFB4	0.00015	0.00263	0.00111
BPIFA2	0.015	0.25083	0.0758
BPIFB1	0.00169	0.107	0.04925
CDK5RAP1	0.06558	0.10042	0.06986
SNTA1	0.02704	0.03837	0.02258
CBFA2T2	0.06184	0.054	0.05179
RP1-63M2.7	0.00031	0.00048	0.00038
NECAB3	0.02303	0.07987	0.04642
C20orf144	0.00035	0.00054	0.00024
ACTL10	0.00565	0.02301	0.01136
E2F1	0.01716	0.0281	0.02033
PXMP4	0.03429	0.12663	0.04199
ZNF341	0.00829	0.00874	0.0053
ZNF341-AS1	0.00098	0.00704	0.00274
CHMP4B	0.232	0.28593	0.19251
RALY-AS1	0.01091	0.04228	0.01466
RP5-1125A11.7	0.00109	0.00323	0.00177
RP5-1125A11.6	0.00038	0.00247	0.00127
RALY	0.33936	0.2891	0.21566
EIF2S2	0.60251	0.97102	0.44619
ASIP	0.00605	0.00247	0.00096
AHCY	0.10556	0.59765	0.18396
ITCH	0.14779	0.11316	0.09578
ITCH-AS1	0.00187	0.00085	0.00034
DYNLRB1	0.58432	0.81512	0.43921
MAP1LC3A	0.08583	0.04607	0.1296
PIGU	0.03392	0.13218	0.05318
NCOA6	0.06426	0.08393	0.07546
TP53INP2	0.03947	0.0355	0.0447
GGT7	0.02189	0.08788	0.08591
ACSS2	0.04334	0.1253	0.07483
GSS	0.08204	0.17201	0.07434
MYH7B	0.00168	0.002	0.00359
TRPC4AP	0.11719	0.12869	0.11499
EDEM2	0.0928	0.16725	0.07943
PROCR	0.00783	0.03848	0.05292
RP11-42O4.2	0.00049	0.00802	0.0086
MMP24-AS1	0.30546	0.17475	0.18381
MMP24	0.00032	0.00011	0.00088
RP4-614O4.11	0.00033	0.00065	0
EIF6	0.31539	0.87263	0.32553
FAM83C-AS1	0.00022	0.00128	0.00053
FAM83C	9e-05	0.00065	0.00097
UQCC1	0.03371	0.11148	0.10887
CEP250	0.04921	0.03477	0.03561
RP3-477O4.14	0.05001	0.0015	0.00384
ERGIC3	0.23744	0.64803	0.34476
SPAG4	0.03262	0.17527	0.06535
CPNE1	0.2505	0.27507	0.19146
RBM12	0.14416	0.16398	0.11101
NFS1	0.03685	0.12738	0.04704
ROMO1	0.59418	1.22	0.57922
RBM39	1.10287	0.81752	0.84842
PHF20	0.33481	0.20668	0.14616
SCAND1	0.49082	0.8	0.43066
CNBD2	0.0434	0.05425	0.04057
LINC00657	0.28466	0.56911	0.43585
RP4-550H1.7	0.00017	0.00337	0.00125
EPB41L1	0.02833	0.13315	0.11325
RP11-234K24.6	0.00039	0.00188	0.00318
AAR2	0.032	0.06708	0.03272
DLGAP4	0.10946	0.17708	0.1636
DLGAP4-AS1	0.00113	0.00403	0.00095
MYL9	0.03908	0.01677	0.30786
TGIF2	0.07488	0.08502	0.05803
C20orf24	0.32171	0.67943	0.23739
SLA2	0.08235	0.0035	0.01177
NDRG3	0.07336	0.10535	0.05752
DSN1	0.03841	0.06231	0.03277
SOGA1	0.03744	0.03158	0.05181
TLDC2	0.00074	0.00959	0.00368
SAMHD1	0.73258	0.06122	0.12191
RBL1	0.05548	0.01769	0.02102
RP4-621N11.2	0.00037	0.00047	0.00014
MROH8	0.00321	0.00298	0.00415
RPN2	0.48564	1.01544	0.55277
MANBAL	0.04148	0.26995	0.09458
SRC	0.06916	0.14133	0.10415
BLCAP	0.09908	0.13976	0.09879
NNAT	0.00076	6e-05	0
CTNNBL1	0.17252	0.16038	0.08827
VSTM2L	4e-04	0.00447	0.00255
TTI1	0.03573	0.05892	0.04771
RPRD1B	0.09044	0.12984	0.0988
TGM2	0.04967	0.31939	0.2298
BPI	0.00015	0.00071	0.00134
LBP	0.05292	0.98999	0.43166
RP4-564F22.5	0.00065	0.00374	0.00182
RALGAPB	0.08145	0.09965	0.09269
ARHGAP40	0	0.00122	0.00014
ACTR5	0.0176	0.02936	0.02435
PPP1R16B	0.06733	0.00335	0.0142
FAM83D	0.02011	0.04629	0.01869
RP4-616B8.5	0.00149	0.00174	0.00025
RP4-616B8.4	0.00048	0.00119	0.00151
DHX35	0.0169	0.02827	0.02056
LINC01370	0.00112	0.02974	0.00687
RP11-101E14.3	6e-05	0.00294	0.00075
MAFB	0.70524	0.10551	0.25394
RP4-644L1.2	0.00394	0.00012	0
TOP1	0.62762	0.60019	0.37517
PLCG1-AS1	0.00092	0.00051	0.00092
PLCG1	0.02375	0.02059	0.04584
ZHX3	0.00972	0.05819	0.04082
LPIN3	0.00823	0.11982	0.09973
CHD6	0.14764	0.17878	0.19586
SRSF6	0.27358	0.4164	0.33857
L3MBTL1	0.0065	0.02033	0.02423
SGK2	0.00134	0.05472	0.02568
RP1-138B7.7	0.00036	0.00266	0.00144
IFT52	0.05736	0.07122	0.04346
MYBL2	0.03106	0.04287	0.02083
TOX2	0.04393	0.02554	0.01345
JPH2	0.00019	0.00069	0.00589
OSER1	0.19389	0.14941	0.08476
OSER1-AS1	0.01551	0.03131	0.01677
FITM2	0.01251	0.04975	0.02919
RP5-881L22.5	0.00036	0.01473	0.00585
HNF4A	0.0052	0.1968	0.07567
HNF4A-AS1	0.00017	0.00062	3e-04
TTPAL	0.05658	0.05838	0.0406
SERINC3	0.32655	0.53557	0.32523
PKIG	0.02573	0.10234	0.16144
ADA	0.07051	0.05454	0.04994
LINC01260	0.0037	0.00057	0.00096
KCNK15-AS1	6e-05	0.00138	4e-04
WISP2	0.00011	0.00031	0.00167
KCNK15	0.00028	0.01268	0.00525
YWHAB	1.27527	0.90806	0.63629
PABPC1L	0.02573	0.097	0.11867
TOMM34	0.03341	0.0678	0.02832
STK4-AS1	0.00051	0.00072	0.00089
STK4	0.79192	0.23492	0.22925
KCNS1	0	0.00111	0.00019
PI3	0.00274	0.10954	0.05488
SEMG1	0	0.00069	0.00035
SLPI	0.02362	1.00164	0.3612
MATN4	8e-04	0.0048	0.00722
SDC4	0.10652	0.60045	0.34
SYS1	0.14703	0.2014	0.0992
TP53TG5	0.00053	0.00066	0.00206
DBNDD2	0.00092	0.00063	0.00145
PIGT	0.18036	0.39401	0.22736
RP3-453C12.15	0.0061	0.00398	0.00516
RP3-461P17.10	0.0031	0.00505	0.00416
WFDC2	0.00788	0.34324	0.20752
WFDC10A	1e-04	0.00313	5e-04
WFDC10B	0	0.00361	0.00091
WFDC3	0.0011	0.00453	0.00181
DNTTIP1	0.09695	0.1498	0.07932
UBE2C	0.10671	0.15996	0.05156
TNNC2	0.00041	0.00379	0.00439
SNX21	0.0104	0.03326	0.03276
ACOT8	0.05592	0.10843	0.04901
ZSWIM3	0.00815	0.00872	0.00572
ZSWIM1	0.00688	0.00992	0.00865
SPATA25	0.00031	0.00049	0.00134
NEURL2	0.01189	0.05692	0.01665
CTSA	0.48193	0.62908	0.42594
PLTP	0.56975	0.05557	0.14943
PCIF1	0.08242	0.06036	0.04423
ZNF335	0.06615	0.05921	0.06522
MMP9	0.56331	0.04108	0.09562
RP11-465L10.10	0.00147	0.00297	0.00156
SLC12A5	0.09334	0.04664	0.01994
NCOA5	0.03967	0.06	0.0397
CD40	0.16868	0.1466	0.1432
SLC35C2	0.08138	0.22458	0.14619
ELMO2	0.03844	0.02134	0.02008
ZNF334	0.00184	0.01101	0.01114
SLC13A3	0.00036	0.01029	0.00676
TP53RK	0.07655	0.10769	0.06984
RP1-28H20.3	0.003	0.00388	0.00354
SLC2A10	0.00371	0.08307	0.04733
EYA2	0.00909	0.02215	0.00742
ZMYND8	0.16684	0.35452	0.27173
RP4-569M23.5	0.00091	0.00141	0.00105
RP4-569M23.2	0.00042	0.00159	0.00103
RP1-148H17.1	0.00031	4e-04	0.00043
NCOA3	0.24646	0.1687	0.15613
SULF2	0.13774	0.15756	0.14423
LINC00494	0.00056	0.00518	0.00358
RP1-66N13.1	0	0.00086	0.00017
PREX1	0.23127	0.02247	0.03874
RP5-906C1.1	0.03138	0.00316	0.00433
ARFGEF2	0.08069	0.18109	0.1298
CSE1L-AS1	0.00048	0.00296	0
CSE1L	0.12126	0.25764	0.09648
STAU1	0.3065	0.68423	0.28707
DDX27	0.24515	0.36188	0.18802
ZNFX1	0.13426	0.08014	0.08899
ZFAS1	1.04933	1.72227	0.94638
KCNB1	7e-05	0.00037	0.00254
PTGIS	0.00129	0.08082	0.05507
B4GALT5	0.14293	0.17983	0.11605
SLC9A8	0.03064	0.03988	0.02963
SPATA2	0.02258	0.03937	0.0226
RNF114	0.27763	0.32792	0.17246
SNAI1	0.05418	0.03266	0.0578
UBE2V1	0.0722	0.07361	0.06071
TMEM189	0.08911	0.17446	0.09145
RP11-112L6.3	0.00066	0.01356	0.00347
LINC01273	5e-05	0.00711	0.00174
CEBPB-AS1	0.00171	0.00232	0.00321
CEBPB	0.9212	0.99313	0.69114
LINC01272	0.24898	0.01273	0.0288
LINC01270	0.00299	0.01342	0.00451
LINC01271	0	0.00068	0.00169
PTPN1	0.27666	0.14241	0.11131
RP4-530I15.9	0.00072	0.00013	0.00022
FAM65C	0.00192	0.00071	0.00178
RP4-530I15.6	0.00013	0.00059	0.00044
PARD6B	0.01378	0.20346	0.08086
BCAS4	0.02786	0.07342	0.02704
ADNP	0.17745	0.2703	0.16347
ADNP-AS1	0.00313	0.00876	0.00402
DPM1	0.14894	0.31294	0.12855
MOCS3	0.01258	0.04428	0.01765
KCNG1	3e-04	0.00373	0.00332
NFATC2	0.17566	0.07139	0.06905
ATP9A	0.00702	0.19367	0.11378
SALL4	0.00086	0.03482	0.03487
ZFP64	0.01863	0.05446	0.02952
TSHZ2	0.03257	0.19146	0.24354
RP4-669H2.1	8e-05	0.00055	0.00052
RP4-724E16.2	0.00121	0.00102	0
ZNF217	0.19843	0.148	0.14721
BCAS1	0.00669	0.1995	0.14226
CYP24A1	0.00057	0.01429	0.00801
PFDN4	0.23843	0.56737	0.22971
DOK5	0.00152	0.00153	0.01422
FAM210B	0.10749	0.1843	0.12202
AURKA	0.06021	0.07283	0.02706
CSTF1	0.06263	0.12177	0.04337
CASS4	0.05407	0.00282	0.00706
RTFDC1	0.31078	0.34258	0.18286
FAM209A	0.00148	0.00089	0.00146
FAM209B	0.00134	0.00233	0.00114
TFAP2C	0.00136	0.0195	0.01027
BMP7	0.00031	0.00597	0.00097
RAE1	0.08942	0.18141	0.06412
RP4-800J21.3	0.00908	0.00058	0.0017
RBM38	0.22839	0.08247	0.04674
CTCFL	3e-04	0.00048	0.00018
PCK1	0.00297	0.1025	0.07093
ZBP1	0.03924	0.00478	0.00252
PMEPA1	0.24481	0.59982	0.59098
NKILA	0.01133	0.06665	0.05538
RAB22A	0.17228	0.2207	0.1168
VAPB	0.07442	0.14456	0.08258
STX16	0.17731	0.24639	0.2197
STX16-NPEPL1	0.00091	0	0.00062
NPEPL1	0.05779	0.14703	0.12619
RP4-806M20.4	0.00027	0.00809	0.00669
GNAS-AS1	0.00034	0.00936	0.00669
RP4-806M20.3	0	0.00027	0.00052
GNAS	1.55349	1.02982	0.92873
NELFCD	0.12667	0.23925	0.16336
CTSZ	1.23109	0.55495	0.42216
TUBB1	0.00043	0.00092	0.00099
ATP5E	2.54458	2.31927	1.58752
PRELID3B	0.17978	0.29176	0.11494
RP3-492J12.2	0.00784	0.00027	8e-04
ZNF831	0.02036	0.00099	0.00085
EDN3	0.00028	0.00616	0.00278
PHACTR3	3e-04	0.00976	0.0023
SYCP2	0.00755	0.01476	0.01051
FAM217B	0.07663	0.1275	0.06463
PPP1R3D	0.02513	0.02435	0.01716
CDH26	0.00073	0.00081	0.0033
C20orf197	0.00338	0.00024	0.00055
MIR646HG	0.0019	4e-05	0.00026
RP11-429E11.3	0.00115	5e-05	0
TAF4	0.03548	0.0605	0.04526
RP11-11M20.4	0.00466	0.00425	0.01616
LSM14B	0.05649	0.06245	0.04922
PSMA7	1.17297	1.2405	0.6306
SS18L1	0.03984	0.06736	0.06798
MTG2	0.05957	0.15916	0.08653
OSBPL2	0.05524	0.13765	0.08993
ADRM1	0.33012	0.47463	0.22395
RP11-157P1.4	0.00053	0.00789	0.01324
LAMA5	0.00509	0.09208	0.14125
RP5-908M14.9	0.00733	0.03509	0.0159
RPS21	2.4671	2.87906	1.83515
CABLES2	0.01096	0.01099	0.00719
RBBP8NL	0.00037	0.01467	0.00943
RP5-908M14.5	0	0.00107	0.00013
WI2-87327B8.2	0.00221	0.00058	0
RP11-93B14.6	0.00095	0.00137	0.00117
SLCO4A1	0.05026	0.03723	0.02919
RP11-93B14.9	0.00819	0.00595	0.00336
RP11-93B14.10	0.00062	0.00016	0.00068
SLCO4A1-AS1	0.00068	0.02317	0.01103
NTSR1	0.00253	0.00075	0
LINC00659	0.00133	0.00251	0.00148
MRGBP	0.07616	0.1551	0.06586
OGFR-AS1	0.00029	0.0014	0.00057
OGFR	0.21218	0.19425	0.13542
COL9A3	0.0093	0.04808	0.0159
TCFL5	0.01245	0.03367	0.02031
DIDO1	0.08869	0.12921	0.11495
RP4-563E14.1	0.00559	0.01322	0.01862
GID8	0.1592	0.29783	0.13775
SLC17A9	0.04328	0.22369	0.15559
HAR1B	0.00098	0.00016	0.00027
HAR1A	0.00173	0.00245	0.00268
YTHDF1	0.10703	0.19273	0.10105
RP5-963E22.6	0.00037	0.00304	0
BIRC7	0.01167	0.00449	0.00412
ARFGAP1	0.05583	0.14212	0.15437
EEF1A2	0.00228	0.01621	0.01182
PPDPF	0.73306	0.88653	0.64336
PTK6	0.0071	0.11321	0.05462
RP4-697K14.15	5e-04	0.00158	0.00279
C20orf195	0.00085	0.00112	0.00132
HELZ2	0.05293	0.07124	0.06646
GMEB2	0.03141	0.04983	0.03719
CTD-3184A7.4	0.0426	0.07782	0.06539
STMN3	0.02988	0.01165	0.02602
RTEL1-TNFRSF6B	0.00132	0.00033	0.00092
ARFRP1	0.11722	0.20496	0.14283
ZGPAT	0.0032	0.00272	0.00092
RP4-583P15.15	9e-04	0.00077	0.00065
RP4-583P15.16	0.00059	0.00047	0.00078
LIME1	0.00093	0.00146	0.00032
SLC2A4RG	0.1544	0.33059	0.1705
ZBTB46	0.01877	0.01133	0.03014
RP4-583P15.10	0.00083	0.00134	0.00245
RP4-591C20.9	0.0194	0.01609	0.01821
TPD52L2	0.23094	0.17261	0.12887
DNAJC5	0.10169	0.10537	0.07063
UCKL1	0.06124	0.09038	0.05579
UCKL1-AS1	0.0077	0.00367	0.00254
ZNF512B	0.01923	0.069	0.06369
SAMD10	0.01746	0.03431	0.0275
PRPF6	0.2273	0.30535	0.17949
LINC00176	0.00719	0.02654	0.01568
SOX18	0.0032	0.02458	0.06755
TCEA2	0.06215	0.10343	0.10472
RGS19	0.28788	0.05959	0.05081
OPRL1	0.01247	0.00126	0.00153
LKAAEAR1	0.01049	0.0015	0.00143
MYT1	0.00026	0.00062	0
PCMTD2	0.07104	0.17481	0.14227
LINC00266-1	5e-04	0.00032	0
CTD-3113P16.11	0.00565	0.00682	0.006
PLPP2	0.01027	0.47952	0.20939
MIER2	0.03248	0.03247	0.0327
C2CD4C	0.00061	0.00062	0.00095
SHC2	0.00742	0.11901	0.15601
MADCAM1	0.0022	0.00314	0.01297
AC005775.2	0.00036	0.00136	0.00027
TPGS1	0.15521	0.13064	0.14521
CDC34	0.11812	0.14673	0.0991
GZMM	0.19844	0.02275	0.02436
AC009005.2	0.00577	0.00973	0.00614
BSG	0.47712	0.62474	0.49619
HCN2	0.005	9e-04	0.00102
POLRMT	0.04394	0.06229	0.04582
FGF22	0.00755	0.00117	0.00256
RNF126	0.16037	0.13379	0.09586
AC004156.3	0.00051	0.00039	0.00123
FSTL3	0.01377	0.04092	0.04213
PRSS57	0.00051	0.00036	0
PALM	0.00183	0.01089	0.03426
MISP	0.0046	0.24469	0.12893
AC006273.4	0.00029	0.00685	0.00113
AC006273.5	3e-05	0.00597	0.00512
PTBP1	0.31413	0.32491	0.25606
AZU1	0.00383	0.00043	0.00015
CFD	0.2796	0.10997	0.0614
MED16	0.09051	0.0952	0.07991
R3HDM4	0.14729	0.14636	0.10481
KISS1R	0.00619	0.01049	0.00468
ARID3A	0.10311	0.11331	0.06728
WDR18	0.125	0.15153	0.0808
LLNLR-284B4.2	0.001	0.00011	0.00042
GRIN3B	0.0021	5e-05	0.00131
TMEM259	0.26941	0.25435	0.31207
CNN2	0.36466	0.13301	0.13204
ABCA7	0.04214	0.08823	0.0453
HMHA1	0.21758	0.06549	0.0462
POLR2E	0.31296	0.2667	0.1769
GPX4	1.29896	1.2056	0.75458
SBNO2	0.09247	0.07194	0.11023
STK11	0.10092	0.08808	0.09168
CBARP	0.00873	0.00503	0.00957
ATP5D	0.9288	0.93576	0.63252
MIDN	0.44533	0.36137	0.36917
CIRBP	0.81252	0.47403	0.55327
CIRBP-AS1	0.00153	0.00136	0.00159
C19orf24	0.35515	0.28213	0.17138
MUM1	0.107	0.12313	0.16634
EFNA2	0	0.00066	0
NDUFS7	0.43598	0.41997	0.26251
AC005329.7	0.00047	4e-04	0.00226
GAMT	0.10572	0.42097	0.1544
DAZAP1	0.17158	0.18337	0.13122
RPS15	3.1126	2.53129	2.03988
CTB-25B13.5	0.01121	0.00314	0.00692
APC2	0.00071	0.00026	0
CTB-25B13.12	0.00223	0.00551	0.00396
C19orf25	0.15352	0.125	0.11959
PCSK4	0.00401	0.01138	0.01172
REEP6	0.00953	0.10306	0.03759
ADAMTSL5	0.00189	0.01169	0.00453
CTB-25B13.9	0.00011	0.00029	0.00089
MEX3D	0.02648	0.02881	0.03796
MBD3	0.08672	0.06592	0.09022
UQCR11	1.10816	1.15695	0.68695
TCF3	0.07357	0.05322	0.05144
AC005256.1	0.00056	0.01291	0.00781
ONECUT3	0.00231	0.12473	0.05988
ATP8B3	0.01708	0.00628	0.00667
REXO1	0.06787	0.04207	0.05775
CTB-31O20.3	0.00088	0.00057	0.00014
KLF16	0.07635	0.06071	0.04551
CTB-31O20.2	0.02789	0.01254	0.0123
ABHD17A	0.43157	0.16013	0.20159
SCAMP4	0.114	0.12029	0.11812
ADAT3	0.00414	0.00432	0.00408
CSNK1G2	0.19088	0.10155	0.13337
BTBD2	0.05739	0.08078	0.06304
MKNK2	0.28275	0.11071	0.13528
MOB3A	0.18479	0.0338	0.04184
IZUMO4	0.02339	0.00614	0.00728
AP3D1	0.15253	0.15176	0.12014
DOT1L	0.05454	0.03909	0.04292
PLEKHJ1	0.18687	0.18303	0.11145
SF3A2	0.09792	0.08514	0.06246
AMH	0.00059	0.0058	0.00328
JSRP1	0.0054	0.00131	0.00082
OAZ1	2.20631	1.26014	0.91734
C19orf35	0.00273	9e-05	0.00082
LINGO3	0.00157	0.00016	0
LSM7	0.53064	0.65528	0.37553
SPPL2B	0.05549	0.11813	0.12958
TMPRSS9	0.00086	0.00641	0.00474
TIMM13	0.34402	0.69272	0.2952
LMNB2	0.05476	0.0408	0.02612
GADD45B	1.0603	0.29404	0.49585
GNG7	0.03051	0.01666	0.02063
CTC-265F19.3	0.00065	0	0
DIRAS1	0.00166	0.00021	0.00249
SLC39A3	0.09611	0.07726	0.06044
SGTA	0.12259	0.07598	0.07831
THOP1	0.04923	0.06467	0.03698
ZNF554	0.00418	0.00705	0.0047
ZNF555	0.0145	0.01265	0.01234
ZNF556	0.00037	0.00088	0.00021
ZNF57	0.00622	0.00967	0.00593
AC006277.2	0.00035	0.00017	0.00036
ZNF77	0.00785	0.0078	0.00814
TLE6	0.00345	0.013	0.00481
TLE2	0.00543	0.03804	0.04303
AES	0.68389	0.40017	0.49103
AC005944.2	0.00067	0.00093	0.00087
GNA11	0.02011	0.09246	0.08423
GNA15	0.21564	0.03719	0.03611
AC005264.2	0.00426	0.00032	0.00086
S1PR4	0.12399	0.01066	0.01377
NCLN	0.07692	0.14614	0.09454
CELF5	0.00041	0.01621	0.0108
NFIC	0.20006	0.17899	0.22069
SMIM24	0.00316	0.14314	0.06849
DOHH	0.05902	0.05117	0.03771
FZR1	0.07031	0.05518	0.05652
MFSD12	0.23105	0.05794	0.07377
C19orf71	0.00031	7e-04	0.00291
HMG20B	0.14886	0.10859	0.11597
GIPC3	0.00456	0.00035	0.01285
TBXA2R	8e-04	0.00045	0.01126
CACTIN	0.02202	0.02162	0.02747
PIP5K1C	0.06763	0.03347	0.046
TJP3	0.00525	0.12067	0.06636
APBA3	0.04461	0.02957	0.01843
MRPL54	0.49419	0.32923	0.20306
MATK	0.2009	0.00738	0.0277
ZFR2	0.00061	0.00051	0
DAPK3	0.05593	0.05671	0.0841
EEF2	1.0676	1.06663	0.79525
PIAS4	0.05072	0.05207	0.04348
ZBTB7A	0.26494	0.22711	0.22842
MAP2K2	0.37342	0.59231	0.34325
CREB3L3	0.00349	0.03428	0.01213
SIRT6	0.05222	0.08339	0.05903
ANKRD24	0.00244	0.00133	0.00236
EBI3	0.13168	0.02004	0.02018
CCDC94	0.06039	0.07372	0.0394
SHD	0.00143	0.0522	0.01258
TMIGD2	0.03695	0.00094	0.00444
FSD1	0.00659	0.0021	0.00268
STAP2	0.00978	0.21736	0.06058
MPND	0.07081	0.08876	0.042
AC007292.3	0.00317	0.00144	0.00202
SH3GL1	0.11583	0.11527	0.10511
AC007292.6	0.00105	0.00263	0.00365
CHAF1A	0.03239	0.05621	0.03132
UBXN6	0.13177	0.18327	0.13508
CTB-50L17.9	0.00024	0.00064	0.00025
CTB-50L17.16	0.00111	0.0014	0.0104
CTB-50L17.10	0.09271	0.1414	0.0956
PLIN4	0.00275	0.02468	0.02384
PLIN5	0.00649	0.1288	0.11832
CTB-50L17.14	0.00122	0.04119	0.03479
LRG1	0.04979	0.78947	0.3335
SEMA6B	0.01646	0.0117	0.03926
TNFAIP8L1	0.04434	0.1013	0.08457
MYDGF	0.41531	0.99942	0.47091
AC005339.2	0.00045	0.00035	0.00016
DPP9	0.09539	0.14676	0.10591
DPP9-AS1	0.00045	0.00092	0.00144
MIR7-3HG	0.00061	0.02048	0.00573
AC005523.3	0.00065	0.00105	0.00032
FEM1A	0.0409	0.06738	0.03917
AC005523.2	0.01895	0.01533	0.01275
TICAM1	0.05675	0.06778	0.03919
CTC-518P12.6	0.00149	0.00127	0.00158
PLIN3	0.18358	0.27874	0.13786
ARRDC5	0.00656	0.00042	0.00118
UHRF1	0.03207	0.02314	0.01166
KDM4B	0.07739	0.07036	0.06128
PTPRS	0.00457	0.18459	0.11149
CTC-482H14.5	5e-04	0.00038	0.00029
LLNLR-304G9.1	0.00016	0.00269	0.00066
TINCR	0.00117	0.00068	0.00173
SAFB2	0.18756	0.11085	0.14702
SAFB	0.15964	0.17973	0.1248
RPL36	2.97557	3.33476	2.41527
C19orf70	0.50849	0.80392	0.41397
HSD11B1L	0.01148	0.06995	0.03212
LONP1	0.11089	0.22167	0.12405
PRR22	0.00453	0.0131	0.01072
DUS3L	0.03191	0.07112	0.03529
NRTN	0.00204	0.04736	0.0163
FUT6	0.00105	0.05514	0.05649
FUT3	0.00068	0.06463	0.03298
FUT5	6e-05	4e-04	0.00022
AC024592.12	0.00023	0.00111	0
NDUFA11	0.72175	1.3635	0.65381
VMAC	0.02823	0.03434	0.0166
AC104532.4	0.01313	0.00541	0.00815
CAPS	0.02018	0.12308	0.07141
RANBP3	0.06375	0.06628	0.05752
RFX2	0.02248	0.02848	0.03181
CTC-232P5.3	0.00336	7e-04	0.00344
ACSBG2	2e-04	0.00022	0.00025
MLLT1	0.04178	0.06905	0.04986
CTC-503J8.4	0.00297	0.00249	0.00338
CLPP	0.21628	0.38226	0.14333
ALKBH7	0.34419	0.79338	0.3443
PSPN	0.00469	0.0047	0.00404
GTF2F1	0.19457	0.16787	0.13659
KHSRP	0.16605	0.23401	0.16368
SLC25A41	9e-05	0.00158	0.00307
SLC25A23	0.01071	0.14697	0.05597
CRB3	0.00586	0.29678	0.07092
DENND1C	0.0677	0.01064	0.00764
CTD-2396E7.11	0.00143	0.05525	0.0255
TUBB4A	0.0027	0.02701	0.00626
TNFSF9	0.22115	0.05213	0.06598
CD70	0.06167	0.00293	0.0091
TNFSF14	0.14032	0.00873	0.01843
C3	0.08021	0.78955	0.585
GPR108	0.16502	0.3078	0.17583
TRIP10	0.04778	0.11861	0.08824
CTD-3128G10.6	0.00017	0.00089	0.00122
SH2D3A	0.04215	0.15273	0.10088
VAV1	0.14602	0.01606	0.0204
ADGRE1	0.01397	0.00052	0.00117
ZNF557	0.03349	0.04432	0.03435
INSR	0.03998	0.33012	0.34692
CTB-133G6.1	0.00134	7e-05	0.00041
CTB-133G6.2	0.00024	0.00079	0.00208
ARHGEF18	0.00134	0.00082	0.00111
PEX11G	0.01737	0.02963	0.01316
C19orf45	0.00017	0.00311	0.00377
ZNF358	0.08569	0.17143	0.12098
MCOLN1	0.30234	0.10092	0.10551
PNPLA6	0.09406	0.06158	0.06356
CAMSAP3	0.00239	0.07442	0.03665
XAB2	0.0628	0.08952	0.07455
PET100	0.57636	0.82416	0.48428
PCP2	0.00177	0.00288	0.00331
STXBP2	0.27405	0.20133	0.12523
RETN	0.03429	0.00104	0.00283
MCEMP1	0.01976	0.00091	0.00184
TRAPPC5	0.02708	0.03203	0.02059
FCER2	0.01281	0.00077	0.00184
CLEC4G	0.02321	0.00103	0.00286
CD209	0.20269	0.00846	0.02664
EVI5L	0.01548	0.02377	0.0288
PRR36	0.00143	0.02904	0.01391
LRRC8E	0.00054	0.02144	0.00675
CTD-3193O13.12	0.00123	0.00526	0.00709
MAP2K7	0.09178	0.12216	0.12295
TGFBR3L	0.00643	0.00406	0.00433
SNAPC2	0.07309	0.04839	0.05258
CTXN1	0.00028	0.008	0.00919
TIMM44	0.07276	0.17089	0.09537
ELAVL1	0.23374	0.3042	0.17618
CTD-2325M2.1	0.00149	0.00399	0.00048
CCL25	5e-05	0.00371	0.00154
FBN3	0.00139	0.01491	0.01288
CERS4	0.03597	0.13423	0.05216
CD320	0.06661	0.32088	0.18073
NDUFA7	0.1162	0.39195	0.13685
RPS28	3.32277	3.35041	2.50684
KANK3	0.00593	0.00101	0.04769
ANGPTL4	0.04563	0.04886	0.08091
RAB11B-AS1	0.01997	0.08491	0.03643
RAB11B	0.18897	0.23848	0.208
MARCH2	0.15082	0.11288	0.08741
HNRNPM	0.49805	0.58019	0.38264
PRAM1	0.03044	0.00203	0.00408
ZNF414	0.03344	0.08333	0.04649
MYO1F	0.26572	0.02703	0.03791
ADAMTS10	0.00629	0.01754	0.0382
ZNF558	0.01579	0.03279	0.04212
MUC16	0.00019	0.00025	0.00087
ZNF317	0.04992	0.04329	0.03064
CTC-325H20.4	0.00254	0.00053	0.00138
ZNF699	0.01767	0.00805	0.01081
ZNF559	0.03622	0.0282	0.03692
ZNF559-ZNF177	4e-04	0.00074	0.00014
ZNF266	0.04198	0.02961	0.03346
ZNF560	0.00084	0.02163	0.00593
ZNF426	0.04523	0.00441	0.02554
CTC-543D15.8	0.00141	0.00017	0.00086
ZNF121	0.06467	0.1092	0.10128
ZNF561	0.06197	0.06468	0.04532
ZNF562	0.09239	0.09744	0.08538
ZNF812P	0.00256	0.00024	5e-04
CTD-3116E22.8	0.00285	1e-04	6e-04
ZNF846	0.02318	0.02496	0.02167
CTD-2623N2.5	4e-05	0.00126	0.00069
FBXL12	0.04787	0.09606	0.0619
UBL5	1.25871	1.64636	0.89427
CTD-2623N2.11	0.00032	0.00031	0.00049
PIN1	0.27949	0.35657	0.18981
OLFM2	0.01577	0.27471	0.08293
COL5A3	0.00334	0.03254	0.09932
C19orf66	0.17953	0.52889	0.34165
CTD-2240E14.4	0.00025	0.00023	0.00063
ANGPTL6	0.00478	0.02292	0.00792
PPAN	0.07897	0.15823	0.07771
P2RY11	0.04628	0.01274	0.01189
EIF3G	0.66117	0.84146	0.47034
DNMT1	0.31887	0.17558	0.12346
S1PR2	0.04557	0.02716	0.01418
MRPL4	0.17274	0.40498	0.16534
ICAM1	0.38835	0.49193	0.35712
CTD-2369P2.8	0.00307	0.00097	0.00403
ICAM4	0.02117	0.00405	0.01355
ICAM5	0.01255	0.00258	0.00201
ZGLP1	0.0569	0.0118	0.01562
CTD-2369P2.10	0.00502	0.01401	0.01456
FDX1L	0.05956	0.10425	0.05151
RAVER1	0.01589	0.01141	0.00744
AC114271.2	0.00221	0.0047	0.00414
ICAM3	0.25136	0.18215	0.06933
TYK2	0.08709	0.09339	0.06505
CDC37	0.47608	0.43866	0.42541
PDE4A	0.10596	0.08034	0.0643
KEAP1	0.06003	0.17691	0.07644
S1PR5	0.01027	0.00059	0.00729
ATG4D	0.04112	0.06458	0.0489
KRI1	0.05275	0.11592	0.10176
CDKN2D	0.12599	0.04428	0.05409
AP1M2	0.02382	0.71407	0.17183
SLC44A2	0.07249	0.23947	0.20032
ILF3-AS1	0.17651	0.21051	0.20822
ILF3	0.2717	0.41792	0.31633
QTRT1	0.06131	0.21618	0.14902
DNM2	0.18646	0.19688	0.19131
TMED1	0.07443	0.35231	0.15697
C19orf38	0.06602	0.00425	0.00938
CARM1	0.07413	0.11283	0.07998
YIPF2	0.08025	0.31556	0.15111
C19orf52	0.05927	0.09516	0.05105
SMARCA4	0.11774	0.22384	0.14103
LDLR	0.08713	0.48558	0.3181
SPC24	0.01653	0.02739	0.0125
KANK2	0.01437	0.06333	0.13547
DOCK6	0.00675	0.07827	0.13422
CTC-510F12.7	0.00017	0.00118	0.00044
ANGPTL8	0.09335	1.14225	0.45482
RAB3D	0.02153	0.12217	0.04381
TMEM205	0.17085	0.89325	0.39459
CCDC159	0.07043	0.07133	0.06122
PLPPR2	0.01094	0.05433	0.04662
CTD-2342J14.6	0.00052	0.00081	0.00032
SWSAP1	0.02447	0.05017	0.02742
EPOR	0.03824	0.03824	0.04387
RGL3	0.00824	0.05667	0.07145
CCDC151	0.05535	0.01072	0.01931
PRKCSH	0.24223	0.41721	0.32794
ELAVL3	0.00011	0.00024	0.00195
ZNF653	0.01058	0.01662	0.01462
ECSIT	0.06224	0.19023	0.07911
CNN1	0.00028	0.00014	0.04052
ELOF1	0.15843	0.1856	0.11372
ZNF627	0.01693	0.02425	0.0126
ACP5	0.46635	0.09324	0.07409
CTC-499B15.5	0.00045	0.00136	0.00124
ZNF823	0.01149	0.02107	0.00931
ZNF441	0.01721	0.01145	0.01648
ZNF491	0.00089	1e-04	0
ZNF440	0.01567	0.01613	0.02632
ZNF439	0.01737	0.00109	0.01316
ZNF69	0.00608	0.03348	0.02434
ZNF700	0.03344	0.0342	0.03209
ZNF763	0.00425	0.00143	0.00225
ZNF433	0.00675	0.00509	0.00541
ZNF878	0.00046	3e-05	0.00045
ZNF844	0.04926	0.00225	0.01385
ZNF788	0.00881	0.00049	0.00616
ZNF20	0.00304	0.00314	0.00411
ZNF625	0.0046	0.00022	0.00525
ZNF136	0.0509	0.02071	0.03275
CTD-2666L21.1	0.00045	0.00052	0.00067
ZNF44	0.05881	0.07984	0.07019
ZNF563	0.01373	0.0458	0.02398
ZNF442	0.00778	0.00616	0.00648
CTD-3105H18.14	0.00254	0.00181	0.00307
ZNF799	0.01998	0.02282	0.02034
ZNF443	0.0133	0.02109	0.01256
ZNF709	0.00264	0.00143	0.00075
ZNF564	0.00846	0.01446	0.01416
CTD-2192J16.20	0.00066	0.00046	0
ZNF490	0.00917	0.00703	0.00774
ZNF791	0.12898	0.15694	0.15783
CTD-2192J16.22	0.00455	0.0016	0.00149
MAN2B1	0.0325	0.01603	0.01466
WDR83	0.04381	0.0861	0.04257
WDR83OS	0.71148	1.25111	0.65119
DHPS	0.13592	0.3024	0.14192
CTD-2192J16.26	2e-04	0.00114	0.00226
FBXW9	0.01244	0.0745	0.03263
TNPO2	0.04476	0.09425	0.08437
C19orf43	0.8352	1.05922	0.63087
ASNA1	0.22203	0.3822	0.15498
HOOK2	0.06023	0.33815	0.28695
CTD-2659N19.9	0.00143	0.00015	0.00015
JUNB	1.85666	0.99483	1.23555
PRDX2	0.55627	1.4677	0.61878
CTD-2659N19.10	0.00063	0.00146	0
RNASEH2A	0.08678	0.22549	0.08025
RTBDN	5e-05	0.00265	0
CTD-2265O21.3	3e-05	0.00274	0.00012
MAST1	0.00114	0.0071	0.00396
DNASE2	0.12781	0.36165	0.17971
KLF1	0.0014	0.00022	0
GCDH	0.05978	0.13474	0.06031
SYCE2	0.00318	0.00293	0.00086
FARSA	0.1175	0.31569	0.1116
CALR	1.18364	1.94721	1.3598
CTC-425F1.4	0.00629	0.01482	0.00895
RAD23A	0.43852	0.64691	0.33289
GADD45GIP1	0.55337	1.15363	0.54498
DAND5	0.00015	0.00324	0.00358
NFIX	0.00677	0.14065	0.11297
LYL1	0.15064	0.01263	0.03938
TRMT1	0.13062	0.15799	0.11441
NACC1	0.04907	0.10762	0.05563
STX10	0.16549	0.2509	0.16017
IER2	1.37011	0.81906	0.99477
CTC-250I14.6	0.01116	0.00287	0.00647
CACNA1A	0.0058	0.01115	0.02274
CCDC130	0.12446	0.13675	0.14068
MRI1	0.04533	0.0981	0.09384
CTB-5E10.3	0.00147	0.00152	0.00376
C19orf53	0.70569	1.22136	0.59534
ZSWIM4	0.02802	0.03611	0.03408
CTD-3252C9.4	0.34132	0.16039	0.26158
NANOS3	0.0018	0.00207	0.00167
C19orf57	0.00164	0.00587	0.00478
CC2D1A	0.04973	0.10965	0.10539
PODNL1	0.00221	0.00224	0.00392
DCAF15	0.06111	0.0755	0.04856
RFX1	0.13085	0.09265	0.08643
CTB-55O6.13	0.00376	0.00079	0.00125
CTB-55O6.4	0.00115	3e-05	0.00027
IL27RA	0.13262	0.06393	0.04239
PALM3	0.00171	0.05724	0.03764
CTB-55O6.8	0.01165	0.04749	0.02521
C19orf67	0	0.00095	0.00033
SAMD1	0.19002	0.14951	0.1212
PRKACA	0.16116	0.11385	0.10182
CTB-55O6.10	0.00135	0.00081	0.00017
ASF1B	0.03673	0.03421	0.01449
CTB-55O6.12	0.0201	0.01754	0.01582
ADGRL1	0.0072	0.01618	0.01702
CTC-548K16.1	0.00117	0.00383	0.00631
ADGRE5	0.49969	0.2519	0.19056
DDX39A	0.23757	0.31393	0.14387
PKN1	0.25901	0.30626	0.20279
PTGER1	0.00039	0.00803	0.00541
GIPC1	0.11101	0.33559	0.18562
DNAJB1	2.18413	0.86351	1.0628
TECR	0.4358	0.94004	0.46473
NDUFB7	0.68904	1.5558	0.77899
CLEC17A	0.00113	0.00018	0.00019
ADGRE3	0.0095	0.00057	0.00038
ZNF333	0.03544	0.03327	0.04059
ADGRE2	0.14266	0.00893	0.0254
OR7A5	0	0.00054	0
OR7C1	1e-04	0.00487	0.00204
SYDE1	0.00044	0.00595	0.02321
ILVBL	0.05975	0.29603	0.13143
AC003956.1	0.00065	3e-04	0.00176
NOTCH3	0.00415	0.0604	0.27617
EPHX3	0.00215	0.05458	0.02208
BRD4	0.36401	0.43442	0.29633
LLNLR-246C6.1	0.00099	0.00057	0.00123
AKAP8	0.07283	0.10401	0.07814
AKAP8L	0.14369	0.18188	0.20822
WIZ	0.03385	0.10956	0.06913
RASAL3	0.16576	0.00951	0.02021
PGLYRP2	0.01537	0.06206	0.02479
CYP4F22	0.00318	0.00952	0.00351
CYP4F3	0.00901	0.26781	0.19651
CYP4F12	0.00227	0.06202	0.04519
AC004510.3	0.00051	0.00078	0.00151
AC004791.2	0.00099	0	0
CYP4F2	0.00029	0.01008	0.00304
CYP4F11	0.0026	0.09035	0.03707
TPM4	0.92592	0.54368	0.66258
RAB8A	0.32889	0.25752	0.14032
CTD-2231E14.8	0.00087	0.00019	0
HSH2D	0.03319	0.04029	0.03634
FAM32A	0.19858	0.32389	0.16152
CTD-2562J15.4	0.00151	0.00022	0.00062
AP1M1	0.11937	0.16259	0.08785
CTD-2562J15.6	0.02004	0.00559	0.03711
KLF2	1.06509	0.3969	0.63603
CTD-2013N17.7	0.00087	0.00049	0.00173
EPS15L1	0.05545	0.08082	0.07567
C19orf44	0.00401	0.02786	0.02673
CHERP	0.07863	0.12237	0.10017
CTD-3222D19.12	0.00547	0.00486	0.00614
SLC35E1	0.17304	0.1895	0.13218
CTD-3222D19.11	5e-04	0.00026	0.00033
CTD-3222D19.8	0.01855	0.01421	0.0195
MED26	0.04855	0.03161	0.02728
SMIM7	0.26613	0.63245	0.3046
TMEM38A	0.0024	0.08141	0.02669
NWD1	6e-05	0.00469	0.00571
SIN3B	0.07367	0.10215	0.09912
F2RL3	0.00178	0.00062	0.05579
CPAMD8	0.00421	0.01966	0.0197
HAUS8	0.03769	0.03784	0.02611
MYO9B	0.33619	0.10555	0.14398
CTD-3032J10.2	0.00106	0.00056	0.00148
USE1	0.14916	0.39857	0.18446
OCEL1	0.08899	0.32625	0.126
NR2F6	0.02713	0.47707	0.206
USHBP1	5e-04	0.0305	0.02047
BABAM1	0.16687	0.32001	0.14764
ANKLE1	0.00234	0.00289	0.00268
ABHD8	0.04742	0.08593	0.03791
MRPL34	0.22575	0.51173	0.19993
DDA1	0.13625	0.20548	0.12404
ANO8	0.01614	0.02635	0.03556
GTPBP3	0.03659	0.12452	0.07138
PLVAP	0.01018	0.00156	0.16343
CTD-2521M24.5	0.00811	0.00099	0.00291
BST2	0.69728	0.90015	0.56832
BISPR	0.04551	0.05414	0.03812
MVB12A	0.13753	0.36467	0.18394
CTD-2521M24.6	0.00171	0.0016	0.00027
CTD-2521M24.8	0.00115	6e-05	0.00125
SLC27A1	0.05596	0.06093	0.05184
CTD-3131K8.2	0.01426	0.03801	0.02689
PGLS	0.5325	0.97158	0.43603
FAM129C	0.00678	0.00089	0.00225
COLGALT1	0.22501	0.19606	0.17419
UNC13A	0.00081	0.00902	0.00675
MAP1S	0.10605	0.11318	0.07147
FCHO1	0.03796	0.04008	0.02365
B3GNT3	0.0021	0.15409	0.05719
INSL3	0.00373	0.00146	0.00075
JAK3	0.11335	0.02865	0.05095
RPL18A	3.02887	3.43956	2.44991
SLC5A5	0.00085	0.00922	0.00203
CCDC124	0.23039	0.49178	0.22263
KCNN1	0.00181	0.00437	0.00142
ARRDC2	0.15252	0.10226	0.09126
IL12RB1	0.07154	0.00336	0.00801
MAST3	0.04079	0.04164	0.03053
PIK3R2	0.00938	0.05412	0.02946
IFI30	0.24661	0.03887	0.05025
MPV17L2	0.03702	0.08153	0.03433
RAB3A	0.01234	0.01109	0.00563
AC068499.10	3e-04	0.00128	0.00204
PDE4C	0.00728	0.23534	0.13533
KIAA1683	0.01005	0.00449	0.0076
JUND	2.80155	1.41307	1.61207
LSM4	0.41784	0.79304	0.31283
PGPEP1	0.08405	0.17092	0.1237
GDF15	0.13309	0.88689	0.46429
LRRC25	0.27233	0.01056	0.03069
SSBP4	0.23941	0.24898	0.20222
ISYNA1	0.04044	0.22497	0.15987
ELL	0.12431	0.06525	0.06274
FKBP8	0.54481	0.66897	0.38372
KXD1	0.18896	0.34036	0.17868
AC005253.2	0.0152	0.01061	0.01495
UBA52	2.82067	2.79806	1.90527
CRLF1	0.00277	0.04687	0.01671
C19orf60	0.55634	0.7384	0.37875
TMEM59L	0.00039	0.00741	0.006
KLHL26	0.01129	0.0175	0.00956
CRTC1	0.02652	0.06377	0.06057
COMP	0.00034	0.00507	0.00341
UPF1	0.12323	0.17838	0.12805
CERS1	0.00156	0.01746	0.00664
COPE	0.74867	1.07008	0.52313
DDX49	0.09903	0.2337	0.10335
HOMER3	0.18058	0.12631	0.09871
AC005932.1	0.00236	0.00013	6e-04
SUGP2	0.1318	0.25964	0.27001
ARMC6	0.04163	0.12906	0.05828
SLC25A42	0.0188	0.10865	0.07242
TMEM161A	0.04671	0.32793	0.15962
BORCS8-MEF2B	0.0011	0.00256	0.00075
BORCS8	0.0805	0.17694	0.08515
RFXANK	0.16283	0.29445	0.16032
NR2C2AP	0.04387	0.1643	0.05692
HAPLN4	0.00026	0.00098	0.00016
TM6SF2	0.00079	0.01599	0.00755
SUGP1	0.04134	0.07291	0.03899
MAU2	0.06304	0.10578	0.08344
GATAD2A	0.16335	0.19138	0.14033
TSSK6	0.00076	0.00045	0.00026
NDUFA13	0.88778	1.63148	0.83733
YJEFN3	0.011	0.01707	0.02391
CILP2	0.00046	0.03665	0.02431
PBX4	0.06747	0.00664	0.0111
AC002306.1	0.01067	0.00068	0.00214
LPAR2	0.03866	0.0705	0.03604
GMIP	0.1163	0.038	0.02639
ATP13A1	0.06911	0.13659	0.09158
ZNF101	0.06467	0.02558	0.0253
ZNF14	0.0219	0.0187	0.0143
CTC-559E9.1	0.00494	0.0166	0.01989
ZNF506	0.10213	0.03176	0.05971
ZNF253	0.01528	0.03744	0.02958
ZNF93	0.02871	0.04164	0.02099
ZNF682	0.01595	0.05563	0.03935
ZNF90	0.00842	0.00629	0.00694
CTC-260E6.6	0.00441	0.0203	0.01491
ZNF486	0.00541	3e-05	0.00662
ZNF737	0.01147	0.00767	0.00906
ZNF626	0.04108	0.07851	0.05591
ZNF66	0.01272	0.01018	0.01575
ZNF85	0.0177	0.00038	0.00742
ZNF430	0.14425	0.04976	0.05513
ZNF714	0.03008	0.01995	0.03017
ZNF431	0.0906	0.04977	0.07268
ZNF708	0.0474	0.05624	0.07575
ZNF738	0.02693	0.00157	0.02153
ZNF493	0.06504	0.05766	0.0786
LINC00664	0.00132	0.00082	0.00123
ZNF429	0.01439	0.03396	0.03126
ZNF100	0.04675	0.01534	0.02178
ZNF43	0.03507	0.00577	0.03407
ZNF208	0.00524	0.00022	0.00871
ZNF257	0.00732	0.00084	0.00248
ZNF676	0.00043	0.0113	0.00452
ZNF98	1e-04	0.01795	0.01653
AC025811.3	6e-05	0.00195	0.00075
ZNF492	0.00122	0.00868	0.00769
ZNF728	4e-05	0.00469	0.00419
CTD-2291D10.4	0	6e-04	0.00085
ZNF730	0.00098	0.00457	0.00622
ZNF724P	0.01012	0.01849	0.01357
RP11-15H20.7	4e-04	0.00168	0.00235
ZNF91	0.09332	0.2217	0.18947
ZNF675	0.05218	0.01501	0.02042
ZNF681	0.00666	0.00052	0.00223
ZNF726	0.00807	0.0099	0.01157
CTB-92J24.3	0	0.00071	0
ZNF254	0.03707	0.02716	0.04801
CTD-2017D11.1	0.02016	0.02897	0.03623
CTD-2027I19.3	0.00024	0.00073	0.00012
LINC00662	0.04131	0.05975	0.06039
CTC-459F4.1	0.00173	0.00318	0.00305
CTC-459F4.3	0.01011	0.0163	0.01272
AC079466.1	0	0.00483	0.00453
LINC00906	7e-05	0.0017	0.00072
UQCRFS1	0.38834	0.71358	0.27126
CTB-32O4.2	0.00033	0.00157	0
POP4	0.13805	0.21627	0.08819
PLEKHF1	0.05251	0.01324	0.0182
C19orf12	0.06195	0.12426	0.06199
CCNE1	0.01281	0.02213	0.01111
URI1	0.21136	0.42	0.20686
TSHZ3	0.0438	0.00132	0.02556
ZNF507	0.0208	0.08077	0.0724
AC007773.2	0.00249	0.00855	0.00268
DPY19L3	0.02799	0.07695	0.06921
PDCD5	0.27775	0.71023	0.31155
ANKRD27	0.043	0.05639	0.03129
RGS9BP	0.00068	0.00061	0.00126
CTD-2538C1.2	0.00499	0.00418	0.00145
NUDT19	0.05549	0.06524	0.02961
TDRD12	0.00032	0.00053	0
SLC7A9	0.00382	0.12854	0.03241
CEP89	0.04391	0.0622	0.05669
FAAP24	0.01483	0.01698	0.00633
RHPN2	0.00668	0.13712	0.04811
GPATCH1	0.0308	0.05196	0.03461
LRP3	0.02705	0.07538	0.05132
SLC7A10	0.00058	0.00308	0.00191
CEBPA	0.18644	0.16732	0.07189
CEBPA-AS1	0.00582	0.01152	0.00564
CTD-2540B15.9	0.00065	0.0012	0.00057
CEBPG	0.14659	0.30598	0.1453
PEPD	0.20972	0.18377	0.09062
KCTD15	0.0066	0.06432	0.04197
CTC-526N19.1	0.00013	0.0048	0.00197
LSM14A	0.25043	0.30364	0.19312
KIAA0355	0.08565	0.07732	0.14352
GPI	0.32478	0.30767	0.19335
PDCD2L	0.02028	0.10003	0.02636
CTD-2588C8.8	3e-04	0.00053	0.00033
UBA2	0.20684	0.34727	0.22779
WTIP	0.00108	0.01316	0.04577
SCGB1B2P	0.00054	0.00106	0.0023
ZNF302	0.0516	0.11282	0.08851
CTD-2553L13.10	0.00808	0.01467	0.01337
ZNF181	0.02266	0.04912	0.02671
ZNF599	0.00986	0.03772	0.02785
CTC-523E23.4	0.00029	0.00028	0.00123
CTC-523E23.1	0.00061	0.00117	0.0011
CTC-523E23.11	0.0012	0.00405	0.00108
ZNF30-AS1	6e-05	0.00076	0.00115
ZNF30	0.00576	0.01393	0.00942
ZNF792	0.00849	0.0177	0.00896
GRAMD1A	0.12832	0.15559	0.15984
CTD-2527I21.7	0.00174	0.00058	0.00207
SCN1B	0.08231	0.02411	0.03037
HPN	0.01363	0.25634	0.12639
CTD-2527I21.15	0.00018	0.00831	0.00345
FXYD3	0.02332	0.70002	0.24106
LGI4	0.00564	0.10851	0.07622
FXYD1	0.06968	0.77658	0.26855
FXYD7	0.02187	0.0015	0.00531
FXYD5	1.00007	0.38051	0.34924
LSR	0.05418	0.69436	0.3589
USF2	0.38879	0.23319	0.20508
HAMP	0.04352	0.03298	0.01191
MAG	0.00019	0.00248	0.00032
CD22	0.01857	0.00257	0.00109
FFAR1	0.00086	2e-04	2e-04
FFAR3	0.01091	0.00086	0.003
GPR42	0.01277	0.00083	0.0048
FFAR2	0.01022	0.00198	0.00516
KRTDAP	0.00022	0.00711	0.00164
DMKN	0.05151	1.01777	0.31763
GAPDHS	0.00035	0.00087	0.00046
TMEM147-AS1	0.00538	0.02702	0.02266
TMEM147	0.29425	0.71314	0.32806
HAUS5	0.02489	0.04835	0.04969
RBM42	0.1833	0.34313	0.19059
ETV2	0.00906	0.03168	0.01512
COX6B1	1.37815	1.95925	1.0477
UPK1A	0.00132	0.05889	0.01249
UPK1A-AS1	0.00078	0.04632	0.01247
ZBTB32	0.01991	0.00099	0.00129
KMT2B	0.11465	0.10989	0.11894
IGFLR1	0.08214	0.01463	0.01051
AD000671.6	0.00074	4e-05	0
U2AF1L4	0.08751	0.0651	0.05038
PSENEN	0.18776	0.31242	0.14593
AC002398.11	0.00029	0.00107	0
LIN37	0.00512	0.00526	0.00492
HSPB6	0.00015	0.00097	0.04086
PROSER3	0.01613	0.02563	0.035
ARHGAP33	0.01467	0.01758	0.02207
LINC01529	0.00019	0.00158	0.00036
PRODH2	0.01896	0.36484	0.13061
KIRREL2	5e-05	4e-04	0
APLP1	0.00239	0.013	0.00318
NFKBID	0.33006	0.03627	0.07141
HCST	1.61019	0.08783	0.18722
TYROBP	1.74101	0.17518	0.27745
LRFN3	0.01084	0.02156	0.01237
SDHAF1	0.06191	0.18972	0.06775
SYNE4	0.00807	0.22756	0.05378
ALKBH6	0.03024	0.06603	0.04099
AC002116.7	0.00069	0.00338	0.00146
CLIP3	0.0011	0.00983	0.01308
THAP8	0.02469	0.03919	0.01629
WDR62	0.00949	0.01919	0.01427
POLR2I	0.34775	0.92328	0.35159
TBCB	0.2879	0.42035	0.20667
CAPNS1	0.49913	0.55883	0.34127
COX7A1	0.0068	0.00184	0.19734
ZNF565	0.00921	0.01559	0.0134
ZNF146	0.09976	0.22126	0.11101
LINC00665	0.01609	0.16239	0.08472
ZFP14	0.05097	0.07782	0.07821
CTD-3162L10.3	0.00023	0.00201	0.00047
ZFP82	0.01939	0.00093	0.00835
ZNF566	0.03425	0.04905	0.0509
CTD-2630F21.1	0.0017	0.00154	0.0014
ZNF260	0.0418	0.05744	0.04696
ZNF529	0.04254	0.03187	0.03277
ZNF529-AS1	0.00799	0.01606	0.00628
ZNF382	0.01209	0.00201	0.0031
ZNF461	0.00956	0.0057	0.00925
CTD-3234P18.6	0.00069	0.00057	0.00154
LINC01534	0.01052	0.01637	0.01178
ZNF567	0.05078	0.04205	0.04304
ZNF850	0.00621	0.00456	0.00444
CTD-2162K18.4	0.00104	0.00035	0.00178
ZNF790-AS1	0.0053	0.00127	0.00459
ZNF790	0.02543	0.02087	0.02199
ZNF345	0.01356	0.00989	0.01443
ZNF829	0.01417	0.00102	0.00853
ZNF568	0.02003	0.00311	0.01287
ZNF420	0.03053	0.02769	0.02648
ZNF585A	0.02007	0.01533	0.02046
ZNF585B	0.01575	0.01267	0.01331
ZNF383	0.03658	0.02879	0.02497
LINC01535	0.00047	0.00048	0.00091
HKR1	0.02305	0.02412	0.02448
CTD-3220F14.3	0.00013	0.00056	0.003
ZNF527	0.01362	0.00964	0.00868
ZNF569	0.0277	0.00913	0.01454
ZNF570	0.02683	0.00723	0.01595
ZNF793-AS1	0.00224	0.00603	0.00237
ZNF793	0.00946	0.0109	0.02237
ZNF571-AS1	0.00142	0.00073	0.00016
ZNF540	0.00593	0.00335	0.00638
ZNF571	0.01898	0.01367	0.01253
ZFP30	0.01815	0.00927	0.01388
ZNF781	0.00493	0.0193	0.0169
ZNF607	0.00352	0.00385	0.00433
CTD-2528L19.6	0.00765	0.01028	0.00822
ZNF573	0.01418	0.02166	0.0223
CTD-2554C21.3	0.00013	0.00035	0.0026
SIPA1L3	0.02858	0.12231	0.07677
DPF1	0.00026	0.00203	0.00523
SPINT2	0.24311	0.87496	0.41193
PPP1R14A	0.02014	0.143	0.19994
C19orf33	0.01731	0.62151	0.31342
YIF1B	0.13977	0.14502	0.06202
KCNK6	0.14248	0.08921	0.09397
CATSPERG	0.00948	0.01411	0.01844
PSMD8	0.5648	0.91336	0.40346
GGN	0.00057	0.00254	0.00309
SPRED3	0.00129	0.00394	0.01067
FAM98C	0.07128	0.14459	0.07415
RASGRP4	0.04262	0.00208	0.00593
RYR1	0.0296	0.01892	0.00872
MAP4K1	0.06902	0.007	0.00857
CTB-186G2.1	0.00031	0.00058	0.00017
EIF3K	1.03971	1.25373	0.6722
ACTN4	0.46081	0.67747	0.58993
CAPN12	0.02233	0.16353	0.15885
CTD-2540F13.2	0.00292	0.03298	0.02799
LGALS7	6e-05	0.00522	0.00113
LGALS7B	4e-04	0.02166	0.00687
LGALS4	0.02679	0.74857	0.34225
ECH1	0.36499	0.98137	0.36997
HNRNPL	0.20229	0.24082	0.19217
RINL	0.04761	0.08526	0.03503
SIRT2	0.18098	0.09027	0.10337
NFKBIB	0.13056	0.0815	0.07068
CCER2	0.00075	0.00332	0.00372
SARS2	0.02008	0.0563	0.02983
MRPS12	0.2108	0.57696	0.1965
CTC-360G5.9	0.00021	0.00686	0.00664
FBXO17	0.00453	0.216	0.09535
FBXO27	0.00403	0.07575	0.01974
PAK4	0.02146	0.10331	0.06778
CTC-218B8.3	0.00068	0.00065	0.00031
NCCRP1	0.00069	0.00238	0.00139
IFNL1	0.00519	2e-05	0.00016
LRFN1	0.01056	0.02752	0.01328
GMFG	1.04021	0.04175	0.19736
CTC-246B18.10	0.00804	0.00477	0.00497
SAMD4B	0.14238	0.18199	0.15056
PAF1	0.10343	0.12552	0.07501
MED29	0.19207	0.20008	0.14085
ZFP36	1.5005	0.61303	0.80325
PLEKHG2	0.11478	0.04042	0.0871
RPS16	2.76548	2.80802	2.04848
SUPT5H	0.23678	0.25676	0.23683
TIMM50	0.09565	0.24289	0.10284
DLL3	0.00071	0.02514	0.00387
EID2B	0.01808	0.01473	0.02162
EID2	0.05217	0.0937	0.05535
LGALS14	0.00038	0.00482	0.00126
LLNLR-268E12.1	0.00065	0.00237	0.0023
DYRK1B	0.04103	0.06667	0.04457
FBL	0.26207	0.62473	0.27001
FCGBP	0.12693	0.03919	0.06393
PSMC4	0.27959	0.52677	0.21233
ZNF546	0.01355	0.0161	0.01647
ZNF780B	0.03472	0.0491	0.05011
ZNF780A	0.05772	0.11177	0.04484
AC005614.3	0.00175	0.00114	0.00181
MAP3K10	0.01772	0.02607	0.03537
CNTD2	0.00089	0.01898	0.00489
AKT2	0.10487	0.16287	0.15071
C19orf47	0.01806	0.02118	0.01275
PLD3	0.76557	0.41887	0.359
HIPK4	0.00022	0.00044	0.00015
PRX	0.00149	0.00765	0.00669
SERTAD1	0.34398	0.18355	0.20905
CTC-492K19.7	0	0.00075	0.00108
SERTAD3	0.0928	0.10892	0.08941
BLVRB	0.97746	1.03523	0.41984
SPTBN4	0.00671	0.00594	0.00282
SHKBP1	0.18579	0.14059	0.08851
LTBP4	0.03976	0.09573	0.14275
NUMBL	0.00845	0.02537	0.02991
ADCK4	0.0311	0.06359	0.04145
ITPKC	0.01186	0.06869	0.04728
C19orf54	0.02186	0.01725	0.01637
SNRPA	0.13955	0.26229	0.12335
MIA	0.01077	0.47482	0.13178
RAB4B	0.11304	0.07204	0.05488
CTC-490E21.14	0.00067	7e-04	0.00111
EGLN2	0.14936	0.17046	0.11857
CYP2A6	0.00014	0.00399	0.00252
CYP2A7	0.00033	0.01519	0.00994
CYP2B6	0.0091	0.24121	0.08486
CYP2F1	0.00053	0.00512	0.00104
CYP2S1	0.02878	0.04974	0.0213
AXL	0.17143	0.0139	0.08726
HNRNPUL1	0.41489	0.26822	0.20666
TGFB1	0.62295	0.30625	0.20333
CCDC97	0.06879	0.07074	0.04202
TMEM91	0.15494	0.12502	0.08023
B9D2	0.048	0.0413	0.02629
EXOSC5	0.06631	0.25189	0.07196
BCKDHA	0.01325	0.0205	0.01197
B3GNT8	0.03486	0.01022	0.00641
ATP5SL	0.06554	0.11226	0.07334
ERICH4	0.00029	4e-04	0.00697
PCAT19	0.00034	0.00015	0.0488
AC006129.1	0.00054	3e-05	0.00012
LINC01480	0.03514	0.00987	0.00505
AC006129.2	0.13383	0.0035	0.01655
CEACAM21	0.02328	0.00068	0.00238
CEACAM4	0.01562	0.00076	0.0014
CEACAM7	0.00038	0.01388	0.02367
CEACAM5	0.00335	0.17826	0.11163
CEACAM6	0.02731	0.80718	0.50903
CEACAM3	0.00432	0.00065	0.00116
RPS19	3.47706	3.57099	2.78305
CD79A	0.08149	0.00409	0.00801
ARHGEF1	0.28625	0.1477	0.16855
RABAC1	0.56185	1.03467	0.62897
ATP1A3	0.00309	0.00202	0.00177
GRIK5	0.00017	0.00025	0.00222
ZNF574	0.02137	0.03037	0.0168
POU2F2	0.2317	0.02221	0.0424
CTC-378H22.2	0.00219	0.00062	0.00225
DEDD2	0.2901	0.13765	0.08037
ZNF526	0.01851	0.03449	0.02737
GSK3A	0.11368	0.14638	0.09344
ERF	0.07536	0.13275	0.11609
CIC	0.05303	0.05335	0.06473
PAFAH1B3	0.11129	0.31728	0.10295
PRR19	0.00104	0.00334	0.00117
TMEM145	0.00134	0.00095	0.0022
MEGF8	0.01469	0.05126	0.04949
CNFN	0.01592	0.03543	0.01108
LIPE-AS1	0.03341	0.0142	0.01512
LIPE	0.00642	0.00651	0.0075
CXCL17	0.06811	1.2978	0.51855
CEACAM1	0.02259	0.29914	0.15144
AC004603.4	0	0.00062	0.00035
CTC-490G23.6	0.00017	0.00124	0.00103
CD177	0.0124	0.00078	0.00479
LYPD3	0.01405	0.01507	0.00748
PHLDB3	0.03115	0.02852	0.024
ETHE1	0.21365	0.46353	0.15003
ZNF575	0.00565	0.00421	0.00418
XRCC1	0.05589	0.07248	0.04309
PINLYP	0.00798	0.00113	0.00983
IRGQ	0.06107	0.04763	0.04451
ZNF576	0.04386	0.08923	0.04838
SRRM5	0.00105	0.00632	0.00498
ZNF428	0.18449	0.33588	0.22594
CADM4	0.0021	0.01257	0.01725
PLAUR	0.57053	0.17122	0.1532
SMG9	0.06003	0.06965	0.06293
KCNN4	0.06101	0.16801	0.09308
LYPD5	0.00232	0.00179	0.00543
ZNF283	0.01273	0.022	0.02117
ZNF404	0.00314	0.00027	0.00274
RP11-15A1.3	0.00345	0.00057	0.00152
ZNF45	0.01582	0.01334	0.00794
ZNF221	0.00238	0.00222	0.00325
ZNF155	0.00871	0.00712	0.00585
RP11-15A1.7	0.00228	0.00163	0.00114
ZNF230	0.02862	0.01198	0.01835
ZNF222	0.01571	0.00438	0.00772
ZNF223	0.00698	0.00397	0.00819
ZNF284	0.00788	0.00316	0.00561
ZNF224	0.08102	0.05155	0.07704
AC084219.4	0.00127	0.00147	0.00156
ZNF225	0.01098	0.00726	0.00762
ZNF234	0.02218	0.01803	0.02284
ZNF226	0.06159	0.08076	0.05695
ZNF227	0.03275	0.02611	0.02486
ZNF235	0.01242	0.00696	0.00973
ZNF233	0.0016	0.00027	0.00015
ZNF112	0.00325	0.00823	0.00839
ZNF285	0.00166	0.00154	0.00136
ZNF229	0.00244	0.00106	0.00322
ZNF180	0.01678	0.01929	0.01432
IGSF23	5e-05	0.00147	3e-04
CTB-171A8.1	3e-04	0.01429	0.0101
PVR	0.01865	0.07603	0.04982
CEACAM19	0.00138	0.02147	0.02791
CEACAM16	6e-05	0.00071	0.002
BCL3	0.12584	0.12955	0.11179
CBLC	0.00239	0.13143	0.05436
BCAM	0.02437	0.25135	0.27105
PVRL2	0.13713	0.40396	0.29778
CTB-129P6.4	0.00203	0.00031	0.00038
TOMM40	0.13559	0.26037	0.13262
APOE	1.71268	2.61708	1.76104
APOC1	1.61325	2.3255	1.18087
APOC4-APOC2	0.02017	0.35342	0.09598
APOC2	0.0193	0.37211	0.1206
CLPTM1	0.1486	0.27798	0.1676
RELB	0.23198	0.08824	0.07122
CLASRP	0.06071	0.07523	0.09389
ZNF296	0.03523	0.00915	0.0075
CTB-179K24.3	0.00012	0.00176	0.00061
GEMIN7	0.04999	0.13603	0.04875
MARK4	0.03801	0.06311	0.04255
PPP1R37	0.03974	0.07731	0.07377
AC005757.6	0.00033	0.00029	4e-04
NKPD1	0.00024	0.00037	4e-04
TRAPPC6A	0.19811	0.4748	0.15201
BLOC1S3	0.02135	0.03679	0.01826
AC006126.3	0.00019	0.00075	0
EXOC3L2	0.00032	0.00087	0.01943
CKM	0.0024	0.00016	0.00127
KLC3	0.00018	0.00455	0.00087
ERCC2	0.02796	0.07052	0.03676
PPP1R13L	0.00721	0.07964	0.06143
CD3EAP	0.02742	0.11648	0.05025
ERCC1	0.19839	0.2438	0.14007
FOSB	1.74832	0.73229	1.19729
RTN2	0.04149	0.12312	0.06411
PPM1N	0.0592	0.03232	0.01635
VASP	0.50444	0.38523	0.30437
OPA3	0.05694	0.07531	0.06057
GPR4	0.00024	0.00019	0.03623
EML2	0.06302	0.14351	0.07189
GIPR	0.00702	0.02706	0.02796
SNRPD2	0.70811	1.11664	0.55228
QPCTL	0.00568	0.00966	0.0103
FBXO46	0.02823	0.05334	0.04171
SIX5	0.00563	0.07082	0.04444
AC074212.6	0.00012	0.00281	0.00046
DMPK	0.00755	0.02253	0.04119
DMWD	0.02645	0.07218	0.07885
SYMPK	0.10567	0.16794	0.18925
AC092301.3	0.0034	0.00149	0.00269
FOXA3	0.01061	0.37513	0.11417
IRF2BP1	0.02363	0.06833	0.03486
MYPOP	0.03031	0.05673	0.03214
NOVA2	0.00024	5e-05	0.01886
CCDC61	0.02799	0.06739	0.03674
IGFL2	0.00583	0.006	0.00229
AC006262.5	0	0.00084	0.0022
HIF3A	0.00315	0.07514	0.04395
PPP5C	0.06722	0.13494	0.09629
AC007193.9	0.00092	0.00141	0.00117
CCDC8	7e-05	0.00034	0.00775
PPP5D1	0.00941	0.00885	0.01493
PNMAL2	0.00191	0.00083	0.00271
CTB-158D10.3	0.00158	1e-04	0.00066
CALM3	0.93533	0.57679	0.40849
PTGIR	0.04284	0.00224	0.06266
GNG8	0.00589	6e-05	0.00048
DACT3	0.00706	0.00169	0.02782
PRKD2	0.05422	0.07797	0.07483
STRN4	0.06917	0.1011	0.08474
FKRP	0.02113	0.02835	0.02137
SLC1A5	0.16616	0.24999	0.12124
CTB-147N14.6	0.00161	0.00277	0.00257
AP2S1	0.89926	0.72433	0.46131
ARHGAP35	0.05793	0.14875	0.104
NPAS1	0.00229	0.04516	0.01456
TMEM160	0.38371	0.54684	0.28658
ZC3H4	0.07617	0.10011	0.07533
SAE1	0.09249	0.14639	0.07806
BBC3	0.07178	0.07405	0.06021
CCDC9	0.04244	0.03227	0.02909
INAFM1	0.05264	0.08595	0.15353
C5AR1	0.43354	0.04762	0.07058
C5AR2	0.03077	0.03918	0.02152
DHX34	0.02904	0.04209	0.03993
MEIS3	0.00151	0.00022	0.02734
SLC8A2	0.00068	0.00054	0.00264
KPTN	0.01273	0.04206	0.02082
NAPA-AS1	0.01612	0.01802	0.00788
NAPA	0.23145	0.23866	0.15944
ZNF541	0.00077	0.00168	0.00127
CTD-3001H11.2	0.00351	0.01258	0.01391
GLTSCR1	0.01855	0.02695	0.03183
EHD2	0.00466	0.09326	0.16701
GLTSCR2	0.75923	0.82448	0.65836
SEPW1	0.74725	1.00577	0.78855
CRX	0.00096	0.00061	0.00042
SULT2A1	0.00033	0.03345	0.00498
PLA2G4C	0.07822	0.02329	0.04522
LIG1	0.0469	0.04455	0.0361
C19orf68	0.02091	0.0333	0.02824
ZNF114	0.00093	0.00543	0.00217
CARD8	0.22875	0.07446	0.11568
CARD8-AS1	0.08844	0.01095	0.0201
CTC-241F20.4	0	0.00129	0.00041
CCDC114	0.00072	0.00596	0.00478
EMP3	1.21201	0.22344	0.32499
TMEM143	0.00895	0.01817	0.01631
SYNGR4	5e-05	0.00073	0
KDELR1	0.339	0.83655	0.39897
GRIN2D	0.00364	0.00814	0.00737
GRWD1	0.06247	0.11073	0.05796
KCNJ14	0.00592	0.0118	0.0097
CYTH2	0.11634	0.1602	0.17314
LMTK3	0.00222	0.02374	0.0081
CTC-273B12.10	0.00108	0.00144	0.00129
SULT2B1	0.00303	0.05358	0.02428
FAM83E	0.00078	0.02382	0.0291
RPL18	2.76663	3.00275	2.08756
AC022154.7	0.001	0.00015	0.00124
SPHK2	0.03758	0.05719	0.04695
DBP	0.12104	0.08031	0.06252
CA11	0.03177	0.05309	0.03553
NTN5	0.00077	0.00093	0.00082
FUT2	0.00384	0.20206	0.13562
MAMSTR	0.00421	0.05	0.02166
RASIP1	0.00102	0.02169	0.05171
IZUMO1	0.00299	0.0011	0.00219
FUT1	0.00185	0.01578	0.01083
FGF21	0.00016	0.00423	0.00318
BCAT2	0.04151	0.09526	0.05149
HSD17B14	0.07376	0.1075	0.02997
PLEKHA4	0.00583	0.06418	0.09742
PPP1R15A	1.48261	0.48433	0.83098
NUCB1	0.35934	0.41747	0.34163
DHDH	0.01407	0.0047	0.00114
BAX	0.53658	0.46527	0.29032
CTD-2639E6.9	0.00174	4e-05	0.00054
FTL	4.47465	4.48338	3.10779
GYS1	0.03941	0.03083	0.03461
RUVBL2	0.08252	0.24352	0.09905
LHB	0.00129	0.00221	0.00115
CGB7	5e-05	0.00173	0.00061
NTF4	5e-05	0.00251	0.00215
KCNA7	0.00015	0.00193	0.00287
SNRNP70	0.33852	0.44506	0.45282
LIN7B	0.02177	0.02928	0.01469
C19orf73	0.00647	0.01387	0.01134
PPFIA3	0.00724	0.04871	0.04101
HRC	0.00075	0.01174	0.03293
TRPM4	0.0376	0.41693	0.1321
SLC6A16	0.00204	0.00715	0.00963
CTC-301O7.4	0.00076	0.00128	0.00066
CD37	0.80228	0.03763	0.09016
TEAD2	0.00352	0.09253	0.07027
DKKL1	0	0.00255	0.00305
AC010524.2	0.00069	0.00567	0.00448
SLC17A7	0.00033	0.00028	0.00081
PIH1D1	0.16859	0.33371	0.1381
ALDH16A1	0.08185	0.09489	0.0665
FLT3LG	0.08284	0.00977	0.01432
RPL13A	2.91012	2.75924	2.22291
RPS11	2.5298	2.41114	1.7369
FCGRT	1.06333	0.92311	0.58039
RCN3	0.05877	0.01724	0.09686
NOSIP	0.2322	0.36358	0.18761
PRRG2	0.00714	0.04548	0.03106
PRR12	0.02465	0.04122	0.0329
RRAS	0.16288	0.22236	0.23519
SCAF1	0.07147	0.12072	0.0801
IRF3	0.22634	0.28494	0.29944
BCL2L12	0.06881	0.1626	0.05678
PRMT1	0.2488	0.53358	0.3187
ADM5	0.00236	0.01232	0.03061
CPT1C	0.00033	0.01051	0.01139
TSKS	0.00249	0.00337	0.00185
AP2A1	0.09139	0.18205	0.14733
FUZ	0.01965	0.0149	0.01585
AC006942.4	0.00356	0.00442	0.00468
MED25	0.0755	0.08568	0.05669
PTOV1-AS1	0.00648	0.01033	0.02481
PTOV1	0.12622	0.28703	0.18626
PNKP	0.13427	0.1216	0.11126
AKT1S1	0.11023	0.13078	0.09205
TBC1D17	0.05709	0.05158	0.0558
IL4I1	0.47817	0.02253	0.05427
NUP62	0.24247	0.15963	0.1281
ATF5	0.40447	0.20432	0.12392
SIGLEC11	0.04952	0.00175	0.00616
VRK3	0.10908	0.12148	0.07805
ZNF473	0.01238	0.02731	0.01399
CTD-2126E3.4	5e-05	0.00241	0.00162
MYH14	0.00767	0.26063	0.13987
CTB-191K22.5	0	0.00187	0.00119
KCNC3	0.01592	0.01529	0.0163
NR1H2	0.17636	0.1376	0.11063
NAPSA	0.00392	0.00439	0.00447
POLD1	0.03257	0.04568	0.03329
SPIB	0.03151	0.04765	0.01194
FAM71E1	0.00136	0.0371	0.00803
EMC10	0.25958	0.43216	0.27945
CTD-2545M3.2	0.00107	0.00084	0.00085
CTD-2545M3.8	0.00912	6e-04	0.00209
JOSD2	0.24025	0.32669	0.1741
ASPDH	0.00128	0.0404	0.00926
LRRC4B	0.00138	0.00051	0.01701
SYT3	0	0.00198	0.00045
C19orf81	0.00515	0.10389	0.0498
CLEC11A	0.08552	0.08972	0.20271
ACPT	0.00048	0.0213	0.0037
C19orf48	0.08986	0.32497	0.15088
KLK1	0.01121	0.02227	0.00772
KLK4	0.00064	0.00073	0.00088
KLK6	0.00059	0.04613	0.00849
KLK7	8e-04	0.08514	0.03807
KLK8	0.00043	0.01477	0.00301
KLK10	0.00099	0.08236	0.01943
KLK11	0.00572	0.35626	0.13796
KLK13	0.00017	0.00563	0.00112
CTU1	0.05496	0.12686	0.06323
SIGLEC9	0.08614	0.00289	0.01137
SIGLEC7	0.13477	0.00525	0.01061
CTD-3187F8.14	0.00085	2e-05	0.00016
CD33	0.1676	0.00653	0.01899
IGLON5	0.01123	0.07926	0.02986
VSIG10L	0.0064	0.03217	0.01719
ETFB	0.42206	1.50642	0.55275
CTD-2616J11.11	0.00024	0.00066	0
CLDND2	0.01383	0.05933	0.04942
NKG7	0.34549	0.01568	0.04151
LIM2	0.00053	0.00098	4e-04
C19orf84	0.00173	0.00028	0.00091
CTD-2616J11.14	0.00048	5e-04	0
SIGLEC10	0.05914	0.00205	0.00359
SIGLEC8	0.00367	0.00034	0.00046
SIGLEC12	0.07443	0.00243	0.00535
SIGLEC6	0.00126	5e-05	0
ZNF175	0.01538	0.01066	0.01707
SIGLEC5	0.01011	0.00052	7e-04
SPACA6P-AS	0.00116	0.00054	0.0021
HAS1	0.00122	0	0.00385
FPR1	0.10024	0.00364	0.00837
FPR2	0.0159	0.00074	0.00104
FPR3	0.40953	0.01598	0.04197
ZNF577	0.01464	0.00774	0.0168
ZNF613	0.01078	0.00784	0.00913
ZNF649	0.02026	0.00427	0.01163
ZNF350	0.04391	0.01309	0.02294
ZNF615	0.02312	0.00904	0.01679
ZNF614	0.01929	0.00849	0.01272
ZNF432	0.02297	0.01934	0.02217
CTC-471J1.11	0.00233	0.00373	0.00302
ZNF841	0.01356	0.01379	0.01572
ZNF616	0.01709	0.01742	0.01706
ZNF836	0.01938	0.01209	0.02018
CTD-2525I3.2	0.00078	7e-05	3e-04
PPP2R1A	0.20587	0.34715	0.21343
ZNF766	0.05616	0.06297	0.04325
ZNF480	0.0868	0.0889	0.05241
ZNF610	0.0021	0.00096	0.00322
ZNF880	0.04273	0.00488	0.01862
ZNF528	0.02789	0.00791	0.02419
ZNF578	0.00216	0.00112	0.00304
ZNF808	0.04223	0.03903	0.05276
ZNF701	0.04043	0.02753	0.0349
ZNF83	0.07604	0.05215	0.08948
ZNF611	0.03593	0.0263	0.02645
ZNF600	0.0297	0.02699	0.0278
ZNF28	0.04243	0.06879	0.0302
ZNF468	0.03588	0.06305	0.02729
ZNF320	0.02577	0.05518	0.06562
ZNF816-ZNF321P	0.01167	0.02057	0.01521
ZNF816	0.01194	0.01005	0.00636
ZNF160	0.07223	0.06524	0.08451
ZNF415	0.00146	0.00849	0.00787
ZNF347	0.02405	0.01728	0.02498
ZNF665	0.00419	0.002	0.00527
CTD-2245F17.3	0.00086	0.00049	0.00038
ZNF677	0.03977	0.00185	0.03693
ZNF525	0.02244	0.01476	0.02077
ZNF845	0.01845	0.0132	0.00878
ZNF765	0.03126	0.03661	0.02773
ZNF761	0.02499	0.04418	0.03615
ZNF813	0.01308	0.01448	0.01247
ZNF331	0.72617	0.06279	0.14631
NLRP12	0.00227	0.00054	0.00025
AC008753.6	0.00205	0.00025	0.00119
MYADM	0.66837	0.29626	0.36163
AC008440.5	0.00279	0.00062	0.0027
PRKCG	0.00026	0.00278	0.00153
CACNG8	0.00125	0.04035	0.03825
CACNG6	9e-05	0.01352	0.00542
VSTM1	0.00546	0.00016	0.00036
OSCAR	0.0892	0.0032	0.00751
NDUFA3	0.63695	0.92885	0.49899
TFPT	0.20638	0.18671	0.0971
PRPF31	0.15479	0.23995	0.1474
CNOT3	0.07271	0.10768	0.06999
LENG1	0.12424	0.10251	0.06865
TMC4	0.00534	0.23733	0.1193
MBOAT7	0.15338	0.18823	0.11035
TSEN34	0.16077	0.2698	0.14115
RPS9	2.88481	2.95013	2.18618
LILRB3	0.1669	0.00693	0.01818
LILRA6	0.04376	0.00134	0.00532
LILRB2	0.17269	0.00573	0.01638
LILRB5	0.21414	0.01131	0.03021
LILRA5	0.04732	0.00164	0.00457
LILRA4	0.0022	9e-05	0.00039
LAIR1	0.32864	0.0131	0.03842
TTYH1	0.00306	0.04837	0.03564
CTD-2587H19.3	0.00042	0.00132	0.002
AC008746.12	0.0018	0.00465	0.00436
LENG8-AS1	0.01802	0.02512	0.03782
LENG8	0.19046	0.29496	0.3561
LENG9	0.01772	0.05233	0.03056
CDC42EP5	0.00971	0.38127	0.26601
LAIR2	0.1295	0.0062	0.01307
KIR3DX1	0.00104	5e-05	0
LILRA2	0.04843	0.00206	0.00402
LILRA1	0.02308	0.00074	0.00185
LILRB1	0.17256	0.00568	0.01918
LILRB4	0.26982	0.0096	0.02985
KIR2DL3	0.00303	0.00044	0
KIR2DL1	0.00122	1e-04	0
KIR2DL4	0.00361	0.00014	0.00012
KIR3DL1	0.00141	0	0
KIR3DL2	0.00746	0.00035	0.00024
FCAR	0.00777	0.00022	5e-04
CTB-61M7.2	0.03038	0.00144	0.00532
NCR1	0.0032	0	9e-04
NLRP2	0.00433	0.00396	0.00194
CTC-550B14.7	0.0017	0.00055	0.00037
GP6	0.00136	0.00611	0.00564
RDH13	0.02905	0.09702	0.07525
EPS8L1	0.01115	0.17457	0.15515
PPP1R12C	0.091	0.06784	0.11798
TNNT1	0.01487	0.08729	0.01965
TNNI3	0.00146	0.08792	0.01556
DNAAF3	0.00045	0.00555	0.00393
SYT5	0.00191	0.00404	0.00424
PTPRH	0.00228	0.06934	0.05246
CTD-2587H24.10	0.00075	0.00261	0.00076
TMEM86B	0.01438	0.08943	0.03141
PPP6R1	0.16128	0.10734	0.1005
HSPBP1	0.04711	0.12446	0.07067
BRSK1	0.00738	0.00999	0.00996
TMEM150B	0.0135	0.00972	0.01288
CTD-2105E13.16	0.00136	0.00064	0.00143
KMT5C	0.04956	0.04041	0.04798
COX6B2	0.00554	0.00264	0.00323
CTD-2105E13.6	4e-05	5e-04	0.00042
IL11	0.00105	0.002	0.00198
TMEM238	0.11649	0.60382	0.25415
RPL28	3.57373	3.54156	2.67822
UBE2S	0.53843	0.35102	0.20668
ISOC2	0.11815	0.61084	0.21206
ZNF628	0.02097	0.02284	0.01281
NAT14	0.01143	0.06661	0.048
SSC5D	0.00458	0.00255	0.0113
ZNF579	0.03078	0.10576	0.0763
FIZ1	0.0228	0.03281	0.02757
ZNF524	0.14329	0.14818	0.11675
ZNF865	0.02621	0.04616	0.02859
CTD-2537I9.18	0.00038	0.00048	0.00067
ZNF784	0.0101	0.02161	0.01183
ZNF580	0.08427	0.13822	0.11762
ZNF581	0.09114	0.13667	0.06547
CCDC106	0.04403	0.07205	0.03494
U2AF2	0.13527	0.1939	0.17256
CTD-2537I9.12	0.00441	0.00168	0.00196
EPN1	0.21635	0.33466	0.2436
AC010525.4	5e-04	0.00028	0
NLRP9	0	0.00069	0.00361
NLRP4	7e-05	0.00105	0.00022
ZNF787	0.10043	0.16079	0.10301
ZNF444	0.04453	0.20371	0.11449
ZSCAN5A	0.02136	0.03143	0.01401
AC006116.17	0.00231	0.00076	0.00332
ZNF582	0.00659	0.00049	0.00503
ZNF582-AS1	0.00207	0.00035	0.0044
ZNF583	0.02185	0.00464	0.01351
ZNF667	0.00265	0.00111	0.00871
ZNF667-AS1	0.00731	0.00944	0.03813
ZNF471	0.00461	0.00156	0.00995
AC005498.3	0.00146	0.00016	0.0014
ZFP28	0.00778	0.00125	0.00499
AC007228.11	0.00114	5e-04	0.00154
ZNF470	0.00968	0.00331	0.00795
ZNF71	0.01429	0.00276	0.00982
ZNF835	0.00099	5e-05	0.00233
AC007228.9	0.00078	0.00035	0.00067
ZIM2-AS1	3e-05	0.00032	0.00061
ZIM2	5e-05	0.00038	0.0015
PEG3	0.00126	0.02775	0.02546
MIMT1	0	0.00395	0.00161
ZNF264	0.09461	0.07051	0.07199
AURKC	0.00775	0.00334	0.00338
ZNF805	0.01048	0.01275	0.00898
CTC-444N24.8	0.01518	0.01937	0.02137
CTC-444N24.6	0.00045	0.00101	0.00081
ZNF460	0.02102	0.02144	0.03375
CTC-444N24.11	0.07955	0.14059	0.14059
ZNF543	0.01232	0.01022	0.00945
CTC-444N24.13	0.00091	0.00279	0.00286
ZNF304	0.0135	0.00811	0.01
ZNF547	0.00418	0.00396	0.0041
TRAPPC2P1	0.09212	0.0944	0.07004
ZNF548	0.03336	0.02417	0.02574
ZNF17	0.01184	0.01075	0.01086
ZNF749	0.00255	0.00469	0.00472
AC004076.5	0.00404	0.00979	0.01
VN1R1	0.00074	0.00052	0.00209
ZNF772	0.01076	0.00447	0.00796
ZNF419	0.01297	0.00848	0.01287
ZNF773	0.01033	0.0041	0.00672
ZNF549	0.01688	0.00326	0.00761
ZNF550	0.01537	0.01693	0.01951
ZNF416	0.00594	0.00507	0.00178
ZIK1	0.00867	5e-04	0.00229
ZNF530	0.00642	0.003	0.00396
ZNF134	0.03161	0.01449	0.02423
ZNF211	0.02533	0.00791	0.01082
ZNF551	0.016	0.01238	0.01461
ZNF154	0.01328	0.00123	0.01215
ZNF671	0.01298	0.00094	0.00558
ZNF776	0.0185	0.0105	0.02094
ZNF586	0.02826	0.00783	0.01314
ZNF552	0.02318	0.02306	0.02772
ZNF587B	0.01577	0.0198	0.02319
ZNF814	0.02949	0.01896	0.04012
ZNF587	0.0537	0.08973	0.10327
ZNF417	0.00923	0.00779	0.01045
ZNF418	0.00213	0.00047	0.00619
ZNF256	0.00606	0.00264	0.00496
C19orf18	0.00105	0.00202	0.00281
ZNF606	0.01027	0.01675	0.02153
ZNF135	0.002	8e-05	0.00728
ZSCAN18	0.04468	0.02677	0.06592
ZNF329	0.01628	0.00712	0.00836
ZNF274	0.07267	0.04041	0.06908
ZNF544	0.0287	0.04411	0.04072
CTD-3138B18.5	0.03261	0.05186	0.02477
ZNF8	0.01037	0.01375	0.01141
AC010642.1	0.00193	0.00177	0.00152
ERVK3-1	0.06581	0.06765	0.05052
LLNLR-245B6.1	0.05629	0.11042	0.06494
ZSCAN22	0.00772	0.00985	0.00844
A1BG	0.28088	0.83125	0.50622
A1BG-AS1	0.01795	0.00409	0.00548
ZNF497	0.00078	0.00583	0.0024
ZNF837	0.00302	0.01124	0.00493
RPS5	2.30679	2.8851	1.83934
ZNF584	0.01073	0.01652	0.01442
CTD-2619J13.14	0.00333	0.00574	0.00651
CTD-2619J13.17	0.00046	0.00022	0
ZNF132	0.00193	0.00051	0.0011
CTD-2619J13.19	0.00108	0.001	0.0014
ZNF324B	0.00478	0.00965	0.0094
ZNF324	0.02141	0.04029	0.033
ZNF446	0.01277	0.02009	0.01531
CTD-2619J13.23	0.00021	0.00092	0.00034
SLC27A5	0.03618	0.20402	0.06557
CTD-2619J13.27	9e-05	0.00139	0.00144
ZBTB45	0.01867	0.03134	0.01945
TRIM28	0.24829	0.41905	0.27088
CHMP2A	0.52956	0.81622	0.3936
UBE2M	0.34684	0.54599	0.24849
MZF1-AS1	0.03327	0.013	0.03292
MZF1	0.03269	0.06221	0.06257
RPS4Y1	0.70075	0.03367	0.22131
RP11-414C23.1	0.00496	0.00022	0.00029
ZFY	0.05205	0.00159	0.01526
ZFY-AS1	0.00174	9e-05	0
LINC00278	0.00185	4e-05	0.00014
PCDH11Y	0.00021	0.00065	0.00097
TTTY15	0.03764	0.00126	0.01692
USP9Y	0.03332	0.00159	0.00949
DDX3Y	0.38887	0.01877	0.09348
UTY	0.06232	0.00189	0.01404
TMSB4Y	0.00575	0	0.00127
NLGN4Y	0.00175	9e-05	0.003
TTTY14	0.00931	0.00028	0.00413
RP11-424G14.1	0.00197	0.00022	0.00184
KDM5D	0.04761	0.00256	0.01497
EIF1AY	0.1797	0.00565	0.04476
LINC00266-4P	0.00033	0.00062	0.00092
TPTEP1	0.00455	0.00147	0.00561
CECR7	0.00241	0.01964	0.01003
AC006946.16	0.00063	0.01045	0.00616
AC006946.17	0.00018	0.0011	0.00142
IL17RA	0.11962	0.05616	0.06377
CECR6	0.00573	8e-04	0.00082
AC006946.15	7e-04	4e-05	0
CECR5	0.06908	0.14494	0.06868
CECR5-AS1	8e-04	0.00605	0.00246
CECR1	0.4594	0.02681	0.04751
CECR3	0.00027	0.00178	0.00279
CECR2	0.00177	0.03823	0.02566
SLC25A18	0.01061	0.23325	0.09113
AC004019.13	7e-05	0.00057	0.00062
ATP6V1E1	0.30798	0.40857	0.23581
BCL2L13	0.08995	0.15656	0.06736
BID	0.33002	0.34414	0.13211
LINC00528	0.04463	0.02135	0.02005
MICAL3	0.02928	0.10896	0.0846
FLJ41941	0	0.00061	0
XXbac-B476C20.9	0.00099	0.0106	0.00938
PEX26	0.06974	0.1327	0.10969
TUBA8	0.00091	0.00062	0.00177
AC008079.10	0.00422	0.01298	0.00902
USP18	0.02111	0.06442	0.02634
AC011718.2	0	0.00318	0.00302
FAM230A	0	0.00032	0.00077
TMEM191B	0.02567	0.06561	0.02721
DGCR6	0.01087	0.0185	0.01657
PRODH	0.00032	0.00056	0.00126
DGCR5	0.00263	0.00236	0.00136
DGCR2	0.03581	0.1018	0.08143
DGCR14	0.03937	0.04868	0.03068
LINC01311	0.00158	0.01256	0.01546
SLC25A1	0.1361	0.43196	0.17627
CLTCL1	0.00111	0.00566	0.00801
HIRA	0.0282	0.03944	0.024
C22orf39	0.13393	0.23882	0.10211
MRPL40	0.23446	0.72799	0.24142
AC000068.5	0.00125	0.004	0.0021
UFD1L	0.20602	0.41398	0.19844
AC000068.9	0.00011	0.00078	0.00022
AC000068.10	0.00025	0.00077	0.00047
CDC45	0.01193	0.02079	0.00824
CLDN5	0.00125	8e-04	0.08066
SEPT5	0.00029	0.00605	0.00617
TBX1	0.00429	0.00777	0.00794
GNB1L	0.02837	0.01673	0.0129
C22orf29	0.02432	0.05288	0.03633
TXNRD2	0.05558	0.17485	0.09433
COMT	0.37803	0.8581	0.40667
ARVCF	0.00251	0.02519	0.02407
TANGO2	0.06367	0.04089	0.03111
AC006547.13	0.00064	0.00014	0.00065
AC006547.15	0.00118	0.00109	0.00114
DGCR8	0.03776	0.04728	0.04062
AC006547.8	0.00029	0.00068	0.00011
TRMT2A	0.06488	0.12639	0.08157
RANBP1	0.47123	0.93379	0.40835
ZDHHC8	0.03719	0.02549	0.04062
CCDC188	0.00031	0	0.00272
XXbac-B444P24.8	0	0.00104	4e-04
LINC00896	0.0015	0.00644	0.00555
RTN4R	0.01338	0.04464	0.02031
DGCR6L	0.18267	0.26492	0.12788
XXbac-B444P24.14	0.00152	0.00493	0.00358
AC007731.1	0	0.00055	0.00027
ZNF74	0.00611	0.02503	0.01404
SCARF2	0.00226	0.00408	0.02014
KLHL22	0.02371	0.03565	0.02943
MED15	0.14926	0.12315	0.12279
PI4KA	0.07736	0.09051	0.06728
SERPIND1	0.01665	0.51978	0.19758
SNAP29	0.16907	0.28093	0.11312
CRKL	0.07753	0.11364	0.07454
XXbac-B135H6.15	0.02207	0.02041	0.00846
AIFM3	0.00615	0.03677	0.01105
LZTR1	0.0312	0.04341	0.05714
XXbac-B135H6.18	0.00256	0.01396	0.00348
THAP7	0.10703	0.21147	0.09502
THAP7-AS1	0.01123	0.05178	0.02017
P2RX6	7e-04	0.00874	0.00978
SLC7A4	0.00033	0.02228	0.00513
KB-1592A4.15	0.00015	0.00382	0.00438
HIC2	0.0257	0.07227	0.05588
TMEM191C	0.02045	0.03728	0.02182
RIMBP3C	0.00025	0.00052	0
UBE2L3	0.53232	0.71732	0.32852
YDJC	0.09638	0.31571	0.11252
CCDC116	0.00046	0.00052	0.00011
SDF2L1	0.37661	0.77875	0.32073
PPIL2	0.073	0.13251	0.1147
YPEL1	0.02299	0.01438	0.01096
MAPK1	0.29882	0.31305	0.2034
PPM1F	0.05321	0.05146	0.07985
LL22NC03-86G7.1	0.02319	0.02666	0.02351
TOP3B	0.03161	0.06301	0.06168
IGLV6-57	0.00464	0.00015	0.00063
CH17-264L24.1	0.00303	0.00681	0.01036
LL22NC03-2H8.5	0.02301	0.05821	0.085
IGLV1-51	6e-04	3e-04	0
IGLV1-47	0.00141	0.00042	0.00016
IGLV1-44	0.00208	0.00061	0.00033
IGLV1-40	0.00342	0.00045	0.00041
ZNF280B	0.01079	0.01193	0.00734
ZNF280A	7e-05	0.00542	0.00713
PRAME	0.01745	0.45831	0.14643
LL22NC03-63E9.3	0	0.00052	0.00061
GGTLC2	1e-04	0.00042	0.00019
LL22NC03-102D1.18	3e-04	0.00561	0.00238
IGLV2-14	0.00181	0.00035	0.00044
IGLV3-1	0.00112	0.00012	0.00044
IGLL5	0.00214	2e-04	0
IGLC2	0.15957	0.07599	0.12219
IGLC3	0.04451	0.01414	0.02013
RSPH14	0.00011	0.01049	0.00382
GNAZ	0.00243	0.02948	0.01287
RAB36	0.00147	0.01514	0.00488
BCR	0.02788	0.13866	0.07213
AP000344.3	9e-05	0.0046	0.00293
KB-208E9.1	0.00127	0.00087	0.00076
DRICH1	8e-04	0.00164	0.00141
RGL4	0.07616	0.00268	0.0042
ZNF70	0.00478	0.01296	0.01515
VPREB3	0.0182	0.00429	0.00458
C22orf15	0.00075	0.00244	0.00121
CHCHD10	0.71815	1.90153	0.84325
MMP11	0.00293	0.06628	0.06675
SMARCB1	0.1077	0.26478	0.13497
DERL3	0.02416	0.08902	0.03785
KB-1125A3.11	0.00076	0.00191	0.00298
SLC2A11	0.02127	0.05485	0.05018
KB-1125A3.12	3e-05	0.00066	0.00174
MIF	0.83987	1.81976	0.82958
MIF-AS1	0.00249	0.00933	0.00432
AP000350.5	0.00022	0.00254	0.00202
GSTT2B	0.01323	0.00887	0.02552
DDTL	0.00428	0.03061	0.00652
KB-226F1.2	0.00226	0.01107	0.01296
DDT	0.70875	2.01201	0.82752
CABIN1	0.07757	0.08341	0.08016
SUSD2	0.00074	0.01474	0.02172
GGT5	0.00317	0.00722	0.09247
SPECC1L	0.03217	0.06406	0.05335
ADORA2A	0.0023	0.00028	0.0023
ADORA2A-AS1	0.00444	0.06474	0.02681
UPB1	0.00773	0.12074	0.06449
AP000355.2	0.00029	0.00926	0.0073
GUCD1	0.07693	0.17588	0.08212
SNRPD3	0.59559	1.24237	0.55853
GGT1	0.06085	0.51159	0.29844
LRRC75B	0.01422	0.1637	0.12464
LL22NC03-N95F10.1	0.0017	4e-05	0
PIWIL3	0	0.00051	0.00022
SGSM1	0.0045	0.02885	0.01701
TMEM211	0	0.00966	0.00409
KIAA1671	0.01069	0.14256	0.07602
CTA-243E7.4	0.00035	0.00584	0.00515
CTA-243E7.1	0.00861	0.04719	0.0489
CTA-221G9.12	0.00021	0.00767	0.00055
CRYBB3	0.00058	0.0054	0.00484
CTA-221G9.7	0	0.00041	0.00103
CRYBB2	0.00062	0.0053	0.00431
LRP5L	0.01437	0.01631	0.02542
CTA-246H3.12	0.00045	0.00696	0.00657
ADRBK2	0.21023	0.07524	0.06547
CTA-407F11.7	5e-04	4e-05	0.00017
MYO18B	0.00104	0.0269	0.01626
SEZ6L	0.00175	0.00012	0.00102
ASPHD2	0.01821	0.03531	0.02082
HPS4	0.09108	0.19256	0.18028
SRRD	0.07659	0.21355	0.07129
TFIP11	0.06347	0.08646	0.04638
CTA-445C9.14	0.00201	0.01688	0.0081
TPST2	0.1909	0.18052	0.10966
CRYBB1	0.02716	0.00067	0.00528
CRYBA4	0.00045	0.00012	0.00024
MIAT	0.05211	0.00354	0.01668
CTA-373H7.7	0.00231	7e-05	0.00141
MIATNB	0.02023	0.00885	0.01081
LINC01422	0.00132	0.00161	0.0018
MN1	0.00362	0.00902	0.01142
PITPNB	0.19097	0.29813	0.23826
TTC28	0.01072	0.0604	0.0666
CHEK2	0.03118	0.04543	0.02181
HSCB	0.05982	0.10997	0.05427
CCDC117	0.13181	0.16639	0.09502
XBP1	0.50618	1.17993	0.53639
CTA-292E10.6	0.06433	0.04999	0.06212
ZNRF3	0.00407	0.0464	0.01967
ZNRF3-AS1	0.00101	0.00402	0.00569
KREMEN1	0.00312	0.01126	0.01027
EMID1	0.00538	0.07418	0.04147
RHBDD3	0.02743	0.10138	0.07573
EWSR1	0.31864	0.39429	0.34434
GAS2L1	0.03392	0.05222	0.05417
RASL10A	0.00382	0.00107	0.00426
AP1B1	0.2178	0.10025	0.0867
RFPL1S	0.0066	0.00043	0.00055
NEFH	0.014	0.00062	0.00074
THOC5	0.04411	0.10166	0.06977
NIPSNAP1	0.06359	0.43356	0.13948
NF2	0.04331	0.05839	0.02603
CABP7	0.00053	0.00032	0
ZMAT5	0.08093	0.18011	0.07601
UQCR10	1.18155	1.6841	0.8122
ASCC2	0.09423	0.14309	0.0906
MTMR3	0.05512	0.07271	0.06198
RP3-394A18.1	0.03794	0.02937	0.03305
HORMAD2-AS1	0	0.00476	0.00034
HORMAD2	0.00011	7e-04	0.00024
RP3-438O4.4	0	0.00086	0
RP1-102K2.6	0.00011	7e-04	0
LIF	0.02464	0.18182	0.12308
RP1-102K2.8	0.00126	0.0283	0.01366
OSM	0.07842	0.00393	0.01038
GATSL3	0.01225	0.01095	0.01127
TBC1D10A	0.0553	0.07997	0.05366
SF3A1	0.17537	0.16711	0.09511
CCDC157	0.0108	0.01403	0.01093
RNF215	0.01081	0.03551	0.03044
SEC14L2	0.0126	0.04137	0.01358
MTFP1	0.07882	0.10531	0.04308
RP4-539M6.22	0.01121	0.00216	0.00506
SEC14L4	0.00031	0.01791	0.01471
SEC14L6	0.00194	0.00349	0.00298
GAL3ST1	0.00346	0.18543	0.05602
PES1	0.06066	0.16664	0.07211
TCN2	0.08305	0.06491	0.06565
SLC35E4	0.02852	0.04424	0.03919
DUSP18	0.04739	0.08503	0.06521
OSBP2	0.00295	0.02085	0.01582
MORC2-AS1	0.0088	0.05833	0.02798
MORC2	0.02019	0.07302	0.05388
TUG1	0.16627	0.41156	0.35726
SMTN	0.01834	0.05416	0.13068
RP3-412A9.16	7e-04	0.00086	0.00045
SELM	0.14334	0.93654	0.53517
INPP5J	0.00072	0.00825	0.00587
PLA2G3	0	0.00253	0
RNF185	0.04592	0.07716	0.04278
LIMK2	0.03594	0.09369	0.08545
PIK3IP1	0.2931	0.05254	0.07232
PIK3IP1-AS1	0.00244	0.00147	0.00163
PATZ1	0.04049	0.09925	0.05397
LINC01521	0.00263	0.00302	0.00678
DRG1	0.09358	0.22399	0.07997
EIF4ENIF1	0.04099	0.0644	0.04655
RP11-247I13.11	0.00076	0.00071	0.0011
SFI1	0.06826	0.18199	0.16676
PISD	0.06821	0.06405	0.07196
PRR14L	0.09415	0.14697	0.12798
DEPDC5	0.01566	0.01957	0.02227
YWHAH	0.78434	0.5451	0.41503
SLC5A1	0.00136	0.1034	0.05124
RFPL2	0.00056	0.00021	0
RP1-90G24.11	4e-05	0.00046	0.00029
RFPL3S	0.00054	0.00117	0.00142
RTCB	0.18553	0.33313	0.13771
FBXO7	0.24119	0.28895	0.18144
SYN3	1e-04	0.02361	0.01657
TIMP3	0.04631	0.02325	0.21602
LARGE	0.00191	0.01601	0.01852
LL22NC03-32F9.1	0.00032	0.00069	0.00094
ISX	5e-04	0.01525	0.00375
RP3-323A16.1	0.00226	0.00905	0.00727
HMGXB4	0.14306	0.26037	0.15507
RP3-510H16.3	0.00132	0.00051	0.00087
TOM1	0.10192	0.2083	0.1182
CTA-286B10.7	0.00176	0.00136	0.00219
HMOX1	0.61214	0.29889	0.17937
MCM5	0.14065	0.14928	0.07329
RASD2	0.00114	0.00117	0.0306
MB	0.00014	0.00428	0.00111
APOL6	0.31222	0.20024	0.14952
RBFOX2	0.0066	0.18165	0.16233
RP1-78B3.1	0.00045	0.01269	0.01702
APOL3	0.08955	0.03077	0.03557
APOL4	0.00831	0.00032	0.00693
APOL2	0.08536	0.0863	0.07151
APOL1	0.04246	0.10555	0.14615
MYH9	0.54658	0.32628	0.44359
TXN2	0.29556	0.47266	0.2115
FOXRED2	0.04867	0.05286	0.02561
EIF3D	0.46997	0.6891	0.31186
IFT27	0.06063	0.27235	0.1071
PVALB	0.00744	0.00046	0
NCF4	0.29426	0.025	0.04347
CSF2RB	0.10319	0.00466	0.02718
TST	0.06902	0.80124	0.23674
MPST	0.16664	1.22887	0.48047
KCTD17	0.0472	0.08697	0.0564
TMPRSS6	0.00579	0.03878	0.0257
IL2RB	0.17589	0.00723	0.02122
C1QTNF6	0.00914	0.08129	0.06061
SSTR3	0.00055	0.00516	0.00235
RAC2	0.78348	0.12793	0.10924
CYTH4	0.28	0.01274	0.03578
ELFN2	0.00011	0.00512	0.0027
MFNG	0.10412	0.02214	0.04888
CARD10	0.0029	0.10133	0.06443
CDC42EP1	0.0392	0.48674	0.21439
LGALS2	0.17889	0.08793	0.04458
GGA1	0.22362	0.2345	0.22564
SH3BP1	0.14801	0.07316	0.03974
PDXP	0.00077	0.00218	0.00046
LGALS1	2.20734	1.1664	1.14246
NOL12	0.04933	0.12404	0.07304
RP1-37E16.12	0.00052	0.00201	0.00044
TRIOBP	0.13508	0.30166	0.22181
H1F0	0.1216	0.51926	0.28241
GCAT	0.00882	0.18891	0.04991
GALR3	0.00036	0.00116	0.00102
ANKRD54	0.04464	0.149	0.09501
EIF3L	0.50027	1.036	0.44955
MICALL1	0.02143	0.0531	0.02636
C22orf23	7e-05	0.00113	0
RP5-1039K5.17	0.00016	0.00131	0.00149
POLR2F	0.27513	1.074	0.38864
PICK1	0.03228	0.14062	0.08261
SLC16A8	0.00056	0.00028	7e-04
BAIAP2L2	0.01509	0.32577	0.18071
CTA-228A9.3	0.00205	0.02008	0.02415
PLA2G6	0.01551	0.04803	0.05066
CTA-228A9.4	0.01023	0.01167	0.01269
MAFF	0.29244	0.32395	0.24481
TMEM184B	0.0353	0.10896	0.09474
CSNK1E	0.13338	0.25706	0.3132
KDELR3	0.01828	0.66584	0.18903
DDX17	0.91139	1.03974	1.07301
DMC1	0.00165	0.00548	0.00297
FAM227A	0.00093	0.03514	0.03496
CBY1	0.02148	0.18232	0.07687
RP3-508I15.9	0.00094	0.01954	0.00725
TOMM22	0.32091	0.89207	0.3084
JOSD1	0.33842	0.21752	0.24291
GTPBP1	0.10186	0.08518	0.07191
RP3-508I15.18	0.00265	0.00108	0.00205
SUN2	0.21639	0.19149	0.18436
RP3-508I15.14	0.00991	0.00511	0.00398
RP3-508I15.21	0.01576	0.03066	0.03754
RP3-508I15.22	0.00664	0.00405	0.00629
DNAL4	0.02329	0.08346	0.04881
NPTXR	0.0011	0.00471	0.00313
CBX6	0.09584	0.28339	0.16959
CTA-150C2.13	0	0.00095	0.001
APOBEC3A	0.02979	0.00197	0.0037
APOBEC3B	0.00288	0.00924	0.00403
APOBEC3C	0.22018	0.07592	0.06435
APOBEC3D	0.04114	0.01164	0.01272
APOBEC3F	0.01837	0.02108	0.01398
APOBEC3G	0.29182	0.03354	0.04783
APOBEC3H	0.05378	0.00192	0.00548
CBX7	0.04875	0.06718	0.07009
RP4-742C19.13	0.01686	0.02242	0.02608
PDGFB	0.05998	0.09501	0.06733
RP3-333H23.8	0.001	0.00155	0.00105
RPL3	2.76509	3.33077	2.31658
SYNGR1	0.05602	0.2654	0.09804
TAB1	0.02072	0.05562	0.03278
MGAT3	7e-04	0.01962	0.01376
MIEF1	0.07189	0.14573	0.06269
ATF4	0.54565	0.7	0.56651
RPS19BP1	0.46956	0.80518	0.34869
CACNA1I	0.00171	0.0036	0.00224
ENTHD1	0.00398	1e-04	0.00037
GRAP2	0.07537	0.00355	0.0066
FAM83F	0.00065	0.02009	0.01287
RP3-496C20.1	0.00143	0.00029	0.00054
TNRC6B	0.3896	0.49673	0.45797
ADSL	0.1185	0.31677	0.11331
SGSM3	0.07495	0.16478	0.13353
RP5-1042K10.10	0.01428	0.01509	0.01396
MKL1	0.06038	0.056	0.05416
RP4-591N18.2	0.00219	0.00052	0.0021
SLC25A17	0.04173	0.09913	0.04113
ST13	0.74552	1.25684	0.63824
XPNPEP3	0.04263	0.11454	0.06925
DNAJB7	0.00231	0.00131	0.00146
RBX1	0.75746	1.0363	0.51553
EP300	0.28634	0.22483	0.18871
L3MBTL2	0.06542	0.06877	0.04786
RP4-756G23.5	0.00367	0.00209	0.00242
CHADL	0.00602	0.01355	0.00418
RANGAP1	0.12214	0.16674	0.12
ZC3H7B	0.03472	0.07997	0.07346
TEF	0.00572	0.02449	0.01852
CTA-223H9.9	0.00057	0.00043	0.00029
TOB2	0.20043	0.16012	0.15775
PHF5A	0.08643	0.15713	0.06347
ACO2	0.13114	0.22221	0.10516
POLR3H	0.03715	0.11134	0.05699
CSDC2	0	0	0.00888
PMM1	0.07494	0.18112	0.08779
DESI1	0.14442	0.3965	0.15656
XRCC6	0.45379	0.64096	0.32499
SNU13	0.69295	1.22004	0.56328
C22orf46	0.05614	0.0514	0.06587
MEI1	0.04327	0.00798	0.00954
CCDC134	0.01777	0.026	0.0136
RP5-821D11.7	0.02412	0.02039	0.0469
SREBF2	0.05359	0.23459	0.12417
SHISA8	0.00657	0.00022	0.00136
TNFRSF13C	0.03106	0.00682	0.00375
CENPM	0.08949	0.104	0.03813
SEPT3	0.00195	0.00162	0.00026
WBP2NL	0.00665	0.0197	0.01461
NAGA	0.19325	0.09099	0.06664
FAM109B	0.00893	0.01531	0.01781
SMDT1	0.51915	0.63999	0.33242
NDUFA6	0.44756	0.91237	0.37263
CYP2D6	0.0178	0.4161	0.1683
RP4-669P10.16	0	0.0017	0.00021
RP4-669P10.20	0.00035	0.00081	0.00026
TCF20	0.06174	0.0946	0.08638
OGFRP1	8e-05	0.00051	0
Z83851.4	0.00111	0.00672	0.00076
CTA-989H11.1	0	0.00069	0
LINC01315	0.01263	0.0279	0.01197
NFAM1	0.04848	0.00387	0.00561
CTA-126B4.7	0	0.00073	0.00162
RRP7A	0.21107	0.30266	0.13201
SERHL2	0.00258	0.01031	0.00977
POLDIP3	0.0901	0.12397	0.07838
RNU12	0.03502	0.00779	0.04314
CYB5R3	0.18541	0.48649	0.35497
ATP5L2	0.00649	0.00846	0.00682
A4GALT	0.00093	0.0102	0.02897
ARFGAP3	0.22815	0.31016	0.20669
PACSIN2	0.12724	0.19042	0.14777
AL022476.2	0.00025	0.00024	0.00096
TTLL1	0.0155	0.0249	0.00983
BIK	0.01909	0.14523	0.05052
MCAT	0.02551	0.07495	0.03134
TSPO	0.91474	0.9918	0.55704
TTLL12	0.04572	0.16371	0.06124
SCUBE1	0.00204	5e-05	0.00225
RP4-754E20--A.5	0	5e-04	0.00014
MPPED1	0.00023	0.00194	0.00117
EFCAB6	0.00039	0.00498	0.00579
RP3-388M5.9	0.00024	0.00062	0.00177
SULT4A1	0	6e-04	0.00012
PNPLA3	0.00434	0.14608	0.08738
SAMM50	0.10493	0.21962	0.11196
PARVB	0.20317	0.10249	0.07413
PARVG	0.26796	0.01383	0.03535
RP4-671O14.7	0.00833	7e-05	0.00077
KIAA1644	0.00027	0.0015	0.00841
LDOC1L	0.0163	0.04786	0.02274
PRR5	0.12993	0.08248	0.05938
PRR5-ARHGAP8	0.00027	0.00488	0.00138
ARHGAP8	0.00316	0.03407	0.02088
NUP50-AS1	0.01858	0.03056	0.01852
CTA-217C2.2	0.00028	0.00101	0.00092
NUP50	0.19094	0.17964	0.11333
KIAA0930	0.222	0.16553	0.10981
CTA-268H5.14	0.00025	0.0015	1e-04
UPK3A	0.00445	0.0504	0.01171
FAM118A	0.22547	0.1655	0.27204
SMC1B	0.00269	0.01621	0.0057
RIBC2	0.00359	0.00593	0.00263
FBLN1	0.00571	0.17429	0.16207
LINC01589	0.00034	0.01674	0.00389
ATXN10	0.20172	0.39073	0.16981
WNT7B	2e-04	0.04277	0.01626
CITF22-92A6.1	0.00877	0.01786	0.00829
PRR34	0.00303	0.00158	0.00279
RP6-109B7.5	0.00145	0.00041	0.00111
PRR34-AS1	0.07711	0.07591	0.03768
MIRLET7BHG	0.01606	0.0503	0.06123
RP6-109B7.4	0.00076	0.00306	0.00324
PPARA	0.05487	0.15586	0.09305
CDPF1	0.01681	0.04194	0.03078
PKDREJ	0.00031	0.00342	0.00141
TTC38	0.06034	0.15907	0.08542
GTSE1-AS1	0.00079	0.00064	0.00076
GTSE1	0.05202	0.04111	0.02149
TRMU	0.04903	0.10144	0.07492
CELSR1	0.01443	0.05066	0.03711
RP3-439F8.1	0.00214	0.00189	0.00101
GRAMD4	0.06255	0.04827	0.04551
CERK	0.14028	0.06154	0.06507
CTA-29F11.1	0.12256	0.0881	0.11138
TBC1D22A	0.15157	0.14756	0.09561
LL22NC03-75H12.2	0.00225	0.00873	0.01005
RP11-191L9.4	0.00016	0.0048	0.00454
CTA-280A3.2	0.00013	0.00038	0.00068
FAM19A5	0.00031	0.01241	0.00378
C22orf34	0.00771	0.00042	0.00162
RP1-29C18.10	0.00378	0.00035	0.00017
RP1-29C18.9	0.00094	0.00087	0.00024
BRD1	0.15835	0.11124	0.14449
RP3-522J7.7	0.01603	0.00345	0.00674
RP3-522J7.6	0.00034	0.00063	0.00115
RP11-494O16.4	4e-04	0.00032	4e-04
ZBED4	0.04772	0.07627	0.04506
ALG12	0.03271	0.09202	0.05108
CITF22-1A6.3	0.00079	0.00114	0.00152
CRELD2	0.12893	0.31601	0.15488
CITF22-49E9.3	0.0015	7e-04	0.00165
PIM3	0.39582	0.31205	0.23622
MLC1	0.00139	3e-04	0
MOV10L1	0.00105	0.00228	0.00317
PANX2	0.00407	0.08815	0.03066
TRABD	0.24302	0.45471	0.26333
RP3-402G11.25	0.00228	0.00048	0.00099
RP3-402G11.26	0.00466	0.00421	0.00343
SELO	0.06485	0.16927	0.11905
RP3-402G11.27	0.00115	0.00147	0.00215
RP3-402G11.28	0.00198	0.00192	0.00184
TUBGCP6	0.03777	0.05516	0.06648
HDAC10	0.05208	0.11526	0.08467
MAPK12	0.02194	0.1286	0.08591
MAPK11	0.00565	0.00351	0.02641
PLXNB2	0.14864	0.32385	0.30582
DENND6B	0.07094	0.02883	0.02984
PPP6R2	0.1283	0.32298	0.23948
SBF1	0.03558	0.10405	0.07996
ADM2	0.00452	0.09035	0.03345
MIOX	9e-04	0.00733	0.00383
LMF2	0.14701	0.27056	0.20099
NCAPH2	0.06938	0.10109	0.06748
SCO2	0.23431	0.38572	0.14707
CTA-384D8.36	0.0044	0.00899	0.00758
TYMP	1.09214	0.62146	0.48497
ODF3B	0.11846	0.10716	0.07422
CTA-384D8.35	0.0051	0.00506	0.00178
CTA-384D8.34	0.02686	0.00165	0.00286
KLHDC7B	0.01355	0.00318	0.00436
SYCE3	0.00319	0.03017	0.0058
CPT1B	0.00807	0.0149	0.01463
CHKB	0.07175	0.07522	0.06087
CHKB-AS1	0.01021	0.0372	0.00932
MAPK8IP2	0.00058	0.02265	0.0065
ARSA	0.1389	0.23128	0.15562
SHANK3	0.00194	0.03828	0.0823
ACR	0	0.00054	0.00279
RABL2B	0.03977	0.08338	0.06596
CH507-9B2.1	0.00594	0.00072	0.00194
CH507-9B2.3	0.00833	0.00381	0.00265
CH507-9B2.5	0.02039	0.00791	0.01057
CH507-9B2.9	0.01164	0.00786	0.00668
RP11-717F1.2	0.00025	0.00782	0.00584
CH507-39O4.2	0	0.00045	0.00032
CH507-42P11.5	0	0.00172	0.00073
CH507-42P11.7	0.00107	0.02891	0.01168
CH507-42P11.8	0.024	0.01359	0.01663
U2AF1L5	0.00112	0.00149	0
CH507-154B10.1	0.00227	0.02047	0.01334
CH507-254M2.3	0.00261	0.05692	0.04744
CH507-338C24.1	0.00031	0.00334	0.00377
SMIM11B	0.00115	0.00181	8e-04
bP-2189O9.3	0.00011	0.00104	0
bP-21264C1.2	0.00207	0.01127	0.01101
MGC39584	0.00182	0.03091	0.03716
AP003900.6	5e-05	0.00412	0.00323
AP001347.6	0.00097	0.00044	0.00251
RBM11	0.00117	0.00374	0.00163
HSPA13	0.11511	0.12657	0.08053
SAMSN1	0.8334	0.04229	0.10264
SAMSN1-AS1	0.00098	0	0.00041
AF165138.7	0.00224	0.00023	0.00043
AF127936.3	0.0012	0	0.00067
AF127936.5	0.00194	0	0.00019
AF127936.9	0.00894	0.00601	0.00586
AF127936.7	0.00085	0.00068	0.00151
AF127577.8	0.00043	0.02707	0.00767
NRIP1	0.26891	0.21774	0.20072
AJ006998.2	0.00152	0.01269	0.00883
USP25	0.11168	0.13175	0.09783
MIR99AHG	0.00167	0.07186	0.03515
AP000473.5	7e-05	0.00142	0.00153
AP000473.8	0	0.00035	5e-04
CXADR	0.00847	0.41636	0.15783
BTG3	0.27871	0.15142	0.13798
C21orf91	0.10715	0.03852	0.05951
CHODL	0.00135	0.00741	0.00567
TMPRSS15	0.00022	0.01103	0.00517
MIR548XHG	0.00049	0.01857	0.0095
AF240627.2	3e-05	0.00341	0.00178
NCAM2	7e-05	0.00151	0.00075
AP000476.1	0.00512	2e-04	0.001
LINC00158	0.00175	0.00018	0.00032
MIR155HG	0.14802	0.00911	0.02116
AP000223.42	0.00038	0.00046	0.00034
MRPL39	0.0729	0.09435	0.04189
JAM2	0.00208	0.00052	0.05901
ATP5J	0.83099	1.24742	0.66665
GABPA	0.0919	0.09465	0.08212
APP	0.12498	0.60941	0.53922
AP001439.2	0	0.00044	0.00037
AP000230.1	6e-05	0.00111	0.00089
CYYR1	2e-04	0.00016	0.04999
ADAMTS1	0.00127	0.00691	0.1878
ADAMTS5	0.00038	0.00013	0.03796
AF131217.1	0.0036	0.00308	0.0066
N6AMT1	0.01531	0.05502	0.0281
LTN1	0.14646	0.16853	0.12518
RWDD2B	0.03615	0.06383	0.03356
RP1-100J12.1	0.0048	0.00295	0.00657
USP16	0.29923	0.25168	0.18613
CCT8	0.42082	0.62394	0.29542
MAP3K7CL	0.01251	0.02007	0.08724
AF124730.4	0.00083	0.00015	0.00056
BACH1	0.29872	0.17788	0.16478
BACH1-AS1	0.00192	0.00056	0.00144
BACH1-IT2	0.00249	0.0014	0.00154
RP11-313P22.1	0.00248	0.00095	0.00067
TIAM1	0.08363	0.01215	0.02218
AP000251.3	0.00092	0.00125	0
AP000253.1	0.00095	0.00559	0.00465
SOD1	1.0109	1.58207	0.80469
AP000254.8	0.00265	0.00565	0.00176
SCAF4	0.07832	0.07491	0.06982
HUNK	0.00016	0.00663	0.0036
AP000265.1	0.00029	0.00064	0.0012
MIS18A	0.05305	0.09068	0.02881
MIS18A-AS1	0.00134	0.00138	0.00356
URB1	0.01868	0.0633	0.0436
URB1-AS1	0.01398	0.04295	0.02975
EVA1C	0.01355	0.02838	0.03822
TCP10L	0.00072	0.00574	0.00434
C21orf59	0.09784	0.25047	0.11955
SYNJ1	0.06622	0.02105	0.0312
PAXBP1-AS1	0.01229	0.00474	0.01001
PAXBP1	0.11018	0.09823	0.13337
C21orf62-AS1	0.00327	0.00407	0.00509
C21orf62	0.00065	6e-04	0.00011
OLIG2	0.00154	0.00015	0
OLIG1	0.00753	0.00068	0.00012
IFNAR2	0.25494	0.1809	0.11789
IL10RB-AS1	0.06995	0.01578	0.01275
IL10RB	0.25427	0.25578	0.13541
AP000295.10	0.00063	0.00172	0.00026
IFNAR1	0.383	0.36296	0.21443
IFNGR2	0.39481	0.41571	0.22881
TMEM50B	0.17256	0.37181	0.19177
DNAJC28	0.00372	0.00913	0.00762
GART	0.10213	0.29137	0.15301
SON	0.89141	0.90432	0.80486
DONSON	0.03095	0.05634	0.02841
CRYZL1	0.07578	0.12791	0.08359
ITSN1	0.15426	0.05658	0.0642
ATP5O	0.6865	0.90319	0.43194
LINC00649	0.03829	0.07756	0.03713
AP000569.9	0.00019	0.00183	0.00101
MRPS6	0.4799	0.28162	0.1379
SLC5A3	0.49005	0.21162	0.21892
LINC00310	0.00154	0.00063	0.00086
AP000318.2	0.00059	1e-04	0
KCNE2	6e-05	0.00077	0.00024
SMIM11A	0.00108	0.00334	0.00098
KCNE1	0.02572	0.00298	0.00579
RCAN1	0.15771	0.1222	0.11212
CLIC6	8e-05	0.01225	0.0064
LINC01426	0.00198	0.02888	0.01127
RUNX1	0.28887	0.2317	0.26446
AP000687.1	0.00056	0.00029	0.00016
LINC01436	0	0.00031	0.0024
SETD4	0.03728	0.04808	0.04649
CBR1	0.20014	0.3937	0.15111
AP000688.29	6e-04	0	0
CBR3	0.03087	0.01121	0.01209
DOPEY2	0.05684	0.08044	0.04472
AP000692.10	0.01008	0.00727	0.02041
MORC3	0.2331	0.08975	0.10426
CHAF1B	0.00915	0.01226	0.00545
AP000695.6	0.00011	0.00194	0.00167
AP000695.4	0.00624	0.01158	0.01502
CLDN14	0.00058	0.02915	0.01123
AP000696.2	0	0.00325	0.00158
SIM2	0.00082	0.04068	0.02513
HLCS	0.02376	0.06808	0.03547
AP000704.5	0.00184	0.00496	0.00288
RIPPLY3	0	0.00182	0.00054
PIGP	0.18422	0.47589	0.17935
TTC3	0.4224	0.63157	0.48356
DSCR9	0.00164	0.00425	0.00531
AP001432.14	0.00063	0.00554	0.00175
DSCR3	0.12209	0.07763	0.0448
AP001412.1	0.00126	0.00162	0.00346
AP001437.1	0.00442	0.00292	0.00651
DYRK1A	0.15294	0.11859	0.11857
KCNJ6	0.00047	0.00073	0.00028
KCNJ15	0.00274	0.03974	0.03124
ERG	0.00034	0.00027	0.03505
ETS2	0.3009	0.29014	0.24446
AF064858.6	0.00092	0.00131	0.00035
AF064858.8	0.00147	4e-04	0
PSMG1	0.09264	0.22408	0.08006
BRWD1	0.18687	0.21484	0.20734
AF129408.17	0.00094	0.00075	0.0018
BRWD1-AS2	0.00223	0.0052	0.0015
HMGN1	1.00171	0.98935	0.61847
WRB	0.04803	0.09856	0.05536
LCA5L	0.00104	0.00846	0.00252
SH3BGR	0.00542	0.02019	0.01209
B3GALT5	0.00313	0.12434	0.10123
B3GALT5-AS1	3e-04	0.00244	0.0024
IGSF5	1e-04	0.00224	0.00043
PCP4	0	0.00067	0.00073
LINC00323	0.00029	0.00269	0.00211
BACE2	0.04094	0.19846	0.14216
AL773572.7	0.00073	0.03062	0.03924
FAM3B	0.00173	0.0957	0.03589
MX2	0.13296	0.03008	0.06938
MX1	0.17519	0.13058	0.12146
TMPRSS2	0.00106	0.09606	0.03135
LINC00479	0	0.00204	0.00149
RIPK4	0.00098	0.05695	0.02168
PRDM15	0.0102	0.0183	0.01396
C2CD2	0.02887	0.04003	0.0503
ZBTB21	0.09806	0.04682	0.04743
ZNF295-AS1	0.0013	6e-05	0
ABCG1	0.22805	0.02317	0.07194
TFF3	0.00732	0.22001	0.13
TFF2	0.02153	0.55147	0.24187
TFF1	0.00673	0.15109	0.08723
TMPRSS3	0.00558	0.04987	0.02179
UBASH3A	0.0263	0.00123	0.00199
RSPH1	0.0014	0.04295	0.02396
SLC37A1	0.02835	0.06796	0.05128
AP001626.1	0.00029	0.01036	0.00197
AP001626.2	0.00027	0.00176	0.00193
PDE9A	0.00519	0.04155	0.02571
AP001627.1	7e-05	0.00066	0.00253
WDR4	0.02246	0.06126	0.02945
NDUFV3	0.27318	0.51374	0.24156
PKNOX1	0.09321	0.05981	0.05821
CBS	0.00076	0.00775	0.0078
U2AF1	0.17367	0.09947	0.1363
FRGCA	1e-04	0.00313	0.00119
AP001046.5	0.00373	6e-05	0.00303
SIK1	0.03203	0.02307	0.02081
LINC00319	7e-05	0.00062	0.00074
HSF2BP	0.00275	0.0084	0.00258
H2BFS	0.00035	0.00297	0.00119
RRP1B	0.09746	0.10747	0.04693
PDXK	0.38463	0.32885	0.17157
CSTB	1.69263	1.24984	0.78742
RRP1	0.09443	0.11616	0.078
AATBC	0.00615	0.0014	0.00099
AGPAT3	0.10267	0.09359	0.05966
TRAPPC10	0.12577	0.05136	0.0504
PWP2	0.01364	0.01473	0.0088
C21orf33	0.06996	0.17363	0.06353
AP001055.6	0.05848	0.00192	0.00368
AP001056.1	0.0058	0.00041	0.00073
AP001058.3	0.00167	0.00041	0
ICOSLG	0.06488	0.01045	0.02298
AP001059.6	0.00832	0.00084	0.00613
AP001059.7	0.00836	0.00098	0.00035
DNMT3L	0.00021	0.00067	0
AP001059.5	0.00013	0.00152	0.00034
AIRE	0.00076	7e-05	0.00241
PFKL	0.32393	0.24283	0.21539
C21orf2	0.06763	0.07174	0.07419
AP001062.7	0.0034	0.00278	0.00417
TRPM2	0.04307	0.00226	0.00586
LRRC3-AS1	0.00017	0.00058	0.00059
LRRC3	0.00732	0.01222	0.01002
KB-68A7.1	0.00027	0.00191	0
AP001065.15	0.00018	0.00294	0.00417
KB-68A7.2	0	0.00551	0.00233
TSPEAR-AS1	0.00058	0.00699	0.00879
TSPEAR-AS2	0.00186	0.02532	0.01723
UBE2G2	0.193	0.25751	0.25764
LINC01424	3e-05	0.00087	0.0019
SUMO3	0.49407	0.43383	0.22137
PTTG1IP	0.44577	0.54651	0.37551
ITGB2	0.79597	0.05127	0.08624
ITGB2-AS1	0.06868	0.00984	0.01366
LINC01547	0.00306	0.00815	0.00419
LL21NC02-1C16.2	0.00233	0.00169	0.00189
FAM207A	0.16146	0.23856	0.10757
AP001505.10	0.00427	0.01019	0.00672
ADARB1	0.03267	0.01024	0.02971
POFUT2	0.04036	0.05827	0.06055
LINC00205	0.00644	0.01326	0.02252
LINC00316	0	0.00121	0
LL21NC02-21A1.1	0.00039	0.00673	0.01197
COL18A1	0.03471	0.25395	0.56888
COL18A1-AS1	0	0.00077	0.00122
SLC19A1	0.03869	0.04675	0.02613
AL133493.2	0.00327	0.00331	0.00152
PCBP3	0.00256	0.00341	0.00389
RP1-101D8.1	0.0025	0.00127	0.00192
AJ011932.1	0.00019	0.00046	0.00269
COL6A1	0.02762	0.12061	0.35909
AP001476.2	0.00017	0.0021	0.00161
COL6A2	0.02362	0.02431	0.41002
FTCD	0.00837	0.15829	0.08624
SPATC1L	0.04578	0.14259	0.07196
LSS	0.02315	0.06123	0.03061
MCM3AP-AS1	0.00543	0.02375	0.02036
MCM3AP	0.06074	0.05945	0.06979
AP001469.9	0.00631	0.00395	0.00438
YBEY	0.13728	0.26955	0.1273
C21orf58	0.02117	0.02368	0.02385
PCNT	0.04471	0.03428	0.03031
DIP2A	0.18731	0.09293	0.14854
S100B	0.05432	0.00268	0.00583
PRMT2	0.36667	0.20994	0.22623
MT-ND1	3.44439	3.98954	4.57689
MT-ND2	3.29775	3.88585	4.45408
MT-CO1	4.60609	4.91386	5.46013
MT-CO2	4.42194	5.07951	5.55257
MT-ATP8	0.27835	0.51264	0.99504
MT-ATP6	4.77979	5.16716	5.87892
MT-CO3	4.67841	5.35867	5.80145
MT-ND3	4.58856	5.34394	5.83678
MT-ND4L	1.32652	1.85877	2.55715
MT-ND4	4.25178	5.00702	5.42547
MT-ND5	2.53506	2.94048	3.58824
MT-ND6	0.35277	0.47509	0.96444
MT-CYB	4.05206	4.87671	5.37991
AC136616.1	9e-05	0.00207	0.00248
BX004987.4	5e-04	0.00206	0.00141
AC145212.4	0.00138	0.00329	0.00448
AC145212.2	0.00223	0.01409	0.00784
AC011043.1	0.00149	0.02581	0.02379
AL592183.1	0.01036	0.01056	0.00769
AC007325.4	0.01084	0.0533	0.01659
AL354822.1	0.00762	0.06062	0.0553
AC004556.1	0.06329	0.15208	0.04868
AC240274.1	0.00989	0.0101	0.00617
