Cluster	Celltype (malignancy)	Celltype (major-lineage)	Celltype (minor-lineage)	Gene	log2FC	Percentage (%)	Adjusted p-value
0	Immune cells	CD8T	CD8Tcm	CCL5	1.86	81.6	0
0	Immune cells	CD8T	CD8Tcm	KLRB1	1.79	80.9	0
0	Immune cells	CD8T	CD8Tcm	LTB	1.66	93.2	0
0	Immune cells	CD8T	CD8Tcm	IL7R	1.58	86.4	0
0	Immune cells	CD8T	CD8Tcm	CD69	1.58	88.3	0
0	Immune cells	CD8T	CD8Tcm	NKG7	1.56	71.8	0
0	Immune cells	CD8T	CD8Tcm	IFNG	1.54	71.8	0
0	Immune cells	CD8T	CD8Tcm	GZMA	1.53	78.7	0
0	Immune cells	CD8T	CD8Tcm	CD2	1.47	90.4	0
0	Immune cells	CD8T	CD8Tcm	TRBC1	1.37	81.4	0
0	Immune cells	CD8T	CD8Tcm	CD3D	1.24	92.2	0
0	Immune cells	CD8T	CD8Tcm	TRAC	1.16	88.3	0
0	Immune cells	CD8T	CD8Tcm	TRBC2	1.08	83.1	0
0	Immune cells	CD8T	CD8Tcm	GZMK	0.98	68.9	0
0	Immune cells	CD8T	CD8Tcm	CRIP1	0.98	79.1	0
0	Immune cells	CD8T	CD8Tcm	XCL2	0.89	65.7	0
0	Immune cells	CD8T	CD8Tcm	ITM2A	0.87	76.7	0
0	Immune cells	CD8T	CD8Tcm	CD40LG	0.87	72.8	0
0	Immune cells	CD8T	CD8Tcm	GZMB	0.85	46.9	0
0	Immune cells	CD8T	CD8Tcm	AC092580.4	0.84	70.1	0
0	Immune cells	CD8T	CD8Tcm	CD7	0.83	76.7	0
0	Immune cells	CD8T	CD8Tcm	GZMH	0.79	58.0	0
0	Immune cells	CD8T	CD8Tcm	ALOX5AP	0.77	77.3	0
0	Immune cells	CD8T	CD8Tcm	XCL1	0.77	64.3	0
0	Immune cells	CD8T	CD8Tcm	SPOCK2	0.67	73.4	0
0	Immune cells	CD8T	CD8Tcm	HOPX	0.65	69.2	0
0	Immune cells	CD8T	CD8Tcm	TNFSF14	0.61	68.2	0
0	Immune cells	CD8T	CD8Tcm	PRF1	0.58	67.5	0
0	Immune cells	CD8T	CD8Tcm	OCIAD2	0.58	71.1	0
0	Immune cells	CD8T	CD8Tcm	KLRC1	0.54	59.9	0
0	Immune cells	CD8T	CD8Tcm	AC006129.2	0.54	68.1	0
0	Immune cells	CD8T	CD8Tcm	CD8A	0.53	63.2	0
0	Immune cells	CD8T	CD8Tcm	TRGC2	0.52	66.9	0
0	Immune cells	CD8T	CD8Tcm	S100A6	0.5	93.5	0
0	Immune cells	CD8T	CD8Tcm	ICOS	0.49	70.1	0
0	Immune cells	CD8T	CD8Tcm	LBH	0.47	69.8	0
0	Immune cells	CD8T	CD8Tcm	TRDC	0.42	45.7	0
0	Immune cells	CD8T	CD8Tcm	TRGC1	0.41	64.8	0
0	Immune cells	CD8T	CD8Tcm	CLIC3	0.39	65.0	0
0	Immune cells	CD8T	CD8Tcm	CCR7	0.37	64.2	0
0	Immune cells	CD8T	CD8Tcm	CD27	0.32	69.5	0
0	Immune cells	CD8T	CD8Tcm	RPL39	0.29	100.0	0
0	Immune cells	CD8T	CD8Tcm	CXCL13	0.28	56.0	0
0	Immune cells	CD8T	CD8Tcm	THY1	-0.32	41.2	0
0	Immune cells	CD8T	CD8Tcm	TKT	-0.67	67.2	0
0	Immune cells	CD8T	CD8Tcm	TGFBI	-0.74	61.7	0
0	Immune cells	CD8T	CD8Tcm	NRP1	-0.79	62.3	0
0	Immune cells	CD8T	CD8Tcm	CHCHD10	-0.83	73.2	0
0	Immune cells	CD8T	CD8Tcm	SCD	-0.85	64.6	0
0	Immune cells	CD8T	CD8Tcm	HMOX1	-0.88	62.3	0
0	Immune cells	CD8T	CD8Tcm	TUBB	-0.88	71.5	0
0	Immune cells	CD8T	CD8Tcm	GATM	-1.03	63.9	0
0	Immune cells	CD8T	CD8Tcm	A2M	-1.11	64.0	0
0	Immune cells	CD8T	CD8Tcm	SOD2	-1.14	69.8	0
0	Immune cells	CD8T	CD8Tcm	BLVRB	-1.21	65.4	0
0	Immune cells	CD8T	CD8Tcm	NEAT1	-1.21	85.9	0
0	Immune cells	CD8T	CD8Tcm	IER3	-1.28	69.1	0
0	Immune cells	CD8T	CD8Tcm	IFITM3	-1.31	71.5	0
0	Immune cells	CD8T	CD8Tcm	HLA-DQB1	-1.38	67.5	0
0	Immune cells	CD8T	CD8Tcm	CD14	-1.59	62.9	0
0	Immune cells	CD8T	CD8Tcm	GPNMB	-1.63	63.4	0
0	Immune cells	CD8T	CD8Tcm	LGMN	-1.63	64.0	0
0	Immune cells	CD8T	CD8Tcm	S100A9	-1.65	67.8	0
0	Immune cells	CD8T	CD8Tcm	FCER1G	-1.69	63.8	0
0	Immune cells	CD8T	CD8Tcm	HLA-DRB1	-1.81	73.8	0
0	Immune cells	CD8T	CD8Tcm	AIF1	-1.84	64.9	0
0	Immune cells	CD8T	CD8Tcm	TYROBP	-1.86	66.3	0
0	Immune cells	CD8T	CD8Tcm	FABP5	-1.95	70.5	0
0	Immune cells	CD8T	CD8Tcm	SEPP1	-2.15	70.4	0
0	Immune cells	CD8T	CD8Tcm	APOC1	-2.22	76.3	0
0	Immune cells	CD8T	CD8Tcm	C1QA	-2.29	65.1	0
0	Immune cells	CD8T	CD8Tcm	HLA-DRA	-2.36	70.5	0
0	Immune cells	CD8T	CD8Tcm	APOE	-2.4	79.6	0
0	Immune cells	CD8T	CD8Tcm	SPP1	-2.72	74.9	0
0	Immune cells	CD8T	CD8Tcm	TUBA1B	-0.81	75.0	3.15e-306
0	Immune cells	CD8T	CD8Tcm	TUBA4A	0.63	71.6	6.42e-300
0	Immune cells	CD8T	CD8Tcm	HLA-DPA1	-1.37	69.3	1.72e-296
0	Immune cells	CD8T	CD8Tcm	GNLY	1.14	58.1	9.16e-296
0	Immune cells	CD8T	CD8Tcm	CXCL2	-1.22	63.9	1.11e-294
0	Immune cells	CD8T	CD8Tcm	TIMP1	-0.73	72.5	6.69e-286
0	Immune cells	CD8T	CD8Tcm	BATF	0.36	70.5	2.66e-281
0	Immune cells	CD8T	CD8Tcm	LYZ	-1.78	64.3	3.27e-281
0	Immune cells	CD8T	CD8Tcm	PLIN2	-0.84	72.3	1.4e-280
0	Immune cells	CD8T	CD8Tcm	PRDX3	-0.47	66.1	3.73e-276
0	Immune cells	CD8T	CD8Tcm	LGALS1	-0.9	85.5	7.79e-274
0	Immune cells	CD8T	CD8Tcm	C1QB	-2.24	65.2	6.73e-272
0	Immune cells	CD8T	CD8Tcm	ICAM1	-0.6	64.1	5.65e-268
0	Immune cells	CD8T	CD8Tcm	COL1A1	-0.38	53.5	7.35e-266
0	Immune cells	CD8T	CD8Tcm	SQSTM1	-0.84	79.8	3.49e-259
0	Immune cells	CD8T	CD8Tcm	SLC40A1	-1.59	64.0	4.43e-256
0	Immune cells	CD8T	CD8Tcm	HLA-DQA1	-1.34	63.3	9.39e-254
0	Immune cells	CD8T	CD8Tcm	BCAT1	-0.58	62.1	3.06e-246
0	Immune cells	CD8T	CD8Tcm	CSF1	0.41	68.4	6.14e-246
0	Immune cells	CD8T	CD8Tcm	STMN1	-0.82	65.1	6.79e-244
0	Immune cells	CD8T	CD8Tcm	TMEM176B	-0.86	64.0	6.43e-241
0	Immune cells	CD8T	CD8Tcm	VEGFA	-0.69	63.4	1.05e-239
0	Immune cells	CD8T	CD8Tcm	IDH1	-0.52	64.0	3.61e-239
0	Immune cells	CD8T	CD8Tcm	CD36	-0.87	59.4	1.06e-238
0	Immune cells	CD8T	CD8Tcm	DUSP4	0.32	66.4	9.42e-238
0	Immune cells	CD8T	CD8Tcm	DDT	-0.75	74.7	5.91e-236
0	Immune cells	CD8T	CD8Tcm	C1QC	-1.61	63.6	1.39e-235
0	Immune cells	CD8T	CD8Tcm	ATP1B1	-0.48	65.1	2.34e-233
0	Immune cells	CD8T	CD8Tcm	MGST2	-0.6	63.6	6.79e-233
0	Immune cells	CD8T	CD8Tcm	RHOB	-0.6	70.3	1.08e-230
0	Immune cells	CD8T	CD8Tcm	ANXA2	-0.48	73.6	5.01e-228
0	Immune cells	CD8T	CD8Tcm	HLA-DPB1	-1.27	68.2	1.14e-227
0	Immune cells	CD8T	CD8Tcm	MS4A7	-1.19	62.7	9.4e-221
0	Immune cells	CD8T	CD8Tcm	PLAC8	0.26	66.1	6.17e-219
0	Immune cells	CD8T	CD8Tcm	SERPINA1	-1.88	90.0	4.49e-218
0	Immune cells	CD8T	CD8Tcm	VTN	-1.59	73.7	4.75e-214
0	Immune cells	CD8T	CD8Tcm	TMEM176A	-0.86	64.3	9.14e-202
0	Immune cells	CD8T	CD8Tcm	PDIA4	-0.45	65.2	3.04e-201
0	Immune cells	CD8T	CD8Tcm	PRDX5	-0.41	73.1	4.46e-201
0	Immune cells	CD8T	CD8Tcm	APOA1	-1.87	78.0	2.38e-200
0	Immune cells	CD8T	CD8Tcm	KDELR2	-0.5	68.8	2.77e-199
0	Immune cells	CD8T	CD8Tcm	SGK1	-1.04	65.7	1.77e-197
0	Immune cells	CD8T	CD8Tcm	CD163	-0.91	61.5	7.4e-197
0	Immune cells	CD8T	CD8Tcm	CXCL8	-1.56	65.8	1.13e-194
0	Immune cells	CD8T	CD8Tcm	IGHA1	-0.56	63.7	5.98e-194
0	Immune cells	CD8T	CD8Tcm	RNASE6	-0.76	53.6	2.59e-193
0	Immune cells	CD8T	CD8Tcm	CYBB	-1.07	59.1	4.47e-193
0	Immune cells	CD8T	CD8Tcm	NTS	-1.52	74.5	6.8e-187
0	Immune cells	CD8T	CD8Tcm	ADAP2	-0.63	44.2	3.72e-186
0	Immune cells	CD8T	CD8Tcm	ASPH	-0.8	64.2	4.5e-182
0	Immune cells	CD8T	CD8Tcm	BNIP3	-0.56	65.0	1.16e-178
0	Immune cells	CD8T	CD8Tcm	CSTA	-0.62	62.8	1.79e-178
0	Immune cells	CD8T	CD8Tcm	IFI27	-0.3	63.4	1.55e-176
0	Immune cells	CD8T	CD8Tcm	RBM47	-0.47	59.5	3.24e-176
0	Immune cells	CD8T	CD8Tcm	TRAM1	-0.39	70.4	2.69e-175
0	Immune cells	CD8T	CD8Tcm	MS4A6A	-1.34	63.6	2.51e-174
0	Immune cells	CD8T	CD8Tcm	BIRC3	0.53	73.9	1.64e-173
0	Immune cells	CD8T	CD8Tcm	TF	-1.46	72.2	7.27e-172
0	Immune cells	CD8T	CD8Tcm	IGHG4	-3.02	62.9	1.08e-170
0	Immune cells	CD8T	CD8Tcm	IGFBP7	-1.03	57.6	2.35e-168
0	Immune cells	CD8T	CD8Tcm	IGHG1	-3.46	62.9	4.46e-167
0	Immune cells	CD8T	CD8Tcm	PRDX4	-0.65	66.1	1.83e-165
0	Immune cells	CD8T	CD8Tcm	LY96	-0.75	64.2	8.04e-165
0	Immune cells	CD8T	CD8Tcm	SLC25A5	-0.36	74.2	1.32e-164
0	Immune cells	CD8T	CD8Tcm	MAFB	-1.01	63.1	5.96e-164
0	Immune cells	CD8T	CD8Tcm	FCGR2A	-0.84	61.8	1.95e-163
0	Immune cells	CD8T	CD8Tcm	CFHR1	-0.39	25.7	2.15e-160
0	Immune cells	CD8T	CD8Tcm	SLIRP	-0.41	69.2	3.97e-159
0	Immune cells	CD8T	CD8Tcm	NDUFB5	-0.3	69.2	5.48e-159
0	Immune cells	CD8T	CD8Tcm	ATP5G1	-0.52	69.4	8.23e-158
0	Immune cells	CD8T	CD8Tcm	SEC61G	-0.33	81.3	8.3e-157
0	Immune cells	CD8T	CD8Tcm	KLRD1	0.65	31.9	2.81e-155
0	Immune cells	CD8T	CD8Tcm	AHSG	-1.64	74.5	3.93e-155
0	Immune cells	CD8T	CD8Tcm	IGHM	-0.67	55.0	1.01e-154
0	Immune cells	CD8T	CD8Tcm	MSR1	-0.88	57.5	7.86e-150
0	Immune cells	CD8T	CD8Tcm	CCL3	-0.92	66.8	2.72e-149
0	Immune cells	CD8T	CD8Tcm	JCHAIN	-0.37	47.6	1.16e-147
0	Immune cells	CD8T	CD8Tcm	TUBA1C	-0.38	66.9	6.95e-146
0	Immune cells	CD8T	CD8Tcm	EGR1	-0.82	66.8	1.75e-145
0	Immune cells	CD8T	CD8Tcm	MS4A4A	-0.87	55.7	9.82e-145
0	Immune cells	CD8T	CD8Tcm	ACSL4	-0.46	65.7	1.09e-140
0	Immune cells	CD8T	CD8Tcm	RPL22L1	-0.89	77.5	5.29e-140
0	Immune cells	CD8T	CD8Tcm	MPEG1	-0.74	53.9	2.33e-139
0	Immune cells	CD8T	CD8Tcm	FGL2	-0.97	64.0	2.34e-139
0	Immune cells	CD8T	CD8Tcm	AFP	-1.37	74.8	3.77e-139
0	Immune cells	CD8T	CD8Tcm	CYC1	-0.42	66.8	9.91e-139
0	Immune cells	CD8T	CD8Tcm	KCTD12	-0.83	62.7	1.31e-138
0	Immune cells	CD8T	CD8Tcm	RDX	-0.41	65.1	1.74e-137
0	Immune cells	CD8T	CD8Tcm	ECHS1	-0.3	66.6	1.66e-136
0	Immune cells	CD8T	CD8Tcm	DNPH1	-0.36	69.5	9.69e-136
0	Immune cells	CD8T	CD8Tcm	LYPLA1	-0.41	66.8	2.8e-135
0	Immune cells	CD8T	CD8Tcm	SERPING1	-0.65	62.4	1.26e-132
0	Immune cells	CD8T	CD8Tcm	CPB2	-0.25	22.9	2.07e-130
0	Immune cells	CD8T	CD8Tcm	FCGR3A	-0.81	61.4	1.08e-129
0	Immune cells	CD8T	CD8Tcm	ETFB	-0.44	69.6	2.26e-129
0	Immune cells	CD8T	CD8Tcm	RAB11FIP1	0.47	72.8	3.28e-129
0	Immune cells	CD8T	CD8Tcm	PRCP	-0.3	64.2	5.54e-129
0	Immune cells	CD8T	CD8Tcm	PCBD1	-0.37	65.1	6.05e-129
0	Immune cells	CD8T	CD8Tcm	RNASE1	-1.79	64.1	2.98e-127
0	Immune cells	CD8T	CD8Tcm	MTCH2	-0.35	65.1	1.05e-126
0	Immune cells	CD8T	CD8Tcm	COX7B	-0.27	80.1	5.71e-126
0	Immune cells	CD8T	CD8Tcm	SPINK1	-1.47	77.6	9.16e-125
0	Immune cells	CD8T	CD8Tcm	APOM	-1.47	68.9	1.2e-124
0	Immune cells	CD8T	CD8Tcm	STAB1	-0.84	62.3	1.34e-124
0	Immune cells	CD8T	CD8Tcm	PLEK	-0.71	65.3	5e-123
0	Immune cells	CD8T	CD8Tcm	INSR	-0.29	22.2	2.19e-119
0	Immune cells	CD8T	CD8Tcm	SPI1	-0.65	60.6	2.41e-118
0	Immune cells	CD8T	CD8Tcm	ATF5	-0.5	63.8	5.66e-118
0	Immune cells	CD8T	CD8Tcm	TMEM37	-0.32	43.5	6.55e-118
0	Immune cells	CD8T	CD8Tcm	ANXA4	-0.38	64.9	1.02e-117
0	Immune cells	CD8T	CD8Tcm	PEBP1	-0.29	74.3	2.05e-116
0	Immune cells	CD8T	CD8Tcm	FABP1	-1.57	76.8	4.67e-114
0	Immune cells	CD8T	CD8Tcm	C11orf96	-0.29	60.4	5.67e-113
0	Immune cells	CD8T	CD8Tcm	CD83	-0.54	66.6	8.83e-113
0	Immune cells	CD8T	CD8Tcm	TCEB1	-0.36	70.3	3.17e-110
0	Immune cells	CD8T	CD8Tcm	ADI1	-0.31	67.1	1.56e-109
0	Immune cells	CD8T	CD8Tcm	NME1	-0.5	67.2	1.86e-108
0	Immune cells	CD8T	CD8Tcm	COL4A1	-0.39	43.7	2.27e-108
0	Immune cells	CD8T	CD8Tcm	CD9	-0.88	63.5	6.22e-108
0	Immune cells	CD8T	CD8Tcm	PPIC	-0.27	32.2	6.46e-108
0	Immune cells	CD8T	CD8Tcm	TMEM45B	-0.25	24.8	9.34e-108
0	Immune cells	CD8T	CD8Tcm	MSRB2	-0.38	64.6	2.17e-106
0	Immune cells	CD8T	CD8Tcm	COL5A2	-0.27	31.7	3.67e-104
0	Immune cells	CD8T	CD8Tcm	FOLR2	-0.89	53.9	1.82e-103
0	Immune cells	CD8T	CD8Tcm	AK4	-0.39	52.9	1.24e-99
0	Immune cells	CD8T	CD8Tcm	MEF2C	-0.65	59.2	2.42e-98
0	Immune cells	CD8T	CD8Tcm	PRDX6	-0.32	69.6	6.42e-97
0	Immune cells	CD8T	CD8Tcm	IGLC2	-1.52	65.8	1.17e-96
0	Immune cells	CD8T	CD8Tcm	UQCC2	-0.27	68.4	1.25e-96
0	Immune cells	CD8T	CD8Tcm	CD151	-0.42	65.1	8.94e-95
0	Immune cells	CD8T	CD8Tcm	METTL7A	-0.36	60.8	9.6e-95
0	Immune cells	CD8T	CD8Tcm	IL1B	-1.56	63.9	1.9e-94
0	Immune cells	CD8T	CD8Tcm	DUSP6	-0.5	65.1	2.02e-94
0	Immune cells	CD8T	CD8Tcm	RP11-160E2.6	-0.3	65.2	1.27e-92
0	Immune cells	CD8T	CD8Tcm	CPVL	-0.67	54.6	1.35e-92
0	Immune cells	CD8T	CD8Tcm	TFPI	-1.2	66.1	2.13e-91
0	Immune cells	CD8T	CD8Tcm	TNF	0.31	68.0	9.6e-91
0	Immune cells	CD8T	CD8Tcm	NDUFB9	-0.32	69.4	3.54e-90
0	Immune cells	CD8T	CD8Tcm	LGALS3	-0.81	71.1	1.43e-89
0	Immune cells	CD8T	CD8Tcm	MRC1	-0.85	60.7	3.58e-89
0	Immune cells	CD8T	CD8Tcm	C15orf48	-1.04	60.2	3.71e-87
0	Immune cells	CD8T	CD8Tcm	SLC38A1	0.33	69.9	1.36e-86
0	Immune cells	CD8T	CD8Tcm	FAM213A	-0.34	60.3	7e-85
0	Immune cells	CD8T	CD8Tcm	IFI6	-0.33	66.9	8.12e-85
0	Immune cells	CD8T	CD8Tcm	A1BG	-0.42	68.1	6.73e-84
0	Immune cells	CD8T	CD8Tcm	KYNU	-0.37	62.5	7.81e-83
0	Immune cells	CD8T	CD8Tcm	MRPL15	-0.32	64.6	1.44e-82
0	Immune cells	CD8T	CD8Tcm	NUPR1	-0.77	62.9	1.23e-81
0	Immune cells	CD8T	CD8Tcm	TTR	-1.38	68.9	1.89e-80
0	Immune cells	CD8T	CD8Tcm	MRPL12	-0.31	64.3	1.74e-79
0	Immune cells	CD8T	CD8Tcm	AMBP	-1.48	70.0	1.87e-79
0	Immune cells	CD8T	CD8Tcm	AKR1C1	-1.26	72.3	3.27e-79
0	Immune cells	CD8T	CD8Tcm	CSF1R	-0.66	59.1	3.94e-79
0	Immune cells	CD8T	CD8Tcm	NR2F2	-0.31	25.4	1.14e-78
0	Immune cells	CD8T	CD8Tcm	ENPP2	-0.36	61.5	2.35e-78
0	Immune cells	CD8T	CD8Tcm	COX7A2L	-0.25	72.7	4.39e-78
0	Immune cells	CD8T	CD8Tcm	TNFAIP2	-0.45	56.3	5.28e-78
0	Immune cells	CD8T	CD8Tcm	SCCPDH	-0.41	63.2	8.48e-77
0	Immune cells	CD8T	CD8Tcm	NPM1	-0.28	86.8	1.57e-76
0	Immune cells	CD8T	CD8Tcm	ITGAV	-0.35	63.3	3.02e-76
0	Immune cells	CD8T	CD8Tcm	SLC22A18	-0.51	63.5	4.4e-75
0	Immune cells	CD8T	CD8Tcm	RASSF4	-0.37	53.5	2.23e-73
0	Immune cells	CD8T	CD8Tcm	SMARCA1	-0.27	33.2	2.01e-72
0	Immune cells	CD8T	CD8Tcm	RBP4	-1.38	66.6	2.19e-72
0	Immune cells	CD8T	CD8Tcm	POLR2F	-0.32	67.7	2.82e-72
0	Immune cells	CD8T	CD8Tcm	AGT	-1.28	68.4	2.73e-71
0	Immune cells	CD8T	CD8Tcm	PLAUR	-0.65	64.2	1.38e-70
0	Immune cells	CD8T	CD8Tcm	TXNRD1	-0.29	64.9	1.42e-70
0	Immune cells	CD8T	CD8Tcm	MT1G	-0.48	51.5	2.56e-70
0	Immune cells	CD8T	CD8Tcm	KLF4	-0.62	63.2	1.89e-69
0	Immune cells	CD8T	CD8Tcm	TMEM205	-0.39	65.1	2.69e-69
0	Immune cells	CD8T	CD8Tcm	RCN1	-0.48	63.1	4.1e-69
0	Immune cells	CD8T	CD8Tcm	FOS	0.33	94.8	4.37e-68
0	Immune cells	CD8T	CD8Tcm	CYB5A	-0.47	65.7	5.15e-67
0	Immune cells	CD8T	CD8Tcm	CYSTM1	-0.29	64.9	2.38e-64
0	Immune cells	CD8T	CD8Tcm	MPST	-0.53	65.7	6.76e-63
0	Immune cells	CD8T	CD8Tcm	F13A1	-0.63	43.7	1.49e-62
0	Immune cells	CD8T	CD8Tcm	ACP5	-0.53	64.8	3.33e-62
0	Immune cells	CD8T	CD8Tcm	YIF1A	-0.33	65.8	6.57e-62
0	Immune cells	CD8T	CD8Tcm	CHPT1	-0.27	64.2	1.54e-61
0	Immune cells	CD8T	CD8Tcm	SLC17A3	-0.25	31.4	2.11e-61
0	Immune cells	CD8T	CD8Tcm	PSMB5	-0.4	65.8	2.35e-61
0	Immune cells	CD8T	CD8Tcm	COL4A2	-0.37	33.1	1.24e-60
0	Immune cells	CD8T	CD8Tcm	C12orf75	0.31	68.6	1.55e-60
0	Immune cells	CD8T	CD8Tcm	CPE	-0.26	16.8	2.53e-60
0	Immune cells	CD8T	CD8Tcm	H2AFZ	-0.29	77.0	6.34e-60
0	Immune cells	CD8T	CD8Tcm	FDPS	-0.38	68.5	5.62e-59
0	Immune cells	CD8T	CD8Tcm	TMEM141	-0.34	66.2	7.97e-59
0	Immune cells	CD8T	CD8Tcm	CLU	-1.17	67.6	3.92e-58
0	Immune cells	CD8T	CD8Tcm	SDC2	-0.4	56.9	9.9e-57
0	Immune cells	CD8T	CD8Tcm	HPGDS	-0.26	48.0	2.12e-56
0	Immune cells	CD8T	CD8Tcm	MPC2	-0.27	70.7	3.63e-56
0	Immune cells	CD8T	CD8Tcm	ASGR1	-0.71	63.4	5.01e-56
0	Immune cells	CD8T	CD8Tcm	HTATIP2	-0.3	64.6	1.14e-55
0	Immune cells	CD8T	CD8Tcm	COA3	-0.27	66.1	7.41e-54
0	Immune cells	CD8T	CD8Tcm	GOLIM4	-0.29	62.5	1.14e-53
0	Immune cells	CD8T	CD8Tcm	APOB	-1.31	67.1	1.42e-53
0	Immune cells	CD8T	CD8Tcm	PLA2G7	-0.64	59.4	3.14e-53
0	Immune cells	CD8T	CD8Tcm	FPR3	-0.57	59.1	2.84e-52
0	Immune cells	CD8T	CD8Tcm	STEAP1	-0.32	39.0	9.2e-52
0	Immune cells	CD8T	CD8Tcm	CFH	-0.95	66.9	3.96e-51
0	Immune cells	CD8T	CD8Tcm	G0S2	-0.61	61.9	4.3e-51
0	Immune cells	CD8T	CD8Tcm	PLOD2	-0.33	45.6	2.84e-50
0	Immune cells	CD8T	CD8Tcm	C1orf54	-0.55	60.5	3.06e-49
0	Immune cells	CD8T	CD8Tcm	RGS5	-0.68	39.5	7.83e-49
0	Immune cells	CD8T	CD8Tcm	CD86	-0.5	59.8	2.95e-48
0	Immune cells	CD8T	CD8Tcm	MGST1	-0.94	64.8	4.03e-48
0	Immune cells	CD8T	CD8Tcm	ANGPTL8	-1.02	64.4	6.82e-48
0	Immune cells	CD8T	CD8Tcm	AKR1C3	-1.06	68.9	1.69e-47
0	Immune cells	CD8T	CD8Tcm	SHMT2	-0.33	64.9	4.37e-47
0	Immune cells	CD8T	CD8Tcm	SPARC	-0.78	44.0	2.24e-46
0	Immune cells	CD8T	CD8Tcm	SOX4	-0.52	62.4	3.7e-46
0	Immune cells	CD8T	CD8Tcm	PRAP1	-0.92	65.5	5.4e-46
0	Immune cells	CD8T	CD8Tcm	HGF	-0.25	47.1	7.94e-46
0	Immune cells	CD8T	CD8Tcm	AQP3	0.26	67.4	1.22e-45
0	Immune cells	CD8T	CD8Tcm	CLEC10A	-0.35	30.5	1.28e-45
0	Immune cells	CD8T	CD8Tcm	PMP22	-0.28	35.4	3.81e-45
0	Immune cells	CD8T	CD8Tcm	H1F0	-0.33	61.6	4.72e-45
0	Immune cells	CD8T	CD8Tcm	CNPY2	-0.28	67.3	1.47e-44
0	Immune cells	CD8T	CD8Tcm	PON2	-0.52	63.2	1.01e-43
0	Immune cells	CD8T	CD8Tcm	MMP12	-1.83	64.2	1.49e-43
0	Immune cells	CD8T	CD8Tcm	ALDH1A1	-0.59	58.2	2.13e-43
0	Immune cells	CD8T	CD8Tcm	ALB	-1.87	95.7	4.13e-43
0	Immune cells	CD8T	CD8Tcm	PROS1	-0.4	55.9	6.26e-43
0	Immune cells	CD8T	CD8Tcm	RARRES2	-0.95	64.8	8.25e-43
0	Immune cells	CD8T	CD8Tcm	SLC9A3R1	0.3	68.9	4.75e-42
0	Immune cells	CD8T	CD8Tcm	PTGR1	-0.31	38.6	1.37e-41
0	Immune cells	CD8T	CD8Tcm	PKIB	-0.33	47.8	3.29e-41
0	Immune cells	CD8T	CD8Tcm	ACOT13	-0.27	65.1	4.03e-41
0	Immune cells	CD8T	CD8Tcm	FGFBP2	0.29	22.3	6.62e-41
0	Immune cells	CD8T	CD8Tcm	GPC3	-1.0	66.4	1.17e-40
0	Immune cells	CD8T	CD8Tcm	MTTP	-0.28	37.7	1.24e-40
0	Immune cells	CD8T	CD8Tcm	CCL3L3	-0.82	63.6	1.35e-40
0	Immune cells	CD8T	CD8Tcm	COL1A2	-0.39	30.9	2.21e-40
0	Immune cells	CD8T	CD8Tcm	GPX3	-0.51	62.7	2.55e-40
0	Immune cells	CD8T	CD8Tcm	VSIG4	-0.36	40.4	3.15e-40
0	Immune cells	CD8T	CD8Tcm	RB1CC1	-0.28	65.8	2.74e-39
0	Immune cells	CD8T	CD8Tcm	APOH	-1.15	66.6	7.05e-38
0	Immune cells	CD8T	CD8Tcm	BASP1	-0.59	60.3	8.57e-38
0	Immune cells	CD8T	CD8Tcm	NGFRAP1	-0.5	64.3	2.1e-37
0	Immune cells	CD8T	CD8Tcm	TM4SF5	-1.0	65.0	2.23e-37
0	Immune cells	CD8T	CD8Tcm	FAM46A	-0.49	63.8	2.33e-37
0	Immune cells	CD8T	CD8Tcm	HSPA6	0.86	74.1	6.17e-37
0	Immune cells	CD8T	CD8Tcm	QPRT	-0.35	58.8	2.53e-36
0	Immune cells	CD8T	CD8Tcm	DNAJB4	0.38	75.3	4.85e-36
0	Immune cells	CD8T	CD8Tcm	PROC	-0.51	54.9	3.57e-35
0	Immune cells	CD8T	CD8Tcm	AZGP1	-0.32	34.4	3.65e-35
0	Immune cells	CD8T	CD8Tcm	FGB	-0.87	64.9	5.77e-35
0	Immune cells	CD8T	CD8Tcm	PAICS	-0.26	62.4	1.18e-34
0	Immune cells	CD8T	CD8Tcm	CP	-1.2	65.4	1.25e-34
0	Immune cells	CD8T	CD8Tcm	GDF15	-0.65	63.5	8.39e-34
0	Immune cells	CD8T	CD8Tcm	MMP9	-1.07	63.3	9.54e-34
0	Immune cells	CD8T	CD8Tcm	LRG1	-0.5	54.8	2.66e-33
0	Immune cells	CD8T	CD8Tcm	C5AR1	-0.64	57.1	7.81e-32
0	Immune cells	CD8T	CD8Tcm	LGALS2	-0.32	33.7	1.15e-31
0	Immune cells	CD8T	CD8Tcm	C1orf162	-0.49	66.1	1.19e-31
0	Immune cells	CD8T	CD8Tcm	BCHE	-0.79	63.1	1.41e-31
0	Immune cells	CD8T	CD8Tcm	ETS2	-0.35	62.8	4e-31
0	Immune cells	CD8T	CD8Tcm	TFR2	-0.27	42.6	1.92e-30
0	Immune cells	CD8T	CD8Tcm	MTHFD2L	-0.34	64.2	1.4e-29
0	Immune cells	CD8T	CD8Tcm	RND3	-0.38	52.9	1.46e-29
0	Immune cells	CD8T	CD8Tcm	LAPTM4B	-0.72	65.3	2.02e-29
0	Immune cells	CD8T	CD8Tcm	SERINC2	-0.3	51.8	2.79e-29
0	Immune cells	CD8T	CD8Tcm	CYR61	-0.28	38.0	2.82e-29
0	Immune cells	CD8T	CD8Tcm	LST1	-0.49	69.4	6.27e-29
0	Immune cells	CD8T	CD8Tcm	FXYD2	-0.55	63.9	9.78e-29
0	Immune cells	CD8T	CD8Tcm	TMEM97	-0.27	49.6	2.24e-28
0	Immune cells	CD8T	CD8Tcm	FN1	-0.58	57.3	4.53e-28
0	Immune cells	CD8T	CD8Tcm	GCSH	-0.28	64.0	6e-28
0	Immune cells	CD8T	CD8Tcm	NPW	-0.92	65.0	9.6e-28
0	Immune cells	CD8T	CD8Tcm	AHCY	-0.3	62.9	1.48e-27
0	Immune cells	CD8T	CD8Tcm	CXCL1	-0.28	52.4	1.98e-27
0	Immune cells	CD8T	CD8Tcm	ISOC2	-0.27	63.8	4.02e-27
0	Immune cells	CD8T	CD8Tcm	EGLN3	-0.27	59.6	6.65e-27
0	Immune cells	CD8T	CD8Tcm	MNDA	-0.64	57.4	7.57e-27
0	Immune cells	CD8T	CD8Tcm	TOB1	0.27	68.3	1.12e-26
0	Immune cells	CD8T	CD8Tcm	IGHG3	-2.34	46.3	2.03e-26
0	Immune cells	CD8T	CD8Tcm	EPB41L3	-0.37	50.2	2.04e-26
0	Immune cells	CD8T	CD8Tcm	APOC3	-0.99	65.0	4.57e-26
0	Immune cells	CD8T	CD8Tcm	GGH	-0.5	63.9	6.6e-26
0	Immune cells	CD8T	CD8Tcm	KRT8	-0.77	65.6	7.81e-26
0	Immune cells	CD8T	CD8Tcm	HILPDA	-0.28	59.7	1.26e-25
0	Immune cells	CD8T	CD8Tcm	SLC39A4	-0.32	64.1	4.67e-25
0	Immune cells	CD8T	CD8Tcm	MST1	-0.3	54.1	2.52e-24
0	Immune cells	CD8T	CD8Tcm	TOP2A	-0.38	61.0	2.84e-24
0	Immune cells	CD8T	CD8Tcm	CLEC7A	-0.41	62.3	3.86e-24
0	Immune cells	CD8T	CD8Tcm	ITGAX	-0.33	56.1	4.59e-24
0	Immune cells	CD8T	CD8Tcm	TPSB2	-0.75	21.6	7.04e-24
0	Immune cells	CD8T	CD8Tcm	COL3A1	-0.37	25.6	5.09e-23
0	Immune cells	CD8T	CD8Tcm	SERPINF1	-0.59	60.6	6.82e-23
0	Immune cells	CD8T	CD8Tcm	TSPAN6	-0.4	50.6	8.34e-23
0	Immune cells	CD8T	CD8Tcm	WDR72	-0.28	46.6	1.12e-22
0	Immune cells	CD8T	CD8Tcm	SERPINA6	-0.32	44.0	1.47e-22
0	Immune cells	CD8T	CD8Tcm	TPM1	-0.31	63.8	1.49e-22
0	Immune cells	CD8T	CD8Tcm	TM4SF1	-0.26	62.9	2.6e-22
0	Immune cells	CD8T	CD8Tcm	CKS1B	-0.28	64.3	2.63e-22
0	Immune cells	CD8T	CD8Tcm	CALD1	-0.82	62.3	9.21e-22
0	Immune cells	CD8T	CD8Tcm	CTHRC1	-0.55	58.8	2.28e-20
0	Immune cells	CD8T	CD8Tcm	KDELR3	-0.34	49.5	6.75e-20
0	Immune cells	CD8T	CD8Tcm	IL1RN	-0.88	59.6	1.52e-19
0	Immune cells	CD8T	CD8Tcm	ANGPTL3	-0.54	56.0	1.66e-19
0	Immune cells	CD8T	CD8Tcm	F2	-0.77	63.4	1.77e-19
0	Immune cells	CD8T	CD8Tcm	C8orf4	-0.28	53.8	3.28e-19
0	Immune cells	CD8T	CD8Tcm	IGHG2	-0.37	27.0	3.96e-19
0	Immune cells	CD8T	CD8Tcm	NRP2	-0.41	50.8	7.29e-19
0	Immune cells	CD8T	CD8Tcm	NCEH1	-0.29	53.6	1.6e-18
0	Immune cells	CD8T	CD8Tcm	PHLDA2	-0.39	64.5	1.76e-18
0	Immune cells	CD8T	CD8Tcm	TM4SF4	-0.48	57.5	2.52e-18
0	Immune cells	CD8T	CD8Tcm	CCND1	-0.27	57.2	4.76e-18
0	Immune cells	CD8T	CD8Tcm	CFB	-0.59	64.0	6.59e-18
0	Immune cells	CD8T	CD8Tcm	STC1	-0.49	6.5	6.98e-18
0	Immune cells	CD8T	CD8Tcm	FGG	-0.82	61.6	8.69e-18
0	Immune cells	CD8T	CD8Tcm	GC	-0.82	64.7	1.25e-17
0	Immune cells	CD8T	CD8Tcm	SERPINE1	-0.38	63.1	3.65e-17
0	Immune cells	CD8T	CD8Tcm	ORM1	-0.73	60.6	4.79e-17
0	Immune cells	CD8T	CD8Tcm	TPM2	-0.47	64.5	5.83e-17
0	Immune cells	CD8T	CD8Tcm	AKR1C4	-0.96	67.0	1.83e-16
0	Immune cells	CD8T	CD8Tcm	FGL1	-0.76	64.2	1.91e-16
0	Immune cells	CD8T	CD8Tcm	PDK4	-0.46	46.6	6.63e-16
0	Immune cells	CD8T	CD8Tcm	LILRB5	-0.33	59.2	9.64e-16
0	Immune cells	CD8T	CD8Tcm	GPR34	-0.45	53.3	1.06e-15
0	Immune cells	CD8T	CD8Tcm	WARS	-0.25	60.1	1.45e-15
0	Immune cells	CD8T	CD8Tcm	KRT18	-0.9	67.2	1.46e-15
0	Immune cells	CD8T	CD8Tcm	FKBP10	-0.29	55.7	1.6e-15
0	Immune cells	CD8T	CD8Tcm	HMGB3	-0.25	61.9	2.24e-15
0	Immune cells	CD8T	CD8Tcm	TRIB1	-0.28	62.9	2.9e-15
0	Immune cells	CD8T	CD8Tcm	LBP	-0.68	63.2	4.56e-15
0	Immune cells	CD8T	CD8Tcm	C3	-0.58	64.5	1.04e-14
0	Immune cells	CD8T	CD8Tcm	CFI	-0.41	55.3	1.08e-14
0	Immune cells	CD8T	CD8Tcm	ALG3	-0.27	64.7	3.73e-14
0	Immune cells	CD8T	CD8Tcm	PHGDH	-0.26	52.6	8.19e-14
0	Immune cells	CD8T	CD8Tcm	TST	-0.3	58.0	2.2e-13
0	Immune cells	CD8T	CD8Tcm	MDK	-0.65	64.3	3.54e-13
0	Immune cells	CD8T	CD8Tcm	ANG	-0.42	62.6	3.85e-13
0	Immune cells	CD8T	CD8Tcm	ATF3	-0.33	71.5	4.14e-13
0	Immune cells	CD8T	CD8Tcm	PLXDC2	-0.29	45.1	7.53e-13
0	Immune cells	CD8T	CD8Tcm	CFD	-0.43	57.6	2.78e-12
0	Immune cells	CD8T	CD8Tcm	SERPINH1	0.28	68.4	4.3e-12
0	Immune cells	CD8T	CD8Tcm	PHACTR1	-0.47	52.5	4.96e-12
0	Immune cells	CD8T	CD8Tcm	DHCR24	-0.52	64.0	6.31e-12
0	Immune cells	CD8T	CD8Tcm	LPAR6	-0.28	65.6	9.39e-12
0	Immune cells	CD8T	CD8Tcm	CXCL3	-1.02	63.6	1.34e-11
0	Immune cells	CD8T	CD8Tcm	IFI30	-0.41	47.8	2.24e-11
0	Immune cells	CD8T	CD8Tcm	CD93	-0.51	58.1	3.06e-11
0	Immune cells	CD8T	CD8Tcm	DEFB1	-0.33	58.7	4.36e-11
0	Immune cells	CD8T	CD8Tcm	ITIH2	-0.5	62.9	5.63e-11
0	Immune cells	CD8T	CD8Tcm	HPX	-0.48	61.8	8.61e-11
0	Immune cells	CD8T	CD8Tcm	HES1	-0.53	59.7	9.62e-11
0	Immune cells	CD8T	CD8Tcm	FABP4	-1.11	59.0	1.53e-10
0	Immune cells	CD8T	CD8Tcm	FCGR2B	-0.28	49.3	1.69e-10
0	Immune cells	CD8T	CD8Tcm	CCL2	-0.79	62.3	4.51e-10
0	Immune cells	CD8T	CD8Tcm	RCAN1	-0.28	61.6	5.16e-10
0	Immune cells	CD8T	CD8Tcm	UGDH	-0.39	64.0	6.7e-10
0	Immune cells	CD8T	CD8Tcm	C4BPB	-0.27	43.5	8.6e-10
0	Immune cells	CD8T	CD8Tcm	PPP1R16A	-0.35	59.8	8.98e-10
0	Immune cells	CD8T	CD8Tcm	TMEM45A	-0.29	55.8	1.07e-09
0	Immune cells	CD8T	CD8Tcm	SDS	-0.28	49.6	1.21e-09
0	Immune cells	CD8T	CD8Tcm	LPCAT2	-0.26	47.6	4.42e-09
0	Immune cells	CD8T	CD8Tcm	FBP1	-0.42	59.2	4.84e-09
0	Immune cells	CD8T	CD8Tcm	CES1	-0.36	53.6	5.74e-09
0	Immune cells	CD8T	CD8Tcm	FGA	-0.6	63.3	6.39e-09
0	Immune cells	CD8T	CD8Tcm	VMO1	-0.28	39.3	8.01e-09
0	Immune cells	CD8T	CD8Tcm	IGF2	-0.6	66.6	9.88e-09
0	Immune cells	CD8T	CD8Tcm	PLG	-0.45	60.5	1.2e-08
0	Immune cells	CD8T	CD8Tcm	LACTB2	-0.3	63.3	1.47e-08
0	Immune cells	CD8T	CD8Tcm	CXCL10	-0.47	27.5	1.76e-08
0	Immune cells	CD8T	CD8Tcm	AKR1C2	-0.48	63.4	2.52e-08
0	Immune cells	CD8T	CD8Tcm	KIAA0101	-0.29	56.0	3.62e-08
0	Immune cells	CD8T	CD8Tcm	TNFRSF12A	-0.28	63.9	7.26e-08
0	Immune cells	CD8T	CD8Tcm	NID1	-0.34	59.3	2.97e-07
0	Immune cells	CD8T	CD8Tcm	CLDN1	-0.61	64.4	6.13e-07
0	Immune cells	CD8T	CD8Tcm	GAGE2A	-0.88	65.5	6.33e-07
0	Immune cells	CD8T	CD8Tcm	APOA2	-1.85	97.3	7.97e-07
0	Immune cells	CD8T	CD8Tcm	IGF2BP2	-0.25	47.5	1.73e-06
0	Immune cells	CD8T	CD8Tcm	IL4I1	-0.31	64.9	1.87e-06
0	Immune cells	CD8T	CD8Tcm	SELM	-0.27	65.9	2.26e-06
0	Immune cells	CD8T	CD8Tcm	FAM198B	-0.3	48.3	2.96e-06
0	Immune cells	CD8T	CD8Tcm	GPX2	-0.61	64.5	3.67e-06
0	Immune cells	CD8T	CD8Tcm	IGKC	-1.82	67.6	7.8e-06
0	Immune cells	CD8T	CD8Tcm	VCAM1	-0.28	49.5	8.42e-06
1	Malignant cells	Malignant	Malignant	APOA2	1.69	100.0	0
1	Malignant cells	Malignant	Malignant	SERPINA1	1.62	100.0	0
1	Malignant cells	Malignant	Malignant	FABP1	1.61	100.0	0
1	Malignant cells	Malignant	Malignant	AKR1C1	1.5	100.0	0
1	Malignant cells	Malignant	Malignant	APOM	1.49	99.9	0
1	Malignant cells	Malignant	Malignant	RBP4	1.47	100.0	0
1	Malignant cells	Malignant	Malignant	ALB	1.47	100.0	0
1	Malignant cells	Malignant	Malignant	AKR1C3	1.43	100.0	0
1	Malignant cells	Malignant	Malignant	SPINK1	1.43	100.0	0
1	Malignant cells	Malignant	Malignant	AKR1C4	1.41	100.0	0
1	Malignant cells	Malignant	Malignant	AMBP	1.4	100.0	0
1	Malignant cells	Malignant	Malignant	RPL22L1	1.38	100.0	0
1	Malignant cells	Malignant	Malignant	APOA1	1.38	100.0	0
1	Malignant cells	Malignant	Malignant	VTN	1.37	100.0	0
1	Malignant cells	Malignant	Malignant	APOH	1.35	100.0	0
1	Malignant cells	Malignant	Malignant	TTR	1.34	100.0	0
1	Malignant cells	Malignant	Malignant	GAGE2A	1.32	100.0	0
1	Malignant cells	Malignant	Malignant	AKR1B10	1.32	95.3	0
1	Malignant cells	Malignant	Malignant	AFP	1.3	99.9	0
1	Malignant cells	Malignant	Malignant	AGT	1.29	100.0	0
1	Malignant cells	Malignant	Malignant	MGST1	1.27	99.9	0
1	Malignant cells	Malignant	Malignant	APOB	1.27	100.0	0
1	Malignant cells	Malignant	Malignant	KRT18	1.26	100.0	0
1	Malignant cells	Malignant	Malignant	DDT	1.25	100.0	0
1	Malignant cells	Malignant	Malignant	NPW	1.24	99.8	0
1	Malignant cells	Malignant	Malignant	BCHE	1.23	99.8	0
1	Malignant cells	Malignant	Malignant	SQSTM1	1.22	100.0	0
1	Malignant cells	Malignant	Malignant	TM4SF5	1.19	99.8	0
1	Malignant cells	Malignant	Malignant	NTS	1.18	99.7	0
1	Malignant cells	Malignant	Malignant	AHSG	1.17	99.6	0
1	Malignant cells	Malignant	Malignant	TF	1.17	100.0	0
1	Malignant cells	Malignant	Malignant	GPX2	1.15	99.0	0
1	Malignant cells	Malignant	Malignant	RARRES2	1.15	100.0	0
1	Malignant cells	Malignant	Malignant	CLU	1.14	100.0	0
1	Malignant cells	Malignant	Malignant	CHCHD10	1.13	99.9	0
1	Malignant cells	Malignant	Malignant	FGL1	1.12	99.8	0
1	Malignant cells	Malignant	Malignant	LAPTM4B	1.1	100.0	0
1	Malignant cells	Malignant	Malignant	CXCL17	1.1	89.1	0
1	Malignant cells	Malignant	Malignant	CP	1.09	100.0	0
1	Malignant cells	Malignant	Malignant	GC	1.09	100.0	0
1	Malignant cells	Malignant	Malignant	PRAP1	1.08	99.9	0
1	Malignant cells	Malignant	Malignant	CFH	1.08	100.0	0
1	Malignant cells	Malignant	Malignant	KRT8	1.07	100.0	0
1	Malignant cells	Malignant	Malignant	GPC3	1.07	100.0	0
1	Malignant cells	Malignant	Malignant	ORM1	1.05	99.3	0
1	Malignant cells	Malignant	Malignant	TFPI	1.04	100.0	0
1	Malignant cells	Malignant	Malignant	IFITM3	1.03	100.0	0
1	Malignant cells	Malignant	Malignant	FGG	1.02	100.0	0
1	Malignant cells	Malignant	Malignant	FGB	1.02	99.8	0
1	Malignant cells	Malignant	Malignant	ANGPTL8	1.02	98.8	0
1	Malignant cells	Malignant	Malignant	RPL7	1.01	100.0	0
1	Malignant cells	Malignant	Malignant	MDK	1.0	99.3	0
1	Malignant cells	Malignant	Malignant	F2	1.0	99.8	0
1	Malignant cells	Malignant	Malignant	LBP	0.97	99.8	0
1	Malignant cells	Malignant	Malignant	MPST	0.95	99.8	0
1	Malignant cells	Malignant	Malignant	ATP5G1	0.93	100.0	0
1	Malignant cells	Malignant	Malignant	ALDH1A1	0.92	99.8	0
1	Malignant cells	Malignant	Malignant	NQO1	0.92	99.6	0
1	Malignant cells	Malignant	Malignant	MAL2	0.92	99.9	0
1	Malignant cells	Malignant	Malignant	TSPAN8	0.91	99.4	0
1	Malignant cells	Malignant	Malignant	ORM2	0.9	99.0	0
1	Malignant cells	Malignant	Malignant	ASGR1	0.89	99.6	0
1	Malignant cells	Malignant	Malignant	CLDN1	0.88	100.0	0
1	Malignant cells	Malignant	Malignant	TMEM176A	0.87	99.7	0
1	Malignant cells	Malignant	Malignant	ANGPTL3	0.87	99.5	0
1	Malignant cells	Malignant	Malignant	RPL8	0.87	100.0	0
1	Malignant cells	Malignant	Malignant	CTHRC1	0.87	99.8	0
1	Malignant cells	Malignant	Malignant	DHCR24	0.87	100.0	0
1	Malignant cells	Malignant	Malignant	S100P	0.86	92.0	0
1	Malignant cells	Malignant	Malignant	PRDX4	0.86	99.9	0
1	Malignant cells	Malignant	Malignant	SERPINF1	0.85	99.8	0
1	Malignant cells	Malignant	Malignant	FGA	0.85	99.5	0
1	Malignant cells	Malignant	Malignant	NME1	0.84	99.9	0
1	Malignant cells	Malignant	Malignant	APOC3	0.83	97.0	0
1	Malignant cells	Malignant	Malignant	UGT2B4	0.82	99.6	0
1	Malignant cells	Malignant	Malignant	LRG1	0.82	99.3	0
1	Malignant cells	Malignant	Malignant	PCSK1N	0.82	99.2	0
1	Malignant cells	Malignant	Malignant	FDPS	0.82	99.5	0
1	Malignant cells	Malignant	Malignant	AKR1C2	0.82	99.3	0
1	Malignant cells	Malignant	Malignant	CYB5A	0.82	99.5	0
1	Malignant cells	Malignant	Malignant	PROC	0.81	99.8	0
1	Malignant cells	Malignant	Malignant	PTGDS	0.81	86.4	0
1	Malignant cells	Malignant	Malignant	FXYD2	0.81	99.5	0
1	Malignant cells	Malignant	Malignant	GDF15	0.81	97.9	0
1	Malignant cells	Malignant	Malignant	AGR2	0.8	92.8	0
1	Malignant cells	Malignant	Malignant	ETFB	0.8	99.9	0
1	Malignant cells	Malignant	Malignant	ITIH2	0.8	99.7	0
1	Malignant cells	Malignant	Malignant	UGDH	0.79	99.7	0
1	Malignant cells	Malignant	Malignant	DMKN	0.79	99.6	0
1	Malignant cells	Malignant	Malignant	TM4SF4	0.78	99.8	0
1	Malignant cells	Malignant	Malignant	NDUFB9	0.77	100.0	0
1	Malignant cells	Malignant	Malignant	KNG1	0.76	99.5	0
1	Malignant cells	Malignant	Malignant	ASPH	0.76	100.0	0
1	Malignant cells	Malignant	Malignant	SLC22A18	0.76	98.6	0
1	Malignant cells	Malignant	Malignant	PSMB5	0.75	99.8	0
1	Malignant cells	Malignant	Malignant	TRNP1	0.75	99.6	0
1	Malignant cells	Malignant	Malignant	GGH	0.75	99.6	0
1	Malignant cells	Malignant	Malignant	PON2	0.75	99.8	0
1	Malignant cells	Malignant	Malignant	CFB	0.75	99.9	0
1	Malignant cells	Malignant	Malignant	TMEM176B	0.75	99.8	0
1	Malignant cells	Malignant	Malignant	EIF3E	0.75	100.0	0
1	Malignant cells	Malignant	Malignant	KDELR2	0.74	100.0	0
1	Malignant cells	Malignant	Malignant	ANG	0.74	98.1	0
1	Malignant cells	Malignant	Malignant	RPL5	0.73	100.0	0
1	Malignant cells	Malignant	Malignant	HPX	0.73	99.5	0
1	Malignant cells	Malignant	Malignant	MPC2	0.73	99.9	0
1	Malignant cells	Malignant	Malignant	COX7A2L	0.72	99.9	0
1	Malignant cells	Malignant	Malignant	FXYD1	0.72	96.8	0
1	Malignant cells	Malignant	Malignant	GPX3	0.72	98.8	0
1	Malignant cells	Malignant	Malignant	PRDX2	0.71	100.0	0
1	Malignant cells	Malignant	Malignant	SLIRP	0.71	100.0	0
1	Malignant cells	Malignant	Malignant	SERPING1	0.71	99.9	0
1	Malignant cells	Malignant	Malignant	HRG	0.71	94.0	0
1	Malignant cells	Malignant	Malignant	PRDX5	0.71	100.0	0
1	Malignant cells	Malignant	Malignant	TSPAN6	0.71	99.5	0
1	Malignant cells	Malignant	Malignant	KDELR3	0.7	98.6	0
1	Malignant cells	Malignant	Malignant	TKT	0.7	99.7	0
1	Malignant cells	Malignant	Malignant	NPM1	0.7	100.0	0
1	Malignant cells	Malignant	Malignant	TCEB1	0.69	100.0	0
1	Malignant cells	Malignant	Malignant	PEBP1	0.68	99.8	0
1	Malignant cells	Malignant	Malignant	CNPY2	0.68	99.8	0
1	Malignant cells	Malignant	Malignant	STEAP1	0.67	99.0	0
1	Malignant cells	Malignant	Malignant	YIF1A	0.67	99.8	0
1	Malignant cells	Malignant	Malignant	HIST1H1C	0.67	99.3	0
1	Malignant cells	Malignant	Malignant	ASGR2	0.67	99.4	0
1	Malignant cells	Malignant	Malignant	PLG	0.67	99.5	0
1	Malignant cells	Malignant	Malignant	PRDX6	0.66	99.9	0
1	Malignant cells	Malignant	Malignant	CFI	0.66	99.6	0
1	Malignant cells	Malignant	Malignant	POLR2F	0.65	99.8	0
1	Malignant cells	Malignant	Malignant	LYPLA1	0.65	99.9	0
1	Malignant cells	Malignant	Malignant	S100A13	0.65	99.6	0
1	Malignant cells	Malignant	Malignant	RCN1	0.65	99.8	0
1	Malignant cells	Malignant	Malignant	EBP	0.65	98.9	0
1	Malignant cells	Malignant	Malignant	MTHFD2L	0.65	99.1	0
1	Malignant cells	Malignant	Malignant	NGFRAP1	0.64	99.6	0
1	Malignant cells	Malignant	Malignant	CFHR1	0.64	96.5	0
1	Malignant cells	Malignant	Malignant	CDKN2B-AS1	0.64	93.8	0
1	Malignant cells	Malignant	Malignant	TMEM141	0.64	98.8	0
1	Malignant cells	Malignant	Malignant	FST	0.64	97.7	0
1	Malignant cells	Malignant	Malignant	TMEM205	0.64	99.5	0
1	Malignant cells	Malignant	Malignant	GCLM	0.64	99.3	0
1	Malignant cells	Malignant	Malignant	PPP1R16A	0.63	98.8	0
1	Malignant cells	Malignant	Malignant	DRD4	0.63	90.5	0
1	Malignant cells	Malignant	Malignant	TPM2	0.63	99.4	0
1	Malignant cells	Malignant	Malignant	CDKN2A	0.63	98.9	0
1	Malignant cells	Malignant	Malignant	PKIB	0.62	98.4	0
1	Malignant cells	Malignant	Malignant	LACTB2	0.62	98.9	0
1	Malignant cells	Malignant	Malignant	ZFAS1	0.62	100.0	0
1	Malignant cells	Malignant	Malignant	POLR2K	0.62	99.8	0
1	Malignant cells	Malignant	Malignant	QPRT	0.62	99.3	0
1	Malignant cells	Malignant	Malignant	IGF2	0.62	98.1	0
1	Malignant cells	Malignant	Malignant	SLC17A3	0.61	97.9	0
1	Malignant cells	Malignant	Malignant	GCHFR	0.61	99.4	0
1	Malignant cells	Malignant	Malignant	DEFB1	0.61	82.3	0
1	Malignant cells	Malignant	Malignant	HMGCS1	0.61	95.2	0
1	Malignant cells	Malignant	Malignant	FKBP11	0.61	99.2	0
1	Malignant cells	Malignant	Malignant	SERPINA6	0.61	98.6	0
1	Malignant cells	Malignant	Malignant	SCCPDH	0.6	99.3	0
1	Malignant cells	Malignant	Malignant	TST	0.6	98.3	0
1	Malignant cells	Malignant	Malignant	ALG3	0.6	99.8	0
1	Malignant cells	Malignant	Malignant	SLC39A4	0.6	98.7	0
1	Malignant cells	Malignant	Malignant	SELM	0.6	99.4	0
1	Malignant cells	Malignant	Malignant	NUPR1	0.59	99.4	0
1	Malignant cells	Malignant	Malignant	PROS1	0.59	99.8	0
1	Malignant cells	Malignant	Malignant	GCSH	0.59	99.0	0
1	Malignant cells	Malignant	Malignant	NDUFA4	0.59	100.0	0
1	Malignant cells	Malignant	Malignant	AADAC	0.59	96.4	0
1	Malignant cells	Malignant	Malignant	EBPL	0.59	99.6	0
1	Malignant cells	Malignant	Malignant	A1BG	0.58	99.1	0
1	Malignant cells	Malignant	Malignant	HULC	0.58	94.2	0
1	Malignant cells	Malignant	Malignant	AZGP1	0.58	93.2	0
1	Malignant cells	Malignant	Malignant	APOE	0.58	100.0	0
1	Malignant cells	Malignant	Malignant	DNPH1	0.57	99.6	0
1	Malignant cells	Malignant	Malignant	MRPL13	0.57	99.8	0
1	Malignant cells	Malignant	Malignant	SHMT2	0.57	99.4	0
1	Malignant cells	Malignant	Malignant	PHGDH	0.57	98.6	0
1	Malignant cells	Malignant	Malignant	TOMM22	0.57	99.6	0
1	Malignant cells	Malignant	Malignant	CES1	0.57	97.6	0
1	Malignant cells	Malignant	Malignant	RSL24D1	0.56	99.9	0
1	Malignant cells	Malignant	Malignant	MRPL15	0.55	99.4	0
1	Malignant cells	Malignant	Malignant	TMEM97	0.55	97.9	0
1	Malignant cells	Malignant	Malignant	C8orf4	0.55	80.8	0
1	Malignant cells	Malignant	Malignant	AP1M2	0.55	93.9	0
1	Malignant cells	Malignant	Malignant	MDH2	0.55	99.9	0
1	Malignant cells	Malignant	Malignant	SEC61G	0.55	100.0	0
1	Malignant cells	Malignant	Malignant	AHCY	0.55	98.8	0
1	Malignant cells	Malignant	Malignant	CALD1	0.55	100.0	0
1	Malignant cells	Malignant	Malignant	PRAME	0.55	98.8	0
1	Malignant cells	Malignant	Malignant	PHLDA2	0.54	96.2	0
1	Malignant cells	Malignant	Malignant	C6orf48	0.54	99.4	0
1	Malignant cells	Malignant	Malignant	C4BPB	0.54	95.6	0
1	Malignant cells	Malignant	Malignant	C3	0.54	97.7	0
1	Malignant cells	Malignant	Malignant	C8orf59	0.54	99.9	0
1	Malignant cells	Malignant	Malignant	RB1CC1	0.54	99.8	0
1	Malignant cells	Malignant	Malignant	GOT1	0.54	98.1	0
1	Malignant cells	Malignant	Malignant	TRAM1	0.54	100.0	0
1	Malignant cells	Malignant	Malignant	EEF1B2	0.53	100.0	0
1	Malignant cells	Malignant	Malignant	CD151	0.53	99.8	0
1	Malignant cells	Malignant	Malignant	LSM2	0.53	99.8	0
1	Malignant cells	Malignant	Malignant	COA3	0.53	99.6	0
1	Malignant cells	Malignant	Malignant	CSTA	0.53	99.2	0
1	Malignant cells	Malignant	Malignant	MTTP	0.53	99.0	0
1	Malignant cells	Malignant	Malignant	WDR72	0.53	98.6	0
1	Malignant cells	Malignant	Malignant	RNF5	0.53	99.0	0
1	Malignant cells	Malignant	Malignant	ADI1	0.52	99.6	0
1	Malignant cells	Malignant	Malignant	SNCG	0.52	91.7	0
1	Malignant cells	Malignant	Malignant	TNFRSF12A	0.52	95.6	0
1	Malignant cells	Malignant	Malignant	HTATIP2	0.52	98.8	0
1	Malignant cells	Malignant	Malignant	UQCRH	0.52	100.0	0
1	Malignant cells	Malignant	Malignant	ZFAND1	0.52	98.8	0
1	Malignant cells	Malignant	Malignant	SERPIND1	0.52	98.1	0
1	Malignant cells	Malignant	Malignant	MSRB2	0.51	99.4	0
1	Malignant cells	Malignant	Malignant	PERP	0.51	98.9	0
1	Malignant cells	Malignant	Malignant	ACOT13	0.51	98.9	0
1	Malignant cells	Malignant	Malignant	TDO2	0.51	95.8	0
1	Malignant cells	Malignant	Malignant	PAH	0.51	98.2	0
1	Malignant cells	Malignant	Malignant	COPS5	0.51	99.9	0
1	Malignant cells	Malignant	Malignant	TFR2	0.5	98.4	0
1	Malignant cells	Malignant	Malignant	DCAF13	0.5	99.4	0
1	Malignant cells	Malignant	Malignant	UQCC2	0.5	99.7	0
1	Malignant cells	Malignant	Malignant	SLPI	0.5	92.1	0
1	Malignant cells	Malignant	Malignant	SQLE	0.5	96.2	0
1	Malignant cells	Malignant	Malignant	LEAP2	0.5	97.3	0
1	Malignant cells	Malignant	Malignant	PON1	0.5	93.3	0
1	Malignant cells	Malignant	Malignant	EEF1E1	0.5	99.1	0
1	Malignant cells	Malignant	Malignant	PTGR1	0.49	94.3	0
1	Malignant cells	Malignant	Malignant	MARCKSL1	0.49	99.1	0
1	Malignant cells	Malignant	Malignant	SERINC2	0.49	96.6	0
1	Malignant cells	Malignant	Malignant	CPB2	0.49	98.1	0
1	Malignant cells	Malignant	Malignant	IGFBP1	0.49	85.3	0
1	Malignant cells	Malignant	Malignant	TM7SF2	0.49	94.1	0
1	Malignant cells	Malignant	Malignant	DSP	0.49	97.5	0
1	Malignant cells	Malignant	Malignant	PCBD1	0.49	99.2	0
1	Malignant cells	Malignant	Malignant	NR1H4	0.49	97.1	0
1	Malignant cells	Malignant	Malignant	GSTA1	0.48	73.8	0
1	Malignant cells	Malignant	Malignant	NID1	0.48	94.4	0
1	Malignant cells	Malignant	Malignant	CAMK2N1	0.48	98.8	0
1	Malignant cells	Malignant	Malignant	TRIM16	0.48	97.0	0
1	Malignant cells	Malignant	Malignant	AK4	0.48	98.5	0
1	Malignant cells	Malignant	Malignant	GOLT1A	0.48	96.9	0
1	Malignant cells	Malignant	Malignant	RDX	0.48	99.4	0
1	Malignant cells	Malignant	Malignant	TRIM16L	0.48	96.2	0
1	Malignant cells	Malignant	Malignant	DUSP9	0.48	94.3	0
1	Malignant cells	Malignant	Malignant	FKBP10	0.48	98.8	0
1	Malignant cells	Malignant	Malignant	PPIC	0.48	98.0	0
1	Malignant cells	Malignant	Malignant	CYC1	0.48	99.4	0
1	Malignant cells	Malignant	Malignant	MGST2	0.48	99.4	0
1	Malignant cells	Malignant	Malignant	TATDN1	0.48	98.9	0
1	Malignant cells	Malignant	Malignant	ARPC1A	0.47	99.4	0
1	Malignant cells	Malignant	Malignant	POLR2H	0.47	99.5	0
1	Malignant cells	Malignant	Malignant	HPGD	0.47	94.3	0
1	Malignant cells	Malignant	Malignant	TRIB3	0.47	94.8	0
1	Malignant cells	Malignant	Malignant	C14orf1	0.47	98.0	0
1	Malignant cells	Malignant	Malignant	SNRPE	0.47	99.9	0
1	Malignant cells	Malignant	Malignant	TMEM14A	0.47	97.4	0
1	Malignant cells	Malignant	Malignant	SMARCA1	0.47	98.4	0
1	Malignant cells	Malignant	Malignant	SNRPF	0.47	99.9	0
1	Malignant cells	Malignant	Malignant	ERH	0.47	99.9	0
1	Malignant cells	Malignant	Malignant	MAGEF1	0.47	98.5	0
1	Malignant cells	Malignant	Malignant	CLDN3	0.46	95.9	0
1	Malignant cells	Malignant	Malignant	ACSL4	0.46	99.0	0
1	Malignant cells	Malignant	Malignant	PPP1R1A	0.46	95.4	0
1	Malignant cells	Malignant	Malignant	DECR1	0.46	99.2	0
1	Malignant cells	Malignant	Malignant	STARD10	0.46	98.5	0
1	Malignant cells	Malignant	Malignant	KRT19	0.46	94.6	0
1	Malignant cells	Malignant	Malignant	HSBP1L1	0.46	98.2	0
1	Malignant cells	Malignant	Malignant	TMEM45B	0.45	96.5	0
1	Malignant cells	Malignant	Malignant	ISOC2	0.45	98.6	0
1	Malignant cells	Malignant	Malignant	C8G	0.45	88.6	0
1	Malignant cells	Malignant	Malignant	AC005355.2	0.45	87.6	0
1	Malignant cells	Malignant	Malignant	CYP2D6	0.45	93.2	0
1	Malignant cells	Malignant	Malignant	CMTM8	0.45	97.5	0
1	Malignant cells	Malignant	Malignant	COA4	0.45	99.1	0
1	Malignant cells	Malignant	Malignant	CRYZ	0.44	98.6	0
1	Malignant cells	Malignant	Malignant	MRPL12	0.44	98.4	0
1	Malignant cells	Malignant	Malignant	CENPV	0.44	97.5	0
1	Malignant cells	Malignant	Malignant	RABGGTB	0.44	99.1	0
1	Malignant cells	Malignant	Malignant	TCEA1	0.44	99.8	0
1	Malignant cells	Malignant	Malignant	ACAT1	0.44	98.7	0
1	Malignant cells	Malignant	Malignant	LGR4	0.44	96.9	0
1	Malignant cells	Malignant	Malignant	PSAT1	0.44	95.6	0
1	Malignant cells	Malignant	Malignant	MRPS15	0.43	99.2	0
1	Malignant cells	Malignant	Malignant	HACD3	0.43	98.7	0
1	Malignant cells	Malignant	Malignant	RP11-297L17.2	0.43	95.3	0
1	Malignant cells	Malignant	Malignant	AGMO	0.43	96.4	0
1	Malignant cells	Malignant	Malignant	PIR	0.43	95.4	0
1	Malignant cells	Malignant	Malignant	PRODH2	0.43	95.9	0
1	Malignant cells	Malignant	Malignant	LRRC28	0.42	97.4	0
1	Malignant cells	Malignant	Malignant	MRPL14	0.42	99.4	0
1	Malignant cells	Malignant	Malignant	ESD	0.42	99.5	0
1	Malignant cells	Malignant	Malignant	SLC38A3	0.42	96.2	0
1	Malignant cells	Malignant	Malignant	TXNRD1	0.42	98.5	0
1	Malignant cells	Malignant	Malignant	IDH1	0.42	99.0	0
1	Malignant cells	Malignant	Malignant	FN1	0.42	99.1	0
1	Malignant cells	Malignant	Malignant	MMAB	0.42	96.7	0
1	Malignant cells	Malignant	Malignant	ID1	0.42	83.6	0
1	Malignant cells	Malignant	Malignant	RASGRP2	0.42	96.0	0
1	Malignant cells	Malignant	Malignant	NDUFB5	0.42	99.6	0
1	Malignant cells	Malignant	Malignant	SEC11C	0.42	99.1	0
1	Malignant cells	Malignant	Malignant	NDN	0.41	97.7	0
1	Malignant cells	Malignant	Malignant	SLC39A5	0.41	96.1	0
1	Malignant cells	Malignant	Malignant	SDC1	0.41	96.7	0
1	Malignant cells	Malignant	Malignant	MTCH2	0.41	98.7	0
1	Malignant cells	Malignant	Malignant	SNTB1	0.41	97.5	0
1	Malignant cells	Malignant	Malignant	ERBB3	0.41	97.5	0
1	Malignant cells	Malignant	Malignant	MANF	0.41	99.1	0
1	Malignant cells	Malignant	Malignant	SIGMAR1	0.41	98.1	0
1	Malignant cells	Malignant	Malignant	AIMP1	0.4	99.5	0
1	Malignant cells	Malignant	Malignant	APOC2	0.4	96.9	0
1	Malignant cells	Malignant	Malignant	SNHG8	0.4	99.5	0
1	Malignant cells	Malignant	Malignant	ASL	0.4	97.8	0
1	Malignant cells	Malignant	Malignant	SERPINA5	0.4	94.3	0
1	Malignant cells	Malignant	Malignant	ACOX2	0.4	90.6	0
1	Malignant cells	Malignant	Malignant	GAMT	0.4	94.9	0
1	Malignant cells	Malignant	Malignant	SLC43A1	0.39	97.4	0
1	Malignant cells	Malignant	Malignant	ENTPD5	0.39	97.3	0
1	Malignant cells	Malignant	Malignant	MPC1	0.39	98.8	0
1	Malignant cells	Malignant	Malignant	TMEM14B	0.39	99.2	0
1	Malignant cells	Malignant	Malignant	RP11-525A16.4	0.39	91.2	0
1	Malignant cells	Malignant	Malignant	A1CF	0.39	96.7	0
1	Malignant cells	Malignant	Malignant	EXOSC4	0.39	97.5	0
1	Malignant cells	Malignant	Malignant	TMEM5	0.39	96.8	0
1	Malignant cells	Malignant	Malignant	ODC1	0.39	97.2	0
1	Malignant cells	Malignant	Malignant	CCNB1IP1	0.39	97.1	0
1	Malignant cells	Malignant	Malignant	XPOT	0.39	97.8	0
1	Malignant cells	Malignant	Malignant	FASN	0.39	95.3	0
1	Malignant cells	Malignant	Malignant	PGRMC1	0.39	98.9	0
1	Malignant cells	Malignant	Malignant	LAGE3	0.39	98.5	0
1	Malignant cells	Malignant	Malignant	MASP1	0.39	94.8	0
1	Malignant cells	Malignant	Malignant	MSMO1	0.39	92.5	0
1	Malignant cells	Malignant	Malignant	ASS1	0.39	93.9	0
1	Malignant cells	Malignant	Malignant	HRSP12	0.39	96.9	0
1	Malignant cells	Malignant	Malignant	NR2F6	0.39	96.8	0
1	Malignant cells	Malignant	Malignant	MRPS28	0.38	98.1	0
1	Malignant cells	Malignant	Malignant	NIPSNAP1	0.38	97.8	0
1	Malignant cells	Malignant	Malignant	NUDCD2	0.38	99.0	0
1	Malignant cells	Malignant	Malignant	NUDC	0.38	99.4	0
1	Malignant cells	Malignant	Malignant	HGD	0.38	96.2	0
1	Malignant cells	Malignant	Malignant	TPD52	0.38	98.8	0
1	Malignant cells	Malignant	Malignant	EPB41L4A-AS1	0.38	96.0	0
1	Malignant cells	Malignant	Malignant	B9D1	0.38	95.4	0
1	Malignant cells	Malignant	Malignant	ELF3	0.38	89.6	0
1	Malignant cells	Malignant	Malignant	TRPM4	0.38	96.1	0
1	Malignant cells	Malignant	Malignant	PHYH	0.37	97.2	0
1	Malignant cells	Malignant	Malignant	PLOD2	0.37	97.2	0
1	Malignant cells	Malignant	Malignant	PTPRF	0.37	96.4	0
1	Malignant cells	Malignant	Malignant	APOC4-APOC2	0.37	95.8	0
1	Malignant cells	Malignant	Malignant	HP	0.37	85.4	0
1	Malignant cells	Malignant	Malignant	RP11-469A15.2	0.37	95.3	0
1	Malignant cells	Malignant	Malignant	S100A16	0.37	95.8	0
1	Malignant cells	Malignant	Malignant	AK6	0.37	98.3	0
1	Malignant cells	Malignant	Malignant	RP11-14N7.2	0.37	96.4	0
1	Malignant cells	Malignant	Malignant	PGAM2	0.37	86.2	0
1	Malignant cells	Malignant	Malignant	NAT8	0.37	92.7	0
1	Malignant cells	Malignant	Malignant	MST1	0.37	96.9	0
1	Malignant cells	Malignant	Malignant	VARS	0.37	97.3	0
1	Malignant cells	Malignant	Malignant	NUDT14	0.37	97.3	0
1	Malignant cells	Malignant	Malignant	PROX1	0.36	95.0	0
1	Malignant cells	Malignant	Malignant	NNMT	0.36	88.1	0
1	Malignant cells	Malignant	Malignant	SNRPD1	0.36	99.6	0
1	Malignant cells	Malignant	Malignant	CLGN	0.36	92.0	0
1	Malignant cells	Malignant	Malignant	SLC25A13	0.36	98.2	0
1	Malignant cells	Malignant	Malignant	NET1	0.36	96.2	0
1	Malignant cells	Malignant	Malignant	ECHS1	0.36	98.5	0
1	Malignant cells	Malignant	Malignant	MTFR1	0.36	96.1	0
1	Malignant cells	Malignant	Malignant	TSPAN12	0.36	95.6	0
1	Malignant cells	Malignant	Malignant	GLRX5	0.36	99.1	0
1	Malignant cells	Malignant	Malignant	AMN	0.36	94.7	0
1	Malignant cells	Malignant	Malignant	NREP	0.36	96.2	0
1	Malignant cells	Malignant	Malignant	PEG10	0.36	91.9	0
1	Malignant cells	Malignant	Malignant	NDUFAF2	0.35	98.6	0
1	Malignant cells	Malignant	Malignant	GSTA4	0.35	96.9	0
1	Malignant cells	Malignant	Malignant	CDH2	0.35	96.1	0
1	Malignant cells	Malignant	Malignant	HMGCS2	0.35	88.6	0
1	Malignant cells	Malignant	Malignant	MINA	0.35	95.7	0
1	Malignant cells	Malignant	Malignant	IGF2BP2	0.35	96.0	0
1	Malignant cells	Malignant	Malignant	CFL2	0.35	97.7	0
1	Malignant cells	Malignant	Malignant	FOXA3	0.35	93.9	0
1	Malignant cells	Malignant	Malignant	SLC50A1	0.35	97.0	0
1	Malignant cells	Malignant	Malignant	C1S	0.35	95.3	0
1	Malignant cells	Malignant	Malignant	F10	0.35	95.3	0
1	Malignant cells	Malignant	Malignant	C5	0.35	95.9	0
1	Malignant cells	Malignant	Malignant	HYAL1	0.34	93.9	0
1	Malignant cells	Malignant	Malignant	APOA1BP	0.34	97.5	0
1	Malignant cells	Malignant	Malignant	MAGED1	0.34	95.4	0
1	Malignant cells	Malignant	Malignant	MKKS	0.34	99.0	0
1	Malignant cells	Malignant	Malignant	HOOK1	0.34	95.8	0
1	Malignant cells	Malignant	Malignant	SERPINA4	0.34	94.2	0
1	Malignant cells	Malignant	Malignant	UCHL1	0.34	82.8	0
1	Malignant cells	Malignant	Malignant	COL5A2	0.34	94.0	0
1	Malignant cells	Malignant	Malignant	SERPINC1	0.34	86.0	0
1	Malignant cells	Malignant	Malignant	VSNL1	0.34	93.8	0
1	Malignant cells	Malignant	Malignant	FADS1	0.34	90.9	0
1	Malignant cells	Malignant	Malignant	PLA2G16	0.34	96.5	0
1	Malignant cells	Malignant	Malignant	ECE2	0.33	94.7	0
1	Malignant cells	Malignant	Malignant	CKAP4	0.33	96.1	0
1	Malignant cells	Malignant	Malignant	METTL7B	0.33	92.2	0
1	Malignant cells	Malignant	Malignant	CDC42EP1	0.33	94.6	0
1	Malignant cells	Malignant	Malignant	SLC39A14	0.33	95.2	0
1	Malignant cells	Malignant	Malignant	TMCC1	0.33	93.5	0
1	Malignant cells	Malignant	Malignant	C7orf55	0.33	96.4	0
1	Malignant cells	Malignant	Malignant	SULT1C2	0.33	94.1	0
1	Malignant cells	Malignant	Malignant	FAM213A	0.33	96.6	0
1	Malignant cells	Malignant	Malignant	HGF	0.33	93.8	0
1	Malignant cells	Malignant	Malignant	GNPNAT1	0.33	96.1	0
1	Malignant cells	Malignant	Malignant	PLS3	0.33	96.1	0
1	Malignant cells	Malignant	Malignant	SULT1C4	0.33	93.6	0
1	Malignant cells	Malignant	Malignant	SLC38A4	0.33	94.4	0
1	Malignant cells	Malignant	Malignant	C20orf24	0.33	98.6	0
1	Malignant cells	Malignant	Malignant	HSPA4L	0.33	94.0	0
1	Malignant cells	Malignant	Malignant	C9	0.33	80.1	0
1	Malignant cells	Malignant	Malignant	SDF2L1	0.32	98.7	0
1	Malignant cells	Malignant	Malignant	PTRH2	0.32	97.7	0
1	Malignant cells	Malignant	Malignant	TMEM106C	0.32	97.4	0
1	Malignant cells	Malignant	Malignant	PAQR9	0.32	93.2	0
1	Malignant cells	Malignant	Malignant	SPON2	0.32	95.1	0
1	Malignant cells	Malignant	Malignant	PPA1	0.32	99.4	0
1	Malignant cells	Malignant	Malignant	TINAG	0.32	92.7	0
1	Malignant cells	Malignant	Malignant	IDI1	0.32	97.9	0
1	Malignant cells	Malignant	Malignant	CISD1	0.32	97.4	0
1	Malignant cells	Malignant	Malignant	BPIFA2	0.32	75.5	0
1	Malignant cells	Malignant	Malignant	MEST	0.32	95.0	0
1	Malignant cells	Malignant	Malignant	PAICS	0.32	98.3	0
1	Malignant cells	Malignant	Malignant	OLFM2	0.32	93.5	0
1	Malignant cells	Malignant	Malignant	UCHL3	0.32	97.0	0
1	Malignant cells	Malignant	Malignant	SLC25A18	0.32	93.7	0
1	Malignant cells	Malignant	Malignant	ALDH2	0.31	96.1	0
1	Malignant cells	Malignant	Malignant	MOGAT3	0.31	91.1	0
1	Malignant cells	Malignant	Malignant	SPTBN1	0.31	98.8	0
1	Malignant cells	Malignant	Malignant	MRPL27	0.31	98.6	0
1	Malignant cells	Malignant	Malignant	SYNE4	0.31	92.7	0
1	Malignant cells	Malignant	Malignant	MFSD3	0.31	93.6	0
1	Malignant cells	Malignant	Malignant	CYSTM1	0.31	99.3	0
1	Malignant cells	Malignant	Malignant	FAM132A	0.31	86.5	0
1	Malignant cells	Malignant	Malignant	SNRPN	0.31	98.5	0
1	Malignant cells	Malignant	Malignant	PAWR	0.31	95.9	0
1	Malignant cells	Malignant	Malignant	NR2F1	0.31	94.6	0
1	Malignant cells	Malignant	Malignant	GMNN	0.31	96.0	0
1	Malignant cells	Malignant	Malignant	SRM	0.31	97.6	0
1	Malignant cells	Malignant	Malignant	PDIA4	0.31	99.4	0
1	Malignant cells	Malignant	Malignant	PAQR9-AS1	0.31	90.1	0
1	Malignant cells	Malignant	Malignant	HMGA1	0.31	98.0	0
1	Malignant cells	Malignant	Malignant	HABP2	0.31	91.9	0
1	Malignant cells	Malignant	Malignant	TMEM45A	0.31	91.3	0
1	Malignant cells	Malignant	Malignant	EHHADH	0.31	93.0	0
1	Malignant cells	Malignant	Malignant	MAGEA4	0.31	88.8	0
1	Malignant cells	Malignant	Malignant	NELFE	0.31	98.3	0
1	Malignant cells	Malignant	Malignant	DNAJC22	0.31	92.8	0
1	Malignant cells	Malignant	Malignant	RMDN1	0.3	97.5	0
1	Malignant cells	Malignant	Malignant	AGTR1	0.3	91.9	0
1	Malignant cells	Malignant	Malignant	TCEA3	0.3	93.9	0
1	Malignant cells	Malignant	Malignant	SLC7A2	0.3	94.1	0
1	Malignant cells	Malignant	Malignant	SLCO1B1	0.3	88.8	0
1	Malignant cells	Malignant	Malignant	GJB1	0.3	93.1	0
1	Malignant cells	Malignant	Malignant	PDLIM1	0.3	93.0	0
1	Malignant cells	Malignant	Malignant	GLYCTK	0.3	92.9	0
1	Malignant cells	Malignant	Malignant	PLCB1	0.3	96.2	0
1	Malignant cells	Malignant	Malignant	F7	0.3	94.5	0
1	Malignant cells	Malignant	Malignant	ACSS3	0.3	92.6	0
1	Malignant cells	Malignant	Malignant	TESC	0.3	86.4	0
1	Malignant cells	Malignant	Malignant	PCK2	0.3	92.2	0
1	Malignant cells	Malignant	Malignant	ACTR6	0.3	97.2	0
1	Malignant cells	Malignant	Malignant	PYCR1	0.29	91.6	0
1	Malignant cells	Malignant	Malignant	METTL7A	0.29	96.7	0
1	Malignant cells	Malignant	Malignant	PON3	0.29	91.7	0
1	Malignant cells	Malignant	Malignant	CYP2B6	0.29	92.5	0
1	Malignant cells	Malignant	Malignant	MRPS23	0.29	97.8	0
1	Malignant cells	Malignant	Malignant	SCGN	0.29	82.3	0
1	Malignant cells	Malignant	Malignant	TUSC1	0.29	94.2	0
1	Malignant cells	Malignant	Malignant	CLDN7	0.29	91.6	0
1	Malignant cells	Malignant	Malignant	NIFK	0.29	98.4	0
1	Malignant cells	Malignant	Malignant	ENAH	0.29	94.2	0
1	Malignant cells	Malignant	Malignant	C1QBP	0.29	99.2	0
1	Malignant cells	Malignant	Malignant	ASRGL1	0.29	92.3	0
1	Malignant cells	Malignant	Malignant	RGN	0.29	92.4	0
1	Malignant cells	Malignant	Malignant	H1F0	0.29	95.0	0
1	Malignant cells	Malignant	Malignant	RP11-1151B14.3	0.29	88.1	0
1	Malignant cells	Malignant	Malignant	DHCR7	0.29	91.3	0
1	Malignant cells	Malignant	Malignant	SRPRB	0.28	97.0	0
1	Malignant cells	Malignant	Malignant	RAB3C	0.28	82.2	0
1	Malignant cells	Malignant	Malignant	HIST1H2AC	0.28	98.1	0
1	Malignant cells	Malignant	Malignant	C2orf82	0.28	89.5	0
1	Malignant cells	Malignant	Malignant	TM4SF1	0.28	87.8	0
1	Malignant cells	Malignant	Malignant	GSPT2	0.28	91.0	0
1	Malignant cells	Malignant	Malignant	SLC51B	0.28	88.1	0
1	Malignant cells	Malignant	Malignant	SERPINF2	0.28	92.6	0
1	Malignant cells	Malignant	Malignant	ARSE	0.28	92.3	0
1	Malignant cells	Malignant	Malignant	PCSK6	0.28	93.2	0
1	Malignant cells	Malignant	Malignant	DCUN1D5	0.28	97.1	0
1	Malignant cells	Malignant	Malignant	ABCC3	0.28	95.1	0
1	Malignant cells	Malignant	Malignant	NR0B2	0.28	85.6	0
1	Malignant cells	Malignant	Malignant	MGAT4B	0.28	96.3	0
1	Malignant cells	Malignant	Malignant	CGREF1	0.28	91.9	0
1	Malignant cells	Malignant	Malignant	MRPS33	0.28	97.7	0
1	Malignant cells	Malignant	Malignant	E2F5	0.28	91.5	0
1	Malignant cells	Malignant	Malignant	CRLS1	0.28	96.8	0
1	Malignant cells	Malignant	Malignant	PRG4	0.28	91.3	0
1	Malignant cells	Malignant	Malignant	ITIH3	0.27	90.3	0
1	Malignant cells	Malignant	Malignant	SLC27A2	0.27	89.5	0
1	Malignant cells	Malignant	Malignant	TRIM55	0.27	86.3	0
1	Malignant cells	Malignant	Malignant	SPHK1	0.27	88.4	0
1	Malignant cells	Malignant	Malignant	GOLM1	0.27	91.6	0
1	Malignant cells	Malignant	Malignant	TLCD1	0.27	89.7	0
1	Malignant cells	Malignant	Malignant	EFNA1	0.27	89.1	0
1	Malignant cells	Malignant	Malignant	ALG8	0.27	95.6	0
1	Malignant cells	Malignant	Malignant	S100A14	0.27	82.3	0
1	Malignant cells	Malignant	Malignant	POP7	0.27	95.9	0
1	Malignant cells	Malignant	Malignant	ZDHHC9	0.26	91.3	0
1	Malignant cells	Malignant	Malignant	LSR	0.26	93.4	0
1	Malignant cells	Malignant	Malignant	CCDC58	0.26	94.8	0
1	Malignant cells	Malignant	Malignant	CFHR3	0.26	89.5	0
1	Malignant cells	Malignant	Malignant	RP11-254I22.3	0.26	83.1	0
1	Malignant cells	Malignant	Malignant	TRIM15	0.26	88.9	0
1	Malignant cells	Malignant	Malignant	PTP4A3	0.26	95.5	0
1	Malignant cells	Malignant	Malignant	SYNGR1	0.26	93.7	0
1	Malignant cells	Malignant	Malignant	SOX4	0.26	94.0	0
1	Malignant cells	Malignant	Malignant	GPRC5C	0.26	92.6	0
1	Malignant cells	Malignant	Malignant	UGT2B11	0.26	88.4	0
1	Malignant cells	Malignant	Malignant	ABHD14B	0.26	96.6	0
1	Malignant cells	Malignant	Malignant	BAIAP2L2	0.26	90.6	0
1	Malignant cells	Malignant	Malignant	ONECUT2	0.26	90.2	0
1	Malignant cells	Malignant	Malignant	MT1A	0.26	87.2	0
1	Malignant cells	Malignant	Malignant	UGT2A3	0.26	91.7	0
1	Malignant cells	Malignant	Malignant	SMIM14	0.26	96.9	0
1	Malignant cells	Malignant	Malignant	CNIH4	0.25	98.3	0
1	Malignant cells	Malignant	Malignant	ZSCAN31	0.25	90.6	0
1	Malignant cells	Malignant	Malignant	GARS	0.25	95.5	0
1	Malignant cells	Malignant	Malignant	HPN	0.25	89.2	0
1	Malignant cells	Malignant	Malignant	STRADB	0.25	92.4	0
1	Malignant cells	Malignant	Malignant	ACTG1	-1.05	100.0	0
1	Malignant cells	Malignant	Malignant	DUSP1	-1.72	85.4	0
1	Malignant cells	Malignant	Malignant	FOS	-2.02	92.5	0
1	Malignant cells	Malignant	Malignant	S100A6	-2.09	65.1	0
1	Malignant cells	Malignant	Malignant	APOC1	0.39	100.0	3.12e-300
1	Malignant cells	Malignant	Malignant	SLC25A5	0.44	99.8	5.26e-290
1	Malignant cells	Malignant	Malignant	AIF1	-1.92	63.9	6.96e-290
1	Malignant cells	Malignant	Malignant	CLDN4	0.28	67.9	1.97e-289
1	Malignant cells	Malignant	Malignant	GSTP1	-1.27	57.5	8.17e-286
1	Malignant cells	Malignant	Malignant	COX5A	0.36	99.7	2.87e-280
1	Malignant cells	Malignant	Malignant	TYROBP	-2.2	76.0	5.65e-270
1	Malignant cells	Malignant	Malignant	TPSB2	-0.66	44.2	2.63e-265
1	Malignant cells	Malignant	Malignant	RAN	0.39	100.0	4.1e-264
1	Malignant cells	Malignant	Malignant	FCER1G	-1.91	68.2	9.12e-261
1	Malignant cells	Malignant	Malignant	RPL39	0.34	100.0	2.22e-260
1	Malignant cells	Malignant	Malignant	HLA-DQB1	-1.7	71.5	6.85e-260
1	Malignant cells	Malignant	Malignant	COX7B	0.39	100.0	1.88e-256
1	Malignant cells	Malignant	Malignant	TXN	0.35	99.8	9.06e-251
1	Malignant cells	Malignant	Malignant	HLA-DRB1	-2.37	93.0	1.23e-250
1	Malignant cells	Malignant	Malignant	LST1	-1.11	58.3	4.36e-246
1	Malignant cells	Malignant	Malignant	HLA-DRA	-2.71	87.2	8.33e-245
1	Malignant cells	Malignant	Malignant	COL4A1	-0.35	56.1	6.03e-233
1	Malignant cells	Malignant	Malignant	HLA-DPA1	-1.89	65.9	1.81e-222
1	Malignant cells	Malignant	Malignant	LGALS3	-1.57	61.6	9.88e-218
1	Malignant cells	Malignant	Malignant	LGALS1	-1.43	98.9	2.46e-215
1	Malignant cells	Malignant	Malignant	PLEK	-1.02	57.8	8.76e-209
1	Malignant cells	Malignant	Malignant	CTSG	-0.54	19.2	1e-205
1	Malignant cells	Malignant	Malignant	HLA-DPB1	-1.81	64.7	9.24e-205
1	Malignant cells	Malignant	Malignant	MS4A6A	-1.37	59.3	1.12e-196
1	Malignant cells	Malignant	Malignant	FGL2	-1.07	56.5	3.11e-178
1	Malignant cells	Malignant	Malignant	LY96	-0.84	56.3	1.14e-172
1	Malignant cells	Malignant	Malignant	C1QA	-2.29	72.8	2.45e-172
1	Malignant cells	Malignant	Malignant	IGLC3	-1.16	51.6	1.14e-171
1	Malignant cells	Malignant	Malignant	HIST1H4C	-0.32	86.8	6.76e-165
1	Malignant cells	Malignant	Malignant	MS4A7	-1.17	57.7	2.5e-163
1	Malignant cells	Malignant	Malignant	C1orf162	-0.8	57.1	2.52e-162
1	Malignant cells	Malignant	Malignant	CCL3	-1.95	74.4	9.69e-154
1	Malignant cells	Malignant	Malignant	HLA-DQA1	-1.53	59.1	5.89e-148
1	Malignant cells	Malignant	Malignant	CYBB	-1.06	57.6	4.97e-144
1	Malignant cells	Malignant	Malignant	COL4A2	-0.33	49.7	1.57e-142
1	Malignant cells	Malignant	Malignant	C1QB	-2.25	72.1	5.08e-140
1	Malignant cells	Malignant	Malignant	LYZ	-1.95	67.6	1.7e-135
1	Malignant cells	Malignant	Malignant	SPI1	-0.66	56.4	2.42e-132
1	Malignant cells	Malignant	Malignant	KCTD12	-0.81	55.4	4.52e-130
1	Malignant cells	Malignant	Malignant	S100A8	-0.75	50.9	8.46e-129
1	Malignant cells	Malignant	Malignant	SGK1	-1.21	64.3	6.88e-127
1	Malignant cells	Malignant	Malignant	RNASE6	-0.75	54.0	3.26e-126
1	Malignant cells	Malignant	Malignant	FCGR2A	-0.83	58.0	4.21e-126
1	Malignant cells	Malignant	Malignant	IGHG2	-0.36	46.3	2.42e-124
1	Malignant cells	Malignant	Malignant	MSR1	-0.85	55.9	2.69e-123
1	Malignant cells	Malignant	Malignant	C1QC	-1.58	62.9	1.75e-116
1	Malignant cells	Malignant	Malignant	CD36	-0.47	87.8	2.28e-115
1	Malignant cells	Malignant	Malignant	MAFB	-0.98	62.7	5.26e-115
1	Malignant cells	Malignant	Malignant	FCGR3A	-0.98	55.8	3.81e-114
1	Malignant cells	Malignant	Malignant	MRC1	-0.86	54.9	3.41e-111
1	Malignant cells	Malignant	Malignant	IGHG3	-2.26	57.6	1.09e-108
1	Malignant cells	Malignant	Malignant	MS4A4A	-0.87	55.5	1.37e-106
1	Malignant cells	Malignant	Malignant	RGS5	-0.53	52.3	3.07e-101
1	Malignant cells	Malignant	Malignant	CXCL10	-0.45	51.7	4.11e-98
1	Malignant cells	Malignant	Malignant	JCHAIN	-0.46	50.3	3.72e-92
1	Malignant cells	Malignant	Malignant	COL3A1	-0.33	40.4	1.1e-91
1	Malignant cells	Malignant	Malignant	CSF1R	-0.65	54.1	2.71e-91
1	Malignant cells	Malignant	Malignant	TUBA4A	-0.3	67.4	2.59e-90
1	Malignant cells	Malignant	Malignant	GZMK	-0.55	51.7	5.68e-89
1	Malignant cells	Malignant	Malignant	KRT17	0.36	49.5	5.37e-88
1	Malignant cells	Malignant	Malignant	CXCL2	-0.28	92.0	4.64e-80
1	Malignant cells	Malignant	Malignant	BCL2A1	-0.89	55.9	6.71e-79
1	Malignant cells	Malignant	Malignant	FPR3	-0.56	53.1	7.24e-79
1	Malignant cells	Malignant	Malignant	SLC2A3	-1.12	57.5	9.96e-79
1	Malignant cells	Malignant	Malignant	CD86	-0.49	51.9	1.08e-78
1	Malignant cells	Malignant	Malignant	XCL1	-0.3	55.4	2.13e-78
1	Malignant cells	Malignant	Malignant	C1orf54	-0.56	52.5	2.57e-78
1	Malignant cells	Malignant	Malignant	IL1B	-1.56	62.6	3.03e-78
1	Malignant cells	Malignant	Malignant	IGKC	-2.52	82.2	4.36e-77
1	Malignant cells	Malignant	Malignant	A2M	-0.28	99.3	8.13e-75
1	Malignant cells	Malignant	Malignant	BASP1	-0.59	52.5	3.07e-74
1	Malignant cells	Malignant	Malignant	IGHM	-0.95	52.9	3.99e-74
1	Malignant cells	Malignant	Malignant	PLA2G7	-0.63	52.5	1.05e-73
1	Malignant cells	Malignant	Malignant	MPEG1	-0.71	55.4	2.52e-73
1	Malignant cells	Malignant	Malignant	ATF3	-0.92	66.7	1.02e-72
1	Malignant cells	Malignant	Malignant	SPP1	-1.27	100.0	4.84e-71
1	Malignant cells	Malignant	Malignant	CKS2	-0.31	95.1	6e-71
1	Malignant cells	Malignant	Malignant	C11orf96	-0.28	49.1	2.41e-70
1	Malignant cells	Malignant	Malignant	CD83	-1.06	64.6	4.4e-70
1	Malignant cells	Malignant	Malignant	CD7	-0.66	72.8	1.36e-68
1	Malignant cells	Malignant	Malignant	IGHA1	-0.81	54.4	1.58e-65
1	Malignant cells	Malignant	Malignant	HES1	-0.29	77.2	3.19e-65
1	Malignant cells	Malignant	Malignant	COL1A1	-0.35	49.7	8.94e-65
1	Malignant cells	Malignant	Malignant	ADAP2	-0.6	56.3	1.79e-64
1	Malignant cells	Malignant	Malignant	GPNMB	-1.49	79.6	2.26e-64
1	Malignant cells	Malignant	Malignant	OLFM4	0.51	48.6	4.94e-64
1	Malignant cells	Malignant	Malignant	GNLY	-0.69	48.4	4.11e-63
1	Malignant cells	Malignant	Malignant	COL1A2	-0.36	44.2	2.11e-62
1	Malignant cells	Malignant	Malignant	PTTG1	-0.33	73.1	3.8e-62
1	Malignant cells	Malignant	Malignant	STAB1	-0.83	61.7	1.14e-59
1	Malignant cells	Malignant	Malignant	IGHG4	-3.06	59.0	2.29e-59
1	Malignant cells	Malignant	Malignant	MEF2C	-0.61	57.0	3.91e-59
1	Malignant cells	Malignant	Malignant	FOLR2	-0.86	54.3	5.42e-58
1	Malignant cells	Malignant	Malignant	SERPINH1	-0.32	80.8	5.91e-58
1	Malignant cells	Malignant	Malignant	IGHG1	-3.44	58.7	3.76e-57
1	Malignant cells	Malignant	Malignant	MMP9	-1.07	58.7	3.55e-56
1	Malignant cells	Malignant	Malignant	UBE2S	-0.35	88.8	9.37e-56
1	Malignant cells	Malignant	Malignant	CPVL	-0.61	55.5	2.07e-55
1	Malignant cells	Malignant	Malignant	MNDA	-0.64	52.8	2.2e-54
1	Malignant cells	Malignant	Malignant	FCGBP	-0.26	55.6	3.17e-53
1	Malignant cells	Malignant	Malignant	ACTA2	-0.29	48.5	1.39e-52
1	Malignant cells	Malignant	Malignant	CXCL8	-1.58	78.6	3.08e-51
1	Malignant cells	Malignant	Malignant	S100A10	-0.69	99.7	1.11e-49
1	Malignant cells	Malignant	Malignant	CLEC7A	-0.46	53.4	7.81e-49
1	Malignant cells	Malignant	Malignant	GPR34	-0.47	51.1	1.49e-48
1	Malignant cells	Malignant	Malignant	RGCC	-1.16	59.0	7.78e-48
1	Malignant cells	Malignant	Malignant	BCAT1	-0.33	84.0	2.47e-47
1	Malignant cells	Malignant	Malignant	CD93	-0.52	52.3	1.69e-46
1	Malignant cells	Malignant	Malignant	CENPF	-0.28	56.6	3.16e-44
1	Malignant cells	Malignant	Malignant	SLC40A1	-1.21	96.5	3.54e-44
1	Malignant cells	Malignant	Malignant	AREG	-0.28	56.1	3.98e-44
1	Malignant cells	Malignant	Malignant	TNFSF9	-0.26	54.4	8.52e-44
1	Malignant cells	Malignant	Malignant	FOXP3	-0.27	49.1	1.12e-43
1	Malignant cells	Malignant	Malignant	TOP2A	-0.36	56.9	1.24e-43
1	Malignant cells	Malignant	Malignant	HAVCR2	-0.42	51.9	3.69e-43
1	Malignant cells	Malignant	Malignant	CCL4	-2.0	73.8	4.01e-43
1	Malignant cells	Malignant	Malignant	ID3	-0.42	61.5	4.76e-43
1	Malignant cells	Malignant	Malignant	RGS16	-0.26	55.8	6.73e-42
1	Malignant cells	Malignant	Malignant	XCL2	-0.37	43.6	7.27e-42
1	Malignant cells	Malignant	Malignant	IL4I1	-0.7	53.6	2.88e-40
1	Malignant cells	Malignant	Malignant	C5AR1	-0.61	56.4	3.64e-40
1	Malignant cells	Malignant	Malignant	ICOS	-0.44	50.7	3.66e-40
1	Malignant cells	Malignant	Malignant	CITED2	-0.38	81.2	8.11e-40
1	Malignant cells	Malignant	Malignant	MMP12	-1.82	65.4	9.03e-40
1	Malignant cells	Malignant	Malignant	CSF1	-0.26	67.4	1.4e-39
1	Malignant cells	Malignant	Malignant	TCF4	-0.47	51.4	2.87e-39
1	Malignant cells	Malignant	Malignant	GZMB	-0.28	33.0	5.51e-37
1	Malignant cells	Malignant	Malignant	PLAUR	-0.7	60.4	5.78e-37
1	Malignant cells	Malignant	Malignant	ITM2A	-0.63	63.9	8.68e-37
1	Malignant cells	Malignant	Malignant	GBP1	-0.47	53.0	7.66e-35
1	Malignant cells	Malignant	Malignant	IGLC2	-2.06	63.5	1.95e-34
1	Malignant cells	Malignant	Malignant	CD9	-0.92	65.2	2.79e-34
1	Malignant cells	Malignant	Malignant	ENTPD1	-0.4	51.9	4.93e-33
1	Malignant cells	Malignant	Malignant	TREM2	-0.48	51.9	6.82e-33
1	Malignant cells	Malignant	Malignant	TMPO	-0.29	81.9	2.69e-32
1	Malignant cells	Malignant	Malignant	CD14	-1.42	79.5	5.43e-32
1	Malignant cells	Malignant	Malignant	IFI27	-0.42	51.5	1.61e-31
1	Malignant cells	Malignant	Malignant	RNASE1	-1.72	65.7	3.3e-31
1	Malignant cells	Malignant	Malignant	HSPA6	-1.41	70.5	2.81e-30
1	Malignant cells	Malignant	Malignant	IGFBP7	-0.97	51.8	8.48e-30
1	Malignant cells	Malignant	Malignant	DNAJA4	-0.71	56.8	1.39e-29
1	Malignant cells	Malignant	Malignant	MKI67	-0.27	54.0	2.13e-29
1	Malignant cells	Malignant	Malignant	SLC2A1	-0.26	62.5	1.46e-28
1	Malignant cells	Malignant	Malignant	SPARC	-0.74	51.2	1.55e-28
1	Malignant cells	Malignant	Malignant	ZFAND2A	-0.6	94.5	9.43e-28
1	Malignant cells	Malignant	Malignant	HCK	-0.31	51.5	1.22e-27
1	Malignant cells	Malignant	Malignant	THY1	-0.31	28.3	1.22e-27
1	Malignant cells	Malignant	Malignant	GZMA	-0.91	49.6	3.9e-27
1	Malignant cells	Malignant	Malignant	RHOB	-0.85	88.5	9.96e-27
1	Malignant cells	Malignant	Malignant	CD163	-0.82	66.0	2.23e-26
1	Malignant cells	Malignant	Malignant	DUSP4	-0.36	51.7	1.35e-25
1	Malignant cells	Malignant	Malignant	LTB	-1.81	56.5	9.49e-25
1	Malignant cells	Malignant	Malignant	GZMH	-0.3	36.5	1.43e-23
1	Malignant cells	Malignant	Malignant	EPB41L3	-0.36	51.1	2.54e-23
1	Malignant cells	Malignant	Malignant	LPAR6	-0.53	67.8	2.76e-23
1	Malignant cells	Malignant	Malignant	IFNG	-0.88	48.1	3.73e-23
1	Malignant cells	Malignant	Malignant	NKG7	-0.82	49.0	4.7e-23
1	Malignant cells	Malignant	Malignant	GADD45G	-0.33	61.5	7.63e-23
1	Malignant cells	Malignant	Malignant	STMN1	-0.68	90.9	1.34e-22
1	Malignant cells	Malignant	Malignant	BAG3	-0.73	68.0	1.77e-22
1	Malignant cells	Malignant	Malignant	SOD2	-1.02	97.7	5.13e-22
1	Malignant cells	Malignant	Malignant	IRF8	-0.39	54.7	1.7e-21
1	Malignant cells	Malignant	Malignant	OCIAD2	-0.33	50.1	1.4e-20
1	Malignant cells	Malignant	Malignant	SPOCK2	-0.52	51.6	2.99e-19
1	Malignant cells	Malignant	Malignant	HMOX1	-0.51	90.1	3.98e-19
1	Malignant cells	Malignant	Malignant	KLRB1	-1.07	51.1	2.81e-18
1	Malignant cells	Malignant	Malignant	TIGIT	-0.61	52.1	3.43e-18
1	Malignant cells	Malignant	Malignant	HES4	-0.25	62.2	1.4e-17
1	Malignant cells	Malignant	Malignant	LGMN	-1.34	92.8	1.43e-17
1	Malignant cells	Malignant	Malignant	F13A1	-0.6	52.4	1.5e-17
1	Malignant cells	Malignant	Malignant	CCL3L3	-1.21	60.7	1.53e-17
1	Malignant cells	Malignant	Malignant	BLVRB	-0.32	99.4	3.81e-17
1	Malignant cells	Malignant	Malignant	LBH	-0.28	51.1	9.91e-17
1	Malignant cells	Malignant	Malignant	FCN1	-0.52	51.8	6.66e-16
1	Malignant cells	Malignant	Malignant	IL1RN	-0.84	60.7	8.28e-16
1	Malignant cells	Malignant	Malignant	SH3BP5	-0.46	57.7	2.92e-15
1	Malignant cells	Malignant	Malignant	NRP2	-0.39	51.7	3.91e-15
1	Malignant cells	Malignant	Malignant	STC1	-0.46	16.5	6.37e-15
1	Malignant cells	Malignant	Malignant	DUSP6	-0.35	86.6	1.04e-14
1	Malignant cells	Malignant	Malignant	MT2A	-0.88	96.6	3.19e-14
1	Malignant cells	Malignant	Malignant	STAT1	-0.32	94.5	3.9e-14
1	Malignant cells	Malignant	Malignant	CTLA4	-0.4	47.5	5.78e-14
1	Malignant cells	Malignant	Malignant	CD3D	-0.93	74.6	7.64e-14
1	Malignant cells	Malignant	Malignant	PHACTR1	-0.46	52.3	1.2e-13
1	Malignant cells	Malignant	Malignant	ENG	-0.27	50.1	1.39e-13
1	Malignant cells	Malignant	Malignant	HMGB2	-0.88	68.6	2.19e-12
1	Malignant cells	Malignant	Malignant	IFI30	-0.37	57.6	1.01e-11
1	Malignant cells	Malignant	Malignant	FABP5	-0.79	99.9	1.2e-11
1	Malignant cells	Malignant	Malignant	LINC01272	-0.39	51.4	1.21e-11
1	Malignant cells	Malignant	Malignant	TUBA1B	-0.59	99.8	1.89e-11
1	Malignant cells	Malignant	Malignant	VSIG4	-0.34	50.9	3.04e-11
1	Malignant cells	Malignant	Malignant	MT1X	-0.65	72.7	3.06e-11
1	Malignant cells	Malignant	Malignant	ALOX5AP	-0.71	51.9	1.17e-10
1	Malignant cells	Malignant	Malignant	AC092580.4	-0.3	39.0	2.58e-10
1	Malignant cells	Malignant	Malignant	LAIR2	-0.37	49.0	2.82e-10
1	Malignant cells	Malignant	Malignant	FAM198B	-0.29	50.9	3.47e-10
1	Malignant cells	Malignant	Malignant	ACP5	-0.6	70.1	5.26e-10
1	Malignant cells	Malignant	Malignant	NR4A3	-0.38	51.1	5.88e-10
1	Malignant cells	Malignant	Malignant	TNFSF14	-0.3	46.4	2.58e-09
1	Malignant cells	Malignant	Malignant	CRIP1	-0.83	51.8	5.4e-09
1	Malignant cells	Malignant	Malignant	TCEAL8	-0.32	50.7	1.18e-08
1	Malignant cells	Malignant	Malignant	ATF5	-0.37	77.1	1.62e-08
1	Malignant cells	Malignant	Malignant	CD69	-1.57	55.7	3.39e-08
1	Malignant cells	Malignant	Malignant	ITGAX	-0.33	59.2	4.62e-08
1	Malignant cells	Malignant	Malignant	PTGS2	-0.65	54.1	9.19e-08
1	Malignant cells	Malignant	Malignant	MT1E	-0.28	49.6	1.22e-07
1	Malignant cells	Malignant	Malignant	CFD	-0.35	68.4	2.72e-07
1	Malignant cells	Malignant	Malignant	CCL4L2	-1.66	66.3	2.74e-06
1	Malignant cells	Malignant	Malignant	EGR1	-0.8	80.8	3.48e-06
1	Malignant cells	Malignant	Malignant	EGR2	-0.28	50.9	3.86e-06
1	Malignant cells	Malignant	Malignant	EREG	-0.78	52.6	5.82e-06
1	Malignant cells	Malignant	Malignant	ARL6IP1	-0.59	90.3	7.51e-06
1	Malignant cells	Malignant	Malignant	SDS	-0.27	52.7	9.62e-06
10	Stromal cells	Epithelial	Epithelial	TF	1.49	96.4	0
10	Stromal cells	Epithelial	Epithelial	APOB	1.27	92.4	0
10	Stromal cells	Epithelial	Epithelial	AHSG	1.27	96.2	0
10	Stromal cells	Epithelial	Epithelial	APOA1	1.24	98.8	0
10	Stromal cells	Epithelial	Epithelial	GPC3	1.22	92.1	0
10	Stromal cells	Epithelial	Epithelial	CLU	1.19	95.6	0
10	Stromal cells	Epithelial	Epithelial	VTN	1.16	98.7	0
10	Stromal cells	Epithelial	Epithelial	ALB	1.16	100.0	0
10	Stromal cells	Epithelial	Epithelial	AMBP	1.16	97.8	0
10	Stromal cells	Epithelial	Epithelial	CFH	1.13	93.8	0
10	Stromal cells	Epithelial	Epithelial	CFB	1.08	88.7	0
10	Stromal cells	Epithelial	Epithelial	SERPINA1	0.95	99.9	0
10	Stromal cells	Epithelial	Epithelial	MST1	0.82	79.6	0
10	Stromal cells	Epithelial	Epithelial	AGT	1.14	94.8	5.25e-303
10	Stromal cells	Epithelial	Epithelial	CP	1.16	91.6	2.19e-300
10	Stromal cells	Epithelial	Epithelial	ASGR1	0.91	89.4	2.37e-300
10	Stromal cells	Epithelial	Epithelial	TFPI	1.02	94.2	9.61e-294
10	Stromal cells	Epithelial	Epithelial	AFP	1.11	96.1	5.62e-285
10	Stromal cells	Epithelial	Epithelial	GABRE	0.39	59.4	5.97e-276
10	Stromal cells	Epithelial	Epithelial	ACTG1	-1.13	85.8	1.51e-272
10	Stromal cells	Epithelial	Epithelial	APOA2	0.77	100.0	3.39e-270
10	Stromal cells	Epithelial	Epithelial	TM4SF5	0.94	91.4	6.26e-268
10	Stromal cells	Epithelial	Epithelial	ASPH	0.93	91.2	7.94e-268
10	Stromal cells	Epithelial	Epithelial	F2	1.01	88.1	1.29e-266
10	Stromal cells	Epithelial	Epithelial	PLG	0.85	82.3	6.01e-263
10	Stromal cells	Epithelial	Epithelial	TFR2	0.65	76.9	1.5e-259
10	Stromal cells	Epithelial	Epithelial	APOM	0.83	97.3	2.41e-259
10	Stromal cells	Epithelial	Epithelial	PROC	0.79	85.0	1.24e-258
10	Stromal cells	Epithelial	Epithelial	C3	1.23	82.7	2.6e-258
10	Stromal cells	Epithelial	Epithelial	SULT1C4	0.54	66.5	3.78e-257
10	Stromal cells	Epithelial	Epithelial	FGB	0.93	87.4	9.96e-250
10	Stromal cells	Epithelial	Epithelial	CLDN1	0.72	87.8	7.07e-248
10	Stromal cells	Epithelial	Epithelial	APOH	0.87	92.7	4.35e-246
10	Stromal cells	Epithelial	Epithelial	NTS	0.97	94.2	2.73e-243
10	Stromal cells	Epithelial	Epithelial	FKBP10	0.65	77.7	3.89e-241
10	Stromal cells	Epithelial	Epithelial	RBP4	0.87	94.1	6.01e-240
10	Stromal cells	Epithelial	Epithelial	DUSP1	-1.49	58.4	1.35e-239
10	Stromal cells	Epithelial	Epithelial	TTR	0.72	95.1	4.64e-239
10	Stromal cells	Epithelial	Epithelial	FGG	0.98	85.5	8.4e-237
10	Stromal cells	Epithelial	Epithelial	GC	0.87	87.5	3.04e-233
10	Stromal cells	Epithelial	Epithelial	AKR1C1	0.68	97.1	1.14e-231
10	Stromal cells	Epithelial	Epithelial	ITIH2	0.8	81.7	5.97e-231
10	Stromal cells	Epithelial	Epithelial	CES1	0.89	77.0	1.81e-228
10	Stromal cells	Epithelial	Epithelial	FN1	0.63	81.2	5.4e-225
10	Stromal cells	Epithelial	Epithelial	KNG1	0.67	80.2	9.58e-225
10	Stromal cells	Epithelial	Epithelial	PRAP1	0.87	88.1	1.46e-224
10	Stromal cells	Epithelial	Epithelial	SPINK1	0.76	99.1	1.06e-223
10	Stromal cells	Epithelial	Epithelial	CFI	0.73	79.5	1.86e-221
10	Stromal cells	Epithelial	Epithelial	HPX	0.83	80.4	7.51e-221
10	Stromal cells	Epithelial	Epithelial	RGN	0.43	63.1	8.52e-220
10	Stromal cells	Epithelial	Epithelial	RARRES2	0.8	89.1	3.5e-219
10	Stromal cells	Epithelial	Epithelial	FGL1	0.79	86.9	5.21e-218
10	Stromal cells	Epithelial	Epithelial	MTTP	0.49	72.9	1.53e-215
10	Stromal cells	Epithelial	Epithelial	LBP	0.83	84.1	2.73e-214
10	Stromal cells	Epithelial	Epithelial	FGA	0.87	80.8	1.45e-213
10	Stromal cells	Epithelial	Epithelial	FABP1	0.51	97.4	1.15e-211
10	Stromal cells	Epithelial	Epithelial	S100A6	-1.71	45.0	3.84e-207
10	Stromal cells	Epithelial	Epithelial	F7	0.42	68.7	1.3e-206
10	Stromal cells	Epithelial	Epithelial	CYP4F3	0.54	61.2	1.72e-205
10	Stromal cells	Epithelial	Epithelial	FOS	-1.6	69.0	1.89e-205
10	Stromal cells	Epithelial	Epithelial	RP11-1151B14.3	0.59	62.1	3.05e-201
10	Stromal cells	Epithelial	Epithelial	PLOD2	0.6	73.1	7.81e-201
10	Stromal cells	Epithelial	Epithelial	MLXIPL	0.61	66.1	1.13e-197
10	Stromal cells	Epithelial	Epithelial	IGF2	0.92	82.3	1.01e-196
10	Stromal cells	Epithelial	Epithelial	CDH2	0.39	65.4	2.74e-193
10	Stromal cells	Epithelial	Epithelial	UGT2B4	0.66	80.0	2.62e-192
10	Stromal cells	Epithelial	Epithelial	MT-ND6	0.98	84.0	1.12e-189
10	Stromal cells	Epithelial	Epithelial	AKR1C3	0.52	94.3	1.19e-189
10	Stromal cells	Epithelial	Epithelial	AKR1C2	0.71	79.7	7.11e-189
10	Stromal cells	Epithelial	Epithelial	NPW	0.63	86.4	1e-187
10	Stromal cells	Epithelial	Epithelial	DHCR24	0.69	82.8	2.44e-187
10	Stromal cells	Epithelial	Epithelial	ANGPTL8	0.75	81.2	5.55e-187
10	Stromal cells	Epithelial	Epithelial	KRT8	0.66	88.7	2.02e-185
10	Stromal cells	Epithelial	Epithelial	SERPINF1	0.71	81.9	8.13e-184
10	Stromal cells	Epithelial	Epithelial	C5	0.44	68.3	1.23e-182
10	Stromal cells	Epithelial	Epithelial	ONECUT2	0.45	62.4	4.06e-182
10	Stromal cells	Epithelial	Epithelial	C14orf105	0.5	66.4	3.74e-180
10	Stromal cells	Epithelial	Epithelial	COL5A2	0.49	69.4	1.66e-178
10	Stromal cells	Epithelial	Epithelial	ASGR2	0.55	78.8	1.22e-177
10	Stromal cells	Epithelial	Epithelial	MASP1	0.43	67.5	7.24e-177
10	Stromal cells	Epithelial	Epithelial	ORM1	0.78	80.2	2.61e-176
10	Stromal cells	Epithelial	Epithelial	HLA-DRB1	-1.89	66.5	6.69e-176
10	Stromal cells	Epithelial	Epithelial	CALD1	0.39	84.4	3.89e-175
10	Stromal cells	Epithelial	Epithelial	A1BG	0.83	83.6	2.38e-174
10	Stromal cells	Epithelial	Epithelial	ITIH3	0.53	65.8	5.6e-173
10	Stromal cells	Epithelial	Epithelial	BHMT2	0.31	58.8	4.4e-172
10	Stromal cells	Epithelial	Epithelial	MGST1	0.53	89.7	1.29e-171
10	Stromal cells	Epithelial	Epithelial	GSTP1	-1.09	43.9	3.55e-171
10	Stromal cells	Epithelial	Epithelial	HLA-DQB1	-1.44	49.6	1.77e-169
10	Stromal cells	Epithelial	Epithelial	LGALS1	-1.3	79.6	2.21e-169
10	Stromal cells	Epithelial	Epithelial	ORM2	0.63	77.8	1.36e-168
10	Stromal cells	Epithelial	Epithelial	PLIN5	0.34	57.9	4.93e-168
10	Stromal cells	Epithelial	Epithelial	SERPINF2	0.42	64.3	1.73e-166
10	Stromal cells	Epithelial	Epithelial	F10	0.45	62.3	2.22e-165
10	Stromal cells	Epithelial	Epithelial	AKR1C4	0.43	90.0	3.11e-165
10	Stromal cells	Epithelial	Epithelial	ERBB3	0.56	70.0	4.11e-165
10	Stromal cells	Epithelial	Epithelial	GDF15	0.66	81.0	1.68e-163
10	Stromal cells	Epithelial	Epithelial	GULP1	0.39	61.1	8.67e-162
10	Stromal cells	Epithelial	Epithelial	ANGPTL3	0.57	77.0	5.11e-159
10	Stromal cells	Epithelial	Epithelial	FST	0.53	74.4	1.37e-157
10	Stromal cells	Epithelial	Epithelial	BCHE	0.43	85.0	1.4e-157
10	Stromal cells	Epithelial	Epithelial	PROS1	0.58	75.5	6.79e-157
10	Stromal cells	Epithelial	Epithelial	IGF2BP2	0.62	68.2	8.13e-157
10	Stromal cells	Epithelial	Epithelial	AMN	0.55	67.4	1.42e-156
10	Stromal cells	Epithelial	Epithelial	PAH	0.55	71.0	1.85e-155
10	Stromal cells	Epithelial	Epithelial	CFHR3	0.32	57.3	2.31e-151
10	Stromal cells	Epithelial	Epithelial	TM4SF4	0.6	75.8	2.8e-151
10	Stromal cells	Epithelial	Epithelial	APOE	0.68	99.3	2.27e-150
10	Stromal cells	Epithelial	Epithelial	HRG	0.71	71.6	3.3e-150
10	Stromal cells	Epithelial	Epithelial	KRT18	0.52	89.7	2.18e-148
10	Stromal cells	Epithelial	Epithelial	TMEM45B	0.4	65.0	8.49e-146
10	Stromal cells	Epithelial	Epithelial	SULT1C2	0.48	66.5	2.19e-145
10	Stromal cells	Epithelial	Epithelial	SLC7A2	0.37	61.3	5.39e-144
10	Stromal cells	Epithelial	Epithelial	LST1	-0.99	43.4	5.44e-143
10	Stromal cells	Epithelial	Epithelial	DNAJC22	0.32	59.6	2.99e-142
10	Stromal cells	Epithelial	Epithelial	TSHZ2	0.38	62.4	6.33e-142
10	Stromal cells	Epithelial	Epithelial	HLA-DPA1	-1.54	49.0	7.47e-142
10	Stromal cells	Epithelial	Epithelial	PWAR6	0.41	60.6	1.06e-140
10	Stromal cells	Epithelial	Epithelial	PTPRF	0.58	70.6	1.33e-140
10	Stromal cells	Epithelial	Epithelial	SLC39A5	0.43	66.1	3.41e-140
10	Stromal cells	Epithelial	Epithelial	C1S	0.46	67.2	1.84e-139
10	Stromal cells	Epithelial	Epithelial	HLA-DPB1	-1.5	48.1	6.11e-139
10	Stromal cells	Epithelial	Epithelial	SERPING1	0.62	82.9	8.22e-139
10	Stromal cells	Epithelial	Epithelial	LRG1	0.59	74.8	1.08e-138
10	Stromal cells	Epithelial	Epithelial	CTHRC1	0.52	77.5	1.35e-138
10	Stromal cells	Epithelial	Epithelial	AZGP1	0.55	64.8	1.83e-138
10	Stromal cells	Epithelial	Epithelial	HLA-DRA	-2.02	65.5	2.47e-137
10	Stromal cells	Epithelial	Epithelial	HGFAC	0.32	57.2	3.73e-137
10	Stromal cells	Epithelial	Epithelial	TSPAN8	0.57	78.6	3.99e-136
10	Stromal cells	Epithelial	Epithelial	PROX1	0.37	61.8	5.52e-136
10	Stromal cells	Epithelial	Epithelial	FCER1G	-1.53	49.3	2.04e-135
10	Stromal cells	Epithelial	Epithelial	MDK	0.52	79.9	7.77e-134
10	Stromal cells	Epithelial	Epithelial	SERPINE1	0.65	69.6	2.28e-133
10	Stromal cells	Epithelial	Epithelial	MEG3	1.03	63.1	3.13e-133
10	Stromal cells	Epithelial	Epithelial	STEAP2	0.4	60.2	1.36e-132
10	Stromal cells	Epithelial	Epithelial	SLC38A3	0.39	65.0	3.07e-132
10	Stromal cells	Epithelial	Epithelial	PCSK1N	0.56	75.0	4.17e-132
10	Stromal cells	Epithelial	Epithelial	MPST	0.48	85.4	1.31e-131
10	Stromal cells	Epithelial	Epithelial	PCSK6	0.34	60.8	1.59e-131
10	Stromal cells	Epithelial	Epithelial	LGALS3	-1.21	47.3	3.19e-131
10	Stromal cells	Epithelial	Epithelial	SERPIND1	0.51	67.5	2.01e-130
10	Stromal cells	Epithelial	Epithelial	GAGE2A	0.42	83.4	5.97e-130
10	Stromal cells	Epithelial	Epithelial	LAPTM4B	0.43	83.2	3.08e-129
10	Stromal cells	Epithelial	Epithelial	HPN	0.42	59.5	1.37e-128
10	Stromal cells	Epithelial	Epithelial	AIF1	-1.53	49.7	4.56e-128
10	Stromal cells	Epithelial	Epithelial	PTGR1	0.46	67.2	3.35e-127
10	Stromal cells	Epithelial	Epithelial	FGFR4	0.3	60.3	4.16e-127
10	Stromal cells	Epithelial	Epithelial	ARSE	0.3	57.3	1.02e-126
10	Stromal cells	Epithelial	Epithelial	CFHR1	0.49	66.0	5.12e-126
10	Stromal cells	Epithelial	Epithelial	TYROBP	-1.66	53.9	5.83e-126
10	Stromal cells	Epithelial	Epithelial	ITIH1	0.35	56.9	1.84e-125
10	Stromal cells	Epithelial	Epithelial	MOGAT3	0.33	59.1	1.04e-124
10	Stromal cells	Epithelial	Epithelial	SQSTM1	0.48	98.4	1.65e-123
10	Stromal cells	Epithelial	Epithelial	S100A10	-0.87	77.4	5.45e-123
10	Stromal cells	Epithelial	Epithelial	AGTR1	0.31	58.4	1.74e-122
10	Stromal cells	Epithelial	Epithelial	APOC3	0.54	75.4	2.26e-121
10	Stromal cells	Epithelial	Epithelial	F12	0.38	62.8	2.86e-121
10	Stromal cells	Epithelial	Epithelial	SERPINA6	0.41	67.6	9.13e-120
10	Stromal cells	Epithelial	Epithelial	TRNP1	0.43	73.3	1.66e-116
10	Stromal cells	Epithelial	Epithelial	GPX3	0.49	76.6	1.86e-116
10	Stromal cells	Epithelial	Epithelial	SDC1	0.43	66.8	3.58e-114
10	Stromal cells	Epithelial	Epithelial	LGR4	0.37	63.8	2.89e-112
10	Stromal cells	Epithelial	Epithelial	C8G	0.32	60.4	1.12e-111
10	Stromal cells	Epithelial	Epithelial	PON2	0.47	77.3	7.32e-111
10	Stromal cells	Epithelial	Epithelial	HAL	0.3	54.7	7.92e-111
10	Stromal cells	Epithelial	Epithelial	WDR72	0.43	66.6	1.7e-110
10	Stromal cells	Epithelial	Epithelial	MS4A6A	-1.14	43.7	4.08e-110
10	Stromal cells	Epithelial	Epithelial	ENTPD5	0.4	65.7	4.16e-109
10	Stromal cells	Epithelial	Epithelial	FXYD2	0.44	75.5	5.48e-109
10	Stromal cells	Epithelial	Epithelial	RP11-14N7.2	0.35	64.2	2.24e-108
10	Stromal cells	Epithelial	Epithelial	PRG4	0.27	56.6	2.94e-108
10	Stromal cells	Epithelial	Epithelial	GABPB1-AS1	0.52	66.8	7.1e-108
10	Stromal cells	Epithelial	Epithelial	LYZ	-1.58	48.9	1.87e-107
10	Stromal cells	Epithelial	Epithelial	CYP2D6	0.46	62.9	6.88e-106
10	Stromal cells	Epithelial	Epithelial	MAL2	0.46	75.8	9.48e-105
10	Stromal cells	Epithelial	Epithelial	IGFBP1	0.68	63.8	1.93e-103
10	Stromal cells	Epithelial	Epithelial	PON1	0.31	54.1	2.83e-103
10	Stromal cells	Epithelial	Epithelial	AKR1B10	0.35	74.2	4.1e-103
10	Stromal cells	Epithelial	Epithelial	FGL2	-0.91	42.2	4.15e-103
10	Stromal cells	Epithelial	Epithelial	PLCB1	0.38	65.7	4.55e-103
10	Stromal cells	Epithelial	Epithelial	GSTA4	0.31	59.6	8.53e-103
10	Stromal cells	Epithelial	Epithelial	LY96	-0.69	43.5	9.99e-103
10	Stromal cells	Epithelial	Epithelial	PLEK	-0.84	43.8	1.65e-102
10	Stromal cells	Epithelial	Epithelial	RPL39	-0.28	99.7	1.51e-101
10	Stromal cells	Epithelial	Epithelial	KCTD12	-0.7	41.3	1.63e-101
10	Stromal cells	Epithelial	Epithelial	FKBP11	0.39	76.6	1.95e-101
10	Stromal cells	Epithelial	Epithelial	VWCE	0.26	50.2	1.19e-100
10	Stromal cells	Epithelial	Epithelial	CDHR5	0.32	51.1	2.56e-99
10	Stromal cells	Epithelial	Epithelial	SLC22A18	0.46	76.3	9.18e-99
10	Stromal cells	Epithelial	Epithelial	SLC17A3	0.29	63.3	1.37e-98
10	Stromal cells	Epithelial	Epithelial	ITGA5	0.35	68.1	5.24e-98
10	Stromal cells	Epithelial	Epithelial	TSPAN6	0.43	67.8	1.03e-97
10	Stromal cells	Epithelial	Epithelial	NR1H4	0.29	61.2	3.91e-97
10	Stromal cells	Epithelial	Epithelial	UGT2A3	0.29	56.6	4.43e-97
10	Stromal cells	Epithelial	Epithelial	GPX2	0.35	79.6	4.54e-97
10	Stromal cells	Epithelial	Epithelial	CLGN	0.28	56.2	6.34e-97
10	Stromal cells	Epithelial	Epithelial	MTHFD2L	0.39	73.0	8.85e-97
10	Stromal cells	Epithelial	Epithelial	NR2F1	0.27	57.1	1.17e-96
10	Stromal cells	Epithelial	Epithelial	DMKN	0.36	73.3	3.02e-96
10	Stromal cells	Epithelial	Epithelial	TPM2	0.36	75.2	4.15e-96
10	Stromal cells	Epithelial	Epithelial	HLA-DQA1	-1.29	45.0	4.43e-96
10	Stromal cells	Epithelial	Epithelial	PAWR	0.4	64.8	1.08e-93
10	Stromal cells	Epithelial	Epithelial	RPL22L1	0.4	95.8	1.59e-93
10	Stromal cells	Epithelial	Epithelial	PRAME	0.32	65.0	3.2e-93
10	Stromal cells	Epithelial	Epithelial	CPB2	0.33	59.5	1.09e-92
10	Stromal cells	Epithelial	Epithelial	GGH	0.43	74.4	3.12e-92
10	Stromal cells	Epithelial	Epithelial	SPI1	-0.56	41.9	4.11e-92
10	Stromal cells	Epithelial	Epithelial	GPAM	0.28	55.6	2.67e-91
10	Stromal cells	Epithelial	Epithelial	OCLN	0.31	60.4	8e-91
10	Stromal cells	Epithelial	Epithelial	PRODH2	0.3	61.7	9.09e-91
10	Stromal cells	Epithelial	Epithelial	C1QB	-1.73	51.4	1.13e-90
10	Stromal cells	Epithelial	Epithelial	MAFB	-0.75	45.0	1.14e-90
10	Stromal cells	Epithelial	Epithelial	ATF3	-0.91	47.5	1.2e-90
10	Stromal cells	Epithelial	Epithelial	SMARCA1	0.31	63.2	2.12e-89
10	Stromal cells	Epithelial	Epithelial	C1R	0.27	57.5	3.51e-89
10	Stromal cells	Epithelial	Epithelial	C1orf162	-0.69	42.8	7.16e-89
10	Stromal cells	Epithelial	Epithelial	FXYD1	0.41	68.8	1.62e-87
10	Stromal cells	Epithelial	Epithelial	SLC39A14	0.35	62.1	2.8e-87
10	Stromal cells	Epithelial	Epithelial	ENAH	0.26	58.7	5.09e-87
10	Stromal cells	Epithelial	Epithelial	HABP2	0.29	58.8	1.07e-86
10	Stromal cells	Epithelial	Epithelial	CSF1R	-0.57	40.2	4.85e-86
10	Stromal cells	Epithelial	Epithelial	SLC43A1	0.31	64.4	1.55e-85
10	Stromal cells	Epithelial	Epithelial	MRC1	-0.75	40.2	2.22e-85
10	Stromal cells	Epithelial	Epithelial	SGK1	-0.94	48.0	3.63e-85
10	Stromal cells	Epithelial	Epithelial	PPP1R16A	0.38	67.5	5.17e-85
10	Stromal cells	Epithelial	Epithelial	BAIAP2L2	0.33	59.2	6.58e-84
10	Stromal cells	Epithelial	Epithelial	DRD4	0.36	61.7	1.95e-83
10	Stromal cells	Epithelial	Epithelial	IL1RAP	0.36	63.0	2.34e-83
10	Stromal cells	Epithelial	Epithelial	PDE4C	0.35	48.1	2.56e-83
10	Stromal cells	Epithelial	Epithelial	SERPINC1	0.28	52.9	3.53e-82
10	Stromal cells	Epithelial	Epithelial	APOC2	0.32	61.1	8.86e-82
10	Stromal cells	Epithelial	Epithelial	NID1	0.36	66.2	1.23e-81
10	Stromal cells	Epithelial	Epithelial	ABCC3	0.47	66.1	1.37e-81
10	Stromal cells	Epithelial	Epithelial	CYBB	-0.91	42.8	1.33e-80
10	Stromal cells	Epithelial	Epithelial	AADAC	0.49	65.2	2.77e-80
10	Stromal cells	Epithelial	Epithelial	EPPK1	0.25	51.5	3.17e-80
10	Stromal cells	Epithelial	Epithelial	CD14	-1.2	51.8	4.91e-80
10	Stromal cells	Epithelial	Epithelial	HMGCS1	0.59	68.8	2.93e-79
10	Stromal cells	Epithelial	Epithelial	TRIM16L	0.32	63.5	1.18e-78
10	Stromal cells	Epithelial	Epithelial	FCGR2A	-0.71	43.1	1.24e-78
10	Stromal cells	Epithelial	Epithelial	CXCL17	0.45	69.9	1.56e-78
10	Stromal cells	Epithelial	Epithelial	C1QA	-1.73	52.9	3.12e-78
10	Stromal cells	Epithelial	Epithelial	MPEG1	-0.64	40.0	2.79e-77
10	Stromal cells	Epithelial	Epithelial	KCNQ1OT1	0.51	66.9	3.57e-77
10	Stromal cells	Epithelial	Epithelial	RCN1	0.43	73.8	1.17e-76
10	Stromal cells	Epithelial	Epithelial	SERINC2	0.37	63.6	1.37e-76
10	Stromal cells	Epithelial	Epithelial	HULC	0.42	63.0	1.65e-76
10	Stromal cells	Epithelial	Epithelial	HGF	0.27	62.0	1.87e-76
10	Stromal cells	Epithelial	Epithelial	PTGDS	0.71	62.1	2.47e-76
10	Stromal cells	Epithelial	Epithelial	MS4A7	-0.95	43.8	4.45e-76
10	Stromal cells	Epithelial	Epithelial	C4BPB	0.29	60.0	4.72e-76
10	Stromal cells	Epithelial	Epithelial	SERPINA5	0.31	58.4	9.42e-76
10	Stromal cells	Epithelial	Epithelial	C6orf48	0.46	79.3	2.78e-75
10	Stromal cells	Epithelial	Epithelial	HYAL1	0.25	58.6	1.32e-74
10	Stromal cells	Epithelial	Epithelial	MUC5B	0.4	53.7	1.21e-73
10	Stromal cells	Epithelial	Epithelial	ELF3	0.54	58.8	3.9e-73
10	Stromal cells	Epithelial	Epithelial	SLC2A3	-1.0	41.9	8.81e-73
10	Stromal cells	Epithelial	Epithelial	CD83	-0.91	45.6	1.42e-72
10	Stromal cells	Epithelial	Epithelial	RHOB	-0.73	57.4	8.7e-72
10	Stromal cells	Epithelial	Epithelial	TPSB2	-0.62	34.2	8.98e-72
10	Stromal cells	Epithelial	Epithelial	TMEM176A	0.35	82.7	1.93e-71
10	Stromal cells	Epithelial	Epithelial	ALDH1A1	0.26	73.5	5.16e-71
10	Stromal cells	Epithelial	Epithelial	CD163	-0.72	44.8	7.28e-70
10	Stromal cells	Epithelial	Epithelial	SERPINA4	0.29	56.0	1.19e-69
10	Stromal cells	Epithelial	Epithelial	HP	0.36	53.9	1.29e-69
10	Stromal cells	Epithelial	Epithelial	DNAJC15	-0.33	43.9	3.77e-69
10	Stromal cells	Epithelial	Epithelial	RNASE6	-0.64	41.1	2.46e-68
10	Stromal cells	Epithelial	Epithelial	RB1CC1	0.38	78.0	7.89e-68
10	Stromal cells	Epithelial	Epithelial	TMEM205	0.36	76.1	9.82e-68
10	Stromal cells	Epithelial	Epithelial	VEGFA	0.53	75.1	2.56e-66
10	Stromal cells	Epithelial	Epithelial	MS4A4A	-0.74	42.3	2.62e-66
10	Stromal cells	Epithelial	Epithelial	BASP1	-0.51	40.2	2.65e-66
10	Stromal cells	Epithelial	Epithelial	PTRH2	0.26	65.0	2.21e-65
10	Stromal cells	Epithelial	Epithelial	CNPY2	0.3	81.1	6.4e-65
10	Stromal cells	Epithelial	Epithelial	LEAP2	0.36	62.0	5.81e-64
10	Stromal cells	Epithelial	Epithelial	TUBA1B	-0.71	79.1	7.19e-64
10	Stromal cells	Epithelial	Epithelial	PLAUR	-0.57	42.2	1.08e-63
10	Stromal cells	Epithelial	Epithelial	SOD2	-0.92	71.4	2.86e-63
10	Stromal cells	Epithelial	Epithelial	FCGR3A	-0.83	41.9	5.6e-63
10	Stromal cells	Epithelial	Epithelial	KDELR3	0.27	62.6	2.25e-62
10	Stromal cells	Epithelial	Epithelial	C1QC	-1.23	47.8	3.41e-62
10	Stromal cells	Epithelial	Epithelial	CPVL	-0.57	40.6	3.83e-62
10	Stromal cells	Epithelial	Epithelial	AGR2	0.37	66.5	1.05e-61
10	Stromal cells	Epithelial	Epithelial	CYP3A5	0.38	57.9	1.24e-61
10	Stromal cells	Epithelial	Epithelial	BAG3	-0.67	45.8	3.48e-61
10	Stromal cells	Epithelial	Epithelial	XPOT	0.31	66.4	5.08e-61
10	Stromal cells	Epithelial	Epithelial	SHMT2	0.3	73.3	5.65e-61
10	Stromal cells	Epithelial	Epithelial	SQLE	0.34	66.4	1.11e-60
10	Stromal cells	Epithelial	Epithelial	GPNMB	-1.15	52.8	1.29e-60
10	Stromal cells	Epithelial	Epithelial	ISG15	-0.64	54.3	1.31e-60
10	Stromal cells	Epithelial	Epithelial	TNFRSF12A	0.35	66.2	1.54e-60
10	Stromal cells	Epithelial	Epithelial	DUSP9	0.3	59.3	2.83e-60
10	Stromal cells	Epithelial	Epithelial	ANPEP	0.26	60.6	4.09e-60
10	Stromal cells	Epithelial	Epithelial	C1orf54	-0.46	41.1	9.06e-60
10	Stromal cells	Epithelial	Epithelial	SNTB1	0.27	63.4	9.59e-60
10	Stromal cells	Epithelial	Epithelial	CD9	-0.73	45.5	1.57e-59
10	Stromal cells	Epithelial	Epithelial	ARL6IP1	-0.52	54.0	2.91e-59
10	Stromal cells	Epithelial	Epithelial	FOLR2	-0.74	41.6	7.02e-59
10	Stromal cells	Epithelial	Epithelial	ANG	0.36	66.0	1.07e-58
10	Stromal cells	Epithelial	Epithelial	PRDX4	0.35	81.5	3.52e-58
10	Stromal cells	Epithelial	Epithelial	EPS8L2	0.35	62.4	1.1e-57
10	Stromal cells	Epithelial	Epithelial	SPON2	0.28	60.7	5.78e-57
10	Stromal cells	Epithelial	Epithelial	CDKN2A	0.25	67.3	7.18e-57
10	Stromal cells	Epithelial	Epithelial	MSR1	-0.67	43.4	9.55e-57
10	Stromal cells	Epithelial	Epithelial	ASL	0.28	67.2	1.49e-56
10	Stromal cells	Epithelial	Epithelial	SPHK1	0.27	58.8	1.76e-56
10	Stromal cells	Epithelial	Epithelial	LIF	0.28	51.9	4.11e-56
10	Stromal cells	Epithelial	Epithelial	HAVCR2	-0.37	39.6	4.47e-56
10	Stromal cells	Epithelial	Epithelial	BLVRB	-0.6	69.9	6.27e-56
10	Stromal cells	Epithelial	Epithelial	TMEM176B	0.29	81.4	9.05e-56
10	Stromal cells	Epithelial	Epithelial	METTL7A	0.31	69.6	7.26e-55
10	Stromal cells	Epithelial	Epithelial	MEF2C	-0.53	40.7	7.98e-55
10	Stromal cells	Epithelial	Epithelial	FASN	0.27	61.2	2.2e-54
10	Stromal cells	Epithelial	Epithelial	RNASE1	-1.4	47.7	9.53e-54
10	Stromal cells	Epithelial	Epithelial	ADAP2	-0.52	40.3	2.68e-53
10	Stromal cells	Epithelial	Epithelial	FPR3	-0.48	40.0	2.96e-53
10	Stromal cells	Epithelial	Epithelial	ACP5	-0.53	44.7	8.69e-53
10	Stromal cells	Epithelial	Epithelial	NUDT1	-0.26	44.9	9.52e-53
10	Stromal cells	Epithelial	Epithelial	SH3BP5	-0.42	39.9	8.97e-52
10	Stromal cells	Epithelial	Epithelial	BCL2A1	-0.74	41.2	9.62e-52
10	Stromal cells	Epithelial	Epithelial	CD93	-0.46	38.6	2.23e-51
10	Stromal cells	Epithelial	Epithelial	THY1	-0.31	1.1	2.89e-51
10	Stromal cells	Epithelial	Epithelial	CAPN12	0.38	58.2	3.36e-51
10	Stromal cells	Epithelial	Epithelial	CCL3	-1.49	55.3	3.4e-51
10	Stromal cells	Epithelial	Epithelial	CD151	0.42	77.5	4.63e-51
10	Stromal cells	Epithelial	Epithelial	RGCC	-0.91	42.9	6.19e-51
10	Stromal cells	Epithelial	Epithelial	ACSL4	0.34	75.9	1.13e-50
10	Stromal cells	Epithelial	Epithelial	CCL4	-1.58	52.2	1.43e-50
10	Stromal cells	Epithelial	Epithelial	VARS	0.27	64.0	1.22e-49
10	Stromal cells	Epithelial	Epithelial	TMEM45A	0.26	57.1	4.26e-49
10	Stromal cells	Epithelial	Epithelial	FDPS	0.25	78.4	6.33e-49
10	Stromal cells	Epithelial	Epithelial	HSPA6	-1.2	47.9	8.9e-49
10	Stromal cells	Epithelial	Epithelial	PERP	0.34	65.4	1.58e-48
10	Stromal cells	Epithelial	Epithelial	AK4	0.29	65.0	2.53e-48
10	Stromal cells	Epithelial	Epithelial	IRF8	-0.38	40.1	3.33e-48
10	Stromal cells	Epithelial	Epithelial	DNAJA4	-0.64	41.5	4.5e-48
10	Stromal cells	Epithelial	Epithelial	PLA2G7	-0.52	40.8	1.86e-47
10	Stromal cells	Epithelial	Epithelial	PDIA4	0.33	78.5	2.23e-47
10	Stromal cells	Epithelial	Epithelial	STAT1	-0.42	56.5	5.8e-47
10	Stromal cells	Epithelial	Epithelial	HMGB2	-0.76	46.0	6.11e-47
10	Stromal cells	Epithelial	Epithelial	LGMN	-1.03	63.5	1.91e-46
10	Stromal cells	Epithelial	Epithelial	COX7B	-0.26	82.9	4.26e-46
10	Stromal cells	Epithelial	Epithelial	KLF4	-0.43	44.2	6.03e-46
10	Stromal cells	Epithelial	Epithelial	STMN1	-0.74	55.0	2.57e-45
10	Stromal cells	Epithelial	Epithelial	GBP1	-0.39	37.8	3.35e-45
10	Stromal cells	Epithelial	Epithelial	IFITM3	0.28	95.2	5.04e-45
10	Stromal cells	Epithelial	Epithelial	IL1B	-1.28	46.5	5.55e-45
10	Stromal cells	Epithelial	Epithelial	S100P	0.36	63.2	5.82e-45
10	Stromal cells	Epithelial	Epithelial	CD86	-0.4	39.3	1.73e-44
10	Stromal cells	Epithelial	Epithelial	HN1	-0.37	56.3	2.5e-44
10	Stromal cells	Epithelial	Epithelial	MT1X	-0.66	41.4	5.58e-44
10	Stromal cells	Epithelial	Epithelial	LPAR6	-0.39	46.4	7.39e-44
10	Stromal cells	Epithelial	Epithelial	TCF4	-0.42	37.9	8.52e-44
10	Stromal cells	Epithelial	Epithelial	MAGEF1	0.25	60.6	1.42e-43
10	Stromal cells	Epithelial	Epithelial	MMP9	-0.84	43.7	2.51e-43
10	Stromal cells	Epithelial	Epithelial	ANXA2	-0.42	79.0	9.4e-43
10	Stromal cells	Epithelial	Epithelial	LTB	-1.68	39.1	4.36e-42
10	Stromal cells	Epithelial	Epithelial	STAB1	-0.68	44.7	2.27e-41
10	Stromal cells	Epithelial	Epithelial	EBPL	0.26	68.7	9.45e-41
10	Stromal cells	Epithelial	Epithelial	CDCA7	0.25	56.9	1.05e-40
10	Stromal cells	Epithelial	Epithelial	PAG1	0.28	68.1	2.02e-40
10	Stromal cells	Epithelial	Epithelial	STARD10	0.25	67.5	6.08e-40
10	Stromal cells	Epithelial	Epithelial	C5AR1	-0.51	41.7	1.73e-39
10	Stromal cells	Epithelial	Epithelial	EGR1	-0.6	52.6	1.97e-39
10	Stromal cells	Epithelial	Epithelial	SPTBN1	0.27	66.9	3.06e-39
10	Stromal cells	Epithelial	Epithelial	NR4A1	-0.35	42.9	3.97e-39
10	Stromal cells	Epithelial	Epithelial	SOCS3	-0.41	40.9	1.27e-38
10	Stromal cells	Epithelial	Epithelial	C8orf4	0.43	53.7	2.86e-38
10	Stromal cells	Epithelial	Epithelial	SNHG8	0.28	81.7	3.07e-38
10	Stromal cells	Epithelial	Epithelial	PHLDA1	-0.56	45.4	6.08e-38
10	Stromal cells	Epithelial	Epithelial	CRYZ	0.26	62.2	1.97e-37
10	Stromal cells	Epithelial	Epithelial	TM4SF1	0.28	57.2	4.66e-37
10	Stromal cells	Epithelial	Epithelial	GPR34	-0.42	37.8	1.05e-36
10	Stromal cells	Epithelial	Epithelial	TCEAL8	-0.35	37.3	1.08e-36
10	Stromal cells	Epithelial	Epithelial	MT2A	-0.88	62.9	1.7e-36
10	Stromal cells	Epithelial	Epithelial	SERPINB1	-0.28	61.3	5.02e-36
10	Stromal cells	Epithelial	Epithelial	RAB11FIP1	-0.47	40.5	8.65e-36
10	Stromal cells	Epithelial	Epithelial	ENTPD1	-0.36	37.6	1.2e-35
10	Stromal cells	Epithelial	Epithelial	IL1RN	-0.66	43.0	2.21e-35
10	Stromal cells	Epithelial	Epithelial	IL4I1	-0.57	40.2	3.95e-35
10	Stromal cells	Epithelial	Epithelial	DUSP6	-0.37	52.8	4.59e-35
10	Stromal cells	Epithelial	Epithelial	DUT	-0.33	50.2	4.64e-35
10	Stromal cells	Epithelial	Epithelial	MNDA	-0.57	38.5	5.01e-35
10	Stromal cells	Epithelial	Epithelial	LSR	0.31	58.0	5.98e-35
10	Stromal cells	Epithelial	Epithelial	FBP1	-0.35	40.6	1.35e-34
10	Stromal cells	Epithelial	Epithelial	CD69	-1.5	37.9	3.78e-34
10	Stromal cells	Epithelial	Epithelial	EFNA1	0.3	53.5	6.47e-34
10	Stromal cells	Epithelial	Epithelial	EPB41L3	-0.31	38.2	1.23e-33
10	Stromal cells	Epithelial	Epithelial	H2AFZ	-0.46	77.9	1.56e-33
10	Stromal cells	Epithelial	Epithelial	CRIP1	-0.79	37.0	1.87e-33
10	Stromal cells	Epithelial	Epithelial	FABP5	-0.95	83.8	5.49e-33
10	Stromal cells	Epithelial	Epithelial	FAM46A	-0.34	47.4	5.85e-33
10	Stromal cells	Epithelial	Epithelial	RPS27L	-0.31	78.0	1.23e-32
10	Stromal cells	Epithelial	Epithelial	NET1	0.27	59.3	1.29e-32
10	Stromal cells	Epithelial	Epithelial	CYC1	0.5	77.7	2.04e-32
10	Stromal cells	Epithelial	Epithelial	GOLM1	0.3	54.8	2.17e-32
10	Stromal cells	Epithelial	Epithelial	NEAT1	0.8	83.6	3.62e-32
10	Stromal cells	Epithelial	Epithelial	SLPI	0.31	57.9	7.93e-32
10	Stromal cells	Epithelial	Epithelial	LDLR	0.28	55.0	3.63e-31
10	Stromal cells	Epithelial	Epithelial	CLEC7A	-0.37	39.1	5.27e-31
10	Stromal cells	Epithelial	Epithelial	CFD	-0.34	39.9	1.05e-30
10	Stromal cells	Epithelial	Epithelial	CEACAM1	0.26	55.7	1.15e-30
10	Stromal cells	Epithelial	Epithelial	DEFB1	0.3	54.6	1.58e-30
10	Stromal cells	Epithelial	Epithelial	BIRC3	-0.66	41.2	3.2e-30
10	Stromal cells	Epithelial	Epithelial	HMOX1	-0.5	55.4	4.54e-30
10	Stromal cells	Epithelial	Epithelial	ZFAND2A	-0.71	57.5	5.14e-30
10	Stromal cells	Epithelial	Epithelial	HIST1H1C	0.28	70.6	7.51e-30
10	Stromal cells	Epithelial	Epithelial	ALOX5AP	-0.65	37.3	1.17e-29
10	Stromal cells	Epithelial	Epithelial	DNAJB4	-0.43	54.1	2.9e-29
10	Stromal cells	Epithelial	Epithelial	TREM2	-0.41	38.1	5.66e-29
10	Stromal cells	Epithelial	Epithelial	DSP	0.3	56.4	9.07e-29
10	Stromal cells	Epithelial	Epithelial	MMP12	-1.4	46.7	1.61e-28
10	Stromal cells	Epithelial	Epithelial	HBEGF	-0.31	39.5	1.65e-27
10	Stromal cells	Epithelial	Epithelial	CXCL8	-1.2	56.6	1.91e-27
10	Stromal cells	Epithelial	Epithelial	F13A1	-0.53	38.2	8.26e-27
10	Stromal cells	Epithelial	Epithelial	CCL4L2	-1.4	47.0	8.82e-27
10	Stromal cells	Epithelial	Epithelial	CCL3L3	-1.04	43.8	1.39e-26
10	Stromal cells	Epithelial	Epithelial	CKS2	-0.42	57.2	3.28e-26
10	Stromal cells	Epithelial	Epithelial	PLXDC2	-0.26	37.1	1.32e-25
10	Stromal cells	Epithelial	Epithelial	ATF5	-0.3	49.2	1.32e-25
10	Stromal cells	Epithelial	Epithelial	PGRMC1	0.3	65.2	1.82e-25
10	Stromal cells	Epithelial	Epithelial	FAM198B	-0.26	37.3	1e-24
10	Stromal cells	Epithelial	Epithelial	UBE2S	-0.4	48.8	1.34e-24
10	Stromal cells	Epithelial	Epithelial	CCL2	-0.66	41.0	1.53e-24
10	Stromal cells	Epithelial	Epithelial	BATF	-0.49	36.3	1.74e-24
10	Stromal cells	Epithelial	Epithelial	S100A13	0.25	64.3	9.16e-24
10	Stromal cells	Epithelial	Epithelial	RASSF4	-0.27	43.7	3.73e-23
10	Stromal cells	Epithelial	Epithelial	IGLC3	-1.11	36.5	4.81e-23
10	Stromal cells	Epithelial	Epithelial	NRP2	-0.28	39.1	4.9e-23
10	Stromal cells	Epithelial	Epithelial	PHACTR1	-0.4	38.3	1.91e-22
10	Stromal cells	Epithelial	Epithelial	HCK	-0.25	38.5	2.4e-22
10	Stromal cells	Epithelial	Epithelial	SOX4	0.39	63.8	6.66e-22
10	Stromal cells	Epithelial	Epithelial	ST6GAL1	0.27	60.1	2.28e-20
10	Stromal cells	Epithelial	Epithelial	IER3	-0.68	74.9	2.41e-20
10	Stromal cells	Epithelial	Epithelial	G0S2	-0.57	37.9	4.56e-20
10	Stromal cells	Epithelial	Epithelial	CD2	-1.21	36.7	1.05e-19
10	Stromal cells	Epithelial	Epithelial	SDC4	0.26	57.6	1.41e-19
10	Stromal cells	Epithelial	Epithelial	PDK4	-0.31	39.5	2.91e-19
10	Stromal cells	Epithelial	Epithelial	TNF	-0.57	37.3	3.94e-19
10	Stromal cells	Epithelial	Epithelial	ADM	-0.33	44.3	1.71e-18
10	Stromal cells	Epithelial	Epithelial	GZMH	-0.27	14.2	4.56e-18
10	Stromal cells	Epithelial	Epithelial	PTGS2	-0.57	39.5	1.25e-17
10	Stromal cells	Epithelial	Epithelial	IGHG3	-2.23	40.1	1.55e-17
10	Stromal cells	Epithelial	Epithelial	MXD1	-0.29	44.1	3.49e-17
10	Stromal cells	Epithelial	Epithelial	C15orf48	-0.5	48.6	5.88e-17
10	Stromal cells	Epithelial	Epithelial	TRBC1	-1.04	35.9	6.78e-17
10	Stromal cells	Epithelial	Epithelial	IGHG2	-0.34	34.7	1.06e-16
10	Stromal cells	Epithelial	Epithelial	LILRB5	-0.3	37.3	1.21e-16
10	Stromal cells	Epithelial	Epithelial	ARRDC3	-0.43	46.4	3.02e-16
10	Stromal cells	Epithelial	Epithelial	CXCL3	-0.46	46.8	3.6e-16
10	Stromal cells	Epithelial	Epithelial	TRAC	-1.06	37.1	3.88e-16
10	Stromal cells	Epithelial	Epithelial	CCL5	-1.39	37.9	5.65e-16
10	Stromal cells	Epithelial	Epithelial	BCAT1	-0.3	53.2	5.66e-16
10	Stromal cells	Epithelial	Epithelial	COL4A2	-0.32	35.2	7.25e-16
10	Stromal cells	Epithelial	Epithelial	PLAU	-0.27	37.8	1.42e-15
10	Stromal cells	Epithelial	Epithelial	SPP1	-0.83	93.6	1.84e-15
10	Stromal cells	Epithelial	Epithelial	PLIN2	-0.68	77.5	2.25e-15
10	Stromal cells	Epithelial	Epithelial	ANKRD37	-0.36	41.9	3.27e-15
10	Stromal cells	Epithelial	Epithelial	HIST1H4C	-0.48	45.9	6.68e-15
10	Stromal cells	Epithelial	Epithelial	SLC40A1	-1.0	59.0	7.93e-15
10	Stromal cells	Epithelial	Epithelial	CITED2	-0.33	46.7	2.35e-14
10	Stromal cells	Epithelial	Epithelial	MMP19	-0.29	39.1	2.51e-14
10	Stromal cells	Epithelial	Epithelial	TGFBI	-0.37	57.8	3.83e-14
10	Stromal cells	Epithelial	Epithelial	FSCN1	-0.25	39.7	5.35e-14
10	Stromal cells	Epithelial	Epithelial	GEM	-0.26	38.3	9.36e-14
10	Stromal cells	Epithelial	Epithelial	LINC01272	-0.32	38.3	1.26e-13
10	Stromal cells	Epithelial	Epithelial	TNFSF10	-0.26	36.0	1.72e-13
10	Stromal cells	Epithelial	Epithelial	SEPP1	-0.57	95.7	4.68e-12
10	Stromal cells	Epithelial	Epithelial	PTTG1	-0.33	46.5	8.02e-12
10	Stromal cells	Epithelial	Epithelial	IL7R	-0.94	36.8	1.43e-11
10	Stromal cells	Epithelial	Epithelial	JCHAIN	-0.26	35.9	1.7e-11
10	Stromal cells	Epithelial	Epithelial	ITM2A	-0.59	38.8	2.38e-11
10	Stromal cells	Epithelial	Epithelial	S100A9	-0.28	83.6	2.62e-11
10	Stromal cells	Epithelial	Epithelial	CD209	-0.28	37.9	3.37e-11
10	Stromal cells	Epithelial	Epithelial	RPL7	0.26	99.9	3.61e-11
10	Stromal cells	Epithelial	Epithelial	S100A8	-0.73	35.5	4.69e-11
10	Stromal cells	Epithelial	Epithelial	TNFRSF4	-0.82	37.9	1.39e-10
10	Stromal cells	Epithelial	Epithelial	VSIG4	-0.29	38.5	3.3e-10
10	Stromal cells	Epithelial	Epithelial	DNASE1L3	-0.46	36.9	6.28e-10
10	Stromal cells	Epithelial	Epithelial	IFI30	-0.34	39.5	5.06e-09
10	Stromal cells	Epithelial	Epithelial	TFF3	0.33	34.9	5.86e-09
10	Stromal cells	Epithelial	Epithelial	MT1E	-0.27	36.0	1.64e-08
10	Stromal cells	Epithelial	Epithelial	LBH	-0.3	35.3	3.87e-08
10	Stromal cells	Epithelial	Epithelial	VCAN	-0.45	37.9	7.71e-08
10	Stromal cells	Epithelial	Epithelial	ID3	-0.44	40.0	8.8e-08
10	Stromal cells	Epithelial	Epithelial	SERPINH1	-0.28	50.9	2.13e-07
10	Stromal cells	Epithelial	Epithelial	IGF1	-0.29	36.3	2.46e-07
10	Stromal cells	Epithelial	Epithelial	RGS5	-0.61	36.4	5.42e-07
10	Stromal cells	Epithelial	Epithelial	AC092580.4	-0.29	24.9	7.62e-07
10	Stromal cells	Epithelial	Epithelial	TRBC2	-0.82	36.6	1.5e-06
10	Stromal cells	Epithelial	Epithelial	COL1A2	-0.37	33.5	1.64e-06
10	Stromal cells	Epithelial	Epithelial	CD40LG	-0.3	30.8	1.81e-06
10	Stromal cells	Epithelial	Epithelial	OCIAD2	-0.34	35.1	2.81e-06
10	Stromal cells	Epithelial	Epithelial	COL4A1	-0.35	37.2	4.62e-06
10	Stromal cells	Epithelial	Epithelial	C11orf96	-0.26	35.5	5.15e-06
11	Stromal cells	Epithelial	Epithelial	DUOXA2	0.4	59.0	1.86e-295
11	Stromal cells	Epithelial	Epithelial	RPL39	-1.01	99.0	2.18e-283
11	Stromal cells	Epithelial	Epithelial	MT-ND6	1.49	95.5	1.4e-272
11	Stromal cells	Epithelial	Epithelial	DPCR1	0.42	59.0	1.07e-230
11	Stromal cells	Epithelial	Epithelial	LIPH	0.31	59.0	2.45e-208
11	Stromal cells	Epithelial	Epithelial	PIK3C2G	0.27	59.7	4.3e-202
11	Stromal cells	Epithelial	Epithelial	COL3A1	-0.33	58.2	1.01e-200
11	Stromal cells	Epithelial	Epithelial	AHNAK2	0.37	59.0	4.26e-195
11	Stromal cells	Epithelial	Epithelial	LGALS1	-1.76	82.7	3.6e-172
11	Stromal cells	Epithelial	Epithelial	RPL5	-0.96	96.9	4.87e-170
11	Stromal cells	Epithelial	Epithelial	ACTG1	-0.99	82.1	6.62e-166
11	Stromal cells	Epithelial	Epithelial	IGLC3	-1.04	59.8	1.67e-163
11	Stromal cells	Epithelial	Epithelial	RPL8	-0.8	99.6	1.19e-160
11	Stromal cells	Epithelial	Epithelial	KRT16	0.3	58.8	3.74e-156
11	Stromal cells	Epithelial	Epithelial	LINC01133	0.31	59.0	1.39e-153
11	Stromal cells	Epithelial	Epithelial	EEF1B2	-0.86	90.8	4.82e-149
11	Stromal cells	Epithelial	Epithelial	TMC5	0.36	59.7	3.27e-132
11	Stromal cells	Epithelial	Epithelial	NPM1	-0.85	89.8	4.23e-131
11	Stromal cells	Epithelial	Epithelial	S100A10	-1.1	77.2	3.48e-130
11	Stromal cells	Epithelial	Epithelial	DUSP1	-1.34	74.3	6.53e-123
11	Stromal cells	Epithelial	Epithelial	DUOX2	0.34	59.0	2.3e-120
11	Stromal cells	Epithelial	Epithelial	IGHG3	-1.94	62.8	1.27e-117
11	Stromal cells	Epithelial	Epithelial	GZMH	-0.26	59.2	2.59e-113
11	Stromal cells	Epithelial	Epithelial	STC1	-0.43	36.1	2.74e-112
11	Stromal cells	Epithelial	Epithelial	RPL7	-0.77	98.3	4.7e-112
11	Stromal cells	Epithelial	Epithelial	HLA-DRB1	-2.05	77.4	3.85e-101
11	Stromal cells	Epithelial	Epithelial	EIF3E	-0.84	84.7	4.43e-100
11	Stromal cells	Epithelial	Epithelial	APOB	0.29	93.6	7.77e-97
11	Stromal cells	Epithelial	Epithelial	TF	0.28	96.5	5.6e-95
11	Stromal cells	Epithelial	Epithelial	AFP	0.26	97.6	5.3e-94
11	Stromal cells	Epithelial	Epithelial	APOA2	-0.52	100.0	1.06e-91
11	Stromal cells	Epithelial	Epithelial	CES1	0.26	80.2	3.42e-89
11	Stromal cells	Epithelial	Epithelial	C3	0.31	83.1	1.82e-88
11	Stromal cells	Epithelial	Epithelial	SEC61G	-0.63	83.5	3.55e-88
11	Stromal cells	Epithelial	Epithelial	IGHM	-0.86	60.7	2.68e-85
11	Stromal cells	Epithelial	Epithelial	RPS27L	-0.68	75.5	5.75e-85
11	Stromal cells	Epithelial	Epithelial	JCHAIN	-0.41	57.2	8.57e-85
11	Stromal cells	Epithelial	Epithelial	PSCA	0.29	59.0	1.6e-84
11	Stromal cells	Epithelial	Epithelial	GPC3	0.26	91.1	1.69e-84
11	Stromal cells	Epithelial	Epithelial	CDC42EP5	0.26	59.2	1.37e-83
11	Stromal cells	Epithelial	Epithelial	FOS	-1.32	78.7	1.92e-83
11	Stromal cells	Epithelial	Epithelial	LAMB3	0.3	59.6	2.61e-83
11	Stromal cells	Epithelial	Epithelial	GNLY	-0.53	56.4	5.04e-80
11	Stromal cells	Epithelial	Epithelial	HLA-DQA1	-1.43	63.1	8.21e-79
11	Stromal cells	Epithelial	Epithelial	UQCRH	-0.62	85.2	1.82e-78
11	Stromal cells	Epithelial	Epithelial	TUBA1B	-0.91	78.5	5.83e-78
11	Stromal cells	Epithelial	Epithelial	COX7B	-0.56	79.7	1.01e-77
11	Stromal cells	Epithelial	Epithelial	IGLC2	-1.77	67.3	3.6e-77
11	Stromal cells	Epithelial	Epithelial	SLC25A5	-0.74	78.9	1.03e-76
11	Stromal cells	Epithelial	Epithelial	NDUFA4	-0.62	84.8	2.94e-74
11	Stromal cells	Epithelial	Epithelial	C11orf96	-0.26	59.3	7.68e-73
11	Stromal cells	Epithelial	Epithelial	ARL14	0.68	59.0	1.69e-72
11	Stromal cells	Epithelial	Epithelial	ACTA2	-0.27	59.3	1.39e-71
11	Stromal cells	Epithelial	Epithelial	MUC5AC	0.35	58.9	2.42e-71
11	Stromal cells	Epithelial	Epithelial	HLA-DRA	-2.26	78.0	3.09e-71
11	Stromal cells	Epithelial	Epithelial	SPARC	-0.69	59.4	4.45e-71
11	Stromal cells	Epithelial	Epithelial	GABRP	0.25	59.0	7.09e-71
11	Stromal cells	Epithelial	Epithelial	ERH	-0.66	71.1	3.5e-70
11	Stromal cells	Epithelial	Epithelial	SOD2	-1.11	73.3	9.35e-70
11	Stromal cells	Epithelial	Epithelial	CEACAM6	0.3	59.0	2.37e-68
11	Stromal cells	Epithelial	Epithelial	RAN	-0.65	77.7	3.01e-68
11	Stromal cells	Epithelial	Epithelial	BLVRB	-0.84	71.1	1.81e-67
11	Stromal cells	Epithelial	Epithelial	TXN	-0.59	77.1	1.49e-66
11	Stromal cells	Epithelial	Epithelial	IGHG1	-3.17	62.0	2.95e-65
11	Stromal cells	Epithelial	Epithelial	PIGR	0.37	59.0	1.03e-64
11	Stromal cells	Epithelial	Epithelial	H2AFZ	-0.8	79.3	8.17e-62
11	Stromal cells	Epithelial	Epithelial	ANKRD36C	0.63	60.2	8.29e-60
11	Stromal cells	Epithelial	Epithelial	ELF3	0.59	62.6	2.45e-59
11	Stromal cells	Epithelial	Epithelial	GPRC5A	0.32	59.0	2.96e-59
11	Stromal cells	Epithelial	Epithelial	APOM	-0.25	94.5	1.82e-58
11	Stromal cells	Epithelial	Epithelial	PRDX5	-0.56	80.0	3.63e-57
11	Stromal cells	Epithelial	Epithelial	XCL2	-0.27	59.4	2.06e-56
11	Stromal cells	Epithelial	Epithelial	RBP4	-0.29	90.6	1.21e-55
11	Stromal cells	Epithelial	Epithelial	SERPINB1	-0.49	66.6	4.61e-55
11	Stromal cells	Epithelial	Epithelial	CTLA4	-0.28	60.5	4.91e-55
11	Stromal cells	Epithelial	Epithelial	LGALS4	0.28	59.3	3.21e-54
11	Stromal cells	Epithelial	Epithelial	LCN2	0.33	60.1	7.98e-54
11	Stromal cells	Epithelial	Epithelial	C19orf33	0.41	59.6	1.76e-53
11	Stromal cells	Epithelial	Epithelial	ZFAS1	-0.6	83.9	5.08e-52
11	Stromal cells	Epithelial	Epithelial	TUBB	-0.8	80.0	6.17e-52
11	Stromal cells	Epithelial	Epithelial	IGHA1	-0.59	61.3	1.61e-51
11	Stromal cells	Epithelial	Epithelial	TFF2	0.25	59.0	2.08e-50
11	Stromal cells	Epithelial	Epithelial	LGALS3	-1.08	65.3	9.06e-50
11	Stromal cells	Epithelial	Epithelial	CLDN4	0.46	60.5	1.31e-48
11	Stromal cells	Epithelial	Epithelial	GZMK	-0.46	59.6	1.32e-48
11	Stromal cells	Epithelial	Epithelial	RAD21	-0.55	63.1	2.38e-48
11	Stromal cells	Epithelial	Epithelial	DNASE1L3	-0.36	60.3	6.13e-48
11	Stromal cells	Epithelial	Epithelial	MCTS1	-0.45	64.0	8.84e-48
11	Stromal cells	Epithelial	Epithelial	TOP2A	-0.3	60.9	1.09e-47
11	Stromal cells	Epithelial	Epithelial	FABP5	-1.41	83.2	2.57e-47
11	Stromal cells	Epithelial	Epithelial	MT2A	-1.19	69.9	7.45e-47
11	Stromal cells	Epithelial	Epithelial	ANXA2	-0.5	73.7	1.28e-45
11	Stromal cells	Epithelial	Epithelial	LST1	-0.96	62.8	1.59e-45
11	Stromal cells	Epithelial	Epithelial	CLEC10A	-0.29	59.7	3.04e-45
11	Stromal cells	Epithelial	Epithelial	HLA-DPA1	-1.6	64.5	1.02e-44
11	Stromal cells	Epithelial	Epithelial	PLIN2	-1.07	75.7	1.06e-44
11	Stromal cells	Epithelial	Epithelial	ESD	-0.48	68.2	4.6e-44
11	Stromal cells	Epithelial	Epithelial	TTR	-0.41	92.8	5.1e-44
11	Stromal cells	Epithelial	Epithelial	ISG15	-0.72	63.7	7.19e-44
11	Stromal cells	Epithelial	Epithelial	FABP1	-0.65	95.4	1.4e-43
11	Stromal cells	Epithelial	Epithelial	IGFBP7	-0.93	59.6	3.58e-43
11	Stromal cells	Epithelial	Epithelial	SNRPF	-0.57	75.8	4.04e-43
11	Stromal cells	Epithelial	Epithelial	TYROBP	-1.9	67.9	6.9e-43
11	Stromal cells	Epithelial	Epithelial	KRT17	0.31	58.8	9.3e-42
11	Stromal cells	Epithelial	Epithelial	SNRPE	-0.5	75.4	2.39e-41
11	Stromal cells	Epithelial	Epithelial	COL1A2	-0.36	52.1	5.72e-41
11	Stromal cells	Epithelial	Epithelial	TCEA1	-0.53	70.3	1.31e-40
11	Stromal cells	Epithelial	Epithelial	HLA-DPB1	-1.5	64.8	9.05e-40
11	Stromal cells	Epithelial	Epithelial	FCN1	-0.46	59.8	1.06e-39
11	Stromal cells	Epithelial	Epithelial	TIGIT	-0.45	61.1	1.45e-39
11	Stromal cells	Epithelial	Epithelial	COX5A	-0.47	73.3	2.38e-39
11	Stromal cells	Epithelial	Epithelial	MT1G	-0.47	60.6	6.85e-39
11	Stromal cells	Epithelial	Epithelial	CD27	-0.37	60.1	5.11e-38
11	Stromal cells	Epithelial	Epithelial	IGHG2	-0.34	42.9	7.12e-38
11	Stromal cells	Epithelial	Epithelial	S100A6	-0.9	66.2	8.55e-38
11	Stromal cells	Epithelial	Epithelial	VCAN	-0.41	59.6	1.64e-36
11	Stromal cells	Epithelial	Epithelial	HMGN3	-0.33	65.4	1.68e-36
11	Stromal cells	Epithelial	Epithelial	PEBP1	-0.52	75.1	1.71e-36
11	Stromal cells	Epithelial	Epithelial	RSL24D1	-0.54	74.5	1.03e-35
11	Stromal cells	Epithelial	Epithelial	APOC3	-0.37	77.4	2.15e-35
11	Stromal cells	Epithelial	Epithelial	PRDX2	-0.57	78.5	2.9e-35
11	Stromal cells	Epithelial	Epithelial	UQCC2	-0.41	69.6	7.91e-35
11	Stromal cells	Epithelial	Epithelial	TNFRSF18	-0.52	61.5	1.12e-34
11	Stromal cells	Epithelial	Epithelial	GSTP1	-0.57	62.6	4.16e-34
11	Stromal cells	Epithelial	Epithelial	EREG	-0.72	60.2	5.17e-34
11	Stromal cells	Epithelial	Epithelial	SNRPD1	-0.53	69.1	7.23e-34
11	Stromal cells	Epithelial	Epithelial	ZFAND2A	-0.75	67.7	7.4e-34
11	Stromal cells	Epithelial	Epithelial	KRT19	0.28	63.7	1.37e-33
11	Stromal cells	Epithelial	Epithelial	STMN1	-0.86	63.7	5.51e-33
11	Stromal cells	Epithelial	Epithelial	COX7A2L	-0.54	75.4	1.25e-32
11	Stromal cells	Epithelial	Epithelial	COL1A1	-0.31	59.3	2.39e-32
11	Stromal cells	Epithelial	Epithelial	RPA3	-0.47	65.6	1.55e-31
11	Stromal cells	Epithelial	Epithelial	BCHE	-0.26	79.3	3.09e-31
11	Stromal cells	Epithelial	Epithelial	S100A8	-0.75	54.2	4.1e-31
11	Stromal cells	Epithelial	Epithelial	LYZ	-1.43	66.6	5.75e-31
11	Stromal cells	Epithelial	Epithelial	HN1	-0.41	65.8	5.79e-31
11	Stromal cells	Epithelial	Epithelial	KDELR2	-0.52	78.7	6.84e-31
11	Stromal cells	Epithelial	Epithelial	AC092580.4	-0.28	59.7	8.37e-31
11	Stromal cells	Epithelial	Epithelial	ICOS	-0.33	60.3	9.83e-31
11	Stromal cells	Epithelial	Epithelial	ETFB	-0.49	76.2	1.88e-30
11	Stromal cells	Epithelial	Epithelial	TIMP1	-0.54	81.7	2.51e-30
11	Stromal cells	Epithelial	Epithelial	FABP4	-0.96	61.4	1.05e-29
11	Stromal cells	Epithelial	Epithelial	NR4A3	-0.28	60.2	1.36e-29
11	Stromal cells	Epithelial	Epithelial	HLA-DQB1	-1.32	65.4	3.45e-29
11	Stromal cells	Epithelial	Epithelial	C8orf59	-0.44	71.1	5.2e-28
11	Stromal cells	Epithelial	Epithelial	FCER1G	-1.5	65.6	1.71e-27
11	Stromal cells	Epithelial	Epithelial	AIF1	-1.56	64.7	4.84e-27
11	Stromal cells	Epithelial	Epithelial	DUT	-0.48	63.0	5.2e-27
11	Stromal cells	Epithelial	Epithelial	SPOCK2	-0.39	60.6	5.28e-27
11	Stromal cells	Epithelial	Epithelial	RBM47	-0.3	62.6	5.84e-27
11	Stromal cells	Epithelial	Epithelial	RANBP1	-0.46	70.0	9.4e-27
11	Stromal cells	Epithelial	Epithelial	BCAT1	-0.46	63.1	4.27e-26
11	Stromal cells	Epithelial	Epithelial	CD40LG	-0.25	59.6	6.84e-26
11	Stromal cells	Epithelial	Epithelial	POLR2K	-0.59	75.3	9.64e-26
11	Stromal cells	Epithelial	Epithelial	RASSF4	-0.36	61.3	1.45e-25
11	Stromal cells	Epithelial	Epithelial	PRDX3	-0.4	66.6	2.74e-25
11	Stromal cells	Epithelial	Epithelial	CSTA	-0.43	66.5	2.9e-25
11	Stromal cells	Epithelial	Epithelial	TCEB1	-0.55	73.6	3.01e-25
11	Stromal cells	Epithelial	Epithelial	PPA1	-0.44	67.7	5.49e-25
11	Stromal cells	Epithelial	Epithelial	STAT1	-0.44	64.4	5.93e-25
11	Stromal cells	Epithelial	Epithelial	GAGE2A	-0.43	80.1	7.86e-25
11	Stromal cells	Epithelial	Epithelial	C8orf4	0.64	61.0	9.28e-25
11	Stromal cells	Epithelial	Epithelial	PRDX6	-0.51	76.0	9.5e-25
11	Stromal cells	Epithelial	Epithelial	TNFRSF4	-0.55	62.3	1.15e-24
11	Stromal cells	Epithelial	Epithelial	AKR1C1	-0.51	93.5	1.47e-23
11	Stromal cells	Epithelial	Epithelial	AKR1C3	-0.48	88.9	1.56e-23
11	Stromal cells	Epithelial	Epithelial	LAPTM4B	-0.25	78.9	2.11e-23
11	Stromal cells	Epithelial	Epithelial	CYP3A5	0.25	62.2	2.18e-23
11	Stromal cells	Epithelial	Epithelial	NDUFB5	-0.42	69.8	2.8e-23
11	Stromal cells	Epithelial	Epithelial	IGKC	-1.69	72.8	6.15e-23
11	Stromal cells	Epithelial	Epithelial	LMO7	0.31	60.3	7.87e-23
11	Stromal cells	Epithelial	Epithelial	HMOX1	-0.62	66.2	9.69e-23
11	Stromal cells	Epithelial	Epithelial	MDH2	-0.46	70.5	9.89e-23
11	Stromal cells	Epithelial	Epithelial	DDT	-0.74	89.3	7.24e-22
11	Stromal cells	Epithelial	Epithelial	CHCHD10	-0.57	87.7	7.3e-22
11	Stromal cells	Epithelial	Epithelial	TMEM14B	-0.41	65.6	1.31e-21
11	Stromal cells	Epithelial	Epithelial	NKG7	-0.68	60.7	1.78e-21
11	Stromal cells	Epithelial	Epithelial	TNF	-0.34	60.9	2.79e-21
11	Stromal cells	Epithelial	Epithelial	MRPL3	-0.29	63.0	2.87e-21
11	Stromal cells	Epithelial	Epithelial	COL4A1	-0.36	51.0	5.08e-21
11	Stromal cells	Epithelial	Epithelial	GZMA	-0.73	61.0	1.29e-20
11	Stromal cells	Epithelial	Epithelial	BAG3	-0.59	62.8	1.36e-20
11	Stromal cells	Epithelial	Epithelial	DUSP4	-0.28	60.6	3.18e-20
11	Stromal cells	Epithelial	Epithelial	CD9	-0.73	61.6	5.09e-20
11	Stromal cells	Epithelial	Epithelial	PCBD1	-0.3	68.1	1.27e-19
11	Stromal cells	Epithelial	Epithelial	ATF3	-0.6	66.5	1.87e-19
11	Stromal cells	Epithelial	Epithelial	C1QBP	-0.39	67.1	2.28e-19
11	Stromal cells	Epithelial	Epithelial	IFI6	-0.41	68.2	3.7e-19
11	Stromal cells	Epithelial	Epithelial	ARL6IP1	-0.31	65.2	5.96e-19
11	Stromal cells	Epithelial	Epithelial	TKT	-0.45	75.0	4.01e-18
11	Stromal cells	Epithelial	Epithelial	TRAM1	-0.34	77.9	4.3e-18
11	Stromal cells	Epithelial	Epithelial	CKS2	-0.52	68.2	4.78e-18
11	Stromal cells	Epithelial	Epithelial	NIFK	-0.36	64.8	8.13e-18
11	Stromal cells	Epithelial	Epithelial	NME1	-0.42	75.0	1.22e-17
11	Stromal cells	Epithelial	Epithelial	VSIG4	-0.27	59.6	2.08e-17
11	Stromal cells	Epithelial	Epithelial	NDUFB9	-0.45	72.4	2.42e-17
11	Stromal cells	Epithelial	Epithelial	STRA13	-0.26	64.0	4.33e-17
11	Stromal cells	Epithelial	Epithelial	ECHS1	-0.35	66.0	5.92e-17
11	Stromal cells	Epithelial	Epithelial	IFNG	-0.62	60.1	6.74e-17
11	Stromal cells	Epithelial	Epithelial	NUDC	-0.41	69.8	8.28e-17
11	Stromal cells	Epithelial	Epithelial	IGHG4	-2.89	63.0	9.51e-17
11	Stromal cells	Epithelial	Epithelial	GATM	-0.52	69.9	1.24e-16
11	Stromal cells	Epithelial	Epithelial	HK2	-0.31	60.3	3.65e-16
11	Stromal cells	Epithelial	Epithelial	MKKS	-0.31	66.6	6.41e-16
11	Stromal cells	Epithelial	Epithelial	ETS2	-0.28	60.7	7.66e-16
11	Stromal cells	Epithelial	Epithelial	PTGS2	-0.47	61.5	1.58e-15
11	Stromal cells	Epithelial	Epithelial	IER3	-0.59	74.5	2.1e-15
11	Stromal cells	Epithelial	Epithelial	LSM4	-0.36	67.8	2.33e-15
11	Stromal cells	Epithelial	Epithelial	DUSP6	-0.45	62.6	2.4e-15
11	Stromal cells	Epithelial	Epithelial	SRM	-0.32	66.5	2.61e-15
11	Stromal cells	Epithelial	Epithelial	LSM2	-0.38	70.4	2.85e-15
11	Stromal cells	Epithelial	Epithelial	RDX	-0.41	66.4	2.87e-15
11	Stromal cells	Epithelial	Epithelial	TRBC2	-0.64	62.0	4.94e-15
11	Stromal cells	Epithelial	Epithelial	HSPA6	-0.96	66.0	5.02e-15
11	Stromal cells	Epithelial	Epithelial	CXCL10	-0.53	59.2	5.28e-15
11	Stromal cells	Epithelial	Epithelial	DNAJC15	-0.26	61.3	8.71e-15
11	Stromal cells	Epithelial	Epithelial	RP11-467L13.7	0.37	59.8	1.68e-14
11	Stromal cells	Epithelial	Epithelial	GLRX5	-0.35	65.3	1.85e-14
11	Stromal cells	Epithelial	Epithelial	AKR1B10	-0.39	77.2	2.45e-14
11	Stromal cells	Epithelial	Epithelial	GPR34	-0.3	60.1	5.24e-14
11	Stromal cells	Epithelial	Epithelial	CHPT1	-0.27	64.3	5.47e-14
11	Stromal cells	Epithelial	Epithelial	RECQL	-0.31	60.6	8e-14
11	Stromal cells	Epithelial	Epithelial	MRPL14	-0.32	68.7	1.6e-13
11	Stromal cells	Epithelial	Epithelial	AIMP1	-0.31	69.8	2.08e-13
11	Stromal cells	Epithelial	Epithelial	RNASE1	-1.48	64.7	4.18e-13
11	Stromal cells	Epithelial	Epithelial	LY96	-0.68	61.5	4.6e-13
11	Stromal cells	Epithelial	Epithelial	SLIRP	-0.38	78.8	4.89e-13
11	Stromal cells	Epithelial	Epithelial	C20orf24	-0.42	67.7	5.3e-13
11	Stromal cells	Epithelial	Epithelial	THY1	-0.29	8.8	6.27e-13
11	Stromal cells	Epithelial	Epithelial	CDK4	-0.25	62.6	8.67e-13
11	Stromal cells	Epithelial	Epithelial	ARPC1A	-0.29	66.6	9.2e-13
11	Stromal cells	Epithelial	Epithelial	MPC2	-0.45	73.6	9.32e-13
11	Stromal cells	Epithelial	Epithelial	MSRB2	-0.29	65.7	1.6e-12
11	Stromal cells	Epithelial	Epithelial	CCL20	-0.45	74.6	1.6e-12
11	Stromal cells	Epithelial	Epithelial	ITM2A	-0.52	62.3	2.4e-12
11	Stromal cells	Epithelial	Epithelial	TUBA4A	-0.29	61.1	2.49e-12
11	Stromal cells	Epithelial	Epithelial	NUDT1	-0.27	61.1	2.74e-12
11	Stromal cells	Epithelial	Epithelial	DNPH1	-0.31	72.0	3.88e-12
11	Stromal cells	Epithelial	Epithelial	COA4	-0.26	67.9	5.52e-12
11	Stromal cells	Epithelial	Epithelial	DECR1	-0.31	66.9	6.04e-12
11	Stromal cells	Epithelial	Epithelial	TCF4	-0.3	60.6	9.91e-12
11	Stromal cells	Epithelial	Epithelial	KLRB1	-0.76	60.6	1.04e-11
11	Stromal cells	Epithelial	Epithelial	LINC01272	-0.34	59.3	2.6e-11
11	Stromal cells	Epithelial	Epithelial	MAFB	-0.27	63.9	4.12e-11
11	Stromal cells	Epithelial	Epithelial	SOCS3	-0.53	60.5	6.08e-11
11	Stromal cells	Epithelial	Epithelial	RGCC	-0.98	61.9	1.53e-10
11	Stromal cells	Epithelial	Epithelial	APOC1	-1.06	97.6	2.41e-10
11	Stromal cells	Epithelial	Epithelial	CALD1	-0.46	70.0	3.29e-10
11	Stromal cells	Epithelial	Epithelial	NUPR1	-0.27	73.7	3.41e-10
11	Stromal cells	Epithelial	Epithelial	ADI1	-0.34	69.5	3.8e-10
11	Stromal cells	Epithelial	Epithelial	BNIP3	-0.45	67.5	4.2e-10
11	Stromal cells	Epithelial	Epithelial	MRPL12	-0.29	65.8	4.72e-10
11	Stromal cells	Epithelial	Epithelial	C1QB	-1.9	69.5	5e-10
11	Stromal cells	Epithelial	Epithelial	C1QA	-1.85	69.6	5.41e-10
11	Stromal cells	Epithelial	Epithelial	DNAJA4	-0.56	63.0	7.51e-10
11	Stromal cells	Epithelial	Epithelial	AKR1C4	-0.55	83.2	9.91e-10
11	Stromal cells	Epithelial	Epithelial	BASP1	-0.5	61.0	1.28e-09
11	Stromal cells	Epithelial	Epithelial	TUBA1C	-0.42	67.8	1.55e-09
11	Stromal cells	Epithelial	Epithelial	UBE2S	-0.5	63.9	1.81e-09
11	Stromal cells	Epithelial	Epithelial	CD14	-1.24	66.9	1.88e-09
11	Stromal cells	Epithelial	Epithelial	LYPLA1	-0.34	69.8	1.91e-09
11	Stromal cells	Epithelial	Epithelial	MRC1	-0.75	61.1	1.94e-09
11	Stromal cells	Epithelial	Epithelial	MRPL13	-0.3	69.5	2.2e-09
11	Stromal cells	Epithelial	Epithelial	TMPO	-0.29	62.8	2.42e-09
11	Stromal cells	Epithelial	Epithelial	IFITM3	-0.49	91.1	4.44e-09
11	Stromal cells	Epithelial	Epithelial	MRPS15	-0.31	66.8	6.92e-09
11	Stromal cells	Epithelial	Epithelial	CD163	-0.7	63.0	8.9e-09
11	Stromal cells	Epithelial	Epithelial	EPB41L3	-0.27	59.7	1.03e-08
11	Stromal cells	Epithelial	Epithelial	GPNMB	-1.25	66.1	2.17e-08
11	Stromal cells	Epithelial	Epithelial	HACD3	-0.25	66.9	2.59e-08
11	Stromal cells	Epithelial	Epithelial	SEPP1	-1.22	90.8	2.93e-08
11	Stromal cells	Epithelial	Epithelial	RGS5	-0.62	38.1	3.02e-08
11	Stromal cells	Epithelial	Epithelial	IL4I1	-0.63	60.5	4.1e-08
11	Stromal cells	Epithelial	Epithelial	A2M	-0.51	77.2	6.76e-08
11	Stromal cells	Epithelial	Epithelial	RHOB	-0.32	70.7	6.76e-08
11	Stromal cells	Epithelial	Epithelial	SDF2L1	-0.34	71.7	2.53e-07
11	Stromal cells	Epithelial	Epithelial	ACSL4	-0.29	68.5	2.58e-07
11	Stromal cells	Epithelial	Epithelial	HPRT1	-0.27	63.6	2.73e-07
11	Stromal cells	Epithelial	Epithelial	MTCH2	-0.31	66.4	2.77e-07
11	Stromal cells	Epithelial	Epithelial	PTTG1	-0.48	63.5	3.63e-07
11	Stromal cells	Epithelial	Epithelial	SMC4	-0.3	62.6	6.67e-07
11	Stromal cells	Epithelial	Epithelial	ATF5	-0.44	62.6	7.85e-07
11	Stromal cells	Epithelial	Epithelial	IL1RN	-0.75	62.7	8.19e-07
11	Stromal cells	Epithelial	Epithelial	EEF1E1	-0.27	65.7	8.51e-07
11	Stromal cells	Epithelial	Epithelial	TRBC1	-0.93	61.0	1.02e-06
11	Stromal cells	Epithelial	Epithelial	FGL2	-0.82	62.3	1.03e-06
11	Stromal cells	Epithelial	Epithelial	VEGFA	0.36	67.0	1.25e-06
11	Stromal cells	Epithelial	Epithelial	C1orf162	-0.59	60.9	2.02e-06
11	Stromal cells	Epithelial	Epithelial	ADM	-0.42	60.6	2.14e-06
11	Stromal cells	Epithelial	Epithelial	MMP19	-0.28	61.3	3.22e-06
11	Stromal cells	Epithelial	Epithelial	CCL4	-1.49	70.0	3.38e-06
11	Stromal cells	Epithelial	Epithelial	FBP1	-0.37	60.1	3.91e-06
11	Stromal cells	Epithelial	Epithelial	COL4A2	-0.3	16.4	3.97e-06
11	Stromal cells	Epithelial	Epithelial	RND3	0.34	60.9	4.02e-06
11	Stromal cells	Epithelial	Epithelial	BATF	-0.36	60.9	4.99e-06
11	Stromal cells	Epithelial	Epithelial	HAVCR2	-0.33	60.7	5.56e-06
11	Stromal cells	Epithelial	Epithelial	MS4A6A	-1.0	63.9	5.6e-06
11	Stromal cells	Epithelial	Epithelial	NUDCD2	-0.26	64.9	6.34e-06
11	Stromal cells	Epithelial	Epithelial	MNDA	-0.5	60.6	7.63e-06
11	Stromal cells	Epithelial	Epithelial	C5AR1	-0.52	60.1	8.36e-06
12	Immune cells	Tprolif	Tprolif	STMN1	2.0	99.9	0
12	Immune cells	Tprolif	Tprolif	TOP2A	1.96	93.9	0
12	Immune cells	Tprolif	Tprolif	HMGB2	1.76	98.2	0
12	Immune cells	Tprolif	Tprolif	MKI67	1.75	96.6	0
12	Immune cells	Tprolif	Tprolif	TUBA1B	1.7	100.0	0
12	Immune cells	Tprolif	Tprolif	CENPF	1.58	90.1	0
12	Immune cells	Tprolif	Tprolif	UBE2C	1.58	86.3	0
12	Immune cells	Tprolif	Tprolif	TUBB	1.54	99.9	0
12	Immune cells	Tprolif	Tprolif	CDK1	1.5	85.2	0
12	Immune cells	Tprolif	Tprolif	H2AFZ	1.41	100.0	0
12	Immune cells	Tprolif	Tprolif	NUSAP1	1.4	93.0	0
12	Immune cells	Tprolif	Tprolif	HMMR	1.28	83.5	0
12	Immune cells	Tprolif	Tprolif	KIAA0101	1.25	83.8	0
12	Immune cells	Tprolif	Tprolif	PTTG1	1.18	92.7	0
12	Immune cells	Tprolif	Tprolif	ASPM	1.17	81.2	0
12	Immune cells	Tprolif	Tprolif	TPX2	1.14	86.7	0
12	Immune cells	Tprolif	Tprolif	CKS1B	1.08	93.5	0
12	Immune cells	Tprolif	Tprolif	PRC1	1.03	82.6	0
12	Immune cells	Tprolif	Tprolif	BIRC5	1.03	83.8	0
12	Immune cells	Tprolif	Tprolif	CEP55	0.95	78.7	0
12	Immune cells	Tprolif	Tprolif	DLGAP5	0.93	74.5	0
12	Immune cells	Tprolif	Tprolif	CCNB2	0.88	72.9	0
12	Immune cells	Tprolif	Tprolif	GTSE1	0.85	72.7	0
12	Immune cells	Tprolif	Tprolif	KIF11	0.88	76.1	3.06e-302
12	Immune cells	Tprolif	Tprolif	ANLN	0.87	70.5	6.25e-299
12	Immune cells	Tprolif	Tprolif	CCNA2	0.82	73.3	5.25e-281
12	Immune cells	Tprolif	Tprolif	NCAPG	0.82	73.2	9.85e-280
12	Immune cells	Tprolif	Tprolif	CDKN3	0.98	78.5	2.54e-273
12	Immune cells	Tprolif	Tprolif	ARL6IP1	1.28	95.0	2.91e-270
12	Immune cells	Tprolif	Tprolif	KPNA2	1.24	87.3	5.34e-268
12	Immune cells	Tprolif	Tprolif	CKS2	1.09	93.5	4.15e-265
12	Immune cells	Tprolif	Tprolif	TMPO	0.96	89.3	6.67e-264
12	Immune cells	Tprolif	Tprolif	SMC2	0.84	82.0	2.96e-258
12	Immune cells	Tprolif	Tprolif	TUBA1C	1.14	93.5	2.59e-250
12	Immune cells	Tprolif	Tprolif	CASC5	0.77	71.3	9.37e-246
12	Immune cells	Tprolif	Tprolif	CCNB1	1.09	76.5	4.63e-242
12	Immune cells	Tprolif	Tprolif	SMC4	0.88	85.3	9.83e-234
12	Immune cells	Tprolif	Tprolif	CENPE	0.86	69.4	1.31e-233
12	Immune cells	Tprolif	Tprolif	TYMS	1.14	75.8	3.57e-231
12	Immune cells	Tprolif	Tprolif	MS4A4A	0.89	93.4	2.77e-227
12	Immune cells	Tprolif	Tprolif	SGOL2	0.8	73.2	1.21e-225
12	Immune cells	Tprolif	Tprolif	NUF2	0.68	64.6	3.31e-217
12	Immune cells	Tprolif	Tprolif	DEPDC1	0.53	51.9	6.35e-216
12	Immune cells	Tprolif	Tprolif	HIST1H4C	1.71	81.5	2.41e-215
12	Immune cells	Tprolif	Tprolif	CENPA	0.63	61.3	1.58e-214
12	Immune cells	Tprolif	Tprolif	KIF23	0.62	59.8	2.27e-211
12	Immune cells	Tprolif	Tprolif	CDCA3	0.53	51.3	1.34e-208
12	Immune cells	Tprolif	Tprolif	RAD21	0.75	92.6	4.75e-208
12	Immune cells	Tprolif	Tprolif	MS4A6A	0.89	95.8	6.66e-207
12	Immune cells	Tprolif	Tprolif	HN1	0.85	94.7	4.54e-206
12	Immune cells	Tprolif	Tprolif	TK1	0.78	68.7	9.03e-206
12	Immune cells	Tprolif	Tprolif	UBE2S	0.93	87.6	1.8e-203
12	Immune cells	Tprolif	Tprolif	SPC25	0.53	52.6	8.97e-202
12	Immune cells	Tprolif	Tprolif	CKAP2	0.79	77.0	1.09e-200
12	Immune cells	Tprolif	Tprolif	KIF4A	0.51	54.4	5.8e-198
12	Immune cells	Tprolif	Tprolif	AIF1	0.86	99.6	4.34e-196
12	Immune cells	Tprolif	Tprolif	ZWINT	0.69	69.6	4.49e-196
12	Immune cells	Tprolif	Tprolif	CDC20	0.84	64.2	2.69e-191
12	Immune cells	Tprolif	Tprolif	KIF20B	0.78	75.8	3.45e-191
12	Immune cells	Tprolif	Tprolif	MAD2L1	0.71	73.2	2.55e-189
12	Immune cells	Tprolif	Tprolif	PLK1	0.65	54.7	3.77e-186
12	Immune cells	Tprolif	Tprolif	C1QA	0.82	97.2	6.82e-183
12	Immune cells	Tprolif	Tprolif	BUB1	0.6	60.4	2.73e-181
12	Immune cells	Tprolif	Tprolif	KIF2C	0.54	55.7	1.7e-178
12	Immune cells	Tprolif	Tprolif	RNASE6	0.69	90.4	2.41e-178
12	Immune cells	Tprolif	Tprolif	C1QC	0.8	93.8	7.28e-178
12	Immune cells	Tprolif	Tprolif	C1QB	0.83	95.6	2.69e-177
12	Immune cells	Tprolif	Tprolif	TACC3	0.67	70.3	3.36e-177
12	Immune cells	Tprolif	Tprolif	DTYMK	0.69	72.8	5.09e-176
12	Immune cells	Tprolif	Tprolif	RRM2	0.99	62.0	7.32e-173
12	Immune cells	Tprolif	Tprolif	APOA2	-2.33	99.2	3.05e-172
12	Immune cells	Tprolif	Tprolif	CENPW	0.64	72.4	8.21e-171
12	Immune cells	Tprolif	Tprolif	HLA-DRB1	0.75	99.9	5.73e-169
12	Immune cells	Tprolif	Tprolif	RACGAP1	0.65	63.4	5.78e-169
12	Immune cells	Tprolif	Tprolif	HMGB3	0.68	76.5	8.53e-168
12	Immune cells	Tprolif	Tprolif	KIF14	0.59	56.1	1.73e-167
12	Immune cells	Tprolif	Tprolif	KIFC1	0.5	51.9	1.85e-167
12	Immune cells	Tprolif	Tprolif	RAD51AP1	0.7	65.5	3.82e-166
12	Immune cells	Tprolif	Tprolif	TGFBI	0.65	91.1	5.72e-166
12	Immune cells	Tprolif	Tprolif	CYBB	0.69	91.8	9.88e-165
12	Immune cells	Tprolif	Tprolif	LYZ	0.73	96.2	2.34e-164
12	Immune cells	Tprolif	Tprolif	FCER1G	0.74	99.3	3.68e-163
12	Immune cells	Tprolif	Tprolif	C1orf162	0.6	90.2	1.64e-158
12	Immune cells	Tprolif	Tprolif	KIF15	0.46	48.3	2.71e-158
12	Immune cells	Tprolif	Tprolif	AURKA	0.7	63.9	2.74e-157
12	Immune cells	Tprolif	Tprolif	HLA-DRA	0.69	99.9	1.54e-154
12	Immune cells	Tprolif	Tprolif	KCTD12	0.63	88.9	1.07e-149
12	Immune cells	Tprolif	Tprolif	NUDT1	0.6	79.4	1.6e-149
12	Immune cells	Tprolif	Tprolif	CD14	0.72	91.7	2.09e-149
12	Immune cells	Tprolif	Tprolif	ALB	-2.13	98.5	6.11e-148
12	Immune cells	Tprolif	Tprolif	MNDA	0.73	79.0	3.62e-147
12	Immune cells	Tprolif	Tprolif	SPI1	0.54	88.2	1.28e-146
12	Immune cells	Tprolif	Tprolif	LGALS1	0.84	100.0	8.99e-146
12	Immune cells	Tprolif	Tprolif	HLA-DPA1	0.6	98.3	1.47e-141
12	Immune cells	Tprolif	Tprolif	SHCBP1	0.55	57.5	4.8e-140
12	Immune cells	Tprolif	Tprolif	ACTG1	0.52	99.9	5.96e-140
12	Immune cells	Tprolif	Tprolif	RAN	0.54	98.5	9.68e-140
12	Immune cells	Tprolif	Tprolif	SKA2	0.56	74.5	2.11e-138
12	Immune cells	Tprolif	Tprolif	PLEK	0.52	91.5	5.85e-135
12	Immune cells	Tprolif	Tprolif	HLA-DPB1	0.56	97.4	3.17e-133
12	Immune cells	Tprolif	Tprolif	SGOL1	0.42	48.9	3.8e-133
12	Immune cells	Tprolif	Tprolif	CDCA8	0.52	53.6	3.77e-132
12	Immune cells	Tprolif	Tprolif	NEK2	0.43	41.1	6.5e-132
12	Immune cells	Tprolif	Tprolif	FCGR2A	0.51	88.9	3.46e-131
12	Immune cells	Tprolif	Tprolif	AURKB	0.57	56.0	1.05e-130
12	Immune cells	Tprolif	Tprolif	FGL2	0.51	90.6	3.24e-130
12	Immune cells	Tprolif	Tprolif	MRC1	0.59	84.5	1.21e-129
12	Immune cells	Tprolif	Tprolif	MAFB	0.54	89.4	2.72e-127
12	Immune cells	Tprolif	Tprolif	HLA-DQB1	0.5	97.4	2.24e-123
12	Immune cells	Tprolif	Tprolif	CPVL	0.57	80.4	3.36e-121
12	Immune cells	Tprolif	Tprolif	MELK	0.41	45.6	4.12e-121
12	Immune cells	Tprolif	Tprolif	GSTP1	0.54	96.4	9.2e-120
12	Immune cells	Tprolif	Tprolif	ARHGAP11A	0.59	58.7	1.62e-117
12	Immune cells	Tprolif	Tprolif	HLA-DQA1	0.52	93.4	9.16e-117
12	Immune cells	Tprolif	Tprolif	PRR11	0.49	50.9	1.88e-116
12	Immune cells	Tprolif	Tprolif	LSM4	0.48	88.8	9.53e-116
12	Immune cells	Tprolif	Tprolif	BUB1B	0.46	51.3	1.04e-115
12	Immune cells	Tprolif	Tprolif	RPA3	0.53	82.6	2.74e-115
12	Immune cells	Tprolif	Tprolif	HIST1H1B	0.42	40.3	5.58e-115
12	Immune cells	Tprolif	Tprolif	PHF19	0.51	64.7	2.75e-114
12	Immune cells	Tprolif	Tprolif	CKAP2L	0.36	41.0	1.04e-112
12	Immune cells	Tprolif	Tprolif	CALD1	-0.77	9.0	1.41e-110
12	Immune cells	Tprolif	Tprolif	TYROBP	0.53	99.9	1.74e-109
12	Immune cells	Tprolif	Tprolif	ADAP2	0.48	79.9	1.8e-108
12	Immune cells	Tprolif	Tprolif	MEF2C	0.42	81.1	1.87e-108
12	Immune cells	Tprolif	Tprolif	BLVRB	0.47	96.0	2.32e-108
12	Immune cells	Tprolif	Tprolif	ITGA1	-0.33	3.8	2.19e-107
12	Immune cells	Tprolif	Tprolif	TTK	0.44	48.1	3.56e-107
12	Immune cells	Tprolif	Tprolif	HJURP	0.42	44.4	4.37e-107
12	Immune cells	Tprolif	Tprolif	FOXM1	0.44	49.5	4.7e-107
12	Immune cells	Tprolif	Tprolif	LST1	0.4	90.9	9.07e-107
12	Immune cells	Tprolif	Tprolif	F13A1	0.59	71.3	1.15e-106
12	Immune cells	Tprolif	Tprolif	CD3D	-1.21	9.9	8.75e-106
12	Immune cells	Tprolif	Tprolif	STAB1	0.6	79.3	9.98e-106
12	Immune cells	Tprolif	Tprolif	PERP	-0.33	6.6	1.01e-105
12	Immune cells	Tprolif	Tprolif	FXYD1	-0.53	8.2	1.19e-105
12	Immune cells	Tprolif	Tprolif	CAMK2N1	-0.36	7.4	8.41e-105
12	Immune cells	Tprolif	Tprolif	HPX	-0.45	8.6	6.2e-104
12	Immune cells	Tprolif	Tprolif	FGA	-0.58	9.6	2.89e-103
12	Immune cells	Tprolif	Tprolif	AQP3	-0.27	5.4	6.52e-103
12	Immune cells	Tprolif	Tprolif	SLC25A5	0.5	96.0	1.03e-102
12	Immune cells	Tprolif	Tprolif	SERPIND1	-0.3	4.8	1.86e-101
12	Immune cells	Tprolif	Tprolif	TM4SF1	-0.35	4.4	2.28e-101
12	Immune cells	Tprolif	Tprolif	ORM2	-0.5	6.9	4.37e-101
12	Immune cells	Tprolif	Tprolif	FST	-0.35	6.3	7.26e-101
12	Immune cells	Tprolif	Tprolif	KRT19	-0.27	5.3	1.37e-100
12	Immune cells	Tprolif	Tprolif	ORM1	-0.69	9.2	1.42e-100
12	Immune cells	Tprolif	Tprolif	CKAP5	0.58	63.9	1.67e-100
12	Immune cells	Tprolif	Tprolif	LY96	0.41	88.5	1.95e-100
12	Immune cells	Tprolif	Tprolif	FKBP10	-0.27	6.1	1.09e-99
12	Immune cells	Tprolif	Tprolif	ESCO2	0.54	50.2	1.69e-99
12	Immune cells	Tprolif	Tprolif	HPGD	-0.35	5.9	1.9e-99
12	Immune cells	Tprolif	Tprolif	TSPAN8	-0.63	10.4	3.4e-99
12	Immune cells	Tprolif	Tprolif	PLG	-0.41	8.7	6.4e-99
12	Immune cells	Tprolif	Tprolif	PCSK1N	-0.46	9.4	1.4e-98
12	Immune cells	Tprolif	Tprolif	SLPI	-0.26	4.9	1.54e-98
12	Immune cells	Tprolif	Tprolif	CFI	-0.39	6.9	4.2e-98
12	Immune cells	Tprolif	Tprolif	KRT8	-0.84	16.1	7.58e-98
12	Immune cells	Tprolif	Tprolif	ELF3	-0.26	4.6	6.93e-97
12	Immune cells	Tprolif	Tprolif	KNG1	-0.41	8.2	8.31e-97
12	Immune cells	Tprolif	Tprolif	MAL2	-0.51	10.7	2.02e-96
12	Immune cells	Tprolif	Tprolif	ITIH2	-0.46	10.3	2.36e-96
12	Immune cells	Tprolif	Tprolif	NCAPD2	0.53	57.2	4.29e-96
12	Immune cells	Tprolif	Tprolif	FN1	-0.51	10.4	9.81e-96
12	Immune cells	Tprolif	Tprolif	HULC	-0.31	6.6	1.24e-95
12	Immune cells	Tprolif	Tprolif	CD7	-0.75	6.6	1.27e-95
12	Immune cells	Tprolif	Tprolif	UGT2B4	-0.45	9.6	1.61e-95
12	Immune cells	Tprolif	Tprolif	AADAC	-0.26	4.5	2.44e-95
12	Immune cells	Tprolif	Tprolif	CTHRC1	-0.51	10.4	2.62e-95
12	Immune cells	Tprolif	Tprolif	ANGPTL3	-0.51	9.4	6.59e-95
12	Immune cells	Tprolif	Tprolif	TRNP1	-0.36	9.0	2.73e-94
12	Immune cells	Tprolif	Tprolif	PROC	-0.46	10.4	4.43e-94
12	Immune cells	Tprolif	Tprolif	KDELR3	-0.31	5.8	4.56e-94
12	Immune cells	Tprolif	Tprolif	FKBP11	-0.46	12.2	9.4e-94
12	Immune cells	Tprolif	Tprolif	MS4A7	0.38	87.2	2.53e-93
12	Immune cells	Tprolif	Tprolif	SERPINF1	-0.51	12.2	2.77e-93
12	Immune cells	Tprolif	Tprolif	KIF20A	0.32	32.5	3.99e-92
12	Immune cells	Tprolif	Tprolif	CSF1R	0.41	79.1	4.13e-92
12	Immune cells	Tprolif	Tprolif	CENPK	0.52	61.0	5.78e-92
12	Immune cells	Tprolif	Tprolif	HRG	-0.45	9.1	7.14e-92
12	Immune cells	Tprolif	Tprolif	SELM	-0.5	14.9	1.07e-91
12	Immune cells	Tprolif	Tprolif	ASGR2	-0.32	10.8	5.9e-91
12	Immune cells	Tprolif	Tprolif	ANXA2	0.46	95.6	2.14e-90
12	Immune cells	Tprolif	Tprolif	AGR2	-0.47	9.0	1.31e-89
12	Immune cells	Tprolif	Tprolif	CLDN1	-0.59	14.0	1.82e-89
12	Immune cells	Tprolif	Tprolif	KIAA1524	0.45	50.7	2.43e-89
12	Immune cells	Tprolif	Tprolif	CES1	-0.37	8.3	7.27e-89
12	Immune cells	Tprolif	Tprolif	TM4SF4	-0.41	10.7	7.42e-89
12	Immune cells	Tprolif	Tprolif	CLEC7A	0.42	72.8	9.38e-89
12	Immune cells	Tprolif	Tprolif	FGG	-0.75	13.5	1.52e-88
12	Immune cells	Tprolif	Tprolif	S100P	-0.44	8.9	2.54e-88
12	Immune cells	Tprolif	Tprolif	GC	-0.8	15.3	2.57e-88
12	Immune cells	Tprolif	Tprolif	WDR72	-0.27	6.2	3.71e-88
12	Immune cells	Tprolif	Tprolif	NDC80	0.5	55.6	6.23e-88
12	Immune cells	Tprolif	Tprolif	HIST1H1D	0.67	55.2	2.5e-87
12	Immune cells	Tprolif	Tprolif	F2	-0.7	14.8	4.48e-87
12	Immune cells	Tprolif	Tprolif	DMKN	-0.43	12.3	6.86e-87
12	Immune cells	Tprolif	Tprolif	SERPINA6	-0.28	5.2	7e-86
12	Immune cells	Tprolif	Tprolif	FGB	-0.83	17.2	5.24e-85
12	Immune cells	Tprolif	Tprolif	TM4SF5	-0.95	18.0	5.39e-85
12	Immune cells	Tprolif	Tprolif	MST1	-0.25	9.5	1.31e-84
12	Immune cells	Tprolif	Tprolif	PLA2G16	-0.27	11.5	2.52e-84
12	Immune cells	Tprolif	Tprolif	CD2	-1.17	7.5	1.76e-83
12	Immune cells	Tprolif	Tprolif	ITM2A	-0.61	6.1	1.77e-83
12	Immune cells	Tprolif	Tprolif	LBP	-0.63	15.1	3.52e-83
12	Immune cells	Tprolif	Tprolif	DRD4	-0.28	6.3	5.25e-83
12	Immune cells	Tprolif	Tprolif	AKR1C2	-0.45	14.1	9e-83
12	Immune cells	Tprolif	Tprolif	PRDX3	0.41	86.5	1.75e-82
12	Immune cells	Tprolif	Tprolif	RARRES2	-0.89	19.4	6.71e-82
12	Immune cells	Tprolif	Tprolif	GAGE2A	-0.89	16.8	6.9e-82
12	Immune cells	Tprolif	Tprolif	MTTP	-0.26	4.5	1.39e-81
12	Immune cells	Tprolif	Tprolif	LEAP2	-0.29	11.0	1.88e-81
12	Immune cells	Tprolif	Tprolif	TSPAN6	-0.33	8.9	1.9e-81
12	Immune cells	Tprolif	Tprolif	HPRT1	0.4	74.9	3.08e-81
12	Immune cells	Tprolif	Tprolif	FGL1	-0.72	17.0	4.51e-81
12	Immune cells	Tprolif	Tprolif	SNRPN	-0.38	17.4	3.03e-80
12	Immune cells	Tprolif	Tprolif	CFB	-0.52	16.9	3.38e-80
12	Immune cells	Tprolif	Tprolif	STEAP1	-0.29	6.7	5.26e-80
12	Immune cells	Tprolif	Tprolif	C8orf4	-0.27	4.4	5.97e-80
12	Immune cells	Tprolif	Tprolif	NUPR1	-0.45	19.3	7.73e-80
12	Immune cells	Tprolif	Tprolif	RANBP1	0.46	86.0	2.56e-79
12	Immune cells	Tprolif	Tprolif	TRAC	-1.02	8.2	4.27e-79
12	Immune cells	Tprolif	Tprolif	SPAG5	0.32	38.0	5.19e-79
12	Immune cells	Tprolif	Tprolif	S100A13	-0.39	14.8	6.34e-79
12	Immune cells	Tprolif	Tprolif	IGF2	-0.7	18.8	6.5e-79
12	Immune cells	Tprolif	Tprolif	KRT18	-1.09	23.4	6.71e-79
12	Immune cells	Tprolif	Tprolif	C3	-0.54	16.1	1.37e-78
12	Immune cells	Tprolif	Tprolif	MDK	-0.6	16.6	1.53e-78
12	Immune cells	Tprolif	Tprolif	COL18A1	-0.26	6.1	1.81e-78
12	Immune cells	Tprolif	Tprolif	FXYD2	-0.5	16.4	2.37e-78
12	Immune cells	Tprolif	Tprolif	BCHE	-0.74	18.1	2.51e-78
12	Immune cells	Tprolif	Tprolif	NPW	-0.87	18.9	3.35e-78
12	Immune cells	Tprolif	Tprolif	TPM2	-0.47	16.2	4.49e-78
12	Immune cells	Tprolif	Tprolif	LRG1	-0.41	13.5	7.85e-78
12	Immune cells	Tprolif	Tprolif	CD163	0.42	78.5	8.23e-78
12	Immune cells	Tprolif	Tprolif	TRBC1	-0.99	5.4	1.37e-77
12	Immune cells	Tprolif	Tprolif	NQO1	-0.46	15.2	1.77e-77
12	Immune cells	Tprolif	Tprolif	GPC3	-0.98	23.1	3.91e-77
12	Immune cells	Tprolif	Tprolif	TNFRSF18	-0.76	5.7	5.25e-77
12	Immune cells	Tprolif	Tprolif	PPP1R16A	-0.29	12.2	7.91e-77
12	Immune cells	Tprolif	Tprolif	PROS1	-0.31	13.5	1.08e-76
12	Immune cells	Tprolif	Tprolif	C4BPB	-0.25	5.3	4.18e-76
12	Immune cells	Tprolif	Tprolif	KLRB1	-1.01	4.8	7.51e-76
12	Immune cells	Tprolif	Tprolif	TRBC2	-0.77	7.0	1.17e-75
12	Immune cells	Tprolif	Tprolif	NR2F2	-0.27	3.3	1.31e-75
12	Immune cells	Tprolif	Tprolif	SERPINA1	-1.9	98.0	1.73e-75
12	Immune cells	Tprolif	Tprolif	CDCA2	0.42	45.0	3.54e-75
12	Immune cells	Tprolif	Tprolif	ALDH1A1	-0.47	17.0	3.66e-75
12	Immune cells	Tprolif	Tprolif	MEG3	-0.26	9.1	4.69e-75
12	Immune cells	Tprolif	Tprolif	CIT	0.38	42.7	7.65e-75
12	Immune cells	Tprolif	Tprolif	CDCA5	0.32	37.6	3.58e-74
12	Immune cells	Tprolif	Tprolif	CCL20	-0.77	19.8	6.49e-74
12	Immune cells	Tprolif	Tprolif	CDKN2A	-0.3	14.4	1.31e-73
12	Immune cells	Tprolif	Tprolif	IL7R	-0.96	8.6	2.1e-73
12	Immune cells	Tprolif	Tprolif	XCL1	-0.3	2.2	2.5e-73
12	Immune cells	Tprolif	Tprolif	CLU	-1.24	26.0	3.69e-73
12	Immune cells	Tprolif	Tprolif	CFH	-1.0	24.6	4.78e-73
12	Immune cells	Tprolif	Tprolif	DHCR24	-0.46	17.8	5.82e-73
12	Immune cells	Tprolif	Tprolif	TFPI	-1.1	28.1	7.49e-73
12	Immune cells	Tprolif	Tprolif	DEFB1	-0.3	7.7	7.94e-73
12	Immune cells	Tprolif	Tprolif	IGFBP3	-0.28	3.3	1.05e-72
12	Immune cells	Tprolif	Tprolif	QPRT	-0.27	16.9	1.68e-72
12	Immune cells	Tprolif	Tprolif	CFHR1	-0.32	7.1	2.17e-72
12	Immune cells	Tprolif	Tprolif	LTB	-1.58	15.1	3.2e-72
12	Immune cells	Tprolif	Tprolif	SPOCK2	-0.46	5.5	3.37e-72
12	Immune cells	Tprolif	Tprolif	HMGN3	0.34	81.0	5.81e-72
12	Immune cells	Tprolif	Tprolif	GPX2	-0.63	17.7	7.72e-72
12	Immune cells	Tprolif	Tprolif	SLC38A1	-0.34	15.6	1.28e-71
12	Immune cells	Tprolif	Tprolif	ICOS	-0.41	4.5	5.33e-71
12	Immune cells	Tprolif	Tprolif	TROAP	0.42	44.0	5.57e-71
12	Immune cells	Tprolif	Tprolif	LGALS3	0.38	90.1	7.89e-71
12	Immune cells	Tprolif	Tprolif	LAPTM4B	-0.71	21.3	9.46e-71
12	Immune cells	Tprolif	Tprolif	GPNMB	0.38	85.2	3.83e-70
12	Immune cells	Tprolif	Tprolif	PRAP1	-0.86	23.1	4.65e-70
12	Immune cells	Tprolif	Tprolif	TIGIT	-0.54	5.7	5.24e-70
12	Immune cells	Tprolif	Tprolif	CD27	-0.43	4.8	1.43e-69
12	Immune cells	Tprolif	Tprolif	CP	-1.1	22.7	1.77e-69
12	Immune cells	Tprolif	Tprolif	DNAJC15	0.3	75.2	3.93e-69
12	Immune cells	Tprolif	Tprolif	RHOB	0.39	89.6	1.7e-68
12	Immune cells	Tprolif	Tprolif	AZGP1	-0.27	5.5	2.37e-68
12	Immune cells	Tprolif	Tprolif	GZMA	-0.78	4.4	5.45e-68
12	Immune cells	Tprolif	Tprolif	SERPING1	-0.46	25.4	1.47e-67
12	Immune cells	Tprolif	Tprolif	CTLA4	-0.36	4.9	1.47e-67
12	Immune cells	Tprolif	Tprolif	APOH	-1.14	26.2	1.56e-67
12	Immune cells	Tprolif	Tprolif	TNFRSF4	-0.83	9.2	2.86e-67
12	Immune cells	Tprolif	Tprolif	CD86	0.33	72.1	5.73e-67
12	Immune cells	Tprolif	Tprolif	GZMK	-0.49	2.9	8.37e-67
12	Immune cells	Tprolif	Tprolif	TNFRSF12A	-0.32	16.1	1.04e-66
12	Immune cells	Tprolif	Tprolif	IFNG	-0.84	3.0	1.31e-66
12	Immune cells	Tprolif	Tprolif	LAIR2	-0.34	3.6	2.02e-66
12	Immune cells	Tprolif	Tprolif	BCAT1	0.38	74.4	3.04e-66
12	Immune cells	Tprolif	Tprolif	XCL2	-0.35	2.1	1.01e-65
12	Immune cells	Tprolif	Tprolif	RPL39	-0.36	99.9	1.84e-65
12	Immune cells	Tprolif	Tprolif	FCGR1A	0.48	58.7	2.14e-65
12	Immune cells	Tprolif	Tprolif	AC092580.4	-0.27	2.8	2.84e-65
12	Immune cells	Tprolif	Tprolif	DUT	0.64	70.7	3.01e-65
12	Immune cells	Tprolif	Tprolif	SERPINE1	-0.3	15.5	3.29e-65
12	Immune cells	Tprolif	Tprolif	AKR1C4	-1.0	25.6	7.05e-65
12	Immune cells	Tprolif	Tprolif	ACTA2	-0.26	3.4	1.19e-64
12	Immune cells	Tprolif	Tprolif	RASSF4	0.4	67.0	2.67e-64
12	Immune cells	Tprolif	Tprolif	ASGR1	-0.53	23.4	1.57e-63
12	Immune cells	Tprolif	Tprolif	MARCKSL1	-0.41	22.7	1.72e-63
12	Immune cells	Tprolif	Tprolif	DIAPH3	0.35	39.2	4.93e-63
12	Immune cells	Tprolif	Tprolif	AKR1C3	-1.2	32.8	8.53e-63
12	Immune cells	Tprolif	Tprolif	CD40LG	-0.29	3.6	9.31e-63
12	Immune cells	Tprolif	Tprolif	TNFSF14	-0.25	4.4	1.21e-62
12	Immune cells	Tprolif	Tprolif	APOB	-1.25	29.1	2.4e-62
12	Immune cells	Tprolif	Tprolif	GNLY	-0.68	2.6	3.88e-62
12	Immune cells	Tprolif	Tprolif	FABP5	0.39	95.9	1.38e-61
12	Immune cells	Tprolif	Tprolif	CENPM	0.51	54.2	1.65e-61
12	Immune cells	Tprolif	Tprolif	LBH	-0.33	7.5	3.72e-61
12	Immune cells	Tprolif	Tprolif	IGFBP1	-0.63	14.9	4.72e-61
12	Immune cells	Tprolif	Tprolif	APOC3	-0.92	21.5	6.08e-61
12	Immune cells	Tprolif	Tprolif	CXCL17	-0.7	16.8	1.25e-60
12	Immune cells	Tprolif	Tprolif	ANGPTL8	-0.89	22.7	2.48e-60
12	Immune cells	Tprolif	Tprolif	PON2	-0.38	22.6	9.93e-60
12	Immune cells	Tprolif	Tprolif	LGMN	0.38	83.5	2.51e-59
12	Immune cells	Tprolif	Tprolif	FOLR2	0.59	67.9	3.95e-59
12	Immune cells	Tprolif	Tprolif	ID1	-0.26	12.9	3.23e-58
12	Immune cells	Tprolif	Tprolif	ECT2	0.4	51.0	5.05e-58
12	Immune cells	Tprolif	Tprolif	RBP4	-1.29	29.7	1.23e-57
12	Immune cells	Tprolif	Tprolif	EPB41L4A-AS1	-0.27	19.8	2.19e-57
12	Immune cells	Tprolif	Tprolif	PHACTR1	0.48	61.0	2.43e-57
12	Immune cells	Tprolif	Tprolif	TMEM176A	-0.53	33.0	2.89e-57
12	Immune cells	Tprolif	Tprolif	BRCA2	0.43	51.8	3.2e-57
12	Immune cells	Tprolif	Tprolif	MPEG1	0.3	72.4	6.29e-57
12	Immune cells	Tprolif	Tprolif	SOD2	0.26	93.1	8.4e-57
12	Immune cells	Tprolif	Tprolif	GPX3	-0.37	23.2	1.39e-56
12	Immune cells	Tprolif	Tprolif	NRP1	0.43	74.9	1.5e-56
12	Immune cells	Tprolif	Tprolif	MGST1	-0.82	26.9	5.98e-56
12	Immune cells	Tprolif	Tprolif	C11orf96	-0.25	5.8	2e-55
12	Immune cells	Tprolif	Tprolif	OCIAD2	-0.28	8.2	2.66e-55
12	Immune cells	Tprolif	Tprolif	AGT	-1.29	34.1	4.08e-55
12	Immune cells	Tprolif	Tprolif	FABP1	-1.79	61.7	6.8e-55
12	Immune cells	Tprolif	Tprolif	JCHAIN	-0.42	3.7	7.14e-55
12	Immune cells	Tprolif	Tprolif	E2F8	0.29	30.6	9.28e-55
12	Immune cells	Tprolif	Tprolif	C1orf54	0.3	70.7	3.48e-54
12	Immune cells	Tprolif	Tprolif	ALOX5AP	0.47	63.5	5.1e-54
12	Immune cells	Tprolif	Tprolif	TTR	-1.41	36.1	7.96e-54
12	Immune cells	Tprolif	Tprolif	SPINK1	-1.75	64.1	1.02e-53
12	Immune cells	Tprolif	Tprolif	COL1A1	-0.37	3.2	1.7e-53
12	Immune cells	Tprolif	Tprolif	ANG	-0.3	19.8	7.92e-53
12	Immune cells	Tprolif	Tprolif	GCHFR	-0.35	25.1	1.09e-52
12	Immune cells	Tprolif	Tprolif	VSIG4	0.36	58.5	2.12e-52
12	Immune cells	Tprolif	Tprolif	DUSP4	-0.38	9.8	4.41e-52
12	Immune cells	Tprolif	Tprolif	FAM46A	0.32	71.2	5.17e-52
12	Immune cells	Tprolif	Tprolif	PTGDS	-0.81	18.2	8.9e-52
12	Immune cells	Tprolif	Tprolif	FAM64A	0.28	31.4	1.63e-51
12	Immune cells	Tprolif	Tprolif	TMEM176B	-0.42	33.4	3.17e-51
12	Immune cells	Tprolif	Tprolif	IGHM	-0.9	6.1	6.22e-51
12	Immune cells	Tprolif	Tprolif	RPL8	-0.54	100.0	6.45e-51
12	Immune cells	Tprolif	Tprolif	AKR1C1	-1.39	46.0	1.77e-50
12	Immune cells	Tprolif	Tprolif	GBP1	0.33	62.6	3.27e-50
12	Immune cells	Tprolif	Tprolif	COL4A1	-0.36	2.9	3.94e-50
12	Immune cells	Tprolif	Tprolif	CCL3	0.41	79.0	1.06e-49
12	Immune cells	Tprolif	Tprolif	IRF8	0.32	64.9	1.55e-49
12	Immune cells	Tprolif	Tprolif	TUBA4A	-0.31	13.3	1.86e-49
12	Immune cells	Tprolif	Tprolif	GZMH	-0.28	2.5	2.17e-49
12	Immune cells	Tprolif	Tprolif	AKR1B10	-0.71	23.4	3.84e-49
12	Immune cells	Tprolif	Tprolif	SGK1	0.39	79.8	4.47e-49
12	Immune cells	Tprolif	Tprolif	UGDH	-0.31	24.4	6.12e-49
12	Immune cells	Tprolif	Tprolif	APOA1	-1.88	74.6	1.01e-48
12	Immune cells	Tprolif	Tprolif	NCAPG2	0.35	44.3	1.21e-48
12	Immune cells	Tprolif	Tprolif	VTN	-1.59	59.2	1.32e-48
12	Immune cells	Tprolif	Tprolif	NGFRAP1	-0.34	26.8	1.54e-48
12	Immune cells	Tprolif	Tprolif	IGHG1	-2.96	9.5	5.67e-48
12	Immune cells	Tprolif	Tprolif	AMBP	-1.5	43.6	2.75e-47
12	Immune cells	Tprolif	Tprolif	UQCC2	0.26	81.1	2.78e-47
12	Immune cells	Tprolif	Tprolif	AFP	-1.49	60.8	4.12e-47
12	Immune cells	Tprolif	Tprolif	GDF15	-0.4	24.8	8.1e-47
12	Immune cells	Tprolif	Tprolif	DBF4	0.35	55.4	1.76e-46
12	Immune cells	Tprolif	Tprolif	IER3	0.39	88.4	2.33e-46
12	Immune cells	Tprolif	Tprolif	MTHFD2L	-0.25	23.9	3.91e-46
12	Immune cells	Tprolif	Tprolif	MSR1	0.27	73.4	6.34e-46
12	Immune cells	Tprolif	Tprolif	KLF4	0.36	69.5	2.48e-45
12	Immune cells	Tprolif	Tprolif	A1BG	-0.48	38.3	3.2e-45
12	Immune cells	Tprolif	Tprolif	DNAJB9	-0.25	25.0	4.87e-45
12	Immune cells	Tprolif	Tprolif	PLA2G7	0.38	66.4	5.04e-45
12	Immune cells	Tprolif	Tprolif	APOM	-1.42	41.3	9.23e-45
12	Immune cells	Tprolif	Tprolif	CD93	0.36	62.9	1.22e-44
12	Immune cells	Tprolif	Tprolif	PARPBP	0.32	37.9	1.56e-44
12	Immune cells	Tprolif	Tprolif	IGHG4	-2.98	10.6	1.6e-44
12	Immune cells	Tprolif	Tprolif	PHLDA2	-0.29	25.6	1.95e-44
12	Immune cells	Tprolif	Tprolif	IGLC3	-1.1	3.6	4.28e-44
12	Immune cells	Tprolif	Tprolif	LPCAT2	0.32	57.2	4.73e-44
12	Immune cells	Tprolif	Tprolif	HIST1H2AC	-0.26	23.4	4.94e-44
12	Immune cells	Tprolif	Tprolif	RCN1	-0.29	26.8	6.14e-44
12	Immune cells	Tprolif	Tprolif	COL1A2	-0.36	2.6	7.3e-44
12	Immune cells	Tprolif	Tprolif	IGHA1	-0.73	10.2	8.13e-44
12	Immune cells	Tprolif	Tprolif	CENPU	0.36	39.9	1.52e-42
12	Immune cells	Tprolif	Tprolif	EPB41L3	0.3	60.0	1.58e-42
12	Immune cells	Tprolif	Tprolif	GATM	0.33	82.7	2.48e-42
12	Immune cells	Tprolif	Tprolif	IGHG3	-2.25	8.2	3.38e-42
12	Immune cells	Tprolif	Tprolif	KNSTRN	0.4	45.7	5.75e-42
12	Immune cells	Tprolif	Tprolif	RNASE1	0.63	69.1	7.28e-42
12	Immune cells	Tprolif	Tprolif	SQSTM1	-0.96	91.0	4.96e-41
12	Immune cells	Tprolif	Tprolif	RPL7	-0.62	99.6	7.04e-41
12	Immune cells	Tprolif	Tprolif	AHSG	-1.64	59.6	7.39e-41
12	Immune cells	Tprolif	Tprolif	NDUFA4L2	-0.27	6.1	9.74e-41
12	Immune cells	Tprolif	Tprolif	COL4A2	-0.32	2.2	1.29e-40
12	Immune cells	Tprolif	Tprolif	GZMB	-0.27	2.4	5.85e-40
12	Immune cells	Tprolif	Tprolif	NTS	-1.46	61.6	6.24e-40
12	Immune cells	Tprolif	Tprolif	CSE1L	0.33	57.6	1.09e-39
12	Immune cells	Tprolif	Tprolif	DHFR	0.47	49.3	1.43e-39
12	Immune cells	Tprolif	Tprolif	SNHG8	-0.49	46.9	1.51e-39
12	Immune cells	Tprolif	Tprolif	CCL2	0.73	56.1	4.87e-39
12	Immune cells	Tprolif	Tprolif	IGLC2	-1.98	15.1	5.24e-39
12	Immune cells	Tprolif	Tprolif	LMO2	0.3	51.9	2.3e-38
12	Immune cells	Tprolif	Tprolif	PMP22	0.3	53.9	3.59e-38
12	Immune cells	Tprolif	Tprolif	MYBL2	0.34	36.6	3.86e-38
12	Immune cells	Tprolif	Tprolif	HMGCS1	-0.3	24.4	4.92e-38
12	Immune cells	Tprolif	Tprolif	SPARC	-0.68	8.2	5.2e-38
12	Immune cells	Tprolif	Tprolif	ETS2	0.31	64.7	6.7e-38
12	Immune cells	Tprolif	Tprolif	RPL5	-0.47	98.0	8.32e-38
12	Immune cells	Tprolif	Tprolif	CD180	0.31	49.5	4.04e-37
12	Immune cells	Tprolif	Tprolif	RGS5	-0.58	5.9	5.04e-37
12	Immune cells	Tprolif	Tprolif	TCF19	0.29	33.3	6.76e-37
12	Immune cells	Tprolif	Tprolif	ASF1B	0.33	39.9	1.55e-36
12	Immune cells	Tprolif	Tprolif	NKG7	-0.71	11.8	2.6e-36
12	Immune cells	Tprolif	Tprolif	RRM1	0.41	51.9	1.28e-35
12	Immune cells	Tprolif	Tprolif	RPL22L1	-1.08	74.5	2.23e-35
12	Immune cells	Tprolif	Tprolif	TF	-1.38	53.6	2.59e-35
12	Immune cells	Tprolif	Tprolif	CYB5A	-0.37	36.7	3.08e-35
12	Immune cells	Tprolif	Tprolif	TMEM106C	0.33	59.8	4.76e-34
12	Immune cells	Tprolif	Tprolif	BAG3	0.37	67.9	1.45e-33
12	Immune cells	Tprolif	Tprolif	HCK	0.27	55.4	3.6e-32
12	Immune cells	Tprolif	Tprolif	HMOX1	0.25	73.3	3.88e-32
12	Immune cells	Tprolif	Tprolif	IL1B	0.42	65.4	2.16e-31
12	Immune cells	Tprolif	Tprolif	SLC22A18	-0.27	32.2	1.28e-30
12	Immune cells	Tprolif	Tprolif	COL3A1	-0.34	3.0	1.37e-30
12	Immune cells	Tprolif	Tprolif	FCGR3A	0.28	68.0	1.49e-30
12	Immune cells	Tprolif	Tprolif	FBP1	0.36	57.3	2.97e-30
12	Immune cells	Tprolif	Tprolif	DUSP6	0.28	68.3	5.29e-30
12	Immune cells	Tprolif	Tprolif	GPR34	0.31	56.4	6.68e-30
12	Immune cells	Tprolif	Tprolif	MND1	0.29	33.4	7.14e-30
12	Immune cells	Tprolif	Tprolif	UBE2T	0.35	48.2	1.4e-29
12	Immune cells	Tprolif	Tprolif	MMP12	0.34	61.7	1.59e-29
12	Immune cells	Tprolif	Tprolif	MXD3	0.38	38.4	3.11e-29
12	Immune cells	Tprolif	Tprolif	MPST	-0.45	39.1	5.78e-29
12	Immune cells	Tprolif	Tprolif	GPSM2	0.38	43.5	6.79e-29
12	Immune cells	Tprolif	Tprolif	PCNA	0.6	54.6	8.59e-29
12	Immune cells	Tprolif	Tprolif	DNAJA4	0.28	61.8	3.93e-28
12	Immune cells	Tprolif	Tprolif	HIST1H2AH	0.32	33.8	1.11e-27
12	Immune cells	Tprolif	Tprolif	THY1	-0.29	2.8	1.42e-27
12	Immune cells	Tprolif	Tprolif	UHRF1	0.27	31.7	2.71e-27
12	Immune cells	Tprolif	Tprolif	MMP9	0.36	60.9	2.97e-27
12	Immune cells	Tprolif	Tprolif	CCL3L3	0.44	61.4	8.67e-27
12	Immune cells	Tprolif	Tprolif	STRA13	0.27	60.9	9.36e-27
12	Immune cells	Tprolif	Tprolif	CENPN	0.33	44.0	9.84e-26
12	Immune cells	Tprolif	Tprolif	ZFAS1	-0.49	85.9	1.71e-25
12	Immune cells	Tprolif	Tprolif	CD69	-1.16	27.5	2.53e-25
12	Immune cells	Tprolif	Tprolif	TPSB2	-0.69	2.4	5.76e-25
12	Immune cells	Tprolif	Tprolif	IL1RN	0.37	58.1	2.08e-24
12	Immune cells	Tprolif	Tprolif	RB1CC1	-0.28	41.6	4.15e-24
12	Immune cells	Tprolif	Tprolif	SKA3	0.25	31.6	5.72e-24
12	Immune cells	Tprolif	Tprolif	CCL5	-1.14	25.0	6.33e-24
12	Immune cells	Tprolif	Tprolif	GAS2L3	0.31	49.5	1.67e-23
12	Immune cells	Tprolif	Tprolif	IQGAP3	0.29	31.6	4.26e-22
12	Immune cells	Tprolif	Tprolif	RNASEH2A	0.3	49.5	9.62e-22
12	Immune cells	Tprolif	Tprolif	DEPDC1B	0.29	37.1	3.58e-21
12	Immune cells	Tprolif	Tprolif	FCGR2B	0.39	44.3	4.61e-21
12	Immune cells	Tprolif	Tprolif	CD1C	0.45	32.0	3.8e-20
12	Immune cells	Tprolif	Tprolif	FAM198B	0.25	49.1	4.93e-19
12	Immune cells	Tprolif	Tprolif	STC1	-0.44	0.8	1.07e-18
12	Immune cells	Tprolif	Tprolif	S100A8	-0.54	11.0	3.17e-18
12	Immune cells	Tprolif	Tprolif	FAM111B	0.34	32.5	2.31e-17
12	Immune cells	Tprolif	Tprolif	TREM2	0.31	52.3	3.51e-17
12	Immune cells	Tprolif	Tprolif	BIRC3	-0.37	33.3	9.08e-17
12	Immune cells	Tprolif	Tprolif	CHCHD10	-0.61	80.6	2.96e-16
12	Immune cells	Tprolif	Tprolif	CXorf21	0.26	44.0	7.11e-16
12	Immune cells	Tprolif	Tprolif	EIF3E	-0.38	92.3	1.17e-15
12	Immune cells	Tprolif	Tprolif	CLSPN	0.34	37.4	1.88e-14
12	Immune cells	Tprolif	Tprolif	IGKC	-1.39	33.2	2.29e-14
12	Immune cells	Tprolif	Tprolif	SPP1	0.33	87.1	3.68e-14
12	Immune cells	Tprolif	Tprolif	C6orf48	-0.27	48.3	3.71e-14
12	Immune cells	Tprolif	Tprolif	PLAU	0.33	44.4	4.82e-14
12	Immune cells	Tprolif	Tprolif	IFI30	0.37	46.0	5.48e-14
12	Immune cells	Tprolif	Tprolif	RSL24D1	-0.3	72.4	7.56e-14
12	Immune cells	Tprolif	Tprolif	ATAD2	0.33	48.6	1.93e-13
12	Immune cells	Tprolif	Tprolif	LMNB2	0.28	38.3	2.46e-13
12	Immune cells	Tprolif	Tprolif	CCDC34	0.28	46.2	3.02e-13
12	Immune cells	Tprolif	Tprolif	CXCL10	0.57	14.5	5.72e-13
12	Immune cells	Tprolif	Tprolif	PDK4	0.29	47.0	4.66e-12
12	Immune cells	Tprolif	Tprolif	ATP5G1	-0.44	60.1	1.67e-11
12	Immune cells	Tprolif	Tprolif	CNPY2	-0.27	50.3	3.94e-11
12	Immune cells	Tprolif	Tprolif	HIST2H2AC	0.29	38.3	4.24e-10
12	Immune cells	Tprolif	Tprolif	DNPH1	-0.3	59.4	5.02e-10
12	Immune cells	Tprolif	Tprolif	POLR2F	-0.26	52.8	6.93e-10
12	Immune cells	Tprolif	Tprolif	IGFBP7	-0.81	19.8	3.47e-09
12	Immune cells	Tprolif	Tprolif	CETP	0.3	19.4	4.68e-09
12	Immune cells	Tprolif	Tprolif	SEPP1	0.28	81.0	6.34e-09
12	Immune cells	Tprolif	Tprolif	FANCI	0.29	33.7	8.26e-09
12	Immune cells	Tprolif	Tprolif	BRCA1	0.25	33.4	4.6e-08
12	Immune cells	Tprolif	Tprolif	COLEC12	0.25	37.8	8.17e-08
12	Immune cells	Tprolif	Tprolif	CLEC10A	0.31	37.5	1.25e-07
12	Immune cells	Tprolif	Tprolif	BRI3BP	0.27	40.6	2.15e-07
12	Immune cells	Tprolif	Tprolif	ORC6	0.27	35.1	8e-07
12	Immune cells	Tprolif	Tprolif	KIF18A	0.27	32.0	1.05e-06
13	Immune cells	DC	DC	GPNMB	1.34	99.7	0
13	Immune cells	DC	DC	SPP1	1.59	99.5	4.01e-278
13	Immune cells	DC	DC	MSR1	1.02	94.0	8.06e-251
13	Immune cells	DC	DC	LGMN	1.06	98.8	2.75e-250
13	Immune cells	DC	DC	RNASE1	1.37	93.6	8.69e-248
13	Immune cells	DC	DC	TYROBP	1.09	99.9	4.92e-246
13	Immune cells	DC	DC	FABP5	1.16	99.3	3.21e-243
13	Immune cells	DC	DC	APOC1	1.2	100.0	9.45e-237
13	Immune cells	DC	DC	SOD2	1.02	98.9	4.32e-228
13	Immune cells	DC	DC	C1QB	0.97	99.6	1.68e-226
13	Immune cells	DC	DC	SGK1	1.04	95.4	1.02e-221
13	Immune cells	DC	DC	C1QA	0.93	99.7	1.07e-220
13	Immune cells	DC	DC	SEPP1	0.92	99.3	1.54e-212
13	Immune cells	DC	DC	MS4A7	0.99	93.5	1.9e-212
13	Immune cells	DC	DC	C1QC	0.87	96.6	4.18e-205
13	Immune cells	DC	DC	FCGR3A	0.94	90.9	1.38e-204
13	Immune cells	DC	DC	CD9	1.0	89.7	1.96e-202
13	Immune cells	DC	DC	CD83	1.01	91.3	7.55e-200
13	Immune cells	DC	DC	FCGR2A	0.89	90.5	4.65e-197
13	Immune cells	DC	DC	CCL3	1.1	92.9	2.07e-188
13	Immune cells	DC	DC	FPR3	0.88	83.3	1.05e-182
13	Immune cells	DC	DC	CD14	0.94	93.6	1.76e-180
13	Immune cells	DC	DC	LGALS3	0.85	95.6	3.29e-180
13	Immune cells	DC	DC	A2M	0.86	91.8	1.86e-179
13	Immune cells	DC	DC	LGALS1	0.71	99.9	3.3e-179
13	Immune cells	DC	DC	C5AR1	0.93	81.6	2.46e-176
13	Immune cells	DC	DC	IER3	1.05	95.4	7.22e-173
13	Immune cells	DC	DC	GATM	0.9	91.4	4.05e-169
13	Immune cells	DC	DC	FCER1G	0.81	99.2	3.25e-168
13	Immune cells	DC	DC	CD163	0.73	87.6	4.51e-160
13	Immune cells	DC	DC	FOLR2	0.77	83.0	1.91e-154
13	Immune cells	DC	DC	ATF3	0.9	89.5	2.43e-154
13	Immune cells	DC	DC	DUSP1	0.67	98.9	3.63e-151
13	Immune cells	DC	DC	HLA-DRA	0.71	99.6	3.98e-151
13	Immune cells	DC	DC	IL1B	1.06	83.3	8.2e-150
13	Immune cells	DC	DC	MMP12	1.09	79.5	1.35e-144
13	Immune cells	DC	DC	ACP5	0.99	80.0	5.64e-143
13	Immune cells	DC	DC	PLEK	0.8	87.8	6.08e-141
13	Immune cells	DC	DC	PLIN2	0.78	94.3	1.3e-139
13	Immune cells	DC	DC	AIF1	0.6	99.3	2.75e-138
13	Immune cells	DC	DC	KCTD12	0.71	85.3	4.21e-137
13	Immune cells	DC	DC	TREM2	0.89	73.1	4e-135
13	Immune cells	DC	DC	LYZ	0.66	93.2	4.54e-134
13	Immune cells	DC	DC	HLA-DRB1	0.57	99.6	2.66e-133
13	Immune cells	DC	DC	BLVRB	0.61	94.1	5.85e-133
13	Immune cells	DC	DC	CXCL8	0.82	85.6	3.21e-130
13	Immune cells	DC	DC	IL4I1	0.86	77.6	5.98e-128
13	Immune cells	DC	DC	LY96	0.63	87.1	3.08e-127
13	Immune cells	DC	DC	SLC38A1	-0.44	3.8	1.29e-125
13	Immune cells	DC	DC	CXCL2	0.98	82.2	6.97e-125
13	Immune cells	DC	DC	HMOX1	0.78	84.1	6.88e-124
13	Immune cells	DC	DC	HLA-DQB1	0.55	95.9	7.86e-124
13	Immune cells	DC	DC	CD3D	-1.28	5.7	2.35e-123
13	Immune cells	DC	DC	MAFB	0.73	84.9	2.21e-121
13	Immune cells	DC	DC	HLA-DQA1	0.61	91.7	3.79e-121
13	Immune cells	DC	DC	SLC40A1	0.59	83.8	4.31e-121
13	Immune cells	DC	DC	MS4A6A	0.53	90.9	8.27e-121
13	Immune cells	DC	DC	MMP9	1.03	75.6	1.19e-119
13	Immune cells	DC	DC	APOE	0.73	100.0	2.18e-119
13	Immune cells	DC	DC	CAMK2N1	-0.38	4.1	1.12e-116
13	Immune cells	DC	DC	PERP	-0.35	3.8	4.92e-116
13	Immune cells	DC	DC	AQP3	-0.29	2.6	1.22e-114
13	Immune cells	DC	DC	ITGA1	-0.34	1.9	1.21e-113
13	Immune cells	DC	DC	RNASE6	0.63	81.2	1.35e-113
13	Immune cells	DC	DC	HPGD	-0.37	2.6	2.12e-113
13	Immune cells	DC	DC	ITIH2	-0.49	6.0	4.5e-113
13	Immune cells	DC	DC	CALD1	-0.76	7.5	2.05e-112
13	Immune cells	DC	DC	NRP1	0.62	81.9	6.04e-112
13	Immune cells	DC	DC	ASGR2	-0.35	5.7	2.94e-111
13	Immune cells	DC	DC	C1orf54	0.65	75.9	1.08e-110
13	Immune cells	DC	DC	RPL39	-0.48	100.0	1.15e-110
13	Immune cells	DC	DC	CCL4	0.79	84.5	3.46e-110
13	Immune cells	DC	DC	FN1	-0.56	6.8	9.12e-110
13	Immune cells	DC	DC	PCSK1N	-0.45	5.9	1.72e-109
13	Immune cells	DC	DC	ANGPTL3	-0.53	5.3	2.95e-109
13	Immune cells	DC	DC	CXCL3	1.06	72.8	3.87e-108
13	Immune cells	DC	DC	ORM2	-0.49	4.6	4.42e-108
13	Immune cells	DC	DC	FST	-0.35	4.2	1.4e-106
13	Immune cells	DC	DC	C12orf75	-0.34	6.0	2.33e-106
13	Immune cells	DC	DC	RPL8	-0.7	99.7	3.9e-106
13	Immune cells	DC	DC	FOS	0.48	98.6	8.39e-106
13	Immune cells	DC	DC	LBP	-0.66	8.8	1.61e-105
13	Immune cells	DC	DC	ASGR1	-0.6	11.8	1.61e-105
13	Immune cells	DC	DC	TSPAN8	-0.61	7.8	3.37e-105
13	Immune cells	DC	DC	BCAT1	0.68	76.6	7.77e-105
13	Immune cells	DC	DC	KNG1	-0.41	5.9	2e-104
13	Immune cells	DC	DC	CD86	0.63	74.4	2.22e-104
13	Immune cells	DC	DC	SLPI	-0.26	3.0	2.65e-104
13	Immune cells	DC	DC	CD7	-0.77	4.4	6.17e-104
13	Immune cells	DC	DC	FKBP11	-0.47	8.7	1.4e-103
13	Immune cells	DC	DC	PLG	-0.4	6.8	1.69e-103
13	Immune cells	DC	DC	FGG	-0.76	9.1	1.94e-103
13	Immune cells	DC	DC	GGH	-0.46	10.5	5.84e-103
13	Immune cells	DC	DC	PLAUR	0.64	78.9	1.57e-102
13	Immune cells	DC	DC	CD2	-1.26	3.0	1.78e-102
13	Immune cells	DC	DC	KRT19	-0.27	4.1	2.44e-102
13	Immune cells	DC	DC	MS4A4A	0.53	80.4	2.48e-102
13	Immune cells	DC	DC	PLA2G7	0.74	73.6	5.79e-101
13	Immune cells	DC	DC	ITM2A	-0.67	2.3	6.07e-101
13	Immune cells	DC	DC	TMEM14A	-0.25	6.4	9.41e-101
13	Immune cells	DC	DC	GC	-0.8	11.6	1.86e-100
13	Immune cells	DC	DC	PROC	-0.46	7.9	2.62e-100
13	Immune cells	DC	DC	TRAC	-1.14	3.4	2.96e-100
13	Immune cells	DC	DC	ORM1	-0.67	8.3	3.11e-100
13	Immune cells	DC	DC	FKBP10	-0.26	4.6	4.67e-100
13	Immune cells	DC	DC	SPTBN1	-0.38	9.9	7.69e-100
13	Immune cells	DC	DC	UGT2B4	-0.43	7.6	3.04e-99
13	Immune cells	DC	DC	LTB	-1.73	7.6	3.32e-99
13	Immune cells	DC	DC	CFI	-0.39	5.7	5.47e-99
13	Immune cells	DC	DC	TESC	-0.31	6.3	5.78e-99
13	Immune cells	DC	DC	SQLE	-0.3	7.2	6.36e-99
13	Immune cells	DC	DC	HPX	-0.42	8.2	7.22e-99
13	Immune cells	DC	DC	FGA	-0.55	9.1	1.09e-98
13	Immune cells	DC	DC	CLDN1	-0.58	10.6	1.6e-98
13	Immune cells	DC	DC	ELF3	-0.26	3.5	1.6e-98
13	Immune cells	DC	DC	CES1	-0.39	5.3	1.6e-98
13	Immune cells	DC	DC	SERPIND1	-0.29	4.2	1.85e-98
13	Immune cells	DC	DC	SCD	0.64	81.8	3.95e-98
13	Immune cells	DC	DC	PLA2G16	-0.29	7.6	6.94e-98
13	Immune cells	DC	DC	KDELR3	-0.31	3.9	7.62e-98
13	Immune cells	DC	DC	TM4SF4	-0.42	7.5	9.46e-98
13	Immune cells	DC	DC	HLA-DPA1	0.43	94.8	9.59e-98
13	Immune cells	DC	DC	F2	-0.7	11.3	1.33e-97
13	Immune cells	DC	DC	CTHRC1	-0.49	8.6	1.79e-97
13	Immune cells	DC	DC	RHOB	0.63	89.8	2.76e-97
13	Immune cells	DC	DC	FGB	-0.82	13.1	6.89e-96
13	Immune cells	DC	DC	AGR2	-0.48	6.8	9.42e-96
13	Immune cells	DC	DC	RPL5	-0.72	97.1	1.12e-95
13	Immune cells	DC	DC	TUBA4A	-0.44	3.1	1.76e-95
13	Immune cells	DC	DC	NID1	-0.3	6.9	2.2e-95
13	Immune cells	DC	DC	CDKN2A	-0.34	8.8	4.03e-95
13	Immune cells	DC	DC	HLA-DPB1	0.4	93.7	5.9e-95
13	Immune cells	DC	DC	LRG1	-0.42	8.3	9.13e-95
13	Immune cells	DC	DC	RARRES2	-0.9	15.0	1.06e-94
13	Immune cells	DC	DC	TM4SF5	-0.96	14.1	1.25e-94
13	Immune cells	DC	DC	MDK	-0.6	12.0	1.32e-94
13	Immune cells	DC	DC	HRG	-0.43	7.6	3.42e-94
13	Immune cells	DC	DC	LAPTM4B	-0.71	13.9	3.6e-94
13	Immune cells	DC	DC	EGR1	0.82	82.2	3.89e-94
13	Immune cells	DC	DC	FXYD1	-0.47	9.0	6.55e-94
13	Immune cells	DC	DC	SPI1	0.54	78.6	2.17e-93
13	Immune cells	DC	DC	C15orf48	0.61	76.5	5.26e-93
13	Immune cells	DC	DC	CDKN2B-AS1	-0.26	3.5	7.1e-93
13	Immune cells	DC	DC	MRC1	0.59	77.7	8.57e-93
13	Immune cells	DC	DC	BCHE	-0.72	12.8	1.22e-92
13	Immune cells	DC	DC	TRBC2	-0.88	3.3	2.78e-92
13	Immune cells	DC	DC	DMKN	-0.4	9.8	5.43e-92
13	Immune cells	DC	DC	TM4SF1	-0.32	5.2	1.27e-91
13	Immune cells	DC	DC	DHCR24	-0.47	12.2	4.51e-91
13	Immune cells	DC	DC	TIGIT	-0.6	1.2	1.02e-90
13	Immune cells	DC	DC	FGL2	0.49	83.8	1.04e-90
13	Immune cells	DC	DC	TRBC1	-1.07	2.2	1.45e-90
13	Immune cells	DC	DC	CYBB	0.51	82.6	2.72e-90
13	Immune cells	DC	DC	EBP	-0.41	14.0	3.89e-90
13	Immune cells	DC	DC	TSPAN6	-0.33	5.9	5.43e-90
13	Immune cells	DC	DC	PKIB	-0.28	6.7	2.53e-89
13	Immune cells	DC	DC	HULC	-0.28	6.4	4.13e-89
13	Immune cells	DC	DC	ID1	-0.32	5.9	4.18e-89
13	Immune cells	DC	DC	RASGRP2	-0.25	9.8	6.81e-89
13	Immune cells	DC	DC	TRNP1	-0.34	8.6	7.86e-89
13	Immune cells	DC	DC	MAL2	-0.46	10.9	9.83e-89
13	Immune cells	DC	DC	STEAP1	-0.29	4.2	1.5e-88
13	Immune cells	DC	DC	S100P	-0.42	8.0	7.13e-88
13	Immune cells	DC	DC	AKR1C2	-0.43	11.3	7.34e-88
13	Immune cells	DC	DC	SPOCK2	-0.51	2.0	1.4e-87
13	Immune cells	DC	DC	TFR2	-0.26	4.2	5.92e-87
13	Immune cells	DC	DC	C8orf4	-0.28	2.3	5.92e-87
13	Immune cells	DC	DC	DRD4	-0.28	4.6	1.32e-86
13	Immune cells	DC	DC	STAB1	0.56	75.1	2.15e-86
13	Immune cells	DC	DC	CFB	-0.51	13.7	3e-86
13	Immune cells	DC	DC	CFH	-0.99	19.6	3.29e-86
13	Immune cells	DC	DC	NPW	-0.84	15.5	6.51e-86
13	Immune cells	DC	DC	SERPINA6	-0.27	4.4	9.17e-86
13	Immune cells	DC	DC	PLAC8	-0.3	1.9	3.14e-85
13	Immune cells	DC	DC	TPM2	-0.44	12.8	3.8e-85
13	Immune cells	DC	DC	CFHR1	-0.35	3.5	6.33e-85
13	Immune cells	DC	DC	GAGE2A	-0.86	15.0	9.27e-85
13	Immune cells	DC	DC	CSF1R	0.52	74.8	1.33e-84
13	Immune cells	DC	DC	MTTP	-0.26	2.9	1.78e-84
13	Immune cells	DC	DC	FGL1	-0.69	15.0	1.81e-84
13	Immune cells	DC	DC	MPEG1	0.52	74.8	1.91e-84
13	Immune cells	DC	DC	DEFB1	-0.3	4.9	2.88e-84
13	Immune cells	DC	DC	COL18A1	-0.27	4.5	3.48e-84
13	Immune cells	DC	DC	NEAT1	0.44	99.6	1.27e-83
13	Immune cells	DC	DC	APOA2	-2.13	98.9	1.45e-83
13	Immune cells	DC	DC	LEAP2	-0.27	9.3	3.5e-83
13	Immune cells	DC	DC	CD27	-0.46	1.5	3.71e-83
13	Immune cells	DC	DC	C3	-0.53	13.1	4.35e-83
13	Immune cells	DC	DC	PLOD2	-0.26	6.1	7.26e-83
13	Immune cells	DC	DC	KRT18	-1.07	21.1	7.08e-82
13	Immune cells	DC	DC	KLRB1	-1.05	3.0	1.03e-81
13	Immune cells	DC	DC	CP	-1.12	18.2	1.03e-81
13	Immune cells	DC	DC	PPP1R16A	-0.27	9.9	1.31e-81
13	Immune cells	DC	DC	MTHFD2L	-0.29	13.2	1.88e-81
13	Immune cells	DC	DC	MGST1	-0.84	18.9	1.89e-81
13	Immune cells	DC	DC	NQO1	-0.43	12.8	2.47e-81
13	Immune cells	DC	DC	MARCKSL1	-0.41	15.9	9.03e-81
13	Immune cells	DC	DC	ICOS	-0.44	2.0	1.51e-80
13	Immune cells	DC	DC	NUCB2	-0.26	14.0	1.78e-80
13	Immune cells	DC	DC	PTTG1	-0.46	11.3	2.84e-80
13	Immune cells	DC	DC	TGFBI	0.57	78.6	6.06e-80
13	Immune cells	DC	DC	CENPF	-0.28	3.9	2.29e-79
13	Immune cells	DC	DC	ADAP2	0.57	72.1	3.67e-79
13	Immune cells	DC	DC	OCIAD2	-0.33	2.6	4.51e-79
13	Immune cells	DC	DC	LAIR2	-0.36	0.4	1.43e-78
13	Immune cells	DC	DC	RPL7	-0.76	98.0	1.79e-78
13	Immune cells	DC	DC	CD69	-1.41	11.0	7.66e-78
13	Immune cells	DC	DC	KRT8	-0.75	19.5	8.6e-78
13	Immune cells	DC	DC	ANXA2	0.44	93.9	9.55e-78
13	Immune cells	DC	DC	CTLA4	-0.38	2.3	1.24e-77
13	Immune cells	DC	DC	SERPINF1	-0.43	14.4	2.79e-77
13	Immune cells	DC	DC	PPA1	-0.48	26.9	7.98e-77
13	Immune cells	DC	DC	EBPL	-0.29	16.3	1.02e-76
13	Immune cells	DC	DC	NR2F2	-0.27	2.6	1.11e-76
13	Immune cells	DC	DC	GPC3	-0.95	22.0	1.37e-76
13	Immune cells	DC	DC	S100A13	-0.33	13.3	2.21e-76
13	Immune cells	DC	DC	TOP2A	-0.33	5.2	2.78e-76
13	Immune cells	DC	DC	KIAA0101	-0.26	5.7	6.72e-76
13	Immune cells	DC	DC	CLU	-1.21	23.9	7.11e-76
13	Immune cells	DC	DC	GPX2	-0.58	15.2	8.67e-76
13	Immune cells	DC	DC	UBE2C	-0.27	3.4	1.26e-75
13	Immune cells	DC	DC	FXYD2	-0.44	15.4	1.29e-75
13	Immune cells	DC	DC	CXCL17	-0.7	12.1	1.43e-75
13	Immune cells	DC	DC	GZMA	-0.87	2.4	1.49e-75
13	Immune cells	DC	DC	ANG	-0.33	13.1	2.33e-75
13	Immune cells	DC	DC	XCL1	-0.3	0.8	2.75e-75
13	Immune cells	DC	DC	AZGP1	-0.28	3.3	3.52e-75
13	Immune cells	DC	DC	IGFBP3	-0.29	2.2	3.68e-75
13	Immune cells	DC	DC	ANGPTL8	-0.88	17.6	9.53e-75
13	Immune cells	DC	DC	APOH	-1.11	22.4	1.26e-74
13	Immune cells	DC	DC	PROS1	-0.28	12.4	5.53e-74
13	Immune cells	DC	DC	IGF2	-0.63	18.0	1.19e-73
13	Immune cells	DC	DC	TNFRSF18	-0.74	5.6	1.39e-73
13	Immune cells	DC	DC	EEF1B2	-0.58	91.2	5.03e-73
13	Immune cells	DC	DC	MEG3	-0.26	8.7	1.94e-72
13	Immune cells	DC	DC	TNFSF14	-0.28	2.0	5.1e-72
13	Immune cells	DC	DC	CKS1B	-0.26	15.8	5.23e-72
13	Immune cells	DC	DC	CD40LG	-0.3	1.0	6.67e-72
13	Immune cells	DC	DC	SLC9A3R1	-0.28	14.4	6.97e-72
13	Immune cells	DC	DC	HMGCS1	-0.35	14.6	1.27e-71
13	Immune cells	DC	DC	GSTP1	0.42	89.3	1.37e-71
13	Immune cells	DC	DC	IL1RN	0.74	67.5	1.72e-71
13	Immune cells	DC	DC	HIST1H1C	-0.49	21.8	1.78e-71
13	Immune cells	DC	DC	IL7R	-0.92	8.3	2.53e-71
13	Immune cells	DC	DC	DCAF13	-0.28	17.8	2.95e-71
13	Immune cells	DC	DC	APOB	-1.28	25.2	4.8e-71
13	Immune cells	DC	DC	EPB41L4A-AS1	-0.27	14.8	5.56e-71
13	Immune cells	DC	DC	GZMK	-0.55	1.8	1.18e-70
13	Immune cells	DC	DC	PON2	-0.36	18.1	1.23e-70
13	Immune cells	DC	DC	UGDH	-0.32	16.7	3.28e-70
13	Immune cells	DC	DC	EEF1E1	-0.27	17.7	3.62e-70
13	Immune cells	DC	DC	PTGDS	-0.81	12.4	4.87e-70
13	Immune cells	DC	DC	IFNG	-0.82	1.6	8.29e-70
13	Immune cells	DC	DC	FDPS	-0.58	26.0	1.32e-69
13	Immune cells	DC	DC	CRIP1	-0.68	12.7	1.77e-69
13	Immune cells	DC	DC	ALG3	-0.26	17.7	2.16e-69
13	Immune cells	DC	DC	AC092580.4	-0.29	1.5	3.42e-69
13	Immune cells	DC	DC	ODC1	-0.32	16.3	4.78e-69
13	Immune cells	DC	DC	APOC3	-0.86	17.7	5.06e-69
13	Immune cells	DC	DC	DUSP4	-0.42	5.6	8.31e-69
13	Immune cells	DC	DC	RBP4	-1.27	24.5	1.45e-68
13	Immune cells	DC	DC	MKI67	-0.26	3.4	1.56e-68
13	Immune cells	DC	DC	RCN1	-0.31	18.4	7.7e-68
13	Immune cells	DC	DC	CNPY2	-0.45	26.5	8.53e-68
13	Immune cells	DC	DC	PRAP1	-0.79	22.0	9.09e-68
13	Immune cells	DC	DC	IRF8	0.53	66.0	9.45e-68
13	Immune cells	DC	DC	LBH	-0.33	5.6	1.65e-67
13	Immune cells	DC	DC	NKG7	-0.77	3.9	2.36e-67
13	Immune cells	DC	DC	XCL2	-0.36	1.4	3.35e-67
13	Immune cells	DC	DC	MPST	-0.5	23.8	3.35e-67
13	Immune cells	DC	DC	AGT	-1.28	28.3	7.02e-67
13	Immune cells	DC	DC	AKR1B10	-0.72	17.3	1.41e-66
13	Immune cells	DC	DC	GCLM	-0.31	18.2	4.47e-66
13	Immune cells	DC	DC	RGCC	0.49	76.2	4.8e-66
13	Immune cells	DC	DC	ATP1B1	0.49	76.7	1.35e-65
13	Immune cells	DC	DC	GNLY	-0.66	1.2	2.58e-65
13	Immune cells	DC	DC	ACTA2	-0.26	2.9	3.42e-65
13	Immune cells	DC	DC	FCN1	-0.47	4.9	1.45e-64
13	Immune cells	DC	DC	SHMT2	-0.27	21.0	4.87e-63
13	Immune cells	DC	DC	AKR1C4	-0.94	24.5	5.96e-63
13	Immune cells	DC	DC	IGFBP7	-0.95	4.2	2.23e-62
13	Immune cells	DC	DC	HIST1H2AC	-0.26	16.9	2.99e-62
13	Immune cells	DC	DC	TFPI	-1.03	28.8	5.75e-62
13	Immune cells	DC	DC	TNFRSF12A	-0.26	15.6	7.17e-62
13	Immune cells	DC	DC	ALB	-2.01	98.9	1.96e-61
13	Immune cells	DC	DC	AKR1C3	-1.15	29.9	2.98e-61
13	Immune cells	DC	DC	GCHFR	-0.32	20.3	3.88e-61
13	Immune cells	DC	DC	FOXP3	-0.26	1.5	5.99e-61
13	Immune cells	DC	DC	CYR61	-0.26	1.4	8.47e-61
13	Immune cells	DC	DC	SLC22A18	-0.32	21.1	3.53e-60
13	Immune cells	DC	DC	ALDH1A1	-0.36	18.5	6.73e-60
13	Immune cells	DC	DC	IGHG1	-3.4	6.7	1.29e-59
13	Immune cells	DC	DC	SELM	-0.34	19.6	2.59e-59
13	Immune cells	DC	DC	ALOX5AP	-0.48	14.1	6.95e-58
13	Immune cells	DC	DC	TTR	-1.36	32.1	1.2e-57
13	Immune cells	DC	DC	TNFRSF4	-0.78	10.5	1.31e-57
13	Immune cells	DC	DC	COL1A1	-0.38	1.9	1.34e-57
13	Immune cells	DC	DC	NRP2	0.54	60.5	1.71e-57
13	Immune cells	DC	DC	ATF5	0.63	67.8	2.42e-57
13	Immune cells	DC	DC	IGFBP1	-0.59	14.4	4.36e-57
13	Immune cells	DC	DC	IGHA1	-0.77	6.7	1.03e-56
13	Immune cells	DC	DC	CCL20	-0.52	20.4	1.21e-56
13	Immune cells	DC	DC	SNHG8	-0.47	35.2	2.1e-56
13	Immune cells	DC	DC	ARRDC3	0.6	68.2	3.62e-56
13	Immune cells	DC	DC	JCHAIN	-0.43	2.7	2.16e-55
13	Immune cells	DC	DC	C1orf162	0.42	74.1	2.24e-55
13	Immune cells	DC	DC	IGHM	-0.88	4.9	1.36e-53
13	Immune cells	DC	DC	SEC11C	-0.33	26.1	1.7e-53
13	Immune cells	DC	DC	ID3	-0.34	12.0	1.94e-53
13	Immune cells	DC	DC	VMO1	0.74	52.8	3.14e-53
13	Immune cells	DC	DC	GZMH	-0.29	1.2	3.63e-53
13	Immune cells	DC	DC	FABP4	1.32	55.0	8.13e-53
13	Immune cells	DC	DC	EPB41L3	0.52	59.6	8.4e-53
13	Immune cells	DC	DC	SNRPN	-0.27	21.1	1.52e-52
13	Immune cells	DC	DC	C6orf48	-0.38	29.9	6.87e-52
13	Immune cells	DC	DC	POLR2H	-0.25	25.2	1.85e-51
13	Immune cells	DC	DC	KLF4	0.5	68.7	2.38e-51
13	Immune cells	DC	DC	COL4A1	-0.36	2.0	2.39e-51
13	Immune cells	DC	DC	AFP	-1.46	48.8	6.72e-49
13	Immune cells	DC	DC	YIF1A	-0.27	28.6	7.68e-49
13	Immune cells	DC	DC	ICAM1	0.59	69.9	1.02e-48
13	Immune cells	DC	DC	HBEGF	0.8	57.0	1.66e-48
13	Immune cells	DC	DC	NME1	-0.44	34.4	1.31e-47
13	Immune cells	DC	DC	CFD	0.7	58.5	2.4e-47
13	Immune cells	DC	DC	AMBP	-1.45	39.0	5.01e-47
13	Immune cells	DC	DC	IGHG4	-2.95	9.5	1.95e-46
13	Immune cells	DC	DC	AIMP1	-0.3	32.0	2.63e-46
13	Immune cells	DC	DC	RPA3	-0.29	29.4	9.91e-46
13	Immune cells	DC	DC	ATP5G1	-0.57	42.0	1.08e-45
13	Immune cells	DC	DC	BATF	-0.38	13.7	1.12e-45
13	Immune cells	DC	DC	CCL3L3	0.76	64.8	1.72e-45
13	Immune cells	DC	DC	SERPINA1	-1.83	95.6	2.42e-45
13	Immune cells	DC	DC	IGLC2	-1.96	12.7	2.92e-45
13	Immune cells	DC	DC	MMP19	0.68	52.7	2.95e-45
13	Immune cells	DC	DC	NDUFA4L2	-0.26	4.6	5.13e-45
13	Immune cells	DC	DC	GPR34	0.44	59.6	5.37e-45
13	Immune cells	DC	DC	LSM2	-0.37	36.3	2.15e-44
13	Immune cells	DC	DC	GZMB	-0.26	1.0	4.48e-44
13	Immune cells	DC	DC	S100A8	-0.69	3.7	4.64e-44
13	Immune cells	DC	DC	POLR2K	-0.47	46.8	8.69e-44
13	Immune cells	DC	DC	SNRPF	-0.46	48.7	1.5e-43
13	Immune cells	DC	DC	COL1A2	-0.36	2.6	3.39e-43
13	Immune cells	DC	DC	NGFRAP1	-0.26	26.1	1e-42
13	Immune cells	DC	DC	IGHG2	-0.34	1.1	2.22e-42
13	Immune cells	DC	DC	LPL	0.66	45.4	2.7e-42
13	Immune cells	DC	DC	RPL22L1	-1.03	64.2	7.59e-42
13	Immune cells	DC	DC	IGLC3	-1.1	3.5	7.97e-42
13	Immune cells	DC	DC	APOM	-1.33	39.0	1.02e-41
13	Immune cells	DC	DC	COL4A2	-0.33	1.8	2.4e-41
13	Immune cells	DC	DC	FAM198B	0.46	54.1	3.33e-41
13	Immune cells	DC	DC	MANF	-0.27	32.9	4.5e-41
13	Immune cells	DC	DC	IDI1	-0.28	30.2	3.22e-40
13	Immune cells	DC	DC	SDF2L1	-0.3	34.4	4.11e-40
13	Immune cells	DC	DC	CD93	0.52	58.8	9.32e-40
13	Immune cells	DC	DC	C8orf59	-0.38	46.5	1.9e-39
13	Immune cells	DC	DC	HIST1H4C	-0.46	23.9	3.71e-39
13	Immune cells	DC	DC	RGS5	-0.6	4.9	5.1e-39
13	Immune cells	DC	DC	POLR2F	-0.33	35.1	1.55e-38
13	Immune cells	DC	DC	PSMB5	-0.29	32.7	1.96e-38
13	Immune cells	DC	DC	SPINK1	-1.66	63.9	3.24e-38
13	Immune cells	DC	DC	VEGFA	0.49	68.8	3.38e-38
13	Immune cells	DC	DC	NDUFA4	-0.47	83.0	3.6e-37
13	Immune cells	DC	DC	TF	-1.36	47.8	5.64e-36
13	Immune cells	DC	DC	HAVCR2	0.5	58.2	6.93e-36
13	Immune cells	DC	DC	SNRPD1	-0.33	42.3	1.2e-35
13	Immune cells	DC	DC	AKR1C1	-1.28	46.4	1.28e-35
13	Immune cells	DC	DC	NDUFB9	-0.4	43.9	1.54e-35
13	Immune cells	DC	DC	TNFAIP2	0.45	59.7	3.47e-35
13	Immune cells	DC	DC	IGHG3	-2.2	9.3	3.53e-35
13	Immune cells	DC	DC	NTS	-1.52	54.0	4.18e-35
13	Immune cells	DC	DC	BASP1	0.4	61.8	1.05e-34
13	Immune cells	DC	DC	COL3A1	-0.34	1.9	1.89e-34
13	Immune cells	DC	DC	THY1	-0.29	0.8	5.28e-34
13	Immune cells	DC	DC	TOMM22	-0.26	36.9	1.01e-33
13	Immune cells	DC	DC	TCF4	0.36	57.7	1.96e-33
13	Immune cells	DC	DC	CPVL	0.34	63.4	2.21e-33
13	Immune cells	DC	DC	VTN	-1.53	56.5	2.4e-33
13	Immune cells	DC	DC	CCL4L2	0.52	65.2	2.46e-33
13	Immune cells	DC	DC	RASSF4	0.4	58.1	1.11e-32
13	Immune cells	DC	DC	NR4A3	0.72	50.7	4.82e-32
13	Immune cells	DC	DC	PRCP	0.41	61.6	1.03e-31
13	Immune cells	DC	DC	LPAR6	0.38	62.7	1.26e-31
13	Immune cells	DC	DC	CYB5A	-0.26	34.6	7.95e-31
13	Immune cells	DC	DC	RAB7B	0.55	46.0	3.29e-30
13	Immune cells	DC	DC	COX7A2L	-0.4	53.3	1.26e-29
13	Immune cells	DC	DC	CCL5	-1.11	22.2	1.56e-28
13	Immune cells	DC	DC	HMGB2	-0.52	33.7	6.2e-28
13	Immune cells	DC	DC	MEF2C	0.29	63.0	1.69e-27
13	Immune cells	DC	DC	CYC1	-0.26	42.3	2.12e-27
13	Immune cells	DC	DC	SNRPE	-0.34	53.5	3.27e-27
13	Immune cells	DC	DC	FABP1	-1.63	62.3	3.27e-27
13	Immune cells	DC	DC	MDH2	-0.26	43.1	4.68e-27
13	Immune cells	DC	DC	UQCRH	-0.38	83.8	6.08e-27
13	Immune cells	DC	DC	DDT	-0.76	69.1	6.42e-27
13	Immune cells	DC	DC	TPSB2	-0.69	1.6	1.49e-26
13	Immune cells	DC	DC	PRDX2	-0.47	59.2	5.05e-26
13	Immune cells	DC	DC	RAN	-0.35	69.8	1.1e-25
13	Immune cells	DC	DC	EIF3E	-0.41	82.2	1.98e-25
13	Immune cells	DC	DC	SLC2A3	0.34	67.5	2.36e-25
13	Immune cells	DC	DC	SLIRP	-0.34	51.3	2.89e-25
13	Immune cells	DC	DC	RBM47	0.41	59.5	3.32e-25
13	Immune cells	DC	DC	SPARC	-0.57	11.3	3.56e-25
13	Immune cells	DC	DC	ENG	0.42	50.1	5.91e-25
13	Immune cells	DC	DC	APOA1	-1.78	72.1	2.6e-24
13	Immune cells	DC	DC	A1BG	-0.32	41.2	6.33e-24
13	Immune cells	DC	DC	SH3BP5	0.35	55.8	8.15e-24
13	Immune cells	DC	DC	RANBP1	-0.3	47.3	4.13e-23
13	Immune cells	DC	DC	ERH	-0.31	58.8	4.7e-23
13	Immune cells	DC	DC	ASPH	-0.36	40.7	6.2e-23
13	Immune cells	DC	DC	PRDX4	-0.35	44.6	6.69e-23
13	Immune cells	DC	DC	NPM1	-0.36	94.0	2.08e-22
13	Immune cells	DC	DC	NR4A1	0.26	65.4	2.19e-21
13	Immune cells	DC	DC	PDK4	0.47	49.4	6.01e-21
13	Immune cells	DC	DC	AHSG	-1.48	57.7	1.07e-20
13	Immune cells	DC	DC	F13A1	0.45	51.2	3.18e-20
13	Immune cells	DC	DC	RAB11FIP1	-0.3	31.3	3.19e-20
13	Immune cells	DC	DC	NUDC	-0.25	47.9	4.13e-20
13	Immune cells	DC	DC	FAM46A	0.4	58.9	1.16e-19
13	Immune cells	DC	DC	SOCS3	0.36	56.9	1.29e-19
13	Immune cells	DC	DC	IGKC	-2.56	28.3	1.53e-19
13	Immune cells	DC	DC	NCEH1	0.42	49.7	1.72e-19
13	Immune cells	DC	DC	CD36	0.48	57.4	1.92e-19
13	Immune cells	DC	DC	PLXDC2	0.38	47.6	5.93e-19
13	Immune cells	DC	DC	RSL24D1	-0.25	60.7	2.52e-18
13	Immune cells	DC	DC	MPC2	-0.3	50.6	1.74e-17
13	Immune cells	DC	DC	ZFAS1	-0.38	79.2	2.28e-17
13	Immune cells	DC	DC	COLEC12	0.49	41.1	2.29e-17
13	Immune cells	DC	DC	MT1M	0.48	9.7	1.76e-16
13	Immune cells	DC	DC	BIRC3	-0.25	31.8	8.4e-16
13	Immune cells	DC	DC	MT1H	0.53	10.6	1.2e-15
13	Immune cells	DC	DC	STC1	-0.43	1.6	2.65e-15
13	Immune cells	DC	DC	H2AFZ	-0.48	73.3	4.28e-15
13	Immune cells	DC	DC	TCEB1	-0.28	57.6	4.82e-15
13	Immune cells	DC	DC	CD209	0.36	44.1	5.04e-15
13	Immune cells	DC	DC	PHLDA1	0.29	59.5	1.34e-14
13	Immune cells	DC	DC	ITGAX	0.39	49.4	1.64e-14
13	Immune cells	DC	DC	ETFB	-0.33	56.6	3.33e-14
13	Immune cells	DC	DC	IFITM3	-0.65	75.6	3.41e-14
13	Immune cells	DC	DC	CCL8	0.34	12.2	1.21e-13
13	Immune cells	DC	DC	MT-ND6	-0.31	42.6	2.74e-13
13	Immune cells	DC	DC	ZFAND2A	-0.34	43.9	2.21e-12
13	Immune cells	DC	DC	PTGS2	0.58	46.5	9.87e-12
13	Immune cells	DC	DC	ADM	0.41	48.6	1.07e-11
13	Immune cells	DC	DC	FBP1	0.3	48.7	4.64e-11
13	Immune cells	DC	DC	SLC2A5	0.34	40.4	6.39e-11
13	Immune cells	DC	DC	PRDX5	-0.3	71.3	6.46e-11
13	Immune cells	DC	DC	BAG3	0.27	58.4	3.48e-10
13	Immune cells	DC	DC	VSIG4	0.35	43.7	3.68e-10
13	Immune cells	DC	DC	SDS	0.59	38.5	7.75e-10
13	Immune cells	DC	DC	AXL	0.33	40.3	2.09e-09
13	Immune cells	DC	DC	LILRB5	0.3	43.1	2.13e-09
13	Immune cells	DC	DC	KLF10	0.34	49.4	4.16e-08
13	Immune cells	DC	DC	RP11-160E2.6	0.34	52.0	1.99e-07
13	Immune cells	DC	DC	FCGBP	0.3	21.0	2.21e-07
13	Immune cells	DC	DC	FABP3	0.32	32.9	4.09e-07
13	Immune cells	DC	DC	ETS2	0.31	50.2	1.44e-06
13	Immune cells	DC	DC	RARRES1	0.34	28.2	2.76e-06
14	Immune cells	DC	Monocyte	LGALS1	1.12	100.0	7.86e-264
14	Immune cells	DC	Monocyte	IL1B	1.71	91.4	2.74e-249
14	Immune cells	DC	Monocyte	PLIN2	1.37	98.7	1.05e-244
14	Immune cells	DC	Monocyte	C15orf48	1.37	91.8	1.41e-241
14	Immune cells	DC	Monocyte	FCER1G	1.04	100.0	6.48e-229
14	Immune cells	DC	Monocyte	BCL2A1	1.25	89.8	3.55e-226
14	Immune cells	DC	Monocyte	LGALS3	1.17	97.9	1.7e-224
14	Immune cells	DC	Monocyte	CD9	1.15	92.1	3.6e-224
14	Immune cells	DC	Monocyte	SOD2	1.03	98.7	2.25e-221
14	Immune cells	DC	Monocyte	GPNMB	0.99	98.4	5.51e-219
14	Immune cells	DC	Monocyte	S100A10	0.94	99.2	3.84e-212
14	Immune cells	DC	Monocyte	CXCL8	1.47	91.3	9.25e-209
14	Immune cells	DC	Monocyte	TYROBP	0.98	99.7	2.66e-204
14	Immune cells	DC	Monocyte	PLAUR	1.04	88.6	8.89e-202
14	Immune cells	DC	Monocyte	IER3	1.21	96.5	1.46e-197
14	Immune cells	DC	Monocyte	FBP1	1.12	80.0	2.74e-191
14	Immune cells	DC	Monocyte	FABP5	1.07	98.7	6.55e-190
14	Immune cells	DC	Monocyte	LYZ	0.89	97.7	5.05e-187
14	Immune cells	DC	Monocyte	SGK1	0.92	93.2	2.76e-176
14	Immune cells	DC	Monocyte	ANXA2	0.74	97.2	8.36e-171
14	Immune cells	DC	Monocyte	CCL3	1.22	91.3	5.79e-170
14	Immune cells	DC	Monocyte	IL4I1	1.0	82.1	1e-162
14	Immune cells	DC	Monocyte	AIF1	0.75	99.4	4.3e-161
14	Immune cells	DC	Monocyte	HLA-DRA	0.77	99.4	3.06e-159
14	Immune cells	DC	Monocyte	IL1RN	1.04	81.0	1.34e-154
14	Immune cells	DC	Monocyte	MSR1	0.77	87.4	1.48e-153
14	Immune cells	DC	Monocyte	HLA-DRB1	0.68	99.7	3e-152
14	Immune cells	DC	Monocyte	S100A6	0.81	98.2	3.22e-150
14	Immune cells	DC	Monocyte	CD83	0.79	90.4	1.26e-149
14	Immune cells	DC	Monocyte	PLEK	0.8	89.1	1.88e-147
14	Immune cells	DC	Monocyte	C5AR1	0.87	80.0	1.89e-145
14	Immune cells	DC	Monocyte	HLA-DQB1	0.66	97.0	1.93e-143
14	Immune cells	DC	Monocyte	SPP1	1.16	95.6	1.36e-142
14	Immune cells	DC	Monocyte	CXCL2	1.3	83.9	5.62e-142
14	Immune cells	DC	Monocyte	CXCL3	1.52	77.0	3.8e-133
14	Immune cells	DC	Monocyte	VCAN	1.0	67.7	5.72e-131
14	Immune cells	DC	Monocyte	ATF3	0.72	91.7	5.85e-131
14	Immune cells	DC	Monocyte	EREG	1.58	65.7	4.09e-130
14	Immune cells	DC	Monocyte	C1orf162	0.66	85.8	2.91e-128
14	Immune cells	DC	Monocyte	BLVRB	0.64	95.8	1.17e-126
14	Immune cells	DC	Monocyte	HLA-DPA1	0.54	97.9	3.23e-126
14	Immune cells	DC	Monocyte	HLA-DPB1	0.58	96.1	4.8e-123
14	Immune cells	DC	Monocyte	CD14	0.7	88.4	1.58e-115
14	Immune cells	DC	Monocyte	LST1	0.46	91.1	1.11e-111
14	Immune cells	DC	Monocyte	RGCC	0.8	84.1	1.19e-110
14	Immune cells	DC	Monocyte	LY96	0.56	86.7	1.57e-110
14	Immune cells	DC	Monocyte	FCGR2A	0.6	82.9	4.44e-104
14	Immune cells	DC	Monocyte	APOA2	-2.18	98.9	3.17e-103
14	Immune cells	DC	Monocyte	HLA-DQA1	0.56	90.3	2.27e-99
14	Immune cells	DC	Monocyte	LINC01272	0.65	66.6	1.43e-98
14	Immune cells	DC	Monocyte	PTGS2	1.01	67.7	6.17e-96
14	Immune cells	DC	Monocyte	CD3D	-1.24	13.8	1.95e-93
14	Immune cells	DC	Monocyte	CALD1	-0.78	13.1	2.29e-92
14	Immune cells	DC	Monocyte	CCL4	0.83	83.2	1.01e-91
14	Immune cells	DC	Monocyte	ATF5	0.72	74.0	7.08e-91
14	Immune cells	DC	Monocyte	CYBB	0.49	83.5	1.52e-89
14	Immune cells	DC	Monocyte	ALB	-2.09	98.7	3.48e-88
14	Immune cells	DC	Monocyte	TM4SF4	-0.46	11.8	1.35e-87
14	Immune cells	DC	Monocyte	FGA	-0.58	13.5	2.32e-87
14	Immune cells	DC	Monocyte	UGT2B4	-0.46	12.1	2.79e-87
14	Immune cells	DC	Monocyte	CAMK2N1	-0.37	11.1	5.22e-87
14	Immune cells	DC	Monocyte	SPI1	0.51	78.4	2.2e-86
14	Immune cells	DC	Monocyte	F2	-0.73	15.5	2.27e-86
14	Immune cells	DC	Monocyte	ITIH2	-0.48	13.5	3.28e-86
14	Immune cells	DC	Monocyte	AQP3	-0.29	8.9	6.88e-86
14	Immune cells	DC	Monocyte	CCL3L3	1.01	73.2	7e-86
14	Immune cells	DC	Monocyte	FKBP11	-0.49	14.2	7.22e-86
14	Immune cells	DC	Monocyte	KDELR3	-0.29	6.3	1.08e-85
14	Immune cells	DC	Monocyte	FST	-0.36	10.0	2.7e-85
14	Immune cells	DC	Monocyte	MDK	-0.65	15.9	3.51e-85
14	Immune cells	DC	Monocyte	CDKN2A	-0.37	13.3	1.01e-84
14	Immune cells	DC	Monocyte	SLC2A3	0.6	82.4	1.91e-84
14	Immune cells	DC	Monocyte	TSPAN8	-0.62	13.3	2.47e-84
14	Immune cells	DC	Monocyte	HPX	-0.44	14.1	6.73e-84
14	Immune cells	DC	Monocyte	KNG1	-0.41	12.0	2.44e-83
14	Immune cells	DC	Monocyte	CFB	-0.56	16.2	2.97e-83
14	Immune cells	DC	Monocyte	QPRT	-0.33	14.7	6.3e-83
14	Immune cells	DC	Monocyte	CFI	-0.39	11.4	1.01e-82
14	Immune cells	DC	Monocyte	APOH	-1.19	22.7	1.09e-82
14	Immune cells	DC	Monocyte	PLG	-0.41	12.8	1.1e-82
14	Immune cells	DC	Monocyte	FGG	-0.77	15.7	2.03e-82
14	Immune cells	DC	Monocyte	PCSK1N	-0.45	13.3	3.3e-82
14	Immune cells	DC	Monocyte	TMEM97	-0.25	9.6	4.23e-82
14	Immune cells	DC	Monocyte	SLC38A1	-0.41	13.7	1.85e-81
14	Immune cells	DC	Monocyte	PROS1	-0.36	12.6	1.94e-81
14	Immune cells	DC	Monocyte	CLDN1	-0.61	15.9	2.5e-81
14	Immune cells	DC	Monocyte	ASGR2	-0.33	12.8	8.7e-81
14	Immune cells	DC	Monocyte	CD7	-0.76	10.9	3.15e-80
14	Immune cells	DC	Monocyte	GC	-0.79	18.9	8.68e-80
14	Immune cells	DC	Monocyte	PROC	-0.46	14.4	1.17e-79
14	Immune cells	DC	Monocyte	LAPTM4B	-0.72	18.6	1.63e-79
14	Immune cells	DC	Monocyte	DHCR24	-0.5	16.5	4.78e-79
14	Immune cells	DC	Monocyte	SERPINF1	-0.52	15.2	7.36e-79
14	Immune cells	DC	Monocyte	ORM2	-0.48	12.8	1.96e-78
14	Immune cells	DC	Monocyte	FKBP10	-0.27	11.1	3.03e-78
14	Immune cells	DC	Monocyte	PERP	-0.34	12.0	3.21e-78
14	Immune cells	DC	Monocyte	KRT19	-0.27	10.4	8.14e-78
14	Immune cells	DC	Monocyte	ITGA1	-0.33	9.7	2.09e-77
14	Immune cells	DC	Monocyte	SERPIND1	-0.29	10.6	9.03e-77
14	Immune cells	DC	Monocyte	FGL1	-0.73	18.8	1.51e-76
14	Immune cells	DC	Monocyte	NPW	-0.87	20.2	2e-76
14	Immune cells	DC	Monocyte	TSPAN6	-0.36	10.9	2.73e-76
14	Immune cells	DC	Monocyte	AGR2	-0.49	12.4	4.89e-76
14	Immune cells	DC	Monocyte	ANGPTL3	-0.5	13.8	5.63e-76
14	Immune cells	DC	Monocyte	S100A13	-0.4	16.5	1.39e-75
14	Immune cells	DC	Monocyte	TRNP1	-0.36	13.3	3.57e-75
14	Immune cells	DC	Monocyte	CTHRC1	-0.49	15.2	1.31e-74
14	Immune cells	DC	Monocyte	MAL2	-0.51	14.4	2.24e-74
14	Immune cells	DC	Monocyte	BCHE	-0.73	19.7	3.28e-74
14	Immune cells	DC	Monocyte	NEAT1	0.36	99.7	4.32e-74
14	Immune cells	DC	Monocyte	DUSP1	0.38	96.9	4.35e-74
14	Immune cells	DC	Monocyte	FN1	-0.39	15.5	4.89e-74
14	Immune cells	DC	Monocyte	TM4SF5	-0.94	20.6	6.61e-74
14	Immune cells	DC	Monocyte	COL18A1	-0.28	6.6	7.9e-74
14	Immune cells	DC	Monocyte	RARRES2	-0.89	21.2	8.78e-74
14	Immune cells	DC	Monocyte	AKR1C2	-0.45	16.5	1.02e-73
14	Immune cells	DC	Monocyte	ELF3	-0.26	10.3	1.03e-73
14	Immune cells	DC	Monocyte	HPGD	-0.33	12.1	1.26e-73
14	Immune cells	DC	Monocyte	CES1	-0.38	12.4	1.28e-73
14	Immune cells	DC	Monocyte	NR2F2	-0.28	3.4	1.47e-73
14	Immune cells	DC	Monocyte	GPX3	-0.41	20.0	1.87e-73
14	Immune cells	DC	Monocyte	GPC3	-0.98	24.5	4.49e-73
14	Immune cells	DC	Monocyte	SLPI	-0.26	10.3	4.95e-73
14	Immune cells	DC	Monocyte	CD2	-1.21	11.1	8.93e-73
14	Immune cells	DC	Monocyte	PON2	-0.42	20.5	1.49e-72
14	Immune cells	DC	Monocyte	LAIR2	-0.34	1.0	1.89e-72
14	Immune cells	DC	Monocyte	LRG1	-0.41	14.7	6.02e-72
14	Immune cells	DC	Monocyte	DRD4	-0.29	10.2	1.7e-71
14	Immune cells	DC	Monocyte	HRG	-0.44	14.1	1.75e-71
14	Immune cells	DC	Monocyte	IFNG	-0.85	0.7	1.91e-71
14	Immune cells	DC	Monocyte	PHGDH	-0.25	12.0	2.67e-71
14	Immune cells	DC	Monocyte	CFH	-1.01	26.2	2.78e-71
14	Immune cells	DC	Monocyte	TM4SF1	-0.34	11.1	7.22e-71
14	Immune cells	DC	Monocyte	SELM	-0.47	19.3	9.85e-71
14	Immune cells	DC	Monocyte	CD40LG	-0.3	0.6	1.43e-70
14	Immune cells	DC	Monocyte	FGB	-0.8	20.0	2.93e-70
14	Immune cells	DC	Monocyte	ORM1	-0.66	15.8	4.01e-70
14	Immune cells	DC	Monocyte	GPX2	-0.65	18.1	6.16e-70
14	Immune cells	DC	Monocyte	TPM2	-0.45	18.5	7.13e-70
14	Immune cells	DC	Monocyte	LBP	-0.63	17.3	8.84e-70
14	Immune cells	DC	Monocyte	GGH	-0.44	19.6	1.3e-69
14	Immune cells	DC	Monocyte	GAGE2A	-0.87	20.0	1.58e-69
14	Immune cells	DC	Monocyte	C3	-0.53	18.3	2.03e-69
14	Immune cells	DC	Monocyte	FXYD2	-0.5	18.5	2.83e-69
14	Immune cells	DC	Monocyte	TMEM176B	-0.51	28.8	3e-69
14	Immune cells	DC	Monocyte	S100A9	0.48	88.7	3.54e-69
14	Immune cells	DC	Monocyte	ITM2A	-0.66	9.7	3.73e-69
14	Immune cells	DC	Monocyte	SQLE	-0.27	15.5	4.44e-69
14	Immune cells	DC	Monocyte	MS4A7	0.33	82.8	5.74e-69
14	Immune cells	DC	Monocyte	FXYD1	-0.47	16.4	6.51e-69
14	Immune cells	DC	Monocyte	MST1	-0.26	13.8	1.09e-68
14	Immune cells	DC	Monocyte	LTB	-1.62	16.1	1.57e-68
14	Immune cells	DC	Monocyte	NID1	-0.28	14.7	2.52e-68
14	Immune cells	DC	Monocyte	NUSAP1	-0.27	11.6	2.69e-68
14	Immune cells	DC	Monocyte	PLA2G16	-0.27	15.2	3e-68
14	Immune cells	DC	Monocyte	HULC	-0.29	12.7	1.41e-67
14	Immune cells	DC	Monocyte	MAFB	0.45	79.5	1.56e-67
14	Immune cells	DC	Monocyte	NQO1	-0.46	17.1	1.82e-67
14	Immune cells	DC	Monocyte	STEAP1	-0.3	10.6	3.52e-67
14	Immune cells	DC	Monocyte	TRAC	-1.1	12.1	5.64e-67
14	Immune cells	DC	Monocyte	TFR2	-0.26	10.2	7.69e-67
14	Immune cells	DC	Monocyte	GSTP1	0.38	91.0	1.97e-66
14	Immune cells	DC	Monocyte	FCGR3A	0.44	77.0	2.1e-66
14	Immune cells	DC	Monocyte	PPP1R16A	-0.29	15.5	4.1e-66
14	Immune cells	DC	Monocyte	IGF2	-0.66	23.0	5.05e-66
14	Immune cells	DC	Monocyte	BASP1	0.66	68.8	7.08e-66
14	Immune cells	DC	Monocyte	KRT18	-1.05	27.4	1.52e-65
14	Immune cells	DC	Monocyte	SLC40A1	-1.25	28.8	2e-65
14	Immune cells	DC	Monocyte	FOS	0.34	97.3	2.96e-65
14	Immune cells	DC	Monocyte	ACTG1	0.35	99.6	3.46e-65
14	Immune cells	DC	Monocyte	BCAT1	0.49	72.5	4.89e-65
14	Immune cells	DC	Monocyte	TRBC2	-0.87	10.2	5.84e-65
14	Immune cells	DC	Monocyte	ALDH1A1	-0.46	19.2	6.98e-65
14	Immune cells	DC	Monocyte	XCL1	-0.3	3.2	1.17e-64
14	Immune cells	DC	Monocyte	TMEM176A	-0.59	30.9	1.21e-64
14	Immune cells	DC	Monocyte	CD27	-0.45	5.9	3.21e-64
14	Immune cells	DC	Monocyte	DMKN	-0.39	17.8	8.98e-64
14	Immune cells	DC	Monocyte	EBP	-0.39	22.4	9.32e-64
14	Immune cells	DC	Monocyte	CENPF	-0.28	7.9	1.07e-63
14	Immune cells	DC	Monocyte	AKR1C3	-1.19	32.2	1.11e-63
14	Immune cells	DC	Monocyte	MEG3	-0.3	12.6	1.6e-63
14	Immune cells	DC	Monocyte	RBP4	-1.3	27.4	2.17e-63
14	Immune cells	DC	Monocyte	S100P	-0.42	14.5	7.88e-63
14	Immune cells	DC	Monocyte	C1QA	0.29	85.2	1.97e-62
14	Immune cells	DC	Monocyte	PLA2G7	0.51	70.0	2.45e-62
14	Immune cells	DC	Monocyte	SNRPN	-0.35	21.9	4.04e-61
14	Immune cells	DC	Monocyte	SERPINA6	-0.27	10.9	4.43e-61
14	Immune cells	DC	Monocyte	SMARCA1	-0.25	10.2	6.54e-61
14	Immune cells	DC	Monocyte	IGFBP3	-0.28	5.5	7.38e-61
14	Immune cells	DC	Monocyte	TNFRSF18	-0.75	10.4	1.29e-60
14	Immune cells	DC	Monocyte	TRBC1	-1.03	10.2	2.25e-60
14	Immune cells	DC	Monocyte	C8orf4	-0.28	8.9	2.6e-60
14	Immune cells	DC	Monocyte	CP	-1.08	25.8	3.22e-60
14	Immune cells	DC	Monocyte	TNFRSF4	-0.85	12.3	3.64e-60
14	Immune cells	DC	Monocyte	CLU	-1.22	30.7	6.87e-60
14	Immune cells	DC	Monocyte	APOB	-1.3	30.7	1.03e-59
14	Immune cells	DC	Monocyte	CD36	0.73	68.7	1.49e-59
14	Immune cells	DC	Monocyte	GZMA	-0.84	6.2	1.8e-59
14	Immune cells	DC	Monocyte	ZFAND1	-0.25	20.2	3.69e-59
14	Immune cells	DC	Monocyte	TIGIT	-0.58	8.6	7.64e-59
14	Immune cells	DC	Monocyte	TTR	-1.39	34.7	1.09e-58
14	Immune cells	DC	Monocyte	TIMP1	0.53	90.1	1.45e-58
14	Immune cells	DC	Monocyte	CXCL17	-0.7	18.1	1.65e-58
14	Immune cells	DC	Monocyte	TREM2	0.59	63.2	2.32e-58
14	Immune cells	DC	Monocyte	KRT8	-0.74	26.1	2.4e-58
14	Immune cells	DC	Monocyte	SPOCK2	-0.5	9.4	3.05e-58
14	Immune cells	DC	Monocyte	AGT	-1.29	33.9	4.1e-58
14	Immune cells	DC	Monocyte	SOCS3	0.5	69.0	1.07e-57
14	Immune cells	DC	Monocyte	AKR1C4	-0.97	28.3	1.49e-57
14	Immune cells	DC	Monocyte	TOP2A	-0.35	10.9	1.65e-57
14	Immune cells	DC	Monocyte	FCN1	0.67	53.7	2.05e-57
14	Immune cells	DC	Monocyte	UBE2C	-0.27	8.7	8.72e-57
14	Immune cells	DC	Monocyte	PTTG1	-0.44	19.2	9.99e-57
14	Immune cells	DC	Monocyte	ICOS	-0.43	7.3	1.39e-56
14	Immune cells	DC	Monocyte	ANGPTL8	-0.88	23.3	3.76e-56
14	Immune cells	DC	Monocyte	CYR61	-0.26	2.1	8.17e-56
14	Immune cells	DC	Monocyte	KLRB1	-1.04	10.0	8.46e-56
14	Immune cells	DC	Monocyte	MPST	-0.52	30.0	9.31e-56
14	Immune cells	DC	Monocyte	SLC9A3R1	-0.28	20.9	4.34e-55
14	Immune cells	DC	Monocyte	AMBP	-1.51	39.5	4.41e-55
14	Immune cells	DC	Monocyte	PRAP1	-0.82	27.5	1.47e-54
14	Immune cells	DC	Monocyte	GCLM	-0.31	22.8	2.51e-54
14	Immune cells	DC	Monocyte	TFPI	-1.05	33.4	3.95e-54
14	Immune cells	DC	Monocyte	HIST1H2AC	-0.3	22.1	5.69e-54
14	Immune cells	DC	Monocyte	SEPP1	-1.29	60.6	7.2e-54
14	Immune cells	DC	Monocyte	VCAM1	-0.26	11.4	9.92e-54
14	Immune cells	DC	Monocyte	TESC	-0.25	17.5	1.36e-53
14	Immune cells	DC	Monocyte	DEFB1	-0.28	12.7	1.6e-53
14	Immune cells	DC	Monocyte	TGFBI	0.42	75.9	4.93e-53
14	Immune cells	DC	Monocyte	HK2	0.65	59.7	5.7e-53
14	Immune cells	DC	Monocyte	CTLA4	-0.38	8.6	7.48e-53
14	Immune cells	DC	Monocyte	AKR1B10	-0.74	22.6	2.71e-52
14	Immune cells	DC	Monocyte	IGF1	-0.28	10.6	6.99e-52
14	Immune cells	DC	Monocyte	APOC3	-0.88	24.4	7.13e-52
14	Immune cells	DC	Monocyte	ID1	-0.27	15.8	6.52e-51
14	Immune cells	DC	Monocyte	ADM	0.69	62.9	8.5e-51
14	Immune cells	DC	Monocyte	CFHR1	-0.31	12.3	2.34e-50
14	Immune cells	DC	Monocyte	NGFRAP1	-0.34	25.7	2.53e-50
14	Immune cells	DC	Monocyte	CD163	0.34	73.8	4.39e-50
14	Immune cells	DC	Monocyte	XCL2	-0.35	5.1	4.65e-50
14	Immune cells	DC	Monocyte	AC092580.4	-0.29	6.5	4.84e-50
14	Immune cells	DC	Monocyte	AZGP1	-0.27	10.6	1.21e-49
14	Immune cells	DC	Monocyte	RB1CC1	-0.37	31.6	4.21e-49
14	Immune cells	DC	Monocyte	HMGCS1	-0.35	22.1	7.85e-49
14	Immune cells	DC	Monocyte	TNFRSF12A	-0.27	21.4	9.73e-49
14	Immune cells	DC	Monocyte	LBH	-0.34	11.1	1.1e-48
14	Immune cells	DC	Monocyte	GZMK	-0.52	6.8	1.2e-48
14	Immune cells	DC	Monocyte	SHMT2	-0.28	27.6	1.31e-48
14	Immune cells	DC	Monocyte	RNF5	-0.29	26.7	2.42e-48
14	Immune cells	DC	Monocyte	COL1A1	-0.37	3.8	2.58e-48
14	Immune cells	DC	Monocyte	RCN1	-0.29	24.4	7.41e-48
14	Immune cells	DC	Monocyte	EGR1	0.38	79.4	9.29e-48
14	Immune cells	DC	Monocyte	SERPING1	-0.39	29.2	2.01e-47
14	Immune cells	DC	Monocyte	ADAP2	0.39	68.4	3.15e-47
14	Immune cells	DC	Monocyte	FPR3	0.39	66.7	4.95e-47
14	Immune cells	DC	Monocyte	UGDH	-0.32	24.7	8.35e-47
14	Immune cells	DC	Monocyte	PTGDS	-0.79	20.2	9.18e-47
14	Immune cells	DC	Monocyte	G0S2	1.11	55.4	5.64e-46
14	Immune cells	DC	Monocyte	C6orf48	-0.42	34.1	8.81e-46
14	Immune cells	DC	Monocyte	AFP	-1.44	54.9	1.15e-45
14	Immune cells	DC	Monocyte	C1QB	0.25	80.1	1.67e-45
14	Immune cells	DC	Monocyte	OCIAD2	-0.31	11.1	2.4e-45
14	Immune cells	DC	Monocyte	TF	-1.42	47.2	3.34e-45
14	Immune cells	DC	Monocyte	KCTD12	0.31	73.9	1.02e-44
14	Immune cells	DC	Monocyte	VTN	-1.6	56.8	1.4e-44
14	Immune cells	DC	Monocyte	KLF4	0.43	69.4	1.8e-44
14	Immune cells	DC	Monocyte	MNDA	0.39	63.6	4.87e-44
14	Immune cells	DC	Monocyte	SPTBN1	-0.26	23.4	9.69e-44
14	Immune cells	DC	Monocyte	MKI67	-0.26	10.0	1.52e-43
14	Immune cells	DC	Monocyte	COL4A1	-0.35	4.1	2.23e-43
14	Immune cells	DC	Monocyte	AKR1C1	-1.31	46.4	3.51e-43
14	Immune cells	DC	Monocyte	SPINK1	-1.7	63.0	4.05e-43
14	Immune cells	DC	Monocyte	GDF15	-0.31	26.5	4.74e-43
14	Immune cells	DC	Monocyte	C1QC	0.3	75.9	6.15e-43
14	Immune cells	DC	Monocyte	GNLY	-0.57	7.3	1.11e-42
14	Immune cells	DC	Monocyte	FABP1	-1.69	58.7	1.61e-42
14	Immune cells	DC	Monocyte	TUBA4A	-0.34	15.7	2.93e-42
14	Immune cells	DC	Monocyte	SLC22A18	-0.32	27.8	6.27e-42
14	Immune cells	DC	Monocyte	CLEC5A	0.37	37.0	9.32e-42
14	Immune cells	DC	Monocyte	BNIP3	0.49	70.9	1.6e-41
14	Immune cells	DC	Monocyte	TMEM205	-0.29	31.3	2.29e-41
14	Immune cells	DC	Monocyte	MRC1	0.38	69.3	2.33e-41
14	Immune cells	DC	Monocyte	SOX4	-0.28	25.5	3.67e-41
14	Immune cells	DC	Monocyte	APOA1	-1.87	69.5	1.12e-40
14	Immune cells	DC	Monocyte	IGFBP1	-0.6	20.2	1.88e-40
14	Immune cells	DC	Monocyte	CD86	0.42	64.7	2.01e-40
14	Immune cells	DC	Monocyte	GZMH	-0.28	4.2	3.56e-40
14	Immune cells	DC	Monocyte	NUPR1	-0.29	28.8	1.59e-39
14	Immune cells	DC	Monocyte	IGHM	-0.91	10.0	2.17e-39
14	Immune cells	DC	Monocyte	MGST1	-0.71	32.6	2.5e-39
14	Immune cells	DC	Monocyte	ANG	-0.25	23.3	1.03e-38
14	Immune cells	DC	Monocyte	APOM	-1.36	42.5	1.16e-38
14	Immune cells	DC	Monocyte	HIST1H1C	-0.41	33.0	2.31e-38
14	Immune cells	DC	Monocyte	DNASE1L3	-0.39	12.6	4.24e-38
14	Immune cells	DC	Monocyte	FDPS	-0.5	36.8	5.76e-38
14	Immune cells	DC	Monocyte	CNPY2	-0.38	37.5	4.05e-37
14	Immune cells	DC	Monocyte	FCGR2B	0.71	48.9	5.09e-37
14	Immune cells	DC	Monocyte	IL7R	-0.81	18.8	1.09e-36
14	Immune cells	DC	Monocyte	IGHA1	-0.75	12.8	1.43e-36
14	Immune cells	DC	Monocyte	SERPINB1	0.33	78.8	1.82e-36
14	Immune cells	DC	Monocyte	VEGFA	0.43	70.4	2.3e-36
14	Immune cells	DC	Monocyte	PLXDC2	0.41	55.0	3.22e-36
14	Immune cells	DC	Monocyte	OLR1	0.61	42.0	9.2e-36
14	Immune cells	DC	Monocyte	IGHG1	-3.39	14.1	8.16e-35
14	Immune cells	DC	Monocyte	ARRDC3	0.38	65.9	9.52e-35
14	Immune cells	DC	Monocyte	IDI1	-0.32	33.6	9.71e-35
14	Immune cells	DC	Monocyte	FCGR1A	0.43	51.8	1.18e-34
14	Immune cells	DC	Monocyte	NKG7	-0.73	13.5	1.62e-34
14	Immune cells	DC	Monocyte	HAVCR2	0.39	60.8	3.21e-33
14	Immune cells	DC	Monocyte	IGHG4	-2.97	14.2	4.88e-33
14	Immune cells	DC	Monocyte	DUSP4	-0.3	15.4	5.08e-33
14	Immune cells	DC	Monocyte	ODC1	-0.26	27.9	7.87e-33
14	Immune cells	DC	Monocyte	JCHAIN	-0.41	8.2	1.06e-32
14	Immune cells	DC	Monocyte	SPARC	-0.7	10.3	1.69e-32
14	Immune cells	DC	Monocyte	GCHFR	-0.25	30.3	2.13e-32
14	Immune cells	DC	Monocyte	POLR2F	-0.37	40.2	3.6e-32
14	Immune cells	DC	Monocyte	MXD1	0.39	59.4	9.8e-32
14	Immune cells	DC	Monocyte	COL4A2	-0.32	4.1	1.05e-31
14	Immune cells	DC	Monocyte	CSF1R	0.27	65.6	1.25e-31
14	Immune cells	DC	Monocyte	DUSP6	0.45	66.4	2.17e-31
14	Immune cells	DC	Monocyte	NRP1	0.25	71.2	2.73e-31
14	Immune cells	DC	Monocyte	IGFBP7	-0.91	13.1	4.52e-31
14	Immune cells	DC	Monocyte	THY1	-0.3	1.6	4.68e-31
14	Immune cells	DC	Monocyte	CYB5A	-0.33	36.8	5.15e-31
14	Immune cells	DC	Monocyte	NTS	-1.47	59.1	5.59e-31
14	Immune cells	DC	Monocyte	RPL22L1	-1.01	70.5	6.09e-31
14	Immune cells	DC	Monocyte	SLAMF9	0.49	45.4	7.02e-31
14	Immune cells	DC	Monocyte	MMP9	0.73	60.1	8.84e-31
14	Immune cells	DC	Monocyte	NDUFA4L2	-0.27	9.4	1.77e-30
14	Immune cells	DC	Monocyte	CCL4L2	0.38	65.6	2.28e-30
14	Immune cells	DC	Monocyte	ACP5	0.41	63.6	4.26e-30
14	Immune cells	DC	Monocyte	HIST1H4C	-0.5	28.8	4.81e-30
14	Immune cells	DC	Monocyte	IGHG2	-0.34	3.9	8.21e-30
14	Immune cells	DC	Monocyte	CCL5	-1.1	22.7	1.89e-29
14	Immune cells	DC	Monocyte	BATF	-0.36	19.7	2.52e-29
14	Immune cells	DC	Monocyte	POLR2K	-0.43	54.0	6.38e-29
14	Immune cells	DC	Monocyte	HMOX1	0.39	70.1	1.01e-28
14	Immune cells	DC	Monocyte	ANKRD37	0.44	57.4	1.29e-28
14	Immune cells	DC	Monocyte	NLRP3	0.53	48.8	2.21e-28
14	Immune cells	DC	Monocyte	RGS5	-0.61	8.0	4.3e-28
14	Immune cells	DC	Monocyte	IGLC2	-1.94	19.3	5.29e-28
14	Immune cells	DC	Monocyte	SLC2A5	0.38	47.7	5.34e-28
14	Immune cells	DC	Monocyte	BAG3	0.45	65.9	5.64e-28
14	Immune cells	DC	Monocyte	AHSG	-1.54	57.8	6.56e-28
14	Immune cells	DC	Monocyte	TREM1	0.51	42.7	1.52e-27
14	Immune cells	DC	Monocyte	MARCO	0.25	16.1	1.78e-27
14	Immune cells	DC	Monocyte	CLEC7A	0.36	59.4	3.04e-27
14	Immune cells	DC	Monocyte	IGHG3	-2.23	13.5	7.26e-27
14	Immune cells	DC	Monocyte	PSMB5	-0.29	38.2	7.32e-27
14	Immune cells	DC	Monocyte	LSM2	-0.3	44.7	1.55e-26
14	Immune cells	DC	Monocyte	IGLC3	-1.11	8.5	2.55e-26
14	Immune cells	DC	Monocyte	ITGAX	0.39	55.1	1.52e-25
14	Immune cells	DC	Monocyte	RPL7	-0.54	99.0	2.03e-25
14	Immune cells	DC	Monocyte	SEC11C	-0.26	37.7	9.64e-25
14	Immune cells	DC	Monocyte	SERPINA1	-1.7	97.0	2.08e-24
14	Immune cells	DC	Monocyte	ADI1	-0.26	42.3	7.91e-24
14	Immune cells	DC	Monocyte	COL1A2	-0.36	9.0	9.8e-24
14	Immune cells	DC	Monocyte	ASGR1	-0.37	36.0	2.1e-22
14	Immune cells	DC	Monocyte	HBEGF	0.58	51.8	5.43e-22
14	Immune cells	DC	Monocyte	C1orf54	0.31	59.9	8.17e-22
14	Immune cells	DC	Monocyte	VSIG4	0.37	49.5	1.58e-21
14	Immune cells	DC	Monocyte	NRP2	0.29	54.2	2.3e-21
14	Immune cells	DC	Monocyte	MPC2	-0.36	50.6	2.97e-21
14	Immune cells	DC	Monocyte	MEF2C	0.25	61.2	5.51e-21
14	Immune cells	DC	Monocyte	SNHG8	-0.34	50.1	1.08e-20
14	Immune cells	DC	Monocyte	DNPH1	-0.33	51.3	1.25e-20
14	Immune cells	DC	Monocyte	PHACTR1	0.38	51.8	1.63e-20
14	Immune cells	DC	Monocyte	PHLDA1	0.33	64.2	2.67e-20
14	Immune cells	DC	Monocyte	ASPH	-0.38	43.4	3.2e-20
14	Immune cells	DC	Monocyte	EPB41L3	0.34	53.2	6.36e-20
14	Immune cells	DC	Monocyte	LPCAT2	0.32	49.6	6.79e-20
14	Immune cells	DC	Monocyte	PEBP1	-0.34	65.4	1.13e-19
14	Immune cells	DC	Monocyte	TPSB2	-0.6	3.8	1.44e-19
14	Immune cells	DC	Monocyte	CCL2	0.84	50.6	1.47e-19
14	Immune cells	DC	Monocyte	CLEC4E	0.27	27.1	2.58e-19
14	Immune cells	DC	Monocyte	MT2A	0.66	71.5	7.46e-19
14	Immune cells	DC	Monocyte	RPL5	-0.36	97.0	1.01e-18
14	Immune cells	DC	Monocyte	CD69	-1.04	29.9	1.33e-18
14	Immune cells	DC	Monocyte	ETS2	0.38	57.0	5.72e-18
14	Immune cells	DC	Monocyte	ALOX5AP	0.36	53.6	1.45e-17
14	Immune cells	DC	Monocyte	NDRG1	0.38	58.0	1.93e-17
14	Immune cells	DC	Monocyte	MT-ND6	-0.39	44.3	2.09e-17
14	Immune cells	DC	Monocyte	IGKC	-2.63	31.6	4.37e-17
14	Immune cells	DC	Monocyte	UBE2S	-0.26	38.1	1.51e-16
14	Immune cells	DC	Monocyte	SDS	0.59	43.0	1.77e-16
14	Immune cells	DC	Monocyte	A1BG	-0.33	47.1	1.94e-16
14	Immune cells	DC	Monocyte	PRDX2	-0.4	64.0	3.7e-16
14	Immune cells	DC	Monocyte	ETFB	-0.37	58.3	4.92e-16
14	Immune cells	DC	Monocyte	TNFAIP2	0.39	54.9	1.16e-15
14	Immune cells	DC	Monocyte	LGALS2	0.35	43.0	1.2e-15
14	Immune cells	DC	Monocyte	AQP9	0.3	25.0	2.06e-15
14	Immune cells	DC	Monocyte	IRF8	0.32	54.0	2.25e-15
14	Immune cells	DC	Monocyte	LMO2	0.25	44.1	1.67e-14
14	Immune cells	DC	Monocyte	TNF	0.42	48.4	3.34e-14
14	Immune cells	DC	Monocyte	ATP5G1	-0.43	57.1	6.61e-14
14	Immune cells	DC	Monocyte	COL3A1	-0.34	8.9	2.05e-13
14	Immune cells	DC	Monocyte	GK	0.4	46.0	2.09e-13
14	Immune cells	DC	Monocyte	EMP1	0.35	42.9	3.11e-13
14	Immune cells	DC	Monocyte	ICAM1	0.3	63.2	3.68e-13
14	Immune cells	DC	Monocyte	TCEA1	-0.26	60.2	3.93e-13
14	Immune cells	DC	Monocyte	PRDX4	-0.32	51.3	5.47e-13
14	Immune cells	DC	Monocyte	IL10	0.53	40.1	1.91e-12
14	Immune cells	DC	Monocyte	APOE	-0.62	91.5	2.37e-12
14	Immune cells	DC	Monocyte	SLC2A1	0.42	44.3	1.84e-11
14	Immune cells	DC	Monocyte	MMP12	0.56	53.2	1.92e-11
14	Immune cells	DC	Monocyte	MT1H	0.33	13.7	3.67e-11
14	Immune cells	DC	Monocyte	NME1	-0.26	51.1	5.62e-11
14	Immune cells	DC	Monocyte	HCK	0.27	46.5	1.97e-10
14	Immune cells	DC	Monocyte	SNRPF	-0.26	63.6	3.96e-10
14	Immune cells	DC	Monocyte	MMP19	0.37	42.9	4.52e-10
14	Immune cells	DC	Monocyte	NCEH1	0.27	47.5	1.1e-09
14	Immune cells	DC	Monocyte	GPR84	0.3	32.3	2.35e-09
14	Immune cells	DC	Monocyte	PPIF	0.32	50.2	2.71e-09
14	Immune cells	DC	Monocyte	CA2	0.43	46.3	3.13e-09
14	Immune cells	DC	Monocyte	NDUFA4	-0.27	90.0	3.26e-09
14	Immune cells	DC	Monocyte	H2AFZ	-0.42	78.8	2.15e-08
14	Immune cells	DC	Monocyte	NR4A3	0.38	44.1	2.25e-08
14	Immune cells	DC	Monocyte	MIR155HG	0.34	39.9	3.51e-08
14	Immune cells	DC	Monocyte	FAM46A	0.27	55.0	4.42e-08
14	Immune cells	DC	Monocyte	STC1	-0.44	4.4	9.76e-08
14	Immune cells	DC	Monocyte	SLC11A1	0.37	35.0	1.15e-07
14	Immune cells	DC	Monocyte	RPL8	-0.33	99.7	1.41e-07
14	Immune cells	DC	Monocyte	COX7A2L	-0.28	66.9	1.63e-07
14	Immune cells	DC	Monocyte	WBP5	0.34	45.6	4.42e-07
14	Immune cells	DC	Monocyte	KMO	0.3	35.8	5.45e-06
14	Immune cells	DC	Monocyte	HILPDA	0.28	33.1	6.85e-06
14	Immune cells	DC	Monocyte	CXCL10	0.7	18.2	8e-06
15	Immune cells	DC	cDC1	TUBA1B	0.95	100.0	1.26e-210
15	Immune cells	DC	cDC1	PCNA	1.03	87.5	1.35e-209
15	Immune cells	DC	cDC1	STMN1	0.99	94.4	1.71e-186
15	Immune cells	DC	cDC1	CYBB	0.97	95.0	8.48e-179
15	Immune cells	DC	cDC1	H2AFZ	0.88	99.1	3.02e-170
15	Immune cells	DC	cDC1	MS4A6A	0.97	96.0	1.24e-169
15	Immune cells	DC	cDC1	AIF1	0.93	99.5	7.67e-166
15	Immune cells	DC	cDC1	C1QB	1.11	95.7	9.27e-163
15	Immune cells	DC	cDC1	C1QA	1.08	96.4	8.2e-162
15	Immune cells	DC	cDC1	HLA-DRB1	0.99	99.7	8.87e-161
15	Immune cells	DC	cDC1	TUBB	0.82	98.8	3.98e-160
15	Immune cells	DC	cDC1	HLA-DRA	1.0	99.3	6.02e-155
15	Immune cells	DC	cDC1	FCER1G	0.87	99.7	1.27e-151
15	Immune cells	DC	cDC1	MCM5	0.78	76.0	4.88e-145
15	Immune cells	DC	cDC1	DUT	0.92	85.2	2.48e-144
15	Immune cells	DC	cDC1	C1QC	1.01	91.5	2.59e-144
15	Immune cells	DC	cDC1	HLA-DPA1	0.91	97.7	4.21e-143
15	Immune cells	DC	cDC1	HLA-DPB1	0.9	97.2	4.44e-138
15	Immune cells	DC	cDC1	LST1	0.67	95.1	7.83e-135
15	Immune cells	DC	cDC1	GSTP1	0.73	97.0	9.99e-134
15	Immune cells	DC	cDC1	CD14	1.08	89.9	1.43e-132
15	Immune cells	DC	cDC1	HLA-DQA1	0.84	94.8	2e-127
15	Immune cells	DC	cDC1	MCM6	0.73	69.6	2.43e-127
15	Immune cells	DC	cDC1	KCTD12	0.7	89.2	1.44e-126
15	Immune cells	DC	cDC1	HLA-DQB1	0.76	97.2	7.49e-125
15	Immune cells	DC	cDC1	APOA2	-2.31	98.8	2.01e-122
15	Immune cells	DC	cDC1	MRC1	0.76	85.9	7.67e-121
15	Immune cells	DC	cDC1	FGL2	0.63	91.5	7.59e-116
15	Immune cells	DC	cDC1	TYROBP	0.73	99.7	3.04e-113
15	Immune cells	DC	cDC1	KIAA0101	0.91	67.7	2.01e-110
15	Immune cells	DC	cDC1	BLVRB	0.63	94.8	3.64e-108
15	Immune cells	DC	cDC1	LYZ	0.63	94.6	1.21e-106
15	Immune cells	DC	cDC1	C1orf162	0.66	86.1	2.19e-106
15	Immune cells	DC	cDC1	STAB1	0.91	80.2	1.74e-103
15	Immune cells	DC	cDC1	RNASE6	0.6	85.6	4.5e-103
15	Immune cells	DC	cDC1	MEF2C	0.55	82.6	1.17e-100
15	Immune cells	DC	cDC1	MCM4	0.66	61.8	3.03e-100
15	Immune cells	DC	cDC1	PLEK	0.6	89.9	6.86e-99
15	Immune cells	DC	cDC1	MS4A4A	0.68	82.3	5.33e-98
15	Immune cells	DC	cDC1	RPA3	0.59	83.7	9.41e-98
15	Immune cells	DC	cDC1	MNDA	0.77	76.0	4.84e-97
15	Immune cells	DC	cDC1	TGFBI	0.61	84.9	4.84e-97
15	Immune cells	DC	cDC1	SPI1	0.55	84.0	7.21e-96
15	Immune cells	DC	cDC1	CPVL	0.58	80.6	3.31e-94
15	Immune cells	DC	cDC1	FCGR2A	0.57	86.1	1.1e-92
15	Immune cells	DC	cDC1	ALB	-2.17	98.3	1.97e-91
15	Immune cells	DC	cDC1	TK1	0.82	58.0	4.05e-90
15	Immune cells	DC	cDC1	TM4SF4	-0.46	4.0	9.54e-90
15	Immune cells	DC	cDC1	AQP3	-0.28	2.1	1.69e-89
15	Immune cells	DC	cDC1	CAMK2N1	-0.38	4.3	2.71e-89
15	Immune cells	DC	cDC1	MCM7	0.63	65.5	4.78e-89
15	Immune cells	DC	cDC1	RAD51AP1	0.68	59.0	2.32e-88
15	Immune cells	DC	cDC1	ANGPTL3	-0.54	4.2	6.29e-88
15	Immune cells	DC	cDC1	CFI	-0.41	2.8	7.53e-88
15	Immune cells	DC	cDC1	CD3D	-1.24	7.5	1.2e-87
15	Immune cells	DC	cDC1	PERP	-0.34	4.3	1.2e-87
15	Immune cells	DC	cDC1	GINS2	0.54	51.0	1.44e-87
15	Immune cells	DC	cDC1	FST	-0.36	3.3	2.04e-87
15	Immune cells	DC	cDC1	CDKN2A	-0.38	5.7	2.65e-87
15	Immune cells	DC	cDC1	SLPI	-0.27	1.4	4.11e-87
15	Immune cells	DC	cDC1	PCSK1N	-0.46	5.6	3.93e-86
15	Immune cells	DC	cDC1	ITGA1	-0.33	2.1	5.19e-86
15	Immune cells	DC	cDC1	FN1	-0.55	6.6	2.98e-85
15	Immune cells	DC	cDC1	FGA	-0.58	6.8	3.91e-85
15	Immune cells	DC	cDC1	PLG	-0.42	5.6	6.25e-85
15	Immune cells	DC	cDC1	ADAP2	0.55	78.5	1.44e-84
15	Immune cells	DC	cDC1	FGG	-0.78	8.0	1.56e-84
15	Immune cells	DC	cDC1	UGT2B4	-0.46	5.9	6.41e-84
15	Immune cells	DC	cDC1	HPGD	-0.35	3.1	8.85e-84
15	Immune cells	DC	cDC1	UHRF1	0.54	45.8	1.2e-83
15	Immune cells	DC	cDC1	SERPIND1	-0.3	2.4	2.44e-83
15	Immune cells	DC	cDC1	VSIG4	0.65	66.7	5.01e-83
15	Immune cells	DC	cDC1	ITIH2	-0.47	6.9	5.84e-83
15	Immune cells	DC	cDC1	CALD1	-0.75	8.5	7.24e-83
15	Immune cells	DC	cDC1	ELF3	-0.27	1.9	8.01e-83
15	Immune cells	DC	cDC1	RANBP1	0.54	87.7	8.58e-83
15	Immune cells	DC	cDC1	MPEG1	0.55	79.3	1.3e-82
15	Immune cells	DC	cDC1	MAL2	-0.5	6.9	1.67e-82
15	Immune cells	DC	cDC1	KRT19	-0.28	3.5	6.42e-82
15	Immune cells	DC	cDC1	DMKN	-0.43	7.1	6.87e-82
15	Immune cells	DC	cDC1	LEAP2	-0.32	5.2	8.96e-82
15	Immune cells	DC	cDC1	SERINC2	-0.28	3.8	1.92e-81
15	Immune cells	DC	cDC1	KNG1	-0.41	5.6	2.86e-81
15	Immune cells	DC	cDC1	FKBP11	-0.46	8.5	6.08e-81
15	Immune cells	DC	cDC1	ORM2	-0.49	5.2	8.96e-81
15	Immune cells	DC	cDC1	NUPR1	-0.63	13.0	1.31e-80
15	Immune cells	DC	cDC1	ASGR2	-0.33	6.8	4.19e-80
15	Immune cells	DC	cDC1	FXYD1	-0.51	7.1	4.34e-80
15	Immune cells	DC	cDC1	HPX	-0.43	7.5	4.72e-80
15	Immune cells	DC	cDC1	TSPAN8	-0.61	8.3	5.06e-80
15	Immune cells	DC	cDC1	HULC	-0.3	3.8	1.17e-79
15	Immune cells	DC	cDC1	F13A1	0.72	69.6	1.22e-79
15	Immune cells	DC	cDC1	FKBP10	-0.27	4.3	7.77e-79
15	Immune cells	DC	cDC1	CTHRC1	-0.5	7.6	1.12e-78
15	Immune cells	DC	cDC1	TM4SF1	-0.34	3.3	1.13e-78
15	Immune cells	DC	cDC1	SERPINF1	-0.52	9.4	1.73e-78
15	Immune cells	DC	cDC1	S100P	-0.45	5.6	8.52e-78
15	Immune cells	DC	cDC1	GAGE2A	-0.9	11.5	1.56e-77
15	Immune cells	DC	cDC1	AADAC	-0.25	2.6	2.98e-77
15	Immune cells	DC	cDC1	CLDN1	-0.6	10.4	6.87e-77
15	Immune cells	DC	cDC1	LBP	-0.64	10.2	1.09e-76
15	Immune cells	DC	cDC1	C1orf54	0.56	75.7	1.57e-76
15	Immune cells	DC	cDC1	CP	-1.19	14.4	1.57e-76
15	Immune cells	DC	cDC1	SELM	-0.48	11.8	3.57e-76
15	Immune cells	DC	cDC1	CD163	0.67	79.0	3.66e-76
15	Immune cells	DC	cDC1	F2	-0.71	11.3	3.66e-76
15	Immune cells	DC	cDC1	ORM1	-0.67	8.9	5.94e-76
15	Immune cells	DC	cDC1	MST1	-0.27	5.7	9.51e-76
15	Immune cells	DC	cDC1	TMEM45A	-0.27	4.3	1.06e-75
15	Immune cells	DC	cDC1	COL18A1	-0.28	1.9	1.19e-75
15	Immune cells	DC	cDC1	TRNP1	-0.35	7.1	4.81e-75
15	Immune cells	DC	cDC1	HIST1H2AC	-0.38	10.6	5.05e-75
15	Immune cells	DC	cDC1	PROC	-0.44	8.5	5.59e-75
15	Immune cells	DC	cDC1	HELLS	0.6	59.9	1.18e-74
15	Immune cells	DC	cDC1	CES1	-0.37	5.6	1.21e-74
15	Immune cells	DC	cDC1	C8orf4	-0.29	0.5	1.53e-74
15	Immune cells	DC	cDC1	AGR2	-0.47	6.6	2.54e-74
15	Immune cells	DC	cDC1	CD7	-0.71	5.4	2.64e-74
15	Immune cells	DC	cDC1	GC	-0.81	12.8	6.69e-74
15	Immune cells	DC	cDC1	ANG	-0.38	9.2	7.33e-74
15	Immune cells	DC	cDC1	CFB	-0.54	12.0	1.08e-73
15	Immune cells	DC	cDC1	FGB	-0.83	13.4	1.52e-73
15	Immune cells	DC	cDC1	TSPAN6	-0.34	4.9	1.57e-73
15	Immune cells	DC	cDC1	GPX3	-0.42	12.7	1.91e-73
15	Immune cells	DC	cDC1	ITM2A	-0.66	3.3	5.85e-73
15	Immune cells	DC	cDC1	KDELR3	-0.28	4.3	7.76e-73
15	Immune cells	DC	cDC1	STEAP1	-0.3	3.3	1.91e-72
15	Immune cells	DC	cDC1	BCHE	-0.74	12.8	2.86e-72
15	Immune cells	DC	cDC1	CDKN2B-AS1	-0.25	3.3	3.3e-72
15	Immune cells	DC	cDC1	HRG	-0.44	7.8	5.16e-72
15	Immune cells	DC	cDC1	SERPINA6	-0.27	2.8	6.2e-72
15	Immune cells	DC	cDC1	DEFB1	-0.32	3.1	6.62e-72
15	Immune cells	DC	cDC1	MCM3	0.59	61.3	9.61e-72
15	Immune cells	DC	cDC1	NPW	-0.87	14.1	1.23e-71
15	Immune cells	DC	cDC1	TRAC	-1.06	4.7	2.1e-71
15	Immune cells	DC	cDC1	TYMS	0.78	59.9	3.69e-71
15	Immune cells	DC	cDC1	HMGB2	0.37	81.6	3.79e-71
15	Immune cells	DC	cDC1	AKR1C2	-0.42	10.4	7.97e-71
15	Immune cells	DC	cDC1	TPM2	-0.47	11.8	1.07e-70
15	Immune cells	DC	cDC1	FGL1	-0.73	13.7	3.91e-70
15	Immune cells	DC	cDC1	FABP5	0.48	97.9	7.72e-70
15	Immune cells	DC	cDC1	FXYD2	-0.5	12.5	1.6e-69
15	Immune cells	DC	cDC1	KRT8	-0.81	17.2	1.87e-69
15	Immune cells	DC	cDC1	PROS1	-0.32	9.7	1.88e-69
15	Immune cells	DC	cDC1	RARRES2	-0.9	16.5	2.96e-69
15	Immune cells	DC	cDC1	CSF1R	0.48	77.1	3.68e-69
15	Immune cells	DC	cDC1	TRBC2	-0.84	3.6	3.96e-69
15	Immune cells	DC	cDC1	LRG1	-0.38	9.2	6.55e-69
15	Immune cells	DC	cDC1	LAPTM4B	-0.73	15.5	8.2e-69
15	Immune cells	DC	cDC1	PLOD2	-0.27	5.0	1.06e-68
15	Immune cells	DC	cDC1	S100A13	-0.38	11.1	1.12e-68
15	Immune cells	DC	cDC1	CCL20	-0.82	14.9	1.31e-68
15	Immune cells	DC	cDC1	GPX2	-0.64	12.7	1.73e-68
15	Immune cells	DC	cDC1	TM4SF5	-0.95	15.8	1.74e-68
15	Immune cells	DC	cDC1	CD2	-1.19	5.7	2.27e-68
15	Immune cells	DC	cDC1	WDR72	-0.25	4.9	3.17e-68
15	Immune cells	DC	cDC1	NQO1	-0.46	11.5	5.34e-68
15	Immune cells	DC	cDC1	MDK	-0.61	13.7	7.64e-68
15	Immune cells	DC	cDC1	LGMN	0.66	85.8	2.91e-67
15	Immune cells	DC	cDC1	ANXA2	0.44	95.3	4.02e-67
15	Immune cells	DC	cDC1	SPOCK2	-0.5	2.3	2.44e-66
15	Immune cells	DC	cDC1	MTTP	-0.26	2.6	2.91e-66
15	Immune cells	DC	cDC1	PLA2G16	-0.27	9.9	2.99e-66
15	Immune cells	DC	cDC1	TFR2	-0.25	4.5	1.53e-65
15	Immune cells	DC	cDC1	APOH	-1.15	20.1	3.48e-65
15	Immune cells	DC	cDC1	GPC3	-1.0	20.3	5.08e-65
15	Immune cells	DC	cDC1	PPP1R16A	-0.28	9.5	9.1e-65
15	Immune cells	DC	cDC1	KLRB1	-1.0	2.4	1.73e-64
15	Immune cells	DC	cDC1	CXCL17	-0.73	10.6	6.77e-64
15	Immune cells	DC	cDC1	SPTBN1	-0.35	13.7	9.48e-64
15	Immune cells	DC	cDC1	CLU	-1.27	22.7	1.57e-63
15	Immune cells	DC	cDC1	TNFRSF18	-0.72	3.6	2.02e-63
15	Immune cells	DC	cDC1	SERPINE1	-0.34	10.8	2.28e-63
15	Immune cells	DC	cDC1	SLC25A5	0.42	95.1	2.74e-63
15	Immune cells	DC	cDC1	MAFB	0.44	82.5	2.77e-63
15	Immune cells	DC	cDC1	CLSPN	0.57	52.8	3.13e-63
15	Immune cells	DC	cDC1	PRAP1	-0.87	19.1	7.05e-63
15	Immune cells	DC	cDC1	NR2F2	-0.27	1.7	7.38e-63
15	Immune cells	DC	cDC1	DRD4	-0.26	5.6	8.79e-63
15	Immune cells	DC	cDC1	APOC3	-0.94	15.3	9.69e-63
15	Immune cells	DC	cDC1	CFHR1	-0.32	4.3	1.28e-62
15	Immune cells	DC	cDC1	TRBC1	-1.0	3.8	1.45e-62
15	Immune cells	DC	cDC1	CLEC7A	0.51	69.6	4.82e-62
15	Immune cells	DC	cDC1	MSR1	0.52	77.6	7.42e-62
15	Immune cells	DC	cDC1	GZMA	-0.87	1.4	9.56e-62
15	Immune cells	DC	cDC1	NRP1	0.55	78.1	1.39e-61
15	Immune cells	DC	cDC1	CD93	0.58	68.4	2.08e-61
15	Immune cells	DC	cDC1	LGALS1	0.31	99.5	1.25e-60
15	Immune cells	DC	cDC1	APOB	-1.33	23.4	1.66e-60
15	Immune cells	DC	cDC1	TFPI	-1.12	25.0	1.74e-60
15	Immune cells	DC	cDC1	IGFBP3	-0.27	1.2	1.78e-60
15	Immune cells	DC	cDC1	TNFRSF12A	-0.33	12.5	1.88e-60
15	Immune cells	DC	cDC1	SQLE	-0.26	10.9	2.08e-60
15	Immune cells	DC	cDC1	C3	-0.54	14.6	2.89e-60
15	Immune cells	DC	cDC1	TIGIT	-0.55	3.5	3.73e-60
15	Immune cells	DC	cDC1	ICOS	-0.41	2.4	4.77e-60
15	Immune cells	DC	cDC1	MEG3	-0.28	7.6	4.87e-60
15	Immune cells	DC	cDC1	IGFBP1	-0.67	10.1	4.87e-60
15	Immune cells	DC	cDC1	CD27	-0.44	2.3	6.55e-60
15	Immune cells	DC	cDC1	STRA13	0.51	68.9	4.77e-59
15	Immune cells	DC	cDC1	CFH	-1.01	22.7	7.47e-59
15	Immune cells	DC	cDC1	TNFRSF4	-0.8	6.2	7.7e-59
15	Immune cells	DC	cDC1	TMPO	0.48	70.1	1.86e-58
15	Immune cells	DC	cDC1	GZMK	-0.53	0.7	2.94e-58
15	Immune cells	DC	cDC1	IGF2	-0.64	18.2	4.23e-58
15	Immune cells	DC	cDC1	TUBA4A	-0.38	6.9	5.57e-58
15	Immune cells	DC	cDC1	XCL1	-0.29	0.9	6.3e-58
15	Immune cells	DC	cDC1	AZGP1	-0.28	3.3	1.39e-57
15	Immune cells	DC	cDC1	CTLA4	-0.36	2.6	1.57e-57
15	Immune cells	DC	cDC1	ID1	-0.27	8.5	8.39e-57
15	Immune cells	DC	cDC1	FAM111B	0.54	44.8	8.39e-57
15	Immune cells	DC	cDC1	AC092580.4	-0.29	0.7	4.06e-56
15	Immune cells	DC	cDC1	CD40LG	-0.29	0.9	4.36e-56
15	Immune cells	DC	cDC1	DHCR24	-0.44	16.7	4.46e-56
15	Immune cells	DC	cDC1	RBP4	-1.33	24.3	7.27e-56
15	Immune cells	DC	cDC1	IL7R	-0.94	8.2	1.45e-55
15	Immune cells	DC	cDC1	PTGDS	-0.84	12.3	3.97e-55
15	Immune cells	DC	cDC1	LAIR2	-0.34	1.9	6.97e-55
15	Immune cells	DC	cDC1	ACTA2	-0.27	1.7	1.16e-54
15	Immune cells	DC	cDC1	ALDH1A1	-0.43	17.0	1.19e-54
15	Immune cells	DC	cDC1	SLC38A1	-0.31	14.2	1.19e-54
15	Immune cells	DC	cDC1	IFNG	-0.84	1.6	1.41e-54
15	Immune cells	DC	cDC1	XCL2	-0.36	0.5	1.94e-54
15	Immune cells	DC	cDC1	LGALS3	0.29	89.9	4.05e-54
15	Immune cells	DC	cDC1	KRT18	-1.05	24.7	5.38e-54
15	Immune cells	DC	cDC1	AKR1C4	-0.99	23.1	7.96e-54
15	Immune cells	DC	cDC1	AKR1B10	-0.75	17.0	9.7e-54
15	Immune cells	DC	cDC1	HIST1H1C	-0.5	23.4	3.36e-53
15	Immune cells	DC	cDC1	LSM4	0.37	81.6	1.68e-52
15	Immune cells	DC	cDC1	LY96	0.35	81.6	1.91e-52
15	Immune cells	DC	cDC1	IGHA1	-0.78	4.3	5.57e-52
15	Immune cells	DC	cDC1	TNFSF14	-0.27	2.8	8.24e-52
15	Immune cells	DC	cDC1	GDF15	-0.39	18.8	1.54e-50
15	Immune cells	DC	cDC1	JCHAIN	-0.44	0.9	2.23e-50
15	Immune cells	DC	cDC1	ANGPTL8	-0.89	20.7	3.5e-50
15	Immune cells	DC	cDC1	OCIAD2	-0.29	5.4	5.05e-50
15	Immune cells	DC	cDC1	AGT	-1.3	29.5	5.23e-50
15	Immune cells	DC	cDC1	SNRPN	-0.31	18.9	5.72e-50
15	Immune cells	DC	cDC1	SGK1	0.36	82.8	1.17e-49
15	Immune cells	DC	cDC1	IGHM	-0.87	2.6	1.46e-49
15	Immune cells	DC	cDC1	LTB	-1.52	16.1	1.7e-49
15	Immune cells	DC	cDC1	GNLY	-0.61	1.4	3.03e-49
15	Immune cells	DC	cDC1	NGFRAP1	-0.38	21.9	5.04e-49
15	Immune cells	DC	cDC1	ACTG1	0.28	99.5	6.59e-49
15	Immune cells	DC	cDC1	AMBP	-1.58	35.8	2.29e-48
15	Immune cells	DC	cDC1	NKG7	-0.77	5.0	8.49e-48
15	Immune cells	DC	cDC1	RHOB	0.36	87.8	1.47e-47
15	Immune cells	DC	cDC1	SOD2	0.34	91.5	1.74e-47
15	Immune cells	DC	cDC1	NUDT1	0.39	66.8	2.02e-47
15	Immune cells	DC	cDC1	CCL3	0.55	78.3	3.45e-47
15	Immune cells	DC	cDC1	SPINK1	-1.78	58.2	4.34e-47
15	Immune cells	DC	cDC1	FCGR3A	0.63	71.7	6.55e-47
15	Immune cells	DC	cDC1	IGHG1	-3.34	6.2	1.66e-46
15	Immune cells	DC	cDC1	EPB41L4A-AS1	-0.27	17.9	1.87e-46
15	Immune cells	DC	cDC1	LBH	-0.31	7.3	6.63e-46
15	Immune cells	DC	cDC1	AKR1C3	-1.16	31.4	1.58e-45
15	Immune cells	DC	cDC1	COL4A1	-0.37	0.5	2.21e-45
15	Immune cells	DC	cDC1	UGDH	-0.31	20.3	2.26e-45
15	Immune cells	DC	cDC1	RAN	0.32	95.8	1e-44
15	Immune cells	DC	cDC1	COL1A1	-0.37	1.9	2.15e-44
15	Immune cells	DC	cDC1	RASSF4	0.39	65.5	4.83e-44
15	Immune cells	DC	cDC1	GZMH	-0.28	0.3	7.86e-44
15	Immune cells	DC	cDC1	MS4A7	0.32	78.6	1.27e-43
15	Immune cells	DC	cDC1	SERPINA1	-1.89	98.1	2.59e-43
15	Immune cells	DC	cDC1	AFP	-1.53	53.0	5.22e-43
15	Immune cells	DC	cDC1	DHFR	0.57	52.4	5.59e-43
15	Immune cells	DC	cDC1	DUSP4	-0.38	8.3	5.88e-43
15	Immune cells	DC	cDC1	IGHG4	-2.97	7.6	1.09e-42
15	Immune cells	DC	cDC1	CDT1	0.45	46.5	1.54e-42
15	Immune cells	DC	cDC1	CENPU	0.42	42.2	3.88e-42
15	Immune cells	DC	cDC1	HPRT1	0.37	69.3	8.77e-42
15	Immune cells	DC	cDC1	APOM	-1.41	35.9	1.84e-41
15	Immune cells	DC	cDC1	TMEM176A	-0.47	32.1	2.17e-41
15	Immune cells	DC	cDC1	IL1B	0.64	69.6	2.36e-41
15	Immune cells	DC	cDC1	HMGCS1	-0.33	18.9	2.77e-41
15	Immune cells	DC	cDC1	SERPING1	-0.4	28.5	2.2e-40
15	Immune cells	DC	cDC1	MCM2	0.41	40.6	2.56e-40
15	Immune cells	DC	cDC1	ASGR1	-0.46	25.3	3.41e-40
15	Immune cells	DC	cDC1	FABP1	-1.76	58.3	4.44e-40
15	Immune cells	DC	cDC1	FOLR2	0.67	65.1	8.83e-40
15	Immune cells	DC	cDC1	TTR	-1.38	35.1	1.29e-39
15	Immune cells	DC	cDC1	IGHG3	-2.17	5.6	1.35e-39
15	Immune cells	DC	cDC1	SMC2	0.46	56.1	2.06e-39
15	Immune cells	DC	cDC1	VTN	-1.65	55.2	2.34e-39
15	Immune cells	DC	cDC1	CD86	0.36	67.0	9.6e-39
15	Immune cells	DC	cDC1	CCL2	1.15	56.9	1.03e-38
15	Immune cells	DC	cDC1	IER3	0.39	88.0	1.19e-38
15	Immune cells	DC	cDC1	COL1A2	-0.36	0.9	1.25e-38
15	Immune cells	DC	cDC1	NDUFA4L2	-0.26	3.5	2.29e-38
15	Immune cells	DC	cDC1	BASP1	0.37	67.0	2.47e-38
15	Immune cells	DC	cDC1	SPARC	-0.69	5.0	2.55e-38
15	Immune cells	DC	cDC1	IGLC2	-1.96	11.8	3.63e-37
15	Immune cells	DC	cDC1	APOA1	-1.95	72.4	5.93e-37
15	Immune cells	DC	cDC1	RB1CC1	-0.35	31.2	6.92e-37
15	Immune cells	DC	cDC1	GZMB	-0.27	0.2	7.9e-37
15	Immune cells	DC	cDC1	GCLM	-0.27	24.0	1.18e-36
15	Immune cells	DC	cDC1	TF	-1.47	46.7	9.44e-36
15	Immune cells	DC	cDC1	IGLC3	-1.1	2.6	1.27e-35
15	Immune cells	DC	cDC1	SDF2L1	0.35	74.8	1.15e-34
15	Immune cells	DC	cDC1	NTS	-1.55	54.9	2.42e-34
15	Immune cells	DC	cDC1	CXCL8	0.31	73.1	2.84e-34
15	Immune cells	DC	cDC1	COL4A2	-0.33	1.2	6.11e-34
15	Immune cells	DC	cDC1	PLA2G7	0.36	66.0	8.93e-34
15	Immune cells	DC	cDC1	TMEM176B	-0.36	34.5	4.06e-33
15	Immune cells	DC	cDC1	COX5A	0.25	90.6	4.1e-33
15	Immune cells	DC	cDC1	IGHG2	-0.34	1.0	4.4e-33
15	Immune cells	DC	cDC1	GATM	0.38	79.0	9.88e-33
15	Immune cells	DC	cDC1	PLAUR	0.3	70.3	1.25e-32
15	Immune cells	DC	cDC1	ATP1B1	0.34	75.2	1.66e-32
15	Immune cells	DC	cDC1	GGCT	0.36	61.5	1.72e-32
15	Immune cells	DC	cDC1	RGS5	-0.58	4.3	2.87e-32
15	Immune cells	DC	cDC1	C1QBP	0.31	74.5	3.99e-32
15	Immune cells	DC	cDC1	AKR1C1	-1.32	46.2	8.98e-32
15	Immune cells	DC	cDC1	AHSG	-1.69	54.9	1.17e-31
15	Immune cells	DC	cDC1	DTL	0.39	37.7	1.26e-31
15	Immune cells	DC	cDC1	C6orf48	-0.37	35.6	1.92e-31
15	Immune cells	DC	cDC1	SNRPD1	0.27	79.5	6.58e-31
15	Immune cells	DC	cDC1	UQCC2	0.28	76.6	8.3e-31
15	Immune cells	DC	cDC1	GCHFR	-0.27	27.1	1.95e-30
15	Immune cells	DC	cDC1	A1BG	-0.44	38.9	9.01e-30
15	Immune cells	DC	cDC1	ZWINT	0.45	46.4	1.18e-29
15	Immune cells	DC	cDC1	CKS1B	0.37	61.8	1.27e-29
15	Immune cells	DC	cDC1	TCF19	0.32	33.3	2.73e-29
15	Immune cells	DC	cDC1	BCAT1	0.34	66.7	2.97e-28
15	Immune cells	DC	cDC1	BCL2A1	0.27	65.8	6.58e-28
15	Immune cells	DC	cDC1	IGFBP7	-0.88	9.9	7.06e-28
15	Immune cells	DC	cDC1	COL3A1	-0.34	1.4	1.07e-27
15	Immune cells	DC	cDC1	MGST1	-0.7	32.6	2.16e-27
15	Immune cells	DC	cDC1	LPCAT2	0.37	53.8	4.69e-27
15	Immune cells	DC	cDC1	PON2	-0.27	28.5	5.19e-27
15	Immune cells	DC	cDC1	KLF4	0.32	65.8	2.61e-26
15	Immune cells	DC	cDC1	FPR3	0.33	62.5	8.36e-26
15	Immune cells	DC	cDC1	EPB41L3	0.32	56.4	1.33e-25
15	Immune cells	DC	cDC1	THY1	-0.29	1.2	1.97e-25
15	Immune cells	DC	cDC1	MMP9	0.68	60.4	2.85e-25
15	Immune cells	DC	cDC1	FBP1	0.46	56.8	5.15e-25
15	Immune cells	DC	cDC1	MPST	-0.43	36.5	1.85e-24
15	Immune cells	DC	cDC1	TPSB2	-0.65	0.3	2.44e-24
15	Immune cells	DC	cDC1	ECHS1	0.25	72.2	7.95e-24
15	Immune cells	DC	cDC1	CCL3L3	0.66	60.6	1.21e-23
15	Immune cells	DC	cDC1	FEN1	0.42	43.9	1.28e-23
15	Immune cells	DC	cDC1	PDIA4	0.29	71.2	2.25e-23
15	Immune cells	DC	cDC1	MT1H	0.25	6.1	2.31e-23
15	Immune cells	DC	cDC1	CENPK	0.39	48.4	2.42e-23
15	Immune cells	DC	cDC1	STAT1	0.25	70.8	3.68e-23
15	Immune cells	DC	cDC1	FCGR1A	0.4	49.8	6.2e-23
15	Immune cells	DC	cDC1	ATAD2	0.4	53.3	1.41e-22
15	Immune cells	DC	cDC1	FSCN1	0.46	51.6	2.22e-22
15	Immune cells	DC	cDC1	BRCA1	0.4	40.3	1.28e-21
15	Immune cells	DC	cDC1	MCM10	0.29	28.8	1.49e-21
15	Immune cells	DC	cDC1	SRM	0.26	63.7	9.95e-21
15	Immune cells	DC	cDC1	CCL4	0.35	70.0	1.02e-20
15	Immune cells	DC	cDC1	CDK1	0.41	47.9	1.53e-20
15	Immune cells	DC	cDC1	RNASE1	0.66	63.9	1.94e-20
15	Immune cells	DC	cDC1	GMNN	0.32	54.9	2.78e-20
15	Immune cells	DC	cDC1	HCK	0.31	52.4	7.21e-20
15	Immune cells	DC	cDC1	GPR34	0.38	54.2	1.27e-19
15	Immune cells	DC	cDC1	PAICS	0.31	57.3	1.54e-19
15	Immune cells	DC	cDC1	LPAR6	0.27	61.8	8.93e-19
15	Immune cells	DC	cDC1	RRM1	0.4	48.1	1.13e-18
15	Immune cells	DC	cDC1	CD69	-1.06	26.9	2e-18
15	Immune cells	DC	cDC1	BIRC3	-0.38	29.5	4.95e-18
15	Immune cells	DC	cDC1	PMP22	0.28	49.0	7.02e-18
15	Immune cells	DC	cDC1	SQSTM1	-0.8	91.0	1.25e-17
15	Immune cells	DC	cDC1	POLR2F	-0.28	43.4	1.64e-17
15	Immune cells	DC	cDC1	CHEK1	0.37	39.6	1.65e-17
15	Immune cells	DC	cDC1	IGKC	-2.21	28.3	4.13e-17
15	Immune cells	DC	cDC1	PLAU	0.5	46.4	5.85e-17
15	Immune cells	DC	cDC1	STC1	-0.44	0.0	1e-16
15	Immune cells	DC	cDC1	RECQL	0.26	54.7	1.09e-16
15	Immune cells	DC	cDC1	RNASEH2A	0.36	48.4	1.61e-16
15	Immune cells	DC	cDC1	ASPH	-0.38	42.9	1.73e-16
15	Immune cells	DC	cDC1	RPL8	-0.41	100.0	3.33e-16
15	Immune cells	DC	cDC1	PTTG1	-0.26	26.7	9.63e-16
15	Immune cells	DC	cDC1	PLXDC2	0.29	49.0	2.48e-15
15	Immune cells	DC	cDC1	CNPY2	-0.27	43.2	4.61e-15
15	Immune cells	DC	cDC1	S100A8	-0.37	10.2	4.71e-15
15	Immune cells	DC	cDC1	DTYMK	0.32	46.5	7.87e-15
15	Immune cells	DC	cDC1	MMP12	0.27	57.6	9.18e-15
15	Immune cells	DC	cDC1	ZFAS1	-0.42	82.6	9.84e-15
15	Immune cells	DC	cDC1	PKMYT1	0.25	24.8	1.18e-14
15	Immune cells	DC	cDC1	CD1C	0.63	31.1	1.66e-14
15	Immune cells	DC	cDC1	HAVCR2	0.32	54.5	1.71e-14
15	Immune cells	DC	cDC1	CCL4L2	0.42	60.2	2.52e-14
15	Immune cells	DC	cDC1	GBP1	0.26	52.4	4.53e-14
15	Immune cells	DC	cDC1	ORC6	0.36	39.4	4.99e-14
15	Immune cells	DC	cDC1	BRCA2	0.4	41.0	8.93e-14
15	Immune cells	DC	cDC1	ALOX5AP	0.36	51.9	2.9e-13
15	Immune cells	DC	cDC1	RPL5	-0.33	99.0	3.38e-13
15	Immune cells	DC	cDC1	CCL5	-1.01	27.3	4.99e-13
15	Immune cells	DC	cDC1	SHCBP1	0.33	34.9	5.19e-13
15	Immune cells	DC	cDC1	SLC40A1	0.48	62.2	7.86e-13
15	Immune cells	DC	cDC1	RPL7	-0.47	99.5	9.26e-13
15	Immune cells	DC	cDC1	CLEC10A	0.64	40.5	2.43e-12
15	Immune cells	DC	cDC1	TREM2	0.33	51.0	7.76e-12
15	Immune cells	DC	cDC1	MYBL2	0.33	29.9	9.48e-12
15	Immune cells	DC	cDC1	RPL22L1	-0.86	77.4	1.23e-11
15	Immune cells	DC	cDC1	LMO2	0.25	43.9	1.31e-11
15	Immune cells	DC	cDC1	SUCNR1	0.31	41.1	1.84e-11
15	Immune cells	DC	cDC1	CXCL10	0.66	13.7	4.47e-11
15	Immune cells	DC	cDC1	CDK4	0.26	53.1	8.04e-11
15	Immune cells	DC	cDC1	CA2	0.38	47.9	8.47e-11
15	Immune cells	DC	cDC1	POLR2K	-0.32	61.5	8.77e-11
15	Immune cells	DC	cDC1	WDR76	0.35	37.2	8.81e-11
15	Immune cells	DC	cDC1	CENPM	0.35	40.6	1.29e-09
15	Immune cells	DC	cDC1	MAD2L1	0.35	42.2	1.3e-09
15	Immune cells	DC	cDC1	COX7A2L	-0.34	66.1	1.48e-09
15	Immune cells	DC	cDC1	CDC6	0.3	30.4	2.1e-09
15	Immune cells	DC	cDC1	CCNE2	0.38	32.8	2.73e-09
15	Immune cells	DC	cDC1	MPC2	-0.32	57.3	2.77e-09
15	Immune cells	DC	cDC1	P2RY6	0.3	39.8	6.82e-09
15	Immune cells	DC	cDC1	CD180	0.26	39.9	1.35e-08
15	Immune cells	DC	cDC1	SNHG8	-0.27	55.9	2.47e-08
15	Immune cells	DC	cDC1	CENPW	0.31	42.7	3.2e-08
15	Immune cells	DC	cDC1	E2F1	0.27	28.8	6.71e-08
15	Immune cells	DC	cDC1	PHACTR1	0.33	46.4	6.8e-08
15	Immune cells	DC	cDC1	PTGS2	0.38	46.2	8e-08
15	Immune cells	DC	cDC1	MT1G	0.4	20.1	1.36e-07
15	Immune cells	DC	cDC1	MKI67	0.29	36.8	1.52e-07
15	Immune cells	DC	cDC1	SPP1	0.44	84.0	2.85e-07
15	Immune cells	DC	cDC1	ESCO2	0.34	29.9	4.09e-07
15	Immune cells	DC	cDC1	ASF1B	0.29	30.0	1.17e-06
15	Immune cells	DC	cDC1	EIF3E	-0.29	92.2	2.44e-06
15	Immune cells	DC	cDC1	MMS22L	0.27	34.7	7.32e-06
15	Immune cells	DC	cDC1	FAM46A	0.28	53.8	7.56e-06
16	Immune cells	B	B	MS4A1	1.83	77.3	0
16	Immune cells	B	B	CD79A	1.7	88.9	0
16	Immune cells	B	B	POU2AF1	0.74	78.4	0
16	Immune cells	B	B	AL928768.3	0.72	70.5	0
16	Immune cells	B	B	KIAA0125	0.67	73.8	0
16	Immune cells	B	B	TNFRSF13B	0.63	71.8	0
16	Immune cells	B	B	FCRL2	0.59	74.2	0
16	Immune cells	B	B	IGLV6-57	0.53	64.9	0
16	Immune cells	B	B	FCRL5	0.52	76.3	0
16	Immune cells	B	B	IGKV4-1	0.44	66.6	0
16	Immune cells	B	B	EBF1	0.4	66.8	0
16	Immune cells	B	B	TNFRSF17	0.39	61.0	0
16	Immune cells	B	B	RP11-693J15.5	0.35	68.7	0
16	Immune cells	B	B	RP5-887A10.1	0.35	69.7	0
16	Immune cells	B	B	IGHD	0.32	67.0	0
16	Immune cells	B	B	IGLV1-47	0.32	65.2	0
16	Immune cells	B	B	IGHE	0.28	67.2	0
16	Immune cells	B	B	IGKV1-12	0.28	66.4	0
16	Immune cells	B	B	PNOC	0.28	72.0	0
16	Immune cells	B	B	DNAAF1	0.26	50.7	9.09e-280
16	Immune cells	B	B	MZB1	1.82	82.9	3.3e-261
16	Immune cells	B	B	IGHG2	2.66	72.8	7.22e-257
16	Immune cells	B	B	STC1	-0.41	54.2	2.93e-244
16	Immune cells	B	B	PLD4	0.26	67.6	1.86e-240
16	Immune cells	B	B	IGHG1	6.92	83.1	1.37e-227
16	Immune cells	B	B	BHLHE41	0.43	76.5	7.87e-219
16	Immune cells	B	B	IGLC3	4.23	75.7	4.21e-216
16	Immune cells	B	B	IGHM	3.87	78.4	3.57e-204
16	Immune cells	B	B	IGHG3	5.74	77.5	1.06e-193
16	Immune cells	B	B	RASSF6	0.3	66.6	1.41e-175
16	Immune cells	B	B	DERL3	0.91	78.8	7.5e-172
16	Immune cells	B	B	KLK1	0.27	67.2	2.43e-171
16	Immune cells	B	B	CD1C	0.28	68.2	2e-170
16	Immune cells	B	B	IGKC	5.18	87.6	1.87e-169
16	Immune cells	B	B	WDFY4	0.31	68.2	2.65e-159
16	Immune cells	B	B	IGHG4	6.62	76.9	1.01e-151
16	Immune cells	B	B	IGLC2	4.92	80.4	2.38e-141
16	Immune cells	B	B	APOC1	-2.28	80.4	1.02e-135
16	Immune cells	B	B	SPIB	0.54	71.3	1.86e-123
16	Immune cells	B	B	JCHAIN	3.02	81.9	4.02e-123
16	Immune cells	B	B	HOPX	0.3	69.7	3.24e-120
16	Immune cells	B	B	CD24	0.74	70.3	6.16e-118
16	Immune cells	B	B	COL1A2	-0.34	64.7	2.12e-115
16	Immune cells	B	B	APOE	-2.32	86.4	6.84e-111
16	Immune cells	B	B	IFITM3	-1.46	74.2	4.37e-105
16	Immune cells	B	B	RGS16	0.43	72.2	3.94e-97
16	Immune cells	B	B	SPP1	-2.71	82.1	7.06e-97
16	Immune cells	B	B	SEPP1	-2.16	75.1	1.28e-96
16	Immune cells	B	B	IGHA1	3.47	79.0	1.48e-96
16	Immune cells	B	B	IER3	-1.51	72.6	2.2e-91
16	Immune cells	B	B	IRF4	0.43	71.5	3.72e-89
16	Immune cells	B	B	TIMP1	-1.0	71.1	9.33e-85
16	Immune cells	B	B	GATM	-0.97	68.7	2.51e-84
16	Immune cells	B	B	FABP5	-1.89	75.7	3.31e-84
16	Immune cells	B	B	CXCL10	-0.36	67.0	4.21e-84
16	Immune cells	B	B	IGFBP7	-0.88	66.6	5.37e-83
16	Immune cells	B	B	NEAT1	-1.08	93.8	9.09e-83
16	Immune cells	B	B	PLAC8	0.38	71.1	1.53e-79
16	Immune cells	B	B	ANXA2	-0.97	76.3	2.68e-79
16	Immune cells	B	B	SPARC	-0.69	66.2	1.5e-75
16	Immune cells	B	B	HLA-DQA2	0.38	67.2	7.22e-75
16	Immune cells	B	B	PLIN2	-1.29	74.2	1.02e-74
16	Immune cells	B	B	LGMN	-1.47	69.5	2.35e-73
16	Immune cells	B	B	S100A9	-1.55	72.0	9.63e-71
16	Immune cells	B	B	LY9	0.4	70.3	2.26e-70
16	Immune cells	B	B	LTB	0.72	79.8	4.69e-68
16	Immune cells	B	B	BLVRB	-1.08	73.8	2.15e-67
16	Immune cells	B	B	TSPAN6	-0.36	5.2	4.69e-66
16	Immune cells	B	B	IGHA2	1.69	69.3	3.19e-65
16	Immune cells	B	B	APOA1	-2.0	84.5	7.32e-64
16	Immune cells	B	B	A2M	-1.03	67.8	3.43e-63
16	Immune cells	B	B	NRP1	-0.76	66.8	3.72e-63
16	Immune cells	B	B	IGLV1-40	0.44	11.8	4.33e-63
16	Immune cells	B	B	DOPEY2	0.39	66.8	4.74e-63
16	Immune cells	B	B	RGS5	-0.61	56.3	3.62e-62
16	Immune cells	B	B	PTGR1	-0.28	2.5	7.25e-62
16	Immune cells	B	B	SCD	-0.94	67.2	1.62e-61
16	Immune cells	B	B	MEF2C	0.78	81.0	2.02e-61
16	Immune cells	B	B	GPNMB	-1.54	68.0	3.55e-61
16	Immune cells	B	B	XCL2	-0.32	65.8	7.51e-60
16	Immune cells	B	B	SQSTM1	-1.1	85.6	8.62e-60
16	Immune cells	B	B	PPIC	-0.26	5.4	1.69e-58
16	Immune cells	B	B	TCF4	0.89	77.9	2.03e-58
16	Immune cells	B	B	HLA-DQB1	1.1	88.5	1.47e-57
16	Immune cells	B	B	SOD2	-1.04	76.5	2.16e-57
16	Immune cells	B	B	LGALS1	-1.04	89.7	2.57e-57
16	Immune cells	B	B	C1QA	-2.14	68.9	9.76e-57
16	Immune cells	B	B	S100A10	-0.79	78.1	2.99e-55
16	Immune cells	B	B	CES1	-0.4	14.0	5.44e-54
16	Immune cells	B	B	CD70	0.29	67.6	7.76e-53
16	Immune cells	B	B	CCR7	0.27	68.0	6.56e-52
16	Immune cells	B	B	HLA-DQA1	0.74	84.5	1.7e-51
16	Immune cells	B	B	ITGA1	-0.29	10.7	2.15e-51
16	Immune cells	B	B	PLOD2	-0.31	11.8	3.58e-49
16	Immune cells	B	B	DDT	-1.0	82.5	4.22e-49
16	Immune cells	B	B	APOA2	-2.08	99.2	1.67e-48
16	Immune cells	B	B	ATP1B1	-0.67	67.2	9.51e-48
16	Immune cells	B	B	TUBA1B	-0.88	80.2	2.87e-47
16	Immune cells	B	B	TOP2A	-0.28	66.8	5.94e-47
16	Immune cells	B	B	SERPIND1	-0.31	14.4	9.91e-47
16	Immune cells	B	B	MT2A	-1.12	70.3	4.42e-46
16	Immune cells	B	B	CD14	-1.46	68.2	1.2e-45
16	Immune cells	B	B	BASP1	0.66	78.1	2.31e-44
16	Immune cells	B	B	GAGE2A	-0.95	36.5	1.24e-43
16	Immune cells	B	B	PRDX3	-0.53	71.3	1.31e-43
16	Immune cells	B	B	DRD4	-0.31	16.7	1.22e-42
16	Immune cells	B	B	CD69	0.52	77.9	1.45e-42
16	Immune cells	B	B	TFR2	-0.27	14.4	7.18e-42
16	Immune cells	B	B	SERPINA1	-1.87	95.3	7.56e-42
16	Immune cells	B	B	TXN	-0.48	82.5	3.75e-40
16	Immune cells	B	B	CYR61	-0.27	62.7	1.4e-39
16	Immune cells	B	B	TUBB	-0.69	77.1	1.47e-39
16	Immune cells	B	B	IGLL5	0.6	12.0	5.26e-39
16	Immune cells	B	B	C11orf96	-0.28	65.4	6.93e-38
16	Immune cells	B	B	GNLY	-0.31	2.7	1.98e-37
16	Immune cells	B	B	COL4A1	-0.36	1.0	4.4e-37
16	Immune cells	B	B	C4BPB	-0.27	11.3	6.52e-37
16	Immune cells	B	B	BNIP3	-0.64	68.2	1.27e-36
16	Immune cells	B	B	LINC01272	-0.32	19.8	4.82e-36
16	Immune cells	B	B	HLA-DPB1	0.55	86.6	1.07e-35
16	Immune cells	B	B	AHSG	-1.76	78.1	3.23e-35
16	Immune cells	B	B	HLA-DRA	0.49	92.0	5.15e-35
16	Immune cells	B	B	PRDX2	-0.63	79.4	8.73e-35
16	Immune cells	B	B	BCAT1	-0.53	66.6	1.61e-34
16	Immune cells	B	B	FABP1	-1.7	80.4	2.57e-34
16	Immune cells	B	B	CD36	-0.8	64.3	8.37e-34
16	Immune cells	B	B	ETFB	-0.61	74.4	9.81e-34
16	Immune cells	B	B	CXCL2	-1.1	69.1	2.04e-33
16	Immune cells	B	B	VTN	-1.57	80.2	3.41e-33
16	Immune cells	B	B	KLRB1	-0.71	66.0	4.65e-33
16	Immune cells	B	B	CD163	-0.83	67.0	9.75e-33
16	Immune cells	B	B	STMN1	-0.86	68.7	1.64e-32
16	Immune cells	B	B	ALB	-1.96	97.9	1.67e-32
16	Immune cells	B	B	CRIP1	0.28	76.9	1.85e-32
16	Immune cells	B	B	S100A8	-0.59	2.7	5.72e-32
16	Immune cells	B	B	H1F0	-0.37	44.7	7.63e-32
16	Immune cells	B	B	TGFBI	-0.59	68.7	9.35e-32
16	Immune cells	B	B	DNPH1	-0.53	73.8	1.38e-31
16	Immune cells	B	B	CH17-212P11.5	0.36	12.8	2.12e-31
16	Immune cells	B	B	ID3	0.45	71.3	1.11e-30
16	Immune cells	B	B	LGALS3	-1.24	72.4	1.81e-30
16	Immune cells	B	B	COL4A2	-0.34	0.8	3.11e-30
16	Immune cells	B	B	TTR	-1.5	71.8	5.32e-30
16	Immune cells	B	B	HLA-DPA1	0.45	89.7	6.79e-30
16	Immune cells	B	B	ICAM1	-0.56	69.7	7.3e-30
16	Immune cells	B	B	RAB30	0.32	70.9	2.01e-29
16	Immune cells	B	B	RAN	-0.5	80.8	3.2e-29
16	Immune cells	B	B	ICOS	-0.34	57.1	1.37e-28
16	Immune cells	B	B	TNFSF9	0.26	71.1	2.1e-28
16	Immune cells	B	B	MRPL13	-0.48	69.5	3.19e-28
16	Immune cells	B	B	C1QB	-2.06	71.1	8.03e-28
16	Immune cells	B	B	TUBA1C	-0.58	68.9	8.42e-28
16	Immune cells	B	B	BIRC3	0.44	76.9	1.28e-27
16	Immune cells	B	B	TYROBP	-1.66	74.4	1.53e-27
16	Immune cells	B	B	DUSP6	-0.66	67.4	3.34e-27
16	Immune cells	B	B	COL3A1	-0.35	0.2	8.55e-27
16	Immune cells	B	B	SERPINB1	-0.4	71.3	1.45e-26
16	Immune cells	B	B	NDUFA4	-0.39	88.2	1.75e-26
16	Immune cells	B	B	HLA-DRB1	0.26	92.6	4.22e-26
16	Immune cells	B	B	SLC25A5	-0.42	78.4	1.68e-25
16	Immune cells	B	B	NTS	-1.55	79.2	2.89e-25
16	Immune cells	B	B	SNHG7	0.39	72.8	3.26e-25
16	Immune cells	B	B	FCER1G	-1.44	70.5	4.41e-25
16	Immune cells	B	B	SLIRP	-0.55	76.7	5.51e-25
16	Immune cells	B	B	IGHV3-49	0.26	12.2	6.83e-25
16	Immune cells	B	B	ACSL4	-0.52	69.5	1.34e-24
16	Immune cells	B	B	ACTG1	-0.31	89.1	1.63e-24
16	Immune cells	B	B	SCCPDH	-0.43	61.4	2.1e-24
16	Immune cells	B	B	MGST2	-0.55	67.2	2.13e-24
16	Immune cells	B	B	IGKV2-24	0.48	12.6	2.28e-24
16	Immune cells	B	B	CXCL8	-1.07	70.5	3.67e-24
16	Immune cells	B	B	ACTA2	-0.27	66.2	1.03e-23
16	Immune cells	B	B	APOB	-1.37	69.9	1.83e-23
16	Immune cells	B	B	SNRPE	-0.3	75.9	1.9e-23
16	Immune cells	B	B	PRDX5	-0.45	83.9	1.97e-23
16	Immune cells	B	B	AIF1	-1.39	72.0	2.77e-23
16	Immune cells	B	B	SDC2	-0.38	40.2	4.37e-23
16	Immune cells	B	B	ESD	-0.37	72.4	7.94e-23
16	Immune cells	B	B	DNASE1L3	-0.42	67.2	1.42e-22
16	Immune cells	B	B	THY1	-0.3	0.8	1.63e-22
16	Immune cells	B	B	TKT	-0.54	72.8	2.25e-22
16	Immune cells	B	B	TRAM1	-0.45	80.0	2.55e-22
16	Immune cells	B	B	HMOX1	-0.49	70.5	2.65e-22
16	Immune cells	B	B	COX7B	-0.35	86.2	2.7e-22
16	Immune cells	B	B	KDELR2	-0.47	79.8	1.42e-21
16	Immune cells	B	B	SEC11C	0.5	83.9	1.92e-21
16	Immune cells	B	B	AKR1C3	-1.2	73.2	2.32e-21
16	Immune cells	B	B	TMEM176A	-0.78	69.1	3.2e-21
16	Immune cells	B	B	MAFB	-0.81	67.6	3.46e-21
16	Immune cells	B	B	STAT1	-0.44	71.5	6.88e-21
16	Immune cells	B	B	RPS27L	-0.36	83.5	9.58e-21
16	Immune cells	B	B	NDUFB5	-0.31	75.3	1.12e-20
16	Immune cells	B	B	CHCHD10	-0.56	85.8	1.23e-20
16	Immune cells	B	B	IDH1	-0.41	68.5	1.3e-20
16	Immune cells	B	B	SLC40A1	-1.44	68.0	2.07e-20
16	Immune cells	B	B	LYZ	-1.43	72.0	2.43e-20
16	Immune cells	B	B	CCL5	-0.63	69.1	2.51e-20
16	Immune cells	B	B	GZMK	-0.38	12.2	2.66e-20
16	Immune cells	B	B	C1QC	-1.48	68.5	3.69e-20
16	Immune cells	B	B	TMEM141	-0.46	69.5	1e-19
16	Immune cells	B	B	AMBP	-1.5	75.5	1.83e-19
16	Immune cells	B	B	LYPLA1	-0.37	71.5	1.94e-19
16	Immune cells	B	B	TRBC2	-0.39	69.1	2.31e-19
16	Immune cells	B	B	CNIH4	-0.37	68.7	2.73e-19
16	Immune cells	B	B	IFI6	-0.5	72.2	2.89e-19
16	Immune cells	B	B	PPP1R16A	-0.33	34.4	3.44e-19
16	Immune cells	B	B	RPL39	0.26	99.2	1.6e-18
16	Immune cells	B	B	TMEM176B	-0.73	68.7	2.92e-18
16	Immune cells	B	B	SMIM14	0.63	72.8	3.61e-18
16	Immune cells	B	B	ITGAV	-0.39	66.6	3.96e-18
16	Immune cells	B	B	RNASE1	-1.74	68.7	4.38e-18
16	Immune cells	B	B	SLC38A1	0.3	73.6	4.61e-18
16	Immune cells	B	B	GSTP1	0.3	88.7	9.03e-18
16	Immune cells	B	B	AFP	-1.39	81.2	1.51e-17
16	Immune cells	B	B	GLRX5	-0.36	69.5	1.68e-17
16	Immune cells	B	B	ADAP2	-0.5	66.4	1.97e-17
16	Immune cells	B	B	NKG7	-0.57	54.8	4.21e-17
16	Immune cells	B	B	PTGDS	-0.54	48.0	4.86e-17
16	Immune cells	B	B	PAG1	-0.39	68.5	5.85e-17
16	Immune cells	B	B	VEGFA	-0.57	68.5	6.13e-17
16	Immune cells	B	B	HPGDS	-0.28	18.1	1.05e-16
16	Immune cells	B	B	MSR1	-0.82	66.4	2.05e-16
16	Immune cells	B	B	SPINK1	-1.44	83.5	3.65e-16
16	Immune cells	B	B	GPC3	-1.08	68.7	4.74e-16
16	Immune cells	B	B	ANXA4	-0.36	68.9	5.12e-16
16	Immune cells	B	B	IFI27	-0.37	67.0	9.12e-16
16	Immune cells	B	B	COL1A1	-0.35	12.6	1.16e-15
16	Immune cells	B	B	AZGP1	-0.26	66.2	1.21e-15
16	Immune cells	B	B	RDX	-0.36	71.8	1.56e-15
16	Immune cells	B	B	MPC2	-0.47	73.8	1.86e-15
16	Immune cells	B	B	EGR1	-0.46	73.6	1.96e-15
16	Immune cells	B	B	PSMB5	-0.51	71.3	2.18e-15
16	Immune cells	B	B	PRDX6	-0.38	74.4	2.41e-15
16	Immune cells	B	B	RANBP1	-0.32	74.4	2.72e-15
16	Immune cells	B	B	ATF3	-0.75	71.8	2.94e-15
16	Immune cells	B	B	SNRPD1	-0.37	72.4	3.67e-15
16	Immune cells	B	B	MTCH2	-0.36	69.5	5.6e-15
16	Immune cells	B	B	DECR1	-0.38	71.1	8.42e-15
16	Immune cells	B	B	LIMA1	-0.39	61.6	1.15e-14
16	Immune cells	B	B	GEM	-0.31	66.6	1.44e-14
16	Immune cells	B	B	FKBP11	0.43	81.2	1.54e-14
16	Immune cells	B	B	COA3	-0.36	69.9	3.14e-14
16	Immune cells	B	B	IFNG	-0.77	18.1	3.85e-14
16	Immune cells	B	B	APOM	-1.43	74.8	4.12e-14
16	Immune cells	B	B	ASGR1	-0.68	67.4	5.43e-14
16	Immune cells	B	B	LPAR6	-0.49	67.4	5.68e-14
16	Immune cells	B	B	NUPR1	-0.74	67.2	5.7e-14
16	Immune cells	B	B	SNRPF	-0.35	77.3	9.19e-14
16	Immune cells	B	B	MKI67	-0.28	66.0	1.25e-13
16	Immune cells	B	B	PEBP1	-0.32	80.4	2.07e-13
16	Immune cells	B	B	FCGR2A	-0.69	67.8	2.24e-13
16	Immune cells	B	B	ARL6IP1	-0.34	72.8	4.8e-13
16	Immune cells	B	B	KRT18	-1.01	70.3	8.59e-13
16	Immune cells	B	B	ADI1	-0.36	72.6	1.25e-12
16	Immune cells	B	B	GPR34	-0.33	67.0	1.51e-12
16	Immune cells	B	B	ADM	-0.4	47.0	1.55e-12
16	Immune cells	B	B	NPM1	-0.27	92.0	2.04e-12
16	Immune cells	B	B	NGFRAP1	-0.55	67.4	2.05e-12
16	Immune cells	B	B	PHACTR1	0.35	72.0	2.57e-12
16	Immune cells	B	B	AC092580.4	-0.32	60.2	2.78e-12
16	Immune cells	B	B	SEC61G	-0.26	88.5	2.97e-12
16	Immune cells	B	B	AKR1C1	-1.3	77.3	3.85e-12
16	Immune cells	B	B	NDUFB9	-0.38	75.5	5.16e-12
16	Immune cells	B	B	MS4A6A	-1.07	69.1	7.82e-12
16	Immune cells	B	B	HPRT1	-0.28	67.6	1.4e-11
16	Immune cells	B	B	SPOCK2	-0.37	66.4	1.92e-11
16	Immune cells	B	B	ALDH1A1	-0.56	67.2	2.94e-11
16	Immune cells	B	B	CXCL1	-0.26	66.4	5.58e-11
16	Immune cells	B	B	ID1	-0.26	66.6	6.16e-11
16	Immune cells	B	B	TCEB1	-0.36	75.9	6.27e-11
16	Immune cells	B	B	ENPP2	-0.31	67.4	7.61e-11
16	Immune cells	B	B	LSM2	-0.27	73.8	1.11e-10
16	Immune cells	B	B	CYSTM1	-0.33	69.3	1.18e-10
16	Immune cells	B	B	PON2	-0.48	67.0	1.28e-10
16	Immune cells	B	B	STEAP1	-0.26	64.7	1.35e-10
16	Immune cells	B	B	NUDCD2	-0.31	69.7	1.66e-10
16	Immune cells	B	B	FOS	-0.41	91.3	1.85e-10
16	Immune cells	B	B	MSRB2	-0.37	70.1	2.26e-10
16	Immune cells	B	B	TRNP1	-0.4	43.7	2.62e-10
16	Immune cells	B	B	RAD21	-0.27	70.7	2.63e-10
16	Immune cells	B	B	MMP19	-0.3	61.0	2.97e-10
16	Immune cells	B	B	CP	-1.21	68.5	2.99e-10
16	Immune cells	B	B	FAM46A	-0.47	68.0	3.17e-10
16	Immune cells	B	B	ITM2A	-0.51	70.3	3.41e-10
16	Immune cells	B	B	PRAP1	-0.93	69.5	4.51e-10
16	Immune cells	B	B	NUDC	-0.28	74.2	9.43e-10
16	Immune cells	B	B	COX7A2L	-0.34	77.7	1.63e-09
16	Immune cells	B	B	EREG	-0.56	63.9	1.8e-09
16	Immune cells	B	B	DEFB1	-0.29	66.8	2.17e-09
16	Immune cells	B	B	COA4	-0.29	72.6	2.42e-09
16	Immune cells	B	B	SERPING1	-0.58	64.1	2.96e-09
16	Immune cells	B	B	PGRMC1	-0.36	66.8	3.31e-09
16	Immune cells	B	B	TFPI	-1.15	70.7	3.4e-09
16	Immune cells	B	B	H2AFZ	-0.34	83.9	3.58e-09
16	Immune cells	B	B	CCL20	-1.17	67.0	3.99e-09
16	Immune cells	B	B	MDK	-0.65	68.9	4.04e-09
16	Immune cells	B	B	NREP	-0.25	52.8	5.01e-09
16	Immune cells	B	B	TF	-1.39	78.8	5.94e-09
16	Immune cells	B	B	WBP5	-0.27	67.8	6.32e-09
16	Immune cells	B	B	TOMM22	-0.31	72.4	1.07e-08
16	Immune cells	B	B	C1orf162	-0.43	69.1	1.2e-08
16	Immune cells	B	B	MMP9	-1.03	67.0	1.5e-08
16	Immune cells	B	B	PCBD1	-0.31	69.9	1.59e-08
16	Immune cells	B	B	PLXDC2	-0.26	65.6	1.8e-08
16	Immune cells	B	B	ASL	-0.29	68.2	1.85e-08
16	Immune cells	B	B	CFB	-0.58	68.2	1.89e-08
16	Immune cells	B	B	VCAN	-0.49	30.9	1.91e-08
16	Immune cells	B	B	MRC1	-0.77	67.0	2.3e-08
16	Immune cells	B	B	FCGR3A	-0.9	67.4	2.32e-08
16	Immune cells	B	B	CD151	-0.43	68.7	2.52e-08
16	Immune cells	B	B	S100A6	-0.72	82.7	2.6e-08
16	Immune cells	B	B	PLA2G7	-0.6	66.4	2.73e-08
16	Immune cells	B	B	CCL3	-1.51	73.8	3.19e-08
16	Immune cells	B	B	CD9	-0.79	68.9	3.38e-08
16	Immune cells	B	B	MPST	-0.61	69.1	4.07e-08
16	Immune cells	B	B	CSTA	-0.46	67.8	4.88e-08
16	Immune cells	B	B	AKR1C4	-1.03	71.3	5.45e-08
16	Immune cells	B	B	GADD45G	-0.35	66.8	6.41e-08
16	Immune cells	B	B	CYB5A	-0.41	70.5	6.5e-08
16	Immune cells	B	B	RPL8	-0.27	99.4	8.5e-08
16	Immune cells	B	B	POLR2H	-0.27	71.5	8.86e-08
16	Immune cells	B	B	TMEM14B	-0.27	71.5	9.25e-08
16	Immune cells	B	B	MT1E	-0.28	30.1	9.55e-08
16	Immune cells	B	B	CTSG	-0.5	10.7	9.58e-08
16	Immune cells	B	B	TM4SF5	-0.97	68.2	1.14e-07
16	Immune cells	B	B	TMEM37	-0.3	63.5	1.39e-07
16	Immune cells	B	B	TMEM45A	-0.27	50.9	1.64e-07
16	Immune cells	B	B	MPC1	-0.28	72.0	2.27e-07
16	Immune cells	B	B	SDC4	-0.26	46.0	2.44e-07
16	Immune cells	B	B	TIGIT	-0.54	60.6	2.83e-07
16	Immune cells	B	B	GDF15	-0.62	67.4	3.32e-07
16	Immune cells	B	B	CD3D	-1.17	67.2	4.36e-07
16	Immune cells	B	B	GAMT	-0.26	68.2	4.47e-07
16	Immune cells	B	B	RPL22L1	-0.73	87.0	4.72e-07
16	Immune cells	B	B	ARPC1A	-0.28	69.5	5.04e-07
16	Immune cells	B	B	NDUFA4L2	-0.29	23.1	5.52e-07
16	Immune cells	B	B	GMNN	-0.29	67.4	6.13e-07
16	Immune cells	B	B	VMO1	-0.26	66.0	7.59e-07
16	Immune cells	B	B	STAB1	-0.66	68.2	7.68e-07
16	Immune cells	B	B	HIST1H1C	-0.44	73.4	7.76e-07
16	Immune cells	B	B	LAIR2	-0.35	32.8	1.27e-06
16	Immune cells	B	B	RND3	-0.35	59.2	1.31e-06
16	Immune cells	B	B	PROS1	-0.39	52.8	1.39e-06
16	Immune cells	B	B	CTLA4	-0.36	54.0	1.49e-06
16	Immune cells	B	B	AHCY	-0.3	67.2	1.51e-06
16	Immune cells	B	B	HACD3	-0.32	67.2	1.79e-06
16	Immune cells	B	B	GPX3	-0.5	68.0	1.95e-06
16	Immune cells	B	B	ACAT1	-0.25	69.3	2.42e-06
16	Immune cells	B	B	AKR1B10	-0.77	69.9	3.06e-06
16	Immune cells	B	B	YIF1A	-0.3	74.4	3.44e-06
16	Immune cells	B	B	HPGD	-0.29	67.6	3.86e-06
16	Immune cells	B	B	HPX	-0.43	65.8	4.33e-06
16	Immune cells	B	B	HBEGF	-0.37	67.2	5.27e-06
16	Immune cells	B	B	GOLIM4	-0.27	67.8	5.31e-06
16	Immune cells	B	B	EBPL	-0.31	72.4	5.36e-06
16	Immune cells	B	B	IGLV1-44	0.42	11.1	5.99e-06
16	Immune cells	B	B	RPL7	-0.28	97.7	7.77e-06
16	Immune cells	B	B	HSBP1L1	-0.3	68.0	8.47e-06
16	Immune cells	B	B	FCN1	-0.44	30.1	8.51e-06
17	Stromal cells	Fibroblasts	Fibroblasts	RGS5	3.72	96.1	0
17	Stromal cells	Fibroblasts	Fibroblasts	IGFBP7	3.53	98.6	0
17	Stromal cells	Fibroblasts	Fibroblasts	SPARC	3.25	98.4	0
17	Stromal cells	Fibroblasts	Fibroblasts	COL1A1	3.13	92.3	0
17	Stromal cells	Fibroblasts	Fibroblasts	COL1A2	3.12	98.4	0
17	Stromal cells	Fibroblasts	Fibroblasts	COL3A1	3.06	98.1	0
17	Stromal cells	Fibroblasts	Fibroblasts	THY1	2.85	93.0	0
17	Stromal cells	Fibroblasts	Fibroblasts	COL4A1	2.84	98.4	0
17	Stromal cells	Fibroblasts	Fibroblasts	COL4A2	2.74	97.2	0
17	Stromal cells	Fibroblasts	Fibroblasts	NDUFA4L2	2.48	92.3	0
17	Stromal cells	Fibroblasts	Fibroblasts	COL6A2	2.39	94.7	0
17	Stromal cells	Fibroblasts	Fibroblasts	CPE	2.37	91.9	0
17	Stromal cells	Fibroblasts	Fibroblasts	COL6A1	2.18	92.6	0
17	Stromal cells	Fibroblasts	Fibroblasts	NR2F2	2.17	95.8	0
17	Stromal cells	Fibroblasts	Fibroblasts	COL6A3	2.12	91.0	0
17	Stromal cells	Fibroblasts	Fibroblasts	RBP1	1.93	83.8	0
17	Stromal cells	Fibroblasts	Fibroblasts	PDGFRB	1.9	92.1	0
17	Stromal cells	Fibroblasts	Fibroblasts	LHFP	1.88	90.3	0
17	Stromal cells	Fibroblasts	Fibroblasts	ABCC9	1.82	89.3	0
17	Stromal cells	Fibroblasts	Fibroblasts	NOTCH3	1.75	86.1	0
17	Stromal cells	Fibroblasts	Fibroblasts	HIGD1B	1.71	82.6	0
17	Stromal cells	Fibroblasts	Fibroblasts	PLAC9	1.67	84.9	0
17	Stromal cells	Fibroblasts	Fibroblasts	KCNJ8	1.63	82.8	0
17	Stromal cells	Fibroblasts	Fibroblasts	CAV1	1.63	78.9	0
17	Stromal cells	Fibroblasts	Fibroblasts	IGFBP5	1.58	57.5	0
17	Stromal cells	Fibroblasts	Fibroblasts	ASPN	1.51	61.3	0
17	Stromal cells	Fibroblasts	Fibroblasts	CCDC102B	1.44	77.7	0
17	Stromal cells	Fibroblasts	Fibroblasts	THBS4	1.42	62.4	0
17	Stromal cells	Fibroblasts	Fibroblasts	MAP1B	1.34	75.2	0
17	Stromal cells	Fibroblasts	Fibroblasts	CYGB	1.32	77.7	0
17	Stromal cells	Fibroblasts	Fibroblasts	EDNRA	1.31	77.5	0
17	Stromal cells	Fibroblasts	Fibroblasts	COX4I2	1.29	70.5	0
17	Stromal cells	Fibroblasts	Fibroblasts	GUCY1A2	1.21	78.9	0
17	Stromal cells	Fibroblasts	Fibroblasts	DLC1	1.2	80.5	0
17	Stromal cells	Fibroblasts	Fibroblasts	GNG11	1.19	80.0	0
17	Stromal cells	Fibroblasts	Fibroblasts	FRZB	1.18	67.3	0
17	Stromal cells	Fibroblasts	Fibroblasts	FAM162B	1.17	75.2	0
17	Stromal cells	Fibroblasts	Fibroblasts	TBX2	1.14	75.2	0
17	Stromal cells	Fibroblasts	Fibroblasts	DCN	1.12	58.2	0
17	Stromal cells	Fibroblasts	Fibroblasts	CD248	1.1	71.7	0
17	Stromal cells	Fibroblasts	Fibroblasts	COX7A1	1.09	72.9	0
17	Stromal cells	Fibroblasts	Fibroblasts	KCNE4	1.08	64.7	0
17	Stromal cells	Fibroblasts	Fibroblasts	S1PR3	1.04	70.8	0
17	Stromal cells	Fibroblasts	Fibroblasts	TGFB1I1	1.03	71.9	0
17	Stromal cells	Fibroblasts	Fibroblasts	EBF1	1.02	69.1	0
17	Stromal cells	Fibroblasts	Fibroblasts	GJA4	1.01	64.3	0
17	Stromal cells	Fibroblasts	Fibroblasts	CARMN	0.98	59.4	0
17	Stromal cells	Fibroblasts	Fibroblasts	ADGRF5	0.97	72.2	0
17	Stromal cells	Fibroblasts	Fibroblasts	SEPT4	0.96	63.1	0
17	Stromal cells	Fibroblasts	Fibroblasts	ID4	0.91	52.0	0
17	Stromal cells	Fibroblasts	Fibroblasts	RBMS3	0.84	61.9	0
17	Stromal cells	Fibroblasts	Fibroblasts	FAM13C	0.82	59.6	0
17	Stromal cells	Fibroblasts	Fibroblasts	COL14A1	0.79	49.0	0
17	Stromal cells	Fibroblasts	Fibroblasts	ESAM	0.79	64.0	0
17	Stromal cells	Fibroblasts	Fibroblasts	GJC1	0.79	64.0	0
17	Stromal cells	Fibroblasts	Fibroblasts	FILIP1	0.76	57.3	0
17	Stromal cells	Fibroblasts	Fibroblasts	PCDH18	0.74	59.6	0
17	Stromal cells	Fibroblasts	Fibroblasts	FOXS1	0.72	55.7	0
17	Stromal cells	Fibroblasts	Fibroblasts	NEURL1B	0.67	56.1	0
17	Stromal cells	Fibroblasts	Fibroblasts	PTN	0.67	50.6	0
17	Stromal cells	Fibroblasts	Fibroblasts	CSPG4	0.64	53.1	0
17	Stromal cells	Fibroblasts	Fibroblasts	CCL21	0.63	32.3	0
17	Stromal cells	Fibroblasts	Fibroblasts	PRRX1	0.57	53.6	0
17	Stromal cells	Fibroblasts	Fibroblasts	OLFML2A	0.55	49.0	0
17	Stromal cells	Fibroblasts	Fibroblasts	PDE1A	0.52	48.7	0
17	Stromal cells	Fibroblasts	Fibroblasts	SMOC2	0.52	46.9	0
17	Stromal cells	Fibroblasts	Fibroblasts	RUNX1T1	0.51	47.6	0
17	Stromal cells	Fibroblasts	Fibroblasts	CBLN1	0.48	41.5	0
17	Stromal cells	Fibroblasts	Fibroblasts	AVPR1A	0.46	44.8	0
17	Stromal cells	Fibroblasts	Fibroblasts	EBF2	0.44	45.9	0
17	Stromal cells	Fibroblasts	Fibroblasts	PTH1R	0.41	45.7	0
17	Stromal cells	Fibroblasts	Fibroblasts	EPHA3	0.39	40.8	0
17	Stromal cells	Fibroblasts	Fibroblasts	PDE3A	0.38	46.6	0
17	Stromal cells	Fibroblasts	Fibroblasts	SLIT3	0.38	38.3	0
17	Stromal cells	Fibroblasts	Fibroblasts	MFAP4	0.33	28.3	0
17	Stromal cells	Fibroblasts	Fibroblasts	REM1	0.28	37.1	0
17	Stromal cells	Fibroblasts	Fibroblasts	CNN1	0.27	31.8	0
17	Stromal cells	Fibroblasts	Fibroblasts	SFTA1P	0.27	35.5	0
17	Stromal cells	Fibroblasts	Fibroblasts	ATP1A2	0.26	38.3	0
17	Stromal cells	Fibroblasts	Fibroblasts	NGF	0.26	35.7	0
17	Stromal cells	Fibroblasts	Fibroblasts	NID2	0.62	55.2	4.91e-301
17	Stromal cells	Fibroblasts	Fibroblasts	RASD2	0.34	42.0	2.97e-295
17	Stromal cells	Fibroblasts	Fibroblasts	CALD1	2.64	99.3	4.48e-294
17	Stromal cells	Fibroblasts	Fibroblasts	PXDN	0.85	66.4	3.34e-292
17	Stromal cells	Fibroblasts	Fibroblasts	TPPP3	1.07	67.5	9.57e-288
17	Stromal cells	Fibroblasts	Fibroblasts	DAAM2	0.53	49.7	1.64e-287
17	Stromal cells	Fibroblasts	Fibroblasts	ANGPT1	0.64	53.1	1.72e-284
17	Stromal cells	Fibroblasts	Fibroblasts	C11orf96	2.37	90.7	6.17e-283
17	Stromal cells	Fibroblasts	Fibroblasts	THBS2	0.52	37.8	3.93e-282
17	Stromal cells	Fibroblasts	Fibroblasts	EFHD1	0.38	42.9	6.71e-262
17	Stromal cells	Fibroblasts	Fibroblasts	BGN	1.98	84.0	1.24e-261
17	Stromal cells	Fibroblasts	Fibroblasts	COL18A1	2.23	92.6	1.91e-261
17	Stromal cells	Fibroblasts	Fibroblasts	TBX2-AS1	0.55	49.9	2.77e-258
17	Stromal cells	Fibroblasts	Fibroblasts	SGIP1	0.33	40.4	6.58e-251
17	Stromal cells	Fibroblasts	Fibroblasts	PLXDC1	1.24	81.0	7.72e-247
17	Stromal cells	Fibroblasts	Fibroblasts	CDH11	0.46	44.8	1.84e-246
17	Stromal cells	Fibroblasts	Fibroblasts	FSTL1	0.99	67.3	3.62e-245
17	Stromal cells	Fibroblasts	Fibroblasts	COL15A1	0.27	38.3	2.5e-237
17	Stromal cells	Fibroblasts	Fibroblasts	TCEAL7	0.55	48.5	1.96e-233
17	Stromal cells	Fibroblasts	Fibroblasts	MGP	2.02	72.2	2.57e-231
17	Stromal cells	Fibroblasts	Fibroblasts	HEY2	0.53	49.0	1.84e-226
17	Stromal cells	Fibroblasts	Fibroblasts	SYNPO2	1.01	58.9	2.92e-223
17	Stromal cells	Fibroblasts	Fibroblasts	GUCY1A3	1.23	78.0	5.8e-223
17	Stromal cells	Fibroblasts	Fibroblasts	HEYL	0.38	42.0	1.19e-220
17	Stromal cells	Fibroblasts	Fibroblasts	CDH6	0.68	51.5	2.3e-219
17	Stromal cells	Fibroblasts	Fibroblasts	MCAM	1.56	81.0	4.87e-214
17	Stromal cells	Fibroblasts	Fibroblasts	GUCY1B3	1.11	78.9	2.59e-209
17	Stromal cells	Fibroblasts	Fibroblasts	UACA	1.67	84.2	6.36e-205
17	Stromal cells	Fibroblasts	Fibroblasts	COLEC11	1.1	65.7	1.82e-202
17	Stromal cells	Fibroblasts	Fibroblasts	MFGE8	1.42	83.1	3.83e-202
17	Stromal cells	Fibroblasts	Fibroblasts	HSPB6	0.26	33.9	1.56e-200
17	Stromal cells	Fibroblasts	Fibroblasts	MYL9	1.78	77.0	2.73e-200
17	Stromal cells	Fibroblasts	Fibroblasts	FN1	1.95	93.0	6.53e-195
17	Stromal cells	Fibroblasts	Fibroblasts	EDNRB	0.7	58.7	3.32e-193
17	Stromal cells	Fibroblasts	Fibroblasts	PDLIM3	1.15	64.0	5.93e-192
17	Stromal cells	Fibroblasts	Fibroblasts	COL12A1	0.65	52.2	3.79e-189
17	Stromal cells	Fibroblasts	Fibroblasts	TPM1	2.01	89.6	4.19e-188
17	Stromal cells	Fibroblasts	Fibroblasts	GGT5	0.72	55.5	3.91e-186
17	Stromal cells	Fibroblasts	Fibroblasts	SEMA5A	0.78	62.9	5.46e-186
17	Stromal cells	Fibroblasts	Fibroblasts	COL5A1	0.82	54.1	2.68e-185
17	Stromal cells	Fibroblasts	Fibroblasts	MYLK	1.11	64.3	3.35e-182
17	Stromal cells	Fibroblasts	Fibroblasts	CAMK2N1	1.55	87.7	2.37e-181
17	Stromal cells	Fibroblasts	Fibroblasts	LOXL2	0.88	60.6	6.63e-176
17	Stromal cells	Fibroblasts	Fibroblasts	ITGA1	1.48	85.2	7.86e-175
17	Stromal cells	Fibroblasts	Fibroblasts	POSTN	1.07	33.4	4.45e-174
17	Stromal cells	Fibroblasts	Fibroblasts	CYR61	1.84	73.3	4.2e-173
17	Stromal cells	Fibroblasts	Fibroblasts	PPP1R14A	1.23	76.1	1.68e-169
17	Stromal cells	Fibroblasts	Fibroblasts	PMEPA1	1.24	79.6	2.57e-167
17	Stromal cells	Fibroblasts	Fibroblasts	CNN3	1.25	82.8	4.59e-167
17	Stromal cells	Fibroblasts	Fibroblasts	ARHGAP29	1.01	74.9	3.45e-166
17	Stromal cells	Fibroblasts	Fibroblasts	C1QTNF1	0.42	43.4	8.52e-165
17	Stromal cells	Fibroblasts	Fibroblasts	TINAGL1	1.1	61.5	2.44e-164
17	Stromal cells	Fibroblasts	Fibroblasts	RP11-394O4.5	0.74	51.0	2.68e-163
17	Stromal cells	Fibroblasts	Fibroblasts	FXYD6	0.84	68.7	6.32e-163
17	Stromal cells	Fibroblasts	Fibroblasts	MSRB3	0.53	47.3	6.54e-162
17	Stromal cells	Fibroblasts	Fibroblasts	TUSC3	0.52	53.1	5.59e-160
17	Stromal cells	Fibroblasts	Fibroblasts	ACTA2	2.72	73.3	1.94e-159
17	Stromal cells	Fibroblasts	Fibroblasts	LRRC32	0.65	52.9	2.16e-159
17	Stromal cells	Fibroblasts	Fibroblasts	ADAMTS1	0.83	52.2	5.46e-159
17	Stromal cells	Fibroblasts	Fibroblasts	LRRC17	0.41	44.8	2.73e-157
17	Stromal cells	Fibroblasts	Fibroblasts	MXRA8	0.44	37.8	1.14e-156
17	Stromal cells	Fibroblasts	Fibroblasts	MEF2C	1.3	90.5	2.68e-155
17	Stromal cells	Fibroblasts	Fibroblasts	EGFL6	0.25	32.5	6.33e-155
17	Stromal cells	Fibroblasts	Fibroblasts	ITGA7	0.51	45.0	7.45e-153
17	Stromal cells	Fibroblasts	Fibroblasts	TPM2	1.6	86.3	1.17e-152
17	Stromal cells	Fibroblasts	Fibroblasts	CAV2	0.94	66.8	2.93e-151
17	Stromal cells	Fibroblasts	Fibroblasts	FBN1	0.67	55.2	2.43e-150
17	Stromal cells	Fibroblasts	Fibroblasts	SOX4	1.2	87.9	4.49e-148
17	Stromal cells	Fibroblasts	Fibroblasts	NGFR	0.33	37.1	7.47e-147
17	Stromal cells	Fibroblasts	Fibroblasts	COL5A3	0.76	61.5	1.93e-146
17	Stromal cells	Fibroblasts	Fibroblasts	TIMP1	1.92	95.8	2.37e-145
17	Stromal cells	Fibroblasts	Fibroblasts	PRKCDBP	0.95	66.8	2.95e-145
17	Stromal cells	Fibroblasts	Fibroblasts	FILIP1L	1.29	73.3	6.54e-145
17	Stromal cells	Fibroblasts	Fibroblasts	PCOLCE	1.12	69.4	7.09e-145
17	Stromal cells	Fibroblasts	Fibroblasts	DDR2	0.6	53.1	2.25e-143
17	Stromal cells	Fibroblasts	Fibroblasts	AEBP1	0.52	46.9	3.94e-143
17	Stromal cells	Fibroblasts	Fibroblasts	SERPINH1	1.07	87.7	2.87e-142
17	Stromal cells	Fibroblasts	Fibroblasts	ENPEP	0.88	62.2	8.06e-142
17	Stromal cells	Fibroblasts	Fibroblasts	LAMC3	0.52	47.3	6.6e-141
17	Stromal cells	Fibroblasts	Fibroblasts	SNAI2	0.48	46.6	2.79e-140
17	Stromal cells	Fibroblasts	Fibroblasts	AOC3	0.4	45.0	2.91e-140
17	Stromal cells	Fibroblasts	Fibroblasts	FERMT2	0.93	73.5	3.07e-140
17	Stromal cells	Fibroblasts	Fibroblasts	ADAMTS4	0.78	49.7	4.55e-140
17	Stromal cells	Fibroblasts	Fibroblasts	MYO1B	1.09	76.1	6.07e-139
17	Stromal cells	Fibroblasts	Fibroblasts	IFITM3	1.08	98.4	3.89e-137
17	Stromal cells	Fibroblasts	Fibroblasts	COL5A2	1.02	78.2	1.65e-136
17	Stromal cells	Fibroblasts	Fibroblasts	TCF4	1.05	85.8	1.99e-134
17	Stromal cells	Fibroblasts	Fibroblasts	PRSS23	1.04	71.5	3.59e-133
17	Stromal cells	Fibroblasts	Fibroblasts	DCBLD2	0.82	61.3	3.96e-133
17	Stromal cells	Fibroblasts	Fibroblasts	RGS16	1.42	74.7	1.53e-131
17	Stromal cells	Fibroblasts	Fibroblasts	GEM	1.18	77.7	4.45e-130
17	Stromal cells	Fibroblasts	Fibroblasts	IGFBP4	1.12	77.7	9.12e-130
17	Stromal cells	Fibroblasts	Fibroblasts	LUM	0.93	41.5	3.58e-129
17	Stromal cells	Fibroblasts	Fibroblasts	CD36	1.4	84.9	5.79e-129
17	Stromal cells	Fibroblasts	Fibroblasts	ADAMTS9	0.54	48.7	1.23e-128
17	Stromal cells	Fibroblasts	Fibroblasts	TAGLN	2.32	60.3	7.04e-127
17	Stromal cells	Fibroblasts	Fibroblasts	APOD	1.05	36.7	1.4e-126
17	Stromal cells	Fibroblasts	Fibroblasts	CRIP2	1.02	71.9	4.36e-124
17	Stromal cells	Fibroblasts	Fibroblasts	HES4	1.2	80.3	1.72e-123
17	Stromal cells	Fibroblasts	Fibroblasts	LAMA4	0.89	69.6	4.39e-123
17	Stromal cells	Fibroblasts	Fibroblasts	FAT1	0.73	56.6	2.27e-121
17	Stromal cells	Fibroblasts	Fibroblasts	NID1	0.94	80.0	3.07e-119
17	Stromal cells	Fibroblasts	Fibroblasts	IFI27	1.26	71.7	6.67e-117
17	Stromal cells	Fibroblasts	Fibroblasts	TMEM47	0.53	50.6	1.67e-115
17	Stromal cells	Fibroblasts	Fibroblasts	RNF152	0.77	58.7	2.6e-115
17	Stromal cells	Fibroblasts	Fibroblasts	PGF	0.89	64.7	7.72e-114
17	Stromal cells	Fibroblasts	Fibroblasts	STEAP4	0.65	49.9	2.72e-112
17	Stromal cells	Fibroblasts	Fibroblasts	TWIST1	0.31	37.4	1.82e-107
17	Stromal cells	Fibroblasts	Fibroblasts	PTRF	0.78	56.4	9.18e-107
17	Stromal cells	Fibroblasts	Fibroblasts	CTGF	1.69	59.6	4.76e-105
17	Stromal cells	Fibroblasts	Fibroblasts	FJX1	0.74	55.0	1.17e-104
17	Stromal cells	Fibroblasts	Fibroblasts	LGALS1	0.86	98.4	5.37e-104
17	Stromal cells	Fibroblasts	Fibroblasts	ITIH5	0.34	36.9	6.06e-104
17	Stromal cells	Fibroblasts	Fibroblasts	ID3	1.33	75.4	1.78e-100
17	Stromal cells	Fibroblasts	Fibroblasts	PLAT	0.7	59.2	2.65e-100
17	Stromal cells	Fibroblasts	Fibroblasts	F2R	0.79	66.6	3.25e-100
17	Stromal cells	Fibroblasts	Fibroblasts	JAG1	0.87	61.5	3.76e-99
17	Stromal cells	Fibroblasts	Fibroblasts	WBP5	0.86	76.6	6.35e-99
17	Stromal cells	Fibroblasts	Fibroblasts	AKAP12	0.5	47.1	1.62e-93
17	Stromal cells	Fibroblasts	Fibroblasts	ALDH1A3	0.26	32.3	4.86e-93
17	Stromal cells	Fibroblasts	Fibroblasts	ANO1	0.38	44.1	7.49e-93
17	Stromal cells	Fibroblasts	Fibroblasts	SPRY1	0.99	68.7	7.88e-92
17	Stromal cells	Fibroblasts	Fibroblasts	CALCRL	0.38	45.2	9.18e-92
17	Stromal cells	Fibroblasts	Fibroblasts	A2M	0.82	91.6	1.12e-91
17	Stromal cells	Fibroblasts	Fibroblasts	NFIB	0.54	54.1	7.14e-91
17	Stromal cells	Fibroblasts	Fibroblasts	TDO2	0.93	71.2	7.25e-91
17	Stromal cells	Fibroblasts	Fibroblasts	REN	1.35	26.9	1.85e-90
17	Stromal cells	Fibroblasts	Fibroblasts	CRISPLD2	0.64	51.3	2.74e-90
17	Stromal cells	Fibroblasts	Fibroblasts	FMO3	0.39	40.6	3.08e-88
17	Stromal cells	Fibroblasts	Fibroblasts	VCL	0.87	68.4	9.66e-88
17	Stromal cells	Fibroblasts	Fibroblasts	KLHL23	0.73	63.8	1.8e-87
17	Stromal cells	Fibroblasts	Fibroblasts	NES	0.55	55.2	1.15e-84
17	Stromal cells	Fibroblasts	Fibroblasts	SPTBN1	0.84	80.3	1.53e-84
17	Stromal cells	Fibroblasts	Fibroblasts	CSRP2	0.77	53.8	6.54e-84
17	Stromal cells	Fibroblasts	Fibroblasts	MARCKSL1	0.83	79.8	2.64e-83
17	Stromal cells	Fibroblasts	Fibroblasts	MXRA5	0.38	41.3	6.53e-83
17	Stromal cells	Fibroblasts	Fibroblasts	MT2A	0.8	89.3	1.38e-81
17	Stromal cells	Fibroblasts	Fibroblasts	SLC9A3R2	0.74	62.9	2.19e-81
17	Stromal cells	Fibroblasts	Fibroblasts	ANTXR1	0.47	47.3	5e-81
17	Stromal cells	Fibroblasts	Fibroblasts	NDUFA4	-0.86	60.8	3.26e-80
17	Stromal cells	Fibroblasts	Fibroblasts	ADIRF	1.03	52.4	3.6e-80
17	Stromal cells	Fibroblasts	Fibroblasts	TMEM98	0.46	51.3	8.12e-79
17	Stromal cells	Fibroblasts	Fibroblasts	SELM	0.85	79.6	1.13e-78
17	Stromal cells	Fibroblasts	Fibroblasts	CCDC80	0.65	42.5	2.78e-78
17	Stromal cells	Fibroblasts	Fibroblasts	PRELP	0.25	33.2	1.64e-77
17	Stromal cells	Fibroblasts	Fibroblasts	MRVI1	0.37	42.2	9.78e-77
17	Stromal cells	Fibroblasts	Fibroblasts	TFPI	0.49	92.3	1.23e-76
17	Stromal cells	Fibroblasts	Fibroblasts	GPX8	0.47	47.3	8.25e-76
17	Stromal cells	Fibroblasts	Fibroblasts	HES5	0.29	32.5	3.28e-74
17	Stromal cells	Fibroblasts	Fibroblasts	C8orf4	0.86	64.3	4.17e-72
17	Stromal cells	Fibroblasts	Fibroblasts	EGR1	1.05	85.6	1.41e-70
17	Stromal cells	Fibroblasts	Fibroblasts	TSC22D1	0.86	73.8	1.15e-69
17	Stromal cells	Fibroblasts	Fibroblasts	FOXC2	0.34	39.2	1.73e-69
17	Stromal cells	Fibroblasts	Fibroblasts	CCDC3	0.42	44.3	1.96e-69
17	Stromal cells	Fibroblasts	Fibroblasts	C7	0.52	31.8	8.81e-69
17	Stromal cells	Fibroblasts	Fibroblasts	LIMA1	0.72	75.6	1.84e-68
17	Stromal cells	Fibroblasts	Fibroblasts	EPB41L1	0.49	53.4	3.16e-67
17	Stromal cells	Fibroblasts	Fibroblasts	SERPINA1	-1.9	90.5	7.91e-67
17	Stromal cells	Fibroblasts	Fibroblasts	TJP1	0.54	55.7	2.69e-66
17	Stromal cells	Fibroblasts	Fibroblasts	APOC1	-1.4	69.6	8.96e-66
17	Stromal cells	Fibroblasts	Fibroblasts	PDLIM1	0.85	65.9	1.31e-65
17	Stromal cells	Fibroblasts	Fibroblasts	OLFML2B	0.84	55.5	6.56e-65
17	Stromal cells	Fibroblasts	Fibroblasts	LAMC1	0.68	62.6	3.28e-64
17	Stromal cells	Fibroblasts	Fibroblasts	EMILIN1	0.79	57.3	3.8e-64
17	Stromal cells	Fibroblasts	Fibroblasts	ASGR2	-0.35	9.0	7.17e-63
17	Stromal cells	Fibroblasts	Fibroblasts	NGFRAP1	0.7	78.4	1.48e-62
17	Stromal cells	Fibroblasts	Fibroblasts	ALB	-2.02	96.1	3.42e-62
17	Stromal cells	Fibroblasts	Fibroblasts	TNC	0.31	34.1	4.22e-62
17	Stromal cells	Fibroblasts	Fibroblasts	TPD52	-0.36	14.8	9.1e-62
17	Stromal cells	Fibroblasts	Fibroblasts	TGFB3	0.58	47.8	1.11e-61
17	Stromal cells	Fibroblasts	Fibroblasts	FBLN1	0.68	54.5	4.21e-61
17	Stromal cells	Fibroblasts	Fibroblasts	OLFML3	0.5	47.8	6.94e-61
17	Stromal cells	Fibroblasts	Fibroblasts	PTPRG	0.39	45.7	9.83e-61
17	Stromal cells	Fibroblasts	Fibroblasts	MMP11	0.58	44.5	1.27e-60
17	Stromal cells	Fibroblasts	Fibroblasts	ECM1	0.49	55.7	2.24e-60
17	Stromal cells	Fibroblasts	Fibroblasts	S100A10	-0.71	63.8	1.72e-57
17	Stromal cells	Fibroblasts	Fibroblasts	APOA2	-2.09	97.2	2.5e-57
17	Stromal cells	Fibroblasts	Fibroblasts	FHL2	0.47	48.3	7.99e-57
17	Stromal cells	Fibroblasts	Fibroblasts	SPARCL1	0.57	43.2	3.51e-56
17	Stromal cells	Fibroblasts	Fibroblasts	MAL2	-0.49	11.6	3.63e-56
17	Stromal cells	Fibroblasts	Fibroblasts	TIMP3	0.73	53.4	3.82e-56
17	Stromal cells	Fibroblasts	Fibroblasts	ORM2	-0.49	10.0	7.81e-56
17	Stromal cells	Fibroblasts	Fibroblasts	NRGN	0.44	47.6	1.32e-54
17	Stromal cells	Fibroblasts	Fibroblasts	SERPIND1	-0.3	7.9	2.22e-54
17	Stromal cells	Fibroblasts	Fibroblasts	CRYAB	0.54	40.8	1.11e-53
17	Stromal cells	Fibroblasts	Fibroblasts	CPXM1	0.27	38.1	3.03e-53
17	Stromal cells	Fibroblasts	Fibroblasts	S100A9	-1.17	50.6	8.21e-53
17	Stromal cells	Fibroblasts	Fibroblasts	IFIT2	0.61	55.5	2.1e-52
17	Stromal cells	Fibroblasts	Fibroblasts	CSTA	-0.52	33.6	3.61e-52
17	Stromal cells	Fibroblasts	Fibroblasts	HULC	-0.29	9.5	1.25e-51
17	Stromal cells	Fibroblasts	Fibroblasts	FAM213A	0.68	70.1	5.8e-51
17	Stromal cells	Fibroblasts	Fibroblasts	MAP3K7CL	0.65	47.6	2.11e-50
17	Stromal cells	Fibroblasts	Fibroblasts	ACTG2	0.42	31.6	3.19e-50
17	Stromal cells	Fibroblasts	Fibroblasts	RCN3	0.52	54.5	3.2e-50
17	Stromal cells	Fibroblasts	Fibroblasts	PELO	0.65	62.2	1.06e-49
17	Stromal cells	Fibroblasts	Fibroblasts	MTTP	-0.26	3.7	2.57e-49
17	Stromal cells	Fibroblasts	Fibroblasts	SDC2	0.69	68.2	8.01e-49
17	Stromal cells	Fibroblasts	Fibroblasts	HMGA1	-0.5	34.1	1.01e-48
17	Stromal cells	Fibroblasts	Fibroblasts	HGF	0.64	64.0	1.08e-47
17	Stromal cells	Fibroblasts	Fibroblasts	SERPING1	0.62	78.4	5.87e-47
17	Stromal cells	Fibroblasts	Fibroblasts	HLA-DRB1	-1.19	57.8	2.01e-46
17	Stromal cells	Fibroblasts	Fibroblasts	CDKN2B-AS1	-0.25	9.3	3.27e-46
17	Stromal cells	Fibroblasts	Fibroblasts	EDIL3	0.36	36.0	4.75e-46
17	Stromal cells	Fibroblasts	Fibroblasts	HPGD	-0.33	10.7	1.31e-45
17	Stromal cells	Fibroblasts	Fibroblasts	APOE	-1.04	82.4	2.44e-45
17	Stromal cells	Fibroblasts	Fibroblasts	SOD3	0.47	42.9	6.98e-45
17	Stromal cells	Fibroblasts	Fibroblasts	HLA-DQB1	-1.0	47.8	1.13e-44
17	Stromal cells	Fibroblasts	Fibroblasts	PHLDA1	0.56	77.3	2.54e-44
17	Stromal cells	Fibroblasts	Fibroblasts	C1orf54	0.48	73.1	1.94e-43
17	Stromal cells	Fibroblasts	Fibroblasts	FOS	0.59	95.1	8.43e-43
17	Stromal cells	Fibroblasts	Fibroblasts	FABP1	-1.71	59.4	9.58e-43
17	Stromal cells	Fibroblasts	Fibroblasts	PLSCR4	0.37	44.8	1.27e-42
17	Stromal cells	Fibroblasts	Fibroblasts	LYZ	-1.27	45.7	3.33e-42
17	Stromal cells	Fibroblasts	Fibroblasts	MEG3	0.84	61.9	1.17e-41
17	Stromal cells	Fibroblasts	Fibroblasts	PAWR	0.58	61.5	2.46e-41
17	Stromal cells	Fibroblasts	Fibroblasts	ANGPT2	0.61	52.7	9.24e-41
17	Stromal cells	Fibroblasts	Fibroblasts	GCHFR	-0.52	30.2	1.17e-40
17	Stromal cells	Fibroblasts	Fibroblasts	SCD	-0.59	41.3	2.15e-40
17	Stromal cells	Fibroblasts	Fibroblasts	BLVRB	-0.62	56.1	2.37e-40
17	Stromal cells	Fibroblasts	Fibroblasts	CCL19	0.91	27.1	4.3e-40
17	Stromal cells	Fibroblasts	Fibroblasts	KYNU	-0.29	32.7	2.28e-39
17	Stromal cells	Fibroblasts	Fibroblasts	PPIC	0.54	61.5	2.36e-39
17	Stromal cells	Fibroblasts	Fibroblasts	CLDN1	-0.62	29.7	4.59e-38
17	Stromal cells	Fibroblasts	Fibroblasts	DNPH1	-0.55	48.0	6.24e-38
17	Stromal cells	Fibroblasts	Fibroblasts	SERPINE2	0.55	46.2	6.99e-38
17	Stromal cells	Fibroblasts	Fibroblasts	SQSTM1	-1.02	77.5	7.44e-38
17	Stromal cells	Fibroblasts	Fibroblasts	C1R	0.73	54.5	9.61e-38
17	Stromal cells	Fibroblasts	Fibroblasts	LBP	-0.68	30.6	4.93e-37
17	Stromal cells	Fibroblasts	Fibroblasts	LAMB1	0.48	52.9	1.17e-36
17	Stromal cells	Fibroblasts	Fibroblasts	AKR1C4	-1.02	37.8	1.56e-36
17	Stromal cells	Fibroblasts	Fibroblasts	ICAM1	-0.44	40.8	3.33e-36
17	Stromal cells	Fibroblasts	Fibroblasts	GNAI1	0.4	49.0	5.89e-36
17	Stromal cells	Fibroblasts	Fibroblasts	PBX1	0.43	47.8	6.6e-36
17	Stromal cells	Fibroblasts	Fibroblasts	CD3D	-1.18	29.2	6.95e-36
17	Stromal cells	Fibroblasts	Fibroblasts	SPINK1	-1.66	61.9	1.2e-35
17	Stromal cells	Fibroblasts	Fibroblasts	MGST1	-0.88	35.7	2.91e-35
17	Stromal cells	Fibroblasts	Fibroblasts	PALLD	0.64	54.5	1.51e-34
17	Stromal cells	Fibroblasts	Fibroblasts	NEXN	0.46	39.0	1.82e-34
17	Stromal cells	Fibroblasts	Fibroblasts	APOB	-1.2	40.8	3.73e-34
17	Stromal cells	Fibroblasts	Fibroblasts	S100A6	-0.93	55.0	8.85e-34
17	Stromal cells	Fibroblasts	Fibroblasts	CP	-1.17	34.1	1.05e-33
17	Stromal cells	Fibroblasts	Fibroblasts	RBM47	-0.32	36.0	2.37e-33
17	Stromal cells	Fibroblasts	Fibroblasts	FGA	-0.57	30.4	2.38e-33
17	Stromal cells	Fibroblasts	Fibroblasts	CD27	-0.45	9.0	3.09e-33
17	Stromal cells	Fibroblasts	Fibroblasts	AKR1C1	-1.29	49.4	3.28e-33
17	Stromal cells	Fibroblasts	Fibroblasts	FGL1	-0.74	32.9	5.55e-33
17	Stromal cells	Fibroblasts	Fibroblasts	NTS	-1.28	59.2	8.81e-33
17	Stromal cells	Fibroblasts	Fibroblasts	C1orf162	-0.49	41.3	1.22e-32
17	Stromal cells	Fibroblasts	Fibroblasts	PLEK	-0.63	42.0	1.72e-32
17	Stromal cells	Fibroblasts	Fibroblasts	FGB	-0.82	34.1	2.62e-32
17	Stromal cells	Fibroblasts	Fibroblasts	TCEAL8	0.46	62.9	2.94e-32
17	Stromal cells	Fibroblasts	Fibroblasts	CFB	-0.52	33.2	2.95e-32
17	Stromal cells	Fibroblasts	Fibroblasts	GATM	-0.52	48.0	3.07e-32
17	Stromal cells	Fibroblasts	Fibroblasts	FST	-0.32	27.4	3.75e-32
17	Stromal cells	Fibroblasts	Fibroblasts	FGG	-0.76	31.1	5.61e-32
17	Stromal cells	Fibroblasts	Fibroblasts	HMOX1	-0.39	46.2	5.77e-32
17	Stromal cells	Fibroblasts	Fibroblasts	CCND1	0.64	62.4	6.51e-32
17	Stromal cells	Fibroblasts	Fibroblasts	TM4SF4	-0.44	29.2	1.07e-31
17	Stromal cells	Fibroblasts	Fibroblasts	AFP	-1.43	61.3	1.23e-31
17	Stromal cells	Fibroblasts	Fibroblasts	EPAS1	0.61	64.3	2.05e-31
17	Stromal cells	Fibroblasts	Fibroblasts	GSTP1	0.39	86.5	2.11e-31
17	Stromal cells	Fibroblasts	Fibroblasts	APOH	-1.1	40.1	2.42e-31
17	Stromal cells	Fibroblasts	Fibroblasts	GDF15	-0.49	35.3	2.58e-31
17	Stromal cells	Fibroblasts	Fibroblasts	IGFBP2	0.8	50.8	2.8e-31
17	Stromal cells	Fibroblasts	Fibroblasts	SERPINB1	-0.42	49.4	3.4e-31
17	Stromal cells	Fibroblasts	Fibroblasts	CTLA4	-0.37	8.4	3.49e-31
17	Stromal cells	Fibroblasts	Fibroblasts	LST1	-0.66	43.6	4.36e-31
17	Stromal cells	Fibroblasts	Fibroblasts	APOC3	-0.96	34.3	1.04e-30
17	Stromal cells	Fibroblasts	Fibroblasts	RBP4	-1.28	39.7	1.13e-30
17	Stromal cells	Fibroblasts	Fibroblasts	IDH1	-0.34	42.7	1.18e-30
17	Stromal cells	Fibroblasts	Fibroblasts	PLG	-0.39	29.0	1.82e-30
17	Stromal cells	Fibroblasts	Fibroblasts	AHSG	-1.65	58.7	2.18e-30
17	Stromal cells	Fibroblasts	Fibroblasts	AMBP	-1.39	48.5	2.68e-30
17	Stromal cells	Fibroblasts	Fibroblasts	LAGE3	-0.32	36.7	4.24e-30
17	Stromal cells	Fibroblasts	Fibroblasts	CHPT1	-0.27	37.1	7.7e-30
17	Stromal cells	Fibroblasts	Fibroblasts	EBP	-0.41	34.6	8.26e-30
17	Stromal cells	Fibroblasts	Fibroblasts	FGL2	-0.59	42.9	9.47e-30
17	Stromal cells	Fibroblasts	Fibroblasts	FCER1G	-0.82	49.4	1.03e-29
17	Stromal cells	Fibroblasts	Fibroblasts	GSTM3	0.43	56.1	1.41e-29
17	Stromal cells	Fibroblasts	Fibroblasts	SLC22A18	-0.37	35.0	2.94e-29
17	Stromal cells	Fibroblasts	Fibroblasts	ITIH2	-0.45	29.7	3.33e-29
17	Stromal cells	Fibroblasts	Fibroblasts	BCHE	-0.73	34.8	4.32e-29
17	Stromal cells	Fibroblasts	Fibroblasts	NPW	-0.77	35.5	4.77e-29
17	Stromal cells	Fibroblasts	Fibroblasts	SEC11C	-0.41	39.7	5.72e-29
17	Stromal cells	Fibroblasts	Fibroblasts	SLC12A2	0.53	56.1	6.69e-29
17	Stromal cells	Fibroblasts	Fibroblasts	CDC42EP5	0.31	43.2	8.58e-29
17	Stromal cells	Fibroblasts	Fibroblasts	LOXL1	0.27	35.3	8.75e-29
17	Stromal cells	Fibroblasts	Fibroblasts	ENPP2	-0.25	34.8	1.59e-28
17	Stromal cells	Fibroblasts	Fibroblasts	HLA-DRA	-1.17	58.9	1.89e-28
17	Stromal cells	Fibroblasts	Fibroblasts	SPP1	-0.82	70.8	2.37e-28
17	Stromal cells	Fibroblasts	Fibroblasts	FHL1	0.54	54.8	3.5e-28
17	Stromal cells	Fibroblasts	Fibroblasts	TM4SF5	-0.92	34.8	3.54e-28
17	Stromal cells	Fibroblasts	Fibroblasts	PKIB	-0.28	26.7	3.78e-28
17	Stromal cells	Fibroblasts	Fibroblasts	CXCL2	-0.59	43.6	4.57e-28
17	Stromal cells	Fibroblasts	Fibroblasts	LTB	-1.67	29.7	5.12e-28
17	Stromal cells	Fibroblasts	Fibroblasts	AGT	-1.12	44.5	5.51e-28
17	Stromal cells	Fibroblasts	Fibroblasts	GPNMB	-0.77	47.8	6.34e-28
17	Stromal cells	Fibroblasts	Fibroblasts	GAGE2A	-0.87	34.3	1.23e-27
17	Stromal cells	Fibroblasts	Fibroblasts	ISYNA1	0.6	60.6	1.37e-27
17	Stromal cells	Fibroblasts	Fibroblasts	HLA-DPB1	-0.98	49.7	1.88e-27
17	Stromal cells	Fibroblasts	Fibroblasts	NRP1	0.35	76.3	2.03e-27
17	Stromal cells	Fibroblasts	Fibroblasts	VTN	-1.47	60.6	2.57e-27
17	Stromal cells	Fibroblasts	Fibroblasts	HRG	-0.44	28.8	2.67e-27
17	Stromal cells	Fibroblasts	Fibroblasts	PROC	-0.43	31.8	3.49e-27
17	Stromal cells	Fibroblasts	Fibroblasts	UGT2B4	-0.45	30.6	8.58e-27
17	Stromal cells	Fibroblasts	Fibroblasts	EFEMP1	0.26	25.5	1.13e-26
17	Stromal cells	Fibroblasts	Fibroblasts	XCL1	-0.28	9.0	1.36e-26
17	Stromal cells	Fibroblasts	Fibroblasts	TSPAN8	-0.53	29.9	1.58e-26
17	Stromal cells	Fibroblasts	Fibroblasts	OAF	0.4	48.7	1.84e-26
17	Stromal cells	Fibroblasts	Fibroblasts	ASGR1	-0.58	33.9	2.73e-26
17	Stromal cells	Fibroblasts	Fibroblasts	TTR	-1.33	49.2	3.61e-26
17	Stromal cells	Fibroblasts	Fibroblasts	GPX2	-0.66	31.8	4.38e-26
17	Stromal cells	Fibroblasts	Fibroblasts	PTGIR	0.44	47.1	4.45e-26
17	Stromal cells	Fibroblasts	Fibroblasts	A1BG	-0.51	45.2	5.64e-26
17	Stromal cells	Fibroblasts	Fibroblasts	ATP1B1	-0.35	45.5	5.69e-26
17	Stromal cells	Fibroblasts	Fibroblasts	CTSK	0.27	37.4	6.61e-26
17	Stromal cells	Fibroblasts	Fibroblasts	CCL8	0.55	42.2	7.56e-26
17	Stromal cells	Fibroblasts	Fibroblasts	HIST1H1C	-0.4	39.0	9.38e-26
17	Stromal cells	Fibroblasts	Fibroblasts	HLA-DPA1	-0.98	51.7	1.01e-25
17	Stromal cells	Fibroblasts	Fibroblasts	CES1	-0.36	29.0	1.07e-25
17	Stromal cells	Fibroblasts	Fibroblasts	STARD10	-0.28	30.9	1.33e-25
17	Stromal cells	Fibroblasts	Fibroblasts	PCBD1	-0.31	43.9	1.47e-25
17	Stromal cells	Fibroblasts	Fibroblasts	TXNRD1	-0.29	39.2	1.62e-25
17	Stromal cells	Fibroblasts	Fibroblasts	CXCL8	-0.83	45.2	1.71e-25
17	Stromal cells	Fibroblasts	Fibroblasts	SMARCA1	0.43	55.9	1.89e-25
17	Stromal cells	Fibroblasts	Fibroblasts	EMP2	0.47	54.8	4.39e-25
17	Stromal cells	Fibroblasts	Fibroblasts	ACP5	-0.48	39.2	4.99e-25
17	Stromal cells	Fibroblasts	Fibroblasts	TRNP1	-0.33	30.6	6.26e-25
17	Stromal cells	Fibroblasts	Fibroblasts	CD40LG	-0.27	9.3	8.65e-25
17	Stromal cells	Fibroblasts	Fibroblasts	MGST2	-0.32	45.5	1.51e-24
17	Stromal cells	Fibroblasts	Fibroblasts	CD7	-0.73	26.9	2.14e-24
17	Stromal cells	Fibroblasts	Fibroblasts	HTRA1	0.4	37.1	2.51e-24
17	Stromal cells	Fibroblasts	Fibroblasts	PKDCC	0.35	40.8	2.66e-24
17	Stromal cells	Fibroblasts	Fibroblasts	IGF2	0.83	68.9	3.09e-24
17	Stromal cells	Fibroblasts	Fibroblasts	NUDT14	-0.25	30.9	3.16e-24
17	Stromal cells	Fibroblasts	Fibroblasts	AGR2	-0.49	27.1	4.62e-24
17	Stromal cells	Fibroblasts	Fibroblasts	SOD2	-0.5	60.3	5.15e-24
17	Stromal cells	Fibroblasts	Fibroblasts	ANG	-0.32	32.7	8.02e-24
17	Stromal cells	Fibroblasts	Fibroblasts	SPI1	-0.39	39.9	8.76e-24
17	Stromal cells	Fibroblasts	Fibroblasts	LACTB2	-0.25	34.6	1.23e-23
17	Stromal cells	Fibroblasts	Fibroblasts	SLC38A1	-0.39	30.2	1.25e-23
17	Stromal cells	Fibroblasts	Fibroblasts	ANGPTL3	-0.51	29.9	2.11e-23
17	Stromal cells	Fibroblasts	Fibroblasts	BCAT1	-0.31	42.9	2.4e-23
17	Stromal cells	Fibroblasts	Fibroblasts	S100P	-0.43	29.5	8.23e-23
17	Stromal cells	Fibroblasts	Fibroblasts	CCL20	-0.83	35.0	8.89e-23
17	Stromal cells	Fibroblasts	Fibroblasts	NTN4	0.26	33.6	2.27e-22
17	Stromal cells	Fibroblasts	Fibroblasts	CLIC4	0.45	59.6	2.52e-22
17	Stromal cells	Fibroblasts	Fibroblasts	DHCR24	-0.44	33.4	2.56e-22
17	Stromal cells	Fibroblasts	Fibroblasts	CD83	-0.64	42.2	2.59e-22
17	Stromal cells	Fibroblasts	Fibroblasts	APOA1	-1.76	73.1	2.68e-22
17	Stromal cells	Fibroblasts	Fibroblasts	ORM1	-0.64	31.6	2.69e-22
17	Stromal cells	Fibroblasts	Fibroblasts	FCGR2A	-0.41	45.0	4.07e-22
17	Stromal cells	Fibroblasts	Fibroblasts	C15orf48	-0.65	37.6	5.18e-22
17	Stromal cells	Fibroblasts	Fibroblasts	PCSK1N	-0.4	30.6	5.42e-22
17	Stromal cells	Fibroblasts	Fibroblasts	AKR1C2	-0.39	32.0	7.44e-22
17	Stromal cells	Fibroblasts	Fibroblasts	DNAJB4	0.36	73.3	7.58e-22
17	Stromal cells	Fibroblasts	Fibroblasts	BCL2A1	-0.6	37.4	7.73e-22
17	Stromal cells	Fibroblasts	Fibroblasts	RAB11FIP1	-0.53	35.3	8.9e-22
17	Stromal cells	Fibroblasts	Fibroblasts	RPS27L	0.37	89.8	8.9e-22
17	Stromal cells	Fibroblasts	Fibroblasts	XCL2	-0.34	10.0	1.52e-21
17	Stromal cells	Fibroblasts	Fibroblasts	EGFL7	0.5	53.4	1.84e-21
17	Stromal cells	Fibroblasts	Fibroblasts	APOM	-1.31	50.1	2e-21
17	Stromal cells	Fibroblasts	Fibroblasts	DMKN	-0.35	35.0	2.46e-21
17	Stromal cells	Fibroblasts	Fibroblasts	CD2	-1.19	27.6	2.6e-21
17	Stromal cells	Fibroblasts	Fibroblasts	CCL2	0.52	58.5	2.74e-21
17	Stromal cells	Fibroblasts	Fibroblasts	TF	-1.21	58.0	3.19e-21
17	Stromal cells	Fibroblasts	Fibroblasts	NREP	0.43	57.3	3.87e-21
17	Stromal cells	Fibroblasts	Fibroblasts	TNFAIP2	-0.26	36.9	4.21e-21
17	Stromal cells	Fibroblasts	Fibroblasts	PMP22	0.38	56.8	7.99e-21
17	Stromal cells	Fibroblasts	Fibroblasts	IGFBP1	-0.67	31.6	9.24e-21
17	Stromal cells	Fibroblasts	Fibroblasts	PERP	-0.28	28.8	1.4e-20
17	Stromal cells	Fibroblasts	Fibroblasts	ACSL4	-0.29	46.4	1.58e-20
17	Stromal cells	Fibroblasts	Fibroblasts	NDN	0.41	56.1	1.65e-20
17	Stromal cells	Fibroblasts	Fibroblasts	KNG1	-0.4	29.7	2.09e-20
17	Stromal cells	Fibroblasts	Fibroblasts	KRT19	-0.27	27.1	2.35e-20
17	Stromal cells	Fibroblasts	Fibroblasts	PLIN2	-0.69	65.4	3.47e-20
17	Stromal cells	Fibroblasts	Fibroblasts	HLA-DQA1	-0.86	45.0	3.47e-20
17	Stromal cells	Fibroblasts	Fibroblasts	F2	-0.65	32.3	9.17e-20
17	Stromal cells	Fibroblasts	Fibroblasts	AADAC	-0.25	26.7	9.83e-20
17	Stromal cells	Fibroblasts	Fibroblasts	ANGPTL8	-0.92	34.3	9.83e-20
17	Stromal cells	Fibroblasts	Fibroblasts	SERPINA6	-0.28	27.1	1.05e-19
17	Stromal cells	Fibroblasts	Fibroblasts	DRD4	-0.28	28.3	1.4e-19
17	Stromal cells	Fibroblasts	Fibroblasts	TYROBP	-0.97	58.2	1.53e-19
17	Stromal cells	Fibroblasts	Fibroblasts	ENAH	0.42	50.1	1.67e-19
17	Stromal cells	Fibroblasts	Fibroblasts	IFIT3	0.33	47.8	1.91e-19
17	Stromal cells	Fibroblasts	Fibroblasts	RGCC	-0.62	39.9	1.96e-19
17	Stromal cells	Fibroblasts	Fibroblasts	MSR1	-0.5	40.8	2.2e-19
17	Stromal cells	Fibroblasts	Fibroblasts	CLU	-0.57	43.6	2.49e-19
17	Stromal cells	Fibroblasts	Fibroblasts	MAFB	-0.48	47.3	2.55e-19
17	Stromal cells	Fibroblasts	Fibroblasts	MS4A6A	-0.66	44.5	3.2e-19
17	Stromal cells	Fibroblasts	Fibroblasts	MAP1A	0.34	42.5	3.46e-19
17	Stromal cells	Fibroblasts	Fibroblasts	ALG3	-0.26	39.7	3.71e-19
17	Stromal cells	Fibroblasts	Fibroblasts	HPX	-0.39	31.3	3.72e-19
17	Stromal cells	Fibroblasts	Fibroblasts	TESC	0.46	59.9	4.26e-19
17	Stromal cells	Fibroblasts	Fibroblasts	GCLM	-0.31	37.1	8e-19
17	Stromal cells	Fibroblasts	Fibroblasts	HAVCR2	-0.27	35.0	1.1e-18
17	Stromal cells	Fibroblasts	Fibroblasts	SDF2L1	-0.34	51.7	1.13e-18
17	Stromal cells	Fibroblasts	Fibroblasts	CYBB	-0.49	42.7	1.27e-18
17	Stromal cells	Fibroblasts	Fibroblasts	PLS3	0.56	54.3	1.32e-18
17	Stromal cells	Fibroblasts	Fibroblasts	CD14	-0.61	49.2	1.33e-18
17	Stromal cells	Fibroblasts	Fibroblasts	CSF1R	-0.36	40.6	2.3e-18
17	Stromal cells	Fibroblasts	Fibroblasts	GZMB	-0.26	4.9	2.46e-18
17	Stromal cells	Fibroblasts	Fibroblasts	DDT	-0.76	72.9	2.75e-18
17	Stromal cells	Fibroblasts	Fibroblasts	ODC1	-0.34	35.5	3.16e-18
17	Stromal cells	Fibroblasts	Fibroblasts	CCL4	-1.01	46.9	3.24e-18
17	Stromal cells	Fibroblasts	Fibroblasts	MS4A7	-0.59	43.6	3.33e-18
17	Stromal cells	Fibroblasts	Fibroblasts	FBP1	-0.31	32.7	4.9e-18
17	Stromal cells	Fibroblasts	Fibroblasts	HTATIP2	-0.26	42.0	5.69e-18
17	Stromal cells	Fibroblasts	Fibroblasts	WWTR1	0.32	45.0	9.41e-18
17	Stromal cells	Fibroblasts	Fibroblasts	UQCRH	0.3	91.4	1.73e-17
17	Stromal cells	Fibroblasts	Fibroblasts	CD69	-1.32	30.6	2.72e-17
17	Stromal cells	Fibroblasts	Fibroblasts	IL4I1	-0.44	36.7	3.03e-17
17	Stromal cells	Fibroblasts	Fibroblasts	CXCL3	-0.57	36.7	4.64e-17
17	Stromal cells	Fibroblasts	Fibroblasts	GGH	-0.39	35.7	5.07e-17
17	Stromal cells	Fibroblasts	Fibroblasts	CD151	0.36	70.8	5.09e-17
17	Stromal cells	Fibroblasts	Fibroblasts	GC	-0.69	34.1	6.9e-17
17	Stromal cells	Fibroblasts	Fibroblasts	AKR1C3	-1.02	49.4	7.5e-17
17	Stromal cells	Fibroblasts	Fibroblasts	ITGAX	-0.26	32.7	7.55e-17
17	Stromal cells	Fibroblasts	Fibroblasts	PRAP1	-0.7	41.3	9.99e-17
17	Stromal cells	Fibroblasts	Fibroblasts	HN1	-0.36	54.1	1.16e-16
17	Stromal cells	Fibroblasts	Fibroblasts	AIF1	-0.79	52.7	1.19e-16
17	Stromal cells	Fibroblasts	Fibroblasts	AXL	0.43	53.1	1.46e-16
17	Stromal cells	Fibroblasts	Fibroblasts	RNASE6	-0.38	40.6	1.64e-16
17	Stromal cells	Fibroblasts	Fibroblasts	TRAC	-1.04	30.6	1.73e-16
17	Stromal cells	Fibroblasts	Fibroblasts	ATF5	-0.29	43.2	1.92e-16
17	Stromal cells	Fibroblasts	Fibroblasts	IER3	-0.52	64.3	1.97e-16
17	Stromal cells	Fibroblasts	Fibroblasts	IGLC3	-1.08	9.0	2.48e-16
17	Stromal cells	Fibroblasts	Fibroblasts	HMGCS1	-0.35	37.1	3e-16
17	Stromal cells	Fibroblasts	Fibroblasts	CCL3	-0.91	50.6	3.36e-16
17	Stromal cells	Fibroblasts	Fibroblasts	MS4A4A	-0.45	40.1	3.45e-16
17	Stromal cells	Fibroblasts	Fibroblasts	SGK1	-0.65	50.3	3.56e-16
17	Stromal cells	Fibroblasts	Fibroblasts	SH3BP5	-0.26	36.9	3.59e-16
17	Stromal cells	Fibroblasts	Fibroblasts	WTIP	0.25	31.8	3.99e-16
17	Stromal cells	Fibroblasts	Fibroblasts	C1QA	-0.91	51.3	4.5e-16
17	Stromal cells	Fibroblasts	Fibroblasts	CD9	0.29	70.5	4.76e-16
17	Stromal cells	Fibroblasts	Fibroblasts	ANXA4	-0.27	45.5	5.09e-16
17	Stromal cells	Fibroblasts	Fibroblasts	C1QB	-0.89	49.4	5.79e-16
17	Stromal cells	Fibroblasts	Fibroblasts	CXCL17	-0.71	32.5	6.67e-16
17	Stromal cells	Fibroblasts	Fibroblasts	IFIT1	0.27	42.7	6.83e-16
17	Stromal cells	Fibroblasts	Fibroblasts	MMP12	-0.84	39.4	9.07e-16
17	Stromal cells	Fibroblasts	Fibroblasts	RCN1	0.3	64.7	1.05e-15
17	Stromal cells	Fibroblasts	Fibroblasts	TNFRSF4	-0.85	28.1	1.15e-15
17	Stromal cells	Fibroblasts	Fibroblasts	NDRG1	-0.26	38.3	1.32e-15
17	Stromal cells	Fibroblasts	Fibroblasts	CCL4L2	-1.09	42.0	1.4e-15
17	Stromal cells	Fibroblasts	Fibroblasts	INSIG1	-0.28	40.4	2.18e-15
17	Stromal cells	Fibroblasts	Fibroblasts	BIRC3	-0.64	34.8	2.21e-15
17	Stromal cells	Fibroblasts	Fibroblasts	PLA2G7	-0.43	36.2	2.4e-15
17	Stromal cells	Fibroblasts	Fibroblasts	ETFB	-0.4	59.4	2.71e-15
17	Stromal cells	Fibroblasts	Fibroblasts	BCAM	0.34	50.1	2.95e-15
17	Stromal cells	Fibroblasts	Fibroblasts	LGMN	-0.58	58.2	3.43e-15
17	Stromal cells	Fibroblasts	Fibroblasts	IL1R1	0.33	46.2	4.91e-15
17	Stromal cells	Fibroblasts	Fibroblasts	LRG1	-0.43	31.6	5.18e-15
17	Stromal cells	Fibroblasts	Fibroblasts	MRC1	-0.38	40.6	6.84e-15
17	Stromal cells	Fibroblasts	Fibroblasts	RNASE1	-0.75	45.0	1.42e-14
17	Stromal cells	Fibroblasts	Fibroblasts	PTP4A3	0.5	56.4	2.05e-14
17	Stromal cells	Fibroblasts	Fibroblasts	CPVL	-0.38	38.1	2.09e-14
17	Stromal cells	Fibroblasts	Fibroblasts	NR2F1	0.35	46.4	2.2e-14
17	Stromal cells	Fibroblasts	Fibroblasts	C1QC	-0.7	45.2	2.44e-14
17	Stromal cells	Fibroblasts	Fibroblasts	DUSP6	-0.28	46.9	2.81e-14
17	Stromal cells	Fibroblasts	Fibroblasts	PLK2	0.28	44.5	3.61e-14
17	Stromal cells	Fibroblasts	Fibroblasts	LEAP2	-0.27	31.6	6.2e-14
17	Stromal cells	Fibroblasts	Fibroblasts	RPL22L1	-0.85	71.7	9.69e-14
17	Stromal cells	Fibroblasts	Fibroblasts	CCL3L3	-0.63	40.8	1.01e-13
17	Stromal cells	Fibroblasts	Fibroblasts	AKR1B10	-0.68	37.4	1.36e-13
17	Stromal cells	Fibroblasts	Fibroblasts	ALOX5AP	-0.52	33.9	1.44e-13
17	Stromal cells	Fibroblasts	Fibroblasts	DUT	0.3	66.6	1.59e-13
17	Stromal cells	Fibroblasts	Fibroblasts	ITM2A	-0.59	27.6	1.68e-13
17	Stromal cells	Fibroblasts	Fibroblasts	LGALS2	-0.26	24.8	2.01e-13
17	Stromal cells	Fibroblasts	Fibroblasts	FXYD2	-0.4	35.3	2.58e-13
17	Stromal cells	Fibroblasts	Fibroblasts	ANGPTL4	0.36	41.1	2.95e-13
17	Stromal cells	Fibroblasts	Fibroblasts	FPR3	-0.37	37.6	5.16e-13
17	Stromal cells	Fibroblasts	Fibroblasts	IL1B	-0.78	42.0	6.99e-13
17	Stromal cells	Fibroblasts	Fibroblasts	CCL5	-1.26	30.2	7.19e-13
17	Stromal cells	Fibroblasts	Fibroblasts	IDI1	-0.33	46.6	1.05e-12
17	Stromal cells	Fibroblasts	Fibroblasts	MPEG1	-0.43	39.4	1.25e-12
17	Stromal cells	Fibroblasts	Fibroblasts	NQO1	-0.41	34.8	1.61e-12
17	Stromal cells	Fibroblasts	Fibroblasts	NRARP	0.38	44.3	1.68e-12
17	Stromal cells	Fibroblasts	Fibroblasts	TRBC1	-0.98	27.8	1.93e-12
17	Stromal cells	Fibroblasts	Fibroblasts	CD163	-0.38	43.6	2.2e-12
17	Stromal cells	Fibroblasts	Fibroblasts	MNDA	-0.43	36.9	2.72e-12
17	Stromal cells	Fibroblasts	Fibroblasts	FAM46A	0.28	62.6	6.93e-12
17	Stromal cells	Fibroblasts	Fibroblasts	SNHG8	-0.34	54.3	8.22e-12
17	Stromal cells	Fibroblasts	Fibroblasts	CD86	-0.27	39.7	9.54e-12
17	Stromal cells	Fibroblasts	Fibroblasts	DKK3	0.4	41.5	9.82e-12
17	Stromal cells	Fibroblasts	Fibroblasts	GLRX5	0.28	65.7	1.28e-11
17	Stromal cells	Fibroblasts	Fibroblasts	TRBC2	-0.84	27.6	1.59e-11
17	Stromal cells	Fibroblasts	Fibroblasts	CLEC7A	-0.29	36.2	1.71e-11
17	Stromal cells	Fibroblasts	Fibroblasts	DUSP1	-0.59	82.8	1.93e-11
17	Stromal cells	Fibroblasts	Fibroblasts	GPR34	-0.29	35.5	2.38e-11
17	Stromal cells	Fibroblasts	Fibroblasts	TREM2	-0.28	35.5	2.6e-11
17	Stromal cells	Fibroblasts	Fibroblasts	PDLIM7	0.49	50.6	2.85e-11
17	Stromal cells	Fibroblasts	Fibroblasts	CFHR1	-0.3	28.5	3e-11
17	Stromal cells	Fibroblasts	Fibroblasts	ASPH	-0.42	49.9	3.94e-11
17	Stromal cells	Fibroblasts	Fibroblasts	MT1E	0.49	46.4	4.02e-11
17	Stromal cells	Fibroblasts	Fibroblasts	BATF	-0.42	29.7	4.64e-11
17	Stromal cells	Fibroblasts	Fibroblasts	PLAUR	-0.34	46.6	4.94e-11
17	Stromal cells	Fibroblasts	Fibroblasts	IGHG1	-3.43	27.6	6.05e-11
17	Stromal cells	Fibroblasts	Fibroblasts	IL1RN	-0.43	37.8	6.3e-11
17	Stromal cells	Fibroblasts	Fibroblasts	CLEC10A	-0.26	25.5	8.39e-11
17	Stromal cells	Fibroblasts	Fibroblasts	ISG15	0.32	71.0	1.17e-10
17	Stromal cells	Fibroblasts	Fibroblasts	APOLD1	0.43	45.7	1.4e-10
17	Stromal cells	Fibroblasts	Fibroblasts	TRAM1	-0.28	68.2	2.29e-10
17	Stromal cells	Fibroblasts	Fibroblasts	FCGR3A	-0.41	43.6	2.54e-10
17	Stromal cells	Fibroblasts	Fibroblasts	RND3	0.41	55.7	2.56e-10
17	Stromal cells	Fibroblasts	Fibroblasts	TPSB2	-0.68	4.4	3e-10
17	Stromal cells	Fibroblasts	Fibroblasts	ITGAV	0.36	61.7	3.38e-10
17	Stromal cells	Fibroblasts	Fibroblasts	C5AR1	-0.31	39.0	3.88e-10
17	Stromal cells	Fibroblasts	Fibroblasts	TUBA4A	-0.35	28.1	7.72e-10
17	Stromal cells	Fibroblasts	Fibroblasts	HES1	0.26	60.3	7.97e-10
17	Stromal cells	Fibroblasts	Fibroblasts	PDGFA	0.36	42.7	8.75e-10
17	Stromal cells	Fibroblasts	Fibroblasts	AZGP1	-0.29	27.1	9.32e-10
17	Stromal cells	Fibroblasts	Fibroblasts	PLPP1	0.34	44.5	1.29e-09
17	Stromal cells	Fibroblasts	Fibroblasts	IL7R	-0.83	29.7	1.42e-09
17	Stromal cells	Fibroblasts	Fibroblasts	PFN2	0.27	42.5	1.52e-09
17	Stromal cells	Fibroblasts	Fibroblasts	LYPLA1	-0.26	53.4	2.33e-09
17	Stromal cells	Fibroblasts	Fibroblasts	PARD3	0.27	42.2	2.75e-09
17	Stromal cells	Fibroblasts	Fibroblasts	PLOD2	0.31	51.0	2.92e-09
17	Stromal cells	Fibroblasts	Fibroblasts	TNFRSF18	-0.74	27.4	3.18e-09
17	Stromal cells	Fibroblasts	Fibroblasts	NKG7	-0.74	26.2	5.38e-09
17	Stromal cells	Fibroblasts	Fibroblasts	FNBP1L	0.26	43.4	6.67e-09
17	Stromal cells	Fibroblasts	Fibroblasts	EEF1B2	-0.28	93.5	8.29e-09
17	Stromal cells	Fibroblasts	Fibroblasts	BNIP3	-0.26	49.4	1.02e-08
17	Stromal cells	Fibroblasts	Fibroblasts	FOLR2	-0.42	40.8	1.09e-08
17	Stromal cells	Fibroblasts	Fibroblasts	NNMT	0.47	42.2	1.3e-08
17	Stromal cells	Fibroblasts	Fibroblasts	CYB5A	-0.3	49.4	1.33e-08
17	Stromal cells	Fibroblasts	Fibroblasts	NR4A1	0.26	65.7	1.49e-08
17	Stromal cells	Fibroblasts	Fibroblasts	MSC-AS1	0.3	39.2	1.65e-08
17	Stromal cells	Fibroblasts	Fibroblasts	STAB1	-0.33	41.5	2.29e-08
17	Stromal cells	Fibroblasts	Fibroblasts	MPC2	-0.31	58.7	3.45e-08
17	Stromal cells	Fibroblasts	Fibroblasts	SPON2	0.56	49.0	3.97e-08
17	Stromal cells	Fibroblasts	Fibroblasts	KCNQ1OT1	0.3	55.7	6.45e-08
17	Stromal cells	Fibroblasts	Fibroblasts	HSPA2	0.36	42.7	6.53e-08
17	Stromal cells	Fibroblasts	Fibroblasts	PTGDS	-0.49	35.3	9.16e-08
17	Stromal cells	Fibroblasts	Fibroblasts	ZNF503	0.28	43.2	1.16e-07
17	Stromal cells	Fibroblasts	Fibroblasts	MT1G	-0.41	29.7	1.36e-07
17	Stromal cells	Fibroblasts	Fibroblasts	NEAT1	-0.39	95.8	1.4e-07
17	Stromal cells	Fibroblasts	Fibroblasts	GOLIM4	0.36	58.9	1.61e-07
17	Stromal cells	Fibroblasts	Fibroblasts	TCEB1	-0.29	67.1	1.92e-07
17	Stromal cells	Fibroblasts	Fibroblasts	SLC40A1	-0.66	51.3	2.02e-07
17	Stromal cells	Fibroblasts	Fibroblasts	GZMA	-0.78	26.2	2.05e-07
17	Stromal cells	Fibroblasts	Fibroblasts	IFI30	-0.26	32.7	3.42e-07
17	Stromal cells	Fibroblasts	Fibroblasts	TIGIT	-0.55	26.9	6.52e-07
17	Stromal cells	Fibroblasts	Fibroblasts	IGHG4	-2.98	29.2	7.44e-07
17	Stromal cells	Fibroblasts	Fibroblasts	IFNG	-0.82	26.0	7.52e-07
17	Stromal cells	Fibroblasts	Fibroblasts	DEFB1	-0.28	29.0	8.06e-07
17	Stromal cells	Fibroblasts	Fibroblasts	ICOS	-0.38	26.7	1.08e-06
17	Stromal cells	Fibroblasts	Fibroblasts	MMP9	-0.44	40.8	1.33e-06
17	Stromal cells	Fibroblasts	Fibroblasts	ID1	0.46	50.3	1.36e-06
17	Stromal cells	Fibroblasts	Fibroblasts	SEPP1	-0.73	79.4	1.41e-06
17	Stromal cells	Fibroblasts	Fibroblasts	FCN1	-0.35	29.0	1.95e-06
17	Stromal cells	Fibroblasts	Fibroblasts	AC092580.4	-0.29	25.5	2.02e-06
17	Stromal cells	Fibroblasts	Fibroblasts	TNF	-0.41	33.2	2.13e-06
17	Stromal cells	Fibroblasts	Fibroblasts	MPST	-0.31	47.3	2.65e-06
17	Stromal cells	Fibroblasts	Fibroblasts	MYH11	0.33	31.8	4.47e-06
17	Stromal cells	Fibroblasts	Fibroblasts	C10orf10	0.36	41.8	4.56e-06
17	Stromal cells	Fibroblasts	Fibroblasts	LY96	-0.27	52.4	5.27e-06
17	Stromal cells	Fibroblasts	Fibroblasts	NCKAP1	0.28	46.6	5.27e-06
17	Stromal cells	Fibroblasts	Fibroblasts	SPOCK2	-0.45	27.8	5.68e-06
17	Stromal cells	Fibroblasts	Fibroblasts	KLRB1	-0.84	28.3	8.35e-06
18	Immune cells	Tprolif	Tprolif	HMGB2	2.04	94.0	1.17e-130
18	Immune cells	Tprolif	Tprolif	STMN1	1.95	93.6	8.01e-120
18	Immune cells	Tprolif	Tprolif	H2AFZ	1.14	97.2	1.98e-91
18	Immune cells	Tprolif	Tprolif	TUBA1B	1.36	94.7	4.27e-83
18	Immune cells	Tprolif	Tprolif	KIAA0101	1.47	72.6	2.13e-73
18	Immune cells	Tprolif	Tprolif	A2M	-1.02	17.4	7.12e-73
18	Immune cells	Tprolif	Tprolif	MKI67	1.47	67.3	5.86e-67
18	Immune cells	Tprolif	Tprolif	NUSAP1	1.48	73.0	9.69e-67
18	Immune cells	Tprolif	Tprolif	TOP2A	1.52	70.8	1.62e-65
18	Immune cells	Tprolif	Tprolif	GATM	-0.87	18.9	5.16e-65
18	Immune cells	Tprolif	Tprolif	CRIP1	1.03	80.8	2.2e-64
18	Immune cells	Tprolif	Tprolif	DUT	1.45	78.3	3.97e-62
18	Immune cells	Tprolif	Tprolif	TUBB	1.06	90.4	3.97e-62
18	Immune cells	Tprolif	Tprolif	APOE	-2.15	60.9	1.13e-60
18	Immune cells	Tprolif	Tprolif	APOC1	-2.04	55.5	1.13e-60
18	Immune cells	Tprolif	Tprolif	LGMN	-1.32	22.4	1.6e-58
18	Immune cells	Tprolif	Tprolif	TYMS	1.21	68.3	1.78e-57
18	Immune cells	Tprolif	Tprolif	TMPO	1.06	77.6	2.38e-56
18	Immune cells	Tprolif	Tprolif	CD14	-1.36	17.8	3.19e-56
18	Immune cells	Tprolif	Tprolif	PTTG1	1.24	75.4	4.96e-56
18	Immune cells	Tprolif	Tprolif	GPNMB	-1.41	19.2	1.06e-55
18	Immune cells	Tprolif	Tprolif	NRP1	-0.6	15.7	1.13e-55
18	Immune cells	Tprolif	Tprolif	SEPP1	-1.84	41.3	4.17e-53
18	Immune cells	Tprolif	Tprolif	CEP55	0.91	57.3	9.1e-53
18	Immune cells	Tprolif	Tprolif	TYROBP	-1.71	29.2	4.78e-52
18	Immune cells	Tprolif	Tprolif	FCER1G	-1.43	24.9	9.33e-52
18	Immune cells	Tprolif	Tprolif	RRM2	1.15	58.0	4.04e-51
18	Immune cells	Tprolif	Tprolif	BLVRB	-0.91	32.7	4.04e-51
18	Immune cells	Tprolif	Tprolif	TRAC	0.81	77.2	7.44e-51
18	Immune cells	Tprolif	Tprolif	IFITM3	-1.26	41.6	1.74e-50
18	Immune cells	Tprolif	Tprolif	SCD	-0.79	21.0	4.46e-50
18	Immune cells	Tprolif	Tprolif	RAN	0.73	89.3	4.51e-50
18	Immune cells	Tprolif	Tprolif	TGFBI	-0.55	18.1	6.59e-50
18	Immune cells	Tprolif	Tprolif	UBE2C	1.34	63.7	5.96e-49
18	Immune cells	Tprolif	Tprolif	LYZ	-1.28	22.8	6.62e-49
18	Immune cells	Tprolif	Tprolif	TMEM176B	-0.77	18.9	4.04e-48
18	Immune cells	Tprolif	Tprolif	HMOX1	-0.72	23.1	1.09e-47
18	Immune cells	Tprolif	Tprolif	SLC40A1	-1.41	20.3	4.6e-47
18	Immune cells	Tprolif	Tprolif	CD36	-0.76	14.6	8.84e-47
18	Immune cells	Tprolif	Tprolif	AIF1	-1.17	25.6	8.84e-47
18	Immune cells	Tprolif	Tprolif	CXCL2	-0.95	20.3	1.81e-46
18	Immune cells	Tprolif	Tprolif	FCGR2A	-0.69	14.9	1.55e-45
18	Immune cells	Tprolif	Tprolif	MAFB	-0.76	18.1	4.09e-45
18	Immune cells	Tprolif	Tprolif	C1QC	-1.38	18.9	4.26e-45
18	Immune cells	Tprolif	Tprolif	BCAT1	-0.47	17.8	6.63e-45
18	Immune cells	Tprolif	Tprolif	ICAM1	-0.48	21.4	1.13e-44
18	Immune cells	Tprolif	Tprolif	CENPF	1.38	63.7	2.9e-44
18	Immune cells	Tprolif	Tprolif	NEAT1	-1.02	81.9	4.44e-44
18	Immune cells	Tprolif	Tprolif	ENPP2	-0.37	12.8	5.4e-44
18	Immune cells	Tprolif	Tprolif	BIRC5	0.99	57.7	1.31e-43
18	Immune cells	Tprolif	Tprolif	SPP1	-2.43	53.4	1.8e-43
18	Immune cells	Tprolif	Tprolif	CD2	0.59	77.6	2.3e-43
18	Immune cells	Tprolif	Tprolif	TUBA4A	0.89	68.0	5.54e-43
18	Immune cells	Tprolif	Tprolif	MSR1	-0.75	14.9	9.05e-43
18	Immune cells	Tprolif	Tprolif	DLGAP5	0.94	51.6	1.27e-42
18	Immune cells	Tprolif	Tprolif	TMEM176A	-0.73	21.7	1.51e-42
18	Immune cells	Tprolif	Tprolif	SERPING1	-0.59	16.7	1.51e-42
18	Immune cells	Tprolif	Tprolif	FCGR3A	-0.82	15.7	5.95e-42
18	Immune cells	Tprolif	Tprolif	CSTA	-0.46	17.8	6.23e-42
18	Immune cells	Tprolif	Tprolif	ASPH	-0.68	20.6	8.62e-42
18	Immune cells	Tprolif	Tprolif	CD163	-0.72	17.4	8.8e-42
18	Immune cells	Tprolif	Tprolif	PRCP	-0.3	18.5	1.26e-41
18	Immune cells	Tprolif	Tprolif	MS4A7	-0.89	19.6	1.29e-41
18	Immune cells	Tprolif	Tprolif	RBM47	-0.33	17.4	1.31e-41
18	Immune cells	Tprolif	Tprolif	METTL7A	-0.34	14.9	4.65e-41
18	Immune cells	Tprolif	Tprolif	RPA3	0.89	76.2	5.21e-41
18	Immune cells	Tprolif	Tprolif	CSF1R	-0.56	14.2	1.28e-40
18	Immune cells	Tprolif	Tprolif	HIST1H4C	1.94	70.5	1.86e-40
18	Immune cells	Tprolif	Tprolif	C1QB	-1.85	26.7	7.46e-40
18	Immune cells	Tprolif	Tprolif	NUPR1	-0.67	17.4	3.64e-39
18	Immune cells	Tprolif	Tprolif	S100A9	-1.41	35.9	3.64e-39
18	Immune cells	Tprolif	Tprolif	ASPM	1.13	57.7	3.74e-39
18	Immune cells	Tprolif	Tprolif	C1QA	-1.75	27.8	3.96e-39
18	Immune cells	Tprolif	Tprolif	ACTG1	0.6	96.8	6.63e-39
18	Immune cells	Tprolif	Tprolif	LY96	-0.65	22.1	7.01e-39
18	Immune cells	Tprolif	Tprolif	IDH1	-0.4	22.1	1.38e-38
18	Immune cells	Tprolif	Tprolif	SMC4	1.02	69.8	1.38e-38
18	Immune cells	Tprolif	Tprolif	RANBP1	0.8	80.1	1.64e-38
18	Immune cells	Tprolif	Tprolif	HMMR	0.94	54.4	2.36e-38
18	Immune cells	Tprolif	Tprolif	SPI1	-0.46	17.4	1.17e-37
18	Immune cells	Tprolif	Tprolif	CD3D	0.67	77.2	1.29e-37
18	Immune cells	Tprolif	Tprolif	TPX2	1.02	59.8	1.32e-37
18	Immune cells	Tprolif	Tprolif	SPC25	0.55	42.0	1.95e-37
18	Immune cells	Tprolif	Tprolif	KYNU	-0.27	17.1	2.95e-37
18	Immune cells	Tprolif	Tprolif	MS4A4A	-0.69	16.4	3.3e-37
18	Immune cells	Tprolif	Tprolif	VEGFA	-0.5	23.1	3.3e-37
18	Immune cells	Tprolif	Tprolif	KCTD12	-0.54	18.5	4.03e-37
18	Immune cells	Tprolif	Tprolif	ASGR1	-0.62	16.7	4.28e-37
18	Immune cells	Tprolif	Tprolif	H1F0	-0.33	14.6	9.69e-37
18	Immune cells	Tprolif	Tprolif	C1orf54	-0.44	14.2	1.06e-36
18	Immune cells	Tprolif	Tprolif	IER3	-0.94	40.9	1.57e-36
18	Immune cells	Tprolif	Tprolif	CD9	-0.69	19.9	4.79e-36
18	Immune cells	Tprolif	Tprolif	ATF5	-0.47	20.3	7.38e-36
18	Immune cells	Tprolif	Tprolif	TIMP1	-0.76	40.2	7.38e-36
18	Immune cells	Tprolif	Tprolif	RNASE1	-1.59	20.6	9.12e-36
18	Immune cells	Tprolif	Tprolif	ITIH2	-0.49	12.5	9.97e-36
18	Immune cells	Tprolif	Tprolif	IL1B	-1.43	18.9	1.38e-35
18	Immune cells	Tprolif	Tprolif	FAM213A	-0.28	15.3	1.41e-35
18	Immune cells	Tprolif	Tprolif	TRBC2	0.78	67.3	1.68e-35
18	Immune cells	Tprolif	Tprolif	MGST2	-0.42	24.2	2e-35
18	Immune cells	Tprolif	Tprolif	FPR3	-0.46	14.2	2.02e-35
18	Immune cells	Tprolif	Tprolif	PCNA	1.13	66.2	2.02e-35
18	Immune cells	Tprolif	Tprolif	CPVL	-0.52	14.6	2.14e-35
18	Immune cells	Tprolif	Tprolif	CKS1B	0.94	68.3	2.25e-35
18	Immune cells	Tprolif	Tprolif	CALD1	-0.75	14.6	2.28e-35
18	Immune cells	Tprolif	Tprolif	CYBB	-0.8	20.3	2.78e-35
18	Immune cells	Tprolif	Tprolif	PLA2G7	-0.53	14.6	3.45e-35
18	Immune cells	Tprolif	Tprolif	HIST1H1B	0.55	38.1	4.19e-35
18	Immune cells	Tprolif	Tprolif	MRC1	-0.7	17.8	4.88e-35
18	Immune cells	Tprolif	Tprolif	ITGAV	-0.26	17.8	6.78e-35
18	Immune cells	Tprolif	Tprolif	DUSP6	-0.49	22.1	6.84e-35
18	Immune cells	Tprolif	Tprolif	FGA	-0.57	14.2	1.02e-34
18	Immune cells	Tprolif	Tprolif	TFPI	-1.05	24.9	1.04e-34
18	Immune cells	Tprolif	Tprolif	CFD	-0.42	12.5	1.27e-34
18	Immune cells	Tprolif	Tprolif	UBE2S	1.06	71.9	1.96e-34
18	Immune cells	Tprolif	Tprolif	GPX3	-0.47	16.4	2.04e-34
18	Immune cells	Tprolif	Tprolif	SMC2	0.92	62.6	2.25e-34
18	Immune cells	Tprolif	Tprolif	C5AR1	-0.58	13.9	2.85e-34
18	Immune cells	Tprolif	Tprolif	GTSE1	0.79	50.2	3.34e-34
18	Immune cells	Tprolif	Tprolif	UGDH	-0.41	16.7	3.6e-34
18	Immune cells	Tprolif	Tprolif	FGL2	-0.67	22.4	5.16e-34
18	Immune cells	Tprolif	Tprolif	ANXA4	-0.36	23.1	5.45e-34
18	Immune cells	Tprolif	Tprolif	ADAP2	-0.44	15.3	5.79e-34
18	Immune cells	Tprolif	Tprolif	FAM46A	-0.39	18.1	7.44e-34
18	Immune cells	Tprolif	Tprolif	TM4SF4	-0.46	13.5	1.53e-33
18	Immune cells	Tprolif	Tprolif	SDC2	-0.36	13.5	1.57e-33
18	Immune cells	Tprolif	Tprolif	PON2	-0.49	18.5	1.58e-33
18	Immune cells	Tprolif	Tprolif	CDCA3	0.59	39.1	1.61e-33
18	Immune cells	Tprolif	Tprolif	CKS2	0.85	77.2	2.65e-33
18	Immune cells	Tprolif	Tprolif	FOLR2	-0.75	15.7	2.81e-33
18	Immune cells	Tprolif	Tprolif	FXYD1	-0.52	14.9	3.22e-33
18	Immune cells	Tprolif	Tprolif	CDK1	0.94	60.9	3.31e-33
18	Immune cells	Tprolif	Tprolif	TM4SF5	-0.95	19.9	3.72e-33
18	Immune cells	Tprolif	Tprolif	MS4A6A	-0.79	24.2	5.51e-33
18	Immune cells	Tprolif	Tprolif	CLDN1	-0.6	16.7	6.19e-33
18	Immune cells	Tprolif	Tprolif	TNFAIP2	-0.3	15.7	7.07e-33
18	Immune cells	Tprolif	Tprolif	PROS1	-0.36	13.2	7.73e-33
18	Immune cells	Tprolif	Tprolif	C3	-0.6	16.7	1.51e-32
18	Immune cells	Tprolif	Tprolif	PLAUR	-0.57	19.6	1.77e-32
18	Immune cells	Tprolif	Tprolif	ANGPTL3	-0.5	13.5	1.85e-32
18	Immune cells	Tprolif	Tprolif	MAD2L1	0.82	60.9	2.28e-32
18	Immune cells	Tprolif	Tprolif	C15orf48	-0.89	19.6	2.35e-32
18	Immune cells	Tprolif	Tprolif	CXCL8	-1.34	26.3	2.35e-32
18	Immune cells	Tprolif	Tprolif	MPEG1	-0.51	17.1	2.52e-32
18	Immune cells	Tprolif	Tprolif	TMEM45A	-0.28	11.4	2.88e-32
18	Immune cells	Tprolif	Tprolif	SELM	-0.43	17.4	3.33e-32
18	Immune cells	Tprolif	Tprolif	UGT2B4	-0.45	14.2	3.86e-32
18	Immune cells	Tprolif	Tprolif	TSC22D1	-0.31	14.9	3.95e-32
18	Immune cells	Tprolif	Tprolif	IL4I1	-0.58	17.4	3.97e-32
18	Immune cells	Tprolif	Tprolif	KLF4	-0.34	19.9	5.49e-32
18	Immune cells	Tprolif	Tprolif	SLC22A18	-0.39	18.5	5.65e-32
18	Immune cells	Tprolif	Tprolif	IGF2	-0.66	20.3	9.79e-32
18	Immune cells	Tprolif	Tprolif	SOD2	-1.01	47.7	1.05e-31
18	Immune cells	Tprolif	Tprolif	CD86	-0.38	16.7	1.07e-31
18	Immune cells	Tprolif	Tprolif	CFB	-0.48	18.1	1.19e-31
18	Immune cells	Tprolif	Tprolif	KRT8	-0.73	18.9	1.42e-31
18	Immune cells	Tprolif	Tprolif	MAL2	-0.47	16.0	2.1e-31
18	Immune cells	Tprolif	Tprolif	AKR1C3	-1.14	28.1	3e-31
18	Immune cells	Tprolif	Tprolif	CENPM	0.9	58.4	3.34e-31
18	Immune cells	Tprolif	Tprolif	TSPAN6	-0.37	10.7	3.56e-31
18	Immune cells	Tprolif	Tprolif	GPC3	-0.93	24.2	3.97e-31
18	Immune cells	Tprolif	Tprolif	APOH	-1.12	24.6	4.63e-31
18	Immune cells	Tprolif	Tprolif	SERPINA1	-1.82	87.5	7.48e-31
18	Immune cells	Tprolif	Tprolif	ALDH1A1	-0.48	17.8	2.68e-30
18	Immune cells	Tprolif	Tprolif	DMKN	-0.43	15.7	2.7e-30
18	Immune cells	Tprolif	Tprolif	PCSK1N	-0.46	15.3	2.77e-30
18	Immune cells	Tprolif	Tprolif	FN1	-0.54	14.9	3.76e-30
18	Immune cells	Tprolif	Tprolif	MMP12	-1.66	18.1	3.83e-30
18	Immune cells	Tprolif	Tprolif	RND3	-0.26	13.9	3.9e-30
18	Immune cells	Tprolif	Tprolif	UBE2T	0.87	58.7	3.91e-30
18	Immune cells	Tprolif	Tprolif	PROC	-0.46	15.7	4.32e-30
18	Immune cells	Tprolif	Tprolif	RCN1	-0.34	19.9	4.44e-30
18	Immune cells	Tprolif	Tprolif	FGB	-0.77	20.3	4.56e-30
18	Immune cells	Tprolif	Tprolif	IL1RN	-0.76	16.0	4.66e-30
18	Immune cells	Tprolif	Tprolif	MMP9	-0.88	17.8	4.67e-30
18	Immune cells	Tprolif	Tprolif	NUDT1	0.78	67.6	5.05e-30
18	Immune cells	Tprolif	Tprolif	STAB1	-0.48	19.9	6.52e-30
18	Immune cells	Tprolif	Tprolif	SERPINF1	-0.51	16.0	6.8e-30
18	Immune cells	Tprolif	Tprolif	FGG	-0.71	17.4	7.5e-30
18	Immune cells	Tprolif	Tprolif	A1BG	-0.52	27.4	7.53e-30
18	Immune cells	Tprolif	Tprolif	CCL3L3	-0.71	18.5	7.53e-30
18	Immune cells	Tprolif	Tprolif	TPM1	-0.31	18.1	9.08e-30
18	Immune cells	Tprolif	Tprolif	TPM2	-0.43	17.8	9.39e-30
18	Immune cells	Tprolif	Tprolif	PLEK	-0.63	26.0	1.06e-29
18	Immune cells	Tprolif	Tprolif	BNIP3	-0.42	26.0	1.11e-29
18	Immune cells	Tprolif	Tprolif	EGR1	-0.69	30.2	1.6e-29
18	Immune cells	Tprolif	Tprolif	CD93	-0.42	14.2	2e-29
18	Immune cells	Tprolif	Tprolif	PLG	-0.39	15.7	2.7e-29
18	Immune cells	Tprolif	Tprolif	ASGR2	-0.32	15.7	2.94e-29
18	Immune cells	Tprolif	Tprolif	CXCL3	-0.92	17.8	3.99e-29
18	Immune cells	Tprolif	Tprolif	GDF15	-0.59	19.2	5.17e-29
18	Immune cells	Tprolif	Tprolif	KRT18	-0.95	24.6	8.98e-29
18	Immune cells	Tprolif	Tprolif	RBP4	-1.26	26.3	1.27e-28
18	Immune cells	Tprolif	Tprolif	TSPAN8	-0.49	16.0	1.44e-28
18	Immune cells	Tprolif	Tprolif	AGT	-1.25	28.1	1.52e-28
18	Immune cells	Tprolif	Tprolif	RNASE6	-0.48	21.7	1.6e-28
18	Immune cells	Tprolif	Tprolif	TREM2	-0.42	13.9	1.65e-28
18	Immune cells	Tprolif	Tprolif	GC	-0.76	19.6	2.04e-28
18	Immune cells	Tprolif	Tprolif	FGL1	-0.65	19.2	2.34e-28
18	Immune cells	Tprolif	Tprolif	PKIB	-0.31	12.8	2.53e-28
18	Immune cells	Tprolif	Tprolif	AK4	-0.27	17.1	2.56e-28
18	Immune cells	Tprolif	Tprolif	MGST1	-0.82	21.4	2.71e-28
18	Immune cells	Tprolif	Tprolif	ALB	-1.91	95.7	2.79e-28
18	Immune cells	Tprolif	Tprolif	FXYD2	-0.48	18.9	2.81e-28
18	Immune cells	Tprolif	Tprolif	NPW	-0.81	21.0	3.54e-28
18	Immune cells	Tprolif	Tprolif	S100A13	-0.35	17.4	4e-28
18	Immune cells	Tprolif	Tprolif	TNFRSF12A	-0.33	17.1	4.9e-28
18	Immune cells	Tprolif	Tprolif	APOC3	-0.96	20.3	5.34e-28
18	Immune cells	Tprolif	Tprolif	TMEM205	-0.36	25.3	5.39e-28
18	Immune cells	Tprolif	Tprolif	ITM2A	0.77	63.7	6.32e-28
18	Immune cells	Tprolif	Tprolif	NID1	-0.3	14.9	6.94e-28
18	Immune cells	Tprolif	Tprolif	SERPINA6	-0.27	8.5	7.32e-28
18	Immune cells	Tprolif	Tprolif	HES1	-0.36	16.7	8.29e-28
18	Immune cells	Tprolif	Tprolif	HN1	0.81	75.1	1.43e-27
18	Immune cells	Tprolif	Tprolif	MTTP	-0.27	7.1	1.6e-27
18	Immune cells	Tprolif	Tprolif	PLOD2	-0.29	12.1	1.64e-27
18	Immune cells	Tprolif	Tprolif	F2	-0.67	18.9	1.73e-27
18	Immune cells	Tprolif	Tprolif	KNG1	-0.4	14.9	1.73e-27
18	Immune cells	Tprolif	Tprolif	TF	-1.4	39.1	1.96e-27
18	Immune cells	Tprolif	Tprolif	BCHE	-0.69	22.8	2.78e-27
18	Immune cells	Tprolif	Tprolif	AMBP	-1.46	34.9	3.31e-27
18	Immune cells	Tprolif	Tprolif	CFH	-0.91	24.9	3.5e-27
18	Immune cells	Tprolif	Tprolif	CP	-1.05	22.4	3.58e-27
18	Immune cells	Tprolif	Tprolif	MNDA	-0.43	16.0	4.35e-27
18	Immune cells	Tprolif	Tprolif	GPR34	-0.4	13.5	5.91e-27
18	Immune cells	Tprolif	Tprolif	CCL3	-1.2	32.7	6.02e-27
18	Immune cells	Tprolif	Tprolif	ORM2	-0.47	15.3	6.1e-27
18	Immune cells	Tprolif	Tprolif	HRG	-0.43	14.6	1.01e-26
18	Immune cells	Tprolif	Tprolif	SERPINE1	-0.25	18.1	1.87e-26
18	Immune cells	Tprolif	Tprolif	VTN	-1.5	44.1	1.93e-26
18	Immune cells	Tprolif	Tprolif	CYSTM1	-0.3	26.3	1.96e-26
18	Immune cells	Tprolif	Tprolif	CES1	-0.36	14.6	2.9e-26
18	Immune cells	Tprolif	Tprolif	CFI	-0.37	15.3	2.95e-26
18	Immune cells	Tprolif	Tprolif	ANG	-0.36	18.1	3.25e-26
18	Immune cells	Tprolif	Tprolif	WDR72	-0.26	12.8	3.56e-26
18	Immune cells	Tprolif	Tprolif	HPX	-0.38	17.8	3.72e-26
18	Immune cells	Tprolif	Tprolif	MDK	-0.52	19.6	5.88e-26
18	Immune cells	Tprolif	Tprolif	NRP2	-0.32	13.9	5.93e-26
18	Immune cells	Tprolif	Tprolif	LEAP2	-0.29	16.0	6.36e-26
18	Immune cells	Tprolif	Tprolif	GPX2	-0.56	18.9	6.36e-26
18	Immune cells	Tprolif	Tprolif	APOB	-1.19	27.8	9.1e-26
18	Immune cells	Tprolif	Tprolif	SERPIND1	-0.27	14.2	1.04e-25
18	Immune cells	Tprolif	Tprolif	KDELR3	-0.26	13.2	1.19e-25
18	Immune cells	Tprolif	Tprolif	SNRPD1	0.58	75.1	1.35e-25
18	Immune cells	Tprolif	Tprolif	AKR1C2	-0.37	19.6	1.53e-25
18	Immune cells	Tprolif	Tprolif	TRNP1	-0.34	16.4	1.77e-25
18	Immune cells	Tprolif	Tprolif	LRG1	-0.38	17.8	2.01e-25
18	Immune cells	Tprolif	Tprolif	CD151	-0.27	26.0	2.22e-25
18	Immune cells	Tprolif	Tprolif	FST	-0.33	14.6	2.24e-25
18	Immune cells	Tprolif	Tprolif	CTHRC1	-0.44	19.2	2.38e-25
18	Immune cells	Tprolif	Tprolif	LGALS3	-0.91	37.4	2.61e-25
18	Immune cells	Tprolif	Tprolif	DHCR24	-0.42	21.4	3.41e-25
18	Immune cells	Tprolif	Tprolif	PHLDA2	-0.32	21.0	3.84e-25
18	Immune cells	Tprolif	Tprolif	ADM	-0.42	16.0	5.01e-25
18	Immune cells	Tprolif	Tprolif	C1orf162	-0.41	25.3	6.54e-25
18	Immune cells	Tprolif	Tprolif	RARRES2	-0.79	24.2	6.73e-25
18	Immune cells	Tprolif	Tprolif	RB1CC1	-0.37	26.7	7.13e-25
18	Immune cells	Tprolif	Tprolif	TM4SF1	-0.26	13.9	7.29e-25
18	Immune cells	Tprolif	Tprolif	MT2A	0.42	77.6	8.28e-25
18	Immune cells	Tprolif	Tprolif	AGR2	-0.41	15.7	9.92e-25
18	Immune cells	Tprolif	Tprolif	LAPTM4B	-0.62	24.6	1.11e-24
18	Immune cells	Tprolif	Tprolif	LILRB5	-0.3	13.2	1.46e-24
18	Immune cells	Tprolif	Tprolif	NQO1	-0.35	19.9	1.55e-24
18	Immune cells	Tprolif	Tprolif	ATP1B1	-0.29	32.4	1.59e-24
18	Immune cells	Tprolif	Tprolif	SPINK1	-1.57	50.9	1.96e-24
18	Immune cells	Tprolif	Tprolif	CASC5	0.75	50.2	3.08e-24
18	Immune cells	Tprolif	Tprolif	ORM1	-0.63	18.5	3.53e-24
18	Immune cells	Tprolif	Tprolif	ANGPTL8	-0.87	22.1	3.8e-24
18	Immune cells	Tprolif	Tprolif	MEG3	-0.3	14.9	4.09e-24
18	Immune cells	Tprolif	Tprolif	VCAM1	-0.27	12.8	4.69e-24
18	Immune cells	Tprolif	Tprolif	CXCL17	-0.67	18.9	4.97e-24
18	Immune cells	Tprolif	Tprolif	PPP1R16A	-0.27	16.4	6.7e-24
18	Immune cells	Tprolif	Tprolif	S100P	-0.42	17.4	6.82e-24
18	Immune cells	Tprolif	Tprolif	PRAP1	-0.78	26.0	7.1e-24
18	Immune cells	Tprolif	Tprolif	CHCHD10	-0.7	55.5	7.55e-24
18	Immune cells	Tprolif	Tprolif	VSIG4	-0.31	12.1	8.27e-24
18	Immune cells	Tprolif	Tprolif	FBP1	-0.26	16.7	8.48e-24
18	Immune cells	Tprolif	Tprolif	PRDX4	-0.41	31.7	1.03e-23
18	Immune cells	Tprolif	Tprolif	LBP	-0.56	20.3	1.06e-23
18	Immune cells	Tprolif	Tprolif	GAGE2A	-0.8	22.1	1.16e-23
18	Immune cells	Tprolif	Tprolif	ZWINT	0.79	52.0	1.63e-23
18	Immune cells	Tprolif	Tprolif	RHOB	-0.42	40.2	2.26e-23
18	Immune cells	Tprolif	Tprolif	CFHR1	-0.3	11.0	3.3e-23
18	Immune cells	Tprolif	Tprolif	MARCKSL1	-0.38	23.1	4.16e-23
18	Immune cells	Tprolif	Tprolif	AKR1C4	-0.87	27.0	4.57e-23
18	Immune cells	Tprolif	Tprolif	HK2	-0.37	16.4	4.74e-23
18	Immune cells	Tprolif	Tprolif	AZGP1	-0.28	9.3	6.56e-23
18	Immune cells	Tprolif	Tprolif	NTS	-1.5	46.3	6.67e-23
18	Immune cells	Tprolif	Tprolif	NDRG1	-0.28	23.5	7.24e-23
18	Immune cells	Tprolif	Tprolif	PTGS2	-0.56	15.7	1.21e-22
18	Immune cells	Tprolif	Tprolif	APOA2	-1.97	96.1	1.35e-22
18	Immune cells	Tprolif	Tprolif	IGF1	-0.3	11.0	1.42e-22
18	Immune cells	Tprolif	Tprolif	DRD4	-0.28	13.9	1.55e-22
18	Immune cells	Tprolif	Tprolif	F13A1	-0.44	14.9	1.56e-22
18	Immune cells	Tprolif	Tprolif	KCNQ1OT1	-0.25	19.2	1.56e-22
18	Immune cells	Tprolif	Tprolif	LINC01272	-0.36	12.8	1.79e-22
18	Immune cells	Tprolif	Tprolif	KIFC1	0.47	38.8	2.71e-22
18	Immune cells	Tprolif	Tprolif	COL18A1	-0.29	13.5	3.21e-22
18	Immune cells	Tprolif	Tprolif	KIF15	0.48	35.9	3.59e-22
18	Immune cells	Tprolif	Tprolif	MND1	0.54	40.2	4.05e-22
18	Immune cells	Tprolif	Tprolif	FABP5	-1.23	61.9	4.14e-22
18	Immune cells	Tprolif	Tprolif	LPAR6	-0.25	23.1	4.74e-22
18	Immune cells	Tprolif	Tprolif	LSM4	0.54	73.0	5.81e-22
18	Immune cells	Tprolif	Tprolif	C8orf4	-0.29	11.7	6.06e-22
18	Immune cells	Tprolif	Tprolif	IRF8	-0.25	19.2	7.27e-22
18	Immune cells	Tprolif	Tprolif	NCAPG	0.67	48.0	7.55e-22
18	Immune cells	Tprolif	Tprolif	HBEGF	-0.32	16.4	1.4e-21
18	Immune cells	Tprolif	Tprolif	CENPW	0.67	56.9	1.49e-21
18	Immune cells	Tprolif	Tprolif	MMP19	-0.32	13.2	1.6e-21
18	Immune cells	Tprolif	Tprolif	CDCA8	0.6	43.1	1.66e-21
18	Immune cells	Tprolif	Tprolif	AFP	-1.31	47.7	1.91e-21
18	Immune cells	Tprolif	Tprolif	SOX4	-0.35	24.2	2.57e-21
18	Immune cells	Tprolif	Tprolif	NGFRAP1	-0.32	25.3	3.07e-21
18	Immune cells	Tprolif	Tprolif	PDK4	-0.28	14.6	3.32e-21
18	Immune cells	Tprolif	Tprolif	MEF2C	-0.32	23.5	3.35e-21
18	Immune cells	Tprolif	Tprolif	HIST1H1D	0.87	49.8	3.47e-21
18	Immune cells	Tprolif	Tprolif	KIF20B	0.81	57.3	4.09e-21
18	Immune cells	Tprolif	Tprolif	CD209	-0.27	12.8	4.76e-21
18	Immune cells	Tprolif	Tprolif	AKR1C1	-1.25	41.3	8.06e-21
18	Immune cells	Tprolif	Tprolif	CCL2	-0.65	16.4	8.49e-21
18	Immune cells	Tprolif	Tprolif	SQSTM1	-0.86	73.0	1.02e-20
18	Immune cells	Tprolif	Tprolif	APOA1	-1.78	55.2	1.35e-20
18	Immune cells	Tprolif	Tprolif	KIF11	0.62	48.0	2.12e-20
18	Immune cells	Tprolif	Tprolif	AURKB	0.57	44.5	2.58e-20
18	Immune cells	Tprolif	Tprolif	HELLS	0.81	52.7	3e-20
18	Immune cells	Tprolif	Tprolif	CCL4L2	-0.73	26.3	4.5e-20
18	Immune cells	Tprolif	Tprolif	ACP5	-0.37	27.0	5.33e-20
18	Immune cells	Tprolif	Tprolif	AHSG	-1.51	47.0	6.79e-20
18	Immune cells	Tprolif	Tprolif	TRAM1	-0.34	46.3	6.79e-20
18	Immune cells	Tprolif	Tprolif	APOM	-1.3	37.7	7.33e-20
18	Immune cells	Tprolif	Tprolif	HLA-DQA1	-0.78	39.9	1.38e-19
18	Immune cells	Tprolif	Tprolif	CENPK	0.78	55.2	1.4e-19
18	Immune cells	Tprolif	Tprolif	AKR1B10	-0.63	22.8	1.82e-19
18	Immune cells	Tprolif	Tprolif	TK1	0.77	47.3	2.77e-19
18	Immune cells	Tprolif	Tprolif	CCL4	-0.45	32.7	3.15e-19
18	Immune cells	Tprolif	Tprolif	CENPA	0.52	40.9	3.96e-19
18	Immune cells	Tprolif	Tprolif	ATAD2	0.82	58.0	5.59e-19
18	Immune cells	Tprolif	Tprolif	TTR	-1.24	35.6	6.09e-19
18	Immune cells	Tprolif	Tprolif	DTYMK	0.71	54.4	1.1e-18
18	Immune cells	Tprolif	Tprolif	PHF19	0.68	53.4	1.39e-18
18	Immune cells	Tprolif	Tprolif	LTB	0.31	68.3	1.55e-18
18	Immune cells	Tprolif	Tprolif	C12orf75	0.67	59.4	1.62e-18
18	Immune cells	Tprolif	Tprolif	CCNB2	0.74	43.4	2.03e-18
18	Immune cells	Tprolif	Tprolif	NR4A3	-0.27	16.0	2.74e-18
18	Immune cells	Tprolif	Tprolif	CDKN3	0.88	53.0	4.61e-18
18	Immune cells	Tprolif	Tprolif	PLIN2	-0.71	50.2	5.56e-18
18	Immune cells	Tprolif	Tprolif	DEFB1	-0.28	15.3	1.24e-17
18	Immune cells	Tprolif	Tprolif	BATF	0.6	55.9	1.95e-17
18	Immune cells	Tprolif	Tprolif	SGOL1	0.44	36.3	1.96e-17
18	Immune cells	Tprolif	Tprolif	FABP4	-0.98	16.4	2.42e-17
18	Immune cells	Tprolif	Tprolif	BASP1	-0.3	24.9	2.96e-17
18	Immune cells	Tprolif	Tprolif	SKA2	0.67	58.0	3.69e-17
18	Immune cells	Tprolif	Tprolif	KIF2C	0.47	38.8	4.21e-17
18	Immune cells	Tprolif	Tprolif	SGK1	-0.67	38.8	4.39e-17
18	Immune cells	Tprolif	Tprolif	CKAP2	0.74	55.2	6.95e-17
18	Immune cells	Tprolif	Tprolif	CXCL1	-0.26	12.5	1.14e-16
18	Immune cells	Tprolif	Tprolif	CLU	-1.01	33.8	1.25e-16
18	Immune cells	Tprolif	Tprolif	SPOCK2	0.47	54.8	1.48e-16
18	Immune cells	Tprolif	Tprolif	BCL2A1	-0.45	27.0	1.52e-16
18	Immune cells	Tprolif	Tprolif	TCF4	-0.26	21.0	2.25e-16
18	Immune cells	Tprolif	Tprolif	COL4A2	-0.33	1.8	2.73e-16
18	Immune cells	Tprolif	Tprolif	KIF23	0.54	39.5	3.04e-16
18	Immune cells	Tprolif	Tprolif	IGFBP1	-0.57	21.7	3.14e-16
18	Immune cells	Tprolif	Tprolif	CD69	0.34	64.4	3.73e-16
18	Immune cells	Tprolif	Tprolif	FCGBP	-0.26	12.1	4.74e-16
18	Immune cells	Tprolif	Tprolif	DNASE1L3	-0.42	13.9	4.91e-16
18	Immune cells	Tprolif	Tprolif	TRBC1	0.57	55.5	5.09e-16
18	Immune cells	Tprolif	Tprolif	CKAP2L	0.41	30.6	5.87e-16
18	Immune cells	Tprolif	Tprolif	IGFBP3	-0.26	12.5	6.15e-16
18	Immune cells	Tprolif	Tprolif	LGALS2	-0.26	13.5	6.61e-16
18	Immune cells	Tprolif	Tprolif	PRC1	0.7	48.4	8.04e-16
18	Immune cells	Tprolif	Tprolif	EREG	-0.73	14.2	8.2e-16
18	Immune cells	Tprolif	Tprolif	HJURP	0.43	34.5	8.75e-16
18	Immune cells	Tprolif	Tprolif	CD7	0.53	59.4	1.33e-15
18	Immune cells	Tprolif	Tprolif	PTGDS	-0.68	23.1	1.68e-15
18	Immune cells	Tprolif	Tprolif	VCAN	-0.49	13.9	3.51e-15
18	Immune cells	Tprolif	Tprolif	IFI27	-0.37	14.2	3.9e-15
18	Immune cells	Tprolif	Tprolif	CD83	-0.46	37.4	6.82e-15
18	Immune cells	Tprolif	Tprolif	CLSPN	0.72	44.8	8.07e-15
18	Immune cells	Tprolif	Tprolif	EIF3E	-0.4	67.3	1.28e-14
18	Immune cells	Tprolif	Tprolif	SNRPF	0.39	76.9	1.55e-14
18	Immune cells	Tprolif	Tprolif	STRA13	0.68	59.8	3.64e-14
18	Immune cells	Tprolif	Tprolif	COL1A1	-0.37	8.5	9.49e-14
18	Immune cells	Tprolif	Tprolif	CDCA5	0.37	32.0	1.38e-13
18	Immune cells	Tprolif	Tprolif	CCNA2	0.6	42.3	2.12e-13
18	Immune cells	Tprolif	Tprolif	TACC3	0.63	48.0	2.25e-13
18	Immune cells	Tprolif	Tprolif	TNFRSF18	0.59	53.0	2.78e-13
18	Immune cells	Tprolif	Tprolif	MPST	-0.35	35.9	3.16e-13
18	Immune cells	Tprolif	Tprolif	HIST1H2AH	0.54	36.3	6.38e-13
18	Immune cells	Tprolif	Tprolif	BUB1	0.52	39.5	6.71e-13
18	Immune cells	Tprolif	Tprolif	SNRPE	0.4	75.4	6.71e-13
18	Immune cells	Tprolif	Tprolif	FCN1	-0.44	13.2	6.71e-13
18	Immune cells	Tprolif	Tprolif	IGFBP7	-0.94	13.5	8.64e-13
18	Immune cells	Tprolif	Tprolif	LST1	-0.33	40.6	1.45e-12
18	Immune cells	Tprolif	Tprolif	E2F8	0.33	27.0	1.45e-12
18	Immune cells	Tprolif	Tprolif	OCIAD2	0.44	50.2	1.72e-12
18	Immune cells	Tprolif	Tprolif	C11orf96	-0.26	12.8	2.15e-12
18	Immune cells	Tprolif	Tprolif	MT1G	-0.35	14.9	2.16e-12
18	Immune cells	Tprolif	Tprolif	KIF14	0.47	36.3	2.28e-12
18	Immune cells	Tprolif	Tprolif	NEK2	0.29	27.0	2.45e-12
18	Immune cells	Tprolif	Tprolif	HLA-DQB1	-0.62	52.0	2.5e-12
18	Immune cells	Tprolif	Tprolif	ASF1B	0.53	40.6	3.32e-12
18	Immune cells	Tprolif	Tprolif	RAD21	0.52	67.3	4.27e-12
18	Immune cells	Tprolif	Tprolif	FABP1	-1.52	53.7	4.31e-12
18	Immune cells	Tprolif	Tprolif	SLC25A5	0.37	82.2	5.4e-12
18	Immune cells	Tprolif	Tprolif	G0S2	-0.43	19.9	9.34e-12
18	Immune cells	Tprolif	Tprolif	CD27	0.45	48.8	1.77e-11
18	Immune cells	Tprolif	Tprolif	COL1A2	-0.37	7.1	4.15e-11
18	Immune cells	Tprolif	Tprolif	PKMYT1	0.36	27.8	8.41e-11
18	Immune cells	Tprolif	Tprolif	DHFR	0.66	46.3	8.64e-11
18	Immune cells	Tprolif	Tprolif	PLK1	0.43	32.4	1.37e-10
18	Immune cells	Tprolif	Tprolif	COL4A1	-0.37	10.3	1.58e-10
18	Immune cells	Tprolif	Tprolif	RGS5	-0.59	10.0	1.68e-10
18	Immune cells	Tprolif	Tprolif	KDELR2	-0.27	52.0	2.53e-10
18	Immune cells	Tprolif	Tprolif	COX5A	0.37	74.4	3.45e-10
18	Immune cells	Tprolif	Tprolif	RAD51	0.29	27.4	5.3e-10
18	Immune cells	Tprolif	Tprolif	ESCO2	0.59	36.7	5.59e-10
18	Immune cells	Tprolif	Tprolif	MXD3	0.56	37.7	6.42e-10
18	Immune cells	Tprolif	Tprolif	NUF2	0.52	38.4	6.8e-10
18	Immune cells	Tprolif	Tprolif	MYBL2	0.41	33.5	9.9e-10
18	Immune cells	Tprolif	Tprolif	MCM3	0.72	48.0	1.06e-09
18	Immune cells	Tprolif	Tprolif	NDUFA4L2	-0.27	12.8	1.12e-09
18	Immune cells	Tprolif	Tprolif	MCM7	0.65	48.0	1.13e-09
18	Immune cells	Tprolif	Tprolif	IGHA2	0.87	8.5	1.14e-09
18	Immune cells	Tprolif	Tprolif	PRDX5	-0.29	60.5	1.51e-09
18	Immune cells	Tprolif	Tprolif	HLA-DPB1	-0.71	54.1	1.77e-09
18	Immune cells	Tprolif	Tprolif	DEPDC1	0.3	27.4	1.82e-09
18	Immune cells	Tprolif	Tprolif	ERH	0.3	75.4	2.27e-09
18	Immune cells	Tprolif	Tprolif	SPARC	-0.7	13.5	2.9e-09
18	Immune cells	Tprolif	Tprolif	TUBA1C	0.61	65.5	3.2e-09
18	Immune cells	Tprolif	Tprolif	S100A8	-0.74	11.0	4.25e-09
18	Immune cells	Tprolif	Tprolif	KIF4A	0.38	30.2	4.48e-09
18	Immune cells	Tprolif	Tprolif	SGOL2	0.59	43.8	6.03e-09
18	Immune cells	Tprolif	Tprolif	CENPE	0.56	40.6	6.97e-09
18	Immune cells	Tprolif	Tprolif	TROAP	0.38	34.2	1.82e-08
18	Immune cells	Tprolif	Tprolif	CDT1	0.58	38.8	1.84e-08
18	Immune cells	Tprolif	Tprolif	HLA-DRA	-1.21	66.5	1.84e-08
18	Immune cells	Tprolif	Tprolif	PRDX2	0.3	76.9	2.96e-08
18	Immune cells	Tprolif	Tprolif	FANCI	0.54	39.9	3.48e-08
18	Immune cells	Tprolif	Tprolif	TNFRSF4	0.6	49.8	4.1e-08
18	Immune cells	Tprolif	Tprolif	HLA-DPA1	-0.67	57.3	4.18e-08
18	Immune cells	Tprolif	Tprolif	TIGIT	0.6	45.9	6.06e-08
18	Immune cells	Tprolif	Tprolif	GINS2	0.44	34.2	6.24e-08
18	Immune cells	Tprolif	Tprolif	NDC80	0.55	42.3	6.92e-08
18	Immune cells	Tprolif	Tprolif	BRCA2	0.51	42.0	7.87e-08
18	Immune cells	Tprolif	Tprolif	TMEM106C	0.61	52.7	8.07e-08
18	Immune cells	Tprolif	Tprolif	RAD51AP1	0.54	40.6	8.94e-08
18	Immune cells	Tprolif	Tprolif	PBK	0.34	31.0	1.12e-07
18	Immune cells	Tprolif	Tprolif	RAB11FIP1	0.34	57.7	1.29e-07
18	Immune cells	Tprolif	Tprolif	TXN	0.29	79.0	1.49e-07
18	Immune cells	Tprolif	Tprolif	TCF19	0.37	28.8	1.81e-07
18	Immune cells	Tprolif	Tprolif	AURKA	0.57	39.9	2.07e-07
18	Immune cells	Tprolif	Tprolif	LSM2	0.32	66.2	2.68e-07
18	Immune cells	Tprolif	Tprolif	CXCL10	-0.37	13.9	3.21e-07
18	Immune cells	Tprolif	Tprolif	LBH	0.36	45.6	4.41e-07
18	Immune cells	Tprolif	Tprolif	FEN1	0.52	40.6	5.18e-07
18	Immune cells	Tprolif	Tprolif	STC1	-0.44	1.4	8.34e-07
18	Immune cells	Tprolif	Tprolif	CDC20	0.58	36.7	8.46e-07
18	Immune cells	Tprolif	Tprolif	HIST2H2AC	0.55	42.0	9.36e-07
18	Immune cells	Tprolif	Tprolif	BRCA1	0.45	37.4	1.57e-06
18	Immune cells	Tprolif	Tprolif	RRM1	0.53	45.9	1.75e-06
18	Immune cells	Tprolif	Tprolif	FOXM1	0.42	31.7	1.86e-06
18	Immune cells	Tprolif	Tprolif	IGLC2	1.8	24.9	2.87e-06
18	Immune cells	Tprolif	Tprolif	IGHG4	-1.3	21.4	3.11e-06
18	Immune cells	Tprolif	Tprolif	GZMA	0.9	41.3	3.57e-06
18	Immune cells	Tprolif	Tprolif	THY1	-0.28	7.1	3.72e-06
18	Immune cells	Tprolif	Tprolif	IGHM	0.56	18.5	3.77e-06
18	Immune cells	Tprolif	Tprolif	FAM111B	0.53	32.7	4.63e-06
18	Immune cells	Tprolif	Tprolif	LGALS1	-0.38	80.4	4.78e-06
18	Immune cells	Tprolif	Tprolif	IGHA1	1.55	21.4	5.87e-06
19	Stromal cells	Endothelial	Endothelial	STC1	4.06	96.6	0
19	Stromal cells	Endothelial	Endothelial	CLDN5	2.61	89.2	0
19	Stromal cells	Endothelial	Endothelial	VWF	2.56	90.1	0
19	Stromal cells	Endothelial	Endothelial	ADAMTS5	2.37	90.6	0
19	Stromal cells	Endothelial	Endothelial	ADGRL4	2.19	92.1	0
19	Stromal cells	Endothelial	Endothelial	PLVAP	2.18	93.1	0
19	Stromal cells	Endothelial	Endothelial	GJA1	2.15	96.1	0
19	Stromal cells	Endothelial	Endothelial	CLEC14A	1.91	90.1	0
19	Stromal cells	Endothelial	Endothelial	IGFBP5	1.79	80.3	0
19	Stromal cells	Endothelial	Endothelial	CD34	1.76	93.6	0
19	Stromal cells	Endothelial	Endothelial	ESM1	1.47	89.7	0
19	Stromal cells	Endothelial	Endothelial	ACKR1	1.45	80.3	0
19	Stromal cells	Endothelial	Endothelial	ESAM	1.45	91.6	0
19	Stromal cells	Endothelial	Endothelial	CDH5	1.44	91.1	0
19	Stromal cells	Endothelial	Endothelial	MYCT1	1.43	87.7	0
19	Stromal cells	Endothelial	Endothelial	ADGRF5	1.42	89.7	0
19	Stromal cells	Endothelial	Endothelial	SELE	1.38	76.4	0
19	Stromal cells	Endothelial	Endothelial	THSD7A	1.35	87.2	0
19	Stromal cells	Endothelial	Endothelial	DLL4	1.3	91.1	0
19	Stromal cells	Endothelial	Endothelial	MMRN2	1.3	92.6	0
19	Stromal cells	Endothelial	Endothelial	LDB2	1.24	95.1	0
19	Stromal cells	Endothelial	Endothelial	GJA4	1.15	84.2	0
19	Stromal cells	Endothelial	Endothelial	KDR	1.12	91.6	0
19	Stromal cells	Endothelial	Endothelial	SEMA3F	1.1	89.7	0
19	Stromal cells	Endothelial	Endothelial	COX7A1	1.09	93.6	0
19	Stromal cells	Endothelial	Endothelial	CXorf36	1.07	88.2	0
19	Stromal cells	Endothelial	Endothelial	SDPR	1.05	85.2	0
19	Stromal cells	Endothelial	Endothelial	PCDH17	1.05	92.6	0
19	Stromal cells	Endothelial	Endothelial	CYYR1	1.04	88.2	0
19	Stromal cells	Endothelial	Endothelial	TIE1	0.98	86.7	0
19	Stromal cells	Endothelial	Endothelial	ROBO4	0.94	88.7	0
19	Stromal cells	Endothelial	Endothelial	FILIP1	0.88	87.7	0
19	Stromal cells	Endothelial	Endothelial	EMCN	0.88	87.2	0
19	Stromal cells	Endothelial	Endothelial	CCL21	0.87	48.8	0
19	Stromal cells	Endothelial	Endothelial	KCNN3	0.84	86.2	0
19	Stromal cells	Endothelial	Endothelial	SELP	0.83	79.3	0
19	Stromal cells	Endothelial	Endothelial	POSTN	0.8	79.8	0
19	Stromal cells	Endothelial	Endothelial	SOX17	0.76	86.2	0
19	Stromal cells	Endothelial	Endothelial	RBMS3	0.75	89.7	0
19	Stromal cells	Endothelial	Endothelial	DPYSL3	0.75	83.7	0
19	Stromal cells	Endothelial	Endothelial	PREX2	0.75	86.2	0
19	Stromal cells	Endothelial	Endothelial	RHOJ	0.74	83.7	0
19	Stromal cells	Endothelial	Endothelial	ERG	0.72	86.2	0
19	Stromal cells	Endothelial	Endothelial	VEGFC	0.7	85.7	0
19	Stromal cells	Endothelial	Endothelial	CDH13	0.69	82.8	0
19	Stromal cells	Endothelial	Endothelial	RAMP3	0.69	86.2	0
19	Stromal cells	Endothelial	Endothelial	IL33	0.68	79.3	0
19	Stromal cells	Endothelial	Endothelial	IL3RA	0.68	88.7	0
19	Stromal cells	Endothelial	Endothelial	CHST1	0.66	81.8	0
19	Stromal cells	Endothelial	Endothelial	JAM2	0.64	86.2	0
19	Stromal cells	Endothelial	Endothelial	MMRN1	0.63	86.2	0
19	Stromal cells	Endothelial	Endothelial	ARHGEF15	0.61	87.7	0
19	Stromal cells	Endothelial	Endothelial	TMEM233	0.6	82.8	0
19	Stromal cells	Endothelial	Endothelial	BCL6B	0.59	91.6	0
19	Stromal cells	Endothelial	Endothelial	CCL14	0.58	77.3	0
19	Stromal cells	Endothelial	Endothelial	FAM107A	0.57	81.3	0
19	Stromal cells	Endothelial	Endothelial	PCDH12	0.55	92.1	0
19	Stromal cells	Endothelial	Endothelial	IL6	0.54	80.3	0
19	Stromal cells	Endothelial	Endothelial	GPIHBP1	0.52	82.8	0
19	Stromal cells	Endothelial	Endothelial	FOLH1	0.51	80.8	0
19	Stromal cells	Endothelial	Endothelial	GJA5	0.49	81.8	0
19	Stromal cells	Endothelial	Endothelial	COL15A1	0.49	86.7	0
19	Stromal cells	Endothelial	Endothelial	NPR1	0.43	82.8	0
19	Stromal cells	Endothelial	Endothelial	EXOC3L2	0.42	84.2	0
19	Stromal cells	Endothelial	Endothelial	TLL1	0.4	67.0	0
19	Stromal cells	Endothelial	Endothelial	HOXD8	0.39	82.8	0
19	Stromal cells	Endothelial	Endothelial	TFPI2	0.36	82.8	0
19	Stromal cells	Endothelial	Endothelial	HES5	0.34	86.2	0
19	Stromal cells	Endothelial	Endothelial	ZNF385D	0.34	78.3	0
19	Stromal cells	Endothelial	Endothelial	NOVA2	0.33	83.7	0
19	Stromal cells	Endothelial	Endothelial	NID2	0.33	82.8	0
19	Stromal cells	Endothelial	Endothelial	ZNF521	0.32	86.7	0
19	Stromal cells	Endothelial	Endothelial	FLT4	0.31	86.7	0
19	Stromal cells	Endothelial	Endothelial	GPR4	0.31	82.3	0
19	Stromal cells	Endothelial	Endothelial	TAL1	0.31	77.3	0
19	Stromal cells	Endothelial	Endothelial	LY6H	0.3	79.8	0
19	Stromal cells	Endothelial	Endothelial	PDE3A	0.3	81.3	0
19	Stromal cells	Endothelial	Endothelial	GAS1	0.29	80.3	0
19	Stromal cells	Endothelial	Endothelial	TEK	0.28	82.3	0
19	Stromal cells	Endothelial	Endothelial	HOXD9	0.28	83.7	0
19	Stromal cells	Endothelial	Endothelial	CPXM2	0.28	77.3	0
19	Stromal cells	Endothelial	Endothelial	ADAMTS7	0.27	82.8	0
19	Stromal cells	Endothelial	Endothelial	FAM167B	1.13	93.6	6.13e-305
19	Stromal cells	Endothelial	Endothelial	AOC3	0.54	83.3	3.83e-301
19	Stromal cells	Endothelial	Endothelial	AQP1	0.87	90.6	6.01e-292
19	Stromal cells	Endothelial	Endothelial	PODXL	0.8	90.6	8.83e-291
19	Stromal cells	Endothelial	Endothelial	SOX7	0.67	83.3	2e-288
19	Stromal cells	Endothelial	Endothelial	MAP1B	1.22	87.7	3.29e-285
19	Stromal cells	Endothelial	Endothelial	ANGPTL2	0.8	83.3	3.25e-284
19	Stromal cells	Endothelial	Endothelial	GNG11	2.61	93.6	2e-280
19	Stromal cells	Endothelial	Endothelial	HSPA12B	0.37	82.3	2.41e-280
19	Stromal cells	Endothelial	Endothelial	SOX18	1.6	96.6	3.45e-274
19	Stromal cells	Endothelial	Endothelial	TGFB1I1	0.69	84.7	9e-270
19	Stromal cells	Endothelial	Endothelial	ADAMTS9	1.25	90.1	3.18e-268
19	Stromal cells	Endothelial	Endothelial	UNC5B	1.19	87.2	6.63e-264
19	Stromal cells	Endothelial	Endothelial	RAMP2	1.54	92.6	3.4e-262
19	Stromal cells	Endothelial	Endothelial	FZD4	0.78	94.6	1.73e-261
19	Stromal cells	Endothelial	Endothelial	NOTCH4	1.34	92.1	1.2e-258
19	Stromal cells	Endothelial	Endothelial	COL12A1	0.42	82.3	3.44e-258
19	Stromal cells	Endothelial	Endothelial	CALCRL	1.13	94.1	2.37e-257
19	Stromal cells	Endothelial	Endothelial	KIAA1462	0.74	86.7	1.2e-256
19	Stromal cells	Endothelial	Endothelial	FAM84A	0.38	82.8	1.88e-256
19	Stromal cells	Endothelial	Endothelial	FSTL1	1.17	93.1	2.27e-250
19	Stromal cells	Endothelial	Endothelial	ACKR3	2.02	97.0	2.52e-250
19	Stromal cells	Endothelial	Endothelial	SEMA6B	0.78	90.6	1.33e-247
19	Stromal cells	Endothelial	Endothelial	SLCO2A1	0.32	85.2	2.04e-241
19	Stromal cells	Endothelial	Endothelial	ADAMTS1	0.9	91.1	1.35e-240
19	Stromal cells	Endothelial	Endothelial	CAV1	1.62	93.6	2.46e-239
19	Stromal cells	Endothelial	Endothelial	TMEM255B	0.63	88.7	1.02e-238
19	Stromal cells	Endothelial	Endothelial	SHROOM4	0.48	85.7	1.45e-238
19	Stromal cells	Endothelial	Endothelial	EDNRB	1.0	86.2	6.62e-236
19	Stromal cells	Endothelial	Endothelial	FBN1	0.72	85.2	5.13e-235
19	Stromal cells	Endothelial	Endothelial	TM4SF18	1.18	86.7	3.93e-234
19	Stromal cells	Endothelial	Endothelial	SCGB3A1	0.66	89.2	3.51e-233
19	Stromal cells	Endothelial	Endothelial	MECOM	1.18	87.2	1.81e-229
19	Stromal cells	Endothelial	Endothelial	MSRB3	0.37	81.8	2.29e-229
19	Stromal cells	Endothelial	Endothelial	PALMD	0.51	89.2	2.39e-227
19	Stromal cells	Endothelial	Endothelial	KCNJ2	0.42	90.1	4.47e-227
19	Stromal cells	Endothelial	Endothelial	PTRF	1.54	97.0	1.45e-226
19	Stromal cells	Endothelial	Endothelial	SEMA3G	0.45	81.8	1.89e-224
19	Stromal cells	Endothelial	Endothelial	HEY1	1.5	90.6	2.55e-224
19	Stromal cells	Endothelial	Endothelial	C7	0.64	72.9	2.85e-223
19	Stromal cells	Endothelial	Endothelial	PXDN	0.65	83.3	7.48e-222
19	Stromal cells	Endothelial	Endothelial	FLT1	2.33	99.5	9.66e-220
19	Stromal cells	Endothelial	Endothelial	BTNL9	0.98	82.3	3.59e-219
19	Stromal cells	Endothelial	Endothelial	LHX6	0.28	75.9	1.06e-218
19	Stromal cells	Endothelial	Endothelial	FBLN2	0.58	78.3	3.5e-217
19	Stromal cells	Endothelial	Endothelial	GPRC5B	0.44	93.1	9.71e-217
19	Stromal cells	Endothelial	Endothelial	LOX	0.29	90.1	1.05e-215
19	Stromal cells	Endothelial	Endothelial	SHE	0.76	83.3	1.93e-215
19	Stromal cells	Endothelial	Endothelial	PTPRB	0.91	94.1	8.48e-215
19	Stromal cells	Endothelial	Endothelial	FAP	0.26	81.3	4.29e-210
19	Stromal cells	Endothelial	Endothelial	NOV	0.61	81.8	5.92e-209
19	Stromal cells	Endothelial	Endothelial	SPARCL1	2.32	89.7	2.76e-206
19	Stromal cells	Endothelial	Endothelial	MALL	0.63	82.3	1.21e-205
19	Stromal cells	Endothelial	Endothelial	COL4A2	1.95	95.6	2.33e-202
19	Stromal cells	Endothelial	Endothelial	NPNT	0.28	84.2	3.67e-200
19	Stromal cells	Endothelial	Endothelial	ADAMTS4	0.27	85.2	1.41e-197
19	Stromal cells	Endothelial	Endothelial	NFIB	1.3	91.1	3.85e-196
19	Stromal cells	Endothelial	Endothelial	HSPG2	1.89	97.5	1.64e-195
19	Stromal cells	Endothelial	Endothelial	INHBB	1.45	91.1	1.47e-193
19	Stromal cells	Endothelial	Endothelial	LOXL2	0.48	86.7	2.96e-192
19	Stromal cells	Endothelial	Endothelial	SHANK3	0.67	88.2	3.8e-188
19	Stromal cells	Endothelial	Endothelial	THY1	0.59	86.2	5.04e-186
19	Stromal cells	Endothelial	Endothelial	GPX8	0.45	89.7	2.94e-184
19	Stromal cells	Endothelial	Endothelial	KANK3	0.44	91.6	2.53e-182
19	Stromal cells	Endothelial	Endothelial	RBP7	2.86	95.1	2.19e-181
19	Stromal cells	Endothelial	Endothelial	TINAGL1	0.81	91.6	8.42e-179
19	Stromal cells	Endothelial	Endothelial	MCAM	2.42	99.0	1.55e-178
19	Stromal cells	Endothelial	Endothelial	HTRA1	1.76	88.7	1.37e-176
19	Stromal cells	Endothelial	Endothelial	MMP2	0.59	84.7	5.83e-176
19	Stromal cells	Endothelial	Endothelial	ANGPT2	1.63	96.1	5.16e-175
19	Stromal cells	Endothelial	Endothelial	PRKCDBP	1.29	93.6	6.13e-175
19	Stromal cells	Endothelial	Endothelial	AFAP1L1	0.74	90.6	2.73e-174
19	Stromal cells	Endothelial	Endothelial	MMP1	0.28	86.2	5.66e-173
19	Stromal cells	Endothelial	Endothelial	TMEM47	0.38	83.3	6.47e-172
19	Stromal cells	Endothelial	Endothelial	COL4A1	2.03	94.6	9.62e-171
19	Stromal cells	Endothelial	Endothelial	IGFBP7	3.39	99.5	9.32e-169
19	Stromal cells	Endothelial	Endothelial	DLC1	0.4	91.6	3.27e-165
19	Stromal cells	Endothelial	Endothelial	ADGRG1	0.6	93.6	1.9e-164
19	Stromal cells	Endothelial	Endothelial	CASC15	0.62	87.7	1.4e-163
19	Stromal cells	Endothelial	Endothelial	MGP	1.74	91.1	3.98e-163
19	Stromal cells	Endothelial	Endothelial	EFNB2	1.65	96.1	4.18e-163
19	Stromal cells	Endothelial	Endothelial	IGFBP3	3.09	98.0	2.39e-162
19	Stromal cells	Endothelial	Endothelial	SPARC	3.13	95.6	4.19e-162
19	Stromal cells	Endothelial	Endothelial	CDC42EP5	0.91	94.6	4.21e-161
19	Stromal cells	Endothelial	Endothelial	PTPRG	0.72	91.6	2.81e-158
19	Stromal cells	Endothelial	Endothelial	BNC2	0.33	66.0	2.91e-158
19	Stromal cells	Endothelial	Endothelial	CYR61	2.25	94.6	5.72e-156
19	Stromal cells	Endothelial	Endothelial	MSX1	0.25	87.7	1.12e-154
19	Stromal cells	Endothelial	Endothelial	OLFM1	0.3	78.8	1.57e-154
19	Stromal cells	Endothelial	Endothelial	INSR	2.64	98.0	8.12e-152
19	Stromal cells	Endothelial	Endothelial	PGF	1.11	94.6	1.24e-151
19	Stromal cells	Endothelial	Endothelial	PALM	0.33	88.2	1.76e-151
19	Stromal cells	Endothelial	Endothelial	S1PR1	0.94	94.1	1.29e-150
19	Stromal cells	Endothelial	Endothelial	RBP1	0.28	83.3	2.48e-150
19	Stromal cells	Endothelial	Endothelial	CD200	0.52	92.6	3.83e-149
19	Stromal cells	Endothelial	Endothelial	CRIP2	1.72	98.0	3.87e-148
19	Stromal cells	Endothelial	Endothelial	ARHGAP29	1.54	95.6	1.3e-145
19	Stromal cells	Endothelial	Endothelial	JAG1	0.83	93.1	4.98e-145
19	Stromal cells	Endothelial	Endothelial	RGS3	1.69	97.0	2e-144
19	Stromal cells	Endothelial	Endothelial	IFI27	2.72	97.5	5.55e-144
19	Stromal cells	Endothelial	Endothelial	CD1D	0.28	90.1	1.25e-143
19	Stromal cells	Endothelial	Endothelial	C11orf96	1.77	94.6	3.6e-142
19	Stromal cells	Endothelial	Endothelial	PLK2	1.49	96.1	4.1e-141
19	Stromal cells	Endothelial	Endothelial	MYL9	0.78	92.1	9.51e-141
19	Stromal cells	Endothelial	Endothelial	LAMA4	1.43	92.1	1.3e-140
19	Stromal cells	Endothelial	Endothelial	CAV2	0.84	87.7	3.96e-138
19	Stromal cells	Endothelial	Endothelial	AKAP12	1.03	81.8	4.21e-138
19	Stromal cells	Endothelial	Endothelial	IGFBP2	0.8	95.1	5.52e-138
19	Stromal cells	Endothelial	Endothelial	CCDC3	0.28	85.2	7.67e-137
19	Stromal cells	Endothelial	Endothelial	LTBP1	0.42	83.3	1.13e-136
19	Stromal cells	Endothelial	Endothelial	CDA	0.3	86.7	6.13e-135
19	Stromal cells	Endothelial	Endothelial	PRSS23	1.44	94.1	7.18e-135
19	Stromal cells	Endothelial	Endothelial	CTGF	1.21	91.6	2.04e-134
19	Stromal cells	Endothelial	Endothelial	KCNE3	1.14	93.6	1.81e-133
19	Stromal cells	Endothelial	Endothelial	KCNC4	0.33	90.6	1.89e-133
19	Stromal cells	Endothelial	Endothelial	TJP1	0.8	93.6	1.7e-132
19	Stromal cells	Endothelial	Endothelial	PECAM1	1.62	98.0	3.27e-132
19	Stromal cells	Endothelial	Endothelial	SAMD5	0.51	80.3	1.19e-131
19	Stromal cells	Endothelial	Endothelial	TACC2	0.45	90.1	1.63e-131
19	Stromal cells	Endothelial	Endothelial	WWTR1	1.06	93.6	2.33e-131
19	Stromal cells	Endothelial	Endothelial	LIFR	0.29	76.8	1.12e-129
19	Stromal cells	Endothelial	Endothelial	EFNA1	1.39	95.6	9.75e-129
19	Stromal cells	Endothelial	Endothelial	FJX1	0.36	81.3	2.64e-128
19	Stromal cells	Endothelial	Endothelial	COL18A1	1.44	97.5	1.64e-127
19	Stromal cells	Endothelial	Endothelial	VWA1	0.94	94.6	3.68e-127
19	Stromal cells	Endothelial	Endothelial	PLEK2	0.47	82.3	4.35e-127
19	Stromal cells	Endothelial	Endothelial	LIMCH1	0.63	90.6	3.02e-124
19	Stromal cells	Endothelial	Endothelial	DKK3	0.27	89.7	6.17e-124
19	Stromal cells	Endothelial	Endothelial	SNCA	0.34	79.3	7.61e-124
19	Stromal cells	Endothelial	Endothelial	TMEM88	0.51	91.1	8.48e-124
19	Stromal cells	Endothelial	Endothelial	CITED4	1.19	91.6	7.88e-123
19	Stromal cells	Endothelial	Endothelial	NRARP	0.64	93.1	6.7e-122
19	Stromal cells	Endothelial	Endothelial	DCHS1	0.33	90.1	5.5e-121
19	Stromal cells	Endothelial	Endothelial	FXYD6	0.43	84.7	2.94e-120
19	Stromal cells	Endothelial	Endothelial	RCN3	0.31	92.1	3.55e-120
19	Stromal cells	Endothelial	Endothelial	NES	0.76	89.7	5.65e-120
19	Stromal cells	Endothelial	Endothelial	ACVRL1	0.85	94.1	1.65e-119
19	Stromal cells	Endothelial	Endothelial	ADIRF	1.33	85.2	1.39e-118
19	Stromal cells	Endothelial	Endothelial	PLSCR4	0.43	82.3	3.53e-118
19	Stromal cells	Endothelial	Endothelial	PLPP3	1.16	97.0	4.36e-118
19	Stromal cells	Endothelial	Endothelial	TIMP3	1.1	96.1	8.66e-118
19	Stromal cells	Endothelial	Endothelial	EDN1	0.33	75.4	9.37e-118
19	Stromal cells	Endothelial	Endothelial	CPLX1	0.33	87.2	1.35e-117
19	Stromal cells	Endothelial	Endothelial	ROBO1	0.82	89.7	2.33e-117
19	Stromal cells	Endothelial	Endothelial	ITGA1	1.41	97.0	2.77e-117
19	Stromal cells	Endothelial	Endothelial	ADCY4	0.29	91.6	5.88e-117
19	Stromal cells	Endothelial	Endothelial	LAMC1	1.18	89.7	1.98e-116
19	Stromal cells	Endothelial	Endothelial	ID3	2.39	96.1	8.93e-116
19	Stromal cells	Endothelial	Endothelial	TM4SF1	2.23	96.6	2.35e-115
19	Stromal cells	Endothelial	Endothelial	FAM43A	0.5	92.1	2.41e-115
19	Stromal cells	Endothelial	Endothelial	IGFBP4	1.31	97.0	2.9e-115
19	Stromal cells	Endothelial	Endothelial	HES4	1.25	96.1	8.87e-114
19	Stromal cells	Endothelial	Endothelial	LAMB1	1.06	91.6	9.53e-114
19	Stromal cells	Endothelial	Endothelial	EGFL7	1.69	99.0	1.23e-113
19	Stromal cells	Endothelial	Endothelial	RBP5	0.54	88.2	5.37e-113
19	Stromal cells	Endothelial	Endothelial	ZNF503	0.58	90.1	1.16e-112
19	Stromal cells	Endothelial	Endothelial	RGS5	-0.35	85.7	6.65e-112
19	Stromal cells	Endothelial	Endothelial	LXN	0.55	90.1	8.64e-112
19	Stromal cells	Endothelial	Endothelial	TCF4	1.5	98.5	1.45e-111
19	Stromal cells	Endothelial	Endothelial	C2CD4B	0.6	90.6	1.69e-111
19	Stromal cells	Endothelial	Endothelial	APOL1	0.52	92.1	2.79e-111
19	Stromal cells	Endothelial	Endothelial	EMP1	1.55	96.1	1.7e-110
19	Stromal cells	Endothelial	Endothelial	CNKSR3	0.6	83.3	6.14e-110
19	Stromal cells	Endothelial	Endothelial	LIMS2	0.5	86.7	1.04e-109
19	Stromal cells	Endothelial	Endothelial	FERMT2	0.75	91.1	3.08e-109
19	Stromal cells	Endothelial	Endothelial	C10orf10	1.18	91.6	7.82e-109
19	Stromal cells	Endothelial	Endothelial	TNFAIP8L1	0.8	93.1	2.86e-108
19	Stromal cells	Endothelial	Endothelial	SLC9A3R2	1.84	97.0	1.82e-106
19	Stromal cells	Endothelial	Endothelial	F2R	0.5	94.1	1.85e-106
19	Stromal cells	Endothelial	Endothelial	RIMKLB	0.43	90.1	2.27e-106
19	Stromal cells	Endothelial	Endothelial	MPZL2	1.11	90.1	4.45e-106
19	Stromal cells	Endothelial	Endothelial	NXPE3	0.27	88.2	7.27e-106
19	Stromal cells	Endothelial	Endothelial	RAI14	0.59	91.6	3.54e-104
19	Stromal cells	Endothelial	Endothelial	TGM2	1.3	94.1	6.74e-104
19	Stromal cells	Endothelial	Endothelial	CLIC4	1.19	95.6	1.79e-103
19	Stromal cells	Endothelial	Endothelial	LBH	1.01	94.1	1.59e-102
19	Stromal cells	Endothelial	Endothelial	NID1	1.26	96.1	2.01e-102
19	Stromal cells	Endothelial	Endothelial	S100A16	1.09	96.6	2.11e-102
19	Stromal cells	Endothelial	Endothelial	SLC7A11	0.28	89.7	2.95e-100
19	Stromal cells	Endothelial	Endothelial	ITPRIP	0.71	93.1	6.49e-100
19	Stromal cells	Endothelial	Endothelial	SPTBN1	1.56	98.5	1.09e-99
19	Stromal cells	Endothelial	Endothelial	NXN	0.3	87.2	1.18e-99
19	Stromal cells	Endothelial	Endothelial	FSCN1	1.11	95.1	1.44e-97
19	Stromal cells	Endothelial	Endothelial	TNFRSF4	0.63	95.6	1.57e-97
19	Stromal cells	Endothelial	Endothelial	EPAS1	1.36	97.0	3.51e-97
19	Stromal cells	Endothelial	Endothelial	PCGF2	0.63	93.6	2.72e-96
19	Stromal cells	Endothelial	Endothelial	ENG	1.3	96.6	1.25e-95
19	Stromal cells	Endothelial	Endothelial	MARCKSL1	1.66	97.5	5.65e-93
19	Stromal cells	Endothelial	Endothelial	PBX1	0.34	88.7	2.21e-92
19	Stromal cells	Endothelial	Endothelial	SERPINI1	0.36	89.7	8.44e-92
19	Stromal cells	Endothelial	Endothelial	UACA	0.68	94.6	2.15e-91
19	Stromal cells	Endothelial	Endothelial	MYO1B	0.78	92.6	2.4e-91
19	Stromal cells	Endothelial	Endothelial	TSC22D1	1.54	97.5	4.71e-91
19	Stromal cells	Endothelial	Endothelial	ITGA6	1.3	95.6	7.1e-91
19	Stromal cells	Endothelial	Endothelial	PDGFA	0.4	88.7	1.39e-90
19	Stromal cells	Endothelial	Endothelial	FILIP1L	0.37	89.2	1.84e-90
19	Stromal cells	Endothelial	Endothelial	DDAH1	0.34	87.2	2.1e-90
19	Stromal cells	Endothelial	Endothelial	THBS1	0.92	91.1	2.63e-90
19	Stromal cells	Endothelial	Endothelial	WBP5	1.06	95.6	5.47e-90
19	Stromal cells	Endothelial	Endothelial	ITGA2	0.55	85.2	4.76e-89
19	Stromal cells	Endothelial	Endothelial	PLAU	0.59	93.1	6.17e-89
19	Stromal cells	Endothelial	Endothelial	PTP4A3	1.05	95.1	6.5e-89
19	Stromal cells	Endothelial	Endothelial	GPRC5C	0.52	92.1	3.13e-87
19	Stromal cells	Endothelial	Endothelial	CRTAC1	0.29	27.1	7.55e-87
19	Stromal cells	Endothelial	Endothelial	GABRE	0.33	80.3	1.8e-85
19	Stromal cells	Endothelial	Endothelial	CALD1	1.27	97.0	1.49e-84
19	Stromal cells	Endothelial	Endothelial	IGHG3	-2.11	87.7	2.7e-84
19	Stromal cells	Endothelial	Endothelial	HYAL2	1.2	96.6	1.44e-83
19	Stromal cells	Endothelial	Endothelial	NRP1	1.5	97.5	2.2e-82
19	Stromal cells	Endothelial	Endothelial	TMTC1	0.29	80.8	2.18e-81
19	Stromal cells	Endothelial	Endothelial	SH3BP5	1.0	96.6	4.19e-81
19	Stromal cells	Endothelial	Endothelial	NRGN	-0.29	86.7	2.38e-80
19	Stromal cells	Endothelial	Endothelial	BCAM	0.69	93.6	3.13e-80
19	Stromal cells	Endothelial	Endothelial	ARRDC3	1.43	97.0	4.22e-80
19	Stromal cells	Endothelial	Endothelial	MIR222HG	0.41	87.7	9.76e-80
19	Stromal cells	Endothelial	Endothelial	BGN	1.04	82.8	1.05e-79
19	Stromal cells	Endothelial	Endothelial	AK1	0.46	91.1	1.11e-79
19	Stromal cells	Endothelial	Endothelial	SLC26A2	0.35	89.7	1.39e-79
19	Stromal cells	Endothelial	Endothelial	CD93	1.17	98.0	2.02e-79
19	Stromal cells	Endothelial	Endothelial	SLC25A4	0.39	90.6	1.66e-78
19	Stromal cells	Endothelial	Endothelial	RASD1	0.3	87.7	3.06e-78
19	Stromal cells	Endothelial	Endothelial	SERPINH1	0.91	97.0	1.82e-77
19	Stromal cells	Endothelial	Endothelial	CD9	1.45	98.0	3.47e-77
19	Stromal cells	Endothelial	Endothelial	CREB5	0.35	89.7	8.78e-77
19	Stromal cells	Endothelial	Endothelial	TSPAN7	0.53	82.3	3.01e-75
19	Stromal cells	Endothelial	Endothelial	S100A13	1.02	95.1	7.56e-75
19	Stromal cells	Endothelial	Endothelial	PDLIM1	0.97	93.6	2.06e-73
19	Stromal cells	Endothelial	Endothelial	PIK3R3	0.77	93.6	1.03e-72
19	Stromal cells	Endothelial	Endothelial	CDK2AP1	0.69	90.1	2.29e-72
19	Stromal cells	Endothelial	Endothelial	GBP4	0.41	92.1	3.31e-71
19	Stromal cells	Endothelial	Endothelial	PPIC	0.63	94.1	3.57e-71
19	Stromal cells	Endothelial	Endothelial	RND1	0.47	88.2	3.6e-71
19	Stromal cells	Endothelial	Endothelial	SNCG	0.77	91.1	5.88e-71
19	Stromal cells	Endothelial	Endothelial	CSRP2	0.26	82.3	1.91e-70
19	Stromal cells	Endothelial	Endothelial	OCIAD2	0.43	89.7	5.76e-69
19	Stromal cells	Endothelial	Endothelial	ID1	1.1	92.1	6.71e-69
19	Stromal cells	Endothelial	Endothelial	IFI44L	0.68	91.6	7.48e-69
19	Stromal cells	Endothelial	Endothelial	IGHA1	-0.48	86.7	1.77e-68
19	Stromal cells	Endothelial	Endothelial	APOA2	-2.52	99.0	1.35e-66
19	Stromal cells	Endothelial	Endothelial	ENPP2	0.8	92.1	1.98e-65
19	Stromal cells	Endothelial	Endothelial	LMO2	0.61	94.1	2.59e-65
19	Stromal cells	Endothelial	Endothelial	CYP1B1	0.32	83.3	3.56e-65
19	Stromal cells	Endothelial	Endothelial	HEG1	0.82	92.6	1.05e-64
19	Stromal cells	Endothelial	Endothelial	MET	0.27	79.3	1.7e-64
19	Stromal cells	Endothelial	Endothelial	LMCD1	0.32	88.2	2.74e-64
19	Stromal cells	Endothelial	Endothelial	MEIS2	0.44	87.2	4.79e-64
19	Stromal cells	Endothelial	Endothelial	FN1	1.21	95.1	3.34e-63
19	Stromal cells	Endothelial	Endothelial	A2M	1.21	97.0	3.53e-63
19	Stromal cells	Endothelial	Endothelial	DNAJC15	0.77	94.1	7.82e-63
19	Stromal cells	Endothelial	Endothelial	APOC1	-2.15	92.6	6.84e-61
19	Stromal cells	Endothelial	Endothelial	THBD	0.3	91.1	2.2e-60
19	Stromal cells	Endothelial	Endothelial	IGLC3	-1.11	85.7	3.64e-60
19	Stromal cells	Endothelial	Endothelial	FCN1	-0.41	87.2	9.5e-60
19	Stromal cells	Endothelial	Endothelial	RCN1	0.94	94.6	2.82e-59
19	Stromal cells	Endothelial	Endothelial	PLS3	0.84	93.6	2.93e-59
19	Stromal cells	Endothelial	Endothelial	VCL	0.54	92.1	1.15e-58
19	Stromal cells	Endothelial	Endothelial	TSHZ2	0.71	89.2	1.91e-58
19	Stromal cells	Endothelial	Endothelial	COL1A2	-0.35	80.8	3.76e-58
19	Stromal cells	Endothelial	Endothelial	NCKAP1	0.61	93.6	7.7e-57
19	Stromal cells	Endothelial	Endothelial	IGHG1	-3.36	87.7	4.74e-56
19	Stromal cells	Endothelial	Endothelial	SELM	1.0	92.6	8.73e-56
19	Stromal cells	Endothelial	Endothelial	EREG	-0.51	87.2	1.39e-55
19	Stromal cells	Endothelial	Endothelial	CYB5D2	0.4	88.7	2.41e-55
19	Stromal cells	Endothelial	Endothelial	ALB	-2.35	99.5	3.67e-55
19	Stromal cells	Endothelial	Endothelial	EMP2	0.43	91.1	1.17e-54
19	Stromal cells	Endothelial	Endothelial	PLCB1	0.72	92.6	6.65e-54
19	Stromal cells	Endothelial	Endothelial	IFITM3	0.92	99.5	1.38e-52
19	Stromal cells	Endothelial	Endothelial	HBEGF	0.77	93.6	4.13e-52
19	Stromal cells	Endothelial	Endothelial	GZMH	-0.27	83.3	5.96e-52
19	Stromal cells	Endothelial	Endothelial	NR2F2	0.73	88.2	1.18e-51
19	Stromal cells	Endothelial	Endothelial	FAM198B	0.68	93.6	2.39e-51
19	Stromal cells	Endothelial	Endothelial	GNLY	-0.61	85.2	5.68e-51
19	Stromal cells	Endothelial	Endothelial	ITGA5	0.68	96.1	3.46e-50
19	Stromal cells	Endothelial	Endothelial	NGFRAP1	0.88	95.1	5.86e-50
19	Stromal cells	Endothelial	Endothelial	LIMA1	0.65	93.6	1.91e-49
19	Stromal cells	Endothelial	Endothelial	CHD7	0.35	91.6	3.47e-49
19	Stromal cells	Endothelial	Endothelial	C8orf4	0.55	93.1	2.93e-48
19	Stromal cells	Endothelial	Endothelial	SNAI1	0.35	89.2	6.23e-48
19	Stromal cells	Endothelial	Endothelial	LPAR6	0.69	94.6	1.65e-47
19	Stromal cells	Endothelial	Endothelial	CCND1	0.38	92.1	2.08e-47
19	Stromal cells	Endothelial	Endothelial	ABCG2	0.38	90.6	2.31e-47
19	Stromal cells	Endothelial	Endothelial	NRP2	0.69	95.1	3.08e-47
19	Stromal cells	Endothelial	Endothelial	TNFSF10	0.35	95.1	5.02e-47
19	Stromal cells	Endothelial	Endothelial	COL3A1	-0.39	72.4	1.25e-46
19	Stromal cells	Endothelial	Endothelial	NKG7	-0.63	86.2	6.74e-46
19	Stromal cells	Endothelial	Endothelial	SOX4	0.89	94.1	2.52e-45
19	Stromal cells	Endothelial	Endothelial	SERPINA1	-2.11	99.0	5.77e-45
19	Stromal cells	Endothelial	Endothelial	RPL39	-0.63	100.0	5.83e-45
19	Stromal cells	Endothelial	Endothelial	YES1	0.35	91.1	1.13e-44
19	Stromal cells	Endothelial	Endothelial	CA2	0.36	90.6	1.49e-44
19	Stromal cells	Endothelial	Endothelial	GZMK	-0.43	86.2	2.14e-44
19	Stromal cells	Endothelial	Endothelial	SPRY1	0.78	94.1	2.22e-44
19	Stromal cells	Endothelial	Endothelial	STC2	0.28	82.8	2.51e-43
19	Stromal cells	Endothelial	Endothelial	AC092580.4	-0.28	86.2	2.14e-42
19	Stromal cells	Endothelial	Endothelial	C1R	0.3	80.8	3.18e-42
19	Stromal cells	Endothelial	Endothelial	CD55	0.41	92.1	2.02e-41
19	Stromal cells	Endothelial	Endothelial	TCEAL8	0.28	92.1	3.33e-41
19	Stromal cells	Endothelial	Endothelial	HES1	1.13	94.6	6.63e-41
19	Stromal cells	Endothelial	Endothelial	MCTP1	0.52	90.1	8.06e-41
19	Stromal cells	Endothelial	Endothelial	RPL7	-0.98	98.5	1.37e-40
19	Stromal cells	Endothelial	Endothelial	STAB1	0.43	93.1	2.12e-40
19	Stromal cells	Endothelial	Endothelial	IGLC2	-1.84	88.7	2.42e-40
19	Stromal cells	Endothelial	Endothelial	PLPP1	0.79	92.6	6.29e-40
19	Stromal cells	Endothelial	Endothelial	NREP	0.41	93.6	6.62e-40
19	Stromal cells	Endothelial	Endothelial	IFNG	-0.55	85.2	2.18e-39
19	Stromal cells	Endothelial	Endothelial	WARS	0.26	91.6	3.71e-39
19	Stromal cells	Endothelial	Endothelial	KCTD12	0.53	95.1	4.85e-39
19	Stromal cells	Endothelial	Endothelial	OLFM4	-0.27	86.2	2.7e-38
19	Stromal cells	Endothelial	Endothelial	CNN3	0.41	88.7	1e-37
19	Stromal cells	Endothelial	Endothelial	DUSP6	0.75	96.1	3.14e-37
19	Stromal cells	Endothelial	Endothelial	RASGRP3	0.35	95.1	3.7e-37
19	Stromal cells	Endothelial	Endothelial	GOLIM4	0.46	93.6	5.01e-37
19	Stromal cells	Endothelial	Endothelial	CPE	0.3	75.4	1.24e-36
19	Stromal cells	Endothelial	Endothelial	DNAJB4	0.71	94.1	3.52e-36
19	Stromal cells	Endothelial	Endothelial	ASPH	0.57	96.6	2.11e-35
19	Stromal cells	Endothelial	Endothelial	PROS1	0.35	92.1	2.45e-35
19	Stromal cells	Endothelial	Endothelial	MGAT4B	0.3	91.1	6.25e-35
19	Stromal cells	Endothelial	Endothelial	PON2	0.4	94.1	7.65e-35
19	Stromal cells	Endothelial	Endothelial	CTLA4	-0.38	86.2	1.59e-34
19	Stromal cells	Endothelial	Endothelial	CD40LG	-0.25	85.2	2.58e-34
19	Stromal cells	Endothelial	Endothelial	PHLDA2	0.3	92.6	6.62e-34
19	Stromal cells	Endothelial	Endothelial	ENTPD1	0.5	91.6	7.65e-34
19	Stromal cells	Endothelial	Endothelial	FDPS	0.52	95.6	2.74e-33
19	Stromal cells	Endothelial	Endothelial	TYROBP	-1.95	89.2	4.93e-33
19	Stromal cells	Endothelial	Endothelial	S100A8	-0.4	79.3	1.01e-32
19	Stromal cells	Endothelial	Endothelial	SPOCK2	-0.33	87.2	2.58e-32
19	Stromal cells	Endothelial	Endothelial	COL1A1	-0.36	67.0	3.62e-32
19	Stromal cells	Endothelial	Endothelial	ICOS	-0.45	86.2	4.66e-32
19	Stromal cells	Endothelial	Endothelial	TPM1	0.26	92.6	2.53e-30
19	Stromal cells	Endothelial	Endothelial	MEF2C	0.41	96.1	3.46e-30
19	Stromal cells	Endothelial	Endothelial	CXCL12	0.36	87.2	4.44e-30
19	Stromal cells	Endothelial	Endothelial	SPP1	-1.58	92.1	9.6e-30
19	Stromal cells	Endothelial	Endothelial	S100A9	-1.09	90.1	1.24e-29
19	Stromal cells	Endothelial	Endothelial	CXCL10	-0.46	85.2	1.7e-29
19	Stromal cells	Endothelial	Endothelial	IL1R1	0.43	87.2	1.72e-29
19	Stromal cells	Endothelial	Endothelial	PDLIM7	0.39	91.1	2.12e-29
19	Stromal cells	Endothelial	Endothelial	IGHG2	-0.31	57.1	2.31e-29
19	Stromal cells	Endothelial	Endothelial	APOE	-2.17	96.1	3.11e-29
19	Stromal cells	Endothelial	Endothelial	TNFRSF18	-0.61	87.7	7.05e-29
19	Stromal cells	Endothelial	Endothelial	CFI	0.4	89.7	3.1e-28
19	Stromal cells	Endothelial	Endothelial	APOA1	-2.11	93.1	5.06e-28
19	Stromal cells	Endothelial	Endothelial	NUCB2	0.42	92.6	6.44e-28
19	Stromal cells	Endothelial	Endothelial	ANXA2	0.53	99.0	2.01e-27
19	Stromal cells	Endothelial	Endothelial	RPL8	-0.69	99.0	3.92e-27
19	Stromal cells	Endothelial	Endothelial	LINC01272	-0.3	87.2	1.34e-26
19	Stromal cells	Endothelial	Endothelial	FAM213A	0.31	91.6	2.14e-26
19	Stromal cells	Endothelial	Endothelial	VCAM1	0.74	88.2	1.21e-25
19	Stromal cells	Endothelial	Endothelial	NCOA7	0.65	91.1	2.31e-25
19	Stromal cells	Endothelial	Endothelial	NPM1	-0.71	96.6	2.75e-25
19	Stromal cells	Endothelial	Endothelial	IGKC	-2.19	90.1	7.89e-25
19	Stromal cells	Endothelial	Endothelial	GZMA	-0.75	86.2	1.1e-24
19	Stromal cells	Endothelial	Endothelial	CD151	0.45	95.1	1.86e-24
19	Stromal cells	Endothelial	Endothelial	JCHAIN	-0.52	85.7	4.51e-24
19	Stromal cells	Endothelial	Endothelial	ITGAV	0.32	91.1	7e-24
19	Stromal cells	Endothelial	Endothelial	CYB5A	0.32	94.1	1.54e-23
19	Stromal cells	Endothelial	Endothelial	KLRB1	-0.88	86.2	2.62e-23
19	Stromal cells	Endothelial	Endothelial	MGST2	0.49	96.6	3.29e-23
19	Stromal cells	Endothelial	Endothelial	C1QBP	0.37	95.1	3.5e-23
19	Stromal cells	Endothelial	Endothelial	BAG3	0.31	94.1	4.34e-23
19	Stromal cells	Endothelial	Endothelial	TOP2A	-0.35	87.2	8.4e-23
19	Stromal cells	Endothelial	Endothelial	APOD	0.32	25.6	1.37e-22
19	Stromal cells	Endothelial	Endothelial	IGHM	-0.88	85.7	2.26e-22
19	Stromal cells	Endothelial	Endothelial	TRBC1	-0.93	86.7	3.84e-22
19	Stromal cells	Endothelial	Endothelial	TRBC2	-0.76	86.2	4.62e-22
19	Stromal cells	Endothelial	Endothelial	TIGIT	-0.58	86.2	5.45e-22
19	Stromal cells	Endothelial	Endothelial	FABP5	-1.26	93.6	6.34e-22
19	Stromal cells	Endothelial	Endothelial	NDRG1	0.44	92.6	8.87e-22
19	Stromal cells	Endothelial	Endothelial	SOCS3	0.48	92.6	1.38e-21
19	Stromal cells	Endothelial	Endothelial	AHSG	-1.97	92.1	1.68e-21
19	Stromal cells	Endothelial	Endothelial	FCGBP	-0.26	86.2	6.33e-21
19	Stromal cells	Endothelial	Endothelial	PDIA4	0.3	95.1	2.41e-20
19	Stromal cells	Endothelial	Endothelial	ACTA2	-0.29	79.3	2.41e-20
19	Stromal cells	Endothelial	Endothelial	PDK4	0.26	91.1	2.54e-20
19	Stromal cells	Endothelial	Endothelial	FABP1	-1.85	92.1	2.8e-20
19	Stromal cells	Endothelial	Endothelial	XCL1	-0.36	86.2	2.83e-20
19	Stromal cells	Endothelial	Endothelial	FAM60A	0.26	91.1	4.49e-20
19	Stromal cells	Endothelial	Endothelial	GEM	-0.29	86.7	1.53e-19
19	Stromal cells	Endothelial	Endothelial	ZFAS1	-0.78	93.1	4.64e-19
19	Stromal cells	Endothelial	Endothelial	C1orf54	0.35	94.1	5.85e-19
19	Stromal cells	Endothelial	Endothelial	LGALS1	0.74	99.0	1.19e-18
19	Stromal cells	Endothelial	Endothelial	F13A1	-0.5	87.7	1.81e-18
19	Stromal cells	Endothelial	Endothelial	NDUFA4L2	-0.38	79.3	1.85e-18
19	Stromal cells	Endothelial	Endothelial	ETS2	0.34	94.1	2.4e-18
19	Stromal cells	Endothelial	Endothelial	ITM2A	-0.5	87.7	7.62e-18
19	Stromal cells	Endothelial	Endothelial	RND3	0.42	89.7	3.35e-17
19	Stromal cells	Endothelial	Endothelial	LST1	-1.04	87.7	6.81e-17
19	Stromal cells	Endothelial	Endothelial	MT1G	-0.51	86.7	1.16e-16
19	Stromal cells	Endothelial	Endothelial	RHOB	0.51	95.1	2.22e-16
19	Stromal cells	Endothelial	Endothelial	CD27	-0.43	82.3	3.47e-16
19	Stromal cells	Endothelial	Endothelial	DUSP5	0.28	90.1	6.1e-16
19	Stromal cells	Endothelial	Endothelial	SNRPD1	0.3	94.1	1.45e-15
19	Stromal cells	Endothelial	Endothelial	PRAME	-0.26	21.7	4.54e-15
19	Stromal cells	Endothelial	Endothelial	SEPP1	-1.51	94.1	5.04e-15
19	Stromal cells	Endothelial	Endothelial	IGFBP1	-0.56	88.2	7.17e-15
19	Stromal cells	Endothelial	Endothelial	IGHG4	-2.99	87.2	8.37e-15
19	Stromal cells	Endothelial	Endothelial	SERPINE1	0.59	88.2	1.23e-14
19	Stromal cells	Endothelial	Endothelial	UGT2B4	-0.32	87.7	1.71e-14
19	Stromal cells	Endothelial	Endothelial	BATF	-0.43	86.2	1.77e-14
19	Stromal cells	Endothelial	Endothelial	PRDX6	0.41	94.1	1.82e-14
19	Stromal cells	Endothelial	Endothelial	HK2	-0.35	87.2	2.49e-14
19	Stromal cells	Endothelial	Endothelial	NUSAP1	-0.27	86.7	3.83e-14
19	Stromal cells	Endothelial	Endothelial	CLEC10A	-0.28	79.8	3.85e-14
19	Stromal cells	Endothelial	Endothelial	TUBB	-0.75	94.1	4.88e-14
19	Stromal cells	Endothelial	Endothelial	LGALS2	-0.27	82.3	8.1e-14
19	Stromal cells	Endothelial	Endothelial	ITIH2	-0.38	87.7	8.77e-14
19	Stromal cells	Endothelial	Endothelial	DDT	-0.94	94.1	1.83e-13
19	Stromal cells	Endothelial	Endothelial	ACTG1	0.45	99.0	3.28e-13
19	Stromal cells	Endothelial	Endothelial	BLVRB	-0.83	92.6	3.67e-13
19	Stromal cells	Endothelial	Endothelial	MRC1	-0.52	90.1	4.27e-13
19	Stromal cells	Endothelial	Endothelial	AFP	-1.53	92.6	4.83e-13
19	Stromal cells	Endothelial	Endothelial	LAIR2	-0.35	75.4	9.17e-13
19	Stromal cells	Endothelial	Endothelial	HPGD	-0.3	86.2	1.87e-12
19	Stromal cells	Endothelial	Endothelial	TM4SF4	-0.4	86.7	1.9e-12
19	Stromal cells	Endothelial	Endothelial	S100P	-0.38	87.2	2.63e-12
19	Stromal cells	Endothelial	Endothelial	AKR1C1	-1.48	91.1	7.64e-12
19	Stromal cells	Endothelial	Endothelial	BIRC3	-0.41	88.7	1.13e-11
19	Stromal cells	Endothelial	Endothelial	C1QC	-1.45	87.2	1.23e-11
19	Stromal cells	Endothelial	Endothelial	G0S2	-0.55	87.2	1.28e-11
19	Stromal cells	Endothelial	Endothelial	HMGN3	0.38	93.1	1.31e-11
19	Stromal cells	Endothelial	Endothelial	FBP1	-0.3	87.2	2.07e-11
19	Stromal cells	Endothelial	Endothelial	S100A6	0.3	98.5	3.06e-11
19	Stromal cells	Endothelial	Endothelial	IL7R	-0.74	86.7	3.2e-11
19	Stromal cells	Endothelial	Endothelial	CHCHD10	-0.77	94.6	6.96e-11
19	Stromal cells	Endothelial	Endothelial	KLF4	0.33	91.1	8.5e-11
19	Stromal cells	Endothelial	Endothelial	SPINK1	-1.75	92.1	1.29e-10
19	Stromal cells	Endothelial	Endothelial	HPX	-0.4	86.2	1.9e-10
19	Stromal cells	Endothelial	Endothelial	AMBP	-1.63	90.6	2.36e-10
19	Stromal cells	Endothelial	Endothelial	NR4A3	-0.42	87.7	2.4e-10
19	Stromal cells	Endothelial	Endothelial	PKIB	-0.28	87.2	2.45e-10
19	Stromal cells	Endothelial	Endothelial	GPX3	-0.27	89.2	4.14e-10
19	Stromal cells	Endothelial	Endothelial	P2RY6	-0.51	86.2	4.22e-10
19	Stromal cells	Endothelial	Endothelial	CD69	-1.26	87.2	5.14e-10
19	Stromal cells	Endothelial	Endothelial	CCL5	-0.95	86.7	8.84e-10
19	Stromal cells	Endothelial	Endothelial	CSTA	-0.57	87.7	9.43e-10
19	Stromal cells	Endothelial	Endothelial	CCL3L3	-0.8	88.7	1.26e-09
19	Stromal cells	Endothelial	Endothelial	DUSP1	-0.86	97.0	3.02e-09
19	Stromal cells	Endothelial	Endothelial	TTR	-1.53	88.7	3.87e-09
19	Stromal cells	Endothelial	Endothelial	RASGRP2	-0.26	86.7	4.27e-09
19	Stromal cells	Endothelial	Endothelial	AIF1	-1.65	89.7	4.32e-09
19	Stromal cells	Endothelial	Endothelial	GCLM	-0.26	90.1	4.64e-09
19	Stromal cells	Endothelial	Endothelial	ALOX5AP	-0.58	87.7	5.81e-09
19	Stromal cells	Endothelial	Endothelial	ETFB	-0.68	92.6	7.45e-09
19	Stromal cells	Endothelial	Endothelial	AGR2	-0.39	86.2	7.78e-09
19	Stromal cells	Endothelial	Endothelial	EGR2	-0.29	86.7	9.4e-09
19	Stromal cells	Endothelial	Endothelial	LEAP2	-0.28	86.7	1.23e-08
19	Stromal cells	Endothelial	Endothelial	UBE2C	-0.29	79.8	1.23e-08
19	Stromal cells	Endothelial	Endothelial	GATM	-0.75	89.7	1.29e-08
19	Stromal cells	Endothelial	Endothelial	CD2	-1.08	86.7	1.31e-08
19	Stromal cells	Endothelial	Endothelial	MTTP	-0.26	78.3	1.37e-08
19	Stromal cells	Endothelial	Endothelial	TSPAN8	-0.42	87.7	2.28e-08
19	Stromal cells	Endothelial	Endothelial	GPR34	-0.38	87.7	2.39e-08
19	Stromal cells	Endothelial	Endothelial	CDKN2A	-0.29	88.2	3.42e-08
19	Stromal cells	Endothelial	Endothelial	TF	-1.53	91.1	3.75e-08
19	Stromal cells	Endothelial	Endothelial	IFI30	-0.36	87.7	4.1e-08
19	Stromal cells	Endothelial	Endothelial	FGA	-0.5	88.2	6.73e-08
19	Stromal cells	Endothelial	Endothelial	CSF1	-0.27	87.2	7.35e-08
19	Stromal cells	Endothelial	Endothelial	TXN	-0.48	95.6	8.35e-08
19	Stromal cells	Endothelial	Endothelial	HIST1H4C	-0.44	87.2	1.12e-07
19	Stromal cells	Endothelial	Endothelial	CRIP1	-0.57	88.7	1.3e-07
19	Stromal cells	Endothelial	Endothelial	TGFBI	-0.52	88.7	1.34e-07
19	Stromal cells	Endothelial	Endothelial	MS4A7	-1.01	87.7	1.39e-07
19	Stromal cells	Endothelial	Endothelial	TMEM176A	-0.78	88.2	1.45e-07
19	Stromal cells	Endothelial	Endothelial	KRT19	-0.29	86.7	1.78e-07
19	Stromal cells	Endothelial	Endothelial	C12orf75	-0.3	88.2	2.16e-07
19	Stromal cells	Endothelial	Endothelial	GGH	-0.38	87.7	2.41e-07
19	Stromal cells	Endothelial	Endothelial	ASGR2	-0.3	86.7	2.42e-07
19	Stromal cells	Endothelial	Endothelial	AKR1C2	-0.37	87.7	2.49e-07
19	Stromal cells	Endothelial	Endothelial	RBP4	-1.06	91.6	2.78e-07
19	Stromal cells	Endothelial	Endothelial	TNF	-0.61	86.2	2.8e-07
19	Stromal cells	Endothelial	Endothelial	SQSTM1	-0.71	96.6	2.91e-07
19	Stromal cells	Endothelial	Endothelial	CD209	-0.28	85.2	3.44e-07
19	Stromal cells	Endothelial	Endothelial	SERPIND1	-0.31	42.4	3.48e-07
19	Stromal cells	Endothelial	Endothelial	HMOX1	-0.42	90.1	4.19e-07
19	Stromal cells	Endothelial	Endothelial	CAMK2N1	-0.31	86.2	4.3e-07
19	Stromal cells	Endothelial	Endothelial	CD14	-1.25	88.7	5.2e-07
19	Stromal cells	Endothelial	Endothelial	CYBB	-0.67	89.7	5.4e-07
19	Stromal cells	Endothelial	Endothelial	SPON2	-0.26	86.2	5.94e-07
19	Stromal cells	Endothelial	Endothelial	CDKN2B-AS1	-0.26	86.7	6.3e-07
19	Stromal cells	Endothelial	Endothelial	HLA-DPA1	-1.29	90.1	8.63e-07
19	Stromal cells	Endothelial	Endothelial	CD163	-0.79	88.2	1.15e-06
19	Stromal cells	Endothelial	Endothelial	AGT	-1.43	89.2	1.15e-06
19	Stromal cells	Endothelial	Endothelial	MMP12	-1.62	89.2	1.61e-06
19	Stromal cells	Endothelial	Endothelial	RSL24D1	-0.51	92.1	1.69e-06
19	Stromal cells	Endothelial	Endothelial	CDK1	-0.25	86.2	1.73e-06
19	Stromal cells	Endothelial	Endothelial	VEGFA	-0.54	87.2	2.55e-06
19	Stromal cells	Endothelial	Endothelial	PERP	-0.3	86.2	2.88e-06
19	Stromal cells	Endothelial	Endothelial	ASGR1	-0.52	89.7	3.01e-06
19	Stromal cells	Endothelial	Endothelial	MPEG1	-0.53	88.7	4.1e-06
19	Stromal cells	Endothelial	Endothelial	IRF8	-0.35	87.7	5.23e-06
19	Stromal cells	Endothelial	Endothelial	TMEM176B	-0.68	87.7	5.29e-06
19	Stromal cells	Endothelial	Endothelial	TM4SF5	-0.9	87.7	6e-06
19	Stromal cells	Endothelial	Endothelial	A1BG	-0.64	87.7	6.09e-06
19	Stromal cells	Endothelial	Endothelial	LGALS3	-1.2	89.7	6.37e-06
19	Stromal cells	Endothelial	Endothelial	FCER1G	-1.43	89.7	8.2e-06
19	Stromal cells	Endothelial	Endothelial	MMP19	-0.33	86.2	9.59e-06
2	Immune cells	Mono/Macro	cDC1	SLC40A1	2.51	100.0	0
2	Immune cells	Mono/Macro	cDC1	SEPP1	2.02	100.0	0
2	Immune cells	Mono/Macro	cDC1	C1QA	2.01	100.0	0
2	Immune cells	Mono/Macro	cDC1	C1QB	2.0	100.0	0
2	Immune cells	Mono/Macro	cDC1	LGMN	1.85	99.4	0
2	Immune cells	Mono/Macro	cDC1	C1QC	1.78	99.8	0
2	Immune cells	Mono/Macro	cDC1	RNASE1	1.66	91.7	0
2	Immune cells	Mono/Macro	cDC1	FOLR2	1.64	95.0	0
2	Immune cells	Mono/Macro	cDC1	DNASE1L3	1.63	65.4	0
2	Immune cells	Mono/Macro	cDC1	CD163	1.51	97.2	0
2	Immune cells	Mono/Macro	cDC1	MS4A7	1.5	97.7	0
2	Immune cells	Mono/Macro	cDC1	CD14	1.49	96.4	0
2	Immune cells	Mono/Macro	cDC1	MS4A6A	1.49	99.4	0
2	Immune cells	Mono/Macro	cDC1	STAB1	1.46	92.0	0
2	Immune cells	Mono/Macro	cDC1	MS4A4A	1.45	95.2	0
2	Immune cells	Mono/Macro	cDC1	MRC1	1.39	94.1	0
2	Immune cells	Mono/Macro	cDC1	HLA-DRB1	1.38	99.7	0
2	Immune cells	Mono/Macro	cDC1	HLA-DRA	1.36	99.9	0
2	Immune cells	Mono/Macro	cDC1	A2M	1.32	97.6	0
2	Immune cells	Mono/Macro	cDC1	FGL2	1.28	97.8	0
2	Immune cells	Mono/Macro	cDC1	HLA-DPA1	1.26	98.6	0
2	Immune cells	Mono/Macro	cDC1	IGF1	1.26	79.3	0
2	Immune cells	Mono/Macro	cDC1	FCGR3A	1.26	90.7	0
2	Immune cells	Mono/Macro	cDC1	MPEG1	1.26	92.6	0
2	Immune cells	Mono/Macro	cDC1	HLA-DQA1	1.22	95.5	0
2	Immune cells	Mono/Macro	cDC1	AIF1	1.21	99.9	0
2	Immune cells	Mono/Macro	cDC1	GPR34	1.2	82.7	0
2	Immune cells	Mono/Macro	cDC1	CSF1R	1.18	89.6	0
2	Immune cells	Mono/Macro	cDC1	HLA-DPB1	1.18	98.1	0
2	Immune cells	Mono/Macro	cDC1	CYBB	1.17	93.8	0
2	Immune cells	Mono/Macro	cDC1	CD209	1.15	73.4	0
2	Immune cells	Mono/Macro	cDC1	APOE	1.14	99.9	0
2	Immune cells	Mono/Macro	cDC1	LILRB5	1.13	75.0	0
2	Immune cells	Mono/Macro	cDC1	TYROBP	1.13	99.8	0
2	Immune cells	Mono/Macro	cDC1	MAFB	1.11	91.4	0
2	Immune cells	Mono/Macro	cDC1	FCER1G	1.1	99.7	0
2	Immune cells	Mono/Macro	cDC1	KCTD12	1.08	91.9	0
2	Immune cells	Mono/Macro	cDC1	CPVL	1.07	84.3	0
2	Immune cells	Mono/Macro	cDC1	HLA-DQB1	1.06	97.5	0
2	Immune cells	Mono/Macro	cDC1	RHOB	1.05	94.1	0
2	Immune cells	Mono/Macro	cDC1	RNASE6	1.02	89.3	0
2	Immune cells	Mono/Macro	cDC1	LY96	0.97	90.4	0
2	Immune cells	Mono/Macro	cDC1	NRP1	0.95	87.2	0
2	Immune cells	Mono/Macro	cDC1	GATM	0.94	91.2	0
2	Immune cells	Mono/Macro	cDC1	ADAP2	0.89	81.5	0
2	Immune cells	Mono/Macro	cDC1	FCGR2A	0.89	85.6	0
2	Immune cells	Mono/Macro	cDC1	GPNMB	0.89	94.0	0
2	Immune cells	Mono/Macro	cDC1	MSR1	0.88	84.6	0
2	Immune cells	Mono/Macro	cDC1	FPR3	0.88	77.0	0
2	Immune cells	Mono/Macro	cDC1	BLVRB	0.82	96.1	0
2	Immune cells	Mono/Macro	cDC1	APOC1	0.8	99.2	0
2	Immune cells	Mono/Macro	cDC1	SLC38A1	-0.46	3.2	1.36e-296
2	Immune cells	Mono/Macro	cDC1	CD3D	-1.3	4.9	6.55e-291
2	Immune cells	Mono/Macro	cDC1	TGFBI	0.8	82.6	2.31e-286
2	Immune cells	Mono/Macro	cDC1	C12orf75	-0.39	3.5	1.72e-280
2	Immune cells	Mono/Macro	cDC1	RPL8	-0.77	99.4	4.62e-279
2	Immune cells	Mono/Macro	cDC1	ASGR1	-0.65	9.1	8.65e-272
2	Immune cells	Mono/Macro	cDC1	SPTBN1	-0.42	6.6	7.79e-270
2	Immune cells	Mono/Macro	cDC1	CALD1	-0.79	6.3	1.41e-269
2	Immune cells	Mono/Macro	cDC1	PERP	-0.36	3.5	7.55e-269
2	Immune cells	Mono/Macro	cDC1	C1orf54	0.8	74.9	5.38e-267
2	Immune cells	Mono/Macro	cDC1	F13A1	1.26	68.7	9.09e-267
2	Immune cells	Mono/Macro	cDC1	CAMK2N1	-0.38	4.0	2.5e-266
2	Immune cells	Mono/Macro	cDC1	PLG	-0.44	4.4	4.02e-266
2	Immune cells	Mono/Macro	cDC1	LST1	0.59	87.7	4.61e-264
2	Immune cells	Mono/Macro	cDC1	ASGR2	-0.36	4.5	6.78e-264
2	Immune cells	Mono/Macro	cDC1	S100A6	-1.44	36.5	1.24e-263
2	Immune cells	Mono/Macro	cDC1	AQP3	-0.29	2.6	2.24e-260
2	Immune cells	Mono/Macro	cDC1	HMOX1	0.8	81.8	4.55e-260
2	Immune cells	Mono/Macro	cDC1	CCL20	-1.06	10.1	2.65e-259
2	Immune cells	Mono/Macro	cDC1	AK4	-0.34	6.4	4.48e-259
2	Immune cells	Mono/Macro	cDC1	HPX	-0.46	5.4	4.99e-258
2	Immune cells	Mono/Macro	cDC1	PCSK1N	-0.47	5.1	6e-258
2	Immune cells	Mono/Macro	cDC1	FKBP11	-0.49	6.8	1.67e-257
2	Immune cells	Mono/Macro	cDC1	FXYD1	-0.54	5.5	7.87e-257
2	Immune cells	Mono/Macro	cDC1	ANGPTL3	-0.54	4.5	2.34e-256
2	Immune cells	Mono/Macro	cDC1	RPL39	-0.5	100.0	1.56e-255
2	Immune cells	Mono/Macro	cDC1	PLA2G7	0.86	74.1	1.79e-254
2	Immune cells	Mono/Macro	cDC1	TSPAN8	-0.63	6.4	3.38e-253
2	Immune cells	Mono/Macro	cDC1	MGST1	-0.93	12.3	5.97e-251
2	Immune cells	Mono/Macro	cDC1	KRT19	-0.29	3.0	6.27e-251
2	Immune cells	Mono/Macro	cDC1	CRIP1	-0.83	4.0	7.51e-251
2	Immune cells	Mono/Macro	cDC1	SERPINE1	-0.4	5.8	1.21e-250
2	Immune cells	Mono/Macro	cDC1	FST	-0.36	4.0	1.64e-249
2	Immune cells	Mono/Macro	cDC1	CLDN1	-0.62	8.3	1.92e-249
2	Immune cells	Mono/Macro	cDC1	ITGA1	-0.34	2.7	1.11e-248
2	Immune cells	Mono/Macro	cDC1	HPGD	-0.36	3.0	2.02e-248
2	Immune cells	Mono/Macro	cDC1	KNG1	-0.43	4.9	4.32e-248
2	Immune cells	Mono/Macro	cDC1	FGG	-0.78	8.0	2.01e-247
2	Immune cells	Mono/Macro	cDC1	ORM1	-0.7	6.7	1.58e-246
2	Immune cells	Mono/Macro	cDC1	FGA	-0.58	7.2	1.99e-246
2	Immune cells	Mono/Macro	cDC1	ANG	-0.41	6.9	6.89e-246
2	Immune cells	Mono/Macro	cDC1	GGH	-0.47	9.2	1.13e-245
2	Immune cells	Mono/Macro	cDC1	MAL2	-0.52	6.7	1.68e-245
2	Immune cells	Mono/Macro	cDC1	CD7	-0.79	3.8	1.04e-243
2	Immune cells	Mono/Macro	cDC1	CDKN2A	-0.36	6.5	1.52e-243
2	Immune cells	Mono/Macro	cDC1	CTHRC1	-0.51	6.5	4.34e-243
2	Immune cells	Mono/Macro	cDC1	NDRG1	-0.43	10.4	6.68e-243
2	Immune cells	Mono/Macro	cDC1	LAPTM4B	-0.75	11.0	2.41e-242
2	Immune cells	Mono/Macro	cDC1	ITIH2	-0.47	7.2	1.75e-239
2	Immune cells	Mono/Macro	cDC1	ORM2	-0.49	5.2	3.4e-239
2	Immune cells	Mono/Macro	cDC1	DHCR24	-0.5	9.3	1.58e-238
2	Immune cells	Mono/Macro	cDC1	SLPI	-0.27	2.8	1.83e-238
2	Immune cells	Mono/Macro	cDC1	LPAR6	0.77	74.7	2.19e-238
2	Immune cells	Mono/Macro	cDC1	LEAP2	-0.32	5.4	3.98e-238
2	Immune cells	Mono/Macro	cDC1	TRNP1	-0.38	5.6	9.45e-238
2	Immune cells	Mono/Macro	cDC1	DMKN	-0.44	7.4	1.04e-237
2	Immune cells	Mono/Macro	cDC1	TM4SF5	-0.98	11.9	1.24e-237
2	Immune cells	Mono/Macro	cDC1	LBP	-0.64	9.0	1.61e-237
2	Immune cells	Mono/Macro	cDC1	SQLE	-0.31	6.0	3.61e-237
2	Immune cells	Mono/Macro	cDC1	F2	-0.72	9.8	4.51e-237
2	Immune cells	Mono/Macro	cDC1	CD2	-1.29	2.8	1.22e-236
2	Immune cells	Mono/Macro	cDC1	TM4SF1	-0.36	3.1	2.45e-236
2	Immune cells	Mono/Macro	cDC1	PROC	-0.47	6.8	3.87e-236
2	Immune cells	Mono/Macro	cDC1	TMEM14A	-0.26	5.9	1.1e-235
2	Immune cells	Mono/Macro	cDC1	CFI	-0.4	4.8	1.93e-235
2	Immune cells	Mono/Macro	cDC1	TM4SF4	-0.43	6.2	6.77e-235
2	Immune cells	Mono/Macro	cDC1	UGT2B4	-0.45	6.7	8.37e-235
2	Immune cells	Mono/Macro	cDC1	FN1	-0.54	7.7	1.11e-234
2	Immune cells	Mono/Macro	cDC1	FGL1	-0.74	10.7	1.01e-233
2	Immune cells	Mono/Macro	cDC1	ID1	-0.35	3.5	6.06e-233
2	Immune cells	Mono/Macro	cDC1	GC	-0.8	10.9	2.5e-232
2	Immune cells	Mono/Macro	cDC1	TFPI	-1.17	18.1	3.07e-231
2	Immune cells	Mono/Macro	cDC1	ELF3	-0.27	3.0	3.23e-230
2	Immune cells	Mono/Macro	cDC1	TRAC	-1.16	3.2	4.38e-230
2	Immune cells	Mono/Macro	cDC1	ITM2A	-0.7	2.3	6.03e-230
2	Immune cells	Mono/Macro	cDC1	TMEM45A	-0.28	4.3	8.27e-230
2	Immune cells	Mono/Macro	cDC1	S100P	-0.46	5.5	4.93e-229
2	Immune cells	Mono/Macro	cDC1	PHGDH	-0.27	4.1	4.17e-228
2	Immune cells	Mono/Macro	cDC1	SERPIND1	-0.3	3.9	4.6e-228
2	Immune cells	Mono/Macro	cDC1	AGR2	-0.48	5.9	4.77e-228
2	Immune cells	Mono/Macro	cDC1	FKBP10	-0.27	4.6	1.32e-227
2	Immune cells	Mono/Macro	cDC1	TUBA4A	-0.46	2.4	1.33e-227
2	Immune cells	Mono/Macro	cDC1	PLOD2	-0.3	3.1	6.92e-227
2	Immune cells	Mono/Macro	cDC1	LRG1	-0.44	7.3	3.04e-225
2	Immune cells	Mono/Macro	cDC1	CD93	0.89	68.6	3.08e-225
2	Immune cells	Mono/Macro	cDC1	KDELR3	-0.31	3.8	3.6e-225
2	Immune cells	Mono/Macro	cDC1	TSPAN6	-0.36	4.2	4.24e-225
2	Immune cells	Mono/Macro	cDC1	ALOX5AP	-0.63	5.6	3.95e-224
2	Immune cells	Mono/Macro	cDC1	HRG	-0.44	6.6	5.55e-224
2	Immune cells	Mono/Macro	cDC1	TPM2	-0.48	10.1	4.6e-223
2	Immune cells	Mono/Macro	cDC1	AXL	0.78	60.4	2.34e-222
2	Immune cells	Mono/Macro	cDC1	AKR1C2	-0.44	8.9	4.02e-222
2	Immune cells	Mono/Macro	cDC1	MARCKSL1	-0.43	11.7	1.81e-221
2	Immune cells	Mono/Macro	cDC1	AADAC	-0.26	3.1	4.16e-221
2	Immune cells	Mono/Macro	cDC1	KRT18	-1.12	16.9	5.53e-221
2	Immune cells	Mono/Macro	cDC1	NQO1	-0.47	9.5	1.57e-220
2	Immune cells	Mono/Macro	cDC1	CP	-1.16	14.5	3.99e-220
2	Immune cells	Mono/Macro	cDC1	FGB	-0.84	12.8	6.87e-220
2	Immune cells	Mono/Macro	cDC1	KRT8	-0.81	14.9	2e-219
2	Immune cells	Mono/Macro	cDC1	IGF2	-0.7	12.9	1.54e-218
2	Immune cells	Mono/Macro	cDC1	DUSP5	-0.29	6.7	5.66e-218
2	Immune cells	Mono/Macro	cDC1	SERINC2	-0.26	5.8	1.03e-216
2	Immune cells	Mono/Macro	cDC1	GAGE2A	-0.88	12.5	1.28e-216
2	Immune cells	Mono/Macro	cDC1	CFB	-0.53	11.6	1.68e-216
2	Immune cells	Mono/Macro	cDC1	APOA2	-2.23	99.0	2.71e-216
2	Immune cells	Mono/Macro	cDC1	PLEK	0.65	82.3	4.59e-216
2	Immune cells	Mono/Macro	cDC1	TNFRSF12A	-0.35	9.0	1.66e-215
2	Immune cells	Mono/Macro	cDC1	BCHE	-0.74	12.4	4.33e-215
2	Immune cells	Mono/Macro	cDC1	FXYD2	-0.5	11.1	2.05e-214
2	Immune cells	Mono/Macro	cDC1	SERPINA6	-0.28	2.6	1.72e-213
2	Immune cells	Mono/Macro	cDC1	HULC	-0.29	5.5	2.94e-213
2	Immune cells	Mono/Macro	cDC1	TESC	-0.29	7.2	2.81e-211
2	Immune cells	Mono/Macro	cDC1	TRBC2	-0.9	3.2	4.2e-211
2	Immune cells	Mono/Macro	cDC1	GCHFR	-0.42	13.0	8.53e-211
2	Immune cells	Mono/Macro	cDC1	ADAM8	-0.27	3.2	1.08e-210
2	Immune cells	Mono/Macro	cDC1	PKIB	-0.28	5.9	2.11e-210
2	Immune cells	Mono/Macro	cDC1	TFR2	-0.27	3.2	1.16e-207
2	Immune cells	Mono/Macro	cDC1	RPL5	-0.72	93.3	1.94e-206
2	Immune cells	Mono/Macro	cDC1	MDK	-0.59	12.3	4.69e-206
2	Immune cells	Mono/Macro	cDC1	NPW	-0.86	14.4	2.52e-205
2	Immune cells	Mono/Macro	cDC1	TIGIT	-0.61	1.2	2.1e-204
2	Immune cells	Mono/Macro	cDC1	IL7R	-1.04	4.4	1.68e-203
2	Immune cells	Mono/Macro	cDC1	CD69	-1.42	8.0	4.65e-203
2	Immune cells	Mono/Macro	cDC1	WDR72	-0.26	4.6	6.6e-203
2	Immune cells	Mono/Macro	cDC1	STEAP1	-0.3	4.2	9.28e-203
2	Immune cells	Mono/Macro	cDC1	RARRES2	-0.87	15.9	6.21e-202
2	Immune cells	Mono/Macro	cDC1	CES1	-0.35	6.7	1.01e-201
2	Immune cells	Mono/Macro	cDC1	GPC3	-0.99	18.5	1.35e-201
2	Immune cells	Mono/Macro	cDC1	CXCL17	-0.74	9.2	8.35e-201
2	Immune cells	Mono/Macro	cDC1	VCAM1	1.02	59.3	1e-200
2	Immune cells	Mono/Macro	cDC1	SPOCK2	-0.53	2.0	2.52e-200
2	Immune cells	Mono/Macro	cDC1	HIST1H2AC	-0.33	11.4	8.04e-200
2	Immune cells	Mono/Macro	cDC1	C3	-0.54	12.0	4.22e-199
2	Immune cells	Mono/Macro	cDC1	C8orf4	-0.28	2.3	7.31e-199
2	Immune cells	Mono/Macro	cDC1	LYZ	0.35	90.0	5.77e-198
2	Immune cells	Mono/Macro	cDC1	LTB	-1.68	10.2	6.87e-198
2	Immune cells	Mono/Macro	cDC1	TRBC1	-1.07	3.0	2.76e-197
2	Immune cells	Mono/Macro	cDC1	GPX2	-0.62	12.5	6.55e-197
2	Immune cells	Mono/Macro	cDC1	VCAN	-0.55	2.5	9.79e-197
2	Immune cells	Mono/Macro	cDC1	CLU	-1.24	20.9	2.55e-196
2	Immune cells	Mono/Macro	cDC1	DRD4	-0.28	4.6	6.02e-196
2	Immune cells	Mono/Macro	cDC1	PPP1R16A	-0.28	8.7	5.02e-195
2	Immune cells	Mono/Macro	cDC1	MTTP	-0.28	2.7	6.33e-195
2	Immune cells	Mono/Macro	cDC1	CFH	-0.99	19.3	7.55e-195
2	Immune cells	Mono/Macro	cDC1	SLC2A1	-0.26	5.7	1.09e-194
2	Immune cells	Mono/Macro	cDC1	AKR1C4	-1.03	18.3	1.15e-194
2	Immune cells	Mono/Macro	cDC1	ANGPTL8	-0.92	14.9	2.23e-194
2	Immune cells	Mono/Macro	cDC1	MEG3	-0.29	6.4	3.06e-194
2	Immune cells	Mono/Macro	cDC1	KIAA0101	-0.28	4.3	1.32e-192
2	Immune cells	Mono/Macro	cDC1	NR2F2	-0.28	1.0	3.48e-192
2	Immune cells	Mono/Macro	cDC1	PTTG1	-0.47	10.4	4.57e-192
2	Immune cells	Mono/Macro	cDC1	PPA1	-0.49	23.9	1.49e-191
2	Immune cells	Mono/Macro	cDC1	DEFB1	-0.31	4.8	5.34e-191
2	Immune cells	Mono/Macro	cDC1	KLRB1	-1.06	2.5	1.1e-190
2	Immune cells	Mono/Macro	cDC1	CD86	0.66	69.8	5.92e-190
2	Immune cells	Mono/Macro	cDC1	HIST1H1C	-0.53	18.5	2.18e-189
2	Immune cells	Mono/Macro	cDC1	NID1	-0.26	8.9	1.02e-188
2	Immune cells	Mono/Macro	cDC1	MTHFD2L	-0.29	12.6	2.27e-188
2	Immune cells	Mono/Macro	cDC1	PLAC8	-0.3	2.4	4.54e-187
2	Immune cells	Mono/Macro	cDC1	ICOS	-0.45	1.8	2.32e-186
2	Immune cells	Mono/Macro	cDC1	APOC3	-0.94	14.6	7.38e-186
2	Immune cells	Mono/Macro	cDC1	C4BPB	-0.25	3.1	2.84e-185
2	Immune cells	Mono/Macro	cDC1	PRAP1	-0.84	18.4	4.35e-185
2	Immune cells	Mono/Macro	cDC1	OCIAD2	-0.34	2.2	1.93e-184
2	Immune cells	Mono/Macro	cDC1	COL18A1	-0.25	4.9	3.04e-183
2	Immune cells	Mono/Macro	cDC1	CD27	-0.46	1.8	4.07e-183
2	Immune cells	Mono/Macro	cDC1	CENPF	-0.27	3.8	2.58e-181
2	Immune cells	Mono/Macro	cDC1	NKG7	-0.82	1.4	5.66e-181
2	Immune cells	Mono/Macro	cDC1	EBP	-0.38	15.7	5.97e-181
2	Immune cells	Mono/Macro	cDC1	EREG	-0.74	3.8	1.94e-180
2	Immune cells	Mono/Macro	cDC1	AREG	-0.39	5.0	2.3e-180
2	Immune cells	Mono/Macro	cDC1	EPB41L4A-AS1	-0.27	12.7	1.19e-179
2	Immune cells	Mono/Macro	cDC1	APOH	-1.12	20.9	1.27e-179
2	Immune cells	Mono/Macro	cDC1	SERPINF1	-0.43	13.5	1.71e-179
2	Immune cells	Mono/Macro	cDC1	RBP4	-1.31	21.5	4.34e-179
2	Immune cells	Mono/Macro	cDC1	DUSP4	-0.46	3.6	7.28e-179
2	Immune cells	Mono/Macro	cDC1	LAIR2	-0.37	0.4	8.73e-179
2	Immune cells	Mono/Macro	cDC1	GZMA	-0.9	1.9	1.9e-178
2	Immune cells	Mono/Macro	cDC1	CTLA4	-0.39	2.2	4.43e-178
2	Immune cells	Mono/Macro	cDC1	UBE2C	-0.28	2.7	5.33e-178
2	Immune cells	Mono/Macro	cDC1	UGDH	-0.33	14.5	1.82e-177
2	Immune cells	Mono/Macro	cDC1	EEF1E1	-0.29	15.6	2.83e-177
2	Immune cells	Mono/Macro	cDC1	MKI67	-0.28	1.5	3.15e-177
2	Immune cells	Mono/Macro	cDC1	GSTP1	0.47	90.3	6.93e-177
2	Immune cells	Mono/Macro	cDC1	APOB	-1.27	22.4	1.28e-176
2	Immune cells	Mono/Macro	cDC1	ALB	-2.1	98.2	2.04e-176
2	Immune cells	Mono/Macro	cDC1	XCL1	-0.3	0.4	5.64e-176
2	Immune cells	Mono/Macro	cDC1	FCN1	-0.5	2.5	1.61e-174
2	Immune cells	Mono/Macro	cDC1	TNFSF14	-0.3	1.1	1.34e-173
2	Immune cells	Mono/Macro	cDC1	IGFBP3	-0.29	1.7	1.51e-173
2	Immune cells	Mono/Macro	cDC1	CFHR1	-0.32	5.1	9.19e-173
2	Immune cells	Mono/Macro	cDC1	TOP2A	-0.32	5.4	1.2e-172
2	Immune cells	Mono/Macro	cDC1	IFNG	-0.88	0.4	1.47e-172
2	Immune cells	Mono/Macro	cDC1	ODC1	-0.34	14.6	2.06e-171
2	Immune cells	Mono/Macro	cDC1	IGFBP1	-0.66	10.6	7.43e-170
2	Immune cells	Mono/Macro	cDC1	SELM	-0.4	15.9	9.07e-170
2	Immune cells	Mono/Macro	cDC1	TTR	-1.43	26.7	4.72e-169
2	Immune cells	Mono/Macro	cDC1	TNFRSF18	-0.76	5.4	1.29e-168
2	Immune cells	Mono/Macro	cDC1	SLC9A3R1	-0.27	13.6	6.4e-168
2	Immune cells	Mono/Macro	cDC1	AZGP1	-0.28	3.5	9.64e-168
2	Immune cells	Mono/Macro	cDC1	G0S2	-0.49	7.8	1.58e-167
2	Immune cells	Mono/Macro	cDC1	MEF2C	0.61	71.0	2.48e-167
2	Immune cells	Mono/Macro	cDC1	AGT	-1.29	25.9	5.62e-166
2	Immune cells	Mono/Macro	cDC1	SPI1	0.58	73.7	8.39e-166
2	Immune cells	Mono/Macro	cDC1	NUPR1	-0.45	18.0	1.34e-165
2	Immune cells	Mono/Macro	cDC1	GZMK	-0.56	1.4	2.14e-164
2	Immune cells	Mono/Macro	cDC1	S100A13	-0.32	13.8	9.95e-164
2	Immune cells	Mono/Macro	cDC1	XCL2	-0.37	0.1	1.07e-163
2	Immune cells	Mono/Macro	cDC1	HMGCS1	-0.34	14.0	1.92e-162
2	Immune cells	Mono/Macro	cDC1	LBH	-0.35	4.8	3.28e-162
2	Immune cells	Mono/Macro	cDC1	EBPL	-0.29	17.2	6.33e-162
2	Immune cells	Mono/Macro	cDC1	CD40LG	-0.3	1.1	2.53e-161
2	Immune cells	Mono/Macro	cDC1	POLR2H	-0.28	19.3	1.13e-160
2	Immune cells	Mono/Macro	cDC1	STMN1	0.33	79.0	8.75e-160
2	Immune cells	Mono/Macro	cDC1	RPL7	-0.74	98.5	2.52e-159
2	Immune cells	Mono/Macro	cDC1	ATP1B1	0.63	75.0	2.91e-158
2	Immune cells	Mono/Macro	cDC1	RASSF4	0.67	64.6	2e-157
2	Immune cells	Mono/Macro	cDC1	AC092580.4	-0.3	1.6	5.52e-156
2	Immune cells	Mono/Macro	cDC1	IGFBP7	-0.98	2.9	1.56e-155
2	Immune cells	Mono/Macro	cDC1	AKR1B10	-0.71	16.4	2.01e-155
2	Immune cells	Mono/Macro	cDC1	SIGLEC1	0.71	56.5	8.74e-155
2	Immune cells	Mono/Macro	cDC1	APOM	-1.43	30.0	3.59e-154
2	Immune cells	Mono/Macro	cDC1	GNLY	-0.69	0.5	4.55e-154
2	Immune cells	Mono/Macro	cDC1	LGALS3	0.39	86.3	3.41e-153
2	Immune cells	Mono/Macro	cDC1	FAM198B	0.68	58.5	9.41e-152
2	Immune cells	Mono/Macro	cDC1	AKR1C3	-1.16	27.5	1.24e-150
2	Immune cells	Mono/Macro	cDC1	SOX4	-0.26	16.5	1.72e-149
2	Immune cells	Mono/Macro	cDC1	PTGDS	-0.76	13.0	1.46e-148
2	Immune cells	Mono/Macro	cDC1	PDK4	0.83	59.3	1.01e-147
2	Immune cells	Mono/Macro	cDC1	ACTA2	-0.26	2.7	2.1e-147
2	Immune cells	Mono/Macro	cDC1	HMGA1	-0.3	23.0	1.84e-145
2	Immune cells	Mono/Macro	cDC1	COPS5	-0.26	20.0	1.7e-144
2	Immune cells	Mono/Macro	cDC1	KCNQ1OT1	-0.26	14.1	4.1e-144
2	Immune cells	Mono/Macro	cDC1	IGHA1	-0.75	5.3	1.72e-142
2	Immune cells	Mono/Macro	cDC1	MPST	-0.48	24.3	1.51e-141
2	Immune cells	Mono/Macro	cDC1	S100A10	-0.83	70.6	4.53e-141
2	Immune cells	Mono/Macro	cDC1	AMBP	-1.51	33.5	3.14e-140
2	Immune cells	Mono/Macro	cDC1	GCLM	-0.28	18.3	4.81e-140
2	Immune cells	Mono/Macro	cDC1	SGK1	0.49	80.4	5.14e-140
2	Immune cells	Mono/Macro	cDC1	RCN1	-0.26	18.9	3.38e-139
2	Immune cells	Mono/Macro	cDC1	PHLDA2	-0.25	18.6	6.32e-137
2	Immune cells	Mono/Macro	cDC1	HK2	-0.28	13.2	1.18e-136
2	Immune cells	Mono/Macro	cDC1	C1orf162	0.5	74.1	1.23e-136
2	Immune cells	Mono/Macro	cDC1	CYR61	-0.27	1.5	4.03e-136
2	Immune cells	Mono/Macro	cDC1	COL1A1	-0.39	1.4	5.28e-136
2	Immune cells	Mono/Macro	cDC1	FOXP3	-0.26	1.7	3.87e-135
2	Immune cells	Mono/Macro	cDC1	IGHG4	-3.01	6.9	6.59e-135
2	Immune cells	Mono/Macro	cDC1	TUBA1B	0.27	94.4	1.92e-134
2	Immune cells	Mono/Macro	cDC1	C15orf48	-0.65	21.9	2.01e-131
2	Immune cells	Mono/Macro	cDC1	IGHG1	-3.42	6.9	1.86e-130
2	Immune cells	Mono/Macro	cDC1	JCHAIN	-0.45	2.2	6.52e-130
2	Immune cells	Mono/Macro	cDC1	COL4A1	-0.39	0.7	3.81e-129
2	Immune cells	Mono/Macro	cDC1	MPC2	-0.5	35.4	3.99e-129
2	Immune cells	Mono/Macro	cDC1	ASPH	-0.48	28.3	4.25e-129
2	Immune cells	Mono/Macro	cDC1	FABP5	0.41	92.9	7.65e-127
2	Immune cells	Mono/Macro	cDC1	IGHM	-0.92	4.2	9.63e-127
2	Immune cells	Mono/Macro	cDC1	FDPS	-0.51	28.1	2.19e-126
2	Immune cells	Mono/Macro	cDC1	SERPINA1	-1.92	94.6	3.43e-126
2	Immune cells	Mono/Macro	cDC1	NGFRAP1	-0.29	22.0	3e-123
2	Immune cells	Mono/Macro	cDC1	IGHG3	-2.27	5.2	2.52e-122
2	Immune cells	Mono/Macro	cDC1	IRF8	0.58	62.0	3.43e-122
2	Immune cells	Mono/Macro	cDC1	GZMH	-0.3	1.2	2.31e-120
2	Immune cells	Mono/Macro	cDC1	CSTA	-0.28	27.0	5.74e-120
2	Immune cells	Mono/Macro	cDC1	NME1	-0.44	31.9	1.13e-119
2	Immune cells	Mono/Macro	cDC1	SPINK1	-1.73	56.2	2.14e-118
2	Immune cells	Mono/Macro	cDC1	EEF1B2	-0.51	92.6	4.77e-118
2	Immune cells	Mono/Macro	cDC1	CNPY2	-0.35	28.5	8.96e-118
2	Immune cells	Mono/Macro	cDC1	AKR1C1	-1.34	38.6	1.35e-117
2	Immune cells	Mono/Macro	cDC1	EGR1	0.56	76.4	1.74e-117
2	Immune cells	Mono/Macro	cDC1	SEC11C	-0.29	25.1	9.03e-117
2	Immune cells	Mono/Macro	cDC1	NDUFA4L2	-0.28	3.2	2.03e-115
2	Immune cells	Mono/Macro	cDC1	S100A8	-0.75	2.1	3.14e-115
2	Immune cells	Mono/Macro	cDC1	EPB41L3	0.58	58.1	5.11e-113
2	Immune cells	Mono/Macro	cDC1	FABP1	-1.76	49.3	3.07e-111
2	Immune cells	Mono/Macro	cDC1	SNHG8	-0.42	35.3	2.45e-110
2	Immune cells	Mono/Macro	cDC1	ID3	-0.25	13.0	5.35e-109
2	Immune cells	Mono/Macro	cDC1	TF	-1.41	41.7	6.48e-109
2	Immune cells	Mono/Macro	cDC1	VTN	-1.6	48.4	2e-105
2	Immune cells	Mono/Macro	cDC1	GZMB	-0.27	0.2	2.45e-105
2	Immune cells	Mono/Macro	cDC1	TMEM176B	0.54	73.0	1.97e-104
2	Immune cells	Mono/Macro	cDC1	TCF4	0.55	59.2	8.21e-104
2	Immune cells	Mono/Macro	cDC1	ARL6IP1	0.36	78.1	1.07e-103
2	Immune cells	Mono/Macro	cDC1	RPL22L1	-1.06	60.2	1.12e-103
2	Immune cells	Mono/Macro	cDC1	SOD2	0.36	87.7	2.27e-103
2	Immune cells	Mono/Macro	cDC1	C6orf48	-0.35	30.2	4.74e-102
2	Immune cells	Mono/Macro	cDC1	AHSG	-1.68	47.3	8.41e-102
2	Immune cells	Mono/Macro	cDC1	MRPL13	-0.3	31.7	6.04e-101
2	Immune cells	Mono/Macro	cDC1	POLR2K	-0.45	43.7	7.75e-101
2	Immune cells	Mono/Macro	cDC1	COL1A2	-0.37	2.2	9.55e-101
2	Immune cells	Mono/Macro	cDC1	RAB11FIP1	-0.39	22.9	3.24e-98
2	Immune cells	Mono/Macro	cDC1	TNFRSF4	-0.7	13.5	1.36e-97
2	Immune cells	Mono/Macro	cDC1	AFP	-1.46	48.5	2.74e-97
2	Immune cells	Mono/Macro	cDC1	IGLC3	-1.1	3.3	8.07e-97
2	Immune cells	Mono/Macro	cDC1	IGHG2	-0.35	0.9	2.38e-96
2	Immune cells	Mono/Macro	cDC1	PSMB5	-0.29	29.7	4.73e-96
2	Immune cells	Mono/Macro	cDC1	NDUFB9	-0.39	39.0	6.82e-96
2	Immune cells	Mono/Macro	cDC1	SNRPD1	-0.34	37.9	1.26e-95
2	Immune cells	Mono/Macro	cDC1	CCL3	0.6	73.3	6.23e-95
2	Immune cells	Mono/Macro	cDC1	TCEB1	-0.42	44.7	6.3e-95
2	Immune cells	Mono/Macro	cDC1	ZFAS1	-0.54	68.0	7.7e-95
2	Immune cells	Mono/Macro	cDC1	HIST1H4C	-0.45	22.6	1.29e-94
2	Immune cells	Mono/Macro	cDC1	IGLC2	-1.94	13.3	7.7e-93
2	Immune cells	Mono/Macro	cDC1	COL4A2	-0.33	2.0	3.75e-92
2	Immune cells	Mono/Macro	cDC1	TOMM22	-0.26	32.4	1.1e-91
2	Immune cells	Mono/Macro	cDC1	NTS	-1.54	48.8	5.05e-91
2	Immune cells	Mono/Macro	cDC1	SNRPF	-0.42	46.8	3.46e-90
2	Immune cells	Mono/Macro	cDC1	ACP5	0.58	64.0	4.05e-90
2	Immune cells	Mono/Macro	cDC1	BCL2A1	-0.46	25.8	1.05e-89
2	Immune cells	Mono/Macro	cDC1	CETP	0.95	45.2	1.62e-89
2	Immune cells	Mono/Macro	cDC1	POLR2F	-0.32	33.5	1.65e-89
2	Immune cells	Mono/Macro	cDC1	BATF	-0.33	15.0	2.15e-89
2	Immune cells	Mono/Macro	cDC1	RANBP1	-0.36	39.4	7.73e-89
2	Immune cells	Mono/Macro	cDC1	SPP1	0.48	86.7	5.42e-88
2	Immune cells	Mono/Macro	cDC1	ATP5G1	-0.52	42.2	4.55e-87
2	Immune cells	Mono/Macro	cDC1	DUSP1	0.27	94.6	5.4e-87
2	Immune cells	Mono/Macro	cDC1	A1BG	-0.38	35.0	2.02e-85
2	Immune cells	Mono/Macro	cDC1	SNRPE	-0.37	46.4	5.2e-85
2	Immune cells	Mono/Macro	cDC1	ALDH1A1	-0.25	24.0	7.23e-84
2	Immune cells	Mono/Macro	cDC1	SPARC	-0.63	8.1	1.92e-83
2	Immune cells	Mono/Macro	cDC1	HMGB2	-0.54	29.9	3.98e-83
2	Immune cells	Mono/Macro	cDC1	PHLDA1	-0.29	27.2	6.16e-82
2	Immune cells	Mono/Macro	cDC1	PRCP	0.52	61.2	7.59e-82
2	Immune cells	Mono/Macro	cDC1	DDT	-0.82	63.8	8.89e-82
2	Immune cells	Mono/Macro	cDC1	RBM47	0.56	60.8	1.4e-81
2	Immune cells	Mono/Macro	cDC1	CYB5A	-0.28	32.0	4.95e-81
2	Immune cells	Mono/Macro	cDC1	LSM2	-0.29	37.0	4.92e-79
2	Immune cells	Mono/Macro	cDC1	THY1	-0.3	0.8	2.59e-76
2	Immune cells	Mono/Macro	cDC1	APOA1	-1.88	64.7	6.18e-76
2	Immune cells	Mono/Macro	cDC1	KLF4	0.63	61.6	9.23e-74
2	Immune cells	Mono/Macro	cDC1	RGS5	-0.55	6.4	1.97e-73
2	Immune cells	Mono/Macro	cDC1	TREM2	0.63	55.0	4.84e-73
2	Immune cells	Mono/Macro	cDC1	COL3A1	-0.34	2.3	8.69e-73
2	Immune cells	Mono/Macro	cDC1	MMP9	0.64	60.3	2.33e-72
2	Immune cells	Mono/Macro	cDC1	C8orf59	-0.31	45.8	1.47e-71
2	Immune cells	Mono/Macro	cDC1	STAT1	0.49	66.7	1.54e-70
2	Immune cells	Mono/Macro	cDC1	BIRC3	-0.35	25.3	3.13e-70
2	Immune cells	Mono/Macro	cDC1	BNIP3	-0.26	34.0	6.52e-70
2	Immune cells	Mono/Macro	cDC1	SEC61G	-0.43	80.0	1.44e-69
2	Immune cells	Mono/Macro	cDC1	MDH2	-0.27	40.5	1.57e-68
2	Immune cells	Mono/Macro	cDC1	VSIG4	0.62	50.0	4.33e-68
2	Immune cells	Mono/Macro	cDC1	IER3	0.32	83.0	8.36e-68
2	Immune cells	Mono/Macro	cDC1	PRDX2	-0.49	55.4	3.7e-67
2	Immune cells	Mono/Macro	cDC1	NRP2	0.54	53.3	6.28e-67
2	Immune cells	Mono/Macro	cDC1	CXCL12	0.65	40.6	1.08e-65
2	Immune cells	Mono/Macro	cDC1	MT2A	-0.35	40.7	2.29e-65
2	Immune cells	Mono/Macro	cDC1	COX7A2L	-0.39	51.4	1e-64
2	Immune cells	Mono/Macro	cDC1	TUBA1C	-0.25	38.0	1.54e-64
2	Immune cells	Mono/Macro	cDC1	NPM1	-0.41	90.6	4.8e-64
2	Immune cells	Mono/Macro	cDC1	SLIRP	-0.36	48.8	7.97e-64
2	Immune cells	Mono/Macro	cDC1	RGCC	-0.52	33.0	1.22e-63
2	Immune cells	Mono/Macro	cDC1	TPSB2	-0.71	1.2	5.08e-63
2	Immune cells	Mono/Macro	cDC1	EBI3	0.56	46.3	2.54e-62
2	Immune cells	Mono/Macro	cDC1	RAN	-0.37	67.0	1.29e-61
2	Immune cells	Mono/Macro	cDC1	CFD	0.67	53.2	4.24e-61
2	Immune cells	Mono/Macro	cDC1	H2AFZ	-0.57	67.8	2.21e-59
2	Immune cells	Mono/Macro	cDC1	PRDX4	-0.31	40.6	1.48e-58
2	Immune cells	Mono/Macro	cDC1	IGKC	-2.61	25.8	7.65e-58
2	Immune cells	Mono/Macro	cDC1	HCK	0.47	50.5	8.85e-57
2	Immune cells	Mono/Macro	cDC1	CCL5	-1.03	23.4	1.04e-54
2	Immune cells	Mono/Macro	cDC1	RSL24D1	-0.29	55.4	1.56e-54
2	Immune cells	Mono/Macro	cDC1	ENTPD1	0.44	52.2	7.78e-54
2	Immune cells	Mono/Macro	cDC1	CD5L	0.94	31.4	3.11e-52
2	Immune cells	Mono/Macro	cDC1	MT-ND6	-0.35	37.4	1.93e-51
2	Immune cells	Mono/Macro	cDC1	BCAT1	0.45	60.2	3.6e-51
2	Immune cells	Mono/Macro	cDC1	IDH1	0.39	63.2	3.62e-51
2	Immune cells	Mono/Macro	cDC1	FSCN1	0.68	48.6	1.03e-50
2	Immune cells	Mono/Macro	cDC1	TXN	-0.34	67.9	3.85e-48
2	Immune cells	Mono/Macro	cDC1	CXCL10	0.37	11.0	9.03e-48
2	Immune cells	Mono/Macro	cDC1	CD83	0.35	67.6	5.16e-47
2	Immune cells	Mono/Macro	cDC1	TNFAIP2	0.44	54.3	8.99e-45
2	Immune cells	Mono/Macro	cDC1	KDELR2	-0.28	54.9	1.84e-44
2	Immune cells	Mono/Macro	cDC1	STC1	-0.46	0.3	4.54e-44
2	Immune cells	Mono/Macro	cDC1	ITGAV	0.46	55.2	4.74e-44
2	Immune cells	Mono/Macro	cDC1	ENPP2	0.6	51.4	1.57e-43
2	Immune cells	Mono/Macro	cDC1	TMEM37	0.46	49.6	7.7e-43
2	Immune cells	Mono/Macro	cDC1	ETFB	-0.33	51.2	9.05e-43
2	Immune cells	Mono/Macro	cDC1	UQCRH	-0.33	81.7	1.8e-42
2	Immune cells	Mono/Macro	cDC1	HAVCR2	0.43	53.4	1.97e-42
2	Immune cells	Mono/Macro	cDC1	MT1G	0.27	16.5	1.5e-38
2	Immune cells	Mono/Macro	cDC1	IL1B	-0.54	35.7	1.36e-37
2	Immune cells	Mono/Macro	cDC1	SQSTM1	-0.76	85.4	4.8e-37
2	Immune cells	Mono/Macro	cDC1	P2RY13	0.55	37.8	6.72e-37
2	Immune cells	Mono/Macro	cDC1	BASP1	0.33	55.5	3.14e-35
2	Immune cells	Mono/Macro	cDC1	EIF3E	-0.33	80.9	1.52e-34
2	Immune cells	Mono/Macro	cDC1	SUCNR1	0.49	40.4	5.04e-34
2	Immune cells	Mono/Macro	cDC1	FAM46A	0.51	55.9	7.54e-34
2	Immune cells	Mono/Macro	cDC1	CCL2	1.02	46.9	1.06e-33
2	Immune cells	Mono/Macro	cDC1	IGSF21	0.47	33.9	1.19e-32
2	Immune cells	Mono/Macro	cDC1	C5AR1	0.39	53.5	5.62e-32
2	Immune cells	Mono/Macro	cDC1	S100A9	-0.79	58.8	2.53e-26
2	Immune cells	Mono/Macro	cDC1	CXCL9	0.48	10.2	1.32e-24
2	Immune cells	Mono/Macro	cDC1	HES1	0.73	47.8	1.33e-23
2	Immune cells	Mono/Macro	cDC1	MGST2	0.29	60.7	7.91e-22
2	Immune cells	Mono/Macro	cDC1	PRDX5	-0.26	68.5	1.48e-21
2	Immune cells	Mono/Macro	cDC1	VMO1	0.44	39.8	2.72e-20
2	Immune cells	Mono/Macro	cDC1	ZFAND2A	-0.33	44.9	1.45e-19
2	Immune cells	Mono/Macro	cDC1	IL10	0.28	21.4	3.42e-19
2	Immune cells	Mono/Macro	cDC1	ENG	0.38	43.1	3.56e-18
2	Immune cells	Mono/Macro	cDC1	CCL4	0.33	60.8	1.53e-17
2	Immune cells	Mono/Macro	cDC1	PECAM1	0.39	38.9	9.58e-17
2	Immune cells	Mono/Macro	cDC1	SPIC	0.39	27.3	4.47e-16
2	Immune cells	Mono/Macro	cDC1	CLEC7A	0.35	48.6	5.77e-16
2	Immune cells	Mono/Macro	cDC1	ICAM1	0.32	57.6	9.01e-16
2	Immune cells	Mono/Macro	cDC1	ACVRL1	0.37	33.7	2.6e-15
2	Immune cells	Mono/Macro	cDC1	CCL4L2	0.57	53.0	4.37e-15
2	Immune cells	Mono/Macro	cDC1	ETS2	0.36	49.2	2.07e-13
2	Immune cells	Mono/Macro	cDC1	PHACTR1	0.43	42.8	3.33e-12
2	Immune cells	Mono/Macro	cDC1	FAM49A	0.38	38.9	9.41e-11
2	Immune cells	Mono/Macro	cDC1	LYVE1	0.4	13.6	4.63e-09
2	Immune cells	Mono/Macro	cDC1	CCL13	0.56	20.4	5.5e-09
2	Immune cells	Mono/Macro	cDC1	IL4I1	0.35	48.3	4.28e-08
2	Immune cells	Mono/Macro	cDC1	CD180	0.35	34.6	7.27e-08
2	Immune cells	Mono/Macro	cDC1	CCL3L3	0.55	48.2	7.59e-08
2	Immune cells	Mono/Macro	cDC1	DUSP6	0.28	52.9	8.61e-08
2	Immune cells	Mono/Macro	cDC1	IFI44L	0.28	26.9	2.96e-07
2	Immune cells	Mono/Macro	cDC1	NCOA7	0.28	47.6	4.01e-07
2	Immune cells	Mono/Macro	cDC1	PMP22	0.3	37.5	5.38e-07
2	Immune cells	Mono/Macro	cDC1	CXCL8	-0.34	49.0	2.24e-06
2	Immune cells	Mono/Macro	cDC1	P2RY6	0.38	34.0	2.28e-06
2	Immune cells	Mono/Macro	cDC1	CCL18	0.3	13.0	4.05e-06
2	Immune cells	Mono/Macro	cDC1	PLXDC2	0.33	38.5	6.33e-06
20	Immune cells	Mast	Mast	CTSG	4.68	98.5	0
20	Immune cells	Mast	Mast	TPSAB1	3.79	98.5	0
20	Immune cells	Mast	Mast	CPA3	3.71	98.5	0
20	Immune cells	Mast	Mast	MS4A2	2.11	96.3	0
20	Immune cells	Mast	Mast	SLC18A2	1.98	97.0	0
20	Immune cells	Mast	Mast	GATA2	1.96	97.0	0
20	Immune cells	Mast	Mast	HDC	1.13	96.3	0
20	Immune cells	Mast	Mast	CMA1	1.12	95.5	0
20	Immune cells	Mast	Mast	CADPS	0.97	94.0	0
20	Immune cells	Mast	Mast	RP11-354E11.2	0.91	95.5	0
20	Immune cells	Mast	Mast	SIGLEC8	0.89	94.0	0
20	Immune cells	Mast	Mast	AMHR2	0.85	94.0	0
20	Immune cells	Mast	Mast	SDPR	0.61	94.0	0
20	Immune cells	Mast	Mast	TMEM233	0.54	93.3	0
20	Immune cells	Mast	Mast	TPSD1	0.5	94.0	0
20	Immune cells	Mast	Mast	ADCYAP1	0.49	92.5	0
20	Immune cells	Mast	Mast	CYTL1	0.32	93.3	0
20	Immune cells	Mast	Mast	RHOJ	0.31	93.3	0
20	Immune cells	Mast	Mast	MIR202HG	0.27	92.5	0
20	Immune cells	Mast	Mast	GPR42	0.33	93.3	8.59e-290
20	Immune cells	Mast	Mast	IL3RA	0.4	94.0	4.65e-281
20	Immune cells	Mast	Mast	AEBP1	0.38	94.0	1.13e-247
20	Immune cells	Mast	Mast	FCER1A	0.98	96.3	6.18e-245
20	Immune cells	Mast	Mast	CALB2	0.55	94.0	3.23e-217
20	Immune cells	Mast	Mast	TMEM255B	0.82	94.8	2.24e-209
20	Immune cells	Mast	Mast	C1orf186	2.19	99.3	2.03e-208
20	Immune cells	Mast	Mast	TPSB2	5.02	98.5	4.46e-208
20	Immune cells	Mast	Mast	CPXM1	0.39	93.3	1.83e-178
20	Immune cells	Mast	Mast	RGS13	1.89	97.8	3.06e-177
20	Immune cells	Mast	Mast	CLNK	0.56	96.3	3.63e-168
20	Immune cells	Mast	Mast	IL1RL1	1.26	94.8	2.15e-158
20	Immune cells	Mast	Mast	RAB27B	1.05	96.3	1.62e-130
20	Immune cells	Mast	Mast	KIT	1.42	97.8	2.35e-130
20	Immune cells	Mast	Mast	AKAP12	0.29	95.5	7.61e-126
20	Immune cells	Mast	Mast	FAM151A	0.29	93.3	2.69e-120
20	Immune cells	Mast	Mast	CBR3	0.29	94.0	1.69e-117
20	Immune cells	Mast	Mast	HPGDS	3.07	99.3	4.07e-115
20	Immune cells	Mast	Mast	TPPP3	-0.29	92.5	1.46e-106
20	Immune cells	Mast	Mast	HSPG2	0.43	94.0	2.57e-105
20	Immune cells	Mast	Mast	CENPU	0.27	94.0	4.53e-103
20	Immune cells	Mast	Mast	NMT2	0.76	95.5	2.74e-90
20	Immune cells	Mast	Mast	FERMT2	0.75	94.8	3.83e-89
20	Immune cells	Mast	Mast	KCNE3	0.72	96.3	5.67e-84
20	Immune cells	Mast	Mast	CD69	2.84	99.3	9.79e-78
20	Immune cells	Mast	Mast	ARL4D	0.44	94.8	1.95e-77
20	Immune cells	Mast	Mast	HS3ST1	0.41	94.8	4.95e-68
20	Immune cells	Mast	Mast	HPGD	2.4	99.3	8.96e-68
20	Immune cells	Mast	Mast	IGHG2	-0.34	93.3	1.8e-67
20	Immune cells	Mast	Mast	MT1F	0.32	94.0	4.36e-63
20	Immune cells	Mast	Mast	RAB3C	0.27	94.0	2.7e-60
20	Immune cells	Mast	Mast	HBA2	1.83	84.3	5.81e-60
20	Immune cells	Mast	Mast	DTYMK	0.34	94.8	3.47e-59
20	Immune cells	Mast	Mast	LTC4S	1.28	95.5	4.44e-59
20	Immune cells	Mast	Mast	PLAU	0.48	94.8	6.77e-59
20	Immune cells	Mast	Mast	SERPINA1	-2.57	95.5	3.95e-58
20	Immune cells	Mast	Mast	OCIAD2	0.29	94.0	9.09e-58
20	Immune cells	Mast	Mast	EREG	-0.46	94.0	2.53e-54
20	Immune cells	Mast	Mast	HES4	0.36	94.0	9.02e-53
20	Immune cells	Mast	Mast	ALOX5AP	1.28	98.5	9.84e-53
20	Immune cells	Mast	Mast	RGS5	-0.63	93.3	1.7e-52
20	Immune cells	Mast	Mast	NKG7	-0.54	93.3	3.56e-51
20	Immune cells	Mast	Mast	ITM2A	0.87	96.3	2.01e-50
20	Immune cells	Mast	Mast	MEIS2	0.44	93.3	1.5e-48
20	Immune cells	Mast	Mast	RP11-473M20.16	0.58	93.3	5.38e-48
20	Immune cells	Mast	Mast	RGS16	0.26	93.3	3.26e-47
20	Immune cells	Mast	Mast	NR4A3	0.42	94.0	2.73e-46
20	Immune cells	Mast	Mast	RNASEH2A	0.32	94.0	3.15e-46
20	Immune cells	Mast	Mast	RBMX2	0.29	94.8	8.65e-46
20	Immune cells	Mast	Mast	S100A6	1.14	100.0	9.56e-46
20	Immune cells	Mast	Mast	MAOB	0.4	95.5	1.74e-44
20	Immune cells	Mast	Mast	FAH	0.34	94.0	6.79e-42
20	Immune cells	Mast	Mast	XCL1	-0.28	93.3	9.29e-42
20	Immune cells	Mast	Mast	CD9	1.19	98.5	2.64e-41
20	Immune cells	Mast	Mast	CENPF	-0.25	93.3	2.95e-41
20	Immune cells	Mast	Mast	WBP5	0.65	94.0	5.92e-41
20	Immune cells	Mast	Mast	TIMP3	0.68	93.3	6.51e-41
20	Immune cells	Mast	Mast	SLC26A2	0.61	94.0	7.92e-41
20	Immune cells	Mast	Mast	JCHAIN	-0.46	93.3	8.12e-41
20	Immune cells	Mast	Mast	CKS2	0.77	97.0	8.53e-41
20	Immune cells	Mast	Mast	IFI27	-0.28	93.3	1.14e-40
20	Immune cells	Mast	Mast	DDIT3	0.98	95.5	2.55e-40
20	Immune cells	Mast	Mast	PMEPA1	0.27	93.3	9.34e-40
20	Immune cells	Mast	Mast	TCEAL8	0.35	95.5	9.85e-40
20	Immune cells	Mast	Mast	GPR34	0.27	95.5	1.3e-38
20	Immune cells	Mast	Mast	MT1G	-0.25	93.3	2.02e-36
20	Immune cells	Mast	Mast	PBX1	0.26	94.0	1.52e-35
20	Immune cells	Mast	Mast	TNFRSF18	-0.26	93.3	8.75e-35
20	Immune cells	Mast	Mast	EXOSC4	0.36	95.5	2.64e-34
20	Immune cells	Mast	Mast	RRAD	0.85	93.3	6.06e-34
20	Immune cells	Mast	Mast	TNFSF10	1.09	95.5	1.08e-33
20	Immune cells	Mast	Mast	CMSS1	0.33	94.0	6.84e-33
20	Immune cells	Mast	Mast	CLU	0.74	99.3	2.14e-32
20	Immune cells	Mast	Mast	GNLY	-0.57	93.3	2.14e-32
20	Immune cells	Mast	Mast	PLAUR	0.87	97.0	2.5e-32
20	Immune cells	Mast	Mast	SERPINB1	1.45	99.3	4.87e-32
20	Immune cells	Mast	Mast	IFNG	-0.62	93.3	5.47e-32
20	Immune cells	Mast	Mast	FOS	2.45	100.0	2.73e-31
20	Immune cells	Mast	Mast	ASRGL1	0.31	93.3	3.91e-31
20	Immune cells	Mast	Mast	LPCAT2	0.37	93.3	8.65e-31
20	Immune cells	Mast	Mast	TOP2A	-0.32	93.3	1.07e-30
20	Immune cells	Mast	Mast	C7orf55	0.38	94.0	1.95e-30
20	Immune cells	Mast	Mast	TIGIT	-0.51	93.3	2.11e-30
20	Immune cells	Mast	Mast	LINC01272	-0.3	93.3	6.53e-30
20	Immune cells	Mast	Mast	APOA2	-2.34	99.3	1.74e-29
20	Immune cells	Mast	Mast	CD55	0.31	94.8	2.36e-29
20	Immune cells	Mast	Mast	APOA1	-2.29	95.5	2.6e-29
20	Immune cells	Mast	Mast	APOE	-1.54	94.8	7.71e-29
20	Immune cells	Mast	Mast	BLVRB	-1.17	94.8	3e-27
20	Immune cells	Mast	Mast	TRBC1	-0.66	93.3	3.11e-27
20	Immune cells	Mast	Mast	LAIR2	-0.35	93.3	4.05e-27
20	Immune cells	Mast	Mast	CTLA4	-0.39	93.3	1.75e-26
20	Immune cells	Mast	Mast	IGFBP1	-0.4	94.0	2.89e-26
20	Immune cells	Mast	Mast	LIF	0.68	94.0	5.65e-26
20	Immune cells	Mast	Mast	ALDH1A1	0.51	96.3	7.86e-26
20	Immune cells	Mast	Mast	VSIG4	-0.26	93.3	1.27e-25
20	Immune cells	Mast	Mast	PTRH2	0.33	94.8	2.07e-25
20	Immune cells	Mast	Mast	CD27	-0.44	93.3	9.16e-25
20	Immune cells	Mast	Mast	ICOS	-0.41	93.3	1.31e-24
20	Immune cells	Mast	Mast	SOX4	0.79	94.8	1.8e-24
20	Immune cells	Mast	Mast	PMP22	0.42	94.0	4.45e-24
20	Immune cells	Mast	Mast	ANXA4	0.85	96.3	2.56e-23
20	Immune cells	Mast	Mast	AREG	0.41	94.0	3.38e-23
20	Immune cells	Mast	Mast	GADD45G	1.19	94.0	4.43e-23
20	Immune cells	Mast	Mast	PTGS2	0.94	94.0	1.21e-22
20	Immune cells	Mast	Mast	MT2A	2.24	97.8	2.72e-22
20	Immune cells	Mast	Mast	SOD2	-1.35	93.3	4.53e-22
20	Immune cells	Mast	Mast	LBH	-0.34	93.3	6.56e-22
20	Immune cells	Mast	Mast	CXCL17	-0.44	94.8	1.18e-21
20	Immune cells	Mast	Mast	HBB	2.24	53.7	5.21e-21
20	Immune cells	Mast	Mast	A2M	-1.12	93.3	5.26e-21
20	Immune cells	Mast	Mast	FABP1	-2.04	94.8	1.7e-20
20	Immune cells	Mast	Mast	ACSL4	0.95	97.8	2.64e-20
20	Immune cells	Mast	Mast	C1orf162	0.53	95.5	2.67e-20
20	Immune cells	Mast	Mast	EPB41L3	-0.27	93.3	3.3e-20
20	Immune cells	Mast	Mast	ANXA2	-1.05	94.0	3.43e-20
20	Immune cells	Mast	Mast	KLF4	0.31	95.5	3.48e-20
20	Immune cells	Mast	Mast	EEF1E1	0.27	95.5	5.2e-20
20	Immune cells	Mast	Mast	TMEM37	-0.3	11.2	5.55e-20
20	Immune cells	Mast	Mast	SPARC	-0.73	91.0	1.04e-19
20	Immune cells	Mast	Mast	ZFAND1	0.43	94.0	1.67e-19
20	Immune cells	Mast	Mast	CD14	-1.6	91.0	2.6e-19
20	Immune cells	Mast	Mast	APOC1	-1.7	96.3	6.94e-19
20	Immune cells	Mast	Mast	RPL8	-0.68	99.3	9.09e-19
20	Immune cells	Mast	Mast	RPL7	-0.83	98.5	1.07e-18
20	Immune cells	Mast	Mast	IGFBP3	-0.26	93.3	1.37e-18
20	Immune cells	Mast	Mast	AFP	-1.79	94.8	2.96e-18
20	Immune cells	Mast	Mast	DUT	0.42	95.5	4.56e-18
20	Immune cells	Mast	Mast	SEPP1	-2.08	94.8	5.62e-18
20	Immune cells	Mast	Mast	SPOCK2	-0.42	93.3	6.11e-18
20	Immune cells	Mast	Mast	NPM1	-0.75	98.5	1.37e-17
20	Immune cells	Mast	Mast	TYROBP	0.52	97.8	2.63e-17
20	Immune cells	Mast	Mast	C4BPB	-0.27	2.2	7.73e-17
20	Immune cells	Mast	Mast	SLC2A3	0.51	94.8	8.56e-17
20	Immune cells	Mast	Mast	HACD1	-0.33	93.3	8.94e-17
20	Immune cells	Mast	Mast	ITGA1	-0.25	94.0	1.44e-16
20	Immune cells	Mast	Mast	FABP5	-1.77	94.8	1.64e-16
20	Immune cells	Mast	Mast	DUSP1	1.98	100.0	1.86e-16
20	Immune cells	Mast	Mast	RPS27L	1.11	98.5	2.02e-16
20	Immune cells	Mast	Mast	ACTA2	-0.32	93.3	3.14e-16
20	Immune cells	Mast	Mast	GZMA	-0.69	93.3	3.66e-16
20	Immune cells	Mast	Mast	C1QB	-2.22	93.3	4.84e-16
20	Immune cells	Mast	Mast	TSC22D1	0.79	96.3	1.1e-15
20	Immune cells	Mast	Mast	FKBP10	-0.3	15.7	1.32e-15
20	Immune cells	Mast	Mast	TRAM1	-1.03	94.0	1.72e-15
20	Immune cells	Mast	Mast	IGHM	-0.91	93.3	1.73e-15
20	Immune cells	Mast	Mast	DNAJA4	0.27	94.8	1.85e-15
20	Immune cells	Mast	Mast	MT1X	0.33	94.8	1.95e-15
20	Immune cells	Mast	Mast	LGALS3	0.7	98.5	2.09e-15
20	Immune cells	Mast	Mast	S100A10	-0.8	95.5	2.19e-15
20	Immune cells	Mast	Mast	HLA-DRA	-2.5	94.0	2.94e-15
20	Immune cells	Mast	Mast	NEAT1	-0.92	98.5	3.02e-15
20	Immune cells	Mast	Mast	IGF1	-0.31	7.5	4.09e-15
20	Immune cells	Mast	Mast	KLRB1	-1.03	93.3	1.38e-14
20	Immune cells	Mast	Mast	AHSG	-1.91	95.5	1.94e-14
20	Immune cells	Mast	Mast	FABP4	-1.04	93.3	2.45e-14
20	Immune cells	Mast	Mast	FCER1G	0.4	99.3	3.91e-14
20	Immune cells	Mast	Mast	GATM	-0.98	93.3	7.75e-14
20	Immune cells	Mast	Mast	FCGBP	-0.29	93.3	8.95e-14
20	Immune cells	Mast	Mast	CD2	-1.03	93.3	9.53e-14
20	Immune cells	Mast	Mast	GEM	-0.32	93.3	1.05e-13
20	Immune cells	Mast	Mast	IGLC2	-1.91	93.3	1.68e-13
20	Immune cells	Mast	Mast	VTN	-1.75	94.8	1.75e-13
20	Immune cells	Mast	Mast	PROC	-0.35	94.0	2.35e-13
20	Immune cells	Mast	Mast	GBP4	-0.25	93.3	2.62e-13
20	Immune cells	Mast	Mast	SPP1	-2.58	96.3	2.99e-13
20	Immune cells	Mast	Mast	THBS1	0.52	93.3	3.04e-13
20	Immune cells	Mast	Mast	CCL3L3	-0.98	93.3	6.7e-13
20	Immune cells	Mast	Mast	MKI67	-0.27	91.8	6.88e-13
20	Immune cells	Mast	Mast	STEAP1	-0.33	14.2	9.23e-13
20	Immune cells	Mast	Mast	TUBA4A	-0.44	93.3	1.04e-12
20	Immune cells	Mast	Mast	COX5A	-0.88	94.8	1.07e-12
20	Immune cells	Mast	Mast	BATF	-0.4	94.0	1.1e-12
20	Immune cells	Mast	Mast	AKR1C1	-1.75	94.0	1.29e-12
20	Immune cells	Mast	Mast	IGHG1	-3.41	93.3	1.7e-12
20	Immune cells	Mast	Mast	IGHG3	-2.29	93.3	1.86e-12
20	Immune cells	Mast	Mast	S100A9	-1.66	94.0	2.28e-12
20	Immune cells	Mast	Mast	TIMP1	0.57	98.5	2.69e-12
20	Immune cells	Mast	Mast	LSM4	0.46	95.5	3.41e-12
20	Immune cells	Mast	Mast	IL7R	-0.56	93.3	3.41e-12
20	Immune cells	Mast	Mast	DDT	-1.07	95.5	3.87e-12
20	Immune cells	Mast	Mast	PAH	-0.26	23.1	5.95e-12
20	Immune cells	Mast	Mast	IGFBP7	-1.17	92.5	5.96e-12
20	Immune cells	Mast	Mast	F13A1	-0.54	93.3	7.41e-12
20	Immune cells	Mast	Mast	HMOX1	-0.68	93.3	9.11e-12
20	Immune cells	Mast	Mast	CXCL2	-0.27	94.0	1.44e-11
20	Immune cells	Mast	Mast	TRAC	-0.94	93.3	1.69e-11
20	Immune cells	Mast	Mast	DNPH1	-0.75	93.3	1.72e-11
20	Immune cells	Mast	Mast	CRIP1	-0.4	94.8	1.82e-11
20	Immune cells	Mast	Mast	G0S2	-0.62	93.3	2e-11
20	Immune cells	Mast	Mast	NDUFA4L2	-0.26	1.5	2.17e-11
20	Immune cells	Mast	Mast	RPL39	0.29	100.0	3.32e-11
20	Immune cells	Mast	Mast	PHGDH	-0.31	25.4	4.52e-11
20	Immune cells	Mast	Mast	SDF2L1	0.5	94.8	6.62e-11
20	Immune cells	Mast	Mast	CSF1	0.28	95.5	7.38e-11
20	Immune cells	Mast	Mast	S100P	-0.32	93.3	1.18e-10
20	Immune cells	Mast	Mast	NR2F2	-0.33	93.3	1.45e-10
20	Immune cells	Mast	Mast	SEC61G	-0.51	96.3	2.26e-10
20	Immune cells	Mast	Mast	STAB1	-0.33	94.0	2.42e-10
20	Immune cells	Mast	Mast	SLC40A1	-1.81	93.3	3.28e-10
20	Immune cells	Mast	Mast	FCGR2B	-0.27	15.7	3.3e-10
20	Immune cells	Mast	Mast	HLA-DRB1	-1.95	95.5	3.44e-10
20	Immune cells	Mast	Mast	TRBC2	-0.83	93.3	6.08e-10
20	Immune cells	Mast	Mast	IGFBP4	-0.26	93.3	6.38e-10
20	Immune cells	Mast	Mast	DNAJB9	0.55	94.0	7.2e-10
20	Immune cells	Mast	Mast	AMBP	-1.85	94.0	7.73e-10
20	Immune cells	Mast	Mast	RHOB	-0.67	94.8	7.82e-10
20	Immune cells	Mast	Mast	MGST2	0.26	94.8	9.82e-10
20	Immune cells	Mast	Mast	TUBA1C	0.42	94.8	9.82e-10
20	Immune cells	Mast	Mast	MRPL14	0.42	96.3	1.29e-09
20	Immune cells	Mast	Mast	ERH	0.6	97.8	1.44e-09
20	Immune cells	Mast	Mast	IER3	0.53	97.8	1.86e-09
20	Immune cells	Mast	Mast	ENTPD1	-0.33	93.3	1.89e-09
20	Immune cells	Mast	Mast	ALB	-1.98	97.8	1.93e-09
20	Immune cells	Mast	Mast	IL1RN	-0.74	93.3	2.36e-09
20	Immune cells	Mast	Mast	LAPTM4B	-0.42	94.0	2.4e-09
20	Immune cells	Mast	Mast	AURKA	-0.3	93.3	2.41e-09
20	Immune cells	Mast	Mast	CPVL	-0.42	94.8	3.02e-09
20	Immune cells	Mast	Mast	CXCL8	-1.13	94.0	3.54e-09
20	Immune cells	Mast	Mast	RCN1	-0.27	94.0	3.79e-09
20	Immune cells	Mast	Mast	HIST1H4C	-0.42	93.3	6.13e-09
20	Immune cells	Mast	Mast	AADAC	-0.27	93.3	7.98e-09
20	Immune cells	Mast	Mast	C20orf24	0.3	94.0	8.73e-09
20	Immune cells	Mast	Mast	CYSTM1	0.37	96.3	1.16e-08
20	Immune cells	Mast	Mast	SCD	-0.9	93.3	1.24e-08
20	Immune cells	Mast	Mast	EEF1B2	0.35	100.0	1.45e-08
20	Immune cells	Mast	Mast	PERP	-0.37	93.3	1.58e-08
20	Immune cells	Mast	Mast	PRDX2	-0.51	94.0	1.6e-08
20	Immune cells	Mast	Mast	IL1B	-1.28	93.3	1.95e-08
20	Immune cells	Mast	Mast	SERPINE1	-0.32	93.3	2.02e-08
20	Immune cells	Mast	Mast	GC	-0.74	94.0	2.71e-08
20	Immune cells	Mast	Mast	CHCHD10	-0.63	95.5	2.89e-08
20	Immune cells	Mast	Mast	COL4A2	-0.33	2.2	3.42e-08
20	Immune cells	Mast	Mast	CCL4	-0.4	94.8	5.15e-08
20	Immune cells	Mast	Mast	BCHE	-0.68	94.0	5.57e-08
20	Immune cells	Mast	Mast	TMEM176A	0.31	96.3	6.21e-08
20	Immune cells	Mast	Mast	NR4A1	0.37	94.8	6.6e-08
20	Immune cells	Mast	Mast	TF	-1.58	94.8	1.48e-07
20	Immune cells	Mast	Mast	LY96	-0.77	93.3	1.5e-07
20	Immune cells	Mast	Mast	UBE2S	0.42	94.8	1.64e-07
20	Immune cells	Mast	Mast	CCL5	-0.87	93.3	2.14e-07
20	Immune cells	Mast	Mast	BCAT1	-0.55	93.3	2.64e-07
20	Immune cells	Mast	Mast	SPON2	-0.26	93.3	2.9e-07
20	Immune cells	Mast	Mast	KRT8	-0.59	94.0	4.01e-07
20	Immune cells	Mast	Mast	COL1A2	-0.29	5.2	4.28e-07
20	Immune cells	Mast	Mast	C12orf75	-0.29	93.3	5.2e-07
20	Immune cells	Mast	Mast	C5AR1	-0.54	93.3	5.23e-07
20	Immune cells	Mast	Mast	MNDA	-0.6	56.0	6.66e-07
20	Immune cells	Mast	Mast	ANG	-0.46	50.0	7.38e-07
20	Immune cells	Mast	Mast	LTB	-1.22	93.3	7.96e-07
20	Immune cells	Mast	Mast	GSTP1	0.3	97.8	8.02e-07
20	Immune cells	Mast	Mast	MGST1	-0.82	94.0	9.58e-07
20	Immune cells	Mast	Mast	ETFB	-0.65	94.0	9.78e-07
20	Immune cells	Mast	Mast	LGALS2	-0.27	20.9	1.01e-06
20	Immune cells	Mast	Mast	NME1	-0.56	94.0	1.09e-06
20	Immune cells	Mast	Mast	HBA1	0.58	2.2	1.44e-06
20	Immune cells	Mast	Mast	FOLR2	-0.74	93.3	1.62e-06
20	Immune cells	Mast	Mast	PDIA4	-0.48	93.3	1.96e-06
20	Immune cells	Mast	Mast	C1orf54	-0.39	94.0	2.18e-06
20	Immune cells	Mast	Mast	MPEG1	-0.7	76.9	2.23e-06
20	Immune cells	Mast	Mast	IGHG4	-3.27	93.3	2.56e-06
20	Immune cells	Mast	Mast	MCTS1	0.27	95.5	2.8e-06
20	Immune cells	Mast	Mast	CP	-1.1	94.0	4.76e-06
20	Immune cells	Mast	Mast	IGLC3	-1.09	9.0	5.18e-06
20	Immune cells	Mast	Mast	CA2	-0.35	93.3	5.25e-06
20	Immune cells	Mast	Mast	PRDX3	-0.4	93.3	5.37e-06
20	Immune cells	Mast	Mast	TCEB1	-0.57	94.8	5.91e-06
20	Immune cells	Mast	Mast	TGFBI	-0.68	93.3	6.66e-06
20	Immune cells	Mast	Mast	HLA-DQA1	-1.4	94.0	8.33e-06
20	Immune cells	Mast	Mast	HBEGF	-0.36	93.3	8.47e-06
3	Immune cells	CD8T	CD8Tcm	GZMK	1.17	92.7	0
3	Immune cells	CD8T	CD8Tcm	CCL5	1.16	93.6	0
3	Immune cells	CD8T	CD8Tcm	GZMA	0.96	93.3	0
3	Immune cells	CD8T	CD8Tcm	IFNG	0.94	93.2	0
3	Immune cells	CD8T	CD8Tcm	CD2	0.84	93.9	0
3	Immune cells	CD8T	CD8Tcm	NKG7	0.74	93.0	0
3	Immune cells	CD8T	CD8Tcm	IL7R	0.71	94.1	0
3	Immune cells	CD8T	CD8Tcm	TNFSF9	0.7	93.0	0
3	Immune cells	CD8T	CD8Tcm	CD69	0.7	94.1	0
3	Immune cells	CD8T	CD8Tcm	TUBA4A	0.64	93.2	0
3	Immune cells	CD8T	CD8Tcm	TRBC1	0.63	93.6	0
3	Immune cells	CD8T	CD8Tcm	XCL2	0.58	92.8	0
3	Immune cells	CD8T	CD8Tcm	CD8A	0.52	92.6	0
3	Immune cells	CD8T	CD8Tcm	TNFSF14	0.52	93.1	0
3	Immune cells	CD8T	CD8Tcm	GZMH	0.51	85.0	0
3	Immune cells	CD8T	CD8Tcm	DUSP4	0.5	93.0	0
3	Immune cells	CD8T	CD8Tcm	CRTAM	0.47	87.6	0
3	Immune cells	CD8T	CD8Tcm	TRGC2	0.47	93.0	0
3	Immune cells	CD8T	CD8Tcm	XCL1	0.44	92.6	0
3	Immune cells	CD8T	CD8Tcm	KLRB1	0.4	93.0	0
3	Immune cells	CD8T	CD8Tcm	AC092580.4	0.34	92.8	0
3	Immune cells	CD8T	CD8Tcm	CCR7	0.34	92.6	0
3	Immune cells	CD8T	CD8Tcm	CSF1	0.33	93.5	0
3	Immune cells	CD8T	CD8Tcm	MT1E	0.29	93.1	0
3	Immune cells	CD8T	CD8Tcm	LBH	0.29	93.2	0
3	Immune cells	CD8T	CD8Tcm	PMEPA1	0.29	92.6	0
3	Immune cells	CD8T	CD8Tcm	CD40LG	0.29	93.0	0
3	Immune cells	CD8T	CD8Tcm	PRF1	0.28	92.8	0
3	Immune cells	CD8T	CD8Tcm	TRGC1	0.27	92.6	0
3	Immune cells	CD8T	CD8Tcm	GNLY	0.27	86.8	0
3	Immune cells	CD8T	CD8Tcm	RGS16	0.26	93.0	0
3	Immune cells	CD8T	CD8Tcm	HLA-DQA2	0.25	82.6	0
3	Immune cells	CD8T	CD8Tcm	ACTA2	-0.25	88.3	0
3	Immune cells	CD8T	CD8Tcm	LAIR2	-0.25	86.8	0
3	Immune cells	CD8T	CD8Tcm	CXCL10	-0.29	80.9	0
3	Immune cells	CD8T	CD8Tcm	TNFRSF18	-0.29	93.2	0
3	Immune cells	CD8T	CD8Tcm	JCHAIN	-0.29	79.9	0
3	Immune cells	CD8T	CD8Tcm	COL1A1	-0.34	85.4	0
3	Immune cells	CD8T	CD8Tcm	COL4A2	-0.34	64.8	0
3	Immune cells	CD8T	CD8Tcm	IGHA1	-0.37	92.9	0
3	Immune cells	CD8T	CD8Tcm	DNASE1L3	-0.41	91.7	0
3	Immune cells	CD8T	CD8Tcm	CCL2	-0.44	93.4	0
3	Immune cells	CD8T	CD8Tcm	VCAN	-0.47	90.2	0
3	Immune cells	CD8T	CD8Tcm	G0S2	-0.48	93.0	0
3	Immune cells	CD8T	CD8Tcm	EREG	-0.59	92.5	0
3	Immune cells	CD8T	CD8Tcm	IGHM	-0.64	87.4	0
3	Immune cells	CD8T	CD8Tcm	FABP4	-0.68	93.2	0
3	Immune cells	CD8T	CD8Tcm	SPARC	-0.69	85.4	0
3	Immune cells	CD8T	CD8Tcm	IGLC2	-1.83	93.4	0
3	Immune cells	CD8T	CD8Tcm	IGHG4	-2.9	93.1	0
3	Immune cells	CD8T	CD8Tcm	IGHG1	-3.38	93.0	0
3	Immune cells	CD8T	CD8Tcm	LINC01272	-0.26	93.0	3.36e-305
3	Immune cells	CD8T	CD8Tcm	ICOS	0.29	93.0	6.42e-304
3	Immune cells	CD8T	CD8Tcm	C11orf96	-0.27	88.0	2.5e-302
3	Immune cells	CD8T	CD8Tcm	SPOCK2	0.27	93.2	1.06e-297
3	Immune cells	CD8T	CD8Tcm	FCN1	-0.49	82.4	7.09e-290
3	Immune cells	CD8T	CD8Tcm	CRIP1	0.78	93.8	1.01e-285
3	Immune cells	CD8T	CD8Tcm	TRAC	0.35	93.8	3.71e-282
3	Immune cells	CD8T	CD8Tcm	TNF	0.69	93.5	1.15e-281
3	Immune cells	CD8T	CD8Tcm	TNFRSF4	-0.45	93.2	2.83e-274
3	Immune cells	CD8T	CD8Tcm	CLEC10A	-0.28	84.5	5.84e-269
3	Immune cells	CD8T	CD8Tcm	TRBC2	0.29	93.3	9.81e-267
3	Immune cells	CD8T	CD8Tcm	ITM2A	0.36	93.4	1.99e-260
3	Immune cells	CD8T	CD8Tcm	TREM2	-0.28	93.0	5.95e-257
3	Immune cells	CD8T	CD8Tcm	PDK4	-0.26	92.8	1.98e-255
3	Immune cells	CD8T	CD8Tcm	PTGS2	-0.36	93.4	5.28e-253
3	Immune cells	CD8T	CD8Tcm	IGHG3	-2.28	84.6	3.83e-250
3	Immune cells	CD8T	CD8Tcm	F13A1	-0.45	93.5	2.24e-249
3	Immune cells	CD8T	CD8Tcm	DBF4	0.27	93.2	8.68e-246
3	Immune cells	CD8T	CD8Tcm	THY1	-0.31	53.2	3.58e-245
3	Immune cells	CD8T	CD8Tcm	COL1A2	-0.36	56.9	4.63e-241
3	Immune cells	CD8T	CD8Tcm	IGLC3	-1.09	68.2	3.57e-240
3	Immune cells	CD8T	CD8Tcm	ADM	-0.26	93.8	8.15e-224
3	Immune cells	CD8T	CD8Tcm	CYR61	-0.26	70.2	6.29e-218
3	Immune cells	CD8T	CD8Tcm	NR4A3	0.38	93.6	1.77e-215
3	Immune cells	CD8T	CD8Tcm	MT1X	0.44	94.1	4.37e-212
3	Immune cells	CD8T	CD8Tcm	CD7	0.36	93.6	5.89e-210
3	Immune cells	CD8T	CD8Tcm	CD3D	0.55	94.0	8.02e-208
3	Immune cells	CD8T	CD8Tcm	IGFBP7	-0.99	73.8	1.4e-207
3	Immune cells	CD8T	CD8Tcm	CFD	-0.26	93.2	1.79e-203
3	Immune cells	CD8T	CD8Tcm	CD93	-0.3	93.2	7.78e-200
3	Immune cells	CD8T	CD8Tcm	LGALS2	-0.27	83.3	2.57e-196
3	Immune cells	CD8T	CD8Tcm	GPR34	-0.33	92.4	4.04e-194
3	Immune cells	CD8T	CD8Tcm	COL4A1	-0.37	63.0	1.63e-193
3	Immune cells	CD8T	CD8Tcm	ALOX5AP	0.26	93.5	6.38e-189
3	Immune cells	CD8T	CD8Tcm	IL1RN	-0.55	94.2	4.66e-188
3	Immune cells	CD8T	CD8Tcm	CXCL3	-0.34	94.7	6.45e-180
3	Immune cells	CD8T	CD8Tcm	C5AR1	-0.34	93.6	9.28e-178
3	Immune cells	CD8T	CD8Tcm	HK2	-0.32	92.4	3.24e-174
3	Immune cells	CD8T	CD8Tcm	MMP12	-1.26	95.1	2.72e-170
3	Immune cells	CD8T	CD8Tcm	BIRC3	0.41	94.7	3.99e-162
3	Immune cells	CD8T	CD8Tcm	MMP9	-0.75	94.3	1.74e-157
3	Immune cells	CD8T	CD8Tcm	FBP1	-0.3	93.2	9.81e-154
3	Immune cells	CD8T	CD8Tcm	FOLR2	-0.57	93.3	8.05e-148
3	Immune cells	CD8T	CD8Tcm	RGCC	0.41	95.7	5.2e-146
3	Immune cells	CD8T	CD8Tcm	PLA2G7	-0.38	93.6	1.06e-144
3	Immune cells	CD8T	CD8Tcm	BASP1	-0.32	93.6	9.85e-144
3	Immune cells	CD8T	CD8Tcm	IL4I1	-0.25	93.6	2.64e-140
3	Immune cells	CD8T	CD8Tcm	C1orf54	-0.3	93.0	1.02e-133
3	Immune cells	CD8T	CD8Tcm	CCL4L2	1.29	94.2	1.69e-133
3	Immune cells	CD8T	CD8Tcm	TOP2A	-0.32	90.0	2.17e-129
3	Immune cells	CD8T	CD8Tcm	MNDA	-0.47	92.9	3.77e-129
3	Immune cells	CD8T	CD8Tcm	CD86	-0.32	93.3	2.78e-128
3	Immune cells	CD8T	CD8Tcm	FPR3	-0.41	93.2	9.45e-126
3	Immune cells	CD8T	CD8Tcm	IFITM3	-1.21	95.1	1.19e-124
3	Immune cells	CD8T	CD8Tcm	APOE	-1.86	98.1	5.27e-123
3	Immune cells	CD8T	CD8Tcm	DNAJA4	0.33	94.6	6.7e-121
3	Immune cells	CD8T	CD8Tcm	UBE2C	-0.27	78.6	3.98e-119
3	Immune cells	CD8T	CD8Tcm	RAB11FIP1	0.27	93.7	5.87e-118
3	Immune cells	CD8T	CD8Tcm	IL1B	-0.97	95.0	5.15e-116
3	Immune cells	CD8T	CD8Tcm	IGHG2	-0.33	43.4	6.6e-114
3	Immune cells	CD8T	CD8Tcm	MEG3	-0.29	92.0	8.08e-112
3	Immune cells	CD8T	CD8Tcm	UBE2S	0.39	93.3	6.09e-110
3	Immune cells	CD8T	CD8Tcm	CCL4	1.09	95.5	9.41e-110
3	Immune cells	CD8T	CD8Tcm	MRC1	-0.53	94.3	1.08e-109
3	Immune cells	CD8T	CD8Tcm	NR4A1	0.43	94.9	1.3e-108
3	Immune cells	CD8T	CD8Tcm	ADAP2	-0.32	94.8	1.49e-108
3	Immune cells	CD8T	CD8Tcm	CPVL	-0.48	92.8	3.3e-107
3	Immune cells	CD8T	CD8Tcm	CSF1R	-0.43	93.6	4.58e-106
3	Immune cells	CD8T	CD8Tcm	RGS5	-0.64	51.8	2.47e-104
3	Immune cells	CD8T	CD8Tcm	HPGD	-0.28	93.1	7.31e-99
3	Immune cells	CD8T	CD8Tcm	HULC	-0.29	91.8	1.05e-97
3	Immune cells	CD8T	CD8Tcm	APOC1	-1.53	98.5	1.43e-97
3	Immune cells	CD8T	CD8Tcm	SEC61G	-0.42	96.2	2.02e-97
3	Immune cells	CD8T	CD8Tcm	S100P	-0.34	92.4	6.21e-97
3	Immune cells	CD8T	CD8Tcm	COX7B	-0.42	95.7	1.62e-95
3	Immune cells	CD8T	CD8Tcm	IGKC	-2.04	94.1	2.04e-94
3	Immune cells	CD8T	CD8Tcm	MS4A4A	-0.55	93.5	2.72e-94
3	Immune cells	CD8T	CD8Tcm	CXCL17	-0.63	93.0	5.99e-94
3	Immune cells	CD8T	CD8Tcm	STAB1	-0.51	94.4	6.7e-94
3	Immune cells	CD8T	CD8Tcm	RPL8	-0.51	99.1	8.47e-94
3	Immune cells	CD8T	CD8Tcm	HES1	-0.31	93.3	2.7e-88
3	Immune cells	CD8T	CD8Tcm	DRD4	-0.27	85.6	5.66e-88
3	Immune cells	CD8T	CD8Tcm	MPEG1	-0.53	93.2	1.84e-86
3	Immune cells	CD8T	CD8Tcm	SQSTM1	-0.75	97.7	1.02e-85
3	Immune cells	CD8T	CD8Tcm	SLC2A3	0.34	95.5	3.16e-85
3	Immune cells	CD8T	CD8Tcm	TUBB	-0.72	95.0	4.6e-85
3	Immune cells	CD8T	CD8Tcm	KCNQ1OT1	0.37	93.2	6.64e-84
3	Immune cells	CD8T	CD8Tcm	C15orf48	-0.57	94.7	7.12e-84
3	Immune cells	CD8T	CD8Tcm	SERPIND1	-0.27	90.4	1.32e-83
3	Immune cells	CD8T	CD8Tcm	MEF2C	-0.39	94.0	2.63e-83
3	Immune cells	CD8T	CD8Tcm	DEFB1	-0.33	81.5	3.2e-79
3	Immune cells	CD8T	CD8Tcm	CD163	-0.56	94.3	1.25e-78
3	Immune cells	CD8T	CD8Tcm	CPE	-0.26	6.0	1.61e-77
3	Immune cells	CD8T	CD8Tcm	NDUFA4	-0.35	95.9	2.12e-77
3	Immune cells	CD8T	CD8Tcm	RNASE1	-1.19	95.0	1.19e-76
3	Immune cells	CD8T	CD8Tcm	EIF3E	-0.47	95.3	9.28e-76
3	Immune cells	CD8T	CD8Tcm	RPL7	-0.56	98.5	3.59e-75
3	Immune cells	CD8T	CD8Tcm	RPL5	-0.44	97.8	2.51e-74
3	Immune cells	CD8T	CD8Tcm	TIMP1	-0.71	94.4	4.47e-74
3	Immune cells	CD8T	CD8Tcm	CITED2	0.35	93.5	7.62e-74
3	Immune cells	CD8T	CD8Tcm	UQCRH	-0.28	96.2	5.29e-73
3	Immune cells	CD8T	CD8Tcm	MSR1	-0.54	94.3	1.09e-72
3	Immune cells	CD8T	CD8Tcm	SPI1	-0.37	93.8	1.56e-71
3	Immune cells	CD8T	CD8Tcm	CXCL8	-0.38	95.8	2.19e-71
3	Immune cells	CD8T	CD8Tcm	HRG	-0.45	92.8	4.37e-71
3	Immune cells	CD8T	CD8Tcm	CHCHD10	-0.71	95.1	3.19e-70
3	Immune cells	CD8T	CD8Tcm	DMKN	-0.38	92.8	3.81e-68
3	Immune cells	CD8T	CD8Tcm	FCGR2A	-0.49	94.5	2e-65
3	Immune cells	CD8T	CD8Tcm	DDT	-0.72	94.9	2.71e-64
3	Immune cells	CD8T	CD8Tcm	FCGR3A	-0.62	94.2	3.98e-64
3	Immune cells	CD8T	CD8Tcm	S100A13	-0.34	93.0	7.59e-64
3	Immune cells	CD8T	CD8Tcm	PCSK1N	-0.37	92.8	1.48e-63
3	Immune cells	CD8T	CD8Tcm	IGFBP1	-0.68	93.1	1.36e-62
3	Immune cells	CD8T	CD8Tcm	NR2F2	-0.25	65.2	2.06e-62
3	Immune cells	CD8T	CD8Tcm	C1orf162	-0.3	94.4	7.19e-62
3	Immune cells	CD8T	CD8Tcm	ANGPTL3	-0.49	89.2	2.1e-61
3	Immune cells	CD8T	CD8Tcm	PTGDS	-0.85	93.2	8.15e-60
3	Immune cells	CD8T	CD8Tcm	PPP1R16A	-0.32	91.7	2.81e-59
3	Immune cells	CD8T	CD8Tcm	RNASE6	-0.5	93.4	7.43e-59
3	Immune cells	CD8T	CD8Tcm	HSPA6	0.66	94.5	5.65e-58
3	Immune cells	CD8T	CD8Tcm	GPX2	-0.55	93.0	2.87e-57
3	Immune cells	CD8T	CD8Tcm	LEAP2	-0.29	92.4	4.39e-56
3	Immune cells	CD8T	CD8Tcm	ANG	-0.37	92.5	1.16e-52
3	Immune cells	CD8T	CD8Tcm	KLF4	-0.32	94.7	4.99e-52
3	Immune cells	CD8T	CD8Tcm	S100A9	-1.44	95.1	6.94e-52
3	Immune cells	CD8T	CD8Tcm	APOA1	-1.93	96.7	7.12e-52
3	Immune cells	CD8T	CD8Tcm	FXYD1	-0.4	93.2	8.24e-51
3	Immune cells	CD8T	CD8Tcm	C1QC	-1.13	94.8	1.18e-50
3	Immune cells	CD8T	CD8Tcm	PLAUR	-0.36	94.2	2.33e-50
3	Immune cells	CD8T	CD8Tcm	FABP5	-0.84	98.2	4.71e-50
3	Immune cells	CD8T	CD8Tcm	BLVRB	-0.78	95.3	5.16e-49
3	Immune cells	CD8T	CD8Tcm	MS4A7	-0.61	95.3	2.48e-48
3	Immune cells	CD8T	CD8Tcm	MAFB	-0.49	94.7	2.13e-47
3	Immune cells	CD8T	CD8Tcm	FGL2	-0.67	94.4	4.27e-47
3	Immune cells	CD8T	CD8Tcm	TST	-0.27	90.2	8.92e-47
3	Immune cells	CD8T	CD8Tcm	ATF3	0.4	95.7	1.67e-46
3	Immune cells	CD8T	CD8Tcm	KCTD12	-0.51	94.4	2.03e-46
3	Immune cells	CD8T	CD8Tcm	S100A8	-0.75	44.0	4.12e-46
3	Immune cells	CD8T	CD8Tcm	SEPP1	-1.52	97.1	2.12e-45
3	Immune cells	CD8T	CD8Tcm	ATF5	-0.27	93.8	9.24e-45
3	Immune cells	CD8T	CD8Tcm	MS4A6A	-0.91	94.9	5.21e-44
3	Immune cells	CD8T	CD8Tcm	SERPINA1	-1.78	98.6	1.24e-42
3	Immune cells	CD8T	CD8Tcm	TSPAN8	-0.42	92.8	3.17e-42
3	Immune cells	CD8T	CD8Tcm	COL3A1	-0.36	32.9	3.87e-42
3	Immune cells	CD8T	CD8Tcm	CYBB	-0.77	93.8	2.75e-41
3	Immune cells	CD8T	CD8Tcm	FGA	-0.56	92.8	6.3e-41
3	Immune cells	CD8T	CD8Tcm	LRG1	-0.47	91.7	1.28e-40
3	Immune cells	CD8T	CD8Tcm	SERPINE1	-0.35	92.7	1.44e-40
3	Immune cells	CD8T	CD8Tcm	TPM2	-0.4	93.2	5.64e-40
3	Immune cells	CD8T	CD8Tcm	NQO1	-0.45	93.0	6.26e-40
3	Immune cells	CD8T	CD8Tcm	PLEK	-0.33	95.1	7.79e-40
3	Immune cells	CD8T	CD8Tcm	PRDX5	-0.38	95.3	1.04e-39
3	Immune cells	CD8T	CD8Tcm	TNFRSF12A	-0.25	92.9	1.98e-39
3	Immune cells	CD8T	CD8Tcm	INSR	-0.26	64.1	2.25e-39
3	Immune cells	CD8T	CD8Tcm	SOX4	-0.27	93.4	5.84e-39
3	Immune cells	CD8T	CD8Tcm	HPX	-0.46	91.8	1.07e-38
3	Immune cells	CD8T	CD8Tcm	AHSG	-1.74	95.3	2.94e-38
3	Immune cells	CD8T	CD8Tcm	ACP5	-0.43	94.1	3.26e-38
3	Immune cells	CD8T	CD8Tcm	FST	-0.36	89.6	4.78e-38
3	Immune cells	CD8T	CD8Tcm	CD9	-0.6	93.8	9.64e-38
3	Immune cells	CD8T	CD8Tcm	CES1	-0.36	87.1	4.92e-37
3	Immune cells	CD8T	CD8Tcm	C1QB	-1.59	95.4	4.93e-37
3	Immune cells	CD8T	CD8Tcm	MTTP	-0.28	32.9	6.21e-37
3	Immune cells	CD8T	CD8Tcm	SLC25A5	-0.31	94.8	8.79e-37
3	Immune cells	CD8T	CD8Tcm	PLG	-0.44	90.0	1.01e-36
3	Immune cells	CD8T	CD8Tcm	CTHRC1	-0.51	90.2	1.45e-36
3	Immune cells	CD8T	CD8Tcm	PRDX2	-0.4	94.3	2.33e-36
3	Immune cells	CD8T	CD8Tcm	SERINC2	-0.29	87.5	3.5e-36
3	Immune cells	CD8T	CD8Tcm	COX7A2L	-0.45	94.0	1.8e-35
3	Immune cells	CD8T	CD8Tcm	NPM1	-0.28	96.8	4.81e-35
3	Immune cells	CD8T	CD8Tcm	SDC2	-0.35	91.8	6.12e-35
3	Immune cells	CD8T	CD8Tcm	CDKN2B-AS1	-0.28	79.9	6.19e-35
3	Immune cells	CD8T	CD8Tcm	TKT	-0.53	93.7	1.44e-34
3	Immune cells	CD8T	CD8Tcm	ORM1	-0.7	91.4	1.71e-34
3	Immune cells	CD8T	CD8Tcm	ASGR2	-0.35	91.8	6.81e-34
3	Immune cells	CD8T	CD8Tcm	A2M	-0.8	93.8	6.94e-34
3	Immune cells	CD8T	CD8Tcm	TM4SF4	-0.45	87.3	1.06e-33
3	Immune cells	CD8T	CD8Tcm	MTHFD2L	-0.26	93.1	2e-33
3	Immune cells	CD8T	CD8Tcm	F2	-0.73	93.1	2.72e-33
3	Immune cells	CD8T	CD8Tcm	C1QA	-1.56	95.9	3.35e-33
3	Immune cells	CD8T	CD8Tcm	LST1	-0.32	94.6	3.77e-33
3	Immune cells	CD8T	CD8Tcm	TSPAN6	-0.35	83.2	3.89e-32
3	Immune cells	CD8T	CD8Tcm	CLDN1	-0.6	92.7	4.32e-32
3	Immune cells	CD8T	CD8Tcm	AADAC	-0.26	75.1	5.29e-32
3	Immune cells	CD8T	CD8Tcm	PEBP1	-0.35	94.6	6.77e-32
3	Immune cells	CD8T	CD8Tcm	SPP1	-1.87	98.2	9.6e-32
3	Immune cells	CD8T	CD8Tcm	LBP	-0.7	92.6	1.14e-31
3	Immune cells	CD8T	CD8Tcm	AK4	-0.32	92.2	4.49e-31
3	Immune cells	CD8T	CD8Tcm	GPNMB	-0.99	95.6	7.19e-31
3	Immune cells	CD8T	CD8Tcm	DNAJB4	0.29	95.0	1.67e-30
3	Immune cells	CD8T	CD8Tcm	LACTB2	-0.3	93.0	3.56e-30
3	Immune cells	CD8T	CD8Tcm	PON2	-0.43	92.9	5.78e-30
3	Immune cells	CD8T	CD8Tcm	KDELR2	-0.48	93.9	1.48e-29
3	Immune cells	CD8T	CD8Tcm	MDK	-0.6	93.0	1.52e-29
3	Immune cells	CD8T	CD8Tcm	CFB	-0.54	93.2	9.12e-29
3	Immune cells	CD8T	CD8Tcm	MAL2	-0.53	92.5	9.29e-29
3	Immune cells	CD8T	CD8Tcm	FXYD2	-0.51	93.1	2.03e-28
3	Immune cells	CD8T	CD8Tcm	C3	-0.58	93.0	5.11e-28
3	Immune cells	CD8T	CD8Tcm	KDELR3	-0.33	78.3	5.69e-28
3	Immune cells	CD8T	CD8Tcm	FGB	-0.85	92.9	9.56e-28
3	Immune cells	CD8T	CD8Tcm	AHCY	-0.25	92.6	3.6e-27
3	Immune cells	CD8T	CD8Tcm	ENPP2	-0.26	92.8	7.61e-27
3	Immune cells	CD8T	CD8Tcm	FABP1	-1.69	95.6	7.85e-27
3	Immune cells	CD8T	CD8Tcm	RPL22L1	-0.78	95.7	2.53e-26
3	Immune cells	CD8T	CD8Tcm	CFHR1	-0.37	73.4	5.59e-26
3	Immune cells	CD8T	CD8Tcm	DHCR24	-0.48	93.1	5.64e-26
3	Immune cells	CD8T	CD8Tcm	TM4SF5	-0.96	93.2	1.29e-25
3	Immune cells	CD8T	CD8Tcm	BCHE	-0.75	93.2	2.09e-24
3	Immune cells	CD8T	CD8Tcm	FKBP10	-0.28	82.5	2.11e-24
3	Immune cells	CD8T	CD8Tcm	NDUFB5	-0.38	93.4	2.14e-24
3	Immune cells	CD8T	CD8Tcm	GATM	-0.69	94.6	7.29e-24
3	Immune cells	CD8T	CD8Tcm	AKR1B10	-0.76	93.4	7.65e-24
3	Immune cells	CD8T	CD8Tcm	DUSP1	0.3	98.0	9.94e-24
3	Immune cells	CD8T	CD8Tcm	BCAT1	-0.35	93.6	1.38e-23
3	Immune cells	CD8T	CD8Tcm	ANGPTL8	-0.98	93.2	3.06e-23
3	Immune cells	CD8T	CD8Tcm	TCEA1	-0.29	94.4	8.16e-23
3	Immune cells	CD8T	CD8Tcm	RAN	-0.29	95.0	8.33e-23
3	Immune cells	CD8T	CD8Tcm	UGDH	-0.39	92.6	9.65e-23
3	Immune cells	CD8T	CD8Tcm	FGG	-0.8	92.4	9.79e-23
3	Immune cells	CD8T	CD8Tcm	CD14	-1.11	94.9	1.49e-22
3	Immune cells	CD8T	CD8Tcm	NTS	-1.56	95.5	2.79e-22
3	Immune cells	CD8T	CD8Tcm	SNRPE	-0.31	94.0	2.95e-22
3	Immune cells	CD8T	CD8Tcm	CALD1	-0.8	92.0	3.51e-22
3	Immune cells	CD8T	CD8Tcm	UGT2B4	-0.47	90.4	5.76e-22
3	Immune cells	CD8T	CD8Tcm	PHLDA2	-0.3	93.4	5.87e-22
3	Immune cells	CD8T	CD8Tcm	SLC40A1	-1.09	95.0	6.73e-22
3	Immune cells	CD8T	CD8Tcm	AKR1C2	-0.48	92.4	2.38e-21
3	Immune cells	CD8T	CD8Tcm	GDF15	-0.55	93.1	2.57e-21
3	Immune cells	CD8T	CD8Tcm	PKIB	-0.31	81.5	3.06e-21
3	Immune cells	CD8T	CD8Tcm	AZGP1	-0.3	32.8	3.88e-21
3	Immune cells	CD8T	CD8Tcm	MST1	-0.29	82.7	4.69e-21
3	Immune cells	CD8T	CD8Tcm	TPSB2	-0.67	23.9	5.91e-21
3	Immune cells	CD8T	CD8Tcm	ASGR1	-0.67	93.0	9.19e-21
3	Immune cells	CD8T	CD8Tcm	STEAP1	-0.31	71.0	9.34e-21
3	Immune cells	CD8T	CD8Tcm	PLIN2	-0.54	96.4	1.07e-20
3	Immune cells	CD8T	CD8Tcm	KYNU	-0.29	93.3	1.09e-20
3	Immune cells	CD8T	CD8Tcm	VTN	-1.61	95.1	1.3e-20
3	Immune cells	CD8T	CD8Tcm	QPRT	-0.33	92.0	3.54e-20
3	Immune cells	CD8T	CD8Tcm	ITIH2	-0.49	89.6	3.63e-20
3	Immune cells	CD8T	CD8Tcm	LGALS1	-0.51	98.5	4.91e-20
3	Immune cells	CD8T	CD8Tcm	HSBP1L1	-0.26	92.9	1.37e-19
3	Immune cells	CD8T	CD8Tcm	NPW	-0.87	93.6	3.55e-19
3	Immune cells	CD8T	CD8Tcm	DUSP6	-0.27	93.3	3.91e-19
3	Immune cells	CD8T	CD8Tcm	AKR1C1	-1.39	95.3	4.83e-19
3	Immune cells	CD8T	CD8Tcm	SOD2	-0.43	97.5	7.23e-19
3	Immune cells	CD8T	CD8Tcm	NID1	-0.34	90.4	1.21e-18
3	Immune cells	CD8T	CD8Tcm	CYC1	-0.47	94.0	1.24e-18
3	Immune cells	CD8T	CD8Tcm	CXCL2	-0.5	95.0	1.55e-18
3	Immune cells	CD8T	CD8Tcm	GCHFR	-0.27	93.3	1.64e-18
3	Immune cells	CD8T	CD8Tcm	SCCPDH	-0.32	92.8	2.1e-18
3	Immune cells	CD8T	CD8Tcm	APOC3	-0.99	93.2	3.72e-18
3	Immune cells	CD8T	CD8Tcm	APOM	-1.56	94.0	6.72e-18
3	Immune cells	CD8T	CD8Tcm	WDR72	-0.26	74.2	1.37e-17
3	Immune cells	CD8T	CD8Tcm	PRDX3	-0.35	93.9	6.82e-17
3	Immune cells	CD8T	CD8Tcm	SERPINB1	-0.33	94.4	8.87e-17
3	Immune cells	CD8T	CD8Tcm	AFP	-1.42	96.1	1.89e-16
3	Immune cells	CD8T	CD8Tcm	KNG1	-0.45	84.7	3.58e-16
3	Immune cells	CD8T	CD8Tcm	STC1	-0.45	17.7	4.98e-16
3	Immune cells	CD8T	CD8Tcm	NDUFA4L2	-0.3	46.6	8.58e-16
3	Immune cells	CD8T	CD8Tcm	TRNP1	-0.41	86.5	1.22e-15
3	Immune cells	CD8T	CD8Tcm	ATP5G1	-0.54	94.4	1.75e-15
3	Immune cells	CD8T	CD8Tcm	CKS1B	-0.27	93.1	3.24e-15
3	Immune cells	CD8T	CD8Tcm	PRDX6	-0.36	94.0	3.52e-15
3	Immune cells	CD8T	CD8Tcm	PLOD2	-0.3	73.7	9.93e-15
3	Immune cells	CD8T	CD8Tcm	IER3	-0.56	96.5	1.37e-14
3	Immune cells	CD8T	CD8Tcm	SLC22A18	-0.4	93.0	1.52e-14
3	Immune cells	CD8T	CD8Tcm	AMBP	-1.54	94.7	1.71e-14
3	Immune cells	CD8T	CD8Tcm	HLA-DRB1	-1.09	96.7	5.11e-14
3	Immune cells	CD8T	CD8Tcm	IGF2	-0.63	93.6	6.8e-14
3	Immune cells	CD8T	CD8Tcm	SELM	-0.31	93.1	1.63e-13
3	Immune cells	CD8T	CD8Tcm	NUPR1	-0.63	93.5	1.81e-13
3	Immune cells	CD8T	CD8Tcm	GPX3	-0.49	93.1	1.89e-13
3	Immune cells	CD8T	CD8Tcm	ALB	-1.87	99.5	4.22e-13
3	Immune cells	CD8T	CD8Tcm	LY96	-0.55	94.4	6.71e-13
3	Immune cells	CD8T	CD8Tcm	C4BPB	-0.27	65.8	8.37e-13
3	Immune cells	CD8T	CD8Tcm	FGL1	-0.77	92.6	1.32e-12
3	Immune cells	CD8T	CD8Tcm	ISOC2	-0.29	92.6	1.43e-12
3	Immune cells	CD8T	CD8Tcm	TF	-1.47	95.5	2.47e-12
3	Immune cells	CD8T	CD8Tcm	RHOB	-0.43	95.9	5.61e-12
3	Immune cells	CD8T	CD8Tcm	PROC	-0.51	86.5	7.34e-12
3	Immune cells	CD8T	CD8Tcm	PTGR1	-0.31	67.2	7.65e-12
3	Immune cells	CD8T	CD8Tcm	PAICS	-0.26	92.8	1.38e-11
3	Immune cells	CD8T	CD8Tcm	FAM213A	-0.29	92.6	1.49e-11
3	Immune cells	CD8T	CD8Tcm	LSM4	-0.28	93.8	5.82e-11
3	Immune cells	CD8T	CD8Tcm	PDIA4	-0.42	93.4	8.02e-11
3	Immune cells	CD8T	CD8Tcm	SERPINF1	-0.57	92.2	8.54e-11
3	Immune cells	CD8T	CD8Tcm	GGH	-0.49	92.9	1.14e-10
3	Immune cells	CD8T	CD8Tcm	LAPTM4B	-0.72	93.1	1.19e-10
3	Immune cells	CD8T	CD8Tcm	DNPH1	-0.37	93.9	2.2e-10
3	Immune cells	CD8T	CD8Tcm	EEF1E1	-0.28	93.3	2.27e-10
3	Immune cells	CD8T	CD8Tcm	AIF1	-1.1	95.8	3.35e-10
3	Immune cells	CD8T	CD8Tcm	ETFB	-0.44	94.2	5.1e-10
3	Immune cells	CD8T	CD8Tcm	METTL7A	-0.29	92.4	6.34e-10
3	Immune cells	CD8T	CD8Tcm	CP	-1.19	93.3	7.52e-10
3	Immune cells	CD8T	CD8Tcm	HTATIP2	-0.25	93.3	8.16e-10
3	Immune cells	CD8T	CD8Tcm	TFPI	-1.21	93.8	8.35e-10
3	Immune cells	CD8T	CD8Tcm	EBPL	-0.31	93.0	1.06e-09
3	Immune cells	CD8T	CD8Tcm	RCN1	-0.42	92.9	2.54e-09
3	Immune cells	CD8T	CD8Tcm	TUBA1B	-0.26	95.8	4.23e-09
3	Immune cells	CD8T	CD8Tcm	MPST	-0.5	93.4	4.38e-09
3	Immune cells	CD8T	CD8Tcm	PROS1	-0.4	86.2	8.58e-09
3	Immune cells	CD8T	CD8Tcm	ORM2	-0.51	76.8	9.87e-09
3	Immune cells	CD8T	CD8Tcm	SPINK1	-1.12	96.2	1.19e-08
3	Immune cells	CD8T	CD8Tcm	SLC39A4	-0.33	92.9	1.46e-08
3	Immune cells	CD8T	CD8Tcm	CD36	-0.63	93.2	2.47e-08
3	Immune cells	CD8T	CD8Tcm	SDF2L1	-0.26	93.6	3.5e-08
3	Immune cells	CD8T	CD8Tcm	GAGE2A	-0.93	93.2	5.33e-08
3	Immune cells	CD8T	CD8Tcm	NGFRAP1	-0.52	92.9	6.58e-08
3	Immune cells	CD8T	CD8Tcm	TMEM205	-0.4	93.0	1.14e-07
3	Immune cells	CD8T	CD8Tcm	GC	-0.84	93.2	1.19e-07
3	Immune cells	CD8T	CD8Tcm	PRDX4	-0.65	93.4	1.51e-07
3	Immune cells	CD8T	CD8Tcm	CFH	-0.92	93.2	1.96e-07
3	Immune cells	CD8T	CD8Tcm	LYPLA1	-0.38	93.7	2.43e-07
3	Immune cells	CD8T	CD8Tcm	PRAP1	-0.9	93.7	5.12e-07
3	Immune cells	CD8T	CD8Tcm	SLIRP	-0.29	94.1	5.79e-07
3	Immune cells	CD8T	CD8Tcm	LGMN	-0.94	95.9	8.75e-07
3	Immune cells	CD8T	CD8Tcm	FCER1G	-1.05	96.4	8.85e-07
3	Immune cells	CD8T	CD8Tcm	HLA-DQA1	-0.7	95.3	1.29e-06
3	Immune cells	CD8T	CD8Tcm	LGALS3	-0.56	96.1	2.05e-06
3	Immune cells	CD8T	CD8Tcm	KRT8	-0.71	94.0	3.59e-06
3	Immune cells	CD8T	CD8Tcm	ALDH1A1	-0.55	89.1	4.33e-06
3	Immune cells	CD8T	CD8Tcm	HIST1H1C	-0.3	93.6	6.28e-06
4	Immune cells	DC	M1	MMP12	2.69	83.2	0
4	Immune cells	DC	M1	SPP1	2.15	99.0	0
4	Immune cells	DC	M1	FABP5	1.78	99.6	0
4	Immune cells	DC	M1	GPNMB	1.67	98.7	0
4	Immune cells	DC	M1	C15orf48	1.63	92.1	0
4	Immune cells	DC	M1	RGCC	1.63	90.1	0
4	Immune cells	DC	M1	PLIN2	1.6	98.2	0
4	Immune cells	DC	M1	IL1RN	1.59	80.0	0
4	Immune cells	DC	M1	CXCL8	1.57	88.9	0
4	Immune cells	DC	M1	LGALS3	1.46	96.4	0
4	Immune cells	DC	M1	HK2	1.45	76.2	0
4	Immune cells	DC	M1	SCD	1.43	90.4	0
4	Immune cells	DC	M1	RNASE1	1.37	82.6	0
4	Immune cells	DC	M1	LGALS1	1.36	99.5	0
4	Immune cells	DC	M1	S100A10	1.28	98.7	0
4	Immune cells	DC	M1	SGK1	1.26	92.1	0
4	Immune cells	DC	M1	CD9	1.16	86.3	0
4	Immune cells	DC	M1	MSR1	1.0	82.8	0
4	Immune cells	DC	M1	SOD2	0.97	95.7	0
4	Immune cells	DC	M1	S100A6	0.93	94.3	0
4	Immune cells	DC	M1	TYROBP	0.86	98.1	0
4	Immune cells	DC	M1	ANXA2	0.76	94.4	0
4	Immune cells	DC	M1	APOC1	0.94	98.3	2.28e-297
4	Immune cells	DC	M1	MMP19	1.23	67.2	1.03e-296
4	Immune cells	DC	M1	ADM	1.29	72.4	2.56e-291
4	Immune cells	DC	M1	PLAUR	0.99	79.8	3.94e-289
4	Immune cells	DC	M1	SLC2A3	1.01	83.1	6.7e-275
4	Immune cells	DC	M1	BLVRB	1.02	89.6	3.5e-268
4	Immune cells	DC	M1	LINC01272	0.95	67.2	5.29e-257
4	Immune cells	DC	M1	NEAT1	0.77	98.9	7.39e-257
4	Immune cells	DC	M1	FKBP11	-0.5	5.2	1.04e-253
4	Immune cells	DC	M1	CALD1	-0.78	5.7	5.34e-251
4	Immune cells	DC	M1	BCAT1	0.95	75.7	4.57e-250
4	Immune cells	DC	M1	SLAMF9	1.05	59.9	2.18e-246
4	Immune cells	DC	M1	SLC38A1	-0.41	4.9	9.74e-245
4	Immune cells	DC	M1	AQP3	-0.28	2.4	2.65e-240
4	Immune cells	DC	M1	CAMK2N1	-0.37	4.5	2.92e-238
4	Immune cells	DC	M1	PLA2G16	-0.32	4.7	3.37e-238
4	Immune cells	DC	M1	QPRT	-0.32	6.7	1.48e-235
4	Immune cells	DC	M1	KNG1	-0.42	4.1	9.46e-235
4	Immune cells	DC	M1	CD3D	-1.22	7.6	1.06e-234
4	Immune cells	DC	M1	ASGR2	-0.34	5.1	3.93e-234
4	Immune cells	DC	M1	ITGA1	-0.34	2.1	4.01e-234
4	Immune cells	DC	M1	ENPP2	-0.29	7.9	1.17e-233
4	Immune cells	DC	M1	HPX	-0.44	5.7	1.17e-232
4	Immune cells	DC	M1	LRG1	-0.46	5.1	2.69e-232
4	Immune cells	DC	M1	ORM2	-0.5	3.8	4.57e-232
4	Immune cells	DC	M1	TESC	-0.32	4.0	5.01e-231
4	Immune cells	DC	M1	PLG	-0.41	5.3	5.81e-230
4	Immune cells	DC	M1	PERP	-0.33	4.6	1.06e-229
4	Immune cells	DC	M1	EBP	-0.46	10.0	2.8e-229
4	Immune cells	DC	M1	ITIH2	-0.46	6.1	1.07e-228
4	Immune cells	DC	M1	ATF3	0.73	86.8	3.99e-228
4	Immune cells	DC	M1	CDKN2A	-0.36	6.1	6.66e-228
4	Immune cells	DC	M1	NID1	-0.31	4.5	8.59e-228
4	Immune cells	DC	M1	LGMN	0.54	88.9	3.17e-227
4	Immune cells	DC	M1	CFI	-0.4	3.8	7.94e-227
4	Immune cells	DC	M1	TMEM106C	-0.26	7.3	3.44e-226
4	Immune cells	DC	M1	CCL3	0.86	84.2	1.06e-225
4	Immune cells	DC	M1	ISOC2	-0.27	8.9	1.44e-224
4	Immune cells	DC	M1	GGH	-0.46	9.3	1.81e-224
4	Immune cells	DC	M1	LAPTM4B	-0.74	10.8	5.3e-224
4	Immune cells	DC	M1	C14orf1	-0.26	6.0	4.04e-223
4	Immune cells	DC	M1	SLC2A5	0.91	60.7	2.02e-222
4	Immune cells	DC	M1	SH3BP5	1.04	69.0	1.8e-221
4	Immune cells	DC	M1	SQLE	-0.31	5.8	4.53e-221
4	Immune cells	DC	M1	ASGR1	-0.6	11.3	6.9e-221
4	Immune cells	DC	M1	TSPAN8	-0.6	7.4	7.35e-221
4	Immune cells	DC	M1	UGT2B4	-0.44	6.1	1.92e-220
4	Immune cells	DC	M1	F2	-0.7	9.5	3.13e-220
4	Immune cells	DC	M1	KDELR3	-0.31	2.5	3.7e-219
4	Immune cells	DC	M1	ORM1	-0.67	7.2	4.65e-219
4	Immune cells	DC	M1	KRT19	-0.27	3.7	6.75e-219
4	Immune cells	DC	M1	FGA	-0.56	7.7	1.94e-218
4	Immune cells	DC	M1	ANGPTL3	-0.51	5.9	2.08e-218
4	Immune cells	DC	M1	FKBP10	-0.26	3.8	3.5e-218
4	Immune cells	DC	M1	PHGDH	-0.28	3.3	5.08e-218
4	Immune cells	DC	M1	CLDN1	-0.59	9.0	1.27e-217
4	Immune cells	DC	M1	PROC	-0.46	6.7	1.69e-217
4	Immune cells	DC	M1	PROS1	-0.34	6.5	3.16e-217
4	Immune cells	DC	M1	FST	-0.33	4.6	3.32e-217
4	Immune cells	DC	M1	SLC9A3R1	-0.34	8.3	3.32e-217
4	Immune cells	DC	M1	SERPINF1	-0.5	8.3	3.43e-217
4	Immune cells	DC	M1	PPA1	-0.53	20.0	5.56e-217
4	Immune cells	DC	M1	RASGRP2	-0.27	6.9	6.42e-217
4	Immune cells	DC	M1	SERPIND1	-0.29	3.2	3.25e-216
4	Immune cells	DC	M1	LBP	-0.63	9.1	1.55e-214
4	Immune cells	DC	M1	CD7	-0.75	4.5	1.17e-213
4	Immune cells	DC	M1	ELF3	-0.25	2.9	6.59e-213
4	Immune cells	DC	M1	CTHRC1	-0.48	7.3	7.04e-213
4	Immune cells	DC	M1	ALDH1A1	-0.48	9.5	3.65e-211
4	Immune cells	DC	M1	TM4SF4	-0.42	6.7	5.05e-211
4	Immune cells	DC	M1	DHCR24	-0.48	9.6	1.43e-210
4	Immune cells	DC	M1	TSPAN6	-0.35	3.7	1.58e-210
4	Immune cells	DC	M1	MAL2	-0.48	8.0	1.99e-210
4	Immune cells	DC	M1	HACD3	-0.29	10.4	6.1e-210
4	Immune cells	DC	M1	LTB	-1.59	7.1	2.32e-209
4	Immune cells	DC	M1	FN1	-0.48	8.1	8.31e-209
4	Immune cells	DC	M1	PON2	-0.42	11.4	3.62e-208
4	Immune cells	DC	M1	ID1	-0.34	3.8	4.63e-208
4	Immune cells	DC	M1	FGL1	-0.71	11.3	8.43e-208
4	Immune cells	DC	M1	FGG	-0.74	9.7	9.47e-208
4	Immune cells	DC	M1	RPL5	-0.74	88.9	1.22e-207
4	Immune cells	DC	M1	FCER1G	0.58	95.1	1.95e-207
4	Immune cells	DC	M1	TST	-0.25	7.2	3.11e-207
4	Immune cells	DC	M1	AHCY	-0.27	10.0	9.6e-207
4	Immune cells	DC	M1	AGR2	-0.46	6.0	2.98e-206
4	Immune cells	DC	M1	NQO1	-0.46	8.8	3.92e-206
4	Immune cells	DC	M1	HRG	-0.43	6.5	8.98e-206
4	Immune cells	DC	M1	DMKN	-0.4	8.3	5.62e-205
4	Immune cells	DC	M1	CD2	-1.25	3.9	6.18e-205
4	Immune cells	DC	M1	MDK	-0.6	10.9	1.1e-204
4	Immune cells	DC	M1	LEAP2	-0.29	6.4	2.29e-204
4	Immune cells	DC	M1	NUCB2	-0.27	10.5	2.92e-204
4	Immune cells	DC	M1	BCHE	-0.72	11.6	8.05e-204
4	Immune cells	DC	M1	HULC	-0.28	4.8	9.72e-204
4	Immune cells	DC	M1	CES1	-0.37	5.1	1.54e-203
4	Immune cells	DC	M1	TRNP1	-0.35	6.9	5.72e-203
4	Immune cells	DC	M1	COL18A1	-0.29	2.2	6.36e-203
4	Immune cells	DC	M1	KRT18	-1.08	16.6	6.86e-203
4	Immune cells	DC	M1	FGB	-0.8	12.3	4.77e-202
4	Immune cells	DC	M1	AKR1C2	-0.42	9.0	3.59e-201
4	Immune cells	DC	M1	HPGD	-0.3	5.3	1.58e-200
4	Immune cells	DC	M1	LACTB2	-0.26	9.4	5.01e-199
4	Immune cells	DC	M1	PCSK1N	-0.38	8.3	7.26e-198
4	Immune cells	DC	M1	GPX2	-0.63	10.8	9.32e-198
4	Immune cells	DC	M1	PPP1R16A	-0.29	7.3	7.84e-197
4	Immune cells	DC	M1	CD36	1.46	69.3	2.44e-196
4	Immune cells	DC	M1	GC	-0.74	12.6	5.29e-196
4	Immune cells	DC	M1	CNPY2	-0.49	19.0	7.44e-196
4	Immune cells	DC	M1	ITM2A	-0.66	3.5	1.72e-195
4	Immune cells	DC	M1	ZFAND1	-0.28	10.5	2.73e-195
4	Immune cells	DC	M1	ADI1	-0.43	20.0	3.16e-195
4	Immune cells	DC	M1	RARRES2	-0.85	14.7	8.07e-195
4	Immune cells	DC	M1	CFH	-1.0	17.4	2.72e-194
4	Immune cells	DC	M1	CFB	-0.51	11.9	3.5e-194
4	Immune cells	DC	M1	EBPL	-0.34	12.7	1.25e-193
4	Immune cells	DC	M1	MMP9	1.53	69.8	2.08e-193
4	Immune cells	DC	M1	NUSAP1	-0.25	5.0	3.61e-193
4	Immune cells	DC	M1	TPM2	-0.43	10.9	6.81e-193
4	Immune cells	DC	M1	DEFB1	-0.31	3.5	1.38e-192
4	Immune cells	DC	M1	MGST2	-0.39	21.2	5.3e-192
4	Immune cells	DC	M1	NME1	-0.58	22.8	8.23e-192
4	Immune cells	DC	M1	HMGCS1	-0.39	10.1	2.15e-191
4	Immune cells	DC	M1	NPW	-0.84	13.8	4.37e-191
4	Immune cells	DC	M1	CKS1B	-0.28	11.5	6.83e-191
4	Immune cells	DC	M1	FXYD1	-0.46	9.3	8.13e-191
4	Immune cells	DC	M1	KRT8	-0.77	15.6	1.08e-190
4	Immune cells	DC	M1	TRAC	-1.08	5.1	2.86e-190
4	Immune cells	DC	M1	MARCKSL1	-0.4	12.7	3.3e-190
4	Immune cells	DC	M1	C8orf4	-0.28	1.6	3.45e-190
4	Immune cells	DC	M1	TRBC2	-0.87	3.6	3.25e-188
4	Immune cells	DC	M1	SERPINA6	-0.27	3.3	5.27e-188
4	Immune cells	DC	M1	TOP2A	-0.36	2.9	1.21e-187
4	Immune cells	DC	M1	S100P	-0.41	7.4	3.67e-187
4	Immune cells	DC	M1	DNPH1	-0.55	27.1	3.98e-187
4	Immune cells	DC	M1	SNRPN	-0.35	12.5	1.16e-186
4	Immune cells	DC	M1	RCN1	-0.34	13.0	1.28e-186
4	Immune cells	DC	M1	PKIB	-0.25	6.3	4.46e-186
4	Immune cells	DC	M1	DUSP1	0.56	95.7	5.73e-186
4	Immune cells	DC	M1	FDPS	-0.6	20.2	6.84e-186
4	Immune cells	DC	M1	EEF1E1	-0.29	13.3	1.14e-185
4	Immune cells	DC	M1	DRD4	-0.26	4.1	1.32e-185
4	Immune cells	DC	M1	SHMT2	-0.32	14.8	2.06e-185
4	Immune cells	DC	M1	NEDD9	-0.25	7.1	1.43e-184
4	Immune cells	DC	M1	ALG3	-0.3	13.4	1.54e-184
4	Immune cells	DC	M1	TM4SF1	-0.28	5.5	1.61e-184
4	Immune cells	DC	M1	STEAP1	-0.29	4.3	2.41e-184
4	Immune cells	DC	M1	CENPF	-0.28	2.2	4.98e-183
4	Immune cells	DC	M1	SELM	-0.4	12.8	6.83e-183
4	Immune cells	DC	M1	AKR1C4	-0.97	17.6	2.5e-182
4	Immune cells	DC	M1	SMARCA1	-0.26	2.6	2.73e-182
4	Immune cells	DC	M1	IL1B	1.0	73.6	6.55e-182
4	Immune cells	DC	M1	GAGE2A	-0.83	14.2	3.79e-181
4	Immune cells	DC	M1	IDI1	-0.43	18.0	3.8e-181
4	Immune cells	DC	M1	GPC3	-0.95	18.7	5.65e-181
4	Immune cells	DC	M1	CD83	0.75	79.7	2.02e-180
4	Immune cells	DC	M1	CD69	-1.37	8.5	3.82e-180
4	Immune cells	DC	M1	SLC2A1	1.2	60.1	4.24e-180
4	Immune cells	DC	M1	PLAC8	-0.3	1.7	1.25e-179
4	Immune cells	DC	M1	C4BPB	-0.25	2.3	1.58e-179
4	Immune cells	DC	M1	HMGN3	-0.37	22.6	3e-179
4	Immune cells	DC	M1	TNFSF10	-0.29	4.1	9.29e-179
4	Immune cells	DC	M1	ATP5G1	-0.69	29.3	2.6e-178
4	Immune cells	DC	M1	SPOCK2	-0.5	2.5	1.91e-177
4	Immune cells	DC	M1	RBP4	-1.29	19.9	1.49e-176
4	Immune cells	DC	M1	TRBC1	-1.03	3.3	4.55e-176
4	Immune cells	DC	M1	KIAA0101	-0.27	4.1	4.67e-175
4	Immune cells	DC	M1	GCLM	-0.33	13.6	7.38e-175
4	Immune cells	DC	M1	BATF	-0.45	5.4	2.05e-174
4	Immune cells	DC	M1	KLRB1	-1.03	2.5	2.14e-173
4	Immune cells	DC	M1	DCAF13	-0.3	14.8	3.56e-173
4	Immune cells	DC	M1	ADAM8	0.92	59.2	3.8e-173
4	Immune cells	DC	M1	TM4SF5	-0.87	16.3	1.13e-172
4	Immune cells	DC	M1	CFHR1	-0.33	3.9	1.69e-172
4	Immune cells	DC	M1	PTTG1	-0.44	10.5	4.25e-172
4	Immune cells	DC	M1	NR2F2	-0.28	1.7	4.81e-172
4	Immune cells	DC	M1	EEF1B2	-0.62	84.3	2.51e-171
4	Immune cells	DC	M1	CXCL17	-0.68	10.5	9.7e-171
4	Immune cells	DC	M1	APOB	-1.25	21.4	1.28e-170
4	Immune cells	DC	M1	SLC25A5	-0.61	51.8	1.82e-170
4	Immune cells	DC	M1	ICOS	-0.43	1.7	6.55e-170
4	Immune cells	DC	M1	AKR1B10	-0.74	13.5	1.46e-169
4	Immune cells	DC	M1	TUBA4A	-0.39	5.7	3.04e-169
4	Immune cells	DC	M1	PRAP1	-0.8	18.2	4.85e-168
4	Immune cells	DC	M1	TIGIT	-0.56	3.1	3.41e-167
4	Immune cells	DC	M1	TNFRSF4	-0.8	5.6	3.61e-167
4	Immune cells	DC	M1	MSRB2	-0.29	18.8	1.16e-166
4	Immune cells	DC	M1	S100A13	-0.3	12.1	5.41e-166
4	Immune cells	DC	M1	PSMB5	-0.41	21.0	9.41e-166
4	Immune cells	DC	M1	FABP4	2.12	58.9	3.48e-165
4	Immune cells	DC	M1	ANGPTL8	-0.85	15.8	6.43e-165
4	Immune cells	DC	M1	CLU	-1.19	22.4	7.22e-165
4	Immune cells	DC	M1	CD27	-0.44	2.1	1.01e-164
4	Immune cells	DC	M1	MPST	-0.51	20.1	1.8e-164
4	Immune cells	DC	M1	UBE2C	-0.28	2.7	2.46e-164
4	Immune cells	DC	M1	CPVL	-0.42	15.5	4.54e-164
4	Immune cells	DC	M1	APOH	-1.08	20.9	1.02e-163
4	Immune cells	DC	M1	MTHFD2L	-0.26	13.4	3.38e-163
4	Immune cells	DC	M1	GZMA	-0.89	1.9	7.13e-163
4	Immune cells	DC	M1	XCL1	-0.31	0.3	1.04e-162
4	Immune cells	DC	M1	TNFRSF18	-0.72	4.6	1.64e-162
4	Immune cells	DC	M1	MRPL12	-0.26	17.7	1.73e-162
4	Immune cells	DC	M1	MEG3	-0.26	7.4	1.91e-162
4	Immune cells	DC	M1	AZGP1	-0.29	2.8	1.6e-161
4	Immune cells	DC	M1	MANF	-0.37	22.8	2.02e-161
4	Immune cells	DC	M1	CTLA4	-0.36	2.2	2.18e-161
4	Immune cells	DC	M1	SEC11C	-0.37	19.4	6.2e-160
4	Immune cells	DC	M1	SLC22A18	-0.35	16.6	7.67e-160
4	Immune cells	DC	M1	FXYD2	-0.41	14.3	9.65e-160
4	Immune cells	DC	M1	IGF1	-0.26	4.8	3.17e-159
4	Immune cells	DC	M1	IFNG	-0.87	0.5	3.78e-159
4	Immune cells	DC	M1	ARRDC3	0.81	70.3	4.39e-159
4	Immune cells	DC	M1	MKI67	-0.28	1.9	4.04e-158
4	Immune cells	DC	M1	OCIAD2	-0.32	3.3	6.21e-157
4	Immune cells	DC	M1	LY96	0.6	77.7	6.45e-157
4	Immune cells	DC	M1	SDF2L1	-0.38	24.5	5.22e-156
4	Immune cells	DC	M1	GPX3	-0.32	15.8	5.68e-156
4	Immune cells	DC	M1	AGT	-1.27	25.2	1.38e-155
4	Immune cells	DC	M1	GZMK	-0.56	1.0	2.68e-155
4	Immune cells	DC	M1	TMPO	-0.26	16.0	2.69e-154
4	Immune cells	DC	M1	SNRPF	-0.54	37.0	3.97e-154
4	Immune cells	DC	M1	TOMM22	-0.37	24.2	5.42e-154
4	Immune cells	DC	M1	DUT	-0.34	19.7	9.85e-154
4	Immune cells	DC	M1	TMEM205	-0.31	19.6	7.5e-153
4	Immune cells	DC	M1	HMOX1	0.86	74.9	6.4e-152
4	Immune cells	DC	M1	CD40LG	-0.3	0.8	1.83e-151
4	Immune cells	DC	M1	YIF1A	-0.34	21.8	1.96e-151
4	Immune cells	DC	M1	PRDX4	-0.52	27.6	2.59e-151
4	Immune cells	DC	M1	LAIR2	-0.34	1.6	3.67e-151
4	Immune cells	DC	M1	ACTA2	-0.28	1.6	3.81e-151
4	Immune cells	DC	M1	NDUFA4	-0.63	72.0	5.35e-151
4	Immune cells	DC	M1	DECR1	-0.3	22.6	5.72e-151
4	Immune cells	DC	M1	AC092580.4	-0.29	0.7	1.07e-150
4	Immune cells	DC	M1	LSM2	-0.43	27.1	1.09e-150
4	Immune cells	DC	M1	SLC40A1	-1.15	25.1	2.23e-150
4	Immune cells	DC	M1	TMEM176B	-0.46	25.4	7.05e-150
4	Immune cells	DC	M1	ID3	-0.41	8.1	7.48e-150
4	Immune cells	DC	M1	ODC1	-0.31	15.2	9.75e-150
4	Immune cells	DC	M1	KPNA2	-0.26	15.0	5.6e-149
4	Immune cells	DC	M1	HES1	-0.25	13.3	3.25e-148
4	Immune cells	DC	M1	C1QBP	-0.32	24.3	6.56e-148
4	Immune cells	DC	M1	IGFBP3	-0.26	2.7	1.38e-146
4	Immune cells	DC	M1	COA4	-0.26	20.0	6.63e-146
4	Immune cells	DC	M1	NKG7	-0.77	3.5	7.4e-145
4	Immune cells	DC	M1	SERPING1	-0.39	21.2	1.38e-144
4	Immune cells	DC	M1	UBE2S	-0.4	20.0	2.09e-144
4	Immune cells	DC	M1	RPS27L	0.52	89.7	6.1e-144
4	Immune cells	DC	M1	COPS5	-0.26	19.0	1.66e-143
4	Immune cells	DC	M1	IGF2	-0.58	18.2	2.12e-143
4	Immune cells	DC	M1	IGFBP7	-0.98	2.9	2.13e-142
4	Immune cells	DC	M1	C3	-0.46	15.7	3.6e-142
4	Immune cells	DC	M1	CP	-1.01	21.0	6.99e-142
4	Immune cells	DC	M1	AKR1C3	-1.11	26.7	7.44e-142
4	Immune cells	DC	M1	BNIP3	0.84	70.2	8.08e-142
4	Immune cells	DC	M1	IL4I1	0.76	67.2	4.96e-141
4	Immune cells	DC	M1	XCL2	-0.37	1.2	5.03e-141
4	Immune cells	DC	M1	PTGDS	-0.74	12.5	1.49e-140
4	Immune cells	DC	M1	GLRX5	-0.26	21.4	4.55e-140
4	Immune cells	DC	M1	IL7R	-0.9	9.3	2.74e-139
4	Immune cells	DC	M1	RPL7	-0.71	96.2	3.5e-138
4	Immune cells	DC	M1	SNHG8	-0.48	31.0	4.89e-138
4	Immune cells	DC	M1	SRM	-0.25	20.4	2.5e-137
4	Immune cells	DC	M1	UQCC2	-0.33	27.6	6.78e-137
4	Immune cells	DC	M1	HIST1H4C	-0.52	16.9	9.4e-137
4	Immune cells	DC	M1	CLEC10A	-0.27	5.1	3.1e-135
4	Immune cells	DC	M1	UGDH	-0.28	17.4	2.63e-134
4	Immune cells	DC	M1	ACP5	0.84	67.2	3.71e-134
4	Immune cells	DC	M1	LBH	-0.31	6.2	4.27e-134
4	Immune cells	DC	M1	APOC3	-0.85	18.4	8.43e-134
4	Immune cells	DC	M1	CXCL3	1.23	64.2	2.45e-133
4	Immune cells	DC	M1	COL1A1	-0.39	0.6	8.61e-133
4	Immune cells	DC	M1	DNASE1L3	-0.41	6.6	2.85e-132
4	Immune cells	DC	M1	CYR61	-0.26	0.8	3.02e-132
4	Immune cells	DC	M1	IGHA1	-0.77	5.2	3.98e-132
4	Immune cells	DC	M1	RANBP1	-0.43	32.6	7.07e-132
4	Immune cells	DC	M1	SNRPD1	-0.39	31.5	2.78e-131
4	Immune cells	DC	M1	BCL2A1	0.73	67.8	3.31e-131
4	Immune cells	DC	M1	GNLY	-0.57	1.5	3.4e-131
4	Immune cells	DC	M1	MGST1	-0.7	22.3	4.27e-131
4	Immune cells	DC	M1	NDRG1	0.75	65.9	5.11e-130
4	Immune cells	DC	M1	TMEM141	-0.34	24.4	8.45e-130
4	Immune cells	DC	M1	DUSP4	-0.38	6.9	8.86e-129
4	Immune cells	DC	M1	IGFBP1	-0.55	12.8	1.53e-128
4	Immune cells	DC	M1	LSM4	-0.33	29.9	3.43e-128
4	Immune cells	DC	M1	IFITM3	-0.97	57.4	2.42e-127
4	Immune cells	DC	M1	IGHG1	-2.89	6.1	8.13e-127
4	Immune cells	DC	M1	IGHM	-0.89	3.5	1.88e-126
4	Immune cells	DC	M1	GPR34	-0.26	13.5	6.12e-126
4	Immune cells	DC	M1	RABGGTB	-0.28	24.3	3.57e-125
4	Immune cells	DC	M1	POLR2K	-0.5	38.8	3.01e-124
4	Immune cells	DC	M1	POLR2F	-0.37	27.8	3.69e-123
4	Immune cells	DC	M1	TMEM176A	-0.46	29.1	8.69e-123
4	Immune cells	DC	M1	JCHAIN	-0.41	2.2	2.27e-120
4	Immune cells	DC	M1	C6orf48	-0.35	26.2	5.61e-119
4	Immune cells	DC	M1	HIST1H1C	-0.38	23.9	1.08e-118
4	Immune cells	DC	M1	AKR1C1	-1.29	36.2	1.3e-118
4	Immune cells	DC	M1	EMP1	0.78	52.5	1.47e-118
4	Immune cells	DC	M1	GCHFR	-0.26	20.0	3.07e-118
4	Immune cells	DC	M1	PLEK	0.66	73.1	4.51e-117
4	Immune cells	DC	M1	ATF5	0.78	66.0	9.24e-117
4	Immune cells	DC	M1	TTR	-1.27	31.2	2.63e-116
4	Immune cells	DC	M1	APOM	-1.32	32.7	1.58e-115
4	Immune cells	DC	M1	GZMH	-0.29	0.7	2.6e-114
4	Immune cells	DC	M1	ACTG1	0.37	97.7	8.88e-114
4	Immune cells	DC	M1	AMBP	-1.42	35.1	1.9e-113
4	Immune cells	DC	M1	CYC1	-0.35	32.7	3.49e-113
4	Immune cells	DC	M1	COL4A1	-0.38	1.5	4.7e-113
4	Immune cells	DC	M1	PRDX2	-0.56	45.2	7.5e-113
4	Immune cells	DC	M1	MDH2	-0.34	34.2	3.19e-110
4	Immune cells	DC	M1	SLIRP	-0.45	40.5	1.7e-109
4	Immune cells	DC	M1	BASP1	0.73	63.2	1.47e-108
4	Immune cells	DC	M1	MRPL13	-0.31	29.0	1.47e-108
4	Immune cells	DC	M1	CXCL2	0.94	69.4	3.22e-108
4	Immune cells	DC	M1	FOS	0.34	93.7	2.31e-107
4	Immune cells	DC	M1	C5AR1	0.71	62.6	6.69e-107
4	Immune cells	DC	M1	IGHG3	-1.73	5.6	4.84e-106
4	Immune cells	DC	M1	GDF15	-0.32	21.4	8.17e-106
4	Immune cells	DC	M1	NDUFA4L2	-0.28	3.3	1.27e-105
4	Immune cells	DC	M1	APOA2	-1.98	98.3	3.8e-104
4	Immune cells	DC	M1	EGR1	0.91	71.8	6.51e-103
4	Immune cells	DC	M1	NRP2	0.65	57.9	7.01e-103
4	Immune cells	DC	M1	NUDC	-0.34	35.2	9.49e-103
4	Immune cells	DC	M1	RGS5	-0.63	2.7	4.22e-102
4	Immune cells	DC	M1	ETFB	-0.48	41.1	6.18e-102
4	Immune cells	DC	M1	CCL5	-1.12	15.0	2.13e-101
4	Immune cells	DC	M1	FCGR2A	0.54	70.5	3.75e-101
4	Immune cells	DC	M1	MPEG1	-0.33	22.8	5.24e-101
4	Immune cells	DC	M1	RPL8	-0.54	98.3	5.44e-101
4	Immune cells	DC	M1	IGHG4	-2.65	9.0	8.71e-101
4	Immune cells	DC	M1	IER3	0.7	80.2	9.92e-101
4	Immune cells	DC	M1	SPARC	-0.68	5.2	1.75e-100
4	Immune cells	DC	M1	COL1A2	-0.37	1.3	9.78e-100
4	Immune cells	DC	M1	LYPLA1	-0.29	32.9	6.41e-99
4	Immune cells	DC	M1	IGLC3	-1.03	2.2	8.3e-99
4	Immune cells	DC	M1	F13A1	-0.27	15.5	1.67e-98
4	Immune cells	DC	M1	MNDA	-0.33	20.2	1.13e-93
4	Immune cells	DC	M1	COL4A2	-0.34	0.9	5.84e-93
4	Immune cells	DC	M1	ERH	-0.38	46.7	1.43e-91
4	Immune cells	DC	M1	FABP1	-1.67	50.5	3.98e-90
4	Immune cells	DC	M1	RPL22L1	-1.01	60.3	1.09e-89
4	Immune cells	DC	M1	IGLC2	-1.18	12.8	2.49e-89
4	Immune cells	DC	M1	FCN1	-0.35	9.3	2.96e-89
4	Immune cells	DC	M1	S100A8	-0.69	3.8	4.27e-89
4	Immune cells	DC	M1	TF	-1.33	43.1	8.13e-88
4	Immune cells	DC	M1	GZMB	-0.26	1.5	9.41e-87
4	Immune cells	DC	M1	RPL39	-0.29	99.7	1.54e-86
4	Immune cells	DC	M1	RAN	-0.41	59.1	2.15e-86
4	Immune cells	DC	M1	HAVCR2	0.61	58.7	1.23e-85
4	Immune cells	DC	M1	STAB1	-0.36	26.0	2.67e-85
4	Immune cells	DC	M1	EGLN3	0.76	53.9	6.89e-85
4	Immune cells	DC	M1	NDUFB9	-0.36	38.7	1.83e-84
4	Immune cells	DC	M1	IGHG2	-0.34	1.5	3.95e-84
4	Immune cells	DC	M1	SDC2	0.78	55.4	3.44e-83
4	Immune cells	DC	M1	TMEM91	0.71	53.0	3.63e-81
4	Immune cells	DC	M1	ALOX5AP	-0.32	18.9	4.01e-79
4	Immune cells	DC	M1	PHLDA1	0.55	64.4	8.75e-78
4	Immune cells	DC	M1	TKT	-0.31	44.5	1.05e-77
4	Immune cells	DC	M1	GATM	0.62	72.7	1.48e-76
4	Immune cells	DC	M1	PEBP1	-0.4	54.5	3.63e-76
4	Immune cells	DC	M1	MMP7	0.34	8.5	7.95e-76
4	Immune cells	DC	M1	THY1	-0.31	0.2	9.2e-76
4	Immune cells	DC	M1	TFPI	-0.85	35.5	4.2e-75
4	Immune cells	DC	M1	SPINK1	-1.53	59.8	1.07e-74
4	Immune cells	DC	M1	BIRC3	-0.37	23.7	1.91e-73
4	Immune cells	DC	M1	UQCRH	-0.41	74.2	6.7e-73
4	Immune cells	DC	M1	C1QA	-0.27	83.4	1.08e-72
4	Immune cells	DC	M1	PLA2G7	0.6	59.9	7.98e-72
4	Immune cells	DC	M1	CYBB	-0.45	32.2	1.38e-71
4	Immune cells	DC	M1	AFP	-1.33	50.5	2.06e-71
4	Immune cells	DC	M1	COL3A1	-0.34	1.8	5.96e-71
4	Immune cells	DC	M1	FCGR3A	0.41	67.2	2.17e-70
4	Immune cells	DC	M1	PRDX6	-0.32	45.7	7.6e-70
4	Immune cells	DC	M1	CHCHD10	-0.63	61.6	1.28e-68
4	Immune cells	DC	M1	HN1	-0.3	40.1	2.65e-68
4	Immune cells	DC	M1	COX5A	-0.28	51.2	1.19e-62
4	Immune cells	DC	M1	STMN1	-0.45	37.0	5.3e-62
4	Immune cells	DC	M1	SEMA3C	0.64	38.1	3.93e-61
4	Immune cells	DC	M1	FGL2	-0.38	35.2	8.17e-61
4	Immune cells	DC	M1	C10orf10	0.26	11.5	2.8e-60
4	Immune cells	DC	M1	COX7B	-0.32	74.1	5.31e-58
4	Immune cells	DC	M1	COX7A2L	-0.35	50.4	1.36e-57
4	Immune cells	DC	M1	NRP1	0.44	65.4	3.18e-57
4	Immune cells	DC	M1	SERPINA1	-1.68	93.5	6.9e-56
4	Immune cells	DC	M1	TPSB2	-0.69	1.5	4.82e-55
4	Immune cells	DC	M1	EIF3E	-0.39	74.7	8.21e-55
4	Immune cells	DC	M1	IGKC	-1.55	25.4	2.86e-54
4	Immune cells	DC	M1	FPR3	0.54	57.4	1.08e-53
4	Immune cells	DC	M1	SNRPE	-0.28	49.6	1.43e-52
4	Immune cells	DC	M1	MS4A6A	-0.64	40.3	2.38e-52
4	Immune cells	DC	M1	VTN	-1.39	56.1	7.79e-51
4	Immune cells	DC	M1	CRIP1	-0.45	25.1	1.96e-50
4	Immune cells	DC	M1	HMGB2	-0.42	33.6	1e-49
4	Immune cells	DC	M1	APOA1	-1.73	66.8	2.12e-49
4	Immune cells	DC	M1	NTS	-1.3	54.8	1.13e-45
4	Immune cells	DC	M1	ALB	-1.76	97.9	3.32e-45
4	Immune cells	DC	M1	H2AFZ	-0.49	66.0	1.4e-43
4	Immune cells	DC	M1	ITGAX	0.55	50.5	3.91e-42
4	Immune cells	DC	M1	NPM1	-0.34	89.5	1.3e-41
4	Immune cells	DC	M1	VCAN	0.63	44.3	2.64e-41
4	Immune cells	DC	M1	DUSP6	0.64	58.9	3.96e-41
4	Immune cells	DC	M1	SPI1	0.36	61.2	5.65e-40
4	Immune cells	DC	M1	ARL6IP1	0.26	70.2	1.86e-39
4	Immune cells	DC	M1	DDT	-0.67	68.2	5.24e-39
4	Immune cells	DC	M1	PRDX5	-0.3	62.1	8.31e-38
4	Immune cells	DC	M1	LST1	-0.41	43.9	8.65e-38
4	Immune cells	DC	M1	MT1M	0.39	8.9	4.68e-37
4	Immune cells	DC	M1	C1QB	-0.38	76.0	7.38e-37
4	Immune cells	DC	M1	MAFB	0.34	64.4	9.99e-36
4	Immune cells	DC	M1	VEGFA	0.48	60.9	3.4e-35
4	Immune cells	DC	M1	MT1H	0.65	9.9	6.97e-35
4	Immune cells	DC	M1	NUPR1	1.13	54.2	1.37e-34
4	Immune cells	DC	M1	AHSG	-1.37	56.7	5.3e-34
4	Immune cells	DC	M1	TIMP3	0.36	11.1	2.72e-33
4	Immune cells	DC	M1	CCL4	0.28	65.2	3.73e-31
4	Immune cells	DC	M1	STC1	-0.43	1.7	5.92e-30
4	Immune cells	DC	M1	GEM	0.74	43.1	1.85e-28
4	Immune cells	DC	M1	CYSTM1	0.39	59.5	3.46e-28
4	Immune cells	DC	M1	CCL3L3	0.46	55.2	8.28e-28
4	Immune cells	DC	M1	HLA-DRB1	-0.42	90.4	1.31e-25
4	Immune cells	DC	M1	NCEH1	0.56	45.8	2.7e-25
4	Immune cells	DC	M1	LPL	0.61	36.0	2.69e-24
4	Immune cells	DC	M1	RNASE6	0.34	57.7	5.44e-24
4	Immune cells	DC	M1	TUBA1C	0.28	62.2	8.67e-23
4	Immune cells	DC	M1	TREM2	0.45	47.5	2.64e-21
4	Immune cells	DC	M1	WBP5	0.49	44.7	6.97e-21
4	Immune cells	DC	M1	NLRP3	0.25	22.1	1.9e-20
4	Immune cells	DC	M1	FBP1	0.51	46.6	1.29e-19
4	Immune cells	DC	M1	MT1E	0.43	20.6	5.43e-19
4	Immune cells	DC	M1	BAG3	0.4	56.1	1.52e-18
4	Immune cells	DC	M1	RAB42	0.62	36.7	4.83e-18
4	Immune cells	DC	M1	CXCL1	0.44	20.7	1.88e-17
4	Immune cells	DC	M1	S100A9	-0.69	59.4	2.23e-17
4	Immune cells	DC	M1	THBD	0.25	17.6	2.41e-17
4	Immune cells	DC	M1	NMB	0.26	24.3	2.91e-16
4	Immune cells	DC	M1	MDM2	0.25	30.4	7.17e-13
4	Immune cells	DC	M1	SEPP1	-0.66	72.0	9.93e-12
4	Immune cells	DC	M1	TGFBI	0.44	56.7	6.47e-11
4	Immune cells	DC	M1	KMO	0.47	33.1	8.73e-11
4	Immune cells	DC	M1	ADAP2	0.28	50.9	1.06e-10
4	Immune cells	DC	M1	TM4SF19	0.39	22.8	5.13e-10
4	Immune cells	DC	M1	HBEGF	0.3	30.1	1.05e-09
4	Immune cells	DC	M1	MT2A	0.81	60.2	1.58e-09
4	Immune cells	DC	M1	FAM46A	0.38	50.7	1.8e-09
4	Immune cells	DC	M1	TUBB	-0.28	70.2	3.66e-09
4	Immune cells	DC	M1	SDS	0.59	34.6	4.29e-08
4	Immune cells	DC	M1	MT1G	1.03	23.2	2.51e-07
4	Immune cells	DC	M1	CFD	0.25	32.9	4.65e-07
4	Immune cells	DC	M1	SOCS3	0.33	47.1	1.05e-06
4	Immune cells	DC	M1	CLIC4	0.4	38.8	1.16e-06
4	Immune cells	DC	M1	GK	0.29	29.2	3.13e-06
4	Immune cells	DC	M1	HILPDA	0.49	31.4	3.89e-06
4	Immune cells	DC	M1	SLC16A10	0.34	21.8	4.31e-06
4	Immune cells	DC	M1	SLC11A1	0.26	21.6	8.55e-06
5	Immune cells	Mono/Macro	cDC1	C1QB	1.4	97.9	0
5	Immune cells	Mono/Macro	cDC1	C1QA	1.39	98.2	0
5	Immune cells	Mono/Macro	cDC1	C1QC	1.31	94.7	0
5	Immune cells	Mono/Macro	cDC1	HLA-DRA	1.27	98.8	0
5	Immune cells	Mono/Macro	cDC1	HLA-DRB1	1.27	99.0	0
5	Immune cells	Mono/Macro	cDC1	MS4A6A	1.21	95.6	0
5	Immune cells	Mono/Macro	cDC1	CD14	1.17	92.1	0
5	Immune cells	Mono/Macro	cDC1	HLA-DPA1	1.16	96.0	0
5	Immune cells	Mono/Macro	cDC1	HLA-DPB1	1.15	95.2	0
5	Immune cells	Mono/Macro	cDC1	AIF1	1.13	96.7	0
5	Immune cells	Mono/Macro	cDC1	HLA-DQA1	1.08	92.8	0
5	Immune cells	Mono/Macro	cDC1	FCER1G	1.05	96.3	0
5	Immune cells	Mono/Macro	cDC1	TYROBP	1.04	97.0	0
5	Immune cells	Mono/Macro	cDC1	HLA-DQB1	1.0	95.2	0
5	Immune cells	Mono/Macro	cDC1	MS4A7	0.94	91.1	0
5	Immune cells	Mono/Macro	cDC1	LGMN	0.96	93.3	3.18e-304
5	Immune cells	Mono/Macro	cDC1	FGL2	0.9	89.6	5.35e-300
5	Immune cells	Mono/Macro	cDC1	CD163	0.9	85.0	3.58e-275
5	Immune cells	Mono/Macro	cDC1	CYBB	0.97	85.7	5.64e-275
5	Immune cells	Mono/Macro	cDC1	LYZ	1.03	91.2	1.77e-268
5	Immune cells	Mono/Macro	cDC1	SEPP1	1.02	93.3	2.31e-243
5	Immune cells	Mono/Macro	cDC1	MS4A4A	0.87	81.2	1.01e-238
5	Immune cells	Mono/Macro	cDC1	SLC40A1	0.98	83.7	2.82e-235
5	Immune cells	Mono/Macro	cDC1	LST1	0.68	85.4	2.71e-211
5	Immune cells	Mono/Macro	cDC1	SLC38A1	-0.43	6.7	2.13e-200
5	Immune cells	Mono/Macro	cDC1	STAB1	0.86	77.7	4.05e-200
5	Immune cells	Mono/Macro	cDC1	CALD1	-0.75	7.9	1.7e-198
5	Immune cells	Mono/Macro	cDC1	LY96	0.74	82.2	3.1e-198
5	Immune cells	Mono/Macro	cDC1	FKBP11	-0.49	8.1	2.47e-196
5	Immune cells	Mono/Macro	cDC1	CAMK2N1	-0.38	5.8	2.26e-195
5	Immune cells	Mono/Macro	cDC1	LAPTM4B	-0.75	11.1	3.38e-194
5	Immune cells	Mono/Macro	cDC1	CDKN2A	-0.38	7.2	3.44e-193
5	Immune cells	Mono/Macro	cDC1	RNASE6	0.76	78.3	6.83e-193
5	Immune cells	Mono/Macro	cDC1	HPX	-0.45	6.9	9.28e-192
5	Immune cells	Mono/Macro	cDC1	KNG1	-0.43	5.8	1.48e-191
5	Immune cells	Mono/Macro	cDC1	CD3D	-1.2	9.6	8.63e-189
5	Immune cells	Mono/Macro	cDC1	PCSK1N	-0.45	7.0	5.7e-188
5	Immune cells	Mono/Macro	cDC1	ITGA1	-0.33	3.5	9.73e-188
5	Immune cells	Mono/Macro	cDC1	FGA	-0.57	8.3	1.89e-186
5	Immune cells	Mono/Macro	cDC1	MPEG1	0.76	76.6	2.47e-186
5	Immune cells	Mono/Macro	cDC1	F2	-0.72	10.3	4.64e-186
5	Immune cells	Mono/Macro	cDC1	TMEM14A	-0.26	6.5	7.3e-186
5	Immune cells	Mono/Macro	cDC1	PERP	-0.33	6.2	1.73e-185
5	Immune cells	Mono/Macro	cDC1	SQLE	-0.32	7.0	6.2e-185
5	Immune cells	Mono/Macro	cDC1	FN1	-0.54	8.3	8.27e-185
5	Immune cells	Mono/Macro	cDC1	AQP3	-0.27	5.0	2.95e-184
5	Immune cells	Mono/Macro	cDC1	ANGPTL3	-0.53	7.0	1.28e-183
5	Immune cells	Mono/Macro	cDC1	C12orf75	-0.34	7.2	1.68e-183
5	Immune cells	Mono/Macro	cDC1	FST	-0.35	5.6	1.95e-183
5	Immune cells	Mono/Macro	cDC1	MAFB	0.8	81.2	2.48e-183
5	Immune cells	Mono/Macro	cDC1	CTHRC1	-0.51	7.9	4.63e-183
5	Immune cells	Mono/Macro	cDC1	GGH	-0.47	11.0	2.28e-182
5	Immune cells	Mono/Macro	cDC1	PLG	-0.42	7.6	2.64e-182
5	Immune cells	Mono/Macro	cDC1	CPVL	0.79	74.1	3.81e-182
5	Immune cells	Mono/Macro	cDC1	ITIH2	-0.46	8.4	5.16e-182
5	Immune cells	Mono/Macro	cDC1	FOLR2	0.8	74.7	8.08e-182
5	Immune cells	Mono/Macro	cDC1	CSF1R	0.71	75.2	3.09e-181
5	Immune cells	Mono/Macro	cDC1	ORM2	-0.49	6.5	1.48e-180
5	Immune cells	Mono/Macro	cDC1	CLDN1	-0.58	10.5	2.04e-180
5	Immune cells	Mono/Macro	cDC1	TM4SF1	-0.36	4.2	2.65e-180
5	Immune cells	Mono/Macro	cDC1	TM4SF4	-0.43	7.3	6.77e-180
5	Immune cells	Mono/Macro	cDC1	ORM1	-0.68	8.6	2.03e-178
5	Immune cells	Mono/Macro	cDC1	CFI	-0.4	6.1	6.74e-178
5	Immune cells	Mono/Macro	cDC1	CCL20	-0.97	13.1	6.94e-178
5	Immune cells	Mono/Macro	cDC1	SPTBN1	-0.38	10.3	2.47e-177
5	Immune cells	Mono/Macro	cDC1	LBP	-0.65	10.1	2.52e-177
5	Immune cells	Mono/Macro	cDC1	FGL1	-0.73	11.8	3.77e-177
5	Immune cells	Mono/Macro	cDC1	UGT2B4	-0.45	7.9	5.51e-177
5	Immune cells	Mono/Macro	cDC1	FGG	-0.75	10.4	1.68e-176
5	Immune cells	Mono/Macro	cDC1	SLPI	-0.26	4.4	3.22e-176
5	Immune cells	Mono/Macro	cDC1	ASGR2	-0.33	8.1	3.82e-176
5	Immune cells	Mono/Macro	cDC1	GC	-0.78	12.3	7.86e-176
5	Immune cells	Mono/Macro	cDC1	KCTD12	0.69	79.5	1.21e-175
5	Immune cells	Mono/Macro	cDC1	DHCR24	-0.48	11.0	2.83e-174
5	Immune cells	Mono/Macro	cDC1	HRG	-0.44	7.5	1.04e-173
5	Immune cells	Mono/Macro	cDC1	FXYD1	-0.49	8.7	1.19e-173
5	Immune cells	Mono/Macro	cDC1	MRC1	0.8	76.0	1.29e-173
5	Immune cells	Mono/Macro	cDC1	KRT19	-0.27	5.5	1.48e-173
5	Immune cells	Mono/Macro	cDC1	SDC2	-0.3	8.9	2.1e-173
5	Immune cells	Mono/Macro	cDC1	ANG	-0.39	9.2	3.31e-173
5	Immune cells	Mono/Macro	cDC1	ELF3	-0.27	4.4	5.15e-173
5	Immune cells	Mono/Macro	cDC1	HPGD	-0.35	5.9	8.11e-173
5	Immune cells	Mono/Macro	cDC1	CP	-1.15	14.8	1.54e-172
5	Immune cells	Mono/Macro	cDC1	SERPIND1	-0.3	5.3	3.47e-172
5	Immune cells	Mono/Macro	cDC1	TRNP1	-0.37	7.7	1.35e-171
5	Immune cells	Mono/Macro	cDC1	DMKN	-0.41	9.5	4.5e-171
5	Immune cells	Mono/Macro	cDC1	TSPAN8	-0.58	9.7	6.84e-171
5	Immune cells	Mono/Macro	cDC1	TMEM45A	-0.28	5.7	8.58e-171
5	Immune cells	Mono/Macro	cDC1	GPC3	-0.97	17.1	9.98e-171
5	Immune cells	Mono/Macro	cDC1	LRG1	-0.44	8.6	1.66e-170
5	Immune cells	Mono/Macro	cDC1	TFPI	-1.12	19.9	2.21e-170
5	Immune cells	Mono/Macro	cDC1	MAL2	-0.48	9.5	8.75e-170
5	Immune cells	Mono/Macro	cDC1	CFB	-0.52	12.1	2.26e-169
5	Immune cells	Mono/Macro	cDC1	SERPINE1	-0.37	9.2	2.12e-168
5	Immune cells	Mono/Macro	cDC1	KDELR3	-0.29	4.8	1.16e-167
5	Immune cells	Mono/Macro	cDC1	BCHE	-0.72	13.1	1.45e-167
5	Immune cells	Mono/Macro	cDC1	LEAP2	-0.3	7.6	2.1e-167
5	Immune cells	Mono/Macro	cDC1	BLVRB	0.58	88.2	2.39e-167
5	Immune cells	Mono/Macro	cDC1	TM4SF5	-0.93	14.7	2.63e-167
5	Immune cells	Mono/Macro	cDC1	KRT8	-0.78	15.8	2.6e-166
5	Immune cells	Mono/Macro	cDC1	HULC	-0.29	6.2	4.1e-166
5	Immune cells	Mono/Macro	cDC1	AGR2	-0.47	7.5	5.7e-166
5	Immune cells	Mono/Macro	cDC1	RARRES2	-0.86	15.6	6.62e-166
5	Immune cells	Mono/Macro	cDC1	AADAC	-0.26	4.4	1.64e-165
5	Immune cells	Mono/Macro	cDC1	MST1	-0.26	7.3	3.01e-165
5	Immune cells	Mono/Macro	cDC1	FGB	-0.79	13.9	3.01e-165
5	Immune cells	Mono/Macro	cDC1	APOA2	-2.12	97.3	4.72e-164
5	Immune cells	Mono/Macro	cDC1	PLOD2	-0.29	5.1	4.75e-164
5	Immune cells	Mono/Macro	cDC1	TNFRSF12A	-0.36	10.3	7.71e-164
5	Immune cells	Mono/Macro	cDC1	PROC	-0.44	9.6	9.24e-164
5	Immune cells	Mono/Macro	cDC1	CES1	-0.36	7.1	1.42e-162
5	Immune cells	Mono/Macro	cDC1	TPM2	-0.45	12.0	3.21e-162
5	Immune cells	Mono/Macro	cDC1	PHGDH	-0.26	6.7	6.74e-161
5	Immune cells	Mono/Macro	cDC1	GPX2	-0.62	12.2	1.56e-160
5	Immune cells	Mono/Macro	cDC1	MDK	-0.59	13.2	5.27e-160
5	Immune cells	Mono/Macro	cDC1	S100A13	-0.36	11.1	7.61e-160
5	Immune cells	Mono/Macro	cDC1	SERPINA6	-0.28	4.0	1.31e-159
5	Immune cells	Mono/Macro	cDC1	TSPAN6	-0.34	6.5	1.25e-158
5	Immune cells	Mono/Macro	cDC1	GAGE2A	-0.85	14.3	1.59e-158
5	Immune cells	Mono/Macro	cDC1	FXYD2	-0.47	12.5	9.9e-158
5	Immune cells	Mono/Macro	cDC1	CFH	-0.99	19.5	1.52e-157
5	Immune cells	Mono/Macro	cDC1	NQO1	-0.44	11.5	4.6e-157
5	Immune cells	Mono/Macro	cDC1	GPNMB	0.54	86.4	5.25e-157
5	Immune cells	Mono/Macro	cDC1	WDR72	-0.27	5.6	8.28e-157
5	Immune cells	Mono/Macro	cDC1	MGST1	-0.85	17.8	2.72e-156
5	Immune cells	Mono/Macro	cDC1	CD7	-0.72	7.9	4.34e-156
5	Immune cells	Mono/Macro	cDC1	NID1	-0.29	9.2	5.53e-156
5	Immune cells	Mono/Macro	cDC1	AKR1C2	-0.41	11.8	2.09e-155
5	Immune cells	Mono/Macro	cDC1	APOH	-1.13	19.5	2.44e-155
5	Immune cells	Mono/Macro	cDC1	S100P	-0.42	8.6	7.66e-155
5	Immune cells	Mono/Macro	cDC1	AK4	-0.28	11.7	1.71e-154
5	Immune cells	Mono/Macro	cDC1	KRT18	-1.06	19.9	4.57e-154
5	Immune cells	Mono/Macro	cDC1	NPW	-0.82	15.7	1.04e-153
5	Immune cells	Mono/Macro	cDC1	SELM	-0.44	14.1	3.17e-153
5	Immune cells	Mono/Macro	cDC1	CDKN2B-AS1	-0.25	5.1	4.35e-153
5	Immune cells	Mono/Macro	cDC1	NUPR1	-0.47	16.0	6.43e-153
5	Immune cells	Mono/Macro	cDC1	GCHFR	-0.4	15.2	1.69e-151
5	Immune cells	Mono/Macro	cDC1	FCGR3A	0.71	76.8	4.91e-151
5	Immune cells	Mono/Macro	cDC1	ADAP2	0.68	72.2	2.5e-150
5	Immune cells	Mono/Macro	cDC1	C3	-0.52	13.2	4.31e-150
5	Immune cells	Mono/Macro	cDC1	IGF2	-0.64	16.3	1.52e-149
5	Immune cells	Mono/Macro	cDC1	SERPINF1	-0.45	13.2	5.18e-149
5	Immune cells	Mono/Macro	cDC1	ID1	-0.3	7.2	6.1e-149
5	Immune cells	Mono/Macro	cDC1	STEAP1	-0.3	5.7	1.13e-148
5	Immune cells	Mono/Macro	cDC1	PLA2G16	-0.26	10.6	3.66e-148
5	Immune cells	Mono/Macro	cDC1	CLU	-1.18	21.9	3.83e-148
5	Immune cells	Mono/Macro	cDC1	NUSAP1	-0.25	7.5	6.61e-148
5	Immune cells	Mono/Macro	cDC1	DRD4	-0.28	6.1	1.29e-147
5	Immune cells	Mono/Macro	cDC1	RHOB	0.67	86.4	3.53e-147
5	Immune cells	Mono/Macro	cDC1	NGFRAP1	-0.38	16.7	1.01e-145
5	Immune cells	Mono/Macro	cDC1	RBP4	-1.32	21.3	1.1e-145
5	Immune cells	Mono/Macro	cDC1	ANGPTL8	-0.89	16.1	3.29e-145
5	Immune cells	Mono/Macro	cDC1	C8orf4	-0.28	3.6	6.98e-145
5	Immune cells	Mono/Macro	cDC1	APOC3	-0.91	15.5	9.94e-144
5	Immune cells	Mono/Macro	cDC1	NR2F2	-0.28	1.9	2.2e-143
5	Immune cells	Mono/Macro	cDC1	PPP1R16A	-0.27	10.5	2.43e-142
5	Immune cells	Mono/Macro	cDC1	PRAP1	-0.81	19.2	1.64e-141
5	Immune cells	Mono/Macro	cDC1	CD2	-1.16	8.6	2.37e-140
5	Immune cells	Mono/Macro	cDC1	COL18A1	-0.27	5.7	4.32e-140
5	Immune cells	Mono/Macro	cDC1	ALB	-2.0	96.9	1.22e-139
5	Immune cells	Mono/Macro	cDC1	MEG3	-0.29	8.2	2.71e-139
5	Immune cells	Mono/Macro	cDC1	TRAC	-1.02	8.5	3.69e-138
5	Immune cells	Mono/Macro	cDC1	DEFB1	-0.27	6.5	6.24e-138
5	Immune cells	Mono/Macro	cDC1	TUBA4A	-0.41	6.9	1.03e-137
5	Immune cells	Mono/Macro	cDC1	TOP2A	-0.34	5.8	3.06e-137
5	Immune cells	Mono/Macro	cDC1	ITM2A	-0.63	7.2	4.08e-137
5	Immune cells	Mono/Macro	cDC1	AKR1C4	-0.94	21.0	1.29e-136
5	Immune cells	Mono/Macro	cDC1	CXCL17	-0.68	12.1	5.03e-136
5	Immune cells	Mono/Macro	cDC1	PROS1	-0.27	12.1	2.35e-135
5	Immune cells	Mono/Macro	cDC1	GSTP1	0.54	86.3	2.4e-135
5	Immune cells	Mono/Macro	cDC1	UBE2C	-0.27	4.0	1.12e-134
5	Immune cells	Mono/Macro	cDC1	AGT	-1.27	26.1	1.36e-133
5	Immune cells	Mono/Macro	cDC1	MARCKSL1	-0.35	16.7	4.17e-133
5	Immune cells	Mono/Macro	cDC1	ASGR1	-0.5	18.5	1.57e-132
5	Immune cells	Mono/Macro	cDC1	GPR34	0.7	64.3	1.76e-132
5	Immune cells	Mono/Macro	cDC1	AKR1C3	-1.14	26.4	4.88e-131
5	Immune cells	Mono/Macro	cDC1	CFHR1	-0.32	6.1	5.28e-131
5	Immune cells	Mono/Macro	cDC1	KIAA0101	-0.26	6.5	7.37e-131
5	Immune cells	Mono/Macro	cDC1	TRBC2	-0.81	7.6	3.24e-130
5	Immune cells	Mono/Macro	cDC1	TRBC1	-0.99	6.2	6.71e-130
5	Immune cells	Mono/Macro	cDC1	CENPF	-0.26	5.5	5.78e-129
5	Immune cells	Mono/Macro	cDC1	UGDH	-0.31	16.0	8.21e-129
5	Immune cells	Mono/Macro	cDC1	IGFBP1	-0.62	11.7	1.14e-128
5	Immune cells	Mono/Macro	cDC1	PTTG1	-0.44	13.6	1.2e-128
5	Immune cells	Mono/Macro	cDC1	SLC9A3R1	-0.27	14.8	1.34e-128
5	Immune cells	Mono/Macro	cDC1	ODC1	-0.31	15.8	2.28e-128
5	Immune cells	Mono/Macro	cDC1	PTGR1	-0.25	7.3	3.02e-128
5	Immune cells	Mono/Macro	cDC1	XCL1	-0.3	1.6	8.33e-127
5	Immune cells	Mono/Macro	cDC1	AZGP1	-0.28	4.4	1.64e-126
5	Immune cells	Mono/Macro	cDC1	EBP	-0.34	18.4	5.28e-126
5	Immune cells	Mono/Macro	cDC1	APOB	-1.22	25.3	1.03e-125
5	Immune cells	Mono/Macro	cDC1	AKR1B10	-0.71	16.6	2.6e-125
5	Immune cells	Mono/Macro	cDC1	TIGIT	-0.52	5.4	9.61e-125
5	Immune cells	Mono/Macro	cDC1	PON2	-0.35	18.3	1.67e-124
5	Immune cells	Mono/Macro	cDC1	IGFBP3	-0.28	3.3	1.67e-124
5	Immune cells	Mono/Macro	cDC1	FCGR2A	0.61	74.9	1.79e-124
5	Immune cells	Mono/Macro	cDC1	GPX3	-0.31	17.7	4.01e-124
5	Immune cells	Mono/Macro	cDC1	SPOCK2	-0.46	6.0	5.49e-124
5	Immune cells	Mono/Macro	cDC1	KLRB1	-0.97	5.8	8.43e-124
5	Immune cells	Mono/Macro	cDC1	CD27	-0.42	4.2	1.19e-123
5	Immune cells	Mono/Macro	cDC1	IFNG	-0.83	1.9	1.05e-122
5	Immune cells	Mono/Macro	cDC1	HIST1H1C	-0.48	22.7	1.74e-122
5	Immune cells	Mono/Macro	cDC1	APOM	-1.38	30.4	3.54e-122
5	Immune cells	Mono/Macro	cDC1	GCLM	-0.3	17.8	3.48e-121
5	Immune cells	Mono/Macro	cDC1	LAIR2	-0.31	2.6	7.6e-119
5	Immune cells	Mono/Macro	cDC1	NDRG1	-0.3	18.4	1.5e-118
5	Immune cells	Mono/Macro	cDC1	ICOS	-0.41	5.1	5.68e-118
5	Immune cells	Mono/Macro	cDC1	AMBP	-1.48	32.7	6.28e-118
5	Immune cells	Mono/Macro	cDC1	HMGCS1	-0.32	16.0	6.49e-118
5	Immune cells	Mono/Macro	cDC1	XCL2	-0.36	1.4	3.14e-117
5	Immune cells	Mono/Macro	cDC1	MKI67	-0.26	4.5	1.57e-116
5	Immune cells	Mono/Macro	cDC1	GZMA	-0.85	4.8	1.64e-116
5	Immune cells	Mono/Macro	cDC1	MPST	-0.48	24.1	2.5e-116
5	Immune cells	Mono/Macro	cDC1	LBH	-0.33	6.5	8.64e-116
5	Immune cells	Mono/Macro	cDC1	OCIAD2	-0.3	5.7	2.41e-115
5	Immune cells	Mono/Macro	cDC1	ALDH1A1	-0.37	17.3	5.17e-115
5	Immune cells	Mono/Macro	cDC1	RCN1	-0.28	18.8	2.29e-114
5	Immune cells	Mono/Macro	cDC1	AC092580.4	-0.29	2.7	5.2e-114
5	Immune cells	Mono/Macro	cDC1	TNFRSF18	-0.69	8.1	5.63e-113
5	Immune cells	Mono/Macro	cDC1	ASPH	-0.5	27.3	7.49e-113
5	Immune cells	Mono/Macro	cDC1	MPC2	-0.51	34.3	8.65e-113
5	Immune cells	Mono/Macro	cDC1	IL7R	-0.89	10.5	1.49e-112
5	Immune cells	Mono/Macro	cDC1	GZMK	-0.54	3.5	1.02e-111
5	Immune cells	Mono/Macro	cDC1	NKG7	-0.74	5.3	3.78e-111
5	Immune cells	Mono/Macro	cDC1	LTB	-1.45	16.4	8.23e-111
5	Immune cells	Mono/Macro	cDC1	LGALS1	0.32	96.8	8.74e-111
5	Immune cells	Mono/Macro	cDC1	PLEK	0.55	76.8	2.29e-110
5	Immune cells	Mono/Macro	cDC1	CYR61	-0.25	1.0	2.78e-110
5	Immune cells	Mono/Macro	cDC1	TNFSF14	-0.27	4.6	4.36e-110
5	Immune cells	Mono/Macro	cDC1	CRIP1	-0.69	15.0	2.63e-109
5	Immune cells	Mono/Macro	cDC1	MSR1	0.55	73.1	3.18e-109
5	Immune cells	Mono/Macro	cDC1	TTR	-1.33	30.9	3.97e-109
5	Immune cells	Mono/Macro	cDC1	PTGDS	-0.61	14.5	6.35e-109
5	Immune cells	Mono/Macro	cDC1	IGHA1	-0.78	6.1	2.06e-108
5	Immune cells	Mono/Macro	cDC1	CTLA4	-0.34	6.0	6.4e-108
5	Immune cells	Mono/Macro	cDC1	CD40LG	-0.29	3.7	5.82e-107
5	Immune cells	Mono/Macro	cDC1	DUSP4	-0.38	8.0	4.22e-103
5	Immune cells	Mono/Macro	cDC1	SOX4	-0.26	19.4	1.26e-102
5	Immune cells	Mono/Macro	cDC1	LGALS3	0.51	82.2	5.16e-102
5	Immune cells	Mono/Macro	cDC1	SNRPN	-0.27	19.9	1.22e-101
5	Immune cells	Mono/Macro	cDC1	C1orf162	0.58	71.4	1.47e-101
5	Immune cells	Mono/Macro	cDC1	TF	-1.42	40.2	2.36e-101
5	Immune cells	Mono/Macro	cDC1	SPI1	0.56	69.9	4.57e-101
5	Immune cells	Mono/Macro	cDC1	SGK1	0.54	77.9	1.43e-100
5	Immune cells	Mono/Macro	cDC1	COL4A1	-0.38	0.9	2.55e-100
5	Immune cells	Mono/Macro	cDC1	GNLY	-0.62	3.2	2.88e-100
5	Immune cells	Mono/Macro	cDC1	AKR1C1	-1.3	38.6	1.14e-98
5	Immune cells	Mono/Macro	cDC1	COL1A1	-0.37	2.4	1.83e-98
5	Immune cells	Mono/Macro	cDC1	GDF15	-0.3	20.7	7.44e-98
5	Immune cells	Mono/Macro	cDC1	SOD2	0.48	85.9	8e-97
5	Immune cells	Mono/Macro	cDC1	ACTA2	-0.25	4.9	6.27e-96
5	Immune cells	Mono/Macro	cDC1	C1orf54	0.6	65.2	7.07e-96
5	Immune cells	Mono/Macro	cDC1	VTN	-1.57	47.8	3.7e-95
5	Immune cells	Mono/Macro	cDC1	MEF2C	0.53	67.5	2.75e-94
5	Immune cells	Mono/Macro	cDC1	TGFBI	0.56	72.2	5.19e-94
5	Immune cells	Mono/Macro	cDC1	CD69	-1.19	17.1	6.35e-93
5	Immune cells	Mono/Macro	cDC1	A2M	0.52	78.6	4.81e-92
5	Immune cells	Mono/Macro	cDC1	FDPS	-0.48	29.8	1.1e-91
5	Immune cells	Mono/Macro	cDC1	NRP1	0.53	72.2	2.05e-91
5	Immune cells	Mono/Macro	cDC1	SPINK1	-1.63	55.3	2.46e-91
5	Immune cells	Mono/Macro	cDC1	TNFRSF4	-0.68	12.5	3.33e-90
5	Immune cells	Mono/Macro	cDC1	AFP	-1.39	46.8	4.35e-89
5	Immune cells	Mono/Macro	cDC1	LPAR6	0.61	65.6	4.96e-89
5	Immune cells	Mono/Macro	cDC1	AHSG	-1.64	46.4	7.99e-89
5	Immune cells	Mono/Macro	cDC1	MNDA	0.59	62.7	1.27e-88
5	Immune cells	Mono/Macro	cDC1	IGFBP7	-0.93	7.1	7.01e-88
5	Immune cells	Mono/Macro	cDC1	APOC1	0.61	95.0	2.22e-86
5	Immune cells	Mono/Macro	cDC1	IER3	0.61	83.3	3.1e-86
5	Immune cells	Mono/Macro	cDC1	RB1CC1	-0.28	28.4	3.45e-86
5	Immune cells	Mono/Macro	cDC1	IGHG4	-2.91	9.6	2.33e-85
5	Immune cells	Mono/Macro	cDC1	IGHG1	-3.08	9.3	4.38e-85
5	Immune cells	Mono/Macro	cDC1	F13A1	0.73	58.3	6.98e-85
5	Immune cells	Mono/Macro	cDC1	NTS	-1.48	47.5	6.4e-84
5	Immune cells	Mono/Macro	cDC1	IGHG3	-2.0	7.2	3.47e-83
5	Immune cells	Mono/Macro	cDC1	CYB5A	-0.31	29.2	4.04e-83
5	Immune cells	Mono/Macro	cDC1	GZMH	-0.28	2.9	1.77e-82
5	Immune cells	Mono/Macro	cDC1	FABP1	-1.64	51.4	3.04e-82
5	Immune cells	Mono/Macro	cDC1	SPARC	-0.69	6.5	3.45e-79
5	Immune cells	Mono/Macro	cDC1	HIST1H4C	-0.46	22.5	3.89e-79
5	Immune cells	Mono/Macro	cDC1	IGLC2	-1.4	13.2	1.23e-78
5	Immune cells	Mono/Macro	cDC1	FABP5	0.35	91.1	1.78e-78
5	Immune cells	Mono/Macro	cDC1	RPL8	-0.53	97.8	8.79e-78
5	Immune cells	Mono/Macro	cDC1	COL4A2	-0.34	1.2	1.2e-77
5	Immune cells	Mono/Macro	cDC1	APOA1	-1.83	62.4	2e-77
5	Immune cells	Mono/Macro	cDC1	C6orf48	-0.33	31.7	4.1e-77
5	Immune cells	Mono/Macro	cDC1	A1BG	-0.4	34.3	1.3e-76
5	Immune cells	Mono/Macro	cDC1	POLR2F	-0.34	33.3	1.59e-76
5	Immune cells	Mono/Macro	cDC1	NDUFA4L2	-0.26	5.5	1.18e-75
5	Immune cells	Mono/Macro	cDC1	POLR2K	-0.42	44.9	2.8e-74
5	Immune cells	Mono/Macro	cDC1	VCAN	-0.35	12.1	5.35e-74
5	Immune cells	Mono/Macro	cDC1	FOS	0.28	93.5	1.09e-72
5	Immune cells	Mono/Macro	cDC1	HMOX1	0.53	70.6	2.36e-72
5	Immune cells	Mono/Macro	cDC1	APOE	0.54	95.2	1.37e-71
5	Immune cells	Mono/Macro	cDC1	IGLC3	-0.41	4.4	2.05e-71
5	Immune cells	Mono/Macro	cDC1	COL1A2	-0.37	3.6	3.72e-71
5	Immune cells	Mono/Macro	cDC1	GZMB	-0.27	2.1	1.24e-70
5	Immune cells	Mono/Macro	cDC1	PSMB5	-0.27	31.7	9.91e-70
5	Immune cells	Mono/Macro	cDC1	ACTG1	0.26	97.2	3.19e-68
5	Immune cells	Mono/Macro	cDC1	FPR3	0.53	61.4	1.76e-67
5	Immune cells	Mono/Macro	cDC1	CCL3	0.6	71.7	1.54e-66
5	Immune cells	Mono/Macro	cDC1	PRDX2	-0.5	52.3	9.17e-66
5	Immune cells	Mono/Macro	cDC1	LSM2	-0.29	37.1	1.82e-65
5	Immune cells	Mono/Macro	cDC1	PLA2G7	0.61	61.1	4.63e-65
5	Immune cells	Mono/Macro	cDC1	CNPY2	-0.29	33.9	2.64e-64
5	Immune cells	Mono/Macro	cDC1	SERPINA1	-1.76	93.6	1.8e-63
5	Immune cells	Mono/Macro	cDC1	DUSP1	0.26	92.8	2.67e-62
5	Immune cells	Mono/Macro	cDC1	RPL22L1	-0.94	63.6	8.31e-61
5	Immune cells	Mono/Macro	cDC1	PRDX4	-0.37	39.1	2.9e-60
5	Immune cells	Mono/Macro	cDC1	CD86	0.5	60.3	1.23e-59
5	Immune cells	Mono/Macro	cDC1	RPL7	-0.58	96.4	2.85e-59
5	Immune cells	Mono/Macro	cDC1	CCL5	-1.0	20.5	3.45e-58
5	Immune cells	Mono/Macro	cDC1	RGS5	-0.59	6.5	1.22e-57
5	Immune cells	Mono/Macro	cDC1	RASSF4	0.55	57.2	1.44e-57
5	Immune cells	Mono/Macro	cDC1	SCD	-0.35	38.3	6.85e-57
5	Immune cells	Mono/Macro	cDC1	SNHG8	-0.34	41.5	5.13e-56
5	Immune cells	Mono/Macro	cDC1	NME1	-0.32	38.2	6.15e-56
5	Immune cells	Mono/Macro	cDC1	TCEB1	-0.35	49.2	9.2e-55
5	Immune cells	Mono/Macro	cDC1	THY1	-0.29	1.7	1.12e-54
5	Immune cells	Mono/Macro	cDC1	RPL39	-0.26	99.4	2.53e-54
5	Immune cells	Mono/Macro	cDC1	RPL5	-0.41	90.8	1.45e-48
5	Immune cells	Mono/Macro	cDC1	GATM	0.38	74.1	2.92e-47
5	Immune cells	Mono/Macro	cDC1	NDUFB9	-0.31	44.9	3.44e-46
5	Immune cells	Mono/Macro	cDC1	IGKC	-0.97	26.4	1.6e-45
5	Immune cells	Mono/Macro	cDC1	COL3A1	-0.34	4.1	1.24e-44
5	Immune cells	Mono/Macro	cDC1	RNASE1	0.45	65.1	1.3e-43
5	Immune cells	Mono/Macro	cDC1	HMGB2	-0.46	34.6	4.47e-43
5	Immune cells	Mono/Macro	cDC1	BATF	-0.27	20.0	8.96e-43
5	Immune cells	Mono/Macro	cDC1	RGCC	-0.48	35.0	1.55e-42
5	Immune cells	Mono/Macro	cDC1	S100A8	-0.5	9.0	5.04e-42
5	Immune cells	Mono/Macro	cDC1	TREM2	0.64	52.6	8.45e-42
5	Immune cells	Mono/Macro	cDC1	ATP5G1	-0.41	48.3	3.23e-40
5	Immune cells	Mono/Macro	cDC1	TPSB2	-0.69	2.8	6.16e-40
5	Immune cells	Mono/Macro	cDC1	MMP9	0.54	57.6	2.54e-39
5	Immune cells	Mono/Macro	cDC1	CLEC7A	0.46	54.8	9.11e-38
5	Immune cells	Mono/Macro	cDC1	COX7A2L	-0.32	54.4	1.58e-37
5	Immune cells	Mono/Macro	cDC1	VSIG4	0.53	47.5	6.52e-37
5	Immune cells	Mono/Macro	cDC1	IRF8	0.45	53.6	2.05e-35
5	Immune cells	Mono/Macro	cDC1	DDT	-0.67	68.9	3.69e-35
5	Immune cells	Mono/Macro	cDC1	SQSTM1	-0.74	82.9	1.92e-34
5	Immune cells	Mono/Macro	cDC1	STC1	-0.45	0.5	1.08e-33
5	Immune cells	Mono/Macro	cDC1	RAN	-0.29	68.3	2.17e-32
5	Immune cells	Mono/Macro	cDC1	SNRPF	-0.27	53.8	2.79e-32
5	Immune cells	Mono/Macro	cDC1	H2AFZ	-0.48	69.9	1.38e-31
5	Immune cells	Mono/Macro	cDC1	CD83	0.4	65.3	1.11e-30
5	Immune cells	Mono/Macro	cDC1	ZFAS1	-0.36	74.4	5.45e-30
5	Immune cells	Mono/Macro	cDC1	CLEC10A	0.52	41.4	1.31e-29
5	Immune cells	Mono/Macro	cDC1	C5AR1	0.43	53.8	6.12e-27
5	Immune cells	Mono/Macro	cDC1	ATP1B1	0.37	63.9	1.05e-26
5	Immune cells	Mono/Macro	cDC1	SEC61G	-0.28	79.9	1.08e-26
5	Immune cells	Mono/Macro	cDC1	CD93	0.46	50.9	2.09e-26
5	Immune cells	Mono/Macro	cDC1	IL4I1	0.5	54.5	1.38e-25
5	Immune cells	Mono/Macro	cDC1	CD9	0.39	60.6	3.51e-25
5	Immune cells	Mono/Macro	cDC1	STAT1	0.39	61.1	5.73e-24
5	Immune cells	Mono/Macro	cDC1	HCK	0.41	46.3	4.26e-23
5	Immune cells	Mono/Macro	cDC1	KLF4	0.47	56.2	6.05e-23
5	Immune cells	Mono/Macro	cDC1	CCL8	0.35	12.7	1.36e-22
5	Immune cells	Mono/Macro	cDC1	CXCL10	0.82	14.3	1.61e-22
5	Immune cells	Mono/Macro	cDC1	TCF4	0.38	50.0	7.27e-22
5	Immune cells	Mono/Macro	cDC1	ETFB	-0.27	55.1	9.53e-22
5	Immune cells	Mono/Macro	cDC1	LILRB5	0.52	43.9	2.18e-21
5	Immune cells	Mono/Macro	cDC1	EEF1B2	-0.25	90.4	3.84e-20
5	Immune cells	Mono/Macro	cDC1	ACP5	0.5	54.7	5.29e-20
5	Immune cells	Mono/Macro	cDC1	CCL4	0.3	62.8	4.39e-19
5	Immune cells	Mono/Macro	cDC1	EIF3E	-0.27	79.6	2.24e-18
5	Immune cells	Mono/Macro	cDC1	S100A6	-0.49	65.0	1.17e-17
5	Immune cells	Mono/Macro	cDC1	NPM1	-0.26	89.8	1.48e-17
5	Immune cells	Mono/Macro	cDC1	EPB41L3	0.37	46.0	3.82e-16
5	Immune cells	Mono/Macro	cDC1	ATF3	0.3	63.8	7.67e-15
5	Immune cells	Mono/Macro	cDC1	VCAM1	0.26	24.1	1.69e-14
5	Immune cells	Mono/Macro	cDC1	TNFAIP2	0.45	49.6	2.12e-14
5	Immune cells	Mono/Macro	cDC1	BASP1	0.31	51.9	2.53e-14
5	Immune cells	Mono/Macro	cDC1	FAM46A	0.46	52.6	8e-13
5	Immune cells	Mono/Macro	cDC1	CCL3L3	0.45	51.6	2.68e-12
5	Immune cells	Mono/Macro	cDC1	CCL4L2	0.34	53.9	2.81e-12
5	Immune cells	Mono/Macro	cDC1	FCGBP	0.41	21.6	1.2e-10
5	Immune cells	Mono/Macro	cDC1	RBM47	0.38	51.4	1.47e-10
5	Immune cells	Mono/Macro	cDC1	FAM198B	0.37	41.1	1.99e-10
5	Immune cells	Mono/Macro	cDC1	CXCL9	0.62	13.0	5.95e-10
5	Immune cells	Mono/Macro	cDC1	NRP2	0.33	44.2	1.66e-09
5	Immune cells	Mono/Macro	cDC1	ENTPD1	0.31	44.3	6.77e-09
5	Immune cells	Mono/Macro	cDC1	S100A10	-0.33	79.7	1.46e-08
5	Immune cells	Mono/Macro	cDC1	HAVCR2	0.31	47.3	2e-08
5	Immune cells	Mono/Macro	cDC1	CCL19	0.29	5.2	3.85e-08
5	Immune cells	Mono/Macro	cDC1	LYVE1	0.29	13.4	5.77e-08
5	Immune cells	Mono/Macro	cDC1	IGF1	0.41	37.3	1.48e-07
5	Immune cells	Mono/Macro	cDC1	HBEGF	0.26	31.5	2.82e-07
5	Immune cells	Mono/Macro	cDC1	PDK4	0.44	41.0	6.49e-07
5	Immune cells	Mono/Macro	cDC1	CFD	0.54	43.5	6.79e-07
5	Immune cells	Mono/Macro	cDC1	PLXDC2	0.36	39.5	1.95e-06
5	Immune cells	Mono/Macro	cDC1	LGALS2	0.41	35.4	3.28e-06
6	Immune cells	Mono/Macro	M2	LYZ	2.06	98.9	0
6	Immune cells	Mono/Macro	M2	FCN1	2.02	73.1	0
6	Immune cells	Mono/Macro	M2	LST1	1.49	95.3	0
6	Immune cells	Mono/Macro	M2	MNDA	1.43	81.4	0
6	Immune cells	Mono/Macro	M2	AIF1	1.28	97.9	0
6	Immune cells	Mono/Macro	M2	HLA-DRA	1.19	99.4	0
6	Immune cells	Mono/Macro	M2	HLA-DRB1	1.06	98.1	0
6	Immune cells	Mono/Macro	M2	FCER1G	0.88	97.6	7.34e-301
6	Immune cells	Mono/Macro	M2	SEPP1	-1.99	32.8	6.02e-299
6	Immune cells	Mono/Macro	M2	HLA-DPA1	1.13	93.0	5.08e-297
6	Immune cells	Mono/Macro	M2	S100A6	1.03	95.8	1.83e-296
6	Immune cells	Mono/Macro	M2	A2M	-0.95	18.2	1.18e-295
6	Immune cells	Mono/Macro	M2	FGL2	1.06	86.4	6.5e-293
6	Immune cells	Mono/Macro	M2	S100A12	0.88	22.9	1.51e-281
6	Immune cells	Mono/Macro	M2	TYROBP	0.81	99.5	2.27e-279
6	Immune cells	Mono/Macro	M2	C1orf162	1.0	82.8	3.63e-279
6	Immune cells	Mono/Macro	M2	APOE	-2.14	63.5	1.79e-267
6	Immune cells	Mono/Macro	M2	APOC1	-1.83	55.7	7.2e-256
6	Immune cells	Mono/Macro	M2	HLA-DPB1	1.19	89.7	2.77e-252
6	Immune cells	Mono/Macro	M2	BCL2A1	1.35	76.1	1.05e-227
6	Immune cells	Mono/Macro	M2	CYBB	0.91	82.0	6.25e-222
6	Immune cells	Mono/Macro	M2	SOD2	1.05	90.1	7.77e-218
6	Immune cells	Mono/Macro	M2	S100A8	2.78	53.0	2.33e-213
6	Immune cells	Mono/Macro	M2	HLA-DQB1	1.02	89.1	2.88e-213
6	Immune cells	Mono/Macro	M2	SCD	-0.68	19.7	6.01e-209
6	Immune cells	Mono/Macro	M2	SLC40A1	-1.37	19.0	5.94e-203
6	Immune cells	Mono/Macro	M2	RNASE1	-1.64	15.8	5.19e-202
6	Immune cells	Mono/Macro	M2	S100A9	2.18	82.6	1.1e-196
6	Immune cells	Mono/Macro	M2	ITGAV	-0.29	12.7	2.9e-196
6	Immune cells	Mono/Macro	M2	GPX3	-0.44	12.2	1.06e-189
6	Immune cells	Mono/Macro	M2	GATM	-0.65	26.8	1.1e-189
6	Immune cells	Mono/Macro	M2	GGH	-0.48	11.8	2.52e-189
6	Immune cells	Mono/Macro	M2	IL1B	1.55	75.0	3.51e-187
6	Immune cells	Mono/Macro	M2	GSTP1	0.73	86.1	1.07e-186
6	Immune cells	Mono/Macro	M2	SPP1	-2.03	50.0	1.93e-186
6	Immune cells	Mono/Macro	M2	KNG1	-0.42	6.6	1.59e-184
6	Immune cells	Mono/Macro	M2	NGFRAP1	-0.48	13.6	3.7e-184
6	Immune cells	Mono/Macro	M2	PON2	-0.45	12.9	1.02e-182
6	Immune cells	Mono/Macro	M2	FAM213A	-0.27	11.8	1.83e-182
6	Immune cells	Mono/Macro	M2	HPX	-0.46	9.5	5.3e-182
6	Immune cells	Mono/Macro	M2	QPRT	-0.33	10.7	6.81e-182
6	Immune cells	Mono/Macro	M2	CFH	-0.99	17.1	8.75e-182
6	Immune cells	Mono/Macro	M2	TPD52	-0.32	13.2	1.7e-181
6	Immune cells	Mono/Macro	M2	FKBP11	-0.48	10.7	3.29e-181
6	Immune cells	Mono/Macro	M2	NUPR1	-0.59	14.3	4.67e-181
6	Immune cells	Mono/Macro	M2	RND3	-0.34	8.3	2.62e-180
6	Immune cells	Mono/Macro	M2	TMEM37	-0.27	8.7	2.98e-180
6	Immune cells	Mono/Macro	M2	LGMN	-1.14	28.7	4.55e-180
6	Immune cells	Mono/Macro	M2	SDC2	-0.33	9.4	4.55e-180
6	Immune cells	Mono/Macro	M2	GC	-0.78	13.4	8.8e-180
6	Immune cells	Mono/Macro	M2	KDELR3	-0.3	3.4	3.74e-179
6	Immune cells	Mono/Macro	M2	TMEM106C	-0.26	11.0	4.53e-179
6	Immune cells	Mono/Macro	M2	HACD3	-0.31	12.9	9.54e-178
6	Immune cells	Mono/Macro	M2	ITIH2	-0.46	10.5	1.02e-177
6	Immune cells	Mono/Macro	M2	PCSK1N	-0.45	9.4	1.25e-177
6	Immune cells	Mono/Macro	M2	TM4SF5	-0.93	15.1	8.92e-177
6	Immune cells	Mono/Macro	M2	SELM	-0.47	12.4	1.94e-176
6	Immune cells	Mono/Macro	M2	DHCR24	-0.5	12.2	4.57e-176
6	Immune cells	Mono/Macro	M2	TSPAN8	-0.61	10.3	5.63e-176
6	Immune cells	Mono/Macro	M2	FGA	-0.56	11.2	9.86e-176
6	Immune cells	Mono/Macro	M2	FST	-0.36	8.0	1.41e-175
6	Immune cells	Mono/Macro	M2	LAPTM4B	-0.73	14.2	8.92e-175
6	Immune cells	Mono/Macro	M2	CAMK2N1	-0.37	8.9	1.27e-174
6	Immune cells	Mono/Macro	M2	CD3D	-1.16	12.6	4.88e-174
6	Immune cells	Mono/Macro	M2	FGL1	-0.74	13.3	5.33e-174
6	Immune cells	Mono/Macro	M2	MPC2	-0.61	26.0	9.31e-174
6	Immune cells	Mono/Macro	M2	ORM2	-0.51	8.9	9.57e-174
6	Immune cells	Mono/Macro	M2	TPM2	-0.48	12.4	3.63e-173
6	Immune cells	Mono/Macro	M2	CDKN2A	-0.35	10.6	3.8e-172
6	Immune cells	Mono/Macro	M2	MDK	-0.6	12.9	4.71e-172
6	Immune cells	Mono/Macro	M2	NPW	-0.86	15.1	2.56e-171
6	Immune cells	Mono/Macro	M2	CP	-1.11	16.2	2.59e-170
6	Immune cells	Mono/Macro	M2	PROC	-0.47	10.1	2.66e-170
6	Immune cells	Mono/Macro	M2	TRNP1	-0.38	9.3	2.36e-169
6	Immune cells	Mono/Macro	M2	TFPI	-1.1	20.9	3.76e-169
6	Immune cells	Mono/Macro	M2	SNRPN	-0.38	13.5	7.4e-169
6	Immune cells	Mono/Macro	M2	CLDN1	-0.58	13.1	2.25e-168
6	Immune cells	Mono/Macro	M2	ITGA1	-0.32	6.2	3.44e-168
6	Immune cells	Mono/Macro	M2	PLG	-0.4	10.1	1.09e-167
6	Immune cells	Mono/Macro	M2	ANGPTL3	-0.52	9.9	3.92e-167
6	Immune cells	Mono/Macro	M2	CD151	-0.4	19.0	5.02e-167
6	Immune cells	Mono/Macro	M2	FGG	-0.73	13.0	8.27e-167
6	Immune cells	Mono/Macro	M2	CALD1	-0.73	11.9	1.35e-166
6	Immune cells	Mono/Macro	M2	TMEM14A	-0.26	9.8	1.57e-166
6	Immune cells	Mono/Macro	M2	SCCPDH	-0.3	14.5	1.41e-165
6	Immune cells	Mono/Macro	M2	APOB	-1.24	20.7	3.36e-165
6	Immune cells	Mono/Macro	M2	CFI	-0.39	9.0	6.8e-165
6	Immune cells	Mono/Macro	M2	CFB	-0.53	13.4	3.93e-164
6	Immune cells	Mono/Macro	M2	F2	-0.67	13.4	7.96e-164
6	Immune cells	Mono/Macro	M2	NRP1	-0.47	22.5	2.13e-163
6	Immune cells	Mono/Macro	M2	DMKN	-0.4	11.4	2.43e-163
6	Immune cells	Mono/Macro	M2	SERINC2	-0.26	8.7	2.38e-162
6	Immune cells	Mono/Macro	M2	FN1	-0.48	11.7	1.07e-161
6	Immune cells	Mono/Macro	M2	KRT19	-0.29	7.8	1.3e-161
6	Immune cells	Mono/Macro	M2	AKR1C2	-0.43	12.7	2.9e-161
6	Immune cells	Mono/Macro	M2	BCHE	-0.72	14.7	3.23e-161
6	Immune cells	Mono/Macro	M2	CTHRC1	-0.48	11.3	1.81e-160
6	Immune cells	Mono/Macro	M2	ASPH	-0.58	20.8	2.65e-160
6	Immune cells	Mono/Macro	M2	DUSP1	0.64	96.3	2.75e-160
6	Immune cells	Mono/Macro	M2	GPC3	-0.95	19.3	6.25e-160
6	Immune cells	Mono/Macro	M2	ELF3	-0.27	7.3	1.24e-159
6	Immune cells	Mono/Macro	M2	PERP	-0.32	9.4	2.03e-159
6	Immune cells	Mono/Macro	M2	S100A13	-0.39	12.9	4.66e-159
6	Immune cells	Mono/Macro	M2	SERPINF1	-0.48	13.0	5.44e-159
6	Immune cells	Mono/Macro	M2	UGT2B4	-0.44	10.8	6.35e-159
6	Immune cells	Mono/Macro	M2	AQP3	-0.26	8.6	8.45e-159
6	Immune cells	Mono/Macro	M2	GDF15	-0.49	15.7	9.1e-159
6	Immune cells	Mono/Macro	M2	KRT8	-0.76	17.2	4.66e-158
6	Immune cells	Mono/Macro	M2	LBP	-0.63	13.3	9.04e-158
6	Immune cells	Mono/Macro	M2	NQO1	-0.47	12.2	9.46e-158
6	Immune cells	Mono/Macro	M2	SERPING1	-0.45	18.4	2.02e-157
6	Immune cells	Mono/Macro	M2	PROS1	-0.33	11.0	4.17e-157
6	Immune cells	Mono/Macro	M2	LEAP2	-0.3	10.1	5.89e-157
6	Immune cells	Mono/Macro	M2	CLU	-1.17	21.5	6.28e-157
6	Immune cells	Mono/Macro	M2	CYB5A	-0.47	19.7	2.57e-156
6	Immune cells	Mono/Macro	M2	AKR1C4	-0.97	19.3	3.68e-156
6	Immune cells	Mono/Macro	M2	AADAC	-0.25	5.9	5.21e-156
6	Immune cells	Mono/Macro	M2	FGB	-0.79	16.0	8.23e-156
6	Immune cells	Mono/Macro	M2	FKBP10	-0.25	9.0	2.44e-155
6	Immune cells	Mono/Macro	M2	TM4SF1	-0.34	8.0	4.28e-155
6	Immune cells	Mono/Macro	M2	TMEM176A	-0.55	23.2	9.61e-155
6	Immune cells	Mono/Macro	M2	AGT	-1.29	23.9	1.94e-154
6	Immune cells	Mono/Macro	M2	ORM1	-0.65	12.1	4.15e-154
6	Immune cells	Mono/Macro	M2	TSPAN6	-0.35	8.2	1.14e-153
6	Immune cells	Mono/Macro	M2	KRT18	-1.02	20.5	1.28e-153
6	Immune cells	Mono/Macro	M2	SERPIND1	-0.28	8.3	1.5e-153
6	Immune cells	Mono/Macro	M2	TM4SF4	-0.4	11.1	6.2e-153
6	Immune cells	Mono/Macro	M2	HRG	-0.42	11.0	8.85e-153
6	Immune cells	Mono/Macro	M2	TSC22D1	-0.26	12.5	1.82e-152
6	Immune cells	Mono/Macro	M2	RARRES2	-0.83	17.6	2.86e-152
6	Immune cells	Mono/Macro	M2	ALDH1A1	-0.45	13.6	2.68e-151
6	Immune cells	Mono/Macro	M2	FXYD1	-0.47	12.6	7.32e-151
6	Immune cells	Mono/Macro	M2	GPX2	-0.6	14.2	2.69e-150
6	Immune cells	Mono/Macro	M2	GCHFR	-0.37	15.9	7.4e-149
6	Immune cells	Mono/Macro	M2	GAGE2A	-0.84	15.8	9.33e-149
6	Immune cells	Mono/Macro	M2	ANG	-0.35	12.5	1.17e-148
6	Immune cells	Mono/Macro	M2	MPST	-0.52	20.4	2.3e-148
6	Immune cells	Mono/Macro	M2	FXYD2	-0.47	14.4	4.53e-148
6	Immune cells	Mono/Macro	M2	TNFRSF12A	-0.32	13.2	5.15e-148
6	Immune cells	Mono/Macro	M2	MAL2	-0.46	12.4	5.5e-148
6	Immune cells	Mono/Macro	M2	AGR2	-0.46	10.4	1.55e-147
6	Immune cells	Mono/Macro	M2	PLOD2	-0.28	8.4	2.88e-147
6	Immune cells	Mono/Macro	M2	GCLM	-0.33	15.1	8.42e-147
6	Immune cells	Mono/Macro	M2	PRAP1	-0.79	19.1	1.89e-146
6	Immune cells	Mono/Macro	M2	CDK1	-0.25	7.5	2.24e-146
6	Immune cells	Mono/Macro	M2	HPGD	-0.32	9.6	2.44e-146
6	Immune cells	Mono/Macro	M2	CKS1B	-0.27	15.6	2.59e-146
6	Immune cells	Mono/Macro	M2	SERPINE1	-0.27	12.6	6.22e-146
6	Immune cells	Mono/Macro	M2	GCSH	-0.26	14.6	3.05e-145
6	Immune cells	Mono/Macro	M2	APOH	-1.08	21.8	5.97e-145
6	Immune cells	Mono/Macro	M2	C12orf75	-0.28	12.1	6.81e-145
6	Immune cells	Mono/Macro	M2	DRD4	-0.28	7.6	6.47e-144
6	Immune cells	Mono/Macro	M2	UGDH	-0.35	15.5	1.34e-143
6	Immune cells	Mono/Macro	M2	TOP2A	-0.38	5.6	2.53e-143
6	Immune cells	Mono/Macro	M2	RBP4	-1.25	22.0	6.11e-143
6	Immune cells	Mono/Macro	M2	SPTBN1	-0.32	14.6	3.11e-142
6	Immune cells	Mono/Macro	M2	C8orf4	-0.28	4.0	2.71e-141
6	Immune cells	Mono/Macro	M2	ANGPTL8	-0.85	17.2	3.32e-141
6	Immune cells	Mono/Macro	M2	IGF2	-0.55	18.0	4.52e-141
6	Immune cells	Mono/Macro	M2	S100P	-0.4	11.3	1.63e-140
6	Immune cells	Mono/Macro	M2	HULC	-0.28	9.9	8.41e-140
6	Immune cells	Mono/Macro	M2	COL18A1	-0.28	6.0	2.28e-139
6	Immune cells	Mono/Macro	M2	AKR1C3	-1.11	25.4	2.61e-139
6	Immune cells	Mono/Macro	M2	CD7	-0.69	10.8	2.98e-139
6	Immune cells	Mono/Macro	M2	SLC22A18	-0.35	17.4	3.76e-139
6	Immune cells	Mono/Macro	M2	MGST1	-0.74	20.1	1.79e-138
6	Immune cells	Mono/Macro	M2	APOC3	-0.86	17.1	2.76e-138
6	Immune cells	Mono/Macro	M2	PPP1R16A	-0.26	11.8	3.31e-138
6	Immune cells	Mono/Macro	M2	IDH1	-0.29	23.0	7.06e-138
6	Immune cells	Mono/Macro	M2	TMEM176B	-0.44	24.4	4.85e-137
6	Immune cells	Mono/Macro	M2	CXCL17	-0.7	13.6	2.8e-135
6	Immune cells	Mono/Macro	M2	CES1	-0.31	11.2	1.82e-134
6	Immune cells	Mono/Macro	M2	C3	-0.44	16.4	3.56e-134
6	Immune cells	Mono/Macro	M2	RDX	-0.31	23.6	3.82e-134
6	Immune cells	Mono/Macro	M2	APOM	-1.36	29.6	6.66e-134
6	Immune cells	Mono/Macro	M2	CSF1	-0.27	9.4	7.92e-134
6	Immune cells	Mono/Macro	M2	STMN1	-0.64	26.9	9.51e-134
6	Immune cells	Mono/Macro	M2	ACOT13	-0.29	19.3	7.43e-132
6	Immune cells	Mono/Macro	M2	C4BPB	-0.25	5.6	7.43e-132
6	Immune cells	Mono/Macro	M2	TRAC	-1.03	10.3	1.16e-131
6	Immune cells	Mono/Macro	M2	TF	-1.39	34.9	1.51e-131
6	Immune cells	Mono/Macro	M2	EBP	-0.33	17.9	2.97e-131
6	Immune cells	Mono/Macro	M2	CD27	-0.45	3.5	3.14e-131
6	Immune cells	Mono/Macro	M2	IER3	0.84	83.8	2.06e-130
6	Immune cells	Mono/Macro	M2	LILRB5	-0.28	8.9	6.62e-130
6	Immune cells	Mono/Macro	M2	TTR	-1.28	27.9	1.14e-129
6	Immune cells	Mono/Macro	M2	VCAM1	-0.3	8.3	2.2e-129
6	Immune cells	Mono/Macro	M2	AMBP	-1.43	31.0	2.77e-129
6	Immune cells	Mono/Macro	M2	NR2F2	-0.28	4.4	5.75e-129
6	Immune cells	Mono/Macro	M2	SERPINA6	-0.26	8.3	1.07e-128
6	Immune cells	Mono/Macro	M2	ITM2A	-0.63	9.1	2.95e-128
6	Immune cells	Mono/Macro	M2	AKR1B10	-0.71	17.4	5.73e-128
6	Immune cells	Mono/Macro	M2	SLC38A1	-0.31	14.9	5.47e-127
6	Immune cells	Mono/Macro	M2	SPI1	0.75	70.4	1.03e-126
6	Immune cells	Mono/Macro	M2	STEAP1	-0.29	8.7	1.39e-126
6	Immune cells	Mono/Macro	M2	HIST1H1C	-0.45	21.5	2.32e-126
6	Immune cells	Mono/Macro	M2	PRDX4	-0.48	28.4	1.78e-125
6	Immune cells	Mono/Macro	M2	IGF1	-0.3	7.4	1.74e-124
6	Immune cells	Mono/Macro	M2	IGFBP3	-0.29	3.7	2.44e-124
6	Immune cells	Mono/Macro	M2	LAIR2	-0.33	2.1	7.36e-124
6	Immune cells	Mono/Macro	M2	MEG3	-0.28	10.9	8.86e-124
6	Immune cells	Mono/Macro	M2	RNF5	-0.28	19.5	1.09e-123
6	Immune cells	Mono/Macro	M2	IFNG	-0.82	1.8	1.55e-123
6	Immune cells	Mono/Macro	M2	TREM2	-0.33	13.1	2.33e-123
6	Immune cells	Mono/Macro	M2	FABP4	-1.04	9.0	2.78e-123
6	Immune cells	Mono/Macro	M2	CENPF	-0.26	6.9	4.35e-123
6	Immune cells	Mono/Macro	M2	PTTG1	-0.4	15.9	4.99e-123
6	Immune cells	Mono/Macro	M2	MS4A6A	0.67	77.8	3.24e-122
6	Immune cells	Mono/Macro	M2	PTGR1	-0.26	9.4	3.97e-122
6	Immune cells	Mono/Macro	M2	CXCL8	1.31	73.8	7.83e-122
6	Immune cells	Mono/Macro	M2	RCN1	-0.29	18.5	9.02e-122
6	Immune cells	Mono/Macro	M2	MTTP	-0.25	7.5	1.49e-121
6	Immune cells	Mono/Macro	M2	TRBC1	-1.03	8.5	4.44e-121
6	Immune cells	Mono/Macro	M2	CCL20	-0.4	19.1	1.22e-120
6	Immune cells	Mono/Macro	M2	CD209	-0.28	8.8	1.25e-120
6	Immune cells	Mono/Macro	M2	MMP19	-0.25	9.4	3.18e-120
6	Immune cells	Mono/Macro	M2	HMGCS1	-0.31	16.5	3.23e-120
6	Immune cells	Mono/Macro	M2	XCL1	-0.28	2.8	6.91e-120
6	Immune cells	Mono/Macro	M2	ID1	-0.26	11.5	1.84e-118
6	Immune cells	Mono/Macro	M2	CD2	-1.11	12.5	4.12e-118
6	Immune cells	Mono/Macro	M2	TNFRSF4	-0.78	10.6	9.03e-118
6	Immune cells	Mono/Macro	M2	PRDX2	-0.57	41.1	9.63e-117
6	Immune cells	Mono/Macro	M2	IGFBP1	-0.58	13.9	1.85e-116
6	Immune cells	Mono/Macro	M2	A1BG	-0.44	27.9	5.63e-115
6	Immune cells	Mono/Macro	M2	TIGIT	-0.55	7.6	1.05e-114
6	Immune cells	Mono/Macro	M2	UBE2C	-0.28	7.1	1.67e-114
6	Immune cells	Mono/Macro	M2	PEBP1	-0.48	43.6	2.59e-114
6	Immune cells	Mono/Macro	M2	VCAN	1.59	54.4	3.75e-113
6	Immune cells	Mono/Macro	M2	FOLR2	-0.58	18.7	6.64e-113
6	Immune cells	Mono/Macro	M2	TNFRSF18	-0.68	9.7	1.88e-112
6	Immune cells	Mono/Macro	M2	FOS	0.49	94.4	4.17e-112
6	Immune cells	Mono/Macro	M2	AZGP1	-0.28	7.1	8.71e-112
6	Immune cells	Mono/Macro	M2	ALB	-1.93	94.9	1.32e-111
6	Immune cells	Mono/Macro	M2	VTN	-1.54	42.7	1.34e-111
6	Immune cells	Mono/Macro	M2	KIAA0101	-0.26	9.5	1.37e-111
6	Immune cells	Mono/Macro	M2	TRBC2	-0.78	10.8	1.39e-111
6	Immune cells	Mono/Macro	M2	RB1CC1	-0.29	23.8	7.26e-111
6	Immune cells	Mono/Macro	M2	SPOCK2	-0.46	8.3	7.32e-110
6	Immune cells	Mono/Macro	M2	IL7R	-0.88	11.8	3.89e-109
6	Immune cells	Mono/Macro	M2	PTGDS	-0.73	16.0	7.81e-108
6	Immune cells	Mono/Macro	M2	MMP9	-0.65	20.0	1.91e-107
6	Immune cells	Mono/Macro	M2	APOA2	-1.99	97.5	3.07e-106
6	Immune cells	Mono/Macro	M2	MT-ND6	-0.42	28.2	1.8e-105
6	Immune cells	Mono/Macro	M2	CD40LG	-0.27	4.0	2.86e-105
6	Immune cells	Mono/Macro	M2	MMP12	-1.17	20.7	5.5e-105
6	Immune cells	Mono/Macro	M2	HIST1H4C	-0.5	19.6	6.43e-105
6	Immune cells	Mono/Macro	M2	CFHR1	-0.3	10.1	6.81e-105
6	Immune cells	Mono/Macro	M2	PSMB5	-0.33	25.6	1.01e-104
6	Immune cells	Mono/Macro	M2	CTLA4	-0.35	6.6	1.15e-104
6	Immune cells	Mono/Macro	M2	ICOS	-0.38	6.9	2.14e-104
6	Immune cells	Mono/Macro	M2	CNPY2	-0.35	27.7	2.97e-103
6	Immune cells	Mono/Macro	M2	KLRB1	-0.93	9.3	8.22e-103
6	Immune cells	Mono/Macro	M2	AC092580.4	-0.28	4.3	2.18e-102
6	Immune cells	Mono/Macro	M2	CCL5	-1.22	14.0	7.32e-102
6	Immune cells	Mono/Macro	M2	SPINK1	-1.58	49.8	7.37e-102
6	Immune cells	Mono/Macro	M2	AKR1C1	-1.24	37.1	1.8e-101
6	Immune cells	Mono/Macro	M2	OCIAD2	-0.29	7.9	3.59e-101
6	Immune cells	Mono/Macro	M2	COL1A1	-0.38	2.3	4.3e-101
6	Immune cells	Mono/Macro	M2	GZMA	-0.8	7.4	7.26e-101
6	Immune cells	Mono/Macro	M2	FDPS	-0.46	28.1	1.03e-100
6	Immune cells	Mono/Macro	M2	POLR2K	-0.45	37.1	3.16e-100
6	Immune cells	Mono/Macro	M2	CSTA	0.76	66.8	3.65e-100
6	Immune cells	Mono/Macro	M2	CPVL	0.74	65.3	4.47e-100
6	Immune cells	Mono/Macro	M2	XCL2	-0.35	4.1	2.8e-99
6	Immune cells	Mono/Macro	M2	HPGDS	-0.27	5.9	3.67e-99
6	Immune cells	Mono/Macro	M2	AFP	-1.32	42.7	2.22e-98
6	Immune cells	Mono/Macro	M2	AHSG	-1.5	42.5	1.09e-97
6	Immune cells	Mono/Macro	M2	LGALS1	0.26	96.7	1.83e-97
6	Immune cells	Mono/Macro	M2	CYR61	-0.27	3.0	1.93e-97
6	Immune cells	Mono/Macro	M2	GZMK	-0.54	6.0	1.5e-95
6	Immune cells	Mono/Macro	M2	LBH	-0.33	10.1	7.82e-94
6	Immune cells	Mono/Macro	M2	FABP1	-1.61	45.9	5.07e-93
6	Immune cells	Mono/Macro	M2	CLEC7A	0.77	60.4	1.54e-92
6	Immune cells	Mono/Macro	M2	MKI67	-0.25	8.2	2.5e-92
6	Immune cells	Mono/Macro	M2	MPEG1	0.69	65.4	5.58e-92
6	Immune cells	Mono/Macro	M2	SPARC	-0.73	5.5	2.16e-91
6	Immune cells	Mono/Macro	M2	COL4A1	-0.37	2.8	2.36e-90
6	Immune cells	Mono/Macro	M2	POLR2F	-0.31	29.6	4.96e-90
6	Immune cells	Mono/Macro	M2	IGHG3	-2.04	6.8	1.64e-89
6	Immune cells	Mono/Macro	M2	MT1G	-0.26	9.3	9.27e-89
6	Immune cells	Mono/Macro	M2	C6orf48	-0.3	28.6	2.34e-86
6	Immune cells	Mono/Macro	M2	TIMP1	0.65	82.5	6.04e-86
6	Immune cells	Mono/Macro	M2	KDELR2	-0.36	42.4	2.83e-84
6	Immune cells	Mono/Macro	M2	IGHM	-0.91	8.1	1.4e-83
6	Immune cells	Mono/Macro	M2	JCHAIN	-0.44	5.5	6.7e-83
6	Immune cells	Mono/Macro	M2	ACTA2	-0.26	6.9	7.12e-83
6	Immune cells	Mono/Macro	M2	DUSP4	-0.35	11.6	8.05e-83
6	Immune cells	Mono/Macro	M2	IGHA1	-0.75	9.9	2.09e-82
6	Immune cells	Mono/Macro	M2	LGALS2	1.0	50.3	6.29e-82
6	Immune cells	Mono/Macro	M2	NEAT1	0.35	98.4	1.47e-81
6	Immune cells	Mono/Macro	M2	TUBA1C	-0.26	32.7	3.21e-81
6	Immune cells	Mono/Macro	M2	DNPH1	-0.35	37.1	6.84e-81
6	Immune cells	Mono/Macro	M2	NDUFA4L2	-0.28	5.3	2.08e-79
6	Immune cells	Mono/Macro	M2	ATF3	0.7	72.6	5.35e-79
6	Immune cells	Mono/Macro	M2	IGHG1	-3.21	11.3	6.43e-79
6	Immune cells	Mono/Macro	M2	IGHG4	-2.95	11.2	7.35e-79
6	Immune cells	Mono/Macro	M2	ID3	-0.26	16.1	2.61e-78
6	Immune cells	Mono/Macro	M2	COL4A2	-0.33	1.1	3.51e-78
6	Immune cells	Mono/Macro	M2	GNLY	-0.55	7.3	4.62e-77
6	Immune cells	Mono/Macro	M2	MCEMP1	0.34	16.0	8.76e-77
6	Immune cells	Mono/Macro	M2	RPL22L1	-0.94	56.2	1.08e-76
6	Immune cells	Mono/Macro	M2	HLA-DQA1	0.82	72.8	1.92e-76
6	Immune cells	Mono/Macro	M2	NKG7	-0.63	10.9	1.08e-75
6	Immune cells	Mono/Macro	M2	NTS	-1.3	46.5	5.41e-74
6	Immune cells	Mono/Macro	M2	APOA1	-1.75	57.0	4.16e-73
6	Immune cells	Mono/Macro	M2	PLAUR	0.81	63.9	6.07e-73
6	Immune cells	Mono/Macro	M2	GZMH	-0.26	4.4	1.05e-72
6	Immune cells	Mono/Macro	M2	RGCC	-0.51	28.7	1.83e-71
6	Immune cells	Mono/Macro	M2	TCEB1	-0.34	42.5	4.02e-71
6	Immune cells	Mono/Macro	M2	RGS5	-0.6	5.1	1.43e-69
6	Immune cells	Mono/Macro	M2	ACTG1	0.26	98.0	2.32e-68
6	Immune cells	Mono/Macro	M2	GPNMB	-0.6	38.2	1.68e-67
6	Immune cells	Mono/Macro	M2	KLF4	0.82	62.1	4.94e-67
6	Immune cells	Mono/Macro	M2	G0S2	1.53	51.3	1.22e-66
6	Immune cells	Mono/Macro	M2	TRAM1	-0.3	47.3	2.14e-66
6	Immune cells	Mono/Macro	M2	EREG	1.76	48.4	6.63e-66
6	Immune cells	Mono/Macro	M2	C1QC	-0.53	33.6	1.02e-64
6	Immune cells	Mono/Macro	M2	CLEC10A	0.99	46.6	6.96e-64
6	Immune cells	Mono/Macro	M2	IGHG2	-0.34	2.6	9.36e-64
6	Immune cells	Mono/Macro	M2	FABP5	-0.98	63.6	1.41e-62
6	Immune cells	Mono/Macro	M2	IGKC	-1.8	24.3	6.33e-61
6	Immune cells	Mono/Macro	M2	COL1A2	-0.37	5.5	7.09e-61
6	Immune cells	Mono/Macro	M2	TCEA1	-0.26	42.5	9.71e-61
6	Immune cells	Mono/Macro	M2	ZFAND2A	0.84	66.6	6.5e-60
6	Immune cells	Mono/Macro	M2	CD163	-0.31	31.0	8.25e-60
6	Immune cells	Mono/Macro	M2	IGLC3	-1.13	6.9	1.14e-58
6	Immune cells	Mono/Macro	M2	ETFB	-0.34	44.2	6.78e-58
6	Immune cells	Mono/Macro	M2	PLEK	0.6	68.1	2.86e-57
6	Immune cells	Mono/Macro	M2	PHACTR1	0.83	52.1	1.03e-53
6	Immune cells	Mono/Macro	M2	IGFBP7	-0.88	12.6	1.08e-53
6	Immune cells	Mono/Macro	M2	DNAJA4	0.74	58.6	4.76e-53
6	Immune cells	Mono/Macro	M2	IGLC2	-1.86	17.6	1.3e-51
6	Immune cells	Mono/Macro	M2	SQSTM1	-0.72	74.2	3.09e-51
6	Immune cells	Mono/Macro	M2	PTGS2	1.18	50.8	2.58e-47
6	Immune cells	Mono/Macro	M2	FPR1	0.77	37.7	1.44e-46
6	Immune cells	Mono/Macro	M2	KCTD12	0.51	63.3	5.54e-46
6	Immune cells	Mono/Macro	M2	C1QB	-0.63	41.2	5.89e-46
6	Immune cells	Mono/Macro	M2	THY1	-0.3	3.5	3.79e-45
6	Immune cells	Mono/Macro	M2	PLAC8	0.94	44.7	5.09e-45
6	Immune cells	Mono/Macro	M2	BAG3	0.75	60.2	2.27e-43
6	Immune cells	Mono/Macro	M2	ATP5G1	-0.34	45.5	1.32e-42
6	Immune cells	Mono/Macro	M2	LINC01272	0.87	48.0	1.37e-42
6	Immune cells	Mono/Macro	M2	LTB	-1.0	28.2	1.99e-42
6	Immune cells	Mono/Macro	M2	CFP	0.76	40.6	1.56e-41
6	Immune cells	Mono/Macro	M2	COX7A2L	-0.27	49.9	6.64e-41
6	Immune cells	Mono/Macro	M2	NR4A1	0.56	61.3	4.08e-40
6	Immune cells	Mono/Macro	M2	MAFB	0.61	63.6	1.8e-38
6	Immune cells	Mono/Macro	M2	CCL3	0.87	66.0	3.58e-38
6	Immune cells	Mono/Macro	M2	STAB1	-0.27	33.5	1.18e-35
6	Immune cells	Mono/Macro	M2	CD300E	0.64	31.7	3.77e-35
6	Immune cells	Mono/Macro	M2	RETN	0.6	21.4	4.98e-35
6	Immune cells	Mono/Macro	M2	CD69	-0.88	28.2	8.07e-35
6	Immune cells	Mono/Macro	M2	DUSP6	0.73	58.6	3.17e-34
6	Immune cells	Mono/Macro	M2	C1QA	-0.59	44.7	3.95e-34
6	Immune cells	Mono/Macro	M2	APOBEC3A	0.63	20.4	6.48e-34
6	Immune cells	Mono/Macro	M2	CD14	0.31	68.1	2.1e-33
6	Immune cells	Mono/Macro	M2	NPM1	-0.32	84.0	2.38e-33
6	Immune cells	Mono/Macro	M2	DDT	-0.61	65.1	7.12e-33
6	Immune cells	Mono/Macro	M2	TPSB2	-0.71	4.3	1.27e-32
6	Immune cells	Mono/Macro	M2	COL3A1	-0.35	6.5	8.47e-32
6	Immune cells	Mono/Macro	M2	RHOB	0.53	71.2	3.34e-31
6	Immune cells	Mono/Macro	M2	CD1C	0.76	31.7	1.58e-30
6	Immune cells	Mono/Macro	M2	STC1	-0.45	1.0	3.45e-30
6	Immune cells	Mono/Macro	M2	HSPA6	0.56	60.5	4.24e-29
6	Immune cells	Mono/Macro	M2	FCGR2A	0.49	60.1	8.14e-29
6	Immune cells	Mono/Macro	M2	CXCL3	0.26	30.1	1.16e-28
6	Immune cells	Mono/Macro	M2	CD83	0.57	62.2	1.78e-28
6	Immune cells	Mono/Macro	M2	CRIP1	-0.34	28.8	1.85e-28
6	Immune cells	Mono/Macro	M2	SERPINB1	0.42	64.4	7.76e-28
6	Immune cells	Mono/Macro	M2	MEF2C	0.46	55.2	1.93e-27
6	Immune cells	Mono/Macro	M2	TUBB	-0.37	62.8	2.7e-27
6	Immune cells	Mono/Macro	M2	IL10	0.38	20.1	1.29e-22
6	Immune cells	Mono/Macro	M2	CD1D	0.41	29.5	8.66e-20
6	Immune cells	Mono/Macro	M2	LMO2	0.49	40.6	3.33e-19
6	Immune cells	Mono/Macro	M2	WARS	0.72	45.6	1.07e-18
6	Immune cells	Mono/Macro	M2	H2AFZ	-0.33	65.4	1.93e-18
6	Immune cells	Mono/Macro	M2	CHCHD10	-0.38	66.5	2.82e-18
6	Immune cells	Mono/Macro	M2	HCK	0.51	44.3	7.44e-17
6	Immune cells	Mono/Macro	M2	CCL3L3	1.11	50.8	1.04e-16
6	Immune cells	Mono/Macro	M2	OSM	0.35	19.2	1.36e-16
6	Immune cells	Mono/Macro	M2	CYP1B1	0.27	12.2	9.82e-16
6	Immune cells	Mono/Macro	M2	SOCS3	0.54	49.8	4.76e-15
6	Immune cells	Mono/Macro	M2	CSF1R	0.37	53.2	5.44e-15
6	Immune cells	Mono/Macro	M2	GBP1	0.63	45.4	8.72e-15
6	Immune cells	Mono/Macro	M2	SNAI1	0.28	19.4	9.19e-15
6	Immune cells	Mono/Macro	M2	CXCL10	0.63	16.7	7.07e-14
6	Immune cells	Mono/Macro	M2	MS4A7	0.25	61.0	1.48e-13
6	Immune cells	Mono/Macro	M2	MXD1	0.57	46.9	2e-13
6	Immune cells	Mono/Macro	M2	CCL4	0.52	59.6	9.86e-13
6	Immune cells	Mono/Macro	M2	CTB-61M7.2	0.39	18.0	1.22e-12
6	Immune cells	Mono/Macro	M2	CD86	0.45	49.5	3.25e-12
6	Immune cells	Mono/Macro	M2	B3GNT5	0.36	25.7	4.03e-12
6	Immune cells	Mono/Macro	M2	THBD	0.31	20.4	2.62e-10
6	Immune cells	Mono/Macro	M2	IFI30	0.71	41.0	2.8e-10
6	Immune cells	Mono/Macro	M2	EGR1	0.46	59.5	5e-10
6	Immune cells	Mono/Macro	M2	LY96	0.26	58.6	7.67e-10
6	Immune cells	Mono/Macro	M2	CD1E	0.34	17.6	1.77e-09
6	Immune cells	Mono/Macro	M2	FBP1	0.6	43.8	2.11e-09
6	Immune cells	Mono/Macro	M2	SLC2A3	0.54	54.9	9.15e-09
6	Immune cells	Mono/Macro	M2	PPIF	0.64	44.9	2.1e-08
6	Immune cells	Mono/Macro	M2	KLF10	0.3	35.2	2.32e-08
6	Immune cells	Mono/Macro	M2	AQP9	0.47	19.3	5.14e-08
6	Immune cells	Mono/Macro	M2	SLC43A2	0.35	26.7	1.92e-07
6	Immune cells	Mono/Macro	M2	TKT	0.25	65.5	2.68e-07
6	Immune cells	Mono/Macro	M2	PPA1	0.37	55.1	4.57e-07
6	Immune cells	Mono/Macro	M2	PTX3	0.31	14.4	5.02e-07
6	Immune cells	Mono/Macro	M2	NLRP3	0.41	27.1	3.79e-06
6	Immune cells	Mono/Macro	M2	CLEC5A	0.34	23.1	5.76e-06
7	Immune cells	Treg	Treg	TNFRSF4	2.46	89.0	0
7	Immune cells	Treg	Treg	TNFRSF18	2.37	90.5	0
7	Immune cells	Treg	Treg	TIGIT	2.08	87.8	0
7	Immune cells	Treg	Treg	LAIR2	1.8	73.3	0
7	Immune cells	Treg	Treg	TRAC	1.8	93.5	0
7	Immune cells	Treg	Treg	CD27	1.61	74.9	0
7	Immune cells	Treg	Treg	CTLA4	1.61	72.9	0
7	Immune cells	Treg	Treg	LTB	1.59	90.6	0
7	Immune cells	Treg	Treg	CD7	1.56	82.7	0
7	Immune cells	Treg	Treg	CD3D	1.55	95.8	0
7	Immune cells	Treg	Treg	TRBC2	1.55	82.0	0
7	Immune cells	Treg	Treg	FOXP3	1.51	66.2	0
7	Immune cells	Treg	Treg	SPOCK2	1.33	73.0	0
7	Immune cells	Treg	Treg	CD2	1.27	89.9	0
7	Immune cells	Treg	Treg	NRP1	-0.75	20.0	0
7	Immune cells	Treg	Treg	GATM	-0.98	31.6	0
7	Immune cells	Treg	Treg	A2M	-1.09	31.8	0
7	Immune cells	Treg	Treg	BLVRB	-1.16	37.1	0
7	Immune cells	Treg	Treg	CD14	-1.55	31.5	0
7	Immune cells	Treg	Treg	LGMN	-1.58	33.3	0
7	Immune cells	Treg	Treg	IER3	-1.59	37.8	0
7	Immune cells	Treg	Treg	FCER1G	-1.85	33.5	0
7	Immune cells	Treg	Treg	TYROBP	-2.15	35.1	0
7	Immune cells	Treg	Treg	APOC1	-2.16	55.0	0
7	Immune cells	Treg	Treg	IFITM3	-1.33	44.5	1.33e-304
7	Immune cells	Treg	Treg	SEPP1	-2.02	45.7	1.21e-299
7	Immune cells	Treg	Treg	FCGR2A	-0.83	11.3	8.83e-299
7	Immune cells	Treg	Treg	GPNMB	-1.54	33.5	1.8e-298
7	Immune cells	Treg	Treg	CYBB	-1.05	11.8	4.76e-285
7	Immune cells	Treg	Treg	APOE	-2.21	63.3	1.04e-283
7	Immune cells	Treg	Treg	AIF1	-1.84	33.8	4.56e-283
7	Immune cells	Treg	Treg	SOD2	-1.31	42.6	8.39e-278
7	Immune cells	Treg	Treg	TGFBI	-0.72	31.5	1.02e-271
7	Immune cells	Treg	Treg	SPP1	-2.57	52.7	1.94e-271
7	Immune cells	Treg	Treg	ITM2A	1.3	74.7	1.92e-270
7	Immune cells	Treg	Treg	C1QB	-2.24	34.1	1.72e-266
7	Immune cells	Treg	Treg	C1QA	-2.18	36.2	1.03e-257
7	Immune cells	Treg	Treg	S100A9	-1.55	40.3	1.27e-255
7	Immune cells	Treg	Treg	HMOX1	-0.79	33.8	6.68e-254
7	Immune cells	Treg	Treg	FABP5	-1.72	52.0	5.74e-250
7	Immune cells	Treg	Treg	MAFB	-1.0	25.3	7.69e-250
7	Immune cells	Treg	Treg	LYZ	-1.88	34.1	2.49e-247
7	Immune cells	Treg	Treg	MSR1	-0.85	16.9	7.57e-245
7	Immune cells	Treg	Treg	BATF	1.45	71.3	3.05e-243
7	Immune cells	Treg	Treg	C1QC	-1.56	31.6	6.27e-242
7	Immune cells	Treg	Treg	ICOS	1.36	66.4	2.13e-241
7	Immune cells	Treg	Treg	CD36	-0.81	20.0	9.26e-241
7	Immune cells	Treg	Treg	MS4A7	-1.15	30.6	3.38e-239
7	Immune cells	Treg	Treg	CXCL2	-1.19	33.3	1e-231
7	Immune cells	Treg	Treg	CCL3	-1.83	35.6	6.93e-231
7	Immune cells	Treg	Treg	BCAT1	-0.54	25.4	1.92e-229
7	Immune cells	Treg	Treg	C5AR1	-0.62	8.1	3.18e-224
7	Immune cells	Treg	Treg	CSF1R	-0.63	14.2	1.95e-223
7	Immune cells	Treg	Treg	MS4A6A	-1.25	33.7	2.98e-221
7	Immune cells	Treg	Treg	ANXA2	-0.79	46.0	4.07e-216
7	Immune cells	Treg	Treg	SLC40A1	-1.55	33.4	3.71e-212
7	Immune cells	Treg	Treg	MEF2C	-0.61	16.6	9.03e-212
7	Immune cells	Treg	Treg	CD163	-0.87	30.0	1.16e-210
7	Immune cells	Treg	Treg	FCGR3A	-0.94	24.0	2.38e-210
7	Immune cells	Treg	Treg	CSTA	-0.57	23.7	1.37e-205
7	Immune cells	Treg	Treg	SPI1	-0.63	25.0	8.96e-205
7	Immune cells	Treg	Treg	CXCL8	-1.77	35.7	6.91e-202
7	Immune cells	Treg	Treg	NEAT1	-1.08	78.6	2.19e-200
7	Immune cells	Treg	Treg	HLA-DRA	-2.09	50.3	1.94e-199
7	Immune cells	Treg	Treg	SCD	-0.79	34.8	4.13e-199
7	Immune cells	Treg	Treg	EPB41L3	-0.35	4.6	5.82e-197
7	Immune cells	Treg	Treg	KCTD12	-0.8	29.3	8.33e-197
7	Immune cells	Treg	Treg	C1orf162	-0.71	30.5	4.02e-189
7	Immune cells	Treg	Treg	EGR1	-1.03	36.4	3.2e-186
7	Immune cells	Treg	Treg	PLA2G7	-0.6	19.2	1.27e-179
7	Immune cells	Treg	Treg	TRBC1	1.32	66.6	3.03e-179
7	Immune cells	Treg	Treg	DUSP4	1.26	63.8	5.23e-179
7	Immune cells	Treg	Treg	VEGFA	-0.63	33.4	7.71e-179
7	Immune cells	Treg	Treg	LAYN	1.09	53.9	5.72e-178
7	Immune cells	Treg	Treg	ADAP2	-0.6	22.2	2.55e-176
7	Immune cells	Treg	Treg	ICAM1	-0.54	34.0	4.04e-176
7	Immune cells	Treg	Treg	C1orf54	-0.55	23.0	3.89e-174
7	Immune cells	Treg	Treg	TREM2	-0.46	12.7	8.65e-174
7	Immune cells	Treg	Treg	DUSP6	-0.62	33.6	1.33e-173
7	Immune cells	Treg	Treg	TUBA1B	-0.91	54.3	8.13e-173
7	Immune cells	Treg	Treg	STMN1	-0.8	35.5	3.96e-172
7	Immune cells	Treg	Treg	TMEM176B	-0.75	33.5	1.95e-171
7	Immune cells	Treg	Treg	IRF8	-0.42	12.9	2.26e-171
7	Immune cells	Treg	Treg	SGK1	-1.07	36.4	6.77e-171
7	Immune cells	Treg	Treg	ADM	-0.53	13.4	7.5e-171
7	Immune cells	Treg	Treg	CD177	0.28	31.9	3.76e-170
7	Immune cells	Treg	Treg	HCK	-0.3	8.2	7.15e-169
7	Immune cells	Treg	Treg	SERPING1	-0.61	28.1	2.38e-168
7	Immune cells	Treg	Treg	FGL2	-0.86	34.5	4.63e-168
7	Immune cells	Treg	Treg	IDH1	-0.45	34.1	7.85e-168
7	Immune cells	Treg	Treg	TKT	-0.56	40.0	4e-167
7	Immune cells	Treg	Treg	CD93	-0.5	14.4	1.27e-166
7	Immune cells	Treg	Treg	ATF3	-1.04	37.8	2.06e-166
7	Immune cells	Treg	Treg	RNASE6	-0.71	26.8	7.99e-166
7	Immune cells	Treg	Treg	ASPH	-0.72	33.8	8e-164
7	Immune cells	Treg	Treg	LY96	-0.6	35.5	1.67e-162
7	Immune cells	Treg	Treg	MS4A4A	-0.84	29.6	2.74e-162
7	Immune cells	Treg	Treg	FPR3	-0.53	20.7	4.39e-162
7	Immune cells	Treg	Treg	RBM47	-0.36	30.2	2.63e-161
7	Immune cells	Treg	Treg	TMEM176A	-0.77	34.4	2.83e-159
7	Immune cells	Treg	Treg	NRP2	-0.39	11.0	3.45e-159
7	Immune cells	Treg	Treg	MNDA	-0.63	19.3	1.08e-157
7	Immune cells	Treg	Treg	CD9	-0.91	31.9	1.16e-157
7	Immune cells	Treg	Treg	PLIN2	-0.98	48.7	3.87e-157
7	Immune cells	Treg	Treg	IL1B	-1.51	32.8	1.13e-156
7	Immune cells	Treg	Treg	AXL	-0.25	2.9	2.37e-156
7	Immune cells	Treg	Treg	CD86	-0.47	22.7	2.44e-153
7	Immune cells	Treg	Treg	RND3	-0.34	13.7	6.28e-153
7	Immune cells	Treg	Treg	RNASE1	-1.73	33.6	1.71e-152
7	Immune cells	Treg	Treg	HLA-DQA1	-1.0	38.9	5.78e-152
7	Immune cells	Treg	Treg	MGST2	-0.44	35.2	6.93e-151
7	Immune cells	Treg	Treg	PLAUR	-0.78	31.4	1.64e-149
7	Immune cells	Treg	Treg	BIRC3	1.07	70.5	4.69e-149
7	Immune cells	Treg	Treg	PTGS2	-0.67	12.5	5.42e-149
7	Immune cells	Treg	Treg	KYNU	-0.34	30.2	7.14e-149
7	Immune cells	Treg	Treg	PLXDC2	-0.29	7.6	2.61e-148
7	Immune cells	Treg	Treg	STAB1	-0.77	32.1	3.17e-146
7	Immune cells	Treg	Treg	MPEG1	-0.69	29.1	5.1e-145
7	Immune cells	Treg	Treg	TNFRSF13B	0.25	33.4	2.72e-144
7	Immune cells	Treg	Treg	CCL4	-1.52	37.3	1.72e-143
7	Immune cells	Treg	Treg	C15orf48	-0.98	29.7	2.21e-140
7	Immune cells	Treg	Treg	KLF4	-0.61	32.1	2.29e-140
7	Immune cells	Treg	Treg	RHOB	-0.72	45.9	1.11e-137
7	Immune cells	Treg	Treg	CCL3L3	-1.18	28.9	2.2e-136
7	Immune cells	Treg	Treg	EGLN3	-0.29	21.1	1.7e-135
7	Immune cells	Treg	Treg	FOLR2	-0.8	27.1	2.69e-135
7	Immune cells	Treg	Treg	UGT2B4	-0.46	19.4	3.36e-135
7	Immune cells	Treg	Treg	MMP12	-1.75	30.7	5.65e-135
7	Immune cells	Treg	Treg	TNFAIP2	-0.41	29.4	3.83e-134
7	Immune cells	Treg	Treg	FAM213A	-0.33	27.1	1.09e-133
7	Immune cells	Treg	Treg	CPVL	-0.64	28.9	1.23e-132
7	Immune cells	Treg	Treg	SDS	-0.27	4.5	2.48e-132
7	Immune cells	Treg	Treg	GDF15	-0.62	29.2	1.31e-131
7	Immune cells	Treg	Treg	ATF5	-0.41	34.6	3.78e-131
7	Immune cells	Treg	Treg	PRDX4	-0.53	38.4	7.53e-131
7	Immune cells	Treg	Treg	IL7R	0.68	67.4	5.94e-130
7	Immune cells	Treg	Treg	ENPP2	-0.35	30.3	6.96e-130
7	Immune cells	Treg	Treg	RASSF4	-0.35	26.6	1.9e-129
7	Immune cells	Treg	Treg	CCL2	-0.76	16.8	9.92e-129
7	Immune cells	Treg	Treg	VSIG4	-0.33	11.6	2.34e-128
7	Immune cells	Treg	Treg	FBP1	-0.42	20.5	6.26e-128
7	Immune cells	Treg	Treg	CD209	-0.31	8.6	9.73e-128
7	Immune cells	Treg	Treg	CHPT1	-0.31	33.2	1.86e-126
7	Immune cells	Treg	Treg	BNIP3	-0.45	36.3	2.2e-126
7	Immune cells	Treg	Treg	TMEM37	-0.27	20.6	2.32e-126
7	Immune cells	Treg	Treg	NUPR1	-0.71	32.4	4.6e-126
7	Immune cells	Treg	Treg	C4BPB	-0.26	7.6	1.32e-123
7	Immune cells	Treg	Treg	WDR72	-0.27	12.9	1.95e-123
7	Immune cells	Treg	Treg	CHCHD10	-0.68	53.7	1.03e-121
7	Immune cells	Treg	Treg	ITGAV	-0.29	32.6	1.73e-121
7	Immune cells	Treg	Treg	CLEC10A	-0.31	5.1	5.72e-121
7	Immune cells	Treg	Treg	ETS2	-0.4	31.4	6.6e-121
7	Immune cells	Treg	Treg	FCGR2B	-0.28	7.3	1.93e-120
7	Immune cells	Treg	Treg	F13A1	-0.59	17.0	8.29e-120
7	Immune cells	Treg	Treg	PHACTR1	-0.44	16.7	1.88e-118
7	Immune cells	Treg	Treg	TUBB	-0.64	52.6	2.02e-118
7	Immune cells	Treg	Treg	PMCH	0.57	31.2	7.59e-118
7	Immune cells	Treg	Treg	SERPINF1	-0.51	22.3	1.68e-117
7	Immune cells	Treg	Treg	ASGR1	-0.65	31.8	9.99e-117
7	Immune cells	Treg	Treg	APOH	-1.09	37.6	1.23e-115
7	Immune cells	Treg	Treg	TRAM1	-0.4	45.5	1.37e-115
7	Immune cells	Treg	Treg	CXCL3	-1.01	30.4	5.06e-115
7	Immune cells	Treg	Treg	CFH	-0.98	36.4	5.43e-115
7	Immune cells	Treg	Treg	CD151	-0.38	36.0	1.72e-114
7	Immune cells	Treg	Treg	LILRB5	-0.3	13.4	1.61e-113
7	Immune cells	Treg	Treg	ANXA4	-0.31	36.4	1.99e-113
7	Immune cells	Treg	Treg	H1F0	-0.31	29.8	4.21e-113
7	Immune cells	Treg	Treg	ITGA5	-0.27	26.1	2.18e-112
7	Immune cells	Treg	Treg	PDIA4	-0.31	37.8	7.56e-112
7	Immune cells	Treg	Treg	PMP22	-0.27	12.1	3.82e-111
7	Immune cells	Treg	Treg	PLAU	-0.29	11.7	3.94e-111
7	Immune cells	Treg	Treg	TF	-1.29	47.9	2.17e-109
7	Immune cells	Treg	Treg	MRPL15	-0.28	35.7	4.44e-109
7	Immune cells	Treg	Treg	BASP1	-0.42	31.4	8.13e-109
7	Immune cells	Treg	Treg	FAM46A	-0.5	33.6	1.73e-107
7	Immune cells	Treg	Treg	PDK4	-0.44	18.2	2.38e-107
7	Immune cells	Treg	Treg	GOLIM4	-0.26	32.0	4.96e-107
7	Immune cells	Treg	Treg	IL2RA	1.18	51.7	3.94e-106
7	Immune cells	Treg	Treg	VCAN	-0.55	10.2	4.46e-106
7	Immune cells	Treg	Treg	CP	-1.15	34.8	2.44e-105
7	Immune cells	Treg	Treg	CYSTM1	-0.3	36.1	5.16e-105
7	Immune cells	Treg	Treg	TIMP1	-0.58	50.9	7.45e-105
7	Immune cells	Treg	Treg	AKR1C1	-1.18	46.8	2.62e-104
7	Immune cells	Treg	Treg	SMIM14	-0.27	30.4	4.38e-104
7	Immune cells	Treg	Treg	FSCN1	-0.31	18.8	7.18e-104
7	Immune cells	Treg	Treg	IFI30	-0.39	16.6	1.57e-103
7	Immune cells	Treg	Treg	AHCY	-0.27	32.8	2.01e-103
7	Immune cells	Treg	Treg	RCN1	-0.42	32.7	1.11e-102
7	Immune cells	Treg	Treg	GC	-0.77	33.2	1.91e-101
7	Immune cells	Treg	Treg	FKBP10	-0.26	19.3	2.5e-101
7	Immune cells	Treg	Treg	AKR1C3	-0.99	41.8	7.85e-101
7	Immune cells	Treg	Treg	GGH	-0.46	32.3	1.11e-100
7	Immune cells	Treg	Treg	DMKN	-0.4	27.7	1.38e-100
7	Immune cells	Treg	Treg	TUBA1C	-0.34	40.2	2.68e-100
7	Immune cells	Treg	Treg	CLU	-1.15	38.8	5.47e-100
7	Immune cells	Treg	Treg	KDELR2	-0.4	47.1	1.34e-99
7	Immune cells	Treg	Treg	GSTP1	-0.51	46.1	3.68e-99
7	Immune cells	Treg	Treg	TPD52	-0.3	33.0	6.81e-99
7	Immune cells	Treg	Treg	AMBP	-1.37	44.1	1.34e-98
7	Immune cells	Treg	Treg	ORM1	-0.67	28.0	2.29e-98
7	Immune cells	Treg	Treg	KLF10	-0.3	32.4	2.44e-98
7	Immune cells	Treg	Treg	EREG	-0.78	12.7	2.17e-97
7	Immune cells	Treg	Treg	APOB	-1.22	38.9	2.81e-97
7	Immune cells	Treg	Treg	CFD	-0.42	25.7	2.85e-97
7	Immune cells	Treg	Treg	VCAM1	-0.3	15.5	1.28e-96
7	Immune cells	Treg	Treg	F2	-0.67	32.6	1.35e-95
7	Immune cells	Treg	Treg	SCCPDH	-0.33	33.3	1.43e-95
7	Immune cells	Treg	Treg	ITGAX	-0.32	27.0	2.02e-95
7	Immune cells	Treg	Treg	ANG	-0.39	30.9	5.41e-95
7	Immune cells	Treg	Treg	TPM1	-0.33	32.8	1.9e-94
7	Immune cells	Treg	Treg	LBP	-0.66	31.8	6.6e-94
7	Immune cells	Treg	Treg	PTTG1	0.79	62.3	3.34e-93
7	Immune cells	Treg	Treg	CCL4L2	-1.22	34.5	1.86e-92
7	Immune cells	Treg	Treg	CALD1	-0.77	31.4	3.93e-92
7	Immune cells	Treg	Treg	GPX3	-0.45	32.5	5.73e-92
7	Immune cells	Treg	Treg	SERPIND1	-0.28	20.9	8.49e-92
7	Immune cells	Treg	Treg	LYPLA1	-0.26	40.7	1.55e-91
7	Immune cells	Treg	Treg	MRC1	-0.52	36.6	2.07e-91
7	Immune cells	Treg	Treg	AKR1C4	-0.89	37.9	3.47e-91
7	Immune cells	Treg	Treg	INSIG1	-0.28	35.3	2.23e-90
7	Immune cells	Treg	Treg	IL4I1	-0.54	33.8	7.95e-90
7	Immune cells	Treg	Treg	TM4SF5	-0.92	34.5	9.02e-90
7	Immune cells	Treg	Treg	TFPI	-1.07	38.0	1.34e-89
7	Immune cells	Treg	Treg	TCF4	-0.4	28.1	1.47e-89
7	Immune cells	Treg	Treg	LGALS3	-0.78	46.5	5.43e-89
7	Immune cells	Treg	Treg	PLEK	-0.56	39.9	2.5e-88
7	Immune cells	Treg	Treg	PON2	-0.43	33.0	5.72e-88
7	Immune cells	Treg	Treg	MGST1	-0.86	35.1	1.02e-87
7	Immune cells	Treg	Treg	CYR61	-0.25	4.0	1.16e-87
7	Immune cells	Treg	Treg	SLC22A18	-0.38	33.7	2.75e-87
7	Immune cells	Treg	Treg	SDC2	-0.35	29.1	3.8e-87
7	Immune cells	Treg	Treg	FAM198B	-0.29	19.3	6.3e-87
7	Immune cells	Treg	Treg	MMP9	-0.91	33.6	6.78e-87
7	Immune cells	Treg	Treg	FGB	-0.82	34.1	8.25e-87
7	Immune cells	Treg	Treg	GPC3	-0.87	38.2	1.08e-86
7	Immune cells	Treg	Treg	IL1RN	-0.77	32.5	1.51e-86
7	Immune cells	Treg	Treg	FABP4	-1.07	21.0	3.66e-86
7	Immune cells	Treg	Treg	IGF2	-0.58	37.1	5.27e-86
7	Immune cells	Treg	Treg	RBP4	-1.22	38.2	2.05e-85
7	Immune cells	Treg	Treg	OCIAD2	0.72	53.9	2.36e-85
7	Immune cells	Treg	Treg	APOM	-1.31	42.4	4.01e-85
7	Immune cells	Treg	Treg	CES1	-0.38	25.0	4.3e-85
7	Immune cells	Treg	Treg	AGT	-1.13	41.9	5.06e-85
7	Immune cells	Treg	Treg	CLDN1	-0.55	33.7	6.88e-85
7	Immune cells	Treg	Treg	HMGA1	-0.25	38.2	1.4e-84
7	Immune cells	Treg	Treg	TCEB1	-0.34	46.0	1.95e-84
7	Immune cells	Treg	Treg	BCHE	-0.67	35.3	2.08e-84
7	Immune cells	Treg	Treg	HK2	-0.41	26.9	4.82e-84
7	Immune cells	Treg	Treg	VTN	-1.42	51.1	7.69e-84
7	Immune cells	Treg	Treg	ZFAND2A	-0.39	44.4	7.91e-84
7	Immune cells	Treg	Treg	TPM2	-0.45	33.0	8.82e-83
7	Immune cells	Treg	Treg	AK4	-0.3	31.7	9.14e-83
7	Immune cells	Treg	Treg	LTA	0.53	42.4	1.6e-82
7	Immune cells	Treg	Treg	CYC1	-0.27	42.5	1.99e-82
7	Immune cells	Treg	Treg	CKS1B	-0.26	33.7	2.16e-82
7	Immune cells	Treg	Treg	NCEH1	-0.27	24.8	8.94e-82
7	Immune cells	Treg	Treg	TOP2A	-0.36	17.6	1.18e-81
7	Immune cells	Treg	Treg	KRT18	-0.94	37.8	2.06e-81
7	Immune cells	Treg	Treg	RAB11FIP1	0.81	64.9	2.1e-81
7	Immune cells	Treg	Treg	CLNK	0.28	35.1	2.4e-81
7	Immune cells	Treg	Treg	DNASE1L3	-0.51	15.2	3.24e-81
7	Immune cells	Treg	Treg	CYP2D6	-0.25	21.1	1.52e-80
7	Immune cells	Treg	Treg	TMEM205	-0.26	37.0	2.51e-80
7	Immune cells	Treg	Treg	ALDH1A1	-0.47	33.3	2.76e-80
7	Immune cells	Treg	Treg	LINC01272	-0.38	22.1	3.73e-80
7	Immune cells	Treg	Treg	RARRES2	-0.82	36.0	5.01e-80
7	Immune cells	Treg	Treg	NTS	-1.34	53.8	8.71e-80
7	Immune cells	Treg	Treg	FGA	-0.56	32.2	8.91e-80
7	Immune cells	Treg	Treg	CFB	-0.53	33.4	1.42e-79
7	Immune cells	Treg	Treg	LBH	0.7	55.0	3.4e-79
7	Immune cells	Treg	Treg	BCL2A1	-0.6	36.4	6.89e-79
7	Immune cells	Treg	Treg	AHSG	-1.45	51.7	1.75e-78
7	Immune cells	Treg	Treg	MMP19	-0.34	23.3	3.44e-78
7	Immune cells	Treg	Treg	TTR	-1.2	43.1	3.86e-78
7	Immune cells	Treg	Treg	PLG	-0.37	28.6	1.2e-77
7	Immune cells	Treg	Treg	HES1	-0.44	32.4	1.44e-77
7	Immune cells	Treg	Treg	ITIH2	-0.44	31.9	2.08e-77
7	Immune cells	Treg	Treg	A1BG	-0.34	42.7	4.67e-77
7	Immune cells	Treg	Treg	GPR34	-0.42	28.0	5.7e-77
7	Immune cells	Treg	Treg	SPINK1	-1.42	56.7	1.01e-76
7	Immune cells	Treg	Treg	GCLM	-0.34	34.3	1.2e-76
7	Immune cells	Treg	Treg	HLA-DQB1	-0.84	50.7	2.38e-76
7	Immune cells	Treg	Treg	PLOD2	-0.28	21.8	2.8e-76
7	Immune cells	Treg	Treg	SERPINA1	-1.73	82.5	3.01e-76
7	Immune cells	Treg	Treg	CYB5A	-0.33	38.4	9.17e-76
7	Immune cells	Treg	Treg	CTHRC1	-0.5	32.0	4.56e-75
7	Immune cells	Treg	Treg	S100A13	-0.4	31.9	2.32e-74
7	Immune cells	Treg	Treg	NID1	-0.31	29.6	3.43e-74
7	Immune cells	Treg	Treg	UGDH	-0.35	33.8	1.92e-73
7	Immune cells	Treg	Treg	FGL1	-0.68	34.4	5.05e-73
7	Immune cells	Treg	Treg	LPCAT2	-0.26	25.0	5.14e-73
7	Immune cells	Treg	Treg	ANGPTL3	-0.52	30.0	2.18e-72
7	Immune cells	Treg	Treg	ASGR2	-0.31	30.7	4.39e-72
7	Immune cells	Treg	Treg	FN1	-0.55	31.5	6.05e-72
7	Immune cells	Treg	Treg	MTHFD2L	-0.25	34.4	3.27e-71
7	Immune cells	Treg	Treg	FXYD2	-0.45	33.9	4.62e-71
7	Immune cells	Treg	Treg	ANGPTL8	-0.88	35.5	6.22e-71
7	Immune cells	Treg	Treg	DDT	-0.59	58.4	1.69e-70
7	Immune cells	Treg	Treg	PSMB5	-0.25	39.7	3.35e-70
7	Immune cells	Treg	Treg	FGG	-0.73	33.3	4.78e-70
7	Immune cells	Treg	Treg	C3	-0.49	34.9	5.73e-70
7	Immune cells	Treg	Treg	S100A6	0.3	87.4	9.07e-70
7	Immune cells	Treg	Treg	MEG3	-0.3	28.4	9.17e-70
7	Immune cells	Treg	Treg	AADAC	-0.26	24.1	1.86e-69
7	Immune cells	Treg	Treg	NR4A1	-0.38	38.0	2.44e-69
7	Immune cells	Treg	Treg	HPX	-0.44	31.8	1.17e-68
7	Immune cells	Treg	Treg	PCSK1N	-0.4	32.9	3.08e-68
7	Immune cells	Treg	Treg	CD69	0.28	65.1	4.47e-68
7	Immune cells	Treg	Treg	MTTP	-0.28	19.5	5.54e-68
7	Immune cells	Treg	Treg	GAGE2A	-0.81	35.1	7.55e-68
7	Immune cells	Treg	Treg	RB1CC1	-0.26	39.0	1.3e-67
7	Immune cells	Treg	Treg	SQSTM1	-0.73	69.3	1.98e-67
7	Immune cells	Treg	Treg	TSC22D1	-0.31	32.8	3.94e-67
7	Immune cells	Treg	Treg	DHCR24	-0.44	34.1	9.61e-67
7	Immune cells	Treg	Treg	CXCL1	-0.27	17.4	1.13e-66
7	Immune cells	Treg	Treg	LGALS2	-0.29	15.7	2.57e-66
7	Immune cells	Treg	Treg	GPX2	-0.52	35.4	3.08e-66
7	Immune cells	Treg	Treg	DSE	-0.25	22.8	3.09e-66
7	Immune cells	Treg	Treg	MARCKSL1	-0.4	33.8	1.61e-65
7	Immune cells	Treg	Treg	KIAA0101	-0.27	21.4	1.62e-65
7	Immune cells	Treg	Treg	NPW	-0.78	36.0	4.61e-65
7	Immune cells	Treg	Treg	PRAP1	-0.79	36.3	1.77e-64
7	Immune cells	Treg	Treg	TSPAN6	-0.32	25.1	2.04e-64
7	Immune cells	Treg	Treg	HLA-DPB1	-0.88	52.4	3.74e-64
7	Immune cells	Treg	Treg	PROS1	-0.35	31.5	5.07e-64
7	Immune cells	Treg	Treg	CA2	-0.29	30.0	7.34e-64
7	Immune cells	Treg	Treg	SPARC	-0.73	9.5	1.27e-63
7	Immune cells	Treg	Treg	AKR1C2	-0.4	32.7	3.92e-63
7	Immune cells	Treg	Treg	HLA-DRB1	-1.25	67.0	4.5e-63
7	Immune cells	Treg	Treg	TNFRSF9	0.88	48.5	5.18e-63
7	Immune cells	Treg	Treg	SLPI	-0.25	26.4	6e-63
7	Immune cells	Treg	Treg	TMEM97	-0.25	28.2	1.73e-62
7	Immune cells	Treg	Treg	NME1	-0.27	43.3	1.76e-62
7	Immune cells	Treg	Treg	SERPINA6	-0.27	22.3	4.74e-62
7	Immune cells	Treg	Treg	SH3BP5	-0.33	33.4	9.82e-62
7	Immune cells	Treg	Treg	HLA-DPA1	-0.9	55.5	1.04e-61
7	Immune cells	Treg	Treg	PKIB	-0.3	29.7	2.61e-61
7	Immune cells	Treg	Treg	HRG	-0.4	32.3	2.85e-61
7	Immune cells	Treg	Treg	GNLY	1.06	42.7	1.02e-60
7	Immune cells	Treg	Treg	IGF1	-0.29	19.8	1.03e-60
7	Immune cells	Treg	Treg	SLC39A4	-0.26	34.7	2.88e-60
7	Immune cells	Treg	Treg	MT-ND6	-0.29	44.5	3.14e-60
7	Immune cells	Treg	Treg	KNG1	-0.41	31.7	3.38e-60
7	Immune cells	Treg	Treg	MPST	-0.36	39.4	5.33e-60
7	Immune cells	Treg	Treg	APOC3	-0.82	36.7	6.8e-60
7	Immune cells	Treg	Treg	HSPA6	-0.61	41.9	1.31e-59
7	Immune cells	Treg	Treg	KRT8	-0.66	36.5	3.67e-59
7	Immune cells	Treg	Treg	NR2F2	-0.27	17.3	5.09e-59
7	Immune cells	Treg	Treg	SERPINE1	-0.35	32.7	6.04e-59
7	Immune cells	Treg	Treg	INSR	-0.26	16.7	1.2e-58
7	Immune cells	Treg	Treg	PRDX6	-0.25	46.6	3.94e-58
7	Immune cells	Treg	Treg	PROC	-0.42	31.4	1.96e-57
7	Immune cells	Treg	Treg	APOA1	-1.64	60.7	2.67e-57
7	Immune cells	Treg	Treg	TSPAN8	-0.49	32.9	8.68e-57
7	Immune cells	Treg	Treg	FKBP11	-0.32	34.8	9.87e-57
7	Immune cells	Treg	Treg	MDK	-0.54	34.5	1.93e-56
7	Immune cells	Treg	Treg	TMEM45A	-0.26	29.5	2e-56
7	Immune cells	Treg	Treg	PPP1R16A	-0.31	30.0	2.23e-55
7	Immune cells	Treg	Treg	PHLDA1	0.78	65.5	4.65e-55
7	Immune cells	Treg	Treg	PRF1	0.34	42.0	6.67e-55
7	Immune cells	Treg	Treg	TM4SF4	-0.41	31.9	6.84e-55
7	Immune cells	Treg	Treg	SLC20A1	-0.26	35.6	1.04e-54
7	Immune cells	Treg	Treg	AKR1B10	-0.64	36.8	1.19e-54
7	Immune cells	Treg	Treg	LEAP2	-0.27	31.9	2.29e-54
7	Immune cells	Treg	Treg	FXYD1	-0.37	34.9	4.23e-54
7	Immune cells	Treg	Treg	FABP1	-1.39	57.3	7.93e-53
7	Immune cells	Treg	Treg	NQO1	-0.36	34.7	2.97e-52
7	Immune cells	Treg	Treg	LGALS1	-0.63	75.2	3.36e-52
7	Immune cells	Treg	Treg	AFP	-1.13	55.4	4.5e-52
7	Immune cells	Treg	Treg	AC002331.1	0.61	41.1	2.54e-51
7	Immune cells	Treg	Treg	BAG3	-0.35	41.6	7.05e-51
7	Immune cells	Treg	Treg	COL4A1	-0.39	10.2	7.07e-51
7	Immune cells	Treg	Treg	CFI	-0.37	31.9	9.3e-51
7	Immune cells	Treg	Treg	ORM2	-0.45	31.1	1.15e-50
7	Immune cells	Treg	Treg	STEAP1	-0.29	26.4	1.68e-50
7	Immune cells	Treg	Treg	COL1A1	-0.39	10.7	2.34e-50
7	Immune cells	Treg	Treg	WBP5	-0.29	28.5	4.6e-50
7	Immune cells	Treg	Treg	FCN1	-0.51	17.2	4.68e-50
7	Immune cells	Treg	Treg	HULC	-0.26	31.5	1.08e-49
7	Immune cells	Treg	Treg	GADD45G	0.77	51.7	1.89e-49
7	Immune cells	Treg	Treg	MAL2	-0.46	32.6	3.16e-49
7	Immune cells	Treg	Treg	LRG1	-0.37	32.6	3.65e-49
7	Immune cells	Treg	Treg	S100P	-0.37	32.8	1.01e-48
7	Immune cells	Treg	Treg	C8orf4	-0.28	20.3	7.85e-48
7	Immune cells	Treg	Treg	FST	-0.31	30.9	8.24e-47
7	Immune cells	Treg	Treg	CD83	-0.27	45.4	8.45e-47
7	Immune cells	Treg	Treg	CRIP1	0.5	59.7	2.05e-46
7	Immune cells	Treg	Treg	KDELR3	-0.29	30.0	8.77e-46
7	Immune cells	Treg	Treg	IGFBP1	-0.58	33.8	3.46e-45
7	Immune cells	Treg	Treg	DNPH1	0.67	69.3	3.65e-45
7	Immune cells	Treg	Treg	TNFRSF12A	-0.28	34.0	7.89e-45
7	Immune cells	Treg	Treg	CXCL17	-0.7	33.3	2.09e-44
7	Immune cells	Treg	Treg	LINC01480	0.41	38.2	2.09e-44
7	Immune cells	Treg	Treg	KCNQ1OT1	-0.26	34.0	8.45e-44
7	Immune cells	Treg	Treg	SLC2A3	-0.43	44.2	1.26e-43
7	Immune cells	Treg	Treg	RPL22L1	-0.71	62.2	2.4e-42
7	Immune cells	Treg	Treg	AGR2	-0.38	32.4	3.72e-42
7	Immune cells	Treg	Treg	ID1	-0.34	30.3	1.34e-41
7	Immune cells	Treg	Treg	IL1RL1	0.36	30.1	2.21e-41
7	Immune cells	Treg	Treg	CFHR1	-0.33	26.1	3.22e-41
7	Immune cells	Treg	Treg	THY1	-0.29	3.9	7.5e-41
7	Immune cells	Treg	Treg	VMO1	-0.25	23.5	1.23e-39
7	Immune cells	Treg	Treg	DEFB1	-0.28	28.6	1.59e-39
7	Immune cells	Treg	Treg	TM4SF1	-0.29	31.3	2.29e-39
7	Immune cells	Treg	Treg	ITGA1	-0.27	30.5	2.73e-39
7	Immune cells	Treg	Treg	PTGR1	-0.26	27.4	4.4e-39
7	Immune cells	Treg	Treg	G0S2	-0.57	30.3	7.98e-39
7	Immune cells	Treg	Treg	SERPINE2	0.4	38.1	8.62e-37
7	Immune cells	Treg	Treg	LST1	-0.28	47.6	1.84e-36
7	Immune cells	Treg	Treg	ENTPD1	0.69	52.6	3.44e-35
7	Immune cells	Treg	Treg	HBEGF	-0.33	32.2	4.82e-35
7	Immune cells	Treg	Treg	ACTG1	0.27	94.2	4.86e-35
7	Immune cells	Treg	Treg	MT1G	-0.49	22.9	7.45e-35
7	Immune cells	Treg	Treg	AC006129.2	0.5	44.0	2.82e-34
7	Immune cells	Treg	Treg	AC133644.2	0.56	40.5	4.37e-34
7	Immune cells	Treg	Treg	PTGDS	-0.72	35.8	7.89e-34
7	Immune cells	Treg	Treg	IGHM	-0.89	16.5	3.43e-32
7	Immune cells	Treg	Treg	RGS5	-0.63	14.9	2.28e-31
7	Immune cells	Treg	Treg	TRNP1	-0.28	33.4	3.53e-30
7	Immune cells	Treg	Treg	RTKN2	0.72	41.5	2.66e-29
7	Immune cells	Treg	Treg	IGKC	-2.48	40.4	4.46e-28
7	Immune cells	Treg	Treg	HACD1	0.48	39.4	5.19e-27
7	Immune cells	Treg	Treg	HPGDS	-0.27	21.4	2.1e-26
7	Immune cells	Treg	Treg	NR4A3	-0.25	32.8	2.81e-26
7	Immune cells	Treg	Treg	ARG2	0.44	38.3	3.76e-25
7	Immune cells	Treg	Treg	C11orf96	-0.25	25.7	3.9e-24
7	Immune cells	Treg	Treg	UBE2C	-0.26	26.7	9.76e-24
7	Immune cells	Treg	Treg	S100A8	-0.75	15.9	2.61e-23
7	Immune cells	Treg	Treg	COL1A2	-0.37	13.5	3.42e-23
7	Immune cells	Treg	Treg	PLAC8	-0.28	27.1	1e-22
7	Immune cells	Treg	Treg	COL4A2	-0.34	10.7	1.79e-22
7	Immune cells	Treg	Treg	MKI67	-0.25	24.4	2.07e-22
7	Immune cells	Treg	Treg	EMP1	-0.25	29.5	2.2e-22
7	Immune cells	Treg	Treg	AZGP1	-0.27	28.1	3.72e-22
7	Immune cells	Treg	Treg	NDUFA4L2	-0.29	18.5	4.07e-22
7	Immune cells	Treg	Treg	FCGBP	-0.26	29.3	5.91e-22
7	Immune cells	Treg	Treg	NDUFA4	0.27	83.6	1.11e-21
7	Immune cells	Treg	Treg	IGLC3	-1.1	17.3	1.42e-20
7	Immune cells	Treg	Treg	KLRB1	0.55	49.1	2.43e-20
7	Immune cells	Treg	Treg	S100A10	-0.37	72.3	4.27e-20
7	Immune cells	Treg	Treg	STC1	-0.44	3.2	3.47e-18
7	Immune cells	Treg	Treg	ALB	-1.7	94.1	1.38e-17
7	Immune cells	Treg	Treg	IGHG3	-2.25	23.4	2.25e-16
7	Immune cells	Treg	Treg	AREG	-0.33	31.8	8.32e-16
7	Immune cells	Treg	Treg	FOS	-0.47	82.4	3.66e-14
7	Immune cells	Treg	Treg	JCHAIN	-0.43	23.0	4.17e-14
7	Immune cells	Treg	Treg	IGLC2	-1.82	35.7	8.38e-14
7	Immune cells	Treg	Treg	CGA	0.77	23.9	5.9e-13
7	Immune cells	Treg	Treg	CHN1	0.32	35.8	4.24e-11
7	Immune cells	Treg	Treg	IFI27	-0.36	29.9	1.26e-10
7	Immune cells	Treg	Treg	CXCL10	-0.45	23.3	2.12e-10
7	Immune cells	Treg	Treg	PRDX2	0.32	69.4	7.38e-10
7	Immune cells	Treg	Treg	RPL7	-0.33	94.5	3.21e-08
7	Immune cells	Treg	Treg	CCL5	-0.48	37.9	3.45e-08
7	Immune cells	Treg	Treg	ID3	0.36	46.0	6.3e-08
7	Immune cells	Treg	Treg	IGHG1	-3.39	31.7	8.66e-07
7	Immune cells	Treg	Treg	IGFBP3	-0.26	29.5	1.08e-06
7	Immune cells	Treg	Treg	APOA2	-1.73	96.2	1.1e-06
7	Immune cells	Treg	Treg	NMB	0.4	38.1	3.29e-06
7	Immune cells	Treg	Treg	GBP4	0.33	42.0	3.58e-06
7	Immune cells	Treg	Treg	IGHG4	-2.92	33.3	5.95e-06
7	Immune cells	Treg	Treg	IGFBP7	-0.96	26.7	6.04e-06
8	Malignant cells	Malignant	Malignant	AKR1C1	1.69	100.0	0
8	Malignant cells	Malignant	Malignant	AKR1C3	1.57	99.9	0
8	Malignant cells	Malignant	Malignant	AKR1B10	1.41	94.2	0
8	Malignant cells	Malignant	Malignant	AKR1C4	1.39	100.0	0
8	Malignant cells	Malignant	Malignant	AFP	1.36	99.8	0
8	Malignant cells	Malignant	Malignant	SQSTM1	1.34	99.9	0
8	Malignant cells	Malignant	Malignant	NTS	1.34	99.7	0
8	Malignant cells	Malignant	Malignant	APOA2	1.34	100.0	0
8	Malignant cells	Malignant	Malignant	RPL22L1	1.33	99.9	0
8	Malignant cells	Malignant	Malignant	KRT18	1.33	100.0	0
8	Malignant cells	Malignant	Malignant	GAGE2A	1.31	99.8	0
8	Malignant cells	Malignant	Malignant	DDT	1.24	100.0	0
8	Malignant cells	Malignant	Malignant	GPX2	1.22	98.3	0
8	Malignant cells	Malignant	Malignant	APOM	1.22	99.8	0
8	Malignant cells	Malignant	Malignant	MGST1	1.22	100.0	0
8	Malignant cells	Malignant	Malignant	SPINK1	1.18	100.0	0
8	Malignant cells	Malignant	Malignant	RBP4	1.17	99.9	0
8	Malignant cells	Malignant	Malignant	ATP5G1	1.16	99.8	0
8	Malignant cells	Malignant	Malignant	NPW	1.16	99.5	0
8	Malignant cells	Malignant	Malignant	FABP1	1.12	99.6	0
8	Malignant cells	Malignant	Malignant	CXCL17	1.11	87.8	0
8	Malignant cells	Malignant	Malignant	BCHE	1.11	99.3	0
8	Malignant cells	Malignant	Malignant	NQO1	1.11	99.2	0
8	Malignant cells	Malignant	Malignant	ALB	1.1	100.0	0
8	Malignant cells	Malignant	Malignant	TTR	1.1	99.8	0
8	Malignant cells	Malignant	Malignant	CHCHD10	1.09	99.9	0
8	Malignant cells	Malignant	Malignant	LAPTM4B	1.08	99.8	0
8	Malignant cells	Malignant	Malignant	GGH	1.07	98.9	0
8	Malignant cells	Malignant	Malignant	AMBP	1.07	100.0	0
8	Malignant cells	Malignant	Malignant	APOB	1.06	99.8	0
8	Malignant cells	Malignant	Malignant	AKR1C2	1.05	99.3	0
8	Malignant cells	Malignant	Malignant	MDK	1.04	98.9	0
8	Malignant cells	Malignant	Malignant	SERPINA1	1.03	100.0	0
8	Malignant cells	Malignant	Malignant	AGT	1.03	99.8	0
8	Malignant cells	Malignant	Malignant	KRT8	1.03	99.8	0
8	Malignant cells	Malignant	Malignant	NME1	1.02	99.9	0
8	Malignant cells	Malignant	Malignant	APOH	1.0	99.7	0
8	Malignant cells	Malignant	Malignant	ALDH1A1	1.0	99.5	0
8	Malignant cells	Malignant	Malignant	ORM1	1.0	98.6	0
8	Malignant cells	Malignant	Malignant	RPL7	0.98	100.0	0
8	Malignant cells	Malignant	Malignant	VTN	0.96	99.8	0
8	Malignant cells	Malignant	Malignant	FGL1	0.96	99.5	0
8	Malignant cells	Malignant	Malignant	CLU	0.95	100.0	0
8	Malignant cells	Malignant	Malignant	CTHRC1	0.95	99.3	0
8	Malignant cells	Malignant	Malignant	APOA1	0.92	99.9	0
8	Malignant cells	Malignant	Malignant	ORM2	0.92	98.2	0
8	Malignant cells	Malignant	Malignant	H2AFZ	0.91	99.8	0
8	Malignant cells	Malignant	Malignant	TFPI	0.91	99.8	0
8	Malignant cells	Malignant	Malignant	RPL8	0.9	100.0	0
8	Malignant cells	Malignant	Malignant	NPM1	0.9	100.0	0
8	Malignant cells	Malignant	Malignant	RARRES2	0.9	99.4	0
8	Malignant cells	Malignant	Malignant	TSPAN8	0.89	98.8	0
8	Malignant cells	Malignant	Malignant	GC	0.88	99.7	0
8	Malignant cells	Malignant	Malignant	TCEB1	0.88	99.9	0
8	Malignant cells	Malignant	Malignant	S100P	0.88	91.6	0
8	Malignant cells	Malignant	Malignant	AGR2	0.88	91.1	0
8	Malignant cells	Malignant	Malignant	PRDX4	0.87	99.6	0
8	Malignant cells	Malignant	Malignant	CLDN1	0.87	99.3	0
8	Malignant cells	Malignant	Malignant	ANGPTL3	0.87	98.8	0
8	Malignant cells	Malignant	Malignant	FGB	0.86	99.4	0
8	Malignant cells	Malignant	Malignant	SLIRP	0.86	99.9	0
8	Malignant cells	Malignant	Malignant	IFITM3	0.86	100.0	0
8	Malignant cells	Malignant	Malignant	NDUFB9	0.86	99.8	0
8	Malignant cells	Malignant	Malignant	FST	0.86	98.3	0
8	Malignant cells	Malignant	Malignant	DHCR24	0.85	99.6	0
8	Malignant cells	Malignant	Malignant	UGT2B4	0.85	99.4	0
8	Malignant cells	Malignant	Malignant	MAL2	0.85	99.8	0
8	Malignant cells	Malignant	Malignant	POLR2K	0.85	99.8	0
8	Malignant cells	Malignant	Malignant	ASPH	0.84	99.8	0
8	Malignant cells	Malignant	Malignant	UGDH	0.84	99.4	0
8	Malignant cells	Malignant	Malignant	TM4SF5	0.84	99.7	0
8	Malignant cells	Malignant	Malignant	SNRPF	0.84	99.8	0
8	Malignant cells	Malignant	Malignant	RAN	0.83	99.9	0
8	Malignant cells	Malignant	Malignant	TKT	0.81	99.9	0
8	Malignant cells	Malignant	Malignant	GCLM	0.81	99.4	0
8	Malignant cells	Malignant	Malignant	MPST	0.81	99.8	0
8	Malignant cells	Malignant	Malignant	TF	0.8	99.8	0
8	Malignant cells	Malignant	Malignant	CDKN2A	0.79	99.1	0
8	Malignant cells	Malignant	Malignant	ETFB	0.79	99.9	0
8	Malignant cells	Malignant	Malignant	GPC3	0.78	99.8	0
8	Malignant cells	Malignant	Malignant	FDPS	0.78	99.0	0
8	Malignant cells	Malignant	Malignant	PON2	0.78	99.8	0
8	Malignant cells	Malignant	Malignant	PRDX2	0.77	99.8	0
8	Malignant cells	Malignant	Malignant	PSMB5	0.77	99.4	0
8	Malignant cells	Malignant	Malignant	CYB5A	0.77	99.6	0
8	Malignant cells	Malignant	Malignant	F2	0.77	99.3	0
8	Malignant cells	Malignant	Malignant	LBP	0.77	99.0	0
8	Malignant cells	Malignant	Malignant	DMKN	0.76	99.5	0
8	Malignant cells	Malignant	Malignant	FGG	0.75	99.2	0
8	Malignant cells	Malignant	Malignant	CFH	0.75	99.8	0
8	Malignant cells	Malignant	Malignant	RANBP1	0.75	99.6	0
8	Malignant cells	Malignant	Malignant	KDELR2	0.74	99.8	0
8	Malignant cells	Malignant	Malignant	MPC2	0.73	99.8	0
8	Malignant cells	Malignant	Malignant	STEAP1	0.73	98.6	0
8	Malignant cells	Malignant	Malignant	CCNB1	0.73	79.6	0
8	Malignant cells	Malignant	Malignant	SNRPE	0.73	99.8	0
8	Malignant cells	Malignant	Malignant	POLR2F	0.71	99.7	0
8	Malignant cells	Malignant	Malignant	LSM2	0.71	99.7	0
8	Malignant cells	Malignant	Malignant	MRPL13	0.71	99.7	0
8	Malignant cells	Malignant	Malignant	TRNP1	0.71	99.0	0
8	Malignant cells	Malignant	Malignant	CDKN2B-AS1	0.71	91.1	0
8	Malignant cells	Malignant	Malignant	PKIB	0.71	98.2	0
8	Malignant cells	Malignant	Malignant	SNRPD1	0.7	99.8	0
8	Malignant cells	Malignant	Malignant	PRDX6	0.7	99.7	0
8	Malignant cells	Malignant	Malignant	MRPL15	0.7	99.4	0
8	Malignant cells	Malignant	Malignant	HIST1H1C	0.7	99.0	0
8	Malignant cells	Malignant	Malignant	TMEM176A	0.7	99.5	0
8	Malignant cells	Malignant	Malignant	GDF15	0.7	97.6	0
8	Malignant cells	Malignant	Malignant	TPM2	0.7	99.0	0
8	Malignant cells	Malignant	Malignant	ITIH2	0.69	99.3	0
8	Malignant cells	Malignant	Malignant	ODC1	0.69	98.6	0
8	Malignant cells	Malignant	Malignant	CP	0.69	99.7	0
8	Malignant cells	Malignant	Malignant	SERPINF1	0.69	98.7	0
8	Malignant cells	Malignant	Malignant	PROC	0.69	99.0	0
8	Malignant cells	Malignant	Malignant	LYPLA1	0.69	99.6	0
8	Malignant cells	Malignant	Malignant	PRAP1	0.68	99.6	0
8	Malignant cells	Malignant	Malignant	PRDX5	0.68	99.8	0
8	Malignant cells	Malignant	Malignant	TRIM16L	0.68	96.2	0
8	Malignant cells	Malignant	Malignant	PHGDH	0.68	97.2	0
8	Malignant cells	Malignant	Malignant	TXNRD1	0.67	98.9	0
8	Malignant cells	Malignant	Malignant	COX7A2L	0.67	99.8	0
8	Malignant cells	Malignant	Malignant	TOMM22	0.67	99.4	0
8	Malignant cells	Malignant	Malignant	EIF3E	0.66	99.9	0
8	Malignant cells	Malignant	Malignant	TMEM97	0.66	97.8	0
8	Malignant cells	Malignant	Malignant	UQCC2	0.66	99.2	0
8	Malignant cells	Malignant	Malignant	SLC25A5	0.66	99.7	0
8	Malignant cells	Malignant	Malignant	HMGB3	0.66	94.6	0
8	Malignant cells	Malignant	Malignant	UQCRH	0.66	100.0	0
8	Malignant cells	Malignant	Malignant	MDH2	0.65	99.4	0
8	Malignant cells	Malignant	Malignant	FKBP11	0.65	98.6	0
8	Malignant cells	Malignant	Malignant	DCAF13	0.65	99.4	0
8	Malignant cells	Malignant	Malignant	RCN1	0.65	99.0	0
8	Malignant cells	Malignant	Malignant	RPL5	0.64	100.0	0
8	Malignant cells	Malignant	Malignant	EBP	0.64	98.6	0
8	Malignant cells	Malignant	Malignant	ALG3	0.64	99.6	0
8	Malignant cells	Malignant	Malignant	GCSH	0.64	98.6	0
8	Malignant cells	Malignant	Malignant	NDUFA4	0.63	100.0	0
8	Malignant cells	Malignant	Malignant	CENPV	0.63	97.6	0
8	Malignant cells	Malignant	Malignant	PCSK1N	0.63	98.7	0
8	Malignant cells	Malignant	Malignant	AP1M2	0.63	93.6	0
8	Malignant cells	Malignant	Malignant	LACTB2	0.62	98.2	0
8	Malignant cells	Malignant	Malignant	CYC1	0.62	99.7	0
8	Malignant cells	Malignant	Malignant	FGA	0.62	98.4	0
8	Malignant cells	Malignant	Malignant	GCHFR	0.62	99.0	0
8	Malignant cells	Malignant	Malignant	TRIM16	0.61	96.2	0
8	Malignant cells	Malignant	Malignant	EEF1E1	0.61	99.4	0
8	Malignant cells	Malignant	Malignant	ASGR1	0.61	98.7	0
8	Malignant cells	Malignant	Malignant	HULC	0.61	91.4	0
8	Malignant cells	Malignant	Malignant	KDELR3	0.61	97.0	0
8	Malignant cells	Malignant	Malignant	ERH	0.61	99.8	0
8	Malignant cells	Malignant	Malignant	MRPL12	0.61	99.0	0
8	Malignant cells	Malignant	Malignant	CNPY2	0.6	99.7	0
8	Malignant cells	Malignant	Malignant	SLC17A3	0.6	96.6	0
8	Malignant cells	Malignant	Malignant	YIF1A	0.6	99.3	0
8	Malignant cells	Malignant	Malignant	AHCY	0.6	98.5	0
8	Malignant cells	Malignant	Malignant	PHLDA2	0.6	95.2	0
8	Malignant cells	Malignant	Malignant	UCHL1	0.6	80.4	0
8	Malignant cells	Malignant	Malignant	DNPH1	0.6	99.4	0
8	Malignant cells	Malignant	Malignant	PTGR1	0.6	93.6	0
8	Malignant cells	Malignant	Malignant	HTATIP2	0.6	99.0	0
8	Malignant cells	Malignant	Malignant	EBPL	0.59	99.3	0
8	Malignant cells	Malignant	Malignant	HMGA1	0.59	98.7	0
8	Malignant cells	Malignant	Malignant	TCEA1	0.59	99.8	0
8	Malignant cells	Malignant	Malignant	TM4SF4	0.59	99.1	0
8	Malignant cells	Malignant	Malignant	TMEM106C	0.59	98.1	0
8	Malignant cells	Malignant	Malignant	MARCKSL1	0.59	99.1	0
8	Malignant cells	Malignant	Malignant	CKS1B	0.59	95.6	0
8	Malignant cells	Malignant	Malignant	LRG1	0.58	97.1	0
8	Malignant cells	Malignant	Malignant	TMEM205	0.58	99.4	0
8	Malignant cells	Malignant	Malignant	SLC22A18	0.58	98.6	0
8	Malignant cells	Malignant	Malignant	QPRT	0.58	98.8	0
8	Malignant cells	Malignant	Malignant	CALD1	0.58	99.5	0
8	Malignant cells	Malignant	Malignant	NGFRAP1	0.58	98.8	0
8	Malignant cells	Malignant	Malignant	HACD3	0.58	98.3	0
8	Malignant cells	Malignant	Malignant	POLR2H	0.57	99.1	0
8	Malignant cells	Malignant	Malignant	RB1CC1	0.57	99.4	0
8	Malignant cells	Malignant	Malignant	FXYD2	0.57	98.5	0
8	Malignant cells	Malignant	Malignant	SCCPDH	0.57	99.2	0
8	Malignant cells	Malignant	Malignant	ASGR2	0.57	98.8	0
8	Malignant cells	Malignant	Malignant	TMEM176B	0.57	99.5	0
8	Malignant cells	Malignant	Malignant	SLC39A4	0.56	99.0	0
8	Malignant cells	Malignant	Malignant	PAICS	0.56	99.3	0
8	Malignant cells	Malignant	Malignant	TSPAN6	0.56	98.1	0
8	Malignant cells	Malignant	Malignant	S100A13	0.56	98.3	0
8	Malignant cells	Malignant	Malignant	RDX	0.56	99.4	0
8	Malignant cells	Malignant	Malignant	COPS5	0.56	99.4	0
8	Malignant cells	Malignant	Malignant	SNCG	0.56	90.6	0
8	Malignant cells	Malignant	Malignant	LSM4	0.56	99.5	0
8	Malignant cells	Malignant	Malignant	SERPING1	0.56	98.8	0
8	Malignant cells	Malignant	Malignant	MRPS15	0.55	99.1	0
8	Malignant cells	Malignant	Malignant	GPX3	0.55	97.8	0
8	Malignant cells	Malignant	Malignant	SCGN	0.55	85.1	0
8	Malignant cells	Malignant	Malignant	HPX	0.55	98.6	0
8	Malignant cells	Malignant	Malignant	SHMT2	0.55	98.7	0
8	Malignant cells	Malignant	Malignant	RNF5	0.54	98.9	0
8	Malignant cells	Malignant	Malignant	PCBD1	0.54	99.2	0
8	Malignant cells	Malignant	Malignant	KNG1	0.54	97.4	0
8	Malignant cells	Malignant	Malignant	TRIB3	0.53	95.1	0
8	Malignant cells	Malignant	Malignant	COX5A	0.53	99.8	0
8	Malignant cells	Malignant	Malignant	SLPI	0.53	90.6	0
8	Malignant cells	Malignant	Malignant	GOT1	0.53	96.6	0
8	Malignant cells	Malignant	Malignant	MTHFD2L	0.52	97.9	0
8	Malignant cells	Malignant	Malignant	MTCH2	0.52	99.0	0
8	Malignant cells	Malignant	Malignant	TMEM14B	0.52	99.0	0
8	Malignant cells	Malignant	Malignant	CES1	0.52	96.6	0
8	Malignant cells	Malignant	Malignant	TDO2	0.52	92.1	0
8	Malignant cells	Malignant	Malignant	ADI1	0.52	98.6	0
8	Malignant cells	Malignant	Malignant	TATDN1	0.52	98.9	0
8	Malignant cells	Malignant	Malignant	CSTA	0.51	98.0	0
8	Malignant cells	Malignant	Malignant	SRM	0.51	98.2	0
8	Malignant cells	Malignant	Malignant	TMEM14A	0.51	97.4	0
8	Malignant cells	Malignant	Malignant	PRAME	0.51	96.2	0
8	Malignant cells	Malignant	Malignant	MTTP	0.51	96.8	0
8	Malignant cells	Malignant	Malignant	DSP	0.5	97.2	0
8	Malignant cells	Malignant	Malignant	SELM	0.5	98.4	0
8	Malignant cells	Malignant	Malignant	COA3	0.5	98.9	0
8	Malignant cells	Malignant	Malignant	ACAT1	0.5	98.8	0
8	Malignant cells	Malignant	Malignant	NELFE	0.5	99.0	0
8	Malignant cells	Malignant	Malignant	ZFAND1	0.5	98.7	0
8	Malignant cells	Malignant	Malignant	PSAT1	0.5	94.8	0
8	Malignant cells	Malignant	Malignant	PPA1	0.5	99.4	0
8	Malignant cells	Malignant	Malignant	NUPR1	0.5	99.4	0
8	Malignant cells	Malignant	Malignant	ARPC1A	0.5	98.8	0
8	Malignant cells	Malignant	Malignant	C20orf24	0.5	99.3	0
8	Malignant cells	Malignant	Malignant	PAH	0.49	95.8	0
8	Malignant cells	Malignant	Malignant	HSBP1L1	0.49	96.9	0
8	Malignant cells	Malignant	Malignant	CCDC34	0.49	93.0	0
8	Malignant cells	Malignant	Malignant	AK6	0.49	99.2	0
8	Malignant cells	Malignant	Malignant	COA4	0.49	98.8	0
8	Malignant cells	Malignant	Malignant	MKKS	0.49	98.7	0
8	Malignant cells	Malignant	Malignant	ISOC2	0.49	98.1	0
8	Malignant cells	Malignant	Malignant	CFI	0.49	98.2	0
8	Malignant cells	Malignant	Malignant	TNFRSF12A	0.49	91.9	0
8	Malignant cells	Malignant	Malignant	PERP	0.49	98.2	0
8	Malignant cells	Malignant	Malignant	GMNN	0.48	96.9	0
8	Malignant cells	Malignant	Malignant	SERPINA6	0.48	96.2	0
8	Malignant cells	Malignant	Malignant	ANG	0.48	95.8	0
8	Malignant cells	Malignant	Malignant	GLRX5	0.48	99.1	0
8	Malignant cells	Malignant	Malignant	PIR	0.48	96.3	0
8	Malignant cells	Malignant	Malignant	TM4SF1	0.47	88.6	0
8	Malignant cells	Malignant	Malignant	AIMP1	0.47	99.4	0
8	Malignant cells	Malignant	Malignant	RASGRP2	0.47	94.5	0
8	Malignant cells	Malignant	Malignant	ACOT13	0.47	98.9	0
8	Malignant cells	Malignant	Malignant	BIRC5	0.47	71.5	0
8	Malignant cells	Malignant	Malignant	SQLE	0.47	95.7	0
8	Malignant cells	Malignant	Malignant	SMARCA1	0.47	97.4	0
8	Malignant cells	Malignant	Malignant	SIGMAR1	0.46	96.3	0
8	Malignant cells	Malignant	Malignant	NR1H4	0.46	95.2	0
8	Malignant cells	Malignant	Malignant	DUSP9	0.46	90.1	0
8	Malignant cells	Malignant	Malignant	VARS	0.46	97.2	0
8	Malignant cells	Malignant	Malignant	C1QBP	0.46	98.9	0
8	Malignant cells	Malignant	Malignant	ACOX2	0.46	88.3	0
8	Malignant cells	Malignant	Malignant	FADS1	0.46	90.6	0
8	Malignant cells	Malignant	Malignant	CMTM8	0.45	97.0	0
8	Malignant cells	Malignant	Malignant	PROS1	0.45	97.0	0
8	Malignant cells	Malignant	Malignant	NUDCD2	0.45	98.9	0
8	Malignant cells	Malignant	Malignant	DCUN1D5	0.45	98.2	0
8	Malignant cells	Malignant	Malignant	EXOSC4	0.45	97.8	0
8	Malignant cells	Malignant	Malignant	LAGE3	0.45	98.2	0
8	Malignant cells	Malignant	Malignant	WDR72	0.45	98.1	0
8	Malignant cells	Malignant	Malignant	NID1	0.45	90.3	0
8	Malignant cells	Malignant	Malignant	ATAD2	0.44	94.0	0
8	Malignant cells	Malignant	Malignant	NDUFAF2	0.44	97.8	0
8	Malignant cells	Malignant	Malignant	STARD10	0.44	97.4	0
8	Malignant cells	Malignant	Malignant	HPGD	0.44	91.4	0
8	Malignant cells	Malignant	Malignant	CFB	0.44	98.8	0
8	Malignant cells	Malignant	Malignant	ASPM	0.44	80.2	0
8	Malignant cells	Malignant	Malignant	KPNA2	0.43	93.7	0
8	Malignant cells	Malignant	Malignant	KYNU	0.43	96.4	0
8	Malignant cells	Malignant	Malignant	SLC51B	0.43	88.0	0
8	Malignant cells	Malignant	Malignant	PEG10	0.43	89.1	0
8	Malignant cells	Malignant	Malignant	EBNA1BP2	0.43	95.4	0
8	Malignant cells	Malignant	Malignant	FKBP10	0.43	97.4	0
8	Malignant cells	Malignant	Malignant	STRA13	0.42	94.6	0
8	Malignant cells	Malignant	Malignant	MRPS28	0.42	98.0	0
8	Malignant cells	Malignant	Malignant	PPP1R1A	0.42	93.1	0
8	Malignant cells	Malignant	Malignant	BOP1	0.42	95.9	0
8	Malignant cells	Malignant	Malignant	MAGEF1	0.42	97.4	0
8	Malignant cells	Malignant	Malignant	SEC11C	0.42	99.0	0
8	Malignant cells	Malignant	Malignant	UBE2T	0.42	83.6	0
8	Malignant cells	Malignant	Malignant	TST	0.42	94.8	0
8	Malignant cells	Malignant	Malignant	XPOT	0.42	98.2	0
8	Malignant cells	Malignant	Malignant	AK4	0.42	97.2	0
8	Malignant cells	Malignant	Malignant	MMAB	0.42	96.2	0
8	Malignant cells	Malignant	Malignant	PLG	0.42	97.0	0
8	Malignant cells	Malignant	Malignant	CNIH4	0.42	98.7	0
8	Malignant cells	Malignant	Malignant	AGMO	0.41	94.7	0
8	Malignant cells	Malignant	Malignant	MRPS23	0.41	97.7	0
8	Malignant cells	Malignant	Malignant	NDN	0.41	95.8	0
8	Malignant cells	Malignant	Malignant	PPIC	0.41	97.0	0
8	Malignant cells	Malignant	Malignant	LGR4	0.41	96.3	0
8	Malignant cells	Malignant	Malignant	NIFK	0.41	98.5	0
8	Malignant cells	Malignant	Malignant	RP11-525A16.4	0.41	89.0	0
8	Malignant cells	Malignant	Malignant	CLDN3	0.41	91.6	0
8	Malignant cells	Malignant	Malignant	TMEM5	0.4	95.6	0
8	Malignant cells	Malignant	Malignant	ECE2	0.4	94.2	0
8	Malignant cells	Malignant	Malignant	TPD52	0.4	98.2	0
8	Malignant cells	Malignant	Malignant	NNMT	0.4	79.5	0
8	Malignant cells	Malignant	Malignant	SLC43A1	0.4	95.8	0
8	Malignant cells	Malignant	Malignant	GGCT	0.4	95.8	0
8	Malignant cells	Malignant	Malignant	SNRPA1	0.4	97.1	0
8	Malignant cells	Malignant	Malignant	CISD1	0.4	98.0	0
8	Malignant cells	Malignant	Malignant	B9D1	0.4	93.5	0
8	Malignant cells	Malignant	Malignant	UCHL3	0.39	96.8	0
8	Malignant cells	Malignant	Malignant	A1CF	0.39	95.8	0
8	Malignant cells	Malignant	Malignant	SLC25A13	0.39	97.3	0
8	Malignant cells	Malignant	Malignant	NR2F6	0.39	94.6	0
8	Malignant cells	Malignant	Malignant	AADAC	0.39	92.7	0
8	Malignant cells	Malignant	Malignant	PLA2G16	0.39	98.1	0
8	Malignant cells	Malignant	Malignant	FASN	0.39	93.8	0
8	Malignant cells	Malignant	Malignant	CMSS1	0.39	95.3	0
8	Malignant cells	Malignant	Malignant	MRPL27	0.39	98.4	0
8	Malignant cells	Malignant	Malignant	RAB3C	0.39	76.8	0
8	Malignant cells	Malignant	Malignant	PTRH2	0.39	97.7	0
8	Malignant cells	Malignant	Malignant	CAMK2N1	0.39	98.0	0
8	Malignant cells	Malignant	Malignant	HGF	0.39	92.1	0
8	Malignant cells	Malignant	Malignant	HSPA4L	0.38	93.4	0
8	Malignant cells	Malignant	Malignant	AC005355.2	0.38	80.7	0
8	Malignant cells	Malignant	Malignant	CPB2	0.38	96.1	0
8	Malignant cells	Malignant	Malignant	NET1	0.38	95.1	0
8	Malignant cells	Malignant	Malignant	GNPNAT1	0.38	95.0	0
8	Malignant cells	Malignant	Malignant	CDK4	0.38	96.6	0
8	Malignant cells	Malignant	Malignant	CRYZ	0.38	97.2	0
8	Malignant cells	Malignant	Malignant	CKAP4	0.38	94.6	0
8	Malignant cells	Malignant	Malignant	PGRMC1	0.38	97.3	0
8	Malignant cells	Malignant	Malignant	COMTD1	0.38	95.2	0
8	Malignant cells	Malignant	Malignant	E2F5	0.38	91.9	0
8	Malignant cells	Malignant	Malignant	MTFR1	0.38	94.7	0
8	Malignant cells	Malignant	Malignant	MINA	0.38	95.4	0
8	Malignant cells	Malignant	Malignant	C14orf1	0.38	96.1	0
8	Malignant cells	Malignant	Malignant	APOA1BP	0.38	97.1	0
8	Malignant cells	Malignant	Malignant	KRT19	0.38	91.0	0
8	Malignant cells	Malignant	Malignant	PPP1R16A	0.38	96.2	0
8	Malignant cells	Malignant	Malignant	GARS	0.37	96.1	0
8	Malignant cells	Malignant	Malignant	S100A16	0.37	92.6	0
8	Malignant cells	Malignant	Malignant	CCDC58	0.37	95.4	0
8	Malignant cells	Malignant	Malignant	C4BPB	0.37	91.5	0
8	Malignant cells	Malignant	Malignant	RNASEH2A	0.37	90.2	0
8	Malignant cells	Malignant	Malignant	CCNB1IP1	0.37	95.4	0
8	Malignant cells	Malignant	Malignant	MAD2L1	0.37	78.4	0
8	Malignant cells	Malignant	Malignant	LRRC28	0.37	94.9	0
8	Malignant cells	Malignant	Malignant	ASRGL1	0.37	91.7	0
8	Malignant cells	Malignant	Malignant	RP11-14N7.2	0.37	93.4	0
8	Malignant cells	Malignant	Malignant	AIMP2	0.37	93.7	0
8	Malignant cells	Malignant	Malignant	MRPL37	0.36	97.0	0
8	Malignant cells	Malignant	Malignant	TSPAN12	0.36	93.7	0
8	Malignant cells	Malignant	Malignant	MGAT4B	0.36	94.8	0
8	Malignant cells	Malignant	Malignant	SDC1	0.36	94.0	0
8	Malignant cells	Malignant	Malignant	NAT8	0.36	89.0	0
8	Malignant cells	Malignant	Malignant	GAMT	0.36	91.0	0
8	Malignant cells	Malignant	Malignant	RRS1	0.36	93.8	0
8	Malignant cells	Malignant	Malignant	NPM3	0.36	93.4	0
8	Malignant cells	Malignant	Malignant	ENAH	0.36	93.6	0
8	Malignant cells	Malignant	Malignant	CD320	0.36	95.8	0
8	Malignant cells	Malignant	Malignant	BZW2	0.36	97.2	0
8	Malignant cells	Malignant	Malignant	ALG8	0.36	94.6	0
8	Malignant cells	Malignant	Malignant	IFRD2	0.36	94.2	0
8	Malignant cells	Malignant	Malignant	HRSP12	0.35	94.2	0
8	Malignant cells	Malignant	Malignant	MT1A	0.35	85.0	0
8	Malignant cells	Malignant	Malignant	CFL2	0.35	97.0	0
8	Malignant cells	Malignant	Malignant	HGD	0.35	92.3	0
8	Malignant cells	Malignant	Malignant	C19orf48	0.35	92.6	0
8	Malignant cells	Malignant	Malignant	CLGN	0.34	85.8	0
8	Malignant cells	Malignant	Malignant	VSNL1	0.34	91.8	0
8	Malignant cells	Malignant	Malignant	RP11-297L17.2	0.34	91.8	0
8	Malignant cells	Malignant	Malignant	MRPS35	0.34	97.5	0
8	Malignant cells	Malignant	Malignant	NIPSNAP1	0.34	95.0	0
8	Malignant cells	Malignant	Malignant	RMDN1	0.34	96.9	0
8	Malignant cells	Malignant	Malignant	ADSL	0.34	95.7	0
8	Malignant cells	Malignant	Malignant	MEST	0.34	94.3	0
8	Malignant cells	Malignant	Malignant	PAWR	0.33	93.6	0
8	Malignant cells	Malignant	Malignant	TINAG	0.33	88.7	0
8	Malignant cells	Malignant	Malignant	SLC38A3	0.33	90.1	0
8	Malignant cells	Malignant	Malignant	SNTB1	0.33	94.6	0
8	Malignant cells	Malignant	Malignant	FN1	0.33	97.4	0
8	Malignant cells	Malignant	Malignant	PYCR1	0.33	90.2	0
8	Malignant cells	Malignant	Malignant	MASP1	0.33	91.3	0
8	Malignant cells	Malignant	Malignant	GOLT1A	0.33	93.8	0
8	Malignant cells	Malignant	Malignant	IGF2BP2	0.33	93.6	0
8	Malignant cells	Malignant	Malignant	FAM213A	0.33	96.7	0
8	Malignant cells	Malignant	Malignant	CDH2	0.33	93.7	0
8	Malignant cells	Malignant	Malignant	SULT1C2	0.33	90.6	0
8	Malignant cells	Malignant	Malignant	ASS1	0.33	90.7	0
8	Malignant cells	Malignant	Malignant	SLC25A18	0.33	89.0	0
8	Malignant cells	Malignant	Malignant	TFR2	0.33	94.6	0
8	Malignant cells	Malignant	Malignant	MRPL3	0.32	97.2	0
8	Malignant cells	Malignant	Malignant	HOOK1	0.32	94.2	0
8	Malignant cells	Malignant	Malignant	PBK	0.32	61.3	0
8	Malignant cells	Malignant	Malignant	SPTBN1	0.32	97.7	0
8	Malignant cells	Malignant	Malignant	CYP2B6	0.32	90.2	0
8	Malignant cells	Malignant	Malignant	POP7	0.32	94.2	0
8	Malignant cells	Malignant	Malignant	PRODH2	0.32	89.4	0
8	Malignant cells	Malignant	Malignant	NR2F1	0.32	89.3	0
8	Malignant cells	Malignant	Malignant	SLC50A1	0.32	94.9	0
8	Malignant cells	Malignant	Malignant	CNN3	0.32	93.8	0
8	Malignant cells	Malignant	Malignant	CENPW	0.31	81.8	0
8	Malignant cells	Malignant	Malignant	CDC42EP1	0.31	91.0	0
8	Malignant cells	Malignant	Malignant	SLC39A5	0.31	90.2	0
8	Malignant cells	Malignant	Malignant	PAQR9	0.31	89.0	0
8	Malignant cells	Malignant	Malignant	SRPRB	0.31	96.2	0
8	Malignant cells	Malignant	Malignant	TRIM55	0.31	79.8	0
8	Malignant cells	Malignant	Malignant	SYNE4	0.31	89.1	0
8	Malignant cells	Malignant	Malignant	ASL	0.31	96.1	0
8	Malignant cells	Malignant	Malignant	UGT2B11	0.31	84.6	0
8	Malignant cells	Malignant	Malignant	PCK2	0.31	91.0	0
8	Malignant cells	Malignant	Malignant	PRG4	0.3	87.7	0
8	Malignant cells	Malignant	Malignant	TLCD1	0.3	85.8	0
8	Malignant cells	Malignant	Malignant	SFN	0.3	77.8	0
8	Malignant cells	Malignant	Malignant	COL5A2	0.3	90.4	0
8	Malignant cells	Malignant	Malignant	CSE1L	0.3	93.9	0
8	Malignant cells	Malignant	Malignant	TRIP13	0.3	77.8	0
8	Malignant cells	Malignant	Malignant	TUSC1	0.3	91.9	0
8	Malignant cells	Malignant	Malignant	TCEA3	0.3	90.9	0
8	Malignant cells	Malignant	Malignant	C1S	0.3	91.0	0
8	Malignant cells	Malignant	Malignant	PON1	0.3	82.8	0
8	Malignant cells	Malignant	Malignant	DKC1	0.3	93.5	0
8	Malignant cells	Malignant	Malignant	PDLIM1	0.3	92.1	0
8	Malignant cells	Malignant	Malignant	CFHR1	0.3	89.1	0
8	Malignant cells	Malignant	Malignant	ACTR6	0.3	97.0	0
8	Malignant cells	Malignant	Malignant	DNAJC22	0.29	90.3	0
8	Malignant cells	Malignant	Malignant	HYAL1	0.29	89.0	0
8	Malignant cells	Malignant	Malignant	TMEM45B	0.29	91.1	0
8	Malignant cells	Malignant	Malignant	ACSS3	0.29	89.4	0
8	Malignant cells	Malignant	Malignant	OLFM2	0.29	89.7	0
8	Malignant cells	Malignant	Malignant	PLS3	0.29	94.2	0
8	Malignant cells	Malignant	Malignant	NOP16	0.29	90.0	0
8	Malignant cells	Malignant	Malignant	MCM7	0.29	84.6	0
8	Malignant cells	Malignant	Malignant	PAK1IP1	0.29	93.0	0
8	Malignant cells	Malignant	Malignant	RFC4	0.29	84.7	0
8	Malignant cells	Malignant	Malignant	PROX1	0.29	90.6	0
8	Malignant cells	Malignant	Malignant	NUP37	0.29	93.2	0
8	Malignant cells	Malignant	Malignant	PLOD2	0.29	95.6	0
8	Malignant cells	Malignant	Malignant	KRT23	0.28	75.3	0
8	Malignant cells	Malignant	Malignant	GLYCTK	0.28	88.4	0
8	Malignant cells	Malignant	Malignant	TM7SF2	0.28	86.8	0
8	Malignant cells	Malignant	Malignant	PTPRF	0.28	94.1	0
8	Malignant cells	Malignant	Malignant	CDCA7	0.28	86.2	0
8	Malignant cells	Malignant	Malignant	MAGEA4	0.28	81.2	0
8	Malignant cells	Malignant	Malignant	SERPIND1	0.28	92.6	0
8	Malignant cells	Malignant	Malignant	DHCR7	0.28	87.0	0
8	Malignant cells	Malignant	Malignant	TRPM4	0.28	92.1	0
8	Malignant cells	Malignant	Malignant	BHMT2	0.28	88.5	0
8	Malignant cells	Malignant	Malignant	PAFAH1B3	0.28	93.8	0
8	Malignant cells	Malignant	Malignant	PNO1	0.28	93.1	0
8	Malignant cells	Malignant	Malignant	GSTA4	0.28	92.2	0
8	Malignant cells	Malignant	Malignant	C5	0.28	90.3	0
8	Malignant cells	Malignant	Malignant	NREP	0.28	90.9	0
8	Malignant cells	Malignant	Malignant	SLCO1B1	0.27	81.0	0
8	Malignant cells	Malignant	Malignant	CGREF1	0.27	88.5	0
8	Malignant cells	Malignant	Malignant	C7orf55	0.27	94.5	0
8	Malignant cells	Malignant	Malignant	ERBB3	0.27	94.8	0
8	Malignant cells	Malignant	Malignant	PLCB1	0.27	93.4	0
8	Malignant cells	Malignant	Malignant	ALDH3A2	0.27	93.6	0
8	Malignant cells	Malignant	Malignant	DIMT1	0.27	91.9	0
8	Malignant cells	Malignant	Malignant	YDJC	0.27	92.9	0
8	Malignant cells	Malignant	Malignant	FOXA3	0.27	86.6	0
8	Malignant cells	Malignant	Malignant	POLD2	0.27	91.8	0
8	Malignant cells	Malignant	Malignant	CRNDE	0.27	84.1	0
8	Malignant cells	Malignant	Malignant	GJB1	0.27	88.5	0
8	Malignant cells	Malignant	Malignant	SERINC2	0.27	90.8	0
8	Malignant cells	Malignant	Malignant	FAH	0.27	90.5	0
8	Malignant cells	Malignant	Malignant	OCLN	0.27	90.9	0
8	Malignant cells	Malignant	Malignant	METTL7B	0.27	85.4	0
8	Malignant cells	Malignant	Malignant	HLTF	0.27	91.8	0
8	Malignant cells	Malignant	Malignant	SULT1C4	0.27	88.2	0
8	Malignant cells	Malignant	Malignant	CLDN7	0.26	88.4	0
8	Malignant cells	Malignant	Malignant	EBAG9	0.26	95.2	0
8	Malignant cells	Malignant	Malignant	C12orf75	0.26	95.4	0
8	Malignant cells	Malignant	Malignant	KIF21A	0.26	92.1	0
8	Malignant cells	Malignant	Malignant	SLC39A14	0.26	91.0	0
8	Malignant cells	Malignant	Malignant	SLC38A4	0.26	87.9	0
8	Malignant cells	Malignant	Malignant	RP11-469A15.2	0.26	88.2	0
8	Malignant cells	Malignant	Malignant	CDKN2AIPNL	0.26	91.4	0
8	Malignant cells	Malignant	Malignant	SLC27A2	0.26	84.0	0
8	Malignant cells	Malignant	Malignant	PFN2	0.26	84.6	0
8	Malignant cells	Malignant	Malignant	IGF2BP3	0.26	87.1	0
8	Malignant cells	Malignant	Malignant	ONECUT2	0.26	87.4	0
8	Malignant cells	Malignant	Malignant	C2orf82	0.26	80.0	0
8	Malignant cells	Malignant	Malignant	MFSD3	0.25	88.1	0
8	Malignant cells	Malignant	Malignant	BAG2	0.25	88.8	0
8	Malignant cells	Malignant	Malignant	FAM60A	0.25	93.9	0
8	Malignant cells	Malignant	Malignant	HABP2	0.25	85.7	0
8	Malignant cells	Malignant	Malignant	GULP1	0.25	87.4	0
8	Malignant cells	Malignant	Malignant	CD151	0.5	99.0	1.03e-306
8	Malignant cells	Malignant	Malignant	MRPL14	0.46	99.0	3.3e-306
8	Malignant cells	Malignant	Malignant	HMGCS1	0.46	91.9	1.64e-305
8	Malignant cells	Malignant	Malignant	ALDH2	0.25	93.7	1.1e-304
8	Malignant cells	Malignant	Malignant	SPHK1	0.32	84.3	1.21e-302
8	Malignant cells	Malignant	Malignant	SNRPN	0.3	97.8	5.44e-302
8	Malignant cells	Malignant	Malignant	H1F0	0.35	93.8	3.91e-301
8	Malignant cells	Malignant	Malignant	MSRB2	0.39	98.6	6.44e-301
8	Malignant cells	Malignant	Malignant	RSL24D1	0.59	99.7	9.7e-301
8	Malignant cells	Malignant	Malignant	APOC3	0.53	93.0	4.58e-300
8	Malignant cells	Malignant	Malignant	TUBB	0.81	99.8	5.72e-299
8	Malignant cells	Malignant	Malignant	FOS	-2.18	89.5	1.28e-296
8	Malignant cells	Malignant	Malignant	DEFB1	0.67	78.0	1.9e-290
8	Malignant cells	Malignant	Malignant	ESD	0.49	99.4	1.67e-289
8	Malignant cells	Malignant	Malignant	ID1	0.48	83.1	2.45e-287
8	Malignant cells	Malignant	Malignant	C8G	0.29	74.5	4.27e-287
8	Malignant cells	Malignant	Malignant	RPA3	0.38	98.2	6.31e-286
8	Malignant cells	Malignant	Malignant	RABGGTB	0.42	99.0	5.16e-285
8	Malignant cells	Malignant	Malignant	MRPS33	0.29	98.1	5.45e-285
8	Malignant cells	Malignant	Malignant	ANGPTL8	0.34	95.6	6.39e-284
8	Malignant cells	Malignant	Malignant	PEBP1	0.55	99.8	1.39e-283
8	Malignant cells	Malignant	Malignant	HIST1H2AC	0.29	95.5	1.13e-281
8	Malignant cells	Malignant	Malignant	ECHS1	0.42	99.0	1.12e-280
8	Malignant cells	Malignant	Malignant	TYMS	0.38	74.4	1.15e-280
8	Malignant cells	Malignant	Malignant	DECR1	0.41	98.7	3.35e-279
8	Malignant cells	Malignant	Malignant	TXN	0.54	99.5	5.25e-278
8	Malignant cells	Malignant	Malignant	DRD4	0.45	79.1	2.07e-275
8	Malignant cells	Malignant	Malignant	DUSP1	-1.88	79.8	1.02e-273
8	Malignant cells	Malignant	Malignant	PHYH	0.26	94.5	1.77e-273
8	Malignant cells	Malignant	Malignant	CDKN3	0.33	72.0	5.27e-273
8	Malignant cells	Malignant	Malignant	TMEM141	0.47	97.6	3.71e-272
8	Malignant cells	Malignant	Malignant	MSMO1	0.28	86.3	1.38e-270
8	Malignant cells	Malignant	Malignant	EEF1B2	0.54	100.0	5.54e-270
8	Malignant cells	Malignant	Malignant	C8orf59	0.49	99.4	8.24e-270
8	Malignant cells	Malignant	Malignant	EPB41L4A-AS1	0.28	94.3	8.92e-269
8	Malignant cells	Malignant	Malignant	PGAM2	0.26	72.2	2.5e-267
8	Malignant cells	Malignant	Malignant	HIST1H4C	0.62	91.0	1.54e-266
8	Malignant cells	Malignant	Malignant	AHSG	0.42	99.0	9.38e-266
8	Malignant cells	Malignant	Malignant	HMMR	0.31	64.1	6.34e-265
8	Malignant cells	Malignant	Malignant	FXYD1	0.36	90.8	5.23e-264
8	Malignant cells	Malignant	Malignant	SMC4	0.26	90.6	7.91e-264
8	Malignant cells	Malignant	Malignant	SEC61G	0.52	100.0	6.45e-262
8	Malignant cells	Malignant	Malignant	NDUFB5	0.44	99.4	7.85e-262
8	Malignant cells	Malignant	Malignant	IDH1	0.38	98.8	4.6e-260
8	Malignant cells	Malignant	Malignant	GSTA1	0.41	61.9	2.46e-259
8	Malignant cells	Malignant	Malignant	S100A6	-2.03	47.0	3.19e-259
8	Malignant cells	Malignant	Malignant	UBE2C	0.63	68.4	7.87e-259
8	Malignant cells	Malignant	Malignant	IGF2	0.39	95.1	5e-258
8	Malignant cells	Malignant	Malignant	MPC1	0.36	98.0	3.95e-257
8	Malignant cells	Malignant	Malignant	G6PD	0.28	82.8	1.07e-256
8	Malignant cells	Malignant	Malignant	C6orf48	0.45	99.0	3.85e-254
8	Malignant cells	Malignant	Malignant	SDF2L1	0.43	98.7	1.31e-250
8	Malignant cells	Malignant	Malignant	PTTG1	0.54	84.9	1.53e-250
8	Malignant cells	Malignant	Malignant	ECT2	0.31	69.5	2.09e-250
8	Malignant cells	Malignant	Malignant	NUDC	0.43	99.3	2.16e-250
8	Malignant cells	Malignant	Malignant	ACSL4	0.39	98.0	3.28e-246
8	Malignant cells	Malignant	Malignant	COX7B	0.48	99.7	1.31e-245
8	Malignant cells	Malignant	Malignant	HRG	0.42	83.6	8.07e-238
8	Malignant cells	Malignant	Malignant	S100A9	0.29	98.9	3.35e-234
8	Malignant cells	Malignant	Malignant	CDC20	0.31	60.8	6.88e-234
8	Malignant cells	Malignant	Malignant	NUSAP1	0.3	74.5	2.34e-232
8	Malignant cells	Malignant	Malignant	TRAM1	0.47	99.9	3.9e-231
8	Malignant cells	Malignant	Malignant	TUBA1C	0.52	97.6	9.36e-231
8	Malignant cells	Malignant	Malignant	MANF	0.4	98.2	1.78e-227
8	Malignant cells	Malignant	Malignant	MGST2	0.36	99.3	4.03e-225
8	Malignant cells	Malignant	Malignant	GSTP1	-1.2	39.4	1.56e-223
8	Malignant cells	Malignant	Malignant	KIAA0101	0.44	70.2	2.19e-222
8	Malignant cells	Malignant	Malignant	RRM2	0.27	59.7	1.3e-220
8	Malignant cells	Malignant	Malignant	BPIFA2	0.4	65.0	3.02e-218
8	Malignant cells	Malignant	Malignant	IDI1	0.35	96.6	2.34e-213
8	Malignant cells	Malignant	Malignant	PDIA4	0.31	98.6	2.23e-208
8	Malignant cells	Malignant	Malignant	TPX2	0.27	64.4	4.02e-198
8	Malignant cells	Malignant	Malignant	CDK1	0.35	68.6	4.1e-198
8	Malignant cells	Malignant	Malignant	CKS2	0.34	97.4	3.91e-197
8	Malignant cells	Malignant	Malignant	LST1	-1.07	39.2	3.41e-190
8	Malignant cells	Malignant	Malignant	CRISP3	0.33	54.4	9.27e-188
8	Malignant cells	Malignant	Malignant	HP	0.26	67.1	1.2e-185
8	Malignant cells	Malignant	Malignant	AIF1	-1.75	50.2	2.81e-182
8	Malignant cells	Malignant	Malignant	TOP2A	0.37	65.7	3.63e-181
8	Malignant cells	Malignant	Malignant	TYROBP	-2.01	64.2	7.15e-178
8	Malignant cells	Malignant	Malignant	TESC	0.31	80.4	7.28e-178
8	Malignant cells	Malignant	Malignant	PRDX3	0.3	99.0	8.24e-178
8	Malignant cells	Malignant	Malignant	DUT	0.3	91.2	1.61e-175
8	Malignant cells	Malignant	Malignant	LGALS3	-1.49	45.8	8.55e-173
8	Malignant cells	Malignant	Malignant	FCER1G	-1.74	56.0	4.73e-170
8	Malignant cells	Malignant	Malignant	UBE2S	0.27	93.2	7.49e-167
8	Malignant cells	Malignant	Malignant	ZFAS1	0.57	99.9	1.76e-166
8	Malignant cells	Malignant	Malignant	HLA-DPA1	-1.76	51.0	1.1e-165
8	Malignant cells	Malignant	Malignant	LY96	-0.79	37.2	5e-156
8	Malignant cells	Malignant	Malignant	HLA-DPB1	-1.68	48.6	5.04e-156
8	Malignant cells	Malignant	Malignant	PLEK	-0.97	39.8	1.09e-155
8	Malignant cells	Malignant	Malignant	HLA-DQB1	-1.58	60.3	1.62e-151
8	Malignant cells	Malignant	Malignant	FGL2	-1.01	37.1	2.05e-149
8	Malignant cells	Malignant	Malignant	ACTG1	-0.82	99.8	1.25e-147
8	Malignant cells	Malignant	Malignant	HLA-DRB1	-2.16	89.1	4.43e-146
8	Malignant cells	Malignant	Malignant	MS4A6A	-1.27	41.8	4.93e-146
8	Malignant cells	Malignant	Malignant	APOC1	0.3	100.0	5.35e-146
8	Malignant cells	Malignant	Malignant	MS4A7	-1.08	39.4	3.25e-144
8	Malignant cells	Malignant	Malignant	SNHG8	0.27	98.8	9.38e-142
8	Malignant cells	Malignant	Malignant	C1orf162	-0.75	37.7	2.79e-140
8	Malignant cells	Malignant	Malignant	KCTD12	-0.78	34.8	1.15e-136
8	Malignant cells	Malignant	Malignant	HLA-DRA	-2.36	82.3	3.27e-134
8	Malignant cells	Malignant	Malignant	CYBB	-1.0	37.6	2.4e-132
8	Malignant cells	Malignant	Malignant	SPI1	-0.62	34.9	5.14e-131
8	Malignant cells	Malignant	Malignant	MSR1	-0.81	34.5	4.14e-126
8	Malignant cells	Malignant	Malignant	FCGR2A	-0.78	36.9	5.19e-126
8	Malignant cells	Malignant	Malignant	HLA-DQA1	-1.41	43.6	8e-126
8	Malignant cells	Malignant	Malignant	MRC1	-0.8	33.3	2.25e-123
8	Malignant cells	Malignant	Malignant	APOE	0.32	100.0	9.56e-120
8	Malignant cells	Malignant	Malignant	MAFB	-0.94	42.2	1.04e-118
8	Malignant cells	Malignant	Malignant	RNASE6	-0.69	34.4	1.23e-118
8	Malignant cells	Malignant	Malignant	FCGR3A	-0.92	36.5	1.14e-115
8	Malignant cells	Malignant	Malignant	CD86	-0.46	29.5	5.44e-115
8	Malignant cells	Malignant	Malignant	C1orf54	-0.53	29.7	3.04e-113
8	Malignant cells	Malignant	Malignant	SLC2A3	-1.1	36.9	1.07e-112
8	Malignant cells	Malignant	Malignant	FPR3	-0.53	30.2	9.28e-111
8	Malignant cells	Malignant	Malignant	LYZ	-1.83	54.1	2.05e-108
8	Malignant cells	Malignant	Malignant	C1QA	-2.03	62.2	2.33e-108
8	Malignant cells	Malignant	Malignant	ATF3	-1.13	49.8	2.03e-107
8	Malignant cells	Malignant	Malignant	MS4A4A	-0.81	35.6	7.86e-107
8	Malignant cells	Malignant	Malignant	TUBA1B	0.42	99.6	6.01e-106
8	Malignant cells	Malignant	Malignant	PLA2G7	-0.59	31.1	6.79e-106
8	Malignant cells	Malignant	Malignant	CSF1R	-0.61	33.4	1.4e-105
8	Malignant cells	Malignant	Malignant	PTGDS	0.33	72.2	1.16e-103
8	Malignant cells	Malignant	Malignant	SGK1	-1.18	51.2	1.13e-102
8	Malignant cells	Malignant	Malignant	BCL2A1	-0.85	34.8	1.69e-102
8	Malignant cells	Malignant	Malignant	BASP1	-0.56	30.0	1.12e-101
8	Malignant cells	Malignant	Malignant	MNDA	-0.61	29.4	3.22e-97
8	Malignant cells	Malignant	Malignant	C1QC	-1.44	46.6	2.72e-95
8	Malignant cells	Malignant	Malignant	MPEG1	-0.67	34.3	1.3e-94
8	Malignant cells	Malignant	Malignant	C1QB	-2.01	61.4	1.13e-92
8	Malignant cells	Malignant	Malignant	CCL3	-1.81	65.8	9.2e-91
8	Malignant cells	Malignant	Malignant	IL4I1	-0.66	31.1	8.56e-89
8	Malignant cells	Malignant	Malignant	CPVL	-0.6	34.2	2.07e-88
8	Malignant cells	Malignant	Malignant	LGALS1	-1.18	99.4	1.47e-85
8	Malignant cells	Malignant	Malignant	CLEC7A	-0.44	30.5	3.57e-84
8	Malignant cells	Malignant	Malignant	RGCC	-1.16	38.8	6.67e-84
8	Malignant cells	Malignant	Malignant	SPP1	-0.94	99.9	1.54e-83
8	Malignant cells	Malignant	Malignant	TCF4	-0.45	28.5	2.47e-82
8	Malignant cells	Malignant	Malignant	GBP1	-0.45	28.7	5.08e-81
8	Malignant cells	Malignant	Malignant	CD93	-0.49	29.4	1.06e-80
8	Malignant cells	Malignant	Malignant	GPR34	-0.44	28.7	9.07e-78
8	Malignant cells	Malignant	Malignant	TREM2	-0.45	29.1	4.27e-77
8	Malignant cells	Malignant	Malignant	HCK	-0.29	26.5	5.07e-77
8	Malignant cells	Malignant	Malignant	FOLR2	-0.8	34.6	6.96e-76
8	Malignant cells	Malignant	Malignant	MEF2C	-0.59	38.7	1.38e-73
8	Malignant cells	Malignant	Malignant	ADAP2	-0.56	37.4	1.74e-72
8	Malignant cells	Malignant	Malignant	ENTPD1	-0.38	28.6	7.43e-71
8	Malignant cells	Malignant	Malignant	CD83	-1.02	49.5	2.12e-70
8	Malignant cells	Malignant	Malignant	C5AR1	-0.58	35.0	2.41e-70
8	Malignant cells	Malignant	Malignant	TCEAL8	-0.32	25.6	3.95e-70
8	Malignant cells	Malignant	Malignant	CRIP1	-0.84	26.5	1.08e-69
8	Malignant cells	Malignant	Malignant	HAVCR2	-0.39	30.9	7.67e-69
8	Malignant cells	Malignant	Malignant	EPB41L3	-0.33	28.2	1.45e-67
8	Malignant cells	Malignant	Malignant	LTB	-1.78	33.6	1.82e-67
8	Malignant cells	Malignant	Malignant	GPNMB	-1.41	68.2	1.93e-67
8	Malignant cells	Malignant	Malignant	LINC01272	-0.37	26.2	2.21e-66
8	Malignant cells	Malignant	Malignant	F13A1	-0.56	29.1	5.01e-64
8	Malignant cells	Malignant	Malignant	MMP9	-1.0	39.6	2.17e-63
8	Malignant cells	Malignant	Malignant	IL1B	-1.47	47.8	2.56e-63
8	Malignant cells	Malignant	Malignant	PLAUR	-0.7	42.0	2.22e-62
8	Malignant cells	Malignant	Malignant	CD69	-1.57	30.2	2.93e-62
8	Malignant cells	Malignant	Malignant	RNASE1	-1.68	48.2	5.85e-62
8	Malignant cells	Malignant	Malignant	NRP2	-0.38	28.1	7.87e-62
8	Malignant cells	Malignant	Malignant	ALOX5AP	-0.68	27.8	1.6e-59
8	Malignant cells	Malignant	Malignant	PHACTR1	-0.45	28.2	4.41e-58
8	Malignant cells	Malignant	Malignant	VSIG4	-0.32	26.6	1.64e-57
8	Malignant cells	Malignant	Malignant	DNAJA4	-0.71	38.1	1.22e-56
8	Malignant cells	Malignant	Malignant	CD2	-1.29	27.2	1.45e-56
8	Malignant cells	Malignant	Malignant	STAB1	-0.78	46.7	2.66e-56
8	Malignant cells	Malignant	Malignant	ENG	-0.26	26.7	3.38e-56
8	Malignant cells	Malignant	Malignant	PLXDC2	-0.27	26.5	5.11e-55
8	Malignant cells	Malignant	Malignant	BATF	-0.52	26.1	7.3e-55
8	Malignant cells	Malignant	Malignant	CCL5	-1.53	26.8	8.13e-55
8	Malignant cells	Malignant	Malignant	CD36	-0.41	83.3	1.3e-54
8	Malignant cells	Malignant	Malignant	FAM198B	-0.27	26.9	1.88e-51
8	Malignant cells	Malignant	Malignant	TNF	-0.61	28.1	1.47e-50
8	Malignant cells	Malignant	Malignant	CD209	-0.31	26.1	9.88e-50
8	Malignant cells	Malignant	Malignant	GBP4	-0.28	25.6	9.88e-50
8	Malignant cells	Malignant	Malignant	LILRB5	-0.31	27.7	1.27e-49
8	Malignant cells	Malignant	Malignant	WBP5	-0.33	26.5	3.3e-49
8	Malignant cells	Malignant	Malignant	TNFSF10	-0.32	24.9	1.52e-48
8	Malignant cells	Malignant	Malignant	PTGS2	-0.65	30.8	3.09e-48
8	Malignant cells	Malignant	Malignant	TRAC	-1.15	28.5	6.39e-48
8	Malignant cells	Malignant	Malignant	IRF8	-0.38	34.4	8.7e-48
8	Malignant cells	Malignant	Malignant	CD14	-1.36	64.7	1.86e-47
8	Malignant cells	Malignant	Malignant	MMP12	-1.69	48.4	4.1e-47
8	Malignant cells	Malignant	Malignant	LPAR6	-0.52	49.6	4.93e-47
8	Malignant cells	Malignant	Malignant	IGF1	-0.31	25.3	2.53e-45
8	Malignant cells	Malignant	Malignant	CXCL2	-0.43	90.6	3.72e-45
8	Malignant cells	Malignant	Malignant	DSE	-0.26	25.5	1.25e-43
8	Malignant cells	Malignant	Malignant	SH3BP5	-0.45	38.6	3.69e-42
8	Malignant cells	Malignant	Malignant	TRBC2	-0.9	25.6	3.58e-40
8	Malignant cells	Malignant	Malignant	CD9	-0.86	50.9	1.02e-39
8	Malignant cells	Malignant	Malignant	CCL4	-1.97	63.2	1.29e-39
8	Malignant cells	Malignant	Malignant	ITGAX	-0.31	37.4	3.64e-39
8	Malignant cells	Malignant	Malignant	IL7R	-1.04	26.4	5.14e-38
8	Malignant cells	Malignant	Malignant	PLAU	-0.29	27.9	2.27e-37
8	Malignant cells	Malignant	Malignant	EGR2	-0.27	25.5	1.23e-36
8	Malignant cells	Malignant	Malignant	CD163	-0.76	51.5	1.75e-36
8	Malignant cells	Malignant	Malignant	TRBC1	-1.07	26.0	4.53e-36
8	Malignant cells	Malignant	Malignant	IL1RN	-0.78	40.2	5.39e-36
8	Malignant cells	Malignant	Malignant	RHOB	-0.97	84.6	9.79e-36
8	Malignant cells	Malignant	Malignant	PDK4	-0.4	31.4	2.33e-35
8	Malignant cells	Malignant	Malignant	ADAM8	-0.28	27.2	2.75e-35
8	Malignant cells	Malignant	Malignant	CD40LG	-0.31	20.4	3.81e-35
8	Malignant cells	Malignant	Malignant	NR4A3	-0.37	25.8	4.53e-35
8	Malignant cells	Malignant	Malignant	HSPA6	-1.46	58.7	1.02e-34
8	Malignant cells	Malignant	Malignant	TNFRSF18	-0.79	25.9	1.38e-34
8	Malignant cells	Malignant	Malignant	MX1	-0.26	26.8	1.72e-34
8	Malignant cells	Malignant	Malignant	CCL2	-0.74	33.8	5.56e-34
8	Malignant cells	Malignant	Malignant	CCL3L3	-1.15	44.2	8.81e-34
8	Malignant cells	Malignant	Malignant	CD27	-0.46	23.0	9.44e-34
8	Malignant cells	Malignant	Malignant	IGKC	-2.81	74.2	4.81e-33
8	Malignant cells	Malignant	Malignant	TNFSF14	-0.3	20.2	2.83e-32
8	Malignant cells	Malignant	Malignant	ARRDC3	-0.6	44.3	9.86e-32
8	Malignant cells	Malignant	Malignant	IFI44L	-0.27	28.0	3.31e-31
8	Malignant cells	Malignant	Malignant	DNASE1L3	-0.48	26.6	3.96e-31
8	Malignant cells	Malignant	Malignant	EGR1	-0.98	68.5	1.85e-30
8	Malignant cells	Malignant	Malignant	FCGR2B	-0.26	25.3	2.61e-30
8	Malignant cells	Malignant	Malignant	AC006129.2	-0.26	19.2	4.92e-30
8	Malignant cells	Malignant	Malignant	BAG3	-0.75	54.8	6.13e-30
8	Malignant cells	Malignant	Malignant	BIRC3	-0.74	41.1	2.75e-29
8	Malignant cells	Malignant	Malignant	CXCL8	-1.48	69.7	4.35e-29
8	Malignant cells	Malignant	Malignant	LAIR2	-0.36	22.6	4.54e-29
8	Malignant cells	Malignant	Malignant	MXD1	-0.41	38.9	7.15e-29
8	Malignant cells	Malignant	Malignant	NR4A1	-0.54	48.8	8.94e-29
8	Malignant cells	Malignant	Malignant	MT1G	-0.51	25.4	1.76e-28
8	Malignant cells	Malignant	Malignant	LBH	-0.35	24.6	3.67e-28
8	Malignant cells	Malignant	Malignant	OCIAD2	-0.34	23.4	5.9e-28
8	Malignant cells	Malignant	Malignant	NKG7	-0.83	22.1	6.81e-28
8	Malignant cells	Malignant	Malignant	GNLY	-0.67	16.5	7.96e-28
8	Malignant cells	Malignant	Malignant	C15orf48	-0.82	48.1	1.8e-27
8	Malignant cells	Malignant	Malignant	MT1E	-0.27	23.6	2.58e-27
8	Malignant cells	Malignant	Malignant	HMOX1	-0.34	88.8	3.27e-27
8	Malignant cells	Malignant	Malignant	HPGDS	-0.28	23.5	5.12e-27
8	Malignant cells	Malignant	Malignant	CLEC10A	-0.31	25.9	8.04e-27
8	Malignant cells	Malignant	Malignant	HES1	-0.32	69.0	9.56e-27
8	Malignant cells	Malignant	Malignant	SLC40A1	-1.12	94.7	1.13e-26
8	Malignant cells	Malignant	Malignant	S100A10	-0.65	99.8	1.43e-26
8	Malignant cells	Malignant	Malignant	TIGIT	-0.6	25.5	3.6e-26
8	Malignant cells	Malignant	Malignant	G0S2	-0.62	31.3	5.13e-26
8	Malignant cells	Malignant	Malignant	MT2A	-0.72	95.9	5.4e-26
8	Malignant cells	Malignant	Malignant	KLRB1	-1.07	24.5	5.55e-26
8	Malignant cells	Malignant	Malignant	IFNG	-0.87	21.9	9.37e-26
8	Malignant cells	Malignant	Malignant	CTLA4	-0.39	23.3	9.84e-26
8	Malignant cells	Malignant	Malignant	VCAN	-0.53	27.7	1.15e-25
8	Malignant cells	Malignant	Malignant	GZMA	-0.9	23.0	2.39e-25
8	Malignant cells	Malignant	Malignant	BCAT1	-0.28	80.4	7.08e-25
8	Malignant cells	Malignant	Malignant	FBP1	-0.39	39.2	8.17e-25
8	Malignant cells	Malignant	Malignant	HBEGF	-0.32	33.3	2.71e-24
8	Malignant cells	Malignant	Malignant	ANKRD37	-0.43	40.0	1.3e-23
8	Malignant cells	Malignant	Malignant	EREG	-0.73	28.0	1.55e-23
8	Malignant cells	Malignant	Malignant	DUSP6	-0.28	85.9	1.94e-23
8	Malignant cells	Malignant	Malignant	TUBA4A	-0.27	55.9	6.41e-23
8	Malignant cells	Malignant	Malignant	SPOCK2	-0.51	26.2	1.06e-22
8	Malignant cells	Malignant	Malignant	SOCS3	-0.43	41.4	1.88e-22
8	Malignant cells	Malignant	Malignant	PHLDA1	-0.62	50.0	7.43e-22
8	Malignant cells	Malignant	Malignant	HMGB2	-0.26	74.6	9.13e-22
8	Malignant cells	Malignant	Malignant	CCL4L2	-1.68	51.1	1.01e-21
8	Malignant cells	Malignant	Malignant	GZMB	-0.27	11.5	1.41e-21
8	Malignant cells	Malignant	Malignant	FCN1	-0.5	25.8	2.15e-21
8	Malignant cells	Malignant	Malignant	FABP4	-0.98	33.0	3.02e-21
8	Malignant cells	Malignant	Malignant	XCL2	-0.38	20.6	8.08e-21
8	Malignant cells	Malignant	Malignant	MMP19	-0.32	31.6	8.8e-21
8	Malignant cells	Malignant	Malignant	IFI27	-0.45	25.5	1.53e-20
8	Malignant cells	Malignant	Malignant	RASSF4	-0.33	44.2	2.04e-20
8	Malignant cells	Malignant	Malignant	ICOS	-0.44	23.5	2.25e-19
8	Malignant cells	Malignant	Malignant	RAB11FIP1	-0.52	48.6	9.72e-19
8	Malignant cells	Malignant	Malignant	ACTA2	-0.29	21.8	1.05e-18
8	Malignant cells	Malignant	Malignant	AC092580.4	-0.3	21.6	1.25e-18
8	Malignant cells	Malignant	Malignant	GEM	-0.27	30.2	3.25e-18
8	Malignant cells	Malignant	Malignant	A2M	-0.35	96.6	5.52e-18
8	Malignant cells	Malignant	Malignant	TNFRSF4	-0.88	34.2	6.96e-18
8	Malignant cells	Malignant	Malignant	DUSP4	-0.42	26.8	2.13e-17
8	Malignant cells	Malignant	Malignant	SDS	-0.25	29.8	1.23e-16
8	Malignant cells	Malignant	Malignant	KLF4	-0.51	52.5	2.09e-16
8	Malignant cells	Malignant	Malignant	GZMH	-0.29	16.1	8.44e-16
8	Malignant cells	Malignant	Malignant	COL4A1	-0.35	34.7	8.51e-16
8	Malignant cells	Malignant	Malignant	PLAC8	-0.28	27.5	9.16e-16
8	Malignant cells	Malignant	Malignant	C11orf96	-0.28	23.0	1.5e-15
8	Malignant cells	Malignant	Malignant	ZFAND2A	-0.62	93.7	1.58e-14
8	Malignant cells	Malignant	Malignant	IGFBP7	-0.98	25.6	7.05e-14
8	Malignant cells	Malignant	Malignant	NCOA7	-0.26	71.4	8.63e-14
8	Malignant cells	Malignant	Malignant	ID3	-0.35	50.6	1.07e-13
8	Malignant cells	Malignant	Malignant	SERPINH1	-0.37	67.4	1.5e-13
8	Malignant cells	Malignant	Malignant	SPARC	-0.74	25.1	2.56e-12
8	Malignant cells	Malignant	Malignant	FOXP3	-0.26	23.0	5.18e-12
8	Malignant cells	Malignant	Malignant	ADM	-0.46	43.6	8.81e-12
8	Malignant cells	Malignant	Malignant	ACP5	-0.56	56.6	1.98e-11
8	Malignant cells	Malignant	Malignant	TNFSF9	-0.27	28.2	2.02e-11
8	Malignant cells	Malignant	Malignant	NDRG1	-0.29	69.8	2.38e-10
8	Malignant cells	Malignant	Malignant	CXCL3	-0.82	50.0	2.44e-10
8	Malignant cells	Malignant	Malignant	GZMK	-0.56	25.2	1.46e-09
8	Malignant cells	Malignant	Malignant	LGMN	-1.26	90.5	1.91e-09
8	Malignant cells	Malignant	Malignant	FSCN1	-0.26	40.6	1.58e-08
8	Malignant cells	Malignant	Malignant	SOD2	-0.9	97.2	2.73e-08
8	Malignant cells	Malignant	Malignant	COL1A1	-0.38	23.2	2.41e-07
8	Malignant cells	Malignant	Malignant	HK2	-0.39	44.6	1.38e-06
8	Malignant cells	Malignant	Malignant	KRT17	0.4	21.8	4.05e-06
8	Malignant cells	Malignant	Malignant	COL1A2	-0.38	21.6	7.36e-06
8	Malignant cells	Malignant	Malignant	IFI30	-0.34	38.2	7.53e-06
9	Malignant cells	Malignant	Malignant	AHSG	2.17	99.8	0
9	Malignant cells	Malignant	Malignant	APOC3	2.12	97.9	0
9	Malignant cells	Malignant	Malignant	IGFBP1	1.95	86.1	0
9	Malignant cells	Malignant	Malignant	ANGPTL8	1.95	98.7	0
9	Malignant cells	Malignant	Malignant	APOA1	1.94	100.0	0
9	Malignant cells	Malignant	Malignant	FABP1	1.89	99.9	0
9	Malignant cells	Malignant	Malignant	ALB	1.83	100.0	0
9	Malignant cells	Malignant	Malignant	TTR	1.83	100.0	0
9	Malignant cells	Malignant	Malignant	SERPINA1	1.76	100.0	0
9	Malignant cells	Malignant	Malignant	SPINK1	1.76	99.9	0
9	Malignant cells	Malignant	Malignant	CP	1.75	100.0	0
9	Malignant cells	Malignant	Malignant	NTS	1.74	99.4	0
9	Malignant cells	Malignant	Malignant	VTN	1.74	100.0	0
9	Malignant cells	Malignant	Malignant	APOA2	1.74	100.0	0
9	Malignant cells	Malignant	Malignant	PTGDS	1.74	84.1	0
9	Malignant cells	Malignant	Malignant	TF	1.64	100.0	0
9	Malignant cells	Malignant	Malignant	AMBP	1.58	100.0	0
9	Malignant cells	Malignant	Malignant	TFPI	1.55	100.0	0
9	Malignant cells	Malignant	Malignant	APOM	1.54	100.0	0
9	Malignant cells	Malignant	Malignant	PRAP1	1.53	100.0	0
9	Malignant cells	Malignant	Malignant	AGT	1.51	100.0	0
9	Malignant cells	Malignant	Malignant	RBP4	1.49	100.0	0
9	Malignant cells	Malignant	Malignant	APOH	1.49	100.0	0
9	Malignant cells	Malignant	Malignant	CLU	1.45	99.9	0
9	Malignant cells	Malignant	Malignant	CFH	1.43	100.0	0
9	Malignant cells	Malignant	Malignant	TM4SF5	1.4	99.8	0
9	Malignant cells	Malignant	Malignant	RARRES2	1.38	100.0	0
9	Malignant cells	Malignant	Malignant	FGB	1.36	99.7	0
9	Malignant cells	Malignant	Malignant	APOB	1.36	99.7	0
9	Malignant cells	Malignant	Malignant	GPC3	1.34	100.0	0
9	Malignant cells	Malignant	Malignant	FXYD1	1.34	97.1	0
9	Malignant cells	Malignant	Malignant	AFP	1.33	99.4	0
9	Malignant cells	Malignant	Malignant	FGG	1.31	99.7	0
9	Malignant cells	Malignant	Malignant	IGF2	1.3	99.1	0
9	Malignant cells	Malignant	Malignant	FXYD2	1.26	99.6	0
9	Malignant cells	Malignant	Malignant	GC	1.25	99.9	0
9	Malignant cells	Malignant	Malignant	KRT18	1.22	99.9	0
9	Malignant cells	Malignant	Malignant	NPW	1.18	98.7	0
9	Malignant cells	Malignant	Malignant	LBP	1.17	99.8	0
9	Malignant cells	Malignant	Malignant	C3	1.16	98.3	0
9	Malignant cells	Malignant	Malignant	KRT8	1.15	99.8	0
9	Malignant cells	Malignant	Malignant	F2	1.13	99.9	0
9	Malignant cells	Malignant	Malignant	FGA	1.11	99.3	0
9	Malignant cells	Malignant	Malignant	HRG	1.11	94.1	0
9	Malignant cells	Malignant	Malignant	ASGR1	1.11	99.8	0
9	Malignant cells	Malignant	Malignant	CLDN1	1.09	99.8	0
9	Malignant cells	Malignant	Malignant	LEAP2	1.09	98.8	0
9	Malignant cells	Malignant	Malignant	MGST1	1.08	99.9	0
9	Malignant cells	Malignant	Malignant	AKR1C4	1.08	99.7	0
9	Malignant cells	Malignant	Malignant	GAGE2A	1.07	99.8	0
9	Malignant cells	Malignant	Malignant	FGL1	1.05	99.2	0
9	Malignant cells	Malignant	Malignant	BCHE	1.05	99.4	0
9	Malignant cells	Malignant	Malignant	IFITM3	1.05	100.0	0
9	Malignant cells	Malignant	Malignant	TMEM45A	1.04	93.4	0
9	Malignant cells	Malignant	Malignant	CFB	1.04	99.8	0
9	Malignant cells	Malignant	Malignant	RPL22L1	1.03	100.0	0
9	Malignant cells	Malignant	Malignant	TMEM176A	1.02	99.9	0
9	Malignant cells	Malignant	Malignant	AKR1C3	1.02	99.9	0
9	Malignant cells	Malignant	Malignant	ORM1	1.02	97.4	0
9	Malignant cells	Malignant	Malignant	CFHR1	1.01	97.3	0
9	Malignant cells	Malignant	Malignant	A1BG	1.01	99.0	0
9	Malignant cells	Malignant	Malignant	LAPTM4B	0.99	99.8	0
9	Malignant cells	Malignant	Malignant	SERPINE1	0.99	93.3	0
9	Malignant cells	Malignant	Malignant	TM4SF4	0.98	99.8	0
9	Malignant cells	Malignant	Malignant	AKR1C1	0.97	100.0	0
9	Malignant cells	Malignant	Malignant	ANGPTL3	0.96	98.5	0
9	Malignant cells	Malignant	Malignant	GPX3	0.96	99.2	0
9	Malignant cells	Malignant	Malignant	PLG	0.94	99.8	0
9	Malignant cells	Malignant	Malignant	TSPAN8	0.93	98.5	0
9	Malignant cells	Malignant	Malignant	PCSK1N	0.93	97.2	0
9	Malignant cells	Malignant	Malignant	ANG	0.93	98.2	0
9	Malignant cells	Malignant	Malignant	SERPIND1	0.92	99.0	0
9	Malignant cells	Malignant	Malignant	KNG1	0.92	99.2	0
9	Malignant cells	Malignant	Malignant	SERPINF1	0.9	99.6	0
9	Malignant cells	Malignant	Malignant	HPX	0.9	99.2	0
9	Malignant cells	Malignant	Malignant	DDT	0.89	100.0	0
9	Malignant cells	Malignant	Malignant	MAL2	0.89	99.7	0
9	Malignant cells	Malignant	Malignant	DMKN	0.88	98.7	0
9	Malignant cells	Malignant	Malignant	APOE	0.88	100.0	0
9	Malignant cells	Malignant	Malignant	LRG1	0.88	98.2	0
9	Malignant cells	Malignant	Malignant	MPST	0.87	99.7	0
9	Malignant cells	Malignant	Malignant	S100A13	0.86	99.0	0
9	Malignant cells	Malignant	Malignant	TMEM176B	0.86	100.0	0
9	Malignant cells	Malignant	Malignant	PPP1R16A	0.86	98.2	0
9	Malignant cells	Malignant	Malignant	PRDX4	0.85	99.7	0
9	Malignant cells	Malignant	Malignant	AZGP1	0.84	92.3	0
9	Malignant cells	Malignant	Malignant	TNFRSF12A	0.83	94.0	0
9	Malignant cells	Malignant	Malignant	C4BPB	0.83	96.7	0
9	Malignant cells	Malignant	Malignant	SERINC2	0.81	97.7	0
9	Malignant cells	Malignant	Malignant	ASPH	0.81	99.3	0
9	Malignant cells	Malignant	Malignant	SERPING1	0.81	99.7	0
9	Malignant cells	Malignant	Malignant	SQSTM1	0.8	100.0	0
9	Malignant cells	Malignant	Malignant	RPL7	0.79	100.0	0
9	Malignant cells	Malignant	Malignant	MDK	0.79	95.8	0
9	Malignant cells	Malignant	Malignant	TSPAN6	0.79	99.2	0
9	Malignant cells	Malignant	Malignant	ETFB	0.79	99.9	0
9	Malignant cells	Malignant	Malignant	PROS1	0.79	99.1	0
9	Malignant cells	Malignant	Malignant	CYP2D6	0.78	94.8	0
9	Malignant cells	Malignant	Malignant	TRNP1	0.78	98.8	0
9	Malignant cells	Malignant	Malignant	TMEM141	0.78	99.2	0
9	Malignant cells	Malignant	Malignant	CTHRC1	0.78	96.9	0
9	Malignant cells	Malignant	Malignant	GDF15	0.78	95.6	0
9	Malignant cells	Malignant	Malignant	PROC	0.77	98.7	0
9	Malignant cells	Malignant	Malignant	CFI	0.77	99.2	0
9	Malignant cells	Malignant	Malignant	ITIH2	0.77	97.8	0
9	Malignant cells	Malignant	Malignant	DHCR24	0.76	99.1	0
9	Malignant cells	Malignant	Malignant	CCL20	0.75	96.6	0
9	Malignant cells	Malignant	Malignant	PLOD2	0.75	98.6	0
9	Malignant cells	Malignant	Malignant	ORM2	0.74	96.2	0
9	Malignant cells	Malignant	Malignant	PON2	0.74	99.0	0
9	Malignant cells	Malignant	Malignant	HP	0.74	81.6	0
9	Malignant cells	Malignant	Malignant	DRD4	0.73	85.8	0
9	Malignant cells	Malignant	Malignant	HIST1H1C	0.73	99.2	0
9	Malignant cells	Malignant	Malignant	MPC2	0.73	99.7	0
9	Malignant cells	Malignant	Malignant	TMEM45B	0.72	97.8	0
9	Malignant cells	Malignant	Malignant	SERPINA6	0.72	97.9	0
9	Malignant cells	Malignant	Malignant	CNPY2	0.72	99.7	0
9	Malignant cells	Malignant	Malignant	FN1	0.72	99.0	0
9	Malignant cells	Malignant	Malignant	COX7A2L	0.72	99.9	0
9	Malignant cells	Malignant	Malignant	SLC22A18	0.72	98.3	0
9	Malignant cells	Malignant	Malignant	BNIP3	0.72	97.6	0
9	Malignant cells	Malignant	Malignant	RPL8	0.71	100.0	0
9	Malignant cells	Malignant	Malignant	WDR72	0.71	98.4	0
9	Malignant cells	Malignant	Malignant	SELM	0.71	99.6	0
9	Malignant cells	Malignant	Malignant	FAM132A	0.7	89.2	0
9	Malignant cells	Malignant	Malignant	KDELR3	0.7	95.7	0
9	Malignant cells	Malignant	Malignant	EIF3E	0.69	100.0	0
9	Malignant cells	Malignant	Malignant	CYB5A	0.68	99.2	0
9	Malignant cells	Malignant	Malignant	SEC61G	0.68	100.0	0
9	Malignant cells	Malignant	Malignant	ASGR2	0.68	99.2	0
9	Malignant cells	Malignant	Malignant	TRAM1	0.67	100.0	0
9	Malignant cells	Malignant	Malignant	NUPR1	0.67	98.6	0
9	Malignant cells	Malignant	Malignant	AK4	0.67	98.0	0
9	Malignant cells	Malignant	Malignant	HULC	0.67	87.4	0
9	Malignant cells	Malignant	Malignant	PRDX5	0.66	99.9	0
9	Malignant cells	Malignant	Malignant	MST1	0.66	98.0	0
9	Malignant cells	Malignant	Malignant	TMCC1	0.66	94.6	0
9	Malignant cells	Malignant	Malignant	KRT19	0.66	92.4	0
9	Malignant cells	Malignant	Malignant	RPL5	0.65	100.0	0
9	Malignant cells	Malignant	Malignant	KDELR2	0.65	100.0	0
9	Malignant cells	Malignant	Malignant	POLR2F	0.65	100.0	0
9	Malignant cells	Malignant	Malignant	PRDX2	0.65	99.9	0
9	Malignant cells	Malignant	Malignant	UGT2B4	0.65	97.7	0
9	Malignant cells	Malignant	Malignant	CPB2	0.64	97.5	0
9	Malignant cells	Malignant	Malignant	PERP	0.64	97.9	0
9	Malignant cells	Malignant	Malignant	ALDH1A1	0.64	98.7	0
9	Malignant cells	Malignant	Malignant	ACSL4	0.64	98.6	0
9	Malignant cells	Malignant	Malignant	APOC4-APOC2	0.64	97.0	0
9	Malignant cells	Malignant	Malignant	TMEM205	0.63	99.3	0
9	Malignant cells	Malignant	Malignant	APOC2	0.63	97.0	0
9	Malignant cells	Malignant	Malignant	F10	0.63	96.9	0
9	Malignant cells	Malignant	Malignant	TFR2	0.62	97.8	0
9	Malignant cells	Malignant	Malignant	RB1CC1	0.62	99.2	0
9	Malignant cells	Malignant	Malignant	SLC39A4	0.61	98.6	0
9	Malignant cells	Malignant	Malignant	NGFRAP1	0.61	98.5	0
9	Malignant cells	Malignant	Malignant	TPM2	0.61	97.3	0
9	Malignant cells	Malignant	Malignant	GCHFR	0.61	98.9	0
9	Malignant cells	Malignant	Malignant	SLPI	0.61	83.9	0
9	Malignant cells	Malignant	Malignant	CES1	0.6	95.2	0
9	Malignant cells	Malignant	Malignant	PSMB5	0.6	99.5	0
9	Malignant cells	Malignant	Malignant	EBP	0.6	97.6	0
9	Malignant cells	Malignant	Malignant	SMARCA1	0.6	97.7	0
9	Malignant cells	Malignant	Malignant	GOLT1A	0.6	96.6	0
9	Malignant cells	Malignant	Malignant	PKIB	0.6	96.1	0
9	Malignant cells	Malignant	Malignant	QPRT	0.6	98.6	0
9	Malignant cells	Malignant	Malignant	ACOT13	0.59	98.6	0
9	Malignant cells	Malignant	Malignant	UGDH	0.59	97.3	0
9	Malignant cells	Malignant	Malignant	TM7SF2	0.58	92.4	0
9	Malignant cells	Malignant	Malignant	MTTP	0.58	97.9	0
9	Malignant cells	Malignant	Malignant	SAA4	0.58	74.0	0
9	Malignant cells	Malignant	Malignant	STEAP1	0.58	96.8	0
9	Malignant cells	Malignant	Malignant	RCN1	0.58	97.8	0
9	Malignant cells	Malignant	Malignant	AGTR1	0.57	93.7	0
9	Malignant cells	Malignant	Malignant	MTHFD2L	0.57	96.5	0
9	Malignant cells	Malignant	Malignant	MEG3	0.57	80.8	0
9	Malignant cells	Malignant	Malignant	CALD1	0.56	99.7	0
9	Malignant cells	Malignant	Malignant	PTGR1	0.55	85.7	0
9	Malignant cells	Malignant	Malignant	MASP1	0.55	92.6	0
9	Malignant cells	Malignant	Malignant	HPN	0.55	93.7	0
9	Malignant cells	Malignant	Malignant	FST	0.55	92.9	0
9	Malignant cells	Malignant	Malignant	DSP	0.54	94.3	0
9	Malignant cells	Malignant	Malignant	SHMT2	0.54	98.6	0
9	Malignant cells	Malignant	Malignant	TST	0.54	94.7	0
9	Malignant cells	Malignant	Malignant	HILPDA	0.53	86.9	0
9	Malignant cells	Malignant	Malignant	AADAC	0.53	93.5	0
9	Malignant cells	Malignant	Malignant	RP11-469A15.2	0.53	95.1	0
9	Malignant cells	Malignant	Malignant	SERPINA4	0.53	93.3	0
9	Malignant cells	Malignant	Malignant	GGH	0.53	97.6	0
9	Malignant cells	Malignant	Malignant	AMN	0.53	93.8	0
9	Malignant cells	Malignant	Malignant	S100A16	0.53	93.3	0
9	Malignant cells	Malignant	Malignant	RNF5	0.52	99.3	0
9	Malignant cells	Malignant	Malignant	SERPINA5	0.52	93.3	0
9	Malignant cells	Malignant	Malignant	SPAG4	0.52	83.1	0
9	Malignant cells	Malignant	Malignant	YIF1A	0.52	98.4	0
9	Malignant cells	Malignant	Malignant	PCSK6	0.51	93.2	0
9	Malignant cells	Malignant	Malignant	ERBB3	0.51	95.7	0
9	Malignant cells	Malignant	Malignant	SDC2	0.51	90.1	0
9	Malignant cells	Malignant	Malignant	PRODH2	0.51	91.5	0
9	Malignant cells	Malignant	Malignant	MSMO1	0.5	88.2	0
9	Malignant cells	Malignant	Malignant	C14orf1	0.5	95.7	0
9	Malignant cells	Malignant	Malignant	PRAME	0.49	95.2	0
9	Malignant cells	Malignant	Malignant	DUSP9	0.49	91.6	0
9	Malignant cells	Malignant	Malignant	IL1RAP	0.49	91.8	0
9	Malignant cells	Malignant	Malignant	EPO	0.49	79.5	0
9	Malignant cells	Malignant	Malignant	PROX1	0.49	93.2	0
9	Malignant cells	Malignant	Malignant	FKBP10	0.49	93.1	0
9	Malignant cells	Malignant	Malignant	CDKN2A	0.48	95.9	0
9	Malignant cells	Malignant	Malignant	TRPM4	0.48	94.3	0
9	Malignant cells	Malignant	Malignant	S100A14	0.48	76.4	0
9	Malignant cells	Malignant	Malignant	RP11-297L17.2	0.48	92.1	0
9	Malignant cells	Malignant	Malignant	EFNA1	0.48	89.6	0
9	Malignant cells	Malignant	Malignant	CAMK2N1	0.47	96.2	0
9	Malignant cells	Malignant	Malignant	SQLE	0.47	90.4	0
9	Malignant cells	Malignant	Malignant	EBPL	0.47	98.6	0
9	Malignant cells	Malignant	Malignant	NREP	0.47	95.0	0
9	Malignant cells	Malignant	Malignant	CRYZ	0.47	96.1	0
9	Malignant cells	Malignant	Malignant	PON1	0.47	84.1	0
9	Malignant cells	Malignant	Malignant	GCSH	0.47	97.9	0
9	Malignant cells	Malignant	Malignant	ARPC1A	0.47	98.5	0
9	Malignant cells	Malignant	Malignant	ALG3	0.46	98.0	0
9	Malignant cells	Malignant	Malignant	MSRB2	0.46	98.3	0
9	Malignant cells	Malignant	Malignant	FKBP11	0.46	96.1	0
9	Malignant cells	Malignant	Malignant	ITIH3	0.46	89.2	0
9	Malignant cells	Malignant	Malignant	LACTB2	0.46	95.2	0
9	Malignant cells	Malignant	Malignant	SPON2	0.45	91.4	0
9	Malignant cells	Malignant	Malignant	AGMO	0.45	93.8	0
9	Malignant cells	Malignant	Malignant	SCCPDH	0.45	97.7	0
9	Malignant cells	Malignant	Malignant	NDUFA4L2	0.45	69.5	0
9	Malignant cells	Malignant	Malignant	ASL	0.45	96.9	0
9	Malignant cells	Malignant	Malignant	IGF2BP2	0.44	91.1	0
9	Malignant cells	Malignant	Malignant	ELF3	0.44	88.8	0
9	Malignant cells	Malignant	Malignant	PTPRF	0.44	93.1	0
9	Malignant cells	Malignant	Malignant	C8G	0.44	80.8	0
9	Malignant cells	Malignant	Malignant	PGRMC1	0.44	98.1	0
9	Malignant cells	Malignant	Malignant	GAL3ST1	0.44	80.8	0
9	Malignant cells	Malignant	Malignant	PLCB1	0.44	94.0	0
9	Malignant cells	Malignant	Malignant	ENTPD5	0.44	93.5	0
9	Malignant cells	Malignant	Malignant	TMEM37	0.44	91.7	0
9	Malignant cells	Malignant	Malignant	LGR4	0.43	93.7	0
9	Malignant cells	Malignant	Malignant	GOT1	0.43	94.1	0
9	Malignant cells	Malignant	Malignant	SLC39A5	0.43	91.7	0
9	Malignant cells	Malignant	Malignant	SNTB1	0.43	94.4	0
9	Malignant cells	Malignant	Malignant	TNNC1	0.43	76.8	0
9	Malignant cells	Malignant	Malignant	NR1H4	0.42	94.1	0
9	Malignant cells	Malignant	Malignant	SLC7A2	0.42	91.1	0
9	Malignant cells	Malignant	Malignant	ZFAND1	0.42	96.8	0
9	Malignant cells	Malignant	Malignant	PPP1R1A	0.42	87.9	0
9	Malignant cells	Malignant	Malignant	CDH2	0.42	91.7	0
9	Malignant cells	Malignant	Malignant	CLDN3	0.42	89.1	0
9	Malignant cells	Malignant	Malignant	NUDT14	0.42	96.0	0
9	Malignant cells	Malignant	Malignant	MOGAT3	0.42	88.3	0
9	Malignant cells	Malignant	Malignant	SPTBN1	0.42	97.0	0
9	Malignant cells	Malignant	Malignant	RP11-14N7.2	0.41	91.0	0
9	Malignant cells	Malignant	Malignant	C1S	0.41	89.6	0
9	Malignant cells	Malignant	Malignant	TMEM97	0.41	91.5	0
9	Malignant cells	Malignant	Malignant	COL5A2	0.41	87.6	0
9	Malignant cells	Malignant	Malignant	PPIC	0.41	91.4	0
9	Malignant cells	Malignant	Malignant	HIST1H2AC	0.41	97.2	0
9	Malignant cells	Malignant	Malignant	SLC17A3	0.4	89.7	0
9	Malignant cells	Malignant	Malignant	PLS3	0.4	93.0	0
9	Malignant cells	Malignant	Malignant	SERPINF2	0.4	91.5	0
9	Malignant cells	Malignant	Malignant	CFHR3	0.4	87.6	0
9	Malignant cells	Malignant	Malignant	C5	0.39	90.0	0
9	Malignant cells	Malignant	Malignant	GSTA4	0.39	92.5	0
9	Malignant cells	Malignant	Malignant	A1CF	0.39	91.7	0
9	Malignant cells	Malignant	Malignant	SULT1C4	0.39	87.6	0
9	Malignant cells	Malignant	Malignant	NDN	0.39	93.7	0
9	Malignant cells	Malignant	Malignant	NR0B2	0.39	81.4	0
9	Malignant cells	Malignant	Malignant	MAGED1	0.39	92.4	0
9	Malignant cells	Malignant	Malignant	SLC38A3	0.39	89.3	0
9	Malignant cells	Malignant	Malignant	STARD10	0.39	96.0	0
9	Malignant cells	Malignant	Malignant	HSBP1L1	0.39	94.4	0
9	Malignant cells	Malignant	Malignant	NR2F6	0.39	91.8	0
9	Malignant cells	Malignant	Malignant	AQP3	0.39	92.9	0
9	Malignant cells	Malignant	Malignant	TMEM14A	0.39	95.2	0
9	Malignant cells	Malignant	Malignant	ISOC2	0.38	96.1	0
9	Malignant cells	Malignant	Malignant	SLC38A4	0.38	87.3	0
9	Malignant cells	Malignant	Malignant	PHGDH	0.38	91.3	0
9	Malignant cells	Malignant	Malignant	NIPSNAP1	0.38	94.4	0
9	Malignant cells	Malignant	Malignant	NR2F1	0.38	89.1	0
9	Malignant cells	Malignant	Malignant	HMGCS2	0.38	80.7	0
9	Malignant cells	Malignant	Malignant	SDC1	0.37	88.6	0
9	Malignant cells	Malignant	Malignant	GPRC5C	0.37	90.2	0
9	Malignant cells	Malignant	Malignant	HAL	0.37	86.2	0
9	Malignant cells	Malignant	Malignant	SERPINC1	0.37	77.7	0
9	Malignant cells	Malignant	Malignant	PGAM2	0.36	77.4	0
9	Malignant cells	Malignant	Malignant	LRRC28	0.36	93.0	0
9	Malignant cells	Malignant	Malignant	AC005355.2	0.36	72.5	0
9	Malignant cells	Malignant	Malignant	OLFM2	0.36	86.1	0
9	Malignant cells	Malignant	Malignant	FOXA3	0.36	88.2	0
9	Malignant cells	Malignant	Malignant	CCNB1IP1	0.36	92.2	0
9	Malignant cells	Malignant	Malignant	CFL2	0.35	96.2	0
9	Malignant cells	Malignant	Malignant	AGXT	0.35	77.0	0
9	Malignant cells	Malignant	Malignant	HSD17B2	0.35	80.8	0
9	Malignant cells	Malignant	Malignant	TSC22D1	0.35	94.3	0
9	Malignant cells	Malignant	Malignant	PAQR9	0.35	85.9	0
9	Malignant cells	Malignant	Malignant	H1F0	0.34	94.4	0
9	Malignant cells	Malignant	Malignant	NAT8	0.34	86.0	0
9	Malignant cells	Malignant	Malignant	F7	0.34	88.9	0
9	Malignant cells	Malignant	Malignant	MAGEF1	0.34	94.0	0
9	Malignant cells	Malignant	Malignant	RP11-525A16.4	0.34	79.5	0
9	Malignant cells	Malignant	Malignant	CMTM8	0.34	91.9	0
9	Malignant cells	Malignant	Malignant	ITIH1	0.34	83.4	0
9	Malignant cells	Malignant	Malignant	C7orf55	0.34	92.7	0
9	Malignant cells	Malignant	Malignant	FBXO17	0.34	87.1	0
9	Malignant cells	Malignant	Malignant	CLGN	0.34	79.7	0
9	Malignant cells	Malignant	Malignant	SLC37A4	0.34	87.6	0
9	Malignant cells	Malignant	Malignant	HGD	0.33	88.7	0
9	Malignant cells	Malignant	Malignant	EHHADH	0.33	86.6	0
9	Malignant cells	Malignant	Malignant	PAQR9-AS1	0.33	80.1	0
9	Malignant cells	Malignant	Malignant	ITGA5	0.33	91.2	0
9	Malignant cells	Malignant	Malignant	ARSE	0.33	87.0	0
9	Malignant cells	Malignant	Malignant	PON3	0.33	83.1	0
9	Malignant cells	Malignant	Malignant	C2orf82	0.33	83.0	0
9	Malignant cells	Malignant	Malignant	HABP2	0.32	84.6	0
9	Malignant cells	Malignant	Malignant	HRSP12	0.32	91.2	0
9	Malignant cells	Malignant	Malignant	PAH	0.32	88.0	0
9	Malignant cells	Malignant	Malignant	C1R	0.32	86.1	0
9	Malignant cells	Malignant	Malignant	ASS1	0.32	86.0	0
9	Malignant cells	Malignant	Malignant	SLC39A14	0.32	89.3	0
9	Malignant cells	Malignant	Malignant	CENPV	0.32	92.2	0
9	Malignant cells	Malignant	Malignant	HOOK1	0.32	88.6	0
9	Malignant cells	Malignant	Malignant	SLC43A1	0.32	90.2	0
9	Malignant cells	Malignant	Malignant	RNF128	0.31	81.1	0
9	Malignant cells	Malignant	Malignant	GJB1	0.31	85.4	0
9	Malignant cells	Malignant	Malignant	TSPAN12	0.31	85.6	0
9	Malignant cells	Malignant	Malignant	LGI4	0.31	76.6	0
9	Malignant cells	Malignant	Malignant	PLGLB1	0.31	82.6	0
9	Malignant cells	Malignant	Malignant	EPS8L2	0.3	88.3	0
9	Malignant cells	Malignant	Malignant	VSNL1	0.3	87.1	0
9	Malignant cells	Malignant	Malignant	GSPT2	0.3	82.1	0
9	Malignant cells	Malignant	Malignant	METTL7B	0.3	83.0	0
9	Malignant cells	Malignant	Malignant	CRLS1	0.3	94.0	0
9	Malignant cells	Malignant	Malignant	NET1	0.3	89.8	0
9	Malignant cells	Malignant	Malignant	INHBE	0.3	79.2	0
9	Malignant cells	Malignant	Malignant	SYNGR1	0.3	87.9	0
9	Malignant cells	Malignant	Malignant	UGT2A3	0.3	83.9	0
9	Malignant cells	Malignant	Malignant	GLTPD2	0.3	83.3	0
9	Malignant cells	Malignant	Malignant	MRPS28	0.3	93.9	0
9	Malignant cells	Malignant	Malignant	ANXA13	0.29	73.8	0
9	Malignant cells	Malignant	Malignant	TCEA3	0.29	85.9	0
9	Malignant cells	Malignant	Malignant	DSG2	0.29	79.0	0
9	Malignant cells	Malignant	Malignant	MEST	0.29	88.9	0
9	Malignant cells	Malignant	Malignant	CDC42EP1	0.29	87.9	0
9	Malignant cells	Malignant	Malignant	MAGEA4	0.29	79.0	0
9	Malignant cells	Malignant	Malignant	RP11-295G20.2	0.29	84.1	0
9	Malignant cells	Malignant	Malignant	TUSC1	0.29	87.6	0
9	Malignant cells	Malignant	Malignant	HYI	0.29	87.5	0
9	Malignant cells	Malignant	Malignant	HSPA4L	0.28	83.9	0
9	Malignant cells	Malignant	Malignant	HYAL1	0.28	83.9	0
9	Malignant cells	Malignant	Malignant	CXADR	0.28	80.0	0
9	Malignant cells	Malignant	Malignant	DEPTOR	0.28	79.0	0
9	Malignant cells	Malignant	Malignant	OCLN	0.28	84.7	0
9	Malignant cells	Malignant	Malignant	LIMCH1	0.28	67.4	0
9	Malignant cells	Malignant	Malignant	BCAM	0.28	84.3	0
9	Malignant cells	Malignant	Malignant	B9D1	0.27	84.5	0
9	Malignant cells	Malignant	Malignant	DNAJC22	0.27	82.1	0
9	Malignant cells	Malignant	Malignant	RP11-397G17.1	0.27	75.0	0
9	Malignant cells	Malignant	Malignant	F12	0.27	80.7	0
9	Malignant cells	Malignant	Malignant	ADGRL2	0.26	81.2	0
9	Malignant cells	Malignant	Malignant	RGN	0.26	83.1	0
9	Malignant cells	Malignant	Malignant	STEAP2	0.26	79.4	0
9	Malignant cells	Malignant	Malignant	STRADB	0.26	85.7	0
9	Malignant cells	Malignant	Malignant	C14orf105	0.26	83.8	0
9	Malignant cells	Malignant	Malignant	SLCO1B1	0.26	72.4	0
9	Malignant cells	Malignant	Malignant	PLA2G12B	0.26	80.9	0
9	Malignant cells	Malignant	Malignant	EGFR-AS1	0.26	65.3	0
9	Malignant cells	Malignant	Malignant	ENAH	0.26	84.1	0
9	Malignant cells	Malignant	Malignant	CNN3	0.26	84.1	0
9	Malignant cells	Malignant	Malignant	HGFAC	0.25	76.5	0
9	Malignant cells	Malignant	Malignant	KCNMB2-AS1	0.25	80.5	0
9	Malignant cells	Malignant	Malignant	PDZK1	0.25	77.2	0
9	Malignant cells	Malignant	Malignant	HFE2	0.25	75.2	0
9	Malignant cells	Malignant	Malignant	C8orf59	0.58	99.9	1.79e-306
9	Malignant cells	Malignant	Malignant	NQO1	0.47	94.7	1.88e-306
9	Malignant cells	Malignant	Malignant	CDHR5	0.26	68.4	2.26e-305
9	Malignant cells	Malignant	Malignant	POLR2H	0.45	98.5	7.56e-305
9	Malignant cells	Malignant	Malignant	MTFR1	0.26	87.2	3.23e-304
9	Malignant cells	Malignant	Malignant	MGST2	0.52	99.5	1.91e-303
9	Malignant cells	Malignant	Malignant	LETMD1	0.27	90.7	7.19e-302
9	Malignant cells	Malignant	Malignant	C9	0.38	66.9	1.57e-301
9	Malignant cells	Malignant	Malignant	ST6GAL1	0.34	91.3	2.25e-301
9	Malignant cells	Malignant	Malignant	MMAB	0.31	90.2	1.04e-300
9	Malignant cells	Malignant	Malignant	PTRH2	0.29	91.3	4.85e-300
9	Malignant cells	Malignant	Malignant	PAWR	0.27	85.8	6.13e-300
9	Malignant cells	Malignant	Malignant	CHCHD10	0.75	99.9	5.75e-299
9	Malignant cells	Malignant	Malignant	PIR	0.26	85.4	9.94e-299
9	Malignant cells	Malignant	Malignant	GNPNAT1	0.26	88.9	3.1e-298
9	Malignant cells	Malignant	Malignant	PHYH	0.36	95.2	6.95e-298
9	Malignant cells	Malignant	Malignant	PDLIM1	0.26	86.1	4.61e-297
9	Malignant cells	Malignant	Malignant	TDO2	0.32	84.2	4.95e-296
9	Malignant cells	Malignant	Malignant	SDC4	0.32	89.1	3.78e-295
9	Malignant cells	Malignant	Malignant	HMGCS1	0.62	91.1	1.77e-294
9	Malignant cells	Malignant	Malignant	TNFRSF11B	0.32	61.4	3.85e-294
9	Malignant cells	Malignant	Malignant	FDPS	0.81	98.2	8.59e-294
9	Malignant cells	Malignant	Malignant	ANXA4	0.61	97.5	1.04e-293
9	Malignant cells	Malignant	Malignant	SLC50A1	0.31	91.7	2.24e-293
9	Malignant cells	Malignant	Malignant	TRIB3	0.33	85.6	1.2e-291
9	Malignant cells	Malignant	Malignant	CD151	0.53	97.5	3.19e-291
9	Malignant cells	Malignant	Malignant	LSR	0.28	86.5	1.55e-290
9	Malignant cells	Malignant	Malignant	COPS5	0.4	98.7	1.9e-290
9	Malignant cells	Malignant	Malignant	PEG10	0.32	78.4	2.61e-286
9	Malignant cells	Malignant	Malignant	SMIM14	0.34	93.6	6.26e-286
9	Malignant cells	Malignant	Malignant	CYC1	0.61	99.7	1.32e-285
9	Malignant cells	Malignant	Malignant	HPGD	0.34	84.9	8.98e-285
9	Malignant cells	Malignant	Malignant	RP11-254I22.3	0.26	66.4	4.91e-283
9	Malignant cells	Malignant	Malignant	AP1M2	0.4	83.5	1.18e-282
9	Malignant cells	Malignant	Malignant	DHCR7	0.27	80.9	1.61e-282
9	Malignant cells	Malignant	Malignant	SIGMAR1	0.29	90.4	8.31e-282
9	Malignant cells	Malignant	Malignant	GCLM	0.41	96.2	3.11e-280
9	Malignant cells	Malignant	Malignant	COA3	0.42	98.7	4.38e-280
9	Malignant cells	Malignant	Malignant	PEBP1	0.63	99.8	4.82e-280
9	Malignant cells	Malignant	Malignant	EPB41L4A-AS1	0.37	93.8	4.87e-280
9	Malignant cells	Malignant	Malignant	TRIM55	0.25	72.9	7.12e-279
9	Malignant cells	Malignant	Malignant	LAGE3	0.36	97.5	1.41e-278
9	Malignant cells	Malignant	Malignant	SLC25A13	0.28	91.9	2.65e-278
9	Malignant cells	Malignant	Malignant	GAMT	0.33	91.1	2.46e-277
9	Malignant cells	Malignant	Malignant	FASN	0.27	85.7	8.47e-276
9	Malignant cells	Malignant	Malignant	NUCB2	0.29	94.6	3.59e-271
9	Malignant cells	Malignant	Malignant	RAB3C	0.34	69.6	3.39e-269
9	Malignant cells	Malignant	Malignant	GMNN	0.3	90.3	4.27e-267
9	Malignant cells	Malignant	Malignant	PRDX6	0.56	99.8	4.6e-267
9	Malignant cells	Malignant	Malignant	GPX2	0.56	91.4	4.75e-267
9	Malignant cells	Malignant	Malignant	APOC1	0.61	100.0	1.24e-266
9	Malignant cells	Malignant	Malignant	MRPL13	0.44	99.3	5.68e-266
9	Malignant cells	Malignant	Malignant	AHCY	0.32	94.4	1.12e-265
9	Malignant cells	Malignant	Malignant	RDX	0.45	98.8	1.27e-264
9	Malignant cells	Malignant	Malignant	EXOSC4	0.26	92.1	1.28e-264
9	Malignant cells	Malignant	Malignant	TATDN1	0.32	96.8	3.91e-263
9	Malignant cells	Malignant	Malignant	AKR1C2	0.34	92.4	2.86e-261
9	Malignant cells	Malignant	Malignant	LSM2	0.44	99.5	5.59e-255
9	Malignant cells	Malignant	Malignant	LYPLA1	0.46	99.2	1.1e-254
9	Malignant cells	Malignant	Malignant	DUSP1	-1.85	78.9	2.64e-253
9	Malignant cells	Malignant	Malignant	DCAF13	0.33	96.5	4.9e-253
9	Malignant cells	Malignant	Malignant	EEF1E1	0.31	95.7	1.33e-250
9	Malignant cells	Malignant	Malignant	ATP5G1	0.49	99.7	2.67e-250
9	Malignant cells	Malignant	Malignant	NME1	0.45	99.2	3.35e-250
9	Malignant cells	Malignant	Malignant	FOS	-2.03	88.5	2.2e-248
9	Malignant cells	Malignant	Malignant	CKAP4	0.25	83.2	2.3e-248
9	Malignant cells	Malignant	Malignant	COA4	0.35	98.1	3.43e-248
9	Malignant cells	Malignant	Malignant	AGR2	0.61	84.6	3.04e-247
9	Malignant cells	Malignant	Malignant	NDUFB9	0.49	99.9	1.05e-245
9	Malignant cells	Malignant	Malignant	NUDCD2	0.31	96.5	1.09e-245
9	Malignant cells	Malignant	Malignant	ADI1	0.42	99.0	1.98e-245
9	Malignant cells	Malignant	Malignant	TCEB1	0.52	99.7	2.54e-245
9	Malignant cells	Malignant	Malignant	SOX9	0.26	67.6	3.45e-245
9	Malignant cells	Malignant	Malignant	S100A9	0.58	98.1	6.49e-244
9	Malignant cells	Malignant	Malignant	S100A6	-1.96	43.5	3.3e-243
9	Malignant cells	Malignant	Malignant	NID1	0.36	85.7	8.08e-243
9	Malignant cells	Malignant	Malignant	SNRPN	0.26	95.9	1.56e-240
9	Malignant cells	Malignant	Malignant	XPOT	0.25	91.2	3.96e-240
9	Malignant cells	Malignant	Malignant	HACD3	0.3	93.6	2.47e-239
9	Malignant cells	Malignant	Malignant	CDKN2B-AS1	0.42	77.5	3.16e-239
9	Malignant cells	Malignant	Malignant	TPD52	0.32	96.0	5.66e-238
9	Malignant cells	Malignant	Malignant	RABGGTB	0.38	98.2	3.29e-235
9	Malignant cells	Malignant	Malignant	CXCL17	1.1	80.1	1.78e-234
9	Malignant cells	Malignant	Malignant	CEACAM1	0.28	74.0	1.38e-233
9	Malignant cells	Malignant	Malignant	AK6	0.26	95.7	2.09e-233
9	Malignant cells	Malignant	Malignant	PAG1	0.32	94.9	3.88e-233
9	Malignant cells	Malignant	Malignant	NNMT	0.35	70.9	4.47e-232
9	Malignant cells	Malignant	Malignant	GSTP1	-1.21	35.3	1.57e-231
9	Malignant cells	Malignant	Malignant	C6orf48	0.45	98.2	5.48e-231
9	Malignant cells	Malignant	Malignant	RASGRP2	0.3	87.7	1.08e-228
9	Malignant cells	Malignant	Malignant	SPHK1	0.27	79.2	5.36e-228
9	Malignant cells	Malignant	Malignant	MARCKSL1	0.33	95.2	4.2e-226
9	Malignant cells	Malignant	Malignant	METTL7A	0.3	91.2	5.21e-226
9	Malignant cells	Malignant	Malignant	CSTA	0.4	95.7	1.03e-225
9	Malignant cells	Malignant	Malignant	ACTG1	-1.02	99.7	1.45e-225
9	Malignant cells	Malignant	Malignant	DNAJB9	0.3	92.7	2.21e-225
9	Malignant cells	Malignant	Malignant	PHLDA2	0.47	89.1	5.01e-225
9	Malignant cells	Malignant	Malignant	SEC11C	0.34	97.1	5.64e-225
9	Malignant cells	Malignant	Malignant	MRPL15	0.32	96.4	4.05e-221
9	Malignant cells	Malignant	Malignant	MKKS	0.31	96.1	4.52e-220
9	Malignant cells	Malignant	Malignant	DECR1	0.35	98.2	4.18e-219
9	Malignant cells	Malignant	Malignant	SNHG8	0.48	99.3	7.47e-218
9	Malignant cells	Malignant	Malignant	RPL39	0.45	100.0	5.05e-217
9	Malignant cells	Malignant	Malignant	NDRG1	0.33	91.9	1.2e-215
9	Malignant cells	Malignant	Malignant	SCD	0.4	97.8	2.21e-215
9	Malignant cells	Malignant	Malignant	MANF	0.42	97.9	7.28e-213
9	Malignant cells	Malignant	Malignant	MRPL14	0.35	98.5	9.02e-213
9	Malignant cells	Malignant	Malignant	DDIT3	0.34	93.7	1.02e-211
9	Malignant cells	Malignant	Malignant	ERRFI1	0.26	70.9	3.01e-211
9	Malignant cells	Malignant	Malignant	SOX4	0.4	88.0	5.8e-209
9	Malignant cells	Malignant	Malignant	HTATIP2	0.28	94.6	2.25e-208
9	Malignant cells	Malignant	Malignant	ACAT1	0.26	94.9	2.71e-206
9	Malignant cells	Malignant	Malignant	ZFAS1	0.63	99.7	1.12e-205
9	Malignant cells	Malignant	Malignant	APCS	0.34	49.9	1.16e-201
9	Malignant cells	Malignant	Malignant	PDIA4	0.36	97.8	3.43e-199
9	Malignant cells	Malignant	Malignant	MDH2	0.38	99.2	1.01e-198
9	Malignant cells	Malignant	Malignant	SLIRP	0.41	99.9	5.79e-198
9	Malignant cells	Malignant	Malignant	RSL24D1	0.45	99.7	6.98e-194
9	Malignant cells	Malignant	Malignant	MPC1	0.3	96.2	6.85e-193
9	Malignant cells	Malignant	Malignant	GLRX5	0.26	97.2	1.54e-192
9	Malignant cells	Malignant	Malignant	LST1	-1.07	35.9	8.54e-191
9	Malignant cells	Malignant	Malignant	DEFB1	0.7	70.5	8.58e-191
9	Malignant cells	Malignant	Malignant	NPM1	0.42	100.0	1.06e-188
9	Malignant cells	Malignant	Malignant	SNCG	0.35	73.5	7.75e-188
9	Malignant cells	Malignant	Malignant	POLR2K	0.41	99.7	3.2e-185
9	Malignant cells	Malignant	Malignant	NDUFB5	0.36	99.7	6.53e-183
9	Malignant cells	Malignant	Malignant	S100P	0.49	78.0	1.65e-182
9	Malignant cells	Malignant	Malignant	CYSTM1	0.31	98.1	3.66e-182
9	Malignant cells	Malignant	Malignant	AIMP1	0.29	98.1	1.04e-181
9	Malignant cells	Malignant	Malignant	ESD	0.34	99.1	2.67e-181
9	Malignant cells	Malignant	Malignant	HLA-DPB1	-1.75	43.8	7.32e-181
9	Malignant cells	Malignant	Malignant	TOMM22	0.32	98.6	9.94e-181
9	Malignant cells	Malignant	Malignant	DNPH1	0.32	99.2	5.85e-179
9	Malignant cells	Malignant	Malignant	HLA-DPA1	-1.81	45.2	5.27e-178
9	Malignant cells	Malignant	Malignant	NDUFA4	0.42	99.9	2e-177
9	Malignant cells	Malignant	Malignant	PLEK	-0.99	34.9	4.62e-176
9	Malignant cells	Malignant	Malignant	LGALS3	-1.48	42.8	9.53e-171
9	Malignant cells	Malignant	Malignant	AIF1	-1.81	46.4	3.52e-170
9	Malignant cells	Malignant	Malignant	TMEM14B	0.28	98.2	8.38e-170
9	Malignant cells	Malignant	Malignant	IDH1	0.28	96.1	7.09e-169
9	Malignant cells	Malignant	Malignant	PCBD1	0.3	96.2	1.86e-167
9	Malignant cells	Malignant	Malignant	TIMP1	0.43	98.0	3.05e-167
9	Malignant cells	Malignant	Malignant	FCER1G	-1.79	49.2	4.1e-166
9	Malignant cells	Malignant	Malignant	HLA-DQB1	-1.64	55.5	2e-164
9	Malignant cells	Malignant	Malignant	TESC	0.32	77.0	2.89e-164
9	Malignant cells	Malignant	Malignant	IDI1	0.33	94.4	1.75e-161
9	Malignant cells	Malignant	Malignant	AKR1B10	0.47	79.3	1.61e-154
9	Malignant cells	Malignant	Malignant	KCTD12	-0.78	31.7	5.81e-152
9	Malignant cells	Malignant	Malignant	MS4A7	-1.12	34.2	2.69e-151
9	Malignant cells	Malignant	Malignant	NUDC	0.33	98.2	2.78e-149
9	Malignant cells	Malignant	Malignant	BPIFA2	0.43	58.3	2.22e-147
9	Malignant cells	Malignant	Malignant	FGL2	-1.02	33.6	7.74e-147
9	Malignant cells	Malignant	Malignant	C1orf162	-0.76	34.6	3.43e-146
9	Malignant cells	Malignant	Malignant	CDKN1C	0.28	62.9	1.02e-145
9	Malignant cells	Malignant	Malignant	HLA-DRA	-2.55	75.9	6.15e-145
9	Malignant cells	Malignant	Malignant	TKT	0.34	99.2	1.44e-144
9	Malignant cells	Malignant	Malignant	MS4A6A	-1.3	38.6	4.9e-144
9	Malignant cells	Malignant	Malignant	TMEM91	0.26	70.6	7.99e-143
9	Malignant cells	Malignant	Malignant	HLA-DQA1	-1.46	38.1	6.64e-141
9	Malignant cells	Malignant	Malignant	ERH	0.32	99.4	1.95e-139
9	Malignant cells	Malignant	Malignant	SDF2L1	0.26	95.4	1.46e-134
9	Malignant cells	Malignant	Malignant	LY96	-0.78	36.6	2.84e-131
9	Malignant cells	Malignant	Malignant	FCGR2A	-0.8	34.3	4.18e-131
9	Malignant cells	Malignant	Malignant	MSR1	-0.81	32.6	2.93e-130
9	Malignant cells	Malignant	Malignant	SGK1	-1.18	43.4	5.36e-129
9	Malignant cells	Malignant	Malignant	TM4SF1	0.29	70.1	3.55e-127
9	Malignant cells	Malignant	Malignant	MRC1	-0.82	31.1	8.49e-127
9	Malignant cells	Malignant	Malignant	GSTA1	0.29	52.9	1.27e-126
9	Malignant cells	Malignant	Malignant	CYBB	-1.01	34.6	2.11e-126
9	Malignant cells	Malignant	Malignant	TCEA1	0.28	99.4	8.37e-126
9	Malignant cells	Malignant	Malignant	SNRPE	0.27	99.5	1.27e-124
9	Malignant cells	Malignant	Malignant	LYZ	-1.89	50.8	1.46e-124
9	Malignant cells	Malignant	Malignant	RNASE6	-0.71	31.9	1.22e-123
9	Malignant cells	Malignant	Malignant	CSF1R	-0.62	30.1	4.18e-123
9	Malignant cells	Malignant	Malignant	EEF1B2	0.36	100.0	1.48e-119
9	Malignant cells	Malignant	Malignant	FCGR3A	-0.93	33.4	2.74e-115
9	Malignant cells	Malignant	Malignant	SPI1	-0.62	33.9	7.27e-115
9	Malignant cells	Malignant	Malignant	TYROBP	-2.0	64.9	7.41e-115
9	Malignant cells	Malignant	Malignant	UQCRH	0.3	99.9	9.74e-114
9	Malignant cells	Malignant	Malignant	SLC2A3	-1.09	34.3	1.11e-113
9	Malignant cells	Malignant	Malignant	CD86	-0.47	28.6	7.22e-111
9	Malignant cells	Malignant	Malignant	MS4A4A	-0.83	33.4	6.31e-110
9	Malignant cells	Malignant	Malignant	PLA2G7	-0.6	28.9	2.16e-108
9	Malignant cells	Malignant	Malignant	BCL2A1	-0.85	31.8	6.98e-106
9	Malignant cells	Malignant	Malignant	C1orf54	-0.53	29.6	2.49e-105
9	Malignant cells	Malignant	Malignant	ATF3	-1.12	49.6	4.56e-105
9	Malignant cells	Malignant	Malignant	NPPB	0.3	26.6	2.16e-103
9	Malignant cells	Malignant	Malignant	MPEG1	-0.68	31.6	4.73e-99
9	Malignant cells	Malignant	Malignant	HLA-DRB1	-2.16	89.6	1.01e-98
9	Malignant cells	Malignant	Malignant	CPVL	-0.62	31.7	1.09e-98
9	Malignant cells	Malignant	Malignant	FPR3	-0.53	29.3	1.4e-98
9	Malignant cells	Malignant	Malignant	C1QA	-2.14	56.5	8.55e-98
9	Malignant cells	Malignant	Malignant	ID1	0.3	67.7	2.78e-97
9	Malignant cells	Malignant	Malignant	C1QC	-1.48	42.2	3.17e-97
9	Malignant cells	Malignant	Malignant	CCL3	-1.86	58.7	3.78e-95
9	Malignant cells	Malignant	Malignant	CLEC7A	-0.44	29.0	5.15e-91
9	Malignant cells	Malignant	Malignant	TCF4	-0.46	26.9	6.69e-91
9	Malignant cells	Malignant	Malignant	MNDA	-0.62	29.1	5.43e-90
9	Malignant cells	Malignant	Malignant	RGCC	-1.13	36.1	6.58e-89
9	Malignant cells	Malignant	Malignant	CD83	-1.03	44.4	3.08e-87
9	Malignant cells	Malignant	Malignant	FOLR2	-0.82	32.6	1.09e-86
9	Malignant cells	Malignant	Malignant	ADAP2	-0.57	34.0	1.67e-85
9	Malignant cells	Malignant	Malignant	ENTPD1	-0.39	27.5	1.07e-83
9	Malignant cells	Malignant	Malignant	C1QB	-2.11	56.1	2.86e-82
9	Malignant cells	Malignant	Malignant	GBP1	-0.45	28.5	4.47e-80
9	Malignant cells	Malignant	Malignant	MEF2C	-0.59	36.2	1.24e-77
9	Malignant cells	Malignant	Malignant	GPR34	-0.45	27.6	4.1e-77
9	Malignant cells	Malignant	Malignant	RNASE1	-1.69	43.4	4.28e-75
9	Malignant cells	Malignant	Malignant	IL4I1	-0.65	30.6	1.1e-74
9	Malignant cells	Malignant	Malignant	HAVCR2	-0.4	30.3	3.05e-73
9	Malignant cells	Malignant	Malignant	CD93	-0.49	29.2	6.47e-72
9	Malignant cells	Malignant	Malignant	C5AR1	-0.58	34.0	1.8e-71
9	Malignant cells	Malignant	Malignant	IRF8	-0.42	31.9	7.68e-71
9	Malignant cells	Malignant	Malignant	DNAJA4	-0.69	34.3	3.06e-68
9	Malignant cells	Malignant	Malignant	TREM2	-0.45	28.8	2.28e-67
9	Malignant cells	Malignant	Malignant	IL1B	-1.49	43.7	2.34e-66
9	Malignant cells	Malignant	Malignant	TCEAL8	-0.33	26.9	7.36e-65
9	Malignant cells	Malignant	Malignant	BASP1	-0.54	34.7	1.94e-63
9	Malignant cells	Malignant	Malignant	MAFB	-0.87	50.3	1.09e-62
9	Malignant cells	Malignant	Malignant	PLAUR	-0.68	41.3	7.31e-62
9	Malignant cells	Malignant	Malignant	LINC01272	-0.37	27.0	4.11e-60
9	Malignant cells	Malignant	Malignant	CRIP1	-0.8	27.9	1.17e-59
9	Malignant cells	Malignant	Malignant	CCL4	-2.04	55.1	3.69e-59
9	Malignant cells	Malignant	Malignant	FAM198B	-0.28	26.4	5.96e-59
9	Malignant cells	Malignant	Malignant	NRP2	-0.35	27.9	9.66e-59
9	Malignant cells	Malignant	Malignant	F13A1	-0.58	28.2	1.02e-58
9	Malignant cells	Malignant	Malignant	MMP9	-1.02	38.4	1.47e-58
9	Malignant cells	Malignant	Malignant	NR4A1	-0.67	42.7	5.54e-58
9	Malignant cells	Malignant	Malignant	HCK	-0.29	27.6	3.48e-57
9	Malignant cells	Malignant	Malignant	PLXDC2	-0.28	26.0	3.83e-57
9	Malignant cells	Malignant	Malignant	PHACTR1	-0.44	28.8	9.29e-56
9	Malignant cells	Malignant	Malignant	STAB1	-0.77	43.2	2.36e-55
9	Malignant cells	Malignant	Malignant	CD69	-1.56	30.2	4.57e-55
9	Malignant cells	Malignant	Malignant	CCL3L3	-1.17	37.4	1.38e-54
9	Malignant cells	Malignant	Malignant	EPB41L3	-0.33	29.0	2.06e-54
9	Malignant cells	Malignant	Malignant	ALOX5AP	-0.69	28.5	8.28e-54
9	Malignant cells	Malignant	Malignant	HMGB2	-0.88	45.2	4.77e-52
9	Malignant cells	Malignant	Malignant	CD2	-1.28	28.1	1.48e-50
9	Malignant cells	Malignant	Malignant	PTGS2	-0.6	30.9	1.53e-50
9	Malignant cells	Malignant	Malignant	VSIG4	-0.33	27.0	3.86e-50
9	Malignant cells	Malignant	Malignant	CD27	-0.47	18.8	4.19e-50
9	Malignant cells	Malignant	Malignant	LTB	-1.76	35.4	6.17e-50
9	Malignant cells	Malignant	Malignant	ENG	-0.26	26.7	1.06e-49
9	Malignant cells	Malignant	Malignant	LGALS1	-1.05	98.8	1.14e-48
9	Malignant cells	Malignant	Malignant	BATF	-0.5	26.4	7.2e-48
9	Malignant cells	Malignant	Malignant	TNF	-0.62	27.7	7.62e-48
9	Malignant cells	Malignant	Malignant	GBP4	-0.27	25.8	1.08e-47
9	Malignant cells	Malignant	Malignant	CD9	-0.84	47.3	2.01e-46
9	Malignant cells	Malignant	Malignant	MMP12	-1.76	44.5	4.19e-46
9	Malignant cells	Malignant	Malignant	CCL5	-1.51	28.0	5.57e-46
9	Malignant cells	Malignant	Malignant	ACP5	-0.6	46.2	7.82e-46
9	Malignant cells	Malignant	Malignant	CD7	-0.44	66.4	9.82e-45
9	Malignant cells	Malignant	Malignant	TRAC	-1.15	28.2	1.98e-44
9	Malignant cells	Malignant	Malignant	IGF1	-0.31	25.5	2.42e-44
9	Malignant cells	Malignant	Malignant	SH3BP5	-0.44	37.8	1.02e-42
9	Malignant cells	Malignant	Malignant	BAG3	-0.74	49.0	2.31e-42
9	Malignant cells	Malignant	Malignant	HBEGF	-0.35	31.1	3.54e-42
9	Malignant cells	Malignant	Malignant	IL1RN	-0.78	39.4	8.22e-42
9	Malignant cells	Malignant	Malignant	WBP5	-0.31	28.4	1.18e-41
9	Malignant cells	Malignant	Malignant	CD163	-0.75	47.4	5.84e-41
9	Malignant cells	Malignant	Malignant	CD209	-0.31	26.9	1.52e-40
9	Malignant cells	Malignant	Malignant	LILRB5	-0.32	28.0	1.56e-40
9	Malignant cells	Malignant	Malignant	LPAR6	-0.5	49.0	4.66e-40
9	Malignant cells	Malignant	Malignant	TNFRSF4	-0.91	29.6	1.62e-39
9	Malignant cells	Malignant	Malignant	GPNMB	-1.4	66.2	1.91e-39
9	Malignant cells	Malignant	Malignant	PLAU	-0.28	28.3	2.19e-39
9	Malignant cells	Malignant	Malignant	IL7R	-1.05	26.3	1.49e-38
9	Malignant cells	Malignant	Malignant	HSPA6	-1.36	53.5	4.82e-38
9	Malignant cells	Malignant	Malignant	SLC40A1	-1.07	91.7	8.36e-38
9	Malignant cells	Malignant	Malignant	CCL2	-0.74	32.3	2.04e-36
9	Malignant cells	Malignant	Malignant	HPGDS	-0.29	20.9	3.79e-36
9	Malignant cells	Malignant	Malignant	CD14	-1.34	65.1	3.87e-36
9	Malignant cells	Malignant	Malignant	AC006129.2	-0.26	17.0	3.51e-35
9	Malignant cells	Malignant	Malignant	FCGR2B	-0.27	25.1	3.63e-35
9	Malignant cells	Malignant	Malignant	SOCS3	-0.51	39.6	4.27e-35
9	Malignant cells	Malignant	Malignant	KLF4	-0.51	45.6	5.25e-35
9	Malignant cells	Malignant	Malignant	RAB11FIP1	-0.56	41.3	8.37e-35
9	Malignant cells	Malignant	Malignant	CCL4L2	-1.74	45.7	8.22e-34
9	Malignant cells	Malignant	Malignant	MX1	-0.25	26.5	1.06e-33
9	Malignant cells	Malignant	Malignant	TRBC2	-0.9	27.3	2e-33
9	Malignant cells	Malignant	Malignant	CD3D	-0.41	73.0	2.61e-33
9	Malignant cells	Malignant	Malignant	TUBA1B	-0.76	97.1	4.39e-33
9	Malignant cells	Malignant	Malignant	MT1E	-0.31	25.0	9.68e-33
9	Malignant cells	Malignant	Malignant	ADAM8	-0.26	27.5	3.42e-32
9	Malignant cells	Malignant	Malignant	MT2A	-0.58	95.5	3.46e-31
9	Malignant cells	Malignant	Malignant	GEM	-0.29	28.5	4.83e-31
9	Malignant cells	Malignant	Malignant	DSE	-0.25	27.0	7.13e-31
9	Malignant cells	Malignant	Malignant	TRBC1	-1.06	27.2	1.01e-29
9	Malignant cells	Malignant	Malignant	PDK4	-0.34	31.8	3.32e-29
9	Malignant cells	Malignant	Malignant	TNFSF10	-0.26	26.9	4.58e-29
9	Malignant cells	Malignant	Malignant	TNFRSF18	-0.79	27.1	5.4e-29
9	Malignant cells	Malignant	Malignant	ITGAX	-0.31	38.0	6.9e-29
9	Malignant cells	Malignant	Malignant	CXCL8	-1.49	61.9	2.36e-28
9	Malignant cells	Malignant	Malignant	G0S2	-0.59	30.3	8.09e-28
9	Malignant cells	Malignant	Malignant	NR4A3	-0.38	27.0	1.78e-27
9	Malignant cells	Malignant	Malignant	BIRC3	-0.71	40.8	4.03e-27
9	Malignant cells	Malignant	Malignant	FABP4	-1.04	31.6	6.57e-27
9	Malignant cells	Malignant	Malignant	IL10	-0.25	25.5	1.35e-25
9	Malignant cells	Malignant	Malignant	EGR2	-0.27	27.6	2.64e-25
9	Malignant cells	Malignant	Malignant	DNASE1L3	-0.49	27.5	1.31e-24
9	Malignant cells	Malignant	Malignant	MT1G	-0.54	26.7	5.16e-24
9	Malignant cells	Malignant	Malignant	STC1	-0.45	19.9	1.27e-23
9	Malignant cells	Malignant	Malignant	SPOCK2	-0.51	26.1	5.65e-23
9	Malignant cells	Malignant	Malignant	VCAN	-0.49	28.4	6.82e-23
9	Malignant cells	Malignant	Malignant	CD40LG	-0.31	23.4	1.74e-22
9	Malignant cells	Malignant	Malignant	MXD1	-0.39	40.8	1.82e-22
9	Malignant cells	Malignant	Malignant	OCIAD2	-0.32	24.5	2.35e-22
9	Malignant cells	Malignant	Malignant	EGR1	-0.85	66.9	2.91e-22
9	Malignant cells	Malignant	Malignant	CLEC10A	-0.31	27.4	1.15e-21
9	Malignant cells	Malignant	Malignant	CXCL3	-0.83	46.1	1.17e-21
9	Malignant cells	Malignant	Malignant	EREG	-0.73	28.6	1.41e-21
9	Malignant cells	Malignant	Malignant	HES1	-0.29	66.3	8.61e-21
9	Malignant cells	Malignant	Malignant	PLAC8	-0.27	26.2	1.06e-20
9	Malignant cells	Malignant	Malignant	NKG7	-0.81	24.2	3.85e-20
9	Malignant cells	Malignant	Malignant	GZMA	-0.89	24.9	5.09e-20
9	Malignant cells	Malignant	Malignant	DUSP4	-0.45	27.4	9e-20
9	Malignant cells	Malignant	Malignant	SDS	-0.25	28.3	9.56e-20
9	Malignant cells	Malignant	Malignant	IFNG	-0.86	23.3	1.31e-19
9	Malignant cells	Malignant	Malignant	FCN1	-0.5	26.2	1.97e-19
9	Malignant cells	Malignant	Malignant	XCL2	-0.35	18.6	3.98e-19
9	Malignant cells	Malignant	Malignant	TIGIT	-0.6	27.2	4.94e-19
9	Malignant cells	Malignant	Malignant	KLRB1	-1.06	25.9	1.34e-18
9	Malignant cells	Malignant	Malignant	MT-ND6	-0.31	87.4	2.9e-18
9	Malignant cells	Malignant	Malignant	ZFAND2A	-0.54	91.1	3.07e-18
9	Malignant cells	Malignant	Malignant	LBH	-0.29	26.8	4.22e-18
9	Malignant cells	Malignant	Malignant	LAIR2	-0.36	24.9	4.77e-18
9	Malignant cells	Malignant	Malignant	TNFSF14	-0.29	25.7	7.26e-18
9	Malignant cells	Malignant	Malignant	ICOS	-0.44	24.7	1.29e-17
9	Malignant cells	Malignant	Malignant	CTLA4	-0.39	25.4	1.94e-17
9	Malignant cells	Malignant	Malignant	FSCN1	-0.27	35.3	2.41e-17
9	Malignant cells	Malignant	Malignant	RHOB	-0.79	83.3	3.5e-17
9	Malignant cells	Malignant	Malignant	IFI30	-0.36	33.6	1.1e-16
9	Malignant cells	Malignant	Malignant	AC092580.4	-0.29	21.4	1.94e-16
9	Malignant cells	Malignant	Malignant	MKI67	-0.28	27.5	6.3e-16
9	Malignant cells	Malignant	Malignant	FBP1	-0.35	41.7	2.75e-15
9	Malignant cells	Malignant	Malignant	SPP1	-1.23	99.4	5.6e-15
9	Malignant cells	Malignant	Malignant	LGMN	-1.28	84.9	4.64e-14
9	Malignant cells	Malignant	Malignant	PTTG1	-0.46	44.4	5.15e-14
9	Malignant cells	Malignant	Malignant	TPSB2	-0.66	23.0	1.23e-13
9	Malignant cells	Malignant	Malignant	CENPF	-0.29	28.7	1.74e-13
9	Malignant cells	Malignant	Malignant	RASSF4	-0.32	43.9	3.48e-13
9	Malignant cells	Malignant	Malignant	CKS2	-0.37	87.2	3.85e-13
9	Malignant cells	Malignant	Malignant	IFI27	-0.36	26.2	7.95e-13
9	Malignant cells	Malignant	Malignant	TOP2A	-0.36	29.2	2.78e-12
9	Malignant cells	Malignant	Malignant	GZMH	-0.29	17.4	4.31e-12
9	Malignant cells	Malignant	Malignant	FAM46A	-0.45	53.1	5.3e-12
9	Malignant cells	Malignant	Malignant	KIAA0101	-0.28	33.3	9.97e-12
9	Malignant cells	Malignant	Malignant	IGFBP7	-0.92	26.6	3.48e-11
9	Malignant cells	Malignant	Malignant	TNFSF9	-0.26	29.0	4.98e-11
9	Malignant cells	Malignant	Malignant	MMP19	-0.32	34.1	5.77e-11
9	Malignant cells	Malignant	Malignant	IGKC	-2.8	66.1	8.04e-11
9	Malignant cells	Malignant	Malignant	ARRDC3	-0.53	51.4	1e-10
9	Malignant cells	Malignant	Malignant	CD36	-0.49	72.2	1.18e-10
9	Malignant cells	Malignant	Malignant	SPARC	-0.74	26.6	2.44e-10
9	Malignant cells	Malignant	Malignant	AREG	-0.34	31.8	4.59e-10
9	Malignant cells	Malignant	Malignant	NUDT1	-0.29	54.3	5.07e-10
9	Malignant cells	Malignant	Malignant	ACTA2	-0.29	23.0	5.69e-10
9	Malignant cells	Malignant	Malignant	SERPINH1	-0.3	64.0	8.22e-10
9	Malignant cells	Malignant	Malignant	GADD45G	-0.32	36.6	9.84e-10
9	Malignant cells	Malignant	Malignant	STMN1	-0.79	68.8	2.21e-09
9	Malignant cells	Malignant	Malignant	RGS16	-0.27	30.1	2.98e-08
9	Malignant cells	Malignant	Malignant	HK2	-0.37	43.7	8.04e-08
9	Malignant cells	Malignant	Malignant	ARL6IP1	-0.56	82.1	1.36e-07
9	Malignant cells	Malignant	Malignant	CFD	-0.35	46.2	1.91e-07
9	Malignant cells	Malignant	Malignant	FOXP3	-0.26	25.3	2.29e-07
9	Malignant cells	Malignant	Malignant	PHLDA1	-0.62	58.3	3.3e-07
9	Malignant cells	Malignant	Malignant	BLVRB	-0.34	98.2	4.8e-07
9	Malignant cells	Malignant	Malignant	ADM	-0.27	57.8	4.88e-07
9	Malignant cells	Malignant	Malignant	ITM2A	-0.63	39.2	5.67e-07
9	Malignant cells	Malignant	Malignant	FABP5	-1.02	99.2	1.82e-06
9	Malignant cells	Malignant	Malignant	JCHAIN	-0.45	25.8	2.31e-06
9	Malignant cells	Malignant	Malignant	GZMK	-0.54	26.2	3.58e-06
9	Malignant cells	Malignant	Malignant	DNAJC15	-0.34	65.2	9.01e-06
9	Malignant cells	Malignant	Malignant	ID3	-0.44	39.0	9.85e-06
