,amino_acid,lipid,nucleotide,Activated B cell,Activated CD4 T cell,Activated CD8 T cell,Activated dendritic cell,CD56bright natural killer cell,CD56dim natural killer cell,Central memory CD4 T cell,Central memory CD8 T cell,Effector memeory CD4 T cell,Effector memeory CD8 T cell,Eosinophil,Gamma delta T cell,Immature  B cell,Immature dendritic cell,Macrophage,Mast cell,MDSC,Memory B cell,Monocyte,Natural killer cell,Natural killer T cell,Neutrophil,Plasmacytoid dendritic cell,Regulatory T cell,T follicular helper cell,Type 1 T helper cell,Type 17 T helper cell,Type 2 T helper cell
TCGA.FV.A3I0.01A.11R.A22L.07,0.213580142980253,0.146115654652338,0.0152487081413266,-0.319118333799883,-0.0314223538433053,0.0191055641874051,0.224251118729076,0.219020055461732,0.44970796017025,0.393535644252067,0.25721349003155,-0.0744470623380364,0.0842240379859089,-0.102732650512632,0.120970521893615,-0.0565176748105292,0.278692513009887,-0.0270713167772425,-0.048933370117116,0.166323473969671,-0.108646042321757,0.396864208067753,0.333393701415947,0.0345619819543832,-0.348531313531773,0.340780017505124,-0.0211490886858024,0.0422951909695863,-0.0164813091124233,0.124057576105405,-0.118213746675293
TCGA.BD.A3ER.01A.11R.A213.07,0.760029863769492,0.765005747271639,0.688364811029754,-0.274329702950435,0.00479183987814566,0.0752712806064636,0.36094466349971,0.208032745779412,0.427561629488228,0.342161242463186,0.33177089410061,-0.12608532199604,0.108379194384054,-0.130056555163037,0.212927517099364,0.0591927732085381,0.301404386276424,0.0516257622121621,-0.122105684842629,0.224263555408185,0.0302989597992779,0.492472662534361,0.372968168963319,0.0738039614554858,-0.042116609930602,0.361732433624081,0.0261978641988297,0.118140214377188,0.0620276221156823,0.0812643221229584,-0.138540622097934
TCGA.CC.5261.01A.01R.A131.07,0.36172031222675,0.523110310599848,0.0219593713482809,-0.0874943670600262,0.104189427775343,0.182434999327038,0.209507111181162,0.227468288468545,0.356354717092263,0.425276191342808,0.323746208412252,-0.0652689700152329,0.0544125097667902,-0.371865102237311,0.19595809526589,0.0557939425868766,0.314735607167483,0.0583860198437396,-0.0950658312385852,0.214447329244759,0.145711235065108,0.478404054781564,0.453150611493911,0.0939136235546617,-0.203720369558231,0.38574540993704,0.0368903950022762,0.129496917296232,0.0713874422174351,-0.0452065912996304,-0.0576476305757961
TCGA.DD.AAVZ.01A.11R.A41C.07,0.806481840989424,0.765888955214746,0.552156735855786,-0.254417853380261,-0.0350716473955999,0.0710556818843805,0.199431064481869,0.211842197993558,0.400077410413979,0.285527799964104,0.326874096896269,-0.139463856267248,0.0189632627189462,-0.288158929151489,0.209494969200295,0.00755585061572484,0.236188733388765,0.0306176722218723,-0.181628644223449,-0.00309012907302678,0.218116807630144,0.43618118976772,0.310184151416083,-0.0492864611672545,-0.171812087483869,0.309146327633122,-0.171025564687372,0.060452452087937,-0.0189926834764218,0.016265236312376,-0.1108501409734
TCGA.DD.AADN.01A.11R.A41C.07,0.755395634873815,0.452055281745445,0.796030069300018,-0.139995239428005,0.199207256140781,0.459007800087759,0.242715574423676,0.311190136588475,0.350584886875326,0.334213630307115,0.297256986985735,0.0126758109373306,0.112582339907662,-0.321852077250701,0.25489139137677,0.078648987122714,0.309364628650165,0.0752661607885216,-0.0507910606723635,0.39788682311011,0.125246630690379,0.458084142897054,0.314447676327368,0.0549322457892922,-0.168489411110518,0.302868720023603,0.0468646335439542,0.0693176963660676,-0.00436061472732566,0.0932896993839186,-0.0936323311287383
TCGA.DD.A1EB.01A.11R.A131.07,0.667122233586848,0.823660522835723,0.656883512068794,-0.333876812048238,-0.226923579448902,0.0975944617331908,0.157186729779081,0.195589237750416,0.359977108225085,0.259714856589659,0.291919795269363,-0.15761256116195,0.0198484632477944,-0.21007428898061,0.140660301545186,-0.0675080586302793,0.269749342170198,-0.0742295111841229,-0.2037338167783,0.0224607819098651,0.0929871255464571,0.468359945459906,0.350753669679679,-0.0835705281215119,-0.177338041353892,0.283234845712771,0.00986557129227776,0.0295747089770426,-0.0153092912578796,-0.00136420150531739,-0.145134778331772
TCGA.LG.A9QD.01A.11R.A38B.07,0.828170389391778,0.827793503788075,0.708408849250855,-0.235261779179576,-0.0634447299830943,0.113899056568575,0.232661286691425,0.195627425345883,0.349454567803775,0.313372456526145,0.3072690388021,-0.132259170072917,0.100453269323869,-0.100106848703879,0.177911322172048,0.018427882386215,0.226786732110981,-0.00460461104742109,-0.152228475448148,0.0835886456271489,0.0591507496634981,0.396115560040994,0.323289703686049,-0.0312856122762074,-0.032152354421013,0.304785582516511,-0.0550551541823541,0.029199983650422,-0.0159665658557596,0.0828792507908235,-0.134296130278871
TCGA.G3.A25T.01A.11R.A16W.07,0.37681688334826,0.395584289882586,0.437364708775651,-0.270530878999246,-0.0490006857075514,0.129217847240977,0.174610009007246,0.164661024717961,0.363341880148995,0.419981327824062,0.289166736831975,-0.0458687456448204,0.0190067566596521,-0.213082797594475,0.239040031417233,-0.01289865857491,0.253001500620206,-0.0488282267159223,-0.137440699929084,0.175301952811572,-0.106106112909531,0.406771685742242,0.267734251333611,0.0480912941890944,-0.368390164976694,0.306465080537049,0.00771955063605361,-0.00505372172968618,0.00452518897566585,0.048643417196177,-0.139279806983215
TCGA.XR.A8TE.01A.11R.A36F.07,0.571151965474865,0.601119225579217,0.154554501204644,-0.280549029575428,-0.0303578761235821,0.00789415224363428,0.149343142869698,0.22158694157061,0.330375299800879,0.263193414738614,0.253915918522631,-0.134864827510631,-0.00407660225962423,-0.106693264391805,0.203224153770608,-0.0919750841238971,0.226511430381276,-0.11577879554172,-0.141754068620662,0.0453240423379316,0.0725200469273016,0.425318526588029,0.351503435184983,-0.0157918118253899,-0.379166053055725,0.329122097455786,-0.0148805658249759,0.0793025516007852,-0.0308488495053878,-0.0357406842129104,0.00756605557778913
TCGA.DD.AACA.01A.11R.A41C.07,0.689748224255299,0.674953273684408,0.355390907765625,-0.305494026758647,-0.165506870197977,0.0950729205148326,0.148132699894214,0.192280560401099,0.320450263059059,0.286889632360628,0.29152153895828,-0.126964583904343,-0.0292167113244227,-0.21399634474007,0.220386993922804,-0.09988439247346,0.255455238888159,-0.125409725885537,-0.231147006071572,-0.0457617937490145,0.211204195911278,0.441866793908703,0.299072542022165,-0.0464224707544012,-0.314989447899377,0.254896706279524,-0.1067172049219,0.070188761344383,-0.0455504147036859,0.0513327614784774,-0.101920657049195
TCGA.FV.A4ZQ.01A.11R.A266.07,0.680681752479011,0.61911200551338,0.702111514241095,-0.182616218141648,0.177522759068692,0.353259628176468,0.292317179665042,0.264275364145684,0.21395665490718,0.367004555943863,0.330007409436585,-0.102471549675948,0.190117883486754,-0.258192407902727,0.26968118168781,0.209678336552458,0.229294516545954,0.0715809006044416,-0.0981226159931749,0.261875720659791,0.206891774899293,0.437515618915474,0.294340770810594,0.0468999684082861,-0.270758420472198,0.262382489916,0.120825661707501,0.138444832241246,0.0883089919192523,0.0348872273993423,0.0231050392048672
TCGA.DD.AAD5.01A.11R.A41C.07,0.470101542625417,0.394846309198145,0.707601653467611,-0.272830480065229,-0.0252013538108691,0.062476896201214,0.349256516929987,0.258164831463244,0.340989509576976,0.42275690138078,0.35343826297741,-0.010263958812341,0.107450984885381,-0.291495247409536,0.253327702160014,-0.0168056034119668,0.23026222691543,0.0563414436646722,-0.111722029039611,0.301081033757336,0.00885978502433201,0.426558757595799,0.316822512997857,0.148250222133439,-0.235134325958957,0.366336154417082,0.110618006419602,0.14545593429102,-0.00862175230299366,0.0743183985700199,-0.0429223804476205
TCGA.K7.A5RF.01A.11R.A28V.07,0.873062410243306,0.82497877954797,0.471121071065293,-0.247047521870264,0.107684104484754,0.171770974240906,0.196739459807148,0.237476125520745,0.380387443465598,0.329190711718299,0.368663858846556,-0.0991850613039291,0.146039544715155,0.0557667029363013,0.213523700953352,0.233943208838907,0.329239246964376,0.0976282451435875,-0.0372265215481375,0.250138829133874,0.143296075952673,0.431923031978227,0.395997609140288,0.0801037463960856,-0.000817494102766993,0.329616394550248,0.271040376322894,0.06336586690295,0.0452581283569087,0.0513799104330435,0.0225987931253847
TCGA.DD.AADA.01A.11R.A41C.07,0.636543915038989,0.515512818397972,0.0712887305696226,-0.250637089667615,-0.0410511127873049,0.239510427262221,0.23770142307865,0.219874798177817,0.387335957552323,0.395330206452615,0.315042476632701,-0.197049103378896,0.0442002124542882,-0.257473965285463,0.166890328757576,0.0150653815588756,0.248145951769748,0.0402938324466612,-0.155361507458669,0.175796922477167,-0.00851202094323939,0.464139858892559,0.375464576901154,-0.0293777696444313,-0.129993505854802,0.329859840927282,-0.0360431864313719,0.0178289044025356,0.0273352891223084,-0.0623811995050226,-0.229467136910961
TCGA.MI.A75I.01A.11R.A32O.07,0.66983903022264,0.745901141349321,0.592218747527284,-0.329375610605404,-0.0664083526178274,0.115162430649563,0.15744728181581,0.26570890440632,0.414748577971706,0.249935965242946,0.300005040235615,-0.0894649519175475,0.00273152130736777,-0.276011069059139,0.262287622277967,-0.02941308862491,0.246287717596734,-0.0754475776299418,-0.140615664264349,0.0685950856230312,0.123785214732146,0.423828197390995,0.339052637601325,0.00194370809657576,-0.129197725633417,0.283210126610732,-0.00746184791555187,-0.0218449065348203,-0.0155641559846822,0.0106563831741438,-0.141752990551664
TCGA.DD.AAD0.01A.11R.A41C.07,0.678126190976649,0.736249868607989,0.590936442032214,-0.272230341970864,-0.153523577683107,0.0505105361699183,0.186274875938295,0.202139405072161,0.369800619244503,0.271527925810558,0.324428028238992,-0.119993563886457,-0.0521310871854815,-0.254131508274361,0.272395355492257,-0.0928342838079695,0.299423912759679,-0.13931222768961,-0.194375994062766,-0.0853406259558158,0.0685893501627594,0.407098813488854,0.274718130297776,-0.0222668321149098,-0.425174526148313,0.168876496864585,-0.0745636668138191,0.0809578198348075,-0.0287883544813786,0.00990599849753023,-0.0459466273071691
TCGA.DD.AACN.01A.11R.A41C.07,0.65576264319229,0.52507156492353,0.287123646759004,-0.248007782133867,0.0156307824876958,0.125619624510623,0.156794212331846,0.120184869607672,0.406969574271557,0.326173185776118,0.298541188721436,-0.181902195822147,0.0072682709201454,-0.228293635093298,0.200398571884673,-0.0360877072946224,0.173079422057082,-0.0173046472337032,-0.105894962053473,0.0883683329702149,-0.0524762382755027,0.406450516185673,0.368662054017368,0.0227925795228092,-0.167667745900525,0.360700020171248,-0.0916074969482076,0.100812711995839,0.00742713758887895,-0.0177280802181647,-0.137250403509211
TCGA.DD.AAW0.01A.11R.A41C.07,0.78157713751154,0.789377995070955,0.420844916936987,-0.235767899539375,-0.0233377971492301,0.164708505710648,0.315237361181361,0.224134141794462,0.426132527860775,0.360660284420203,0.354970677816648,-0.166986393647818,0.09496478267386,-0.214218239199433,0.213880203512229,0.0527522179110873,0.306984463300155,0.101725917536894,-0.0458071356428563,0.269989392030868,0.0798021147496096,0.490327164912846,0.369227766638034,0.113525399996527,-0.123925692600872,0.294110270036465,0.144445331417398,0.124504436151473,0.0684728445090269,0.0652768877769579,-0.18188975637796
TCGA.BC.A10R.01A.11R.A131.07,0.725829026747862,0.648479614586925,0.343357943182454,-0.281683803840687,-0.164347749351782,0.0586014000273648,0.238105209927818,0.203777711738665,0.498595228412067,0.38255569117446,0.272637765427734,-0.117115715601865,0.0142211074084937,-0.35502630658395,0.147919139574001,-0.036147850612508,0.224481539506534,-0.0247300914317195,-0.109449844184158,0.0578776129076744,-0.110679791718081,0.424631522121832,0.317682254113078,0.0799331672367036,-0.0756776087049744,0.328074769614586,0.0116955795864677,0.081975940775295,-0.00947850530377022,0.0528967654727611,-0.200337509041333
TCGA.DD.AAD3.01A.11R.A41C.07,0.72778778709885,0.767644398345235,0.310387836681033,-0.248183820788253,-0.00850610759822868,0.117177470243672,0.216429781090772,0.232034718153663,0.476641854709937,0.301505682038314,0.326354321408042,-0.116311204737271,0.0798949511060932,-0.204423580559236,0.23980826643213,0.0381343025949456,0.245369286881561,0.0139980420836193,-0.0817371857975235,0.105894903272995,0.0999176659459887,0.441143357032134,0.418896736149689,0.0329206575430624,-0.0889345040991554,0.354174063609891,0.00339546070075173,0.100380846101789,0.0318393725386189,0.00780598604484435,-0.124326499213947
TCGA.2Y.A9GZ.01A.11R.A39D.07,0.851966899878499,0.816023996994647,0.598381644303516,-0.30385623326765,-0.194689668227517,0.0384466240951121,0.0971745989625723,0.189153058093476,0.346620932368836,0.232880858275329,0.307182385573666,-0.120999053304284,-0.0359537185498747,-0.194491106076145,0.253713081396726,-0.0839776087913131,0.235456398468991,-0.000884754465700246,-0.194198406573841,-0.0037281955543908,0.149165709316281,0.418144839955641,0.382317833754237,-0.0394413330437415,-0.201733555706641,0.314249113118009,-0.106099648194315,0.0132161172050418,-0.0427729923760693,0.0887276147370723,-0.0190546751958393
TCGA.DD.A11B.01A.11R.A131.07,0.766990385762371,0.84551522199733,0.59826202048516,-0.244895739518594,-0.14960850330304,0.0559135593877683,0.236226710485001,0.18257902752493,0.408094531809712,0.271871035505916,0.309769400148539,-0.157866123603648,-0.0271432163098853,-0.241316941645888,0.199995769208469,-0.13044909775887,0.224450141200355,0.00851122343972928,-0.143265356748317,-0.0616933882343675,0.142400002219808,0.498507997118268,0.315484611577724,-0.051286713916334,-0.12031471649349,0.265955975267149,-0.130608743339281,0.0357239101298103,-0.0210762242142204,0.0494823168999742,-0.156477265430012
TCGA.DD.AAVU.01A.11R.A41C.07,0.853597909416989,0.652017536659953,0.756394156066242,-0.29612112474924,-0.151034298043856,0.162063059484144,0.117508126368478,0.253859018600786,0.429371882077868,0.240947774569974,0.32509362895569,-0.133931430143274,-0.0794347706855739,-0.250371009131767,0.234089465379318,-0.125697312366656,0.263787275682961,-0.00201384077612744,-0.134853514130673,-0.0148808787587064,0.187145139538222,0.399862235256479,0.249051744109939,0.0199520538539446,-0.116086983526048,0.256941817401341,0.00380428949877277,-0.00928628661786883,-0.0405632163892388,0.00632105115436008,-0.164165047842023
TCGA.XR.A8TG.01A.11R.A36F.07,0.689495109969391,0.705787766547616,0.578207896787741,-0.272812409686698,0.056808969802986,0.0587569888951543,0.255226549910332,0.243478917738779,0.391218210741915,0.301980015714797,0.327281358732091,-0.17292648032794,0.0597356791167775,0.015036739538546,0.174167986733938,-0.090144004206961,0.307824853073594,-0.0461385513000284,-0.0112325360261121,0.137131423888257,0.121933374867613,0.443637574590642,0.396320169894491,0.0727647754413163,-0.0589929875462636,0.344555141003949,-0.103672416470796,0.0749274486089427,0.0245895991896051,0.0840754949371825,-0.0309552090858515
TCGA.DD.AADJ.01A.11R.A41C.07,0.860288798265948,0.777302004921395,0.79211769370266,-0.333338540125265,-0.0171713642693103,0.164580372480063,0.142053321214813,0.265384481690343,0.308204070657088,0.29444215144586,0.295795819846834,-0.1033781176742,0.0458594423068482,-0.335611412172154,0.209016987617914,-0.0874704802310907,0.221996726405203,-0.0286584837493906,-0.123850050231872,0.127964037008627,0.165397273121969,0.504118932165534,0.293328066978275,0.0193792979703467,-0.0826572912974111,0.316308310261632,-0.163568070134414,0.0543074272185058,-0.0160901806400431,-0.00348527825721557,-0.101428237032633
TCGA.G3.A5SJ.01A.11R.A27V.07,0.523005225914977,0.470580936127472,0.69176222975748,-0.328033831319152,0.137021280426711,0.235413900670422,0.264202220290928,0.239883212366762,0.4337060485742,0.457790280336071,0.320688881692635,-0.0354556094281663,0.0852322625078963,-0.298016052527381,0.239734212499614,0.0746924973037664,0.335466156726854,0.0277500688496959,-0.022359588545658,0.312404352018586,-0.0514411507081704,0.45336967331096,0.42739645343395,0.116884679572472,-0.232385166826486,0.350857009155816,0.106426685536494,0.0661615481997613,0.0449180040334297,0.100323579277872,-0.0458793860576802
TCGA.ED.A66Y.01A.11R.A311.07,0.400609604395484,0.525946760461023,0.525901152514275,-0.30441343896423,-0.0832550943121111,0.0287161518706502,0.0801820496198329,0.160303091334836,0.467941797223704,0.274100108170153,0.23812200134191,-0.113318301459305,-0.228485315187152,-0.443322133310617,0.140377888727286,-0.206064942424066,0.152889958192211,-0.148223770680457,-0.203121649907605,-0.0304232029823672,0.0531587725618987,0.521135138454961,0.293275789907724,0.0640003231390742,-0.0982938699228963,0.321542264641204,-0.225763107037941,0.0610633541723236,-0.0844524417707176,-0.0613546298478025,-0.119346189756756
TCGA.BC.A112.01A.11R.A131.07,0.367699967105215,0.41065442495743,0.276892766435654,-0.172542858960242,0.0487520114491284,0.0724929796321602,0.247932661515266,0.264174452900613,0.385374809334633,0.409390745892453,0.297553280642793,-0.108521590306407,0.128108390998159,-0.326100500266496,0.201959081157566,-0.0711724724161834,0.30978425702007,0.00540846773415861,-0.0940685112095392,0.186394911239758,-0.0905223596834065,0.430628351045839,0.366130376241722,0.117349515621826,-0.364568247787248,0.37288948318363,0.0767613633020777,0.0675134094901772,-0.0133096279992652,0.107716603374702,-0.119863288455983
TCGA.FV.A3I1.01A.11R.A22L.07,0.653260195068108,0.816825967503113,0.69709449855367,-0.267884021943121,0.0102559168286588,0.103838802485038,0.284783776188124,0.201189582953558,0.451654472150047,0.35615485275114,0.308011108065764,-0.0947059312910995,0.0603459092250412,-0.225121450523662,0.21791780933769,0.120974266301005,0.29012793382779,0.0918273158947806,-0.0945411155730794,0.242950478943177,0.0912630309578838,0.48528591675816,0.356494523770602,0.0808561326040642,-0.0832005636334666,0.386754574198699,0.0383664715644598,0.074126699012347,0.0448645588210084,0.07241221309524,-0.150394102959235
TCGA.DD.A4NV.01A.11R.A311.07,0.773757109524738,0.843218756805874,0.494204707385143,-0.228615373551535,-0.125182194800016,0.0485622649716814,0.180297667610674,0.200808205901389,0.407075115399446,0.282831166962856,0.287801548728848,-0.198972401405033,0.069609287005839,-0.175925954168688,0.211028130217471,-0.0363140139430604,0.213011078942619,-0.0325669672691007,-0.116289199106714,0.123734295667636,0.0540521293532628,0.422816711030284,0.31247089687704,0.00192441994490023,-0.0668789018538475,0.329986731120133,0.0458058094600152,0.018291131043841,0.00839198469588015,0.078864050863529,-0.122143622735577
TCGA.T1.A6J8.01A.11R.A32O.07,0.738083072329799,0.778212712794931,0.581337628980496,-0.247577276846445,-0.145115850743535,0.0433406705699673,0.22965478768073,0.235641014578844,0.449830411052798,0.280675076247306,0.33761698183382,-0.137782866971224,0.0032818329600143,-0.261799251678726,0.17144754542065,-0.0124052297954309,0.354179918062182,0.014940845966954,-0.132986056819489,-0.00157846881687883,0.00394975369373227,0.487427386775873,0.333563407574936,-0.022467731013113,-0.124041254742777,0.360216704097135,-0.0214587097182666,0.0239643186957568,-0.0124230437316211,0.0427053519346503,-0.227520602582013
TCGA.UB.A7MD.01A.12R.A352.07,0.769324626033511,0.616248109125631,0.506878832649514,-0.241607916298829,0.0672277666467901,0.109984396495244,0.225940598136688,0.253339994574848,0.451250155616544,0.36198126114201,0.315953242610932,-0.0848985161112495,0.153113321791066,-0.0285275269040461,0.280619777237966,0.0995069167892882,0.326795815418544,0.044986724917847,-0.117372770011257,0.239237128179736,0.113949057412124,0.419061473409597,0.359651360820034,0.0724528361179987,-0.223502595614774,0.330968159617887,0.146106468673397,0.129662269802171,0.0460514040361184,0.015907055177877,-0.158464070019515
TCGA.DD.AACT.01A.11R.A41C.07,0.679159057355784,0.724516203235329,0.480801252120125,-0.229568892373965,0.0167822439486782,0.199045767142496,0.320627972695249,0.267406942771848,0.30716532934543,0.349314470266893,0.316041044033435,-0.0889045882482808,0.0696365854338151,-0.363592896514193,0.229976446097912,0.016487810010459,0.248480401096332,0.0871895834911355,-0.152788843014746,0.201456271432336,0.0609364872509129,0.517423795237132,0.362488063762415,0.0599440042417662,0.0187472989523855,0.310494120947134,0.00916594815661344,0.0520573964987733,0.0532138874724789,0.011480098003769,-0.0899032367719077
TCGA.DD.AADS.01A.11R.A41C.07,0.906677240481534,0.573510326219711,0.812622646364746,-0.277701497171077,-0.151354750147422,0.318997305713594,0.185830710287442,0.228655069385529,0.391652533258822,0.273677738885454,0.361432200531158,-0.0698713447463949,0.134282744577354,-0.100670310883431,0.275569066904669,0.103560105375212,0.222230285513705,0.0652730308849259,-0.0584249901495898,0.229009607232188,0.00407788114316252,0.449570861760475,0.283343318543145,-0.0409160939082647,-0.0816726455461587,0.26939899747189,-0.0127356519932663,0.00182279246495624,-0.022024052795084,0.0695625869808269,-0.133556958198673
TCGA.ED.A7PX.01A.51R.A352.07,0.273773086106637,0.346563186237964,0.511139234961396,-0.192680587280389,-0.0522327034479964,0.109136213479222,0.250085881813617,0.201150844648277,0.457224628130325,0.417727880433854,0.244819048185861,-0.0632196514477843,0.0174187709010668,-0.344929111782172,0.179282622740632,-0.0104877614294149,0.312861097859294,-0.120153267781193,-0.146696975981326,0.0942446596063152,-0.126766361310003,0.461153885348684,0.355157323473174,0.0818907887222633,-0.242734994775154,0.337204222886895,-0.0735559372767326,0.0713207366009415,-0.0224442194502969,-0.0514020185960581,-0.0899474300884559
TCGA.FV.A23B.01A.11R.A16W.07,0.612356497274675,0.617909018184057,0.510704997654131,-0.291310076632322,0.028254502936964,0.102311641983427,0.185933378046225,0.238748586592759,0.307068035627686,0.326871270873033,0.311136091149929,-0.115456259390323,0.04681360048892,-0.260236434605768,0.203743084772403,0.0558209365413511,0.217527172434463,0.0110278771353984,-0.127964240306232,0.103611985907478,0.361473856690354,0.498147305096994,0.370469952089231,0.0138789936056327,-0.146723758202177,0.354850652352943,-0.0241332413338149,0.0893680554908757,-0.0163479947389544,0.0555044563916061,-0.0973156665172169
TCGA.DD.A4NF.01A.11R.A27V.07,0.722851683347142,0.742633963107275,0.396075813524143,-0.332800268202291,-0.246040871433606,0.0658740142558719,0.170044658726574,0.226882638245137,0.360853446592441,0.270298970105106,0.270571705238652,-0.19586911272869,0.0540955437456009,-0.235528159807016,0.171036532131705,-0.109293284885312,0.262945778706797,-0.138864278787103,-0.23304728076038,-0.0872202754373452,0.0644486280999794,0.421908727737667,0.254794496359937,-0.00880663827489678,-0.290942809154799,0.285447830808692,-0.101192533892154,0.107608055433652,-0.025405400859739,0.000808140701891082,-0.0842800175956392
TCGA.DD.AACO.01A.11R.A41C.07,0.801400738059951,0.696298469234872,0.745599572902311,-0.258832719865842,-0.0934226223822309,0.215653123933054,0.285912849177028,0.254269238050804,0.396231269204754,0.290442267692343,0.273558234386487,-0.0483420100653853,0.0498894699010464,-0.326944856581961,0.227001271695585,-0.0487493762994437,0.206747711392735,0.178495538841381,-0.0677061416788091,0.205381645075156,0.0662147356199241,0.5000081528142,0.320700931601118,0.0608454077019003,-0.0962160553210136,0.330340656872223,-0.0568200387900622,-0.0211367838484494,0.0109088392909125,0.00557499536020782,-0.150189815233446
TCGA.G3.A7M7.01A.12R.A352.07,0.958511826750761,0.776598937657752,0.763834400440035,-0.305886241626785,-0.120251945535522,0.107204417134041,0.151620360725374,0.182500209374682,0.412711620523732,0.338466337062742,0.303470432937839,-0.156703382563163,-0.0266304767031959,-0.239327357021613,0.182472360733962,-0.130905559908011,0.262409848859957,-0.0836747183941933,-0.130776025685765,-0.0224746606198219,-0.048502165798629,0.446256118025606,0.257116259163775,0.0234775823528804,0.0536766783413942,0.322912810815598,-0.0854732972622617,-0.0295397114475382,-0.0336287897957477,0.00912360423701508,-0.155204575366152
TCGA.CC.5262.01A.01R.A131.07,0.755023645254578,0.707668512120718,0.750152197767393,-0.246814510952619,0.0749693125513978,0.219327586588719,0.274011841676033,0.253798462220275,0.449246029929023,0.362814918337921,0.347990244792579,-0.102416205284523,0.101884607718253,-0.247869926733156,0.242886565604796,0.0816034830824245,0.298935679068161,0.089801525828676,-0.0776795909028086,0.314702260480605,0.136210499234693,0.449167755297429,0.404405783392973,0.0707274565533492,-0.013643058527568,0.359732901250854,0.118623996606253,0.0861962332426646,0.0262650472141554,0.0605580317940168,-0.130696068863355
TCGA.G3.A7M8.01A.11R.A33R.07,0.873076169689281,0.732163620682608,0.869584000595772,-0.29283810181041,-0.167818334496291,0.0325461496654379,0.27711906905552,0.219165297426535,0.438594795436738,0.271284785260315,0.29773221392136,-0.149984226565403,0.0458909476446566,0.00228292974257812,0.243983940234114,-0.00446068093903335,0.328252540187686,0.0404777862537624,-0.131733576832794,0.0353352390926813,0.0192929452657416,0.44362021429931,0.3079722752728,-0.0207761967824548,-0.116101031867725,0.334326335198769,0.0694971025618654,0.0680461371971449,-0.0118331877845893,0.0328833350961514,0.0214912553009418
TCGA.DD.AAEH.01A.11R.A41C.07,0.923264857944417,0.73918082370072,0.68352679892485,-0.181667738718991,0.0100062225054511,0.403579725181143,0.222589228496841,0.210240242672715,0.407433575925854,0.343789172397391,0.279478368082502,-0.0964595151168779,0.104372805018142,-0.259413962174258,0.247775574036933,0.123745921289149,0.279030230479873,-0.00179578840825211,-0.105356660060706,0.210229771574164,0.115958926112861,0.404600955362778,0.401354803356823,0.0449700955700114,-0.121269783043147,0.30921274642812,-0.0224034320183964,0.113394042571744,0.0733264194210406,0.0264534208923413,-0.0590075284244118
TCGA.BC.4073.01B.02R.A131.07,0.459306475095258,0.615874030791627,0.64851582988509,-0.219300935977651,0.14105384353662,0.278844432595553,0.369679791716824,0.265925274357741,0.392611477168673,0.456857823330968,0.438536771128641,-0.051140857651911,0.160182945678379,-0.231992055325141,0.285909551455213,0.220272217180446,0.309508999491855,0.155150204196836,0.0237586991570186,0.453331083762436,0.0184936493100208,0.478827658397648,0.412603289993071,0.126412751385067,-0.0490890329214089,0.394767468884008,0.27566048321286,0.156289962259762,0.0522666238851528,0.121729079830256,0.018642381064107
TCGA.G3.AAV4.01A.11R.A38B.07,0.593884894069586,0.666700445669826,0.540724909880444,-0.297342906961405,-0.147562935261316,0.132725087165596,0.0877050035610941,0.247578687733297,0.382314229636079,0.265222191453965,0.286088802999363,-0.225422688088526,0.0470609138602922,-0.191361336349984,0.154343001268335,-0.0681537978665304,0.289547323106105,-0.11621524553817,-0.21183847079252,-0.0783536000083571,-0.012043254024527,0.396014148222732,0.368473417389813,-0.0198668779454207,-0.287836642121978,0.316723964594821,-0.0315951610709998,0.0940521037143274,-0.0533622656529444,0.0344252316761366,-0.0621458220546205
TCGA.DD.AACQ.01A.11R.A41C.07,0.696615378131206,0.772384394386014,0.522144261068937,-0.304379471598032,-0.166160449402665,0.0488901419526054,0.168796633619743,0.283064911861344,0.393232875060575,0.197991471038799,0.272845970245744,-0.113447599174581,-0.10230935581214,-0.335129727481603,0.171099861397629,-0.081916347602335,0.279487772368047,-0.0166792100246744,-0.219096592669173,-0.0291156802513228,-0.0572919085660068,0.412367035905248,0.323181763272256,-0.030959005035734,-0.140827398540242,0.275550240442489,-0.22022176729265,-0.0103119072104938,-0.00573089821840629,0.09896773517464,-0.140806064974697
TCGA.DD.A1ED.01A.11R.A155.07,0.814089703523572,0.729596079307876,0.399106271178022,-0.22779844648182,0.0826971905528252,0.174904925321683,0.308786801924714,0.255380790171198,0.379242866378292,0.321939877477396,0.346166425711313,-0.190677033102891,0.23684941766993,0.0972414065553509,0.215689925150193,0.0587662863962242,0.325322106944256,0.0695846875356435,0.0588713079612121,0.246485671175157,0.202435251683871,0.423058405484621,0.355295842860227,0.00091641395355656,-0.0237617239625767,0.323980193896109,0.0820984906266014,0.13870815437687,0.092640658634052,0.0301703072501958,0.0398582414154709
TCGA.EP.A2KB.01A.11R.A180.07,0.660738142489677,0.66227246877513,0.468163218385928,-0.335366811139366,4.84562420806484e-05,0.0775864607320469,0.148694606463901,0.213330810810959,0.241104663907983,0.324309148754605,0.29018889917035,-0.0984739964184643,-0.0247743282076202,-0.249294538356085,0.227495431447045,-0.0306966750208785,0.208969980434118,-0.0289879528115094,-0.180099020132884,0.009254423837934,0.326665610289974,0.506942984043653,0.31053410882824,-0.0740494150974132,-0.197383803939428,0.211260455116836,-0.133137397810811,-0.00889390369259775,-0.0439686675522096,-0.0106492456526009,0.00247687673633812
TCGA.BD.A2L6.01A.11R.A213.07,0.721976330951562,0.712709366846666,0.794861205975827,-0.246608716333362,-0.121932132748322,0.130104575789438,0.158692576057087,0.235877406010967,0.446777693451406,0.329885937407526,0.307893009197657,-0.0389553581427028,0.00879730357279991,-0.309611208097564,0.247029475048053,-0.0806652578964192,0.213000360013212,-0.0117430029311548,-0.118188686574469,0.110692093507837,0.0740247759944442,0.450483393544241,0.323513842199432,-0.00998478253689769,-0.117812662223254,0.286602452537339,-0.219531008603344,0.0455655241695819,-0.00752143666509881,0.0196464962821923,-0.0529143850278681
TCGA.G3.A5SI.01A.31R.A27V.07,0.678902596254884,0.606732075042014,0.778159586148069,-0.337044035247181,-0.0860248090447063,0.0479942767161471,0.130703474896732,0.197755706165911,0.441317817140959,0.292130933862487,0.333942567569618,-0.105012670976352,-0.0358207590570999,-0.287935755282756,0.154560489003545,-0.123521112927454,0.222720409111869,-0.00180370502766637,-0.189688821974929,-0.0487854469698624,-0.0507710601651909,0.476008466526958,0.283695967130928,0.0347277607501582,-0.248645651149155,0.239131636622098,-0.169933185789518,-0.0563281522584867,-0.0426674825695539,0.0634016439637084,-0.110207526471481
TCGA.G3.AAV2.01A.11R.A37K.07,0.720276789731429,0.680072634592523,0.182280175599264,-0.294429499179822,-0.23451630176748,0.0848275100779725,0.158980264457008,0.250573137221276,0.310459496208251,0.310743634082752,0.310465599301749,-0.148225383680368,0.0103617068976351,-0.219009306725742,0.194825980231177,-0.033505738811594,0.260880586288388,-0.111937957789496,-0.117942969961262,-0.015958133112212,-0.0108155242243855,0.415673525858567,0.25559444517278,-0.0591296191290433,-0.350411323552862,0.296237895514022,-0.142393621782778,0.0406203217375698,-0.00348641971826104,-0.00539407693078114,-0.0926092128092695
TCGA.GJ.A6C0.01A.12R.A311.07,0.647123749015435,0.683199469842214,0.683580713266769,-0.325950953008517,0.0207994091005053,0.116037800572616,0.312162945105249,0.304569965360346,0.443609163474373,0.337843250917155,0.412169095313185,-0.0686320812512587,0.145698872916196,-0.226773066777967,0.281044194506964,0.195284262228967,0.285265138851252,0.0781281229792235,-0.0173206206210865,0.383547406268947,0.106760305816415,0.492560070822299,0.360918615459791,0.0835418585382888,-0.0492341456171693,0.33545870236467,0.225497600733996,0.0987768699981712,0.0897179845812149,0.0929856227940584,0.0157490009080355
TCGA.DD.A73D.01A.12R.A32O.07,0.755401472130324,0.749066815510016,0.674478107126011,-0.334032832895476,-0.295711769963679,0.1116903413063,0.0881106516988932,0.188171995457772,0.389747667988566,0.205920541570509,0.308031192681133,-0.120074895141371,-0.0458628133630553,-0.225810766656238,0.235029216508703,-0.0758574144236901,0.275121148365366,-0.197261109643496,-0.213191224684431,-0.0983415658442653,0.081575598432074,0.36744068605729,0.257610851767098,-0.0514553057444708,-0.365801162767727,0.181748165701334,-0.211590268457323,0.0685761060554292,-0.0627228901238083,-0.0415569491809929,-0.051542903996239
TCGA.ED.A7XO.01A.11R.A352.07,0.90306930224553,0.66970708138042,0.736450575787313,-0.255128529639617,0.0814751525407873,0.119287319225214,0.17181394201282,0.224746664034468,0.39573315237396,0.347098146977153,0.339360394427471,-0.0620800924931953,0.0759669894526873,-0.000347897414201261,0.167264044720454,0.0713389139462916,0.278733535810331,0.0923416534147716,-0.126028469216935,0.268154809260611,0.178213235761264,0.441918343309071,0.396940722689662,0.0783494103291807,-0.0668293687587022,0.259040361868482,0.23075368376146,0.0731666353743369,0.0247289683635533,0.011814047152804,-0.0158581451391666
TCGA.G3.A5SK.01A.11R.A27V.07,0.766612192057903,0.812548025442579,0.525141517034767,-0.308565891756925,-0.0559987379245049,0.162906239192016,0.204609937253867,0.190204693855703,0.397750028476571,0.317836823866945,0.366140994205281,-0.129175004843264,0.141187737123263,-0.205393438465813,0.202658967171558,0.046306206816265,0.281694396195515,0.112948987611159,-0.107865159865825,0.180709074982796,0.0231477767238404,0.440010346105021,0.3679862250802,-0.0103300723704414,-0.0297700875594821,0.322817998366693,0.193420117323755,0.00399818437459321,0.0852614768771453,0.0158797692148187,-0.0786758159515851
TCGA.ED.A8O5.01A.11R.A36F.07,0.609851375565949,0.577499322427876,0,-0.317799586136139,-0.100413708377163,0.102141650915947,0.0922690312035349,0.206295810847437,0.325946321756298,0.282680477157415,0.317150324046395,-0.226124952679016,-0.0850279593876939,-0.404958219408506,0.239975765982787,-0.172907860009165,0.151643595253902,-0.12987276235995,-0.136518513946254,-0.0327980049682633,0.160272440567469,0.465780803982357,0.367101188474735,-0.0551568034879628,-0.183561863612607,0.283370742207139,-0.150285819955211,0.0667797577488225,-0.073599828713564,-0.0645154009062729,-0.0314442897621103
TCGA.2Y.A9GT.01A.11R.A38B.07,0.764993901502011,0.80124260903684,0.689018769284503,-0.201875454997058,0.0229784123898475,0.304754136011666,0.315979268814976,0.193920933802511,0.419261290954423,0.363476848656604,0.34216818341343,-0.123039326138532,0.170200594067285,-0.288287425147192,0.244288575673712,0.171236613437952,0.22749358568553,-0.0213151172513811,-0.107065918308268,0.184835309247719,0.0846453284374181,0.42703289238391,0.378829210828916,-0.0207037215556124,-0.0588530581386674,0.367269679083034,0.076630138086936,0.0830291529804606,0.0481828242974776,0.0613340668505014,-0.143025404524829
TCGA.DD.AAW1.01A.11R.A41C.07,0.693319266643089,0.743964967581456,0.426852137470432,-0.308925829587832,-0.25495486951282,0.0643822239237192,0.177912705017203,0.203789372396145,0.327181006451627,0.274582505308081,0.287130382221532,-0.191248421363679,0.037432728393578,-0.1959604921091,0.145981077837008,-0.0845013928422878,0.252380932747333,-0.188300623122776,-0.236624379479652,-0.0977639513975698,0.169134811589687,0.42055766619274,0.32054942115273,-0.0446894005387894,-0.339734032530302,0.226930688998566,-0.110013160571195,0.0573455577474889,-0.0201698216301265,0.0585525772129005,-0.101011354294453
TCGA.CC.A3MB.01A.11R.A213.07,0.693030959551379,0.767689427804584,0.839298897633617,-0.332402415041833,0.00685255717029594,0.0975808010207117,0.173082339833385,0.198761618218479,0.422929722327462,0.356207106513096,0.309926501534385,-0.146205536040875,-0.104088339920612,-0.356635485389512,0.151840777695039,-0.0553933971321389,0.232442953865809,-0.0374912691536487,-0.168205979344067,0.0330681221904049,0.172564634978895,0.462032629025833,0.321857377697166,0.0332090503618674,-0.105160628357463,0.332333852925209,-0.0880876838489859,0.0382728765267579,-0.0150078415557457,0.0384465789882104,-0.107639478768569
TCGA.ZP.A9CZ.01A.11R.A38B.07,0.780372145127266,0.715479269527404,0.79772574160422,-0.254055150667806,0.120880598179399,0.166447054735696,0.184638989202799,0.258786304916168,0.410381238385134,0.345813235976777,0.370788126812912,-0.0244359358164793,0.0907559924621381,-0.232561939446858,0.229395207068568,0.0144942690076249,0.316894194477614,0.152484495194077,-0.0969289214284584,0.250864811675587,0.131649484097559,0.411854836206371,0.37622266365523,0.0974392588124193,-0.116425104929518,0.282855658033438,0.0536164268521379,0.0876057288868554,-0.00117759264310907,0.0614164672801931,-0.0302715481252828
TCGA.G3.A7M6.01A.11R.A33R.07,0.436001192614845,0.420263348472877,0.133703286465863,-0.252857145324771,0.0134893180478144,0.0793839891500964,0.166593110578217,0.214736358902326,0.353167240264228,0.417409118952037,0.265496636082958,-0.183200312390607,-0.0233364291032065,-0.370104642438451,0.167979679932525,0.0129497421181735,0.319232551674881,-0.0625674958041673,-0.0996714136329682,0.167557242496533,-0.0606233373098922,0.41527181472373,0.365479302841323,0.0777235290426596,-0.226691713254636,0.390318446031074,-0.0744855986600286,0.0727318434553572,-0.00395990949270562,-0.0266375760087353,-0.0682160217466897
TCGA.G3.A3CG.01A.11R.A213.07,0.744417600673855,0.76110481784351,0.42908921959475,-0.271515499512052,-0.0224215352042149,0.111363221682416,0.231394000326188,0.233610930205493,0.441572788260196,0.272706783010749,0.304917191979864,-0.0697569471691498,0.0623739054833954,-0.254319396250516,0.209863158567657,-0.00367719503689763,0.247196235789121,-0.0447355103060895,-0.124251788052919,0.141576239854883,-0.0235629548184421,0.473637665564958,0.355470932738123,0.0261939672333169,-0.0228399162374911,0.36839487084159,-0.179258264697475,0.0135770426898961,-0.00607983940757776,0.0891089874504944,-0.125483409245034
TCGA.ES.A2HS.01A.11R.A180.07,0.863901817959803,0.716387028242455,0.705459311499134,-0.256560779645469,-0.184048899842359,0.129238423815621,0.0837884556158609,0.204740859557016,0.402543469210561,0.253559751269602,0.306411253139558,-0.153731291943245,0.0113561717768381,-0.208066529309519,0.223182791525507,-0.11519746905641,0.233720715264059,-0.0046685387158989,-0.108424390232243,0.0123498371047835,0.0553075247659967,0.418837551809002,0.282988845109848,-4.04850722339195e-05,-0.168569600339665,0.342340522208081,-0.0861612117511573,0.00338535119562151,-0.00274137462099013,0.0854599097433566,-0.100991001804754
TCGA.UB.A7MA.01A.11R.A33R.07,0.424057122832246,0.377581756339018,0.312191979837509,-0.303152012556121,0.0811164627875666,0.107419818470258,0.212934243204223,0.254974895700127,0.40657956888838,0.411153651545876,0.252714540702603,-0.102777824252326,0.0118813561102316,-0.218446629403665,0.200634568692062,-0.163305402117,0.253764758910962,-0.0192511609673093,-0.12569405392503,0.0345055527990067,0.0832272512758253,0.436789622180815,0.370898608109819,0.13059288666259,-0.194962857163039,0.352296472295188,-0.153760946958961,0.00314081996381243,-0.0461182689165872,0.0839214985283034,0.0114783782362395
TCGA.KR.A7K2.01A.12R.A33R.07,0.768653531068328,0.595094075341978,0.474165270976489,-0.253616745874496,0.00657875018615047,0.164087425445871,0.28935242967376,0.231897245970407,0.425071084080535,0.349999167802642,0.328547814482211,-0.108568814765804,0.0431837195039703,-0.165484805878122,0.210699344786091,-0.0365606483130419,0.215776897936478,0.0306125419891481,-0.115963290270238,0.0834949341154126,-0.0947268373484355,0.451374593761265,0.320710320510035,0.00874291411713662,-0.0543748985585618,0.321444584566344,-0.0380891595785102,0.0264255726546483,0.0135825407448318,0.00241784272173879,-0.133741641392178
TCGA.DD.AACP.01A.11R.A41C.07,0.712334694832583,0.549324532427987,0.734342207993101,-0.290058266999322,0.0137336069712166,0.0905089281022397,0.14699305330896,0.19815348596213,0.319673447001023,0.242416791837628,0.319812092410926,-0.0157107801184092,-0.0955747644231638,-0.334672447868683,0.257379431185557,-0.31041864681152,0.257108669721468,-0.0893195940777275,-0.155666975562444,0.0311571479102122,0.129277562951415,0.489818784544735,0.184560283195871,-0.00261471477897934,-0.302445443585757,0.28082133693705,-0.11258436089965,0.0397094725192302,-0.0225989373597582,-0.099991210727106,0.0545822617174178
TCGA.2Y.A9HA.01A.11R.A39D.07,0.785849094646782,0.734842196081687,0.342124503213979,-0.328221056335838,-0.0652361202949094,0.0388089487776258,0.187119549289634,0.240939703945088,0.430967299234579,0.263895666519651,0.336877804031631,-0.155636692970638,0.000493706077849132,-0.252713572267464,0.232989160693382,-0.104090889911561,0.274042331558707,-0.0386739611151513,-0.152448611753432,0.055430139780631,0.0100611242954249,0.408744252310174,0.304887516349827,-0.0176308744780609,-0.290246707022146,0.233805712576094,-0.0930725094017235,0.0589938197948256,-0.0519220340674527,0.0270635177194002,-0.211566012283613
TCGA.WJ.A86L.01A.12R.A39D.07,0.46223444427722,0.777435498427647,0.264765497905445,-0.326005560305051,-0.0612353264183201,0.041032904973845,0.183278491300424,0.230719788379158,0.328691463601476,0.208833931512163,0.31188527038761,-0.176360480053233,0.0346841655788082,-0.359427878912053,0.214313037229145,0.0721297376445707,0.221319536235469,-0.0887983706051571,-0.135638476785362,0.149425414668597,0.129818717731741,0.416351641782437,0.301632366849723,0.0255745063334552,-0.12877048976511,0.25634462857664,-0.1811851267812,-0.0509317876197827,0.000981120527289948,0.00247951661263957,-0.173095025558372
TCGA.RC.A6M3.01A.11R.A32O.07,0.674339062547008,0.294541273951118,0.735423809404838,-0.307634562132603,0.0707289372705438,0.159195587394939,0.288117988019881,0.249141113527355,0.345760689325801,0.3202070900882,0.268798511504447,0.082722024463977,0.0638963853355886,-0.205352731960386,0.184818243672102,-0.0802652820713003,0.275921084679795,0.0512190227162665,-0.00513481533189711,0.0669171772889872,0.0201920204679466,0.432520555517284,0.301989912813024,0.0738499432888644,-0.159152988498887,0.261319932512755,-0.0338046420612228,0.0139564860339122,-0.0405416190171042,0.0164940974121519,0.0596850045731219
TCGA.DD.A39X.01A.11R.A213.07,0.815425090637368,0.671563944044642,0.90300568538056,-0.257151468546591,-0.029720363850188,0.178072412205445,0.177666604075824,0.22217551262263,0.399568855319537,0.297355493619501,0.316088266300785,-0.111860805520092,0.0781002093517921,-0.226258458412682,0.186247185238969,0.0655340330179081,0.227498338875305,0.0842056092639661,-0.0889603108171642,0.110618980616764,0.0497556204519164,0.483730392113112,0.315974506838433,0.0694432363461493,-0.276487770666943,0.31972332062214,0.0844353406237308,0.0437109135696464,-0.0129011206261189,0.0478284651309389,-0.257866791571157
TCGA.DD.AADL.01A.11R.A41C.07,0.740078669412077,0.812924483488114,0.736870402894902,-0.302969571119583,-0.195644914281524,0.023490710860133,0.13188505185721,0.247849431472453,0.418142502770076,0.248506294848244,0.331289268070214,-0.161778441348707,-0.0863187353079208,-0.345505997274111,0.208735383372622,-0.10097205634938,0.262160931719162,-0.014411486794457,-0.14677137121103,-0.0556344025849913,0.0613824029080236,0.546068783951172,0.351636568718606,0.05223868585701,-0.18029632961016,0.289963356914607,-0.148432926922922,-0.0454537108929439,-0.0408704840034416,0.0771803451683722,-0.0799615254232898
TCGA.2Y.A9GU.01A.11R.A38B.07,0.806753141474246,0.711325941820164,0.442788014190718,-0.31005349286226,-0.160487787011941,0.0408336080524176,0.105656830050423,0.213349391680389,0.400521712082383,0.278119198822526,0.330463237037224,-0.10122036599324,-0.0227741656876793,-0.358888395010614,0.158466403493075,-0.0486062103994729,0.214310059125354,0.00997404298371532,-0.214443519315733,-0.0754928922730845,0.068262810669548,0.426222336222583,0.302900649316029,-0.0967478195067823,-0.225728543730964,0.28712303812807,-0.131470661292314,0.0258614294793293,-0.0207402425875171,-0.0084443974009068,-0.0601072515449803
TCGA.WQ.AB4B.01A.11R.A41C.07,0.838666178277379,0.764642345507386,0.762556299439337,-0.282968651881132,-0.0158142642139092,0.15470934637615,0.242027375988013,0.244974236890847,0.418932859189273,0.324121292789578,0.297214476574206,-0.137234538685249,0.000117657529419272,-0.186285027458629,0.263779731443712,0.00501596414225935,0.247048379106716,0.041954927798265,-0.0943140843199684,0.0860951118623956,-0.0883994559820022,0.472368432352979,0.310684616810265,0.0497496962155456,-0.0892511530845202,0.391511776984131,-0.0584637795392792,0.00686592632431986,0.0382822234724948,-0.00965748924007059,-0.1373330218327
TCGA.DD.AAE9.01A.11R.A41C.07,0.678718327465683,0.714808236611551,0.522349763098337,-0.329484825198471,-0.147362441732049,0.082239966169966,0.153954519017322,0.231968369401454,0.295468375963146,0.25517951284666,0.246984436938191,-0.123920754257343,0.0222874838636985,-0.183082025307492,0.233836036201248,-0.140160838112246,0.2468340884863,-0.0691717292398832,-0.116299228901787,-0.0667419086330452,0.103393142578806,0.430790027325451,0.20572964309966,0.00917344660496998,-0.33191849328269,0.249392131152934,-0.217182038293025,0.0160001712825587,-0.00685401903558984,0.018703058903291,-0.0536070378880235
TCGA.2Y.A9H1.01A.11R.A38B.07,0.860091271904524,0.639489692637744,0.735709744922207,-0.306559376389488,-0.0752674811765755,0.276571571225824,0.180225439771748,0.259789605021986,0.372711452228016,0.288542972031795,0.299328510429394,-0.150833473042909,0.0761172668620154,-0.232350452159151,0.221617766887356,-0.0532681647804295,0.248655136172389,0.0367705477741211,-0.0751361740850868,0.238656134347666,0.0478967951436099,0.423864171870762,0.326646696136604,0.0350917431369804,-0.11814818224275,0.328838556517468,-0.0543853993150348,0.0122216667827943,0.0155601329654307,0.0717493317145296,-0.161382972257202
TCGA.DD.AADK.01A.11R.A41C.07,0.729027877984811,0.712731989334074,0.826264167839574,-0.169263928700407,-0.00163330930973685,0.185933965645344,0.282287022743175,0.255661392385156,0.445869749739253,0.326758592305683,0.290670341985674,-0.144074277238193,0.0426999173450782,-0.234867970322689,0.206869660311093,0.0345776265165541,0.251484076242736,0.0558678070001873,-0.104802357959978,0.152721526242434,0.0553474338469062,0.421203940362269,0.361957567805345,0.166549316130845,-0.131056113176532,0.362941258029813,0.0440325969272333,0.0612074155084359,0.0590789313703983,0.0157908796751921,-0.185755528651594
TCGA.BC.A10U.01A.11R.A131.07,0.704240507642127,0.683968791131881,0.379229933631039,-0.330413149239541,-0.104644244364032,0.0993459614988055,0.289633401576017,0.234503511215306,0.401042518471867,0.243314587513224,0.29915809131747,-0.108954412043255,-0.00407284376433835,-0.237811322634407,0.163249326882287,-0.0429080991551803,0.325514761737727,-0.0518407980720425,-0.139611827267919,0.0516461252096966,-0.0627006184994038,0.440343009200799,0.286071648741114,0.0107293263397288,-0.0995174938146578,0.340641693959217,-0.119009113644871,-0.0150607808851522,-0.0111018022030262,0.00652683075606787,-0.151525824210867
TCGA.DD.AAE1.01A.11R.A41C.07,0.649528190984812,0.657422499300276,0.458067149333009,-0.33780853739865,-0.0851631382674629,0.0663857452333019,0.224009798189577,0.192763111351746,0.255025030531129,0.293901723199286,0.346804014673917,-0.128406950403732,0.015057043251177,-0.381569795096415,0.206588088443835,0.0622354635405453,0.229548546476795,-0.0229821160005053,-0.14677436987018,0.00913620205444446,0.195485498557561,0.452108840925555,0.286262990335244,-0.0446758559874421,-0.175299283731973,0.281303883887318,-0.191690165080739,0.0302895598145863,-0.0401627590383412,-0.0876514463295838,-0.136951081784765
TCGA.FV.A4ZP.01A.12R.A266.07,0.523700721033821,0.374158154214753,0.851229624044755,-0.288817052618688,0.0418327290453399,0.255797119136668,0.242328400340091,0.170040426485901,0.420282148392742,0.376883268146054,0.310630006617425,0.00466863327983459,-0.0456947466216827,-0.207990298866289,0.248515976790391,0.136665056930604,0.249999148943778,0.107871487589882,-0.0729030371183536,0.328441427106586,0.0275470444567131,0.515620910362573,0.285699520691033,0.141252117289162,-0.116051485684004,0.363684622810969,0.0534634935660305,0.095123727822669,-0.0230706637355747,0.0190970683376429,-0.10830444535206
TCGA.DD.AAVP.01A.11R.A41C.07,0.775206692137986,0.701604943765423,0.421749506733666,-0.312192027575661,-0.119202925895826,0.121378780106123,0.162096234723843,0.287711679605512,0.438717491149898,0.252774846994493,0.273550470598267,-0.0917303422850596,0.0935864874641501,-0.209903978676752,0.206616035220347,-0.118459199846961,0.233064130580051,-0.0133365087776801,-0.168928602648359,0.0414792168532264,-0.0132629124366773,0.406143842883611,0.265031219685371,-0.0990150916622772,-0.345240327773316,0.261323056839632,-0.0141603279246025,0.139348633579829,-0.00426966051076515,-0.036757831334754,-0.0578538037922102
TCGA.DD.A4NP.01A.11R.A28V.07,0.777422700827437,0.818945623444881,0.611221663755209,-0.307778929259067,-0.257236504987296,0.137805713303644,0.193524091710099,0.263285875712897,0.321956457024504,0.241016179795112,0.31254368393341,-0.16437214886689,0.0486114032300388,-0.211490254755794,0.207439715753386,-0.0888021999488244,0.255122392273407,-0.0387306024010986,-0.0465647866052542,0.0227503637649344,0.102195163855636,0.428149512699155,0.273730951843655,-0.0906508440444587,-0.177632286644015,0.288225965973942,-0.0344255789805962,0.0651948835033373,-0.00390339378081638,0.0304788070579745,-0.0162243283635807
TCGA.DD.A11C.01A.11R.A131.07,0.701250914459752,0.668540510538466,0.519723770032252,-0.246682855050048,-0.0539933789340645,0.0732211694966683,0.161513258036724,0.189091463679343,0.409093317838704,0.316840032000193,0.33795422144466,-0.0829317737671199,0.0604511111473268,-0.180197759945974,0.268202413411533,0.00189378607052814,0.233621570201134,0.0361703561579441,-0.126712690117237,0.0883607794164254,0.128558515868134,0.412209042775673,0.390697381179606,0.0517477164475378,-0.0475803011465136,0.299280026532429,-0.0205024670020928,0.0821947987138954,-0.0190568108684932,0.0796919488011299,-0.0552541934282796
TCGA.CC.A9FW.01A.11R.A37K.07,0.694180176342233,0.672766406311311,0.444999693657544,-0.283294453754171,-0.0396839724565789,0.10804034349547,0.127247604898727,0.206338121718783,0.316245045643554,0.318263937956013,0.287478090942312,-0.086740942473012,-0.0659171983828442,-0.341368863972946,0.243435835585554,-0.088396977116591,0.241645123996139,-0.155231664819565,-0.0707277775094112,0.060524579587304,0.199272291368472,0.488923925931106,0.198824277026752,-0.000676113401955765,-0.206155176756509,0.29298950905701,-0.110850264993388,0.052215109964721,-0.0124471942077116,-0.0537420608666209,-0.125340888145802
TCGA.MI.A75E.01A.11R.A32O.07,0.870903910201698,0.763156392878458,0.751372459771509,-0.248892373055394,0.0162111574156019,0.214034566303134,0.245122166317952,0.23249013434929,0.431383115909331,0.325066734723511,0.307076482392874,-0.121777854618985,0.0892789673106367,-0.182165732997243,0.225150996897403,0.101790221125736,0.29482576542704,0.0271460697747907,-0.10670147237727,0.198441880760626,0.0755873189680128,0.428500935077631,0.388651144126994,0.0468848479119391,-0.0671731348309153,0.355118905800134,0.0360552462900979,0.0479233873548133,0.0378538365992165,0.0442440340617899,-0.122265247107459
TCGA.WX.AA46.01A.11R.A39D.07,0.889700825240354,0.817259056984625,0.500355667906845,-0.30185354688421,-0.155743110755848,0.0826628470079895,0.203834063760391,0.217999332793436,0.367346511465853,0.285947005884198,0.321315681765947,-0.0773295764577514,0.0914164970407609,-0.0561490034687149,0.193931460783405,0.0286264495990731,0.26470901010407,0.0145844289013741,-0.0860607824812289,0.138852819037181,0.201612642365187,0.408377197687917,0.308715913153749,-0.0164268769867625,-0.0568536728343411,0.263563224442921,0.12248682143184,0.0529559767338502,0.0682768518769217,0.0821422157953811,-0.0288489093711264
TCGA.G3.A25X.01A.11R.A16W.07,0.502156397831977,0.299619378625059,0.476814542089476,-0.224966726599044,0.18892061654731,0.301370439623951,0.284127021985661,0.228601896694111,0.368789733200446,0.402273410686117,0.36206670086491,0.0418181101640859,0.194275776056751,-0.253054966693124,0.24439705319762,0.156692912487847,0.305069377504414,0.16361934618157,0.00315632975464233,0.3715461070956,0.0435704068356645,0.434719211342894,0.397271488960918,0.119271543873961,-0.295073521082942,0.344612798537637,0.202665312551794,0.155538274078685,0.0475845658595457,0.0380708334811087,0.0343670585766735
TCGA.DD.AAW2.01A.11R.A41C.07,0.782820036578581,0.677315282821154,0.453086034232341,-0.306565764410368,-0.206360665109365,0.0603289312049685,0.103401381377662,0.171527180473404,0.372075686242761,0.246668718798185,0.309402673255181,-0.19977852424207,-0.025807904156086,-0.224702966916396,0.205132848535018,-0.131117443591646,0.2370655195075,-0.170896858720002,-0.211778585703273,0.0338216407782874,0.213686912703889,0.427756111172866,0.358772646718558,-0.0506025595350928,-0.353676981272834,0.241251488507101,-0.157199907653893,0.0361312335677601,-0.0320541861624597,-0.00194292421847077,-0.0562168197988826
TCGA.DD.AAD2.01A.11R.A41C.07,0.822905481229216,0.751452209606014,0.869358853430079,-0.242775751374623,0.0905662176447326,0.172179780289117,0.296866039322418,0.229555200788844,0.434423752860442,0.39122381109512,0.329906621374935,-0.10272421726688,0.109478122768813,-0.148626356546053,0.247500728060103,0.132972342360753,0.311624902550508,0.103467069976368,-0.0800284692836931,0.2371626463449,-0.00859030951963917,0.427780491236579,0.404253880814046,0.137128321453773,-0.0409367696081796,0.378495028931269,0.152346655086529,0.0946634617123755,0.0508083754745185,0.0690221994355009,-0.0861626824157743
TCGA.5C.A9VG.01A.11R.A37K.07,0.800608505739008,0.501510686810996,0.40717832304435,-0.261687799690594,-0.0923364146517116,0.0702828130527493,0.151461363651816,0.232543915769741,0.43028577388124,0.292170837498391,0.332499369952449,-0.144558596040398,-0.111593382663617,-0.154393541534115,0.167311595984666,-0.170375588452151,0.23791729980414,-0.0650886780964122,-0.0670131095433197,-0.0213401481116492,0.117456250401938,0.403496242296835,0.252485102877347,-0.037520190520726,-0.194912009310589,0.286885498786174,-0.118825029486443,-0.0055686466907522,-0.0968432009678318,-0.111378208450098,-0.00510564029444655
TCGA.BC.A3KF.01A.11R.A213.07,0.790081908671768,0.841705602200012,0.558554229483208,-0.303616954333372,-0.128422089957261,0.0828749487336496,0.156338769227255,0.220517058084131,0.361047299385626,0.307258737815693,0.289554312298805,-0.113911369663863,-0.0119933038825628,-0.235602267422101,0.233373124496921,-0.203418403232351,0.231629803149861,0.0143041903573266,-0.138899586749834,-0.0561695595006285,-0.0503888459462966,0.490344698542486,0.307504067013899,-0.040122449327101,-0.106748283584192,0.293504157155852,-0.0751203278781603,-0.00738332297877716,-0.0355084748833398,0.0613129460437809,-0.0749917096629373
TCGA.G3.A7M9.01A.23R.A352.07,0.49952528196067,0.348998879062765,0.667474411909029,-0.301251068856731,0.0989798719311601,0.0929531189402724,0.166481151918414,0.228417520017426,0.386333613334287,0.307654622367754,0.283541081943591,-0.102755982450832,-0.0905694661001652,-0.186888547233143,0.221137183732835,-0.120084072316073,0.260264616566224,-0.0531899476023627,-0.10325918695765,0.113056651193876,-0.0625750465712173,0.42239511178506,0.291377309366899,0.0249480103558051,-0.233481063710762,0.266198738411212,-0.117662452525192,0.0716596909733473,-0.060981046550124,-0.0746073126731606,-0.00496633595805173
TCGA.2Y.A9H7.01A.11R.A39D.07,0.691369245440967,0.645103460074147,0.676073408911976,-0.334430686055935,-0.0792517734896437,0.0512418524034049,0.160699032691022,0.225933226697147,0.297366361423577,0.339984938554062,0.324252969183202,-0.13087793051601,0.0230628646274447,-0.30037746769525,0.167628963990932,0.0340699856975545,0.254545580335997,-0.0229838826598667,-0.105237012402556,0.0379508522444523,0.297277495472287,0.360580777368607,0.305842489537353,-0.00245857599464833,-0.117936202191332,0.364108693425564,-0.244317029871793,0.0451978540086109,-0.0109762051058112,0.018456145455345,-0.0427472524870746
TCGA.DD.AAVW.01A.11R.A41C.07,0.649603067626142,0.667782534972904,0.433779217429669,-0.243449398646031,0.00389762147361974,0.14145105103588,0.25130861859814,0.234006734395286,0.490496896884297,0.360681901885,0.333113621316297,-0.125609259358498,0.061185313156409,-0.254159881054756,0.221866225259961,0.0895310197540031,0.224255446469793,0.0370062174063989,-0.0959800290299002,0.149825396786511,-0.0388457626670841,0.502473836261623,0.418022656981565,0.102115867820149,-0.0316752366432884,0.341723458848311,0.0435169390165326,0.0802176956616368,0.0433126059737649,0.0493898835299344,-0.171382045498885
TCGA.DD.A4NB.01A.12R.A266.07,0.770759392642817,0.627054441072265,0.412925424267501,-0.240250413824455,-0.0421892464933428,0.173589049928512,0.273719863686984,0.230842812230732,0.477548519342819,0.332556188021754,0.348658878101596,-0.0906198622643792,0.126010255399215,0.0283282633445015,0.178246833896261,0.0307026099333052,0.241295732399485,0.00112642866273418,-0.0469251162296386,0.204627930154678,0.020140575820495,0.455245671803414,0.340141476395328,0.106061152626317,-0.0855201348156635,0.349661686167741,0.150601398783677,0.0944234609206402,0.0220392607424504,0.0279748379316853,-0.0141263792093822
TCGA.PD.A5DF.01A.11R.A27V.07,0.599696321450614,0.720523480572475,0.582828970394686,-0.253436869384125,0.0274974580223644,0.0720253918762006,0.271998611665764,0.188357184780852,0.440318527341986,0.384458844852455,0.323057276220503,-0.0473112025383901,0.110644884644059,-0.213617276042026,0.253616506327243,0.0480237667485553,0.302265204895318,0.0565008023744858,-0.052776670121525,0.305409458062558,0.0145021646738547,0.440251161922083,0.388941322425532,0.099742156918002,-0.300536775609606,0.340754632354618,0.131977945127126,0.0957811824214384,0.0335186698817149,0.0204879073046267,-0.0492096898265365
TCGA.DD.A1EF.01A.11R.A131.07,0.517635220169694,0.612486934393126,0.292309657391444,-0.233142790068644,-0.048611655870777,0.0792514859941618,0.182974087347913,0.192565731537411,0.341309023845155,0.336355369851719,0.32789951823017,-0.0923303143357112,-0.0378879887986173,-0.314208377664953,0.190522693004194,-0.128780848687892,0.215123772751087,-0.00262221920060896,-0.159064130376301,0.0963251860012088,0.0582888578150759,0.495806492058483,0.299170669095903,-0.0026082835594424,-0.278131549084526,0.203596003249481,0.0187495366082424,0.0751951033383306,-0.0461045656872237,-0.0352582359002433,-0.153634853039587
TCGA.MI.A75G.01A.11R.A32O.07,0.89352776562228,0.803861727770524,0.718651810031366,-0.300068733063077,-0.205037091297362,0.081871014278114,0.124566835393672,0.206254761633577,0.460009987626705,0.304377894796102,0.284198706340911,-0.170863779161294,-0.0358733910623005,-0.236287448280153,0.191546334131679,-0.0844719616917136,0.222089508611453,-0.07239698788763,-0.164025352208718,0.0202350091470166,-0.0795234003965185,0.449755870496087,0.272456998611182,-0.0589232466663019,-0.173237819964595,0.257741350706505,-0.185734463500195,-0.0272599567232397,-0.0320060862075424,0.0980816449794942,-0.145411660153786
TCGA.DD.AADW.01A.11R.A39D.07,0.472558039630041,0.545424559194523,0.380728265765245,-0.252878722209906,0.0672189329242472,0.0365521226064159,0.168742078875475,0.160424069249297,0.390505428700248,0.287167124271842,0.295742347661408,-0.139301541372801,-0.058560495048364,-0.421009379932633,0.217113001036525,-0.126755626152152,0.228202745278573,-0.0650753437240628,-0.11246037049628,-0.00106309309793837,0.104304892497842,0.444040769234444,0.355927592145775,0.0304738049810877,-0.223775515133055,0.336447062419596,-0.12323792486076,0.0735343872891967,-0.0365805372335902,-0.0336341156131189,0.0160273525590257
TCGA.XR.A8TF.01A.11R.A36F.07,0.821480558702528,0.605697901587634,0.516170115971463,-0.334641314199707,-0.144196288310754,0.0488745459535324,0.0413657449073274,0.187269427419752,0.372924613615429,0.259360283756412,0.303423864204577,-0.140416194145846,0.020911926380711,-0.0988002890433972,0.197662913920772,-0.0445922547215562,0.237163349408175,-0.039465973625547,-0.141198345876885,-0.0477882567264198,0.155217853219625,0.403169672141485,0.245006846328893,-0.0367077674083859,-0.217012263747108,0.25020977174116,-0.17004632830904,-0.0229258064036762,-0.0458814322476794,0.0521769911853562,-0.0891659947414563
TCGA.CC.A5UE.01A.11R.A28V.07,0.647279935863749,0.581011276687837,0.847215991668944,-0.332745660905758,-0.0116267535853347,0.127389966758956,0.262939522458638,0.196380948067631,0.426668940390014,0.30730670156751,0.267418814308814,-0.117569384762158,-0.102277463438355,-0.28992901618656,0.240011830784708,-0.0496475350562651,0.299645329537297,-0.0828576668051434,-0.115387307265857,0.00258751750470095,0.181461644926865,0.513992323537421,0.289981468984863,0.0856515596381165,-0.201344724354362,0.279863809921397,-0.0685707861074087,0.0221896567335755,-0.0230252510965722,0.0778511949471177,-0.00274433188445182
TCGA.DD.A1EL.01A.11R.A155.07,0.699758700978493,0.577482200153017,0.771520090351041,-0.32923519184289,-0.0206209090254431,0.131756664248952,0.286801453961054,0.224857523625527,0.267366233493823,0.325160518165746,0.275530458592203,-0.116717602743696,0.0187094137112819,-0.211778522808564,0.252227925970101,0.14936054767,0.246015433568403,-0.0202516813326266,-0.151034307137024,0.0430582960676732,0.0776990778039144,0.444132270941493,0.23298602451053,0.0834428371884827,-0.328778100245279,0.371581018967695,0.137489712642558,0.0467270426367118,-0.0194099454028201,-0.076207199687014,-0.12065876391159
TCGA.5R.AA1C.01A.11R.A41C.07,0.703285655929811,0.679439718654306,0.631692808330055,-0.306050341499937,-0.131782121183642,0.145474279117078,0.159214865035598,0.245956195116826,0.345878604253326,0.204861597526975,0.274323344355458,-0.169836461954825,0.123635101273555,-0.210851229120595,0.176647657668686,0.0744286062312186,0.264453903815711,-0.122231600975059,-0.122332118993283,-0.00689467233957049,-0.0851223161868959,0.418073935496017,0.238882200861908,-0.0307479549162259,-0.276244874170797,0.272293443279181,0.0198970805037122,0.0573952259313271,-0.0188832916775323,0.0342816770603711,-0.0783696869468706
TCGA.DD.AAD8.01A.11R.A41C.07,0.766778816857272,0.707566129600722,0.677315527181508,-0.304840919302861,-0.00411238548860586,0.130794293430702,0.185369938282657,0.224375534942449,0.4230836178505,0.314257808851419,0.32264822244626,-0.141827690457326,-0.00271580242468016,-0.164258244975454,0.243826445780681,-0.00390102618821361,0.237044750905071,0.0458424407760064,-0.123157348160986,0.0794680889711188,0.0174100457446524,0.417521182609882,0.356488207266773,0.0209621846632501,-0.0637799523356582,0.34490538722814,-0.195843583099996,0.00355152818209879,0.0279390217394245,0.0610391950380691,-0.127182377781391
TCGA.MR.A520.01A.11R.A266.07,0.810699615500752,0.935205399490934,0.829907155308494,-0.294249840090839,-0.208470305301606,0.121977168377414,0.176372890160985,0.200414730420705,0.414968911196214,0.23473037804222,0.2564747991588,-0.163895069275988,0.0012201683911528,-0.231735291215424,0.163047142671537,-0.0522208672688837,0.280857126800268,-0.0620515935781878,-0.133451601780841,0.0575694371990508,0.0721572174572324,0.47053218477634,0.279089039327675,-0.0704835014062529,-0.0783561667934583,0.302440216603308,-0.0169275018390937,0.0126034123684189,-0.0498499683564187,0.0216114588634154,-0.0471878008787782
TCGA.G3.AAV5.01A.11R.A37K.07,0.76864736457707,0.63888545054865,0.835037111427298,-0.304091087081721,-0.0705242562818752,0.152794753061177,0.164060237077545,0.257959336546978,0.379406776386645,0.267323252253859,0.260183916796752,-0.0804832749633059,-0.0291940584896568,-0.126110250024141,0.181435505480535,-0.0385750552218049,0.260757934735462,-0.0886858588897368,-0.168950685173361,0.0246093053909211,0.124686083511654,0.418616731187631,0.168244778661712,-0.0250041757338304,-0.318464409273305,0.204389749684241,-0.0866629205175324,-0.0439498980920347,-0.045420716369602,0.0276929808626007,-0.104276954889119
TCGA.EP.A3JL.01A.11R.A213.07,0.788530061977271,0.674427170312172,0.823327651929682,-0.247479368500951,0.115019863378486,0.241280118650213,0.31926135277976,0.239508222037449,0.438664853503446,0.345320818771209,0.373408335130385,-0.122108734541264,0.133225859823864,-0.215547378481202,0.246709145406251,0.153660307832704,0.258925309397874,0.0923967430675346,-0.125713948645937,0.331838756677519,0.0866699756502168,0.4390313191302,0.332825317954834,0.134073416412127,-0.0731619892182292,0.334353606637791,0.149795432147986,0.10634196965875,0.0113321254342785,0.0200355416027676,-0.157962170855291
TCGA.DD.AADF.01A.11R.A41C.07,0.818219793574253,0.693028639651343,0.906819949890324,-0.227052505798211,-0.0482590481906212,0.217198952556554,0.163356411854101,0.284406196526036,0.350307826934375,0.244028124360054,0.330506716201393,-0.0937672847542372,0.0554524692520343,-0.242447925968468,0.22387979354983,0.012310119977506,0.236782659312387,0.0119500353578702,-0.156196773884119,0.138963395468158,0.0192208869414247,0.435566964845948,0.331263021969586,-0.0414801886070809,-0.133535146797801,0.302856628138847,-0.121056721872913,-0.0440837951902021,-0.0687059510400667,0.032947043639034,-0.115368353031897
TCGA.XR.A8TC.01A.11R.A36F.07,0.745192193107496,0.709289850873364,0.521641538981482,-0.299377480955649,-0.0186874743805172,0.0605554651422597,0.147562423232708,0.18338673387,0.419399401286688,0.274508452138567,0.335286228146743,-0.210636339726504,-0.0619684061723365,-0.147141880662911,0.189090649876691,-0.0562810265841086,0.173726572189548,-0.039609698717032,-0.205033340298198,-0.0136151072846338,0.11548460093919,0.478068617657688,0.321691848982927,0.00901682484336022,-0.125537421974409,0.268803863539837,-0.164332330440363,-0.00385244111538846,-0.071317434096412,-0.0425745570028732,-0.0961467146315954
TCGA.ZP.A9D2.01A.11R.A38B.07,0.446560267132809,0.437845368620252,0.339977551402905,-0.216203236603211,-0.0400133404109269,0.0521824113435474,0.174612614700545,0.255949826147469,0.387488258374158,0.423007427767163,0.268126375668909,-0.0632711287456174,0.051310875477153,-0.308928964257007,0.146884780561762,-0.00844855310518712,0.266797829771226,-0.0891658328425532,-0.0718133282937673,0.100808020440825,-0.185271003246762,0.488751503009413,0.384908876993777,0.0862055649982068,-0.232454092677174,0.418593851973564,-0.0481402567444943,0.0772157214207885,0.0116373077913547,0.0177430338511903,-0.00483707031716978
TCGA.ZP.A9CY.01A.11R.A38B.07,0.767122366157922,0.854699856802242,0.638542529931884,-0.259113395005676,-0.0874068274593838,0.0947086375669057,0.310903180883997,0.225607674186955,0.379029972034069,0.339868862365846,0.350023477108905,-0.174626705605399,0.0975750671038163,-0.296779795985368,0.215666507718548,0.0541761915289849,0.265879754001801,0.0505512608898284,-0.128020983608844,0.142510344874901,0.0403534276707059,0.454061660527361,0.360449423498059,0.0595322685792694,-0.0586429608629012,0.304423408041462,0.121760777001481,0.0348787473266548,0.047646716818862,0.0340686754003575,-0.106726852099916
TCGA.ZS.A9CD.01A.11R.A37K.07,0.807168694371479,0.718628036235877,0.688772816428833,-0.257334690967187,0.00206244713266462,0.114352416917026,0.282275671048166,0.195396317591031,0.439449054744966,0.337264593111974,0.306233156269473,-0.109788306524784,0.0782982762683531,-0.14383323912145,0.199222576935652,-0.00493140716840205,0.245978261806826,0.0380437863455614,-0.0817238562259868,0.178864982859514,0.0381217874951541,0.415516419787882,0.350398872095012,0.0371566131076917,0.0545085608770145,0.331555823355651,-0.0329203570128444,0.0672584966499381,0.0189445734676112,0.0257764547424993,-0.125081017419425
TCGA.CC.A3MC.01A.11R.A22L.07,0.709905690767947,0.674432125592659,0.896872044404456,-0.257993198343189,0.0532691774462293,0.107950956157637,0.228285604817154,0.298776428977736,0.456890985097321,0.323236204279769,0.330227168263213,-0.0617457802882945,0.085240243208102,-0.255066991338156,0.196243938809252,-0.0838273462750522,0.297449523482656,0.104143053142904,-0.108311150300431,0.207620493277571,0.0418067346755151,0.442561385219275,0.386097261811065,0.0795503525886467,-0.0284075960057686,0.312353690588121,-0.0465598424849545,0.129550608710996,-0.0133491535708498,0.0757138489394961,-0.0710247718003932
TCGA.LG.A9QC.01A.11R.A37K.07,0.64253561244106,0.752803298548734,0.412234488017582,-0.331926551457755,-0.183703997355294,0.0942614255195913,0.196474217475272,0.242168824867552,0.497822109852601,0.282220901684016,0.313606827090987,-0.16234352492781,-0.0118328639014859,-0.240540665412416,0.256907777090644,-0.0285975437500662,0.22838950861197,-0.108639655119645,-0.18513331674555,-0.0689577693166118,0.0282723716531306,0.430390551122951,0.266856053580513,-0.0763331230530649,-0.317249263427898,0.307007233234907,-0.171543709840196,0.0782811335592592,0.0299427897336213,-0.00183814419822326,-0.117107897662952
TCGA.CC.A8HU.01A.11R.A36F.07,0.751820915179864,0.613047096923362,0.539256959223749,-0.320554996623076,-0.0465585536020036,0.0604534175402531,0.173918773584102,0.223285305155658,0.387879070789918,0.293847034560456,0.374766861082683,-0.0800587783309041,-0.222739369278015,-0.379261365171796,0.185985311991792,-0.112305060253879,0.239980373955415,0.0226133293192545,-0.155665509144262,0.0689269476103487,0.0381381911094989,0.467483338314605,0.317635229020448,0.0732550289413494,-0.19933502222683,0.230688869187628,-0.156684283251237,0.044758487742024,-0.0191848770412101,-0.0538943965212457,-0.0909280366361961
TCGA.DD.A11D.01A.11R.A131.07,0.736881702125377,0.909878029536211,0.615605560990918,-0.276718003534136,-0.135497817205543,0.0703137685472913,0.20107674571676,0.203215093524535,0.431190042271041,0.338211048193512,0.323811112401576,-0.155829922545409,0.0133159060593661,-0.222676700523913,0.203828633834117,-0.0661198992276279,0.260538598890484,-0.00918318190951606,-0.136597722762707,0.01915525764924,-0.025614632915039,0.452103262061911,0.370036199804962,-0.059421416033544,-0.0547588330983311,0.311663194230241,0.01482864621896,0.0383535476349405,-0.0215391049088044,0.0258013637552513,-0.0696722407840703
TCGA.G3.A25Y.01A.11R.A16W.07,0.528262556448914,0.491942461209521,0.532665525295313,-0.245124832734392,0.0726906201314077,0.0980507862244098,0.2024165299094,0.162123026772572,0.390600231542277,0.333811267895031,0.346752475499912,-0.057340760475125,0.092711744861799,-0.194207104835069,0.19603677036345,0.0671228754087216,0.250063906946659,-0.0174124737528795,-0.128244568416818,0.218878574962358,0.0358065073057195,0.461957481122695,0.39832779350223,0.0584195695429436,-0.101805195602794,0.353709909862432,-0.0203138560127439,0.171650477322179,0.0352981953717821,-0.0931592242264746,-0.0638143777539874
TCGA.K7.AAU7.01A.11R.A38B.07,0.476498510916647,0.472421816729473,0.44639175327756,-0.246755000069222,0.0781351307381684,0.0811176343668468,0.243886466269449,0.270620947204301,0.444776515495283,0.450902741972861,0.313863708421901,-0.1315192131786,0.0817209338357189,-0.02781383018496,0.202154938955012,0.0825667617246269,0.352464084333522,0.0192948166383662,-0.0391366088444667,0.228723370801688,-0.149443337696687,0.462558276048922,0.414883728855634,0.103691980412234,-0.115225809632276,0.396788148263137,0.0894387601686778,0.0504753383224881,0.068424179640475,0.0461702941045586,-0.0666423426231597
TCGA.DD.AAD1.01A.11R.A41C.07,0.48212581870628,0.618717924473809,0.212922703650187,-0.123689830949103,0.115826650520836,0.224462658417472,0.272850638889021,0.202772089868169,0.45679403046454,0.385697883778053,0.349305176800404,-0.119132689922081,0.120058970623459,-0.216644608234337,0.199341748198793,0.137981373255406,0.221508812972904,-0.0183558049781263,-0.0337818237400869,0.198603172077206,0.0405587707310937,0.435563996089953,0.42132235651985,0.103125322949431,0.0234759300452697,0.410307034335056,0.11344506553115,0.190974251544729,0.0742989383777015,0.0447583753504138,-0.135720885277638
TCGA.DD.AACH.01A.11R.A41C.07,0.566890359312198,0.495255710315293,0.525613603661353,-0.297700428006409,0.137549238568837,0.118454366150252,0.317070953655621,0.317649199365301,0.438250357754374,0.378965721490414,0.314536314484087,-0.130232369314228,0.0718005343291725,-0.364123969658043,0.180076154033039,-0.0209133307095784,0.301175132647917,0.0136512708762044,-0.113751734831882,0.114099848644302,-0.0531536846776128,0.421832183089672,0.378547646848788,0.108635383766936,-0.150188238172076,0.375839122719906,-0.0214832700205183,0.155100925760962,-0.110727836706329,0.0237446931797189,-0.0235142389478937
TCGA.2V.A95S.01A.11R.A37K.07,0.507771774762206,0.449590605495621,0.533498068917852,-0.103656485107004,0.282766309285385,0.486334834898668,0.373618228198025,0.248382215627423,0.351806152414516,0.457773199328595,0.332301082433268,-0.0227872347984742,0.18770677184128,-0.20624236256687,0.221210674055227,0.143926633562688,0.254763288630131,0.121853045078102,-0.038781838498151,0.397126929433017,0.0431894413731195,0.440589983770546,0.397541821930141,0.147466295115904,-0.0922425462645335,0.38225861438519,0.183249267386725,0.109912096552956,0.0603532973716495,0.1937646658877,-0.0707979795687991
TCGA.RC.A7SH.01A.11R.A38B.07,0.523333222651886,0.493603604287618,0.490611878533266,-0.292782273131942,-0.0146612965027977,0.118193448028233,0.0952212307607988,0.207176453163576,0.373855681553691,0.272379416378267,0.298992446194802,-0.164949900550414,-0.168554926898461,-0.254866204478606,0.169149237639805,-0.0965476371491073,0.237718095275126,-0.0847963083683875,-0.121970853328266,0.0389927045538679,0.0813105390324237,0.449941278541848,0.265082475117378,-0.0166951273478816,-0.0799575237847087,0.291291591555543,-0.338979404166193,-0.0576779368714657,-0.0346655412592125,0.0150950381702881,-0.118461172778565
TCGA.CC.A7IE.01A.21R.A38B.07,0.687203485675329,0.49151376524507,0.490237434641686,-0.297943814352295,0.183583905784489,0.266927338434157,0.223723063153928,0.242627509740274,0.407918481066316,0.359752797644087,0.325268652770792,-0.0917886267891086,0.0328798691537702,-0.0970626470604134,0.232730253519503,-0.0377880558316454,0.217072003283014,0.00158075745464821,-0.12746319731887,0.299155561121683,0.16417990078256,0.432871069767268,0.293052295030906,0.0243534514589471,-0.13514225241831,0.362232585805834,0.0100676123713026,0.107916911825896,0.0347347537442059,-0.00711276107101911,-0.138034651925684
TCGA.BC.A10Q.01A.11R.A131.07,0.169077435084346,0.3048998913422,0.174618314177337,-0.330023097121445,-0.0862214686339153,0.0223997121165574,0.176299630679261,0.166550933662357,0.272161321656355,0.454993212166773,0.318598473328546,-0.150852561072911,0.0198616673727405,-0.216547361617393,0.119462892972048,-0.0248728958249978,0.283217606851168,-0.0182336038047158,-0.161644690139677,0.0828881110441908,-0.107458792582742,0.442280077622531,0.340501115999504,0.0571313709660567,-0.332489836774455,0.296488734270661,-0.0776276758970486,-0.0194769479007282,0.00932247701334059,0.110966249733454,-0.161087089422373
TCGA.FV.A3R2.01A.11R.A22L.07,0.811151708974633,0.840041226688617,0.710370111002047,-0.289815224740614,-0.0820353022244847,0.0650549642358085,0.190637725623989,0.273081550788369,0.429576401247876,0.227135689011492,0.299109532121784,-0.131804669116693,-0.0456676591817494,-0.199150408855229,0.208631546615003,-0.0359121207403893,0.256432050761307,-0.0530292281139173,-0.159988733848367,-0.0152588249552167,0.141812188479023,0.526072697464579,0.389156830446252,-0.0985189311488261,-0.114382367716524,0.276357933863883,-0.179908217039134,0.0244930323272731,-0.0375448598549316,0.0388356753632797,-0.136167672611661
TCGA.RC.A7SB.01A.21R.A352.07,0.776891390152755,0.799998140050312,0.835878952318929,-0.282904080275838,-0.11988881499487,0.102773846079912,0.158198819565369,0.21074355627251,0.417045969899366,0.329204330908454,0.331440157644173,-0.0469148420120977,0.0510518582546917,-0.314882188529478,0.252039294928893,0.00882745573210571,0.293378047041086,6.48199902914367e-05,-0.124909458962167,0.158538423705783,0.142248375764467,0.463371414773188,0.351547878698533,0.0301679909448064,-0.127068076296429,0.258758467124381,-0.0775808395253656,-0.0089590591431988,-0.0188970552653044,0.0456536319583196,-0.149195246721675
TCGA.5R.AAAM.01A.12R.A41C.07,0.790926471172774,0.863507566160845,0.637343356591444,-0.248659985142244,-0.0338325888652023,0.190708625826001,0.199680501344192,0.215848194509311,0.431737775273416,0.330688452054447,0.412562403785614,-0.109574894265736,0.142653570237483,-0.0827972796038978,0.233914688843466,0.19760768841283,0.28232354050697,0.0634602096753179,0.0169463725596968,0.237078698875146,0.129379551524785,0.506863863959881,0.390978862553414,0.122014564586329,-0.00806771602993677,0.353523246338026,0.260292758114038,0.134091006968129,0.0290884803319248,0.0629565024812866,0.0017157427161247
TCGA.DD.AACX.01A.11R.A41C.07,0.736123210210577,0.657167570361288,0.685991014749132,-0.305611676766096,-0.0781732526818687,0.113606056391399,0.209389593938625,0.233923779870767,0.404170691910594,0.21802912134929,0.324478791476865,-0.127015606945504,0.0923067818022861,-0.209790250980952,0.186965082264225,0.00709235047126973,0.277601210127258,-0.0382494986372003,-0.137453828810373,-0.00392592532775869,0.256343799304878,0.443007330083215,0.248116831313372,-0.0120417805558109,-0.240851360423284,0.297427504013871,-0.0211601145656781,0.00335011667827905,-0.000113433430086033,0.00282572578038847,-0.2092390889244
TCGA.DD.AADQ.01A.11R.A41C.07,0.84200118499981,0.670357619411168,0.665779680116574,-0.335780266384549,-0.0465839658710666,0.192707874916258,0.270373321388103,0.237192031031203,0.298361230632161,0.272547401592421,0.292880976140333,-0.0958353368268445,0.034627041111314,-0.272498818517457,0.221743910125508,-0.0442589983592727,0.260202748431422,-0.0345890903566319,-0.154741192001693,0.135763658263415,-0.0602729844954739,0.428605971378843,0.355809348384562,-0.0149497851750157,0.0375264158035435,0.350388423841406,-0.122667680034478,-0.0488199993235303,0.00777726437553526,0.0600705038065034,-0.0995675669466978
TCGA.DD.A1EI.01A.11R.A131.07,0.689258213430102,0.703179178593869,0.532345287498513,-0.249338435867137,-0.00955325419357802,0.121808559299203,0.253426966585507,0.216439951152544,0.451575721311056,0.349681795142433,0.308189751297699,-0.154128239161457,0.0143141577136835,-0.250754149135484,0.221910045290876,0.0681305229463735,0.244021796250671,0.0412463775925469,-0.0933066252805046,0.117284251478128,0.105196123514247,0.457402499044323,0.394193074052951,0.0899947707912612,-0.141600145222611,0.408487236772491,0.0371549523722241,0.0690948494266168,0.0127691010300191,0.0512573801019131,-0.0884196433086066
TCGA.DD.AAEE.01A.11R.A41C.07,0.810655659822965,0.679737959558304,0.713686219147755,-0.33101382950141,-0.086470972482866,0.11559227332928,0.149302858451126,0.240140394273506,0.434193190228675,0.311171931182916,0.245397710385592,-0.105306442637776,0.023098197375038,-0.263741231900982,0.227291242013215,-0.113976709540565,0.289896611949106,-0.0904881167698863,-0.187151398567927,-0.0652695242928853,0.151228972941648,0.420103883082065,0.321475252556526,-0.0197444208463853,-0.26149117381341,0.326040514004505,-0.156678933783925,0.0157069400774402,-0.0219284793204156,0.0253167459321334,-0.106384548258102
TCGA.GJ.A9DB.01A.11R.A37K.07,0.763077226076435,0.817677719578298,0.641090319614392,-0.290875389175202,-0.0350379758340362,0.0504862256065939,0.21134036758891,0.261915616474452,0.462263221663048,0.336365767606002,0.330679852710508,-0.116511990111988,0.0843175443013208,-0.176599794174691,0.210960426840017,0.046849503885278,0.283937909018712,0.0217854414944427,-0.0954860455801486,0.151244229022921,0.0427898142890535,0.443568729305087,0.363273190799181,0.0792400589996862,-0.180332201929364,0.334989209182578,0.107957720037709,0.0542277162418041,0.0133711413991693,0.105586853314028,-0.16884432009207
TCGA.DD.A3A3.01A.11R.A22L.07,0.779365566405103,0.671870547460794,0.766029140288722,-0.323064567334603,-0.048693810615907,0.164943676438045,0.207720128528833,0.256547554713332,0.312873047026165,0.287681845938315,0.301211867142376,-0.113419169822216,0.0382645471043938,-0.239371001448046,0.23947801043325,-0.0568307471286712,0.29994963555388,0.0504553742631279,-0.0659355525321228,0.130313697776499,0.108796830894981,0.420950845408118,0.290345042304653,0.00467748752690155,-0.0570125438689184,0.275375393929395,-0.176586162435293,0.0109820621873898,0.0396545959637963,0.0894909492668408,-0.146649123936866
TCGA.ED.A459.01A.11R.A266.07,0.635785583040644,0.7254234153259,0.515640751150278,-0.262592074734195,0.0467090627573835,0.0387040350409514,0.279503427818264,0.272149489025854,0.417959186090434,0.229722188126451,0.334795050939732,-0.148918139428858,0.086017895169354,-0.230788511479415,0.195142574419817,-0.0563249782521851,0.275177876030536,0.0562898021130052,-0.0523592611493175,0.255538104801136,0.0650458823700945,0.436800988761559,0.322236177336388,0.0877677533284491,-0.160735858396399,0.31842719238878,0.014689797469612,0.0513236318543784,0.0300620761982173,0.115394027548599,-0.0513137798857895
TCGA.2Y.A9H5.01A.11R.A38B.07,0.581186255875696,0.666578186102214,0.293292657505019,-0.24325423805052,-0.0281835020903083,0.120366265431688,0.218293169377048,0.213084872387676,0.394193046185411,0.328239209550214,0.320460317229608,-0.123734097015014,-0.0281509539025063,-0.364159227632844,0.223211186405976,-0.115897703045735,0.272431001080909,-0.0435306591719292,-0.0604347841109745,0.0847400356604846,0.074496148301775,0.447537746167859,0.382067970266075,0.0505606266838695,-0.0725750626520445,0.341703784583872,-0.0787816348869864,0.0691930784840461,0.0220571519740612,0.0139747879403708,-0.109756880611045
TCGA.DD.AAE0.01A.11R.A41C.07,0.361273591319567,0.279988491732113,0.215796409502567,-0.217858683032413,0.105414876323891,0.155138859604689,0.145156185626854,0.191223652093843,0.382474952593285,0.327264374848628,0.242642503795341,-0.0481069698590873,-0.099320526834787,-0.371967905286418,0.226427331374236,-0.114159221256271,0.227073599190006,-0.0917320709072394,-0.137503972755971,0.101229494809596,-0.136926098605901,0.49634617918722,0.342145040954848,0.0209962922893,-0.334220123109921,0.317916149266215,-0.189612266023071,0.110784760887174,-0.00824292028838712,-0.0364646588334889,-0.102735575864463
TCGA.CC.A7IG.01A.11R.A33J.07,0.550295013732759,0.463165805045317,0.686282635722766,-0.269004977896487,0.0800306702405738,0.131622063919285,0.268825949189764,0.271471839184662,0.371048561675814,0.326965756159437,0.299543280701952,-0.0145622096736895,0.02190102612462,-0.193119374616443,0.198317040749544,0.034863067049075,0.257723925299442,0.00533904929260381,-0.121313959421893,0.227772780641371,-0.113146265455132,0.446992795231675,0.29452236323726,0.0538408645792705,-0.0638390004066002,0.290828014692866,-0.0324177745200003,0.133706402279548,-0.001482018861616,-0.0558483740745573,0.0178060652224382
TCGA.DD.A73B.01A.12R.A32O.07,0.800271455062376,0.825778981632156,0.817664820531055,-0.332667650482139,-0.139597477115796,0.0865765343050259,0.147288643800579,0.240092558347437,0.454735606822366,0.287169137935129,0.302481253626498,-0.0755260838372191,-0.0792657659306178,-0.268798344176987,0.188491310078058,-0.234667182533479,0.212097764724345,0.00500019360858736,-0.134165634287148,0.0613737394342559,0.10474118024053,0.503522478569254,0.294905719421279,-0.0261487081390791,-0.0729015113067274,0.278453395177623,-0.0278985241117243,-0.00781229260487284,0.0275329591300321,0.0416262530714611,-0.130259393774003
TCGA.CC.5264.01A.01R.A131.07,0.438608487527767,0.675491955135448,0.533774289104192,-0.327167915616978,0.0291090875335128,0.104289784869995,0.262449056010612,0.218536457348793,0.436577731629946,0.352249483703311,0.355095367979311,-0.0815532709575531,-0.108265863687892,-0.434677695523926,0.206295593150003,-0.140146172765354,0.229972867709178,-0.0474795797994929,-0.147446359581118,0.029092331895177,-0.000829602262387074,0.512194905052582,0.331058933616045,0.157337093960684,-0.225977344667649,0.270073191905218,-0.183346256419687,0.00196733393107592,-0.0502528319416662,-0.033194298957711,-0.0434777468056358
TCGA.BC.A5W4.01A.11R.A28V.07,0.652482890914603,0.749606357641109,0.647803183330098,-0.297706816340599,-0.21471919938912,0.157685197334446,0.117575802505471,0.296363559417345,0.450930539982261,0.252537421387823,0.318838281598055,-0.0833791393849038,-0.0225414384598755,-0.326670343723119,0.145019682067758,-0.155262959109665,0.255767632953955,-0.0407616691263179,-0.141134158158059,-0.00577448909988197,-0.128604841740337,0.521448292412759,0.28107208875124,-0.0354589846228741,-0.279392959961027,0.289726112743178,-0.252590073102551,-0.011213318771845,-0.0321940198688764,0.0629332773006614,-0.143162818206873
TCGA.RC.A7SF.01A.11R.A352.07,0.747011266663685,0.785523689443576,0.840038277296071,-0.307451107683072,-0.0329927995794153,0.180050988249909,0.191433043199366,0.206064879798142,0.349523063152707,0.293783916892838,0.288831582983505,-0.158437070673083,-0.10220140622558,-0.260692912491967,0.213577185482536,-0.0996347607806688,0.191032560325157,-0.0801904712243884,-0.108764478039253,0.0729436393846193,-0.0303810051284824,0.406736968194782,0.328255137104719,0.0579323780308357,-0.103542017610952,0.322421519085439,-0.121774878668549,-0.00355592620455388,0.010494462757643,0.108628398949151,-0.204178779347114
TCGA.DD.A1EE.01A.11R.A131.07,0.716543511026269,0.741170705872599,0.54642656885561,-0.331076237840305,-0.151282322280331,0.057750381258636,0.298004379937599,0.218907004616584,0.450081208900245,0.333772199086402,0.324643204516486,-0.244236792685591,-0.00331789588961227,-0.217990826839745,0.242599287478167,-0.0737767275659769,0.290284356133446,-0.0700163448906787,-0.170542727824061,-0.00983848073617949,0.146914817268313,0.444704845256986,0.309245779787312,-0.0287739517708683,-0.362237168494156,0.322338047936613,-0.0630643671397544,0.103981168600814,-0.0189614516579182,0.0231946579388618,-0.182693759111721
TCGA.BC.A3KG.01A.11R.A213.07,0.537991824623072,0.628345687208624,0.232875125375161,-0.287370136040162,0.0797048627995205,0.0223714193662632,0.0865433363827976,0.232708011587807,0.318629526648884,0.240777880746612,0.311399079380012,-0.0933064298217724,0.0226521171609528,-0.302399038166088,0.144051583747935,-0.0155862155294787,0.276233725904837,-0.0741650342368135,-0.131609753285611,0.135226836889546,0.00217682787751584,0.41910732973638,0.324271749040104,-0.0104172390094241,-0.167100140568172,0.297080566534812,-0.122374941069728,-0.0194381000006839,-0.0666308457929572,-0.0163506567613403,-0.042908241856835
TCGA.DD.A119.01A.11R.A131.07,0.891611374027068,0.710501202500149,0.818632744553237,-0.253823926772282,-0.0313139513077608,0.141677455586492,0.177673439175477,0.2236849366921,0.42146944472272,0.31844229574268,0.299227823858239,-0.201339244955729,0.00783601582452645,-0.185092655849084,0.221657064558883,-0.0412525555567128,0.258610890961496,0.0509531304662559,-0.0769952227877576,0.152500825536486,-0.106015766298546,0.465907988063059,0.328958575834812,0.132024380930749,-0.107978249204761,0.277555265249845,0.0417524615185416,0.0269059491172587,0.0221416486282212,-0.00647315702523868,-0.197440431011716
TCGA.DD.AAEK.01A.11R.A41C.07,0.704661053380757,0.839568392318536,0.46616591650075,-0.231387617504947,0.0619247014800046,0.284925811378061,0.200651543508465,0.247154958342186,0.408352183576478,0.411243531214004,0.367406025157224,-0.0763546490354477,0.16150745378158,-0.15995417369568,0.268702903580098,0.177370104350113,0.27033899381955,0.113976651151777,-0.144381846616838,0.262336357423543,0.140496159467364,0.427569205631287,0.348833820006197,0.0300562233794737,-0.261209339585681,0.313192509713866,0.067821277615008,0.117823790628946,0.0656348499132515,0.0757914793857274,-0.0392342329049012
TCGA.O8.A75V.01A.11R.A32O.07,0.732043205655975,0.760416662676008,0.677331836484433,-0.249278811498626,0.0357544649979843,0.209379510895094,0.289222618121382,0.26660478961335,0.413263337561986,0.339048574141734,0.392783665386942,-0.0954870020900998,0.0875076162462482,-0.252001898944123,0.237524069320259,0.0849845251383035,0.279072244287838,0.0535862035202358,-0.0600027930900568,0.263311417809739,-0.0154659897397356,0.45020368609805,0.361862087371165,0.0925454494669841,-0.118885259076547,0.302731195402149,0.14758678479862,0.0956168048724842,0.0230043754907319,0.00710789364188991,-0.14552464849084
TCGA.ED.A7PZ.01A.11R.A33R.07,0.866869598697347,0.604427505178276,0.401767696654215,-0.310350934963434,-0.0994206132064309,0.124444108484876,0.0731449651729913,0.281628813705852,0.406832989486616,0.276723712004097,0.310649383457894,-0.093684634429651,-0.144135427844804,-0.348381451347969,0.207483474257197,-0.096883334369483,0.263917353119852,-0.0856416584346626,-0.187637340809458,-0.00629722279208686,0.0592128621917153,0.448345120041582,0.201219645269267,-0.0142259333679078,-0.351412403630762,0.250779599217359,-0.103877670473469,-0.00418523840325988,-0.107011609182832,0.00325209092045551,-0.0412834426195312
TCGA.ED.A97K.01A.21R.A38B.07,0.391852331520669,0.533021976654729,0.37018518243131,-0.216159686398892,-0.0765752008081645,0.0622847676921934,0.280727709432632,0.188342286897045,0.358693045768156,0.487477791805621,0.335238807379761,-0.209353636794254,0.0891367707750697,-0.449061703204702,0.247175724606727,0.0353889512538797,0.32955298069345,-0.0234372720687562,-0.038962118696894,0.265176426859806,-0.0791111310332728,0.425389072195633,0.340629130898313,0.0989243218629791,-0.193930843271257,0.36237218757513,0.110047283838391,0.0881654783865568,0.0890920810873966,0.173212422725816,-0.0373276468518005
TCGA.DD.A1EA.01A.11R.A131.07,0.738655299627255,0.750842339083876,0.398728144124264,-0.252604182911325,-0.0507136981242453,0.144935544554448,0.25933877295502,0.171419866559327,0.323943661779341,0.281905689815384,0.339232048344081,-0.163379383032618,0.161099990139401,-0.226496045674547,0.191832172231993,0.0433054451756612,0.251143609197614,-0.0917986783798716,-0.194699843290448,0.160929555868412,0.2350917400115,0.406800949043214,0.340387968707409,-0.0125656027035421,-0.323997750723537,0.299882801996716,0.0382994482954826,0.0838450544475053,-0.0205391402124969,0.0590486610359472,-0.0359254430754157
TCGA.DD.A118.01A.11R.A131.07,0.662443399123922,0.643254860941681,0.248193357386439,-0.333533566184313,-0.178302013435959,0.0606523164939314,0.0996564153725016,0.237971455057805,0.484494306577003,0.297450259020996,0.354231243550284,-0.169052683599463,0.0773883787579029,-0.356498464648335,0.144575637237748,0.0193392270383008,0.205387659235321,-0.00608214375289848,-0.195481151146543,-0.0102370079411457,-0.0803902579563422,0.442318621230548,0.290416473936937,-0.0364177050589677,-0.201122308802243,0.299648528286011,-0.0787107507378963,0.0517701172637419,0.00938645875179053,-0.0033552916680015,-0.148296184363425
TCGA.DD.A4NG.01A.11R.A27V.07,0.561609363496719,0.791038477726231,0.529919104163101,-0.275815366824227,-0.0376469410561327,0.162294573683776,0.241610159259565,0.218600915698505,0.343743906600044,0.367731474452494,0.304933343690329,-0.155401101461158,0.0163492904207118,-0.206255772029646,0.239008783136416,-0.0566019619257953,0.234460955035824,-0.028698345284292,-0.152975988453215,0.14895939674382,0.0935325165343974,0.444779483060712,0.321433215325206,0.0158182293331863,-0.194915244094184,0.297155520878758,-0.0976172381065535,0.0553021607472906,0.0386898134153939,0.0558776360929336,-0.0920570940170419
TCGA.DD.A4NJ.01A.11R.A27V.07,0.681156076842401,0.675945113141317,0.679615080397293,-0.252884057313417,0.0914203300213537,0.0990692394166885,0.299572830309211,0.231639516770839,0.448611128764808,0.316266814589749,0.364511617836923,-0.0579254856468895,0.100971916489684,-0.133534877142998,0.223167037334266,0.187784175058982,0.291681680059597,0.0821226310394104,-0.0799813216013514,0.262604599692904,0.0759608171296437,0.43904115118102,0.361614060914203,0.0771941945002282,-0.190760428531598,0.334563581782513,0.153413153016041,0.0807295282914704,0.0159577693376218,0.0373053415403769,-0.0642575599769208
TCGA.DD.AADG.01A.11R.A41C.07,0.772554943858798,0.757455616331301,0.351623100204639,-0.332324404618214,-0.245270995494891,0.123084683166783,0.0696517503364592,0.200104869069735,0.392588425944456,0.225945922482196,0.288535713146997,-0.142928629483407,-0.00600424385314093,-0.227268895816194,0.223052688999624,-0.0719986781370636,0.26988943240247,-0.20793497043216,-0.223822742039399,-0.113941504926439,0.0195067541306222,0.395059282218676,0.318478116675297,-0.0505020698553481,-0.307520772593003,0.266908562406593,-0.152650240159401,0.0381750659088846,-0.0364478002797617,0.014012717191824,-0.0596264862201345
TCGA.K7.A6G5.01A.11R.A311.07,0.833313569887155,0.883528656102685,0.864774565095524,-0.250497741002133,-0.0383238228987685,0.183502181379592,0.222992300693101,0.278734697587657,0.413712632420898,0.288791145408435,0.351110319952251,-0.0909120962143099,0.0544012494962725,-0.236545868867284,0.212541055422366,0.0584808680458327,0.282299331614081,0.0541146477136199,-0.129377183854414,0.212187363703163,0.0321429770110997,0.459533479228018,0.363898212692209,0.0350891612071476,0.00459314545042433,0.344133302920814,0.101237683622072,0.0527270873948778,0.0112033482025294,-0.00207418088298534,-0.0643667330416216
TCGA.BC.A10T.01A.11R.A131.07,0.824877222541573,0.700902253850073,0.829826667411524,-0.260930158217314,-0.104255023461411,0.106902270784779,0.103185560005747,0.25318038779196,0.47076321280176,0.330255545798363,0.317868684526232,-0.106348929885858,0.0180622774701565,-0.0899108309815352,0.198681690764352,-0.00274521751526309,0.345496970680285,0.0864790822801959,-0.0578385549304292,0.0789819898734275,0.0242876279325793,0.448831394172911,0.401606617457565,0.0709865428255185,-0.128175362063206,0.288418603618095,0.0201981961582442,0.0494774616386429,-0.0065970445771505,0.0189966298562947,-0.0815595892656035
TCGA.HP.A5N0.01A.11R.A28V.07,0.738205409586374,0.77183203687158,0.535889938955823,-0.222833822676133,-0.183781419387531,0.132699900861656,0.219868803745674,0.218564034195943,0.410355276698102,0.297670267995151,0.349904657054944,-0.157231126933015,0.131122619900894,-0.258903679828367,0.225142515447453,0.0378619413407324,0.212433572897184,0.0719662567167257,-0.0965762298982859,0.0684463990948534,-0.069067330399177,0.480772304488871,0.417517710823093,-0.00512665263807502,-0.144046296736918,0.329063836238655,0.102774425063613,0.0939799821746047,0.0451762631256558,0.0938522188950899,-0.0269262307665526
TCGA.FV.A496.01A.11R.A266.07,0.678306746949168,0.783181598304622,0.611988567595473,-0.317388198597045,-0.249242857521165,0.0544248965232914,0.152888997486937,0.238654286892778,0.433810607590514,0.294511575992578,0.271488157906549,-0.156791867571117,-0.0543824735694677,-0.302778223636875,0.170789633342698,-0.133448329383869,0.225691921045766,-0.0744633744961369,-0.185682461129796,-0.0442090587661989,0.0828698228944946,0.403428691847714,0.292332817596652,-0.0291924653074026,-0.0665627667942203,0.308499654013876,-0.197901252513674,-0.0032849224710129,-0.0556471457249954,-0.0274582989261769,-0.107748888779847
TCGA.DD.AACV.01A.11R.A41C.07,0.773460649075103,0.777742109142287,0.656272136246051,-0.330631578425675,-0.0614958907856566,0.0627106558107648,0.0793692124241776,0.161823763993935,0.390396448825415,0.26095969544456,0.322285541756014,-0.117723772510629,-0.12795817995646,-0.349284897197264,0.195140956807092,-0.171453513430959,0.185223533812152,-0.0003756393396337,-0.237087576402929,-0.0470119761681053,0.0475804179832382,0.406440278018333,0.334061532601393,0.00822395370428065,-0.207724237187836,0.253047416124827,-0.0439104265011443,-0.0586764237572796,-0.090689628100922,0.0898761901182122,-0.0977577871108561
TCGA.3K.AAZ8.01A.12R.A39D.07,0.838788115855721,0.756270751961524,0.579866990152661,-0.228193959916564,-0.0560941156873955,0.184578658092014,0.146101932625693,0.179964624867461,0.418600002706052,0.254831249947964,0.322098334393756,-0.176126776058747,0.0362375552933149,-0.114188976471332,0.211106423923982,0.0395935669638169,0.228444610763411,-0.0396439909494098,-0.160553709207767,0.0361580465332824,0.0124306536383031,0.41254381893147,0.283190059816755,-0.0190928121057573,-0.250210648816729,0.212959168324158,-0.144783060915972,0.02468075532203,0.0253691754837639,-0.0491075041131784,-0.117442046547696
TCGA.UB.A7MF.01A.11R.A33J.07,0.785569409403615,0.633056422572948,0.49852384280444,-0.207164613056955,0.164764761925092,0.353798270876639,0.313688325360204,0.25965935386132,0.362436026124545,0.340246903179498,0.378145864576231,-0.0174721846893077,0.200577709510794,-0.376638379792779,0.183393333615226,0.135356351065475,0.260989183138193,0.176071116494037,0.0342278358085198,0.292802876944353,0.0473615946682779,0.410746688327711,0.336550683133178,0.0835964922731832,-0.183290290225414,0.302993862191851,0.195406985834112,0.0569784322615291,0.0416757710254806,0.0489302306934024,-0.0675558271689497
TCGA.DD.A1EK.01A.11R.A213.07,0.716588956996792,0.871264420849621,0.448047126683087,-0.331021630543771,-0.0822517214960405,0.107183545574801,0.273162872921318,0.260086843497162,0.46148468441584,0.338211520810317,0.442915160507029,-0.0314013729820536,0.104247699300083,-0.208413179725576,0.276253499366725,0.206443908780416,0.289839806337448,0.085085591064499,-0.0308275500104103,0.36821840305573,0.0700487818380819,0.442221246186486,0.315059195384701,0.00360197127649745,-0.0990446273093366,0.302751788809852,0.125690301516771,0.0706219813645958,0.0476026038119945,0.0533323404841566,-0.0726399646115171
TCGA.DD.AAE6.01A.11R.A41C.07,0.816730962391148,0.698138665821382,0.851251964650595,-0.335803669511634,-0.0837626611683073,0.0570774868626485,0.124595725569534,0.218056446716849,0.385057194903604,0.240270348791775,0.330491653845703,-0.0966742201463096,-0.157907776181331,-0.228110732476322,0.120103719833833,-0.124625649762406,0.262425732015206,-0.0709861384641908,-0.225574251123945,-0.00378225967557689,0.0751875025764106,0.435564790792539,0.264158545223526,-0.0369576206808188,-0.197585707573125,0.226646808629069,-0.231199796497006,-0.0898156330966792,-0.0672180073017403,0.063147543447627,-0.110778631977128
TCGA.MI.A75C.01A.11R.A32O.07,0.810416018733692,0.637509915536165,0.878033248443578,-0.332363409830023,-0.0207808736676032,0.240283711525145,0.231151182067291,0.279087359889386,0.405422594474881,0.288195761139286,0.323834236635715,-0.0933243928778926,0.0338362692891839,-0.181602756536478,0.177678723093097,-0.00658628575877927,0.273087096962787,-0.0240634033991336,-0.111283112406719,0.137196522052038,0.034702428213356,0.412225526641109,0.224468582248615,-0.0241023834937667,-0.0654649717861712,0.335033136834554,-0.156574125493039,0.0013050815113968,0.0515210020856627,0.028282399136329,-0.173627845943584
TCGA.DD.A3A4.01A.11R.A22L.07,0.968954011437116,0.734175819600096,0.844162742980127,-0.303048490001579,-0.226590597067456,0.0897202225969265,0.177486612586176,0.20969207590391,0.413134502759799,0.330963639981547,0.321199420784896,-0.222238010513637,-0.051580028896926,-0.21564034565873,0.162135100923995,-0.0815923994116585,0.270673491970085,-0.0236543949857458,-0.214603060564575,-0.0946995755376193,0.0926152095459619,0.485196181748863,0.27471869114246,-0.0293698386255005,-0.139450625777089,0.289190206350486,-0.0386636696863088,0.0051392906325277,-0.0593955035857717,0.119314528434249,-0.0909391896260597
TCGA.DD.A113.01A.11R.A131.07,0.760008132943855,0.673507607978986,0.689780242695742,-0.321855405768504,0.0856870594199821,0.104725827315551,0.287146204942945,0.274104408645056,0.441685616671929,0.35320797233717,0.36040920004675,-0.0523245870674876,5.75250639206696e-05,-0.358705219173016,0.185961028254273,-0.0463048005527305,0.274863331959629,0.0950127729417276,-0.0809562064457227,0.159827637369947,0.0799608894839173,0.428733056140583,0.331350592049823,0.0654410238618009,-0.136101335474894,0.273385126604354,-0.0331793004286103,0.043906788174923,-0.0538407898673853,0.00745085318182725,-0.0786581178678999
TCGA.DD.AACE.01A.11R.A41C.07,0.676428120183494,0.759743386163109,0.344837338106784,-0.333775398497533,-0.182819984426607,0.0406570511132542,0.12575336077903,0.215974671511784,0.35884691818515,0.275811326705871,0.308127048328444,-0.158057581546851,-0.0670507638467827,-0.227726369196818,0.222150850460058,-0.0439693310746889,0.305384550084399,-0.0886979080566335,-0.195316446681506,-0.035801950496236,0.0928384430585469,0.420857129104918,0.357652728880234,-0.0737037757386648,-0.272572034316712,0.268257492115235,0.00616004443852235,0.022253966574002,-0.0682921144540652,-0.0502623295331361,-0.192161807435969
TCGA.UB.A7MB.01A.11R.A33R.07,0.688070893497613,0.783445541646021,0.754037585145814,-0.322502892284544,-0.0434104515202244,0.0788938205244246,0.0451677638350836,0.236700568560993,0.399601724408413,0.263452775384899,0.303555719010505,-0.0321774288255553,-0.069789424945128,-0.309710820830599,0.226559955296794,-0.0212217433371095,0.261153458723806,-0.0719232574970887,-0.201681831450731,-0.0451498809041929,0.185288244747358,0.396008739046241,0.334049521777205,-0.00631216174282959,-0.133491196601689,0.255252688228653,-0.0763905206784701,0.0492757906547159,-0.00985538555299109,0.0900485253233082,0.00385063586118413
TCGA.ED.A66X.01A.11R.A311.07,0.645803553199014,0.631850545282225,0.509403370655432,-0.244794299181017,0.0145704684301372,0.111442294713828,0.240175721235133,0.215086508682501,0.423563139288684,0.391045948624922,0.373624724779838,-0.157652621904177,0.0862059065991208,-0.321010055749771,0.243405738710656,0.0716166798681773,0.291510711253409,0.155715149967602,-0.0565573830040866,0.215110161580546,0.167646367787501,0.509702414985735,0.348946967171957,0.120163779555889,-0.122202326079391,0.380316897233864,0.156370760563378,0.101367962043017,-0.0280177716109817,0.00549082275913321,-0.167341692540425
TCGA.QA.A7B7.01A.11R.A32O.07,0.704024192521329,0.642923481200346,0.607860122624259,-0.304390109670009,0.0143141561989438,0.0810143532158599,0.163275839792591,0.227414470831751,0.353769611824233,0.173922119029736,0.364339255571213,-0.10501841136939,0.0127435440118208,-0.296031448153026,0.198306406943028,0.0213463327541104,0.194109304919635,-0.0752109293570168,-0.132083111648664,0.0179056422502145,0.0966254202388595,0.444613008343776,0.294312057619747,-0.0472000649910692,-0.241916303782855,0.271649447315938,-0.203286057819189,-0.0893865252060204,-0.0334049922644279,0.0405614945444433,-0.0439210081737235
TCGA.G3.A25S.01A.11R.A16W.07,0.824838980833277,0.614228388686579,0.817028092643141,-0.336014297655407,0.0161525956937384,0.189879739018153,0.209348823517689,0.277275048732843,0.408704603312359,0.259618533149958,0.372824300718056,-0.120553075719047,-0.070982411268275,-0.262555834821151,0.219754619195447,-0.0247989820755932,0.26313901754835,0.0336053030373156,-0.0980433381976769,0.202957628900594,-0.0507009110298992,0.424854517794685,0.28184121047698,0.119491559802698,-0.0475188850987293,0.327627707595703,0.0186282386198917,0.0261241665709381,-0.0306177567256768,0.020671882504471,-0.145493831820808
TCGA.DD.A4NE.01A.11R.A27V.07,0.643863209895452,0.795048427460695,0.708753017794791,-0.33226979732168,-0.118027706954976,-0.0278226908646314,0.167961324961917,0.203922108672877,0.495988986349166,0.245009479347404,0.282352200181727,-0.108851388041056,0.00733401939821008,-0.349942470580826,0.160276939346734,-0.296565156940541,0.221190343396215,0.0373008628168273,-0.181831001175062,-0.00272357802529745,0.0725527540546903,0.486371147267502,0.353287725571701,-0.0362902616201888,-0.0561131643432452,0.338959347205216,-0.0429489121993667,0.0528142401641787,-0.0487578820522835,-0.0430010256650553,-0.0392784932469963
TCGA.FV.A495.01A.11R.A266.07,0.80732693079759,0.649037494716484,0.809550666154262,-0.194992348535429,0.0780108238905339,0.246990598311704,0.232174355777531,0.238117581488738,0.39723074133373,0.307751960496567,0.346122169596119,0.0202610940446395,0.171152689233062,-0.190832866701193,0.272711660652466,0.117911248613623,0.277706551808274,0.0549587470910509,-0.0281444974111671,0.264747024127216,0.259447012079755,0.438950371463124,0.343703501332364,0.0859214277243685,-0.110904188645923,0.360826535032228,0.144867745436301,0.052148802588056,0.0632247958330869,-0.0140353787178673,-0.0516659998925774
TCGA.G3.A25U.01A.11R.A16W.07,0.720918294744215,0.718702283470859,0.736835417761319,-0.331115243052115,-0.175840921650752,0.068210047695995,0.0875893378671128,0.219389533254941,0.355793606967842,0.23450433964734,0.346520840481764,-0.0715946704807146,-0.0362914888999145,-0.295611982050799,0.175852231699265,-0.0433506115792372,0.236254570065303,-0.0224625325347248,-0.206927332326047,0.0645838280154291,0.118721245583869,0.375439073378631,0.328037487710843,-0.0742168942577224,-0.171235293417938,0.272664011699419,-0.0753369158251996,-0.0371641949609357,-0.0149982149043762,0.0801917574614212,-0.0860565078179432
TCGA.ED.A4XI.01A.11R.A266.07,0.801363056508499,0.804808388400752,0.420829757632548,-0.243361628075253,-0.0176073382604056,0.153850021860545,0.299142627812857,0.233394206031556,0.440270981809157,0.331680545410544,0.358956117703009,-0.143500934504509,0.136044488827038,-0.257849491022216,0.188091206619466,0.248056971839807,0.317563020079806,0.106918305387734,-0.106216157462607,0.273596333209175,-0.0418688084706954,0.439176313927723,0.413738494261884,0.0471344640578323,-0.109918084396013,0.309535083254632,0.199980036330225,0.101774858172606,0.042605650489409,0.0511369516955368,-0.0651200241793814
TCGA.UB.A7ME.01A.11R.A33J.07,0.671987395012351,0.615889233703133,0.392414034040057,-0.248466707024378,0.0887622088825426,0.271093491028102,0.177627261279137,0.226694205624458,0.402799361139164,0.381584406268428,0.329599809999622,-0.117889177445648,0.0690385878272427,-0.303518266810063,0.229003208360924,0.0709619957742519,0.182374329571008,0.0438553608716253,-0.1022051149926,0.24102947429739,-0.125072730048867,0.468339957501758,0.376001001673762,0.0931293721679815,-0.152346151621946,0.26919960612446,-0.0925367043563752,0.0986552483066952,0.046810996117642,-0.0281640890830094,-0.234907557103076
TCGA.DD.A39Y.01A.11R.A213.07,0.722489994087776,0.514288731105468,0.763257578262945,-0.337090841501353,0.0472577471848826,0.101708760052588,0.166038088612623,0.246729094249527,0.382982596125808,0.260038273327053,0.273254688845919,-0.0268365542255326,-0.125586861827156,-0.338507986301516,0.243993152045203,-0.0469657176708844,0.341395082392325,-0.0343318601026737,-0.128230790481591,-0.00492848743786107,0.057054391219706,0.43410546546601,0.279988835725058,0.108832042557489,-0.19790714423029,0.320343546706329,0.0130110198102479,-0.0116950359589535,-0.0179014313993865,0.0520985570745533,-0.0976420329075814
TCGA.LG.A6GG.01A.11R.A311.07,0.748566031664945,0.80506036563812,0.564766980892908,-0.331552101424383,-0.105631600657765,0.0851822849854533,0.217750451024944,0.239662574400377,0.431382643779326,0.284196708567927,0.311153114290811,-0.123123643899761,-0.0272837956745468,-0.218982400665522,0.205708169198049,-0.0585225510906678,0.249776549010503,-0.0866683937232913,-0.14736222099207,0.0589813507178105,0.0144714621781055,0.434689992672292,0.33579968905878,0.0452551268296218,-0.0649130354565559,0.367929863557541,-0.106152059077551,-0.0165171336831417,-0.0295164456609845,0.1185413858033,-0.078392514922189
TCGA.DD.A4ND.01A.11R.A266.07,0.663421673224095,0.732338562561061,0.448519518443419,-0.222039277099456,0.0888775916150098,0.125706976634668,0.282213596958244,0.201198312993751,0.45835317296291,0.389163446788697,0.340896066420661,-0.155068871702246,0.109357298721108,-0.104373871354572,0.236062429707254,0.146041278484803,0.297008013908166,0.0388834313696794,-0.0558345720940584,0.278515191736791,0.110641023202223,0.431624157841323,0.41190436240841,0.0833819210596299,-0.0976170614976896,0.372296353043237,0.149938855004139,0.134651002060162,0.0450830887789609,-0.00560734378737019,-0.0829781356005025
TCGA.CC.5260.01A.01R.A131.07,0,0.254877900060787,0.260065118263385,-0.234396757746884,-0.0268176547479422,0.109578709372043,0.261066077248616,0.165256201838838,0.377798192769714,0.39556478158914,0.357154265145548,-0.121632658369213,0.033861870750604,-0.440473398130912,0.217110579635789,0.0352168858821433,0.283642177351095,-0.0493379085765238,-0.135743516139886,0.207040709688804,-0.0552214543350996,0.342006430858579,0.398795836514024,0.118756114353346,-0.380779061314938,0.368999469202231,0.0597502666396328,0.0394014876024484,0.0233387663088193,0.0571645352081354,-0.113042753056985
TCGA.DD.AADU.01A.11R.A41C.07,0.67281380870388,0.65012840639451,0.591830192480014,-0.332566236931434,-0.102490809473776,0.141077738810545,0.223415007183155,0.249509403146859,0.408063540414303,0.273683811734367,0.317620102222153,-0.148372971576058,0.0217860872227915,0.0385728012493222,0.204705207696158,-0.056721593081232,0.24172625252638,-0.137899702520265,-0.128755060604734,0.0669420095916682,0.00744160522016688,0.422677017803926,0.24605273570187,0.0436648060970909,-0.38245381526938,0.277974453180067,-0.136095998074791,0.136583661476428,-0.0136026719509642,0.0916466783929476,-0.153334780836967
TCGA.G3.A3CJ.01A.11R.A213.07,0.867383718049502,0.73337413016252,0.611392279316644,-0.254409241946408,-0.160988540964615,0.19373077790829,0.225823423440778,0.196147542895931,0.375297485949926,0.28807687616196,0.306337980054087,-0.138435910280506,0.0664036423811029,-0.147693345410657,0.320496065889771,-0.0659583584100401,0.302079639375949,-0.0587842737926726,-0.177287626960143,0.0663171521457351,0.155009782180585,0.441706526796136,0.297548260646319,-0.0387782895612093,-0.369549534041301,0.297215692069374,-0.150411035551108,0.0964757622387893,-0.00135665926266403,0.034600168925373,-0.041684659488359
TCGA.BD.A3EP.01A.11R.A22L.07,0.58865679210656,0.664202434297569,0.285883347608525,-0.0301677049984412,0.108225844692976,0.194600761211904,0.242618759976603,0.208941619704759,0.480406616971492,0.399824222135022,0.371057840705577,-0.0965155820026843,0.132734210750001,-0.107621889227042,0.221816822886656,0.203642527122818,0.282758088117948,0.0407842692894117,-0.11582119708244,0.24630399172359,0.172863862568203,0.47060772542882,0.398070221184081,0.0676551955932469,-0.0748794412272029,0.42676383560859,0.138017556737784,0.17790907931341,0.0570138083893346,0.0214327115783409,-0.115716246959351
TCGA.DD.AACK.01A.11R.A41C.07,0.804524676822052,0.851981929350953,0.837601231793376,-0.334789534004584,-0.0343185413109947,0.0772792395151754,0.204891176232692,0.255842078879719,0.389269339110498,0.274075189601489,0.30105902044296,-0.127105517327968,-0.0469881796880861,-0.147639386200375,0.206152464652204,-0.0290713499629026,0.298369318296937,-0.0763367793272456,-0.124582519734557,0.0350423930657295,0.0390101093000913,0.434385791474709,0.280102946700617,-0.0156094188520021,-0.105363872282433,0.297199185379581,-0.0883107077855945,0.0213600213210478,0.0075380771192689,0.0333902045624652,-0.127029647538872
TCGA.DD.A3A5.01A.11R.A22L.07,0.889600496221492,0.78036949713987,0.708565874378091,-0.288317389378595,-0.0590267861993622,0.124268381675081,0.0451231623935873,0.227841067642567,0.404997367263725,0.294076001651803,0.322677204781951,-0.0175776995215131,0.0501822377678242,-0.310082633019404,0.226859821282641,-0.109370939347802,0.199868483972727,-0.042267179090634,-0.137142542515991,0.0823651650105452,0.0657606390666269,0.449357990551317,0.32973579598472,-0.050281716287784,-0.186108694164619,0.234226245024202,-0.00358758297679107,-0.0239288019762672,-0.0100319468664295,0.0755427389522892,-0.184077551139407
TCGA.CC.A123.01A.11R.A131.07,0.649765044811455,0.543486057434375,0.602067675428215,-0.23211523028244,-0.0521178268601855,0.172871271151745,0.223454209105338,0.202789311997095,0.338755437130117,0.328694312043842,0.328503836177681,-0.130544993040372,-0.101193248303408,-0.237032829019748,0.25836155905216,0.0519432139530402,0.244229448101903,0.0613164412456578,-0.0791168589750638,0.154039780170393,0.212763062895163,0.501028562523905,0.308534104382803,0.0487863434001799,-0.0786192598543655,0.362427139575,-0.0373268213044491,0.0154612207983029,-0.0018689061224751,-0.0501760375207679,-0.108066648604816
TCGA.DD.AACY.01A.11R.A41C.07,0.872878982271478,0.709115153912607,0.622345284846579,-0.276579518606358,-0.0476945019526807,0.111988143124159,0.34552502433734,0.225008530121014,0.474638462836411,0.306639451010721,0.294390186813377,-0.158286615234476,-0.0758384992474786,-0.139552898806885,0.155696546161061,-0.0411650287088497,0.260300016180265,-0.0181493208946981,-0.159879249285789,0.0615897401600592,-0.13315002497964,0.430252572107737,0.331099586886795,-0.0215683432232139,0.0227058868776835,0.348938163596031,-0.0702316328413638,0.0503424483861201,0.00433785349219898,0.0132493427544876,-0.0376448234799469
TCGA.UB.AA0V.01A.11R.A38B.07,0.805692950967556,0.793379409937429,0.418868568508929,-0.246426203569136,-0.115188846856078,0.0931532788433795,0.206356835286699,0.19023587423295,0.374608155445526,0.337502940987336,0.308616722216172,-0.12224026509433,0.117036117900645,-0.12667268076062,0.224388024913631,0.0929390910295918,0.32538900623085,-0.0156308110595506,-0.0564559677339316,0.131366487935769,0.137770786664109,0.442628811665166,0.374632237773351,0.0515360604459393,-0.10200079461059,0.304739289820874,0.193122562953715,0.0939813184013656,0.0616539731785628,0.0538868691518531,0.0295577050393782
TCGA.CC.A7IH.01A.11R.A33J.07,0.686111727507838,0.754211482275116,0.28141248565079,-0.296833052358099,-0.218841598663109,0.113825368264243,0.105169771285258,0.202086336519149,0.326354330986454,0.272197655492099,0.269564140065258,-0.14528810695276,-0.0466184257923852,-0.134999402334553,0.204163844323329,-0.0971574970901587,0.251674150664096,-0.128872411244323,-0.178011496103999,-0.0880635273882287,0.0676814696079534,0.38264631475743,0.308394584224181,-0.0600361202000922,-0.423036668558356,0.281417337028387,-0.2036637474218,0.0604669150046469,-0.00387046143589416,0.0202575502741045,0.0116091931381119
TCGA.BC.A8YO.01A.11R.A37K.07,0.51724055256776,0.632867197709849,0.471648056897513,-0.303787077866538,0.127788763816939,0.201633402072188,0.289883766867864,0.237347913920581,0.395273887538443,0.317207373352237,0.337092444468866,-0.0228007229966469,0.157971062235459,-0.362313243609794,0.227618225370191,0.160655306910394,0.258561660245017,0.0774569295358481,-0.112042114506536,0.302356259974251,0.204406567961116,0.442254743813941,0.28892051188657,0.0927981742192057,-0.308620758762294,0.287874564237092,0.100401195568451,0.120211789640897,-0.0241626423206707,0.0525434293026299,-0.0205661603217141
TCGA.DD.AACI.01A.11R.A41C.07,0.673736879894564,0.585945280599012,0.510866714810991,-0.271009629036203,0.140485821613672,0.380087651019192,0.367532233999766,0.232574057348961,0.453272336375691,0.340630832201503,0.353078715271881,-0.0420213166132291,0.200159993686524,-0.188770048894419,0.194722896729553,0.0833831857495437,0.238738273498493,0.134062935701979,-0.0148176607223719,0.386177938916364,-0.0510926821545254,0.455688752027073,0.376767446169176,0.122533005758727,0.0182222489020347,0.347816644829125,0.176227304433852,0.0825327142508559,0.0304050549065498,0.0550054320361399,-0.0961275031857377
TCGA.G3.AAV1.01A.11R.A38B.07,0.767506610267027,0.754192609258277,0.579148078909625,-0.333541367226675,-0.0716201325934569,0.091539653793739,0.22797569438623,0.233075597967088,0.423795433792627,0.310892695686474,0.296408908601362,-0.207293630650319,0.0156336827012273,-0.228963966346018,0.214808612387153,-0.0626813187568154,0.285747663496305,-0.0474962719271799,-0.177620040806491,0.0166654937603661,0.00822445290890522,0.463016174590507,0.324355392556284,0.0368704181290033,-0.352401083780269,0.289370210743791,-0.0775381935476708,0.0725546494459816,-0.0854438912664633,0.0447464271268498,-0.120333614187686
TCGA.RC.A7S9.01A.11R.A33R.07,0.811349117193471,0.596223832853701,0.784592895763181,-0.292204723574227,-0.00247758631699596,0.142937786456152,0.2888280888334,0.23920546760522,0.427050172111371,0.308856706916538,0.330411467656842,-0.0739395655346559,0.0306543622297472,-0.23286075036507,0.164439096587801,-0.0809444457858078,0.250726282112338,0.0754444780276158,-0.116450927927282,0.0841581995329135,0.0422450166501249,0.48638622540372,0.308127515928355,0.0177489926127868,-0.124377958293913,0.30386006061575,-0.202883866290061,0.0187602971395615,-0.0204348862249043,0.0338713314898548,0.0272612111163353
TCGA.2Y.A9H9.01A.21R.A39D.07,0.912327192900008,0.738919643469932,0.843323274336812,-0.333993827683667,-0.148497385129378,0.0915002707473053,0.190389892255109,0.201965126122904,0.428672317662385,0.283452987903081,0.339021211866225,-0.0725846259724667,0.0880004921080486,-0.215646852323811,0.199317620317095,0.0622852752141083,0.237131428586836,0.0074094959946649,-0.0958238659357005,0.0994406420473303,0.0128672306761099,0.414233114074294,0.313898859622919,-0.0427131636844949,-0.0992165162548686,0.320313029381283,0.00735946692964582,0.00788519251591809,-0.00845708881608844,0.00398166639345377,-0.229322137342841
TCGA.DD.AAEB.01A.11R.A41C.07,0.840067300486201,0.720737041611977,0.56491900804353,-0.2843410957723,-0.134520796744478,0.227145401354857,0.12311758355426,0.246325192765579,0.436049242565542,0.264484958169819,0.285576932601616,-0.170134810553916,0.0201113033092973,-0.0345227355137443,0.270221081141898,-0.110199212493983,0.286699139040121,-0.114793454870497,-0.14909859037602,0.0327450826316324,0.0719478187176501,0.416645708854633,0.260272292135526,-0.0355387649897847,-0.289385123396026,0.305472778511942,-0.0920517804880724,0.0681417403841089,0.00549526959005792,-0.0326467634850175,-0.0920263267933393
TCGA.EP.A3RK.01A.11R.A22L.07,0.694261755944773,0.685255926162584,0.743855459755779,-0.258922230695069,0.21836140615672,0.334141816256752,0.194889614239835,0.283825695450821,0.393445157378208,0.392521394196781,0.351180873340527,-0.0779968060725842,0.201963974777001,-0.164544919765242,0.374554491201388,0.172192928591795,0.316475769442946,0.11382634714977,-0.0449521303917902,0.355616924656395,0.0741309975697197,0.440647362398955,0.287123478770781,0.0862996863677194,-0.330938314068581,0.349306138045458,0.275402112673099,0.151221288067684,0.0903504949850866,0.0380165685436064,0.0571618728870397
TCGA.MI.A75H.01A.11R.A32O.07,0.822059580371723,0.642612931556967,0.615745232289077,-0.298923329659102,-0.0845078884378882,0.222414077808699,0.15645351232883,0.25915876431901,0.343126841485886,0.372957246966494,0.309611673968995,-0.146053887353185,0.0928783347488273,-0.21381487804073,0.223806642683242,0.0566714469590909,0.274704702041938,-0.0399759429301974,-0.179668649190742,0.0975831519687872,0.0542600271773371,0.414301941426057,0.312973101027765,0.0628810315115932,-0.365573076852237,0.252955387870836,-0.087359458832554,0.0955184126450473,0.0269674825870235,0.0234414916400546,-0.16307253676911
TCGA.DD.AAEI.01A.11R.A41C.07,0.817591364032528,0.852955916288841,0.950790009365682,-0.300795851233876,-0.0191757833304726,0.112153120774283,0.231178253019169,0.210634527968119,0.39140593110032,0.371434465089493,0.325315455762252,-0.0779643193755419,0.0581004150420066,-0.199520266429754,0.233091862455121,0.0791894259284365,0.251654303893742,0.0140287131921785,-0.0532570967965362,0.205914321603764,0.0841518049246524,0.482874671754892,0.322043860165071,0.143787943415909,-0.131729143052148,0.288413801462709,0.0400891347497907,0.0401888405375441,0.0122921830147547,0.0568257182409655,-0.0677025809192025
TCGA.G3.A25Z.01A.11R.A16W.07,0.831385699375503,0.748717275280731,0.82777410580366,-0.298668026689463,-0.0745240190179153,0.128897609365353,0.26186089159641,0.261920205924345,0.423479241544192,0.336710061140114,0.315933405871017,-0.135170311419496,0.0524826992169715,-0.139691059893295,0.187850855716717,0.0171024352108422,0.276202129870087,-0.0426170770019973,-0.112494666590353,0.0934440192480781,0.0958486665239235,0.452932775289633,0.313788356540651,0.0364304723183329,-0.116341719873986,0.346886874592406,0.0761047117394167,0.0139543784912313,-0.0223746820852228,0.0339237184061903,-0.0867345828587258
TCGA.FV.A3R3.01A.11R.A22L.07,0.768627423160837,0.663049325017107,0.222762752761392,-0.218579152044648,-0.145866242458716,0.113886529978295,0.246335525281814,0.23266863781494,0.481731435632714,0.361217081031951,0.352669415596849,-0.101821094081285,0.0977480022853698,-0.324957295485205,0.189288679729207,0.132054133193791,0.299517302353242,0.127083611792092,-0.0775518134147654,0.151203207297268,-0.000337659331509849,0.465489969514053,0.386315606483848,0.107004890345714,-0.0982462240777449,0.276956113172455,0.125259315514123,0.113583613526846,0.026330534222404,0.00689189018870751,-0.0665071318058931
TCGA.2Y.A9GW.01A.11R.A38B.07,0.723637723930324,0.676397366000017,0.655605321202103,-0.251423163681057,0.0492414337117422,0.132187734915167,0.356621767711294,0.25037070110103,0.463556288561655,0.393106361735692,0.345598093627103,-0.0933543023763869,0.135732170410663,-0.144543706497401,0.239797834082814,0.18428249529746,0.307410942888677,0.139798545655454,-0.035601641171774,0.341091922806191,0.0335597229760351,0.454658205267699,0.366306263269162,0.131601826598955,-0.0967031751577696,0.348318379466504,0.302159775677146,0.136832821331004,0.054927796453293,0.0421228602891236,-0.190077338593972
TCGA.ZS.A9CG.01A.11R.A37K.07,0.779357808043152,0.762588307934789,0.477846613737613,-0.278718932281098,-0.201366878455313,0.0904171674923556,0.160271157196412,0.251894391439338,0.372022782163756,0.261734577443564,0.286804937747885,-0.118756353016873,0.072766961758627,-0.092155758573269,0.215063331254473,-0.0938056463680038,0.27603694844994,-0.150396012856035,0.000948850213329375,0.047124489639914,0.105444424762913,0.400721017326,0.288751715751164,-0.0576538438004534,-0.28514561612545,0.299667570067028,-0.0747876881684685,0.0867357404374529,0.020670387454123,0.0853984955083742,-0.0321204375405874
TCGA.ZP.A9D0.01A.11R.A37K.07,0.935520664818214,0.768229504926311,0.561392709850574,-0.286456715578302,-0.243780405158093,0.0440379319482718,0.17639842846992,0.173706283244061,0.49812591460917,0.255029057382302,0.322867026262342,-0.2027727556695,-0.00599023516279583,-0.190873956059955,0.149465593891922,-0.0853256396990095,0.266777453257139,0.0633846830871566,-0.235465763823317,-0.0330131252718717,-0.000284162484978636,0.393009459950453,0.292819029717852,-0.0547971031725389,-0.250897315589936,0.284574027583119,-0.0912631563869633,0.00977954990448925,-0.00616784826106805,-0.0244341111393904,-0.0853846910901964
TCGA.DD.AADC.01A.11R.A41C.07,0.556482200154764,0.525329997281161,0.451259027309046,-0.278708705810701,0.0699075464483503,0.0910272413176785,0.12845711140541,0.208265060873308,0.401663180114287,0.300789331439232,0.278968839145591,-0.107788813481958,-0.0736820595745358,-0.200052749157845,0.208019530110435,-0.130846644292101,0.280357753034407,-0.0453424757009957,-0.0738927538210341,0.054873891973182,0.164319984321879,0.387972362717979,0.309897444917503,0.0346681863203755,-0.367481931972229,0.32517281275805,-0.143827850431384,0.0635135494405715,-0.0166663821154123,0.00771193156085692,0.0128673147158955
TCGA.DD.AAD6.01A.11R.A41C.07,0.636640619582681,0.648729089841463,0.722438666551461,-0.340055237598886,-0.00325654535123055,0.0943115779660456,0.172653888473626,0.225447322066903,0.304379869285957,0.263767368060858,0.278644899789493,-0.0941326666586955,-0.121610876907595,-0.186986880129377,0.192588689344331,-0.115389819493554,0.240855082082026,-0.0410445221253918,-0.134511037487917,0.0628931329486282,0.227145376488797,0.472260250100787,0.173295014065101,0.0432274109012072,-0.29132551743661,0.234697352576744,-0.127945208461387,0.0703879560861326,-0.0379180203593923,0.098121767957229,-0.0935208618383654
TCGA.DD.AACD.01A.11R.A41C.07,0.825276491087947,0.618017112901942,0.847888148922876,-0.208831648082226,0.0388712256920283,0.247531710112601,0.21786119366732,0.247055951583177,0.370693083123383,0.276740855044538,0.305636675154126,-0.127265724481929,0.136129317476986,-0.125875162389004,0.286075007990445,0.102683421220692,0.253776865631285,0.070580623008261,-0.0764819826078254,0.245477356055045,0.0737832773707441,0.415088386746912,0.31486591504566,0.116868532378828,-0.0153098775685007,0.331702343632736,0.0345790958267049,0.0440133924710937,0.0332545160439591,0.0156091750036609,-0.0863529337529998
TCGA.NI.A8LF.01A.11R.A36F.07,0.757381028343044,0.881438552665612,0.362382212696198,-0.332901681752997,-0.134591619038455,0.0898049387888263,0.138630689452748,0.186717518999215,0.404952530227485,0.291284904870297,0.307211676697162,-0.124002321261465,0.0945802123549001,-0.139416678526464,0.258343093345235,-0.102972169803735,0.280309790420306,0.0428191467206841,-0.160298975088461,0.0308455892503448,0.131771241024585,0.483202844318785,0.341610339090456,0.00104299052016006,-0.261033059755277,0.318700296849716,-0.0845025302022703,0.0761323755400582,0.00511737320506729,0.0925877852750249,-0.0505614837756741
TCGA.ZP.A9D4.01A.11R.A37K.07,0.734082194429572,0.73292676978795,0.435653077404572,-0.294375472963968,-0.167067685762296,0.0628675287174601,0.185182827552251,0.214132091825501,0.331774208179066,0.259896363653022,0.332577943012603,-0.128939887537483,0.0102129592590371,-0.317147632066518,0.220817930478123,-0.0437262984684367,0.276589375712965,-0.0628013915404339,-0.284435957889729,-0.0195652549191208,0.0781693677092732,0.433149815665407,0.307204638118605,0.0017170624038757,-0.239558355000617,0.238684419408574,-0.200370512108739,0.104961726898478,-0.00987554513250438,0.00406235760447535,-0.160139718251417
TCGA.DD.AAE7.01A.11R.A41C.07,0.828227239764605,0.708019711828521,0.546244740923679,-0.250460414820565,-0.0132232171167158,0.178503774110894,0.247247602990897,0.227649112100818,0.450009540075365,0.368510697810644,0.289413028160059,-0.0837148946219629,0.0611936006464019,-0.165581081312422,0.177020483251508,0.0389109076587518,0.300169279655158,-0.0154699803764538,-0.125756544994719,0.178152414909517,0.107230274735834,0.404952169486881,0.349050701009298,0.0334814144212311,-0.113210840451106,0.286287180735394,0.10627901381747,0.0501822963258807,0.0257030565509164,0.0332205850242879,-0.131410847685212
TCGA.DD.A39Z.01A.11R.A213.07,0.719717934969671,0.681150947030138,0.81065699388394,-0.331435085788954,-0.0560564197579345,0.136477626623284,0.141667205132465,0.214959284531529,0.392224758977996,0.289102594180666,0.28354004104948,-0.0826159178873382,-0.144650616206338,-0.173762616520824,0.228788096189031,-0.0645614942470837,0.259658911208461,-0.124153561935782,-0.159453078674005,-0.0279613242467418,-0.0307170173441871,0.422963480426344,0.285096643094357,-0.0480045491154749,-0.114196208538148,0.32675082542981,-0.159122344110046,0.00109176992758422,-0.0342427166761752,-9.38374359358787e-05,-0.132911062514679
TCGA.EP.A2KA.01A.11R.A180.07,0.587153562129637,0.458650225568428,0.737567137892209,-0.288650010649805,0.212271989476157,0.310065981275832,0.367501101397649,0.240061497141627,0.413170087233868,0.387057610917913,0.307558219157899,-0.0207082283972444,0.118646744904506,-0.108102562203728,0.204590797753135,0.0655039350875141,0.24376521008346,0.0828184114545906,-0.0861504168388215,0.327864907391531,0.00964113888859702,0.44833281214065,0.368307712462222,0.0944431798553121,-0.0842458387587069,0.327012179713066,0.129663786781168,0.0370123332790699,0.0378335559995034,0.0990483801464955,0.0171483849825248
TCGA.G3.A3CH.01A.11R.A22L.07,0.781060725575875,0.787851489399276,0.75482560735464,-0.24348094333106,-0.0611305236677663,0.150311776904193,0.238776782008348,0.238746019576062,0.447508010473398,0.304936431187192,0.303232660165835,-0.0590085155231566,0.0798485825603579,-0.285965767129369,0.209849913232648,0.0563853421802653,0.201878852502581,0.0700960658683773,-0.102541539389676,0.101467839070478,0.052844244986997,0.397867886089421,0.351338925977112,0.0337807502627625,-0.0397237303610876,0.355459731811125,-0.0204768792085502,0.0738167708433553,-0.0112489467313212,0.145671033952491,-0.0916016803654024
TCGA.DD.A3A9.01A.11R.A266.07,0.495293905874404,0.546382270139302,0.430967549914189,-0.254586777384107,-0.0186366911019072,0.210857871484246,0.178150844169857,0.229579698125427,0.441933903990601,0.344092706745356,0.317679880096516,-0.0529129037922809,0.0668995827024559,-0.194726377541195,0.158496401922923,-0.0513218676514594,0.25418513844893,-0.017877794041963,-0.111690907184424,0.237216491453752,0.0896658819962065,0.451577264585991,0.293360966824907,0.00547919456165442,-0.158564812605652,0.34701850246414,0.0203425433832919,0.0302918021648263,-0.00175121790142162,-0.0664276178245453,-0.131198328779232
TCGA.DD.AAC8.01A.11R.A41C.07,0.54398330366043,0.507817714144596,0.349370836645475,-0.273287980807054,-0.111232008550634,0.12919995172306,0.215394523361192,0.19259980311928,0.353653965171146,0.318897096610981,0.315688692637945,-0.105388420888794,0.0426975824480927,-0.244568539680229,0.219088038805519,-0.0304447942281125,0.231294745298877,-0.105302883653597,-0.193213655304441,0.108943199340684,-0.00122547094426927,0.433557387157164,0.224908041982916,0.0854791109974322,-0.330952467821386,0.329306220364131,0.0438205612987624,0.0889831450035056,-0.0113788054391575,-0.0738455256774905,-0.0905797477265866
TCGA.BC.A216.01A.11R.A155.07,0.662791658149513,0.628827150824435,0.499197068231082,-0.295118874309309,0.219910456169418,0.249527221044492,0.293522696389759,0.264193780584553,0.44868272805295,0.335029866671913,0.319019871236477,-0.0338195386988609,0.124954549148697,-0.315534360055981,0.209861656238173,-0.0761776434354935,0.276340013122763,0.020501278675891,-0.108026801841091,0.27421283734679,0.112646087018016,0.433295408139258,0.326687443741414,0.0751116564101409,-0.126679148803955,0.293557672545099,-0.200777747430274,0.0545989355515404,0.00491673636377669,0.0457370805355212,0.0345527410902743
TCGA.DD.AADV.01A.11R.A39D.07,0.850678678719504,0.709906412818757,0.524982667265553,-0.255336300585018,-0.068614163221751,0.0910429279113739,0.186752272951282,0.251164561427539,0.438073637209508,0.263283326090049,0.337098404422335,-0.145017560845556,0.0235667394300742,-0.242281314436364,0.223826459898576,-0.00395450711305699,0.256611441015702,0.0273330279646162,-0.136920569487348,0.0842217769497053,-0.0439274236711667,0.425784132103536,0.392129852963356,0.0606614268632084,-0.147763798489559,0.307599898835145,0.00979036556944315,0.0262248542614527,-0.00784863028140762,0.032011874087856,-0.136154325213997
TCGA.DD.AAE2.01A.11R.A41C.07,0.824973671721846,0.768003750542071,0.649252237128163,-0.25074138542533,-0.0281762750323316,0.176459501598805,0.19170586709455,0.227697292564882,0.417178209442553,0.336935708689805,0.330497961650918,-0.0780342809996987,0.0600316806162236,-0.24121377987236,0.249031209636357,0.044799870218996,0.239978351391998,0.018111661735292,-0.12224279698767,0.168447976707022,0.104632501720386,0.448355500951137,0.384016849121491,0.0179147724192507,-0.0995141894232828,0.334364676577594,0.0994515273808572,0.0716765845559188,0.0123089936502676,0.135687483709542,-0.178484244663643
TCGA.G3.AAV7.01A.11R.A38B.07,0.421313631963726,0.493942106633702,0.584844390070364,-0.32204263078519,0.17905897638847,0.0567974936947333,0.261730532958827,0.25347274783651,0.429705933173882,0.369231648309794,0.337593249980417,-0.035325493016842,0.116953297128889,-0.268102734888532,0.25377417905743,-0.00271665266536452,0.318562335978577,0.0755319386438788,-0.0996911241923417,0.211612230197699,0.0469541267282819,0.490029970978718,0.333063124640057,0.0920548660599966,-0.129583402252311,0.352961740631653,0.0955154987712618,0.135722356458798,-0.00705869939344023,0.0124371674612263,0.114693605532707
TCGA.CC.A9FU.01A.11R.A37K.07,0.562648596474407,0.513332907112716,0.414261727818816,-0.324646503610466,-0.0108434495130433,0.130583706232736,0.191411133904962,0.248808595628444,0.249147809161138,0.239463325730809,0.329840703246443,-0.102366876580455,-0.0800636833929555,-0.327076235192759,0.238199259695217,-0.0286339476187182,0.238494240927344,-0.0815451401060012,-0.0944737027882808,-0.0129756553967115,0.0640068149455475,0.410590658328364,0.222583415422904,0.00337929433517308,-0.184287026547931,0.140219192092165,-0.116539917845221,0.0495405295245572,-0.0720571126425452,-0.096170571447158,-0.044273658974118
TCGA.5C.A9VH.01A.11R.A37K.07,0.698699150089886,0.596960706925509,0.450343786580588,-0.27738139381511,-0.0257794697111316,0.114712983298574,0.22670373141818,0.273581328485917,0.4873173795369,0.330229089259995,0.300352250509563,-0.1741716473399,-0.033662917306137,-0.255239470839107,0.214933133474407,-0.168138184197332,0.227590948804472,0.0119379770349834,-0.135148380448548,0.0457898005958971,-0.089289379288264,0.423555924472626,0.334940437852424,0.0528022693972853,-0.149415262947572,0.359118110995143,-0.0935621556407338,0.07478305266035,0.000524040473339953,-0.00134064489775648,-0.136711279236848
TCGA.WX.AA44.01A.11R.A39D.07,0.539815207342018,0.64838922625543,0.490964445428622,-0.275675753763122,0.0428304590366927,0.136397960609237,0.282264276366017,0.267327271494455,0.354406250884329,0.290259154355277,0.289075370402731,-0.159742044500713,0.0483111124530223,-0.348906842545431,0.208175040115267,-0.0986887313452583,0.260746152433938,0.0370333572371759,-0.0977197278263664,0.10200269513239,0.0386085437536336,0.506258765438626,0.381960611527938,0.107667029225724,-0.207404608479903,0.353997578028464,-0.16614509620586,0.0980101891816708,-0.00417330788148831,-0.00013565678935474,-0.0497217731475357
TCGA.BC.A10Y.01A.11R.A131.07,0.698177425443391,0.663210539990144,0.534809202962247,-0.306131765870221,0.100309630421068,0.0921899871829372,0.180652594521129,0.19866460022923,0.387046345941435,0.311068938872441,0.335434513852761,-0.0574537270939209,0.0594731254712392,-0.405371352693808,0.214305499002129,0.0137703654727389,0.188839815333883,0.0312441161036376,-0.164861633240919,0.122641605520685,0.0487104238399808,0.44576526481851,0.322088405683766,0.0436897587493736,-0.323129309419514,0.279781338368778,-0.0542790074130678,0.0152521047754761,-0.0138916447925481,0.0702661251207959,-0.106099950637708
TCGA.DD.A1EG.01A.11R.A213.07,0.659653029283436,0.638412535588735,0.624479277267253,-0.220296007703866,0.0824922696520279,0.226644569598241,0.298566767424191,0.268916981812299,0.4213972910994,0.393474999335405,0.34284035803767,-0.0848745048374374,0.0620163832777994,-0.220817094731642,0.23650265384932,0.141453456777994,0.309420668994627,0.12283614905382,-0.0496784757962339,0.325718246894373,0.0484346026852777,0.484076347885841,0.400372663585052,0.110860932480137,-0.183107208219887,0.369787150993557,0.122615978964643,0.112187787094883,0.0515741075542837,0.0397272652080899,-0.127078533011072
TCGA.2Y.A9GY.01A.11R.A38B.07,0.662102570019581,0.402191584314835,0.653532870818634,-0.211713740550558,0.176748481486241,0.386434074223417,0.276221852955695,0.259205336595948,0.30727330764946,0.385476901153996,0.368643097426256,-0.0644802175629707,0.0588206648067521,-0.245143568384827,0.277638822250461,0.13801833701293,0.280653950916139,0.109060707361698,-0.0252306209899802,0.413207953744438,0.0283166765023415,0.483448355718467,0.280107219937531,0.100256337944943,-0.245395668804986,0.382526939968775,0.29746220266395,0.117569206897593,0.0159010914045338,0.094517312708008,-0.0874372686923132
TCGA.DD.A4NO.01A.11R.A28V.07,0.762902919120946,0.772538138452041,0.536980988979484,-0.288375557206243,-0.10406990951978,0.0970603890939007,0.205219174309019,0.235383841892563,0.41130894697248,0.303987485882217,0.319664845570564,-0.105027943029346,0.0167385582292003,-0.261322942092227,0.182069158249924,-0.0135605539513384,0.271803521269626,0.00831644840448642,-0.119575754102614,0.0289808064927248,0.123507414780472,0.409966949031487,0.319520276595496,0.0135492901315294,-0.084423328038382,0.357773815077909,-0.0206848212818216,0.0516429585067438,-0.0401933357369018,0.0789980757659251,-0.120190668290677
TCGA.DD.AACW.01A.11R.A41C.07,0.717555765845418,0.622415721370515,0.434504140236407,-0.335210790292128,-0.00248888652735768,0.0903211673189292,0.176423483328766,0.236361921046594,0.216968542788613,0.291244822829628,0.338568131622382,-0.120330624557203,-0.0415999516520173,-0.282155658683853,0.232754868227064,-0.0275412280842736,0.221100937602061,0.0194410321152312,-0.150859696348927,-0.0501216891404748,0.29051721729961,0.513499908866882,0.253301708049134,-0.0482216700413873,-0.198596818459117,0.234533465815156,-0.254211355041378,0.0368839590757984,-0.0355816993958421,-0.0333076837138571,-0.0353153306336483
TCGA.BC.A69H.01A.11R.A311.07,0.618171764758585,0.516692512896356,0.80121557164933,-0.329040165783841,0.0577061369633476,0.203960013114299,0.238702201939507,0.267398371578689,0.395138787795989,0.319085826294921,0.352291273067402,-0.0271837327979808,0.0251622759123381,-0.170034789994522,0.264290733480862,0.142209983103368,0.263665141151102,0.0517572961227475,-0.0412550218721548,0.281764750675319,0.00853318377343727,0.488809824026434,0.223094172435947,0.06773465464324,-0.163213972242539,0.358921288313932,0.142623098195784,0.122985623581259,-0.0464165507004293,0.0212614221507141,-0.0584520280186124
TCGA.DD.A3A8.01A.11R.A22L.07,0.77308698653488,0.824793403453159,0.473308424808487,-0.22174867421546,-0.184204598403678,0.0774107704065788,0.141051507259445,0.242558130973825,0.329613087388567,0.283509301930246,0.278125110014686,-0.170412571587639,-0.031231339184272,-0.224575434095542,0.204954281815242,-0.110987203500924,0.273211279031259,-0.144464682729911,-0.109345126138832,-0.0134760814459219,0.0645788715349614,0.420915970074867,0.2739715428809,-0.032713040059239,-0.344025505885194,0.276037112528404,-0.122191983266926,0.103214919901517,-0.00153620998491769,0.0115238021849097,-0.0145615102913584
TCGA.5C.AAPD.01A.21R.A39D.07,0.633192691232527,0.48628839420143,0.739375783154392,-0.115100453935753,0.146263432418787,0.245386121822314,0.371678035549003,0.217023483142999,0.303602006587031,0.359338302895433,0.345302846554432,-0.0113695724016769,0.127384751099426,-0.196842482163505,0.260030155225868,0.0786818952390509,0.274217366259943,0.143908119418959,-0.0519284397888051,0.365737252162487,-0.0403503652155396,0.489382019134687,0.39676667059064,0.137665795511972,-0.232383838469502,0.3248300681286,0.181096988617729,0.184265376371454,0.0545935155635523,0.0376217713188541,-0.0998339581009947
TCGA.KR.A7K7.01A.11R.A33J.07,0.689785435531119,0.602720341582319,0.891613843040551,-0.33691921856939,0.198448652932285,0.31231341107064,0.364928812500695,0.218412233827021,0.260629759280322,0.272986474161082,0.373993792989835,-0.0370610680387822,0.0462323781397487,-0.244598805746012,0.232077852257507,0.0294140119398701,0.225049246136349,-0.00458239430540129,-0.174536169157906,0.2644355588829,0.223371771967206,0.490038916738331,0.243212856545519,0.0293777129069863,-0.16703579409803,0.347071375336761,-0.0387893761552346,0.0438811219753658,0.00256235342077694,-0.0884409387729186,-0.055624482034357
TCGA.2Y.A9H4.01A.11R.A38B.07,0.903626698890434,0.717617050493756,0.79770408314012,-0.30608410628774,-0.112846073219931,0.131481730793322,0.120619817083024,0.262041974240163,0.378961030456969,0.282028848990715,0.282882130853337,0.0261892512776157,0.0538127309067128,-0.244655750168448,0.195298385434116,-0.00899751779056896,0.225515859238121,0.0229799658370158,-0.102780523674954,0.0695966037513946,0.0749153935093698,0.423568342369786,0.323042078026802,0.0190715103507465,-0.213459699055873,0.280267852040329,0.00974186947734888,0.0247293982399812,-0.00864667944579179,0.0514009098299543,-0.0827866640468147
TCGA.G3.A6UC.01A.21R.A33J.07,0.806779636189649,0.763781651239026,0.361423889743713,-0.279205358782767,-0.264396582316817,0.0757814060195355,0.14502100586795,0.181055107133676,0.338517919863062,0.206446822135063,0.320629885545193,-0.178770459949881,-0.089941122408345,-0.264769608842481,0.20280089498705,-0.0612698227948134,0.264722953962661,-0.206672463336114,-0.20578334514625,-0.0770362955345456,0.0832664444329558,0.326793489316883,0.332509203536365,-0.0299626088813551,-0.425476849443863,0.226554685049455,-0.154078631625915,0.0492426537160536,-0.0145729877252058,0.0275482797536449,-0.0720766055227922
TCGA.CC.A5UC.01A.11R.A28V.07,0.784455518352092,0.624024707307699,0.713664310838085,-0.255304016250987,0.0972832100001119,0.143428344107978,0.192483207153056,0.221343748310651,0.456944598609606,0.316260080517254,0.314642332402131,-0.0582915465251558,-0.0355516623672745,-0.196802667867974,0.275207712049194,-0.0298206887212921,0.324351281022943,0.0379231020883764,-0.132836616617132,0.141645316963311,0.244444140257879,0.47826467796935,0.318713841354949,0.0362457167347516,-0.178181314101446,0.326760978521543,0.0158595280959172,0.0401673777209524,-0.00619922547581492,0.0059336345921338,-0.077664419204283
TCGA.DD.AAVR.01A.11R.A41C.07,0.839397438173733,0.610972176192597,0.63170285813372,-0.250019709200532,0.105259696394712,0.254417315341273,0.307469174902635,0.217470331491116,0.464241290346763,0.39086350417576,0.345550694680468,-0.109672020214913,0.0884757558725248,-0.215209034225167,0.252296852838171,0.200447020446501,0.296934935067248,0.142059993886107,0.00846608112992261,0.362640562284192,-0.0185654737414696,0.44109998000707,0.394351213614898,0.0873312286659715,0.0760361264396534,0.361423123344508,0.242802714595387,0.116350715081175,0.0895453458303518,0.0194391675211215,-0.15934305023104
TCGA.DD.AADO.01A.11R.A41C.07,0.742368662255329,0.602282805334095,0.485714357368196,-0.214059526007407,0.156042742046815,0.315293426124116,0.312860723049144,0.213638095946263,0.35279244718011,0.342348268300934,0.350098750421992,-0.0700114743646153,0.00193427899133397,-0.208540455342833,0.266160668010191,0.0457781433279927,0.253153309839192,0.0425246041483126,-0.00982095669718003,0.299422559486093,0.151239968771147,0.478334688805216,0.282697917547772,0.0633274965723276,-0.155377250344713,0.281229937832887,0.0478397662708261,0.0949795935035302,0.0334495283497009,-0.0200265693822335,-0.110933533734977
TCGA.DD.AAVV.01A.11R.A41C.07,0.637711657665526,0.580277745277413,0.571513204610908,-0.220923405933126,0.101866499022966,0.195602868152311,0.325215326762111,0.275653611292113,0.43965950282748,0.347795754999765,0.318503548075325,-0.106944632927185,0.173890889679821,-0.165827473235398,0.269578177870665,0.0533586416118111,0.290521612881306,0.120400078946696,-0.0644795933669641,0.283575715870344,-0.0163182309074732,0.448237249446172,0.385081946616349,0.107725268676787,-0.106420049604418,0.379925984710914,0.131737009387053,0.149445963760639,0.0588687665662109,0.0513937610038735,-0.112195406743862
TCGA.ZP.A9CV.01A.11R.A38B.07,0.75662343841741,0.803639000364952,0.655487967897575,-0.250337828110985,-0.00227924129347136,0.155103538815456,0.238033991932263,0.200357551181006,0.408782255473618,0.304471093916717,0.387345922042437,-0.146507024939444,0.0756041432066774,-0.151867954359728,0.147187198312161,0.10811384193914,0.266209667677458,0.026993544219474,-0.16158062267468,0.23433776479108,-0.0288941442285853,0.430865729498824,0.394775663259498,0.027462900131795,-0.00802216668369776,0.347595658052896,0.147571136156601,0.0927637712127031,-0.00167401891810847,0.0664207852067309,-0.174733923004004
TCGA.DD.AADI.01A.11R.A41C.07,0.565304815363831,0.426625335340365,0.322255354734276,-0.197207112619038,0.0926457229713742,0.340679139402298,0.294580611403521,0.162355204043137,0.342380947256643,0.407360546786337,0.336527274217355,-0.0534571210679439,0.101684137513917,-0.27368098140726,0.221696909947894,0.115159249926577,0.252791907717296,0.05760367336493,-0.0795872342246282,0.222141493744074,0.176734131285986,0.470349007478701,0.401426731982688,0.0101413422433561,-0.107852981624978,0.345820408339322,0.0982636038997616,0.131267262992107,0.0267481612777243,-0.0665288546554244,-0.129119967364728
TCGA.DD.AACJ.01A.11R.A41C.07,0.816801986548015,0.770461804300112,0.674637429352671,-0.331684719144535,-0.171510594295764,0.149028151764804,0.166799657436369,0.220500249464672,0.387230962409375,0.270382884210092,0.308963528649889,-0.0663487271835745,-0.0159417576493298,-0.251021315615011,0.251641629617243,-0.0697051030600612,0.287499333393264,-0.0480898555086045,-0.146598192003845,0.0920106483266236,0.0631969177849554,0.410943581002858,0.28321935617514,-0.00221305308463262,-0.255163097676696,0.280505509140201,-0.0812575956196008,0.0293183540079441,-0.0300780904520024,0.0559418591807718,-0.158434193349932
TCGA.DD.A116.01A.11R.A131.07,0.745961211730751,0.725091377151418,0.67689618055577,-0.272308055878665,-0.0935734286349052,0.142976650367685,0.216974794643026,0.264511708068125,0.401744481708295,0.275835083531272,0.278837467647191,-0.126049772215435,0.110275804527391,-0.199656704250626,0.232274961006902,-0.0246332789027416,0.270892482007732,-0.0295822981639333,-0.0350439507366882,0.0493656339396439,0.0401730441270456,0.411862397239727,0.274667901210078,0.0425679499042796,-0.350899149789555,0.288747650676336,-0.0669364622824058,0.0527033532193035,-0.00080557432074176,0.0373385108459876,-0.0675873764629977
TCGA.RC.A6M6.01A.11R.A32O.07,0.5922243083946,0.393530782949249,0.80058774755229,-0.33315911615094,0.00594000498731464,0.0875748491384496,0.155525498237177,0.225939511025923,0.352783827890329,0.342483835673261,0.296758545889268,-0.0591494116120504,-0.0776164587619867,-0.270026756041025,0.213362895065656,0.0169167569732978,0.237616878302512,-0.0879724899897113,-0.130775257782232,0.082502403299744,0.0902847419379737,0.42852919989163,0.227336383028683,0.0421264279435507,-0.181673959970888,0.361092601212582,0.0241151470858529,0.0830294363841569,-0.0228126687371524,-0.00366436410926878,-0.107262530584599
TCGA.CC.5263.01A.01R.A131.07,0.255155774147122,0.511716154801449,0.650598838708679,-0.312310575910146,0.0514636684203746,0.0277118391288814,0.297997525177447,0.20761981677948,0.364622384777539,0.414639318623714,0.351757421033546,-0.0145798549213787,-0.00876704857838475,-0.299945833153376,0.156123431008757,0.143425502117288,0.272980335207979,-0.0381674219651877,-0.0485577897205171,0.211242268066589,0.0594677340394441,0.469002699298673,0.376593094957465,0.104345518162918,-0.192556886992453,0.300838704580187,0.101855104366715,0.0683375458221479,-0.0518749854137077,0.0642167993457743,0.0455662532312145
TCGA.G3.A5SL.01A.11R.A27V.07,0.734621084483619,0.801993580257246,0.516076984704691,-0.283906145061143,-0.16512707930979,0.0914944574108657,0.129686451481726,0.182543922348063,0.391079442584035,0.293441306143745,0.300123893505339,-0.159168229570166,0.0438260534893005,-0.186038720151569,0.195602370250359,-0.0316436225604576,0.262318227932345,-0.112935624540184,-0.158622416538828,-0.0165291949310321,0.164293700909578,0.410101200974593,0.288013644840207,-0.0537068883346695,-0.240125844570599,0.256056560165557,-0.0678826890216814,0.0440394568772123,-0.00155583686138855,0.0237318180527463,-0.0843292271392693
TCGA.NI.A4U2.01A.11R.A28V.07,0.807348710188425,0.779499153603837,0.764717536227548,-0.337831940525736,-0.17693939768396,0.0791158886869657,0.144822135689535,0.189967030470343,0.458260500729368,0.31105309592547,0.26269255946601,-0.123156090824602,0.0510293804816424,-0.196687977341071,0.130929196993691,-0.0946119921475876,0.304464365505899,-0.10291693863565,-0.174618645924834,0.0786351188307752,0.0409890379075413,0.446547879465971,0.344342751363459,-0.0082994797052149,-0.163310707494545,0.335260476755972,0.0509514129214043,0.0282866778550439,0.0315851818893893,0.0105686614234115,-0.0754749502081263
TCGA.ED.A82E.01A.11R.A352.07,0.159006301114397,0.278378957429833,0.169694642271224,-0.306350847651506,-0.158697571810861,0.0601988388548286,0.221705056750108,0.225235999309537,0.37088470357927,0.394725618590355,0.262818396840945,-0.120386569353255,0.0902529822290191,-0.328707116054475,0.105949551285912,-0.0677812044632131,0.250061227188903,-0.0986612183830976,-0.19013692571394,0.141967161759598,-0.117797221086374,0.342558585975527,0.337837681834161,0.0802308321120183,-0.396924968588176,0.369930255680376,-0.0121938933362687,0.0647920571731262,-0.00260038272431513,-0.0127392847241774,-0.210276989168378
TCGA.UB.AA0U.01A.11R.A38B.07,0.653487098822187,0.746286642876393,0.606785093422712,-0.240029155585039,0.0135103871870711,0.105342259783447,0.244927062703224,0.261146593901481,0.378839801248565,0.369942508913376,0.354661721989615,-0.106173999241731,0.0873420231504307,-0.289564186944266,0.215255448963305,0.0998566805904333,0.270319838465951,0.0362097420221588,-0.0719185704662006,0.201895830064653,0.123329956810878,0.478591257653381,0.393967928163919,0.0920949889934551,-0.243539262638771,0.343323874757547,0.11561838440005,0.0947977803623375,-0.00590925630496884,0.0641211648840253,-0.0371207731988466
TCGA.2Y.A9H3.01A.11R.A38B.07,0.753316337234687,0.557871019595217,0.411609392444176,-0.115155659866384,0.0601114563767682,0.335025045372342,0.225763156212622,0.277162734858399,0.421080063128381,0.340040176260322,0.348839055973573,-0.0842276520504507,0.16284503885616,-0.299986407785238,0.268828998416449,0.145191936898691,0.252477088514178,0.191958662273856,0.289134259477176,0.266263846879647,-0.075900679306514,0.466189245907374,0.321723825856558,-0.0174928176072362,-0.132432501427823,0.325804946541001,0.140578517489962,0.112086473620272,0.0747748698896246,-0.00747993591920141,-0.168767366382581
TCGA.CC.A7II.01A.11R.A33J.07,0.273548842306747,0,0.486561098238172,-0.338362411406347,-0.0347281704763575,0.0991975291841156,0.116467222234135,0.190169618054453,0.409015735377025,0.290793675354189,0.222289158385222,0.0158660118756063,-0.182225332437877,-0.0866812344416387,0.187748541471297,-0.388716261574904,0.25155917210688,-0.111049247667197,-0.134721787960951,0.116661672618227,-0.0444831035223051,0.281236065198739,0.245362553607646,0.0205379823966624,-0.429968509834886,0.249679105868192,-0.20229340528875,-0.028036784331533,-0.0944415280748138,-0.159352347246038,0.0211993642556655
TCGA.DD.AACG.01A.11R.A41C.07,0.75543015259835,0.622652853902297,0.592755412999966,-0.307963013079395,-0.00665305261154069,0.151572628727521,0.223804207235559,0.244544298302097,0.34783504040991,0.271298805205574,0.334686838033258,-0.075895174467622,-0.0382937159624261,-0.36287127886193,0.275004776587841,0.0370726674197953,0.255594199717497,0.0987983693482993,-0.0657217506306523,0.178530048842238,0.163062609282225,0.503181887457139,0.267779812793293,0.0969498457484911,-0.169893547568729,0.329621328207896,0.0103109350793639,0.0551161062397885,0.00190491481952995,0.0428653355844213,-0.0787465277334329
TCGA.DD.AAC9.01A.11R.A41C.07,0.889463233466747,0.739668380336523,0.691822416791675,-0.245930057461495,-0.00356174478351756,0.214132426923555,0.300559081028708,0.234626783460054,0.430734327786698,0.34343677305916,0.294957257485662,-0.101734082970503,0.109218812705656,-0.235061259585294,0.212567389097061,0.0529318645758537,0.308642531557156,0.0749169652240369,-0.0862294640643309,0.268116386300651,0.0659362552164031,0.428782418561514,0.372588280755504,0.0887560226606658,-0.0237753487653316,0.367189253566746,0.148901059621415,0.0521000213688864,0.0383262633412126,0.0117007207816373,-0.0737646951769966
TCGA.DD.AAVX.01A.11R.A41C.07,0.831191445412459,0.682763349744363,0.638069842306202,-0.255701298896068,-0.0484601751277088,0.18692357631528,0.240287725933422,0.215477872916389,0.359003636679405,0.336164619265677,0.321568088021107,-0.10807526425614,0.143806174770424,-0.212181335715598,0.247115312316639,0.0866556045864416,0.234947781665341,0.0106417989882579,-0.160537942426101,0.208535677754785,0.142553249112886,0.415407890191055,0.343566543076768,0.00472712445713889,-0.130092198027994,0.289108373031125,0.0426269370899453,0.0913918909522448,0.0102916787854381,0.116154646729397,-0.0686892997730043
TCGA.2Y.A9HB.01A.11R.A39D.07,0.845720350556634,0.792541699560675,0.640986924711229,-0.311937872979514,0.00320561027775466,0.196685543512451,0.213207529606044,0.284842414906235,0.408599909553066,0.329246691003304,0.323231893961112,-0.0822724423046094,0.112558398293769,-0.318683089573598,0.236289079343284,0.0862894375493743,0.245300975139326,0.0697298404938246,-0.137841678938779,0.187117894735975,0.0510295569394096,0.406821131503305,0.355120612971817,0.0729509080992253,-0.0884886837427115,0.354091056421265,0.0445374612483848,0.0240971445888724,0.0079739109487636,0.0203533659668703,-0.177884056643454
TCGA.RC.A7SK.01A.11R.A352.07,0.792140666985147,0.697551324122131,0.663210367636271,-0.306070197036762,-0.198731464151217,0.084251607582271,0.230992811347568,0.193131716376048,0.334200956096679,0.335409372300654,0.284929759372439,-0.14054445911701,-0.0913386322896891,-0.231577632650788,0.170874430462898,-0.087162194041645,0.260547399538736,-0.0184301014660883,-0.185756716289957,-0.0859987331621657,-0.0439662537509387,0.47207289494398,0.325959705910859,0.0224258721276219,-0.169540018304833,0.276798359248381,-0.205174219241121,-0.0373574776959322,-0.0480621613186499,0.0630569807331766,-0.193587628741641
TCGA.DD.AADD.01A.11R.A41C.07,0.727106546989309,0.690569748631015,0.430941934276731,-0.3294380189443,-0.0595233986234718,0.104391665555124,0.13616086490462,0.18883965698015,0.27529934155623,0.212472341587202,0.322744638873823,-0.0862045699434614,-0.0372562489954358,-0.3362545140011,0.272840178448685,-0.0509093406746723,0.270026072444891,-0.051902776433048,-0.188198810955411,0.0126259008296034,0.200300224025532,0.479495076192784,0.254920769460709,0.0423642874563477,-0.371423279405762,0.194912084708997,-0.182602815664047,0.0143907013391137,-0.0435756048808828,-0.0218866273832058,-0.0660374407412466
TCGA.EP.A26S.01A.11R.A16W.07,0.780054426960437,0.785485846529975,0.460439103088582,-0.306842364673726,-0.205113048588937,0.0859763646709514,0.181483513326816,0.221575860913568,0.35086746272381,0.281329608465883,0.287676640166188,-0.15873837709141,-0.0585754367472202,-0.237430311327303,0.23445613177799,-0.115939619046431,0.239109068502679,-0.128257901816103,-0.188620191396813,-0.0885444602352843,0.0582781903689123,0.44094498562074,0.290700520075982,-0.0546470924412755,-0.286082324091935,0.294434285623144,-0.145499386604456,0.0542380943206079,-0.00324781488812848,0.0140426083417015,-0.0540884291707126
TCGA.DD.A4NN.01A.11R.A28V.07,0.468176224708164,0.455668434326852,0.0896649691005733,-0.27319016971753,-0.0245388635081286,0.0671648652515749,0.0809624108386028,0.185049522520072,0.309274553511104,0.296851383211314,0.305010530030833,-0.139693317512142,-0.0850757164374797,-0.375118765460383,0.222999810619838,-0.301633260945181,0.205406136311924,-0.00408953337419728,-0.193667691877703,0.05244119657092,-0.0563732260742958,0.501547668935588,0.331892027151564,-0.0109160072880541,-0.208225384034236,0.295263243112111,-0.144220075800539,0.0829541237500903,-0.0125137622852439,-0.092595032980571,-0.0146794211285447
TCGA.CC.A7IL.01A.11R.A33R.07,0.856794354139413,0.828839331436145,0.777794704505891,-0.332113776474442,-0.188019331713803,0.131306332997573,0.0724087174124449,0.183171645998765,0.392239957164927,0.227443782479518,0.304758005293412,-0.145119484406531,-0.0966507341057506,-0.217731748416511,0.25579987891156,-0.0691672759653856,0.259999912838511,-0.077640592083636,-0.189867603223157,-0.131684842158737,0.0760739852658728,0.396610188778647,0.320287060294448,-0.0193708976519883,-0.184736728579409,0.254994826764891,-0.186982505765224,-0.0211062040350469,-0.06479455671196,0.0621146555030901,-0.161206370297084
TCGA.DD.AAEG.01A.11R.A39D.07,0.81597411908839,0.72352947624508,0.641411080102417,-0.264862256980133,-0.121555494802702,0.102917566305767,0.143085306565444,0.288246418240325,0.391362340082374,0.300307482042949,0.288690291037599,-0.145858176649812,0.108180696242866,-0.276469890792595,0.205721474347478,-0.129670530957523,0.27758840549492,0.0349824171596219,-0.136446747204665,0.0600220537295653,-0.0371342164449781,0.384207949206389,0.339316714921496,-0.0127797080745965,0.0125082125273466,0.303493993612582,-0.165499422519381,0.032508987335768,-0.0622181576401359,0.0368648972431082,-0.0876668583527727
TCGA.ED.A7XP.01A.11R.A352.07,0.736617756142703,0.581164558646203,0.488049478089051,-0.279679667020634,-0.0578949245634475,0.0590639112298712,0.252846630173549,0.250179963578327,0.414374553252897,0.338935868706037,0.353320763773993,-0.150442697522003,0.0230963689770349,-0.244397018993492,0.21113798769561,0.0854137955507669,0.28163731866563,0.0556547130667275,-0.119537388181985,0.103976409804755,0.106553063308458,0.46822486660944,0.329939589456881,0.0614037122976054,-0.176026403724726,0.37540656637671,0.0104749023124772,0.0586616731401056,-0.00515564124829773,0.0663137412569617,-0.123407341607067
TCGA.DD.A4NA.01A.11R.A266.07,0.0128577951213162,0.29129731669559,0.0478166766249246,-0.297682915844124,-0.026726183477895,0.0824189584393086,0.259082627720136,0.236736901616732,0.352742056164369,0.415418023095563,0.33034389538495,-0.0771087276920038,0.125810544271236,-0.271298685368204,0.144116068209696,0.127290383804294,0.343826818939971,0.0135919119573547,-0.113145827968031,0.251556437455652,0.0500265155037765,0.377040940568304,0.421572512765358,0.0305872251084878,-0.0588173813668002,0.345303344947661,0.131575785672761,0.0496591515563375,-0.0366413910967237,0.0312128723134834,-0.12050073758116
TCGA.RC.A6M5.01A.11R.A32O.07,0.872152993787409,0.641014556469641,0.513789214339412,-0.193890839424231,-0.185656200636356,0.0901873628623272,0.233657828197732,0.259331662152867,0.434716843833194,0.324126701216787,0.341405067210505,-0.0950792714708888,0.0749351733961647,-0.2605128478,0.179903163110415,-0.0848002978605975,0.233320732165643,0.0264751741958846,-0.0831756745810806,0.0497170617614202,0.035838311706555,0.453115126375878,0.328925522618419,0.0897925803962106,0.0456316237838762,0.382344108034618,0.0905260028761136,0.0626225552667305,-0.0056734131712191,0.00970525619537485,-0.0982362382143456
TCGA.FV.A2QQ.01A.11R.A22L.07,0.868523270603644,0.758232398379471,0.789903053656948,-0.258831546020356,0.0163240424237137,0.22876081665884,0.24180248545605,0.214559770231462,0.440669014252031,0.320183973120348,0.33886755649871,-0.165132761999556,0.105566961583,-0.171030507636324,0.242837017213864,0.0623669934909072,0.275141451425392,0.0873610510825853,-0.101796540122567,0.216317922658193,0.0370474881781532,0.453734079730191,0.323267490621196,0.0667041528263595,-0.0679256689444437,0.337539992921112,0.00101221534900406,0.0432652035947535,0.0230600090019285,-0.0392652780643999,-0.156333365261091
TCGA.DD.A1EH.01A.11R.A131.07,0.507598608507129,0.538420268006881,0.319327303128343,-0.274992308589946,-0.0342764078864392,0.0575698831945841,0.139490055593441,0.161766546934345,0.295831953879206,0.340257613882812,0.33097551122365,-0.183740664253743,0.0277687571227419,-0.308154417534867,0.22770894836586,-0.106748170263676,0.185412591654685,-0.0670029220084063,-0.205810220458741,0.0317383134493141,0.124690040071393,0.523673073764968,0.402239345193403,0.0626874317033741,-0.267053144844804,0.296080073126261,-0.137360040741867,0.0664499722702029,-0.0442112585686557,-0.0388323131975668,-0.0496659902868513
TCGA.2Y.A9H2.01A.12R.A38B.07,0.4916398631943,0.414959332434099,0.265220825639099,-0.199845971606139,-0.0361618028639974,0.118930877426341,0.279575540820095,0.173702542304488,0.323025217848473,0.36579916295956,0.265952889394795,-0.0568381920755888,0.191466013369197,-0.41971832753592,0.204240325470464,0.0381191963351107,0.288188051274014,-0.0981261883259685,-0.151963622762026,0.168911965230059,0.0764403796889996,0.391346831886856,0.33110962521065,0.0688119864366781,-0.267404034508617,0.287490639167619,-0.0825295220227951,-0.00246990809922582,0.044858050289842,0.138673722932597,-0.187790549789297
TCGA.CC.A8HS.01A.11R.A36F.07,0.506812203705299,0.458200796944697,0.504171467490042,-0.328634511581021,0.0311160022985228,0.00930815410488412,0.136612955788337,0.225819659932153,0.387623591852439,0.303724907735086,0.258516435952227,-0.0776543645935879,-0.108670031904632,-0.359410481595185,0.206229718582482,-0.20660515112881,0.257869798216382,-0.0935765952082206,-0.178397779009973,-0.00812633994362127,-0.101760564638423,0.439596611538251,0.331452259339575,0.0106711083233514,-0.168468036663812,0.262188360781964,-0.205405071498672,0.0274462086300968,-0.112911842122852,-0.0154021358881801,0.0512037144066649
TCGA.G3.A5SM.01A.12R.A28V.07,0.770654001077822,0.788039268186877,0.698865947398801,-0.270825017119116,0.0308348913923526,0.139525424455997,0.315640351618566,0.252503943836423,0.464968166531255,0.356076793060258,0.329519784609619,-0.0936352263189918,0.127353613067284,-0.261790552293323,0.227875119754745,0.143392685294038,0.271982287343012,0.0535454573351763,-0.124701518753299,0.248097263583854,0.156000654096342,0.522737283602903,0.334881989803398,0.112492067994837,-0.0705360436760144,0.352502627950329,0.068368453994539,0.0748164338903223,0.0134090631635659,0.0598564539088117,-0.0531995529007855
TCGA.CC.A7IF.01A.11R.A33J.07,0.794327531571474,0.709336491577137,0.798481848164257,-0.266393671470124,-0.224742607836901,0.0822508416465727,0.156139945632631,0.194095352254285,0.441869745795819,0.293657094122216,0.305983180401275,-0.0559715836844682,-0.0293263423254353,-0.304699920472024,0.206212146933009,-0.0444056821706185,0.246587785998524,0.0411962912192729,-0.137035244993913,-0.0866453807071746,0.0640050411063476,0.389332999366147,0.330002584139922,-0.0685634833887181,-0.201034597978319,0.268448173302076,-0.189080059663425,0.00106258164237287,-0.0106979905075133,0.108257846029993,-0.136286224332699
TCGA.DD.A73E.01A.12R.A32O.07,0.646615421684984,0.641134842723573,0.321167209067929,-0.29404650185549,-0.193741030039653,0.0446055512208994,0.0879596195936561,0.24366114739517,0.337818777139195,0.230696386690642,0.285013687027966,-0.173665344973656,-0.0434119812551473,-0.185563914758444,0.233087143146528,-0.0993088915195499,0.264294363574616,-0.191056408541266,-0.107795412966705,-0.138430910483003,-0.0805834725400563,0.392326003001934,0.310719618362418,-0.0918342109524905,-0.420715257538957,0.287643413272295,-0.100522426148597,0.0656419555554002,-0.00553055175574662,-0.0130315078806258,-0.0501230388913053
TCGA.DD.A39V.01A.11R.A213.07,0.721324642723256,0.52828158183976,0.679184244231391,-0.304505672384554,0.0430922810003721,0.327925030494853,0.185567663713624,0.240944731856341,0.32850794362442,0.32112832687826,0.262078679229345,-0.0377219195759054,0.158871920520877,-0.216770508187081,0.319428007424108,0.103226464301289,0.280940386953644,0.0324146571792944,-0.098808569034112,0.324683924045012,0.0941679220596624,0.408916957115616,0.303466653375304,0.0329346330247876,-0.314370753043452,0.32020337394586,0.148601520210441,0.117661726503109,0.0470958393597004,0.0314477894237133,-0.0716997920607599
TCGA.CC.A7IK.01A.12R.A33R.07,0.642097812708984,0.607105300424329,0.630470296510573,-0.333830005794066,-0.156709153688376,0.0645097046297885,0.128490459617586,0.162443840148074,0.348687586592582,0.244386869670108,0.288282697243406,-0.170879960330547,-0.0580203851713889,-0.332141914297475,0.228511327170417,-0.104964367848899,0.27589114017353,-0.163874024284601,-0.210196840517111,-0.0683011263402197,-0.00377558206438899,0.433946308113019,0.257885034497187,0.0357445873960805,-0.330452713654162,0.229871224549273,-0.167956629776731,0.0591048003197688,-0.0375480216102766,-0.0500490449885226,-0.07407148540486
TCGA.CC.A9FS.01A.11R.A37K.07,0.770801504516869,0.67898773490789,0.748818477740539,-0.24924454719509,-0.0953953887239689,0.0906158053189811,0.17483485924955,0.203426040768023,0.406372519868419,0.289134898540732,0.319095698126685,-0.152724154028082,0.0608782001318804,-0.175067849462877,0.227672062175693,-0.0229595789739367,0.226666630351654,0.0413708324642329,-0.125042513137222,-0.0296158083591965,0.0882064968434637,0.403496823174191,0.321579798105918,0.0273880109531165,-0.0593095106518603,0.267820579136983,-0.113210882244001,0.0351192707363373,0.0150201562151672,0.098177119899623,-0.079269701989336
TCGA.UB.A7MC.01A.11R.A33R.07,0.693726976965761,0.585212529502806,0.468196381172914,-0.296921750266702,-0.0876189172216602,0.0552704867609662,0.106638210261416,0.186277200199479,0.380175523716568,0.241965714810537,0.311067898883377,-0.150889592109609,-0.0320883059265398,-0.13168336110175,0.180494041358847,-0.0943253730109914,0.259782068835932,-0.143623660011313,-0.139041049561131,-0.0465204996111191,0.24631353674259,0.417554007554071,0.316627691643864,-0.0211990785566708,-0.324845265525351,0.254828735723342,-0.179528843319006,0.0537711394749122,-0.0260033423747387,0.0199619610477242,-0.0744437193894076
TCGA.RC.A6M4.01A.11R.A32O.07,0.809003646109333,0.820549931432871,0.764555244625887,-0.335476025732434,-0.216601037489888,0.10704298618549,0.153771368153558,0.178296736484906,0.358544409825935,0.205614840933961,0.278574380199463,-0.0981930424381519,-0.0311694738221294,-0.235149103500006,0.200931037918757,-0.103712772179975,0.273986040623946,-0.156312144326254,-0.213761209807865,-0.158326390701931,0.125053699002398,0.432584973831216,0.254654065698793,-0.0657569895331193,-0.385140235970516,0.260527421239647,-0.158658457503287,0.0845644957749577,-0.031629492537327,-0.0208451662656924,-0.155153873617476
TCGA.BC.A10W.01A.11R.A131.07,0.530443661459608,0.595915054288911,0.737548118201576,-0.317939282502815,0.0465914183557266,0.0848836835623418,0.262582467114927,0.221153171331797,0.40971881958379,0.347887137417072,0.35631856958868,-0.0506205981435037,0.158324844785563,-0.258923610848946,0.20298340721579,-0.0497077282867461,0.332652886093187,0.0578845882440839,-0.0846244927680923,0.265796853623102,0.179043472406979,0.432022686190761,0.349338317904886,0.134917477306479,-0.184417670850228,0.338315890967828,0.0482559618101732,0.127243686270016,-0.0622003057305743,0.0868828229209789,0.00160435658843937
TCGA.DD.A39W.01A.11R.A213.07,0.583675715187471,0.685213509270472,0.361771920076178,-0.287520196814408,-0.159536067895428,0.0495156984435904,0.108522511861273,0.201329747957034,0.284592343910845,0.292532303860298,0.259871026737706,-0.206643206861716,0.0560327173566095,-0.306225515319157,0.214452288292268,-0.00747121643071293,0.257404692868491,-0.156774125931564,-0.169657757344677,-0.0221982935332927,0.0634581576862164,0.429955640565527,0.262092817603448,-0.0745867262962795,-0.364195485412136,0.360992364129788,-0.154188941679601,0.0893443112000127,-0.0487267344563386,-0.0988767265316757,-0.0704315349210009
TCGA.WX.AA47.01A.11R.A39D.07,0.827793333851475,0.49014385316558,0.608856367577846,-0.284114866693726,-0.098146299291451,0.108001272284257,0.14937065279589,0.263425256762219,0.444660160283885,0.271330113888554,0.321579638498919,-0.110118519971562,0.0214269823484,-0.204095985933934,0.164544607848615,-0.177571184936677,0.259757494371745,-0.00453369644689636,-0.199313859610231,0.0911427294013517,-0.153743744384117,0.443819875710428,0.188663753970692,0.00782346591422859,-0.112949969128706,0.36342069313873,-0.103365595853932,-0.0454137518223009,-0.00844322589939335,0.0957726545851672,-0.0301362909058326
TCGA.G3.A3CK.01A.11R.A213.07,0.793246527868181,0.746377194123482,0.728510182494004,-0.305361651014295,-0.104809871457263,0.18245057128061,0.228425177846183,0.281027508612198,0.37229389220826,0.289075291143175,0.31343089082977,-0.139538516822602,0.042879425116746,-0.260002628224538,0.214765796588081,0.0190282173537865,0.252678427699563,-0.0507805451860673,-0.205172487468263,0.130501278968466,0.145186095921605,0.412241821458329,0.320038152458928,0.000405968057166557,-0.237114877087376,0.27905156148261,0.0395646703415559,0.108098852923848,0.0295040579837354,0.0160722392265166,-0.0927156351842396
TCGA.ZP.A9D1.01A.11R.A38B.07,0.616073852424002,0.70947906953537,0.526894151420029,-0.258852543042398,-0.0458653729965187,0.156027545333894,0.258996044053606,0.203699434988569,0.456927588049395,0.376693192741799,0.312210948229929,-0.126591675717166,0.0973777419372472,-0.238595063217241,0.211463332618269,-0.0341465510213721,0.232530957091129,0.0375469061981998,-0.139075459897178,0.18356344267377,0.0862806930777778,0.442730615164854,0.374457354582471,0.0583999421113166,0.0999691334871525,0.347109110000233,0.0448420019257914,0.0449233156118699,0.0269829826208399,0.0322892712757705,-0.188411464417748
TCGA.WQ.A9G7.01A.11R.A37K.07,0.608407844507077,0.5163899021143,0.562143258034077,-0.306687155059437,0.0147690123154897,0.108702021437043,0.194539760004101,0.235080239577183,0.454685697011779,0.330774851072898,0.272191596880698,-0.113820684696535,-0.11653273007938,-0.192496615798219,0.253653367567154,-0.104746148362129,0.200440503982663,-0.116487823268886,-0.146961728145605,0.0666654026050556,-0.000284155567406674,0.505214123742921,0.267469764710537,-0.00519606068275065,-0.183514338995724,0.33485299470902,-0.238148647767059,0.0454014825962727,-0.0332542941176152,-0.0233809276541857,-0.123557455033415
TCGA.2Y.A9H0.01A.11R.A38B.07,0.752862385523955,0.680574921710261,0.81192180537847,-0.295936924718462,0.0974226438311314,0.173261858542565,0.189936040837511,0.274642461787621,0.418769105710473,0.266285299491003,0.366218786108929,-0.0752136612075807,0.0061704574335483,-0.361510954296823,0.218315397867733,0.0374313830856349,0.237018999304358,0.11939263330816,-0.107534502896961,0.178700250885522,0.0206060737398416,0.476661043276673,0.314186381437719,0.0670757617575288,-0.107858667715811,0.273318084792063,-0.0520300962735242,0.00381704535413462,-0.0105186094727052,0.0250363696076968,0.0526652414222377
TCGA.DD.A115.01A.11R.A131.07,0.75940402729837,0.761017118234044,0.734121263624094,-0.252709880317097,-0.0993577772107322,0.124557465215796,0.172644737315203,0.217478049895858,0.46405812865059,0.322862086793819,0.348852628667507,-0.0710564838222869,0.0827952580604282,-0.312136269598991,0.23532656185139,0.0896293424456383,0.249984762038019,0.0393478664263625,-0.128177912896121,0.112937058182662,0.127286026269734,0.460700175160054,0.392198999333356,0.0452230199325003,-0.144354351651701,0.289317944351486,-0.00664728220509998,0.0182638428334052,0.0170641162452028,0.111802293345969,-0.06788879052552
TCGA.DD.AAE3.01A.11R.A41C.07,0.888791348719735,0.674706035043378,0.651459805482426,-0.269306778135406,-0.174964371205869,0.165806173891241,0.196046820510438,0.237968416820869,0.454235642697108,0.290642264094345,0.308549922750811,-0.115906679658125,0.0583423058045531,-0.00547290823868475,0.30437610630074,-0.0134864371736972,0.230680691201987,0.0607983271949835,-0.182492298584829,0.172409587360694,-0.0419413368531234,0.454941559218431,0.331811363883435,0.0242129260934385,-0.19536672181749,0.277731525147329,0.0151989392180456,0.0734279076963776,0.0148796031082156,0.0295491229928875,-0.111998233190166
TCGA.DD.A73G.01A.22R.A32O.07,0.789622886304377,0.647116857672238,0.537765485321745,-0.259420723245397,-0.120914126742468,0.169861762020846,0.118347324061198,0.219267987852244,0.373958070616247,0.252410217136316,0.355863070959806,-0.109221428046704,-0.00642773082296404,-0.304413031165131,0.273891121636459,-0.115463376007272,0.18735531252841,0.0900387268562602,-0.0159926594867647,0.198118745722865,0.0782263585699483,0.424488598776521,0.230510168400061,0.0403468115982954,-0.103802963891804,0.323245145583158,0.00289043794198606,0.0806564256948053,-0.046285725056337,-0.0114550145939083,-0.116779806560297
TCGA.DD.AACL.01A.11R.A41C.07,0.640062183531316,0.468946321071236,0.686325784431192,-0.233067177783426,0.199924181762687,0.264366455701642,0.399393784762025,0.31136149797537,0.347223161112515,0.364344537106,0.413298681325867,-0.00510192804913705,0.107487301892474,-0.122500786559621,0.326185276098388,0.189750545890814,0.303756661301766,0.156417793756372,0.0330428467779919,0.391470505202927,0.00941948204512938,0.487136687787789,0.307446921386569,0.0547974783351017,-0.0867727892133097,0.384080493763514,0.296378528886901,0.0929156627779195,0.00232242330174236,0.0525240741001545,-0.084640042220143
TCGA.DD.A4NI.01A.11R.A27V.07,0.838442249116245,0.793393242525969,0.498616632125504,-0.253115563491134,-0.0373581303107816,0.18047603140554,0.251420701765693,0.213519844030298,0.417175912271466,0.372126698064969,0.355162062810995,-0.1199546417049,0.110344579772725,-0.216049407210354,0.227969064886417,0.0511277998939868,0.271024741742625,0.0576896654168385,-0.139520516867924,0.168601412251883,0.113483340703476,0.43242599932411,0.392050536910655,0.0370437662371596,-0.142595671503387,0.319650980791894,0.112118472340345,0.105539184362419,0.0476191071729036,0.0790890294644983,-0.108541488186756
TCGA.DD.A1EJ.01A.11R.A155.07,0.699825402303426,0.690502986925369,0.613792317677099,-0.332090373347356,-0.0823223251109708,0.114850024659974,0.212325004980175,0.281653011234134,0.292297685745838,0.3477550836812,0.354589165015127,-0.209701366206169,0.0167297753786517,-0.295881830988753,0.272350582367397,-0.0229086176197115,0.29247165796722,-0.0411400771440494,-0.0511383776458372,0.13808413487849,0.114313514977998,0.509393043897735,0.210794112416043,0.0271583861037579,-0.245590015540082,0.294376902934753,-0.00324045495121967,0.0787780215321063,-0.0241542092232976,-0.0556860674565319,-0.0573989170011554
TCGA.DD.AAW3.01A.11R.A41C.07,0.756336562258063,0.6844133567687,0.364615137389448,-0.333307335955817,-0.243272554892646,0.0403186734458064,0.147736895486587,0.156757727701882,0.331708942792344,0.276172694887639,0.293652528783144,-0.149310447362961,-0.0842307793668566,-0.266916750840511,0.220658005881788,-0.0910213525955308,0.256789903871699,-0.154030505580882,-0.245962303053942,-0.0013922350174892,0.0927289753361375,0.38136465848667,0.349514477207177,-0.0444149287544061,-0.349578105920396,0.256308090815173,-0.17625727065248,-0.00588566561101468,-0.0273772526438041,0.0130695766259223,-0.0565527261996213
TCGA.BW.A5NP.01A.11R.A27V.07,0.612721579689073,0.534183774277101,0.186552918655263,-0.265791923019,-0.0109235328351797,0.0654838111292097,0.195247296658198,0.19215358889239,0.209498506057064,0.308370041362074,0.303689659640622,-0.206940746266197,-0.0926413005797742,-0.342792455935484,0.226136379561551,-0.209781539606393,0.224113738860027,-0.0865736499484606,-0.177965976516871,-0.0285489047650581,0.0496024127442092,0.474362644500889,0.311656711592935,-0.0334593828977989,-0.220020106072812,0.276439631558972,-0.221534291737998,0.0895536638445445,-0.0847953833412937,-0.126212447570351,-0.100951439470531
TCGA.DD.AA3A.01A.11R.A37K.07,0.205867784558384,0.118638360616028,0.473451332682664,-0.183498074033975,0.0233041099979527,0.099979783809713,0.270084847476155,0.2033196136495,0.350214863451253,0.327034565328993,0.162191509269475,0.0699885940188546,0.0843493563018205,-0.230563892313188,0.17312908782656,-0.0815569229042742,0.298458112745308,-0.178718377371716,-0.0899332116791506,0.00327513448391515,-0.0953334157164366,0.364500514455109,0.313376734152705,0.0294994396109723,-0.346972949590373,0.305486752784243,-0.164123403857176,0.0210715164724972,0.00191363600235205,0.0883174142782259,-0.0898972035394942
TCGA.DD.AADB.01A.11R.A41C.07,0.652857606435201,0.587982123699009,0.549796613452182,-0.235368312129922,0.141887320643012,0.294860352989147,0.227118875159726,0.258652540648156,0.358363108830473,0.401736700236115,0.353816286131002,-0.0791948072302295,-0.0206525934685834,-0.33090690705139,0.226491438118267,0.150229067627422,0.245171536530031,0.0655655102107632,-0.0573147451127997,0.268163791649958,0.162201203991223,0.459289985942496,0.312055987139818,0.0140094746034888,-0.107141539202037,0.32671895424155,-0.0192531359592414,0.0982129630822325,-0.0169167205510948,0.00116393474153003,-0.0655518065667149
TCGA.DD.AAED.01A.12R.A41C.07,0.587344172758778,0.565509601095896,0.43048295761313,-0.315135695100327,-0.0709060848190645,0.0979209888237785,0.196205642298415,0.221981136350077,0.429159059269871,0.312231707545113,0.300212551172002,-0.126394937522758,-0.150661861347713,-0.117554084802921,0.197413402470027,-0.0502386649907729,0.279161604666193,0.000645699520879766,-0.125932404810123,0.0282788308292744,-0.00766207766814192,0.452808321428652,0.312433059268123,0.0110361897054628,-0.024661451745188,0.332841638867945,-0.143907699939073,0.0539463172348113,-0.00149937760966354,0.0445969336715187,-0.0965095494522246
TCGA.DD.A11A.01A.11R.A131.07,0.804138034260664,0.837362621956196,0.589337922437847,-0.331435085788954,-0.136580922550787,0.106438076965694,0.130039364056624,0.257689606798063,0.470463622370358,0.279313204641554,0.323118639128866,-0.180613705891518,-0.0521791358149681,-0.176144461646285,0.224593861640382,-0.176455486363616,0.264022119283006,-0.0123870269581303,-0.15161957531764,0.101795992454862,0.098518652042962,0.417240254523206,0.356287290926407,0.0847121778412268,-0.139972267210459,0.248431352942757,-0.026216113385679,0.00246536499554058,-0.0218971588263484,0.085766119704083,-0.0824208502090765
TCGA.BC.A10S.01A.22R.A131.07,0.717451176018092,0.72031897824427,0.585871000155124,-0.298802883230722,-0.00252577455751796,0.222237343254674,0.256492055637613,0.225612352150093,0.408074458842951,0.394747558598826,0.35996313529617,-0.0405151068889345,0.0955776774727425,-0.0729730874633851,0.2777923196516,0.119659884462246,0.258646354848277,0.146873044737332,-0.0663571202003504,0.2350972075368,0.0810320296042251,0.434778833563439,0.384222974178928,0.0687652418307328,-0.0654818785622297,0.333289392475148,0.136399215987398,0.103007110349421,0.0397078765582245,0.00914810144438941,-0.102136273281844
TCGA.KR.A7K0.01A.12R.A33R.07,0.808101073256541,0.742794995691101,0.499737938133401,-0.295225725463806,-0.0141786732409801,0.131160907424038,0.247009857739526,0.229070016711434,0.440562465952603,0.296925445095018,0.314439718271477,-0.155115350585518,0.0893441171602248,-0.133833171371896,0.245787313672886,0.0388943369212094,0.279671739313314,-0.0164546587909686,-0.129217259405171,0.0642692164557986,0.138311626752951,0.432863657607542,0.344678929802676,0.0477814675572566,-0.230061351512242,0.320971141612521,-0.0977827388540687,0.103498365569171,0.0248454239981874,0.0315988369558766,-0.0919055239221503
TCGA.CC.A8HV.01A.11R.A36F.07,0.402292938401268,0.475831370159868,0.595195032269721,-0.26095640086137,0.00910978294905225,0.0997944837601702,0.115863035762199,0.213009812735344,0.366148765941965,0.317174002648672,0.300617091383115,-0.138383835979849,-0.118921342576002,-0.258293966370055,0.183751816750708,-0.0684599020951981,0.287783650025367,-0.0523521632293712,-0.132998344354483,0.167918412271729,-0.0719672969283477,0.458974243170624,0.311973995768826,-0.0186440875180139,0.00216634284388619,0.299347636613746,-0.231671129095228,0.0371833564615804,0.0225422387376545,0.0540414173540699,-0.126269233809378
TCGA.CC.A3MA.01A.11R.A213.07,0.279676266140139,0.248906884196711,0.186216222132258,-0.298226160406861,-0.0258978088609744,0.110981856210157,0.202622943378481,0.125895427182969,0.420010586453909,0.344299990718394,0.249883135082985,-0.00615153954733805,0.00813075678647756,-0.428124201292783,0.23781936770994,-0.117587079854164,0.295997571466814,-0.152527516468253,-0.154775865923061,0.0727042859805441,-0.0270234957771407,0.37916507679462,0.392177079579152,0.0503276560424077,-0.344060386185339,0.323554831136104,-0.0964883215772269,0.104171930286362,0.0289276448276049,0.00886818568119552,-0.0664462623368208
TCGA.DD.A4NK.01A.11R.A28V.07,0.802519934959414,0.816518009995165,0.512681612694126,-0.331138646179201,-0.202717420115829,0.036694369913174,0.152797788223787,0.159591631137281,0.439024913225277,0.259201484890813,0.313494199615387,-0.159990487329804,-0.00190005952969051,-0.218392789233863,0.233177766383517,-0.0363498340835702,0.221010451473706,-0.020933410145957,-0.168482758789577,0.0274014897884563,0.0878605107900257,0.420663460100902,0.350460773654792,-0.0350163791020664,-0.159843504172606,0.238208111871478,-0.0604890579113209,-0.0347275065824623,0.0101163154884418,0.0818922776547364,-0.074151981056427
TCGA.DD.A3A7.01A.11R.A22L.07,0.766851111114119,0.513944960855087,0.849787703141656,-0.256169000440414,0.0527601196197033,0.202941532693382,0.207781173138001,0.28882113777445,0.437639356813822,0.300702332074279,0.289826201432612,-0.0989347953453347,-0.0105039826458148,-0.224152006742767,0.246680773264909,-0.0695724544052085,0.276891478097261,-0.00304197828132256,-0.112759904048945,0.214976013471222,0.0425329481798024,0.42897144359237,0.277581535709679,-0.0243197071284904,-0.025358193521542,0.277584846074249,-0.185908489062413,-0.035008192858301,-0.0308836131330087,-0.0163448159915627,-0.11595097275907
TCGA.CC.5258.01A.01R.A131.07,0.681695818719799,0.58855485789803,0.633788510140428,-0.226077519138082,0.0149244058355311,0.0855653982730969,0.216555652065004,0.230027445162471,0.402319331869681,0.30619938669502,0.337379704163206,-0.0998709189155248,0.00847099684771153,-0.318605846552785,0.222954103089185,-0.0662491779496083,0.2621662147268,0.000581688087990163,-0.0983022213196472,0.128402870122991,0.277278807868321,0.453985402554917,0.337528267886284,-0.02073694870226,-0.135417224893297,0.351873394916504,0.0493690551716624,0.139902647921583,-0.0373348229393082,-0.0149823526246928,-0.0701829399272981
TCGA.BC.A69I.01A.11R.A311.07,0.805157402070904,0.772696788585056,0.495733754359581,-0.305590023238578,-0.129549298624663,0.148838266747833,0.194573593334722,0.233423365891829,0.4179287953445,0.297154705460642,0.337739971511526,-0.161629038265525,0.0907976905680464,0.0197956366823173,0.240724294410784,-0.0179685374571198,0.250235600264708,-0.0158165650217496,-0.158913221023965,0.147975672223335,0.0934520709426925,0.422220610322649,0.326887206032073,0.0148679263583267,-0.301237278905235,0.268611194416282,0.0138325379593216,0.125584457434374,0.0385740103862821,0.0263280260450768,-0.0770306710349772
TCGA.DD.AADM.01A.11R.A41C.07,0.878904062688715,0.749856094845345,0.824273023042721,-0.219669631575665,-0.0183334243784064,0.170909603185936,0.24461309320973,0.263813932178639,0.406201941727151,0.277922518200681,0.300405013092783,-0.0700856450432878,0.0458296765415791,-0.252356354688412,0.228568788975572,-0.0177025268045764,0.243743232482789,0.027464408178781,-0.108402042947728,0.164796238128669,0.0980578087027682,0.445671234334733,0.34179499782015,0.0402205970882639,-0.0949492622262447,0.315299434232356,-0.0596135744876571,-0.00773932778956857,-0.0295876378329079,0.0775786255824613,-0.134853634550502
TCGA.DD.AACF.01A.11R.A41C.07,0.743824727695797,0.636909964527227,0.86334462225567,-0.296773443713914,0.0084990574051918,0.12966730059957,0.292869273912588,0.230678132849117,0.455574391450433,0.273916071079913,0.332433723666469,-0.0863916422532264,0.0401638050681489,-0.26937805487959,0.234568531820439,0.077642779973295,0.224593252301731,0.0579184525786531,-0.0893730135163395,0.155843784079411,0.0699598888342037,0.443890705098708,0.341732180644291,0.05642961097702,-0.169807770739844,0.326577737047898,0.0998765793504652,-0.0278772782554904,0.0180564492470749,0.0789777895004015,-0.10460558682516
TCGA.EP.A2KC.01A.11R.A213.07,0.691952517675274,0.756477056274868,0.523743048766675,-0.280374932940537,-0.0909875230765259,0.120858983887537,0.226457434936331,0.231959345903582,0.398061522070721,0.272688558931486,0.312278989243253,-0.149551708579889,0.0430320445471034,-0.234195445273979,0.259496293792441,-0.0290819104400823,0.259431224106924,-0.01340198750628,-0.201971620035541,0.0163678035741316,0.212369312811108,0.4199130301749,0.322332163576489,0.0323086329162068,-0.251708486065789,0.344620965934734,-0.0813993671324901,0.0468346587072516,0.0102840052771029,0.0132369429109863,-0.058114894275439
TCGA.CC.5259.01A.31R.A213.07,0.689760174269341,0.680941088383162,0.781363888676491,-0.317003157419383,-0.0203378806098727,0.237769593990828,0.222197685336931,0.299269173763134,0.374850351981403,0.289629554174928,0.304527719172762,-0.163487470188224,-0.00130342869456478,-0.355471920021191,0.214771662651757,-0.0649996797204551,0.217442256026182,0.0472567210328693,-0.075977651504187,0.199710470135084,0.00196034635431171,0.51081396948088,0.290180046849903,0.0241279241838222,-0.0333720663400695,0.389346231207172,-0.175951578866337,0.0267846338511452,-0.00402103290048718,0.0333528528903013,-0.0466189491314374
TCGA.DD.AACB.01A.11R.A41C.07,0.695079538889804,0.560944760618793,0.345008892582331,-0.14707915309138,0.0836889055856728,0.345930544996042,0.148845201467991,0.297079338734263,0.306732378820077,0.302223465949238,0.354973861560015,-0.100772254243976,0.189941032221034,-0.297782027055812,0.261131765512093,0.0588279718918162,0.25233959305974,0.019527881169598,-0.0737802185231887,0.231910189421394,0.113221583958043,0.461912306996353,0.308478294483023,0.0408096922299608,-0.341405872184022,0.311885998157036,0.0897679428627322,0.123841555740143,0.0312091891677293,-0.0922407258111217,-0.0697169594472266
TCGA.BC.A217.01A.11R.A155.07,0.716813550968281,0.518675308001675,0.471990223532632,-0.290373910455715,-0.00534271388764351,0.209184796950459,0.236921214429389,0.288799931380872,0.346332871330844,0.280548399275186,0.373809680617042,-0.123247520408212,0.0800901308982101,-0.292126654333694,0.196580991587112,0.0531415082030266,0.245378608934048,0.0708453524432042,-0.13116799579572,0.141433209275136,-0.0267663266195594,0.43917890761131,0.345189740462351,0.0960355440389208,-0.113814005229326,0.323323182319356,-0.00357597327512717,-0.0384785021954734,0.00910828649687199,-0.0511908025035205,-0.0272569704594111
TCGA.G3.AAV0.01A.11R.A37K.07,0.838607610802547,0.775938849267403,0.43678173638023,-0.2185849124397,-0.0639202738800071,0.159019573965635,0.171209314353418,0.245375071167154,0.328299198478467,0.305700883840259,0.278549762455869,-0.12618060751568,0.00340407332128441,-0.292689023344505,0.163037553939055,-0.0269497490412561,0.223847706442731,-0.0367122712367588,-0.112503630655543,0.0369014650312328,-0.0628766928192893,0.434488813736216,0.300664915193644,-0.0568941271106203,-0.126002438091314,0.319522169323665,-0.053437171356627,-0.0417081750553745,0.0221689360677231,0.0586638185140973,-0.0879487432385876
TCGA.BC.A10Z.01A.11R.A131.07,0.774247171575277,0.974725190626392,0.596896102726279,-0.263981048082468,-0.188011787002846,0.0680968124932353,0.176822106543332,0.247766109488491,0.32137702924444,0.188133590115929,0.33044646137389,-0.166997429636699,-0.19132808172572,-0.283974863768773,0.215695839581272,-0.0679669645892627,0.237902352283328,-0.0271144348697837,-0.208943755761476,-0.0246825890787511,0.128934412536509,0.454637871691454,0.328877047613063,-0.0410662067833481,-0.0461266099693121,0.283050972665295,-0.0878141534874803,-0.0538053251980901,-0.0673755541311351,0.0712410172613752,-0.128729857817759
TCGA.DD.A73C.01A.12R.A33J.07,0.716262844658404,0.836992452783453,0.377812736345092,-0.294810696982114,-0.170739457501304,0.148766347718346,0.105934593091298,0.139989399839893,0.414518027476379,0.292994093991518,0.321748804201192,-0.101676197608501,0.0815525404816853,-0.312034210984161,0.173059679531338,0.0158492721628588,0.231578806540007,-0.0110778530058715,-0.154223050282436,-0.0223001300613292,0.049319042797441,0.42502313134667,0.330621755465072,0.000357498102838451,-0.0801046809703598,0.353735142835537,0.0822464057082216,0.0251952490162636,0.0341219892604551,-0.0116533619793839,-0.0548426540443428
TCGA.ZS.A9CF.01A.11R.A38B.07,0.783071627412375,0.805545520789563,0.695517138993232,-0.329102574122737,0.0178009284555289,0.0659308644652949,0.170783590865641,0.262403987664534,0.402344356847808,0.313488329405558,0.316352133181843,-0.128238894111256,0.09243677934217,-0.157382419153431,0.210275674947134,-0.00676868781215058,0.17367989528529,-0.0201547902152732,-0.131243860661656,0.086678087688495,0.0762104650231662,0.406902146922334,0.392530355624924,0.0417022065797481,-0.0805770752672768,0.302329919329018,-0.0642371658776382,0.0399787538565195,-0.0271894201022998,0.0503251895649885,-0.103137243222721
TCGA.G3.A7M5.01A.11R.A33R.07,0.9361970963011,0.822258305664844,0.675817940450873,-0.329664249172796,-0.142804120239554,0.198547300822858,0.0855372137572368,0.213072202458888,0.396564479914312,0.237760140424038,0.297215500894524,-0.0829147452854722,0.00573446056941527,-0.194392053259661,0.179046448025589,-0.0256327688387281,0.204243638402166,0.0535548614852883,-0.1443303293898,0.128814653835915,0.119797424267262,0.399358304857509,0.310743404521478,-0.0555759447404582,-0.0682775860466508,0.262351064695592,-0.0825385041781666,0.00651126004688397,0.00564953563259515,0.0533928225300087,-0.176999071806908
TCGA.ZS.A9CE.01A.11R.A37K.07,0.774963935340694,0.804920495155105,0.69877174679059,-0.290385942049113,-0.169614937109497,0.0167935305153795,0.0539697178875108,0.19124013219539,0.345743344902633,0.239328757488325,0.282696468160442,-0.0397046646751635,-0.0450556365291432,-0.315545222354066,0.174657120822318,-0.0931783826063877,0.251674895046619,-0.000502639826752577,-0.187223503351662,0.108601083583062,0.02759719923499,0.433348770730273,0.295738827849625,-0.104637223606548,-0.219291595291403,0.283452318539306,-0.0571085234411171,-0.0418798299186359,0.0152618770430141,0.0338503761127132,-0.0758766445146616
TCGA.ES.A2HT.01A.12R.A180.07,0.920842000186964,0.715277851207333,0.794458450440879,-0.22262883432574,-0.0725130623322957,0.181880160069998,0.235820369167424,0.249775397492829,0.469894688879523,0.343450659069741,0.349462661268217,-0.169898452365069,0.10399786236879,-0.214213713176584,0.220821719074694,0.0301053007794936,0.254265907450255,0.0410795363508555,-0.10466291540946,0.249400940394071,-0.0953525228777159,0.456550712906919,0.335955245461699,-0.0250303698039972,0.0233730687727737,0.352563595211315,0.0613446410969738,0.0389940752241824,0.0294587956842471,0.0899968279310928,-0.198989274463961
TCGA.DD.AAVQ.01A.11R.A41C.07,0.594967152380187,0.543959700476286,0.434391192631169,0.0781808966812809,0.279987007704635,0.40817402664579,0.303467516781916,0.242732992787156,0.327150284839478,0.415655848079462,0.35784740265863,-0.0455431059489311,0.208114963017908,-0.312237826009214,0.296294315058219,0.212172748335126,0.196515699849837,0.0943594041573334,0.0648543065841089,0.335720047489703,0.0418101286487423,0.512771716589705,0.339810102519152,0.0804710917884891,-0.188303497080809,0.305629635360907,0.0736733814581187,0.107156288753578,0.078194345826552,0.00657672801387853,-0.0291515415248649
TCGA.DD.AACU.01A.11R.A41C.07,0.714260647322065,0.797413641820829,0.496940102812947,-0.259524237813837,-0.0424236582297343,0.124021074484502,0.187685257029271,0.192153958268963,0.43346823062407,0.294673858328492,0.319432175143051,-0.192386190170535,0.00865254330493862,-0.221152705407832,0.186408523402557,0.00323815157420145,0.250474071627866,-0.0176701126578211,-0.121608319186127,0.0580592960954258,0.0910048000396319,0.538781122158834,0.370280441449501,-0.022016018458443,-0.132926860035016,0.346739708749891,-0.0476589366283653,0.0393506757844933,0.00174453447636308,0.0941765874561896,-0.168781864549896
TCGA.DD.AADR.01A.11R.A41C.07,0.864978642392403,0.689007923569508,0.972068652430875,-0.333096707812045,-0.0200338488657518,0.21741816402031,0.225380287410081,0.258734429951792,0.37636441812185,0.336801094771615,0.295803516179069,-0.0696433871345596,0.0343506339837534,-0.242165966883343,0.237112789410204,-0.0744385948583659,0.263668948236313,0.0562599815575187,-0.115829429409969,0.03502085515864,0.128147759906162,0.44866569178986,0.314965029293531,0.0753466052714643,-0.208215793369844,0.251030958369549,-0.0407945160436571,-0.0351267533018361,0.0181010316414944,0.13547133814838,-0.0533385180167803
TCGA.DD.AACS.01A.11R.A41C.07,0.704671634222089,0.742042826251169,0.644613195172298,-0.3325116296349,-0.0578676660731302,0.0620881326346383,0.175940652917152,0.284552873323852,0.390578792330407,0.269391957590534,0.320883766918081,-0.134162484333342,-0.0635565086886788,-0.375394307950395,0.166528441154,-0.102790076018472,0.26688551772397,-0.0237039587899532,-0.16012627583025,0.0661492630978695,-0.0232155595540654,0.422737190881252,0.364653139740651,0.0179268723553764,-0.155090631320995,0.219193276902195,-0.102822867228299,0.00450139336447065,-0.0105683097230003,0.0419388367138919,-0.148578480440745
TCGA.ED.A8O6.01A.11R.A36F.07,0.637895284806543,0.639704271770102,0.439255794308311,-0.335039167360165,-0.0287118405645255,0.0860086881510764,0.207121010652453,0.211795979969936,0.373921618464433,0.32778353746314,0.312406765108506,-0.134387952190681,-0.0585899207587805,-0.357196323007053,0.211505504579184,-0.0940481608264374,0.252533207287838,-0.0457451564907032,-0.151019143923032,0.10495484849884,0.217010594124655,0.466629935324779,0.302823257137397,0.050674035912856,-0.220159011025117,0.253235501211099,-0.163638494454963,0.0786915108415345,-0.0435086519296825,-0.0100355952631589,-0.118586540468034
TCGA.EP.A12J.01A.11R.A131.07,0.725731400292225,0.797591267875563,0.421379532596069,-0.279476710493513,-0.131821634796016,0.0515569124104432,0.135965907348446,0.250906683582432,0.351970640133777,0.294180419630562,0.318978286921106,-0.162047542999432,0.0449512654854733,-0.223984217892683,0.216036694609049,-0.00648876363772569,0.248750729226948,-0.164747337432791,-0.231963767357506,-0.0347036969754434,0.117183437225687,0.405550129513451,0.333256089112893,-0.0775832273360336,-0.280553412367874,0.24539680127839,-0.094666602075039,0.0840999866286759,-0.0367098198191062,0.0755607088697691,-0.0411899154799956
TCGA.DD.AAVS.01A.11R.A41C.07,0.720346839800876,0.628947593643215,0.47502899990611,-0.260623088526041,0.0462863276494255,0.127093767614574,0.178546622458196,0.173299852648719,0.336418932588769,0.355917107666984,0.331343011996468,-0.185115455474958,-0.0141754361501656,-0.363528260550948,0.232657214612734,-0.061973739032532,0.236123944432185,-0.00805061472467059,-0.151153629108398,0.0494886472528897,0.0979292116025645,0.505065671546933,0.346380155349082,0.0795789240883923,-0.197850071690243,0.307743928818958,-0.200903770840668,0.027428164350376,-0.0507020773192555,0.0628331354445724,-0.120241852580996
TCGA.ED.A7PY.01A.11R.A33R.07,0.712036693166758,0.637975840847416,0.429310469193079,-0.268160460876225,-0.0395779211127481,0.121877594290474,0.182759122361264,0.156371199451775,0.326908220528936,0.268642259668029,0.307784986112295,-0.211902364392606,0.00110222002463698,-0.281829623953691,0.18918754090467,-0.0288461019848329,0.236604028160602,-0.00366992844011074,-0.219057753867006,-0.0236105311487071,0.0787547535650515,0.406518525096475,0.268966569372786,-0.0826680354530427,-0.16068462950506,0.289260131297402,-0.245226783575357,0.0120012877722186,-0.0325276549878503,-0.00515600966769788,-0.089006323252323
TCGA.DD.AADP.01A.11R.A39D.07,0.775605564512346,0.687606963408926,0.600564559141876,-0.253301433980315,-0.0569167536218202,0.114395137721355,0.235588396524878,0.217097929031839,0.401743419808442,0.325234025933938,0.328907122677116,-0.19212578095505,-0.00397087320661839,-0.287078965110016,0.194083299923758,0.00732859087516193,0.278600457441997,0.0264608587486961,-0.114002136405427,0.123456665111833,0.116440760779714,0.418380889614844,0.366270744181036,0.0422761178872765,-0.133553570117916,0.334974621756038,-0.150344920008169,0.00281861265089041,0.00259521965536839,0.0326167781923626,-0.0966234912861331
TCGA.4R.AA8I.01A.11R.A38B.07,0.847062781029893,0.649874308041216,0.455504093092786,-0.292122422220746,-0.0420875420695434,0.0733900297144483,0.191298617521672,0.260902201172222,0.351945698643363,0.294546645154603,0.313899956742165,-0.16138924100942,0.0717940853767889,-0.190019256983268,0.256100735944488,0.017358371085902,0.296448999972246,0.0191427144858869,-0.119788235185817,0.117837318230101,0.0534856599500156,0.414803478707398,0.363812859618997,0.00904448807931336,-0.0965143068505449,0.287991304653037,-0.0938109798590284,0.022089639238628,0.00664364190686134,0.0657432886643349,-0.0622755703946457
TCGA.G3.AAV6.01A.21R.A37K.07,0.581037003680164,0.464175047281445,0.65367257954159,-0.305036552107261,0.048783917270957,0.11166007712752,0.0669081665232412,0.23441021059819,0.321367536461939,0.324641212327457,0.327595945228504,-0.060511302354456,-0.1223066309743,-0.20442952549801,0.245205658195523,-0.220776785608727,0.177063214503293,-0.158379629601316,-0.181464457517615,0.0351281284002513,0.149216262798419,0.50231864128972,0.218711398499751,-0.00156617340161957,-0.219932361789157,0.264905961185069,-0.210443454908217,0.026636919841081,-0.0398105568194814,-0.0348750109724703,-0.00567848107909961
TCGA.DD.A4NS.01A.11R.A311.07,0.663096296125437,0.683750479556944,0.159284524618933,-0.220779217268171,0.0525834234372409,0.212027308215658,0.245832678402723,0.197629443946391,0.395067806005492,0.388104499952699,0.342835638808285,-0.167210216616698,0.162423170336091,-0.0185935126358952,0.241757043590994,0.105551875274082,0.319026033534109,0.0619621944416865,-0.0518237349946199,0.28850383447819,0.115267166190052,0.425364126054131,0.431269828069908,0.126653297776438,-0.177400317666744,0.347601588205648,0.200003225868707,0.154299033694201,0.0808059901454632,0.0207066304991458,0.00457558326586543
TCGA.DD.A73A.01A.12R.A32O.07,0.848574463853788,0.782448376404332,0.958134968415607,-0.337652516551412,-0.0410703817590166,0.183030433393797,0.290567543817062,0.190014745076307,0.414620103345822,0.335254158341351,0.300833564371144,-0.137005487126935,0.0600738969788386,-0.105795166027278,0.162607635390204,0.0332152758348573,0.249947143807844,-0.00392103250842903,-0.114508666898104,0.164147865712322,0.0662765848088981,0.426627478750343,0.290542236579333,0.0162360121453359,-0.0633475361931118,0.351021010128543,-0.0805598761885565,-0.0100443068014255,0.0152465228775016,0.0621385859846761,-0.127529006708386
TCGA.DD.AAEA.01A.11R.A41C.07,0.79237771776439,0.726259946437768,0.641002762410308,-0.237129540083371,0.0909984470699456,0.231073597849026,0.212810916058309,0.231547331896121,0.410086301171763,0.278261480567574,0.317601939070118,-0.0353296154617615,0.0269229588743505,-0.178589858146576,0.297765609313948,0.062044604515348,0.243902825113998,0.0274580897598236,-0.0980588319293445,0.040373100179586,0.0391765631325282,0.462319499256171,0.312982122169123,-0.00150387719417324,-0.209032714973923,0.268515547243166,-0.200239925504261,-0.0133940288756631,0.0321928411706841,0.0589587827096706,-0.135847682107904
TCGA.2Y.A9H6.01A.11R.A39D.07,0.764469384772112,0.688918573572763,0.500650050679021,-0.210731987658848,-0.0671773625039844,0.179965449934678,0.252918340317619,0.239774706803294,0.472771474583639,0.371591983632873,0.335376827976604,-0.130413713981096,0.0946661118904505,-0.188650873558801,0.192966647988675,0.10244876622879,0.253849190780147,0.131284229920404,-0.0932786517024467,0.232300189631471,0.0584249504363458,0.484465269017547,0.33366310346297,0.0647102534968715,-0.112648783012534,0.278405447346556,0.070082228503202,0.0636737908709617,0.0254563891756818,0.00428017110392916,-0.152668098457283
TCGA.DD.AAVY.01A.11R.A41C.07,0.841645756479937,0.774628709911114,0.457855514216562,-0.296976663371573,-0.24509602451496,0.0655353777693004,0.173427843326387,0.178083996540637,0.419398542378234,0.237101815196753,0.334597795284571,-0.148122219374959,-0.0279894307487597,-0.230682568152738,0.184771877949486,-0.0571425929523956,0.249186507875659,-0.160435226074355,-0.249265586909755,-0.0304853445308321,0.124477185196316,0.392307240233373,0.316293760726499,-0.00594922247355722,-0.291953598708828,0.2241603582941,-0.139637452532533,0.00301026378433683,-0.012798699993535,-0.0311009613192191,-0.081479870774748
TCGA.DD.A4NQ.01A.21R.A28V.07,0.720446698357619,0.707704386829703,0.800253179183688,-0.328182051124029,0.0684180880327198,0.0906505744052718,0.343725993072921,0.345311056649144,0.429394132814981,0.3568010406444,0.303787774749274,0.0184608381980535,0.0066268086176462,-0.291944756614277,0.212787270512523,-0.0648513284573516,0.324880450356506,0.0150961131126186,-0.0994793790213709,0.199335397172558,0.0901558696595902,0.462149897114717,0.283866699630641,0.0663203207591643,-0.225156218779898,0.334116189739688,0.0374199289107991,0.0551662566681964,0.0226801924064158,0.0994221289601342,0.00975303366523828
TCGA.DD.AACZ.01A.11R.A41C.07,0.616256284874444,0.556621728511203,0.742930141985611,-0.251879223623234,0.162563598563128,0.29833780023354,0.319717542477632,0.247050352737382,0.342568025137907,0.444945763480881,0.41687301901248,-0.0130049878342168,0.0806677072054161,-0.163822773719263,0.255956577918243,0.19711590526394,0.360375434966349,0.196389391195777,0.151393793943737,0.371832319891873,0.17478069478235,0.444689326352095,0.296469961337643,0.105767757607903,-0.170449995666933,0.364023062619223,0.287652065165512,0.214389236811795,0.0277420354986157,0.015067022130054,-0.202869796576068
TCGA.DD.AAE4.01A.11R.A41C.07,0.942512197153536,0.677335310092742,0.841036073550001,-0.160843683098155,0.12819384997827,0.350415459666646,0.232288931192557,0.246521618530092,0.435996495899972,0.353479153872421,0.332565117293419,-0.0062711917233704,0.153723829727364,-0.14786093314676,0.299631786487207,0.158509477557524,0.273264052431065,0.116327312208986,0.0312765807964497,0.31973564657335,0.0933414835053536,0.471279710893747,0.352959233025487,0.0499150665281388,-0.071336417013131,0.333855528171637,0.189501252330009,0.0881118202762213,0.0815127440191025,0.00158433241809841,-0.0728981254685374
TCGA.5R.AA1D.01A.11R.A38B.07,0.791724321808497,0.532639883166997,0.594194642654157,-0.208880906955949,-0.0423453924045928,0.194284234316923,0.242105296900567,0.254881593069169,0.399320429716536,0.393872598950156,0.361448681887416,0.000630480191871376,0.155531091748207,-0.253417981550282,0.209645946812779,0.0242610822565346,0.230358623355702,0.0587459132081867,-0.0555095809183563,0.246897559809935,0.0552038195311529,0.441291413447395,0.346096574979989,0.171422632024981,0.00854038312202808,0.357543848289273,0.196250565227539,0.136547675056168,0.0882363106608083,0.0182996521402076,-0.0586814299166637
TCGA.G3.AAUZ.01A.11R.A38B.07,0.905584398072996,0.723364465030915,1,-0.2172173836455,0.0246638581828624,0.216985879783419,0.205434739956607,0.240720533430695,0.405011301237208,0.308646865495877,0.315342746409411,0.00840855568506358,0.140871500231268,-0.102493615639417,0.253481871234872,0.0592266844440737,0.242859476851101,0.119499742036824,-0.0190860427011016,0.216207424036994,0.231262099994906,0.431531057253046,0.322106111102878,0.0421538899556493,-0.0763477422569314,0.303274011315037,0.145530278397684,0.050903862307412,0.0276578224596914,0.0541918773950598,-0.0675946682713026
TCGA.2Y.A9GV.01A.11R.A38B.07,0.722068163050372,0.844340111603601,0.459914125210741,-0.310527086187631,-0.0533121983886444,0.115569080057834,0.340881120586785,0.212617477362162,0.412560434932286,0.278925619177762,0.401972940427882,-0.144750893729502,0.110244477923339,-0.169172235626708,0.260652320726034,0.0616282900630802,0.28501168181911,0.0974136972172937,-0.0845177869517655,0.211605384048925,0.07026790964943,0.412363740972563,0.374349430268017,0.0298800521718153,-0.01921522811545,0.368232530841471,0.164485591658914,0.0684798402374766,0.0730271101348447,0.058002239433888,-0.0488777738452269
TCGA.DD.A4NL.01A.11R.A28V.07,0.8340502703743,0.881731006027199,0.47973068615912,-0.257144442140362,-0.0577851345147957,0.0810578158802011,0.300410698368806,0.223104973260758,0.446815385255025,0.315642165196839,0.33921281792978,-0.162689476373856,0.0717000134820901,-0.116259107489931,0.207519616017652,-0.058477634418043,0.312513399907553,0.0202873980783904,-0.150067639691591,0.114091775618383,0.190097778379768,0.412033215310235,0.365766118990935,0.00324520550199457,0.0592311807828106,0.315475824854174,-0.108465054117853,0.0693356177477833,0.0398088931850498,0.0523407267077365,0.0415279197437229
TCGA.FV.A2QR.01A.11R.A213.07,0.616132365663538,0.76233459066471,0.542107301248141,-0.277902732869223,-0.0714584918684007,0.0336071103446865,0.246461954462303,0.202348886810829,0.473029783435942,0.313499882425911,0.352454583472628,-0.0271414163220471,0.0609851083255316,-0.313576208043484,0.201101339998505,-0.0659645514533745,0.247801968839867,-0.0384632455681607,-0.127309866754088,0.0363483250069906,-0.0434131909768725,0.466158649225848,0.385601227427066,0.0708743463975457,-0.10921744436391,0.330179235481585,-0.0744426195344858,0.0596895929158183,0.0347796477851587,0.0537241365242731,-0.050323865788963
TCGA.DD.AADY.01A.11R.A41C.07,0.615390832985161,0.655611761556392,0.474353874098993,-0.288466768484459,-0.181177254622647,0.0855142238949392,0.233416464060389,0.206422956749331,0.450262141453507,0.31412337237577,0.30504081054177,-0.177947564929518,-0.0649723080125806,-0.278058971419783,0.188218836685786,-0.0831074811811474,0.227520009458626,-0.0699199781336876,-0.232884799717815,-0.0790126547381661,-0.0113483743319032,0.499402976636991,0.374268094482729,-0.0633526242001577,-0.0527686759121112,0.291396210626455,-0.17394270183168,0.000397468638248277,-0.0284540462893344,0.0883653648708807,-0.0431155901255965
TCGA.BW.A5NO.01A.11R.A27V.07,0.758501188903582,0.760228398727655,0.568725863325087,-0.28877304150854,-0.0706610776553176,0.163959588967852,0.157787408244061,0.250784276012769,0.368021026169105,0.269010828892486,0.420953401039195,-0.165032743472735,-0.0298369762004151,-0.369278775931583,0.231343304388952,0.0297860322374773,0.259065920781265,0.0407431356124063,-0.0740968466236581,0.242481844599513,0.0646354387096656,0.436799391330492,0.36103424568176,0.00183313650483816,-0.10142856412699,0.309416183923462,0.0802926465696172,0.0492043883317456,0.00827326309983235,0.0651025414844707,-0.0953128278190852
TCGA.2Y.A9H8.01A.11R.A39D.07,0.746306194993154,0.646495648942291,0.410321697357645,-0.276462343598652,0.0060664899534891,0.166986297376968,0.144033327579878,0.106400125747342,0.346891897308385,0.310264803446282,0.318851963804941,-0.0693469567951671,-0.0284678904085961,-0.453931216048828,0.202716750237881,0.0929992136753038,0.243887112379875,0.016638901987637,-0.15104438776043,0.272946987347364,0.0982181628709843,0.50050942806706,0.325575806135678,-0.0424601682613403,-0.207583842526174,0.256262237212341,-0.105701464960189,0.0252859609202458,-0.0341810128230835,0.0220846499834,-0.107427693759436
TCGA.BC.A10X.01A.11R.A131.07,0.807887342046729,0.818873668796689,0.384770991520338,-0.267284971925839,0.0302662443408728,0.129028191928498,0.132662881386614,0.236300373497314,0.416655651431236,0.343722848035471,0.35516907559909,-0.152082262604439,0.084391905147889,-0.0772722703588562,0.220152496057126,0.124735024943054,0.303113663198307,0.118943131019955,-0.0485302981301181,0.243768580960104,0.144289968707641,0.440262948748815,0.378665623175246,0.07616110867598,-0.0117040954716881,0.289826588710414,0.24391127334394,0.105515796877728,0.064609330786337,0.0379365978328008,0.0308706984217273
TCGA.DD.A3A2.01A.11R.A213.07,0.821474862206095,0.885991512340631,0.643612887325075,-0.294482681893868,-0.163662732363561,0.118416871401001,0.10364078090277,0.164828004949154,0.373087018086395,0.221474525274234,0.302164288102367,-0.179543671951324,0.00794753953691531,-0.263416215022356,0.181812958297939,-0.068229344926545,0.292621316215802,-0.0611609622012093,-0.187126746472002,0.0213573535434339,0.0650656879093304,0.44883120944547,0.307745876362198,-0.0590518169463746,-0.106012352113968,0.287011657521481,0.108118829108921,0.00390002562783236,0.0385379107144742,-0.00353985247859762,-0.0745830635422642
TCGA.CC.A5UD.01A.11R.A28V.07,0.447696494844203,0.504855479370106,0.696553351759892,-0.330670583637485,-0.00827124955298797,0.165519592161033,0.196727351388126,0.200511074845187,0.379476286495753,0.335861348557129,0.27985698925348,-0.108734869781763,-0.0109752854941258,-0.308085663561971,0.215520120146682,-0.0912297102722979,0.220329677822637,-0.165021714480868,-0.0889466952180067,-0.0877096283524722,-0.0266114269995764,0.488112115165575,0.246010303297416,0.0727163058166083,-0.248317225781389,0.389871200912426,-0.060865928885665,0.122993351119614,-0.0397189987048233,0.0106569682154943,-0.0632407933012589
TCGA.DD.A3A6.11A.11R.A22L.07,0.880059900915835,0.713420688584977,0.635599775091172,-0.24616423117441,-0.253470961276063,0.103867051139083,0.171930622418581,0.223471265449485,0.308780983676977,0.220956359248497,0.274710831629464,-0.193747397291992,-0.0352436595688088,-0.0735946251790908,0.171041887852585,-0.0552802783411787,0.287442420259829,0.00756472000857729,-0.167598131470417,-0.0656064490959891,0.0602609041599737,0.402942209088202,0.298179649496409,-0.0566534145268305,-0.159070077138012,0.237243555905124,-0.263739369532239,-0.0053705924383461,-0.0449611607170157,0.120947914830561,-0.0198358488387656
TCGA.BC.A10R.11A.11R.A131.07,0.830105926099947,0.926846973116654,0.681348979023401,-0.274105868338292,0.0171403418693682,0.0849914808158267,0.261685114049822,0.200056784797736,0.390633901663483,0.32862099201501,0.363473154166266,-0.140370122340968,0.138789609287927,-0.0725481544607776,0.222396245620125,0.126479778688978,0.344490008265106,0.181084693478572,0.0115617921329486,0.293359072144366,0.157422468445262,0.464322054091263,0.336518473825534,0.046648486405613,0.10515369231877,0.304590516999958,0.279542915263436,0.181926810274394,0.0605445881756732,0.19637423237406,0.00548487407346319
TCGA.FV.A23B.11A.11R.A16W.07,0.846665886255327,0.85419333524191,0.486566914730437,-0.221563678887506,0.113478520768402,0.283872101191691,0.246504637735227,0.226171503529867,0.323119940837104,0.310642349138085,0.331771149818034,-0.11927007565367,0.198821790619437,0.0465428992569801,0.240312319991319,0.236666253711484,0.304197886330919,0.133617151997933,0.0261087714554488,0.330553095823788,0.230714976506926,0.456178037191515,0.407976449427642,0.0721116824411661,-0.0411908279659193,0.343118810910785,0.316131846218013,0.137884966507998,0.134051250427124,0.0713853691593852,-0.0254413825958119
TCGA.BC.A10U.11A.11R.A131.07,0.883964747114365,0.837857210333235,0.563005651102583,-0.298513092698946,-0.0218367993193275,0.0583202868844925,0.244969307856109,0.190450316665725,0.440863033220548,0.345596229437716,0.319513438777804,-0.153356760738877,0.0575075147104991,0.0872144511920204,0.191165061419559,-0.00620975282530818,0.324998703026767,0.0717127587789037,-0.00147933773657411,0.236200844563432,0.146292210128832,0.466944567062867,0.325950565031334,0.102520825452545,0.0867647825512291,0.300871360489259,0.195898012510594,0.0528540997057267,0.0633658113117359,0.180932313912044,0.00971988028691592
TCGA.DD.A114.11A.12R.A131.07,0.804210188834097,0.833863369326409,0.671259202568211,-0.236303988455074,0.109953385662183,0.324758572571237,0.251196283646216,0.241576840116244,0.332817165499042,0.325938230015491,0.364786812099128,-0.146610248399523,0.186282634615298,0.00276799339533271,0.235430204498911,0.278237651162933,0.293189709098142,0.175751262162317,-0.0678492114411967,0.351502701872866,0.159385645268881,0.461131055767877,0.38539856720461,0.0442587530614534,0.0185664075975615,0.331592107275669,0.342213653495223,0.104785218421551,0.0928130582126246,0.0813137771336,0.0604268114699311
TCGA.FV.A3I0.11A.11R.A22L.07,0.902327807315236,0.91374554212989,0.6449461440832,-0.249551481896241,-0.126656850075368,0.0529035391884617,0.169810518590454,0.204794796759805,0.40269952047259,0.287189207173626,0.318990631396546,-0.1642016678767,0.045022881934961,-0.0140629807589993,0.177506477055601,0.036363045429757,0.318329491779751,0.0526556279986558,-0.0560739201537317,0.190345511302741,0.167484100983998,0.452609377662249,0.303513975738018,0.0143261454522138,0.0709126190961052,0.291405131500635,0.153187683301957,0.0485963002513476,0.0445928236453882,0.159918014800358,0.0259125148238324
TCGA.FV.A3I1.11A.11R.A22L.07,0.834269505639529,0.922039335407287,0.371217307198024,-0.231301398198194,-0.13188118019219,0.116917003218523,0.228067432820815,0.200191304283963,0.3219172882604,0.272919507821196,0.335085385885419,-0.118842780197129,-0.000508691868147343,-0.140877216812623,0.200523339513668,0.0932300285954645,0.280604861235174,0.134762135175703,-0.046161226770313,0.173725821843625,0.145593814655936,0.436613815963897,0.370181310799186,0.00459833153859866,-0.030106966743869,0.288225279329198,0.24804166166507,0.134762900504784,0.0305797563690953,0.040352527090534,-0.0175735291336952
TCGA.DD.A11C.11A.11R.A131.07,0.82848517896874,0.968024675317655,0.503218060710216,-0.276075724561934,-0.0814519391150511,0.139316313092786,0.239015630350358,0.208980497216459,0.373194722985436,0.252620957111725,0.361859457277901,-0.14395221656572,0.021672694560067,-0.12598195760029,0.209800547575507,0.112232904874283,0.252493519405622,0.0795293938536479,-0.111030149844003,0.205358555183717,0.196081818659963,0.460253002775281,0.339075850549527,-0.0106815294059639,0.0688077260478239,0.311906737676888,0.214952435451981,0.098308771668156,0.0362078277934485,0.0526480062748825,-0.0252522709115238
TCGA.DD.A11D.11A.12R.A131.07,0.858691236271903,0.87591014602989,0.531559103207615,-0.241392645032384,0.128707676091049,0.186407219534143,0.261544070185927,0.229008319699338,0.371971549143823,0.339309989133779,0.356954887571347,-0.112469987258819,0.149790604547963,0.068369846243536,0.207242450315445,0.251867443232705,0.316582966369881,0.136410813214493,-0.020388304011017,0.378844340394785,0.200213634484226,0.451327014211482,0.386784619064266,0.0517216894140698,0.0719871542886949,0.276919105365649,0.309840405827147,0.151300973087267,0.118752919839828,0.0468646185112297,0.0123663813696806
TCGA.BD.A2L6.11A.21R.A213.07,0.806260441555158,0.710184944678494,0.507581316624042,-0.0906807057584411,0.255935711919806,0.465127497721398,0.375981195742644,0.267425054690695,0.382089578777459,0.402721863469425,0.376288284106083,-0.0336382209134201,0.323290716673262,0.103565341261816,0.293330767575039,0.290965628086043,0.344775842440196,0.255529422078308,0.140649806329744,0.503165581700315,0.135206336617355,0.489805951232005,0.407354755572477,0.133744067752001,-0.0123407537233069,0.365209923833434,0.405734451255541,0.218989102215334,0.174327036590681,0.0714271185761169,0.05142267386672
TCGA.BC.A110.11A.11R.A131.07,0.842199620998878,0.883514829289811,0.598576081428989,-0.273813360072581,0.0205841084168755,0.0818938930134348,0.208048389941141,0.192150527500109,0.418100545979964,0.302022946030603,0.33019778986174,-0.124533089492865,0.114997325142244,-0.0185680880797056,0.183778460046892,0.0650702286669656,0.32229489099412,0.136372466963978,-0.0497453961086755,0.276433987527886,0.102174894319488,0.476743039182821,0.307306116544415,0.0676476152292614,0.0713479843751807,0.324000769018221,0.219526685801092,0.0927519778831707,0.0684804250134062,0.183979785397336,-0.0147170960132341
TCGA.DD.A1EC.11A.11R.A131.07,0.750537405230433,0.848835828488274,0.405774622343376,-0.225747901844237,-0.0870498908836031,0.0826106413709134,0.290988876062161,0.19310868592528,0.3619188997188,0.298085195048153,0.39324643353929,-0.128476504737914,0.177283632242774,-0.0767409752053306,0.196734550694089,0.157813808238685,0.278207677080447,0.115588572153437,-0.0874340172826182,0.171918674388862,0.249929880813695,0.436354612968211,0.386708342031662,0.0126156226060689,0.0111553250281763,0.318515728496062,0.252520174140814,0.137924772277148,0.0454456063011739,0.0621356066105935,0.017999242037187
TCGA.DD.A1EB.11A.11R.A131.07,0.839326395804943,0.927626300395204,0.615262487830105,-0.293808325464029,-0.0533838656670221,0.141709160634492,0.215885116343354,0.197485624723312,0.37034875491315,0.277411806064888,0.356417819552854,-0.113643814616196,0.0697782838674198,-0.0794612759008708,0.206334168251284,0.10445973997205,0.288752381527604,0.104159320323556,-0.0698673159293537,0.268471308645204,0.263773240733575,0.445434021651929,0.332452553241801,0.0245970514788465,-0.0446245934870689,0.274625936089746,0.200968265356751,0.0882927256971959,0.00321556321156847,0.0704658240800164,-0.0395008544192833
TCGA.DD.A39X.11A.11R.A213.07,0.905866952295082,0.873238153235537,0.660282888111691,-0.278661485214771,-0.0910179257636044,0.138340624078092,0.194833983509234,0.249567860372634,0.369199798199302,0.289112945566827,0.35162302988957,-0.140951792814933,0.0751355514542608,-0.126872422749281,0.220709909174787,0.115915822439621,0.266902632882782,0.127311061613801,-0.10311445742596,0.156449939160464,0.233469633857758,0.452518266872909,0.341604200369944,-0.000683425310223756,-0.0917231469560124,0.29125334139595,0.168754176771756,0.0310082863669633,0.0228627324321925,0.0602575874004624,-0.000581441789888315
TCGA.DD.A11B.11A.11R.A131.07,0.880368022995186,0.86904911678006,0.553057016705097,-0.255115270216668,-0.0741908040939741,0.0870867939679191,0.216494871765036,0.225653059073324,0.37893916513387,0.287610787339494,0.311019042601526,-0.135972103976414,0.0707830775217823,0.0339363257238617,0.192870334398533,0.0545736600093508,0.296293699632739,0.0359229909931472,-0.0107787744545686,0.114219827757645,0.199361814721149,0.442761101867568,0.324377647022749,0.0266839001407946,-0.0247109534805386,0.320313970698002,0.0699635670047233,0.050068064322451,0.0411823956929385,0.0742255195871825,-0.0270550117422349
TCGA.DD.A1EL.11A.11R.A155.07,0.937191712134164,0.847100964085163,0.679803496741375,-0.270170376741716,-0.0523380631117201,0.113627051108306,0.214649453473173,0.225446361097171,0.324597418399363,0.291662593219584,0.333027031050105,-0.132903334133445,0.0852146968168437,-0.0867648852582084,0.211920240924545,0.127436569071339,0.305894606973005,0.0734647316436563,-0.0407581840537223,0.179152685885118,0.242310780588605,0.443392926700017,0.375359068809205,0.021601547407927,-0.0146340039148694,0.324309120857548,0.243466980734498,0.0760354368491436,0.0595406352554221,0.0756822420048633,-0.0176855074399683
TCGA.BC.A10Q.11A.11R.A131.07,0.883782551689946,0.942497968509909,0.591202908534313,-0.273321984816096,-0.0863025234883009,0.0621085777048651,0.192973738747045,0.229176471244277,0.415913488761293,0.286608675671214,0.304261061251162,-0.196015219152933,0.00341234219234999,-0.0792573384299446,0.2130007897941,-0.0685932005101429,0.294797259988147,0.106012347054296,-0.0965436418313216,0.185529547783706,0.0923420910561289,0.421412580186554,0.339201648846353,-0.0409205942406506,0.0620756135633006,0.297041744577585,0.111100250042202,0.0165101446807796,0.0394974740938507,0.056945374955028,0.0225216345296391
TCGA.FV.A3R2.11A.11R.A22L.07,0.934625552691027,0.798028666456934,0.519760162700015,-0.267055970981242,0.0307239166192683,0.204123445045466,0.248928970236279,0.253179725683763,0.392939798195474,0.293376558740353,0.346567017245701,-0.0973093796432882,0.12481762295216,-0.0153936136463713,0.209491438128453,0.210847696400549,0.329817979436081,0.141241333019898,-0.00112717495596895,0.297353956870878,0.103329062114369,0.472819551204095,0.3902098301818,0.0811884064057031,0.00729778370348463,0.307826840710891,0.254435587453283,0.136395026726411,0.0783685960212017,0.0354457638847771,-0.0461457993588991
TCGA.DD.A118.11A.11R.A131.07,0.92601721008422,0.921919670033419,0.576427851514575,-0.294179053486143,-0.115708176927139,0.0934349571844939,0.230932877698023,0.209190531223801,0.386630195517604,0.270433011685872,0.359148775402681,-0.116933000505482,0.0481810529237334,-0.103413297470711,0.235524379305203,0.0996885754084707,0.319692201523375,0.159732553123828,-0.0984459665903925,0.258735083674576,0.165380070259531,0.451998784455883,0.340957828615681,0.0108716500815831,0.0215645456569412,0.295999112117687,0.213618315520226,0.143308563469769,0.0263420302772768,0.0906563254545453,-0.0188709902722017
TCGA.DD.A116.11A.12R.A26B.07,1,0.843611489189534,0.755818798426071,-0.251289015458763,-0.0541587472793684,0.193077099176174,0.202621143791024,0.251379027627755,0.395001963014104,0.291664888473258,0.342615551498332,-0.132189084847253,0.109210443059593,-0.167604478504836,0.209254340724457,0.0696692664907117,0.293856039447781,0.115142509301453,-0.0733276108902205,0.266991325130248,0.254647370782149,0.460379207041849,0.370688273532383,0.0310648602046661,0.0203774906960456,0.285044662652557,0.194493506646336,0.0327671966449108,0.00315986410623432,0.102563238111274,-0.0418355189742409
TCGA.EP.A26S.11A.12R.A16W.07,0.978214228061308,0.898347146669308,0.736001979572171,-0.222671876819858,0.0150517415829943,0.176588191889958,0.227351014241923,0.22341777657896,0.40331657088076,0.290508217494992,0.334409010855238,-0.14601037147974,0.0906487829406867,-0.0282337916822837,0.231502801508554,0.152682982710163,0.307242620119242,0.107836509971777,0.0826518430283732,0.282722550015799,0.174944465429154,0.463249099187893,0.352273876285992,0.0480450112139786,0.136601776280178,0.285893627342817,0.268891728939544,0.11073476621781,0.0386018521936604,0.105618177241521,-0.0134868726634197
TCGA.DD.A3A5.11A.11R.A22L.07,0.907937217855088,0.909774032200968,0.669575771872943,-0.280887735515491,-0.197764382597336,0.079916255424512,0.184525702435807,0.212474167666516,0.376213158856981,0.235946645001156,0.319014346501272,-0.149924175161992,0.00114606462380295,0.00573557989950686,0.15673853947003,0.0141950874498636,0.273090046063814,0.0459493054611038,-0.140559303329171,0.11014746430541,0.197670049887536,0.433109601551676,0.315015290350809,-0.0365342682495948,-0.037148184965341,0.251247329200713,-0.0204711773943249,0.00624740336398806,0.0326535464747517,0.12891793877942,0.0373393127472152
TCGA.BD.A3EP.11A.12R.A22L.07,0.833811892442416,0.926662308873964,0.4101871497744,-0.237156120681219,0.0222338931123933,0.15563653636068,0.268867028116001,0.220126513875536,0.382314290206073,0.339138146165742,0.350601411518022,-0.170620715445088,0.115096897430501,0.00177240442145688,0.198036391946802,0.0833786635461181,0.356525533556957,0.0912089213621596,-0.00226363066215294,0.269116170221981,0.19124698914468,0.443741716487964,0.355567402392773,0.0724596394881285,0.0216081252226149,0.309367438952095,0.251165846237885,0.138745660936766,0.0959302602982412,0.119150906551851,-0.0179990437969397
TCGA.EP.A3RK.11A.11R.A22L.07,0.900746951939956,0.936879820721494,0.626767668858392,-0.294475784195906,-0.103190564476804,0.130330578473121,0.127859249952711,0.196065887997068,0.373275716144887,0.269238583422862,0.322199014536149,-0.133356641415454,0.0219618583932788,-0.0700430105968001,0.214541626958285,0.0273720512484634,0.277340362298802,0.0737488574789148,-0.053641102135641,0.148573422804699,0.186075542656882,0.462111786769751,0.351306919623832,-0.00552561384098674,0.0299081652419464,0.259452335562366,0.169670396412304,0.110112831095859,0.0250329912356454,0.105239771284252,0.0204646925868649
TCGA.DD.A39Z.11A.21R.A213.07,0.892733734566413,0.862921525930269,0.673854433410966,-0.225513900674892,-0.198554881615874,0.108551837950685,0.190363153830667,0.195178249413144,0.393320491789319,0.254545499461228,0.316232410639204,-0.141124728477369,0.0476326771488786,-0.131793951920888,0.181401091324652,-0.0234613428258066,0.26076314352856,0.0253325863580017,-0.116685902442681,0.112110726165846,0.120534507068593,0.466407122066253,0.3567451619651,-0.0460391299590073,-0.0654024073895844,0.31784846749375,-0.0021636374762062,0.0230308847583032,0.00109227272977882,0.0663301712309351,-0.0174132415030478
TCGA.G3.A3CH.11A.11R.A22L.07,0.877911147695442,0.86373610861197,0.676689632035801,-0.236576217182848,-0.0151664533637281,0.269404765171448,0.247911894761197,0.23184134598334,0.376180299675875,0.333731257454253,0.333695455166335,-0.137918806386639,0.13550830690304,-0.119837022783477,0.233606053255846,0.088422191886928,0.295856330439922,0.132247756746499,-0.0416432391468272,0.278718787472504,0.0799216225636567,0.447936583383825,0.362562978557228,0.0557757111712184,-0.0892307232302176,0.307241270037666,0.234907603905362,0.166517095396787,0.0400779751327402,0.0616657193006321,-0.0746802430502349
TCGA.DD.A1EI.11A.11R.A131.07,0.925429750591282,0.913648899418302,0.614598510002396,-0.255514760027986,-0.0956868169706357,0.108528786287676,0.190005743476689,0.226077572734834,0.324812019713642,0.299818714573076,0.344351291455827,-0.132222130128614,0.055022561331369,-0.00168855345985911,0.22076043693263,0.0954494336353914,0.29409639094205,0.0669350834057296,-0.0462736150079742,0.142615564727258,0.220735917011373,0.446327646307436,0.360255904220828,-0.0112422579167069,-0.0312934636869013,0.274095939997071,0.211580381158584,0.0524156815520189,0.0436306909659528,0.0451550954007579,-0.00304446712166741
TCGA.DD.A11A.11A.11R.A131.07,0.792754322167977,0.811082291448739,0.555657647642777,-0.244095833529455,0.0797098708614852,0.155785117256338,0.301281789914676,0.197534866553846,0.392772309579816,0.354008055421919,0.383037041185268,-0.10868393422426,0.168984748802687,0.00996137860720982,0.196840007543143,0.16441914036664,0.335283917719244,0.202007413117419,-5.76439579230578e-05,0.294372561667615,0.19803152129087,0.486417273192131,0.352093152658554,0.0852286798340337,0.112100254109597,0.33241247116555,0.261833957148313,0.135363087889027,0.0531589887559073,0.119861738592846,0.0512529512366792
TCGA.BC.A10Y.11A.11R.A131.07,0.855539185107744,0.831522093736379,0.449616575101034,-0.222730474323199,-0.0583904790664966,0.130583786859248,0.27311109280551,0.236143022537389,0.368245038378502,0.304225380414985,0.364218139189877,-0.126946986003813,0.0945143371646552,0.0625444776650151,0.226601972084532,0.150681766559576,0.301123191916016,0.145199209372869,-0.00469835266648348,0.288873621850007,0.257324250431006,0.471382210972792,0.360784361148206,0.0692643546738575,0.0465941968194262,0.268081437949759,0.243573601282204,0.098013834766076,0.0600109380288418,0.123416428389983,-0.01058628476445
TCGA.DD.A1EG.11A.11R.A213.07,0.906983792204368,0.85128726618364,0.684828962744608,-0.251654703788137,0.0486356482359948,0.154883145331299,0.242336367925314,0.231784916270329,0.413640608428965,0.360172358565187,0.325613206304232,-0.119958967499063,0.112597266255696,0.0206073192625524,0.20560869843765,0.12275634620838,0.352924665147986,0.165004279414055,-0.0375836361299264,0.313137808670167,0.12824270140233,0.447247975309396,0.359946835016061,0.114635206308099,0.0415260895684688,0.311598494004304,0.306034756352645,0.141605641908272,0.0889377094796952,0.10395134425451,-0.0338334228004467
TCGA.DD.A1EE.11A.11R.A131.07,0.832098599484801,0.833534621260839,0.491504699553343,-0.208399664543439,-0.0629416062920481,0.157948246296275,0.246718248495596,0.193606975050974,0.325272567283116,0.331791954071677,0.373959962578696,-0.110512856356726,0.156066819495114,-0.182791393172131,0.197065719019124,0.198671350166408,0.301681094915788,0.149597660975041,-0.0364401578339501,0.278060717401761,0.225948893492376,0.451981904296389,0.387514697780699,0.073409502574995,0.0188889170733765,0.33075281128961,0.270431941300887,0.0722132092796225,0.0624286215884803,0.0928100140740972,0.0186609778876199
TCGA.DD.A119.11A.11R.A131.07,0.81059884395964,0.91653950643722,0.572628694383907,-0.258030162031736,-0.00367915569172995,0.0692717985574603,0.238519511717884,0.240588108888032,0.371835223385998,0.333634293194917,0.390390067141919,-0.137621115035948,0.0815824490218862,0.0201469439866436,0.225312517120837,0.142809501646041,0.314175917951123,0.181679767951475,-0.059565237652635,0.238123478257441,0.231724151024346,0.446872557460338,0.385546641606792,0.0699209202220698,0.0618564397064488,0.289536456556508,0.312499905881847,0.133063826297796,0.0512956186221464,0.0569629102829292,0.0344057835338003
TCGA.DD.A3A8.11A.11R.A22L.07,0.902044785729614,0.856345190645317,0.695891374300076,-0.280714945910506,-0.129625472870703,0.171615747066881,0.166283040929134,0.248963666082831,0.323519007975327,0.279035331790907,0.320349185080803,-0.15901714964668,0.061647263096825,-0.107157179674245,0.207191260247568,0.0725266197154589,0.318504112392478,0.103889932170786,-0.131233163562939,0.225173172134249,0.0711403225381735,0.452106787783908,0.308625967709206,0.022603876004121,-0.125884485255161,0.234364503283922,0.1614834938069,0.0496139537646035,0.0435889650387085,0.0335803966249287,0.00407241040381993
TCGA.DD.A3A1.11A.11R.A213.07,0.924217185184051,0.822423450695383,0.682317088432333,-0.201613251699965,0.0532263272150121,0.257660535948724,0.286780766516947,0.273405800624717,0.402229950762801,0.318652722608183,0.353263475565722,-0.0811949401290702,0.205111164264228,0.0584865685181151,0.265961319348241,0.157498941720459,0.339322606672781,0.180454341901397,0.00556956740348353,0.389806207665975,0.190639883823737,0.452416536084244,0.383955670346789,0.109823490027372,0.0644127100582763,0.304127960788268,0.245622954456336,0.0658708763784021,0.0812569431077019,0.0673200166426157,-0.0398833902882476
TCGA.BC.A10T.11A.11R.A131.07,0.861123918915935,0.847928548476258,0.442710114996106,-0.285185227569715,-0.0277475071640508,0.109452332312298,0.233329442990421,0.221776474657292,0.380129245648645,0.323206484870007,0.332418876766868,-0.166381393428489,0.0373516987288052,-0.0390615979984949,0.197213099803739,0.029588235648724,0.321283441803391,0.112849193923728,-0.0641814622767926,0.249052066308449,0.120176865160125,0.472550497728936,0.363711432537129,0.100463928114881,0.0786150126203203,0.295660817600298,0.266291741213843,0.110813642141909,0.0576224016875767,0.10532325888377,-0.00245353532811251
TCGA.DD.A3A4.11A.11R.A22L.07,0.844028338657974,0.761396085397112,0.60132039453336,-0.229411559744613,-0.103083343909982,0.198757322015241,0.184286898134982,0.234855515641663,0.39784326589923,0.305819188566498,0.344804656721697,-0.0866082696822646,0.161370451841853,-0.208758068346422,0.209132007180576,0.136592611234599,0.286721187875004,0.176469351441712,-0.0623449452359638,0.262829220350042,0.143441934307925,0.45647846500595,0.353386127650358,0.0857267310376362,-0.00194975677474842,0.272646953707601,0.292987184500232,0.111409623156181,0.0558643966329201,0.0441228705998123,-0.00519634452442852
TCGA.DD.A1EH.11A.11R.A131.07,0.939755866264529,0.876861406481215,0.683609155768592,-0.250290069153811,-0.01796035574022,0.1837162041339,0.197178374040591,0.236563359307896,0.375842261819596,0.276235728139542,0.344142871332043,-0.131105312717433,0.11398860588041,-0.0291724821499077,0.219896524089211,0.0462574232875811,0.2972929318462,0.0688988319471925,-0.0985145414082665,0.185504087717151,0.156367049056581,0.453592936583438,0.365583977266995,0.021541650174234,-0.00718118260341564,0.278815447641074,0.22947756026874,0.0866281115388861,0.0123705393599109,0.0680380646673295,-0.00684692045238533
TCGA.FV.A2QR.11A.11R.A213.07,0.781032990173505,0.752671021968161,0.442789871958858,-0.229417728152344,0.192986674643615,0.283434993735659,0.357181352397086,0.224819079044427,0.412832042555635,0.419307311065007,0.340477472128872,-0.100578940984884,0.183818263548301,0.146728077103491,0.272292332896913,0.236187662882991,0.368216732510278,0.141196706448685,0.0594286937095603,0.339963927143344,0.132539756079306,0.477037240121054,0.422915262751616,0.160993531736923,0.00302287407729171,0.350618497923415,0.268136504405297,0.130722579262175,0.115617631521928,0.0201685078729323,0.0266422494619587
TCGA.DD.A39V.11A.11R.A213.07,0.902607281943955,0.868848981410086,0.676435488720496,-0.255329668871144,-0.0690505709903093,0.156953127595729,0.266505358960977,0.216682194283274,0.38667138737028,0.305683671665642,0.346907949188052,-0.108194285600169,0.0993743889886162,-0.0469195264582885,0.235325229858215,0.0531304527745172,0.289685308117234,0.149698177752755,-0.0741934868982779,0.2304611534452,0.170386695421379,0.451175128558461,0.313347298837648,0.0147463374988216,0.0787975704287274,0.287423244375993,0.181329189823067,0.0875073840176686,0.0583324002132333,0.0662214585996478,-0.00983019120763721
TCGA.BC.A10X.11A.11R.A131.07,0.844625474925409,0.898012929605039,0.581422998674204,-0.26250703973112,-0.0247642795083995,0.120221091153112,0.118499807476521,0.235290715284529,0.407179591990731,0.302112066811768,0.339374841739196,-0.161569527514318,0.0819334071225745,0.0464180599256405,0.190034522742635,0.0895597961130046,0.298996051933015,0.111958085149973,-0.0906785280783581,0.165005638418424,0.184670936180746,0.431596787163615,0.340528358389762,0.0217813443829953,0.0424220384856597,0.305117913235169,0.155408566034171,0.0476019894249454,0.0429719457358929,0.0662612523512971,0.0572047086080947
TCGA.DD.A39W.11A.11R.A213.07,0.913013936431869,0.924931115507544,0.643001621744501,-0.271446414691275,-0.116350792582942,0.109162368651184,0.131617486694149,0.216004735774776,0.351251985944275,0.247801922292993,0.337314580708287,-0.146935894693621,0.114447138149752,0.0215040777103341,0.226030925795104,0.0396261893022212,0.287270234637731,0.123415539606014,-0.115545654941904,0.148235399376978,0.233808355541294,0.452280930012451,0.342335018902801,-0.0298307326159558,-0.141560209937379,0.284009608460465,0.174172344694661,0.0832356006443354,0.0152487358606103,0.126732210361164,-0.0159279055107139
TCGA.DD.A3A3.11A.11R.A22L.07,0.903050752754041,0.76525115344355,0.484007362768106,-0.23564641900582,0.0733387788363192,0.125536110942205,0.283554608949156,0.238783491302252,0.40826338034783,0.337877421627027,0.365942088560702,-0.106399021023793,0.1963904022983,0.0876239869268002,0.191439675691749,0.129941298517167,0.360852970087814,0.22521090494514,0.0696070110947847,0.347191135082972,0.10824289098193,0.444707369540642,0.376866468618157,0.119974082348447,0.0724898946427738,0.287543926162073,0.333041582210958,0.21491123258047,0.103844097411623,0.0479425632160101,-0.00223139246723974
TCGA.BC.A216.11A.11R.A155.07,0.883442957195472,0.857638405675512,0.612822794716498,-0.255006691531505,0.0321995091353933,0.187829140712198,0.231121876157155,0.218530103215061,0.37814745886038,0.324818251454519,0.356035806625791,-0.124029471865495,0.160413986502191,-0.0763437890146614,0.212579910722485,0.0621042773488728,0.287060409920128,0.172212988376185,-0.0768124389878671,0.269699283223414,0.0865462442481821,0.453335581942472,0.381365227951211,0.0551279404640733,0.0958946402979739,0.319546469288341,0.244122125647485,0.122230771767167,0.0550591120261718,0.0482561018832963,0.0233719279433952
TCGA.DD.A1EJ.11A.11R.A155.07,0.841035645147539,0.911162332011809,0.535648630820309,-0.268565405745393,0.0414725549163106,0.14544827695339,0.263508172452309,0.209354768569579,0.367413567395608,0.292984698566516,0.345827715718658,-0.158129153169367,0.0599951575427561,-0.045907559631001,0.224790712535898,0.0676735635554805,0.294945376401786,0.132202759905677,0.0595645865090225,0.250065452687163,0.161847189595486,0.444022159711028,0.376946229012471,0.0331548434176282,0.0701448293613356,0.252237650465016,0.234530152758903,0.131179221667694,0.0456263310602469,0.0483016907145718,-0.00630925867998038
TCGA.BC.A10Z.11A.11R.A131.07,0.811192046506319,0.800820606997052,0.552485615196675,-0.290818114959081,0.0793683458157605,0.065968840581115,0.240548531534744,0.227449649071433,0.396404316363024,0.319017422607622,0.310580907576707,-0.146980490633615,0.0590637912248747,0.0523556391607793,0.179964274626211,0.0161610394928109,0.38343292253001,0.074272645150417,0.0259986546071855,0.203269364298873,0.0451536345356965,0.444276868611503,0.349130660036596,0.0860200340625836,0.110102052295757,0.283406610851326,0.168060743399448,0.0802180015126825,0.0866633635670052,0.0407717884478342,-0.0629180687078974
TCGA.ES.A2HT.11A.11R.A180.07,0.808863611243304,0.738917039737828,0.765136270577564,-0.246494202893762,0.083852217410892,0.237884146788119,0.307381217133498,0.249357153853442,0.394589080848511,0.311958278188652,0.342496135286742,-0.136376666837858,0.104858310162971,-0.0975663987871899,0.200934921968338,0.242743272667549,0.286326961046869,0.0967916941883226,-0.0999424818697658,0.279354679691293,0.0577837578315028,0.459449710578147,0.377749775885837,0.0301738721208706,-0.0245027960671392,0.330838605778139,0.173878401729725,0.0771912040568466,0.0810814052521327,0.0715254022773099,-0.0126883137861965
TCGA.EP.A12J.11A.11R.A131.07,0.900450332409954,0.866829143746346,0.638962960568412,-0.25447215536236,-0.0605315631519148,0.145933915291543,0.177826684908592,0.213434100034512,0.328744484664146,0.333002340545699,0.329766335493195,-0.104826704147701,0.0778567558633312,-0.136505816378203,0.197938841513051,0.106681084318852,0.255167870084504,0.0780884071840199,-0.0767088617418297,0.236989367361312,0.0542658934778715,0.461086819545885,0.41450443131093,0.0201377914430988,-0.0293159272468701,0.256356527943373,0.279373061381454,0.0414673567896019,0.0559459935902967,0.0919897918212652,-0.0114555566367759
TCGA.DD.A113.11A.12R.A131.07,0.821550420217588,1,0.543854076010492,-0.267912991193323,-0.0705287567367092,0.0359663180563365,0.249499914688351,0.221700799171713,0.426597322665304,0.30280484262102,0.333229881073254,-0.209385488004633,-0.0354500941611924,-0.0520316930516963,0.20737303987029,0.00827184794348087,0.322064433208283,0.0810554123675072,-0.128403169207259,0.164135384197649,0.16449608552038,0.441349052439527,0.349708040640616,0.0410428587277759,0.0175814953060863,0.29922238430415,0.106848528709165,0.0400260761677979,0.0293158567944891,0.112223020986633,-0.00422196414143817
TCGA.DD.A3A2.11A.11R.A213.07,0.918304366466309,0.857030647439334,0.542579340665358,-0.278955300645263,-0.0736070820452186,0.165454198843235,0.15222654675434,0.233860550921755,0.386390121937496,0.27920932964187,0.339828209330345,-0.152175045766532,0.00955520890043405,0.00913495666581765,0.209173244065896,0.0370218927872106,0.278530767347182,0.141317372443321,-0.00352693267716068,0.133884601002638,0.201407266792773,0.454169374852883,0.381556246494048,0.0139206984761312,-0.0590745912270224,0.307694420349657,0.216097086136957,0.136025906310836,0.0231738203719167,0.103805026954721,0.0211662309870516
TCGA.BC.A10W.11A.11R.A131.07,0.903996200645398,0.887458357861283,0.619131729235638,-0.262046184933269,0.103270640615452,0.163648964962236,0.233614849137124,0.20190528564456,0.396262649171264,0.344729955902807,0.339447926990789,-0.115537496996825,0.156409277660249,0.0554269225111815,0.218695200196849,0.100100059300872,0.359235021904455,0.11727038572846,-0.096307112889024,0.297085441829977,0.139676165145245,0.445013646273062,0.3361981041352,0.0861446093730422,0.0732131535004212,0.314062270608986,0.187120118736018,0.0773096308073653,0.074347882755482,0.150050683428963,0.00407326819290083
