Malignant cells	Immune cells	Stromal cells
A1BG	0.98766	0.29998	0.14958
A1BG-AS1	0.00151	0.00431	0.01318
A1CF	1.02046	0.18036	0.09643
A2M	1.1304	0.6779	0.07468
A2M-AS1	0.01183	0.0534	0.07407
A2ML1	0.03597	0.03431	0.04323
AAAS	0.108	0.04527	0.04534
AACS	0.02791	0.01067	0.0062
AACSP1	0.00698	0.00639	0
AADAC	0.33243	0.0367	0.01021
AADAT	0.0269	0.00528	0.02472
PRXL2C	0.02232	0.01895	0.02675
AAGAB	0.10265	0.09405	0.19957
AAK1	0.48331	0.66745	0.7909
AAMDC	0.21417	0.06012	0.09546
AAMP	0.21023	0.13977	0.12691
AAR2	0.14995	0.08123	0.08811
AARD	0.49097	0.43882	0.25338
AARS	0.45149	0.236	0.1858
AARS2	0.28028	0.25283	0.19611
AASDH	0.05988	0.0503	0.10653
AASDHPPT	0.17929	0.09457	0.06769
AASS	0.45562	0.06653	0.0168
AATK	0.00328	0.00436	0
ABAT	0.273	0.07088	0.01334
ABCA1	0.25536	0.2942	0.00302
ABCA10	0.04799	0.00634	0.00038
ABCA11P	0.00747	0.00541	0.00136
ABCA13	0.00813	0.00241	0.00216
ABCA17P	0.00318	0.00093	0
ABCA2	0.01538	0.00616	0.00161
ABCA3	0.01916	0.01448	0.00467
ABCA4	0.00349	0.00029	0
ABCA5	0.34956	0.11767	0.03915
ABCA6	0.16519	0.03966	0.00773
ABCA7	0.07756	0.17061	0.07691
ABCA8	0.04775	0.0203	0.01097
ABCA9	0.07274	0.02941	0.00691
ABCB1	0.21002	0.11117	0.11544
ABCB10	0.08454	0.03455	0.04404
ABCB11	0.18783	0.03396	0.01583
ABCB4	0.42312	0.16294	0.13387
ABCB5	0.05757	0.04772	0.02241
ABCB6	0.30119	0.07296	0.05193
ABCB7	0.09673	0.08873	0.12827
ABCB8	0.01983	0.01138	0.00158
ABCB9	0.01063	0.01402	0
ABCC1	0.02239	0.08903	0.13119
ABCC10	0.04095	0.01892	0.05028
ABCC11	0.00338	0.00038	0
ABCC13	0.02663	0.02119	0.01957
ABCC2	0.7906	0.20628	0.05365
ABCC3	0.36889	0.08969	0.01676
ABCC4	0.09554	0.07298	0.01483
ABCC5	0.11972	0.20086	0.12939
ABCC6	0.30892	0.04227	0
ABCC6P1	0.14029	0.01368	0.00181
ABCC6P2	0.01897	0.00107	0
ABCC8	0.0026	0.00051	0
ABCC9	0.2889	0.17885	0.1901
ABCD1	0.03344	0.02571	0.00395
ABCD2	0.00242	0.05278	0.02328
ABCD3	0.40652	0.11117	0.07078
ABCD4	0.05088	0.03322	0.01982
ABCE1	0.15382	0.12392	0.27463
ABCF1	0.90738	0.70821	1.19491
ABCF2	0.15723	0.14626	0.19359
ABCF3	0.0892	0.07692	0.05709
ABCG1	0.03828	0.05833	0.04848
ABCG2	0.08272	0.01406	0.01864
ABCG5	0.36949	0.04035	0.00175
ABCG8	0.19635	0.03474	0.00042
ABHD1	0.01887	0.00302	0
ABHD10	0.13941	0.08304	0.26354
ABHD11	0.17203	0.17598	0.11338
ABHD12	0.251	0.20877	0.13474
ABHD12B	0.00024	0.00019	0.00098
ABHD13	0.05406	0.04772	0.02858
ABHD14A	0.06647	0.10618	0.27379
ABHD14B	0.20093	0.1483	0.30087
ABHD15	0.20237	0.18955	0.16379
ABHD16A	0.10291	0.07303	0.04812
ABHD17A	0.07262	0.11112	0.14461
ABHD17B	0.03719	0.05946	0.03619
ABHD17C	0.05833	0.01592	0.00914
ABHD2	0.58569	0.28381	0.36077
ABHD3	0.05523	0.03893	0.07408
ABHD4	0.05692	0.03295	0.02503
ABHD5	0.09546	0.09673	0.14797
ABHD6	0.0964	0.03347	0.01253
ABHD8	0.02442	0.00852	0.00861
ABI1	0.19992	0.22535	0.22907
ABI2	0.3755	0.3348	0.29751
ABI3	0.01889	0.16674	0.48234
ABL1	0.06826	0.05057	0.04443
ABL2	1.2791	1.32834	1.01618
ABLIM1	0.24994	0.15532	0.28188
ABLIM2	0.02521	0.00234	0.00239
ABLIM3	0.09018	0.037	0.0136
ABR	0.00476	0.08892	0.21299
ABRACL	0.0288	0.12134	0.27852
ABT1	0.066	0.03835	0.09126
ABTB1	0.07483	0.10002	0.08719
ABTB2	0.02489	0.00645	0
ACAA1	0.7005	0.25182	0.17136
ACAA2	0.52927	0.24021	0.52442
ACACB	0.30173	0.07323	0.03351
ACAD10	0.15854	0.05921	0.0447
ACAD8	0.0651	0.03011	0.02483
ACAD9	0.1443	0.09188	0.21322
ACADL	0.03629	0.0072	0
ACADM	0.36781	0.20956	0.35826
ACADS	0.13528	0.05545	0.12298
ACADSB	0.75286	0.24706	0.16106
ACADVL	0.63638	0.44785	0.7465
ACAP1	0.02032	0.22117	0.48602
ACAP2	0.3221	0.39068	0.54322
ACAP3	0.0844	0.07229	0.1768
ACAT1	0.53586	0.15254	0.11616
ACAT2	0.29909	0.08773	0.18988
ACBD3	0.35097	0.41997	0.4337
ACBD4	0.0488	0.02147	0.01733
ACBD5	0.27103	0.11801	0.15402
ACBD7	0.10501	0.07594	0.06785
ACCS	0.05957	0.02753	0.04171
ACD	0.07459	0.06148	0.0983
ACE	0.00109	0.01042	0
ACE2	0.00658	0.01174	0
ACER3	1.76287	1.89382	1.45086
ACHE	0.01184	0.00968	0
ACIN1	0.43924	0.65781	0.98257
ACKR2	0.02003	0.01239	0.00191
ACKR3	0.00552	0.00053	0
ACLY	0.17947	0.15837	0.22881
ACMSD	0.03377	0.00613	0.0053
ACO1	0.14105	0.04127	0.0223
ACO2	0.26697	0.2173	0.26198
ACOT11	0.00641	0.00482	0
ACOT12	0.20186	0.03398	0.00411
ACOT13	0.26874	0.10237	0.15003
ACOT2	0.10301	0.02953	0.00203
ACOT4	0.0487	0.01518	0.01829
ACOT7	0.14502	0.06732	0.61673
ACOT8	0.07406	0.03616	0.15427
ACOT9	0.35624	0.37079	0.38404
ACOX1	0.41671	0.17149	0.13661
ACOX2	0.11222	0.02123	0.00098
ACOX3	0.07353	0.04162	0.08484
ACOXL	0.00103	0.02693	0.01289
ACP1	0.22151	0.16466	0.37977
ACP2	0.11508	0.11633	0.07553
ACP5	0.00682	0.04224	0.00504
ACP6	0.06051	0.02868	0.01809
ACPP	0.00358	0.01186	0.0016
ACR	0.00634	0	0
ACRBP	0.00308	0.02229	0.00102
ACSBG1	0.00582	0.00299	0
ACSF2	0.15467	0.05031	0.05166
ACSF3	0.02493	0.03529	0.03074
ACSL1	0.73298	0.20753	0.11496
ACSL3	0.38974	0.13836	0.19538
ACSL4	1.00431	0.36529	0.30176
ACSL5	0.19848	0.12884	0.16376
ACSL6	0.10193	0.06353	0.04512
ACSM1	0.07378	0.01233	0
ACSM2A	0.93153	0.21871	0.06445
ACSM2B	0.90619	0.17646	0.06333
ACSM3	0.01682	0.00956	0.01798
ACSM5	0.43663	0.07738	0.02815
ACSS1	0.05814	0.1614	0.19826
ACSS2	0.27851	0.0702	0.06348
ACSS3	0.15541	0.01922	0.00381
ACTA2	0.01025	0.03625	0.10491
ACTB	1.62391	2.63459	3.82523
ACTG1	1.09744	1.89829	3.26672
ACTG1P4	0.00397	0.0031	0.00437
ACTG2	0.00336	0.01577	0.04803
ACTL6A	0.06723	0.0413	0.16327
ACTL8	0.03198	0.02185	0
ACTN1	0.33129	0.13394	0.07175
ACTN2	0.0181	0.00098	0
ACTN4	0.52524	0.38256	0.60068
ACTR10	0.13075	0.10487	0.14306
ACTR1A	0.20223	0.28666	0.59321
ACTR1B	0.1184	0.09516	0.20371
ACTR2	0.53691	0.96518	1.74204
ACTR3	0.27434	0.65379	1.34539
ACTR3B	0.03074	0.01179	0.01026
ACTR3C	0.05676	0.02154	0.01864
ACTR5	0.02576	0.01705	0.00583
ACTR6	0.1261	0.08871	0.12923
ACTR8	0.05609	0.06066	0.04183
ACTRT3	0.03705	0.00703	0
ACVR1	0.04873	0.01979	0.00452
ACVR1B	0.12424	0.04359	0.00878
ACVR1C	0.0336	0.00302	0.01367
ACVR2A	0.06731	0.02354	0.01752
ACVR2B	0.06399	0.02391	0.01593
ACVR2B-AS1	0.00972	0.0037	0
ACVRL1	0.00479	0.01266	0.00809
ACY3	0.02415	0.00599	0.06349
ACYP1	0.04784	0.02775	0.17716
ACYP2	0.09344	0.0784	0.06955
ADA	0.04953	0.15183	0.41945
ADAD2	0.00214	0.00238	0
ADAL	0.11309	0.06577	0.09573
ADAM10	0.21532	0.2429	0.20187
ADAM11	0.0023	0.00119	0
ADAM12	0.01781	0.01473	0
ADAM15	0.02943	0.01962	0.00188
ADAM17	0.39993	0.38177	0.45574
ADAM19	0.02109	0.0803	0.09978
ADAM1A	0.01114	0.00298	0
ADAM20	0.00542	0.00477	0
ADAM20P1	0.00417	0.00039	0
ADAM22	0.0093	0.00698	0
ADAM23	0.00205	0.00318	0.02018
ADAM28	0.00891	0.21256	0.05476
ADAM33	0.01463	0.02001	0.00718
ADAM8	0.01348	0.06696	0.02236
ADAM9	0.06044	0.09971	0.04078
ADAMDEC1	4e-04	0.01744	0
ADAMTS1	0.00803	0.00043	0
ADAMTS10	0.03671	0.01561	0
ADAMTS13	0.02476	0.00223	0
ADAMTS16	0.01803	0.00042	0
ADAMTS17	0.0242	0.01507	0.01262
ADAMTS18	0.00629	0.00921	0
ADAMTS2	0.01658	0.02794	0.02187
ADAMTS20	0.00417	0.00094	0
ADAMTS3	0.00712	0.00349	0.00057
ADAMTS4	0.01118	0.01449	0.00342
ADAMTS5	0.00772	0.00443	0
ADAMTS6	0.01395	0.01812	0
ADAMTS7	0.00221	0.00281	0.00307
ADAMTS9	0.06134	0.00418	0.00175
ADAMTSL2	0.05732	0.00789	0.01353
ADAMTSL3	0.10547	0.02214	0.00244
ADAMTSL4	0.03715	0.01841	0.01062
ADAMTSL4-AS1	0.00299	0.04491	0.0133
ADAMTSL5	0.01452	0.00113	0.00164
ADAP1	0.00477	0.02396	0.09062
ADAP2	0.07434	0.40575	0.00756
ADAR	0.6988	0.70954	0.92649
ADARB1	0.01904	0.06579	0.09067
ADARB2	0.00257	2e-04	0.00553
ADAT1	0.60502	0.55276	0.49051
ADAT2	0.14809	0.15058	0.25649
ADAT3	0.02301	0.01282	0.05393
ADCK1	0.04736	0.02214	0.03067
ADCK2	0.06256	0.05392	0.01849
ADCK5	0.07743	0.04714	0.0467
ADCY1	0.24054	0.20133	0.1428
ADCY10	0.02039	0.00066	0
ADCY10P1	0.01619	0.00642	0.00048
ADCY2	0.0173	0.05018	0.02139
ADCY3	0.0059	0.04945	0.04499
ADCY5	0.00875	0.00255	0
ADCY6	0.08588	0.01711	0.00113
ADCY7	0.01115	0.09857	0.14897
ADCY9	0.05814	0.01517	0
ADD1	0.37651	0.3084	0.4538
ADD3	0.27118	0.33744	0.52338
ADH1A	0.70098	0.15318	0.11196
ADH1B	1.41703	0.40206	0.19535
ADH1C	0.27279	0.04825	0.06384
ADH4	0.79847	0.13808	0.05097
ADH5	0.37625	0.15304	0.14093
ADH6	0.53984	0.1158	0.02602
ADHFE1	0.13126	0.04177	0.0118
ADI1	1.02229	0.38733	0.35511
ADIPOQ	0.00717	0.00438	0.00243
ADIPOQ-AS1	0.10743	0.09909	0.04136
ADIPOR1	0.23383	0.1903	0.16226
ADIPOR2	0.32044	0.15184	0.2284
ADIRF	0.05311	0.00271	0.00044
ADK	0.21161	0.08641	0.09166
ADM	0.08043	0.06757	0.03803
ADM2	0.36498	0.26275	0.16927
ADM5	0.00368	0.00447	0.00399
ADNP	0.29585	0.21678	0.30563
ADNP2	0.11044	0.06048	0.07574
ADO	0.0332	0.02915	0.0967
ADORA1	0.0057	0	0
ADORA2A-AS1	0.17713	0.03441	0.02021
ADORA2B	0.01201	0.01083	0.00709
TMIGD3	0.00115	0.01759	0.01428
ADPGK	0.05716	0.08746	0.06791
ADPRH	0.01191	0.04853	0.06624
ADPRHL1	0.00906	0.00271	0
ADPRHL2	0.07032	0.09077	0.18319
ADPRM	0.01656	0.02023	0.0289
ADRA1A	0.09833	0.00778	0.00574
ADRA1B	0.00724	0.00692	0.00043
ADRA1D	0.00167	0	0
ADRA2A	0.00323	0.00032	0
ADRA2C	0.00812	0.00323	0
ADRB2	0.02181	0.04625	0.02494
ADRM1	0.10491	0.06831	0.09482
ADSL	0.21175	0.17151	0.54839
ADSS	0.11001	0.14463	0.33891
ADSSL1	0.05654	0.02243	0.01151
AEBP1	0.01134	0.04099	0
AEBP2	0.07107	0.10881	0.20923
AEN	0.03235	0.05077	0.17781
AES	0.29971	0.54355	0.9263
AFAP1	0.03295	0.01728	0.01329
AFAP1-AS1	0.00938	0.00167	3e-04
AFAP1L1	0.28698	0.24534	0.18887
AFAP1L2	0.00379	0.03178	0.03558
AFF1	0.19331	0.24354	0.24145
AFF2	0.01273	0.00328	0.02205
AFF3	0.10677	0.05167	0.07213
AFF4	0.42052	0.42701	0.32154
AFG3L1P	0.07321	0.05264	0.14619
AFG3L2	0.30928	0.13941	0.17903
AFM	0.77949	0.14165	0.04129
AFMID	0.23775	0.0412	0.02136
AFP	0.04992	0.00581	0
AFTPH	0.31223	0.38204	0.53089
AGA	0.06455	0.07854	0.10548
AGAP1	0.12127	0.0558	0.02777
AL136982.1	0.00349	0.00574	0
AGAP2	0.0064	0.06528	0.16742
AGAP3	0.22918	0.12813	0.02876
AGAP4	0.01164	0.00824	0.00043
AGAP5	0.02742	0.02091	0.0013
AGAP6	0.05494	0.04307	0.01133
AGBL2	0.03681	0.00817	0.01772
AGBL3	0.01897	0.00509	0.00978
AGBL4	0.00694	0.00155	0
AGBL5	0.09445	0.03422	0.11583
AGER	0.01345	0.01636	0.04118
AGFG1	0.22923	0.18662	0.29703
AGFG2	0.28653	0.083	0.10073
AGGF1	0.16142	0.19211	0.35986
AGK	0.02399	0.02866	0.0506
AGL	0.29357	0.18173	0.15689
AGMAT	0.7108	0.43091	0.27704
AGMO	0.27069	0.17947	0.09565
AGO1	0.14424	0.12512	0.16222
AGO2	0.0677	0.08825	0.15108
AGO3	0.06799	0.05438	0.13818
AGO4	0.12854	0.10536	0.05616
AGPAT1	0.19753	0.11076	0.17432
AGPAT2	0.14307	0.10413	0.06097
AGPAT3	0.30924	0.22468	0.36279
AGPAT4	0.04983	0.01961	0.00056
AGPAT5	0.07057	0.08554	0.17877
AGPS	0.24998	0.13774	0.21072
AGRN	0.08215	0.03732	0.00056
AGT	2.06203	0.43245	0.06179
AGTPBP1	0.04553	0.11816	0.30156
AGTR1	0.04556	0.00356	0
AGTRAP	0.08879	0.15103	0.18052
AGXT	0.97499	0.29965	0.07741
AGXT2	0.03209	0.00892	0
AHCTF1	0.2333	0.16276	0.25513
AHCTF1P1	0.00907	0.00041	0
AHCY	0.60932	0.20814	0.50326
AHCYL1	0.58738	0.34785	0.40475
AHCYL2	0.0663	0.03839	0.04037
AHDC1	0.04163	0.03057	0.00031
AHI1	0.3746	0.25896	0.57219
AHNAK	1.35972	1.19254	0.88777
AHNAK2	0.03664	0.01635	0
AHR	0.39383	0.27222	0.16223
AHRR	0.00544	0.0033	0
AHSA1	0.15316	0.17345	0.21607
AHSA2P	0.40619	0.17938	0.12891
AHSG	3.30225	1.01419	0.27152
AICDA	0.13184	0.13791	0.20561
AIDA	0.25439	0.22659	0.17228
AIF1	0.05903	0.63751	0.38636
AIFM1	0.23468	0.11232	0.25318
AIFM2	0.13296	0.05155	0.09095
AIFM3	0.02462	0.00432	0
AIG1	0.62603	0.09113	0.05536
CRYBG1	0.11327	0.24534	0.38424
CRYBG2	0.03698	0.00095	0
AIM2	0.00643	0.09217	0.20446
AIMP1	0.24823	0.27728	0.62625
AIMP2	0.13579	0.06212	0.25041
AIP	0.08603	0.16642	0.44625
AIPL1	0.12052	0.13018	0.1535
AIRE	0.02458	0.0254	0.01573
AJAP1	0.00104	0	0
AJUBA	0.14255	0.01401	0.01078
AK1	0.49328	0.42768	0.33064
AK2	0.42794	0.22401	0.58358
AK3	0.67629	0.50906	0.38955
AK4	0.70928	0.17291	0.02369
AK7	0.00432	0	0
AK9	0.0497	0.05512	0.04022
AKAP1	0.31151	0.08701	0.07342
AKAP10	0.07989	0.15071	0.19304
AKAP11	0.18845	0.20887	0.42567
AKAP12	0.06019	0.01769	0.00467
AKAP13	0.421	1.00766	1.15752
AKAP5	0.20487	0.34935	0.39768
AKAP6	0.01757	0.00778	0.00396
AKAP7	0.07571	0.07351	0.04984
AKAP8	0.16234	0.16872	0.39865
AKAP8L	0.13615	0.15395	0.12203
AKAP9	0.92908	1.2271	1.18912
AKIP1	0.09489	0.06401	0.02809
AKIRIN1	0.24209	0.22402	0.24972
AKIRIN2	0.14037	0.14276	0.12918
AKNA	0.04737	0.33072	0.49377
AKR1A1	0.71717	0.51577	0.57652
AKR1B1	0.07092	0.24367	0.42805
AKR1B10	0.77523	0.35287	0.0531
AKR1B15	0.00712	0.00065	0
AKR1C1	1.68647	0.49091	0.10042
AKR1C2	1.62321	0.47878	0.12334
AKR1C3	1.02783	0.18582	0.04954
AKR1C4	0.37301	0.1089	0.00962
AKR1C6P	0.0145	0.00679	0.00244
AKR1D1	0.17845	0.17693	0.07953
AKR1E2	0.00424	0.00037	0
AKR7A2	0.37621	0.19765	0.28625
AKR7A3	0.03962	0.01097	0.02171
AKR7L	0.05221	0.01392	5e-04
AKT1	0.08008	0.06132	0.1072
AKT1S1	0.04459	0.06314	0.00377
AKT2	0.14792	0.08741	0.12236
AKT3	0.01919	0.05442	0.01661
AKTIP	0.0285	0.03663	0.05616
ALAD	0.17737	0.06102	0.05944
ALAS1	0.26344	0.12151	0.13036
ALB	4.82945	2.0783	0.77389
ALCAM	0.64428	0.29086	0.16994
ALDH16A1	0.11362	0.09887	0.20897
ALDH18A1	0.05417	0.04514	0.05255
ALDH1A1	1.48045	0.41428	0.08711
ALDH1A2	0.00394	0.00218	0
ALDH1B1	0.13007	0.07807	0.00776
ALDH1L1	1.14674	0.33608	0.16199
ALDH1L1-AS1	0.00508	0.00074	0
ALDH1L1-AS2	0.00564	0.00054	0
ALDH1L2	0.0071	0.04089	0.0391
ALDH2	0.93152	0.24858	0.13255
ALDH3A1	0.03105	0.01004	0.02757
ALDH3A2	0.91964	0.2738	0.23181
ALDH3B1	0.17098	0.20715	0.11167
ALDH4A1	0.3033	0.0843	0.03415
ALDH5A1	0.46197	0.29246	0.23343
ALDH6A1	0.58364	0.1946	0.045
ALDH7A1	0.57232	0.13004	0.03147
ALDH8A1	0.14817	0.06754	0.05719
ALDH9A1	0.30618	0.17689	0.16508
ALDOA	0.63273	0.82865	1.44295
ALDOB	1.48622	0.3577	0.09533
ALDOC	0.24697	0.08413	0.0749
ALG1	0.33729	0.29182	0.25069
ALG10	0.00745	0.00597	0.01124
ALG10B	0.04739	0.02763	0.0827
ALG11	0.04852	0.05713	0.06352
ALG12	0.07904	0.04963	0.07873
ALG13	0.12808	0.18807	0.27739
ALG14	0.05812	0.03132	0.01511
ALG1L	0.0421	0.00543	0
ALG1L9P	0.08122	0.08966	0.07559
ALG2	0.07381	0.10606	0.05458
ALG3	0.30361	0.17142	0.20781
ALG5	0.13648	0.14872	0.17717
ALG6	0.07484	0.05093	0.01669
ALG8	0.24639	0.11272	0.20607
ALG9	0.10984	0.07962	0.13658
ALKBH1	0.01475	0.00474	0.0098
ALKBH2	0.07342	0.01981	0.02931
ALKBH3	0.05287	0.07817	0.18187
ALKBH4	0.14618	0.10104	0.12993
ALKBH5	0.09499	0.09382	0.1213
ALKBH6	0.03637	0.03411	0.02473
ALKBH7	0.21972	0.25099	0.34325
ALKBH8	0.03038	0.01503	0.05146
ALMS1	0.1381	0.08927	0.17972
ALMS1-IT1	0.0329	0.02846	0.02831
ALOX12P2	0.02118	0.00912	0
ALOX15	0.00071	0.00413	0.00085
ALOX5	0.00217	0.04396	0.03002
ALOX5AP	0.0102	0.30839	0.50757
ALPK1	0.04283	0.07606	0.04718
ALPK2	0.05037	0.01337	0.00086
ALPK3	0.00921	0.00759	0
ALPL	0.01629	0.0043	0
ALPP	0.01944	0.02933	0.00979
ALS2	0.1354	0.04477	0.0434
ALS2CL	0.11322	0.01476	0.00275
C2CD6	0.00258	0.00224	0
ALS2CR12	0.02811	0.01892	0.00202
ALX1	0.01173	0.00032	0
ALYREF	0.05796	0.04948	0.18798
AMACR	0.01189	0.00384	0
AMBP	2.96703	0.8829	0.19408
AMBRA1	0.09625	0.05012	0.07758
AMD1	0.21063	0.32761	0.47559
AMDHD1	0.1135	0.01075	0.00073
AMDHD2	0.05252	0.11916	0.14522
AMER1	0.035	0.01166	0.04017
AMER2	0.00061	0.00518	0.00835
AMER3	0.00435	0.00395	0.00787
AMFR	0.1648	0.08676	0.0776
AMIGO1	0.00536	0	0
AMIGO2	0.0053	0.03576	0.02834
AMIGO3	0.00654	0.0058	0
AMMECR1	0.04712	0.07281	0.0323
AMMECR1L	0.05774	0.06332	0.07861
AMN	0.03393	0.00491	0
AMN1	0.0289	0.01805	0.00937
AMOT	0.01314	0.00444	0.01716
AMOTL1	0.05187	0.01339	0
AMOTL2	0.06854	0.00842	0.00933
AMPD1	0.00021	0.0164	0
AMPD2	0.1328	0.06584	0.11325
AMPD3	0.01631	0.07498	0.05748
AMT	0.1823	0.04068	0.02356
AMY2B	0.04262	0.02258	0.00982
AMZ1	0.02666	0.02649	0.01257
AMZ2	0.12235	0.14788	0.4016
AMZ2P1	0.03005	0.04954	0.039
ANAPC1	0.10219	0.07416	0.19772
ANAPC10	0.02208	0.01969	0.02633
ANAPC11	0.44566	0.34766	1.24128
ANAPC13	0.1256	0.08893	0.14117
ANAPC15	0.08936	0.10038	0.42692
ANAPC16	0.67515	0.8736	1.0349
ANAPC1P1	0.00161	0.00493	0.00903
ANAPC2	0.00222	0.00296	0.00638
ANAPC4	0.12412	0.13717	0.20857
ANAPC5	0.40538	0.3404	0.50296
ANAPC7	0.24329	0.17789	0.31039
ANG	0.31043	0.0515	0.03801
ANGEL1	0.06043	0.03239	0.00244
ANGEL2	0.12202	0.09457	0.25146
ANGPT1	0.02469	0.01315	0.00413
ANGPT2	0.07518	0.08467	0.0418
ANGPT4	0.00324	0.00133	0.00278
ANGPTL1	0.00299	0.00286	0
ANGPTL2	0.01093	0	0
ANGPTL3	0.88844	0.12957	0.07418
ANGPTL4	0.08343	0.02654	0.0019
ANGPTL6	0.00639	0.01104	0.05326
ANK2	0.062	0.01958	0
ANK3	0.05897	0.02685	0.05144
ANKAR	0.03213	0.02968	0.00175
ANKDD1A	0.00319	0.01997	0
ANKEF1	0.02037	0.01436	0.00287
ANKFY1	0.04928	0.0721	0.09893
ANKH	0.40567	0.25932	0.19729
ANKHD1	0.1589	0.12888	0.17766
ANKIB1	0.18896	0.24951	0.20625
ANKK1	0.00998	0.01055	0.0066
ANKLE1	0.08052	0.06712	0.09455
ANKLE2	0.16084	0.15989	0.35184
ANKMY1	0.03186	0.02239	0
ANKMY2	0.07698	0.05113	0.09085
ANKRA2	0.11335	0.10682	0.06106
ANKRD1	0.04253	0.01525	0.00353
ANKRD10	0.15387	0.17889	0.2185
ANKRD11	0.55711	0.77203	0.87796
ANKRD12	1.04216	1.60058	1.36522
ANKRD13A	0.15819	0.21035	0.42438
ANKRD13B	0.00806	0.00654	0.00167
ANKRD13C	0.09249	0.09023	0.10601
ANKRD13D	0.05178	0.10161	0.14657
ANKRD16	0.31536	0.26693	0.19014
ANKRD17	0.3121	0.47902	0.54349
ANKRD18A	0.05118	0.00524	0.00067
ANKRD18B	0.00216	0.00057	0
ANKRD18CP	0.02362	0.00315	0.00319
ANKRD18DP	0.00261	0	0
ANKRD20A11P	0.0023	0.01964	0.01287
ANKRD20A19P	0.00115	0.0014	0.00033
ANKRD20A4	0.00997	0.00531	0.01548
ANKRD20A5P	0.03209	0.06778	0.02758
ANKRD20A8P	0.0328	0.01025	0.02594
ANKRD20A9P	0.03284	0.05016	0.05063
ANKRD22	0.03613	0.07742	0.01374
ANKRD23	0.03581	0.02727	0.00139
ANKRD24	0.01162	0.00912	0.00523
ANKRD26	0.30568	0.17733	0.29952
ANKRD26P1	0.01064	0.00053	0.00056
ANKRD27	0.0719	0.07692	0.01715
ANKRD28	0.11018	0.14709	0.1201
ANKRD29	0.02307	0.00519	0
ANKRD30A	0.02539	0.00184	0.00056
ANKRD30B	0.00067	0.00176	0
ANKRD30BL	0.05539	0.0537	0.03281
ANKRD30BP2	0.10098	0.10059	0.0823
ANKRD31	0.00261	0.00137	0.00093
ANKRD33	0.00568	0.00051	0
ANKRD33B	0.01268	0.00665	0.043
ANKRD34A	0.00196	0.00521	0.01044
ANKRD35	0.03523	0.03216	0.08963
ANKRD36	0.27011	0.34981	0.4465
ANKRD36B	0.23843	0.31972	0.30098
ANKRD36BP1	0.0052	0.00106	0
ANKRD36BP2	0.01715	0.38914	0.0776
ANKRD36C	0.27165	0.58571	0.87407
ANKRD37	0.0251	0.05515	0.04252
ANKRD39	0.07013	0.05527	0.10901
ANKRD40	0.10266	0.07274	0.13869
ANKRD42	0.05098	0.07032	0.02328
ANKRD44	0.05144	0.32506	0.47519
ANKRD44-IT1	0.00581	0.03772	0.03484
ANKRD45	0.10934	0.06747	0.05025
ANKRD46	0.04823	0.0264	0.02095
ANKRD49	0.17669	0.20152	0.15856
ANKRD50	0.07089	0.01787	0.01502
ANKRD52	0.11473	0.0716	0.13268
ANKRD53	0.00226	0.00952	0
ANKRD54	0.06574	0.02965	0.06728
ANKRD6	0.07055	0.01233	0
ANKRD60	0.00364	0.0052	0
ANKRD62	0.10422	0.08996	0.07869
ANKRD62P1-PARP4P3	0.0022	0	0
ANKRD65	0.07858	0.01493	0.01418
ANKRD9	0.03384	0.01553	0.00033
ANKS1A	0.08697	0.08792	0.11034
ANKS1B	0.00912	0.0037	0.04167
ANKS3	0.04184	0.02671	0.09434
ANKS4B	0.04881	0.00997	0.00263
ANKS6	0.03052	0.01874	0.00433
ANKZF1	0.38867	0.21642	0.15946
ANLN	0.03881	0.02107	0.56535
ANO1	0.03564	0.01095	0
ANO10	0.11523	0.05986	0.00892
ANO3	0.00733	0.00054	0
ANO5	0.04151	0.00818	0.00083
ANO6	0.33764	0.16154	0.11374
ANO7	0.02047	0.00365	0.00119
ANO8	0.01483	0.01496	0.01846
ANO9	0.09058	0.11601	0.10176
ANP32A	0.2948	0.31214	0.63512
ANP32AP1	0.001	0.00268	0.00514
ANP32B	0.30611	0.74392	1.68152
ANP32C	0.00015	0.00094	0.00084
ANP32E	0.26869	0.30118	1.41137
ANPEP	0.37203	0.09575	0.04732
ANTXR1	0.0047	0.00383	0
ANTXR2	0.04677	0.06276	0.01859
ANTXRLP1	0.00449	0.01588	0
ANXA1	0.01415	0.3126	0.29317
ANXA10	0.03261	0.01125	0
ANXA11	0.32228	0.33483	0.58272
ANXA13	0.0048	0.00074	0
ANXA2	0.6793	0.44413	0.69352
ANXA2P1	0.00105	2e-04	0.00068
ANXA2P2	0.04634	0.03747	0.01264
ANXA2P3	0.13941	0.10035	0.10025
ANXA2R	0.0219	0.05239	0.07973
ANXA4	0.20726	0.08337	0.0578
ANXA5	0.24177	0.44599	0.84647
ANXA6	0.25723	0.36999	0.73302
ANXA7	0.39047	0.1856	0.32552
ANXA9	0.16016	0.02722	0.00087
AOAH	0.01076	0.26818	0.17604
AOC2	0.00552	0.00209	0.0024
AOC3	0.00537	0.00251	0
AOC4P	0.02941	0.02024	0.0058
AOX1	0.82188	0.10352	0.06228
AP1AR	0.11526	0.08507	0.04019
AP1B1	0.212	0.33826	0.39558
AP1G1	0.20403	0.29411	0.39073
AP1G2	0.09406	0.20467	0.35792
AP1M1	0.17677	0.13575	0.29177
AP1M2	0.07537	0.00601	0
AP1S1	0.01614	0.00794	0.00655
AP1S2	0.02161	0.15711	0.21343
AP1S3	0.35593	0.36857	0.36715
AP2A1	0.05099	0.0368	0.05694
AP2A2	0.23145	0.26719	0.20002
AP2B1	0.13014	0.19341	0.44093
AP2M1	0.46292	0.40322	0.74362
AP2S1	0.40511	0.49836	0.86635
AP3B1	0.21016	0.34894	0.55373
AP3D1	0.70282	0.51549	0.66049
AP3M1	0.30111	0.28741	0.24472
AP3M2	0.06933	0.06915	0.05888
AP3S1	0.23964	0.20466	0.16045
AP3S2	0.00128	0.00184	0
AP4B1	0.04782	0.0689	0.11104
AP4B1-AS1	0.07391	0.08738	0.04038
AP4E1	0.14059	0.15302	0.06902
AP4M1	0.03919	0.02707	0.05782
AP4S1	0.22437	0.19454	0.11072
AP5B1	0.18324	0.14766	0.19146
AP5M1	0.06166	0.04576	0.04402
AP5S1	0.09377	0.11725	0.2481
AP5Z1	0.09789	0.07067	0.06326
APAF1	0.06223	0.09514	0.21799
APBA1	0.01804	0.01173	0.00275
APBA2	0.00663	0.01447	0.03344
APBA3	0.03891	0.05194	0.05767
APBB1	0.07794	0.04694	0.04647
APBB1IP	0.09492	0.36145	0.54616
APBB2	0.182	0.01293	0.02221
APBB3	0.21874	0.07399	0.13464
APC	0.22968	0.25066	0.31053
APCDD1	0.01689	0	0.01642
APCS	1.07436	0.19643	0.06101
APEH	0.28377	0.16958	0.35185
APEX1	0.20697	0.1237	0.18593
APEX2	0.05195	0.03497	0.09202
APH1A	0.14994	0.11741	0.07891
APH1B	0.03075	0.04646	0.00558
API5	0.18652	0.12563	0.35338
APIP	0.13198	0.09655	0.08736
APLF	0.0491	0.02331	0.00367
APLN	0.00494	0.00207	0
APLNR	0.00469	0.00017	0
APLP1	0.02542	0.01507	0.00135
APLP2	1.00443	0.47755	0.19083
APMAP	0.65313	0.32623	0.27376
APOA1	2.78457	0.97748	0.33236
APOA1-AS	0.00434	0.00237	0.00105
APOA2	5.57148	2.20715	0.90748
APOA4	0.00506	0.01062	0
APOA5	0.17095	0.02862	0.00383
APOB	3.62041	1.20345	0.43942
APOBEC3A	0.05142	0.05735	0.0556
APOBEC3B	0.00173	0	0.00062
APOBEC3B-AS1	0.0022	0.00372	0
APOBEC3C	0.02504	0.24122	0.63177
APOBEC3D	0.01058	0.08053	0.13296
APOBEC3F	0.04613	0.11764	0.19595
APOBEC3G	0.01294	0.15154	0.27694
APOBEC3H	0.003	0.02553	0.04452
APOBR	0.01613	0.09881	0.11951
APOC1	2.92093	1.11615	0.40363
APOC1P1	0.08492	0.02158	0.01175
APOC3	2.14894	0.78067	0.30846
APOD	0.01393	0.00579	0
APOE	3.70603	1.55389	0.4323
APOF	0.03208	0.00709	0.00083
APOH	2.76856	0.70765	0.23961
APOL1	0.52117	0.39978	0.24574
APOL2	0.23279	0.30428	0.39395
APOL3	0.08302	0.25664	0.43805
APOL4	0.03261	0.0311	0.00862
APOL5	0.00257	0	0.00102
APOL6	0.50839	0.78141	0.7078
APOLD1	0.04617	0.1178	0.45173
APOM	0.47193	0.08232	0.00995
APOO	0.04519	0.03432	0.09334
APOOL	0.26872	0.19294	0.17642
APOPT1	0.23908	0.23771	0.29042
APP	0.28872	0.08669	0.02151
APPBP2	0.11293	0.07933	0.09712
APPL1	0.27505	0.2221	0.21221
APPL2	0.10717	0.1308	0.07174
APRT	0.47368	0.66353	1.05708
APTX	0.08099	0.08075	0.16513
AQP1	0.00922	0.00033	0
AQP11	0.05485	0.00826	0.00037
AQP3	0.03366	0.0443	0.03759
AQP4-AS1	0.00352	0.00277	0.00415
AQP6	0.00649	0.00431	0.00112
AQP7	0.02029	0.00769	0.00083
AQP7P1	0.04198	0.00854	0
AQP8	0.00341	0	0
AQP9	0.64007	0.09545	0.08435
AQR	0.09326	0.0849	0.23875
AR	0.53109	0.04825	0.01436
ARAF	0.41021	0.14436	0.21101
ARAP1	0.11498	0.11775	0.06607
ARAP2	0.08987	0.32345	0.41532
ARAP3	0.00841	0.00826	0
ARCN1	0.22256	0.23624	0.30997
AREL1	0.10018	0.09789	0.11408
ARF1	0.5121	0.45533	0.69331
ARF3	0.19617	0.21581	0.21363
ARF4	0.2275	0.19704	0.22283
ARF5	0.16987	0.15586	0.21559
ARF6	0.17213	0.32075	0.62362
ARFGAP1	0.26626	0.25481	0.32446
ARFGAP2	0.42687	0.30983	0.34915
ARFGAP3	0.24744	0.29519	0.37378
ARFGEF1	0.26447	0.32779	0.51045
ARFGEF2	0.43231	0.29324	0.20707
ARFIP1	0.10852	0.09553	0.18147
ARFIP2	0.20852	0.17139	0.13248
ARFRP1	0.22846	0.16817	0.24503
ARG1	0.76904	0.18097	0.0411
ARG2	0.01517	0.01954	0.01248
ARGFX	0.16682	0.14442	0.09096
ARGLU1	0.61571	0.95841	1.35874
ARHGAP1	0.22166	0.15335	0.14244
ARHGAP10	0.00884	0.05199	0.12831
ARHGAP11A	0.08731	0.08128	1.008
AC091057.1	0.00763	0.01143	0.20969
ARHGAP12	0.27285	0.13317	0.08788
ARHGAP15	0.00853	0.20667	0.3815
ARHGAP17	0.08555	0.12073	0.17668
ARHGAP18	0.03479	0.31365	0.17057
ARHGAP19	0.01674	0.01931	0.17929
ARHGAP20	0.01254	0.00447	0.0019
ARHGAP21	0.40142	0.2422	0.19197
ARHGAP22	0.00586	0.04285	0
ARHGAP24	0.02584	0.03216	0.02741
ARHGAP25	0.02596	0.40604	0.61993
ARHGAP26	0.18526	0.32886	0.34501
ARHGAP27	0.02523	0.08914	0.06518
ARHGAP28	0.01126	9e-04	0.03177
ARHGAP29	0.24159	0.04339	0.00568
ARHGAP30	0.03581	0.50552	0.68604
ARHGAP31	0.02774	0.0581	0.04619
ARHGAP32	0.10978	0.03242	0.003
ARHGAP33	0.02678	0.01345	0.18076
ARHGAP35	0.37891	0.17202	0.11399
ARHGAP39	0.01595	0.00566	0
ARHGAP4	0.07767	0.42748	0.40308
ARHGAP42	0.05042	0.01355	0.00056
ARHGAP44	0.01082	0.00214	0.01459
ARHGAP5	0.39111	0.23953	0.13698
ARHGAP5-AS1	0.00614	0.00133	0.00135
ARHGAP6	0.00182	0.00603	0
ARHGAP9	0.02492	0.36596	0.58275
ARHGDIA	0.39942	0.56443	0.80912
ARHGDIB	0.12988	1.32214	2.58618
ARHGEF1	0.04111	0.12652	0.20848
ARHGEF10	0.00426	0.00344	0
ARHGEF10L	0.27167	0.07005	0.02442
ARHGEF11	0.19781	0.09759	0.0572
ARHGEF12	0.67466	0.25499	0.27079
ARHGEF15	0.00447	0	0
ARHGEF16	0.01196	0.00524	0
ARHGEF17	0.021	0	0
ARHGEF18	0.1024	0.09572	0.15038
ARHGEF19	0.02161	0.02405	0.01929
ARHGEF2	0.06937	0.15063	0.12031
ARHGEF25	0.00231	0.00071	0
ARHGEF26	0.12806	0.02549	0.00815
ARHGEF26-AS1	0.1997	0.16814	0.13401
ARHGEF28	0.17295	0.02281	0.01656
ARHGEF3	0.05218	0.13648	0.18838
ARHGEF34P	0.00184	0	0
ARHGEF35	0.04192	0.01791	0.00912
ARHGEF37	0.06608	0.00998	0.03128
ARHGEF39	0.1681	0.1327	0.12909
ARHGEF4	7e-04	0.00088	0
ARHGEF40	0.20617	0.07846	0.03756
ARHGEF5	0.07948	0.04367	0.011
ARHGEF6	0.06172	0.20859	0.48926
ARHGEF7	0.12448	0.19052	0.27833
ARHGEF9	0.06054	0.0633	0.09808
ARID1A	0.30052	0.39406	0.49312
ARID1B	0.17569	0.17514	0.28006
ARID2	0.17402	0.14139	0.377
ARID3A	0.08719	0.09505	0.04702
ARID3B	0.02956	0.04037	0.08324
ARID4A	0.34593	0.49419	0.49239
ARID4B	0.52297	0.62322	0.88097
ARID5A	0.10002	0.16334	0.33044
ARID5B	0.15069	0.44406	0.63346
ARIH1	0.16775	0.15508	0.11255
ARIH2	0.26964	0.25907	0.34582
ARIH2OS	0.18482	0.19937	0.1798
ARL1	0.20185	0.16214	0.09803
ARL10	0.03315	0.01974	0.00874
ARL11	0.13928	0.15408	0.11358
ARL13B	0.07173	0.03639	0.07813
ARL14EP	0.12996	0.22551	0.14887
ARL15	0.00897	0.01815	0.00495
ARL16	0.19553	0.16035	0.15397
ARL17A	0.0525	0.0251	0.01309
ARL2	0.12087	0.1411	0.34565
ARL2BP	0.13714	0.11606	0.17176
ARL3	0.10675	0.08584	0.19421
ARL4A	0.20006	0.12406	0.23277
ARL4C	0.06588	0.73096	0.60496
ARL4D	0.11855	0.00914	0.00905
ARL5A	0.22627	0.23188	0.31643
ARL5B	0.03489	0.0342	0.02535
ARL6	0.01154	0.0036	0.00359
ARL6IP1	0.54057	0.51036	1.6357
ARL6IP4	0.45093	0.54937	1.01608
ARL6IP5	0.18379	0.58656	0.84767
ARL6IP6	0.02162	0.02117	0.04168
ARL8A	0.08614	0.08947	0.10712
ARL8B	0.22	0.14372	0.20979
ARMC1	0.18323	0.09013	0.16327
ARMC10	0.26389	0.19342	0.24957
ARMC12	0.00332	0	0
ARMC2	0.02205	0.01171	0.05453
ARMC4	0.00149	0.00126	0.00094
ARMC4P1	0.00962	0.00394	0.00174
ARMC5	0.04206	0.0387	0.09777
ARMC6	0.08915	0.05826	0.20058
ARMC7	0.0438	0.0383	0.10405
ARMC8	0.07795	0.06191	0.07669
ARMC9	0.28588	0.26931	0.16475
ARMCX1	0.0057	0.01722	0.01484
ARMCX2	0.00353	0.00958	0.00034
ARMCX3	0.06117	0.14165	0.12743
ARMCX4	0.02647	0.02338	0.003
ARMCX5	0.03748	0.021	0.02145
ARMCX6	0.05374	0.12662	0.25
ARNT	0.15792	0.0926	0.05086
ARNT2	0.02951	0.03302	0
ARNTL	0.07615	0.14962	0.06229
ARNTL2	0.18705	0.13713	0.1252
ARPC1A	0.26913	0.11336	0.10375
ARPC1B	0.32045	0.76438	1.12613
ARPC2	0.61336	1.46395	2.92092
ARPC3	0.28705	0.46511	0.67885
ARPC4	0.36965	0.62933	1.1932
ARPC5	0.378	0.45572	0.93776
ARPC5L	0.13205	0.31512	0.74855
ARPP19	0.35751	0.46236	0.78177
ARPP21	0.01252	0.00143	0
ARRB1	0.02518	0.06491	0.07358
ARRB2	0.08676	0.2305	0.19247
ARRDC1	0.03988	0.05661	0.05513
ARRDC2	0.07925	0.08565	0.06533
ARRDC3	0.1809	0.21614	0.09518
ARRDC4	0.05755	0.03031	0.00364
ARRDC5	0.00231	0.04106	0.03258
ARSA	0.24261	0.31368	0.19373
ARSB	0.04238	0.0281	0.0465
ARSD	0.29642	0.15367	0.04065
ARSD-AS1	0.00068	0.00012	0
ARSE	0.18898	0.0392	0.00109
ARSF	0.00132	0.00036	0
ARSG	0.00665	0.01646	0.00063
ARSI	0.01115	0.00641	0
ARSJ	0.01831	0.00597	0
ARSK	0.11412	0.11952	0.07021
ART4	0.00452	0.00343	0
ART5	0.01407	0	0
ARTN	0.00269	0.00094	0.00331
ARV1	0.088	0.04351	0.07115
ARVCF	0.02067	0.00966	0.00333
AS3MT	0.00044	0	0
ASAH1	0.19169	0.28916	0.13207
ASAH2B	0.0414	0.01714	0.00211
ASAP1	0.14985	0.25186	0.30797
ASAP2	0.04813	0.01	0.00045
ASAP3	0.09073	0.01592	0.00167
ASB1	0.11035	0.06377	0.07633
ASB11	0.07223	0.06919	0.02243
ASB13	0.12718	0.02887	0.02553
ASB16	0.00512	0.00171	0.00057
ASB16-AS1	0.03065	0.04109	0.06836
ASB2	0.00186	0.02499	0.04765
GPR75-ASB3	0.0187	0.03741	0.01873
ASB4	0.01159	0.00303	0.00294
ASB6	0.03184	0.03551	0.10166
ASB7	0.04156	0.02996	0.0724
ASB8	0.37293	0.31714	0.37349
ASB9	0.05315	0.00521	0
ASB9P1	0.00266	0	0
ASCC1	0.08332	0.06592	0.11831
ASCC2	0.13725	0.108	0.17603
ASCC3	0.31655	0.3183	0.5181
ASCL1	0.0128	0.00228	0.00706
ASCL2	0.0054	0.00827	0.00033
ASF1A	0.046	0.03044	0.04163
ASF1B	0.0106	0.0049	0.15065
ASGR1	0.44961	0.06321	0.00761
ASGR2	0.71321	0.12746	0.0245
ASH1L	0.62554	0.66909	0.71213
ASH1L-AS1	0.01559	0.0247	0.00455
ASH2L	0.04907	0.05688	0.17903
ASIC1	0.02303	0.00131	0
ASIC3	0.0103	0.0162	0.00028
ASL	0.51963	0.23667	0.24524
ASMTL-AS1	0.00235	0.00087	0.00525
ASNA1	0.03339	0.04398	0.12895
ASNS	0.07255	0.12083	0.06406
ASNSD1	0.12613	0.18228	0.23326
ASPA	0.00462	0.00078	0
ASPDH	0.04288	0.0054	0.00044
ASPG	0.05175	0.00698	0
ASPH	0.83148	0.43029	0.1561
ASPHD1	0.00527	0	0.00069
ASPHD2	0.01032	0.04726	0.03143
ASPM	0.22119	0.08042	2.10308
ASPSCR1	0.35854	0.08341	0.04323
ASRGL1	0.04963	0.03135	0.11167
ASS1	0.14375	0.02626	0.00976
ASTE1	0.02592	0.03746	0.07122
ASTL	0.00084	0.02014	0
ASTN2	0.04528	0.02998	0.03483
INTS13	0.04524	0.09323	0.30621
ASXL1	0.3389	0.27466	0.6378
ASXL2	0.13269	0.27747	0.52366
ASZ1	0.00338	0.00034	0
ATAD1	0.21186	0.17166	0.19152
ATAD2	0.27284	0.18821	1.27379
ATAD2B	0.14858	0.1824	0.19808
ATAD3A	0.10129	0.05391	0.04196
ATAD3B	0.07484	0.04499	0.08723
ATAD3C	0.26057	0.23952	0.12985
ATAD5	0.09929	0.09803	0.82075
ATAT1	0.07927	0.02032	0.02517
ATCAY	0.32312	0.31913	0.24395
ATE1	0.24313	0.16198	0.188
ATE1-AS1	0.00376	0.00352	0
ATF1	0.13017	0.12451	0.25893
ATF2	0.2347	0.17129	0.17675
ATF3	0.043	0.22362	0.11929
ATF4	0.58641	1.05504	1.09043
ATF5	0.91873	0.36139	0.08388
ATF6	0.30647	0.28671	0.21564
ATF6B	0.03193	0.02639	0.05466
ATF7	0.07249	0.05672	0.07317
ATF7IP	0.33815	0.67979	1.10183
ATF7IP2	0.07582	0.07787	0.20392
ATG10	0.06163	0.0801	0.15172
ATG12	0.3284	0.28974	0.42077
ATG13	0.21876	0.17933	0.37681
ATG14	0.35149	0.32251	0.24768
ATG16L1	0.04005	0.06901	0.02451
ATG16L2	0.02708	0.0702	0.01982
ATG2A	0.15316	0.08636	0.0952
ATG2B	0.12495	0.1174	0.04571
ATG3	0.18191	0.18908	0.30988
ATG4A	0.05529	0.08241	0.22373
ATG4B	0.25538	0.1875	0.23948
ATG4C	0.04316	0.04691	0.0322
ATG4D	0.03505	0.03165	0.03364
ATG5	0.08278	0.1134	0.13396
ATG7	0.06835	0.09599	0.09321
ATG9A	0.26188	0.12327	0.06621
ATIC	0.19729	0.10326	0.33524
ATL1	0.00586	0.00915	0.00099
ATL2	0.30291	0.14062	0.20507
ATL3	0.23098	0.1894	0.2453
ATM	0.63348	0.92563	0.7436
ATMIN	0.15667	0.13146	0.258
ATN1	0.06349	0.05193	0.06523
ATOH8	0.02148	0.00077	0
ATOX1	1.16781	0.68416	0.70067
ATP10A	0.00203	0.01107	0.04621
ATP10B	0.00225	0.00272	0
ATP10D	0.03074	0.04308	0.06599
ATP11A	0.08623	0.04325	0.01454
ATP11A-AS1	0.00419	0.00782	0.01794
ATP11B	0.10503	0.25582	0.3223
ATP11C	0.17471	0.12763	0.04478
ATP13A1	0.07255	0.09846	0.04254
ATP13A2	0.04971	0.05416	0.04896
ATP13A3	0.42744	0.19876	0.12986
ATP13A4	0.00253	0.00195	0
ATP1A1	0.31611	0.19157	0.19968
ATP1A2	0.07198	0.06719	0.05461
ATP1B1	0.61669	0.25801	0.05191
ATP1B2	0.00813	0.00727	0.00145
ATP1B3	0.14622	0.27388	0.48196
ATP1B4	0.00736	0.00292	0.00271
ATP2A1	0.00534	0.00129	0.01436
ATP2A2	0.4857	0.24747	0.29571
ATP2A3	0.02368	0.28656	0.6028
ATP2B1	0.40926	0.47285	0.548
ATP2B2	0.29403	0.05625	0.01929
ATP2B4	0.16606	0.19117	0.2567
ATP2C1	0.11392	0.10821	0.18643
ATP5F1A	0.58869	0.52328	0.80104
ATP5F1B	1.34446	0.88332	1.21347
ATP5F1C	0.42642	0.20904	0.26654
ATP5F1D	0.16101	0.2048	0.38754
ATP5F1E	0.15196	0.36347	0.68939
ATP5F1EP2	0.11096	0.23838	0.35031
ATP5PB	0.44893	0.34626	0.66321
ATP5MC1	0.57848	0.36105	0.80737
ATP5MC2	0.64997	0.68391	1.13543
ATP5MC3	0.52963	0.34384	0.85312
ATP5PD	0.51081	0.35836	0.66874
ATP5ME	1.60065	1.51517	2.26429
ATP5PF	0.58069	0.42752	0.78187
ATP5MF	0.49045	0.43222	0.7982
ATP5MG	0.87914	0.9088	1.65915
ATP5MGL	0.02411	0.01879	0.01223
ATP5PO	0.63717	0.63943	1.34791
ATP5S	0.0989	0.06576	0.10255
DMAC2	0.08524	0.03703	0.01899
ATP6AP1	0.48968	0.50244	0.17612
ATP6AP1L	0.21858	0.16136	0.12853
ATP6AP2	0.31816	0.2783	0.28044
ATP6V0A1	0.45405	0.24506	0.1049
ATP6V0A2	0.08002	0.0782	0.11916
ATP6V0B	0.83939	0.70841	0.60778
ATP6V0C	0.37195	0.68224	0.53485
ATP6V0D1	0.12458	0.14792	0.19041
ATP6V0D2	0.00599	0.01138	0.00044
ATP6V0E1	0.41881	0.48869	0.42601
ATP6V0E2	0.22664	0.11518	0.27841
ATP6V0E2-AS1	0.0035	0.00552	0
ATP6V1A	0.23236	0.21363	0.22557
ATP6V1B1	0.00352	0.00024	0
ATP6V1B2	0.06387	0.1556	0.09279
ATP6V1C1	0.31294	0.18144	0.19535
ATP6V1C2	0.00332	0.00177	0.00088
ATP6V1D	0.21047	0.18642	0.21618
ATP6V1E1	0.29424	0.27256	0.3896
ATP6V1E2	0.03025	0.03004	0.0143
ATP6V1F	0.25855	0.35853	0.67527
ATP6V1G1	0.27204	0.26935	0.24242
ATP6V1H	0.06322	0.04201	0.06214
ATP7A	0.05013	0.08432	0.02532
ATP7B	0.04155	0.00631	0.01969
ATP8A1	0.0226	0.13096	0.27068
ATP8B1	0.35163	0.19628	0.12673
ATP8B2	0.05195	0.07835	0.20247
ATP8B3	0.00481	0.00151	0.03082
ATP8B4	0.00327	0.06264	0.01794
ATP8B5P	0.04424	0.02404	0.03617
ATP9A	0.28487	0.04716	0.11861
ATP9B	0.08219	0.11338	0.12457
ATPAF1	0.16126	0.12524	0.10486
ATPAF2	0.03569	0.03732	0.09276
ATP5IF1	0.75599	0.67337	1.27697
ATR	0.13516	0.13948	0.18569
ATRAID	0.22271	0.25001	0.22962
ATRIP	0.02847	0.01773	0.05793
ATRN	0.43712	0.1927	0.13555
ATRNL1	0.04598	0.00833	0
ATRX	0.81955	1.27115	1.05223
ATXN1	0.12343	0.25151	0.3496
ATXN10	0.33862	0.18283	0.28567
ATXN1L	0.0439	0.0564	0.09193
ATXN2	0.32693	0.17897	0.11811
ATXN2L	0.11859	0.12084	0.13826
ATXN3	0.21619	0.19497	0.18209
ATXN7	0.12738	0.13996	0.21431
ATXN7L1	0.08695	0.09375	0.15108
ATXN7L2	0.0055	0.00595	0.00142
ATXN7L3	0.14604	0.16252	0.19794
ATXN7L3B	0.2962	0.23741	0.34545
ATXN8OS	0.00036	0	0
AUH	0.07928	0.09013	0.07907
AUNIP	0.00683	0.00031	0.01854
AUP1	0.50076	0.39908	0.65251
AURKA	0.089	0.05315	0.84914
AURKAIP1	0.33064	0.3098	0.44391
AURKAP1	0.01753	0.04438	0.02496
AURKB	0.03629	0.01764	1.05742
AURKC	0.00864	9e-04	0.00256
AUTS2	0.20167	0.0536	0.05707
AVEN	0.04775	0.04303	0.07347
AVIL	0.03276	0.00462	0.01817
AVL9	0.10963	0.0778	0.13163
AVP	0.00275	0.00016	0
AVPI1	0.08022	0.03087	0
AVPR1A	0.03458	0.00737	0.00174
AXDND1	0.00724	0.00605	0.00105
AXIN1	0.04119	0.0393	0.04223
AXIN2	0.08924	0.00999	0
AXL	0.01263	0.06111	0.00321
AZGP1	0.95787	0.13982	0.05781
AZGP1P1	0.01643	0.00069	0
AZI2	0.1662	0.11922	0.22974
AZIN1	0.21904	0.20179	0.31905
B2M	1.94615	3.22647	3.13627
B3GALNT1	0.00632	0.00115	0
B3GALNT2	0.05694	0.0335	0.00387
B3GALT1	0.00485	0.00056	0
B3GALT4	0.01172	0.02753	0.02637
B3GALT6	0.11324	0.04547	0.04989
B3GAT1	0.03356	0.01224	0.01306
B3GAT2	0.00213	0.00013	0
B3GAT3	0.16347	0.10648	0.19678
B3GNT2	0.04624	0.09091	0.1154
B3GNT3	0.01976	0.00237	0.00161
B3GNT4	0.00171	0.00137	0.00038
B3GNT5	0.04598	0.02052	0
B3GNT6	0.04356	0.03261	0.04015
B3GNT7	0.00797	0.01249	0.04769
B3GNT9	0.01605	0.01623	0
B3GNTL1	0.02266	0.0207	0.03648
B4GALNT1	0.02138	0.0081	0
B4GALT1	0.18004	0.20204	0.16124
B4GALT2	0.10988	0.0563	0.09411
B4GALT3	0.14974	0.20133	0.1285
B4GALT4	0.04185	0.02265	0.06996
B4GALT5	0.07934	0.08782	0.06817
B4GALT6	0.02649	0.01236	0.00054
B4GALT7	0.10597	0.04767	0.12329
B9D1	0.06868	0.04039	0.05793
B9D2	0.02084	0.03172	0.07917
BAAT	0.91562	0.21808	0.12342
BABAM1	0.1738	0.14742	0.25824
BACE1	0.21718	0.06801	0.05359
BACE2	0.23107	0.20137	0.13041
BACH1	0.26919	0.26238	0.29523
BACH2	0.04225	0.0228	0.02731
BAD	0.28453	0.16023	0.16353
BAG1	0.16776	0.21052	0.21326
BAG2	0.08284	0.01756	0.06325
BAG3	0.0679	0.1396	0.04177
BAG4	0.09035	0.08684	0.12211
BAG5	0.14804	0.13882	0.13704
BAG6	0.5961	0.2226	0.34491
BAHCC1	0.02257	0.0044	0
BAHD1	0.05503	0.04135	0.00868
BAIAP2	0.20113	0.0739	0.01325
BAIAP2-DT	0.24256	0.18483	0.13482
BAIAP2L1	0.23456	0.03464	0.045
BAIAP2L2	0.06361	0.01893	0.02252
BAIAP3	0.03775	0.01888	0.01342
BAK1	0.0519	0.08172	0.09296
BAMBI	0.13545	0.01812	0.00766
BANF1	0.26144	0.12226	0.35543
BANK1	0.0411	0.08787	0.11933
BANP	0.07143	0.05986	0.05016
BAP1	0.2426	0.14194	0.29576
BARD1	0.0576	0.14865	0.54047
BARX1	0.00254	0.00081	0
BASP1	0.02387	0.24677	0.44117
BATF	0.01548	0.16587	0.3371
BATF2	0.01658	0.01314	0
BATF3	0.00163	0.03504	0.07333
BAX	0.01979	0.02024	0.03044
BAZ1A	0.27224	0.55208	0.78863
BAZ1B	0.64178	0.63727	1.08608
BAZ2A	0.49695	0.51469	0.46039
BAZ2B	0.4701	0.63407	0.36501
BBC3	0.03233	0.02253	0.00497
BBIP1	0.04816	0.02459	0.07748
BBOX1	0.18484	0.0362	0.00864
BBS1	0.03366	0.01634	0.004
BBS10	0.03978	0.02332	0.02164
BBS12	0.00444	0.00799	0
BBS2	0.07385	0.03737	0.03408
BBS4	0.06596	0.04746	0.04967
BBS5	0.06287	0.0525	0.00361
BBS7	0.02682	0.0181	0.02098
BBS9	0.01784	0.03178	0.0169
BBX	0.32914	0.45181	0.40848
BCAM	0.04509	0.00834	0.00129
BCAP29	0.18706	0.11568	0.09101
BCAP31	0.88718	0.72393	0.63506
BCAR1	0.12923	0.04755	0.00547
BCAR3	0.06694	0.02278	0.00871
BCAS1	0.08777	0.0921	0.04628
BCAS2	0.18112	0.19738	0.34129
BCAS3	0.11488	0.0913	0.11032
BCAS4	0.04019	0.0593	0.20552
BCAT1	0.01244	0.09997	0.14699
BCAT2	0.15518	0.06045	0.05772
BCCIP	0.24525	0.21662	0.28452
BCDIN3D	0.08191	0.06106	0.02767
BCDIN3D-AS1	0.00425	0.00069	0
BCHE	0.05266	0.00686	0.00268
BCKDHA	0.16169	0.15187	0.31821
BCKDHB	0.09998	0.03333	0.03368
BCKDK	0.19596	0.14921	0.22059
BCL10	0.07226	0.12054	0.17087
BCL11A	0.00732	0.02132	0.08055
BCL11B	0.01146	0.20207	0.37868
BCL2	0.01466	0.20723	0.13972
BCL2A1	0.0042	0.06553	0.02188
BCL2L1	0.1037	0.0961	0.08754
BCL2L11	0.07378	0.29457	0.16697
BCL2L12	0.05061	0.03815	0.13579
BCL2L13	0.09389	0.08585	0.09493
BCL2L15	0.12518	0.12524	0.10613
BCL2L2	0.03546	0.01795	0.00144
BCL3	0.06338	0.06272	0.06532
BCL6	0.23427	0.09477	0.12158
BCL6B	0.00911	0.00165	0
BCL7A	0.09023	0.05412	0.10171
BCL7B	0.06191	0.07348	0.17032
BCL7C	0.09284	0.06337	0.1738
BCL9	0.06593	0.0215	0.03559
BCL9L	0.09442	0.05863	0.06228
BCLAF1	0.60079	0.85618	1.28919
BCO2	0.03164	0.01146	0.00048
BCOR	0.06397	0.04716	0.03413
BCORL1	0.08388	0.03426	0.01774
BCR	0.10534	0.09348	0.16427
BCRP3	0.00651	0.00588	0.00246
BCS1L	0.11103	0.05951	0.15592
BCYRN1	0.45927	0.34252	0.3441
BDH1	0.29947	0.07607	0.06175
BDH2	0.16165	0.07381	0.03449
BDNF-AS	0.0609	0.0329	0.02635
BDP1	0.57427	0.69963	0.8908
BECN1	0.24069	0.2165	0.27228
BEGAIN	0.00462	0.00273	0
BEND2	0.05612	0.04908	0.03171
BEND3	0.01236	0.00519	0.02064
AL132656.1	0.01627	0.0139	0.0042
BEND4	0.00424	0.00103	0.01955
BEND5	0.01151	0.01622	0.04724
BEND6	0.00477	0.00085	0.03118
BEND7	0.12361	0.02329	0
BEST1	0.14046	0.11415	0.08395
BEST3	0.00077	0	0
BEST4	0.00136	0.00044	0
BET1	0.05729	0.0557	0.03741
BET1L	0.14452	0.14509	0.17832
BEX1	0.01035	0.00093	0
BEX2	0.07986	0.04703	0.00164
BEX4	0.03192	0.11098	0.0585
BEX5	0.03576	0.0497	0.03369
BFAR	0.094	0.08029	0.25746
BFSP1	0.00525	0.00988	0.00175
BFSP2	0.00089	0.01587	0.04023
BFSP2-AS1	0.10091	0.12459	0.10728
BGN	0.02705	0.00313	0.00135
BHLHB9	0.01524	0.00687	0.0189
BHLHE40	0.14337	0.13114	0.11342
BHLHE40-AS1	0.00255	0.01754	0.02429
BHLHE41	0.0109	0.15135	0.10526
BHMT	0.53248	0.09669	0.03192
BHMT2	1.31456	0.4432	0.28921
BICC1	0.11413	0.01158	0.00069
BICD1	0.04536	0.07864	0.13866
BICD2	0.06186	0.1745	0.2148
BID	0.13008	0.12003	0.16407
BIK	0.02467	0.04247	0.17604
BIN1	0.11878	0.15386	0.20431
BIN2	0.01987	0.26378	0.4396
BIN3	0.0262	0.06987	0.04837
BIRC2	0.31038	0.24626	0.33138
BIRC3	0.26834	0.53686	0.66723
BIRC5	0.09766	0.05026	1.50352
BIRC6	0.44394	0.54215	0.73328
BIVM	0.36989	0.22541	0.14775
BLCAP	0.23925	0.09444	0.04994
BLID	0.00231	0	0
BLK	0.00095	0.02543	0.05882
BLM	0.02386	0.07435	0.34611
BLMH	0.07719	0.11332	0.24484
BLNK	0.09874	0.16996	0.10733
BLOC1S1	0.17014	0.25314	0.64442
BLOC1S2	0.09168	0.12412	0.17908
BLOC1S3	0.04894	0.0291	0.07197
BLOC1S4	0.05922	0.02906	0.03842
BLOC1S5	0.00279	0.00304	0.00852
BLOC1S6	0.3703	0.42185	0.41321
BLVRA	0.09843	0.17542	0.2296
BLVRB	0.47459	0.32979	0.17981
BLZF1	0.14932	0.13645	0.17611
BMF	0.03455	0.09848	0.00818
BMI1	0.00313	0.00519	0
BMP1	0.07819	0.01862	0.00347
BMP2	0.09241	0.02683	0.00244
BMP2K	0.0256	0.1831	0.06427
BMP3	0.00318	0.00166	0.00173
BMP4	0.06608	0.0048	0
BMP6	0.00198	0.03162	0.00425
BMP7	0.08154	0.08736	0.08592
BMP8A	0.00436	0.00762	0.00845
BMP8B	0.04869	0.04431	0.04589
BMPR1A	0.02802	0.01197	0.01037
BMPR2	0.28186	0.16137	0.10493
BMS1	0.30541	0.27312	0.42462
BMS1P4	0.03613	0.06126	0.08947
BNC2	0.0022	0.01594	0.00065
BNIP1	0.03489	0.04331	0.05921
BNIP2	0.26795	0.27226	0.50406
BNIP3	0.8098	0.2147	0.08984
BNIP3L	0.13273	0.14881	0.08759
BNIPL	0.01501	0.01561	0.00468
BOC	0.00295	0.0024	0.00189
BOD1	0.11047	0.06295	0.04677
BOD1L1	0.70426	0.87828	1.10063
BOK	0.36798	0.06629	0.03941
BOK-AS1	0.00608	0.00037	0
BOLA1	0.06137	0.03513	0.05631
BOLA3	0.16795	0.09674	0.19236
BOLA3-AS1	0.11767	0.09614	0.0769
BOLL	0.01637	0.01583	0.00864
BOP1	0.13565	0.07075	0.20149
BORA	0.00883	0.03456	0.10493
BPGM	0.05423	0.03244	0.05663
BPHL	0.24785	0.04093	0.05644
BPIFB2	0.09097	0.00956	0.01534
BPNT1	0.13979	0.09228	0.11254
BPTF	0.7502	1.10988	1.35838
BRAF	0.03924	0.03608	0.03445
BRAP	0.13635	0.15478	0.29858
BRAT1	0.09695	0.08749	0.10688
BRCA1	0.15539	0.09008	0.77259
BRCA2	0.07994	0.1606	0.56912
BRCC3	0.14052	0.13133	0.31766
BRD1	0.07472	0.11276	0.21875
BRD2	0.59569	0.88136	1.04004
BRD3	0.1498	0.15933	0.12526
BRD4	0.59111	0.60108	0.63788
BRD7	0.3024	0.29542	0.60376
BRD8	0.30483	0.2115	0.74933
BRD9	0.40951	0.21081	0.27962
BRDT	0.07091	0.06697	0.03258
BABAM2	0.12626	0.09256	0.09091
BRF1	0.05452	0.07142	0.11639
BRF2	0.01057	0.02307	0.01764
BRI3	0.52631	0.33229	0.11263
BRI3BP	0.05055	0.0308	0.12076
BRICD5	0.01022	0.01813	0.0226
BRINP3	0.00203	0	0
BRIP1	0.2988	0.2631	0.29435
BRIX1	0.23921	0.12829	0.22846
BRK1	0.2821	0.2609	0.48531
BRMS1	0.20762	0.1397	0.30222
BRMS1L	0.0277	0.01878	0.07632
BROX	0.22748	0.20462	0.23804
BRPF1	0.05131	0.0408	0.10428
BRPF3	0.17738	0.10031	0.09114
BRSK1	0.02106	0.00605	0.00276
BRSK2	0.00228	0.00893	0
BRWD1	0.35799	0.37054	0.59844
BRWD1-AS1	0.00419	0.00283	0.00057
BRWD1-AS2	0.00379	0.00121	0.00056
BRWD3	0.18735	0.23489	0.15255
BSDC1	0.24467	0.16153	0.06977
BSG	0.06979	0.08365	0.13636
BSN	0.01522	0.00157	0.00344
BSN-DT	0.17247	0.16611	0.12911
BSPRY	0.0099	0.0181	0.00945
BST2	0.33739	0.46704	0.31758
BTAF1	0.31318	0.35409	0.27695
BTBD1	0.08256	0.07707	0.12391
BTBD10	0.04766	0.05911	0.08153
BTBD11	0.01572	0.01117	0.02398
BTBD16	0.01066	0.00202	0
BTBD2	0.07652	0.03719	0.03209
BTBD3	0.06959	0.02033	0
BTBD6	0.03866	0.06783	0.22151
BTBD7	0.1711	0.15457	0.20622
BTBD8	0.00864	0.00014	0.00073
BTBD9	0.05178	0.04547	0.02126
BTC	0.00978	0.00095	0.01876
BTD	0.17466	0.06051	0.07369
BTF3	0.38859	0.64186	1.15438
BTF3L4	0.11387	0.12474	0.14937
BTF3P11	0.00082	0.00532	0.00637
BTG1	0.62527	1.72311	1.79603
BTG2	0.03296	0.59995	0.38715
BTG3	0.06037	0.14394	0.36356
BTK	0.00872	0.14162	0.1397
BTLA	0.00443	0.0795	0.16178
BTN2A1	0.12411	0.15914	0.23708
BTN2A2	0.05419	0.10346	0.20328
BTN2A3P	0.03177	0.03025	0.00607
BTN3A1	0.1672	0.38093	0.45435
BTN3A2	0.35167	0.69121	0.8763
BTN3A3	0.07521	0.2367	0.29518
BTNL8	0.00074	0.00457	0
BTNL9	0.0014	0.00637	0.0149
BTRC	0.07894	0.05569	0.04562
BUB1	0.0389	0.04702	0.79351
BUB1B	0.0344	0.02508	0.59275
BUB3	0.38024	0.36414	1.42249
BUD13	0.08381	0.04838	0.21408
BUD31	0.26265	0.24164	0.59015
BVES	0.03428	0.02622	0.00861
BYSL	0.04777	0.02465	0.04625
BZW1	0.42913	0.3822	0.67534
BZW2	0.10381	0.11522	0.35698
DEPP1	0.42243	0.05957	0.01182
LRMDA	0.08378	0.02973	0.00445
C10orf111	0.00358	0.00684	0
TMEM273	0.00949	0.04466	0.0378
C10orf25	0.02311	0.01127	0
FAM241B	0.01699	0.00501	0.00859
VSIR	0.02777	0.32865	0.29569
C10orf62	0.00175	0.00082	0.00196
ARMH3	0.09381	0.09242	0.03678
C10orf88	0.05001	0.04385	0.09557
C10orf95	0.0431	0.03977	0.01767
C11orf1	0.05981	0.03798	0.02425
C11orf21	0.00488	0.0864	0.04124
C11orf24	0.08612	0.06353	0.10128
C11orf44	0.00154	0.00231	0
C11orf45	0.00659	0.00077	0
C11orf49	0.04659	0.03481	0.05336
C11orf54	0.46007	0.16799	0.17142
NKAPD1	0.15096	0.1016	0.22785
C11orf58	0.94927	0.98432	1.70144
JHY	0.0565	0.07343	0.06198
C11orf65	0.0156	0.012	0.03936
C11orf68	0.14282	0.13703	0.11563
CFAP300	0.08539	0.06914	0.03798
C11orf71	0.15636	0.05708	0.05489
C11orf72	0.49619	0.28241	0.21789
C11orf74	0.05385	0.01673	0.01034
C11orf80	0.06385	0.16033	0.09276
SPINDOC	0.01772	0.01196	0.04917
C11orf95	0.11583	0.03185	0.02288
C11orf96	0.00651	0.00336	0
C12orf10	0.12503	0.08252	0.08034
C12orf29	0.0744	0.05818	0.05628
C12orf4	0.04042	0.09304	0.07498
C12orf40	0.00119	0.01044	0.00141
C12orf42	0.00162	0.0038	0
C12orf43	0.1585	0.1463	0.18023
C12orf45	0.09655	0.13845	0.23577
C12orf49	0.08523	0.05258	0.09702
C12orf56	0.00575	0.00095	0
C12orf57	0.20779	0.53293	1.05544
C12orf60	0.00248	0	0.014
C12orf65	0.30549	0.34457	0.43142
C12orf66	0.01433	0.02112	0.00093
C12orf73	0.04996	0.01231	0.0601
C12orf75	0.02377	0.0464	0.42831
C12orf76	0.03203	0.02111	0.008
C12orf77	0.11065	0.10321	0.08178
ERG28	0.33265	0.1139	0.1423
CCDC198	0.17023	0.0959	0.06795
C14orf119	0.12775	0.12958	0.1117
C14orf132	0.3017	0.16134	0.07929
DGLUCY	0.14859	0.14909	0.23157
RTRAF	0.22952	0.23611	0.52095
C14orf178	0.00332	0.00278	5e-04
ATP5MPL	0.79517	0.81644	1.38335
C14orf28	0.0206	0.00403	0
CLBA1	0.01279	0.00295	0
TEDC1	0.0254	0.03453	0.24813
C14orf93	0.0486	0.01142	0.09002
C15orf39	0.0515	0.12125	0.12436
C15orf40	0.11274	0.12785	0.17136
C15orf41	0.03579	0.00935	0.00782
C15orf48	0.01354	0.04782	0.03757
CCDC9B	0.08139	0.03842	0.00129
CCDC32	0.07871	0.14169	0.19619
INSYN1	0.00308	0.00504	0
C15orf61	0.04953	0.05095	0.00926
C15orf62	0.00343	0.0017	0
C15orf65	0.00715	0.00761	0.02457
C16orf45	0.02274	0.01333	0.01574
C16orf46	0.01602	0.00018	0.00228
MOSMO	0.07027	0.0407	0.08709
C16orf54	0.00248	0.04911	0.06434
C16orf58	0.10451	0.07387	0.044
TEDC2	0.01452	0.00283	0.05758
VPS35L	0.04006	0.07849	0.13544
C16orf70	0.18094	0.07552	0.067
C16orf72	0.07462	0.07473	0.04481
C16orf74	0.00405	0.00577	0.01459
C16orf86	0.00976	0.01442	0.00843
C16orf87	0.10632	0.11217	0.21247
C16orf89	0.00114	0.00087	0
C16orf91	0.02906	0.02951	0.03677
C16orf95	0.0338	0.0047	0.01683
C17orf107	0.01054	0.01441	0.00083
C17orf51	0.02026	0.00827	0.02866
C17orf53	0.01516	0.00313	0.04017
C17orf58	0.07412	0.01608	0.02255
CYBC1	0.26674	0.43575	0.60358
C17orf67	0.02802	0.02536	0.03571
C17orf75	0.332	0.29364	0.28275
C17orf77	0.03969	0.03616	0.04414
C17orf80	0.0854	0.06866	0.18235
C17orf82	0.00096	9e-05	0
C17orf97	0.02328	0.01108	0.00874
C18orf21	0.03888	0.02582	0.05499
C18orf25	0.04047	0.03943	0.06465
C18orf32	0.02139	0.01867	0.04004
C18orf54	0.01675	0.01368	0.12174
RMC1	0.04154	0.03236	0.01268
C19orf12	0.15825	0.10885	0.13947
C19orf18	0.0373	0.00444	0.00279
C19orf24	0.22362	0.21932	0.51207
C19orf25	0.06853	0.05547	0.25475
PEAK3	0.00338	0.00743	0.00199
C19orf38	0.00583	0.03992	0.06835
TRIR	0.45941	0.51257	0.84556
C19orf44	0.04593	0.02546	0.00196
C19orf47	0.01799	0.03509	0.02305
C19orf48	0.05867	0.04718	0.20587
C19orf53	0.44742	0.56694	1.1598
C19orf54	0.05329	0.04359	0.02117
C19orf57	0.01092	0.00357	0.01343
REX1BD	0.15915	0.23741	0.3054
C19orf66	0.17555	0.17413	0.19381
ZSWIM9	0.02266	0.01704	0.04847
C19orf70	0.28513	0.31797	0.47679
C19orf73	0.00698	0.00037	0.01747
C19orf81	0.0103	0.00444	0.00017
C1D	0.20816	0.1359	0.26114
C1GALT1	0.15407	0.15255	0.22731
C1GALT1C1	0.08439	0.07251	0.07669
C1QA	0.1596	0.99625	0.1422
C1QB	0.08243	0.57729	0.08234
C1QBP	0.09417	0.08521	0.14783
C1QC	0.02922	0.32647	0.05995
C1QL1	0.01605	0.00281	0
C1QTNF2	0.07738	0.07438	0.03657
C1QTNF3	0.07449	0.01116	0.02017
C1QTNF6	0.05842	0.03751	0.03075
PCOTH	0.00227	0.00403	0
C1R	0.89563	0.23616	0.09838
C1RL	0.25673	0.17914	0.19828
C1RL-AS1	0.02938	0.05259	0.07507
C1S	1.28137	0.24564	0.07303
CATSPERE	0.00588	0.00011	0
INAVA	0.04134	0.01565	0
C1orf109	0.03793	0.0135	0.00584
C1orf112	0.02902	0.00891	0.13278
C1orf115	0.38935	0.06038	0.00972
C1orf122	0.24075	0.17218	0.24099
C1orf123	0.1685	0.09467	0.10881
C1orf127	0.00032	0.00574	0
C1orf131	0.17539	0.11905	0.32547
MIR29B2CHG	0.03131	0.11283	0.05477
OBSCN-AS1	0.00289	0.00137	0
C1orf158	0.0073	0	0
C1orf159	0.04674	0.03882	0.0723
C1orf162	0.0236	0.13874	0.08318
FYB2	0.12799	0.03303	0.08522
C1orf174	0.05755	0.02098	0.04803
RHEX	0.092	0.06818	0.03485
C1orf198	0.06648	0.01901	0.00173
SNHG28	0.00484	0.00059	0
C1orf21	0.05018	0.01114	0.0672
C1orf210	0.00554	0.00174	0.00101
C1orf216	0.02158	0.02356	0.07641
C1orf220	0.0897	0.08175	0.04873
C1orf226	0.02509	0.00081	0
ARMH1	0.0081	0.01444	0.00721
C1orf229	0.00508	0.0065	5e-04
TEX46	0.00201	0.00031	0
ODR4	0.26241	0.17449	0.11703
C1orf35	0.16874	0.12298	0.23856
C1orf43	0.57845	0.34184	0.22212
C1orf50	0.05686	0.04496	0.05757
C1orf52	0.12144	0.13531	0.09881
C1orf53	0.02507	0.00515	0.00662
C1orf54	0.01188	0.12579	0.10552
C1orf56	0.02998	0.00052	0
C1orf61	0.00739	0.0091	0.01557
C1orf74	0.01614	0.00462	0.00724
C2	1.07957	0.27727	0.05449
MIR1-1HG-AS1	0.05319	0.06097	0.04518
C20orf194	0.03981	0.08914	0.0064
SHLD1	0.01233	0.01824	0.03783
C20orf203	0.00367	0.00259	0.00049
RAB5IF	0.00177	0.00011	0.00069
C20orf27	0.10712	0.06251	0.13213
C20orf96	0.03546	0.02304	0.03971
CFAP410	0.06002	0.0695	0.0935
GATD3A	0.34581	0.28827	0.34378
C21orf58	0.0604	0.04273	0.52775
CFAP298	0.09166	0.12578	0.16484
C21orf62	0.3813	0.41242	0.29954
C21orf91	0.012	0.09567	0.28712
C22orf23	0.00491	0	0.00051
RTL10	0.23994	0.18482	0.15003
C22orf34	0.01632	0.03966	0.06449
C22orf39	0.08149	0.12521	0.18921
C22orf46	0.09968	0.09401	0.07588
C2CD2	0.12311	0.08556	0.02493
C2CD2L	0.0371	0.04206	0.04079
C2CD3	0.04196	0.06504	0.10097
C2CD4A	0.04671	0.02802	0.00275
C2CD4B	0.00305	0	0
C2CD5	0.08141	0.10654	0.23863
AC079447.1	0.0335	0.02552	0.01086
C2orf27A	0.00489	0.00059	0
C2orf42	0.04334	0.03821	0.04082
C2orf48	0.0164	0.02199	0.12018
C2orf49	0.18682	0.19905	0.23513
MAB21L4	0.16625	0.03052	0.00215
C2orf68	0.17588	0.11768	0.10183
C2orf69	0.1473	0.0827	0.14771
C2orf72	0.34085	0.0534	0.00287
C2orf74	0.0729	0.10767	0.07719
C2orf76	0.0097	0.01111	0.00227
AC005041.1	0.00293	0.00012	0
SNORC	0.08459	0.00841	0.00029
C2orf83	0.00277	0.00192	0
C2orf88	0.02027	0.06828	0.05043
C2orf91	0.02766	0.02882	0.01815
C3	2.85421	0.76735	0.34915
C3AR1	0.00645	0.09068	0.02342
C3P1	0.1031	0.03351	0.0054
C3orf14	0.05477	0.03382	0.08799
C3orf18	0.04584	0.02734	0.00243
C3orf33	0.02351	0.01292	0.00279
C3orf35	0.01988	0.01727	0.00056
C3orf38	0.04944	0.07734	0.1267
C3orf58	0.07265	0.05953	0.07033
C3orf62	0.14174	0.15583	0.12022
C3orf67	0.01724	0.00312	0.01379
C3orf70	0.00306	0.00541	0.00042
C4BPA	0.89111	0.1133	0.0169
C4BPB	0.55859	0.06945	0.02062
C4orf19	0.35313	0.26413	0.19103
ODAPH	0.0046	0.00406	0.00152
C4orf3	0.3514	0.48865	0.61845
FAM241A	0.02295	0.01592	0.01122
C4orf33	0.02231	0.03435	0.09155
C4orf46	0.01079	0.0145	0.01133
C4orf47	0.01704	0.00459	0
C4orf48	0.04506	0.2708	0.29478
C5	0.68973	0.13351	0.08454
C5AR1	0.02943	0.12786	0.00417
C5AR2	0.00045	0.00211	0.00017
C5orf15	0.16396	0.05939	0.05169
C5orf17	0.00856	0.00663	0.00086
C5orf22	0.19571	0.06721	0.02812
C5orf24	0.42849	0.3187	0.18196
C5orf30	0.01122	0.01635	0.03418
C5orf34	0.01677	0.00652	0.02819
CPLANE1	0.36378	0.18615	0.07495
C5orf47	6e-04	0.00166	0
C5orf49	0.06534	0.00205	0
C5orf51	0.2929	0.10265	0.10245
C5orf56	0.03131	0.09558	0.1118
C5orf58	0.00341	0.00241	0
C5orf63	0.07279	0.05086	0.06317
C5orf64	0.00643	0.00273	0.00033
C5orf66	0.02186	0.00561	0
C6	0.18562	0.01938	0.00318
SMIM29	0.07413	0.06003	0.05975
C6orf106	0.58476	0.29656	0.22286
C6orf120	0.15643	0.06177	0.06183
C6orf132	0.15062	0.10903	0.09252
C6orf136	0.10309	0.03616	0.04455
C6orf163	0.00856	0.01101	0
C6orf201	0.00134	0	0
C6orf203	0.08713	0.04971	0.04263
C6orf223	0.0082	0.00148	5e-04
C6orf226	0.03012	0.02229	0.02912
MPIG6B	0.00061	0.00146	0
C6orf47	0.11684	0.11199	0.05711
C6orf48	0.21063	0.174	0.20178
C6orf52	0.00304	0.00106	0.02634
C6orf62	0.76915	0.69883	0.85497
C6orf89	0.56598	0.34065	0.53444
C6orf99	5e-04	0.01193	0.00256
C7	0.00606	0.00137	0.00084
C7orf25	0.04148	0.02209	0.07692
C7orf26	0.0477	0.0824	0.04651
C7orf31	0.01657	0.01118	0.01198
C7orf43	0.03749	0.04971	0.05451
CYREN	0.05728	0.06432	0.11459
C7orf50	0.31543	0.27699	0.36828
C7orf61	0.00175	0.00288	0
C7orf65	0.03072	0.03277	0.03672
STMP1	0.19168	0.1715	0.22212
C8A	0.19502	0.02729	0.00083
C8B	0.34752	0.02876	0.0047
C8G	0.51934	0.06169	0.01041
C8orf31	0.03903	0.04547	0.02811
C8orf33	0.25774	0.15998	0.28712
C8orf37	0.02563	0.05708	0.02687
TCIM	0.0146	0.00169	0.00093
C8orf44	0.07241	0.0612	0.06212
VXN	0.0147	0.00576	0
C8orf49	0.07129	0.07987	0.03809
C8orf58	0.00653	0.00813	0.01107
C8orf59	0.22075	0.21923	0.31894
C8orf76	0.04428	0.02455	0.03334
C8orf82	0.14256	0.08326	0.05909
C8orf86	0.11942	0.1002	0.03983
C8orf88	0.00429	0.00073	0.00098
C9	0.14122	0.01526	0.00069
C9orf116	0.00797	0.00051	0
C9orf139	0.06684	0.07708	0.11207
PAXX	0.1024	0.1679	0.37448
C9orf153	0.00383	0.00253	0
C9orf16	0.03627	0.12238	0.11432
C9orf24	0.00347	0.00032	0
C9orf3	0.07975	0.02533	0.01634
C9orf40	0.00913	0.00252	0.02756
C9orf43	0.00634	0.00216	0
C9orf64	0.0768	0.08799	0.16273
C9orf66	0.11408	0.13255	0.08161
TMEM250	0.04917	0.04392	0.10801
C9orf72	0.02508	0.04906	0.0845
C9orf78	0.45358	0.49827	0.75982
C9orf85	0.0905	0.11272	0.15415
CA11	0.0325	0.0208	0.00221
CA12	0.25197	0.17541	0.15036
CA13	0.01347	0.00715	0.00351
CA14	0.00465	0.00062	0
CA2	0.0783	0.04808	0.00276
CA3	0.00193	0	0
CA5A	0.09375	0.02233	0.01358
CA5B	0.05781	0.10381	0.05288
CA5BP1	0.00217	0.00652	0
CA8	0.00812	0.00355	0.01811
CA9	0.01982	0.00226	0
CAAP1	0.05359	0.08118	0.04469
CAB39	0.14243	0.21805	0.2833
CAB39L	0.03921	0.03567	0.0197
CABIN1	0.15065	0.21086	0.33054
CABLES1	0.18605	0.06335	0.02875
CABLES2	0.04287	0.01879	0.08399
CABP4	0.34248	0.38581	0.22232
CABYR	0.05632	0.0111	0.00145
CACFD1	0.38336	0.122	0.02788
CACHD1	0.05277	0.00687	0
CACNA1A	0.00139	0.01044	0
CACNA1D	0.04326	0.01194	0.00637
CACNA1H	0.00699	0.00327	0.00086
CACNA2D2	0.00175	0.00292	0
CACNA2D4	0.00058	0.01948	0.00144
CACNB1	0.00296	0.01973	0.00237
CACNB2	0.03854	0.03139	0.02337
CACNB3	0.01452	0.00207	0.01093
CACNB4	0.01056	0.00711	0
CACNG4	0.00284	7e-05	0
CACNG8	0.27343	0.2306	0.16196
CACTIN	0.02478	0.0211	0.0293
CACUL1	0.24658	0.16239	0.1728
CACYBP	0.27233	0.37864	0.97727
CAD	0.15157	0.04924	0.25151
CADM1	0.57769	0.14948	0.13271
CADM2	0.0231	0.00204	0.00297
CADM3	0.00495	0	0
CADM4	0.00421	0.00288	0
CADPS2	0.11366	0.06648	0.00461
CAGE1	0.01328	0.02237	0.01075
CAHM	0.00514	0.00999	0
CALCA	0.0042	0.00564	0
CALCOCO1	0.09967	0.09783	0.07331
CALCOCO2	0.33571	0.33518	0.40155
CALCR	0.00227	0.0043	5e-04
CALCRL	0.00312	0.00777	0
CALD1	1.3801	0.4668	0.12111
CALHM1	0.00351	0.00685	0.0028
CALHM2	0.00172	0.02193	0.03725
CALM1	0.83783	1.53485	2.4626
CALM2	0.82441	1.0452	1.9469
CALM3	0.40866	0.60795	1.45704
CALML3-AS1	0.00219	0.00108	0
CALML4	0.07915	0.02987	0.01456
CALN1	0.09978	0.08914	0.06175
CALR	1.1528	0.99158	1.32746
CALU	0.70081	0.40186	0.34224
CAMK1	0.04236	0.04602	0.04659
CAMK1D	0.64488	0.45906	0.39492
CAMK2B	0.04601	0.00307	0
CAMK2D	0.16889	0.16447	0.32369
CAMK2G	0.17422	0.11111	0.15441
CAMK2N1	0.72137	0.13776	0.031
CAMK2N2	0.02648	0.00015	6e-04
CAMK4	0.19768	0.22662	0.42521
CAMKK1	0.00377	0.01496	0.00309
CAMKK2	0.15565	0.09347	0.10276
CAMKMT	0.02061	0.02141	0.01175
CAMLG	0.25017	0.19777	0.27127
CAMSAP1	0.04695	0.06522	0.12618
CAMSAP2	0.2426	0.07808	0.03973
CAMSAP3	0.06097	0.01298	0.00871
CAMTA1	0.22166	0.12995	0.1412
CAMTA2	0.0551	0.1218	0.08707
CAND1	0.20153	0.15422	0.33211
CAND2	0.00238	0.00236	0
CANT1	0.15237	0.08966	0.38799
CANX	1.84746	1.30052	1.19096
CAP1	0.55705	1.0242	1.57936
CAP2	0.34663	0.0464	0.00371
CAPG	0.00891	0.14518	0.10609
CAPN1	0.20736	0.16938	0.38848
CAPN10	0.04767	0.04869	0.05957
CAPN10-DT	0.13565	0.09826	0.0598
CAPN12	0.15023	0.05306	0.02253
CAPN13	0.00604	0	0
CAPN15	0.06082	0.05273	0.08304
CAPN2	0.23693	0.2618	0.44035
CAPN3	0.07984	0.06404	0.00235
CAPN5	0.20767	0.03053	0.00141
CAPN7	0.19359	0.18557	0.26489
CAPNS1	0.67565	0.49187	0.73937
CAPRIN1	0.28676	0.27833	0.69487
CAPRIN2	0.15952	0.10494	0.09467
CAPS	0.03608	0.02296	0.01007
CAPS2	0.02836	0.01178	0
CAPZA1	0.22323	0.40611	0.90133
CAPZA2	0.33018	0.32549	0.35591
CAPZB	0.25927	0.51062	0.87388
CARD10	0.07876	0.01485	0.00296
CARD11	0.00629	0.07397	0.1325
CARD16	0.02719	0.30049	0.38242
CARD18	0.00815	0.00146	0.00347
CARD6	0.01238	0.04073	0.06898
CARD8	0.09853	0.3524	0.38471
CARD9	0.00277	0.03024	0.00545
CARF	0.21016	0.19266	0.17797
CARHSP1	0.25709	0.06195	0.22168
CARM1	0.12572	0.12594	0.1644
CARNS1	0.00594	0.00158	0.02482
CARS	0.13676	0.17298	0.25438
CARS2	0.13273	0.11801	0.14822
CASC1	0.00226	0.00227	3e-04
CASC10	0.13153	0.00975	0.001
CASC15	0.00785	0	0
CASC2	0.00491	0.00264	0
CASC20	0.00423	0.00016	0.00044
CASC3	0.25894	0.22909	0.29376
CASC4	0.29616	0.23148	0.11791
CASC6	0.01355	0.00937	0.00616
CASC9	0.03772	0.00756	0.0011
CASD1	0.07086	0.08141	0.05036
CASK	0.14954	0.09897	0.07971
CASKIN1	0.00251	0.00635	0
CASKIN2	0.04247	0.01433	0.02245
CASP1	0.01903	0.1408	0.11175
CASP10	0.06362	0.19331	0.08968
CASP14	0.01619	0.02394	0.02333
CASP2	0.0883	0.08455	0.26622
CASP3	0.08422	0.19546	0.37973
CASP4	0.14664	0.36837	0.34492
CASP5	0.00092	0.01409	0.00241
CASP6	0.1734	0.17504	0.22886
CASP7	0.03541	0.05961	0.11943
CASP8	0.05446	0.17024	0.27104
CASP8AP2	0.20639	0.20429	0.43346
CASP9	0.02232	0.01423	0.01189
CASQ1	0.00342	0.00297	0
CASS4	0.0034	0.00541	0.01796
CAST	0.79095	0.73152	0.77306
CASZ1	0.02225	0.02784	0.02141
CAT	0.71201	0.17462	0.13722
CATSPER2	0.04307	0.01799	0.00066
CATSPER2P1	0.08615	0.05306	0.02415
CATSPER3	0.00868	0	0
CATSPERG	0.00444	0.00078	0
CAV1	0.02433	0.07471	0.10272
CAV2	0.20273	0.09519	0.0435
CBFA2T2	0.25954	0.18699	0.15019
CBFA2T3	0.0031	0.04974	0.06096
CBFB	0.06134	0.10587	0.26292
CBL	0.05122	0.13789	0.28617
CBLB	0.07782	0.3543	0.53098
CBLC	0.02262	0.00277	0
CBLL1	0.06483	0.05524	0.12906
CBLN3	0.00787	0.00657	0
CBLN4	0.0058	0	0
CBR1	0.74249	0.41235	0.16562
CBR3	0.01312	0.01057	0.10567
CBR3-AS1	0.00144	0.00248	0
CBR4	0.10025	0.04749	0.11006
CBS	0.00685	0	0
CBWD1	0.07561	0.06557	0.06068
CBWD2	0.01969	0.03761	0.0437
CBWD3	0.00175	0.00188	0.00159
CBWD5	0.02735	0.07096	0.06487
AL163540.1	0.00282	0.00236	0.00711
CBX1	0.17576	0.22117	0.79846
CBX2	0.00312	0.00154	0
CBX3	0.64815	0.61326	1.80255
CBX3P2	0.00288	0.00175	0.00844
CBX4	0.26361	0.1761	0.20317
CBX5	0.22368	0.33581	1.21568
CBX6	0.09923	0.09042	0.23318
CBX7	0.07481	0.04924	0.08148
CBX8	0.00721	0.00784	0.02269
CBY1	0.02503	0.01552	0.00457
CC2D1A	0.08427	0.03263	0.08754
CC2D1B	0.10416	0.09727	0.11119
CC2D2A	0.19709	0.19373	0.14838
CCAR1	0.49227	0.61069	0.95754
CCAR2	0.02429	0.02547	0.09054
CCBE1	0.35385	0.34422	0.19583
CCDC102A	0.00446	0.02229	0.02652
CCDC102B	0.00902	0.01049	0
CCDC103	0.0044	0.00068	0
CCDC106	0.01305	0.01109	0.00799
CCDC107	0.11272	0.18492	0.18318
CCDC110	0.00851	0.01294	0
CCDC112	0.04407	0.11083	0.0321
CCDC113	0.06867	0.01757	0.00137
CCDC114	0.01688	0.01395	0.01225
CCDC115	0.03294	0.03105	0.03245
CCDC117	0.15849	0.14877	0.08042
CCDC12	0.13766	0.15327	0.24571
CCDC120	0.01761	0.01336	0.03864
CCDC121	0.01355	0.01624	0.00778
CCDC122	0.02503	0.01543	0.016
CCDC124	0.0901	0.08215	0.19272
CCDC125	0.26644	0.2156	0.18607
CCDC126	0.03803	0.02084	0.03345
CCDC127	0.08788	0.0527	0.10902
CCDC13	0.00582	0.00783	0
CCDC130	0.10475	0.10847	0.30893
CCDC134	0.0077	0.00946	0.03908
CCDC136	0.0082	0.02581	0.06832
CCDC137	0.14294	0.1449	0.11007
CCDC138	0.0285	0.0228	0.09528
CCDC14	0.26648	0.15639	0.38655
CCDC141	0.0129	0.17874	0.23443
CCDC142	0.62974	0.62276	0.51651
CCDC144A	0.03319	0.00233	0
CCDC144B	0.06517	0.15338	0.12229
CCDC144CP	0.0034	0.01425	0.01549
CCDC144NL	0.00502	0.00072	0
CCDC146	0.08665	0.11202	0.2389
CCDC148	0.01701	0.00244	0.00709
CCDC149	0.05925	0.03189	0
CCDC15	0.04355	0.02193	0.10463
CCDC150	0.09567	0.02555	0.13886
CCDC151	0.00988	0.00636	0.01304
CCDC152	0.06523	0.04608	0.03475
CCDC153	0.00639	0.00506	0.00614
CCDC154	0.00964	0.00453	0.00275
CCDC157	0.26392	0.23796	0.24159
CCDC158	0.00988	0.0017	0
CCDC159	0.11041	0.06841	0.01743
CCDC167	0.34947	0.2824	1.06486
CCDC168	0.0021	0.00276	0.00235
CCDC17	0.00908	0.0055	0
CCDC170	0.28153	0.10983	0.03455
CCDC171	0.04359	0.01576	0.03608
CCDC173	0.00524	0.0037	0
CCDC174	0.18891	0.18035	0.26294
CCDC18	0.09832	0.09548	0.47304
CCDC181	0.00596	0.00163	0
CCDC183	0.00245	0.00528	0
CCDC22	0.05612	0.06233	0.07128
CCDC24	0.03157	0.01149	0.00774
CCDC25	0.16109	0.16915	0.39851
CCDC28A	0.17884	0.2082	0.23829
CCDC28B	0.08858	0.03326	0.12481
CCDC3	0.01418	0	0
CCDC30	0.06896	0.06089	0.04126
CCDC34	0.19882	0.06013	0.58657
CCDC36	0.00654	0.00411	0
CCDC38	0.00298	0.00024	0
CCDC40	0.03196	0.01624	0.00128
CCDC43	0.1093	0.15352	0.25942
CCDC47	0.56277	0.4218	0.46292
CCDC50	0.40548	0.26945	0.35472
CCDC51	0.02131	0.01413	0.01468
CCDC57	0.05206	0.12344	0.19933
CCDC58	0.10362	0.04572	0.05987
CCDC59	0.08949	0.19372	0.28015
CCDC6	0.12729	0.16669	0.37912
CCDC61	0.03956	0.03468	0.07882
CCDC65	0.0017	0.00764	0
CCDC66	0.14511	0.27124	0.42235
CCDC68	0.04444	0.0088	0
CCDC69	0.24982	0.61373	0.98916
CCDC7	0.10773	0.07525	0.11984
CCDC71	0.00332	0.00385	0.00158
CCDC71L	0.03417	0.02435	0.03795
CCDC73	0.03216	0.00762	0.00026
CCDC74A	0.00086	0	0.00739
CCDC77	0.02822	0.02883	0.0846
CCDC8	0.00208	0.00278	0
CCDC80	0.00162	0.00676	0.05128
CCDC81	0.00364	0	0.01342
CCDC82	0.20103	0.15393	0.44908
CCDC84	0.14665	0.07616	0.16345
CCDC85B	0.05898	0.10617	0.21698
CCDC85C	0.12949	0.02566	0.01705
CCDC86	0.08983	0.05711	0.0123
CCDC87	0.00479	0.00103	0
CCDC88A	0.43256	0.72717	0.61443
CCDC88B	0.05666	0.27246	0.35127
CCDC88C	0.03442	0.36	0.37671
CCDC9	0.02178	0.0374	0.02659
CCDC90B	0.25981	0.26073	0.23344
CCDC91	0.15782	0.21288	0.2238
CCDC92	0.11307	0.08668	0.06654
CCDC93	0.13934	0.11586	0.20741
YJU2	0.0416	0.07373	0.14823
CCDC96	0.00518	0.00384	0.02654
CCDC97	0.05345	0.06931	0.09294
CCER2	0.01315	0.00205	0
CCHCR1	0.11793	0.05242	0.07861
CCL2	0.00978	0.01913	0
CCL20	0.01783	0.00698	0.00086
CCL22	0.00565	0.01177	0.02208
CCL25	0.0083	0.00416	0
CCL28	0.11078	0.0602	0.03103
CCL5	0.27275	1.51332	2.04872
CCL8	0.00502	0.00855	0.01563
CCM2	0.10747	0.19746	0.33643
CCM2L	0.00536	0	0
CCNA2	0.02329	0.01806	0.60665
CCNB1	0.06916	0.04006	0.93773
CCNB1IP1	0.07758	0.04829	0.07163
CCNB2	0.03143	0.01699	0.65322
CCNB3	0.00134	0.00681	0
CCNC	0.28513	0.17837	0.28421
CCND1	0.35405	0.14593	0.03943
CCND2	0.03274	0.63027	0.65487
CCND3	0.06138	0.30465	0.80535
CCNDBP1	0.11247	0.15489	0.19113
CCNE1	0.01008	0.01445	0.07477
CCNE2	0.02457	0.01179	0.21925
CCNF	0.02144	0.02012	0.3997
CCNG1	0.18774	0.07795	0.12463
CCNG2	0.05238	0.05334	0.09582
CCNH	0.03442	0.15898	0.06664
CCNI	0.34051	0.83198	1.44065
CCNJ	0.01308	0.00217	0.00155
CCNJL	0.00173	9e-04	0.00102
CCNK	0.15533	0.22721	0.2754
CCNL1	0.40945	0.85436	0.97745
CCNL2	0.71492	0.3107	0.43219
CCNT1	0.21378	0.15315	0.43473
CCNT2	0.17876	0.14252	0.26675
CCNY	0.19209	0.12099	0.12491
CCNYL1	0.0593	0.04678	0.02663
CCP110	0.13274	0.15699	0.3442
CCPG1	0.07907	0.05981	0.02361
CCR1	0.01752	0.19007	0.19635
CCR10	0.00266	0.01003	0
CCR2	0.00703	0.12185	0.0932
CCR5	0.00363	0.11045	0.12635
CCR6	0.25434	0.28789	0.27669
CCR7	0.00405	0.04563	0.07379
CCRL2	0.00203	0.0342	0.01321
CCS	0.38537	0.16577	0.15277
CCSAP	0.05688	0.0544	0.07883
CCSER1	0.0016	0.01918	0.03332
CCSER2	0.19659	0.28191	0.34456
CCT2	0.28797	0.19564	0.49515
CCT3	0.73073	0.32779	0.72031
CCT4	0.32075	0.20395	0.51973
CCT5	0.7445	0.29246	1.04863
CCT6A	0.47523	0.29741	0.72438
CCT6B	0.00443	0.00688	0.02896
CCT6P1	0.01214	0.01318	0.02101
CCT6P3	0.0418	0.04321	0.04293
CCT7	0.21461	0.20915	0.49978
CCT8	0.4468	0.33103	0.53786
CCZ1	0.03501	0.0422	0.05743
CCZ1B	0.01629	0.01243	0.02178
CD101	0.00834	0.01303	0.01042
CD109	0.08789	0.07737	0.1035
CD14	0.32294	0.42532	0.03106
CD151	0.338	0.12268	0.14269
CD160	0.00466	0.07376	0.16356
CD163	0.02781	0.40772	0.04712
CD163L1	0.00517	0.08573	0
CD164	0.46266	0.37046	0.4831
CD177	0.00089	0.01026	0
CD180	0.00106	0.05657	0.02376
CD19	0.02675	0.11349	0.1621
CD1C	0.00166	0.01982	0.01485
CD1D	0.00288	0.04329	0.01932
CD2	0.06808	0.8589	1.4509
CD200	0.00116	0.01944	0.10712
CD200R1	0.00152	0.05412	0.02512
CD209	0.01833	0.10609	0.00083
CD22	0.00605	0.05107	0.19544
CD226	0.00456	0.04438	0.0979
CD24	0.6792	0.10219	0.04705
CD244	0.00219	0.05366	0.09844
CD247	0.00947	0.19898	0.36572
CD27	0.04562	0.69231	1.09806
CD27-AS1	0.01428	0.0158	0.00447
CD274	0.00293	0.01136	0.00129
CD276	0.11018	0.09201	0.0021
CD28	0.02906	0.09626	0.22411
CD2AP	0.34944	0.27131	0.24976
CD2BP2	0.12766	0.13992	0.21336
CD300A	0.00107	0.06363	0.0316
CD300C	0.00154	0.01934	0
CD300E	0.04296	0.03583	0.03086
CD300LF	0.00507	0.03304	0
CD300LG	0.00341	0.00053	0.00098
CD302	0.0082	0.00399	0
CD320	0.11394	0.08486	0.22826
CD33	0.00394	0.04272	0.01096
CD34	0.00373	0.00204	0.00064
CD36	0.21406	0.10094	0.02656
CD37	0.01664	0.3381	0.43438
CD38	0.02331	0.354	0.47914
CD3D	0.04044	0.62554	1.23614
CD3E	0.01528	0.31612	0.56021
CD3EAP	0.08346	0.03859	0.04638
CD3G	0.01682	0.29264	0.65254
CD4	0.01783	0.26045	0.18771
CD40	0.05268	0.05404	0.01844
CD40LG	0.00372	0.04689	0.06942
CD44	0.05418	0.52996	0.58796
CD46	0.55534	0.28747	0.20941
CD47	0.16488	0.24881	0.37597
CD48	0.00565	0.18131	0.20706
CD5	0.01304	0.11211	0.26397
CD52	0.1071	1.0902	1.7771
CD53	0.01524	0.33959	0.44161
CD55	0.04522	0.09732	0.08092
CD58	0.03521	0.11967	0.14879
CD59	0.64099	0.5523	0.30812
CD5L	0.00134	0.02165	0
CD6	0.01711	0.28304	0.62963
CD63	1.29341	1.32057	0.81868
CD68	0.08701	0.37398	0.05677
CD69	0.03528	0.48952	0.67017
CD7	0.00641	0.14919	0.193
CD70	0.14587	0.12784	0.13293
CD72	0.00072	0.0458	0.01403
CD74	0.96845	3.01048	2.88669
CD79A	0.01757	0.38641	0.24999
CD79B	0.01674	0.17964	0.27772
CD80	8e-05	0.01551	0.0322
CD81	0.98022	0.71215	0.96128
CD82	0.26231	0.33693	0.41978
CD83	0.02091	0.24407	0.12506
CD84	0.37797	1.04841	1.12565
CD86	0.01942	0.2605	0.06833
CD8A	0.03977	0.48822	0.94166
CD8B	0.01824	0.29185	0.58023
CD9	0.05812	0.06837	0
CD93	0.01378	0.11579	0.03691
CD96	0.10924	0.46833	0.66196
CD99	0.00191	0.00268	0.00062
CD99L2	0.13497	0.0499	0.01287
CDA	0.02185	0.00323	0.00159
CDADC1	0.04623	0.02687	0.07691
CDAN1	0.07436	0.05095	0.0634
CDC123	0.1838	0.16165	0.44644
CDC14A	0.02814	0.05317	0.07596
CDC14B	0.1089	0.05188	0.00254
CDC16	0.20877	0.19661	0.29483
CDC20	0.03539	0.0161	0.57537
CDC23	0.09052	0.06894	0.12836
CDC25A	0.01672	0.00855	0.12217
CDC25B	0.2194	0.24257	1.0761
CDC25C	0.01609	0.00585	0.15494
CDC26	0.03416	0.0596	0.03136
CDC27	0.21088	0.21934	0.41547
CDC34	0.15373	0.08625	0.10871
CDC37	0.24229	0.31479	0.62281
CDC37L1	0.06556	0.07609	0.11113
CDC40	0.45089	0.39579	0.41311
CDC42	0.47536	0.59676	1.0397
CDC42BPA	0.6203	0.0799	0.00661
CDC42BPB	0.35193	0.13489	0.11314
CDC42BPG	0.00432	0	0
CDC42EP1	0.07713	0.02184	0
CDC42EP2	0.03755	0.01537	0.00939
CDC42EP3	0.00769	0.10762	0.15443
CDC42EP4	0.12195	0.01634	0.00042
CDC42P3	0.00033	0.00235	0.00223
CDC42SE1	0.11554	0.23561	0.23173
CDC42SE2	0.18795	0.75014	1.2478
CDC45	0.00624	0.0044	0.12237
CDC5L	0.36802	0.28481	0.50903
CDC6	0.04143	0.03812	0.32497
CDC7	0.02161	0.01339	0.06607
CDC73	0.19901	0.19948	0.27835
CDCA2	0.01796	0.02078	0.64757
CDCA3	0.01314	0.00862	0.42102
CDCA4	0.00762	0.01443	0.10044
CDCA5	0.04229	0.03437	0.91951
CDCA7	0.01962	0.01715	0.14764
CDCA7L	0.06809	0.06393	0.10261
CDCA8	0.04208	0.01595	0.87069
CDCP1	0.00925	0.06851	0.00655
CDH1	0.19455	0.01717	0.01675
CDH12	0.00741	0.00014	0.00045
CDH15	0.01774	0	0
CDH16	0.00738	0.00177	0
CDH17	0.00398	0.00527	0
CDH18	0.00829	0.00154	0
CDH19	0.01773	0.00135	0
CDH2	0.43783	0.06238	0.05454
CDH23	0.1288	0.12118	0.07499
CDH24	0.00134	0.00049	0.00166
CDH4	0.00127	0.00012	0
CDH5	0.00379	0.00136	0
CDH6	0.00284	0.00484	0.00326
CDH7	0.00945	0.00584	0.01118
CDH8	0.00334	0	0
CDH9	0.00656	0.00281	0
CDHR1	0.00369	0.05708	0.02126
CDHR2	0.02411	0.00797	0.00083
CDHR3	0.12551	0.06578	0.02966
CDHR5	0.28648	0.02824	0.00775
CDIP1	0.10652	0.08629	0.11313
CDIPT	0.32545	0.16193	0.17389
CDIPTOSP	0.01845	0.00022	0
CDK1	0.03735	0.01017	0.5866
CDK10	0.24975	0.13921	0.1347
CDK11A	0.02125	0.02316	0.00877
CDK11B	0.01067	0.01628	0.03143
CDK12	0.34748	0.3417	0.54796
CDK13	0.25526	0.26635	0.36929
CDK14	0.20417	0.17484	0.22025
CDK16	0.35744	0.05191	0.07313
CDK17	0.06185	0.11711	0.09024
CDK18	0.01191	0.00437	0
CDK19	0.1003	0.07433	0.28837
CDK2	0.03478	0.03194	0.1157
CDK20	0.00749	0.00047	0
CDK2AP1	0.06566	0.04087	0.09557
CDK2AP2	0.25392	0.25956	0.61473
CDK4	0.36618	0.25152	0.32839
CDK5	0.07485	0.04718	0.0844
CDK5R1	0.01262	0.01451	0.02109
CDK5RAP1	0.11571	0.05594	0.05699
CDK5RAP2	0.37706	0.38158	0.70375
CDK5RAP3	0.62949	0.41375	0.37001
CDK6	0.25019	0.21707	0.26857
CDK7	0.05434	0.03791	0.07028
CDK8	0.03226	0.02861	0.00413
CDK9	0.02931	0.0495	0.05467
CDKAL1	0.10732	0.08779	0.07541
CDKL1	0.01091	0.02153	0.07815
CDKL3	0.01481	0.01198	0.00166
CDKL4	0.00446	0.0056	0.00157
CDKL5	0.03875	0.02838	0.0288
CDKN1A	0.06786	0.1539	0.06858
CDKN1B	0.11156	0.24692	0.51335
CDKN1C	0.06172	0.02903	0
CDKN2A	0.04523	0.04126	0.09696
CDKN2AIP	0.05281	0.09898	0.24664
CDKN2AIPNL	0.12784	0.06676	0.14856
CDKN2B	0.01858	0.01394	0
CDKN2B-AS1	0.01545	0.02766	0.0239
CDKN2C	0.04078	0.07352	0.2295
CDKN2D	0.01159	0.02737	0.11012
CDKN3	0.05461	0.01099	0.68506
CDNF	0.01097	0.00755	0
CDO1	0.53042	0.05626	0.00503
CDON	0.02761	0.00735	0.00894
CDPF1	0.0361	0.02506	0.02778
CDR2	0.03548	0.07427	0.0748
CDRT1	0.00772	0.00169	0.00168
CDS1	0.00825	0.00418	0.00783
CDS2	0.11623	0.08393	0.13146
CDT1	0.08	0.07535	0.36425
CDV3	0.39723	0.68755	0.71388
CDYL	0.09636	0.18206	0.25183
CDYL2	0.01616	0.05352	0.03508
CEACAM1	0.16264	0.03341	0.00065
CEACAM19	0.0101	0.00293	0.00168
CEACAM21	0.00375	0.03342	0.05668
CEACAM22P	0.16106	0.14222	0.11527
CEACAM4	0.00011	0.00974	0
CEACAM5	0.13696	0.18129	0.19488
CEACAM8	0.00244	0.00313	0.00042
CEBPA	0.58024	0.1846	0.01756
CEBPA-DT	0.05177	0.00871	0
CEBPB	0.29237	0.15002	0.08664
CEBPD	0.19038	0.1467	0.06823
CEBPG	0.3009	0.12719	0.18744
CEBPZ	0.30177	0.29474	0.50356
ADA2	0.06578	0.59681	0.42325
CECR2	0.11335	0.02166	0.03395
CECR3	0.00154	0.00774	0
HDHD5	0.06587	0.04927	0.09528
HDHD5-AS1	0.01325	0.00586	0
CECR7	0.0077	0.00641	0
CELF1	0.77283	0.44682	0.48911
CELF2	0.07764	0.73609	0.96163
CELF4	0.03105	0.01551	0.00073
CELF5	0.04396	0.00589	0
CELF6	0.04051	0.03125	0.00082
CELSR1	0.02182	0.00487	0
CELSR2	0.02005	0.00954	0.00067
CELSR3	0.02357	0.00656	0.00767
CENPA	0.00582	0.00139	0.11269
CENPB	0.20604	0.15938	0.25111
CENPBD1	0.18909	0.16921	0.11112
CENPBD1P1	0.14173	0.06155	0.10179
CENPC	0.11789	0.33083	0.59325
CENPE	0.10428	0.17397	1.95386
CENPF	0.20938	0.14436	2.61196
CENPH	0.02264	0.02454	0.20279
CENPI	0.01399	0.00171	0.07399
CENPJ	0.12792	0.11714	0.421
CENPK	0.02409	0.05862	0.48565
CENPL	0.03175	0.03186	0.24385
CENPM	0.02992	0.05517	0.50149
CENPN	0.24091	0.19116	0.68976
CENPO	0.0199	0.01634	0.22194
CENPP	0.01465	0.01922	0.05278
CENPQ	0.0435	0.01811	0.0862
CENPT	0.01662	0.02011	0.01182
CENPU	0.07245	0.04847	0.7095
CENPV	0.09017	0.0133	0.00739
CENPW	0.04871	0.01189	0.30884
CEP104	0.24717	0.17998	0.27539
CEP112	0.04314	0.01494	0.06122
CEP120	0.08461	0.14729	0.30221
CEP128	0.04963	0.20491	0.47062
CEP135	0.16024	0.23787	0.45391
CEP152	0.10683	0.09845	0.75167
CEP164	0.20101	0.09925	0.20595
CEP170	0.17669	0.23128	0.12837
CEP170B	0.07384	0.02291	0.00138
CEP19	0.10108	0.12225	0.05697
CEP192	0.12254	0.1443	0.2598
CEP250	0.19461	0.12527	0.14208
CEP290	0.3275	0.316	0.24541
CEP350	0.71308	0.76803	1.25917
CEP41	0.09198	0.08462	0.09981
CEP44	0.07942	0.0586	0.13885
CEP55	0.0204	0.01837	0.77139
CEP57	0.34957	0.24741	0.7139
CEP57L1	0.09407	0.07097	0.21258
CEP63	0.17177	0.16938	0.27529
CEP68	0.19135	0.17736	0.1624
CEP70	0.14112	0.05502	0.0903
CEP72	0.01611	0.00457	0.00876
CEP76	0.02027	0.015	0.06524
CEP78	0.03395	0.02277	0.09841
CEP85	0.0394	0.02428	0.07339
CEP85L	0.07678	0.24058	0.42589
CEP89	0.04344	0.03807	0.17685
CEP95	0.13763	0.12934	0.2058
CEP97	0.06118	0.08907	0.30765
CEPT1	0.05804	0.08942	0.04329
CERCAM	0.00387	0.02718	0
CERK	0.26557	0.29914	0.37936
CERS2	0.7005	0.15443	0.04746
CERS3	0.00201	9e-05	0.00086
CERS4	0.18346	0.04533	0.07023
CERS5	0.19858	0.1716	0.173
CERS6	0.13825	0.12724	0.15949
CES1	2.75965	1.16442	0.4465
CES1P1	0.04516	0.00983	0.00109
CES1P2	0.00205	0.00306	0
CES2	0.95351	0.35232	0.2896
CES3	0.10891	0.03271	0.01765
CES4A	0.01297	0.01353	0.00602
CES5A	0.00218	0.00423	0
CETN1	0.00168	0	0
CETN2	0.21261	0.08351	0.0952
CETN3	0.05865	0.07761	0.12023
CETN4P	0.00152	0.00093	0
CFB	2.23432	0.49374	0.19017
CFD	0.02354	0.14259	0.00668
CFDP1	0.37272	0.31642	0.7443
CFH	1.3306	0.22367	0.05539
CFHR1	0.77333	0.08273	0.02325
CFHR2	0.65941	0.06432	0.01603
CFHR3	0.06221	0.00379	0
CFHR4	0.02328	0.0022	0
CFHR5	0.36979	0.02896	0.00274
CFI	0.35648	0.06086	0.00648
CFL1	0.8699	1.15035	2.38775
CFL1P1	0.01237	0.01331	0.00832
CFL2	0.22063	0.07216	0.04238
CFLAR	0.82021	1.21926	0.94634
CFP	0.00182	0.02977	0.00447
CGGBP1	0.31619	0.31337	0.58212
CGN	0.22746	0.05035	0.00098
CGNL1	0.82187	0.21079	0.08519
CGREF1	0.03555	0.00489	0.00037
CGRRF1	0.03433	0.03569	0.02472
CH25H	0.00102	0.01785	0.01879
CHAC1	0.04595	0.04928	0.00067
CHAC2	0.00283	0.0051	0.02308
CHAD	0.02148	0.00279	0
CHADL	0.01391	0.01636	0
CHAF1A	0.12297	0.09382	0.49045
CHAF1B	0.0157	0.0145	0.06682
CHAMP1	0.06833	0.07355	0.13595
CHCHD1	0.17826	0.1484	0.30597
CHCHD10	0.50282	0.30736	0.30821
CHCHD2	0.51628	0.54819	1.07114
CHCHD3	0.09494	0.0991	0.18727
CHCHD4	0.09159	0.06145	0.06462
CHCHD5	0.05429	0.0767	0.12279
CHCHD6	0.03365	0.06892	0.01341
CHCHD7	0.08713	0.14671	0.22547
CHD1	0.23533	0.31769	0.27662
CHD1L	0.3831	0.16616	0.18468
CHD2	0.6267	0.85995	0.93402
CHD3	0.03332	0.27257	0.46656
CHD4	0.66763	0.6418	1.14358
CHD5	0.00217	0	0
CHD6	0.36598	0.37979	0.32206
CHD7	0.22518	0.24836	0.17338
CHD8	0.32667	0.41477	0.48696
CHD9	0.36812	0.54359	0.47302
CHDH	0.64027	0.26335	0.14854
CHEK1	0.04446	0.03765	0.34286
CHEK2	0.04944	0.04456	0.11531
CHEK2P2	0.0034	0.00212	0
CHERP	0.10481	0.04752	0.09063
CHFR	0.08564	0.10224	0.12752
CHI3L1	0.90384	0.16943	0.05283
CHI3L2	0.00221	0.04169	0.09284
CHIAP2	0.04208	0.03462	0.0414
CHIC1	0.01393	0.01353	0.02699
CHIC2	0.03086	0.03254	0.067
CHID1	0.39298	0.29219	0.14012
CHKA	0.18437	0.08177	0.02798
CHKB	0.03654	0.10299	0.059
CHKB-DT	0.01911	0.00623	0
CHM	0.18065	0.18524	0.19292
CHML	0.1505	0.11202	0.05919
CHMP1A	0.2785	0.18711	0.46497
CHMP1B	0.14682	0.21898	0.24413
CHMP2A	0.40451	0.36386	0.48852
CHMP2B	0.19756	0.20494	0.17259
CHMP3	0.02845	0.05673	0.01037
CHMP4A	0.20124	0.36775	0.72202
CHMP4B	0.13143	0.21397	0.20359
CHMP4C	0.11836	0.07546	0.03374
CHMP5	0.09731	0.10338	0.07259
CHMP6	0.12159	0.06433	0.15368
CHMP7	0.03652	0.05877	0.13803
CHN1	0.00996	0.01863	0.08527
CHN2	0.14984	0.07739	0.08803
CHODL	0.00564	0.00485	0.00051
CHORDC1	0.10868	0.18146	0.16943
CHP1	0.34545	0.17187	0.18377
CHP2	0.03859	0.00823	9e-04
CHPF	0.10571	0.16106	0.08485
CHPF2	0.07522	0.08377	0.03777
CHPT1	0.34069	0.09921	0.05409
CHRAC1	0.10297	0.10329	0.20799
CHRD	0.11261	0.02157	0.01709
CHRDL1	0.00375	0.00146	0.00098
CHRDL2	0.02142	0.00207	0
CHRM3	0.02599	0.00859	0.00086
CHRNA10	0.00423	0.00126	0.00525
CHRNA2	0.00182	0.00132	0
CHRNA3	0.00024	0.00041	0
CHRNA5	0.19741	0.20207	0.10276
CHRNA7	0.00258	0.00279	0
CHRNB1	0.22815	0.21123	0.14185
CHRND	0.00262	0	0
CHRNE	0.00751	0.00244	0.00243
CHST1	0.00476	0.00315	0.00078
CHST10	0.01285	0.01107	0.00885
CHST11	0.01517	0.14831	0.16283
CHST12	0.03193	0.07585	0.04621
CHST13	0.17088	0.03673	0.00135
CHST14	0.01821	0.00273	0.0225
CHST15	0.16093	0.20152	0.13671
CHST2	0.00136	0.0468	0.08578
CHST3	0.0078	0.00592	0.00461
CHST5	0.01303	0.01275	0.00321
CHST6	0.37712	0.31561	0.19532
CHST7	0.01208	0.01706	0.0077
CHST9	0.02849	0.00902	0.00225
CHSY1	0.03789	0.06878	0.10865
CHTF18	0.03941	0.01424	0.12652
CHTF8	0.0842	0.07734	0.10694
CHTOP	0.3629	0.19831	0.51771
CHUK	0.08247	0.05785	0.15087
CHURC1	0.33804	0.45434	0.67821
CIAO1	0.60408	0.64147	0.63607
CIAPIN1	0.12025	0.06038	0.12937
CIB1	0.43513	0.49171	0.79275
CIB2	0.05356	0.0264	0.03284
CIC	0.06316	0.03292	0.04588
CIDEB	0.14016	0.05745	0.10114
CIDEC	0.01437	0.00674	0.00702
CIDECP	0.03457	0.01713	0.05252
CIITA	0.01418	0.06169	0.04314
CINP	0.09857	0.13827	0.08378
CIPC	0.05445	0.04038	0.00776
CIR1	0.24116	0.34671	0.334
CIRBP	0.51115	0.96029	0.7409
CISD1	0.3164	0.09628	0.17182
CISD2	0.29272	0.25935	0.33187
CISH	0.01725	0.04334	0.04159
CIT	0.03759	0.02568	0.41394
CITED2	0.0502	0.31407	0.19345
CITED4	0.11721	0.02456	0.02748
CIZ1	0.09858	0.1401	0.21858
CKAP2	0.12263	0.17893	1.15931
CKAP2L	0.06534	0.04524	0.49513
CKAP4	0.38292	0.22696	0.16231
CKAP5	0.25929	0.23411	1.25273
CKB	0.18198	0.06769	0.01986
CKLF	0.06955	0.14477	0.3306
CKMT1A	0.01622	0.00125	0.00427
CKMT1B	0.02643	0.00861	0.00143
CKMT2	0.00132	0	0
CKMT2-AS1	0.12608	0.07091	0.02815
CKS1B	0.22512	0.08325	0.72501
CKS2	0.08761	0.11545	1.00586
CLASP1	0.10411	0.1322	0.23099
CLASP2	0.08678	0.09593	0.09038
CLASRP	0.03279	0.02787	0.09018
CLCC1	0.11248	0.10994	0.13136
CLCF1	0.01147	0.00351	0
CLCN2	0.01524	0.00638	0.00044
CLCN3	0.17894	0.1476	0.25853
CLCN4	0.02946	0.02315	0.01882
CLCN5	0.18918	0.03783	0.00167
CLCN6	0.07521	0.03972	0.01708
CLCN7	0.21333	0.16907	0.17231
CLCNKA	0.01429	0.00327	0
CLCNKB	0.04446	0.01288	0.00044
CLDN1	0.45506	0.0903	0.01689
CLDN10	0.00627	0.01063	0.0127
CLDN11	0.02136	0.00159	0
CLDN12	0.14569	0.01864	0.00037
CLDN14	0.02808	0.00683	0.00162
CLDN15	0.09562	0.04796	0.00236
CLDN16	0.12477	0.11826	0.07907
CLDN18	0.01574	0.00884	0.00147
CLDN19	0.09238	0.05584	0.03741
CLDN2	0.10766	0.01491	0
CLDN23	0.00887	0.00214	0.02006
CLDN3	0.08845	0.02083	0
CLDN4	0.06037	0.02749	0
CLDN5	0.00779	0.00056	0
CLDN7	0.02757	0.00664	0.00684
CLDN9	0.00258	0	0
CLDND1	0.05431	0.06753	0.26083
CLDND2	0.01383	0.0036	0.01761
CLEC10A	0.00213	0.02254	0.0071
CLEC11A	0.01203	0.015	0.009
CLEC12A	0.00252	0.03272	0.02204
CLEC14A	0.0044	0.00042	0.00965
CLEC16A	0.04826	0.03218	0.07504
CLEC19A	0.01613	0.01511	0.00632
CLEC2B	0.0295	0.33265	0.51703
CLEC2D	0.12089	0.55387	0.88332
CLEC2L	0.00561	0.00014	0
CLEC3B	0.0029	0.01293	0.00304
CLEC4A	0.00247	0.03527	0.00639
CLEC4E	5e-04	0.0089	0
CLEC4GP1	1.20826	1.06781	0.74714
CLEC5A	0.00095	0.01296	0
CLEC7A	0.00899	0.11529	0.03791
CLEC9A	0.00044	0.00743	0.0589
CLECL1	0.00128	0.03298	0.00693
CLGN	0.0974	0.00579	0.01132
CLHC1	0.01878	0.02562	0.01429
CLIC1	0.14429	0.32121	0.55234
CLIC2	0.02415	0.06876	0.02267
CLIC3	0.00394	0.05648	0.01592
CLIC4	0.12206	0.16776	0.1082
CLINT1	0.356	0.47817	0.48175
CLIP1	0.7065	0.57133	0.79227
CLIP2	0.03421	0.01678	0.00628
CLIP3	0.03528	0.01194	0.03594
CLIP4	0.1719	0.09465	0.08839
CLK1	0.30929	0.75613	0.69453
CLK2	0.28503	0.16882	0.26651
CLK3	0.09295	0.14028	0.20261
CLK4	0.08696	0.09621	0.07183
CLMN	0.28177	0.11212	0.03505
CLMP	0.06263	0.06239	0.01887
CLN3	0.30503	0.1421	0.12219
CLN5	0.06166	0.03878	0.01138
CLN6	0.1366	0.14071	0.28429
CLN8	0.26732	0.24107	0.24578
CLNK	0.002	0.02001	0.05418
CLNS1A	0.19677	0.11134	0.14782
CLOCK	0.16374	0.14294	0.07689
CLP1	0.0281	0.01361	0.05082
CLPB	0.07371	0.02751	0.00601
CLPP	0.09902	0.21501	0.46243
CLPTM1	0.0986	0.06317	0.04242
CLPTM1L	0.35991	0.26569	0.19298
CLPX	0.29309	0.22925	0.35666
CLRN1-AS1	0.00359	0.00727	0.00197
CLRN3	0.01981	0.00017	0
CLSPN	0.52524	0.47769	1.09819
CLSTN1	0.36449	0.29046	0.33611
CLSTN3	0.02801	0.03442	0.00765
CLTA	0.24885	0.35771	0.53843
CLTB	0.15981	0.13502	0.2086
CLTC	0.76005	0.54255	0.62443
CLTCL1	0.03554	0.00472	0.00066
CLU	2.29611	1.00791	0.38006
CLUAP1	0.36944	0.28847	0.22245
CLUH	0.3246	0.14199	0.06041
CLUHP3	0.07147	0.06462	0.07217
CLUL1	0.00204	0.00037	0
CLVS1	0.00803	0.00171	0
CLVS2	0.09387	0.00108	0
CLYBL	0.12239	0.03646	0.04191
CMAHP	0.04286	0.09243	0.09208
CMAS	0.25566	0.08399	0.18792
CMBL	1.08836	0.40448	0.14829
CMC1	0.09323	0.16217	0.22785
CMC2	0.13653	0.13783	0.39369
CMC4	0.0546	0.04222	0.02533
CMIP	0.18772	0.16421	0.2301
CMKLR1	0.01418	0.19429	0.04224
CMPK1	0.31961	0.20956	0.24839
CMPK2	0.01809	0.01221	0.02467
CMSS1	0.1415	0.0724	0.2425
CMTM3	0.01566	0.14103	0.14303
CMTM4	0.03875	0.01471	0
CMTM6	0.44334	0.58205	0.66306
CMTM7	0.05563	0.23128	0.30027
CMTM8	0.15657	0.03592	0.00082
CMTR1	0.10384	0.07493	0.08474
CMTR2	0.04701	0.02303	0.00947
CMYA5	0.03254	0.00911	0
CNBD2	0.00577	0.00798	0.00114
CNBP	0.52203	0.56126	0.5004
CNDP1	0.00222	0.00281	0
CNDP2	0.39383	0.36731	0.50867
CNEP1R1	0.02069	0.02094	0.00362
CNFN	0.03115	0.01245	0
CNGA1	0.06821	0.00698	0
CNGB1	0.02673	0.02607	0.02928
CNGB3	0.00231	0.00318	0
CNIH1	0.26849	0.09272	0.08168
CNIH2	0.00178	0.00085	0.00491
CNIH3	0.00317	9e-04	0
CNIH4	0.24852	0.11034	0.25261
CNKSR1	0.00013	0.01965	0.02282
CNKSR2	0.03788	0.01275	0.01693
CNKSR3	0.05626	0.01124	0
CNN2	0.14183	0.60723	1.37009
CNN3	0.20215	0.03363	0.00855
CNNM1	0.09882	0.06282	0.05084
CNNM2	0.06252	0.03709	0.04126
CNNM3	0.22276	0.11276	0.08923
CNNM4	0.01941	0.01824	0.00246
CNOT1	0.37811	0.41925	0.77
CNOT10	0.15381	0.1241	0.20386
CNOT11	0.21537	0.11613	0.25946
CNOT2	0.38658	0.33528	0.74802
CNOT3	0.08267	0.07804	0.16897
CNOT4	0.11753	0.12124	0.14246
CNOT6	0.10581	0.12199	0.17686
CNOT6L	0.12617	0.42046	0.64967
CNOT7	0.15669	0.21019	0.2605
CNOT8	0.06014	0.07828	0.14661
CNP	0.10847	0.11183	0.20292
CNPPD1	0.20419	0.1487	0.20025
CNPY2	0.38534	0.29702	0.29244
CNPY3	0.26061	0.3793	0.72268
CNPY4	0.01573	0.01388	0.03728
CNR1	0.01124	8e-04	0.00191
CNRIP1	0.00516	0.0192	0.00523
CNST	0.14792	0.10904	0.11938
CNTD1	0.00838	0.00298	0.00032
CNTD2	0.01131	0.00437	0
CNTFR	0.00076	0.00167	0
CNTLN	0.28277	0.23601	0.23554
CNTN4	0.00305	0.00417	0.00246
CNTN5	0.0031	0.00215	0
CNTNAP1	0.03926	0.01361	0
CNTNAP2	0.07712	0.00405	0.0068
CNTNAP3	0.00864	0.00101	0
CNTNAP4	0.00828	0.00292	0
CNTRL	0.10256	0.52828	1.19613
CNTROB	0.04438	0.04724	0.12004
COA1	0.1858	0.20217	0.24732
COA3	0.67951	0.37868	0.58505
COA4	0.20655	0.09302	0.22025
COA5	0.13721	0.07274	0.12707
COA6	0.13769	0.07535	0.1567
COA7	0.28547	0.25223	0.27852
COASY	0.40129	0.23425	0.37784
COBL	0.10422	0.01652	0
COBLL1	0.45004	0.25524	0.2361
COCH	0.08144	0.03281	0.03684
COG1	0.06097	0.05328	0.12236
COG2	0.19249	0.15638	0.22385
COG3	0.10024	0.08054	0.12795
COG4	0.17172	0.15243	0.19371
COG5	0.10012	0.10184	0.08564
COG6	0.05489	0.0398	0.06311
COG7	0.0693	0.04939	0.03592
COG8	0.01638	0.01201	0.00131
COIL	0.14077	0.12565	0.18722
COL11A2	0.02459	0.01816	0.00737
COL16A1	0.04392	0.0094	0
COL18A1	0.95536	0.21821	0.06255
COL1A1	0.01426	0.00209	0
COL1A2	0.01002	0.0032	0
COL22A1	0.05411	0.02888	0.00037
COL23A1	0.00289	0	0
COL24A1	0.10007	0.04342	0.00377
COL26A1	0.01034	0.00333	0
COL27A1	0.27187	0.04143	0.0096
COL28A1	0.00366	0.00203	0.0011
COL3A1	0.0079	0	0.00119
COL4A1	0.02035	0.00581	0
COL4A2	0.01833	0.00012	0
COL4A3	0.00365	0.00495	0.00069
COL4A3BP	0.15486	0.22616	0.28536
COL4A4	0.00733	0.02575	0.02579
COL4A5	0.03287	0.00616	0
COL5A1	0.00149	0.01528	0.00451
COL5A2	0.07609	0.01386	0.00643
COL5A3	0.05405	0.01712	0.00081
COL6A1	0.10745	0.02815	0
COL6A2	0.01253	0.00853	0
COL6A3	0.00557	0.00461	0.00055
COL6A4P1	0.00208	0.00031	0
COL6A4P2	0.00541	0.01276	0.0188
COL7A1	0.14618	0.01217	0.00086
COL8A2	0.00202	0.00778	5e-04
COL9A2	0.0066	0.01915	0.01601
COL9A3	0.01809	0.02663	0.00677
COLCA1	0.01603	0.01443	0.01553
COLCA2	0.02417	0.00318	0
COLEC11	0.03081	0.00502	0.00093
COLEC12	0.00754	0.09235	0
COLGALT1	0.16578	0.17824	0.10645
COLGALT2	0.00504	0.01074	0
COLQ	0.03452	0.01997	0.00139
COMMD1	0.17647	0.19369	0.34576
COMMD10	0.06499	0.08149	0.0953
COMMD2	0.49157	0.45083	0.46854
COMMD3	0.25121	0.16679	0.21682
COMMD4	0.25638	0.13837	0.3275
COMMD5	0.07883	0.07577	0.07929
COMMD6	0.23919	0.36405	0.50931
COMMD7	0.25109	0.23164	0.35091
COMMD8	0.07731	0.08668	0.19665
COMMD9	0.28768	0.25269	0.26109
COMT	0.08498	0.06932	0.03774
COMTD1	0.07344	0.07024	0.09626
COPA	0.59754	0.42288	0.48336
COPB1	0.5244	0.35822	0.57387
COPB2	0.33277	0.23827	0.4461
COPE	0.06265	0.11273	0.15437
COPG1	0.18028	0.12756	0.12798
COPG2	0.01382	0.01529	0.11083
COPRS	0.42073	0.1593	0.14571
COPS2	0.15599	0.18581	0.28007
COPS3	0.04387	0.05552	0.19169
COPS4	0.06016	0.07808	0.11983
COPS5	0.13862	0.1044	0.18454
COPS6	0.49508	0.35233	0.86798
COPS7A	0.0451	0.045	0.0463
COPS7B	0.06252	0.03621	0.08614
COPS8	0.11813	0.05539	0.10921
COPZ1	0.33789	0.30638	0.52264
COPZ2	0.04444	0.04148	0.02867
COQ10A	0.11475	0.04733	0.05389
COQ10B	0.23326	0.23679	0.16898
COQ2	0.01691	0.02838	0.04968
COQ3	0.04763	0.01507	0.04457
COQ4	0.13383	0.12672	0.11187
COQ5	0.1237	0.07023	0.13032
COQ6	0.04725	0.04395	0.04173
COQ7	0.03069	0.01138	0.1166
COQ9	0.15514	0.07577	0.08109
CORIN	0.0033	0	0
CORO1A	0.00202	0.09228	0.39562
CORO1B	0.00392	0.00819	0.00639
CORO1C	0.19519	0.18193	0.38569
CORO2A	0.36162	0.37777	0.36906
CORO6	0.00292	0.00582	0
CORO7	0.02534	0.1327	0.12633
COTL1	0.03653	0.4762	1.11452
COX10	0.05924	0.05969	0.13078
COX10-AS1	0.03535	0.03929	0.01167
COX11	0.10943	0.08368	0.08934
COX14	0.50449	0.40152	0.27173
COX15	0.15398	0.10495	0.19781
COX16	0.08032	0.10634	0.24654
COX17	0.41247	0.3209	0.57586
COX18	0.08361	0.12484	0.15819
COX19	0.17193	0.15685	0.26322
COX20	0.49415	0.3154	0.54266
COX4I1	1.27052	1.29451	1.9725
COX5A	0.6057	0.56152	1.17007
COX5B	1.1799	0.98828	1.49415
COX6A1	1.23604	0.86758	1.42307
COX6A2	0.01729	0.00573	0
COX6B1	1.09606	0.90721	1.4444
COX6B2	0.00342	0.00277	0
COX6C	0.69569	0.51296	0.81495
COX7A2	0.96323	0.78685	1.3926
COX7A2L	0.25676	0.13584	0.20429
COX7B	0.6191	0.44309	0.74862
COX7B2	0.08263	0.0042	0.00257
COX7C	1.02252	1.01156	1.42543
COX8A	0.51277	0.45525	1.04341
COX8C	0.00033	0.00014	0
CP	2.00659	0.50224	0.07548
CPA2	0.01237	0.00074	0.0011
CPA4	0.0032	0.00512	0.00125
CPA5	0.00028	0.00799	0.022
CPA6	0.00213	0.00032	0
CPAMD8	0.00692	0.0063	0.00073
CPB2	0.84326	0.13686	0.03432
CPB2-AS1	0.04416	0.04329	0.03248
CPD	0.39265	0.18066	0.20628
CPE	0.23867	0.07827	0.02567
CPEB1	0.00813	0.01216	0.00056
CPEB2	0.10343	0.03736	0.03414
CPEB3	0.05847	0.03582	0.01475
CPEB4	0.39537	0.47596	0.17578
CPED1	0.05648	0.02951	0.00679
CPLX1	0.04992	0.01483	0.02681
CPLX2	0.14166	0.05628	0.02968
CPM	0.41045	0.39801	0.19532
CPN1	0.03498	0.00113	0.00037
CPN2	0.33186	0.0487	0.00556
CPNE1	0.47756	0.40214	0.72436
CPNE2	0.0273	0.0244	0.00628
CPNE3	0.47134	0.34223	0.47853
CPNE5	0.0158	0.29356	0.24559
CPNE7	0.00628	0.01816	0.02231
CPNE8	0.13806	0.05662	0.05143
CPOX	0.07611	0.02653	0.11241
CPPED1	0.45422	0.30408	0.2341
CPQ	0.14137	0.06726	0.03205
CPS1	0.78397	0.18547	0.14052
CPSF1	0.20659	0.15783	0.29984
CPSF2	0.17854	0.22053	0.36999
CPSF3	0.21562	0.14447	0.44004
INTS11	0.2522	0.19474	0.36291
CPSF4	0.05818	0.05153	0.03371
CPSF6	0.18987	0.10988	0.26416
CPSF7	0.34471	0.15181	0.15165
CPT1A	0.63535	0.34087	0.51005
CPT1B	8e-04	0.00044	0
CPT1C	0.00225	0.00057	0.0124
CPT2	0.29451	0.24525	0.23805
CPVL	0.1023	0.21434	0.11071
CPXM2	0.00748	0.00248	0
CR1	0.00699	0.03621	0.00247
CR1L	0.00187	0.00014	0
CR2	0.00077	0.00366	0.02732
CRADD	0.04976	0.02582	0.03413
CRAT	0.19304	0.0789	0.04774
CRB1	0.00243	0.00261	0.00029
CRB3	0.02291	0.00622	0
CRBN	0.19073	0.19386	0.20986
CRCP	0.29573	0.34674	0.33894
CREB1	0.12312	0.14757	0.33445
CREB3	0.0781	0.1049	0.1639
CREB3L1	0.00478	0.00068	0.00056
CREB3L2	0.14759	0.43161	0.31792
CREB3L3	0.22728	0.03249	0.04505
CREB3L4	0.11198	0.04727	0.0499
CREB5	0.00365	0.02563	0.05364
CREBBP	0.32477	0.41634	0.6395
CREBL2	0.11861	0.17183	0.1425
CREBRF	0.27337	0.32736	0.22847
CREBZF	0.31054	0.11688	0.1365
CREG1	0.25871	0.16938	0.04223
CRELD1	0.19628	0.05147	0.04404
CRELD2	0.17417	0.19972	0.25607
CREM	0.09607	0.22872	0.20614
LINC02210	0.1249	0.12212	0.09612
CRIM1	0.15307	0.08509	0.26867
CRIP1	0.07779	0.64037	2.25141
CRIP2	0.12106	0.02616	0
CRIP3	0.04495	0.00395	0.0038
CRIPT	0.16201	0.1476	0.12628
CRISPLD1	0.00399	0.00351	0
CRISPLD2	0.0059	0.00181	0.0011
CRK	0.37075	0.31526	0.37936
CRKL	0.11319	0.09569	0.165
CRLF1	0.00256	0.00055	0
CRLF3	0.03877	0.07627	0.25554
CRLS1	0.47805	0.11603	0.04953
CRNDE	0.05903	0.01322	0.00419
CRNKL1	0.18257	0.15122	0.27199
CROCC	0.02179	0.03507	0.00165
CROCCP2	0.30669	0.14345	0.08467
CROCCP3	0.02052	0.01409	0.01417
CROT	0.22888	0.05918	0.02199
CRP	1.07906	0.21891	0.02061
CRTAM	0.06786	0.24554	0.3591
CRTAP	0.3429	0.15594	0.14822
CRTC1	0.08638	0.06491	0.03059
CRTC2	0.0685	0.04051	0.02871
CRTC3	0.06529	0.05533	0.04171
CRX	0.10871	0.0945	0.07636
CRY1	0.06909	0.03768	0.0163
CRY2	0.15909	0.0515	0.03631
CRYAB	0.04853	0.02841	0.00206
CRYBB2	0.01978	0.01776	0
CRYBB2P1	0.09346	0.10474	0.13882
CRYBB3	0.00549	0.00033	0
CRYBG3	0.10403	0.11652	0.04728
CRYGS	0.04797	0.03881	0.03185
CRYL1	0.29895	0.07787	0.02888
CRYM	0.03406	0.00181	0
CRYM-AS1	0.05928	0.06667	0.01747
CRYZ	0.1947	0.07778	0.06478
CRYZL1	0.04975	0.03595	0.05354
CS	0.29775	0.13461	0.26645
CSAD	0.22374	0.12029	0.05171
CSAG1	0.01359	0.00355	0
CSAG4	0.00058	0	0
CSDE1	0.78494	0.87695	1.06808
CSE1L	0.27902	0.1162	0.45912
CSF1	0.04162	0.09186	0.02673
CSF1R	0.01965	0.19632	0.07349
CSF2RA	0.00052	0.00047	0
CSF2RB	0.00558	0.06524	0.02203
CSF3R	0.00339	0.05983	0.01756
CSGALNACT1	0.00449	0.07494	0.0092
CSGALNACT2	0.10015	0.2068	0.17838
CSK	0.0891	0.15968	0.3679
CSMD1	0.01619	0.00178	0
CSMD2	0.00382	0.00198	0
CSMD3	0.0213	0.00806	0.00057
CSNK1A1	0.26356	0.38967	0.5082
CSNK1D	0.26559	0.19619	0.17623
CSNK1G1	0.40343	0.42234	0.5038
CSNK1G2	0.10413	0.1366	0.14908
CSNK1G2-AS1	0.00255	0.00183	0
CSNK1G3	0.12619	0.17045	0.21816
CSNK2A1	0.12614	0.11876	0.21922
CSNK2A2	0.05856	0.06026	0.07157
CSNK2B	0.61114	0.42469	0.81546
CSPG4	0.00375	0.00491	0
CSPG5	0.0063	0	0
CSPP1	0.24328	0.17768	0.20082
CSRNP1	0.04197	0.15684	0.15537
CSRNP2	0.05597	0.02449	0.05766
CSRNP3	0.02626	0.00219	0
CSRP1	0.19272	0.14563	0.32166
CSRP2	0.2748	0.09149	0.00414
CSRP3	0.00718	0.00879	0.00224
CST1	0.05195	0.01252	0.00461
CST11	0.0074	0	0
CST2	0.00069	0	0
CST3	0.80997	0.71283	0.34331
CST4	0.00694	0.00108	0
CST7	0.01705	0.35441	0.51136
CSTA	0.03335	0.03513	0.02163
CSTB	0.41389	0.43439	0.32734
CSTF1	0.06156	0.0407	0.16747
CSTF2	0.03424	0.03869	0.16542
CSTF2T	0.04329	0.04553	0.00734
CSTF3	0.14187	0.07575	0.12932
CSTF3-DT	0.00285	0.00162	9e-04
CSTL1	0.00646	0.0039	0
CT55	0.00326	0.00498	0
CTAG2	0.00851	0.00515	0
CTAGE1	0.00075	0	0
CTAGE10P	0.00813	0.00267	0
CTAGE11P	0.00887	0.00291	0.01066
CTAGE7P	0.00085	0	0
CTAGE8	0.01088	0.00419	0
CTAGE9	0.00411	0.00037	0
LINC01933	0.00192	0	0
CTB-178M22.2	0.00404	0	0
LINC01947	0.00267	0.00131	0
CTBP1	0.38583	0.23619	0.28175
CTBP1-DT	0.05342	0.04155	0.02621
CTBP2	0.01589	0.07245	0.05882
CTBS	0.10357	0.08811	0.02523
CTC-338M12.4	0.0087	0.00711	0.00622
CTC1	0.09638	0.10652	0.16795
CTCF	0.25044	0.36452	0.88571
CTCFL	0.02705	0.02589	0.01166
LINC02113	0.00103	0.00046	0
CTD-2194D22.4	0.00071	7e-05	0.00144
CTD-2201I18.1	0.00331	0.00052	0.00175
CTD-2270F17.1	0.03645	0.02681	0.01995
CTD-2297D10.2	0.01988	0.00178	0
CTD-3080P12.3	0.00301	0.00326	0.00039
CTDNEP1	0.16048	0.32132	0.55466
CTDP1	0.0346	0.04303	0.06395
CTDSP1	0.35499	0.28221	0.54919
CTDSP2	0.22155	0.09753	0.1118
CTDSPL	0.1809	0.03053	0
CTDSPL2	0.12559	0.20175	0.384
CTGF	0.10548	0.00696	0
CTH	0.09683	0.0159	0.01061
CTHRC1	0.00977	0.00064	0
CTIF	0.08704	0.03605	0.00173
CTLA4	0.00824	0.17667	0.31531
CTNNA1	0.45919	0.20831	0.14632
CTNNA2	0.00692	0.00069	0
CTNNA3	0.0024	0.00134	0
CTNNAL1	0.06102	0.01384	0.1218
CTNNB1	0.4157	0.20637	0.09273
CTNNBIP1	0.04173	0.03447	0.02871
CTNNBL1	0.22763	0.25053	0.253
CTNND1	0.10397	0.09883	0.07393
CTNND2	0.0576	0.01096	0.00069
CTNS	0.18542	0.19599	0.13624
CTPS1	0.18126	0.11479	0.28398
CTPS2	0.06509	0.0222	0.03122
CTR9	0.41976	0.3251	0.56771
CTRL	0.00399	0.0202	0.00403
CTSA	1.26773	0.60695	0.40081
CTSB	1.88344	1.54011	0.69073
CTSC	0.12239	0.41058	0.46499
CTSD	2.35539	1.57644	0.70159
CTSF	0.4691	0.10039	0.00418
CTSH	0.34138	0.4848	0.46804
CTSK	0.02275	0.02312	0.00059
CTSL	0.19382	0.24704	0.05656
CTSO	0.07906	0.0543	0.00314
CTSS	0.29862	1.31204	0.67874
CTSV	0.02523	0.01074	0.01169
CTSW	0.00377	0.1204	0.12633
CTSZ	0.04954	0.0985	0.05696
CTTN	0.36894	0.09003	0.0356
CTTNBP2	0.00498	0.0134	0.00335
CTTNBP2NL	0.05588	0.09843	0.01013
CTU1	0.01015	0.0049	0.0234
CTU2	0.02216	0.01285	0.01327
CTXN2	0.00384	0.00041	0
CUBN	0.04589	0.0548	0.02375
CUEDC1	0.0644	0.0631	0.01794
CUEDC2	0.15791	0.13501	0.34273
CUL1	0.18912	0.19671	0.20973
CUL2	0.10822	0.07564	0.13309
CUL3	0.16506	0.16924	0.34444
CUL4A	0.18389	0.15781	0.13714
CUL4B	0.22355	0.17312	0.39524
CUL5	0.27134	0.19273	0.2185
CUL7	0.085	0.03867	0.01942
CUL9	0.12203	0.0914	0.05115
CUTA	1.17761	0.75742	0.87886
CUTC	0.09434	0.04189	0.19363
CUX1	0.36281	0.25799	0.23153
CUX2	0.05045	0.01495	0
CWC15	0.33878	0.25408	0.51329
CWC22	0.21157	0.19181	0.37586
CWC27	0.1428	0.15669	0.39492
CWF19L1	0.29813	0.28154	0.27273
CWF19L2	0.45313	0.40974	0.62396
CX3CL1	0.03087	0.00418	5e-04
CX3CR1	0.00261	0.00788	0.0042
CXADR	0.32499	0.05073	0.02181
CXADRP2	0.00062	0	0
CXCL1	0.00897	0.00295	0
CXCL10	0.20658	0.1392	0.03032
CXCL11	0.0319	0.01403	0
CXCL12	0.03277	0.02183	0.01829
CXCL13	0.00947	0.05695	0.12516
CXCL14	0.35702	0.25583	0.13169
CXCL16	0.16784	0.14655	0.03371
CXCL2	0.03907	0.09738	0
CXCL3	0.00277	0.03573	0.00076
CXCL6	0.00554	0.00035	0
CXCL9	0.05359	0.12413	0.0711
CXCR2	0.08974	0.07411	0.05203
CXCR2P1	0.00245	0.01519	0
CXCR3	0.0079	0.12292	0.1843
CXCR4	0.04389	0.77701	1.00664
CXCR5	0.00231	0.01116	0.02808
CXCR6	0.00315	0.11341	0.18826
CXXC1	0.18405	0.14878	0.20674
CXXC4	0.02463	0.00387	0.0183
CXXC5	0.43507	0.23512	0.1636
CXorf21	0.05276	0.0899	0.05652
BCLAF3	0.12887	0.11568	0.1599
CXorf36	0.0767	0.07973	0.04446
CXorf38	0.28836	0.34409	0.26683
CXorf40A	0.01698	0.08656	0.04949
CXorf40B	0.00995	0.01672	0.02148
CXorf56	0.1782	0.16354	0.1326
CXorf57	0.01592	0.00449	0.03449
CXorf65	0.0015	0.02236	0.0215
CXorf67	0.00227	0.00442	0
CYB561	0.09223	0.06837	0.00548
CYB561A3	0.12763	0.07652	0.13375
CYB561D1	0.0216	0.02454	0.00176
CYB561D2	0.08109	0.08352	0.11758
CYB5A	0.7903	0.18258	0.08378
CYB5B	0.18838	0.09852	0.13313
CYB5D1	0.04315	0.03848	0.02699
CYB5D2	0.11779	0.15175	0.16289
CYB5R1	0.25686	0.12527	0.03624
CYB5R2	0.00693	0.00115	0.0011
CYB5R3	0.52468	0.23189	0.25568
CYB5R4	0.05342	0.12156	0.1913
CYB5RL	0.05485	0.02078	0.01247
CYBA	0.10003	1.2449	1.14341
CYBB	0.03919	0.52394	0.16267
CYBRD1	0.02996	0.01391	0.0056
CYC1	0.54357	0.27797	0.64317
CYCS	0.50826	0.62546	0.83776
CYFIP2	0.13907	0.31484	0.82207
CYGB	0.00641	0.00401	0
CYHR1	0.26865	0.13521	0.05767
CYLC2	0.00163	0.002	0
CYLD	0.25126	0.425	0.5492
CYP11A1	0.01844	0.00405	0
CYP17A1	0.28444	0.12445	0.03585
CYP19A1	0.00364	0	0
CYP1A1	0.0096	0.00108	0
CYP1A2	0.05766	0.01406	0
CYP1B1	0.10966	0.03904	0
CYP20A1	0.86213	0.83662	0.71111
CYP21A2	0.02043	0.00031	0
CYP26B1	0.00536	0.00231	0
CYP27A1	0.43672	0.05816	0.01622
CYP27C1	0.11235	0.09404	0.08913
CYP2A6	0.02366	0.00514	0
CYP2A7	0.00196	0.00362	0
CYP2B6	0.1037	0.02232	0.04472
CYP2B7P	0.07691	0.02988	0.00503
CYP2C18	0.20407	0.04647	0.0111
CYP2C19	0.02384	0.00249	0
CYP2C8	0.74212	0.09051	0.0503
CYP2C9	0.08765	0.01778	0
CYP2E1	1.20909	0.18071	0.0982
CYP2J2	0.0964	0.01415	0.00227
CYP2R1	0.08716	0.05277	0.05001
CYP2S1	0.01159	0.02668	0.01612
CYP2U1	0.02812	0.01462	0.00017
CYP2W1	0.03094	0.03966	0.02513
CYP39A1	0.01885	0.00486	0
CYP3A4	0.17809	0.06029	0.05515
CYP3A43	0.04468	0.01377	0.00893
CYP3A5	1.06393	0.20881	0.06073
CYP3A7	0.33703	0.06426	0.00712
CYP46A1	0.00381	0.00022	0
CYP4A11	0.37496	0.05053	0.01743
CYP4A22	0.03919	0.00543	0
CYP4F11	0.12544	0.0286	0.01283
CYP4F12	0.31484	0.03583	0.00146
CYP4F2	0.18059	0.0199	0.00158
CYP4F22	0.06016	0.01903	0
CYP4F3	0.1877	0.04605	0.00843
CYP4V2	0.25738	0.10278	0.06038
CYP4X1	0.01042	0.00072	0
CYP51A1	0.77891	0.25506	0.20788
CYP7A1	0.22447	0.03593	0.00917
CYP7B1	0.07356	0.01516	0.00228
CYP8B1	0.41026	0.0498	0.03745
CYR61	0.03115	0.00113	0
CYSLTR1	0.0031	0.07739	0.04647
CYSLTR2	0.00028	0.01401	0.00098
CYSTM1	0.38872	0.15241	0.05772
CYTH1	0.20737	0.39924	0.39677
CYTH2	0.08104	0.06577	0.09962
CYTH3	0.04981	0.03122	0
CYTH4	0.02273	0.38998	0.16445
CYTIP	0.01004	0.30366	0.44543
D2HGDH	0.26235	0.10334	0.14004
DAAM1	0.33599	0.16964	0.2714
DAAM2	0.01746	0.00367	0.02554
DAB2	0.13756	0.45829	0.08365
DAB2IP	0.04077	0.0443	0.03046
DACT2	0.00311	0	0
DAD1	0.62156	0.55653	0.80488
DAG1	0.205	0.04804	0.04844
DAGLA	0.01272	0.01115	0
DAGLB	0.04641	0.04136	0.04706
DALRD3	0.12959	0.05602	0.13119
DANCR	0.11623	0.22535	0.28368
DAND5	0.00545	0.00723	0.00582
DAO	0.06595	0.01229	0.00037
DAP	0.31443	0.13378	0.13273
DAP3	0.39918	0.26095	0.2944
DAPK1	0.06033	0.06785	0
DAPK2	0.07612	0.08526	0.12982
DAPK3	0.03554	0.02347	0.00357
DAPP1	0.03297	0.13715	0.08809
DARS	0.38915	0.44173	0.77745
DARS2	0.05913	0.0302	0.10439
DAW1	0.00233	0.00145	0.0029
DAXX	0.16237	0.17764	0.31972
DAZAP1	0.24494	0.17902	0.63848
DAZAP2	0.54718	0.6288	0.49255
DBF4	0.07496	0.18074	0.61807
DBF4B	0.01807	0.00817	0.04912
DBH-AS1	0.0974	0.02059	0.00266
DBI	0.65413	0.51006	0.75226
DBIL5P2	0.00979	0.0065	0.0048
DBN1	0.04084	0.01996	0.01093
DBNDD1	0.12222	0.04047	0.01119
DBNL	0.20839	0.34816	0.65543
DBP	0.04996	0.04753	0.03933
DBR1	0.04184	0.03587	0.04463
DBT	0.51431	0.36651	0.32401
DCAF10	0.40922	0.39319	0.31102
DCAF11	0.46633	0.32687	0.44068
DCAF12	0.0693	0.11993	0.12718
DCAF13	0.14202	0.11647	0.25233
DCAF13P3	0.00369	0.00178	0
DCAF15	0.00189	0.00241	0.00419
DCAF16	0.29851	0.22555	0.34717
DCAF17	0.10256	0.06209	0.04625
DCAF4	0.04183	0.02805	0.02986
DCAF4L1	0.01226	0.00335	0
DCAF4L2	0.13224	0.05105	0.0174
DCAF5	0.20241	0.18594	0.17597
DCAF6	0.31704	0.13668	0.07689
DCAF7	0.66635	0.72018	1.05346
DCAF8	0.62127	0.26558	0.30682
DCAF8L2	0.00464	0.003	0.00142
DCAKD	0.11178	0.05422	0.05142
DCBLD1	0.02433	0.02139	0.02371
DCBLD2	0.10058	0.01299	0.00234
DCDC1	0.00159	0.00106	0
DCDC2	0.0843	0.03892	0.01586
DCHS1	0.00259	0.00282	0
DCHS2	0.00494	0.00113	0
DCK	0.01578	0.04961	0.11031
DCLRE1A	0.03714	0.03056	0.01393
DCLRE1B	0.01248	0.00351	0.09111
DCLRE1C	0.62994	0.64758	0.66365
DCN	0.00176	0	0
DCP1B	0.10267	0.07084	0.11925
DCP2	0.21741	0.35467	0.93435
DCPS	0.1595	0.05355	0.08429
DCST2	0.00068	0.00087	0
DCT	0.00856	0.00432	0.00425
DCTD	0.05397	0.04786	0.06851
DCTN1	0.40105	0.34407	0.40481
DCTN2	0.30382	0.2602	0.42433
DCTN3	0.08001	0.11007	0.43947
DCTN4	0.20061	0.14074	0.15277
DCTN5	0.29601	0.32708	0.40173
DCTN6	0.02914	0.03125	0.03183
DCTPP1	0.11706	0.09512	0.2828
DCUN1D1	0.22886	0.13536	0.25668
DCUN1D2	0.16151	0.12158	0.11801
DCUN1D3	0.02063	0.02947	0.02295
DCUN1D4	0.27782	0.09142	0.04772
DCUN1D5	0.10183	0.07099	0.10732
DCX	0.0036	0.0048	0.00443
DCXR	1.71183	0.46108	0.7599
DDA1	0.09046	0.09173	0.18435
DDAH1	0.5267	0.15563	0.02084
DDAH2	0.2766	0.26806	0.11803
DDB1	0.47376	0.29072	0.43405
DDB2	0.06397	0.10183	0.41139
DDC	0.11205	0.04162	0.00912
DDHD1	0.15042	0.24219	0.35171
DDHD2	0.04407	0.08209	0.03988
DDI2	0.04291	0.01712	0.00386
DDIT3	0.41034	0.22408	0.163
DDIT4	0.25955	0.31828	0.29985
DDO	0.03431	0.00107	0
DDOST	0.26243	0.22142	0.19586
DDR1	0.07216	0.03565	0
DDR2	0.00725	0.00967	0.01813
DDRGK1	0.22647	0.22682	0.33993
DDT	0.58435	0.25076	0.56488
DDTL	0.00607	0.00227	0.00736
DDX1	0.39029	0.35037	0.6551
DDX10	0.24267	0.18587	0.33662
DDX11	0.06305	0.02804	0.15054
DDX11-AS1	0.00211	0	0.00277
DDX11L2	0.00117	0.00029	0
DDX12P	0.00966	0.01326	0.05587
DDX17	0.77696	1.04656	0.95903
DDX18	0.36845	0.44185	0.62734
DDX19A	0.10105	0.11253	0.15557
DDX19B	0.0614	0.07713	0.12562
DDX20	0.04524	0.03876	0.09315
DDX21	0.41693	0.54503	0.8065
DDX23	0.22556	0.15716	0.4724
DDX24	0.45131	0.9749	1.16089
DDX27	0.32871	0.37096	0.6626
DDX28	0.03282	0.01646	0.06109
DDX31	0.04411	0.05984	0.01429
DDX39A	0.1156	0.18654	0.69746
DDX39B-AS1	0.00312	0.00244	0.00593
DDX3X	0.44205	0.86898	1.0666
DDX3Y	0.1209	0.24884	0.02995
DDX41	0.25	0.19032	0.24921
DDX42	0.22891	0.19639	0.31639
DDX43	0.03285	0.01068	0
DDX46	0.51284	0.52197	1.00232
DDX47	0.05588	0.06874	0.08419
DDX49	0.19797	0.1095	0.25631
DDX5	1.04242	2.07063	2.02473
DDX50	0.15151	0.12988	0.28059
DDX51	0.4352	0.36675	0.28415
DDX54	0.20852	0.15645	0.14596
DDX55	0.23872	0.17668	0.308
DDX56	0.21387	0.14443	0.37077
DDX58	0.04647	0.10413	0.05338
DDX59	0.07726	0.08804	0.08357
DDX6	0.3389	0.51598	0.79895
DDX60	0.04505	0.08194	0.20519
DDX60L	0.04516	0.12971	0.10321
DEAF1	0.04797	0.03974	0.06528
DECR1	0.34777	0.2359	0.43154
DECR2	0.18457	0.03233	0.01606
DEDD	0.12529	0.07938	0.13553
DEDD2	0.11347	0.22019	0.16514
DEF6	0.01438	0.27584	0.5036
DEF8	0.10823	0.10951	0.21721
DEFB1	0.09546	0.01739	0.00128
DEGS1	0.11235	0.10422	0.13101
DEK	0.70292	0.77826	2.02418
DENND1A	0.08986	0.07763	0.09637
DENND1B	0.16067	0.17818	0.24979
DENND1C	0.01716	0.11484	0.29267
DENND2A	0.31589	0.28843	0.21583
DENND2C	0.02857	0.00396	0.01095
DENND2D	0.04795	0.30378	0.45213
DENND3	0.00663	0.12339	0.10638
DENND4A	0.67583	0.55624	0.50943
DENND4B	0.14396	0.18332	0.21541
DENND4C	0.28051	0.35098	0.19314
DENND5A	0.08428	0.04879	0.0103
DENND5B	0.38076	0.33645	0.18663
DENND6A	0.1329	0.14173	0.1326
DENND6B	0.0181	0.05231	0.04992
DENR	0.37492	0.22775	0.36665
DEPDC1	0.02831	0.01013	0.28947
DEPDC1B	0.01424	0.01281	0.26094
DEPDC4	0.20099	0.22693	0.13766
DEPDC5	0.05309	0.05222	0.05143
DEPDC7	0.12113	0.02571	0.00716
DEPTOR	0.03508	0.01738	0.00056
DERA	0.07746	0.03903	0.0612
DERL1	0.20324	0.23821	0.35153
DERL2	0.18871	0.17562	0.30404
DERL3	0.02697	0.32067	0.11869
DESI1	0.39754	0.31909	0.24331
DESI2	0.10473	0.05164	0.14687
DET1	0.00886	0.00464	0.00056
DEXI	0.08404	0.04956	0.10505
DFFA	0.51842	0.46589	0.39559
DFFB	0.01577	0.02388	0.02918
GSDME	0.04364	0.0172	0.01021
PJVK	0.036	0.0052	0.02056
DGAT1	0.38836	0.20406	0.20886
DGAT2	0.35677	0.06805	0.03881
DGCR11	0.01538	0.00767	0.0072
ESS2	0.05255	0.08444	0.10861
DGCR2	0.20595	0.11233	0.08607
DGCR5	0.00947	0.00525	0
DGCR6	0.0698	0.02887	0.00339
DGCR6L	0.14896	0.14589	0.21557
DGCR8	0.105	0.09986	0.16282
DGKA	0.02364	0.20932	0.54921
DGKB	0.17316	0.1552	0.10853
DGKD	0.07431	0.15251	0.2071
DGKE	0.09524	0.12254	0.10543
DGKG	0.02667	0.01029	0
DGKH	0.6532	0.67461	0.71099
DGKI	0.00087	0.00796	0
DGKQ	0.09993	0.06271	0.05182
DGKZ	0.03654	0.10307	0.17213
DGUOK	0.12151	0.12372	0.28027
DGUOK-AS1	0.00252	0.00416	0
DHCR24	1.98059	0.44986	0.38139
DHCR7	0.46213	0.07503	0.05111
DHDDS	0.08629	0.04995	0.02414
DHDH	0.00885	0.00167	0
DHFR	0.25308	0.08158	0.77304
DHH	8e-04	0.00496	0.00026
DHODH	0.1474	0.0887	0.12083
DHPS	0.09708	0.1236	0.15232
DHRS1	0.1976	0.10692	0.05677
DHRS12	0.11503	0.05114	0.09059
DHRS13	0.10412	0.06184	0.05083
DHRS2	0.2359	0.12951	0.03598
DHRS3	0.70448	0.19243	0.1566
DHRS4	0.06304	0.07345	0.13736
DHRS4-AS1	0.2131	0.16937	0.19765
DHRS4L2	0.09841	0.05213	0.05438
DHRS7	0.5617	0.31624	0.19625
DHRS7B	0.02604	0.0213	0.00096
DHRS9	0.00218	0.02939	0.03909
DHTKD1	1.03611	0.4758	0.35688
DHX15	0.19174	0.15628	0.36024
DHX16	0.15374	0.13523	0.24764
DHX29	0.28624	0.18176	0.28969
DHX30	0.19231	0.1599	0.23962
DHX32	0.06476	0.02608	0.03973
DHX33	0.15284	0.08206	0.19591
DHX34	0.10445	0.05981	0.05095
DHX35	0.03045	0.03897	0.014
DHX36	0.2283	0.28707	0.2914
DHX37	0.06063	0.06112	0.06575
DHX38	0.11768	0.13728	0.24013
DHX40	0.1503	0.13602	0.0926
DHX57	0.0716	0.04629	0.09412
DHX58	0.04154	0.03532	0.04002
DHX8	0.11184	0.11561	0.2904
DHX9	0.2584	0.21987	0.59993
DIABLO	0.22302	0.11003	0.19392
DIAPH1	0.62581	0.48399	1.09726
DIAPH2	0.23251	0.1945	0.33072
DIAPH2-AS1	7e-04	8e-04	0
DIAPH3	0.02721	0.01712	0.53367
DICER1	0.3045	0.34278	0.29038
DICER1-AS1	0.02232	0.02157	0.03328
DIDO1	0.295	0.21767	0.2785
UTP25	0.1014	0.05031	0.07716
DIMT1	0.04122	0.03164	0.07876
DIO1	0.38652	0.07098	0.00952
DIO2	0.02447	0.00086	0.00194
DIO2-AS1	0.00042	8e-05	0
DIP2A	0.31986	0.50101	0.56083
DIP2A-IT1	0.00171	0.00769	0
DIP2B	0.19319	0.11953	0.06829
DIP2C	0.25653	0.07612	0.01224
DIRAS1	0.00194	0.00129	0
DIRAS2	0.00583	0.00136	0
DIRC2	0.02961	0.01984	0.0127
DIRC3	0.00323	0.00288	0.00093
DIS3	0.38616	0.38377	0.55912
DIS3L	1.12323	1.14484	1.05348
DIS3L2	0.06394	0.0526	0.15498
DISC1	0.0032	0.02373	0
DISC1-IT1	0.0655	0.05585	0.06555
DISC1FP1	0.00615	0.00255	0.00175
DISP1	0.04837	0.0125	0.0121
DISP2	0.0139	0.00192	0
DIXDC1	0.07302	0.03312	0.01363
DKC1	0.17511	0.15671	0.50681
DKK1	0.07432	0.00196	0.00112
DKK3	0.1027	0.00519	0
DLAT	0.1244	0.07571	0.09166
DLC1	0.0868	0.01618	0
DLD	0.28363	0.16202	0.27671
DLEU1	0.08362	0.07523	0.11767
DLEU2	0.05957	0.06212	0.12338
DLEU2L	0.01513	0.01529	0.0657
DLEU7-AS1	0.00239	0.00753	0
DLG1	0.26045	0.19087	0.10807
DLG2	0.01092	0.00461	0
DLG3	0.02622	0.0412	0.16786
DLG4	0.004	0.00927	0.00329
DLG5	0.10456	0.02106	0.03103
DLG5-AS1	0.12023	0.06167	0.04446
DLGAP1-AS1	0.06269	0.05367	0.03896
DLGAP1-AS2	0.10196	0.10435	0.07316
DLGAP3	0.00471	0.00745	0.00161
DLGAP4	0.1721	0.08427	0.04172
DLGAP5	0.05001	0.01678	1.24612
DLK2	0.0049	0.00351	0.00182
DLL3	0.00505	0.00375	0.00067
DLST	0.02914	0.02278	0.03495
DLX2	0.00119	0.00171	0.00789
DLX6-AS1	0.009	0.00948	0.0021
DMAP1	0.29375	0.20027	0.35112
DMBT1	0.01031	0.00019	0
DMBT1P1	0.066	0.07285	0.04399
DMBX1	0.08604	0.04842	0.04164
DMC1	0.14446	0.12626	0.13147
DMD	0.10976	0.01432	0.02188
DMGDH	0.13937	0.02411	0
DMKN	0.01012	0.00529	0
DMPK	0.00407	8e-04	0
DMRTA1	0.02451	0.00774	0
DMRTB1	0.00223	7e-05	0
DMRTC2	0.00575	0.00556	0
DMTF1	0.12226	0.19198	0.26013
DMTN	0.05142	0.02884	0.02407
DMWD	0.04254	0.02267	0.01537
DMXL1	0.21498	0.20789	0.31661
DMXL2	0.18274	0.27226	0.00179
DNA2	0.03337	0.01827	0.1931
DNAAF1	0.00217	0.00147	0.02177
DNAAF2	0.06041	0.05732	0.04459
DNAAF3	0.00243	0.00101	0
DNAH1	0.18474	0.10281	0.07547
DNAH10	0.00188	0.00514	0
DNAH11	0.06927	0.02082	0.00235
DNAH12	0.01498	0.00682	0.00168
DNAH14	0.26784	0.02991	0.0036
DNAH2	0.02463	0.04264	0.02361
DNAH3	0.00307	0.00091	0
DNAH5	0.04907	0.01073	0.00083
DNAH6	0.02558	0.00851	0.01075
DNAH7	0.03108	0.01458	0
DNAH8	0.00339	0.07532	0.06983
DNAJA1	0.54156	1.12261	1.50742
DNAJA2	0.14455	0.15831	0.22535
DNAJA3	0.07036	0.06693	0.05277
DNAJA4	0.02418	0.05163	0.05369
DNAJB1	0.40873	1.14524	0.88383
DNAJB11	0.41979	0.30806	0.50746
DNAJB12	0.15703	0.13731	0.15212
DNAJB13	0.01558	0.00553	0.00094
DNAJB14	0.14078	0.28206	0.4181
DNAJB2	0.36665	0.17298	0.12268
DNAJB4	0.10434	0.15684	0.07707
DNAJB5	0.00758	0.01178	0.04661
DNAJB6	0.32179	0.45995	0.58464
DNAJB7	0.00726	0.0097	0.0252
DNAJB9	0.1506	0.19275	0.08639
DNAJC1	0.23196	0.3821	0.30553
DNAJC10	0.31366	0.32681	0.36479
DNAJC11	0.1853	0.11945	0.18471
DNAJC12	0.02975	0.00315	0
DNAJC13	0.24092	0.28544	0.28586
DNAJC14	0.07626	0.05614	0.03001
DNAJC15	0.19474	0.31086	0.62598
DNAJC16	0.15077	0.09592	0.0876
DNAJC17	0.04584	0.02529	0.09126
DNAJC18	0.08131	0.10547	0.04685
DNAJC19	0.1786	0.10223	0.09905
DNAJC2	0.30996	0.23718	0.34663
DNAJC21	0.52166	0.29707	0.58169
DNAJC22	0.46561	0.29581	0.17458
DNAJC24	0.11841	0.11998	0.13028
DNAJC25	0.07974	0.04942	0.08752
DNAJC27	0.03607	0.04164	0.0272
DNAJC27-AS1	0.02286	0.01551	0.00295
DNAJC28	0.02868	0.0199	0.00239
DNAJC3	0.35211	0.37565	0.28498
DNAJC3-DT	0.04841	0.03216	0.01354
DNAJC30	0.09326	0.08148	0.17036
DNAJC4	0.1669	0.25569	0.23316
DNAJC5	0.21919	0.13747	0.14879
DNAJC5G	0.02274	0.01578	0.0093
DNAJC6	0.02744	0.00413	0.00114
DNAJC7	0.20653	0.30962	0.40523
DNAJC8	0.50414	0.65185	1.4506
DNAJC9	0.09642	0.10251	0.66884
DNAJC9-AS1	0.01179	0.01176	0.02353
DNAL1	0.25978	0.22394	0.1362
DNAL4	0.01785	0.01012	0
DNALI1	0.03457	0.00844	0.00056
DNASE1	0.2114	0.1666	0.23159
DNASE1L1	0.03544	0.05316	0.01614
DNASE1L2	0.00936	0.00065	0
DNASE1L3	0.00285	0.01752	0.00934
DNASE2	0.15676	0.14836	0.13003
DND1	0.00276	0.01304	0.00105
DNHD1	0.07049	0.06443	0.00323
DNLZ	0.02435	0.05848	0.0875
DNM1	0.02617	0.00258	0
DNM1L	0.41497	0.36712	0.51876
DNM1P35	0.0125	0.00598	0.00216
DNM1P46	0.02406	0.04602	0.01131
DNM2	0.12844	0.24164	0.2585
DNM3	0.00383	0.00057	0
DNMBP	0.08874	0.03187	0.02756
DNMBP-AS1	0.08305	0.06059	0.04239
DNMT1	0.23849	0.41719	1.50492
DNMT3A	0.15604	0.1766	0.17137
DNMT3B	0.01186	0.00264	0.00731
DNMT3L	0.00499	0	0.00032
DNPEP	0.43079	0.37553	0.22632
DNPH1	0.43919	0.29052	0.45068
DNTTIP1	0.08667	0.06054	0.24805
DNTTIP2	0.27448	0.33505	0.50866
DOC2A	0.00103	0.00299	0.00017
DOCK1	0.16278	0.06512	0.00109
DOCK10	0.02476	0.40142	0.66033
DOCK11	0.03652	0.17361	0.28926
DOCK2	0.02161	0.31606	0.75362
DOCK3	0.02225	0.00046	0.00486
DOCK4	0.11642	0.09634	0.01189
DOCK5	0.08828	0.05052	0.01502
DOCK6	0.04787	0.01193	0
DOCK7	0.16755	0.06517	0.01235
DOCK8	0.02267	0.35905	0.67188
DOCK9	0.05127	0.03728	0.01156
DOHH	0.01784	0.01814	0.0489
DOK1	0.00552	0.04026	0.01984
DOK2	0.01367	0.23631	0.27997
DOK3	0.0095	0.11263	0.06708
DOK4	0.06111	0.01265	0
DOK6	0.00104	7e-04	0
DOK7	0.00662	0.00201	0.01096
DOLK	0.05732	0.04062	0.02086
DOLPP1	0.02637	0.00609	0.00743
DONSON	0.07583	0.04878	0.16707
DOP1A	0.08992	0.09306	0.11936
DOP1B	0.2664	0.18793	0.16601
DOT1L	0.09879	0.07084	0.10695
DPAGT1	0.13903	0.10265	0.15264
DPCD	0.04911	0.02163	0.02447
DPEP1	0.00781	0.05243	0.02484
DPEP2	0.0018	0.03938	0.00359
DPF2	0.08046	0.07986	0.14571
DPF3	0.01839	0.03077	0.08881
DPH1	0.00908	0.00958	0.00755
DPH2	0.08125	0.02414	0.05848
DPH3	0.12029	0.07578	0.09145
DPH3P1	0.004	0.00201	0.01126
DPH5	0.06471	0.05273	0.07434
DPH6	0.05212	0.01604	0.08776
DPH6-DT	0.00205	1e-04	0
DPH7	0.05347	0.05124	0.04918
DPM1	0.07303	0.03948	0.05306
DPM2	0.12288	0.11625	0.27294
DPM3	0.2197	0.12313	0.18402
DPP3	0.06398	0.05733	0.07617
DPP4	0.37782	0.069	0.12119
DPP7	0.29003	0.52658	0.37792
DPP8	0.21519	0.23447	0.48009
DPP9	0.29011	0.25201	0.22917
DPPA4	0.00315	0.00885	0.00417
DPY19L1	0.06554	0.04348	0.03186
DPY19L1P1	0.0211	0.00162	0.0019
DPY19L1P2	0.00335	0	0
DPY19L2	0.00076	0.0016	0
DPY19L2P2	0.06312	0.04623	0.05577
DPY19L2P3	0.00232	0	0
DPY19L3	0.06302	0.04089	0.0069
DPY19L4	0.2019	0.15822	0.09372
DPY30	0.23969	0.17567	0.26
DPYD	0.27753	0.18427	0.06866
DPYS	0.45588	0.08755	0.02846
DPYSL2	0.1446	0.24397	0.34745
DPYSL4	0.01313	0.00222	0
DPYSL5	0.15881	0.12908	0.08604
DQX1	0.05285	0.01901	0.00045
DR1	0.09462	0.15797	0.33349
DRAM1	0.13651	0.12228	0.03581
DRAM2	0.04566	0.08522	0.06623
DRAP1	0.18567	0.25147	0.26477
DRD4	0.00688	0.0024	0.00123
DRG1	0.25249	0.11648	0.33221
DRG2	0.10457	0.1277	0.33224
DROSHA	0.27327	0.16656	0.22122
DSC1	0.13009	0.15609	0.11108
DSC2	0.0729	0.03511	0
DSC3	0.00892	0.00831	0.01278
DSCAM-AS1	0.02084	0.01999	0.00943
DSCAML1	0.00238	0.00074	0
DSCC1	0.01067	0.00764	0.03568
VPS26C	0.04142	0.0519	0.10901
DSCR4	0.00206	0.00044	0
DSCR8	0.008	4e-04	0
DSCR9	0.00343	0.00267	0.00089
DSE	0.02042	0.11687	0.07117
DSEL	0.23246	0.16144	0.13108
DSG1	0.08984	0.008	0.00073
DSG2	0.18284	0.10354	0.08129
DSG3	0.26806	0.24431	0.15826
DSN1	0.07747	0.07082	0.1966
DSP	1.12147	0.28094	0.16454
DST	1.48894	0.63179	0.24218
DSTN	0.48992	0.317	0.39712
DSTNP2	0.0209	0.02378	0.02456
DSTYK	0.41958	0.37967	0.43823
DTD1	0.0549	0.05121	0.15706
DTD2	0.09386	0.07771	0.12816
DTHD1	0.00515	0.08019	0.10474
DTL	0.02534	0.01914	0.27116
DTNA	0.11202	0.02488	0.0259
DTNB	0.08701	0.05623	0.08921
DTNBP1	0.06944	0.11658	0.18063
DTWD1	0.05426	0.05105	0.04749
DTWD2	0.27526	0.22132	0.19899
DTX1	0.0365	0.02054	0.10766
DTX2	0.06213	0.06929	0.08215
DTX3	0.0113	0.02389	0.01323
DTX3L	0.25906	0.24884	0.35323
DTX4	0.11863	0.02563	0.0025
DTYMK	0.19096	0.10295	0.86287
DUOX1	0.01543	0.00468	0
DUOX2	0.01415	0	0
DUOXA2	0.0042	0	0
DUS1L	0.47123	0.28747	0.25548
DUS2	0.0278	0.05143	0.12071
DUS3L	0.03247	0.02378	0.04384
DUS4L	0.04361	0.02612	0.0036
DUSP1	0.11375	0.81282	0.69995
DUSP10	0.0352	0.06188	0.06601
DUSP11	0.03841	0.05797	0.11957
DUSP12	0.04387	0.03485	0.04343
DUSP16	0.12837	0.11594	0.11508
DUSP18	0.13092	0.13998	0.13753
DUSP19	0.05265	0.03195	0.03842
DUSP2	0.00583	0.26977	0.27942
DUSP22	0.1327	0.31329	0.23456
DUSP23	0.40822	0.25353	0.34729
DUSP26	0.00116	0.02564	0.00219
DUSP28	0.02507	0.02507	0.03411
DUSP3	0.40421	0.17442	0.02457
DUSP4	0.00689	0.06155	0.14825
DUSP5	0.06431	0.13049	0.03048
DUSP5P1	0.00334	0.00771	0.00206
DUSP6	0.30807	0.2497	0.1854
DUSP7	0.01786	0.01351	0.00528
DUSP8	0.01146	0.0067	0
DUSP9	0.02353	0.01832	0.00056
DUT	0.29201	0.1713	0.77168
DUXA	0.19936	0.17394	0.13405
DUXAP8	0.02424	8e-04	0
DVL1	0.17464	0.07293	0.03715
DVL2	0.0825	0.03992	0.10018
DVL3	0.18711	0.11278	0.12405
DXO	0.09941	0.04835	0.0426
DYDC1	0.00231	0.00352	0.00025
DYDC2	0.0088	0.00857	0.02634
DYM	0.05464	0.04102	0.0614
DYNAP	0.00364	0.00028	0.00057
DYNC1H1	0.80472	0.70734	0.71227
DYNC1I1	0.04849	0.01281	0.00025
DYNC1I2	0.42928	0.42924	0.55199
DYNC1LI1	0.15582	0.17443	0.34408
DYNC1LI2	0.38266	0.30885	0.28575
DYNC2H1	0.09821	0.0426	0.0042
DYNC2LI1	0.05711	0.02704	0.03351
DYNLL1	0.61337	0.42547	0.85863
DYNLL2	0.06655	0.07654	0.03579
DYNLRB1	0.4353	0.38918	0.50739
DYNLRB2	0.00117	0.00166	0
DYNLT1	0.14644	0.0946	0.10357
DYNLT3	0.13207	0.08971	0.05355
DYRK1A	0.10815	0.17543	0.25772
DYRK1B	0.03623	0.03097	0.03623
DYRK2	0.09314	0.09755	0.07837
DYRK3	0.01187	0.00263	0.00318
DYRK4	0.01526	0.03586	0.04175
DYSF	0.0645	0.02621	0.04101
DNAAF4	0.00536	0.00345	0.00949
DZANK1	0.09695	0.08327	0.04381
DZIP1	0.01799	0.00767	0.00312
DZIP1L	0.01282	0.02074	0.0214
DZIP3	0.10041	0.15703	0.15121
E2F1	0.03263	0.01455	0.082
E2F2	0.01512	0.01434	0.45323
E2F3	0.12486	0.17072	0.18559
E2F4	0.06561	0.06399	0.04274
E2F5	0.01234	0.03072	0.04669
E2F6	0.09289	0.04079	0.04632
E2F7	0.01409	0.02005	0.209
E2F8	0.02192	0.00749	0.35901
E4F1	0.0996	0.11619	0.12796
EAF1	0.15638	0.13062	0.12074
EAF2	0.01045	0.11046	0.11788
EAPP	0.22215	0.21827	0.22983
EARS2	0.04029	0.02628	0.00648
EBAG9	0.13498	0.15197	0.1557
EBF1	0.01378	0.03274	0.05022
EBF4	0.01793	0.01125	0.00073
EBI3	0.00348	0.03382	0.02662
EBLN2	0.05335	0.03768	0.03816
EBNA1BP2	0.27005	0.12239	0.25695
EBP	0.61523	0.14915	0.44686
EBPL	0.1909	0.05882	0.05505
ECD	0.08761	0.05738	0.14413
ECE1	0.30379	0.25419	0.32018
ECE2	0.07181	0.03822	0.02057
ECH1	0.56257	0.38861	0.62582
ECHDC1	0.26849	0.14259	0.24943
ECHDC2	0.45813	0.11729	0.02056
ECHDC3	0.1219	0.01819	0.00277
ECHS1	0.96272	0.40366	0.44157
ECI1	0.16822	0.10898	0.15006
ECI2	0.80588	0.27998	0.43079
ECM2	0.04815	0.00521	0.01259
ECSIT	0.10804	0.06922	0.16064
ECT2	0.11871	0.04928	0.42454
ECT2L	0.01958	0.02528	0.0169
EDA	0.00956	0.00264	0
EDAR	0.00166	0.00072	0
EDARADD	0.01208	0.04837	0.13607
EDC3	0.10704	0.06747	0.19066
EDC4	0.08783	0.09666	0.16138
EDEM1	0.08852	0.14486	0.13462
EDEM2	0.06366	0.07038	0.06109
EDEM3	0.27942	0.11949	0.14551
EDF1	0.68533	0.76937	1.10299
EDN1	0.00864	0.00667	0
EDNRB	0.0177	0.00185	0
EDRF1	0.08048	0.09203	0.13192
EEA1	0.53683	0.32275	0.41185
EED	0.09387	0.11453	0.20985
EEF1A1	1.97921	2.44729	2.50655
EEF1A2	0.04794	0.00015	0
EEF1B2	0.70788	1.37602	1.86761
EEF1D	1.02159	1.777	2.11368
EEF1E1	0.05728	0.01617	0.03239
EEF1G	1.42286	1.6638	2.3127
EEF2	1.12583	1.44091	1.79424
EEF2K	0.15577	0.1482	0.11245
EEFSEC	0.07886	0.052	0.09992
EEPD1	0.0437	0.00964	0.04199
EFCAB11	0.19864	0.18396	0.1637
EFCAB12	0.0052	0.00286	0
EFCAB13	0.03448	0.02389	0.0039
EFCAB14	0.25479	0.2505	0.3568
EFCAB2	0.06755	0.02538	0.06537
EFCAB3	0.00193	0.00087	0
EFCAB5	0.00095	0.00267	0.02697
EFCAB6	0.00959	0.00733	0.00085
EFCAB7	0.01305	0.0102	0.0071
EFCC1	0.0036	0	0
EFEMP2	0.02006	0.0157	0
EFHC1	0.18693	0.09215	0.02557
EFHC2	0.00451	0.00098	0
EFHD1	0.00282	0.00065	0.00086
EFHD2	0.06078	0.25027	0.29457
EFNA1	0.60755	0.08907	0.04075
EFNA2	0.01233	0.00481	0.00108
EFNA3	0.00896	0.007	0.00579
EFNA4	0.04373	0.0197	0.02649
EFNA5	0.03145	0.00669	0.01764
EFNB1	0.03235	0.02001	0.00465
EFNB2	0.00762	0.01259	0
EFR3A	0.28332	0.21357	0.17926
EFR3B	0.00272	0.00134	0.00037
EFTUD2	0.22757	0.15643	0.41095
EGF	0.00765	0.00045	0.00086
EGFEM1P	0.05888	0.0583	0.03273
EGFL7	0.02371	0.02609	0.0082
EGFLAM-AS4	0.00195	0.00228	0.00174
EGFR	0.15208	0.0269	0.02678
EGLN1	0.23529	0.09407	0.06569
EGLN3	0.04258	0.02466	0.00147
EGOT	0.00497	0.00314	0
EGR1	0.08675	0.67375	0.4954
EGR2	0.00188	0.01814	0.02261
EGR3	0.00118	0.02984	0.0143
EHBP1	0.30741	0.10492	0.16227
EHBP1L1	0.12102	0.26465	0.30667
EHD1	0.24007	0.26977	0.46114
EHD2	0.08827	0.02125	0
EHD3	0.00177	0.01834	0.03777
EHD4	0.0576	0.06187	0.01981
EHF	0.00684	0.00573	0.00144
EHHADH	0.6038	0.16668	0.16501
EHMT1	0.11627	0.16669	0.22562
EHMT2	0.24119	0.12283	0.14508
EI24	0.87344	0.39806	0.32448
EID1	0.35286	0.33678	0.70257
EID2	0.02782	0.01505	0.03874
EID2B	0.01037	0.01748	0.04338
EID3	0.02812	0.02068	0.00965
EIF1	1.535	2.25396	2.43167
EIF1AD	0.07304	0.0376	0.08628
EIF1AX	0.46768	0.51417	0.83385
EIF1AY	0.05375	0.04753	0.03308
EIF1B	0.17581	0.13682	0.16921
EIF2A	0.22644	0.20346	0.34027
EIF2AK1	0.49548	0.28837	0.5264
EIF2AK2	0.15814	0.20637	0.45589
EIF2AK3	0.04959	0.11663	0.08816
EIF2AK4	0.24696	0.28422	0.13035
EIF2B1	0.1293	0.07446	0.16091
EIF2B2	0.10716	0.06381	0.16592
EIF2B3	0.11178	0.09328	0.19621
EIF2B4	0.34155	0.185	0.20058
EIF2B5	0.16466	0.10647	0.1876
LINC01840	0.10395	0.10261	0.06496
EIF2D	0.07318	0.03686	0.03906
EIF2S1	0.23224	0.27679	0.31958
EIF2S2	0.76694	0.79209	1.14659
EIF2S3	0.3727	0.37297	0.61869
EIF3A	1.26851	1.3048	1.58561
EIF3B	0.59356	0.36512	0.70924
EIF3D	0.25478	0.33677	0.41643
EIF3E	0.29976	0.30382	0.48549
EIF3F	0.38657	0.49476	1.0318
EIF3G	0.29399	0.45838	0.49116
EIF3H	0.27802	0.475	0.75151
EIF3I	0.47262	0.45009	0.84216
EIF3J	0.29428	0.36766	0.54016
EIF3J-DT	0.07157	0.04137	0.10146
EIF3K	0.65357	0.83469	1.53587
EIF3L	0.61841	0.53858	1.02195
EIF3M	0.17763	0.16209	0.28428
EIF4A2	0.62176	0.63664	0.63411
EIF4A3	0.07147	0.25447	0.2485
EIF4B	0.81287	0.94875	1.21793
EIF4E	0.23914	0.33628	0.40403
EIF4E2	0.2649	0.26386	0.47293
EIF4E3	0.0073	0.04327	0.07024
EIF4EBP1	0.17637	0.10609	0.06794
EIF4EBP2	0.61302	0.28376	0.29183
EIF4ENIF1	0.08762	0.08209	0.09646
EIF4G1	0.87671	0.56727	0.89481
EIF4G2	0.85503	0.84179	1.47876
EIF4G3	0.41643	0.3132	0.49905
EIF4H	0.3742	0.37988	0.51375
EIF5	0.6075	0.89813	0.93547
EIF5A	0.13872	0.18721	0.47853
EIF5A2	0.09899	0.02389	0.07017
EIF5AL1	0.03306	0.04407	0.09029
EIF5B	1.04879	1.01042	1.34331
EIF6	0.76035	0.35691	0.62417
ELAC1	0.02183	0.02812	0.04232
ELAC2	0.11149	0.10928	0.16668
ELAVL1	0.19529	0.15508	0.30487
ELAVL4	0.00136	0.00646	0
ELF1	0.1371	0.47362	0.80192
ELF2	0.12566	0.16781	0.3271
ELF3	0.23473	0.03908	0
ELF4	0.01007	0.07054	0.08177
ELFN1	0.04521	0.0081	0.00098
ELFN2	0.00801	0.00194	0
ELK1	0.15204	0.03207	0.00972
ELK2AP	0.10567	0.8511	0.51073
ELK3	0.06251	0.18502	0.13179
ELK4	0.25477	0.20428	0.3553
ELL	0.0414	0.10382	0.16251
ELL2	0.56032	0.66371	0.40941
ELL3	0.01125	0.00052	0.06906
ELMO1	0.0772	0.09897	0.2318
ELMO2	0.06398	0.06263	0.06572
ELMO3	0.011	0.00318	0
ELMOD1	0.1038	0.10671	0.10159
ELMOD2	0.10349	0.06937	0.05417
ELMOD3	0.06198	0.04473	0.01518
ELMSAN1	0.05634	0.08528	0.0306
ELOF1	0.0783	0.11813	0.15889
ELOVL1	0.03169	0.02374	0.05776
ELOVL2	0.37754	0.05109	0.02932
ELOVL2-AS1	0.03247	0.00408	0
ELOVL4	0.00371	0.00312	0.00897
ELOVL5	0.24687	0.17324	0.54286
ELOVL6	0.07739	0.02343	0.01122
ELOVL7	0.02338	0.00616	0.00176
ELP2	0.22266	0.16138	0.21672
ELP3	0.07459	0.07958	0.09775
ELP4	0.02247	0.02825	0.09024
ELP5	0.10993	0.09268	0.15885
ELP6	0.06401	0.046	0.25097
EMB	0.01524	0.26325	0.35705
EMBP1	0.05417	0.02263	0.00743
EMC1	0.2058	0.11978	0.11502
EMC10	0.37362	0.17675	0.18044
EMC2	0.14894	0.09333	0.1386
EMC3	0.49662	0.39484	0.36639
EMC3-AS1	0.20854	0.15823	0.23023
EMC4	0.32969	0.24638	0.43748
EMC6	0.09868	0.12335	0.32092
EMC7	0.13449	0.1014	0.13026
EMC8	0.09116	0.06956	0.15293
EMC9	0.06799	0.06636	0.38219
EMCN	0.1596	0.12103	0.12729
EMD	0.0765	0.05389	0.07085
EME1	0.01579	0.00509	0.11495
EMG1	0.12743	0.08069	0.12314
EMID1	0.02362	0.00973	0
EMILIN1	0.00215	0.00351	0
EMILIN2	0.01129	0.20081	0.02129
EMILIN3	0.0022	0.00077	0
EML1	0.0222	0.00676	0
EML2	0.02444	0.02953	0.01826
EML3	0.1374	0.12182	0.15593
EML4	0.64251	0.5115	0.57813
EML5	0.03435	0.02799	0.00222
EML6	0.14552	0.04603	0.09353
EMP1	0.0044	0.01169	0.00083
EMP2	0.60006	0.36915	0.26102
EMP3	0.0064	0.04369	0.05558
EMX1	0.00441	0.00041	0
EMX2	0.00217	0.00298	0.00119
EMX2OS	0.44319	0.40075	0.30773
ENAH	0.56795	0.25493	0.09705
ENAM	0.00468	0.00477	0
ENC1	0.041	0.03485	0.08663
ENDOD1	0.03482	0.03786	0.04332
ENDOG	0.07293	0.04433	0.01516
ENDOV	0.05843	0.01322	0.05433
ENG	0.01024	0.05412	0
ENGASE	0.05616	0.07544	0.01294
ENHO	0.11153	0.03807	0.00173
ENKD1	0.03796	0.01792	0.00333
ENKUR	0.00157	0	0
ENO1	1.30216	1.17947	2.05928
ENO1-AS1	0.0048	0	0
ENO2	0.0245	0.03879	0.16404
ENO3	0.28733	0.08808	0.00252
ENOPH1	0.08721	0.0654	0.06587
ENOSF1	0.34766	0.23182	0.20311
ENOX2	0.07006	0.09776	0.16766
ENPEP	0.09892	0.02985	0.00265
ENPP1	0.53999	0.07404	0.04109
ENPP2	0.06818	0.04427	0.0244
ENPP3	0.02197	0.00229	0
ENPP4	0.1067	0.06457	0.03034
ENPP5	0.01696	0.00953	0
ENPP6	0.04885	0.04097	0.05912
ENPP7	0.01253	0.00285	0
ENPP7P13	0.21333	0.08564	0.027
ENSA	0.40391	0.4455	0.74958
ENTPD1	0.03641	0.16435	0.04367
ENTPD1-AS1	0.01366	0.01475	0.0092
ENTPD2	0.01211	0.00186	0
ENTPD3-AS1	0.04192	0.02868	0.04728
ENTPD4	0.48717	0.58929	0.50941
ENTPD5	0.39	0.07651	0.03529
ENTPD6	0.30571	0.16086	0.0453
ENTPD7	0.06863	0.0301	0.03868
ENTPD8	0.02071	0.00502	0
ENY2	0.30015	0.24324	0.37768
EOGT	0.0203	0.05148	0.0775
EOMES	0.02339	0.34117	0.74009
EP300	0.37338	0.47592	0.62059
EP400	0.23735	0.19346	0.37645
EP400P1	0.01654	0.01098	0.00821
EPAS1	0.20789	0.07847	0.01272
EPB41	0.44572	0.41933	0.50832
EPB41L1	0.06207	0.04325	0
EPB41L2	0.1239	0.21598	0.12023
EPB41L3	0.0095	0.13373	0
EPB41L4A	0.0118	0.01835	0.0402
EPB41L4A-AS1	0.04171	0.06406	0.0603
EPB41L4B	0.08802	0.01088	0.00059
EPB41L5	0.28518	0.03599	0.00401
EPC1	0.17741	0.27753	0.39618
EPC2	0.06597	0.08418	0.14314
EPCAM	0.00417	0.00043	0
EPDR1	0.08281	0.01446	3e-04
EPG5	0.10031	0.10834	0.13303
EPGN	0.02147	0.0195	0.02576
EPHA1	0.04376	0.0083	0
EPHA1-AS1	0.07773	0.07155	0.07443
EPHA10	0.00303	0.00648	0.00208
EPHA2	0.00493	0.00123	0
EPHA4	0.00238	0.017	0.01443
EPHB1	0.00055	0.00598	0
EPHB2	0.04159	0.02893	0.01522
EPHB3	0.00215	0.00218	0
EPHB4	0.10238	0.01681	0.0048
EPHB6	0.02776	0.02003	0.07476
EPHX1	0.40749	0.06921	0.04792
EPHX2	0.24778	0.0901	0.05411
EPHX3	0.00658	0	0
EPM2A	0.01891	0.00786	0.01202
EPM2AIP1	0.31754	0.34349	0.23211
EPN1	0.26471	0.13627	0.15249
EPN2	0.06031	0.05385	0.02813
EPN2-AS1	0.00064	0.00536	0
EPN3	7e-04	0	0.00086
EPO	0.01634	0.00227	0
EPOR	0.02419	0.02291	0.03664
EPPIN	0.00539	0.00272	0.01076
EPPK1	0.04972	0.00971	0
EPRS	0.50106	0.47609	0.73825
EPS15	0.18781	0.38554	0.48046
EPS15L1	0.04154	0.05798	0.09542
EPS8	0.12823	0.08334	0.03351
EPS8L1	0.00362	0.01011	0
EPS8L2	0.55967	0.14343	0.08111
EPS8L3	0.02345	0.00846	0.00048
EPSTI1	0.0414	0.31163	0.37186
ERAL1	0.03006	0.01154	0.01411
ERAP1	0.15123	0.22321	0.33194
ERAP2	0.27124	0.76998	1.09711
ERBB2	0.06924	0.0141	0.00026
ERBB3	1.12386	0.26021	0.13089
ERC1	0.21708	0.27942	0.352
ERCC1	0.13112	0.10081	0.12789
ERCC2	0.05138	0.04415	0.02154
ERCC3	0.08378	0.07584	0.08792
ERCC4	0.07489	0.08206	0.1308
ERCC5	0.00281	0.0088	0.01659
ERCC6	0.10193	0.0658	0.13734
ERCC6L	0.0076	0.00109	0.06444
ERCC6L2	0.18423	0.25165	0.20616
ERCC8	0.01393	0.02296	0.01018
EREG	0.00658	0.00325	0.00692
ERF	0.02158	0.02319	0.02041
ERGIC1	0.21688	0.14921	0.06295
ERGIC2	0.13671	0.18729	0.12863
ERGIC3	0.33379	0.27791	0.21488
ERH	0.17722	0.14852	0.4198
ERI1	0.02926	0.06291	0.20235
ERI2	0.05153	0.02167	0.08153
ERI3	0.1568	0.07959	0.13097
ERICH1	0.13351	0.26553	0.43082
ERICH2	0.03106	0.00655	5e-04
ERLEC1	0.3351	0.66743	0.40759
ERLIN1	0.18273	0.04898	0.10153
ERLIN2	0.26165	0.16483	0.12675
ERMAP	0.05283	0.04145	0.04848
ERMARD	0.12098	0.04804	0.06969
ERMN	0.00153	0.02508	0
ERMP1	0.05575	0.03217	0.05687
ERN1	0.02056	0.05873	0
ERN2	0.04385	0.03716	0.0295
ERP27	0.00172	0.013	0.03102
ERP29	0.729	0.641	0.71152
ERP44	0.13894	0.15789	0.12389
ERRFI1	0.26475	0.05839	0.0103
ERV3-1	0.01872	0.0179	0.07902
ERVK13-1	0.0872	0.07737	0.0786
ERVK3-1	0.00108	0.00109	0.00266
ERVV-1	0.09616	0.08364	0.08411
ESAM	0.00446	0.00376	0
ESCO1	0.19411	0.21433	0.29353
ESCO2	0.01204	0.00535	0.34042
ESD	0.30533	0.13567	0.27252
ESF1	0.41487	0.29545	0.34027
ESM1	0.00324	0.00129	0.00355
ESPL1	0.0126	0.00215	0.09485
ESPN	0.13904	0.02676	0.03341
ESPNL	0.01458	0.00118	0
ESR1	0.01341	0.02787	0.02211
ESR2	0.03257	0.02766	0.03343
ESRG	0.00694	0.00922	0.01882
ESRP2	0.08812	0.01697	0.00733
ESRRA	0.19658	0.10731	0.06519
ESRRG	0.00412	0	0
ESYT1	0.23301	0.14842	0.21102
ESYT2	0.39542	0.40261	0.29682
ESYT3	0.00684	0	0
ETAA1	0.07251	0.05296	0.11997
ETF1	0.25282	0.25062	0.31498
ETFA	0.33945	0.15392	0.16162
ETFB	1.10773	0.45937	0.96671
ETFDH	0.07767	0.02937	0.10322
ETHE1	0.06973	0.09348	0.18245
ETNK1	0.10922	0.11579	0.19851
ETNK2	0.31719	0.04065	0.01275
ETNPPL	0.07486	0.02392	0.00066
ETS1	0.07189	0.78841	1.37569
ETS2	0.14151	0.12789	0.01001
ETV1	0.02742	0.0452	0.06082
ETV2	0.02908	0.02632	0.00269
ETV3	0.015	0.0435	0.02016
ETV4	0.08334	0.01325	0.01947
ETV5	0.0873	0.08735	0.02599
ETV6	0.0886	0.13016	0.10452
ETV7	0.02475	0.06196	0.10309
EVA1A	0.08247	0.01489	0.00256
EVA1B	0.04514	0.09826	0.04171
EVA1C	0.0031	0.01035	0
EVC	0.04331	0.00527	0.00773
EVC2	0.01904	0.01331	0.07195
EVI2A	0.00811	0.19889	0.1665
EVI2B	0.03346	0.55713	0.84245
EVI5	0.46356	0.26398	0.09847
EVI5L	0.03202	0.028	0.00421
EVL	0.21871	0.72849	1.14347
EVPL	0.01418	0.00016	0
EVX1	0.00967	0.00038	0
EWSR1	0.25043	0.29285	0.60426
EXD1	0.00261	0.00372	0.00163
EXD2	0.04022	0.01124	0
EXD3	0.07975	0.05856	0.05297
EXO1	0.00952	0.01163	0.18766
EXO5	0.04233	0.03171	0.06747
EXOC1	0.11716	0.25075	0.29095
EXOC2	0.11124	0.13058	0.15306
EXOC3	0.255	0.1921	0.37252
EXOC3L1	0.00388	0.00043	0.00301
EXOC3L4	0.05616	0.00678	0.00044
EXOC4	0.31905	0.281	0.42664
EXOC5	0.13919	0.11424	0.17439
EXOC6	0.13176	0.08013	0.15742
EXOC6B	0.09511	0.06492	0.01482
EXOC7	0.25887	0.18925	0.29121
EXOC8	0.08976	0.06911	0.09037
EXOG	0.09481	0.08062	0.19266
EXOSC1	0.10068	0.0883	0.17126
EXOSC10	0.15884	0.15315	0.3939
EXOSC2	0.14881	0.13633	0.23378
EXOSC3	0.02916	0.04297	0.1396
EXOSC4	0.14937	0.09215	0.24176
EXOSC5	0.04327	0.03564	0.05134
EXOSC6	0.07492	0.04837	0.0841
EXOSC7	0.10533	0.0803	0.12783
EXOSC8	0.09682	0.1062	0.50714
EXOSC9	0.07688	0.12161	0.17603
EXPH5	0.08266	0.02153	0.05927
EXT1	0.17159	0.07502	0.02869
EXT2	0.11349	0.05187	0.02659
EXTL2	0.09681	0.04171	0.01526
EXTL3	0.05521	0.03396	0.02888
EXTL3-AS1	0.13974	0.12833	0.12177
EYA2	0.00485	0.01776	0
EYA3	0.06534	0.1164	0.21159
EYA4	0.00979	0.00211	0
EYS	0.00281	0.00061	0.00368
EZH1	0.10253	0.13931	0.12348
EZH2	0.0799	0.10038	0.90379
EZR	0.43488	0.71233	1.73632
F10	0.49823	0.07486	0.00887
F10-AS1	0.00269	0.00016	0
F11	0.18368	0.03329	0.00102
F11-AS1	0.00119	0	0
F11R	0.47862	0.19082	0.18321
F12	1.15011	0.16087	0.07045
F13A1	0.01862	0.21399	0.05749
F13B	0.13696	0.02195	0.0017
F2	1.4693	0.33515	0.08159
F2R	0.13985	0.24558	0.42263
F2RL1	0.03126	0.02118	0
F2RL2	0.00141	9e-04	0.00038
F2RL3	0.0885	0.06801	0.03941
F3	0.0032	0.00463	0.00094
F5	1.26377	0.25282	0.11604
F7	0.53131	0.06572	0.00437
F8	0.03584	0.0087	0.01101
F9	0.18266	0.01522	0
FAAH	0.11578	0.00921	0.01345
FAAH2	0.02778	0.01078	0.0011
FABP1	0.63885	0.16793	0.03768
FABP3	0.00787	0.03675	0
FABP5	0.0636	0.37039	0.88075
FABP5P3	0.00068	0.00297	0.00142
FADD	0.04314	0.018	0.03905
FADS1	0.7121	0.20284	0.17114
FADS2	0.20041	0.04843	0.00412
FADS3	0.09513	0.0173	0.00354
FADS6	0.09964	0.08968	0.05409
FAF1	0.11418	0.12144	0.46152
FAF2	0.19689	0.13688	0.16101
FAH	0.49767	0.11462	0.07863
FAHD1	0.36506	0.16263	0.28646
FAHD2A	0.13569	0.03612	0.15136
FAHD2B	0.06132	0.04985	0.08057
FAHD2CP	0.01058	0.00815	0.00124
FAIM	0.01284	0.01012	0.0314
FAIM2	0.00017	0.00269	0.02107
FAM102A	0.09877	0.1289	0.16889
FAM102B	0.01891	0.04331	0.05648
RAMAC	0.11789	0.09918	0.17043
FAM104A	0.1038	0.12294	0.28848
FAM104B	0.04971	0.03568	0.04758
OTULINL	0.00998	0.11756	0.1379
FAM107A	0.00399	0.00086	0
FAM107B	0.32551	0.3621	0.56333
PHETA1	0.05442	0.01989	0.00545
FAM110A	0.02788	0.0609	0.2034
FAM110B	0.03366	0.00381	0.00037
FAM110C	0.02816	0.01138	0.01039
FAM111A	0.21199	0.31536	1.26177
FAM111B	0.03412	0.03339	0.37403
FAM114A1	0.34056	0.10346	0.04476
FAM114A2	0.07405	0.08049	0.05828
FAM117A	0.05373	0.07552	0.03405
FAM117B	0.02448	0.04577	0.03666
FAM118A	0.0733	0.1299	0.22059
FAM118B	0.0344	0.03333	0.02637
FAM120A	0.33372	0.38449	0.57951
FAM120AOS	0.09047	0.13291	0.25663
FAM120B	0.07506	0.08002	0.06683
FAM120C	0.04647	0.03097	0.0631
FAM122A	0.01156	0.03425	0.03619
FAM122B	0.0738	0.03928	0.10444
FAM122C	0.03684	0.07011	0.04987
FAM124A	0.01392	0.00513	0.00085
FAM126A	0.05806	0.05167	0.08042
FAM126B	0.32479	0.38051	0.36271
RTL8C	0.24572	0.1044	0.06187
RTL8A	0.0777	0.02773	0.00715
RTL8B	0.00456	0	0
FAM129A	0.06609	0.20498	0.42601
FAM129B	0.01851	0.02036	0.01268
FAM129C	0.00069	0.01503	0.00177
FAM131A	0.02369	0.01933	0
FAM131C	0.0069	0.00228	0
C1QTNF12	0.04376	0.00974	0.00085
FAM133A	0.08747	0.02982	0.00162
FAM133B	0.01995	0.01476	0.0139
FAM133CP	0.08495	0.03802	0.02739
RETREG2	0.62392	0.3802	0.25867
RETREG1	0.01238	0.02452	0.04242
RETREG3	0.25384	0.1692	0.13707
FAM135A	0.07618	0.06814	0.00947
FAM136A	0.20206	0.13956	0.25486
FAM13A	0.08372	0.11706	0.00108
FAM13A-AS1	0.02384	0.041	0.01071
FAM13B	0.08423	0.17351	0.20928
FAM13C	0.01527	0.00477	0
FAM149A	0.03624	0.0335	0.00681
FAM149B1	0.03295	0.01936	0.02286
FAM151A	0.14132	0.06317	0.00807
FAM151B	0.00856	0.00627	0
FAM153C	0.0841	0.1033	0.04471
FAM155A-IT1	0.00763	0.00012	0
FAM157B	0.00165	0.00351	0.00073
FAM157C	0.04962	0.04403	0.02724
SHISAL2A	0.00148	0.01474	0.03081
FAM160A2	0.10676	0.03846	0.02865
FAM160B1	0.16387	0.12091	0.16224
FAM160B2	0.11328	0.11384	0.09096
FAM161A	0.28429	0.28179	0.20394
FAM161B	0.04339	0.02888	0.02953
FAM162A	0.31448	0.13074	0.16216
FAM166A	0.00635	0.00694	0.00142
FAM167A	0.00137	0.00205	6e-04
FAM167B	0.00382	0.00431	0
FAM168A	0.12856	0.04311	0.01098
FAM168B	0.29562	0.17546	0.14615
FAM169A	0.09608	0.04777	0.03577
FAM171A1	0.10562	0.04322	0.03169
FAM171B	0.00788	0.00284	0
FAM172A	0.1291	0.16522	0.29376
FAM172BP	0.00328	0.00489	0.00094
FAM173A	0.05466	0.09648	0.10597
FAM173B	0.07627	0.03116	0.04939
FAM174A	0.0234	0.0257	0.03511
FAM174B	0.01614	0.02284	0
ABRAXAS1	0.02801	0.03022	0.01936
ABRAXAS2	0.06069	0.05749	0.08439
FAM177A1	0.36805	0.34826	0.30175
FAM178B	0.00541	0.00093	0
TOGARAM2	0.00031	0.009	0.01704
TOGARAM1	0.07128	0.0863	0.08077
FAM180A	0.0025	0	0
FAM180B	0.00169	0.00274	0
FAM182A	0.00457	8e-05	0
FAM182B	0.01436	5e-05	0
FAM183A	0.00827	0.00051	0
FAM184A	0.22064	0.03958	0.09618
FAM184B	0.01636	0.01393	0.00908
FAM185A	0.03453	0.02249	0.01497
FAM186B	7e-04	0.00718	0
MINDY3	0.03352	0.03314	0.05314
MINDY4	0.00669	0.00241	0
FAM189B	0.1615	0.03864	0.04353
FAM192A	0.32409	0.34449	0.73847
FAM193A	0.14328	0.17876	0.20763
FAM193B	0.17057	0.11065	0.14281
FAM198A	0.01101	0.0026	0
FAM198B	0.00598	0.04028	0
FAM199X	0.09369	0.05839	0.0509
FAM19A4	0.00697	0.00536	0
FAM200A	0.03345	0.03092	0.01317
FAM200B	0.16073	0.08756	0.15054
FAM201A	0.00442	8e-05	0
FAM204A	0.15487	0.22195	0.34653
FAM206A	0.04443	0.0222	0.00809
FAM207A	0.06774	0.0756	0.19511
FAM208A	0.33158	0.3408	0.33875
FAM208B	0.25686	0.24268	0.25988
FAM209A	0.00226	0.00588	0
FAM20A	0.23241	0.09937	0
FAM20B	0.28245	0.15141	0.16287
FAM20C	0.32905	0.08241	0.00485
FAM210A	0.11048	0.06025	0.19632
FAM210B	0.47347	0.19727	0.10774
INKA1	0.00195	0.00558	0.01067
INKA2	0.03183	0.02796	0.0237
PRXL2A	0.99205	0.37395	0.14905
PRXL2B	0.09997	0.06246	0.0265
FAM214A	0.15044	0.28294	0.19344
FAM214B	0.01387	0.03262	0.01167
FAM216A	0.02303	0.017	0.09552
FAM217B	0.29999	0.29034	0.18331
FAM219A	0.02529	0.03061	0.01654
FAM219B	0.09945	0.11181	0.08705
FAM220A	0.02774	0.01387	0.01718
FAM221A	0.02123	0.0096	0.00316
FAM222A	0.07047	0.01587	0.01768
FAM222B	0.14839	0.10244	0.13008
FAM227A	0.3569	0.31207	0.19476
FAM227B	0.00625	0.00752	0.01285
FAM228B	0.05806	0.02888	0.03801
FAM229A	0.02005	0.00841	0.00033
FAM229B	0.09277	0.04558	0.02036
AC007731.1	0.00125	0.00267	0
FAM230B	0.0015	0.00036	0
FAM24B	0.01125	0.00869	0.02436
CALHM6	0.00315	0.10496	0.04317
FAM32A	0.3072	0.3262	0.38459
SHLD2	0.22209	0.13987	0.17722
SHLD2P1	0.0022	0	0
SHLD2P3	0.01785	0.01008	0
FAM3A	0.2069	0.11248	0.11719
FAM3B	0.0438	0.00245	0
FAM3C	0.21054	0.20393	0.24981
FAM3D	0.05021	0.04823	0.05176
FAM41C	0.01965	0.01928	0.00404
FAM43A	0.01303	0.0195	0.04514
FAM45A	0.02132	0.01148	0
TENT5A	0.22282	0.18072	0.04522
TENT5B	0.00393	0.00106	0
TENT5C	0.03466	0.46548	0.33366
FAM47E	0.0072	0.00657	0
FAM49A	0.01526	0.09763	0.10658
FAM49B	0.15068	0.34529	0.74599
FAM50A	0.51467	0.41203	0.37244
FAM50B	0.08586	0.02329	0.02251
FAM53A	0.01848	0.00039	0
FAM53B	0.05105	0.16417	0.29796
FAM53B-AS1	0.24909	0.3367	0.17664
FAM53C	0.05034	0.03719	0.07503
FAM57A	0.00611	0.0064	0
CCNQ	0.06338	0.08005	0.08054
SINHCAF	0.05085	0.12275	0.19479
MINDY1	0.2011	0.11651	0.04916
MINDY2	0.52444	0.54827	0.51767
PIMREG	0.0067	0.00147	0.16388
RIPOR1	0.04849	0.03152	0.00889
RIPOR2	0.67852	0.8173	0.86098
FAM69A	0.07222	0.08802	0.14692
FAM69B	0.02063	0.01142	0
FAM71E1	0.01092	0.00261	0
FAM71F1	0.00522	0	0
FAM71F2	0.27647	0.26601	0.11761
FAM72B	0.00105	0.01076	0.01028
FAM76A	0.10175	0.07667	0.12828
FAM76B	0.15255	0.12705	0.24009
FAM78A	0.005	0.08402	0.12458
FAM78B	0.00977	0.00477	0.00642
FAM81A	0.0018	0.00014	0
FAM83A	0.00935	0.00509	0.00515
FAM83B	0.01304	0.0013	0.00128
FAM83D	0.05405	0.00987	0.14208
FAM83E	0.01159	0.01577	0.00117
FAM83G	0.00399	0.00384	0.00049
FAM83H	0.17252	0.04261	0.02303
IQANK1	0.00961	0.00591	0.01071
FAM84B	0.13186	0.07887	0.03521
FAM86B3P	0.01251	0.00527	0.02457
FAM86C1	0.00941	0.00493	0.00548
FAM86C2P	0.0158	0.00282	0
FAM86DP	0.00706	0.00511	0.00146
FAM86EP	0.01509	0.00053	0.0037
FAM86FP	0.0043	0.01143	0.00034
FAM86HP	0.00458	0.00378	0.0016
FAM86JP	0.00429	0.00476	0
FAM89A	0.02127	0.0118	0.00073
FAM89B	0.09884	0.16438	0.28994
FAM8A1	0.29852	0.0655	0.04357
FAM91A1	0.19697	0.16373	0.1306
FAM92A1P2	0.05053	0.04802	0.03126
FAM92B	0.00147	0.04176	0.00194
CIAO2A	0.32533	0.21445	0.22412
CIAO2B	0.2475	0.17094	0.37187
FAM98A	0.09509	0.07662	0.18626
FAM98B	0.06626	0.07589	0.18673
FAM98C	0.02684	0.0368	0.00797
FAM99A	0.01917	0.00856	0.0012
FAM9B	0.06528	0.04272	0.02495
FAN1	0.22564	0.13358	0.12258
FANCA	0.07985	0.05434	0.13776
FANCB	0.00838	0.00609	0.05905
FANCC	0.01421	0.02195	0.01772
FANCD2	0.11601	0.1285	0.51385
FANCE	0.01323	0.00869	0.02412
FANCF	0.05711	0.05366	0.05063
FANCG	0.02037	0.02095	0.18489
FANCI	0.08109	0.08497	0.63377
FANCL	0.08368	0.04175	0.16977
FANCM	0.04662	0.05853	0.14554
FAR1	0.02351	0.13753	0.20128
FAR2	0.00215	0.01745	0.0303
FAR2P1	0.01349	0.00306	0
FAR2P2	0.18927	0.1595	0.08904
FARP1	0.24028	0.06375	0.02404
FARP2	0.05523	0.04337	0.0323
FARS2	0.06269	0.04659	0.10185
FARSA	0.14094	0.1771	0.33176
FARSB	0.24636	0.0949	0.25485
FAS	0.03477	0.13604	0.25295
FASLG	0.00127	0.03676	0.04854
FASN	0.98202	0.24825	0.15025
FASTK	0.17309	0.11349	0.16796
FASTKD1	0.08877	0.05897	0.04507
FASTKD2	0.44421	0.31759	0.26449
FASTKD3	0.0596	0.02016	0.0063
FASTKD5	0.06485	0.05305	0.01905
FAT1	0.26821	0.04851	0.00705
FAT3	0.00606	0.00814	0.00069
FAT4	0.01175	0.00855	0
FAU	1.36967	1.96022	2.53019
FAXC	0.09976	0.09455	0.05187
FAXDC2	0.10253	0.03946	0
FBF1	0.03101	0.00908	0.00997
FBL	0.41679	0.38478	0.9722
FBLIM1	0.40607	0.37104	0.2743
FBLL1	0.04863	9e-04	0.00399
FBLN1	0.09678	0.00821	0
FBLN5	0.02337	0.00497	0
FBLN7	0.02635	0.01276	0.02683
FBN1	0.01917	0.00639	0.07427
FBP1	0.33441	0.09361	0.01349
FBRS	0.05799	0.07906	0.19582
FBRSL1	0.11341	0.05974	0.01435
FBXL12	0.02496	0.02212	0.01053
FBXL13	0.07552	0.09589	0.07049
FBXL14	0.00249	0	0
FBXL15	0.11312	0.13377	0.19599
FBXL17	0.07453	0.07328	0.03527
FBXL18	0.49316	0.46825	0.36496
FBXL19	0.01156	0.00602	0.00273
FBXL19-AS1	0.18819	0.15565	0.14332
FBXL2	0.00976	0.00122	0
FBXL20	0.41996	0.43409	0.29591
FBXL21	0.006	0	0
FBXL22	0.00639	0.01448	0.01239
FBXL3	0.05692	0.09793	0.09341
FBXL4	0.09079	0.06136	0.06728
FBXL5	0.20716	0.14799	0.14021
FBXL6	0.00443	0.00285	0.00342
FBXL7	0.02108	0.00159	0.00044
FBXL8	0.00234	0.00701	0
FBXO10	0.00889	0.01876	0.02894
FBXO11	0.16941	0.16446	0.23525
FBXO15	0.00725	0.00069	0
FBXO16	0.0095	0.00877	0.01808
FBXO17	0.23948	0.05015	0.04672
FBH1	0.18321	0.26693	0.19614
FBXO2	0.18985	0.05989	0.04988
FBXO21	0.15784	0.11608	0.13497
FBXO22	0.10457	0.03669	0.08047
FBXO24	0.00336	0.00208	0.00343
FBXO25	0.11057	0.10333	0.13573
FBXO27	0.4215	0.32862	0.24426
FBXO28	0.08443	0.0455	0.07738
FBXO3	0.05647	0.02185	0.04829
FBXO30	0.04483	0.04226	0.06372
FBXO31	0.42475	0.07971	0.14189
FBXO32	0.06983	0.09426	0.10377
FBXO33	0.08947	0.10128	0.18416
FBXO34	0.06026	0.07343	0.13346
FBXO36	0.01613	0.01044	0.00319
FBXO38	0.1152	0.09598	0.05351
FBXO4	0.06153	0.01523	0.03816
FBXO40	0.00146	0.00312	0.00107
FBXO41	0.00963	0.0376	0.02894
FBXO42	0.09159	0.09465	0.12789
FBXO43	0.01808	0.00861	0.06535
FBXO44	0.11659	0.05759	0.03134
FBXO45	0.10678	0.05419	0.08818
FBXO46	0.0324	0.04023	0.05763
FBXO48	0.06961	0.08411	0.10109
FBXO5	0.01746	0.02697	0.61255
FBXO6	0.18993	0.21796	0.26622
FBXO7	0.41225	0.25603	0.32834
FBXO8	0.03278	0.03012	0.00915
FBXO9	0.51645	0.27398	0.26996
FBXW10	0.00828	0.00396	0
FBXW11	0.21578	0.14266	0.12295
FBXW2	0.11707	0.10627	0.10774
FBXW4	0.10682	0.08159	0.07746
FBXW4P1	0.01233	0.00962	0
FBXW5	0.36921	0.4078	0.60897
FBXW7	0.19165	0.5831	0.48041
FBXW8	0.04156	0.05081	0.04435
FBXW9	0.0295	0.01741	0.05487
FCAMR	0.0195	0.00993	0
FCAR	0.01522	0.02741	0.00762
FCER1A	0.00035	0.00842	0.00399
FCER1G	0.04297	0.46445	0.16993
FCF1	0.23748	0.20681	0.28235
FCF1P2	0.03342	0.0412	0.00171
FCGR1A	0.00628	0.04804	0.00252
FCGR1B	0.00072	0.00582	0
FCGR2A	0.01387	0.21496	0.00475
FCGR2B	0.00732	0.12251	0.03072
FCGR2C	0.00118	0.04913	0.00493
FCGR3A	0.0201	0.22218	0.06054
FCGRT	0.51727	0.60228	0.15443
FCHO1	0.00276	0.01931	0.00443
FCHO2	0.10528	0.22137	0.01849
FCHSD1	0.02724	0.04892	0.03373
FCHSD2	0.10708	0.37402	0.29136
FCN1	0.34341	0.38713	0.18612
FCRL1	0.00044	0.00826	0.01961
FCRL2	0.00191	0.01866	0.00078
FCRL3	0.01191	0.24161	0.25903
FCRL4	0.00116	0.00831	0.02728
FCRL5	0.0043	0.16819	0.09469
FCRL6	0.00047	0.0292	0.13739
FCRLA	0.00079	0.03076	0.04638
FCRLB	0.00193	0.00187	0
FDFT1	0.22262	0.13708	0.34293
FDPS	0.77011	0.34349	0.67526
FDPSP2	0.31162	0.30721	0.23193
FDX1	0.12995	0.07925	0.11446
FDX2	0.05247	0.04268	0.08785
FDXACB1	0.02371	0.01355	0.03129
FDXR	0.03118	0.02761	0.165
FECH	0.10169	0.06931	0.15549
FEM1A	0.0452	0.04483	0.07389
FEM1B	0.30069	0.18861	0.10063
FEM1C	0.05792	0.06549	0.04118
FEN1	0.05711	0.02046	0.20622
FENDRR	0.11533	0.09568	0.05169
FER	0.18473	0.16335	0.16842
FER1L4	0.05534	0.14562	0.10041
FER1L6	0.01593	0	0
FERMT1	0.07601	0.00982	0
FERMT2	0.16734	0.03504	0.00885
FERMT3	0.01752	0.23718	0.33086
FES	0.02415	0.0702	0.01263
FETUB	0.14862	0.01562	0
FEZ1	0.0068	0.01208	0
FEZ2	0.15759	0.14096	0.06735
FEZF1-AS1	0.00624	0.00028	0
FFAR2	0.06257	0.06543	0.06021
FFAR4	0.10168	0.0765	0.0458
FGA	2.2587	0.53274	0.10558
FGB	1.9045	0.50172	0.26188
FGD1	0.00596	0.00109	0.00277
FGD2	0.0043	0.11231	0.07447
FGD3	0.014	0.19957	0.37182
FGD4	0.24385	0.24227	0.11302
FGD5	0.06456	0.01546	0.00896
FGD5-AS1	0.36676	0.31901	0.3717
FGD6	0.18757	0.13521	0.12472
FGF1	0.00473	0.00027	0
FGF11	0.00388	0.00682	0
FGF12	0.02932	0.00108	0
FGF13	0.02529	0.00889	0
FGF13-AS1	0.00051	0.00113	0
FGF14	0.00451	0.00078	0
FGF18	0.00197	0.00761	0
FGF19	0.0059	0.00182	0
FGF2	0.01946	0.00738	0.00314
FGF21	0.04853	0.00714	0
FGF5	0.00819	0.00982	0.0129
FGFBP3	0.0083	0.01054	0.00129
FGFR1	0.01822	0.03842	0.04528
FGFR1OP	0.17043	0.06204	0.17127
FGFR1OP2	0.09512	0.34546	0.38052
FGFR2	0.17824	0.10541	0.05922
FGFR3	0.50678	0.0587	0.00141
FGFR4	0.19281	0.02449	0.00129
FGFRL1	0.19535	0.02392	0.00247
FGG	1.94821	0.42258	0.13873
FGGY	0.24986	0.08038	0.07921
FGL1	0.49435	0.10203	0.01354
FGL2	0.09439	0.54654	0.37724
FGR	0.0126	0.14724	0.10185
FH	0.2694	0.09907	0.13805
FHAD1	0.05393	0.04466	0.01836
FHDC1	0.00593	0.00499	0.00042
FHIT	0.19073	0.10578	0.03503
FHL1	0.01894	0.01372	0.06366
FHL2	0.00586	0.00153	0.02915
FHL3	0.02816	0.03016	0.0419
FHL5	0.00747	0.00415	0.01187
FHOD1	0.01839	0.09327	0.09678
FHOD3	0.01208	0	0.00516
FIBP	0.29406	0.249	0.54422
FICD	0.03655	0.04575	0.00676
FIG4	0.04903	0.04924	0.02802
FIGN	0.0691	0.00236	0
FIGNL1	0.0894	0.06742	0.16006
FILIP1	0.08095	0.06228	0.05619
FILIP1L	0.02254	0.04551	0.00045
FIP1L1	0.18009	0.30003	0.4868
FIS1	0.6798	0.56535	0.56094
FITM1	0.00515	0.00101	0.02942
FITM2	0.39693	0.35714	0.27974
FIZ1	0.05871	0.02866	0.01918
FJX1	0.00588	0	0.00839
FKBP10	0.00466	0	0
FKBP11	0.1281	0.59448	0.6067
FKBP14	0.4215	0.46998	0.24767
FKBP15	0.09736	0.20877	0.29957
FKBP1A	0.33827	0.39635	0.62965
FKBP1B	0.0162	0.01218	0.04448
FKBP2	0.80652	0.82884	0.75273
FKBP3	0.27635	0.25626	0.54995
FKBP4	0.20152	0.10438	0.11884
FKBP5	0.56282	0.94458	1.37297
FKBP7	0.0267	0.01223	0.00769
FKBP8	0.01871	0.02759	0.03788
FKBP9	0.05124	0.02038	0.01326
FKBPL	0.02653	0.01431	0.04077
FKRP	0.06396	0.06145	0.05206
FKTN	0.08098	0.05882	0.0325
FLAD1	0.23312	0.12463	0.27622
FLCN	0.04542	0.03396	0.03043
FLG-AS1	0.00848	0.00587	0
FLG2	0.14809	0.13737	0.10414
FLI1	0.0182	0.17068	0.16439
FLII	0.11066	0.20712	0.45834
LINC01973	0.08227	0.07061	0.04014
FLNA	0.03646	0.18428	0.48389
FLNB	0.49937	0.1146	0.1284
FLNB-AS1	0.05404	0.02081	0.04302
FLNC	0.14847	0.09014	0.00154
FLOT1	0.28088	0.09875	0.13394
FLOT2	0.18785	0.20958	0.45321
FLRT3	0.02467	0.00292	0
FLT1	0.11511	0.13544	0.12143
FLT3	0.00108	0.02296	0.06045
FLT3LG	0.02065	0.0409	0.08344
FLT4	0.00704	0.00656	0
FLVCR1	0.91123	0.89738	0.69594
FLVCR1-DT	0.03245	0.00472	0.0248
FLVCR2	0.02871	0.02862	0.03433
FLYWCH1	0.04257	0.02775	0.022
FLYWCH2	0.01955	0.01469	0.04157
FMN1	0.03818	0.08532	0.02587
FMN2	0.01691	0	0
FMNL1	0.00179	0.07479	0.13423
FMNL2	0.03231	0.17759	0.01823
FMNL3	0.01548	0.07788	0.08122
FMO1	0.00963	0.00262	0.00086
FMO3	0.41782	0.0699	0.02928
FMO4	0.10466	0.00946	0.01105
FMO5	0.89023	0.10023	0.01331
FMOD	0.00838	0.00058	0
FMR1	0.47144	0.23583	0.18309
FMR1-AS1	0.0112	0.00368	0.00085
FN1	2.07554	0.6657	0.14349
FN3K	0.015	3e-04	0
FN3KRP	0.1046	0.05571	0.09949
FNBP1	0.15007	0.70345	0.98894
FNBP1L	0.26155	0.05246	0.01602
FNBP4	0.36391	0.46294	0.5728
FNDC3A	0.3084	0.4655	0.38405
FNDC3B	0.76519	0.43899	0.12243
FNDC4	0.06095	0.0101	0.00185
FNDC5	0.0238	0.00525	0.00294
FNIP1	0.23814	0.14588	0.16066
FNIP2	0.26075	0.11297	0.05521
FNTA	0.11347	0.12633	0.25774
FNTB	0.00316	0.0053	0
FOCAD	0.04352	0.02279	0.0428
FOLH1	0.00293	0.00034	0
FOLR1	0.00232	3e-04	0
FOLR2	0.01497	0.17821	0.02486
FOPNL	0.07817	0.05696	0.10755
FOS	0.13489	1.81819	1.78496
FOSB	0.12322	1.73548	1.48025
FOSL1	0.01802	0.00779	0.00333
FOSL2	0.05506	0.03943	0.0295
FOXA1	0.08455	0.00882	0.00243
FOXA2	0.29501	0.03149	0.00094
FOXA3	0.09011	0.02871	0.00239
FOXC1	0.03192	0.01048	0.00228
FOXD2	0.03061	0.00265	0
FOXD2-AS1	0.00268	0.00405	0.00083
FOXH1	0.00399	0.00123	0.00119
FOXJ1	0.00113	0.00449	0
FOXJ2	0.04214	0.06857	0.04904
FOXJ3	0.16086	0.18848	0.32562
FOXK1	0.19462	0.16854	0.10416
FOXK2	0.17848	0.13194	0.08862
FOXM1	0.06859	0.02491	0.92054
FOXN2	0.29024	0.23753	0.42776
FOXN3	0.6925	0.55206	0.58044
FOXN3-AS1	0.01698	0.00947	0.06867
FOXN4	0.01839	0.00664	0
FOXO1	0.17364	0.32254	0.5751
FOXO3	0.43627	0.43361	0.22046
FOXO3B	0.08529	0.10284	0.06823
FOXO4	0.02054	0.00837	0.03339
FOXO6	0.01014	0.00176	0
FOXP1	0.71426	0.57796	0.70159
FOXP1-AS1	0.00259	0.00657	0
FOXP2	0.00993	0.00023	0.00063
FOXP3	0.00827	0.11705	0.04099
FOXP4	0.06293	0.01618	0.01342
FOXQ1	0.1395	0.02062	0
FOXRED1	0.20651	0.07255	0.15954
FOXRED2	0.42078	0.23349	0.09183
FPGS	0.08343	0.08908	0.08257
FPGT	0.06452	0.01024	0
FPR1	0.0013	0.05729	0.00077
FPR3	0.00663	0.08693	0.00818
FRA10AC1	0.36222	0.23652	0.33081
FRAS1	0.03576	0.01169	0
FRAT1	0.09242	0.04366	0.0234
FRAT2	0.06807	0.05209	0.03646
FREM1	0.00751	0.00215	0
FREM2	0.00123	0.00168	0
FRG1	0.21826	0.22861	0.54425
FRK	0.06585	0.01837	0.00144
FRMD1	0.0172	0.00079	0
FRMD3	0.01434	0.00847	0.00063
FRMD4A	0.06778	0.10227	0.04124
FRMD4B	0.0842	0.17151	0.05453
FRMD6	0.02849	0.00535	0.00144
FRMD8	0.06044	0.04567	0.04365
FRMD8P1	0.00414	0.00438	0.00017
FRMPD1	0.00208	0.00065	0
FRRS1	0.08242	0.03491	0.00345
FRRS1L	0.1584	0.15424	0.10297
FRS2	0.15053	0.08254	0.06424
FRS3	0.00515	0.00152	0
FRY	0.09845	0.01727	0.02121
FRY-AS1	0.08815	0.04692	0.03594
FRYL	0.22435	0.27814	0.35565
FRZB	0.00926	0.00311	0.00908
FSCN1	0.02143	0.08137	0.01067
FSD1	0.00175	0.0065	0.02287
FSD1L	0.0255	0.0188	0.02904
FSD2	0.17045	0.20752	0.10884
FSIP1	0.02079	0.01099	0.01301
FSIP2	0.08606	0.01075	0
FST	0.59463	0.1262	0.0232
FSTL1	0.00414	0	0
FSTL3	0.01221	0.00425	0
FSTL4	0.01095	0.00202	0
FSTL5	0.00223	0.00032	0
FTCD	0.69922	0.13813	0.04471
FTCDNL1	0.00593	0.00196	0.00202
FTH1	3.35004	2.79441	2.38744
FTH1P3	0.0163	0.01163	0.00127
FTL	4.59923	3.87494	2.8055
FTLP10	0.00223	0.00255	0.00057
FTO	0.0773	0.06265	0.05015
FTSJ1	0.09275	0.07172	0.12112
FTSJ3	0.14793	0.10521	0.18626
FTX	0.04359	0.02765	0.05751
FUBP1	0.23222	0.30407	0.86692
FUBP3	0.10736	0.06615	0.13741
FUCA1	0.14051	0.10987	0.06116
FUCA2	0.36824	0.14011	0.04124
FUK	0.09053	0.06309	0.0458
FUNDC1	0.02384	0.0387	0.01887
FUNDC2	0.16582	0.15173	0.44084
FUNDC2P2	0.00858	0.01447	0.02259
FUOM	0.32684	0.1978	0.09624
FURIN	0.48365	0.1345	0.07789
FUS	0.35064	0.41827	0.72379
FUT1	0.01251	0.00584	0.00412
FUT10	0.01107	0.031	0.04407
FUT11	0.00892	0.00364	0.01478
FUT2	0.19953	0.18183	0.10357
FUT3	0.00549	0.00392	0.00513
FUT4	0.01484	0.02652	0.00668
FUT6	0.15199	0.12226	0.06316
FUT8	0.02257	0.22873	0.30802
FUT9	0.00283	0.00116	0.00196
FUZ	0.00255	0.00377	0
FXN	0.2174	0.23528	0.18509
FXR1	0.33727	0.30279	0.4748
FXR2	0.05703	0.03436	0.03
FXYD1	0.01331	0.00403	0
FXYD2	0.02266	0.00358	0
FXYD5	0.0166	0.34638	0.42782
FYB1	0.12874	1.42838	1.69046
FYCO1	0.09541	0.10872	0.11689
FYN	0.02896	0.41635	0.61311
FYTTD1	0.22155	0.2055	0.35634
FZD1	0.00729	0.02529	0.00342
FZD10-DT	0.00045	0.00062	0.00059
FZD2	0.0033	0.01988	0.00524
FZD3	0.21153	0.23787	0.16477
FZD4	0.07366	0.01263	0.00835
FZD5	0.08934	0.01123	0.00553
FZD6	0.03084	0.01823	0.00173
FZD7	0.00258	0.00033	0
FZD8	0.01588	0.00162	0
FZD9	0.00208	0.0012	0
FZR1	0.04306	0.03512	0.04913
G0S2	0.09394	0.01477	0.00032
G2E3	0.06512	0.09603	0.38751
G3BP1	0.24968	0.2007	0.33228
G3BP2	0.21925	0.42339	0.79765
G6PC	0.21449	0.03058	0.00361
G6PC3	0.0223	0.03502	0.0335
G6PD	0.11966	0.06907	0.14928
GAA	0.16444	0.17902	0.01697
GAB1	0.05873	0.1087	0.0637
GAB2	0.10129	0.07458	0.01158
GAB3	0.00878	0.09607	0.04962
GABARAP	1.52783	2.34383	2.35401
GABARAPL1	0.15448	0.10068	0.06322
GABARAPL2	0.22864	0.17294	0.29553
GABBR1	0.02647	0.01873	0.03126
GABPA	0.06394	0.08264	0.1374
GABPB1	0.03856	0.04299	0.17526
GABPB1-AS1	0.18097	0.21709	0.25305
GABPB2	0.04756	0.05442	0.1141
GABRA2	0.00324	0.00183	0
GABRA3	0.00294	0.00023	0
GABRB3	0.00617	0.00525	0
GABRE	0.11397	0.00559	0.0018
GABRG2	0.00614	0.00288	0
GABRR1	0.0023	0.00182	0
GABRR2	0.00547	0.01963	0.01525
GABRR3	0.0013	0.00052	0
GAD1	0.00295	0	0
GADD45A	0.15468	0.1271	0.18116
GADD45B	0.08094	0.57781	0.34652
GADD45G	0.07376	0.10478	0.0435
GADD45GIP1	0.19185	0.27358	0.65248
GAGE1	0.02671	0.0112	0
GAGE10	0.00035	0.00016	0
GAGE12J	0.00762	0.00107	0
GAGE2A	0.0138	0.00173	0
GAK	0.22935	0.21003	0.25259
GAL3ST1	0.0304	0.00503	0.00037
GAL3ST4	0.00054	0.01573	0
GALC	0.05085	0.06166	0.04011
GALE	0.25004	0.06312	0.02553
GALK1	0.44577	0.09509	0.13076
GALK2	0.07705	0.06889	0.02593
GALM	0.57862	0.54502	0.59814
GALNS	0.06478	0.0514	0.00122
GALNT1	0.33566	0.30054	0.4178
GALNT10	0.05253	0.07363	0.14458
GALNT11	0.11243	0.05615	0.03969
GALNT12	0.00508	0.00702	0.03666
GALNT13	0.00266	0.00039	0
GALNT14	0.00174	0.0043	0.00724
GALNT15	0.16726	0.13797	0.09651
GALNT18	0.01354	0.00158	0.00067
GALNT2	0.25114	0.13244	0.06367
GALNT3	0.00176	0.01806	0.03472
GALNT4	0.00108	0.0097	0
GALNT5	0.10598	0.09453	0.11729
GALNT6	0.094	0.17195	0.15986
GALNT7	0.00906	0.03117	0.00716
GALT	0.30674	0.1034	0.1125
GAMT	0.56227	0.19997	0.14541
GAN	0.01435	0.01503	0.0054
GANAB	0.18781	0.09327	0.04923
GANC	0.06389	0.06925	0.05078
GAPDH	1.77741	2.14126	3.87223
GAPT	0.00092	0.02158	0
GAPVD1	0.13916	0.18647	0.28055
GAR1	0.03455	0.03893	0.11337
GARNL3	0.01084	0.01014	0.00486
GARS	0.44942	0.35283	0.81828
GART	0.14199	0.13199	0.30198
GAS2	0.12163	0.0254	0
GAS2L1	0.07139	0.02194	0.00044
GAS2L3	0.39472	0.37466	0.28464
GAS5	0.41252	0.23756	0.30822
GAS5-AS1	0.00162	0.00263	0
GAS6	0.01613	0.07424	0.03047
GAS6-AS1	0.00069	0.01811	0
GAS6-DT	0.0066	0.00808	0.00098
GAS7	0.10212	0.18525	0.19784
GAS8	0.06398	0.02498	0.00172
GAST	0.00407	0.00076	0
GATA2	0.00779	0.00263	0
GATA3	0.01158	0.20856	0.33204
GATA4	0.04681	0.01488	0.00085
GATA6	0.02653	0.00788	0.00963
GATA6-AS1	0.0093	0.00228	0
GATAD1	0.58186	0.53125	0.33356
GATAD2A	0.13447	0.09491	0.2096
GATAD2B	0.14419	0.16953	0.23415
GATC	0.25409	0.20336	0.11476
GATM	1.42883	0.44143	0.06888
CASTOR3	0.06976	0.02498	0.04838
CASTOR1	0.02162	0.03178	0.02248
GBA	0.06839	0.03482	0.03841
GBA2	0.21751	0.16239	0.15948
GBA3	0.03532	0.01789	0
GBAP1	0.00472	0	0
NIPSNAP2	0.11289	0.13688	0.15125
GBE1	0.18464	0.08156	0.07227
GBF1	0.17634	0.18004	0.22888
GBGT1	0.00303	0.04807	0
GBP1	0.22304	0.32889	0.57432
GBP1P1	0.00342	0.00704	0
GBP2	0.46204	0.62963	0.69203
GBP3	0.09902	0.16109	0.16075
GBP4	0.42389	0.51464	0.67134
GBP5	0.06929	0.53854	0.72596
GBP6	0.06557	0.06027	0.04077
GBP7	0.21975	0.0853	0.05712
GC	1.82998	0.5567	0.14902
GCA	0.052	0.06501	0.05258
GCAT	0.4195	0.12273	0.05722
GCC1	0.11121	0.05575	0.0304
GCC2	0.33615	0.71981	0.54399
GCDH	0.03246	0.02559	0.0156
GCFC2	0.11102	0.06942	0.13071
GCGR	0.11206	0.01332	0.00098
GCH1	0.02616	0.02017	0.02931
GCHFR	0.29906	0.14801	0.29428
GCK	0.00937	0.00147	0
GCKR	0.1655	0.03229	0.0274
GCLC	0.49962	0.14515	0.12532
GCLM	0.82928	0.45598	0.34403
GCM1	0.00198	0.00073	0.0139
GCNT1	0.0426	0.10399	0.12179
GCNT2	0.11917	0.05203	0.01943
GCNT3	0.03984	0.00696	0
GCNT4	0.00236	0.00128	0
GCSAM	0.00294	0.04195	0.19223
GCSAML	0.00671	0.00215	0.00105
GCSH	0.2961	0.06253	0.05911
GCSHP3	0.04846	0.01491	0.0213
GDA	0.08771	0.03416	0.01594
GDAP1	0.08373	0.03467	0.01612
GDAP2	0.08071	0.06973	0.14459
GDE1	0.19524	0.20207	0.26107
GDF11	0.01764	0.02514	0
GDF15	0.06112	0.01815	0
GDF5	0.00286	0.00192	0.00026
GDF6	0.00034	0.00031	0
GDF7	0.02892	0.01126	0.00037
GDF9	0.00296	0.00317	0.02337
GDI1	0.25069	0.16058	0.19495
GDI2	0.70808	0.57796	0.92073
GDNF	0.03289	0.00939	0.01441
GDNF-AS1	0.0072	0	0
GDPD1	0.40843	0.39216	0.22132
GDPD2	0.00097	0.00039	0
GDPD3	0.01601	0.01446	0.08756
GDPD4	0.00515	0.00601	0
GDPD5	0.03632	0.04833	0.01042
GDPGP1	0.00428	0.0033	0
GEM	0.00461	0.00807	0.00189
GEMIN2	0.01883	0.01053	0.06081
GEMIN4	0.02139	0.01065	0.13212
GEMIN5	0.11059	0.04487	0.01865
GEMIN6	0.04894	0.03141	0.10943
GEMIN7	0.07793	0.10246	0.11094
GEMIN8	0.19336	0.18732	0.1215
GEMIN8P4	0.00624	0.0026	0
GEN1	0.21367	0.23402	0.5479
GET4	0.33104	0.15342	0.21048
GFAP	0.00283	0.00086	0
GFER	0.05377	0.05148	0.16454
GFI1	0.00744	0.04379	0.04047
GFI1B	0.0326	0.03744	0.06196
GFM1	0.21366	0.13917	0.29081
GFM2	0.08722	0.05284	0.0767
GFOD1	0.04586	0.08551	0.29125
GFOD2	0.24996	0.23926	0.1745
GFPT1	0.39581	0.28358	0.24968
GFRA1	0.08328	0.01133	0.01135
GFRA2	0.00113	0.03824	0.00276
GFRAL	0.00215	0.00185	0
GGA1	0.20857	0.2647	0.25202
GGA2	0.12883	0.22814	0.28713
GGA3	0.1043	0.15784	0.12683
GGACT	0.01982	0.01492	0.01594
GGCT	0.13363	0.06673	0.18821
GGCX	0.50972	0.21027	0.22522
GGH	0.70441	0.07898	0.21364
GGPS1	0.54466	0.45309	0.41299
GGT1	0.02379	0.05955	0.04227
GGT3P	0.00103	0.00199	0
GGT6	0.16619	0.18337	0.14356
GGT7	0.00784	0.00384	0.00056
GGT8P	0.03043	0.03898	0.03357
GGTA1P	0.0067	0.13109	0.01119
GHDC	0.10053	0.10305	0.06137
GHITM	0.5143	0.45625	0.72881
GHR	0.16715	0.01407	0.00508
GHRL	0.00023	0.01004	0.00037
GHRLOS	0.01587	0.02296	0.00235
GID4	0.01752	0.02148	0.0064
GID8	0.3235	0.20841	0.39765
GIGYF1	0.2422	0.11828	0.0492
GIGYF2	0.37486	0.43533	0.4769
GIMAP1	0.04359	0.13675	0.09815
GIMAP2	0.00985	0.04063	0.05375
GIMAP4	0.02696	0.34119	0.55661
GIMAP6	0.00196	0.10723	0.11705
GIMAP7	0.02244	0.33655	0.51815
GIMAP8	0.01026	0.10582	0.06194
GIN1	0.03843	0.02488	0.04352
GINM1	0.12322	0.05948	0.11393
GINS1	0.0752	0.04706	0.14164
GINS2	0.03498	0.01549	0.34326
GINS3	0.00822	0.00239	0.03279
GINS4	0.12254	0.11836	0.14728
GIPC1	0.11209	0.05842	0.09419
GIPC2	0.10737	0.01649	0.0019
GIPC3	0.00242	0	0
GIPR	0.0048	0.02124	0.00066
GIT1	0.06816	0.069	0.07631
GIT2	0.1416	0.18395	0.29388
GJA1	0.00911	0.00221	0
GJA10	0.00537	0	0
GJA4	0.00849	0.00052	0
GJA5	0.00819	0.00032	0
GJB1	0.35957	0.0288	0.00435
GJB2	0.00781	0.00414	0.01105
GJB7	0.00183	0.00214	0
GJC1	0.24473	0.24309	0.1889
GJD4	0.00285	0.00254	0
GK	0.13639	0.05891	0.06839
GK5	0.38205	0.32616	0.23853
GKAP1	0.06721	0.05125	0.03828
GLA	0.04677	0.06154	0.07091
GLB1	0.24188	0.12778	0.0648
GLB1L	0.10947	0.05513	0.03149
GLB1L2	0.00706	1e-04	0
GLB1L3	0.01494	0.00434	0.0057
GLCCI1	0.07628	0.32959	0.41112
GLCE	0.07574	0.03215	0.01474
GLDC	0.06259	0.03107	0.02382
GLDN	0.01109	0.00922	0.00115
GLE1	0.08232	0.09843	0.1095
GLG1	0.46996	0.54612	0.65156
GLI1	0.0154	0.00818	0
GLI2	0.00499	0.00456	0
GLI4	0.02495	0.01455	0
GLIPR1	0.02014	0.20596	0.22115
GLIPR1L2	0.01199	0.00667	0.01015
GLIPR2	0.01227	0.1313	0.11378
GLIS2	0.01902	0.00383	0.00234
GLIS3	0.00392	0	0
GLMN	0.04336	0.04311	0.14628
GLO1	0.37652	0.20454	0.23151
GLOD4	0.10665	0.12562	0.13808
GLOD5	0.04741	0.00164	0
GLP1R	0.00472	0.00235	0
GLRA2	0.00765	0.00425	0.00219
GLRB	0.01312	0.00219	0
GLRX	0.15119	0.21567	0.24185
GLRX2	0.11595	0.04294	0.14686
GLRX3	0.14198	0.1106	0.30562
GLRX5	0.30864	0.11004	0.29345
GLS	0.13906	0.30106	0.28063
GLS2	0.05374	0.01019	0.00108
GLT1D1	0.06605	0.00317	0
GLT8D1	0.23212	0.07875	0.07305
GLTP	0.3622	0.41484	0.30386
GLTPD2	0.08424	0.0216	0
BICRA	0.02013	0.01992	0.00346
BICRAL	0.06469	0.06163	0.0948
NOP53	0.31448	0.64198	0.8403
GLUD1	1.12102	0.28783	0.286
GLUD1P3	0.01474	0.01594	0
GLUD2	0.01927	0.00214	0.00037
GLUL	1.70664	0.87179	0.37602
GLYAT	0.11002	0.02836	0.00058
GLYATL1	0.02816	0.00984	0
GLYCTK	0.51398	0.1318	0.15078
GLYR1	0.19958	0.29447	0.42128
GM2A	0.26102	0.31998	0.15914
GMCL1	0.27251	0.20718	0.26668
GMDS	0.09114	0.04501	0.10554
GMDS-DT	0.01854	0.01961	0.00056
GMEB1	0.13523	0.1415	0.13217
GMEB2	0.04364	0.02074	0.04964
GMFB	0.12631	0.05897	0.09842
GMFG	0.03653	0.60585	1.06877
GMIP	0.02821	0.15041	0.46816
GMNC	0.00468	0.00084	0
GMNN	0.14093	0.08096	0.33253
GMPPA	0.28653	0.21231	0.28733
GMPPB	0.03526	0.06237	0.30586
GMPR	0.00795	0.00207	0
GMPR2	0.10929	0.10655	0.27667
GMPS	0.1299	0.09478	0.23434
GNA11	0.16873	0.03836	0.004
GNA12	0.11241	0.07274	0.04319
GNA13	0.12483	0.2509	0.21122
GNA15	0.00124	0.04262	0.00727
GNAI1	0.09399	0.01859	0.00304
GNAI2	0.26891	0.65877	0.92512
GNAI3	0.14785	0.14075	0.32877
GNAL	0.10867	0.08299	0.04693
GNAO1	0.01399	0.00387	0.00025
GNAQ	0.26291	0.18802	0.02406
GNAS	0.75889	1.17556	1.70339
GNAZ	0.09027	0.01632	0.03485
GNB1	0.371	0.38566	0.5396
GNB1L	0.01582	0.0258	0.01841
GNB2	0.13287	0.10053	0.12009
GNB4	0.21786	0.32176	0.21711
GNB5	0.41092	0.39544	0.245
GNE	0.34001	0.29514	0.21557
GNG11	0.01141	0.00625	0
GNG12	0.20809	0.05605	0.02644
GNG2	0.01265	0.22301	0.42871
GNG3	0.00382	0.00196	6e-04
GNG4	0.09531	0.03728	0.00914
GNG5	0.35648	0.22378	0.55412
GNG7	0.03629	0.09353	0.07436
GNGT1	0.01999	0.00682	0
GNGT2	0.00593	0.05197	0.20667
GNL1	0.16874	0.18292	0.26437
GNL2	0.21115	0.16923	0.25452
GNL3	0.36979	0.39047	0.47581
GNL3L	0.32776	0.40428	0.59447
GNLY	0.0091	0.07351	0.01982
GNPAT	0.34216	0.14416	0.21795
GNPDA1	0.21271	0.15746	0.04505
GNPDA2	0.00438	0.01987	0
GNPNAT1	0.26995	0.13481	0.09129
GNPTAB	0.17631	0.39665	0.26491
GNPTG	0.11811	0.12585	0.06972
GNRH1	0.00911	0.00342	0.03091
GNRHR2	0.02059	0.04164	0.00994
GNS	0.48074	0.27802	0.15257
GOLGA1	0.16122	0.15737	0.13415
GOLGA2	0.41604	0.43436	0.37161
GOLGA2P5	0.25507	0.08938	0.07882
GOLGA2P6	0.00408	0	0
GOLGA2P7	0.03512	0.00255	0.00164
GOLGA3	0.42114	0.40777	0.50077
GOLGA4	1.20428	1.16471	1.04204
GOLGA5	0.23838	0.17582	0.1966
GOLGA6C	0.00537	0.00275	0.00028
GOLGA6L3	0.00313	8e-05	0.00901
GOLGA6L4	0.00216	0.00029	0
GOLGA6L5P	0.02086	0.00667	0.0107
GOLGA6L7	0.0018	0.00094	0
GOLGA7	0.11071	0.10268	0.18842
GOLGA7B	0.00311	0.00322	0
GOLGA8A	0.11767	0.17633	0.15303
GOLGA8B	0.43712	0.26579	0.13675
GOLGA8DP	0.00876	0.00369	0.00066
GOLGA8G	0.00236	0.00044	0
GOLGA8H	0.00111	0.00157	0
GOLGA8M	0.00909	0.00135	0
GOLGA8N	0.01988	0.00994	0.00242
GOLGA8S	0.00167	0.00024	0
GOLGB1	1.09045	1.12153	1.07307
GOLIM4	0.46607	0.30137	0.28497
GOLM1	0.14881	0.03504	0.02923
GOLPH3	0.6598	0.25119	0.20071
GOLPH3L	0.07301	0.07137	0.05683
GOLT1A	0.23545	0.03752	0.00392
GOLT1B	0.08209	0.08596	0.04359
GON4L	0.38681	0.39615	0.47654
GOPC	0.15301	0.16183	0.14451
GORAB	0.05481	0.05883	0.04205
GORASP1	0.04615	0.0348	0.02157
GORASP2	0.22072	0.13975	0.16643
GOSR1	0.43693	0.36031	0.38584
GOSR2	0.19016	0.16834	0.23404
GOT1	0.2376	0.06736	0.24805
GOT2	0.57387	0.22666	0.44755
GP1BA	0.00197	0.00278	0
GP2	0.1744	0.12623	0.11284
GP5	0.00091	0.00052	0
GP6	0.10879	0.10808	0.08214
GPAA1	0.66249	0.33131	0.43145
GPALPP1	0.08268	0.07457	0.1547
GPAM	1.09734	0.15267	0.08552
GPANK1	0.10865	0.07218	0.15275
GPAT2	0.00193	0.0167	0.05086
GPATCH1	0.09698	0.07439	0.16108
GPATCH11	0.11489	0.16086	0.35157
GPATCH2	0.13784	0.11365	0.11026
GPATCH2L	0.22064	0.29917	0.31162
GPATCH3	0.06516	0.06231	0.12334
GPATCH4	0.26323	0.20892	0.49671
GPATCH8	0.20301	0.30837	0.65112
GPBP1	0.25709	0.35596	0.54046
GPBP1L1	0.28946	0.25377	0.15823
GPC1	0.15198	0.0603	0.01878
GPC2	0.00268	0.00202	0
GPC3	0.87302	0.20117	0.02534
GPC4	0.14037	0.00874	0
GPC5	0.0239	0.00371	0
GPC6	0.10583	0.0415	0.00793
GPCPD1	0.11731	0.26744	0.22592
GPD1	0.24063	0.03726	0
GPD1L	0.0305	0.03715	0.02698
GPD2	0.06437	0.09491	0.13053
GPER1	0.09759	0.00608	0.00489
GPHN	0.07855	0.02452	0.08934
GPI	0.9645	0.56622	0.67786
GPKOW	0.06207	0.04068	0.1037
GPLD1	0.3124	0.08285	0.08571
GPM6A	0.03881	0.10402	0.027
GPN1	0.0589	0.07818	0.09384
GPN2	0.03363	0.03366	0.16868
GPN3	0.08475	0.0459	0.09132
GPNMB	0.11347	0.46805	0.00435
GPR1	0.03416	0.03359	0.01432
GPR107	0.13105	0.09394	0.17021
GPR108	0.10598	0.09358	0.14824
GPR12	0.10364	0.07715	0.05783
GPR132	0.0099	0.03043	0.02127
GPR135	0.00904	0.00255	5e-04
GPR137	0.18643	0.05506	0.02251
GPR137B	0.0351	0.05607	0.05791
GPR137C	0.01197	0.00454	0
GPR141	0.00694	0.01049	0.00482
GPR143	0.00605	0.00135	0
GPR146	0.00863	0.0071	0.00032
GPR153	0.01451	0.00209	0
GPR155	0.65117	0.70178	0.46707
GPR158	0.01633	0.00366	0
GPR160	0.01263	0.0528	0.0387
GPR161	0.31888	0.27907	0.18907
GPR162	0.00211	0.01255	0
GPR171	0.00246	0.09767	0.19758
GPR174	0.00067	0.02029	0.07715
GPR176	0.0062	0.00534	0
GPR18	0.00153	0.02993	0.10948
GPR180	0.05961	0.02955	0.09788
GPR183	0.00968	0.23672	0.1
GPR19	0.00073	0.00755	0.00569
GPR27	0.00253	0.00155	0
GPR3	0.00333	0.00142	0.00056
GPR34	0.0017	0.04478	0.0038
GPR35	0.01099	0.01064	0.01545
GPR37	0.05535	0.00425	0.00083
GPR37L1	0.0029	0.00091	0
GPR39	0.00796	0.00046	0
GPR4	0.00318	0.00015	0
GPR52	0.0043	0.00753	0.03428
GPR55	2e-05	0.02326	0.00384
GPR63	0.00238	0.00128	0
GPR65	0.02012	0.13405	0.0783
GPR68	0.00168	0.05926	0.04589
GPR75	0.00258	0	0.00344
GPR78	0.00123	0.00041	0.00063
GPR82	1.15029	1.1844	0.79999
GPR83	0.00095	0.00182	0.00277
GPR84	0.00061	0.00737	0
GPR85	0.01159	0.00721	0.00333
GPR88	0.11145	0.01208	0
GPR89A	0.04636	0.02742	0.04869
GPR89B	0.04226	0.02971	0.04071
GPRASP1	0.01561	0.00704	0.01688
GPRC5B	0.00244	0.01	0
GPRC5C	0.23366	0.03043	0.00031
GPRIN1	0.02007	0.00224	0.00329
GPRIN3	0.0081	0.14468	0.20245
GPS1	0.36883	0.24834	0.42665
GPS2	0.28319	0.41003	0.86208
GPSM1	0.05716	0.00482	0
GPSM2	0.09491	0.06917	0.25446
GPSM3	0.00309	0.11247	0.11055
GPT	0.02386	0.00844	0.00271
GPT2	0.27803	0.07293	0.03795
GPX1	0.69083	0.99904	0.87112
GPX2	0.7189	0.19185	0.18143
GPX3	1.92939	0.46275	0.21463
GPX4	0.95742	0.57001	0.63626
GPX7	0.0122	0.01529	0.06315
GPX8	0.02699	0.026	0.02655
GRAMD1A	0.06559	0.10028	0.14526
GRAMD1B	0.04139	0.04393	0.00533
GRAMD1C	0.03981	0.00757	0.00037
GRAMD2B	0.1442	0.08102	0.04545
GRAMD4	0.02806	0.024	0.0121
GRAP	0.00354	0.03357	0.0307
GRAP2	0.00373	0.04996	0.14311
GRASP	0.00582	0.0208	0.02453
GRB10	0.19184	0.02337	0.00249
GRB14	0.19585	0.03825	0.0192
GRB2	0.35341	0.61766	0.64644
GRB7	0.04286	0.00629	0
GREB1	0.06688	0.04767	0.02308
GREB1L	0.03579	0.00728	0
GREM1	0.01214	0.00396	0
GREM2	0.00395	0.00053	0
GRHL1	0.06023	0.01204	0.01761
GRHPR	0.22252	0.10932	0.16135
GRIA2	0.01027	0.00324	0
GRIA3	0.00781	0.00217	0
GRID1	0.00299	0.00188	0
GRIK2	0.00407	0	0
GRIK4	0.0062	5e-04	0
GRIN2A	0.00207	0.00041	0
GRIN2C	0.00068	0.00232	0
GRIN2D	0.01055	0.00727	0
GRINA	0.89877	0.49219	0.10418
GRIP2	0.0041	0	0.00043
GRIPAP1	0.47361	0.18429	0.21837
GRK4	0.0082	0.00123	0
GRK5	0.01798	0.0607	0.08541
GRK6	0.08863	0.12492	0.32588
GRM4	0.00698	0.0039	0.01129
GRM6	0.14139	0.11998	0.07371
GRN	0.71911	0.73988	0.34651
GRPEL1	0.20849	0.14915	0.24819
GRPEL2	0.03475	0.01975	0.01229
GRSF1	0.18424	0.20799	0.34952
GRTP1	0.37963	0.31696	0.18368
GRWD1	0.10686	0.07227	0.22444
AC006001.3	0.05826	0.08839	0.1044
GS1-124K5.4	0.0744	0.02651	0
GSAP	0.10223	0.12772	0.00776
GSDMA	0.00444	0.01982	0.00387
GSDMB	0.17847	0.05426	0.12045
GSDMC	0.00878	0.00636	0.00044
GSDMD	0.27213	0.2793	0.3391
GSE1	0.17612	0.14094	0.13276
GSG1	0.09132	0.08855	0.06459
HASPIN	0.03975	0.09091	0.15643
GSK3A	0.08878	0.05277	0.07256
GSK3B	0.15027	0.08948	0.221
GSKIP	0.0366	0.02704	0.05282
GSN	0.06041	0.43438	0.03006
GSN-AS1	0.03816	0.03914	0.01712
GSPT1	0.26356	0.28616	0.39426
GSPT2	0.02576	0.03563	0.08934
GSR	0.20471	0.20406	0.28195
GSS	0.17404	0.0879	0.22049
GSTA1	1.01937	0.29609	0.08145
GSTA2	0.44983	0.11685	0.00958
GSTA3	0.00054	0	0
GSTA4	0.18418	0.01945	0.0112
GSTA5	0.00031	0	0
GSTA7P	0.0186	0.00199	0.00086
GSTCD	0.03815	0.03986	0.09934
GSTK1	0.71802	0.64698	0.87795
GSTM1	0.0117	0.00375	0
GSTM2	0.00256	0.01723	0.00417
GSTM3	0.35703	0.29643	0.19267
GSTM4	0.18947	0.06818	0.01488
GSTO1	1.0312	0.55826	0.7786
GSTO2	0.04805	0.00787	0.00319
GSTP1	0.10011	0.78891	1.33794
GSTZ1	0.0785	0.04762	0.04467
GTDC1	0.02713	0.03569	0.0993
GTF2A1	0.14655	0.19172	0.38207
GTF2A2	0.10574	0.12016	0.2412
GTF2B	0.0757	0.09636	0.14454
GTF2E1	0.03482	0.06982	0.08451
GTF2E2	0.04148	0.09974	0.14014
GTF2F1	0.13375	0.23189	0.42529
GTF2F2	0.08808	0.10994	0.18578
GTF2H1	0.17077	0.11136	0.2729
GTF2H2	0.06598	0.05449	0.06497
GTF2H2B	0.13552	0.13098	0.08345
GTF2H2C	0.06333	0.05579	0.03441
GTF2H3	0.27078	0.23983	0.29953
GTF2H4	0.01501	0.00194	0.00423
GTF2H5	0.60155	0.42116	0.32401
GTF2I	0.18548	0.16523	0.20277
GTF2IRD1	0.02709	0.00712	0
GTF2IRD2	0.02896	0.02237	0.04225
GTF3A	0.37298	0.52866	0.9936
GTF3C1	0.18679	0.15854	0.29915
GTF3C2	0.12427	0.07321	0.0833
GTF3C3	0.15836	0.16696	0.18099
GTF3C4	0.07778	0.07358	0.13219
GTF3C5	0.083	0.09983	0.25692
GTF3C6	0.20825	0.179	0.41344
GTPBP1	0.06536	0.07651	0.17483
GTPBP10	0.2524	0.20259	0.21674
GTPBP2	0.04833	0.04023	0.03594
GTPBP3	0.06336	0.04046	0.08723
GTPBP4	0.21331	0.11481	0.33127
GTPBP8	0.02964	0.06209	0.21505
GTSE1	0.05049	0.02506	0.9511
GTSF1	0.05035	0.0257	0.00924
GUCA1B	0.15166	0.12982	0.16967
GUCA2B	0.03575	0.00206	0
GUCD1	0.26959	0.07606	0.1578
GUCY1A1	0.00403	0.02177	0.04855
GUCY1B2	0.02445	0.00441	0
GUCY1B1	0.00389	0.01312	0.02694
GUCY2EP	0.00834	0.00149	0
GUF1	0.15151	0.09049	0.13486
GUK1	0.52915	0.63986	0.97503
GULP1	0.02112	0.00664	0
GUSB	0.48061	0.23879	0.28295
GUSBP1	0.0516	0.0244	0.01631
GUSBP10	0.00412	0.00192	0
GUSBP11	0.10244	0.09149	0.04457
GUSBP2	0.00581	0.00184	0.01221
GUSBP3	0.01263	0.01013	0.01479
GUSBP4	0.15406	0.04746	0.06161
GVINP1	0.0328	0.41598	0.41303
GXYLT1	0.27889	0.12983	0.18444
GXYLT2	0.00566	0	0
GYG1	0.0667	0.10099	0.15182
GYG2	0.05607	0.00879	0.00364
GYG2P1	0.00342	8e-04	0
GYPC	0.01778	0.27733	0.361
GYS1	0.04938	0.08611	0.13754
GYS2	0.04261	0.0103	8e-04
GZF1	0.07121	0.05421	0.04469
GZMA	0.03314	0.49062	1.02878
GZMB	0.0087	0.11613	0.17702
GZMH	0.01749	0.16588	0.25574
GZMK	0.00532	0.25081	0.2692
H19	0.26856	0.08456	0.00629
H1F0	0.29516	0.09335	0.03437
H1FX	0.11085	0.43607	0.49241
H1FX-AS1	0.02696	0.0326	0.01544
H2AFJ	0.16738	0.23879	0.30925
H2AFV	0.27916	0.33954	1.42649
H2AFX	0.03781	0.03913	0.4723
H2AFY	0.25722	0.32414	0.76119
H2AFY2	0.02777	0.01513	0.00067
H2AFZ	0.24571	0.31013	1.59835
H3F3B	0.78826	1.36995	1.9068
H3F3C	0.0037	0.00255	0.00565
H6PD	0.63144	0.21733	0.15657
HAAO	0.27341	0.03326	0.01614
HABP2	0.37622	0.08313	0.02049
HABP4	0.12799	0.06698	0.04606
HACE1	0.04287	0.01838	0.01867
HACL1	0.15712	0.05755	0.04208
HADH	0.1407	0.07412	0.26935
HADHA	0.7257	0.46821	0.96305
HADHB	0.35782	0.19146	0.2118
HAGH	0.2043	0.08179	0.101
HAGHL	0.01407	0.09637	0.04052
HAL	0.6005	0.08146	0.01016
HAMP	0.0049	0.00255	0
HAND2-AS1	0.00206	0.00101	0.00158
HAO1	0.47562	0.06858	0.02191
HAO2	0.01909	0.00068	0
HAPLN3	0.00872	0.06055	0.05636
HAPLN4	0.01161	0.00022	0
HARBI1	0.01008	0.01816	0.05778
HARS	0.17849	0.12708	0.38524
HARS2	0.08362	0.03892	0.04261
HAS3	0.00067	0	0
HAT1	0.095	0.07671	0.29069
HAUS1	0.04653	0.05691	0.3875
HAUS2	0.16876	0.16199	0.12263
HAUS3	0.05329	0.07987	0.15883
HAUS4	0.05754	0.03514	0.06461
HAUS5	0.09041	0.04843	0.05251
HAUS6	0.0597	0.08254	0.14638
HAUS7	0.04727	0.04711	0.11294
HAUS8	0.0338	0.04109	0.28246
HAVCR2	0.01339	0.1792	0.20866
HAX1	0.27358	0.18894	0.30067
HBB	0.00175	0.00312	0
HBEGF	0.02011	0.03194	0.00398
HBP1	0.15884	0.10757	0.0954
HBS1L	0.24262	0.19323	0.42281
HCAR1	0.0122	0.01088	0.00676
HCAR2	0.00221	0.00197	0
HCAR3	0.00257	0.0017	0
HCCS	0.04182	0.04487	0.05274
HCFC1	0.21582	0.13236	0.45957
HCFC1R1	0.08213	0.09393	0.17358
HCFC2	0.10659	0.10561	0.08979
HCG11	0.28943	0.32031	0.22059
CR759835.1	0.00546	0.00332	0
HCG17	0.00524	0.00092	0.03287
HCG18	0.19095	0.15216	0.2221
HCG20	0.00184	0.00087	0.01024
HCG24	0.0064	0.00658	0.00763
HCG25	0.00073	0.00489	0
HCG27	0.00979	0.0154	0.01632
HCG4	0.00266	0.00352	0.00961
HCG4B	0.00136	0.00766	0.02971
HCG9	0.00551	0.00033	0
HCK	0.00637	0.09103	0.04493
HCLS1	0.04982	0.8196	1.46527
HCN1	0.00721	0.00678	0.01079
HCN3	0.0661	0.00839	0.00159
HCP5	0.04457	0.13466	0.31163
HCRT	0.00399	0.00633	0
HCST	0.046	0.74809	0.98534
HDAC1	0.21762	0.17251	0.42332
HDAC10	0.03518	0.04217	0.01913
HDAC11	0.11729	0.03684	0.00042
HDAC2	0.18817	0.20246	0.30967
HDAC3	0.10937	0.08612	0.06062
HDAC4	0.05826	0.06068	0.01759
HDAC5	0.12612	0.06163	0.02533
HDAC6	0.53566	0.13147	0.26591
HDAC7	0.08465	0.16647	0.22381
HDAC8	0.07482	0.05343	0.09042
HDAC9	0.00967	0.09596	0.10109
HDDC2	0.07476	0.12963	0.17842
HDDC3	0.08587	0.07024	0.0621
HDGF	1.043	0.42236	0.83649
HDGFL2	0.10177	0.09405	0.0954
HDGFL3	0.00767	0.01743	0.01741
HDHD2	0.16689	0.10008	0.13198
HDHD3	0.22464	0.06661	0.13161
HDLBP	1.05291	0.93712	0.82931
HDX	0.0078	0.01004	0
HEATR1	0.17416	0.11054	0.24803
HEATR3	0.38413	0.35377	0.23924
HEATR4	0.00159	0.00173	0
HEATR5A	0.43961	0.35082	0.24868
HEATR5B	0.1084	0.08546	0.16423
HEATR6	0.03544	0.03621	0.0112
HEBP1	0.07961	0.0643	0.00986
HEBP2	0.35667	0.19559	0.24971
HECA	0.10577	0.1978	0.26728
HECTD1	0.47848	0.35059	0.28565
HECTD2	0.0299	0.02371	0.05545
HECTD3	0.14924	0.08682	0.14168
HECTD4	0.25101	0.18136	0.16802
HECW2	0.00921	0.00122	0.00106
HEG1	0.08412	0.08604	0.1341
HELB	0.02878	0.08288	0.03026
HELLS	0.09477	0.1051	0.57792
HELQ	0.03873	0.0884	0.10677
HELZ	0.31548	0.41695	0.48586
HELZ2	0.10803	0.09945	0.10364
HEMK1	0.08386	0.04534	0.09452
HENMT1	0.00287	0.04211	0.09247
HEPACAM	0.0102	9e-04	0
HEPHL1	0.00626	0	0
HERC1	0.31044	0.43455	0.43613
HERC2	0.34843	0.31876	0.23809
HERC2P10	0.00236	0.00039	0.00034
HERC2P3	0.00768	0.00396	0.00214
HERC2P4	0.00274	0.00196	0
AC242376.1	0.07683	0.06972	0.00552
HERC2P9	0.00559	0.00549	0.0168
HERC3	0.03465	0.06016	0.01757
HERC4	0.14122	0.08806	0.11194
HERC5	0.03194	0.06546	0.06156
HERC6	0.02473	0.03764	0.06992
HERPUD1	0.5103	0.77192	0.58978
HERPUD2	0.17315	0.217	0.15179
HES1	0.22387	0.16297	0.03073
HES2	0.31379	0.31986	0.21346
HES4	0.01076	0.00988	0
HES6	0.02202	0.01313	0.04823
HESX1	0.00402	0.00529	0
HEXA	0.42293	0.25839	0.2047
HEXA-AS1	0.01873	0.01111	0.00026
HEXB	0.26825	0.15123	0.08846
HEXDC	0.17992	0.1882	0.11091
HEXIM1	0.10387	0.19217	0.22832
HEXIM2	0.02479	0.02112	0.03233
HEY1	0.02423	0.00753	0.01234
HEY2	0.03261	0.00273	0.00108
HEYL	0.00589	0.00253	0
HFE	0.01354	0.00058	0
HJV	0.56187	0.12941	0.0117
HGD	0.713	0.07919	0.0141
HGF	0.00172	0.0272	0
HGFAC	0.00588	0.00014	0
HGS	0.31671	0.13508	0.06651
HGSNAT	0.18956	0.11184	0.02623
HHAT	0.01805	0.00953	0.00425
HHEX	0.20675	0.06086	0.05374
HHIPL1	0.03226	0.02228	0.01375
HHIPL2	0.02451	0.01146	0.00077
HHLA2	0.04701	0.01925	0.02943
HHLA3	0.05067	0.02901	0.02568
HIBADH	0.14096	0.05104	0.05391
HIBCH	0.16269	0.08724	0.0846
HIC1	0.00179	0.01124	0.02478
HIC2	0.05086	0.04327	0.04039
HID1	0.01367	0.04519	0.01748
HIF1A	0.31485	0.51192	0.8024
HIF1A-AS1	0.00102	0.00219	0
HIF1A-AS2	0.00153	0.00938	0.00531
HIF1AN	0.10707	0.10219	0.25424
HIF3A	0.00612	0.00526	0.00215
HIGD1A	0.29885	0.15487	0.27657
HIGD2A	0.25237	0.27913	0.41065
HILPDA	0.08162	0.06233	0.0574
HINFP	0.05425	0.05081	0.08172
HINT1	1.28583	0.88925	1.37794
HINT2	0.2949	0.29156	0.7596
HINT3	0.34395	0.26076	0.18763
HIP1	0.39296	0.33144	0.25575
HIP1R	0.10876	0.04977	0.1344
HIPK1	0.18722	0.16906	0.26171
HIPK2	0.56273	0.31341	0.505
HIPK3	0.24992	0.22461	0.15659
HIRA	0.04349	0.03084	0.10116
HIRIP3	0.07324	0.08096	0.42982
HIST1H1A	0.01367	0.00482	0.10231
HIST1H1B	0.02024	0.05238	1.51707
HIST1H1C	0.19542	0.46969	2.10319
HIST1H1D	0.04546	0.39607	2.08245
HIST1H1E	0.11919	0.3585	2.23507
HIST1H2AC	0.0106	0.04018	0.03357
HIST1H2AG	0.0095	0.04477	0.40232
HIST1H2AI	0.00039	0.00019	0.12142
HIST1H2BC	0.00622	0.04243	0.30983
HIST1H2BD	0.08	0.08285	0.20334
HIST1H2BJ	0.00107	0.02453	0.0729
HIST1H2BK	0.15899	0.24483	0.19461
HIST1H2BN	0.00549	0.02537	0.08129
HIST1H3D	0.00332	0.04065	0.08886
HIST2H4B	0.00062	0.01042	0.02221
HIST1H4C	0.45009	0.86248	4.1148
HIST1H4J	0.00578	0.00691	0.02226
HIST2H2AB	0.00031	0.00515	0.04754
HIST2H2AC	0.03392	0.10937	0.93999
HIST2H2BE	0.02597	0.0684	0.06683
HIST2H2BF	0.00197	0.00883	0.06243
HIST4H4	0	0.01103	0.01505
HIVEP1	0.16192	0.19679	0.20071
HIVEP2	0.08792	0.14984	0.1571
HIVEP3	0.02048	0.06368	0.08238
HJURP	0.03341	0.01365	0.73133
HK1	0.02478	0.21555	0.39775
HK2	0.02193	0.03165	0.0152
HK3	0.00343	0.02764	0.00105
HKDC1	0.21524	0.05109	0.01311
HKR1	0.10998	0.06786	0.11361
HLA-A	1.90317	2.51234	2.94153
HLA-B	1.56861	2.88855	3.07418
HLA-C	1.40209	2.07164	2.46689
HLA-DMA	0.13536	0.48756	0.58406
HLA-DMB	0.03566	0.3663	0.3133
HLA-DOA	0.06048	0.15612	0.10791
HLA-DOB	0.01115	0.03685	0.01017
HLA-DPA1	0.05212	0.51484	0.68334
HLA-DPB1	0.13112	0.87663	1.22464
HLA-DPB2	0.00021	0.00536	0.00235
HLA-DQA1	0.01851	0.21484	0.37729
HLA-DQA2	0.00371	0.06987	0.09497
HLA-DQB1	0.10441	0.61703	0.73871
HLA-DQB1-AS1	0.00094	0.00228	0
HLA-DQB2	0.00077	0.01449	0.00335
HLA-DRA	0.32639	1.48587	1.65465
HLA-DRB1	0.09663	0.73049	0.72078
HLA-DRB5	0.04602	0.28965	0.89693
HLA-DRB6	0.00793	0.08057	0.10038
HLA-E	1.17282	2.62306	2.77641
HLA-F	0.15423	0.47507	0.64401
HLA-F-AS1	0.0347	0.00606	0.00105
HLA-G	0.00137	0.00573	0.00156
HLA-H	0.47155	0.68574	0.90917
HLA-J	0.07763	0.14548	0.15599
HLA-L	0.01735	0.03345	0.01988
HLCS	0.06902	0.04161	0.03388
HLF	0.28782	0.05688	0.04381
HLTF	0.33132	0.15696	0.42093
HLX	0.03052	0.02763	0.00025
HM13	0.41959	0.48912	0.43407
HM13-AS1	0.00145	0.00039	0
HMBOX1	0.07856	0.13163	0.25765
HMBS	0.10807	0.07541	0.06275
HMCES	0.04739	0.06166	0.13646
HMCN1	0.01742	0.00585	0
HMCN2	0.0046	0	0
HMG20A	0.08342	0.07322	0.02091
HMG20B	0.11175	0.1041	0.08075
HMGA1	0.22731	0.20597	0.71036
HMGA2	0.0044	0.00228	0.00804
HMGB1	1.52278	1.8743	3.89057
HMGB2	0.17229	0.36618	2.88329
HMGB3	0.1815	0.12194	0.49467
HMGB3P1	0.08714	0.09355	0.04127
HMGCL	0.45066	0.20419	0.06635
HMGCR	0.18235	0.04961	0.08556
HMGCS1	1.18581	0.30312	0.16629
HMGCS2	0.73165	0.143	0.02636
HMGN1	0.47629	0.71847	1.48505
HMGN2	0.91006	0.88394	3.2155
HMGN2P46	0.00187	0.00188	0.00259
HMGN3	0.44733	0.405	0.62771
HMGN3-AS1	0.00665	0.01012	0
HMGN4	0.07909	0.12113	0.09998
HMGN5	0.05899	0.08113	0.13963
HMGXB3	0.1235	0.08768	0.10194
HMGXB4	0.20697	0.16976	0.43607
HMMR	0.05257	0.02759	0.91909
HMOX1	0.03406	0.10505	0.01179
HMOX2	0.07912	0.22138	0.39927
JPT1	0.11345	0.21641	0.9592
JPT2	0.14665	0.04102	0.18777
HNF1A	0.14142	0.0252	0.00357
HNF1A-AS1	0.53385	0.24291	0.16552
HNF4A	0.48135	0.06562	0.02471
HNF4A-AS1	0.01076	4e-04	0.00325
HNF4G	0.04579	0.0191	0.00099
HNMT	0.41005	0.16965	0.0559
HNRNPA0	0.08648	0.10276	0.1523
HNRNPA1	0.37144	0.48064	0.7128
HNRNPA1L2	0.01909	0.05238	0.06263
HNRNPA2B1	1.05122	1.2678	2.31843
HNRNPA3	0.67772	0.75033	1.6923
HNRNPA3P1	0.00149	0.00303	0.00517
HNRNPAB	0.21428	0.20574	0.72554
HNRNPC	0.6992	0.69683	1.45458
HNRNPD	0.29947	0.5552	1.17899
HNRNPDL	0.55757	0.86637	1.35424
HNRNPF	0.32169	0.30618	0.7525
HNRNPH1	0.73417	0.79256	1.01933
HNRNPH2	0.00827	0.00787	0.01155
HNRNPH3	0.237	0.2457	0.4236
HNRNPK	0.72304	0.87382	1.34766
HNRNPL	0.21278	0.1944	0.27034
HNRNPLL	0.05612	0.1069	0.2696
HNRNPM	0.48673	0.61685	1.37487
HNRNPR	0.45106	0.51228	1.238
HNRNPU	0.99802	0.94462	1.65211
HNRNPUL1	0.40186	0.4036	0.83953
HNRNPUL2	0.18692	0.15587	0.40112
HOGA1	0.03202	0.00968	0
HOMER1	0.09613	0.03034	0.04553
HOMER2	0.04626	0.01854	0.00225
HOMER3	0.02069	0.03798	0.0027
HOMEZ	0.02916	0.02945	0.01314
HOOK1	0.23626	0.06915	0.02037
HOOK2	0.05881	0.0209	0.01203
HOOK3	0.67951	0.70217	0.68949
HOPX	0.0046	0.08537	0.0585
HORMAD1	0.00187	0.00158	0
HORMAD2	0.00148	0.00316	0
HOTAIRM1	0.0031	0.03035	0.01585
HOTTIP	0.00491	0.00154	0
HOXA-AS2	0.00283	0	0
HOXA10	0.03002	0.00975	0.01894
HOXA13	0.01648	0.00399	0
HOXA3	0.00701	0.00103	0
HOXA4	0.00806	0.00019	0
HOXA5	0.00727	0.00559	0
HOXB-AS1	0.00018	0.01256	0
HOXB2	5e-04	0.00686	0.00093
HOXB4	0.00138	0.01763	0
HOXB7	0.00509	0.04809	0.05292
HOXC4	0	0.00783	0.01371
HOXC8	0.00258	0.00021	0
HOXC9	0.00196	0.00042	0
HOXD9	0.00262	0	0
HP	1.88106	0.49566	0.22533
HP1BP3	0.68451	0.80134	1.80341
HPCAL1	0.19263	0.17037	0.11229
HPD	0.53073	0.10236	0.03702
HPGD	0.07103	0.00905	0.03551
HPGDS	0.00054	0.01272	0
HPN	0.63937	0.11746	0.02973
HPN-AS1	0.00387	0.00458	0
HPR	0.4685	0.04054	0.00839
HPRT1	0.07495	0.05557	0.24864
HPS1	0.17818	0.17273	0.19345
HPS3	0.1072	0.09622	0.14894
HPS4	0.17027	0.10881	0.19459
HPS5	0.13874	0.13855	0.20559
HPS6	0.03264	0.04055	0.02248
HPSE	0.21694	0.15306	0.09944
HPX	1.20159	0.2588	0.0547
HR	0.00453	0.00203	0
HRAS	0.06024	0.02838	0.07933
HRASLS2	0.01166	0.00256	0.01893
HRCT1	0.0357	0.00934	0.00073
HRG	1.48122	0.34499	0.04416
HRH1	0.01802	0.05652	0.00844
HRH2	0.00369	0.02502	0.01855
HRH4	0.12301	0.12051	0.04961
HS1BP3	0.07301	0.06143	0.00757
HS1BP3-IT1	0.00738	0.00184	0
HS2ST1	0.1528	0.07565	0.13878
HS3ST2	0.00048	0.00938	0.00166
HS3ST3B1	0.08074	0.01847	0.05048
HS3ST4	0.00572	0	0
HS6ST1	0.17379	0.02965	0.00858
HSBP1	0.41448	0.33052	0.46948
HSBP1L1	0.07427	0.03087	0.00383
HSCB	0.07143	0.09571	0.14303
HSD11B1	0.29935	0.03912	0.02908
HSD11B1L	0.02739	0.01774	0.00385
HSD11B2	0.01835	0.00568	0
HSD17B1	0.01039	0.00187	0.02025
HSD17B10	0.26665	0.20388	0.57581
HSD17B11	0.4328	0.20409	0.1376
HSD17B12	0.20026	0.1119	0.13073
HSD17B13	0.0721	0.0072	0.0093
HSD17B14	0.2552	0.0471	0.0011
HSD17B2	0.2222	0.01654	0.00037
HSD17B3	0.06917	0.00872	0.00102
HSD17B4	0.42403	0.17979	0.08653
HSD17B6	0.64868	0.11577	0.00407
HSD17B7	0.15567	0.14348	0.0916
HSD17B7P2	0.02972	0.01986	0.05313
HSD17B8	0.13223	0.10726	0.17559
HSD3B7	0.1665	0.05891	0.00265
HSD3BP4	0.17433	0.15219	0.06822
HSDL1	0.08493	0.06182	0.02309
HSDL2	0.36694	0.14406	0.11805
HSF1	0.2186	0.15083	0.15644
HSF2	0.07831	0.0483	0.09804
HSF2BP	0.00717	0.00122	0
HSF4	0.07721	0.04428	0.00163
HSH2D	0.13894	0.33147	0.33034
HSP90AA1	2.36827	3.37597	3.67769
HSP90AB1	1.99889	2.12347	2.02095
HSP90B1	2.39736	2.21996	2.06134
HSP90B2P	0.04823	0.03137	0.00855
HSPA12A	0.01516	0.00819	0.0123
HSPA12B	0.00464	0.00014	0
HSPA13	0.08614	0.12491	0.13442
HSPA14	0.15031	0.14961	0.44065
HSPA1A	0.54174	0.89077	0.32344
HSPA1B	0.27538	0.71999	0.22967
HSPA1L	0.01603	0.02634	0.01498
HSPA2	0.01969	0.00356	0.00395
HSPA4	0.37874	0.28171	0.42541
HSPA4L	0.05345	0.01904	0.00142
HSPA5	1.32871	1.2984	1.6517
HSPA6	0.01878	0.12805	0.01373
HSPA7	0.0064	0.11099	0.02378
HSPA8	1.0557	1.40269	2.0013
HSPA9	1.01382	0.56519	0.95023
HSPB1	0.66073	0.43666	0.24545
HSPB11	0.11101	0.11626	0.24202
HSPB6	0.03113	0.00204	0
HSPB8	0.01165	0.00725	0
HSPB9	0.01231	0.00042	0
HSPBAP1	0.03003	0.05239	0.05738
HSPBP1	0.0738	0.04692	0.05256
HSPD1	1.20821	0.91932	1.28477
HSPE1	0.7063	0.36635	0.49738
HSPG2	0.08393	0.03914	0.00337
HSPH1	0.4118	0.91259	0.79295
HTATIP2	0.36025	0.1417	0.06471
HTATSF1	0.31298	0.25098	0.54415
HTATSF1P2	0.27748	0.27104	0.18604
HTR1D	0.01178	0.00801	0.00163
HTR2A	0.00641	0.00506	0.00047
HTR2B	0.00226	0.00693	0
HTR3A	0.00222	0	0.008
HTR3B	0.04815	0.06808	0.03324
HTR3E-AS1	0.00392	0	0
HTR4	0.00936	0.00028	0.00213
HTR5A-AS1	0.00135	0.00012	0
HTR7	0.00039	0.01144	0.00076
HTR7P1	0.01053	0.00246	0.00291
HTRA1	0.47273	0.07267	0.00132
HTRA2	0.05712	0.03541	0.10387
HTRA4	0.0138	0.01558	0.01832
HTT	0.19506	0.1061	0.10196
HUNK	0.04768	0.03886	0.03757
HUS1	0.07998	0.08125	0.10436
HUWE1	0.64733	0.56137	0.83616
HVCN1	0.00045	0.04141	0.01711
HYAL1	0.29179	0.05345	0.04144
HYAL2	0.0503	0.0133	0.01184
HYAL3	0.0471	0.01765	0.01444
HYAL4	0.00052	0.00052	0
HYDIN	0.00444	0.0035	0
HYI	0.25503	0.10991	0.1007
HYKK	0.03719	0.00846	0.00735
HYLS1	0.1201	0.07313	0.08476
HYOU1	0.56275	0.28343	0.21041
IAH1	0.04556	0.05085	0.09891
IAPP	0.1951	0.17636	0.1025
IARS	0.18017	0.13976	0.30979
IARS2	0.51646	0.22225	0.19926
IBA57	0.58701	0.63615	0.45132
IBTK	0.5897	0.34274	0.32835
ICA1	0.07933	0.05561	0.10296
ICA1L	0.40548	0.37969	0.23785
ICAM1	0.33952	0.27945	0.15879
ICAM2	0.02017	0.29414	0.31896
ICAM3	0.08919	0.41915	0.67979
ICAM4	0.02744	0.05355	0.0268
ICAM5	0.00197	0.00729	0.00017
ICK	0.14769	0.07843	0.15589
ICMT	0.13129	0.08258	0.0914
ICOS	0.00199	0.06522	0.18025
ICOSLG	0.04528	0.06286	0.03545
ID1	0.02843	0.01661	0.00557
ID2	0.38244	0.78311	0.93225
ID3	0.0163	0.05577	0.05902
ID4	0.00505	0.00077	0
IDE	0.24945	0.20519	0.18397
IDH1	0.78171	0.21463	0.1003
IDH1-AS1	0.00801	0.00465	0.00366
IDH2	0.29632	0.29089	0.81773
IDH3A	0.07979	0.0828	0.09016
IDH3B	0.24153	0.12649	0.21102
IDH3G	0.20644	0.23479	0.37097
IDI1	0.59866	0.2652	0.24292
IDI2-AS1	0.00087	0.00088	0
IDNK	0.11638	0.05603	0.03244
IDO1	0.25195	0.21913	0.2153
IDO2	0.00159	0.00055	0.00507
IDS	0.47808	0.62169	0.3677
IDUA	0.06298	0.01942	0.00112
IER2	0.13334	0.8361	0.79857
IER3	0.11391	0.35722	0.03584
IER3IP1	0.25984	0.18087	0.30007
IER5	0.07072	0.33574	0.19717
IER5L	0.01442	0.01533	0.00534
IFFO1	0.08501	0.13462	0.09067
IFFO2	0.07025	0.03958	0.01968
IFI16	0.06778	0.78442	1.53401
IFI27	0.09555	0.07661	0.02149
IFI27L1	0.0461	0.04081	0.33167
IFI27L2	0.17115	0.44714	0.91854
IFI30	0.49483	0.68344	0.39957
IFI35	0.08618	0.16287	0.28072
IFI44	0.02874	0.07352	0.02686
IFI44L	0.01974	0.12237	0.04354
IFI6	0.27264	0.41943	0.37108
IFIH1	0.11033	0.18445	0.23176
IFIT1	0.08688	0.06356	0.00045
IFIT2	0.05786	0.08944	0.01437
IFIT3	0.74895	0.69869	0.52128
IFIT5	0.05388	0.03138	0.02173
IFITM1	0.09561	0.97781	1.37309
IFITM10	0.14429	0.02835	0
IFITM2	0.54478	0.64277	0.45021
IFITM3	2.35312	0.82848	0.29248
IFNAR1	0.32674	0.47523	0.35435
IFNAR2	0.10718	0.38339	0.62093
IFNG	0.00642	0.17807	0.48809
IFNG-AS1	0.0042	0.09635	0.05352
IFNGR1	0.11874	0.14856	0.11358
IFNGR2	0.10371	0.09483	0.06524
IFNLR1	0.02406	0.04479	0.03866
IFRD1	0.14043	0.26595	0.17432
IFRD2	0.15026	0.05626	0.0891
IFT122	0.05438	0.04304	0.12792
IFT140	0.01514	0.00866	0.0058
IFT172	0.08648	0.03147	0.00978
IFT20	0.16872	0.16551	0.14944
IFT27	0.0595	0.04303	0.08228
IFT43	0.07346	0.01572	0.04597
IFT46	0.01984	0.02844	0.03246
IFT52	0.05209	0.0245	0.02017
IFT57	0.04604	0.0672	0.154
IFT74	0.08363	0.09414	0.07235
IFT80	0.0872	0.05142	0.14582
IFT81	0.11768	0.01645	0.00176
IFT88	0.14811	0.06166	0.12124
IGBP1	0.09168	0.1763	0.33471
IGDCC3	0.00313	0.00088	0
IGF1	0.20551	0.28025	0.06459
IGF1R	0.01718	0.00415	0
IGF2BP1	0.09653	0.01552	0.00083
IGF2BP2	0.35241	0.07357	0.05861
IGF2BP3	0.20473	0.07746	0.05426
IGF2R	0.55252	0.33165	0.26962
IGFALS	0.01388	0.00053	0
IGFBP1	0.82071	0.1287	0.00564
IGFBP2	0.21422	0.0374	0.00618
IGFBP3	0.12125	0.01795	0.02049
IGFBP4	0.67237	0.13485	0.02736
IGFBP5	0.02727	0.01342	0.00271
IGFBP6	0.00649	0.00418	0.01218
IGFBP7	0.02172	0.0018	0.04589
IGFBPL1	0.00202	0.00301	0.00099
IGFL2	0.00235	0.00525	0
IGFLR1	0.08744	0.45786	0.25694
IGHMBP2	0.10525	0.10722	0.08519
IGIP	0.05691	0.0307	0.03378
IGLL1	0.00149	0.05356	0.03242
IGLL3P	0.00596	0.03913	0.01631
IGLL5	0.34998	1.31024	1.03513
IGLON5	0.00029	0.00075	0
IGSF1	0.00307	0	0
IGSF10	0.0043	0.00414	0.00065
IGSF11	0.00033	0	0.00174
IGSF21	0.002	0.02628	0
IGSF22	0.00215	0.00178	0
IGSF23	0.00733	0.00157	0
IGSF3	0.05455	0.00904	0
IGSF6	0.01354	0.23685	0.03733
IGSF8	0.15112	0.04098	0.02589
IGSF9	0.03469	0.00941	0
IHH	0.00615	0.00199	0
IK	0.64206	0.70179	1.12635
IKBIP	0.13068	0.1805	0.22113
ELP1	0.10637	0.09012	0.05485
IKBKB	0.07795	0.10188	0.07568
IKBKE	0.01534	0.08209	0.05831
IKBKG	0.09607	0.06672	0.08085
IKZF1	0.02997	0.51439	0.93346
IKZF2	0.0269	0.09719	0.16486
IKZF3	0.52593	1.23355	1.62541
IKZF4	0.02616	0.04203	0.04649
IKZF5	0.08731	0.05475	0.05387
IL10	0.08246	0.10831	0.05326
IL10RA	0.01719	0.39238	0.33891
IL10RB	0.26894	0.38157	0.34629
IL10RB-DT	0.00169	0.01277	0.02065
IL11	0.00492	0.00431	0.01495
IL11RA	0.20995	0.05568	0.0573
IL12A	0.00056	0.00615	0.00922
IL12A-AS1	0.00077	0.00041	0
IL12B	0.00126	0.00772	0.00126
IL12RB1	0.01753	0.09432	0.27338
IL12RB2	0.0047	0.02013	0.02929
IL13RA1	0.31083	0.15995	0.05849
IL13RA2	0.00094	0.00066	0.02715
IL15	0.01862	0.01891	0.06116
IL15RA	0.03009	0.01287	0.02837
IL16	0.03026	0.30915	0.57239
IL17D	0.00371	5e-05	0
IL17RA	0.30434	0.35831	0.29689
IL17RB	0.18263	0.04898	0.00471
IL17RC	0.01224	0.00265	0
IL17RD	0.12963	0.11853	0.10504
IL17RE	0.00196	0	0
IL18	0.03389	0.10849	0.03065
IL18BP	0.03034	0.11669	0.07497
IL18R1	0.01108	0.07597	0.05976
IL18RAP	0.00208	0.03256	0.03702
IL1B	0.0113	0.1366	0.05076
IL1R1	0.24835	0.0552	0.05527
IL1R2	0.01973	0.05487	0.02632
IL1RAP	0.07948	0.03009	0
IL1RAPL2	0.0028	0.00444	0
IL1RL1	0.00293	0.00326	0
IL1RN	0.08717	0.04836	0.00025
IL20RA	0.00542	8e-05	0
IL20RB	0.01165	0.00423	0.00089
IL21-AS1	0.00311	0.00183	0.02424
IL21R	0.02084	0.10041	0.30133
IL21R-AS1	0.00093	0.00188	0
IL22RA1	0.03178	0.00471	0
IL23A	0.0025	0.00511	0.00958
IL23R	0.06516	0.06469	0.03306
IL27	0.01094	0.00467	0
IL27RA	0.02017	0.14663	0.17777
IL2RA	0.00745	0.0612	0.03653
IL2RB	0.01099	0.18086	0.29752
IL2RG	0.07606	0.91095	1.57
IL31RA	0.00571	0.00369	0.00156
IL32	0.39432	1.09737	1.74083
IL33	0.00526	0.00067	0
IL34	0.00396	0.00043	0.00042
IL4I1	0.00543	0.09158	0.00069
IL4R	0.12588	0.1326	0.16312
IL6R	0.90449	0.48616	0.32256
IL6ST	0.50669	0.69379	0.65105
IL7	0.00792	0.00352	0
IL7R	0.02471	0.32591	0.32259
ILDR1	0.00832	0.01249	0.00642
ILDR2	0.0102	0.00568	0.00738
ILF2	0.30697	0.27543	0.67911
ILF3	0.48679	0.46208	1.23755
ILF3-DT	0.36612	0.53181	0.77701
ILK	0.12195	0.09671	0.16764
ILKAP	0.14709	0.0802	0.19848
ILVBL	0.1738	0.06906	0.07707
IMMP1L	0.07321	0.03938	0.1102
IMMP2L	0.07377	0.02541	0.03382
IMMT	0.43426	0.33457	0.76757
IMP3	0.29198	0.22136	0.40027
IMP4	0.3013	0.25012	0.59853
IMPA1	0.22467	0.13608	0.15474
IMPA2	0.17365	0.03202	0.02912
IMPACT	0.06347	0.08268	0.08512
IMPAD1	0.33754	0.15793	0.14642
IMPDH1	0.03719	0.07825	0.07686
IMPDH2	0.22058	0.08484	0.38355
IMPG2	0.0027	0.00915	0.02003
INCA1	0.01542	0.00412	0.00025
INCENP	0.03477	0.03615	0.11566
INE1	0.05866	0.0732	0.05089
INF2	0.13528	0.11212	0.09526
ING1	0.04957	0.07136	0.11747
ING2	0.09676	0.12939	0.20348
ING3	0.05508	0.13247	0.31934
ING4	0.07613	0.04934	0.1143
ING5	0.22318	0.12304	0.1263
INGX	0.17367	0.13026	0.07554
INHBA	0.07592	0.01333	0.00612
INHBA-AS1	0.05319	0.04683	0.03707
INHBB	0.18566	0.01155	0.00108
INHBC	0.06316	0.00739	0
INHBE	0.34298	0.02897	0.00164
INIP	0.25048	0.30225	0.44874
INMT	0.01128	0.02124	0.00292
INO80	0.13604	0.14666	0.22635
INO80B	0.01462	0.01649	0.01386
INO80C	0.02211	0.02786	0.0625
INO80D	0.25273	0.21284	0.3887
INO80E	0.09877	0.14884	0.16716
INPP1	0.06125	0.06764	0.08261
INPP4A	0.04975	0.1453	0.17757
INPP4B	0.14046	0.38239	0.60974
INPP5A	0.13379	0.06955	0.07271
INPP5B	0.03801	0.06603	0.12744
INPP5D	0.02747	0.36905	0.71632
INPP5E	0.02153	0.01454	0.00287
INPP5F	0.03286	0.05747	0.09167
INPP5J	0.00641	0.00162	0
INPP5K	0.03943	0.07724	0.15845
INPPL1	0.10653	0.10196	0.07203
INSC	0.00256	0.00033	0
INSIG1	0.60849	0.26634	0.19838
INSIG2	0.15723	0.07142	0.03613
INSL3	0.00137	0.01368	0.02763
INSR	0.67445	0.15087	0.01749
INTS1	0.31509	0.18037	0.24535
INTS10	0.06325	0.09718	0.12404
INTS12	0.03577	0.05504	0.07959
INTS2	0.06011	0.05448	0.0783
INTS3	0.3088	0.14288	0.12491
INTS4	0.08614	0.07152	0.06356
INTS5	0.06021	0.02412	0.0594
INTS6	0.16227	0.15566	0.24609
INTS6-AS1	0.02078	0.01218	0.00792
INTS7	0.14167	0.12131	0.14803
INTS8	0.10325	0.07764	0.15519
INTS9	0.01014	0.02699	0.02298
INTU	0.05504	0.01562	0
INVS	0.03498	0.05025	0.06993
IP6K1	0.18833	0.14163	0.16228
IP6K2	0.35524	0.18305	0.22196
IP6K3	0.02152	0.00836	0
IPCEF1	0.01351	0.258	0.53377
IPMK	0.10087	0.06639	0.0445
IPO11	0.00613	0.00171	0.00809
IPO13	0.10794	0.06056	0.03006
IPO4	0.07571	0.03612	0.04991
IPO5	0.22731	0.12185	0.42112
IPO7	0.37874	0.23344	0.45757
IPO8	0.15506	0.11196	0.16357
IPO9	0.65384	0.45107	0.50138
IPP	0.15438	0.09056	0.12442
IPPK	0.01752	0.01246	0.00172
IQCB1	0.04873	0.07366	0.10381
IQCC	0.06118	0.05115	0.05721
IQCD	0.00655	0.00411	0
IQCE	0.07738	0.03435	0.08846
IQCG	0.05983	0.05588	0.10755
IQCH	0.02994	0.00412	0
IQCH-AS1	0.05151	0.02662	0.02587
IQCK	0.01992	0.00616	0
IQGAP1	0.13529	0.95934	1.59884
IQGAP2	0.85019	0.69956	0.54904
IQGAP3	0.03489	0.01602	0.23687
IQSEC1	0.46075	0.23062	0.25392
IQSEC2	0.0092	0.01109	0
IQSEC3	0.00173	0.00388	0
IQUB	0.00242	0.00207	0
IRAK1	0.42251	0.38082	0.62696
IRAK1BP1	0.01873	0.00285	0
IRAK2	0.05602	0.0283	0.01946
IRAK3	0.00372	0.04796	0
IRAK4	0.23589	0.25205	0.16189
IREB2	0.22929	0.16663	0.16199
IRF1	0.4786	1.1025	1.09986
IRF2	0.0771	0.20938	0.3134
IRF2BP1	0.004	0.00441	0.02628
IRF2BP2	0.66281	0.30267	0.23167
IRF2BPL	0.08404	0.13244	0.07542
IRF3	0.08585	0.12133	0.09703
IRF4	0.00317	0.09138	0.1209
IRF5	0.04726	0.07033	0.06237
IRF6	0.11603	0.0276	0.01467
IRF7	0.05154	0.17262	0.17881
IRF8	0.00798	0.05527	0.1075
IRF9	0.06535	0.16098	0.17612
IRGM	0.01465	0.00355	0.00442
IRGQ	0.24333	0.25332	0.15365
IRS1	0.19345	0.04127	0.00587
IRS2	0.29382	0.10715	0.0045
IRX3	0.04309	0.00267	0
IRX5	0.00233	0.00191	0
ISCA1	0.09621	0.10689	0.16759
ISCA2	0.06705	0.05702	0.11462
ISCU	0.32529	0.3044	0.34046
ISG15	0.25876	0.53244	0.6411
ISG20	0.05784	0.62382	0.85609
ISG20L2	0.31187	0.35785	0.45336
ISL2	0.00407	0.00991	0.00127
ISLR2	0.00032	0.00269	0.00229
ISM1	0.00637	0	0
ISOC1	0.08044	0.05336	0.02428
ISOC2	0.043	0.0247	0.01573
ISPD	0.09623	0.07896	0.04732
IST1	0.33875	0.34226	0.51166
ISX	0.01436	0.00125	0.02972
ISY1	0.30111	0.27887	0.26912
ISYNA1	0.00643	0.00656	0.00864
ITCH	0.33682	0.26513	0.33964
ITFG1	0.25716	0.13555	0.18038
ITFG2	0.01761	0.04177	0.05959
ITGA1	0.27742	0.06534	0.03128
ITGA10	0.00358	0.00021	0
ITGA11	0.00478	0.00179	6e-04
ITGA2	0.11834	0.08825	0.10398
ITGA3	0.00795	0.00641	0.0116
ITGA4	0.04152	0.6391	0.90035
ITGA5	0.22457	0.06948	0.06305
ITGA6	0.32454	0.22014	0.16022
ITGA7	0.05129	0.01952	0.00157
ITGA8	0.06292	0.10253	0.04749
ITGA9	0.00283	0.01055	0
ITGAD	0.00065	0.02116	0.02541
ITGAE	0.04852	0.12029	0.31639
ITGAL	0.22758	0.68137	0.85476
ITGAM	0.01358	0.06218	0
ITGAV	0.24679	0.14001	0.06635
ITGAX	0.01652	0.22397	0.02264
ITGB1	1.04726	0.64042	0.59658
ITGB1BP1	0.12589	0.11032	0.31121
ITGB1BP2	0.00739	0.00126	0.00504
ITGB2	0.03932	0.55666	0.69854
ITGB2-AS1	0.00462	0.12915	0.09366
ITGB3	0.01078	0.00162	0
ITGB3BP	0.06789	0.05261	0.41948
ITGB4	0.03073	0.01004	0.00201
ITGB5	0.30283	0.08774	0
ITGB7	0.03024	0.2608	0.39777
ITGB8	0.00338	0.00629	0.00214
ITGBL1	0.05276	0.00046	0.00093
ITIH1	1.42081	0.37422	0.08749
ITIH2	1.38485	0.21854	0.03851
ITIH3	1.85414	0.36251	0.18591
ITIH4	1.06597	0.22522	0.08586
ITIH5	0.25489	0.24614	0.16187
ITIH6	0.00382	0.00015	0
ITK	0.00545	0.15276	0.26387
ITLN2	0.00562	0.00169	0
ITM2A	0.02849	0.43734	1.01931
ITM2B	0.93487	0.76964	0.5183
ITM2C	0.04591	0.31802	0.13217
ITPA	0.13067	0.13827	0.20427
ITPK1	0.26322	0.20873	0.28212
ITPK1-AS1	0.01123	0.01133	0.0157
ITPKA	0.05562	0.0162	0.00204
ITPKB	0.01297	0.15451	0.30085
ITPKC	0.07887	0.03459	0.01997
ITPR1	0.02966	0.12896	0.11352
ITPR1-DT	0.00421	0.00042	0.00389
ITPR2	1.39163	0.73226	0.58881
ITPR3	0.01954	0.06436	0.09977
ITPRIP	0.02058	0.0878	0.0616
ITPRIPL1	0.00065	0.01556	0.00831
ITPRIPL2	0.21525	0.24875	0.24843
ITSN1	0.27048	0.42217	0.12446
ITSN2	0.46153	0.66619	0.80453
IVD	0.56274	0.45856	0.4656
IVNS1ABP	0.2774	0.34055	0.42286
IWS1	0.34055	0.31425	0.59259
IYD	0.09231	0.07684	0.05241
JADE1	0.13408	0.1948	0.4708
JADE2	0.1019	0.14135	0.34862
JADE3	0.29634	0.03078	0.01281
JAG1	0.03739	0.01505	0.00649
JAG2	0.011	0.00568	0.00265
JAGN1	0.18235	0.10082	0.10362
JAK1	0.46899	0.76597	1.2827
JAK2	0.0261	0.1602	0.21418
JAK3	0.04121	0.36816	0.61497
JAKMIP1	0.00675	0.06719	0.19371
JAKMIP2	0.01366	0.03229	0.01493
JAKMIP3	0.01908	0.00566	0
JAM2	0.0302	0.02458	0.01364
JAM3	0.003	0.00088	0
JARID2	0.13906	0.2669	0.37469
JAZF1	0.05903	0.04963	0.03689
JDP2	0.02828	0.04143	0.04929
KDM7A-DT	0.0307	0.02381	0.0026
JKAMP	0.09194	0.07343	0.04762
JMJD1C	0.53948	0.69164	0.58191
JMJD4	0.07476	0.04622	0.15266
JMJD6	0.15865	0.16465	0.13666
JMJD7	0.01648	0.0392	0.03955
JMJD8	0.11504	0.08537	0.26638
JMY	0.16274	0.20879	0.16872
JOSD1	0.13559	0.15537	0.213
JOSD2	0.00809	0.01233	0.00251
JPH1	0.01244	0.00112	0
JPH3	0.00493	0.002	0
JPX	0.17076	0.14505	0.11471
JRK	0.06616	0.02801	0.0686
JRKL	0.07264	0.07389	0.00235
JSRP1	0.00368	0.11133	0.03935
JTB	0.64731	0.60321	0.65792
JUN	0.36531	1.82649	1.77678
JUNB	0.13856	1.14467	0.75252
JUND	0.84634	1.34546	1.18144
JUP	0.13035	0.01757	0.0085
KALRN	0.07403	0.05521	0.02265
KANK1	0.25755	0.04406	0.02743
KANK2	0.11986	0.04888	0.00781
KANK3	0.00212	0.00739	0
KANK4	0.13907	0.14523	0.1138
KANSL1	0.15473	0.21862	0.1339
KANSL1-AS1	0.02418	0.03046	0.03047
KANSL1L	0.06397	0.01891	0.00144
KANSL2	0.06746	0.08288	0.12936
KANSL3	0.23638	0.15995	0.1679
KARS	0.2533	0.21599	0.47185
KAT2A	0.17259	0.0809	0.00406
KAT2B	0.07056	0.15985	0.18337
KAT5	0.0546	0.05428	0.04938
KAT6A	0.27223	0.44486	0.62215
KAT6B	0.20193	0.37096	0.56755
KAT7	0.15411	0.12079	0.30052
KAT8	0.10797	0.07667	0.14382
KATNA1	0.06034	0.04156	0.12846
KATNAL1	0.05749	0.03595	0.09533
KATNAL2	0.05857	0.00549	0.00311
KATNB1	0.01735	0.01581	0.01851
KATNBL1	0.08661	0.07596	0.20131
KAZALD1	0.01401	0.00292	0
KBTBD11	0.00215	0.00446	0
KBTBD12	0.00753	0.00323	0.00137
KBTBD2	0.0931	0.1026	0.19418
KBTBD3	0.04089	0.01633	0.01576
KBTBD4	0.03604	0.01369	0.0343
KBTBD6	0.3193	0.23057	0.20026
KBTBD7	0.03962	0.01505	0.00978
KBTBD8	0.0041	0.02678	0.08881
KCMF1	0.48128	0.41451	0.44058
KCNA3	0.08051	0.43346	0.60666
KCNA7	0.22049	0.19804	0.12691
KCNAB2	0.06232	0.23857	0.49962
KCNAB3	0.00049	0.01533	0.01465
KCNB1	0.02511	0.01435	0.00307
KCNC2	0.00213	0.00073	0
KCNC3	0.00645	0.01053	0
KCNC4	0.01293	0.00908	3e-04
KCND1	0.00627	0.00416	0
KCNE3	0.1216	0.14634	0.04516
KCNE4	0.00568	0.003	0.00382
KCNF1	0.01129	0.00793	0
KCNH2	0.00453	0.00113	0
KCNH4	0.00096	0	0.00071
KCNH6	0.13435	0.11174	0.0632
KCNH7	0.04857	0.01227	0.00253
KCNIP2	0.00387	0.00251	0
KCNIP3	0.00387	0.00133	0
KCNJ10	0.00328	0.00807	0
KCNJ11	0.02398	0.01747	0.0011
KCNJ14	0.02208	0.00782	0.01009
KCNJ15	0.00336	0.00085	0
KCNJ2	0.00261	0.00454	0
KCNJ3	0.27012	0.15342	0.08471
KCNJ5	0.32626	0.37915	0.20003
KCNJ6	0.00174	0.00215	0
KCNJ8	0.02863	0.00487	0
KCNK1	0.04442	0.00088	0.02521
KCNK10	0.00408	0.00131	0.0014
KCNK13	0.00504	0.00499	0
KCNK2	0.0014	5e-04	0
KCNK3	0.06429	0.04226	0.01212
KCNK5	0.00922	0.02796	0.09392
KCNK6	0.02458	0.21344	0.06781
KCNMA1	0.02788	0.12346	0.0738
KCNMB3	0.23935	0.12493	0.05039
KCNMB4	0.01283	0.00819	0.00043
KCNN1	0.00698	0.00129	0
KCNN2	0.02548	0.00879	0.00122
KCNN3	0.03344	0.13524	0.20037
KCNN4	0.00095	0.03204	0.02616
KCNQ1	0.01252	0.04046	0
KCNQ1OT1	2.27461	2.30746	1.8391
KCNQ3	0.00094	0.00378	0.02858
KCNQ4	0.00373	0	0
KCNQ5	0.00276	0.0177	0.07208
KCNRG	0.00251	0.00726	0.01917
KCNS1	0.0075	4e-04	0
KCNS3	0.00587	0.00093	0
KCNT2	0.07008	0.00545	0.00125
KCNV1	0.00266	0.00413	0.00155
KCP	0.01982	0.01423	0.05063
KCTD1	0.01382	0.00436	0.01073
KCTD10	0.074	0.06374	0.18564
KCTD11	0.0083	0.00986	0.00355
KCTD12	0.01548	0.17459	0.03622
KCTD13	0.01927	0.00984	0.01392
KCTD15	0.01209	0.00998	0
KCTD17	0.03818	0.0233	0.02276
KCTD18	0.03024	0.02039	0.03718
KCTD2	0.08079	0.0571	0.10234
KCTD20	0.40448	0.26257	0.38024
KCTD21	0.08157	0.0616	0.02005
KCTD21-AS1	0.00975	0.00946	0.00765
KCTD3	0.27866	0.07308	0.07077
KCTD5	0.014	0.02667	0.04372
KCTD6	0.08485	0.02509	0.00742
KCTD7	0.06471	0.09249	0.1196
KCTD9	0.05617	0.04613	0.18777
KDELC1	0.02318	0.00813	0.00043
KDELC2	0.10628	0.07936	0.18702
KDELR1	0.33684	0.36361	0.30032
KDELR2	0.50019	0.25073	0.21209
KDELR3	0.04731	0.03555	0.00136
KDM1A	0.13679	0.125	0.2999
KDM1B	0.08049	0.03788	0.05375
KDM2A	0.32267	0.32004	0.3738
KDM2B	0.10933	0.08211	0.08046
KDM3A	0.15667	0.17654	0.18124
KDM3B	0.11325	0.12206	0.20871
KDM4A	0.21744	0.16295	0.26599
KDM4A-AS1	0.07797	0.07848	0.04744
KDM4B	0.14316	0.13242	0.09604
KDM4C	0.06836	0.1221	0.06035
KDM4D	0.00237	0	0
KDM5A	0.40696	0.65513	1.03046
KDM5B	0.17951	0.13724	0.01319
KDM5C	0.12761	0.13187	0.20163
KDM5D	0.10748	0.0502	0.03955
KDM6A	0.04882	0.09045	0.1147
KDM6B	0.04658	0.06919	0.02323
KDM7A	0.09209	0.10521	0.13444
KDM8	0.01201	0.01057	0.00161
KDR	0.01206	0.00332	0.00043
KDSR	0.3629	0.21325	0.18872
KEAP1	0.11254	0.1322	0.14262
KHDC1	0.00441	0.01093	0.02878
KHDRBS1	0.30072	0.33238	0.60655
KHDRBS3	0.04834	0.00787	0.04631
KHK	0.82729	0.18097	0.08372
KHNYN	0.09605	0.0885	0.08335
KHSRP	0.23322	0.1717	0.24647
KIAA0040	0.03138	0.1772	0.26186
KIAA0087	0.00279	0.0031	0
KIAA0100	0.26375	0.16894	0.25067
DELE1	0.17502	0.11097	0.11098
KIAA0232	0.40626	0.20452	0.08295
KIAA0319	0.00836	0.0052	0.00162
KIAA0319L	0.56518	0.4574	0.44184
KIAA0355	0.23146	0.24308	0.16046
ECPAS	0.36742	0.3171	0.46056
KIAA0391	0.06423	0.06441	0.17339
MARF1	0.20107	0.22447	0.34216
KIAA0513	0.03616	0.04668	0.01383
KIAA0556	0.03719	0.02853	0.0561
KIAA0586	0.10065	0.12438	0.27421
KIAA0753	0.02638	0.05267	0.03063
KIAA0825	0.02033	0.04689	0.03249
KIAA0895	0.03143	0.01101	0.00086
KIAA0895L	0.03825	0.0344	0.00442
KHDC4	0.12137	0.04251	0.07694
TMEM131L	0.08675	0.1542	0.40747
KIAA0930	0.67197	0.61696	0.45045
KIAA1109	0.34911	0.41607	0.36352
KIAA1143	0.20303	0.16527	0.20358
KIAA1147	0.21399	0.08206	0.01915
MYORG	0.1683	0.03099	0.01431
KIAA1191	0.25933	0.18198	0.10446
KIAA1210	0.00263	0.00498	0.0013
KIAA1211L	0.00322	0.00623	0
KIAA1217	0.2388	0.04424	0.03942
KIAA1324	0.20736	0.2114	0.13096
KIAA1324L	0.0165	0.01746	0.01219
KIAA1328	0.03266	0.03504	0.03021
VIRMA	0.24411	0.18679	0.3965
TRMT9B	0.1987	0.1792	0.13771
JCAD	0.05674	0.00398	0
RELCH	0.08108	0.12655	0.11883
KIAA1522	0.1124	0.02091	0.00109
CIP2A	0.04148	0.04866	0.39042
KIAA1549	0.07548	0.05511	0.04029
KIAA1551	0.49261	1.17053	1.31956
KIAA1586	0.07904	0.05239	0.05687
KIAA1614	0.28754	0.24221	0.19323
SHISAL1	0.0056	0.01135	0.02455
KIAA1671	0.18967	0.08106	0.01601
IQCN	0.02151	0.02902	0.01787
KIAA1755	0.00769	0.00176	0
KIAA1841	0.12142	0.09139	0.11371
KIAA1958	0.24567	0.17864	0.11481
KIAA2013	0.39671	0.2098	0.15679
NEXMIF	0.00949	0.00456	0
KIAA2026	0.23833	0.37737	0.41951
KIDINS220	0.26526	0.27361	0.35603
KIF11	0.12877	0.12571	1.19485
KIF12	0.03282	0.0057	0
KIF13A	0.26277	0.06933	0.0154
KIF13B	0.08999	0.20628	0.20972
KIF14	0.0989	0.06105	0.94296
KIF15	0.05519	0.03588	1.0452
KIF16B	0.12098	0.10147	0.08235
KIF18A	0.01961	0.02323	0.52454
KIF18B	0.01241	0.00626	0.1771
KIF19	3e-04	0.01956	0
KIF1A	0.00582	0.00172	0
KIF1B	0.6133	0.34573	0.14208
KIF1C	0.43681	0.33966	0.22249
KIF20A	0.01606	0.00299	0.19823
KIF20B	0.1066	0.19905	1.29552
KIF21A	0.41377	0.19808	0.21213
KIF21B	0.0834	0.07253	0.24098
KIF22	0.33137	0.14245	0.97402
KIF23	0.03034	0.01809	0.71233
KIF24	0.00574	0.00047	0.04279
KIF25	0.02833	0.00054	0
KIF25-AS1	0.00434	0.00079	0
KIF26B	0.00253	0	0
KIF27	0.05776	0.04454	0.07273
KIF2A	0.13042	0.22983	0.71706
KIF2C	0.02948	0.00539	0.54915
KIF3A	0.21643	0.14925	0.18441
KIF3B	0.42736	0.25574	0.35691
KIF3C	0.01617	0.01459	0.03211
KIF4A	0.07363	0.03686	0.60506
KIF4B	0.00189	0.00215	0.00133
KIF5B	0.58375	0.56187	1.32426
KIF5C	0.0152	0.01521	0.06773
KIF6	0.01315	0.00236	0
KIF7	0.00846	0	0
KIF9	0.02123	0.01143	0.01816
KIF9-AS1	0.008	0.00385	0
KIFAP3	0.2094	0.13502	0.22675
KIFC1	0.01257	0.0072	0.23226
KIFC2	0.24916	0.12047	0.06818
KIFC3	0.05272	0.02687	0
KIN	0.13121	0.1153	0.19507
KIR2DL4	0.001	0.02245	0.06228
KIR3DX1	0.22646	0.23241	0.12132
KIRREL2	0.00207	2e-04	0
KISS1	0.00208	0.00058	0
KISS1R	0.00193	0.00128	0
KITLG	0.01394	0.00909	0.03162
KLB	0.4726	0.14689	0.09729
KLC1	0.17599	0.22114	0.29486
KLC2	0.01713	0.02338	0.01685
KLC3	0.00256	0.00086	0
KLC4	0.17477	0.03715	0.00723
KLF10	0.0591	0.11618	0.13077
KLF11	0.09834	0.03925	0.00089
KLF12	0.20602	0.1628	0.33984
KLF13	0.12239	0.21993	0.28469
KLF15	0.15888	0.03276	0.00119
KLF16	0.02962	0.01312	0.02924
KLF17	0.0056	0.01095	0.00448
KLF2	0.02243	0.27674	0.15309
KLF3	0.19295	0.12677	0.055
KLF4	0.01707	0.12792	0.02006
KLF5	0.01787	0	0.00083
KLF6	0.58545	1.76698	1.87346
KLF7	0.05416	0.07934	0.05231
KLF8	0.14194	0.12307	0.11305
KLF9	0.12627	0.12376	0.15909
KLHDC1	0.01253	0.01432	0.00168
KLHDC10	0.29791	0.07457	0.09507
KLHDC2	0.34681	0.15048	0.06552
KLHDC3	0.13863	0.05194	0.05116
KLHDC4	0.06239	0.09902	0.1587
KLHDC7A	0.01499	0.00068	0.00381
KLHDC7B	0.01611	0.01244	0.01551
KLHDC8B	0.1109	0.05682	0
KLHDC9	0.01334	0.00234	0
KLHL11	0.03361	0.02907	0.03759
KLHL12	0.12567	0.04887	0.0662
KLHL13	0.03448	0.00934	0
KLHL15	0.01475	0.05079	0.03597
KLHL17	0.02695	0.03503	0.01426
KLHL18	0.02939	0.04867	0.08656
KLHL2	0.043	0.03644	0.04849
KLHL20	0.09525	0.07798	0.04423
KLHL21	0.18971	0.06426	0.04572
KLHL22	0.00763	0.01052	0.01303
KLHL23	0.00376	0.00011	0
KLHL24	0.37396	0.30491	0.15364
KLHL25	0.02352	0.01944	0.02277
KLHL26	0.01446	0.00441	0.00217
KLHL28	0.12163	0.12512	0.14942
KLHL29	0.01287	0.00156	0
KLHL3	0.04546	0.02276	0.04004
KLHL30	0.0026	0.00124	9e-04
KLHL31	0.00803	0.00323	0
KLHL32	0.00726	0.00417	0.0311
KLHL34	0.00528	0.00649	0
KLHL36	0.225	0.16274	0.11811
KLHL41	0.00243	0.00056	0
KLHL42	0.24357	0.17063	0.14878
KLHL5	0.49723	0.34944	0.29839
KLHL6	0.04202	0.24267	0.22501
KLHL6-AS1	0.01489	0.01571	0.00329
KLHL7	0.04972	0.02663	0.03208
KLHL7-DT	0.00203	0.00414	0.01433
KLHL8	0.21319	0.20527	0.16927
KLHL9	0.06238	0.08487	0.00744
KLK10	0.02987	0.03036	0.01448
KLK15	0.00327	0	0
KLK7	0.002	0.00246	0.00217
KLK8	0.00182	0	0
KLKB1	0.30476	0.06498	0.02105
KLLN	0.00617	0.00261	0
KLRB1	0.01279	0.31557	0.2397
KLRC1	0.00032	0.04967	0.07408
KLRC2	0	0.00693	0.04936
KLRC3	0.00068	0.03351	0.06181
KLRC4	0.00181	0.02529	0.03043
KLRD1	0.15449	0.25843	0.36986
KLRF1	0.00339	0.02847	0.00988
KLRG1	0.07249	0.12029	0.1673
KLRK1	5e-05	0.00898	0.0142
KMO	0.00497	0.00569	0.031
KMT2A	0.62858	0.86573	1.14343
KMT2B	0.24214	0.20628	0.21123
KMT2C	0.66972	0.85356	0.71062
KMT2D	0.13699	0.07727	0.07316
KMT2E	0.61691	0.91444	0.99004
KMT2E-AS1	0.07855	0.46659	0.52858
KNDC1	0.00244	0.00179	0
KNG1	2.73818	0.67149	0.24496
KNOP1	0.15616	0.14366	0.28652
KNSTRN	0.03078	0.01141	0.2182
KNTC1	0.08229	0.13774	0.34169
KPNA1	0.33177	0.22861	0.34254
KPNA2	0.09167	0.14268	0.91028
KPNA3	0.29273	0.22941	0.31071
KPNA4	0.3036	0.29019	0.35584
KPNA5	0.06323	0.13239	0.0987
KPNA6	0.51948	0.43442	0.53432
KPNA7	0.00302	0.0045	0
KPNB1	0.74696	0.75553	1.24737
KPTN	0.08281	0.01917	0.04172
KRAS	0.08871	0.11837	0.27484
KRBA1	0.03021	0.0145	0.00138
KRBA2	0.04464	0.03718	0.00928
KRBOX4	0.4021	0.05212	0.03969
KRCC1	0.09759	0.15451	0.08428
KREMEN1	0.59706	0.5629	0.43774
KRI1	0.17614	0.16843	0.41198
KRIT1	0.26559	0.24842	0.2403
KRR1	0.24644	0.21988	0.48154
KRT10	0.14869	0.19931	0.42076
KRT17	0.01134	0.00303	0
KRT18	1.02528	0.1819	0.11924
KRT18P55	0.00289	0.00025	0
KRT20	0.00444	0.00321	0
KRT222	0.01657	0.00301	0
KRT42P	0.0018	0.00287	0.00224
KRT7	0.02174	0.00172	0
KRT8	0.83914	0.18492	0.03693
KRT80	0.00577	0	0
KRT85	0.00206	0.00031	0
KRT86	0.0035	0.03042	0.0416
KRTCAP2	0.71383	0.66059	0.75794
KRTCAP3	0.00589	0.00028	0
KSR1	9e-04	0.00505	0.0443
KSR2	0.00355	0.00322	0
KTN1	1.27519	0.96677	1.07653
KTN1-AS1	0.00789	0.00399	0.00045
KXD1	0.22021	0.15529	0.25791
KYNU	0.04456	0.03179	0.00129
L1TD1	0.10323	0.07655	0.08416
L2HGDH	0.31849	0.2662	0.18003
L3HYPDH	0.05641	0.02494	0.00287
L3MBTL1	0.024	0.00618	0.01782
L3MBTL2	0.1232	0.11973	0.1401
L3MBTL3	0.02871	0.05222	0.09771
L3MBTL4	0.06141	0.02867	0.00191
LACC1	0.04879	0.08355	0.10476
AFG1L	0.03484	0.01181	0.00066
LACTB	0.31235	0.29492	0.14558
LACTB2	0.14041	0.07002	0.02681
LAD1	0.0585	0.01444	0
LAG3	0.03079	0.31799	0.65696
LAGE3	0.19473	0.12472	0.32519
LAIR1	0.22598	0.38263	0.16427
LAIR2	0.00163	0.0491	0.05543
LAMA3	0.04804	0.01	0.00286
LAMA4	0.02326	0.00664	0.00028
LAMA5	0.07477	0.02474	0.00094
LAMB1	0.17879	0.04679	0.00206
LAMB2	0.27908	0.06938	0.00067
LAMB3	0.02032	0.00499	0.00511
LAMB4	0.00362	0.00514	0.003
LAMC1	0.36365	0.07594	0.04847
LAMC2	0.08516	0.08759	0.0951
LAMP1	0.51161	0.30735	0.20171
LAMP2	0.85528	0.49982	0.45491
LAMP3	0.00802	0.01579	0.00708
LAMP5	0.00046	0.01343	0.02842
LAMTOR1	0.30189	0.20541	0.25573
LAMTOR2	0.32453	0.23869	0.5159
LAMTOR3	0.06195	0.05252	0.05942
LAMTOR4	0.37894	0.44736	0.59167
LAMTOR5	0.39327	0.28766	0.46307
LAMTOR5-AS1	0.01251	0.00077	0
LANCL1	0.17214	0.07251	0.0858
LANCL2	0.04676	0.04737	0.14099
LAP3	0.48953	0.5159	0.55887
LAPTM4A	0.48034	0.23951	0.14412
LAPTM4B	0.33093	0.08573	0.01482
LAPTM5	0.17421	1.61121	1.54671
LARP1	0.7267	0.56348	0.46451
LARP1B	0.17994	0.2085	0.22358
LARP4	0.42891	0.20209	0.21401
LARP4B	0.25693	0.23139	0.2585
LARP6	0.05501	0.00844	0.00073
LARP7	0.31051	0.5452	0.82401
LARS	0.52952	0.39482	0.41892
LARS2	0.05631	0.03958	0.16073
LARS2-AS1	0.00402	0.00284	0
LAS1L	0.12186	0.09279	0.22529
LASP1	0.45866	0.34377	0.50008
LAT	0.03872	0.20771	0.45205
LAT2	0.00678	0.13833	0.10744
LATS1	0.11829	0.09169	0.13219
LATS2	0.05511	0.04779	0.01201
LAX1	0.08841	0.35648	0.29822
LAYN	0.01146	0.0982	0.14058
LBH	0.03732	0.43414	0.82627
LBP	0.39422	0.0546	0.00304
LBR	0.40896	0.2908	1.11513
LBX2	0.02853	0.00659	0
LBX2-AS1	0.08531	0.01148	0
LCA5	0.0071	0.00098	0
LCA5L	0.00748	0.00021	0
LCAT	0.02672	0.02795	0
LCK	0.03741	0.47365	1.00522
LCLAT1	0.08878	0.0248	0.03302
LCMT1	0.08712	0.13798	0.40286
LCMT2	0.00629	0.00639	0.0169
LCN12	0.08772	0.0086	0.00099
LCN15	0.00077	0	0
LCN2	0.0575	0.01192	0.00063
LCNL1	0.00234	0.00024	0
LCOR	0.30495	0.25286	0.31876
LCORL	0.10617	0.12471	0.06631
LCP1	0.23894	1.51098	2.68417
LCP2	0.0134	0.23871	0.35196
LCTL	0.04309	0.03632	0.01861
LDB1	0.05679	0.05583	0.11328
LDB2	0.00794	0.01845	0.03615
LDB3	0.06983	0.06892	0.08525
LDHA	1.10025	0.50826	1.45591
LDHB	0.03519	0.47544	1.03956
LDHC	0.0039	0.00014	0
LDHD	0.14055	0.02465	0.00634
LDLR	0.45955	0.37431	0.52909
LDLRAD1	0.02601	0.01645	0.01096
LDLRAD3	0.00336	7e-05	0
LDLRAD4	0.08953	0.04937	0.01078
LDLRAP1	0.06928	0.06562	0.01145
LDOC1	0.01149	0.00464	0.0196
RTL6	0.01084	0.01916	0.01618
LEAP2	0.33602	0.04945	0.03725
LECT2	0.08229	0.00577	0.00108
LEF1	0.03492	0.06892	0.05994
LEF1-AS1	0.00313	0.00127	0
LEKR1	0.01561	0.00966	0.00714
LEMD1-AS1	0.00595	0.00702	0.00232
LEMD2	0.12215	0.07054	0.0855
LEMD3	0.07936	0.09905	0.11939
LENG1	0.02337	0.05226	0.09129
LENG8	0.28135	0.19599	0.09888
LENG8-AS1	0.00819	0.0092	0.01121
LEO1	0.23084	0.1653	0.22494
LEP	0.01353	0.01358	0.01045
LEPR	0.69308	0.3668	0.28725
LEPROT	0.22311	0.16432	0.11137
LEPROTL1	0.06615	0.2204	0.26089
LETM1	0.19427	0.12095	0.14023
LETM2	0.04355	0.07886	0.0327
LETMD1	0.3131	0.15281	0.19645
LFNG	0.01228	0.07083	0.01991
LGALS1	0.25329	0.84986	0.91155
LGALS2	0.01712	0.11508	0.11357
LGALS3	0.06141	0.23873	0.11
LGALS3BP	0.51871	0.16741	0.05294
LGALS4	0.41989	0.11882	0.06197
LGALS8	0.37551	0.30589	0.29566
LGALS9	0.04563	0.2461	0.20999
LGALS9C	0.00899	0.0064	0.00153
LGALSL	0.054	0.01799	0.00511
LGI2	0.00273	0.02481	0
LGI3	0.00918	0.00415	0
LGI4	0.02447	0.01701	0.00043
LGMN	0.12935	0.43984	0.02182
LGR4	0.15371	0.01547	0.00037
LGR5	0.04457	0.00191	0
LGR6	0.00214	0.01119	0
LGSN	0.1599	0.09604	0.03577
LHFPL6	0.02022	0.00943	0.00969
LHFPL2	0.04861	0.06635	0.01156
LHFPL4	0.01607	0.00116	0
LHFPL5	0.01038	0.0191	0.02012
LHPP	0.22048	0.09269	0.02948
LHX4	0.00408	0	0
LHX6	0.00425	0	0
LIAS	0.12991	0.12606	0.08446
LIFR	0.0736	0.00251	0.00083
LIFR-AS1	0.02275	0.02796	0.01404
LIG1	0.20855	0.18204	0.60843
LIG3	0.06528	0.05849	0.01783
LIG4	0.04702	0.0594	0.04306
LILRA1	0.00033	0.02131	0.00043
LILRA2	0.00095	0.00819	0
LILRA4	6e-04	0.01548	0.00139
LILRA5	0.00663	0.0259	0.00084
LILRA6	0.00209	0.02734	0
LILRB1	0.10545	0.32364	0.13304
LILRB2	0.01054	0.12711	0.00566
LILRB3	0.19169	0.21795	0.12412
LILRB4	0.00817	0.08474	0
LILRB5	0.0071	0.09017	0
LIMA1	0.08933	0.11957	0.20137
LIMCH1	0.17104	0.01749	0.00457
LIMD1	0.19918	0.19998	0.19899
LIMD1-AS1	0.00098	0.00176	0.01346
LIMD2	0.00693	0.12829	0.19941
LIME1	0.33968	0.2722	0.34917
LIMK1	0.03273	0.06306	0.07297
LIMK2	0.06584	0.07231	0.08404
LIMS1	0.53844	0.66842	0.70794
LIMS2	0.11916	0.02519	0.04696
LIN28A	0.06284	0.05606	0.04822
LIN28B	0.03264	0.00084	0
LIN37	0.09004	0.0386	0.08033
LIN52	0.0931	0.0825	0.2107
LIN54	0.04697	0.04178	0.12992
LIN7A	0.22931	0.03866	0.00144
LIN7B	0.04717	0.06256	0.02642
LIN7C	0.17612	0.08917	0.07386
LIN9	0.01687	0.01853	0.11735
LINC-PINT	0.06147	0.16944	0.21547
LINC-ROR	0.00216	0	0
LINC00092	0.00394	0.00752	0.00103
BRD3OS	0.03108	0.02676	0.0101
LINC00102	0.01064	0.01228	0.00294
LINC00115	0.0264	0.02152	0.05217
MTLN	0.09132	0.0695	0.10393
LINC00167	0.00259	0.00611	0.02326
LINC00173	0.00574	0.0336	0
LINC00174	0.04436	0.01524	0.00066
C20orf204	0.0368	0.00374	0.00119
LINC00189	0.05193	0.01424	0.00056
FAM238B	0.00187	0.00026	0
LINC00211	0.00223	0.00157	0
CCDC196	0.00251	0.00028	0.00132
LINC00240	0.02125	0.00437	0.00539
LINC00243	0.1109	0.1263	0.12271
LINC00261	0.38278	0.07986	0.01078
LINC00265	0.00848	0.01484	0.01172
LINC00266-1	0.00374	0.00106	0
LINC00269	0.00862	0.00589	0.00114
LINC00276	0.0113	0.0092	0.00361
LINC00278	0.00374	0.0014	0
LINC00299	0.01247	0.006	0.00163
LINC00309	7e-04	0.01109	0.00196
LINC00310	0.00224	1e-04	0
LINC00311	0.24924	0.22535	0.14614
LINC00314	0.0019	0.00244	0.00246
LINC00319	0.00246	0.00183	0
LINC00324	0.0171	0.04344	0.10538
LINC00327	0.08328	0.09372	0.06134
LINC00330	0.09738	0.07165	0.05688
LINC00331	0.00349	0.00161	0.00284
LINC00333	0.00189	0	0
LINC00336	0.00112	0.00286	0.00215
LINC00337	0.0066	0.00806	0.00095
LINC00339	0.03844	0.04322	0.02634
LINC00342	0.27675	0.37316	0.29964
LINC00346	0.01835	0.01681	0.00357
LINC00348	0.01608	0.00059	0
LINC00351	0.01116	0.00138	0
LINC00365	0.00409	0.00277	0
LINC00368	0.01765	0.0207	0.00513
C13orf42	0.00207	0.00106	0.00066
LINC00381	0.00811	0.00191	0.00917
LINC00397	0.002	0	0
LINC00402	0.00525	0.00557	0
LINC00410	0.00302	0.00467	0.00191
LINC00426	0.0021	0.02207	0.03148
RB1-DT	0.00412	0.00048	0.03108
LINC00449	0.05227	0.03956	0.04088
LINC00458	0.00368	0.00161	0.00078
LINC00466	0.00123	0.00151	0.0044
LINC00467	0.13462	0.06363	0.09943
LINC00470	0.27381	0.17316	0.08929
LINC00471	0.00579	0.00951	0.00869
LINC00472	0.07945	0.02709	0.0042
LINC00476	0.60861	0.54082	0.35111
LINC00479	0.00441	0.00114	0
LINC00482	0.02919	0.01125	0.00362
ANKRD40CL	0.13871	0.13247	0.06731
LINC00485	0.07863	0.05941	0.01725
LINC00488	0.00428	0.00041	0.00093
LINC00491	0.01376	0.00468	0
SMIM26	0.27923	0.17573	0.21865
LINC00501	0.00234	0.00084	0
LINC00504	2.04296	2.02347	1.68078
LINC00507	0.00516	0.0025	0
LINC00508	0.00057	0.0026	0
LINC00511	0.00362	0.00081	0
LINC00514	0.14259	0.15397	0.09853
LINC00524	0.00082	0.00046	0.00037
LINC00526	0.02699	0.01163	0.00357
LINC00528	0.01194	0.0326	0.04357
LINC00535	0.00333	0.00015	0
LINC00543	0.00566	6e-05	0
LINC00559	0.02781	0.02402	0.01184
LINC00562	0.08434	0.08239	0.06748
LINC00564	0.00041	0	0.00076
LINC00566	0.00799	0.00652	0.00798
LINC00574	0.12835	0.09585	0.07044
LINC00578	0.05428	0.04973	0.02434
LINC00582	0.00108	0.04938	0.00033
LINC00598	0.00351	0.00306	0.00209
LINC00605	0.00144	0	0.00086
LINC00618	0.00435	0.00092	0
LINC00622	0.00956	0.00048	0
LINC00630	0.0065	0.01415	0.00343
LINC00632	0.13706	0.13408	0.10282
LINC00637	0.08418	0.08079	0.04049
LINC00638	0.02722	0.01647	0.00445
LINC00639	0.00409	0.00729	0.00226
LINC00640	0.00172	0	0
LINC00641	0.03357	0.03198	0.00274
LINC00648	0.018	0.00014	0
LINC00649	0.06326	0.05887	0.03577
LINC00652	0.00534	0.00655	0.00185
LINC00659	0.00524	0.00231	0
LINC00662	0.012	0.01628	0.01183
LINC00663	0.17334	0.15757	0.15651
LINC00664	0.01512	0.00439	0.00129
LINC00665	0.22562	0.18066	0.14543
LINC00667	0.15598	0.07025	0.07207
LINC00668	0.00226	0	0
LINC00670	0.00526	0.00423	0.0019
LINC00671	0.01008	0.003	0.00243
LINC00672	0.0949	0.09595	0.1414
LINC00674	0.42062	0.21918	0.18659
LINC00678	0.0044	0.00551	0.00343
LINC00680	0.02827	0.01098	0.01769
LINC00689	0.00508	0.00181	0
LINC00691	0.02767	0.01997	0.01296
C3orf86	0.00144	0.00067	0.00679
LINC00700	0.00112	0.00101	0.0011
MANCR	0.00055	0	0
LINC00838	0.00391	0.0027	0
LINC00839	0.02829	0.01975	0.00853
LINC00844	0.02988	0.00419	0.00086
LINC00847	0.01898	0.05232	0.00787
LINC00853	0.03075	0.00463	0.0341
LINC00857	0.02091	0.00545	0
LINC00858	0.01371	0.00095	0
LINC00861	0.00428	0.10985	0.09523
LINC00862	0.00288	4e-04	0
LINC00863	0.01089	0.00457	0.04079
LINC00864	0.11009	0.07467	0.0493
LINC00868	0.00064	0	0.00025
LINC00623	0.01498	0.00511	0.0056
LINC00870	0.00749	0	0
LINC00877	3e-04	0.00543	0.01793
LINC00880	0.00026	0.00672	0.00092
LINC00881	0.00225	0.00483	0
LINC00884	0.01354	0.0038	0
LINC00885	0.00737	0.00317	0
LINC00886	0.02396	0.00384	0
LINC00887	0.00501	0.00258	0.00369
LINC00888	0.04679	0.05469	0.01556
SERTM2	0.04687	0.00435	0
LINC00892	0.00217	0.05024	0.12581
LINC00893	0.01061	0.01272	0
LINC00894	0.0208	0.02062	0.00127
LINC00899	0.00586	0.00374	0
LINC00900	0.00418	0.00607	0.00148
LINC00904	0.00087	0.00115	0.00222
LINC00907	0.00475	0.00392	0
LINC00908	0.00229	0.00507	0.00198
LINC00909	0.16388	0.16896	0.08355
LINC00910	0.08154	0.08028	0.08496
LINC00923	0.02116	0.01588	0.00096
LINC00924	0.2584	0.23873	0.14407
LINC00926	0.00719	0.02574	0.00815
LINC00927	0.04045	0.03668	0.02144
LINC00933	0.00381	0.00215	0.00378
AC008124.1	0.02386	0.03292	0.0723
LINC00939	0.0139	0.00068	0.0028
LINC00941	0.00617	0.00567	0.00797
LINC00942	0.08433	0.0338	0.03567
LINC00944	0.00909	0.00246	0.01046
LINC00957	0.01335	0.01841	0.01568
LINC00958	0.07933	0.03435	0.02741
C10orf143	0.00841	0.01074	0.00241
LINC00960	0.0023	0.00094	0
LINC00963	0.01426	0.01547	0.04592
LINC00964	0.04454	0.03599	0.02271
LINC00967	0.00378	0	0
MUC20-OT1	0.02799	0.01822	0.02329
LINC00970	0.00735	0.00869	0.00768
LINC00971	0.08247	0.09686	0.1043
LINC00987	0.00579	0.01227	0.05227
LINC00989	4e-04	0	0
LINC00992	0.0031	0.00245	3e-04
LINC00996	0.00544	0.02761	0.00144
SMIM30	0.04189	0.06281	0.07044
LINC01003	0.01724	0.00815	0.02581
LINC01004	0.23642	0.14748	0.09199
LINC01006	0.01296	0.00102	0
LINC01010	0.00415	0.0027	0
LINC01011	0.02076	0.0231	0.00302
LINC01016	0.00321	0.00464	0
LINC01018	0.07003	0.02215	0.00969
LINC01019	0.00409	0.00531	0
PURPL	0.00258	0.00103	0.00149
LINC01022	0.12357	0.12182	0.11321
LINC01023	0.02723	0.02092	0
MALINC1	0.0134	0.00542	0
LINC01030	0.0029	0.00118	0
LINC01039	0.00224	0.00019	0.00184
LINC01044	0.0053	0.00681	0.00298
LINC01047	0.00283	0.00175	0
SLC44A3-AS1	0.0621	0.02425	0.02584
LINC01063	0.00172	0.00295	0.00033
LINC01087	0.00472	0.00358	0
LINC01091	0.00208	0	0
LINC01094	0.32992	0.29428	0.18167
LINC01099	0.00231	0.00323	0.00396
LINC01104	0.0057	0.0127	0.00403
LINC01105	0.22165	0.19165	0.10246
LINC01106	0.01551	0.00021	0
LINC01119	0.00364	0	0
LINC01122	0.11196	0.11138	0.06721
LINC01124	0.06009	0.00232	0.00105
C2orf92	0.01633	0.01188	0
LINC01128	0.04413	0.04782	0.02063
LINC01132	0.00254	0.00078	0.01651
LINC01133	0.06702	0.03396	0.0375
LINC01134	0.00474	0.00956	0.00342
LINC01135	3e-05	0.00742	0
LINC01136	0.00273	0.01201	0.02086
LINC01137	0.03432	0.00633	0
LINC01139	0.00766	0	0
LINC01140	0.00479	0.00398	0
LINC01141	0.03138	0.02546	0.01197
LINC01146	0.0202	0.00565	0.00087
LINC01150	0.00209	0.00448	0.00049
LINC01151	0.00824	0.00463	0
LINC01152	0.00804	0.00263	0.00092
PANTR1	0.00193	0.00095	0
LINC01160	0.11333	0.11154	0.10054
LINC01170	0.0017	0.00144	0.00432
LINGO1	0.00404	0.00092	0
LIPA	0.21744	0.42914	0.07419
LIPC	0.26115	0.0653	0.02008
LIPE	0.00239	0.00459	0.00164
LIPG	0.08685	0.01233	0
LIPT1	0.04676	0.03629	0.03985
LIPT2	0.01006	0.00359	0
LITAF	0.71907	0.73502	0.78082
LIX1	0.00288	0.00113	0
LL22NC01-81G9.3	0.00075	0.00369	0.00055
LL22NC03-63E9.3	0.08443	0.09007	0.03688
LLGL1	0.00664	0.01435	0.00478
LLGL2	0.13869	0.05657	0.01276
LLPH	0.1983	0.23375	0.36243
LMAN1	0.59131	0.66195	0.69518
LMAN2	0.78442	0.54165	0.5477
LMAN2L	0.1146	0.04631	0.07067
LMBR1	0.05997	0.03308	0.01482
LMBR1L	0.04347	0.03021	0.0415
LMBRD1	0.17214	0.12532	0.06158
LMBRD2	0.0901	0.05578	0.02278
LMCD1	0.01228	0.00704	0.00076
LMCD1-AS1	0.0106	0.00783	0.01887
LMF1	0.05649	0.09601	0.00794
LMF2	0.24859	0.21309	0.45119
LMLN	0.14513	0.11979	0.05936
LMNA	0.47092	0.20864	0.09628
LMNB1	0.04682	0.09125	0.74571
LMNB2	0.01843	0.0269	0.17021
LMO2	0.00365	0.0415	0.03797
LMO4	0.19214	0.23332	0.314
LMO7	0.36705	0.08474	0.19161
LMOD1	0.02826	0.01909	0.00502
LMTK2	0.09915	0.05583	0.14377
LMTK3	0.00453	0.004	0.00044
LMX1B	0.00747	0.00707	0.00195
LNP1	0.0046	0.0054	0.03097
LNPEP	0.03557	0.11963	0.16229
LNX1	0.00896	0.00106	0
LNX2	0.08199	0.03287	0.00346
LOH12CR2	0.08951	0.11877	0.1254
LONP1	0.26244	0.11984	0.15449
LONP2	0.40212	0.29241	0.31335
LONRF1	0.02344	0.02483	0.00418
LONRF2	0.06266	0.00888	0.00052
LONRF3	0.06261	0.01596	0.02908
LOX	0.00747	0	0
LOXL1-AS1	0.00203	0.00049	0
LOXL2	0.00226	0.00295	0.03334
LOXL3	0.00065	0.01047	0
LOXL4	0.22803	0.02385	0.01352
LPA	0.04412	0.00255	0
LPAL2	0.10846	0.09387	0.05131
LPAR2	0.01677	0.07146	0.08559
LPAR3	0.00742	0.00235	0
LPAR5	6e-05	0.01809	0.04444
LPAR6	0.0156	0.19801	0.06864
LPCAT1	0.1227	0.1305	0.05256
LPCAT2	0.05798	0.05031	0.02284
LPCAT3	0.13055	0.03688	0.07708
LPCAT4	0.0106	0.02429	0.01803
LPGAT1	0.55524	0.16635	0.19727
LPIN1	0.64413	0.52056	0.55775
LPIN2	0.51323	0.29157	0.38981
LPIN3	0.21956	0.03465	0.00104
LPL	0.00205	0.04948	0
LPP	1.29902	1.13269	1.0236
LPP-AS2	0.03866	0.03318	0.01895
LPXN	0.04807	0.22304	0.5244
LRAT	0.66367	0.5951	0.37327
LRBA	0.1696	0.24809	0.40624
LRCH1	0.07581	0.09351	0.10523
LRCH3	0.04938	0.05715	0.1081
LRCH4	0.00258	0.00338	0.00295
LRFN1	0.0092	0.00835	0
LRFN3	0.0142	0.00785	0.01693
LRFN4	0.00212	0.00952	0.00595
LRG1	0.60752	0.16763	0.06835
LRGUK	0.00415	0.0057	0
LRIF1	0.12732	0.1314	0.14518
LRIG1	0.10566	0.0355	0.03607
LRIG2	0.02437	0.04655	0.00402
LRIG3	0.03807	0.00403	5e-04
LRMP	0.01015	0.23041	0.4827
LRP1	0.48942	0.21897	0.00815
LRP10	0.42095	0.57402	0.70286
LRP11	0.09538	0.01868	0.00295
LRP12	0.02737	0.01682	0.00241
LRP1B	0.05391	0.00624	0
LRP2	0.0065	0.00189	0
LRP2BP	0.08491	0.09791	0.06619
LRP3	0.06634	0.01844	0.04123
LRP4	0.00736	0	0
LRP4-AS1	0.00291	0.00449	0.00017
LRP5	0.1046	0.00421	0.00835
LRP5L	0.02949	0.01358	0.00568
LRP6	0.19548	0.02573	0.00044
LRP8	0.00679	0.04159	0.07615
LRPAP1	0.68606	0.52856	0.57681
LRPPRC	0.50369	0.24192	0.28526
LRR1	0.01743	0.0187	0.22139
LRRC1	0.03407	0.01277	0.01075
LRRC14	0.06745	0.04507	0.09242
LRRC17	0.00672	0.00077	0
LRRC19	0.00198	0.00115	0
LRRC2	0.38968	0.22791	0.17577
LRRC20	0.17475	0.04937	0.11695
LRRC23	0.0111	0.02054	0.01876
LRRC24	0.04793	0.02397	0.00099
LRRC25	0.0056	0.06012	0.00242
LRRC26	0.00229	0.00055	0
LRRC27	0.3456	0.31858	0.25639
LRRC28	0.23036	0.175	0.16727
LRRC29	0.01611	0.00557	0.00175
LRRC3	0.01015	0.00859	0.00305
LRRC31	0.08414	0.01272	0
LRRC32	0.00826	0.00207	0
LRRC34	0.00259	4e-04	0
LRRC37A	5e-04	0.00184	0.00043
LRRC37A11P	0.00799	0.01365	0.01407
LRRC37A2	0.00644	0.01162	0.00851
LRRC37A3	0.01499	0.00965	0.02747
LRRC37A4P	0.06888	0.20533	0.29085
LRRC37A6P	0.02215	0.01435	0.01403
LRRC37B	0.01705	0.02057	0.02022
LRRC39	0.00709	0.00345	0
LRRC40	0.09109	0.04661	0.09479
LRRC41	0.08175	0.04099	0.03949
LRRC42	0.08998	0.02625	0.02059
LRRC45	0.14138	0.05929	0.06668
LRRC46	0.00986	0.0062	0.00126
LRRC47	0.29769	0.19454	0.16561
LRRC49	0.01386	0.00516	0.00044
LRRC56	0.01825	0.00952	0
LRRC57	0.22293	0.17374	0.17187
LRRC58	0.8686	0.76241	0.62861
LRRC59	0.2254	0.15605	0.25012
LRRC6	0.03946	0.014	0.00167
LRRC61	0.05335	0.02146	0.02962
LRRC63	0.00374	0.00019	0.00212
LRRC69	0.00985	0.00232	0.02809
LRRC7	0.01037	0	0
LRRC73	0.00188	0.00558	0
LRRC8A	0.12808	0.03236	0.04657
LRRC8B	0.10142	0.11233	0.11437
LRRC8C	0.00629	0.04144	0.05436
LRRC8D	0.10179	0.03495	0.07522
LRRC8E	0.01833	0.03025	0.00521
LRRCC1	0.05452	0.06196	0.26707
LRRFIP1	0.84249	1.25156	2.07321
LRRFIP2	0.12908	0.11651	0.09516
LRRIQ1	0.00769	0.00304	0
LRRIQ3	0.00082	0	0
LRRK1	0.00425	0.10273	0.17548
LRRK2	0.08621	0.11429	0.11416
LRRN2	0.00261	0.00094	0
LRRN3	0.00136	0.01322	0
LRRN4CL	0.09692	0.07351	0.06086
LRRTM2	0.00075	0.00318	0.00793
LRSAM1	0.06315	0.07773	0.09681
LRTOMT	0.04127	0.03962	0.03874
LRWD1	0.00447	0.00372	0.00971
LSAMP-AS1	0.00218	0	0
LSG1	0.29209	0.26237	0.43802
LSM1	0.05264	0.07252	0.21803
LSM10	0.15413	0.22971	0.31188
LSM11	0.26667	0.24811	0.18811
LSM12	0.22012	0.16045	0.38616
LSM14A	0.21873	0.2031	0.50635
LSM14B	0.09461	0.05774	0.16464
LSM2	0.224	0.16831	0.58203
LSM3	0.40254	0.30419	0.8374
LSM4	0.3613	0.15043	0.46709
LSM5	0.13089	0.12153	0.46797
LSM6	0.04833	0.07648	0.19206
LSM7	0.20071	0.36688	0.87054
LSMEM1	0.01332	0.00731	0
LSMEM2	6e-04	0.00013	0
LSP1	0.01718	0.25997	0.31401
LSR	0.163	0.04783	0.0355
LSS	0.22832	0.04563	0.08005
LST1	0.0184	0.19018	0.16208
LTA	0.00503	0.08138	0.10145
LTA4H	0.1148	0.10628	0.13095
LTB	0.04836	0.52044	0.24692
LTB4R	0.05554	0.05077	0.02441
LTB4R2	0.00168	0.01262	0.00125
LTBP1	0.02574	0.00152	0
LTBP2	0.01419	0.02261	0.00119
LTBP3	0.21983	0.0843	0.02044
LTBP4	0.02064	0.01914	0.00994
LTBR	0.30242	0.13344	0.01422
LTC4S	0.0032	0.04365	0.0058
LTK	0.00091	0.00431	0.02457
LTN1	0.15421	0.17535	0.24376
LTV1	0.21495	0.14954	0.32844
LUC7L	0.13053	0.21631	0.31702
C7orf55-LUC7L2	0.00457	0.0118	0.03265
LUC7L3	1.27968	1.04477	1.1494
LUCAT1	0.11818	0.08122	0.02153
LURAP1	0.0031	0.00257	0.00711
LURAP1L	0.03565	0.01044	0.00353
LUZP1	0.13998	0.15775	0.24244
LUZP2	0.00388	0.00588	0
LXN	0.00093	0.01972	0.04058
LY6E	0.05452	0.09392	0.09667
LY6G5B	0.00255	0.00296	0.00049
LY6G5C	0.01236	0.02267	0.00852
LY6K	0.13176	0.05273	0.00738
LY75	0.00688	0.03483	0.05943
LY86	0.0059	0.05125	0.08537
LY86-AS1	0.00163	0.00198	0.00222
LY9	0.00418	0.10474	0.17293
LY96	0.02215	0.10819	0.02199
LYAR	0.0837	0.09358	0.25515
LYG1	0.01829	0.01096	0.01582
LYG2	0.00083	0.00012	0.00037
LYL1	0.01244	0.13374	0.17126
LYN	0.0363	0.17851	0.15697
LYNX1	0.20297	0.04026	0.00396
LYPD1	0.00786	0.00425	0
LYPD3	0.00701	0.00312	0.00172
LYPD5	0.00413	0.00362	0
LYPD6	0.00587	0	0
LYPLA1	0.18277	0.13927	0.22487
LYPLA2	0.24763	0.19067	0.23207
LYPLAL1	0.17901	0.03855	0.01094
LYRM1	0.16583	0.08411	0.08817
LYRM2	0.34951	0.34264	0.45548
LYRM4	0.17835	0.0756	0.26255
LYRM7	0.58659	0.48325	0.52725
LYRM9	0.02548	0.01962	0.0041
LYSMD1	0.04704	0.0063	0.00358
LYSMD2	0.03264	0.02145	0.03468
LYSMD3	0.11297	0.13118	0.07477
LYSMD4	0.03013	0.00869	0.0061
LYST	0.26581	0.64088	0.73985
LYVE1	0.00853	0.03177	0
LYZ	0.3009	0.3485	0.20899
LZIC	0.3313	0.22488	0.27481
LZTFL1	0.01544	0.03187	0.02348
LZTR1	0.11964	0.08766	0.06809
LZTS1	0.00256	0.00482	0.00855
LZTS2	0.05159	0.03409	0.00037
LZTS3	0.0766	0.02093	0
M1AP	0.00475	0.00614	0
M6PR	0.14933	0.34482	0.71057
MAATS1	0.03012	0.00972	5e-04
MAB21L2	0.00192	0.00049	0
MAB21L3	1.34279	1.05605	0.76803
MACC1	0.21282	0.21666	0.12714
MACF1	0.66117	0.94559	1.26201
MACROD1	0.06499	0.02258	3e-04
MACROD2	0.058	0.00171	0.01313
MAD1L1	0.09892	0.13973	0.35444
MAD2L1	0.01559	0.01877	0.29629
MAD2L1BP	0.03806	0.02668	0.01996
MAD2L2	0.23827	0.12356	0.56512
MADD	0.09306	0.09618	0.21654
MAEA	0.1918	0.11582	0.07037
MAF	0.22834	0.4967	0.17286
MAF1	0.19118	0.17097	0.28627
MAFA	0.02219	0.00451	0.01991
MAFB	0.11354	0.35887	0.043
MAFF	0.0843	0.11333	0.13438
MAFG	0.14958	0.05878	0.01397
MAFG-DT	0.04405	0.02176	0.00089
MAFK	0.03793	0.02866	0.02994
MAGEA1	0.02998	0.00914	0
MAGEA10	0.00294	0.00312	0.00263
MAGEA12	0.00364	0.00024	0
MAGEA3	0.00604	0.00143	0
MAGEA6	0.00396	0.00407	0
MAGEB10	0.07096	0.07829	0.03605
MAGEB2	0.03515	0.00609	0.00044
MAGEC1	0.00347	0.00805	0.00025
MAGEC2	0.00812	0.0056	0
MAGED1	0.55863	0.27413	0.23866
MAGED2	0.22231	0.19767	0.11669
MAGEE1	0.0115	0.00024	0.0588
MAGEF1	0.078	0.03511	0.02948
MAGEH1	0.02716	0.05822	0.0439
MAGI1	0.1595	0.03295	0.0037
MAGI2	0.01476	0.00259	0
MAGI2-AS3	0.03961	0.01433	0.00377
MAGI3	0.18448	0.06125	0.05837
MAGOH	0.04708	0.053	0.07521
MAGOHB	0.07891	0.06649	0.12822
MAGT1	0.55862	0.41624	0.5102
MAK	0.00225	0.00146	0
MAK16	0.03216	0.05718	0.08021
MAL2	0.09813	0.01458	0
MALAT1	5.14521	5.73519	4.92589
MALL	0.00489	0.00367	0.00772
MALSU1	0.22143	0.07705	0.16249
MALT1	0.11667	0.19861	0.29717
MAMDC4	0.04016	0.03768	0.06998
MAML1	0.03825	0.03385	0.03106
MAML2	0.03493	0.09019	0.02789
MAML3	0.03961	0.05226	0.0049
MAMLD1	0.01331	0.00507	0
MAMSTR	0.00923	0.00256	0.00331
MAN1A1	0.60738	0.47514	0.42648
MAN1A2	0.50605	0.72284	0.63986
MAN1B1	0.22276	0.12173	0.15604
MAN1C1	0.0843	0.02297	0.04309
MAN2A1	0.56856	0.33212	0.31506
MAN2A2	0.29801	0.15722	0.12826
MAN2B1	0.11583	0.38725	0.29429
MAN2B2	0.20893	0.16286	0.12169
MAN2C1	0.27779	0.17927	0.1933
MANBA	0.06614	0.08699	0.10482
MANBAL	0.18344	0.09461	0.07593
MANEA	0.1124	0.14367	0.15114
MANEA-DT	0.0077	0.02702	0.01068
MANEAL	0.15444	0.09208	0.01394
MANF	0.36312	0.2706	0.3801
MANSC1	0.01956	0.00503	0.0116
MAOA	0.45222	0.09738	0.04274
MAOB	0.35713	0.09299	0.00548
MAP10	0.02889	0.00875	0.01084
MAP1A	0.02256	0.01498	0.01991
MAP1B	0.02776	0.00766	0.03556
MAP1LC3A	0.06388	0.03309	0.03516
MAP1LC3B	0.17866	0.29826	0.2588
MAP1LC3C	0.00117	0.00265	0
MAP1S	0.04463	0.05222	0.12211
MAP2	0.24515	0.05228	0.01692
MAP2K1	0.04924	0.04589	0.10595
MAP2K2	0.29747	0.31697	0.55942
MAP2K3	0.10325	0.16828	0.20978
MAP2K4	0.09704	0.08522	0.17474
MAP2K5	0.04621	0.0443	0.02901
MAP2K6	0.26719	0.18018	0.15803
MAP2K7	0.11018	0.09754	0.11621
MAP3K1	0.0951	0.20566	0.19964
MAP3K10	0.01335	0.01425	0.01865
MAP3K11	0.42432	0.16813	0.28289
MAP3K12	0.01068	0.02017	0.01684
MAP3K13	0.45948	0.22436	0.16992
MAP3K14	0.07657	0.1042	0.12659
MAP3K14-AS1	9e-05	0.01293	0
MAP3K15	0.03859	0.0299	0.01234
MAP3K2	0.43293	0.37057	0.35586
MAP3K3	0.08497	0.14765	0.24739
MAP3K4	0.13479	0.09385	0.08579
MAP3K5	0.0822	0.17483	0.40005
MAP3K6	0.02027	0.03025	0.02348
MAP3K7	0.2059	0.12286	0.18265
MAP3K7CL	0.01777	0.01066	0.01352
MAP3K8	0.06491	0.11196	0.14634
MAP3K9	0.34874	0.2865	0.24476
MAP4	0.43689	0.37544	0.44971
MAP4K1	0.03389	0.32281	0.8171
MAP4K2	0.05675	0.0408	0.07169
MAP4K3	0.12172	0.07748	0.01878
MAP4K4	0.48328	0.30551	0.72832
MAP4K5	0.12642	0.1415	0.11967
MAP6	0.04165	0.00568	0.00056
MAP6D1	0.00605	0.0052	0.02143
MAP7	0.13573	0.05184	0.01621
MAP7D1	0.06341	0.15034	0.25722
MAP7D2	0.01331	0.00397	0
MAP7D3	0.06711	0.15181	0.18292
MAP9	0.00368	0.0381	0.01263
MAPK1	0.22607	0.16342	0.15874
MAPK10	0.03165	0.0111	0.00255
MAPK11	0.06753	0.02645	0.03686
MAPK12	0.12722	0.05575	0.0394
MAPK13	0.23706	0.28263	0.30429
MAPK14	0.30795	0.18047	0.25124
MAPK1IP1L	0.17578	0.24126	0.35255
MAPK3	0.04408	0.04117	0.06607
MAPK4	0.00565	0.00215	0
MAPK6	0.39699	0.20002	0.27349
MAPK7	0.01599	0.03662	0.04321
MAPK8	0.12046	0.05179	0.07359
MAPK8IP1	0.04331	0.01185	0
MAPK8IP2	0.08781	0.021	0
MAPK8IP3	0.05208	0.07573	0.01157
MAPK9	0.08656	0.06578	0.11099
MAPKAP1	0.14395	0.22365	0.52999
MAPKAPK2	0.3334	0.32935	0.3455
MAPKAPK3	0.0678	0.09255	0.15848
MAPKAPK5	0.07586	0.05196	0.05083
MAPKAPK5-AS1	0.07128	0.07284	0.09777
MAPKBP1	0.09247	0.0692	0.07455
MAPRE1	0.08918	0.14572	0.4675
MAPRE2	0.07808	0.17785	0.20102
MAPRE3	0.01482	0.00679	0
MAPT	0.0405	0.00108	0.03281
MARCKSL1	0.06697	0.07742	0.04047
MARCO	0.00315	0.01777	0.04067
MARK1	0.00493	0.00013	0
MARK2	0.08953	0.15669	0.15912
MARK3	0.31589	0.39598	0.4973
MARK4	0.05997	0.03645	0.06429
MARS	0.18833	0.28152	0.24592
MARS2	0.01876	0.01666	0.00245
MARVELD1	0.01168	0.02294	0.02753
MARVELD2	0.06206	0.01269	0.00281
MARVELD3	0.31521	0.24044	0.18441
MASP1	0.28286	0.04133	0.02284
MASP2	0.29027	0.01108	0.00189
MAST1	0.00911	0.00282	0
MAST2	0.09491	0.03271	0.16017
MAST3	0.22218	0.14428	0.14096
MAST4	0.19522	0.10079	0.06226
MASTL	0.20097	0.20185	0.34276
MAT1A	1.70993	0.38757	0.13408
MAT2A	0.32648	0.25854	0.37173
MAT2B	0.1541	0.18329	0.25309
MATK	0.00759	0.13807	0.14426
MATN1	0.0015	0.00509	0
MATN1-AS1	0.00714	0.00615	0.0014
MATN2	0.0645	0.01584	0
MATN3	0.00828	0.00024	0
MATR3	0.6837	0.80008	1.3447
MAU2	0.21712	0.17485	0.17877
MAVS	1.07971	0.78904	0.63204
MAX	0.08387	0.13241	0.12032
MAZ	0.09452	0.04807	0.08622
MB	0.00038	0	0
CGAS	0.00648	0.04716	0.13456
MB21D2	4e-04	0.01218	0.00063
MBD1	0.11848	0.10389	0.12088
MBD2	0.13446	0.42088	0.74511
MBD3	0.26358	0.23298	0.33825
MBD4	0.17098	0.28337	0.30042
MBD5	0.02315	0.03619	0.0099
MBD6	0.1169	0.11887	0.1103
MBIP	0.04171	0.05263	0.12259
MBL1P	0.01166	0.00035	0
MBL2	0.05794	0.00356	0
MBLAC1	0.00947	0.01342	0.02686
MBLAC2	0.01916	0.01588	0.00264
MBNL1	0.30319	0.76096	1.23119
MBNL1-AS1	0.00265	0.01843	0.00187
MBNL2	0.13753	0.18522	0.15649
MBNL3	0.48363	0.10764	0.23199
MBOAT1	0.0841	0.05694	0.02869
MBOAT2	0.26581	0.21911	0.18436
MBOAT7	0.17276	0.13056	0.15763
MBP	0.20352	0.27294	0.37494
MBTD1	0.08552	0.06031	0.10497
MBTPS1	0.23389	0.20875	0.21766
MBTPS2	0.10021	0.03895	0.01236
MC1R	0.00907	0.00825	0.00633
MC2R	0.02079	0.03049	0.00889
MCAM	0.05189	0.03498	0.01181
MCAT	0.05233	0.01554	0.01678
MCC	0.01538	0.02327	0.02961
MCCC1	0.20655	0.0983	0.10739
MCCC2	0.18928	0.1417	0.11538
MCCD1	0.00548	0.00029	0
MCEE	0.03056	0.02687	0.03014
MCF2L	0.03243	0.01358	0.03904
MCF2L-AS1	0.00385	0.00035	0.00078
MCF2L2	0.00637	0.01732	0.00196
MCFD2	0.45469	0.19121	0.23236
MCHR1	0.01007	0.00152	0
MCHR2	0.0073	0.0052	0.00089
MCL1	0.47198	1.17005	0.87625
MCM10	0.03162	0.02351	0.2873
MCM2	0.0451	0.02898	0.1659
MCM3	0.17244	0.17271	0.76161
MCM3AP	0.16802	0.18606	0.1824
MCM3AP-AS1	0.0089	0.00378	0
MCM4	0.15363	0.12321	0.75195
MCM5	0.11317	0.19413	0.58149
MCM6	0.0778	0.0711	0.35063
MCM7	0.3335	0.16355	0.88159
MCM8	0.0854	0.0824	0.24222
MCM9	0.04561	0.06648	0.10672
MCMBP	0.0921	0.11455	0.218
MCMDC2	0.01073	0.00264	5e-04
MCOLN1	0.00596	0.00997	0.00408
MCOLN2	0.0272	0.10476	0.13141
MCOLN3	0.00343	0	0
MCPH1	0.06859	0.17828	0.13158
MCRS1	0.11653	0.08339	0.2414
MCTP1	0.0742	0.05789	0.0137
MCTP2	0.02071	0.05981	0.09237
MCTS1	0.63807	0.535	0.7117
MCU	0.0257	0.02477	0.04817
MCUR1	0.34455	0.24028	0.27363
MDC1	0.1554	0.12829	0.26619
MDFIC	0.15251	0.4176	0.37425
MDGA1	0.00989	0.01539	0.00611
MDGA2	0.02754	0.00958	0
MDH1	0.40239	0.21784	0.47546
MDH1B	0.01678	0.00137	0.00215
MDH2	0.48138	0.28983	0.62808
MDK	0.50624	0.13663	0.0313
MDM1	0.05808	0.05783	0.12703
MDM2	0.35705	0.33697	0.41578
MDM4	0.79742	0.8942	1.20274
MDN1	0.35854	0.25283	0.27497
MDS2	0.0011	0.00145	0.00026
ME1	0.2157	0.11465	0.00337
ME2	0.10114	0.21855	0.24803
ME3	0.05921	0.00981	0
MEA1	0.41502	0.232	0.75858
MEAF6	0.33157	0.27049	0.4525
MECOM	0.07779	0.05805	0.00604
MECP2	0.10382	0.12164	0.14081
MECR	0.11003	0.03673	0.09452
MED1	0.19765	0.22275	0.44719
MED10	0.11228	0.09935	0.19339
MED11	0.03513	0.03538	0.07684
MED12	0.06524	0.05782	0.05583
MED12L	0.00305	0.00193	0.00056
MED13	0.39036	0.36073	0.46985
MED13L	0.22946	0.31158	0.35298
MED14	0.08203	0.10429	0.17635
MED15	0.07768	0.16167	0.22278
MED15P9	0.15028	0.12248	0.08758
MED16	0.20489	0.14906	0.31007
MED17	0.06817	0.06879	0.13337
MED18	0.0661	0.06257	0.06313
MED19	0.13695	0.12661	0.18539
MED20	0.041	0.00976	0.01865
MED21	0.04186	0.03414	0.02987
MED22	0.02923	0.04519	0.03933
MED23	0.14339	0.09111	0.08469
MED24	0.31485	0.18349	0.39387
MED25	0.04656	0.03774	0.03207
MED26	0.02961	0.05186	0.05308
MED27	0.01941	0.03738	0.04374
MED28	0.07977	0.07424	0.14458
MED29	0.28147	0.31141	0.39861
MED30	0.03088	0.03667	0.10862
MED31	0.03264	0.04807	0.02313
MED4	0.18636	0.22314	0.57983
MED6	0.13299	0.15379	0.26079
MED7	0.07	0.03349	0.10717
MED8	0.15853	0.08436	0.15096
MED9	0.04383	0.02273	0.00343
MEF2A	0.18391	0.33962	0.24834
MEF2C	0.04893	0.60794	0.53412
MEF2C-AS1	0.03373	0.04088	0.02384
MEF2D	0.06861	0.07579	0.12862
MEFV	0.00584	0.01183	0.0181
MEG3	0.07277	0.06796	0.02495
MEGF6	0.0247	0.02069	0.00166
MEGF8	0.19213	0.09658	0.03434
MEGF9	0.35305	0.20258	0.20294
MEI1	0.00608	0.19436	0.14327
MEI4	0.01104	0.00421	0
MEIG1	0.00272	0	0
MEIOB	0.02788	0.00672	0.00508
MEIS1	0.02573	0.00298	0
MEIS2	0.14092	0.01788	0.00037
MEIS3P1	0.00132	0.00231	5e-04
MELK	0.01626	0.02691	0.40291
MEMO1	0.03108	0.02032	0.02037
MEN1	0.13509	0.07771	0.1572
MEOX2	0.00475	0	0
MEP1A	0.08549	0.00608	0
MEPCE	0.26425	0.17684	0.27778
MERTK	0.04522	0.09682	0.00455
TLNRD1	0.07138	0.04856	0.11091
MESD	0.48197	0.47715	0.60858
MESP1	0.02594	0.01924	0.00295
MESP2	0.00524	0.00386	0
MEST	0.03754	0.00301	0.00034
MET	0.53543	0.06862	0.03559
METAP1	0.08695	0.09864	0.14691
METAP1D	0.04169	0.01884	0
METAP2	0.51915	0.46821	0.8657
METRN	0.02196	0.01709	0.00219
METRNL	0.00962	0.10785	0.0525
METTL1	0.10525	0.05939	0.11169
EEF1AKMT2	0.04515	0.02756	0.07236
CSKMT	0.05667	0.0574	0.08673
METTL13	0.18942	0.12101	0.24845
METTL14	0.07844	0.09424	0.0764
METTL15	0.16589	0.12224	0.12859
METTL16	0.15551	0.19357	0.13153
METTL17	0.11679	0.11573	0.22141
METTL18	0.04055	0.02627	0.00789
METTL21A	0.03003	0.04469	0.08405
EEF1AKMT3	0.02557	0.0181	0.00073
METTL21EP	0.00243	0.00397	0
METTL22	0.0244	0.03378	0.06606
METTL23	0.10598	0.10908	0.17367
METTL25	0.04956	0.0551	0.05036
METTL2A	0.33887	0.32252	0.25582
METTL2B	0.21862	0.23586	0.11747
METTL3	0.09603	0.09356	0.07665
METTL4	0.03393	0.03102	0.01612
METTL5	0.18055	0.10015	0.12939
METTL6	0.24297	0.18295	0.19759
METTL7A	1.65814	0.9526	0.555
METTL7B	0.22717	0.04106	0.00314
METTL8	0.23982	0.24614	0.33339
METTL9	0.0653	0.12836	0.25813
MEX3A	0.05135	0.00829	0.00049
MEX3B	0.00192	0.00965	0.0013
MEX3C	0.0397	0.05188	0.06159
MEX3D	0.0501	0.0095	0.00442
MFAP1	0.17504	0.13161	0.42468
MFAP3	0.04201	0.02169	0.04122
MFAP3L	0.05666	0.0112	0.00826
MFAP5	0.05525	0.04287	0.04806
MFF	0.19835	0.2329	0.41325
MFGE8	0.00912	0.0089	0.00867
MFHAS1	0.02042	0.03	0.0855
MFN1	0.09399	0.07085	0.0807
MFN2	0.3707	0.13855	0.18583
MFNG	0.00756	0.0768	0.19238
MFSD1	0.16654	0.27603	0.10836
MFSD10	0.03324	0.06082	0.07365
MFSD11	0.23493	0.20405	0.15887
MFSD12	0.0613	0.10051	0.01271
MFSD2A	0.12289	0.06662	0.01607
MFSD2B	0.00454	0.00224	0
MFSD3	0.16137	0.08078	0.01366
MFSD5	0.10481	0.07283	0.04434
MFSD6	0.02437	0.07472	0.15372
SLC49A3	0.00749	0.03046	0.00166
MFSD8	0.07638	0.0416	0.00834
MFSD9	0.14911	0.13122	0.07636
MGA	0.24714	0.22765	0.23032
MGAT1	0.28257	0.4515	0.29697
MGAT2	0.09925	0.10667	0.09555
MGAT3	0.00067	0.01252	0.00229
MGAT4A	0.22164	0.22175	0.15405
MGAT4B	0.4158	0.19019	0.1583
MGAT5	0.04855	0.10226	0.06903
OGA	0.54859	0.71733	0.8477
MGLL	0.27651	0.24261	0.06707
MGME1	0.08931	0.10177	0.36375
MGMT	0.31065	0.26066	0.25325
MGP	0.00861	0.00106	0
MGRN1	0.02973	0.05655	0.02341
MGST1	0.89719	0.19571	0.04836
MGST2	0.15612	0.05953	0.01559
MGST3	0.22075	0.10502	0.06358
MIA	0.00282	0.00333	0
MIA3	0.69659	0.47088	0.51036
MIAT	0.01874	0.25589	0.29799
MIB1	0.20039	0.13413	0.23318
MIB2	0.07275	0.043	0.05431
MICA	0.09949	0.06849	0.06167
MICAL1	0.02976	0.21063	0.16007
MICAL2	0.03263	0.04684	0.06657
MICAL3	0.22264	0.15891	0.12769
MICALL1	0.05984	0.05045	0.17025
MICALL2	0.06489	0.02762	0
MICB	0.01226	0.04351	0.07062
MICU1	0.20852	0.1657	0.08215
MICU2	0.07621	0.07776	0.18972
MICU3	0.04194	0.00971	0.0022
MID1	0.08134	0.01648	0.01566
MID1IP1	0.11409	0.04102	0.02257
MID2	0.06868	0.01957	0.00142
MIDN	0.10067	0.18428	0.22598
MIEF1	0.22969	0.20121	0.14775
MIEF2	0.0139	0.00702	0.01403
MIEN1	0.28065	0.20941	0.55648
MIER1	0.19693	0.36676	0.55543
MIER2	0.0355	0.03809	0.00621
MIER3	0.07662	0.07388	0.0642
MIF	0.67414	0.81558	1.32317
MIF4GD	0.0506	0.08699	0.07725
MIIP	0.11813	0.13451	0.12968
MILR1	0.00312	0.03169	0.01285
RIOX2	0.11186	0.08286	0.00928
MINK1	0.02912	0.07097	0.08143
MINOS1	0.40586	0.33735	0.48283
MINPP1	0.07147	0.01695	0.02231
MIOS	0.06189	0.11953	0.34142
MIOX	0.00803	0.00147	0.03183
MIPEP	0.06122	0.03954	0.02094
MIPEPP3	0.00974	0.006	0
MIPOL1	0.07042	0.01197	0
MIR3591	0.01288	0.00353	0
MIR1254-1	0.00685	0.00754	0.00507
MIR125B1	0.00302	0	0
MIR1273A	0.05415	0.04389	0.02674
MIR1273F	0.00546	0.01176	0.00223
MIR1273G	0.00333	0.00485	0.00135
MIR1282	0.00782	0.0063	0.00596
MIR155HG	0.00198	0.0514	0.03684
MIR16-2	0.00023	0.00094	0.00865
MIR17HG	0.06889	0.05986	0.0396
MIR186	0.02101	0.00866	0.00058
MIR202HG	0.00051	8e-04	0
MIR210HG	0.0763	0.04935	0.0291
MIR22HG	0.0276	0.06567	0.07482
MIR27B	0.00074	0.00048	0.00172
MIR30C2	0.00296	0	0
MIR3173	0.00563	0	0
MIR320D1	0.00523	0.00166	0
MIR3671	0.00451	0.00016	0
MIR3682	0.00107	0.00027	0
AL390728.4	0.00296	0.01306	0
MIR4292	0.00454	0.00315	0.00032
MIR4312	0.00427	0	0
MIR4458HG	0.40171	0.07361	0.01313
MIR4459	0.01325	0.00861	0.00904
MTND4LP30	0.02123	0.01538	0.01306
MIR4500HG	0.0082	0.00245	0
MIR4725	0.0064	0.006	0
MIR497HG	0.00224	0.00343	0.00252
MIR5094	0.01385	0.00894	0.00717
MIR5096	0.00048	0.00114	0
MIR548H2	0.00171	0.00109	0
MIR548Y	0.00076	0	0
MIR566	0.00323	0.00145	0
MIR570	0.00081	9e-05	0
MIR600HG	0.01598	0.02772	0.00452
MIR601	0.0095	0.00086	0
MIR616	0.00506	0.00718	0.03866
MIR624	0.00361	0.00169	0
MIR659	0.00132	0	0
MIR663AHG	0.01571	0.01123	0.0252
MIR663B	0.00245	0.0067	0.01594
MIS12	0.0456	0.07307	0.15814
MIS18A	0.05933	0.02799	0.25315
MIS18BP1	0.10158	0.37507	0.76815
MITD1	0.09771	0.10428	0.18597
MITF	0.02516	0.10612	0.00037
MIXL1	0.12322	0.1622	0.12001
MKI67	0.24146	0.19141	3.34967
MKKS	0.22461	0.12839	0.20028
MRTFA	0.04313	0.06624	0.10574
MRTFB	0.05703	0.07106	0.10523
MKLN1	0.96917	0.75419	0.71642
MKLN1-AS	0.1314	0.1298	0.06939
MKNK1	0.05721	0.18033	0.07838
MKNK1-AS1	0.02689	0.02284	0.01302
MKNK2	0.39084	0.32212	0.30519
MKRN1	0.20883	0.17873	0.18948
MKRN2	0.04975	0.02483	0.0555
MKRN3	0.00699	0.00231	0
MKRN9P	0.00099	0.001	0
MKS1	0.03937	0.00815	0.00965
MLANA	0.00654	0.00887	0.0021
MLEC	0.69962	0.38563	0.55139
MLF1	0.0105	0.01841	0.00817
MLF2	0.51232	0.32449	0.404
MLH1	0.08116	0.06033	0.2719
MLH3	0.20043	0.11202	0.08671
MLIP	0.04352	0.00839	0
MAP3K20-AS1	0.00174	0.00106	0
MLKL	0.02184	0.16084	0.10455
MLLT1	0.10541	0.04653	0.05336
MLLT10	0.15063	0.09807	0.13177
MLLT10P1	0.00113	0.00038	0
MLLT11	0.03187	0.0063	0.00215
MLLT3	0.0156	0.09755	0.11586
MLPH	0.10373	0.02414	0.01059
MLST8	0.07852	0.09575	0.08088
MLX	0.13686	0.09851	0.27073
MLXIP	0.4177	0.43821	0.38595
MLXIPL	1.4068	0.2651	0.0407
MLYCD	0.08538	0.04758	0.04014
MMAA	0.05212	0.03245	0.07954
MMAB	0.50662	0.19341	0.33937
MMACHC	0.05584	0.02837	0.03736
MMADHC	0.2904	0.2631	0.37118
MMD	0.05248	0.03795	0.04066
MMD2	0.00119	0.00086	4e-04
MME	0.02038	0.00373	0.02507
MMEL1	0.00252	0.00657	0
MMGT1	0.07255	0.10725	0.22306
MMP10	0.00279	7e-05	0
MMP11	0.07862	0.00429	0
MMP12	0.00341	0.02777	0
MMP14	0.03649	0.02473	0.00329
MMP15	0.19585	0.03282	0.00206
MMP17	0.00387	0	0
MMP19	0.03572	0.04218	0.01679
MMP2	0.00462	0.00893	0
MMP24	0.00564	0.00016	0
MMP24OS	0.11944	0.07348	0.0715
MMP25	0.00249	0.01416	0.00383
MMP7	0.00921	0.00098	0
MMP9	0.01652	0.24242	0.00121
MMRN2	0.00775	0.00405	0.01002
MMS19	0.17582	0.11167	0.15224
MMS22L	0.02506	0.02495	0.04745
MNAT1	0.13847	0.11641	0.20237
MND1	0.04022	0.04633	0.22314
MNDA	0.008	0.11988	0.04489
MNS1	0.08939	0.02826	0.02865
MNT	0.05635	0.07072	0.02287
MOAP1	0.03806	0.04668	0.04071
MOB1A	0.14927	0.27998	0.46953
MOB1B	0.06618	0.09815	0.06084
MOB2	0.11592	0.08156	0.1606
MOB3A	0.03426	0.21301	0.21436
MOB3B	0.01766	0.00944	0.04786
MOB3C	0.0196	0.05348	0.00863
MOBP	0.01411	0.01065	0.01365
MOCOS	0.09293	0.01158	0.00269
MOCS1	0.1975	0.05112	0.02929
MOCS2	0.12417	0.06183	0.12166
MOCS3	0.03769	0.01741	0.05128
MOG	0.15902	0.1522	0.11465
MOGAT1	0.01503	0.00176	0
MOGAT2	0.05489	0.00273	0
MOGAT3	0.0742	0.02481	0.02995
MOGS	0.10805	0.06649	0.06165
MOK	0.08481	0.03594	0.02695
MON1A	0.07857	0.04325	0.07447
MON1B	0.02936	0.02526	0.04631
MON2	0.19999	0.19895	0.13175
MORC2	0.09669	0.05008	0.02788
MORC2-AS1	0.00235	0.00363	0
MORC3	0.09255	0.15552	0.33493
MORC4	0.15853	0.04897	0.05685
MORF4L1	0.78349	0.80661	1.11572
MORF4L2	0.55791	0.31112	0.37182
MORF4L2-AS1	0.01052	0.00019	0.01035
MORN1	0.01102	0.00092	0
MORN2	0.07928	0.0264	0.00979
MORN4	0.01885	0.0089	0.00262
MORN5	0.00603	0.00038	0
MOSPD1	0.10084	0.05422	0.07511
MOSPD2	0.0834	0.08744	0.05867
MOSPD3	0.07351	0.02159	0.04854
MOV10	0.23183	0.11309	0.18985
MOV10L1	0.04125	0.01822	0
MOXD1	0.00194	0.01353	0.00026
MPC1	0.2296	0.10148	0.26935
MPC2	0.63759	0.19999	0.34985
MPDU1	0.07425	0.09849	0.19852
MPDZ	0.29387	0.06944	0.00952
MPEG1	0.01804	0.27143	0.11286
MPG	0.03097	0.08428	0.08696
MPHOSPH10	0.2102	0.17109	0.29705
MPHOSPH6	0.09102	0.10744	0.18331
MPHOSPH8	0.62208	0.74986	0.9392
MPHOSPH9	0.1138	0.14436	0.55222
MPI	0.10595	0.06927	0.07695
MPL	0.00286	0.00447	6e-04
MPLKIP	0.25783	0.10133	0.11582
MPND	0.14297	0.07398	0.10617
MPP1	0.14536	0.21045	0.02533
MPP2	0.00967	0.00175	0
MPP3	0.02413	0.00323	0.01066
MPP5	0.15033	0.071	0.04317
MPP6	0.23883	0.09123	0.08768
MPP7	0.10331	0.03692	0.00813
MPPE1	0.39401	0.30374	0.31685
MPPED1	0.00386	0.00054	0
MPPED2	0.06513	0.03395	0.02157
MPRIP	0.15112	0.18491	0.53437
MPST	0.50083	0.16567	0.14399
MPV17	0.07262	0.06644	0.03902
MPV17L	0.04034	0.01083	0.00242
MPV17L2	0.03904	0.03	0.10796
MPZ	0.02412	0.02144	0.00301
MPZL1	0.11856	0.09591	0.10107
MPZL2	0.05729	0.01348	0.0153
MPZL3	0.08678	0.06638	0.10745
MR1	0.25721	0.29527	0.27798
MRAP2	0.00461	0.00405	0
MRAS	0.04594	0.03133	0.00081
MRC1	0.02542	0.27024	0.05102
MRC2	0.00279	0.04811	0.00536
MRE11	0.12209	0.16097	0.27672
MREG	0.34147	0.28329	0.1961
MRFAP1	0.41439	0.23185	0.40966
MRFAP1L1	0.19661	0.1914	0.21043
MRGBP	0.12882	0.06616	0.05651
MRGPRF	0.01585	0.00147	0
MRGPRX3	0.00238	0.00018	0
MRI1	0.19342	0.16237	0.16549
MRO	0.01235	0.01548	0.0051
MROH1	0.13049	0.09807	0.09635
MROH2A	0.01125	0.00083	0
MROH6	0.06288	0.03214	0
MROH7	0.00432	0.00595	5e-04
MROH7-TTC4	0.00156	0.00168	0
MROH8	0.00152	0.00342	0.00105
MRPL1	0.16119	0.1421	0.26944
MRPL10	0.07791	0.06512	0.1784
MRPL11	0.29783	0.20191	0.55119
MRPL12	0.24164	0.16361	0.44554
MRPL13	0.2076	0.0849	0.25928
MRPL14	0.27574	0.16784	0.32892
MRPL15	0.20355	0.08397	0.20357
MRPL16	0.14982	0.14368	0.23684
MRPL17	0.08258	0.05018	0.20419
MRPL18	0.12032	0.07269	0.08713
MRPL19	0.17362	0.13192	0.19965
MRPL2	0.11471	0.06895	0.09299
MRPL20	0.43329	0.36177	0.703
MRPL21	0.3134	0.1704	0.39122
MRPL22	0.18975	0.11649	0.40501
MRPL23	0.3299	0.36574	0.81891
MRPL24	0.44818	0.18909	0.22018
MRPL27	0.34328	0.25102	0.75871
MRPL28	0.19686	0.26474	0.36034
MRPL3	0.10325	0.10216	0.14544
MRPL30	0.24608	0.17844	0.20392
MRPL32	0.09335	0.059	0.05993
MRPL33	0.225	0.21268	0.30979
MRPL34	0.17059	0.12341	0.19748
MRPL35	0.10278	0.07246	0.27373
MRPL36	0.30906	0.10995	0.20486
MRPL37	0.385	0.18174	0.44473
MRPL38	0.27533	0.17595	0.35464
MRPL39	0.04703	0.02826	0.05836
MRPL4	0.13773	0.10753	0.22659
MRPL40	0.25295	0.16978	0.24236
MRPL41	0.53679	0.33938	0.62478
MRPL42	0.1452	0.06695	0.19919
MRPL43	0.20715	0.14673	0.14317
MRPL44	0.07532	0.03518	0.05477
MRPL45P2	0.06699	0.04651	0.01673
MRPL46	0.1748	0.09937	0.18294
MRPL47	0.15193	0.09138	0.17729
MRPL48	0.12301	0.10683	0.17159
MRPL49	0.11279	0.03863	0.05137
MRPL50	0.05449	0.02459	0.05239
MRPL51	0.3951	0.49566	1.23333
MRPL52	0.32042	0.29458	0.71625
MRPL53	0.31454	0.38566	0.57548
MRPL54	0.11264	0.20598	0.39689
MRPL55	0.48285	0.32476	0.76689
MRPL9	0.12534	0.09359	0.20605
MRPS10	0.45746	0.25857	0.42854
MRPS11	0.22629	0.21615	0.49157
MRPS12	0.20251	0.17064	0.36739
MRPS14	0.09864	0.05482	0.07075
MRPS15	0.26834	0.19024	0.34043
MRPS16	0.41017	0.26303	0.39074
MRPS17	0.15373	0.08561	0.13188
MRPS18A	0.19424	0.17277	0.50561
MRPS18B	0.59078	0.32774	0.5517
MRPS18C	0.1354	0.11129	0.37038
MRPS2	0.10096	0.05872	0.21165
MRPS22	0.08793	0.04758	0.08188
MRPS23	0.09963	0.06475	0.1175
MRPS25	0.29776	0.16036	0.31226
MRPS26	0.29395	0.16181	0.30095
MRPS27	0.21243	0.17005	0.23053
MRPS28	0.08618	0.07448	0.0884
MRPS30	0.12941	0.03494	0.0602
MRPS31	0.12226	0.10214	0.18805
MRPS31P5	0.03639	0.03462	0.08436
MRPS33	0.21442	0.19647	0.3968
MRPS34	0.19163	0.32471	0.53443
MRPS35	0.25816	0.11799	0.32134
MRPS36	0.09057	0.07736	0.09844
MRPS5	0.47381	0.40656	0.61943
MRPS6	0.09454	0.15325	0.33225
MRPS7	0.2212	0.17204	0.46533
MRPS9	0.14563	0.10878	0.19995
MRRF	0.0607	0.06257	0.16378
MRS2	0.08336	0.03436	0.01719
AC089984.2	0.00479	0.00211	0.01527
MRTO4	0.18114	0.1487	0.17946
MRVI1	0.00167	0.00383	0
MRVI1-AS1	0.00223	0	0
MS4A1	0.01506	0.16773	0.33727
MS4A10	0.00374	0.00328	0.00402
MS4A14	0.00077	0.00916	0.00252
MS4A2	0.12672	0.1317	0.07611
MS4A4A	0.0059	0.12096	0.02276
MS4A6A	0.01818	0.27013	0.07775
MS4A7	0.07315	0.40632	0.06994
MSANTD1	0.00412	0.00034	0.00094
MSANTD2	0.04681	0.02126	0.00326
MSANTD3	0.03136	0.01473	0.05576
MSANTD4	0.06052	0.06834	0.11621
MSC	0.02904	0.01845	0.0548
MSH2	0.11372	0.07445	0.13542
MSH3	0.2868	0.23658	0.20262
MSH6	0.15837	0.09761	0.22036
MSI1	0.01049	4e-04	0.00093
MSI2	0.1381	0.19116	0.14959
MSL1	0.14308	0.14133	0.19651
MSL2	0.12609	0.16719	0.26207
MSL3	0.08715	0.2293	0.31671
MSL3P1	0.06733	0.01293	0.0296
MSMO1	0.39492	0.07751	0.05728
MSN	0.2612	0.77999	1.36095
MSR1	0.0212	0.27382	0
MSRA	0.05293	0.02312	0.08534
MSRB1	0.22621	0.07193	0.1773
MSRB2	0.40757	0.09588	0.0759
MSRB3	0.1536	0.12469	0.09028
MSS51	0.00973	0.00952	0.00191
MST1	0.56676	0.06831	0.05047
MST1L	0.06127	0.00586	0
MST1P2	0.10013	0.0107	0.00521
MST1R	0.01853	0.00226	0
MSTO1	0.05408	0.02194	0.01147
MSTO2P	0.00559	0.00181	0.00335
MSX1	0.07382	0.03556	0.01395
MT1A	0.01147	0.00466	0
MT1DP	0.00344	0.00277	0
MT1E	0.09555	0.10034	0.31701
MT1F	0.04131	0.07126	0.13503
MT1G	0.04108	0.08349	0.01072
MT1H	0.00513	0.01495	0
MT1L	0.0045	0.0246	0.01056
MT1M	0.00801	0.02086	0.01198
MT1X	0.15611	0.20415	0.16043
MT2A	0.56429	0.73105	1.61538
MT3	0.00172	0	0.02445
MTA1	0.06014	0.02954	0.02458
MTA2	0.03676	0.03427	0.09033
MTA3	0.0854	0.06235	0.11984
MTAP	0.30881	0.29824	0.26053
MTBP	0.01017	0.01152	0.07287
MTCH1	0.59928	0.26558	0.39724
MTCH2	0.46324	0.17175	0.20198
MTCP1	0.00182	0.00396	0
MTDH	1.27058	1.4029	1.83205
MTF1	0.07992	0.07768	0.12184
MTF2	0.16848	0.21185	0.56029
MTFMT	0.0449	0.03282	0.082
MTFP1	0.07126	0.07891	0.15361
MTFR1	0.07193	0.01741	0.00994
MTFR1L	0.21998	0.12466	0.25338
MTFR2	0.00964	0.00245	0.18561
MTG1	0.2374	0.2493	0.33593
MTG2	0.43683	0.34624	0.27316
MTHFD1	0.48145	0.17487	0.39156
MTHFD1L	0.05772	0.04706	0.10942
MTHFD2	0.00718	0.12153	0.31055
MTHFD2L	0.00698	0.01907	0.01929
MTHFD2P1	0.10908	0.08985	0.0624
MTHFR	0.26207	0.24635	0.15569
MTHFS	0.02632	0.00066	0.0126
MTHFSD	0.03952	0.0312	0.05611
MTIF2	0.30918	0.1924	0.2077
MTIF3	0.37464	0.35514	0.5042
MTM1	0.04818	0.06647	0.06976
MTMR1	0.03534	0.04115	0.17055
MTMR10	0.14331	0.10108	0.12551
MTMR11	0.03061	0.00492	0.01222
MTMR12	0.39451	0.24722	0.38525
MTMR14	0.11109	0.08434	0.0949
MTMR2	0.04897	0.05347	0.06498
MTMR3	0.09437	0.09712	0.03441
MTMR4	0.30305	0.09752	0.0769
MTMR6	0.09719	0.10994	0.25379
MTMR7	0.0081	0	0
MTMR8	0.00398	0.01045	0.0215
MTMR9	0.30691	0.29842	0.26502
MTO1	0.12548	0.08386	0.07157
MTOR	0.31663	0.14569	0.10684
MTPAP	0.09462	0.06845	0.03198
MTR	0.21716	0.17138	0.24687
MTRF1	0.05044	0.02706	0.02707
MTRF1L	0.12368	0.12954	0.20359
MTRNR2L1	1.09456	0.20827	0.10925
MTRNR2L10	0.03498	0.01666	0.02784
MTRNR2L2	0.5067	0.43229	0.30709
MTRNR2L3	0.01855	0.00725	0.00585
MTRNR2L4	0.06526	0.04622	0.03548
MTRNR2L5	0.0518	0.05037	0.02426
MTRNR2L6	0.05642	0.03521	0.02489
MTRNR2L7	0.00147	0.00047	0
MTRNR2L8	0.34175	0.24039	0.17996
MTRNR2L9	0.06847	0.03488	0.02103
MTRR	0.13296	0.04472	0.06829
MTSS1	0.43908	0.25406	0.05937
MTSS1L	0.11227	0.02974	0.00033
MTTP	0.63222	0.16311	0.06108
MTURN	0.03627	0.02495	0.02216
MTUS1	0.27245	0.07444	0.03827
MTX1	0.2525	0.18466	0.26512
MTX2	0.08592	0.04333	0.01095
MTX3	0.06768	0.06472	0.11626
MUC1	0.01657	0.01205	0.06881
MUC12	0.00133	0.00907	0
MUC13	0.01276	0.00412	0
MUC15	0.08318	0.01523	0
MUC16	0.01315	0.01228	0
MUC19	0.00134	0.00043	0
MUC20	0.0598	0.02248	0.00716
MUC22	0.04313	0.02737	0.01038
MUC3A	0.02013	0.00969	0
MUC4	0.00111	0.00353	0
MUC5B	0.03053	0.01419	0.00231
MUL1	0.11065	0.0577	0.14373
MUM1	0.23771	0.17575	0.07134
MUM1L1	0.00249	0.00054	0
CAVIN4	0.04491	0.02414	0.01775
MUS81	0.07598	0.05815	0.06282
MUSTN1	0.00098	8e-05	0
MUT	0.24453	0.06741	0.11974
MUTYH	0.05342	0.0275	0.08536
MVB12A	0.08995	0.06884	0.07548
MVB12B	0.02544	0.02358	0.02435
MVD	0.30164	0.15959	0.11796
MVK	0.14794	0.0489	0.02654
MVP	0.19212	0.24571	0.32138
MX1	0.0895	0.2291	0.24319
MX2	0.01419	0.08644	0.02743
MXD1	0.04658	0.15673	0.05962
MXD3	0.03615	0.02963	0.27165
MXD4	0.26733	0.24687	0.29034
MXI1	0.25703	0.15201	0.01028
MXRA7	0.55062	0.41721	0.36045
MXRA8	0.00312	0.00129	0
MYADM	0.09359	0.21517	0.26437
MYB	0.01049	0.00735	0.09586
MYBBP1A	0.07616	0.07905	0.16972
MYBL1	0.02792	0.08588	0.21399
MYBL2	0.05726	0.04742	0.6233
MYBPC1	0.01039	0.00727	0.00073
MYBPC2	0.00276	4e-04	0
MYBPC3	0.00106	0.01283	0
MYBPH	0.00609	0.00538	0
MYC	0.03241	0.02889	0.01838
MYCBP	0.00055	0.00123	0.005
MYCBP2	0.36327	0.96846	1.19192
MYCBPAP	0.00364	0.00122	0.00442
MYCL	0.04674	0.01458	0.03302
MYCN	0.01198	0.00065	0
MYCNOS	0.02785	0.02857	0.02582
MYD88	0.04452	0.05773	0.1041
MYEF2	0.07542	0.03408	0.11194
MYH10	0.22883	0.03651	0.00086
MYH14	0.44378	0.0763	0.00186
MYH3	0.03337	0.02969	0.03166
MYH7	0.00193	0	0
MYH7B	0.06737	0.00214	0
MYH9	0.79559	1.04346	1.6965
MYL10	0.00114	0.00057	0
MYL12A	0.25682	0.46211	0.79372
MYL12B	0.7591	0.65203	1.05925
MYL5	0.08146	0.04744	0.06845
MYL6	1.6825	2.29232	3.13341
MYL6B	0.0955	0.09081	0.32661
MYL9	0.05974	0.01057	0.00045
MYLIP	0.03	0.21834	0.28764
MYLK	0.60326	0.08959	0.01944
MYLK-AS1	0.00762	0.00478	0.00226
MYLK3	0.12399	0.094	0.05143
MYLK4	0.00676	0.00019	0.00165
MYLPF	0.00253	0.0133	0.00255
MYNN	0.41447	0.07823	0.13452
MYO10	0.35401	0.29873	0.21532
MYO15B	0.05095	0.04136	0.00245
MYO16	0.01215	0.00128	0
MYO18A	0.20173	0.1246	0.12219
MYO18B	0.011	0.00414	0
MYO1A	0.02251	0.00733	0
MYO1B	0.57011	0.12825	0.04066
MYO1C	0.29119	0.25603	0.25445
MYO1D	0.01906	0.03242	0.01069
MYO1E	0.05698	0.08648	0.12534
MYO1F	0.02306	0.22611	0.33887
MYO1G	0.00711	0.10161	0.35396
MYO3B	0.178	0.14187	0.10525
MYO5A	0.18494	0.50452	0.62887
MYO5B	0.12414	0.02307	0.03253
MYO5C	0.1407	0.02374	0.03112
MYO6	0.50626	0.19898	0.16423
MYO7A	0.13598	0.11076	0.23102
MYO7B	8e-04	0	0.00033
MYO9A	0.1184	0.16862	0.25864
MYO9B	0.29655	0.63885	0.6213
MYOF	0.0128	0.07406	0.01529
MYOM1	0.3029	0.02326	0.00469
MYOM3	0.01547	0.01925	0.01583
MYOZ3	0.04312	0.04493	0.0413
MYPOP	0.03588	0.02922	0.01934
MYRF	0.08086	0.01364	0
MYRFL	0.00722	0.00035	0
MYRIP	0.21787	0.04031	0.01768
MYSM1	0.2131	0.29229	0.30585
MYT1	0.00404	0.00444	0.01031
MYZAP	0.00084	0.00111	0
MZB1	0.11761	1.12723	0.7797
MZF1	0.07031	0.06324	0.07552
MZT1	0.04593	0.03059	0.11807
MZT2A	0.21961	0.32813	0.99229
MZT2B	0.4645	0.63242	1.88761
N4BP1	0.12773	0.20236	0.15803
N4BP2	0.33707	0.36329	0.64381
N4BP2L1	0.12205	0.08117	0.02716
N4BP2L2	0.52862	0.5319	0.38922
N4BP3	0.00223	0.00897	0
N6AMT1	0.02948	0.00895	0.0484
NAA10	0.13734	0.13854	0.29445
NAA15	0.15379	0.13984	0.32398
NAA16	0.22853	0.19241	0.3313
NAA20	0.23198	0.09395	0.08453
NAA25	0.15787	0.10466	0.13902
NAA30	0.11251	0.05618	0.1107
NAA35	0.09618	0.11465	0.10145
LSM8	0.35512	0.41977	1.13713
NAA40	0.22387	0.18751	0.17433
NAA50	0.2386	0.17171	0.42506
NAA60	0.10861	0.09279	0.10178
NAAA	0.01642	0.04382	0.04001
NAALAD2	0.00719	0.00197	0
NAALADL1	0.01751	0.03117	0.01987
NAB1	0.19767	0.17636	0.39713
NAB2	0.07385	0.05015	0.04413
NABP1	0.04745	0.22222	0.08498
NABP2	0.18686	0.16476	0.33774
NACA	1.1335	1.12683	1.78677
NACA2	0.00191	0.00321	0.00072
NACA4P	0.00014	0.00268	0.00043
NACC1	0.06506	0.06757	0.15377
NACC2	0.11504	0.03641	0.0067
NADK	0.17314	0.12168	0.15809
NADK2	0.84132	0.13463	0.05626
NADSYN1	0.13262	0.11565	0.06836
NAE1	0.18769	0.09303	0.1995
NAF1	0.01166	0.02137	0.00566
NAGA	0.10615	0.09309	0.16916
NAGK	0.14922	0.31821	0.31624
NAGLU	0.1041	0.10712	0.02141
NAGPA	0.04161	0.02636	0.02368
NAGS	0.10051	0.00767	0.01529
NAIF1	0.19348	0.19098	0.17717
NAIP	0.16627	0.2635	0.09588
NALCN	0.00657	0.00017	0
NAMPT	0.26297	0.3538	0.23628
NANOG	0.01603	0.00654	0.00421
NANOGNB	0.02353	0.01578	0.00865
NANOS1	0.07426	0.05491	0.01731
NANP	0.03906	0.02444	0
NANS	0.07185	0.24848	0.30252
NAP1L1	0.74794	0.90307	1.39097
NAP1L2	0.02303	0.01233	0.01667
NAP1L3	0.00728	0.00098	0
NAP1L4	0.40711	0.67786	1.35658
NAP1L5	0.00704	0.00863	0.03035
NAP1L6	0.2828	0.23731	0.15227
NAPA	0.19081	0.12877	0.25489
NAPA-AS1	0.00628	0.01288	0.00711
NAPB	0.08856	0.01958	0.03992
NAPEPLD	0.16141	0.0515	0.07427
NAPG	0.13691	0.07894	0.15006
NAPSA	0.01242	0.00959	0.00499
NAPSB	0.01063	0.07544	0.22535
NARF	0.20858	0.207	0.40602
CIAO3	0.04225	0.04466	0.11235
NARS	0.68238	0.46258	0.48725
NARS2	0.07058	0.02756	0.03959
NASP	0.55675	0.5971	1.21537
NAT1	0.01031	0.00458	0.01398
NAT10	0.17226	0.132	0.18582
NAT14	0.04311	0.02834	0.0242
NAT2	0.00507	0.00054	0
NAA80	0.04869	0.02834	0.05991
NAT8	0.14752	0.01161	0.01507
NAT9	0.06263	0.04885	0.06889
NAV1	0.01733	0.02739	0.04716
NAV2	0.31366	0.06209	0.00437
NAV3	0.10121	0.01137	0
NBAS	0.20339	0.14169	0.22078
NBEA	0.09598	0.03432	0.0047
NBEAL1	0.17662	0.08065	0.01632
NBEAL2	0.03913	0.14235	0.1595
NBN	0.19836	0.27399	0.3966
NBPF1	0.31829	0.22665	0.06693
NBPF9	0.13598	0.13885	0.09248
NBPF11	0.00141	0.00373	0
NBPF13P	0.00901	0.00295	0.00134
NBPF15	0.0678	0.03557	0.07387
NBPF3	0.02168	0.00991	0.03857
NBPF7	0.004	0.00088	0
NBPF20	0.03676	0.0662	0.07372
NBR1	0.55821	0.30499	0.20405
NBR2	0.1486	0.04784	0.03951
NCALD	0.02053	0.08115	0.20617
NCAM1	0.00577	0.05017	0.08455
NCAM2	0.00692	0.00071	0
NCAPD2	0.08532	0.08976	0.70003
NCAPD3	0.05596	0.07724	0.5334
NCAPG	0.05994	0.02332	0.8309
NCAPG2	0.08175	0.07201	0.94204
NCAPH	0.0519	0.04679	0.59749
NCAPH2	0.12739	0.07923	0.31689
NCBP1	0.25072	0.21747	0.38338
NCBP2	0.24067	0.19591	0.28216
NCBP2-AS2	0.11205	0.08522	0.04644
NCCRP1	0.00668	0.00873	0.00244
NCDN	0.08659	0.04848	0.02463
NCEH1	0.10143	0.06068	0.05359
NCF1	0.00211	0.02368	0.03135
NCF1B	0.00285	0.03596	0.02226
NCF1C	0.00053	0.01851	0.00109
NCF2	0.01705	0.12073	0.0288
NCF4	0.00945	0.19406	0.11659
NCK1	0.08754	0.10183	0.06795
NCK2	0.03704	0.1059	0.17076
NCKAP1	0.22916	0.03891	0.01656
NCKAP1L	0.00878	0.19135	0.33011
NCKAP5	0.01483	0.02576	0.0216
NCKAP5L	0.02652	0.00727	0
NCKIPSD	0.12422	0.06425	0.07824
NCL	1.26096	1.66729	2.51241
NCLN	0.26914	0.18801	0.17928
NCMAP	0.34199	0.28071	0.24727
NCOA1	0.18827	0.2618	0.46966
NCOA2	0.31729	0.30044	0.24435
NCOA3	0.19459	0.3429	0.37625
NCOA4	0.80627	0.42187	0.48819
NCOA5	0.05789	0.04144	0.06029
NCOA6	0.18607	0.16258	0.12852
NCOA7	0.13989	0.26596	0.33857
NCOR1	0.45943	0.62404	0.97445
NCOR1P1	0.00282	5e-04	0
NCOR2	0.19332	0.17517	0.2236
NCR3	0.00395	0.06821	0.05581
NCR3LG1	0.01898	0.00581	0.00309
NCS1	0.01303	0.00393	0
NCSTN	0.17781	0.07247	0.03728
NDC1	0.06717	0.01838	0.15309
NDC80	0.03705	0.04517	0.63463
NDE1	0.02651	0.09074	0.28144
NDEL1	0.06006	0.11778	0.18864
NDFIP1	0.41281	0.21497	0.20541
NDFIP2	0.08219	0.045	0.0518
NDN	0.01203	0.00786	0
NDOR1	0.07081	0.05436	0.16359
NDRG1	0.56454	0.2734	0.17722
NDRG2	0.23563	0.06188	0.00978
NDRG3	0.11207	0.08934	0.14071
NDST1	0.10247	0.03551	0.00083
NDST2	0.04686	0.03978	0.03703
NDST3	0.00233	0.00293	0.00713
NDST4	0.0083	0.00543	0
NDUFA1	0.69696	0.58971	1.00751
NDUFA10	0.7292	0.4064	0.58963
NDUFA11	0.7432	0.76825	1.35839
NDUFA12	0.35037	0.22507	0.59606
NDUFA13	1.03568	1.05598	1.98525
NDUFA2	0.57973	0.48673	0.94624
NDUFA3	0.6636	0.89528	1.0996
NDUFA4	0.59743	0.42679	0.64863
NDUFA4L2	0.03073	0.00521	0
NDUFA5	0.54439	0.39543	0.43272
NDUFA6	0.67333	0.48136	1.08465
NDUFA6-DT	0.00655	0.00602	0
AC010323.1	0.1946	0.15678	0.33032
NDUFA8	0.09515	0.08942	0.15152
NDUFA9	0.13533	0.13058	0.35395
NDUFAB1	0.24414	0.19788	0.38748
NDUFAF1	0.10359	0.06815	0.04401
NDUFAF2	0.08992	0.06548	0.27065
NDUFAF3	0.25155	0.19201	0.38164
NDUFAF4	0.07608	0.03295	0.03932
NDUFAF4P1	0.00327	0.00551	0.00767
NDUFAF5	0.05647	0.06515	0.06854
NDUFAF6	0.06485	0.03104	0.03905
NDUFAF7	0.23332	0.19655	0.1407
NDUFB1	0.49081	0.51374	1.06926
NDUFB10	0.42525	0.53863	1.15385
NDUFB11	0.77278	0.44507	0.79913
NDUFB2	0.91168	0.93821	1.8026
NDUFB2-AS1	0.00598	0.01103	0.00269
NDUFB3	0.20849	0.15059	0.32243
NDUFB4	0.32021	0.20239	0.28394
NDUFB5	0.20772	0.10596	0.15916
NDUFB6	0.14346	0.11738	0.21921
NDUFB7	0.64776	0.53977	1.05973
NDUFB8	0.4803	0.56154	1.45941
NDUFB9	1.03471	0.55417	1.03655
NDUFC1	0.3904	0.30077	0.55031
NDUFC2	0.6175	0.32685	0.50533
NDUFS1	0.32934	0.18282	0.39872
NDUFS2	1.12113	0.49966	0.35251
NDUFS3	0.36212	0.20369	0.57698
NDUFS4	0.16399	0.1258	0.23468
NDUFS5	0.66586	0.63286	1.40514
NDUFS6	0.98115	0.66784	1.04015
NDUFS7	0.33081	0.37734	0.78397
NDUFS8	0.29993	0.24801	0.57071
NDUFV1	0.61926	0.3768	0.73637
NDUFV2	0.69538	0.44938	0.63709
NDUFV3	0.31323	0.24399	0.14682
NEAT1	4.01122	3.03098	1.95808
NEB	0.42194	0.15556	0.00796
NEBL	0.03924	0.01054	0
NECAB1	0.00291	0.00182	0.00505
NECAB2	0.10125	0.01749	0.00037
NECAB3	0.15784	0.05198	0.00194
NECAP1	0.03553	0.06883	0.05728
NECAP2	0.0769	0.1172	0.18659
NEDD1	0.0942	0.0925	0.20623
NEDD4	0.34673	0.06029	0.04575
NEDD4L	0.36951	0.09166	0.02849
NEDD8	0.65367	0.67674	1.31121
NEDD8-MDP1	0.00049	0	0
NEDD9	0.0885	0.2778	0.36793
NEFH	0.06511	0.04077	0.05338
NEFM	0.00537	0.00172	0
NEGR1	0.0026	0.00316	0.00319
NEIL1	0.047	0.02015	0.03446
NEIL2	0.05391	0.03719	0.00943
NEIL3	0.009	0.01608	0.13091
NEK1	0.08568	0.1366	0.07536
NEK10	0.00538	0.01989	0.05792
NEK11	0.30223	0.2727	0.23987
NEK2	0.02268	0.01021	0.16947
NEK3	0.07686	0.06379	0.02536
NEK4	0.1505	0.08905	0.09864
NEK5	0.01879	0.00801	0.00387
NEK6	0.19175	0.10575	0.08834
NEK7	0.11485	0.09162	0.22455
NEK8	0.09502	0.0971	0.04923
NEK9	0.1633	0.09227	0.0812
NELFA	0.08417	0.03493	0.09695
NELFB	0.14188	0.07508	0.11409
NELFCD	0.1898	0.09137	0.23254
NELFE	0.50329	0.28104	0.63721
NELL2	0.00434	0.01986	0.02464
NEMF	0.48706	0.55081	0.62068
NENF	0.36139	0.25105	0.36308
NEO1	0.07296	0.02101	0.00086
NES	0.01781	0.01375	0.00826
NET1	0.22221	0.10054	0.24552
NETO2	0.01428	0.00925	0.05941
NEU1	0.44949	0.19728	0.15419
NEU3	0.00856	0.00626	0.00319
NEU4	0.10319	0.04401	0
NEURL1	0.00575	0.00488	0.00305
NEURL1B	0.02749	0.00378	0
NEURL2	0.02609	0.01889	0
NEURL3	0.04054	0.01371	7e-04
NEURL4	0.01827	0.01599	0.0059
NEUROD2	0.0551	0.04338	0.05448
NEXN	0.01651	0.00639	0.00317
NEXN-AS1	0.05887	0.04089	0.02033
NF1	0.22862	0.20108	0.19041
NF2	0.06283	0.08287	0.09164
NFAM1	0.10578	0.13987	0.04755
NFASC	0.02347	0.00319	0
NFAT5	0.17816	0.26787	0.35915
NFATC1	0.02654	0.07974	0.18228
NFATC2	0.06419	0.26847	0.57772
NFATC2IP	0.30663	0.39406	0.50136
NFATC3	0.25011	0.24369	0.36881
NFATC4	0.01312	0.00111	0
NFE2	0.00514	0.00043	0
NFE2L1	0.91913	0.48357	0.41563
NFE2L2	0.41144	0.3954	0.40966
NFE2L3	0.02511	0.03363	0.04192
NFIA	0.75614	0.12097	0.05842
NFIB	0.33527	0.06709	0.02581
NFIC	0.54887	0.20867	0.20054
NFIL3	0.14886	0.09327	0.11904
NFIX	0.12166	0.04221	0.00856
NFKB1	0.09662	0.18491	0.2552
NFKB2	0.03108	0.05708	0.06146
NFKBIA	0.55304	1.50316	1.20249
NFKBIB	0.28421	0.29873	0.29404
NFKBID	0.01092	0.08671	0.09681
NFKBIE	0.09509	0.17722	0.1251
NFKBIL1	0.03782	0.03359	0.01686
NFKBIZ	0.09948	0.34074	0.21303
NFRKB	0.1495	0.07892	0.08473
NFS1	0.09002	0.0277	0.03943
NFU1	0.05113	0.03961	0.0795
NFX1	0.22697	0.28958	0.43193
NFXL1	0.11894	0.08431	0.17469
NFYA	0.10357	0.07344	0.06145
NFYB	0.21433	0.12496	0.19743
NFYC	0.1254	0.08871	0.17224
NFYC-AS1	0.07219	0.06661	0.05621
NGDN	0.09419	0.06828	0.17756
NGEF	0.05739	0.00542	0.00093
NGLY1	0.14136	0.20041	0.255
NGRN	0.26595	0.16792	0.13629
NHEJ1	0.03002	0.01469	0.02533
NHLRC1	0.02775	0.00257	0
NHLRC2	0.07649	0.08333	0.063
NHLRC3	0.10442	0.06567	0.03865
NHP2	0.42608	0.3196	0.85388
NHS	0.00222	0.01134	0.02321
NHSL1	0.16532	0.03617	0.00081
NHSL2	0.00696	0.00157	0
NICN1	0.15861	0.11086	0.07587
NID1	0.37768	0.09789	0.00136
NIF3L1	0.04274	0.03021	0.05696
NIFK	0.12805	0.12695	0.30554
NIFK-AS1	0.0425	0.03708	0.06501
NIM1K	0.00303	0.00111	0.01667
NIN	0.27487	0.65871	1.16828
NINJ1	0.28205	0.22608	0.10642
NINJ2	0.03741	0.0428	0.05731
NINL	0.13665	0.01463	0.01262
NIP7	0.15118	0.12626	0.17733
NIPA1	0.06681	0.03616	0.04245
NIPA2	0.09731	0.0852	0.14164
NIPAL1	0.05508	0.03409	0.01465
NIPAL2	0.20026	0.16769	0.09386
NIPAL3	0.09759	0.13903	0.22707
NIPBL	0.85516	0.77608	0.99143
NIPSNAP1	0.44718	0.19318	0.11429
NIPSNAP3A	0.03396	0.01905	0.07364
NIPSNAP3B	0.00916	0.00855	0.00109
NISCH	0.30576	0.19358	0.29045
NIT1	0.21886	0.13746	0.25418
NIT2	0.2022	0.07314	0.07908
NKAIN2	0.03147	0.00037	0
NKAP	0.20483	0.20028	0.17995
NKAPL	0.00344	0.0066	0
NKAPP1	0.01921	0.0098	0.06374
NKD1	0.20518	0.11699	0.0698
NKD2	0.01006	0.0022	0.00592
NKG7	0.02283	0.42006	0.5245
NKIRAS1	0.03095	0.03009	0.02647
NKIRAS2	0.16003	0.138	0.23787
NKPD1	0.05821	0.05733	0.0329
NKRF	0.03596	0.06681	0.0451
NKTR	0.7652	0.91076	0.98834
NKX3-1	0.00962	0.00468	0.00931
NKX3-2	0.00363	0.00053	0
NLE1	0.02341	0.01467	0.04065
NLGN1	0.00257	0.00239	0
NLGN2	0.0115	0.00368	0.01354
NLGN4X	0.05448	0.01273	0.00094
NLGN4Y	0.00406	0.00017	0
NLK	0.08307	0.05373	0.06269
NLN	0.39669	0.30625	0.25442
NLRC3	0.03072	0.16678	0.25144
NLRC4	0.00279	0.01618	0.01318
NLRC5	0.04281	0.21513	0.48168
NLRP1	0.0152	0.12587	0.12663
NLRP11	0.00462	0.00202	0
NLRP12	0.0875	0.06805	0.06992
NLRP2	0.00776	0.02628	0.04816
NLRP3	0.00207	0.04161	0.00474
NLRP4	0.00201	0	0
NLRP8	0.06747	0.05738	0.05421
NLRX1	0.0652	0.04062	0.06483
NMB	0.03538	0.04064	0.14127
NMD3	0.16056	0.08418	0.06593
NME1	0.21419	0.18398	0.59107
NME1-NME2	0.00062	0.00265	0.00193
NME3	0.17256	0.21899	0.11924
NME4	0.20173	0.06878	0.05963
NME6	0.2615	0.27616	0.24615
NME7	0.03775	0.02747	0.03726
NME8	0.00878	0.00859	0
NMI	0.072	0.10438	0.26852
NMNAT1	0.4661	0.42259	0.30071
NMNAT2	0.00405	0.0017	0
NMNAT3	0.01083	0.00274	0
NMRAL1	0.108	0.09737	0.20744
NMRK1	0.0706	0.13603	0.07957
NMT1	0.56696	0.46849	0.97212
NMT2	0.65151	0.49648	0.31184
NMUR1	0.0024	0.00784	0.02494
NNMT	0.23966	0.02832	0.00098
NNT	0.45855	0.1853	0.34511
NNT-AS1	0.27963	0.18921	0.14115
NOA1	0.02775	0.03273	0.1299
NOB1	0.05321	0.07198	0.09421
NOC2L	0.20585	0.11532	0.13439
NOC3L	0.13832	0.13342	0.18061
NOC4L	0.07186	0.0362	0.15006
NOD1	0.02149	0.03898	0.0273
NOD2	0.00826	0.04187	0.07966
NOL10	0.14753	0.11849	0.25935
NOL11	0.12405	0.0685	0.15031
Z83844.1	0.12129	0.12363	0.17969
NOL3	0.11842	0.03756	0.02152
NOL6	0.04289	0.03935	0.06661
NOL7	0.36616	0.43243	0.84887
NOL8	0.18323	0.31911	0.47105
NOL9	0.30268	0.24354	0.26173
NOLC1	0.22841	0.19337	0.45445
NOM1	0.2165	0.16542	0.29147
NOMO1	0.11941	0.09768	0.09437
NOMO2	0.00795	0.00348	0.00387
NOMO3	0.00219	0	0
NONO	0.69653	0.42339	1.07598
NOP10	0.25731	0.2299	0.31919
NOP14	0.27762	0.22808	0.57022
NOP14-AS1	0.01715	0.02184	0.02158
NOP16	0.08905	0.06773	0.15654
NOP2	0.05428	0.07034	0.09911
NOP56	0.36489	0.50397	0.80689
NOP58	0.52289	0.57828	1.08163
NOP9	0.08022	0.03684	0.08626
NOS1	0.1063	0.09948	0.05495
NOS1AP	0.06101	0.0058	0
NOS3	0.00811	0.00539	0
NOSIP	0.21328	0.2548	0.46923
NOSTRIN	0.00241	9e-05	0
NOTCH1	0.04045	0.06893	0.1317
NOTCH2	0.13158	0.12533	0.10079
AC239799.1	0.34724	0.29763	0.20782
NOTCH3	0.00286	0.00118	0
NOTCH4	0.00755	0.01106	0
NOTUM	0.12076	0.00596	0.00162
NOV	0.00578	0.00042	0.02668
NOVA1	0.03358	0.00671	0
NOX4	0.73519	0.55188	0.36701
NOX5	0.00218	0.00013	0
NOXA1	0.01939	0.01837	0
NOXRED1	0.00191	0.00027	0.00614
NPAP1	0.00655	0.00251	0.00927
NPAS2	0.04142	0.00482	0.00705
NPAS3	0.00423	0.00425	0
NPAT	0.13116	0.30759	0.37285
NPB	0.03234	0.00334	0.00217
NPC1	0.09242	0.06453	0.0427
NPC1L1	0.0789	0.00199	0
NPC2	0.41862	0.6568	0.18065
NPDC1	0.0049	0.03357	0.00294
NPEPPS	0.25286	0.22213	0.1507
NPFF	0.03936	0.01645	0.00224
NPFFR2	0.02671	0.00458	0
NPHP1	0.02357	0.00591	0.01736
NPHP3	0.25513	0.20334	0.10746
NPHP4	0.01043	0.00375	0.00526
NPHS1	0.13068	0.11245	0.07339
NPIPA1	0.02062	0.01783	0.01954
NPIPA5	0.00583	0.01467	0.00537
NPIPB11	0.00088	0.00045	0
NPIPB15	0.09108	0.07801	0.04231
NPIPB3	0.00253	0.0138	0.01581
NPIPB4	0.01681	0.04249	0.01645
NPIPB5	0.00316	0.00422	0
NPIPB6	0.00183	0.00087	0
NPL	0.10457	0.1463	0.0039
NPLOC4	0.55499	0.29512	0.45981
NPM1	1.2902	1.41959	2.16229
NPM2	0.03164	0.00534	0.00586
NPM3	0.02157	0.01201	0.0313
NPNT	0.01888	0.00017	0
NPR1	0.00323	0	0
NPR2	0.05847	0.01026	0.02032
NPR3	0.01004	0.00071	0
NPRL2	0.10818	0.09985	0.17293
NPRL3	0.03396	0.03115	0.07777
NPSR1-AS1	0.01362	0.00187	0
NPTN	0.31065	0.14451	0.14571
NPTX2	0.02178	0.00075	0
NPTXR	0.14022	0.13217	0.09658
NPW	0.00488	0.00252	0.03473
NPY6R	0.00061	0.00095	0
NQO1	0.60423	0.31405	0.11903
NQO2	0.44563	0.10921	0.08042
NR0B1	0.00349	0.00145	0
NR0B2	0.16155	0.01611	0.00955
NR1D1	0.02258	0.00956	0.01368
NR1D2	0.15284	0.13007	0.10248
NR1H2	0.09775	0.07026	0.06131
NR1H3	0.35233	0.12893	0.04315
NR1H4	0.34448	0.06067	0.00903
NR1I2	0.08635	0.01844	0
NR1I3	0.1705	0.01177	0
NR2C1	0.15629	0.10453	0.09862
NR2C2	0.07105	0.10631	0.19695
NR2C2AP	0.03864	0.01602	0.03028
NR2E1	0.00279	0.00342	0.00281
NR2F1	0.07706	0.01375	0
NR2F1-AS1	0.01803	0.00245	0.00084
NR2F2	0.22684	0.05049	0.0019
NR2F2-AS1	0.00424	0	0
NR2F6	0.40957	0.08251	0.0269
NR3C1	0.41394	0.43281	0.66898
NR3C2	0.01457	0.0023	0
NR4A1	0.01342	0.10549	0.07568
NR4A2	0.0356	0.47675	0.50134
NR4A3	0.00346	0.04854	0.00537
NR5A2	0.21002	0.04194	0.01284
NR6A1	0.06454	0.02722	0.0019
NRARP	0.00487	0.00228	0.00129
NRAS	0.16532	0.13726	0.2302
NRBF2	0.17024	0.14242	0.15554
NRBP1	0.26173	0.28896	0.38517
NRBP2	0.34701	0.06459	0.0069
NRCAM	0.1058	0.01218	0
NRDE2	0.20841	0.1256	0.25311
NREP	0.21813	0.05637	0.05473
NRF1	0.04982	0.06415	0.08897
NRG1	0.002	0.00055	0.00125
NRG2	0.00875	0.00038	0
NRG4	0.00249	0.00085	0
NRGN	0.00192	0.00309	0.01168
NRIP1	0.32662	0.19813	0.14031
NRIP2	0.01643	0.02538	0.0193
NRIP3	0.00662	0.01946	0.00433
NRL	0.00875	0.00447	0.0025
NRM	0.03493	0.04728	0.29732
NRN1	0.00307	0	0
NRN1L	0.00505	0.00388	0.00175
NRON	0.06914	0.04645	0.03377
NRP1	0.23236	0.2478	0.0509
NRP2	0.01215	0.07633	0
NRROS	1e-04	0.01167	0.00112
NRSN1	0.00925	0.00446	0.00118
NRSN2	0.01528	0.00902	0.00165
NRTN	0.04939	0.01643	0.00445
NRXN1	0.01103	0.00253	0.00389
NRXN2	0.03692	0.00885	0
NRXN3	0.01074	0.00516	0.00579
NSA2	0.28462	0.37028	0.70445
NSD1	0.38972	0.43185	0.62396
NSDHL	0.19754	0.07317	0.13257
NSF	0.09367	0.08853	0.08451
NSFL1C	0.25486	0.17284	0.22473
NSL1	0.30082	0.21523	0.20859
NSMAF	0.03733	0.05653	0.07018
NSMCE1	0.20395	0.13833	0.29497
NSMCE2	0.08249	0.06611	0.0505
NSMCE4A	0.20587	0.13738	0.16212
NSMF	0.041	0.03159	0.04865
NSRP1	0.34958	0.4044	0.76019
NSUN2	0.2526	0.15409	0.27051
NSUN3	0.02966	0.04085	0.04424
NSUN4	0.20218	0.16949	0.1491
NSUN5	0.12057	0.14203	0.20763
NSUN5P1	0.14863	0.09768	0.16984
NSUN5P2	0.13963	0.09766	0.08546
NSUN6	0.31219	0.14815	0.2432
NSUN7	0.02349	0.00734	0.003
NT5C	0.11419	0.11187	0.27138
NT5C2	0.20793	0.20052	0.24865
NT5C3A	0.10203	0.12068	0.1322
NT5C3B	0.08889	0.027	0.0095
NT5DC1	0.12026	0.08635	0.14002
NT5DC2	0.07276	0.09133	0.0628
NT5DC3	0.08209	0.02034	0.01355
NT5E	0.18496	0.02279	0.01162
NT5M	0.01089	0.00906	0.01672
NTAN1	0.07903	0.08453	0.21591
NTHL1	0.13319	0.05704	0.2356
NTMT1	0.09003	0.08953	0.23971
NTN1	0.01614	0.00144	0.00295
NTN4	0.01411	0.00013	0
NTN5	0.00232	0.00063	0
NTNG2	0.00094	0.01057	0.00306
NTPCR	0.11459	0.04784	0.0994
NTRK2	0.00229	0.00508	0
NTS	0.03368	0.01322	0
NUAK1	0.14544	0.03545	0.00098
NUAK2	0.04488	0.06529	0.02382
NUB1	0.33839	0.39622	0.38202
NUBP1	0.0664	0.10829	0.2115
NUBP2	0.15598	0.1237	0.34427
NUBPL	0.15488	0.10079	0.05927
NUCB1	0.54331	0.31599	0.31527
NUCB2	0.36767	0.46534	0.72093
NUCKS1	1.27577	0.94223	2.13677
NUDC	0.64323	0.5336	0.87516
NUDCD1	0.049	0.04194	0.03783
NUDCD2	0.15031	0.1036	0.20031
NUDCD3	0.20407	0.13922	0.15095
NUDT1	0.07179	0.12058	1.0231
NUDT12	0.07252	0.02221	0.0062
NUDT13	0.01484	0.00382	0
NUDT14	0.10265	0.05073	0.01025
NUDT15	0.05194	0.04184	0.07549
NUDT16	0.19061	0.10216	0.11058
NUDT16L1	0.12708	0.13764	0.19131
NUDT16P1	0.01662	0.00914	0.00167
NUDT17	0.00253	0.00763	0.01916
NUDT19	0.04947	0.03155	0.05112
NUDT2	0.04558	0.04503	0.13706
NUDT21	0.08761	0.08798	0.31508
NUDT22	0.07699	0.1112	0.09109
NUDT3	0.00242	0.00225	0.00088
NUDT4	0.04278	0.01109	0.00457
NUDT5	0.42145	0.19592	0.28534
NUDT6	0.03926	0.00881	0.12024
NUDT7	0.07486	0.02064	0.00048
NUDT8	0.04847	0.02187	0.08657
NUDT9	0.08832	0.08114	0.09663
NUF2	0.04206	0.01795	0.56739
NUFIP1	0.07491	0.0454	0.20658
NUFIP2	0.29452	0.47416	0.51028
NUGGC	0.2683	0.35256	0.35643
NUMA1	0.31318	0.21269	0.42541
NUMB	0.14102	0.11785	0.0753
NUMBL	0.0558	0.04221	0.02196
NUP107	0.21569	0.15855	0.2849
NUP133	0.10875	0.05937	0.17819
NUP153	0.15869	0.11687	0.26148
NUP155	0.14526	0.04262	0.23431
NUP160	0.08043	0.05065	0.15273
NUP188	0.02951	0.04086	0.05228
NUP205	0.07485	0.06959	0.10272
NUP210	0.0782	0.11394	0.28395
NUP214	0.16452	0.16774	0.33856
NUP35	0.04343	0.02865	0.12837
NUP37	0.02474	0.01354	0.05707
NUP43	0.19746	0.10644	0.12566
NUP50	0.22849	0.26346	0.74883
NUP54	0.03166	0.0536	0.1103
NUP62	0.24933	0.34851	0.4794
NUP62CL	0.00528	0.00409	0
NUP85	0.14118	0.11445	0.34417
NUP88	0.07641	0.07812	0.1467
NUP93	0.0852	0.0854	0.26212
NUP98	0.16563	0.10988	0.32511
NUPL2	0.08331	0.06354	0.14109
NUPR1	1.99548	0.594	0.10937
NUS1	0.14728	0.08095	0.1165
NUSAP1	0.16452	0.10502	2.29434
NUTF2	0.1289	0.11056	0.29509
NUTM2A-AS1	0.00844	0.01404	0.00051
NVL	0.12787	0.12704	0.30138
NWD1	0.34569	0.36127	0.30296
NXF1	0.14212	0.25044	0.35114
NXN	0.00551	7e-04	0.00081
NXNL1	0.00073	0.00043	0.0024
NXNL2	0.01781	0.01258	0.02474
NXPE3	0.28724	0.4512	0.38916
NXPH4	0.00393	1e-04	0
NXT1	0.04167	0.04657	0.10534
NXT2	0.06466	0.03973	0.10115
NYAP2	0.27699	0.24898	0.16713
NYNRIN	0.07541	0.01246	0
OAF	0.41837	0.05354	0.03144
OARD1	0.0998	0.06704	0.10446
OAS1	0.05354	0.08552	0.0962
OAS2	0.02925	0.2048	0.34132
OAS3	0.0724	0.11994	0.21386
OASL	0.0364	0.06618	0.16944
OAT	0.13318	0.0392	0.0818
OAZ1	0.77886	1.69033	2.2374
OAZ2	0.10445	0.15785	0.0961
OAZ3	0.00909	0.00568	0
OBSCN	0.19997	0.0285	0.00106
OBSL1	0.02462	0.01533	0.00067
OCEL1	0.10952	0.04087	0.00569
OCIAD1	0.47318	0.27265	0.29651
OCIAD2	0.28638	0.11814	0.23364
OCLN	0.19496	0.07717	0.02307
OCRL	0.06346	0.02597	0.00042
ODAM	0.00643	0.00024	0
ODC1	0.17337	0.19349	0.32758
ODF2	0.08206	0.08606	0.30615
ODF2L	0.36079	0.5065	0.48469
ODF3B	0.08488	0.12508	0.03609
OFD1	0.30809	0.40598	0.45965
OGDH	0.1704	0.17887	0.15007
OGDHL	0.23935	0.03377	0.02845
OGFOD1	0.37315	0.32311	0.34364
OGFOD2	0.07154	0.06377	0.12605
OGFOD3	0.17771	0.13886	0.103
OGFR	0.09962	0.09631	0.10449
OGFR-AS1	0.00498	0.00128	0
OGFRL1	0.06455	0.19072	0.22028
OGG1	0.04236	0.02774	0.076
OGT	0.39648	0.48494	0.42859
OIP5	0.00746	0.00451	0.10827
OIP5-AS1	0.3249	0.32345	0.36199
OLA1	0.3323	0.21725	0.44605
OLAH	0.15381	0.1632	0.08005
OLFM2	0.07769	0.01924	0.00411
OLFM4	0.00327	0.00042	0
OLFML1	0.01237	0.0014	0.00085
OLFML2A	0.00435	0.00747	0.00363
OLFML2B	0.00371	0.02242	0
OLFML3	0.03887	0.00791	0
OMA1	0.06022	0.06168	0.02779
ONECUT1	0.1318	0.02103	0.02537
ONECUT2	0.95314	0.19449	0.09989
OOEP	0.0035	0.00015	0
OPA1	0.29035	0.1974	0.35188
OPA3	0.5196	0.52147	0.38722
OPHN1	0.02137	0.02863	0.00419
OPLAH	0.16201	0.06153	0.0064
OPN3	0.05863	0.04904	0.00268
OPRK1	0.00231	0.00148	0.00462
OPRL1	0.01148	0.00488	0
OPRM1	0.04039	0.06041	0.05457
OPTN	0.69106	0.50905	0.80499
OR2A4	0.0108	0	0
OR4F13P	0.01022	0.00439	0.0029
OR4N3P	0.01349	0.00164	0
OR4N4	0.00293	0.00375	0
OR51E2	0.00375	0.00202	0.00424
OR7D2	0.00916	0.01211	0.00183
OR7E12P	0.00197	0.0016	0.00551
OR7E14P	0.00649	0.00096	0
OR7E37P	0.01164	0.01087	0.00531
OR7E47P	0.00132	0	0.00218
OR8A1	0.00382	0.00042	0
ORAI2	0.66549	0.86401	0.75966
ORAI3	0.17217	0.06161	0.04622
LTO1	0.04563	0.03975	0.04564
ORC1	0.00949	0.0104	0.0689
ORC2	0.10422	0.1045	0.15979
ORC3	0.148	0.12148	0.25612
ORC4	0.38335	0.33805	0.17307
ORC5	0.04001	0.01959	0.0352
ORC6	0.11548	0.08087	0.14984
ORM1	1.67093	0.29317	0.1217
ORM2	0.65084	0.08879	0.01246
ORMDL1	0.15881	0.15148	0.16307
ORMDL2	0.15212	0.14763	0.27538
ORMDL3	0.47225	0.29462	0.43077
OS9	0.89671	0.69962	0.56141
OSBP	0.26208	0.20669	0.29431
OSBP2	0.01732	0.01463	0.00043
OSBPL10	0.00635	0.03939	0.05943
OSBPL11	0.08572	0.09621	0.0912
OSBPL1A	0.09307	0.11482	0.01264
OSBPL2	0.24123	0.16667	0.14538
OSBPL3	0.04623	0.16746	0.37401
OSBPL5	0.00249	0.00673	0
OSBPL6	0.02781	0.00227	0.00119
OSBPL7	0.04192	0.05353	0.12391
OSBPL8	0.29653	0.40075	0.76251
OSBPL9	0.21429	0.17074	0.20175
OSCAR	0.00522	0.02947	0.01501
OSCP1	0.01279	0.00096	0
OSER1	0.21579	0.15222	0.31628
OSER1-DT	0.15313	0.11881	0.07246
OSGEP	0.06397	0.0857	0.09317
OSGEPL1	0.03688	0.01687	0.02481
OSGEPL1-AS1	0.00841	0.00535	0.01092
OSGIN1	0.82496	0.25421	0.03364
OSGIN2	0.07909	0.05561	0.0196
OSMR	0.06158	0.00588	0.0026
OSR2	0.0055	0.00592	0.00309
OST4	0.47712	0.74968	0.833
OSTC	0.22023	0.225	0.36192
OSTCP1	0.00028	0.00095	3e-04
OSTF1	0.04055	0.13034	0.19411
OSTM1	0.2241	0.14408	0.12833
OSTN-AS1	0.00419	0.01186	0.01163
OTC	0.10122	0.02728	0.00141
OTOA	0.00076	0.02675	0
OTOG	0.00514	0.00238	0.00069
OTUB1	0.30079	0.26946	0.54783
OTUB2	0.02513	0.01714	0
OTUD1	0.04091	0.12047	0.05075
OTUD3	0.05145	0.01962	0.06176
OTUD4	0.13018	0.15829	0.30015
OTUD5	0.52283	0.24471	0.18405
OTUD6A	0.04462	0.04854	0.04868
OTUD6B	0.14506	0.14214	0.13114
OTUD7A	0.00978	0.00704	0.00372
OTUD7B	0.13491	0.03882	0.00424
OTX1	0.01722	0.0031	0
OTX2-AS1	0.00508	0.00481	0.00043
OVGP1	0.02427	0.00901	0.00241
OXA1L	0.28699	0.28124	0.40408
OXCT1	0.00861	0.0634	0.28291
OXER1	0.02168	0.00306	0
OXLD1	0.16808	0.10521	0.06553
OXNAD1	0.09739	0.11008	0.17362
OXR1	0.21287	0.21072	0.20797
OXSM	0.03424	0.0207	0.01147
OXSR1	0.13004	0.09658	0.25012
OXTR	0.00434	0.00197	0
P2RX1	0.0021	0.06352	0.03958
P2RX4	0.13373	0.15856	0.04237
P2RX5	0.00585	0.0813	0.11608
P2RX5-TAX1BP3	0.01337	0.02396	0.0022
P2RX7	0.38485	0.41451	0.20109
P2RY1	0.0047	0.03621	0.00619
P2RY10	0.00978	0.10134	0.28027
P2RY13	0.00058	0.02301	0
P2RY14	0.00232	0.01209	0.01483
P2RY2	0.02211	0.01241	0.00493
P2RY6	0.01775	0.04859	0.03048
P4HA1	0.11787	0.12479	0.05727
P4HA2	0.12788	0.02796	0
P4HB	2.33316	1.13279	0.97597
P4HTM	0.03783	0.02718	0.05764
PA2G4	0.48493	0.51573	1.2175
PA2G4P4	0.08474	0.03111	0.01591
PAAF1	0.10304	0.06007	0.07392
PABPC1	1.13678	1.69365	2.1206
PABPC1L	0.39722	0.17482	0.28946
PABPC1P2	0.26259	0.25223	0.21495
PABPC3	0.00682	0.00884	0.00726
PABPC4	0.2814	0.67719	0.42323
PABPC4L	0.00123	0.00043	0
PABPN1	0.00955	0.0028	0.00051
PACRG	0.00206	0.00042	0
PACRGL	0.04855	0.02071	0.05391
PACS1	0.06478	0.14274	0.14962
PACS2	0.1476	0.09744	0.03726
PACSIN1	0.02257	0.00742	0.00049
PACSIN2	0.21435	0.12624	0.11815
PACSIN3	0.08845	0.01666	0.00167
PAEP	0.00557	0.00036	0
PAF1	0.15463	0.13858	0.19549
PAFAH1B1	0.16239	0.24937	0.34943
PAFAH1B2	0.35774	0.28649	0.39343
PAFAH1B3	0.15017	0.10474	0.3045
PAFAH2	0.17527	0.17871	0.19683
PAG1	0.29388	0.5861	0.89146
PAGE1	0.03055	0.01973	0
PAGE2B	0.03606	0.00997	0
PAGE4	0.08357	0.03631	0.02771
PAGE5	0.02695	0.00045	0
PAH	1.26091	0.30438	0.07577
PAICS	0.23771	0.29172	0.39746
PAIP1	0.45804	0.1664	0.16657
PAIP2	0.25466	0.29756	0.40131
PAIP2B	0.02219	0.019	0.00116
PAK1	0.18725	0.19189	0.22678
PAK1IP1	0.14776	0.09204	0.18396
PAK2	0.46046	0.50298	0.74585
PAK3	0.22978	0.18147	0.1376
PAK4	0.0021	0.00061	0
PALB2	0.06143	0.06979	0.03345
PALD1	0.00809	0.02817	0
PALLD	0.1511	0.03684	0.02169
PALM	0.04626	0.02874	0.02227
PALM2	0.23961	0.21477	0.1499
PALM3	0.05071	0.01642	0
PALMD	0.21382	0.02709	0.00501
PAM	0.06769	0.07781	0.17111
PAN2	0.18956	0.0797	0.06477
PAN3	0.05352	0.0931	0.17911
PAN3-AS1	0.00215	0.00637	0.01013
PANK1	0.46519	0.24162	0.11017
PANK2	0.72914	0.65486	0.64808
PANK3	0.13797	0.06188	0.05422
PANK4	0.04825	0.0559	0.05402
PANX1	0.06443	0.02803	0.02794
PANX2	0.04545	0.01353	0.00168
PANX3	0.00533	0.00014	0
PAOX	0.09979	0.1452	0.07344
TENT2	0.07396	0.13757	0.16439
TENT4B	0.37228	0.23245	0.22545
TENT4A	0.15092	0.03971	0.0857
PAPLN	0.07462	0.02215	0.00287
PAPOLA	0.52599	0.56594	0.7337
PAPOLG	0.05616	0.08881	0.06937
PAPPA2	0.0219	0.00273	0
PAPSS1	0.04581	0.07047	0.08735
PAPSS2	0.23097	0.06301	0.002
PAQR3	0.02179	0.01437	0.02411
PAQR4	0.00497	0.02662	0.08234
PAQR5	0.03751	0.03044	0.01094
PAQR6	0.00317	0.00603	0
PAQR7	0.03343	0.03355	0.01606
PAQR8	0.00445	0.03813	0.02079
PAQR9	0.10335	0.00639	0.0012
PARD3	0.24368	0.04833	0.02586
PARD3-AS1	0.00471	0.00057	0
PARD3B	0.28147	0.0439	0.00704
PARD6A	0.0186	0.03892	0.0118
PARD6B	0.07815	0.01445	0.04976
PARD6G	0.32321	0.2896	0.16481
PARG	0.13584	0.1382	0.24899
PRKN	0.16814	0.12749	0.07519
PARK7	0.63362	0.52467	1.3725
PARL	0.15277	0.134	0.2567
PARM1	0.00396	0.0762	0.04849
PARN	0.14131	0.1502	0.29704
PARP1	0.54213	0.6279	1.30205
PARP10	0.11529	0.12677	0.13025
PARP11	0.02725	0.05006	0.16067
PARP12	0.15177	0.13344	0.13014
PARP14	0.55326	0.76811	0.75812
PARP15	0.02886	0.1221	0.07097
PARP16	0.05377	0.02099	0.02698
PARP2	0.10406	0.05416	0.14127
PARP3	0.10829	0.09768	0.05814
PARP4	0.28664	0.24524	0.32798
PARP6	0.1113	0.18258	0.08627
PARP8	0.05058	0.29229	0.401
PARP9	0.23628	0.26113	0.30162
PARPBP	0.05418	0.03441	0.29548
PARS2	0.01812	0.00402	0.00982
PART1	0.21648	0.22167	0.20379
PARVA	0.10609	0.05583	0.01664
PARVB	0.01904	0.05411	0.04483
PARVG	0.00937	0.26442	0.17874
PASD1	0.00527	0	0
PASK	0.04516	0.03286	0.03105
PATE2	0.08547	0.06016	0.05629
PATE4	0.00257	0.00474	0
PATL1	0.10907	0.1049	0.09952
PATL2	0.02028	0.05094	0.0372
PATZ1	0.09501	0.05184	0.10909
PAWR	0.26928	0.05575	0.03061
PAX5	0.00459	0.04185	0.11841
PAX6	0.03465	0.01026	0.00853
PAX8	0.0127	0.02157	0.02229
PAX8-AS1	0.03115	0.02536	0.00102
PAXBP1	0.15043	0.18385	0.32521
PAXBP1-AS1	0.02915	0.02736	0.01725
PAXIP1	0.06052	0.02192	0.20528
PAXIP1-AS1	0.12868	0.11247	0.05776
PAXIP1-AS2	0.0473	0.038	0.0203
PBDC1	0.13204	0.14655	0.28511
PBK	0.02662	0.0204	0.37844
PBLD	0.3107	0.11733	0.03981
PBOV1	0.07433	0.06153	0.04262
PBRM1	0.41257	0.42582	0.67114
PBX1	0.02257	0.01148	0.02532
PBX2	0.04744	0.06357	0.0213
PBX3	0.07103	0.08927	0.11598
PBX4	0.00076	0.01826	0.01033
PBXIP1	0.3625	0.33408	0.29408
PC	0.36045	0.04024	0.01478
PCA3	0.02317	0.01942	0.02642
PCAT1	0.20226	0.17785	0.14728
PCAT6	0.00427	0.00096	0
PCAT7	0.18094	0.1393	0.10682
PCBD1	0.37857	0.08804	0.12417
PCBD2	0.07301	0.06674	0.12998
PCBP1	0.39374	0.33789	0.54026
PCBP1-AS1	0.00659	0.00748	0
PCBP2	0.88457	0.67383	0.98856
PCBP3	0.00084	0.0039	0.00161
PCBP4	0.07257	0.03622	0.01345
PCCA	0.1184	0.04769	0.05239
PCCB	0.14079	0.07348	0.03702
PCDH1	0.1806	0.01834	0
PCDH11Y	0.5725	0.5646	0.3769
PCDH12	0.00294	0.00999	0.00033
PCDH17	0.04607	0.01428	0
AL592490.1	0.00398	0	0
PCDH9	0.0161	0.00548	0
PCDHA1	0.01419	0.00081	0
PCDHA12	0.00641	0.00042	0
PCDHA13	0.0072	1e-04	0
PCDHA2	0.0032	0.00043	0
PCDHA3	0.00295	0.00011	0
PCDHA9	0.01115	0.00647	0.00497
PCDHAC1	0.00758	0	0
PCDHB13	0.00245	0	0
PCDHB14	0.00585	0.00279	0
PCDHB19P	0.00915	0.00238	0.00086
PCDHB2	0.00391	0.00203	0
PCDHB3	0.00618	0	0
PCDHB5	0.00335	0	0
PCDHB9	0.0536	0.04976	0.02379
PCDHGA10	0.01085	0	0
PCDHGA3	0.00482	0.00125	0
PCDHGA4	0.00391	0.00015	0
PCDHGA5	0.0097	0.00665	0
PCDHGA8	0.01652	0.00487	0
PCDHGB2	0.00211	0.01134	0
PCDHGB6	0.00585	0.00012	0
PCDHGB7	0.00603	0.00602	0
PCED1A	0.20386	0.12049	0.18351
PCED1B	0.01243	0.19382	0.21044
PCED1B-AS1	0.01824	0.22068	0.26885
PCF11	0.16909	0.39449	0.53715
PCGF1	0.01839	0.00793	0.00379
PCGF3	0.07999	0.07556	0.08566
PCGF5	0.3268	0.24775	0.36255
PCGF6	0.03545	0.01219	0.04004
PCID2	0.05825	0.06203	0.08816
PCIF1	0.02886	0.03482	0.09184
PCK1	0.1922	0.05792	0.02323
PCK2	0.28277	0.0867	0.09196
PCLO	0.09346	0.01065	0
PCM1	0.83556	1.00317	1.40559
PCMT1	0.2036	0.15366	0.40132
PCMTD1	0.22998	0.30869	0.15533
PCMTD2	0.29081	0.1253	0.11838
PCNA	0.0816	0.08243	0.48851
PCNP	0.31618	0.29586	0.384
PCNT	0.22137	0.2611	0.70312
PCOLCE	0.05607	0.00893	0.05499
PCOLCE2	0.07558	0.01204	0.00044
PCP2	0.0049	0.00444	0
PCSK1N	0.1144	0.00393	0
PCSK4	0.02555	0.00679	0
PCSK5	0.06362	0.03798	0.01679
PCSK6	0.30529	0.02924	0.01837
PCSK7	0.07238	0.10556	0.14106
PCSK9	0.04934	0.00478	0
PCTP	0.10362	0.05273	0.00094
PCYOX1	0.78879	0.36174	0.20643
PCYOX1L	0.00724	0.0194	0.01073
PCYT1A	0.0584	0.05457	0.0808
PCYT1B	0.00191	0.00304	0.00034
PCYT2	0.67906	0.17268	0.23158
PDAP1	0.35782	0.3116	0.601
PDCD1	0.00228	0.08574	0.20681
PDCD10	0.20636	0.22911	0.41701
PDCD11	0.33526	0.15843	0.34571
PDCD1LG2	0.00108	0.01182	0
PDCD2	0.15725	0.12635	0.12984
PDCD2L	0.02738	0.01636	0.01606
PDCD4	0.44344	0.77678	0.68434
PDCD4-AS1	0.00812	0.02216	0.00967
PDCD5	0.33196	0.20891	0.46205
PDCD6	0.45478	0.25144	0.35837
PDCD6IP	0.23923	0.15508	0.24654
PDCD7	0.16712	0.16858	0.18618
PDCL	0.02668	0.07059	0.07098
PDCL3	0.05848	0.0521	0.11462
PDCL3P4	0.01049	0.00715	0.0158
GATD1	0.4913	0.37464	0.33878
PDE11A	0.46252	0.38168	0.30878
PDE12	0.1273	0.07305	0.13579
PDE1B	9e-04	0.01621	0
PDE1C	0.00675	0.00443	0.00273
PDE3A	0.01059	0.00644	0.00025
PDE3B	0.21158	0.05963	0.08042
PDE4A	0.06413	0.09698	0.04918
PDE4B	0.0187	0.17575	0.18534
PDE4C	0.3569	0.34614	0.2423
PDE4D	0.01744	0.0619	0.03364
PDE4DIP	0.08156	0.05644	0.05765
PDE5A	0.00604	0.0054	0.00076
PDE6A	0.31976	0.32291	0.2495
PDE6B	0.01047	0.04418	0.01397
PDE6D	0.03956	0.0523	0.08701
PDE6G	0.00458	0.026	0.00196
PDE7A	0.19236	0.26598	0.30116
PDE7B	0.08592	0.07788	0.0374
PDE8A	0.11013	0.06736	0.0017
PDE8B	0.00176	0.00331	0.01588
PDE9A	0.00831	0.00366	0
PDGFA	0.13869	0.05293	0.0059
PDGFB	0.00994	0.01281	0
PDGFC	0.03987	0.05053	0.00511
PDGFD	0.00297	0.01852	0.12113
PDGFRA	0.01537	0.00532	0
PDGFRB	0.02654	0.01163	0.00313
PDGFRL	0.00245	0.00345	0
PDHA1	0.29852	0.21107	0.24942
PDHB	0.203	0.13457	0.34859
PDHX	0.13408	0.05771	0.09337
PDIA2	0.00481	0	0
PDIA3	0.98045	0.71895	1.08057
PDIA3P1	0.0282	0.01964	0.02408
PDIA4	1.01926	0.60706	0.76607
PDIA5	0.10725	0.05096	0.07223
PDIA6	0.951	0.71975	1.32372
PDIK1L	0.04375	0.03452	0.09857
PDK1	0.09988	0.31125	0.14678
PDK2	0.21038	0.05978	0.07397
PDK3	0.12131	0.0997	0.14451
PDK4	0.34449	0.13272	0.02305
PDLIM1	0.22451	0.074	0.15549
PDLIM2	0.01858	0.05006	0.06988
PDLIM3	0.03053	0.00816	0
PDLIM5	0.46736	0.39413	0.28111
PDLIM7	0.02149	0.02433	0.06248
PDP1	0.02577	0.06611	0.14379
PDP2	0.44021	0.32321	0.22701
PDPK1	0.12099	0.12047	0.09113
PDPR	0.32271	0.23932	0.29005
PDRG1	0.10972	0.09457	0.17502
PDS5A	0.49732	0.35283	0.63857
PDS5B	0.20504	0.24362	0.57049
PDSS1	0.0341	0.018	0.10274
PDSS2	0.06148	0.03849	0.07781
PDXDC1	0.21014	0.18522	0.19359
PDXDC2P-NPIPB14P	0.13212	0.14542	0.04616
PDXK	0.25735	0.2667	0.28053
PDXP	0.18097	0.05741	0.06605
PDZD11	0.14267	0.05655	0.2326
PDZD3	0.00471	0	0
PDZD7	0.01374	0.0175	0.00541
PDZD8	0.29172	0.11663	0.15404
PDZD9	0.00241	0.00297	0.00078
PDZK1	0.28757	0.03923	0.01978
PDZK1IP1	0.11429	0.02804	0.00406
PDZRN3	0.00197	0	0
PEA15	0.18913	0.23117	0.32566
PEAK1	0.12701	0.17039	0.10633
PEAR1	0.00265	0.00389	0
PEBP1	2.23092	1.12192	0.88936
PEBP4	0.00255	0.00061	0
PECAM1	0.07007	0.45685	0.41865
PECR	0.43057	0.11812	0.10763
PEF1	0.15805	0.11834	0.12617
PEG10	1.10601	0.45546	0.16235
PEG3	0.04681	0.01194	0
PELI1	0.04139	0.22234	0.13312
PELI3	0.05883	0.02607	0.01227
PELO	0.04575	0.02966	0.06596
PELP1	0.14342	0.13078	0.22993
PEMT	0.21153	0.04863	0.05866
PEPD	0.26221	0.09438	0.12767
PER1	0.06303	0.12256	0.10937
PER2	0.09896	0.05446	0.08055
PER3	0.18309	0.0587	0.02244
PERP	0.26552	0.04518	0.02971
PES1	0.08187	0.07606	0.10978
PET100	0.51203	0.62065	1.14728
PET117	0.11937	0.06548	0.18335
PEX1	0.11626	0.0916	0.06351
PEX10	0.07165	0.02516	0.04861
PEX11A	0.08744	0.03265	0.0381
PEX11B	0.21506	0.09332	0.17383
PEX11G	0.03358	0.01261	0.03118
PEX12	0.01787	0.02439	0.00288
PEX13	0.22497	0.20102	0.16708
PEX14	0.03854	0.02697	0.02877
PEX16	0.04863	0.03821	0.02797
PEX19	0.27371	0.0837	0.06585
PEX2	0.12038	0.08189	0.18538
PEX26	0.06707	0.0548	0.05839
PEX3	0.09694	0.04702	0.08923
PEX5	0.08982	0.01701	0.03046
PEX5L	0.13118	0.14779	0.07395
PEX6	0.20182	0.05237	0.02675
PEX7	0.02539	0.00754	0.00612
PFAS	0.05912	0.02624	0.08225
PFDN1	0.1423	0.17162	0.24613
PFDN2	0.20894	0.12175	0.32251
PFDN4	0.11872	0.11004	0.17629
PFDN5	1.08324	1.82813	1.91064
PFDN6	0.03619	0.01553	0.04387
PFKFB1	0.06236	0.00504	0.03353
PFKFB2	0.10544	0.04504	0.00677
PFKFB3	0.02251	0.12399	0.07568
PFKFB4	0.0227	0.01883	0.01693
PFKL	0.46064	0.3544	0.65105
PFKM	0.03397	0.03016	0.06507
PFKP	0.02423	0.07672	0.26938
PFN1	0.39948	0.93207	1.68367
PFN2	0.06945	0.0215	0
PFN4	0.00924	0.00063	0
PGAM1	0.35907	0.31879	0.76275
PGAM2	0.08142	0.01478	0.00135
PGAM4	0.00726	0.00202	0.00017
PGAM5	0.07266	0.03345	0.06676
PGAP1	0.05697	0.0191	0.00463
PGAP2	0.13697	0.0511	0.04332
PGAP3	0.11338	0.03638	0.04245
PGBD1	0.0397	0.02031	0.00607
PGBD2	0.02181	0.01943	0.008
PGBD4	0.02677	0.01716	0.01873
PGBD5	0.019	0.00325	0.00033
PGC	0.01072	0.00041	0
PGD	0.27532	0.23064	0.29543
PGGT1B	0.03555	0.05657	0.03567
PGK1	0.65197	0.56506	0.82894
PGLS	0.1747	0.22755	0.33555
PGLYRP2	0.1459	0.0341	0.00225
PGM1	0.28359	0.08555	0.1407
PGM2	0.06056	0.05266	0.11036
PGM2L1	0.35618	0.36373	0.23437
PGM3	0.20929	0.17783	0.17479
PGP	0.11925	0.12959	0.34431
PGPEP1	0.50266	0.35746	0.30187
PGPEP1L	0.00674	0.00351	0
PGRMC1	0.90126	0.13602	0.09333
PGRMC2	0.44769	0.24882	0.12935
PGS1	0.03344	0.0221	0.01723
PHACTR1	0.00083	0.02557	0.00818
PHACTR2	0.27826	0.31394	0.45627
PHACTR4	0.7262	0.6835	0.70789
PHAX	0.77507	0.68524	0.7195
PHB	0.47545	0.24084	0.46459
PHB2	0.21724	0.21186	0.48116
PHC1	0.03862	0.05294	0.08934
PHC2	0.18203	0.07705	0.08811
PHC3	0.5709	0.38016	0.27437
PHEX	0.0091	0.0423	0.02201
PHF1	0.09231	0.0626	0.04939
PHF10	0.17	0.11804	0.19681
PHF11	0.01171	0.0525	0.0449
PHF12	0.35114	0.3841	0.34805
PHF13	0.06388	0.04817	0.03357
PHF14	0.48831	0.37308	0.35298
PHF19	0.01568	0.05301	0.60116
PHF2	0.04268	0.06682	0.08768
PHF20	0.26869	0.32474	0.36505
PHF20L1	0.47774	0.38283	0.60629
PHF21A	0.13196	0.21395	0.19607
PHF23	0.07073	0.06827	0.06221
PHF3	0.70797	0.73206	0.72821
PHF5A	0.05626	0.06001	0.13407
PHF6	0.10438	0.11323	0.29977
PHF7	0.03713	0.02226	0.08842
PHF8	0.15163	0.07583	0.23543
PHGDH	0.23517	0.11922	0.14793
PHGR1	0.00078	0.00016	0
PHIP	0.57368	0.75124	1.09618
PHKA1	0.00921	0.00506	0.02903
PHKA2	0.62019	0.15678	0.15526
PHKB	0.27954	0.22681	0.16702
PHKG1	0.15931	0.11259	0.11772
PHKG2	0.12796	0.12216	0.11489
PHLDA1	0.16165	0.11477	0.13607
PHLDA2	0.02364	0.01045	0
PHLDA3	0.07974	0.07902	0.0787
PHLDB1	0.03006	0.00579	0
PHLDB2	0.11809	0.04541	0.12751
PHLDB3	0.05797	0.02227	0.044
PHLPP1	0.10744	0.05031	0.07564
PHLPP2	0.04305	0.02225	0.00652
PHOSPHO2	0.01555	0.00594	0.02393
PHPT1	0.47623	0.62326	1.03606
PHRF1	0.13564	0.10904	0.14417
PHTF1	0.0485	0.10069	0.21303
PHTF2	0.07585	0.2385	0.40496
PHYH	1.08958	0.28383	0.18362
PHYHD1	0.00595	0.00573	0.00087
PHYHIPL	0.1192	0.00914	0.00226
PHYKPL	0.04291	0.05829	0.07901
PI15	0.01513	2e-04	0
PI3	0.00173	0.00014	0
PI4K2A	0.07414	0.09739	0.04968
PI4K2B	0.15112	0.05732	0.11814
PI4KA	0.09632	0.10684	0.2007
PI4KAP2	0.05141	0.04233	0.00515
PI4KB	0.21672	0.21946	0.11292
PIAS1	0.132	0.20477	0.17143
PIAS2	0.491	0.3745	0.39157
PIAS3	0.08793	0.06981	0.09664
PIAS4	0.05262	0.0427	0.14373
PIBF1	0.16263	0.13365	0.22727
PICALM	0.33285	0.26687	0.16432
PICK1	0.05031	0.02802	0.02494
PID1	0.06977	0.02986	0.0168
PIEZO1	0.11353	0.10285	0.14498
PIEZO2	0.28202	0.03175	0
PIF1	0.01002	0.02962	0.2324
PIFO	0.00874	0.00083	5e-04
PIGA	0.02543	0.02131	0.02672
PIGB	0.01798	0.02481	0.03867
PIGC	0.07802	0.05939	0.06359
PIGF	0.05344	0.03954	0.04694
PIGG	0.14623	0.16221	0.16755
PIGH	0.06042	0.03441	0.05388
PIGK	0.09742	0.03688	0.09759
PIGL	0.01583	0.02315	0.00436
PIGM	0.30157	0.1782	0.10619
PIGN	0.06702	0.04899	0.0698
PIGO	0.02644	0.02493	0.04201
PIGP	0.05765	0.04452	0.05197
PIGQ	0.06253	0.04058	0.02711
PIGR	0.12321	0.03279	0.0055
PIGS	0.1175	0.16492	0.16029
PIGT	0.56028	0.35342	0.35031
PIGU	0.0876	0.04039	0.09691
PIGV	0.0612	0.02726	0.05679
PIGX	0.64342	0.58382	0.38832
PIGZ	0.01828	0.00561	0.0109
PIH1D1	0.16198	0.16276	0.29566
PIH1D2	0.00972	0.0066	0.00033
PIH1D3	0.01617	0.01435	0.00652
PIK3AP1	0.21038	0.25758	0.20255
PIK3C2A	0.45889	0.45331	0.29321
PIK3C2B	0.0651	0.03062	0.02873
PIK3C2G	0.03531	0.00553	0.00293
PIK3C3	0.06715	0.10822	0.09769
PIK3CA	0.19051	0.15095	0.15478
PIK3CB	0.20896	0.11032	0.04346
PIK3CD	0.02721	0.26292	0.41141
PIK3CG	0.01052	0.21261	0.24913
PIK3IP1	0.07714	0.28337	0.30444
PIK3R1	0.34502	0.57083	0.69166
PIK3R2	0.30356	0.10555	0.13889
PIK3R3	0.04975	0.09298	0.07595
PIK3R4	0.05755	0.03924	0.01495
PIK3R5	0.00383	0.12608	0.15541
PIKFYVE	0.21736	0.26921	0.31731
PILRA	0.00721	0.06177	0.00198
PILRB	0.02099	0.01172	0.00171
PIM1	0.09969	0.16665	0.20379
PIM2	0.04422	0.60922	0.40604
PIM3	0.09646	0.08883	0.13331
PIN1	0.06416	0.10556	0.40321
PIN1P1	0.00063	0.00097	0.0032
PIN4	0.33498	0.19799	0.41358
PIN4P1	0.20223	0.20951	0.15234
PINK1	0.30965	0.12118	0.05158
PINK1-AS	0.03843	0.03514	0.01896
PINLYP	0.0018	0.00521	0.00028
PINX1	0.0126	0.04039	0.06864
PIP4K2A	0.14368	0.48382	0.76778
PIP4K2C	0.06458	0.0347	0.06401
PIP5K1A	0.04819	0.02009	0.00888
PIP5K1B	0.00207	0.03951	0.01906
PIP5K1C	0.01591	0.02841	0.00319
PIP5K1P1	0.00243	0.00074	0
PIPOX	0.40828	0.12237	0.09308
PIPSL	0.13659	0.10189	0.03059
PIR	0.07572	0.01699	0.00359
PISD	0.05336	0.05812	0.03931
PITHD1	0.13487	0.12756	0.18465
PITPNA	0.083	0.12836	0.19287
PITPNA-AS1	0.02188	0.03804	0.05153
PITPNB	0.21832	0.28074	0.45684
PITPNC1	0.0444	0.07286	0.07295
PITPNM1	0.03764	0.08582	0.12525
PITPNM2	0.10252	0.03378	0
PITPNM3	0.0199	0.01448	0.00568
PITRM1	0.16368	0.09686	0.1802
PITX1	0.02134	0.01359	0.00061
PIWIL2	0.15479	0.14618	0.11275
PIWIL3	0.00349	0.00082	0
PIWIL4	0.00558	0.00688	0.00162
PJA1	0.03619	0.02	0.01651
PJA2	0.50167	0.4759	0.51045
PKD1	0.08188	0.06534	0.03743
PKD1L1	0.01169	0.00363	0.00028
PKD1L2	0.02878	0.0021	0
PKD1P1	0.00795	0.00725	0.00347
PKD2	0.04721	0.04728	0.0636
PKDCC	0.01199	0.00182	0
PKHD1	0.00576	0.00245	0
PKHD1L1	0.00098	0.01815	0.04373
PKIA	0.0153	0.0283	0.00749
PKIB	0.03401	0.04614	0.00425
PKIG	0.14172	0.04833	0.01437
PKLR	0.38868	0.08112	0.04297
PKM	0.26559	0.58528	1.41252
PKMYT1	0.01181	0.00999	0.24237
PKN1	0.0415	0.03577	0.06675
PKN2	0.24839	0.21295	0.33643
PKN3	0.01589	0.00879	0.06385
PKNOX1	0.07031	0.06314	0.12545
PKP2	0.09742	0.0281	0.01589
PKP4	0.33718	0.08077	0.10811
PLA1A	0.11385	0.02359	0.01249
PLA2G12A	0.24067	0.14453	0.09831
PLA2G12B	0.11377	0.02373	0.00208
PLA2G15	0.07413	0.13712	0.01771
PLA2G16	0.30536	0.10177	0.07008
PLA2G1B	0.02232	0.00107	0
PLA2G2A	0.09152	0.01385	0
PLA2G2D	0.00066	0.0189	0
PLA2G4C	0.13059	0.04799	0.00249
PLA2G4E	0.00375	0.00308	0
PLA2G4F	0.00223	0	0.0055
PLA2G6	0.02374	0.02217	0.0198
PLA2G7	0.04371	0.17565	0.01882
PLA2R1	0.00331	0.00027	0
PLAA	0.04549	0.08791	0.10421
PLAC8	0.00457	0.04003	0.02431
PLAC8L1	0.00782	0.00067	0.00814
PLAG1	0.01851	0.02038	0.00077
PLAGL1	0.0036	0.01382	0.00991
PLAGL2	0.0236	0.02656	0.03397
PLAU	0.00348	0.02994	0.00319
PLAUR	0.0214	0.08987	0.03438
PLB1	8e-05	0.01708	0
PLBD1	0.03683	0.05215	0.03442
PLBD2	0.02645	0.02156	0.00398
PLCB1	0.26758	0.07992	0.00155
PLCB2	0.01337	0.2816	0.22673
PLCB3	0.06266	0.05897	0.05044
PLCD1	0.02391	0.04634	0.06588
PLCD3	0.00837	0.0053	0.00175
PLCD4	0.06353	0.01004	0
PLCE1	0.0757	0.0065	0
PLCG1	0.13176	0.07498	0.09933
PLCG2	0.49942	0.46508	0.50388
PLCH1	0.00619	0.00271	0
PLCH2	0.00184	0.01187	0
PLCL1	0.0091	0.02945	0.04657
PLCL2	0.05013	0.09163	0.22553
PLCXD1	0.00203	0.00115	0.00043
PLCXD2	0.00166	0.01011	0.02093
PLCXD3	0.05965	0.05178	0.02285
PLCZ1	0.00448	0	0
PLD1	0.1509	0.04506	0.00301
PLD2	0.02792	0.03171	5e-04
PLD3	0.11613	0.24026	0.01557
PLD4	0.00214	0.02062	0.00094
PLD6	0.02333	0.0164	0.00083
PLEC	0.3766	0.27625	0.18077
PLEK	0.04194	0.58089	0.55952
PLEK2	0.0233	0.00437	0.02506
PLEKHA1	0.24313	0.12919	0.05001
PLEKHA2	0.21821	0.39617	0.57732
PLEKHA3	0.09889	0.09683	0.04794
PLEKHA4	0.03779	0.02336	0
PLEKHA5	0.35428	0.20304	0.2031
PLEKHA6	0.1386	0.03367	0.00525
PLEKHA7	0.05708	0.01585	0.00472
PLEKHA8	0.04564	0.04679	0.04651
PLEKHA8P1	0.03363	0.01869	0.01288
PLEKHB1	0.00768	0.01873	0
PLEKHB2	0.35262	0.3983	0.34611
PLEKHF1	0.03759	0.08014	0.17545
PLEKHF2	0.04736	0.05354	0.07284
PLEKHG1	0.02035	0.03426	0.00902
PLEKHG2	0.08655	0.18472	0.18373
PLEKHG3	0.10549	0.02954	0.00566
PLEKHG4	0.0249	0.01119	0.01642
PLEKHG4B	0.25183	0.21757	0.15823
PLEKHG5	0.00457	0.01826	0
PLEKHG6	0.07375	0.04976	0.03361
PLEKHG7	0.00522	0.00131	0
PLEKHH1	0.04871	0.0142	0.06421
PLEKHH2	0.01693	0.01143	0.01064
PLEKHH3	0.08779	0.0207	0.00615
PLEKHJ1	0.1264	0.18357	0.28274
PLEKHM1	0.07953	0.09376	0.05084
PLEKHM2	0.13422	0.12776	0.13512
PLEKHM3	0.23342	0.21245	0.18144
PLEKHN1	0.01535	0.01857	0.00562
PLEKHO1	0.03674	0.33339	0.31891
PLEKHO2	0.0279	0.18646	0.2004
PLG	1.66642	0.2873	0.097
PLGRKT	0.03352	0.05084	0.08587
PLIN1	0.02741	0.00014	0
PLIN2	0.63363	0.2619	0.33249
PLIN3	0.3165	0.30901	0.44605
PLIN4	0.1212	0.01554	0.01641
PLIN5	0.42904	0.08258	0.02512
PLK1	0.00978	0.01518	0.42083
PLK2	0.03155	0.04832	0.02949
PLK3	0.00639	0.0245	0.07238
PLK4	0.00646	0.00654	0.20923
PLLP	0.01867	0.01578	0.00073
PLOD1	0.54828	0.1575	0.1498
PLOD2	0.33069	0.03446	0.00359
PLOD3	0.2962	0.09988	0.11968
PLP2	0.02026	0.13506	0.30825
PLRG1	0.11956	0.10746	0.1805
PLS1	0.09305	0.02351	0.0245
PLS3	0.38535	0.07886	0.05214
PLSCR1	0.05634	0.08701	0.09709
PLSCR4	0.05452	0.0112	0
PLTP	0.03323	0.15764	0.01665
PLVAP	0.01126	0.00468	0
PLXDC1	0.16684	0.15053	0.20125
PLXDC2	0.07538	0.09323	0.02855
PLXNA1	0.04083	0.05266	0.01034
PLXNA2	0.03834	0.00178	0
PLXNA3	0.10347	0.05332	0.0039
PLXNA4	0.00184	0.00206	0.00157
PLXNB1	0.32582	0.06523	0.0021
PLXNB2	0.33422	0.15097	0.07392
PLXNB3	0.00204	0	0
PLXNC1	0.0932	0.25301	0.27608
PLXND1	0.10378	0.12874	0.00535
PM20D1	0.00328	0.00092	0
PM20D2	0.11587	0.04098	0.17979
PMAIP1	0.00932	0.17113	0.29646
PMCH	1e-04	0.01956	0.00146
PMCHL2	0.00137	0.00018	0
PMEL	0.00969	0.00014	0
PMEPA1	0.04832	0.0864	0.03684
PMF1	0.06468	0.08039	0.12369
PMFBP1	0.0176	0.02378	0.00647
PML	0.09882	0.10833	0.16544
PMM1	0.1681	0.10621	0.13499
PMM2	0.06972	0.1483	0.10456
PMP2	0.00232	0.00036	0
PMP22	0.01024	0.05621	0
PMPCA	0.133	0.08443	0.26992
PMPCB	0.21864	0.11013	0.22101
PMS1	0.10017	0.09881	0.2282
PMS2	0.15725	0.13427	0.21702
PMS2CL	0.0139	0.02187	0.02341
PMS2P1	0.04619	0.0404	0.15009
PMS2P3	0.00833	0.00967	0.01133
PMS2P4	0.01831	0.00466	0
PMS2P5	0.01628	0.00665	0.0021
PMS2P9	0.02363	0.02192	0.01483
PMVK	0.24577	0.13383	0.52357
PNCK	0.00472	0	0
PNISR	1.14324	1.17145	1.22486
PNKD	0.40331	0.24246	0.43547
PNKP	0.06753	0.08078	0.12529
PNMA1	0.0273	0.02013	0.11217
PNMA2	0.00766	0.00666	0.00173
PNMA3	0.11054	0.00951	0.00108
PNMA5	0.00197	0.00184	0
PNMA8A	0.0222	0.02667	0.0033
PNMT	0.00327	0	0
PNN	0.67789	0.67727	1.0019
PNO1	0.24382	0.2482	0.28368
PNOC	0.00261	0.05863	0.02824
PNP	0.03772	0.12987	0.19521
PNPLA1	0.05586	0.06019	0.03
PNPLA2	0.24754	0.09597	0.10105
PNPLA3	0.37324	0.19978	0.08177
PNPLA4	0.07038	0.03547	0.05788
PNPLA5	0.00245	0.00355	0
PNPLA6	0.13796	0.1071	0.06786
PNPLA7	0.02814	0.01486	0.01917
PNPLA8	0.18568	0.21432	0.21202
PNPO	0.34337	0.12345	0.11026
PNPT1	0.45748	0.44547	0.39481
PNRC1	0.37345	0.84482	0.83545
PNRC2	0.16578	0.27494	0.62073
POC1A	0.03844	0.01157	0.14595
POC1B	0.03912	0.06587	0.08
POC5	0.02315	0.04595	0.14576
PODNL1	0.0125	0.00496	0.00174
PODXL	0.02081	0.00505	0
PODXL2	0.02721	0.00565	5e-04
POF1B	0.00357	0	0
POFUT1	0.34591	0.19117	0.13608
POFUT2	0.09631	0.05192	0.01363
POGK	0.16136	0.11542	0.12416
POGLUT1	0.07405	0.10926	0.16108
POGZ	0.27041	0.13394	0.19454
POLA1	0.07109	0.08363	0.41939
POLA2	0.0382	0.02924	0.14772
POLB	0.10317	0.1074	0.16427
POLD1	0.02518	0.02034	0.04957
POLD2	0.36201	0.17352	0.22754
POLD3	0.06311	0.07438	0.41879
POLD4	0.59312	0.45479	0.546
POLDIP2	0.44496	0.18051	0.21549
POLDIP3	0.11979	0.14071	0.32802
POLE	0.08681	0.04081	0.14747
POLE2	0.01424	0.0031	0.08404
POLE3	0.21613	0.32339	0.97444
POLE4	0.10518	0.09767	0.42135
POLG	0.14606	0.181	0.16855
POLG2	0.04453	0.0373	0.01551
POLH	0.50457	0.49186	0.59908
POLI	0.06031	0.05242	0.03563
POLK	0.22364	0.24471	0.26874
POLL	0.09448	0.0695	0.11652
POLM	0.05182	0.0293	0.07388
POLN	0.02443	0.0196	0.02222
POLQ	0.03033	0.02245	0.47107
POLR1A	0.07596	0.044	0.09459
POLR1B	0.06916	0.02733	0.11474
POLR1C	0.10506	0.05884	0.0086
POLR1D	0.16007	0.23887	0.30138
POLR1E	0.06006	0.06967	0.18988
POLR2A	0.14345	0.2205	0.33467
POLR2B	0.15549	0.22314	0.36045
POLR2C	0.17375	0.06858	0.05521
POLR2D	0.07034	0.06122	0.1663
POLR2E	0.3856	0.28082	0.54665
POLR2F	0.21205	0.12176	0.21503
POLR2G	0.26842	0.33824	0.6742
POLR2H	0.1748	0.11418	0.11991
POLR2I	0.52911	0.31993	1.02467
POLR2J	0.30104	0.21557	0.3583
POLR2J3	0.07831	0.07367	0.05928
POLR2J4	0.02343	0.01553	0.0069
POLR2K	0.23048	0.17118	0.33162
POLR2L	0.60485	0.55919	0.82878
POLR2M	0.01564	0.03395	0.05521
POLR3A	0.19651	0.09897	0.26731
POLR3B	0.0859	0.04932	0.05557
POLR3C	0.14472	0.18506	0.24752
POLR3D	0.03552	0.10096	0.09951
POLR3E	0.06881	0.08055	0.02858
POLR3F	0.05521	0.03236	0.10974
POLR3G	0.0335	0.01556	0.02352
POLR3GL	0.17942	0.20558	0.48303
POLR3H	0.066	0.0238	0.14177
POLR3K	0.03171	0.04791	0.12245
POLRMT	0.27398	0.10701	0.11884
POM121	0.15353	0.14615	0.22974
POM121L10P	0.02686	0.02836	0.034
POM121L1P	0.00176	0.00062	0
POM121L8P	0.02049	0.0119	0.00809
POM121L9P	0.00123	0	0.00098
POMC	0.00014	0.00859	0.03012
POMGNT1	0.30469	0.11099	0.14319
POMGNT2	0.05772	0.01421	0.09396
POMK	0.00571	0.00595	0.00044
POMP	0.55293	0.6017	1.29493
POMT1	0.07278	0.04772	0.02417
POMT2	0.04891	0.03077	0.01029
POMZP3	0.01663	0.01836	0.04863
PON1	0.49205	0.04845	0.00453
PON2	0.4063	0.068	0.03275
PON3	0.5722	0.06553	0.03343
POP1	0.04901	0.03512	0.04271
POP4	0.13764	0.10491	0.34983
POP5	0.23279	0.16915	0.35472
POP7	0.18321	0.12462	0.30992
POPDC2	0.00353	0.00567	0.01554
POPDC3	0.01849	0.00465	0
POR	0.74763	0.18777	0.15187
PORCN	0.01301	0.0049	0.00557
POT1	0.04888	0.01326	0.06571
POT1-AS1	0.05344	0.03156	0.02142
POTEC	0.01595	0.0062	0.00099
POTEE	0.0081	0.00158	0
POTEF	0.00599	0	0
POTEG	0.02847	0.00536	0.00953
POU2AF1	0.03366	0.35464	0.31705
POU2F1	0.20629	0.25463	0.38317
POU2F2	0.03357	0.49813	0.58149
POU2F3	0.00513	0.00282	0.00025
POU5F1	0.01249	0.00658	0.00198
POU5F1B	0.00419	0	0
POU5F1P5	0.00589	0.00314	0
POU6F1	0.03309	0.03374	0.02796
POU6F2-AS1	0.01019	4e-04	0
PPA1	0.32198	0.2196	0.43615
PPA2	0.15308	0.13237	0.12026
PPAN	0.07145	0.08872	0.14828
PPARA	0.87123	0.35116	0.22395
PPARD	0.12039	0.11742	0.07194
PPARG	0.05477	0.01257	0.00034
PPARGC1A	0.19642	0.04109	0.02016
PPARGC1B	0.03693	0.05962	0.00379
PPAT	0.05768	0.01888	0.08355
PPCDC	0.04067	0.09956	0.11641
PPCS	0.35522	0.26965	0.2035
PPDPF	0.13473	0.12636	0.346
PPEF2	0.00105	0.00252	0.00086
PPFIA1	0.53842	0.4057	0.33678
PPFIA3	0.0257	0.01033	0
PPFIA4	0.01709	0.00464	0
PPFIBP1	0.1131	0.03507	0.00639
PPFIBP2	0.19264	0.05798	0.04581
PPHLN1	0.16928	0.26681	0.43467
PPIA	1.29892	1.1597	2.31684
PPIAL4G	0.00304	0.00085	0.0041
PPIAP30	0.00442	0.00271	0.00025
PPIB	0.76578	0.71708	0.98279
PPIC	0.13913	0.02275	0.01043
PPID	0.13739	0.13182	0.22673
PPIE	0.14357	0.13071	0.30862
PPIEL	0.01568	0.04646	0.01069
PPIF	0.2071	0.08768	0.12306
PPIG	0.78355	0.80377	1.14207
PPIH	0.07153	0.06059	0.3969
PPIL1	0.04956	0.02703	0.12721
PPIL2	0.09952	0.08867	0.03179
PPIL3	0.05185	0.04555	0.03336
PPIL4	0.23083	0.2577	0.33257
PPIL6	0.06758	0.04509	0.03053
PPIP5K1	0.04211	0.02529	0.02078
PPIP5K2	0.24559	0.20912	0.43781
PPL	0.04295	0.00925	0.00057
PPM1A	0.24096	0.13959	0.22735
PPM1B	0.56501	0.48838	0.47979
PPM1D	0.03294	0.07717	0.03997
PPM1E	0.00502	0	0
PPM1F	0.09332	0.07952	0.04544
PPM1G	0.30794	0.32901	0.84636
PPM1H	0.05897	0.02656	0.00637
PPM1J	0.00467	0.00014	0.00129
PPM1K	0.21997	0.37458	0.33464
PPM1L	0.06678	0.03849	0.00299
PPM1M	0.02477	0.07442	0.09783
PPM1N	0.02004	0.0983	0.02606
PPME1	0.07605	0.05465	0.02354
PPOX	0.18309	0.07817	0.08267
PPP1CA	0.49747	0.66731	1.52326
PPP1CB	0.34109	0.27318	0.41798
PPP1CC	0.44222	0.35591	0.96574
PPP1R10	0.2195	0.33847	0.37588
PPP1R11	0.23875	0.15289	0.16531
PPP1R12A	0.41631	0.7847	1.33444
PPP1R12B	0.21693	0.16517	0.06052
PPP1R12C	0.21333	0.24963	0.36934
PPP1R13B	0.09883	0.03856	0.06055
PPP1R13L	0.02102	0.00964	0.014
PPP1R14A	0.00053	0.00713	0
PPP1R14B	0.19782	0.13473	0.21967
PPP1R15A	0.07269	0.68744	0.91209
PPP1R15B	0.20564	0.34598	0.40472
PPP1R16A	0.44879	0.12673	0.08255
PPP1R16B	0.00598	0.09923	0.1895
PPP1R18	0.07054	0.23703	0.53191
PPP1R1A	0.19104	0.0273	0.05565
PPP1R1C	0.00364	0.00217	0
PPP1R2	0.14719	0.20091	0.25879
PPP1R21	0.12834	0.09963	0.15084
PPP1R26	0.03679	0.04131	0
PPP1R26-AS1	0.00749	0.00169	0.00044
PPP1R32	0.00989	0.00528	0.00351
PPP1R35	0.08377	0.07167	0.22843
PPP1R37	0.02123	0.01818	0.00026
PPP1R3B	0.41393	0.22071	0.14083
PPP1R3C	0.18176	0.02735	0.01919
PPP1R3D	0.01775	0.01495	0.00251
PPP1R3E	0.11807	0.04885	0.046
PPP1R3F	0.00474	0.0053	0.00211
PPP1R3G	0.09599	0.01646	0
PPP1R7	0.20418	0.2327	0.57218
PPP1R8	0.12627	0.09605	0.25558
PPP1R9A	0.16093	0.01499	0.00069
PPP1R9B	0.05685	0.12059	0.083
PPP2CA	0.26605	0.23963	0.5524
PPP2CB	0.09079	0.0639	0.05566
PPP2R1A	0.30562	0.23001	0.2695
PPP2R1B	0.61715	0.21557	0.23354
PPP2R2A	0.07105	0.20149	0.25375
PPP2R2B	0.00718	0.03907	0.10417
PPP2R2C	0.01508	0.00135	0
PPP2R2D	0.10823	0.10544	0.14619
PPP2R3A	0.03148	0.00716	0.01523
PPP2R3C	0.10832	0.25494	0.36497
PPP2R5A	0.51796	0.17463	0.30101
PPP2R5B	0.02636	0.01349	0.01443
PPP2R5C	0.20547	0.39312	0.63604
PPP2R5D	0.17629	0.16247	0.3209
PPP2R5E	0.17897	0.18208	0.30061
PPP3CA	0.12949	0.20091	0.19671
PPP3CB	0.11877	0.14475	0.32577
PPP3CC	0.02858	0.13048	0.21122
PPP3R1	0.04636	0.0491	0.02149
PPP4C	0.08635	0.04624	0.07128
PPP4R1	0.15601	0.09308	0.14615
PPP4R1L	0.00667	0.00131	0.00937
PPP4R2	0.34818	0.22971	0.41505
PPP4R4	0.03263	0.00561	0
PPP5C	0.0677	0.07773	0.24119
PPP6C	0.08884	0.10366	0.15643
PPP6R1	0.19944	0.22506	0.55522
PPP6R2	0.27772	0.18893	0.16804
PPP6R3	0.30151	0.25141	0.51852
PPRC1	0.09215	0.04573	0.1359
PPT1	0.14466	0.25199	0.29749
PPT2	0.05237	0.03292	0.01986
PPTC7	0.02315	0.03191	0.02403
PPWD1	0.08933	0.1661	0.30325
PQBP1	0.74278	0.26363	0.51013
PQLC1	0.23005	0.09173	0.0596
PQLC2	0.1803	0.13809	0.07501
PQLC3	0.04269	0.07226	0.04297
PRADC1	0.1158	0.08817	0.03593
PRAF2	0.05422	0.10483	0.15493
PRAME	0.20116	0.07908	0.01468
PRAMEF4	0.06982	0.0026	0
PRAP1	0.37453	0.08365	0.0874
PRC1	0.12427	0.07325	1.29873
PRC1-AS1	0.00163	0.00416	0.00026
PRCC	0.23459	0.17677	0.14594
PRCP	0.16681	0.21578	0.22779
PRDM1	0.04381	0.83213	0.65424
PRDM10	0.03364	0.02257	0.08221
PRDM11	0.0103	0.01418	0.00257
PRDM14	0.0062	0.00783	0.00642
PRDM15	0.04923	0.07854	0.1453
PRDM2	0.19023	0.41354	0.51194
PRDM4	0.05956	0.05615	0.08559
PRDM5	0.00277	0.01283	0.00675
PRDM6	0.0044	0.00026	0
PRDM7	0.02231	0.03268	0.02901
PRDM8	0.00056	0.01588	0.01085
PRDX1	1.44354	1.04508	1.15176
PRDX2	0.07186	0.07456	0.14283
PRDX3	0.33798	0.11726	0.19481
PRDX4	0.29496	0.61218	0.38863
PRDX5	0.95248	0.74499	0.80902
PRDX6	0.86489	0.38991	0.56879
PREB	0.28802	0.20342	0.32777
PRELID1	0.33212	0.32533	0.64205
PRELID2	0.63232	0.6103	0.39264
PRELP	0.1834	0.15832	0.14367
PREP	0.05091	0.04522	0.11928
PREPL	0.23176	0.17236	0.12589
PREX1	0.03431	0.24215	0.26658
PREX2	0.01187	0.0045	0.00158
PRF1	0.01924	0.32019	0.67572
PRG4	0.56906	0.1746	0.01817
PRH1	0.00447	0.00396	0.04235
PRH2	0.00331	0.00301	0
PRICKLE2	0.01319	0.00061	0
PRICKLE2-AS1	0.00206	0	0
PRICKLE2-AS3	0.00833	0.0102	0.00636
PRICKLE3	0.01591	0.02382	0.00098
AL365205.1	0.00239	0	0.00063
PRIM1	0.05803	0.05918	0.16356
PRIM2	0.01585	0.01379	0.07953
PRIMPOL	0.02647	0.03714	0.09783
PRKAA1	0.18805	0.06184	0.07035
PRKAA2	0.38701	0.08657	0.00713
PRKAB1	0.07802	0.04389	0.09293
PRKAB2	0.32508	0.06096	0.01592
PRKACA	0.07295	0.10213	0.10076
PRKACB	0.17649	0.45135	0.39918
PRKAG1	0.12339	0.08911	0.07959
PRKAG2	0.10193	0.08805	0.09227
PRKAG2-AS1	0.03959	0.00431	0
PRKAR1A	0.50007	0.42355	0.58217
PRKAR1B	0.01892	0.02023	0.01693
PRKAR2A	0.80957	0.40419	0.49431
PRKAR2A-AS1	0.02644	0.03187	0.01615
PRKAR2B	0.00226	0.01317	0.05556
PRKCA	0.18769	0.08314	0.09299
PRKCB	0.03656	0.40912	0.73452
PRKCD	0.05213	0.12184	0.06971
CAVIN3	0.00411	0.00591	0
PRKCE	0.03143	0.02581	0.00708
PRKCH	0.02115	0.36028	0.59561
PRKCI	0.33647	0.1162	0.05848
PRKCQ	0.00197	0.05494	0.21672
PRKCQ-AS1	0.00325	0.0594	0.02882
PRKCSH	0.21339	0.15368	0.20598
PRKCZ	0.1592	0.04087	0.03642
PRKD1	0.02176	0.00173	0
PRKD2	0.11568	0.28806	0.56761
PRKD3	0.10226	0.16606	0.22716
PRKDC	0.42763	0.3358	0.86714
PRKRA	0.1164	0.05585	0.20477
PRKRIP1	0.00646	0.00839	0.00155
PRKX	0.36039	0.44837	0.49724
PRKXP1	0.09526	0.11032	0.10717
PRKY	0.08614	0.07872	0.06007
PRLR	0.44345	0.02825	0.03352
PRMT1	0.06353	0.10025	0.15991
PRMT2	0.16125	0.45914	0.37619
PRMT3	0.05802	0.02223	0.06279
PRMT5	0.12121	0.05626	0.11213
PRMT5-AS1	0.00051	0.02242	0.03007
PRMT6	0.02113	0.0311	0.01262
PRMT7	0.06544	0.06223	0.05834
AC020688.1	0.0256	0.0174	0.01317
PRND	0.0022	0.00148	0.00025
PRNP	0.12832	0.17086	0.04246
PROC	0.60943	0.13053	0.00881
PROCA1	0.04656	0.02995	0.04394
PROCR	0.00811	0.00644	0
PRODH	0.0839	0.02772	0.00146
PRODH2	0.37051	0.06419	0.00221
PROKR2	0.02234	0.01993	0.01484
PROM1	0.00525	0.00086	0
PROM2	0.00556	0.00301	0.00276
PRORSD1P	0.00718	0.00112	0
PROS1	0.30234	0.0798	0.00344
PLPBP	0.1056	0.13078	0.25104
PROSER1	0.0406	0.06896	0.13318
PROSER2	0.05194	0.00176	0
PROSER2-AS1	0.0024	0.00082	0
PROX1	0.58863	0.09188	0.05608
PROX1-AS1	0.01412	0.00024	0.00026
PROZ	0.06625	0.00922	0
PRPF18	0.09228	0.09067	0.14483
PRPF19	0.24018	0.16783	0.23238
PRPF3	0.24286	0.17605	0.27916
PRPF31	0.19934	0.15177	0.3838
PRPF38A	0.08822	0.1184	0.33754
PRPF38B	0.46055	0.95194	1.30473
PRPF39	0.14381	0.13985	0.1344
PRPF4	0.11024	0.14126	0.23166
PRPF40A	0.52547	0.53798	0.883
PRPF40B	0.09111	0.02315	0.05829
PRPF4B	0.71287	0.71311	1.02272
PRPF6	0.58818	0.37244	0.56958
PRPF8	0.28327	0.2705	0.56202
PRPS1	0.09696	0.05618	0.15018
PRPS2	0.02563	0.04381	0.09108
PRPSAP1	0.34887	0.09206	0.23217
PRPSAP2	0.0443	0.05296	0.13762
PRR11	0.33135	0.37297	1.66772
PRR12	0.01577	0.01175	9e-04
PRR13	0.51757	0.53902	0.81518
PRR14	0.0874	0.06014	0.04394
PRR14L	0.23498	0.25921	0.24759
PRR15L	0.0051	0.00035	0
PRR18	0.0055	0	0
PRR23A	0.04207	0.03461	0.03277
PRR23C	0.00167	0.00161	0.00642
PRR26	0.00857	7e-05	0
PRR3	0.02238	0.02198	0.02823
PRR5	0.0871	0.09161	0.07766
PRR5L	0.01628	0.06129	0.0929
PRR7	0.00361	0.00659	0.00086
PRR7-AS1	0.00489	0.01172	0.01506
PRRC1	0.1859	0.13326	0.08583
PRRC2A	0.08016	0.07664	0.05896
PRRC2B	0.25997	0.34565	0.54726
PRRC2C	1.62447	1.91995	2.12727
PRRG1	0.03935	0.01653	0.00183
PRRG2	0.01754	0.02582	0.05807
PRRG4	0.25844	0.13946	0.11258
PRRT2	0.01062	0.00328	0
PRRT3	0.62965	0.55029	0.2724
PRRT3-AS1	0.02703	0.00359	0
PRSS12	0.0041	0.00127	0
PRSS21	0.00121	0.01638	0.01563
PRSS23	0.04984	0.02296	0.03266
PRSS27	1e-04	0.00629	0.00029
PRSS3	0.01203	0.00033	0.00069
PRSS35	0.00045	0.00903	0.00078
PRSS36	0.00123	0.00928	0
PRSS45	0.02085	0	0
PRSS50	0.02658	0.00038	0.00098
PRSS53	0.00721	0.00738	0
PRTFDC1	0.04715	0.00427	0.02669
PRTG	0.00626	0	0
PRUNE2	0.00223	0.00167	0
PRX	0.01192	0.00621	0
PSAP	1.80914	1.98171	0.9616
PSAPL1	0.00695	0.00261	0
PSAT1	0.095	0.05475	0.08572
PSD	0.00377	0.00997	0
PSD2	0.00122	0.00134	0.00043
PSD3	0.10241	0.06058	0.01671
PSD4	0.07753	0.09544	0.14402
PSEN1	0.19234	0.118	0.1297
PSEN2	0.05179	0.04436	0
PSENEN	0.22227	0.18191	0.17832
PSIP1	0.17773	0.38622	0.91016
PSKH1	0.05665	0.04192	0.01435
PSMA1	0.47292	0.32902	0.62942
PSMA2	0.28695	0.23398	0.47051
PSMA3	0.24647	0.16224	0.33348
PSMA4	0.55319	0.46036	1.28118
PSMA5	0.13324	0.13065	0.37482
PSMA6	0.36256	0.30247	0.72963
PSMA7	0.79225	0.77106	1.66689
PSMA8	0.001	0.00388	0
PSMB1	1.12424	0.76964	1.34516
PSMB10	0.15829	0.58866	1.30256
PSMB2	0.73706	0.44406	0.60843
PSMB4	0.56013	0.37783	0.45189
PSMB5	0.33972	0.15183	0.25183
PSMB6	0.36269	0.41556	0.92524
PSMB7	0.39037	0.42574	0.69116
PSMB8	0.20016	0.4226	1.08555
PSMB9	0.25208	0.74404	1.87365
PSMC1	0.46268	0.40989	0.90288
PSMC2	0.28329	0.13128	0.32619
PSMC3	0.53613	0.4513	1.15696
PSMC3IP	0.02511	0.00628	0.11743
PSMC4	0.48887	0.26892	0.44538
PSMC5	0.48236	0.42037	1.1041
PSMC6	0.29307	0.16606	0.39418
PSMD1	0.72552	0.43507	0.73471
PSMD10	0.09196	0.06868	0.07542
PSMD11	0.41542	0.24171	0.58566
PSMD12	0.3171	0.21952	0.399
PSMD13	0.35048	0.26028	0.60161
PSMD14	0.25349	0.22929	0.63468
PSMD2	0.70361	0.40627	0.79122
PSMD3	0.2187	0.10712	0.23739
PSMD4	0.66307	0.32171	0.52959
PSMD5	0.10882	0.1375	0.18066
CUTALP	0.22433	0.37045	0.36719
PSMD6	0.17666	0.10169	0.3675
PSMD6-AS2	0.01578	0.01726	0.01602
PSMD7	0.45218	0.40317	0.8063
PSMD8	0.39401	0.50762	1.11874
PSMD9	0.08916	0.0806	0.22833
PSME1	0.68873	1.01333	1.88526
PSME2	0.66604	1.121	2.10491
PSME3	0.17504	0.11582	0.16224
PSME4	0.32199	0.27364	0.38528
PSMF1	0.69362	0.4595	0.67796
PSMG1	0.08721	0.06465	0.10798
PSMG2	0.15582	0.09613	0.20858
PSMG3	0.16032	0.12345	0.08011
PSMG3-AS1	0.00763	0.00541	0.0149
PSMG4	0.10161	0.0621	0.11286
PSORS1C1	0.00464	0	0
PSORS1C3	0.00806	0.00476	0.00043
PSPC1	0.14343	0.21096	0.39987
PSPH	0.22328	0.04808	0.07737
PSRC1	0.01191	0.00326	0.08584
PSTK	0.03189	0.00864	0.00394
PSTPIP1	0.02511	0.22673	0.43818
PSTPIP2	0.04556	0.04971	0.07259
PTAFR	0.30789	0.3737	0.1848
PTAR1	0.10957	0.10184	0.0991
PTBP1	0.58908	0.51986	1.2387
PTBP2	0.08428	0.066	0.07087
PTBP3	0.20509	0.37469	0.63143
PTCD2	0.01023	0.00773	0.01952
PTCD3	0.47377	0.30656	0.45959
PTCH1	0.01503	0.01396	0.02118
PTCH2	0.00154	0.02419	0.03207
PTCHD1	0.0024	0.00123	0
PTCHD3	0.00516	0	0
PTCHD4	0.00134	0.00325	0
PTCSC3	0.0338	0.02836	0.01593
PTDSS1	0.16391	0.16965	0.38521
PTDSS2	0.12265	0.02902	0.06626
PTEN	0.38382	0.25384	0.33206
PTER	0.08446	0.09683	0.19411
PTGDR	7e-04	0.02154	0.08212
PTGDR2	0.00453	0.00095	0
PTGDS	0.23931	0.05982	0.00385
PTGER2	9e-04	0.02086	0.02507
PTGER3	0.0013	0	0
PTGER4	0.01783	0.27467	0.31084
PTGES	0.03492	0.02478	0.00093
PTGES2	0.10826	0.11193	0.18646
PTGES3	1.14763	0.80807	1.24938
PTGES3L	0.00751	0.00751	0.00028
PTGFR	0.08101	0.01109	0
PTGFRN	0.10341	0.02539	0.00056
PTGIS	0.05408	0.05398	0.00994
PTGR1	0.43933	0.12179	0.02142
PTGR2	0.19422	0.08443	0.08932
PTGS1	0.00819	0.03497	0.00399
PTGS2	0.00072	0.03135	0.00043
PTH2R	0.01742	0.00616	0.00731
PTHLH	0.00903	0.00428	0.00671
PTK2	0.22649	0.07501	0.03791
PTK2B	0.06308	0.40403	0.45988
PTK6	0.39211	0.31236	0.20098
PTK7	0.00117	0	0
PTMA	2.30184	3.3398	4.65606
PTMS	0.31137	0.37055	0.17008
PTN	0.00451	0.0081	0
PTOV1	0.2581	0.13842	0.12573
PTOV1-AS1	0.00476	0.00084	0
PTP4A1	1.04481	0.36046	0.25385
PTP4A2	0.54686	0.88818	1.27157
PTP4A3	0.06722	0.07175	0.03437
PTPDC1	0.0263	0.02795	0.04255
PTPMT1	0.20553	0.1399	0.29317
PTPN1	0.14591	0.38578	0.68827
PTPN11	0.51157	0.40744	0.85335
PTPN12	0.16219	0.1685	0.09427
PTPN13	0.0338	0.04464	0.02005
PTPN14	0.61425	0.6148	0.35932
PTPN18	0.22048	0.32208	0.44238
PTPN2	0.47887	0.6422	0.64735
PTPN21	0.05899	0.01373	0.00218
PTPN22	0.0111	0.30148	0.38606
PTPN23	0.18783	0.12309	0.01532
PTPN3	0.15534	0.02947	0.00286
PTPN4	0.09519	0.12113	0.14925
PTPN6	0.04917	0.25605	0.51913
PTPN7	0.01328	0.21165	0.74348
PTPN9	0.04315	0.02613	0.07946
PTPRA	0.16776	0.25643	0.51386
PTPRB	0.01071	0.00375	0
PTPRC	0.09219	1.35619	1.84722
PTPRCAP	0.04454	0.71564	1.16559
PTPRD	0.05079	0.00973	0
PTPRE	0.02557	0.28439	0.18778
PTPRF	0.75355	0.1142	0.02675
PTPRG	0.07726	0.0161	0.02706
PTPRG-AS1	0.00726	0.00499	0.00515
PTPRH	0.01514	0.00147	0
PTPRJ	0.23304	0.28454	0.2853
PTPRK	0.23252	0.03347	0.00864
PTPRM	0.04313	0.02775	0.01812
PTPRN2	0.00189	0.0144	0.06008
PTPRO	0.00565	0.04437	0
PTPRS	0.0547	0.01497	0.00101
PTPRU	0.03435	0.0114	0
CAVIN1	0.06896	0.03895	0.03234
PTRH1	0.04136	0.05559	0.0848
PTRH2	0.0934	0.05524	0.07321
PTRHD1	0.07303	0.06645	0.18436
PTS	0.09594	0.04673	0.04784
PTTG1	0.06166	0.08804	1.06717
PTTG1IP	0.45269	0.5107	0.36568
PTTG2	0.00102	0.00415	0.02107
PUF60	0.4403	0.33509	0.68591
PUM1	0.4852	0.43375	0.51129
PUM2	0.27325	0.24977	0.42692
PURA	0.33899	0.19437	0.23733
PURB	0.26291	0.24575	0.24202
PUS1	0.06626	0.03421	0.04671
PUS10	0.0484	0.0288	0.04493
PUS3	0.13706	0.06385	0.05401
PUS7	0.05197	0.02714	0.02613
PUS7L	0.09246	0.08785	0.10141
PUSL1	0.07782	0.04354	0.02475
PVALB	0.01401	0.00022	0
PVR	0.36063	0.19163	0.11365
PVRIG	0.01371	0.23826	0.58022
PVT1	0.01281	0.04302	0.07454
PWP1	0.30493	0.26448	0.5004
PWP2	0.0281	0.04574	0.04433
PWWP2A	0.11573	0.12869	0.26562
PWWP2B	0.08724	0.04079	0.02471
PXDC1	0.20157	0.04416	0.00436
PXDN	0.00863	0.00456	0
PXK	0.09579	0.12262	0.18402
PXMP2	0.55923	0.11482	0.28005
PXMP4	0.52571	0.38987	0.24549
PXN	0.12544	0.05905	0.11948
PXN-AS1	0.01767	0.00395	0.0255
PYCARD	0.06296	0.28884	0.47707
PYCR1	0.0904	0.06166	0.05057
PYCR2	0.0933	0.11403	0.15496
PYCR3	0.1808	0.08493	0.10024
PYGB	0.1668	0.18124	0.25377
PYGL	0.28561	0.15966	0.01432
PYGO1	0.00433	0.00647	0.00045
PYGO2	0.10264	0.04713	0.05541
PYHIN1	0.00634	0.15646	0.29213
PYROXD1	0.10194	0.1002	0.17614
PYROXD2	0.02339	0.01654	0.00228
PYY2	0.01227	0.00561	0
QARS	0.41482	0.28841	0.43875
QDPR	0.42206	0.13326	0.04971
QKI	0.38356	0.33378	0.20324
QPCT	0.00503	0.00761	0.00984
QPCTL	0.1261	0.11235	0.08501
QPRT	0.88261	0.34302	0.12263
QRFPR	0.07883	0.05642	0.03484
QRICH1	0.10657	0.13944	0.21465
QRICH2	0.05267	0.00546	0
QRSL1	0.2172	0.20203	0.1576
QSER1	0.21304	0.22046	0.24116
QSOX1	0.15852	0.05029	0.02204
QSOX2	0.02814	0.02385	0.04144
QTRT1	0.01723	0.00689	0
R3HCC1	0.06059	0.10826	0.12928
R3HCC1L	0.11212	0.15488	0.23586
R3HDM1	0.12306	0.15914	0.22551
R3HDM2	0.22754	0.1759	0.14616
R3HDM4	0.10659	0.15741	0.18943
RAB10	0.35447	0.36634	0.45696
RAB11A	0.23155	0.16544	0.2225
RAB11B	0.09727	0.08712	0.12514
RAB11B-AS1	0.0674	0.02235	0.02502
RAB11FIP1	0.198	0.33514	0.39709
RAB11FIP2	0.1206	0.06265	0.11577
RAB11FIP3	0.08434	0.06308	0.03488
RAB11FIP4	0.19086	0.1787	0.19521
RAB11FIP5	0.05411	0.01601	0.00088
RAB12	0.11151	0.05099	0.00126
RAB13	0.44672	0.24607	0.04921
RAB14	0.18099	0.18637	0.31136
RAB15	0.17577	0.17447	0.15516
RAB17	0.11664	0.01549	0
RAB18	0.20633	0.13687	0.19942
RAB1A	0.32441	0.25723	0.17732
RAB1B	0.29671	0.26076	0.70485
RAB20	0.01609	0.04442	0.00083
RAB21	0.20043	0.17496	0.10444
RAB22A	0.18363	0.11613	0.13768
RAB23	0.02308	0.01396	0.0119
RAB24	0.28756	0.1707	0.08532
RAB26	0.05453	0.00742	0.02419
RAB27A	0.37127	0.45287	0.76762
RAB27B	0.00753	0.01037	0.00302
RAB28	0.04549	0.02038	0.01349
RAB2A	0.38065	0.25984	0.24399
RAB2B	0.10936	0.11679	0.14762
RAB30	0.07427	0.28624	0.13858
RAB30-AS1	0.10089	0.0583	0.11892
RAB31	0.0794	0.25802	0.19746
RAB32	0.14933	0.07215	0.05023
RAB33A	0	0.00245	0.01421
RAB33B	0.04213	0.02133	0.03069
RAB34	0.03523	0.05845	0.04571
RAB35	0.04674	0.0896	0.101
RAB36	0.0115	0.00905	0.02153
RAB37	0.03416	0.13531	0.14176
RAB38	0.00159	0.00288	0.00849
RAB39A	0.00151	0.02589	0
RAB39B	0.00375	0.05433	0.04593
RAB3A	0.00698	0.0089	5e-04
RAB3B	0.32919	0.37063	0.25793
RAB3C	0.00146	0	0
RAB3D	0.07093	0.06798	0.09466
RAB3GAP1	0.18015	0.17742	0.13328
RAB3GAP2	0.29598	0.20052	0.20959
RAB3IL1	0.05226	0.05879	0.00162
RAB3IP	0.26226	0.16462	0.219
RAB40B	0.11943	0.02297	0.0039
RAB40C	0.05793	0.02996	0.04267
RAB42	0.11148	0.11908	0.08466
RAB4A	0.24146	0.13648	0.06461
RAB5A	0.1783	0.13975	0.15482
RAB5B	0.23585	0.14728	0.17047
RAB5C	0.11043	0.11551	0.1238
RAB6A	0.20269	0.18183	0.12497
RAB6B	0.00661	0.00177	0
RAB6C-AS1	0.00092	0.00011	0
RAB7A	0.52114	0.40129	0.57227
RAB8A	0.22067	0.40219	0.9075
RAB8B	0.07377	0.2785	0.38226
RAB9A	0.03034	0.05486	0.04667
RABAC1	0.47178	0.67642	0.57069
RABEP1	0.27312	0.33041	0.52476
RABEP2	0.03245	0.04184	0.05618
RABEPK	0.06907	0.04798	0.05525
RABGAP1	0.10115	0.18935	0.21227
RABGAP1L	0.22978	0.44078	0.73606
RABGEF1	0.12573	0.15341	0.20335
RABGGTA	0.05772	0.07506	0.072
RABGGTB	0.16009	0.08787	0.14063
RABIF	0.09202	0.0577	0.11367
RABL2A	0.01957	0.01492	0.0062
RABL2B	0.0518	0.04273	0.04728
RABL3	0.15336	0.11196	0.147
RABL6	0.132	0.23597	0.57542
RAC1	1.2992	1.20964	1.30109
RAC2	0.02644	0.54804	1.20706
RAC3	0.00184	0.00043	0
RACGAP1	0.04072	0.03796	0.47643
RAD1	0.51853	0.34758	0.39915
RAD17	0.12608	0.16125	0.25265
RAD18	0.04992	0.03751	0.24805
RAD21	0.53401	0.55786	1.91882
RAD21-AS1	0.01022	0.00537	0.0033
RAD23A	0.17749	0.25048	0.32814
RAD23B	0.31123	0.25123	0.29982
RAD50	0.49036	0.45116	0.6377
RAD51	0.02092	0.03235	0.309
RAD51-AS1	0.045	0.04363	0.10144
RAD51AP1	0.0283	0.05054	0.37135
RAD51AP2	0.00459	7e-05	0
RAD51B	0.02179	0.03039	0.01654
RAD51C	0.06076	0.06552	0.26384
RAD51D	0.02099	0.02654	0.03248
RAD52	0.0326	0.02143	0.0128
RAD54B	0.02697	0.01018	0.10268
RAD54L	0.01091	0.00623	0.07819
RAD54L2	0.21792	0.13721	0.24158
RAD9A	0.06196	0.05413	0.04897
RAD9B	0.00424	0.00475	0.00119
RAE1	0.09516	0.08306	0.18977
RAET1E	0.00372	0.00211	0.00736
RAET1E-AS1	0.00765	0.00012	0
RAET1G	0.00139	0.00357	0
RAET1K	0.00191	0.00129	0
RAF1	0.20493	0.14837	0.07922
RAG1	0.00404	0.00029	0.00028
RAI1	0.03433	0.03313	0.0795
RAI14	0.35281	0.06556	0.00685
RAI2	0.00421	0.00088	0
RALA	0.16354	0.14944	0.18808
RALB	0.1189	0.16085	0.13083
RALBP1	0.50173	0.32501	0.70349
RALGAPA1	0.06585	0.03383	0.02675
RALGAPA2	0.21719	0.08753	0.11287
RALGAPB	0.19455	0.17799	0.29129
RALGDS	0.00829	0.04461	0.01236
RALGPS1	0.00692	0.00688	0.01327
RALGPS2	0.40935	0.23511	0.18762
RALY	0.30382	0.48142	0.88598
RALYL	0.00693	0.00368	0
RAMP1	0.1909	0.02362	0.00845
RAMP2	0.00645	0.0061	0
RAMP2-AS1	0.19039	0.17084	0.13746
RAN	0.39472	0.39315	1.3088
RANBP1	0.21473	0.21792	0.77147
RANBP10	0.08505	0.04208	0.09882
RANBP17	0.04942	0.0026	0
RANBP2	0.33807	0.38229	0.49505
RANBP3	0.06828	0.1116	0.20667
RANBP3L	0.01579	0.00535	0.00033
RANBP6	0.07118	0.07407	0.07607
RANBP9	0.1185	0.1063	0.08521
RANGAP1	0.30474	0.1637	0.79099
RANGRF	0.02449	0.06951	0.25313
RAP1A	0.17186	0.31437	0.4479
RAP1B	0.40271	0.74469	1.33287
RAP1GAP	0.09156	0.02857	0.01854
RAP1GAP2	0.01061	0.00808	0.00154
RAP1GDS1	0.04608	0.11664	0.16502
RAP2A	0.08988	0.07628	0.10051
RAP2B	0.07952	0.22572	0.09823
RAP2C	0.1045	0.10598	0.07342
RAP2C-AS1	0.00392	0.0033	0.00161
RAPGEF1	0.08714	0.32205	0.38835
RAPGEF2	0.1353	0.1555	0.10737
RAPGEF3	0.00805	0.00013	0
RAPGEF4	0.05628	0.00855	0.00483
RAPGEF5	0.07332	0.02604	0.04246
RAPGEF6	0.11395	0.18157	0.21925
RAPGEFL1	0.02641	0.02149	0.00326
RAPH1	0.29268	0.11517	0.01779
RAPSN	0.00272	0.00235	0
RARA	0.07072	0.03501	0.01563
RARB	0.00286	0.00045	0
RARG	0.01362	0.01701	0.00835
RARRES1	0.00846	0.03737	0.00037
RARRES2	1.91295	0.45059	0.15563
RARRES3	0.25484	0.60604	0.91689
RARS	0.31029	0.19032	0.34332
RARS2	0.20181	0.16629	0.20474
RASA1	0.07838	0.1592	0.17565
RASA2	0.12238	0.36937	0.43824
RASA3	0.01368	0.05277	0.03781
RASA4	0.07261	0.10432	0.02342
RASA4CP	0.00309	0.00496	0.016
RASAL1	0.00205	0.00353	0
RASAL2	0.07837	0.034	0.02519
RASAL2-AS1	0.01277	0.00159	0.00961
RASAL3	0.02201	0.22649	0.46521
RASD1	0.03194	0.03962	0.02975
RASEF	0.0387	0.00962	0
RASGEF1A	0.04344	0.06726	0.11429
RASGEF1B	0.02402	0.07431	0.06229
RASGEF1C	0.00244	0.00111	0
RASGRF1	0.00642	0.0105	0.0277
RASGRF2	0.01261	0.01108	0
RASGRP1	0.00577	0.1918	0.49123
RASGRP2	0.00676	0.02212	0.03777
RASGRP3	0.00688	0.05827	0.11626
RASGRP4	0.00275	0.01745	0.00441
RASIP1	0.03555	0.01324	0.00474
RASL10B	0.09485	0.0013	0.00083
RASL12	0.00347	0	0
RASSF1	0.05465	0.16381	0.26992
RASSF10	0.00337	0	0
RASSF2	0.01365	0.18107	0.27106
RASSF3	0.07025	0.08991	0.02641
RASSF4	0.35836	0.28207	0.02218
RASSF5	0.05441	0.27724	0.42961
RASSF6	0.04628	0.03387	0.04
RASSF7	0.22904	0.10991	0.04457
RASSF8	0.14456	0.08904	0.0653
RASSF8-AS1	0.00907	0.00673	0
RASSF9	0.01038	0.00072	0
RAVER1	0.00841	0.01352	0.06874
RAVER2	0.02137	0.01711	0.02809
RAX2	0.01715	0.01168	0.00649
RB1	0.09098	0.17785	0.23806
RB1CC1	0.61082	0.4339	0.28529
RBAK	0.06643	0.07077	0.04566
RBBP4	0.73824	0.67693	0.85414
RBBP5	0.39136	0.33646	0.37282
RBBP6	0.43362	0.64212	0.89583
RBBP7	0.19528	0.27093	0.70723
RBBP8	0.06472	0.07107	0.44333
RBBP9	0.0987	0.05153	0.07149
RBCK1	0.39488	0.27095	0.27189
RBFA	0.09372	0.05845	0.0529
RBFADN	0.00564	0.00027	0.01249
RBFOX2	0.21084	0.0281	0.04112
RBKS	0.06618	0.01933	0.02545
RBL1	0.14938	0.20948	0.42025
RBL2	0.20001	0.37086	0.65584
RBM10	0.43373	0.22685	0.61897
RBM12	0.10257	0.11331	0.21339
RBM12B	0.08018	0.06699	0.15473
RBM14	0.20941	0.1207	0.27566
RBM15	0.08139	0.08081	0.16432
RBM15B	0.15266	0.12656	0.14699
RBM17	0.31561	0.32394	0.63189
RBM18	0.04181	0.07967	0.27465
RBM19	0.19033	0.14273	0.26321
RBM20	0.0125	0.00549	0
RBM22	0.21683	0.23856	0.32235
RBM23	0.11077	0.11923	0.15104
RBM24	0.05179	0.0054	0
RBM25	1.26317	1.58988	1.76115
RBM26	0.26034	0.34261	0.50821
RBM26-AS1	0.03209	0.0361	0.03456
RBM27	0.21828	0.32995	0.38478
RBM28	0.23822	0.14786	0.29826
RBM3	0.46796	0.59688	0.91608
RBM33	0.40309	0.35657	0.49792
RBM34	0.3021	0.33087	0.67042
RBM38	0.0243	0.04421	0.05045
RBM39	1.10777	1.45011	1.79382
RBM4	0.06541	0.06	0.08721
RBM41	0.49758	0.36427	0.36024
RBM42	0.11324	0.06202	0.13978
RBM43	0.20227	0.18507	0.15949
RBM44	0.00552	0.00826	0
RBM45	0.05777	0.0303	0.13509
RBM46	0.02296	0.01687	0.00056
RBM47	0.61581	0.41772	0.13915
RBM48	0.09108	0.1287	0.15125
RBM4B	0.03497	0.0175	0.0498
RBM5	0.37287	0.41759	0.47689
RBM6	0.38155	0.52897	0.60596
RBM7	0.06485	0.05434	0.059
RBM8A	0.68401	0.7235	1.23745
RBMS1	0.13369	0.17367	0.15504
RBMS2	0.03533	0.02603	0.01324
RBMX	0.74698	0.88446	1.6074
RBMX2	0.12604	0.1375	0.33973
RBMXL1	0.13589	0.11647	0.20916
RBMY2FP	0.00884	0.00356	0
RBP1	0.15658	0.03731	0.01943
RBP4	3.29964	0.83697	0.35008
RBP5	0.30545	0.03403	0
RBP7	0.00552	0.0109	0
RBPJ	0.33817	0.50835	0.67328
RBPMS	0.0722	0.00947	0.00094
RBPMS2	0.04966	0.00466	0.00085
RBX1	0.41373	0.4354	0.85253
RC3H1	0.15448	0.17698	0.19649
RC3H2	0.07093	0.08956	0.2277
RCAN1	0.06868	0.04647	0.01354
RCAN2	0.00534	0.03104	0.06844
RCAN3	0.03453	0.05857	0.13196
RCBTB1	0.07602	0.05811	0.07712
RCBTB2	0.01795	0.10031	0.00164
RCC1	0.02934	0.02761	0.13765
RCC2	0.08548	0.13312	0.20199
RCCD1	0.08462	0.0316	0.15907
RCE1	0.00603	0.00842	0.00347
RCHY1	0.03091	0.04802	0.02416
RCL1	0.04353	0.03002	0.00823
RCN1	0.2431	0.16146	0.08796
RCN2	0.22663	0.11921	0.19876
RCN3	0.02342	0.05507	0.00255
RCOR1	0.07836	0.07722	0.03515
RCOR2	0.00271	0	0
RCOR3	0.25835	0.18156	0.09798
RCSD1	0.10496	0.37313	0.62756
RD3	0.00537	0.00524	0.00159
RDH10	0.12281	0.02608	0.04117
RDH11	0.60222	0.30202	0.30782
RDH12	0.00708	0.00018	0
RDH13	0.05871	0.02712	0.00223
RDH16	0.27794	0.04136	0.00862
RDH5	0.00113	0.00021	0.00383
RDX	0.828	0.48974	0.4011
REC8	0.01189	0.04242	0.0893
RECK	0.01915	0.01829	0.04846
RECQL	0.1013	0.24786	0.74758
RECQL4	0.04443	0.02782	0.1532
RECQL5	0.10694	0.07772	0.1337
REEP2	0.00486	0.00092	0
REEP3	0.2262	0.09476	0.08023
REEP4	0.04229	0.06518	0.20837
REEP5	0.34284	0.35751	0.36285
REEP6	0.36987	0.05621	0.00182
REG1A	0.03165	0.00948	0.00099
REG3A	0.36433	0.31637	0.27044
REL	0.23915	0.42025	0.36525
RELA	0.33974	0.25409	0.37733
RELB	0.09444	0.14003	0.01665
RELL1	0.0427	0.05103	0.01724
RELL2	0.0208	0.03675	0.04179
RELN	0.0915	0.01037	0
RELT	0.00379	0.07783	0.12723
REM2	0.00231	0.00797	0
RENBP	0.003	0.00803	0
REP15	0.00168	0	0
REPIN1	0.23401	0.1098	0.0682
REPS1	0.08663	0.10366	0.14578
REPS2	0.05473	0.02425	0.00236
RER1	0.46957	0.38869	0.50954
RERE	0.29815	0.25	0.20238
RERG	0.00828	0.00203	0
REST	0.22154	0.39666	0.43264
RET	0.00131	0.00624	0
RETSAT	0.15959	0.03758	0.02755
REV1	0.19332	0.17377	0.17385
REV3L	0.29553	0.2583	0.41736
REXO1	0.03945	0.04669	0.06036
REXO2	0.2265	0.15629	0.14348
REXO4	0.13593	0.19577	0.23083
RFC1	0.65354	0.50271	0.84724
RFC2	0.17141	0.19691	0.33721
RFC3	0.11338	0.03756	0.37267
RFC4	0.08857	0.04932	0.21183
RFC5	0.04356	0.01545	0.03406
RFESD	0.0049	0.00863	0.00858
RFFL	0.00662	0.01084	0.03137
RFK	0.09212	0.08185	0.0954
RFNG	0.32209	0.11855	0.05506
RFPL1S	0.10861	0.10138	0.03736
RFPL2	0.00075	0.00189	0
RFPL3S	0.00384	0.00501	0.00508
RFPL4B	0.00117	0	0
RFT1	0.04718	0.04827	0.13217
RFTN1	0.20759	0.24617	0.67485
RFTN2	0.00677	0.00275	0
COP1	0.18878	0.12206	0.15931
RFWD3	0.11413	0.13338	0.39496
RFX1	0.0716	0.03511	0.10322
RFX2	0.01083	0.00456	0.00398
RFX3	0.0226	0.02897	0.01168
RFX5	0.11838	0.13558	0.17836
RFX7	0.05577	0.07585	0.05977
RFXANK	0.14968	0.11695	0.27607
RFXAP	0.02692	0.01777	0.02164
RTL5	0.0451	0.03262	0
RGCC	0.00526	0.14573	0.20008
RGL1	0.06289	0.16075	0.00294
RGL2	0.15651	0.10375	0.1753
RGL3	0.09839	0.0317	0.00831
RGL4	0.00152	0.02667	0.06783
RGMB	0.0245	0.00585	0.00069
RGN	0.82908	0.07504	0.01055
RGP1	0.00601	0.00793	0.05382
RGPD3	9e-05	0.00231	0
RGPD4	0.00176	0.00267	0.01074
RGS1	0.03669	0.80437	1.00283
RGS10	0.01744	0.33529	0.4597
RGS12	0.16342	0.04733	0.03947
RGS13	0.00097	0.01422	0.07783
RGS14	0.15264	0.08547	0.11864
RGS16	0.05166	0.05923	0.18856
RGS17	0.00891	0.015	0.00609
RGS18	0.00278	0.02178	0.01813
RGS19	0.01932	0.06246	0.05588
RGS2	0.08979	0.8906	0.596
RGS3	0.04149	0.06107	0.06946
RGS5	0.02815	0.00812	0.00848
RGS7BP	0.01102	0	0
RGS9	0.01452	0.00038	0
RGSL1	0.00653	0.00028	0
RHBDD1	0.09695	0.11266	0.15586
RHBDD2	0.24123	0.14693	0.20721
RHBDD3	0.07476	0.06429	0.02486
RHBDF1	0.02129	0.01266	0
RHBDF2	0.05353	0.13055	0.05161
RHBDL1	0.00322	0	0
RHBDL2	0.125	0.105	0.05809
RHBG	0.2819	0.04265	0.03769
RHCE	0.00163	0.00299	0
RHCG	0.00454	0	0
RHD	0.0027	0.00362	0.00266
RHEB	0.37699	0.16495	0.12982
RHEBL1	0.00546	0.01562	0.03553
RHNO1	0.02567	0.04217	0.2272
RHOA	0.5375	0.65894	1.05493
RHOB	0.09451	0.17355	0.0278
RHOBTB1	0.11786	0.03689	0
RHOBTB2	0.02122	0.02098	0.05754
RHOBTB3	0.60021	0.25181	0.10984
RHOC	0.49817	0.32997	0.3108
RHOD	0.07009	0.0115	0.00333
RHOF	0.03485	0.12485	0.22759
RHOG	0.12549	0.28463	0.5007
RHOH	0.0086	0.10587	0.15881
RHOJ	0.01776	0.00862	0.01181
RHOQ	0.1889	0.23996	0.18998
RHOT1	0.12495	0.11498	0.19845
RHOT2	0.17253	0.1153	0.16431
RHOU	0.24185	0.07512	0.00132
RHOV	0.00217	0.00517	0
RHOXF1	0.0056	0.00215	0
RHPN1	0.0256	0.00879	0.00037
RHPN1-AS1	0.00258	0.00262	0.00204
RHPN2	0.07333	0.01517	0.00073
RIBC1	0.00396	0.00534	0.02802
RIBC2	0.00747	0.00862	0.11395
RIC3	0.03162	0.0269	0.04645
RIC8A	0.25911	0.14728	0.21953
RIC8B	0.05958	0.03984	0.1056
RICTOR	0.22628	0.14921	0.16956
RIF1	0.38947	0.35671	0.45996
RIIAD1	0.00668	0.00298	0
RILP	0.08073	0.07936	0.00199
RILPL1	0.05278	0.03482	0.00205
RILPL2	0.03466	0.12218	0.1037
RIMKLA	0.12394	0.07945	0.04742
RIMKLB	0.0022	0.0363	0.00723
RIMS2	0.02416	7e-05	0
RIMS3	0.01534	0.00815	0
RIN1	0.00156	0.00587	0
RIN2	0.02242	0.04609	0.01099
RIN3	0.04766	0.1986	0.2462
RING1	0.3543	0.14715	0.14173
RINL	0.18496	0.28779	0.27899
RINT1	0.07007	0.04219	0.05626
RIOK1	0.14254	0.14548	0.28456
RIOK2	0.11586	0.11036	0.13785
RIOK3	0.67698	0.60735	0.57871
RIPK1	0.10142	0.1024	0.12582
RIPK2	0.0655	0.09634	0.06773
RIPK3	0.00177	0.06336	0.18399
RIPK4	0.09354	0.00743	0.00108
RIPPLY1	0.00818	0	0
RIPPLY2	0.00642	0.00112	0.00642
RIPPLY3	0.26257	0.23362	0.14231
RIT1	0.07006	0.06622	0.02572
RITA1	0.16061	0.04467	0.05659
RLF	0.08065	0.12095	0.13299
RLIM	0.15291	0.18043	0.13926
RMDN1	0.25969	0.12822	0.28103
RMDN2	0.05361	0.01447	0.00844
RMDN3	0.11065	0.05843	0.07318
RMI1	0.04204	0.02345	0.18266
RMI2	0.01308	0.00857	0.05401
RMND1	0.12499	0.06414	0.06042
RMND5A	0.37823	0.18453	0.09209
RMND5B	0.08216	0.04664	0.10977
RMRP	0.17792	0.1741	0.1911
RNASE1	0.16961	0.78799	0.08059
RNASE2	0.00223	0.00418	0.00399
RNASE4	0.21024	0.0318	0.01643
RNASE6	0.01496	0.26597	0.11609
RNASEH1	0.13212	0.11789	0.13207
RNASEH1-AS1	0.01966	0.00897	0
RNASEH2A	0.05329	0.05339	0.27635
RNASEH2B	0.06516	0.12182	0.46853
RNASEH2C	0.17339	0.18724	0.57659
RNASEK	0.00059	0.00688	0.00124
RNASEL	0.02732	0.05573	0.00437
RNASET2	0.1883	0.61569	0.16888
RND1	0.02463	0.00373	0
RND2	0.28732	0.19172	0.07648
RND3	0.11178	0.03561	0.00261
RNF10	0.33163	0.2244	0.36988
RNF103	0.13778	0.06815	0.01778
RNF103-CHMP3	0.01313	0.0024	0
RNF11	0.18401	0.10558	0.06238
RNF111	0.14151	0.20813	0.33789
RNF112	0.00165	0	0
RNF113A	0.048	0.1071	0.12827
RNF114	0.19042	0.14136	0.17038
RNF115	0.1541	0.15	0.30967
RNF121	0.079	0.03766	0.01689
RNF122	0.00176	0.00562	0.00028
RNF123	0.1697	0.09536	0.09425
RNF125	0.11079	0.21969	0.19371
RNF126	0.06287	0.06498	0.12351
RNF128	0.27067	0.04294	0.01019
RNF13	0.23123	0.27821	0.12887
RNF130	0.14885	0.16062	0.00413
RNF135	0.0047	0.09823	0.04296
RNF138	0.03756	0.0561	0.09606
RNF138P1	0.03513	0.01319	0.04735
RNF139	0.06623	0.06296	0.04883
RNF139-AS1	0.0709	0.07353	0.06242
RNF14	0.366	0.32613	0.24033
RNF141	0.33971	0.24371	0.18916
RNF144A	0.02047	0.00462	0.00222
RNF144A-AS1	0.00191	0.00218	0.02196
RNF144B	0.0356	0.07408	0.02883
RNF145	0.14551	0.27165	0.40348
RNF146	0.08084	0.04432	0.08016
RNF149	0.1451	0.19484	0.18967
RNF152	0.01732	0.00105	0
RNF157	0.37329	0.41098	0.40068
RNF157-AS1	0.00612	0	0
RNF165	0.00878	0.00161	0
RNF166	0.0184	0.04874	0.06116
RNF167	0.17791	0.17301	0.33021
RNF168	0.26397	0.21182	0.473
RNF169	0.15262	0.15142	0.33059
RNF17	0.00967	0.00097	0
RNF170	0.21956	0.15971	0.10325
RNF180	0.04502	0.01548	0.0046
RNF181	0.58	0.33758	0.60845
RNF185	0.1073	0.06276	0.08867
RNF187	0.76853	0.42728	0.47073
RNF19A	0.34489	0.49538	0.74965
RNF19B	0.05323	0.05016	0.07698
RNF2	0.04254	0.05158	0.0613
RNF20	0.2112	0.15411	0.27134
RNF207	0.07051	0.02196	0.00647
RNF208	0.01421	0.00704	0.00034
RNF212	0.00154	0.00045	0
RNF213	1.27523	1.89379	1.97873
RNF214	0.12282	0.11875	0.10169
RNF215	0.00239	0.0044	0
RNF216	0.40525	0.35073	0.39876
RNF216P1	0.12919	0.09132	0.11587
RNF217	0.26325	0.0747	0.02028
RNF219	0.05777	0.11421	0.25532
RNF220	0.13522	0.1456	0.19159
RNF222	0.21096	0.15866	0.08987
RNF24	0.05377	0.05674	0.02043
RNF25	0.00824	0.01481	0.01679
RNF26	0.27346	0.09579	0.19404
RNF31	0.13212	0.13034	0.25959
RNF32	0.01667	0.00504	0.00768
RNF34	0.1087	0.12302	0.2608
RNF38	0.06537	0.07984	0.20282
RNF39	0.00186	0.00036	0.00026
RNF4	0.12623	0.12519	0.54581
RNF40	0.26122	0.1566	0.23586
RNF41	0.6516	0.57517	0.42066
RNF43	0.131	0.01479	0.06352
RNF44	0.0631	0.05752	0.05138
RNF5P1	0.01304	0.00632	0.0266
RNF6	0.07884	0.11379	0.15555
RNF7	0.2323	0.18443	0.27963
RNF8	0.13655	0.08686	0.25499
RNFT1	0.02846	0.02036	0.01884
RNFT2	0.01774	0.01219	0.06294
RNGTT	0.11169	0.13631	0.31363
RNH1	0.28402	0.22122	0.36429
RNLS	0.02097	0.02087	0
RNMT	0.26358	0.23107	0.38443
RNPC3	0.28198	0.1682	0.15903
RNPEP	0.11502	0.0916	0.12886
RNPEPL1	0.23814	0.32901	0.47627
RNPS1	0.28055	0.33114	0.82345
AL360012.1	0.01179	0.03056	0.00957
Z93241.1	0.00538	0.03894	0.04271
RNU4ATAC	0.67608	1.05684	0.80917
RNU6-2	0.01627	0.02403	0.02843
RNU6ATAC	0.0026	0.00993	0.00076
ROBO1	0.28587	0.0749	0.01307
ROBO3	0.00836	0.0161	0.00159
ROBO4	0.00351	0.00057	0
ROCK1	0.5119	0.72638	1.12448
ROCK1P1	0.00862	0.00152	0.00048
ROCK2	0.75167	0.42516	0.49371
ROGDI	0.0607	0.05782	0.12101
ROM1	0.01533	0.00199	0
ROMO1	0.62395	0.52974	0.94633
ROPN1L	0.00223	0	0
ROPN1L-AS1	0.01867	0.01269	0.0057
ROR1	0.0083	0.00397	0
RORA	0.21823	0.19469	0.24552
RORC	0.11523	0.01767	0.00217
RP2	0.14633	0.02722	0.04118
RP9	0.08114	0.06227	0.17408
RP9P	0.07884	0.04581	0.01416
RPA1	0.1163	0.07739	0.3342
RPA2	0.08581	0.16762	0.2372
RPA3	0.16033	0.10339	0.59671
RPA4	0.01505	0.0165	0.00361
RPAIN	0.04405	0.06069	0.12549
RPAP1	0.07037	0.0444	0.10361
RPAP2	0.11394	0.09705	0.12646
RPAP3	0.24775	0.20734	0.38777
RPE	0.06423	0.05729	0.07897
RPEL1	0.0022	0.00163	0.00074
RPF1	0.12473	0.11686	0.24508
RPF2	0.30477	0.12441	0.17905
RPGR	0.09755	0.09009	0.10482
RPGRIP1	0.00334	0.00335	0
RPGRIP1L	0.06735	0.06023	0.05899
RPH3A	0.00493	0.00375	0.00043
RPH3AL	0.0203	0.01178	0.01109
RPIA	0.03124	0.05106	0.12334
RPL10	1.56097	2.80929	3.27869
RPL10A	0.79661	1.20368	1.71136
RPL10L	0.00937	0.0042	0.00117
RPL11	1.5046	2.11879	2.54447
RPL12	1.01603	2.24719	3.01009
RPL13	1.94421	3.11568	3.58797
RPL13A	0.35337	0.6793	0.98228
RPL13AP20	0.19594	0.55949	0.70181
RPL13AP3	0.00358	0.01123	0.01831
RPL13AP6	0.00318	0.02293	0.01628
RPL13P5	0.00859	0.01152	0.08426
RPL14	0.87526	1.27889	1.8077
RPL15	0.96973	1.4861	1.7343
RPL17	0.2818	0.51272	0.54677
RPL18	1.20621	2.10978	2.53159
RPL18A	1.25086	2.65548	3.29791
RPL19	1.36972	2.1519	2.72265
AC007683.1	0.04137	0.00879	0.01883
RPL21P44	0.02523	0.03677	0.00759
RPL22	0.9263	1.28752	1.67012
RPL22L1	0.26153	0.2782	0.35408
RPL23	0.95079	1.47738	1.93639
RPL23A	0.74881	1.48985	1.91586
RPL23AP32	0.03057	0.02878	0.01748
RPL23AP53	0.03834	0.02731	0.01724
RPL23AP64	0.01123	0.0215	0.01793
RPL23AP7	0.03667	0.02507	0.00191
RPL23AP82	0.037	0.02612	0.01659
RPL23P8	0.00019	0.00054	0.00029
RPL24	0.65599	1.13545	1.60425
RPL26	0.76492	1.75302	2.30364
RPL26L1	0.14869	0.143	0.32417
RPL27	0.93777	1.37292	1.77571
RPL27A	1.45422	2.15866	2.42258
RPL28	0.54918	1.05829	1.36338
RPL29	0.82261	1.21195	1.56494
RPL29P2	0.00251	4e-04	0.0018
RPL3	1.49871	2.16406	2.67054
RPL30	0.9578	1.26707	1.60665
RPL31	0.9462	1.63656	1.95921
RPL31P11	0.00397	0.00105	0.00126
RPL32	1.13308	1.87059	2.29054
RPL32P3	0.07285	0.06599	0.10355
RPL34	0.96424	2.21127	2.44075
RPL34-AS1	0.00247	0.00374	0.00826
RPL35	1.27545	2.33626	3.23386
RPL35A	1.11252	1.67033	2.00753
RPL36	0.56749	1.22729	1.53956
RPL36A	0.38041	0.52016	0.59737
RPL36AL	0.64155	1.01632	1.41232
RPL37	1.53669	1.84125	2.32044
RPL37A	1.2799	1.97077	2.40638
RPL38	0.71014	1.16897	1.48539
RPL39	1.05627	1.58941	1.61393
RPL39L	0.06625	0.03589	0.24543
RPL3L	0.00186	0	0
RPL4	1.29617	1.81537	2.31319
RPL41	2.14016	2.95672	3.31806
RPL5	1.13786	1.5863	1.86839
RPL6	1.78559	2.44624	2.71561
RPL7	1.2995	1.76691	2.52735
RPL7A	0.71076	1.34162	1.58152
RPL7L1	0.51781	0.35673	0.41244
RPL8	1.62228	2.39414	3.0254
RPL9	1.67819	1.91732	2.09215
RPLP0	1.53203	1.75056	2.56266
RPLP0P2	0.14451	0.17637	0.23374
RPLP1	1.92859	3.04003	3.61957
RPLP2	2.07118	2.8585	3.30302
RPN1	0.52117	0.36089	0.51027
RPN2	1.21605	0.9593	1.0495
RPP14	0.65055	0.57806	0.45649
RPP21	0.00078	0.00067	3e-04
RPP25	0.04181	0.0373	0.0148
RPP25L	0.04712	0.04698	0.09421
RPP30	0.12067	0.10526	0.28161
RPP38	0.10038	0.08464	0.12585
RPP40	0.05707	0.00904	0.03186
AL355075.4	0.07809	0.23789	0.35367
RPRD1A	0.13641	0.0743	0.09281
RPRD1B	0.15853	0.09065	0.11846
RPRD2	0.1924	0.17166	0.24773
RPS10	0.45445	0.77472	1.13021
RPS10P7	0.02116	0.01926	0.03968
RPS11	1.85393	3.15318	3.60366
RPS12	1.89703	2.56238	2.93372
RPS13	1.06036	1.46612	2.04822
RPS14	1.53595	2.33347	2.70323
AL031727.1	0.15736	0.31526	0.34776
RPS15	1.16602	2.34739	3.17706
RPS15A	0.90804	1.66804	2.11136
RPS15AP10	0.1455	0.11585	0.07099
RPS16	0.95261	1.3663	1.93845
RPS16P5	0.02032	0.04466	0.04354
RPS18	1.21506	1.85436	2.38225
RPS18P9	0.18906	0.32851	0.40424
RPS19	1.8351	2.89008	3.66687
RPS19BP1	0.33459	0.41623	0.55793
RPS2	0.97699	1.80077	2.48411
RPS20	1.01565	1.64254	2.18442
RPS21	0.93975	1.31224	1.95946
RPS23	1.25684	1.82892	2.30711
RPS24	1.26348	2.12351	2.66057
RPS25	1.07981	1.52355	1.77484
RPS26	0.23739	0.27543	0.44494
RPS26P11	0.00099	0.00128	0
RPS27	2.08794	3.38613	3.73855
RPS27A	1.3996	2.22685	2.59382
RPS27L	0.37543	0.47408	0.78213
RPS28	1.63755	2.45641	2.92105
RPS29	0.6445	1.34884	1.6333
RPS2P32	0.00769	0.00538	0.00858
RPS3	0.75533	1.34547	2.03379
RPS3A	1.19707	2.17067	2.81304
RPS4X	1.4769	2.32856	2.79973
RPS4Y1	0.3113	0.18344	0.07944
RPS5	1.23728	1.49098	2.40243
RPS6	0.93727	2.0497	2.60695
RPS6KA1	0.08143	0.15844	0.23773
RPS6KA2	0.02103	0.02948	0
RPS6KA3	0.64194	0.47397	0.57528
RPS6KA4	0.04312	0.04859	0.08835
RPS6KA5	0.11342	0.20853	0.13863
RPS6KA6	0.39502	0.33995	0.32095
RPS6KB1	0.16287	0.14676	0.2547
RPS6KB2	0.19385	0.18183	0.12844
RPS6KC1	0.09872	0.03422	0.06043
RPS6KL1	0.02805	0.02731	0.00775
RPS7	0.86733	1.05134	1.61007
RPS8	1.71627	2.6645	3.31279
RPS9	0.84532	1.61621	2.1228
RPSA	0.72737	1.16316	2.19425
RPSAP52	0.00988	0.00417	0.00293
RPSAP9	0.20618	0.38375	0.67273
RPTOR	0.04883	0.02551	0.01022
RPUSD1	0.03835	0.07072	0.16446
RPUSD2	0.02932	0.0228	0.00922
RPUSD3	0.11211	0.05113	0.14502
RPUSD4	0.11393	0.0512	0.07333
RRAD	0.01091	0.02323	0
RRAGA	0.08062	0.06656	0.13141
RRAGB	0.05359	0.05037	0.06422
RRAGC	0.25793	0.1839	0.21886
RRAGD	0.19734	0.08177	0.01211
RRAS	0.12936	0.06666	0.00448
RRAS2	0.14246	0.07439	0.07971
RRBP1	0.95404	0.89678	0.78848
RREB1	0.16674	0.10666	0.03001
RRM1	0.14977	0.12193	0.75268
RRM2	0.06345	0.01916	0.81004
RRM2B	0.08222	0.07638	0.04303
RRN3	0.0886	0.0926	0.10837
RRN3P1	0.00966	0.01857	0.00215
RRN3P2	0.00387	0.02886	0.06461
RRN3P3	0.15094	0.13733	0.0557
RRNAD1	0.08916	0.04076	0.06196
RRP1	0.08671	0.05896	0.18047
RRP12	0.10193	0.04455	0.09723
RRP15	0.16728	0.09755	0.12368
RRP1B	0.18021	0.16896	0.45192
RRP36	0.12724	0.09871	0.20483
RRP7A	0.3968	0.32685	0.73035
RRP8	0.08741	0.07872	0.10392
RRP9	0.06508	0.04127	0.10295
RRS1	0.05098	0.04289	0.02613
RSAD1	0.21921	0.08255	0.01936
RSAD2	0.18147	0.17458	0.06717
RSBN1	0.11672	0.25928	0.31813
RSBN1L	0.14905	0.2774	0.41718
RSC1A1	0.03169	0.01562	0.01776
RSF1	0.37331	0.49306	0.66981
CPLANE2	0.00357	0.00078	0
RSL1D1	0.54545	0.62306	0.75592
RSL24D1	0.13885	0.13493	0.20646
RSPH1	0.00772	0.00557	0.00175
RSPH3	0.35703	0.27568	0.18459
RSPH4A	0.00175	0.01097	0.00164
RSPRY1	0.21357	0.14451	0.22747
RSRC1	0.23607	0.28246	0.53541
RSRC2	0.49195	0.68136	1.3937
RSU1	0.19922	0.17352	0.26725
RTBDN	0.00667	0.00528	0.00094
RTCA	0.13641	0.10651	0.09853
RTCB	0.20943	0.14418	0.31838
RTEL1	0.04355	0.02829	0.10051
RTF1	0.54364	0.60156	0.944
RTF2	0.48658	0.38977	0.61362
RTKN	0.19814	0.04084	0.00108
RTKN2	0.01721	0.0265	0.10988
RTN1	0.0054	0.01821	0
RTN2	0.01431	0.01555	0
RTN3	0.48806	0.29011	0.35356
RTN4	0.94912	0.64551	0.61534
RTN4IP1	0.04825	0.00944	0.05037
RTN4R	0.01827	0.00787	0
RTN4RL1	0.01256	0.00317	0
RTN4RL2	0.14868	0.02993	0.01881
RTP3	0.13657	0.02709	0.00206
RTP4	0.02302	0.01389	0.03148
RTTN	0.02663	0.01788	0.0534
RUFY1	0.15212	0.14681	0.24649
RUFY2	0.13656	0.10882	0.03072
RUFY3	0.2704	0.21843	0.18148
RUFY4	0.00081	0.01059	0.00521
RUNDC1	0.29828	0.29116	0.26191
RUNDC3B	0.0382	0.00235	3e-04
RUNX1	0.03281	0.16403	0.2272
RUNX1T1	0.0096	0.00776	0.00535
RUNX2	0.00081	0.02836	0.01904
RUNX3	0.0263	0.41754	0.77722
RUSC1	0.16114	0.08486	0.08455
RUSC1-AS1	0.00189	0.00246	0.00039
RUSC2	0.0149	0.00525	0
RUVBL1	0.06466	0.05618	0.15096
RUVBL2	0.13349	0.0993	0.33456
RWDD1	0.21373	0.19453	0.23083
RWDD2A	0.04173	0.01629	0.00516
RWDD2B	0.10453	0.11106	0.11889
RWDD3	0.08965	0.0477	0.02083
RWDD4	0.06813	0.09697	0.14751
RXRA	0.40343	0.15853	0.12944
RXRB	0.13758	0.09642	0.12223
RYBP	0.15107	0.16895	0.22028
RYK	0.11129	0.06191	0.01564
RYR1	0.00101	0.00938	0.01132
RYR2	0.00571	0.00064	0
RYR3	0.00617	0	0
S100A1	0.01137	0.00494	0
S100A10	0.49188	0.43813	0.69494
S100A11	0.03558	0.2817	0.22274
S100A13	0.15087	0.03325	0.03057
S100A14	0.07701	0.03146	0.01946
S100A16	0.31251	0.11387	0.00277
S100A4	0.03947	0.52768	0.86028
S100A6	0.09934	0.50446	0.68509
S100A8	0.01543	0.01304	0.00979
S100A9	0.05567	0.10789	0.12225
S100B	0.00347	0.03011	0.06691
S100P	0.02869	0.00134	0.01919
S100PBP	0.09116	0.17771	0.25398
S1PR1	0.02551	0.00105	0.04451
S1PR2	0.05044	0.05678	0.06829
S1PR3	0.04893	0.03417	0.01546
S1PR4	0.0028	0.05734	0.25579
SAA1	0.19874	0.0455	0.00608
SAA2	0.08694	0.03901	0.02078
SAA4	0.00198	0	0
SAAL1	0.03668	0.02375	0.10405
SAC3D1	0.10845	0.03237	0.16575
SACM1L	0.13897	0.16053	0.20274
SACS	0.06887	0.06991	0.18195
SAE1	0.17003	0.11493	0.50955
SAFB	0.23225	0.27757	0.53281
SAFB2	0.27903	0.32419	0.5244
SAGE1	0.02912	0.0112	0.00295
SALL1	0.11379	0.01637	0.00833
SALL2	0.01985	0.00295	0.00044
SALL4	0.04761	0.01047	0.00154
SAMD1	0.08335	0.06888	0.10545
SAMD10	0.0787	0.10028	0.06879
SAMD11	0.00168	0	0.00164
SAMD12	0.02107	0.03249	0.01963
SAMD13	0.00232	0.00191	0
SAMD15	0.01043	0.00455	0.00534
SAMD3	0.00431	0.08547	0.09492
SAMD4A	0.06611	0.06048	0.00648
SAMD4B	0.12578	0.0952	0.06754
SAMD5	0.08362	0.06332	0.02245
SAMD7	0.00509	0.00584	0.00413
SAMD8	0.22283	0.2461	0.1748
SAMD9	0.05281	0.30611	0.39287
SAMD9L	0.04262	0.51029	0.80486
SAMHD1	0.08144	0.37588	0.42672
SAMM50	0.22985	0.12997	0.44105
SAMSN1	0.02338	0.3328	0.12355
SAP130	0.10594	0.07013	0.15706
SAP18	0.42192	0.39272	0.65997
SAP25	0.06544	0.09282	0.03872
SAP30	0.01263	0.02179	0.06368
SAP30BP	0.20286	0.34444	0.69487
SAP30L	0.15472	0.07783	0.0932
SAP30L-AS1	0.00293	0.00204	0.01203
SAPCD1-AS1	0.02425	0.0121	0.00196
SAPCD2	0.01397	0.01985	0.45152
SAR1A	0.29669	0.29663	0.48291
SAR1B	0.57752	0.27948	0.18186
SARDH	0.10999	0.03343	0.05826
SARM1	0.07735	0.0445	0.04895
SARNP	0.20049	0.2916	0.63778
SARS	0.50994	0.47761	0.6059
SARS2	0.09694	0.05184	0.10282
SART1	0.05245	0.0429	0.1005
SART3	0.20529	0.17142	0.3421
SASH1	0.06983	0.11792	0.00057
SASH3	0.01765	0.27978	0.57536
SASS6	0.06686	0.0652	0.30151
SAT1	0.66554	1.63598	1.44531
SAT2	0.7268	0.28974	0.14892
SATB1	0.0223	0.07834	0.07013
SATB2	0.05484	0.00929	0.00077
SAV1	0.08737	0.0467	0.02087
SAYSD1	0.04792	0.02137	0.08529
SBDS	0.13221	0.19538	0.11562
SBDSP1	0.05048	0.05797	0.05193
SBF1	0.05197	0.04963	0.12066
SBF2	0.12549	0.04847	0.00915
SBF2-AS1	0.04024	0.01745	0.00482
SBK1	0.01717	0.01812	0.03324
SBNO1	0.46774	0.47991	0.74025
SBNO2	0.02906	0.05202	0.10302
SBSPON	0.01234	0.00463	0.00196
SC5D	0.48408	0.11564	0.02528
SCAF1	0.02033	0.02642	0.00362
SCAF11	0.9048	1.03699	1.20874
SCAF4	0.08019	0.09612	0.25641
SCAF8	0.17316	0.19727	0.19176
SCAI	0.12207	0.16458	0.10515
SCAMP1	0.23317	0.20805	0.16642
SCAMP2	0.20969	0.25547	0.45894
SCAMP3	0.4603	0.27266	0.27312
SCAMP4	0.03728	0.01998	0.00656
SCAMP5	0.06183	0.06132	0.09083
SCAND1	0.39125	0.49263	0.70335
SCAND2P	0.11238	0.08263	0.07892
SCAP	0.1233	0.07669	0.0506
SCAPER	0.30806	0.37188	0.57082
SCARA3	0.04089	0.00844	0.00085
SCARB1	0.56257	0.12923	0.0611
SCARB2	0.42926	0.26218	0.09323
SCARF1	0.01332	0.01726	0.00132
SCARF2	0.00899	0.00856	0
SCARNA1	0.01191	0.00743	0.02876
SCARNA10	0.008	0.01689	0.00232
SCARNA12	0.00397	0.00273	0.01975
RF00426	0.02764	0.05128	0.07219
RF00424	0.00112	0.00576	0.02395
SCARNA17	0.22855	0.19746	0.19299
AL356488.2	0.02328	0.01978	0.02513
RF00602	0.00227	0.01902	0.01967
SCARNA22	0.06488	0.17596	0.66701
SCARNA5	0.02802	0.03361	0.10926
SCARNA6	0.00221	0.0027	0
SCARNA7	0.07414	0.06889	0.0289
SCARNA9	0.2003	0.16899	0.09665
SCCPDH	0.47201	0.12576	0.19259
SCD	2.28827	0.75107	0.41577
SCD5	0.00854	0.02187	0.03884
SCFD1	0.17702	0.21673	0.2019
SCFD2	0.04348	0.04565	0.07994
SCG3	0.00193	0.00116	0.00426
SCG5	0.04756	0.00774	0.00571
SCGB1B2P	0.01992	0.00993	0.00299
SCGB1D2	0.01352	0.00146	0
SCGB2A1	0.01483	0.00573	0
SCGB2B2	0.00385	0.00179	0.00539
SCGN	0.03192	0.00503	0
SCIMP	0.09764	0.21572	0.10177
SCIN	0.05003	0.04184	0.03444
SCLT1	0.0488	0.19891	0.57139
SCLY	0.0017	0	0
SCMH1	0.03504	0.02135	0.08202
SCML1	0.14379	0.03709	0.00044
SCML2	0.02579	0.00434	0.05475
SCML4	0.03498	0.21628	0.21091
SCN11A	0.23591	0.28261	0.2263
SCN1A	0.00249	0	0
SCN1B	0.04337	0.0497	0.05177
SCN2A	0.00522	0.00145	0
SCN2B	0.11888	0.14218	0.07426
SCN3B	0.0019	0.00301	0
SCN4B	0.00835	0.00086	0
SCN8A	0.15025	0.03308	0.0067
SCN9A	0.11348	0.04706	0.0224
SCNM1	0.01241	0.00869	0.01015
SCNN1A	0.01198	0.00016	0
SCNN1B	0.00048	0.01427	0.00137
SCNN1D	0.07027	0.01138	0.00406
SCO1	0.0799	0.07765	0.17108
SCO2	0.07375	0.11166	0.16285
SCOC	0.20167	0.11391	0.13991
SCP2	0.84553	0.31596	0.16653
SCPEP1	0.08345	0.07358	0.04591
SCRIB	0.15021	0.06712	0.06545
SCRN1	0.02286	0.02563	0.04234
SCRN2	0.13839	0.07374	0.07148
SCRN3	0.04351	0.02575	0.01503
SCUBE1	0.08149	0.00381	0
SCUBE2	0.00321	0.00149	0
SCUBE3	0.01316	0.01263	0.00766
SCYL1	0.10472	0.09001	0.14112
SCYL2	0.18018	0.13366	0.15546
SCYL3	0.03611	0.01174	0.06537
SDAD1	0.21371	0.25086	0.33944
SDC1	1.12253	0.53543	0.18771
SDC2	0.76607	0.14115	0.01868
SDC3	0.04385	0.12531	0
SDC4	0.39432	0.08815	0.05273
SDCBP	0.27922	0.37088	0.27329
SDCBP2-AS1	0.04181	0.03608	0.04524
ENTR1	0.08691	0.08956	0.04503
SDCCAG8	0.14562	0.18123	0.17112
SDE2	0.09184	0.09405	0.11388
SDF2	0.08899	0.08446	0.12558
SDF2L1	0.36669	0.46846	0.75997
SDF4	0.26679	0.18319	0.20316
SDHA	0.41477	0.15227	0.27391
SDHAF1	0.10619	0.06981	0.11081
SDHAF2	0.1444	0.14063	0.20975
SDHAP1	0.02979	0.02451	0.05357
SDHAP2	0.02984	0.02524	0.01646
SDHAP3	0.05556	0.03584	0.01842
SDHB	0.2918	0.1441	0.12831
SDHC	0.17376	0.10616	0.08271
SDHD	0.26489	0.09314	0.16531
SDK1	0.00794	0	0
SDK2	0.02803	0.00994	0.03533
CAVIN2	0.04007	0.01369	0.00083
SDR16C6P	0.00103	0.00084	0
SDR39U1	0.11548	0.08887	0.16741
SDS	0.07392	0.03611	0.01074
SDSL	0.08669	0.05489	0.00433
SEC11A	0.2144	0.2054	0.37324
SEC11C	0.5605	0.66471	0.57924
SEC13	0.22862	0.23078	0.39011
SEC14L1	0.06197	0.34465	0.34334
SEC14L1P1	0.01797	0.01743	0
SEC14L2	0.2667	0.06422	0.0267
SEC14L3	0.00588	0.00225	0.00096
SEC14L4	0.23688	0.19248	0.15479
SEC14L5	0.04481	0.03587	0.03245
SEC16A	0.2818	0.22588	0.1805
SEC16B	0.06616	0.00788	0.00279
SEC1P	0.09204	0.08439	0.06233
SEC22A	0.06996	0.04155	0.09209
SEC22B	0.10972	0.0758	0.04228
SEC22C	0.2595	0.24337	0.2997
SEC23A	0.14743	0.09315	0.12698
SEC23B	0.09582	0.06987	0.12315
SEC23IP	0.16514	0.12202	0.21468
SEC24A	0.18093	0.18184	0.17806
SEC24B	0.07632	0.08842	0.11656
SEC24B-AS1	0.00704	0.00388	0.00192
SEC24C	0.18344	0.10605	0.08146
SEC24D	0.0772	0.1002	0.09951
SEC31A	0.4765	0.44846	0.51492
SEC31B	0.04314	0.08488	0.23194
SEC61A1	0.42401	0.39555	0.36122
SEC61A2	0.05023	0.00991	0.01912
SEC61B	0.24357	0.30122	0.39585
SEC61G	0.15576	0.17804	0.21206
SEC62	1.73177	1.26686	0.92406
SEC63	0.7209	0.54759	0.70588
SECISBP2	0.14071	0.18086	0.30284
SECISBP2L	0.20801	0.2302	0.19557
SECTM1	0.01944	0.06825	0
SEH1L	0.09589	0.02268	0.08076
SEL1L	0.74438	0.79409	0.58872
SEL1L3	0.05951	0.70426	0.63155
SELE	0.00372	0	0
SELENBP1	0.50096	0.07431	0.00768
SELL	0.00523	0.08538	0.11057
SELPLG	0.02247	0.34875	0.50127
SEMA3A	0.01804	0.00286	0.00037
SEMA3B	0.02357	0.00282	0
SEMA3B-AS1	0.00485	0.00082	0
SEMA3C	0.04346	0.00151	0
SEMA3D	0.01123	0.00253	0
SEMA3E	0.12228	0.07542	0.08913
SEMA3F	0.00677	0.00442	0
SEMA3G	0.00326	0.0034	0
SEMA4A	0.0067	0.09212	0.06593
SEMA4B	0.08405	0.03472	0.01625
SEMA4C	0.03513	0.02692	0.01317
SEMA4D	0.02863	0.32983	0.56964
SEMA4F	0.30641	0.26405	0.2047
SEMA4G	0.27225	0.07257	0.02361
SEMA5A	0.05801	0.05751	0.02928
SEMA5B	0.0062	9e-04	0
SEMA6A	0.14988	0.04143	0.01453
SEMA6C	0.05127	0.00674	0.00107
SEMA6D	0.01176	0.00491	0.0011
SEMA7A	0.00546	0.01373	0.01942
SENP1	0.05811	0.08045	0.13385
SENP2	0.16144	0.10626	0.0983
SENP3	0.01022	0.00531	0.00802
SENP5	0.18046	0.15568	0.20753
SENP6	0.32333	0.31815	0.33021
SENP7	0.12982	0.23273	0.2316
SENP8	0.00379	0.00079	0.00959
SEPHS1	0.20576	0.11902	0.2456
SEPHS2	1.53254	0.43531	0.22538
SEPSECS	0.14616	0.04941	0.03077
SEPT7P2	0.10348	0.06645	0.06287
SERAC1	0.05941	0.03348	0.05817
SERBP1	0.88133	0.79615	1.43523
SERF2	1.65743	1.73083	2.1351
SERGEF	0.11914	0.06415	0.0528
SERHL	0.00184	0.00088	0
SERHL2	0.00356	0.00015	0.00086
SERINC1	0.60406	0.38691	0.22535
SERINC2	0.48553	0.08531	0.03011
SERINC3	0.51587	0.31672	0.34522
SERINC5	0.42532	0.14803	0.0919
SERP1	0.35682	0.48147	0.57318
SERP2	0.01222	0.0118	0.01558
SERPINA1	2.12108	0.59985	0.19216
SERPINA10	0.20867	0.04459	0.00321
SERPINA11	0.21204	0.02405	0.00168
SERPINA12	0.00464	0.00275	0
SERPINA3	1.49514	0.26334	0.08513
SERPINA4	0.22075	0.03244	0.03172
SERPINA5	0.76429	0.1216	0.01738
SERPINA6	0.70988	0.13688	0.06413
SERPINA7	0.08879	0.00789	0
SERPINB1	0.19314	0.22182	0.28341
SERPINB10	0.03554	0.02628	0.00421
SERPINB11	0.00127	0.00167	0
SERPINB12	0.03741	0.02527	0.02396
SERPINB6	0.36366	0.24602	0.24312
SERPINB8	0.02739	0.0632	0.05525
SERPINB9	0.0346	0.11118	0.18575
SERPINC1	1.29474	0.22346	0.04218
SERPIND1	1.21806	0.20519	0.06475
SERPINE1	0.342	0.08112	0.02802
SERPINE2	0.02705	0.00905	0.04774
SERPINF1	0.48192	0.10868	0.02194
SERPINF2	1.22321	0.16542	0.03306
SERPING1	1.99986	0.56927	0.22961
SERPINH1	0.08738	0.02857	0.0092
SERPINI1	0.06158	0.0558	0.05132
SERTAD1	0.0516	0.12752	0.08302
SERTAD2	0.12807	0.18018	0.30609
SERTAD3	0.02055	0.02182	0
SERTAD4	0.00952	0.00078	0
SERTAD4-AS1	0.0067	0.00082	0
SESN1	0.05308	0.10301	0.03806
SESN2	0.09919	0.06761	0.04029
SESN3	0.22638	0.19902	0.11026
SESTD1	0.25577	0.07599	0.0281
SET	0.45393	0.81588	1.33568
SETBP1	0.07403	0.15126	0.17988
SETD1A	0.07312	0.05988	0.06854
SETD1B	0.10528	0.06203	0.0834
SETD2	0.60952	0.62927	0.85646
SETD3	0.1761	0.15048	0.20678
SETD4	0.08473	0.04376	0.06258
SETD5	0.46104	0.39442	0.46764
SETD6	0.03552	0.02136	0.03388
SETD7	0.22008	0.08953	0.07951
SETD9	0.01152	0.01091	0
SETDB1	0.13175	0.08502	0.14261
SETDB2	0.05709	0.1017	0.09914
SETMAR	0.04762	0.02441	0.0401
SETSIP	0.00217	0.00185	0
SETX	0.3283	0.65187	0.72342
SEZ6	0.00311	0	0
SEZ6L2	0.29213	0.04045	0
SF1	0.56196	0.45493	0.73327
SF3A1	0.23047	0.20529	0.36063
SF3A2	0.04825	0.06579	0.10559
SF3A3	0.24701	0.19503	0.51767
SF3B1	0.7421	0.94682	1.19814
SF3B2	0.91231	0.72286	1.09682
SF3B3	0.25529	0.23195	0.38406
SF3B4	0.15839	0.0981	0.1155
SF3B5	0.50573	0.59092	0.97546
SFI1	0.04431	0.0994	0.16459
SFMBT1	0.14531	0.12424	0.18078
SFMBT2	0.01429	0.20428	0.19083
SFN	0.0551	0.00379	0.0014
SFPQ	0.81577	1.13017	1.88887
SFR1	0.0173	0.01859	0.02363
SFSWAP	0.24434	0.22078	0.42955
SFT2D1	0.03888	0.10076	0.19112
SFT2D2	0.03347	0.02591	0.03734
SFT2D3	0.02832	0.01123	0.02579
SFTPB	0.08056	0.06255	0.03532
SFTPD	0.00695	3e-04	0
SFXN1	0.48314	0.27329	0.38652
SFXN2	0.04724	0.03787	0.02324
SFXN3	0.0178	0.07194	0.0437
SFXN4	0.1714	0.07845	0.06095
SFXN5	0.1544	0.03798	0.03044
SGCB	0.02338	0.02271	0.05893
SGCE	0.09465	0.01478	0
SGIP1	0.05003	0.00175	0
SGK1	0.11008	0.24331	0.14767
SGK2	0.1417	0.01985	5e-04
SGK494	0.15888	0.13382	0.08091
SGMS1	0.13226	0.11008	0.06841
SGMS2	0.04846	0.01776	0.00188
SGPL1	0.16984	0.10279	0.20348
SGPP1	0.04724	0.03662	0.04586
SGPP2	0.14853	0.13324	0.11784
SGSH	0.02173	0.03329	0.02656
SGSM1	0.10508	0.10178	0.07513
SGSM2	0.09098	0.05874	0.03531
SGSM3	0.05748	0.06314	0.04954
SGTA	0.2127	0.14838	0.25188
SGTB	0.1693	0.17505	0.09208
SH2B1	0.09519	0.09609	0.04235
SH2B2	0.00998	0.0072	0.03097
SH2B3	0.04993	0.1159	0.05198
SH2D1A	0.00627	0.18669	0.55021
SH2D1B	0.00012	0.01951	0.00364
SH2D2A	0.0154	0.21471	0.33046
SH2D3A	0.00387	0.01	0.0069
SH2D3C	0.00837	0.05097	0.09453
SH2D4A	0.11691	0.0599	0.02386
SH2D6	0.0147	0.01466	0.00271
SH3BGRL	0.07011	0.428	0.58852
SH3BGRL2	0.26885	0.02968	0.05085
SH3BGRL3	0.43109	1.52841	2.56155
SH3BP1	0.01136	0.08113	0.16302
SH3BP2	0.24551	0.27861	0.20686
SH3BP4	0.08813	0.00838	0.00515
SH3BP5	0.07644	0.19593	0.14904
SH3BP5-AS1	0.04154	0.04006	0.05676
SH3BP5L	0.02991	0.03385	0.00665
SH3D19	0.25392	0.05554	0.00202
SH3D21	0.00789	0.0071	0
SH3GL1	0.07592	0.07613	0.10933
SH3GL1P1	0.00328	0.003	0
SH3GL1P2	0.00075	0.00087	0
SH3GL3	0.01709	0.00597	0.00435
SH3GLB1	0.35571	0.458	0.4377
SH3GLB2	0.09995	0.09305	0.24821
SH3KBP1	0.10883	0.55886	1.07757
SH3PXD2A	0.18282	0.08853	0.06761
SH3PXD2B	0.03526	0.00741	0
SH3RF1	0.04904	0.02707	0.0491
SH3RF2	0.02816	0.00697	0
SH3RF3	0.01052	0.00586	0.0049
SH3TC1	0.04645	0.10688	0.02573
SH3TC2	0.0071	0.00264	0.00483
SH3YL1	0.03842	0.03098	0.00817
SHANK2	0.13032	0.02089	0
SHANK2-AS1	0.02472	0.03078	0.00913
SHANK2-AS3	0.13253	0.12921	0.09245
SHANK3	0.08271	0.01104	0
SHARPIN	0.21543	0.17189	0.14666
SHB	0.0335	0.00622	0
SHBG	0.06227	0.00873	0
SHC1	0.28234	0.08852	0.14439
SHC2	0.23652	0.04232	0.03079
SHC3	0.00647	0.00088	0
SHCBP1	0.03231	0.04021	0.47525
SHD	0.0214	0.00819	0
SHE	0.18076	0.11851	0.07184
SHF	0.02771	0.00132	0
SEM1	0.41049	0.34007	0.72098
SHH	0.03324	0.0063	0
SHISA2	0.00201	0.0021	0
SHISA4	0.03097	0.00761	0.00141
SHISA5	0.36416	0.34006	0.30895
SHISA9	0.06751	0.05972	0.03273
SHKBP1	0.18632	0.29372	0.4151
SHMT1	0.2302	0.06144	0.10528
SHMT2	0.41531	0.20631	0.34997
SHOC2	0.21233	0.29619	0.4508
SHOX2	0.00534	0.00692	0
SHPK	0.24668	0.23393	0.14903
SHPRH	0.14277	0.11018	0.14947
SHQ1	0.04731	0.03151	0.03789
SHROOM1	0.88094	0.64556	0.47079
SHROOM2	0.02557	0.00321	0
SHROOM3	0.04688	0.01011	0
SHROOM4	0.17601	0.16584	0.14985
SIAE	0.10126	0.03653	0.00758
SIAH1	0.0493	0.02374	0.02981
SIAH2	0.24914	0.09598	0.13009
SIAH3	0.00608	0.00665	0.00598
SIDT1	0.03705	0.14509	0.13511
SIDT2	0.07041	0.05412	0.03469
SIGIRR	0.211	0.20733	0.16401
SIGLEC1	0.01433	0.21854	0.00772
SIGLEC10	0.22186	0.29362	0.16781
SIGLEC11	0.03859	0.04154	0.01811
SIGLEC14	0.00083	0.0032	0.00181
SIGLEC15	0.00254	0	0
SIGLEC17P	9e-05	0.02812	0.01045
SIGLEC5	3e-05	0.02192	0.01507
SIGLEC6	0.0635	0.06677	0.06102
SIGLEC7	0.00274	0.06174	0
SIGLEC8	0.0036	0.00233	0
SIGLEC9	0.0025	0.02646	0.00071
SIGMAR1	0.45021	0.10568	0.17601
SIK2	0.22364	0.06287	0.02467
SIK3	0.14053	0.13952	0.22058
SIKE1	0.12775	0.12172	0.22317
SIL1	0.43198	0.36118	0.27117
SIMC1	0.03809	0.04051	0.07774
SIN3A	0.19118	0.16888	0.33573
SIN3B	0.07719	0.09098	0.05125
SIPA1	0.09338	0.17757	0.18611
SIPA1L1	0.16337	0.15284	0.29319
SIPA1L2	0.09673	0.05023	0.02457
SIPA1L3	0.06097	0.045	0.05944
SIRPA	0.08822	0.14922	0.01513
SIRPB1	0.00137	0.01778	0
SIRPB2	0.09685	0.09135	0.04016
SIRPG	0.01153	0.20952	0.3744
SIRT1	0.12134	0.08125	0.04933
SIRT2	0.15572	0.12617	0.14626
SIRT3	0.10797	0.05841	0.0613
SIRT4	0.00892	0.00238	0
SIRT5	0.13922	0.05292	0.03025
SIRT6	0.03277	0.02571	0.01893
SIRT7	0.17059	0.12991	0.23775
SIT1	0.00178	0.08036	0.20923
SIVA1	0.14502	0.15816	0.6666
SIX1	0.01543	0.00686	0.01644
SIX4	0.01091	0.00886	0.00277
SIX5	0.03104	0.02185	0.00744
SKA1	0.11888	0.09456	0.24465
SKA2	0.05007	0.1281	0.71349
SKA3	0.01727	0.01092	0.44641
SKAP1	0.02791	0.25156	0.64711
SKAP2	0.32832	0.36607	0.30415
SKI	0.18093	0.0756	0.02503
SKIDA1	0.06011	0.01096	0
SKIL	0.52449	0.22557	0.21304
SKIV2L	0.23948	0.12833	0.13747
MTREX	0.18738	0.24475	0.36892
SKP1	0.847	0.74148	1.05411
SKP2	0.10865	0.02551	0.11264
SLA	0.05306	0.71901	1.33194
SLA2	0.00166	0.04503	0.05748
SLAIN1	0.00586	0.01686	0.01098
SLAIN2	0.25088	0.19623	0.14428
SLAMF1	0.00852	0.12711	0.25608
SLAMF6	0.03134	0.29438	0.45738
SLAMF7	0.10514	0.84196	0.74664
SLAMF8	0.01091	0.09756	0.04928
SLBP	0.12593	0.13768	0.34967
SLC10A1	0.16905	0.02116	0.01273
SLC10A3	0.02671	0.02618	0.02463
SLC10A4	0.00228	0	0
SLC10A5	0.0433	0.01798	0
SLC10A7	0.02969	0.04639	0.02946
SLC11A1	0.01919	0.03074	0.00137
SLC11A2	0.1637	0.11393	0.1076
SLC12A1	0.00229	0.00013	0
SLC12A2	0.16175	0.05507	0.09442
SLC12A3	0.00073	0.00708	0.00045
SLC12A4	0.046	0.03794	0.00385
SLC12A5	0.001	0.00478	0
SLC12A6	0.36416	0.39333	0.2446
SLC12A7	0.45097	0.13263	0.03943
SLC12A8	0.05172	0.00893	5e-04
SLC12A9	0.15182	0.09951	0.10327
SLC13A3	0.2126	0.0081	0.00222
SLC13A5	0.41807	0.04059	0.00687
SLC14A1	0.02555	0.03742	0.03771
SLC14A2	0.20331	0.1703	0.11941
SLC15A1	0.09789	0.01646	0.00103
SLC15A2	0.08252	0.12173	0.12863
SLC15A3	0.02544	0.13913	0.05995
SLC15A4	0.14307	0.05419	0.00877
SLC16A1	0.48478	0.1098	0.25251
SLC16A1-AS1	0.17632	0.12213	0.07872
SLC16A10	0.03566	0.0176	0.01035
SLC16A11	0.03662	0.00548	0
SLC16A12	0.10969	0.10117	0.0527
SLC16A13	0.01121	0.00808	0
SLC16A14	0.00436	0.00072	0
SLC16A2	0.11632	0.00941	0.00806
SLC16A3	0.05362	0.13981	0.14069
SLC16A4	0.00626	0.00919	0
SLC16A5	0.00266	0.00709	0
SLC16A6	0.00668	0.0296	0.00791
SLC16A7	0.12352	0.12823	0.168
SLC16A9	0.01744	0.01245	0
SLC17A1	0.0181	0.00078	0
SLC17A2	0.06827	0.01056	0.00086
SLC17A3	0.05951	0.00757	0.00084
SLC17A4	0.53553	0.07895	0.00356
SLC17A5	0.32502	0.1414	0.09821
SLC17A7	0.00526	0.00023	0
SLC17A9	0.12151	0.07438	0.04886
SLC18B1	0.0577	0.09287	0.00117
SLC19A1	0.03082	0.02216	0.09318
SLC19A2	0.03962	0.005	0.00698
SLC19A3	0.04459	0.00422	0.00893
SLC1A1	0.03671	0.00212	0.00127
SLC1A2	0.12577	0.01577	0.00055
SLC1A3	0.00996	0.14766	0.01109
SLC1A4	0.1582	0.1302	0.31087
SLC1A5	0.03482	0.12601	0.37138
SLC1A7	0.01065	0	0
SLC20A1	0.15969	0.17235	0.31147
SLC20A2	0.11695	0.02597	0.02136
SLC22A1	0.09654	0.02283	0.00675
SLC22A10	0.05851	0.00972	0.00108
SLC22A11	0.07415	0.01006	0.00043
SLC22A12	0.01031	0.00058	0
SLC22A15	0.03985	0.01254	0
SLC22A17	0.00154	0.00806	0
SLC22A18	0.49251	0.10736	0.04659
SLC22A18AS	0.02254	0.00835	0
SLC22A23	0.24922	0.03089	0.00318
SLC22A25	0.03888	0.00075	0
SLC22A3	0.07365	0.00455	0.00033
SLC22A31	0.01893	0.00457	0.00217
SLC22A4	0.01515	0.01878	0.00401
SLC22A5	0.06224	0.01568	0.01873
SLC22A6	0.01863	0.00175	0
SLC22A7	0.35323	0.05695	0.03623
SLC22A8	0.00249	0	0
SLC22A9	0.28282	0.07146	0.01078
SLC23A1	0.04304	0.01193	0.02022
SLC23A2	0.12385	0.08188	0.03631
SLC23A3	0.00539	0.00397	0
SLC24A1	0.06528	0.03755	0.04038
SLC24A2	0.00088	0.00045	0
SLC24A4	0.00941	0.02082	0.01893
SLC25A1	0.57295	0.13605	0.32902
SLC25A10	0.30892	0.08963	0.08368
SLC25A11	0.17166	0.15786	0.34523
SLC25A12	0.03171	0.06249	0.08915
SLC25A13	0.40452	0.10624	0.04537
SLC25A14	0.04277	0.02795	0.10872
SLC25A15	0.20732	0.12116	0.09641
SLC25A16	0.15125	0.049	0.04862
SLC25A17	0.06079	0.03644	0.07242
SLC25A18	0.11317	0.01432	0
SLC25A19	0.02993	0.04318	0.11045
SLC25A20	0.13916	0.08057	0.1052
SLC25A21	0.00113	0.00488	0
SLC25A21-AS1	0.00344	0	0
SLC25A22	0.03923	0.01538	0.05518
SLC25A23	0.11438	0.09249	0.0527
SLC25A24	0.03175	0.0968	0.10587
SLC25A25	0.08428	0.07043	0.10961
SLC25A26	0.0766	0.06901	0.0691
SLC25A27	0.08022	0.0156	0.00109
SLC25A28	0.09489	0.09041	0.08119
SLC25A29	0.04747	0.0233	0.01346
SLC25A3	0.86809	0.66798	1.25572
SLC25A30	0.06178	0.05539	0.02939
SLC25A30-AS1	0.00795	0.00268	0
SLC25A31	0.0011	0.00106	0
SLC25A32	0.07494	0.04548	0.13787
SLC25A33	0.06563	0.02839	0.01829
SLC25A34	0.00763	0.00784	0
SLC25A35	0.0152	0.01492	0.00644
SLC25A36	0.10644	0.15621	0.22699
SLC25A37	0.94019	0.88345	0.57112
SLC25A38	0.11857	0.11035	0.15
SLC25A39	0.44588	0.22453	0.25715
SLC25A4	0.14083	0.04804	0.06643
SLC25A40	0.03555	0.02561	0.05906
SLC25A41	0.04463	0.04512	0.02043
SLC25A42	0.07084	0.03472	0.01811
SLC25A43	0.03873	0.01748	0.0164
SLC25A44	0.25073	0.1389	0.07224
SLC25A45	0.054	0.09191	0.10907
SLC25A46	0.13223	0.13056	0.1675
SLC25A47	0.00321	0.00021	0
SLC25A5	0.37137	0.26456	0.50078
SLC25A5-AS1	0.00726	0.0034	0
SLC25A51	0.03315	0.03285	0.01397
SLC25A53	0.00567	0.00958	0.01803
SLC26A1	0.05552	0.00651	0
SLC26A11	0.03254	0.02528	0.00507
SLC26A2	0.2011	0.1621	0.13271
SLC26A3	0.00715	0	0
SLC26A4	0.22049	0.18877	0.16974
SLC26A6	0.21432	0.06798	0.05074
SLC26A7	0.0057	0.00235	0.00078
SLC27A1	0.04191	0.04501	0.00565
SLC27A2	0.10904	0.02494	0.04174
SLC27A3	0.12992	0.07464	0.02935
SLC27A4	0.02821	0.02216	0.04763
SLC27A5	0.50956	0.1071	0.14675
SLC28A1	0.05664	0.01225	0.00047
SLC28A2	0.10242	0.06875	0.05874
SLC29A1	0.22588	0.06042	0.04531
SLC29A2	0.00629	0.00298	0.01248
SLC29A3	0.07503	0.07082	0.00531
SLC29A4	0.13449	0.03032	7e-04
SLC2A1	0.02587	0.03253	0.07785
SLC2A1-AS1	0.00239	0.00699	0.00045
SLC2A10	0.04214	0.00334	0
SLC2A11	0.03993	0.08263	0.02283
SLC2A12	0.02982	0.00206	0
SLC2A13	0.05066	0.0372	0.01317
SLC2A14	0.00197	0.00167	0.00092
SLC2A2	1.66091	0.23183	0.04365
SLC2A3	0.05552	0.36615	0.27512
SLC2A4	0.01576	0.00303	0.00101
SLC2A4RG	0.72605	0.24116	0.31451
SLC2A5	0.03733	0.08901	0.04463
SLC2A6	0.09885	0.15525	0.18925
SLC2A8	0.05944	0.08511	0.08398
SLC2A9	0.0057	0.00264	0.0025
SLC30A1	0.0487	0.01728	0.00098
SLC30A10	0.42373	0.08437	0.08024
SLC30A3	0.01474	0.00614	0
SLC30A4	0.03808	0.04202	0.00853
SLC30A5	0.1008	0.05568	0.09645
SLC30A6	0.07565	0.05714	0.0633
SLC30A7	0.15488	0.15795	0.10701
SLC30A8	0.00592	0.00757	0.0011
SLC30A9	0.23253	0.16192	0.16435
SLC31A1	0.57138	0.49774	0.35816
SLC31A2	0.00841	0.03866	0.03473
SLC33A1	0.15421	0.08413	0.05316
SLC34A1	0.00213	0.00256	0
SLC34A2	0.0043	0.00064	0
SLC35A1	0.05723	0.03593	0.0158
SLC35A2	0.32437	0.04341	0.03271
SLC35A3	0.40253	0.23807	0.15859
SLC35A4	0.15018	0.18915	0.28614
SLC35A5	0.05027	0.04067	0.04219
SLC35B1	0.22662	0.11295	0.16165
SLC35B2	0.05035	0.02999	0.024
SLC35B3	0.10665	0.09256	0.05183
SLC35B4	0.26228	0.20908	0.20076
SLC35C1	0.15037	0.11148	0.07445
SLC35C2	0.15278	0.10246	0.06509
SLC35D1	0.18035	0.05831	0.10006
SLC35D2	0.09788	0.04865	0.01391
SLC35E1	0.39833	0.38027	0.4416
SLC35E2A	0.19581	0.09079	0.05442
SLC35E2B	0.16561	0.14667	0.0953
SLC35E3	0.15945	0.12886	0.12673
SLC35E4	0.01752	0.02954	0.00623
SLC35F1	0.00411	0.00507	0.00122
SLC35F2	0.00217	0.04251	0.0384
SLC35F5	0.55227	0.39323	0.27787
SLC35F6	0.15217	0.07283	0.04354
SLC35G1	0.03071	0.02329	0.01373
SLC35G2	0.01759	0.00164	0.00056
SLC36A1	0.04396	0.04959	0.03335
SLC36A2	0.01037	0.01358	0.00461
SLC36A4	0.04542	0.04666	0.04914
SLC37A1	0.01611	0.02297	0.03549
SLC37A2	0.0437	0.10509	0.02562
SLC37A3	0.05691	0.02994	0.00364
SLC37A4	0.3491	0.08043	0.03669
SLC38A1	0.15239	0.40674	0.78587
SLC38A10	0.65293	0.36586	0.38916
SLC38A11	0.00608	1e-04	0
SLC38A2	0.51461	0.68402	0.75412
SLC38A3	0.49507	0.06118	0.00602
SLC38A4	0.36208	0.05947	0.00836
SLC38A5	0.00191	0.04759	0.10455
SLC38A6	0.08354	0.08312	0.00328
SLC38A7	0.25791	0.18414	0.08959
SLC38A8	0.00395	0.00122	0
SLC38A9	0.03989	0.02531	0.06602
SLC39A1	0.38215	0.15819	0.08089
SLC39A10	0.09008	0.11247	0.09248
SLC39A11	0.19463	0.04676	0.09511
SLC39A13	0.03849	0.0325	0.02019
SLC39A14	0.29135	0.08753	0.04216
SLC39A3	0.07179	0.02917	0.11885
SLC39A4	0.21708	0.11504	0.13981
SLC39A5	0.07831	0.0128	0.00379
SLC39A6	0.11926	0.0869	0.06508
SLC39A7	0.29918	0.21127	0.18925
SLC39A8	0.04836	0.0589	0.10151
SLC39A9	0.15538	0.06429	0.07721
SLC3A1	0.01832	0.00978	0.00037
SLC3A2	0.28604	0.26733	0.29994
SLC40A1	0.68276	0.54865	0.01401
SLC41A1	0.06444	0.05096	0.02928
SLC41A2	0.06039	0.0291	0.04183
SLC41A3	0.0511	0.01656	0.03308
SLC43A1	0.52301	0.11918	0.0936
SLC43A2	0.34408	0.32454	0.17226
SLC43A3	0.23102	0.09918	0.12356
SLC44A1	0.15447	0.15316	0.15793
SLC44A2	0.0359	0.19759	0.25899
SLC44A3	0.02966	0.00873	0
SLC44A4	0.11583	0.09459	0.09043
SLC44A5	0.02771	0.005	0
SLC45A2	0.07822	0.00087	0
SLC45A3	0.01603	0.00186	0.00142
SLC45A4	0.02549	0.04741	0.01886
SLC46A1	0.17422	0.05236	0.02539
SLC46A3	0.06332	0.0246	0.05597
SLC47A1	0.31863	0.0619	0.03101
SLC47A2	0.01083	0.00516	0
SLC48A1	0.26478	0.17862	0.12149
SLC4A1	0.38463	0.32899	0.21203
SLC4A11	0.01182	0.00764	0
SLC4A1AP	0.18144	0.18438	0.17473
SLC4A2	0.11816	0.07181	0.07204
SLC4A3	0.00242	0.00759	0
SLC4A4	0.05345	0.03077	0.02266
SLC4A5	0.12185	0.10977	0.06118
SLC4A7	0.05011	0.29502	0.28934
SLC4A8	0.33846	0.33321	0.23185
SLC50A1	0.49217	0.29425	0.28213
SLC51A	0.07325	0.02267	0
SLC51B	0.00936	0.00132	0
SLC52A1	0.00122	0.00221	0
SLC52A2	0.05949	0.06788	0.18298
SLC5A1	0.00261	0.00137	0
SLC5A10	0.00072	0	0
SLC5A11	0.00838	5e-05	0
SLC5A12	0.07083	0.02037	0.00546
SLC5A3	0.10076	0.14072	0.1746
SLC5A5	0.01187	0.01639	0.0061
SLC5A6	0.46394	0.09415	0.1865
SLC5A9	0.13194	0.02465	0
SLC6A1	0.37593	0.0579	0.02282
SLC6A10P	0.00466	0.00091	0
SLC6A11	0.31481	0.25602	0.17312
SLC6A12	0.11994	0.01115	0.00691
SLC6A13	0.0166	0.00246	3e-04
SLC6A14	0.00095	0.00063	0.00256
SLC6A15	0.00468	0.00138	0
SLC6A16	0.03682	0.01256	9e-04
SLC6A2	0.01379	0.00152	0.00159
SLC6A20	0.03669	0.03795	0.05445
SLC6A4	0.20066	0.19164	0.10789
SLC6A6	0.01368	0.07175	0.08181
SLC6A8	0.0486	0.01714	0.01069
SLC6A9	0.01523	0.01668	0.00105
SLC7A1	0.03184	0.04094	0.14788
SLC7A10	0.01545	9e-04	0
SLC7A11	0.2557	0.19641	0.12022
SLC7A11-AS1	0.02097	0.01061	0.00516
SLC7A14	0.12726	0.11624	0.11352
SLC7A2	0.33895	0.07339	0.03191
SLC7A5	0.0072	0.03773	0.05051
SLC7A5P2	0.09871	0.19534	0.22788
SLC7A6	0.07805	0.1123	0.17907
SLC7A6OS	0.0354	0.06135	0.04654
SLC7A7	0.00449	0.10373	0.04242
SLC7A8	0.01251	0.09028	0
SLC7A9	0.02841	0.00628	0
SLC8A1	0.00816	0.1422	0.01065
SLC8A2	0.00676	0.00038	0
SLC8B1	0.05827	0.0617	0.00955
SLC9A1	0.0098	0.02916	0.04287
SLC9A2	0.0026	0.00031	0
SLC9A3R1	0.84616	0.46801	0.89358
SLC9A3R2	0.03747	0.00347	0.00088
SLC9A4	0.00345	0.00165	0
SLC9A6	0.04935	0.03205	0.05191
SLC9A7	0.26535	0.14603	0.13641
SLC9A7P1	0.01128	0.04088	0.00238
SLC9A8	0.06104	0.04566	0.02871
SLC9A9	0.0109	0.07242	0.07504
SLC9B1	0.00106	0.0074	0
SLC9B2	0.04842	0.03839	0.06512
SLCO1A2	0.02461	0.00037	0
SLCO1B1	0.72137	0.09837	0.07103
SLCO1B3	0.32253	0.04396	0.00461
SLCO1B7	0.03116	0.0046	0
SLCO2B1	0.1482	0.17014	5e-04
SLCO3A1	0.07527	0.07746	0.02865
SLCO4A1	0.00013	0.0115	0.01639
SLCO4C1	0.03313	0.01635	0
SLCO5A1	0.00439	0.01135	0.03732
SLCO6A1	0.00899	0.0033	0
SLFN11	0.04227	0.13985	0.13804
SLFN12	0.03907	0.04454	0.04476
SLFN12L	0.00288	0.04934	0.07195
SLFN13	0.10513	0.14722	0.25106
SLFN5	0.06619	0.50075	0.85617
SLFNL1	0.003	0.00023	0.01349
SLIRP	0.37659	0.25326	0.57029
SLIT1	0.00244	0.00282	0.0108
SLIT2	0.00829	0.00031	0
SLITRK3	0.00618	0.00187	0
SLITRK4	0.01216	0.00879	0.00227
SLK	0.34141	0.34368	0.48391
SLMAP	0.20074	0.15567	0.19161
SLPI	0.29276	0.03577	0.01414
SLTM	0.67931	0.87319	1.31929
SLU7	0.27796	0.39944	0.36628
SLX4	0.03132	0.04304	0.16723
SLX4IP	0.04422	0.05003	0.02719
SMAD1	0.06248	0.02559	0.04558
SMAD2	0.19925	0.15416	0.31743
SMAD3	0.19443	0.08588	0.11128
SMAD4	0.218	0.15952	0.2266
SMAD5	0.5249	0.28378	0.13258
SMAD6	0.01089	0.00139	0
SMAD7	0.02903	0.03398	0.00968
SMAD9	0.00536	0.00214	0.00056
SMAGP	0.03258	0.02262	0
SMAP1	0.21345	0.19369	0.20301
SMAP2	0.3304	0.75869	0.82365
SMARCA1	0.68455	0.11164	0.00499
SMARCA2	0.21544	0.49439	0.97787
SMARCA4	0.27988	0.39747	0.69525
SMARCA5	0.27319	0.5393	0.98358
SMARCA5-AS1	0.00013	0.00427	0.00095
SMARCAD1	0.10766	0.13202	0.15349
SMARCAL1	0.04019	0.05311	0.11217
SMARCB1	0.07038	0.07052	0.08258
SMARCC1	0.50972	0.45256	0.91236
SMARCC2	0.54579	0.48134	0.55666
SMARCD1	0.14316	0.09172	0.28567
SMARCD2	0.11968	0.11776	0.19982
SMARCD3	0.0341	0.02587	0.00995
SMARCE1	0.36825	0.36321	0.6329
SMC1A	0.3511	0.45293	1.49222
SMC1B	0.0235	0.00229	0
SMC2	0.11715	0.13804	1.24515
SMC3	0.4506	0.48123	1.34778
SMC4	0.33922	0.5408	2.40071
SMC5	0.22807	0.36728	0.69625
SMC5-AS1	0.01087	0.00476	0.05317
SMC6	0.34283	0.26533	0.45197
SMCHD1	0.3442	0.64439	1.0867
SMCO4	0.17017	0.105	0.12902
SMCR5	0.00827	0.003	0.00739
SMCR8	0.18032	0.18731	0.157
SMDT1	0.17806	0.31088	0.47485
SMG1	0.42855	0.49672	0.78533
SMG1P1	0.00433	0.009	0.00458
SMG5	0.38968	0.17774	0.2075
SMG6	0.07024	0.12692	0.16289
SMG7	0.33241	0.22094	0.49262
SMG7-AS1	0.05751	0.05578	0.0134
SMG8	0.0334	0.02208	0.00473
SMG9	0.16701	0.17112	0.21153
SMIM1	0.07686	0.03177	0
SMIM10	0.00032	0.01574	0.02309
SMIM12	0.14144	0.10804	0.15947
SMIM13	0.08696	0.03387	0.05793
SMIM14	1.09409	0.49765	0.36934
SMIM15	0.09786	0.11279	0.32115
SMIM17	0.00773	0.0028	0.00402
SMIM19	0.17101	0.09259	0.2463
SMIM2-AS1	0.01196	0.0052	0
SMIM20	0.1034	0.04792	0.0753
SMIM22	0.00483	0.01303	0.01106
SMIM3	0.00518	0.01056	0.03503
SMIM4	0.0958	0.07751	0.1905
SMIM5	0.14917	0.11155	0.08669
SMIM6	0.00668	0.00088	0
SMIM7	0.26683	0.22896	0.44602
SMIM8	0.06327	0.02375	0.07541
SMKR1	0.0052	0.00574	0
SMLR1	0.43705	0.06276	0.02223
SMNDC1	0.12079	0.17406	0.35028
SMO	0.28308	0.02287	0.00456
SMOC1	0.19914	0.03093	0.01523
SMOX	0.03559	0.02498	0.02897
SMPD1	0.39788	0.14833	0.15957
SMPD2	0.03946	0.03256	0.01905
SMPD3	0.00635	0.0299	0.01298
SMPD4	0.01519	0.01074	0.01858
SMPDL3A	0.1323	0.043	0.00447
SMPDL3B	0.00815	0.06131	0.00542
SMPX	0.01831	0.00424	0
SMS	0.11583	0.15734	0.38242
SMTN	0.02271	0.01643	0.06265
SMU1	0.15211	0.22555	0.31051
SMUG1	0.15142	0.1357	0.32803
SMURF1	0.10995	0.05867	0.03423
SMURF2	0.03384	0.04304	0.00938
SMYD2	0.0889	0.03817	0.019
SMYD3	0.0714	0.05632	0.05499
SMYD4	0.24763	0.23363	0.18901
SMYD5	0.09578	0.03436	0.06807
SNAI1	0.00251	0.01012	0.00345
SNAI2	0.02346	0.00124	0.00103
SNAI3	0.00214	0.04527	0.0156
SNAI3-AS1	0.01069	0.00989	0.00241
SNAP23	0.159	0.17558	0.14267
SNAP25	0.00703	0.00013	0
SNAP29	0.28519	0.26792	0.24582
SNAP47	0.13206	0.18823	0.2654
SNAPC1	0.14707	0.13947	0.16154
SNAPC2	0.01787	0.00376	0.03396
SNAPC3	0.03213	0.0293	0.02551
SNAPC4	0.07	0.04186	0.03529
SNAPC5	0.08366	0.0899	0.16467
SNAPIN	0.11531	0.06453	0.11652
SNCAIP	0.03075	0.00011	0
SNCG	0.01173	0.00393	0.0011
SND1	0.4507	0.37376	0.53594
SNED1	0.02354	0.00959	0
SNF8	0.19097	0.16046	0.43991
SNHG1	0.16998	0.24911	0.40335
SNHG10	0.02295	0.01341	0.02528
SNHG11	0.11407	0.02963	0.03322
SNHG12	0.05086	0.15269	0.20609
SNHG15	0.03086	0.0561	0.11811
SNHG16	0.24535	0.14202	0.23138
SNHG17	0.09837	0.06029	0.14128
SNHG3	0.08011	0.06499	0.1399
SNHG5	0.14113	0.42449	0.59646
SNHG6	0.17708	0.27951	0.6626
SNHG7	0.20527	0.16721	0.13059
SNHG8	0.14779	0.22158	0.21117
SNHG9	0.13845	0.24163	0.33817
SNIP1	0.20215	0.18042	0.15813
SNN	0.04725	0.04102	0.00436
SNORA1B	0.00307	0.0013	0
SNORA10	0.00228	0.01685	0
RF00614	0.00899	0.00452	0.01012
SNORA11B	0.00366	0.0032	0
RF00586	0.02645	0.10095	0.18043
SNORA14A	0.01425	0.00314	0
SNORA14B	0.00186	0.00228	0.00109
SNORA15B-2	0.00351	0.00076	0.00089
RF00425	0.00396	0.00346	0
SNORA19	0.0077	0.01381	0.02036
RF00401	0.02106	0.01697	0.02873
SNORA21	0.04059	0.04484	0.08426
SNORA23	0.01113	0.00281	0.00314
SNORA24B	0.00697	0.00151	0.00511
RF00402	0.01607	0.00382	0.00732
RF00568	0.00441	0.00452	0.01876
RF00443	0.00588	0.00804	0.01879
SNORA28	0.082	0.06214	0.08501
SNORA2A	0.00067	0.00049	0.01326
SNORA2B	0.00484	0.01106	0.00376
SNORA31	0.00163	0.00172	0.00088
RF00421	0.04827	0.03273	0.01991
SNORA33	0.01731	0.01281	0.01679
SNORA36B	0.00109	0.00055	0.00087
RF00394	0.0074	0.00554	0
SNORA40B	0.04392	0.03287	0.01896
SNORA41	0.01842	0.02349	0.00257
RF00405	0.00199	0.00593	0.00772
SNORA49	0.00277	0.00028	0
SNORA53	0.06531	0.07554	0.05004
SNORA54	0.00555	0.00693	0
SNORA55	0.13323	0.10745	0.08308
SNORA57	0.02381	0.0411	0.07013
RF00418	0.01003	0.00625	0.00834
RF00092	0.00575	0.00604	0.00159
SNORA66	0.03263	0.04277	0.03564
RF00272	0.00257	0.00416	0.01663
SNORA68B	0.00422	0.00254	0
SNORA69	0.00962	0.00942	0.00591
RF00156	0.00092	0.00374	0.00256
SNORA70F	0.00127	0.00089	0
SNORA71D	0.00797	0.00876	0.02891
SNORA73B	0.1913	0.17445	0.09673
SNORA74A	0.00267	0.00094	0
SNORA75B	0.04654	0.02956	0.02129
SNORA7B	0.00532	0.00206	0
SNORA80B	0.00346	0.01676	0.06059
SNORD10	0.00891	0.0051	0.01272
SNORD100	0.00128	0.00675	0.00115
SNORD102	0.00328	0.00312	0
SNORD104	0.0681	0.04016	0.01186
SNORD105B	0.0092	0.00603	0.00705
SNORD11	0.00611	0.01774	0.00128
SNORD110	0.00284	0.00505	0.00985
SNORD116-1	0.00436	0.00087	0
SNORD116-12	0.00091	0.00151	0
SNORD116-16	0.00055	0.00117	0
SNORD116-2	0.02407	0.01536	0.0048
SNORD116-24	0.00047	4e-04	0
SNORD116-25	0.00204	0.00043	0.01691
SNORD116-26	0.0092	0.00598	0.00098
SNORD116-27	0.00092	0.001	0
SNORD116-29	0.00627	0.00463	0
SNORD116-8	0.01132	0.00659	0.00555
SNORD12B	0.00127	0.00366	0
SNORD12C	0.00032	0.0012	0.00947
SNORD16	0.00264	0.00342	0.00083
SNORD17	0.02266	0.02291	0.01426
SNORD1B	0.00076	0	0
RF01299	0.00587	0.00331	0
RF00086	0.00354	0.00435	0.00313
SNORD31B	0.00472	0.00221	0.02201
SNORD34	0.00055	0.00222	0.01068
SNORD35A	0.00301	0.00306	0.00066
SNORD35B	0.00343	0.00287	0.00136
SNORD36C	0.00061	0.00084	0.00085
SNORD38A	0.00948	0.01503	0.01066
SNORD38B	0.00409	0.00306	0
SNORD42A	0.01317	0.00849	0.00239
SNORD42B	0.00183	0.00303	0.00859
SNORD43	0.00383	0.0026	0.0104
RF00287	0.00067	0.00015	0
SNORD45A	0.00319	0.00399	0
SNORD45B	0.00372	0.0061	0.00164
SNORD45C	0.0026	0.00092	0
SNORD46	0.01504	0.04154	0.01839
SNORD48	0.00097	0.00044	0
RF01161	0.00082	9e-05	0
SNORD52	0.00438	0.00399	0.00124
SNORD55	0.00839	0.0034	0.00707
RF00275	0.00101	0.0024	0.00804
SNORD57	0.03238	0.05584	0.02013
SNORD58A	0.0036	0.00242	0
SNORD58C	0.00617	0.00742	0.00264
SNORD59A	0.00065	0.00093	0
RF00271	0.00754	0.00864	0.0115
SNORD63	0.04672	0.02091	0.02611
SNORD67	0.02886	0.05128	0.02935
SNORD68	0.00651	0.00766	0.00868
SNORD7	0.00228	0.0045	0
SNORD71	0.00455	0.0065	0.00089
SNORD72	0.00344	0.00105	0.00543
RF00284	0.00168	0.00175	0
RF00592	0.00331	0.00197	0.00129
RF00152	0.07396	0.03927	0.03234
SNORD8	0.00529	0.00416	0.00372
RF00136	0.03226	0.02139	0.03539
SNORD83A	0.00464	0.00679	9e-04
SNORD83B	0.00342	0.00476	0
SNORD84	0.00419	0.00306	0.00161
SNORD87	0.00401	0.00339	0.00349
SNORD89	0.12787	0.12047	0.10842
SNORD92	0.00097	0.00061	0
RF00189	0.00335	0.00429	0.00169
SNORD97	0.00294	0.01083	0.00092
SNORD99	0.00377	0.01746	0.01762
SNRK	0.07841	0.19156	0.25876
SNRK-AS1	0.0099	0.00257	0
SNRNP200	0.40601	0.32682	0.59695
SNRNP25	0.07697	0.09247	0.42659
SNRNP27	0.17844	0.23524	0.51648
SNRNP35	0.13368	0.10495	0.14747
SNRNP40	0.03827	0.03005	0.08662
SNRNP48	0.22038	0.08139	0.08974
SNRNP70	0.30307	0.23976	0.29456
SNRPA	0.20239	0.10981	0.37256
SNRPA1	0.11448	0.08159	0.23402
SNRPB	0.24267	0.21667	0.73571
SNRPB2	0.25727	0.28169	0.49667
SNRPC	0.52441	0.35846	0.74246
SNRPD1	0.24357	0.18534	0.65759
SNRPD2	0.50395	0.68829	1.56888
SNRPD3	0.43745	0.29498	0.89909
SNRPE	0.32507	0.15922	0.36975
SNRPF	0.19739	0.14716	0.32199
SNRPG	0.39185	0.30889	1.06605
SNTA1	0.10485	0.02472	0.04709
SNTB1	0.32856	0.08039	0.01893
SNTB2	0.23651	0.292	0.37597
SNTG1	0.00299	0.00044	0
SNTN	0.00034	0.00205	0.00365
SNUPN	0.10364	0.06168	0.22945
SNW1	0.24514	0.2689	0.58166
SNX1	0.34325	0.22934	0.35835
SNX10	0.35218	0.176	0.27454
SNX11	0.04611	0.07256	0.13619
SNX12	0.1158	0.04807	0.05845
SNX13	0.12459	0.11438	0.08629
SNX14	0.26046	0.13194	0.12654
SNX16	0.02291	0.0183	0
SNX17	0.37093	0.39057	0.5483
SNX18	0.07945	0.12105	0.07741
SNX19	0.13218	0.15292	0.09245
SNX2	0.37135	0.35801	0.22107
SNX20	0.01216	0.11675	0.18804
SNX21	0.07925	0.01424	0.00134
SNX22	0.21521	0.1744	0.19811
SNX24	0.06507	0.04454	0.01512
SNX25	0.02726	0.05495	0.03346
SNX27	0.19426	0.12302	0.1131
SNX29	0.05006	0.08059	0.19
SNX29P2	0.00176	0.00358	0.00119
SNX3	0.28968	0.21521	0.20383
SNX30	0.04264	0.04651	0.03938
SNX33	0.06518	0.02265	0
SNX4	0.17205	0.124	0.2114
SNX5	0.32046	0.31588	0.52086
SNX6	0.28454	0.49802	0.66471
SNX7	0.06241	0.01091	0.00111
SNX8	0.09619	0.08638	0.10292
SNX9	0.22994	0.20836	0.16222
SOAT1	0.14332	0.17436	0.19893
SOAT2	0.01409	0.00869	0
SOBP	0.15932	0.01421	0.00454
SOCS1	0.00225	0.01572	0.06377
SOCS2	0.00851	0.03869	0.00636
SOCS3	0.00816	0.05057	0.01982
SOCS4	0.11127	0.12802	0.16551
SOCS5	0.07672	0.04579	0.01938
SOCS6	0.12176	0.03952	0.02336
SOD1	1.24728	0.80108	1.06878
SOD2	1.05958	0.71758	0.3039
SOD3	0.01799	0.00594	0.00261
SOGA1	0.26994	0.2334	0.21288
SOGA3	0.00282	0.00674	0
SOHLH1	0.00288	0.00083	0
SON	1.21524	1.93731	2.43511
SORBS1	0.15603	0.0283	0.00262
SORBS2	0.24758	0.07148	0.01246
SORBS3	0.06476	0.0589	0.01238
SORCS1	0.003	0	0
SORCS2	0.02231	0.00342	0
SORD	0.9971	0.20855	0.07512
SORL1	0.47827	0.11539	0.10511
SORT1	0.12194	0.0501	0.00467
SOS1	0.24542	0.34384	0.47698
SOS2	0.14463	0.13865	0.15022
SOWAHA	0.09523	0.00919	0
SOWAHB	0.00658	9e-04	0
SOWAHC	0.24462	0.11797	0.05495
SOWAHD	0.00298	0.00786	0.01194
SOX12	0.2448	0.10463	0.04735
SOX13	0.11524	0.01765	0.00127
SOX18	0.00255	0	0
SOX2-OT	0.01822	0.01012	0.0072
SOX4	0.89625	0.45582	0.23642
SOX5	0.11438	0.04933	0.05889
SOX6	0.03902	0.00335	0.00264
SOX7	0.04631	0.03592	0.06152
SOX9	0.15283	0.02012	0
SOX9-AS1	0.02554	0.00322	0.01038
SP1	0.21918	0.2013	0.30955
SP100	0.37761	0.75186	1.21395
SP110	0.16844	0.52443	0.64922
SP140	0.03011	0.3213	0.61123
SP140L	0.21077	0.29699	0.44692
SP2	0.03595	0.05965	0.01296
SP3	0.15194	0.17728	0.32882
SP4	0.04166	0.11895	0.14144
SP5	0.05239	0.00575	0
SP8	0.00378	0	0
SPA17	0.05551	0.0151	0.00285
SPACA6P-AS	0.02881	0.03126	0.01125
SPAG1	0.08806	0.0372	0.1327
SPAG16	0.10284	0.04212	0.04846
SPAG17	0.00382	0	0
SPAG4	0.05917	0.19956	0.03557
SPAG5	0.05179	0.04954	0.66387
SPAG5-AS1	0.00384	0.01776	0.02657
SPAG6	0.00158	0.00529	0.00065
SPAG7	0.08887	0.18965	0.31754
SPAG8	0.00335	0.00241	0.00098
SPAG9	0.56722	0.4947	0.39129
SPARC	0.02122	0.00555	0
SPARCL1	0.17733	0.07388	0.05704
SPAST	0.1001	0.09436	0.13299
SPATA1	0.00996	0.00328	0.00276
SPATA13	0.31463	0.33396	0.48632
SPATA17	0.00287	0.00571	0
SPATA2	0.0387	0.01503	0.02579
SPATA20	0.20673	0.1621	0.06936
SPATA21	0.01235	0.00231	0.00255
SPATA24	0.00626	0.00844	0.01033
SPATA2L	0.00943	0.00482	0.00197
SPATA32	0.00207	0.00031	0
SPATA33	0.04046	0.0148	0.01505
SPATA41	0.02394	0.00426	0
SPATA5	0.31177	0.33554	0.256
SPATA5L1	0.0357	0.02136	0.03532
SPATA6	0.05422	0.02717	0.01206
SPATA6L	0.0181	0.00469	0.00965
SPATA7	0.04538	0.03721	0.00221
SPATA9	0.00121	0.00163	0
SPATC1L	0.02073	0.0187	3e-04
SPATS2	0.45557	0.59185	0.43406
SPATS2L	0.53485	0.2595	0.31498
SPC24	0.07806	0.04917	0.38071
SPC25	0.02468	0.00924	0.43858
SPCS1	0.57119	0.51574	0.44178
SPCS2	0.63378	0.86782	1.18254
SPCS3	0.20946	0.67901	0.88199
SPDEF	0.00524	0.00057	0
SPDL1	0.1301	0.13836	0.58949
SPDYA	0.00485	0.00264	0
SPDYC	0.00169	0	0
SPECC1	0.0221	0.12066	0.14914
SPECC1L	0.0535	0.03978	0.06083
SPECC1L-ADORA2A	3e-04	0.00122	0
SPEF2	0.12352	0.01976	0.00083
SPEN	0.46075	0.48666	0.56926
SPERT	0.00374	0.00341	0
SPESP1	0.04412	0.00645	0
SPG11	0.16377	0.149	0.14703
SPART	0.03923	0.11388	0.05916
SPG21	0.24651	0.18336	0.08778
SPG7	0.33682	0.19435	0.14949
SPHK1	0.08415	0.03854	0
SPHK2	0.05631	0.03721	0.09714
SPI1	0.00236	0.03655	0.02406
SPIB	0.20202	0.28128	0.26917
SPICE1	0.08671	0.10838	0.11143
SPIDR	0.0863	0.09169	0.17512
SPIN1	0.05333	0.04472	0.10141
SPIN2B	0.02562	0.02262	0.0049
SPIN3	0.05273	0.00308	0.00203
SPIN4	0.01313	0.00928	0.0231
SPINK1	0.83174	0.1015	0.0332
SPINK5	0.17176	0.03391	0.01127
SPINT1	0.00824	0.00723	0.0047
SPINT2	0.0059	0.05123	0.03051
SPIRE1	0.05246	0.08805	0.02314
SPIRE2	0.4102	0.30145	0.20377
SPN	0.22734	0.35966	0.57835
SPNS1	0.19382	0.1069	0.11689
SPNS2	0.00433	0.00112	0.00026
SPNS3	0.00533	0.05825	0.06115
SPOCD1	0.00478	0.00308	0
SPOCK1	0.00439	0	0
SPOCK2	0.0148	0.20986	0.3454
SPON2	1.05841	0.18251	0.1089
SPOP	0.31458	0.3374	0.38373
SPOPL	0.10781	0.125	0.10646
SPP1	0.46358	0.53708	0.04622
SPP2	0.19317	0.01646	0.00063
SPPL2A	0.34607	0.22523	0.21854
SPPL2B	0.05574	0.03357	0.0183
SPPL3	0.2101	0.14909	0.119
SPR	0.12376	0.04312	0.00869
SPRED1	0.07402	0.11563	0.00433
SPRED2	0.0532	0.0235	0.00232
SPRED3	0.01305	0.00862	0.00229
SPRTN	0.04422	0.04078	0.03047
SPRY1	0.07733	0.03016	0.07258
SPRY2	0.02043	0.04224	0.0298
SPRY4	0.01356	0.00039	0.00108
SPRYD3	0.08364	0.08302	0.14769
SPRYD4	0.12141	0.06217	0.00786
SPRYD7	0.16899	0.08358	0.09866
SPSB1	0.10383	0.04055	0.0065
SPSB2	0.03304	0.01619	0.02318
SPSB3	0.09789	0.14476	0.12557
SPTAN1	0.35527	0.3136	0.51601
SPTBN1	1.58796	0.59893	1.33813
SPTBN2	0.04128	0.01728	0
SPTBN4	0.00283	0.00218	0
SPTBN5	0.01994	0.01459	0
SPTLC1	0.16841	0.14629	0.19758
SPTLC2	0.19953	0.23042	0.34005
SPTLC3	0.04317	0.01859	0.00102
SPTSSA	0.09689	0.06271	0.04744
SPTY2D1	0.22623	0.32463	0.29619
SPTY2D1OS	0.01282	0.00763	0
SQLE	0.40788	0.1541	0.13631
SQOR	0.13475	0.12436	0.12669
SQSTM1	2.0034	1.07944	0.47013
SRA1	0.26187	0.2776	0.57765
SRBD1	0.11531	0.16803	0.31459
SRC	0.02019	0.02518	0.00033
SRCAP	0.10683	0.12991	0.08996
SRD5A1	0.09881	0.02672	0.03494
SRD5A3	0.05676	0.04709	0.023
SRD5A3-AS1	0.00378	0.00398	0
SREBF1	0.15054	0.05399	0.08314
SREBF2	0.24008	0.11003	0.20756
SREK1	0.86388	0.76412	1.01613
SREK1IP1	0.20019	0.25088	0.35795
SRF	0.10118	0.06934	0.09328
SRFBP1	0.29496	0.28727	0.27363
SRGAP1	0.05005	0.03262	0.00292
SRGAP2	0.05087	0.07998	0.1338
SRGAP2D	0.00135	0.00364	0.00071
SRGAP3	0.0291	0.02675	0.02289
SRGN	1.21732	1.74022	1.56818
SRI	0.10528	0.12718	0.34786
SRL	0.00226	0.00131	0
SRM	0.19365	0.25823	0.31633
SRP14	0.99545	1.28355	1.7644
SRP14-AS1	0.10998	0.10076	0.0359
SRP19	0.23326	0.32753	0.59344
SRP54	0.22611	0.27364	0.48708
SRP68	0.14688	0.20502	0.37764
SRP72	0.2949	0.52743	0.68071
SRP9	0.46828	0.25451	0.53186
SRPK1	0.28078	0.19409	0.39908
SRPK2	0.2058	0.21122	0.25663
SRPRB	0.25821	0.28748	0.37188
SRPX2	0.00165	0.00024	0
SRR	0.02086	0.00999	0.0774
SRRD	0.08227	0.035	0.05674
SRRM1	0.47595	0.7501	1.36506
SRRM2	0.96281	1.50511	1.59886
SRRM2-AS1	0.0074	0.00634	0.00056
SRRM3	0.00808	0.00064	0
SRRM4	0.00565	0.0085	0.00687
SRRM5	0.00913	0.00775	0.00235
SRRT	0.41451	0.34895	0.63861
SRSF1	0.23672	0.13807	0.29766
SRSF10	0.8143	0.7778	1.54239
SRSF11	1.38687	1.05167	1.21735
SRSF12	0.11587	0.16831	0.14085
SRSF2	0.34279	0.40931	0.76759
SRSF3	0.56129	0.94058	1.84894
SRSF4	0.21762	0.28502	0.57666
SRSF5	0.45826	0.75322	0.78706
SRSF6	0.49836	0.34524	0.39155
SRSF7	0.32564	0.62636	0.78665
SRSF9	0.2425	0.23104	0.46828
SRXN1	0.21892	0.06703	0.03234
SS18	0.1177	0.11884	0.16492
SS18L1	0.22848	0.06407	0.09977
SS18L2	0.08993	0.08219	0.17295
SSB	0.47099	0.39879	0.69256
SSBP1	0.35488	0.27474	0.74115
SSBP2	0.14775	0.14378	0.13127
SSBP3	0.17529	0.07457	0.08159
SSBP4	0.09763	0.18886	0.27074
ITPRID2	0.24031	0.14444	0.10238
SSH1	0.16031	0.22855	0.30418
SSH2	0.04503	0.15953	0.17008
SSH3	0.04681	0.0229	0
SSNA1	0.08594	0.11187	0.22714
SSPN	0.00614	0.08603	0.11175
SSPO	0.01308	0.00019	0
SSR1	0.99398	0.79111	0.85203
SSR2	0.69263	0.72364	0.79958
SSR3	0.50891	0.68278	0.81231
SSR4	0.84036	2.12001	1.88288
SSR4P1	0.01093	0.00178	0.00028
SSRP1	0.34827	0.21145	0.95734
SSSCA1	0.1346	0.1568	0.29425
SSSCA1-AS1	0.00214	0.00616	0.00811
SSTR1	0.00454	0	0
SSTR2	0.10721	0.09702	0.04825
SSTR5-AS1	0.00886	0.00842	0.00588
SSU72	0.4928	0.32449	0.48916
SSUH2	0.00795	0.00066	0
SSX1	0.08569	0.02522	0.00085
SSX2IP	0.18935	0.07016	0.13663
SSX3	0.00044	0.00014	0
SSX5	0.01387	0.00285	0
SSX6P	0.00632	0.0037	0
ST13	0.76994	0.65974	0.87664
ST13P4	0.00267	0.01235	0.00204
ST14	0.03255	0.02164	0.00952
ST20	0.03249	0.00984	0.08757
ST3GAL1	0.58638	0.40048	0.4658
ST3GAL2	0.15415	0.14347	0.12075
ST3GAL3	0.08834	0.02523	0.03887
ST3GAL4	0.02776	0.00856	0.00638
ST3GAL5	0.03291	0.10016	0.09452
ST3GAL6	0.15909	0.11797	0.04219
ST5	0.3696	0.05082	0.00606
ST6GAL1	1.12933	0.40572	0.22131
ST6GAL2	0.09786	0.08288	0.05347
ST6GALNAC2	0.02662	0.00622	0.00086
ST6GALNAC4	0.02415	0.1339	0.12181
ST6GALNAC5	0.00245	0	0
ST6GALNAC6	0.12314	0.08075	0.08285
ST7	0.05587	0.01899	0.00728
ST7-AS1	0.00417	0.00404	0.00067
ST7L	0.04041	0.01458	0.08584
ST8SIA1	0.06487	0.06274	0.03175
ST8SIA4	0.02607	0.21371	0.20578
ST8SIA6	0.02248	0.02276	0.01047
ST8SIA6-AS1	0.03369	0.00316	0.0152
STAB1	0.03887	0.33654	0.02341
STAC	0.00493	0.00689	0.00575
STAC2	0.13554	0.13084	0.0894
STAC3	0.00256	0.00274	0
STAG1	0.12763	0.23285	0.37929
STAG2	0.5367	0.61872	0.72536
STAG3	0.03954	0.02289	0.00119
STAG3L1	0.02407	0.0218	0.05087
STAG3L3	0.00437	0.00426	0.062
STAG3L4	0.06994	0.03536	0.12242
STAG3L5P	0.00216	0.00079	0.02148
STAG3L5P-PVRIG2P-PILRB	0.04675	0.0398	0.10565
STAM	0.08012	0.06983	0.12556
STAM2	0.13363	0.10257	0.06206
STAMBP	0.11169	0.1131	0.14919
STAMBPL1	0.02796	0.13241	0.24839
STAP1	0.00299	0.02767	0.07793
STAP2	0.28002	0.07575	0.04717
STAR	0.11553	0.10725	0.05496
STARD10	0.78831	0.16013	0.08379
STARD13	0.0661	0.03389	0.00255
STARD3	0.08512	0.07537	0.10671
STARD3NL	0.04382	0.04945	0.0853
STARD4	0.1382	0.06753	0.13978
STARD4-AS1	0.00408	0	0.00335
STARD5	0.02181	0.06069	0.0504
STARD7	0.35091	0.36619	0.49561
STARD7-AS1	0.01372	0.00899	0.00033
STARD8	0.04233	0.02801	0.00085
STARD9	0.04307	0.04417	0.01691
STAT1	0.42894	0.79549	1.08097
STAT2	0.65088	0.59619	0.44243
STAT3	0.59696	0.62202	0.76653
STAT4	0.00893	0.10937	0.14178
STAT5A	0.03563	0.11666	0.21789
STAT5B	0.12709	0.14138	0.43437
STAT6	0.23335	0.19338	0.13014
STAU1	0.7103	0.34772	0.41731
STAU2	0.21535	0.19375	0.19591
STAU2-AS1	0.10839	0.08869	0.08201
STC1	0.00636	0.00072	0
STC2	0.04946	0.01512	0.00942
STEAP1	0.03168	0.00566	0.00085
STEAP1B	0.00507	0.0015	0.00044
STEAP2	0.05971	0.01357	0.00168
STEAP3	0.11752	0.02575	0.01813
STEAP4	0.0041	0	0.00028
STIL	0.02399	0.02077	0.45984
STIM1	0.23866	0.14714	0.06632
STIM2	0.07731	0.2004	0.40398
STIP1	0.28392	0.19675	0.55274
STK10	0.17197	0.43684	0.81207
STK11	0.13283	0.07242	0.12399
STK11IP	0.05369	0.05458	0.13242
STK16	0.05516	0.03155	0.04024
STK17A	0.07555	0.31985	0.62152
STK17B	0.03346	0.43892	0.52965
STK19	0.00443	0.00387	0.00857
STK24	0.15084	0.19227	0.39064
STK25	0.28577	0.12093	0.07654
STK3	0.12634	0.08521	0.01843
STK31	0.00779	0.00336	0
STK32A	0.00123	0.00175	0.00045
STK32B	0.00226	0.00397	0
STK32C	0.02416	0.02016	0.00223
STK33	0.00606	0.00015	0.00231
STK35	0.09923	0.05913	0.07212
STK36	0.13174	0.04879	0.06101
STK38	0.1988	0.21066	0.28155
STK38L	0.03366	0.11914	0.06847
STK39	0.10103	0.13553	0.3393
STK4	0.24927	0.65179	0.75892
STK4-AS1	0.00201	0.00016	0.00161
STK40	0.14423	0.12782	0.15336
STMN1	0.56057	0.27608	3.06744
STMN3	0.01085	0.01913	0.00894
STOM	0.22565	0.21956	0.31891
STOML1	0.03779	0.02337	0
STOML2	0.14071	0.15148	0.41125
STON1	0.00391	0.00176	0.00124
STON2	0.06742	0.06898	0.04116
STOX1	0.04449	0.00871	0.00025
STOX2	0.10267	0.02087	0
STPG1	0.02113	0.01244	0.01057
STRA8	0.00194	0.00295	0
STRADA	0.06766	0.06604	0.11019
STRADB	0.09449	0.02312	0.05131
STRAP	0.17051	0.13197	0.22615
STRBP	0.12891	0.17916	0.35768
STRC	0.02175	0.00252	0.0018
STRIP1	0.05737	0.07001	0.09844
STRIP2	0.01703	0.01155	0.01775
STRN	0.13034	0.1082	0.29572
STRN3	0.19581	0.15738	0.08131
STRN4	0.09523	0.07865	0.07213
STS	0.01703	0.01164	0.03368
STT3A	0.35981	0.16081	0.18124
STT3B	0.47676	0.35388	0.61469
STUB1	0.24689	0.27645	0.53953
STX10	0.09913	0.09263	0.1981
STX11	0.00739	0.04423	0.07914
STX12	0.11091	0.11045	0.08311
STX16	0.59853	0.5926	0.41639
STX16-NPEPL1	0.00118	0.00687	0.02659
STX17	0.17812	0.20664	0.32164
STX18	0.11359	0.11103	0.33471
STX18-AS1	0.00487	0.00203	0
STX1A	0.00636	0.00307	0
STX1B	0.00422	0.00662	0.00542
STX2	0.06919	0.08183	0.08334
STX3	0.20097	0.09571	0.04731
STX4	0.15169	0.12442	0.14765
STX5	0.14367	0.12374	0.11365
STX6	0.08864	0.08466	0.11344
STX7	0.12682	0.19897	0.1763
STX8	0.12599	0.22814	0.29543
STXBP1	0.04112	0.00849	0
STXBP2	0.0081	0.01235	0.06677
STXBP3	0.09074	0.12288	0.22504
STXBP4	0.05977	0.03987	0.01678
STXBP5	0.09335	0.05344	0.11651
STXBP5-AS1	5e-04	0.00277	0
STXBP6	0.0371	0.00253	0.01406
STYX	0.15303	0.14218	0.13663
STYXL1	0.14347	0.1182	0.1609
SUB1	0.80896	0.72112	1.24577
SUCLA2	0.09344	0.0611	0.03954
SUCLG1	0.43405	0.19362	0.30325
SUCLG2	0.33197	0.18019	0.27402
SUCNR1	0.00415	0.04365	0
SUCO	0.31087	0.26378	0.28354
SUDS3	0.27296	0.23336	0.39035
SUFU	0.03473	0.03281	0.06015
SUGCT	0.04481	0.00144	0
SUGP1	0.19356	0.15132	0.14431
SUGP2	0.7332	0.61791	0.74268
SUGT1	0.1938	0.20551	0.32457
SUGT1P3	0.00902	0.00816	0.00524
SULF1	0.00603	0.00015	0
SULF2	0.07901	0.05672	0.00772
SULT1A1	0.12228	0.07387	0.03223
SULT1A2	0.08297	0.01911	0.03276
SULT1B1	0.00877	0.00303	0
SULT1C2	0.18251	0.056	0.00331
SULT1C2P1	0.00252	0	0
SULT1C4	0.00303	0.00119	0
SULT1E1	0.01364	0.00223	0
SULT2A1	1.32585	0.33279	0.18826
SULT4A1	0.01473	0.0021	0.00056
SUMF1	0.18032	0.07058	0.02837
SUMF2	0.35629	0.24882	0.20389
SUMO1	0.20926	0.13357	0.22951
SUMO1P3	0.03636	0.02828	0.0185
SUMO2	0.43783	0.51935	1.00073
SUMO3	0.18477	0.18617	0.32247
SUMO4	0.00509	0.00304	0.0025
SUN1	0.20031	0.11143	0.05575
SUN2	0.17958	0.27568	0.47751
SUN3	0.00163	0.00341	0.00098
SUOX	0.10457	0.03894	0.01643
SUPT16H	0.41321	0.48006	1.0698
SUPT20H	0.10182	0.12032	0.20161
SUPT3H	0.02859	0.04517	0.04333
SUPT4H1	0.10934	0.09853	0.05249
SUPT5H	0.65182	0.51475	0.84404
SUPT6H	0.28173	0.22826	0.34132
SUPT7L	0.12603	0.11471	0.15985
SUPV3L1	0.12559	0.05865	0.11187
SURF1	0.19379	0.22457	0.32355
SURF2	0.07647	0.08146	0.12205
SURF4	0.33887	0.24147	0.40049
SURF6	0.11256	0.12572	0.15031
SUSD1	0.0122	0.02894	0.00952
SUSD2	0.02609	0.00412	0
SUSD3	0.04335	0.04993	0.10801
SUSD5	0.00105	0.0013	0
SUV39H1	0.04746	0.00979	0.14891
SUV39H2	0.12635	0.10441	0.14228
SUZ12	0.33581	0.33568	0.86441
SV2A	0.00398	0.00785	0
SV2B	0.00868	0.00575	0.00458
SV2C	0.00364	0.00373	0.00142
SVIL	0.1994	0.05038	0.03513
SVIP	0.49733	0.4306	0.61075
SVOP	0.13884	0.11291	0.07426
SWAP70	0.16439	0.23653	0.2666
SWI5	0.09908	0.07899	0.12028
SWSAP1	0.17153	0.14304	0.10868
SWT1	0.05479	0.04911	0.02242
SYAP1	0.53866	0.57332	0.80912
SYBU	0.04524	0.00414	0.01338
SYCE1L	0.00329	0.04055	0.01569
SYCE3	0.00188	0.00032	0
SYCP2	0.08601	0.02971	0.11649
SYCP2L	0.00341	0.00966	0.02608
SYCP3	0.00115	0.00016	0
SYDE1	0.00688	0.00053	0
SYDE2	0.03641	0.00748	0.00191
SYF2	0.35357	0.41497	0.63525
SYK	0.0683	0.44463	0.50738
SYMPK	0.02904	0.03519	0.06636
SYN1	0.00287	0.00042	0
SYNC	0.01089	0.01187	0.02055
SYNCRIP	0.52888	0.53513	1.14859
SYNE1	0.12666	0.37887	0.61889
SYNE2	0.82812	1.14747	1.85886
SYNE3	0.00827	0.01614	0.0229
SYNE4	0.07311	0.02203	0.0038
SYNGAP1	0.01769	0.02352	0.00058
SYNGR1	0.05754	0.05825	0.05512
SYNGR2	0.31239	0.47544	0.39596
SYNGR3	0.00598	0.01774	0.00745
SYNJ1	0.03578	0.11556	0.13613
SYNJ2	0.10706	0.02967	0.01624
SYNJ2-IT1	0.00175	0.0013	0
SYNJ2BP	0.39384	0.22007	0.15159
SYNM	0.08609	0.02668	0.00384
SYNPO	0.10056	0.04429	0.00203
SYNPO2	0.00667	0.00665	0
SYNPO2L	0.1339	0.13733	0.04029
SYP	0.00274	0.00021	0
SYPL1	0.21461	0.06466	0.09742
SYPL2	0.01376	0.00391	0
SYS1	0.12463	0.08186	0.13313
SYT1	0.08004	0.05597	0.03626
SYT10	0.00317	0.00122	0
SYT11	0.02083	0.07193	0.14102
SYT12	0.03773	0.00039	0
SYT13	0.00942	0.00153	0.00144
SYT15	0.07475	0.01735	0.0426
SYT17	0.07582	0.00904	0
SYT2	0.01886	0.00837	0.00259
SYT3	0.00304	0.00037	0
SYT5	0.00388	0.00114	0
SYT7	0.09209	0.02437	0.00098
SYTL1	0.01864	0.14455	0.13331
SYTL2	0.02124	0.05387	0.04325
SYTL3	0.01135	0.13575	0.19378
SYTL4	0.08661	0.01208	0.00077
SYTL5	0.00296	0	0
SYVN1	0.27775	0.12801	0.10767
SZRD1	0.12971	0.17962	0.31327
SZT2	0.10738	0.11501	0.09282
TAB1	0.03043	0.02333	0.04044
TAB2	0.18411	0.19275	0.256
TAB3	0.12607	0.04505	0.06455
TACC1	0.35304	0.56426	0.81554
TACC2	0.12591	0.03563	0.00905
TACC3	0.05591	0.06594	0.74392
TACO1	0.1523	0.08304	0.08993
TACR2	0.00078	0.00307	0
TADA1	0.08929	0.0233	0.12305
TADA2B	0.21548	0.22518	0.11311
TADA3	0.13634	0.1304	0.1805
TAF1	0.23974	0.26236	0.25282
TAF10	0.31521	0.31987	0.49918
TAF11	0.26337	0.20468	0.25141
TAF12	0.11906	0.11885	0.2906
TAF13	0.03625	0.04944	0.04687
TAF15	0.1296	0.19443	0.53122
TAF1A	0.15259	0.14476	0.12988
TAF1B	0.06163	0.07002	0.20813
TAF1C	0.07854	0.07247	0.09377
TAF1D	0.19268	0.18162	0.1733
TAF1L	0.05249	0.0424	0.02751
TAF2	0.12209	0.15127	0.17418
TAF3	0.16095	0.20314	0.18971
TAF4	0.04268	0.02324	0.03188
TAF4B	0.00105	0.02468	0.07165
TAF5	0.0245	0.02279	0.11664
TAF5L	0.06144	0.0304	0.0217
TAF6	0.15558	0.08551	0.28184
TAF6L	0.05604	0.02428	0.06693
TAF7	0.36992	0.46902	0.53372
TAF7L	0.0091	0.00234	5e-04
TAF8	0.12026	0.10679	0.13131
AK6	0.19336	0.1264	0.24456
TAF9B	0.06911	0.02102	0.11956
TAGAP	0.01157	0.26907	0.25973
TAGLN	0.04405	0.02509	0.00477
TAGLN2	0.23599	0.40502	0.44237
TAL2	0.00361	0.00064	0
TALDO1	0.4498	0.32721	0.49099
TAMM41	0.02656	0.03955	0.02926
TANC1	0.07521	0.00798	0.00811
TANC2	0.02445	0.03443	0.04461
TANGO2	0.13576	0.13843	0.17998
TANGO6	0.05186	0.05488	0.09859
TANK	0.1216	0.17028	0.22136
TAOK1	0.34102	0.40076	0.35436
TAOK2	0.09525	0.06514	0.06096
TAOK3	0.38455	0.49167	0.58183
TAP1	0.17907	0.45116	0.83368
TAP2	0.04185	0.08033	0.06582
TAPBP	0.86852	1.36242	1.32228
TAPBPL	0.04929	0.13546	0.17825
TAPT1	0.10953	0.05157	0.08553
TAPT1-AS1	0.00698	0.00034	0.00168
TARBP1	0.10237	0.03824	0.00738
TARBP2	0.08064	0.05706	0.13789
TARDBP	0.42823	0.30226	0.49135
TARM1	0.06001	0.04831	0.02334
TARS	0.43827	0.28676	0.27977
TARS2	0.25036	0.20571	0.15117
TARSL2	0.09549	0.14273	0.12455
TAS1R3	0.0042	0.02684	0.07261
TAS2R13	0.00164	0.00266	0
TAS2R19	0.00488	0.00256	0
TAS2R20	0.00728	0.00518	0
TAS2R30	0.00162	0.00252	0
TAS2R31	0.0013	0.00017	0
TAS2R43	0.00246	0.00299	0
TASP1	0.02806	0.04819	0.06267
TAT	0.19902	0.06563	0.03588
TATDN1	0.10637	0.05157	0.04836
TATDN2	0.14905	0.15931	0.21941
TATDN3	0.0718	0.05551	0.14174
TAX1BP1	0.90672	0.94455	0.98979
TAZ	0.13621	0.11487	0.12013
TBC1D1	0.11822	0.22249	0.33023
TBC1D10A	0.015	0.02673	0.02017
TBC1D10B	0.14026	0.16436	0.34514
TBC1D10C	0.01804	0.33377	0.67053
TBC1D12	0.04724	0.07135	0.00355
TBC1D13	0.1498	0.12487	0.21717
TBC1D14	0.1158	0.12656	0.12758
TBC1D15	0.13533	0.14667	0.25742
TBC1D16	0.1754	0.03899	0.0041
TBC1D17	0.09029	0.0647	0.0363
TBC1D19	0.02782	0.02127	0.01829
TBC1D2	0.02514	0.00993	0.04414
TBC1D20	0.17607	0.14186	0.19175
TBC1D22A	0.17963	0.22309	0.16518
TBC1D22B	0.03389	0.0608	0.01985
TBC1D23	0.10683	0.08538	0.0889
TBC1D24	0.09278	0.03626	0.04488
TBC1D25	0.05078	0.03436	0.15662
TBC1D2B	0.09164	0.18627	0.17871
TBC1D30	0.01896	0.01867	0.00192
TBC1D31	0.03337	0.04785	0.1675
TBC1D32	0.19252	0.14565	0.08444
TBC1D3P1-DHX40P1	0.00218	0.00064	0.01794
TBC1D4	0.06296	0.26085	0.27443
TBC1D5	0.19789	0.17101	0.35122
TBC1D7	0.03171	0.01957	0.04353
TBC1D8	0.11141	0.04384	0.00959
TBC1D8B	0.0637	0.01291	0.00159
TBC1D9	0.09499	0.18442	0.03436
TBC1D9B	0.22744	0.15212	0.20343
TBCA	0.5246	0.42306	0.76494
TBCB	0.19087	0.1936	0.56
TBCC	0.08959	0.11114	0.22205
TBCCD1	0.06067	0.03988	0.04685
TBCD	0.30197	0.16444	0.26268
TBCEL	0.06712	0.05527	0.00033
TBCK	0.11355	0.12522	0.10904
TBK1	0.10264	0.09322	0.14843
TBKBP1	0.00728	0.01423	0.00302
TBL1X	0.2628	0.1401	0.13504
TBL1XR1	0.41833	0.38279	0.61261
TBL1Y	0.00396	0	0
TBL2	0.07849	0.03257	0.07326
TBL3	0.03782	0.0436	0.13766
TBP	0.08271	0.06899	0.1243
TBPL1	0.05213	0.0466	0.07452
TBRG1	0.27349	0.28332	0.32329
TBRG4	0.17931	0.15086	0.21884
TBX1	0.01578	0.01808	0
TBX15	0.09005	0.01892	0.00318
TBX18	0.00939	0	0
TBX19	0.05034	0.0372	0.0362
TBX2	0.00663	0	0
TBX21	0.00167	0.05348	0.04838
TBX3	0.26074	0.03748	0.02394
TBX4	0.00477	0	0
TBX6	0.00423	0.00145	0
TBXA2R	0.0094	0.00809	0.00565
TBXAS1	0.00778	0.11067	0.03444
TC2N	0.01023	0.08825	0.20206
TCAIM	0.14802	0.05537	0.03302
TCAM1P	0.02051	0.0094	5e-04
TCAP	0.00356	0.00048	0
TCEA1	0.59352	0.54073	0.87221
TCEA2	0.16804	0.03858	0.0717
TCEA3	0.79568	0.19787	0.04349
TCEAL1	0.04653	0.02992	0.07364
TCEAL2	0.01751	0.00046	0
TCEAL3	0.01653	0.06598	0.03744
TCEAL4	0.42481	0.22528	0.05835
TCEAL8	0.08586	0.10767	0.15423
TCEANC	0.01231	0.01975	0.07235
TCEANC2	0.23365	0.24356	0.15425
TCERG1	0.25719	0.26808	0.59085
TCF12	0.11401	0.11163	0.2131
TCF19	0.05172	0.04616	0.44522
TCF20	0.19525	0.16944	0.14434
TCF24	0.00157	0.00036	0
TCF25	0.60786	0.90005	0.80262
TCF3	0.05867	0.13004	0.1966
TCF4	0.06002	0.43362	0.23898
TCF7	0.11511	0.14049	0.21357
TCF7L1	0.03005	0.00941	0
TCF7L2	0.22615	0.09874	0.03507
TCFL5	0.0571	0.02432	0.05288
TCHP	0.14957	0.10973	0.19058
TCIRG1	0.41274	0.56084	0.6715
TCL1A	0.00189	0.00761	0.06767
TCL6	0.00301	0.00635	0
TCN2	0.04138	0.12105	0.00049
TCOF1	0.74848	0.79352	1.07455
TCP1	0.43361	0.29992	0.68452
TCP10L	0.01133	0.00949	0
TCP11L1	0.04361	0.04753	0.05009
TCP11L2	0.01935	0.0233	0.01391
TCTA	0.26474	0.15447	0.18648
TCTE3	0.03233	0.02377	0
TCTEX1D1	0.00197	0.00131	0
TCTEX1D2	0.0295	0.02343	0.06447
TCTN1	0.10864	0.06716	0.06418
TCTN2	0.01152	0.0168	0.00111
TCTN3	0.10753	0.08411	0.17353
TDG	0.27285	0.26875	0.41982
TDGF1	0.00693	0.0039	0
TDGF1P3	0.00256	0.00067	0.00038
TDO2	0.25186	0.07594	0.01763
TDP1	0.0326	0.07368	0.43552
TDP2	0.11923	0.07788	0.10821
TDRD1	0.0155	0.00792	0.00448
TDRD10	0.05998	0.02435	0.00576
TDRD12	0.02887	0.00714	0.00458
TDRD15	0.01125	0.0058	0.0014
TDRD3	0.09215	0.05303	0.08446
TDRD5	0.00397	0	0
TDRD6	0.0359	0.00512	0.00153
TDRD7	0.0208	0.03877	0.02963
TDRD9	0.04805	0.01416	0.00085
TDRKH	0.04139	0.03175	0.04414
TDRP	0.02169	0.00085	0
TEAD1	0.30511	0.05306	0.0068
TEAD2	0.04977	0.01569	0.00085
TEAD3	0.06843	0.00954	0.0024
TEAD4	0.00149	0	0
TEC	0.02263	0.03262	0.02998
TECPR1	0.30724	0.31819	0.33367
TECPR2	0.05654	0.05133	0.02751
TECR	0.49833	0.49902	0.60483
TECRL	0.00203	0.00142	0.00509
TEF	0.04227	0.01248	0.0161
TEFM	0.03496	0.03438	0.05182
TEKT4	0.02931	0.01673	0.03179
TEKT4P2	0.19192	0.08713	0.10313
TEKT5	0.00412	0	0
TELO2	0.00765	0.00383	0.01035
TENM1	0.18623	0.01455	0.03095
TENM2	0.00968	0.00782	0.00457
TENM4	0.0035	0	0
TEP1	0.16499	0.19992	0.13678
TERC	0.02692	0.01482	0.04668
TERF1	0.17435	0.15947	0.31681
TERF2	0.11606	0.09683	0.19356
TERF2IP	0.20624	0.42346	0.67903
TERT	0.0135	0.00764	0.00626
TES	0.09958	0.25416	0.50102
TESC	0.01804	0.06082	0.30248
TESK1	0.09048	0.08322	0.10155
TESK2	0.01593	0.02513	0.00577
TESPA1	0.01754	0.11104	0.21364
TET1	0.05011	0.09706	0.07574
TET2	0.09107	0.20504	0.37325
TET3	0.08626	0.07717	0.03475
TEX10	0.0504	0.08174	0.29935
TEX101	0.00571	0.00305	0.00294
TEX11	0.00827	0.00293	0.00144
TEX14	0.00562	0.08707	0.06512
TEX15	0.01272	0.00854	0
TEX2	0.08993	0.05501	0.02861
TEX21P	0.00085	0.00738	0
TEX22	0.00333	0.00557	0.00238
TEX261	0.25849	0.14035	0.14654
TEX264	0.1345	0.11753	0.20917
TEX29	0.00293	5e-04	0.00163
TEX30	0.04881	0.02148	0.05165
TEX41	0.00236	0	0
TEX9	0.01775	0.02642	0.02737
TF	3.3095	1.00102	0.24398
TFAM	0.16009	0.15372	0.20199
TFAMP1	0.00279	8e-04	0
TFAP4	0.02219	0.01411	0.00418
TFB1M	0.07772	0.04836	0.08987
TFB2M	0.05767	0.01319	0.01785
TFCP2	0.06142	0.07418	0.08847
TFCP2L1	0.00161	0.00114	0.00038
TFDP1	0.04497	0.0748	0.31998
TFDP2	0.98108	0.91606	0.69541
TFDP3	0.03082	0.01867	0.01952
TFE3	0.1573	0.12916	0.12125
TFEB	0.02361	0.05599	0.05989
TFEC	0.00554	0.11201	0.03267
TFF2	0.01061	0.00302	0
TFF3	0.02249	0.00359	0
TFG	0.29262	0.17398	0.15021
TFIP11	0.2152	0.14725	0.14215
TFPI	0.89652	0.15819	0.01406
TFPT	0.03335	0.08675	0.06899
TFR2	0.65886	0.08873	0.04684
TFRC	0.31324	0.36374	0.36248
TGDS	0.03795	0.0218	0.06725
TGFA	0.00429	0.01173	0
TGFB1	0.01781	0.08242	0.07494
TGFB1I1	0.00651	0.00471	0
TGFB2	0.01651	0.00716	6e-04
TGFB3	0.00748	0.00872	0.03928
TGFBI	0.48737	0.38189	0.11363
TGFBR1	0.06666	0.07834	0.04231
TGFBR2	0.11547	0.23133	0.16716
TGFBR3	0.067	0.05094	0.03403
TGFBR3L	0.0018	0.00332	0
TGFBRAP1	0.07299	0.07299	0.12816
TGIF1	0.08378	0.05123	0.02311
TGIF2	0.08015	0.07579	0.1146
TGM1	0.00228	0.00137	0
TGM2	0.20876	0.03124	0.00235
TGM3	0.07078	0.01131	0.02581
TGOLN2	1.10638	0.74009	0.72302
TGS1	0.10102	0.1503	0.26039
THADA	0.10375	0.10512	0.20045
THAP1	0.04735	0.04762	0.09931
THAP10	0.01	0.00295	0
THAP11	0.04535	0.0324	0.02927
THAP2	0.01743	0.02004	0.02035
THAP3	0.06379	0.04259	0.04763
THAP4	0.10552	0.07442	0.1257
THAP5	0.1668	0.14318	0.2038
THAP6	0.16959	0.1878	0.20058
THAP7	0.07565	0.06783	0.11378
THAP7-AS1	0.02057	0.01279	0.0207
THAP8	0.04811	0.04597	0.00336
THAP9	0.02277	0.00662	0.03873
THAP9-AS1	0.02302	0.05218	0.0775
THBD	0.00431	0.00828	0.0026
THBS1	0.14399	0.03346	0.01478
THBS3	0.12064	0.01851	0
THEM4	0.21461	0.15309	0.19044
THEM6	0.15641	0.04328	0.06769
THEMIS	0.00868	0.14893	0.3207
THEMIS2	0.00914	0.13832	0.07839
THG1L	0.12305	0.14248	0.17196
THNSL1	0.07376	0.00699	0.03204
THNSL2	0.11542	0.03602	0.02142
THOC1	0.15363	0.11663	0.18686
THOC2	0.6579	0.66158	0.86224
THOC3	0.01243	0.01214	0.01121
THOC5	0.10659	0.11419	0.16566
THOC6	0.02069	0.0167	0.08963
THOC7	0.15982	0.15302	0.30031
THOP1	0.06904	0.03143	0.03827
THPO	0.05844	0.00956	0
THRA	0.04505	0.01706	0.01785
THRAP3	0.60123	0.75495	1.68914
THRB	0.17892	0.03865	0.00991
THRB-AS1	0.00526	0.00084	0
THRSP	0.0489	0.00497	0
THSD1	0.0072	0.00042	0.00194
THSD4	0.05216	0.00174	0.00481
THSD7A	0.02899	0.00201	0
THTPA	0.03619	0.01504	0.02129
THUMPD1	0.1312	0.25959	0.38528
THUMPD2	0.06592	0.05724	0.03814
THUMPD3	0.18421	0.14182	0.22937
THY1	0.00894	0.00522	0
THYN1	0.14528	0.08959	0.16333
TIA1	0.30206	0.23812	0.16775
TIAL1	0.37812	0.33078	0.30729
TIAM1	0.01616	0.0623	0.09515
TIAM2	0.0164	0.02622	0.02097
TICAM1	0.02914	0.0328	0.02299
TICRR	0.01472	0.00497	0.15186
TIFA	0.01085	0.02412	0.04137
TIFAB	0.00061	0.0152	0
TIGD1	0.05417	0.0462	0.08899
TIGD2	0.03378	0.02623	0.02342
TIGD3	0.00455	0.00265	0.00026
TIGD4	0.00277	0	0
TIGD5	0.02208	0.00553	0.00569
TIGD6	0.03494	0.02465	0.01639
TIGD7	0.02857	0.02063	0.01081
TIGIT	0.02234	0.3385	0.62479
TIMD4	0.00035	0.00873	0.02418
TIMELESS	0.29911	0.16881	0.48855
TIMM10	0.20268	0.12126	0.54462
TIMM10B	0.15991	0.11775	0.0669
TIMM13	0.34031	0.33865	0.62285
TIMM17A	0.24892	0.16033	0.41073
TIMM17B	0.60989	0.23101	0.35623
TIMM21	0.05741	0.0518	0.09416
TIMM22	0.03981	0.04983	0.126
TIMM23B	0.08733	0.06922	0.05758
TIMM44	0.25266	0.15336	0.25857
TIMM50	0.52325	0.40876	0.42645
TIMM8A	0.12743	0.02739	0.05536
TIMM8B	0.44667	0.3406	0.74493
TIMM9	0.0746	0.08694	0.08843
TIMMDC1	0.13077	0.1114	0.15943
TIMP1	0.12333	0.27405	0.07045
TIMP2	0.22118	0.3016	0.09898
TIMP3	0.19123	0.0492	0.00664
TINAG	0.04502	0.01309	0.00175
TINAGL1	0.00589	0.00169	0
TINCR	0.18223	0.15924	0.14232
TINF2	0.05587	0.06343	0.15752
TIPARP	0.05027	0.14322	0.18945
TIPARP-AS1	0.00992	0.00677	0
TIPIN	0.01638	0.01084	0.04781
TIPRL	0.23782	0.14671	0.35824
TIRAP	0.03841	0.03527	0.04853
TJAP1	0.06078	0.051	0.03957
TJP1	0.22811	0.05704	0.01006
TJP2	0.11207	0.04635	0.04817
TJP3	0.02768	0.00613	0
TK1	0.05643	0.02397	0.63269
TK2	0.12868	0.12345	0.04894
TKT	0.56218	0.40122	0.41743
TKTL1	0.35781	0.16977	0.04121
TLCD1	0.03185	0.0154	0.00069
TLCD2	0.45039	0.39697	0.2906
TLDC1	0.13349	0.10724	0.09635
TLDC2	0.00033	0	0.00056
TLE1	0.26164	0.10884	0.12136
TLE2	0.04231	0.0198	0
TLE3	0.10697	0.20417	0.17834
TLE4	0.01906	0.14181	0.13207
TLE6	0.01031	0.00462	0
TLK1	0.28582	0.33478	0.58886
TLK2	0.35928	0.45974	0.69172
TLL2	0.00442	0.00432	0
TLN1	0.2664	0.79843	1.30464
TLN2	0.0761	0.01499	0.00135
TLR1	0.00775	0.03454	0.00392
TLR10	0.13918	0.15379	0.13032
TLR2	0.01688	0.03257	0.02131
TLR3	0.00655	0.00427	0.01477
TLR4	0.01625	0.12413	0.00575
TLR5	0.02081	0.03959	0
TLR6	0.10022	0.17675	0.09855
TLR7	0.11309	0.19964	0.07729
TLR8	0.00029	0.0141	0.0124
TLR8-AS1	0.00588	0.00408	0.00331
AC097637.1	0.00139	0.02616	0.006
TLX1	0.04879	0.00382	0
TLX3	0.00197	0	0
TM2D1	0.12058	0.06855	0.02752
TM2D2	0.111	0.08918	0.11297
TM2D3	0.16781	0.0768	0.10294
TM4SF1	0.1893	0.04548	0.00086
TM4SF1-AS1	0.00355	3e-04	0
TM4SF19-AS1	0.01071	0.01441	0.00777
TM4SF20	0.00386	8e-04	0.00028
TM4SF4	0.82021	0.26021	0.05157
TM4SF5	0.5791	0.07231	0.00863
TM6SF1	8e-04	0.02164	0
TM6SF2	0.03701	0.00587	0
TM7SF2	0.86596	0.14376	0.03202
TM7SF3	0.20966	0.15417	0.10415
TM9SF1	0.1154	0.08962	0.03398
TM9SF2	0.44936	0.46568	0.49586
TM9SF3	0.52903	0.48074	0.56099
TM9SF4	0.19501	0.14966	0.08587
TMA16	0.16651	0.18506	0.40153
TMA7	0.7678	1.1578	1.70604
TMBIM1	0.1166	0.08289	0.12964
TMBIM4	0.47833	0.34439	0.50329
TMBIM6	2.05531	1.47882	1.48122
TMC1	0.00152	0.00238	0.00043
TMC4	0.00219	0	0
TMC5	0.04431	0.03116	0.04393
TMC6	0.0309	0.34613	0.41537
TMC7	0.19645	0.18202	0.11306
TMC8	0.0098	0.28157	0.43569
TMCC1	0.16078	0.11241	0.05609
TMCC1-AS1	0.01666	0.00773	0.0058
TMCC2	0.00226	0.0084	0.0116
TMCC3	0.06178	0.03326	0.00227
TMCO1	0.64621	0.40565	0.3948
TMCO3	0.07078	0.0545	0.05128
TMCO4	0.06654	0.10058	0.10721
TMCO6	0.02197	0.01159	0.0056
TMED1	0.05599	0.03589	0.08857
TMED10	0.62053	0.62564	0.59687
TMED10P1	0.03895	0.04169	0.02351
TMED2	0.44076	0.39639	0.53046
TMED3	0.11712	0.17409	0.28817
TMED4	0.22323	0.22861	0.16036
TMED5	0.44266	0.30303	0.31583
TMED6	0.00484	0.00379	0
TMED7	0.16718	0.0619	0.04506
TMED8	0.07809	0.12813	0.28632
TMED9	0.45855	0.32818	0.2379
TMEM101	0.11659	0.0584	0.12527
TMEM104	0.05068	0.03723	0.03865
TMEM105	0.00312	0.00313	0.00102
TMEM106A	0.20846	0.3391	0.21447
TMEM106B	0.21452	0.10973	0.04622
TMEM106C	0.26419	0.11337	0.29519
TMEM107	0.05171	0.36831	0.39935
TMEM109	0.10543	0.09322	0.18236
TMEM11	0.04081	0.04798	0.08779
STIMATE	0.13894	0.04474	0.09247
TMEM115	0.16744	0.08893	0.14489
TMEM116	0.04198	0.01935	0.03969
TMEM117	0.01943	0.01456	0
TMEM119	0.00431	0.00359	0.00031
TMEM120A	0.35036	0.14189	0.12195
TMEM120B	0.21088	0.19789	0.11159
TMEM121	0.0018	0	0.01007
TMEM123	0.5506	0.30012	0.29285
TMEM126A	0.14212	0.09122	0.17996
TMEM126B	0.13942	0.09775	0.17951
TMEM127	0.21091	0.20663	0.18629
TMEM128	0.03582	0.01069	0.02252
TMEM129	0.04536	0.02384	0.01246
TMEM130	0.1966	0.21181	0.11887
TMEM131	0.30432	0.37064	0.32125
TMEM132A	0.01833	0.00228	0
TMEM132B	0.07417	0.07611	0.04656
TMEM132D	0.00175	0.00051	0
TMEM134	0.13201	0.12466	0.12231
TMEM135	0.13132	0.04454	0.04508
TMEM136	0.03345	0.00687	0
TMEM138	0.08538	0.04034	0.09482
TMEM139	0.01627	0.00158	0
TMEM140	0.17478	0.15385	0.03431
TMEM141	0.1422	0.10061	0.10848
TMEM143	0.02532	0.01026	0.00844
TMEM144	0.01923	0.01641	0
TMEM145	0.01234	0.00337	0
TMEM147	0.31816	0.31367	0.28095
TMEM14A	0.20738	0.04479	0.07203
TMEM14B	0.27398	0.13781	0.21316
TMEM14C	0.20436	0.10137	0.0774
TMEM150A	0.10386	0.0258	0.0198
TMEM150B	0.00146	0.00069	0
TMEM150C	0.01845	0.00424	0
TMEM151A	0.01495	0.00089	0
TMEM154	0.00966	0.07327	0.12206
TMEM156	0.05656	0.19803	0.27646
TMEM159	0.01884	0.03264	0.10096
TMEM160	0.25851	0.28096	0.56837
TMEM161A	0.09704	0.04069	0.02823
TMEM161B	0.16774	0.14755	0.19129
TMEM161B-AS1	0.05195	0.04313	0.02948
TMEM164	0.03386	0.02605	0.03873
TMEM165	0.06125	0.11438	0.18606
TMEM167A	0.23641	0.22629	0.39692
TMEM167B	0.1003	0.07796	0.041
TMEM168	0.33078	0.30597	0.20759
TMEM169	0.06724	0.01506	0.00241
TMEM17	0.0933	0.0957	0.05236
TMEM170A	0.14264	0.09802	0.13416
TMEM170B	0.10617	0.03575	0.04388
TMEM171	0.0055	0.00329	0
TMEM173	0.00912	0.13341	0.12637
TMEM175	0.06367	0.05128	0.05548
TMEM176A	1.2532	0.24075	0.06797
TMEM176B	1.70133	0.40707	0.06011
TMEM177	0.0618	0.0176	0.06843
TMEM178A	0.01112	0.00743	0
TMEM178B	0.04582	0.00959	0
TMEM179B	0.22548	0.17833	0.30841
TMEM18	0.06228	0.08395	0.12258
TMEM181	0.37829	0.31315	0.24134
TMEM182	0.00687	0.01014	0.02009
TMEM183A	0.03427	0.02509	0.0293
TMEM184A	0.09264	0.07906	0.05164
TMEM184B	0.06703	0.08879	0.08209
TMEM184C	0.03669	0.038	0.03433
TMEM185B	0.06904	0.03218	0.04573
TMEM186	0.05069	0.03736	0.0843
TMEM187	0.05687	0.04946	0.05304
TMEM189	0.10669	0.03259	0.09298
TMEM19	0.81672	0.69958	0.53018
TMEM191A	0.03376	0.01556	0.00108
TMEM191C	0.00363	0.00136	0
TMEM192	0.39658	0.31072	0.25452
TMEM198	0.01227	0.00436	0.03698
TMEM198B	0.04385	0.07872	0.06851
TMEM199	0.13454	0.1026	0.12197
CEMIP2	0.27214	0.26439	0.48906
TMEM200A	0.00319	0.00515	0.00855
TMEM200B	0.03682	0.00679	0.00073
TMEM201	0.03404	0.02274	0.02434
TMEM203	0.19398	0.10333	0.18353
TMEM204	0.00216	0.0179	0.00315
TMEM205	0.5423	0.25701	0.24158
TMEM206	0.02425	0.03088	0.02579
TMEM208	0.30123	0.36292	0.43404
TMEM209	0.07834	0.0574	0.12245
TMEM212	0.4932	0.57456	0.48028
TMEM213	0.09525	0.09883	0.05802
TMEM214	0.21679	0.17483	0.19941
TMEM216	0.01626	0.02983	0.01242
TMEM217	0.01181	0.01579	0.01229
TMEM218	0.0635	0.04047	0.07801
TMEM219	0.56993	0.45187	0.48439
TMEM220	0.06244	0.00875	0.00152
TMEM222	0.08587	0.06111	0.0359
TMEM223	0.12889	0.08174	0.11075
TMEM229B	0.00848	0.04304	0.06996
TMEM230	0.27901	0.18658	0.22527
TMEM231	0.0088	0.00742	0.0051
TMEM232	0.00536	0.00506	0
TMEM234	0.04012	0.02166	0.04656
TMEM236	0.00256	0.00264	0.0014
TMEM237	0.06028	0.01828	0.04722
TMEM238	0.0582	0.04332	0.04935
TMEM239	0.00265	0.00063	0.00234
TMEM241	0.08391	0.05865	0.05051
TMEM242	0.04021	0.0463	0.12393
TMEM243	0.00476	0.05604	0.0779
TMEM245	0.67956	0.39756	0.44179
TMEM246	0.03618	0.00854	0
TMEM248	0.18256	0.14267	0.09741
TMEM249	0.00388	0.00124	0.01826
TMEM25	0.02324	0.01782	0
TMEM251	0.02432	0.02533	0.00527
TMEM253	0.00888	0.00048	0
TMEM254	0.12072	0.04004	0
TMEM254-AS1	0.51046	0.40764	0.22732
TMEM255A	0.00424	0.00036	0
TMEM256	0.17701	0.1823	0.34343
TMEM258	0.83928	0.89175	1.45256
TMEM259	0.29767	0.23591	0.20147
TMEM260	0.08338	0.04367	0.05345
DMAC1	0.08322	0.13383	0.32244
CLTRN	0.00232	8e-05	0
TMEM30A	0.29475	0.14166	0.13282
TMEM30B	0.04312	0.00908	0
TMEM33	0.34754	0.15485	0.13919
TMEM37	0.15106	0.07644	0.00063
TMEM38A	0.13132	0.10519	0.10666
TMEM38B	0.09946	0.04505	0.07701
TMEM39A	0.0964	0.09762	0.03472
TMEM39B	0.02132	0.02655	0.05987
TMEM40	0.00243	0.0016	0
TMEM41A	0.2179	0.15505	0.14918
TMEM41B	0.26464	0.09468	0.09004
TMEM42	0.08744	0.07106	0.00129
TMEM43	0.06726	0.04005	0.11933
TMEM44	0.01776	0.01122	0.00363
TMEM44-AS1	0.05962	0.02129	0.13104
TMEM45A	0.08517	0.03465	0.03103
TMEM45B	0.15835	0.01668	0
TMEM47	0.021	0.00398	0
RXYLT1	0.0761	0.07495	0.13217
RXYLT1-AS1	0.04817	0.05712	0.03433
TMEM50A	0.17796	0.20513	0.29687
TMEM50B	0.18324	0.16057	0.20724
TMEM51	0.02791	0.06414	0.00037
TMEM51-AS1	0.00616	0.0091	0.00599
TMEM52	0.01924	0.00512	0
TMEM52B	0.00565	0.00543	0.00481
TMEM53	0.11603	0.03205	0.03046
TMEM54	0.01959	0.00449	0.00282
PIP4P2	0.0321	0.02406	0.01459
PIP4P1	0.09496	0.09729	0.12452
TMEM56	0.60754	0.25764	0.16266
TMEM56-RWDD3	0.00263	0.00081	0
MACO1	0.25029	0.19982	0.20116
TMEM59	0.54037	0.38636	0.36088
TMEM60	0.07515	0.05229	0.09421
TMEM61	0.0024	0.00246	0
TMEM62	0.04097	0.04483	0.08954
TMEM63A	0.15133	0.06069	0.02487
TMEM63B	0.03634	0.01243	5e-04
TMEM63C	0.00186	0.0018	0
TMEM64	0.06968	0.04077	0.05475
TMEM65	0.03174	0.03064	0.02483
TMEM67	0.02411	0.01888	0.00556
TMEM68	0.06425	0.03362	0.02896
TMEM69	0.05677	0.03769	0.02443
TMEM70	0.11363	0.08252	0.05791
TMEM71	3e-05	0.01423	0.04125
TMEM72	0.00843	0.0033	0
TMEM72-AS1	0.00208	0.00061	0
TMEM74	0.01065	0.00414	0
TMEM74B	0.01233	0.008	0
TMEM79	0.08038	0.03647	0.02286
TMEM80	0.06925	0.02431	0.06306
TMEM81	0.01571	0.00733	0.00025
TMEM82	0.00571	0.00047	0.00108
TMEM86A	0.01816	0.02677	0
TMEM86B	0.08885	0.04704	0.04917
TMEM87A	0.20897	0.20243	0.3457
TMEM87B	0.08553	0.12597	0.13166
TMEM8A	0.11205	0.09823	0.07514
TMEM8B	0.05698	0.02602	0.00546
TMEM9	0.33405	0.09153	0.08678
TMEM91	0.05099	0.03273	0.02177
TMEM92	0.05723	0.01381	0
TMEM97	0.32679	0.07248	0.24781
TMEM98	0.08417	0.0035	0
TMEM99	0.01836	0.02297	0.04401
TMEM9B	0.08742	0.08885	0.09733
TMEM9B-AS1	0.00502	0.00513	0
TMF1	0.26765	0.35417	0.49846
TMIE	0.03283	0.00931	0
TMIGD2	0.33408	0.31116	0.27174
TMLHE	0.05233	0.03168	0.05226
TMOD1	0.02055	0.00779	0.00948
TMOD2	0.10299	0.09956	0.08994
TMOD3	0.42882	0.50336	0.69538
TMOD4	0.0024	0.00359	0.01936
TMPO	0.36549	0.41161	1.57176
TMPO-AS1	0.0284	0.01962	0.05109
TMPPE	0.00155	0.00321	0
TMPRSS11B	0.35579	0.32121	0.18204
TMPRSS15	0.00204	0.00155	0
TMPRSS2	0.04253	0.0064	0
TMPRSS3	0.04103	0.01748	0.00636
TMPRSS6	0.25522	0.04387	0.00875
TMPRSS7	0.01196	0.00904	0.00758
TMPRSS9	0.00999	0.004	0
TMSB10	0.6328	1.76288	2.15864
TMSB4X	0.62539	2.52597	2.75747
TMSB4Y	0.00331	0.00043	0.00358
TMTC1	0.00985	0.00146	0.00037
TMTC2	0.01428	0.00974	0
TMTC3	0.11653	0.06204	0.04398
TMTC4	0.05569	0.01953	0.01302
TMUB1	0.07637	0.07408	0.10096
TMUB2	0.19702	0.14111	0.18532
TMX1	0.13067	0.19202	0.3865
TMX2	0.31842	0.14455	0.20553
TMX3	0.1079	0.13682	0.13937
TMX4	0.30878	0.22007	0.41381
TNC	0.00594	0.00987	0.00255
TNF	0.0059	0.06467	0.1251
TNFAIP1	0.08645	0.05575	0.0151
TNFAIP2	0.17602	0.45474	0.0229
TNFAIP3	0.15565	0.66461	0.97241
TNFAIP8	0.01627	0.20087	0.26184
TNFAIP8L1	0.74412	0.51181	0.43147
TNFAIP8L2	0.00123	0.0391	0.01692
TNFAIP8L3	0.09042	0.06765	0.04441
TNFRSF10A	0.01824	0.02728	0.04514
TNFRSF10B	0.08745	0.04467	0.05155
TNFRSF10C	0.00161	0.00184	0
TNFRSF10D	0.0182	0.01241	0
TNFRSF11A	0.01052	0.01706	0
TNFRSF11B	0.00986	0.00155	0
TNFRSF12A	0.04251	0.01445	0.00084
TNFRSF13B	0.00125	0.03764	0.04916
TNFRSF13C	0.00216	0.03299	0.01583
TNFRSF14	0.3504	0.50896	0.33819
TNFRSF17	0.00498	0.16835	0.09266
TNFRSF18	0.0097	0.08616	0.04874
TNFRSF19	0.02142	0.00097	0
TNFRSF1A	0.24014	0.12064	0.0661
TNFRSF1B	0.15258	0.72093	0.60727
TNFRSF21	0.05653	0.03904	0
TNFRSF25	0.01557	0.04804	0.04859
TNFRSF4	0.00991	0.13226	0.16699
TNFRSF8	0.00279	0.01438	0.1183
TNFRSF9	0.10927	0.23122	0.43411
TNFSF10	1.23125	0.42096	0.35032
TNFSF11	0.00269	0.00056	0
TNFSF12	0.01637	0.05493	0.0351
TNFSF13	0.00346	0.01777	0
TNFSF13B	0.02938	0.13236	0.04702
TNFSF14	0.19834	0.15074	0.20548
TNFSF15	0.10177	0.08716	0.0543
TNFSF4	0.01208	0.01769	0.08671
TNFSF8	0.00882	0.16203	0.16689
TNFSF9	0.00392	0.02728	0.01899
TNIK	0.02846	0.10876	0.14031
TNIP1	0.4787	0.43357	0.6852
TNIP2	0.13679	0.10966	0.24063
TNIP3	0.02694	0.11988	0.12677
TNK1	0.01041	0.00667	0
TNK2	0.05935	0.10293	0.08321
TNKS	0.08346	0.08362	0.07476
TNKS1BP1	0.20722	0.0384	0.00217
TNKS2	0.21	0.30114	0.2911
TNN	0.0041	0	0
TNNC1	9e-04	0.00091	0
TNNC2	0.00901	0.00413	0
TNNI1	0.00164	0.00076	0.00051
TNNI2	0.00011	0.02299	0
TNNI3	0.01051	0.00041	0
TNNT1	0.01256	0.01305	0
TNPO1	0.20494	0.1913	0.30278
TNPO2	0.15548	0.13657	0.31208
TNPO3	0.21283	0.16784	0.27889
TNRC18	0.16084	0.09741	0.0652
TNRC18P1	0.00095	0.00093	0.00038
TNRC6A	0.44502	0.48692	0.55823
TNRC6B	0.68106	0.84153	1.00386
TNRC6C	0.08652	0.1273	0.27543
TNRC6C-AS1	0.0106	0.07381	0.07523
TNS1	0.23542	0.08115	0.04837
TNS3	0.25991	0.30295	0.08596
TNS4	0.0019	0.00624	3e-04
TOB1	0.29932	0.16784	0.14939
TOB1-AS1	0.01082	0.01243	0.02855
TOB2	0.2392	0.28405	0.23981
TOB2P1	0.05657	0.02284	0.00856
TOE1	0.023	0.01195	0.03711
TOLLIP	0.31553	0.14853	0.17925
TOLLIP-AS1	0.01212	0.00786	0.00481
TOM1	0.25418	0.12754	0.06343
TOM1L1	0.1295	0.01462	0.00073
TOM1L2	0.03104	0.02981	0.02652
TOMM20	0.51726	0.26478	0.35819
TOMM22	0.20293	0.164	0.34354
TOMM34	0.09096	0.06018	0.17964
TOMM40	0.09506	0.05072	0.0762
TOMM40L	0.14732	0.06874	0.06393
TOMM5	0.17305	0.24603	0.71136
TOMM6	0.68992	0.40866	0.73332
TOMM7	0.46308	0.74334	0.9011
TONSL	0.11239	0.07702	0.18157
TOP1	0.37498	0.57308	1.02242
TOP1MT	0.13998	0.06208	0.02833
SRP14P4	0.01546	0.00585	0.00716
TOP2A	0.24111	0.12115	2.87246
TOP2B	0.36204	0.43386	0.57141
TOP3A	0.17441	0.19469	0.25568
TOP3B	0.02911	0.03801	0.04079
TOPBP1	0.20711	0.15579	0.59062
TOPORS	0.11261	0.15171	0.25554
SMIM27	0.02828	0.04867	0.04746
TOR1A	0.06332	0.07031	0.13256
TOR1AIP1	0.16809	0.21791	0.31936
TOR1AIP2	0.90503	0.45039	0.45431
TOR1B	0.08034	0.03298	0.05863
TOR2A	0.02491	0.0421	0.08499
TOR3A	0.11274	0.13386	0.12213
TOR4A	0.00692	0.02518	0.0628
TOX	0.00812	0.19937	0.33232
TOX2	0.04841	0.16417	0.43625
TOX3	0.15267	0.0232	0.00194
TOX4	0.22261	0.15846	0.24959
TP53	0.0828	0.07227	0.1682
TP53AIP1	0.05491	0.05134	0.03523
TP53BP1	0.18163	0.15831	0.28003
TP53BP2	0.35597	0.15113	0.20112
TP53I11	0.01179	0.01532	0
TP53I13	0.09996	0.07569	0.05019
TP53I3	0.11123	0.07114	0.06277
TP53INP1	0.39057	0.4392	0.19536
TP53INP2	0.13846	0.0998	0.05367
TP53RK	0.0447	0.04328	0.06425
TP53TG1	0.13313	0.05899	0.13641
TP63	0.01784	0.00833	0.0204
TP73	0.00318	0.01019	0.01257
TP73-AS1	0.04405	0.01687	0.0079
TPBGL	0.00938	0.00036	0
TPCN1	0.23849	0.09298	0.04585
TPCN2	0.09119	0.04868	0.03359
TPD52	0.27501	0.3733	0.31305
TPD52L1	0.06485	0.0124	0.01387
TPD52L2	0.17819	0.14632	0.06168
TPGS1	0.00414	0.00505	0
TPGS2	0.15422	0.09464	0.45436
TPI1	0.9482	0.91343	1.96673
TPI1P2	0.00259	0.00025	0.03346
TPI1P3	0.00278	0.00107	0.00291
TPK1	0.00867	0.02709	0.0198
TPM1	0.35202	0.13652	0.10097
TPM2	0.04975	0.02472	0.00837
TPM3	1.07618	1.65516	2.52566
TPM3P9	0.11893	0.08439	0.15432
TPM4	0.18744	0.63774	1.41288
TPMT	0.24945	0.20917	0.14239
TPP1	1.12796	0.76546	0.65992
TPP2	0.15576	0.20329	0.43248
TPPP	0.06179	0.00311	0
TPR	0.87797	0.80003	1.53419
TPRA1	0.10619	0.07708	0.06732
TPRG1	0.01616	0.01069	0.00575
TPRG1-AS1	0.05026	0.03188	0.01921
TPRG1-AS2	0.00248	0.00412	0
TPRG1L	0.33471	0.14726	0.06137
TPRKB	0.06328	0.05863	0.16596
TPRN	0.08113	0.01917	0.02319
TPST1	0.04312	0.00987	0
TPST2	0.19422	0.20212	0.18023
TPT1	1.88413	2.98259	2.95068
TPT1-AS1	0.01661	0.0098	0.02398
TPTE2	0.00588	0.01074	0
TPTE2P1	0.22462	0.18726	0.14131
TPTE2P5	0.00491	0.00098	0
TPTE2P6	0.00502	0.00262	0.00825
TPTEP1	7e-04	0	0
TPX2	0.11265	0.08392	1.72111
TRA2A	0.3075	0.36151	0.45484
TRA2B	0.32514	0.70324	0.99489
TRABD	0.11006	0.15551	0.16519
TRABD2A	0.10159	0.11956	0.10691
TRABD2B	0.00612	0	0
TRADD	0.07682	0.10657	0.14907
TRAF1	0.0176	0.14088	0.16835
TRAF2	0.06795	0.08611	0.19883
TRAF3	0.0988	0.12139	0.20941
TRAF3IP1	0.17193	0.10789	0.11924
TRAF3IP2	0.56017	0.56943	0.46703
TRAF3IP2-AS1	0.0143	0.02288	0.0984
TRAF3IP3	0.0053	0.27227	0.42317
TRAF4	0.05011	0.00942	0.01221
TRAF5	0.04807	0.20216	0.40348
TRAF6	0.04264	0.04724	0.07005
TRAF7	0.05646	0.04503	0.03178
TRAFD1	0.08978	0.08205	0.18454
TRAIP	0.02227	0.00582	0.116
TRAK1	0.14484	0.09482	0.08084
TRAK2	0.13429	0.16586	0.16102
TRAM1	0.40484	0.57281	0.47045
TRAM1L1	0.01157	0.00246	0
TRAM2	0.08909	0.14734	0.08345
TRAM2-AS1	0.03835	0.00714	0
TRANK1	0.09494	0.20318	0.30069
TRAP1	0.15707	0.06798	0.24193
TRAPPC1	0.08823	0.19749	0.35553
TRAPPC10	0.13336	0.25306	0.45085
TRAPPC11	0.06885	0.06769	0.11073
TRAPPC12	0.08134	0.12598	0.26895
TRAPPC13	0.06166	0.04672	0.10657
TRAPPC2	0.06597	0.07402	0.10716
TRAPPC2L	0.29057	0.27996	0.7912
TRAPPC3	0.14835	0.14203	0.1675
TRAPPC4	0.17449	0.12663	0.21437
TRAPPC5	0.34445	0.48673	0.76821
TRAPPC6A	0.34405	0.23724	0.34883
TRAPPC6B	0.10612	0.09978	0.06111
TRAPPC8	0.10965	0.10183	0.117
TRAPPC9	0.11905	0.10766	0.08607
TRAT1	0.00074	0.02509	0.11516
TRDMT1	0.29056	0.24626	0.16908
TRDN	0.00341	0.00586	0
TREH	0.00477	0.00019	0
TREM1	0.00489	0.01812	0.01627
TREM2	0.00302	0.1044	0
TREML2	0.00272	0.00408	0
TREML3P	0.00149	0.00067	0
TRERF1	0.00713	0.08939	0.15521
TREX1	0.10309	0.12048	0.30044
TRHDE	0.01744	0.00304	0
TRHDE-AS1	0.06775	0.00261	0
TRIAP1	0.09503	0.0705	0.07169
TRIB1	0.26815	0.37935	0.24426
TRIB2	0.09188	0.10768	0.14487
TRIB3	0.2531	0.08093	0.02442
TRIM10	0.00644	0.00486	0.00085
TRIM11	0.05209	0.05609	0.07841
TRIM13	0.18786	0.1998	0.07449
TRIM14	0.11782	0.17129	0.24054
TRIM15	0.02142	0.00322	0.02562
TRIM16	0.06902	0.02811	0.07004
TRIM16L	0.12179	0.03109	0.01581
TRIM2	0.12977	0.04581	0.01702
TRIM21	0.03093	0.07309	0.04617
TRIM22	0.02108	0.21971	0.34498
TRIM23	0.087	0.05716	0.02566
TRIM24	0.28459	0.10213	0.13118
TRIM25	0.12358	0.09965	0.1271
TRIM26	0.22731	0.16107	0.33412
TRIM27	0.29815	0.18966	0.34867
TRIM28	0.13772	0.10444	0.23999
TRIM29	0.00197	0	0
TRIM3	0.01538	0.00542	0.02089
TRIM31	0.04257	0.01709	0.03352
TRIM32	0.01421	0.01015	0.02576
TRIM33	0.29844	0.27413	0.36696
TRIM35	0.01216	0.0125	0.00305
TRIM36	0.00438	0.0087	0
TRIM37	0.14653	0.1164	0.16409
TRIM38	0.37214	0.41596	0.48156
TRIM39	0.09787	0.07488	0.07022
TRIM4	0.12672	0.10703	0.06122
TRIM41	0.1175	0.07565	0.05168
TRIM44	0.64739	0.54395	0.40191
TRIM45	0.02808	0.01656	0.01289
TRIM46	0.0632	0.05769	0.03843
TRIM47	0.15855	0.04534	0.03482
TRIM5	0.07189	0.06249	0.08468
TRIM50	0.03258	0.00504	0
TRIM52	0.16381	0.14204	0.18198
TRIM52-AS1	0.12824	0.14	0.14492
TRIM54	0.00585	0.0063	0.00306
TRIM55	0.00413	0.00511	0
TRIM56	0.40478	0.33105	0.32318
TRIM58	0.57388	0.61784	0.3949
TRIM59	0.02038	0.05283	0.31352
TRIM6	0.00652	0.00215	0.00089
TRIM60	0.00519	0.00988	0.00442
TRIM61	0.00259	0.00472	0.04215
TRIM62	0.00869	0.00913	0.00182
TRIM65	0.14609	0.16015	0.09074
TRIM66	0.18771	0.13553	0.13078
TRIM68	0.05434	0.0462	0.08943
TRIM69	0.00301	0.02254	0.00462
TRIM7	0.0059	0.00354	0.00271
TRIM71	0.08439	0.02706	0
TRIM72	0.02465	0.03214	0.01136
TRIM73	0.00107	0	0
TRIM74	7e-04	0.00156	0
TRIM8	0.44376	0.17782	0.15578
TRIM9	0.00817	0	0
TRIO	0.33008	0.15242	0.13659
TRIOBP	0.32527	0.28346	0.4764
TRIP10	0.03789	0.0229	0.01715
TRIP11	0.69127	0.73823	0.59363
TRIP12	0.49659	0.61238	0.66993
TRIP13	0.1404	0.1329	0.39587
TRIP4	0.0731	0.06879	0.11041
TRIP6	0.16708	0.09115	0.08016
TRIQK	0.12266	0.02428	0.04735
TRIT1	0.03773	0.02369	0.01351
TRMT1	0.07478	0.09821	0.13305
TRMT10A	0.05669	0.04276	0.18624
TRMT10B	0.21189	0.24144	0.2247
TRMT10C	0.11976	0.1302	0.21874
TRMT11	0.14633	0.07598	0.11127
TRMT112	0.43095	0.36302	0.53299
TRMT12	0.03978	0.04112	0.00517
TRMT13	0.17344	0.08395	0.12768
TRMT1L	0.1242	0.07566	0.13522
TRMT2A	0.131	0.10633	0.07283
TRMT2B	0.19233	0.18896	0.25014
TRMT44	0.03252	0.02161	0.07475
TRMT5	0.06672	0.04845	0.18627
TRMT6	0.12465	0.05601	0.10059
TRMT61A	0.09439	0.06667	0.02917
TRMT61B	0.04891	0.04369	0.11693
TRMU	0.06374	0.05647	0.0272
TRNAU1AP	0.0524	0.06266	0.23286
TRNP1	0.0309	0.00686	0
TRNT1	0.05434	0.06459	0.07057
TROAP	0.02333	0.0085	0.32851
TROVE2	0.41729	0.27347	0.55783
TRPC1	0.03979	0.00482	0
TRPC4AP	0.13995	0.08822	0.16998
TRPM1	0.03431	0.02759	0.0106
TRPM2	0.00678	0.08969	0.00193
TRPM3	0.01486	0.01388	0.00281
TRPM4	0.07946	0.03769	0.00204
TRPM6	0.01125	0.00939	0.00539
TRPM7	0.58154	0.48816	0.46508
TRPM8	0.21905	0.06495	0.0704
TRPS1	0.0915	0.19669	0.18698
TRPT1	0.10371	0.07826	0.04472
TRPV1	0.04364	0.02739	0.02347
TRPV2	0.00884	0.09497	0.11313
TRPV3	0.00727	0.00381	0
TRPV4	0.02818	0.01653	0
TRRAP	0.11627	0.11166	0.19032
TRUB1	0.06369	0.06207	0.03707
TRUB2	0.06177	0.04823	0.10024
TSACC	0.01569	0.00164	0.00047
TSC1	0.12245	0.07864	0.09969
TSC2	0.12219	0.11368	0.17909
TSC22D1	0.48434	0.13953	0.1355
TSC22D2	0.08711	0.07081	0.13652
TSC22D3	0.09544	0.98683	0.87053
TSC22D4	0.06437	0.11031	0.09236
TSEN15	0.07456	0.07837	0.17651
TSEN2	0.0493	0.01195	0.02726
TSEN34	0.0935	0.05605	0.04943
TSEN54	0.0771	0.09304	0.18993
TSFM	0.09636	0.04392	0.03306
TSG101	0.2501	0.16558	0.14825
TSGA10	0.02897	0.02542	0.00958
TSGA13	0.04544	0.04138	0.02252
TSHZ1	0.11151	0.04978	0.11602
TSHZ2	0.37049	0.25057	0.19134
TSHZ3	0.0013	0.00932	0
TSIX	0.39259	0.419	0.32338
TSKS	0.00183	0.00383	0.00988
TSKU	0.33841	0.05471	0.01856
TSLP	0.00078	0	0
TSN	0.27566	0.14455	0.20235
TSNARE1	0.03292	0.02456	0.00309
TSNAX	0.4185	0.31746	0.23631
TSNAXIP1	0.00909	0.00135	0.00056
TSPAN1	0.0087	0.00104	0
TSPAN10	0.00712	0.00102	0
TSPAN11	0.01578	0.00153	0
TSPAN12	0.01107	0.00012	0.00094
TSPAN13	0.05319	0.04329	0.0183
TSPAN14	0.41044	0.44493	0.50989
TSPAN15	0.00658	0.00109	0.00025
TSPAN17	0.16254	0.16969	0.16204
TSPAN18	0.00681	0.00028	0
TSPAN3	0.24286	0.2125	0.1355
TSPAN31	0.11392	0.09534	0.02397
TSPAN32	0.00206	0.04057	0
TSPAN33	0.25135	0.18398	0.1519
TSPAN4	0.08635	0.16073	0.01831
TSPAN5	0.0213	0.04806	0.07333
TSPAN6	0.41412	0.13935	0.07028
TSPAN7	0.0101	0.00162	0
TSPAN8	0.12305	0.05164	0.01177
TSPAN9	0.1067	0.02384	0.0122
TSPEAR-AS1	0.00796	0.00074	0.00094
TSPO	0.13946	0.31798	0.35216
TSPO2	0.00104	0.00279	0
TSPYL1	0.2679	0.23703	0.16006
TSPYL2	0.15779	0.39547	0.41842
TSPYL4	0.03429	0.06144	0.10565
TSR1	0.11266	0.09611	0.16128
TSR2	0.12253	0.09521	0.31286
TSR3	0.15913	0.15487	0.24382
EIPR1	0.0372	0.06359	0.12066
TSSC2	0.00179	0.00048	0
TSSC4	0.11689	0.06316	0.19383
TSSK3	0.005	0.00115	0
TSSK6	0.00274	0.00081	0
TST	0.74299	0.17813	0.12356
TSTA3	0.18447	0.14975	0.16099
TSTD1	0.09297	0.24449	0.62186
TSTD2	0.05237	0.06263	0.02832
TSTD3	0.13916	0.11737	0.05284
TTBK1	0.00135	0.00079	0.00057
TTBK2	0.04943	0.09123	0.07966
TTC1	0.34211	0.32535	0.65996
TTC12	0.04936	0.02365	0.03843
TTC13	0.10883	0.11151	0.08912
TTC14	0.1943	0.23778	0.2129
TTC16	0.00035	0.00496	0.00284
TTC17	0.28495	0.30499	0.33399
TTC19	0.12105	0.13299	0.16572
TTC21A	0.02343	0.02337	0.02805
TTC21B	0.10198	0.05452	0.08754
TTC22	0.00575	0.00554	0.00136
TTC23	0.05426	0.01683	0.03946
TTC23L	0.06944	0.03553	0.02232
TTC24	0.00295	0.03367	0.00978
TTC25	0.01144	0.00398	0
TTC26	0.03251	0.02045	0.01851
TTC27	0.06292	0.03092	0.0689
TTC28	0.06336	0.0103	0.00496
TTC28-AS1	0.07265	0.06455	0.11952
TTC3	0.86866	0.87425	0.86227
TTC30A	0.01932	0.00824	0.00038
TTC30B	0.00442	0.00856	0.00146
TTC31	0.19093	0.10715	0.08922
TTC32	0.08492	0.03121	0.0182
TTC33	0.12395	0.03662	0.07596
TTC36	0.01143	0.00127	0.03293
TTC37	0.33714	0.28289	0.26392
TTC38	0.32274	0.10506	0.06753
TTC39A	0.02973	0.0107	0
TTC39B	0.02013	0.06955	0.16285
TTC39C	0.47164	0.14427	0.28108
TTC3P1	0.02248	0.02037	0.00098
TTC4	0.00879	0.00784	0.00638
TTC5	0.03017	0.03213	0.03934
TTC6	0.05672	0.00535	0.0066
TTC7A	0.06541	0.12595	0.13521
TTC7B	0.02235	0.01317	0.00085
TTC8	0.0473	0.01477	0.00838
TTC9	0.06719	0.03065	0.05692
TTC9C	0.03358	0.04136	0.01617
TTF1	0.07909	0.15446	0.36346
TTF2	0.08938	0.12031	0.58329
TTI1	0.12034	0.08275	0.13792
TTI2	0.01026	0.02548	0.02795
TTK	0.02813	0.01629	0.38742
TTL	0.13401	0.11305	0.15221
TTLL1	0.03354	0.02366	0.02043
TTLL11	0.00506	0.01081	0.03368
TTLL12	0.08364	0.04468	0.09269
TTLL3	0.00592	0.00724	0.01678
TTLL4	0.0734	0.06578	0.12842
TTLL5	0.0644	0.04794	0.06648
TTLL6	0.00197	0.00044	0
TTLL7	0.03511	0.01007	0
TTN	0.09754	0.89134	0.81094
TTN-AS1	0.05726	0.03623	0.01109
TTPA	0.40017	0.04977	0.01986
TTPAL	0.52296	0.42169	0.33003
TTR	2.59768	1.02702	0.3049
TTTY14	0.00804	0.00267	0
TTTY15	0.12522	0.10371	0.0738
TTYH2	0.01915	0.03126	0.00056
TTYH3	0.06525	0.10228	0.0693
TUB	0.00814	0.00237	0
TUBA1A	0.06396	0.19094	0.52535
TUBA1B	0.4545	0.4681	2.58931
TUBA1C	0.27043	0.1789	0.79871
TUBA3C	0.006	0.00029	0
TUBA3FP	0.1406	0.12927	0.11735
TUBA4A	0.23194	0.51724	1.48107
TUBA4B	0.01027	0.00587	0.00108
TUBA8	0.00467	0.01071	0.01175
TUBB	0.91075	0.53651	2.76602
TUBB2A	0.18134	0.05226	0.04346
TUBB2B	0.00978	0.00732	0
AC092143.1	0.00588	0.00295	0.05555
TUBB4A	3e-04	5e-05	0.00142
TUBB4B	0.31453	0.37042	1.54592
TUBB6	0.00238	0.02303	0.07245
TUBB7P	0.00314	0.00101	0
TUBBP5	0.00389	0.00073	0
TUBD1	0.1684	0.15992	0.2328
TUBE1	0.05497	0.01721	0.02087
TUBG1	0.07245	0.04022	0.24496
TUBG2	0.08179	0.02078	0.05144
TUBGCP2	0.20188	0.20099	0.4031
TUBGCP3	0.06997	0.11078	0.23929
TUBGCP4	0.24699	0.19997	0.23139
TUBGCP6	0.11639	0.14585	0.13986
TUFM	0.5907	0.34237	0.75403
TUFT1	0.03095	0.00765	0.00385
TUG1	0.3757	0.31287	0.61445
TULP3	0.04609	0.02514	0.00065
TULP4	0.22461	0.14326	0.09744
TUSC1	0.00912	0.00242	0
TUSC2	0.24757	0.17202	0.18664
TUSC3	0.00238	2e-04	0
TUT1	0.063	0.03132	0.04466
TVP23A	0.00104	0.01018	0.00031
TVP23B	0.12967	0.12966	0.10853
TVP23C	0.01703	0.04902	0.03968
TWF1	0.23394	0.11808	0.10105
TWF2	0.03817	0.09826	0.14086
TWISTNB	0.1139	0.19646	0.27638
TWSG1	0.04038	0.02001	0.02255
TXK	0.0083	0.07962	0.08711
TXLNA	0.24206	0.19165	0.28114
TXLNB	0.00706	0.06745	0.01314
TXLNG	0.0884	0.09121	0.2019
TXN	0.56411	0.24588	0.29059
TXN2	0.34149	0.25398	0.70185
TXNDC11	0.10373	0.19647	0.16559
TXNDC12	0.14828	0.18482	0.25623
TXNDC15	0.25719	0.32387	0.1983
TXNDC16	0.08432	0.08536	0.12342
TXNDC17	0.28322	0.25617	0.55628
TXNDC5	0.00239	0.01143	0.0212
TXNDC9	0.11324	0.07673	0.17317
TXNIP	0.3499	1.70196	1.13467
TXNL1	0.31751	0.21379	0.39482
TXNL4A	0.37524	0.34636	0.85773
TXNL4B	0.05544	0.03822	0.03103
TXNRD1	0.73545	0.41046	0.42618
TXNRD2	0.09507	0.0806	0.08909
TXNRD3	0.05617	0.00823	0.00073
TYK2	0.173	0.23288	0.35061
TYMP	0.20939	0.45568	0.23917
TYMS	0.02576	0.01884	0.5495
TYRO3	0.01779	0.00377	0
TYROBP	0.07323	0.66949	0.23297
TYRP1	0.00741	0	0.00069
TYSND1	0.11614	0.03956	0.08807
TYW1	0.05197	0.05432	0.09272
TYW3	0.12533	0.10105	0.23026
TYW5	0.21799	0.1663	0.11222
U2AF1L4	0.14915	0.1278	0.10524
U2AF2	0.10471	0.0925	0.1877
U2SURP	0.66831	0.71753	1.10491
UACA	0.44594	0.20904	0.0548
UAP1	0.19237	0.13148	0.08085
UAP1L1	0.03118	0.0487	0.05293
UBA1	0.80761	0.31546	0.44594
UBA2	0.1786	0.12981	0.43914
UBA3	0.09232	0.09858	0.24787
UBA5	0.12105	0.09753	0.11497
UBA52	1.37436	1.92868	2.92956
UBA6	0.13004	0.16804	0.34823
UBA6-AS1	0.01547	0.02719	0.02058
UBA7	0.11221	0.15537	0.19582
UBAC1	0.07313	0.07333	0.11173
UBAC2	0.09134	0.12066	0.05572
UBAC2-AS1	0.00893	8e-04	0.00542
UBALD1	0.03951	0.01967	0.05737
UBALD2	0.05173	0.12307	0.2323
UBAP1	0.04189	0.06565	0.05602
UBAP1L	0.01084	0.00404	0.00198
UBAP2	0.11865	0.11735	0.27086
UBAP2L	0.33588	0.26328	0.31298
UBASH3A	0.00448	0.08306	0.23278
UBASH3B	0.00546	0.08566	0.16568
UBB	1.76949	2.15896	3.30827
UBC	1.62825	2.54871	2.75454
UBD	0.80074	0.47907	0.15287
UBE2A	0.08773	0.10721	0.29634
UBE2B	0.28336	0.23585	0.28682
UBE2C	0.04324	0.01988	0.78762
UBE2D1	0.05231	0.05635	0.0583
UBE2D2	0.21482	0.25635	0.56501
UBE2D3	0.43854	0.58245	0.84947
UBE2D4	0.08287	0.04668	0.01377
UBE2E1	0.09845	0.10132	0.12296
UBE2E2	0.08135	0.06006	0.13177
UBE2E3	0.21137	0.08644	0.20187
UBE2F	0.10597	0.17123	0.07265
UBE2G1	0.11143	0.14648	0.39725
UBE2G2	0.96229	0.95707	0.74918
UBE2H	0.2221	0.23551	0.1829
UBE2I	0.10938	0.17055	0.55076
UBE2J1	0.16401	0.43388	0.48866
UBE2J2	0.13856	0.09675	0.2102
UBE2K	0.49359	0.29608	0.46994
UBE2L3	0.30084	0.37515	0.91676
UBE2L6	0.18522	0.42541	0.70413
UBE2M	0.14068	0.11842	0.23594
UBE2N	0.14704	0.14776	0.35156
UBE2O	0.09449	0.08926	0.0456
UBE2Q1	0.36066	0.24271	0.41915
UBE2Q2	0.07209	0.08099	0.11038
UBE2Q2L	0.00238	0	0
UBE2Q2P1	0.36973	0.3214	0.16155
UBE2QL1	0.0069	0.00426	0.00412
UBE2R2	0.21321	0.22013	0.35836
UBE2S	0.02024	0.04791	0.33632
UBE2T	0.02315	0.01174	0.18501
UBE2V1	0.01691	0.01183	0.0234
UBE2V2	0.22407	0.19164	0.31614
UBE2W	0.07373	0.06663	0.05716
UBE2Z	0.24876	0.20125	0.314
UBE3A	0.53979	0.43811	0.59586
UBE3B	0.22111	0.13866	0.17496
UBE3C	0.16065	0.09748	0.18403
UBE3D	0.00992	0.00476	0.03565
UBE4A	0.37294	0.24481	0.28793
UBE4B	0.19928	0.10715	0.16769
UBFD1	0.06575	0.01631	0.04943
UBIAD1	0.43693	0.34282	0.28371
UBL3	0.24715	0.13086	0.1383
UBL4A	0.14859	0.06943	0.20861
UBL5	0.45752	0.74611	1.26851
UBL7	0.11873	0.11361	0.3099
UBL7-AS1	0.02704	0.03753	0.09161
UBLCP1	0.10541	0.16579	0.17921
UBN1	0.16522	0.14618	0.25605
UBN2	0.42152	0.30615	0.21016
UBOX5	0.19457	0.17779	0.16285
UBP1	0.16619	0.11812	0.2096
UBQLN1	0.17925	0.14474	0.18164
UBQLN2	0.16287	0.11576	0.11111
UBQLN4	0.12022	0.04959	0.13367
UBQLNL	0.00587	0.00282	0
UBR1	0.09539	0.12906	0.14218
UBR2	0.32848	0.34158	0.36951
UBR3	0.27475	0.14203	0.13904
UBR4	0.50319	0.38476	0.46387
UBR5	0.37509	0.4137	0.5724
UBR7	0.07271	0.0726	0.20638
UBTD1	0.02836	0.01279	0
UBTD2	0.06113	0.02956	0.00144
UBTF	0.26903	0.26922	0.33541
UBXN1	0.34414	0.38282	0.56213
UBXN10	0.02089	0.00081	0.00138
UBXN11	0.00368	0.00462	0.00199
UBXN2A	0.1308	0.12591	0.24842
UBXN2B	0.15098	0.08453	0.15511
UBXN4	0.70489	0.7449	0.82867
UBXN6	0.20691	0.16594	0.09711
UBXN7	0.18594	0.2406	0.19613
UBXN8	0.02757	0.00951	0.04286
UCA1	0.00632	0.00127	0
UCHL1	0.13633	0.02407	0.06638
UCHL3	0.12536	0.06777	0.12318
UCHL5	0.20859	0.19422	0.31975
UCK1	0.07313	0.06629	0.03139
UCK2	0.05174	0.01772	0.11602
UCKL1	0.04423	0.02371	0.03059
UCN	0.01761	0.00673	0
UCN2	0.00319	0	0
UCP2	0.06192	0.66316	1.16328
UCP3	0.00419	0.00168	0
UEVLD	0.0249	0.01778	0.01409
UFC1	0.41921	0.45183	0.75504
UFD1	0.17075	0.15147	0.4313
UFL1	0.24447	0.1779	0.1668
UFM1	0.17763	0.22692	0.27256
UFSP1	0.00929	0	0
UFSP2	0.07263	0.06473	0.10665
UGCG	0.13264	0.1773	0.13094
UGDH	1.06062	0.32213	0.13439
UGDH-AS1	1.48054	1.4206	1.1716
UGGT1	0.86994	0.71607	0.60226
UGGT2	0.12774	0.09709	0.1187
UGP2	0.83941	0.42515	0.51087
UGT1A8	0.06429	0.00847	0
UGT1A3	0.01565	0.00082	0
UGT1A4	0.06487	0.02634	0.00192
UGT1A5	0.00228	0	0
UGT1A6	0.03458	0.0074	0
UGT1A7	0.00517	0	0
UGT1A9	0.03796	0.00372	0
UGT2A3	0.09174	0.01606	0.00694
UGT2B10	0.27731	0.09837	0.05364
UGT2B11	0.11588	0.04013	0.01446
UGT2B15	0.42154	0.11144	0.01672
UGT2B17	0.00328	0.00024	0
UGT2B28	0.00029	0	0
UGT2B4	1.36082	0.45535	0.12789
UGT2B7	0.34438	0.13425	0.01881
UGT3A1	0.04138	0.00705	0.00227
UGT8	0.01562	0.01108	0.02357
UHMK1	0.46067	0.26266	0.44984
UHRF1BP1	0.27652	0.19312	0.09268
UHRF1BP1L	0.17516	0.13549	0.03203
UHRF2	0.05809	0.12101	0.25411
UIMC1	0.09488	0.15625	0.29398
ULBP1	0.00157	0.00056	0
ULBP2	0.00143	0.00252	0.00558
ULBP3	0.00508	0.01049	0.03841
ULK1	0.21495	0.08684	0.01134
ULK2	0.05537	0.03123	0.0274
ULK3	0.09122	0.07084	0.06162
ULK4	0.0602	0.05	0.06637
UMODL1	0.0012	0.00372	0
UMPS	0.1225	0.05771	0.13219
UNC119	0.1644	0.17326	0.11024
UNC119B	0.04509	0.01258	0.03382
UNC13A	0.04255	0.025	0.01136
UNC13B	0.0624	0.02275	0.01875
UNC13D	0.01412	0.1373	0.17494
UNC45A	0.16469	0.14009	0.17114
UNC50	0.10764	0.05782	0.0391
UNC5B	0.02292	0.00557	0
UNC5CL	0.03916	0.01383	0
UNC79	0.00758	0.0084	0.01849
UNC93A	0.02473	0.00349	0
UNC93B1	0.13971	0.32029	0.10131
UNG	0.10927	0.06228	0.11495
UNK	0.02354	0.04117	0.03327
UNKL	0.1209	0.10829	0.09648
UPB1	0.27463	0.06137	0.02984
UPF1	0.17294	0.13387	0.21051
UPF2	0.95008	0.87757	1.13487
UPF3A	0.28747	0.25088	0.41543
UPF3B	0.32838	0.28821	0.42841
UPK1A	0.00168	0.001	0
UPK1A-AS1	0.0084	0.00326	0.00499
UPK1B	0.07697	0.07898	0.06521
UPK3A	0.19661	0.02019	0.00683
UPK3B	0.02886	0.0087	0.03558
UPP1	0.08017	0.1278	0.10737
UPP2	0.01159	0.00659	0.007
UPRT	0.02351	0.01582	0.02333
UQCC1	0.07717	0.02818	0.04217
UQCC2	0.5106	0.30816	0.67824
UQCR10	1.21207	1.09645	1.54504
UQCR11	0.88274	1.10221	1.55061
UQCRB	0.637	0.81021	1.0202
UQCRBP1	0.00027	0.00019	0.00042
UQCRC1	0.70415	0.31872	0.77303
UQCRC2	0.21141	0.18383	0.26638
UQCRFS1	0.28492	0.20995	0.4788
UQCRH	0.59638	0.45595	1.06937
UQCRQ	1.42346	1.02766	1.67056
URAHP	0.03959	0.0055	0
URB1	0.09397	0.06458	0.03579
URB2	0.02095	0.00906	0.02762
URGCP	0.07517	0.03192	0.10684
URI1	0.21069	0.20401	0.395
URM1	0.08933	0.10947	0.32508
UROC1	0.031	0.00227	0
UROD	0.34212	0.17767	0.15481
UROS	0.23424	0.16289	0.29484
USB1	0.04455	0.05577	0.11351
USE1	0.13429	0.11579	0.08933
USF1	0.01789	0.01774	0.01117
USF2	0.16642	0.26608	0.20659
USH1C	0.03444	0.01037	0.00037
USH2A	0.01609	0.0024	0
USHBP1	0.00377	0.00087	0.0016
ATP5MD	0.78481	0.4609	0.92507
USO1	0.21456	0.29024	0.3557
USP1	0.21992	0.24133	0.83091
USP10	0.22345	0.20024	0.46159
USP11	0.32082	0.21538	0.31893
USP12	0.13669	0.10717	0.22139
USP13	0.15199	0.05892	0.04635
USP14	0.43343	0.28285	0.50135
USP15	0.199	0.44355	0.5369
USP16	0.22872	0.37962	0.57432
USP18	0.02639	0.032	0.02003
USP19	0.06767	0.04953	0.02206
USP2	0.05307	0.01928	0.00067
USP20	0.03543	0.08303	0.14486
USP21	0.03613	0.00875	0.02053
USP22	0.27968	0.16764	0.27273
USP24	0.17091	0.20079	0.45739
USP25	0.11126	0.14083	0.10649
USP27X-AS1	0.00284	0.00012	0.00037
USP28	0.17204	0.178	0.40192
USP29	0.00611	0.00652	0.00094
USP3	0.28668	0.35257	0.36161
USP3-AS1	0.01353	6e-04	0.00099
USP30	0.05473	0.01419	0.00409
USP30-AS1	0.02763	0.05897	0.05166
USP31	0.07137	0.03018	0.03616
USP32	0.12124	0.12779	0.09535
USP32P1	0.02462	0.01343	0.00408
USP32P2	0.0117	0.02307	0.01405
USP33	0.52191	0.5042	0.42643
USP34	0.46218	0.49886	0.47757
USP35	0.06004	0.03963	0.0032
USP36	0.26997	0.22751	0.1606
USP37	0.11717	0.09227	0.19665
USP38	0.047	0.07411	0.07166
USP39	0.10555	0.07818	0.12971
USP4	0.22531	0.24898	0.4037
USP40	0.18794	0.09602	0.05114
USP42	0.13739	0.13716	0.18103
USP43	0.00601	0.00072	0
USP45	0.08055	0.05812	0.04431
USP46	0.04942	0.03318	0.03227
USP46-AS1	0.00563	0.00018	0
USP47	0.58267	0.48544	0.53758
USP48	0.29215	0.34785	0.66832
USP49	0.34552	0.31063	0.22568
USP5	0.12404	0.08191	0.12348
USP51	0.0131	0.02745	0.03927
USP53	0.05134	0.11062	0.04323
USP54	0.1943	0.17179	0.16663
USP6	0.00297	0.00146	0
USP6NL	0.08594	0.06933	0.09073
USP7	0.33391	0.402	0.7746
USP8	0.45808	0.51919	0.58942
USP9X	0.55415	0.49382	0.49634
USP9Y	0.11468	0.07554	0
USPL1	0.08466	0.15737	0.15806
UST	0.08118	0.07221	0.04299
UTP14A	0.0698	0.07976	0.15351
UTP14C	0.20467	0.1649	0.13804
UTP15	0.07272	0.04445	0.18204
UTP18	0.14318	0.17333	0.13553
UTP20	0.13424	0.10318	0.11951
UTP23	0.21997	0.22747	0.2729
UTP3	0.04045	0.07845	0.08713
UTP6	0.10194	0.07996	0.15069
UTRN	0.61423	0.8827	0.96658
UTS2	0.00292	0.11033	0.1191
UTS2B	0.02262	0.00628	0.01639
UTY	0.03535	0.04128	0.00282
UVRAG	0.11255	0.10711	0.14555
UVSSA	0.14541	0.13012	0.03653
UXS1	0.10676	0.11658	0.08852
UXT	0.92146	0.43311	0.94402
UXT-AS1	0.00242	0.00029	0.00188
VAC14	0.10942	0.06805	0.14368
VAC14-AS1	0.00153	0.00103	0
VAMP1	0.03906	0.09476	0.15365
VAMP2	0.12725	0.17688	0.18926
VAMP3	0.18713	0.15003	0.14541
VAMP4	0.07248	0.0802	0.04436
VAMP5	0.27721	0.40012	0.43199
VAMP8	0.329	0.60227	0.7904
VANGL1	0.03397	0.01457	0.08195
VANGL2	0.0023	0.00079	0
VAPA	0.49076	0.32003	0.42544
VAPB	0.14319	0.0887	0.12183
VARS	0.16148	0.10624	0.16788
VARS2	0.15991	0.10634	0.23765
VASH1	0.00791	0.0254	0.00066
VASH2	0.01357	0.00531	0.00161
VASN	0.12076	0.01123	0.01143
VASP	0.0675	0.17534	0.27051
VAT1	0.68099	0.45072	0.19371
VAT1L	0.0753	0.00897	0.00098
VAV1	0.00659	0.13771	0.30256
VAV2	0.10682	0.0356	0.0604
VAV3	0.00903	0.14664	0.31719
VBP1	0.13988	0.09742	0.15728
VCAM1	0.04893	0.1851	0.12135
VCAN	0.01351	0.03279	0.03978
VCL	0.14336	0.07419	0.13397
VCP	0.55696	0.65155	1.1808
VCPIP1	0.11265	0.17908	0.1978
VCPKMT	0.03526	0.03581	0.02584
VCX	0.00419	0.00064	0
VCX3A	0.01396	0.00387	0
VCX3B	0.00904	0.00171	0
VDAC1	0.44229	0.26964	0.59934
VDAC2	0.28161	0.2239	0.29978
VDAC3	0.27059	0.22329	0.81666
VDR	0.04882	0.13608	0.04114
VEGFA	0.64313	0.2102	0.0443
VEGFB	0.271	0.29595	0.22134
VENTX	0.00242	0.01807	0.0028
VEPH1	0.00351	0.00119	0
VEZF1	0.17546	0.15038	0.17743
VEZT	0.11572	0.11731	0.12412
VGLL3	0.01514	0.01026	0.01327
VGLL4	0.13616	0.09702	0.17962
VHL	0.57879	0.49976	0.50901
VIL1	0.15481	0.00948	0.00442
VILL	0.00325	0.0453	0.08791
VIM	0.08505	0.82126	1.65054
VIM-AS1	0.00102	0.0159	0.04073
VIPAS39	0.07158	0.04271	0.04891
VIPR1	0.00706	0.01102	0
VIPR2	0.00128	0.00054	0.00204
VKORC1	0.41925	0.28179	0.33376
VKORC1L1	0.23227	0.13176	0.13961
VLDLR	0.00642	0	0
VMA21	0.1686	0.14345	0.2718
VMAC	0.01612	0.01806	0.00314
VMO1	0.01393	0.08603	0.01385
VMP1	0.40659	0.45238	0.33122
VN1R2	0.00818	0.01557	0.00481
VNN1	0.23627	0.02395	0.00583
VNN2	0.07845	0.08051	0.08611
VNN3	0.0799	0.00658	0
VOPP1	0.16566	0.47718	0.64685
VPREB3	0.01077	0.01131	0.03622
VPS11	0.08493	0.07553	0.11714
VPS13A	0.20283	0.26097	0.31602
VPS13B	0.19551	0.2409	0.46105
VPS13C	0.56701	0.98671	0.95426
VPS13D	0.2634	0.27002	0.29886
VPS16	0.11868	0.13474	0.22274
VPS18	0.11907	0.10269	0.05738
VPS25	0.17305	0.08795	0.13964
VPS26A	0.31614	0.35208	0.39129
VPS26B	0.28246	0.13671	0.15193
VPS28	0.53967	0.4441	0.75911
VPS29	0.37229	0.30136	0.54891
VPS33A	0.08619	0.06712	0.07373
VPS33B	0.04673	0.04244	0.02009
VPS35	0.52275	0.36753	0.54994
VPS36	0.2389	0.23389	0.31191
VPS37A	0.08685	0.06816	0.02417
VPS37B	0.0185	0.07653	0.0307
VPS37C	0.04906	0.02588	0.01042
VPS37D	0.02923	0.00329	0
VPS39	0.15126	0.18678	0.27778
VPS41	0.35876	0.30735	0.20168
VPS45	0.12012	0.09289	0.14
VPS4A	0.17142	0.22602	0.4175
VPS4B	0.3756	0.41811	0.70834
VPS51	0.36495	0.26761	0.35826
VPS52	0.18911	0.08804	0.04434
VPS53	0.30701	0.36578	0.31305
VPS54	0.09564	0.06702	0.11037
VPS72	0.11117	0.06709	0.05044
VPS8	0.12916	0.15529	0.17518
VPS9D1	0.0988	0.06044	0.0504
VPS9D1-AS1	0.00144	0.0079	0.03075
VRK1	0.05428	0.1472	0.73113
VRK2	0.10327	0.14304	0.19635
VRK3	0.17417	0.12288	0.26223
VRTN	0.00309	0.00309	0.00134
VSIG1	0.15903	0.13957	0.07887
VSIG10	0.14405	0.04485	0.00086
VSIG10L	0.03968	0.01359	0
VSIG2	0.004	0.00352	0
VSIG4	0.0084	0.05426	0.01414
VSNL1	0.06516	0.00463	0.00056
VSTM1	0.00167	0.00369	0
VSTM2L	0.01003	0.00257	0.00088
VSTM4	0.42569	0.31818	0.22246
VTA1	0.15165	0.08322	0.21619
VTI1A	0.21476	0.23743	0.33207
VTI1B	0.19551	0.28696	0.27213
VTN	2.17047	0.57881	0.21239
VTRNA1-1	0.03111	0.13268	0.02354
VTRNA1-2	0.01373	0.00221	0
VTRNA1-3	0.00589	0.02223	0.009
VTRNA2-1	0.00257	0.0109	0.00904
VWA1	0.25261	0.03063	0.0323
VWA2	0.02419	0.03296	0.03315
VWA5A	0.02583	0.03733	0.00085
VWA8	0.15823	0.07499	0.10277
INTS14	0.0358	0.03378	0.03179
VWCE	0.07674	0.03082	0.00235
VWDE	0.00573	0.00082	0.00806
VWF	0.00526	0	0
WAC	0.48674	0.5633	0.64463
WAC-AS1	0.6919	0.55923	0.54198
WARS	0.15777	0.27654	0.37622
WARS2	0.04848	0.03265	0.04043
WARS2-IT1	0.04742	0.0346	0.01559
WAS	0.01438	0.19741	0.33724
WASF1	0.0675	0.01549	0.00168
WASF2	0.44135	0.47118	0.67559
WASF3	0.0484	0.00948	0
WASH2P	0.01139	0.02449	0.01186
WASH3P	0.0292	0.02266	0.05112
WASL	0.35484	0.14271	0.05445
WBP11	0.24775	0.3522	0.88394
WBP11P1	6e-04	3e-04	0.00205
WBP1L	0.19103	0.15343	0.1544
WBP2	0.23909	0.16554	0.17688
WBP2NL	0.00495	0.00499	0
WBP4	0.21059	0.19237	0.34012
BUD23	0.2294	0.20898	0.23277
METTL27	0.02907	0.00192	0.0016
WDFY1	0.1581	0.10788	0.1678
WDFY2	0.04767	0.05709	0.04581
WDFY3	0.07984	0.12078	0.02096
WDFY3-AS2	0.00108	0.00416	0
WDFY4	0.00429	0.07985	0.16549
WDHD1	0.03767	0.02662	0.28695
WDPCP	0.03228	0.02632	0.00954
WDR1	0.29265	0.36626	0.89613
WDR11	0.1252	0.11143	0.10753
WDR11-AS1	0.00332	0.00871	0.00505
WDR12	0.10645	0.05293	0.08852
WDR13	0.7259	0.1757	0.22176
WDR17	0.10099	0.09532	0.0961
WDR18	0.10645	0.12227	0.18222
WDR19	0.11926	0.03587	0.00273
WDR20	0.0491	0.03957	0.05656
WDR24	0.04322	0.04905	0.05663
WDR25	0.03754	0.01662	0.05533
WDR26	0.30402	0.24451	0.1168
WDR27	0.03225	0.01135	0.02443
WDR3	0.10448	0.07118	0.01587
WDR31	0.33049	0.28851	0.24204
WDR33	0.21679	0.18652	0.38114
WDR34	0.07043	0.03992	0.33439
WDR35	0.03902	0.02486	0.01511
WDR36	0.09636	0.05984	0.15664
WDR37	0.04684	0.05933	0.05309
WDR4	0.05033	0.05597	0.10902
WDR41	0.08534	0.09965	0.19461
WDR43	0.30906	0.3024	0.40096
WDR44	0.06733	0.08138	0.12456
WDR45	0.46388	0.41425	0.39983
WDR45B	0.33772	0.27102	0.14405
WDR46	0.17903	0.12667	0.11209
WDR47	0.01958	0.02498	0.03026
WDR48	0.11765	0.13067	0.205
WDR5	0.05725	0.05121	0.08453
WDR53	0.08902	0.07386	0.08119
WDR54	0.01981	0.066	0.31127
WDR55	0.15075	0.11116	0.1041
WDR59	0.17796	0.08973	0.08361
WDR5B	0.04112	0.0218	0.0202
WDR6	0.55645	0.25296	0.35849
WDR60	0.24692	0.22159	0.19663
WDR61	0.12268	0.08451	0.19081
WDR62	0.01944	0.00162	0.19345
WDR66	0.01487	0.00193	0.00814
WDR7	0.08036	0.1011	0.08744
WDR70	0.30854	0.20542	0.28118
WDR72	0.0824	0.01949	0
WDR73	0.10004	0.10388	0.06297
WDR74	0.24602	0.29324	0.21492
WDR75	0.11604	0.08554	0.03923
WDR76	0.03905	0.03977	0.21823
WDR77	0.10864	0.09469	0.18518
WDR78	0.01481	0.00053	3e-04
WDR81	0.10755	0.11262	0.05785
WDR82	0.35219	0.42487	0.68632
WDR83	0.02402	0.04874	0.1355
WDR83OS	0.31025	0.44193	0.94434
WDR86-AS1	0.00021	0.01505	0.0089
WDR89	0.03435	0.02868	0.05726
WDR90	0.01983	0.00549	0.05927
WDR91	0.11619	0.14846	0.08893
WDR92	0.31411	0.27887	0.22984
WDR93	0.0339	0.02218	0.02767
WDSUB1	0.03943	0.02414	0.0349
WDTC1	0.04676	0.03875	0.09196
WDYHV1	0.03192	0.00893	0.00564
WEE1	0.13621	0.06891	0.31105
WEE2-AS1	0.00157	0.00212	0
WFDC2	0.02563	0.00397	0
WFDC3	0.01806	0.00494	0.00037
WFDC8	0.00177	0.00254	0
WFIKKN1	0.0023	0.00909	0.00089
WFS1	0.18865	0.06721	0.08694
WHAMM	0.10044	0.11591	0.16287
WHAMMP2	0.04327	0.03178	0.04725
NSD2	0.22329	0.14657	0.72489
NSD3	0.23826	0.55535	0.72971
WIF1	0.02243	0.00017	0
WIPF1	0.04698	0.65316	1.23534
WIPF2	0.584	0.52831	0.43212
WIPF3	0.04881	0.04113	0.02416
WIPI1	0.08208	0.07354	0.08025
WIPI2	0.24525	0.20669	0.36884
WIZ	0.05796	0.03869	0.05196
WLS	0.02509	0.02356	0
WNK1	0.59836	0.82246	1.30531
WNK2	0.01196	0.00418	0
WNK3	0.12841	0.02807	0.00086
WNK4	0.02686	0.00495	0
WNT10A	0.00038	0.00878	0
WNT10B	0.00189	0.00343	0.00111
WNT11	0.00329	0.00053	0
WNT2B	0.00329	0.00194	0
WNT3	0.01608	0.00524	0
WNT4	0.00796	0.00951	0.00279
WNT5A	0.10256	0.02436	0.01886
WNT5B	0.00713	0.02684	0.00603
WNT6	0.00322	0.00394	0.00931
WNT7B	0.1969	0.17494	0.14901
WNT9B	0.0041	0.00334	0.00094
WRAP53	0.00808	0.01915	0.04902
WRAP73	0.03051	0.01384	0.0698
WRB	0.06525	0.02036	0.01614
WRN	0.0795	0.15823	0.16158
WRNIP1	0.10811	0.04007	0.06165
WSB1	0.48789	0.57438	0.4986
WSB2	0.29247	0.17691	0.15993
WSCD1	0.0099	0.00032	0
WT1-AS	0.00241	0.00353	0
WTAP	0.22821	0.2377	0.47671
WTAPP1	0.00567	0.0041	0
WWC1	0.35038	0.19322	0.10402
WWC2	0.19409	0.06968	0.0059
WWC2-AS2	0.0015	0.00264	0
WWC3	0.08986	0.10495	0.05489
WWOX	0.14953	0.15369	0.25859
WWP1	0.39048	0.27464	0.19461
WWP2	0.13536	0.11838	0.23157
WWTR1	0.1206	0.02963	0.01423
WWTR1-AS1	0.00139	0.00058	0
XAF1	0.43578	0.71756	0.72753
XBP1	0.94161	1.31427	0.82662
XCL1	0.00421	0.04473	0.0718
XCL2	0.00278	0.05695	0.0488
XDH	0.34704	0.05068	0.00465
XIAP	0.76403	0.7675	0.76992
XIST	0.18161	1.06357	0.92157
XK	0.01917	0.00313	0
XKR6	0.00019	0.01384	0.01333
XKR8	0.07075	0.02951	0.01764
XKR9	0.02804	0.01379	0.02153
XPA	0.13601	0.16407	0.1311
XPC	0.27722	0.26218	0.30774
XPNPEP1	0.09057	0.07943	0.14913
XPNPEP2	0.48152	0.06015	0.00603
XPNPEP3	0.33143	0.27834	0.21874
XPO1	0.29985	0.27446	0.54341
XPO4	0.06485	0.06407	0.07407
XPO5	0.11962	0.06011	0.17849
XPO6	0.14394	0.20938	0.28313
XPO7	0.09677	0.10044	0.21914
XPOT	0.1547	0.06344	0.04358
XPR1	0.17498	0.15283	0.09663
XRCC1	0.10548	0.10023	0.20677
XRCC2	0.0712	0.06897	0.12882
XRCC3	0.01374	0.00357	0.02795
XRCC4	0.04167	0.07775	0.15111
XRCC5	0.63179	0.68395	1.65638
XRCC6	0.58357	0.61462	1.34778
XRN1	0.36655	0.677	0.78327
XRN2	0.41623	0.38107	0.49411
XRRA1	0.11322	0.08265	0.10442
XXYLT1	0.04259	0.05538	0.04958
XYLB	0.18438	0.02948	0.02064
XYLT1	0.00436	0.0243	0.02542
XYLT2	0.0643	0.04092	0.03998
YAE1	0.08501	0.09778	0.05631
YAF2	0.17687	0.20791	0.1845
YAP1	0.26655	0.03364	0.01004
YARS	0.21374	0.24152	0.23962
YARS2	0.08919	0.05628	0.02523
YBEY	0.05747	0.08775	0.07218
YBX1	0.61192	1.10393	2.10876
YBX2	0.00448	0.00026	0
YBX3	0.0277	0.13258	0.09834
YDJC	0.06123	0.07189	0.11456
YEATS2	0.09475	0.09518	0.20734
YEATS4	0.04439	0.03828	0.34223
YES1	0.2717	0.10601	0.01898
YIF1A	0.42009	0.21106	0.27241
YIF1B	0.05299	0.06071	0.1127
YIPF1	0.14347	0.15647	0.0994
YIPF2	0.02248	0.01915	0.04387
YIPF3	0.27306	0.16466	0.30355
YIPF4	0.05354	0.04705	0.02862
YIPF5	0.2001	0.22293	0.3472
YIPF6	0.2776	0.10054	0.14842
YJEFN3	0.02974	0.00813	0.00056
YKT6	0.11143	0.15579	0.19042
YLPM1	0.26337	0.28687	0.71774
YME1L1	0.50649	0.52475	0.50589
YOD1	0.07442	0.05352	0.02347
YPEL1	0.22842	0.23925	0.31205
YPEL2	0.06533	0.06189	0.03106
YPEL3	0.552	0.67868	0.4567
YPEL5	0.23788	0.50185	0.57242
YRDC	0.03656	0.02902	0.13478
YTHDC1	0.22505	0.50453	0.67189
YTHDC2	0.14052	0.1545	0.14871
YTHDF1	0.2085	0.10699	0.19428
YTHDF2	0.51473	0.40883	0.55444
YTHDF3	0.24609	0.18185	0.19957
YTHDF3-AS1	0.01579	0.02176	0.00595
YWHAB	1.18526	1.61153	2.61572
YWHAE	0.55371	0.66907	1.27045
YWHAEP1	0.0056	0.00318	0.00102
YWHAG	0.34764	0.2237	0.24521
YWHAH	0.21536	0.40061	0.79197
YWHAQ	0.40285	0.41755	1.05831
YWHAZ	0.68157	1.08286	2.01126
YY1	0.45181	0.42532	0.59461
YY1AP1	0.19646	0.16992	0.23982
YY2	0.0201	0.00541	0
ZACN	0.00039	0.00418	0.00043
ZADH2	0.09813	0.08627	0.05765
ZAP70	0.01642	0.23548	0.31936
ZBED1	0.00033	0.00111	0.00088
ZBED2	0.0021	0.02467	0.0365
ZBED3	0.09537	0.03429	0.00086
ZBED3-AS1	0.00162	0.00378	0
ZBED4	0.05744	0.06625	0.13605
ZBED5	0.14894	0.11417	0.21012
ZBED5-AS1	0.04475	0.0167	0.00354
ZBED6	0.15127	0.14607	0.14175
ZBED6CL	0.02496	0.00818	0.04597
ZBP1	0.07706	0.17725	0.13709
ZBTB1	0.16732	0.25848	0.19579
ZBTB10	0.15401	0.12315	0.04264
ZBTB11	0.13281	0.14647	0.25237
ZBTB11-AS1	0.07782	0.06697	0.05623
ZBTB14	0.03665	0.03175	0.05753
ZBTB16	0.07163	0.0509	0.03459
ZBTB17	0.08866	0.0735	0.08875
ZBTB18	0.24007	0.06612	0.03335
ZBTB2	0.0464	0.08927	0.14008
ZBTB20	0.82603	0.4905	0.34069
ZBTB20-AS1	0.00105	0.00245	0.03392
ZBTB20-AS4	0.06501	0.05473	0.03548
ZBTB21	0.06304	0.07784	0.03177
ZBTB22	0.02919	0.01465	0.00751
ZBTB24	0.16502	0.191	0.18314
ZBTB25	0.02017	0.03818	0.02776
ZBTB26	0.01016	0.00739	0
ZBTB3	0.01937	0.01491	0.00194
ZBTB32	0.00192	0.02532	0.01676
ZBTB33	0.10806	0.06352	0.11705
ZBTB34	0.01794	0.01826	0.03326
ZBTB37	0.02071	0.03326	0.01088
ZBTB38	0.38857	0.72545	0.81863
ZBTB39	0.01521	0.01729	0.00574
ZBTB4	0.11624	0.21767	0.11685
ZBTB40	0.12051	0.12658	0.20888
ZBTB41	0.18197	0.10373	0.10574
ZBTB42	0.05936	0.0227	0.01722
ZBTB43	0.21116	0.25478	0.14265
ZBTB44	0.37458	0.17626	0.30074
ZBTB45	0.01855	0.03374	0.11574
ZBTB46	0.01442	0.01722	0
ZBTB47	0.03293	0.01811	0.00057
ZBTB48	0.0888	0.09954	0.14356
ZBTB49	0.01013	0.0134	0.00115
ZBTB5	0.02761	0.0119	0.03851
ZBTB6	0.02077	0.02003	0.02475
ZBTB7A	0.49299	0.36884	0.30609
ZBTB7B	0.02296	0.01606	0.04061
ZBTB8A	0.76579	0.76536	0.55577
ZBTB8B	0.00478	0.00374	0.00239
ZBTB8OS	0.17455	0.23597	0.22104
ZBTB9	0.04954	0.0117	0.0058
ZC2HC1A	0.06726	0.08977	0.05616
ZC2HC1C	0.06084	0.03122	0.02482
ZC3H10	0.01339	0.01346	0.03345
ZC3H11A	0.52987	0.54446	0.51909
ZC3H12A	0.03097	0.10354	0.05204
ZC3H12B	0.01545	0.00764	0.00281
ZC3H12C	0.03775	0.02496	0.01008
ZC3H12D	0.10362	0.13859	0.10694
ZC3H13	0.89612	0.93548	1.05254
ZC3H14	0.19918	0.09504	0.1824
ZC3H15	0.48333	0.48882	0.78242
ZC3H18	0.09502	0.13155	0.21843
ZC3H3	0.03078	0.02322	0.00489
ZC3H4	0.09515	0.07382	0.1737
ZC3H6	0.11317	0.24352	0.25627
ZC3H7A	0.16353	0.28925	0.46245
ZC3H7B	0.05613	0.05564	0.06666
ZC3H8	0.15632	0.08038	0.1662
ZC3HAV1	0.25057	0.31804	0.53447
ZC3HAV1L	0.00369	0.0027	0.00426
ZC3HC1	0.06336	0.02014	0.09236
ZC4H2	0.01735	0.00967	0.00085
ZCCHC10	0.12221	0.14365	0.36916
TUT4	0.36906	0.44112	0.4871
ZCCHC14	0.12919	0.02795	0.0308
RTL4	0.00035	8e-05	0
ZCCHC17	0.18221	0.19564	0.32055
ZCCHC2	0.19494	0.11473	0.11116
ZCCHC24	0.17747	0.04287	0.00772
ZCCHC4	0.03592	0.02974	0.01777
TUT7	0.38496	0.53031	0.68378
ZCCHC7	0.05607	0.13355	0.15091
ZCCHC8	0.18405	0.15564	0.18499
ZCCHC9	0.16405	0.16699	0.27771
ZCRB1	0.66277	0.44682	0.76119
ZCWPW1	0.07886	0.0607	0.05355
ZCWPW2	0.00827	0.0025	0.00074
ZDBF2	0.0173	0.04844	0.01605
ZDHHC1	0.00321	9e-04	0
ZDHHC11	0.08917	0.00517	0
ZDHHC12	0.02141	0.04841	0.0792
ZDHHC13	0.01504	0.01466	0.02871
ZDHHC14	0.12428	0.07534	0.00723
ZDHHC15	0.21107	0.16666	0.09681
ZDHHC16	0.08373	0.04079	0.08562
ZDHHC17	0.12066	0.11337	0.14779
ZDHHC18	0.04491	0.07181	0.03968
ZDHHC19	0.02556	0.00541	0
ZDHHC2	0.01462	0.02854	0.05638
ZDHHC20	0.15263	0.1785	0.38492
ZDHHC21	0.05116	0.09235	0.07354
ZDHHC22	0.00216	0.00123	0
ZDHHC23	0.0804	0.02063	0.01533
ZDHHC24	0.02215	0.05813	0.02262
ZDHHC3	0.39157	0.35119	0.43642
ZDHHC4	0.12088	0.12345	0.21381
ZDHHC5	0.18679	0.21138	0.28543
ZDHHC6	0.13255	0.09304	0.14835
ZDHHC7	0.06748	0.08019	0.06058
ZDHHC8	0.02366	0.02695	0.00879
ZDHHC8P1	0.0937	0.08055	0.05535
ZDHHC9	0.42858	0.08534	0.02038
ZEB1	0.20663	0.25039	0.4244
ZEB1-AS1	0.00612	0.0066	0.01322
ZEB2	0.04109	0.49807	0.21107
ZER1	0.04415	0.06692	0.03847
ZFAND1	0.10533	0.06962	0.04583
ZFAND2A	0.22502	0.30155	0.21614
ZFAND2B	0.25283	0.16837	0.45691
ZFAND3	0.11499	0.07631	0.02204
ZFAND4	0.03807	0.01222	0.03162
ZFAND5	0.37522	0.73944	0.72772
ZFAND6	0.21834	0.15695	0.31136
ZFAS1	0.21102	0.35049	0.52585
ZFAT	0.02445	0.03333	0.05362
ZFC3H1	0.33446	0.38464	0.48769
ZFHX2	0.01815	0.00839	0.00292
ZFHX3	0.40679	0.30026	0.13857
ZFHX4	0.24227	0.05335	0.00722
ZFP1	0.03133	0.01935	0.01024
ZFP14	0.35923	0.31009	0.1808
ZFP2	0.00798	0.00165	0
ZFP28	0.01567	0.01208	0.01778
ZFP3	0.00101	0.01392	0.00841
ZFP30	0.10942	0.10114	0.08427
ZFP36	0.13352	0.62989	0.36504
ZFP36L1	0.76961	0.85192	0.46617
ZFP36L2	0.3866	1.0343	1.11781
ZFP37	0.00755	0.0103	0.00056
ZFP41	0.0694	0.02862	0.00091
ZFP42	0.01437	0.00843	0.00769
ZFP62	0.09313	0.09319	0.11891
ZFP64	0.05829	0.04358	0.01357
ZFP69	0.00932	0.00573	0.00193
ZFP69B	0.01395	0.01758	0.01748
ZFP82	0.45198	0.37166	0.30356
ZFP90	0.10618	0.11354	0.1431
ZFP91	0.28991	0.25023	0.45384
ZFPL1	0.07798	0.02548	0.03424
ZFPM1	0.03646	0.04704	0.05267
ZFR	0.42948	0.22594	0.54501
ZFR2	0.01033	0.00653	0
ZFX	0.15442	0.19057	0.27906
ZFY	0.03281	0.02016	0.05002
ZFY-AS1	0.01126	0.0026	0
ZFYVE1	0.09199	0.07711	0.09701
ZFYVE16	0.16007	0.13844	0.04355
ZFYVE19	0.10385	0.0651	0.02643
ZFYVE21	0.05154	0.02536	0.04534
ZFYVE26	0.08868	0.07218	0.14346
ZFYVE27	0.09432	0.0723	0.10736
ZFYVE28	0.02062	0.0285	0.05196
ZFYVE9	0.11878	0.01384	0
ZG16	0.02738	0.0285	0.02739
ZG16B	0.00124	0.00356	0
ZGLP1	0.00882	0.01619	0
ZGPAT	0.00518	0.00374	0.00627
ZHX1	0.32894	0.22972	0.15013
ZHX2	0.06369	0.05375	0.01107
ZHX3	0.32239	0.21111	0.17163
ZIC1	0.01925	0.00027	0.01085
ZIC2	0.0168	9e-04	0.01409
ZIC4	0.02082	0.00166	0
ZIC5	0.01122	0.00077	0
ZIK1	0.01431	0.00815	0.02113
ZIM2	0.01496	0.00404	0
ZIM3	0.05655	0.05033	0.0316
ZKSCAN1	1.31249	0.81433	0.63905
ZKSCAN2	0.01697	0.01265	0.0025
ZKSCAN3	0.04356	0.02514	0.01627
ZKSCAN4	0.04596	0.05917	0.03425
ZKSCAN5	0.05899	0.06979	0.09187
ZKSCAN7	0.00809	0.00484	0.00581
ZKSCAN8	0.10515	0.05442	0.07934
ZMAT1	0.19949	0.11957	0.01444
ZMAT2	0.42356	0.32694	0.56796
ZMAT3	0.35687	0.32011	0.19433
ZMAT5	0.12808	0.10318	0.16941
ZMIZ1	0.11573	0.14798	0.14106
ZMIZ1-AS1	0.00318	0.00033	0
ZMIZ2	0.14601	0.16735	0.11152
ZMPSTE24	0.25288	0.14958	0.12139
ZMYM1	0.08608	0.07173	0.03764
ZMYM2	0.2178	0.23584	0.22543
ZMYM3	0.14063	0.05195	0.09759
ZMYM4	0.17417	0.16576	0.14853
ZMYM5	0.16484	0.18922	0.15126
ZMYM6	0.11578	0.13412	0.11386
ZMYND10	0.00956	0.00396	0
ZMYND11	0.29603	0.19798	0.2253
ZMYND12	0.00346	0.00432	0.01186
ZMYND15	0.00941	0.01615	0.00066
ZMYND19	0.03948	0.0202	0.04058
ZMYND8	0.32623	0.33973	0.39593
ZNF10	0.03738	0.04983	0.04271
ZNF100	0.03604	0.0774	0.10755
ZNF101	0.2915	0.2989	0.44341
ZNF106	0.72021	0.69978	0.64665
ZNF107	0.09516	0.10114	0.2015
ZNF112	0.01172	8e-04	0
ZNF114	0.15403	0.14213	0.11566
ZNF117	0.05945	0.07374	0.04651
ZNF12	0.08908	0.06176	0.0444
ZNF121	0.00791	0.01908	0.00146
ZNF124	0.17128	0.19306	0.16444
ZNF131	0.21806	0.13993	0.19145
ZNF132	0.00355	0.001	0.013
ZNF133	0.04679	0.03713	0.01724
ZNF134	0.07314	0.04322	0.03223
ZNF135	0.03522	0.02601	0.00948
ZNF136	0.0864	0.11687	0.0731
ZNF137P	0.01117	0.00395	0.02631
ZNF138	0.05599	0.04352	0.12136
ZNF14	0.05073	0.05275	0.00915
ZNF140	0.05074	0.04112	0.06343
ZNF141	0.03166	0.02365	0.02745
ZNF142	0.03753	0.0395	0.08588
ZNF143	0.05121	0.07475	0.17457
ZNF146	0.16904	0.14644	0.27646
ZNF148	0.37546	0.34329	0.5581
ZNF154	0.15979	0.13475	0.12135
ZNF155	0.01666	0.01891	5e-04
ZNF16	0.02302	0.01105	0.01637
ZNF160	0.17453	0.20012	0.14669
ZNF165	0.01688	0.0103	0.02217
ZNF169	0.00763	0.00475	0.03175
ZNF17	0.01942	0.01153	0.02918
ZNF174	0.01451	0.0294	0.07466
ZNF175	0.00475	0.02012	0.02171
ZNF18	0.0334	0.04432	0.03592
ZNF180	0.0336	0.03696	0.04846
ZNF181	0.07152	0.04644	0.05983
ZNF182	0.16204	0.06319	0.02391
ZNF184	0.0342	0.058	0.04991
ZNF185	0.00398	0.00832	0.0241
ZNF189	0.07636	0.05159	0.06355
ZNF19	0.00943	0.01579	0.00276
ZNF192P1	0.00849	0.00452	0
ZNF195	0.17009	0.10827	0.14107
ZNF197	0.16	0.14147	0.12789
ZNF200	0.03589	0.04563	0.00736
ZNF202	0.05582	0.03599	0.01963
ZNF204P	0.07269	0.06014	0.03539
ZNF205	0.00849	0.0079	0.00278
ZNF207	0.26575	0.30847	0.56767
ZNF208	0.23929	0.05972	0.03502
ZNF211	0.02779	0.02323	0.03047
ZNF212	0.06762	0.0387	0.06417
ZNF213	0.0147	0.03067	0.07848
ZNF214	0.00371	0.00064	0
ZNF215	0.00665	0.04376	0.04467
ZNF217	0.23175	0.19638	0.24978
ZNF219	0.13198	0.0358	0.01022
ZNF22	0.12023	0.10185	0.17936
ZNF221	0.02595	0.01465	0.01861
ZNF222	0.00738	0.01925	0.00066
ZNF223	0.03697	0.0203	0.00872
ZNF224	0.10347	0.13017	0.07159
ZNF225	0.02367	0.01265	0.0147
ZNF226	0.08333	0.077	0.10604
ZNF227	0.01953	0.01686	0.02221
ZNF23	0.04602	0.03437	0.03245
ZNF230	0.01466	0.01987	0.00605
ZNF232	0.0303	0.01455	0.02545
ZNF234	0.17848	0.13666	0.10109
ZNF235	0.01072	0.00834	0.00403
ZNF236	0.04937	0.04589	0.02758
ZNF239	0.0215	0.01069	0.00445
ZNF24	0.21198	0.22538	0.30933
ZNF248	0.08983	0.033	0.03383
ZNF25	0.03126	0.03342	0.0485
ZNF250	0.02596	0.02628	0.03435
ZNF251	0.02444	0.01642	0.01371
ZNF252P	0.18943	0.13238	0.11658
ZNF252P-AS1	0.00643	0.0023	0
ZNF253	0.05048	0.04212	0.04021
ZNF254	0.03656	0.04946	0.06338
ZNF256	0.01462	0.00971	0.01176
ZNF257	0.01741	0.01167	0.05578
ZNF26	0.05918	0.0367	0.07683
ZNF260	0.13253	0.10078	0.09076
ZNF263	0.10611	0.09793	0.09977
ZNF264	0.52313	0.49615	0.37644
ZNF266	0.07296	0.13706	0.09227
ZNF267	0.03454	0.15149	0.12327
ZNF268	0.09258	0.06123	0.03327
ZNF273	0.01308	0.01661	0.06066
ZNF274	0.07009	0.06556	0.04227
ZNF275	0.13874	0.09851	0.10887
ZNF276	0.17028	0.17111	0.20134
ZNF277	0.16186	0.07258	0.11367
ZNF28	0.06638	0.02307	0.00993
ZNF280C	0.02605	0.02765	0.05798
ZNF280D	0.2124	0.16021	0.15704
ZNF281	0.28192	0.16243	0.20305
ZNF282	0.06916	0.05351	0.09547
ZNF283	0.01955	0.01486	0.00017
ZNF284	0.02085	0.0106	0.03014
ZNF285	0.00971	0.00272	0
ZNF286A	0.02019	0.0266	0.00615
ZNF286B	0.00335	0.00224	0.00133
ZNF287	0.00519	0.00879	0.01971
ZNF292	0.45019	0.57145	0.74522
ZNF296	0.00598	0.01529	0.02169
ZNF3	0.16026	0.09301	0.1567
ZNF30	0.03114	0.0125	0.01702
ZNF300	0.01684	0.00739	0.0037
ZNF300P1	0.00903	0.00091	0
ZNF302	0.92051	0.78149	0.37478
ZNF304	0.05138	0.02353	0.008
ZNF311	0.00666	0.00612	0
ZNF316	0.13294	0.08346	0.08013
ZNF317	0.04638	0.06467	0.09956
ZNF318	0.24833	0.14577	0.29133
ZNF319	0.02071	0.01061	0.02494
ZNF32	0.11452	0.08551	0.01315
ZNF320	1.13301	1.11286	0.76837
ZNF322	0.13892	0.10142	0.0954
ZNF324	0.0663	0.04274	0.04543
ZNF324B	0.00603	0.00739	0
ZNF326	0.21864	0.18517	0.20809
ZNF329	0.16202	0.10338	0.06169
ZNF330	0.07408	0.12235	0.10052
ZNF331	0.18124	0.20667	0.10369
ZNF333	0.16252	0.15115	0.09628
ZNF334	0.00315	0.00553	0.00098
ZNF335	0.09477	0.09742	0.08207
ZNF337	0.08766	0.06417	0.07559
ZNF337-AS1	0.07335	0.01805	0.01319
ZNF33A	0.35089	0.32188	0.18674
ZNF33B	0.30681	0.29787	0.23228
ZNF33BP1	0.00412	0.00761	0
ZNF34	0.15295	0.17735	0.14389
ZNF341	0.02189	0.02074	0.02866
ZNF343	0.08751	0.06586	0.07766
ZNF345	0.01859	0.03372	0.01794
ZNF346	0.14598	0.1257	0.16936
ZNF347	0.04563	0.03679	0.0289
ZNF35	0.03138	0.02548	0.01015
ZNF350	0.0463	0.06042	0.11729
ZNF354A	0.07008	0.04571	0.01811
ZNF354B	0.04285	0.02531	0.00695
ZNF354C	0.01967	0.02441	0.04913
ZNF358	0.19973	0.10993	0.04634
ZNF362	0.08944	0.06282	0.08096
ZNF365	0.00222	0.00103	0
ZNF366	0.0265	0.06131	0.04725
ZNF367	0.01667	0.00714	0.06054
ZNF37A	0.29135	0.28688	0.29472
ZNF37BP	0.15669	0.21801	0.05843
ZNF382	0.00146	0.00804	0
ZNF383	0.02239	0.01671	0.04726
ZNF384	0.03749	0.05057	0.11289
ZNF385A	0.01339	0.05056	0.01405
ZNF385B	0.03101	0.00383	0
ZNF385C	0.00232	0.0026	0.00037
ZNF385D	0.00446	0.00032	0
ZNF391	0.00301	0.00335	0
ZNF394	0.16174	0.28478	0.37683
ZNF395	0.14031	0.11033	0.06547
ZNF396	0.02884	0.03316	0.01433
ZNF397	0.10375	0.09832	0.01611
ZNF398	0.07963	0.05748	0.13911
ZNF404	0.00925	0.01287	0.00758
ZNF407	0.13769	0.14352	0.22606
ZNF408	0.08168	0.00703	0.08052
ZNF41	0.05586	0.03061	0.04363
ZNF410	0.10309	0.08376	0.23089
ZNF414	0.00885	0.02653	0.00849
ZNF415	0.0271	0.01106	0.00119
ZNF416	0.00974	0.01411	0.01398
ZNF417	0.64502	0.56036	0.39982
ZNF418	0.02265	0.01183	0.03669
ZNF419	0.03904	0.02183	0.00043
ZNF420	0.05897	0.05101	0.05668
ZNF425	0.02244	0.02077	0.0405
ZNF426	0.45153	0.50363	0.31884
ZNF428	0.04997	0.08308	0.02794
ZNF429	0.55442	0.55393	0.52981
ZNF43	0.13996	0.16816	0.22703
ZNF430	0.17902	0.2515	0.44888
ZNF431	0.21279	0.23224	0.34385
ZNF432	0.22583	0.14557	0.09697
ZNF433	0.01763	0.00985	0.00746
ZNF436	0.01834	0.00702	0.00173
ZNF438	0.03977	0.06606	0.01828
ZNF439	0.01493	0.02049	0.03196
ZNF44	0.20771	0.17071	0.14263
ZNF440	0.04461	0.05442	0.03544
ZNF441	0.04952	0.03304	0.01468
ZNF442	0.00363	0.00043	0
ZNF443	0.01484	0.01654	0
ZNF444	0.11703	0.06325	0.04717
ZNF445	0.2958	0.23436	0.1569
ZNF446	0.0297	0.23932	0.29499
ZNF449	0.05868	0.0363	0.04377
ZNF45	0.01711	0.01939	0.0209
ZNF451	0.27825	0.23713	0.27299
ZNF454	0.1666	0.15808	0.11471
ZNF460	0.03256	0.02718	0.02403
ZNF461	0.21413	0.16696	0.14991
ZNF462	0.0017	0.00413	0.00044
ZNF467	0.04376	0.01929	0.0011
ZNF468	0.05436	0.02684	0.02545
ZNF470	0.09483	0.06358	0.05066
ZNF471	0.24971	0.23539	0.13959
ZNF473	0.0462	0.01488	0.0454
ZNF479	0.00254	0	0
ZNF48	0.03974	0.04058	0.01577
ZNF480	0.14362	0.1392	0.17038
ZNF483	0.22255	0.2526	0.12811
ZNF484	0.01866	0.02338	0.02403
ZNF485	0.02098	0.00531	0.00099
ZNF486	0.11126	0.12431	0.11946
ZNF487	0.00551	0.00868	0
ZNF490	0.03894	0.0788	0.0191
ZNF491	0.0658	0.06809	0.05522
ZNF492	0.11664	0.14936	0.09573
ZNF493	0.10917	0.08071	0.1161
ZNF496	0.06358	0.07363	0.08042
ZNF497	0.02629	0.00228	0.01277
ZNF500	0.17792	0.21425	0.08267
ZNF501	0.01502	0.01041	0
ZNF502	0.05956	0.02006	0.01366
ZNF503	0.13245	0.02704	0.00389
ZNF503-AS1	9e-04	0.00047	0
ZNF503-AS2	0.01018	0.00081	0
ZNF506	0.06373	0.08856	0.08539
ZNF507	0.09262	0.08472	0.16073
ZNF510	0.03242	0.05477	0.04707
ZNF511	0.05179	0.07763	0.16744
ZNF512	0.14643	0.08108	0.19954
ZNF512B	0.13447	0.04373	0.00494
ZNF513	0.0628	0.03657	0.0453
ZNF514	0.15438	0.0771	0.03695
ZNF516	0.09318	0.02778	0.02182
ZNF517	0.10196	0.10788	0.07115
ZNF518A	0.31838	0.19571	0.26708
ZNF518B	0.02055	0.06871	0.05195
ZNF519	0.03017	0.01465	0.05096
ZNF524	0.05961	0.10026	0.16042
ZNF525	0.08348	0.06015	0.08233
ZNF526	0.03301	0.0151	0.00126
ZNF527	0.22887	0.18293	0.09729
ZNF528	0.07474	0.05689	0.03995
ZNF529	0.04841	0.05274	0.01398
ZNF530	0.09873	0.08924	0.11136
ZNF532	0.06235	0.09003	0.05309
ZNF534	0.00669	0.00243	0
ZNF540	0.00967	0.01002	0
ZNF541	0.01249	0.00151	0.0085
ZNF543	0.02035	0.0123	0.00726
ZNF544	0.12098	0.10991	0.1876
ZNF546	0.05557	0.05756	0.03113
ZNF547	0.01278	0.00373	0.02868
ZNF548	0.04908	0.05772	0.02247
ZNF549	0.056	0.05685	0.04211
ZNF550	0.04891	0.02804	0.08237
ZNF551	0.09034	0.05343	0.07249
ZNF552	0.04929	0.02074	0.01642
ZNF554	0.36557	0.31864	0.19392
ZNF555	0.07396	0.05057	0.02277
ZNF556	0.01889	0.01777	0.00253
ZNF557	0.18039	0.24874	0.20569
ZNF558	0.02699	0.01718	0.03082
ZNF559	0.01915	0.02808	0.03745
ZNF560	0.00941	0.00157	0
ZNF561	0.08551	0.10463	0.08022
ZNF562	0.06917	0.07996	0.09533
ZNF563	0.13904	0.09535	0.14893
ZNF564	0.03015	0.03107	0.01974
ZNF565	0.26272	0.02644	0.01622
ZNF566	0.17468	0.15349	0.10381
ZNF567	0.0351	0.02537	0.03264
ZNF568	0.06976	0.03122	0.06346
ZNF569	0.06745	0.0551	0.02345
ZNF57	0.0235	0.00946	0.00109
ZNF570	0.28576	0.20736	0.2188
ZNF571	0.0161	0.01398	0
ZNF572	0.01237	0.01165	0
ZNF573	0.03687	0.03066	0.00685
ZNF574	0.04391	0.04342	0.03723
ZNF575	0.00904	0.00709	0.03806
ZNF576	0.02706	0.02858	0.04106
ZNF577	0.04078	0.02793	0.0261
ZNF578	0.07002	0.06445	0.06007
ZNF579	0.10553	0.02639	0.0268
ZNF580	0.03632	0.03096	0.04028
ZNF581	0.05396	0.12997	0.10266
ZNF582	0.02139	0.00528	0
ZNF582-AS1	0.03887	0.00864	0.0026
ZNF583	0.03084	0.01676	0.00352
ZNF584	0.01523	0.01113	0.00069
ZNF585A	0.07424	0.08495	0.14734
ZNF585B	0.04607	0.03463	0.01617
ZNF586	0.02227	0.02274	0.03752
ZNF587	0.23228	0.14407	0.07873
ZNF587B	0.04519	0.01365	0.01622
ZNF589	0.0231	0.03862	0.02433
ZNF592	0.07744	0.08009	0.11449
ZNF593	0.22386	0.18264	0.29015
ZNF594	0.09075	0.07321	0.07675
ZNF595	0.04349	0.02891	0.00461
ZNF596	0.0191	0.01355	0.0157
ZNF597	0.03233	0.01287	0.02279
ZNF598	0.05122	0.03403	0.01871
ZNF599	0.0021	0.00068	0
ZNF600	0.06704	0.08624	0.09439
ZNF605	0.16379	0.05638	0.02861
ZNF606	0.05524	0.01268	0.01415
ZNF607	0.01594	0.01179	0.02509
ZNF608	0.06188	0.03469	0.11736
ZNF609	0.11777	0.1753	0.21984
ZNF610	0.0183	0.00541	0.00173
ZNF611	0.09268	0.10458	0.15279
ZNF613	0.01876	0.00597	0
ZNF614	0.04071	0.03183	0.03878
ZNF615	0.04	0.02936	0
ZNF616	0.0388	0.0252	0.06209
ZNF618	0.05283	0.03409	5e-04
ZNF619	0.01879	0.02156	0
ZNF620	0.1502	0.19285	0.09469
ZNF621	0.23309	0.23243	0.26129
ZNF622	0.12684	0.11693	0.12285
ZNF623	0.04952	0.02162	0.05358
ZNF624	0.01224	0.02014	0.04095
ZNF625	0.00976	0.00828	0.04836
ZNF626	0.2197	0.16993	0.11648
ZNF627	0.01844	0.01147	0.01023
ZNF628	0.01321	0.01355	0.0097
ZNF629	0.06072	0.04726	0
ZNF630	0.00694	0.01053	0.01486
ZNF638	0.54236	0.52033	0.56018
ZNF639	0.06715	0.04941	0.06646
ZNF641	0.10214	0.06028	0.07467
ZNF644	0.32135	0.36346	0.43267
ZNF646	0.01742	0.01296	0.04904
ZNF649	0.03383	0.02462	0.04232
ZNF652	0.49765	0.33804	0.34438
ZNF653	0.00715	0.00278	0
ZNF654	0.06569	0.06395	0.1094
ZNF655	0.4851	0.42697	0.47281
ZNF660	0.00382	0.00481	0
ZNF662	0.17035	0.10641	0.10028
ZNF664	0.25754	0.13008	0.09983
ZNF665	0.16287	0.16338	0.08652
ZNF667	0.09097	0.05066	0.02186
ZNF667-AS1	0.05837	0.02532	0.01151
ZNF668	0.02871	0.02711	0.00756
ZNF669	0.19464	0.18289	0.10435
ZNF670-ZNF695	0.025	0.00565	0.00956
ZNF671	0.04017	0.03395	0.00077
ZNF672	0.08136	0.07228	0.09923
ZNF674	0.17743	0.04776	0.01255
ZNF674-AS1	0.16271	0.01497	0.0066
ZNF675	0.04337	0.10972	0.10177
ZNF676	0.0469	0.00707	0.01176
ZNF677	0.00605	0.01522	0.00248
ZNF678	0.12186	0.07596	0.15137
ZNF680	0.06599	0.02179	0.05032
ZNF681	0.03731	0.0313	0.05257
ZNF682	0.15419	0.1563	0.12833
ZNF683	0.00103	0.02152	0
ZNF684	0.06579	0.02152	0.10627
ZNF687	0.0452	0.01451	0.0219
ZNF688	0.03639	0.0598	0.0125
ZNF689	0.04349	0.04693	0.10167
ZNF69	0.04901	0.03203	0.02067
ZNF691	0.05538	0.04589	0.00262
ZNF692	0.11116	0.05323	0.05572
ZNF695	0.01048	0.00431	0.00099
ZNF696	0.14118	0.08566	0.05932
ZNF697	0.04	0.00892	0
ZNF699	0.10956	0.14895	0.14682
ZNF7	0.06124	0.04981	0.04056
ZNF70	0.00821	0.01138	0.01166
ZNF700	0.03642	0.10743	0.12068
ZNF701	0.03707	0.03293	0.06154
ZNF702P	0.02075	0.01296	0.00611
ZNF703	0.0317	0.01689	0
ZNF704	0.23355	0.03969	0.02139
ZNF706	0.21011	0.31786	0.47547
ZNF707	0.01285	0.00644	0.01646
ZNF708	0.09598	0.12716	0.13182
AC008758.1	0.00977	0.01132	0.0228
ZNF71	0.01543	0.0086	0.04596
ZNF710	0.0243	0.03972	0.02623
ZNF711	0.049	0.00187	0.00451
ZNF713	0.23924	0.18915	0.11002
ZNF714	0.18921	0.1543	0.28779
ZNF716	0.14175	0.09544	0.04383
ZNF717	0.04565	0.01977	0.00717
ZNF718	0.03123	0.01254	0.00962
ZNF720	0.02194	0.06278	0.04668
ZNF721	0.2636	0.24796	0.28963
ZNF726	0.02626	0.00536	0.04478
ZNF728	0.05115	0.01137	0.0029
ZNF729	0.00677	0.00041	6e-04
ZNF730	0.01512	0.00761	0.00056
ZNF732	0.00394	0.00114	0
ZNF733P	0.0029	0.00204	0
ZNF736	0.03325	0.02787	0.0103
ZNF737	0.25518	0.24205	0.17032
ZNF738	0.05012	0.04396	0.03197
ZNF74	0.02978	0.02101	0.0074
ZNF740	0.06147	0.03784	0.03128
ZNF746	0.07313	0.0386	0.04235
ZNF747	0.07276	0.03263	0.07465
ZNF749	0.04931	0.04881	0.01389
ZNF75A	0.04015	0.03653	0.07256
ZNF75D	0.05454	0.06379	0.1876
ZNF76	0.07241	0.03454	0.03897
ZNF761	0.06726	0.06743	0.06872
ZNF763	0.04489	0.05854	0.01764
ZNF764	0.05214	0.05894	0.04145
ZNF765	0.0376	0.03651	0.02362
ZNF766	0.17824	0.21056	0.22289
ZNF768	0.04004	0.01143	0
ZNF77	0.01076	0.00723	0.00366
ZNF770	0.25638	0.10786	0.09938
ZNF771	0.0223	0.00398	0.01271
ZNF772	0.02164	0.0103	0.00185
ZNF773	0.13806	0.1092	0.07207
ZNF774	0.00289	0.00099	0
ZNF775	0.01269	0.01413	0.01107
ZNF776	0.08977	0.06452	0.06655
ZNF777	0.02652	0.02362	0.01374
ZNF778	0.01016	0.00705	0.00039
ZNF780A	0.05869	0.03725	0.02276
ZNF780B	0.11505	0.11995	0.09684
ZNF781	0.01983	0.01008	0
ZNF782	0.02492	0.02201	0.01279
ZNF783	0.02291	0.03945	0.00506
ZNF784	0.05132	0.03962	0.01331
ZNF785	0.02716	0.01904	0.04639
ZNF786	0.03575	0.0488	0.01543
ZNF787	0.12234	0.07819	0.06476
ZNF788P	0.01517	0.01441	0.02202
ZNF789	0.03506	0.02575	0.00927
ZNF79	0.00691	0.01966	0.00568
ZNF790	0.027	0.01975	0.06571
ZNF791	0.12386	0.19729	0.16971
ZNF792	0.01935	0.01412	0.04104
ZNF793	0.44463	0.42242	0.2796
ZNF799	0.02949	0.03095	0.00848
ZNF80	0.0438	0.04467	0.02923
ZNF800	0.14146	0.19051	0.2372
ZNF804A	0.00595	0.00332	0.0046
ZNF805	0.05906	0.03759	0.04197
ZNF808	0.06924	0.08391	0.08963
ZNF81	0.05215	0.02085	0.01097
ZNF813	0.03471	0.02893	0.02719
ZNF814	0.05246	0.02691	0.06644
ZNF815P	0.03214	0.01272	0.01037
ZNF816	0.02806	0.02365	0.0375
AC092070.2	0.094	0.08573	0.08052
ZNF821	0.01334	0.03285	0.03285
ZNF823	0.01576	0.00779	0.04277
ZNF826P	0.01057	0.00752	0.01181
ZNF827	0.04164	0.12544	0.15198
ZNF829	0.07709	0.05253	0.04086
ZNF83	0.16895	0.10602	0.09271
ZNF830	0.05415	0.075	0.08327
ZNF831	0.0049	0.07153	0.17682
AC008543.1	0.01073	0.00109	0
ZNF835	0.00491	0.00472	0.0123
ZNF836	0.01467	0.01637	0.01102
ZNF837	0.0092	0.0055	0.00146
ZNF839	0.04661	0.04315	0.06071
ZNF84	0.286	0.19868	0.08588
ZNF841	0.27319	0.23634	0.19502
ZNF844	0.0244	0.06016	0.04763
ZNF845	0.02593	0.01982	0.06571
ZNF846	0.01451	0.02641	0.00891
ZNF85	0.01797	0.03451	0.1478
ZNF850	0.03493	0.03557	0.03335
ZNF852	0.02005	0.01761	0.02993
ZNF853	1e-04	0.01752	0.01079
ZNF860	0.00705	0.01517	0.01347
ZNF862	0.0715	0.0502	0.05577
ZNF865	0.29168	0.25936	0.19927
ZNF876P	0.09733	0.09963	0.08762
ZNF879	0.02737	0.0197	0.0168
ZNF880	0.02919	0.03227	0.03399
ZNF883	0.01409	0.00193	0.00717
ZNF888	0.00663	0.00613	0.01259
ZNF891	0.01829	0.00807	0.03301
ZNF90	0.00374	0.01071	0.02554
ZNF91	0.42356	0.45026	0.3538
ZNF92	0.03798	0.08577	0.2134
ZNF93	0.02415	0.00801	0.07758
ZNF98	0.02068	0.00102	0.00086
ZNF99	0.05056	0.02224	0.00452
ZNFX1	0.28735	0.33396	0.29432
ZNHIT1	0.79303	0.48988	0.66127
ZNHIT2	0.05002	0.03831	0.08417
ZNHIT6	0.11545	0.09519	0.11362
ZNRD1	0.06863	0.08266	0.18712
ZNRF1	0.09503	0.05668	0.04124
ZNRF2	0.08231	0.05043	0.03789
ZNRF2P1	0.00464	0.00048	0.02049
ZNRF3	0.11378	0.01887	0.02252
ZNRF3-AS1	0.15918	0.19515	0.13993
ZP3	0.00352	0.00251	0.0011
ZRANB1	0.30019	0.19966	0.24403
ZRANB2	0.64594	0.61042	0.7787
ZRANB3	0.12363	0.10285	0.11014
ZRSR2	0.07799	0.30756	0.39444
ZSCAN12	0.03208	0.02493	0.09906
ZSCAN12P1	0.00147	0.00078	0
ZSCAN16	0.02087	0.02821	0.0397
ZSCAN16-AS1	0.12588	0.06684	0.14062
ZSCAN18	0.15217	0.03143	0
ZSCAN2	0.05163	0.02078	0.00721
ZSCAN20	0.01057	0.00405	0.01861
ZSCAN21	0.02609	0.02215	0
ZSCAN22	0.0243	0.01908	0.0193
ZSCAN25	0.01913	0.02783	0.01514
ZSCAN29	0.1151	0.11528	0.07877
ZSCAN30	0.02227	0.01833	0.00691
ZSCAN31	0.18451	0.05967	0.018
ZSCAN32	0.01579	0.03426	0.05561
ZSCAN5A	0.0278	0.0142	0.00967
ZSCAN9	0.04129	0.01284	0.05305
ZSWIM1	0.04573	0.04053	0.02153
ZSWIM3	0.00862	0.00649	0.01257
ZSWIM4	0.01796	0.01681	0.01465
ZSWIM5	0.05469	0.00511	0
ZSWIM6	0.03913	0.08733	0.04304
ZSWIM7	0.10908	0.07553	0.16113
ZSWIM8	0.12498	0.07045	0.05505
ZSWIM8-AS1	0.0017	0.00261	0.0025
ZUP1	0.05154	0.06478	0.14036
ZW10	0.0537	0.01539	0.11437
ZWILCH	0.06184	0.03571	0.23292
ZWINT	0.04966	0.0149	0.22351
ZXDA	0.01729	0.02588	0
ZXDB	0.04983	0.01332	0.01394
ZXDC	0.10696	0.06654	0.09532
ZYG11A	0.09343	0.08358	0.02891
ZYG11B	0.5235	0.40237	0.30238
ZYX	0.17002	0.23413	0.2452
ZZEF1	0.07114	0.15713	0.21051
AC118549.1	0.1997	0.15061	0.21794
