CD8T	Malignant	Mono/Macro	Tprolif	B
A1BG	0.25263	0.98766	0.26289	0.14958	0.40609
A1BG-AS1	0.00675	0.00151	0	0.01318	0.00628
A1CF	0.18116	1.02046	0.28131	0.09643	0.05849
A2M	0.30057	1.1304	1.54074	0.07468	0.13678
A2M-AS1	0.10407	0.01183	0.02789	0.07407	0.01789
A2ML1	0.02873	0.03597	0.04088	0.04323	0.03372
AAAS	0.04585	0.108	0.03852	0.04534	0.05258
AACS	0.01297	0.02791	0.01435	0.0062	0.00329
AACSP1	0.01015	0.00698	0.00762	0	0
AADAC	0.03047	0.33243	0.06391	0.01021	0.01226
AADAT	0.00155	0.0269	0.01363	0.02472	0.00015
PRXL2C	0.00965	0.02232	0.03531	0.02675	0.01149
AAGAB	0.15816	0.10265	0.0693	0.19957	0.04015
AAK1	0.80955	0.48331	0.63499	0.7909	0.52114
AAMDC	0.05639	0.21417	0.07727	0.09546	0.04444
AAMP	0.08229	0.21023	0.20559	0.12691	0.13587
AAR2	0.08868	0.14995	0.08167	0.08811	0.07097
AARD	0.41275	0.49097	0.39554	0.25338	0.52458
AARS	0.12002	0.45149	0.15878	0.1858	0.47955
AARS2	0.26678	0.28028	0.23156	0.19611	0.26011
AASDH	0.05238	0.05988	0.07118	0.10653	0.02261
AASDHPPT	0.11843	0.17929	0.06091	0.06769	0.10375
AASS	0.08961	0.45562	0.08779	0.0168	0.01102
AATK	0	0.00328	0.01229	0	0.00054
ABAT	0.07026	0.273	0.11796	0.01334	0.01534
ABCA1	0.0416	0.25536	0.79623	0.00302	0.02243
ABCA10	0.00323	0.04799	0.00392	0.00038	0.01327
ABCA11P	0.00095	0.00747	0.00945	0.00136	0.00639
ABCA13	0.00231	0.00813	0.00213	0.00216	0.00288
ABCA17P	0	0.00318	0.00272	0	0
ABCA2	0.00898	0.01538	0.00715	0.00161	0.00131
ABCA3	0.00257	0.01916	0.03954	0.00467	0
ABCA4	0.00041	0.00349	0	0	0.00048
ABCA5	0.09232	0.34956	0.08932	0.03915	0.18462
ABCA6	0.02778	0.16519	0.07923	0.00773	0.00778
ABCA7	0.10754	0.07756	0.1738	0.07691	0.24898
ABCA8	0.01722	0.04775	0.0213	0.01097	0.02311
ABCA9	0.01724	0.07274	0.03639	0.00691	0.03692
ABCB1	0.21004	0.21002	0.06092	0.11544	0.04249
ABCB10	0.0255	0.08454	0.04117	0.04404	0.03841
ABCB11	0.02675	0.18783	0.06032	0.01583	0.01182
ABCB4	0.17486	0.42312	0.10602	0.13387	0.21552
ABCB5	0.03561	0.05757	0.05456	0.02241	0.0553
ABCB6	0.07736	0.30119	0.11874	0.05193	0.01243
ABCB7	0.06476	0.09673	0.09709	0.12827	0.10997
ABCB8	0.00312	0.01983	0.0274	0.00158	0.00298
ABCB9	0.00383	0.01063	0.01407	0	0.02723
ABCC1	0.05355	0.02239	0.1375	0.13119	0.07725
ABCC10	0.0233	0.04095	0.01667	0.05028	0.01592
ABCC11	0	0.00338	0.00112	0	0
ABCC13	0.01491	0.02663	0.03418	0.01957	0.01383
ABCC2	0.21342	0.7906	0.25962	0.05365	0.13314
ABCC3	0.05759	0.36889	0.17718	0.01676	0.02678
ABCC4	0.06864	0.09554	0.08053	0.01483	0.0696
ABCC5	0.03966	0.11972	0.51272	0.12939	0.03763
ABCC6	0.03684	0.30892	0.07289	0	0.01269
ABCC6P1	0.01957	0.14029	0.0187	0.00181	0
ABCC6P2	0.00037	0.01897	0.00271	0	0
ABCC8	0	0.0026	0.00148	0	0
ABCC9	0.19899	0.2889	0.14579	0.1901	0.19219
ABCD1	0.0348	0.03344	0.03125	0.00395	0.00722
ABCD2	0.06276	0.00242	0.00391	0.02328	0.09829
ABCD3	0.12099	0.40652	0.15016	0.07078	0.05172
ABCD4	0.02219	0.05088	0.03853	0.01982	0.04121
ABCE1	0.11589	0.15382	0.14276	0.27463	0.11185
ABCF1	0.69461	0.90738	0.72519	1.19491	0.70559
ABCF2	0.1319	0.15723	0.13838	0.19359	0.17442
ABCF3	0.07238	0.0892	0.0587	0.05709	0.10463
ABCG1	0.02553	0.03828	0.12699	0.04848	0.0189
ABCG2	0.0085	0.08272	0.0233	0.01864	0.01025
ABCG5	0.042	0.36949	0.06841	0.00175	0.00459
ABCG8	0.0391	0.19635	0.05646	0.00042	0.00307
ABHD1	0	0.01887	0.00825	0	0.00069
ABHD10	0.08318	0.13941	0.11102	0.26354	0.04936
ABHD11	0.1486	0.17203	0.16632	0.11338	0.22321
ABHD12	0.0959	0.251	0.33633	0.13474	0.20317
ABHD12B	0.00051	0.00024	0	0.00098	0
ABHD13	0.05646	0.05406	0.0302	0.02858	0.05729
ABHD14A	0.11915	0.06647	0.0384	0.27379	0.17042
ABHD14B	0.13609	0.20093	0.09211	0.30087	0.23148
ABHD15	0.19095	0.20237	0.16838	0.16379	0.21306
ABHD16A	0.06999	0.10291	0.05255	0.04812	0.10153
ABHD17A	0.18273	0.07262	0.0561	0.14461	0.08366
ABHD17B	0.08652	0.03719	0.02889	0.03619	0.0608
ABHD17C	0.02848	0.05833	0.01554	0.00914	0
ABHD2	0.29328	0.58569	0.41456	0.36077	0.11498
ABHD3	0.04115	0.05523	0.03872	0.07408	0.0363
ABHD4	0.01698	0.05692	0.03919	0.02503	0.0463
ABHD5	0.08555	0.09546	0.07611	0.14797	0.13597
ABHD6	0.01883	0.0964	0.07359	0.01253	0.00453
ABHD8	0.00477	0.02442	0.01283	0.00861	0.00824
ABI1	0.29309	0.19992	0.21337	0.22907	0.15141
ABI2	0.33634	0.3755	0.36792	0.29751	0.29313
ABI3	0.24087	0.01889	0.17495	0.48234	0.06033
ABL1	0.05981	0.06826	0.0544	0.04443	0.03393
ABL2	1.22333	1.2791	1.43223	1.01618	1.34082
ABLIM1	0.2442	0.24994	0.14256	0.28188	0.05479
ABLIM2	0.00179	0.02521	0.00489	0.00239	0
ABLIM3	0.02394	0.09018	0.06062	0.0136	0.02574
ABR	0.05661	0.00476	0.18042	0.21299	0.0215
ABRACL	0.17396	0.0288	0.08233	0.27852	0.09948
ABT1	0.04542	0.066	0.03481	0.09126	0.03338
ABTB1	0.07534	0.07483	0.10332	0.08719	0.12823
ABTB2	0.0049	0.02489	0.00689	0	0.00793
ACAA1	0.23657	0.7005	0.3188	0.17136	0.19152
ACAA2	0.24948	0.52927	0.2662	0.52442	0.19701
ACACB	0.05039	0.30173	0.13525	0.03351	0.02876
ACAD10	0.06174	0.15854	0.05983	0.0447	0.05516
ACAD8	0.03461	0.0651	0.02051	0.02483	0.03574
ACAD9	0.05099	0.1443	0.16071	0.21322	0.06276
ACADL	0.00902	0.03629	0.01122	0	0
ACADM	0.16265	0.36781	0.2047	0.35826	0.27651
ACADS	0.07141	0.13528	0.04267	0.12298	0.04996
ACADSB	0.20926	0.75286	0.42213	0.16106	0.08676
ACADVL	0.2815	0.63638	0.31887	0.7465	0.81899
ACAP1	0.40614	0.02032	0.01271	0.48602	0.22967
ACAP2	0.47718	0.3221	0.43292	0.54322	0.2274
ACAP3	0.05551	0.0844	0.05507	0.1768	0.11478
ACAT1	0.11556	0.53586	0.21203	0.11616	0.12951
ACAT2	0.11165	0.29909	0.08659	0.18988	0.05792
ACBD3	0.29305	0.35097	0.40585	0.4337	0.60224
ACBD4	0.01841	0.0488	0.02353	0.01733	0.02298
ACBD5	0.12808	0.27103	0.1192	0.15402	0.10347
ACBD7	0.06234	0.10501	0.08348	0.06785	0.08464
ACCS	0.02868	0.05957	0.02235	0.04171	0.03223
ACD	0.04823	0.07459	0.09205	0.0983	0.04215
ACE	0.00492	0.00109	0.02511	0	0
ACE2	0.02746	0.00658	0.00197	0	0.00295
ACER3	1.70499	1.76287	2.06182	1.45086	1.93878
ACHE	0.00379	0.01184	0.01616	0	0.00959
ACIN1	0.56307	0.43924	0.76362	0.98257	0.65461
ACKR2	0.0141	0.02003	0.00803	0.00191	0.0154
ACKR3	0	0.00552	0.00156	0	0
ACLY	0.19779	0.17947	0.1662	0.22881	0.09761
ACMSD	0.00533	0.03377	0.01003	0.0053	0.0025
ACO1	0.03336	0.14105	0.05544	0.0223	0.03462
ACO2	0.1525	0.26697	0.18805	0.26198	0.33675
ACOT11	0.00207	0.00641	0.01183	0	0
ACOT12	0.02711	0.20186	0.058	0.00411	0.01419
ACOT13	0.12535	0.26874	0.10767	0.15003	0.0661
ACOT2	0.03731	0.10301	0.04514	0.00203	7e-04
ACOT4	0.01394	0.0487	0.02922	0.01829	0
ACOT7	0.08037	0.14502	0.07557	0.61673	0.04044
ACOT8	0.03201	0.07406	0.00615	0.15427	0.07748
ACOT9	0.35554	0.35624	0.43473	0.38404	0.31411
ACOX1	0.14369	0.41671	0.23508	0.13661	0.13162
ACOX2	0.0246	0.11222	0.02524	0.00098	0.01205
ACOX3	0.05796	0.07353	0.01989	0.08484	0.04634
ACOXL	0.01513	0.00103	0	0.01289	0.07455
ACP1	0.13872	0.22151	0.13016	0.37977	0.23975
ACP2	0.02827	0.11508	0.21451	0.07553	0.11356
ACP5	0.01809	0.00682	0.08888	0.00504	0.01789
ACP6	0.05047	0.06051	0.02263	0.01809	0.00754
ACPP	0.00437	0.00358	0.02937	0.0016	0.00067
ACR	0	0.00634	0	0	0
ACRBP	0.00027	0.00308	0.05469	0.00102	0.0122
ACSBG1	0.00616	0.00582	0.00203	0	0
ACSF2	0.03794	0.15467	0.06417	0.05166	0.04984
ACSF3	0.03623	0.02493	0.02801	0.03074	0.0428
ACSL1	0.18194	0.73298	0.39023	0.11496	0.02218
ACSL3	0.10764	0.38974	0.21426	0.19538	0.08754
ACSL4	0.35792	1.00431	0.5398	0.30176	0.16602
ACSL5	0.15139	0.19848	0.11246	0.16376	0.11907
ACSL6	0.08634	0.10193	0.04003	0.04512	0.06194
ACSM1	0.00365	0.07378	0.02958	0	0.00298
ACSM2A	0.24247	0.93153	0.20606	0.06445	0.20291
ACSM2B	0.17916	0.90619	0.23689	0.06333	0.10059
ACSM3	0.00912	0.01682	0.00675	0.01798	0.0135
ACSM5	0.04882	0.43663	0.16581	0.02815	0.00875
ACSS1	0.1045	0.05814	0.10798	0.19826	0.29949
ACSS2	0.02054	0.27851	0.12819	0.06348	0.06549
ACSS3	0.01565	0.15541	0.02437	0.00381	0.01769
ACTA2	0.08361	0.01025	0.00015	0.10491	0.01775
ACTB	3.07406	1.62391	2.91067	3.82523	1.73148
ACTG1	2.41113	1.09744	1.84656	3.26672	1.29198
ACTG1P4	0.00038	0.00397	0.00795	0.00437	0.00083
ACTG2	0.03808	0.00336	0.00113	0.04803	0.00423
ACTL6A	0.03998	0.06723	0.05226	0.16327	0.02992
ACTL8	0.00356	0.03198	0.0591	0	0.00109
ACTN1	0.08441	0.33129	0.29272	0.07175	0.00843
ACTN2	0.0012	0.0181	0.00154	0	0
ACTN4	0.47218	0.52524	0.35295	0.60068	0.30123
ACTR10	0.12324	0.13075	0.10778	0.14306	0.07747
ACTR1A	0.30949	0.20223	0.23441	0.59321	0.31944
ACTR1B	0.11394	0.1184	0.08353	0.20371	0.08463
ACTR2	1.22726	0.53691	0.85679	1.74204	0.75344
ACTR3	0.7057	0.27434	0.73655	1.34539	0.48709
ACTR3B	0.01962	0.03074	0.01265	0.01026	0.00057
ACTR3C	0.02567	0.05676	0.01634	0.01864	0.02238
ACTR5	0.03413	0.02576	0.00472	0.00583	0.00955
ACTR6	0.10012	0.1261	0.08603	0.12923	0.07705
ACTR8	0.05451	0.05609	0.03266	0.04183	0.10218
ACTRT3	0.00105	0.03705	0.01941	0	0
ACVR1	0.02174	0.04873	0.01573	0.00452	0.0221
ACVR1B	0.03836	0.12424	0.08402	0.00878	0.00202
ACVR1C	0.00719	0.0336	0.001	0.01367	0
ACVR2A	0.01551	0.06731	0.04468	0.01752	0.00871
ACVR2B	0.02497	0.06399	0.02127	0.01593	0.02568
ACVR2B-AS1	0.00632	0.00972	0.00057	0	0.00404
ACVRL1	9e-04	0.00479	0.03602	0.00809	0
ACY3	0.00099	0.02415	0	0.06349	0.01966
ACYP1	0.03649	0.04784	0.01956	0.17716	0.02616
ACYP2	0.07988	0.09344	0.07439	0.06955	0.08125
ADA	0.16743	0.04953	0.11064	0.41945	0.18082
ADAD2	3e-04	0.00214	0.00664	0	0
ADAL	0.04967	0.11309	0.08074	0.09573	0.06884
ADAM10	0.28428	0.21532	0.27039	0.20187	0.15608
ADAM11	0.00045	0.0023	0.003	0	0
ADAM12	0.02248	0.01781	0.01859	0	0
ADAM15	0.00351	0.02943	0.03531	0.00188	0.02182
ADAM17	0.3147	0.39993	0.4721	0.45574	0.36103
ADAM19	0.04469	0.02109	0.02994	0.09978	0.18699
ADAM1A	0.00177	0.01114	0.00599	0	0.00097
ADAM20	0.012	0.00542	0.00042	0	0.00057
ADAM20P1	0.00106	0.00417	0	0	0
ADAM22	0.01457	0.0093	0.00456	0	0
ADAM23	0.00686	0.00205	0.00114	0.02018	0.00083
ADAM28	0.04527	0.00891	0.25368	0.05476	0.38133
ADAM33	0.01307	0.01463	0.02776	0.00718	0.01976
ADAM8	0.07735	0.01348	0.06973	0.02236	0.0501
ADAM9	0.00668	0.06044	0.28087	0.04078	0.0041
ADAMDEC1	0.00648	4e-04	0.04393	0	0
ADAMTS1	0.00115	0.00803	0	0	0
ADAMTS10	0.03006	0.03671	0.01219	0	0.00089
ADAMTS13	0.00518	0.02476	9e-04	0	0
ADAMTS16	0.00112	0.01803	0	0	0
ADAMTS17	0.02065	0.0242	0.0157	0.01262	0.00704
ADAMTS18	0	0.00629	0.02136	0	0.00665
ADAMTS2	0.00955	0.01658	0.05493	0.02187	0.0196
ADAMTS20	0	0.00417	0.00276	0	0
ADAMTS3	0.00256	0.00712	0.00234	0.00057	0.00609
ADAMTS4	0.02317	0.01118	0.00614	0.00342	0.01318
ADAMTS5	0	0.00772	0.00462	0	0.00997
ADAMTS6	0.02667	0.01395	0.00949	0	0.01733
ADAMTS7	0	0.00221	0.00237	0.00307	0.007
ADAMTS9	0.00402	0.06134	0.00168	0.00175	0.00738
ADAMTSL2	0.00339	0.05732	0.01588	0.01353	0.0042
ADAMTSL3	0.01728	0.10547	0.04018	0.00244	0.00689
ADAMTSL4	0.00891	0.03715	0.03562	0.01062	0.01019
ADAMTSL4-AS1	0.01424	0.00299	0.05196	0.0133	0.07644
ADAMTSL5	3e-04	0.01452	0.00085	0.00164	0.00252
ADAP1	0.01302	0.00477	0.03559	0.09062	0.0243
ADAP2	0.04808	0.07434	1.11776	0.00756	0.01955
ADAR	0.80515	0.6988	0.67519	0.92649	0.62608
ADARB1	0.14645	0.01904	0.00969	0.09067	0.02784
ADARB2	0.00028	0.00257	0	0.00553	0.00033
ADAT1	0.60545	0.60502	0.54401	0.49051	0.49459
ADAT2	0.22544	0.14809	0.09878	0.25649	0.11504
ADAT3	0.01249	0.02301	0.00824	0.05393	0.01875
ADCK1	0.01863	0.04736	0.04047	0.03067	0.00477
ADCK2	0.0434	0.06256	0.0918	0.01849	0.02228
ADCK5	0.06005	0.07743	0.05195	0.0467	0.02455
ADCY1	0.19733	0.24054	0.22827	0.1428	0.17429
ADCY10	0	0.02039	0.00116	0	9e-04
ADCY10P1	0.00217	0.01619	0.00818	0.00048	0.00985
ADCY2	0.03314	0.0173	0.05633	0.02139	0.06504
ADCY3	0.06043	0.0059	0.04708	0.04499	0.03797
ADCY5	0.00137	0.00875	0.00598	0	0
ADCY6	0.01468	0.08588	0.02962	0.00113	0.00529
ADCY7	0.11433	0.01115	0.13518	0.14897	0.0342
ADCY9	0.01175	0.05814	0.02898	0	0.0031
ADD1	0.33278	0.37651	0.2451	0.4538	0.35241
ADD3	0.44073	0.27118	0.19122	0.52338	0.37786
ADH1A	0.16771	0.70098	0.21757	0.11196	0.05717
ADH1B	0.44536	1.41703	0.54866	0.19535	0.17015
ADH1C	0.04106	0.27279	0.08456	0.06384	0.01414
ADH4	0.15624	0.79847	0.17172	0.05097	0.07415
ADH5	0.20401	0.37625	0.14537	0.14093	0.09581
ADH6	0.1348	0.53984	0.14337	0.02602	0.05806
ADHFE1	0.07467	0.13126	0.02376	0.0118	0.02046
ADI1	0.28215	1.02229	0.53377	0.35511	0.34908
ADIPOQ	0.00164	0.00717	0.00824	0.00243	0.00331
ADIPOQ-AS1	0.08704	0.10743	0.11548	0.04136	0.09518
ADIPOR1	0.09456	0.23383	0.20037	0.16226	0.303
ADIPOR2	0.15847	0.32044	0.19901	0.2284	0.08673
ADIRF	0.00252	0.05311	0.00518	0.00044	0
ADK	0.08326	0.21161	0.07607	0.09166	0.10289
ADM	0.00574	0.08043	0.17378	0.03803	0.021
ADM2	0.23657	0.36498	0.24204	0.16927	0.32165
ADM5	0.00024	0.00368	0.01281	0.00399	0
ADNP	0.24058	0.29585	0.16123	0.30563	0.25227
ADNP2	0.07139	0.11044	0.06439	0.07574	0.04156
ADO	0.04427	0.0332	0.01888	0.0967	0.02173
ADORA1	0	0.0057	0	0	0
ADORA2A-AS1	0.03322	0.17713	0.03945	0.02021	0.02992
ADORA2B	0.01148	0.01201	0.01078	0.00709	0.01004
TMIGD3	0	0.00115	0.05142	0.01428	0
ADPGK	0.0427	0.05716	0.1356	0.06791	0.08816
ADPRH	0.02514	0.01191	0.08497	0.06624	0.03541
ADPRHL1	0.00728	0.00906	0	0	0
ADPRHL2	0.08201	0.07032	0.09736	0.18319	0.0943
ADPRM	0.02417	0.01656	0.02782	0.0289	0.006
ADRA1A	0.0044	0.09833	0.00561	0.00574	0.0148
ADRA1B	0.00605	0.00724	0	0.00043	0.01634
ADRA1D	0	0.00167	0	0	0
ADRA2A	0	0.00323	0.00095	0	0
ADRA2C	0.00511	0.00812	0.00387	0	0
ADRB2	0.03351	0.02181	0.03014	0.02494	0.08213
ADRM1	0.06169	0.10491	0.08926	0.09482	0.05184
ADSL	0.17914	0.21175	0.15937	0.54839	0.17611
ADSS	0.17831	0.11001	0.1245	0.33891	0.12483
ADSSL1	0.01274	0.05654	0.05173	0.01151	0
AEBP1	0.01194	0.01134	2e-04	0	0.12767
AEBP2	0.11605	0.07107	0.09755	0.20923	0.11285
AEN	0.05155	0.03235	0.01222	0.17781	0.09592
AES	0.74442	0.29971	0.38739	0.9263	0.46874
AFAP1	0.01206	0.03295	0.03233	0.01329	0.00606
AFAP1-AS1	0	0.00938	0.00352	3e-04	0.00162
AFAP1L1	0.23701	0.28698	0.27382	0.18887	0.22212
AFAP1L2	0.06764	0.00379	0	0.03558	0.02308
AFF1	0.20896	0.19331	0.26657	0.24145	0.26101
AFF2	0.00672	0.01273	0.00227	0.02205	0
AFF3	0.03871	0.10677	0.08758	0.07213	0.02558
AFF4	0.40656	0.42052	0.47039	0.32154	0.40173
AFG3L1P	0.03445	0.07321	0.07937	0.14619	0.04433
AFG3L2	0.12992	0.30928	0.21175	0.17903	0.06519
AFM	0.13095	0.77949	0.21655	0.04129	0.06594
AFMID	0.02777	0.23775	0.06455	0.02136	0.03077
AFP	0.00517	0.04992	0.01136	0	0
AFTPH	0.3668	0.31223	0.25329	0.53089	0.55603
AGA	0.07341	0.06455	0.02152	0.10548	0.15348
AGAP1	0.0527	0.12127	0.05827	0.02777	0.05691
AL136982.1	0.00346	0.00349	0.0055	0	0.00899
AGAP2	0.10953	0.0064	0.00737	0.16742	0.07693
AGAP3	0.09502	0.22918	0.2317	0.02876	0.04729
AGAP4	0.00439	0.01164	0.01833	0.00043	0.00119
AGAP5	0.01079	0.02742	0.02143	0.0013	0.03345
AGAP6	0.03431	0.05494	0.04076	0.01133	0.05726
AGBL2	0.01073	0.03681	0.01056	0.01772	0.00196
AGBL3	0.01147	0.01897	0.00116	0.00978	0.00149
AGBL4	0.0011	0.00694	0.00334	0	0
AGBL5	0.03768	0.09445	0.05035	0.11583	0.01041
AGER	0.00809	0.01345	0.01858	0.04118	0.02448
AGFG1	0.25248	0.22923	0.20189	0.29703	0.08253
AGFG2	0.11117	0.28653	0.09896	0.10073	0.02717
AGGF1	0.18646	0.16142	0.16022	0.35986	0.23766
AGK	0.05925	0.02399	0.00581	0.0506	0.01615
AGL	0.27424	0.29357	0.13748	0.15689	0.11414
AGMAT	0.39435	0.7108	0.5646	0.27704	0.31851
AGMO	0.16205	0.27069	0.17113	0.09565	0.21215
AGO1	0.14388	0.14424	0.14813	0.16222	0.07314
AGO2	0.13241	0.0677	0.03611	0.15108	0.09311
AGO3	0.0361	0.06799	0.07505	0.13818	0.05345
AGO4	0.0915	0.12854	0.15522	0.05616	0.06375
AGPAT1	0.11289	0.19753	0.11879	0.17432	0.09837
AGPAT2	0.06091	0.14307	0.16132	0.06097	0.092
AGPAT3	0.27132	0.30924	0.19642	0.36279	0.19774
AGPAT4	0.01895	0.04983	0.03673	0.00056	0
AGPAT5	0.07	0.07057	0.07944	0.17877	0.1131
AGPS	0.08493	0.24998	0.22963	0.21072	0.09656
AGRN	0.02555	0.08215	0.07885	0.00056	0.00296
AGT	0.40144	2.06203	0.79196	0.06179	0.04253
AGTPBP1	0.18094	0.04553	0.07656	0.30156	0.08615
AGTR1	0.00163	0.04556	0.00864	0	0
AGTRAP	0.2041	0.08879	0.10925	0.18052	0.13189
AGXT	0.30143	0.97499	0.47626	0.07741	0.08592
AGXT2	0.01723	0.03209	0.00732	0	0
AHCTF1	0.16739	0.2333	0.14891	0.25513	0.17329
AHCTF1P1	0	0.00907	0.00052	0	8e-04
AHCY	0.11575	0.60932	0.26546	0.50326	0.25992
AHCYL1	0.36013	0.58738	0.41871	0.40475	0.24702
AHCYL2	0.05407	0.0663	0.02259	0.04037	0.03687
AHDC1	0.02911	0.04163	0.04957	0.00031	0.00973
AHI1	0.2331	0.3746	0.1705	0.57219	0.39853
AHNAK	1.25469	1.35972	1.57352	0.88777	0.65553
AHNAK2	0.01881	0.03664	0.02734	0	0
AHR	0.26952	0.39383	0.42202	0.16223	0.09645
AHRR	0.002	0.00544	0.00436	0	0.00372
AHSA1	0.17798	0.15316	0.20149	0.21607	0.13399
AHSA2P	0.14253	0.40619	0.25646	0.12891	0.13513
AHSG	0.85389	3.30225	1.94898	0.27152	0.10416
AICDA	0.12318	0.13184	0.14252	0.20561	0.1516
AIDA	0.23497	0.25439	0.27693	0.17228	0.1554
AIF1	0.15178	0.05903	1.63945	0.38636	0.07116
AIFM1	0.09311	0.23468	0.16529	0.25318	0.07395
AIFM2	0.03788	0.13296	0.07716	0.09095	0.03871
AIFM3	0.00239	0.02462	0.01004	0	0
AIG1	0.04853	0.62603	0.15339	0.05536	0.07212
CRYBG1	0.36966	0.11327	0.18736	0.38424	0.15275
CRYBG2	0	0.03698	0.00277	0	0
AIM2	0.04751	0.00643	0.01288	0.20446	0.24528
AIMP1	0.30947	0.24823	0.2482	0.62625	0.27014
AIMP2	0.06498	0.13579	0.08099	0.25041	0.03581
AIP	0.25483	0.08603	0.07007	0.44625	0.16656
AIPL1	0.12157	0.12052	0.16355	0.1535	0.10146
AIRE	0.02556	0.02458	0.02466	0.01573	0.02606
AJAP1	0	0.00104	0	0	0
AJUBA	0.02068	0.14255	0.01192	0.01078	0.00783
AK1	0.44032	0.49328	0.4323	0.33064	0.40568
AK2	0.23604	0.42794	0.25746	0.58358	0.16831
AK3	0.51043	0.67629	0.49786	0.38955	0.52068
AK4	0.12854	0.70928	0.34198	0.02369	0.02836
AK7	0	0.00432	0	0	0
AK9	0.03473	0.0497	0.03852	0.04022	0.10156
AKAP1	0.06404	0.31151	0.13167	0.07342	0.0635
AKAP10	0.1725	0.07989	0.12433	0.19304	0.15387
AKAP11	0.22192	0.18845	0.23585	0.42567	0.15955
AKAP12	0.0321	0.06019	0.00798	0.00467	0.01054
AKAP13	1.26492	0.421	0.73312	1.15752	1.00107
AKAP5	0.52573	0.20487	0.21171	0.39768	0.28427
AKAP6	0	0.01757	0.02039	0.00396	0.00284
AKAP7	0.09552	0.07571	0.091	0.04984	0.02391
AKAP8	0.14297	0.16234	0.17633	0.39865	0.19318
AKAP8L	0.18359	0.13615	0.12591	0.12203	0.14889
AKAP9	1.0315	0.92908	1.1635	1.18912	1.55812
AKIP1	0.06497	0.09489	0.08516	0.02809	0.03744
AKIRIN1	0.20075	0.24209	0.29458	0.24972	0.16988
AKIRIN2	0.1756	0.14037	0.13176	0.12918	0.11313
AKNA	0.57449	0.04737	0.11466	0.49377	0.2717
AKR1A1	0.26988	0.71717	0.56527	0.57652	0.77691
AKR1B1	0.15635	0.07092	0.17491	0.42805	0.43976
AKR1B10	0.33287	0.77523	0.60488	0.0531	0.07727
AKR1B15	0	0.00712	0.00189	0	0
AKR1C1	0.43492	1.68647	0.93667	0.10042	0.0303
AKR1C2	0.36614	1.62321	0.94201	0.12334	0.07108
AKR1C3	0.16592	1.02783	0.34186	0.04954	0.02499
AKR1C4	0.11124	0.37301	0.18327	0.00962	0.01682
AKR1C6P	0.0073	0.0145	0.00489	0.00244	0.00839
AKR1D1	0.16103	0.17845	0.23788	0.07953	0.12467
AKR1E2	0	0.00424	0	0	0.00131
AKR7A2	0.21019	0.37621	0.26132	0.28625	0.1051
AKR7A3	0.00693	0.03962	0.01142	0.02171	0.01569
AKR7L	0.00358	0.05221	0.03537	5e-04	0.00171
AKT1	0.07647	0.08008	0.06846	0.1072	0.03305
AKT1S1	0.04561	0.04459	0.10487	0.00377	0.03603
AKT2	0.07588	0.14792	0.09728	0.12236	0.0906
AKT3	0.08244	0.01919	0.03125	0.01661	0.04563
AKTIP	0.06828	0.0285	0.0162	0.05616	0.01984
ALAD	0.06663	0.17737	0.06012	0.05944	0.05478
ALAS1	0.13232	0.26344	0.11384	0.13036	0.11662
ALB	1.77227	4.82945	3.82535	0.77389	0.38591
ALCAM	0.11363	0.64428	0.50601	0.16994	0.26427
ALDH16A1	0.05811	0.11362	0.12394	0.20897	0.12199
ALDH18A1	0.02626	0.05417	0.02106	0.05255	0.09857
ALDH1A1	0.38672	1.48045	0.73319	0.08711	0.06847
ALDH1A2	0.00075	0.00394	0.00555	0	0
ALDH1B1	0.07263	0.13007	0.10484	0.00776	0.05311
ALDH1L1	0.33891	1.14674	0.44221	0.16199	0.20536
ALDH1L1-AS1	0.00136	0.00508	0	0	0.00082
ALDH1L1-AS2	0	0.00564	0.00156	0	0
ALDH1L2	0.01304	0.0071	0.00064	0.0391	0.12536
ALDH2	0.15824	0.93152	0.47069	0.13255	0.10042
ALDH3A1	0.0036	0.03105	6e-04	0.02757	0.02974
ALDH3A2	0.28268	0.91964	0.33564	0.23181	0.18823
ALDH3B1	0.07579	0.17098	0.44112	0.11167	0.09826
ALDH4A1	0.07224	0.3033	0.1411	0.03415	0.03204
ALDH5A1	0.26621	0.46197	0.32877	0.23343	0.28321
ALDH6A1	0.15548	0.58364	0.28322	0.045	0.13951
ALDH7A1	0.11512	0.57232	0.23337	0.03147	0.02579
ALDH8A1	0.06142	0.14817	0.07375	0.05719	0.06807
ALDH9A1	0.21162	0.30618	0.15953	0.16508	0.15242
ALDOA	0.84731	0.63273	1.00084	1.44295	0.59822
ALDOB	0.35946	1.48622	0.55513	0.09533	0.11908
ALDOC	0.08869	0.24697	0.10238	0.0749	0.05635
ALG1	0.27532	0.33729	0.31345	0.25069	0.28744
ALG10	0.01044	0.00745	0.00147	0.01124	0.00554
ALG10B	0.03777	0.04739	0.02485	0.0827	0.01774
ALG11	0.06887	0.04852	0.02757	0.06352	0.07722
ALG12	0.06611	0.07904	0.03805	0.07873	0.04203
ALG13	0.2079	0.12808	0.13569	0.27739	0.22494
ALG14	0.00966	0.05812	0.01664	0.01511	0.07713
ALG1L	0.00882	0.0421	0.00382	0	0.00293
ALG1L9P	0.07002	0.08122	0.08586	0.07559	0.11978
ALG2	0.08385	0.07381	0.08156	0.05458	0.16434
ALG3	0.06992	0.30361	0.15653	0.20781	0.3215
ALG5	0.06123	0.13648	0.12963	0.17717	0.28558
ALG6	0.06589	0.07484	0.04773	0.01669	0.03528
ALG8	0.09939	0.24639	0.10746	0.20607	0.13637
ALG9	0.0447	0.10984	0.04963	0.13658	0.161
ALKBH1	0.00611	0.01475	0.00221	0.0098	0.00597
ALKBH2	0.0227	0.07342	0.02704	0.02931	0.0074
ALKBH3	0.02755	0.05287	0.05424	0.18187	0.17278
ALKBH4	0.11517	0.14618	0.09783	0.12993	0.08646
ALKBH5	0.09234	0.09499	0.08072	0.1213	0.11141
ALKBH6	0.06133	0.03637	0.01723	0.02473	0.01883
ALKBH7	0.19354	0.21972	0.22172	0.34325	0.36089
ALKBH8	0.00708	0.03038	0.02878	0.05146	0.00893
ALMS1	0.1142	0.1381	0.06197	0.17972	0.08948
ALMS1-IT1	0.027	0.0329	0.03509	0.02831	0.02244
ALOX12P2	0.01734	0.02118	0.00467	0	0.00375
ALOX15	0.00211	0.00071	0.00642	0.00085	0.00403
ALOX5	0.00165	0.00217	0.10436	0.03002	0.0268
ALOX5AP	0.62944	0.0102	0.08149	0.50757	0.16163
ALPK1	0.04941	0.04283	0.13704	0.04718	0.03779
ALPK2	0.00628	0.05037	0.02843	0.00086	0.00457
ALPK3	0.00012	0.00921	0.02023	0	0.00219
ALPL	0	0.01629	0.01093	0	0.00197
ALPP	0.03699	0.01944	0.02439	0.00979	0.02525
ALS2	0.04883	0.1354	0.0604	0.0434	0.02079
ALS2CL	0.01264	0.11322	0.0247	0.00275	0.0056
C2CD6	0.00296	0.00258	0.00332	0	0
ALS2CR12	0.00213	0.02811	0.03139	0.00202	0.02589
ALX1	0	0.01173	0.00094	0	0
ALYREF	0.05197	0.05796	0.0567	0.18798	0.03761
AMACR	0.00602	0.01189	0.00469	0	0
AMBP	0.73433	2.96703	1.59633	0.19408	0.22255
AMBRA1	0.06246	0.09625	0.04988	0.07758	0.03433
AMD1	0.38305	0.21063	0.34059	0.47559	0.23983
AMDHD1	0.01258	0.1135	0.01709	0.00073	8e-04
AMDHD2	0.03031	0.05252	0.2623	0.14522	0.06361
AMER1	0.01349	0.035	0.0088	0.04017	0.01271
AMER2	0.00085	0.00061	0.00209	0.00835	0.01451
AMER3	0.00603	0.00435	5e-04	0.00787	0.00537
AMFR	0.09336	0.1648	0.07575	0.0776	0.09133
AMIGO1	0	0.00536	0	0	0
AMIGO2	0.07505	0.0053	0.0019	0.02834	0.02508
AMIGO3	0.00115	0.00654	0.00501	0	0.0128
AMMECR1	0.10168	0.04712	0.0677	0.0323	0.0413
AMMECR1L	0.08269	0.05774	0.04556	0.07861	0.05934
AMN	0.00576	0.03393	0.0078	0	0.00032
AMN1	0.02318	0.0289	0.01887	0.00937	0.01038
AMOT	0.00229	0.01314	0.00451	0.01716	0.00713
AMOTL1	0.01012	0.05187	0.02449	0	0.00435
AMOTL2	0.00166	0.06854	0.02281	0.00933	0
AMPD1	0	0.00021	0	0	0.05739
AMPD2	0.04635	0.1328	0.11009	0.11325	0.03828
AMPD3	0.03277	0.01631	0.14869	0.05748	0.04175
AMT	0.03984	0.1823	0.05432	0.02356	0.02546
AMY2B	0.01755	0.04262	0.03433	0.00982	0.01505
AMZ1	0.02222	0.02666	0.03406	0.01257	0.02301
AMZ2	0.21071	0.12235	0.09663	0.4016	0.12738
AMZ2P1	0.04304	0.03005	0.06901	0.039	0.03469
ANAPC1	0.06947	0.10219	0.08314	0.19772	0.0695
ANAPC10	0.02203	0.02208	0.00752	0.02633	0.03122
ANAPC11	0.35868	0.44566	0.28312	1.24128	0.41055
ANAPC13	0.06266	0.1256	0.11861	0.14117	0.08764
ANAPC15	0.13218	0.08936	0.07486	0.42692	0.08951
ANAPC16	0.99927	0.67515	0.58667	1.0349	1.05329
ANAPC1P1	0.00996	0.00161	0	0.00903	0.00428
ANAPC2	0.00784	0.00222	0	0.00638	0.00016
ANAPC4	0.1549	0.12412	0.13034	0.20857	0.12224
ANAPC5	0.27773	0.40538	0.25262	0.50296	0.52713
ANAPC7	0.21605	0.24329	0.1724	0.31039	0.13472
ANG	0.03642	0.31043	0.07573	0.03801	0.04216
ANGEL1	0.02067	0.06043	0.04774	0.00244	0.02929
ANGEL2	0.09529	0.12202	0.07475	0.25146	0.11734
ANGPT1	0.01473	0.02469	0.02241	0.00413	0
ANGPT2	0.08786	0.07518	0.07163	0.0418	0.09613
ANGPT4	0.00212	0.00324	0.00056	0.00278	0.00122
ANGPTL1	0.0026	0.00299	0.00554	0	0
ANGPTL2	0	0.01093	0	0	0
ANGPTL3	0.11557	0.88844	0.2095	0.07418	0.05215
ANGPTL4	0.01035	0.08343	0.05668	0.0019	0.01157
ANGPTL6	0.00038	0.00639	0.00438	0.05326	0.0329
ANK2	0.01208	0.062	0.04255	0	0.00187
ANK3	0.0347	0.05897	0.01796	0.05144	0.02727
ANKAR	0.02928	0.03213	0.0256	0.00175	0.03507
ANKDD1A	0.01183	0.00319	0.01047	0	0.04196
ANKEF1	0.00708	0.02037	0.02104	0.00287	0.01585
ANKFY1	0.09124	0.04928	0.07778	0.09893	0.04037
ANKH	0.21014	0.40567	0.42613	0.19729	0.12373
ANKHD1	0.13256	0.1589	0.12242	0.17766	0.13182
ANKIB1	0.30783	0.18896	0.1723	0.20625	0.26594
ANKK1	0.00908	0.00998	0.01294	0.0066	0.00962
ANKLE1	0.06151	0.08052	0.07107	0.09455	0.06971
ANKLE2	0.22146	0.16084	0.12389	0.35184	0.12275
ANKMY1	0.0226	0.03186	0.02231	0	0.0222
ANKMY2	0.02726	0.07698	0.05668	0.09085	0.07559
ANKRA2	0.13175	0.11335	0.09037	0.06106	0.09404
ANKRD1	0.01387	0.04253	0.02949	0.00353	0
ANKRD10	0.18687	0.15387	0.18757	0.2185	0.15808
ANKRD11	0.89077	0.55711	0.61616	0.87796	0.8039
ANKRD12	1.61019	1.04216	1.31074	1.36522	1.93499
ANKRD13A	0.18712	0.15819	0.12316	0.42438	0.34498
ANKRD13B	0.01199	0.00806	0.00047	0.00167	0.0067
ANKRD13C	0.1317	0.09249	0.0391	0.10601	0.09739
ANKRD13D	0.09173	0.05178	0.16743	0.14657	0.03568
ANKRD16	0.23197	0.31536	0.24573	0.19014	0.33785
ANKRD17	0.48035	0.3121	0.48558	0.54349	0.46944
ANKRD18A	0.00619	0.05118	0.00267	0.00067	0.00709
ANKRD18B	0.00034	0.00216	0	0	0.00156
ANKRD18CP	0.00289	0.02362	3e-04	0.00319	0.00689
ANKRD18DP	0	0.00261	0	0	0
ANKRD20A11P	0.00326	0.0023	0.00177	0.01287	0.06236
ANKRD20A19P	0.0022	0.00115	0	0.00033	0.00203
ANKRD20A4	0.00647	0.00997	0.00359	0.01548	0.00585
ANKRD20A5P	0.07295	0.03209	0.00981	0.02758	0.13045
ANKRD20A8P	0.02126	0.0328	0.00619	0.02594	0.00076
ANKRD20A9P	0.03833	0.03284	0.01028	0.05063	0.11332
ANKRD22	0.02651	0.03613	0.17074	0.01374	0.03206
ANKRD23	0.03887	0.03581	0.01185	0.00139	0.03061
ANKRD24	0.0029	0.01162	0.02282	0.00523	0.00081
ANKRD26	0.15088	0.30568	0.24212	0.29952	0.13425
ANKRD26P1	0.00033	0.01064	0.00084	0.00056	0.00042
ANKRD27	0.14827	0.0719	0.0457	0.01715	0.02131
ANKRD28	0.07163	0.11018	0.06514	0.1201	0.34352
ANKRD29	0.00389	0.02307	0.01013	0	0.00097
ANKRD30A	0.00084	0.02539	0.00137	0.00056	0.00373
ANKRD30B	0	0.00067	0	0	0.00615
ANKRD30BL	0.06095	0.05539	0.03017	0.03281	0.0724
ANKRD30BP2	0.06138	0.10098	0.08906	0.0823	0.16548
ANKRD31	0.0035	0.00261	0	0.00093	0.00025
ANKRD33	0.00075	0.00568	0.00067	0	0
ANKRD33B	0.00416	0.01268	0.01107	0.043	0.0046
ANKRD34A	0.00803	0.00196	0	0.01044	0.00779
ANKRD35	0.07107	0.03523	0.01099	0.08963	0.00679
ANKRD36	0.31983	0.27011	0.23024	0.4465	0.53199
ANKRD36B	0.27295	0.23843	0.22009	0.30098	0.49993
ANKRD36BP1	0.00113	0.0052	0.00187	0	0
ANKRD36BP2	0.05426	0.01715	0.00532	0.0776	1.28491
ANKRD36C	0.54324	0.27165	0.4111	0.87407	0.85005
ANKRD37	0.03278	0.0251	0.03221	0.04252	0.11176
ANKRD39	0.06722	0.07013	0.02519	0.10901	0.0757
ANKRD40	0.08626	0.10266	0.08424	0.13869	0.04135
ANKRD42	0.08394	0.05098	0.04691	0.02328	0.08059
ANKRD44	0.46481	0.05144	0.17303	0.47519	0.32493
ANKRD44-IT1	0.05568	0.00581	0.02014	0.03484	0.03535
ANKRD45	0.06184	0.10934	0.06602	0.05025	0.07653
ANKRD46	0.02857	0.04823	0.03354	0.02095	0.01501
ANKRD49	0.18118	0.17669	0.12632	0.15856	0.31803
ANKRD50	0.00379	0.07089	0.04461	0.01502	0.00422
ANKRD52	0.08038	0.11473	0.0541	0.13268	0.08112
ANKRD53	0.00144	0.00226	0.00888	0	0.02082
ANKRD54	0.02638	0.06574	0.04152	0.06728	0.01971
ANKRD6	0.00241	0.07055	0.02925	0	0.00502
ANKRD60	0.00906	0.00364	0.0012	0	0.00495
ANKRD62	0.09119	0.10422	0.10801	0.07869	0.06676
ANKRD62P1-PARP4P3	0	0.0022	0	0	0
ANKRD65	0.02208	0.07858	0.01504	0.01418	0.00547
ANKRD9	0.01167	0.03384	0.0327	0.00033	0
ANKS1A	0.03808	0.08697	0.16931	0.11034	0.05545
ANKS1B	0.00954	0.00912	0	0.04167	0.00052
ANKS3	0.0432	0.04184	0.01318	0.09434	0.02142
ANKS4B	0.00865	0.04881	0.01474	0.00263	0.00599
ANKS6	0.01151	0.03052	0.02942	0.00433	0.01536
ANKZF1	0.21421	0.38867	0.20559	0.15946	0.23227
ANLN	0.0219	0.03881	0.02092	0.56535	0.02018
ANO1	0.01745	0.03564	0.01277	0	0.00031
ANO10	0.02314	0.11523	0.12591	0.00892	0.02864
ANO3	0.00049	0.00733	0.00105	0	0
ANO5	0.00425	0.04151	0.0193	0.00083	0
ANO6	0.15885	0.33764	0.26517	0.11374	0.04099
ANO7	0.00528	0.02047	0.00309	0.00119	0.00219
ANO8	0.01802	0.01483	0.01229	0.01846	0.01418
ANO9	0.18331	0.09058	0.05552	0.10176	0.10073
ANP32A	0.26049	0.2948	0.43338	0.63512	0.23431
ANP32AP1	0.00505	0.001	0.00204	0.00514	0.00036
ANP32B	0.64532	0.30611	0.95837	1.68152	0.61571
ANP32C	0	0.00015	0.00276	0.00084	0
ANP32E	0.37634	0.26869	0.25492	1.41137	0.25864
ANPEP	0.07393	0.37203	0.19896	0.04732	0.00063
ANTXR1	0	0.0047	0.0112	0	0
ANTXR2	0.07724	0.04677	0.06262	0.01859	0.04406
ANTXRLP1	0.03989	0.00449	0.00096	0	0.00245
ANXA1	0.30902	0.01415	0.52893	0.29317	0.05833
ANXA10	0.00495	0.03261	0.02725	0	3e-04
ANXA11	0.45289	0.32228	0.29538	0.58272	0.22822
ANXA13	0.00073	0.0048	0.00137	0	0
ANXA2	0.24728	0.6793	0.87243	0.69352	0.18796
ANXA2P1	0.00055	0.00105	0	0.00068	0
ANXA2P2	0.03997	0.04634	0.03905	0.01264	0.03234
ANXA2P3	0.03674	0.13941	0.22257	0.10025	0.03693
ANXA2R	0.10761	0.0219	0.00496	0.07973	0.03722
ANXA4	0.04962	0.20726	0.13823	0.0578	0.06168
ANXA5	0.2199	0.24177	0.73788	0.84647	0.3912
ANXA6	0.45441	0.25723	0.16219	0.73302	0.50873
ANXA7	0.18782	0.39047	0.2121	0.32552	0.15098
ANXA9	0.00842	0.16016	0.06955	0.00087	0.00103
AOAH	0.3336	0.01076	0.35205	0.17604	0.08257
AOC2	0	0.00552	0.00612	0.0024	0
AOC3	0.00524	0.00537	0.00163	0	0
AOC4P	0.01302	0.02941	0.02534	0.0058	0.02354
AOX1	0.1204	0.82188	0.11814	0.06228	0.06402
AP1AR	0.09895	0.11526	0.11883	0.04019	0.02659
AP1B1	0.17	0.212	0.60358	0.39558	0.23995
AP1G1	0.3338	0.20403	0.24356	0.39073	0.3029
AP1G2	0.27851	0.09406	0.07183	0.35792	0.26747
AP1M1	0.15851	0.17677	0.15132	0.29177	0.08748
AP1M2	0.01192	0.07537	0.00461	0	0
AP1S1	0.00304	0.01614	0.01991	0.00655	0
AP1S2	0.12893	0.02161	0.28179	0.21343	0.04459
AP1S3	0.32209	0.35593	0.40202	0.36715	0.38909
AP2A1	0.05764	0.05099	0.03172	0.05694	0.01573
AP2A2	0.1363	0.23145	0.5281	0.20002	0.12544
AP2B1	0.25182	0.13014	0.14159	0.44093	0.17933
AP2M1	0.36846	0.46292	0.47687	0.74362	0.36037
AP2S1	0.36863	0.40511	0.71228	0.86635	0.41136
AP3B1	0.30574	0.21016	0.43029	0.55373	0.30785
AP3D1	0.42949	0.70282	0.55011	0.66049	0.58612
AP3M1	0.26843	0.30111	0.32646	0.24472	0.26541
AP3M2	0.09038	0.06933	0.06702	0.05888	0.04403
AP3S1	0.19564	0.23964	0.154	0.16045	0.27706
AP3S2	3e-04	0.00128	0	0	0.00604
AP4B1	0.08161	0.04782	0.07187	0.11104	0.04878
AP4B1-AS1	0.08681	0.07391	0.10885	0.04038	0.06241
AP4E1	0.13485	0.14059	0.14045	0.06902	0.19173
AP4M1	0.025	0.03919	0.00302	0.05782	0.05855
AP4S1	0.17534	0.22437	0.21088	0.11072	0.20001
AP5B1	0.14714	0.18324	0.1642	0.19146	0.12856
AP5M1	0.041	0.06166	0.06057	0.04402	0.03424
AP5S1	0.0689	0.09377	0.1971	0.2481	0.08466
AP5Z1	0.07527	0.09789	0.08209	0.06326	0.051
APAF1	0.04485	0.06223	0.1579	0.21799	0.08553
APBA1	0.00116	0.01804	0.02171	0.00275	0.01355
APBA2	0.02705	0.00663	0	0.03344	0.01538
APBA3	0.03903	0.03891	0.06123	0.05767	0.05764
APBB1	0.11433	0.07794	0.01081	0.04647	0.00237
APBB1IP	0.5098	0.09492	0.31623	0.54616	0.22227
APBB2	0.01348	0.182	0.02225	0.02221	0.00106
APBB3	0.03755	0.21874	0.1021	0.13464	0.08783
APC	0.3003	0.22968	0.25338	0.31053	0.18271
APCDD1	0	0.01689	0	0.01642	0
APCS	0.17647	1.07436	0.35941	0.06101	0.02737
APEH	0.19546	0.28377	0.13093	0.35185	0.18213
APEX1	0.09821	0.20697	0.16935	0.18593	0.10226
APEX2	0.04164	0.05195	0.04432	0.09202	0.01507
APH1A	0.10289	0.14994	0.1899	0.07891	0.04957
APH1B	0.03116	0.03075	0.06162	0.00558	0.04825
API5	0.15335	0.18652	0.09228	0.35338	0.12942
APIP	0.09637	0.13198	0.13033	0.08736	0.05634
APLF	0.01055	0.0491	0.01961	0.00367	0.04436
APLN	0.00248	0.00494	0.00337	0	0
APLNR	0	0.00469	5e-04	0	0
APLP1	0.01073	0.02542	0.01999	0.00135	0.01482
APLP2	0.26042	1.00443	0.9835	0.19083	0.15488
APMAP	0.39934	0.65313	0.34583	0.27376	0.20753
APOA1	0.89036	2.78457	1.63427	0.33236	0.30484
APOA1-AS	0.00037	0.00434	0.00226	0.00105	0.00512
APOA2	1.90571	5.57148	3.70853	0.90748	0.80282
APOA4	0.00933	0.00506	0	0	0.025
APOA5	0.0316	0.17095	0.04456	0.00383	0.00566
APOB	1.17558	3.62041	1.83796	0.43942	0.48026
APOBEC3A	0.0519	0.05142	0.06557	0.0556	0.05463
APOBEC3B	0	0.00173	0	0.00062	0
APOBEC3B-AS1	0.00323	0.0022	0	0	0.00881
APOBEC3C	0.31914	0.02504	0.07689	0.63177	0.33639
APOBEC3D	0.12495	0.01058	0.02976	0.13296	0.08344
APOBEC3F	0.13259	0.04613	0.05088	0.19595	0.17806
APOBEC3G	0.30598	0.01294	0.03672	0.27694	0.08774
APOBEC3H	0.03499	0.003	0.00843	0.04452	0.03366
APOBR	0.10315	0.01613	0.15989	0.11951	0.02007
APOC1	0.81678	2.92093	2.14626	0.40363	0.27324
APOC1P1	0.02162	0.08492	0.03338	0.01175	0.00739
APOC3	0.73958	2.14894	1.286	0.30846	0.22934
APOD	0.00218	0.01393	0.01455	0	0
APOE	1.22329	3.70603	2.85632	0.4323	0.42571
APOF	0.00918	0.03208	0.0077	0.00083	0.00363
APOH	0.61775	2.76856	1.27483	0.23961	0.14588
APOL1	0.29801	0.52117	0.38954	0.24574	0.54465
APOL2	0.24896	0.23279	0.21978	0.39395	0.47751
APOL3	0.2999	0.08302	0.16964	0.43805	0.3044
APOL4	0.03917	0.03261	0.03637	0.00862	0.01427
APOL5	0	0.00257	0	0.00102	0
APOL6	0.89611	0.50839	0.45791	0.7078	1.01916
APOLD1	0.1699	0.04617	0.0484	0.45173	0.13297
APOM	0.05294	0.47193	0.16749	0.00995	0.01865
APOO	0.03886	0.04519	0.04946	0.09334	0.01029
APOOL	0.21201	0.26872	0.17134	0.17642	0.19395
APOPT1	0.28288	0.23908	0.1809	0.29042	0.24686
APP	0.08174	0.28872	0.14915	0.02151	0.01838
APPBP2	0.07634	0.11293	0.10538	0.09712	0.05204
APPL1	0.19842	0.27505	0.29988	0.21221	0.15988
APPL2	0.10209	0.10717	0.19645	0.07174	0.08961
APRT	0.85951	0.47368	0.45062	1.05708	0.66299
APTX	0.08381	0.08099	0.04946	0.16513	0.11421
AQP1	0.00088	0.00922	0	0	0
AQP11	0.0155	0.05485	0.00728	0.00037	0
AQP3	0.02413	0.03366	0.02043	0.03759	0.09916
AQP4-AS1	0.00145	0.00352	0.00574	0.00415	0.00094
AQP6	0.004	0.00649	0.00654	0.00112	0.00204
AQP7	0	0.02029	0.00174	0.00083	0.02485
AQP7P1	0.01721	0.04198	0.00369	0	0.00305
AQP8	0	0.00341	0	0	0
AQP9	0.10404	0.64007	0.1314	0.08435	0.04123
AQR	0.12059	0.09326	0.03817	0.23875	0.09433
AR	0.04576	0.53109	0.08604	0.01436	0.00626
ARAF	0.13902	0.41021	0.1421	0.21101	0.15402
ARAP1	0.05011	0.11498	0.242	0.06607	0.05717
ARAP2	0.57053	0.08987	0.1622	0.41532	0.19449
ARAP3	0	0.00841	0.02415	0	0
ARCN1	0.17125	0.22256	0.20765	0.30997	0.35513
AREL1	0.07846	0.10018	0.16121	0.11408	0.04742
ARF1	0.44035	0.5121	0.3976	0.69331	0.54395
ARF3	0.24891	0.19617	0.20713	0.21363	0.18305
ARF4	0.08009	0.2275	0.17217	0.22283	0.37921
ARF5	0.17495	0.16987	0.17387	0.21559	0.10943
ARF6	0.46549	0.17213	0.22258	0.62362	0.24968
ARFGAP1	0.20819	0.26626	0.23052	0.32446	0.34465
ARFGAP2	0.31844	0.42687	0.34392	0.34915	0.2578
ARFGAP3	0.20177	0.24744	0.205	0.37378	0.52489
ARFGEF1	0.34579	0.26447	0.3159	0.51045	0.31855
ARFGEF2	0.20673	0.43231	0.26991	0.20707	0.43388
ARFIP1	0.12685	0.10852	0.10355	0.18147	0.04512
ARFIP2	0.17033	0.20852	0.16135	0.13248	0.18479
ARFRP1	0.14224	0.22846	0.21356	0.24503	0.14761
ARG1	0.16982	0.76904	0.34263	0.0411	0.002
ARG2	0.03818	0.01517	0.01558	0.01248	0
ARGFX	0.13248	0.16682	0.15758	0.09096	0.14422
ARGLU1	1.22405	0.61571	0.64693	1.35874	0.9851
ARHGAP1	0.17979	0.22166	0.15951	0.14244	0.11151
ARHGAP10	0.04879	0.00884	0.0876	0.12831	0.01353
ARHGAP11A	0.1265	0.08731	0.07527	1.008	0.02955
AC091057.1	0.01395	0.00763	0.00638	0.20969	0.01419
ARHGAP12	0.14256	0.27285	0.15044	0.08788	0.10027
ARHGAP15	0.3215	0.00853	0.06013	0.3815	0.23245
ARHGAP17	0.1143	0.08555	0.2075	0.17668	0.02525
ARHGAP18	0.24597	0.03479	0.50282	0.17057	0.17542
ARHGAP19	0.02855	0.01674	0.00052	0.17929	0.02976
ARHGAP20	0.00799	0.01254	0.00436	0.0019	0
ARHGAP21	0.1236	0.40142	0.3904	0.19197	0.21936
ARHGAP22	0.00766	0.00586	0.10794	0	0.01078
ARHGAP24	0.01335	0.02584	0.04588	0.02741	0.04023
ARHGAP25	0.56089	0.02596	0.29856	0.61993	0.33291
ARHGAP26	0.37977	0.18526	0.37467	0.34501	0.20767
ARHGAP27	0.08188	0.02523	0.07081	0.06518	0.12052
ARHGAP28	0.00059	0.01126	0.00165	0.03177	0.00043
ARHGAP29	0.02812	0.24159	0.08206	0.00568	0.01701
ARHGAP30	0.66851	0.03581	0.50877	0.68604	0.28924
ARHGAP31	0.01016	0.02774	0.11143	0.04619	0.05672
ARHGAP32	0.0339	0.10978	0.04162	0.003	0.01947
ARHGAP33	0.01689	0.02678	0.0117	0.18076	0.01107
ARHGAP35	0.20683	0.37891	0.19714	0.11399	0.09658
ARHGAP39	0.00533	0.01595	0.01075	0	0
ARHGAP4	0.40337	0.07767	0.52202	0.40308	0.34575
ARHGAP42	0.00804	0.05042	0.0158	0.00056	0.01805
ARHGAP44	0.00575	0.01082	0	0.01459	0
ARHGAP5	0.16415	0.39111	0.43537	0.13698	0.10333
ARHGAP5-AS1	0	0.00614	0.00388	0.00135	0
ARHGAP6	0.00023	0.00182	0.01737	0	0
ARHGAP9	0.53266	0.02492	0.14028	0.58275	0.41889
ARHGDIA	0.49593	0.39942	0.7229	0.80912	0.464
ARHGDIB	1.91043	0.12988	0.93073	2.58618	1.02408
ARHGEF1	0.15791	0.04111	0.10983	0.20848	0.1056
ARHGEF10	0	0.00426	0.01007	0	0
ARHGEF10L	0.04765	0.27167	0.14731	0.02442	0.00678
ARHGEF11	0.02482	0.19781	0.24814	0.0572	0.0122
ARHGEF12	0.27483	0.67466	0.36238	0.27079	0.10058
ARHGEF15	0	0.00447	0	0	0
ARHGEF16	0.00621	0.01196	0.00122	0	0.00878
ARHGEF17	0	0.021	0	0	0
ARHGEF18	0.10494	0.1024	0.10071	0.15038	0.07774
ARHGEF19	0.00677	0.02161	0.01886	0.01929	0.05277
ARHGEF2	0.09321	0.06937	0.19501	0.12031	0.17234
ARHGEF25	0.00071	0.00231	0.00132	0	0
ARHGEF26	0.02609	0.12806	0.04484	0.00815	0.00153
ARHGEF26-AS1	0.17716	0.1997	0.14048	0.13401	0.18948
ARHGEF28	0.03215	0.17295	0.02465	0.01656	0.00845
ARHGEF3	0.23551	0.05218	0.07858	0.18838	0.07672
ARHGEF34P	0	0.00184	0	0	0
ARHGEF35	0.01189	0.04192	0.00658	0.00912	0.03934
ARHGEF37	0.0119	0.06608	0.01622	0.03128	0
ARHGEF39	0.13252	0.1681	0.12859	0.12909	0.13785
ARHGEF4	0.00237	7e-04	0	0	0
ARHGEF40	0.0527	0.20617	0.13183	0.03756	0.04814
ARHGEF5	0.025	0.07948	0.04374	0.011	0.06792
ARHGEF6	0.28129	0.06172	0.17199	0.48926	0.15768
ARHGEF7	0.1832	0.12448	0.18154	0.27833	0.2108
ARHGEF9	0.08941	0.06054	0.05235	0.09808	0.04238
ARID1A	0.48034	0.30052	0.29655	0.49312	0.39834
ARID1B	0.1613	0.17569	0.18265	0.28006	0.18419
ARID2	0.16969	0.17402	0.06098	0.377	0.20075
ARID3A	0.03416	0.08719	0.11383	0.04702	0.15193
ARID3B	0.03264	0.02956	0.01086	0.08324	0.08575
ARID4A	0.45535	0.34593	0.55511	0.49239	0.47187
ARID4B	0.69208	0.52297	0.47632	0.88097	0.70933
ARID5A	0.18275	0.10002	0.14331	0.33044	0.16203
ARID5B	0.61074	0.15069	0.17895	0.63346	0.54418
ARIH1	0.18456	0.16775	0.1488	0.11255	0.12419
ARIH2	0.24559	0.26964	0.26462	0.34582	0.26999
ARIH2OS	0.19653	0.18482	0.16573	0.1798	0.24333
ARL1	0.12996	0.20185	0.16011	0.09803	0.20649
ARL10	0.0162	0.03315	0.01883	0.00874	0.02544
ARL11	0.10819	0.13928	0.17173	0.11358	0.19276
ARL13B	0.03897	0.07173	0.04642	0.07813	0.02101
ARL14EP	0.17044	0.12996	0.1918	0.14887	0.33763
ARL15	0.0366	0.00897	0.00829	0.00495	0.0059
ARL16	0.17944	0.19553	0.17447	0.15397	0.11859
ARL17A	0.03271	0.0525	0.01663	0.01309	0.02532
ARL2	0.13425	0.12087	0.19057	0.34565	0.09082
ARL2BP	0.06982	0.13714	0.09304	0.17176	0.20387
ARL3	0.11511	0.10675	0.05328	0.19421	0.08666
ARL4A	0.14308	0.20006	0.16035	0.23277	0.05584
ARL4C	0.91574	0.06588	0.83584	0.60496	0.36464
ARL4D	0.00651	0.11855	0.01964	0.00905	0
ARL5A	0.15823	0.22627	0.19111	0.31643	0.37663
ARL5B	0.03472	0.03489	0.03714	0.02535	0.03001
ARL6	0.00408	0.01154	0.00474	0.00359	0.0016
ARL6IP1	0.62213	0.54057	0.48884	1.6357	0.39047
ARL6IP4	0.56345	0.45093	0.51995	1.01608	0.56623
ARL6IP5	0.8142	0.18379	0.42732	0.84767	0.48056
ARL6IP6	0.02561	0.02162	0.02111	0.04168	0.01546
ARL8A	0.05545	0.08614	0.12889	0.10712	0.08663
ARL8B	0.0821	0.22	0.21712	0.20979	0.13617
ARMC1	0.09257	0.18323	0.0819	0.16327	0.0968
ARMC10	0.19136	0.26389	0.22388	0.24957	0.15965
ARMC12	0	0.00332	0	0	0
ARMC2	0.00714	0.02205	0.01369	0.05453	0.0153
ARMC4	0.00339	0.00149	0	0.00094	0
ARMC4P1	0.00565	0.00962	0.00174	0.00174	0.00433
ARMC5	0.04106	0.04206	0.04877	0.09777	0.02358
ARMC6	0.07188	0.08915	0.05911	0.20058	0.03948
ARMC7	0.04985	0.0438	0.03174	0.10405	0.0311
ARMC8	0.06341	0.07795	0.09139	0.07669	0.02467
ARMC9	0.2384	0.28588	0.33467	0.16475	0.23134
ARMCX1	0.00375	0.0057	0.04626	0.01484	0
ARMCX2	0	0.00353	0.01537	0.00034	0.01511
ARMCX3	0.09591	0.06117	0.14042	0.12743	0.20271
ARMCX4	0.0074	0.02647	0.04631	0.003	0.01675
ARMCX5	0.01657	0.03748	0.01795	0.02145	0.03043
ARMCX6	0.11617	0.05374	0.13612	0.25	0.12888
ARNT	0.08846	0.15792	0.15474	0.05086	0.02362
ARNT2	0.02181	0.02951	0.07281	0	0
ARNTL	0.27674	0.07615	0.06406	0.06229	0.0864
ARNTL2	0.13629	0.18705	0.15697	0.1252	0.11447
ARPC1A	0.07167	0.26913	0.15081	0.10375	0.12285
ARPC1B	0.77376	0.32045	1.11755	1.12613	0.32944
ARPC2	1.81699	0.61336	1.23816	2.92092	1.27418
ARPC3	0.41467	0.28705	0.64039	0.67885	0.32103
ARPC4	0.66227	0.36965	0.6731	1.1932	0.53401
ARPC5	0.34934	0.378	0.64781	0.93776	0.36441
ARPC5L	0.44723	0.13205	0.08102	0.74855	0.42321
ARPP19	0.52871	0.35751	0.39334	0.78177	0.45851
ARPP21	0.00067	0.01252	0.00344	0	0
ARRB1	0.03432	0.02518	0.1465	0.07358	0.0071
ARRB2	0.1957	0.08676	0.36321	0.19247	0.11698
ARRDC1	0.07254	0.03988	0.05034	0.05513	0.04335
ARRDC2	0.03916	0.07925	0.1953	0.06533	0.01498
ARRDC3	0.18167	0.1809	0.25326	0.09518	0.21664
ARRDC4	0.0159	0.05755	0.06938	0.00364	0.00231
ARRDC5	0.03268	0.00231	0.04194	0.03258	0.05095
ARSA	0.14884	0.24261	0.21241	0.19373	0.64967
ARSB	0.01779	0.04238	0.03448	0.0465	0.03389
ARSD	0.13171	0.29642	0.20044	0.04065	0.12631
ARSD-AS1	0	0.00068	0	0	0.00043
ARSE	0.02557	0.18898	0.05693	0.00109	0.03572
ARSF	0	0.00132	0.00074	0	0.00038
ARSG	0.01551	0.00665	0.02029	0.00063	0.01311
ARSI	0.01075	0.01115	0.00703	0	0
ARSJ	0.00245	0.01831	0.0148	0	0
ARSK	0.12089	0.11412	0.12907	0.07021	0.10629
ART4	0.00074	0.00452	0.00921	0	0
ART5	0	0.01407	0	0	0
ARTN	0	0.00269	0.00276	0.00331	0
ARV1	0.05579	0.088	0.03038	0.07115	0.04322
ARVCF	0.00604	0.02067	0.01895	0.00333	0.00327
AS3MT	0	0.00044	0	0	0
ASAH1	0.15181	0.19169	0.53569	0.13207	0.17305
ASAH2B	0.01131	0.0414	0.02393	0.00211	0.01661
ASAP1	0.18315	0.14985	0.40809	0.30797	0.15439
ASAP2	0.00872	0.04813	0.01954	0.00045	0.00025
ASAP3	0.01141	0.09073	0.03412	0.00167	0
ASB1	0.07051	0.11035	0.06568	0.07633	0.05271
ASB11	0.08137	0.07223	0.0678	0.02243	0.055
ASB13	0.01266	0.12718	0.05944	0.02553	0.01338
ASB16	0.00099	0.00512	0.00334	0.00057	0.00071
ASB16-AS1	0.06901	0.03065	0.01645	0.06836	0.03419
ASB2	0.05475	0.00186	0.00496	0.04765	0.0102
GPR75-ASB3	0.04279	0.0187	0.02071	0.01873	0.05039
ASB4	0.00453	0.01159	0.00296	0.00294	0.00115
ASB6	0.05116	0.03184	0.04157	0.10166	0.00787
ASB7	0.02992	0.04156	0.03486	0.0724	0.02413
ASB8	0.31147	0.37293	0.29768	0.37349	0.3478
ASB9	0.00149	0.05315	0.01361	0	0
ASB9P1	0	0.00266	0	0	0
ASCC1	0.07766	0.08332	0.048	0.11831	0.07208
ASCC2	0.16768	0.13725	0.07383	0.17603	0.07115
ASCC3	0.34733	0.31655	0.22821	0.5181	0.38832
ASCL1	0.00381	0.0128	0	0.00706	0.003
ASCL2	0	0.0054	0.02392	0.00033	0.00032
ASF1A	0.03832	0.046	0.02847	0.04163	0.02254
ASF1B	0.01158	0.0106	0.0017	0.15065	0
ASGR1	0.05429	0.44961	0.11469	0.00761	0.01323
ASGR2	0.10773	0.71321	0.24199	0.0245	0.01609
ASH1L	0.64156	0.62554	0.54995	0.71213	0.84759
ASH1L-AS1	0.03745	0.01559	0.01124	0.00455	0.02422
ASH2L	0.04524	0.04907	0.0595	0.17903	0.06891
ASIC1	0.00175	0.02303	0.00194	0	0
ASIC3	0.00428	0.0103	0.03749	0.00028	0.00624
ASL	0.19331	0.51963	0.37206	0.24524	0.1311
ASMTL-AS1	0.00139	0.00235	0.00073	0.00525	0.00034
ASNA1	0.0586	0.03339	0.02538	0.12895	0.04722
ASNS	0.10628	0.07255	0.05137	0.06406	0.22293
ASNSD1	0.18607	0.12613	0.14048	0.23326	0.22736
ASPA	0	0.00462	0.00228	0	0
ASPDH	0.00309	0.04288	0.01243	0.00044	0
ASPG	0.00798	0.05175	0.01171	0	0
ASPH	0.31816	0.83148	0.70601	0.1561	0.24638
ASPHD1	0	0.00527	0	0.00069	0
ASPHD2	0.01938	0.01032	0.01051	0.03143	0.12757
ASPM	0.08596	0.22119	0.07454	2.10308	0.08022
ASPSCR1	0.08551	0.35854	0.0932	0.04323	0.06897
ASRGL1	0.0012	0.04963	0.08078	0.11167	0.01148
ASS1	0.01945	0.14375	0.04899	0.00976	0.00791
ASTE1	0.05237	0.02592	0.02364	0.07122	0.03459
ASTL	0	0.00084	0.05794	0	0.00114
ASTN2	0.02811	0.04528	0.02755	0.03483	0.03534
INTS13	0.07914	0.04524	0.10437	0.30621	0.09826
ASXL1	0.25517	0.3389	0.17478	0.6378	0.41962
ASXL2	0.37428	0.13269	0.17852	0.52366	0.26976
ASZ1	0.00022	0.00338	0.00076	0	0
ATAD1	0.18025	0.21186	0.10012	0.19152	0.24612
ATAD2	0.27157	0.27284	0.1401	1.27379	0.13718
ATAD2B	0.2289	0.14858	0.22677	0.19808	0.06869
ATAD3A	0.04998	0.10129	0.07449	0.04196	0.0344
ATAD3B	0.03087	0.07484	0.0696	0.08723	0.03394
ATAD3C	0.20472	0.26057	0.24405	0.12985	0.27944
ATAD5	0.10941	0.09929	0.10991	0.82075	0.069
ATAT1	0.01318	0.07927	0.02635	0.02517	0.02241
ATCAY	0.24592	0.32312	0.39337	0.24395	0.32567
ATE1	0.12171	0.24313	0.1881	0.188	0.18319
ATE1-AS1	0	0.00376	0.01028	0	0
ATF1	0.17163	0.13017	0.07685	0.25893	0.12013
ATF2	0.18802	0.2347	0.18781	0.17675	0.12971
ATF3	0.08372	0.043	0.46073	0.11929	0.12207
ATF4	0.66888	0.58641	0.7834	1.09043	1.88337
ATF5	0.18899	0.91873	0.73717	0.08388	0.13624
ATF6	0.25702	0.30647	0.33099	0.21564	0.2724
ATF6B	0.0252	0.03193	0.03728	0.05466	0.0149
ATF7	0.07383	0.07249	0.05265	0.07317	0.0393
ATF7IP	0.83628	0.33815	0.42144	1.10183	0.7851
ATF7IP2	0.10605	0.07582	0.02335	0.20392	0.1064
ATG10	0.07645	0.06163	0.08978	0.15172	0.07326
ATG12	0.35225	0.3284	0.24674	0.42077	0.25976
ATG13	0.16592	0.21876	0.15391	0.37681	0.22723
ATG14	0.32626	0.35149	0.36425	0.24768	0.26768
ATG16L1	0.10725	0.04005	0.03886	0.02451	0.05528
ATG16L2	0.03842	0.02708	0.14073	0.01982	0.02719
ATG2A	0.09233	0.15316	0.09921	0.0952	0.0632
ATG2B	0.08843	0.12495	0.09453	0.04571	0.18253
ATG3	0.13579	0.18191	0.29705	0.30988	0.12927
ATG4A	0.08699	0.05529	0.06858	0.22373	0.09301
ATG4B	0.15237	0.25538	0.244	0.23948	0.16565
ATG4C	0.00457	0.04316	0.05644	0.0322	0.09067
ATG4D	0.02836	0.03505	0.02421	0.03364	0.04485
ATG5	0.11042	0.08278	0.11163	0.13396	0.1194
ATG7	0.03328	0.06835	0.207	0.09321	0.04483
ATG9A	0.1253	0.26188	0.12098	0.06621	0.12337
ATIC	0.08935	0.19729	0.12382	0.33524	0.09678
ATL1	0.00037	0.00586	0.00652	0.00099	0.02374
ATL2	0.1541	0.30291	0.13796	0.20507	0.12625
ATL3	0.17605	0.23098	0.2619	0.2453	0.12001
ATM	0.86331	0.63348	0.82072	0.7436	1.13242
ATMIN	0.15613	0.15667	0.08308	0.258	0.15723
ATN1	0.07667	0.06349	0.04808	0.06523	0.02429
ATOH8	0	0.02148	0.00226	0	0
ATOX1	0.36111	1.16781	0.96132	0.70067	0.77335
ATP10A	0.01812	0.00203	0	0.04621	0.01515
ATP10B	0.00434	0.00225	0.00324	0	0
ATP10D	0.0103	0.03074	0.03977	0.06599	0.08973
ATP11A	0.02408	0.08623	0.08867	0.01454	0.01385
ATP11A-AS1	0.00668	0.00419	0.00741	0.01794	0.0098
ATP11B	0.29918	0.10503	0.15774	0.3223	0.3167
ATP11C	0.11347	0.17471	0.14931	0.04478	0.12012
ATP13A1	0.05927	0.07255	0.08706	0.04254	0.16319
ATP13A2	0.05576	0.04971	0.04514	0.04896	0.06287
ATP13A3	0.20712	0.42744	0.24493	0.12986	0.1326
ATP13A4	3e-04	0.00253	0.00396	0	0.00171
ATP1A1	0.17407	0.31611	0.30265	0.19968	0.08141
ATP1A2	0.07274	0.07198	0.06255	0.05461	0.06551
ATP1B1	0.1437	0.61669	0.5749	0.05191	0.02766
ATP1B2	0.00437	0.00813	0.0035	0.00145	0.01558
ATP1B3	0.21357	0.14622	0.36618	0.48196	0.24198
ATP1B4	0.00089	0.00736	0.00686	0.00271	0.00085
ATP2A1	0.00161	0.00534	0.00203	0.01436	0
ATP2A2	0.22426	0.4857	0.29861	0.29571	0.21649
ATP2A3	0.24813	0.02368	0.02351	0.6028	0.6515
ATP2B1	0.33861	0.40926	0.6693	0.548	0.41264
ATP2B2	0.03094	0.29403	0.10547	0.01929	0.03032
ATP2B4	0.33291	0.16606	0.08444	0.2567	0.13421
ATP2C1	0.13036	0.11392	0.12316	0.18643	0.06146
ATP5F1A	0.47783	0.58869	0.47325	0.80104	0.64238
ATP5F1B	0.79735	1.34446	1.08939	1.21347	0.74869
ATP5F1C	0.28503	0.42642	0.18324	0.26654	0.14093
ATP5F1D	0.1922	0.16101	0.16725	0.38754	0.26618
ATP5F1E	0.40012	0.15196	0.33933	0.68939	0.34459
ATP5F1EP2	0.28839	0.11096	0.17574	0.35031	0.2482
ATP5PB	0.33237	0.44893	0.38396	0.66321	0.31921
ATP5MC1	0.29243	0.57848	0.30323	0.80737	0.51969
ATP5MC2	0.77367	0.64997	0.58216	1.13543	0.68874
ATP5MC3	0.29659	0.52963	0.33004	0.85312	0.42194
ATP5PD	0.34807	0.51081	0.38217	0.66874	0.34326
ATP5ME	1.42717	1.60065	1.47881	2.26429	1.67335
ATP5PF	0.49678	0.58069	0.35335	0.78187	0.42603
ATP5MF	0.457	0.49045	0.34149	0.7982	0.50854
ATP5MG	0.98347	0.87914	0.77277	1.65915	0.97434
ATP5MGL	0.01353	0.02411	0.02956	0.01223	0.01275
ATP5PO	0.65132	0.63717	0.59097	1.34791	0.68196
ATP5S	0.07435	0.0989	0.06104	0.10255	0.06023
DMAC2	0.02248	0.08524	0.0616	0.01899	0.02659
ATP6AP1	0.31219	0.48968	0.81212	0.17612	0.37965
ATP6AP1L	0.15346	0.21858	0.16035	0.12853	0.17288
ATP6AP2	0.24469	0.31816	0.42145	0.28044	0.15076
ATP6V0A1	0.08828	0.45405	0.48992	0.1049	0.15624
ATP6V0A2	0.10484	0.08002	0.06027	0.11916	0.06495
ATP6V0B	0.34662	0.83939	1.00303	0.60778	0.82716
ATP6V0C	0.34706	0.37195	1.18976	0.53485	0.51152
ATP6V0D1	0.119	0.12458	0.18028	0.19041	0.14688
ATP6V0D2	0.00261	0.00599	0.02972	0.00044	0.00086
ATP6V0E1	0.5306	0.41881	0.41591	0.42601	0.5212
ATP6V0E2	0.20218	0.22664	0.08798	0.27841	0.03437
ATP6V0E2-AS1	0.01362	0.0035	0.00132	0	0
ATP6V1A	0.13821	0.23236	0.30459	0.22557	0.20301
ATP6V1B1	0	0.00352	0	0	0.00084
ATP6V1B2	0.06161	0.06387	0.3504	0.09279	0.04489
ATP6V1C1	0.11216	0.31294	0.34219	0.19535	0.0793
ATP6V1C2	0.0019	0.00332	0.00232	0.00088	0.00096
ATP6V1D	0.16275	0.21047	0.26253	0.21618	0.12616
ATP6V1E1	0.21235	0.29424	0.35653	0.3896	0.2505
ATP6V1E2	0.02603	0.03025	0.01187	0.0143	0.05702
ATP6V1F	0.38839	0.25855	0.34746	0.67527	0.33287
ATP6V1G1	0.26163	0.27204	0.23289	0.24242	0.32305
ATP6V1H	0.06417	0.06322	0.03647	0.06214	0.01977
ATP7A	0.06662	0.05013	0.11152	0.02532	0.07484
ATP7B	0.00489	0.04155	0.0126	0.01969	0.00063
ATP8A1	0.1712	0.0226	0.0216	0.27068	0.20942
ATP8B1	0.20702	0.35163	0.19679	0.12673	0.18166
ATP8B2	0.07905	0.05195	0.02813	0.20247	0.13754
ATP8B3	0	0.00481	0.0044	0.03082	0
ATP8B4	0.03014	0.00327	0.12685	0.01794	0.02812
ATP8B5P	0.02321	0.04424	0.03275	0.03617	0.01472
ATP9A	0.07713	0.28487	0.03701	0.11861	0.02027
ATP9B	0.11293	0.08219	0.11287	0.12457	0.11456
ATPAF1	0.11527	0.16126	0.10888	0.10486	0.15782
ATPAF2	0.02914	0.03569	0.0468	0.09276	0.03664
ATP5IF1	0.75683	0.75599	0.53064	1.27697	0.73547
ATR	0.15833	0.13516	0.12902	0.18569	0.12744
ATRAID	0.27029	0.22271	0.17624	0.22962	0.31187
ATRIP	0.02332	0.02847	0.02009	0.05793	0.00762
ATRN	0.21777	0.43712	0.22308	0.13555	0.12367
ATRNL1	0.01079	0.04598	0.01261	0	0
ATRX	1.4004	0.81955	0.99228	1.05223	1.43653
ATXN1	0.36175	0.12343	0.10238	0.3496	0.28635
ATXN10	0.20394	0.33862	0.17771	0.28567	0.16144
ATXN1L	0.02923	0.0439	0.04283	0.09193	0.10804
ATXN2	0.12807	0.32693	0.29687	0.11811	0.10415
ATXN2L	0.16174	0.11859	0.1015	0.13826	0.09072
ATXN3	0.1651	0.21619	0.24181	0.18209	0.17784
ATXN7	0.21211	0.12738	0.11082	0.21431	0.08083
ATXN7L1	0.15933	0.08695	0.04486	0.15108	0.06684
ATXN7L2	0	0.0055	0.01714	0.00142	3e-04
ATXN7L3	0.17839	0.14604	0.16412	0.19794	0.13993
ATXN7L3B	0.30838	0.2962	0.1945	0.34545	0.19631
ATXN8OS	0	0.00036	0	0	0
AUH	0.06233	0.07928	0.03617	0.07907	0.19094
AUNIP	0.00046	0.00683	0.00039	0.01854	0
AUP1	0.2662	0.50076	0.41737	0.65251	0.55032
AURKA	0.01712	0.089	0.04939	0.84914	0.10459
AURKAIP1	0.25358	0.33064	0.19788	0.44391	0.51703
AURKAP1	0.07662	0.01753	0.03306	0.02496	0.0159
AURKB	0.01268	0.03629	0.02169	1.05742	0.01926
AURKC	0.00125	0.00864	0.00128	0.00256	0
AUTS2	0.08756	0.20167	0.0409	0.05707	0.02454
AVEN	0.00756	0.04775	0.03711	0.07347	0.09634
AVIL	0.00939	0.03276	0.00164	0.01817	0.00196
AVL9	0.07766	0.10963	0.09111	0.13163	0.06205
AVP	0	0.00275	0	0	0.00057
AVPI1	0.02751	0.08022	0.06032	0	0
AVPR1A	0.01208	0.03458	0.00567	0.00174	0.00326
AXDND1	0	0.00724	0.00056	0.00105	0.02051
AXIN1	0.04947	0.04119	0.02003	0.04223	0.0491
AXIN2	0.01136	0.08924	0.01475	0	0.0025
AXL	0.00212	0.01263	0.16905	0.00321	0.00877
AZGP1	0.13373	0.95787	0.21923	0.05781	0.05271
AZGP1P1	0.00185	0.01643	0	0	0
AZI2	0.1253	0.1662	0.11033	0.22974	0.12192
AZIN1	0.16427	0.21904	0.28241	0.31905	0.15417
B2M	3.51208	1.94615	2.86721	3.13627	3.28432
B3GALNT1	0.00021	0.00632	0.00062	0	0.00302
B3GALNT2	0.03497	0.05694	0.02312	0.00387	0.04402
B3GALT1	0.00149	0.00485	0	0	0
B3GALT4	0.01471	0.01172	0.03252	0.02637	0.03827
B3GALT6	0.0464	0.11324	0.07212	0.04989	0.01235
B3GAT1	0.02422	0.03356	0.00303	0.01306	0.00767
B3GAT2	0.00035	0.00213	0	0	0
B3GAT3	0.09908	0.16347	0.11359	0.19678	0.10763
B3GNT2	0.12131	0.04624	0.08688	0.1154	0.05611
B3GNT3	0.00177	0.01976	0.00502	0.00161	0
B3GNT4	0.00368	0.00171	0	0.00038	0
B3GNT5	0.0042	0.04598	0.05542	0	0
B3GNT6	0.02702	0.04356	0.0457	0.04015	0.02424
B3GNT7	0.01002	0.00797	0.01735	0.04769	0.0099
B3GNT9	0.0168	0.01605	0.00662	0	0.02699
B3GNTL1	0.03221	0.02266	0.02189	0.03648	0.00427
B4GALNT1	0.02066	0.02138	0.00118	0	0
B4GALT1	0.20948	0.18004	0.26421	0.16124	0.11793
B4GALT2	0.03373	0.10988	0.08334	0.09411	0.05334
B4GALT3	0.10178	0.14974	0.12392	0.1285	0.4237
B4GALT4	0.0107	0.04185	0.02149	0.06996	0.03962
B4GALT5	0.08887	0.07934	0.0955	0.06817	0.07726
B4GALT6	0.01691	0.02649	0.01691	0.00054	0.00097
B4GALT7	0.02034	0.10597	0.04764	0.12329	0.08331
B9D1	0.00545	0.06868	0.03425	0.05793	0.09328
B9D2	0.03833	0.02084	0.02145	0.07917	0.03541
BAAT	0.23883	0.91562	0.34229	0.12342	0.04236
BABAM1	0.13902	0.1738	0.11477	0.25824	0.19745
BACE1	0.02609	0.21718	0.16943	0.05359	0.00124
BACE2	0.20695	0.23107	0.216	0.13041	0.17657
BACH1	0.22109	0.26919	0.23215	0.29523	0.35236
BACH2	0.04169	0.04225	0.00686	0.02731	0.01726
BAD	0.16391	0.28453	0.12179	0.16353	0.20146
BAG1	0.19655	0.16776	0.18036	0.21326	0.26484
BAG2	0.02275	0.08284	0.01668	0.06325	0.01187
BAG3	0.03015	0.0679	0.35691	0.04177	0.02212
BAG4	0.06752	0.09035	0.11706	0.12211	0.07585
BAG5	0.14977	0.14804	0.14425	0.13704	0.11804
BAG6	0.17714	0.5961	0.28238	0.34491	0.2103
BAHCC1	0.00101	0.02257	0.0113	0	0.00057
BAHD1	0.04988	0.05503	0.04784	0.00868	0.02246
BAIAP2	0.0152	0.20113	0.16889	0.01325	0.03668
BAIAP2-DT	0.17175	0.24256	0.20229	0.13482	0.18099
BAIAP2L1	0.03774	0.23456	0.04643	0.045	0.0165
BAIAP2L2	0.02388	0.06361	0.02864	0.02252	0.00084
BAIAP3	0.03063	0.03775	0.00493	0.01342	0.02026
BAK1	0.08638	0.0519	0.07077	0.09296	0.08875
BAMBI	0.01819	0.13545	0.03103	0.00766	0.00256
BANF1	0.14309	0.26144	0.11974	0.35543	0.09812
BANK1	0.0101	0.0411	0.04795	0.11933	0.23698
BANP	0.04681	0.07143	0.08358	0.05016	0.04847
BAP1	0.11505	0.2426	0.14816	0.29576	0.16954
BARD1	0.13375	0.0576	0.06393	0.54047	0.26948
BARX1	0	0.00254	0.00238	0	0
BASP1	0.04256	0.02387	0.32396	0.44117	0.42047
BATF	0.28758	0.01548	0.04764	0.3371	0.14881
BATF2	0.0012	0.01658	0.03403	0	0.00369
BATF3	0.00045	0.00163	0.09596	0.07333	0.00719
BAX	0.01899	0.01979	0.03373	0.03044	0.00571
BAZ1A	0.61827	0.27224	0.50325	0.78863	0.52429
BAZ1B	0.62388	0.64178	0.72403	1.08608	0.55085
BAZ2A	0.42947	0.49695	0.39657	0.46039	0.76714
BAZ2B	0.52018	0.4701	0.77647	0.36501	0.61203
BBC3	0.01579	0.03233	0.02859	0.00497	0.02404
BBIP1	0.03129	0.04816	0.02204	0.07748	0.01891
BBOX1	0.02023	0.18484	0.07757	0.00864	0.0075
BBS1	0.01461	0.03366	0.00405	0.004	0.03332
BBS10	0.03077	0.03978	0.0165	0.02164	0.02176
BBS12	0.00304	0.00444	0.00083	0	0.02303
BBS2	0.0266	0.07385	0.07577	0.03408	0.00542
BBS4	0.06794	0.06596	0.03892	0.04967	0.03099
BBS5	0.03746	0.06287	0.09054	0.00361	0.02657
BBS7	0.01828	0.02682	0.02471	0.02098	0.00995
BBS9	0.04224	0.01784	0.02892	0.0169	0.02157
BBX	0.52684	0.32914	0.37395	0.40848	0.44726
BCAM	0.01281	0.04509	0.00973	0.00129	0.00084
BCAP29	0.11314	0.18706	0.18628	0.09101	0.03449
BCAP31	0.50272	0.88718	1.23671	0.63506	0.39841
BCAR1	0.04701	0.12923	0.08582	0.00547	0.00243
BCAR3	0.00155	0.06694	0.03761	0.00871	0.03268
BCAS1	0.08337	0.08777	0.0963	0.04628	0.09845
BCAS2	0.20838	0.18112	0.19057	0.34129	0.19119
BCAS3	0.09469	0.11488	0.09787	0.11032	0.079
BCAS4	0.11632	0.04019	0.00427	0.20552	0.05088
BCAT1	0.02831	0.01244	0.252	0.14699	0.01138
BCAT2	0.0643	0.15518	0.07551	0.05772	0.03742
BCCIP	0.26144	0.24525	0.14191	0.28452	0.24765
BCDIN3D	0.06451	0.08191	0.04181	0.02767	0.0796
BCDIN3D-AS1	0.00129	0.00425	0	0	0.00071
BCHE	0.00379	0.05266	0.01222	0.00268	0.00444
BCKDHA	0.16251	0.16169	0.09631	0.31821	0.20451
BCKDHB	0.03544	0.09998	0.04086	0.03368	0.02155
BCKDK	0.0754	0.19596	0.16719	0.22059	0.22388
BCL10	0.09408	0.07226	0.14262	0.17087	0.12859
BCL11A	0.00171	0.00732	0.0078	0.08055	0.06306
BCL11B	0.45651	0.01146	0.00602	0.37868	0.10519
BCL2	0.38863	0.01466	0.07409	0.13972	0.13023
BCL2A1	0.05286	0.0042	0.11665	0.02188	0.02084
BCL2L1	0.11051	0.1037	0.08431	0.08754	0.09144
BCL2L11	0.31386	0.07378	0.08366	0.16697	0.52188
BCL2L12	0.03776	0.05061	0.03063	0.13579	0.04766
BCL2L13	0.06393	0.09389	0.11852	0.09493	0.07531
BCL2L15	0.10927	0.12518	0.14858	0.10613	0.11812
BCL2L2	0.00262	0.03546	0.03571	0.00144	0.01668
BCL3	0.06147	0.06338	0.07132	0.06532	0.05408
BCL6	0.05687	0.23427	0.15841	0.12158	0.06798
BCL6B	0.00022	0.00911	0.0046	0	0
BCL7A	0.04185	0.09023	0.10283	0.10171	0.01181
BCL7B	0.0724	0.06191	0.07459	0.17032	0.07357
BCL7C	0.10923	0.09284	0.03846	0.1738	0.03342
BCL9	0.02807	0.06593	0.00822	0.03559	0.02884
BCL9L	0.10641	0.09442	0.04605	0.06228	0.01144
BCLAF1	0.88199	0.60079	0.69564	1.28919	1.0147
BCO2	0.00567	0.03164	0.01155	0.00048	0.01888
BCOR	0.05587	0.06397	0.03423	0.03413	0.05128
BCORL1	0.02876	0.08388	0.05836	0.01774	0.01259
BCR	0.13676	0.10534	0.0718	0.16427	0.06305
BCRP3	0.0069	0.00651	0.00705	0.00246	0.00314
BCS1L	0.05115	0.11103	0.05641	0.15592	0.0741
BCYRN1	0.31071	0.45927	0.42401	0.3441	0.28643
BDH1	0.08846	0.29947	0.11361	0.06175	0.01498
BDH2	0.07576	0.16165	0.11279	0.03449	0.02462
BDNF-AS	0.02916	0.0609	0.02563	0.02635	0.04646
BDP1	0.63857	0.57427	0.7179	0.8908	0.75732
BECN1	0.20636	0.24069	0.23558	0.27228	0.20687
BEGAIN	0.00414	0.00462	0.00346	0	0
BEND2	0.05427	0.05612	0.05184	0.03171	0.039
BEND3	0.00238	0.01236	0.0024	0.02064	0.0122
AL132656.1	0.01409	0.01627	0.01512	0.0042	0.01219
BEND4	0.00125	0.00424	0	0.01955	0.00196
BEND5	0.00666	0.01151	0.02484	0.04724	0.01835
BEND6	0.00042	0.00477	0.00203	0.03118	0
BEND7	0.02338	0.12361	0.03968	0	0.00355
BEST1	0.08067	0.14046	0.14645	0.08395	0.11909
BEST3	0	0.00077	0	0	0
BEST4	0.00119	0.00136	0	0	0
BET1	0.01767	0.05729	0.01117	0.03741	0.15857
BET1L	0.12317	0.14452	0.05917	0.17832	0.27648
BEX1	0.00044	0.01035	0.00224	0	0
BEX2	0.06802	0.07986	0.02217	0.00164	0.04946
BEX4	0.05107	0.03192	0.23193	0.0585	0.04427
BEX5	0.01986	0.03576	0.00092	0.03369	0.14697
BFAR	0.07829	0.094	0.0886	0.25746	0.07295
BFSP1	0.00052	0.00525	0	0.00175	0.03389
BFSP2	0.00097	0.00089	0	0.04023	0.05429
BFSP2-AS1	0.13901	0.10091	0.08371	0.10728	0.15474
BGN	0.00486	0.02705	0.00162	0.00135	0.0027
BHLHB9	0.00539	0.01524	0	0.0189	0.01701
BHLHE40	0.10966	0.14337	0.22015	0.11342	0.05258
BHLHE40-AS1	0.03062	0.00255	0.00136	0.02429	0.01987
BHLHE41	0.0034	0.0109	0.03778	0.10526	0.48009
BHMT	0.10411	0.53248	0.1548	0.03192	0.01747
BHMT2	0.381	1.31456	0.64691	0.28921	0.28043
BICC1	0.00665	0.11413	0.02663	0.00069	0
BICD1	0.03874	0.04536	0.08921	0.13866	0.11798
BICD2	0.12487	0.06186	0.22616	0.2148	0.17731
BID	0.10268	0.13008	0.18001	0.16407	0.07083
BIK	0.02891	0.02467	0.01125	0.17604	0.09751
BIN1	0.28113	0.11878	0.10225	0.20431	0.04982
BIN2	0.3866	0.01987	0.16012	0.4396	0.22781
BIN3	0.08021	0.0262	0.05649	0.04837	0.07241
BIRC2	0.24965	0.31038	0.24563	0.33138	0.24258
BIRC3	0.6543	0.26834	0.31808	0.66723	0.64571
BIRC5	0.0564	0.09766	0.04899	1.50352	0.04379
BIRC6	0.69186	0.44394	0.3922	0.73328	0.52655
BIVM	0.2806	0.36989	0.22709	0.14775	0.15148
BLCAP	0.09435	0.23925	0.10819	0.04994	0.0781
BLID	0	0.00231	0	0	0
BLK	0.01172	0.00095	0.00681	0.05882	0.06557
BLM	0.0992	0.02386	0.00345	0.34611	0.12683
BLMH	0.10639	0.07719	0.13617	0.24484	0.095
BLNK	0.02628	0.09874	0.12447	0.10733	0.41165
BLOC1S1	0.26432	0.17014	0.19205	0.64442	0.31168
BLOC1S2	0.15239	0.09168	0.15194	0.17908	0.05396
BLOC1S3	0.0352	0.04894	0.03317	0.07197	0.01627
BLOC1S4	0.02782	0.05922	0.03881	0.03842	0.019
BLOC1S5	0.00104	0.00279	0	0.00852	0.00928
BLOC1S6	0.29597	0.3703	0.53747	0.41321	0.4475
BLVRA	0.09655	0.09843	0.28922	0.2296	0.14198
BLVRB	0.07433	0.47459	0.75865	0.17981	0.14932
BLZF1	0.11529	0.14932	0.11551	0.17611	0.18909
BMF	0.03313	0.03455	0.0729	0.00818	0.21425
BMI1	0	0.00313	0.0071	0	0.00968
BMP1	0.01217	0.07819	0.02708	0.00347	0.01689
BMP2	0.0229	0.09241	0.04917	0.00244	0.00522
BMP2K	0.02457	0.0256	0.39844	0.06427	0.1319
BMP3	0.00267	0.00318	0.00119	0.00173	9e-04
BMP4	0.00821	0.06608	0.00508	0	0
BMP6	0	0.00198	0	0.00425	0.11068
BMP7	0.07106	0.08154	0.09648	0.08592	0.09768
BMP8A	0.00233	0.00436	0.00187	0.00845	0.02141
BMP8B	0.02867	0.04869	0.03698	0.04589	0.07345
BMPR1A	0.00381	0.02802	0.01846	0.01037	0.01482
BMPR2	0.10008	0.28186	0.23431	0.10493	0.15393
BMS1	0.28512	0.30541	0.22567	0.42462	0.31427
BMS1P4	0.04002	0.03613	0.04319	0.08947	0.11056
BNC2	0.02306	0.0022	0.0187	0.00065	0.00336
BNIP1	0.05343	0.03489	0.03408	0.05921	0.04117
BNIP2	0.29143	0.26795	0.25299	0.50406	0.27035
BNIP3	0.21721	0.8098	0.35411	0.08984	0.04455
BNIP3L	0.08032	0.13273	0.25783	0.08759	0.10758
BNIPL	0.01328	0.01501	0.01556	0.00468	0.0187
BOC	0	0.00295	0.007	0.00189	0
BOD1	0.04382	0.11047	0.07074	0.04677	0.07856
BOD1L1	0.83388	0.70426	0.7863	1.10063	1.04625
BOK	0.08539	0.36798	0.08714	0.03941	0.01643
BOK-AS1	0.001	0.00608	0	0	0
BOLA1	0.04407	0.06137	0.01128	0.05631	0.05205
BOLA3	0.09796	0.16795	0.09203	0.19236	0.10079
BOLA3-AS1	0.08058	0.11767	0.11739	0.0769	0.09096
BOLL	0.00883	0.01637	0.0219	0.00864	0.01768
BOP1	0.04607	0.13565	0.08481	0.20149	0.08607
BORA	0.05095	0.00883	0.0066	0.10493	0.04665
BPGM	0.04824	0.05423	0.01315	0.05663	0.03495
BPHL	0.03923	0.24785	0.05762	0.05644	0.02315
BPIFB2	0.00264	0.09097	0.02508	0.01534	0
BPNT1	0.09569	0.13979	0.08539	0.11254	0.09609
BPTF	1.28895	0.7502	0.84938	1.35838	1.18835
BRAF	0.04667	0.03924	0.02742	0.03445	0.03266
BRAP	0.12734	0.13635	0.20332	0.29858	0.13243
BRAT1	0.06038	0.09695	0.10855	0.10688	0.09761
BRCA1	0.08286	0.15539	0.10304	0.77259	0.08399
BRCA2	0.10068	0.07994	0.12996	0.56912	0.27536
BRCC3	0.11697	0.14052	0.13177	0.31766	0.14951
BRD1	0.10654	0.07472	0.07611	0.21875	0.16474
BRD2	0.91469	0.59569	0.76892	1.04004	0.9725
BRD3	0.19348	0.1498	0.17465	0.12526	0.09649
BRD4	0.60198	0.59111	0.57164	0.63788	0.63514
BRD7	0.33552	0.3024	0.29582	0.60376	0.2427
BRD8	0.1335	0.30483	0.20046	0.74933	0.32635
BRD9	0.19073	0.40951	0.26188	0.27962	0.17586
BRDT	0.06903	0.07091	0.07731	0.03258	0.05191
BABAM2	0.1056	0.12626	0.09374	0.09091	0.07416
BRF1	0.08178	0.05452	0.07354	0.11639	0.05537
BRF2	0.04028	0.01057	0.01836	0.01764	0.00627
BRI3	0.17778	0.52631	0.666	0.11263	0.13417
BRI3BP	0.01138	0.05055	0.03803	0.12076	0.04744
BRICD5	0.02384	0.01022	0.01113	0.0226	0.01905
BRINP3	0	0.00203	0	0	0
BRIP1	0.23061	0.2988	0.30048	0.29435	0.26068
BRIX1	0.11791	0.23921	0.16338	0.22846	0.09981
BRK1	0.32254	0.2821	0.1875	0.48531	0.26846
BRMS1	0.13469	0.20762	0.15937	0.30222	0.12269
BRMS1L	0.01649	0.0277	0.0102	0.07632	0.03202
BROX	0.26721	0.22748	0.16098	0.23804	0.17528
BRPF1	0.06484	0.05131	0.02802	0.10428	0.02478
BRPF3	0.09857	0.17738	0.12224	0.09114	0.07634
BRSK1	0.00606	0.02106	0	0.00276	0.01327
BRSK2	0.01087	0.00228	0.01429	0	0
BRWD1	0.38043	0.35799	0.31266	0.59844	0.42693
BRWD1-AS1	0.00658	0.00419	0	0.00057	0.00135
BRWD1-AS2	0.00054	0.00379	0.00228	0.00056	0.00082
BRWD3	0.23208	0.18735	0.25874	0.15255	0.21002
BSDC1	0.12268	0.24467	0.17483	0.06977	0.19624
BSG	0.03311	0.06979	0.06116	0.13636	0.17642
BSN	0.00191	0.01522	0.00252	0.00344	0
BSN-DT	0.15325	0.17247	0.183	0.12911	0.16265
BSPRY	0.025	0.0099	0.00615	0.00945	0.02344
BST2	0.27382	0.33739	0.67326	0.31758	0.47197
BTAF1	0.36541	0.31318	0.26756	0.27695	0.4429
BTBD1	0.06202	0.08256	0.09332	0.12391	0.07722
BTBD10	0.04752	0.04766	0.0924	0.08153	0.03438
BTBD11	0.00589	0.01572	0.02583	0.02398	0.00051
BTBD16	0.00329	0.01066	0.00233	0	0
BTBD2	0.0357	0.07652	0.04578	0.03209	0.02883
BTBD3	0.01481	0.06959	0.04332	0	0
BTBD6	0.08977	0.03866	0.05641	0.22151	0.05292
BTBD7	0.111	0.1711	0.17066	0.20622	0.19209
BTBD8	0.00039	0.00864	0	0.00073	0
BTBD9	0.06814	0.05178	0.01873	0.02126	0.04793
BTC	0.00064	0.00978	0.00208	0.01876	0
BTD	0.06023	0.17466	0.07166	0.07369	0.04755
BTF3	0.81424	0.38859	0.3646	1.15438	0.74911
BTF3L4	0.15924	0.11387	0.11548	0.14937	0.09086
BTF3P11	0.00178	0.00082	0	0.00637	0.01628
BTG1	2.51565	0.62527	1.02355	1.79603	1.52775
BTG2	0.3707	0.03296	0.36312	0.38715	1.18213
BTG3	0.211	0.06037	0.08644	0.36356	0.12539
BTK	0.00197	0.00872	0.24845	0.1397	0.19571
BTLA	0.13141	0.00443	0.01889	0.16178	0.0844
BTN2A1	0.2009	0.12411	0.1228	0.23708	0.14822
BTN2A2	0.06256	0.05419	0.06984	0.20328	0.19701
BTN2A3P	0.03202	0.03177	0.01754	0.00607	0.04316
BTN3A1	0.54928	0.1672	0.12816	0.45435	0.46412
BTN3A2	0.89766	0.35167	0.37098	0.8763	0.80548
BTN3A3	0.35953	0.07521	0.1365	0.29518	0.19658
BTNL8	0.00821	0.00074	0.00442	0	0
BTNL9	0.00093	0.0014	0.00072	0.0149	0.02023
BTRC	0.04282	0.07894	0.07029	0.04562	0.05499
BUB1	0.02179	0.0389	0.07355	0.79351	0.04814
BUB1B	0.0125	0.0344	0.0494	0.59275	0.01236
BUB3	0.50153	0.38024	0.20809	1.42249	0.37191
BUD13	0.06315	0.08381	0.04461	0.21408	0.03364
BUD31	0.27806	0.26265	0.23114	0.59015	0.20675
BVES	0.02368	0.03428	0.04109	0.00861	0.01173
BYSL	0.02315	0.04777	0.04645	0.04625	0.00052
BZW1	0.43764	0.42913	0.42927	0.67534	0.25362
BZW2	0.1303	0.10381	0.09231	0.35698	0.12299
DEPP1	0.03247	0.42243	0.10466	0.01182	0.0409
LRMDA	0.0273	0.08378	0.0454	0.00445	0.01412
C10orf111	0.01343	0.00358	0.00143	0	0.00475
TMEM273	0.01364	0.00949	0.08424	0.0378	0.03771
C10orf25	0.00041	0.02311	0.0235	0	0.01078
FAM241B	0.01166	0.01699	0.00195	0.00859	0
VSIR	0.24142	0.02777	0.34127	0.29569	0.4272
C10orf62	0.00158	0.00175	0	0.00196	0.00081
ARMH3	0.06658	0.09381	0.15206	0.03678	0.05469
C10orf88	0.03313	0.05001	0.04528	0.09557	0.05612
C10orf95	0.03984	0.0431	0.04613	0.01767	0.03207
C11orf1	0.03535	0.05981	0.02467	0.02425	0.05735
C11orf21	0.12386	0.00488	0.03015	0.04124	0.1049
C11orf24	0.01238	0.08612	0.0251	0.10128	0.17618
C11orf44	0.00155	0.00154	0.00391	0	0.00138
C11orf45	0	0.00659	0.00226	0	0
C11orf49	0.05136	0.04659	0.03039	0.05336	0.01854
C11orf54	0.12944	0.46007	0.22671	0.17142	0.14793
NKAPD1	0.07797	0.15096	0.11152	0.22785	0.12052
C11orf58	1.04938	0.94927	0.78548	1.70144	1.13754
JHY	0.06957	0.0565	0.08769	0.06198	0.0614
C11orf65	0.01005	0.0156	0.00566	0.03936	0.02215
C11orf68	0.15956	0.14282	0.07686	0.11563	0.17969
CFAP300	0.05933	0.08539	0.08847	0.03798	0.05879
C11orf71	0.08056	0.15636	0.03536	0.05489	0.05248
C11orf72	0.25835	0.49619	0.26679	0.21789	0.33244
C11orf74	0.00737	0.05385	0.03854	0.01034	0.00281
C11orf80	0.02277	0.06385	0.04451	0.09276	0.47821
SPINDOC	0.00462	0.01772	0.00281	0.04917	0.03249
C11orf95	0.01034	0.11583	0.01755	0.02288	0.077
C11orf96	0.00618	0.00651	0.00259	0	0.00062
C12orf10	0.09532	0.12503	0.03836	0.08034	0.1187
C12orf29	0.08047	0.0744	0.06296	0.05628	0.0234
C12orf4	0.09675	0.04042	0.10273	0.07498	0.0766
C12orf40	0.02766	0.00119	0.00042	0.00141	0
C12orf42	0	0.00162	0.00077	0	0.01237
C12orf43	0.12087	0.1585	0.10484	0.18023	0.22907
C12orf45	0.07396	0.09655	0.09451	0.23577	0.27507
C12orf49	0.04254	0.08523	0.05459	0.09702	0.06325
C12orf56	0.00041	0.00575	0.00234	0	0
C12orf57	0.69407	0.20779	0.1921	1.05544	0.73094
C12orf60	0	0.00248	0	0.014	0
C12orf65	0.35153	0.30549	0.26499	0.43142	0.43075
C12orf66	0.03785	0.01433	0.01722	0.00093	0.00399
C12orf73	0.02055	0.04996	0.00874	0.0601	0.00585
C12orf75	0.07124	0.02377	0.00494	0.42831	0.06366
C12orf76	0.02045	0.03203	0.02861	0.008	0.01301
C12orf77	0.09275	0.11065	0.11592	0.08178	0.10161
ERG28	0.15517	0.33265	0.09762	0.1423	0.07962
CCDC198	0.07921	0.17023	0.1319	0.06795	0.07456
C14orf119	0.16365	0.12775	0.11112	0.1117	0.10728
C14orf132	0.16406	0.3017	0.16072	0.07929	0.15854
DGLUCY	0.11429	0.14859	0.13396	0.23157	0.21255
RTRAF	0.30921	0.22952	0.16345	0.52095	0.22784
C14orf178	0.00542	0.00332	0.00109	5e-04	0.00136
ATP5MPL	0.79852	0.79517	0.76517	1.38335	0.90116
C14orf28	0.00439	0.0206	0.00273	0	0.00511
CLBA1	0.00528	0.01279	0.00288	0	0
TEDC1	0.03802	0.0254	0.05718	0.24813	0.00285
C14orf93	0.01514	0.0486	0.00932	0.09002	0.00908
C15orf39	0.08339	0.0515	0.11882	0.12436	0.17349
C15orf40	0.15037	0.11274	0.09723	0.17136	0.13516
C15orf41	0.0076	0.03579	0.0168	0.00782	0.00272
C15orf48	0.00181	0.01354	0.13785	0.03757	0
CCDC9B	0.02183	0.08139	0.08103	0.00129	0.00905
CCDC32	0.07985	0.07871	0.06288	0.19619	0.3166
INSYN1	0.00197	0.00308	0.00964	0	0.00352
C15orf61	0.05055	0.04953	0.04622	0.00926	0.05715
C15orf62	0	0.00343	0.00496	0	0
C15orf65	0.00637	0.00715	0.00218	0.02457	0.01571
C16orf45	0.02196	0.02274	0.00795	0.01574	0.00854
C16orf46	0	0.01602	0.00052	0.00228	0
MOSMO	0.05392	0.07027	0.04193	0.08709	0.022
C16orf54	0.0565	0.00248	0.01873	0.06434	0.07583
C16orf58	0.07541	0.10451	0.03575	0.044	0.11748
TEDC2	0.0042	0.01452	0.00347	0.05758	0.00029
VPS35L	0.06236	0.04006	0.06233	0.13544	0.11884
C16orf70	0.06839	0.18094	0.11943	0.067	0.03225
C16orf72	0.07926	0.07462	0.04686	0.04481	0.10219
C16orf74	0.00064	0.00405	0.00746	0.01459	0.01045
C16orf86	0.00663	0.00976	0.00759	0.00843	0.03275
C16orf87	0.09478	0.10632	0.08409	0.21247	0.16844
C16orf89	0	0.00114	0.00254	0	0
C16orf91	0.04373	0.02906	0.01264	0.03677	0.03119
C16orf95	0.00554	0.0338	0.00418	0.01683	0.00423
C17orf107	0.01449	0.01054	0.01099	0.00083	0.01838
C17orf51	0.00068	0.02026	0.00595	0.02866	0.02094
C17orf53	0.00037	0.01516	0.00874	0.04017	0
C17orf58	0.00823	0.07412	0.02373	0.02255	0.01714
CYBC1	0.45565	0.26674	0.23784	0.60358	0.64671
C17orf67	0.02787	0.02802	0.01172	0.03571	0.0384
C17orf75	0.27905	0.332	0.32506	0.28275	0.27504
C17orf77	0.03497	0.03969	0.02069	0.04414	0.05624
C17orf80	0.10639	0.0854	0.03609	0.18235	0.0585
C17orf82	0	0.00096	0.00027	0	0
C17orf97	0.02106	0.02328	0.00948	0.00874	0
C18orf21	0.0264	0.03888	0.02107	0.05499	0.03073
C18orf25	0.03973	0.04047	0.05344	0.06465	0.02225
C18orf32	0.02	0.02139	0.02073	0.04004	0.01446
C18orf54	0.01213	0.01675	0.02262	0.12174	0.00501
RMC1	0.03648	0.04154	0.02137	0.01268	0.04016
C19orf12	0.09196	0.15825	0.10334	0.13947	0.13747
C19orf18	0.00074	0.0373	0.00903	0.00279	0.00379
C19orf24	0.19463	0.22362	0.17556	0.51207	0.30386
C19orf25	0.06395	0.06853	0.06096	0.25475	0.03784
PEAK3	0.00319	0.00338	0.01579	0.00199	0.00294
C19orf38	0.00258	0.00583	0.03315	0.06835	0.09667
TRIR	0.62504	0.45941	0.34813	0.84556	0.56286
C19orf44	0.01755	0.04593	0.0432	0.00196	0.01453
C19orf47	0.02879	0.01799	0.03642	0.02305	0.04169
C19orf48	0.06253	0.05867	0.03026	0.20587	0.04744
C19orf53	0.73147	0.44742	0.31337	1.1598	0.65606
C19orf54	0.04716	0.05329	0.03611	0.02117	0.04789
C19orf57	0	0.01092	0.01044	0.01343	0
REX1BD	0.26877	0.15915	0.19478	0.3054	0.24755
C19orf66	0.23304	0.17555	0.08596	0.19381	0.20289
ZSWIM9	0.02138	0.02266	0.01161	0.04847	0.01787
C19orf70	0.31925	0.28513	0.273	0.47679	0.37015
C19orf73	0.00025	0.00698	0	0.01747	0.00096
C19orf81	0.00374	0.0103	0.00752	0.00017	0.00167
C1D	0.1599	0.20816	0.09321	0.26114	0.15571
C1GALT1	0.16366	0.15407	0.07842	0.22731	0.22681
C1GALT1C1	0.04935	0.08439	0.03601	0.07669	0.14639
C1QA	0.10454	0.1596	2.74889	0.1422	0.06029
C1QB	0.04553	0.08243	1.61839	0.08234	0.02402
C1QBP	0.10828	0.09417	0.08891	0.14783	0.05074
C1QC	0.02144	0.02922	0.92812	0.05995	0.00377
C1QL1	0.00157	0.01605	0.00651	0	0
C1QTNF2	0.07824	0.07738	0.06028	0.03657	0.08621
C1QTNF3	0.00737	0.07449	0.01363	0.02017	0.01314
C1QTNF6	0.03728	0.05842	0.04866	0.03075	0.02445
PCOTH	0.00443	0.00227	0.00539	0	0.00189
C1R	0.20655	0.89563	0.23774	0.09838	0.27286
C1RL	0.17148	0.25673	0.16062	0.19828	0.21127
C1RL-AS1	0.06554	0.02938	0.01245	0.07507	0.08376
C1S	0.29222	1.28137	0.30981	0.07303	0.10815
CATSPERE	0	0.00588	0	0	0.00037
INAVA	0.01087	0.04134	0.0309	0	0.00364
C1orf109	0.01175	0.03793	0.00722	0.00584	0.02331
C1orf112	0.01555	0.02902	0.00446	0.13278	0.00559
C1orf115	0.0364	0.38935	0.12617	0.00972	0.01286
C1orf122	0.11779	0.24075	0.1524	0.24099	0.26673
C1orf123	0.0998	0.1685	0.09313	0.10881	0.08983
C1orf127	0	0.00032	0.01209	0	0.00561
C1orf131	0.12995	0.17539	0.11519	0.32547	0.10945
MIR29B2CHG	0.04684	0.03131	0.07283	0.05477	0.24669
OBSCN-AS1	0.00335	0.00289	0.00035	0	0
C1orf158	0	0.0073	0	0	0
C1orf159	0.02747	0.04674	0.03583	0.0723	0.05719
C1orf162	0.05976	0.0236	0.31391	0.08318	0.03196
FYB2	0.04491	0.12799	0.02473	0.08522	0.02747
C1orf174	0.02961	0.05755	0.02424	0.04803	0.00583
RHEX	0.01535	0.092	0.05034	0.03485	0.15838
C1orf198	0.01609	0.06648	0.03215	0.00173	0.00709
SNHG28	0.00159	0.00484	0	0	0
C1orf21	0.00682	0.05018	0.01508	0.0672	0.01205
C1orf210	0.00021	0.00554	0.00112	0.00101	0.00449
C1orf216	0.04153	0.02158	0.01469	0.07641	0.01077
C1orf220	0.0783	0.0897	0.07739	0.04873	0.09146
C1orf226	0	0.02509	0.00237	0	0
ARMH1	0.01638	0.0081	0.01386	0.00721	0.0126
C1orf229	0.01042	0.00508	0.0029	5e-04	0.00571
TEX46	0.00082	0.00201	0	0	0
ODR4	0.1109	0.26241	0.20225	0.11703	0.22411
C1orf35	0.1495	0.16874	0.13395	0.23856	0.07529
C1orf43	0.33252	0.57845	0.41174	0.22212	0.27031
C1orf50	0.04939	0.05686	0.0217	0.05757	0.06703
C1orf52	0.14805	0.12144	0.13477	0.09881	0.11937
C1orf53	0.00279	0.02507	0.00607	0.00662	0.00712
C1orf54	0.0042	0.01188	0.36301	0.10552	0.00029
C1orf56	0	0.02998	0.00153	0	0
C1orf61	0.00105	0.00739	0.00627	0.01557	0.02298
C1orf74	0.00678	0.01614	0.00497	0.00724	0.00139
C2	0.23428	1.07957	0.48724	0.05449	0.08195
MIR1-1HG-AS1	0.05387	0.05319	0.07089	0.04518	0.05834
C20orf194	0.06249	0.03981	0.18568	0.0064	0.0083
SHLD1	0.0113	0.01233	0.01058	0.03783	0.03644
C20orf203	0.00375	0.00367	0.00089	0.00049	0.00313
RAB5IF	0.00031	0.00177	0	0.00069	0
C20orf27	0.0426	0.10712	0.10733	0.13213	0.03479
C20orf96	0.03006	0.03546	0.007	0.03971	0.03309
CFAP410	0.07291	0.06002	0.06436	0.0935	0.07123
GATD3A	0.23188	0.34581	0.32627	0.34378	0.31627
C21orf58	0.02331	0.0604	0.04018	0.52775	0.07108
CFAP298	0.09932	0.09166	0.10512	0.16484	0.18498
C21orf62	0.35421	0.3813	0.48897	0.29954	0.39664
C21orf91	0.21271	0.012	0.02707	0.28712	0.02528
C22orf23	0	0.00491	0	0.00051	0
RTL10	0.19347	0.23994	0.19327	0.15003	0.16343
C22orf34	0.0275	0.01632	0.0331	0.06449	0.06336
C22orf39	0.11566	0.08149	0.07061	0.18921	0.20302
C22orf46	0.06363	0.09968	0.1131	0.07588	0.11076
C2CD2	0.04303	0.12311	0.15461	0.02493	0.05834
C2CD2L	0.00224	0.0371	0.08812	0.04079	0.03881
C2CD3	0.08307	0.04196	0.05348	0.10097	0.05538
C2CD4A	0.01273	0.04671	0.04811	0.00275	0.02391
C2CD4B	0	0.00305	0	0	0
C2CD5	0.08253	0.08141	0.12462	0.23863	0.11618
AC079447.1	0.02	0.0335	0.03662	0.01086	0.01943
C2orf27A	0	0.00489	0.00022	0	0.00179
C2orf42	0.05778	0.04334	0.01877	0.04082	0.03597
C2orf48	0.02877	0.0164	0.01923	0.12018	0.01645
C2orf49	0.17722	0.18682	0.20062	0.23513	0.22562
MAB21L4	0.03142	0.16625	0.05505	0.00215	0
C2orf68	0.11007	0.17588	0.11319	0.10183	0.13296
C2orf69	0.11048	0.1473	0.0546	0.14771	0.08016
C2orf72	0.05345	0.34085	0.09643	0.00287	0.00183
C2orf74	0.0633	0.0729	0.07783	0.07719	0.2012
C2orf76	0.00997	0.0097	0.00927	0.00227	0.01481
AC005041.1	0	0.00293	0	0	0.00041
SNORC	0.00037	0.08459	0.01637	0.00029	0.00935
C2orf83	0.00252	0.00277	0.00287	0	0
C2orf88	0.01156	0.02027	0.00888	0.05043	0.21328
C2orf91	0.023	0.02766	0.03575	0.01815	0.02811
C3	0.76975	2.85421	1.03299	0.34915	0.44626
C3AR1	0.05119	0.00645	0.20944	0.02342	0
C3P1	0.04138	0.1031	0.03477	0.0054	0.02176
C3orf14	0.02939	0.05477	0.06661	0.08799	0.00034
C3orf18	0.02123	0.04584	0.04355	0.00243	0.01589
C3orf33	0.02328	0.02351	0.01088	0.00279	0.00185
C3orf35	0.01448	0.01988	0.02778	0.00056	0.00831
C3orf38	0.065	0.04944	0.10125	0.1267	0.06479
C3orf58	0.052	0.07265	0.0904	0.07033	0.03238
C3orf62	0.12316	0.14174	0.21692	0.12022	0.12528
C3orf67	0.00394	0.01724	0.00287	0.01379	0.00235
C3orf70	0.0026	0.00306	0.00103	0.00042	0.01431
C4BPA	0.117	0.89111	0.19138	0.0169	0.015
C4BPB	0.05482	0.55859	0.12319	0.02062	0.0242
C4orf19	0.21507	0.35313	0.24925	0.19103	0.34588
ODAPH	0.00153	0.0046	0.0074	0.00152	0.00337
C4orf3	0.4355	0.3514	0.36825	0.61845	0.70204
FAM241A	0.02103	0.02295	0.01137	0.01122	0.0147
C4orf33	0.04238	0.02231	0.02499	0.09155	0.03509
C4orf46	0.0125	0.01079	0.00735	0.01133	0.02567
C4orf47	0.00368	0.01704	0.00565	0	0.00451
C4orf48	0.29933	0.04506	0.20748	0.29478	0.30941
C5	0.15137	0.68973	0.16672	0.08454	0.07049
C5AR1	0.01197	0.02943	0.35228	0.00417	0.01024
C5AR2	0.00019	0.00045	0.00521	0.00017	0.00092
C5orf15	0.08408	0.16396	0.06442	0.05169	0.0212
C5orf17	0.0016	0.00856	0.01766	0.00086	0
C5orf22	0.09275	0.19571	0.04629	0.02812	0.05897
C5orf24	0.33559	0.42849	0.30039	0.18196	0.31861
C5orf30	0.01912	0.01122	0.009	0.03418	0.02154
C5orf34	0.01436	0.01677	0.00315	0.02819	0.00034
CPLANE1	0.18793	0.36378	0.24721	0.07495	0.11075
C5orf47	0	6e-04	0	0	0.0058
C5orf49	0.00386	0.06534	0.00179	0	0
C5orf51	0.10726	0.2929	0.1345	0.10245	0.05854
C5orf56	0.17312	0.03131	0.02522	0.1118	0.07876
C5orf58	0	0.00341	0.00705	0	0
C5orf63	0.06929	0.07279	0.03138	0.06317	0.05014
C5orf64	0.00102	0.00643	0.0053	0.00033	0.00188
C5orf66	0.00033	0.02186	0.01457	0	0.00178
C6	0.01683	0.18562	0.03478	0.00318	0.00428
SMIM29	0.08066	0.07413	0.07499	0.05975	0.01524
C6orf106	0.25587	0.58476	0.3807	0.22286	0.24889
C6orf120	0.045	0.15643	0.05867	0.06183	0.08734
C6orf132	0.10386	0.15062	0.12265	0.09252	0.09946
C6orf136	0.0421	0.10309	0.04165	0.04455	0.02184
C6orf163	0.02238	0.00856	0.00475	0	0.00368
C6orf201	0	0.00134	0	0	0
C6orf203	0.03536	0.08713	0.06633	0.04263	0.04851
C6orf223	0.00095	0.0082	0.00302	5e-04	0.00032
C6orf226	0.04064	0.03012	0.01204	0.02912	0.01066
MPIG6B	0.0018	0.00061	0.00161	0	0.00083
C6orf47	0.12206	0.11684	0.08477	0.05711	0.13147
C6orf48	0.20219	0.21063	0.14399	0.20178	0.17321
C6orf52	0.00034	0.00304	0.00274	0.02634	0
C6orf62	0.65393	0.76915	0.72726	0.85497	0.72331
C6orf89	0.32121	0.56598	0.36301	0.53444	0.33922
C6orf99	0.00699	5e-04	0.00198	0.00256	0.03026
C7	0.00314	0.00606	0	0.00084	0.00069
C7orf25	0.01401	0.04148	0.03172	0.07692	0.02108
C7orf26	0.07361	0.0477	0.06472	0.04651	0.11504
C7orf31	0.00999	0.01657	0.00742	0.01198	0.01723
C7orf43	0.03169	0.03749	0.06314	0.05451	0.05712
CYREN	0.03984	0.05728	0.08757	0.11459	0.06841
C7orf50	0.22282	0.31543	0.37802	0.36828	0.22665
C7orf61	0.00648	0.00175	0.00137	0	0
C7orf65	0.0324	0.03072	0.03269	0.03672	0.03335
STMP1	0.2695	0.19168	0.14924	0.22212	0.07044
C8A	0.02199	0.19502	0.04255	0.00083	0.01594
C8B	0.01407	0.34752	0.06598	0.0047	0.00336
C8G	0.04718	0.51934	0.1232	0.01041	0.00697
C8orf31	0.04066	0.03903	0.05957	0.02811	0.03487
C8orf33	0.12189	0.25774	0.19435	0.28712	0.16846
C8orf37	0.08784	0.02563	0.04822	0.02687	0.0276
TCIM	0.00194	0.0146	0.00231	0.00093	0.00061
C8orf44	0.05414	0.07241	0.06425	0.06212	0.06676
VXN	0.00743	0.0147	0.00874	0	0
C8orf49	0.05199	0.07129	0.10851	0.03809	0.08192
C8orf58	0.00679	0.00653	0.00323	0.01107	0.01572
C8orf59	0.2717	0.22075	0.11646	0.31894	0.27386
C8orf76	0.02384	0.04428	0.02365	0.03334	0.02656
C8orf82	0.09175	0.14256	0.07208	0.05909	0.08559
C8orf86	0.10817	0.11942	0.10593	0.03983	0.08295
C8orf88	0.00057	0.00429	0.00041	0.00098	0.00132
C9	0.02846	0.14122	0.01364	0.00069	0
C9orf116	0	0.00797	0.00148	0	0
C9orf139	0.07739	0.06684	0.07353	0.11207	0.08092
PAXX	0.29788	0.1024	0.08156	0.37448	0.10187
C9orf153	0	0.00383	0.00739	0	0
C9orf16	0.18334	0.03627	0.05269	0.11432	0.12636
C9orf24	0.00086	0.00347	0	0	0
C9orf3	0.04372	0.07975	0.01102	0.01634	0.01849
C9orf40	0.0035	0.00913	0.00356	0.02756	0
C9orf43	0.00383	0.00634	0.00162	0	0.00064
C9orf64	0.05805	0.0768	0.11732	0.16273	0.09188
C9orf66	0.09391	0.11408	0.18158	0.08161	0.12421
TMEM250	0.07856	0.04917	0.01365	0.10801	0.03502
C9orf72	0.02178	0.02508	0.0788	0.0845	0.049
C9orf78	0.53763	0.45358	0.47494	0.75982	0.47491
C9orf85	0.13373	0.0905	0.10122	0.15415	0.09911
CA11	0.01567	0.0325	0.03847	0.00221	0.00633
CA12	0.15428	0.25197	0.17599	0.15036	0.20225
CA13	0.00502	0.01347	0.00761	0.00351	0.00937
CA14	0	0.00465	0.00133	0	0.00058
CA2	0.02514	0.0783	0.10854	0.00276	0.00561
CA3	0	0.00193	0	0	0
CA5A	0.0192	0.09375	0.02426	0.01358	0.02412
CA5B	0.10614	0.05781	0.08498	0.05288	0.12332
CA5BP1	0.00278	0.00217	0.0084	0	0.00916
CA8	0.00113	0.00812	0.00916	0.01811	0
CA9	0	0.01982	0.00662	0	0
CAAP1	0.0894	0.05359	0.05293	0.04469	0.10428
CAB39	0.23434	0.14243	0.22744	0.2833	0.18559
CAB39L	0.04263	0.03921	0.04446	0.0197	0.01609
CABIN1	0.30851	0.15065	0.14274	0.33054	0.16517
CABLES1	0.03892	0.18605	0.10912	0.02875	0.0404
CABLES2	0.03232	0.04287	0.00227	0.08399	0.02095
CABP4	0.31334	0.34248	0.48611	0.22232	0.36017
CABYR	0.02373	0.05632	0.00661	0.00145	0
CACFD1	0.10506	0.38336	0.14712	0.02788	0.11402
CACHD1	0.00208	0.05277	0.01781	0	0
CACNA1A	0.01345	0.00139	0.0068	0	0.01087
CACNA1D	0.00929	0.04326	0.01677	0.00637	0.0096
CACNA1H	0	0.00699	0.00958	0.00086	0
CACNA2D2	0.00737	0.00175	0.00052	0	0
CACNA2D4	0.01643	0.00058	0.03182	0.00144	0.00868
CACNB1	0.04497	0.00296	0.00369	0.00237	0.00605
CACNB2	0.02416	0.03854	0.04182	0.02337	0.02834
CACNB3	0.00172	0.01452	0.00417	0.01093	0
CACNB4	0.01246	0.01056	7e-05	0	0.00856
CACNG4	0	0.00284	0.00021	0	0
CACNG8	0.22761	0.27343	0.24372	0.16196	0.21879
CACTIN	0.02533	0.02478	0.01123	0.0293	0.02741
CACUL1	0.11445	0.24658	0.27378	0.1728	0.09154
CACYBP	0.5122	0.27233	0.365	0.97727	0.22094
CAD	0.04979	0.15157	0.05114	0.25151	0.04627
CADM1	0.09909	0.57769	0.16011	0.13271	0.20241
CADM2	0.00271	0.0231	0.00229	0.00297	0.00087
CADM3	0	0.00495	0	0	0
CADM4	0.00458	0.00421	0.00344	0	0
CADPS2	0.02673	0.11366	0.06114	0.00461	0.12468
CAGE1	0.0129	0.01328	0.03346	0.01075	0.02143
CAHM	0.00192	0.00514	0.02182	0	0.00633
CALCA	0	0.0042	0.01648	0	0
CALCOCO1	0.08118	0.09967	0.07821	0.07331	0.14301
CALCOCO2	0.30449	0.33571	0.2952	0.40155	0.42303
CALCR	0.00042	0.00227	0.0121	5e-04	0
CALCRL	0.00075	0.00312	0.00095	0	0.02509
CALD1	0.46285	1.3801	0.64856	0.12111	0.25438
CALHM1	0.00526	0.00351	0.01014	0.0028	0.005
CALHM2	0.02778	0.00172	0.02348	0.03725	0.01244
CALM1	1.86037	0.83783	1.10641	2.4626	1.62351
CALM2	1.0172	0.82441	1.37748	1.9469	0.68395
CALM3	0.63567	0.40866	0.69688	1.45704	0.46539
CALML3-AS1	4e-04	0.00219	0.00272	0	0
CALML4	0.01935	0.07915	0.0547	0.01456	0.01384
CALN1	0.08242	0.09978	0.10187	0.06175	0.08264
CALR	0.7574	1.1528	1.14238	1.32746	1.11622
CALU	0.23534	0.70081	0.33679	0.34224	0.69673
CAMK1	0.04147	0.04236	0.07204	0.04659	0.02079
CAMK1D	0.40372	0.64488	0.50659	0.39492	0.47428
CAMK2B	0.00789	0.04601	4e-04	0	0
CAMK2D	0.17325	0.16889	0.21149	0.32369	0.09675
CAMK2G	0.10428	0.17422	0.12408	0.15441	0.10447
CAMK2N1	0.13416	0.72137	0.22314	0.031	0.04028
CAMK2N2	0	0.02648	0.00045	6e-04	0
CAMK4	0.31854	0.19768	0.1542	0.42521	0.19352
CAMKK1	0.00772	0.00377	0.02087	0.00309	0.01731
CAMKK2	0.09867	0.15565	0.10823	0.10276	0.06904
CAMKMT	0.00833	0.02061	0.00617	0.01175	0.05668
CAMLG	0.19791	0.25017	0.24795	0.27127	0.13752
CAMSAP1	0.07476	0.04695	0.06153	0.12618	0.05721
CAMSAP2	0.0484	0.2426	0.15729	0.03973	0.02193
CAMSAP3	0.0106	0.06097	0.01851	0.00871	0.00946
CAMTA1	0.12353	0.22166	0.1416	0.1412	0.12438
CAMTA2	0.13238	0.0551	0.10076	0.08707	0.13318
CAND1	0.18321	0.20153	0.13445	0.33211	0.1401
CAND2	0.00583	0.00238	0	0	0.00068
CANT1	0.08337	0.15237	0.07507	0.38799	0.11531
CANX	0.86305	1.84746	1.73611	1.19096	1.34916
CAP1	1.10004	0.55705	1.12243	1.57936	0.80781
CAP2	0.04041	0.34663	0.07049	0.00371	0.02537
CAPG	0.067	0.00891	0.25018	0.10609	0.12137
CAPN1	0.19176	0.20736	0.10705	0.38848	0.21482
CAPN10	0.05603	0.04767	0.02968	0.05957	0.06189
CAPN10-DT	0.0889	0.13565	0.10354	0.0598	0.10413
CAPN12	0.06313	0.15023	0.04896	0.02253	0.04484
CAPN13	0	0.00604	0	0	0
CAPN15	0.05614	0.06082	0.0461	0.08304	0.05621
CAPN2	0.34739	0.23693	0.1264	0.44035	0.31234
CAPN3	0.04353	0.07984	0.08294	0.00235	0.06812
CAPN5	0.01832	0.20767	0.06886	0.00141	0.00057
CAPN7	0.21605	0.19359	0.09459	0.26489	0.25473
CAPNS1	0.51933	0.67565	0.44888	0.73937	0.50755
CAPRIN1	0.32983	0.28676	0.26881	0.69487	0.22262
CAPRIN2	0.09971	0.15952	0.0672	0.09467	0.15694
CAPS	0.02757	0.03608	0.03146	0.01007	0.00677
CAPS2	0.00709	0.02836	0.02103	0	0.00683
CAPZA1	0.49899	0.22323	0.35262	0.90133	0.3491
CAPZA2	0.27934	0.33018	0.4246	0.35591	0.26698
CAPZB	0.51142	0.25927	0.68855	0.87388	0.29662
CARD10	0.00742	0.07876	0.03456	0.00296	0.00093
CARD11	0.15292	0.00629	0.02379	0.1325	0.03117
CARD16	0.40209	0.02719	0.29908	0.38242	0.16978
CARD18	0	0.00815	0	0.00347	0.0051
CARD6	0.03432	0.01238	0.06005	0.06898	0.02597
CARD8	0.40491	0.09853	0.25854	0.38471	0.39633
CARD9	0.00787	0.00277	0.07985	0.00545	0
CARF	0.24668	0.21016	0.15799	0.17797	0.16376
CARHSP1	0.07532	0.25709	0.05852	0.22168	0.04865
CARM1	0.06209	0.12572	0.17964	0.1644	0.14486
CARNS1	0	0.00594	0	0.02482	0.00555
CARS	0.17284	0.13676	0.09892	0.25438	0.26181
CARS2	0.16452	0.13273	0.06317	0.14822	0.12306
CASC1	0.00235	0.00226	0	3e-04	0.00488
CASC10	0.00908	0.13153	0.01861	0.001	0
CASC15	0	0.00785	0	0	0
CASC2	0	0.00491	0.00772	0	0
CASC20	0.00044	0.00423	0	0.00044	0
CASC3	0.24722	0.25894	0.21341	0.29376	0.22425
CASC4	0.21048	0.29616	0.22463	0.11791	0.26703
CASC6	0.01352	0.01355	0.00743	0.00616	0.00628
CASC9	0.0014	0.03772	0.01448	0.0011	0.00731
CASD1	0.10009	0.07086	0.0895	0.05036	0.0474
CASK	0.13856	0.14954	0.09962	0.07971	0.04659
CASKIN1	0.00062	0.00251	0.01707	0	0.00099
CASKIN2	0.00338	0.04247	0.02558	0.02245	0.01512
CASP1	0.17115	0.01903	0.17992	0.11175	0.05442
CASP10	0.06852	0.06362	0.15354	0.08968	0.40353
CASP14	0.01499	0.01619	0.0388	0.02333	0.0178
CASP2	0.10159	0.0883	0.07078	0.26622	0.07883
CASP3	0.16991	0.08422	0.08469	0.37973	0.36134
CASP4	0.37029	0.14664	0.31216	0.34492	0.43316
CASP5	0.00027	0.00092	0.04092	0.00241	0
CASP6	0.20824	0.1734	0.16354	0.22886	0.14556
CASP7	0.04474	0.03541	0.06297	0.11943	0.07496
CASP8	0.31762	0.05446	0.02493	0.27104	0.15212
CASP8AP2	0.16765	0.20639	0.20521	0.43346	0.25093
CASP9	0.01745	0.02232	0.02105	0.01189	0.00187
CASQ1	0.00435	0.00342	0.00394	0	0
CASS4	0.00705	0.0034	0.00689	0.01796	0.00149
CAST	0.63498	0.79095	0.96653	0.77306	0.57604
CASZ1	0.04688	0.02225	0.02008	0.02141	0.0123
CAT	0.19711	0.71201	0.23333	0.13722	0.07504
CATSPER2	0.01493	0.04307	0.0225	0.00066	0.01659
CATSPER2P1	0.03854	0.08615	0.07775	0.02415	0.04241
CATSPER3	0	0.00868	0	0	0
CATSPERG	0	0.00444	0.00228	0	0
CAV1	0.01426	0.02433	0.0044	0.10272	0.23762
CAV2	0.079	0.20273	0.12494	0.0435	0.08068
CBFA2T2	0.2067	0.25954	0.15886	0.15019	0.19499
CBFA2T3	0.00092	0.0031	0.02835	0.06096	0.13897
CBFB	0.1706	0.06134	0.06317	0.26292	0.07263
CBL	0.15418	0.05122	0.13113	0.28617	0.12477
CBLB	0.67317	0.07782	0.08089	0.53098	0.26607
CBLC	0.00097	0.02262	0.00705	0	0
CBLL1	0.07259	0.06483	0.04554	0.12906	0.04426
CBLN3	0.00093	0.00787	0.01108	0	0.00852
CBLN4	0	0.0058	0	0	0
CBR1	0.37325	0.74249	0.7181	0.16562	0.09733
CBR3	0.00793	0.01312	0.02029	0.10567	0.00238
CBR3-AS1	0	0.00144	0.00725	0	0
CBR4	0.02348	0.10025	0.0737	0.11006	0.04739
CBS	0	0.00685	0	0	0
CBWD1	0.05726	0.07561	0.07428	0.06068	0.06598
CBWD2	0.01866	0.01969	0.01009	0.0437	0.09524
CBWD3	0.00316	0.00175	0	0.00159	0.00246
CBWD5	0.08954	0.02735	0.04108	0.06487	0.08251
AL163540.1	0.00261	0.00282	0.00071	0.00711	0.00399
CBX1	0.19814	0.17576	0.26685	0.79846	0.19649
CBX2	4e-04	0.00312	0	0	0.00486
CBX3	0.71236	0.64815	0.56808	1.80255	0.53823
CBX3P2	0.00166	0.00288	0.0033	0.00844	0
CBX4	0.1811	0.26361	0.09905	0.20317	0.26179
CBX5	0.41581	0.22368	0.21434	1.21568	0.37697
CBX6	0.11888	0.09923	0.08553	0.23318	0.05919
CBX7	0.03107	0.07481	0.05455	0.08148	0.06655
CBX8	0.01287	0.00721	0.00084	0.02269	0.00965
CBY1	0.01476	0.02503	0.02533	0.00457	0.00478
CC2D1A	0.04483	0.08427	0.02206	0.08754	0.0294
CC2D1B	0.07672	0.10416	0.14783	0.11119	0.06353
CC2D2A	0.16292	0.19709	0.24026	0.14838	0.17817
CCAR1	0.62956	0.49227	0.52717	0.95754	0.68609
CCAR2	0.04029	0.02429	0.01779	0.09054	0.01536
CCBE1	0.28357	0.35385	0.38601	0.19583	0.37323
CCDC102A	0.0135	0.00446	0.00279	0.02652	0.05709
CCDC102B	0.00463	0.00902	0.01561	0	0.01198
CCDC103	0.00057	0.0044	0.00135	0	0
CCDC106	0.00492	0.01305	0.02646	0.00799	0.00072
CCDC107	0.22502	0.11272	0.1797	0.18318	0.13893
CCDC110	0.00115	0.00851	0.00085	0	0.04276
CCDC112	0.02261	0.04407	0.12102	0.0321	0.2136
CCDC113	0.01625	0.06867	0.02985	0.00137	0.00458
CCDC114	0.01829	0.01688	0.01447	0.01225	0.00768
CCDC115	0.04282	0.03294	0.02716	0.03245	0.02035
CCDC117	0.10384	0.15849	0.11739	0.08042	0.24489
CCDC12	0.17714	0.13766	0.14445	0.24571	0.13272
CCDC120	0.0122	0.01761	0.01738	0.03864	0.01006
CCDC121	0.00916	0.01355	0.02371	0.00778	0.01654
CCDC122	0.00167	0.02503	0.01443	0.016	0.03457
CCDC124	0.07151	0.0901	0.09286	0.19272	0.08318
CCDC125	0.2058	0.26644	0.21331	0.18607	0.23112
CCDC126	0.03114	0.03803	0.0105	0.03345	0.0198
CCDC127	0.01979	0.08788	0.06819	0.10902	0.07706
CCDC13	0.00188	0.00582	0.02084	0	0
CCDC130	0.12608	0.10475	0.08313	0.30893	0.11584
CCDC134	0.01599	0.0077	0.00567	0.03908	0.0055
CCDC136	0.04187	0.0082	0.01799	0.06832	0.01425
CCDC137	0.16306	0.14294	0.14585	0.11007	0.1201
CCDC138	0.03823	0.0285	0.01222	0.09528	0.01534
CCDC14	0.16163	0.26648	0.16038	0.38655	0.14479
CCDC141	0.30483	0.0129	0.04628	0.23443	0.17299
CCDC142	0.54471	0.62974	0.66522	0.51651	0.67364
CCDC144A	0.00352	0.03319	0.00298	0	0
CCDC144B	0.10735	0.06517	0.16953	0.12229	0.19403
CCDC144CP	0.0069	0.0034	0.02851	0.01549	0.00678
CCDC144NL	0.00193	0.00502	0	0	0
CCDC146	0.12623	0.08665	0.10046	0.2389	0.10734
CCDC148	0.00173	0.01701	0.00525	0.00709	0
CCDC149	0.0216	0.05925	0.0675	0	0.00266
CCDC15	0.02478	0.04355	0.03201	0.10463	0.00616
CCDC150	0.01404	0.09567	0.04953	0.13886	0.01183
CCDC151	0.00155	0.00988	0.01458	0.01304	0.00278
CCDC152	0.04735	0.06523	0.04272	0.03475	0.04845
CCDC153	0.00311	0.00639	0.01064	0.00614	0.00093
CCDC154	4e-04	0.00964	0.01281	0.00275	0
CCDC157	0.2187	0.26392	0.22533	0.24159	0.27816
CCDC158	0.00382	0.00988	0	0	0.00097
CCDC159	0.04525	0.11041	0.09486	0.01743	0.06693
CCDC167	0.2505	0.34947	0.12582	1.06486	0.51138
CCDC168	0	0.0021	0	0.00235	0.00965
CCDC17	0.00195	0.00908	0.00676	0	0.0086
CCDC170	0.0522	0.28153	0.21726	0.03455	0.05633
CCDC171	0.00396	0.04359	0.03232	0.03608	0.01131
CCDC173	0.00179	0.00524	0.00887	0	0
CCDC174	0.21902	0.18891	0.10075	0.26294	0.22523
CCDC18	0.07544	0.09832	0.11905	0.47304	0.09338
CCDC181	0.00077	0.00596	0.00392	0	0
CCDC183	0.00216	0.00245	0.00379	0	0.01112
CCDC22	0.07564	0.05612	0.08105	0.07128	0.02257
CCDC24	0.01665	0.03157	0.01548	0.00774	0
CCDC25	0.18522	0.16109	0.15523	0.39851	0.16486
CCDC28A	0.2184	0.17884	0.19741	0.23829	0.20782
CCDC28B	0.04357	0.08858	0.03737	0.12481	0.0149
CCDC3	0	0.01418	0	0	0
CCDC30	0.04355	0.06896	0.07159	0.04126	0.07069
CCDC34	0.05683	0.19882	0.0609	0.58657	0.06351
CCDC36	0.00512	0.00654	0.00645	0	0
CCDC38	0	0.00298	0	0	0.00083
CCDC40	0.00679	0.03196	0.01483	0.00128	0.03024
CCDC43	0.19303	0.1093	0.1596	0.25942	0.09477
CCDC47	0.24208	0.56277	0.58853	0.46292	0.45642
CCDC50	0.1049	0.40548	0.29135	0.35472	0.45766
CCDC51	0.00316	0.02131	0.01173	0.01468	0.03131
CCDC57	0.11074	0.05206	0.08808	0.19933	0.18233
CCDC58	0.06192	0.10362	0.04845	0.05987	0.02135
CCDC59	0.20405	0.08949	0.14501	0.28015	0.23855
CCDC6	0.17679	0.12729	0.15476	0.37912	0.16781
CCDC61	0.03642	0.03956	0.0301	0.07882	0.03788
CCDC65	0.01564	0.0017	0.00505	0	0.00032
CCDC66	0.31857	0.14511	0.15394	0.42235	0.34996
CCDC68	0.00174	0.04444	0.02041	0	0.00409
CCDC69	0.61367	0.24982	0.2226	0.98916	1.082
CCDC7	0.0955	0.10773	0.03612	0.11984	0.09571
CCDC71	8e-04	0.00332	0.00391	0.00158	0.00777
CCDC71L	0.03639	0.03417	0.02582	0.03795	0.00691
CCDC73	0.00331	0.03216	0.01367	0.00026	0.00598
CCDC74A	0	0.00086	0	0.00739	0
CCDC77	0.02609	0.02822	0.02058	0.0846	0.04227
CCDC8	0.00133	0.00208	0.00192	0	0.00571
CCDC80	0	0.00162	0.01976	0.05128	0
CCDC81	0	0.00364	0	0.01342	0
CCDC82	0.14432	0.20103	0.17545	0.44908	0.1407
CCDC84	0.06688	0.14665	0.07821	0.16345	0.0858
CCDC85B	0.13249	0.05898	0.11918	0.21698	0.05629
CCDC85C	0.03013	0.12949	0.02756	0.01705	0.01754
CCDC86	0.03894	0.08983	0.10427	0.0123	0.02434
CCDC87	0.00133	0.00479	0.00156	0	0
CCDC88A	0.20004	0.43256	1.28982	0.61443	0.74056
CCDC88B	0.31703	0.05666	0.16777	0.35127	0.33969
CCDC88C	0.49866	0.03442	0.03896	0.37671	0.5636
CCDC9	0.03027	0.02178	0.04651	0.02659	0.0358
CCDC90B	0.25734	0.25981	0.22716	0.23344	0.30532
CCDC91	0.243	0.15782	0.17815	0.2238	0.21521
CCDC92	0.14009	0.11307	0.06645	0.06654	0.04131
CCDC93	0.0777	0.13934	0.16513	0.20741	0.1066
YJU2	0.038	0.0416	0.09713	0.14823	0.09229
CCDC96	0.00161	0.00518	0.00458	0.02654	0.00586
CCDC97	0.09363	0.05345	0.05019	0.09294	0.0605
CCER2	0.00071	0.01315	0	0	0.00626
CCHCR1	0.05414	0.11793	0.05109	0.07861	0.05176
CCL2	0	0.00978	0.05595	0	0
CCL20	0.01814	0.01783	0.00067	0.00086	0
CCL22	0.02044	0.00565	0.00952	0.02208	0.00318
CCL25	0.00039	0.0083	0.00251	0	0.01106
CCL28	0.05789	0.11078	0.08481	0.03103	0.03377
CCL5	2.88364	0.27275	0.29194	2.04872	1.1897
CCL8	0	0.00502	0.02501	0.01563	0
CCM2	0.19532	0.10747	0.12686	0.33643	0.28476
CCM2L	0	0.00536	0	0	0
CCNA2	0.01554	0.02329	0.01667	0.60665	0.02301
CCNB1	0.03658	0.06916	0.04659	0.93773	0.03679
CCNB1IP1	0.04328	0.07758	0.03849	0.07163	0.06653
CCNB2	0.01206	0.03143	0.02164	0.65322	0.01784
CCNB3	0.00372	0.00134	0.01588	0	0
CCNC	0.13751	0.28513	0.13467	0.28421	0.28391
CCND1	0.10008	0.35405	0.27755	0.03943	0.04812
CCND2	1.03729	0.03274	0.10756	0.65487	0.7256
CCND3	0.51408	0.06138	0.13961	0.80535	0.22929
CCNDBP1	0.19713	0.11247	0.124	0.19113	0.13681
CCNE1	0.00645	0.01008	0.02894	0.07477	0.00753
CCNE2	0.01182	0.02457	0.00737	0.21925	0.01703
CCNF	0.01497	0.02144	0.01988	0.3997	0.02711
CCNG1	0.10709	0.18774	0.04557	0.12463	0.07872
CCNG2	0.03368	0.05238	0.07734	0.09582	0.05022
CCNH	0.18451	0.03442	0.13131	0.06664	0.15882
CCNI	1.00042	0.34051	0.65211	1.44065	0.8278
CCNJ	0.00455	0.01308	0.00114	0.00155	0.00029
CCNJL	0.00135	0.00173	0	0.00102	0.00141
CCNK	0.29118	0.15533	0.18752	0.2754	0.19136
CCNL1	0.87869	0.40945	0.76685	0.97745	0.92739
CCNL2	0.28082	0.71492	0.27424	0.43219	0.39327
CCNT1	0.20917	0.21378	0.1427	0.43473	0.09268
CCNT2	0.1645	0.17876	0.09167	0.26675	0.17474
CCNY	0.14435	0.19209	0.1351	0.12491	0.07364
CCNYL1	0.03696	0.0593	0.06023	0.02663	0.0435
CCP110	0.13423	0.13274	0.20431	0.3442	0.13002
CCPG1	0.04135	0.07907	0.0645	0.02361	0.07825
CCR1	0.04789	0.01752	0.44107	0.19635	0.07489
CCR10	0.00297	0.00266	0.00212	0	0.0287
CCR2	0.01569	0.00703	0.00364	0.0932	0.40166
CCR5	0.24666	0.00363	0.02969	0.12635	0.02965
CCR6	0.33213	0.25434	0.22303	0.27669	0.30787
CCR7	0.08755	0.00405	0.02657	0.07379	0.01384
CCRL2	0.01301	0.00203	0.0525	0.01321	0.03993
CCS	0.12578	0.38537	0.16156	0.15277	0.22291
CCSAP	0.03502	0.05688	0.08592	0.07883	0.04192
CCSER1	0.00037	0.0016	0.04144	0.03332	0.01704
CCSER2	0.47342	0.19659	0.18755	0.34456	0.1453
CCT2	0.27045	0.28797	0.19364	0.49515	0.10055
CCT3	0.33366	0.73073	0.35022	0.72031	0.29328
CCT4	0.20522	0.32075	0.26895	0.51973	0.1245
CCT5	0.32828	0.7445	0.2791	1.04863	0.26178
CCT6A	0.37669	0.47523	0.32016	0.72438	0.16689
CCT6B	0.00222	0.00443	0.00477	0.02896	0.01547
CCT6P1	0.01407	0.01214	0.00356	0.02101	0.02355
CCT6P3	0.05917	0.0418	0.0364	0.04293	0.03057
CCT7	0.19113	0.21461	0.15386	0.49978	0.2988
CCT8	0.35524	0.4468	0.26533	0.53786	0.37811
CCZ1	0.04968	0.03501	0.0436	0.05743	0.03077
CCZ1B	0.01227	0.01629	0.0217	0.02178	0.00155
CD101	0.02469	0.00834	0.00127	0.01042	0.01191
CD109	0.0655	0.08789	0.0926	0.1035	0.07462
CD14	0.01527	0.32294	1.21635	0.03106	0.0128
CD151	0.08882	0.338	0.19337	0.14269	0.08217
CD160	0.17983	0.00466	0.00466	0.16356	0.01828
CD163	0.01448	0.02781	1.17046	0.04712	0.00715
CD163L1	0.00051	0.00517	0.24927	0	0.001
CD164	0.43041	0.46266	0.29288	0.4831	0.3852
CD177	0.02757	0.00089	0	0	0
CD180	0.00104	0.00106	0.05526	0.02376	0.13049
CD19	0.0184	0.02675	0.01549	0.1621	0.35468
CD1C	0.00098	0.00166	0.03855	0.01485	0.02195
CD1D	0.02029	0.00288	0.04162	0.01932	0.07526
CD2	1.89143	0.06808	0.06852	1.4509	0.45957
CD200	0.04713	0.00116	0.00372	0.10712	0.00217
CD200R1	0.04137	0.00152	0.10984	0.02512	0.00405
CD209	0.00774	0.01833	0.29599	0.00083	0.00694
CD22	0.00319	0.00605	0.02133	0.19544	0.14907
CD226	0.079	0.00456	0.0164	0.0979	0.03276
CD24	0.05022	0.6792	0.1489	0.04705	0.11401
CD244	0.11688	0.00219	0.01218	0.09844	0.02092
CD247	0.44418	0.00947	0.00784	0.36572	0.10826
CD27	1.06691	0.04562	0.03694	1.09806	0.98864
CD27-AS1	0.01144	0.01428	0.02147	0.00447	0.01468
CD274	0.00419	0.00293	0.02866	0.00129	0
CD276	0.03684	0.11018	0.19984	0.0021	0.03484
CD28	0.15999	0.02906	0.07456	0.22411	0.03918
CD2AP	0.21218	0.34944	0.3406	0.24976	0.26542
CD2BP2	0.19616	0.12766	0.05839	0.21336	0.16422
CD300A	0.04745	0.00107	0.11456	0.0316	0.02375
CD300C	0	0.00154	0.05655	0	0
CD300E	0.027	0.04296	0.06132	0.03086	0.01681
CD300LF	0	0.00507	0.09646	0	0.00018
CD300LG	0.00059	0.00341	0	0.00098	0.0011
CD302	0.00066	0.0082	0.01096	0	0
CD320	0.08617	0.11394	0.04841	0.22826	0.12678
CD33	0.00039	0.00394	0.12243	0.01096	0.00247
CD34	0	0.00373	0	0.00064	0.00713
CD36	0.06895	0.21406	0.18057	0.02656	0.04731
CD37	0.43933	0.01664	0.17244	0.43438	0.40449
CD38	0.15645	0.02331	0.10849	0.47914	0.90527
CD3D	1.43348	0.04044	0.02865	1.23614	0.28724
CD3E	0.76354	0.01528	0.00444	0.56021	0.10618
CD3EAP	0.03288	0.08346	0.03947	0.04638	0.04499
CD3G	0.65475	0.01682	0.01656	0.65254	0.15126
CD4	0.28555	0.01783	0.41914	0.18771	0.0378
CD40	0.00755	0.05268	0.06598	0.01844	0.10031
CD40LG	0.11234	0.00372	0.00331	0.06942	0.01378
CD44	0.7029	0.05418	0.4755	0.58796	0.36982
CD46	0.3435	0.55534	0.28861	0.20941	0.2131
CD47	0.26582	0.16488	0.2278	0.37597	0.25179
CD48	0.29407	0.00565	0.10241	0.20706	0.12881
CD5	0.23927	0.01304	0.00334	0.26397	0.07661
CD52	1.83042	0.1071	0.44095	1.7771	0.9028
CD53	0.48735	0.01524	0.25383	0.44161	0.24971
CD55	0.06234	0.04522	0.10117	0.08092	0.1383
CD58	0.14256	0.03521	0.16471	0.14879	0.03593
CD59	0.20669	0.64099	0.76171	0.30812	0.75199
CD5L	0.00033	0.00134	0.06293	0	0
CD6	0.63608	0.01711	0.00857	0.62963	0.15153
CD63	0.80653	1.29341	2.08859	0.81868	1.07109
CD68	0.0495	0.08701	0.99802	0.05677	0.04982
CD69	0.97751	0.03528	0.05993	0.67017	0.36788
CD7	0.34652	0.00641	0.01517	0.193	0.05248
CD70	0.18376	0.14587	0.09558	0.13293	0.09357
CD72	0.01344	0.00072	0.10806	0.01403	0.01345
CD74	2.32168	0.96845	3.61958	2.88669	3.17892
CD79A	0.04615	0.01757	0.00515	0.24999	1.28613
CD79B	0.07375	0.01674	0.0088	0.27772	0.5221
CD80	0.02332	8e-05	0.01213	0.0322	0.00939
CD81	0.75121	0.98022	0.80802	0.96128	0.54649
CD82	0.35862	0.26231	0.38914	0.41978	0.24618
CD83	0.0363	0.02091	0.62952	0.12506	0.05342
CD84	1.10625	0.37797	1.33767	1.12565	0.62682
CD86	0.02487	0.01942	0.67739	0.06833	0.06852
CD8A	1.03891	0.03977	0.02895	0.94166	0.32037
CD8B	0.57849	0.01824	0.01222	0.58023	0.25306
CD9	0.0275	0.05812	0.14196	0	0.03355
CD93	0.00927	0.01378	0.32159	0.03691	0.00824
CD96	0.90514	0.10924	0.145	0.66196	0.28618
CD99	0.00078	0.00191	0.00482	0.00062	0.00258
CD99L2	0.05059	0.13497	0.0462	0.01287	0.05343
CDA	0.00075	0.02185	0.00862	0.00159	0
CDADC1	0.02645	0.04623	0.01139	0.07691	0.04595
CDAN1	0.04207	0.07436	0.04835	0.0634	0.06565
CDC123	0.18627	0.1838	0.13748	0.44644	0.15852
CDC14A	0.10207	0.02814	0.02376	0.07596	0.02467
CDC14B	0.05166	0.1089	0.05324	0.00254	0.05055
CDC16	0.24554	0.20877	0.12098	0.29483	0.22337
CDC20	0.00733	0.03539	0.03598	0.57537	0.00372
CDC23	0.08005	0.09052	0.06554	0.12836	0.05856
CDC25A	0.01523	0.01672	0.00235	0.12217	0.00727
CDC25B	0.24812	0.2194	0.18726	1.0761	0.30156
CDC25C	0.00754	0.01609	0.00436	0.15494	0.00544
CDC26	0.06381	0.03416	0.05088	0.03136	0.06455
CDC27	0.16553	0.21088	0.19974	0.41547	0.3129
CDC34	0.0643	0.15373	0.08779	0.10871	0.113
CDC37	0.33028	0.24229	0.2669	0.62281	0.35193
CDC37L1	0.10577	0.06556	0.05915	0.11113	0.05767
CDC40	0.43454	0.45089	0.35478	0.41311	0.3944
CDC42	0.73937	0.47536	0.58477	1.0397	0.42527
CDC42BPA	0.07825	0.6203	0.14005	0.00661	0.01007
CDC42BPB	0.06687	0.35193	0.29081	0.11314	0.03687
CDC42BPG	0	0.00432	0	0	0
CDC42EP1	0.0102	0.07713	0.05241	0	0.00041
CDC42EP2	0.02473	0.03755	0.01696	0.00939	0.00125
CDC42EP3	0.16373	0.00769	0.05939	0.15443	0.09221
CDC42EP4	0.02213	0.12195	0.0227	0.00042	0.0012
CDC42P3	0.00162	0.00033	0	0.00223	0.0061
CDC42SE1	0.27482	0.11554	0.29151	0.23173	0.1176
CDC42SE2	0.95081	0.18795	0.42614	1.2478	0.87649
CDC45	0.00254	0.00624	0.00946	0.12237	0.00076
CDC5L	0.26247	0.36802	0.28708	0.50903	0.31122
CDC6	0.04829	0.04143	0.01748	0.32497	0.04958
CDC7	0.02073	0.02161	0.00895	0.06607	0.00915
CDC73	0.24359	0.19901	0.1845	0.27835	0.15994
CDCA2	0.019	0.01796	0.01799	0.64757	0.02644
CDCA3	0.00174	0.01314	0.01979	0.42102	0.00423
CDCA4	0.02617	0.00762	0.00619	0.10044	0.00899
CDCA5	0.02294	0.04229	0.06011	0.91951	0.01846
CDCA7	0.0269	0.01962	0.00905	0.14764	0.01413
CDCA7L	0.01462	0.06809	0.07671	0.10261	0.1129
CDCA8	0.02485	0.04208	0.01149	0.87069	0.00971
CDCP1	0.00371	0.00925	0.19534	0.00655	0.00113
CDH1	0.02575	0.19455	0.02005	0.01675	0.00253
CDH12	0	0.00741	0.00041	0.00045	0
CDH15	0	0.01774	0	0	0
CDH16	0.00122	0.00738	0.00386	0	0
CDH17	0.00261	0.00398	0.0049	0	0.00919
CDH18	0.00413	0.00829	0	0	0
CDH19	0.00282	0.01773	2e-04	0	0.00081
CDH2	0.03942	0.43783	0.12721	0.05454	0.01471
CDH23	0.10691	0.1288	0.12907	0.07499	0.13031
CDH24	0.00131	0.00134	0	0.00166	0
CDH4	0	0.00127	0	0	0.00044
CDH5	0.00365	0.00379	0	0	0
CDH6	0.00729	0.00284	0.00575	0.00326	0.00054
CDH7	0.00257	0.00945	0.00707	0.01118	0.00862
CDH8	0	0.00334	0	0	0
CDH9	3e-04	0.00656	0.00789	0	0
CDHR1	0.1219	0.00369	0.00829	0.02126	0.03103
CDHR2	0.00097	0.02411	0.02224	0.00083	0
CDHR3	0.07058	0.12551	0.06225	0.02966	0.06376
CDHR5	0.05272	0.28648	0.02491	0.00775	0.00032
CDIP1	0.10368	0.10652	0.07982	0.11313	0.07137
CDIPT	0.19606	0.32545	0.12626	0.17389	0.16014
CDIPTOSP	0.00041	0.01845	2e-04	0	0
CDK1	0.00527	0.03735	0.01514	0.5866	0.01061
CDK10	0.13969	0.24975	0.1737	0.1347	0.09729
CDK11A	0.03157	0.02125	0.02996	0.00877	0.00407
CDK11B	0.01062	0.01067	0.00992	0.03143	0.03127
CDK12	0.32561	0.34748	0.37944	0.54796	0.31748
CDK13	0.31809	0.25526	0.18362	0.36929	0.29797
CDK14	0.12358	0.20417	0.10795	0.22025	0.32169
CDK16	0.05124	0.35744	0.05329	0.07313	0.05111
CDK17	0.11582	0.06185	0.07191	0.09024	0.17291
CDK18	0.00112	0.01191	0.01113	0	0.00052
CDK19	0.07181	0.1003	0.11289	0.28837	0.03144
CDK2	0.02394	0.03478	0.04306	0.1157	0.02907
CDK20	0	0.00749	0.00137	0	0
CDK2AP1	0.02334	0.06566	0.08473	0.09557	0.0112
CDK2AP2	0.29004	0.25392	0.14822	0.61473	0.35312
CDK4	0.20566	0.36618	0.26943	0.32839	0.28985
CDK5	0.04219	0.07485	0.04005	0.0844	0.0622
CDK5R1	0.02964	0.01262	0.00239	0.02109	0.00932
CDK5RAP1	0.09289	0.11571	0.02006	0.05699	0.05074
CDK5RAP2	0.4201	0.37706	0.32991	0.70375	0.39325
CDK5RAP3	0.32938	0.62949	0.32837	0.37001	0.62589
CDK6	0.21407	0.25019	0.2426	0.26857	0.19041
CDK7	0.01793	0.05434	0.0379	0.07028	0.06394
CDK8	0.02763	0.03226	0.03605	0.00413	0.02098
CDK9	0.05096	0.02931	0.05186	0.05467	0.04476
CDKAL1	0.07526	0.10732	0.05805	0.07541	0.1397
CDKL1	0.01959	0.01091	0.02005	0.07815	0.02582
CDKL3	0	0.01481	0.01538	0.00166	0.02352
CDKL4	0.00434	0.00446	0.00919	0.00157	0.00294
CDKL5	0.01427	0.03875	0.04786	0.0288	0.02345
CDKN1A	0.0585	0.06786	0.21404	0.06858	0.20624
CDKN1B	0.18114	0.11156	0.16332	0.51335	0.43271
CDKN1C	0.01763	0.06172	0.05623	0	0.01132
CDKN2A	0.05557	0.04523	0.01843	0.09696	0.04993
CDKN2AIP	0.09782	0.05281	0.05182	0.24664	0.15695
CDKN2AIPNL	0.07771	0.12784	0.0754	0.14856	0.04215
CDKN2B	0.02058	0.01858	0.01328	0	0.00608
CDKN2B-AS1	0.03085	0.01545	0.0269	0.0239	0.02443
CDKN2C	0.04457	0.04078	0.03956	0.2295	0.15188
CDKN2D	0.0454	0.01159	0.0146	0.11012	0.01917
CDKN3	0.00571	0.05461	0.01171	0.68506	0.01701
CDNF	0.00297	0.01097	0.00768	0	0.01337
CDO1	0.06286	0.53042	0.08064	0.00503	0.0185
CDON	0.00931	0.02761	0.00541	0.00894	0.0071
CDPF1	0.03761	0.0361	0.02125	0.02778	0.01326
CDR2	0.06168	0.03548	0.04783	0.0748	0.12234
CDRT1	0.00207	0.00772	0.00098	0.00168	0.00206
CDS1	0	0.00825	0.01224	0.00783	0
CDS2	0.10668	0.11623	0.07464	0.13146	0.06539
CDT1	0.08786	0.08	0.08098	0.36425	0.0523
CDV3	0.62897	0.39723	0.55733	0.71388	0.91974
CDYL	0.19555	0.09636	0.10552	0.25183	0.25611
CDYL2	0.11483	0.01616	0.01194	0.03508	0.02341
CEACAM1	0.03495	0.16264	0.05853	0.00065	0.00132
CEACAM19	0	0.0101	0.00298	0.00168	0.00669
CEACAM21	0.04255	0.00375	0.04051	0.05668	0.01302
CEACAM22P	0.12904	0.16106	0.1602	0.11527	0.13787
CEACAM4	0.00162	0.00011	0.02671	0	0
CEACAM5	0.1956	0.13696	0.18317	0.19488	0.1604
CEACAM8	0.00689	0.00244	0.00102	0.00042	0.00074
CEBPA	0.15378	0.58024	0.36893	0.01756	0.00414
CEBPA-DT	0.00772	0.05177	0.0013	0	0.01887
CEBPB	0.08587	0.29237	0.25759	0.08664	0.10486
CEBPD	0.10122	0.19038	0.30226	0.06823	0.01977
CEBPG	0.08631	0.3009	0.18185	0.18744	0.11502
CEBPZ	0.28098	0.30177	0.30692	0.50356	0.2981
ADA2	0.28721	0.06578	0.53073	0.42325	1.07932
CECR2	0.0181	0.11335	0.03335	0.03395	0.01231
CECR3	0.00188	0.00154	0.01192	0	0.01036
HDHD5	0.03331	0.06587	0.08489	0.09528	0.02742
HDHD5-AS1	0.00536	0.01325	0.0113	0	0
CECR7	0.00568	0.0077	0.01258	0	0
CELF1	0.38745	0.77283	0.65559	0.48911	0.2743
CELF2	1.02103	0.07764	0.48535	0.96163	0.66492
CELF4	0.01342	0.03105	0.02945	0.00073	0.00156
CELF5	0.00686	0.04396	0.00975	0	0
CELF6	0.02112	0.04051	0.04031	0.00082	0.0336
CELSR1	0.00583	0.02182	0	0	0.00944
CELSR2	0.01332	0.02005	0.01092	0.00067	0.00297
CELSR3	0.00351	0.02357	0.01344	0.00767	0.00231
CENPA	0.00074	0.00582	0.0025	0.11269	0.00091
CENPB	0.19341	0.20604	0.12779	0.25111	0.15284
CENPBD1	0.1189	0.18909	0.19043	0.11112	0.20937
CENPBD1P1	0.05061	0.14173	0.08302	0.10179	0.05011
CENPC	0.35367	0.11789	0.18	0.59325	0.48159
CENPE	0.21361	0.10428	0.15263	1.95386	0.14787
CENPF	0.18295	0.20938	0.14699	2.61196	0.09093
CENPH	0.02939	0.02264	0.0166	0.20279	0.02774
CENPI	0.00099	0.01399	0.00278	0.07399	0.00138
CENPJ	0.09292	0.12792	0.06962	0.421	0.20559
CENPK	0.09554	0.02409	0.03065	0.48565	0.04397
CENPL	0.03478	0.03175	0.04011	0.24385	0.01818
CENPM	0.0571	0.02992	0.03501	0.50149	0.07677
CENPN	0.16416	0.24091	0.21654	0.68976	0.19598
CENPO	0.03429	0.0199	0.00088	0.22194	0.01145
CENPP	0.01994	0.01465	0.02304	0.05278	0.0137
CENPQ	0.00733	0.0435	0.01967	0.0862	0.0303
CENPT	0.01639	0.01662	0.00369	0.01182	0.0446
CENPU	0.04214	0.07245	0.05988	0.7095	0.04306
CENPV	0.01883	0.09017	0.01748	0.00739	0.00109
CENPW	0.00176	0.04871	0.02734	0.30884	0.00659
CEP104	0.13468	0.24717	0.21373	0.27539	0.19862
CEP112	0.01002	0.04314	0.02881	0.06122	0.00474
CEP120	0.23109	0.08461	0.06524	0.30221	0.13629
CEP128	0.10708	0.04963	0.02026	0.47062	0.55343
CEP135	0.27556	0.16024	0.17684	0.45391	0.26183
CEP152	0.11724	0.10683	0.0502	0.75167	0.13173
CEP164	0.13324	0.20101	0.11266	0.20595	0.0389
CEP170	0.08342	0.17669	0.49729	0.12837	0.10554
CEP170B	0.02874	0.07384	0.01868	0.00138	0.02038
CEP19	0.13247	0.10108	0.10409	0.05697	0.13068
CEP192	0.17932	0.12254	0.09761	0.2598	0.15456
CEP250	0.0925	0.19461	0.12005	0.14208	0.1742
CEP290	0.30188	0.3275	0.32619	0.24541	0.3222
CEP350	0.72688	0.71308	0.63002	1.25917	0.98685
CEP41	0.11487	0.09198	0.10273	0.09981	0.02353
CEP44	0.06853	0.07942	0.04668	0.13885	0.05994
CEP55	0.02873	0.0204	0.0119	0.77139	0.01261
CEP57	0.31818	0.34957	0.19628	0.7139	0.2164
CEP57L1	0.07208	0.09407	0.04895	0.21258	0.09588
CEP63	0.11026	0.17177	0.17368	0.27529	0.24126
CEP68	0.16969	0.19135	0.18806	0.1624	0.17453
CEP70	0.07136	0.14112	0.03932	0.0903	0.05253
CEP72	0.00247	0.01611	0.00827	0.00876	0.00288
CEP76	0.0171	0.02027	0.0086	0.06524	0.01992
CEP78	0.03732	0.03395	0.01966	0.09841	0.00752
CEP85	0.01889	0.0394	0.01487	0.07339	0.04257
CEP85L	0.36168	0.07678	0.12531	0.42589	0.22078
CEP89	0.0583	0.04344	0.03924	0.17685	0.01031
CEP95	0.11877	0.13763	0.10715	0.2058	0.16968
CEP97	0.06716	0.06118	0.07639	0.30765	0.13281
CEPT1	0.0462	0.05804	0.15548	0.04329	0.06666
CERCAM	0.00013	0.00387	0.01655	0	0.07517
CERK	0.30513	0.26557	0.23914	0.37936	0.36316
CERS2	0.11548	0.7005	0.27669	0.04746	0.05884
CERS3	0	0.00201	0.00027	0.00086	0
CERS4	0.0507	0.18346	0.03294	0.07023	0.05318
CERS5	0.19763	0.19858	0.15778	0.173	0.15422
CERS6	0.10885	0.13825	0.18954	0.15949	0.07663
CES1	1.12878	2.75965	1.74754	0.4465	0.51288
CES1P1	0.01501	0.04516	0.0017	0.00109	0.0128
CES1P2	0.00109	0.00205	0	0	0.00929
CES2	0.33976	0.95351	0.45991	0.2896	0.2399
CES3	0.03248	0.10891	0.0572	0.01765	0.0037
CES4A	0.00735	0.01297	0.02251	0.00602	0.01084
CES5A	0.01116	0.00218	0.00021	0	0
CETN1	0	0.00168	0	0	0
CETN2	0.06425	0.21261	0.11819	0.0952	0.06709
CETN3	0.09024	0.05865	0.08484	0.12023	0.0525
CETN4P	0.00044	0.00152	0.00104	0	0.00144
CFB	0.50004	2.23432	0.74843	0.19017	0.18066
CFD	0.01007	0.02354	0.39562	0.00668	0.0124
CFDP1	0.32197	0.37272	0.3482	0.7443	0.27116
CFH	0.20858	1.3306	0.34531	0.05539	0.09774
CFHR1	0.07677	0.77333	0.14528	0.02325	0.01561
CFHR2	0.06333	0.65941	0.11843	0.01603	0.00083
CFHR3	0.00514	0.06221	0.00548	0	0
CFHR4	0.00289	0.02328	0.0033	0	0
CFHR5	0.03823	0.36979	0.035	0.00274	0.00966
CFI	0.0757	0.35648	0.06857	0.00648	0.03228
CFL1	1.31532	0.8699	1.27624	2.38775	0.78471
CFL1P1	0.01985	0.01237	0.00254	0.00832	0.01767
CFL2	0.08399	0.22063	0.07805	0.04238	0.0497
CFLAR	1.26268	0.82021	1.02154	0.94634	1.39932
CFP	0.00433	0.00182	0.07651	0.00447	0.00698
CGGBP1	0.42843	0.31619	0.18458	0.58212	0.3176
CGN	0.0511	0.22746	0.09158	0.00098	0
CGNL1	0.24403	0.82187	0.27617	0.08519	0.08921
CGREF1	0.00192	0.03555	0.01199	0.00037	0.00025
CGRRF1	0.0465	0.03433	0.03944	0.02472	0.0171
CH25H	0.01645	0.00102	0.02872	0.01879	0.00667
CHAC1	0.00873	0.04595	0.0024	0.00067	0.15823
CHAC2	0.00718	0.00283	0.00245	0.02308	0.00558
CHAD	0.00186	0.02148	0.00585	0	0.00034
CHADL	0	0.01391	0.03554	0	0.01474
CHAF1A	0.15657	0.12297	0.06857	0.49045	0.04229
CHAF1B	0.02368	0.0157	0.00731	0.06682	0.01113
CHAMP1	0.0655	0.06833	0.06135	0.13595	0.09865
CHCHD1	0.13264	0.17826	0.1046	0.30597	0.22134
CHCHD10	0.22355	0.50282	0.38314	0.30821	0.32587
CHCHD2	0.67002	0.51628	0.41317	1.07114	0.55106
CHCHD3	0.06903	0.09494	0.13686	0.18727	0.09307
CHCHD4	0.0618	0.09159	0.07174	0.06462	0.04867
CHCHD5	0.11754	0.05429	0.03871	0.12279	0.06895
CHCHD6	0.041	0.03365	0.13725	0.01341	0.02354
CHCHD7	0.14532	0.08713	0.12646	0.22547	0.17275
CHD1	0.31839	0.23533	0.28631	0.27662	0.35433
CHD1L	0.12004	0.3831	0.23604	0.18468	0.14262
CHD2	0.8498	0.6267	0.66033	0.93402	1.11209
CHD3	0.48587	0.03332	0.14405	0.46656	0.14847
CHD4	0.55404	0.66763	0.78561	1.14358	0.58402
CHD5	0	0.00217	0	0	0
CHD6	0.37069	0.36598	0.35638	0.32206	0.41968
CHD7	0.10196	0.22518	0.21529	0.17338	0.4787
CHD8	0.45532	0.32667	0.30992	0.48696	0.48742
CHD9	0.41039	0.36812	0.49952	0.47302	0.76988
CHDH	0.226	0.64027	0.32519	0.14854	0.238
CHEK1	0.03248	0.04446	0.04823	0.34286	0.03173
CHEK2	0.03251	0.04944	0.07578	0.11531	0.02288
CHEK2P2	0.0057	0.0034	0	0	0
CHERP	0.05558	0.10481	0.04973	0.09063	0.03438
CHFR	0.12322	0.08564	0.07222	0.12752	0.11082
CHI3L1	0.18261	0.90384	0.2752	0.05283	0.02566
CHI3L2	0.05462	0.00221	0.00458	0.09284	0.06924
CHIAP2	0.03568	0.04208	0.03121	0.0414	0.03734
CHIC1	0.01081	0.01393	0.00605	0.02699	0.02604
CHIC2	0.04242	0.03086	0.02256	0.067	0.03162
CHID1	0.13667	0.39298	0.32364	0.14012	0.45718
CHKA	0.03162	0.18437	0.17715	0.02798	0.03296
CHKB	0.11495	0.03654	0.09345	0.059	0.09883
CHKB-DT	0.0029	0.01911	0.0026	0	0.01493
CHM	0.18923	0.18065	0.14764	0.19292	0.22503
CHML	0.0988	0.1505	0.17279	0.05919	0.0565
CHMP1A	0.14734	0.2785	0.25663	0.46497	0.15572
CHMP1B	0.24842	0.14682	0.27154	0.24413	0.11772
CHMP2A	0.3456	0.40451	0.31843	0.48852	0.44204
CHMP2B	0.18805	0.19756	0.26566	0.17259	0.15427
CHMP3	0.06063	0.02845	0.0532	0.01037	0.05588
CHMP4A	0.45098	0.20124	0.27876	0.72202	0.36581
CHMP4B	0.14804	0.13143	0.27083	0.20359	0.23183
CHMP4C	0.06963	0.11836	0.07504	0.03374	0.08356
CHMP5	0.08606	0.09731	0.10994	0.07259	0.11811
CHMP6	0.04953	0.12159	0.0872	0.15368	0.05625
CHMP7	0.07303	0.03652	0.04076	0.13803	0.06176
CHN1	0.04223	0.00996	0.00796	0.08527	0.00066
CHN2	0.08935	0.14984	0.10081	0.08803	0.03378
CHODL	0	0.00564	0	0.00051	0.01698
CHORDC1	0.24348	0.10868	0.14133	0.16943	0.14867
CHP1	0.13499	0.34545	0.22128	0.18377	0.16078
CHP2	0.01533	0.03859	0.00601	9e-04	0.00165
CHPF	0.073	0.10571	0.08247	0.08485	0.36987
CHPF2	0.03323	0.07522	0.06377	0.03777	0.17356
CHPT1	0.0762	0.34069	0.16906	0.05409	0.04559
CHRAC1	0.08891	0.10297	0.13087	0.20799	0.08901
CHRD	0.02739	0.11261	0.03158	0.01709	0.00202
CHRDL1	0.00046	0.00375	0	0.00098	0.00449
CHRDL2	0	0.02142	0.00606	0	0
CHRM3	0.01539	0.02599	0.00646	0.00086	0.00229
CHRNA10	0.00083	0.00423	0	0.00525	0.00333
CHRNA2	0	0.00182	0.00387	0	0
CHRNA3	0.00082	0.00024	3e-04	0	0
CHRNA5	0.19721	0.19741	0.24927	0.10276	0.15192
CHRNA7	0.00319	0.00258	0.00434	0	0.00042
CHRNB1	0.19381	0.22815	0.22055	0.14185	0.22278
CHRND	0	0.00262	0	0	0
CHRNE	0.00065	0.00751	0.00643	0.00243	0
CHST1	0.00141	0.00476	0.00679	0.00078	0.00106
CHST10	0.01161	0.01285	0.01469	0.00885	0.00602
CHST11	0.21088	0.01517	0.09754	0.16283	0.12757
CHST12	0.09635	0.03193	0.00767	0.04621	0.13073
CHST13	0.02991	0.17088	0.07008	0.00135	0.0057
CHST14	0.00406	0.01821	0.00355	0.0225	0
CHST15	0.04904	0.16093	0.14334	0.13671	0.46985
CHST2	0.02906	0.00136	0.00737	0.08578	0.11711
CHST3	0.00697	0.0078	0.00259	0.00461	0.00852
CHST5	0.0056	0.01303	0.02287	0.00321	0.00994
CHST6	0.3562	0.37712	0.28703	0.19532	0.29694
CHST7	0.01178	0.01208	0.01594	0.0077	0.02527
CHST9	0.00572	0.02849	0.00732	0.00225	0.01535
CHSY1	0.07541	0.03789	0.05555	0.10865	0.07598
CHTF18	0.00919	0.03941	0.00817	0.12652	0.02809
CHTF8	0.03306	0.0842	0.09717	0.10694	0.1113
CHTOP	0.23008	0.3629	0.17265	0.51771	0.18761
CHUK	0.05923	0.08247	0.06438	0.15087	0.04825
CHURC1	0.62284	0.33804	0.30295	0.67821	0.41598
CIAO1	0.7097	0.60408	0.54001	0.63607	0.67401
CIAPIN1	0.0684	0.12025	0.06299	0.12937	0.04679
CIB1	0.60343	0.43513	0.34897	0.79275	0.51701
CIB2	0.01517	0.05356	0.03075	0.03284	0.03584
CIC	0.02953	0.06316	0.03144	0.04588	0.0391
CIDEB	0.05404	0.14016	0.09113	0.10114	0.02157
CIDEC	0.0062	0.01437	0.01127	0.00702	0.00202
CIDECP	0.0181	0.03457	0.01878	0.05252	0.01387
CIITA	0.01609	0.01418	0.12958	0.04314	0.03986
CINP	0.12095	0.09857	0.09987	0.08378	0.20682
CIPC	0.0241	0.05445	0.06345	0.00776	0.03397
CIR1	0.29651	0.24116	0.28628	0.334	0.48444
CIRBP	0.90976	0.51115	0.6409	0.7409	1.40842
CISD1	0.11532	0.3164	0.10573	0.17182	0.06014
CISD2	0.21448	0.29272	0.37807	0.33187	0.1757
CISH	0.08738	0.01725	0.02083	0.04159	0.01291
CIT	0.04429	0.03759	0.02017	0.41394	0.00802
CITED2	0.22014	0.0502	0.11515	0.19345	0.67458
CITED4	0.02765	0.11721	0.03206	0.02748	0.01154
CIZ1	0.18202	0.09858	0.11246	0.21858	0.11857
CKAP2	0.20063	0.12263	0.13655	1.15931	0.20137
CKAP2L	0.04493	0.06534	0.05776	0.49513	0.03067
CKAP4	0.10488	0.38292	0.14251	0.16231	0.48711
CKAP5	0.22655	0.25929	0.25968	1.25273	0.21334
CKB	0.04311	0.18198	0.1336	0.01986	0.02082
CKLF	0.23126	0.06955	0.12869	0.3306	0.05131
CKMT1A	0	0.01622	0.00366	0.00427	0
CKMT1B	0.00768	0.02643	0.0168	0.00143	0
CKMT2	0	0.00132	0	0	0
CKMT2-AS1	0.05792	0.12608	0.09581	0.02815	0.05803
CKS1B	0.07788	0.22512	0.13066	0.72501	0.0335
CKS2	0.11995	0.08761	0.13358	1.00586	0.08789
CLASP1	0.13997	0.10411	0.14695	0.23099	0.10444
CLASP2	0.07828	0.08678	0.13866	0.09038	0.06778
CLASRP	0.01543	0.03279	0.05339	0.09018	0.01353
CLCC1	0.07898	0.11248	0.0819	0.13136	0.18384
CLCF1	0.00171	0.01147	0.00123	0	0.00857
CLCN2	0.00896	0.01524	0.00307	0.00044	0.00697
CLCN3	0.14891	0.17894	0.14507	0.25853	0.14892
CLCN4	0.01072	0.02946	0.0287	0.01882	0.03271
CLCN5	0.03268	0.18918	0.06418	0.00167	0.01298
CLCN6	0.03124	0.07521	0.06413	0.01708	0.02154
CLCN7	0.10612	0.21333	0.29886	0.17231	0.09575
CLCNKA	0.00075	0.01429	0.00874	0	0
CLCNKB	0.00723	0.04446	0.02979	0.00044	0
CLDN1	0.08754	0.45506	0.15176	0.01689	0.02031
CLDN10	0.01004	0.00627	0.01572	0.0127	0.00532
CLDN11	0	0.02136	0.00426	0	0.00048
CLDN12	0.02871	0.14569	0.02327	0.00037	0
CLDN14	0.00154	0.02808	0.01829	0.00162	0
CLDN15	0.04584	0.09562	0.04786	0.00236	0.05083
CLDN16	0.11261	0.12477	0.15471	0.07907	0.082
CLDN18	0.00456	0.01574	0.013	0.00147	0.00943
CLDN19	0.05485	0.09238	0.07213	0.03741	0.03761
CLDN2	0.0058	0.10766	0.02712	0	0.01219
CLDN23	0	0.00887	0.00626	0.02006	0
CLDN3	0.026	0.08845	0.03185	0	9e-04
CLDN4	0.04462	0.06037	0.03182	0	0
CLDN5	0	0.00779	0.00139	0	0.00031
CLDN7	0	0.02757	0.01093	0.00684	0.01015
CLDN9	0	0.00258	0	0	0
CLDND1	0.10725	0.05431	0.05978	0.26083	0.02507
CLDND2	0.00262	0.01383	0.00715	0.01761	0.00063
CLEC10A	0.00075	0.00213	0.0651	0.0071	0
CLEC11A	0.00766	0.01203	0.02914	0.009	0.00764
CLEC12A	0.00668	0.00252	0.08841	0.02204	0
CLEC14A	0	0.0044	0	0.00965	0.00145
CLEC16A	0.02017	0.04826	0.03666	0.07504	0.04248
CLEC19A	0.00981	0.01613	0.01625	0.00632	0.02066
CLEC2B	0.36213	0.0295	0.34706	0.51703	0.277
CLEC2D	0.96517	0.12089	0.2628	0.88332	0.36632
CLEC2L	0	0.00561	0.00042	0	0
CLEC3B	0	0.0029	0.03179	0.00304	0.00721
CLEC4A	0.00097	0.00247	0.08579	0.00639	0.0195
CLEC4E	0.0021	5e-04	0.02373	0	0
CLEC4GP1	0.87378	1.20826	1.32443	0.74714	1.01346
CLEC5A	0	0.00095	0.03789	0	0
CLEC7A	0.03586	0.00899	0.28992	0.03791	0.00974
CLEC9A	0.00055	0.00044	0.02088	0.0589	0.00029
CLECL1	0.01053	0.00128	0.07713	0.00693	0.00938
CLGN	0.00443	0.0974	0.01045	0.01132	0.002
CLHC1	0.02928	0.01878	0.02657	0.01429	0.01971
CLIC1	0.37866	0.14429	0.35351	0.55234	0.2077
CLIC2	0.01877	0.02415	0.17842	0.02267	0.00263
CLIC3	0.10505	0.00394	0.00859	0.01592	0.0505
CLIC4	0.05603	0.12206	0.03992	0.1082	0.46637
CLINT1	0.3493	0.356	0.4047	0.48175	0.73404
CLIP1	0.6384	0.7065	0.58682	0.79227	0.46541
CLIP2	0.00744	0.03421	0.01884	0.00628	0.02647
CLIP3	0.02694	0.03528	0.00558	0.03594	0
CLIP4	0.08402	0.1719	0.10003	0.08839	0.10208
CLK1	0.88543	0.30929	0.66495	0.69453	0.69681
CLK2	0.21822	0.28503	0.13864	0.26651	0.14058
CLK3	0.18196	0.09295	0.11059	0.20261	0.12149
CLK4	0.08889	0.08696	0.06286	0.07183	0.14568
CLMN	0.05947	0.28177	0.15952	0.03505	0.12398
CLMP	0.04482	0.06263	0.10095	0.01887	0.03913
CLN3	0.1333	0.30503	0.18883	0.12219	0.09764
CLN5	0.03224	0.06166	0.06358	0.01138	0.01762
CLN6	0.04243	0.1366	0.23961	0.28429	0.1504
CLN8	0.18798	0.26732	0.28811	0.24578	0.25394
CLNK	0.0311	0.002	0.0013	0.05418	0.02797
CLNS1A	0.17691	0.19677	0.05498	0.14782	0.09334
CLOCK	0.13495	0.16374	0.12204	0.07689	0.17838
CLP1	0.00412	0.0281	0.00053	0.05082	0.04163
CLPB	0.00739	0.07371	0.04598	0.00601	0.03161
CLPP	0.26648	0.09902	0.09959	0.46243	0.28611
CLPTM1	0.04687	0.0986	0.0455	0.04242	0.10556
CLPTM1L	0.14158	0.35991	0.16912	0.19298	0.54299
CLPX	0.25321	0.29309	0.18434	0.35666	0.25178
CLRN1-AS1	0.00301	0.00359	0.01228	0.00197	0.00684
CLRN3	0	0.01981	5e-04	0	0
CLSPN	0.44385	0.52524	0.45101	1.09819	0.55373
CLSTN1	0.36538	0.36449	0.19668	0.33611	0.30509
CLSTN3	0.0579	0.02801	0.01737	0.00765	0.02423
CLTA	0.24451	0.24885	0.55512	0.53843	0.26894
CLTB	0.15795	0.15981	0.11169	0.2086	0.13307
CLTC	0.38053	0.76005	0.88763	0.62443	0.3406
CLTCL1	0.00526	0.03554	0.00808	0.00066	0
CLU	1.04488	2.29611	1.42737	0.38006	0.45768
CLUAP1	0.26406	0.36944	0.2987	0.22245	0.30804
CLUH	0.12433	0.3246	0.22746	0.06041	0.06271
CLUHP3	0.11613	0.07147	0.02333	0.07217	0.04691
CLUL1	0.00099	0.00204	0	0	0
CLVS1	0.00092	0.00803	0.00401	0	0
CLVS2	0.00122	0.09387	0.00183	0	0
CLYBL	0.04196	0.12239	0.03523	0.04191	0.03077
CMAHP	0.03322	0.04286	0.03189	0.09208	0.24205
CMAS	0.09278	0.25566	0.06441	0.18792	0.09598
CMBL	0.40715	1.08836	0.60901	0.14829	0.15618
CMC1	0.30737	0.09323	0.05829	0.22785	0.09733
CMC2	0.17513	0.13653	0.10815	0.39369	0.12476
CMC4	0.04938	0.0546	0.03897	0.02533	0.03677
CMIP	0.19873	0.18772	0.18542	0.2301	0.09386
CMKLR1	0.00488	0.01418	0.55101	0.04224	0.01412
CMPK1	0.24956	0.31961	0.19026	0.24839	0.18054
CMPK2	0.00834	0.01809	0.0137	0.02467	0.01547
CMSS1	0.03694	0.1415	0.12216	0.2425	0.05903
CMTM3	0.17579	0.01566	0.19006	0.14303	0.03706
CMTM4	0.01264	0.03875	0.02877	0	0.00057
CMTM6	0.55222	0.44334	0.74229	0.66306	0.42912
CMTM7	0.18146	0.05563	0.25652	0.30027	0.26598
CMTM8	0.05603	0.15657	0.04402	0.00082	0
CMTR1	0.07234	0.10384	0.07798	0.08474	0.07465
CMTR2	0.02981	0.04701	0.02066	0.00947	0.01706
CMYA5	0.00222	0.03254	0.01907	0	0.00618
CNBD2	0.00553	0.00577	0.01168	0.00114	0.00674
CNBP	0.58376	0.52203	0.49035	0.5004	0.61681
CNDP1	0	0.00222	0	0	0.00985
CNDP2	0.29107	0.39383	0.51783	0.50867	0.28648
CNEP1R1	0.01889	0.02069	0.03645	0.00362	0.00504
CNFN	0.01141	0.03115	0.02363	0	0.00042
CNGA1	0.00717	0.06821	0.01183	0	0.00092
CNGB1	0.02694	0.02673	0.02715	0.02928	0.02363
CNGB3	0.00675	0.00231	0.00194	0	0
CNIH1	0.11691	0.26849	0.08479	0.08168	0.0707
CNIH2	0.00229	0.00178	0	0.00491	0
CNIH3	0	0.00317	0	0	0.00315
CNIH4	0.09835	0.24852	0.12264	0.25261	0.11125
CNKSR1	0	0.00013	0	0.02282	0.06877
CNKSR2	0.01392	0.03788	0.01435	0.01693	0.00933
CNKSR3	0.00905	0.05626	0.02137	0	0.00198
CNN2	0.85899	0.14183	0.38987	1.37009	0.53935
CNN3	0.03071	0.20215	0.06162	0.00855	0.00392
CNNM1	0.03757	0.09882	0.07127	0.05084	0.08561
CNNM2	0.03851	0.06252	0.03083	0.04126	0.04271
CNNM3	0.12131	0.22276	0.11111	0.08923	0.1036
CNNM4	0.02189	0.01941	0.02803	0.00246	0.00176
CNOT1	0.56824	0.37811	0.37662	0.77	0.27612
CNOT10	0.11575	0.15381	0.1131	0.20386	0.14817
CNOT11	0.12787	0.21537	0.11797	0.25946	0.09864
CNOT2	0.42537	0.38658	0.2531	0.74802	0.31624
CNOT3	0.05523	0.08267	0.06658	0.16897	0.12148
CNOT4	0.14107	0.11753	0.08538	0.14246	0.13833
CNOT6	0.15486	0.10581	0.10749	0.17686	0.09651
CNOT6L	0.69243	0.12617	0.15415	0.64967	0.38482
CNOT7	0.22063	0.15669	0.17497	0.2605	0.23874
CNOT8	0.07606	0.06014	0.0724	0.14661	0.08822
CNP	0.0757	0.10847	0.09005	0.20292	0.18497
CNPPD1	0.15232	0.20419	0.1684	0.20025	0.12041
CNPY2	0.25499	0.38534	0.25489	0.29244	0.40221
CNPY3	0.29095	0.26061	0.45116	0.72268	0.40842
CNPY4	0.02576	0.01573	0.00978	0.03728	0.00331
CNR1	0.00105	0.01124	0	0.00191	0.00144
CNRIP1	0.00051	0.00516	0.0556	0.00523	0
CNST	0.11983	0.14792	0.10414	0.11938	0.10085
CNTD1	0.00381	0.00838	0.00429	0.00032	0.00034
CNTD2	0	0.01131	0.01279	0	0
CNTFR	0.00329	0.00076	0.00131	0	0
CNTLN	0.1244	0.28277	0.44445	0.23554	0.13193
CNTN4	0.00086	0.00305	0.00149	0.00246	0.0117
CNTN5	0.00475	0.0031	0.00112	0	0
CNTNAP1	0.00663	0.03926	0.03258	0	0
CNTNAP2	0.00033	0.07712	0.00062	0.0068	0.01298
CNTNAP3	0.00123	0.00864	0.00161	0	0
CNTNAP4	0.00151	0.00828	0.00674	0	0.00017
CNTRL	0.5526	0.10256	0.45956	1.19613	0.57885
CNTROB	0.02938	0.04438	0.07073	0.12004	0.04241
COA1	0.21541	0.1858	0.19327	0.24732	0.19558
COA3	0.40619	0.67951	0.39499	0.58505	0.32332
COA4	0.077	0.20655	0.09226	0.22025	0.11481
COA5	0.05544	0.13721	0.09238	0.12707	0.07179
COA6	0.09049	0.13769	0.07047	0.1567	0.06145
COA7	0.2569	0.28547	0.26107	0.27852	0.23556
COASY	0.24594	0.40129	0.23365	0.37784	0.21972
COBL	0.03012	0.10422	0.01391	0	0.00193
COBLL1	0.10813	0.45004	0.11407	0.2361	0.61591
COCH	0.02219	0.08144	0.04672	0.03684	0.02999
COG1	0.0544	0.06097	0.03224	0.12236	0.07701
COG2	0.17162	0.19249	0.11776	0.22385	0.18273
COG3	0.06128	0.10024	0.07075	0.12795	0.11736
COG4	0.17388	0.17172	0.10385	0.19371	0.18264
COG5	0.11601	0.10012	0.05973	0.08564	0.13379
COG6	0.03536	0.05489	0.03446	0.06311	0.05197
COG7	0.03353	0.0693	0.04743	0.03592	0.07242
COG8	0.00915	0.01638	0.01303	0.00131	0.0145
COIL	0.13625	0.14077	0.09037	0.18722	0.15406
COL11A2	0.00473	0.02459	0.00853	0.00737	0.04719
COL16A1	0.01009	0.04392	0.01649	0	0
COL18A1	0.21949	0.95536	0.32729	0.06255	0.08596
COL1A1	0.00279	0.01426	0.00307	0	0
COL1A2	0	0.01002	0.00279	0	0.00786
COL22A1	0.0212	0.05411	0.06135	0.00037	0
COL23A1	0	0.00289	0	0	0
COL24A1	0.01653	0.10007	0.04415	0.00377	0.07758
COL26A1	0.00041	0.01034	0.00929	0	0
COL27A1	0.0537	0.27187	0.04639	0.0096	0.01949
COL28A1	0	0.00366	0.00592	0.0011	0
COL3A1	0	0.0079	0	0.00119	0
COL4A1	0.01249	0.02035	0.00238	0	0.00123
COL4A2	0.00033	0.01833	0	0	0
COL4A3	0	0.00365	0	0.00069	0.01732
COL4A3BP	0.26934	0.15486	0.24696	0.28536	0.14501
COL4A4	0.01563	0.00733	0.00871	0.02579	0.05934
COL4A5	0.01387	0.03287	0.00291	0	0
COL5A1	0.02781	0.00149	0.0144	0.00451	0
COL5A2	0.01337	0.07609	0.01581	0.00643	0.01217
COL5A3	0.01892	0.05405	0.01825	0.00081	0.01344
COL6A1	0.02642	0.10745	0.05309	0	0.00056
COL6A2	0.0148	0.01253	0.00883	0	0
COL6A3	0.00246	0.00557	0.01079	0.00055	0
COL6A4P1	0	0.00208	0.00089	0	0
COL6A4P2	0.00839	0.00541	0.00021	0.0188	0.03348
COL7A1	0.00666	0.14618	0.01358	0.00086	0.01765
COL8A2	0.01405	0.00202	0.00714	5e-04	0.00038
COL9A2	0.02124	0.0066	0.02131	0.01601	0.01382
COL9A3	0.00076	0.01809	0.00692	0.00677	0.08392
COLCA1	0.00746	0.01603	0.00988	0.01553	0.02896
COLCA2	0	0.02417	0.00034	0	0.01072
COLEC11	0.00732	0.03081	0.00672	0.00093	0
COLEC12	0.0029	0.00754	0.26688	0	0
COLGALT1	0.08891	0.16578	0.36755	0.10645	0.06803
COLGALT2	0.02521	0.00504	0.00142	0	0.00306
COLQ	0.03862	0.03452	0.01119	0.00139	0.00617
COMMD1	0.18973	0.17647	0.13878	0.34576	0.26459
COMMD10	0.06124	0.06499	0.0861	0.0953	0.10235
COMMD2	0.42518	0.49157	0.48459	0.46854	0.44386
COMMD3	0.13237	0.25121	0.06858	0.21682	0.32921
COMMD4	0.18423	0.25638	0.1103	0.3275	0.11221
COMMD5	0.05215	0.07883	0.09296	0.07929	0.08598
COMMD6	0.55167	0.23919	0.21012	0.50931	0.30382
COMMD7	0.30217	0.25109	0.2105	0.35091	0.16504
COMMD8	0.12165	0.07731	0.06111	0.19665	0.07172
COMMD9	0.22675	0.28768	0.30705	0.26109	0.22141
COMT	0.04033	0.08498	0.09878	0.03774	0.07184
COMTD1	0.03684	0.07344	0.05486	0.09626	0.13216
COPA	0.33566	0.59754	0.41692	0.48336	0.54369
COPB1	0.37105	0.5244	0.38673	0.57387	0.30739
COPB2	0.19095	0.33277	0.21821	0.4461	0.32396
COPE	0.10474	0.06265	0.0396	0.15437	0.21069
COPG1	0.09887	0.18028	0.11945	0.12798	0.17466
COPG2	0.01452	0.01382	0.02811	0.11083	0.00096
COPRS	0.08731	0.42073	0.29209	0.14571	0.09414
COPS2	0.20032	0.15599	0.16466	0.28007	0.19221
COPS3	0.05502	0.04387	0.03557	0.19169	0.08004
COPS4	0.1061	0.06016	0.0586	0.11983	0.0649
COPS5	0.13328	0.13862	0.08675	0.18454	0.08789
COPS6	0.38662	0.49508	0.28553	0.86798	0.3876
COPS7A	0.04895	0.0451	0.07099	0.0463	0.00873
COPS7B	0.04182	0.06252	0.03356	0.08614	0.03209
COPS8	0.04388	0.11813	0.04398	0.10921	0.08404
COPZ1	0.21293	0.33789	0.26393	0.52264	0.47897
COPZ2	0.01316	0.04444	0.04452	0.02867	0.07475
COQ10A	0.04463	0.11475	0.03647	0.05389	0.06383
COQ10B	0.26205	0.23326	0.22984	0.16898	0.21219
COQ2	0.00555	0.01691	0.06653	0.04968	0.01245
COQ3	0.0033	0.04763	0.03952	0.04457	0.00115
COQ4	0.12099	0.13383	0.07508	0.11187	0.19599
COQ5	0.056	0.1237	0.10373	0.13032	0.04868
COQ6	0.05502	0.04725	0.04912	0.04173	0.02334
COQ7	0.00759	0.03069	0.00646	0.1166	0.02222
COQ9	0.05661	0.15514	0.08236	0.08109	0.09284
CORIN	0	0.0033	0	0	0
CORO1A	0.13647	0.00202	0.03077	0.39562	0.10834
CORO1B	0.00539	0.00392	0.00919	0.00639	0.01066
CORO1C	0.10281	0.19519	0.33041	0.38569	0.10728
CORO2A	0.43919	0.36162	0.33641	0.36906	0.34726
CORO6	0.00852	0.00292	0.00545	0	0.00273
CORO7	0.10599	0.02534	0.17471	0.12633	0.11722
COTL1	0.57734	0.03653	0.5651	1.11452	0.23802
COX10	0.1051	0.05924	0.02431	0.13078	0.04289
COX10-AS1	0.07468	0.03535	0.01513	0.01167	0.02211
COX11	0.07796	0.10943	0.05361	0.08934	0.12712
COX14	0.43408	0.50449	0.43208	0.27173	0.32253
COX15	0.12455	0.15398	0.12448	0.19781	0.05603
COX16	0.09137	0.08032	0.12201	0.24654	0.10709
COX17	0.29324	0.41247	0.35456	0.57586	0.31666
COX18	0.10281	0.08361	0.09904	0.15819	0.18443
COX19	0.20474	0.17193	0.10504	0.26322	0.15647
COX20	0.39142	0.49415	0.34848	0.54266	0.17674
COX4I1	1.45706	1.27052	1.09134	1.9725	1.32591
COX5A	0.53032	0.6057	0.4751	1.17007	0.70563
COX5B	1.06309	1.1799	0.93263	1.49415	0.95742
COX6A1	0.91442	1.23604	0.80314	1.42307	0.88366
COX6A2	0.01119	0.01729	0.00456	0	0
COX6B1	0.88078	1.09606	0.86631	1.4444	0.99059
COX6B2	0.00097	0.00342	0.00272	0	0.00516
COX6C	0.57859	0.69569	0.51899	0.81495	0.42022
COX7A2	0.88278	0.96323	0.53775	1.3926	0.96001
COX7A2L	0.17078	0.25676	0.13908	0.20429	0.08644
COX7B	0.46915	0.6191	0.41079	0.74862	0.44778
COX7B2	0.00076	0.08263	0.01025	0.00257	0.00143
COX7C	1.09972	1.02252	0.87922	1.42543	1.05511
COX8A	0.56939	0.51277	0.35841	1.04341	0.42244
COX8C	0.00038	0.00033	0	0	0
CP	0.44806	2.00659	0.93527	0.07548	0.05451
CPA2	0.00041	0.01237	0.00172	0.0011	0
CPA4	0.00923	0.0032	0.00242	0.00125	0.00301
CPA5	0.01976	0.00028	0	0.022	0.00221
CPA6	0	0.00213	0.00095	0	0
CPAMD8	0	0.00692	0.00221	0.00073	0.01941
CPB2	0.12318	0.84326	0.24851	0.03432	0.02105
CPB2-AS1	0.04726	0.04416	0.04067	0.03248	0.04126
CPD	0.29727	0.39265	0.12487	0.20628	0.09549
CPE	0.0797	0.23867	0.14209	0.02567	0
CPEB1	0.02954	0.00813	0.00338	0.00056	0
CPEB2	0.02968	0.10343	0.05325	0.03414	0.02833
CPEB3	0.01001	0.05847	0.05399	0.01475	0.0477
CPEB4	0.18133	0.39537	0.42479	0.17578	0.92112
CPED1	0.01264	0.05648	0.06432	0.00679	0.00982
CPLX1	0.01173	0.04992	0.02692	0.02681	0.0044
CPLX2	0.08678	0.14166	0.06819	0.02968	0.00229
CPM	0.27281	0.41045	0.68977	0.19532	0.21193
CPN1	0	0.03498	0.00261	0.00037	0.00082
CPN2	0.07082	0.33186	0.05851	0.00556	0.00813
CPNE1	0.49283	0.47756	0.22205	0.72436	0.49951
CPNE2	0.00404	0.0273	0.06299	0.00628	0.00475
CPNE3	0.25578	0.47134	0.40298	0.47853	0.38216
CPNE5	0.03901	0.0158	0.00148	0.24559	0.97487
CPNE7	0.03845	0.00628	0	0.02231	0.01346
CPNE8	0.04677	0.13806	0.10621	0.05143	0.01009
CPOX	0.01315	0.07611	0.03796	0.11241	0.03027
CPPED1	0.21176	0.45422	0.45313	0.2341	0.24598
CPQ	0.05739	0.14137	0.12797	0.03205	0.00747
CPS1	0.18268	0.78397	0.29301	0.14052	0.06038
CPSF1	0.13538	0.20659	0.12353	0.29984	0.22812
CPSF2	0.21287	0.17854	0.22776	0.36999	0.22188
CPSF3	0.1362	0.21562	0.1406	0.44004	0.15989
INTS11	0.17961	0.2522	0.21115	0.36291	0.19481
CPSF4	0.03625	0.05818	0.05803	0.03371	0.06367
CPSF6	0.13367	0.18987	0.09164	0.26416	0.10071
CPSF7	0.1345	0.34471	0.22781	0.15165	0.08342
CPT1A	0.42368	0.63535	0.27361	0.51005	0.31347
CPT1B	6e-04	8e-04	0.00039	0	0.00029
CPT1C	0.00119	0.00225	0	0.0124	0.00045
CPT2	0.17554	0.29451	0.32476	0.23805	0.24092
CPVL	0.03936	0.1023	0.56868	0.11071	0.0182
CPXM2	0.00031	0.00748	0.00692	0	0
CR1	0.00044	0.00699	0.10359	0.00247	0.00218
CR1L	0	0.00187	0.00041	0	0
CR2	0	0.00077	0	0.02732	0.01282
CRADD	0.02538	0.04976	0.02511	0.03413	0.02724
CRAT	0.09503	0.19304	0.09157	0.04774	0.04272
CRB1	0.00025	0.00243	0.00724	0.00029	0.00014
CRB3	0.00138	0.02291	0.00901	0	0.00918
CRBN	0.19559	0.19073	0.15135	0.20986	0.24248
CRCP	0.36218	0.29573	0.34777	0.33894	0.32538
CREB1	0.13065	0.12312	0.16199	0.33445	0.15234
CREB3	0.08859	0.0781	0.06408	0.1639	0.175
CREB3L1	0.00038	0.00478	0.00158	0.00056	0
CREB3L2	0.20519	0.14759	0.12989	0.31792	1.08778
CREB3L3	0.0377	0.22728	0.044	0.04505	0.01193
CREB3L4	0.03786	0.11198	0.05942	0.0499	0.045
CREB5	0.00892	0.00365	0.06439	0.05364	0.00101
CREBBP	0.40533	0.32477	0.37505	0.6395	0.48012
CREBL2	0.0822	0.11861	0.34098	0.1425	0.08617
CREBRF	0.30367	0.27337	0.28138	0.22847	0.41325
CREBZF	0.15498	0.31054	0.09385	0.1365	0.09481
CREG1	0.03495	0.25871	0.42922	0.04223	0.03351
CRELD1	0.04157	0.19628	0.04972	0.04404	0.06648
CRELD2	0.12809	0.17417	0.12682	0.25607	0.38032
CREM	0.27138	0.09607	0.25099	0.20614	0.14647
LINC02210	0.09659	0.1249	0.13751	0.09612	0.13695
CRIM1	0.19074	0.15307	0.00903	0.26867	0.03845
CRIP1	1.09708	0.07779	0.14924	2.25141	0.63315
CRIP2	0.03793	0.12106	0.02693	0	0.00991
CRIP3	0.0049	0.04495	0.00621	0.0038	0
CRIPT	0.14427	0.16201	0.12839	0.12628	0.17492
CRISPLD1	0.00203	0.00399	0.00806	0	0
CRISPLD2	0.00238	0.0059	0.00061	0.0011	0.00249
CRK	0.25682	0.37075	0.36232	0.37936	0.33508
CRKL	0.11833	0.11319	0.07215	0.165	0.09437
CRLF1	0.00098	0.00256	0.00053	0	0
CRLF3	0.09185	0.03877	0.05855	0.25554	0.07717
CRLS1	0.14114	0.47805	0.11485	0.04953	0.08474
CRNDE	0.00326	0.05903	0.03396	0.00419	0.00136
CRNKL1	0.14084	0.18257	0.15296	0.27199	0.16268
CROCC	0.05423	0.02179	0.02926	0.00165	0.01705
CROCCP2	0.12321	0.30669	0.13278	0.08467	0.1826
CROCCP3	0.01188	0.02052	0.02494	0.01417	0.00399
CROT	0.05435	0.22888	0.07564	0.02199	0.04575
CRP	0.17971	1.07906	0.44422	0.02061	0.00031
CRTAM	0.4403	0.06786	0.10215	0.3591	0.1634
CRTAP	0.09524	0.3429	0.25554	0.14822	0.11582
CRTC1	0.06948	0.08638	0.08783	0.03059	0.03153
CRTC2	0.04084	0.0685	0.0481	0.02871	0.03101
CRTC3	0.07633	0.06529	0.03363	0.04171	0.05392
CRX	0.07497	0.10871	0.11726	0.07636	0.0927
CRY1	0.04436	0.06909	0.05828	0.0163	0.00431
CRY2	0.03176	0.15909	0.05952	0.03631	0.06763
CRYAB	0.01731	0.04853	0.06424	0.00206	0
CRYBB2	0.01745	0.01978	0.03294	0	0
CRYBB2P1	0.13676	0.09346	0.07268	0.13882	0.10141
CRYBB3	0	0.00549	0.00097	0	0
CRYBG3	0.03308	0.10403	0.24375	0.04728	0.07297
CRYGS	0.02066	0.04797	0.04149	0.03185	0.05924
CRYL1	0.057	0.29895	0.14882	0.02888	0.02015
CRYM	0.00348	0.03406	0.00151	0	0
CRYM-AS1	0.07179	0.05928	0.05796	0.01747	0.07042
CRYZ	0.10896	0.1947	0.07565	0.06478	0.0397
CRYZL1	0.04298	0.04975	0.04844	0.05354	0.01184
CS	0.14372	0.29775	0.14329	0.26645	0.11235
CSAD	0.11324	0.22374	0.12669	0.05171	0.12184
CSAG1	0.0011	0.01359	0.00555	0	0.00436
CSAG4	0	0.00058	0	0	0
CSDE1	0.85497	0.78494	0.7373	1.06808	1.07276
CSE1L	0.11793	0.27902	0.1239	0.45912	0.10474
CSF1	0.20631	0.04162	0.03085	0.02673	0.01576
CSF1R	0.00641	0.01965	0.56343	0.07349	0.00435
CSF2RA	0.00087	0.00052	0	0	0.00053
CSF2RB	0.00884	0.00558	0.104	0.02203	0.09233
CSF3R	0.00467	0.00339	0.15314	0.01756	0.02
CSGALNACT1	0.06106	0.00449	0.0338	0.0092	0.14227
CSGALNACT2	0.18419	0.10015	0.26515	0.17838	0.1664
CSK	0.22483	0.0891	0.12565	0.3679	0.1155
CSMD1	0.00386	0.01619	0.00099	0	0
CSMD2	0.00079	0.00382	0.00145	0	0.00415
CSMD3	0.00268	0.0213	0.01961	0.00057	0.00124
CSNK1A1	0.38674	0.26356	0.42079	0.5082	0.35625
CSNK1D	0.1749	0.26559	0.20812	0.17623	0.20964
CSNK1G1	0.50116	0.40343	0.34744	0.5038	0.40928
CSNK1G2	0.10398	0.10413	0.18422	0.14908	0.12212
CSNK1G2-AS1	0.00253	0.00255	0.00227	0	0.00041
CSNK1G3	0.22256	0.12619	0.07612	0.21816	0.21546
CSNK2A1	0.12043	0.12614	0.12616	0.21922	0.10773
CSNK2A2	0.07464	0.05856	0.07614	0.07157	0.0225
CSNK2B	0.46533	0.61114	0.34049	0.81546	0.47251
CSPG4	0.00747	0.00375	0.00622	0	0
CSPG5	0	0.0063	0	0	0
CSPP1	0.13903	0.24328	0.18793	0.20082	0.21579
CSRNP1	0.21697	0.04197	0.13749	0.15537	0.10166
CSRNP2	0.02986	0.05597	0.02719	0.05766	0.01427
CSRNP3	0.00394	0.02626	0.00212	0	0
CSRP1	0.09426	0.19272	0.16066	0.32166	0.19459
CSRP2	0.07968	0.2748	0.16726	0.00414	0.01618
CSRP3	0.00954	0.00718	0.01044	0.00224	0.00586
CST1	0.01186	0.05195	0.00304	0.00461	0.02471
CST11	0	0.0074	0	0	0
CST2	0	0.00069	0	0	0
CST3	0.2386	0.80997	1.71028	0.34331	0.13685
CST4	0.00237	0.00694	0.00057	0	0
CST7	0.79456	0.01705	0.02305	0.51136	0.1775
CSTA	0.00512	0.03335	0.09714	0.02163	0
CSTB	0.38412	0.41389	0.6902	0.32734	0.1937
CSTF1	0.02606	0.06156	0.0444	0.16747	0.05536
CSTF2	0.04221	0.03424	0.05905	0.16542	0.00974
CSTF2T	0.05813	0.04329	0.02922	0.00734	0.04863
CSTF3	0.08012	0.14187	0.07445	0.12932	0.07162
CSTF3-DT	0.0012	0.00285	0.00161	9e-04	0.00219
CSTL1	0.01047	0.00646	0	0	0
CT55	0.0112	0.00326	0.00202	0	0.00042
CTAG2	0.00958	0.00851	0.00464	0	0
CTAGE1	0	0.00075	0	0	0
CTAGE10P	0.00644	0.00813	0.00081	0	0
CTAGE11P	0.00534	0.00887	0.00258	0.01066	0.00015
CTAGE7P	0	0.00085	0	0	0
CTAGE8	0.00309	0.01088	0.00888	0	0
CTAGE9	0.00046	0.00411	6e-04	0	0
LINC01933	0	0.00192	0	0	0
CTB-178M22.2	0	0.00404	0	0	0
LINC01947	0.00224	0.00267	0.00021	0	0.0014
CTBP1	0.25267	0.38583	0.25692	0.28175	0.18989
CTBP1-DT	0.05338	0.05342	0.01363	0.02621	0.05956
CTBP2	0.04124	0.01589	0.16067	0.05882	0.00751
CTBS	0.05118	0.10357	0.09226	0.02523	0.13128
CTC-338M12.4	0	0.0087	0.00191	0.00622	0.02258
CTC1	0.07327	0.09638	0.04618	0.16795	0.2221
CTCF	0.39718	0.25044	0.31622	0.88571	0.37978
CTCFL	0.02543	0.02705	0.02839	0.01166	0.02348
LINC02113	0	0.00103	0	0	0.00162
CTD-2194D22.4	0	0.00071	0	0.00144	0.00025
CTD-2201I18.1	0	0.00331	0	0.00175	0.00181
CTD-2270F17.1	0.02548	0.03645	0.02556	0.01995	0.03003
CTD-2297D10.2	0.00451	0.01988	3e-04	0	0
CTD-3080P12.3	0.00778	0.00301	0	0.00039	0.00127
CTDNEP1	0.33846	0.16048	0.2254	0.55466	0.41381
CTDP1	0.04602	0.0346	0.04328	0.06395	0.03885
CTDSP1	0.27473	0.35499	0.28682	0.54919	0.28643
CTDSP2	0.09868	0.22155	0.14415	0.1118	0.04023
CTDSPL	0.01051	0.1809	0.0777	0	0.00014
CTDSPL2	0.19828	0.12559	0.18528	0.384	0.22599
CTGF	0.00671	0.10548	0.01305	0	0
CTH	0.01898	0.09683	0.02269	0.01061	0.00375
CTHRC1	0.00125	0.00977	5e-04	0	0
CTIF	0.02549	0.08704	0.04899	0.00173	0.03432
CTLA4	0.39207	0.00824	0.00376	0.31531	0.10296
CTNNA1	0.13953	0.45919	0.36441	0.14632	0.11108
CTNNA2	4e-04	0.00692	0.00157	0	0
CTNNA3	0.00359	0.0024	0	0	0
CTNNAL1	0.00619	0.06102	0.01841	0.1218	0.01833
CTNNB1	0.20125	0.4157	0.29158	0.09273	0.11106
CTNNBIP1	0.0272	0.04173	0.05814	0.02871	0.0156
CTNNBL1	0.30731	0.22763	0.26951	0.253	0.15381
CTNND1	0.07193	0.10397	0.15723	0.07393	0.06397
CTNND2	0.00482	0.0576	0.02681	0.00069	0
CTNS	0.21859	0.18542	0.17424	0.13624	0.19258
CTPS1	0.08933	0.18126	0.17516	0.28398	0.07569
CTPS2	0.00716	0.06509	0.03753	0.03122	0.02345
CTR9	0.31338	0.41976	0.36072	0.56771	0.29773
CTRL	0.04177	0.00399	0.00118	0.00403	0.01488
CTSA	0.37998	1.26773	1.16774	0.40081	0.23147
CTSB	0.71312	1.88344	3.27854	0.69073	0.53684
CTSC	0.51948	0.12239	0.52229	0.46499	0.13498
CTSD	1.12506	2.35539	2.77543	0.70159	0.72946
CTSF	0.06767	0.4691	0.19506	0.00418	0.02969
CTSH	0.10135	0.34138	0.77459	0.46804	0.63756
CTSK	0.03508	0.02275	0.02334	0.00059	0.00729
CTSL	0.05642	0.19382	0.65396	0.05656	0.00834
CTSO	0.04996	0.07906	0.0667	0.00314	0.04512
CTSS	0.60297	0.29862	1.97802	0.67874	1.43881
CTSV	0.0038	0.02523	0.01802	0.01169	0.01106
CTSW	0.29094	0.00377	0.00937	0.12633	0.03108
CTSZ	0.02585	0.04954	0.23865	0.05696	0.02542
CTTN	0.08688	0.36894	0.14406	0.0356	0.02948
CTTNBP2	0	0.00498	0.03104	0.00335	0.00973
CTTNBP2NL	0.02395	0.05588	0.25853	0.01013	0.00386
CTU1	0.00504	0.01015	0.00399	0.0234	0.0058
CTU2	0.01097	0.02216	0.00765	0.01327	0.02154
CTXN2	0	0.00384	0.0012	0	0
CUBN	0.03731	0.04589	0.05426	0.02375	0.07823
CUEDC1	0.0183	0.0644	0.16218	0.01794	0.0029
CUEDC2	0.15995	0.15791	0.09549	0.34273	0.14982
CUL1	0.25959	0.18912	0.17179	0.20973	0.1446
CUL2	0.08544	0.10822	0.0742	0.13309	0.06461
CUL3	0.13377	0.16506	0.24705	0.34444	0.12234
CUL4A	0.18726	0.18389	0.13755	0.13714	0.14369
CUL4B	0.12994	0.22355	0.20533	0.39524	0.19081
CUL5	0.18007	0.27134	0.20419	0.2185	0.1955
CUL7	0.02962	0.085	0.03512	0.01942	0.05472
CUL9	0.07719	0.12203	0.09613	0.05115	0.10425
CUTA	0.79515	1.17761	0.49538	0.87886	1.0219
CUTC	0.04375	0.09434	0.05862	0.19363	0.01943
CUX1	0.1509	0.36281	0.28481	0.23153	0.36541
CUX2	0.01651	0.05045	0.02574	0	0
CWC15	0.28907	0.33878	0.21058	0.51329	0.26054
CWC22	0.21788	0.21157	0.15724	0.37586	0.19922
CWC27	0.16863	0.1428	0.15899	0.39492	0.13839
CWF19L1	0.30872	0.29813	0.25657	0.27273	0.27602
CWF19L2	0.42569	0.45313	0.31623	0.62396	0.50087
CX3CL1	0.00404	0.03087	0.00674	5e-04	0.00128
CX3CR1	0.00601	0.00261	0.0165	0.0042	0
CXADR	0.04539	0.32499	0.08674	0.02181	0.0146
CXADRP2	0	0.00062	0	0	0
CXCL1	0	0.00897	0.00862	0	0
CXCL10	0.13292	0.20658	0.22074	0.03032	0.0498
CXCL11	0.01587	0.0319	0.01853	0	0.00624
CXCL12	0.00436	0.03277	0.05907	0.01829	0
CXCL13	0.14118	0.00947	0.00176	0.12516	0.01325
CXCL14	0.16258	0.35702	0.43696	0.13169	0.16052
CXCL16	0.04416	0.16784	0.37526	0.03371	0.00621
CXCL2	0.02206	0.03907	0.25564	0	0.00608
CXCL3	0.00155	0.00277	0.10279	0.00076	0
CXCL6	0	0.00554	0.00103	0	0
CXCL9	0.04089	0.05359	0.2942	0.0711	0.02901
CXCR2	0.08315	0.08974	0.07918	0.05203	0.05626
CXCR2P1	0	0.00245	0.04442	0	0
CXCR3	0.18505	0.0079	0.00687	0.1843	0.18085
CXCR4	0.91302	0.04389	0.30462	1.00664	1.16522
CXCR5	0.01337	0.00231	0	0.02808	0.02165
CXCR6	0.25734	0.00315	0.00645	0.18826	0.05388
CXXC1	0.14233	0.18405	0.11391	0.20674	0.19893
CXXC4	0.00337	0.02463	0.00763	0.0183	0
CXXC5	0.15988	0.43507	0.17365	0.1636	0.40673
CXorf21	0.04149	0.05276	0.09147	0.05652	0.15108
BCLAF3	0.09143	0.12887	0.14001	0.1599	0.11813
CXorf36	0.07197	0.0767	0.08939	0.04446	0.07829
CXorf38	0.30361	0.28836	0.40269	0.26683	0.32669
CXorf40A	0.11082	0.01698	0.08074	0.04949	0.0619
CXorf40B	0.01026	0.00995	0.01608	0.02148	0.02592
CXorf56	0.15819	0.1782	0.18146	0.1326	0.14905
CXorf57	0.00632	0.01592	0.00593	0.03449	0.00038
CXorf65	0.04235	0.0015	0.00843	0.0215	0.01301
CXorf67	0.00982	0.00227	0.00224	0	0
CYB561	0.04469	0.09223	0.06763	0.00548	0.10012
CYB561A3	0.07372	0.12763	0.07336	0.13375	0.08394
CYB561D1	0.03231	0.0216	0.02272	0.00176	0.01661
CYB561D2	0.0764	0.08109	0.07382	0.11758	0.1044
CYB5A	0.17647	0.7903	0.29913	0.08378	0.05103
CYB5B	0.10866	0.18838	0.06766	0.13313	0.12223
CYB5D1	0.02554	0.04315	0.0405	0.02699	0.05293
CYB5D2	0.13251	0.11779	0.15726	0.16289	0.17023
CYB5R1	0.09094	0.25686	0.17722	0.03624	0.10781
CYB5R2	0	0.00693	0	0.0011	0.00404
CYB5R3	0.18136	0.52468	0.3162	0.25568	0.19681
CYB5R4	0.11111	0.05342	0.1522	0.1913	0.09851
CYB5RL	0.01499	0.05485	0.01552	0.01247	0.03463
CYBA	0.8665	0.10003	1.07615	1.14341	1.93995
CYBB	0.02462	0.03919	1.35407	0.16267	0.18093
CYBRD1	0.00345	0.02996	0.03691	0.0056	0
CYC1	0.2997	0.54357	0.3063	0.64317	0.21574
CYCS	0.62929	0.50826	0.7074	0.83776	0.52239
CYFIP2	0.62832	0.13907	0.06302	0.82207	0.20778
CYGB	0.01069	0.00641	7e-05	0	0
CYHR1	0.08876	0.26865	0.15626	0.05767	0.17054
CYLC2	0.00165	0.00163	0.00112	0	0.0035
CYLD	0.62893	0.25126	0.26502	0.5492	0.35076
CYP11A1	0.00205	0.01844	0.00962	0	0
CYP17A1	0.10764	0.28444	0.24349	0.03585	0.00387
CYP19A1	0	0.00364	0	0	0
CYP1A1	0.00291	0.0096	0	0	0
CYP1A2	0.02734	0.05766	0.00858	0	0.00332
CYP1B1	0.04168	0.10966	0.06857	0	0.00027
CYP20A1	0.81106	0.86213	0.83135	0.71111	0.87624
CYP21A2	0.00067	0.02043	0	0	0.00022
CYP26B1	0.00275	0.00536	0.00377	0	0
CYP27A1	0.03817	0.43672	0.11465	0.01622	0.01659
CYP27C1	0.0877	0.11235	0.08733	0.08913	0.11033
CYP2A6	0.01076	0.02366	0.00332	0	0
CYP2A7	0.00055	0.00196	0	0	0.01194
CYP2B6	0.0162	0.1037	0.04345	0.04472	0.00501
CYP2B7P	0.01698	0.07691	0.0482	0.00503	0.02478
CYP2C18	0.06566	0.20407	0.04697	0.0111	0.02085
CYP2C19	2e-04	0.02384	0.00706	0	0
CYP2C8	0.08384	0.74212	0.16834	0.0503	0.00603
CYP2C9	0.03611	0.08765	0.01046	0	0.00267
CYP2E1	0.17763	1.20909	0.26722	0.0982	0.08118
CYP2J2	0.00951	0.0964	0.02829	0.00227	0.00328
CYP2R1	0.09406	0.08716	0.03734	0.05001	0.01745
CYP2S1	0.01191	0.01159	0.06459	0.01612	0.00054
CYP2U1	0.01095	0.02812	0.02956	0.00017	0.00152
CYP2W1	0.0376	0.03094	0.03364	0.02513	0.04954
CYP39A1	0.00505	0.01885	0.00713	0	0.00189
CYP3A4	0.05913	0.17809	0.08928	0.05515	0.02709
CYP3A43	0.01196	0.04468	0.01552	0.00893	0.01404
CYP3A5	0.21473	1.06393	0.30622	0.06073	0.0845
CYP3A7	0.04868	0.33703	0.12625	0.00712	0.01037
CYP46A1	0.00058	0.00381	0	0	0
CYP4A11	0.04908	0.37496	0.09019	0.01743	0.00495
CYP4A22	0.00041	0.03919	0.01405	0	0.00167
CYP4F11	0.01481	0.12544	0.06399	0.01283	0.0042
CYP4F12	0.04055	0.31484	0.04649	0.00146	0.01691
CYP4F2	0.02657	0.18059	0.02891	0.00158	0.00041
CYP4F22	0.02299	0.06016	0.0304	0	0.00027
CYP4F3	0.03861	0.1877	0.08666	0.00843	0.00714
CYP4V2	0.13473	0.25738	0.10867	0.06038	0.0541
CYP4X1	0.00052	0.01042	0.00093	0	0.00072
CYP51A1	0.21852	0.77891	0.35786	0.20788	0.17963
CYP7A1	0.03443	0.22447	0.06732	0.00917	0.00029
CYP7B1	0.01785	0.07356	0.02169	0.00228	0.00383
CYP8B1	0.04509	0.41026	0.07311	0.03745	0.02805
CYR61	0	0.03115	0.00331	0	0
CYSLTR1	0.03941	0.0031	0.02149	0.04647	0.19379
CYSLTR2	0.0236	0.00028	0.01257	0.00098	0.00325
CYSTM1	0.14431	0.38872	0.23897	0.05772	0.05936
CYTH1	0.40232	0.20737	0.4732	0.39677	0.30672
CYTH2	0.07186	0.08104	0.05458	0.09962	0.07125
CYTH3	0.03151	0.04981	0.04366	0	0.01594
CYTH4	0.29589	0.02273	0.58354	0.16445	0.28092
CYTIP	0.41336	0.01004	0.11322	0.44543	0.38866
D2HGDH	0.108	0.26235	0.15036	0.14004	0.04098
DAAM1	0.1501	0.33599	0.19059	0.2714	0.17002
DAAM2	0.00481	0.01746	0	0.02554	0.00658
DAB2	0.02883	0.13756	1.29561	0.08365	0.01565
DAB2IP	0.08481	0.04077	0.0194	0.03046	0.02133
DACT2	0	0.00311	0	0	0
DAD1	0.47064	0.62156	0.34527	0.80488	0.92133
DAG1	0.02842	0.205	0.09026	0.04844	0.02306
DAGLA	0.00237	0.01272	0.03001	0	0
DAGLB	0.01861	0.04641	0.08019	0.04706	0.02454
DALRD3	0.04349	0.12959	0.08692	0.13119	0.03534
DANCR	0.20943	0.11623	0.03453	0.28368	0.47448
DAND5	0.00262	0.00545	0.00978	0.00582	0.01018
DAO	0.00313	0.06595	0.01793	0.00037	0.01747
DAP	0.06978	0.31443	0.14934	0.13273	0.19855
DAP3	0.2256	0.39918	0.36517	0.2944	0.18227
DAPK1	0.01541	0.06033	0.17307	0	0.01024
DAPK2	0.14793	0.07612	0.04057	0.12982	0.05708
DAPK3	0.02137	0.03554	0.03758	0.00357	0.00934
DAPP1	0.09257	0.03297	0.16156	0.08809	0.166
DARS	0.45781	0.38915	0.37773	0.77745	0.49737
DARS2	0.02362	0.05913	0.05652	0.10439	0.00728
DAW1	0.00104	0.00233	0.00311	0.0029	0
DAXX	0.17667	0.16237	0.12927	0.31972	0.23682
DAZAP1	0.14951	0.24494	0.23706	0.63848	0.148
DAZAP2	0.7563	0.54718	0.67782	0.49255	0.40397
DBF4	0.21119	0.07496	0.06737	0.61807	0.27674
DBF4B	0.011	0.01807	0.00707	0.04912	0.00581
DBH-AS1	0.02691	0.0974	0.01412	0.00266	0.02011
DBI	0.53646	0.65413	0.69331	0.75226	0.25632
DBIL5P2	0.00352	0.00979	0.00751	0.0048	0.00917
DBN1	0.02502	0.04084	0.02167	0.01093	0.01133
DBNDD1	0.03424	0.12222	0.05555	0.01119	0.03054
DBNL	0.3216	0.20839	0.37506	0.65543	0.35058
DBP	0.03822	0.04996	0.08187	0.03933	0.01857
DBR1	0.02522	0.04184	0.05214	0.04463	0.03027
DBT	0.30069	0.51431	0.45353	0.32401	0.34813
DCAF10	0.33956	0.40922	0.38226	0.31102	0.47614
DCAF11	0.33649	0.46633	0.34455	0.44068	0.29317
DCAF12	0.09748	0.0693	0.16485	0.12718	0.0954
DCAF13	0.11381	0.14202	0.14378	0.25233	0.08724
DCAF13P3	0.00479	0.00369	0	0	0
DCAF15	0.00481	0.00189	7e-05	0.00419	0.00209
DCAF16	0.25193	0.29851	0.19973	0.34717	0.22206
DCAF17	0.04693	0.10256	0.07503	0.04625	0.06637
DCAF4	0.02872	0.04183	0.02118	0.02986	0.0354
DCAF4L1	0.00214	0.01226	0.00153	0	0.00711
DCAF4L2	0.06089	0.13224	0.07311	0.0174	0.01183
DCAF5	0.25936	0.20241	0.15095	0.17597	0.13216
DCAF6	0.13436	0.31704	0.14861	0.07689	0.12541
DCAF7	0.6898	0.66635	0.74941	1.05346	0.72479
DCAF8	0.2237	0.62127	0.2864	0.30682	0.29522
DCAF8L2	0	0.00464	0.00816	0.00142	0.00072
DCAKD	0.06038	0.11178	0.05575	0.05142	0.04437
DCBLD1	0.00742	0.02433	0.04831	0.02371	0.00738
DCBLD2	0.00646	0.10058	0.02916	0.00234	0.00213
DCDC1	0	0.00159	0.00309	0	0
DCDC2	0.04619	0.0843	0.0325	0.01586	0.03715
DCHS1	0.00135	0.00259	0.00318	0	0.0043
DCHS2	6e-04	0.00494	0	0	0.00317
DCK	0.07991	0.01578	0.02576	0.11031	0.03868
DCLRE1A	0.05392	0.03714	0.00517	0.01393	0.03051
DCLRE1B	0.00172	0.01248	0.00753	0.09111	0.00102
DCLRE1C	0.64778	0.62994	0.61162	0.66365	0.69036
DCN	0	0.00176	0	0	0
DCP1B	0.06758	0.10267	0.06348	0.11925	0.0839
DCP2	0.47899	0.21741	0.32693	0.93435	0.22587
DCPS	0.04532	0.1595	0.04971	0.08429	0.06886
DCST2	0.00148	0.00068	0.00094	0	0
DCT	0.00364	0.00856	0.00868	0.00425	0
DCTD	0.05309	0.05397	0.03241	0.06851	0.05956
DCTN1	0.33346	0.40105	0.36735	0.40481	0.33003
DCTN2	0.31077	0.30382	0.15114	0.42433	0.32486
DCTN3	0.08453	0.08001	0.10336	0.43947	0.15138
DCTN4	0.14706	0.20061	0.19136	0.15277	0.07193
DCTN5	0.32529	0.29601	0.31175	0.40173	0.34775
DCTN6	0.03586	0.02914	0.03525	0.03183	0.02046
DCTPP1	0.13358	0.11706	0.10084	0.2828	0.03816
DCUN1D1	0.11852	0.22886	0.14352	0.25668	0.14755
DCUN1D2	0.12095	0.16151	0.12083	0.11801	0.1233
DCUN1D3	0.03551	0.02063	0.03073	0.02295	0.02009
DCUN1D4	0.12921	0.27782	0.10049	0.04772	0.03133
DCUN1D5	0.07226	0.10183	0.07959	0.10732	0.05904
DCX	0.00443	0.0036	0.00355	0.00443	0.00677
DCXR	0.45006	1.71183	0.49275	0.7599	0.43755
DDA1	0.10982	0.09046	0.06316	0.18435	0.10233
DDAH1	0.13901	0.5267	0.28264	0.02084	0.02527
DDAH2	0.09516	0.2766	0.53883	0.11803	0.16925
DDB1	0.32646	0.47376	0.28544	0.43405	0.25048
DDB2	0.11905	0.06397	0.10074	0.41139	0.08068
DDC	0.03841	0.11205	0.07945	0.00912	0.00053
DDHD1	0.18091	0.15042	0.20758	0.35171	0.36348
DDHD2	0.09832	0.04407	0.03919	0.03988	0.11228
DDI2	0.00507	0.04291	0.02414	0.00386	0.02442
DDIT3	0.20298	0.41034	0.27673	0.163	0.18856
DDIT4	0.31971	0.25955	0.12801	0.29985	0.54416
DDO	0	0.03431	0.00312	0	0
DDOST	0.09987	0.26243	0.26603	0.19586	0.32643
DDR1	0.0514	0.07216	0.04217	0	0.00731
DDR2	0	0.00725	0.00082	0.01813	0.03288
DDRGK1	0.23261	0.22647	0.23078	0.33993	0.21454
DDT	0.24888	0.58435	0.26666	0.56488	0.23417
DDTL	0.00095	0.00607	0.005	0.00736	7e-04
DDX1	0.25553	0.39029	0.27729	0.6551	0.56143
DDX10	0.26313	0.24267	0.15479	0.33662	0.12238
DDX11	0.00856	0.06305	0.0181	0.15054	0.06533
DDX11-AS1	0	0.00211	0	0.00277	0
DDX11L2	0	0.00117	0.00084	0	0
DDX12P	0.00274	0.00966	0.00968	0.05587	0.03125
DDX17	1.20163	0.77696	0.69316	0.95903	1.2675
DDX18	0.51253	0.36845	0.28227	0.62734	0.54077
DDX19A	0.10877	0.10105	0.13395	0.15557	0.09179
DDX19B	0.06708	0.0614	0.06086	0.12562	0.1097
DDX20	0.03107	0.04524	0.04261	0.09315	0.04417
DDX21	0.5883	0.41693	0.46886	0.8065	0.57981
DDX23	0.20319	0.22556	0.14407	0.4724	0.11285
DDX24	1.10647	0.45131	0.77951	1.16089	1.03732
DDX27	0.44012	0.32871	0.29768	0.6626	0.36855
DDX28	0.02587	0.03282	0.01574	0.06109	0.00507
DDX31	0.06693	0.04411	0.03688	0.01429	0.07809
DDX39A	0.18772	0.1156	0.1839	0.69746	0.18817
DDX39B-AS1	0.00252	0.00312	0.00232	0.00593	0.00249
DDX3X	0.96931	0.44205	0.76921	1.0666	0.85768
DDX3Y	0.11344	0.1209	0.58954	0.02995	0.01747
DDX41	0.13954	0.25	0.17093	0.24921	0.27971
DDX42	0.15004	0.22891	0.23344	0.31639	0.21246
DDX43	0.00709	0.03285	0.02351	0	0
DDX46	0.50432	0.51284	0.49406	1.00232	0.57836
DDX47	0.08753	0.05588	0.0525	0.08419	0.06369
DDX49	0.14578	0.19797	0.0985	0.25631	0.07539
DDX5	2.16834	1.04242	2.00017	2.02473	2.02764
DDX50	0.13152	0.15151	0.10451	0.28059	0.1581
DDX51	0.33653	0.4352	0.41056	0.28415	0.35368
DDX54	0.14842	0.20852	0.19391	0.14596	0.12207
DDX55	0.19507	0.23872	0.16942	0.308	0.1614
DDX56	0.12099	0.21387	0.12405	0.37077	0.19936
DDX58	0.14805	0.04647	0.06736	0.05338	0.09093
DDX59	0.09512	0.07726	0.09183	0.08357	0.07429
DDX6	0.63883	0.3389	0.41584	0.79895	0.47578
DDX60	0.12836	0.04505	0.06164	0.20519	0.04574
DDX60L	0.19468	0.04516	0.11603	0.10321	0.06144
DEAF1	0.05841	0.04797	0.01876	0.06528	0.0405
DECR1	0.26018	0.34777	0.22122	0.43154	0.22185
DECR2	0.02024	0.18457	0.0579	0.01606	0.01748
DEDD	0.07656	0.12529	0.10632	0.13553	0.05082
DEDD2	0.29919	0.11347	0.18621	0.16514	0.15794
DEF6	0.36926	0.01438	0.15939	0.5036	0.2935
DEF8	0.05392	0.10823	0.06513	0.21721	0.23506
DEFB1	0.02282	0.09546	0.01866	0.00128	0.00879
DEGS1	0.1307	0.11235	0.08572	0.13101	0.09187
DEK	0.90455	0.70292	0.99056	2.02418	0.35958
DENND1A	0.03703	0.08986	0.15308	0.09637	0.04024
DENND1B	0.16109	0.16067	0.13442	0.24979	0.25284
DENND1C	0.16429	0.01716	0.0599	0.29267	0.11617
DENND2A	0.27775	0.31589	0.28201	0.21583	0.31002
DENND2C	0.00091	0.02857	0.00435	0.01095	0.00748
DENND2D	0.57115	0.04795	0.14341	0.45213	0.14735
DENND3	0.05018	0.00663	0.19021	0.10638	0.13879
DENND4A	0.54979	0.67583	0.56084	0.50943	0.55915
DENND4B	0.16063	0.14396	0.27182	0.21541	0.10697
DENND4C	0.3453	0.28051	0.51686	0.19314	0.15983
DENND5A	0.02098	0.08428	0.11295	0.0103	0.00821
DENND5B	0.13323	0.38076	0.21957	0.18663	0.74114
DENND6A	0.10247	0.1329	0.18748	0.1326	0.13813
DENND6B	0.01559	0.0181	0.02559	0.04992	0.13214
DENR	0.2531	0.37492	0.25583	0.36665	0.16112
DEPDC1	0.00784	0.02831	0.01903	0.28947	0.00245
DEPDC1B	0.01006	0.01424	0.02374	0.26094	0.00331
DEPDC4	0.20575	0.20099	0.21926	0.13766	0.26371
DEPDC5	0.04902	0.05309	0.03841	0.05143	0.07294
DEPDC7	0.01303	0.12113	0.06098	0.00716	0
DEPTOR	0.00108	0.03508	0.04685	0.00056	0.00334
DERA	0.04479	0.07746	0.04413	0.0612	0.02541
DERL1	0.14105	0.20324	0.12513	0.35153	0.50015
DERL2	0.13392	0.18871	0.11492	0.30404	0.3026
DERL3	0.02916	0.02697	0.00531	0.11869	1.07799
DESI1	0.2904	0.39754	0.30762	0.24331	0.37019
DESI2	0.06889	0.10473	0.03957	0.14687	0.04362
DET1	0.00917	0.00886	0.00074	0.00056	0.00342
DEXI	0.0441	0.08404	0.05175	0.10505	0.05406
DFFA	0.45823	0.51842	0.50082	0.39559	0.43405
DFFB	0.0294	0.01577	0.02075	0.02918	0.02045
GSDME	0.00287	0.04364	0.04677	0.01021	0.00048
PJVK	0.00293	0.036	0.00265	0.02056	0.01121
DGAT1	0.18069	0.38836	0.29115	0.20886	0.13025
DGAT2	0.04594	0.35677	0.12866	0.03881	0.02432
DGCR11	0.00121	0.01538	0.00693	0.0072	0.01698
ESS2	0.11125	0.05255	0.04862	0.10861	0.09238
DGCR2	0.13343	0.20595	0.0837	0.08607	0.11911
DGCR5	0.01205	0.00947	0.00224	0	0
DGCR6	0.03148	0.0698	0.03006	0.00339	0.02406
DGCR6L	0.16612	0.14896	0.14023	0.21557	0.12631
DGCR8	0.09579	0.105	0.14098	0.16282	0.05595
DGKA	0.38238	0.02364	0.066	0.54921	0.15536
DGKB	0.15877	0.17316	0.15854	0.10853	0.14655
DGKD	0.18575	0.07431	0.03747	0.2071	0.2469
DGKE	0.13767	0.09524	0.10681	0.10543	0.12165
DGKG	0.00044	0.02667	0.02961	0	0
DGKH	0.74702	0.6532	0.66063	0.71099	0.59699
DGKI	0.009	0.00087	0	0	0.01614
DGKQ	0.08719	0.09993	0.05718	0.05182	0.03742
DGKZ	0.15192	0.03654	0.08057	0.17213	0.06635
DGUOK	0.16519	0.12151	0.08141	0.28027	0.12033
DGUOK-AS1	0.00423	0.00252	0.00756	0	0
DHCR24	0.38709	1.98059	0.78741	0.38139	0.12762
DHCR7	0.07788	0.46213	0.11022	0.05111	0.02918
DHDDS	0.03043	0.08629	0.07294	0.02414	0.04787
DHDH	0	0.00885	0.00487	0	0
DHFR	0.11668	0.25308	0.06354	0.77304	0.05742
DHH	7e-04	8e-04	0.0078	0.00026	0.00711
DHODH	0.07855	0.1474	0.11555	0.12083	0.06979
DHPS	0.11439	0.09708	0.0708	0.15232	0.1988
DHRS1	0.09609	0.1976	0.10484	0.05677	0.12351
DHRS12	0.05699	0.11503	0.07181	0.09059	0.01878
DHRS13	0.05346	0.10412	0.06451	0.05083	0.06955
DHRS2	0.12423	0.2359	0.24297	0.03598	0.00057
DHRS3	0.13312	0.70448	0.39169	0.1566	0.0312
DHRS4	0.06214	0.06304	0.08038	0.13736	0.07992
DHRS4-AS1	0.17684	0.2131	0.16227	0.19765	0.16812
DHRS4L2	0.03984	0.09841	0.07441	0.05438	0.04147
DHRS7	0.34386	0.5617	0.39788	0.19625	0.18253
DHRS7B	0.01865	0.02604	0.02724	0.00096	0.01764
DHRS9	0.00021	0.00218	0.04051	0.03909	0.05411
DHTKD1	0.43995	1.03611	0.5161	0.35688	0.47428
DHX15	0.13342	0.19174	0.20038	0.36024	0.13326
DHX16	0.11445	0.15374	0.12326	0.24764	0.17664
DHX29	0.17781	0.28624	0.18756	0.28969	0.17998
DHX30	0.18425	0.19231	0.1726	0.23962	0.11298
DHX32	0.01349	0.06476	0.03859	0.03973	0.0275
DHX33	0.0863	0.15284	0.05927	0.19591	0.10383
DHX34	0.03346	0.10445	0.12703	0.05095	0.01368
DHX35	0.04532	0.03045	0.02981	0.014	0.04166
DHX36	0.25927	0.2283	0.21255	0.2914	0.4125
DHX37	0.05424	0.06063	0.09637	0.06575	0.02789
DHX38	0.15946	0.11768	0.14988	0.24013	0.0933
DHX40	0.08472	0.1503	0.15651	0.0926	0.17834
DHX57	0.03928	0.0716	0.04019	0.09412	0.06272
DHX58	0.03496	0.04154	0.05715	0.04002	0.00964
DHX8	0.11022	0.11184	0.09307	0.2904	0.1496
DHX9	0.2481	0.2584	0.21591	0.59993	0.18785
DIABLO	0.12249	0.22302	0.1311	0.19392	0.06858
DIAPH1	0.73371	0.62581	0.3256	1.09726	0.34819
DIAPH2	0.15295	0.23251	0.33059	0.33072	0.08575
DIAPH2-AS1	0.00178	7e-04	0.00042	0	0
DIAPH3	0.03136	0.02721	0.01221	0.53367	0.00445
DICER1	0.2755	0.3045	0.43971	0.29038	0.31442
DICER1-AS1	0.02323	0.02232	0.00858	0.03328	0.03497
DIDO1	0.26108	0.295	0.1407	0.2785	0.25324
UTP25	0.06618	0.1014	0.05426	0.07716	0.0249
DIMT1	0.03012	0.04122	0.03836	0.07876	0.02558
DIO1	0.09031	0.38652	0.1062	0.00952	0.00363
DIO2	0	0.02447	0.0017	0.00194	0.00098
DIO2-AS1	0	0.00042	0	0	0.00029
DIP2A	0.62738	0.31986	0.43681	0.56083	0.41317
DIP2A-IT1	0.01183	0.00171	0.00899	0	0.00073
DIP2B	0.08854	0.19319	0.18821	0.06829	0.07771
DIP2C	0.06633	0.25653	0.13094	0.01224	0.02324
DIRAS1	0.00044	0.00194	0.00079	0	0.00298
DIRAS2	0.00364	0.00583	0	0	0
DIRC2	0.01632	0.02961	0.03857	0.0127	0.00201
DIRC3	0	0.00323	0.00843	0.00093	0
DIS3	0.39946	0.38616	0.34904	0.55912	0.40489
DIS3L	1.06672	1.12323	1.16748	1.05348	1.21954
DIS3L2	0.04478	0.06394	0.03606	0.15498	0.08258
DISC1	0.01479	0.0032	0.03447	0	0.02252
DISC1-IT1	0.06279	0.0655	0.03122	0.06555	0.07629
DISC1FP1	0.00685	0.00615	0	0.00175	0
DISP1	0.00493	0.04837	0.03072	0.0121	0.00057
DISP2	0.00515	0.0139	0	0	0
DIXDC1	0.01213	0.07302	0.05068	0.01363	0.03944
DKC1	0.15981	0.17511	0.14085	0.50681	0.17167
DKK1	0.00316	0.07432	0.0019	0.00112	0.00047
DKK3	0.01001	0.1027	0.00429	0	0
DLAT	0.08662	0.1244	0.07808	0.09166	0.05868
DLC1	0.02397	0.0868	0.01748	0	0.00448
DLD	0.16711	0.28363	0.18686	0.27671	0.12567
DLEU1	0.09624	0.08362	0.05941	0.11767	0.0668
DLEU2	0.07618	0.05957	0.03113	0.12338	0.08091
DLEU2L	0.02222	0.01513	0.00342	0.0657	0.02048
DLEU7-AS1	3e-04	0.00239	0.02083	0	0.00104
DLG1	0.24695	0.26045	0.18117	0.10807	0.12941
DLG2	0.00493	0.01092	0.00778	0	4e-04
DLG3	0.09137	0.02622	0.00971	0.16786	0.01352
DLG4	0	0.004	0.02711	0.00329	0
DLG5	0.02897	0.10456	0.02831	0.03103	0.00207
DLG5-AS1	0.06973	0.12023	0.057	0.04446	0.05677
DLGAP1-AS1	0.08996	0.06269	0.02941	0.03896	0.03543
DLGAP1-AS2	0.09297	0.10196	0.12217	0.07316	0.09783
DLGAP3	0.00692	0.00471	0.01424	0.00161	0
DLGAP4	0.07135	0.1721	0.1191	0.04172	0.05941
DLGAP5	0.0133	0.05001	0.01937	1.24612	0.0182
DLK2	0.00279	0.0049	0.00655	0.00182	0.00081
DLL3	0.00672	0.00505	0.00364	0.00067	0
DLST	0.01861	0.02914	0.04153	0.03495	0.00578
DLX2	0.00047	0.00119	0.00448	0.00789	0
DLX6-AS1	0.00688	0.009	0.01543	0.0021	0.00574
DMAP1	0.21365	0.29375	0.20705	0.35112	0.17472
DMBT1	0.00034	0.01031	2e-04	0	0
DMBT1P1	0.06061	0.066	0.06983	0.04399	0.09243
DMBX1	0.04243	0.08604	0.04811	0.04164	0.05661
DMC1	0.08972	0.14446	0.17736	0.13147	0.11269
DMD	0.00495	0.10976	0.03418	0.02188	0.00278
DMGDH	0.02092	0.13937	0.04581	0	0.00231
DMKN	0.01125	0.01012	0.00322	0	0
DMPK	0.0012	0.00407	0.00103	0	0
DMRTA1	0.00892	0.02451	9e-05	0	0.01533
DMRTB1	2e-04	0.00223	0	0	0
DMRTC2	0.00022	0.00575	0.01603	0	0
DMTF1	0.18635	0.12226	0.19188	0.26013	0.19943
DMTN	0.02859	0.05142	0.04318	0.02407	0.012
DMWD	0.03628	0.04254	0.00798	0.01537	0.02251
DMXL1	0.22307	0.21498	0.20658	0.31661	0.18966
DMXL2	0.07418	0.18274	0.70375	0.00179	0.01387
DNA2	0.01563	0.03337	0.01795	0.1931	0.02209
DNAAF1	0.00034	0.00217	0.00393	0.02177	0
DNAAF2	0.07639	0.06041	0.04492	0.04459	0.0473
DNAAF3	0.00032	0.00243	0.00262	0	0
DNAH1	0.10412	0.18474	0.11927	0.07547	0.0814
DNAH10	0.01381	0.00188	0	0	0
DNAH11	0.00451	0.06927	0.05509	0.00235	0.00104
DNAH12	0.00723	0.01498	0.01207	0.00168	0
DNAH14	0.03322	0.26784	0.04317	0.0036	0.00971
DNAH2	0.03824	0.02463	0.0546	0.02361	0.03403
DNAH3	0	0.00307	0.00267	0	0
DNAH5	0	0.04907	0.02018	0.00083	0.01339
DNAH6	0.01386	0.02558	0.0082	0.01075	0.00192
DNAH7	0.01886	0.03108	0.02153	0	0.00069
DNAH8	0.03933	0.00339	0	0.06983	0.21237
DNAJA1	1.22297	0.54156	1.2052	1.50742	0.89298
DNAJA2	0.19957	0.14455	0.12491	0.22535	0.14455
DNAJA3	0.06755	0.07036	0.05986	0.05277	0.07459
DNAJA4	0.02424	0.02418	0.12458	0.05369	0
DNAJB1	1.32552	0.40873	1.14799	0.88383	0.90706
DNAJB11	0.17792	0.41979	0.27834	0.50746	0.51321
DNAJB12	0.08262	0.15703	0.17765	0.15212	0.1603
DNAJB13	0.00112	0.01558	0.01193	0.00094	0.00361
DNAJB14	0.39971	0.14078	0.19233	0.4181	0.23616
DNAJB2	0.10404	0.36665	0.30798	0.12268	0.10124
DNAJB4	0.11904	0.10434	0.25578	0.07707	0.08765
DNAJB5	0.00786	0.00758	0.00968	0.04661	0.01939
DNAJB6	0.40786	0.32179	0.66774	0.58464	0.27908
DNAJB7	0.00604	0.00726	0.01737	0.0252	0.00527
DNAJB9	0.08282	0.1506	0.06928	0.08639	0.48377
DNAJC1	0.2672	0.23196	0.19483	0.30553	0.75597
DNAJC10	0.22065	0.31366	0.25736	0.36479	0.54829
DNAJC11	0.0915	0.1853	0.08999	0.18471	0.19114
DNAJC12	0.00115	0.02975	0.00796	0	0
DNAJC13	0.31116	0.24092	0.34537	0.28586	0.18019
DNAJC14	0.06301	0.07626	0.06122	0.03001	0.04112
DNAJC15	0.31099	0.19474	0.21154	0.62598	0.42959
DNAJC16	0.07788	0.15077	0.12337	0.0876	0.08657
DNAJC17	0.0315	0.04584	0.02406	0.09126	0.01867
DNAJC18	0.10362	0.08131	0.08988	0.04685	0.12656
DNAJC19	0.0867	0.1786	0.15898	0.09905	0.05455
DNAJC2	0.28318	0.30996	0.24514	0.34663	0.16771
DNAJC21	0.27401	0.52166	0.32605	0.58169	0.29243
DNAJC22	0.30194	0.46561	0.29334	0.17458	0.29076
DNAJC24	0.13029	0.11841	0.09335	0.13028	0.13843
DNAJC25	0.06053	0.07974	0.04078	0.08752	0.04527
DNAJC27	0.0667	0.03607	0.00542	0.0272	0.05236
DNAJC27-AS1	0.00521	0.02286	0.01736	0.00295	0.02672
DNAJC28	0.00828	0.02868	0.029	0.00239	0.02414
DNAJC3	0.222	0.35211	0.32233	0.28498	0.6397
DNAJC3-DT	0.01805	0.04841	0.03474	0.01354	0.04745
DNAJC30	0.05126	0.09326	0.11572	0.17036	0.07987
DNAJC4	0.19871	0.1669	0.16084	0.23316	0.44347
DNAJC5	0.09733	0.21919	0.21967	0.14879	0.09138
DNAJC5G	0.00756	0.02274	0.01851	0.0093	0.02323
DNAJC6	0.00244	0.02744	0.00941	0.00114	0
DNAJC7	0.3403	0.20653	0.22831	0.40523	0.36696
DNAJC8	0.69597	0.50414	0.57286	1.4506	0.68891
DNAJC9	0.13488	0.09642	0.06785	0.66884	0.10181
DNAJC9-AS1	0.01304	0.01179	0.01275	0.02353	0.00889
DNAL1	0.2222	0.25978	0.22884	0.1362	0.22034
DNAL4	0.00416	0.01785	0.019	0	0.00726
DNALI1	0.00807	0.03457	0.00971	0.00056	0.00741
DNASE1	0.19313	0.2114	0.15264	0.23159	0.14875
DNASE1L1	0.03083	0.03544	0.08598	0.01614	0.04297
DNASE1L2	0	0.00936	0.00076	0	0.00135
DNASE1L3	0.00715	0.00285	0.03887	0.00934	0.0055
DNASE2	0.07581	0.15676	0.20404	0.13003	0.17626
DND1	0.02088	0.00276	0.00889	0.00105	0.0078
DNHD1	0.09066	0.07049	0.07301	0.00323	0.02
DNLZ	0.09247	0.02435	0.0264	0.0875	0.05258
DNM1	0.00044	0.02617	0.00705	0	0
DNM1L	0.33909	0.41497	0.4076	0.51876	0.35519
DNM1P35	0.00858	0.0125	0.00399	0.00216	0.00499
DNM1P46	0.04048	0.02406	0.04753	0.01131	0.05142
DNM2	0.26537	0.12844	0.21359	0.2585	0.24428
DNM3	0.00153	0.00383	0	0	0
DNMBP	0.0161	0.08874	0.07143	0.02756	0.00505
DNMBP-AS1	0.06929	0.08305	0.05902	0.04239	0.05114
DNMT1	0.46266	0.23849	0.49831	1.50492	0.26085
DNMT3A	0.12661	0.15604	0.25544	0.17137	0.14737
DNMT3B	0.0071	0.01186	0	0.00731	0
DNMT3L	0	0.00499	0	0.00032	0
DNPEP	0.35187	0.43079	0.38836	0.22632	0.391
DNPH1	0.36136	0.43919	0.23001	0.45068	0.27064
DNTTIP1	0.05349	0.08667	0.06949	0.24805	0.05902
DNTTIP2	0.37835	0.27448	0.30293	0.50866	0.31707
DOC2A	0.00163	0.00103	0.00698	0.00017	0
DOCK1	0.05364	0.16278	0.0857	0.00109	0.05544
DOCK10	0.55112	0.02476	0.3032	0.66033	0.32393
DOCK11	0.24603	0.03652	0.15778	0.28926	0.09818
DOCK2	0.38271	0.02161	0.27115	0.75362	0.28297
DOCK3	0	0.02225	0.00136	0.00486	0
DOCK4	0.01244	0.11642	0.26401	0.01189	0.00497
DOCK5	0.03951	0.08828	0.09707	0.01502	0.00914
DOCK6	0.00944	0.04787	0.00523	0	0.02319
DOCK7	0.02744	0.16755	0.12616	0.01235	0.04134
DOCK8	0.46426	0.02267	0.22544	0.67188	0.38187
DOCK9	0.05977	0.05127	0.03904	0.01156	0.00586
DOHH	0.00783	0.01784	0.03542	0.0489	0.01088
DOK1	0.02606	0.00552	0.07164	0.01984	0.02121
DOK2	0.28569	0.01367	0.35384	0.27997	0.03127
DOK3	0.01628	0.0095	0.13206	0.06708	0.21492
DOK4	0.00255	0.06111	0.03422	0	0
DOK6	0	0.00104	0	0	0.00245
DOK7	0	0.00662	0.00277	0.01096	0.0037
DOLK	0.03494	0.05732	0.05649	0.02086	0.02901
DOLPP1	0.01052	0.02637	0.00611	0.00743	0.00028
DONSON	0.07145	0.07583	0.03986	0.16707	0.0299
DOP1A	0.10296	0.08992	0.09775	0.11936	0.07456
DOP1B	0.14593	0.2664	0.29987	0.16601	0.10867
DOT1L	0.06607	0.09879	0.06929	0.10695	0.0789
DPAGT1	0.08522	0.13903	0.1045	0.15264	0.12314
DPCD	0.01665	0.04911	0.02543	0.02447	0.02358
DPEP1	0.00685	0.00781	0.00152	0.02484	0.17276
DPEP2	0.03016	0.0018	0.07977	0.00359	0.00306
DPF2	0.11866	0.08046	0.04654	0.14571	0.0692
DPF3	0.04748	0.01839	0.00288	0.08881	0.04239
DPH1	0.01138	0.00908	0.00908	0.00755	0.00782
DPH2	0.02434	0.08125	0.03098	0.05848	0.01569
DPH3	0.08267	0.12029	0.06571	0.09145	0.07886
DPH3P1	0.00178	0.004	0.00262	0.01126	0.0016
DPH5	0.08442	0.06471	0.03651	0.07434	0.03084
DPH6	0.02296	0.05212	0.00783	0.08776	0.01686
DPH6-DT	0	0.00205	0	0	0.00036
DPH7	0.04927	0.05347	0.04317	0.04918	0.06347
DPM1	0.03512	0.07303	0.03911	0.05306	0.0456
DPM2	0.11643	0.12288	0.07168	0.27294	0.16938
DPM3	0.06589	0.2197	0.08964	0.18402	0.2378
DPP3	0.07964	0.06398	0.03807	0.07617	0.05131
DPP4	0.11715	0.37782	0.06188	0.12119	0.01477
DPP7	0.326	0.29003	0.61069	0.37792	0.68727
DPP8	0.27157	0.21519	0.19966	0.48009	0.22781
DPP9	0.24178	0.29011	0.29222	0.22917	0.21721
DPPA4	0.00897	0.00315	0.01612	0.00417	0
DPY19L1	0.0525	0.06554	0.02861	0.03186	0.04951
DPY19L1P1	0.00248	0.0211	0.00157	0.0019	0.00057
DPY19L1P2	0	0.00335	0	0	0
DPY19L2	0	0.00076	0.00467	0	0
DPY19L2P2	0.05906	0.06312	0.04783	0.05577	0.02761
DPY19L2P3	0	0.00232	0	0	0
DPY19L3	0.02636	0.06302	0.06522	0.0069	0.03069
DPY19L4	0.14855	0.2019	0.19675	0.09372	0.1247
DPY30	0.22525	0.23969	0.14599	0.26	0.14657
DPYD	0.15017	0.27753	0.33434	0.06866	0.04907
DPYS	0.09882	0.45588	0.14376	0.02846	0.00561
DPYSL2	0.1806	0.1446	0.46636	0.34745	0.06037
DPYSL4	0.00359	0.01313	0.0026	0	0
DPYSL5	0.14604	0.15881	0.11967	0.08604	0.11825
DQX1	0.00069	0.05285	0.00347	0.00045	0.06148
DR1	0.26846	0.09462	0.0821	0.33349	0.10482
DRAM1	0.06334	0.13651	0.22377	0.03581	0.07761
DRAM2	0.04893	0.04566	0.11656	0.06623	0.09498
DRAP1	0.28834	0.18567	0.26664	0.26477	0.18527
DRD4	0.00144	0.00688	0.00301	0.00123	0.00292
DRG1	0.1288	0.25249	0.08182	0.33221	0.14191
DRG2	0.14679	0.10457	0.05223	0.33224	0.19315
DROSHA	0.17379	0.27327	0.13356	0.22122	0.19664
DSC1	0.12221	0.13009	0.18916	0.11108	0.16067
DSC2	0.00406	0.0729	0.09823	0	0
DSC3	0.0049	0.00892	0.00868	0.01278	0.01232
DSCAM-AS1	0.01767	0.02084	0.01616	0.00943	0.02758
DSCAML1	0.00034	0.00238	0.00178	0	0
DSCC1	0.01329	0.01067	0.00745	0.03568	5e-04
VPS26C	0.06612	0.04142	0.06489	0.10901	0.01784
DSCR4	0	0.00206	0.00129	0	0
DSCR8	0	0.008	0.00118	0	0
DSCR9	0.00717	0.00343	0	0.00089	0
DSE	0.08828	0.02042	0.22907	0.07117	0.01981
DSEL	0.15547	0.23246	0.16208	0.13108	0.16844
DSG1	0.01375	0.08984	0.0065	0.00073	0.00229
DSG2	0.09299	0.18284	0.11138	0.08129	0.10792
DSG3	0.20135	0.26806	0.30083	0.15826	0.23263
DSN1	0.04848	0.07747	0.05406	0.1966	0.11996
DSP	0.39811	1.12147	0.23153	0.16454	0.1874
DST	0.43958	1.48894	1.02984	0.24218	0.4058
DSTN	0.27771	0.48992	0.35679	0.39712	0.32055
DSTNP2	0.04136	0.0209	0.01446	0.02456	0.01202
DSTYK	0.4032	0.41958	0.32165	0.43823	0.41846
DTD1	0.04039	0.0549	0.05953	0.15706	0.05535
DTD2	0.05303	0.09386	0.08064	0.12816	0.10637
DTHD1	0.18753	0.00515	0	0.10474	0.03631
DTL	0.02206	0.02534	0.01459	0.27116	0.02076
DTNA	0.01116	0.11202	0.05437	0.0259	0.00747
DTNB	0.06395	0.08701	0.04569	0.08921	0.05878
DTNBP1	0.12908	0.06944	0.10562	0.18063	0.1134
DTWD1	0.0558	0.05426	0.02824	0.04749	0.07216
DTWD2	0.21377	0.27526	0.23688	0.19899	0.21252
DTX1	0.00318	0.0365	0.02574	0.10766	0.03693
DTX2	0.06766	0.06213	0.05705	0.08215	0.08607
DTX3	0.02901	0.0113	0.00143	0.01323	0.04411
DTX3L	0.28443	0.25906	0.26433	0.35323	0.18391
DTX4	0.02391	0.11863	0.03043	0.0025	0.02212
DTYMK	0.11518	0.19096	0.12897	0.86287	0.05588
DUOX1	0.00615	0.01543	0.007	0	0
DUOX2	0	0.01415	0	0	0
DUOXA2	0	0.0042	0	0	0
DUS1L	0.30639	0.47123	0.21687	0.25548	0.34732
DUS2	0.0114	0.0278	0.03623	0.12071	0.12179
DUS3L	0.03804	0.03247	0.022	0.04384	0.00733
DUS4L	0.03775	0.04361	0.02454	0.0036	0.01287
DUSP1	0.90893	0.11375	0.74633	0.69995	0.76716
DUSP10	0.07713	0.0352	0.06593	0.06601	0.03718
DUSP11	0.09396	0.03841	0.01558	0.11957	0.06183
DUSP12	0.03733	0.04387	0.03005	0.04343	0.03736
DUSP16	0.20041	0.12837	0.09006	0.11508	0.03685
DUSP18	0.14638	0.13092	0.15585	0.13753	0.11265
DUSP19	0.0405	0.05265	0.03385	0.03842	0.01852
DUSP2	0.46419	0.00583	0.12545	0.27942	0.18918
DUSP22	0.1243	0.1327	0.26597	0.23456	0.61621
DUSP23	0.21251	0.40822	0.39707	0.34729	0.13518
DUSP26	0.00038	0.00116	0	0.00219	0.08924
DUSP28	0.04674	0.02507	0.01361	0.03411	0.01056
DUSP3	0.04431	0.40421	0.4288	0.02457	0.03945
DUSP4	0.12604	0.00689	0.0221	0.14825	0.02475
DUSP5	0.10688	0.06431	0.10633	0.03048	0.19015
DUSP5P1	0	0.00334	0.02254	0.00206	0
DUSP6	0.17843	0.30807	0.45461	0.1854	0.09729
DUSP7	0.00702	0.01786	0.01997	0.00528	0.01422
DUSP8	0.00739	0.01146	0.0059	0	0.00676
DUSP9	0.01618	0.02353	0.0334	0.00056	0.00308
DUT	0.16157	0.29201	0.22957	0.77168	0.11424
DUXA	0.14559	0.19936	0.22508	0.13405	0.14967
DUXAP8	0.00113	0.02424	0	0	0.00134
DVL1	0.02898	0.17464	0.13384	0.03715	0.05728
DVL2	0.04278	0.0825	0.03292	0.10018	0.04458
DVL3	0.13356	0.18711	0.10787	0.12405	0.09159
DXO	0.05239	0.09941	0.04099	0.0426	0.05192
DYDC1	0.00215	0.00231	0.00494	0.00025	0.00361
DYDC2	0.01098	0.0088	0.00781	0.02634	0.00632
DYM	0.05673	0.05464	0.02175	0.0614	0.04361
DYNAP	0.00075	0.00364	0	0.00057	0
DYNC1H1	0.62025	0.80472	0.9734	0.71227	0.50235
DYNC1I1	0.00783	0.04849	0.01028	0.00025	0.02234
DYNC1I2	0.39745	0.42928	0.58034	0.55199	0.28981
DYNC1LI1	0.13781	0.15582	0.23679	0.34408	0.14751
DYNC1LI2	0.31095	0.38266	0.32308	0.28575	0.28908
DYNC2H1	0.05769	0.09821	0.04892	0.0042	0.01539
DYNC2LI1	0.01526	0.05711	0.05015	0.03351	0.01472
DYNLL1	0.45837	0.61337	0.41801	0.85863	0.39151
DYNLL2	0.10478	0.06655	0.08344	0.03579	0.03149
DYNLRB1	0.39175	0.4353	0.28619	0.50739	0.50912
DYNLRB2	0.00447	0.00117	0	0	0
DYNLT1	0.13764	0.14644	0.05949	0.10357	0.08056
DYNLT3	0.11502	0.13207	0.1156	0.05355	0.02576
DYRK1A	0.24237	0.10815	0.1635	0.25772	0.10247
DYRK1B	0.02505	0.03623	0.0438	0.03623	0.02332
DYRK2	0.16974	0.09314	0.07356	0.07837	0.0322
DYRK3	0.0029	0.01187	0.00453	0.00318	0
DYRK4	0.0158	0.01526	0.04702	0.04175	0.04863
DYSF	0.02438	0.0645	0.04919	0.04101	0.00109
DNAAF4	0.00774	0.00536	0.00019	0.00949	0.00177
DZANK1	0.09252	0.09695	0.08721	0.04381	0.06651
DZIP1	0.00869	0.01799	0.0112	0.00312	0.00212
DZIP1L	0.00037	0.01282	0.06023	0.0214	0
DZIP3	0.25005	0.10041	0.05397	0.15121	0.15918
E2F1	0.00457	0.03263	0.02817	0.082	0.01124
E2F2	0.01609	0.01512	0.01075	0.45323	0.01636
E2F3	0.16479	0.12486	0.1865	0.18559	0.15958
E2F4	0.07901	0.06561	0.05305	0.04274	0.05752
E2F5	0.00218	0.01234	0.00752	0.04669	0.0957
E2F6	0.02236	0.09289	0.05101	0.04632	0.05257
E2F7	0.00508	0.01409	0.01064	0.209	0.05083
E2F8	0.00604	0.02192	0.00089	0.35901	0.01728
E4F1	0.12652	0.0996	0.13838	0.12796	0.07616
EAF1	0.11405	0.15638	0.15086	0.12074	0.12799
EAF2	0.01444	0.01045	0.05182	0.11788	0.30577
EAPP	0.25486	0.22215	0.19295	0.22983	0.20089
EARS2	0.02409	0.04029	0.02217	0.00648	0.03406
EBAG9	0.07825	0.13498	0.098	0.1557	0.31261
EBF1	0.0145	0.01378	0.01	0.05022	0.08372
EBF4	0.00101	0.01793	0.03179	0.00073	0
EBI3	0.00327	0.00348	0.07999	0.02662	0.01836
EBLN2	0.03469	0.05335	0.01854	0.03816	0.06447
EBNA1BP2	0.11401	0.27005	0.09433	0.25695	0.16689
EBP	0.17728	0.61523	0.14574	0.44686	0.11656
EBPL	0.05564	0.1909	0.08371	0.05505	0.03317
ECD	0.04515	0.08761	0.08046	0.14413	0.0457
ECE1	0.2497	0.30379	0.22763	0.32018	0.29182
ECE2	0.01465	0.07181	0.04473	0.02057	0.06114
ECH1	0.44796	0.56257	0.26532	0.62582	0.45886
ECHDC1	0.08187	0.26849	0.15949	0.24943	0.20148
ECHDC2	0.08988	0.45813	0.16731	0.02056	0.09315
ECHDC3	0.02412	0.1219	0.0256	0.00277	0.00158
ECHS1	0.28975	0.96272	0.56455	0.44157	0.3595
ECI1	0.0751	0.16822	0.04915	0.15006	0.22473
ECI2	0.28734	0.80588	0.37546	0.43079	0.15611
ECM2	0.0058	0.04815	0.00791	0.01259	0.00121
ECSIT	0.09358	0.10804	0.04663	0.16064	0.06452
ECT2	0.05148	0.11871	0.05428	0.42454	0.04044
ECT2L	0.02573	0.01958	0.02861	0.0169	0.02069
EDA	0.00629	0.00956	0.00088	0	0
EDAR	0	0.00166	0.00211	0	0
EDARADD	0.10574	0.01208	0.00075	0.13607	0.03061
EDC3	0.07618	0.10704	0.07233	0.19066	0.05029
EDC4	0.0725	0.08783	0.15246	0.16138	0.06135
EDEM1	0.08371	0.08852	0.0717	0.13462	0.31209
EDEM2	0.05275	0.06366	0.05668	0.06109	0.10974
EDEM3	0.0827	0.27942	0.12567	0.14551	0.16003
EDF1	0.89914	0.68533	0.40633	1.10299	1.03482
EDN1	0.00708	0.00864	0.00333	0	0.01013
EDNRB	0.00447	0.0177	0	0	0.00066
EDRF1	0.10538	0.08048	0.05008	0.13192	0.12487
EEA1	0.24761	0.53683	0.47145	0.41185	0.24266
EED	0.16611	0.09387	0.06847	0.20985	0.10247
EEF1A1	2.88077	1.97921	2.12576	2.50655	2.26731
EEF1A2	0	0.04794	0.00044	0	0
EEF1B2	1.25072	0.70788	0.93152	1.86761	2.07134
EEF1D	1.8451	1.02159	1.2826	2.11368	2.28003
EEF1E1	0.029	0.05728	0.01034	0.03239	0.00642
EEF1G	1.66151	1.42286	1.26468	2.3127	2.14451
EEF2	1.4846	1.12583	1.11838	1.79424	1.77004
EEF2K	0.13739	0.15577	0.16834	0.11245	0.13818
EEFSEC	0.08251	0.07886	0.0194	0.09992	0.05128
EEPD1	0.00261	0.0437	0.02536	0.04199	0
EFCAB11	0.20587	0.19864	0.17925	0.1637	0.16107
EFCAB12	0.0015	0.0052	0.00672	0	0
EFCAB13	0.01707	0.03448	0.0313	0.0039	0.02388
EFCAB14	0.28747	0.25479	0.28351	0.3568	0.1628
EFCAB2	0.02629	0.06755	0.02707	0.06537	0.02219
EFCAB3	0.00034	0.00193	0.00217	0	0
EFCAB5	0	0.00095	0.00203	0.02697	0.00692
EFCAB6	0.00576	0.00959	0.00612	0.00085	0.0108
EFCAB7	0.01282	0.01305	0.00993	0.0071	0.00712
EFCC1	0	0.0036	0	0	0
EFEMP2	0.00691	0.02006	0.02973	0	0.01036
EFHC1	0.07711	0.18693	0.09947	0.02557	0.10298
EFHC2	0.00139	0.00451	0.00136	0	0
EFHD1	0	0.00282	0.00191	0.00086	0
EFHD2	0.19739	0.06078	0.4165	0.29457	0.12021
EFNA1	0.05741	0.60755	0.19305	0.04075	0.00586
EFNA2	0.00164	0.01233	0	0.00108	0.0147
EFNA3	0.0123	0.00896	0.00668	0.00579	0.00046
EFNA4	0.0216	0.04373	0.0269	0.02649	0.00863
EFNA5	0.00701	0.03145	0.01192	0.01764	0
EFNB1	0.01629	0.03235	0.03326	0.00465	0.009
EFNB2	0.02859	0.00762	5e-04	0	0.00621
EFR3A	0.15786	0.28332	0.36455	0.17926	0.10544
EFR3B	3e-04	0.00272	0.00284	0.00037	0.00092
EFTUD2	0.13222	0.22757	0.19808	0.41095	0.13812
EGF	0	0.00765	0.00131	0.00086	0
EGFEM1P	0.06861	0.05888	0.05456	0.03273	0.04935
EGFL7	0.003	0.02371	0.0722	0.0082	0.00098
EGFLAM-AS4	0.00117	0.00195	0.00234	0.00174	0.00368
EGFR	0.0334	0.15208	0.03303	0.02678	0.01111
EGLN1	0.09626	0.23529	0.12436	0.06569	0.05496
EGLN3	0.00294	0.04258	0.06776	0.00147	0.00138
EGOT	0.00526	0.00497	0.00345	0	0
EGR1	0.23933	0.08675	1.25818	0.4954	0.54026
EGR2	0.01626	0.00188	0.03192	0.02261	0.00409
EGR3	0.00898	0.00118	0.07341	0.0143	0.00487
EHBP1	0.12874	0.30741	0.08604	0.16227	0.09648
EHBP1L1	0.16505	0.12102	0.47203	0.30667	0.14621
EHD1	0.38407	0.24007	0.17447	0.46114	0.2349
EHD2	0.03697	0.08827	0.02102	0	0.00104
EHD3	0.00117	0.00177	0.00138	0.03777	0.06102
EHD4	0.05074	0.0576	0.10005	0.01981	0.03066
EHF	0.00963	0.00684	0.00627	0.00144	0
EHHADH	0.15931	0.6038	0.26845	0.16501	0.05445
EHMT1	0.14965	0.11627	0.11783	0.22562	0.24737
EHMT2	0.14586	0.24119	0.09112	0.14508	0.13077
EI24	0.31594	0.87344	0.42683	0.32448	0.47065
EID1	0.41101	0.35286	0.26332	0.70257	0.32799
EID2	0.01061	0.02782	0.01298	0.03874	0.02331
EID2B	0.03391	0.01037	9e-04	0.04338	0.01592
EID3	0.01816	0.02812	0.03757	0.00965	0.00374
EIF1	2.38217	1.535	1.76194	2.43167	2.67585
EIF1AD	0.03513	0.07304	0.0307	0.08628	0.04909
EIF1AX	0.44914	0.46768	0.40884	0.83385	0.72499
EIF1AY	0.04945	0.05375	0.08515	0.03308	0
EIF1B	0.13756	0.17581	0.17461	0.16921	0.09063
EIF2A	0.24219	0.22644	0.17535	0.34027	0.18664
EIF2AK1	0.26987	0.49548	0.30208	0.5264	0.29607
EIF2AK2	0.20013	0.15814	0.16503	0.45589	0.26399
EIF2AK3	0.05886	0.04959	0.03823	0.08816	0.28577
EIF2AK4	0.11589	0.24696	0.17575	0.13035	0.63341
EIF2B1	0.11979	0.1293	0.04894	0.16091	0.04595
EIF2B2	0.05474	0.10716	0.08056	0.16592	0.05557
EIF2B3	0.07172	0.11178	0.07052	0.19621	0.14863
EIF2B4	0.15154	0.34155	0.18243	0.20058	0.23169
EIF2B5	0.11294	0.16466	0.14101	0.1876	0.05671
LINC01840	0.08783	0.10395	0.11681	0.06496	0.10488
EIF2D	0.05754	0.07318	0.02383	0.03906	0.02549
EIF2S1	0.30525	0.23224	0.27675	0.31958	0.23976
EIF2S2	0.61479	0.76694	0.68559	1.14659	1.15061
EIF2S3	0.40721	0.3727	0.2956	0.61869	0.42098
EIF3A	1.24412	1.26851	1.3682	1.58561	1.30798
EIF3B	0.39182	0.59356	0.43229	0.70924	0.24994
EIF3D	0.33991	0.25478	0.38268	0.41643	0.27773
EIF3E	0.32916	0.29976	0.2335	0.48549	0.35497
EIF3F	0.57793	0.38657	0.30455	1.0318	0.61405
EIF3G	0.49096	0.29399	0.18915	0.49116	0.73819
EIF3H	0.61915	0.27802	0.293	0.75151	0.505
EIF3I	0.42052	0.47262	0.41055	0.84216	0.53594
EIF3J	0.2809	0.29428	0.35126	0.54016	0.50034
EIF3J-DT	0.05405	0.07157	0.02176	0.10146	0.04833
EIF3K	0.86316	0.65357	0.6259	1.53587	1.04751
EIF3L	0.53373	0.61841	0.48806	1.02195	0.60539
EIF3M	0.1996	0.17763	0.13585	0.28428	0.1446
EIF4A2	0.74189	0.62176	0.60033	0.63411	0.54294
EIF4A3	0.1707	0.07147	0.37345	0.2485	0.22121
EIF4B	1.11679	0.81287	0.67282	1.21793	1.06007
EIF4E	0.38864	0.23914	0.32533	0.40403	0.28118
EIF4E2	0.3271	0.2649	0.21868	0.47293	0.23555
EIF4E3	0.05742	0.0073	0.00905	0.07024	0.06579
EIF4EBP1	0.08689	0.17637	0.15651	0.06794	0.07075
EIF4EBP2	0.29321	0.61302	0.36408	0.29183	0.1753
EIF4ENIF1	0.10652	0.08762	0.05311	0.09646	0.08496
EIF4G1	0.47565	0.87671	0.66084	0.89481	0.57466
EIF4G2	0.90172	0.85503	0.71788	1.47876	0.91203
EIF4G3	0.3277	0.41643	0.35404	0.49905	0.24544
EIF4H	0.45353	0.3742	0.33312	0.51375	0.33987
EIF5	0.81278	0.6075	0.93718	0.93547	0.9626
EIF5A	0.16037	0.13872	0.1545	0.47853	0.26134
EIF5A2	0.0191	0.09899	0.02793	0.07017	0.02531
EIF5AL1	0.04136	0.03306	0.05719	0.09029	0.0319
EIF5B	0.88686	1.04879	0.93923	1.34331	1.25664
EIF6	0.36612	0.76035	0.35045	0.62417	0.35264
ELAC1	0.0354	0.02183	0.03099	0.04232	0.01518
ELAC2	0.11494	0.11149	0.08899	0.16668	0.12618
ELAVL1	0.17981	0.19529	0.13258	0.30487	0.14979
ELAVL4	0.00208	0.00136	0.01663	0	0
ELF1	0.65979	0.1371	0.2862	0.80192	0.45537
ELF2	0.13796	0.12566	0.12859	0.3271	0.25364
ELF3	0.0168	0.23473	0.09528	0	0.00085
ELF4	0.10501	0.01007	0.06231	0.08177	0.03547
ELFN1	0.00733	0.04521	0.0152	0.00098	0.00061
ELFN2	0.00041	0.00801	0.00523	0	0
ELK1	0.02682	0.15204	0.03476	0.00972	0.03569
ELK2AP	0.14225	0.10567	0.02869	0.51073	2.75916
ELK3	0.19169	0.06251	0.06882	0.13179	0.3154
ELK4	0.33395	0.25477	0.13389	0.3553	0.11956
ELL	0.09269	0.0414	0.07447	0.16251	0.15346
ELL2	0.18986	0.56032	0.39751	0.40941	1.59977
ELL3	0.00058	0.01125	0	0.06906	0.00106
ELMO1	0.07909	0.0772	0.10911	0.2318	0.11274
ELMO2	0.05134	0.06398	0.06441	0.06572	0.0752
ELMO3	0.00582	0.011	0.00101	0	0.00232
ELMOD1	0.10897	0.1038	0.09731	0.10159	0.11503
ELMOD2	0.06277	0.10349	0.04063	0.05417	0.11239
ELMOD3	0.04697	0.06198	0.04527	0.01518	0.04116
ELMSAN1	0.11197	0.05634	0.07516	0.0306	0.06261
ELOF1	0.16213	0.0783	0.03692	0.15889	0.15801
ELOVL1	0.03089	0.03169	0.02653	0.05776	0.01109
ELOVL2	0.05455	0.37754	0.06986	0.02932	0.02411
ELOVL2-AS1	0.00064	0.03247	0.01122	0	0
ELOVL4	0.00839	0.00371	0	0.00897	0
ELOVL5	0.26721	0.24687	0.08659	0.54286	0.1545
ELOVL6	0.03509	0.07739	0.02113	0.01122	0.01098
ELOVL7	0.00634	0.02338	0.00956	0.00176	0.00186
ELP2	0.22414	0.22266	0.11816	0.21672	0.13134
ELP3	0.0867	0.07459	0.08166	0.09775	0.06779
ELP4	0.02836	0.02247	0.02878	0.09024	0.02748
ELP5	0.09825	0.10993	0.09534	0.15885	0.08225
ELP6	0.06564	0.06401	0.02821	0.25097	0.04169
EMB	0.46784	0.01524	0.12437	0.35705	0.16289
EMBP1	0.02208	0.05417	0.03726	0.00743	0.00583
EMC1	0.12709	0.2058	0.13441	0.11502	0.09273
EMC10	0.19193	0.37362	0.20001	0.18044	0.12912
EMC2	0.06779	0.14894	0.09563	0.1386	0.12387
EMC3	0.37186	0.49662	0.47368	0.36639	0.33041
EMC3-AS1	0.12161	0.20854	0.16673	0.23023	0.1958
EMC4	0.2789	0.32969	0.12669	0.43748	0.34727
EMC6	0.06615	0.09868	0.09189	0.32092	0.23555
EMC7	0.08347	0.13449	0.10024	0.13026	0.12616
EMC8	0.07173	0.09116	0.07146	0.15293	0.06446
EMC9	0.11194	0.06799	0.01965	0.38219	0.06287
EMCN	0.1188	0.1596	0.11692	0.12729	0.12886
EMD	0.04646	0.0765	0.07209	0.07085	0.04179
EME1	0.00928	0.01579	0.00145	0.11495	0.00398
EMG1	0.06301	0.12743	0.08869	0.12314	0.09414
EMID1	0.00888	0.02362	0.0183	0	0.00057
EMILIN1	0	0.00215	0.01027	0	0
EMILIN2	0.01136	0.01129	0.55842	0.02129	0.01963
EMILIN3	0	0.0022	0.00224	0	0
EML1	0.01048	0.0222	0.00835	0	0
EML2	0.04075	0.02444	0.02211	0.01826	0.02378
EML3	0.17341	0.1374	0.0889	0.15593	0.09399
EML4	0.76537	0.64251	0.43805	0.57813	0.26863
EML5	0.01756	0.03435	0.00687	0.00222	0.06686
EML6	0.01422	0.14552	0.04171	0.09353	0.09265
EMP1	0.00041	0.0044	0.03372	0.00083	0
EMP2	0.34469	0.60006	0.42063	0.26102	0.3394
EMP3	0.0302	0.0064	0.06321	0.05558	0.03791
EMX1	0	0.00441	0.0012	0	0
EMX2	0.00395	0.00217	0.00245	0.00119	0.00235
EMX2OS	0.37946	0.44319	0.42355	0.30773	0.40119
ENAH	0.28926	0.56795	0.29984	0.09705	0.15642
ENAM	0	0.00468	0.01395	0	0
ENC1	0.04116	0.041	0.00966	0.08663	0.0568
ENDOD1	0.05168	0.03482	0.02343	0.04332	0.03711
ENDOG	0.03789	0.07293	0.04995	0.01516	0.04602
ENDOV	0.00991	0.05843	0.01538	0.05433	0.01495
ENG	0.02481	0.01024	0.12211	0	0.01092
ENGASE	0.02913	0.05616	0.11664	0.01294	0.08645
ENHO	0.02655	0.11153	0.08241	0.00173	0
ENKD1	0.01974	0.03796	0.02388	0.00333	0.0084
ENKUR	0	0.00157	0	0	0
ENO1	1.34319	1.30216	1.40487	2.05928	0.69634
ENO1-AS1	0	0.0048	0	0	0
ENO2	0.03724	0.0245	0.04175	0.16404	0.03729
ENO3	0.07427	0.28733	0.13139	0.00252	0.05425
ENOPH1	0.05515	0.08721	0.09318	0.06587	0.04551
ENOSF1	0.22172	0.34766	0.3202	0.20311	0.1392
ENOX2	0.08516	0.07006	0.08345	0.16766	0.13131
ENPEP	0.03169	0.09892	0.04023	0.00265	0.01503
ENPP1	0.06821	0.53999	0.14082	0.04109	0.00172
ENPP2	0.0062	0.06818	0.11551	0.0244	0.00859
ENPP3	0.00129	0.02197	0.00474	0	0.00066
ENPP4	0.07359	0.1067	0.09132	0.03034	0.02079
ENPP5	0.02159	0.01696	0.0026	0	0.0021
ENPP6	0.03011	0.04885	0.04118	0.05912	0.05486
ENPP7	0.00767	0.01253	0	0	0
ENPP7P13	0.06875	0.21333	0.1171	0.027	0.06999
ENSA	0.46243	0.40391	0.46712	0.74958	0.39756
ENTPD1	0.10641	0.03641	0.27805	0.04367	0.10376
ENTPD1-AS1	0.02258	0.01366	0.01715	0.0092	0.00166
ENTPD2	0.00043	0.01211	0.00469	0	0.00035
ENTPD3-AS1	0.02894	0.04192	0.01968	0.04728	0.03912
ENTPD4	0.50856	0.48717	0.52945	0.50941	0.7661
ENTPD5	0.06253	0.39	0.12849	0.03529	0.03252
ENTPD6	0.08523	0.30571	0.19927	0.0453	0.21344
ENTPD7	0.01846	0.06863	0.03469	0.03868	0.03977
ENTPD8	0.00084	0.02071	0.01375	0	0
ENY2	0.1963	0.30015	0.30834	0.37768	0.22649
EOGT	0.0695	0.0203	0.05543	0.0775	0.02326
EOMES	0.73768	0.02339	0.02432	0.74009	0.20376
EP300	0.46759	0.37338	0.49568	0.62059	0.46311
EP400	0.18247	0.23735	0.25294	0.37645	0.13658
EP400P1	0.021	0.01654	0.00673	0.00821	0.00301
EPAS1	0.06733	0.20789	0.12911	0.01272	0.03238
EPB41	0.57144	0.44572	0.31765	0.50832	0.34283
EPB41L1	0.02326	0.06207	0.09777	0	0.00404
EPB41L2	0.05809	0.1239	0.56037	0.12023	0.00949
EPB41L3	0.00184	0.0095	0.38811	0	0.00113
EPB41L4A	0.00444	0.0118	0.00299	0.0402	0.05486
EPB41L4A-AS1	0.0989	0.04171	0.03154	0.0603	0.05759
EPB41L4B	0.01047	0.08802	0.0113	0.00059	0.01091
EPB41L5	0.03895	0.28518	0.06224	0.00401	0.00072
EPC1	0.36001	0.17741	0.18189	0.39618	0.28453
EPC2	0.09312	0.06597	0.06738	0.14314	0.09265
EPCAM	0	0.00417	0.00124	0	0
EPDR1	0.01758	0.08281	0.02266	3e-04	0.00057
EPG5	0.06961	0.10031	0.17399	0.13303	0.08022
EPGN	0.02196	0.02147	0.01551	0.02576	0.02107
EPHA1	0.01828	0.04376	0.00436	0	0
EPHA1-AS1	0.07955	0.07773	0.0484	0.07443	0.08884
EPHA10	0.01065	0.00303	0.00458	0.00208	0.00332
EPHA2	0	0.00493	0.00359	0	0
EPHA4	0.02782	0.00238	0.00033	0.01443	0.02286
EPHB1	0.01506	0.00055	0.00066	0	5e-04
EPHB2	0.00293	0.04159	0.08104	0.01522	0.00041
EPHB3	0.00063	0.00215	0.00568	0	0
EPHB4	0.01382	0.10238	0.0212	0.0048	0.01545
EPHB6	0.02094	0.02776	0.02773	0.07476	0.00964
EPHX1	0.06039	0.40749	0.12458	0.04792	0.01445
EPHX2	0.14601	0.24778	0.08374	0.05411	0.02487
EPHX3	0	0.00658	0	0	0
EPM2A	0.00419	0.01891	0.01649	0.01202	0.00233
EPM2AIP1	0.27109	0.31754	0.33305	0.23211	0.45033
EPN1	0.08128	0.26471	0.22937	0.15249	0.09649
EPN2	0.02857	0.06031	0.04625	0.02813	0.09587
EPN2-AS1	0	0.00064	0	0	0.01877
EPN3	0	7e-04	0	0.00086	0
EPO	0	0.01634	0.00664	0	0
EPOR	0.03404	0.02419	0.00671	0.03664	0.02781
EPPIN	0.00311	0.00539	0.00152	0.01076	0.00364
EPPK1	0.00814	0.04972	0.01955	0	0
EPRS	0.40392	0.50106	0.42129	0.73825	0.63572
EPS15	0.41618	0.18781	0.31119	0.48046	0.43461
EPS15L1	0.03828	0.04154	0.06078	0.09542	0.0803
EPS8	0.01417	0.12823	0.21262	0.03351	0.01871
EPS8L1	0.02466	0.00362	0.00271	0	0
EPS8L2	0.19461	0.55967	0.1356	0.08111	0.08611
EPS8L3	0.00567	0.02345	0.00124	0.00048	0.02075
EPSTI1	0.3775	0.0414	0.23835	0.37186	0.31352
ERAL1	0.01513	0.03006	0.00636	0.01411	0.01305
ERAP1	0.22632	0.15123	0.18871	0.33194	0.26046
ERAP2	0.84555	0.27124	0.26442	1.09711	1.27665
ERBB2	0.01357	0.06924	0.02418	0.00026	0.00271
ERBB3	0.25437	1.12386	0.38141	0.13089	0.12276
ERC1	0.16632	0.21708	0.28068	0.352	0.42529
ERCC1	0.10394	0.13112	0.07903	0.12789	0.12279
ERCC2	0.02477	0.05138	0.0575	0.02154	0.05344
ERCC3	0.04366	0.08378	0.12694	0.08792	0.0566
ERCC4	0.11847	0.07489	0.0469	0.1308	0.07672
ERCC5	0.00839	0.00281	0.00792	0.01659	0.01038
ERCC6	0.05432	0.10193	0.05403	0.13734	0.09486
ERCC6L	7e-04	0.0076	0	0.06444	0.00289
ERCC6L2	0.26725	0.18423	0.20847	0.20616	0.28303
ERCC8	0.02421	0.01393	0.02074	0.01018	0.02398
EREG	0.00129	0.00658	0.0061	0.00692	0.00239
ERF	0.02238	0.02158	0.01793	0.02041	0.03053
ERGIC1	0.09204	0.21688	0.17102	0.06295	0.19761
ERGIC2	0.17885	0.13671	0.11506	0.12863	0.28476
ERGIC3	0.17627	0.33379	0.16567	0.21488	0.54471
ERH	0.1705	0.17722	0.11217	0.4198	0.16337
ERI1	0.10765	0.02926	0.03135	0.20235	0.04238
ERI2	0.01254	0.05153	0.02304	0.08153	0.03191
ERI3	0.09676	0.1568	0.07448	0.13097	0.06334
ERICH1	0.28772	0.13351	0.2636	0.43082	0.23895
ERICH2	0.00201	0.03106	0.01697	5e-04	0
ERLEC1	0.31846	0.3351	0.23677	0.40759	1.63763
ERLIN1	0.0453	0.18273	0.0625	0.10153	0.03761
ERLIN2	0.15868	0.26165	0.20022	0.12675	0.13047
ERMAP	0.0228	0.05283	0.07215	0.04848	0.02902
ERMARD	0.02294	0.12098	0.0472	0.06969	0.08175
ERMN	0.01385	0.00153	0.02016	0	0.04561
ERMP1	0.05574	0.05575	0.02755	0.05687	0.00698
ERN1	0.05384	0.02056	0.01512	0	0.11729
ERN2	0.03524	0.04385	0.03683	0.0295	0.04004
ERP27	0.02785	0.00172	0.0077	0.03102	0
ERP29	0.56296	0.729	0.66654	0.71152	0.71212
ERP44	0.14761	0.13894	0.16783	0.12389	0.15938
ERRFI1	0.07284	0.26475	0.07057	0.0103	0.02499
ERV3-1	0.01342	0.01872	0.01887	0.07902	0.02257
ERVK13-1	0.0679	0.0872	0.07053	0.0786	0.09788
ERVK3-1	0.00074	0.00108	0.00238	0.00266	0
ERVV-1	0.0598	0.09616	0.11855	0.08411	0.07291
ESAM	0	0.00446	0.01099	0	0
ESCO1	0.21018	0.19411	0.19668	0.29353	0.24086
ESCO2	0.00443	0.01204	0.00978	0.34042	0.00125
ESD	0.139	0.30533	0.22001	0.27252	0.03035
ESF1	0.28381	0.41487	0.38224	0.34027	0.20674
ESM1	0.00251	0.00324	0.00103	0.00355	0
ESPL1	0.00458	0.0126	0	0.09485	0.00156
ESPN	0.01377	0.13904	0.04586	0.03341	0.0208
ESPNL	0.00035	0.01458	0.00306	0	0
ESR1	0.00297	0.01341	0.03863	0.02211	0.04745
ESR2	0.02096	0.03257	0.02669	0.03343	0.03758
ESRG	0.01081	0.00694	0.00741	0.01882	0.00929
ESRP2	0.00684	0.08812	0.04135	0.00733	0.00097
ESRRA	0.1002	0.19658	0.15543	0.06519	0.05896
ESRRG	0	0.00412	0	0	0
ESYT1	0.21539	0.23301	0.13587	0.21102	0.07619
ESYT2	0.42049	0.39542	0.38954	0.29682	0.39496
ESYT3	0	0.00684	0	0	0
ETAA1	0.07864	0.07251	0.01522	0.11997	0.06467
ETF1	0.23954	0.25282	0.28726	0.31498	0.22119
ETFA	0.15673	0.33945	0.17753	0.16162	0.122
ETFB	0.55106	1.10773	0.43859	0.96671	0.36476
ETFDH	0.02938	0.07767	0.02243	0.10322	0.03767
ETHE1	0.0973	0.06973	0.06775	0.18245	0.1193
ETNK1	0.1215	0.10922	0.10645	0.19851	0.11953
ETNK2	0.02001	0.31719	0.0935	0.01275	0.00428
ETNPPL	0.02182	0.07486	0.0456	0.00066	0.00069
ETS1	1.63822	0.07189	0.09416	1.37569	0.51207
ETS2	0.02292	0.14151	0.3426	0.01001	0.00765
ETV1	0.10354	0.02742	0.00773	0.06082	0.01404
ETV2	0.00179	0.02908	0.04308	0.00269	0.03821
ETV3	0.02732	0.015	0.08252	0.02016	0.01789
ETV4	0.00303	0.08334	0.03545	0.01947	0
ETV5	0.04045	0.0873	0.19634	0.02599	0.01799
ETV6	0.09606	0.0886	0.1696	0.10452	0.12738
ETV7	0.10063	0.02475	0.01801	0.10309	0.06417
EVA1A	0.01876	0.08247	0.02289	0.00256	0.00027
EVA1B	0.0312	0.04514	0.1809	0.04171	0.08671
EVA1C	0.00964	0.0031	0.01007	0	0.01163
EVC	0.00498	0.04331	0.00894	0.00773	0.00125
EVC2	0.0063	0.01904	0.00192	0.07195	0.03608
EVI2A	0.17059	0.00811	0.26499	0.1665	0.15666
EVI2B	0.63034	0.03346	0.33519	0.84245	0.72741
EVI5	0.07978	0.46356	0.38574	0.09847	0.35825
EVI5L	0.04759	0.03202	0.00108	0.00421	0.03471
EVL	1.21859	0.21871	0.49269	1.14347	0.37212
EVPL	0.00043	0.01418	0	0	0
EVX1	0.00022	0.00967	0.00088	0	0
EWSR1	0.27893	0.25043	0.31011	0.60426	0.29032
EXD1	0.00716	0.00261	0.00113	0.00163	0.00234
EXD2	0.01091	0.04022	0.01125	0	0.01168
EXD3	0.04917	0.07975	0.0565	0.05297	0.07327
EXO1	0.01562	0.00952	0.017	0.18766	0
EXO5	0.05318	0.04233	0.01335	0.06747	0.0257
EXOC1	0.27198	0.11716	0.30352	0.29095	0.1599
EXOC2	0.14193	0.11124	0.13292	0.15306	0.11298
EXOC3	0.17548	0.255	0.25184	0.37252	0.14225
EXOC3L1	0.00033	0.00388	9e-04	0.00301	0
EXOC3L4	0.01317	0.05616	0.00457	0.00044	0.00111
EXOC4	0.26668	0.31905	0.28223	0.42664	0.29817
EXOC5	0.1285	0.13919	0.10491	0.17439	0.10683
EXOC6	0.06902	0.13176	0.09463	0.15742	0.07725
EXOC6B	0.07165	0.09511	0.10002	0.01482	0.01414
EXOC7	0.19076	0.25887	0.19565	0.29121	0.17962
EXOC8	0.08397	0.08976	0.05024	0.09037	0.07233
EXOG	0.096	0.09481	0.072	0.19266	0.0709
EXOSC1	0.08658	0.10068	0.03845	0.17126	0.15021
EXOSC10	0.16867	0.15884	0.13632	0.3939	0.15306
EXOSC2	0.13047	0.14881	0.17135	0.23378	0.10202
EXOSC3	0.03943	0.02916	0.02205	0.1396	0.07264
EXOSC4	0.05885	0.14937	0.13886	0.24176	0.07963
EXOSC5	0.04363	0.04327	0.02674	0.05134	0.03589
EXOSC6	0.06651	0.07492	0.02641	0.0841	0.05103
EXOSC7	0.09277	0.10533	0.08238	0.12783	0.06156
EXOSC8	0.17607	0.09682	0.05725	0.50714	0.07373
EXOSC9	0.13925	0.07688	0.10864	0.17603	0.11413
EXPH5	0.01731	0.08266	0.02745	0.05927	0.01994
EXT1	0.05026	0.17159	0.12755	0.02869	0.0444
EXT2	0.0258	0.11349	0.06317	0.02659	0.0723
EXTL2	0.03698	0.09681	0.03233	0.01526	0.05912
EXTL3	0.05167	0.05521	0.02584	0.02888	0.0206
EXTL3-AS1	0.1314	0.13974	0.13456	0.12177	0.11687
EYA2	0	0.00485	0.0514	0	0.00062
EYA3	0.1686	0.06534	0.06572	0.21159	0.10906
EYA4	0	0.00979	0.00617	0	0
EYS	0.00035	0.00281	0.00085	0.00368	0.00066
EZH1	0.1748	0.10253	0.09551	0.12348	0.14548
EZH2	0.12172	0.0799	0.05243	0.90379	0.12995
EZR	1.01899	0.43488	0.39206	1.73632	0.69611
F10	0.07896	0.49823	0.12808	0.00887	0.00579
F10-AS1	0	0.00269	0	0	0.00057
F11	0.02919	0.18368	0.03763	0.00102	0.03344
F11-AS1	0	0.00119	0	0	0
F11R	0.15853	0.47862	0.27745	0.18321	0.12919
F12	0.13003	1.15011	0.26941	0.07045	0.07113
F13A1	0.00234	0.01862	0.62189	0.05749	0.00155
F13B	0.01102	0.13696	0.05137	0.0017	0.00097
F2	0.31696	1.4693	0.55763	0.08159	0.09254
F2R	0.3704	0.13985	0.11339	0.42263	0.24116
F2RL1	0.01898	0.03126	0.02142	0	0.02375
F2RL2	0	0.00141	0.00162	0.00038	0.0012
F2RL3	0.05757	0.0885	0.07168	0.03941	0.07721
F3	0.00086	0.0032	0.01116	0.00094	0.00172
F5	0.25889	1.26377	0.33206	0.11604	0.15005
F7	0.06103	0.53131	0.11236	0.00437	0.016
F8	0.00896	0.03584	0.01527	0.01101	0.00048
F9	0.02338	0.18266	0.01822	0	0.00102
FAAH	0.01023	0.11578	0.0158	0.01345	0
FAAH2	0.01839	0.02778	0.00481	0.0011	0.00803
FABP1	0.13361	0.63885	0.33356	0.03768	0.01438
FABP3	0	0.00787	0.10747	0	0
FABP5	0.3163	0.0636	0.63492	0.88075	0.12423
FABP5P3	0.00551	0.00068	0.00101	0.00142	0.002
FADD	0.02769	0.04314	0.01145	0.03905	0.0132
FADS1	0.19558	0.7121	0.29227	0.17114	0.10525
FADS2	0.04203	0.20041	0.09587	0.00412	0
FADS3	0.01179	0.09513	0.02891	0.00354	0.01058
FADS6	0.07206	0.09964	0.12792	0.05409	0.06685
FAF1	0.15616	0.11418	0.09122	0.46152	0.11238
FAF2	0.13824	0.19689	0.11666	0.16101	0.15933
FAH	0.05561	0.49767	0.21983	0.07863	0.06558
FAHD1	0.13244	0.36506	0.20338	0.28646	0.15321
FAHD2A	0.04145	0.13569	0.03743	0.15136	0.02763
FAHD2B	0.04922	0.06132	0.03709	0.08057	0.06593
FAHD2CP	0.00901	0.01058	0.00157	0.00124	0.01491
FAIM	0.01075	0.01284	0.00483	0.0314	0.01565
FAIM2	0.00651	0.00017	0	0.02107	0.00094
FAM102A	0.21051	0.09877	0.05083	0.16889	0.11599
FAM102B	0.03269	0.01891	0.07351	0.05648	0.02101
RAMAC	0.12551	0.11789	0.07604	0.17043	0.09258
FAM104A	0.20998	0.1038	0.02904	0.28848	0.12193
FAM104B	0.04481	0.04971	0.01774	0.04758	0.04524
OTULINL	0.05767	0.00998	0.26268	0.1379	0.02187
FAM107A	0	0.00399	0.00253	0	0
FAM107B	0.58059	0.32551	0.15045	0.56333	0.33073
PHETA1	0.00831	0.05442	0.04395	0.00545	0.00619
FAM110A	0.08637	0.02788	0.06582	0.2034	0.02181
FAM110B	0.00214	0.03366	0.00883	0.00037	0
FAM110C	0.01822	0.02816	0.00878	0.01039	0.0056
FAM111A	0.40779	0.21199	0.24689	1.26177	0.27687
FAM111B	0.05474	0.03412	0.03524	0.37403	0.00335
FAM114A1	0.06221	0.34056	0.15089	0.04476	0.10044
FAM114A2	0.09172	0.07405	0.08203	0.05828	0.06401
FAM117A	0.06293	0.05373	0.01294	0.03405	0.16684
FAM117B	0.05082	0.02448	0.03371	0.03666	0.05363
FAM118A	0.15754	0.0733	0.14068	0.22059	0.08099
FAM118B	0.03241	0.0344	0.03054	0.02637	0.03787
FAM120A	0.4089	0.33372	0.37898	0.57951	0.3593
FAM120AOS	0.15416	0.09047	0.1147	0.25663	0.12703
FAM120B	0.08082	0.07506	0.11048	0.06683	0.04252
FAM120C	0.05916	0.04647	0.01305	0.0631	0.01569
FAM122A	0.05492	0.01156	0.00987	0.03619	0.0365
FAM122B	0.0516	0.0738	0.02626	0.10444	0.03879
FAM122C	0.09245	0.03684	0.05724	0.04987	0.05643
FAM124A	0.0062	0.01392	0.00824	0.00085	0
FAM126A	0.05866	0.05806	0.05736	0.08042	0.03575
FAM126B	0.3682	0.32479	0.39604	0.36271	0.37797
RTL8C	0.09886	0.24572	0.1156	0.06187	0.0982
RTL8A	0.02549	0.0777	0.03845	0.00715	0.01781
RTL8B	0	0.00456	0	0	0
FAM129A	0.28925	0.06609	0.14084	0.42601	0.17194
FAM129B	0.01056	0.01851	0.04804	0.01268	0
FAM129C	0.00252	0.00069	0	0.00177	0.04931
FAM131A	0.01551	0.02369	0.03242	0	0.00865
FAM131C	0.00126	0.0069	0.00528	0	0
C1QTNF12	0.00538	0.04376	0.01041	0.00085	0.01461
FAM133A	0.01729	0.08747	0.05445	0.00162	0.01668
FAM133B	0.02424	0.01995	0.00727	0.0139	0.01137
FAM133CP	0.0442	0.08495	0.03307	0.02739	0.03587
RETREG2	0.37693	0.62392	0.43601	0.25867	0.31768
RETREG1	0.06033	0.01238	0.00172	0.04242	0.00518
RETREG3	0.15253	0.25384	0.1657	0.13707	0.19511
FAM135A	0.04229	0.07618	0.10979	0.00947	0.05197
FAM136A	0.08312	0.20206	0.10624	0.25486	0.25297
FAM13A	0.03251	0.08372	0.24706	0.00108	0.07161
FAM13A-AS1	0.03401	0.02384	0.06324	0.01071	0.0235
FAM13B	0.2193	0.08423	0.10664	0.20928	0.19388
FAM13C	0.0039	0.01527	0.0074	0	0.00277
FAM149A	0.01954	0.03624	0.00759	0.00681	0.0827
FAM149B1	0.01708	0.03295	0.03368	0.02286	0.0052
FAM151A	0.06434	0.14132	0.11467	0.00807	0
FAM151B	0.00168	0.00856	0.01604	0	0.00054
FAM153C	0.11106	0.0841	0.11292	0.04471	0.08168
FAM155A-IT1	0.00031	0.00763	0	0	0
FAM157B	0.00034	0.00165	0.0099	0.00073	0
FAM157C	0.03379	0.04962	0.0395	0.02724	0.06278
SHISAL2A	0.0188	0.00148	0	0.03081	0.02708
FAM160A2	0.04851	0.10676	0.04298	0.02865	0.01994
FAM160B1	0.13456	0.16387	0.10674	0.16224	0.1201
FAM160B2	0.12193	0.11328	0.1049	0.09096	0.11399
FAM161A	0.2339	0.28429	0.30437	0.20394	0.31718
FAM161B	0.02004	0.04339	0.03743	0.02953	0.03014
FAM162A	0.10184	0.31448	0.24205	0.16216	0.03516
FAM166A	0.01083	0.00635	0	0.00142	0.01017
FAM167A	0.00065	0.00137	0.00416	6e-04	0.00134
FAM167B	0.01005	0.00382	0.00103	0	0.00077
FAM168A	0.04499	0.12856	0.0512	0.01098	0.03098
FAM168B	0.17069	0.29562	0.21757	0.14615	0.13127
FAM169A	0.0682	0.09608	0.02577	0.03577	0.04748
FAM171A1	0.01991	0.10562	0.0122	0.03169	0.11073
FAM171B	0	0.00788	0.0083	0	0
FAM172A	0.16598	0.1291	0.17319	0.29376	0.15469
FAM172BP	0.00658	0.00328	0.00568	0.00094	0.00176
FAM173A	0.11719	0.05466	0.03759	0.10597	0.14
FAM173B	0.03293	0.07627	0.02718	0.04939	0.03361
FAM174A	0.01078	0.0234	0.00927	0.03511	0.0648
FAM174B	0.00752	0.01614	0.05859	0	0
ABRAXAS1	0.03585	0.02801	0.03594	0.01936	0.01603
ABRAXAS2	0.05867	0.06069	0.0608	0.08439	0.05201
FAM177A1	0.33722	0.36805	0.37669	0.30175	0.32863
FAM178B	0.00205	0.00541	0.00049	0	0
TOGARAM2	0.01761	0.00031	0.00157	0.01704	0.00667
TOGARAM1	0.04581	0.07128	0.10712	0.08077	0.11415
FAM180A	0	0.0025	0	0	0
FAM180B	0	0.00169	0.008	0	0
FAM182A	0.00022	0.00457	0	0	0
FAM182B	0	0.01436	0.00014	0	0
FAM183A	0	0.00827	0	0	0.0018
FAM184A	0.06869	0.22064	0.01802	0.09618	0.02745
FAM184B	0.01329	0.01636	0.01807	0.00908	0.00981
FAM185A	0.02404	0.03453	0.02268	0.01497	0.02025
FAM186B	0.00031	7e-04	0.02066	0	0
MINDY3	0.0398	0.03352	0.00239	0.05314	0.06127
MINDY4	0.00156	0.00669	0.00398	0	0.00163
FAM189B	0.02509	0.1615	0.07837	0.04353	0.00876
FAM192A	0.31895	0.32409	0.3616	0.73847	0.3573
FAM193A	0.11518	0.14328	0.21229	0.20763	0.22147
FAM193B	0.12794	0.17057	0.08332	0.14281	0.12083
FAM198A	0	0.01101	0.00759	0	0
FAM198B	0	0.00598	0.11779	0	0
FAM199X	0.04006	0.09369	0.07484	0.0509	0.06259
FAM19A4	0.0144	0.00697	0	0	0
FAM200A	0.02068	0.03345	0.03566	0.01317	0.03858
FAM200B	0.13952	0.16073	0.06237	0.15054	0.05001
FAM201A	0	0.00442	0	0	0.00027
FAM204A	0.2398	0.15487	0.1924	0.34653	0.23407
FAM206A	0.00984	0.04443	0.0291	0.00809	0.03003
FAM207A	0.06516	0.06774	0.07539	0.19511	0.08943
FAM208A	0.40256	0.33158	0.35512	0.33875	0.24319
FAM208B	0.26655	0.25686	0.2493	0.25988	0.20365
FAM209A	0.01269	0.00226	0.00143	0	0.00234
FAM20A	0.02988	0.23241	0.24999	0	0.00962
FAM20B	0.17847	0.28245	0.17078	0.16287	0.09297
FAM20C	0.05093	0.32905	0.18406	0.00485	0.00177
FAM210A	0.05591	0.11048	0.08531	0.19632	0.03592
FAM210B	0.17829	0.47347	0.22565	0.10774	0.18802
INKA1	0	0.00195	0.00589	0.01067	0.0125
INKA2	0.01583	0.03183	0.04971	0.0237	0.01773
PRXL2A	0.29717	0.99205	0.59898	0.14905	0.20464
PRXL2B	0.0954	0.09997	0.06649	0.0265	0.01472
FAM214A	0.21194	0.15044	0.08764	0.19344	0.6092
FAM214B	0.00557	0.01387	0.07867	0.01167	0.01275
FAM216A	0.0137	0.02303	0.01353	0.09552	0.02547
FAM217B	0.31309	0.29999	0.25435	0.18331	0.30377
FAM219A	0.0398	0.02529	0.02071	0.01654	0.03049
FAM219B	0.14729	0.09945	0.08358	0.08705	0.09937
FAM220A	0.01528	0.02774	0.00714	0.01718	0.02008
FAM221A	0.00495	0.02123	0.01219	0.00316	0.01256
FAM222A	0.01599	0.07047	0.02065	0.01768	0.01
FAM222B	0.12499	0.14839	0.06083	0.13008	0.12285
FAM227A	0.27796	0.3569	0.30362	0.19476	0.36663
FAM227B	0.00806	0.00625	0.00694	0.01285	0.0075
FAM228B	0.02994	0.05806	0.02873	0.03801	0.02768
FAM229A	0.01276	0.02005	0.01071	0.00033	0
FAM229B	0.03159	0.09277	0.06261	0.02036	0.04342
AC007731.1	0.00274	0.00125	0.00235	0	0.00296
FAM230B	0.00098	0.0015	0	0	0
FAM24B	0.01346	0.01125	0.00441	0.02436	0.00759
CALHM6	0.00275	0.00315	0.29824	0.04317	0.00681
FAM32A	0.30112	0.3072	0.378	0.38459	0.29688
SHLD2	0.13862	0.22209	0.15111	0.17722	0.12807
SHLD2P1	0	0.0022	0	0	0
SHLD2P3	4e-04	0.01785	0.02051	0	0.01019
FAM3A	0.10323	0.2069	0.1277	0.11719	0.10633
FAM3B	0.00323	0.0438	0.003	0	0.00077
FAM3C	0.1812	0.21054	0.10403	0.24981	0.35313
FAM3D	0.05107	0.05021	0.03277	0.05176	0.06303
FAM41C	0.029	0.01965	0.02273	0.00404	0.00249
FAM43A	0.02599	0.01303	0.02161	0.04514	0.00851
FAM45A	0.01572	0.02132	0.01612	0	0.00041
TENT5A	0.05966	0.22282	0.43756	0.04522	0.03101
TENT5B	0	0.00393	0.00309	0	0
TENT5C	0.20502	0.03466	0.04223	0.33366	1.3115
FAM47E	0.001	0.0072	0.00404	0	0.01687
FAM49A	0.01768	0.01526	0.15854	0.10658	0.12889
FAM49B	0.41624	0.15068	0.38312	0.74599	0.20757
FAM50A	0.37871	0.51467	0.57367	0.37244	0.26196
FAM50B	0.01066	0.08586	0.04757	0.02251	0.01068
FAM53A	0	0.01848	0.00114	0	0
FAM53B	0.31379	0.05105	0.07375	0.29796	0.07746
FAM53B-AS1	0.34966	0.24909	0.29585	0.17664	0.36871
FAM53C	0.03818	0.05034	0.03526	0.07503	0.0382
FAM57A	0.00731	0.00611	0.01075	0	0
CCNQ	0.06355	0.06338	0.08783	0.08054	0.09226
SINHCAF	0.12616	0.05085	0.07256	0.19479	0.17841
MINDY1	0.04541	0.2011	0.11164	0.04916	0.215
MINDY2	0.56035	0.52444	0.52558	0.51767	0.5597
PIMREG	0	0.0067	0.00248	0.16388	0.00219
RIPOR1	0.0176	0.04849	0.043	0.00889	0.03591
RIPOR2	0.80493	0.67852	0.7777	0.86098	0.88082
FAM69A	0.04597	0.07222	0.03031	0.14692	0.21188
FAM69B	0.0094	0.02063	0.01252	0	0.01272
FAM71E1	0	0.01092	0	0	0.00912
FAM71F1	0	0.00522	0	0	0
FAM71F2	0.23744	0.27647	0.32097	0.11761	0.23746
FAM72B	0.00044	0.00105	0.02595	0.01028	0.00603
FAM76A	0.0742	0.10175	0.10516	0.12828	0.04577
FAM76B	0.13364	0.15255	0.10735	0.24009	0.14203
FAM78A	0.09309	0.005	0.06275	0.12458	0.09767
FAM78B	0.00622	0.00977	0.00575	0.00642	0.00168
FAM81A	0.00037	0.0018	0	0	0
FAM83A	0.0041	0.00935	0.00556	0.00515	0.0058
FAM83B	0.0021	0.01304	0.00116	0.00128	0.00042
FAM83D	0.01821	0.05405	0.00902	0.14208	0
FAM83E	0.01626	0.01159	0.00512	0.00117	0.02787
FAM83G	0	0.00399	0	0.00049	0.01344
FAM83H	0.04128	0.17252	0.07071	0.02303	0.01071
IQANK1	0.00451	0.00961	0.00778	0.01071	0.00547
FAM84B	0.10381	0.13186	0.07792	0.03521	0.0475
FAM86B3P	0.00128	0.01251	0.00905	0.02457	0.00595
FAM86C1	0.00996	0.00941	0.00134	0.00548	0.00268
FAM86C2P	0.00095	0.0158	0.00721	0	0
FAM86DP	0.00661	0.00706	7e-04	0.00146	0.00844
FAM86EP	0.00098	0.01509	0.00047	0.0037	0
FAM86FP	0.00319	0.0043	0.00903	0.00034	0.02504
FAM86HP	0.00352	0.00458	0	0.0016	0.00866
FAM86JP	0.00051	0.00429	0.01336	0	0
FAM89A	0.00293	0.02127	0.0149	0.00073	0.01967
FAM89B	0.19264	0.09884	0.08633	0.28994	0.22097
FAM8A1	0.10955	0.29852	0.02917	0.04357	0.05161
FAM91A1	0.13924	0.19697	0.25788	0.1306	0.08295
FAM92A1P2	0.03523	0.05053	0.06252	0.03126	0.04733
FAM92B	0.00994	0.00147	0	0.00194	0.13321
CIAO2A	0.15323	0.32533	0.27846	0.22412	0.21759
CIAO2B	0.23899	0.2475	0.12709	0.37187	0.13476
FAM98A	0.05305	0.09509	0.04539	0.18626	0.14471
FAM98B	0.0804	0.06626	0.05137	0.18673	0.09937
FAM98C	0.03722	0.02684	0.03161	0.00797	0.04246
FAM99A	0.02082	0.01917	0	0.0012	0.00284
FAM9B	0.04327	0.06528	0.04157	0.02495	0.04339
FAN1	0.08983	0.22564	0.15641	0.12258	0.16328
FANCA	0.04285	0.07985	0.02496	0.13776	0.10448
FANCB	0.00689	0.00838	0.00163	0.05905	0.01037
FANCC	0.01365	0.01421	0.02066	0.01772	0.03429
FANCD2	0.13468	0.11601	0.09058	0.51385	0.16582
FANCE	0.01373	0.01323	0.00467	0.02412	0.00693
FANCF	0.07497	0.05711	0.05512	0.05063	0.02413
FANCG	0.02413	0.02037	0.01547	0.18489	0.02335
FANCI	0.10835	0.08109	0.08075	0.63377	0.05956
FANCL	0.05771	0.08368	0.02924	0.16977	0.03595
FANCM	0.05226	0.04662	0.05842	0.14554	0.06684
FAR1	0.10659	0.02351	0.19238	0.20128	0.11218
FAR2	0.02738	0.00215	0.00898	0.0303	0.01465
FAR2P1	0.00445	0.01349	0.00411	0	0
FAR2P2	0.15955	0.18927	0.17169	0.08904	0.14482
FARP1	0.02202	0.24028	0.16009	0.02404	0.00283
FARP2	0.03803	0.05523	0.02768	0.0323	0.06911
FARS2	0.06836	0.06269	0.0265	0.10185	0.04226
FARSA	0.15224	0.14094	0.18501	0.33176	0.20001
FARSB	0.11637	0.24636	0.09528	0.25485	0.06647
FAS	0.21871	0.03477	0.04931	0.25295	0.13213
FASLG	0.0843	0.00127	0.00588	0.04854	0.0118
FASN	0.26169	0.98202	0.42026	0.15025	0.02485
FASTK	0.09319	0.17309	0.092	0.16796	0.16565
FASTKD1	0.03783	0.08877	0.07731	0.04507	0.06455
FASTKD2	0.35294	0.44421	0.32676	0.26449	0.26056
FASTKD3	0.03337	0.0596	0.00871	0.0063	0.01666
FASTKD5	0.07685	0.06485	0.04828	0.01905	0.02775
FAT1	0.0496	0.26821	0.05131	0.00705	0.04372
FAT3	0.00507	0.00606	0.0064	0.00069	0.01424
FAT4	0.01641	0.01175	0.00534	0	0.00215
FAU	2.37575	1.36967	1.33764	2.53019	2.16399
FAXC	0.09013	0.09976	0.09967	0.05187	0.09416
FAXDC2	0.02818	0.10253	0.0744	0	0.01236
FBF1	0.01437	0.03101	0.00233	0.00997	0.01028
FBL	0.46579	0.41679	0.34765	0.9722	0.32365
FBLIM1	0.36353	0.40607	0.371	0.2743	0.38089
FBLL1	0.00012	0.04863	2e-04	0.00399	0.00276
FBLN1	0.00216	0.09678	0.01914	0	0.00299
FBLN5	0.01289	0.02337	5e-04	0	0
FBLN7	0.02384	0.02635	0.00462	0.02683	0.00807
FBN1	0.00247	0.01917	0.01115	0.07427	0.00581
FBP1	0.04585	0.33441	0.19454	0.01349	0.03503
FBRS	0.07488	0.05799	0.0647	0.19582	0.10169
FBRSL1	0.03928	0.11341	0.08404	0.01435	0.0573
FBXL12	0.02012	0.02496	0.02568	0.01053	0.02047
FBXL13	0.0878	0.07552	0.11086	0.07049	0.08853
FBXL14	0	0.00249	0	0	0
FBXL15	0.15075	0.11312	0.10588	0.19599	0.14505
FBXL17	0.10262	0.07453	0.06267	0.03527	0.04776
FBXL18	0.42689	0.49316	0.51119	0.36496	0.47076
FBXL19	0.01194	0.01156	0.00415	0.00273	0.00054
FBXL19-AS1	0.14947	0.18819	0.16377	0.14332	0.15398
FBXL2	0.00178	0.00976	0.00163	0	0
FBXL20	0.39945	0.41996	0.4439	0.29591	0.46747
FBXL21	0	0.006	0	0	0
FBXL22	0.00237	0.00639	0.0021	0.01239	0.04507
FBXL3	0.08858	0.05692	0.1142	0.09341	0.09063
FBXL4	0.05931	0.09079	0.07274	0.06728	0.0504
FBXL5	0.18837	0.20716	0.14386	0.14021	0.10031
FBXL6	0.00139	0.00443	0.00273	0.00342	0.00489
FBXL7	0	0.02108	0.00465	0.00044	0
FBXL8	0.00818	0.00234	0.00157	0	0.012
FBXO10	0.00213	0.00889	0.01423	0.02894	0.04584
FBXO11	0.0994	0.16941	0.22143	0.23525	0.18105
FBXO15	0	0.00725	0.00202	0	0
FBXO16	0	0.0095	0	0.01808	0.03069
FBXO17	0.05103	0.23948	0.07061	0.04672	0.02451
FBH1	0.08734	0.18321	0.16001	0.19614	0.62891
FBXO2	0.05672	0.18985	0.06411	0.04988	0.05899
FBXO21	0.1252	0.15784	0.09688	0.13497	0.12719
FBXO22	0.05538	0.10457	0.03867	0.08047	0.00997
FBXO24	0	0.00336	0.00552	0.00343	0.00066
FBXO25	0.09547	0.11057	0.10286	0.13573	0.11412
FBXO27	0.25362	0.4215	0.37877	0.24426	0.36631
FBXO28	0.05285	0.08443	0.03223	0.07738	0.0518
FBXO3	0.02879	0.05647	0.01779	0.04829	0.01768
FBXO30	0.05445	0.04483	0.04887	0.06372	0.01848
FBXO31	0.09605	0.42475	0.09783	0.14189	0.03672
FBXO32	0.13991	0.06983	0.03323	0.10377	0.10782
FBXO33	0.13447	0.08947	0.05599	0.18416	0.11224
FBXO34	0.09829	0.06026	0.05182	0.13346	0.06691
FBXO36	0.01381	0.01613	0.01549	0.00319	0
FBXO38	0.12874	0.1152	0.06008	0.05351	0.09626
FBXO4	0.01956	0.06153	0.01135	0.03816	0.01423
FBXO40	0.00099	0.00146	0.00766	0.00107	0.00045
FBXO41	0.03484	0.00963	0.02714	0.02894	0.05372
FBXO42	0.06551	0.09159	0.11349	0.12789	0.11008
FBXO43	0.0028	0.01808	0.01192	0.06535	0.01223
FBXO44	0.04938	0.11659	0.07103	0.03134	0.05221
FBXO45	0.06036	0.10678	0.05488	0.08818	0.04534
FBXO46	0.0622	0.0324	0.01231	0.05763	0.04503
FBXO48	0.07922	0.06961	0.06583	0.10109	0.11237
FBXO5	0.04028	0.01746	0.00905	0.61255	0.03108
FBXO6	0.22989	0.18993	0.226	0.26622	0.1928
FBXO7	0.272	0.41225	0.23008	0.32834	0.26629
FBXO8	0.03302	0.03278	0.02257	0.00915	0.03537
FBXO9	0.26043	0.51645	0.24644	0.26996	0.32462
FBXW10	0	0.00828	0.00241	0	0.01099
FBXW11	0.1613	0.21578	0.10859	0.12295	0.15915
FBXW2	0.13278	0.11707	0.10992	0.10774	0.06734
FBXW4	0.11558	0.10682	0.04268	0.07746	0.08386
FBXW4P1	0.0188	0.01233	0.00455	0	0.00373
FBXW5	0.44002	0.36921	0.33039	0.60897	0.45847
FBXW7	0.34808	0.19165	0.19452	0.48041	1.35444
FBXW8	0.04059	0.04156	0.06701	0.04435	0.04473
FBXW9	0.01246	0.0295	0.01533	0.05487	0.02634
FCAMR	0.00535	0.0195	0.01968	0	0.00421
FCAR	0.00789	0.01522	0.045	0.00762	0.03178
FCER1A	0	0.00035	0.02463	0.00399	0
FCER1G	0.24847	0.04297	1.04226	0.16993	0.05428
FCF1	0.20707	0.23748	0.22151	0.28235	0.18888
FCF1P2	0.02781	0.03342	0.08236	0.00171	0.00939
FCGR1A	0.00593	0.00628	0.12957	0.00252	0.00531
FCGR1B	0.00337	0.00072	0.01336	0	0
FCGR2A	0.0047	0.01387	0.58048	0.00475	0.0514
FCGR2B	0.01751	0.00732	0.16004	0.03072	0.21441
FCGR2C	0.00081	0.00118	0.09174	0.00493	0.06109
FCGR3A	0.08623	0.0201	0.55031	0.06054	0.00654
FCGRT	0.14827	0.51727	1.39273	0.15443	0.24774
FCHO1	0.03061	0.00276	0.00734	0.00443	0.01891
FCHO2	0.0292	0.10528	0.58744	0.01849	0.0336
FCHSD1	0.05697	0.02724	0.05034	0.03373	0.03672
FCHSD2	0.13898	0.10708	0.3605	0.29136	0.69645
FCN1	0.34852	0.34341	0.47083	0.18612	0.33728
FCRL1	0.00255	0.00044	0	0.01961	0.0256
FCRL2	0.00034	0.00191	0	0.00078	0.06488
FCRL3	0.50487	0.01191	0.00362	0.25903	0.18342
FCRL4	5e-04	0.00116	0.00042	0.02728	0.02793
FCRL5	0.00934	0.0043	0.006	0.09469	0.56933
FCRL6	0.05484	0.00047	0.00233	0.13739	0.02797
FCRLA	0.00241	0.00079	0.00132	0.04638	0.10292
FCRLB	0.00453	0.00193	0	0	0.00066
FDFT1	0.18722	0.22262	0.09757	0.34293	0.11903
FDPS	0.28186	0.77011	0.29698	0.67526	0.47948
FDPSP2	0.28956	0.31162	0.32399	0.23193	0.31013
FDX1	0.05601	0.12995	0.09875	0.11446	0.08621
FDX2	0.01966	0.05247	0.06617	0.08785	0.04455
FDXACB1	0.02196	0.02371	0.01272	0.03129	0.00358
FDXR	0.03582	0.03118	0.02335	0.165	0.02203
FECH	0.08806	0.10169	0.07222	0.15549	0.04141
FEM1A	0.04828	0.0452	0.03867	0.07389	0.04772
FEM1B	0.14623	0.30069	0.26654	0.10063	0.15057
FEM1C	0.04718	0.05792	0.09813	0.04118	0.05026
FEN1	0.02845	0.05711	0.01925	0.20622	0.01148
FENDRR	0.09659	0.11533	0.08206	0.05169	0.1108
FER	0.09564	0.18473	0.21039	0.16842	0.19526
FER1L4	0.02339	0.05534	0.01835	0.10041	0.45722
FER1L6	0	0.01593	0	0	0
FERMT1	0.00453	0.07601	0.02203	0	0.00208
FERMT2	0.04689	0.16734	0.04779	0.00885	0.00433
FERMT3	0.23149	0.01752	0.37798	0.33086	0.07605
FES	0.03246	0.02415	0.13103	0.01263	0.04655
FETUB	0.01708	0.14862	0.02487	0	0.00262
FEZ1	0.00215	0.0068	0.02708	0	0.00705
FEZ2	0.07488	0.15759	0.24319	0.06735	0.10468
FEZF1-AS1	0.00022	0.00624	0.00059	0	0
FFAR2	0.05944	0.06257	0.06603	0.06021	0.07251
FFAR4	0.07089	0.10168	0.08031	0.0458	0.07926
FGA	0.52584	2.2587	0.90499	0.10558	0.09616
FGB	0.49251	1.9045	0.80368	0.26188	0.15228
FGD1	0	0.00596	0.00038	0.00277	0.00336
FGD2	0.00839	0.0043	0.22845	0.07447	0.10871
FGD3	0.30377	0.014	0.08242	0.37182	0.20402
FGD4	0.13823	0.24385	0.3439	0.11302	0.25619
FGD5	0.00112	0.06456	0.044	0.00896	0
FGD5-AS1	0.3233	0.36676	0.38949	0.3717	0.22905
FGD6	0.08739	0.18757	0.20863	0.12472	0.10965
FGF1	0	0.00473	0.00079	0	0
FGF11	0.00227	0.00388	0.01362	0	0.0046
FGF12	0.00116	0.02932	0	0	0.00227
FGF13	0.00058	0.02529	0.02431	0	0.00125
FGF13-AS1	0.00244	0.00051	0.00021	0	0.00051
FGF14	0	0.00451	0.00085	0	0.00172
FGF18	0	0.00197	0	0	0.02663
FGF19	0.00345	0.0059	0.00156	0	0
FGF2	0.00871	0.01946	0.0046	0.00314	0.00899
FGF21	0.00154	0.04853	0.01921	0	0
FGF5	0.01538	0.00819	0.01087	0.0129	0.00131
FGFBP3	0.01072	0.0083	0.00914	0.00129	0.01199
FGFR1	0.05331	0.01822	0.04409	0.04528	0.01222
FGFR1OP	0.06115	0.17043	0.06227	0.17127	0.0629
FGFR1OP2	0.34848	0.09512	0.14958	0.38052	0.576
FGFR2	0.11685	0.17824	0.11925	0.05922	0.07396
FGFR3	0.05586	0.50678	0.10994	0.00141	0.00106
FGFR4	0.01845	0.19281	0.04704	0.00129	0.00538
FGFRL1	0.01916	0.19535	0.03674	0.00247	0.01477
FGG	0.35909	1.94821	0.78955	0.13873	0.06605
FGGY	0.03752	0.24986	0.15759	0.07921	0.04382
FGL1	0.11118	0.49435	0.14518	0.01354	0.03845
FGL2	0.15069	0.09439	1.31052	0.37724	0.14788
FGR	0.08992	0.0126	0.26588	0.10185	0.07991
FH	0.09535	0.2694	0.12465	0.13805	0.07328
FHAD1	0.04425	0.05393	0.03448	0.01836	0.05737
FHDC1	0.00088	0.00593	0.00949	0.00042	0.00494
FHIT	0.0966	0.19073	0.12344	0.03503	0.0966
FHL1	0.02111	0.01894	0.00826	0.06366	0.01061
FHL2	0.00217	0.00586	0.00212	0.02915	0
FHL3	0.04946	0.02816	0.0299	0.0419	0.00534
FHL5	0.00746	0.00747	0.00152	0.01187	0.00298
FHOD1	0.05922	0.01839	0.1475	0.09678	0.07274
FHOD3	0	0.01208	0	0.00516	0
FIBP	0.27735	0.29406	0.22132	0.54422	0.24522
FICD	0.0024	0.03655	0.0354	0.00676	0.11463
FIG4	0.03773	0.04903	0.08654	0.02802	0.01957
FIGN	0	0.0691	0.00689	0	0
FIGNL1	0.06892	0.0894	0.09108	0.16006	0.03714
FILIP1	0.06794	0.08095	0.06339	0.05619	0.05358
FILIP1L	0.03003	0.02254	0.09862	0.00045	0.00209
FIP1L1	0.38283	0.18009	0.26914	0.4868	0.2291
FIS1	0.57547	0.6798	0.42934	0.56094	0.71497
FITM1	0	0.00515	0.0018	0.02942	0.00138
FITM2	0.31377	0.39693	0.38504	0.27974	0.38027
FIZ1	0.0135	0.05871	0.02723	0.01918	0.05013
FJX1	0	0.00588	0	0.00839	0
FKBP10	0	0.00466	0	0	0
FKBP11	0.19954	0.1281	0.05541	0.6067	1.75434
FKBP14	0.38038	0.4215	0.47229	0.24767	0.58395
FKBP15	0.12409	0.09736	0.42449	0.29957	0.06089
FKBP1A	0.33455	0.33827	0.51809	0.62965	0.33116
FKBP1B	0.01574	0.0162	0.0185	0.04448	0
FKBP2	0.35342	0.80652	0.50996	0.75273	1.83001
FKBP3	0.27047	0.27635	0.2413	0.54995	0.25564
FKBP4	0.09379	0.20152	0.14665	0.11884	0.06759
FKBP5	1.2268	0.56282	0.55745	1.37297	1.04025
FKBP7	0.01354	0.0267	0.00739	0.00769	0.0163
FKBP8	0.02157	0.01871	0.04826	0.03788	0.01068
FKBP9	0.01415	0.05124	0.0412	0.01326	0.00359
FKBPL	0.01776	0.02653	0.01001	0.04077	0.01498
FKRP	0.04853	0.06396	0.05415	0.05206	0.08701
FKTN	0.03942	0.08098	0.0841	0.0325	0.05383
FLAD1	0.11442	0.23312	0.13066	0.27622	0.13072
FLCN	0.02156	0.04542	0.04434	0.03043	0.03768
FLG-AS1	0.01421	0.00848	0.0017	0	0
FLG2	0.13826	0.14809	0.12156	0.10414	0.15513
FLI1	0.19291	0.0182	0.1318	0.16439	0.18825
FLII	0.18367	0.11066	0.28163	0.45834	0.14848
LINC01973	0.06109	0.08227	0.08621	0.04014	0.06433
FLNA	0.26839	0.03646	0.12704	0.48389	0.14318
FLNB	0.11737	0.49937	0.1589	0.1284	0.05798
FLNB-AS1	0.02595	0.05404	0.01405	0.04302	0.02221
FLNC	0.11312	0.14847	0.14043	0.00154	0
FLOT1	0.05074	0.28088	0.13266	0.13394	0.12071
FLOT2	0.26728	0.18785	0.11379	0.45321	0.24905
FLRT3	0.00447	0.02467	0.00367	0	0
FLT1	0.11987	0.11511	0.13366	0.12143	0.15785
FLT3	0.00965	0.00108	0.02211	0.06045	0.04131
FLT3LG	0.08892	0.02065	0.0152	0.08344	0.0091
FLT4	0.01202	0.00704	0	0	0.00731
FLVCR1	0.81707	0.91123	0.96324	0.69594	0.92318
FLVCR1-DT	0.00653	0.03245	0.00336	0.0248	0.00398
FLVCR2	0.00482	0.02871	0.07566	0.03433	0.00334
FLYWCH1	0.03142	0.04257	0.03241	0.022	0.01739
FLYWCH2	0.03122	0.01955	0.0064	0.04157	0.00306
FMN1	0.02991	0.03818	0.21004	0.02587	0.00824
FMN2	0	0.01691	0	0	0
FMNL1	0.107	0.00179	0.05425	0.13423	0.05741
FMNL2	0.01092	0.03231	0.45188	0.01823	0.06645
FMNL3	0.11461	0.01548	0.07363	0.08122	0.0351
FMO1	0.00052	0.00963	0.0012	0.00086	0.00706
FMO3	0.07851	0.41782	0.06474	0.02928	0.06486
FMO4	0.01128	0.10466	0.01381	0.01105	0.00188
FMO5	0.09762	0.89023	0.16888	0.01331	0.02147
FMOD	0	0.00838	0.00168	0	0
FMR1	0.23125	0.47144	0.25846	0.18309	0.21471
FMR1-AS1	0.00796	0.0112	0.00209	0.00085	0
FN1	0.57661	2.07554	1.21188	0.14349	0.12803
FN3K	0.00081	0.015	0	0	0
FN3KRP	0.03116	0.1046	0.07458	0.09949	0.0651
FNBP1	0.87599	0.15007	0.68602	0.98894	0.49947
FNBP1L	0.05473	0.26155	0.06824	0.01602	0.03059
FNBP4	0.54514	0.36391	0.34671	0.5728	0.49496
FNDC3A	0.24418	0.3084	0.28738	0.38405	0.9671
FNDC3B	0.18126	0.76519	0.28368	0.12243	0.96071
FNDC4	0.01858	0.06095	0.00883	0.00185	0.00057
FNDC5	0.01237	0.0238	4e-04	0.00294	0.00179
FNIP1	0.10798	0.23814	0.17654	0.16066	0.15856
FNIP2	0.10801	0.26075	0.203	0.05521	0.01167
FNTA	0.13088	0.11347	0.10118	0.25774	0.15052
FNTB	0	0.00316	0.01549	0	0
FOCAD	0.01753	0.04352	0.00892	0.0428	0.04623
FOLH1	9e-04	0.00293	0	0	0
FOLR1	0	0.00232	0.00088	0	0
FOLR2	9e-04	0.01497	0.51266	0.02486	0.00892
FOPNL	0.08259	0.07817	0.04095	0.10755	0.04274
FOS	1.62219	0.13489	1.88528	1.78496	1.99329
FOSB	1.5816	0.12322	1.51315	1.48025	2.20213
FOSL1	0	0.01802	0.0096	0.00333	0.01579
FOSL2	0.05127	0.05506	0.05035	0.0295	0.01094
FOXA1	0.0036	0.08455	0.0189	0.00243	0.00357
FOXA2	0.02191	0.29501	0.05265	0.00094	0.01864
FOXA3	0.03267	0.09011	0.0484	0.00239	0
FOXC1	0.0165	0.03192	0.00524	0.00228	0.00891
FOXD2	0	0.03061	0.00773	0	0
FOXD2-AS1	0.00808	0.00268	0.00304	0.00083	0
FOXH1	0.00097	0.00399	0.00039	0.00119	0.00258
FOXJ1	0.00858	0.00113	0.00307	0	0.00088
FOXJ2	0.09135	0.04214	0.09152	0.04904	0.01144
FOXJ3	0.231	0.16086	0.12758	0.32562	0.20598
FOXK1	0.1637	0.19462	0.18264	0.10416	0.15796
FOXK2	0.09234	0.17848	0.14435	0.08862	0.16869
FOXM1	0.02779	0.06859	0.03301	0.92054	0.01147
FOXN2	0.28127	0.29024	0.29643	0.42776	0.11005
FOXN3	0.64257	0.6925	0.55609	0.58044	0.42932
FOXN3-AS1	0.00303	0.01698	0.00626	0.06867	0.02171
FOXN4	0.01133	0.01839	0.00707	0	0
FOXO1	0.48669	0.17364	0.11938	0.5751	0.35181
FOXO3	0.23735	0.43627	0.42781	0.22046	0.69628
FOXO3B	0.10178	0.08529	0.11683	0.06823	0.0875
FOXO4	0.00417	0.02054	0.01823	0.03339	0.00203
FOXO6	0.00136	0.01014	0.00367	0	0
FOXP1	0.78703	0.71426	0.58117	0.70159	0.30171
FOXP1-AS1	0.00402	0.00259	0.00096	0	0.0166
FOXP2	0.00021	0.00993	0	0.00063	0.00053
FOXP3	0.26756	0.00827	0.02049	0.04099	0.03651
FOXP4	0.01422	0.06293	0.0176	0.01342	0.01703
FOXQ1	0.00369	0.1395	0.05629	0	0
FOXRED1	0.06497	0.20651	0.09437	0.15954	0.0563
FOXRED2	0.21067	0.42078	0.35309	0.09183	0.12007
FPGS	0.07461	0.08343	0.10983	0.08257	0.08309
FPGT	0.00454	0.06452	0.01934	0	0.00678
FPR1	0	0.0013	0.16752	0.00077	0
FPR3	0.00023	0.00663	0.25395	0.00818	0
FRA10AC1	0.21172	0.36222	0.26338	0.33081	0.2367
FRAS1	0.00084	0.03576	0.03328	0	0
FRAT1	0.03869	0.09242	0.0766	0.0234	0.01073
FRAT2	0.07241	0.06807	0.05193	0.03646	0.02579
FREM1	0.00159	0.00751	0.00455	0	0
FREM2	0.00088	0.00123	0.00396	0	0
FRG1	0.26036	0.21826	0.1879	0.54425	0.23596
FRK	0.00587	0.06585	0.01667	0.00144	0.03667
FRMD1	0	0.0172	0.00134	0	0.00116
FRMD3	0.01595	0.01434	0.00133	0.00063	0.00727
FRMD4A	0.02811	0.06778	0.26295	0.04124	0.00659
FRMD4B	0.04355	0.0842	0.40953	0.05453	0.05334
FRMD6	0.00205	0.02849	0.01342	0.00144	0
FRMD8	0.05316	0.06044	0.0467	0.04365	0.03468
FRMD8P1	0.00387	0.00414	0.00609	0.00017	0.003
FRMPD1	0.00175	0.00208	0	0	0
FRRS1	0.02336	0.08242	0.0544	0.00345	0.02664
FRRS1L	0.13747	0.1584	0.15395	0.10297	0.17643
FRS2	0.06035	0.15053	0.13546	0.06424	0.0481
FRS3	0.00381	0.00515	3e-04	0	0
FRY	0.00766	0.09845	0.03929	0.02121	0.00345
FRY-AS1	0.03395	0.08815	0.04862	0.03594	0.06177
FRYL	0.44474	0.22435	0.13262	0.35565	0.23525
FRZB	0.00137	0.00926	0.0076	0.00908	0
FSCN1	0.01634	0.02143	0.21348	0.01067	0.00799
FSD1	0.01725	0.00175	0.00022	0.02287	0
FSD1L	0.0176	0.0255	0.02641	0.02904	0.01127
FSD2	0.17026	0.17045	0.27748	0.10884	0.17236
FSIP1	0.01964	0.02079	0.00958	0.01301	0.00139
FSIP2	0.00969	0.08606	0.01747	0	0.0041
FST	0.14593	0.59463	0.20735	0.0232	0.00337
FSTL1	0	0.00414	0	0	0
FSTL3	0.00349	0.01221	0.00253	0	0.00728
FSTL4	0.00458	0.01095	0	0	0.00109
FSTL5	0	0.00223	0.00095	0	0
FTCD	0.12161	0.69922	0.23934	0.04471	0.0385
FTCDNL1	0	0.00593	0.00572	0.00202	0
FTH1	2.39103	3.35004	3.91335	2.38744	1.9807
FTH1P3	0.011	0.0163	0.01309	0.00127	0.0107
FTL	3.16854	4.59923	5.09795	2.8055	3.33149
FTLP10	0.00027	0.00223	0.00275	0.00057	0.00529
FTO	0.07748	0.0773	0.04307	0.05015	0.06677
FTSJ1	0.08139	0.09275	0.02967	0.12112	0.10947
FTSJ3	0.0773	0.14793	0.11385	0.18626	0.13124
FTX	0.0038	0.04359	0.03174	0.05751	0.05384
FUBP1	0.39812	0.23222	0.21921	0.86692	0.2831
FUBP3	0.04536	0.10736	0.07671	0.13741	0.08059
FUCA1	0.04897	0.14051	0.24618	0.06116	0.02609
FUCA2	0.09931	0.36824	0.17635	0.04124	0.14989
FUK	0.02807	0.09053	0.07452	0.0458	0.09503
FUNDC1	0.03435	0.02384	0.02794	0.01887	0.05727
FUNDC2	0.14452	0.16582	0.16757	0.44084	0.14217
FUNDC2P2	0.0104	0.00858	0.02035	0.02259	0.01273
FUOM	0.08113	0.32684	0.36633	0.09624	0.1481
FURIN	0.07713	0.48365	0.20131	0.07789	0.1293
FUS	0.45316	0.35064	0.43973	0.72379	0.34712
FUT1	0.00531	0.01251	0.00543	0.00412	0.00701
FUT10	0.04195	0.01107	0.00932	0.04407	0.04267
FUT11	0.00048	0.00892	0.004	0.01478	0.00731
FUT2	0.14705	0.19953	0.23607	0.10357	0.16224
FUT3	0.00142	0.00549	0.00883	0.00513	0.00131
FUT4	0.01818	0.01484	0.05366	0.00668	0.00491
FUT6	0.12766	0.15199	0.12092	0.06316	0.11683
FUT8	0.13333	0.02257	0.06658	0.30802	0.54713
FUT9	0.00135	0.00283	0.00193	0.00196	0
FUZ	0.00057	0.00255	0.00323	0	0.00858
FXN	0.19889	0.2174	0.29109	0.18509	0.2159
FXR1	0.27154	0.33727	0.29556	0.4748	0.35216
FXR2	0.02862	0.05703	0.04827	0.03	0.0252
FXYD1	0.00074	0.01331	0.01028	0	0.00084
FXYD2	0.00372	0.02266	0.00642	0	0
FXYD5	0.44447	0.0166	0.33711	0.42782	0.22966
FYB1	2.15042	0.12874	1.37363	1.69046	0.55309
FYCO1	0.17126	0.09541	0.07627	0.11689	0.06608
FYN	0.90382	0.02896	0.0536	0.61311	0.21538
FYTTD1	0.24374	0.22155	0.18692	0.35634	0.17792
FZD1	0	0.00729	0.07396	0.00342	0
FZD10-DT	0.00103	0.00045	7e-05	0.00059	0.00076
FZD2	0.01108	0.0033	0.03465	0.00524	0.01366
FZD3	0.23828	0.21153	0.17143	0.16477	0.31686
FZD4	0.01554	0.07366	0.01322	0.00835	0.00813
FZD5	0.00759	0.08934	0.02329	0.00553	0.00154
FZD6	0.02117	0.03084	0.00013	0.00173	0.03606
FZD7	0	0.00258	0.00014	0	0.00097
FZD8	0	0.01588	0.00103	0	0.00444
FZD9	0	0.00208	0.00351	0	0
FZR1	0.02914	0.04306	0.04182	0.04913	0.03489
G0S2	0.00573	0.09394	0.03058	0.00032	0.00765
G2E3	0.126	0.06512	0.05547	0.38751	0.10554
G3BP1	0.24167	0.24968	0.19753	0.33228	0.15111
G3BP2	0.50098	0.21925	0.25618	0.79765	0.52245
G6PC	0.02785	0.21449	0.05264	0.00361	0.00772
G6PC3	0.0105	0.0223	0.04572	0.0335	0.05417
G6PD	0.08288	0.11966	0.07708	0.14928	0.04148
GAA	0.06372	0.16444	0.38737	0.01697	0.07987
GAB1	0.01316	0.05873	0.01464	0.0637	0.34579
GAB2	0.01388	0.10129	0.17079	0.01158	0.03852
GAB3	0.0942	0.00878	0.11799	0.04962	0.07227
GABARAP	2.02852	1.52783	2.66495	2.35401	2.37032
GABARAPL1	0.16525	0.15448	0.05995	0.06322	0.06531
GABARAPL2	0.13118	0.22864	0.15981	0.29553	0.24307
GABBR1	0.01017	0.02647	0.03435	0.03126	0.0112
GABPA	0.0917	0.06394	0.06087	0.1374	0.09689
GABPB1	0.0636	0.03856	0.03311	0.17526	0.02797
GABPB1-AS1	0.20954	0.18097	0.17664	0.25305	0.27536
GABPB2	0.06159	0.04756	0.04551	0.1141	0.05572
GABRA2	0.00328	0.00324	0.00142	0	0.00042
GABRA3	0.00062	0.00294	0	0	0
GABRB3	0.00105	0.00617	0.01421	0	0
GABRE	0	0.11397	0.01532	0.0018	0.00123
GABRG2	0.00066	0.00614	0.00771	0	0
GABRR1	0	0.0023	0.00515	0	0.00022
GABRR2	0.00443	0.00547	0.00934	0.01525	0.05175
GABRR3	0	0.0013	0.00151	0	0
GAD1	0	0.00295	0	0	0
GADD45A	0.09653	0.15468	0.13467	0.18116	0.15786
GADD45B	0.52128	0.08094	0.61504	0.34652	0.6069
GADD45G	0.17169	0.07376	0.09617	0.0435	0.0279
GADD45GIP1	0.28628	0.19185	0.1602	0.65248	0.39276
GAGE1	0.00324	0.02671	0.02921	0	0
GAGE10	0.00044	0.00035	0	0	0
GAGE12J	0.00064	0.00762	0.00242	0	0
GAGE2A	0.00248	0.0138	0.00235	0	0
GAK	0.19102	0.22935	0.21779	0.25259	0.2255
GAL3ST1	0.00024	0.0304	0.01075	0.00037	0.00443
GAL3ST4	0.00041	0.00054	0.04555	0	0
GALC	0.05311	0.05085	0.09825	0.04011	0.02901
GALE	0.05989	0.25004	0.09458	0.02553	0.02967
GALK1	0.05674	0.44577	0.13196	0.13076	0.10094
GALK2	0.04947	0.07705	0.09769	0.02593	0.05973
GALM	0.61215	0.57862	0.66256	0.59814	0.31686
GALNS	0.06347	0.06478	0.05492	0.00122	0.03147
GALNT1	0.38451	0.33566	0.28289	0.4178	0.21226
GALNT10	0.07802	0.05253	0.05852	0.14458	0.08599
GALNT11	0.07085	0.11243	0.07849	0.03969	0.01027
GALNT12	0.00644	0.00508	0.00103	0.03666	0.01496
GALNT13	0.00038	0.00266	0.00074	0	0
GALNT14	4e-04	0.00174	0	0.00724	0.01451
GALNT15	0.13091	0.16726	0.14137	0.09651	0.14307
GALNT18	0.00191	0.01354	0.00253	0.00067	0
GALNT2	0.10308	0.25114	0.08241	0.06367	0.23056
GALNT3	0.01325	0.00176	0.01752	0.03472	0.02496
GALNT4	0	0.00108	0.02397	0	0.00525
GALNT5	0.08077	0.10598	0.10325	0.11729	0.10204
GALNT6	0.19849	0.094	0.15241	0.15986	0.16076
GALNT7	0.02908	0.00906	0.03491	0.00716	0.02941
GALT	0.08482	0.30674	0.11693	0.1125	0.11142
GAMT	0.19119	0.56227	0.27253	0.14541	0.12456
GAN	0.00378	0.01435	0.027	0.0054	0.01534
GANAB	0.06028	0.18781	0.09748	0.04923	0.13124
GANC	0.05375	0.06389	0.0828	0.05078	0.07322
GAPDH	2.48097	1.77741	2.02962	3.87223	1.83222
GAPT	0.0051	0.00092	0.00975	0	0.0572
GAPVD1	0.19857	0.13916	0.17099	0.28055	0.18922
GAR1	0.05462	0.03455	0.04164	0.11337	0.01525
GARNL3	0.0085	0.01084	0.01244	0.00486	0.00954
GARS	0.28475	0.44942	0.26845	0.81828	0.54254
GART	0.16624	0.14199	0.14632	0.30198	0.0702
GAS2	0.01476	0.12163	0.05294	0	0.00631
GAS2L1	0.01854	0.07139	0.04194	0.00044	0.00242
GAS2L3	0.30216	0.39472	0.50809	0.28464	0.3094
GAS5	0.33106	0.41252	0.17807	0.30822	0.18694
GAS5-AS1	0.00323	0.00162	0	0	0.00501
GAS6	0.00555	0.01613	0.09984	0.03047	0.1331
GAS6-AS1	0.01348	0.00069	0.02947	0	0.01054
GAS6-DT	0.00624	0.0066	0.00678	0.00098	0.01202
GAS7	0.10972	0.10212	0.29782	0.19784	0.14894
GAS8	0.00961	0.06398	0.04946	0.00172	0.01572
GAST	0.00105	0.00407	0.00106	0	0
GATA2	0.00707	0.00779	0	0	0
GATA3	0.46251	0.01158	0.00823	0.33204	0.11746
GATA4	0.0147	0.04681	0.02368	0.00085	0.00457
GATA6	0.00524	0.02653	0.01638	0.00963	0.00114
GATA6-AS1	0.00107	0.0093	0.00549	0	0
GATAD1	0.43054	0.58186	0.66907	0.33356	0.49752
GATAD2A	0.13352	0.13447	0.09826	0.2096	0.0406
GATAD2B	0.16995	0.14419	0.09929	0.23415	0.25305
GATC	0.19009	0.25409	0.17251	0.11476	0.25759
GATM	0.29553	1.42883	0.92544	0.06888	0.05218
CASTOR3	0.01681	0.06976	0.04035	0.04838	0.01725
CASTOR1	0.02033	0.02162	0.01936	0.02248	0.06156
GBA	0.02374	0.06839	0.05046	0.03841	0.03054
GBA2	0.1313	0.21751	0.1513	0.15948	0.21616
GBA3	0.01453	0.03532	0.03359	0	0.00349
GBAP1	0	0.00472	0	0	0
NIPSNAP2	0.13746	0.11289	0.13752	0.15125	0.13536
GBE1	0.06421	0.18464	0.12603	0.07227	0.05095
GBF1	0.17913	0.17634	0.14513	0.22888	0.22302
GBGT1	0	0.00303	0.11988	0	0.02475
GBP1	0.36795	0.22304	0.41399	0.57432	0.17612
GBP1P1	0.00882	0.00342	0.00667	0	0.00516
GBP2	0.86816	0.46204	0.66525	0.69203	0.27619
GBP3	0.2356	0.09902	0.07386	0.16075	0.16843
GBP4	0.5656	0.42389	0.54841	0.67134	0.40784
GBP5	0.92734	0.06929	0.23457	0.72596	0.39577
GBP6	0.04757	0.06557	0.0588	0.04077	0.07859
GBP7	0.11172	0.21975	0.09678	0.05712	0.03714
GC	0.57174	1.82998	0.89268	0.14902	0.13496
GCA	0.03772	0.052	0.1168	0.05258	0.03856
GCAT	0.09549	0.4195	0.21066	0.05722	0.05297
GCC1	0.06272	0.11121	0.0296	0.0304	0.07798
GCC2	0.83256	0.33615	0.52806	0.54399	0.80242
GCDH	0.02921	0.03246	0.01195	0.0156	0.0372
GCFC2	0.10016	0.11102	0.04354	0.13071	0.06034
GCGR	0.00568	0.11206	0.03277	0.00098	0
GCH1	0.03373	0.02616	0.01524	0.02931	0.0084
GCHFR	0.17753	0.29906	0.13908	0.29428	0.12023
GCK	0	0.00937	0.0043	0	0
GCKR	0.03636	0.1655	0.04872	0.0274	0.0073
GCLC	0.09873	0.49962	0.27905	0.12532	0.04537
GCLM	0.46549	0.82928	0.56229	0.34403	0.31633
GCM1	0.00062	0.00198	0.00146	0.0139	0
GCNT1	0.14064	0.0426	0.0915	0.12179	0.07117
GCNT2	0.04839	0.11917	0.07487	0.01943	0.02942
GCNT3	0.01027	0.03984	0.0087	0	0.00057
GCNT4	0.00344	0.00236	0	0	0
GCSAM	0.0574	0.00294	0.03119	0.19223	0.03469
GCSAML	0.00256	0.00671	0.00278	0.00105	0.00085
GCSH	0.06098	0.2961	0.0958	0.05911	0.02474
GCSHP3	0.01962	0.04846	0.00677	0.0213	0.01851
GDA	0.02376	0.08771	0.06586	0.01594	0.00977
GDAP1	0.03592	0.08373	0.05848	0.01612	0.00455
GDAP2	0.08469	0.08071	0.07311	0.14459	0.04621
GDE1	0.13047	0.19524	0.15979	0.26107	0.34599
GDF11	0.04102	0.01764	0.00482	0	0.02877
GDF15	0.00238	0.06112	0.05023	0	0.00029
GDF5	0.00465	0.00286	0	0.00026	0.00066
GDF6	0	0.00034	0.00089	0	0
GDF7	0.01248	0.02892	0.01776	0.00037	0.00189
GDF9	0.00472	0.00296	0.00328	0.02337	0.00104
GDI1	0.16533	0.25069	0.16976	0.19495	0.14341
GDI2	0.4591	0.70808	0.72265	0.92073	0.55967
GDNF	0.01235	0.03289	0.01007	0.01441	0.0047
GDNF-AS1	0	0.0072	0	0	0
GDPD1	0.38029	0.40843	0.38977	0.22132	0.41049
GDPD2	0.00021	0.00097	9e-04	0	0
GDPD3	0.00691	0.01601	0.01267	0.08756	0.02646
GDPD4	0.00043	0.00515	0.01711	0	0
GDPD5	0.06545	0.03632	0.03058	0.01042	0.04727
GDPGP1	0.00497	0.00428	0.00127	0	0.00357
GEM	0.01196	0.00461	0.01057	0.00189	0
GEMIN2	0.00787	0.01883	0.0011	0.06081	0.02527
GEMIN4	0.01435	0.02139	0.00984	0.13212	0.00679
GEMIN5	0.03545	0.11059	0.03932	0.01865	0.0638
GEMIN6	0.01654	0.04894	0.04436	0.10943	0.03529
GEMIN7	0.0907	0.07793	0.06268	0.11094	0.16541
GEMIN8	0.16981	0.19336	0.18643	0.1215	0.21121
GEMIN8P4	0	0.00624	0.0076	0	0
GEN1	0.16086	0.21367	0.22101	0.5479	0.34491
GET4	0.12524	0.33104	0.19741	0.21048	0.13748
GFAP	0	0.00283	0.00253	0	0
GFER	0.04512	0.05377	0.05175	0.16454	0.05944
GFI1	0.06433	0.00744	0.0026	0.04047	0.06633
GFI1B	0.03531	0.0326	0.04184	0.06196	0.03495
GFM1	0.1524	0.21366	0.16535	0.29081	0.09061
GFM2	0.05985	0.08722	0.05024	0.0767	0.04681
GFOD1	0.16089	0.04586	0.01301	0.29125	0.07409
GFOD2	0.22951	0.24996	0.27224	0.1745	0.21251
GFPT1	0.23152	0.39581	0.28592	0.24968	0.3486
GFRA1	0.02168	0.08328	0.00285	0.01135	0.00799
GFRA2	0.00051	0.00113	0.10973	0.00276	0.00184
GFRAL	0.00041	0.00215	0.0032	0	0.00212
GGA1	0.27463	0.20857	0.38646	0.25202	0.10603
GGA2	0.23046	0.12883	0.18857	0.28713	0.27247
GGA3	0.11645	0.1043	0.20626	0.12683	0.15381
GGACT	0.02436	0.01982	0.01463	0.01594	0.00299
GGCT	0.1017	0.13363	0.06077	0.18821	0.02828
GGCX	0.16875	0.50972	0.2182	0.22522	0.25488
GGH	0.0614	0.70441	0.11395	0.21364	0.06005
GGPS1	0.45029	0.54466	0.48032	0.41299	0.42415
GGT1	0.05109	0.02379	0.0486	0.04227	0.08366
GGT3P	0.00281	0.00103	0.00239	0	0.00046
GGT6	0.17366	0.16619	0.20341	0.14356	0.17204
GGT7	0.00175	0.00784	0.00933	0.00056	0
GGT8P	0.04466	0.03043	0.04145	0.03357	0.02863
GGTA1P	0.00356	0.0067	0.37771	0.01119	0.00205
GHDC	0.08819	0.10053	0.08831	0.06137	0.14007
GHITM	0.42409	0.5143	0.47714	0.72881	0.47315
GHR	0.00598	0.16715	0.03305	0.00508	0.00189
GHRL	0.00501	0.00023	0.01161	0.00037	0.01471
GHRLOS	0.02003	0.01587	0.02804	0.00235	0.02072
GID4	0.02777	0.01752	0.02297	0.0064	0.01149
GID8	0.28932	0.3235	0.16484	0.39765	0.15512
GIGYF1	0.13225	0.2422	0.12132	0.0492	0.09643
GIGYF2	0.35851	0.37486	0.40925	0.4769	0.56663
GIMAP1	0.20712	0.04359	0.10491	0.09815	0.08316
GIMAP2	0.0727	0.00985	0.01955	0.05375	0.02407
GIMAP4	0.5563	0.02696	0.26948	0.55661	0.14673
GIMAP6	0.18479	0.00196	0.04362	0.11705	0.08232
GIMAP7	0.59388	0.02244	0.19817	0.51815	0.16686
GIMAP8	0.10593	0.01026	0.17377	0.06194	0.02437
GIN1	0.02544	0.03843	0.0324	0.04352	0.01515
GINM1	0.03452	0.12322	0.08809	0.11393	0.05778
GINS1	0.04625	0.0752	0.04452	0.14164	0.05115
GINS2	0.01839	0.03498	0.00571	0.34326	0.02341
GINS3	0.00083	0.00822	0.00232	0.03279	0.00452
GINS4	0.12247	0.12254	0.10268	0.14728	0.13177
GIPC1	0.06143	0.11209	0.06179	0.09419	0.05046
GIPC2	0.00776	0.10737	0.03852	0.0019	0.00149
GIPC3	0	0.00242	0	0	0
GIPR	0.0179	0.0048	0.00716	0.00066	0.04243
GIT1	0.03891	0.06816	0.10352	0.07631	0.0669
GIT2	0.16615	0.1416	0.19644	0.29388	0.19221
GJA1	0.00594	0.00911	0	0	0
GJA10	0	0.00537	0	0	0
GJA4	0	0.00849	0.00152	0	0
GJA5	0	0.00819	0.00095	0	0
GJB1	0.01355	0.35957	0.06817	0.00435	0.00156
GJB2	0.00359	0.00781	0.00819	0.01105	0
GJB7	0.00473	0.00183	0.00111	0	0
GJC1	0.21631	0.24473	0.24451	0.1889	0.2763
GJD4	0.00249	0.00285	0.00174	0	0.00357
GK	0.04889	0.13639	0.08391	0.06839	0.04204
GK5	0.30689	0.38205	0.38434	0.23853	0.28164
GKAP1	0.03107	0.06721	0.03834	0.03828	0.09299
GLA	0.01658	0.04677	0.10939	0.07091	0.06284
GLB1	0.08674	0.24188	0.22019	0.0648	0.07062
GLB1L	0.05898	0.10947	0.06966	0.03149	0.03271
GLB1L2	0.00028	0.00706	0	0	0
GLB1L3	0.00329	0.01494	0.00764	0.0057	0.00174
GLCCI1	0.30529	0.07628	0.04565	0.41112	0.70112
GLCE	0.01278	0.07574	0.06589	0.01474	0.01699
GLDC	0.02846	0.06259	0.04644	0.02382	0.01607
GLDN	0.00387	0.01109	0.00548	0.00115	0.02066
GLE1	0.09939	0.08232	0.08569	0.1095	0.11243
GLG1	0.52642	0.46996	0.35529	0.65156	0.80022
GLI1	0	0.0154	0.02262	0	0.00155
GLI2	0.00888	0.00499	0.00179	0	0.00226
GLI4	0.02369	0.02495	0.00736	0	0.01124
GLIPR1	0.23145	0.02014	0.19844	0.22115	0.18176
GLIPR1L2	0.01379	0.01199	0.00228	0.01015	0.00264
GLIPR2	0.16145	0.01227	0.11824	0.11378	0.10764
GLIS2	0.00726	0.01902	0.00331	0.00234	0
GLIS3	0	0.00392	0	0	0
GLMN	0.08342	0.04336	0.01646	0.14628	0.02246
GLO1	0.14843	0.37652	0.15898	0.23151	0.33217
GLOD4	0.16093	0.10665	0.10213	0.13808	0.10771
GLOD5	0.00211	0.04741	0.00249	0	0
GLP1R	0.00048	0.00472	0	0	0.00761
GLRA2	0.0047	0.00765	0.00446	0.00219	0.0034
GLRB	0.00231	0.01312	0.00388	0	0
GLRX	0.16478	0.15119	0.09479	0.24185	0.42666
GLRX2	0.02225	0.11595	0.06775	0.14686	0.04022
GLRX3	0.1216	0.14198	0.12315	0.30562	0.08122
GLRX5	0.14449	0.30864	0.12237	0.29345	0.0504
GLS	0.27622	0.13906	0.24688	0.28063	0.3983
GLS2	0.01788	0.05374	0.01032	0.00108	0
GLT1D1	0.00401	0.06605	0.00491	0	0
GLT8D1	0.05052	0.23212	0.0683	0.07305	0.12804
GLTP	0.41471	0.3622	0.39419	0.30386	0.43973
GLTPD2	0.01486	0.08424	0.0463	0	0.00083
BICRA	0.00649	0.02013	0.03669	0.00346	0.01735
BICRAL	0.07739	0.06469	0.05168	0.0948	0.05302
NOP53	0.70419	0.31448	0.35185	0.8403	0.90819
GLUD1	0.26275	1.12102	0.45228	0.286	0.12367
GLUD1P3	0.00953	0.01474	0.02737	0	0.0106
GLUD2	0.00266	0.01927	0.00335	0.00037	0
GLUL	0.64003	1.70664	1.50842	0.37602	0.41175
GLYAT	0.01726	0.11002	0.04562	0.00058	0.02217
GLYATL1	0.00266	0.02816	0.0254	0	0.00057
GLYCTK	0.11938	0.51398	0.19147	0.15078	0.07655
GLYR1	0.29897	0.19958	0.30114	0.42128	0.28063
GM2A	0.07817	0.26102	0.58083	0.15914	0.32282
GMCL1	0.24285	0.27251	0.18843	0.26668	0.18313
GMDS	0.03779	0.09114	0.02607	0.10554	0.07708
GMDS-DT	0.01972	0.01854	0.00548	0.00056	0.03637
GMEB1	0.1657	0.13523	0.1162	0.13217	0.14024
GMEB2	0.02202	0.04364	0.01462	0.04964	0.02639
GMFB	0.04165	0.12631	0.10117	0.09842	0.03102
GMFG	0.86298	0.03653	0.39379	1.06877	0.52463
GMIP	0.16275	0.02821	0.14685	0.46816	0.13858
GMNC	0.00045	0.00468	0.00161	0	0.00044
GMNN	0.04537	0.14093	0.12992	0.33253	0.06871
GMPPA	0.09498	0.28653	0.14236	0.28733	0.44891
GMPPB	0.04362	0.03526	0.01042	0.30586	0.14899
GMPR	0	0.00795	0.00606	0	0
GMPR2	0.15425	0.10929	0.10129	0.27667	0.05069
GMPS	0.11921	0.1299	0.08145	0.23434	0.07891
GNA11	0.01597	0.16873	0.07311	0.004	0.02595
GNA12	0.05383	0.11241	0.10338	0.04319	0.06069
GNA13	0.25955	0.12483	0.34792	0.21122	0.12348
GNA15	0.01872	0.00124	0.10424	0.00727	0
GNAI1	0.04127	0.09399	0.00945	0.00304	0
GNAI2	0.6578	0.26891	0.84418	0.92512	0.43808
GNAI3	0.17706	0.14785	0.1292	0.32877	0.10726
GNAL	0.05844	0.10867	0.09845	0.04693	0.09648
GNAO1	0.00197	0.01399	0.00552	0.00025	0.00439
GNAQ	0.09841	0.26291	0.43668	0.02406	0.00716
GNAS	1.16793	0.75889	0.91972	1.70339	1.49173
GNAZ	0.01491	0.09027	0.02936	0.03485	0.00256
GNB1	0.37164	0.371	0.45753	0.5396	0.31791
GNB1L	0.03717	0.01582	0.01102	0.01841	0.02868
GNB2	0.09283	0.13287	0.16123	0.12009	0.03791
GNB4	0.18523	0.21786	0.59894	0.21711	0.16789
GNB5	0.39453	0.41092	0.43203	0.245	0.35282
GNE	0.26446	0.34001	0.35084	0.21557	0.26845
GNG11	0.00045	0.01141	0.01387	0	0.0047
GNG12	0.04416	0.20809	0.11189	0.02644	0.00472
GNG2	0.35576	0.01265	0.13061	0.42871	0.16064
GNG3	0	0.00382	0.00157	6e-04	0.00497
GNG4	0.04881	0.09531	0.03978	0.00914	0.01928
GNG5	0.16843	0.35648	0.20601	0.55412	0.31715
GNG7	0.01735	0.03629	0.03808	0.07436	0.25918
GNGT1	0.00791	0.01999	0.01098	0	0.00042
GNGT2	0.08109	0.00593	0.04304	0.20667	0.02472
GNL1	0.18529	0.16874	0.18072	0.26437	0.18246
GNL2	0.15214	0.21115	0.18408	0.25452	0.17374
GNL3	0.2248	0.36979	0.27826	0.47581	0.74066
GNL3L	0.37649	0.32776	0.36478	0.59447	0.48777
GNLY	0.18058	0.0091	0.00822	0.01982	0.01214
GNPAT	0.11935	0.34216	0.13214	0.21795	0.19087
GNPDA1	0.09486	0.21271	0.27376	0.04505	0.09983
GNPDA2	0.03134	0.00438	0.01448	0	0.0114
GNPNAT1	0.13762	0.26995	0.1767	0.09129	0.08102
GNPTAB	0.45809	0.17631	0.43675	0.26491	0.26861
GNPTG	0.08929	0.11811	0.16711	0.06972	0.12411
GNRH1	0.00675	0.00911	0.00267	0.03091	0
GNRHR2	0.04895	0.02059	0.01321	0.00994	0.06613
GNS	0.19947	0.48074	0.49306	0.15257	0.123
GOLGA1	0.13238	0.16122	0.10791	0.13415	0.24914
GOLGA2	0.35836	0.41604	0.4156	0.37161	0.55584
GOLGA2P5	0.11899	0.25507	0.06367	0.07882	0.08157
GOLGA2P6	0	0.00408	0	0	0
GOLGA2P7	0.00141	0.03512	0.00349	0.00164	0.0029
GOLGA3	0.40493	0.42114	0.30151	0.50077	0.53865
GOLGA4	0.92711	1.20428	1.10201	1.04204	1.54937
GOLGA5	0.16263	0.23838	0.14886	0.1966	0.2253
GOLGA6C	0.00312	0.00537	0.00208	0.00028	0.00307
GOLGA6L3	0.00021	0.00313	0	0.00901	0
GOLGA6L4	0.00058	0.00216	0.00021	0	0
GOLGA6L5P	0.00226	0.02086	0.01588	0.0107	0.00139
GOLGA6L7	0	0.0018	0.00276	0	0
GOLGA7	0.1249	0.11071	0.08392	0.18842	0.09617
GOLGA7B	0.00778	0.00311	0.00094	0	0
GOLGA8A	0.19906	0.11767	0.1254	0.15303	0.20765
GOLGA8B	0.42025	0.43712	0.07143	0.13675	0.29715
GOLGA8DP	0.0059	0.00876	0.00388	0.00066	0.00058
GOLGA8G	0	0.00236	0	0	0.00154
GOLGA8H	0.00238	0.00111	0.00123	0	0.00093
GOLGA8M	0.00069	0.00909	0.00083	0	0.00284
GOLGA8N	0.00411	0.01988	0.02259	0.00242	0.00238
GOLGA8S	0.00063	0.00167	0	0	0
GOLGB1	0.82888	1.09045	0.98815	1.07307	1.66249
GOLIM4	0.289	0.46607	0.41523	0.28497	0.18121
GOLM1	0.03259	0.14881	0.05982	0.02923	0.00857
GOLPH3	0.20936	0.6598	0.22047	0.20071	0.34246
GOLPH3L	0.03274	0.07301	0.04923	0.05683	0.14822
GOLT1A	0.02795	0.23545	0.07795	0.00392	0.00159
GOLT1B	0.0838	0.08209	0.04912	0.04359	0.13288
GON4L	0.41085	0.38681	0.3176	0.47654	0.47102
GOPC	0.1576	0.15301	0.15954	0.14451	0.17008
GORAB	0.05835	0.05481	0.02732	0.04205	0.09717
GORASP1	0.02842	0.04615	0.03731	0.02157	0.0401
GORASP2	0.12693	0.22072	0.07623	0.16643	0.2325
GOSR1	0.33344	0.43693	0.36021	0.38584	0.39543
GOSR2	0.15298	0.19016	0.11848	0.23404	0.24803
GOT1	0.05418	0.2376	0.10586	0.24805	0.03846
GOT2	0.22125	0.57387	0.3394	0.44755	0.09877
GP1BA	0	0.00197	0.00813	0	0
GP2	0.11005	0.1744	0.13163	0.11284	0.14084
GP5	0.00062	0.00091	0	0	0.001
GP6	0.09399	0.10879	0.13166	0.08214	0.09821
GPAA1	0.2488	0.66249	0.39552	0.43145	0.36196
GPALPP1	0.09876	0.08268	0.05117	0.1547	0.07106
GPAM	0.15348	1.09734	0.2191	0.08552	0.07212
GPANK1	0.05911	0.10865	0.04175	0.15275	0.12564
GPAT2	0.01676	0.00193	0.00586	0.05086	0.0296
GPATCH1	0.11003	0.09698	0.01618	0.16108	0.09762
GPATCH11	0.19881	0.11489	0.13459	0.35157	0.14287
GPATCH2	0.09577	0.13784	0.14585	0.11026	0.0984
GPATCH2L	0.26652	0.22064	0.38975	0.31162	0.23328
GPATCH3	0.05014	0.06516	0.06657	0.12334	0.07305
GPATCH4	0.2467	0.26323	0.19736	0.49671	0.17354
GPATCH8	0.40944	0.20301	0.2348	0.65112	0.26475
GPBP1	0.4289	0.25709	0.27498	0.54046	0.35785
GPBP1L1	0.2803	0.28946	0.25807	0.15823	0.21406
GPC1	0.06377	0.15198	0.10317	0.01878	0.00446
GPC2	0	0.00268	0.0059	0	0
GPC3	0.19325	0.87302	0.37655	0.02534	0.00155
GPC4	0.01125	0.14037	0.01329	0	0
GPC5	0.00038	0.0239	0.01043	0	0
GPC6	0.03517	0.10583	0.08306	0.00793	0
GPCPD1	0.25182	0.11731	0.18526	0.22592	0.38616
GPD1	0.03625	0.24063	0.05692	0	0.01504
GPD1L	0.04961	0.0305	0.03554	0.02698	0.02284
GPD2	0.1575	0.06437	0.0742	0.13053	0.03813
GPER1	0.00219	0.09759	0.01539	0.00489	0
GPHN	0.02665	0.07855	0.01398	0.08934	0.03434
GPI	0.59552	0.9645	0.81401	0.67786	0.23146
GPKOW	0.04212	0.06207	0.02622	0.1037	0.0561
GPLD1	0.05044	0.3124	0.05989	0.08571	0.15255
GPM6A	0.04129	0.03881	0.07276	0.027	0.22317
GPN1	0.08286	0.0589	0.09266	0.09384	0.05475
GPN2	0.02894	0.03363	0.02272	0.16868	0.05291
GPN3	0.02039	0.08475	0.06948	0.09132	0.05091
GPNMB	0.04164	0.11347	1.31178	0.00435	0.01376
GPR1	0.03346	0.03416	0.02395	0.01432	0.04529
GPR107	0.09692	0.13105	0.11677	0.17021	0.06275
GPR108	0.11888	0.10598	0.06745	0.14824	0.09189
GPR12	0.07047	0.10364	0.06534	0.05783	0.09998
GPR132	0.03892	0.0099	0.03892	0.02127	0.0092
GPR135	0.00135	0.00904	0.00121	5e-04	0.0057
GPR137	0.03195	0.18643	0.06923	0.02251	0.06822
GPR137B	0.04979	0.0351	0.09096	0.05791	0.02249
GPR137C	0	0.01197	0.01327	0	0
GPR141	0.00144	0.00694	0.02722	0.00482	0.00227
GPR143	0.00049	0.00605	0.00342	0	0
GPR146	0.00071	0.00863	0.00421	0.00032	0.01889
GPR153	0.00081	0.01451	0.00248	0	0.00328
GPR155	0.56048	0.65117	0.76963	0.46707	0.80467
GPR158	0.00741	0.01633	0.00151	0	0.00135
GPR160	0.00393	0.01263	0.06057	0.0387	0.10717
GPR161	0.24964	0.31888	0.27173	0.18907	0.32621
GPR162	0.00059	0.00211	0.0263	0	0.01169
GPR171	0.20055	0.00246	0.00152	0.19758	0.07872
GPR174	0.0397	0.00067	0	0.07715	0.01928
GPR176	0	0.0062	0.01562	0	0
GPR18	0.04493	0.00153	0.00882	0.10948	0.03566
GPR180	0.01791	0.05961	0.02275	0.09788	0.05288
GPR183	0.0969	0.00968	0.35161	0.1	0.28141
GPR19	0.00994	0.00073	0.00112	0.00569	0.01211
GPR27	0.00359	0.00253	0.00064	0	0
GPR3	0	0.00333	0.00416	0.00056	0
GPR34	0.00545	0.0017	0.11705	0.0038	0.00951
GPR35	0.01332	0.01099	0.01612	0.01545	0.00057
GPR37	0.00912	0.05535	0.0021	0.00083	0.00046
GPR37L1	0.00149	0.0029	0.00061	0	0.00052
GPR39	0.00031	0.00796	0.00013	0	0.00106
GPR4	0	0.00318	0.00045	0	0
GPR52	0.00102	0.0043	0.01684	0.03428	0.00488
GPR55	0.02015	2e-05	0	0.00384	0.05514
GPR63	0.0011	0.00238	0	0	0.00306
GPR65	0.17651	0.02012	0.15588	0.0783	0.05257
GPR68	0.1409	0.00168	0.00589	0.04589	0.01675
GPR75	0	0.00258	0	0.00344	0
GPR78	0	0.00123	0.00076	0.00063	0.00054
GPR82	1.06422	1.15029	1.31791	0.79999	1.18118
GPR83	0	0.00095	0	0.00277	0.00638
GPR84	0.00439	0.00061	0.01678	0	0
GPR85	0.00111	0.01159	0.01835	0.00333	0.00181
GPR88	0.00784	0.11145	0.02514	0	0.00198
GPR89A	0.02858	0.04636	0.03363	0.04869	0.01846
GPR89B	0.04497	0.04226	0.02681	0.04071	0.0133
GPRASP1	0.01061	0.01561	0.00484	0.01688	0.00503
GPRC5B	0	0.00244	0.0208	0	0.0101
GPRC5C	0.03225	0.23366	0.05136	0.00031	0.00301
GPRIN1	0.00205	0.02007	0.00431	0.00329	0
GPRIN3	0.24469	0.0081	0.09876	0.20245	0.06932
GPS1	0.26226	0.36883	0.19875	0.42665	0.28954
GPS2	0.46631	0.28319	0.35892	0.86208	0.39787
GPSM1	0.00096	0.05716	0.01304	0	0
GPSM2	0.05953	0.09491	0.07011	0.25446	0.08062
GPSM3	0.14931	0.00309	0.104	0.11055	0.0746
GPT	0.0069	0.02386	0.0146	0.00271	0.00307
GPT2	0.04172	0.27803	0.09007	0.03795	0.09308
GPX1	0.39667	0.69083	1.75409	0.87112	0.88016
GPX2	0.17012	0.7189	0.2823	0.18143	0.1119
GPX3	0.41392	1.92939	0.87266	0.21463	0.03572
GPX4	0.50817	0.95742	0.7194	0.63626	0.47177
GPX7	0.01448	0.0122	0	0.06315	0.03463
GPX8	0.02295	0.02699	0.03365	0.02655	0.02083
GRAMD1A	0.11977	0.06559	0.07998	0.14526	0.09917
GRAMD1B	0.05198	0.04139	0.04545	0.00533	0.03162
GRAMD1C	0	0.03981	0.00702	0.00037	0.01807
GRAMD2B	0.12143	0.1442	0.06723	0.04545	0.04485
GRAMD4	0.03472	0.02806	0.03168	0.0121	0.00084
GRAP	0.06022	0.00354	0.00838	0.0307	0.02901
GRAP2	0.10732	0.00373	0	0.14311	0.03503
GRASP	0.00926	0.00582	0.03528	0.02453	0.01851
GRB10	0.03451	0.19184	0.0297	0.00249	0.00127
GRB14	0.03617	0.19585	0.05944	0.0192	0.0156
GRB2	0.3961	0.35341	0.7916	0.64644	0.69818
GRB7	0.00808	0.04286	0.00925	0	4e-04
GREB1	0.04944	0.06688	0.02903	0.02308	0.06767
GREB1L	0.00105	0.03579	0.02013	0	0
GREM1	0.00943	0.01214	0.00131	0	0
GREM2	0.00097	0.00395	5e-04	0	0
GRHL1	0.01307	0.06023	0.01869	0.01761	0.00272
GRHPR	0.10027	0.22252	0.1023	0.16135	0.12952
GRIA2	0.00613	0.01027	0.00281	0	0
GRIA3	0.00228	0.00781	0	0	0.00464
GRID1	0.00504	0.00299	0	0	0
GRIK2	0	0.00407	0	0	0
GRIK4	0	0.0062	0.00077	0	0.00083
GRIN2A	0	0.00207	6e-04	0	7e-04
GRIN2C	0.00106	0.00068	0.00551	0	0.00015
GRIN2D	0.01629	0.01055	0.00352	0	0
GRINA	0.26061	0.89877	0.89904	0.10418	0.30696
GRIP2	0	0.0041	0	0.00043	0
GRIPAP1	0.17956	0.47361	0.18882	0.21837	0.18504
GRK4	0.00171	0.0082	0.00083	0	0.00108
GRK5	0.05914	0.01798	0.03642	0.08541	0.09178
GRK6	0.18479	0.08863	0.02608	0.32588	0.1652
GRM4	0.0069	0.00698	0.00223	0.01129	0.00199
GRM6	0.10741	0.14139	0.12934	0.07371	0.12515
GRN	0.20826	0.71911	1.57358	0.34651	0.43468
GRPEL1	0.1302	0.20849	0.2174	0.24819	0.09216
GRPEL2	0.03553	0.03475	0.01853	0.01229	0.00067
GRSF1	0.24159	0.18424	0.25632	0.34952	0.10638
GRTP1	0.29042	0.37963	0.34945	0.18368	0.31265
GRWD1	0.06311	0.10686	0.07445	0.22444	0.08158
AC006001.3	0.09935	0.05826	0.08965	0.1044	0.0726
GS1-124K5.4	0.01919	0.0744	0.02177	0	0.04174
GSAP	0.06864	0.10223	0.25096	0.00776	0.05721
GSDMA	0.0136	0.00444	0.03938	0.00387	0.00452
GSDMB	0.09873	0.17847	0.00672	0.12045	0.05323
GSDMC	0.00457	0.00878	0.01255	0.00044	0.00129
GSDMD	0.32501	0.27213	0.22431	0.3391	0.28555
GSE1	0.14867	0.17612	0.12181	0.13276	0.15377
GSG1	0.07247	0.09132	0.09508	0.06459	0.10167
HASPIN	0.04827	0.03975	0.09429	0.15643	0.14242
GSK3A	0.07753	0.08878	0.04471	0.07256	0.03014
GSK3B	0.07865	0.15027	0.1163	0.221	0.07148
GSKIP	0.04168	0.0366	0.01872	0.05282	0.01792
GSN	0.06703	0.06041	1.14312	0.03006	0.06472
GSN-AS1	0.03484	0.03816	0.03479	0.01712	0.04994
GSPT1	0.3264	0.26356	0.21843	0.39426	0.31478
GSPT2	0.0383	0.02576	0.03249	0.08934	0.0359
GSR	0.24674	0.20471	0.19612	0.28195	0.15796
GSS	0.06292	0.17404	0.11813	0.22049	0.08427
GSTA1	0.25716	1.01937	0.50457	0.08145	0.09726
GSTA2	0.11584	0.44983	0.20019	0.00958	0.0184
GSTA3	0	0.00054	0	0	0
GSTA4	0.01448	0.18418	0.03964	0.0112	0.00177
GSTA5	0	0.00031	0	0	0
GSTA7P	0.00037	0.0186	0.00541	0.00086	0
GSTCD	0.05134	0.03815	0.04178	0.09934	0.0226
GSTK1	0.71797	0.71802	0.51437	0.87795	0.71322
GSTM1	0.00083	0.0117	0.00979	0	0.00031
GSTM2	0.01514	0.00256	0.01096	0.00417	0.02747
GSTM3	0.26475	0.35703	0.34485	0.19267	0.27974
GSTM4	0.04815	0.18947	0.09444	0.01488	0.06286
GSTO1	0.50687	1.0312	0.79144	0.7786	0.34614
GSTO2	0.00881	0.04805	0.01328	0.00319	0.00016
GSTP1	0.64476	0.10011	0.64105	1.33794	1.15374
GSTZ1	0.02229	0.0785	0.07704	0.04467	0.04541
GTDC1	0.05658	0.02713	0.01802	0.0993	0.02963
GTF2A1	0.19266	0.14655	0.10978	0.38207	0.28858
GTF2A2	0.14022	0.10574	0.08125	0.2412	0.14059
GTF2B	0.08912	0.0757	0.09869	0.14454	0.103
GTF2E1	0.05967	0.03482	0.08599	0.08451	0.06368
GTF2E2	0.09027	0.04148	0.05299	0.14014	0.16802
GTF2F1	0.2058	0.13375	0.26073	0.42529	0.23136
GTF2F2	0.09975	0.08808	0.10443	0.18578	0.12983
GTF2H1	0.07816	0.17077	0.11865	0.2729	0.1459
GTF2H2	0.05272	0.06598	0.0583	0.06497	0.05225
GTF2H2B	0.1415	0.13552	0.13147	0.08345	0.1167
GTF2H2C	0.05171	0.06333	0.05343	0.03441	0.06394
GTF2H3	0.23355	0.27078	0.22344	0.29953	0.26762
GTF2H4	0.00113	0.01501	0.00296	0.00423	0.00176
GTF2H5	0.39464	0.60155	0.44449	0.32401	0.42781
GTF2I	0.18941	0.18548	0.16666	0.20277	0.132
GTF2IRD1	0.00579	0.02709	0.01453	0	0
GTF2IRD2	0.02076	0.02896	0.00932	0.04225	0.04007
GTF3A	0.58179	0.37298	0.2835	0.9936	0.75287
GTF3C1	0.15265	0.18679	0.14017	0.29915	0.18821
GTF3C2	0.07238	0.12427	0.07874	0.0833	0.06769
GTF3C3	0.16898	0.15836	0.22442	0.18099	0.09557
GTF3C4	0.07033	0.07778	0.07217	0.13219	0.07951
GTF3C5	0.09019	0.083	0.07122	0.25692	0.14663
GTF3C6	0.20528	0.20825	0.15424	0.41344	0.17438
GTPBP1	0.06001	0.06536	0.06622	0.17483	0.11034
GTPBP10	0.20836	0.2524	0.22966	0.21674	0.16267
GTPBP2	0.03496	0.04833	0.04682	0.03594	0.03923
GTPBP3	0.03382	0.06336	0.05873	0.08723	0.02725
GTPBP4	0.15898	0.21331	0.10515	0.33127	0.0688
GTPBP8	0.06296	0.02964	0.05357	0.21505	0.07115
GTSE1	0.02342	0.05049	0.0283	0.9511	0.0233
GTSF1	0.00942	0.05035	0.02382	0.00924	0.04915
GUCA1B	0.12298	0.15166	0.15216	0.16967	0.11199
GUCA2B	0.00107	0.03575	0.00486	0	0
GUCD1	0.10023	0.26959	0.07135	0.1578	0.05021
GUCY1A1	0.00064	0.00403	0.06021	0.04855	0.00328
GUCY1B2	0.00041	0.02445	0.01246	0	0
GUCY1B1	0.00259	0.00389	0.03556	0.02694	0
GUCY2EP	0	0.00834	0	0	0.00521
GUF1	0.09139	0.15151	0.09716	0.13486	0.08134
GUK1	0.67667	0.52915	0.44606	0.97503	0.82386
GULP1	0.01073	0.02112	0.00775	0	0
GUSB	0.16994	0.48061	0.3229	0.28295	0.22781
GUSBP1	0.01405	0.0516	0.03253	0.01631	0.02814
GUSBP10	7e-04	0.00412	0.00484	0	0
GUSBP11	0.04502	0.10244	0.1023	0.04457	0.13911
GUSBP2	0.00284	0.00581	0	0.01221	0.00275
GUSBP3	0.01011	0.01263	0.01499	0.01479	0.00435
GUSBP4	0.04962	0.15406	0.03201	0.06161	0.06314
GVINP1	0.63028	0.0328	0.13571	0.41303	0.47222
GXYLT1	0.15099	0.27889	0.14469	0.18444	0.08447
GXYLT2	0	0.00566	0	0	0
GYG1	0.10301	0.0667	0.07977	0.15182	0.12375
GYG2	0.00218	0.05607	0.02191	0.00364	0.0017
GYG2P1	0	0.00342	0.00234	0	0
GYPC	0.29349	0.01778	0.26774	0.361	0.26776
GYS1	0.09758	0.04938	0.08396	0.13754	0.07374
GYS2	0.01142	0.04261	0.01695	8e-04	0.00088
GZF1	0.03278	0.07121	0.09048	0.04469	0.03871
GZMA	1.11606	0.03314	0.01946	1.02878	0.23961
GZMB	0.26473	0.0087	0.00067	0.17702	0.06071
GZMH	0.3597	0.01749	0.01125	0.25574	0.09843
GZMK	0.5675	0.00532	0.00067	0.2692	0.13758
H19	0.0736	0.26856	0.16622	0.00629	0.00109
H1F0	0.04736	0.29516	0.20172	0.03437	0.02357
H1FX	0.28114	0.11085	0.16106	0.49241	0.96714
H1FX-AS1	0.02388	0.02696	0.01446	0.01544	0.06569
H2AFJ	0.21445	0.16738	0.34834	0.30925	0.13938
H2AFV	0.25761	0.27916	0.28838	1.42649	0.50752
H2AFX	0.04862	0.03781	0.04474	0.4723	0.02005
H2AFY	0.26087	0.25722	0.56179	0.76119	0.12213
H2AFY2	0.00809	0.02777	0.03545	0.00067	0
H2AFZ	0.34624	0.24571	0.23718	1.59835	0.35039
H3F3B	1.66315	0.78826	1.10654	1.9068	1.30319
H3F3C	0.00475	0.0037	0	0.00565	0.00275
H6PD	0.23487	0.63144	0.24541	0.15657	0.16087
HAAO	0.02464	0.27341	0.05915	0.01614	0.01353
HABP2	0.0593	0.37622	0.17727	0.02049	0.00148
HABP4	0.07774	0.12799	0.05847	0.04606	0.06315
HACE1	0.01625	0.04287	0.02339	0.01867	0.01515
HACL1	0.05779	0.15712	0.07509	0.04208	0.03623
HADH	0.09625	0.1407	0.05809	0.26935	0.06446
HADHA	0.4153	0.7257	0.61109	0.96305	0.36612
HADHB	0.17422	0.35782	0.24624	0.2118	0.14837
HAGH	0.07755	0.2043	0.09804	0.101	0.06788
HAGHL	0.08461	0.01407	0.11882	0.04052	0.08481
HAL	0.09076	0.6005	0.13939	0.01016	0
HAMP	0.00347	0.0049	0.00367	0	0
HAND2-AS1	0.00139	0.00206	0	0.00158	0.00172
HAO1	0.0694	0.47562	0.11702	0.02191	0.00952
HAO2	0.00148	0.01909	0	0	0.00046
HAPLN3	0.10208	0.00872	0.0452	0.05636	0.0248
HAPLN4	6e-04	0.01161	0	0	0
HARBI1	0.02259	0.01008	0.014	0.05778	0.01738
HARS	0.10386	0.17849	0.07286	0.38524	0.22223
HARS2	0.04593	0.08362	0.05017	0.04261	0.01634
HAS3	0	0.00067	0	0	0
HAT1	0.0704	0.095	0.06129	0.29069	0.10339
HAUS1	0.06528	0.04653	0.0389	0.3875	0.06757
HAUS2	0.15497	0.16876	0.21574	0.12263	0.10681
HAUS3	0.08398	0.05329	0.06839	0.15883	0.08827
HAUS4	0.05934	0.05754	0.02968	0.06461	0.01014
HAUS5	0.04619	0.09041	0.04042	0.05251	0.06095
HAUS6	0.11257	0.0597	0.06483	0.14638	0.06459
HAUS7	0.03698	0.04727	0.04008	0.11294	0.06872
HAUS8	0.06628	0.0338	0.04051	0.28246	0.00896
HAVCR2	0.19656	0.01339	0.23329	0.20866	0.09182
HAX1	0.17913	0.27358	0.09512	0.30067	0.31405
HBB	0.00199	0.00175	0.00696	0	0
HBEGF	0.00516	0.02011	0.08715	0.00398	0.00074
HBP1	0.09077	0.15884	0.0634	0.0954	0.18232
HBS1L	0.1936	0.24262	0.19325	0.42281	0.19273
HCAR1	0.01831	0.0122	0.00742	0.00676	0.00535
HCAR2	0.00095	0.00221	0.00473	0	0
HCAR3	0.00171	0.00257	0.00311	0	0
HCCS	0.02795	0.04182	0.07675	0.05274	0.02876
HCFC1	0.1668	0.21582	0.06721	0.45957	0.16548
HCFC1R1	0.08039	0.08213	0.13411	0.17358	0.06349
HCFC2	0.10715	0.10659	0.11671	0.08979	0.09033
HCG11	0.29346	0.28943	0.32859	0.22059	0.34539
CR759835.1	0.00197	0.00546	0.00098	0	0.00788
HCG17	0.00024	0.00524	0	0.03287	0.0029
HCG18	0.20976	0.19095	0.12741	0.2221	0.10674
HCG20	0.00076	0.00184	0.00042	0.01024	0.00154
HCG24	0.00769	0.0064	0.00414	0.00763	0.00806
HCG25	0.00821	0.00073	0	0	0.00639
HCG27	0.00109	0.00979	0.00377	0.01632	0.04798
HCG4	0.00785	0.00266	0.00137	0.00961	0.00044
HCG4B	0.00344	0.00136	0.0097	0.02971	0.01074
HCG9	0	0.00551	0.00097	0	0
HCK	0.01178	0.00637	0.24741	0.04493	0.0071
HCLS1	0.86946	0.04982	0.74342	1.46527	0.84583
HCN1	0.00781	0.00721	0.00952	0.01079	0.00214
HCN3	0.01583	0.0661	0.00648	0.00159	0.00099
HCP5	0.20691	0.04457	0.07507	0.31163	0.11183
HCRT	0.00278	0.00399	0.00463	0	0.01298
HCST	1.20102	0.046	0.51934	0.98534	0.43173
HDAC1	0.19015	0.21762	0.17173	0.42332	0.15046
HDAC10	0.03897	0.03518	0.0175	0.01913	0.07586
HDAC11	0.02859	0.11729	0.06641	0.00042	0.01219
HDAC2	0.20358	0.18817	0.22961	0.30967	0.16851
HDAC3	0.09263	0.10937	0.06753	0.06062	0.09988
HDAC4	0.11946	0.05826	0.03121	0.01759	0.01938
HDAC5	0.06534	0.12612	0.09334	0.02533	0.01885
HDAC6	0.07155	0.53566	0.13311	0.26591	0.20759
HDAC7	0.20782	0.08465	0.12087	0.22381	0.16718
HDAC8	0.03548	0.07482	0.03848	0.09042	0.09472
HDAC9	0.04669	0.00967	0.07736	0.10109	0.18243
HDDC2	0.17044	0.07476	0.08518	0.17842	0.12968
HDDC3	0.07112	0.08587	0.03916	0.0621	0.10628
HDGF	0.43294	1.043	0.51037	0.83649	0.30323
HDGFL2	0.11412	0.10177	0.08558	0.0954	0.07803
HDGFL3	0.02602	0.00767	0.02232	0.01741	4e-04
HDHD2	0.12561	0.16689	0.12048	0.13198	0.04239
HDHD3	0.06826	0.22464	0.06806	0.13161	0.06272
HDLBP	0.48658	1.05291	0.73209	0.82931	1.76962
HDX	0	0.0078	0.016	0	0.01597
HEATR1	0.11751	0.17416	0.09285	0.24803	0.12265
HEATR3	0.26001	0.38413	0.50904	0.23924	0.2901
HEATR4	0	0.00159	0	0	0.00604
HEATR5A	0.30626	0.43961	0.42909	0.24868	0.31521
HEATR5B	0.10766	0.1084	0.09128	0.16423	0.04956
HEATR6	0.02526	0.03544	0.05963	0.0112	0.02246
HEBP1	0.0187	0.07961	0.15722	0.00986	0.01252
HEBP2	0.16386	0.35667	0.18557	0.24971	0.24894
HECA	0.28604	0.10577	0.12047	0.26728	0.17539
HECTD1	0.28996	0.47848	0.40723	0.28565	0.3618
HECTD2	0.02421	0.0299	0.0339	0.05545	0.01085
HECTD3	0.0639	0.14924	0.087	0.14168	0.11649
HECTD4	0.23295	0.25101	0.16813	0.16802	0.12998
HECW2	0.00063	0.00921	0.00272	0.00106	0.00018
HEG1	0.15141	0.08412	0.06364	0.1341	0.02767
HELB	0.08546	0.02878	0.03312	0.03026	0.13907
HELLS	0.16657	0.09477	0.04398	0.57792	0.09818
HELQ	0.09454	0.03873	0.07147	0.10677	0.10066
HELZ	0.56244	0.31548	0.30434	0.48586	0.36217
HELZ2	0.08844	0.10803	0.11999	0.10364	0.0892
HEMK1	0.05373	0.08386	0.02052	0.09452	0.06414
HENMT1	0.0567	0.00287	0.03531	0.09247	0.03125
HEPACAM	0.00033	0.0102	0.00227	0	0
HEPHL1	0	0.00626	0	0	0
HERC1	0.55016	0.31044	0.39945	0.43613	0.32591
HERC2	0.34379	0.34843	0.2226	0.23809	0.40125
HERC2P10	0	0.00236	0	0.00034	0.00136
HERC2P3	0.00626	0.00768	0.00309	0.00214	0.00201
HERC2P4	0.00528	0.00274	0	0	0
AC242376.1	0.0471	0.07683	0.0156	0.00552	0.16396
HERC2P9	0.01077	0.00559	0	0.0168	0.00518
HERC3	0.03427	0.03465	0.061	0.01757	0.09291
HERC4	0.10891	0.14122	0.09623	0.11194	0.05113
HERC5	0.0414	0.03194	0.05988	0.06156	0.10348
HERC6	0.07044	0.02473	0.0236	0.06992	0.01172
HERPUD1	0.26813	0.5103	0.41353	0.58978	1.85735
HERPUD2	0.29944	0.17315	0.17611	0.15179	0.15851
HES1	0.07456	0.22387	0.31157	0.03073	0.1003
HES2	0.26723	0.31379	0.35601	0.21346	0.34516
HES4	0	0.01076	0.02084	0	0.00962
HES6	0.0145	0.02202	0.0226	0.04823	0
HESX1	0.00031	0.00402	0.01383	0	0.00154
HEXA	0.1006	0.42293	0.51337	0.2047	0.15879
HEXA-AS1	0.00306	0.01873	0.01703	0.00026	0.01452
HEXB	0.06502	0.26825	0.30759	0.08846	0.0764
HEXDC	0.12605	0.17992	0.18141	0.11091	0.2773
HEXIM1	0.25336	0.10387	0.1393	0.22832	0.17572
HEXIM2	0.02558	0.02479	0.02613	0.03233	0.00933
HEY1	0.00834	0.02423	0.01295	0.01234	0
HEY2	0.00037	0.03261	0.00759	0.00108	0
HEYL	0	0.00589	0.0054	0	0.00239
HFE	0.00041	0.01354	0.00077	0	0.00057
HJV	0.11379	0.56187	0.23112	0.0117	0.02804
HGD	0.06481	0.713	0.14785	0.0141	0.01575
HGF	0	0.00172	0.07954	0	0
HGFAC	0.00038	0.00588	0	0	0
HGS	0.12601	0.31671	0.17828	0.06651	0.0952
HGSNAT	0.05789	0.18956	0.2025	0.02623	0.07362
HHAT	0.00815	0.01805	0.019	0.00425	0
HHEX	0.02851	0.20675	0.12184	0.05374	0.03002
HHIPL1	0.02414	0.03226	0.03513	0.01375	0.00447
HHIPL2	0.02354	0.02451	0.00525	0.00077	0.00315
HHLA2	0.01985	0.04701	0.01516	0.02943	0.02335
HHLA3	0.05071	0.05067	0.00827	0.02568	0.02558
HIBADH	0.07139	0.14096	0.05621	0.05391	0.01834
HIBCH	0.11152	0.16269	0.06057	0.0846	0.08754
HIC1	0.00913	0.00179	0.01867	0.02478	0.0051
HIC2	0.03811	0.05086	0.06359	0.04039	0.02568
HID1	0.00018	0.01367	0.00467	0.01748	0.15234
HIF1A	0.43086	0.31485	0.73844	0.8024	0.3464
HIF1A-AS1	0.00162	0.00102	0.00424	0	0.00048
HIF1A-AS2	0.00889	0.00153	0.01775	0.00531	0
HIF1AN	0.13517	0.10707	0.10902	0.25424	0.05103
HIF3A	0.00361	0.00612	0.00585	0.00215	0.00669
HIGD1A	0.14024	0.29885	0.21825	0.27657	0.09806
HIGD2A	0.35721	0.25237	0.21439	0.41065	0.2549
HILPDA	0.05171	0.08162	0.0806	0.0574	0.05429
HINFP	0.06018	0.05425	0.02693	0.08172	0.0672
HINT1	1.04776	1.28583	0.83027	1.37794	0.75329
HINT2	0.33216	0.2949	0.16645	0.7596	0.3884
HINT3	0.26066	0.34395	0.24482	0.18763	0.27997
HIP1	0.29922	0.39296	0.35239	0.25575	0.34833
HIP1R	0.05402	0.10876	0.03139	0.1344	0.06624
HIPK1	0.2517	0.18722	0.14766	0.26171	0.08699
HIPK2	0.2669	0.56273	0.22536	0.505	0.47941
HIPK3	0.23432	0.24992	0.28113	0.15659	0.14432
HIRA	0.03496	0.04349	0.01443	0.10116	0.0451
HIRIP3	0.06635	0.07324	0.08404	0.42982	0.09632
HIST1H1A	0.00724	0.01367	0	0.10231	0.00742
HIST1H1B	0.02927	0.02024	0.03463	1.51707	0.10373
HIST1H1C	0.35212	0.19542	0.17636	2.10319	0.974
HIST1H1D	0.42945	0.04546	0.13636	2.08245	0.66344
HIST1H1E	0.41343	0.11919	0.23479	2.23507	0.435
HIST1H2AC	0.00971	0.0106	0.00619	0.03357	0.12056
HIST1H2AG	0.06773	0.0095	0.00223	0.40232	0.06576
HIST1H2AI	0.00051	0.00039	0	0.12142	0
HIST1H2BC	0.03621	0.00622	0.01348	0.30983	0.08521
HIST1H2BD	0.01775	0.08	0.02057	0.20334	0.2422
HIST1H2BJ	0.02838	0.00107	0	0.0729	0.04889
HIST1H2BK	0.17392	0.15899	0.13467	0.19461	0.4691
HIST1H2BN	0.03793	0.00549	0.00042	0.08129	0.03887
HIST1H3D	0.03828	0.00332	0.00097	0.08886	0.09124
HIST2H4B	0	0.00062	0.01673	0.02221	0.01647
HIST1H4C	0.93501	0.45009	0.35123	4.1148	1.37993
HIST1H4J	0.01361	0.00578	0	0.02226	0.00644
HIST2H2AB	0.01192	0.00031	0.00207	0.04754	0
HIST2H2AC	0.11915	0.03392	0.09382	0.93999	0.11522
HIST2H2BE	0.02841	0.02597	0.0376	0.06683	0.15737
HIST2H2BF	0.01366	0.00197	0.00898	0.06243	0.00235
HIST4H4	0.00624	0	0.00047	0.01505	0.0299
HIVEP1	0.11346	0.16192	0.19866	0.20071	0.30315
HIVEP2	0.23364	0.08792	0.10206	0.1571	0.09783
HIVEP3	0.07991	0.02048	0.07581	0.08238	0.02801
HJURP	0.00655	0.03341	0.02181	0.73133	0.01314
HK1	0.23052	0.02478	0.2085	0.39775	0.20448
HK2	0.0112	0.02193	0.07836	0.0152	0.00239
HK3	0	0.00343	0.08083	0.00105	0
HKDC1	0.04081	0.21524	0.0899	0.01311	0.01804
HKR1	0.06211	0.10998	0.06131	0.11361	0.08319
HLA-A	3.01951	1.90317	2.06082	2.94153	2.39196
HLA-B	3.11918	1.56861	2.43625	3.07418	3.12942
HLA-C	2.40995	1.40209	1.306	2.46689	2.54724
HLA-DMA	0.27036	0.13536	0.80883	0.58406	0.38603
HLA-DMB	0.08227	0.03566	0.8474	0.3133	0.16054
HLA-DOA	0.07477	0.06048	0.28937	0.10791	0.10263
HLA-DOB	0.0166	0.01115	0.00549	0.01017	0.10077
HLA-DPA1	0.28832	0.05212	0.88154	0.68334	0.37107
HLA-DPB1	0.68981	0.13112	1.32735	1.22464	0.58057
HLA-DPB2	0.00152	0.00021	0.01403	0.00235	0
HLA-DQA1	0.10882	0.01851	0.33154	0.37729	0.2133
HLA-DQA2	0.04522	0.00371	0.11047	0.09497	0.05341
HLA-DQB1	0.26375	0.10441	1.05428	0.73871	0.55401
HLA-DQB1-AS1	0.00042	0.00094	0.00458	0	0.00196
HLA-DQB2	0.0051	0.00077	0.02362	0.00335	0.0158
HLA-DRA	0.63788	0.32639	2.93322	1.65465	0.8584
HLA-DRB1	0.36234	0.09663	1.45503	0.72078	0.34293
HLA-DRB5	0.28744	0.04602	0.18565	0.89693	0.41702
HLA-DRB6	0.03746	0.00793	0.11896	0.10038	0.09079
HLA-E	3.07291	1.17282	2.08649	2.77641	2.67914
HLA-F	0.74763	0.15423	0.23793	0.64401	0.40377
HLA-F-AS1	0.01388	0.0347	0.0026	0.00105	0
HLA-G	0.01118	0.00137	7e-04	0.00156	0.00465
HLA-H	0.90317	0.47155	0.54017	0.90917	0.57666
HLA-J	0.17122	0.07763	0.10604	0.15599	0.15914
HLA-L	0.05831	0.01735	0.00928	0.01988	0.02997
HLCS	0.04861	0.06902	0.0453	0.03388	0.02807
HLF	0.08593	0.28782	0.05587	0.04381	0.02025
HLTF	0.1736	0.33132	0.19116	0.42093	0.09434
HLX	0.00658	0.03052	0.07362	0.00025	0
HM13	0.30353	0.41959	0.42389	0.43407	0.80903
HM13-AS1	0	0.00145	0.00023	0	0.00107
HMBOX1	0.13789	0.07856	0.15387	0.25765	0.09684
HMBS	0.05647	0.10807	0.08865	0.06275	0.08426
HMCES	0.05289	0.04739	0.02088	0.13646	0.12189
HMCN1	0.00669	0.01742	0.00983	0	0
HMCN2	0	0.0046	0	0	0
HMG20A	0.08872	0.08342	0.0413	0.02091	0.09124
HMG20B	0.07871	0.11175	0.1136	0.08075	0.12582
HMGA1	0.16707	0.22731	0.2158	0.71036	0.2449
HMGA2	0.00306	0.0044	0.00303	0.00804	0.00036
HMGB1	1.86177	1.52278	1.71021	3.89057	2.08704
HMGB2	0.46309	0.17229	0.28232	2.88329	0.34029
HMGB3	0.04291	0.1815	0.09533	0.49467	0.25677
HMGB3P1	0.09231	0.08714	0.08467	0.04127	0.10579
HMGCL	0.16505	0.45066	0.33189	0.06635	0.10232
HMGCR	0.05363	0.18235	0.06581	0.08556	0.025
HMGCS1	0.28771	1.18581	0.48891	0.16629	0.10081
HMGCS2	0.10657	0.73165	0.29308	0.02636	0.01083
HMGN1	0.85887	0.47629	0.59324	1.48505	0.68542
HMGN2	1.06313	0.91006	0.91627	3.2155	0.61176
HMGN2P46	0.0046	0.00187	0.00048	0.00259	0
HMGN3	0.39345	0.44733	0.33022	0.62771	0.50955
HMGN3-AS1	0.01575	0.00665	0.00345	0	0.01076
HMGN4	0.18019	0.07909	0.07481	0.09998	0.09963
HMGN5	0.04489	0.05899	0.1362	0.13963	0.06242
HMGXB3	0.10461	0.1235	0.11045	0.10194	0.03838
HMGXB4	0.17559	0.20697	0.19149	0.43607	0.13616
HMMR	0.01339	0.05257	0.01868	0.91909	0.05675
HMOX1	0.00995	0.03406	0.291	0.01179	0.00637
HMOX2	0.3903	0.07912	0.08845	0.39927	0.16039
JPT1	0.22134	0.11345	0.20189	0.9592	0.22735
JPT2	0.03312	0.14665	0.03382	0.18777	0.05994
HNF1A	0.03319	0.14142	0.03155	0.00357	0.0072
HNF1A-AS1	0.23865	0.53385	0.25209	0.16552	0.23747
HNF4A	0.0872	0.48135	0.07006	0.02471	0.0322
HNF4A-AS1	0	0.01076	0	0.00325	0.00142
HNF4G	0.01661	0.04579	0.03749	0.00099	0.00032
HNMT	0.07793	0.41005	0.39329	0.0559	0.02147
HNRNPA0	0.13213	0.08648	0.10329	0.1523	0.06384
HNRNPA1	0.57954	0.37144	0.45445	0.7128	0.38313
HNRNPA1L2	0.10501	0.01909	0.01486	0.06263	0.0287
HNRNPA2B1	1.35469	1.05122	1.20826	2.31843	1.22583
HNRNPA3	0.87662	0.67772	0.61057	1.6923	0.75306
HNRNPA3P1	0.00511	0.00149	5e-04	0.00517	0.00336
HNRNPAB	0.2107	0.21428	0.23727	0.72554	0.16153
HNRNPC	0.80723	0.6992	0.63958	1.45458	0.62149
HNRNPD	0.57313	0.29947	0.47147	1.17899	0.63205
HNRNPDL	1.01615	0.55757	0.70043	1.35424	0.86983
HNRNPF	0.34545	0.32169	0.31475	0.7525	0.24475
HNRNPH1	0.8445	0.73417	0.63913	1.01933	0.90854
HNRNPH2	0.01252	0.00827	0.00797	0.01155	0.00167
HNRNPH3	0.24026	0.237	0.25852	0.4236	0.23746
HNRNPK	0.98003	0.72304	0.82598	1.34766	0.79268
HNRNPL	0.21129	0.21278	0.17168	0.27034	0.1996
HNRNPLL	0.19267	0.05612	0.05424	0.2696	0.05818
HNRNPM	0.67588	0.48673	0.59302	1.37487	0.56846
HNRNPR	0.64172	0.45106	0.4313	1.238	0.44055
HNRNPU	0.86296	0.99802	1.1525	1.65211	0.8022
HNRNPUL1	0.40798	0.40186	0.40024	0.83953	0.40191
HNRNPUL2	0.16978	0.18692	0.13167	0.40112	0.16669
HOGA1	0.00145	0.03202	0.02196	0	0.00571
HOMER1	0.02679	0.09613	0.05956	0.04553	0
HOMER2	0.0179	0.04626	0.01669	0.00225	0.0216
HOMER3	0.00587	0.02069	0.09338	0.0027	0.01351
HOMEZ	0.03861	0.02916	0.03002	0.01314	0.01682
HOOK1	0.07089	0.23626	0.06631	0.02037	0.07028
HOOK2	0.00915	0.05881	0.03898	0.01203	0.01456
HOOK3	0.56882	0.67951	0.80831	0.68949	0.74887
HOPX	0.19718	0.0046	0.0144	0.0585	0.02461
HORMAD1	0	0.00187	0.00462	0	0
HORMAD2	0.00029	0.00148	0.00891	0	0
HOTAIRM1	0.02978	0.0031	0.03603	0.01585	0.0243
HOTTIP	0.00238	0.00491	0.00192	0	0
HOXA-AS2	0	0.00283	0	0	0
HOXA10	0.00739	0.03002	0.01745	0.01894	0.0036
HOXA13	0.00072	0.01648	0.01088	0	0
HOXA3	0	0.00701	0.00301	0	0
HOXA4	5e-04	0.00806	0	0	0
HOXA5	0	0.00727	0.01066	0	0.00681
HOXB-AS1	0.01533	0.00018	0.02003	0	0
HOXB2	0.00463	5e-04	0.00896	0.00093	0.00725
HOXB4	0.01415	0.00138	0	0	0.04328
HOXB7	0.02496	0.00509	0.0331	0.05292	0.09617
HOXC4	0.00101	0	0.01378	0.01371	0.00958
HOXC8	0	0.00258	0.00061	0	0
HOXC9	0	0.00196	0.00123	0	0
HOXD9	0	0.00262	0	0	0
HP	0.41789	1.88106	0.87577	0.22533	0.14203
HP1BP3	0.98382	0.68451	0.51968	1.80341	0.90068
HPCAL1	0.11703	0.19263	0.21577	0.11229	0.18554
HPD	0.11334	0.53073	0.09291	0.03702	0.09937
HPGD	0.00851	0.07103	0.00454	0.03551	0.01515
HPGDS	0	0.00054	0.0372	0	0
HPN	0.10433	0.63937	0.20719	0.02973	0.02717
HPN-AS1	0.0035	0.00387	0.00747	0	0.00253
HPR	0.04304	0.4685	0.06928	0.00839	0.00286
HPRT1	0.07111	0.07495	0.06853	0.24864	0.01981
HPS1	0.14549	0.17818	0.23503	0.19345	0.13367
HPS3	0.10516	0.1072	0.11576	0.14894	0.06119
HPS4	0.10409	0.17027	0.12791	0.19459	0.09211
HPS5	0.10721	0.13874	0.20742	0.20559	0.09694
HPS6	0.04888	0.03264	0.03336	0.02248	0.03829
HPSE	0.14116	0.21694	0.19261	0.09944	0.12123
HPX	0.27267	1.20159	0.37419	0.0547	0.10261
HR	3e-04	0.00453	0.0056	0	0
HRAS	0.02951	0.06024	0.03721	0.07933	0.01634
HRASLS2	0.00037	0.01166	0.00042	0.01893	0.00796
HRCT1	0.01132	0.0357	0.01423	0.00073	9e-04
HRG	0.26677	1.48122	0.71492	0.04416	0.00411
HRH1	0.01907	0.01802	0.13476	0.00844	0.01165
HRH2	0.0219	0.00369	0.04793	0.01855	0.00167
HRH4	0.09782	0.12301	0.12489	0.04961	0.14483
HS1BP3	0.0396	0.07301	0.10603	0.00757	0.0365
HS1BP3-IT1	0.00099	0.00738	0.00117	0	0.00376
HS2ST1	0.04618	0.1528	0.08733	0.13878	0.10008
HS3ST2	0.00391	0.00048	0.02317	0.00166	0
HS3ST3B1	0.02246	0.08074	0.00719	0.05048	0.02679
HS3ST4	0	0.00572	0	0	0
HS6ST1	0.01441	0.17379	0.06031	0.00858	0.01281
HSBP1	0.27152	0.41448	0.39033	0.46948	0.33579
HSBP1L1	0.01389	0.07427	0.05776	0.00383	0.02081
HSCB	0.09214	0.07143	0.10671	0.14303	0.08721
HSD11B1	0.03408	0.29935	0.07036	0.02908	0.0083
HSD11B1L	0.00457	0.02739	0.03797	0.00385	0.01068
HSD11B2	0.00116	0.01835	0.01534	0	0
HSD17B1	0.00212	0.01039	0.00225	0.02025	0.00109
HSD17B10	0.16201	0.26665	0.16853	0.57581	0.30074
HSD17B11	0.18341	0.4328	0.2709	0.1376	0.15107
HSD17B12	0.0611	0.20026	0.16811	0.13073	0.11081
HSD17B13	0.01138	0.0721	0.00856	0.0093	0.00014
HSD17B14	0.03036	0.2552	0.10466	0.0011	0
HSD17B2	0.01746	0.2222	0.02356	0.00037	0.00692
HSD17B3	0.00889	0.06917	0.01437	0.00102	0.00174
HSD17B4	0.1191	0.42403	0.28605	0.08653	0.13168
HSD17B6	0.10107	0.64868	0.21814	0.00407	0.01239
HSD17B7	0.12051	0.15567	0.17532	0.0916	0.13531
HSD17B7P2	0.01602	0.02972	0.02994	0.05313	0.01279
HSD17B8	0.1093	0.13223	0.02998	0.17559	0.19712
HSD3B7	0.03741	0.1665	0.10852	0.00265	0.02754
HSD3BP4	0.12936	0.17433	0.16498	0.06822	0.16663
HSDL1	0.04497	0.08493	0.09017	0.02309	0.04983
HSDL2	0.12637	0.36694	0.22442	0.11805	0.07093
HSF1	0.14857	0.2186	0.16388	0.15644	0.13816
HSF2	0.04947	0.07831	0.0543	0.09804	0.03961
HSF2BP	0.00232	0.00717	0.00104	0	0
HSF4	0.04525	0.07721	0.06415	0.00163	0.01922
HSH2D	0.20014	0.13894	0.11685	0.33034	0.75948
HSP90AA1	2.95334	2.36827	3.91883	3.67769	3.27689
HSP90AB1	1.78866	1.99889	2.76278	2.02095	1.79452
HSP90B1	1.53884	2.39736	1.91401	2.06134	3.47368
HSP90B2P	0.01968	0.04823	0.04597	0.00855	0.02912
HSPA12A	0.01542	0.01516	0.00718	0.0123	0
HSPA12B	0	0.00464	0	0	0.00048
HSPA13	0.05857	0.08614	0.05635	0.13442	0.29342
HSPA14	0.21302	0.15031	0.1046	0.44065	0.12087
HSPA1A	0.73541	0.54174	1.20627	0.32344	0.71557
HSPA1B	0.51005	0.27538	0.95893	0.22967	0.70755
HSPA1L	0.02759	0.01603	0.01505	0.01498	0.03824
HSPA2	0.00737	0.01969	0.00239	0.00395	0
HSPA4	0.27626	0.37874	0.35556	0.42541	0.20042
HSPA4L	0.01519	0.05345	0.03856	0.00142	0.00069
HSPA5	0.94261	1.32871	1.22073	1.6517	1.85497
HSPA6	0.08256	0.01878	0.23473	0.01373	0.05965
HSPA7	0.03212	0.0064	0.26097	0.02378	0.03422
HSPA8	1.57339	1.0557	1.30679	2.0013	1.29505
HSPA9	0.58069	1.01382	0.69158	0.95023	0.39369
HSPB1	0.33139	0.66073	0.74943	0.24545	0.19947
HSPB11	0.13838	0.11101	0.06374	0.24202	0.15031
HSPB6	0.00354	0.03113	0.00212	0	0
HSPB8	0.00506	0.01165	0.00873	0	0.00831
HSPB9	0	0.01231	0.00124	0	0
HSPBAP1	0.02278	0.03003	0.0901	0.05738	0.04585
HSPBP1	0.03438	0.0738	0.05415	0.05256	0.05462
HSPD1	0.7411	1.20821	1.42332	1.28477	0.54828
HSPE1	0.41076	0.7063	0.4617	0.49738	0.19434
HSPG2	0.03422	0.08393	0.05647	0.00337	0.0248
HSPH1	0.7157	0.4118	1.34167	0.79295	0.65554
HTATIP2	0.15863	0.36025	0.20838	0.06471	0.03983
HTATSF1	0.29369	0.31298	0.28397	0.54415	0.15584
HTATSF1P2	0.23597	0.27748	0.34059	0.18604	0.23349
HTR1D	0.00308	0.01178	0.02006	0.00163	0
HTR2A	0.0015	0.00641	0.00977	0.00047	0.00407
HTR2B	0.00094	0.00226	0.01855	0	0.00084
HTR3A	0	0.00222	0	0.008	0
HTR3B	0.06188	0.04815	0.0831	0.03324	0.05819
HTR3E-AS1	0	0.00392	0	0	0
HTR4	0.00076	0.00936	0	0.00213	0
HTR5A-AS1	0	0.00135	0	0	0.00041
HTR7	0.00327	0.00039	0.02923	0.00076	0.00078
HTR7P1	0.00214	0.01053	0.00289	0.00291	0.00234
HTRA1	0.06667	0.47273	0.13391	0.00132	0.00718
HTRA2	0.03472	0.05712	0.02442	0.10387	0.04948
HTRA4	0.02213	0.0138	0.00667	0.01832	0.01772
HTT	0.10856	0.19506	0.13726	0.10196	0.06559
HUNK	0.03893	0.04768	0.04292	0.03757	0.03393
HUS1	0.08153	0.07998	0.09579	0.10436	0.0635
HUWE1	0.7225	0.64733	0.41845	0.83616	0.5225
HVCN1	0.01758	0.00045	0.05791	0.01711	0.05271
HYAL1	0.07454	0.29179	0.0697	0.04144	0.00652
HYAL2	0.00901	0.0503	0.01911	0.01184	0.01194
HYAL3	0.03329	0.0471	0.00946	0.01444	0.00708
HYAL4	0	0.00052	0.00151	0	0
HYDIN	0.00772	0.00444	0.00183	0	0
HYI	0.07014	0.25503	0.09473	0.1007	0.17989
HYKK	0.01428	0.03719	0.00493	0.00735	0.00512
HYLS1	0.07145	0.1201	0.08214	0.08476	0.06455
HYOU1	0.22322	0.56275	0.30465	0.21041	0.3365
IAH1	0.05521	0.04556	0.06928	0.09891	0.0231
IAPP	0.18391	0.1951	0.18161	0.1025	0.16024
IARS	0.16795	0.18017	0.07709	0.30979	0.17806
IARS2	0.26425	0.51646	0.23035	0.19926	0.15783
IBA57	0.5391	0.58701	0.67151	0.45132	0.7203
IBTK	0.32173	0.5897	0.38183	0.32835	0.32333
ICA1	0.08639	0.07933	0.0517	0.10296	0.02017
ICA1L	0.36022	0.40548	0.40627	0.23785	0.37325
ICAM1	0.15421	0.33952	0.48668	0.15879	0.19459
ICAM2	0.1116	0.02017	0.05654	0.31896	0.81639
ICAM3	0.50026	0.08919	0.05727	0.67979	0.74662
ICAM4	0.03065	0.02744	0.06709	0.0268	0.06719
ICAM5	0.00814	0.00197	0.01246	0.00017	0
ICK	0.08269	0.14769	0.08533	0.15589	0.06461
ICMT	0.07664	0.13129	0.0776	0.0914	0.09629
ICOS	0.15115	0.00199	0.0017	0.18025	0.02929
ICOSLG	0.02559	0.04528	0.11796	0.03545	0.04548
ID1	0.01155	0.02843	0.02007	0.00557	0.01907
ID2	1.1869	0.38244	0.67857	0.93225	0.3821
ID3	0.09679	0.0163	0.04625	0.05902	0.01371
ID4	0	0.00505	0	0	0.00271
IDE	0.18621	0.24945	0.16555	0.18397	0.27738
IDH1	0.1378	0.78171	0.44656	0.1003	0.03712
IDH1-AS1	0.008	0.00801	0.00141	0.00366	0.00417
IDH2	0.2721	0.29632	0.17331	0.81773	0.45611
IDH3A	0.06252	0.07979	0.09736	0.09016	0.09182
IDH3B	0.11511	0.24153	0.13718	0.21102	0.12851
IDH3G	0.27255	0.20644	0.18906	0.37097	0.24033
IDI1	0.28036	0.59866	0.33867	0.24292	0.15751
IDI2-AS1	0.00236	0.00087	0	0	0
IDNK	0.07509	0.11638	0.05679	0.03244	0.03027
IDO1	0.19734	0.25195	0.24024	0.2153	0.22226
IDO2	0	0.00159	0.0016	0.00507	0
IDS	0.68896	0.47808	0.60554	0.3677	0.55339
IDUA	0.02155	0.06298	0.01428	0.00112	0.0228
IER2	0.67696	0.13334	0.85171	0.79857	1.02478
IER3	0.03653	0.11391	0.93654	0.03584	0.08165
IER3IP1	0.13056	0.25984	0.19944	0.30007	0.22422
IER5	0.20102	0.07072	0.66986	0.19717	0.11136
IER5L	0.00477	0.01442	0.03572	0.00534	0.00469
IFFO1	0.10376	0.08501	0.17607	0.09067	0.12522
IFFO2	0.03509	0.07025	0.05026	0.01968	0.03266
IFI16	0.99092	0.06778	0.58487	1.53401	0.7542
IFI27	0.04986	0.09555	0.14801	0.02149	0.026
IFI27L1	0.03006	0.0461	0.03601	0.33167	0.06056
IFI27L2	0.5051	0.17115	0.22338	0.91854	0.63945
IFI30	0.21689	0.49483	1.22844	0.39957	0.639
IFI35	0.10784	0.08618	0.08722	0.28072	0.32512
IFI44	0.07121	0.02874	0.12467	0.02686	0.01532
IFI44L	0.09353	0.01974	0.20984	0.04354	0.05523
IFI6	0.32943	0.27264	0.30296	0.37108	0.6761
IFIH1	0.18004	0.11033	0.15028	0.23176	0.23111
IFIT1	0.02908	0.08688	0.13815	0.00045	0.01921
IFIT2	0.08816	0.05786	0.148	0.01437	0.02102
IFIT3	0.6852	0.74895	0.71274	0.52128	0.69945
IFIT5	0.02641	0.05388	0.0244	0.02173	0.04622
IFITM1	1.76566	0.09561	0.07682	1.37309	1.02968
IFITM10	0.01501	0.14429	0.05822	0	0.00996
IFITM2	1.04908	0.54478	0.47023	0.45021	0.31988
IFITM3	0.70394	2.35312	1.50415	0.29248	0.18201
IFNAR1	0.26356	0.32674	0.50759	0.35435	0.7123
IFNAR2	0.27961	0.10718	0.22839	0.62093	0.70414
IFNG	0.35628	0.00642	0.00149	0.48809	0.15722
IFNG-AS1	0.02895	0.0042	0.00059	0.05352	0.2988
IFNGR1	0.09633	0.11874	0.28941	0.11358	0.04802
IFNGR2	0.01395	0.10371	0.21924	0.06524	0.05129
IFNLR1	0.02513	0.02406	0.01788	0.03866	0.10259
IFRD1	0.188	0.14043	0.36943	0.17432	0.24365
IFRD2	0.0655	0.15026	0.04467	0.0891	0.05809
IFT122	0.01447	0.05438	0.08773	0.12792	0.02678
IFT140	0.00181	0.01514	0.00947	0.0058	0.01662
IFT172	0.04046	0.08648	0.0416	0.00978	0.00762
IFT20	0.1068	0.16872	0.16727	0.14944	0.2399
IFT27	0.03209	0.0595	0.0423	0.08228	0.05817
IFT43	0.029	0.07346	0.01032	0.04597	0.00488
IFT46	0.0327	0.01984	0.01804	0.03246	0.03536
IFT52	0.02272	0.05209	0.02165	0.02017	0.03021
IFT57	0.04636	0.04604	0.02924	0.154	0.13979
IFT74	0.08608	0.08363	0.11733	0.07235	0.07689
IFT80	0.06134	0.0872	0.06102	0.14582	0.027
IFT81	0.01852	0.11768	0.02794	0.00176	0
IFT88	0.06648	0.14811	0.04516	0.12124	0.07512
IGBP1	0.17456	0.09168	0.11397	0.33471	0.25318
IGDCC3	0	0.00313	0.00257	0	0
IGF1	0.04459	0.20551	0.56846	0.06459	0.24233
IGF1R	0.00314	0.01718	0.00872	0	0
IGF2BP1	0.02244	0.09653	0.02065	0.00083	0.00038
IGF2BP2	0.05514	0.35241	0.15449	0.05861	0.00072
IGF2BP3	0.03964	0.20473	0.04947	0.05426	0.16023
IGF2R	0.36071	0.55252	0.41391	0.26962	0.19531
IGFALS	0	0.01388	0.00156	0	0
IGFBP1	0.11378	0.82071	0.24389	0.00564	0.01027
IGFBP2	0.0461	0.21422	0.05579	0.00618	0.00404
IGFBP3	0.02472	0.12125	0.02557	0.02049	0
IGFBP4	0.15141	0.67237	0.225	0.02736	0.00536
IGFBP5	0.01656	0.02727	0.02121	0.00271	0
IGFBP6	0.00766	0.00649	0.00388	0.01218	0
IGFBP7	0.00329	0.02172	0.00168	0.04589	0
IGFBPL1	0	0.00202	0.00879	0.00099	0
IGFL2	0.0141	0.00235	0	0	0
IGFLR1	0.44567	0.08744	0.40137	0.25694	0.54136
IGHMBP2	0.16373	0.10525	0.06411	0.08519	0.08519
IGIP	0.03272	0.05691	0.04185	0.03378	0.01471
IGLL1	0.00603	0.00149	0	0.03242	0.1796
IGLL3P	0.00982	0.00596	0.00267	0.01631	0.12096
IGLL5	0.77341	0.34998	0.15714	1.03513	3.38996
IGLON5	0.0019	0.00029	0	0	0.00016
IGSF1	0	0.00307	0	0	0
IGSF10	0	0.0043	0.00968	0.00065	0.00292
IGSF11	0	0.00033	0	0.00174	0
IGSF21	0.00059	0.002	0.07619	0	0
IGSF22	0.00397	0.00215	0.00051	0	0.00044
IGSF23	0	0.00733	0.00458	0	0
IGSF3	0.00573	0.05455	0.01928	0	0.00109
IGSF6	0.01214	0.01354	0.66761	0.03733	0.01405
IGSF8	0.0365	0.15112	0.04872	0.02589	0.03757
IGSF9	0.01156	0.03469	0.01492	0	0
IHH	0.00357	0.00615	0.00149	0	0.00054
IK	0.77183	0.64206	0.71165	1.12635	0.59871
IKBIP	0.17001	0.13068	0.17302	0.22113	0.20312
ELP1	0.07675	0.10637	0.11235	0.05485	0.08094
IKBKB	0.08375	0.07795	0.10161	0.07568	0.12582
IKBKE	0.12329	0.01534	0.05978	0.05831	0.0551
IKBKG	0.07763	0.09607	0.08322	0.08085	0.03275
IKZF1	0.82896	0.02997	0.1567	0.93346	0.53264
IKZF2	0.24084	0.0269	0.00098	0.16486	0.02517
IKZF3	1.71248	0.52593	0.62883	1.62541	1.33334
IKZF4	0.08093	0.02616	0.01291	0.04649	0.02619
IKZF5	0.07612	0.08731	0.0353	0.05387	0.05019
IL10	0.12164	0.08246	0.12732	0.05326	0.06818
IL10RA	0.37733	0.01719	0.50949	0.33891	0.27183
IL10RB	0.31025	0.26894	0.49205	0.34629	0.34228
IL10RB-DT	0	0.00169	0.02703	0.02065	0.01235
IL11	0.00505	0.00492	0.002	0.01495	0.00611
IL11RA	0.08754	0.20995	0.0565	0.0573	0.01319
IL12A	0.00555	0.00056	0	0.00922	0.01431
IL12A-AS1	0.00111	0.00077	0	0	0
IL12B	0.00575	0.00126	0.00114	0.00126	0.01814
IL12RB1	0.17292	0.01753	0.02812	0.27338	0.07116
IL12RB2	0.038	0.0047	0.00277	0.02929	0.01761
IL13RA1	0.08622	0.31083	0.3283	0.05849	0.05452
IL13RA2	0	0.00094	0.00193	0.02715	0
IL15	0.01209	0.01862	0.01248	0.06116	0.03549
IL15RA	0.00145	0.03009	0.01023	0.02837	0.03093
IL16	0.38441	0.03026	0.11695	0.57239	0.44115
IL17D	0	0.00371	0.00013	0	0
IL17RA	0.31723	0.30434	0.44978	0.29689	0.30235
IL17RB	0.03664	0.18263	0.10165	0.00471	0.00202
IL17RC	0.00364	0.01224	0.0038	0	0
IL17RD	0.11625	0.12963	0.10837	0.10504	0.13365
IL17RE	0	0.00196	0	0	0
IL18	0.05965	0.03389	0.2093	0.03065	0.05148
IL18BP	0.02996	0.03034	0.26257	0.07497	0.0551
IL18R1	0.17614	0.01108	0.0232	0.05976	0.00859
IL18RAP	0.08004	0.00208	0	0.03702	0.00965
IL1B	0.00457	0.0113	0.38496	0.05076	0.01135
IL1R1	0.06813	0.24835	0.06354	0.05527	0.02837
IL1R2	0.04305	0.01973	0.11058	0.02632	0.0036
IL1RAP	0.02368	0.07948	0.05812	0	0.0049
IL1RAPL2	0	0.0028	0.01298	0	0
IL1RL1	0.00731	0.00293	0	0	0.00189
IL1RN	0.00386	0.08717	0.12195	0.00025	0.01826
IL20RA	0	0.00542	0.00023	0	0
IL20RB	0.00088	0.01165	0.01141	0.00089	0
IL21-AS1	0.00427	0.00311	0	0.02424	0.00084
IL21R	0.12221	0.02084	0.02639	0.30133	0.16061
IL21R-AS1	0.00059	0.00093	0.00194	0	0.00349
IL22RA1	8e-04	0.03178	0.0129	0	0
IL23A	0.01371	0.0025	0	0.00958	0
IL23R	0.08918	0.06516	0.05877	0.03306	0.03988
IL27	0.00361	0.01094	0.00973	0	0
IL27RA	0.24307	0.02017	0.06978	0.17777	0.11295
IL2RA	0.11893	0.00745	0.03621	0.03653	0.01589
IL2RB	0.41676	0.01099	0.01041	0.29752	0.0775
IL2RG	1.69471	0.07606	0.15926	1.57	0.78943
IL31RA	0.00319	0.00571	0.00631	0.00156	0.00122
IL32	2.33374	0.39432	0.23915	1.74083	0.5136
IL33	0	0.00526	0.00197	0	0
IL34	0	0.00396	0.00126	0.00042	0
IL4I1	0.01773	0.00543	0.24707	0.00069	0.0017
IL4R	0.15679	0.12588	0.17729	0.16312	0.04758
IL6R	0.40074	0.90449	0.58569	0.32256	0.47833
IL6ST	0.79655	0.50669	0.44729	0.65105	0.85493
IL7	0.00524	0.00792	0.00076	0	0.00459
IL7R	0.69859	0.02471	0.06798	0.32259	0.14902
ILDR1	0.00999	0.00832	0.00373	0.00642	0.02623
ILDR2	0.00093	0.0102	0.01559	0.00738	0
ILF2	0.29704	0.30697	0.19982	0.67911	0.33776
ILF3	0.58227	0.48679	0.35188	1.23755	0.43739
ILF3-DT	0.54871	0.36612	0.45018	0.77701	0.6075
ILK	0.09941	0.12195	0.12172	0.16764	0.06327
ILKAP	0.09382	0.14709	0.0873	0.19848	0.05396
ILVBL	0.0645	0.1738	0.05084	0.07707	0.0968
IMMP1L	0.04166	0.07321	0.01494	0.1102	0.06565
IMMP2L	0.03435	0.07377	0.03374	0.03382	0.00377
IMMT	0.28833	0.43426	0.43053	0.76757	0.27996
IMP3	0.22573	0.29198	0.21639	0.40027	0.22162
IMP4	0.19978	0.3013	0.25685	0.59853	0.30766
IMPA1	0.15084	0.22467	0.14797	0.15474	0.1026
IMPA2	0.01617	0.17365	0.06236	0.02912	0.01635
IMPACT	0.10525	0.06347	0.06461	0.08512	0.07489
IMPAD1	0.15799	0.33754	0.14904	0.14642	0.1685
IMPDH1	0.04337	0.03719	0.0908	0.07686	0.10869
IMPDH2	0.07999	0.22058	0.09579	0.38355	0.07804
IMPG2	0.01679	0.0027	0.00069	0.02003	0.00933
INCA1	0.00972	0.01542	0.0012	0.00025	0.00033
INCENP	0.02386	0.03477	0.05142	0.11566	0.03388
INE1	0.05319	0.05866	0.09833	0.05089	0.06919
INF2	0.07313	0.13528	0.19894	0.09526	0.05902
ING1	0.09429	0.04957	0.03587	0.11747	0.08397
ING2	0.10278	0.09676	0.17263	0.20348	0.11232
ING3	0.13409	0.05508	0.08304	0.31934	0.18953
ING4	0.0414	0.07613	0.03497	0.1143	0.0769
ING5	0.11684	0.22318	0.09453	0.1263	0.16524
INGX	0.1198	0.17367	0.13689	0.07554	0.13596
INHBA	0.01392	0.07592	0.02117	0.00612	0.00317
INHBA-AS1	0.04535	0.05319	0.04436	0.03707	0.0517
INHBB	0.00864	0.18566	0.02437	0.00108	0
INHBC	0.01051	0.06316	0.00876	0	0.00171
INHBE	0.0171	0.34298	0.06374	0.00164	0.00283
INIP	0.27613	0.25048	0.32251	0.44874	0.31204
INMT	0.03052	0.01128	0.0105	0.00292	0.022
INO80	0.14976	0.13604	0.1879	0.22635	0.09326
INO80B	0.01289	0.01462	0.01356	0.01386	0.0247
INO80C	0.02388	0.02211	0.01331	0.0625	0.05045
INO80D	0.28728	0.25273	0.14651	0.3887	0.19522
INO80E	0.17375	0.09877	0.1259	0.16716	0.14385
INPP1	0.10529	0.06125	0.0474	0.08261	0.04281
INPP4A	0.17406	0.04975	0.13911	0.17757	0.11524
INPP4B	0.65074	0.14046	0.14647	0.60974	0.31511
INPP5A	0.07684	0.13379	0.09188	0.07271	0.03332
INPP5B	0.06509	0.03801	0.06773	0.12744	0.06521
INPP5D	0.48616	0.02747	0.28316	0.71632	0.31924
INPP5E	0.01663	0.02153	0.0178	0.00287	0.00791
INPP5F	0.09366	0.03286	0.01023	0.09167	0.06686
INPP5J	0.00042	0.00641	0.00427	0	0
INPP5K	0.09316	0.03943	0.04297	0.15845	0.09753
INPPL1	0.10397	0.10653	0.14223	0.07203	0.05112
INSC	0.00089	0.00256	0	0	0
INSIG1	0.22435	0.60849	0.45419	0.19838	0.0962
INSIG2	0.0565	0.15723	0.07971	0.03613	0.08092
INSL3	0.02573	0.00137	0	0.02763	0.01434
INSR	0.08647	0.67445	0.16351	0.01749	0.21966
INTS1	0.1563	0.31509	0.19086	0.24535	0.19916
INTS10	0.09793	0.06325	0.06072	0.12404	0.13983
INTS12	0.07512	0.03577	0.01988	0.07959	0.07095
INTS2	0.05391	0.06011	0.04467	0.0783	0.06696
INTS3	0.11179	0.3088	0.20326	0.12491	0.1111
INTS4	0.06353	0.08614	0.04674	0.06356	0.11159
INTS5	0.01965	0.06021	0.01656	0.0594	0.039
INTS6	0.20148	0.16227	0.13277	0.24609	0.12333
INTS6-AS1	0.01159	0.02078	0.01209	0.00792	0.01304
INTS7	0.10605	0.14167	0.12875	0.14803	0.13229
INTS8	0.06594	0.10325	0.10207	0.15519	0.06366
INTS9	0.02125	0.01014	0.0238	0.02298	0.03829
INTU	0.00583	0.05504	0.03335	0	0.00717
INVS	0.09059	0.03498	0.03361	0.06993	0.01762
IP6K1	0.14366	0.18833	0.1511	0.16228	0.12764
IP6K2	0.21227	0.35524	0.18845	0.22196	0.13852
IP6K3	0.00264	0.02152	0.02158	0	0
IPCEF1	0.5466	0.01351	0.03883	0.53377	0.14428
IPMK	0.06424	0.10087	0.09312	0.0445	0.03718
IPO11	0.00459	0.00613	0	0.00809	0
IPO13	0.04626	0.10794	0.10216	0.03006	0.0294
IPO4	0.03978	0.07571	0.03645	0.04991	0.03096
IPO5	0.11084	0.22731	0.12005	0.42112	0.13836
IPO7	0.23269	0.37874	0.22508	0.45757	0.24442
IPO8	0.06411	0.15506	0.12763	0.16357	0.15556
IPO9	0.42061	0.65384	0.43433	0.50138	0.5108
IPP	0.07633	0.15438	0.10064	0.12442	0.09703
IPPK	0.00453	0.01752	0.02139	0.00172	0.01211
IQCB1	0.07634	0.04873	0.02276	0.10381	0.13109
IQCC	0.05548	0.06118	0.06378	0.05721	0.03041
IQCD	0	0.00655	0.01201	0	0
IQCE	0.02361	0.07738	0.05098	0.08846	0.02842
IQCG	0.0542	0.05983	0.04944	0.10755	0.06577
IQCH	0.00266	0.02994	0.00867	0	0.00057
IQCH-AS1	0.02231	0.05151	0.04126	0.02587	0.01472
IQCK	0.00034	0.01992	0.01694	0	0.00085
IQGAP1	1.08787	0.13529	1.06951	1.59884	0.65998
IQGAP2	0.65398	0.85019	0.93799	0.54904	0.47357
IQGAP3	0.01938	0.03489	0.01032	0.23687	0.01845
IQSEC1	0.12655	0.46075	0.31161	0.25392	0.26929
IQSEC2	0.00681	0.0092	0.02501	0	0
IQSEC3	0.01042	0.00173	0	0	0
IQUB	0	0.00242	0.00606	0	0
IRAK1	0.28524	0.42251	0.36366	0.62696	0.5259
IRAK1BP1	0.00332	0.01873	0.00419	0	0.00065
IRAK2	0.02549	0.05602	0.03213	0.01946	0.02739
IRAK3	0.0301	0.00372	0.09337	0	0.01687
IRAK4	0.26679	0.23589	0.2478	0.16189	0.23794
IREB2	0.14267	0.22929	0.22665	0.16199	0.126
IRF1	1.06656	0.4786	1.04691	1.09986	1.21586
IRF2	0.22371	0.0771	0.10955	0.3134	0.31022
IRF2BP1	0	0.004	0.00112	0.02628	0.01408
IRF2BP2	0.24076	0.66281	0.43528	0.23167	0.22462
IRF2BPL	0.159	0.08404	0.13493	0.07542	0.09485
IRF3	0.10621	0.08585	0.0694	0.09703	0.20317
IRF4	0.04463	0.00317	0.00849	0.1209	0.25154
IRF5	0.03367	0.04726	0.11006	0.06237	0.07056
IRF6	0.02492	0.11603	0.05283	0.01467	9e-04
IRF7	0.10576	0.05154	0.10112	0.17881	0.34532
IRF8	0.02586	0.00798	0.10233	0.1075	0.03726
IRF9	0.19862	0.06535	0.15179	0.17612	0.12291
IRGM	0.00197	0.01465	0.00748	0.00442	0.00091
IRGQ	0.21426	0.24333	0.35222	0.15365	0.18585
IRS1	0.02648	0.19345	0.06002	0.00587	0.03809
IRS2	0.07296	0.29382	0.23273	0.0045	0.00137
IRX3	0.00278	0.04309	0.00094	0	0.00459
IRX5	0	0.00233	0.00558	0	0
ISCA1	0.10679	0.09621	0.10551	0.16759	0.10868
ISCA2	0.08509	0.06705	0.03726	0.11462	0.04409
ISCU	0.26588	0.32529	0.18869	0.34046	0.4931
ISG15	0.65057	0.25876	0.38513	0.6411	0.55482
ISG20	0.52219	0.05784	0.03985	0.85609	1.45526
ISG20L2	0.32145	0.31187	0.376	0.45336	0.38356
ISL2	0	0.00407	0	0.00127	0.03467
ISLR2	0	0.00032	0.00729	0.00229	0.00071
ISM1	0	0.00637	0	0	0
ISOC1	0.06515	0.08044	0.05258	0.02428	0.03892
ISOC2	0.01699	0.043	0.02361	0.01573	0.03607
ISPD	0.07742	0.09623	0.08594	0.04732	0.07262
IST1	0.36927	0.33875	0.27215	0.51166	0.39098
ISX	0.0016	0.01436	0.00191	0.02972	0
ISY1	0.25586	0.30111	0.29192	0.26912	0.29324
ISYNA1	0.01011	0.00643	0.00569	0.00864	0.00298
ITCH	0.26811	0.33682	0.19032	0.33964	0.3508
ITFG1	0.08847	0.25716	0.14435	0.18038	0.18638
ITFG2	0.0559	0.01761	0.01269	0.05959	0.05815
ITGA1	0.10975	0.27742	0.05089	0.03128	0.02479
ITGA10	0	0.00358	0.00062	0	0
ITGA11	0.0016	0.00478	0.0021	6e-04	0.00168
ITGA2	0.11128	0.11834	0.07085	0.10398	0.07906
ITGA3	0.00751	0.00795	0.00382	0.0116	0.00807
ITGA4	0.81187	0.04152	0.36641	0.90035	0.74037
ITGA5	0.05159	0.22457	0.13763	0.06305	0.01121
ITGA6	0.11023	0.32454	0.09728	0.16022	0.51043
ITGA7	0.03141	0.05129	0.0093	0.00157	0.01625
ITGA8	0.06645	0.06292	0.03744	0.04749	0.22744
ITGA9	0	0.00283	0.03086	0	0
ITGAD	0.00659	0.00065	0.05471	0.02541	0
ITGAE	0.13014	0.04852	0.02358	0.31639	0.22321
ITGAL	1.09311	0.22758	0.33983	0.85476	0.55368
ITGAM	0.04224	0.01358	0.12896	0	0.00823
ITGAV	0.10004	0.24679	0.23915	0.06635	0.07344
ITGAX	0.07468	0.01652	0.51519	0.02264	0.06991
ITGB1	0.63959	1.04726	0.76872	0.59658	0.48794
ITGB1BP1	0.16084	0.12589	0.08311	0.31121	0.07706
ITGB1BP2	0	0.00739	0.00368	0.00504	0
ITGB2	0.66596	0.03932	0.66667	0.69854	0.28254
ITGB2-AS1	0.22435	0.00462	0.0778	0.09366	0.06658
ITGB3	0	0.01078	0.00474	0	0
ITGB3BP	0.0557	0.06789	0.01827	0.41948	0.08967
ITGB4	0.0077	0.03073	0.01438	0.00201	0.00788
ITGB5	0.06117	0.30283	0.18918	0	0.00093
ITGB7	0.273	0.03024	0.03618	0.39777	0.51375
ITGB8	0.00467	0.00338	0.00218	0.00214	0.01331
ITGBL1	0.00017	0.05276	0.00116	0.00093	0
ITIH1	0.32181	1.42081	0.67963	0.08749	0.07696
ITIH2	0.20373	1.38485	0.38519	0.03851	0.03836
ITIH3	0.29707	1.85414	0.55499	0.18591	0.2174
ITIH4	0.27187	1.06597	0.20511	0.08586	0.18853
ITIH5	0.20441	0.25489	0.31616	0.16187	0.21668
ITIH6	0	0.00382	0.00045	0	0
ITK	0.3513	0.00545	0.00478	0.26387	0.07119
ITLN2	0.00033	0.00562	0	0	0.00549
ITM2A	0.91748	0.02849	0.0268	1.01931	0.3031
ITM2B	0.73685	0.93487	1.18646	0.5183	0.31343
ITM2C	0.05762	0.04591	0.06309	0.13217	0.96247
ITPA	0.15968	0.13067	0.12892	0.20427	0.12157
ITPK1	0.22793	0.26322	0.233	0.28212	0.15469
ITPK1-AS1	0.01158	0.01123	0.00806	0.0157	0.01492
ITPKA	0.02163	0.05562	0.02383	0.00204	0
ITPKB	0.26177	0.01297	0.06677	0.30085	0.11977
ITPKC	0.01493	0.07887	0.05506	0.01997	0.03569
ITPR1	0.19206	0.02966	0.04873	0.11352	0.14279
ITPR1-DT	0	0.00421	0.00124	0.00389	0
ITPR2	0.60938	1.39163	0.94033	0.58881	0.64333
ITPR3	0.07221	0.01954	0.00257	0.09977	0.1281
ITPRIP	0.09003	0.02058	0.07211	0.0616	0.10368
ITPRIPL1	0.01384	0.00065	0	0.00831	0.0364
ITPRIPL2	0.15937	0.21525	0.33283	0.24843	0.26458
ITSN1	0.1214	0.27048	1.03351	0.12446	0.08231
ITSN2	0.56156	0.46153	0.77332	0.80453	0.67429
IVD	0.45873	0.56274	0.44656	0.4656	0.4727
IVNS1ABP	0.35801	0.2774	0.472	0.42286	0.16044
IWS1	0.32142	0.34055	0.34356	0.59259	0.26984
IYD	0.06652	0.09231	0.09798	0.05241	0.06501
JADE1	0.26668	0.13408	0.10225	0.4708	0.21191
JADE2	0.2483	0.1019	0.06607	0.34862	0.09211
JADE3	0.02401	0.29634	0.04874	0.01281	0.01809
JAG1	0.01504	0.03739	0.02114	0.00649	0.00779
JAG2	0.01387	0.011	0.00151	0.00265	0
JAGN1	0.06285	0.18235	0.10798	0.10362	0.14172
JAK1	0.98162	0.46899	0.60241	1.2827	0.68076
JAK2	0.07303	0.0261	0.26375	0.21418	0.14985
JAK3	0.66112	0.04121	0.1007	0.61497	0.30657
JAKMIP1	0.14205	0.00675	0.0024	0.19371	0.04721
JAKMIP2	0.06268	0.01366	0.0055	0.01493	0.02476
JAKMIP3	0.00255	0.01908	0.00413	0	0.01155
JAM2	0.01822	0.0302	0.02939	0.01364	0.02713
JAM3	0.00112	0.003	0	0	0.00163
JARID2	0.27104	0.13906	0.24578	0.37469	0.28679
JAZF1	0.0843	0.05903	0.0246	0.03689	0.03441
JDP2	0.00612	0.02828	0.08765	0.04929	0.03212
KDM7A-DT	0.00943	0.0307	0.0537	0.0026	0.00676
JKAMP	0.06442	0.09194	0.06964	0.04762	0.08969
JMJD1C	0.60381	0.53948	0.77679	0.58191	0.70417
JMJD4	0.05133	0.07476	0.03684	0.15266	0.05081
JMJD6	0.15483	0.15865	0.16855	0.13666	0.17278
JMJD7	0.03965	0.01648	0.02585	0.03955	0.05459
JMJD8	0.09276	0.11504	0.05026	0.26638	0.11776
JMY	0.24131	0.16274	0.06428	0.16872	0.33939
JOSD1	0.17027	0.13559	0.19147	0.213	0.09276
JOSD2	0.01302	0.00809	0.01734	0.00251	0.00543
JPH1	0	0.01244	0.00326	0	0
JPH3	0.00537	0.00493	0	0	0
JPX	0.13532	0.17076	0.16067	0.11471	0.13903
JRK	0.04223	0.06616	0.01452	0.0686	0.02563
JRKL	0.06532	0.07264	0.08403	0.00235	0.0729
JSRP1	0.00997	0.00368	0.00192	0.03935	0.37437
JTB	0.53632	0.64731	0.3589	0.65792	0.9828
JUN	1.61061	0.36531	1.71907	1.77678	2.23637
JUNB	1.318	0.13856	1.07367	0.75252	1.00381
JUND	1.49716	0.84634	1.08539	1.18144	1.45909
JUP	0.00809	0.13035	0.03664	0.0085	0.00711
KALRN	0.04649	0.07403	0.07841	0.02265	0.03878
KANK1	0.0351	0.25755	0.04718	0.02743	0.05201
KANK2	0.03619	0.11986	0.07101	0.00781	0.03893
KANK3	0.01592	0.00212	0	0	0.00511
KANK4	0.17512	0.13907	0.13835	0.1138	0.11453
KANSL1	0.23955	0.15473	0.16721	0.1339	0.25288
KANSL1-AS1	0.01089	0.02418	0.03506	0.03047	0.05044
KANSL1L	0.00788	0.06397	0.02213	0.00144	0.02941
KANSL2	0.12529	0.06746	0.06447	0.12936	0.04967
KANSL3	0.23842	0.23638	0.1214	0.1679	0.10386
KARS	0.25525	0.2533	0.19688	0.47185	0.18772
KAT2A	0.05549	0.17259	0.14418	0.00406	0.03826
KAT2B	0.28097	0.07056	0.06446	0.18337	0.11622
KAT5	0.04639	0.0546	0.06643	0.04938	0.05
KAT6A	0.56587	0.27223	0.28644	0.62215	0.4768
KAT6B	0.36902	0.20193	0.27516	0.56755	0.48816
KAT7	0.19452	0.15411	0.07823	0.30052	0.07566
KAT8	0.07865	0.10797	0.07921	0.14382	0.07105
KATNA1	0.04461	0.06034	0.04015	0.12846	0.03928
KATNAL1	0.05264	0.05749	0.02467	0.09533	0.02773
KATNAL2	0.00119	0.05857	0.01429	0.00311	0.00057
KATNB1	0.02421	0.01735	0.01263	0.01851	0.00866
KATNBL1	0.10189	0.08661	0.06958	0.20131	0.04981
KAZALD1	0.00289	0.01401	0.00539	0	0
KBTBD11	0	0.00215	0.01194	0	0.00132
KBTBD12	0.00491	0.00753	0.00317	0.00137	0.00113
KBTBD2	0.13141	0.0931	0.08601	0.19418	0.0849
KBTBD3	0.02893	0.04089	0.00635	0.01576	0.01186
KBTBD4	0.01274	0.03604	0.01217	0.0343	0.01673
KBTBD6	0.22885	0.3193	0.26109	0.20026	0.19627
KBTBD7	0.00826	0.03962	0.01664	0.00978	0.02198
KBTBD8	0.03027	0.0041	0.02119	0.08881	0.02892
KCMF1	0.36366	0.48128	0.43355	0.44058	0.45797
KCNA3	0.31959	0.08051	0.08392	0.60666	1.00021
KCNA7	0.17979	0.22049	0.2143	0.12691	0.20236
KCNAB2	0.28043	0.06232	0.27148	0.49962	0.14463
KCNAB3	0.01806	0.00049	0.02267	0.01465	0.00297
KCNB1	0.0097	0.02511	0.01092	0.00307	0.0245
KCNC2	0	0.00213	0.00214	0	0
KCNC3	0.00234	0.00645	0.02825	0	0
KCNC4	0.01274	0.01293	0.01269	3e-04	0
KCND1	0	0.00627	0.01218	0	0
KCNE3	0.09986	0.1216	0.24598	0.04516	0.08763
KCNE4	0.00216	0.00568	0.00555	0.00382	0.00106
KCNF1	0.00035	0.01129	0.02279	0	0
KCNH2	0	0.00453	0.00262	0	0.00083
KCNH4	0	0.00096	0	0.00071	0
KCNH6	0.11562	0.13435	0.12305	0.0632	0.09315
KCNH7	0.00254	0.04857	0.03312	0.00253	0
KCNIP2	0.00031	0.00387	0.00136	0	0.00676
KCNIP3	0	0.00387	0.0039	0	0
KCNJ10	0	0.00328	0.02042	0	0.00379
KCNJ11	0.00267	0.02398	0.01927	0.0011	0.0346
KCNJ14	0.02054	0.02208	0.00038	0.01009	0.00013
KCNJ15	0	0.00336	0.00248	0	0
KCNJ2	0.00097	0.00261	0.01222	0	0
KCNJ3	0.13978	0.27012	0.18036	0.08471	0.13895
KCNJ5	0.33263	0.32626	0.4544	0.20003	0.34969
KCNJ6	0.00475	0.00174	0.00112	0	0
KCNJ8	0.00095	0.02863	0.0132	0	0
KCNK1	0	0.04442	0.00116	0.02521	0.0017
KCNK10	2e-04	0.00408	0.00217	0.0014	0.00172
KCNK13	0	0.00504	0.01458	0	0
KCNK2	0	0.0014	0	0	0.00173
KCNK3	0.04581	0.06429	0.04497	0.01212	0.03439
KCNK5	0.06195	0.00922	0	0.09392	0.01714
KCNK6	0.08555	0.02458	0.34121	0.06781	0.22715
KCNMA1	0.0157	0.02788	0.30453	0.0738	0.04712
KCNMB3	0.07524	0.23935	0.16398	0.05039	0.14293
KCNMB4	0.00806	0.01283	0.01294	0.00043	0.00269
KCNN1	0.00347	0.00698	0	0	0
KCNN2	0.01156	0.02548	0.01271	0.00122	0.00048
KCNN3	0.04671	0.03344	0.02429	0.20037	0.38341
KCNN4	0.02915	0.00095	0.0212	0.02616	0.04879
KCNQ1	0.01701	0.01252	0.08573	0	0.01683
KCNQ1OT1	2.25471	2.27461	2.24548	1.8391	2.45038
KCNQ3	0.00157	0.00094	0.00935	0.02858	0
KCNQ4	0	0.00373	0	0	0
KCNQ5	0.03123	0.00276	0.00043	0.07208	0.02075
KCNRG	0.01237	0.00251	0.00023	0.01917	0.00903
KCNS1	0.00045	0.0075	2e-04	0	0.00057
KCNS3	0	0.00587	0	0	0.00326
KCNT2	0.00402	0.07008	0.01155	0.00125	0
KCNV1	0.00256	0.00266	0.00572	0.00155	0.00426
KCP	0.00911	0.01982	0.01382	0.05063	0.02138
KCTD1	0.00515	0.01382	0.00624	0.01073	0.0011
KCTD10	0.09946	0.074	0.05059	0.18564	0.03292
KCTD11	0.00849	0.0083	0.01627	0.00355	0.00398
KCTD12	0.01585	0.01548	0.44383	0.03622	0.05916
KCTD13	0.01518	0.01927	0.01059	0.01392	0.00199
KCTD15	0.01109	0.01209	0.01657	0	0.00066
KCTD17	0.02934	0.03818	0.0234	0.02276	0.01533
KCTD18	0.02221	0.03024	0.00803	0.03718	0.03281
KCTD2	0.05233	0.08079	0.07168	0.10234	0.04586
KCTD20	0.29139	0.40448	0.30027	0.38024	0.17988
KCTD21	0.04362	0.08157	0.03725	0.02005	0.11417
KCTD21-AS1	0.00495	0.00975	0.01908	0.00765	0.00383
KCTD3	0.04203	0.27866	0.13013	0.07077	0.04526
KCTD5	0.02773	0.014	0.03036	0.04372	0.02088
KCTD6	0.03951	0.08485	0.03012	0.00742	0.00027
KCTD7	0.08641	0.06471	0.11713	0.1196	0.07093
KCTD9	0.06602	0.05617	0.02414	0.18777	0.04655
KDELC1	0.00966	0.02318	0.01325	0.00043	0
KDELC2	0.05573	0.10628	0.10284	0.18702	0.08205
KDELR1	0.13611	0.33684	0.39232	0.30032	0.62568
KDELR2	0.16594	0.50019	0.21506	0.21209	0.40392
KDELR3	0.00356	0.04731	0.02059	0.00136	0.09516
KDM1A	0.14579	0.13679	0.10171	0.2999	0.12581
KDM1B	0.02343	0.08049	0.07633	0.05375	0.0107
KDM2A	0.35281	0.32267	0.31538	0.3738	0.28292
KDM2B	0.08919	0.10933	0.10456	0.08046	0.04601
KDM3A	0.14572	0.15667	0.24074	0.18124	0.13986
KDM3B	0.10407	0.11325	0.13216	0.20871	0.13342
KDM4A	0.19345	0.21744	0.11666	0.26599	0.17862
KDM4A-AS1	0.0739	0.07797	0.10232	0.04744	0.05591
KDM4B	0.1479	0.14316	0.09719	0.09604	0.15441
KDM4C	0.14435	0.06836	0.05104	0.06035	0.17816
KDM4D	0	0.00237	0	0	0
KDM5A	0.67783	0.40696	0.53877	1.03046	0.76482
KDM5B	0.15013	0.17951	0.14506	0.01319	0.11108
KDM5C	0.14729	0.12761	0.09636	0.20163	0.15428
KDM5D	0.04704	0.10748	0.09532	0.03955	0.00031
KDM6A	0.10091	0.04882	0.06331	0.1147	0.10931
KDM6B	0.06967	0.04658	0.11443	0.02323	0.01442
KDM7A	0.05416	0.09209	0.16909	0.13444	0.09527
KDM8	0.01046	0.01201	0.00367	0.00161	0.01899
KDR	0.00451	0.01206	0.00367	0.00043	0.00135
KDSR	0.16891	0.3629	0.27295	0.18872	0.19958
KEAP1	0.14211	0.11254	0.13887	0.14262	0.1113
KHDC1	0.01442	0.00441	0.0047	0.02878	0.01386
KHDRBS1	0.44488	0.30072	0.27395	0.60655	0.25573
KHDRBS3	0.00678	0.04834	0.01514	0.04631	0.00057
KHK	0.16725	0.82729	0.26823	0.08372	0.09443
KHNYN	0.12231	0.09605	0.04685	0.08335	0.09429
KHSRP	0.16194	0.23322	0.1859	0.24647	0.16743
KIAA0040	0.13036	0.03138	0.03499	0.26186	0.40846
KIAA0087	0.00231	0.00279	0.00501	0	0.00185
KIAA0100	0.20121	0.26375	0.18855	0.25067	0.1034
DELE1	0.09496	0.17502	0.15357	0.11098	0.08084
KIAA0232	0.22479	0.40626	0.21799	0.08295	0.16197
KIAA0319	0.00279	0.00836	0.00949	0.00162	0.00321
KIAA0319L	0.40545	0.56518	0.45713	0.44184	0.52542
KIAA0355	0.28731	0.23146	0.21628	0.16046	0.21753
ECPAS	0.28771	0.36742	0.38149	0.46056	0.27831
KIAA0391	0.09996	0.06423	0.03848	0.17339	0.04913
MARF1	0.24331	0.20107	0.17052	0.34216	0.26451
KIAA0513	0.03178	0.03616	0.06017	0.01383	0.04998
KIAA0556	0.03322	0.03719	0.0148	0.0561	0.03885
KIAA0586	0.14374	0.10065	0.09576	0.27421	0.13342
KIAA0753	0.06924	0.02638	0.03505	0.03063	0.05218
KIAA0825	0.06703	0.02033	0.03731	0.03249	0.03213
KIAA0895	0.01134	0.03143	0.0195	0.00086	0.00043
KIAA0895L	0.02913	0.03825	0.0336	0.00442	0.04223
KHDC4	0.04822	0.12137	0.04054	0.07694	0.03743
TMEM131L	0.24047	0.08675	0.08456	0.40747	0.12513
KIAA0930	0.46293	0.67197	0.79494	0.45045	0.60463
KIAA1109	0.51965	0.34911	0.44358	0.36352	0.24817
KIAA1143	0.15933	0.20303	0.17768	0.20358	0.15815
KIAA1147	0.0907	0.21399	0.1174	0.01915	0.02851
MYORG	0.03393	0.1683	0.04138	0.01431	0.0147
KIAA1191	0.15521	0.25933	0.22149	0.10446	0.16956
KIAA1210	0.00498	0.00263	0.00864	0.0013	0.00061
KIAA1211L	0.00033	0.00322	0.01786	0	0
KIAA1217	0.05449	0.2388	0.06208	0.03942	0.00951
KIAA1324	0.22077	0.20736	0.23554	0.13096	0.1703
KIAA1324L	0.03125	0.0165	0.00182	0.01219	0.01822
KIAA1328	0.04214	0.03266	0.02214	0.03021	0.04122
VIRMA	0.20269	0.24411	0.14841	0.3965	0.21201
TRMT9B	0.14146	0.1987	0.21437	0.13771	0.18626
JCAD	0.00227	0.05674	0.00845	0	0.00087
RELCH	0.15238	0.08108	0.12403	0.11883	0.09591
KIAA1522	0.01285	0.1124	0.04591	0.00109	0.00148
CIP2A	0.04484	0.04148	0.0222	0.39042	0.08533
KIAA1549	0.05546	0.07548	0.05384	0.04029	0.05617
KIAA1551	1.59535	0.49261	0.51239	1.31956	1.40474
KIAA1586	0.08246	0.07904	0.02672	0.05687	0.04392
KIAA1614	0.23992	0.28754	0.24498	0.19323	0.24188
SHISAL1	0.02249	0.0056	0.0017	0.02455	0.00839
KIAA1671	0.15004	0.18967	0.05115	0.01601	0.02697
IQCN	0.04789	0.02151	0.01413	0.01787	0.02224
KIAA1755	0.00043	0.00769	0.00182	0	0.00342
KIAA1841	0.09842	0.12142	0.09235	0.11371	0.08109
KIAA1958	0.14491	0.24567	0.21387	0.11481	0.1804
KIAA2013	0.11404	0.39671	0.25534	0.15679	0.28008
NEXMIF	0.00019	0.00949	0	0	0.01572
KIAA2026	0.44563	0.23833	0.2948	0.41951	0.38726
KIDINS220	0.30409	0.26526	0.33267	0.35603	0.1632
KIF11	0.10224	0.12877	0.13552	1.19485	0.14456
KIF12	0.00337	0.03282	0.00885	0	0.00496
KIF13A	0.0555	0.26277	0.13722	0.0154	0.00607
KIF13B	0.23463	0.08999	0.14128	0.20972	0.24715
KIF14	0.03728	0.0989	0.06919	0.94296	0.08228
KIF15	0.04304	0.05519	0.03524	1.0452	0.02732
KIF16B	0.06236	0.12098	0.17116	0.08235	0.06902
KIF18A	0.02414	0.01961	0.01365	0.52454	0.03351
KIF18B	0.0049	0.01241	0.00856	0.1771	0.00529
KIF19	0.00404	3e-04	0	0	0.0632
KIF1A	0.00214	0.00582	0.0027	0	0
KIF1B	0.26096	0.6133	0.58297	0.14208	0.17223
KIF1C	0.33468	0.43681	0.39933	0.22249	0.27474
KIF20A	0.00113	0.01606	0.00269	0.19823	0.00576
KIF20B	0.21926	0.1066	0.15608	1.29552	0.22414
KIF21A	0.25306	0.41377	0.17525	0.21213	0.15376
KIF21B	0.0928	0.0834	0.06264	0.24098	0.05794
KIF22	0.14159	0.33137	0.10056	0.97402	0.19372
KIF23	0.01165	0.03034	0.02877	0.71233	0.01368
KIF24	0.00028	0.00574	0	0.04279	0.00127
KIF25	0	0.02833	0.00157	0	0
KIF25-AS1	0	0.00434	0.00137	0	0.00114
KIF26B	0	0.00253	0	0	0
KIF27	0.03194	0.05776	0.02823	0.07273	0.08048
KIF2A	0.29273	0.13042	0.12352	0.71706	0.2751
KIF2C	0.00172	0.02948	0.00968	0.54915	0.00504
KIF3A	0.17576	0.21643	0.1672	0.18441	0.09324
KIF3B	0.30552	0.42736	0.1888	0.35691	0.27098
KIF3C	0.01371	0.01617	0.01903	0.03211	0.01043
KIF4A	0.05466	0.07363	0.0407	0.60506	0.00908
KIF4B	4e-04	0.00189	0.00584	0.00133	0
KIF5B	0.69517	0.58375	0.48777	1.32426	0.47689
KIF5C	0.02971	0.0152	0.00966	0.06773	0.00295
KIF6	0.00022	0.01315	0.00665	0	0
KIF7	0	0.00846	0	0	0
KIF9	0.00421	0.02123	0.02499	0.01816	0.0046
KIF9-AS1	0.00085	0.008	0.01032	0	0
KIFAP3	0.141	0.2094	0.13348	0.22675	0.12908
KIFC1	0.00198	0.01257	0.0167	0.23226	0.00263
KIFC2	0.08393	0.24916	0.20435	0.06818	0.06767
KIFC3	0.03596	0.05272	0.03458	0	0.00579
KIN	0.13466	0.13121	0.13264	0.19507	0.0693
KIR2DL4	0.05092	0.001	0.00176	0.06228	0.01014
KIR3DX1	0.21754	0.22646	0.19557	0.12132	0.29589
KIRREL2	0	0.00207	0.00059	0	0
KISS1	0.00136	0.00208	0.00022	0	0
KISS1R	5e-04	0.00193	0	0	0.00384
KITLG	0.01212	0.01394	0.0134	0.03162	0
KLB	0.15077	0.4726	0.18162	0.09729	0.10025
KLC1	0.16328	0.17599	0.27652	0.29486	0.23023
KLC2	0.02206	0.01713	0.01311	0.01685	0.03741
KLC3	0.00013	0.00256	0.00237	0	0
KLC4	0.02851	0.17477	0.02255	0.00723	0.06589
KLF10	0.11288	0.0591	0.13005	0.13077	0.10389
KLF11	0.03315	0.09834	0.05722	0.00089	0.02568
KLF12	0.24385	0.20602	0.06716	0.33984	0.17165
KLF13	0.18779	0.12239	0.07532	0.28469	0.4349
KLF15	0.02239	0.15888	0.07065	0.00119	0.00091
KLF16	0.01223	0.02962	0.02252	0.02924	0.00301
KLF17	0.01271	0.0056	0.00502	0.00448	0.01577
KLF2	0.14057	0.02243	0.48339	0.15309	0.20681
KLF3	0.07644	0.19295	0.1798	0.055	0.12888
KLF4	0.01097	0.01707	0.33441	0.02006	0.03316
KLF5	0	0.01787	0	0.00083	0
KLF6	1.99141	0.58545	1.97586	1.87346	1.22452
KLF7	0.06188	0.05416	0.10112	0.05231	0.07602
KLF8	0.10662	0.14194	0.14157	0.11305	0.12234
KLF9	0.1847	0.12627	0.09704	0.15909	0.07632
KLHDC1	0.00314	0.01253	0.02057	0.00168	0.0214
KLHDC10	0.07623	0.29791	0.09727	0.09507	0.04525
KLHDC2	0.10853	0.34681	0.11101	0.06552	0.25238
KLHDC3	0.06396	0.13863	0.05424	0.05116	0.03354
KLHDC4	0.11904	0.06239	0.07519	0.1587	0.10147
KLHDC7A	0.00084	0.01499	0.00108	0.00381	0
KLHDC7B	0.0261	0.01611	0.00058	0.01551	0.00882
KLHDC8B	0.03164	0.1109	0.11936	0	0.01477
KLHDC9	0.00628	0.01334	0	0	0
KLHL11	0.05264	0.03361	0.02542	0.03759	0.00274
KLHL12	0.04718	0.12567	0.07223	0.0662	0.02311
KLHL13	0.00483	0.03448	0.02206	0	0
KLHL15	0.05602	0.01475	0.05138	0.03597	0.04327
KLHL17	0.03521	0.02695	0.01567	0.01426	0.05796
KLHL18	0.06103	0.02939	0.04379	0.08656	0.03839
KLHL2	0.03744	0.043	0.03184	0.04849	0.04065
KLHL20	0.11112	0.09525	0.0656	0.04423	0.04963
KLHL21	0.07259	0.18971	0.0617	0.04572	0.05646
KLHL22	0.01236	0.00763	0.00379	0.01303	0.01619
KLHL23	3e-04	0.00376	0	0	0
KLHL24	0.3404	0.37396	0.25761	0.15364	0.31529
KLHL25	0.02757	0.02352	0.024	0.02277	0.00338
KLHL26	0.00878	0.01446	0	0.00217	0.004
KLHL28	0.12857	0.12163	0.12446	0.14942	0.1214
KLHL29	0.00095	0.01287	0.00301	0	6e-04
KLHL3	0.03866	0.04546	0.00408	0.04004	0.02439
KLHL30	0.00085	0.0026	0.0019	9e-04	0.00097
KLHL31	0	0.00803	0.00945	0	0
KLHL32	0.00626	0.00726	0	0.0311	0.00643
KLHL34	0.01744	0.00528	0	0	0
KLHL36	0.1758	0.225	0.14691	0.11811	0.16468
KLHL41	0.0015	0.00243	0	0	0
KLHL42	0.19783	0.24357	0.13318	0.14878	0.18002
KLHL5	0.30692	0.49723	0.26154	0.29839	0.51006
KLHL6	0.11453	0.04202	0.17565	0.22501	0.48987
KLHL6-AS1	0.01642	0.01489	0.00631	0.00329	0.02605
KLHL7	0.02383	0.04972	0.02415	0.03208	0.03326
KLHL7-DT	0.00496	0.00203	0.00471	0.01433	0.00239
KLHL8	0.16869	0.21319	0.29056	0.16927	0.15084
KLHL9	0.10289	0.06238	0.09884	0.00744	0.04466
KLK10	0.02598	0.02987	0.0382	0.01448	0.02668
KLK15	0	0.00327	0	0	0
KLK7	0.00191	0.002	0.00384	0.00217	0.00154
KLK8	0	0.00182	0	0	0
KLKB1	0.07149	0.30476	0.09507	0.02105	0.02047
KLLN	0.00049	0.00617	0.00557	0	0.00185
KLRB1	0.75453	0.01279	0.0069	0.2397	0.11306
KLRC1	0.12911	0.00032	0	0.07408	0.00561
KLRC2	0.0186	0	0	0.04936	0
KLRC3	0.08223	0.00068	0	0.06181	0.01014
KLRC4	0.06318	0.00181	0.00097	0.03043	0.00503
KLRD1	0.37713	0.15449	0.15914	0.36986	0.2226
KLRF1	0.07604	0.00339	0.00047	0.00988	0
KLRG1	0.19054	0.07249	0.03917	0.1673	0.12584
KLRK1	0.02413	5e-05	0	0.0142	0
KMO	4e-04	0.00497	0.00718	0.031	0.01082
KMT2A	1.02362	0.62858	0.54112	1.14343	1.04853
KMT2B	0.22625	0.24214	0.17027	0.21123	0.22337
KMT2C	0.75253	0.66972	0.8744	0.71062	0.96026
KMT2D	0.08205	0.13699	0.09518	0.07316	0.0496
KMT2E	1.06897	0.61691	0.70133	0.99004	0.96817
KMT2E-AS1	0.47195	0.07855	0.26307	0.52858	0.70322
KNDC1	0.00162	0.00244	0.00347	0	0
KNG1	0.62104	2.73818	1.14444	0.24496	0.17113
KNOP1	0.0867	0.15616	0.24362	0.28652	0.09821
KNSTRN	0.00343	0.03078	0.00459	0.2182	0.02997
KNTC1	0.08458	0.08229	0.06808	0.34169	0.29038
KPNA1	0.22006	0.33177	0.23473	0.34254	0.23243
KPNA2	0.15481	0.09167	0.1496	0.91028	0.1186
KPNA3	0.22804	0.29273	0.27136	0.31071	0.18098
KPNA4	0.27836	0.3036	0.30867	0.35584	0.28349
KPNA5	0.18881	0.06323	0.06926	0.0987	0.13445
KPNA6	0.46772	0.51948	0.45202	0.53432	0.36996
KPNA7	0.01072	0.00302	0	0	0.00179
KPNB1	0.87612	0.74696	0.74914	1.24737	0.60606
KPTN	0.00344	0.08281	0.011	0.04172	0.04946
KRAS	0.14974	0.08871	0.0865	0.27484	0.11565
KRBA1	0.02092	0.03021	0.01601	0.00138	0.00433
KRBA2	0.05749	0.04464	0.03107	0.00928	0.01802
KRBOX4	0.04193	0.4021	0.04449	0.03969	0.07454
KRCC1	0.17777	0.09759	0.11016	0.08428	0.1773
KREMEN1	0.49606	0.59706	0.64149	0.43774	0.55593
KRI1	0.21307	0.17614	0.10079	0.41198	0.19121
KRIT1	0.23552	0.26559	0.25689	0.2403	0.25508
KRR1	0.2497	0.24644	0.18907	0.48154	0.2179
KRT10	0.19513	0.14869	0.072	0.42076	0.35714
KRT17	0.00359	0.01134	0.00469	0	0.00032
KRT18	0.1158	1.02528	0.3052	0.11924	0.12046
KRT18P55	0.00067	0.00289	0	0	0
KRT20	0	0.00444	0.00438	0	0.006
KRT222	0.00103	0.01657	0.00767	0	0
KRT42P	2e-04	0.0018	0.00817	0.00224	0
KRT7	0	0.02174	0.00503	0	0
KRT8	0.17262	0.83914	0.33752	0.03693	0.01828
KRT80	0	0.00577	0	0	0
KRT85	0	0.00206	0	0	0.00109
KRT86	0.07663	0.0035	0.00023	0.0416	0.00633
KRTCAP2	0.58482	0.71383	0.35993	0.75794	1.11919
KRTCAP3	0.00074	0.00589	0	0	0
KSR1	0.00551	9e-04	0.00877	0.0443	0
KSR2	0.00865	0.00355	0	0	0
KTN1	1.01512	1.27519	0.96538	1.07653	0.90542
KTN1-AS1	0	0.00789	0.00675	0.00045	0.00588
KXD1	0.16631	0.22021	0.14207	0.25791	0.15677
KYNU	0.00354	0.04456	0.06238	0.00129	0.03198
L1TD1	0.07104	0.10323	0.09398	0.08416	0.06285
L2HGDH	0.27227	0.31849	0.22304	0.18003	0.30995
L3HYPDH	0.03475	0.05641	0.01011	0.00287	0.02992
L3MBTL1	0.00616	0.024	0.00392	0.01782	0.00892
L3MBTL2	0.15289	0.1232	0.06912	0.1401	0.13711
L3MBTL3	0.08189	0.02871	0.04139	0.09771	0.02651
L3MBTL4	0.01146	0.06141	0.0444	0.00191	0.03227
LACC1	0.02823	0.04879	0.20269	0.10476	0.01302
AFG1L	0.0114	0.03484	0.01899	0.00066	0.00375
LACTB	0.24668	0.31235	0.42745	0.14558	0.19913
LACTB2	0.04843	0.14041	0.1145	0.02681	0.04491
LAD1	0.0123	0.0585	0.02847	0	0.00044
LAG3	0.61846	0.03079	0.03562	0.65696	0.26447
LAGE3	0.1533	0.19473	0.08902	0.32519	0.13021
LAIR1	0.23563	0.22598	0.65411	0.16427	0.24922
LAIR2	0.12129	0.00163	0.011	0.05543	0.00065
LAMA3	0.01576	0.04804	0.00328	0.00286	0.01055
LAMA4	0.01213	0.02326	0.00587	0.00028	0.00039
LAMA5	0.01136	0.07477	0.01664	0.00094	0.05186
LAMB1	0.03959	0.17879	0.0928	0.00206	0.00109
LAMB2	0.035	0.27908	0.13403	0.00067	0.0368
LAMB3	0.00718	0.02032	0.00511	0.00511	0.00201
LAMB4	0.00146	0.00362	0.00771	0.003	0.00685
LAMC1	0.05072	0.36365	0.11449	0.04847	0.06265
LAMC2	0.07669	0.08516	0.08982	0.0951	0.09913
LAMP1	0.23925	0.51161	0.48201	0.20171	0.18703
LAMP2	0.48823	0.85528	0.57222	0.45491	0.42827
LAMP3	0.01345	0.00802	0.01338	0.00708	0.02171
LAMP5	0.00107	0.00046	0	0.02842	0.04561
LAMTOR1	0.19342	0.30189	0.28844	0.25573	0.12163
LAMTOR2	0.22735	0.32453	0.29095	0.5159	0.19092
LAMTOR3	0.04484	0.06195	0.06187	0.05942	0.05134
LAMTOR4	0.45291	0.37894	0.47477	0.59167	0.40732
LAMTOR5	0.29371	0.39327	0.27529	0.46307	0.2946
LAMTOR5-AS1	0.00038	0.01251	0.00021	0	0.00194
LANCL1	0.11227	0.17214	0.0559	0.0858	0.04059
LANCL2	0.05703	0.04676	0.03871	0.14099	0.04516
LAP3	0.31656	0.48953	0.80565	0.55887	0.4288
LAPTM4A	0.1493	0.48034	0.39199	0.14412	0.17454
LAPTM4B	0.09322	0.33093	0.14289	0.01482	0.00756
LAPTM5	1.56181	0.17421	2.24817	1.54671	0.91316
LARP1	0.49531	0.7267	0.5438	0.46451	0.67586
LARP1B	0.1114	0.17994	0.15355	0.22358	0.4008
LARP4	0.1827	0.42891	0.21117	0.21401	0.21649
LARP4B	0.22291	0.25693	0.25281	0.2585	0.21679
LARP6	0.00246	0.05501	0.02153	0.00073	0.00057
LARP7	0.46398	0.31051	0.63759	0.82401	0.54044
LARS	0.35318	0.52952	0.49471	0.41892	0.32951
LARS2	0.04172	0.05631	0.04662	0.16073	0.02837
LARS2-AS1	0.00398	0.00402	0.00274	0	0.00147
LAS1L	0.10197	0.12186	0.08185	0.22529	0.09391
LASP1	0.47332	0.45866	0.32874	0.50008	0.19295
LAT	0.45432	0.03872	0.04497	0.45205	0.08116
LAT2	0.14825	0.00678	0.14288	0.10744	0.11995
LATS1	0.12634	0.11829	0.05564	0.13219	0.08968
LATS2	0.0365	0.05511	0.07933	0.01201	0.02477
LAX1	0.25187	0.08841	0.10806	0.29822	0.79013
LAYN	0.22517	0.01146	0.00702	0.14058	0.0419
LBH	0.83263	0.03732	0.05104	0.82627	0.37345
LBP	0.06458	0.39422	0.08887	0.00304	0.00057
LBR	0.34878	0.40896	0.26773	1.11513	0.24285
LBX2	0.00344	0.02853	0.00678	0	0.01048
LBX2-AS1	0.01238	0.08531	0.01641	0	0.00439
LCA5	0	0.0071	0	0	0.00343
LCA5L	0	0.00748	6e-04	0	0
LCAT	0.0344	0.02672	0.0274	0	0.02022
LCK	1.01359	0.03741	0.02396	1.00522	0.30835
LCLAT1	0.03196	0.08878	0.02109	0.03302	0.0199
LCMT1	0.16347	0.08712	0.10257	0.40286	0.14715
LCMT2	0.01138	0.00629	0.00344	0.0169	0.00342
LCN12	0.0105	0.08772	0.00608	0.00099	0.00913
LCN15	0	0.00077	0	0	0
LCN2	0.00478	0.0575	0.02046	0.00063	0.01101
LCNL1	0.00064	0.00234	0	0	0
LCOR	0.28816	0.30495	0.25191	0.31876	0.208
LCORL	0.06693	0.10617	0.10086	0.06631	0.22853
LCP1	1.9933	0.23894	1.46506	2.68417	0.93745
LCP2	0.43683	0.0134	0.1712	0.35196	0.06136
LCTL	0.03788	0.04309	0.03866	0.01861	0.03149
LDB1	0.05643	0.05679	0.05885	0.11328	0.05145
LDB2	0.0481	0.00794	0.00158	0.03615	0
LDB3	0.07671	0.06983	0.07566	0.08525	0.05069
LDHA	0.54597	1.10025	0.62931	1.45591	0.31424
LDHB	0.67331	0.03519	0.16216	1.03956	0.5926
LDHC	0.00038	0.0039	0	0	0
LDHD	0.03849	0.14055	0.02691	0.00634	0.00391
LDLR	0.38485	0.45955	0.40073	0.52909	0.32895
LDLRAD1	0.01481	0.02601	0.01806	0.01096	0.01667
LDLRAD3	0	0.00336	0	0	0.00025
LDLRAD4	0.05739	0.08953	0.07838	0.01078	0.0042
LDLRAP1	0.07961	0.06928	0.04146	0.01145	0.07633
LDOC1	0.01247	0.01149	0	0.0196	0
RTL6	0.03115	0.01084	0.00359	0.01618	0.02217
LEAP2	0.05842	0.33602	0.06124	0.03725	0.02365
LECT2	0.00171	0.08229	0.01247	0.00108	0.00304
LEF1	0.16487	0.03492	0.00216	0.05994	0.02379
LEF1-AS1	0	0.00313	0	0	0.00446
LEKR1	0.00086	0.01561	0.0072	0.00714	0.02407
LEMD1-AS1	0.0066	0.00595	0.00867	0.00232	0.0056
LEMD2	0.0897	0.12215	0.07415	0.0855	0.04127
LEMD3	0.09899	0.07936	0.05304	0.11939	0.15419
LENG1	0.07226	0.02337	0.03423	0.09129	0.04778
LENG8	0.13265	0.28135	0.23733	0.09888	0.22905
LENG8-AS1	0.00839	0.00819	0.00395	0.01121	0.01653
LEO1	0.22904	0.23084	0.16836	0.22494	0.07858
LEP	0.0113	0.01353	0.01962	0.01045	0.00933
LEPR	0.33519	0.69308	0.46183	0.28725	0.29423
LEPROT	0.09066	0.22311	0.28888	0.11137	0.11121
LEPROTL1	0.36484	0.06615	0.1178	0.26089	0.155
LETM1	0.1189	0.19427	0.11352	0.14023	0.13252
LETM2	0.04639	0.04355	0.05344	0.0327	0.15161
LETMD1	0.18717	0.3131	0.13424	0.19645	0.13028
LFNG	0.08878	0.01228	0.08696	0.01991	0.02814
LGALS1	0.67023	0.25329	1.20953	0.91155	0.65342
LGALS2	0.00499	0.01712	0.32398	0.11357	0.00848
LGALS3	0.14004	0.06141	0.47271	0.11	0.08725
LGALS3BP	0.15516	0.51871	0.24028	0.05294	0.09616
LGALS4	0.10881	0.41989	0.21442	0.06197	0.01743
LGALS8	0.3938	0.37551	0.332	0.29566	0.16007
LGALS9	0.17711	0.04563	0.46346	0.20999	0.07582
LGALS9C	0.01414	0.00899	0.00331	0.00153	0
LGALSL	0.0136	0.054	0.0378	0.00511	0
LGI2	0	0.00273	0.07256	0	0
LGI3	0.01026	0.00918	0.00096	0	0
LGI4	0.0011	0.02447	0.02341	0.00043	0.03008
LGMN	0.04918	0.12935	1.22244	0.02182	0.01215
LGR4	0.02247	0.15371	0.01859	0.00037	0.00261
LGR5	0.00344	0.04457	0.00021	0	0.00195
LGR6	0.02963	0.00214	0	0	0.00057
LGSN	0.09949	0.1599	0.14144	0.03577	0.03719
LHFPL6	0.01375	0.02022	0.00341	0.00969	0.011
LHFPL2	0.01779	0.04861	0.17224	0.01156	0.00287
LHFPL4	0.00046	0.01607	0.00288	0	0
LHFPL5	0.01561	0.01038	0.01005	0.02012	0.03447
LHPP	0.06259	0.22048	0.1207	0.02948	0.0984
LHX4	0	0.00408	0	0	0
LHX6	0	0.00425	0	0	0
LIAS	0.15267	0.12991	0.12965	0.08446	0.08709
LIFR	0.00078	0.0736	0.00155	0.00083	0.00593
LIFR-AS1	0.0146	0.02275	0.03326	0.01404	0.03902
LIG1	0.1888	0.20855	0.17347	0.60843	0.18349
LIG3	0.05769	0.06528	0.07518	0.01783	0.03956
LIG4	0.05001	0.04702	0.05103	0.04306	0.08165
LILRA1	0	0.00033	0.06058	0.00043	0.00206
LILRA2	0	0.00095	0.02396	0	0
LILRA4	0.01047	6e-04	0.00439	0.00139	0.03531
LILRA5	0.00628	0.00663	0.06289	0.00084	0.00719
LILRA6	0.01431	0.00209	0.06351	0	0.00103
LILRB1	0.09952	0.10545	0.53853	0.13304	0.35845
LILRB2	0.00817	0.01054	0.35251	0.00566	0.0123
LILRB3	0.14638	0.19169	0.35587	0.12412	0.14611
LILRB4	0.00628	0.00817	0.23363	0	0.00875
LILRB5	2e-04	0.0071	0.26343	0	0
LIMA1	0.13578	0.08933	0.13993	0.20137	0.07407
LIMCH1	0.02299	0.17104	0.02613	0.00457	0
LIMD1	0.17595	0.19918	0.18053	0.19899	0.25459
LIMD1-AS1	0.00442	0.00098	0	0.01346	0.00039
LIMD2	0.20882	0.00693	0.07389	0.19941	0.08847
LIME1	0.30786	0.33968	0.1086	0.34917	0.42156
LIMK1	0.08001	0.03273	0.05508	0.07297	0.05054
LIMK2	0.05087	0.06584	0.10898	0.08404	0.05635
LIMS1	0.65312	0.53844	0.7783	0.70794	0.55684
LIMS2	0.02303	0.11916	0.04567	0.04696	0.00349
LIN28A	0.03913	0.06284	0.06152	0.04822	0.07159
LIN28B	0.00165	0.03264	0.00042	0	0.00029
LIN37	0.03512	0.09004	0.03009	0.08033	0.05333
LIN52	0.08626	0.0931	0.07754	0.2107	0.08354
LIN54	0.0441	0.04697	0.0226	0.12992	0.06172
LIN7A	0.03404	0.22931	0.04398	0.00144	0.0383
LIN7B	0.03227	0.04717	0.02811	0.02642	0.14327
LIN7C	0.06655	0.17612	0.12633	0.07386	0.07415
LIN9	0.02274	0.01687	0.00859	0.11735	0.02495
LINC-PINT	0.18569	0.06147	0.09354	0.21547	0.23912
LINC-ROR	0	0.00216	0	0	0
LINC00092	0.01517	0.00394	0.00327	0.00103	0.00263
BRD3OS	0.03077	0.03108	0.0282	0.0101	0.0198
LINC00102	0.0209	0.01064	0.00901	0.00294	0.00496
LINC00115	0.04197	0.0264	0.00583	0.05217	0.01366
MTLN	0.11535	0.09132	0.05353	0.10393	0.02889
LINC00167	0.00581	0.00259	0.00662	0.02326	0.0059
LINC00173	0.00974	0.00574	0.03128	0	0.06748
LINC00174	0.01076	0.04436	0.01238	0.00066	0.02449
C20orf204	0	0.0368	0.01094	0.00119	0
LINC00189	0.02107	0.05193	0.01871	0.00056	0
FAM238B	4e-04	0.00187	2e-04	0	0.00014
LINC00211	0.00278	0.00223	0.00078	0	0.00093
CCDC196	0	0.00251	0	0.00132	0.00099
LINC00240	0	0.02125	0.00078	0.00539	0.01435
LINC00243	0.12585	0.1109	0.1381	0.12271	0.11277
LINC00261	0.07311	0.38278	0.14202	0.01078	0.01424
LINC00265	0.01349	0.00848	0.00708	0.01172	0.0259
LINC00266-1	0.00236	0.00374	0.00053	0	0
LINC00269	0.00255	0.00862	0.00976	0.00114	0.0056
LINC00276	0.00451	0.0113	0.00633	0.00361	0.01873
LINC00278	0	0.00374	0.00409	0	0
LINC00299	0.01574	0.01247	0	0.00163	0.00049
LINC00309	0.00979	7e-04	0.00035	0.00196	0.02565
LINC00310	0	0.00224	0	0	0.00036
LINC00311	0.20532	0.24924	0.2446	0.14614	0.22841
LINC00314	0.0053	0.0019	0.00042	0.00246	0.00113
LINC00319	0	0.00246	0.00455	0	0.00097
LINC00324	0.04645	0.0171	0.00395	0.10538	0.08678
LINC00327	0.07444	0.08328	0.11572	0.06134	0.09253
LINC00330	0.05251	0.09738	0.08591	0.05688	0.07951
LINC00331	0.00157	0.00349	0.00299	0.00284	0
LINC00333	0	0.00189	0	0	0
LINC00336	0	0.00112	0.00251	0.00215	0.00701
LINC00337	0.00496	0.0066	0.00479	0.00095	0.01601
LINC00339	0.08495	0.03844	0.01282	0.02634	0.02522
LINC00342	0.282	0.27675	0.22228	0.29964	0.67255
LINC00346	0.00176	0.01835	0.04606	0.00357	0.00141
LINC00348	0.0013	0.01608	0	0	0.00039
LINC00351	0	0.01116	0.00404	0	0
LINC00365	0.00413	0.00409	0.00359	0	0
LINC00368	0.01843	0.01765	0.02793	0.00513	0.015
C13orf42	0.00241	0.00207	0	0.00066	0.00057
LINC00381	0.00484	0.00811	3e-04	0.00917	0
LINC00397	0	0.002	0	0	0
LINC00402	0.0029	0.00525	0.00955	0	0.00427
LINC00410	0.00244	0.00302	0.00653	0.00191	0.00533
LINC00426	0.05042	0.0021	0.00277	0.03148	0.00822
RB1-DT	0.00042	0.00412	0.00095	0.03108	0
LINC00449	0.038	0.05227	0.04751	0.04088	0.03207
LINC00458	0.00178	0.00368	0.00277	0.00078	0
LINC00466	0.003	0.00123	0.00103	0.0044	0.00013
LINC00467	0.05856	0.13462	0.0655	0.09943	0.06799
LINC00470	0.16529	0.27381	0.17438	0.08929	0.18198
LINC00471	0.01441	0.00579	0.00367	0.00869	0.01012
LINC00472	0.00462	0.07945	0.06007	0.0042	0.01689
LINC00476	0.51254	0.60861	0.54656	0.35111	0.57081
LINC00479	0.00037	0.00441	0.00293	0	0
LINC00482	0.00654	0.02919	0.02461	0.00362	0.00141
ANKRD40CL	0.1108	0.13871	0.15335	0.06731	0.13571
LINC00485	0.05245	0.07863	0.06156	0.01725	0.06591
LINC00488	0.00111	0.00428	0	0.00093	0
LINC00491	0.00551	0.01376	0.0026	0	0.00608
SMIM26	0.19825	0.27923	0.1471	0.21865	0.18067
LINC00501	0	0.00234	0.00098	0	0.00176
LINC00504	2.00636	2.04296	2.04374	1.68078	2.02152
LINC00507	0.00263	0.00516	0.00021	0	0.00508
LINC00508	0	0.00057	0.00105	0	0.00782
LINC00511	0	0.00362	0.00238	0	0
LINC00514	0.13338	0.14259	0.16765	0.09853	0.16442
LINC00524	0.00041	0.00082	0.00089	0.00037	0
LINC00526	0.01264	0.02699	0.00683	0.00357	0.01604
LINC00528	0.02507	0.01194	0.02773	0.04357	0.04822
LINC00535	0.00041	0.00333	0	0	0
LINC00543	0	0.00566	0.00019	0	0
LINC00559	0.01841	0.02781	0.03235	0.01184	0.02135
LINC00562	0.10244	0.08434	0.07203	0.06748	0.06867
LINC00564	0	0.00041	0	0.00076	0
LINC00566	0.00555	0.00799	0.00474	0.00798	0.00991
LINC00574	0.08089	0.12835	0.10742	0.07044	0.10148
LINC00578	0.04015	0.05428	0.05183	0.02434	0.05968
LINC00582	0.00081	0.00108	0.00051	0.00033	0.17116
LINC00598	0.00254	0.00351	0.00573	0.00209	0.00053
LINC00605	0	0.00144	0	0.00086	0
LINC00618	0	0.00435	0.0027	0	0
LINC00622	0	0.00956	0.0014	0	0
LINC00630	0.01295	0.0065	0.02095	0.00343	0.00758
LINC00632	0.16739	0.13706	0.10257	0.10282	0.12841
LINC00637	0.07151	0.08418	0.0945	0.04049	0.07648
LINC00638	0.01762	0.02722	0.01354	0.00445	0.01848
LINC00639	0.00057	0.00409	0.01451	0.00226	0.0074
LINC00640	0	0.00172	0	0	0
LINC00641	0.02582	0.03357	0.01612	0.00274	0.05897
LINC00648	0.00037	0.018	0	0	0
LINC00649	0.07725	0.06326	0.0469	0.03577	0.04924
LINC00652	0.00545	0.00534	0.01125	0.00185	0.00236
LINC00659	0.00507	0.00524	0.00124	0	0
LINC00662	0.00521	0.012	0.01852	0.01183	0.02802
LINC00663	0.1597	0.17334	0.15223	0.15651	0.16118
LINC00664	0.00107	0.01512	0.01168	0.00129	0
LINC00665	0.1504	0.22562	0.21901	0.14543	0.1742
LINC00667	0.07219	0.15598	0.06699	0.07207	0.07162
LINC00668	0	0.00226	0	0	0
LINC00670	0.0019	0.00526	0.00429	0.0019	0.00721
LINC00671	0.00093	0.01008	0.00639	0.00243	0.00162
LINC00672	0.10421	0.0949	0.08688	0.1414	0.09604
LINC00674	0.28147	0.42062	0.28413	0.18659	0.06028
LINC00678	0.00089	0.0044	0.01097	0.00343	0.00499
LINC00680	0.01029	0.02827	0.00524	0.01769	0.01876
LINC00689	0.00372	0.00508	0.00125	0	0
LINC00691	0.02122	0.02767	0.01815	0.01296	0.02053
C3orf86	0.00179	0.00144	0	0.00679	0
LINC00700	0.00172	0.00112	0.00041	0.0011	0.00079
MANCR	0	0.00055	0	0	0
LINC00838	0.00058	0.00391	0.00708	0	0.00022
LINC00839	0.01106	0.02829	0.03078	0.00853	0.01787
LINC00844	0.00104	0.02988	0.00927	0.00086	0.00224
LINC00847	0.06041	0.01898	0.02631	0.00787	0.07291
LINC00853	0.00064	0.03075	0.01283	0.0341	0
LINC00857	0.00784	0.02091	0.00728	0	0.00016
LINC00858	0	0.01371	0.00279	0	0
LINC00861	0.23433	0.00428	0.01217	0.09523	0.06457
LINC00862	0.00074	0.00288	0	0	0.00044
LINC00863	0.01106	0.01089	0	0.04079	0.00159
LINC00864	0.04824	0.11009	0.07365	0.0493	0.11031
LINC00868	0	0.00064	0	0.00025	0
LINC00623	0.00411	0.01498	0.01047	0.0056	0
LINC00870	0	0.00749	0	0	0
LINC00877	0.00059	3e-04	0.0106	0.01793	0.00555
LINC00880	0.01316	0.00026	0	0.00092	0.00639
LINC00881	0.00031	0.00225	0.01378	0	0
LINC00884	0.0029	0.01354	0	0	0.00951
LINC00885	0	0.00737	0.00926	0	0
LINC00886	0.00094	0.02396	0.00526	0	0.00591
LINC00887	0	0.00501	0.00565	0.00369	0.00227
LINC00888	0.00289	0.04679	0.03876	0.01556	0.14125
SERTM2	0.00073	0.04687	0.01193	0	0
LINC00892	0.12167	0.00217	0.00027	0.12581	0.01699
LINC00893	0.01202	0.01061	0.01031	0	0.01653
LINC00894	0.02607	0.0208	0.03059	0.00127	0.00157
LINC00899	0	0.00586	0.01094	0	0
LINC00900	0.00252	0.00418	0.01054	0.00148	0.00534
LINC00904	0	0.00087	0.00041	0.00222	0.00352
LINC00907	0.00359	0.00475	0.00342	0	0.00497
LINC00908	0.00177	0.00229	0.00578	0.00198	0.00853
LINC00909	0.22067	0.16388	0.14701	0.08355	0.12786
LINC00910	0.06021	0.08154	0.08953	0.08496	0.09538
LINC00923	0.0207	0.02116	0.01335	0.00096	0.01263
LINC00924	0.23457	0.2584	0.22999	0.14407	0.25461
LINC00926	0.00391	0.00719	0.01916	0.00815	0.06206
LINC00927	0.02938	0.04045	0.04093	0.02144	0.04112
LINC00933	0.0022	0.00381	0.00274	0.00378	0.00139
AC008124.1	0.05492	0.02386	0.02208	0.0723	0.01722
LINC00939	5e-04	0.0139	0.00084	0.0028	7e-04
LINC00941	0.00194	0.00617	0.01138	0.00797	0.00368
LINC00942	0.02626	0.08433	0.05892	0.03567	0.01356
LINC00944	0.00511	0.00909	0.00163	0.01046	0
LINC00957	0.01402	0.01335	0.01494	0.01568	0.0283
LINC00958	0.04112	0.07933	0.02846	0.02741	0.03256
C10orf143	0.01327	0.00841	0.00443	0.00241	0.01501
LINC00960	0	0.0023	0.00237	0	0.00046
LINC00963	0.02	0.01426	0.0191	0.04592	0.00522
LINC00964	0.02809	0.04454	0.03695	0.02271	0.04513
LINC00967	0	0.00378	0	0	0
MUC20-OT1	0.01153	0.02799	0.01577	0.02329	0.02988
LINC00970	0.00626	0.00735	0.0154	0.00768	0.00382
LINC00971	0.07582	0.08247	0.11986	0.1043	0.09676
LINC00987	0.02109	0.00579	0.01263	0.05227	0.00034
LINC00989	0	4e-04	0	0	0
LINC00992	0.0056	0.0031	0	3e-04	0.00128
LINC00996	0.03039	0.00544	0.0286	0.00144	0.02281
SMIM30	0.08369	0.04189	0.06889	0.07044	0.02832
LINC01003	0.02118	0.01724	0.00077	0.02581	0
LINC01004	0.13384	0.23642	0.13649	0.09199	0.17843
LINC01006	0	0.01296	0	0	0.00356
LINC01010	0.00048	0.00415	0.00442	0	0.00354
LINC01011	0.02096	0.02076	0.02784	0.00302	0.02022
LINC01016	0.00594	0.00321	0.00561	0	0.00178
LINC01018	0.02509	0.07003	0.02422	0.00969	0.01585
LINC01019	0.01372	0.00409	6e-04	0	0
PURPL	0.00041	0.00258	0.00258	0.00149	0
LINC01022	0.08749	0.12357	0.13257	0.11321	0.15368
LINC01023	0.00839	0.02723	0.02069	0	0.03753
MALINC1	0.00727	0.0134	0.00612	0	0.00217
LINC01030	0	0.0029	0.00248	0	0.00114
LINC01039	0.00052	0.00224	0	0.00184	0
LINC01044	0.00608	0.0053	0.01307	0.00298	0.00026
LINC01047	0.0028	0.00283	0.00027	0	0.00215
SLC44A3-AS1	0.01838	0.0621	0.018	0.02584	0.03939
LINC01063	0.00355	0.00172	0.00477	0.00033	0
LINC01087	0.00394	0.00472	0.00342	0	0.00329
LINC01091	0	0.00208	0	0	0
LINC01094	0.24035	0.32992	0.35783	0.18167	0.28849
LINC01099	0.00137	0.00231	0.00751	0.00396	0.00052
LINC01104	0.01054	0.0057	0.01461	0.00403	0.01322
LINC01105	0.18809	0.22165	0.21073	0.10246	0.17343
LINC01106	0	0.01551	0.00062	0	0
LINC01119	0	0.00364	0	0	0
LINC01122	0.12451	0.11196	0.09922	0.06721	0.10885
LINC01124	0.00245	0.06009	0	0.00105	0.00494
C2orf92	0.00769	0.01633	0.00209	0	0.02904
LINC01128	0.0478	0.04413	0.05086	0.02063	0.04421
LINC01132	0	0.00254	0.00227	0.01651	0
LINC01133	0.03395	0.06702	0.02673	0.0375	0.04262
LINC01134	0.00617	0.00474	0.01634	0.00342	0.00586
LINC01135	0.00221	3e-05	0.00438	0	0.01783
LINC01136	0.00044	0.00273	0.00986	0.02086	0.02968
LINC01137	0.01146	0.03432	0.00344	0	0.00312
LINC01139	0	0.00766	0	0	0
LINC01140	0	0.00479	0.01163	0	0
LINC01141	0.03743	0.03138	0.00976	0.01197	0.02866
LINC01146	0.00876	0.0202	0.00618	0.00087	0.00097
LINC01150	0.00922	0.00209	0.00151	0.00049	0.00184
LINC01151	0.00179	0.00824	0.0116	0	0
LINC01152	0.00154	0.00804	0.00601	0.00092	0
PANTR1	0.00071	0.00193	0.00039	0	0.00194
LINC01160	0.1113	0.11333	0.12777	0.10054	0.09242
LINC01170	0.00268	0.0017	0	0.00432	0.00154
LINGO1	0	0.00404	0.0027	0	0
LIPA	0.07575	0.21744	1.13433	0.07419	0.04553
LIPC	0.10179	0.26115	0.06311	0.02008	0.02036
LIPE	0.00246	0.00239	0.00349	0.00164	0.00867
LIPG	0.02031	0.08685	0.01394	0	0
LIPT1	0.03867	0.04676	0.04665	0.03985	0.0208
LIPT2	0	0.01006	0.00737	0	0.00374
LITAF	0.6057	0.71907	1.07166	0.78082	0.50058
LIX1	0.00303	0.00288	0	0	0
LL22NC01-81G9.3	0.00045	0.00075	0.00775	0.00055	0.00304
LL22NC03-63E9.3	0.05916	0.08443	0.10798	0.03688	0.10892
LLGL1	0.02021	0.00664	0.01092	0.00478	0.0108
LLGL2	0.10321	0.13869	0.03374	0.01276	0.02312
LLPH	0.15333	0.1983	0.2855	0.36243	0.27658
LMAN1	0.33588	0.59131	0.36451	0.69518	1.44287
LMAN2	0.36211	0.78442	0.62399	0.5477	0.67704
LMAN2L	0.06757	0.1146	0.02723	0.07067	0.04145
LMBR1	0.0367	0.05997	0.03585	0.01482	0.02504
LMBR1L	0.02199	0.04347	0.04985	0.0415	0.01743
LMBRD1	0.09847	0.17214	0.14707	0.06158	0.13428
LMBRD2	0.02546	0.0901	0.09561	0.02278	0.0476
LMCD1	0.01569	0.01228	0.00061	0.00076	0.00346
LMCD1-AS1	0.00193	0.0106	0.00724	0.01887	0.01625
LMF1	0.04671	0.05649	0.077	0.00794	0.183
LMF2	0.1797	0.24859	0.1752	0.45119	0.30197
LMLN	0.11389	0.14513	0.15786	0.05936	0.0819
LMNA	0.12385	0.47092	0.41779	0.09628	0.0688
LMNB1	0.10982	0.04682	0.06874	0.74571	0.094
LMNB2	0.03634	0.01843	0.0242	0.17021	0.01783
LMO2	0	0.00365	0.10297	0.03797	0.02202
LMO4	0.15175	0.19214	0.17836	0.314	0.40538
LMO7	0.08967	0.36705	0.12125	0.19161	0.03463
LMOD1	0.01893	0.02826	0.00073	0.00502	0.04126
LMTK2	0.03403	0.09915	0.05666	0.14377	0.08323
LMTK3	0	0.00453	0.00691	0.00044	0.00574
LMX1B	0.00713	0.00747	0.00525	0.00195	0.00918
LNP1	0.00161	0.0046	0.00187	0.03097	0.01456
LNPEP	0.17219	0.03557	0.03801	0.16229	0.14885
LNX1	0.00085	0.00896	0.00216	0	0
LNX2	0.03812	0.08199	0.03259	0.00346	0.02637
LOH12CR2	0.087	0.08951	0.13181	0.1254	0.14456
LONP1	0.13252	0.26244	0.13444	0.15449	0.08584
LONP2	0.37354	0.40212	0.27499	0.31335	0.20753
LONRF1	0.00348	0.02344	0.05711	0.00418	0.014
LONRF2	0.00769	0.06266	0.01425	0.00052	0.00402
LONRF3	0.02039	0.06261	0.02359	0.02908	0.00105
LOX	0	0.00747	0	0	0
LOXL1-AS1	0.00041	0.00203	0.00078	0	0.00027
LOXL2	0.00249	0.00226	0.00061	0.03334	0.00634
LOXL3	0	0.00065	0.03035	0	0.00032
LOXL4	0.00912	0.22803	0.05953	0.01352	0.00034
LPA	0.00083	0.04412	0.00655	0	0
LPAL2	0.11078	0.10846	0.05288	0.05131	0.12092
LPAR2	0.10254	0.01677	0.06372	0.08559	0.04021
LPAR3	0.00041	0.00742	0.00642	0	0
LPAR5	0.02835	6e-05	0.00375	0.04444	0.02187
LPAR6	0.14438	0.0156	0.40974	0.06864	0.01444
LPCAT1	0.08659	0.1227	0.22827	0.05256	0.07067
LPCAT2	0.00363	0.05798	0.13948	0.02284	0.0044
LPCAT3	0.04528	0.13055	0.04534	0.07708	0.01581
LPCAT4	0.01778	0.0106	0.00713	0.01803	0.05331
LPGAT1	0.22072	0.55524	0.21837	0.19727	0.03323
LPIN1	0.5777	0.64413	0.43597	0.55775	0.54733
LPIN2	0.41904	0.51323	0.23089	0.38981	0.19809
LPIN3	0.00613	0.21956	0.07898	0.00104	0.01875
LPL	0.01128	0.00205	0.12932	0	0.0037
LPP	1.10363	1.29902	1.23811	1.0236	1.04438
LPP-AS2	0.02162	0.03866	0.05628	0.01895	0.02061
LPXN	0.35737	0.04807	0.11405	0.5244	0.17845
LRAT	0.57027	0.66367	0.61426	0.37327	0.60454
LRBA	0.36847	0.1696	0.16952	0.40624	0.18529
LRCH1	0.09553	0.07581	0.12729	0.10523	0.05044
LRCH3	0.06714	0.04938	0.05793	0.1081	0.04319
LRCH4	0.00295	0.00258	0.00618	0.00295	0.00059
LRFN1	0.00906	0.0092	0.0068	0	0.00927
LRFN3	0.01246	0.0142	0.0094	0.01693	0
LRFN4	0.00456	0.00212	0.01998	0.00595	0.00344
LRG1	0.14151	0.60752	0.24858	0.06835	0.10476
LRGUK	0.00082	0.00415	0.01276	0	0.0036
LRIF1	0.13008	0.12732	0.12777	0.14518	0.13747
LRIG1	0.06721	0.10566	0.00668	0.03607	0.02868
LRIG2	0.03259	0.02437	0.02842	0.00402	0.08644
LRIG3	0.00405	0.03807	0.00738	5e-04	0
LRMP	0.24798	0.01015	0.10035	0.4827	0.36319
LRP1	0.09204	0.48942	0.51915	0.00815	0.02507
LRP10	0.56528	0.42095	0.36621	0.70286	0.83415
LRP11	0.02997	0.09538	0.02199	0.00295	0
LRP12	0.01529	0.02737	0.03253	0.00241	0
LRP1B	0.00417	0.05391	0.01372	0	0
LRP2	0.00152	0.0065	0.00111	0	0.00329
LRP2BP	0.07853	0.08491	0.11912	0.06619	0.09776
LRP3	0.0233	0.06634	0.02761	0.04123	0.00112
LRP4	0	0.00736	0	0	0
LRP4-AS1	0.00233	0.00291	0.00687	0.00017	0.00444
LRP5	0.00338	0.1046	0.00808	0.00835	0.00067
LRP5L	0.02423	0.02949	0.00668	0.00568	0.00796
LRP6	0.02822	0.19548	0.03813	0.00044	0.00762
LRP8	0.07933	0.00679	0.00913	0.07615	0.03126
LRPAP1	0.47876	0.68606	0.49313	0.57681	0.63586
LRPPRC	0.28457	0.50369	0.26151	0.28526	0.16292
LRR1	0.02687	0.01743	0.01289	0.22139	0.01502
LRRC1	0.02125	0.03407	0.00329	0.01075	0.01308
LRRC14	0.06633	0.06745	0.01566	0.09242	0.05256
LRRC17	0.00206	0.00672	0	0	0
LRRC19	0.00308	0.00198	0	0	0
LRRC2	0.24867	0.38968	0.21071	0.17577	0.22144
LRRC20	0.03974	0.17475	0.08333	0.11695	0.02127
LRRC23	0.03017	0.0111	0.02722	0.01876	0
LRRC24	0.01374	0.04793	0.02876	0.00099	0.03157
LRRC25	0.00199	0.0056	0.16778	0.00242	0.00702
LRRC26	0	0.00229	0	0	0.00194
LRRC27	0.23601	0.3456	0.40013	0.25639	0.32855
LRRC28	0.15848	0.23036	0.2247	0.16727	0.13706
LRRC29	0.00196	0.01611	0.00706	0.00175	0.00848
LRRC3	0.0071	0.01015	0.01448	0.00305	0.00348
LRRC31	0.01717	0.08414	0.01849	0	0
LRRC32	0.00556	0.00826	0	0	0
LRRC34	0	0.00259	0.00117	0	0
LRRC37A	0.00104	5e-04	0.00223	0.00043	0.0024
LRRC37A11P	0.00647	0.00799	0.02396	0.01407	0.01067
LRRC37A2	0.02072	0.00644	0.00525	0.00851	0.00736
LRRC37A3	0.00384	0.01499	0.0215	0.02747	0.00304
LRRC37A4P	0.28164	0.06888	0.10041	0.29085	0.23149
LRRC37A6P	0.01195	0.02215	0.02367	0.01403	0.00633
LRRC37B	0.02098	0.01705	0.02447	0.02022	0.01537
LRRC39	0.00786	0.00709	0.00153	0	0
LRRC40	0.03376	0.09109	0.07191	0.09479	0.03307
LRRC41	0.05287	0.08175	0.03041	0.03949	0.03817
LRRC42	0.03539	0.08998	0.02619	0.02059	0.01441
LRRC45	0.04102	0.14138	0.0894	0.06668	0.04704
LRRC46	0.00084	0.00986	0.01653	0.00126	0.00084
LRRC47	0.16513	0.29769	0.21996	0.16561	0.20244
LRRC49	0.00163	0.01386	0.00879	0.00044	0.00541
LRRC56	0.00169	0.01825	0.00587	0	0.02409
LRRC57	0.1565	0.22293	0.19737	0.17187	0.1679
LRRC58	0.69362	0.8686	0.85684	0.62861	0.73901
LRRC59	0.06237	0.2254	0.16517	0.25012	0.26719
LRRC6	0.00651	0.03946	0.03092	0.00167	0.0035
LRRC61	0.03283	0.05335	0.01017	0.02962	0.02016
LRRC63	0.00051	0.00374	0	0.00212	0
LRRC69	0.00107	0.00985	0.0052	0.02809	0.00049
LRRC7	0	0.01037	0	0	0
LRRC73	0	0.00188	0.01631	0	0
LRRC8A	0.03686	0.12808	0.03738	0.04657	0.0205
LRRC8B	0.12	0.10142	0.11497	0.11437	0.0992
LRRC8C	0.055	0.00629	0.03236	0.05436	0.03464
LRRC8D	0.05707	0.10179	0.02081	0.07522	0.02306
LRRC8E	0.04366	0.01833	0.0213	0.00521	0.02348
LRRCC1	0.06629	0.05452	0.05367	0.26707	0.06622
LRRFIP1	1.38447	0.84249	1.42722	2.07321	0.86813
LRRFIP2	0.06988	0.12908	0.16861	0.09516	0.11491
LRRIQ1	0.00142	0.00769	0.00287	0	0.00535
LRRIQ3	0	0.00082	0	0	0
LRRK1	0.00257	0.00425	0.12181	0.17548	0.2104
LRRK2	0.01205	0.08621	0.26557	0.11416	0.06644
LRRN2	0	0.00261	0.00237	0	0.00045
LRRN3	0.03551	0.00136	0	0	0
LRRN4CL	0.06289	0.09692	0.09241	0.06086	0.06473
LRRTM2	0.00147	0.00075	0.00068	0.00793	0.00841
LRSAM1	0.06685	0.06315	0.08068	0.09681	0.08838
LRTOMT	0.02564	0.04127	0.04105	0.03874	0.05611
LRWD1	0.00033	0.00447	0.00655	0.00971	0.00474
LSAMP-AS1	0	0.00218	0	0	0
LSG1	0.29048	0.29209	0.22831	0.43802	0.26651
LSM1	0.08853	0.05264	0.03918	0.21803	0.09156
LSM10	0.25668	0.15413	0.08377	0.31188	0.36923
LSM11	0.22448	0.26667	0.28516	0.18811	0.23457
LSM12	0.13495	0.22012	0.14628	0.38616	0.21064
LSM14A	0.30017	0.21873	0.12893	0.50635	0.1654
LSM14B	0.0849	0.09461	0.06753	0.16464	0.01064
LSM2	0.27066	0.224	0.07289	0.58203	0.14914
LSM3	0.3502	0.40254	0.22528	0.8374	0.33869
LSM4	0.14072	0.3613	0.24272	0.46709	0.05261
LSM5	0.11032	0.13089	0.08924	0.46797	0.17481
LSM6	0.1186	0.04833	0.06714	0.19206	0.03277
LSM7	0.46114	0.20071	0.22989	0.87054	0.40802
LSMEM1	0.00232	0.01332	0	0	0.02255
LSMEM2	0	6e-04	0	0	0.00046
LSP1	0.29543	0.01718	0.23438	0.31401	0.24439
LSR	0.06404	0.163	0.04133	0.0355	0.03448
LSS	0.07126	0.22832	0.0455	0.08005	0.0124
LST1	0.08367	0.0184	0.42521	0.16208	0.04763
LTA	0.19372	0.00503	0.01091	0.10145	0.01934
LTA4H	0.09041	0.1148	0.14003	0.13095	0.08655
LTB	0.95201	0.04836	0.17077	0.24692	0.37663
LTB4R	0.05685	0.05554	0.0497	0.02441	0.04416
LTB4R2	0.00821	0.00168	0.02795	0.00125	0
LTBP1	0	0.02574	0.00124	0	0.00384
LTBP2	0.00136	0.01419	0.06463	0.00119	0
LTBP3	0.13413	0.21983	0.05529	0.02044	0.05411
LTBP4	0.02848	0.02064	0.01427	0.00994	0.01278
LTBR	0.02237	0.30242	0.36025	0.01422	0.00666
LTC4S	0.00565	0.0032	0.09178	0.0058	0.03556
LTK	0.00967	0.00091	0.00035	0.02457	0.00208
LTN1	0.14068	0.15421	0.18005	0.24376	0.21491
LTV1	0.18038	0.21495	0.15063	0.32844	0.10804
LUC7L	0.25143	0.13053	0.10531	0.31702	0.30341
C7orf55-LUC7L2	0.0167	0.00457	0.0048	0.03265	0.01381
LUC7L3	1.04903	1.27968	0.92342	1.1494	1.18448
LUCAT1	0.06772	0.11818	0.05696	0.02153	0.12783
LURAP1	0	0.0031	0.00571	0.00711	0.00217
LURAP1L	0.01601	0.03565	0.01309	0.00353	0
LUZP1	0.13723	0.13998	0.2546	0.24244	0.06856
LUZP2	0.00835	0.00388	0.00235	0	0.00688
LXN	0.01986	0.00093	0.0321	0.04058	0.00471
LY6E	0.12173	0.05452	0.09557	0.09667	0.05572
LY6G5B	0.00715	0.00255	0	0.00049	0.00105
LY6G5C	0.02703	0.01236	0.02736	0.00852	0.01137
LY6K	0.0567	0.13176	0.09082	0.00738	0.00198
LY75	0.05176	0.00688	0.02813	0.05943	0.02079
LY86	0.0013	0.0059	0.09681	0.08537	0.0618
LY86-AS1	0.00428	0.00163	0	0.00222	0.00135
LY9	0.18442	0.00418	0.01323	0.17293	0.11043
LY96	0.00587	0.02215	0.14782	0.02199	0.19408
LYAR	0.11998	0.0837	0.07825	0.25515	0.07751
LYG1	0.00732	0.01829	0.01704	0.01582	0.00844
LYG2	0.00033	0.00083	0	0.00037	0
LYL1	0.06903	0.01244	0.26731	0.17126	0.05819
LYN	0.07702	0.0363	0.33943	0.15697	0.11813
LYNX1	0.03428	0.20297	0.07923	0.00396	0.00141
LYPD1	0.00675	0.00786	0.00467	0	0.00047
LYPD3	0.00694	0.00701	0.00157	0.00172	0
LYPD5	0	0.00413	0.01058	0	0
LYPD6	0	0.00587	0	0	0
LYPLA1	0.17149	0.18277	0.10556	0.22487	0.13764
LYPLA2	0.14222	0.24763	0.32478	0.23207	0.09329
LYPLAL1	0.0189	0.17901	0.07127	0.01094	0.025
LYRM1	0.07225	0.16583	0.05243	0.08817	0.13748
LYRM2	0.38963	0.34951	0.3151	0.45548	0.31437
LYRM4	0.08263	0.17835	0.07999	0.26255	0.06118
LYRM7	0.44251	0.58659	0.54059	0.52725	0.46769
LYRM9	0.02603	0.02548	0.02696	0.0041	0.00248
LYSMD1	0.00054	0.04704	0.01547	0.00358	0.00283
LYSMD2	0.03398	0.03264	0.0206	0.03468	0.00613
LYSMD3	0.12554	0.11297	0.09045	0.07477	0.18727
LYSMD4	0.00291	0.03013	0.0116	0.0061	0.01273
LYST	1.08251	0.26581	0.29853	0.73985	0.4752
LYVE1	0.00033	0.00853	0.09253	0	0
LYZ	0.06378	0.3009	0.92194	0.20899	0.03311
LZIC	0.2406	0.3313	0.27768	0.27481	0.1412
LZTFL1	0.02035	0.01544	0.01191	0.02348	0.07079
LZTR1	0.05673	0.11964	0.11483	0.06809	0.09543
LZTS1	0.01167	0.00256	0.00023	0.00855	0.0014
LZTS2	0.02071	0.05159	0.0628	0.00037	0.01716
LZTS3	0.00777	0.0766	0.04087	0	0.01422
M1AP	0.00314	0.00475	0.01371	0	0.00098
M6PR	0.3474	0.14933	0.4772	0.71057	0.18301
MAATS1	0.00488	0.03012	0.02312	5e-04	0
MAB21L2	0	0.00192	0.00142	0	0
MAB21L3	1.02039	1.34279	1.28434	0.76803	0.82926
MACC1	0.14822	0.21282	0.27843	0.12714	0.23192
MACF1	1.35789	0.66117	0.79844	1.26201	0.58449
MACROD1	0.0095	0.06499	0.03725	3e-04	0.02207
MACROD2	0.00334	0.058	0.00094	0.01313	0.00053
MAD1L1	0.21158	0.09892	0.13193	0.35444	0.05547
MAD2L1	0.03887	0.01559	0.00421	0.29629	0.01002
MAD2L1BP	0.04253	0.03806	0.01787	0.01996	0.01657
MAD2L2	0.10607	0.23827	0.14503	0.56512	0.12064
MADD	0.09221	0.09306	0.13146	0.21654	0.05913
MAEA	0.08278	0.1918	0.1622	0.07037	0.10335
MAF	0.46677	0.22834	0.9134	0.17286	0.03694
MAF1	0.18541	0.19118	0.13256	0.28627	0.19813
MAFA	0.00728	0.02219	0.00527	0.01991	0
MAFB	0.0664	0.11354	0.95647	0.043	0.02467
MAFF	0.07491	0.0843	0.18308	0.13438	0.0799
MAFG	0.04461	0.14958	0.10959	0.01397	0.01641
MAFG-DT	0.00648	0.04405	0.02374	0.00089	0.0393
MAFK	0.024	0.03793	0.04042	0.02994	0.02067
MAGEA1	0.01044	0.02998	0.01495	0	0.00048
MAGEA10	0.00512	0.00294	0.00313	0.00263	0.00052
MAGEA12	0	0.00364	0	0	0.00085
MAGEA3	0.00158	0.00604	0	0	0.00297
MAGEA6	0.00886	0.00396	0.00202	0	0.00027
MAGEB10	0.06627	0.07096	0.08625	0.03605	0.08443
MAGEB2	0.00187	0.03515	0.01523	0.00044	0.00064
MAGEC1	0.0148	0.00347	0.00683	0.00025	0.00072
MAGEC2	0.01193	0.00812	0.00094	0	0.00293
MAGED1	0.15413	0.55863	0.22766	0.23866	0.48611
MAGED2	0.1777	0.22231	0.09194	0.11669	0.35024
MAGEE1	0.00025	0.0115	0	0.0588	0.00051
MAGEF1	0.03086	0.078	0.02703	0.02948	0.05033
MAGEH1	0.05032	0.02716	0.03554	0.0439	0.09567
MAGI1	0.03247	0.1595	0.0328	0.0037	0.03374
MAGI2	0	0.01476	0.00258	0	0.00596
MAGI2-AS3	0.00844	0.03961	0.0261	0.00377	0.0079
MAGI3	0.07345	0.18448	0.06976	0.05837	0.03517
MAGOH	0.07503	0.04708	0.04049	0.07521	0.03926
MAGOHB	0.06723	0.07891	0.05869	0.12822	0.07486
MAGT1	0.26585	0.55862	0.48046	0.5102	0.53535
MAK	0.0018	0.00225	0.00138	0	0.0011
MAK16	0.04631	0.03216	0.08343	0.08021	0.03991
MAL2	0.01145	0.09813	0.02967	0	0.00061
MALAT1	5.58616	5.14521	5.75437	4.92589	5.90643
MALL	0.00393	0.00489	0.00216	0.00772	0.00515
MALSU1	0.07918	0.22143	0.09384	0.16249	0.05417
MALT1	0.20978	0.11667	0.12675	0.29717	0.27007
MAMDC4	0.03222	0.04016	0.00919	0.06998	0.07889
MAML1	0.0539	0.03825	0.02197	0.03106	0.02195
MAML2	0.07991	0.03493	0.16204	0.02789	0.0176
MAML3	0.02892	0.03961	0.09851	0.0049	0.02731
MAMLD1	0.0064	0.01331	0.00787	0	0
MAMSTR	0.00137	0.00923	0.00306	0.00331	0.00351
MAN1A1	0.20687	0.60738	0.36248	0.42648	0.95955
MAN1A2	0.64525	0.50605	0.34547	0.63986	1.27563
MAN1B1	0.10881	0.22276	0.15736	0.15604	0.09591
MAN1C1	0.02615	0.0843	0.03706	0.04309	0.00198
MAN2A1	0.30824	0.56856	0.29084	0.31506	0.41266
MAN2A2	0.11371	0.29801	0.15884	0.12826	0.21199
MAN2B1	0.15473	0.11583	0.53274	0.29429	0.51609
MAN2B2	0.18329	0.20893	0.19248	0.12169	0.10078
MAN2C1	0.13202	0.27779	0.20054	0.1933	0.21536
MANBA	0.05878	0.06614	0.1704	0.10482	0.02391
MANBAL	0.0877	0.18344	0.11682	0.07593	0.07704
MANEA	0.04517	0.1124	0.05249	0.15114	0.38117
MANEA-DT	0.0105	0.0077	0.0193	0.01068	0.05779
MANEAL	0.07591	0.15444	0.14197	0.01394	0.05344
MANF	0.13636	0.36312	0.15503	0.3801	0.58384
MANSC1	0.00227	0.01956	0.00656	0.0116	0.00679
MAOA	0.07528	0.45222	0.19508	0.04274	0.00922
MAOB	0.09198	0.35713	0.1539	0.00548	0.02138
MAP10	0.00041	0.02889	0.01503	0.01084	0.01209
MAP1A	0.00757	0.02256	0.02852	0.01991	0.00844
MAP1B	0.00383	0.02776	0.01786	0.03556	0.00043
MAP1LC3A	0.06275	0.06388	0.01418	0.03516	0.01707
MAP1LC3B	0.20993	0.17866	0.41534	0.2588	0.2732
MAP1LC3C	0	0.00117	0.006	0	0.0021
MAP1S	0.06076	0.04463	0.05167	0.12211	0.04175
MAP2	0.03234	0.24515	0.11325	0.01692	0.00529
MAP2K1	0.05221	0.04924	0.06112	0.10595	0.01941
MAP2K2	0.28176	0.29747	0.32018	0.55942	0.35899
MAP2K3	0.1039	0.10325	0.30816	0.20978	0.08474
MAP2K4	0.08963	0.09704	0.10127	0.17474	0.06028
MAP2K5	0.04195	0.04621	0.05672	0.02901	0.03249
MAP2K6	0.2032	0.26719	0.17131	0.15803	0.16079
MAP2K7	0.10125	0.11018	0.10052	0.11621	0.08913
MAP3K1	0.1666	0.0951	0.19012	0.19964	0.27516
MAP3K10	0.01314	0.01335	0.01725	0.01865	0.01212
MAP3K11	0.14434	0.42432	0.26094	0.28289	0.08805
MAP3K12	0.0217	0.01068	0.02457	0.01684	0.01291
MAP3K13	0.15205	0.45948	0.22088	0.16992	0.32276
MAP3K14	0.09159	0.07657	0.14366	0.12659	0.07339
MAP3K14-AS1	0.01237	9e-05	0.00022	0	0.02888
MAP3K15	0.03085	0.03859	0.02364	0.01234	0.03615
MAP3K2	0.40536	0.43293	0.35701	0.35586	0.34148
MAP3K3	0.10352	0.08497	0.21408	0.24739	0.12563
MAP3K4	0.06634	0.13479	0.12111	0.08579	0.09709
MAP3K5	0.23847	0.0822	0.18667	0.40005	0.07773
MAP3K6	0.03833	0.02027	0.03127	0.02348	0.01849
MAP3K7	0.13129	0.2059	0.13452	0.18265	0.09791
MAP3K7CL	0.01292	0.01777	0.00583	0.01352	0.0135
MAP3K8	0.05661	0.06491	0.18638	0.14634	0.095
MAP3K9	0.24951	0.34874	0.29528	0.24476	0.32417
MAP4	0.47824	0.43689	0.39496	0.44971	0.21812
MAP4K1	0.45171	0.03389	0.08813	0.8171	0.43575
MAP4K2	0.04	0.05675	0.03457	0.07169	0.04931
MAP4K3	0.09564	0.12172	0.04662	0.01878	0.09076
MAP4K4	0.30943	0.48328	0.33117	0.72832	0.2697
MAP4K5	0.14341	0.12642	0.10928	0.11967	0.17758
MAP6	0.00167	0.04165	0.0148	0.00056	0
MAP6D1	0.00684	0.00605	0.00489	0.02143	0.00343
MAP7	0.02103	0.13573	0.12012	0.01621	0.01028
MAP7D1	0.13598	0.06341	0.1645	0.25722	0.15212
MAP7D2	0.00437	0.01331	0.00656	0	0.00033
MAP7D3	0.17383	0.06711	0.12708	0.18292	0.15271
MAP9	0.04336	0.00368	0.00229	0.01263	0.07409
MAPK1	0.22882	0.22607	0.16676	0.15874	0.0742
MAPK10	0.01541	0.03165	0.01143	0.00255	0.00509
MAPK11	0.01342	0.06753	0.05939	0.03686	0.00399
MAPK12	0.0358	0.12722	0.09925	0.0394	0.02967
MAPK13	0.31666	0.23706	0.23402	0.30429	0.29646
MAPK14	0.17858	0.30795	0.23766	0.25124	0.11448
MAPK1IP1L	0.27612	0.17578	0.15523	0.35255	0.2988
MAPK3	0.03902	0.04408	0.0579	0.06607	0.02394
MAPK4	0.00041	0.00565	0	0	0.00697
MAPK6	0.18461	0.39699	0.24783	0.27349	0.16289
MAPK7	0.02185	0.01599	0.05658	0.04321	0.03199
MAPK8	0.04072	0.12046	0.03358	0.07359	0.08802
MAPK8IP1	0.01064	0.04331	0.02306	0	0
MAPK8IP2	0.0084	0.08781	0.05225	0	0
MAPK8IP3	0.06691	0.05208	0.08847	0.01157	0.07196
MAPK9	0.0417	0.08656	0.0753	0.11099	0.08578
MAPKAP1	0.22878	0.14395	0.22872	0.52999	0.2109
MAPKAPK2	0.28085	0.3334	0.24309	0.3455	0.4958
MAPKAPK3	0.10923	0.0678	0.08646	0.15848	0.07809
MAPKAPK5	0.02847	0.07586	0.07821	0.05083	0.05114
MAPKAPK5-AS1	0.06755	0.07128	0.05949	0.09777	0.09573
MAPKBP1	0.05519	0.09247	0.07179	0.07455	0.08437
MAPRE1	0.18817	0.08918	0.15024	0.4675	0.085
MAPRE2	0.2696	0.07808	0.11475	0.20102	0.13383
MAPRE3	0.006	0.01482	0.01257	0	0.00089
MAPT	0.00072	0.0405	0.00237	0.03281	0
MARCKSL1	0.07554	0.06697	0.03903	0.04047	0.12583
MARCO	0.00136	0.00315	0.04999	0.04067	6e-04
MARK1	0.00035	0.00493	0	0	0
MARK2	0.21249	0.08953	0.14023	0.15912	0.10369
MARK3	0.47967	0.31589	0.28406	0.4973	0.42087
MARK4	0.07124	0.05997	0.01598	0.06429	0.0156
MARS	0.14572	0.18833	0.16571	0.24592	0.59708
MARS2	0.03709	0.01876	0.008	0.00245	0.00041
MARVELD1	0.00178	0.01168	0.0628	0.02753	0.00279
MARVELD2	0.0092	0.06206	0.00613	0.00281	0.02508
MARVELD3	0.20707	0.31521	0.23871	0.18441	0.28601
MASP1	0.03779	0.28286	0.07842	0.02284	0.00155
MASP2	0.01045	0.29027	0.01981	0.00189	0.00147
MAST1	0	0.00911	0	0	0.00986
MAST2	0.01431	0.09491	0.05205	0.16017	0.03354
MAST3	0.12781	0.22218	0.10304	0.14096	0.21511
MAST4	0.13808	0.19522	0.11506	0.06226	0.03511
MASTL	0.19523	0.20097	0.20323	0.34276	0.20882
MAT1A	0.37443	1.70993	0.61506	0.13408	0.13239
MAT2A	0.18396	0.32648	0.40196	0.37173	0.18406
MAT2B	0.25304	0.1541	0.14689	0.25309	0.13596
MATK	0.29675	0.00759	0.06571	0.14426	0.01791
MATN1	0	0.0015	0	0	0.0178
MATN1-AS1	0.00789	0.00714	0.00436	0.0014	0.00602
MATN2	0.00903	0.0645	0.03648	0	0
MATN3	0.00064	0.00828	0	0	0
MATR3	0.83385	0.6837	0.78464	1.3447	0.77455
MAU2	0.17665	0.21712	0.1461	0.17877	0.20693
MAVS	0.72881	1.07971	0.95779	0.63204	0.66553
MAX	0.1161	0.08387	0.17357	0.12032	0.10439
MAZ	0.05247	0.09452	0.05272	0.08622	0.03678
MB	0	0.00038	0	0	0
CGAS	0.05195	0.00648	0.05298	0.13456	0.03395
MB21D2	0.00362	4e-04	0.02634	0.00063	0.00638
MBD1	0.12088	0.11848	0.05439	0.12088	0.14101
MBD2	0.44442	0.13446	0.33855	0.74511	0.48877
MBD3	0.24495	0.26358	0.21945	0.33825	0.23359
MBD4	0.26389	0.17098	0.17356	0.30042	0.44018
MBD5	0.03998	0.02315	0.01152	0.0099	0.06077
MBD6	0.16829	0.1169	0.08276	0.1103	0.09769
MBIP	0.06698	0.04171	0.03728	0.12259	0.05231
MBL1P	0.00094	0.01166	0	0	0
MBL2	0.00145	0.05794	0.00726	0	0.00188
MBLAC1	0.01695	0.00947	0.01037	0.02686	0.01248
MBLAC2	0.02828	0.01916	0.00286	0.00264	0.01531
MBNL1	1.06648	0.30319	0.61644	1.23119	0.53587
MBNL1-AS1	0.02834	0.00265	0.0132	0.00187	0.01177
MBNL2	0.08669	0.13753	0.11025	0.15649	0.40337
MBNL3	0.11147	0.48363	0.10249	0.23199	0.10881
MBOAT1	0.06505	0.0841	0.08238	0.02869	0.01591
MBOAT2	0.19711	0.26581	0.24742	0.18436	0.21387
MBOAT7	0.1015	0.17276	0.16516	0.15763	0.12703
MBP	0.34479	0.20352	0.29364	0.37494	0.15454
MBTD1	0.0207	0.08552	0.06565	0.10497	0.10553
MBTPS1	0.18672	0.23389	0.08754	0.21766	0.38253
MBTPS2	0.05458	0.10021	0.03635	0.01236	0.0217
MC1R	0	0.00907	0.00459	0.00633	0.02338
MC2R	0.01992	0.02079	0.04324	0.00889	0.02901
MCAM	0.03554	0.05189	0.03779	0.01181	0.03087
MCAT	0.00999	0.05233	0.02166	0.01678	0.01544
MCC	0.00033	0.01538	0.04157	0.02961	0.03126
MCCC1	0.11586	0.20655	0.11617	0.10739	0.05404
MCCC2	0.13943	0.18928	0.18595	0.11538	0.09169
MCCD1	0	0.00548	0.00083	0	0
MCEE	0.00572	0.03056	0.00402	0.03014	0.08177
MCF2L	0.01159	0.03243	0.02192	0.03904	0.00621
MCF2L-AS1	0.00026	0.00385	0	0.00078	0.00088
MCF2L2	0.03302	0.00637	0.00948	0.00196	0.00626
MCFD2	0.12568	0.45469	0.26935	0.23236	0.18307
MCHR1	0.00069	0.01007	0.00371	0	0
MCHR2	0.00282	0.0073	0.00967	0.00089	0.00295
MCL1	1.0877	0.47198	1.15954	0.87625	1.28994
MCM10	0.04373	0.03162	0.00276	0.2873	0.02202
MCM2	0.0488	0.0451	0.02677	0.1659	0.00578
MCM3	0.23102	0.17244	0.16485	0.76161	0.10616
MCM3AP	0.25437	0.16802	0.1673	0.1824	0.11949
MCM3AP-AS1	8e-04	0.0089	6e-04	0	0.01145
MCM4	0.16284	0.15363	0.12235	0.75195	0.07259
MCM5	0.20263	0.11317	0.18858	0.58149	0.1897
MCM6	0.11674	0.0778	0.05462	0.35063	0.03135
MCM7	0.18403	0.3335	0.15666	0.88159	0.14511
MCM8	0.10651	0.0854	0.04382	0.24222	0.09715
MCM9	0.08121	0.04561	0.04244	0.10672	0.07609
MCMBP	0.13237	0.0921	0.12926	0.218	0.07373
MCMDC2	0.00223	0.01073	0.00195	5e-04	0.00399
MCOLN1	0	0.00596	0.02747	0.00408	0.00204
MCOLN2	0.13475	0.0272	0.07126	0.13141	0.10577
MCOLN3	0	0.00343	0	0	0
MCPH1	0.22726	0.06859	0.08689	0.13158	0.22383
MCRS1	0.11478	0.11653	0.07812	0.2414	0.04881
MCTP1	0.01487	0.0742	0.15278	0.0137	0.00037
MCTP2	0.09495	0.02071	0.03323	0.09237	0.04583
MCTS1	0.49381	0.63807	0.50782	0.7117	0.62122
MCU	0.0164	0.0257	0.04976	0.04817	0.00577
MCUR1	0.15126	0.34455	0.31726	0.27363	0.26414
MDC1	0.1126	0.1554	0.12546	0.26619	0.15212
MDFIC	0.51104	0.15251	0.32481	0.37425	0.40689
MDGA1	0.01907	0.00989	0.00363	0.00611	0.02469
MDGA2	0.00885	0.02754	0.01838	0	0
MDH1	0.22265	0.40239	0.28755	0.47546	0.12812
MDH1B	0.00136	0.01678	0.00213	0.00215	0.00048
MDH2	0.3152	0.48138	0.22288	0.62808	0.33692
MDK	0.14641	0.50624	0.19233	0.0313	0.05721
MDM1	0.06247	0.05808	0.0361	0.12703	0.07778
MDM2	0.22442	0.35705	0.30682	0.41578	0.51971
MDM4	0.99216	0.79742	0.66096	1.20274	1.04575
MDN1	0.25536	0.35854	0.26657	0.27497	0.23308
MDS2	0.00316	0.0011	0.00068	0.00026	0.00014
ME1	0.05104	0.2157	0.27876	0.00337	0.00109
ME2	0.13719	0.10114	0.27003	0.24803	0.26296
ME3	0.00771	0.05921	0.01648	0	0.00456
MEA1	0.19952	0.41502	0.24981	0.75858	0.253
MEAF6	0.29794	0.33157	0.21243	0.4525	0.30423
MECOM	0.05621	0.07779	0.06448	0.00604	0.05274
MECP2	0.16319	0.10382	0.11576	0.14081	0.07453
MECR	0.03568	0.11003	0.04078	0.09452	0.03324
MED1	0.28297	0.19765	0.14827	0.44719	0.23344
MED10	0.13364	0.11228	0.08272	0.19339	0.07457
MED11	0.04084	0.03513	0.04001	0.07684	0.02273
MED12	0.05214	0.06524	0.06869	0.05583	0.05219
MED12L	0	0.00305	5e-04	0.00056	0.00614
MED13	0.37162	0.39036	0.29251	0.46985	0.42817
MED13L	0.14977	0.22946	0.28091	0.35298	0.55914
MED14	0.12315	0.08203	0.06904	0.17635	0.12191
MED15	0.23648	0.07768	0.11983	0.22278	0.11429
MED15P9	0.09487	0.15028	0.15033	0.08758	0.12513
MED16	0.18052	0.20489	0.11063	0.31007	0.15408
MED17	0.08918	0.06817	0.04285	0.13337	0.07326
MED18	0.06298	0.0661	0.06403	0.06313	0.06028
MED19	0.11679	0.13695	0.08881	0.18539	0.18466
MED20	0.01036	0.041	0.01495	0.01865	0.00277
MED21	0.03246	0.04186	0.03637	0.02987	0.03365
MED22	0.02133	0.02923	0.05825	0.03933	0.06065
MED23	0.12033	0.14339	0.06896	0.08469	0.07955
MED24	0.16802	0.31485	0.19808	0.39387	0.18618
MED25	0.02584	0.04656	0.04012	0.03207	0.05041
MED26	0.08657	0.02961	0.02637	0.05308	0.03712
MED27	0.0631	0.01941	0.02615	0.04374	0.01731
MED28	0.08974	0.07977	0.06173	0.14458	0.06902
MED29	0.31109	0.28147	0.35277	0.39861	0.26231
MED30	0.05794	0.03088	0.02909	0.10862	0.01804
MED31	0.03759	0.03264	0.02507	0.02313	0.08925
MED4	0.27536	0.18636	0.15603	0.57983	0.23541
MED6	0.20566	0.13299	0.11363	0.26079	0.13427
MED7	0.03151	0.07	0.0291	0.10717	0.04132
MED8	0.07546	0.15853	0.09524	0.15096	0.08294
MED9	0.02309	0.04383	0.00656	0.00343	0.04162
MEF2A	0.15387	0.18391	0.50471	0.24834	0.38407
MEF2C	0.04513	0.04893	0.78479	0.53412	1.12963
MEF2C-AS1	0.02414	0.03373	0.06175	0.02384	0.03772
MEF2D	0.05853	0.06861	0.03984	0.12862	0.14133
MEFV	0.00184	0.00584	0.02708	0.0181	0.00659
MEG3	0.06579	0.07277	0.07705	0.02495	0.05989
MEGF6	0.01855	0.0247	0.01767	0.00166	0.0271
MEGF8	0.09577	0.19213	0.08991	0.03434	0.10563
MEGF9	0.1962	0.35305	0.20234	0.20294	0.21116
MEI1	0.09234	0.00608	0.00216	0.14327	0.55735
MEI4	0.00497	0.01104	0.00691	0	0
MEIG1	0	0.00272	0	0	0
MEIOB	0.00385	0.02788	0.01547	0.00508	0
MEIS1	0.0038	0.02573	0.00456	0	0
MEIS2	0.02826	0.14092	0.02078	0.00037	0.00089
MEIS3P1	0	0.00132	0.00676	5e-04	0
MELK	0.031	0.01626	0.01711	0.40291	0.03333
MEMO1	0.03009	0.03108	0.01635	0.02037	0.01235
MEN1	0.09891	0.13509	0.06902	0.1572	0.06047
MEOX2	0	0.00475	0	0	0
MEP1A	0.00483	0.08549	0.01252	0	0
MEPCE	0.12291	0.26425	0.27223	0.27778	0.13293
MERTK	0.00595	0.04522	0.23171	0.00455	0.05376
TLNRD1	0.03986	0.07138	0.0614	0.11091	0.04452
MESD	0.39414	0.48197	0.42702	0.60858	0.64534
MESP1	0.01031	0.02594	0.00472	0.00295	0.04826
MESP2	0.00934	0.00524	0	0	0.00135
MEST	0.00343	0.03754	0.00506	0.00034	0
MET	0.07686	0.53543	0.09649	0.03559	0.02455
METAP1	0.15885	0.08695	0.07457	0.14691	0.04901
METAP1D	0.02519	0.04169	0.02006	0	0.00909
METAP2	0.44702	0.51915	0.45893	0.8657	0.50695
METRN	0.01497	0.02196	0.02715	0.00219	0.00781
METRNL	0.05567	0.00962	0.24241	0.0525	0.01478
METTL1	0.03864	0.10525	0.07812	0.11169	0.06402
EEF1AKMT2	0.0221	0.04515	0.02493	0.07236	0.03782
CSKMT	0.05825	0.05667	0.03002	0.08673	0.08905
METTL13	0.14344	0.18942	0.08791	0.24845	0.13138
METTL14	0.11185	0.07844	0.07352	0.0764	0.09608
METTL15	0.16465	0.16589	0.07243	0.12859	0.12658
METTL16	0.25621	0.15551	0.16823	0.13153	0.14229
METTL17	0.10493	0.11679	0.1483	0.22141	0.09081
METTL18	0.02707	0.04055	0.02442	0.00789	0.02744
METTL21A	0.02883	0.03003	0.05501	0.08405	0.053
EEF1AKMT3	0.01233	0.02557	0.00933	0.00073	0.03611
METTL21EP	0.00497	0.00243	0.00162	0	0.00548
METTL22	0.03023	0.0244	0.0333	0.06606	0.03899
METTL23	0.1211	0.10598	0.08905	0.17367	0.11741
METTL25	0.06153	0.04956	0.01479	0.05036	0.09497
METTL2A	0.30653	0.33887	0.34295	0.25582	0.31889
METTL2B	0.19982	0.21862	0.28986	0.11747	0.21819
METTL3	0.12198	0.09603	0.06437	0.07665	0.09146
METTL4	0.04379	0.03393	0.02002	0.01612	0.02753
METTL5	0.10479	0.18055	0.08665	0.12939	0.11024
METTL6	0.20041	0.24297	0.1915	0.19759	0.14995
METTL7A	0.7272	1.65814	1.11778	0.555	1.04859
METTL7B	0.03913	0.22717	0.06928	0.00314	0.0098
METTL8	0.25462	0.23982	0.18784	0.33339	0.30486
METTL9	0.1668	0.0653	0.09349	0.25813	0.12001
MEX3A	0.007	0.05135	0.01603	0.00049	0.00069
MEX3B	0.01855	0.00192	0.00803	0.0013	0
MEX3C	0.07124	0.0397	0.03663	0.06159	0.0449
MEX3D	0.01052	0.0501	0.01633	0.00442	0
MFAP1	0.108	0.17504	0.18394	0.42468	0.09972
MFAP3	0.01267	0.04201	0.036	0.04122	0.01631
MFAP3L	0.01338	0.05666	0.01463	0.00826	0.00427
MFAP5	0.03705	0.05525	0.05221	0.04806	0.03926
MFF	0.22395	0.19835	0.16558	0.41325	0.32514
MFGE8	0.01018	0.00912	0.01413	0.00867	0.00097
MFHAS1	0.03703	0.02042	0.03548	0.0855	0.01428
MFN1	0.07402	0.09399	0.04583	0.0807	0.09668
MFN2	0.1836	0.3707	0.11281	0.18583	0.11066
MFNG	0.08056	0.00756	0.07092	0.19238	0.07894
MFSD1	0.07081	0.16654	0.63784	0.10836	0.11036
MFSD10	0.10274	0.03324	0.035	0.07365	0.0371
MFSD11	0.18125	0.23493	0.2386	0.15887	0.19241
MFSD12	0.01388	0.0613	0.21506	0.01271	0.07629
MFSD2A	0.0516	0.12289	0.0847	0.01607	0.06454
MFSD2B	0.00076	0.00454	0.00529	0	5e-04
MFSD3	0.05468	0.16137	0.08197	0.01366	0.11336
MFSD5	0.06766	0.10481	0.09079	0.04434	0.0581
MFSD6	0.12247	0.02437	0.01384	0.15372	0.08537
SLC49A3	0.00181	0.00749	0.08653	0.00166	0.00066
MFSD8	0.05595	0.07638	0.02274	0.00834	0.04547
MFSD9	0.10449	0.14911	0.16113	0.07636	0.13026
MGA	0.24808	0.24714	0.19452	0.23032	0.2407
MGAT1	0.18898	0.28257	0.71814	0.29697	0.47443
MGAT2	0.09221	0.09925	0.05541	0.09555	0.18686
MGAT3	0.00449	0.00067	0	0.00229	0.03798
MGAT4A	0.24347	0.22164	0.2472	0.15405	0.16297
MGAT4B	0.1184	0.4158	0.31522	0.1583	0.13409
MGAT5	0.13064	0.04855	0.14014	0.06903	0.01996
OGA	0.90106	0.54859	0.58031	0.8477	0.64194
MGLL	0.0715	0.27651	0.39385	0.06707	0.28456
MGME1	0.07613	0.08931	0.08321	0.36375	0.15742
MGMT	0.28658	0.31065	0.26956	0.25325	0.21624
MGP	0	0.00861	0.0031	0	0
MGRN1	0.04479	0.02973	0.07302	0.02341	0.05215
MGST1	0.19107	0.89719	0.31551	0.04836	0.05836
MGST2	0.02408	0.15612	0.13512	0.01559	0.01527
MGST3	0.07939	0.22075	0.14909	0.06358	0.08566
MIA	0.00894	0.00282	0	0	0
MIA3	0.4176	0.69659	0.45171	0.51036	0.56324
MIAT	0.43995	0.01874	0.01833	0.29799	0.3004
MIB1	0.13339	0.20039	0.1691	0.23318	0.09322
MIB2	0.04976	0.07275	0.03429	0.05431	0.04463
MICA	0.07087	0.09949	0.0474	0.06167	0.09064
MICAL1	0.22109	0.02976	0.2219	0.16007	0.18351
MICAL2	0.07651	0.03263	0.02045	0.06657	0.03977
MICAL3	0.14317	0.22264	0.14228	0.12769	0.19931
MICALL1	0.042	0.05984	0.05223	0.17025	0.05932
MICALL2	0.03423	0.06489	0.03915	0	0.0052
MICB	0.049	0.01226	0.0253	0.07062	0.05815
MICU1	0.15087	0.20852	0.17795	0.08215	0.17036
MICU2	0.08199	0.07621	0.06306	0.18972	0.08984
MICU3	0.01547	0.04194	0.0026	0.0022	0.01071
MID1	0.01342	0.08134	0.022	0.01566	0.01386
MID1IP1	0.03642	0.11409	0.06884	0.02257	0.01373
MID2	0.03373	0.06868	0.01427	0.00142	0.00745
MIDN	0.20631	0.10067	0.25263	0.22598	0.07377
MIEF1	0.1651	0.22969	0.20642	0.14775	0.24204
MIEF2	0.01255	0.0139	0.00417	0.01403	0.00322
MIEN1	0.26965	0.28065	0.13397	0.55648	0.22123
MIER1	0.46383	0.19693	0.29036	0.55543	0.33172
MIER2	0.02848	0.0355	0.04663	0.00621	0.04039
MIER3	0.04413	0.07662	0.07967	0.0642	0.1057
MIF	0.8245	0.67414	0.69406	1.32317	0.94941
MIF4GD	0.10136	0.0506	0.07475	0.07725	0.08292
MIIP	0.16648	0.11813	0.16869	0.12968	0.05194
MILR1	0.00124	0.00312	0.07545	0.01285	0.01899
RIOX2	0.0939	0.11186	0.076	0.00928	0.07667
MINK1	0.07842	0.02912	0.06828	0.08143	0.06447
MINOS1	0.407	0.40586	0.3056	0.48283	0.28462
MINPP1	0.01407	0.07147	0.01453	0.02231	0.02359
MIOS	0.10534	0.06189	0.13647	0.34142	0.11773
MIOX	0.0011	0.00803	0.00265	0.03183	0.00054
MIPEP	0.04337	0.06122	0.03956	0.02094	0.03453
MIPEPP3	0.01304	0.00974	0.00043	0	0.0035
MIPOL1	0.00508	0.07042	0.02947	0	0
MIR3591	0.0026	0.01288	0.0075	0	0
MIR1254-1	0.01145	0.00685	0.00603	0.00507	0.00426
MIR125B1	0	0.00302	0	0	0
MIR1273A	0.04311	0.05415	0.04016	0.02674	0.04936
MIR1273F	0.00948	0.00546	0.016	0.00223	0.00966
MIR1273G	0.00601	0.00333	0.00206	0.00135	0.00666
MIR1282	0.00413	0.00782	0.0067	0.00596	0.00864
MIR155HG	0.07509	0.00198	0.02099	0.03684	0.05695
MIR16-2	0.00166	0.00023	0.00035	0.00865	7e-04
MIR17HG	0.0372	0.06889	0.04769	0.0396	0.10397
MIR186	0.00692	0.02101	0.00369	0.00058	0.01686
MIR202HG	0.00185	0.00051	0	0	0.00038
MIR210HG	0.03146	0.0763	0.06488	0.0291	0.05409
MIR22HG	0.0346	0.0276	0.07776	0.07482	0.09167
MIR27B	0	0.00074	0	0.00172	0.0017
MIR30C2	0	0.00296	0	0	0
MIR3173	0	0.00563	0	0	0
MIR320D1	0.00169	0.00523	0	0	0.00361
MIR3671	0	0.00451	0	0	0.00056
MIR3682	0	0.00107	0	0	0.00096
AL390728.4	0.01132	0.00296	0.01931	0	0.00784
MIR4292	0.0015	0.00454	0.00505	0.00032	0.00303
MIR4312	0	0.00427	0	0	0
MIR4458HG	0.05302	0.40171	0.10619	0.01313	0.06144
MIR4459	0.01086	0.01325	0.00501	0.00904	0.00999
MTND4LP30	0.01748	0.02123	0.01163	0.01306	0.01714
MIR4500HG	0.00374	0.0082	0.00309	0	0
MIR4725	0.00636	0.0064	0.01063	0	0
MIR497HG	0.00856	0.00224	0.00054	0.00252	0.00022
MIR5094	0.00896	0.01385	0.01374	0.00717	0.00317
MIR5096	0	0.00048	0.00232	0	0.00123
MIR548H2	0.00137	0.00171	0	0	0.00204
MIR548Y	0	0.00076	0	0	0
MIR566	0.00101	0.00323	0.00205	0	0.00131
MIR570	0	0.00081	0.00026	0	0
MIR600HG	0.01232	0.01598	0.00179	0.00452	0.07884
MIR601	0	0.0095	0.00251	0	0
MIR616	0.00169	0.00506	0.00154	0.03866	0.02109
MIR624	0.00454	0.00361	0	0	0
MIR659	0	0.00132	0	0	0
MIR663AHG	0.00908	0.01571	0.00574	0.0252	0.02063
MIR663B	0.00029	0.00245	0	0.01594	0.02308
MIS12	0.04741	0.0456	0.08145	0.15814	0.09646
MIS18A	0.01785	0.05933	0.02888	0.25315	0.04012
MIS18BP1	0.29288	0.10158	0.30375	0.76815	0.56753
MITD1	0.15116	0.09771	0.07132	0.18597	0.08265
MITF	0.01102	0.02516	0.29308	0.00037	0.00626
MIXL1	0.1329	0.12322	0.11305	0.12001	0.25922
MKI67	0.2026	0.24146	0.15161	3.34967	0.22446
MKKS	0.1396	0.22461	0.0807	0.20028	0.17088
MRTFA	0.05367	0.04313	0.10609	0.10574	0.03491
MRTFB	0.09647	0.05703	0.03916	0.10523	0.07614
MKLN1	0.70558	0.96917	0.78768	0.71642	0.77745
MKLN1-AS	0.09069	0.1314	0.17955	0.06939	0.12121
MKNK1	0.06491	0.05721	0.36546	0.07838	0.10914
MKNK1-AS1	0.02047	0.02689	0.02769	0.01302	0.02013
MKNK2	0.28042	0.39084	0.35563	0.30519	0.33635
MKRN1	0.18169	0.20883	0.18596	0.18948	0.16622
MKRN2	0.02866	0.04975	0.02061	0.0555	0.02489
MKRN3	5e-04	0.00699	0.0062	0	0
MKRN9P	0.00211	0.00099	0.00064	0	0
MKS1	0.01032	0.03937	0.00997	0.00965	0.00313
MLANA	0.00895	0.00654	0.0113	0.0021	0.00584
MLEC	0.27285	0.69962	0.49148	0.55139	0.40589
MLF1	0.01633	0.0105	0.03449	0.00817	0.00187
MLF2	0.35371	0.51232	0.29482	0.404	0.32194
MLH1	0.09311	0.08116	0.03448	0.2719	0.04855
MLH3	0.14697	0.20043	0.07866	0.08671	0.10641
MLIP	0.01548	0.04352	0.00567	0	0.0024
MAP3K20-AS1	0.00213	0.00174	0.00077	0	0
MLKL	0.10585	0.02184	0.08576	0.10455	0.32235
MLLT1	0.05516	0.10541	0.04742	0.05336	0.03421
MLLT10	0.08665	0.15063	0.11484	0.13177	0.09287
MLLT10P1	0.00101	0.00113	0	0	0
MLLT11	0.00435	0.03187	0.01294	0.00215	0.00092
MLLT3	0.16353	0.0156	0.01452	0.11586	0.11096
MLPH	0.02999	0.10373	0.02377	0.01059	0.01696
MLST8	0.06582	0.07852	0.10966	0.08088	0.11811
MLX	0.08948	0.13686	0.10984	0.27073	0.09672
MLXIP	0.35115	0.4177	0.44386	0.38595	0.54489
MLXIPL	0.25591	1.4068	0.44142	0.0407	0.06602
MLYCD	0.05417	0.08538	0.04901	0.04014	0.03728
MMAA	0.05074	0.05212	0.02035	0.07954	0.02311
MMAB	0.13827	0.50662	0.28074	0.33937	0.16072
MMACHC	0.02569	0.05584	0.04341	0.03736	0.01383
MMADHC	0.25913	0.2904	0.19758	0.37118	0.34668
MMD	0.04186	0.05248	0.0636	0.04066	0.00215
MMD2	0.00118	0.00119	0.00037	4e-04	0.00102
MME	0.00304	0.02038	0.00759	0.02507	0
MMEL1	0.01283	0.00252	0.00524	0	0
MMGT1	0.12991	0.07255	0.09741	0.22306	0.08951
MMP10	0	0.00279	0.00021	0	0
MMP11	0.00685	0.07862	0.00222	0	0.00343
MMP12	0.00085	0.00341	0.08026	0	0
MMP14	0.00233	0.03649	0.06898	0.00329	0.00093
MMP15	0.04351	0.19585	0.04695	0.00206	0.00199
MMP17	0	0.00387	0	0	0
MMP19	0.02522	0.03572	0.08212	0.01679	0.01647
MMP2	0	0.00462	0.0261	0	0
MMP24	0.00044	0.00564	0	0	0
MMP24OS	0.04097	0.11944	0.09614	0.0715	0.08871
MMP25	0.01099	0.00249	0.02903	0.00383	0.00051
MMP7	0.00042	0.00921	0.0024	0	0
MMP9	0.01942	0.01652	0.68714	0.00121	0.00068
MMRN2	0.00816	0.00775	0.00116	0.01002	0.00217
MMS19	0.12229	0.17582	0.1262	0.15224	0.08043
MMS22L	0.02157	0.02506	0.03415	0.04745	0.01833
MNAT1	0.11724	0.13847	0.09019	0.20237	0.14671
MND1	0.04268	0.04022	0.06426	0.22314	0.02962
MNDA	0.00232	0.008	0.33324	0.04489	0.01767
MNS1	0.01325	0.08939	0.05152	0.02865	0.01998
MNT	0.08952	0.05635	0.07945	0.02287	0.03577
MOAP1	0.0623	0.03806	0.02442	0.04071	0.05298
MOB1A	0.32285	0.14927	0.2789	0.46953	0.22542
MOB1B	0.07278	0.06618	0.18016	0.06084	0.03305
MOB2	0.06554	0.11592	0.09093	0.1606	0.09121
MOB3A	0.29346	0.03426	0.11098	0.21436	0.2303
MOB3B	0.00207	0.01766	0.0217	0.04786	0.00437
MOB3C	0.03219	0.0196	0.09486	0.00863	0.03171
MOBP	0.00484	0.01411	0.01197	0.01365	0.01664
MOCOS	0.00162	0.09293	0.02762	0.00269	0.00537
MOCS1	0.05106	0.1975	0.09053	0.02929	0.00404
MOCS2	0.05973	0.12417	0.07458	0.12166	0.04929
MOCS3	0.00376	0.03769	0.02507	0.05128	0.02603
MOG	0.14939	0.15902	0.14011	0.11465	0.17034
MOGAT1	0.00208	0.01503	0.00105	0	0.00221
MOGAT2	0.00234	0.05489	0.00543	0	0
MOGAT3	0.01647	0.0742	0.04315	0.02995	0.01371
MOGS	0.03387	0.10805	0.05755	0.06165	0.1197
MOK	0.04037	0.08481	0.04107	0.02695	0.02404
MON1A	0.00807	0.07857	0.04233	0.07447	0.09018
MON1B	0.03072	0.02936	0.03274	0.04631	0.00922
MON2	0.1947	0.19999	0.15132	0.13175	0.26149
MORC2	0.04287	0.09669	0.0563	0.02788	0.05204
MORC2-AS1	0	0.00235	0	0	0.0127
MORC3	0.15869	0.09255	0.16918	0.33493	0.13504
MORC4	0.04263	0.15853	0.05556	0.05685	0.04933
MORF4L1	0.78868	0.78349	0.90819	1.11572	0.7084
MORF4L2	0.17333	0.55791	0.32153	0.37182	0.47819
MORF4L2-AS1	5e-04	0.01052	0	0.01035	0
MORN1	0.00118	0.01102	0.00023	0	0.00142
MORN2	0.02403	0.07928	0.04213	0.00979	0.01068
MORN4	0.00699	0.01885	0.01669	0.00262	0.00206
MORN5	0.00102	0.00603	0	0	0
MOSPD1	0.00969	0.10084	0.06248	0.07511	0.10235
MOSPD2	0.06338	0.0834	0.11192	0.05867	0.08948
MOSPD3	0.03571	0.07351	0.01266	0.04854	0.01388
MOV10	0.14595	0.23183	0.10778	0.18985	0.07665
MOV10L1	0.01326	0.04125	0.03884	0	0
MOXD1	0	0.00194	0	0.00026	0.04737
MPC1	0.08574	0.2296	0.09697	0.26935	0.12738
MPC2	0.1805	0.63759	0.28551	0.34985	0.12301
MPDU1	0.06902	0.07425	0.13951	0.19852	0.08779
MPDZ	0.06951	0.29387	0.11335	0.00952	0.01679
MPEG1	0.01457	0.01804	0.7129	0.11286	0.07772
MPG	0.07829	0.03097	0.05356	0.08696	0.12887
MPHOSPH10	0.1516	0.2102	0.17486	0.29705	0.19197
MPHOSPH6	0.13171	0.09102	0.09036	0.18331	0.09626
MPHOSPH8	0.72681	0.62208	0.62159	0.9392	0.93344
MPHOSPH9	0.19633	0.1138	0.04796	0.55222	0.19202
MPI	0.04437	0.10595	0.07478	0.07695	0.09513
MPL	0.00205	0.00286	0.00731	6e-04	0.00424
MPLKIP	0.1025	0.25783	0.12032	0.11582	0.07708
MPND	0.08423	0.14297	0.06972	0.10617	0.06573
MPP1	0.06681	0.14536	0.48833	0.02533	0.06502
MPP2	0	0.00967	0.00511	0	0
MPP3	8e-04	0.02413	0.00857	0.01066	0
MPP5	0.03914	0.15033	0.1183	0.04317	0.05589
MPP6	0.08746	0.23883	0.09157	0.08768	0.09574
MPP7	0.03549	0.10331	0.06046	0.00813	0.0106
MPPE1	0.36896	0.39401	0.24205	0.31685	0.29261
MPPED1	0.00144	0.00386	0	0	0
MPPED2	0.01998	0.06513	0.04522	0.02157	0.03866
MPRIP	0.27873	0.15112	0.06556	0.53437	0.20553
MPST	0.15731	0.50083	0.21739	0.14399	0.11465
MPV17	0.09704	0.07262	0.04615	0.03902	0.05084
MPV17L	0.00347	0.04034	0.02231	0.00242	0.00669
MPV17L2	0.01464	0.03904	0.03523	0.10796	0.04376
MPZ	0.02491	0.02412	0.03557	0.00301	0
MPZL1	0.00452	0.11856	0.14044	0.10107	0.16168
MPZL2	0.02049	0.05729	0.01494	0.0153	0.00259
MPZL3	0.11601	0.08678	0.03269	0.10745	0.04205
MR1	0.31382	0.25721	0.32727	0.27798	0.23279
MRAP2	0.00955	0.00461	0.00145	0	0
MRAS	0.00942	0.04594	0.08076	0.00081	7e-04
MRC1	0.00784	0.02542	0.77964	0.05102	0.0024
MRC2	0.00892	0.00279	0.13096	0.00536	0
MRE11	0.13589	0.12209	0.1315	0.27672	0.22895
MREG	0.24008	0.34147	0.31944	0.1961	0.29632
MRFAP1	0.2664	0.41439	0.26187	0.40966	0.1509
MRFAP1L1	0.24336	0.19661	0.13766	0.21043	0.18803
MRGBP	0.07333	0.12882	0.0587	0.05651	0.06575
MRGPRF	0.00224	0.01585	0.00185	0	0
MRGPRX3	0	0.00238	0.00054	0	0
MRI1	0.138	0.19342	0.18585	0.16549	0.16601
MRO	0.0075	0.01235	0.03162	0.0051	0.00657
MROH1	0.06673	0.13049	0.12196	0.09635	0.1103
MROH2A	0.00118	0.01125	0.00113	0	0
MROH6	0.04203	0.06288	0.0284	0	0.02374
MROH7	0.00073	0.00432	0.01661	5e-04	0
MROH7-TTC4	0.00239	0.00156	0.00179	0	0.00062
MROH8	0.00918	0.00152	0	0.00105	0
MRPL1	0.19089	0.16119	0.13681	0.26944	0.08485
MRPL10	0.08822	0.07791	0.07313	0.1784	0.02544
MRPL11	0.2397	0.29783	0.16451	0.55119	0.19743
MRPL12	0.1509	0.24164	0.16949	0.44554	0.17314
MRPL13	0.09557	0.2076	0.08177	0.25928	0.07472
MRPL14	0.14382	0.27574	0.17378	0.32892	0.19201
MRPL15	0.06423	0.20355	0.12227	0.20357	0.06383
MRPL16	0.19181	0.14982	0.11416	0.23684	0.11632
MRPL17	0.01821	0.08258	0.02556	0.20419	0.12131
MRPL18	0.07738	0.12032	0.07923	0.08713	0.05874
MRPL19	0.14369	0.17362	0.17888	0.19965	0.06038
MRPL2	0.04889	0.11471	0.04941	0.09299	0.11847
MRPL20	0.33887	0.43329	0.26211	0.703	0.5109
MRPL21	0.14596	0.3134	0.21861	0.39122	0.14455
MRPL22	0.11455	0.18975	0.0934	0.40501	0.14666
MRPL23	0.27252	0.3299	0.34839	0.81891	0.50797
MRPL24	0.2053	0.44818	0.16578	0.22018	0.19587
MRPL27	0.20697	0.34328	0.3104	0.75871	0.23735
MRPL28	0.22309	0.19686	0.29322	0.36034	0.28492
MRPL3	0.09957	0.10325	0.09889	0.14544	0.10945
MRPL30	0.15737	0.24608	0.14329	0.20392	0.24797
MRPL32	0.05327	0.09335	0.03806	0.05993	0.09153
MRPL33	0.24316	0.225	0.16326	0.30979	0.23211
MRPL34	0.15394	0.17059	0.09005	0.19748	0.12357
MRPL35	0.06525	0.10278	0.09164	0.27373	0.05889
MRPL36	0.11149	0.30906	0.05218	0.20486	0.1771
MRPL37	0.25869	0.385	0.1876	0.44473	0.07446
MRPL38	0.14455	0.27533	0.18634	0.35464	0.20442
MRPL39	0.05335	0.04703	0.00647	0.05836	0.02164
MRPL4	0.13578	0.13773	0.12437	0.22659	0.05057
MRPL40	0.13238	0.25295	0.08804	0.24236	0.31633
MRPL41	0.34141	0.53679	0.27971	0.62478	0.40818
MRPL42	0.06757	0.1452	0.07686	0.19919	0.05428
MRPL43	0.09438	0.20715	0.12678	0.14317	0.23881
MRPL44	0.03387	0.07532	0.02354	0.05477	0.05083
MRPL45P2	0.03824	0.06699	0.04963	0.01673	0.05355
MRPL46	0.10869	0.1748	0.09509	0.18294	0.09234
MRPL47	0.08913	0.15193	0.10757	0.17729	0.07493
MRPL48	0.15807	0.12301	0.04366	0.17159	0.11566
MRPL49	0.0467	0.11279	0.03943	0.05137	0.02716
MRPL50	0.01849	0.05449	0.02658	0.05239	0.03017
MRPL51	0.45014	0.3951	0.38945	1.23333	0.68212
MRPL52	0.25515	0.32042	0.20922	0.71625	0.44813
MRPL53	0.28942	0.31454	0.27007	0.57548	0.64942
MRPL54	0.20027	0.11264	0.13968	0.39689	0.29278
MRPL55	0.26087	0.48285	0.31876	0.76689	0.4152
MRPL9	0.10271	0.12534	0.07058	0.20605	0.10925
MRPS10	0.24917	0.45746	0.25278	0.42854	0.27776
MRPS11	0.21421	0.22629	0.15854	0.49157	0.28763
MRPS12	0.16488	0.20251	0.11685	0.36739	0.24253
MRPS14	0.05876	0.09864	0.04048	0.07075	0.06685
MRPS15	0.16587	0.26834	0.12047	0.34043	0.30549
MRPS16	0.21295	0.41017	0.24516	0.39074	0.34969
MRPS17	0.07817	0.15373	0.06071	0.13188	0.12513
MRPS18A	0.1143	0.19424	0.09067	0.50561	0.34724
MRPS18B	0.33959	0.59078	0.25232	0.5517	0.40259
MRPS18C	0.13026	0.1354	0.11574	0.37038	0.08124
MRPS2	0.06256	0.10096	0.02715	0.21165	0.09151
MRPS22	0.06525	0.08793	0.04337	0.08188	0.02957
MRPS23	0.07006	0.09963	0.06774	0.1175	0.05424
MRPS25	0.14527	0.29776	0.18713	0.31226	0.14798
MRPS26	0.1545	0.29395	0.20586	0.30095	0.11862
MRPS27	0.16822	0.21243	0.11685	0.23053	0.23611
MRPS28	0.09313	0.08618	0.06844	0.0884	0.05741
MRPS30	0.04009	0.12941	0.0426	0.0602	0.01907
MRPS31	0.09155	0.12226	0.04326	0.18805	0.18641
MRPS31P5	0.03801	0.03639	0.02794	0.08436	0.0382
MRPS33	0.14347	0.21442	0.14604	0.3968	0.32589
MRPS34	0.28971	0.19163	0.20235	0.53443	0.51678
MRPS35	0.10266	0.25816	0.16571	0.32134	0.08084
MRPS36	0.08661	0.09057	0.04727	0.09844	0.10134
MRPS5	0.44442	0.47381	0.43228	0.61943	0.32645
MRPS6	0.20848	0.09454	0.11084	0.33225	0.13205
MRPS7	0.15178	0.2212	0.18956	0.46533	0.17747
MRPS9	0.103	0.14563	0.10641	0.19995	0.11915
MRRF	0.08765	0.0607	0.05083	0.16378	0.04393
MRS2	0.03828	0.08336	0.03493	0.01719	0.02856
AC089984.2	0.00162	0.00479	0.00316	0.01527	0.00148
MRTO4	0.12133	0.18114	0.21043	0.17946	0.11048
MRVI1	0.00976	0.00167	0.00059	0	0
MRVI1-AS1	0	0.00223	0	0	0
MS4A1	0.07032	0.01506	0.01444	0.33727	0.47815
MS4A10	0.00114	0.00374	0.00378	0.00402	0.00547
MS4A14	0.00042	0.00077	0.02634	0.00252	0
MS4A2	0.10524	0.12672	0.13868	0.07611	0.15783
MS4A4A	0.0042	0.0059	0.34552	0.02276	0.00433
MS4A6A	0.07881	0.01818	0.69224	0.07775	0.01416
MS4A7	0.07966	0.07315	1.04446	0.06994	0.06813
MSANTD1	0.00037	0.00412	6e-04	0.00094	0
MSANTD2	0.0267	0.04681	0.02738	0.00326	0.00685
MSANTD3	0.02607	0.03136	0.01133	0.05576	0.00403
MSANTD4	0.05479	0.06052	0.07417	0.11621	0.079
MSC	0.02092	0.02904	0.02289	0.0548	0.00993
MSH2	0.0979	0.11372	0.08259	0.13542	0.03414
MSH3	0.21853	0.2868	0.27187	0.20262	0.21787
MSH6	0.06739	0.15837	0.13873	0.22036	0.08776
MSI1	0	0.01049	0.00092	0.00093	0.00029
MSI2	0.19248	0.1381	0.05851	0.14959	0.34822
MSL1	0.11466	0.14308	0.15436	0.19651	0.16048
MSL2	0.27946	0.12609	0.08036	0.26207	0.12482
MSL3	0.28555	0.08715	0.1329	0.31671	0.27141
MSL3P1	0.00782	0.06733	0.02254	0.0296	0.0081
MSMO1	0.10434	0.39492	0.08952	0.05728	0.02818
MSN	0.94303	0.2612	0.87229	1.36095	0.45707
MSR1	0.00527	0.0212	0.79361	0	0.0016
MSRA	0.03375	0.05293	0.01183	0.08534	0.02279
MSRB1	0.06298	0.22621	0.0727	0.1773	0.08266
MSRB2	0.04785	0.40757	0.13802	0.0759	0.10801
MSRB3	0.10244	0.1536	0.14384	0.09028	0.13078
MSS51	0.01066	0.00973	0.00106	0.00191	0.01817
MST1	0.05924	0.56676	0.09118	0.05047	0.05276
MST1L	0.01235	0.06127	0.00368	0	0
MST1P2	0.01276	0.10013	0.0119	0.00521	0.00657
MST1R	0.00073	0.01853	0.00581	0	0
MSTO1	0.0183	0.05408	0.01566	0.01147	0.03421
MSTO2P	0.004	0.00559	0.00095	0.00335	0
MSX1	0.02863	0.07382	0.05221	0.01395	0.02466
MT1A	0.00766	0.01147	0.00446	0	0.00098
MT1DP	0.00615	0.00344	0	0	0.00167
MT1E	0.10367	0.09555	0.10906	0.31701	0.08557
MT1F	0.08775	0.04131	0.06183	0.13503	0.06105
MT1G	0.0531	0.04108	0.15109	0.01072	0.04219
MT1H	0.0035	0.00513	0.03232	0	0.00907
MT1L	0.02906	0.0045	0.03337	0.01056	0.00828
MT1M	0.0162	0.00801	0.03954	0.01198	0.00457
MT1X	0.23289	0.15611	0.27204	0.16043	0.08542
MT2A	0.98657	0.56429	0.66891	1.61538	0.47248
MT3	0	0.00172	0	0.02445	0
MTA1	0.02275	0.06014	0.03227	0.02458	0.03512
MTA2	0.05935	0.03676	0.01762	0.09033	0.02153
MTA3	0.08482	0.0854	0.04197	0.11984	0.05748
MTAP	0.30453	0.30881	0.31424	0.26053	0.2709
MTBP	0.01917	0.01017	0.00021	0.07287	0.01507
MTCH1	0.22885	0.59928	0.37475	0.39724	0.18278
MTCH2	0.16451	0.46324	0.27333	0.20198	0.0596
MTCP1	0.00558	0.00182	0	0	0.00658
MTDH	1.01295	1.27058	1.34055	1.83205	1.98565
MTF1	0.09459	0.07992	0.07577	0.12184	0.05794
MTF2	0.26512	0.16848	0.20387	0.56029	0.15198
MTFMT	0.01873	0.0449	0.02167	0.082	0.06451
MTFP1	0.04956	0.07126	0.09329	0.15361	0.09994
MTFR1	0.01512	0.07193	0.02892	0.00994	0.00663
MTFR1L	0.10388	0.21998	0.1255	0.25338	0.15075
MTFR2	0	0.00964	0.0024	0.18561	0.00571
MTG1	0.1986	0.2374	0.16787	0.33593	0.41284
MTG2	0.33686	0.43683	0.35045	0.27316	0.35341
MTHFD1	0.21178	0.48145	0.15973	0.39156	0.14489
MTHFD1L	0.03539	0.05772	0.0601	0.10942	0.04665
MTHFD2	0.06526	0.00718	0.13564	0.31055	0.17797
MTHFD2L	0.01926	0.00698	0.01793	0.01929	0.0202
MTHFD2P1	0.09486	0.10908	0.07828	0.0624	0.09716
MTHFR	0.17114	0.26207	0.33224	0.15569	0.24154
MTHFS	0.00095	0.02632	9e-04	0.0126	0
MTHFSD	0.01667	0.03952	0.03185	0.05611	0.04935
MTIF2	0.18018	0.30918	0.21671	0.2077	0.17924
MTIF3	0.29038	0.37464	0.25228	0.5042	0.56266
MTM1	0.05311	0.04818	0.06829	0.06976	0.08171
MTMR1	0.03496	0.03534	0.0199	0.17055	0.07466
MTMR10	0.09077	0.14331	0.14588	0.12551	0.06089
MTMR11	0.00101	0.03061	0.01327	0.01222	0
MTMR12	0.22628	0.39451	0.21461	0.38525	0.31352
MTMR14	0.03633	0.11109	0.11295	0.0949	0.11264
MTMR2	0.07326	0.04897	0.05282	0.06498	0.02844
MTMR3	0.10868	0.09437	0.06952	0.03441	0.1151
MTMR4	0.06462	0.30305	0.16347	0.0769	0.06144
MTMR6	0.10922	0.09719	0.15479	0.25379	0.0572
MTMR7	0	0.0081	0	0	0
MTMR8	0.01786	0.00398	0.00097	0.0215	0.01214
MTMR9	0.29435	0.30691	0.31212	0.26502	0.28732
MTO1	0.10435	0.12548	0.06326	0.07157	0.08181
MTOR	0.12073	0.31663	0.19668	0.10684	0.11716
MTPAP	0.07599	0.09462	0.07917	0.03198	0.0458
MTR	0.14489	0.21716	0.21179	0.24687	0.15751
MTRF1	0.04866	0.05044	0.02056	0.02707	0.00669
MTRF1L	0.13543	0.12368	0.11163	0.20359	0.14329
MTRNR2L1	0.20341	1.09456	0.26279	0.10925	0.14935
MTRNR2L10	0.02543	0.03498	0.00544	0.02784	0.01865
MTRNR2L2	0.52089	0.5067	0.18498	0.30709	0.61288
MTRNR2L3	0.00821	0.01855	0.00421	0.00585	0.00964
MTRNR2L4	0.03756	0.06526	0.05337	0.03548	0.04894
MTRNR2L5	0.05297	0.0518	0.04801	0.02426	0.04982
MTRNR2L6	0.04511	0.05642	0.01596	0.02489	0.04533
MTRNR2L7	0.00126	0.00147	0	0	0
MTRNR2L8	0.30766	0.34175	0.08485	0.17996	0.33893
MTRNR2L9	0.04026	0.06847	0.01417	0.02103	0.05268
MTRR	0.03495	0.13296	0.04109	0.06829	0.06178
MTSS1	0.11675	0.43908	0.52656	0.05937	0.10681
MTSS1L	0.01597	0.11227	0.06885	0.00033	0.00088
MTTP	0.1881	0.63222	0.24932	0.06108	0.02736
MTURN	0.02903	0.03627	0.03318	0.02216	0.00978
MTUS1	0.07466	0.27245	0.05506	0.03827	0.09736
MTX1	0.16011	0.2525	0.18823	0.26512	0.21237
MTX2	0.05208	0.08592	0.04179	0.01095	0.03379
MTX3	0.07911	0.06768	0.03753	0.11626	0.07852
MUC1	0.01062	0.01657	0.01845	0.06881	0.00626
MUC12	0.00074	0.00133	0.02174	0	0.00476
MUC13	0.01106	0.01276	0	0	0
MUC15	0.01662	0.08318	0.02474	0	0.00202
MUC16	0.00873	0.01315	0.00412	0	0.02669
MUC19	0.00115	0.00134	0	0	0
MUC20	0.01631	0.0598	0.01302	0.00716	0.04182
MUC22	0.03292	0.04313	0.01779	0.01038	0.03159
MUC3A	0.00224	0.02013	0.0259	0	0
MUC4	0.00837	0.00111	0.00122	0	0
MUC5B	0.0086	0.03053	0.03211	0.00231	0
MUL1	0.05987	0.11065	0.0423	0.14373	0.0733
MUM1	0.18091	0.23771	0.15477	0.07134	0.19414
MUM1L1	0.00086	0.00249	0.00063	0	0
CAVIN4	0.02255	0.04491	0.01133	0.01775	0.04155
MUS81	0.06916	0.07598	0.04989	0.06282	0.05368
MUSTN1	0.00021	0.00098	0	0	0
MUT	0.06563	0.24453	0.07472	0.11974	0.06097
MUTYH	0.01261	0.05342	0.04606	0.08536	0.02469
MVB12A	0.07663	0.08995	0.04365	0.07548	0.08885
MVB12B	0.01049	0.02544	0.0509	0.02435	0.00793
MVD	0.16301	0.30164	0.18199	0.11796	0.12831
MVK	0.0273	0.14794	0.07166	0.02654	0.04982
MVP	0.24499	0.19212	0.2198	0.32138	0.27767
MX1	0.14354	0.0895	0.18391	0.24319	0.39467
MX2	0.13228	0.01419	0.08566	0.02743	0.02763
MXD1	0.09824	0.04658	0.23247	0.05962	0.14228
MXD3	0.02833	0.03615	0.00716	0.27165	0.05824
MXD4	0.26181	0.26733	0.20715	0.29034	0.27495
MXI1	0.13083	0.25703	0.20363	0.01028	0.11782
MXRA7	0.47269	0.55062	0.42239	0.36045	0.33872
MXRA8	0.00347	0.00312	0	0	0
MYADM	0.11627	0.09359	0.29104	0.26437	0.25321
MYB	0.00997	0.01049	0	0.09586	0.01275
MYBBP1A	0.10484	0.07616	0.02076	0.16972	0.11522
MYBL1	0.1932	0.02792	0.00519	0.21399	0.04262
MYBL2	0.01461	0.05726	0.02546	0.6233	0.11645
MYBPC1	0.01382	0.01039	0.00622	0.00073	0
MYBPC2	0.00108	0.00276	0	0	0
MYBPC3	0	0.00106	0.03718	0	0.00039
MYBPH	0.01058	0.00609	0.00345	0	0.00091
MYC	0.04474	0.03241	0.02637	0.01838	0.01125
MYCBP	0.00118	0.00055	7e-04	0.005	0.00194
MYCBP2	1.20321	0.36327	0.58946	1.19192	1.11621
MYCBPAP	0	0.00364	0.0032	0.00442	0.00042
MYCL	0.01298	0.04674	0.02282	0.03302	0.00679
MYCN	0	0.01198	0.00191	0	0
MYCNOS	0.02669	0.02785	0.03153	0.02582	0.02749
MYD88	0.07627	0.04452	0.05996	0.1041	0.03089
MYEF2	0.02063	0.07542	0.0353	0.11194	0.05012
MYH10	0.05938	0.22883	0.03493	0.00086	0.00862
MYH14	0.10904	0.44378	0.09607	0.00186	0.00998
MYH3	0.03717	0.03337	0.01401	0.03166	0.03872
MYH7	0	0.00193	0	0	0
MYH7B	0.00279	0.06737	0.00322	0	0
MYH9	1.44689	0.79559	0.81812	1.6965	0.78751
MYL10	0.00154	0.00114	0	0	0
MYL12A	0.67896	0.25682	0.40299	0.79372	0.25033
MYL12B	0.89329	0.7591	0.62337	1.05925	0.37196
MYL5	0.04331	0.08146	0.07569	0.06845	0.019
MYL6	2.62347	1.6825	1.92896	3.13341	2.29574
MYL6B	0.06625	0.0955	0.03563	0.32661	0.18887
MYL9	0.00165	0.05974	0.00468	0.00045	0.02926
MYLIP	0.31186	0.03	0.21062	0.28764	0.10574
MYLK	0.07235	0.60326	0.16619	0.01944	0.02037
MYLK-AS1	0.00856	0.00762	0.00074	0.00226	0.0047
MYLK3	0.08256	0.12399	0.11	0.05143	0.08977
MYLK4	0.00052	0.00676	0	0.00165	0
MYLPF	0.01247	0.00253	0.0108	0.00255	0.01737
MYNN	0.08542	0.41447	0.0924	0.13452	0.0519
MYO10	0.25466	0.35401	0.37916	0.21532	0.25986
MYO15B	0.01592	0.05095	0.09698	0.00245	0.00792
MYO16	0.00222	0.01215	0.00132	0	0
MYO18A	0.15026	0.20173	0.12178	0.12219	0.09454
MYO18B	0.00109	0.011	0.01093	0	0
MYO1A	0.00374	0.02251	0.01735	0	0
MYO1B	0.14496	0.57011	0.20738	0.04066	0.01174
MYO1C	0.18091	0.29119	0.32441	0.25445	0.27208
MYO1D	0.00845	0.01906	0.01947	0.01069	0.07913
MYO1E	0.04918	0.05698	0.1896	0.12534	0.01166
MYO1F	0.25051	0.02306	0.29686	0.33887	0.10963
MYO1G	0.16646	0.00711	0.03423	0.35396	0.09776
MYO3B	0.13506	0.178	0.14074	0.10525	0.1521
MYO5A	0.4499	0.18494	0.65042	0.62887	0.40106
MYO5B	0.01649	0.12414	0.02989	0.03253	0.02349
MYO5C	0.0184	0.1407	0.02443	0.03112	0.02987
MYO6	0.17542	0.50626	0.25796	0.16423	0.15909
MYO7A	0.18411	0.13598	0.08924	0.23102	0.04094
MYO7B	0	8e-04	0	0.00033	0
MYO9A	0.17193	0.1184	0.18929	0.25864	0.13958
MYO9B	0.70102	0.29655	0.76112	0.6213	0.41147
MYOF	0.00471	0.0128	0.20592	0.01529	0.00658
MYOM1	0.04888	0.3029	0.0148	0.00469	0
MYOM3	0.0199	0.01547	0.00935	0.01583	0.03026
MYOZ3	0.05093	0.04312	0.03969	0.0413	0.04341
MYPOP	0.02942	0.03588	0.01668	0.01934	0.04395
MYRF	0.02286	0.08086	0.01498	0	0
MYRFL	8e-04	0.00722	0.00013	0	0
MYRIP	0.05944	0.21787	0.04714	0.01768	0.00721
MYSM1	0.30441	0.2131	0.26718	0.30585	0.30655
MYT1	0.00148	0.00404	0.00281	0.01031	0.01027
MYZAP	0.00095	0.00084	0.00222	0	0
MZB1	0.22135	0.11761	0.03106	0.7797	3.61971
MZF1	0.08466	0.07031	0.04128	0.07552	0.06161
MZT1	0.02846	0.04593	0.01515	0.11807	0.05184
MZT2A	0.47186	0.21961	0.11506	0.99229	0.39586
MZT2B	0.61578	0.4645	0.38553	1.88761	0.94964
N4BP1	0.27386	0.12773	0.13052	0.15803	0.1952
N4BP2	0.32358	0.33707	0.2934	0.64381	0.4987
N4BP2L1	0.09012	0.12205	0.06265	0.02716	0.09166
N4BP2L2	0.51413	0.52862	0.46745	0.38922	0.6322
N4BP3	0.00065	0.00223	0	0	0.03054
N6AMT1	0.01559	0.02948	0.00181	0.0484	0.00886
NAA10	0.16752	0.13734	0.11944	0.29445	0.12365
NAA15	0.15556	0.15379	0.1491	0.32398	0.10826
NAA16	0.19619	0.22853	0.18818	0.3313	0.19254
NAA20	0.09179	0.23198	0.11295	0.08453	0.07402
NAA25	0.12656	0.15787	0.11908	0.13902	0.05887
NAA30	0.08031	0.11251	0.05844	0.1107	0.02206
NAA35	0.14796	0.09618	0.10327	0.10145	0.08486
LSM8	0.43539	0.35512	0.2689	1.13713	0.58001
NAA40	0.1879	0.22387	0.20526	0.17433	0.16576
NAA50	0.14306	0.2386	0.21983	0.42506	0.15144
NAA60	0.09227	0.10861	0.11366	0.10178	0.06847
NAAA	0.01891	0.01642	0.07767	0.04001	0.03576
NAALAD2	0	0.00719	0.00413	0	0.00194
NAALADL1	0.05843	0.01751	0.01806	0.01987	0.01134
NAB1	0.27393	0.19767	0.11994	0.39713	0.11675
NAB2	0.03665	0.07385	0.0917	0.04413	0.01801
NABP1	0.16185	0.04745	0.31352	0.08498	0.19159
NABP2	0.14339	0.18686	0.16385	0.33774	0.19369
NACA	1.27201	1.1335	0.82122	1.78677	1.30346
NACA2	0.00309	0.00191	0.00353	0.00072	0.00297
NACA4P	0.00048	0.00014	0	0.00043	0.00877
NACC1	0.06586	0.06506	0.09198	0.15377	0.04059
NACC2	0.02215	0.11504	0.07631	0.0067	0.00723
NADK	0.08212	0.17314	0.18579	0.15809	0.09649
NADK2	0.12297	0.84132	0.19614	0.05626	0.07619
NADSYN1	0.10273	0.13262	0.14412	0.06836	0.09841
NAE1	0.1378	0.18769	0.09235	0.1995	0.03549
NAF1	0.01896	0.01166	0.03874	0.00566	0.00372
NAGA	0.03813	0.10615	0.16476	0.16916	0.07893
NAGK	0.16583	0.14922	0.51316	0.31624	0.28342
NAGLU	0.05293	0.1041	0.13633	0.02141	0.14275
NAGPA	0.00732	0.04161	0.05539	0.02368	0.01641
NAGS	0.00734	0.10051	0.01445	0.01529	0
NAIF1	0.13769	0.19348	0.22495	0.17717	0.21976
NAIP	0.11928	0.16627	0.53634	0.09588	0.12483
NALCN	0	0.00657	0.00051	0	0
NAMPT	0.21458	0.26297	0.69216	0.23628	0.1302
NANOG	0.00554	0.01603	0.01039	0.00421	0.00324
NANOGNB	0.02196	0.02353	0.01528	0.00865	0.00832
NANOS1	0.05515	0.07426	0.06207	0.01731	0.04604
NANP	0.03745	0.03906	0.02301	0	0.00921
NANS	0.08113	0.07185	0.23318	0.30252	0.48486
NAP1L1	0.94178	0.74794	1.06444	1.39097	0.65946
NAP1L2	0.02135	0.02303	0.00129	0.01667	0.01378
NAP1L3	0.00263	0.00728	0	0	0
NAP1L4	0.99357	0.40711	0.37056	1.35658	0.63429
NAP1L5	0.01946	0.00704	0	0.03035	0.00486
NAP1L6	0.24565	0.2828	0.24199	0.15227	0.22082
NAPA	0.10355	0.19081	0.15217	0.25489	0.13363
NAPA-AS1	0.01952	0.00628	0.00826	0.00711	0.00977
NAPB	0.03037	0.08856	0.01312	0.03992	0.01325
NAPEPLD	0.05999	0.16141	0.04813	0.07427	0.04446
NAPG	0.06866	0.13691	0.09093	0.15006	0.07797
NAPSA	0.01317	0.01242	0.01191	0.00499	0.00213
NAPSB	0.00892	0.01063	0.11508	0.22535	0.11466
NARF	0.21454	0.20858	0.14941	0.40602	0.26611
CIAO3	0.02625	0.04225	0.02734	0.11235	0.08938
NARS	0.39304	0.68238	0.56039	0.48725	0.43613
NARS2	0.02475	0.07058	0.03233	0.03959	0.02552
NASP	0.59634	0.55675	0.72676	1.21537	0.44288
NAT1	0.00178	0.01031	0.00242	0.01398	0.01081
NAT10	0.13448	0.17226	0.13145	0.18582	0.12944
NAT14	0.06537	0.04311	0.00417	0.0242	0.009
NAT2	0.00049	0.00507	0	0	0.00124
NAA80	0.04699	0.04869	0.01035	0.05991	0.02556
NAT8	0.00977	0.14752	0.02331	0.01507	0
NAT9	0.01552	0.06263	0.0425	0.06889	0.09989
NAV1	0.02143	0.01733	0.03865	0.04716	0.02166
NAV2	0.04897	0.31366	0.10695	0.00437	0.0255
NAV3	0.00884	0.10121	0.02253	0	0.00131
NBAS	0.13218	0.20339	0.09329	0.22078	0.21202
NBEA	0.02788	0.09598	0.04088	0.0047	0.03486
NBEAL1	0.07154	0.17662	0.08929	0.01632	0.08217
NBEAL2	0.1551	0.03913	0.13097	0.1595	0.13934
NBN	0.27569	0.19836	0.27864	0.3966	0.26622
NBPF1	0.13189	0.31829	0.41629	0.06693	0.12311
NBPF9	0.09042	0.13598	0.24805	0.09248	0.07125
NBPF11	0	0.00141	0.00476	0	0.00735
NBPF13P	0.00071	0.00901	0.00785	0.00134	0
NBPF15	0.05806	0.0678	0.01982	0.07387	0.02512
NBPF3	0.01055	0.02168	0.01156	0.03857	0.00711
NBPF7	0.00082	0.004	0.00143	0	0.00031
NBPF20	0.08112	0.03676	0.07938	0.07372	0.031
NBR1	0.34399	0.55821	0.30362	0.20405	0.25579
NBR2	0.04439	0.1486	0.05418	0.03951	0.04476
NCALD	0.1955	0.02053	0.0039	0.20617	0.02463
NCAM1	0.11244	0.00577	0.01466	0.08455	0.01155
NCAM2	0.00073	0.00692	0.00128	0	0
NCAPD2	0.10788	0.08532	0.06791	0.70003	0.09231
NCAPD3	0.08928	0.05596	0.09315	0.5334	0.04253
NCAPG	0.02697	0.05994	0.0251	0.8309	0.01641
NCAPG2	0.08821	0.08175	0.08363	0.94204	0.03698
NCAPH	0.03016	0.0519	0.06031	0.59749	0.05226
NCAPH2	0.08129	0.12739	0.07766	0.31689	0.07844
NCBP1	0.21323	0.25072	0.22707	0.38338	0.21151
NCBP2	0.17888	0.24067	0.19627	0.28216	0.21768
NCBP2-AS2	0.12739	0.11205	0.05275	0.04644	0.06912
NCCRP1	0.00439	0.00668	0.016	0.00244	0.00567
NCDN	0.08478	0.08659	0.01968	0.02463	0.03566
NCEH1	0.02346	0.10143	0.13993	0.05359	0.0143
NCF1	0.00072	0.00211	0.01588	0.03135	0.06292
NCF1B	0.01675	0.00285	0.03093	0.02226	0.06702
NCF1C	9e-04	0.00053	0.01726	0.00109	0.04296
NCF2	0.00359	0.01705	0.32893	0.0288	0.02414
NCF4	0.04391	0.00945	0.29062	0.11659	0.27411
NCK1	0.09271	0.08754	0.13113	0.06795	0.07863
NCK2	0.18056	0.03704	0.03653	0.17076	0.09164
NCKAP1	0.05361	0.22916	0.05334	0.01656	0.00247
NCKAP1L	0.10228	0.00878	0.38874	0.33011	0.07112
NCKAP5	0.00298	0.01483	0.06818	0.0216	0.00465
NCKAP5L	0.0036	0.02652	0.01733	0	0
NCKIPSD	0.03198	0.12422	0.09715	0.07824	0.06694
NCL	1.56528	1.26096	1.7939	2.51241	1.64866
NCLN	0.14233	0.26914	0.19715	0.17928	0.23658
NCMAP	0.29179	0.34199	0.29946	0.24727	0.24384
NCOA1	0.37405	0.18827	0.18303	0.46966	0.20984
NCOA2	0.37162	0.31729	0.26512	0.24435	0.24997
NCOA3	0.15174	0.19459	0.17574	0.37625	0.79207
NCOA4	0.28366	0.80627	0.77561	0.48819	0.17853
NCOA5	0.03322	0.05789	0.05614	0.06029	0.03457
NCOA6	0.16864	0.18607	0.14856	0.12852	0.17144
NCOA7	0.20535	0.13989	0.34177	0.33857	0.2542
NCOR1	0.68963	0.45943	0.5257	0.97445	0.65631
NCOR1P1	0.00134	0.00282	0	0	0
NCOR2	0.13536	0.19332	0.22764	0.2236	0.16423
NCR3	0.15833	0.00395	0.00187	0.05581	0.03016
NCR3LG1	0.00416	0.01898	0.0122	0.00309	0.00031
NCS1	0.00503	0.01303	0.00602	0	0
NCSTN	0.06735	0.17781	0.09523	0.03728	0.05188
NDC1	0.01369	0.06717	0.03564	0.15309	0.00385
NDC80	0.08834	0.03705	0.01967	0.63463	0.01945
NDE1	0.08777	0.02651	0.07513	0.28144	0.11329
NDEL1	0.12191	0.06006	0.11589	0.18864	0.11466
NDFIP1	0.24112	0.41281	0.23902	0.20541	0.15211
NDFIP2	0.06824	0.08219	0.04843	0.0518	0.01062
NDN	0.01792	0.01203	0.00348	0	0
NDOR1	0.03334	0.07081	0.04982	0.16359	0.08717
NDRG1	0.22846	0.56454	0.44913	0.17722	0.12161
NDRG2	0.05531	0.23563	0.11417	0.00978	0.00783
NDRG3	0.1121	0.11207	0.07139	0.14071	0.08118
NDST1	0.03542	0.10247	0.05333	0.00083	0.01429
NDST2	0.04714	0.04686	0.02872	0.03703	0.04342
NDST3	0.00257	0.00233	0.00476	0.00713	0.00122
NDST4	0.00784	0.0083	0.00686	0	0.00057
NDUFA1	0.54124	0.69696	0.60308	1.00751	0.63687
NDUFA10	0.38428	0.7292	0.50795	0.58963	0.31367
NDUFA11	0.70239	0.7432	0.58027	1.35839	1.07906
NDUFA12	0.29002	0.35037	0.18521	0.59606	0.18816
NDUFA13	1.06555	1.03568	0.89532	1.98525	1.23581
NDUFA2	0.47353	0.57973	0.38253	0.94624	0.62865
NDUFA3	0.88928	0.6636	0.58516	1.0996	1.27429
NDUFA4	0.47329	0.59743	0.36656	0.64863	0.43831
NDUFA4L2	0.00393	0.03073	0.01073	0	0.00027
NDUFA5	0.36735	0.54439	0.39171	0.43272	0.43649
NDUFA6	0.57006	0.67333	0.4521	1.08465	0.40081
NDUFA6-DT	0.00415	0.00655	0.01113	0	0.00232
AC010323.1	0.19606	0.1946	0.10863	0.33032	0.16322
NDUFA8	0.08869	0.09515	0.06858	0.15152	0.11533
NDUFA9	0.17046	0.13533	0.09612	0.35395	0.11986
NDUFAB1	0.15283	0.24414	0.21992	0.38748	0.23021
NDUFAF1	0.05327	0.10359	0.0681	0.04401	0.0876
NDUFAF2	0.06649	0.08992	0.06625	0.27065	0.06326
NDUFAF3	0.18994	0.25155	0.11344	0.38164	0.28874
NDUFAF4	0.03816	0.07608	0.03456	0.03932	0.02424
NDUFAF4P1	0.01344	0.00327	0	0.00767	0.00177
NDUFAF5	0.06998	0.05647	0.04859	0.06854	0.07869
NDUFAF6	0.03885	0.06485	0.03585	0.03905	0.01511
NDUFAF7	0.16958	0.23332	0.25477	0.1407	0.16199
NDUFB1	0.5335	0.49081	0.45942	1.06926	0.55299
NDUFB10	0.43362	0.42525	0.41196	1.15385	0.82708
NDUFB11	0.37574	0.77278	0.35263	0.79913	0.64607
NDUFB2	1.09805	0.91168	0.75727	1.8026	0.94652
NDUFB2-AS1	0.01782	0.00598	0.0049	0.00269	0.00953
NDUFB3	0.18499	0.20849	0.0782	0.32243	0.19241
NDUFB4	0.17715	0.32021	0.14944	0.28394	0.29866
NDUFB5	0.12039	0.20772	0.0973	0.15916	0.09752
NDUFB6	0.12908	0.14346	0.06666	0.21921	0.16283
NDUFB7	0.46585	0.64776	0.37905	1.05973	0.82845
NDUFB8	0.65576	0.4803	0.39445	1.45941	0.63876
NDUFB9	0.48484	1.03471	0.63195	1.03655	0.5514
NDUFC1	0.27569	0.3904	0.26307	0.55031	0.37859
NDUFC2	0.23985	0.6175	0.324	0.50533	0.44361
NDUFS1	0.17796	0.32934	0.18711	0.39872	0.18401
NDUFS2	0.48027	1.12113	0.70267	0.35251	0.28195
NDUFS3	0.17974	0.36212	0.23788	0.57698	0.19398
NDUFS4	0.12434	0.16399	0.09654	0.23468	0.16274
NDUFS5	0.64179	0.66586	0.51175	1.40514	0.76617
NDUFS6	0.59055	0.98115	0.65173	1.04015	0.78782
NDUFS7	0.42095	0.33081	0.24771	0.78397	0.47568
NDUFS8	0.1903	0.29993	0.17818	0.57071	0.40679
NDUFV1	0.35338	0.61926	0.33434	0.73637	0.45812
NDUFV2	0.42289	0.69538	0.49167	0.63709	0.43326
NDUFV3	0.20295	0.31323	0.32367	0.14682	0.20208
NEAT1	2.26138	4.01122	3.56474	1.95808	3.39491
NEB	0.084	0.42194	0.13758	0.00796	0.27035
NEBL	0.02716	0.03924	0.00125	0	0
NECAB1	0.00059	0.00291	0.00418	0.00505	6e-04
NECAB2	0.02414	0.10125	0.0157	0.00037	0.01097
NECAB3	0.06069	0.15784	0.05394	0.00194	0.03827
NECAP1	0.05991	0.03553	0.05826	0.05728	0.09311
NECAP2	0.10035	0.0769	0.16064	0.18659	0.08716
NEDD1	0.09078	0.0942	0.10269	0.20623	0.08254
NEDD4	0.08069	0.34673	0.0815	0.04575	0.00832
NEDD4L	0.07814	0.36951	0.16477	0.02849	0.02177
NEDD8	0.68304	0.65367	0.65405	1.31121	0.69569
NEDD8-MDP1	0	0.00049	0	0	0
NEDD9	0.33459	0.0885	0.05555	0.36793	0.46982
NEFH	0.0296	0.06511	0.07815	0.05338	0.01059
NEFM	0.00404	0.00537	0.00064	0	0
NEGR1	0.00049	0.0026	0.00872	0.00319	0
NEIL1	0.00041	0.047	0.04174	0.03446	0.02004
NEIL2	0.02985	0.05391	0.0507	0.00943	0.03057
NEIL3	0.01239	0.009	0.01014	0.13091	0.028
NEK1	0.12603	0.08568	0.12142	0.07536	0.16855
NEK10	0.03058	0.00538	0.00776	0.05792	0.02046
NEK11	0.24544	0.30223	0.29948	0.23987	0.27618
NEK2	0.00868	0.02268	0.01709	0.16947	0.00397
NEK3	0.03383	0.07686	0.10539	0.02536	0.05305
NEK4	0.07562	0.1505	0.1271	0.09864	0.061
NEK5	0.00683	0.01879	0.00855	0.00387	0.00889
NEK6	0.04007	0.19175	0.16997	0.08834	0.11447
NEK7	0.11561	0.11485	0.08461	0.22455	0.06876
NEK8	0.06471	0.09502	0.12659	0.04923	0.10402
NEK9	0.1286	0.1633	0.07677	0.0812	0.0635
NELFA	0.04751	0.08417	0.03383	0.09695	0.01987
NELFB	0.06881	0.14188	0.06374	0.11409	0.09681
NELFCD	0.11769	0.1898	0.07547	0.23254	0.07609
NELFE	0.29454	0.50329	0.2252	0.63721	0.33028
NELL2	0.04668	0.00434	0.001	0.02464	0.0075
NEMF	0.54443	0.48706	0.48146	0.62068	0.64212
NENF	0.1243	0.36139	0.28763	0.36308	0.37243
NEO1	0.01719	0.07296	0.02186	0.00086	0.02496
NES	0.02523	0.01781	0.00833	0.00826	0.00528
NET1	0.04855	0.22221	0.1282	0.24552	0.13515
NETO2	0.00568	0.01428	0.01468	0.05941	0.00741
NEU1	0.12778	0.44949	0.27732	0.15419	0.19204
NEU3	0	0.00856	0.00013	0.00319	0.02176
NEU4	0.0549	0.10319	0.06557	0	0.00403
NEURL1	0.00355	0.00575	0.01041	0.00305	0
NEURL1B	0.00583	0.02749	0.00471	0	0
NEURL2	0.01531	0.02609	0.03092	0	0.00917
NEURL3	0.0115	0.04054	0.02758	7e-04	0
NEURL4	0.02284	0.01827	0.00027	0.0059	0.02588
NEUROD2	0.02739	0.0551	0.05785	0.05448	0.04688
NEXN	0.01191	0.01651	0.0039	0.00317	0.00219
NEXN-AS1	0.03444	0.05887	0.04924	0.02033	0.03929
NF1	0.19015	0.22862	0.17599	0.19041	0.24535
NF2	0.10408	0.06283	0.06726	0.09164	0.07391
NFAM1	0.10773	0.10578	0.2172	0.04755	0.0892
NFASC	0.00381	0.02347	0.00518	0	0
NFAT5	0.35235	0.17816	0.18859	0.35915	0.2527
NFATC1	0.09823	0.02654	0.083	0.18228	0.05173
NFATC2	0.47159	0.06419	0.09022	0.57772	0.21716
NFATC2IP	0.37436	0.30663	0.38709	0.50136	0.42808
NFATC3	0.33478	0.25011	0.20779	0.36881	0.16795
NFATC4	0.00182	0.01312	0.00127	0	0
NFE2	0.00116	0.00514	0	0	0
NFE2L1	0.43085	0.91913	0.70637	0.41563	0.28559
NFE2L2	0.21059	0.41144	0.65132	0.40966	0.32989
NFE2L3	0.02765	0.02511	0.02036	0.04192	0.05732
NFIA	0.11119	0.75614	0.2023	0.05842	0.03637
NFIB	0.09706	0.33527	0.08498	0.02581	0.00663
NFIC	0.19789	0.54887	0.32201	0.20054	0.08704
NFIL3	0.11551	0.14886	0.08661	0.11904	0.07227
NFIX	0.04972	0.12166	0.05931	0.00856	0.01196
NFKB1	0.20734	0.09662	0.17077	0.2552	0.17262
NFKB2	0.05862	0.03108	0.05875	0.06146	0.05308
NFKBIA	1.32307	0.55304	1.87906	1.20249	1.28789
NFKBIB	0.3236	0.28421	0.28463	0.29404	0.28322
NFKBID	0.07177	0.01092	0.13573	0.09681	0.0475
NFKBIE	0.13715	0.09509	0.25717	0.1251	0.13375
NFKBIL1	0.02745	0.03782	0.02833	0.01686	0.04788
NFKBIZ	0.33574	0.09948	0.46567	0.21303	0.19772
NFRKB	0.08117	0.1495	0.07749	0.08473	0.07769
NFS1	0.03897	0.09002	0.02133	0.03943	0.02065
NFU1	0.0375	0.05113	0.02743	0.0795	0.05693
NFX1	0.26666	0.22697	0.24416	0.43193	0.37383
NFXL1	0.08952	0.11894	0.05033	0.17469	0.11819
NFYA	0.06346	0.10357	0.08988	0.06145	0.06675
NFYB	0.12913	0.21433	0.15811	0.19743	0.07986
NFYC	0.11408	0.1254	0.08119	0.17224	0.06467
NFYC-AS1	0.08154	0.07219	0.05396	0.05621	0.06229
NGDN	0.06226	0.09419	0.07348	0.17756	0.06989
NGEF	0.00139	0.05739	0.00288	0.00093	0.01373
NGLY1	0.20121	0.14136	0.08363	0.255	0.33916
NGRN	0.14617	0.26595	0.22274	0.13629	0.13064
NHEJ1	0.02419	0.03002	0.00758	0.02533	0.01083
NHLRC1	0.00089	0.02775	0.00385	0	0.00324
NHLRC2	0.0783	0.07649	0.10103	0.063	0.06868
NHLRC3	0.04885	0.10442	0.10748	0.03865	0.03754
NHP2	0.38635	0.42608	0.32952	0.85388	0.22074
NHS	0.01412	0.00222	0.01435	0.02321	0.00413
NHSL1	0.02484	0.16532	0.07872	0.00081	0
NHSL2	0.00088	0.00696	0.00363	0	0
NICN1	0.07069	0.15861	0.09384	0.07587	0.18359
NID1	0.07169	0.37768	0.20333	0.00136	0.00582
NIF3L1	0.01687	0.04274	0.03592	0.05696	0.04075
NIFK	0.13622	0.12805	0.13301	0.30554	0.10763
NIFK-AS1	0.06044	0.0425	0.01994	0.06501	0.02715
NIM1K	0	0.00303	0	0.01667	0.0039
NIN	0.76981	0.27487	0.55994	1.16828	0.63216
NINJ1	0.22198	0.28205	0.34438	0.10642	0.08982
NINJ2	0.04619	0.03741	0.02677	0.05731	0.05757
NINL	0.02316	0.13665	0.01558	0.01262	0.00237
NIP7	0.12386	0.15118	0.15335	0.17733	0.09697
NIPA1	0.02684	0.06681	0.0294	0.04245	0.05639
NIPA2	0.0726	0.09731	0.07536	0.14164	0.11339
NIPAL1	0.04594	0.05508	0.0286	0.01465	0.02522
NIPAL2	0.15746	0.20026	0.18006	0.09386	0.16623
NIPAL3	0.20194	0.09759	0.06922	0.22707	0.1406
NIPBL	0.76845	0.85516	0.79223	0.99143	0.76669
NIPSNAP1	0.21111	0.44718	0.27174	0.11429	0.0758
NIPSNAP3A	0.03675	0.03396	0.01147	0.07364	0.00505
NIPSNAP3B	0.00312	0.00916	0.00493	0.00109	0.01994
NISCH	0.2338	0.30576	0.17758	0.29045	0.16034
NIT1	0.12109	0.21886	0.14467	0.25418	0.15017
NIT2	0.07736	0.2022	0.08277	0.07908	0.0561
NKAIN2	0.00063	0.03147	0.00038	0	0
NKAP	0.18185	0.20483	0.17499	0.17995	0.25456
NKAPL	0.00876	0.00344	0.00975	0	0
NKAPP1	0.01048	0.01921	0.00233	0.06374	0.01786
NKD1	0.108	0.20518	0.09122	0.0698	0.15956
NKD2	0.0059	0.01006	0	0.00592	0
NKG7	0.91718	0.02283	0.01705	0.5245	0.25469
NKIRAS1	0.03478	0.03095	0.03681	0.02647	0.01594
NKIRAS2	0.12347	0.16003	0.1315	0.23787	0.16472
NKPD1	0.05806	0.05821	0.06124	0.0329	0.0517
NKRF	0.07984	0.03596	0.0393	0.0451	0.08275
NKTR	0.9486	0.7652	0.79415	0.98834	1.00101
NKX3-1	0.00991	0.00962	2e-04	0.00931	0.00324
NKX3-2	0	0.00363	0.00156	0	0
NLE1	0.02104	0.02341	0.00974	0.04065	0.01228
NLGN1	0.00642	0.00257	0	0	0
NLGN2	0.00466	0.0115	0.00131	0.01354	0.00524
NLGN4X	0.0165	0.05448	0.01368	0.00094	0.00669
NLGN4Y	0.00044	0.00406	0	0	0
NLK	0.03014	0.08307	0.08678	0.06269	0.0449
NLN	0.27544	0.39669	0.36013	0.25442	0.28189
NLRC3	0.35382	0.03072	0.01526	0.25144	0.10443
NLRC4	0.00024	0.00279	0.04704	0.01318	0
NLRC5	0.34356	0.04281	0.06198	0.48168	0.23109
NLRP1	0.1664	0.0152	0.06845	0.12663	0.14179
NLRP11	0.00052	0.00462	0.00011	0	0.00624
NLRP12	0.06176	0.0875	0.07969	0.06992	0.06233
NLRP2	0.03002	0.00776	0.01065	0.04816	0.04012
NLRP3	0.01899	0.00207	0.10008	0.00474	0.00112
NLRP4	0	0.00201	0	0	0
NLRP8	0.05484	0.06747	0.07817	0.05421	0.0358
NLRX1	0.05677	0.0652	0.03511	0.06483	0.02615
NMB	0.04781	0.03538	0.04999	0.14127	0.02009
NMD3	0.07465	0.16056	0.09456	0.06593	0.08417
NME1	0.13219	0.21419	0.07823	0.59107	0.37803
NME1-NME2	0.00155	0.00062	0.00112	0.00193	0.00594
NME3	0.2299	0.17256	0.18728	0.11924	0.24271
NME4	0.04644	0.20173	0.10134	0.05963	0.05891
NME6	0.25923	0.2615	0.30135	0.24615	0.26805
NME7	0.03259	0.03775	0.04114	0.03726	0.00445
NME8	0.00467	0.00878	0.00541	0	0.01748
NMI	0.13851	0.072	0.12578	0.26852	0.03431
NMNAT1	0.37736	0.4661	0.46742	0.30071	0.42786
NMNAT2	0.00202	0.00405	0.00045	0	0.00279
NMNAT3	3e-04	0.01083	0.00768	0	0
NMRAL1	0.15706	0.108	0.0548	0.20744	0.07056
NMRK1	0.10211	0.0706	0.0681	0.07957	0.26155
NMT1	0.49379	0.56696	0.4353	0.97212	0.47525
NMT2	0.61416	0.65151	0.44294	0.31184	0.40724
NMUR1	0.0174	0.0024	0.00284	0.02494	0.00137
NNMT	0.02627	0.23966	0.04782	0.00098	0.00764
NNT	0.18537	0.45855	0.22693	0.34511	0.13537
NNT-AS1	0.19366	0.27963	0.17358	0.14115	0.20214
NOA1	0.04418	0.02775	0.03065	0.1299	0.0203
NOB1	0.08685	0.05321	0.049	0.09421	0.0801
NOC2L	0.1309	0.20585	0.102	0.13439	0.11097
NOC3L	0.11286	0.13832	0.16009	0.18061	0.1283
NOC4L	0.01706	0.07186	0.0555	0.15006	0.03805
NOD1	0.05264	0.02149	0.03645	0.0273	0.0242
NOD2	0.06232	0.00826	0.02111	0.07966	0.04006
NOL10	0.13432	0.14753	0.08722	0.25935	0.13528
NOL11	0.03501	0.12405	0.10981	0.15031	0.06271
Z83844.1	0.15155	0.12129	0.12022	0.17969	0.09132
NOL3	0.01393	0.11842	0.07731	0.02152	0.02078
NOL6	0.04722	0.04289	0.04102	0.06661	0.02709
NOL7	0.39253	0.36616	0.38755	0.84887	0.53816
NOL8	0.28303	0.18323	0.25921	0.47105	0.43785
NOL9	0.23143	0.30268	0.25618	0.26173	0.24418
NOLC1	0.15343	0.22841	0.18368	0.45445	0.25699
NOM1	0.16943	0.2165	0.19221	0.29147	0.12814
NOMO1	0.08269	0.11941	0.05852	0.09437	0.16407
NOMO2	0.0058	0.00795	0	0.00387	0.00461
NOMO3	0	0.00219	0	0	0
NONO	0.47223	0.69653	0.42286	1.07598	0.36037
NOP10	0.26193	0.25731	0.23618	0.31919	0.18064
NOP14	0.2336	0.27762	0.20045	0.57022	0.25396
NOP14-AS1	0.02755	0.01715	0.0038	0.02158	0.03601
NOP16	0.08233	0.08905	0.07081	0.15654	0.04501
NOP2	0.05863	0.05428	0.07846	0.09911	0.07587
NOP56	0.52197	0.36489	0.44395	0.80689	0.55234
NOP58	0.73104	0.52289	0.42607	1.08163	0.56144
NOP9	0.03773	0.08022	0.05279	0.08626	0.01659
NOS1	0.07105	0.1063	0.10979	0.05495	0.12419
NOS1AP	0.01096	0.06101	0.00503	0	0
NOS3	0.00081	0.00811	0.013	0	0.00224
NOSIP	0.24401	0.21328	0.2022	0.46923	0.33184
NOSTRIN	0.00023	0.00241	0	0	0
NOTCH1	0.10606	0.04045	0.03535	0.1317	0.06074
NOTCH2	0.13166	0.13158	0.15837	0.10079	0.07753
AC239799.1	0.25422	0.34724	0.44928	0.20782	0.17266
NOTCH3	0	0.00286	0.00345	0	0
NOTCH4	0	0.00755	0.00597	0	0.03156
NOTUM	0.00204	0.12076	0.01203	0.00162	0.00381
NOV	0.00114	0.00578	0	0.02668	0
NOVA1	0.00881	0.03358	0.01003	0	0
NOX4	0.48684	0.73519	0.57154	0.36701	0.61311
NOX5	0	0.00218	0.00039	0	0
NOXA1	0	0.01939	0.04361	0	0.0121
NOXRED1	0.00074	0.00191	0	0.00614	0
NPAP1	0.00152	0.00655	0.00117	0.00927	0.0054
NPAS2	0.00158	0.04142	0.01237	0.00705	0
NPAS3	0.00315	0.00423	0.009	0	0
NPAT	0.25852	0.13116	0.12918	0.37285	0.58508
NPB	0.00106	0.03234	0.00205	0.00217	0.00787
NPC1	0.08529	0.09242	0.07729	0.0427	0.02219
NPC1L1	0.00197	0.0789	0.00369	0	0
NPC2	0.193	0.41862	1.19673	0.18065	0.61487
NPDC1	0.05927	0.0049	0.03041	0.00294	0.00387
NPEPPS	0.23056	0.25286	0.27171	0.1507	0.1518
NPFF	0.02585	0.03936	0.01182	0.00224	0.00974
NPFFR2	0.00972	0.02671	0.00171	0	0.00131
NPHP1	0.00866	0.02357	0.00704	0.01736	0.00098
NPHP3	0.21553	0.25513	0.18563	0.10746	0.20865
NPHP4	0.00079	0.01043	0.00977	0.00526	0.00042
NPHS1	0.10767	0.13068	0.12818	0.07339	0.09985
NPIPA1	0.015	0.02062	0.01458	0.01954	0.02541
NPIPA5	0.0303	0.00583	0.00112	0.00537	0.01052
NPIPB11	0	0.00088	0	0	0.00159
NPIPB15	0.02595	0.09108	0.05591	0.04231	0.1723
NPIPB3	0.00949	0.00253	0.02011	0.01581	0.01187
NPIPB4	0.03381	0.01681	0.05073	0.01645	0.04393
NPIPB5	0.00723	0.00316	0	0	0.00535
NPIPB6	0.00194	0.00183	0	0	5e-04
NPL	0.03408	0.10457	0.38724	0.0039	0.00413
NPLOC4	0.27898	0.55499	0.23968	0.45981	0.3825
NPM1	1.47664	1.2902	1.36099	2.16229	1.41538
NPM2	0.00622	0.03164	0.00816	0.00586	0.00082
NPM3	0.01829	0.02157	0.0117	0.0313	0.00419
NPNT	0	0.01888	5e-04	0	0
NPR1	0	0.00323	0	0	0
NPR2	0.02088	0.05847	0.00395	0.02032	0.00396
NPR3	0.00037	0.01004	0.0012	0	0.00058
NPRL2	0.10985	0.10818	0.04131	0.17293	0.15688
NPRL3	0.02107	0.03396	0.05865	0.07777	0.01137
NPSR1-AS1	0	0.01362	0.00071	0	0.00571
NPTN	0.11255	0.31065	0.23246	0.14571	0.0809
NPTX2	0.00038	0.02178	0.00177	0	0
NPTXR	0.14174	0.14022	0.1169	0.09658	0.13797
NPW	0.00234	0.00488	0.00132	0.03473	0.00418
NPY6R	0.00104	0.00061	0	0	0.00198
NQO1	0.31854	0.60423	0.56275	0.11903	0.01049
NQO2	0.07548	0.44563	0.20962	0.08042	0.03297
NR0B1	0.00134	0.00349	0.00278	0	0
NR0B2	0.02652	0.16155	0.01824	0.00955	0
NR1D1	0.00343	0.02258	0.01405	0.01368	0.01217
NR1D2	0.13055	0.15284	0.14014	0.10248	0.11742
NR1H2	0.04361	0.09775	0.09251	0.06131	0.07834
NR1H3	0.0298	0.35233	0.33224	0.04315	0.01475
NR1H4	0.05092	0.34448	0.11186	0.00903	0.01208
NR1I2	0.02193	0.08635	0.02604	0	0.00481
NR1I3	0.00312	0.1705	0.02196	0	0.01085
NR2C1	0.11666	0.15629	0.09864	0.09862	0.09578
NR2C2	0.13063	0.07105	0.06603	0.19695	0.12284
NR2C2AP	0.02695	0.03864	0.00422	0.03028	0.01589
NR2E1	0.00427	0.00279	0.00397	0.00281	0.00167
NR2F1	0.02858	0.07706	0.00429	0	0.00576
NR2F1-AS1	0.00158	0.01803	0.00545	0.00084	0
NR2F2	0.03475	0.22684	0.10447	0.0019	0.0064
NR2F2-AS1	0	0.00424	0	0	0
NR2F6	0.07191	0.40957	0.12138	0.0269	0.04979
NR3C1	0.46406	0.41394	0.44532	0.66898	0.3771
NR3C2	0.00074	0.01457	0.00591	0	0
NR4A1	0.06963	0.01342	0.19035	0.07568	0.05064
NR4A2	0.6242	0.0356	0.51924	0.50134	0.23374
NR4A3	0.05565	0.00346	0.07356	0.00537	0.00931
NR5A2	0.06875	0.21002	0.03782	0.01284	0.01194
NR6A1	0.01127	0.06454	0.06063	0.0019	0.00803
NRARP	0.00094	0.00487	0	0.00129	0.00673
NRAS	0.10805	0.16532	0.18331	0.2302	0.12019
NRBF2	0.09825	0.17024	0.18693	0.15554	0.14668
NRBP1	0.32099	0.26173	0.25867	0.38517	0.28349
NRBP2	0.07141	0.34701	0.0936	0.0069	0.021
NRCAM	0.0078	0.1058	0.01729	0	0.01176
NRDE2	0.12663	0.20841	0.13693	0.25311	0.11069
NREP	0.04537	0.21813	0.10477	0.05473	0.01279
NRF1	0.08645	0.04982	0.05696	0.08897	0.04371
NRG1	0	0.002	0.00162	0.00125	0
NRG2	0	0.00875	0.00112	0	0
NRG4	0.00173	0.00249	6e-04	0	0
NRGN	0.00074	0.00192	0.00824	0.01168	0
NRIP1	0.15734	0.32662	0.38216	0.14031	0.031
NRIP2	0.02288	0.01643	0.02569	0.0193	0.02828
NRIP3	0.02134	0.00662	0.02222	0.00433	0.01372
NRL	0.00209	0.00875	0.01079	0.0025	0
NRM	0.05929	0.03493	0.03927	0.29732	0.04121
NRN1	0	0.00307	0	0	0
NRN1L	0.00838	0.00505	0.00022	0.00175	0.0024
NRON	0.06897	0.06914	0.01728	0.03377	0.05202
NRP1	0.0218	0.23236	0.66473	0.0509	0.04324
NRP2	0.00529	0.01215	0.21372	0	0.00444
NRROS	0.0053	1e-04	0.02339	0.00112	0.00596
NRSN1	0.00702	0.00925	0.00015	0.00118	0.0063
NRSN2	0.01579	0.01528	0.00412	0.00165	0.00608
NRTN	0.01076	0.04939	0.02365	0.00445	0.01516
NRXN1	0.00272	0.01103	0.00285	0.00389	0.00191
NRXN2	0.00113	0.03692	0.02385	0	0.00097
NRXN3	0.00395	0.01074	0.01033	0.00579	0.00057
NSA2	0.4567	0.28462	0.32499	0.70445	0.31187
NSD1	0.49112	0.38972	0.36535	0.62396	0.43421
NSDHL	0.09276	0.19754	0.08032	0.13257	0.03908
NSF	0.09469	0.09367	0.06741	0.08451	0.10578
NSFL1C	0.14235	0.25486	0.25184	0.22473	0.118
NSL1	0.22635	0.30082	0.23773	0.20859	0.17382
NSMAF	0.08717	0.03733	0.04502	0.07018	0.03038
NSMCE1	0.16258	0.20395	0.10227	0.29497	0.1499
NSMCE2	0.07949	0.08249	0.05479	0.0505	0.06224
NSMCE4A	0.19176	0.20587	0.06982	0.16212	0.14737
NSMF	0.03494	0.041	0.03893	0.04865	0.01844
NSRP1	0.40249	0.34958	0.28452	0.76019	0.55037
NSUN2	0.17346	0.2526	0.17784	0.27051	0.10043
NSUN3	0.07359	0.02966	0.01808	0.04424	0.02543
NSUN4	0.12601	0.20218	0.26848	0.1491	0.10765
NSUN5	0.11503	0.12057	0.18654	0.20763	0.12392
NSUN5P1	0.05566	0.14863	0.06627	0.16984	0.19002
NSUN5P2	0.0898	0.13963	0.07162	0.08546	0.13906
NSUN6	0.16426	0.31219	0.1326	0.2432	0.14578
NSUN7	0.00648	0.02349	0.01009	0.003	0.00516
NT5C	0.12184	0.11419	0.12065	0.27138	0.08838
NT5C2	0.20821	0.20793	0.19873	0.24865	0.19265
NT5C3A	0.088	0.10203	0.06541	0.1322	0.22941
NT5C3B	0.01756	0.08889	0.02421	0.0095	0.04264
NT5DC1	0.06328	0.12026	0.06612	0.14002	0.14065
NT5DC2	0.03084	0.07276	0.0344	0.0628	0.2383
NT5DC3	0.01441	0.08209	0.03583	0.01355	0.00954
NT5E	0.01557	0.18496	0.04418	0.01162	0.00661
NT5M	0.02303	0.01089	0.00142	0.01672	0
NTAN1	0.0665	0.07903	0.12212	0.21591	0.06305
NTHL1	0.03008	0.13319	0.08459	0.2356	0.05918
NTMT1	0.08282	0.09003	0.06665	0.23971	0.12563
NTN1	0.00386	0.01614	0	0.00295	0
NTN4	0	0.01411	0.00039	0	0
NTN5	0.00168	0.00232	0	0	0
NTNG2	0.02363	0.00094	0.00313	0.00306	0.00247
NTPCR	0.03744	0.11459	0.06709	0.0994	0.03833
NTRK2	0.00145	0.00229	0	0	0.01588
NTS	0.0064	0.03368	0.03168	0	0
NUAK1	0.05319	0.14544	0.04448	0.00098	0.00152
NUAK2	0.02439	0.04488	0.01989	0.02382	0.17294
NUB1	0.47335	0.33839	0.36989	0.38202	0.32725
NUBP1	0.10279	0.0664	0.13564	0.2115	0.08273
NUBP2	0.15711	0.15598	0.05724	0.34427	0.15972
NUBPL	0.08582	0.15488	0.14207	0.05927	0.0709
NUCB1	0.27721	0.54331	0.39455	0.31527	0.27248
NUCB2	0.37329	0.36767	0.21301	0.72093	0.88731
NUCKS1	0.94564	1.27577	1.13331	2.13677	0.70909
NUDC	0.51631	0.64323	0.59664	0.87516	0.48068
NUDCD1	0.04296	0.049	0.02392	0.03783	0.06219
NUDCD2	0.11843	0.15031	0.11511	0.20031	0.07047
NUDCD3	0.19791	0.20407	0.1318	0.15095	0.07164
NUDT1	0.15075	0.07179	0.13564	1.0231	0.06326
NUDT12	0.00758	0.07252	0.02892	0.0062	0.03325
NUDT13	0.00363	0.01484	0.0062	0	0.0012
NUDT14	0.0629	0.10265	0.05852	0.01025	0.02555
NUDT15	0.06612	0.05194	0.03285	0.07549	0.02095
NUDT16	0.12453	0.19061	0.12605	0.11058	0.0444
NUDT16L1	0.21142	0.12708	0.07716	0.19131	0.1139
NUDT16P1	0.00388	0.01662	0.01415	0.00167	0.00999
NUDT17	0.00682	0.00253	0	0.01916	0.01782
NUDT19	0.0367	0.04947	0.02548	0.05112	0.03211
NUDT2	0.04084	0.04558	0.0317	0.13706	0.06644
NUDT21	0.12975	0.08761	0.0425	0.31508	0.088
NUDT22	0.0912	0.07699	0.09794	0.09109	0.15313
NUDT3	0.00258	0.00242	0.00291	0.00088	0.00103
NUDT4	0.00492	0.04278	0.00792	0.00457	0.02293
NUDT5	0.21265	0.42145	0.18603	0.28534	0.18594
NUDT6	0.01784	0.03926	0.00506	0.12024	0.00153
NUDT7	0.03608	0.07486	0.01944	0.00048	0.00195
NUDT8	0.03476	0.04847	0.01371	0.08657	0.01483
NUDT9	0.08924	0.08832	0.10091	0.09663	0.04694
NUF2	0.00855	0.04206	0.04061	0.56739	0.00309
NUFIP1	0.03974	0.07491	0.07391	0.20658	0.01866
NUFIP2	0.34268	0.29452	0.59287	0.51028	0.50339
NUGGC	0.28875	0.2683	0.23056	0.35643	0.58173
NUMA1	0.18334	0.31318	0.26336	0.42541	0.19028
NUMB	0.09295	0.14102	0.15748	0.0753	0.10286
NUMBL	0.04344	0.0558	0.04261	0.02196	0.04011
NUP107	0.18434	0.21569	0.14334	0.2849	0.14316
NUP133	0.07937	0.10875	0.04724	0.17819	0.04784
NUP153	0.15301	0.15869	0.0739	0.26148	0.1212
NUP155	0.06698	0.14526	0.04091	0.23431	0.01294
NUP160	0.04973	0.08043	0.06648	0.15273	0.03291
NUP188	0.06307	0.02951	0.03003	0.05228	0.02487
NUP205	0.09023	0.07485	0.0563	0.10272	0.05862
NUP210	0.18334	0.0782	0.03863	0.28395	0.11365
NUP214	0.17428	0.16452	0.18155	0.33856	0.14269
NUP35	0.02912	0.04343	0.0404	0.12837	0.01397
NUP37	0.02222	0.02474	0.00208	0.05707	0.01595
NUP43	0.09757	0.19746	0.12161	0.12566	0.09986
NUP50	0.31059	0.22849	0.17197	0.74883	0.31154
NUP54	0.07262	0.03166	0.0266	0.1103	0.06114
NUP62	0.3489	0.24933	0.37976	0.4794	0.31061
NUP62CL	0	0.00528	0.00357	0	0.01005
NUP85	0.09421	0.14118	0.15954	0.34417	0.08684
NUP88	0.13636	0.07641	0.01295	0.1467	0.08026
NUP93	0.0991	0.0852	0.11171	0.26212	0.03606
NUP98	0.11956	0.16563	0.11114	0.32511	0.09575
NUPL2	0.04696	0.08331	0.05952	0.14109	0.08995
NUPR1	0.44298	1.99548	1.23905	0.10937	0.01869
NUS1	0.07209	0.14728	0.05913	0.1165	0.11863
NUSAP1	0.0808	0.16452	0.0788	2.29434	0.16797
NUTF2	0.13009	0.1289	0.13919	0.29509	0.05084
NUTM2A-AS1	0.02784	0.00844	0.00126	0.00051	0.01136
NVL	0.14212	0.12787	0.08245	0.30138	0.16077
NWD1	0.38299	0.34569	0.3679	0.30296	0.32502
NXF1	0.24923	0.14212	0.24126	0.35114	0.263
NXN	0.00106	0.00551	0	0.00081	0.00107
NXNL1	0	0.00073	0.00094	0.0024	0.00038
NXNL2	0.00546	0.01781	0.02166	0.02474	0.01097
NXPE3	0.38768	0.28724	0.29253	0.38916	0.72388
NXPH4	0.00028	0.00393	0	0	0
NXT1	0.05703	0.04167	0.04658	0.10534	0.03291
NXT2	0.05362	0.06466	0.02778	0.10115	0.03593
NYAP2	0.23833	0.27699	0.26652	0.16713	0.24187
NYNRIN	0.00409	0.07541	0.03198	0	0
OAF	0.05362	0.41837	0.08166	0.03144	0.0198
OARD1	0.07277	0.0998	0.07877	0.10446	0.04552
OAS1	0.05115	0.05354	0.09671	0.0962	0.11694
OAS2	0.24736	0.02925	0.13363	0.34132	0.23452
OAS3	0.15221	0.0724	0.14613	0.21386	0.04654
OASL	0.14892	0.0364	0.00864	0.16944	0.02722
OAT	0.01373	0.13318	0.06275	0.0818	0.04418
OAZ1	1.36045	0.77886	1.58975	2.2374	2.24058
OAZ2	0.04915	0.10445	0.32356	0.0961	0.10116
OAZ3	0.00142	0.00909	0.00642	0	0.01036
OBSCN	0.03211	0.19997	0.04814	0.00106	3e-04
OBSL1	0.00879	0.02462	0.02585	0.00067	0.01125
OCEL1	0.04735	0.10952	0.01573	0.00569	0.06253
OCIAD1	0.20437	0.47318	0.25628	0.29651	0.38123
OCIAD2	0.18613	0.28638	0.0737	0.23364	0.08275
OCLN	0.05289	0.19496	0.14059	0.02307	0.0329
OCRL	0.00702	0.06346	0.05777	0.00042	0.01259
ODAM	0	0.00643	0	0	0.00084
ODC1	0.18603	0.17337	0.1311	0.32758	0.27787
ODF2	0.09123	0.08206	0.07592	0.30615	0.09148
ODF2L	0.56848	0.36079	0.34422	0.48469	0.61997
ODF3B	0.04468	0.08488	0.15886	0.03609	0.18941
OFD1	0.65097	0.30809	0.16893	0.45965	0.37048
OGDH	0.19533	0.1704	0.19435	0.15007	0.1389
OGDHL	0.05029	0.23935	0.04309	0.02845	0.00109
OGFOD1	0.28608	0.37315	0.33108	0.34364	0.36182
OGFOD2	0.02253	0.07154	0.0702	0.12605	0.10979
OGFOD3	0.10412	0.17771	0.16223	0.103	0.15617
OGFR	0.06259	0.09962	0.14208	0.10449	0.08548
OGFR-AS1	0	0.00498	0.00374	0	0
OGFRL1	0.09495	0.06455	0.38932	0.22028	0.0778
OGG1	0.03797	0.04236	0.0156	0.076	0.02892
OGT	0.42396	0.39648	0.18874	0.42859	0.91894
OIP5	0.00964	0.00746	0.00188	0.10827	0.00097
OIP5-AS1	0.34473	0.3249	0.2844	0.36199	0.34246
OLA1	0.24929	0.3323	0.24162	0.44605	0.14633
OLAH	0.11909	0.15381	0.19987	0.08005	0.17677
OLFM2	0.01798	0.07769	0.03443	0.00411	0.00271
OLFM4	0	0.00327	0.00122	0	0
OLFML1	0.00037	0.01237	0.00273	0.00085	0.00115
OLFML2A	0.01078	0.00435	0.00877	0.00363	0.00159
OLFML2B	0	0.00371	0.06555	0	0
OLFML3	0	0.03887	0.02272	0	0.00047
OMA1	0.07574	0.06022	0.0278	0.02779	0.08393
ONECUT1	0.02969	0.1318	0.02636	0.02537	0.00337
ONECUT2	0.23508	0.95314	0.25605	0.09989	0.0679
OOEP	0	0.0035	0.00043	0	0
OPA1	0.20079	0.29035	0.23051	0.35188	0.15335
OPA3	0.47804	0.5196	0.55769	0.38722	0.5347
OPHN1	0.01868	0.02137	0.03886	0.00419	0.02935
OPLAH	0.03932	0.16201	0.12004	0.0064	0.02043
OPN3	0.02157	0.05863	0.09716	0.00268	0.02723
OPRK1	0.00063	0.00231	0.00343	0.00462	0.00027
OPRL1	0	0.01148	0.01428	0	0
OPRM1	0.08909	0.04039	0.0359	0.05457	0.05238
OPTN	0.76486	0.69106	0.24666	0.80499	0.48978
OR2A4	0	0.0108	0	0	0
OR4F13P	0.0037	0.01022	0.00628	0.0029	0.00301
OR4N3P	0.00078	0.01349	0.00394	0	0
OR4N4	0.00557	0.00293	0.00489	0	0
OR51E2	0.00273	0.00375	0.00097	0.00424	0.00233
OR7D2	0.0118	0.00916	0.01576	0.00183	0.00816
OR7E12P	0.00199	0.00197	0.00149	0.00551	0.0012
OR7E14P	0.00073	0.00649	0.00168	0	0.00039
OR7E37P	0.00849	0.01164	0.00343	0.00531	0.02289
OR7E47P	0	0.00132	0	0.00218	0
OR8A1	4e-04	0.00382	0.00078	0	0
ORAI2	0.64292	0.66549	0.85432	0.75966	1.16369
ORAI3	0.04023	0.17217	0.0674	0.04622	0.08254
LTO1	0.04299	0.04563	0.05326	0.04564	0.01937
ORC1	0.01185	0.00949	0.01243	0.0689	0.00607
ORC2	0.13051	0.10422	0.06135	0.15979	0.12228
ORC3	0.1406	0.148	0.07529	0.25612	0.15187
ORC4	0.37765	0.38335	0.33931	0.17307	0.28495
ORC5	0.03231	0.04001	0.00861	0.0352	0.01615
ORC6	0.09925	0.11548	0.08204	0.14984	0.05554
ORM1	0.28256	1.67093	0.53589	0.1217	0.01645
ORM2	0.09377	0.65084	0.13676	0.01246	0.02487
ORMDL1	0.15403	0.15881	0.11181	0.16307	0.19566
ORMDL2	0.144	0.15212	0.09642	0.27538	0.21366
ORMDL3	0.3445	0.47225	0.14593	0.43077	0.40762
OS9	0.44586	0.89671	0.76577	0.56141	0.95111
OSBP	0.19684	0.26208	0.17846	0.29431	0.25329
OSBP2	0.0044	0.01732	0.01003	0.00043	0.03347
OSBPL10	0.00211	0.00635	0.00079	0.05943	0.13419
OSBPL11	0.0348	0.08572	0.19775	0.0912	0.0547
OSBPL1A	0.04036	0.09307	0.28175	0.01264	0.01203
OSBPL2	0.16299	0.24123	0.14284	0.14538	0.19998
OSBPL3	0.13549	0.04623	0.13107	0.37401	0.25266
OSBPL5	0.01	0.00249	0.00758	0	0.00143
OSBPL6	0.00541	0.02781	0.00075	0.00119	0
OSBPL7	0.06413	0.04192	0.04002	0.12391	0.05588
OSBPL8	0.52573	0.29653	0.34346	0.76251	0.30648
OSBPL9	0.09534	0.21429	0.18743	0.20175	0.24901
OSCAR	0.00348	0.00522	0.07467	0.01501	0.00922
OSCP1	0	0.01279	0.00234	0	0.00057
OSER1	0.08424	0.21579	0.19246	0.31628	0.19262
OSER1-DT	0.09694	0.15313	0.12166	0.07246	0.1439
OSGEP	0.08354	0.06397	0.12208	0.09317	0.04497
OSGEPL1	0.01888	0.03688	0.01699	0.02481	0.0141
OSGEPL1-AS1	0.0046	0.00841	0.00322	0.01092	0.00887
OSGIN1	0.26533	0.82496	0.42033	0.03364	0.04088
OSGIN2	0.077	0.07909	0.06757	0.0196	0.01343
OSMR	0.00902	0.06158	0.00325	0.0026	0.00493
OSR2	0.00169	0.0055	0.01181	0.00309	0.00438
OST4	0.83704	0.47712	0.33744	0.833	1.12928
OSTC	0.12476	0.22023	0.14846	0.36192	0.44724
OSTCP1	0	0.00028	0	3e-04	0.00334
OSTF1	0.11414	0.04055	0.17464	0.19411	0.09842
OSTM1	0.16793	0.2241	0.16426	0.12833	0.08885
OSTN-AS1	0	0.00419	0.00191	0.01163	0.03923
OTC	0.02265	0.10122	0.05392	0.00141	0.00143
OTOA	0	0.00076	0.07821	0	0
OTOG	0.002	0.00514	0	0.00069	0.00573
OTUB1	0.28854	0.30079	0.22432	0.54783	0.29863
OTUB2	0.01885	0.02513	0.01436	0	0.01825
OTUD1	0.03042	0.04091	0.19815	0.05075	0.14484
OTUD3	0.01475	0.05145	0.02933	0.06176	0.01436
OTUD4	0.18343	0.13018	0.1369	0.30015	0.15114
OTUD5	0.26418	0.52283	0.19256	0.18405	0.28176
OTUD6A	0.03922	0.04462	0.06504	0.04868	0.04093
OTUD6B	0.12696	0.14506	0.22952	0.13114	0.05734
OTUD7A	0.01556	0.00978	0.00365	0.00372	0
OTUD7B	0.05329	0.13491	0.04448	0.00424	0.01319
OTX1	0.00064	0.01722	0.0079	0	0.00057
OTX2-AS1	0.00455	0.00508	0.00266	0.00043	0.00771
OVGP1	0.01655	0.02427	0.0038	0.00241	0.00542
OXA1L	0.24237	0.28699	0.26844	0.40408	0.34721
OXCT1	0.10301	0.00861	0.01677	0.28291	0.0676
OXER1	0.00691	0.02168	0.00142	0	0
OXLD1	0.11168	0.16808	0.12348	0.06553	0.07492
OXNAD1	0.20781	0.09739	0.04193	0.17362	0.06431
OXR1	0.1242	0.21287	0.16323	0.20797	0.38029
OXSM	0.0214	0.03424	0.01205	0.01147	0.03014
OXSR1	0.13005	0.13004	0.10675	0.25012	0.0408
OXTR	0.00247	0.00434	0.00308	0	0
P2RX1	0.00431	0.0021	0.0012	0.03958	0.21527
P2RX4	0.13206	0.13373	0.19681	0.04237	0.14729
P2RX5	0.07776	0.00585	0.01205	0.11608	0.16882
P2RX5-TAX1BP3	0.02635	0.01337	0.01418	0.0022	0.03255
P2RX7	0.32076	0.38485	0.60877	0.20109	0.30413
P2RY1	0.04584	0.0047	0.04384	0.00619	0.01454
P2RY10	0.17627	0.00978	0.02183	0.28027	0.09886
P2RY13	0	0.00058	0.06521	0	0.00247
P2RY14	0	0.00232	0.02673	0.01483	0.01033
P2RY2	0.00557	0.02211	0.03021	0.00493	0
P2RY6	0.01357	0.01775	0.12583	0.03048	0.00177
P4HA1	0.04294	0.11787	0.22797	0.05727	0.10794
P4HA2	0.01931	0.12788	0.06046	0	0.00034
P4HB	0.78437	2.33316	1.34353	0.97597	1.33455
P4HTM	0.03888	0.03783	0.00519	0.05764	0.03824
PA2G4	0.54886	0.48493	0.53441	1.2175	0.45022
PA2G4P4	0.01702	0.08474	0.04071	0.01591	0.03797
PAAF1	0.05546	0.10304	0.06196	0.07392	0.06381
PABPC1	1.77719	1.13678	1.63693	2.1206	1.65269
PABPC1L	0.18776	0.39722	0.13224	0.28946	0.20893
PABPC1P2	0.21261	0.26259	0.30719	0.21495	0.23806
PABPC3	0.00823	0.00682	0.01242	0.00726	0.00536
PABPC4	0.36058	0.2814	0.77335	0.42323	0.97463
PABPC4L	0	0.00123	0	0	0.00151
PABPN1	0	0.00955	0.00783	0.00051	0.00041
PACRG	0.00023	0.00206	0.00097	0	0
PACRGL	0.00865	0.04855	0.04581	0.05391	0.00637
PACS1	0.22917	0.06478	0.10691	0.14962	0.07301
PACS2	0.07182	0.1476	0.18356	0.03726	0.02773
PACSIN1	0.00426	0.02257	0.00366	0.00049	0.01604
PACSIN2	0.09407	0.21435	0.16541	0.11815	0.12127
PACSIN3	0.01862	0.08845	0.01278	0.00167	0.01877
PAEP	0	0.00557	0.00105	0	0
PAF1	0.12569	0.15463	0.17042	0.19549	0.11727
PAFAH1B1	0.28222	0.16239	0.19628	0.34943	0.27011
PAFAH1B2	0.28738	0.35774	0.29209	0.39343	0.27865
PAFAH1B3	0.10023	0.15017	0.07462	0.3045	0.14667
PAFAH2	0.19935	0.17527	0.17142	0.19683	0.16055
PAG1	0.8451	0.29388	0.32065	0.89146	0.56636
PAGE1	0.0232	0.03055	0.03244	0	0
PAGE2B	0.00395	0.03606	0.02486	0	0
PAGE4	0.03451	0.08357	0.00992	0.02771	0.07026
PAGE5	0	0.02695	0.00131	0	0
PAH	0.25744	1.26091	0.54104	0.07577	0.08227
PAICS	0.16786	0.23771	0.44285	0.39746	0.27222
PAIP1	0.12429	0.45804	0.17297	0.16657	0.21341
PAIP2	0.32198	0.25466	0.21201	0.40131	0.36815
PAIP2B	0.01538	0.02219	0.02425	0.00116	0.01745
PAK1	0.07545	0.18725	0.39347	0.22678	0.10233
PAK1IP1	0.05916	0.14776	0.11896	0.18396	0.10266
PAK2	0.57017	0.46046	0.57239	0.74585	0.33234
PAK3	0.19817	0.22978	0.15877	0.1376	0.1869
PAK4	0.00099	0.0021	0.00071	0	0
PALB2	0.0772	0.06143	0.06588	0.03345	0.06483
PALD1	0	0.00809	0.05618	0	0.03136
PALLD	0.01909	0.1511	0.07245	0.02169	0.01735
PALM	0.02971	0.04626	0.05121	0.02227	0.00057
PALM2	0.17729	0.23961	0.21808	0.1499	0.25964
PALM3	0.02218	0.05071	0.02388	0	0
PALMD	0.03064	0.21382	0.04115	0.00501	0.00561
PAM	0.115	0.06769	0.05131	0.17111	0.06107
PAN2	0.08104	0.18956	0.07615	0.06477	0.08219
PAN3	0.1294	0.05352	0.07667	0.17911	0.06545
PAN3-AS1	0.00827	0.00215	0.00742	0.01013	0.00264
PANK1	0.21619	0.46519	0.28378	0.11017	0.22429
PANK2	0.6069	0.72914	0.68073	0.64808	0.68638
PANK3	0.06446	0.13797	0.09059	0.05422	0.02414
PANK4	0.07292	0.04825	0.03504	0.05402	0.05869
PANX1	0.0086	0.06443	0.05529	0.02794	0.0207
PANX2	0.01063	0.04545	0.02134	0.00168	0.00795
PANX3	0.00037	0.00533	0	0	0
PAOX	0.08381	0.09979	0.1266	0.07344	0.24747
TENT2	0.10331	0.07396	0.14698	0.16439	0.17094
TENT4B	0.22602	0.37228	0.25674	0.22545	0.21178
TENT4A	0.04471	0.15092	0.03846	0.0857	0.0347
PAPLN	0.00661	0.07462	0.05528	0.00287	0.00274
PAPOLA	0.60786	0.52599	0.42802	0.7337	0.67639
PAPOLG	0.07569	0.05616	0.08067	0.06937	0.11564
PAPPA2	0.00054	0.0219	0.00714	0	0.00029
PAPSS1	0.0326	0.04581	0.08244	0.08735	0.10551
PAPSS2	0.06412	0.23097	0.11197	0.002	0.00297
PAQR3	0.02636	0.02179	0.00686	0.02411	0.00774
PAQR4	0.03633	0.00497	0.0337	0.08234	0.00548
PAQR5	0.02901	0.03751	0.03978	0.01094	0.02113
PAQR6	0.00285	0.00317	0.00599	0	0.01023
PAQR7	0.00766	0.03343	0.06062	0.01606	0.03489
PAQR8	0.04356	0.00445	0.06222	0.02079	0.00223
PAQR9	0.00704	0.10335	0.01102	0.0012	0
PARD3	0.02584	0.24368	0.10926	0.02586	0.00471
PARD3-AS1	0.00082	0.00471	0.00076	0	0
PARD3B	0.05436	0.28147	0.05465	0.00704	0.0174
PARD6A	0.03325	0.0186	0.01563	0.0118	0.07419
PARD6B	0.01394	0.07815	0.02167	0.04976	0.00647
PARD6G	0.27873	0.32321	0.33603	0.16481	0.24819
PARG	0.14771	0.13584	0.14233	0.24899	0.12086
PRKN	0.12999	0.16814	0.13702	0.07519	0.11282
PARK7	0.60617	0.63362	0.47697	1.3725	0.47555
PARL	0.11227	0.15277	0.16251	0.2567	0.12817
PARM1	0.00178	0.00396	0.00718	0.04849	0.2558
PARN	0.16213	0.14131	0.12113	0.29704	0.16946
PARP1	0.47823	0.54213	0.77508	1.30205	0.64675
PARP10	0.16268	0.11529	0.09861	0.13025	0.11369
PARP11	0.02009	0.02725	0.08948	0.16067	0.04193
PARP12	0.15385	0.15177	0.18968	0.13014	0.03954
PARP14	0.54348	0.55326	1.1228	0.75812	0.63626
PARP15	0.16921	0.02886	0.08341	0.07097	0.10702
PARP16	0.03197	0.05377	0.01557	0.02698	0.01317
PARP2	0.02972	0.10406	0.07556	0.14127	0.06039
PARP3	0.12361	0.10829	0.06083	0.05814	0.10802
PARP4	0.29498	0.28664	0.23037	0.32798	0.19823
PARP6	0.15247	0.1113	0.17466	0.08627	0.23129
PARP8	0.50818	0.05058	0.16004	0.401	0.16928
PARP9	0.22278	0.23628	0.26908	0.30162	0.30157
PARPBP	0.03266	0.05418	0.03658	0.29548	0.03408
PARS2	0	0.01812	0.00876	0.00982	0.00358
PART1	0.19798	0.21648	0.25442	0.20379	0.21332
PARVA	0.04779	0.10609	0.06537	0.01664	0.05489
PARVB	0.02208	0.01904	0.08614	0.04483	0.05751
PARVG	0.21372	0.00937	0.41985	0.17874	0.14443
PASD1	0	0.00527	0	0	0
PASK	0.04628	0.04516	0.01063	0.03105	0.04198
PATE2	0.05103	0.08547	0.05762	0.05629	0.07511
PATE4	0.00094	0.00257	0.00525	0	0.00908
PATL1	0.1059	0.10907	0.13092	0.09952	0.07246
PATL2	0.06168	0.02028	0.02527	0.0372	0.06768
PATZ1	0.06466	0.09501	0.04281	0.10909	0.04592
PAWR	0.03557	0.26928	0.05724	0.03061	0.08025
PAX5	0.00824	0.00459	0.01127	0.11841	0.12225
PAX6	0.01473	0.03465	0.00152	0.00853	0.01491
PAX8	0.00441	0.0127	0.05629	0.02229	0.00236
PAX8-AS1	0.01663	0.03115	0.05604	0.00102	0
PAXBP1	0.13062	0.15043	0.21858	0.32521	0.21164
PAXBP1-AS1	0.02842	0.02915	0.03491	0.01725	0.01695
PAXIP1	0.02464	0.06052	0.01227	0.20528	0.02994
PAXIP1-AS1	0.1174	0.12868	0.09944	0.05776	0.12164
PAXIP1-AS2	0.03388	0.0473	0.06471	0.0203	0.01139
PBDC1	0.136	0.13204	0.19016	0.28511	0.10809
PBK	0.00885	0.02662	0.0134	0.37844	0.04384
PBLD	0.09558	0.3107	0.19635	0.03981	0.05108
PBOV1	0.04881	0.07433	0.07567	0.04262	0.06116
PBRM1	0.42022	0.41257	0.43361	0.67114	0.4238
PBX1	0.01975	0.02257	0.01206	0.02532	0
PBX2	0.03282	0.04744	0.07869	0.0213	0.08555
PBX3	0.05759	0.07103	0.18037	0.11598	0.0215
PBX4	0.04771	0.00076	0	0.01033	0.00175
PBXIP1	0.44203	0.3625	0.21731	0.29408	0.33319
PC	0.02371	0.36045	0.08257	0.01478	0.01112
PCA3	0.03249	0.02317	0.01157	0.02642	0.01179
PCAT1	0.1461	0.20226	0.19598	0.14728	0.19754
PCAT6	0	0.00427	0	0	0.00336
PCAT7	0.13343	0.18094	0.14373	0.10682	0.14165
PCBD1	0.11654	0.37857	0.10427	0.12417	0.03149
PCBD2	0.08004	0.07301	0.08921	0.12998	0.02251
PCBP1	0.33088	0.39374	0.44618	0.54026	0.21741
PCBP1-AS1	0.01306	0.00659	0.00071	0	0.00832
PCBP2	0.65026	0.88457	0.73753	0.98856	0.62828
PCBP3	0.01027	0.00084	0.00022	0.00161	0
PCBP4	0.04232	0.07257	0.04101	0.01345	0.02255
PCCA	0.03295	0.1184	0.06838	0.05239	0.04212
PCCB	0.03729	0.14079	0.08078	0.03702	0.11189
PCDH1	0.0091	0.1806	0.04318	0	0.00063
PCDH11Y	0.57286	0.5725	0.49663	0.3769	0.6352
PCDH12	9e-04	0.00294	0.02823	0.00033	0
PCDH17	0.02725	0.04607	0.0121	0	0
AL592490.1	0	0.00398	0	0	0
PCDH9	0.00387	0.0161	0	0	0.01416
PCDHA1	0	0.01419	0.00237	0	0
PCDHA12	0	0.00641	0.00122	0	0
PCDHA13	0.00028	0.0072	0	0	0
PCDHA2	0.00041	0.0032	8e-04	0	0
PCDHA3	0	0.00295	0.00032	0	0
PCDHA9	0.0046	0.01115	0.01122	0.00497	0.00321
PCDHAC1	0	0.00758	0	0	0
PCDHB13	0	0.00245	0	0	0
PCDHB14	0	0.00585	0.0021	0	0.00724
PCDHB19P	0.00261	0.00915	0.00378	0.00086	0.00041
PCDHB2	0.00546	0.00391	0	0	0
PCDHB3	0	0.00618	0	0	0
PCDHB5	0	0.00335	0	0	0
PCDHB9	0.05684	0.0536	0.04546	0.02379	0.04567
PCDHGA10	0	0.01085	0	0	0
PCDHGA3	0.00336	0.00482	0	0	0
PCDHGA4	0	0.00391	0	0	0.00054
PCDHGA5	0.00036	0.0097	0.00503	0	0.0168
PCDHGA8	0.00537	0.01652	0.00818	0	0.00025
PCDHGB2	0.02119	0.00211	0.00305	0	0.00842
PCDHGB6	0.00033	0.00585	0	0	0
PCDHGB7	0	0.00603	0	0	0.02108
PCED1A	0.1508	0.20386	0.08834	0.18351	0.11948
PCED1B	0.32204	0.01243	0.05409	0.21044	0.19401
PCED1B-AS1	0.30459	0.01824	0.07111	0.26885	0.29039
PCF11	0.32157	0.16909	0.30729	0.53715	0.59388
PCGF1	0.00896	0.01839	0.01177	0.00379	0.00198
PCGF3	0.09423	0.07999	0.07114	0.08566	0.05652
PCGF5	0.27315	0.3268	0.18143	0.36255	0.29402
PCGF6	0.01844	0.03545	0.00475	0.04004	0.01297
PCID2	0.0897	0.05825	0.03935	0.08816	0.0531
PCIF1	0.02483	0.02886	0.03135	0.09184	0.05199
PCK1	0.07015	0.1922	0.08371	0.02323	0.01113
PCK2	0.08	0.28277	0.1268	0.09196	0.04741
PCLO	0.01834	0.09346	0.01118	0	0
PCM1	1.20239	0.83556	0.88754	1.40559	0.88198
PCMT1	0.18434	0.2036	0.11241	0.40132	0.16305
PCMTD1	0.22591	0.22998	0.19872	0.15533	0.5482
PCMTD2	0.15212	0.29081	0.08923	0.11838	0.13353
PCNA	0.12394	0.0816	0.04545	0.48851	0.0726
PCNP	0.32775	0.31618	0.25401	0.384	0.3044
PCNT	0.24891	0.22137	0.25565	0.70312	0.28352
PCOLCE	0.00493	0.05607	0.01192	0.05499	0.01054
PCOLCE2	0.00247	0.07558	0.03251	0.00044	0
PCP2	0.00803	0.0049	0.00052	0	0.00446
PCSK1N	0.00187	0.1144	0.00748	0	0.00236
PCSK4	0.00333	0.02555	0.01252	0	0.00443
PCSK5	0.03334	0.06362	0.03248	0.01679	0.0506
PCSK6	0.02311	0.30529	0.0347	0.01837	0.03069
PCSK7	0.15682	0.07238	0.05291	0.14106	0.1018
PCSK9	0.00915	0.04934	0.00402	0	0
PCTP	0.05128	0.10362	0.07582	0.00094	0.027
PCYOX1	0.33719	0.78879	0.38251	0.20643	0.36887
PCYOX1L	0.02953	0.00724	0.00603	0.01073	0.02219
PCYT1A	0.0186	0.0584	0.09883	0.0808	0.04847
PCYT1B	0	0.00191	0.00613	0.00034	0.00329
PCYT2	0.18669	0.67906	0.21983	0.23158	0.09801
PDAP1	0.32421	0.35782	0.26474	0.601	0.35126
PDCD1	0.1946	0.00228	0.00227	0.20681	0.04382
PDCD10	0.28295	0.20636	0.20398	0.41701	0.18905
PDCD11	0.15577	0.33526	0.19464	0.34571	0.11854
PDCD1LG2	0.00672	0.00108	0.0121	0	0.01814
PDCD2	0.14247	0.15725	0.11202	0.12984	0.12252
PDCD2L	0.00496	0.02738	0.01709	0.01606	0.03035
PDCD4	0.92629	0.44344	0.52641	0.68434	0.88166
PDCD4-AS1	0.01678	0.00812	0.02032	0.00967	0.03136
PDCD5	0.24323	0.33196	0.20333	0.46205	0.17088
PDCD6	0.31372	0.45478	0.23349	0.35837	0.19177
PDCD6IP	0.11116	0.23923	0.17054	0.24654	0.19379
PDCD7	0.14553	0.16712	0.19722	0.18618	0.16433
PDCL	0.07382	0.02668	0.05878	0.07098	0.0805
PDCL3	0.05823	0.05848	0.07704	0.11462	0.01425
PDCL3P4	0.01024	0.01049	0	0.0158	0.01169
GATD1	0.35313	0.4913	0.39641	0.33878	0.37662
PDE11A	0.37467	0.46252	0.40569	0.30878	0.36208
PDE12	0.06134	0.1273	0.08851	0.13579	0.06981
PDE1B	0.02393	9e-04	0.01073	0	0.01271
PDE1C	0.00268	0.00675	0.00994	0.00273	0.00013
PDE3A	0.00283	0.01059	0.01214	0.00025	0.00432
PDE3B	0.08869	0.21158	0.05891	0.08042	0.02263
PDE4A	0.15618	0.06413	0.08219	0.04918	0.03757
PDE4B	0.18278	0.0187	0.11065	0.18534	0.24451
PDE4C	0.33392	0.3569	0.36633	0.2423	0.33789
PDE4D	0.1065	0.01744	0.00375	0.03364	0.0734
PDE4DIP	0.06106	0.08156	0.05068	0.05765	0.05733
PDE5A	0.01376	0.00604	0.00039	0.00076	0.00051
PDE6A	0.31267	0.31976	0.32121	0.2495	0.3383
PDE6B	0.08511	0.01047	0.03262	0.01397	0.00467
PDE6D	0.0791	0.03956	0.03687	0.08701	0.03585
PDE6G	0.00571	0.00458	0.04711	0.00196	0.02718
PDE7A	0.36152	0.19236	0.19118	0.30116	0.23102
PDE7B	0.06695	0.08592	0.08965	0.0374	0.07802
PDE8A	0.05273	0.11013	0.13677	0.0017	0.00333
PDE8B	0.00037	0.00176	0.00928	0.01588	0
PDE9A	0.00519	0.00831	0.00504	0	0
PDGFA	0.03224	0.13869	0.10803	0.0059	0.01391
PDGFB	0	0.00994	0.03733	0	0.00016
PDGFC	0.00661	0.03987	0.14027	0.00511	0.00037
PDGFD	0.03851	0.00297	0.00076	0.12113	0.01373
PDGFRA	0.00561	0.01537	0.00944	0	0
PDGFRB	0.02494	0.02654	0.00674	0.00313	0.00015
PDGFRL	0	0.00245	0.01009	0	0
PDHA1	0.23141	0.29852	0.23151	0.24942	0.16011
PDHB	0.14131	0.203	0.11992	0.34859	0.14332
PDHX	0.05078	0.13408	0.0874	0.09337	0.03121
PDIA2	0	0.00481	0	0	0
PDIA3	0.69556	0.98045	0.7437	1.08057	0.71979
PDIA3P1	0.00492	0.0282	0.04293	0.02408	0.01096
PDIA4	0.28328	1.01926	0.64403	0.76607	0.98472
PDIA5	0.0205	0.10725	0.02085	0.07223	0.1267
PDIA6	0.5102	0.951	0.59921	1.32372	1.13707
PDIK1L	0.02854	0.04375	0.0202	0.09857	0.05945
PDK1	0.07388	0.09988	0.10761	0.14678	0.86432
PDK2	0.04372	0.21038	0.05767	0.07397	0.08324
PDK3	0.09843	0.12131	0.11564	0.14451	0.08227
PDK4	0.11746	0.34449	0.23177	0.02305	0.03404
PDLIM1	0.05582	0.22451	0.04526	0.15549	0.13208
PDLIM2	0.06812	0.01858	0.04538	0.06988	0.03211
PDLIM3	0.01208	0.03053	0.0107	0	0
PDLIM5	0.36045	0.46736	0.50166	0.28111	0.30929
PDLIM7	0.03073	0.02149	0.0188	0.06248	0.0226
PDP1	0.04985	0.02577	0.08453	0.14379	0.06525
PDP2	0.34553	0.44021	0.33041	0.22701	0.28552
PDPK1	0.0564	0.12099	0.15591	0.09113	0.16152
PDPR	0.20631	0.32271	0.23469	0.29005	0.28788
PDRG1	0.06487	0.10972	0.11879	0.17502	0.10426
PDS5A	0.43057	0.49732	0.35198	0.63857	0.25255
PDS5B	0.21205	0.20504	0.14744	0.57049	0.39989
PDSS1	0.02459	0.0341	0.01731	0.10274	0.01024
PDSS2	0.03264	0.06148	0.04372	0.07781	0.03984
PDXDC1	0.14403	0.21014	0.19172	0.19359	0.23113
PDXDC2P-NPIPB14P	0.13304	0.13212	0.13241	0.04616	0.17711
PDXK	0.12729	0.25735	0.28031	0.28053	0.43208
PDXP	0.05313	0.18097	0.06568	0.06605	0.05307
PDZD11	0.072	0.14267	0.03364	0.2326	0.06385
PDZD3	0	0.00471	0	0	0
PDZD7	0.01146	0.01374	0.03008	0.00541	0.01032
PDZD8	0.14845	0.29172	0.11644	0.15404	0.07539
PDZD9	4e-04	0.00241	0.00529	0.00078	0.00354
PDZK1	0.03682	0.28757	0.04605	0.01978	0.0342
PDZK1IP1	0.01941	0.11429	0.06086	0.00406	0
PDZRN3	0	0.00197	0	0	0
PEA15	0.13344	0.18913	0.4388	0.32566	0.10998
PEAK1	0.07123	0.12701	0.3538	0.10633	0.08007
PEAR1	0.00033	0.00265	0.00719	0	0.00457
PEBP1	0.98161	2.23092	1.62472	0.88936	0.7029
PEBP4	0.00037	0.00255	0.00139	0	0
PECAM1	0.30398	0.07007	0.34689	0.41865	0.78766
PECR	0.16784	0.43057	0.12459	0.10763	0.0456
PEF1	0.12331	0.15805	0.12273	0.12617	0.1066
PEG10	0.42249	1.10601	0.85813	0.16235	0.01644
PEG3	0.00871	0.04681	0.02229	0	0.00376
PELI1	0.15367	0.04139	0.23561	0.13312	0.29595
PELI3	0.02513	0.05883	0.0483	0.01227	0.00069
PELO	0.03567	0.04575	0.02188	0.06596	0.03113
PELP1	0.1175	0.14342	0.16279	0.22993	0.10976
PEMT	0.03966	0.21153	0.05265	0.05866	0.05552
PEPD	0.09656	0.26221	0.14316	0.12767	0.03317
PER1	0.09811	0.06303	0.1702	0.10937	0.09741
PER2	0.05987	0.09896	0.06797	0.08055	0.03124
PER3	0.01416	0.18309	0.14374	0.02244	0.01496
PERP	0.05219	0.26552	0.06186	0.02971	0.0161
PES1	0.08927	0.08187	0.06214	0.10978	0.07552
PET100	0.7047	0.51203	0.4277	1.14728	0.74209
PET117	0.0762	0.11937	0.05423	0.18335	0.06497
PEX1	0.10538	0.11626	0.10031	0.06351	0.06322
PEX10	0.03203	0.07165	0.02528	0.04861	0.01605
PEX11A	0.02393	0.08744	0.05027	0.0381	0.02293
PEX11B	0.07927	0.21506	0.11023	0.17383	0.09139
PEX11G	0.00063	0.03358	0.03464	0.03118	0.00185
PEX12	0.02994	0.01787	0.02235	0.00288	0.01961
PEX13	0.17802	0.22497	0.21565	0.16708	0.21348
PEX14	0.03849	0.03854	0.0166	0.02877	0.02439
PEX16	0.04217	0.04863	0.02545	0.02797	0.04833
PEX19	0.08444	0.27371	0.11712	0.06585	0.04272
PEX2	0.08235	0.12038	0.08201	0.18538	0.08116
PEX26	0.04227	0.06707	0.07502	0.05839	0.04692
PEX3	0.06432	0.09694	0.05033	0.08923	0.02053
PEX5	0.02175	0.08982	0.01062	0.03046	0.01849
PEX5L	0.12315	0.13118	0.16848	0.07395	0.15512
PEX6	0.04884	0.20182	0.07424	0.02675	0.03079
PEX7	0.00694	0.02539	0.00738	0.00612	0.0085
PFAS	0.02594	0.05912	0.02872	0.08225	0.02366
PFDN1	0.17517	0.1423	0.19098	0.24613	0.14383
PFDN2	0.154	0.20894	0.10925	0.32251	0.09468
PFDN4	0.17094	0.11872	0.07498	0.17629	0.07266
PFDN5	1.97163	1.08324	1.67937	1.91064	1.8192
PFDN6	0.0027	0.03619	0.02245	0.04387	0.02399
PFKFB1	0	0.06236	0.00681	0.03353	0.00948
PFKFB2	0.0096	0.10544	0.09121	0.00677	0.03595
PFKFB3	0.0454	0.02251	0.26236	0.07568	0.06075
PFKFB4	0.01185	0.0227	0.04216	0.01693	0
PFKL	0.25642	0.46064	0.5167	0.65105	0.28782
PFKM	0.02407	0.03397	0.01759	0.06507	0.05313
PFKP	0.14455	0.02423	0.02605	0.26938	0.04899
PFN1	1.34064	0.39948	0.88591	1.68367	0.45494
PFN2	0.03422	0.06945	0.02549	0	0.00014
PFN4	0.00082	0.00924	0	0	0.00113
PGAM1	0.36183	0.35907	0.22603	0.76275	0.37374
PGAM2	0.0295	0.08142	0.00413	0.00135	0.00835
PGAM4	0.00133	0.00726	0.00218	0.00017	0.00271
PGAM5	0.01408	0.07266	0.06414	0.06676	0.02195
PGAP1	0.0177	0.05697	0.03166	0.00463	0.00587
PGAP2	0.05073	0.13697	0.04684	0.04332	0.05669
PGAP3	0.01752	0.11338	0.07714	0.04245	0.01215
PGBD1	0.0138	0.0397	0.03971	0.00607	0.00558
PGBD2	0.03061	0.02181	0.01872	0.008	0.00573
PGBD4	0.03772	0.02677	0.00911	0.01873	0
PGBD5	0.00073	0.019	0.0087	0.00033	0
PGC	0	0.01072	0.00121	0	0
PGD	0.17974	0.27532	0.36127	0.29543	0.14059
PGGT1B	0.02983	0.03555	0.06787	0.03567	0.07788
PGK1	0.61816	0.65197	0.66845	0.82894	0.37211
PGLS	0.15661	0.1747	0.32956	0.33555	0.1979
PGLYRP2	0.0244	0.1459	0.04011	0.00225	0.03953
PGM1	0.10089	0.28359	0.09981	0.1407	0.0485
PGM2	0.04054	0.06056	0.09476	0.11036	0.01804
PGM2L1	0.31536	0.35618	0.45342	0.23437	0.3194
PGM3	0.10367	0.20929	0.07456	0.17479	0.39806
PGP	0.0894	0.11925	0.16594	0.34431	0.13845
PGPEP1	0.24858	0.50266	0.41505	0.30187	0.43038
PGPEP1L	0.0076	0.00674	0.00198	0	0
PGRMC1	0.12042	0.90126	0.25684	0.09333	0.01174
PGRMC2	0.18195	0.44769	0.20788	0.12935	0.38494
PGS1	0.02632	0.03344	0.01312	0.01723	0.02736
PHACTR1	0	0.00083	0.06615	0.00818	0.0103
PHACTR2	0.42852	0.27826	0.33547	0.45627	0.13888
PHACTR4	0.63059	0.7262	0.71764	0.70789	0.71159
PHAX	0.58817	0.77507	0.6968	0.7195	0.79787
PHB	0.25527	0.47545	0.2855	0.46459	0.16858
PHB2	0.22755	0.21724	0.15676	0.48116	0.25737
PHC1	0.08829	0.03862	0.0441	0.08934	0.01747
PHC2	0.09601	0.18203	0.09193	0.08811	0.03455
PHC3	0.39977	0.5709	0.32751	0.27437	0.41761
PHEX	0.09175	0.0091	0	0.02201	0.02851
PHF1	0.06198	0.09231	0.03026	0.04939	0.10211
PHF10	0.08116	0.17	0.10457	0.19681	0.18221
PHF11	0.07695	0.01171	0.03229	0.0449	0.04482
PHF12	0.40513	0.35114	0.36358	0.34805	0.38126
PHF13	0.03835	0.06388	0.05499	0.03357	0.05279
PHF14	0.41268	0.48831	0.38623	0.35298	0.30575
PHF19	0.06908	0.01568	0.04311	0.60116	0.0439
PHF2	0.0692	0.04268	0.08949	0.08768	0.0366
PHF20	0.36122	0.26869	0.33828	0.36505	0.26098
PHF20L1	0.45967	0.47774	0.33368	0.60629	0.34155
PHF21A	0.2239	0.13196	0.19688	0.19607	0.22142
PHF23	0.07529	0.07073	0.05812	0.06221	0.07129
PHF3	0.69139	0.70797	0.64508	0.72821	0.88917
PHF5A	0.05627	0.05626	0.0621	0.13407	0.06239
PHF6	0.12288	0.10438	0.09289	0.29977	0.125
PHF7	0.02608	0.03713	0.00817	0.08842	0.03416
PHF8	0.09166	0.15163	0.04419	0.23543	0.09306
PHGDH	0.06034	0.23517	0.09297	0.14793	0.22736
PHGR1	0	0.00078	0.00047	0	0
PHIP	0.73393	0.57368	0.59424	1.09618	0.96171
PHKA1	0.00477	0.00921	0	0.02903	0.01148
PHKA2	0.15107	0.62019	0.23888	0.15526	0.06595
PHKB	0.25676	0.27954	0.19186	0.16702	0.2296
PHKG1	0.10664	0.15931	0.10178	0.11772	0.13327
PHKG2	0.14464	0.12796	0.09308	0.11489	0.12768
PHLDA1	0.20771	0.16165	0.07361	0.13607	0.04292
PHLDA2	0	0.02364	0.02307	0	0.00898
PHLDA3	0.07922	0.07974	0.07864	0.0787	0.07919
PHLDB1	0.00035	0.03006	0.01654	0	0
PHLDB2	0.07376	0.11809	0.03592	0.12751	0.01985
PHLDB3	0.01976	0.05797	0.03192	0.044	0.01398
PHLPP1	0.08357	0.10744	0.0464	0.07564	0.01166
PHLPP2	0.02847	0.04305	0.01957	0.00652	0.01735
PHOSPHO2	0.00732	0.01555	0.00278	0.02393	0.00792
PHPT1	0.5806	0.47623	0.37568	1.03606	0.97519
PHRF1	0.12743	0.13564	0.09586	0.14417	0.10084
PHTF1	0.12452	0.0485	0.06505	0.21303	0.11232
PHTF2	0.38012	0.07585	0.18104	0.40496	0.12274
PHYH	0.19656	1.08958	0.5648	0.18362	0.06122
PHYHD1	0.00037	0.00595	0.0036	0.00087	0.01525
PHYHIPL	0.01042	0.1192	0.01539	0.00226	0
PHYKPL	0.0757	0.04291	0.04027	0.07901	0.05715
PI15	0.00054	0.01513	0	0	0
PI3	0	0.00173	4e-04	0	0
PI4K2A	0.06231	0.07414	0.16827	0.04968	0.05827
PI4K2B	0.06271	0.15112	0.04803	0.11814	0.06141
PI4KA	0.12037	0.09632	0.14621	0.2007	0.04208
PI4KAP2	0.01908	0.05141	0.05106	0.00515	0.06216
PI4KB	0.25409	0.21672	0.21451	0.11292	0.18025
PIAS1	0.21423	0.132	0.18386	0.17143	0.21746
PIAS2	0.35753	0.491	0.47535	0.39157	0.2759
PIAS3	0.04287	0.08793	0.07128	0.09664	0.10313
PIAS4	0.0225	0.05262	0.07471	0.14373	0.03072
PIBF1	0.16227	0.16263	0.09216	0.22727	0.14602
PICALM	0.22941	0.33285	0.37567	0.16432	0.18544
PICK1	0.02754	0.05031	0.03974	0.02494	0.01463
PID1	0.0145	0.06977	0.07086	0.0168	0.00079
PIEZO1	0.12312	0.11353	0.10232	0.14498	0.07706
PIEZO2	0.03491	0.28202	0.05482	0	0
PIF1	0.03914	0.01002	0.00322	0.2324	0.04881
PIFO	0	0.00874	0.00244	5e-04	0
PIGA	0.01979	0.02543	0.03553	0.02672	0.00627
PIGB	0.03918	0.01798	0.01508	0.03867	0.01774
PIGC	0.09805	0.07802	0.02961	0.06359	0.04466
PIGF	0.04063	0.05344	0.03528	0.04694	0.04322
PIGG	0.16913	0.14623	0.11085	0.16755	0.21466
PIGH	0.04215	0.06042	0.02593	0.05388	0.03448
PIGK	0.02777	0.09742	0.04119	0.09759	0.0436
PIGL	0.01189	0.01583	0.02959	0.00436	0.0301
PIGM	0.12168	0.30157	0.27096	0.10619	0.1408
PIGN	0.01871	0.06702	0.08884	0.0698	0.04075
PIGO	0.02319	0.02644	0.02042	0.04201	0.03259
PIGP	0.05894	0.05765	0.03637	0.05197	0.03548
PIGQ	0.02672	0.06253	0.07224	0.02711	0.02074
PIGR	0.0308	0.12321	0.03577	0.0055	0.03181
PIGS	0.16268	0.1175	0.16983	0.16029	0.16198
PIGT	0.28627	0.56028	0.50875	0.35031	0.25498
PIGU	0.03755	0.0876	0.04884	0.09691	0.03397
PIGV	0.04827	0.0612	0.02262	0.05679	0.00545
PIGX	0.51739	0.64342	0.66098	0.38832	0.57801
PIGZ	2e-04	0.01828	0.01249	0.0109	0.00444
PIH1D1	0.14651	0.16198	0.17024	0.29566	0.17496
PIH1D2	0.00071	0.00972	0.01852	0.00033	0
PIH1D3	0.00605	0.01617	0.02532	0.00652	0.01205
PIK3AP1	0.21189	0.21038	0.40298	0.20255	0.14309
PIK3C2A	0.38731	0.45889	0.52462	0.29321	0.45396
PIK3C2B	0.03827	0.0651	0.02247	0.02873	0.03039
PIK3C2G	0.00696	0.03531	0.00795	0.00293	0.00076
PIK3C3	0.11759	0.06715	0.06384	0.09769	0.14914
PIK3CA	0.14035	0.19051	0.08615	0.15478	0.24231
PIK3CB	0.11396	0.20896	0.15082	0.04346	0.05709
PIK3CD	0.40257	0.02721	0.2067	0.41141	0.14825
PIK3CG	0.16664	0.01052	0.12938	0.24913	0.37212
PIK3IP1	0.49474	0.07714	0.14713	0.30444	0.17104
PIK3R1	0.82521	0.34502	0.44481	0.69166	0.39021
PIK3R2	0.08397	0.30356	0.14079	0.13889	0.0915
PIK3R3	0.10039	0.04975	0.11461	0.07595	0.05742
PIK3R4	0.04443	0.05755	0.0464	0.01495	0.0239
PIK3R5	0.11156	0.00383	0.11222	0.15541	0.1616
PIKFYVE	0.22609	0.21736	0.28263	0.31731	0.30934
PILRA	0.00376	0.00721	0.17652	0.00198	0
PILRB	0.01445	0.02099	0.01119	0.00171	0.0088
PIM1	0.24699	0.09969	0.04469	0.20379	0.20795
PIM2	0.35646	0.04422	0.04426	0.40604	1.61481
PIM3	0.07722	0.09646	0.13041	0.13331	0.05419
PIN1	0.14287	0.06416	0.06337	0.40321	0.10745
PIN1P1	0.00206	0.00063	0.00022	0.0032	0.00044
PIN4	0.2201	0.33498	0.15234	0.41358	0.22381
PIN4P1	0.17239	0.20223	0.23141	0.15234	0.23164
PINK1	0.03767	0.30965	0.15993	0.05158	0.18361
PINK1-AS	0.03249	0.03843	0.03279	0.01896	0.04142
PINLYP	9e-05	0.0018	0.00452	0.00028	0.01272
PINX1	0.04154	0.0126	0.0283	0.06864	0.05337
PIP4K2A	0.84831	0.14368	0.25891	0.76778	0.27808
PIP4K2C	0.04464	0.06458	0.03432	0.06401	0.0222
PIP5K1A	0.02382	0.04819	0.02224	0.00888	0.01266
PIP5K1B	0.02559	0.00207	0.00064	0.01906	0.10417
PIP5K1C	0.00963	0.01591	0.04677	0.00319	0.03092
PIP5K1P1	0.00147	0.00243	0.00013	0	0.00053
PIPOX	0.12996	0.40828	0.12747	0.09308	0.10636
PIPSL	0.08048	0.13659	0.11229	0.03059	0.11735
PIR	0.00926	0.07572	0.03357	0.00359	0.0072
PISD	0.04589	0.05336	0.07554	0.03931	0.05319
PITHD1	0.11044	0.13487	0.18051	0.18465	0.08648
PITPNA	0.12323	0.083	0.11179	0.19287	0.15487
PITPNA-AS1	0.01728	0.02188	0.00358	0.05153	0.10633
PITPNB	0.28102	0.21832	0.15916	0.45684	0.42591
PITPNC1	0.15689	0.0444	0.01435	0.07295	0.03338
PITPNM1	0.1229	0.03764	0.03324	0.12525	0.10045
PITPNM2	0.04127	0.10252	0.03455	0	0.02309
PITPNM3	0.01676	0.0199	0.0032	0.00568	0.025
PITRM1	0.08771	0.16368	0.07178	0.1802	0.13881
PITX1	0.0154	0.02134	0.02298	0.00061	0
PIWIL2	0.12504	0.15479	0.14802	0.11275	0.17154
PIWIL3	0.00144	0.00349	0	0	0.00098
PIWIL4	0.01418	0.00558	0.00218	0.00162	0.003
PJA1	0.02051	0.03619	0.02613	0.01651	0.01199
PJA2	0.42178	0.50167	0.43692	0.51045	0.59306
PKD1	0.07257	0.08188	0.04928	0.03743	0.07513
PKD1L1	0.00058	0.01169	0	0.00028	0.01197
PKD1L2	0	0.02878	0.00563	0	0.00061
PKD1P1	0.00131	0.00795	0.01257	0.00347	0.00862
PKD2	0.02341	0.04721	0.09719	0.0636	0.01862
PKDCC	0.00224	0.01199	0.00288	0	0
PKHD1	0.00088	0.00576	0.00622	0	0
PKHD1L1	0.00503	0.00098	0	0.04373	0.05696
PKIA	0.05515	0.0153	0	0.00749	0.02718
PKIB	0.02046	0.03401	0.10148	0.00425	0.01335
PKIG	0.00762	0.14172	0.05725	0.01437	0.09069
PKLR	0.10275	0.38868	0.1215	0.04297	0.00461
PKM	0.65958	0.26559	0.66589	1.41252	0.39198
PKMYT1	0.00537	0.01181	0.01332	0.24237	0.01204
PKN1	0.04224	0.0415	0.03333	0.06675	0.03024
PKN2	0.16023	0.24839	0.25856	0.33643	0.22705
PKN3	0.00076	0.01589	0.02471	0.06385	0.00021
PKNOX1	0.08967	0.07031	0.0443	0.12545	0.05111
PKP2	0.02365	0.09742	0.04633	0.01589	0.01207
PKP4	0.10124	0.33718	0.11151	0.10811	0.0173
PLA1A	0.02319	0.11385	0.04282	0.01249	0.00109
PLA2G12A	0.1109	0.24067	0.17285	0.09831	0.15444
PLA2G12B	0.00673	0.11377	0.06205	0.00208	0
PLA2G15	0.04028	0.07413	0.29589	0.01771	0.07326
PLA2G16	0.1395	0.30536	0.09499	0.07008	0.06073
PLA2G1B	0.00083	0.02232	0.00222	0	0
PLA2G2A	0.01029	0.09152	0.02931	0	0
PLA2G2D	0	0.00066	0	0	0.06614
PLA2G4C	0.00665	0.13059	0.1276	0.00249	0.00656
PLA2G4E	0.00345	0.00375	0.00414	0	0.00135
PLA2G4F	0	0.00223	0	0.0055	0
PLA2G6	0.05135	0.02374	0.0012	0.0198	0.00925
PLA2G7	0.03809	0.04371	0.43666	0.01882	0.04249
PLA2R1	0.00074	0.00331	0	0	0
PLAA	0.07662	0.04549	0.12307	0.10421	0.06053
PLAC8	0.06165	0.00457	0.02401	0.02431	0.03103
PLAC8L1	0.00037	0.00782	0.00157	0.00814	0
PLAG1	0.011	0.01851	0.00912	0.00077	0.0461
PLAGL1	0.03038	0.0036	3e-04	0.00991	0.00841
PLAGL2	0.02578	0.0236	0.01712	0.03397	0.03889
PLAU	0.00022	0.00348	0.08732	0.00319	0
PLAUR	0.0017	0.0214	0.25263	0.03438	0.00993
PLB1	0	8e-05	0.04976	0	0.00022
PLBD1	0.0014	0.03683	0.14406	0.03442	0.00828
PLBD2	0.00344	0.02645	0.05895	0.00398	0.00042
PLCB1	0.05473	0.26758	0.16245	0.00155	0.01395
PLCB2	0.27153	0.01337	0.36456	0.22673	0.19541
PLCB3	0.01485	0.06266	0.13711	0.05044	0.02292
PLCD1	0.02872	0.02391	0.05404	0.06588	0.0601
PLCD3	0	0.00837	0.00383	0.00175	0.01396
PLCD4	0.00947	0.06353	0.01905	0	0
PLCE1	0.00623	0.0757	0.01221	0	0
PLCG1	0.12578	0.13176	0.03697	0.09933	0.05428
PLCG2	0.29984	0.49942	0.46524	0.50388	0.68021
PLCH1	0.00489	0.00619	0.00261	0	0
PLCH2	0.03066	0.00184	0.00113	0	0.00025
PLCL1	0.00325	0.0091	0.0557	0.04657	0.03215
PLCL2	0.09046	0.05013	0.06756	0.22553	0.12198
PLCXD1	0.00138	0.00203	0.00027	0.00043	0.00193
PLCXD2	0.02714	0.00166	0	0.02093	0
PLCXD3	0.02867	0.05965	0.08156	0.02285	0.04626
PLCZ1	0	0.00448	0	0	0
PLD1	0.02151	0.1509	0.10789	0.00301	0.00053
PLD2	0.01373	0.02792	0.06587	5e-04	0.01426
PLD3	0.04527	0.11613	0.54182	0.01557	0.13337
PLD4	0.0048	0.00214	0.01523	0.00094	0.04769
PLD6	0.01931	0.02333	0.01995	0.00083	0.00837
PLEC	0.34576	0.3766	0.3347	0.18077	0.11571
PLEK	0.40569	0.04194	0.96269	0.55952	0.35219
PLEK2	0	0.0233	0.0123	0.02506	0.00057
PLEKHA1	0.13198	0.24313	0.20996	0.05001	0.02888
PLEKHA2	0.34614	0.21821	0.48369	0.57732	0.35662
PLEKHA3	0.10697	0.09889	0.07828	0.04794	0.10581
PLEKHA4	0.02033	0.03779	0.04316	0	0.00362
PLEKHA5	0.21851	0.35428	0.20534	0.2031	0.18013
PLEKHA6	0.05313	0.1386	0.03846	0.00525	0.0026
PLEKHA7	0.011	0.05708	0.02531	0.00472	0.01086
PLEKHA8	0.02365	0.04564	0.04634	0.04651	0.07748
PLEKHA8P1	0.01696	0.03363	0.0278	0.01288	0.01003
PLEKHB1	0.04749	0.00768	0.00079	0	0.00274
PLEKHB2	0.31915	0.35262	0.60033	0.34611	0.2596
PLEKHF1	0.18041	0.03759	0.0054	0.17545	0.03893
PLEKHF2	0.05266	0.04736	0.05148	0.07284	0.05716
PLEKHG1	0.0213	0.02035	0.01957	0.00902	0.06874
PLEKHG2	0.12368	0.08655	0.25563	0.18373	0.17937
PLEKHG3	0.04705	0.10549	0.03137	0.00566	0.00454
PLEKHG4	0.00598	0.0249	0.02562	0.01642	0.00072
PLEKHG4B	0.20942	0.25183	0.20589	0.15823	0.24218
PLEKHG5	0.00285	0.00457	0.04937	0	0.00109
PLEKHG6	0.04718	0.07375	0.05313	0.03361	0.0491
PLEKHG7	0	0.00522	0	0	0.0046
PLEKHH1	0.01203	0.04871	0.02049	0.06421	0.00949
PLEKHH2	0.01507	0.01693	0.01269	0.01064	0.00518
PLEKHH3	0.00564	0.08779	0.01806	0.00615	0.04349
PLEKHJ1	0.2754	0.1264	0.08148	0.28274	0.18612
PLEKHM1	0.09112	0.07953	0.11378	0.05084	0.07326
PLEKHM2	0.09345	0.13422	0.17221	0.13512	0.11925
PLEKHM3	0.17148	0.23342	0.25215	0.18144	0.21831
PLEKHN1	0.02457	0.01535	0.00286	0.00562	0.02955
PLEKHO1	0.14039	0.03674	0.62467	0.31891	0.23622
PLEKHO2	0.10447	0.0279	0.35583	0.2004	0.09055
PLG	0.2857	1.66642	0.42982	0.097	0.11879
PLGRKT	0.06958	0.03352	0.04561	0.08587	0.03267
PLIN1	0	0.02741	0.00042	0	0
PLIN2	0.15295	0.63363	0.48111	0.33249	0.14147
PLIN3	0.17606	0.3165	0.45823	0.44605	0.30364
PLIN4	0.02177	0.1212	0.02052	0.01641	0.00148
PLIN5	0.09534	0.42904	0.08383	0.02512	0.06446
PLK1	0.01891	0.00978	0.01632	0.42083	0.00895
PLK2	0.0261	0.03155	0.09138	0.02949	0.02572
PLK3	0.02946	0.00639	0.02768	0.07238	0.01425
PLK4	0.00837	0.00646	0.00848	0.20923	0.00182
PLLP	0.02722	0.01867	0.01651	0.00073	0
PLOD1	0.07208	0.54828	0.29514	0.1498	0.10406
PLOD2	0.03876	0.33069	0.05736	0.00359	0.00145
PLOD3	0.06268	0.2962	0.15865	0.11968	0.07802
PLP2	0.15528	0.02026	0.05386	0.30825	0.2059
PLRG1	0.08851	0.11956	0.11615	0.1805	0.12173
PLS1	0.01842	0.09305	0.03645	0.0245	0.01466
PLS3	0.08057	0.38535	0.11652	0.05214	0.03156
PLSCR1	0.06872	0.05634	0.1488	0.09709	0.03689
PLSCR4	0.00897	0.05452	0.02273	0	0.00032
PLTP	0.017	0.03323	0.42148	0.01665	0.0251
PLVAP	0.00039	0.01126	0.00801	0	0.0063
PLXDC1	0.14436	0.16684	0.15957	0.20125	0.14774
PLXDC2	0.02629	0.07538	0.23306	0.02855	0.0131
PLXNA1	0.03114	0.04083	0.11657	0.01034	0.00421
PLXNA2	0.00166	0.03834	0.00147	0	0.00231
PLXNA3	0.02526	0.10347	0.0678	0.0039	0.07256
PLXNA4	0.00111	0.00184	0.00467	0.00157	0.00016
PLXNB1	0.07853	0.32582	0.09073	0.0021	0.01737
PLXNB2	0.10354	0.33422	0.26809	0.07392	0.07259
PLXNB3	0	0.00204	0	0	0
PLXNC1	0.22739	0.0932	0.33385	0.27608	0.18963
PLXND1	0.0401	0.10378	0.33144	0.00535	0.0016
PM20D1	0	0.00328	0.00268	0	0
PM20D2	0.04099	0.11587	0.04789	0.17979	0.0327
PMAIP1	0.23448	0.00932	0.14587	0.29646	0.1188
PMCH	0.0492	1e-04	0.00158	0.00146	0.00247
PMCHL2	0	0.00137	0.00053	0	0
PMEL	0	0.00969	4e-04	0	0
PMEPA1	0.03206	0.04832	0.05656	0.03684	0.1929
PMF1	0.11811	0.06468	0.04202	0.12369	0.07719
PMFBP1	0.01343	0.0176	0.04766	0.00647	0.0087
PML	0.12482	0.09882	0.08236	0.16544	0.11794
PMM1	0.1511	0.1681	0.06672	0.13499	0.09498
PMM2	0.08226	0.06972	0.16712	0.10456	0.21182
PMP2	0	0.00232	0.00066	0	0.00047
PMP22	0.00669	0.01024	0.15197	0	0.0061
PMPCA	0.08892	0.133	0.05043	0.26992	0.11926
PMPCB	0.11887	0.21864	0.11409	0.22101	0.09402
PMS1	0.12081	0.10017	0.07755	0.2282	0.0956
PMS2	0.12431	0.15725	0.12084	0.21702	0.16331
PMS2CL	0.01841	0.0139	0.0159	0.02341	0.03351
PMS2P1	0.03876	0.04619	0.05457	0.15009	0.02557
PMS2P3	0.01439	0.00833	0.0068	0.01133	0.00696
PMS2P4	0.00911	0.01831	0	0	0.00444
PMS2P5	0.00137	0.01628	0.00794	0.0021	0.01198
PMS2P9	0.02693	0.02363	0.01227	0.01483	0.02694
PMVK	0.134	0.24577	0.08659	0.52357	0.19014
PNCK	0	0.00472	0	0	0
PNISR	1.02258	1.14324	1.11509	1.22486	1.43288
PNKD	0.25848	0.40331	0.19658	0.43547	0.2765
PNKP	0.082	0.06753	0.06486	0.12529	0.09826
PNMA1	0.02654	0.0273	0.01794	0.11217	0.0144
PNMA2	0.00667	0.00766	0.0095	0.00173	0.00325
PNMA3	0.01285	0.11054	0.00187	0.00108	0.01433
PNMA5	0.00399	0.00197	0.00104	0	0
PNMA8A	0.01161	0.0222	0.05172	0.0033	0.01633
PNMT	0	0.00327	0	0	0
PNN	0.75398	0.67789	0.59929	1.0019	0.67066
PNO1	0.2503	0.24382	0.23178	0.28368	0.26513
PNOC	0.00023	0.00261	0	0.02824	0.20491
PNP	0.12675	0.03772	0.09909	0.19521	0.17077
PNPLA1	0.05971	0.05586	0.05976	0.03	0.06132
PNPLA2	0.0767	0.24754	0.07656	0.10105	0.14429
PNPLA3	0.19982	0.37324	0.21767	0.08177	0.17831
PNPLA4	0.02657	0.07038	0.04096	0.05788	0.0405
PNPLA5	0.00612	0.00245	0.00203	0	0.00201
PNPLA6	0.05139	0.13796	0.14845	0.06786	0.13021
PNPLA7	0.00872	0.02814	0.0299	0.01917	0.00486
PNPLA8	0.20643	0.18568	0.15523	0.21202	0.29533
PNPO	0.08139	0.34337	0.22649	0.11026	0.05492
PNPT1	0.42015	0.45748	0.45919	0.39481	0.46203
PNRC1	0.98172	0.37345	0.63836	0.83545	0.91355
PNRC2	0.34493	0.16578	0.22565	0.62073	0.24272
POC1A	0.00294	0.03844	0.02802	0.14595	0.00312
POC1B	0.07425	0.03912	0.02391	0.08	0.10516
POC5	0.05539	0.02315	0.02291	0.14576	0.06122
PODNL1	0.00819	0.0125	0.00328	0.00174	0.00275
PODXL	0.00137	0.02081	0.00289	0	0.01245
PODXL2	0.00403	0.02721	0.00129	5e-04	0.01297
POF1B	0	0.00357	0	0	0
POFUT1	0.18292	0.34591	0.2136	0.13608	0.17507
POFUT2	0.05879	0.09631	0.0511	0.01363	0.04395
POGK	0.09803	0.16136	0.15692	0.12416	0.08842
POGLUT1	0.1725	0.07405	0.03137	0.16108	0.12007
POGZ	0.0996	0.27041	0.15302	0.19454	0.15585
POLA1	0.0977	0.07109	0.0651	0.41939	0.08749
POLA2	0.03805	0.0382	0.01752	0.14772	0.0318
POLB	0.1131	0.10317	0.07643	0.16427	0.13705
POLD1	0.02157	0.02518	0.02555	0.04957	0.01251
POLD2	0.12472	0.36201	0.20449	0.22754	0.20005
POLD3	0.05821	0.06311	0.13324	0.41879	0.02499
POLD4	0.43223	0.59312	0.39439	0.546	0.55646
POLDIP2	0.1504	0.44496	0.18469	0.21549	0.21475
POLDIP3	0.19293	0.11979	0.09632	0.32802	0.12578
POLE	0.05547	0.08681	0.03273	0.14747	0.03138
POLE2	0.00044	0.01424	0.00762	0.08404	0.00117
POLE3	0.32864	0.21613	0.27107	0.97444	0.3792
POLE4	0.10653	0.10518	0.09506	0.42135	0.08924
POLG	0.28245	0.14606	0.0793	0.16855	0.17052
POLG2	0.03983	0.04453	0.01524	0.01551	0.06038
POLH	0.44085	0.50457	0.54203	0.59908	0.49826
POLI	0.04127	0.06031	0.04486	0.03563	0.076
POLK	0.26161	0.22364	0.18214	0.26874	0.29758
POLL	0.05171	0.09448	0.06292	0.11652	0.10054
POLM	0.00927	0.05182	0.04097	0.07388	0.04144
POLN	0.00056	0.02443	0.01774	0.02222	0.04663
POLQ	0.03087	0.03033	0.01667	0.47107	0.01841
POLR1A	0.04733	0.07596	0.035	0.09459	0.05043
POLR1B	0.03626	0.06916	0.0112	0.11474	0.035
POLR1C	0.06886	0.10506	0.03988	0.0086	0.06849
POLR1D	0.26853	0.16007	0.19916	0.30138	0.24775
POLR1E	0.09013	0.06006	0.03024	0.18988	0.09022
POLR2A	0.26027	0.14345	0.19056	0.33467	0.20452
POLR2B	0.28069	0.15549	0.13599	0.36045	0.25247
POLR2C	0.06405	0.17375	0.03592	0.05521	0.11357
POLR2D	0.06237	0.07034	0.05347	0.1663	0.06899
POLR2E	0.25144	0.3856	0.30078	0.54665	0.2952
POLR2F	0.1624	0.21205	0.09053	0.21503	0.1062
POLR2G	0.43405	0.26842	0.24407	0.6742	0.32612
POLR2H	0.08734	0.1748	0.14698	0.11991	0.10989
POLR2I	0.27489	0.52911	0.2887	1.02467	0.41601
POLR2J	0.2783	0.30104	0.13698	0.3583	0.2279
POLR2J3	0.07926	0.07831	0.06869	0.05928	0.07233
POLR2J4	0.01734	0.02343	0.01432	0.0069	0.01463
POLR2K	0.19256	0.23048	0.12216	0.33162	0.20199
POLR2L	0.56716	0.60485	0.49402	0.82878	0.6268
POLR2M	0.04026	0.01564	0.02929	0.05521	0.03128
POLR3A	0.12077	0.19651	0.09129	0.26731	0.07974
POLR3B	0.05042	0.0859	0.04822	0.05557	0.04919
POLR3C	0.17927	0.14472	0.19305	0.24752	0.18305
POLR3D	0.09448	0.03552	0.04828	0.09951	0.17245
POLR3E	0.09605	0.06881	0.05924	0.02858	0.08586
POLR3F	0.01779	0.05521	0.03261	0.10974	0.05106
POLR3G	0.01196	0.0335	0.02244	0.02352	0.01204
POLR3GL	0.28791	0.17942	0.14835	0.48303	0.16679
POLR3H	0.00619	0.066	0.04682	0.14177	0.01921
POLR3K	0.08019	0.03171	0.02414	0.12245	0.03429
POLRMT	0.11744	0.27398	0.11621	0.11884	0.08242
POM121	0.14728	0.15353	0.15274	0.22974	0.1368
POM121L10P	0.03068	0.02686	0.02716	0.034	0.02678
POM121L1P	0	0.00176	0	0	0.00217
POM121L8P	0.01257	0.02049	0.01421	0.00809	0.00825
POM121L9P	0	0.00123	0	0.00098	0
POMC	0.01234	0.00014	0	0.03012	0.01398
POMGNT1	0.15001	0.30469	0.10383	0.14319	0.06871
POMGNT2	0.01635	0.05772	0.01015	0.09396	0.01628
POMK	0.00806	0.00571	0.00814	0.00044	0.00058
POMP	0.59819	0.55293	0.65632	1.29493	0.54091
POMT1	0.06549	0.07278	0.03986	0.02417	0.03398
POMT2	0.01789	0.04891	0.0509	0.01029	0.02345
POMZP3	0.01417	0.01663	0.01591	0.04863	0.02673
PON1	0.03048	0.49205	0.10847	0.00453	0
PON2	0.06875	0.4063	0.11146	0.03275	0.01501
PON3	0.05982	0.5722	0.11834	0.03343	0.00974
POP1	0.05431	0.04901	0.03216	0.04271	0.01365
POP4	0.1287	0.13764	0.05564	0.34983	0.13288
POP5	0.16335	0.23279	0.11751	0.35472	0.23852
POP7	0.16513	0.18321	0.0816	0.30992	0.12331
POPDC2	0.01015	0.00353	0.00313	0.01554	0.00287
POPDC3	0	0.01849	0.0136	0	0
POR	0.14472	0.74763	0.33118	0.15187	0.07221
PORCN	0.00318	0.01301	0.00143	0.00557	0.01129
POT1	0.01822	0.04888	0.01555	0.06571	0.00406
POT1-AS1	0.03522	0.05344	0.03728	0.02142	0.01996
POTEC	0.00918	0.01595	0.00813	0.00099	0
POTEE	0.0019	0.0081	0.00254	0	0
POTEF	0	0.00599	0	0	0
POTEG	0.0094	0.02847	0.00202	0.00953	0.0041
POU2AF1	0.05222	0.03366	0.0118	0.31705	1.15908
POU2F1	0.16749	0.20629	0.22548	0.38317	0.40305
POU2F2	0.21201	0.03357	0.31836	0.58149	1.08614
POU2F3	0.00733	0.00513	0	0.00025	0.00032
POU5F1	0.00344	0.01249	0.00742	0.00198	0.00966
POU5F1B	0	0.00419	0	0	0
POU5F1P5	0	0.00589	0.00917	0	0
POU6F1	0.01984	0.03309	0.02822	0.02796	0.05847
POU6F2-AS1	0.00108	0.01019	0	0	0
PPA1	0.2641	0.32198	0.17695	0.43615	0.21267
PPA2	0.15044	0.15308	0.12509	0.12026	0.11756
PPAN	0.08657	0.07145	0.11016	0.14828	0.06586
PPARA	0.34827	0.87123	0.40705	0.22395	0.28803
PPARD	0.10069	0.12039	0.15514	0.07194	0.09406
PPARG	0.00346	0.05477	0.033	0.00034	0
PPARGC1A	0.02709	0.19642	0.07893	0.02016	0.01403
PPARGC1B	0.02316	0.03693	0.11701	0.00379	0.03844
PPAT	0.01383	0.05768	0.02317	0.08355	0.02032
PPCDC	0.0957	0.04067	0.02516	0.11641	0.19364
PPCS	0.29017	0.35522	0.26045	0.2035	0.25392
PPDPF	0.14657	0.13473	0.10728	0.346	0.12285
PPEF2	0.00204	0.00105	0.00516	0.00086	0
PPFIA1	0.34372	0.53842	0.53158	0.33678	0.33578
PPFIA3	0.00729	0.0257	0.02072	0	0.00187
PPFIA4	0.00448	0.01709	0.0087	0	0
PPFIBP1	0.04304	0.1131	0.03495	0.00639	0.02483
PPFIBP2	0.03196	0.19264	0.08117	0.04581	0.06415
PPHLN1	0.36311	0.16928	0.1116	0.43467	0.3271
PPIA	1.29493	1.29892	1.17935	2.31684	0.95997
PPIAL4G	0.00138	0.00304	0.00052	0.0041	0.00057
PPIAP30	0.00178	0.00442	0.00571	0.00025	0.00034
PPIB	0.44558	0.76578	0.53403	0.98279	1.28995
PPIC	0.0215	0.13913	0.0366	0.01043	0.00779
PPID	0.17964	0.13739	0.11028	0.22673	0.09529
PPIE	0.12242	0.14357	0.11274	0.30862	0.16302
PPIEL	0.02742	0.01568	0.05481	0.01069	0.06127
PPIF	0.07401	0.2071	0.14459	0.12306	0.03738
PPIG	0.81697	0.78355	0.73381	1.14207	0.87032
PPIH	0.08692	0.07153	0.02484	0.3969	0.06908
PPIL1	0.02804	0.04956	0.02809	0.12721	0.02444
PPIL2	0.06434	0.09952	0.09677	0.03179	0.11067
PPIL3	0.04197	0.05185	0.06651	0.03336	0.02512
PPIL4	0.28566	0.23083	0.20716	0.33257	0.28174
PPIL6	0.04584	0.06758	0.03685	0.03053	0.05398
PPIP5K1	0.00481	0.04211	0.04821	0.02078	0.02454
PPIP5K2	0.17477	0.24559	0.18484	0.43781	0.28294
PPL	0.01662	0.04295	0.00682	0.00057	0.00257
PPM1A	0.14574	0.24096	0.13659	0.22735	0.13516
PPM1B	0.5402	0.56501	0.43207	0.47979	0.48826
PPM1D	0.06712	0.03294	0.10036	0.03997	0.06251
PPM1E	0	0.00502	0	0	0
PPM1F	0.10575	0.09332	0.08712	0.04544	0.03622
PPM1G	0.36267	0.30794	0.25616	0.84636	0.37236
PPM1H	0.01932	0.05897	0.05662	0.00637	0
PPM1J	0	0.00467	0.00042	0.00129	0
PPM1K	0.34422	0.21997	0.26355	0.33464	0.54705
PPM1L	0.03281	0.06678	0.05857	0.00299	0.02186
PPM1M	0.08752	0.02477	0.07297	0.09783	0.05908
PPM1N	0.0888	0.02004	0.01214	0.02606	0.21381
PPME1	0.06189	0.07605	0.04701	0.02354	0.05436
PPOX	0.05874	0.18309	0.03331	0.08267	0.15718
PPP1CA	0.8527	0.49747	0.54441	1.52326	0.57282
PPP1CB	0.321	0.34109	0.21984	0.41798	0.27472
PPP1CC	0.44275	0.44222	0.24198	0.96574	0.37914
PPP1R10	0.30414	0.2195	0.29714	0.37588	0.43267
PPP1R11	0.2097	0.23875	0.12052	0.16531	0.11761
PPP1R12A	0.98765	0.41631	0.7445	1.33444	0.56839
PPP1R12B	0.15189	0.21693	0.1735	0.06052	0.1725
PPP1R12C	0.23165	0.21333	0.27048	0.36934	0.2481
PPP1R13B	0.06833	0.09883	0.01255	0.06055	0.03089
PPP1R13L	0.0102	0.02102	0.01363	0.014	0.00414
PPP1R14A	0.00038	0.00053	0.01384	0	0.0079
PPP1R14B	0.0978	0.19782	0.18812	0.21967	0.11895
PPP1R15A	0.65777	0.07269	0.8338	0.91209	0.55092
PPP1R15B	0.29202	0.20564	0.40524	0.40472	0.34535
PPP1R16A	0.14654	0.44879	0.16746	0.08255	0.05215
PPP1R16B	0.11651	0.00598	0.01006	0.1895	0.18346
PPP1R18	0.3573	0.07054	0.18693	0.53191	0.14028
PPP1R1A	0.02229	0.19104	0.05203	0.05565	0.00424
PPP1R1C	0	0.00364	0.00635	0	0
PPP1R2	0.24237	0.14719	0.12726	0.25879	0.23505
PPP1R21	0.06489	0.12834	0.1711	0.15084	0.05934
PPP1R26	0.02495	0.03679	0.05119	0	0.05081
PPP1R26-AS1	0.00219	0.00749	0.00231	0.00044	0.00029
PPP1R32	0.00198	0.00989	0.00386	0.00351	0.01129
PPP1R35	0.06776	0.08377	0.05687	0.22843	0.09449
PPP1R37	0.01193	0.02123	0.01364	0.00026	0.03175
PPP1R3B	0.19804	0.41393	0.2447	0.14083	0.22152
PPP1R3C	0.02164	0.18176	0.05572	0.01919	0.00085
PPP1R3D	0.02717	0.01775	0.00117	0.00251	0.01554
PPP1R3E	0.04306	0.11807	0.06199	0.046	0.04069
PPP1R3F	0.00558	0.00474	0.00429	0.00211	0.00613
PPP1R3G	0.00074	0.09599	0.04732	0	0
PPP1R7	0.28934	0.20418	0.17039	0.57218	0.23349
PPP1R8	0.11519	0.12627	0.04413	0.25558	0.13327
PPP1R9A	0.02243	0.16093	0.00988	0.00069	0.01142
PPP1R9B	0.07868	0.05685	0.13652	0.083	0.15611
PPP2CA	0.2751	0.26605	0.19419	0.5524	0.24781
PPP2CB	0.06515	0.09079	0.06572	0.05566	0.06008
PPP2R1A	0.26045	0.30562	0.22989	0.2695	0.19049
PPP2R1B	0.20463	0.61715	0.24468	0.23354	0.19497
PPP2R2A	0.27985	0.07105	0.13156	0.25375	0.18308
PPP2R2B	0.08781	0.00718	0.00256	0.10417	0.01926
PPP2R2C	0.00266	0.01508	0.00105	0	0
PPP2R2D	0.12819	0.10823	0.08482	0.14619	0.10047
PPP2R3A	0.00618	0.03148	0.01066	0.01523	0.00423
PPP2R3C	0.37058	0.10832	0.16082	0.36497	0.21692
PPP2R5A	0.22892	0.51796	0.20579	0.30101	0.06658
PPP2R5B	0.01024	0.02636	0.01534	0.01443	0.01551
PPP2R5C	0.48358	0.20547	0.23886	0.63604	0.45987
PPP2R5D	0.19981	0.17629	0.18575	0.3209	0.08596
PPP2R5E	0.24458	0.17897	0.14986	0.30061	0.13919
PPP3CA	0.1465	0.12949	0.17524	0.19671	0.30252
PPP3CB	0.16768	0.11877	0.1009	0.32577	0.16737
PPP3CC	0.16377	0.02858	0.05507	0.21122	0.17739
PPP3R1	0.03125	0.04636	0.08518	0.02149	0.02918
PPP4C	0.04345	0.08635	0.07092	0.07128	0.02033
PPP4R1	0.11705	0.15601	0.08962	0.14615	0.06597
PPP4R1L	0.00041	0.00667	0.00337	0.00937	0
PPP4R2	0.23497	0.34818	0.26895	0.41505	0.17588
PPP4R4	0.01035	0.03263	0.00513	0	0
PPP5C	0.10394	0.0677	0.06488	0.24119	0.05896
PPP6C	0.10874	0.08884	0.06816	0.15643	0.13954
PPP6R1	0.26535	0.19944	0.20036	0.55522	0.2021
PPP6R2	0.20343	0.27772	0.16211	0.16804	0.20216
PPP6R3	0.34164	0.30151	0.21473	0.51852	0.17774
PPRC1	0.03753	0.09215	0.05396	0.1359	0.04656
PPT1	0.05744	0.14466	0.6293	0.29749	0.05388
PPT2	0.00418	0.05237	0.0286	0.01986	0.07555
PPTC7	0.03704	0.02315	0.03208	0.02403	0.025
PPWD1	0.241	0.08933	0.09044	0.30325	0.15908
PQBP1	0.22839	0.74278	0.21039	0.51013	0.37326
PQLC1	0.04743	0.23005	0.19463	0.0596	0.02629
PQLC2	0.11751	0.1803	0.16324	0.07501	0.13481
PQLC3	0.09663	0.04269	0.04391	0.04297	0.07445
PRADC1	0.0579	0.1158	0.05766	0.03593	0.16414
PRAF2	0.18511	0.05422	0.03968	0.15493	0.07821
PRAME	0.07352	0.20116	0.15121	0.01468	0
PRAMEF4	0	0.06982	0.0076	0	0
PRAP1	0.08396	0.37453	0.10627	0.0874	0.05618
PRC1	0.06048	0.12427	0.06276	1.29873	0.10244
PRC1-AS1	0	0.00163	0.01216	0.00026	0
PRCC	0.15276	0.23459	0.20579	0.14594	0.17331
PRCP	0.08781	0.16681	0.26231	0.22779	0.32682
PRDM1	0.72075	0.04381	0.23798	0.65424	1.68845
PRDM10	0.03294	0.03364	0.01739	0.08221	0.01525
PRDM11	0.01655	0.0103	0.01598	0.00257	0.00891
PRDM14	0.01034	0.0062	0.00584	0.00642	0.00695
PRDM15	0.05677	0.04923	0.0201	0.1453	0.17685
PRDM2	0.40713	0.19023	0.30553	0.51194	0.55118
PRDM4	0.09224	0.05956	0.03891	0.08559	0.02978
PRDM5	0.01611	0.00277	0	0.00675	0.02392
PRDM6	0.00034	0.0044	0.00041	0	0
PRDM7	0.00861	0.02231	0.03518	0.02901	0.06103
PRDM8	0.01841	0.00056	0.00653	0.01085	0.02376
PRDX1	0.64829	1.44354	1.47735	1.15176	1.04469
PRDX2	0.06543	0.07186	0.02771	0.14283	0.14253
PRDX3	0.10883	0.33798	0.1798	0.19481	0.05338
PRDX4	0.1217	0.29496	0.15145	0.38863	1.80276
PRDX5	0.68725	0.95248	0.5785	0.80902	1.0195
PRDX6	0.36852	0.86489	0.48811	0.56879	0.30024
PREB	0.15287	0.28802	0.08127	0.32777	0.4155
PRELID1	0.2482	0.33212	0.30588	0.64205	0.44912
PRELID2	0.60796	0.63232	0.5836	0.39264	0.64531
PRELP	0.15606	0.1834	0.19262	0.14367	0.12023
PREP	0.06594	0.05091	0.02759	0.11928	0.03932
PREPL	0.1954	0.23176	0.16142	0.12589	0.15544
PREX1	0.37543	0.03431	0.21098	0.26658	0.10581
PREX2	0	0.01187	0.00676	0.00158	0.00764
PRF1	0.69356	0.01924	0.01356	0.67572	0.20071
PRG4	0.16581	0.56906	0.32335	0.01817	0.008
PRH1	0.00122	0.00447	0.00332	0.04235	0.00831
PRH2	0	0.00331	0.00879	0	0
PRICKLE2	0	0.01319	0.00179	0	0
PRICKLE2-AS1	0	0.00206	0	0	0
PRICKLE2-AS3	0.00366	0.00833	0.01809	0.00636	0.00929
PRICKLE3	0.0139	0.01591	0.02847	0.00098	0.03119
AL365205.1	0	0.00239	0	0.00063	0
PRIM1	0.07689	0.05803	0.04222	0.16356	0.05642
PRIM2	0.02694	0.01585	0.00567	0.07953	0.00638
PRIMPOL	0.05987	0.02647	0.03334	0.09783	0.01207
PRKAA1	0.07836	0.18805	0.05714	0.07035	0.04594
PRKAA2	0.10792	0.38701	0.1207	0.00713	0.01793
PRKAB1	0.06026	0.07802	0.03184	0.09293	0.03697
PRKAB2	0.06892	0.32508	0.09514	0.01592	0.00967
PRKACA	0.06932	0.07295	0.16888	0.10076	0.065
PRKACB	0.47841	0.17649	0.39428	0.39918	0.4844
PRKAG1	0.08394	0.12339	0.09201	0.07959	0.09237
PRKAG2	0.12124	0.10193	0.0879	0.09227	0.04499
PRKAG2-AS1	0.00064	0.03959	0.01189	0	0
PRKAR1A	0.49289	0.50007	0.48802	0.58217	0.25604
PRKAR1B	0.03236	0.01892	0.00573	0.01693	0.02179
PRKAR2A	0.38987	0.80957	0.52471	0.49431	0.27858
PRKAR2A-AS1	0.02497	0.02644	0.03309	0.01615	0.03942
PRKAR2B	0.00126	0.00226	0.03165	0.05556	0.00659
PRKCA	0.10853	0.18769	0.08514	0.09299	0.04767
PRKCB	0.49045	0.03656	0.34135	0.73452	0.38425
PRKCD	0.05236	0.05213	0.17987	0.06971	0.14293
CAVIN3	0.00917	0.00411	0.00118	0	0.00731
PRKCE	0.02931	0.03143	0.04135	0.00708	0.00263
PRKCH	0.77522	0.02115	0.03166	0.59561	0.21295
PRKCI	0.09787	0.33647	0.15501	0.05848	0.09364
PRKCQ	0.11798	0.00197	0.00106	0.21672	0.03728
PRKCQ-AS1	0.11974	0.00325	0.00765	0.02882	0.04272
PRKCSH	0.12279	0.21339	0.1299	0.20598	0.22238
PRKCZ	0.03458	0.1592	0.03993	0.03642	0.05018
PRKD1	0.00042	0.02176	0.00209	0	0.003
PRKD2	0.32664	0.11568	0.0461	0.56761	0.52742
PRKD3	0.06873	0.10226	0.12152	0.22716	0.3462
PRKDC	0.37479	0.42763	0.24932	0.86714	0.38851
PRKRA	0.03383	0.1164	0.06821	0.20477	0.06973
PRKRIP1	0.00495	0.00646	0.00129	0.00155	0.02136
PRKX	0.49393	0.36039	0.40544	0.49724	0.44038
PRKXP1	0.12077	0.09526	0.08018	0.10717	0.13279
PRKY	0.09759	0.08614	0.0883	0.06007	0.04268
PRLR	0.03478	0.44345	0.04359	0.03352	0.00137
PRMT1	0.09432	0.06353	0.09502	0.15991	0.11422
PRMT2	0.52856	0.16125	0.55381	0.37619	0.25537
PRMT3	0.01839	0.05802	0.03958	0.06279	0.00647
PRMT5	0.04284	0.12121	0.04885	0.11213	0.08263
PRMT5-AS1	0.03922	0.00051	0.01073	0.03007	0.0145
PRMT6	0.03755	0.02113	0.02481	0.01262	0.03023
PRMT7	0.0902	0.06544	0.06416	0.05834	0.02348
AC020688.1	0.02099	0.0256	0.02185	0.01317	0.00741
PRND	0.00214	0.0022	0.00171	0.00025	0.00035
PRNP	0.13939	0.12832	0.29773	0.04246	0.05999
PROC	0.10945	0.60943	0.22098	0.00881	0.04974
PROCA1	0.01831	0.04656	0.01727	0.04394	0.06031
PROCR	0.01034	0.00811	0.00758	0	0
PRODH	0.0133	0.0839	0.06659	0.00146	0
PRODH2	0.05506	0.37051	0.12422	0.00221	0.00421
PROKR2	0.01043	0.02234	0.02682	0.01484	0.02405
PROM1	0	0.00525	0.00251	0	0
PROM2	0.00574	0.00556	0.00105	0.00276	0.00181
PRORSD1P	0.00029	0.00718	0	0	0.00354
PROS1	0.075	0.30234	0.12706	0.00344	0.0295
PLPBP	0.08957	0.1056	0.16232	0.25104	0.14674
PROSER1	0.0649	0.0406	0.04827	0.13318	0.09902
PROSER2	0.00215	0.05194	0.00281	0	0
PROSER2-AS1	0.00186	0.0024	0	0	0.00046
PROX1	0.12334	0.58863	0.11871	0.05608	0.01879
PROX1-AS1	0	0.01412	0	0.00026	0.00085
PROZ	0.00405	0.06625	0.02209	0	0.00057
PRPF18	0.06919	0.09228	0.10651	0.14483	0.09971
PRPF19	0.14925	0.24018	0.24263	0.23238	0.10251
PRPF3	0.18713	0.24286	0.18924	0.27916	0.14581
PRPF31	0.17033	0.19934	0.14726	0.3838	0.133
PRPF38A	0.16856	0.08822	0.09118	0.33754	0.08562
PRPF38B	1.03339	0.46055	0.96406	1.30473	0.83131
PRPF39	0.20004	0.14381	0.06824	0.1344	0.14713
PRPF4	0.12547	0.11024	0.16509	0.23166	0.13332
PRPF40A	0.45041	0.52547	0.56945	0.883	0.61443
PRPF40B	0.02742	0.09111	0.03405	0.05829	0.00455
PRPF4B	0.76051	0.71287	0.64525	1.02272	0.73256
PRPF6	0.33494	0.58818	0.43987	0.56958	0.34059
PRPF8	0.29152	0.28327	0.23652	0.56202	0.28378
PRPS1	0.07496	0.09696	0.0398	0.15018	0.05132
PRPS2	0.07047	0.02563	0.01251	0.09108	0.04652
PRPSAP1	0.08465	0.34887	0.13945	0.23217	0.045
PRPSAP2	0.03552	0.0443	0.04531	0.13762	0.08486
PRR11	0.30765	0.33135	0.43293	1.66772	0.38631
PRR12	0.01942	0.01577	0.0105	9e-04	0.00327
PRR13	0.59015	0.51757	0.57556	0.81518	0.42866
PRR14	0.04307	0.0874	0.07354	0.04394	0.06634
PRR14L	0.22019	0.23498	0.33715	0.24759	0.21678
PRR15L	0.00034	0.0051	0.00067	0	0
PRR18	0	0.0055	0	0	0
PRR23A	0.02671	0.04207	0.04155	0.03277	0.0366
PRR23C	0	0.00167	0.00446	0.00642	0.00029
PRR26	0	0.00857	2e-04	0	0
PRR3	0.01292	0.02238	0.01634	0.02823	0.04052
PRR5	0.07714	0.0871	0.10855	0.07766	0.09018
PRR5L	0.11526	0.01628	0.03328	0.0929	0.02449
PRR7	0.01128	0.00361	0.00519	0.00086	0.00216
PRR7-AS1	0.00272	0.00489	0.02593	0.01506	0.00645
PRRC1	0.09972	0.1859	0.16796	0.08583	0.13543
PRRC2A	0.08789	0.08016	0.10803	0.05896	0.02441
PRRC2B	0.40827	0.25997	0.23696	0.54726	0.39417
PRRC2C	1.92094	1.62447	2.00482	2.12727	1.81709
PRRG1	0.00689	0.03935	0.03398	0.00183	0.00822
PRRG2	0.01339	0.01754	0.01347	0.05807	0.0568
PRRG4	0.14196	0.25844	0.13448	0.11258	0.14216
PRRT2	0.00762	0.01062	0.00105	0	3e-04
PRRT3	0.51406	0.62965	0.6087	0.2724	0.5276
PRRT3-AS1	0.00117	0.02703	0.00158	0	0.00914
PRSS12	0	0.0041	0.0037	0	0
PRSS21	0.01446	0.00121	0	0.01563	0.03848
PRSS23	0.03551	0.04984	0.01492	0.03266	0.01622
PRSS27	0.01539	1e-04	0	0.00029	0.00195
PRSS3	0	0.01203	0.00097	0.00069	0
PRSS35	0.024	0.00045	0	0.00078	0.00035
PRSS36	0.0072	0.00123	0.01232	0	0.00836
PRSS45	0	0.02085	0	0	0
PRSS50	0.00063	0.02658	0.00042	0.00098	0
PRSS53	0.01722	0.00721	0	0	0.0034
PRTFDC1	0.009	0.04715	0.00241	0.02669	0.00034
PRTG	0	0.00626	0	0	0
PRUNE2	0.00305	0.00223	0.00155	0	0
PRX	0.00127	0.01192	0.0111	0	0.00681
PSAP	0.85484	1.80914	3.58095	0.9616	1.5358
PSAPL1	0.00139	0.00695	0.00611	0	0
PSAT1	0.03387	0.095	0.016	0.08572	0.12832
PSD	0.02623	0.00377	0.00038	0	0.00025
PSD2	0	0.00122	0	0.00043	0.0047
PSD3	0.03818	0.10241	0.10966	0.01671	0.03104
PSD4	0.12999	0.07753	0.05054	0.14402	0.10418
PSEN1	0.10673	0.19234	0.18083	0.1297	0.05747
PSEN2	0.01605	0.05179	0.04558	0	0.07978
PSENEN	0.15386	0.22227	0.16579	0.17832	0.23775
PSIP1	0.57694	0.17773	0.21668	0.91016	0.34064
PSKH1	0.01894	0.05665	0.04837	0.01435	0.06415
PSMA1	0.33597	0.47292	0.32724	0.62942	0.32209
PSMA2	0.25552	0.28695	0.14991	0.47051	0.30653
PSMA3	0.1559	0.24647	0.14917	0.33348	0.18613
PSMA4	0.45042	0.55319	0.52651	1.28118	0.39414
PSMA5	0.19405	0.13324	0.09341	0.37482	0.09263
PSMA6	0.38218	0.36256	0.20173	0.72963	0.31918
PSMA7	0.98243	0.79225	0.65666	1.66689	0.63256
PSMA8	0.00125	0.001	0.00859	0	0.00168
PSMB1	0.69991	1.12424	0.71884	1.34516	0.92131
PSMB10	0.65095	0.15829	0.49388	1.30256	0.62095
PSMB2	0.41645	0.73706	0.43987	0.60843	0.48506
PSMB4	0.42828	0.56013	0.39126	0.45189	0.29602
PSMB5	0.11084	0.33972	0.15794	0.25183	0.19793
PSMB6	0.37895	0.36269	0.25561	0.92524	0.65474
PSMB7	0.44273	0.39037	0.35893	0.69116	0.48356
PSMB8	0.57163	0.20016	0.17651	1.08555	0.52296
PSMB9	1.07137	0.25208	0.35512	1.87365	0.78303
PSMC1	0.39042	0.46268	0.41929	0.90288	0.42399
PSMC2	0.11778	0.28329	0.11317	0.32619	0.17056
PSMC3	0.41883	0.53613	0.41939	1.15696	0.53181
PSMC3IP	0.01207	0.02511	0.00491	0.11743	0.00037
PSMC4	0.30123	0.48887	0.25897	0.44538	0.23873
PSMC5	0.58488	0.48236	0.31046	1.1041	0.33757
PSMC6	0.15952	0.29307	0.14875	0.39418	0.19529
PSMD1	0.44409	0.72552	0.46349	0.73471	0.38929
PSMD10	0.05341	0.09196	0.07631	0.07542	0.07946
PSMD11	0.26844	0.41542	0.26111	0.58566	0.18366
PSMD12	0.16585	0.3171	0.20323	0.399	0.30895
PSMD13	0.32165	0.35048	0.20454	0.60161	0.24705
PSMD14	0.20309	0.25349	0.26858	0.63468	0.21641
PSMD2	0.38252	0.70361	0.49684	0.79122	0.32882
PSMD3	0.11552	0.2187	0.09911	0.23739	0.10576
PSMD4	0.34313	0.66307	0.31961	0.52959	0.29632
PSMD5	0.18529	0.10882	0.0924	0.18066	0.12921
CUTALP	0.45726	0.22433	0.20413	0.36719	0.45643
PSMD6	0.08844	0.17666	0.0796	0.3675	0.14539
PSMD6-AS2	0.02966	0.01578	0.00554	0.01602	0.01514
PSMD7	0.36879	0.45218	0.46289	0.8063	0.3765
PSMD8	0.51988	0.39401	0.33304	1.11874	0.70061
PSMD9	0.12325	0.08916	0.05085	0.22833	0.06065
PSME1	1.27973	0.68873	0.55427	1.88526	1.2157
PSME2	1.30029	0.66604	0.71846	2.10491	1.36923
PSME3	0.13162	0.17504	0.08755	0.16224	0.12907
PSME4	0.32576	0.32199	0.34912	0.38528	0.1154
PSMF1	0.51397	0.69362	0.44257	0.67796	0.40877
PSMG1	0.06693	0.08721	0.0753	0.10798	0.04894
PSMG2	0.07221	0.15582	0.10508	0.20858	0.11658
PSMG3	0.11426	0.16032	0.14604	0.08011	0.10841
PSMG3-AS1	0.00414	0.00763	0.00579	0.0149	0.00661
PSMG4	0.04696	0.10161	0.05626	0.11286	0.08883
PSORS1C1	0	0.00464	0	0	0
PSORS1C3	0.00062	0.00806	0.00013	0.00043	0.01569
PSPC1	0.31667	0.14343	0.07072	0.39987	0.24109
PSPH	0.05841	0.22328	0.05633	0.07737	0.02473
PSRC1	0.00074	0.01191	0.0079	0.08584	0.00097
PSTK	0.00786	0.03189	0.01348	0.00394	0.00385
PSTPIP1	0.45695	0.02511	0.08278	0.43818	0.09904
PSTPIP2	0.00834	0.04556	0.11335	0.07259	0.02744
PTAFR	0.26447	0.30789	0.56183	0.1848	0.29083
PTAR1	0.114	0.10957	0.10314	0.0991	0.08444
PTBP1	0.56531	0.58908	0.50479	1.2387	0.47866
PTBP2	0.10172	0.08428	0.03161	0.07087	0.06061
PTBP3	0.46769	0.20509	0.40388	0.63143	0.21856
PTCD2	0.01284	0.01023	0.00226	0.01952	0.00761
PTCD3	0.34575	0.47377	0.25113	0.45959	0.32185
PTCH1	0.00113	0.01503	0.0021	0.02118	0.04489
PTCH2	0.02772	0.00154	0.02094	0.03207	0.02347
PTCHD1	0.00185	0.0024	0.0012	0	0.00046
PTCHD3	0	0.00516	0	0	0
PTCHD4	0.00248	0.00134	0.00638	0	0.00049
PTCSC3	0.03413	0.0338	0.03898	0.01593	0.00812
PTDSS1	0.19002	0.16391	0.20725	0.38521	0.09809
PTDSS2	0.00807	0.12265	0.0414	0.06626	0.04151
PTEN	0.26509	0.38382	0.29249	0.33206	0.19291
PTER	0.14242	0.08446	0.06205	0.19411	0.07905
PTGDR	0.05337	7e-04	0	0.08212	0.00585
PTGDR2	0	0.00453	0.00277	0	0
PTGDS	0.05814	0.23931	0.11132	0.00385	0.00037
PTGER2	0.03956	9e-04	0	0.02507	0.02148
PTGER3	0	0.0013	0	0	0
PTGER4	0.36606	0.01783	0.29945	0.31084	0.12592
PTGES	0.0164	0.03492	0.05363	0.00093	0.00117
PTGES2	0.12545	0.10826	0.10653	0.18646	0.10079
PTGES3	0.7446	1.14763	0.97193	1.24938	0.69462
PTGES3L	0.00121	0.00751	0.01553	0.00028	0.00611
PTGFR	0.01826	0.08101	0.01256	0	0
PTGFRN	0.01985	0.10341	0.05196	0.00056	8e-04
PTGIS	0.05431	0.05408	0.07144	0.00994	0.03267
PTGR1	0.15295	0.43933	0.15754	0.02142	0.0384
PTGR2	0.07496	0.19422	0.12094	0.08932	0.05306
PTGS1	0.00082	0.00819	0.08354	0.00399	0.02134
PTGS2	0.00035	0.00072	0.09112	0.00043	0.00018
PTH2R	0.01133	0.01742	0.00569	0.00731	0
PTHLH	0.0047	0.00903	0.00741	0.00671	0
PTK2	0.02561	0.22649	0.16755	0.03791	0.02862
PTK2B	0.34345	0.06308	0.20987	0.45988	0.71537
PTK6	0.3445	0.39211	0.28041	0.20098	0.30873
PTK7	0	0.00117	0	0	0
PTMA	3.53349	2.30184	3.17473	4.65606	3.28502
PTMS	0.16667	0.31137	0.84629	0.17008	0.06678
PTN	0.01898	0.00451	0.00303	0	0
PTOV1	0.11016	0.2581	0.12422	0.12573	0.19222
PTOV1-AS1	0	0.00476	0	0	0.00294
PTP4A1	0.35415	1.04481	0.50868	0.25385	0.19127
PTP4A2	1.11238	0.54686	0.61874	1.27157	0.91857
PTP4A3	0.04203	0.06722	0.02914	0.03437	0.16147
PTPDC1	0.02989	0.0263	0.0414	0.04255	0.00932
PTPMT1	0.11534	0.20553	0.13354	0.29317	0.17949
PTPN1	0.35358	0.14591	0.23039	0.68827	0.61374
PTPN11	0.49319	0.51157	0.38311	0.85335	0.32483
PTPN12	0.12637	0.16219	0.27988	0.09427	0.0901
PTPN13	0.07713	0.0338	0.04619	0.02005	0.00044
PTPN14	0.58329	0.61425	0.6398	0.35932	0.62594
PTPN18	0.34962	0.22048	0.35815	0.44238	0.24304
PTPN2	0.67879	0.47887	0.49841	0.64735	0.76664
PTPN21	0.01255	0.05899	0.02448	0.00218	0.0024
PTPN22	0.52672	0.0111	0.06585	0.38606	0.29003
PTPN23	0.10006	0.18783	0.15668	0.01532	0.11291
PTPN3	0.0129	0.15534	0.04432	0.00286	0.03327
PTPN4	0.22453	0.09519	0.0259	0.14925	0.10039
PTPN6	0.32195	0.04917	0.21428	0.51913	0.22015
PTPN7	0.3619	0.01328	0.08233	0.74348	0.17065
PTPN9	0.01444	0.04315	0.05089	0.07946	0.01174
PTPRA	0.3901	0.16776	0.12828	0.51386	0.23565
PTPRB	0.00575	0.01071	0.00372	0	0.00118
PTPRC	2.11644	0.09219	0.83027	1.84722	0.99508
PTPRCAP	1.28307	0.04454	0.04548	1.16559	0.77843
PTPRD	0.00627	0.05079	0.01945	0	0.0026
PTPRE	0.20594	0.02557	0.48804	0.18778	0.14284
PTPRF	0.07937	0.75355	0.23282	0.02675	0.01759
PTPRG	0.01411	0.07726	0.02975	0.02706	0.00237
PTPRG-AS1	0.00384	0.00726	0.00562	0.00515	0.00574
PTPRH	0.00334	0.01514	0.00067	0	0
PTPRJ	0.36872	0.23304	0.27639	0.2853	0.18461
PTPRK	0.04249	0.23252	0.05131	0.00864	0.00036
PTPRM	0.02358	0.04313	0.04424	0.01812	0.01346
PTPRN2	0.02463	0.00189	0.00642	0.06008	0.0106
PTPRO	0	0.00565	0.12788	0	0.00223
PTPRS	0.01506	0.0547	0.01834	0.00101	0.01082
PTPRU	0.00062	0.03435	0.03265	0	0
CAVIN1	0.03993	0.06896	0.04172	0.03234	0.03437
PTRH1	0.07223	0.04136	0.05707	0.0848	0.03212
PTRH2	0.04595	0.0934	0.076	0.07321	0.0425
PTRHD1	0.07013	0.07303	0.05865	0.18436	0.07099
PTS	0.04399	0.09594	0.04424	0.04784	0.05326
PTTG1	0.15187	0.06166	0.04511	1.06717	0.05624
PTTG1IP	0.43958	0.45269	0.74591	0.36568	0.32184
PTTG2	0.00071	0.00102	0.00995	0.02107	0.00169
PUF60	0.39313	0.4403	0.32433	0.68591	0.27235
PUM1	0.40864	0.4852	0.46489	0.51129	0.4292
PUM2	0.27395	0.27325	0.17937	0.42692	0.30253
PURA	0.22902	0.33899	0.1905	0.23733	0.15385
PURB	0.22527	0.26291	0.26061	0.24202	0.25466
PUS1	0.01359	0.06626	0.06312	0.04671	0.02646
PUS10	0.02785	0.0484	0.01275	0.04493	0.04924
PUS3	0.0419	0.13706	0.07474	0.05401	0.0794
PUS7	0.00203	0.05197	0.04522	0.02613	0.03821
PUS7L	0.07469	0.09246	0.09461	0.10141	0.0969
PUSL1	0.03986	0.07782	0.02997	0.02475	0.06458
PVALB	0.00059	0.01401	0	0	0
PVR	0.16543	0.36063	0.24102	0.11365	0.16664
PVRIG	0.54466	0.01371	0.02021	0.58022	0.1
PVT1	0.07034	0.01281	0.01838	0.07454	0.03689
PWP1	0.2661	0.30493	0.26169	0.5004	0.26571
PWP2	0.03641	0.0281	0.07849	0.04433	0.01869
PWWP2A	0.12475	0.11573	0.11448	0.26562	0.15086
PWWP2B	0.04995	0.08724	0.05358	0.02471	0.01356
PXDC1	0.03866	0.20157	0.0552	0.00436	0.03809
PXDN	0.01224	0.00863	0	0	0
PXK	0.13275	0.09579	0.09883	0.18402	0.13791
PXMP2	0.08852	0.55923	0.2077	0.28005	0.03791
PXMP4	0.38099	0.52571	0.43149	0.24549	0.35162
PXN	0.06938	0.12544	0.07908	0.11948	0.0216
PXN-AS1	0.00481	0.01767	0	0.0255	0.00756
PYCARD	0.31434	0.06296	0.2623	0.47707	0.28737
PYCR1	0.0203	0.0904	0.02594	0.05057	0.15831
PYCR2	0.1301	0.0933	0.08446	0.15496	0.12848
PYCR3	0.08484	0.1808	0.07932	0.10024	0.09174
PYGB	0.09542	0.1668	0.22215	0.25377	0.24411
PYGL	0.09922	0.28561	0.34343	0.01432	0.01847
PYGO1	0.00437	0.00433	6e-04	0.00045	0.01621
PYGO2	0.04689	0.10264	0.06136	0.05541	0.03042
PYHIN1	0.36786	0.00634	0.00608	0.29213	0.06102
PYROXD1	0.10961	0.10194	0.10738	0.17614	0.07935
PYROXD2	0.03139	0.02339	0.00614	0.00228	0.00962
PYY2	0.00095	0.01227	0.01539	0	0
QARS	0.28395	0.41482	0.30743	0.43875	0.27145
QDPR	0.15362	0.42206	0.17347	0.04971	0.05859
QKI	0.16563	0.38356	0.67432	0.20324	0.14528
QPCT	0.00264	0.00503	0.0173	0.00984	0.0025
QPCTL	0.09393	0.1261	0.11591	0.08501	0.1321
QPRT	0.22043	0.88261	0.34435	0.12263	0.50118
QRFPR	0.05547	0.07883	0.06724	0.03484	0.0447
QRICH1	0.174	0.10657	0.09127	0.21465	0.15205
QRICH2	0.00675	0.05267	0.00508	0	0.00425
QRSL1	0.19512	0.2172	0.19744	0.1576	0.21651
QSER1	0.15624	0.21304	0.23022	0.24116	0.29244
QSOX1	0.03978	0.15852	0.09202	0.02204	0.01404
QSOX2	0.01358	0.02814	0.01121	0.04144	0.05237
QTRT1	0.00426	0.01723	0.00398	0	0.0138
R3HCC1	0.10624	0.06059	0.05658	0.12928	0.17276
R3HCC1L	0.1511	0.11212	0.165	0.23586	0.14767
R3HDM1	0.14505	0.12306	0.10582	0.22551	0.24131
R3HDM2	0.16093	0.22754	0.22773	0.14616	0.13338
R3HDM4	0.14997	0.10659	0.12915	0.18943	0.20094
RAB10	0.32567	0.35447	0.48682	0.45696	0.27514
RAB11A	0.17009	0.23155	0.17977	0.2225	0.14223
RAB11B	0.11736	0.09727	0.03908	0.12514	0.10522
RAB11B-AS1	0.03301	0.0674	0.01775	0.02502	0.01398
RAB11FIP1	0.38254	0.198	0.31883	0.39709	0.2929
RAB11FIP2	0.06493	0.1206	0.03443	0.11577	0.09347
RAB11FIP3	0.10141	0.08434	0.03812	0.03488	0.04303
RAB11FIP4	0.23407	0.19086	0.1355	0.19521	0.15825
RAB11FIP5	0.02161	0.05411	0.01777	0.00088	0.00659
RAB12	0.02145	0.11151	0.0993	0.00126	0.03166
RAB13	0.11465	0.44672	0.46161	0.04921	0.15932
RAB14	0.21188	0.18099	0.20163	0.31136	0.13488
RAB15	0.16031	0.17577	0.20376	0.15516	0.15788
RAB17	0.00336	0.11664	0.03933	0	0.00277
RAB18	0.16032	0.20633	0.10416	0.19942	0.14547
RAB1A	0.1496	0.32441	0.33668	0.17732	0.30239
RAB1B	0.30658	0.29671	0.25543	0.70485	0.20743
RAB20	0.001	0.01609	0.12867	0.00083	0.00016
RAB21	0.18972	0.20043	0.1871	0.10444	0.14119
RAB22A	0.14157	0.18363	0.08862	0.13768	0.11592
RAB23	0.01975	0.02308	0.0147	0.0119	0.00551
RAB24	0.07044	0.28756	0.31523	0.08532	0.12833
RAB26	0.00038	0.05453	0.01096	0.02419	0.01237
RAB27A	0.65905	0.37127	0.28526	0.76762	0.38483
RAB27B	0.02442	0.00753	0.00375	0.00302	0
RAB28	0.02036	0.04549	0.01849	0.01349	0.02267
RAB2A	0.24646	0.38065	0.24087	0.24399	0.29998
RAB2B	0.07849	0.10936	0.10945	0.14762	0.17549
RAB30	0.08737	0.07427	0.04114	0.13858	0.83874
RAB30-AS1	0.05183	0.10089	0.02744	0.11892	0.10368
RAB31	0.01554	0.0794	0.58532	0.19746	0.18222
RAB32	0.00928	0.14933	0.20007	0.05023	0.00096
RAB33A	0.00266	0	0.00275	0.01421	0.00181
RAB33B	0.01261	0.04213	0.01619	0.03069	0.03884
RAB34	0.00066	0.03523	0.11041	0.04571	0.07157
RAB35	0.07972	0.04674	0.12571	0.101	0.05925
RAB36	0.00647	0.0115	0.00229	0.02153	0.0205
RAB37	0.28797	0.03416	0.01795	0.14176	0.07686
RAB38	0	0.00159	0.00755	0.00849	0.00103
RAB39A	0	0.00151	0.06957	0	0.00736
RAB39B	0.06729	0.00375	0.00042	0.04593	0.10197
RAB3A	0.00262	0.00698	0.00354	5e-04	0.0235
RAB3B	0.33612	0.32919	0.37296	0.25793	0.4128
RAB3C	0	0.00146	0	0	0
RAB3D	0.04082	0.07093	0.03552	0.09466	0.1422
RAB3GAP1	0.07194	0.18015	0.19794	0.13328	0.29031
RAB3GAP2	0.18959	0.29598	0.208	0.20959	0.20582
RAB3IL1	0.00348	0.05226	0.16785	0.00162	0.00031
RAB3IP	0.14972	0.26226	0.22414	0.219	0.1128
RAB40B	0.01549	0.11943	0.02201	0.0039	0.03387
RAB40C	0.01544	0.05793	0.01796	0.04267	0.06323
RAB42	0.07771	0.11148	0.17454	0.08466	0.1066
RAB4A	0.10554	0.24146	0.17286	0.06461	0.13325
RAB5A	0.10096	0.1783	0.1349	0.15482	0.19611
RAB5B	0.14086	0.23585	0.19551	0.17047	0.0979
RAB5C	0.09166	0.11043	0.17846	0.1238	0.07124
RAB6A	0.21939	0.20269	0.15636	0.12497	0.16336
RAB6B	0	0.00661	0.00519	0	0
RAB6C-AS1	3e-04	0.00092	0	0	0
RAB7A	0.46213	0.52114	0.47097	0.57227	0.2386
RAB8A	0.33101	0.22067	0.31328	0.9075	0.60136
RAB8B	0.47365	0.07377	0.20887	0.38226	0.10757
RAB9A	0.05077	0.03034	0.07485	0.04667	0.03628
RABAC1	0.47577	0.47178	0.33437	0.57069	1.34729
RABEP1	0.36739	0.27312	0.36776	0.52476	0.23751
RABEP2	0.01531	0.03245	0.02286	0.05618	0.09912
RABEPK	0.0752	0.06907	0.02177	0.05525	0.04388
RABGAP1	0.17546	0.10115	0.20677	0.21227	0.18659
RABGAP1L	0.46057	0.22978	0.29846	0.73606	0.58535
RABGEF1	0.13668	0.12573	0.18873	0.20335	0.13295
RABGGTA	0.0926	0.05772	0.07782	0.072	0.04891
RABGGTB	0.09125	0.16009	0.05796	0.14063	0.11926
RABIF	0.06639	0.09202	0.0449	0.11367	0.06169
RABL2A	0.02308	0.01957	0.00518	0.0062	0.01593
RABL2B	0.04045	0.0518	0.06633	0.04728	0.01746
RABL3	0.10189	0.15336	0.14991	0.147	0.07965
RABL6	0.20612	0.132	0.21388	0.57542	0.30131
RAC1	0.82724	1.2992	1.90341	1.30109	0.8775
RAC2	0.92563	0.02644	0.13703	1.20706	0.54798
RAC3	0.00039	0.00184	0.00084	0	0
RACGAP1	0.03787	0.04072	0.06224	0.47643	0.009
RAD1	0.32603	0.51853	0.3657	0.39915	0.35395
RAD17	0.1309	0.12608	0.05553	0.25265	0.32734
RAD18	0.01975	0.04992	0.0692	0.24805	0.02272
RAD21	0.68745	0.53401	0.50496	1.91882	0.45232
RAD21-AS1	0.00559	0.01022	0.00317	0.0033	0.00773
RAD23A	0.28261	0.17749	0.24226	0.32814	0.21845
RAD23B	0.26846	0.31123	0.2355	0.29982	0.24759
RAD50	0.47586	0.49036	0.37331	0.6377	0.51215
RAD51	0.03368	0.02092	0.04245	0.309	0.01854
RAD51-AS1	0.05496	0.045	0.02768	0.10144	0.04795
RAD51AP1	0.02784	0.0283	0.07481	0.37135	0.05106
RAD51AP2	0	0.00459	0.00021	0	0
RAD51B	0.02599	0.02179	0.02295	0.01654	0.04501
RAD51C	0.09717	0.06076	0.03958	0.26384	0.05535
RAD51D	0.01123	0.02099	0.01443	0.03248	0.06098
RAD52	0.02178	0.0326	0.02331	0.0128	0.01873
RAD54B	0.02213	0.02697	0.00485	0.10268	0.00098
RAD54L	0.00124	0.01091	0.01538	0.07819	0.0018
RAD54L2	0.10281	0.21792	0.13227	0.24158	0.18796
RAD9A	0.03952	0.06196	0.07662	0.04897	0.04626
RAD9B	0.00379	0.00424	0.00651	0.00119	0.00388
RAE1	0.10899	0.09516	0.08295	0.18977	0.04939
RAET1E	0.00177	0.00372	0.0032	0.00736	0.00124
RAET1E-AS1	0.00033	0.00765	0	0	0
RAET1G	0.0096	0.00139	0	0	0
RAET1K	0.00315	0.00191	0.00033	0	0
RAF1	0.19325	0.20493	0.16387	0.07922	0.07132
RAG1	0	0.00404	0.00084	0.00028	0
RAI1	0.03091	0.03433	0.0426	0.0795	0.02468
RAI14	0.09158	0.35281	0.08985	0.00685	0.00257
RAI2	0.00235	0.00421	0	0	0
RALA	0.21226	0.16354	0.16339	0.18808	0.05087
RALB	0.15618	0.1189	0.2509	0.13083	0.05916
RALBP1	0.30155	0.50173	0.3917	0.70349	0.27575
RALGAPA1	0.02809	0.06585	0.0319	0.02675	0.04359
RALGAPA2	0.09431	0.21719	0.10194	0.11287	0.06145
RALGAPB	0.22275	0.19455	0.18194	0.29129	0.11494
RALGDS	0.07188	0.00829	0.02715	0.01236	0.02998
RALGPS1	0.00644	0.00692	0.00519	0.01327	0.00948
RALGPS2	0.09688	0.40935	0.08607	0.18762	0.59362
RALY	0.4428	0.30382	0.27171	0.88598	0.78278
RALYL	0	0.00693	0.01077	0	0
RAMP1	0.01796	0.1909	0.04866	0.00845	0.00101
RAMP2	0	0.00645	0.01783	0	0
RAMP2-AS1	0.13869	0.19039	0.22018	0.13746	0.15366
RAN	0.50747	0.39472	0.29564	1.3088	0.36093
RANBP1	0.3007	0.21473	0.16506	0.77147	0.17334
RANBP10	0.04278	0.08505	0.05237	0.09882	0.02885
RANBP17	0.00091	0.04942	0	0	0.0079
RANBP2	0.40069	0.33807	0.35916	0.49505	0.38599
RANBP3	0.13332	0.06828	0.10021	0.20667	0.09693
RANBP3L	0.0103	0.01579	0.00209	0.00033	0.00281
RANBP6	0.12026	0.07118	0.04748	0.07607	0.04571
RANBP9	0.1402	0.1185	0.08004	0.08521	0.09357
RANGAP1	0.09332	0.30474	0.25683	0.79099	0.14395
RANGRF	0.09687	0.02449	0.01452	0.25313	0.09967
RAP1A	0.41621	0.17186	0.31252	0.4479	0.18387
RAP1B	0.98736	0.40271	0.49475	1.33287	0.72765
RAP1GAP	0.02351	0.09156	0.05794	0.01854	0
RAP1GAP2	0	0.01061	0.01434	0.00154	0.0111
RAP1GDS1	0.14845	0.04608	0.1061	0.16502	0.08782
RAP2A	0.05412	0.08988	0.11259	0.10051	0.06169
RAP2B	0.11062	0.07952	0.50701	0.09823	0.039
RAP2C	0.10972	0.1045	0.0537	0.07342	0.16368
RAP2C-AS1	0	0.00392	0.0082	0.00161	0.00174
RAPGEF1	0.26574	0.08714	0.33394	0.38835	0.38119
RAPGEF2	0.1026	0.1353	0.18317	0.10737	0.1913
RAPGEF3	0	0.00805	0	0	0.00047
RAPGEF4	0.00341	0.05628	0.01292	0.00483	0.01003
RAPGEF5	0.04085	0.07332	0.00988	0.04246	0.0261
RAPGEF6	0.29399	0.11395	0.06332	0.21925	0.17662
RAPGEFL1	0.03376	0.02641	0.01661	0.00326	0.01133
RAPH1	0.05002	0.29268	0.28184	0.01779	0.00057
RAPSN	0.00632	0.00272	0	0	0
RARA	0.02132	0.07072	0.06452	0.01563	0.01752
RARB	0	0.00286	0.00131	0	0
RARG	0.01255	0.01362	0.00657	0.00835	0.0353
RARRES1	0.00114	0.00846	0.10803	0.00037	0
RARRES2	0.36471	1.91295	0.87793	0.15563	0.05097
RARRES3	1.05795	0.25484	0.14791	0.91689	0.56555
RARS	0.13901	0.31029	0.19743	0.34332	0.24867
RARS2	0.15085	0.20181	0.10615	0.20474	0.2584
RASA1	0.16377	0.07838	0.20246	0.17565	0.10148
RASA2	0.50419	0.12238	0.17567	0.43824	0.42554
RASA3	0.04211	0.01368	0.07018	0.03781	0.04582
RASA4	0.09907	0.07261	0.17094	0.02342	0.03141
RASA4CP	0.00271	0.00309	0.01039	0.016	0.00138
RASAL1	0.00082	0.00205	0	0	0.01128
RASAL2	0.0354	0.07837	0.05927	0.02519	0.00193
RASAL2-AS1	0.00286	0.01277	0.00076	0.00961	0.00093
RASAL3	0.42989	0.02201	0.07393	0.46521	0.14405
RASD1	0.03165	0.03194	0.02236	0.02975	0.07065
RASEF	0.01065	0.0387	0.01652	0	0
RASGEF1A	0.11172	0.04344	0.02695	0.11429	0.05758
RASGEF1B	0.05141	0.02402	0.11036	0.06229	0.06101
RASGEF1C	0	0.00244	0.00323	0	0
RASGRF1	0.00076	0.00642	0.02901	0.0277	0.00103
RASGRF2	0.01857	0.01261	0.00486	0	0.00878
RASGRP1	0.37946	0.00577	0.01173	0.49123	0.16281
RASGRP2	0.00843	0.00676	0.03454	0.03777	0.0251
RASGRP3	0.00253	0.00688	0.06271	0.11626	0.12559
RASGRP4	0.00315	0.00275	0.04031	0.00441	0.00872
RASIP1	0.01185	0.03555	0.02328	0.00474	0.00304
RASL10B	0.00256	0.09485	0.00101	0.00083	0
RASL12	0	0.00347	0	0	0
RASSF1	0.2161	0.05465	0.14644	0.26992	0.11645
RASSF10	0	0.00337	0	0	0
RASSF2	0.10791	0.01365	0.24413	0.27106	0.20093
RASSF3	0.07394	0.07025	0.16396	0.02641	0.02209
RASSF4	0.09606	0.35836	0.68824	0.02218	0.03828
RASSF5	0.46235	0.05441	0.11685	0.42961	0.22803
RASSF6	0.02052	0.04628	0.02426	0.04	0.06278
RASSF7	0.11922	0.22904	0.09273	0.04457	0.11835
RASSF8	0.09156	0.14456	0.09335	0.0653	0.08061
RASSF8-AS1	0.0041	0.00907	0.01452	0	0.00084
RASSF9	0	0.01038	0.0021	0	0
RAVER1	0.02054	0.00841	0.00772	0.06874	0.0113
RAVER2	0.00592	0.02137	0.02134	0.02809	0.02661
RAX2	0.01491	0.01715	0.01012	0.00649	0.00935
RB1	0.11594	0.09098	0.26428	0.23806	0.15507
RB1CC1	0.37757	0.61082	0.45652	0.28529	0.48021
RBAK	0.09682	0.06643	0.06283	0.04566	0.04634
RBBP4	0.65653	0.73824	0.60748	0.85414	0.78663
RBBP5	0.31445	0.39136	0.32624	0.37282	0.37739
RBBP6	0.62187	0.43362	0.56115	0.89583	0.7654
RBBP7	0.26934	0.19528	0.25536	0.70723	0.29165
RBBP8	0.07015	0.06472	0.06827	0.44333	0.07562
RBBP9	0.08087	0.0987	0.05763	0.07149	0.006
RBCK1	0.33796	0.39488	0.21204	0.27189	0.25416
RBFA	0.02545	0.09372	0.09177	0.0529	0.06155
RBFADN	0.00031	0.00564	0.00047	0.01249	0
RBFOX2	0.02442	0.21084	0.04687	0.04112	0.01041
RBKS	0.02486	0.06618	0.01757	0.02545	0.01425
RBL1	0.23258	0.14938	0.21774	0.42025	0.1695
RBL2	0.60439	0.20001	0.17051	0.65584	0.30636
RBM10	0.18584	0.43373	0.22471	0.61897	0.28282
RBM12	0.15597	0.10257	0.05959	0.21339	0.12201
RBM12B	0.10294	0.08018	0.03999	0.15473	0.05245
RBM14	0.09794	0.20941	0.1522	0.27566	0.11265
RBM15	0.08535	0.08139	0.05563	0.16432	0.10504
RBM15B	0.15715	0.15266	0.09853	0.14699	0.12027
RBM17	0.28613	0.31561	0.34415	0.63189	0.349
RBM18	0.09033	0.04181	0.05588	0.27465	0.09426
RBM19	0.14502	0.19033	0.12316	0.26321	0.16316
RBM20	0.00919	0.0125	0.00605	0	0
RBM22	0.24707	0.21683	0.27007	0.32235	0.18974
RBM23	0.15255	0.11077	0.08747	0.15104	0.11384
RBM24	0.00923	0.05179	0.00539	0	0.00044
RBM25	1.31511	1.26317	1.98908	1.76115	1.47008
RBM26	0.3538	0.26034	0.31296	0.50821	0.36354
RBM26-AS1	0.03591	0.03209	0.0312	0.03456	0.04224
RBM27	0.34979	0.21828	0.26096	0.38478	0.38667
RBM28	0.18027	0.23822	0.17769	0.29826	0.06995
RBM3	0.66336	0.46796	0.59308	0.91608	0.5148
RBM33	0.37974	0.40309	0.30618	0.49792	0.3867
RBM34	0.41909	0.3021	0.26268	0.67042	0.29755
RBM38	0.05556	0.0243	0.04453	0.05045	0.02905
RBM39	1.57859	1.10777	1.14298	1.79382	1.65034
RBM4	0.08411	0.06541	0.04701	0.08721	0.04413
RBM41	0.28172	0.49758	0.37792	0.36024	0.45549
RBM42	0.06334	0.11324	0.07926	0.13978	0.03964
RBM43	0.21283	0.20227	0.12897	0.15949	0.21606
RBM44	0.02174	0.00552	0	0	0.00057
RBM45	0.0455	0.05777	0.01925	0.13509	0.02372
RBM46	0.02015	0.02296	0.02739	0.00056	0
RBM47	0.28833	0.61581	0.58211	0.13915	0.38956
RBM48	0.10245	0.09108	0.12992	0.15125	0.16145
RBM4B	0.00216	0.03497	0.02734	0.0498	0.0257
RBM5	0.41651	0.37287	0.38339	0.47689	0.45993
RBM6	0.48859	0.38155	0.36555	0.60596	0.77718
RBM7	0.05358	0.06485	0.07491	0.059	0.03069
RBM8A	0.89792	0.68401	0.59623	1.23745	0.64856
RBMS1	0.22947	0.13369	0.23792	0.15504	0.02406
RBMS2	0.0146	0.03533	0.04957	0.01324	0.01274
RBMX	0.99834	0.74698	0.72705	1.6074	0.92451
RBMX2	0.18727	0.12604	0.08981	0.33973	0.12973
RBMXL1	0.17082	0.13589	0.10168	0.20916	0.06336
RBMY2FP	0.00776	0.00884	0	0	0.00236
RBP1	0.05537	0.15658	0.02	0.01943	0.03449
RBP4	0.76519	3.29964	1.47612	0.35008	0.16545
RBP5	0.04598	0.30545	0.0468	0	0.00316
RBP7	0.00163	0.00552	0.02963	0	0.00056
RBPJ	0.49323	0.33817	0.62132	0.67328	0.39284
RBPMS	0.01484	0.0722	0.01118	0.00094	0.00042
RBPMS2	0.00279	0.04966	0.01045	0.00085	0.00017
RBX1	0.44992	0.41373	0.42251	0.85253	0.43191
RC3H1	0.16534	0.15448	0.1824	0.19649	0.18567
RC3H2	0.10993	0.07093	0.07836	0.2277	0.07642
RCAN1	0.02421	0.06868	0.06669	0.01354	0.05127
RCAN2	0.07229	0.00534	0.00078	0.06844	0.01352
RCAN3	0.09515	0.03453	0.03897	0.13196	0.03435
RCBTB1	0.03965	0.07602	0.05516	0.07712	0.0857
RCBTB2	0.03701	0.01795	0.11558	0.00164	0.16451
RCC1	0.01041	0.02934	0.05629	0.13765	0.01571
RCC2	0.12572	0.08548	0.21341	0.20199	0.04667
RCCD1	0.01442	0.08462	0.04416	0.15907	0.03897
RCE1	0.00341	0.00603	0.00657	0.00347	0.01718
RCHY1	0.0641	0.03091	0.03273	0.02416	0.04538
RCL1	0.03878	0.04353	0.02857	0.00823	0.02032
RCN1	0.14472	0.2431	0.13862	0.08796	0.21061
RCN2	0.17261	0.22663	0.12032	0.19876	0.04829
RCN3	0.01174	0.02342	0.13249	0.00255	0.01888
RCOR1	0.04495	0.07836	0.13831	0.03515	0.04616
RCOR2	0	0.00271	0	0	0
RCOR3	0.18312	0.25835	0.1863	0.09798	0.17383
RCSD1	0.43119	0.10496	0.33379	0.62756	0.34455
RD3	0.005	0.00537	0.00721	0.00159	0.0032
RDH10	0.01739	0.12281	0.0363	0.04117	0.02516
RDH11	0.30009	0.60222	0.31333	0.30782	0.29099
RDH12	0	0.00708	0.00052	0	0
RDH13	0.0103	0.05871	0.03779	0.00223	0.03626
RDH16	0.04727	0.27794	0.0605	0.00862	0.01073
RDH5	0.00057	0.00113	0	0.00383	0
RDX	0.3947	0.828	0.61519	0.4011	0.46343
REC8	0.07038	0.01189	0.02498	0.0893	0.02687
RECK	0.01502	0.01915	0.01214	0.04846	0.0299
RECQL	0.31208	0.1013	0.18212	0.74758	0.24286
RECQL4	0.0304	0.04443	0.03265	0.1532	0.01869
RECQL5	0.05935	0.10694	0.06549	0.1337	0.11631
REEP2	0.00063	0.00486	0.00199	0	0
REEP3	0.06327	0.2262	0.12027	0.08023	0.10526
REEP4	0.03337	0.04229	0.13352	0.20837	0.02481
REEP5	0.31496	0.34284	0.2998	0.36285	0.48204
REEP6	0.04886	0.36987	0.10396	0.00182	0.00862
REG1A	0.0084	0.03165	0.00421	0.00099	0.01721
REG3A	0.39088	0.36433	0.08461	0.27044	0.49669
REL	0.33566	0.23915	0.69508	0.36525	0.20152
RELA	0.25039	0.33974	0.29059	0.37733	0.21521
RELB	0.10853	0.09444	0.15755	0.01665	0.16009
RELL1	0.03474	0.0427	0.09806	0.01724	0.01597
RELL2	0.04656	0.0208	0.02279	0.04179	0.04069
RELN	0.01616	0.0915	0.00739	0	0.00639
RELT	0.03816	0.00379	0.1393	0.12723	0.05593
REM2	0.01151	0.00231	0.00324	0	0.00901
RENBP	0.00034	0.003	0.02217	0	0.00114
REP15	0	0.00168	0	0	0
REPIN1	0.09247	0.23401	0.10677	0.0682	0.13599
REPS1	0.14515	0.08663	0.07674	0.14578	0.08183
REPS2	0.00042	0.05473	0.05115	0.00236	0.02311
RER1	0.35015	0.46957	0.34931	0.50954	0.48604
RERE	0.17965	0.29815	0.24667	0.20238	0.34565
RERG	0.00434	0.00828	5e-04	0	0.00085
REST	0.50638	0.22154	0.32357	0.43264	0.34117
RET	0	0.00131	0.01825	0	0
RETSAT	0.02201	0.15959	0.03487	0.02755	0.06113
REV1	0.23763	0.19332	0.15753	0.17385	0.11001
REV3L	0.3017	0.29553	0.20997	0.41736	0.25961
REXO1	0.06918	0.03945	0.03034	0.06036	0.03696
REXO2	0.12237	0.2265	0.08412	0.14348	0.28686
REXO4	0.17609	0.13593	0.204	0.23083	0.21154
RFC1	0.60152	0.65354	0.33698	0.84724	0.57233
RFC2	0.16439	0.17141	0.22605	0.33721	0.20441
RFC3	0.03155	0.11338	0.03607	0.37267	0.04718
RFC4	0.08293	0.08857	0.03165	0.21183	0.0267
RFC5	0.00965	0.04356	0.01205	0.03406	0.02706
RFESD	0.00318	0.0049	0.00112	0.00858	0.02473
RFFL	0.00548	0.00662	0.00035	0.03137	0.03038
RFK	0.07419	0.09212	0.08197	0.0954	0.0917
RFNG	0.1061	0.32209	0.14927	0.05506	0.098
RFPL1S	0.0927	0.10861	0.1153	0.03736	0.09603
RFPL2	0.00353	0.00075	0.0017	0	0
RFPL3S	0.00699	0.00384	0.0067	0.00508	0.00041
RFPL4B	0	0.00117	0	0	0
RFT1	0.03746	0.04718	0.04858	0.13217	0.06197
RFTN1	0.38171	0.20759	0.13819	0.67485	0.19881
RFTN2	0.0074	0.00677	0	0	0
COP1	0.13864	0.18878	0.12802	0.15931	0.09333
RFWD3	0.12323	0.11413	0.14	0.39496	0.13869
RFX1	0.03235	0.0716	0.03365	0.10322	0.04045
RFX2	0.01083	0.01083	0.00153	0.00398	0
RFX3	0.02499	0.0226	0.0193	0.01168	0.04571
RFX5	0.16429	0.11838	0.11841	0.17836	0.11872
RFX7	0.08393	0.05577	0.06546	0.05977	0.07774
RFXANK	0.09234	0.14968	0.0686	0.27607	0.20688
RFXAP	0.0196	0.02692	0.0168	0.02164	0.01653
RTL5	0.00158	0.0451	0.0934	0	0.00032
RGCC	0.16793	0.00526	0.10923	0.20008	0.16049
RGL1	0.01771	0.06289	0.43978	0.00294	0.01314
RGL2	0.11601	0.15651	0.08733	0.1753	0.10743
RGL3	0.01386	0.09839	0.04823	0.00831	0.03516
RGL4	0.06881	0.00152	0	0.06783	0.00368
RGMB	0.01206	0.0245	0.00111	0.00069	0.00344
RGN	0.06993	0.82908	0.12192	0.01055	0.02558
RGP1	0.01572	0.00601	0.00335	0.05382	0.00326
RGPD3	0.00056	9e-05	0	0	0.00735
RGPD4	0.0057	0.00176	0	0.01074	0.00193
RGS1	0.97566	0.03669	0.4541	1.00283	1.00041
RGS10	0.43939	0.01744	0.39656	0.4597	0.1263
RGS12	0.01073	0.16342	0.12124	0.03947	0.00654
RGS13	0.02856	0.00097	0	0.07783	0.01255
RGS14	0.13254	0.15264	0.05838	0.11864	0.05656
RGS16	0.01501	0.05166	0.04919	0.18856	0.12885
RGS17	0	0.00891	0.04343	0.00609	0.00051
RGS18	0.00366	0.00278	0.0541	0.01813	0.00671
RGS19	0.09157	0.01932	0.05794	0.05588	0.02994
RGS2	0.69107	0.08979	1.19249	0.596	0.78924
RGS3	0.09108	0.04149	0.04424	0.06946	0.04211
RGS5	0.01511	0.02815	0.00341	0.00848	0.00463
RGS7BP	0	0.01102	0	0	0
RGS9	0.00102	0.01452	0	0	0
RGSL1	0.00029	0.00653	0	0	0.00058
RHBDD1	0.04642	0.09695	0.0703	0.15586	0.24968
RHBDD2	0.18601	0.24123	0.13248	0.20721	0.11332
RHBDD3	0.05535	0.07476	0.08244	0.02486	0.0542
RHBDF1	0.0098	0.02129	0.00333	0	0.02756
RHBDF2	0.07729	0.05353	0.15138	0.05161	0.17503
RHBDL1	0	0.00322	0	0	0
RHBDL2	0.0945	0.125	0.1209	0.05809	0.09965
RHBG	0.0284	0.2819	0.05667	0.03769	0.04442
RHCE	0.00803	0.00163	0	0	0
RHCG	0	0.00454	0	0	0
RHD	0.00354	0.0027	0.00495	0.00266	0.00212
RHEB	0.15165	0.37699	0.19814	0.12982	0.14255
RHEBL1	0.02918	0.00546	0.00208	0.03553	0.01417
RHNO1	0.03335	0.02567	0.0318	0.2272	0.06609
RHOA	0.68483	0.5375	0.81031	1.05493	0.44401
RHOB	0.08523	0.09451	0.31486	0.0278	0.1195
RHOBTB1	0.00839	0.11786	0.09847	0	0.00031
RHOBTB2	0.0157	0.02122	0.01233	0.05754	0.03821
RHOBTB3	0.18705	0.60021	0.38457	0.10984	0.17728
RHOC	0.49366	0.49817	0.34667	0.3108	0.09669
RHOD	0.00672	0.07009	0.01478	0.00333	0.01379
RHOF	0.22838	0.03485	0.02738	0.22759	0.10662
RHOG	0.31906	0.12549	0.3718	0.5007	0.13542
RHOH	0.17698	0.0086	0.00423	0.15881	0.13488
RHOJ	0.00602	0.01776	0.01042	0.01181	0.00987
RHOQ	0.12653	0.1889	0.32217	0.18998	0.28935
RHOT1	0.10332	0.12495	0.13488	0.19845	0.10635
RHOT2	0.11003	0.17253	0.14084	0.16431	0.09162
RHOU	0.04247	0.24185	0.17145	0.00132	0.00237
RHOV	0.01212	0.00217	0	0	0.00231
RHOXF1	0.00305	0.0056	0	0	0.00355
RHPN1	0.00959	0.0256	0.0144	0.00037	0.00103
RHPN1-AS1	0.00242	0.00258	0.00501	0.00204	0
RHPN2	0.01343	0.07333	0.01484	0.00073	0.01783
RIBC1	6e-04	0.00396	0.01496	0.02802	0
RIBC2	0.01091	0.00747	0.00013	0.11395	0.01579
RIC3	0.02439	0.03162	0.00328	0.04645	0.05844
RIC8A	0.13159	0.25911	0.15684	0.21953	0.15629
RIC8B	0.06682	0.05958	0.01781	0.1056	0.03105
RICTOR	0.1823	0.22628	0.06949	0.16956	0.20151
RIF1	0.33413	0.38947	0.39182	0.45996	0.3441
RIIAD1	0.00242	0.00668	0.00606	0	0
RILP	0.0198	0.08073	0.13551	0.00199	0.08975
RILPL1	0.01235	0.05278	0.07825	0.00205	0.01211
RILPL2	0.19424	0.03466	0.07097	0.1037	0.08959
RIMKLA	0.06752	0.12394	0.08319	0.04742	0.09054
RIMKLB	0.0202	0.0022	0.07209	0.00723	0.01445
RIMS2	0	0.02416	2e-04	0	0
RIMS3	0.01049	0.01534	0.01243	0	0
RIN1	0.00096	0.00156	0.01612	0	0
RIN2	0.00166	0.02242	0.1259	0.01099	0.00844
RIN3	0.162	0.04766	0.34354	0.2462	0.07278
RING1	0.16403	0.3543	0.12469	0.14173	0.15202
RINL	0.39597	0.18496	0.13172	0.27899	0.33365
RINT1	0.06027	0.07007	0.02357	0.05626	0.04094
RIOK1	0.13571	0.14254	0.16254	0.28456	0.13778
RIOK2	0.10195	0.11586	0.12298	0.13785	0.1062
RIOK3	0.51975	0.67698	0.65702	0.57871	0.66204
RIPK1	0.09204	0.10142	0.09033	0.12582	0.13035
RIPK2	0.05132	0.0655	0.16573	0.06773	0.07196
RIPK3	0.0793	0.00177	0.04505	0.18399	0.06452
RIPK4	0.01093	0.09354	0.00909	0.00108	9e-04
RIPPLY1	0	0.00818	0	0	0
RIPPLY2	0.00107	0.00642	0.0021	0.00642	0
RIPPLY3	0.20564	0.26257	0.2326	0.14231	0.27131
RIT1	0.04071	0.07006	0.11292	0.02572	0.04357
RITA1	0.03315	0.16061	0.07218	0.05659	0.02676
RLF	0.1269	0.08065	0.10725	0.13299	0.1296
RLIM	0.20052	0.15291	0.20518	0.13926	0.12464
RMDN1	0.1424	0.25969	0.12254	0.28103	0.11656
RMDN2	0.00716	0.05361	0.02271	0.00844	0.01415
RMDN3	0.04868	0.11065	0.06452	0.07318	0.06383
RMI1	0.01291	0.04204	0.02868	0.18266	0.03091
RMI2	0.02112	0.01308	0.00207	0.05401	0
RMND1	0.06524	0.12499	0.07334	0.06042	0.0517
RMND5A	0.17403	0.37823	0.25237	0.09209	0.11703
RMND5B	0.04819	0.08216	0.04201	0.10977	0.05016
RMRP	0.1713	0.17792	0.12848	0.1911	0.23237
RNASE1	0.04352	0.16961	2.20324	0.08059	0.06407
RNASE2	0.00575	0.00223	0.00596	0.00399	0
RNASE4	0.02848	0.21024	0.04033	0.01643	0.02592
RNASE6	0.02363	0.01496	0.4425	0.11609	0.37046
RNASEH1	0.11692	0.13212	0.12212	0.13207	0.1141
RNASEH1-AS1	0.00949	0.01966	0.00299	0	0.01545
RNASEH2A	0.04466	0.05329	0.06608	0.27635	0.04959
RNASEH2B	0.14957	0.06516	0.0816	0.46853	0.13381
RNASEH2C	0.15575	0.17339	0.1246	0.57659	0.30326
RNASEK	0	0.00059	0.00761	0.00124	0.01498
RNASEL	0.0818	0.02732	0.03928	0.00437	0.04144
RNASET2	0.34521	0.1883	1.01915	0.16888	0.48519
RND1	0.0047	0.02463	0.00479	0	0.00121
RND2	0.16693	0.28732	0.25621	0.07648	0.14684
RND3	0.01189	0.11178	0.08434	0.00261	0.00821
RNF10	0.24165	0.33163	0.21834	0.36988	0.20918
RNF103	0.05895	0.13778	0.07535	0.01778	0.07154
RNF103-CHMP3	0.00258	0.01313	0.00331	0	0.00109
RNF11	0.08364	0.18401	0.1144	0.06238	0.12362
RNF111	0.23472	0.14151	0.23412	0.33789	0.14236
RNF112	0	0.00165	0	0	0
RNF113A	0.1411	0.048	0.03469	0.12827	0.14945
RNF114	0.12083	0.19042	0.13822	0.17038	0.17186
RNF115	0.14626	0.1541	0.18588	0.30967	0.11191
RNF121	0.04006	0.079	0.04656	0.01689	0.02388
RNF122	0.00371	0.00176	0	0.00028	0.01482
RNF123	0.06615	0.1697	0.10885	0.09425	0.11727
RNF125	0.32175	0.11079	0.18293	0.19371	0.13068
RNF126	0.05894	0.06287	0.06109	0.12351	0.07751
RNF128	0.04254	0.27067	0.07657	0.01019	0.0032
RNF13	0.119	0.23123	0.46184	0.12887	0.26585
RNF130	0.05876	0.14885	0.39041	0.00413	0.0183
RNF135	0.05047	0.0047	0.19895	0.04296	0.0399
RNF138	0.08527	0.03756	0.03536	0.09606	0.04292
RNF138P1	0.01931	0.03513	0.00949	0.04735	0.00963
RNF139	0.07561	0.06623	0.05086	0.04883	0.06096
RNF139-AS1	0.07608	0.0709	0.05999	0.06242	0.08641
RNF14	0.30761	0.366	0.34948	0.24033	0.32231
RNF141	0.19262	0.33971	0.2931	0.18916	0.25117
RNF144A	0.00163	0.02047	0.00832	0.00222	0.0041
RNF144A-AS1	0.00238	0.00191	0.00306	0.02196	0.00089
RNF144B	0.01978	0.0356	0.19074	0.02883	0.00519
RNF145	0.31297	0.14551	0.26152	0.40348	0.22993
RNF146	0.04487	0.08084	0.05519	0.08016	0.03059
RNF149	0.18425	0.1451	0.16756	0.18967	0.24129
RNF152	0	0.01732	0.00306	0	0
RNF157	0.46313	0.37329	0.3491	0.40068	0.41708
RNF157-AS1	0	0.00612	0	0	0
RNF165	0	0.00878	0	0	0.00563
RNF166	0.06801	0.0184	0.03564	0.06116	0.03932
RNF167	0.217	0.17791	0.12469	0.33021	0.17352
RNF168	0.20207	0.26397	0.2608	0.473	0.16591
RNF169	0.19991	0.15262	0.145	0.33059	0.09593
RNF17	0	0.00967	0.00283	0	0
RNF170	0.17699	0.21956	0.14337	0.10325	0.15675
RNF180	0.01899	0.04502	0.01457	0.0046	0.012
RNF181	0.24848	0.58	0.34168	0.60845	0.44876
RNF185	0.07754	0.1073	0.0782	0.08867	0.02501
RNF187	0.42695	0.76853	0.58626	0.47073	0.23741
RNF19A	0.76757	0.34489	0.31944	0.74965	0.35129
RNF19B	0.04214	0.05323	0.08285	0.07698	0.02149
RNF2	0.05936	0.04254	0.0429	0.0613	0.05183
RNF20	0.13407	0.2112	0.18741	0.27134	0.14035
RNF207	0.01197	0.07051	0.03255	0.00647	0.02231
RNF208	0.00514	0.01421	0.01335	0.00034	0.00198
RNF212	0.0012	0.00154	0	0	0
RNF213	2.41083	1.27523	1.46885	1.97873	1.7287
RNF214	0.11264	0.12282	0.11899	0.10169	0.12641
RNF215	0.00372	0.00239	0.0086	0	0.00027
RNF216	0.3854	0.40525	0.36461	0.39876	0.28895
RNF216P1	0.1266	0.12919	0.07551	0.11587	0.06428
RNF217	0.05471	0.26325	0.14426	0.02028	0.01749
RNF219	0.17202	0.05777	0.09472	0.25532	0.06219
RNF220	0.15539	0.13522	0.11539	0.19159	0.16902
RNF222	0.14444	0.21096	0.17462	0.08987	0.15809
RNF24	0.05209	0.05377	0.06844	0.02043	0.04879
RNF25	0.01728	0.00824	0.0174	0.01679	0.00851
RNF26	0.11944	0.27346	0.11009	0.19404	0.04784
RNF31	0.12945	0.13212	0.12172	0.25959	0.14184
RNF32	0.00059	0.01667	0.00467	0.00768	0.01126
RNF34	0.12272	0.1087	0.10654	0.2608	0.14314
RNF38	0.1017	0.06537	0.03798	0.20282	0.10147
RNF39	0	0.00186	0.00093	0.00026	0.00016
RNF4	0.17187	0.12623	0.10878	0.54581	0.084
RNF40	0.17985	0.26122	0.15818	0.23586	0.1244
RNF41	0.55781	0.6516	0.5582	0.42066	0.6181
RNF43	0.02639	0.131	0.00776	0.06352	0.0081
RNF44	0.09315	0.0631	0.04078	0.05138	0.03114
RNF5P1	0.00639	0.01304	0.00969	0.0266	0.0022
RNF6	0.11519	0.07884	0.08566	0.15555	0.14563
RNF7	0.19424	0.2323	0.17919	0.27963	0.17792
RNF8	0.08227	0.13655	0.07212	0.25499	0.11049
RNFT1	0.01166	0.02846	0.03804	0.01884	0.01054
RNFT2	0.00065	0.01774	0.0084	0.06294	0.03175
RNGTT	0.14446	0.11169	0.10106	0.31363	0.16788
RNH1	0.13515	0.28402	0.37726	0.36429	0.14659
RNLS	0.01907	0.02097	0.03408	0	0.00742
RNMT	0.24624	0.26358	0.25207	0.38443	0.18619
RNPC3	0.20426	0.28198	0.15405	0.15903	0.13813
RNPEP	0.04153	0.11502	0.15802	0.12886	0.07734
RNPEPL1	0.36776	0.23814	0.29139	0.47627	0.32355
RNPS1	0.38525	0.28055	0.30291	0.82345	0.29443
AL360012.1	0.03991	0.01179	0.02953	0.00957	0.01961
Z93241.1	0.0398	0.00538	0.02811	0.04271	0.05078
RNU4ATAC	1.04545	0.67608	0.85466	0.80917	1.31369
RNU6-2	0.02229	0.01627	0.0153	0.02843	0.03675
RNU6ATAC	0.01369	0.0026	0.00819	0.00076	0.00713
ROBO1	0.04203	0.28587	0.15522	0.01307	0.02157
ROBO3	0.01276	0.00836	0.03319	0.00159	0
ROBO4	0	0.00351	0	0	0.002
ROCK1	0.86867	0.5119	0.67566	1.12448	0.60166
ROCK1P1	0	0.00862	0.00281	0.00048	0.00197
ROCK2	0.46085	0.75167	0.42087	0.49371	0.3838
ROGDI	0.04523	0.0607	0.10023	0.12101	0.02345
ROM1	0	0.01533	0.00581	0	0
ROMO1	0.60694	0.62395	0.355	0.94633	0.63831
ROPN1L	0	0.00223	0	0	0
ROPN1L-AS1	0.0144	0.01867	0.01179	0.0057	0.01155
ROR1	0.00793	0.0083	0.00297	0	0
RORA	0.38787	0.21823	0.03335	0.24552	0.1361
RORC	0.01894	0.11523	0.0236	0.00217	0.0089
RP2	0.01434	0.14633	0.05316	0.04118	0.01295
RP9	0.08415	0.08114	0.06039	0.17408	0.03602
RP9P	0.01768	0.07884	0.09784	0.01416	0.02018
RPA1	0.11491	0.1163	0.0316	0.3342	0.08331
RPA2	0.23508	0.08581	0.09596	0.2372	0.1655
RPA3	0.13634	0.16033	0.06417	0.59671	0.10741
RPA4	0.02138	0.01505	0.02291	0.00361	0.00245
RPAIN	0.07534	0.04405	0.05461	0.12549	0.04888
RPAP1	0.05182	0.07037	0.05284	0.10361	0.02465
RPAP2	0.13255	0.11394	0.0731	0.12646	0.07948
RPAP3	0.19234	0.24775	0.20599	0.38777	0.2285
RPE	0.05402	0.06423	0.10559	0.07897	0.00374
RPEL1	0.00256	0.0022	0.00039	0.00074	0.00189
RPF1	0.14654	0.12473	0.08899	0.24508	0.11154
RPF2	0.1213	0.30477	0.16872	0.17905	0.07542
RPGR	0.12419	0.09755	0.07311	0.10482	0.06599
RPGRIP1	0	0.00334	0.00978	0	0
RPGRIP1L	0.05387	0.06735	0.06602	0.05899	0.0616
RPH3A	0.00012	0.00493	0.00903	0.00043	0.00215
RPH3AL	0.00281	0.0203	0.02952	0.01109	0.00224
RPIA	0.05952	0.03124	0.05022	0.12334	0.04105
RPL10	3.15236	1.56097	1.84232	3.27869	3.51969
RPL10A	1.53053	0.79661	0.63211	1.71136	1.46193
RPL10L	0.00642	0.00937	0.00483	0.00117	0.00056
RPL11	2.39366	1.5046	1.68276	2.54447	2.28254
RPL12	2.69332	1.01603	1.51749	3.01009	2.53929
RPL13	3.36176	1.94421	2.55958	3.58797	3.46067
RPL13A	0.94668	0.35337	0.27815	0.98228	0.81106
RPL13AP20	0.68672	0.19594	0.29442	0.70181	0.71097
RPL13AP3	0.01482	0.00358	0.0036	0.01831	0.01571
RPL13AP6	0.0369	0.00318	0.01447	0.01628	0.01486
RPL13P5	0.01259	0.00859	0.01702	0.08426	0.00353
RPL14	1.50591	0.87526	0.88661	1.8077	1.45262
RPL15	1.87778	0.96973	0.93006	1.7343	1.64127
RPL17	0.62057	0.2818	0.34315	0.54677	0.57515
RPL18	2.41921	1.20621	1.50268	2.53159	2.43326
RPL18A	3.13733	1.25086	1.46426	3.29791	3.45346
RPL19	2.57242	1.36972	1.45116	2.72265	2.4427
AC007683.1	0.01378	0.04137	0.00358	0.01883	0.00853
RPL21P44	0.04147	0.02523	0.02937	0.00759	0.03948
RPL22	1.42733	0.9263	1.14363	1.67012	1.27759
RPL22L1	0.26445	0.26153	0.15559	0.35408	0.44286
RPL23	1.74551	0.95079	1.19697	1.93639	1.46366
RPL23A	1.91848	0.74881	0.82214	1.91586	1.73056
RPL23AP32	0.04021	0.03057	0.0142	0.01748	0.03134
RPL23AP53	0.01562	0.03834	0.0479	0.01724	0.0179
RPL23AP64	0.02636	0.01123	0.01018	0.01793	0.02871
RPL23AP7	0.02074	0.03667	0.04513	0.00191	0.00671
RPL23AP82	0.01702	0.037	0.0534	0.01659	0.00533
RPL23P8	2e-04	0.00019	0	0.00029	0.00162
RPL24	1.36707	0.65599	0.67143	1.60425	1.38907
RPL26	2.09806	0.76492	1.25403	2.30364	1.90069
RPL26L1	0.10032	0.14869	0.14967	0.32417	0.19064
RPL27	1.52474	0.93777	1.13199	1.77571	1.46348
RPL27A	2.23256	1.45422	1.77978	2.42258	2.51587
RPL28	1.41087	0.54918	0.67613	1.36338	1.0563
RPL29	1.302	0.82261	0.82851	1.56494	1.55358
RPL29P2	0	0.00251	0.00116	0.0018	0
RPL3	2.30844	1.49871	1.6529	2.67054	2.58779
RPL30	1.61481	0.9578	0.82576	1.60665	1.3422
RPL31	2.11436	0.9462	1.08104	1.95921	1.67893
RPL31P11	0.00128	0.00397	0	0.00126	0.002
RPL32	2.28577	1.13308	1.31023	2.29054	2.00031
RPL32P3	0.07667	0.07285	0.0365	0.10355	0.08736
RPL34	2.5787	0.96424	1.59617	2.44075	2.46875
RPL34-AS1	0.00617	0.00247	0.00062	0.00826	0.00431
RPL35	2.37063	1.27545	1.93254	3.23386	2.77469
RPL35A	2.08062	1.11252	0.98101	2.00753	1.9608
RPL36	1.41946	0.56749	0.90716	1.53956	1.36008
RPL36A	0.65689	0.38041	0.36208	0.59737	0.53119
RPL36AL	0.93073	0.64155	0.64316	1.41232	1.57453
RPL37	2.13341	1.53669	1.31489	2.32044	2.09059
RPL37A	2.26692	1.2799	1.31129	2.40638	2.37425
RPL38	1.37495	0.71014	0.94638	1.48539	1.16702
RPL39	1.96724	1.05627	1.08028	1.61393	1.70649
RPL39L	0.04879	0.06625	0.01845	0.24543	0.03995
RPL3L	0	0.00186	0	0	0
RPL4	2.00422	1.29617	1.46248	2.31319	1.99171
RPL41	3.4971	2.14016	2.02181	3.31806	3.37163
RPL5	1.67944	1.13786	1.12882	1.86839	2.01252
RPL6	2.82383	1.78559	1.80781	2.71561	2.71841
RPL7	2.00353	1.2995	1.22706	2.52735	2.10477
RPL7A	1.47829	0.71076	0.95384	1.58152	1.62767
RPL7L1	0.36099	0.51781	0.36401	0.41244	0.34245
RPL8	2.48282	1.62228	1.85871	3.0254	2.9195
RPL9	2.04867	1.67819	1.56487	2.09215	2.16805
RPLP0	1.65015	1.53203	1.27153	2.56266	2.45479
RPLP0P2	0.14871	0.14451	0.12776	0.23374	0.27061
RPLP1	3.20849	1.92859	2.36905	3.61957	3.62365
RPLP2	3.24706	2.07118	2.38869	3.30302	2.91455
RPN1	0.20546	0.52117	0.38691	0.51027	0.53229
RPN2	0.65117	1.21605	0.84854	1.0495	1.49337
RPP14	0.48204	0.65055	0.7198	0.45649	0.53353
RPP21	0.00066	0.00078	0	3e-04	0.00148
RPP25	0.01225	0.04181	0.06557	0.0148	0.03609
RPP25L	0.05745	0.04712	0.02353	0.09421	0.06139
RPP30	0.117	0.12067	0.11642	0.28161	0.07661
RPP38	0.09952	0.10038	0.0462	0.12585	0.11126
RPP40	0.01423	0.05707	0.01096	0.03186	0
AL355075.4	0.11997	0.07809	0.23884	0.35367	0.39041
RPRD1A	0.06489	0.13641	0.07887	0.09281	0.08107
RPRD1B	0.07687	0.15853	0.12622	0.11846	0.06604
RPRD2	0.16565	0.1924	0.11538	0.24773	0.24687
RPS10	0.84479	0.45445	0.51155	1.13021	0.99842
RPS10P7	0.0145	0.02116	0.01059	0.03968	0.03582
RPS11	3.67612	1.85393	2.12933	3.60366	3.69728
RPS12	2.87969	1.89703	2.09943	2.93372	2.70307
RPS13	1.74188	1.06036	0.97785	2.04822	1.69125
RPS14	2.78679	1.53595	1.52418	2.70323	2.71146
AL031727.1	0.38727	0.15736	0.18165	0.34776	0.38136
RPS15	2.97018	1.16602	1.19137	3.17706	2.91962
RPS15A	2.2788	0.90804	0.827	2.11136	1.8789
RPS15AP10	0.11586	0.1455	0.11692	0.07099	0.11456
RPS16	1.60846	0.95261	0.8947	1.93845	1.61527
RPS16P5	0.03912	0.02032	0.05846	0.04354	0.03535
RPS18	2.33196	1.21506	1.13587	2.38225	2.09204
RPS18P9	0.3942	0.18906	0.19273	0.40424	0.40542
RPS19	3.43554	1.8351	1.96541	3.66687	3.28613
RPS19BP1	0.39382	0.33459	0.30429	0.55793	0.57943
RPS2	2.29345	0.97699	1.20938	2.48411	1.86668
RPS20	1.91592	1.01565	1.21492	2.18442	1.79817
RPS21	1.6074	0.93975	0.90428	1.95946	1.41595
RPS23	2.22245	1.25684	1.27724	2.30711	1.9765
RPS24	2.47074	1.26348	1.67459	2.66057	2.20838
RPS25	1.80373	1.07981	1.13372	1.77484	1.62509
RPS26	0.30501	0.23739	0.17309	0.44494	0.35937
RPS26P11	0.00226	0.00099	0	0	0.00152
RPS27	4.35862	2.08794	2.03419	3.73855	3.73718
RPS27A	2.84464	1.3996	1.52282	2.59382	2.26456
RPS27L	0.38048	0.37543	0.47436	0.78213	0.59573
RPS28	2.59967	1.63755	1.92662	2.92105	2.90388
RPS29	1.84361	0.6445	0.72222	1.6333	1.45417
RPS2P32	0.00165	0.00769	0.00859	0.00858	0.00642
RPS3	1.75892	0.75533	0.79993	2.03379	1.45972
RPS3A	2.45927	1.19707	1.54908	2.81304	2.53864
RPS4X	2.74367	1.4769	1.361	2.79973	2.9458
RPS4Y1	0.24102	0.3113	0.2731	0.07944	0.00109
RPS5	1.68896	1.23728	0.8161	2.40243	2.04082
RPS6	2.44551	0.93727	1.45871	2.60695	2.24134
RPS6KA1	0.21374	0.08143	0.14973	0.23773	0.09681
RPS6KA2	0.0038	0.02103	0.05249	0	0.03542
RPS6KA3	0.66794	0.64194	0.43664	0.57528	0.2659
RPS6KA4	0.04782	0.04312	0.0842	0.08835	0.00697
RPS6KA5	0.21524	0.11342	0.19287	0.13863	0.21852
RPS6KA6	0.32731	0.39502	0.3257	0.32095	0.37349
RPS6KB1	0.17754	0.16287	0.08762	0.2547	0.17743
RPS6KB2	0.13809	0.19385	0.15824	0.12844	0.26705
RPS6KC1	0.03366	0.09872	0.05178	0.06043	0.01395
RPS6KL1	0.00892	0.02805	0.03911	0.00775	0.03716
RPS7	1.26973	0.86733	0.68037	1.61007	1.21081
RPS8	2.6966	1.71627	2.06811	3.31279	3.33653
RPS9	1.81845	0.84532	1.16441	2.1228	1.89347
RPSA	1.52781	0.72737	0.70832	2.19425	1.23242
RPSAP52	0.00216	0.00988	0.00244	0.00293	0.00885
RPSAP9	0.50518	0.20618	0.25829	0.67273	0.3757
RPTOR	0.02653	0.04883	0.03232	0.01022	0.01601
RPUSD1	0.04454	0.03835	0.05095	0.16446	0.12849
RPUSD2	0.0345	0.02932	0.01146	0.00922	0.02114
RPUSD3	0.04547	0.11211	0.03819	0.14502	0.07399
RPUSD4	0.06661	0.11393	0.03419	0.07333	0.05146
RRAD	0.01727	0.01091	0.04855	0	0.00069
RRAGA	0.1117	0.08062	0.03166	0.13141	0.04951
RRAGB	0.04466	0.05359	0.04507	0.06422	0.06414
RRAGC	0.18002	0.25793	0.25774	0.21886	0.10057
RRAGD	0.04437	0.19734	0.16877	0.01211	0.02635
RRAS	0.04747	0.12936	0.12059	0.00448	0.0271
RRAS2	0.08231	0.14246	0.06305	0.07971	0.07764
RRBP1	0.41356	0.95404	0.63529	0.78848	1.83941
RREB1	0.08134	0.16674	0.16981	0.03001	0.06406
RRM1	0.13946	0.14977	0.11782	0.75268	0.104
RRM2	0.03188	0.06345	0.01319	0.81004	0.00973
RRM2B	0.04475	0.08222	0.16027	0.04303	0.01716
RRN3	0.13171	0.0886	0.08268	0.10837	0.05353
RRN3P1	0.01887	0.00966	0.02843	0.00215	0.00639
RRN3P2	0.0296	0.00387	0.03742	0.06461	0.01765
RRN3P3	0.13497	0.15094	0.1699	0.0557	0.10142
RRNAD1	0.03089	0.08916	0.06259	0.06196	0.0275
RRP1	0.04185	0.08671	0.06215	0.18047	0.07745
RRP12	0.03721	0.10193	0.03794	0.09723	0.06202
RRP15	0.11678	0.16728	0.08599	0.12368	0.08634
RRP1B	0.17381	0.18021	0.1452	0.45192	0.19107
RRP36	0.09235	0.12724	0.04604	0.20483	0.17002
RRP7A	0.36996	0.3968	0.32818	0.73035	0.26908
RRP8	0.13922	0.08741	0.05634	0.10392	0.02667
RRP9	0.05619	0.06508	0.04119	0.10295	0.02192
RRS1	0.03152	0.05098	0.04632	0.02613	0.0536
RSAD1	0.11026	0.21921	0.06254	0.01936	0.07041
RSAD2	0.1637	0.18147	0.21773	0.06717	0.1371
RSBN1	0.37946	0.11672	0.15027	0.31813	0.23316
RSBN1L	0.27791	0.14905	0.20365	0.41718	0.36502
RSC1A1	0.02198	0.03169	0.01749	0.01776	0.00508
RSF1	0.49493	0.37331	0.34899	0.66981	0.66308
CPLANE2	0	0.00357	0.00229	0	0
RSL1D1	0.54027	0.54545	0.70296	0.75592	0.63531
RSL24D1	0.11665	0.13885	0.10601	0.20646	0.19337
RSPH1	0.00162	0.00772	0.00502	0.00175	0.01136
RSPH3	0.28922	0.35703	0.29279	0.18459	0.23757
RSPH4A	0.00258	0.00175	0.0017	0.00164	0.03302
RSPRY1	0.12075	0.21357	0.15749	0.22747	0.15993
RSRC1	0.24631	0.23607	0.30595	0.53541	0.30145
RSRC2	0.70383	0.49195	0.57692	1.3937	0.77711
RSU1	0.16599	0.19922	0.20631	0.26725	0.14408
RTBDN	0.00159	0.00667	0.0069	0.00094	0.00813
RTCA	0.14875	0.13641	0.07171	0.09853	0.09313
RTCB	0.08854	0.20943	0.18313	0.31838	0.17004
RTEL1	0.02087	0.04355	0.03538	0.10051	0.02946
RTF1	0.575	0.54364	0.53375	0.944	0.71733
RTF2	0.36012	0.48658	0.42851	0.61362	0.38205
RTKN	0.05642	0.19814	0.05616	0.00108	0.00219
RTKN2	0.05615	0.01721	0.00671	0.10988	0.01154
RTN1	0.00635	0.0054	0.04634	0	0
RTN2	0	0.01431	0.04281	0	0.0032
RTN3	0.19005	0.48806	0.40123	0.35356	0.28747
RTN4	0.5038	0.94912	1.14925	0.61534	0.2272
RTN4IP1	0.01014	0.04825	0.00535	0.05037	0.01344
RTN4R	0.00569	0.01827	0.01682	0	0
RTN4RL1	0.00263	0.01256	0.00616	0	3e-04
RTN4RL2	0.0435	0.14868	0.0341	0.01881	0.00724
RTP3	0.02187	0.13657	0.04821	0.00206	0.0086
RTP4	0.01237	0.02302	0.01081	0.03148	0.01956
RTTN	0.03181	0.02663	0.01206	0.0534	0.0067
RUFY1	0.14901	0.15212	0.18389	0.24649	0.09954
RUFY2	0.1335	0.13656	0.09177	0.03072	0.09707
RUFY3	0.15022	0.2704	0.38314	0.18148	0.11018
RUFY4	0.00198	0.00081	0.01068	0.00521	0.0217
RUNDC1	0.30056	0.29828	0.26319	0.26191	0.31237
RUNDC3B	0.003	0.0382	0.0036	3e-04	0
RUNX1	0.12848	0.03281	0.19422	0.2272	0.1742
RUNX1T1	0.00891	0.0096	0.00502	0.00535	0.00954
RUNX2	0.04634	0.00081	0.01005	0.01904	0.02686
RUNX3	0.77071	0.0263	0.09084	0.77722	0.3484
RUSC1	0.07997	0.16114	0.14923	0.08455	0.01417
RUSC1-AS1	0.00377	0.00189	0.00191	0.00039	0.00143
RUSC2	0.01017	0.0149	0.00429	0	0
RUVBL1	0.07345	0.06466	0.04664	0.15096	0.04511
RUVBL2	0.09077	0.13349	0.08112	0.33456	0.13216
RWDD1	0.21077	0.21373	0.14815	0.23083	0.22889
RWDD2A	0.00226	0.04173	0.00836	0.00516	0.04406
RWDD2B	0.13375	0.10453	0.08461	0.11889	0.11317
RWDD3	0.03905	0.08965	0.06031	0.02083	0.04386
RWDD4	0.06763	0.06813	0.10023	0.14751	0.1313
RXRA	0.10848	0.40343	0.28717	0.12944	0.06979
RXRB	0.08982	0.13758	0.11579	0.12223	0.08185
RYBP	0.09716	0.15107	0.12198	0.22028	0.31871
RYK	0.09392	0.11129	0.05738	0.01564	0.02561
RYR1	0.01487	0.00101	0.00831	0.01132	0.00349
RYR2	0.00064	0.00571	0.00116	0	0
RYR3	0	0.00617	0	0	0
S100A1	0.00681	0.01137	0.00704	0	0
S100A10	0.53713	0.49188	0.60929	0.69494	0.10425
S100A11	0.2864	0.03558	0.37602	0.22274	0.1627
S100A13	0.01547	0.15087	0.07109	0.03057	0.01114
S100A14	0.02676	0.07701	0.06237	0.01946	0.00057
S100A16	0.12456	0.31251	0.17948	0.00277	0.02142
S100A4	0.88713	0.03947	0.39544	0.86028	0.21758
S100A6	0.74321	0.09934	0.44635	0.68509	0.26292
S100A8	4e-04	0.01543	0.03605	0.00979	0.00199
S100A9	0.01565	0.05567	0.29473	0.12225	0.00445
S100B	0.00097	0.00347	0.08539	0.06691	0.0019
S100P	0	0.02869	0.00391	0.01919	0
S100PBP	0.24262	0.09116	0.10918	0.25398	0.17515
S1PR1	0.00281	0.02551	0	0.04451	0
S1PR2	0.02848	0.05044	0.08408	0.06829	0.06098
S1PR3	0.03225	0.04893	0.02794	0.01546	0.04413
S1PR4	0.07992	0.0028	0.00042	0.25579	0.09605
SAA1	0.03712	0.19874	0.08465	0.00608	0.00955
SAA2	0.03159	0.08694	0.06491	0.02078	0.01767
SAA4	0	0.00198	0	0	0
SAAL1	0.02005	0.03668	0.03824	0.10405	0.01122
SAC3D1	0.02128	0.10845	0.05556	0.16575	0.01905
SACM1L	0.25233	0.13897	0.10108	0.20274	0.11206
SACS	0.0968	0.06887	0.02554	0.18195	0.08799
SAE1	0.17048	0.17003	0.09097	0.50955	0.07123
SAFB	0.32193	0.23225	0.2279	0.53281	0.27922
SAFB2	0.33241	0.27903	0.26778	0.5244	0.38099
SAGE1	0	0.02912	0.03276	0.00295	0
SALL1	0.01209	0.11379	0.03273	0.00833	0.00236
SALL2	0.00082	0.01985	0.00774	0.00044	0
SALL4	0.02146	0.04761	0.00682	0.00154	0.00051
SAMD1	0.05573	0.08335	0.10563	0.10545	0.04202
SAMD10	0.14728	0.0787	0.05382	0.06879	0.09466
SAMD11	0	0.00168	0	0.00164	0
SAMD12	0.01805	0.02107	0.01508	0.01963	0.07215
SAMD13	0.00075	0.00232	0.00477	0	0
SAMD15	0.00076	0.01043	0.00173	0.00534	0.01285
SAMD3	0.20581	0.00431	0.00158	0.09492	0.02908
SAMD4A	0.00793	0.06611	0.14349	0.00648	0.02959
SAMD4B	0.05448	0.12578	0.12813	0.06754	0.10884
SAMD5	0.05877	0.08362	0.09138	0.02245	0.03565
SAMD7	0.00552	0.00509	0.00657	0.00413	0.00537
SAMD8	0.24577	0.22283	0.21038	0.1748	0.28929
SAMD9	0.43826	0.05281	0.18817	0.39287	0.2751
SAMD9L	0.48614	0.04262	0.35011	0.80486	0.73349
SAMHD1	0.34153	0.08144	0.59428	0.42672	0.15923
SAMM50	0.0935	0.22985	0.0828	0.44105	0.23394
SAMSN1	0.38771	0.02338	0.42308	0.12355	0.15319
SAP130	0.05422	0.10594	0.06409	0.15706	0.09808
SAP18	0.44544	0.42192	0.31017	0.65997	0.42283
SAP25	0.12446	0.06544	0.09586	0.03872	0.04796
SAP30	0.02217	0.01263	0.01633	0.06368	0.02783
SAP30BP	0.2973	0.20286	0.317	0.69487	0.43872
SAP30L	0.10511	0.15472	0.05375	0.0932	0.07109
SAP30L-AS1	0.00035	0.00293	0.00558	0.01203	0
SAPCD1-AS1	0.01158	0.02425	0.0168	0.00196	0.00715
SAPCD2	0.02974	0.01397	0.01724	0.45152	0.01008
SAR1A	0.24785	0.29669	0.27272	0.48291	0.38882
SAR1B	0.21152	0.57752	0.21762	0.18186	0.44208
SARDH	0.04808	0.10999	0.03902	0.05826	0.00764
SARM1	0.05682	0.07735	0.04449	0.04895	0.02846
SARNP	0.31566	0.20049	0.31546	0.63778	0.23169
SARS	0.38682	0.50994	0.43432	0.6059	0.64775
SARS2	0.02934	0.09694	0.07214	0.10282	0.05685
SART1	0.047	0.05245	0.02214	0.1005	0.0624
SART3	0.19813	0.20529	0.18864	0.3421	0.11602
SASH1	0.00669	0.06983	0.33484	0.00057	0.00322
SASH3	0.44542	0.01765	0.14306	0.57536	0.22758
SASS6	0.08549	0.06686	0.04202	0.30151	0.06653
SAT1	1.14452	0.66554	2.29949	1.44531	1.48217
SAT2	0.18209	0.7268	0.39239	0.14892	0.30712
SATB1	0.11606	0.0223	0.07472	0.07013	0.03351
SATB2	0.01366	0.05484	0.0068	0.00077	0.00657
SAV1	0.02421	0.08737	0.0756	0.02087	0.0414
SAYSD1	0.03603	0.04792	0.00495	0.08529	0.02191
SBDS	0.18967	0.13221	0.13781	0.11562	0.27174
SBDSP1	0.08343	0.05048	0.02022	0.05193	0.06998
SBF1	0.08181	0.05197	0.02154	0.12066	0.04131
SBF2	0.0247	0.12549	0.09671	0.00915	0.02169
SBF2-AS1	0.02059	0.04024	0.01409	0.00482	0.01739
SBK1	0.02304	0.01717	0.01982	0.03324	0.00966
SBNO1	0.58872	0.46774	0.48431	0.74025	0.33284
SBNO2	0.06161	0.02906	0.03462	0.10302	0.06034
SBSPON	0.00161	0.01234	0.00233	0.00196	0.01131
SC5D	0.13585	0.48408	0.15095	0.02528	0.04705
SCAF1	0.01574	0.02033	0.05046	0.00362	0.01156
SCAF11	0.94853	0.9048	1.17125	1.20874	0.99154
SCAF4	0.09325	0.08019	0.08027	0.25641	0.11882
SCAF8	0.2242	0.17316	0.16182	0.19176	0.20462
SCAI	0.17952	0.12207	0.15469	0.10515	0.15695
SCAMP1	0.19485	0.23317	0.22226	0.16642	0.20824
SCAMP2	0.1942	0.20969	0.28972	0.45894	0.2943
SCAMP3	0.25041	0.4603	0.31506	0.27312	0.25088
SCAMP4	0.013	0.03728	0.03691	0.00656	0.00881
SCAMP5	0.0184	0.06183	0.03843	0.09083	0.14462
SCAND1	0.45733	0.39125	0.38094	0.70335	0.67231
SCAND2P	0.05783	0.11238	0.12021	0.07892	0.06997
SCAP	0.08367	0.1233	0.05099	0.0506	0.09834
SCAPER	0.40211	0.30806	0.34726	0.57082	0.36195
SCARA3	0.00633	0.04089	0.01245	0.00085	0.00638
SCARB1	0.09165	0.56257	0.25727	0.0611	0.02493
SCARB2	0.10482	0.42926	0.47229	0.09323	0.21574
SCARF1	0.00619	0.01332	0.04342	0.00132	0.00038
SCARF2	0.00227	0.00899	0.0095	0	0.01561
SCARNA1	0.00472	0.01191	0.01079	0.02876	0.00694
SCARNA10	0.01332	0.008	0.01777	0.00232	0.0205
SCARNA12	0	0.00397	0	0.01975	0.00956
RF00426	0.07788	0.02764	0.02148	0.07219	0.05229
RF00424	0.00037	0.00112	0.00814	0.02395	0.00995
SCARNA17	0.27168	0.22855	0.11058	0.19299	0.20472
AL356488.2	0.0179	0.02328	0.00367	0.02513	0.04153
RF00602	0.04238	0.00227	0.00925	0.01967	0.00027
SCARNA22	0.22856	0.06488	0.09491	0.66701	0.20446
SCARNA5	0.04183	0.02802	0.01551	0.10926	0.04456
SCARNA6	0.00726	0.00221	0	0	0
SCARNA7	0.0634	0.07414	0.03014	0.0289	0.12242
SCARNA9	0.1151	0.2003	0.29228	0.09665	0.09163
SCCPDH	0.11362	0.47201	0.19516	0.19259	0.05852
SCD	0.71738	2.28827	1.3324	0.41577	0.09915
SCD5	0.03574	0.00854	0.00183	0.03884	0.02778
SCFD1	0.16539	0.17702	0.13102	0.2019	0.38622
SCFD2	0.04491	0.04348	0.04136	0.07994	0.05175
SCG3	0.00281	0.00193	0	0.00426	0.00041
SCG5	0.00254	0.04756	0.01325	0.00571	0.00792
SCGB1B2P	0.01134	0.01992	0.01283	0.00299	0.00461
SCGB1D2	0	0.01352	0.00426	0	0
SCGB2A1	0.00142	0.01483	0.01522	0	0
SCGB2B2	0.00093	0.00385	0.00371	0.00539	6e-04
SCGN	0.00308	0.03192	0.01135	0	0
SCIMP	0.0821	0.09764	0.31728	0.10177	0.26826
SCIN	0.03741	0.05003	0.05142	0.03444	0.03614
SCLT1	0.20776	0.0488	0.19048	0.57139	0.19745
SCLY	0	0.0017	0	0	0
SCMH1	0.01003	0.03504	0.02484	0.08202	0.03191
SCML1	0.01849	0.14379	0.08811	0.00044	0.00027
SCML2	0.00347	0.02579	0.00622	0.05475	0.0032
SCML4	0.44317	0.03498	0.02768	0.21091	0.14639
SCN11A	0.26004	0.23591	0.26169	0.2263	0.33704
SCN1A	0	0.00249	0	0	0
SCN1B	0.00776	0.04337	0.13454	0.05177	0.0028
SCN2A	0	0.00522	0.00424	0	0
SCN2B	0.11909	0.11888	0.21424	0.07426	0.08603
SCN3B	9e-04	0.0019	0.00085	0	0.00836
SCN4B	0	0.00835	0.00251	0	0
SCN8A	0.02497	0.15025	0.06229	0.0067	0.00868
SCN9A	0.02214	0.11348	0.10197	0.0224	0.01379
SCNM1	0.00852	0.01241	0.0116	0.01015	0.00543
SCNN1A	0	0.01198	0	0	0.00054
SCNN1B	0.00576	0.00048	0	0.00137	0.04242
SCNN1D	0.00358	0.07027	0.02142	0.00406	0.00955
SCO1	0.10327	0.0799	0.04914	0.17108	0.07838
SCO2	0.06233	0.07375	0.15971	0.16285	0.11844
SCOC	0.11563	0.20167	0.09106	0.13991	0.13903
SCP2	0.29422	0.84553	0.49161	0.16653	0.13406
SCPEP1	0.06885	0.08345	0.08622	0.04591	0.06462
SCRIB	0.04517	0.15021	0.12762	0.06545	0.02329
SCRN1	0.00166	0.02286	0.03676	0.04234	0.04355
SCRN2	0.05975	0.13839	0.05932	0.07148	0.10922
SCRN3	0.03264	0.04351	0.02638	0.01503	0.016
SCUBE1	0.00388	0.08149	0.00691	0	0
SCUBE2	0	0.00321	0.00435	0	0
SCUBE3	0.00691	0.01316	0.02199	0.00766	0.00889
SCYL1	0.1034	0.10472	0.06012	0.14112	0.10835
SCYL2	0.13632	0.18018	0.12337	0.15546	0.1425
SCYL3	0.00165	0.03611	0.01778	0.06537	0.01764
SDAD1	0.21287	0.21371	0.22449	0.33944	0.33194
SDC1	0.20646	1.12253	0.31231	0.18771	1.23114
SDC2	0.11473	0.76607	0.28201	0.01868	0.00695
SDC3	0.01819	0.04385	0.33561	0	0.01318
SDC4	0.07123	0.39432	0.17444	0.05273	0.00691
SDCBP	0.25586	0.27922	0.71606	0.27329	0.10759
SDCBP2-AS1	0.04732	0.04181	0.01288	0.04524	0.04919
ENTR1	0.07585	0.08691	0.0902	0.04503	0.10666
SDCCAG8	0.12178	0.14562	0.29366	0.17112	0.12412
SDE2	0.11028	0.09184	0.08179	0.11388	0.08759
SDF2	0.11245	0.08899	0.08076	0.12558	0.05242
SDF2L1	0.24856	0.36669	0.23839	0.75997	1.0304
SDF4	0.14594	0.26679	0.15647	0.20316	0.26371
SDHA	0.11848	0.41477	0.17889	0.27391	0.16443
SDHAF1	0.0852	0.10619	0.02266	0.11081	0.1062
SDHAF2	0.20277	0.1444	0.09939	0.20975	0.10903
SDHAP1	0.03166	0.02979	0.02822	0.05357	0.01074
SDHAP2	0.01456	0.02984	0.04644	0.01646	0.01376
SDHAP3	0.01615	0.05556	0.04659	0.01842	0.04865
SDHB	0.11057	0.2918	0.19927	0.12831	0.12177
SDHC	0.13192	0.17376	0.12666	0.08271	0.04806
SDHD	0.08818	0.26489	0.15237	0.16531	0.0287
SDK1	0	0.00794	0	0	0
SDK2	0.00829	0.02803	0.01803	0.03533	0.00239
CAVIN2	0.01008	0.04007	0.02907	0.00083	0
SDR16C6P	0.00051	0.00103	0	0	0.00229
SDR39U1	0.07863	0.11548	0.03905	0.16741	0.16185
SDS	0.01654	0.07392	0.08524	0.01074	0.00281
SDSL	0.01892	0.08669	0.13379	0.00433	0.00731
SEC11A	0.24773	0.2144	0.20468	0.37324	0.15109
SEC11C	0.30284	0.5605	0.28281	0.57924	1.59334
SEC13	0.15604	0.22862	0.14091	0.39011	0.43575
SEC14L1	0.08124	0.06197	0.17149	0.34334	0.89514
SEC14L1P1	0.02676	0.01797	0.01964	0	0.00261
SEC14L2	0.06026	0.2667	0.09201	0.0267	0.03611
SEC14L3	0.00248	0.00588	0.00304	0.00096	0.00099
SEC14L4	0.16666	0.23688	0.20892	0.15479	0.20645
SEC14L5	0.02989	0.04481	0.04691	0.03245	0.03045
SEC16A	0.18498	0.2818	0.16465	0.1805	0.35247
SEC16B	0.00624	0.06616	0.00884	0.00279	0.00886
SEC1P	0.09645	0.09204	0.08707	0.06233	0.06546
SEC22A	0.0299	0.06996	0.03832	0.09209	0.06059
SEC22B	0.05215	0.10972	0.07678	0.04228	0.10546
SEC22C	0.25224	0.2595	0.25922	0.2997	0.21284
SEC23A	0.09363	0.14743	0.10688	0.12698	0.07609
SEC23B	0.04743	0.09582	0.03783	0.12315	0.13746
SEC23IP	0.13352	0.16514	0.12609	0.21468	0.10218
SEC24A	0.08287	0.18093	0.13064	0.17806	0.37208
SEC24B	0.07768	0.07632	0.0715	0.11656	0.12268
SEC24B-AS1	0.00663	0.00704	0.00366	0.00192	0.00058
SEC24C	0.12126	0.18344	0.09393	0.08146	0.10073
SEC24D	0.03892	0.0772	0.0793	0.09951	0.20506
SEC31A	0.3233	0.4765	0.3427	0.51492	0.73812
SEC31B	0.09699	0.04314	0.02019	0.23194	0.14651
SEC61A1	0.24282	0.42401	0.22205	0.36122	0.80223
SEC61A2	0.01373	0.05023	0.01403	0.01912	0
SEC61B	0.2183	0.24357	0.14562	0.39585	0.59551
SEC61G	0.10441	0.15576	0.16602	0.21206	0.28837
SEC62	0.79113	1.73177	1.18211	0.92406	1.98819
SEC63	0.38151	0.7209	0.48006	0.70588	0.84485
SECISBP2	0.17224	0.14071	0.11993	0.30284	0.26502
SECISBP2L	0.22184	0.20801	0.21235	0.19557	0.26248
SECTM1	0.01714	0.01944	0.16145	0	0.02329
SEH1L	0.02735	0.09589	0.02168	0.08076	0.01777
SEL1L	0.41491	0.74438	0.43523	0.58872	1.71774
SEL1L3	0.28893	0.05951	0.11383	0.63155	1.95219
SELE	0	0.00372	0	0	0
SELENBP1	0.07103	0.50096	0.12825	0.00768	0.01402
SELL	0.12818	0.00523	0.05925	0.11057	0.0609
SELPLG	0.38112	0.02247	0.30147	0.50127	0.36318
SEMA3A	0	0.01804	0.00835	0.00037	0
SEMA3B	0.00433	0.02357	0.00063	0	0.00348
SEMA3B-AS1	0	0.00485	0.00241	0	0
SEMA3C	0.00195	0.04346	0.00229	0	0
SEMA3D	0.0053	0.01123	0.00162	0	0
SEMA3E	0.0769	0.12228	0.08218	0.08913	0.06541
SEMA3F	0	0.00677	0.01291	0	0
SEMA3G	0.00041	0.00326	0.00948	0	0
SEMA4A	0.01596	0.0067	0.12262	0.06593	0.15486
SEMA4B	0.02926	0.08405	0.01307	0.01625	0.06773
SEMA4C	0.0222	0.03513	0.04793	0.01317	0.00792
SEMA4D	0.53037	0.02863	0.09198	0.56964	0.35322
SEMA4F	0.25623	0.30641	0.24069	0.2047	0.30221
SEMA4G	0.06789	0.27225	0.09627	0.02361	0.0503
SEMA5A	0.06375	0.05801	0.07119	0.02928	0.03301
SEMA5B	0	0.0062	0.00262	0	0
SEMA6A	0.04044	0.14988	0.07663	0.01453	0.00057
SEMA6C	0.00605	0.05127	0.01293	0.00107	0.00022
SEMA6D	0.00241	0.01176	0.01043	0.0011	0.00155
SEMA7A	0.01278	0.00546	0.01418	0.01942	0.01443
SENP1	0.08352	0.05811	0.07068	0.13385	0.08816
SENP2	0.10773	0.16144	0.08396	0.0983	0.13104
SENP3	0.00211	0.01022	0.00795	0.00802	0.00631
SENP5	0.19197	0.18046	0.14582	0.20753	0.1202
SENP6	0.3109	0.32333	0.3621	0.33021	0.27502
SENP7	0.34233	0.12982	0.08611	0.2316	0.26544
SENP8	9e-04	0.00379	0.00134	0.00959	0
SEPHS1	0.099	0.20576	0.10797	0.2456	0.15833
SEPHS2	0.43761	1.53254	0.69007	0.22538	0.12736
SEPSECS	0.03556	0.14616	0.07733	0.03077	0.03406
SEPT7P2	0.07404	0.10348	0.04684	0.06287	0.08005
SERAC1	0.02919	0.05941	0.03922	0.05817	0.03221
SERBP1	0.78941	0.88133	0.79732	1.43523	0.80351
SERF2	1.85393	1.65743	1.52549	2.1351	1.81622
SERGEF	0.06077	0.11914	0.09252	0.0528	0.0346
SERHL	0	0.00184	0.00257	0	0
SERHL2	0.00039	0.00356	0	0.00086	0
SERINC1	0.31878	0.60406	0.43154	0.22535	0.42227
SERINC2	0.08953	0.48553	0.12715	0.03011	0.02972
SERINC3	0.29733	0.51587	0.33288	0.34522	0.32263
SERINC5	0.13625	0.42532	0.23572	0.0919	0.05843
SERP1	0.35013	0.35682	0.35711	0.57318	0.80148
SERP2	0.01307	0.01222	5e-04	0.01558	0.02367
SERPINA1	0.50832	2.12108	1.06227	0.19216	0.16559
SERPINA10	0.0429	0.20867	0.07364	0.00321	0.01204
SERPINA11	0.0147	0.21204	0.03993	0.00168	0.01724
SERPINA12	0.00314	0.00464	0.00462	0	0
SERPINA3	0.22206	1.49514	0.49904	0.08513	0.03499
SERPINA4	0.03392	0.22075	0.03411	0.03172	0.02853
SERPINA5	0.11802	0.76429	0.21763	0.01738	0.01132
SERPINA6	0.11337	0.70988	0.27381	0.06413	0.00359
SERPINA7	0.01639	0.08879	0.00255	0	0.0032
SERPINB1	0.22036	0.19314	0.28967	0.28341	0.14251
SERPINB10	0.01845	0.03554	0.02895	0.00421	0.03328
SERPINB11	0	0.00127	0.00475	0	0.00016
SERPINB12	0.01714	0.03741	0.02677	0.02396	0.03405
SERPINB6	0.13227	0.36366	0.4815	0.24312	0.11239
SERPINB8	0.05425	0.02739	0.08696	0.05525	0.04644
SERPINB9	0.13877	0.0346	0.12239	0.18575	0.0618
SERPINC1	0.20369	1.29474	0.36207	0.04218	0.08331
SERPIND1	0.18388	1.21806	0.32468	0.06475	0.08993
SERPINE1	0.06898	0.342	0.12614	0.02802	0.04306
SERPINE2	0.02254	0.02705	0.00055	0.04774	0.00167
SERPINF1	0.09452	0.48192	0.1743	0.02194	0.04857
SERPINF2	0.13937	1.22321	0.30929	0.03306	0.02714
SERPING1	0.49265	1.99986	0.9311	0.22961	0.23601
SERPINH1	0.0314	0.08738	0.04908	0.0092	0.00033
SERPINI1	0.01643	0.06158	0.01827	0.05132	0.15202
SERTAD1	0.10061	0.0516	0.12545	0.08302	0.16506
SERTAD2	0.2182	0.12807	0.15358	0.30609	0.16249
SERTAD3	0.01379	0.02055	0.04213	0	0.00798
SERTAD4	0	0.00952	0.00227	0	0
SERTAD4-AS1	0	0.0067	0	0	0.00286
SESN1	0.04608	0.05308	0.16601	0.03806	0.10179
SESN2	0.06799	0.09919	0.08639	0.04029	0.04464
SESN3	0.20744	0.22638	0.2811	0.11026	0.08979
SESTD1	0.04979	0.25577	0.15719	0.0281	0.01294
SET	0.88315	0.45393	0.76046	1.33568	0.79458
SETBP1	0.16597	0.07403	0.08919	0.17988	0.2064
SETD1A	0.07572	0.07312	0.02272	0.06854	0.08373
SETD1B	0.07674	0.10528	0.05267	0.0834	0.05407
SETD2	0.64374	0.60952	0.64844	0.85646	0.58745
SETD3	0.1498	0.1761	0.21464	0.20678	0.07458
SETD4	0.04165	0.08473	0.04667	0.06258	0.04304
SETD5	0.37859	0.46104	0.36559	0.46764	0.44956
SETD6	0.03498	0.03552	0.00022	0.03388	0.02893
SETD7	0.08045	0.22008	0.14995	0.07951	0.02903
SETD9	0.00138	0.01152	0.01232	0	0.02165
SETDB1	0.08067	0.13175	0.10482	0.14261	0.067
SETDB2	0.07843	0.05709	0.08103	0.09914	0.15675
SETMAR	0.0128	0.04762	0.04002	0.0401	0.02085
SETSIP	0.00409	0.00217	0	0	0.00115
SETX	0.7556	0.3283	0.56244	0.72342	0.62377
SEZ6	0	0.00311	0	0	0
SEZ6L2	0.05142	0.29213	0.06229	0	0
SF1	0.45504	0.56196	0.51337	0.73327	0.38483
SF3A1	0.22508	0.23047	0.21359	0.36063	0.16957
SF3A2	0.07956	0.04825	0.05502	0.10559	0.06073
SF3A3	0.22112	0.24701	0.19049	0.51767	0.16646
SF3B1	1.08788	0.7421	0.68341	1.19814	1.07831
SF3B2	0.70641	0.91231	0.75359	1.09682	0.70753
SF3B3	0.2807	0.25529	0.21528	0.38406	0.18838
SF3B4	0.11204	0.15839	0.10973	0.1155	0.06602
SF3B5	0.62446	0.50573	0.44411	0.97546	0.72293
SFI1	0.16478	0.04431	0.05782	0.16459	0.06396
SFMBT1	0.06967	0.14531	0.16244	0.18078	0.14961
SFMBT2	0.22491	0.01429	0.19965	0.19083	0.18293
SFN	0.00562	0.0551	0.00345	0.0014	0.00181
SFPQ	1.17148	0.81577	1.11417	1.88887	1.0955
SFR1	0.00999	0.0173	0.03902	0.02363	0.00534
SFSWAP	0.21847	0.24434	0.25553	0.42955	0.18218
SFT2D1	0.0952	0.03888	0.08834	0.19112	0.12288
SFT2D2	0.03145	0.03347	0.0116	0.03734	0.03582
SFT2D3	0.00719	0.02832	0.00833	0.02579	0.01998
SFTPB	0.07111	0.08056	0.03692	0.03532	0.08209
SFTPD	0	0.00695	0.00087	0	0
SFXN1	0.32546	0.48314	0.24348	0.38652	0.24097
SFXN2	0.05783	0.04724	0.02654	0.02324	0.0254
SFXN3	0.07042	0.0178	0.08385	0.0437	0.05968
SFXN4	0.03467	0.1714	0.13147	0.06095	0.07205
SFXN5	0.04026	0.1544	0.04443	0.03044	0.02727
SGCB	0.03179	0.02338	0.00843	0.05893	0.02796
SGCE	0.01785	0.09465	0.02176	0	0.00241
SGIP1	0	0.05003	0.0051	0	0
SGK1	0.0743	0.11008	0.50628	0.14767	0.14877
SGK2	0.03034	0.1417	0.02036	5e-04	0.00559
SGK494	0.13053	0.15888	0.14463	0.08091	0.12519
SGMS1	0.13409	0.13226	0.1189	0.06841	0.06824
SGMS2	0.01476	0.04846	0.03585	0.00188	0
SGPL1	0.06888	0.16984	0.1916	0.20348	0.04067
SGPP1	0.04531	0.04724	0.05433	0.04586	0.00411
SGPP2	0.20139	0.14853	0.0829	0.11784	0.10469
SGSH	0.0421	0.02173	0.04508	0.02656	0.00771
SGSM1	0.12108	0.10508	0.0873	0.07513	0.09397
SGSM2	0.0571	0.09098	0.07032	0.03531	0.04703
SGSM3	0.04998	0.05748	0.08268	0.04954	0.05689
SGTA	0.11474	0.2127	0.17052	0.25188	0.1657
SGTB	0.14528	0.1693	0.21387	0.09208	0.16738
SH2B1	0.1208	0.09519	0.07864	0.04235	0.08478
SH2B2	0.00069	0.00998	0.01366	0.03097	0.00795
SH2B3	0.04608	0.04993	0.26466	0.05198	0.02884
SH2D1A	0.42302	0.00627	0.00807	0.55021	0.09256
SH2D1B	0.05039	0.00012	0	0.00364	0.00261
SH2D2A	0.47408	0.0154	0.01991	0.33046	0.10993
SH2D3A	0.02026	0.00387	0.00306	0.0069	0.00494
SH2D3C	0.08307	0.00837	0.01902	0.09453	0.04737
SH2D4A	0.09449	0.11691	0.0318	0.02386	0.04845
SH2D6	0.00664	0.0147	0.01342	0.00271	0.02661
SH3BGRL	0.45764	0.07011	0.46352	0.58852	0.34688
SH3BGRL2	0.02198	0.26885	0.05928	0.05085	0.00427
SH3BGRL3	2.34807	0.43109	1.09043	2.56155	0.98463
SH3BP1	0.11524	0.01136	0.05505	0.16302	0.06788
SH3BP2	0.2834	0.24551	0.35615	0.20686	0.17955
SH3BP4	0.00362	0.08813	0.01622	0.00515	0.00519
SH3BP5	0.15816	0.07644	0.18447	0.14904	0.25887
SH3BP5-AS1	0.02321	0.04154	0.01604	0.05676	0.09076
SH3BP5L	0.04231	0.02991	0.03364	0.00665	0.02307
SH3D19	0.04946	0.25392	0.08982	0.00202	0.02245
SH3D21	0	0.00789	0.01194	0	0.01055
SH3GL1	0.08364	0.07592	0.083	0.10933	0.05813
SH3GL1P1	0.00416	0.00328	0.00293	0	0.00158
SH3GL1P2	0.00145	0.00075	0.00097	0	0
SH3GL3	0.00852	0.01709	0.00325	0.00435	0.00588
SH3GLB1	0.39975	0.35571	0.41778	0.4377	0.58204
SH3GLB2	0.05017	0.09995	0.04958	0.24821	0.20094
SH3KBP1	0.92516	0.10883	0.24992	1.07757	0.45135
SH3PXD2A	0.04966	0.18282	0.13008	0.06761	0.08947
SH3PXD2B	0.00073	0.03526	0.02041	0	0.00057
SH3RF1	0.02736	0.04904	0.04088	0.0491	0.01015
SH3RF2	0.01548	0.02816	0.00134	0	0.00261
SH3RF3	0.00044	0.01052	0.0066	0.0049	0.01203
SH3TC1	0.05191	0.04645	0.21682	0.02573	0.0469
SH3TC2	0.00172	0.0071	0.0056	0.00483	0.00031
SH3YL1	0.03763	0.03842	0.01302	0.00817	0.04382
SHANK2	0.01815	0.13032	0.02949	0	0.01417
SHANK2-AS1	0.02657	0.02472	0.04418	0.00913	0.02022
SHANK2-AS3	0.11013	0.13253	0.16683	0.09245	0.10902
SHANK3	0.00643	0.08271	0.02468	0	0.00071
SHARPIN	0.12266	0.21543	0.17146	0.14666	0.23657
SHB	0.00847	0.0335	0.00425	0	0.00565
SHBG	0.00156	0.06227	0.0156	0	0.00984
SHC1	0.08827	0.28234	0.06153	0.14439	0.12114
SHC2	0.04975	0.23652	0.05088	0.03079	0.02239
SHC3	0.00183	0.00647	0.00059	0	0
SHCBP1	0.02415	0.03231	0.04665	0.47525	0.05344
SHD	0.00661	0.0214	0.01673	0	0
SHE	0.14205	0.18076	0.13274	0.07184	0.07082
SHF	0.00208	0.02771	0.00159	0	0
SEM1	0.40725	0.41049	0.27882	0.72098	0.32585
SHH	0.0038	0.03324	0.0143	0	0
SHISA2	0.00232	0.00201	0.00224	0	0.00166
SHISA4	0.00334	0.03097	0.01862	0.00141	0
SHISA5	0.47425	0.36416	0.26246	0.30895	0.25807
SHISA9	0.03478	0.06751	0.09456	0.03273	0.05052
SHKBP1	0.26376	0.18632	0.24972	0.4151	0.38541
SHMT1	0.05545	0.2302	0.10407	0.10528	0.01821
SHMT2	0.17825	0.41531	0.18736	0.34997	0.26555
SHOC2	0.28755	0.21233	0.28503	0.4508	0.3208
SHOX2	4e-04	0.00534	0.01423	0	0.00668
SHPK	0.23082	0.24668	0.22613	0.14903	0.24731
SHPRH	0.11587	0.14277	0.14524	0.14947	0.06081
SHQ1	0.04189	0.04731	0.02003	0.03789	0.03173
SHROOM1	0.61233	0.88094	0.66243	0.47079	0.66866
SHROOM2	0	0.02557	0.0094	0	0
SHROOM3	0.00475	0.04688	0.02158	0	0.00335
SHROOM4	0.13346	0.17601	0.20352	0.14985	0.16294
SIAE	0.0115	0.10126	0.06451	0.00758	0.03565
SIAH1	0.01364	0.0493	0.04393	0.02981	0.01275
SIAH2	0.08221	0.24914	0.11046	0.13009	0.09659
SIAH3	0.0013	0.00608	0.01449	0.00598	0.00425
SIDT1	0.20335	0.03705	0.09843	0.13511	0.125
SIDT2	0.02974	0.07041	0.0636	0.03469	0.07453
SIGIRR	0.30701	0.211	0.18654	0.16401	0.10233
SIGLEC1	0.01034	0.01433	0.6269	0.00772	0.00103
SIGLEC10	0.21683	0.22186	0.36406	0.16781	0.30937
SIGLEC11	0.03365	0.03859	0.06786	0.01811	0.02032
SIGLEC14	0	0.00083	0.0011	0.00181	0.00989
SIGLEC15	0	0.00254	0	0	0
SIGLEC17P	0.06233	9e-05	0.01438	0.01045	0
SIGLEC5	0.00682	3e-05	0.04311	0.01507	0.01624
SIGLEC6	0.05429	0.0635	0.06612	0.06102	0.08383
SIGLEC7	0.01721	0.00274	0.16073	0	0.00128
SIGLEC8	0.00114	0.0036	0.0049	0	8e-04
SIGLEC9	0	0.0025	0.07576	0.00071	0.00191
SIGMAR1	0.10775	0.45021	0.10149	0.17601	0.10799
SIK2	0.07216	0.22364	0.09097	0.02467	0.01714
SIK3	0.17178	0.14053	0.07235	0.22058	0.17789
SIKE1	0.13693	0.12775	0.12159	0.22317	0.10205
SIL1	0.15323	0.43198	0.27755	0.27117	0.73223
SIMC1	0.05371	0.03809	0.03433	0.07774	0.03072
SIN3A	0.18228	0.19118	0.14265	0.33573	0.1828
SIN3B	0.08541	0.07719	0.13453	0.05125	0.04611
SIPA1	0.21432	0.09338	0.20682	0.18611	0.09466
SIPA1L1	0.15132	0.16337	0.16075	0.29319	0.14536
SIPA1L2	0.03418	0.09673	0.10776	0.02457	0.00228
SIPA1L3	0.03635	0.06097	0.05689	0.05944	0.04203
SIRPA	0.028	0.08822	0.38303	0.01513	0.02729
SIRPB1	0.01163	0.00137	0.03702	0	0.00276
SIRPB2	0.1041	0.09685	0.09414	0.04016	0.07139
SIRPG	0.48075	0.01153	0.00118	0.3744	0.10548
SIRT1	0.05485	0.12134	0.12107	0.04933	0.06798
SIRT2	0.13348	0.15572	0.12839	0.14626	0.11398
SIRT3	0.06769	0.10797	0.01891	0.0613	0.09359
SIRT4	0.00038	0.00892	0.00499	0	0.00184
SIRT5	0.05554	0.13922	0.05941	0.03025	0.04174
SIRT6	0.03478	0.03277	0.01862	0.01893	0.02238
SIRT7	0.15296	0.17059	0.11274	0.23775	0.12042
SIT1	0.16571	0.00178	0.00625	0.20923	0.05786
SIVA1	0.17179	0.14502	0.14916	0.6666	0.15117
SIX1	0.0032	0.01543	0.01657	0.01644	0
SIX4	0.00801	0.01091	0.00927	0.00277	0.00948
SIX5	0.01868	0.03104	0.03145	0.00744	0.01451
SKA1	0.06341	0.11888	0.13177	0.24465	0.09061
SKA2	0.21601	0.05007	0.02903	0.71349	0.13215
SKA3	0.00771	0.01727	0.01649	0.44641	0.00843
SKAP1	0.57742	0.02791	0.00508	0.64711	0.12196
SKAP2	0.25809	0.32832	0.50723	0.30415	0.3378
SKI	0.09147	0.18093	0.08924	0.02503	0.03861
SKIDA1	0.01654	0.06011	0.01012	0	0.00468
SKIL	0.13509	0.52449	0.31611	0.21304	0.23508
SKIV2L	0.11274	0.23948	0.13794	0.13747	0.13714
MTREX	0.23457	0.18738	0.24018	0.36892	0.26348
SKP1	0.92399	0.847	0.55588	1.05411	0.72582
SKP2	0.02053	0.10865	0.04434	0.11264	0.00947
SLA	1.1045	0.05306	0.51999	1.33194	0.45495
SLA2	0.10851	0.00166	0.00326	0.05748	0.01229
SLAIN1	0.02939	0.00586	0.00128	0.01098	0.01919
SLAIN2	0.19553	0.25088	0.2558	0.14428	0.12583
SLAMF1	0.20756	0.00852	0.00147	0.25608	0.17267
SLAMF6	0.51992	0.03134	0.05511	0.45738	0.2869
SLAMF7	0.51677	0.10514	0.2179	0.74664	2.01268
SLAMF8	0.04069	0.01091	0.2339	0.04928	0.00847
SLBP	0.16887	0.12593	0.13274	0.34967	0.10297
SLC10A1	0.00895	0.16905	0.04333	0.01273	0.01052
SLC10A3	0.02224	0.02671	0.01869	0.02463	0.04028
SLC10A4	0	0.00228	0	0	0
SLC10A5	0.02385	0.0433	0.02418	0	0.00292
SLC10A7	0.02517	0.02969	0.02106	0.02946	0.10435
SLC11A1	0.00058	0.01919	0.08255	0.00137	0.00802
SLC11A2	0.04656	0.1637	0.25584	0.1076	0.03184
SLC12A1	0	0.00229	0	0	0.00047
SLC12A2	0.03163	0.16175	0.05249	0.09442	0.08871
SLC12A3	0.00613	0.00073	0.00178	0.00045	0.01467
SLC12A4	0.01405	0.046	0.04013	0.00385	0.06647
SLC12A5	0.00394	0.001	0.00967	0	0
SLC12A6	0.3406	0.36416	0.43275	0.2446	0.41486
SLC12A7	0.10667	0.45097	0.25841	0.03943	0.01588
SLC12A8	0.00573	0.05172	0.01142	5e-04	0.01014
SLC12A9	0.07759	0.15182	0.12614	0.10327	0.09618
SLC13A3	0.00911	0.2126	0.00923	0.00222	0.00545
SLC13A5	0.05148	0.41807	0.05787	0.00687	0.00572
SLC14A1	0.06272	0.02555	0.00729	0.03771	0.04051
SLC14A2	0.16542	0.20331	0.16785	0.11941	0.1796
SLC15A1	0.01479	0.09789	0.02744	0.00103	0.00548
SLC15A2	0.08429	0.08252	0.1116	0.12863	0.18264
SLC15A3	0.00397	0.02544	0.35001	0.05995	0.06284
SLC15A4	0.03198	0.14307	0.07725	0.00877	0.05551
SLC16A1	0.11077	0.48478	0.16798	0.25251	0.03889
SLC16A1-AS1	0.16794	0.17632	0.08152	0.07872	0.11104
SLC16A10	0.00505	0.03566	0.0361	0.01035	0.01181
SLC16A11	0.00847	0.03662	0.00533	0	0.00177
SLC16A12	0.09097	0.10969	0.11124	0.0527	0.10243
SLC16A13	0.01289	0.01121	0.00724	0	0.00283
SLC16A14	0.00033	0.00436	0	0	0.00209
SLC16A2	0.00292	0.11632	0.02302	0.00806	0.00156
SLC16A3	0.05085	0.05362	0.3266	0.14069	0.03214
SLC16A4	0.01111	0.00626	0.00448	0	0.01232
SLC16A5	0	0.00266	0.01153	0	0.01101
SLC16A6	0.05289	0.00668	0.01839	0.00791	0.01268
SLC16A7	0.19056	0.12352	0.10696	0.168	0.07248
SLC16A9	0.01718	0.01744	0.01771	0	0
SLC17A1	0.00041	0.0181	0.00183	0	0
SLC17A2	0.00823	0.06827	0.01873	0.00086	0.00381
SLC17A3	0.01144	0.05951	0.00945	0.00084	0.00029
SLC17A4	0.07171	0.53553	0.12693	0.00356	0.03096
SLC17A5	0.10357	0.32502	0.22039	0.09821	0.09612
SLC17A7	0	0.00526	0.00066	0	0
SLC17A9	0.01885	0.12151	0.0319	0.04886	0.19759
SLC18B1	0.03047	0.0577	0.22925	0.00117	0.01093
SLC19A1	0.01265	0.03082	0.04253	0.09318	0.01016
SLC19A2	0.0038	0.03962	0.00698	0.00698	0.00418
SLC19A3	0.00245	0.04459	0.00851	0.00893	0.00139
SLC1A1	0.00116	0.03671	0.00481	0.00127	0.00014
SLC1A2	0.01766	0.12577	0.01862	0.00055	0.00989
SLC1A3	0.00811	0.00996	0.42071	0.01109	0.00265
SLC1A4	0.06157	0.1582	0.01155	0.31087	0.36165
SLC1A5	0.08542	0.03482	0.08443	0.37138	0.22867
SLC1A7	0	0.01065	0	0	0
SLC20A1	0.22216	0.15969	0.20891	0.31147	0.06366
SLC20A2	0.03722	0.11695	0.02597	0.02136	0.01132
SLC22A1	0.01378	0.09654	0.03128	0.00675	0.0245
SLC22A10	0.00914	0.05851	0.01848	0.00108	0
SLC22A11	0.01208	0.07415	0.00377	0.00043	0.01498
SLC22A12	0.00087	0.01031	0	0	0.00088
SLC22A15	0.00362	0.03985	0.03048	0	0.00269
SLC22A17	0.00235	0.00154	0.00092	0	0.02403
SLC22A18	0.11918	0.49251	0.14739	0.04659	0.04405
SLC22A18AS	0.00157	0.02254	0.02271	0	0
SLC22A23	0.02039	0.24922	0.0542	0.00318	0.01668
SLC22A25	0	0.03888	0.00218	0	0
SLC22A3	0.00271	0.07365	0.00936	0.00033	0.00118
SLC22A31	0.00998	0.01893	0.00249	0.00217	0
SLC22A4	0.02688	0.01515	0.01194	0.00401	0.01644
SLC22A5	0.01229	0.06224	0.01672	0.01873	0.01884
SLC22A6	0.00074	0.01863	0.00432	0	0
SLC22A7	0.06166	0.35323	0.09278	0.03623	0.00792
SLC22A8	0	0.00249	0	0	0
SLC22A9	0.07064	0.28282	0.11194	0.01078	0.02407
SLC23A1	0.01363	0.04304	0.01183	0.02022	0.00983
SLC23A2	0.03347	0.12385	0.16278	0.03631	0.04813
SLC23A3	0.00157	0.00539	0	0	0.01185
SLC24A1	0.04025	0.06528	0.04269	0.04038	0.02788
SLC24A2	0.00074	0.00088	5e-04	0	0
SLC24A4	0.02003	0.00941	0.03254	0.01893	0.00782
SLC25A1	0.1226	0.57295	0.18947	0.32902	0.08964
SLC25A10	0.09631	0.30892	0.11948	0.08368	0.04522
SLC25A11	0.14607	0.17166	0.16651	0.34523	0.16287
SLC25A12	0.08884	0.03171	0.01651	0.08915	0.08321
SLC25A13	0.10322	0.40452	0.18096	0.04537	0.02075
SLC25A14	0.02844	0.04277	0.02862	0.10872	0.0265
SLC25A15	0.12324	0.20732	0.15549	0.09641	0.07737
SLC25A16	0.04702	0.15125	0.03254	0.04862	0.07129
SLC25A17	0.02235	0.06079	0.03362	0.07242	0.05817
SLC25A18	0.02059	0.11317	0.01753	0	0.00232
SLC25A19	0.01958	0.02993	0.04179	0.11045	0.0756
SLC25A20	0.11314	0.13916	0.06913	0.1052	0.05182
SLC25A21	0.01312	0.00113	0	0	0
SLC25A21-AS1	0	0.00344	0	0	0
SLC25A22	0.02088	0.03923	0.01094	0.05518	0.01354
SLC25A23	0.057	0.11438	0.03323	0.0527	0.20967
SLC25A24	0.08295	0.03175	0.16807	0.10587	0.02954
SLC25A25	0.06896	0.08428	0.1022	0.10961	0.0343
SLC25A26	0.06363	0.0766	0.04868	0.0691	0.10037
SLC25A27	0.02218	0.08022	0.01728	0.00109	0.00501
SLC25A28	0.07531	0.09489	0.05552	0.08119	0.15187
SLC25A29	0.00599	0.04747	0.04251	0.01346	0.02287
SLC25A3	0.71609	0.86809	0.72252	1.25572	0.54002
SLC25A30	0.03177	0.06178	0.11084	0.02939	0.01979
SLC25A30-AS1	0.00065	0.00795	0	0	0.00853
SLC25A31	0	0.0011	0.0031	0	0
SLC25A32	0.0488	0.07494	0.04431	0.13787	0.04256
SLC25A33	0.02219	0.06563	0.03416	0.01829	0.02958
SLC25A34	0.01017	0.00763	0.00981	0	0.00245
SLC25A35	0.00336	0.0152	0.01762	0.00644	0.02673
SLC25A36	0.14965	0.10644	0.12086	0.22699	0.20708
SLC25A37	0.59204	0.94019	1.03414	0.57112	1.08281
SLC25A38	0.15702	0.11857	0.04897	0.15	0.12302
SLC25A39	0.2385	0.44588	0.18436	0.25715	0.25441
SLC25A4	0.04988	0.14083	0.04609	0.06643	0.04797
SLC25A40	0.03841	0.03555	0.01784	0.05906	0.01824
SLC25A41	0.0477	0.04463	0.02423	0.02043	0.06678
SLC25A42	0.04376	0.07084	0.0368	0.01811	0.02045
SLC25A43	0.00996	0.03873	0.03534	0.0164	0.00591
SLC25A44	0.13393	0.25073	0.1753	0.07224	0.10181
SLC25A45	0.1293	0.054	0.03858	0.10907	0.10704
SLC25A46	0.14257	0.13223	0.15016	0.1675	0.09146
SLC25A47	0.00045	0.00321	0	0	0.00014
SLC25A5	0.32139	0.37137	0.26476	0.50078	0.19027
SLC25A5-AS1	0.0048	0.00726	0.00473	0	0
SLC25A51	0.03306	0.03315	0.02507	0.01397	0.0419
SLC25A53	0.01784	0.00567	0.00516	0.01803	0.00411
SLC26A1	0	0.05552	0.01168	0	0.0088
SLC26A11	0.0252	0.03254	0.0347	0.00507	0.01411
SLC26A2	0.15069	0.2011	0.15069	0.13271	0.19064
SLC26A3	0	0.00715	0	0	0
SLC26A4	0.18374	0.22049	0.19705	0.16974	0.18541
SLC26A6	0.04107	0.21432	0.07556	0.05074	0.09397
SLC26A7	0.00444	0.0057	0.00084	0.00078	0.00145
SLC27A1	0.03473	0.04191	0.09379	0.00565	0
SLC27A2	0.04158	0.10904	0.02606	0.04174	0.00191
SLC27A3	0.07118	0.12992	0.09921	0.02935	0.04973
SLC27A4	0.02664	0.02821	0.01642	0.04763	0.02319
SLC27A5	0.12327	0.50956	0.12726	0.14675	0.06189
SLC28A1	0.00204	0.05664	0.02799	0.00047	0.00672
SLC28A2	0.05899	0.10242	0.08542	0.05874	0.06152
SLC29A1	0.05841	0.22588	0.09842	0.04531	0.01755
SLC29A2	0.00115	0.00629	0	0.01248	0.00894
SLC29A3	0.0297	0.07503	0.15029	0.00531	0.02928
SLC29A4	0.03163	0.13449	0.05269	7e-04	0.00182
SLC2A1	0.03603	0.02587	0.03726	0.07785	0.02231
SLC2A1-AS1	0.00308	0.00239	0.00385	0.00045	0.01586
SLC2A10	0.00177	0.04214	0.00515	0	0.00324
SLC2A11	0.04633	0.03993	0.05805	0.02283	0.15937
SLC2A12	0.00113	0.02982	0.00286	0	0.00232
SLC2A13	0.02731	0.05066	0.05559	0.01317	0.02808
SLC2A14	0.00032	0.00197	0.00184	0.00092	0.00323
SLC2A2	0.20834	1.66091	0.42467	0.04365	0.03161
SLC2A3	0.47135	0.05552	0.35192	0.27512	0.24611
SLC2A4	0.00464	0.01576	0.00354	0.00101	0.00032
SLC2A4RG	0.28758	0.72605	0.25682	0.31451	0.16193
SLC2A5	0.01649	0.03733	0.09983	0.04463	0.17055
SLC2A6	0.0601	0.09885	0.19396	0.18925	0.23288
SLC2A8	0.05313	0.05944	0.14829	0.08398	0.05115
SLC2A9	0	0.0057	0.00772	0.0025	0
SLC30A1	0.00653	0.0487	0.04222	0.00098	0.00145
SLC30A10	0.11315	0.42373	0.08978	0.08024	0.04037
SLC30A3	0.0133	0.01474	0.00318	0	0.00035
SLC30A4	0.03863	0.03808	0.04651	0.00853	0.04106
SLC30A5	0.07042	0.1008	0.03827	0.09645	0.0573
SLC30A6	0.07405	0.07565	0.05887	0.0633	0.03302
SLC30A7	0.13885	0.15488	0.12585	0.10701	0.22127
SLC30A8	0.00494	0.00592	0.00427	0.0011	0.01493
SLC30A9	0.13791	0.23253	0.20162	0.16435	0.14569
SLC31A1	0.40535	0.57138	0.63182	0.35816	0.45764
SLC31A2	0.01755	0.00841	0.08595	0.03473	0.00955
SLC33A1	0.04375	0.15421	0.03565	0.05316	0.19477
SLC34A1	0.00688	0.00213	0	0	0
SLC34A2	0	0.0043	0	0	0.00223
SLC35A1	0.04552	0.05723	0.04464	0.0158	0.013
SLC35A2	0.03027	0.32437	0.05221	0.03271	0.04999
SLC35A3	0.2108	0.40253	0.26118	0.15859	0.24596
SLC35A4	0.20373	0.15018	0.1884	0.28614	0.17106
SLC35A5	0.05042	0.05027	0.02807	0.04219	0.04305
SLC35B1	0.08164	0.22662	0.10609	0.16165	0.16197
SLC35B2	0.0172	0.05035	0.05074	0.024	0.02183
SLC35B3	0.09113	0.10665	0.06466	0.05183	0.12781
SLC35B4	0.13252	0.26228	0.26017	0.20076	0.24768
SLC35C1	0.08214	0.15037	0.07376	0.07445	0.19486
SLC35C2	0.06792	0.15278	0.1005	0.06509	0.14982
SLC35D1	0.071	0.18035	0.05635	0.10006	0.0441
SLC35D2	0.05824	0.09788	0.04651	0.01391	0.03871
SLC35E1	0.32848	0.39833	0.35208	0.4416	0.48149
SLC35E2A	0.07591	0.19581	0.08251	0.05442	0.12009
SLC35E2B	0.13775	0.16561	0.08501	0.0953	0.2321
SLC35E3	0.13647	0.15945	0.14578	0.12673	0.0987
SLC35E4	0.03156	0.01752	0.035	0.00623	0.02039
SLC35F1	0.00696	0.00411	0.00482	0.00122	0.00292
SLC35F2	0.01814	0.00217	0.00099	0.0384	0.12396
SLC35F5	0.35454	0.55227	0.43786	0.27787	0.39021
SLC35F6	0.05742	0.15217	0.14391	0.04354	0.00782
SLC35G1	0.02326	0.03071	0.02663	0.01373	0.01934
SLC35G2	0.00319	0.01759	0.00045	0.00056	0.00105
SLC36A1	0.03739	0.04396	0.09585	0.03335	0.01013
SLC36A2	0.0079	0.01037	0.02364	0.00461	0.00895
SLC36A4	0.02779	0.04542	0.062	0.04914	0.05287
SLC37A1	0.0209	0.01611	0.03281	0.03549	0.0139
SLC37A2	0.03226	0.0437	0.23388	0.02562	0.04582
SLC37A3	0.03406	0.05691	0.02591	0.00364	0.02941
SLC37A4	0.06891	0.3491	0.14714	0.03669	0.01557
SLC38A1	0.65431	0.15239	0.06537	0.78587	0.49274
SLC38A10	0.23918	0.65293	0.23094	0.38916	0.69241
SLC38A11	0	0.00608	0	0	0.00034
SLC38A2	0.69791	0.51461	0.47251	0.75412	0.9191
SLC38A3	0.06933	0.49507	0.09624	0.00602	0.0086
SLC38A4	0.06608	0.36208	0.09159	0.00836	0.01243
SLC38A5	0.03632	0.00191	0.00242	0.10455	0.11634
SLC38A6	0.01616	0.08354	0.20332	0.00328	0.02649
SLC38A7	0.09571	0.25791	0.34049	0.08959	0.11221
SLC38A8	0	0.00395	0.00357	0	0
SLC38A9	0.0402	0.03989	0.01388	0.06602	0.0196
SLC39A1	0.11884	0.38215	0.29305	0.08089	0.04802
SLC39A10	0.10815	0.09008	0.14402	0.09248	0.08032
SLC39A11	0.03135	0.19463	0.07925	0.09511	0.02794
SLC39A13	0.04867	0.03849	0.02028	0.02019	0.02605
SLC39A14	0.09876	0.29135	0.08778	0.04216	0.07258
SLC39A3	0.02032	0.07179	0.04263	0.11885	0.02457
SLC39A4	0.08463	0.21708	0.1152	0.13981	0.15449
SLC39A5	0.01714	0.07831	0.01774	0.00379	0.00124
SLC39A6	0.05872	0.11926	0.14994	0.06508	0.04816
SLC39A7	0.12848	0.29918	0.20416	0.18925	0.32766
SLC39A8	0.03033	0.04836	0.06732	0.10151	0.08606
SLC39A9	0.04747	0.15538	0.06865	0.07721	0.08099
SLC3A1	0.02126	0.01832	0.0049	0.00037	0.00067
SLC3A2	0.19739	0.28604	0.25393	0.29994	0.3745
SLC40A1	0.14774	0.68276	1.40554	0.01401	0.04537
SLC41A1	0.08015	0.06444	0.04376	0.02928	0.02155
SLC41A2	0.01203	0.06039	0.04203	0.04183	0.03587
SLC41A3	0.03206	0.0511	0.00424	0.03308	0.01112
SLC43A1	0.09876	0.52301	0.18367	0.0936	0.06861
SLC43A2	0.24838	0.34408	0.39398	0.17226	0.34066
SLC43A3	0.05521	0.23102	0.2172	0.12356	0.0152
SLC44A1	0.07746	0.15447	0.11405	0.15793	0.29862
SLC44A2	0.29054	0.0359	0.04723	0.25899	0.25644
SLC44A3	0.00203	0.02966	0.02333	0	0
SLC44A4	0.09613	0.11583	0.07713	0.09043	0.11347
SLC44A5	0.00332	0.02771	0.011	0	0
SLC45A2	0.00194	0.07822	0.00042	0	0
SLC45A3	0.00499	0.01603	0	0.00142	0
SLC45A4	0.04265	0.02549	0.06317	0.01886	0.03473
SLC46A1	0.02483	0.17422	0.11351	0.02539	0.01506
SLC46A3	0.02686	0.06332	0.03473	0.05597	0.00953
SLC47A1	0.04545	0.31863	0.10619	0.03101	0.03031
SLC47A2	0.00041	0.01083	0.01464	0	0
SLC48A1	0.08582	0.26478	0.2462	0.12149	0.21863
SLC4A1	0.28457	0.38463	0.3608	0.21203	0.34881
SLC4A11	0	0.01182	0.01568	0	0.00798
SLC4A1AP	0.11557	0.18144	0.19723	0.17473	0.25865
SLC4A2	0.07374	0.11816	0.08471	0.07204	0.05385
SLC4A3	0	0.00242	0.01734	0	0.00581
SLC4A4	0.03663	0.05345	0.02027	0.02266	0.03569
SLC4A5	0.10132	0.12185	0.14049	0.06118	0.08401
SLC4A7	0.32052	0.05011	0.31286	0.28934	0.24044
SLC4A8	0.2694	0.33846	0.40768	0.23185	0.32723
SLC50A1	0.22397	0.49217	0.30669	0.28213	0.37094
SLC51A	0.03187	0.07325	0.02642	0	0.0062
SLC51B	0	0.00936	0.00387	0	0
SLC52A1	0	0.00122	0.00062	0	0.00699
SLC52A2	0.06755	0.05949	0.05625	0.18298	0.08224
SLC5A1	0.00097	0.00261	0	0	0.00354
SLC5A10	0	0.00072	0	0	0
SLC5A11	0.00013	0.00838	0	0	0
SLC5A12	0.02183	0.07083	0.02833	0.00546	0.00892
SLC5A3	0.15712	0.10076	0.07244	0.1746	0.20106
SLC5A5	0.01369	0.01187	0.02591	0.0061	0.00851
SLC5A6	0.07755	0.46394	0.11241	0.1865	0.09392
SLC5A9	0.02348	0.13194	0.04653	0	0
SLC6A1	0.06271	0.37593	0.09783	0.02282	0.00382
SLC6A10P	0	0.00466	0.00267	0	0
SLC6A11	0.23905	0.31481	0.2667	0.17312	0.26534
SLC6A12	0.0072	0.11994	0.01418	0.00691	0.01267
SLC6A13	0.00067	0.0166	0.00146	3e-04	0.00598
SLC6A14	0.00099	0.00095	0.00076	0.00256	0
SLC6A15	0.00125	0.00468	0.00267	0	0
SLC6A16	0.01112	0.03682	0.0151	9e-04	0.0114
SLC6A2	0.00113	0.01379	0.00175	0.00159	0.00175
SLC6A20	0.03492	0.03669	0.04538	0.05445	0.03299
SLC6A4	0.16047	0.20066	0.21301	0.10789	0.20667
SLC6A6	0.06861	0.01368	0.09281	0.08181	0.05064
SLC6A8	0.00486	0.0486	0.04485	0.01069	0
SLC6A9	0.00384	0.01523	0.00889	0.00105	0.04275
SLC7A1	0.04984	0.03184	0.01209	0.14788	0.06388
SLC7A10	0.00241	0.01545	0	0	0
SLC7A11	0.16382	0.2557	0.22556	0.12022	0.20399
SLC7A11-AS1	0.00833	0.02097	0.01497	0.00516	0.00835
SLC7A14	0.10768	0.12726	0.11415	0.11352	0.1299
SLC7A2	0.08248	0.33895	0.11779	0.03191	0.00842
SLC7A5	0.04162	0.0072	0.00957	0.05051	0.06636
SLC7A5P2	0.20985	0.09871	0.15714	0.22788	0.22217
SLC7A6	0.17642	0.07805	0.0445	0.17907	0.10989
SLC7A6OS	0.08216	0.0354	0.02539	0.04654	0.07726
SLC7A7	0.00429	0.00449	0.19829	0.04242	0.12013
SLC7A8	0.00459	0.01251	0.25898	0	0
SLC7A9	0.01507	0.02841	0.00196	0	0
SLC8A1	0.02569	0.00816	0.38524	0.01065	0.0031
SLC8A2	0.00101	0.00676	0	0	0
SLC8B1	0.03673	0.05827	0.12867	0.00955	0.01407
SLC9A1	0.03103	0.0098	0.02721	0.04287	0.02907
SLC9A2	0.00084	0.0026	0	0	0
SLC9A3R1	0.64999	0.84616	0.30875	0.89358	0.4215
SLC9A3R2	0.00446	0.03747	0.00529	0.00088	0
SLC9A4	0.00251	0.00345	0.00021	0	0.00224
SLC9A6	0.0318	0.04935	0.04962	0.05191	0.01134
SLC9A7	0.13519	0.26535	0.14169	0.13641	0.16535
SLC9A7P1	0.04417	0.01128	0.03928	0.00238	0.03853
SLC9A8	0.03949	0.06104	0.04807	0.02871	0.05082
SLC9A9	0.06652	0.0109	0.13052	0.07504	0.01057
SLC9B1	0.01869	0.00106	0.00128	0	0
SLC9B2	0.0475	0.04842	0.04041	0.06512	0.02413
SLCO1A2	0.001	0.02461	0	0	0
SLCO1B1	0.10194	0.72137	0.15029	0.07103	0.03156
SLCO1B3	0.05796	0.32253	0.0411	0.00461	0.02913
SLCO1B7	0.01093	0.03116	0.00157	0	0
SLCO2B1	0.05328	0.1482	0.43368	5e-04	0.00699
SLCO3A1	0.07186	0.07527	0.10732	0.02865	0.04901
SLCO4A1	0.00087	0.00013	0.01062	0.01639	0.02641
SLCO4C1	0.02541	0.03313	0.01112	0	0.01079
SLCO5A1	0.00554	0.00439	0.0104	0.03732	0.02005
SLCO6A1	0.00031	0.00899	0.0093	0	0
SLFN11	0.07363	0.04227	0.13452	0.13804	0.23252
SLFN12	0.08865	0.03907	0.02767	0.04476	0.00725
SLFN12L	0.10812	0.00288	0.00511	0.07195	0.02569
SLFN13	0.19292	0.10513	0.04622	0.25106	0.20858
SLFN5	0.96366	0.06619	0.15205	0.85617	0.31495
SLFNL1	0	0.003	0	0.01349	0.00082
SLIRP	0.20656	0.37659	0.27901	0.57029	0.28329
SLIT1	0.00684	0.00244	0.00081	0.0108	0
SLIT2	0.00082	0.00829	0	0	0
SLITRK3	0.00062	0.00618	0.00407	0	0.00085
SLITRK4	0.00305	0.01216	0.01359	0.00227	0.01051
SLK	0.40814	0.34141	0.32833	0.48391	0.27808
SLMAP	0.19865	0.20074	0.09448	0.19161	0.17291
SLPI	0.02641	0.29276	0.07474	0.01414	0.0013
SLTM	0.96523	0.67931	0.74944	1.31929	0.90138
SLU7	0.40381	0.27796	0.32991	0.36628	0.47699
SLX4	0.03851	0.03132	0.05119	0.16723	0.03919
SLX4IP	0.04514	0.04422	0.06258	0.02719	0.04138
SMAD1	0.043	0.06248	0.0274	0.04558	0.00074
SMAD2	0.19482	0.19925	0.1803	0.31743	0.0699
SMAD3	0.13467	0.19443	0.07149	0.11128	0.03955
SMAD4	0.1089	0.218	0.16068	0.2266	0.22409
SMAD5	0.24204	0.5249	0.3518	0.13258	0.25674
SMAD6	0.00041	0.01089	0.00363	0	0
SMAD7	0.04455	0.02903	0.02168	0.00968	0.03495
SMAD9	0	0.00536	0.00267	0.00056	0.0043
SMAGP	0.01576	0.03258	0.03038	0	0.02227
SMAP1	0.21898	0.21345	0.16994	0.20301	0.18917
SMAP2	0.86221	0.3304	0.57465	0.82365	0.84407
SMARCA1	0.07719	0.68455	0.24134	0.00499	0.00127
SMARCA2	0.51065	0.21544	0.4747	0.97787	0.49679
SMARCA4	0.43698	0.27988	0.40218	0.69525	0.34034
SMARCA5	0.58002	0.27319	0.36803	0.98358	0.69126
SMARCA5-AS1	0.0014	0.00013	0	0.00095	0.01314
SMARCAD1	0.14871	0.10766	0.08668	0.15349	0.16453
SMARCAL1	0.05746	0.04019	0.07106	0.11217	0.02595
SMARCB1	0.06476	0.07038	0.04086	0.08258	0.11354
SMARCC1	0.5586	0.50972	0.40027	0.91236	0.37698
SMARCC2	0.50211	0.54579	0.47389	0.55666	0.46319
SMARCD1	0.07239	0.14316	0.12214	0.28567	0.08049
SMARCD2	0.10354	0.11968	0.16138	0.19982	0.08408
SMARCD3	0.01274	0.0341	0.06179	0.00995	0
SMARCE1	0.50645	0.36825	0.24413	0.6329	0.31911
SMC1A	0.5352	0.3511	0.39488	1.49222	0.41522
SMC1B	0.00564	0.0235	0	0	0.00065
SMC2	0.1467	0.11715	0.15018	1.24515	0.11222
SMC3	0.63804	0.4506	0.33348	1.34778	0.45375
SMC4	0.56204	0.33922	0.38971	2.40071	0.69397
SMC5	0.43987	0.22807	0.34448	0.69625	0.29998
SMC5-AS1	0.00151	0.01087	0.00325	0.05317	0.01079
SMC6	0.26842	0.34283	0.20758	0.45197	0.33043
SMCHD1	0.84517	0.3442	0.27266	1.0867	0.8277
SMCO4	0.09111	0.17017	0.1643	0.12902	0.05212
SMCR5	0.00338	0.00827	0.00314	0.00739	0.00233
SMCR8	0.15346	0.18032	0.21774	0.157	0.19501
SMDT1	0.38874	0.17806	0.12327	0.47485	0.43397
SMG1	0.70055	0.42855	0.44258	0.78533	0.29593
SMG1P1	0.00711	0.00433	0.00753	0.00458	0.01323
SMG5	0.20817	0.38968	0.16474	0.2075	0.15364
SMG6	0.1707	0.07024	0.1354	0.16289	0.05973
SMG7	0.21663	0.33241	0.18279	0.49262	0.27221
SMG7-AS1	0.05722	0.05751	0.06272	0.0134	0.04559
SMG8	0.02406	0.0334	0.01954	0.00473	0.02255
SMG9	0.13385	0.16701	0.18236	0.21153	0.20623
SMIM1	0.01268	0.07686	0.01643	0	0.075
SMIM10	0.02688	0.00032	0	0.02309	0.02008
SMIM12	0.13398	0.14144	0.10569	0.15947	0.07707
SMIM13	0.02813	0.08696	0.03175	0.05793	0.04388
SMIM14	0.39393	1.09409	0.62028	0.36934	0.48602
SMIM15	0.07767	0.09786	0.1423	0.32115	0.12325
SMIM17	0.00393	0.00773	0.00265	0.00402	0.00151
SMIM19	0.12221	0.17101	0.08071	0.2463	0.0682
SMIM2-AS1	0.00067	0.01196	0.01449	0	0
SMIM20	0.02011	0.1034	0.07285	0.0753	0.05431
SMIM22	0.00351	0.00483	0.02148	0.01106	0.01531
SMIM3	0.01074	0.00518	0.01579	0.03503	0.00408
SMIM4	0.09745	0.0958	0.06175	0.1905	0.07037
SMIM5	0.08946	0.14917	0.10318	0.08669	0.15037
SMIM6	0	0.00668	0.00097	0	0.00194
SMIM7	0.18571	0.26683	0.25589	0.44602	0.25307
SMIM8	0.01355	0.06327	0.03624	0.07541	0.0221
SMKR1	0.01231	0.0052	0.00338	0	0
SMLR1	0.04497	0.43705	0.12967	0.02223	0.00583
SMNDC1	0.15538	0.12079	0.21325	0.35028	0.15147
SMO	0.02627	0.28308	0.03828	0.00456	0
SMOC1	0.01548	0.19914	0.06639	0.01523	0.00862
SMOX	0.02389	0.03559	0.0272	0.02897	0.02375
SMPD1	0.15718	0.39788	0.13484	0.15957	0.15296
SMPD2	0.02582	0.03946	0.03217	0.01905	0.04183
SMPD3	0.03714	0.00635	0.01974	0.01298	0.03262
SMPD4	0.01812	0.01519	0.00102	0.01858	0.01275
SMPDL3A	0.01242	0.1323	0.11152	0.00447	0.00083
SMPDL3B	0.01713	0.00815	0.00532	0.00542	0.1859
SMPX	0.00018	0.01831	0.00675	0	0.00653
SMS	0.14295	0.11583	0.27346	0.38242	0.0371
SMTN	0.00983	0.02271	0.01411	0.06265	0.02779
SMU1	0.23479	0.15211	0.1803	0.31051	0.26768
SMUG1	0.10155	0.15142	0.10245	0.32803	0.22002
SMURF1	0.0615	0.10995	0.06349	0.03423	0.04919
SMURF2	0.0358	0.03384	0.05597	0.00938	0.03699
SMYD2	0.03836	0.0889	0.0107	0.019	0.07081
SMYD3	0.08526	0.0714	0.02483	0.05499	0.0563
SMYD4	0.22932	0.24763	0.25786	0.18901	0.21023
SMYD5	0.04157	0.09578	0.04399	0.06807	0.01345
SNAI1	0.00976	0.00251	0.01266	0.00345	0.00753
SNAI2	0.00217	0.02346	6e-04	0.00103	0.00081
SNAI3	0.03825	0.00214	0.03129	0.0156	0.07115
SNAI3-AS1	0.00339	0.01069	0.00314	0.00241	0.02643
SNAP23	0.16777	0.159	0.25208	0.14267	0.09419
SNAP25	0	0.00703	0.00038	0	0
SNAP29	0.22898	0.28519	0.29344	0.24582	0.2881
SNAP47	0.27605	0.13206	0.09998	0.2654	0.17942
SNAPC1	0.11989	0.14707	0.191	0.16154	0.1033
SNAPC2	0.00459	0.01787	0.00141	0.03396	0.00549
SNAPC3	0.02898	0.03213	0.0437	0.02551	0.01247
SNAPC4	0.03101	0.07	0.0538	0.03529	0.04169
SNAPC5	0.10585	0.08366	0.05199	0.16467	0.11447
SNAPIN	0.06543	0.11531	0.06061	0.11652	0.06806
SNCAIP	0.00031	0.03075	0	0	0
SNCG	0.00447	0.01173	0.00663	0.0011	0
SND1	0.22176	0.4507	0.27665	0.53594	0.68807
SNED1	0.00297	0.02354	0.02481	0	0
SNF8	0.19033	0.19097	0.13013	0.43991	0.15786
SNHG1	0.23196	0.16998	0.22319	0.40335	0.30248
SNHG10	0.01656	0.02295	0.01098	0.02528	0.01221
SNHG11	0.01507	0.11407	0.04043	0.03322	0.03568
SNHG12	0.12046	0.05086	0.21885	0.20609	0.11547
SNHG15	0.06913	0.03086	0.03939	0.11811	0.05913
SNHG16	0.16003	0.24535	0.14575	0.23138	0.11409
SNHG17	0.08171	0.09837	0.05918	0.14128	0.03372
SNHG3	0.09584	0.08011	0.04855	0.1399	0.04446
SNHG5	0.46124	0.14113	0.29271	0.59646	0.53433
SNHG6	0.37505	0.17708	0.20386	0.6626	0.24556
SNHG7	0.17654	0.20527	0.17586	0.13059	0.1447
SNHG8	0.2772	0.14779	0.18966	0.21117	0.18731
SNHG9	0.28489	0.13845	0.1326	0.33817	0.31577
SNIP1	0.1398	0.20215	0.18789	0.15813	0.2244
SNN	0.02683	0.04725	0.0723	0.00436	0.02205
SNORA1B	0.00209	0.00307	0.00141	0	0.00013
SNORA10	0.00075	0.00228	0.00177	0	0.05588
RF00614	0.01121	0.00899	5e-04	0.01012	6e-04
SNORA11B	0.0032	0.00366	0.0055	0	0.00045
RF00586	0.17582	0.02645	0.02846	0.18043	0.09016
SNORA14A	0	0.01425	0.00839	0	0.00094
SNORA14B	0.00455	0.00186	0	0.00109	0.00207
SNORA15B-2	0.00042	0.00351	0	0.00089	0.0021
RF00425	0.00174	0.00396	0.00747	0	0.00088
SNORA19	0.03077	0.0077	0.00176	0.02036	0.00613
RF00401	0.0151	0.02106	0.02109	0.02873	0.01447
SNORA21	0.05425	0.04059	0.00629	0.08426	0.07874
SNORA23	0.00334	0.01113	0	0.00314	0.00548
SNORA24B	0	0.00697	0.00351	0.00511	0.00108
RF00402	0.00719	0.01607	0.00168	0.00732	0.00197
RF00568	0	0.00441	0	0.01876	0.0158
RF00443	0.01497	0.00588	0.00442	0.01879	0.00333
SNORA28	0.07982	0.082	0.01325	0.08501	0.09763
SNORA2A	0.00131	0.00067	0	0.01326	0
SNORA2B	0.01097	0.00484	0.00492	0.00376	0.01855
SNORA31	0	0.00163	0.0045	0.00088	0.00062
RF00421	0.02985	0.04827	0.02492	0.01991	0.04582
SNORA33	0.01908	0.01731	0.00934	0.01679	0.00879
SNORA36B	0.00147	0.00109	0	0.00087	0
RF00394	0.00857	0.0074	0.00573	0	0.00137
SNORA40B	0.04133	0.04392	0.01333	0.01896	0.04522
SNORA41	0.02926	0.01842	0.00382	0.00257	0.0395
RF00405	0.00372	0.00199	0.00369	0.00772	0.01147
SNORA49	0.00075	0.00277	0	0	0
SNORA53	0.08194	0.06531	0.00712	0.05004	0.14909
SNORA54	0.00697	0.00555	0.00221	0	0.01253
SNORA55	0.11456	0.13323	0.04073	0.08308	0.17807
SNORA57	0.05943	0.02381	0.0086	0.07013	0.05611
RF00418	0.00836	0.01003	0.00662	0.00834	0.00307
RF00092	0.00347	0.00575	0.00544	0.00159	0.01012
SNORA66	0.06267	0.03263	0.00447	0.03564	0.06269
RF00272	0.00554	0.00257	0.00294	0.01663	0.0038
SNORA68B	0.00395	0.00422	0.00261	0	6e-04
SNORA69	0.01118	0.00962	0	0.00591	0.0184
RF00156	0.00437	0.00092	0.00324	0.00256	0.00351
SNORA70F	0.00103	0.00127	0.00148	0	0
SNORA71D	0.00692	0.00797	0.01036	0.02891	0.00922
SNORA73B	0.26406	0.1913	0.05583	0.09673	0.19966
SNORA74A	0.00218	0.00267	0	0	0.00046
SNORA75B	0.02896	0.04654	0.00533	0.02129	0.05936
SNORA7B	0.00076	0.00532	0.00081	0	0.00523
SNORA80B	0.00042	0.00346	0	0.06059	0.0581
SNORD10	0.0023	0.00891	0.00881	0.01272	0.0043
SNORD100	0.00626	0.00128	0.01264	0.00115	0.00032
SNORD102	0.00609	0.00328	0.00249	0	0
SNORD104	0.07198	0.0681	0.02298	0.01186	0.01925
SNORD105B	0.00835	0.0092	0.00295	0.00705	0.00669
SNORD11	0.02429	0.00611	0.01667	0.00128	0.0105
SNORD110	0.00873	0.00284	0.00068	0.00985	0.00548
SNORD116-1	0.002	0.00436	0	0	0.00044
SNORD116-12	0	0.00091	0	0	0.00527
SNORD116-16	0.00315	0.00055	0	0	0
SNORD116-2	0.01071	0.02407	0.00345	0.0048	0.03566
SNORD116-24	0	0.00047	0.00118	0	0
SNORD116-25	0.00034	0.00204	0	0.01691	0.00105
SNORD116-26	0.00855	0.0092	0.00172	0.00098	0.00774
SNORD116-27	0	0.00092	0	0	0.00352
SNORD116-29	0.00507	0.00627	0.00287	0	0.00617
SNORD116-8	0.00689	0.01132	0.00311	0.00555	0.01035
SNORD12B	0	0.00127	0.00125	0	0.01133
SNORD12C	0.00112	0.00032	0.00104	0.00947	0.00151
SNORD16	0.00666	0.00264	0.00276	0.00083	0
SNORD17	0.01218	0.02266	0.03997	0.01426	0.01647
SNORD1B	0	0.00076	0	0	0
RF01299	0.00031	0.00587	0.00793	0	0.00168
RF00086	0.00716	0.00354	0	0.00313	0.00591
SNORD31B	0.00033	0.00472	0.00205	0.02201	0.00487
SNORD34	0.00418	0.00055	0.00195	0.01068	0
SNORD35A	0.00466	0.00301	0.00386	0.00066	0
SNORD35B	0.00063	0.00343	0.0077	0.00136	0
SNORD36C	0.00044	0.00061	0	0.00085	0.00237
SNORD38A	0.01688	0.00948	0.00999	0.01066	0.01866
SNORD38B	0	0.00409	0.00748	0	0.00177
SNORD42A	0.00776	0.01317	0.00334	0.00239	0.01561
SNORD42B	0.00478	0.00183	0	0.00859	0.00439
SNORD43	0.00469	0.00383	0.00149	0.0104	0.0012
RF00287	0	0.00067	0.00043	0	0
SNORD45A	0.00767	0.00319	0.00333	0	0
SNORD45B	0.01013	0.00372	0.00141	0.00164	0.00647
SNORD45C	0.00091	0.0026	0.00126	0	0.00052
SNORD46	0.0404	0.01504	0.02281	0.01839	0.06543
SNORD48	0.00035	0.00097	9e-04	0	0
RF01161	0	0.00082	0.00027	0	0
SNORD52	0.0025	0.00438	0.00045	0.00124	0.01017
SNORD55	0.0054	0.00839	0.00052	0.00707	0.00424
RF00275	0	0.00101	0.00688	0.00804	0.00016
SNORD57	0.04489	0.03238	0.07196	0.02013	0.05083
SNORD58A	0.00442	0.0036	0	0	0.00269
SNORD58C	0.01407	0.00617	0.00217	0.00264	0.00506
SNORD59A	0.00196	0.00065	0.00058	0	0
RF00271	0.01416	0.00754	0	0.0115	0.01181
SNORD63	0.01751	0.04672	0.02933	0.02611	0.01528
SNORD67	0.05895	0.02886	0.05118	0.02935	0.0414
SNORD68	0.00937	0.00651	0.00238	0.00868	0.01174
SNORD7	0	0.00228	0.01316	0	0
SNORD71	0.0068	0.00455	0.00807	0.00089	0.00422
SNORD72	0.00207	0.00344	0	0.00543	0.00097
RF00284	0.00366	0.00168	0.00113	0	0
RF00592	0.00095	0.00331	0.00349	0.00129	0.00147
RF00152	0.05977	0.07396	0.03611	0.03234	0.01633
SNORD8	0.00888	0.00529	0	0.00372	0.00299
RF00136	0.01707	0.03226	0.01612	0.03539	0.03331
SNORD83A	0.00323	0.00464	0.00899	9e-04	0.00878
SNORD83B	0.00883	0.00342	0.00432	0	0
SNORD84	0.00078	0.00419	0.00705	0.00161	0.00126
SNORD87	0.0044	0.00401	0.0013	0.00349	0.00457
SNORD89	0.14032	0.12787	0.04939	0.10842	0.17967
SNORD92	0	0.00097	0.0015	0	0.00032
RF00189	0.0089	0.00335	0.00285	0.00169	0
SNORD97	0.00755	0.00294	0.01038	0.00092	0.01563
SNORD99	0.0095	0.00377	0.03923	0.01762	0.00178
SNRK	0.27042	0.07841	0.09605	0.25876	0.20312
SNRK-AS1	0	0.0099	0.00456	0	0.00355
SNRNP200	0.39174	0.40601	0.29422	0.59695	0.28122
SNRNP25	0.07807	0.07697	0.04033	0.42659	0.17366
SNRNP27	0.21549	0.17844	0.20077	0.51648	0.30224
SNRNP35	0.12811	0.13368	0.08376	0.14747	0.10015
SNRNP40	0.02847	0.03827	0.02906	0.08662	0.03328
SNRNP48	0.07608	0.22038	0.1066	0.08974	0.05813
SNRNP70	0.21735	0.30307	0.21469	0.29456	0.29896
SNRPA	0.10423	0.20239	0.13376	0.37256	0.0884
SNRPA1	0.12043	0.11448	0.04841	0.23402	0.07069
SNRPB	0.31222	0.24267	0.17432	0.73571	0.14284
SNRPB2	0.30421	0.25727	0.24903	0.49667	0.29144
SNRPC	0.2752	0.52441	0.4235	0.74246	0.38912
SNRPD1	0.24614	0.24357	0.16529	0.65759	0.1301
SNRPD2	0.91641	0.50395	0.36566	1.56888	0.7772
SNRPD3	0.30995	0.43745	0.23519	0.89909	0.34704
SNRPE	0.20501	0.32507	0.116	0.36975	0.1513
SNRPF	0.18575	0.19739	0.15653	0.32199	0.08566
SNRPG	0.36425	0.39185	0.24834	1.06605	0.30924
SNTA1	0.0487	0.10485	0.00741	0.04709	0.01422
SNTB1	0.10554	0.32856	0.11329	0.01893	0.00823
SNTB2	0.39356	0.23651	0.23518	0.37597	0.22767
SNTG1	0.00119	0.00299	0	0	0
SNTN	0.00078	0.00034	0.0032	0.00365	0.00234
SNUPN	0.06792	0.10364	0.07012	0.22945	0.04343
SNW1	0.29842	0.24514	0.24494	0.58166	0.25912
SNX1	0.24905	0.34325	0.25127	0.35835	0.1774
SNX10	0.14536	0.35218	0.303	0.27454	0.0639
SNX11	0.08449	0.04611	0.08544	0.13619	0.0416
SNX12	0.03297	0.1158	0.06877	0.05845	0.04296
SNX13	0.12435	0.12459	0.11187	0.08629	0.1044
SNX14	0.14287	0.26046	0.15908	0.12654	0.08521
SNX16	0.01098	0.02291	0.03777	0	0.00453
SNX17	0.36813	0.37093	0.37158	0.5483	0.44253
SNX18	0.1182	0.07945	0.15166	0.07741	0.08811
SNX19	0.14854	0.13218	0.13711	0.09245	0.17757
SNX2	0.25651	0.37135	0.52371	0.22107	0.29194
SNX20	0.15022	0.01216	0.09399	0.18804	0.1004
SNX21	0.01319	0.07925	0.02688	0.00134	0.00048
SNX22	0.16431	0.21521	0.1611	0.19811	0.20348
SNX24	0.03058	0.06507	0.09643	0.01512	0.00062
SNX25	0.04481	0.02726	0.02809	0.03346	0.10032
SNX27	0.13308	0.19426	0.16857	0.1131	0.05539
SNX29	0.04307	0.05006	0.13238	0.19	0.06747
SNX29P2	0.0014	0.00176	0	0.00119	0.01072
SNX3	0.17223	0.28968	0.26535	0.20383	0.21119
SNX30	0.06626	0.04264	0.03199	0.03938	0.03816
SNX33	0.01217	0.06518	0.05039	0	0.00309
SNX4	0.08378	0.17205	0.19586	0.2114	0.0904
SNX5	0.21587	0.32046	0.52211	0.52086	0.19935
SNX6	0.45747	0.28454	0.72681	0.66471	0.27701
SNX7	0.00176	0.06241	0.02858	0.00111	0.0017
SNX8	0.02758	0.09619	0.15844	0.10292	0.07673
SNX9	0.16627	0.22994	0.37261	0.16222	0.0666
SOAT1	0.23336	0.14332	0.18039	0.19893	0.09027
SOAT2	0.01952	0.01409	0.00223	0	0.00232
SOBP	0.00372	0.15932	0.02087	0.00454	0.01989
SOCS1	0.01744	0.00225	0.01159	0.06377	0.01842
SOCS2	0.07144	0.00851	0.01449	0.00636	0.025
SOCS3	0.02984	0.00816	0.0341	0.01982	0.09729
SOCS4	0.11116	0.11127	0.14954	0.16551	0.12423
SOCS5	0.04962	0.07672	0.05125	0.01938	0.03426
SOCS6	0.01399	0.12176	0.09114	0.02336	0.011
SOD1	0.95325	1.24728	0.87503	1.06878	0.51429
SOD2	0.3917	1.05958	1.41212	0.3039	0.31087
SOD3	0	0.01799	0.01737	0.00261	0
SOGA1	0.2276	0.26994	0.25933	0.21288	0.20993
SOGA3	0.01647	0.00282	0.00177	0	0
SOHLH1	0.00022	0.00288	0.00219	0	0
SON	2.16198	1.21524	1.53752	2.43511	2.12307
SORBS1	0.01425	0.15603	0.04501	0.00262	0.02662
SORBS2	0.06976	0.24758	0.09622	0.01246	0.04409
SORBS3	0.03626	0.06476	0.11759	0.01238	0.01814
SORCS1	0	0.003	0	0	0
SORCS2	0.00142	0.02231	0.00844	0	0
SORD	0.18958	0.9971	0.33976	0.07512	0.07622
SORL1	0.16488	0.47827	0.09728	0.10511	0.07259
SORT1	0.00596	0.12194	0.13722	0.00467	0.00333
SOS1	0.29739	0.24542	0.26034	0.47698	0.5043
SOS2	0.11391	0.14463	0.18002	0.15022	0.12137
SOWAHA	0.00818	0.09523	0.01797	0	0
SOWAHB	0	0.00658	0.00264	0	0
SOWAHC	0.10241	0.24462	0.20183	0.05495	0.03785
SOWAHD	0.00288	0.00298	0.01953	0.01194	4e-04
SOX12	0.05578	0.2448	0.19117	0.04735	0.0647
SOX13	0.00885	0.11524	0.04106	0.00127	0.00109
SOX18	0	0.00255	0	0	0
SOX2-OT	0.00791	0.01822	0.0107	0.0072	0.01232
SOX4	0.32898	0.89625	0.73043	0.23642	0.29239
SOX5	0.01742	0.11438	0.04434	0.05889	0.09689
SOX6	0.00191	0.03902	0.00617	0.00264	0.00184
SOX7	0.03529	0.04631	0.04653	0.06152	0.02405
SOX9	0.02212	0.15283	0.03475	0	0
SOX9-AS1	0.00179	0.02554	0.00747	0.01038	0
SP1	0.15262	0.21918	0.27376	0.30955	0.178
SP100	0.9457	0.37761	0.45171	1.21395	0.85856
SP110	0.63711	0.16844	0.45238	0.64922	0.46384
SP140	0.40837	0.03011	0.05536	0.61123	0.52618
SP140L	0.32771	0.21077	0.21747	0.44692	0.35214
SP2	0.09779	0.03595	0.01484	0.01296	0.0636
SP3	0.15651	0.15194	0.15895	0.32882	0.22627
SP4	0.20275	0.04166	0.0464	0.14144	0.0966
SP5	0.00522	0.05239	0.01114	0	0
SP8	0	0.00378	0	0	0
SPA17	0.00384	0.05551	0.03628	0.00285	0.0044
SPACA6P-AS	0.03422	0.02881	0.02017	0.01125	0.04069
SPAG1	0.02278	0.08806	0.04228	0.1327	0.04992
SPAG16	0.03993	0.10284	0.0563	0.04846	0.02802
SPAG17	0	0.00382	0	0	0
SPAG4	0.02378	0.05917	0.07275	0.03557	0.58038
SPAG5	0.04789	0.05179	0.04921	0.66387	0.05207
SPAG5-AS1	0.01766	0.00384	0.01585	0.02657	0.02019
SPAG6	0.00325	0.00158	0.00149	0.00065	0.01249
SPAG7	0.22105	0.08887	0.11917	0.31754	0.23309
SPAG8	0.00396	0.00335	0.00275	0.00098	0
SPAG9	0.37771	0.56722	0.7454	0.39129	0.34706
SPARC	0	0.02122	0.01097	0	0.00628
SPARCL1	0.06785	0.17733	0.04276	0.05704	0.119
SPAST	0.12211	0.1001	0.09127	0.13299	0.06191
SPATA1	0.00103	0.00996	0.0082	0.00276	0.00035
SPATA13	0.6126	0.31463	0.15791	0.48632	0.1816
SPATA17	0.01038	0.00287	0.00541	0	0
SPATA2	0.01628	0.0387	0.00781	0.02579	0.02204
SPATA20	0.0974	0.20673	0.19977	0.06936	0.20131
SPATA21	0.00023	0.01235	0.00116	0.00255	0.00639
SPATA24	0.00617	0.00626	5e-04	0.01033	0.0209
SPATA2L	0.0076	0.00943	0.00384	0.00197	0.00236
SPATA32	0	0.00207	0	0	0.00109
SPATA33	0.01808	0.04046	0.00756	0.01505	0.01919
SPATA41	0.00323	0.02394	0.00894	0	0
SPATA5	0.30346	0.31177	0.38262	0.256	0.32099
SPATA5L1	0.01853	0.0357	0.03741	0.03532	0.00583
SPATA6	0.0023	0.05422	0.07613	0.01206	0.00097
SPATA6L	0.0101	0.0181	0.00058	0.00965	0.00256
SPATA7	0.02025	0.04538	0.08146	0.00221	0.00632
SPATA9	0	0.00121	0.00478	0	0
SPATC1L	0.02996	0.02073	0.00795	3e-04	0.01689
SPATS2	0.31885	0.45557	0.37349	0.43406	1.20896
SPATS2L	0.27562	0.53485	0.39303	0.31498	0.07867
SPC24	0.04174	0.07806	0.04572	0.38071	0.06299
SPC25	0.00249	0.02468	0.00944	0.43858	0.01779
SPCS1	0.41252	0.57119	0.2353	0.44178	0.9859
SPCS2	0.53198	0.63378	0.48675	1.18254	1.76156
SPCS3	0.295	0.20946	0.29306	0.88199	1.64137
SPDEF	0.00064	0.00524	0.00097	0	0
SPDL1	0.16645	0.1301	0.14268	0.58949	0.09659
SPDYA	0	0.00485	0	0	0.00923
SPDYC	0	0.00169	0	0	0
SPECC1	0.09535	0.0221	0.18822	0.14914	0.07278
SPECC1L	0.05043	0.0535	0.02986	0.06083	0.03777
SPECC1L-ADORA2A	0.00217	3e-04	0.00122	0	0
SPEF2	0.01692	0.12352	0.03823	0.00083	0.00135
SPEN	0.49336	0.46075	0.49394	0.56926	0.46923
SPERT	0.00915	0.00374	0	0	0
SPESP1	0.00463	0.04412	0.01031	0	0.00422
SPG11	0.23656	0.16377	0.08798	0.14703	0.10793
SPART	0.04596	0.03923	0.27184	0.05916	0.0133
SPG21	0.11166	0.24651	0.32521	0.08778	0.10701
SPG7	0.27717	0.33682	0.14916	0.14949	0.14053
SPHK1	0.04535	0.08415	0.06332	0	0
SPHK2	0.02245	0.05631	0.0668	0.09714	0.02105
SPI1	0.00116	0.00236	0.10287	0.02406	0.00327
SPIB	0.27986	0.20202	0.29175	0.26917	0.2706
SPICE1	0.05926	0.08671	0.13307	0.11143	0.14284
SPIDR	0.09416	0.0863	0.09574	0.17512	0.08362
SPIN1	0.04542	0.05333	0.07277	0.10141	0.01023
SPIN2B	0.02925	0.02562	0.01834	0.0049	0.0191
SPIN3	0.0059	0.05273	0.00175	0.00203	0.001
SPIN4	0.01478	0.01313	0.00083	0.0231	0.01222
SPINK1	0.08791	0.83174	0.19529	0.0332	0.00695
SPINK5	0.01491	0.17176	0.06956	0.01127	0.01598
SPINT1	0.00049	0.00824	0.0206	0.0047	0
SPINT2	0.01015	0.0059	0.07276	0.03051	0.079
SPIRE1	0.03458	0.05246	0.2121	0.02314	0.00924
SPIRE2	0.28574	0.4102	0.30856	0.20377	0.31341
SPN	0.41761	0.22734	0.33479	0.57835	0.31391
SPNS1	0.08907	0.19382	0.13446	0.11689	0.09715
SPNS2	0	0.00433	0.00327	0.00026	0
SPNS3	0.10344	0.00533	0.02971	0.06115	0.03355
SPOCD1	0	0.00478	0.009	0	0
SPOCK1	0	0.00439	0	0	0
SPOCK2	0.47561	0.0148	0.032	0.3454	0.07648
SPON2	0.18004	1.05841	0.30177	0.1089	0.043
SPOP	0.29642	0.31458	0.24358	0.38373	0.50308
SPOPL	0.12651	0.10781	0.17055	0.10646	0.0685
SPP1	0.11662	0.46358	1.44254	0.04622	0.00113
SPP2	0.01928	0.19317	0.02079	0.00063	0.00759
SPPL2A	0.19893	0.34607	0.31853	0.21854	0.14785
SPPL2B	0.01874	0.05574	0.02053	0.0183	0.06848
SPPL3	0.154	0.2101	0.1559	0.119	0.13455
SPR	0.02756	0.12376	0.09028	0.00869	0.00695
SPRED1	0.0202	0.07402	0.29121	0.00433	0.02981
SPRED2	0.03239	0.0532	0.01881	0.00232	0.01752
SPRED3	0.01249	0.01305	0.00637	0.00229	0.00628
SPRTN	0.06171	0.04422	0.02174	0.03047	0.03629
SPRY1	0.05746	0.07733	0.02112	0.07258	0.0054
SPRY2	0.06527	0.02043	0.04831	0.0298	0.00497
SPRY4	0.00043	0.01356	0.00067	0.00108	0
SPRYD3	0.07399	0.08364	0.08198	0.14769	0.09602
SPRYD4	0.06718	0.12141	0.07726	0.00786	0.03759
SPRYD7	0.06545	0.16899	0.11209	0.09866	0.07307
SPSB1	0.03623	0.10383	0.04092	0.0065	0.04575
SPSB2	0.01614	0.03304	0.02514	0.02318	0.00553
SPSB3	0.18755	0.09789	0.11421	0.12557	0.12555
SPTAN1	0.49359	0.35527	0.18438	0.51601	0.23374
SPTBN1	0.63634	1.58796	0.63027	1.33813	0.51267
SPTBN2	0.00623	0.04128	0.02611	0	0.02113
SPTBN4	0.00033	0.00283	0.006	0	0
SPTBN5	0.02146	0.01994	0.01885	0	0.00054
SPTLC1	0.14603	0.16841	0.14481	0.19758	0.14841
SPTLC2	0.25147	0.19953	0.23079	0.34005	0.20255
SPTLC3	0.00318	0.04317	0.04759	0.00102	0.00398
SPTSSA	0.05014	0.09689	0.06551	0.04744	0.07574
SPTY2D1	0.36118	0.22623	0.23784	0.29619	0.38088
SPTY2D1OS	0.01661	0.01282	0.00423	0	0
SQLE	0.18396	0.40788	0.19157	0.13631	0.07033
SQOR	0.13513	0.13475	0.10881	0.12669	0.12892
SQSTM1	0.92799	2.0034	1.55461	0.47013	0.70802
SRA1	0.3249	0.26187	0.19097	0.57765	0.31966
SRBD1	0.09274	0.11531	0.139	0.31459	0.30089
SRC	0.01774	0.02019	0.05219	0.00033	0.00254
SRCAP	0.11	0.10683	0.11896	0.08996	0.16896
SRD5A1	0.03352	0.09881	0.0338	0.03494	0.00937
SRD5A3	0.04548	0.05676	0.06277	0.023	0.03043
SRD5A3-AS1	0.00139	0.00378	0.00131	0	0.01055
SREBF1	0.03274	0.15054	0.11103	0.08314	0.0134
SREBF2	0.11835	0.24008	0.11207	0.20756	0.09674
SREK1	0.69599	0.86388	0.78496	1.01613	0.82796
SREK1IP1	0.26277	0.20019	0.21167	0.35795	0.28232
SRF	0.07604	0.10118	0.07105	0.09328	0.05855
SRFBP1	0.25547	0.29496	0.31063	0.27363	0.30074
SRGAP1	0.01503	0.05005	0.07522	0.00292	0.00455
SRGAP2	0.04697	0.05087	0.13185	0.1338	0.06091
SRGAP2D	0.00922	0.00135	0.00061	0.00071	0
SRGAP3	0.02188	0.0291	0.05332	0.02289	0.00131
SRGN	1.83479	1.21732	1.74565	1.56818	1.61049
SRI	0.21245	0.10528	0.0899	0.34786	0.0607
SRL	0.00207	0.00226	0.00157	0	0
SRM	0.23916	0.19365	0.12819	0.31633	0.43873
SRP14	1.53895	0.99545	0.94061	1.7644	1.36123
SRP14-AS1	0.1022	0.10998	0.09146	0.0359	0.11003
SRP19	0.31857	0.23326	0.20145	0.59344	0.49014
SRP54	0.1952	0.22611	0.11079	0.48708	0.57077
SRP68	0.19392	0.14688	0.13824	0.37764	0.29943
SRP72	0.43093	0.2949	0.41068	0.68071	0.7929
SRP9	0.27464	0.46828	0.24314	0.53186	0.24189
SRPK1	0.24439	0.28078	0.08946	0.39908	0.25378
SRPK2	0.21664	0.2058	0.18574	0.25663	0.23465
SRPRB	0.14981	0.25821	0.21309	0.37188	0.5559
SRPX2	0	0.00165	0.00071	0	0
SRR	0.00762	0.02086	0.01564	0.0774	0.00632
SRRD	0.03655	0.08227	0.01056	0.05674	0.06224
SRRM1	0.80089	0.47595	0.65975	1.36506	0.79208
SRRM2	1.35212	0.96281	1.50726	1.59886	1.7019
SRRM2-AS1	0.00952	0.0074	0.00207	0.00056	0.00731
SRRM3	0	0.00808	0.00186	0	0
SRRM4	0.00612	0.00565	0.01672	0.00687	0.00178
SRRM5	0	0.00913	0.02265	0.00235	0
SRRT	0.43642	0.41451	0.25672	0.63861	0.34537
SRSF1	0.12032	0.23672	0.18943	0.29766	0.0997
SRSF10	0.78536	0.8143	0.74202	1.54239	0.81077
SRSF11	1.0565	1.38687	1.06066	1.21735	1.03463
SRSF12	0.15139	0.11587	0.14679	0.14085	0.21614
SRSF2	0.48103	0.34279	0.26598	0.76759	0.48744
SRSF3	1.1538	0.56129	0.76171	1.84894	0.87686
SRSF4	0.2806	0.21762	0.25562	0.57666	0.32597
SRSF5	0.88743	0.45826	0.61372	0.78706	0.74534
SRSF6	0.31988	0.49836	0.36364	0.39155	0.35626
SRSF7	0.81395	0.32564	0.44522	0.78665	0.59872
SRSF9	0.22626	0.2425	0.23499	0.46828	0.23253
SRXN1	0.0704	0.21892	0.11504	0.03234	0.00518
SS18	0.09193	0.1177	0.08045	0.16492	0.19984
SS18L1	0.05818	0.22848	0.07197	0.09977	0.06231
SS18L2	0.07843	0.08993	0.05002	0.17295	0.12561
SSB	0.39272	0.47099	0.46327	0.69256	0.32952
SSBP1	0.29018	0.35488	0.24148	0.74115	0.29444
SSBP2	0.11264	0.14775	0.16521	0.13127	0.15869
SSBP3	0.08616	0.17529	0.08086	0.08159	0.05195
SSBP4	0.23926	0.09763	0.17456	0.27074	0.1403
ITPRID2	0.08679	0.24031	0.22943	0.10238	0.11782
SSH1	0.26499	0.16031	0.24539	0.30418	0.16093
SSH2	0.18925	0.04503	0.1003	0.17008	0.19169
SSH3	0.02243	0.04681	0.03164	0	0.01303
SSNA1	0.16648	0.08594	0.05315	0.22714	0.11099
SSPN	0.00602	0.00614	6e-04	0.11175	0.29253
SSPO	5e-04	0.01308	0	0	0
SSR1	0.6073	0.99398	0.72761	0.85203	1.10664
SSR2	0.71606	0.69263	0.42724	0.79958	1.0883
SSR3	0.34089	0.50891	0.52765	0.81231	1.31395
SSR4	1.3049	0.84036	0.75503	1.88288	4.81595
SSR4P1	0	0.01093	0	0.00028	0.00622
SSRP1	0.24639	0.34827	0.18822	0.95734	0.19373
SSSCA1	0.09977	0.1346	0.10085	0.29425	0.29808
SSSCA1-AS1	0.01252	0.00214	0	0.00811	0.00526
SSTR1	0	0.00454	0	0	0
SSTR2	0.09744	0.10721	0.1219	0.04825	0.06669
SSTR5-AS1	0.00476	0.00886	0.00814	0.00588	0.01353
SSU72	0.36382	0.4928	0.29625	0.48916	0.30704
SSUH2	0	0.00795	0	0	0.00232
SSX1	0.02044	0.08569	0.0479	0.00085	0.00431
SSX2IP	0.04788	0.18935	0.1316	0.13663	0.02564
SSX3	0	0.00044	0	0	0.00049
SSX5	0.00106	0.01387	0.00717	0	0
SSX6P	0.0068	0.00632	0.00341	0	0
ST13	0.62608	0.76994	0.89541	0.87664	0.42151
ST13P4	0.00991	0.00267	0.0237	0.00204	0.00194
ST14	0.00079	0.03255	0.04344	0.00952	0.0227
ST20	0.0131	0.03249	0.00668	0.08757	0.00939
ST3GAL1	0.42088	0.58638	0.42183	0.4658	0.34834
ST3GAL2	0.09994	0.15415	0.12645	0.12075	0.22058
ST3GAL3	0.03466	0.08834	0.02125	0.03887	0.01771
ST3GAL4	0.003	0.02776	0.02054	0.00638	0.00147
ST3GAL5	0.09206	0.03291	0.12067	0.09452	0.08616
ST3GAL6	0.05983	0.15909	0.21961	0.04219	0.07207
ST5	0.05476	0.3696	0.05433	0.00606	0.04148
ST6GAL1	0.24629	1.12933	0.4847	0.22131	0.51892
ST6GAL2	0.06578	0.09786	0.08899	0.05347	0.09784
ST6GALNAC2	0.00174	0.02662	0.01629	0.00086	0
ST6GALNAC4	0.05474	0.02415	0.02628	0.12181	0.36586
ST6GALNAC5	0	0.00245	0	0	0
ST6GALNAC6	0.1136	0.12314	0.05499	0.08285	0.06878
ST7	0.01707	0.05587	0.02286	0.00728	0.01685
ST7-AS1	0	0.00417	0.01181	0.00067	0
ST7L	0.02352	0.04041	0.01109	0.08584	0.0071
ST8SIA1	0.06879	0.06487	0.0638	0.03175	0.0536
ST8SIA4	0.19379	0.02607	0.19376	0.20578	0.26354
ST8SIA6	0.03285	0.02248	0.02288	0.01047	0.00948
ST8SIA6-AS1	0.00034	0.03369	0.00839	0.0152	0.00057
STAB1	0.00577	0.03887	0.97488	0.02341	0.00347
STAC	0.01376	0.00493	0.00517	0.00575	0
STAC2	0.11651	0.13554	0.14466	0.0894	0.13297
STAC3	0	0.00256	0.00164	0	0.00761
STAG1	0.20075	0.12763	0.24281	0.37929	0.26276
STAG2	0.53759	0.5367	0.65972	0.72536	0.67535
STAG3	0.01814	0.03954	0.03777	0.00119	0.01126
STAG3L1	0.00683	0.02407	0.03996	0.05087	0.01956
STAG3L3	0.0111	0.00437	0.00037	0.062	0
STAG3L4	0.02871	0.06994	0.04095	0.12242	0.03733
STAG3L5P	0.00212	0.00216	0	0.02148	0
STAG3L5P-PVRIG2P-PILRB	0.05916	0.04675	0.01759	0.10565	0.04115
STAM	0.09434	0.08012	0.02907	0.12556	0.08669
STAM2	0.10209	0.13363	0.12765	0.06206	0.07319
STAMBP	0.14922	0.11169	0.07338	0.14919	0.11358
STAMBPL1	0.17549	0.02796	0.05962	0.24839	0.1634
STAP1	0.01383	0.00299	0.00112	0.07793	0.07748
STAP2	0.08114	0.28002	0.11559	0.04717	0.02103
STAR	0.09569	0.11553	0.12666	0.05496	0.09909
STARD10	0.17648	0.78831	0.21498	0.08379	0.07315
STARD13	0.01794	0.0661	0.06983	0.00255	0.01167
STARD3	0.06156	0.08512	0.09791	0.10671	0.0664
STARD3NL	0.06584	0.04382	0.06205	0.0853	0.01301
STARD4	0.06838	0.1382	0.0786	0.13978	0.05318
STARD4-AS1	0	0.00408	0	0.00335	0
STARD5	0.00345	0.02181	0.01175	0.0504	0.19387
STARD7	0.35931	0.35091	0.31709	0.49561	0.43392
STARD7-AS1	0.01566	0.01372	0.0089	0.00033	0.00039
STARD8	0.00516	0.04233	0.06915	0.00085	0.00856
STARD9	0.05247	0.04307	0.03996	0.01691	0.03839
STAT1	0.99021	0.42894	0.6946	1.08097	0.66254
STAT2	0.41493	0.65088	0.68851	0.44243	0.72188
STAT3	0.69352	0.59696	0.55429	0.76653	0.60991
STAT4	0.24211	0.00893	0.02092	0.14178	0.04227
STAT5A	0.15226	0.03563	0.13964	0.21789	0.04275
STAT5B	0.22932	0.12709	0.0719	0.43437	0.10995
STAT6	0.20655	0.23335	0.24729	0.13014	0.11168
STAU1	0.3662	0.7103	0.32269	0.41731	0.35362
STAU2	0.24726	0.21535	0.16507	0.19591	0.15836
STAU2-AS1	0.07993	0.10839	0.10415	0.08201	0.0816
STC1	0	0.00636	0	0	0.00253
STC2	0.02171	0.04946	0.01966	0.00942	0.00109
STEAP1	0.00159	0.03168	0.01414	0.00085	0.00082
STEAP1B	0.00182	0.00507	0.0024	0.00044	0
STEAP2	0.00995	0.05971	0.01993	0.00168	0.01068
STEAP3	0.02642	0.11752	0.03976	0.01813	0.00812
STEAP4	0	0.0041	0	0.00028	0
STIL	0.01519	0.02399	0.0165	0.45984	0.03316
STIM1	0.18191	0.23866	0.17194	0.06632	0.07213
STIM2	0.29594	0.07731	0.07937	0.40398	0.22078
STIP1	0.1849	0.28392	0.18185	0.55274	0.23003
STK10	0.50182	0.17197	0.41905	0.81207	0.37346
STK11	0.07159	0.13283	0.10415	0.12399	0.03554
STK11IP	0.02946	0.05369	0.07477	0.13242	0.06315
STK16	0.03476	0.05516	0.02751	0.04024	0.0322
STK17A	0.56919	0.07555	0.0811	0.62152	0.28073
STK17B	0.61693	0.03346	0.2614	0.52965	0.41947
STK19	0.00667	0.00443	0.00306	0.00857	0.00118
STK24	0.26688	0.15084	0.1331	0.39064	0.16587
STK25	0.14416	0.28577	0.13598	0.07654	0.07265
STK3	0.07173	0.12634	0.14217	0.01843	0.03458
STK31	0.00523	0.00779	0.00414	0	0
STK32A	0.00176	0.00123	0.00244	0.00045	0.00091
STK32B	0.00783	0.00226	0.00308	0	0
STK32C	0.01153	0.02416	0.04131	0.00223	0.00607
STK33	0	0.00606	0.00043	0.00231	0
STK35	0.08047	0.09923	0.03796	0.07212	0.05667
STK36	0.03325	0.13174	0.07927	0.06101	0.03254
STK38	0.23857	0.1988	0.18949	0.28155	0.19962
STK38L	0.09636	0.03366	0.15063	0.06847	0.11113
STK39	0.22461	0.10103	0.03929	0.3393	0.13464
STK4	0.88438	0.24927	0.38471	0.75892	0.66839
STK4-AS1	0.00043	0.00201	0	0.00161	0
STK40	0.08115	0.14423	0.17633	0.15336	0.13057
STMN1	0.27626	0.56057	0.35829	3.06744	0.17744
STMN3	0.03595	0.01085	0.01142	0.00894	0.00644
STOM	0.34042	0.22565	0.22137	0.31891	0.05989
STOML1	0.00617	0.03779	0.03352	0	0.03362
STOML2	0.16008	0.14071	0.11358	0.41125	0.18565
STON1	0.00196	0.00391	0	0.00124	0.0036
STON2	0.03953	0.06742	0.13357	0.04116	0.03005
STOX1	0.00281	0.04449	0.02089	0.00025	0.00184
STOX2	0.01846	0.10267	0.03077	0	0.01215
STPG1	0.01964	0.02113	0.01387	0.01057	0.00134
STRA8	0	0.00194	0.00862	0	0
STRADA	0.04637	0.06766	0.0778	0.11019	0.0776
STRADB	0.03566	0.09449	0.0219	0.05131	0.00825
STRAP	0.18447	0.17051	0.07242	0.22615	0.13482
STRBP	0.14609	0.12891	0.08672	0.35768	0.33292
STRC	0.00293	0.02175	0.00361	0.0018	0.00066
STRIP1	0.06859	0.05737	0.03402	0.09844	0.11493
STRIP2	0.01592	0.01703	0.00939	0.01775	0.00842
STRN	0.13817	0.13034	0.11666	0.29572	0.05903
STRN3	0.15171	0.19581	0.14997	0.08131	0.17362
STRN4	0.09417	0.09523	0.0836	0.07213	0.05252
STS	0.01616	0.01703	0.0067	0.03368	0.01165
STT3A	0.07069	0.35981	0.22611	0.18124	0.20008
STT3B	0.33135	0.47676	0.33925	0.61469	0.40073
STUB1	0.21283	0.24689	0.27044	0.53953	0.36657
STX10	0.09614	0.09913	0.12801	0.1981	0.04572
STX11	0.05692	0.00739	0.03053	0.07914	0.04409
STX12	0.06286	0.11091	0.21193	0.08311	0.05097
STX16	0.62815	0.59853	0.55668	0.41639	0.58928
STX16-NPEPL1	0.01464	0.00118	0	0.02659	0.00498
STX17	0.21594	0.17812	0.18905	0.32164	0.21557
STX18	0.09085	0.11359	0.13577	0.33471	0.10772
STX18-AS1	0.00416	0.00487	0	0	0.00169
STX1A	0.00567	0.00636	0.00082	0	0.00239
STX1B	7e-04	0.00422	0.01708	0.00542	0.00181
STX2	0.08253	0.06919	0.10075	0.08334	0.05826
STX3	0.09234	0.20097	0.14791	0.04731	0.0376
STX4	0.07505	0.15169	0.16552	0.14765	0.13956
STX5	0.0894	0.14367	0.05665	0.11365	0.2488
STX6	0.06966	0.08864	0.12693	0.11344	0.05361
STX7	0.09681	0.12682	0.27254	0.1763	0.24403
STX8	0.33548	0.12599	0.13498	0.29543	0.19979
STXBP1	0.00558	0.04112	0.01529	0	0.00416
STXBP2	0.00089	0.0081	0.029	0.06677	0.00736
STXBP3	0.12731	0.09074	0.13802	0.22504	0.09899
STXBP4	0.05892	0.05977	0.02742	0.01678	0.02994
STXBP5	0.09793	0.09335	0.04509	0.11651	0.00548
STXBP5-AS1	0.00521	5e-04	0.001	0	0.0017
STXBP6	0.00169	0.0371	0.00556	0.01406	0
STYX	0.20576	0.15303	0.10364	0.13663	0.10548
STYXL1	0.1179	0.14347	0.08556	0.1609	0.15765
SUB1	0.59496	0.80896	0.43976	1.24577	1.2223
SUCLA2	0.05798	0.09344	0.04341	0.03954	0.08635
SUCLG1	0.17969	0.43405	0.23178	0.30325	0.16609
SUCLG2	0.22691	0.33197	0.16448	0.27402	0.1381
SUCNR1	0.00891	0.00415	0.11754	0	0.00049
SUCO	0.26986	0.31087	0.16194	0.28354	0.37776
SUDS3	0.24631	0.27296	0.17809	0.39035	0.28267
SUFU	0.01601	0.03473	0.04162	0.06015	0.04415
SUGCT	0.00283	0.04481	0.00113	0	0
SUGP1	0.13544	0.19356	0.14028	0.14431	0.18523
SUGP2	0.63716	0.7332	0.61447	0.74268	0.59695
SUGT1	0.229	0.1938	0.1956	0.32457	0.18675
SUGT1P3	0.01219	0.00902	0.0048	0.00524	0.00692
SULF1	0	0.00603	0.00044	0	0
SULF2	0.00655	0.07901	0.15155	0.00772	0.00858
SULT1A1	0.0129	0.12228	0.18869	0.03223	0.01588
SULT1A2	0.01414	0.08297	0.02374	0.03276	0.02004
SULT1B1	0.00281	0.00877	0.00184	0	0.00475
SULT1C2	0.01615	0.18251	0.14334	0.00331	0.00338
SULT1C2P1	0	0.00252	0	0	0
SULT1C4	0.00121	0.00303	6e-04	0	0.00189
SULT1E1	0.00322	0.01364	0.00094	0	0.0025
SULT2A1	0.32121	1.32585	0.47464	0.18826	0.1781
SULT4A1	0.00497	0.01473	0	0.00056	0.00089
SUMF1	0.02435	0.18032	0.14621	0.02837	0.04029
SUMF2	0.19577	0.35629	0.2534	0.20389	0.31245
SUMO1	0.14294	0.20926	0.16552	0.22951	0.08312
SUMO1P3	0.02867	0.03636	0.03035	0.0185	0.02528
SUMO2	0.64121	0.43783	0.3823	1.00073	0.5246
SUMO3	0.20016	0.18477	0.2261	0.32247	0.12013
SUMO4	0.00515	0.00509	0.00181	0.0025	0.00178
SUN1	0.07071	0.20031	0.13368	0.05575	0.13785
SUN2	0.39927	0.17958	0.18434	0.47751	0.22396
SUN3	0.00041	0.00163	0.00323	0.00098	0.00753
SUOX	0.03539	0.10457	0.0697	0.01643	0.00676
SUPT16H	0.49244	0.41321	0.50669	1.0698	0.43207
SUPT20H	0.12859	0.10182	0.11071	0.20161	0.12104
SUPT3H	0.10164	0.02859	0.00909	0.04333	0.01478
SUPT4H1	0.11193	0.10934	0.10175	0.05249	0.0772
SUPT5H	0.40018	0.65182	0.65779	0.84404	0.49281
SUPT6H	0.20725	0.28173	0.20294	0.34132	0.28596
SUPT7L	0.1195	0.12603	0.09064	0.15985	0.1373
SUPV3L1	0.05728	0.12559	0.05751	0.11187	0.06181
SURF1	0.18655	0.19379	0.11217	0.32355	0.40865
SURF2	0.11554	0.07647	0.04052	0.12205	0.08606
SURF4	0.23035	0.33887	0.18572	0.40049	0.32267
SURF6	0.13136	0.11256	0.16179	0.15031	0.0752
SUSD1	0.01774	0.0122	0.05828	0.00952	0.00841
SUSD2	0.00084	0.02609	0.01114	0	0
SUSD3	0.05317	0.04335	0.01368	0.10801	0.08908
SUSD5	0.00039	0.00105	0.00338	0	0
SUV39H1	0.00727	0.04746	0.00883	0.14891	0.01422
SUV39H2	0.08761	0.12635	0.10975	0.14228	0.11989
SUZ12	0.3269	0.33581	0.22302	0.86441	0.48197
SV2A	0.01531	0.00398	0	0	0.00751
SV2B	0.00386	0.00868	0.00984	0.00458	0.00332
SV2C	0.00369	0.00364	0.00305	0.00142	0.00461
SVIL	0.04842	0.1994	0.0584	0.03513	0.04331
SVIP	0.35231	0.49733	0.21879	0.61075	0.78614
SVOP	0.11932	0.13884	0.12011	0.07426	0.09595
SWAP70	0.10745	0.16439	0.41906	0.2666	0.18624
SWI5	0.10049	0.09908	0.06908	0.12028	0.06285
SWSAP1	0.12417	0.17153	0.1695	0.10868	0.13595
SWT1	0.02426	0.05479	0.05213	0.02242	0.07787
SYAP1	0.52938	0.53866	0.53948	0.80912	0.67109
SYBU	0.00268	0.04524	0.0092	0.01338	0
SYCE1L	0.02874	0.00329	0.00407	0.01569	0.0996
SYCE3	0	0.00188	0.00094	0	0
SYCP2	0.03844	0.08601	0.03325	0.11649	0.01411
SYCP2L	3e-04	0.00341	0.02684	0.02608	0.00129
SYCP3	0	0.00115	0.00046	0	0
SYDE1	0	0.00688	0.00154	0	0
SYDE2	0.00735	0.03641	0.01229	0.00191	0.00188
SYF2	0.4404	0.35357	0.38938	0.63525	0.41246
SYK	0.1201	0.0683	0.57495	0.50738	0.7115
SYMPK	0.04586	0.02904	0.0428	0.06636	0.01218
SYN1	0	0.00287	0.00124	0	0
SYNC	0.01992	0.01089	0.00628	0.02055	0.00806
SYNCRIP	0.53004	0.52888	0.51406	1.14859	0.56699
SYNE1	0.46584	0.12666	0.22722	0.61889	0.44706
SYNE2	1.82682	0.82812	0.34749	1.85886	1.2198
SYNE3	0.02818	0.00827	0.01045	0.0229	0.00725
SYNE4	0.03646	0.07311	0.01437	0.0038	0.01241
SYNGAP1	0.0582	0.01769	0.00111	0.00058	0.00514
SYNGR1	0.06571	0.05754	0.03783	0.05512	0.07296
SYNGR2	0.38396	0.31239	0.59493	0.39596	0.4516
SYNGR3	0.04314	0.00598	0.00461	0.00745	0.00036
SYNJ1	0.13813	0.03578	0.13588	0.13613	0.06184
SYNJ2	0.04174	0.10706	0.02207	0.01624	0.02304
SYNJ2-IT1	0.00331	0.00175	0	0	0.00025
SYNJ2BP	0.18024	0.39384	0.26864	0.15159	0.21382
SYNM	0.01826	0.08609	0.02986	0.00384	0.03385
SYNPO	0.0298	0.10056	0.05388	0.00203	0.05167
SYNPO2	0.00748	0.00667	0.00807	0	0.00385
SYNPO2L	0.13069	0.1339	0.15589	0.04029	0.12378
SYP	0	0.00274	6e-04	0	0
SYPL1	0.06243	0.21461	0.09683	0.09742	0.02908
SYPL2	0.00128	0.01376	0.00926	0	0.00094
SYS1	0.09323	0.12463	0.07131	0.13313	0.07966
SYT1	0.01181	0.08004	0.12097	0.03626	0.0357
SYT10	0	0.00317	0.00357	0	0
SYT11	0.14316	0.02083	0.03689	0.14102	0.02106
SYT12	0.00105	0.03773	0	0	0
SYT13	0.00142	0.00942	0.00294	0.00144	0
SYT15	0.01451	0.07475	0.0196	0.0426	0.01836
SYT17	0.00643	0.07582	0.01527	0	0.00499
SYT2	0.00714	0.01886	0.01314	0.00259	0.00428
SYT3	0	0.00304	0.00108	0	0
SYT5	0.00306	0.00388	0	0	0
SYT7	0.01496	0.09209	0.05497	0.00098	0
SYTL1	0.1351	0.01864	0.01508	0.13331	0.31182
SYTL2	0.10582	0.02124	0.00397	0.04325	0.04592
SYTL3	0.22419	0.01135	0.03726	0.19378	0.1384
SYTL4	0.01265	0.08661	0.01376	0.00077	0.00932
SYTL5	0	0.00296	0	0	0
SYVN1	0.0517	0.27775	0.06281	0.10767	0.30549
SZRD1	0.27137	0.12971	0.12507	0.31327	0.12536
SZT2	0.08775	0.10738	0.13137	0.09282	0.13095
TAB1	0.02532	0.03043	0.01031	0.04044	0.03631
TAB2	0.20806	0.18411	0.17043	0.256	0.19951
TAB3	0.04111	0.12607	0.06091	0.06455	0.03118
TACC1	0.53397	0.35304	0.78018	0.81554	0.34529
TACC2	0.0355	0.12591	0.04155	0.00905	0.0287
TACC3	0.0858	0.05591	0.07743	0.74392	0.02631
TACO1	0.07528	0.1523	0.11139	0.08993	0.05923
TACR2	0	0.00078	0.00897	0	0
TADA1	0.02733	0.08929	0.02761	0.12305	0.0129
TADA2B	0.21557	0.21548	0.20975	0.11311	0.25617
TADA3	0.1315	0.13634	0.12046	0.1805	0.14088
TAF1	0.27229	0.23974	0.30377	0.25282	0.19986
TAF10	0.37851	0.31521	0.24253	0.49918	0.33602
TAF11	0.22772	0.26337	0.23556	0.25141	0.13768
TAF12	0.12899	0.11906	0.09012	0.2906	0.14003
TAF13	0.0406	0.03625	0.06092	0.04687	0.04721
TAF15	0.2835	0.1296	0.14212	0.53122	0.14098
TAF1A	0.13983	0.15259	0.17341	0.12988	0.11687
TAF1B	0.09795	0.06163	0.04931	0.20813	0.05842
TAF1C	0.03069	0.07854	0.12042	0.09377	0.06952
TAF1D	0.23798	0.19268	0.15058	0.1733	0.14534
TAF1L	0.02974	0.05249	0.04284	0.02751	0.05839
TAF2	0.13969	0.12209	0.13678	0.17418	0.18372
TAF3	0.26488	0.16095	0.14926	0.18971	0.18717
TAF4	0.03341	0.04268	0.02719	0.03188	0.00526
TAF4B	0.01582	0.00105	0.00951	0.07165	0.05439
TAF5	0.01607	0.0245	0.0378	0.11664	0.01357
TAF5L	0.01771	0.06144	0.02562	0.0217	0.05267
TAF6	0.09915	0.15558	0.07679	0.28184	0.07817
TAF6L	0.01308	0.05604	0.03548	0.06693	0.02548
TAF7	0.52442	0.36992	0.29846	0.53372	0.60099
TAF7L	0.00628	0.0091	0	5e-04	0
TAF8	0.08989	0.12026	0.113	0.13131	0.12139
AK6	0.07131	0.19336	0.11542	0.24456	0.21132
TAF9B	0.03823	0.06911	0.01714	0.11956	0.00325
TAGAP	0.40491	0.01157	0.11884	0.25973	0.27189
TAGLN	0.01413	0.04405	0.02174	0.00477	0.04339
TAGLN2	0.42368	0.23599	0.51192	0.44237	0.25276
TAL2	0	0.00361	0.00189	0	0
TALDO1	0.21594	0.4498	0.51217	0.49099	0.25079
TAMM41	0.05328	0.02656	0.03955	0.02926	0.02166
TANC1	0.00452	0.07521	0.01695	0.00811	0.00177
TANC2	0.02396	0.02445	0.07459	0.04461	0
TANGO2	0.16716	0.13576	0.14113	0.17998	0.09774
TANGO6	0.1022	0.05186	0.01413	0.09859	0.04199
TANK	0.24783	0.1216	0.13293	0.22136	0.11393
TAOK1	0.49735	0.34102	0.38656	0.35436	0.29191
TAOK2	0.06328	0.09525	0.08699	0.06096	0.04139
TAOK3	0.5189	0.38455	0.51685	0.58183	0.42607
TAP1	0.58955	0.17907	0.23703	0.83368	0.52713
TAP2	0.07624	0.04185	0.06335	0.06582	0.106
TAPBP	1.24942	0.86852	0.88295	1.32228	2.08358
TAPBPL	0.11081	0.04929	0.03943	0.17825	0.28251
TAPT1	0.04584	0.10953	0.0694	0.08553	0.03769
TAPT1-AS1	0	0.00698	0	0.00168	0.00121
TARBP1	0.03621	0.10237	0.0465	0.00738	0.03101
TARBP2	0.04363	0.08064	0.07401	0.13789	0.05426
TARDBP	0.29537	0.42823	0.28714	0.49135	0.32933
TARM1	0.03605	0.06001	0.05506	0.02334	0.05619
TARS	0.20184	0.43827	0.30477	0.27977	0.37585
TARS2	0.19791	0.25036	0.21707	0.15117	0.20229
TARSL2	0.11759	0.09549	0.10152	0.12455	0.22483
TAS1R3	0.00015	0.0042	0.001	0.07261	0.09254
TAS2R13	0.00246	0.00164	0.00509	0	0
TAS2R19	0	0.00488	0.00749	0	0
TAS2R20	0.00838	0.00728	0	0	0.00722
TAS2R30	0.00677	0.00162	0	0	0
TAS2R31	0	0.0013	0	0	0.00061
TAS2R43	0.00767	0.00246	0	0	0.00047
TASP1	0.04586	0.02806	0.01051	0.06267	0.09633
TAT	0.09053	0.19902	0.06663	0.03588	0.03201
TATDN1	0.04717	0.10637	0.07415	0.04836	0.03027
TATDN2	0.23552	0.14905	0.14051	0.21941	0.08251
TATDN3	0.04793	0.0718	0.07675	0.14174	0.03996
TAX1BP1	0.94504	0.90672	0.90192	0.98979	0.99492
TAZ	0.07409	0.13621	0.1666	0.12013	0.10609
TBC1D1	0.19873	0.11822	0.2128	0.33023	0.26506
TBC1D10A	0.02384	0.015	0.03446	0.02017	0.02125
TBC1D10B	0.14861	0.14026	0.19636	0.34514	0.14658
TBC1D10C	0.59193	0.01804	0.05515	0.67053	0.33088
TBC1D12	0.00709	0.04724	0.17773	0.00355	0.02774
TBC1D13	0.12717	0.1498	0.11265	0.21717	0.1365
TBC1D14	0.1151	0.1158	0.17708	0.12758	0.08102
TBC1D15	0.10774	0.13533	0.11435	0.25742	0.23608
TBC1D16	0.02423	0.1754	0.08565	0.0041	0.00238
TBC1D17	0.05883	0.09029	0.07666	0.0363	0.05803
TBC1D19	0.02971	0.02782	0.0091	0.01829	0.02482
TBC1D2	0.00419	0.02514	0.02401	0.04414	0.00054
TBC1D20	0.12942	0.17607	0.12091	0.19175	0.18314
TBC1D22A	0.13941	0.17963	0.27191	0.16518	0.27371
TBC1D22B	0.04501	0.03389	0.05652	0.01985	0.08649
TBC1D23	0.07136	0.10683	0.06575	0.0889	0.12716
TBC1D24	0.03227	0.09278	0.03431	0.04488	0.04382
TBC1D25	0.02942	0.05078	0.01982	0.15662	0.0582
TBC1D2B	0.26986	0.09164	0.16947	0.17871	0.09747
TBC1D30	0.01914	0.01896	0.03376	0.00192	0
TBC1D31	0.08472	0.03337	0.02235	0.1675	0.03033
TBC1D32	0.13051	0.19252	0.1566	0.08444	0.15229
TBC1D3P1-DHX40P1	0.00138	0.00218	0	0.01794	0.00043
TBC1D4	0.46513	0.06296	0.17138	0.27443	0.10174
TBC1D5	0.21141	0.19789	0.18542	0.35122	0.10112
TBC1D7	0.02628	0.03171	0.01291	0.04353	0.01882
TBC1D8	0.04375	0.11141	0.07773	0.00959	0.00341
TBC1D8B	0.01174	0.0637	0.01481	0.00159	0.01217
TBC1D9	0.01356	0.09499	0.18519	0.03436	0.40612
TBC1D9B	0.10536	0.22744	0.21324	0.20343	0.1399
TBCA	0.42468	0.5246	0.45295	0.76494	0.38517
TBCB	0.24156	0.19087	0.17374	0.56	0.15488
TBCC	0.15023	0.08959	0.04862	0.22205	0.13506
TBCCD1	0.06649	0.06067	0.03827	0.04685	0.00715
TBCD	0.20966	0.30197	0.17431	0.26268	0.09371
TBCEL	0.04472	0.06712	0.04165	0.00033	0.08533
TBCK	0.11979	0.11355	0.09188	0.10904	0.17221
TBK1	0.1103	0.10264	0.08947	0.14843	0.07546
TBKBP1	0.02259	0.00728	0.00923	0.00302	0.00931
TBL1X	0.1704	0.2628	0.13516	0.13504	0.10653
TBL1XR1	0.44104	0.41833	0.39295	0.61261	0.29474
TBL1Y	0	0.00396	0	0	0
TBL2	0.01666	0.07849	0.03394	0.07326	0.05165
TBL3	0.03222	0.03782	0.06094	0.13766	0.03767
TBP	0.07623	0.08271	0.08938	0.1243	0.03513
TBPL1	0.08325	0.05213	0.02408	0.07452	0.02581
TBRG1	0.25466	0.27349	0.32234	0.32329	0.27397
TBRG4	0.11701	0.17931	0.22311	0.21884	0.10848
TBX1	0.00675	0.01578	0.02997	0	0.0186
TBX15	0.01035	0.09005	0.04404	0.00318	0
TBX18	0	0.00939	0	0	0
TBX19	0.03422	0.05034	0.06593	0.0362	0.00671
TBX2	0	0.00663	0	0	0
TBX21	0.09784	0.00167	0.00013	0.04838	0.05954
TBX3	0.04166	0.26074	0.05609	0.02394	0.00976
TBX4	0	0.00477	0	0	0
TBX6	0.00119	0.00423	0.00271	0	0.00029
TBXA2R	0.00198	0.0094	0.01917	0.00565	0.00277
TBXAS1	0.03593	0.00778	0.22958	0.03444	0.06571
TC2N	0.21996	0.01023	0.00799	0.20206	0.01269
TCAIM	0.05544	0.14802	0.05417	0.03302	0.05673
TCAM1P	0.00263	0.02051	0.02222	5e-04	0.00288
TCAP	0.00031	0.00356	0	0	0.00129
TCEA1	0.53819	0.59352	0.48027	0.87221	0.61641
TCEA2	0.04227	0.16804	0.0644	0.0717	0.00286
TCEA3	0.20165	0.79568	0.31068	0.04349	0.05792
TCEAL1	0.0209	0.04653	0.05571	0.07364	0.01079
TCEAL2	0	0.01751	0.00135	0	0
TCEAL3	0.02863	0.01653	0.14149	0.03744	0.02427
TCEAL4	0.16608	0.42481	0.39445	0.05835	0.09992
TCEAL8	0.12621	0.08586	0.07946	0.15423	0.11727
TCEANC	0.02773	0.01231	0.00418	0.07235	0.02798
TCEANC2	0.23704	0.23365	0.26623	0.15425	0.22493
TCERG1	0.2497	0.25719	0.25509	0.59085	0.30758
TCF12	0.08182	0.11401	0.1953	0.2131	0.05033
TCF19	0.05899	0.05172	0.00093	0.44522	0.08359
TCF20	0.2129	0.19525	0.16277	0.14434	0.12079
TCF24	0.00041	0.00157	6e-04	0	0
TCF25	0.78729	0.60786	0.78618	0.80262	1.18328
TCF3	0.06787	0.05867	0.07241	0.1966	0.28002
TCF4	0.03337	0.06002	0.49183	0.23898	0.88549
TCF7	0.22818	0.11511	0.05478	0.21357	0.12882
TCF7L1	0.00356	0.03005	0.02365	0	0
TCF7L2	0.06092	0.22615	0.19978	0.03507	0.02707
TCFL5	0.01377	0.0571	0.02654	0.05288	0.0354
TCHP	0.13661	0.14957	0.0943	0.19058	0.09318
TCIRG1	0.48735	0.41274	0.46623	0.6715	0.76984
TCL1A	0.00376	0.00189	0	0.06767	0.02172
TCL6	0.00022	0.00301	0.01662	0	0.00205
TCN2	0.0191	0.04138	0.2236	0.00049	0.13116
TCOF1	0.91878	0.74848	0.61767	1.07455	0.84078
TCP1	0.29143	0.43361	0.35151	0.68452	0.24925
TCP10L	0.0039	0.01133	0.01792	0	0.00667
TCP11L1	0.0234	0.04361	0.08805	0.05009	0.03049
TCP11L2	0.02427	0.01935	0.0299	0.01391	0.01413
TCTA	0.13263	0.26474	0.18246	0.18648	0.14942
TCTE3	0.02932	0.03233	0.02643	0	0.01337
TCTEX1D1	0	0.00197	0.00383	0	0
TCTEX1D2	0.03061	0.0295	0.02396	0.06447	0.01344
TCTN1	0.04833	0.10864	0.09002	0.06418	0.06432
TCTN2	0.0055	0.01152	0.02352	0.00111	0.02348
TCTN3	0.07236	0.10753	0.09077	0.17353	0.09147
TDG	0.34955	0.27285	0.22625	0.41982	0.21433
TDGF1	0.00078	0.00693	0.01056	0	0
TDGF1P3	0	0.00256	0.00021	0.00038	0.00211
TDO2	0.08944	0.25186	0.11865	0.01763	0.00722
TDP1	0.11191	0.0326	0.02752	0.43552	0.07912
TDP2	0.07141	0.11923	0.09543	0.10821	0.06532
TDRD1	0.00785	0.0155	0.01079	0.00448	0.00458
TDRD10	0.0111	0.05998	0.05912	0.00576	0
TDRD12	0.00224	0.02887	0.01631	0.00458	0.00255
TDRD15	0.01038	0.01125	0.00089	0.0014	0.00572
TDRD3	0.07849	0.09215	0.03301	0.08446	0.04381
TDRD5	0	0.00397	0	0	0
TDRD6	0.00872	0.0359	0.00179	0.00153	0.00443
TDRD7	0.04172	0.0208	0.05035	0.02963	0.02107
TDRD9	0.00278	0.04805	0.03838	0.00085	0
TDRKH	0.02201	0.04139	0.03596	0.04414	0.03938
TDRP	0.00142	0.02169	0.00094	0	0
TEAD1	0.03951	0.30511	0.10297	0.0068	0.01098
TEAD2	0.02811	0.04977	0.01303	0.00085	0.00269
TEAD3	0.00499	0.06843	0.00967	0.0024	0.0153
TEAD4	0	0.00149	0	0	0
TEC	0.01631	0.02263	0.0554	0.02998	0.02659
TECPR1	0.26955	0.30724	0.36358	0.33367	0.32724
TECPR2	0.04567	0.05654	0.04226	0.02751	0.06955
TECR	0.2459	0.49833	0.41302	0.60483	0.93179
TECRL	0.00247	0.00203	0	0.00509	0.00174
TEF	0.00686	0.04227	0.01864	0.0161	0.01243
TEFM	0.04149	0.03496	0.03592	0.05182	0.02328
TEKT4	0.02444	0.02931	0.00818	0.03179	0.01691
TEKT4P2	0.0961	0.19192	0.08866	0.10313	0.0736
TEKT5	0	0.00412	0	0	0
TELO2	0.00352	0.00765	0.00616	0.01035	0.00145
TENM1	0.01462	0.18623	0.02526	0.03095	0.00163
TENM2	0.0095	0.00968	0.00197	0.00457	0.01265
TENM4	0	0.0035	0	0	0
TEP1	0.16867	0.16499	0.20811	0.13678	0.23083
TERC	0.02473	0.02692	0.00388	0.04668	0.015
TERF1	0.23826	0.17435	0.07048	0.31681	0.16332
TERF2	0.1081	0.11606	0.06443	0.19356	0.12091
TERF2IP	0.5723	0.20624	0.18644	0.67903	0.51323
TERT	0.00872	0.0135	0.01075	0.00626	0.00252
TES	0.32426	0.09958	0.17459	0.50102	0.25807
TESC	0.10294	0.01804	0.03858	0.30248	0.03254
TESK1	0.11138	0.09048	0.08401	0.10155	0.04559
TESK2	0.01869	0.01593	0.00259	0.00577	0.06051
TESPA1	0.19784	0.01754	0.02746	0.21364	0.09796
TET1	0.1458	0.05011	0.00384	0.07574	0.14513
TET2	0.20023	0.09107	0.21439	0.37325	0.20013
TET3	0.06933	0.08626	0.10397	0.03475	0.05528
TEX10	0.09421	0.0504	0.0696	0.29935	0.08001
TEX101	0.00125	0.00571	0.00462	0.00294	0.00351
TEX11	0.00488	0.00827	0.00325	0.00144	0
TEX14	0.01618	0.00562	0.03683	0.06512	0.23959
TEX15	0.00026	0.01272	0.02469	0	0
TEX2	0.04761	0.08993	0.07201	0.02861	0.04428
TEX21P	0.00893	0.00085	0	0	0.01418
TEX22	0	0.00333	0.0039	0.00238	0.01482
TEX261	0.11192	0.25849	0.1835	0.14654	0.12575
TEX264	0.12481	0.1345	0.09994	0.20917	0.1291
TEX29	0	0.00293	0	0.00163	0.00177
TEX30	0.03254	0.04881	0.01722	0.05165	0.01216
TEX41	0	0.00236	0	0	0
TEX9	0.00113	0.01775	0.00227	0.02737	0.08829
TF	0.87683	3.3095	1.75191	0.24398	0.26403
TFAM	0.15692	0.16009	0.1565	0.20199	0.14622
TFAMP1	2e-04	0.00279	0.00212	0	0
TFAP4	0.01565	0.02219	0.01864	0.00418	0.00668
TFB1M	0.04848	0.07772	0.06077	0.08987	0.03337
TFB2M	0.01849	0.05767	0.0114	0.01785	0.00843
TFCP2	0.08152	0.06142	0.07758	0.08847	0.06056
TFCP2L1	0.00082	0.00161	0.00244	0.00038	0
TFDP1	0.09007	0.04497	0.05763	0.31998	0.07545
TFDP2	0.85669	0.98108	1.03787	0.69541	0.84763
TFDP3	0.01593	0.03082	0.03726	0.01952	0
TFE3	0.0892	0.1573	0.19817	0.12125	0.09864
TFEB	0.02978	0.02361	0.06683	0.05989	0.07716
TFEC	0.00451	0.00554	0.29434	0.03267	0.03387
TFF2	0.00674	0.01061	0.00149	0	0
TFF3	0.00723	0.02249	0.00262	0	0
TFG	0.15631	0.29262	0.15656	0.15021	0.21785
TFIP11	0.1586	0.2152	0.17219	0.14215	0.10262
TFPI	0.14454	0.89652	0.29967	0.01406	0.00664
TFPT	0.08914	0.03335	0.09682	0.06899	0.07157
TFR2	0.0888	0.65886	0.15336	0.04684	0.01129
TFRC	0.40299	0.31324	0.3365	0.36248	0.34521
TGDS	0.02385	0.03795	0.00935	0.06725	0.03405
TGFA	0	0.00429	0.03429	0	0
TGFB1	0.07913	0.01781	0.11894	0.07494	0.04299
TGFB1I1	0.00329	0.00651	0	0	0.0122
TGFB2	0.00825	0.01651	0.01196	6e-04	0
TGFB3	0.00566	0.00748	0.01905	0.03928	0.00034
TGFBI	0.05578	0.48737	1.04747	0.11363	0.01015
TGFBR1	0.06427	0.06666	0.13126	0.04231	0.03332
TGFBR2	0.3321	0.11547	0.14681	0.16716	0.20119
TGFBR3	0.09951	0.067	0.0164	0.03403	0.02899
TGFBR3L	0.00459	0.0018	0	0	0.00563
TGFBRAP1	0.08281	0.07299	0.07557	0.12816	0.05711
TGIF1	0.05771	0.08378	0.07877	0.02311	0.00981
TGIF2	0.0678	0.08015	0.08706	0.1146	0.0727
TGM1	0	0.00228	0	0	0.00479
TGM2	0.02594	0.20876	0.05874	0.00235	0.00522
TGM3	0.01483	0.07078	0.014	0.02581	0.00351
TGOLN2	0.76037	1.10638	0.84184	0.72302	0.59186
TGS1	0.1797	0.10102	0.14117	0.26039	0.12292
THADA	0.11714	0.10375	0.07915	0.20045	0.12055
THAP1	0.04952	0.04735	0.03521	0.09931	0.06001
THAP10	0.00793	0.01	0	0	0
THAP11	0.02044	0.04535	0.03206	0.02927	0.04839
THAP2	0.01044	0.01743	0.03398	0.02035	0.01586
THAP3	0.04284	0.06379	0.01962	0.04763	0.06977
THAP4	0.05725	0.10552	0.06449	0.1257	0.10867
THAP5	0.14637	0.1668	0.07162	0.2038	0.22469
THAP6	0.21954	0.16959	0.17501	0.20058	0.16174
THAP7	0.03046	0.07565	0.05324	0.11378	0.13398
THAP7-AS1	0.01606	0.02057	0.01991	0.0207	0
THAP8	0.04703	0.04811	0.03392	0.00336	0.05903
THAP9	0.00095	0.02277	0.01042	0.03873	0.00945
THAP9-AS1	0.03879	0.02302	0.05602	0.0775	0.06502
THBD	0	0.00431	0.02369	0.0026	0.00061
THBS1	0.04369	0.14399	0.05029	0.01478	0
THBS3	0.01259	0.12064	0.03231	0	0.0097
THEM4	0.14302	0.21461	0.17906	0.19044	0.13512
THEM6	0.06374	0.15641	0.03961	0.06769	0.02101
THEMIS	0.35056	0.00868	0	0.3207	0.06445
THEMIS2	0.03684	0.00914	0.16323	0.07839	0.24074
THG1L	0.13152	0.12305	0.14413	0.17196	0.15478
THNSL1	0.00907	0.07376	0.00882	0.03204	0.00209
THNSL2	0.03328	0.11542	0.06559	0.02142	0.00418
THOC1	0.14789	0.15363	0.10966	0.18686	0.08425
THOC2	0.67638	0.6579	0.57868	0.86224	0.74152
THOC3	0.0106	0.01243	0.0137	0.01121	0.01227
THOC5	0.19624	0.10659	0.07629	0.16566	0.05262
THOC6	0.00524	0.02069	0.02543	0.08963	0.02117
THOC7	0.18344	0.15982	0.14456	0.30031	0.12349
THOP1	0.02234	0.06904	0.0271	0.03827	0.04848
THPO	0.00986	0.05844	0.01723	0	0
THRA	0.00981	0.04505	0.0251	0.01785	0.01689
THRAP3	0.91472	0.60123	0.66091	1.68914	0.65933
THRB	0.03906	0.17892	0.07004	0.00991	0.00054
THRB-AS1	0	0.00526	0.00245	0	0
THRSP	0.00615	0.0489	0.00726	0	0.00069
THSD1	0	0.0072	0	0.00194	0.00147
THSD4	0.00068	0.05216	0.00435	0.00481	0
THSD7A	0.00352	0.02899	0.00144	0	0.00072
THTPA	0.00196	0.03619	0.02191	0.02129	0.02387
THUMPD1	0.34548	0.1312	0.09181	0.38528	0.34848
THUMPD2	0.06931	0.06592	0.03849	0.03814	0.06396
THUMPD3	0.14155	0.18421	0.18177	0.22937	0.09437
THY1	0.01144	0.00894	0.00227	0	0.00066
THYN1	0.11014	0.14528	0.09208	0.16333	0.05984
TIA1	0.32497	0.30206	0.17555	0.16775	0.19985
TIAL1	0.35104	0.37812	0.26284	0.30729	0.38571
TIAM1	0.08221	0.01616	0.08317	0.09515	0.01137
TIAM2	0.03076	0.0164	0.00297	0.02097	0.04812
TICAM1	0.02855	0.02914	0.0494	0.02299	0.01847
TICRR	0.00179	0.01472	0.00915	0.15186	0.00412
TIFA	0.01229	0.01085	0.00523	0.04137	0.06216
TIFAB	0.00548	0.00061	0.03849	0	0
TIGD1	0.05947	0.05417	0.04831	0.08899	0.02639
TIGD2	0.01393	0.03378	0.04583	0.02342	0.01881
TIGD3	0.00533	0.00455	0.00194	0.00026	0
TIGD4	0	0.00277	0	0	0
TIGD5	0.00223	0.02208	0.01373	0.00569	0
TIGD6	0.00309	0.03494	0.02242	0.01639	0.05543
TIGD7	0.02774	0.02857	0.02015	0.01081	0.01194
TIGIT	0.75526	0.02234	0.02123	0.62479	0.17523
TIMD4	0.01717	0.00035	0.00259	0.02418	0.00507
TIMELESS	0.14936	0.29911	0.19914	0.48855	0.15783
TIMM10	0.07281	0.20268	0.14599	0.54462	0.15478
TIMM10B	0.11245	0.15991	0.12194	0.0669	0.11963
TIMM13	0.30984	0.34031	0.3279	0.62285	0.38905
TIMM17A	0.13786	0.24892	0.16868	0.41073	0.1796
TIMM17B	0.17173	0.60989	0.17737	0.35623	0.37246
TIMM21	0.03392	0.05741	0.05149	0.09416	0.07549
TIMM22	0.06957	0.03981	0.02744	0.126	0.05092
TIMM23B	0.05533	0.08733	0.06721	0.05758	0.08973
TIMM44	0.18171	0.25266	0.11607	0.25857	0.16106
TIMM50	0.3461	0.52325	0.4555	0.42645	0.43445
TIMM8A	0.03463	0.12743	0.0284	0.05536	0.01674
TIMM8B	0.30598	0.44667	0.30391	0.74493	0.42964
TIMM9	0.04004	0.0746	0.07854	0.08843	0.15811
TIMMDC1	0.11871	0.13077	0.12583	0.15943	0.08459
TIMP1	0.10194	0.12333	0.5722	0.07045	0.14145
TIMP2	0.02696	0.22118	0.71861	0.09898	0.16031
TIMP3	0.03689	0.19123	0.10227	0.00664	0.00169
TINAG	0.00891	0.04502	0.02858	0.00175	0
TINAGL1	0.00132	0.00589	0.00323	0	0.00032
TINCR	0.14681	0.18223	0.16272	0.14232	0.17127
TINF2	0.0774	0.05587	0.03284	0.15752	0.08184
TIPARP	0.15998	0.05027	0.14854	0.18945	0.11501
TIPARP-AS1	0.01299	0.00992	0.00345	0	0.00262
TIPIN	0.01475	0.01638	0.00494	0.04781	0.01281
TIPRL	0.16774	0.23782	0.13284	0.35824	0.13589
TIRAP	0.02436	0.03841	0.01906	0.04853	0.06888
TJAP1	0.05546	0.06078	0.05933	0.03957	0.03521
TJP1	0.03696	0.22811	0.11988	0.01006	0.00798
TJP2	0.04809	0.11207	0.05761	0.04817	0.0306
TJP3	0.012	0.02768	0.00486	0	0
TK1	0.02696	0.05643	0.03013	0.63269	0.0127
TK2	0.07855	0.12868	0.21311	0.04894	0.07463
TKT	0.29935	0.56218	0.6405	0.41743	0.24757
TKTL1	0.1782	0.35781	0.29811	0.04121	0.00516
TLCD1	0.01569	0.03185	0.02795	0.00069	0
TLCD2	0.37507	0.45039	0.44142	0.2906	0.37231
TLDC1	0.12157	0.13349	0.0875	0.09635	0.11219
TLDC2	0	0.00033	0	0.00056	0
TLE1	0.1122	0.26164	0.06076	0.12136	0.16201
TLE2	0.02756	0.04231	0.0279	0	0
TLE3	0.11796	0.10697	0.15738	0.17834	0.37253
TLE4	0.12428	0.01906	0.09402	0.13207	0.22187
TLE6	0.00536	0.01031	0.00768	0	0
TLK1	0.39932	0.28582	0.16505	0.58886	0.45386
TLK2	0.3446	0.35928	0.4784	0.69172	0.58743
TLL2	0.00091	0.00442	0.00815	0	0.00418
TLN1	0.8492	0.2664	0.87704	1.30464	0.6382
TLN2	0.01068	0.0761	0.03081	0.00135	0.00166
TLR1	0.00843	0.00775	0.05501	0.00392	0.04405
TLR10	0.09177	0.13918	0.18768	0.13032	0.19404
TLR2	0.00266	0.01688	0.09235	0.02131	0
TLR3	0.00058	0.00655	0.00735	0.01477	0.00538
TLR4	0.00182	0.01625	0.361	0.00575	0
TLR5	0.00097	0.02081	0.11374	0	0.00117
TLR6	0.08943	0.10022	0.25337	0.09855	0.19882
TLR7	0.11159	0.11309	0.35696	0.07729	0.12606
TLR8	0	0.00029	0.04122	0.0124	0
TLR8-AS1	0.01036	0.00588	0.00035	0.00331	0.00034
AC097637.1	0.01683	0.00139	6e-04	0.006	0.0689
TLX1	0.00302	0.04879	0.00748	0	0.00049
TLX3	0	0.00197	0	0	0
TM2D1	0.06809	0.12058	0.04983	0.02752	0.09157
TM2D2	0.08652	0.111	0.10305	0.11297	0.07606
TM2D3	0.07177	0.16781	0.08766	0.10294	0.07033
TM4SF1	0.04271	0.1893	0.07417	0.00086	0.01476
TM4SF1-AS1	0	0.00355	0.00089	0	0
TM4SF19-AS1	0.02327	0.01071	0.0104	0.00777	0.00767
TM4SF20	0.00068	0.00386	0.00161	0.00028	0
TM4SF4	0.22554	0.82021	0.51334	0.05157	0.0024
TM4SF5	0.07705	0.5791	0.12493	0.00863	0.00314
TM6SF1	0	8e-04	0.06327	0	0
TM6SF2	0.0089	0.03701	0.00097	0	0.00779
TM7SF2	0.10503	0.86596	0.1476	0.03202	0.18963
TM7SF3	0.15074	0.20966	0.18864	0.10415	0.11737
TM9SF1	0.04309	0.1154	0.04413	0.03398	0.20472
TM9SF2	0.32732	0.44936	0.47629	0.49586	0.63327
TM9SF3	0.41535	0.52903	0.53854	0.56099	0.49677
TM9SF4	0.09505	0.19501	0.16986	0.08587	0.19662
TMA16	0.15557	0.16651	0.19412	0.40153	0.21266
TMA7	1.51957	0.7678	0.70108	1.70604	1.23308
TMBIM1	0.07404	0.1166	0.11379	0.12964	0.05743
TMBIM4	0.37444	0.47833	0.34948	0.50329	0.29914
TMBIM6	1.36655	2.05531	1.44404	1.48122	1.66675
TMC1	0.00156	0.00152	0.00206	0.00043	0.00383
TMC4	0	0.00219	0	0	0
TMC5	0.03534	0.04431	0.03147	0.04393	0.02534
TMC6	0.32128	0.0309	0.3593	0.41537	0.36276
TMC7	0.19774	0.19645	0.16944	0.11306	0.17659
TMC8	0.51644	0.0098	0.08451	0.43569	0.21141
TMCC1	0.11366	0.16078	0.13886	0.05609	0.07911
TMCC1-AS1	0.0011	0.01666	0.01525	0.0058	0.00738
TMCC2	0.00057	0.00226	0	0.0116	0.02866
TMCC3	0.01573	0.06178	0.06119	0.00227	0.02268
TMCO1	0.39253	0.64621	0.41268	0.3948	0.41434
TMCO3	0.04484	0.07078	0.08162	0.05128	0.03463
TMCO4	0.06756	0.06654	0.09346	0.10721	0.15214
TMCO6	0.00361	0.02197	0.01857	0.0056	0.01365
TMED1	0.0202	0.05599	0.04099	0.08857	0.05023
TMED10	0.4714	0.62053	0.50797	0.59687	0.96749
TMED10P1	0.02612	0.03895	0.04353	0.02351	0.05978
TMED2	0.27273	0.44076	0.31426	0.53046	0.65585
TMED3	0.11695	0.11712	0.15383	0.28817	0.27279
TMED4	0.21177	0.22323	0.10619	0.16036	0.3971
TMED5	0.19518	0.44266	0.34397	0.31583	0.39456
TMED6	0.00781	0.00484	0.00218	0	0.00046
TMED7	0.06297	0.16718	0.06378	0.04506	0.05826
TMED8	0.09397	0.07809	0.12863	0.28632	0.17205
TMED9	0.15961	0.45855	0.36709	0.2379	0.50124
TMEM101	0.06178	0.11659	0.05474	0.12527	0.05835
TMEM104	0.04002	0.05068	0.00932	0.03865	0.067
TMEM105	0.00232	0.00312	0.00479	0.00102	0.00221
TMEM106A	0.22085	0.20846	0.5129	0.21447	0.28513
TMEM106B	0.08825	0.21452	0.08674	0.04622	0.16524
TMEM106C	0.133	0.26419	0.15617	0.29519	0.03657
TMEM107	0.43015	0.05171	0.14911	0.39935	0.55011
TMEM109	0.07997	0.10543	0.08582	0.18236	0.11933
TMEM11	0.04332	0.04081	0.06483	0.08779	0.0339
STIMATE	0.03711	0.13894	0.08293	0.09247	0.00897
TMEM115	0.07848	0.16744	0.09995	0.14489	0.08935
TMEM116	0.03981	0.04198	0.00882	0.03969	0.00528
TMEM117	0.01148	0.01943	0.01878	0	0.01351
TMEM119	0.00126	0.00431	0.00718	0.00031	0.00231
TMEM120A	0.14383	0.35036	0.17431	0.12195	0.10056
TMEM120B	0.16911	0.21088	0.17679	0.11159	0.26064
TMEM121	0	0.0018	0	0.01007	0
TMEM123	0.29981	0.5506	0.38244	0.29285	0.20199
TMEM126A	0.08851	0.14212	0.05051	0.17996	0.14349
TMEM126B	0.09882	0.13942	0.12621	0.17951	0.0623
TMEM127	0.16126	0.21091	0.31397	0.18629	0.13728
TMEM128	0.01863	0.03582	0.00772	0.02252	0.00391
TMEM129	0.02105	0.04536	0.03912	0.01246	0.00919
TMEM130	0.20439	0.1966	0.22635	0.11887	0.20406
TMEM131	0.22442	0.30432	0.36673	0.32125	0.56587
TMEM132A	0.00154	0.01833	0.00162	0	0.00403
TMEM132B	0.05746	0.07417	0.09277	0.04656	0.08047
TMEM132D	0	0.00175	0.00149	0	0
TMEM134	0.1511	0.13201	0.10008	0.12231	0.11964
TMEM135	0.04638	0.13132	0.05675	0.04508	0.02752
TMEM136	0.00893	0.03345	0.0082	0	0.00259
TMEM138	0.05508	0.08538	0.03844	0.09482	0.0234
TMEM139	0	0.01627	0.00219	0	0.00292
TMEM140	0.20909	0.17478	0.04741	0.03431	0.20927
TMEM141	0.0735	0.1422	0.10142	0.10848	0.13495
TMEM143	0.01597	0.02532	0.01149	0.00844	0.00136
TMEM144	0.00471	0.01923	0.04287	0	0
TMEM145	0	0.01234	0.00986	0	0
TMEM147	0.16849	0.31816	0.27555	0.28095	0.54848
TMEM14A	0.05883	0.20738	0.04376	0.07203	0.02771
TMEM14B	0.13896	0.27398	0.13262	0.21316	0.14254
TMEM14C	0.0847	0.20436	0.11314	0.0774	0.10899
TMEM150A	0.01472	0.10386	0.04688	0.0198	0.01501
TMEM150B	0	0.00146	0	0	0.0024
TMEM150C	0.00904	0.01845	0.00242	0	0.00016
TMEM151A	0	0.01495	0.00259	0	0
TMEM154	0.05383	0.00966	0.0165	0.12206	0.16655
TMEM156	0.10944	0.05656	0.0721	0.27646	0.46422
TMEM159	0.04739	0.01884	0.03727	0.10096	0.00788
TMEM160	0.23513	0.25851	0.25434	0.56837	0.37254
TMEM161A	0.03895	0.09704	0.03059	0.02823	0.05506
TMEM161B	0.21646	0.16774	0.07406	0.19129	0.14573
TMEM161B-AS1	0.04006	0.05195	0.04001	0.02948	0.05086
TMEM164	0.03992	0.03386	0.02985	0.03873	0.00342
TMEM165	0.07243	0.06125	0.14648	0.18606	0.13062
TMEM167A	0.22558	0.23641	0.17767	0.39692	0.28541
TMEM167B	0.08992	0.1003	0.08476	0.041	0.05423
TMEM168	0.27605	0.33078	0.31148	0.20759	0.33836
TMEM169	0.01758	0.06724	0.01484	0.00241	0.01203
TMEM17	0.08552	0.0933	0.12305	0.05236	0.07623
TMEM170A	0.12543	0.14264	0.05857	0.13416	0.10954
TMEM170B	0.01898	0.10617	0.08342	0.04388	0.00053
TMEM171	0.00845	0.0055	0.00041	0	0
TMEM173	0.21104	0.00912	0.10396	0.12637	0.06751
TMEM175	0.04032	0.06367	0.06558	0.05548	0.04845
TMEM176A	0.16083	1.2532	0.51635	0.06797	0.01501
TMEM176B	0.3109	1.70133	0.81618	0.06011	0.0427
TMEM177	0.03735	0.0618	0.01082	0.06843	0
TMEM178A	0.00429	0.01112	0.00395	0	0.01568
TMEM178B	0.0086	0.04582	0.01839	0	0.00034
TMEM179B	0.14595	0.22548	0.12316	0.30841	0.28656
TMEM18	0.11103	0.06228	0.07505	0.12258	0.05932
TMEM181	0.24927	0.37829	0.37016	0.24134	0.32813
TMEM182	0.00876	0.00687	0.01319	0.02009	0.00827
TMEM183A	0.02247	0.03427	0.04416	0.0293	0.00566
TMEM184A	0.08328	0.09264	0.08608	0.05164	0.06515
TMEM184B	0.04681	0.06703	0.07244	0.08209	0.16307
TMEM184C	0.02424	0.03669	0.05971	0.03433	0.02995
TMEM185B	0.0346	0.06904	0.04596	0.04573	0.01255
TMEM186	0.03939	0.05069	0.05042	0.0843	0.01909
TMEM187	0.04732	0.05687	0.01837	0.05304	0.08947
TMEM189	0.04793	0.10669	0.02946	0.09298	0.01634
TMEM19	0.60427	0.81672	0.7739	0.53018	0.73482
TMEM191A	0.01921	0.03376	0.01726	0.00108	0.00876
TMEM191C	0.00276	0.00363	0.00097	0	0
TMEM192	0.27307	0.39658	0.3676	0.25452	0.2917
TMEM198	0.00458	0.01227	0	0.03698	0.0093
TMEM198B	0.04204	0.04385	0.09519	0.06851	0.10682
TMEM199	0.09748	0.13454	0.10975	0.12197	0.10071
CEMIP2	0.46753	0.27214	0.09683	0.48906	0.20028
TMEM200A	0.01383	0.00319	0	0.00855	0
TMEM200B	0.00192	0.03682	0.01777	0.00073	0
TMEM201	0.02431	0.03404	0.03761	0.02434	0.0029
TMEM203	0.13794	0.19398	0.05755	0.18353	0.11303
TMEM204	0.03268	0.00216	0	0.00315	0.02007
TMEM205	0.13841	0.5423	0.2306	0.24158	0.44317
TMEM206	0.00607	0.02425	0.05726	0.02579	0.03161
TMEM208	0.17442	0.30123	0.27673	0.43404	0.7117
TMEM209	0.06718	0.07834	0.03861	0.12245	0.06714
TMEM212	0.63302	0.4932	0.47095	0.48028	0.6224
TMEM213	0.10787	0.09525	0.08878	0.05802	0.09906
TMEM214	0.09651	0.21679	0.10771	0.19941	0.35721
TMEM216	0.05382	0.01626	0.00725	0.01242	0.02559
TMEM217	0.02007	0.01181	0.01077	0.01229	0.01623
TMEM218	0.03567	0.0635	0.04199	0.07801	0.04492
TMEM219	0.30129	0.56993	0.50671	0.48439	0.58244
TMEM220	0.00734	0.06244	0.01422	0.00152	0.00404
TMEM222	0.0786	0.08587	0.05124	0.0359	0.05011
TMEM223	0.08177	0.12889	0.069	0.11075	0.09695
TMEM229B	0.08757	0.00848	0.01668	0.06996	0.01657
TMEM230	0.19563	0.27901	0.17524	0.22527	0.18836
TMEM231	0.00342	0.0088	0.00941	0.0051	0.01026
TMEM232	0.00644	0.00536	0.00706	0	0.00086
TMEM234	0.01243	0.04012	0.03015	0.04656	0.02352
TMEM236	0.00163	0.00256	0.00481	0.0014	0.00136
TMEM237	0.02017	0.06028	0.03066	0.04722	0.00098
TMEM238	0.01279	0.0582	0.00978	0.04935	0.12326
TMEM239	0.00136	0.00265	0.00013	0.00234	0.00029
TMEM241	0.04194	0.08391	0.0727	0.05051	0.06362
TMEM242	0.05343	0.04021	0.02842	0.12393	0.05842
TMEM243	0.05775	0.00476	0.04826	0.0779	0.06314
TMEM245	0.39514	0.67956	0.46274	0.44179	0.32269
TMEM246	0	0.03618	0.0128	0	0.01457
TMEM248	0.16169	0.18256	0.11904	0.09741	0.14615
TMEM249	0.00333	0.00388	0	0.01826	0
TMEM25	0.01729	0.02324	0.01965	0	0.01633
TMEM251	0.0186	0.02432	0.04635	0.00527	0.00895
TMEM253	0.00128	0.00888	0	0	0
TMEM254	0.04988	0.12072	0.03358	0	0.03493
TMEM254-AS1	0.36842	0.51046	0.42242	0.22732	0.44107
TMEM255A	0	0.00424	9e-04	0	0.00018
TMEM256	0.17055	0.17701	0.12527	0.34343	0.26586
TMEM258	0.78258	0.83928	0.50398	1.45256	1.49816
TMEM259	0.20868	0.29767	0.23613	0.20147	0.27112
TMEM260	0.04131	0.08338	0.05379	0.05345	0.03463
DMAC1	0.19173	0.08322	0.07576	0.32244	0.12788
CLTRN	0.00022	0.00232	0	0	0
TMEM30A	0.13845	0.29475	0.17668	0.13282	0.10391
TMEM30B	0.02006	0.04312	0.00472	0	0
TMEM33	0.15223	0.34754	0.20476	0.13919	0.09852
TMEM37	0.0275	0.15106	0.18878	0.00063	0.00576
TMEM38A	0.09331	0.13132	0.11971	0.10666	0.10328
TMEM38B	0.02432	0.09946	0.08164	0.07701	0.02825
TMEM39A	0.06622	0.0964	0.04587	0.03472	0.20048
TMEM39B	0.01818	0.02132	0.0299	0.05987	0.03346
TMEM40	0.00229	0.00243	0	0	0.00261
TMEM41A	0.10612	0.2179	0.23115	0.14918	0.12771
TMEM41B	0.09334	0.26464	0.11321	0.09004	0.07424
TMEM42	0.08858	0.08744	0.06027	0.00129	0.06115
TMEM43	0.03312	0.06726	0.05783	0.11933	0.02781
TMEM44	0.01389	0.01776	0.01689	0.00363	0.00094
TMEM44-AS1	0.01701	0.05962	0.01398	0.13104	0.03561
TMEM45A	0.01508	0.08517	0.02416	0.03103	0.07271
TMEM45B	0.00878	0.15835	0.03889	0	4e-04
TMEM47	0.00446	0.021	0.00679	0	0
RXYLT1	0.07404	0.0761	0.07905	0.13217	0.07124
RXYLT1-AS1	0.05455	0.04817	0.05865	0.03433	0.05862
TMEM50A	0.21133	0.17796	0.23549	0.29687	0.1607
TMEM50B	0.19925	0.18324	0.13145	0.20724	0.14503
TMEM51	0.02049	0.02791	0.16525	0.00037	0
TMEM51-AS1	0.0042	0.00616	0.01598	0.00599	0.00725
TMEM52	0.00408	0.01924	0.00056	0	0.01192
TMEM52B	0.00466	0.00565	0.00623	0.00481	0.00549
TMEM53	0.02558	0.11603	0.04607	0.03046	0.02369
TMEM54	0.00479	0.01959	0.0079	0.00282	0
PIP4P2	0.02177	0.0321	0.03967	0.01459	0.00837
PIP4P1	0.06889	0.09496	0.10859	0.12452	0.12079
TMEM56	0.21248	0.60754	0.24851	0.16266	0.32742
TMEM56-RWDD3	0	0.00263	0	0	0.00284
MACO1	0.21459	0.25029	0.14334	0.20116	0.24818
TMEM59	0.34186	0.54037	0.26581	0.36088	0.58865
TMEM60	0.0935	0.07515	0.03234	0.09421	0.02249
TMEM61	0.00402	0.0024	0.00283	0	0
TMEM62	0.04904	0.04097	0.02394	0.08954	0.06435
TMEM63A	0.06263	0.15133	0.05889	0.02487	0.06033
TMEM63B	0.01423	0.03634	0.01204	5e-04	0.01055
TMEM63C	0	0.00186	0.00525	0	0
TMEM64	0.06523	0.06968	0.03071	0.05475	0.02096
TMEM65	0.02849	0.03174	0.05743	0.02483	0.00136
TMEM67	0.01522	0.02411	0.02915	0.00556	0.01135
TMEM68	0.03421	0.06425	0.04634	0.02896	0.01764
TMEM69	0.03388	0.05677	0.0357	0.02443	0.04503
TMEM70	0.03629	0.11363	0.10273	0.05791	0.11855
TMEM71	0.02705	3e-05	0.00893	0.04125	0.00386
TMEM72	0.00777	0.00843	0.0012	0	0
TMEM72-AS1	0.00079	0.00208	0	0	0.00109
TMEM74	0.00066	0.01065	0.0114	0	0
TMEM74B	0.00221	0.01233	0.01709	0	0.00469
TMEM79	0.01888	0.08038	0.05339	0.02286	0.03914
TMEM80	0.03073	0.06925	0.01312	0.06306	0.02934
TMEM81	0.00661	0.01571	0.00444	0.00025	0.01174
TMEM82	0	0.00571	0.00138	0.00108	0
TMEM86A	0.01354	0.01816	0.06355	0	0
TMEM86B	0.06205	0.08885	0.05348	0.04917	0.01979
TMEM87A	0.23928	0.20897	0.15274	0.3457	0.2139
TMEM87B	0.11908	0.08553	0.13237	0.13166	0.12729
TMEM8A	0.08093	0.11205	0.12352	0.07514	0.09052
TMEM8B	0.01278	0.05698	0.00887	0.00546	0.06379
TMEM9	0.07275	0.33405	0.11706	0.08678	0.08546
TMEM91	0.0215	0.05099	0.03409	0.02177	0.04573
TMEM92	0.01418	0.05723	0.024	0	0.00114
TMEM97	0.0642	0.32679	0.1314	0.24781	0.01274
TMEM98	6e-04	0.08417	0.00957	0	0
TMEM99	0.01577	0.01836	0.00812	0.04401	0.05014
TMEM9B	0.11163	0.08742	0.08514	0.09733	0.06363
TMEM9B-AS1	0.00227	0.00502	0.01253	0	0
TMF1	0.34559	0.26765	0.27472	0.49846	0.46045
TMIE	0.00348	0.03283	0.02345	0	0
TMIGD2	0.32219	0.33408	0.31341	0.27174	0.29408
TMLHE	0.02044	0.05233	0.04127	0.05226	0.03486
TMOD1	0.01428	0.02055	0.00473	0.00948	0.00299
TMOD2	0.07592	0.10299	0.13947	0.08994	0.08259
TMOD3	0.57583	0.42882	0.56494	0.69538	0.33524
TMOD4	0.00622	0.0024	0.00069	0.01936	0.00363
TMPO	0.53334	0.36549	0.34255	1.57176	0.33563
TMPO-AS1	0.0464	0.0284	0.00559	0.05109	0.0015
TMPPE	0	0.00155	0.0094	0	0
TMPRSS11B	0.29083	0.35579	0.35424	0.18204	0.32127
TMPRSS15	0.00417	0.00204	0	0	0
TMPRSS2	0.01003	0.04253	0.00781	0	0
TMPRSS3	0.03103	0.04103	0.00529	0.00636	0.0144
TMPRSS6	0.06517	0.25522	0.05469	0.00875	0.00316
TMPRSS7	0.01056	0.01196	0.00624	0.00758	0.01041
TMPRSS9	0	0.00999	0.01171	0	0
TMSB10	1.99636	0.6328	2.11693	2.15864	1.03485
TMSB4X	2.83752	0.62539	2.89392	2.75747	1.6796
TMSB4Y	0.00032	0.00331	0.00041	0.00358	0.00061
TMTC1	0.00193	0.00985	0.00172	0.00037	0.00055
TMTC2	0.0138	0.01428	0.00653	0	0.00831
TMTC3	0.04917	0.11653	0.10158	0.04398	0.03149
TMTC4	0.01513	0.05569	0.01705	0.01302	0.02822
TMUB1	0.09493	0.07637	0.06485	0.10096	0.05795
TMUB2	0.11459	0.19702	0.14893	0.18532	0.16631
TMX1	0.20027	0.13067	0.19619	0.3865	0.17629
TMX2	0.16128	0.31842	0.14034	0.20553	0.12779
TMX3	0.15561	0.1079	0.15027	0.13937	0.09625
TMX4	0.30028	0.30878	0.18699	0.41381	0.15516
TNC	0.00697	0.00594	0.00955	0.00255	0.01401
TNF	0.08857	0.0059	0.07748	0.1251	0.01819
TNFAIP1	0.06533	0.08645	0.03561	0.0151	0.06737
TNFAIP2	0.05413	0.17602	1.2071	0.0229	0.07617
TNFAIP3	1.04827	0.15565	0.35351	0.97241	0.53708
TNFAIP8	0.26027	0.01627	0.16226	0.26184	0.16971
TNFAIP8L1	0.46355	0.74412	0.5775	0.43147	0.49607
TNFAIP8L2	0.01005	0.00123	0.10046	0.01692	0.00352
TNFAIP8L3	0.06367	0.09042	0.07657	0.04441	0.06216
TNFRSF10A	0.02385	0.01824	0.02921	0.04514	0.02945
TNFRSF10B	0.04119	0.08745	0.05409	0.05155	0.03791
TNFRSF10C	0	0.00161	0.00538	0	0
TNFRSF10D	0.0135	0.0182	0.01909	0	0.003
TNFRSF11A	0.00297	0.01052	0.04667	0	0
TNFRSF11B	0.00062	0.00986	0.00386	0	0
TNFRSF12A	0.00682	0.04251	0.02837	0.00084	0.00773
TNFRSF13B	0.02007	0.00125	0.00456	0.04916	0.10012
TNFRSF13C	0	0.00216	0	0.01583	0.11548
TNFRSF14	0.44955	0.3504	0.73283	0.33819	0.3184
TNFRSF17	0.01609	0.00498	0.00056	0.09266	0.5676
TNFRSF18	0.2012	0.0097	0.01344	0.04874	0.02329
TNFRSF19	0.00082	0.02142	0.00194	0	0
TNFRSF1A	0.07662	0.24014	0.23231	0.0661	0.04435
TNFRSF1B	0.95256	0.15258	0.77084	0.60727	0.35937
TNFRSF21	0.01466	0.05653	0.09223	0	0.00713
TNFRSF25	0.11218	0.01557	0.01647	0.04859	0.00223
TNFRSF4	0.29896	0.00991	0.02054	0.16699	0.04877
TNFRSF8	0.03019	0.00279	0.00676	0.1183	0.00291
TNFRSF9	0.3496	0.10927	0.14786	0.43411	0.17675
TNFSF10	0.42678	1.23125	0.52445	0.35032	0.28949
TNFSF11	0.0015	0.00269	0	0	0
TNFSF12	0.05539	0.01637	0.09221	0.0351	0.00972
TNFSF13	0	0.00346	0.05145	0	6e-04
TNFSF13B	0.03341	0.02938	0.33285	0.04702	0.0213
TNFSF14	0.19378	0.19834	0.12999	0.20548	0.1195
TNFSF15	0.05866	0.10177	0.15105	0.0543	0.04781
TNFSF4	0.03742	0.01208	0.00313	0.08671	0.00942
TNFSF8	0.31221	0.00882	0.07423	0.16689	0.07145
TNFSF9	0.04766	0.00392	0.00561	0.01899	0.02667
TNIK	0.20396	0.02846	0.0233	0.14031	0.08699
TNIP1	0.41343	0.4787	0.4329	0.6852	0.46063
TNIP2	0.10797	0.13679	0.10831	0.24063	0.11347
TNIP3	0.17973	0.02694	0.05443	0.12677	0.12023
TNK1	0.00209	0.01041	0.00657	0	0.01276
TNK2	0.11731	0.05935	0.10759	0.08321	0.07861
TNKS	0.0891	0.08346	0.06635	0.07476	0.09714
TNKS1BP1	0.02715	0.20722	0.04719	0.00217	0.04254
TNKS2	0.3316	0.21	0.21817	0.2911	0.36076
TNN	0	0.0041	0	0	0
TNNC1	0	9e-04	0.00267	0	0
TNNC2	0.00395	0.00901	0	0	0.00931
TNNI1	0	0.00164	0.00112	0.00051	0.0013
TNNI2	0	0.00011	0.05509	0	0.01453
TNNI3	0.00075	0.01051	0.00038	0	0
TNNT1	0.01219	0.01256	0.02365	0	0.0015
TNPO1	0.2222	0.20494	0.23453	0.30278	0.09928
TNPO2	0.12156	0.15548	0.1697	0.31208	0.11648
TNPO3	0.20484	0.21283	0.18212	0.27889	0.10253
TNRC18	0.08513	0.16084	0.17577	0.0652	0.01962
TNRC18P1	0	0.00095	0.00107	0.00038	0.00196
TNRC6A	0.48341	0.44502	0.33817	0.55823	0.66954
TNRC6B	0.87167	0.68106	0.66663	1.00386	1.01161
TNRC6C	0.18427	0.08652	0.03756	0.27543	0.16049
TNRC6C-AS1	0.07606	0.0106	0.06541	0.07523	0.08093
TNS1	0.04681	0.23542	0.18587	0.04837	0.00054
TNS3	0.08547	0.25991	0.61942	0.08596	0.20752
TNS4	0.01629	0.0019	0.00052	3e-04	0
TOB1	0.23374	0.29932	0.17805	0.14939	0.06974
TOB1-AS1	0.00778	0.01082	0.01778	0.02855	0.01208
TOB2	0.30618	0.2392	0.3454	0.23981	0.18178
TOB2P1	0.02684	0.05657	0.0164	0.00856	0.02534
TOE1	0.01024	0.023	0.00127	0.03711	0.02696
TOLLIP	0.09962	0.31553	0.23507	0.17925	0.10869
TOLLIP-AS1	0.02072	0.01212	0	0.00481	0.00051
TOM1	0.09727	0.25418	0.23699	0.06343	0.03598
TOM1L1	0.01148	0.1295	0.02982	0.00073	0.00053
TOM1L2	0.0413	0.03104	0.02671	0.02652	0.01855
TOMM20	0.26392	0.51726	0.27121	0.35819	0.25821
TOMM22	0.17014	0.20293	0.16768	0.34354	0.1516
TOMM34	0.08268	0.09096	0.05074	0.17964	0.04217
TOMM40	0.0251	0.09506	0.10075	0.0762	0.02421
TOMM40L	0.07827	0.14732	0.10092	0.06393	0.01781
TOMM5	0.29875	0.17305	0.15695	0.71136	0.28395
TOMM6	0.48019	0.68992	0.32402	0.73332	0.41678
TOMM7	0.8877	0.46308	0.5868	0.9011	0.74261
TONSL	0.08616	0.11239	0.05918	0.18157	0.08647
TOP1	0.40863	0.37498	0.48749	1.02242	0.8898
TOP1MT	0.05989	0.13998	0.08696	0.02833	0.03514
SRP14P4	0.00545	0.01546	0.00591	0.00716	0.0063
TOP2A	0.12066	0.24111	0.1371	2.87246	0.1027
TOP2B	0.49249	0.36204	0.33693	0.57141	0.4735
TOP3A	0.18237	0.17441	0.21952	0.25568	0.18104
TOP3B	0.04601	0.02911	0.0222	0.04079	0.04653
TOPBP1	0.14225	0.20711	0.19258	0.59062	0.12939
TOPORS	0.1941	0.11261	0.09091	0.25554	0.16926
SMIM27	0.0753	0.02828	0.01582	0.04746	0.05328
TOR1A	0.07565	0.06332	0.05964	0.13256	0.07613
TOR1AIP1	0.28257	0.16809	0.1944	0.31936	0.16179
TOR1AIP2	0.38155	0.90503	0.60453	0.45431	0.3556
TOR1B	0.03702	0.08034	0.04492	0.05863	0.01341
TOR2A	0.04318	0.02491	0.02141	0.08499	0.06545
TOR3A	0.04532	0.11274	0.14645	0.12213	0.23418
TOR4A	0.03056	0.00692	0.02119	0.0628	0.02294
TOX	0.3835	0.00812	0.00512	0.33232	0.19196
TOX2	0.32147	0.04841	0.02831	0.43625	0.12182
TOX3	0.01827	0.15267	0.03015	0.00194	0.02132
TOX4	0.14576	0.22261	0.21996	0.24959	0.1014
TP53	0.06364	0.0828	0.07298	0.1682	0.08265
TP53AIP1	0.06283	0.05491	0.0348	0.03523	0.05615
TP53BP1	0.20807	0.18163	0.1298	0.28003	0.12762
TP53BP2	0.1751	0.35597	0.16143	0.20112	0.10758
TP53I11	0.01797	0.01179	0.00782	0	0.02085
TP53I13	0.06648	0.09996	0.10131	0.05019	0.05703
TP53I3	0.03821	0.11123	0.1007	0.06277	0.07868
TP53INP1	0.41857	0.39057	0.15553	0.19536	0.80563
TP53INP2	0.07696	0.13846	0.15176	0.05367	0.06737
TP53RK	0.04524	0.0447	0.03351	0.06425	0.05243
TP53TG1	0.08957	0.13313	0.06822	0.13641	0.0081
TP63	0.0133	0.01784	0.00574	0.0204	0.00496
TP73	0.00561	0.00318	0	0.01257	0.02836
TP73-AS1	0.01642	0.04405	0.02203	0.0079	0.01127
TPBGL	0	0.00938	0.00106	0	0
TPCN1	0.08223	0.23849	0.13404	0.04585	0.05784
TPCN2	0.03145	0.09119	0.0813	0.03359	0.03209
TPD52	0.21471	0.27501	0.17919	0.31305	0.8123
TPD52L1	0.01818	0.06485	0.01252	0.01387	0.00471
TPD52L2	0.05605	0.17819	0.2974	0.06168	0.0831
TPGS1	0.00923	0.00414	0.0023	0	0.00288
TPGS2	0.12081	0.15422	0.08159	0.45436	0.07616
TPI1	1.07746	0.9482	0.9076	1.96673	0.70666
TPI1P2	0	0.00259	0	0.03346	0.00088
TPI1P3	0.00104	0.00278	0.00179	0.00291	0.00025
TPK1	0.02642	0.00867	0.04424	0.0198	0.00744
TPM1	0.0972	0.35202	0.23599	0.10097	0.06867
TPM2	0.03172	0.04975	0.0266	0.00837	0.01337
TPM3	1.76919	1.07618	1.88232	2.52566	1.23466
TPM3P9	0.08107	0.11893	0.08613	0.15432	0.08664
TPM4	0.4948	0.18744	0.86686	1.41288	0.54974
TPMT	0.17716	0.24945	0.25961	0.14239	0.1905
TPP1	0.65263	1.12796	1.16047	0.65992	0.43967
TPP2	0.20449	0.15576	0.20732	0.43248	0.19691
TPPP	0.0015	0.06179	0.00735	0	0.00014
TPR	0.96151	0.87797	0.61786	1.53419	0.80768
TPRA1	0.03821	0.10619	0.11939	0.06732	0.07707
TPRG1	0.01833	0.01616	0.01129	0.00575	0
TPRG1-AS1	0.02144	0.05026	0.04694	0.01921	0.02747
TPRG1-AS2	0.00062	0.00248	0.00452	0	0.00819
TPRG1L	0.14431	0.33471	0.1279	0.06137	0.17428
TPRKB	0.0745	0.06328	0.04767	0.16596	0.05108
TPRN	0.02007	0.08113	0.01731	0.02319	0.02023
TPST1	0.00734	0.04312	0.02087	0	0
TPST2	0.13941	0.19422	0.09345	0.18023	0.41393
TPT1	3.08875	1.88413	2.68412	2.95068	3.20151
TPT1-AS1	0.00736	0.01661	0.01107	0.02398	0.01148
TPTE2	0.00343	0.00588	0.00568	0	0.02633
TPTE2P1	0.18847	0.22462	0.16031	0.14131	0.21793
TPTE2P5	0.00138	0.00491	0.00074	0	0.00076
TPTE2P6	0.00259	0.00502	0.00374	0.00825	0.00133
TPTEP1	0	7e-04	0	0	0
TPX2	0.07946	0.11265	0.09832	1.72111	0.07249
TRA2A	0.40593	0.3075	0.32889	0.45484	0.34267
TRA2B	0.67705	0.32514	0.70635	0.99489	0.73365
TRABD	0.12197	0.11006	0.05899	0.16519	0.31474
TRABD2A	0.15738	0.10159	0.10608	0.10691	0.0864
TRABD2B	0	0.00612	0	0	0
TRADD	0.10254	0.07682	0.07723	0.14907	0.14693
TRAF1	0.23043	0.0176	0.05059	0.16835	0.13227
TRAF2	0.06681	0.06795	0.0522	0.19883	0.15184
TRAF3	0.13681	0.0988	0.10671	0.20941	0.11886
TRAF3IP1	0.09241	0.17193	0.14606	0.11924	0.08236
TRAF3IP2	0.51986	0.56017	0.60264	0.46703	0.59428
TRAF3IP2-AS1	0.01807	0.0143	0.01869	0.0984	0.03417
TRAF3IP3	0.49664	0.0053	0.04095	0.42317	0.25679
TRAF4	0.00302	0.05011	0.00562	0.01221	0.0223
TRAF5	0.3504	0.04807	0.08568	0.40348	0.14843
TRAF6	0.02296	0.04264	0.05309	0.07005	0.07189
TRAF7	0.03299	0.05646	0.05897	0.03178	0.04405
TRAFD1	0.11858	0.08978	0.08433	0.18454	0.03173
TRAIP	0.00757	0.02227	0.0061	0.116	0.0032
TRAK1	0.0951	0.14484	0.10943	0.08084	0.07697
TRAK2	0.23248	0.13429	0.17116	0.16102	0.0727
TRAM1	0.39111	0.40484	0.33984	0.47045	1.08843
TRAM1L1	0	0.01157	0.00721	0	0
TRAM2	0.07417	0.08909	0.05726	0.08345	0.35051
TRAM2-AS1	0.0146	0.03835	0.00193	0	0.00366
TRANK1	0.19923	0.09494	0.10497	0.30069	0.32589
TRAP1	0.0743	0.15707	0.07119	0.24193	0.05589
TRAPPC1	0.25215	0.08823	0.13082	0.35553	0.20606
TRAPPC10	0.27515	0.13336	0.24266	0.45085	0.23675
TRAPPC11	0.06538	0.06885	0.07859	0.11073	0.05765
TRAPPC12	0.09718	0.08134	0.1392	0.26895	0.14769
TRAPPC13	0.07526	0.06166	0.03406	0.10657	0.02468
TRAPPC2	0.09572	0.06597	0.05306	0.10716	0.07083
TRAPPC2L	0.18511	0.29057	0.27452	0.7912	0.41006
TRAPPC3	0.1488	0.14835	0.09752	0.1675	0.18647
TRAPPC4	0.16204	0.17449	0.11614	0.21437	0.09306
TRAPPC5	0.37624	0.34445	0.44174	0.76821	0.68454
TRAPPC6A	0.29178	0.34405	0.16764	0.34883	0.24946
TRAPPC6B	0.05178	0.10612	0.15016	0.06111	0.10201
TRAPPC8	0.12239	0.10965	0.08215	0.117	0.0986
TRAPPC9	0.13264	0.11905	0.07007	0.08607	0.12011
TRAT1	0.06267	0.00074	0.00092	0.11516	0.00504
TRDMT1	0.24117	0.29056	0.2314	0.16908	0.27067
TRDN	0.01079	0.00341	0.00539	0	0
TREH	0	0.00477	0	0	0.00067
TREM1	0.00024	0.00489	0.05176	0.01627	0.00117
TREM2	0.00054	0.00302	0.30468	0	0
TREML2	0.00074	0.00272	0.00686	0	0.00511
TREML3P	0	0.00149	0.00197	0	0
TRERF1	0.17973	0.00713	0.03252	0.15521	0.03974
TREX1	0.084	0.10309	0.08892	0.30044	0.20578
TRHDE	0.00023	0.01744	0.00864	0	0
TRHDE-AS1	0.00147	0.06775	0.00603	0	0
TRIAP1	0.08334	0.09503	0.05087	0.07169	0.07724
TRIB1	0.13078	0.26815	0.34176	0.24426	0.74824
TRIB2	0.18086	0.09188	0.04423	0.14487	0.08827
TRIB3	0.06946	0.2531	0.1173	0.02442	0.05235
TRIM10	0.00648	0.00644	0.00717	0.00085	0
TRIM11	0.09061	0.05209	0.04402	0.07841	0.02557
TRIM13	0.23048	0.18786	0.17914	0.07449	0.18456
TRIM14	0.21302	0.11782	0.13911	0.24054	0.15544
TRIM15	0.00135	0.02142	0.00793	0.02562	0
TRIM16	0.01604	0.06902	0.05203	0.07004	0.01521
TRIM16L	0.01854	0.12179	0.06913	0.01581	0.00192
TRIM2	0.04894	0.12977	0.06633	0.01702	0.01719
TRIM21	0.08922	0.03093	0.05372	0.04617	0.07526
TRIM22	0.36683	0.02108	0.13612	0.34498	0.12806
TRIM23	0.07386	0.087	0.04418	0.02566	0.05092
TRIM24	0.07573	0.28459	0.11662	0.13118	0.11919
TRIM25	0.09631	0.12358	0.10092	0.1271	0.1025
TRIM26	0.16214	0.22731	0.10306	0.33412	0.2291
TRIM27	0.20789	0.29815	0.13736	0.34867	0.22852
TRIM28	0.11803	0.13772	0.07888	0.23999	0.11732
TRIM29	0	0.00197	0	0	0
TRIM3	0.00564	0.01538	0.00837	0.02089	0.00161
TRIM31	0.02009	0.04257	0.02688	0.03352	0.00147
TRIM32	0.00074	0.01421	0.02267	0.02576	0.00744
TRIM33	0.36052	0.29844	0.23112	0.36696	0.21304
TRIM35	0.02909	0.01216	0.00163	0.00305	0.00391
TRIM36	0	0.00438	0.02543	0	0
TRIM37	0.1322	0.14653	0.10337	0.16409	0.11142
TRIM38	0.35242	0.37214	0.46534	0.48156	0.43966
TRIM39	0.06275	0.09787	0.07441	0.07022	0.09126
TRIM4	0.15806	0.12672	0.08797	0.06122	0.06334
TRIM41	0.0813	0.1175	0.06972	0.05168	0.07538
TRIM44	0.47899	0.64739	0.69448	0.40191	0.4484
TRIM45	0.01409	0.02808	0.02684	0.01289	0.00748
TRIM46	0.03881	0.0632	0.09379	0.03843	0.03908
TRIM47	0.00706	0.15855	0.10108	0.03482	0.02849
TRIM5	0.07961	0.07189	0.02937	0.08468	0.07983
TRIM50	0.00415	0.03258	0.01023	0	0
TRIM52	0.12001	0.16381	0.15256	0.18198	0.15815
TRIM52-AS1	0.14812	0.12824	0.10453	0.14492	0.17187
TRIM54	0.00823	0.00585	0.00645	0.00306	0.00361
TRIM55	0	0.00413	0	0	0.0179
TRIM56	0.32563	0.40478	0.27815	0.32318	0.40145
TRIM58	0.53269	0.57388	0.6791	0.3949	0.65548
TRIM59	0.09669	0.02038	0.00464	0.31352	0.05335
TRIM6	0.00034	0.00652	0.00568	0.00089	0.00031
TRIM60	0.01059	0.00519	0.00497	0.00442	0.01482
TRIM61	0.00163	0.00259	0	0.04215	0.0144
TRIM62	0.01815	0.00869	0.00102	0.00182	0.0071
TRIM65	0.11139	0.14609	0.25022	0.09074	0.11588
TRIM66	0.12819	0.18771	0.09353	0.13078	0.19537
TRIM68	0.06926	0.05434	0.03382	0.08943	0.03099
TRIM69	0.01458	0.00301	0.00996	0.00462	0.04795
TRIM7	0.00284	0.0059	0.00576	0.00271	0.00179
TRIM71	0.03323	0.08439	0.04265	0	0.00035
TRIM72	0.02718	0.02465	0.04414	0.01136	0.02423
TRIM73	0	0.00107	0	0	0
TRIM74	0.00336	7e-04	0	0	0.00108
TRIM8	0.18383	0.44376	0.2039	0.15578	0.13878
TRIM9	0	0.00817	0	0	0
TRIO	0.0876	0.33008	0.23995	0.13659	0.13212
TRIOBP	0.28076	0.32527	0.34334	0.4764	0.21531
TRIP10	0.01699	0.03789	0.03627	0.01715	0.01459
TRIP11	0.62845	0.69127	0.72006	0.59363	0.90301
TRIP12	0.70371	0.49659	0.53004	0.66993	0.59194
TRIP13	0.13899	0.1404	0.13089	0.39587	0.12735
TRIP4	0.05136	0.0731	0.09235	0.11041	0.06332
TRIP6	0.04453	0.16708	0.15451	0.08016	0.07605
TRIQK	0.03161	0.12266	0.03575	0.04735	0.001
TRIT1	0.03441	0.03773	0.01171	0.01351	0.02406
TRMT1	0.04998	0.07478	0.14762	0.13305	0.1019
TRMT10A	0.04523	0.05669	0.03806	0.18624	0.04515
TRMT10B	0.20115	0.21189	0.24906	0.2247	0.28481
TRMT10C	0.11248	0.11976	0.12633	0.21874	0.15791
TRMT11	0.11101	0.14633	0.03207	0.11127	0.0829
TRMT112	0.38984	0.43095	0.28574	0.53299	0.42056
TRMT12	0.05177	0.03978	0.0351	0.00517	0.03446
TRMT13	0.09317	0.17344	0.07054	0.12768	0.08797
TRMT1L	0.06274	0.1242	0.07691	0.13522	0.091
TRMT2A	0.11543	0.131	0.07736	0.07283	0.12917
TRMT2B	0.19791	0.19233	0.15553	0.25014	0.21732
TRMT44	0.01627	0.03252	0.01498	0.07475	0.0365
TRMT5	0.05316	0.06672	0.04597	0.18627	0.04528
TRMT6	0.05756	0.12465	0.04962	0.10059	0.06165
TRMT61A	0.08733	0.09439	0.05003	0.02917	0.05967
TRMT61B	0.04558	0.04891	0.02048	0.11693	0.06901
TRMU	0.08051	0.06374	0.02459	0.0272	0.06331
TRNAU1AP	0.05173	0.0524	0.06317	0.23286	0.07629
TRNP1	0.00134	0.0309	0.01785	0	9e-04
TRNT1	0.05363	0.05434	0.04444	0.07057	0.10297
TROAP	0.01614	0.02333	0.00502	0.32851	0.00272
TROVE2	0.30223	0.41729	0.22559	0.55783	0.29331
TRPC1	0.00144	0.03979	0.01254	0	0
TRPC4AP	0.06744	0.13995	0.09782	0.16998	0.1038
TRPM1	0.02469	0.03431	0.03137	0.0106	0.02686
TRPM2	0.03355	0.00678	0.21233	0.00193	0.01605
TRPM3	0.02194	0.01486	0	0.00281	0.01999
TRPM4	0.02221	0.07946	0.06917	0.00204	0.02018
TRPM6	0.00605	0.01125	0.01413	0.00539	0.00805
TRPM7	0.45653	0.58154	0.56142	0.46508	0.44167
TRPM8	0.05978	0.21905	0.08375	0.0704	0.04918
TRPS1	0.29237	0.0915	0.18583	0.18698	0.08502
TRPT1	0.08235	0.10371	0.05568	0.04472	0.09998
TRPV1	0.01638	0.04364	0.04191	0.02347	0.02433
TRPV2	0.1076	0.00884	0.10164	0.11313	0.07052
TRPV3	0.00022	0.00727	0	0	0.01307
TRPV4	0.00225	0.02818	0.0459	0	0
TRRAP	0.11046	0.11627	0.09637	0.19032	0.13153
TRUB1	0.09242	0.06369	0.03367	0.03707	0.05651
TRUB2	0.03624	0.06177	0.06356	0.10024	0.04549
TSACC	0.00253	0.01569	0.00139	0.00047	0.00076
TSC1	0.09522	0.12245	0.08764	0.09969	0.04625
TSC2	0.15081	0.12219	0.08974	0.17909	0.09395
TSC22D1	0.15562	0.48434	0.19697	0.1355	0.0498
TSC22D2	0.11357	0.08711	0.045	0.13652	0.04599
TSC22D3	1.17362	0.09544	0.36741	0.87053	1.48486
TSC22D4	0.10991	0.06437	0.14987	0.09236	0.06346
TSEN15	0.12407	0.07456	0.03681	0.17651	0.06855
TSEN2	0.01055	0.0493	0.01889	0.02726	0.00548
TSEN34	0.02628	0.0935	0.07879	0.04943	0.06761
TSEN54	0.1736	0.0771	0.05761	0.18993	0.03047
TSFM	0.03892	0.09636	0.0645	0.03306	0.02579
TSG101	0.18225	0.2501	0.18405	0.14825	0.12175
TSGA10	0.00705	0.02897	0.01324	0.00958	0.06396
TSGA13	0.03846	0.04544	0.04308	0.02252	0.04316
TSHZ1	0.05365	0.11151	0.05148	0.11602	0.04272
TSHZ2	0.23387	0.37049	0.23284	0.19134	0.29355
TSHZ3	0	0.0013	0.02725	0	0
TSIX	0.33384	0.39259	0.49727	0.32338	0.43627
TSKS	0.00912	0.00183	0.00108	0.00988	0.00023
TSKU	0.05081	0.33841	0.1007	0.01856	0.00477
TSLP	0	0.00078	0	0	0
TSN	0.11128	0.27566	0.21334	0.20235	0.10558
TSNARE1	0.02744	0.03292	0.03476	0.00309	0.00859
TSNAX	0.33772	0.4185	0.29609	0.23631	0.31662
TSNAXIP1	0.00022	0.00909	0.00371	0.00056	0
TSPAN1	0.00206	0.0087	8e-04	0	0
TSPAN10	0.00191	0.00712	9e-04	0	0
TSPAN11	0	0.01578	0.00448	0	0
TSPAN12	0	0.01107	0	0.00094	0.00042
TSPAN13	0.02896	0.05319	0.03003	0.0183	0.07785
TSPAN14	0.52976	0.41044	0.46117	0.50989	0.31495
TSPAN15	0.00079	0.00658	0.00234	0.00025	0
TSPAN17	0.26756	0.16254	0.10661	0.16204	0.11767
TSPAN18	0	0.00681	0.00083	0	0
TSPAN3	0.11833	0.24286	0.1608	0.1355	0.39708
TSPAN31	0.11721	0.11392	0.08106	0.02397	0.08393
TSPAN32	0.07185	0.00206	0.01393	0	0.03171
TSPAN33	0.11506	0.25135	0.36156	0.1519	0.06122
TSPAN4	0.02041	0.08635	0.40185	0.01831	0.05494
TSPAN5	0.10005	0.0213	0.00107	0.07333	0.03658
TSPAN6	0.13952	0.41412	0.16118	0.07028	0.11299
TSPAN7	0.00129	0.0101	0.00335	0	0
TSPAN8	0.04247	0.12305	0.10476	0.01177	0
TSPAN9	0.01152	0.1067	0.05652	0.0122	0.00076
TSPEAR-AS1	0.00051	0.00796	5e-04	0.00094	0.00131
TSPO	0.36763	0.13946	0.36465	0.35216	0.19742
TSPO2	0.00659	0.00104	0.00099	0	0
TSPYL1	0.28369	0.2679	0.22714	0.16006	0.18807
TSPYL2	0.65518	0.15779	0.21959	0.41842	0.26757
TSPYL4	0.09776	0.03429	0.04207	0.10565	0.03728
TSR1	0.09419	0.11266	0.12784	0.16128	0.06063
TSR2	0.10383	0.12253	0.10436	0.31286	0.07304
TSR3	0.12948	0.15913	0.15169	0.24382	0.19175
EIPR1	0.07459	0.0372	0.04197	0.12066	0.07515
TSSC2	0.00038	0.00179	0.00099	0	0
TSSC4	0.0245	0.11689	0.09487	0.19383	0.07557
TSSK3	0.00134	0.005	0.00191	0	0
TSSK6	0.00183	0.00274	0	0	0.00043
TST	0.16647	0.74299	0.23016	0.12356	0.13105
TSTA3	0.18106	0.18447	0.11539	0.16099	0.15009
TSTD1	0.3116	0.09297	0.07005	0.62186	0.36584
TSTD2	0.06427	0.05237	0.08096	0.02832	0.03855
TSTD3	0.12473	0.13916	0.11692	0.05284	0.10833
TTBK1	0	0.00135	0	0.00057	0.00277
TTBK2	0.06605	0.04943	0.13962	0.07966	0.06612
TTC1	0.33206	0.34211	0.33738	0.65996	0.30222
TTC12	0.02305	0.04936	0.0111	0.03843	0.03946
TTC13	0.16298	0.10883	0.04938	0.08912	0.1188
TTC14	0.25159	0.1943	0.21052	0.2129	0.25242
TTC16	0.01005	0.00035	0.00093	0.00284	0.00316
TTC17	0.31474	0.28495	0.19945	0.33399	0.41863
TTC19	0.14349	0.12105	0.10306	0.16572	0.15512
TTC21A	0.01461	0.02343	0.01773	0.02805	0.04156
TTC21B	0.05913	0.10198	0.04852	0.08754	0.05567
TTC22	0.01463	0.00575	0	0.00136	0.00032
TTC23	0.02438	0.05426	0.0223	0.03946	0.00043
TTC23L	0.02219	0.06944	0.05026	0.02232	0.03528
TTC24	0.05381	0.00295	0.00733	0.00978	0.03895
TTC25	0.00785	0.01144	0.00308	0	0
TTC26	0.02501	0.03251	0.02856	0.01851	0.00481
TTC27	0.06297	0.06292	0.00571	0.0689	0.01933
TTC28	0.00289	0.06336	0.01279	0.00496	0.01697
TTC28-AS1	0.07464	0.07265	0.03388	0.11952	0.08812
TTC3	0.69677	0.86866	0.82864	0.86227	1.16011
TTC30A	0.01219	0.01932	0.01083	0.00038	0
TTC30B	0.00592	0.00442	0.01418	0.00146	0.00527
TTC31	0.11891	0.19093	0.06045	0.08922	0.14771
TTC32	0.02073	0.08492	0.0233	0.0182	0.05434
TTC33	0.05096	0.12395	0.03905	0.07596	0.01501
TTC36	0.00115	0.01143	0.00214	0.03293	0.00038
TTC37	0.20788	0.33714	0.26764	0.26392	0.39887
TTC38	0.0845	0.32274	0.13214	0.06753	0.09942
TTC39A	0.01039	0.02973	0.01998	0	0
TTC39B	0.15356	0.02013	0.01792	0.16285	0.02189
TTC39C	0.23477	0.47164	0.1102	0.28108	0.06714
TTC3P1	0.0126	0.02248	0.04029	0.00098	0.00664
TTC4	6e-04	0.00879	0.02036	0.00638	0.00229
TTC5	0.0437	0.03017	0.03059	0.03934	0.01891
TTC6	0.00127	0.05672	0.01425	0.0066	0
TTC7A	0.09353	0.06541	0.13836	0.13521	0.15336
TTC7B	0.00675	0.02235	0.03117	0.00085	0
TTC8	0.01161	0.0473	0.02268	0.00838	0.0094
TTC9	0.05197	0.06719	0.02334	0.05692	0.01161
TTC9C	0.04585	0.03358	0.04222	0.01617	0.0345
TTF1	0.17237	0.07909	0.10413	0.36346	0.19138
TTF2	0.1113	0.08938	0.10205	0.58329	0.15392
TTI1	0.09816	0.12034	0.04862	0.13792	0.10352
TTI2	0.02897	0.01026	0.01424	0.02795	0.0344
TTK	0.01313	0.02813	0.02223	0.38742	0.01332
TTL	0.08396	0.13401	0.20196	0.15221	0.04454
TTLL1	0.02612	0.03354	0.02276	0.02043	0.02152
TTLL11	0.00108	0.00506	0.00873	0.03368	0.02597
TTLL12	0.05114	0.08364	0.05125	0.09269	0.02839
TTLL3	0.00943	0.00592	0.01036	0.01678	0.00066
TTLL4	0.04939	0.0734	0.10669	0.12842	0.03816
TTLL5	0.0235	0.0644	0.06808	0.06648	0.05568
TTLL6	0	0.00197	0.00128	0	0
TTLL7	0.01361	0.03511	0.00511	0	0.0114
TTN	1.61225	0.09754	0.19872	0.81094	0.781
TTN-AS1	0.05413	0.05726	0.01875	0.01109	0.03384
TTPA	0.06457	0.40017	0.06438	0.01986	0.01301
TTPAL	0.39519	0.52296	0.39584	0.33003	0.48716
TTR	0.82416	2.59768	1.93701	0.3049	0.20213
TTTY14	0.00489	0.00804	0.00248	0	0
TTTY15	0.10129	0.12522	0.15542	0.0738	0.04498
TTYH2	0.01168	0.01915	0.0787	0.00056	0
TTYH3	0.04628	0.06525	0.2479	0.0693	0.00093
TUB	0.00638	0.00814	0	0	0
TUBA1A	0.23856	0.06396	0.24646	0.52535	0.06245
TUBA1B	0.36598	0.4545	0.80906	2.58931	0.19303
TUBA1C	0.12934	0.27043	0.32333	0.79871	0.0706
TUBA3C	0.00079	0.006	0	0	0
TUBA3FP	0.10814	0.1406	0.16116	0.11735	0.11863
TUBA4A	0.78815	0.23194	0.07147	1.48107	0.69781
TUBA4B	0.00031	0.01027	0.01683	0.00108	0
TUBA8	0.02185	0.00467	0.00589	0.01175	0.00196
TUBB	0.60599	0.91075	0.66844	2.76602	0.28807
TUBB2A	0.0402	0.18134	0.08803	0.04346	0.02515
TUBB2B	0.0155	0.00978	0.00428	0	0.00029
AC092143.1	0.00023	0.00588	0.00839	0.05555	0
TUBB4A	0	3e-04	0.00013	0.00142	0
TUBB4B	0.39845	0.31453	0.36409	1.54592	0.34147
TUBB6	0.00772	0.00238	0.04021	0.07245	0.02241
TUBB7P	0	0.00314	0.00294	0	0
TUBBP5	0.00093	0.00389	0.00113	0	0
TUBD1	0.1507	0.1684	0.14604	0.2328	0.18856
TUBE1	0.01827	0.05497	0.0112	0.02087	0.02303
TUBG1	0.04074	0.07245	0.04465	0.24496	0.03426
TUBG2	0.02339	0.08179	0.01681	0.05144	0.02214
TUBGCP2	0.18507	0.20188	0.21222	0.4031	0.2083
TUBGCP3	0.15574	0.06997	0.09189	0.23929	0.0748
TUBGCP4	0.19927	0.24699	0.21075	0.23139	0.18797
TUBGCP6	0.15193	0.11639	0.10222	0.13986	0.19017
TUFM	0.31126	0.5907	0.2529	0.75403	0.49
TUFT1	0.01383	0.03095	0.00492	0.00385	0.00287
TUG1	0.38239	0.3757	0.31812	0.61445	0.21601
TULP3	0.02938	0.04609	0.02149	0.00065	0.02399
TULP4	0.1673	0.22461	0.13016	0.09744	0.12761
TUSC1	0.00098	0.00912	0.00123	0	0.00571
TUSC2	0.14373	0.24757	0.19351	0.18664	0.18315
TUSC3	0.00053	0.00238	0	0	0
TUT1	0.02484	0.063	0.03338	0.04466	0.03729
TVP23A	0.0028	0.00104	0.02342	0.00031	0.00393
TVP23B	0.08757	0.12967	0.16397	0.10853	0.14345
TVP23C	0.05288	0.01703	0.03858	0.03968	0.05649
TWF1	0.09304	0.23394	0.20368	0.10105	0.04824
TWF2	0.09015	0.03817	0.15963	0.14086	0.03539
TWISTNB	0.22053	0.1139	0.22262	0.27638	0.13379
TWSG1	0.02008	0.04038	0.02458	0.02255	0.01444
TXK	0.19197	0.0083	0.00946	0.08711	0.01722
TXLNA	0.19164	0.24206	0.19186	0.28114	0.19142
TXLNB	0.01446	0.00706	0.07168	0.01314	0.13145
TXLNG	0.12643	0.0884	0.03207	0.2019	0.1161
TXN	0.26872	0.56411	0.29474	0.29059	0.15761
TXN2	0.26248	0.34149	0.20369	0.70185	0.30311
TXNDC11	0.06158	0.10373	0.06116	0.16559	0.53419
TXNDC12	0.15066	0.14828	0.16674	0.25623	0.25096
TXNDC15	0.22429	0.25719	0.25012	0.1983	0.54189
TXNDC16	0.04399	0.08432	0.13733	0.12342	0.07706
TXNDC17	0.24645	0.28322	0.30435	0.55628	0.21117
TXNDC5	0	0.00239	0	0.0212	0.04001
TXNDC9	0.07455	0.11324	0.04958	0.17317	0.11208
TXNIP	1.73755	0.3499	1.19915	1.13467	2.25745
TXNL1	0.19013	0.31751	0.20093	0.39482	0.26003
TXNL4A	0.35316	0.37524	0.26569	0.85773	0.43405
TXNL4B	0.03922	0.05544	0.04976	0.03103	0.02311
TXNRD1	0.38713	0.73545	0.64648	0.42618	0.15833
TXNRD2	0.05489	0.09507	0.11701	0.08909	0.07049
TXNRD3	0.011	0.05617	0.01161	0.00073	0.00057
TYK2	0.25855	0.173	0.14205	0.35061	0.30817
TYMP	0.2411	0.20939	0.83509	0.23917	0.28113
TYMS	0.03067	0.02576	0.01603	0.5495	0.00678
TYRO3	0.00288	0.01779	0.00219	0	0.00682
TYROBP	0.2838	0.07323	1.57534	0.23297	0.08779
TYRP1	0	0.00741	0	0.00069	0
TYSND1	0.05437	0.11614	0.01431	0.08807	0.05049
TYW1	0.0336	0.05197	0.07207	0.09272	0.06006
TYW3	0.07745	0.12533	0.11928	0.23026	0.10998
TYW5	0.14873	0.21799	0.16932	0.11222	0.18556
U2AF1L4	0.14956	0.14915	0.10133	0.10524	0.13112
U2AF2	0.10959	0.10471	0.09861	0.1877	0.06292
U2SURP	0.74598	0.66831	0.59853	1.10491	0.8229
UACA	0.15718	0.44594	0.37594	0.0548	0.07684
UAP1	0.07481	0.19237	0.08599	0.08085	0.25976
UAP1L1	0.02194	0.03118	0.0661	0.05293	0.06275
UBA1	0.41428	0.80761	0.24697	0.44594	0.26868
UBA2	0.19377	0.1786	0.08999	0.43914	0.09416
UBA3	0.13411	0.09232	0.06317	0.24787	0.09468
UBA5	0.0817	0.12105	0.04294	0.11497	0.1835
UBA52	2.17044	1.37436	1.46191	2.92956	2.17236
UBA6	0.13373	0.13004	0.19616	0.34823	0.17908
UBA6-AS1	0.03682	0.01547	0.00476	0.02058	0.04147
UBA7	0.17948	0.11221	0.07589	0.19582	0.21909
UBAC1	0.06348	0.07313	0.10452	0.11173	0.04883
UBAC2	0.15536	0.09134	0.15687	0.05572	0.03209
UBAC2-AS1	0.00214	0.00893	0	0.00542	0
UBALD1	0.01563	0.03951	0.01751	0.05737	0.02754
UBALD2	0.1396	0.05173	0.07646	0.2323	0.1573
UBAP1	0.09828	0.04189	0.05231	0.05602	0.03911
UBAP1L	0.00067	0.01084	0.01085	0.00198	0.00027
UBAP2	0.10816	0.11865	0.12924	0.27086	0.11509
UBAP2L	0.27702	0.33588	0.27257	0.31298	0.23427
UBASH3A	0.18369	0.00448	0.00629	0.23278	0.04384
UBASH3B	0.1647	0.00546	0.02738	0.16568	0.05244
UBB	2.47305	1.76949	1.53615	3.30827	2.49517
UBC	2.53354	1.62825	2.00149	2.75454	3.22347
UBD	0.49848	0.80074	0.68109	0.15287	0.21198
UBE2A	0.1171	0.08773	0.09626	0.29634	0.10742
UBE2B	0.18102	0.28336	0.23145	0.28682	0.31258
UBE2C	0.02673	0.04324	0.02207	0.78762	0.00833
UBE2D1	0.02074	0.05231	0.11392	0.0583	0.03385
UBE2D2	0.25724	0.21482	0.18836	0.56501	0.33658
UBE2D3	0.64414	0.43854	0.58124	0.84947	0.50349
UBE2D4	0.04807	0.08287	0.06603	0.01377	0.02171
UBE2E1	0.08106	0.09845	0.09236	0.12296	0.13844
UBE2E2	0.00745	0.08135	0.13393	0.13177	0.04018
UBE2E3	0.06809	0.21137	0.11838	0.20187	0.07211
UBE2F	0.17139	0.10597	0.20723	0.07265	0.12792
UBE2G1	0.14538	0.11143	0.07719	0.39725	0.23084
UBE2G2	0.93203	0.96229	0.97236	0.74918	0.9714
UBE2H	0.24645	0.2221	0.18019	0.1829	0.28746
UBE2I	0.19645	0.10938	0.16846	0.55076	0.1393
UBE2J1	0.09498	0.16401	0.11967	0.48866	1.25159
UBE2J2	0.12106	0.13856	0.05466	0.2102	0.11545
UBE2K	0.31632	0.49359	0.26578	0.46994	0.30597
UBE2L3	0.45755	0.30084	0.31275	0.91676	0.34249
UBE2L6	0.526	0.18522	0.22246	0.70413	0.53727
UBE2M	0.12332	0.14068	0.0879	0.23594	0.14858
UBE2N	0.26	0.14704	0.06748	0.35156	0.09761
UBE2O	0.05956	0.09449	0.06656	0.0456	0.15511
UBE2Q1	0.25431	0.36066	0.22354	0.41915	0.25054
UBE2Q2	0.04129	0.07209	0.09743	0.11038	0.11303
UBE2Q2L	0	0.00238	0	0	0
UBE2Q2P1	0.29152	0.36973	0.35173	0.16155	0.32405
UBE2QL1	0	0.0069	0	0.00412	0.01493
UBE2R2	0.19938	0.21321	0.18415	0.35836	0.29022
UBE2S	0.05106	0.02024	0.0497	0.33632	0.04168
UBE2T	0.00568	0.02315	0.02019	0.18501	0.00952
UBE2V1	0.009	0.01691	0.00853	0.0234	0.01947
UBE2V2	0.2246	0.22407	0.18255	0.31614	0.15956
UBE2W	0.05891	0.07373	0.09105	0.05716	0.04747
UBE2Z	0.1859	0.24876	0.2607	0.314	0.15007
UBE3A	0.48272	0.53979	0.35611	0.59586	0.47811
UBE3B	0.16968	0.22111	0.13356	0.17496	0.10435
UBE3C	0.09366	0.16065	0.10075	0.18403	0.09853
UBE3D	0.00135	0.00992	0.00363	0.03565	0.01056
UBE4A	0.27494	0.37294	0.17834	0.28793	0.2851
UBE4B	0.11724	0.19928	0.1083	0.16769	0.09262
UBFD1	0.01498	0.06575	0.02285	0.04943	0.01022
UBIAD1	0.33312	0.43693	0.36212	0.28371	0.33237
UBL3	0.12004	0.24715	0.19598	0.1383	0.067
UBL4A	0.08616	0.14859	0.06539	0.20861	0.05246
UBL5	0.90274	0.45752	0.44507	1.26851	0.90235
UBL7	0.16239	0.11873	0.05644	0.3099	0.11847
UBL7-AS1	0.04991	0.02704	0.03498	0.09161	0.02445
UBLCP1	0.16	0.10541	0.06998	0.17921	0.28803
UBN1	0.16062	0.16522	0.15221	0.25605	0.12015
UBN2	0.28056	0.42152	0.26847	0.21016	0.3846
UBOX5	0.16618	0.19457	0.19301	0.16285	0.17471
UBP1	0.14192	0.16619	0.09494	0.2096	0.11486
UBQLN1	0.13613	0.17925	0.16929	0.18164	0.12657
UBQLN2	0.17508	0.16287	0.07874	0.11111	0.08279
UBQLN4	0.05308	0.12022	0.04916	0.13367	0.04557
UBQLNL	0.00194	0.00587	0.00371	0	0.00289
UBR1	0.12717	0.09539	0.12054	0.14218	0.14172
UBR2	0.33729	0.32848	0.26854	0.36951	0.43462
UBR3	0.09173	0.27475	0.16825	0.13904	0.17618
UBR4	0.30927	0.50319	0.4536	0.46387	0.40071
UBR5	0.37458	0.37509	0.4357	0.5724	0.43835
UBR7	0.03675	0.07271	0.11082	0.20638	0.07356
UBTD1	0.00975	0.02836	0.02626	0	0.00063
UBTD2	0.00949	0.06113	0.05705	0.00144	0.02283
UBTF	0.28658	0.26903	0.29671	0.33541	0.21371
UBXN1	0.48503	0.34414	0.35303	0.56213	0.2853
UBXN10	0.00033	0.02089	0	0.00138	0.0024
UBXN11	0.00127	0.00368	0.01175	0.00199	0.00044
UBXN2A	0.08399	0.1308	0.1234	0.24842	0.18354
UBXN2B	0.07845	0.15098	0.09074	0.15511	0.08503
UBXN4	0.57517	0.70489	0.59682	0.82867	1.14331
UBXN6	0.15064	0.20691	0.18208	0.09711	0.16657
UBXN7	0.28951	0.18594	0.21212	0.19613	0.21096
UBXN8	0.00351	0.02757	0.01896	0.04286	0.00603
UCA1	0.00082	0.00632	0.00281	0	0
UCHL1	0.00379	0.13633	0.035	0.06638	0.03743
UCHL3	0.0986	0.12536	0.05398	0.12318	0.04411
UCHL5	0.19933	0.20859	0.13582	0.31975	0.25748
UCK1	0.07775	0.07313	0.08464	0.03139	0.02939
UCK2	0.0228	0.05174	0.02274	0.11602	0.00509
UCKL1	0.01031	0.04423	0.01962	0.03059	0.04609
UCN	0.008	0.01761	0.0094	0	0.00188
UCN2	0	0.00319	0	0	0
UCP2	0.75126	0.06192	0.60923	1.16328	0.61291
UCP3	0.00217	0.00419	0.00256	0	0
UEVLD	0.02369	0.0249	0.02161	0.01409	0.0055
UFC1	0.46217	0.41921	0.34856	0.75504	0.56199
UFD1	0.18475	0.17075	0.11219	0.4313	0.15514
UFL1	0.18332	0.24447	0.11182	0.1668	0.24994
UFM1	0.16451	0.17763	0.18292	0.27256	0.36091
UFSP1	0	0.00929	0	0	0
UFSP2	0.04252	0.07263	0.05721	0.10665	0.10267
UGCG	0.12779	0.13264	0.21099	0.13094	0.20148
UGDH	0.33077	1.06062	0.52472	0.13439	0.06839
UGDH-AS1	1.44474	1.48054	1.32281	1.1716	1.50621
UGGT1	0.65338	0.86994	0.68857	0.60226	0.83067
UGGT2	0.03181	0.12774	0.14933	0.1187	0.11963
UGP2	0.527	0.83941	0.44356	0.51087	0.2704
UGT1A8	0.00402	0.06429	0.01439	0	0.00717
UGT1A3	0.0015	0.01565	0.00078	0	0
UGT1A4	0.01773	0.06487	0.02773	0.00192	0.03588
UGT1A5	0	0.00228	0	0	0
UGT1A6	0.00405	0.03458	0.01689	0	4e-04
UGT1A7	0	0.00517	0	0	0
UGT1A9	0.00163	0.03796	0.0091	0	0
UGT2A3	0.01435	0.09174	0.03033	0.00694	0.00121
UGT2B10	0.09911	0.27731	0.17164	0.05364	0.00971
UGT2B11	0.05292	0.11588	0.03428	0.01446	0.03046
UGT2B15	0.1446	0.42154	0.13849	0.01672	0.03584
UGT2B17	0	0.00328	0	0	0.00085
UGT2B28	0	0.00029	0	0	0
UGT2B4	0.41049	1.36082	0.83714	0.12789	0.05682
UGT2B7	0.11033	0.34438	0.25298	0.01881	0.02331
UGT3A1	0.00285	0.04138	0.0019	0.00227	0.01868
UGT8	0.00488	0.01562	0.01424	0.02357	0.01536
UHMK1	0.30708	0.46067	0.31495	0.44984	0.14218
UHRF1BP1	0.14188	0.27652	0.26337	0.09268	0.1758
UHRF1BP1L	0.17457	0.17516	0.16256	0.03203	0.05218
UHRF2	0.1795	0.05809	0.02852	0.25411	0.1555
UIMC1	0.13728	0.09488	0.13181	0.29398	0.21024
ULBP1	0.00128	0.00157	0	0	0.00031
ULBP2	0.00516	0.00143	0.0014	0.00558	0.00042
ULBP3	0.01499	0.00508	0.00782	0.03841	0.00783
ULK1	0.06635	0.21495	0.07892	0.01134	0.12301
ULK2	0.03178	0.05537	0.05542	0.0274	0.00155
ULK3	0.06745	0.09122	0.07077	0.06162	0.07534
ULK4	0.06526	0.0602	0.04423	0.06637	0.03701
UMODL1	0.00989	0.0012	0.00011	0	0
UMPS	0.05484	0.1225	0.06912	0.13219	0.04778
UNC119	0.12741	0.1644	0.22208	0.11024	0.17455
UNC119B	0.01519	0.04509	0.01422	0.03382	0.0072
UNC13A	0.01855	0.04255	0.03413	0.01136	0.02248
UNC13B	0.01191	0.0624	0.03016	0.01875	0.02801
UNC13D	0.16862	0.01412	0.0801	0.17494	0.16495
UNC45A	0.13885	0.16469	0.12404	0.17114	0.16091
UNC50	0.06375	0.10764	0.03805	0.0391	0.07375
UNC5B	0.00059	0.02292	0.01565	0	0
UNC5CL	0.01039	0.03916	0.00556	0	0.02821
UNC79	0.00982	0.00758	0.01248	0.01849	0.00167
UNC93A	0.00105	0.02473	0.00905	0	0
UNC93B1	0.09104	0.13971	0.45233	0.10131	0.46098
UNG	0.08406	0.10927	0.04088	0.11495	0.05951
UNK	0.06693	0.02354	0.03324	0.03327	0.01708
UNKL	0.09218	0.1209	0.0812	0.09648	0.16172
UPB1	0.06127	0.27463	0.10865	0.02984	0.00491
UPF1	0.08496	0.17294	0.11557	0.21051	0.21949
UPF2	0.85733	0.95008	0.78251	1.13487	1.01773
UPF3A	0.25241	0.28747	0.28698	0.41543	0.20566
UPF3B	0.22115	0.32838	0.31438	0.42841	0.34427
UPK1A	0	0.00168	0.00209	0	0.00101
UPK1A-AS1	0.00322	0.0084	0.00306	0.00499	0.00355
UPK1B	0.07018	0.07697	0.1086	0.06521	0.05497
UPK3A	0.01475	0.19661	0.04298	0.00683	0
UPK3B	0.01764	0.02886	0.00215	0.03558	0.00488
UPP1	0.08762	0.08017	0.24222	0.10737	0.04319
UPP2	0.00872	0.01159	0.00694	0.007	0.0034
UPRT	0.01763	0.02351	0.0235	0.02333	0.00427
UQCC1	0.03122	0.07717	0.04159	0.04217	0.00816
UQCC2	0.23796	0.5106	0.29139	0.67824	0.41971
UQCR10	1.26002	1.21207	1.0981	1.54504	0.88136
UQCR11	1.31452	0.88274	0.78691	1.55061	1.20296
UQCRB	0.83128	0.637	0.77554	1.0202	0.82426
UQCRBP1	0.00019	0.00027	7e-05	0.00042	0.00033
UQCRC1	0.21564	0.70415	0.45316	0.77303	0.29211
UQCRC2	0.21315	0.21141	0.16899	0.26638	0.16338
UQCRFS1	0.1795	0.28492	0.2349	0.4788	0.21978
UQCRH	0.43863	0.59638	0.3573	1.06937	0.59659
UQCRQ	0.90108	1.42346	0.82916	1.67056	1.43019
URAHP	0.00871	0.03959	0.0066	0	0
URB1	0.08313	0.09397	0.0661	0.03579	0.0386
URB2	0.00796	0.02095	0.00956	0.02762	0.00991
URGCP	0.01436	0.07517	0.06594	0.10684	0.0141
URI1	0.24063	0.21069	0.18602	0.395	0.17784
URM1	0.08232	0.08933	0.12046	0.32508	0.13167
UROC1	0.0023	0.031	0.00412	0	0
UROD	0.23178	0.34212	0.19727	0.15481	0.0837
UROS	0.20782	0.23424	0.1423	0.29484	0.12898
USB1	0.08254	0.04455	0.04813	0.11351	0.03002
USE1	0.10574	0.13429	0.10801	0.08933	0.13821
USF1	0.02301	0.01789	0.00124	0.01117	0.03062
USF2	0.24074	0.16642	0.33274	0.20659	0.21931
USH1C	0.00981	0.03444	0.01855	0.00037	0.00132
USH2A	0.00443	0.01609	0.00221	0	0
USHBP1	0.00096	0.00377	0.00032	0.0016	0.00143
ATP5MD	0.48423	0.78481	0.45844	0.92507	0.43346
USO1	0.26206	0.21456	0.24354	0.3557	0.38287
USP1	0.32184	0.21992	0.20154	0.83091	0.18405
USP10	0.20815	0.22345	0.15894	0.46159	0.23937
USP11	0.21836	0.32082	0.11829	0.31893	0.32773
USP12	0.10085	0.13669	0.13719	0.22139	0.07946
USP13	0.04687	0.15199	0.08846	0.04635	0.03928
USP14	0.27994	0.43343	0.30997	0.50135	0.25418
USP15	0.55983	0.199	0.2933	0.5369	0.47188
USP16	0.38048	0.22872	0.27359	0.57432	0.5054
USP18	0.03635	0.02639	0.03571	0.02003	0.0219
USP19	0.03711	0.06767	0.0594	0.02206	0.0539
USP2	0.01265	0.05307	0.0426	0.00067	0
USP20	0.11219	0.03543	0.06081	0.14486	0.07165
USP21	0.011	0.03613	0.00452	0.02053	0.0109
USP22	0.15594	0.27968	0.24656	0.27273	0.08841
USP24	0.26526	0.17091	0.14794	0.45739	0.18005
USP25	0.21913	0.11126	0.08236	0.10649	0.10879
USP27X-AS1	0.00033	0.00284	0	0.00037	0
USP28	0.2728	0.17204	0.06722	0.40192	0.18708
USP29	0.00301	0.00611	0.00922	0.00094	0.00788
USP3	0.34572	0.28668	0.29498	0.36161	0.43045
USP3-AS1	0	0.01353	0	0.00099	0.00208
USP30	0.01775	0.05473	0.02218	0.00409	0
USP30-AS1	0.06652	0.02763	0.02112	0.05166	0.09445
USP31	0.02964	0.07137	0.04875	0.03616	0.00865
USP32	0.10884	0.12124	0.19289	0.09535	0.07455
USP32P1	0.00696	0.02462	0.01192	0.00408	0.02367
USP32P2	0.02204	0.0117	0.01854	0.01405	0.02983
USP33	0.5506	0.52191	0.4958	0.42643	0.45381
USP34	0.57771	0.46218	0.39789	0.47757	0.51699
USP35	0.05086	0.06004	0.0331	0.0032	0.03282
USP36	0.28898	0.26997	0.22862	0.1606	0.1461
USP37	0.08838	0.11717	0.06457	0.19665	0.13051
USP38	0.08621	0.047	0.02862	0.07166	0.11279
USP39	0.06599	0.10555	0.08779	0.12971	0.08258
USP4	0.22779	0.22531	0.22789	0.4037	0.30186
USP40	0.07455	0.18794	0.11079	0.05114	0.10631
USP42	0.13876	0.13739	0.13155	0.18103	0.14178
USP43	0	0.00601	0.00212	0	0
USP45	0.04519	0.08055	0.07698	0.04431	0.0524
USP46	0.0195	0.04942	0.0309	0.03227	0.05372
USP46-AS1	0.00039	0.00563	9e-05	0	0
USP47	0.55045	0.58267	0.36449	0.53758	0.5455
USP48	0.21311	0.29215	0.2139	0.66832	0.68374
USP49	0.3043	0.34552	0.33838	0.22568	0.28567
USP5	0.08056	0.12404	0.08126	0.12348	0.08443
USP51	0.02161	0.0131	0.05495	0.03927	0.00215
USP53	0.06505	0.05134	0.11542	0.04323	0.16425
USP54	0.16746	0.1943	0.1799	0.16663	0.16773
USP6	0.00037	0.00297	0.00065	0	0.00386
USP6NL	0.03792	0.08594	0.08575	0.09073	0.0906
USP7	0.3952	0.33391	0.39066	0.7746	0.42445
USP8	0.52737	0.45808	0.48659	0.58942	0.54754
USP9X	0.54094	0.55415	0.49938	0.49634	0.42577
USP9Y	0.04096	0.11468	0.17628	0	0
USPL1	0.13143	0.08466	0.17107	0.15806	0.17476
UST	0.08021	0.08118	0.08264	0.04299	0.04929
UTP14A	0.06585	0.0698	0.09097	0.15351	0.08446
UTP14C	0.13962	0.20467	0.17675	0.13804	0.18364
UTP15	0.03657	0.07272	0.05749	0.18204	0.03912
UTP18	0.15122	0.14318	0.27186	0.13553	0.08419
UTP20	0.09191	0.13424	0.07992	0.11951	0.1457
UTP23	0.22035	0.21997	0.20987	0.2729	0.25782
UTP3	0.05617	0.04045	0.089	0.08713	0.09485
UTP6	0.10041	0.10194	0.08443	0.15069	0.04796
UTRN	1.00269	0.61423	0.88868	0.96658	0.71918
UTS2	0.21515	0.00292	0.0385	0.1191	0.05974
UTS2B	0.0028	0.02262	0.00268	0.01639	0.01514
UTY	0.03203	0.03535	0.08204	0.00282	0.00457
UVRAG	0.04942	0.11255	0.1605	0.14555	0.11838
UVSSA	0.09616	0.14541	0.15142	0.03653	0.14889
UXS1	0.13547	0.10676	0.08858	0.08852	0.12546
UXT	0.43083	0.92146	0.29479	0.94402	0.60166
UXT-AS1	0	0.00242	0	0.00188	0.00101
VAC14	0.05406	0.10942	0.10904	0.14368	0.03721
VAC14-AS1	0	0.00153	0.00023	0	0.00332
VAMP1	0.07864	0.03906	0.0234	0.15365	0.20117
VAMP2	0.21437	0.12725	0.10416	0.18926	0.21506
VAMP3	0.11851	0.18713	0.16779	0.14541	0.16983
VAMP4	0.09547	0.07248	0.05578	0.04436	0.08951
VAMP5	0.52958	0.27721	0.33249	0.43199	0.31237
VAMP8	0.55771	0.329	0.85536	0.7904	0.3574
VANGL1	0.03226	0.03397	0.00491	0.08195	0.00308
VANGL2	0.00212	0.0023	0	0	0
VAPA	0.3123	0.49076	0.42685	0.42544	0.20223
VAPB	0.11829	0.14319	0.06536	0.12183	0.07807
VARS	0.10115	0.16148	0.08706	0.16788	0.13584
VARS2	0.05253	0.15991	0.13191	0.23765	0.14585
VASH1	0.0138	0.00791	0.05201	0.00066	0.00866
VASH2	0.00079	0.01357	0.00766	0.00161	0.00838
VASN	0.01509	0.12076	0.01605	0.01143	0.00042
VASP	0.12929	0.0675	0.29902	0.27051	0.08731
VAT1	0.2764	0.68099	0.88385	0.19371	0.15942
VAT1L	0.00865	0.0753	0.01683	0.00098	0
VAV1	0.10015	0.00659	0.18242	0.30256	0.13313
VAV2	0.03799	0.10682	0.05007	0.0604	0.01518
VAV3	0.19575	0.00903	0.15855	0.31719	0.0684
VBP1	0.12671	0.13988	0.08881	0.15728	0.06957
VCAM1	0.17811	0.04893	0.30771	0.12135	0.04744
VCAN	0.00189	0.01351	0.0935	0.03978	0.00037
VCL	0.07548	0.14336	0.0948	0.13397	0.04785
VCP	0.57931	0.55696	0.64247	1.1808	0.75656
VCPIP1	0.21004	0.11265	0.14984	0.1978	0.17372
VCPKMT	0.05408	0.03526	0.01636	0.02584	0.03528
VCX	0.00071	0.00419	0.00109	0	0
VCX3A	0.00139	0.01396	0.00979	0	0
VCX3B	0.00034	0.00904	0.00464	0	0
VDAC1	0.25139	0.44229	0.35965	0.59934	0.18568
VDAC2	0.23174	0.28161	0.18991	0.29978	0.25436
VDAC3	0.21961	0.27059	0.23436	0.81666	0.21483
VDR	0.09319	0.04882	0.09306	0.04114	0.24344
VEGFA	0.16238	0.64313	0.27575	0.0443	0.19404
VEGFB	0.24823	0.271	0.3642	0.22134	0.27644
VENTX	0.00316	0.00242	0.04805	0.0028	0.00162
VEPH1	0.00249	0.00351	0.00076	0	0
VEZF1	0.19658	0.17546	0.15851	0.17743	0.08044
VEZT	0.10472	0.11572	0.12228	0.12412	0.12777
VGLL3	0.01866	0.01514	0.00267	0.01327	0.00839
VGLL4	0.09855	0.13616	0.10852	0.17962	0.08124
VHL	0.47701	0.57879	0.51623	0.50901	0.50971
VIL1	0.00335	0.15481	0.02408	0.00442	0
VILL	0.05154	0.00325	0.01533	0.08791	0.07303
VIM	0.65939	0.08505	1.29808	1.65054	0.46145
VIM-AS1	0.00776	0.00102	0.01908	0.04073	0.0227
VIPAS39	0.06086	0.07158	0.05446	0.04891	0.00498
VIPR1	0.01345	0.00706	0	0	0.02105
VIPR2	0.00059	0.00128	0	0.00204	0.00114
VKORC1	0.13774	0.41925	0.26701	0.33376	0.48719
VKORC1L1	0.15384	0.23227	0.11911	0.13961	0.11812
VLDLR	0	0.00642	0	0	0
VMA21	0.14273	0.1686	0.16731	0.2718	0.11584
VMAC	0.03391	0.01612	0.01279	0.00314	0.00373
VMO1	0.00199	0.01393	0.24682	0.01385	0.00308
VMP1	0.4006	0.40659	0.69475	0.33122	0.22972
VN1R2	0.00963	0.00818	0.0297	0.00481	0.00638
VNN1	0.01757	0.23627	0.05091	0.00583	0
VNN2	0.08624	0.07845	0.09448	0.08611	0.05632
VNN3	0.01343	0.0799	0.00463	0	0
VOPP1	0.34977	0.16566	0.35796	0.64685	0.78589
VPREB3	0	0.01077	0.0026	0.03622	0.03646
VPS11	0.09864	0.08493	0.04357	0.11714	0.08366
VPS13A	0.32068	0.20283	0.14012	0.31602	0.3278
VPS13B	0.28379	0.19551	0.16478	0.46105	0.27612
VPS13C	1.07948	0.56701	0.96325	0.95426	0.89391
VPS13D	0.33425	0.2634	0.28254	0.29886	0.17135
VPS16	0.15086	0.11868	0.07605	0.22274	0.18399
VPS18	0.07971	0.11907	0.16423	0.05738	0.05896
VPS25	0.07674	0.17305	0.08446	0.13964	0.10673
VPS26A	0.38956	0.31614	0.38898	0.39129	0.25908
VPS26B	0.15742	0.28246	0.13092	0.15193	0.11666
VPS28	0.51525	0.53967	0.3163	0.75911	0.50437
VPS29	0.30748	0.37229	0.32996	0.54891	0.25914
VPS33A	0.06684	0.08619	0.07212	0.07373	0.06152
VPS33B	0.07133	0.04673	0.03506	0.02009	0.01365
VPS35	0.30181	0.52275	0.54971	0.54994	0.23512
VPS36	0.18754	0.2389	0.2247	0.31191	0.30527
VPS37A	0.05511	0.08685	0.07463	0.02417	0.07743
VPS37B	0.06678	0.0185	0.03094	0.0307	0.14382
VPS37C	0.01499	0.04906	0.03579	0.01042	0.02822
VPS37D	0.00324	0.02923	0.00609	0	0
VPS39	0.14049	0.15126	0.16118	0.27778	0.27775
VPS41	0.27363	0.35876	0.3406	0.20168	0.31147
VPS45	0.08095	0.12012	0.12413	0.14	0.07105
VPS4A	0.23464	0.17142	0.19855	0.4175	0.24767
VPS4B	0.47303	0.3756	0.41466	0.70834	0.35067
VPS51	0.19358	0.36495	0.21098	0.35826	0.43186
VPS52	0.13294	0.18911	0.06765	0.04434	0.05392
VPS53	0.37892	0.30701	0.33033	0.31305	0.39108
VPS54	0.08151	0.09564	0.05974	0.11037	0.05687
VPS72	0.08858	0.11117	0.06469	0.05044	0.04196
VPS8	0.15021	0.12916	0.19801	0.17518	0.11078
VPS9D1	0.02666	0.0988	0.09342	0.0504	0.06498
VPS9D1-AS1	0.01823	0.00144	0.00051	0.03075	0.00327
VRK1	0.21082	0.05428	0.07001	0.73113	0.15669
VRK2	0.15326	0.10327	0.11672	0.19635	0.16122
VRK3	0.12226	0.17417	0.10872	0.26223	0.14064
VRTN	0.00422	0.00309	0.00251	0.00134	0.00232
VSIG1	0.15043	0.15903	0.1096	0.07887	0.16129
VSIG10	0.03707	0.14405	0.08478	0.00086	0.0072
VSIG10L	0.00816	0.03968	0.02852	0	0.00281
VSIG2	0.00289	0.004	0	0	0.00855
VSIG4	0	0.0084	0.15867	0.01414	0
VSNL1	0.00387	0.06516	0.00932	0.00056	0
VSTM1	0.00221	0.00167	0.00692	0	0.00176
VSTM2L	0.00549	0.01003	0.00153	0.00088	0
VSTM4	0.27717	0.42569	0.41669	0.22246	0.25369
VTA1	0.12685	0.15165	0.05895	0.21619	0.0554
VTI1A	0.26437	0.21476	0.22454	0.33207	0.21776
VTI1B	0.25811	0.19551	0.44244	0.27213	0.13843
VTN	0.57773	2.17047	0.9065	0.21239	0.18798
VTRNA1-1	0.0835	0.03111	0.26187	0.02354	0.04213
VTRNA1-2	0.00034	0.01373	0.00611	0	0
VTRNA1-3	0.02414	0.00589	0.0086	0.009	0.03606
VTRNA2-1	0.00543	0.00257	0.00514	0.00904	0.02489
VWA1	0.04105	0.25261	0.04231	0.0323	0.00306
VWA2	0.03663	0.02419	0.02962	0.03315	0.03217
VWA5A	0.03439	0.02583	0.01934	0.00085	0.06269
VWA8	0.10046	0.15823	0.07459	0.10277	0.04228
INTS14	0.02523	0.0358	0.03524	0.03179	0.04318
VWCE	0.0213	0.07674	0.06693	0.00235	0
VWDE	0.00133	0.00573	0	0.00806	0.00114
VWF	0	0.00526	0	0	0
WAC	0.64361	0.48674	0.51838	0.64463	0.51243
WAC-AS1	0.54257	0.6919	0.58036	0.54198	0.55564
WARS	0.17871	0.15777	0.30828	0.37622	0.36603
WARS2	0.04527	0.04848	0.02278	0.04043	0.02801
WARS2-IT1	0.01811	0.04742	0.06498	0.01559	0.01971
WAS	0.21883	0.01438	0.2215	0.33724	0.14066
WASF1	0.02794	0.0675	0.01269	0.00168	0.00263
WASF2	0.46179	0.44135	0.48813	0.67559	0.46311
WASF3	0.00428	0.0484	0.02225	0	0.00097
WASH2P	0.02411	0.01139	0.00645	0.01186	0.04658
WASH3P	0.01794	0.0292	0.03214	0.05112	0.01745
WASL	0.12795	0.35484	0.199	0.05445	0.09456
WBP11	0.42232	0.24775	0.2857	0.88394	0.34044
WBP11P1	0.00079	6e-04	0	0.00205	0
WBP1L	0.16061	0.19103	0.17788	0.1544	0.11479
WBP2	0.15276	0.23909	0.19108	0.17688	0.15163
WBP2NL	0	0.00495	0.00195	0	0.01514
WBP4	0.17513	0.21059	0.30071	0.34012	0.08516
BUD23	0.18999	0.2294	0.16586	0.23277	0.28535
METTL27	0	0.02907	0.00563	0.0016	0
WDFY1	0.11616	0.1581	0.10197	0.1678	0.10417
WDFY2	0.01381	0.04767	0.11975	0.04581	0.03846
WDFY3	0.01878	0.07984	0.32417	0.02096	0.01025
WDFY3-AS2	0	0.00108	0.01215	0	0
WDFY4	0.02933	0.00429	0.11836	0.16549	0.09958
WDHD1	0.03707	0.03767	0.02511	0.28695	0.01483
WDPCP	0.02612	0.03228	0.03112	0.00954	0.02084
WDR1	0.46601	0.29265	0.36167	0.89613	0.24179
WDR11	0.0833	0.1252	0.12307	0.10753	0.13415
WDR11-AS1	0.00689	0.00332	0.00121	0.00505	0.02008
WDR12	0.06029	0.10645	0.06718	0.08852	0.02629
WDR13	0.12781	0.7259	0.23366	0.22176	0.16872
WDR17	0.08841	0.10099	0.1071	0.0961	0.09022
WDR18	0.11889	0.10645	0.11629	0.18222	0.13383
WDR19	0.02303	0.11926	0.05344	0.00273	0.03157
WDR20	0.03771	0.0491	0.02031	0.05656	0.06504
WDR24	0.00541	0.04322	0.03529	0.05663	0.12237
WDR25	0.01755	0.03754	0.01302	0.05533	0.01971
WDR26	0.27599	0.30402	0.25601	0.1168	0.18973
WDR27	0.00587	0.03225	0.01296	0.02443	0.01658
WDR3	0.05604	0.10448	0.1105	0.01587	0.04383
WDR31	0.28633	0.33049	0.27907	0.24204	0.30266
WDR33	0.19862	0.21679	0.11792	0.38114	0.25287
WDR34	0.05797	0.07043	0.01794	0.33439	0.04271
WDR35	0.02172	0.03902	0.03007	0.01511	0.02271
WDR36	0.0493	0.09636	0.08441	0.15664	0.04417
WDR37	0.04931	0.04684	0.07221	0.05309	0.05698
WDR4	0.07086	0.05033	0.06533	0.10902	0.02535
WDR41	0.10083	0.08534	0.10984	0.19461	0.08593
WDR43	0.28577	0.30906	0.34101	0.40096	0.27786
WDR44	0.08735	0.06733	0.10208	0.12456	0.04883
WDR45	0.32927	0.46388	0.34941	0.39983	0.6026
WDR45B	0.28001	0.33772	0.32604	0.14405	0.19346
WDR46	0.07867	0.17903	0.15059	0.11209	0.16059
WDR47	0.00833	0.01958	0.04077	0.03026	0.02776
WDR48	0.11331	0.11765	0.07911	0.205	0.21499
WDR5	0.05566	0.05725	0.04415	0.08453	0.05387
WDR53	0.08816	0.08902	0.0711	0.08119	0.05853
WDR54	0.06744	0.01981	0.03642	0.31127	0.09952
WDR55	0.1133	0.15075	0.13773	0.1041	0.07657
WDR59	0.11324	0.17796	0.05532	0.08361	0.10029
WDR5B	0.03282	0.04112	0.01655	0.0202	0.0137
WDR6	0.26514	0.55645	0.2166	0.35849	0.28063
WDR60	0.2289	0.24692	0.24167	0.19663	0.18803
WDR61	0.09322	0.12268	0.07053	0.19081	0.0899
WDR62	0.00066	0.01944	0.00306	0.19345	0.00114
WDR66	0.00327	0.01487	6e-04	0.00814	0.00177
WDR7	0.12505	0.08036	0.07227	0.08744	0.10441
WDR70	0.17874	0.30854	0.26834	0.28118	0.16488
WDR72	0.01045	0.0824	0.04562	0	0
WDR73	0.07551	0.10004	0.11817	0.06297	0.12374
WDR74	0.17029	0.24602	0.25329	0.21492	0.50124
WDR75	0.0908	0.11604	0.08827	0.03923	0.07543
WDR76	0.05396	0.03905	0.0394	0.21823	0.0217
WDR77	0.07214	0.10864	0.13402	0.18518	0.07699
WDR78	0.00023	0.01481	0.00131	3e-04	0
WDR81	0.09386	0.10755	0.15942	0.05785	0.08106
WDR82	0.38608	0.35219	0.4099	0.68632	0.49333
WDR83	0.07219	0.02402	0.03822	0.1355	0.03078
WDR83OS	0.48536	0.31025	0.26163	0.94434	0.60116
WDR86-AS1	0.0351	0.00021	9e-04	0.0089	0.00586
WDR89	0.03583	0.03435	0.02818	0.05726	0.01997
WDR90	0.00358	0.01983	7e-04	0.05927	0.0137
WDR91	0.1074	0.11619	0.2022	0.08893	0.13762
WDR92	0.26128	0.31411	0.30249	0.22984	0.27351
WDR93	0.0144	0.0339	0.02752	0.02767	0.02591
WDSUB1	0.02571	0.03943	0.01466	0.0349	0.03345
WDTC1	0.0348	0.04676	0.01588	0.09196	0.07128
WDYHV1	0.00043	0.03192	0.01912	0.00564	0.00782
WEE1	0.06966	0.13621	0.06958	0.31105	0.06715
WEE2-AS1	0.00568	0.00157	0	0	0
WFDC2	0.00093	0.02563	0.01058	0	0
WFDC3	0.00175	0.01806	0.01163	0.00037	0.00109
WFDC8	0.00066	0.00177	0.0061	0	0.00072
WFIKKN1	0.01273	0.0023	0	0.00089	0.01524
WFS1	0.02463	0.18865	0.0778	0.08694	0.11001
WHAMM	0.10524	0.10044	0.08262	0.16287	0.16968
WHAMMP2	0.04274	0.04327	0.02763	0.04725	0.02245
NSD2	0.14532	0.22329	0.17443	0.72489	0.11483
NSD3	0.56969	0.23826	0.29136	0.72971	0.85264
WIF1	0	0.02243	5e-04	0	0
WIPF1	0.9236	0.04698	0.45335	1.23534	0.53994
WIPF2	0.52739	0.584	0.50897	0.43212	0.55267
WIPF3	0.03508	0.04881	0.06698	0.02416	0.01809
WIPI1	0.05863	0.08208	0.01868	0.08025	0.15865
WIPI2	0.1785	0.24525	0.26109	0.36884	0.1783
WIZ	0.02393	0.05796	0.04486	0.05196	0.05054
WLS	0.00487	0.02509	0.06083	0	0.00331
WNK1	1.10977	0.59836	0.71752	1.30531	0.5737
WNK2	0	0.01196	0.00624	0	0.00718
WNK3	0.02013	0.12841	0.04443	0.00086	0.01884
WNK4	0	0.02686	0.01446	0	0
WNT10A	0.0122	0.00038	0.00445	0	0.00952
WNT10B	0.00422	0.00189	0.00196	0.00111	0.00416
WNT11	0.00142	0.00329	0	0	0
WNT2B	0	0.00329	0.00569	0	0
WNT3	0.00175	0.01608	0.01343	0	0
WNT4	0.0012	0.00796	0.00319	0.00279	0.02789
WNT5A	0.01503	0.10256	0.02561	0.01886	0.03502
WNT5B	0.00189	0.00713	0.0061	0.00603	0.08418
WNT6	0	0.00322	0.00099	0.00931	0.01261
WNT7B	0.15419	0.1969	0.19143	0.14901	0.18222
WNT9B	0.00297	0.0041	0.00045	0.00094	0.0073
WRAP53	0.02115	0.00808	0.02111	0.04902	0.01418
WRAP73	0.01607	0.03051	0.00893	0.0698	0.01681
WRB	0.02256	0.06525	0.01383	0.01614	0.0253
WRN	0.12196	0.0795	0.10871	0.16158	0.26476
WRNIP1	0.04785	0.10811	0.05837	0.06165	0.00803
WSB1	0.40435	0.48789	0.8849	0.4986	0.42423
WSB2	0.20642	0.29247	0.21398	0.15993	0.09408
WSCD1	0	0.0099	0.00095	0	0
WT1-AS	0.00464	0.00241	0.00479	0	0.00057
WTAP	0.23594	0.22821	0.29165	0.47671	0.1754
WTAPP1	0.00726	0.00567	0.00408	0	0
WWC1	0.19401	0.35038	0.23772	0.10402	0.13893
WWC2	0.04074	0.19409	0.15319	0.0059	0.00744
WWC2-AS2	0.00709	0.0015	0	0	0
WWC3	0.13083	0.08986	0.06106	0.05489	0.12376
WWOX	0.10977	0.14953	0.14204	0.25859	0.22486
WWP1	0.2506	0.39048	0.44331	0.19461	0.10409
WWP2	0.12127	0.13536	0.14725	0.23157	0.08005
WWTR1	0.03093	0.1206	0.03834	0.01423	0.01751
WWTR1-AS1	9e-04	0.00139	0.00013	0	7e-04
XAF1	0.83299	0.43578	0.66634	0.72753	0.62847
XBP1	0.44297	0.94161	0.49554	0.82662	3.42959
XCL1	0.11229	0.00421	0	0.0718	0.01026
XCL2	0.13693	0.00278	0.00045	0.0488	0.02037
XDH	0.05892	0.34704	0.06979	0.00465	0.01707
XIAP	0.76491	0.76403	0.75211	0.76992	0.78927
XIST	0.86044	0.18161	0.15062	0.92157	2.42104
XK	0.00035	0.01917	9e-04	0	0.00941
XKR6	0.02392	0.00019	0.0077	0.01333	0.00806
XKR8	0.03241	0.07075	0.0262	0.01764	0.02968
XKR9	0.01682	0.02804	0.01843	0.02153	0.00428
XPA	0.17812	0.13601	0.10567	0.1311	0.21566
XPC	0.28575	0.27722	0.1968	0.30774	0.30973
XPNPEP1	0.06433	0.09057	0.09499	0.14913	0.08047
XPNPEP2	0.06829	0.48152	0.10154	0.00603	0
XPNPEP3	0.25997	0.33143	0.29271	0.21874	0.28508
XPO1	0.27078	0.29985	0.34338	0.54341	0.19675
XPO4	0.04576	0.06485	0.07454	0.07407	0.07539
XPO5	0.07092	0.11962	0.06766	0.17849	0.037
XPO6	0.23228	0.14394	0.16382	0.28313	0.23408
XPO7	0.11865	0.09677	0.05071	0.21914	0.13625
XPOT	0.08311	0.1547	0.04826	0.04358	0.05597
XPR1	0.15784	0.17498	0.13355	0.09663	0.16939
XRCC1	0.14302	0.10548	0.06879	0.20677	0.0821
XRCC2	0.08052	0.0712	0.06553	0.12882	0.05802
XRCC3	0.00394	0.01374	0.00433	0.02795	0.00217
XRCC4	0.05977	0.04167	0.08096	0.15111	0.09735
XRCC5	0.87404	0.63179	0.46064	1.65638	0.70354
XRCC6	0.71053	0.58357	0.55845	1.34778	0.55687
XRN1	0.55893	0.36655	0.34587	0.78327	1.22718
XRN2	0.41855	0.41623	0.41647	0.49411	0.28986
XRRA1	0.03346	0.11322	0.0409	0.10442	0.1967
XXYLT1	0.05707	0.04259	0.06056	0.04958	0.04698
XYLB	0.01739	0.18438	0.05901	0.02064	0.00987
XYLT1	0.03724	0.00436	0.02489	0.02542	0.00674
XYLT2	0.03921	0.0643	0.03486	0.03998	0.0504
YAE1	0.11395	0.08501	0.08959	0.05631	0.08651
YAF2	0.2106	0.17687	0.20392	0.1845	0.20918
YAP1	0.03731	0.26655	0.04641	0.01004	0.01359
YARS	0.30351	0.21374	0.13656	0.23962	0.28636
YARS2	0.06341	0.08919	0.05728	0.02523	0.04578
YBEY	0.11395	0.05747	0.09264	0.07218	0.04775
YBX1	0.97613	0.61192	1.3658	2.10876	0.95702
YBX2	0.00032	0.00448	0.00041	0	0
YBX3	0.06393	0.0277	0.21724	0.09834	0.12072
YDJC	0.09252	0.06123	0.05886	0.11456	0.06061
YEATS2	0.07367	0.09475	0.13191	0.20734	0.07925
YEATS4	0.04624	0.04439	0.03267	0.34223	0.0346
YES1	0.09001	0.2717	0.11775	0.01898	0.1128
YIF1A	0.18791	0.42009	0.16324	0.27241	0.29847
YIF1B	0.05985	0.05299	0.05755	0.1127	0.0656
YIPF1	0.08016	0.14347	0.10009	0.0994	0.32338
YIPF2	0.01232	0.02248	0.00098	0.04387	0.0498
YIPF3	0.15146	0.27306	0.10905	0.30355	0.24842
YIPF4	0.04324	0.05354	0.02718	0.02862	0.07581
YIPF5	0.21104	0.2001	0.17443	0.3472	0.29646
YIPF6	0.06635	0.2776	0.09086	0.14842	0.15667
YJEFN3	0.00119	0.02974	0.02037	0.00056	0.00253
YKT6	0.15864	0.11143	0.14291	0.19042	0.1675
YLPM1	0.29568	0.26337	0.24814	0.71774	0.32176
YME1L1	0.45854	0.50649	0.52056	0.50589	0.61603
YOD1	0.04577	0.07442	0.05109	0.02347	0.06651
YPEL1	0.29393	0.22842	0.17935	0.31205	0.23969
YPEL2	0.06872	0.06533	0.10061	0.03106	0.00664
YPEL3	0.61439	0.552	0.36327	0.4567	1.13998
YPEL5	0.52785	0.23788	0.39973	0.57242	0.59021
YRDC	0.02158	0.03656	0.0258	0.13478	0.04255
YTHDC1	0.52979	0.22505	0.45531	0.67189	0.53051
YTHDC2	0.11935	0.14052	0.20948	0.14871	0.13451
YTHDF1	0.09722	0.2085	0.12793	0.19428	0.09464
YTHDF2	0.38508	0.51473	0.31673	0.55444	0.55001
YTHDF3	0.12025	0.24609	0.26927	0.19957	0.15748
YTHDF3-AS1	0.01806	0.01579	0.01084	0.00595	0.03965
YWHAB	1.80797	1.18526	1.57986	2.61572	1.39349
YWHAE	0.48696	0.55371	0.77871	1.27045	0.77513
YWHAEP1	0.00076	0.0056	0.00849	0.00102	0
YWHAG	0.1622	0.34764	0.30644	0.24521	0.2048
YWHAH	0.30527	0.21536	0.71035	0.79197	0.1541
YWHAQ	0.53113	0.40285	0.32377	1.05831	0.38181
YWHAZ	1.40612	0.68157	0.85192	2.01126	0.93806
YY1	0.45863	0.45181	0.39453	0.59461	0.41877
YY1AP1	0.15048	0.19646	0.14509	0.23982	0.22499
YY2	0.00564	0.0201	0.00948	0	0.00025
ZACN	0.00125	0.00039	0	0.00043	0.01299
ZADH2	0.06936	0.09813	0.12249	0.05765	0.06496
ZAP70	0.49008	0.01642	0.00833	0.31936	0.17563
ZBED1	0.00199	0.00033	0	0.00088	0.00131
ZBED2	0.06009	0.0021	0.00604	0.0365	0.00082
ZBED3	0.00729	0.09537	0.08354	0.00086	0.01052
ZBED3-AS1	0	0.00162	0.01106	0	0
ZBED4	0.12934	0.05744	0.03152	0.13605	0.02562
ZBED5	0.11325	0.14894	0.08736	0.21012	0.14746
ZBED5-AS1	0.00933	0.04475	0.0011	0.00354	0.04498
ZBED6	0.10441	0.15127	0.22045	0.14175	0.11131
ZBED6CL	0.01342	0.02496	0.00363	0.04597	0.0068
ZBP1	0.12496	0.07706	0.04341	0.13709	0.40559
ZBTB1	0.28647	0.16732	0.27586	0.19579	0.20118
ZBTB10	0.1194	0.15401	0.16617	0.04264	0.07654
ZBTB11	0.14797	0.13281	0.15852	0.25237	0.13009
ZBTB11-AS1	0.03764	0.07782	0.11186	0.05623	0.05145
ZBTB14	0.05911	0.03665	0.02118	0.05753	0.00876
ZBTB16	0.04994	0.07163	0.08871	0.03459	0.00689
ZBTB17	0.06597	0.08866	0.10321	0.08875	0.04775
ZBTB18	0.02686	0.24007	0.07305	0.03335	0.10897
ZBTB2	0.14102	0.0464	0.02687	0.14008	0.09652
ZBTB20	0.46829	0.82603	0.46334	0.34069	0.55195
ZBTB20-AS1	0.00657	0.00105	0	0.03392	0
ZBTB20-AS4	0.06119	0.06501	0.04448	0.03548	0.05859
ZBTB21	0.10437	0.06304	0.05925	0.03177	0.06554
ZBTB22	0.0129	0.02919	0.01733	0.00751	0.01374
ZBTB24	0.25777	0.16502	0.14783	0.18314	0.15568
ZBTB25	0.0487	0.02017	0.02596	0.02776	0.0391
ZBTB26	0.00528	0.01016	0.00913	0	0.00806
ZBTB3	0.00274	0.01937	0.03466	0.00194	0.00714
ZBTB32	0.02041	0.00192	0.00272	0.01676	0.05879
ZBTB33	0.09312	0.10806	0.03487	0.11705	0.05926
ZBTB34	0.01476	0.01794	0.02246	0.03326	0.01777
ZBTB37	0.04128	0.02071	0.02739	0.01088	0.02982
ZBTB38	0.79246	0.38857	0.33498	0.81863	1.10552
ZBTB39	0.02375	0.01521	0.00988	0.00574	0.01774
ZBTB4	0.26743	0.11624	0.14628	0.11685	0.23831
ZBTB40	0.14577	0.12051	0.05101	0.20888	0.19203
ZBTB41	0.10397	0.18197	0.12212	0.10574	0.0814
ZBTB42	0.022	0.05936	0.04012	0.01722	0.00278
ZBTB43	0.28059	0.21116	0.27405	0.14265	0.19808
ZBTB44	0.17291	0.37458	0.21954	0.30074	0.12881
ZBTB45	0.01613	0.01855	0.01377	0.11574	0.08058
ZBTB46	0	0.01442	0.04945	0	0.00109
ZBTB47	0.00594	0.03293	0.03816	0.00057	0.00996
ZBTB48	0.11278	0.0888	0.10714	0.14356	0.07319
ZBTB49	0.02868	0.01013	0.00471	0.00115	0.00388
ZBTB5	0.01926	0.02761	0.00993	0.03851	0.00465
ZBTB6	0.02748	0.02077	0.01276	0.02475	0.01902
ZBTB7A	0.35342	0.49299	0.47708	0.30609	0.25936
ZBTB7B	0.01035	0.02296	0.01356	0.04061	0.02649
ZBTB8A	0.72074	0.76579	0.78126	0.55577	0.80446
ZBTB8B	0.00494	0.00478	0.00101	0.00239	0.00545
ZBTB8OS	0.19882	0.17455	0.17418	0.22104	0.35836
ZBTB9	0.02082	0.04954	0.01101	0.0058	0.00066
ZC2HC1A	0.06046	0.06726	0.05582	0.05616	0.1686
ZC2HC1C	0.0419	0.06084	0.0348	0.02482	0.01302
ZC3H10	0.00392	0.01339	0.03049	0.03345	0.00551
ZC3H11A	0.53052	0.52987	0.3849	0.51909	0.75361
ZC3H12A	0.14628	0.03097	0.05171	0.05204	0.10987
ZC3H12B	0.01243	0.01545	0.0047	0.00281	0.00491
ZC3H12C	0.02593	0.03775	0.0397	0.01008	0.00605
ZC3H12D	0.10395	0.10362	0.14612	0.10694	0.17473
ZC3H13	0.999	0.89612	0.97864	1.05254	0.80103
ZC3H14	0.06693	0.19918	0.10421	0.1824	0.12069
ZC3H15	0.45291	0.48333	0.46813	0.78242	0.56039
ZC3H18	0.14642	0.09502	0.12409	0.21843	0.12112
ZC3H3	0.02028	0.03078	0.02435	0.00489	0.02569
ZC3H4	0.08857	0.09515	0.06577	0.1737	0.06424
ZC3H6	0.25428	0.11317	0.23108	0.25627	0.24438
ZC3H7A	0.30694	0.16353	0.25393	0.46245	0.30846
ZC3H7B	0.08199	0.05613	0.03641	0.06666	0.04432
ZC3H8	0.1325	0.15632	0.04517	0.1662	0.05463
ZC3HAV1	0.41888	0.25057	0.24877	0.53447	0.26954
ZC3HAV1L	0.00197	0.00369	0.00411	0.00426	0.00196
ZC3HC1	0.01514	0.06336	0.0231	0.09236	0.02312
ZC4H2	0.01179	0.01735	0.00908	0.00085	0.00763
ZCCHC10	0.12366	0.12221	0.11596	0.36916	0.20283
TUT4	0.41893	0.36906	0.27205	0.4871	0.6724
ZCCHC14	0.02527	0.12919	0.0331	0.0308	0.02528
RTL4	0	0.00035	0	0	3e-04
ZCCHC17	0.2173	0.18221	0.12752	0.32055	0.24896
ZCCHC2	0.14269	0.19494	0.14954	0.11116	0.03662
ZCCHC24	0.03335	0.17747	0.06791	0.00772	0.02529
ZCCHC4	0.02006	0.03592	0.02982	0.01777	0.04225
TUT7	0.40847	0.38496	0.46338	0.68378	0.76917
ZCCHC7	0.16802	0.05607	0.05719	0.15091	0.18005
ZCCHC8	0.14442	0.18405	0.18055	0.18499	0.14045
ZCCHC9	0.1563	0.16405	0.13769	0.27771	0.21599
ZCRB1	0.43226	0.66277	0.45068	0.76119	0.46118
ZCWPW1	0.06818	0.07886	0.04814	0.05355	0.066
ZCWPW2	0.00569	0.00827	0.00113	0.00074	0
ZDBF2	0.02919	0.0173	0.00747	0.01605	0.12257
ZDHHC1	0.00159	0.00321	0.00063	0	0.00032
ZDHHC11	0.00481	0.08917	0.00776	0	0.00253
ZDHHC12	0.03378	0.02141	0.0389	0.0792	0.07884
ZDHHC13	0.00923	0.01504	0.02252	0.02871	0.01233
ZDHHC14	0.04532	0.12428	0.12468	0.00723	0.05541
ZDHHC15	0.14597	0.21107	0.19201	0.09681	0.16326
ZDHHC16	0.03264	0.08373	0.02065	0.08562	0.07552
ZDHHC17	0.13211	0.12066	0.08667	0.14779	0.1209
ZDHHC18	0.07651	0.04491	0.04031	0.03968	0.10338
ZDHHC19	0	0.02556	0.01581	0	0
ZDHHC2	0.01948	0.01462	0.01115	0.05638	0.06114
ZDHHC20	0.23705	0.15263	0.12734	0.38492	0.16342
ZDHHC21	0.08262	0.05116	0.06339	0.07354	0.13968
ZDHHC22	0.00125	0.00216	0.00164	0	0.00071
ZDHHC23	0.01328	0.0804	0.02787	0.01533	0.02153
ZDHHC24	0.07337	0.02215	0.06221	0.02262	0.03336
ZDHHC3	0.31771	0.39157	0.36315	0.43642	0.38051
ZDHHC4	0.07195	0.12088	0.1326	0.21381	0.17961
ZDHHC5	0.21975	0.18679	0.24271	0.28543	0.16299
ZDHHC6	0.14471	0.13255	0.09129	0.14835	0.0278
ZDHHC7	0.0909	0.06748	0.10349	0.06058	0.03836
ZDHHC8	0.02643	0.02366	0.03065	0.00879	0.02318
ZDHHC8P1	0.06483	0.0937	0.09522	0.05535	0.08347
ZDHHC9	0.05489	0.42858	0.10711	0.02038	0.09895
ZEB1	0.36072	0.20663	0.13338	0.4244	0.24669
ZEB1-AS1	0.0052	0.00612	0.00179	0.01322	0.0142
ZEB2	0.23116	0.04109	1.09005	0.21107	0.13728
ZER1	0.06129	0.04415	0.05178	0.03847	0.09238
ZFAND1	0.05737	0.10533	0.07208	0.04583	0.08263
ZFAND2A	0.2218	0.22502	0.50575	0.21614	0.16105
ZFAND2B	0.23875	0.25283	0.1402	0.45691	0.1104
ZFAND3	0.05935	0.11499	0.09754	0.02204	0.07299
ZFAND4	0.01489	0.03807	0.0109	0.03162	0.01032
ZFAND5	0.69516	0.37522	0.84266	0.72772	0.67357
ZFAND6	0.16409	0.21834	0.10958	0.31136	0.20437
ZFAS1	0.43176	0.21102	0.35438	0.52585	0.23993
ZFAT	0.00661	0.02445	0.01801	0.05362	0.08647
ZFC3H1	0.37956	0.33446	0.38725	0.48769	0.38813
ZFHX2	0	0.01815	0.02452	0.00292	0
ZFHX3	0.11159	0.40679	0.69246	0.13857	0.07665
ZFHX4	0.06218	0.24227	0.07179	0.00722	0.01978
ZFP1	0.01941	0.03133	0.01535	0.01024	0.02404
ZFP14	0.28444	0.35923	0.34191	0.1808	0.30542
ZFP2	0.00064	0.00798	0.00413	0	0
ZFP28	0.02372	0.01567	0.00764	0.01778	0.00221
ZFP3	0.02168	0.00101	0.00855	0.00841	0.01023
ZFP30	0.08555	0.10942	0.09184	0.08427	0.13261
ZFP36	0.75447	0.13352	0.5817	0.36504	0.52525
ZFP36L1	0.85467	0.76961	1.30806	0.46617	0.30237
ZFP36L2	1.33229	0.3866	0.56757	1.11781	1.20466
ZFP37	0.01772	0.00755	0.01083	0.00056	0
ZFP41	0.03109	0.0694	0.03182	0.00091	0.02156
ZFP42	0.00762	0.01437	0.00686	0.00769	0.01135
ZFP62	0.10206	0.09313	0.04625	0.11891	0.13781
ZFP64	0.03652	0.05829	0.02063	0.01357	0.08024
ZFP69	0.00981	0.00932	0.00607	0.00193	0
ZFP69B	0.00214	0.01395	0.0115	0.01748	0.04499
ZFP82	0.35155	0.45198	0.35601	0.30356	0.4166
ZFP90	0.15257	0.10618	0.07878	0.1431	0.1043
ZFP91	0.22913	0.28991	0.32217	0.45384	0.1916
ZFPL1	0.02471	0.07798	0.01423	0.03424	0.03996
ZFPM1	0.07636	0.03646	0.02866	0.05267	0.03084
ZFR	0.28186	0.42948	0.23425	0.54501	0.14314
ZFR2	0.00662	0.01033	0.00777	0	0.00494
ZFX	0.21933	0.15442	0.14735	0.27906	0.20482
ZFY	0.01488	0.03281	0.0425	0.05002	0.00032
ZFY-AS1	0.00107	0.01126	0.00644	0	0
ZFYVE1	0.06056	0.09199	0.10195	0.09701	0.06895
ZFYVE16	0.08485	0.16007	0.27251	0.04355	0.0478
ZFYVE19	0.04018	0.10385	0.08789	0.02643	0.07028
ZFYVE21	0.03826	0.05154	0.02406	0.04534	0.01012
ZFYVE26	0.04541	0.08868	0.10995	0.14346	0.06183
ZFYVE27	0.06774	0.09432	0.05904	0.10736	0.09411
ZFYVE28	0.04656	0.02062	0.02067	0.05196	0.01436
ZFYVE9	0.0167	0.11878	0.01364	0	0.01034
ZG16	0.03361	0.02738	0.02404	0.02739	0.02716
ZG16B	0	0.00124	0.01042	0	0
ZGLP1	0.01325	0.00882	0.03246	0	0.00053
ZGPAT	0.00584	0.00518	0.00362	0.00627	0.00116
ZHX1	0.22307	0.32894	0.33122	0.15013	0.11689
ZHX2	0.0615	0.06369	0.04802	0.01107	0.05049
ZHX3	0.18886	0.32239	0.21404	0.17163	0.2366
ZIC1	0.00028	0.01925	5e-04	0.01085	0
ZIC2	0.00045	0.0168	0.00213	0.01409	0
ZIC4	0.00447	0.02082	0	0	0
ZIC5	0	0.01122	0.00224	0	0
ZIK1	0.01239	0.01431	0.00146	0.02113	0.01063
ZIM2	0.001	0.01496	0.01074	0	0
ZIM3	0.04874	0.05655	0.05783	0.0316	0.04343
ZKSCAN1	0.74006	1.31249	0.88661	0.63905	0.82458
ZKSCAN2	0.01445	0.01697	0.00572	0.0025	0.01861
ZKSCAN3	0.04255	0.04356	0.01072	0.01627	0.01972
ZKSCAN4	0.04867	0.04596	0.07336	0.03425	0.05588
ZKSCAN5	0.06299	0.05899	0.0902	0.09187	0.05421
ZKSCAN7	0.00216	0.00809	0.01059	0.00581	0.00144
ZKSCAN8	0.04299	0.10515	0.0808	0.07934	0.03772
ZMAT1	0.10533	0.19949	0.18537	0.01444	0.05938
ZMAT2	0.33678	0.42356	0.35275	0.56796	0.28321
ZMAT3	0.36409	0.35687	0.24154	0.19433	0.35686
ZMAT5	0.15713	0.12808	0.06869	0.16941	0.07415
ZMIZ1	0.16847	0.11573	0.19464	0.14106	0.06543
ZMIZ1-AS1	0	0.00318	0.00097	0	0
ZMIZ2	0.15176	0.14601	0.18211	0.11152	0.17001
ZMPSTE24	0.17139	0.25288	0.14715	0.12139	0.12406
ZMYM1	0.09734	0.08608	0.08427	0.03764	0.02334
ZMYM2	0.23242	0.2178	0.18799	0.22543	0.29759
ZMYM3	0.06102	0.14063	0.06688	0.09759	0.02226
ZMYM4	0.13809	0.17417	0.18893	0.14853	0.17407
ZMYM5	0.21186	0.16484	0.13521	0.15126	0.22438
ZMYM6	0.13877	0.11578	0.11169	0.11386	0.15491
ZMYND10	0.00778	0.00956	0.00311	0	0
ZMYND11	0.29426	0.29603	0.15563	0.2253	0.12321
ZMYND12	0.00348	0.00346	0.00827	0.01186	0.00068
ZMYND15	7e-04	0.00941	0.04646	0.00066	0
ZMYND19	0.033	0.03948	0.01144	0.04058	0.01401
ZMYND8	0.29878	0.32623	0.28289	0.39593	0.46112
ZNF10	0.05875	0.03738	0.04346	0.04271	0.04583
ZNF100	0.09863	0.03604	0.09126	0.10755	0.03313
ZNF101	0.3453	0.2915	0.22833	0.44341	0.3229
ZNF106	0.70549	0.72021	0.81673	0.64665	0.55237
ZNF107	0.11443	0.09516	0.04221	0.2015	0.15436
ZNF112	0.00064	0.01172	0.00164	0	0
ZNF114	0.1401	0.15403	0.1454	0.11566	0.14086
ZNF117	0.03282	0.05945	0.11492	0.04651	0.07777
ZNF12	0.07682	0.08908	0.04715	0.0444	0.05963
ZNF121	0.0283	0.00791	0.02301	0.00146	0.00235
ZNF124	0.21202	0.17128	0.20435	0.16444	0.15484
ZNF131	0.13908	0.21806	0.16771	0.19145	0.10779
ZNF132	0.00268	0.00355	0	0.013	0
ZNF133	0.02582	0.04679	0.03482	0.01724	0.05464
ZNF134	0.05935	0.07314	0.04444	0.03223	0.02073
ZNF135	0.02504	0.03522	0.02927	0.00948	0.02338
ZNF136	0.09786	0.0864	0.14064	0.0731	0.11321
ZNF137P	0.00725	0.01117	0.00199	0.02631	0.00198
ZNF138	0.03465	0.05599	0.03275	0.12136	0.06796
ZNF14	0.0313	0.05073	0.07623	0.00915	0.0526
ZNF140	0.03387	0.05074	0.05602	0.06343	0.03272
ZNF141	0.02874	0.03166	0.02317	0.02745	0.01762
ZNF142	0.05012	0.03753	0.00827	0.08588	0.06305
ZNF143	0.10259	0.05121	0.05015	0.17457	0.06791
ZNF146	0.16952	0.16904	0.07458	0.27646	0.20238
ZNF148	0.41385	0.37546	0.29159	0.5581	0.31321
ZNF154	0.1303	0.15979	0.14507	0.12135	0.1282
ZNF155	0.00864	0.01666	0.02273	5e-04	0.02773
ZNF16	0.00855	0.02302	0.01089	0.01637	0.01452
ZNF160	0.20125	0.17453	0.22557	0.14669	0.16818
ZNF165	0.00102	0.01688	0.00519	0.02217	0.0285
ZNF169	0.00396	0.00763	0.0024	0.03175	0.00858
ZNF17	0.00959	0.01942	0	0.02918	0.02786
ZNF174	0.05522	0.01451	0.00759	0.07466	0.02189
ZNF175	0.01	0.00475	0.01625	0.02171	0.03792
ZNF18	0.04254	0.0334	0.06258	0.03592	0.02477
ZNF180	0.03894	0.0336	0.02486	0.04846	0.04888
ZNF181	0.05441	0.07152	0.05942	0.05983	0.02052
ZNF182	0.05638	0.16204	0.0253	0.02391	0.11742
ZNF184	0.10058	0.0342	0.00471	0.04991	0.06629
ZNF185	0	0.00398	0.02152	0.0241	0.00336
ZNF189	0.0279	0.07636	0.07052	0.06355	0.05979
ZNF19	0.02216	0.00943	0.01129	0.00276	0.01288
ZNF192P1	0	0.00849	0.00456	0	0.01035
ZNF195	0.13513	0.17009	0.05012	0.14107	0.14288
ZNF197	0.14711	0.16	0.14516	0.12789	0.1297
ZNF200	0.04786	0.03589	0.07089	0.00736	0.0125
ZNF202	0.01744	0.05582	0.05807	0.01963	0.03374
ZNF204P	0.06787	0.07269	0.07105	0.03539	0.03703
ZNF205	0.00176	0.00849	0.01879	0.00278	0.00287
ZNF207	0.39322	0.26575	0.20433	0.56767	0.32269
ZNF208	0.06389	0.23929	0.08019	0.03502	0.0298
ZNF211	0.03807	0.02779	0.02286	0.03047	0.00435
ZNF212	0.05662	0.06762	0.03102	0.06417	0.02453
ZNF213	0.03532	0.0147	0.00861	0.07848	0.05103
ZNF214	0	0.00371	0.00188	0	0
ZNF215	0.00592	0.00665	0	0.04467	0.14545
ZNF217	0.22767	0.23175	0.17534	0.24978	0.18079
ZNF219	0.0301	0.13198	0.06664	0.01022	0.0063
ZNF22	0.08815	0.12023	0.11219	0.17936	0.10732
ZNF221	0.02259	0.02595	0.01102	0.01861	0.00866
ZNF222	0.00468	0.00738	0.02475	0.00066	0.03167
ZNF223	0.01952	0.03697	0.02471	0.00872	0.01603
ZNF224	0.16721	0.10347	0.08191	0.07159	0.13967
ZNF225	0.00576	0.02367	0.01245	0.0147	0.02188
ZNF226	0.07505	0.08333	0.06416	0.10604	0.09491
ZNF227	0.02626	0.01953	0.02001	0.02221	0.00086
ZNF23	0.05774	0.04602	0.02603	0.03245	0.01391
ZNF230	0.02768	0.01466	0.01895	0.00605	0.01081
ZNF232	0.01488	0.0303	0.01601	0.02545	0.01236
ZNF234	0.12984	0.17848	0.13519	0.10109	0.14729
ZNF235	0.01224	0.01072	0.00317	0.00403	0.00944
ZNF236	0.04086	0.04937	0.02891	0.02758	0.07278
ZNF239	0.01551	0.0215	0.01369	0.00445	0.00082
ZNF24	0.22031	0.21198	0.19036	0.30933	0.27391
ZNF248	0.02848	0.08983	0.02435	0.03383	0.04922
ZNF25	0.02687	0.03126	0.0485	0.0485	0.02391
ZNF250	0.0199	0.02596	0.03744	0.03435	0.02122
ZNF251	0.02007	0.02444	0.01483	0.01371	0.01357
ZNF252P	0.09845	0.18943	0.17794	0.11658	0.12204
ZNF252P-AS1	0	0.00643	0.00594	0	0.00094
ZNF253	0.03463	0.05048	0.01848	0.04021	0.08017
ZNF254	0.02473	0.03656	0.0583	0.06338	0.07111
ZNF256	0.01064	0.01462	0.00609	0.01176	0.01282
ZNF257	0.01031	0.01741	0.00262	0.05578	0.02427
ZNF26	0.03617	0.05918	0.04372	0.07683	0.02901
ZNF260	0.11665	0.13253	0.06538	0.09076	0.12245
ZNF263	0.09587	0.10611	0.12053	0.09977	0.07357
ZNF264	0.45956	0.52313	0.52519	0.37644	0.50907
ZNF266	0.18829	0.07296	0.1204	0.09227	0.09024
ZNF267	0.15182	0.03454	0.20887	0.12327	0.08238
ZNF268	0.06426	0.09258	0.06024	0.03327	0.05847
ZNF273	0.02481	0.01308	0.00944	0.06066	0.0145
ZNF274	0.0853	0.07009	0.0679	0.04227	0.03705
ZNF275	0.07413	0.13874	0.05009	0.10887	0.18823
ZNF276	0.17435	0.17028	0.14	0.20134	0.20412
ZNF277	0.07621	0.16186	0.07491	0.11367	0.06508
ZNF28	0.01989	0.06638	0.03747	0.00993	0.00998
ZNF280C	0.04479	0.02605	0.01271	0.05798	0.0232
ZNF280D	0.08399	0.2124	0.11382	0.15704	0.31505
ZNF281	0.16771	0.28192	0.11981	0.20305	0.20657
ZNF282	0.03222	0.06916	0.05516	0.09547	0.07928
ZNF283	0.01616	0.01955	0.01113	0.00017	0.01762
ZNF284	0.01118	0.02085	0.0012	0.03014	0.0211
ZNF285	0	0.00971	0.00795	0	0
ZNF286A	0.0357	0.02019	0.0213	0.00615	0.02109
ZNF286B	0.00155	0.00335	9e-04	0.00133	0.00473
ZNF287	0.00988	0.00519	0.00146	0.01971	0.01614
ZNF292	0.60439	0.45019	0.44283	0.74522	0.68247
ZNF296	0.01139	0.00598	0.00789	0.02169	0.02924
ZNF3	0.094	0.16026	0.07863	0.1567	0.10894
ZNF30	0.00143	0.03114	0.02139	0.01702	0.01629
ZNF300	0.00459	0.01684	0.00032	0.0037	0.01952
ZNF300P1	0.00028	0.00903	0.00237	0	0
ZNF302	0.47472	0.92051	1.26047	0.37478	0.60789
ZNF304	0.01263	0.05138	0.03822	0.008	0.02015
ZNF311	0	0.00666	0.01046	0	0.00891
ZNF316	0.08559	0.13294	0.09213	0.08013	0.07029
ZNF317	0.10427	0.04638	0.038	0.09956	0.04499
ZNF318	0.16725	0.24833	0.13162	0.29133	0.13474
ZNF319	0.02132	0.02071	0.00475	0.02494	0.00367
ZNF32	0.07707	0.11452	0.11981	0.01315	0.05544
ZNF320	1.04219	1.13301	1.17198	0.76837	1.1342
ZNF322	0.08129	0.13892	0.11263	0.0954	0.11425
ZNF324	0.04716	0.0663	0.03015	0.04543	0.05205
ZNF324B	0.00029	0.00603	0	0	0.02547
ZNF326	0.14367	0.21864	0.24142	0.20809	0.17191
ZNF329	0.08221	0.16202	0.13228	0.06169	0.09636
ZNF330	0.08928	0.07408	0.2095	0.10052	0.06113
ZNF331	0.13994	0.18124	0.30752	0.10369	0.1729
ZNF333	0.13552	0.16252	0.15781	0.09628	0.16354
ZNF334	0.00255	0.00315	0.01339	0.00098	0
ZNF335	0.11715	0.09477	0.05701	0.08207	0.12007
ZNF337	0.05033	0.08766	0.09447	0.07559	0.04594
ZNF337-AS1	0.02398	0.07335	0.01594	0.01319	0.01283
ZNF33A	0.30874	0.35089	0.27634	0.18674	0.39352
ZNF33B	0.23205	0.30681	0.2942	0.23228	0.38802
ZNF33BP1	0	0.00412	0.01969	0	0.00306
ZNF34	0.168	0.15295	0.16407	0.14389	0.20544
ZNF341	0.00711	0.02189	0.02	0.02866	0.03939
ZNF343	0.06551	0.08751	0.05636	0.07766	0.0777
ZNF345	0.03335	0.01859	0.04885	0.01794	0.01608
ZNF346	0.14233	0.14598	0.08721	0.16936	0.15009
ZNF347	0.03558	0.04563	0.03881	0.0289	0.03593
ZNF35	0.01038	0.03138	0.03068	0.01015	0.03895
ZNF350	0.06066	0.0463	0.08818	0.11729	0.02689
ZNF354A	0.03924	0.07008	0.05182	0.01811	0.04682
ZNF354B	0.0315	0.04285	0.01588	0.00695	0.02854
ZNF354C	0.02461	0.01967	0.02662	0.04913	0.0215
ZNF358	0.03586	0.19973	0.15982	0.04634	0.14672
ZNF362	0.07605	0.08944	0.055	0.08096	0.05494
ZNF365	0.00159	0.00222	0	0	0.00153
ZNF366	0.02247	0.0265	0.12418	0.04725	0.03667
ZNF367	0.00135	0.01667	0.0194	0.06054	0
ZNF37A	0.24295	0.29135	0.20223	0.29472	0.44546
ZNF37BP	0.15655	0.15669	0.12764	0.05843	0.40626
ZNF382	0.0165	0.00146	0.00556	0	0
ZNF383	0.00439	0.02239	0.02448	0.04726	0.02345
ZNF384	0.05034	0.03749	0.02933	0.11289	0.07631
ZNF385A	0.00809	0.01339	0.13787	0.01405	0.00141
ZNF385B	0	0.03101	0.00064	0	0.01264
ZNF385C	0	0.00232	0.00319	0.00037	0.00527
ZNF385D	0	0.00446	0	0	0.00114
ZNF391	0.00518	0.00301	0.00372	0	0.00053
ZNF394	0.32261	0.16174	0.27046	0.37683	0.25263
ZNF395	0.08926	0.14031	0.11946	0.06547	0.12683
ZNF396	0.02788	0.02884	0.03359	0.01433	0.03954
ZNF397	0.07596	0.10375	0.11914	0.01611	0.10254
ZNF398	0.04612	0.07963	0.04676	0.13911	0.08512
ZNF404	0.01265	0.00925	0.01524	0.00758	0.01033
ZNF407	0.12246	0.13769	0.1992	0.22606	0.10432
ZNF408	0.00997	0.08168	0.00679	0.08052	0.00349
ZNF41	0.02832	0.05586	0.04614	0.04363	0.01501
ZNF410	0.07586	0.10309	0.08601	0.23089	0.09135
ZNF414	0.05582	0.00885	0.01509	0.00849	0.00205
ZNF415	0.01602	0.0271	0.0149	0.00119	0
ZNF416	0.00031	0.00974	0.01398	0.01398	0.03224
ZNF417	0.53701	0.64502	0.5294	0.39982	0.62785
ZNF418	0	0.02265	0.01236	0.03669	0.0266
ZNF419	0.05141	0.03904	0.00478	0.00043	0.00368
ZNF420	0.06816	0.05897	0.04044	0.05668	0.04132
ZNF425	0.01737	0.02244	0.02347	0.0405	0.02197
ZNF426	0.47755	0.45153	0.56965	0.31884	0.45858
ZNF428	0.10103	0.04997	0.06914	0.02794	0.07637
ZNF429	0.55554	0.55442	0.53502	0.52981	0.57445
ZNF43	0.20318	0.13996	0.13055	0.22703	0.16755
ZNF430	0.27573	0.17902	0.199	0.44888	0.28277
ZNF431	0.21587	0.21279	0.27205	0.34385	0.20592
ZNF432	0.1812	0.22583	0.14252	0.09697	0.1028
ZNF433	0.00678	0.01763	0.00948	0.00746	0.0143
ZNF436	0.00482	0.01834	0.00805	0.00173	0.00867
ZNF438	0.04942	0.03977	0.12426	0.01828	0.01808
ZNF439	0.02122	0.01493	0.01423	0.03196	0.02704
ZNF44	0.22115	0.20771	0.1486	0.14263	0.13144
ZNF440	0.0462	0.04461	0.05518	0.03544	0.06421
ZNF441	0.02357	0.04952	0.03068	0.01468	0.0482
ZNF442	0	0.00363	0.00127	0	0
ZNF443	0.00349	0.01484	0.02212	0	0.02687
ZNF444	0.06903	0.11703	0.0531	0.04717	0.06787
ZNF445	0.21738	0.2958	0.23542	0.1569	0.25521
ZNF446	0.35799	0.0297	0.06237	0.29499	0.29651
ZNF449	0.0388	0.05868	0.05792	0.04377	0.00716
ZNF45	0.03404	0.01711	0.01605	0.0209	0.00429
ZNF451	0.22841	0.27825	0.24956	0.27299	0.23363
ZNF454	0.15206	0.1666	0.1665	0.11471	0.15585
ZNF460	0.03507	0.03256	0.0192	0.02403	0.02644
ZNF461	0.17314	0.21413	0.17542	0.14991	0.14878
ZNF462	0.0012	0.0017	0.00972	0.00044	0.00125
ZNF467	0.00242	0.04376	0.05118	0.0011	0.0031
ZNF468	0.03145	0.05436	0.03002	0.02545	0.01702
ZNF470	0.07027	0.09483	0.05318	0.05066	0.06732
ZNF471	0.16117	0.24971	0.32366	0.13959	0.22643
ZNF473	0.00169	0.0462	0.01535	0.0454	0.03151
ZNF479	0	0.00254	0	0	0
ZNF48	0.05977	0.03974	0.00333	0.01577	0.06016
ZNF480	0.14915	0.14362	0.14175	0.17038	0.12319
ZNF483	0.25985	0.22255	0.20633	0.12811	0.29854
ZNF484	0.02659	0.01866	0.00707	0.02403	0.0387
ZNF485	0.00622	0.02098	0.00587	0.00099	0.00346
ZNF486	0.12295	0.11126	0.12078	0.11946	0.13031
ZNF487	0.00283	0.00551	0.02231	0	0
ZNF490	0.10285	0.03894	0.05807	0.0191	0.07228
ZNF491	0.06484	0.0658	0.08297	0.05522	0.05452
ZNF492	0.13953	0.11664	0.15315	0.09573	0.15764
ZNF493	0.10747	0.10917	0.08781	0.1161	0.03735
ZNF496	0.10327	0.06358	0.05883	0.08042	0.0527
ZNF497	0.00161	0.02629	0.00466	0.01277	0.00029
ZNF500	0.15498	0.17792	0.23999	0.08267	0.26067
ZNF501	0.00879	0.01502	0.01871	0	0.0026
ZNF502	0.00884	0.05956	0.02779	0.01366	0.02542
ZNF503	0.00678	0.13245	0.07033	0.00389	0.00164
ZNF503-AS1	0.00026	9e-04	0.0011	0	0
ZNF503-AS2	0	0.01018	0.00237	0	0
ZNF506	0.11489	0.06373	0.03061	0.08539	0.12364
ZNF507	0.11737	0.09262	0.0338	0.16073	0.10311
ZNF510	0.08783	0.03242	0.02164	0.04707	0.05132
ZNF511	0.0633	0.05179	0.08158	0.16744	0.09157
ZNF512	0.09737	0.14643	0.09339	0.19954	0.04512
ZNF512B	0.05173	0.13447	0.03168	0.00494	0.04773
ZNF513	0.0182	0.0628	0.03685	0.0453	0.06016
ZNF514	0.05711	0.15438	0.10374	0.03695	0.07126
ZNF516	0.02158	0.09318	0.05647	0.02182	0.00152
ZNF517	0.10188	0.10196	0.12516	0.07115	0.09502
ZNF518A	0.19111	0.31838	0.19085	0.26708	0.20753
ZNF518B	0.08628	0.02055	0.03108	0.05195	0.09086
ZNF519	0.01087	0.03017	0.017	0.05096	0.01678
ZNF524	0.04978	0.05961	0.12143	0.16042	0.1407
ZNF525	0.06905	0.08348	0.07664	0.08233	0.02881
ZNF526	0.0049	0.03301	0.00849	0.00126	0.0363
ZNF527	0.18415	0.22887	0.1782	0.09729	0.18701
ZNF528	0.067	0.07474	0.05113	0.03995	0.05061
ZNF529	0.06493	0.04841	0.05216	0.01398	0.03754
ZNF530	0.07885	0.09873	0.09179	0.11136	0.09974
ZNF532	0.02542	0.06235	0.10285	0.05309	0.15887
ZNF534	0.00434	0.00669	0.00238	0	0
ZNF540	0.01662	0.00967	0.00185	0	0.01119
ZNF541	0.00033	0.01249	0.00339	0.0085	0.00081
ZNF543	0.0161	0.02035	0.00927	0.00726	0.01097
ZNF544	0.10449	0.12098	0.0774	0.1876	0.15587
ZNF546	0.05816	0.05557	0.05518	0.03113	0.05963
ZNF547	0.00099	0.01278	0.00678	0.02868	0.00366
ZNF548	0.07334	0.04908	0.0363	0.02247	0.063
ZNF549	0.05944	0.056	0.0567	0.04211	0.05365
ZNF550	0.03449	0.04891	0.01943	0.08237	0.02995
ZNF551	0.06104	0.09034	0.05236	0.07249	0.04481
ZNF552	0.02926	0.04929	0.01479	0.01642	0.01675
ZNF554	0.29221	0.36557	0.33415	0.19392	0.33451
ZNF555	0.03472	0.07396	0.05156	0.02277	0.07004
ZNF556	0.022	0.01889	0.02735	0.00253	0.00079
ZNF557	0.23214	0.18039	0.24973	0.20569	0.26918
ZNF558	0.01697	0.02699	0.01433	0.03082	0.02086
ZNF559	0.03552	0.01915	0.04162	0.03745	0.00217
ZNF560	0.002	0.00941	0.00241	0	0
ZNF561	0.07439	0.08551	0.11968	0.08022	0.12601
ZNF562	0.08288	0.06917	0.06857	0.09533	0.08978
ZNF563	0.08384	0.13904	0.09782	0.14893	0.10741
ZNF564	0.02819	0.03015	0.03487	0.01974	0.03027
ZNF565	0.02246	0.26272	0.03581	0.01622	0.02039
ZNF566	0.1334	0.17468	0.16433	0.10381	0.16669
ZNF567	0.03214	0.0351	0.01709	0.03264	0.02647
ZNF568	0.04086	0.06976	0.03149	0.06346	0.01835
ZNF569	0.07239	0.06745	0.03146	0.02345	0.06089
ZNF57	0.01981	0.0235	0.00137	0.00109	0.00565
ZNF570	0.19073	0.28576	0.22499	0.2188	0.20793
ZNF571	0.0221	0.0161	0.01149	0	0.0064
ZNF572	0.00626	0.01237	0.01388	0	0.01598
ZNF573	0.0528	0.03687	0.00574	0.00685	0.03165
ZNF574	0.05524	0.04391	0.03196	0.03723	0.04176
ZNF575	0.00739	0.00904	0.0088	0.03806	0.00466
ZNF576	0.01548	0.02706	0.03464	0.04106	0.03838
ZNF577	0.01586	0.04078	0.01782	0.0261	0.05575
ZNF578	0.08487	0.07002	0.05471	0.06007	0.04951
ZNF579	0.01761	0.10553	0.04661	0.0268	0.01364
ZNF580	0.03727	0.03632	0.00922	0.04028	0.04877
ZNF581	0.14957	0.05396	0.08786	0.10266	0.15483
ZNF582	0.01075	0.02139	0.00331	0	0.00051
ZNF582-AS1	0.00739	0.03887	0.01466	0.0026	0.00307
ZNF583	0.02646	0.03084	0.01183	0.00352	0.01001
ZNF584	0.00718	0.01523	0.00487	0.00069	0.02375
ZNF585A	0.12008	0.07424	0.06875	0.14734	0.05856
ZNF585B	0.04176	0.04607	0.03282	0.01617	0.02752
ZNF586	0.01932	0.02227	0.0166	0.03752	0.03453
ZNF587	0.16295	0.23228	0.12826	0.07873	0.1384
ZNF587B	0.00843	0.04519	0.02289	0.01622	0.0094
ZNF589	0.04749	0.0231	0.02073	0.02433	0.04847
ZNF592	0.06458	0.07744	0.11594	0.11449	0.0574
ZNF593	0.14399	0.22386	0.14434	0.29015	0.27883
ZNF594	0.06867	0.09075	0.04954	0.07675	0.10746
ZNF595	0.03858	0.04349	0.02291	0.00461	0.02349
ZNF596	0.01856	0.0191	0.01125	0.0157	0.00977
ZNF597	0.01852	0.03233	0.01417	0.02279	0.00395
ZNF598	0.0349	0.05122	0.04214	0.01871	0.02319
ZNF599	0	0.0021	0	0	0.00237
ZNF600	0.12031	0.06704	0.03879	0.09439	0.09864
ZNF605	0.04231	0.16379	0.0866	0.02861	0.03853
ZNF606	0.01488	0.05524	0.01113	0.01415	0.01166
ZNF607	0.0101	0.01594	0.00813	0.02509	0.01837
ZNF608	0.01362	0.06188	0.0141	0.11736	0.0868
ZNF609	0.20681	0.11777	0.13866	0.21984	0.17809
ZNF610	0.00767	0.0183	0.00746	0.00173	0
ZNF611	0.08706	0.09268	0.11781	0.15279	0.11159
ZNF613	0.00655	0.01876	0.00159	0	0.01047
ZNF614	0.02639	0.04071	0.01382	0.03878	0.06048
ZNF615	0.03992	0.04	0.01493	0	0.03288
ZNF616	0.00939	0.0388	0.05929	0.06209	0.00499
ZNF618	0.0156	0.05283	0.07262	5e-04	0.01204
ZNF619	0.02619	0.01879	0.01132	0	0.02779
ZNF620	0.1791	0.1502	0.17669	0.09469	0.2301
ZNF621	0.22025	0.23309	0.26142	0.26129	0.2136
ZNF622	0.15217	0.12684	0.04917	0.12285	0.15212
ZNF623	0.02407	0.04952	0.02111	0.05358	0.01903
ZNF624	0.02574	0.01224	0.00881	0.04095	0.02641
ZNF625	0.01385	0.00976	0.00259	0.04836	0.00782
ZNF626	0.17538	0.2197	0.14892	0.11648	0.18799
ZNF627	0.0014	0.01844	0.0037	0.01023	0.03389
ZNF628	0.02452	0.01321	0.01204	0.0097	0.00107
ZNF629	0.03968	0.06072	0.08923	0	0.0069
ZNF630	0.00727	0.00694	0.00958	0.01486	0.0159
ZNF638	0.63918	0.54236	0.42457	0.56018	0.48006
ZNF639	0.03987	0.06715	0.07349	0.06646	0.03301
ZNF641	0.07333	0.10214	0.07381	0.07467	0.02709
ZNF644	0.37446	0.32135	0.29354	0.43267	0.43281
ZNF646	0.0206	0.01742	0.00742	0.04904	0.00965
ZNF649	0.02499	0.03383	0.03646	0.04232	0.00995
ZNF652	0.37912	0.49765	0.29137	0.34438	0.34038
ZNF653	0.00446	0.00715	0.00278	0	0.00061
ZNF654	0.05793	0.06569	0.06994	0.1094	0.06464
ZNF655	0.47177	0.4851	0.40133	0.47281	0.39928
ZNF660	0	0.00382	0.01406	0	0
ZNF662	0.09139	0.17035	0.10815	0.10028	0.1239
ZNF664	0.10044	0.25754	0.14448	0.09983	0.15147
ZNF665	0.15012	0.16287	0.1725	0.08652	0.16974
ZNF667	0.0499	0.09097	0.05422	0.02186	0.04739
ZNF667-AS1	0.03561	0.05837	0.03478	0.01151	0.00057
ZNF668	0.05367	0.02871	0.01559	0.00756	0.00628
ZNF669	0.1677	0.19464	0.20548	0.10435	0.17565
ZNF670-ZNF695	0.00561	0.025	0.00905	0.00956	0.00162
ZNF671	0.0297	0.04017	0.02402	0.00077	0.05138
ZNF672	0.08901	0.08136	0.05549	0.09923	0.07058
ZNF674	0.05233	0.17743	0.04506	0.01255	0.04503
ZNF674-AS1	0.0079	0.16271	0.02534	0.0066	0.01178
ZNF675	0.12176	0.04337	0.04973	0.10177	0.16584
ZNF676	0.00677	0.0469	0.01287	0.01176	0.00052
ZNF677	0.01962	0.00605	0.01136	0.00248	0.01409
ZNF678	0.10565	0.12186	0.05229	0.15137	0.0656
ZNF680	0.0275	0.06599	0.02209	0.05032	0.01399
ZNF681	0.02946	0.03731	0.03108	0.05257	0.03396
ZNF682	0.17127	0.15419	0.12982	0.12833	0.1685
ZNF683	0.05341	0.00103	0.00109	0	0.0044
ZNF684	0.01022	0.06579	0.0389	0.10627	0.01543
ZNF687	0.01463	0.0452	0.01808	0.0219	0.01009
ZNF688	0.06638	0.03639	0.03487	0.0125	0.08106
ZNF689	0.04302	0.04349	0.06127	0.10167	0.03485
ZNF69	0.0264	0.04901	0.03661	0.02067	0.03387
ZNF691	0.02327	0.05538	0.06132	0.00262	0.05689
ZNF692	0.07972	0.11116	0.03979	0.05572	0.0348
ZNF695	0.00823	0.01048	0.00366	0.00099	0
ZNF696	0.07918	0.14118	0.123	0.05932	0.04941
ZNF697	0.00397	0.04	0.00535	0	0.01964
ZNF699	0.13099	0.10956	0.14981	0.14682	0.17133
ZNF7	0.04885	0.06124	0.03242	0.04056	0.07189
ZNF70	0.00382	0.00821	0.00594	0.01166	0.02775
ZNF700	0.12475	0.03642	0.1177	0.12068	0.07255
ZNF701	0.03019	0.03707	0.03376	0.06154	0.0355
ZNF702P	0.01956	0.02075	0.01087	0.00611	0.00685
ZNF703	0.00034	0.0317	0.04471	0	0.00515
ZNF704	0.02212	0.23355	0.08923	0.02139	0.00327
ZNF706	0.21515	0.21011	0.20788	0.47547	0.58335
ZNF707	0.00245	0.01285	0.00712	0.01646	0.01083
ZNF708	0.11832	0.09598	0.14119	0.13182	0.12188
AC008758.1	0.0163	0.00977	0.00655	0.0228	0.01051
ZNF71	0.00343	0.01543	0.02076	0.04596	0.00077
ZNF710	0.00826	0.0243	0.09272	0.02623	0.01727
ZNF711	0.00082	0.049	0.00456	0.00451	0
ZNF713	0.17731	0.23924	0.19152	0.11002	0.20175
ZNF714	0.12968	0.18921	0.16794	0.28779	0.17004
ZNF716	0.0864	0.14175	0.08817	0.04383	0.11591
ZNF717	0.02385	0.04565	0.01684	0.00717	0.01797
ZNF718	0.01686	0.03123	0.00993	0.00962	0.01003
ZNF720	0.08077	0.02194	0.03558	0.04668	0.07189
ZNF721	0.24543	0.2636	0.22613	0.28963	0.27738
ZNF726	0.00212	0.02626	0.00362	0.04478	0.01168
ZNF728	0.00525	0.05115	0.02754	0.0029	0
ZNF729	0.00086	0.00677	0.00027	6e-04	0
ZNF730	0.00879	0.01512	0.00852	0.00056	0.00497
ZNF732	0.00093	0.00394	0.0019	0	0.00051
ZNF733P	0.00549	0.0029	0	0	0
ZNF736	0.01021	0.03325	0.04616	0.0103	0.029
ZNF737	0.2401	0.25518	0.25364	0.17032	0.23074
ZNF738	0.04417	0.05012	0.0503	0.03197	0.03609
ZNF74	0.01735	0.02978	0.02873	0.0074	0.01656
ZNF740	0.05218	0.06147	0.03333	0.03128	0.02453
ZNF746	0.04051	0.07313	0.04494	0.04235	0.02851
ZNF747	0.01659	0.07276	0.01645	0.07465	0.0729
ZNF749	0.06686	0.04931	0.03931	0.01389	0.03665
ZNF75A	0.06703	0.04015	0.01125	0.07256	0.02707
ZNF75D	0.06759	0.05454	0.04308	0.1876	0.08364
ZNF76	0.02958	0.07241	0.04881	0.03897	0.02393
ZNF761	0.08004	0.06726	0.07394	0.06872	0.04321
ZNF763	0.03411	0.04489	0.08445	0.01764	0.05936
ZNF764	0.04325	0.05214	0.06304	0.04145	0.07447
ZNF765	0.05403	0.0376	0.03949	0.02362	0.01012
ZNF766	0.21914	0.17824	0.20873	0.22289	0.20156
ZNF768	0.00557	0.04004	0.02325	0	0.00491
ZNF77	0.01181	0.01076	0.00829	0.00366	0
ZNF770	0.12571	0.25638	0.10426	0.09938	0.0889
ZNF771	0.0012	0.0223	0.00402	0.01271	0.00756
ZNF772	0.0079	0.02164	0.01162	0.00185	0.01184
ZNF773	0.10902	0.13806	0.09429	0.07207	0.12727
ZNF774	0.00235	0.00289	0	0	0.00039
ZNF775	0.0115	0.01269	0.00618	0.01107	0.02706
ZNF776	0.06109	0.08977	0.06833	0.06655	0.06443
ZNF777	0.03015	0.02652	0.01707	0.01374	0.02294
ZNF778	0.00286	0.01016	0.01652	0.00039	0.00118
ZNF780A	0.0236	0.05869	0.04092	0.02276	0.05065
ZNF780B	0.1145	0.11505	0.12303	0.09684	0.12337
ZNF781	0.01518	0.01983	0.01213	0	0.00097
ZNF782	0.02393	0.02492	0.02165	0.01279	0.01993
ZNF783	0.05174	0.02291	0.0283	0.00506	0.03679
ZNF784	0.0046	0.05132	0.08382	0.01331	0.03235
ZNF785	0.02055	0.02716	0.01679	0.04639	0.01975
ZNF786	0.05322	0.03575	0.03514	0.01543	0.05939
ZNF787	0.04319	0.12234	0.14427	0.06476	0.04471
ZNF788P	0.00126	0.01517	0.02854	0.02202	0.01462
ZNF789	0.01813	0.03506	0.02329	0.00927	0.03861
ZNF79	0.0418	0.00691	0	0.00568	0.01433
ZNF790	0.03347	0.027	0.00568	0.06571	0.01871
ZNF791	0.19132	0.12386	0.11677	0.16971	0.30146
ZNF792	0.02545	0.01935	0.00141	0.04104	0.01458
ZNF793	0.38389	0.44463	0.47119	0.2796	0.41427
ZNF799	0.04029	0.02949	0.02636	0.00848	0.02427
ZNF80	0.07648	0.0438	0.03693	0.02923	0.01248
ZNF800	0.23241	0.14146	0.19099	0.2372	0.13536
ZNF804A	0.00035	0.00595	0.00743	0.0046	0.00229
ZNF805	0.03556	0.05906	0.04407	0.04197	0.0325
ZNF808	0.14336	0.06924	0.05315	0.08963	0.04327
ZNF81	0.03976	0.05215	0.00637	0.01097	0.01353
ZNF813	0.02133	0.03471	0.03792	0.02719	0.02809
ZNF814	0.02607	0.05246	0.04529	0.06644	0.00602
ZNF815P	0.01831	0.03214	0.00724	0.01037	0.01198
ZNF816	0.02052	0.02806	0.02751	0.0375	0.02311
AC092070.2	0.09314	0.094	0.09251	0.08052	0.06796
ZNF821	0.04651	0.01334	0.00785	0.03285	0.04498
ZNF823	0.0041	0.01576	0.00486	0.04277	0.01612
ZNF826P	0.01638	0.01057	0.00415	0.01181	0
ZNF827	0.16463	0.04164	0.00736	0.15198	0.21571
ZNF829	0.03559	0.07709	0.06472	0.04086	0.06003
ZNF83	0.10085	0.16895	0.13478	0.09271	0.07834
ZNF830	0.09616	0.05415	0.05024	0.08327	0.07709
ZNF831	0.15333	0.0049	0	0.17682	0.05057
AC008543.1	0.00069	0.01073	0.00085	0	0.00191
ZNF835	0.00312	0.00491	0.00708	0.0123	0.00399
ZNF836	0.01956	0.01467	0.00502	0.01102	0.02578
ZNF837	0.00599	0.0092	0.00491	0.00146	0.00558
ZNF839	0.03054	0.04661	0.04586	0.06071	0.05633
ZNF84	0.24419	0.286	0.18082	0.08588	0.16076
ZNF841	0.22093	0.27319	0.22824	0.19502	0.2661
ZNF844	0.04257	0.0244	0.06431	0.04763	0.07813
ZNF845	0.0355	0.02593	0.00821	0.06571	0.0133
ZNF846	0.01801	0.01451	0.05094	0.00891	0.008
ZNF85	0.05227	0.01797	0.0322	0.1478	0.01415
ZNF850	0.0415	0.03493	0.04412	0.03335	0.01763
ZNF852	0.01429	0.02005	0.00962	0.02993	0.0315
ZNF853	0.04357	1e-04	0	0.01079	0.00456
ZNF860	0.00934	0.00705	0.00839	0.01347	0.03087
ZNF862	0.07958	0.0715	0.04417	0.05577	0.01913
ZNF865	0.2238	0.29168	0.2926	0.19927	0.26591
ZNF876P	0.1146	0.09733	0.09298	0.08762	0.08809
ZNF879	0.004	0.02737	0.04884	0.0168	0.00529
ZNF880	0.02207	0.02919	0.03428	0.03399	0.04317
ZNF883	0.00401	0.01409	0.00046	0.00717	0.00097
ZNF888	0.00197	0.00663	0.00645	0.01259	0.01117
ZNF891	0.01046	0.01829	0.00788	0.03301	0.0052
ZNF90	0.00391	0.00374	0.00809	0.02554	0.02273
ZNF91	0.45914	0.42356	0.39446	0.3538	0.50547
ZNF92	0.10052	0.03798	0.01894	0.2134	0.14657
ZNF93	0.01427	0.02415	0.00451	0.07758	0.00404
ZNF98	0	0.02068	0.00297	0.00086	0
ZNF99	0.02864	0.05056	0.02591	0.00452	0.00951
ZNFX1	0.27294	0.28735	0.4261	0.29432	0.30317
ZNHIT1	0.43232	0.79303	0.40129	0.66127	0.67094
ZNHIT2	0.04662	0.05002	0.02515	0.08417	0.04326
ZNHIT6	0.08808	0.11545	0.11292	0.11362	0.08323
ZNRD1	0.11321	0.06863	0.03903	0.18712	0.09507
ZNRF1	0.08344	0.09503	0.0338	0.04124	0.04921
ZNRF2	0.06137	0.08231	0.07155	0.03789	0.01091
ZNRF2P1	0	0.00464	0.00141	0.02049	0
ZNRF3	0.0302	0.11378	0.01184	0.02252	0.01253
ZNRF3-AS1	0.15343	0.15918	0.20475	0.13993	0.23802
ZP3	0	0.00352	0.0017	0.0011	0.00675
ZRANB1	0.17969	0.30019	0.2461	0.24403	0.1701
ZRANB2	0.53798	0.64594	0.45442	0.7787	0.89156
ZRANB3	0.11279	0.12363	0.0987	0.11014	0.09486
ZRSR2	0.34375	0.07799	0.24878	0.39444	0.33076
ZSCAN12	0.02864	0.03208	0.02962	0.09906	0.01448
ZSCAN12P1	0.00034	0.00147	0.0019	0	0
ZSCAN16	0.06016	0.02087	0.00096	0.0397	0.01921
ZSCAN16-AS1	0.03555	0.12588	0.07878	0.14062	0.09333
ZSCAN18	0.03798	0.15217	0.03467	0	0.019
ZSCAN2	0.02695	0.05163	0.02768	0.00721	0.00448
ZSCAN20	0.01048	0.01057	0	0.01861	0.00051
ZSCAN21	0.04108	0.02609	0.0131	0	0.00833
ZSCAN22	0.02797	0.0243	0.01653	0.0193	0.01056
ZSCAN25	0.03785	0.01913	0.00453	0.01514	0.04266
ZSCAN29	0.1561	0.1151	0.06961	0.07877	0.11677
ZSCAN30	0.00474	0.02227	0.03847	0.00691	0.01192
ZSCAN31	0.08532	0.18451	0.07329	0.018	0.00995
ZSCAN32	0.04396	0.01579	0.02728	0.05561	0.02996
ZSCAN5A	0.01213	0.0278	0.00717	0.00967	0.02531
ZSCAN9	0.01526	0.04129	0.0129	0.05305	0.00963
ZSWIM1	0.02515	0.04573	0.0497	0.02153	0.04961
ZSWIM3	0.00714	0.00862	0.00201	0.01257	0.01101
ZSWIM4	0.0085	0.01796	0.0347	0.01465	0.00622
ZSWIM5	0.00441	0.05469	0.00841	0	0.00208
ZSWIM6	0.04312	0.03913	0.18245	0.04304	0.03109
ZSWIM7	0.04937	0.10908	0.11019	0.16113	0.06812
ZSWIM8	0.09832	0.12498	0.06732	0.05505	0.03787
ZSWIM8-AS1	0	0.0017	0	0.0025	0.00912
ZUP1	0.10275	0.05154	0.028	0.14036	0.05932
ZW10	0.02634	0.0537	0.01417	0.11437	0.00259
ZWILCH	0.03606	0.06184	0.03956	0.23292	0.03065
ZWINT	0.01829	0.04966	0.02107	0.22351	0.0031
ZXDA	0.02403	0.01729	0.03797	0	0.01381
ZXDB	0.01945	0.04983	0.0085	0.01394	0.01109
ZXDC	0.06479	0.10696	0.08899	0.09532	0.04193
ZYG11A	0.06902	0.09343	0.10937	0.02891	0.07167
ZYG11B	0.31962	0.5235	0.49064	0.30238	0.40455
ZYX	0.26373	0.17002	0.32788	0.2452	0.08335
ZZEF1	0.14793	0.07114	0.18963	0.21051	0.13023
AC118549.1	0.12247	0.1997	0.21591	0.21794	0.10914
