Cell,UMAP_1,UMAP_2,Cluster,Celltype..malignancy.,Celltype..major.lineage.,Celltype..minor.lineage.,Patient,Sample,Tissue,Risk.Factor,RiskFactorScore
HCC1_COL1_ROW1,6.66785429039971,-5.39557866516405,4,Immune cells,CD8T,CD8T,Patient 1,Patient 1,Tumor,0.487635540993837,0.487635540993837
HCC1_COL1_ROW10,-7.04167034110053,-3.83590535583788,0,Malignant cells,Malignant,Malignant,Patient 1,Patient 1,Tumor,0.431000858101256,0.431000858101256
HCC1_COL1_ROW11,-8.98207332571967,-3.22577170791917,0,Malignant cells,Malignant,Malignant,Patient 1,Patient 1,Tumor,0.595990326858569,0.595990326858569
HCC1_COL1_ROW12,-10.1264314838312,-2.31262282791429,0,Malignant cells,Malignant,Malignant,Patient 1,Patient 1,Tumor,0.488337623839613,0.488337623839613
HCC1_COL1_ROW13,-8.92685367545112,-4.10874394836717,0,Malignant cells,Malignant,Malignant,Patient 1,Patient 1,Tumor,-0.229269053748342,-0.229269053748342
HCC1_COL1_ROW14,-8.58372547110542,-3.5189078277617,0,Malignant cells,Malignant,Malignant,Patient 1,Patient 1,Tumor,0.550276932678056,0.550276932678056
HCC1_COL1_ROW15,-8.79384710272773,-3.84210996094042,0,Malignant cells,Malignant,Malignant,Patient 1,Patient 1,Tumor,0.412590685700913,0.412590685700913
HCC1_COL1_ROW16,-12.1876945682429,-3.67182759704881,9,Malignant cells,Malignant,Malignant,Patient 1,Patient 1,Tumor,-0.323582182697558,-0.323582182697558
HCC1_COL1_ROW17,-9.16021730383857,-6.15561561050707,0,Malignant cells,Malignant,Malignant,Patient 1,Patient 1,Tumor,0.513534597082456,0.513534597082456
HCC1_COL1_ROW18,-7.49595787009223,-4.45229224624925,0,Malignant cells,Malignant,Malignant,Patient 1,Patient 1,Tumor,0.515640845619783,0.515640845619783
HCC1_COL1_ROW19,-8.51024867972358,-4.85172299804979,0,Malignant cells,Malignant,Malignant,Patient 1,Patient 1,Tumor,0.552383181215383,0.552383181215383
HCC1_COL1_ROW2,-9.54467203101142,-5.81929854812914,0,Malignant cells,Malignant,Malignant,Patient 1,Patient 1,Tumor,0.535299165301506,0.535299165301506
HCC1_COL1_ROW20,-8.3869037814997,-4.39449052276903,0,Malignant cells,Malignant,Malignant,Patient 1,Patient 1,Tumor,0.56806303143771,0.56806303143771
HCC1_COL1_ROW21,-8.65829183539375,-4.01978663864427,0,Malignant cells,Malignant,Malignant,Patient 1,Patient 1,Tumor,0.515640845619783,0.515640845619783
HCC1_COL1_ROW22,-12.6935749240778,-3.5543458885222,9,Malignant cells,Malignant,Malignant,Patient 1,Patient 1,Tumor,-0.303143770964974,-0.303143770964974
HCC1_COL1_ROW23,-10.4590683170222,-4.42560414734178,0,Malignant cells,Malignant,Malignant,Patient 1,Patient 1,Tumor,0.473593884078321,0.473593884078321
HCC1_COL1_ROW24,-6.80256273230537,-4.56413249435716,0,Malignant cells,Malignant,Malignant,Patient 1,Patient 1,Tumor,-0.188860285513691,-0.188860285513691
HCC1_COL1_ROW25,-9.19429542502387,-3.04124764862352,0,Malignant cells,Malignant,Malignant,Patient 1,Patient 1,Tumor,0.591075746938138,0.591075746938138
HCC1_COL1_ROW26,-9.63717462500556,-2.49588589134508,0,Malignant cells,Malignant,Malignant,Patient 1,Patient 1,Tumor,0.5228957016928,0.5228957016928
HCC1_COL1_ROW27,-12.7062606998347,-3.65106944504076,9,Malignant cells,Malignant,Malignant,Patient 1,Patient 1,Tumor,0.521569545206334,0.521569545206334
HCC1_COL1_ROW28,-10.1389942356013,-4.31560210647875,0,Malignant cells,Malignant,Malignant,Patient 1,Patient 1,Tumor,0.595522271628052,0.595522271628052
HCC1_COL1_ROW29,-8.65892745932563,-4.38433532181078,0,Malignant cells,Malignant,Malignant,Patient 1,Patient 1,Tumor,-0.225056556673688,-0.225056556673688
HCC1_COL1_ROW3,-6.96220018347724,-4.43222598495775,0,Malignant cells,Malignant,Malignant,Patient 1,Patient 1,Tumor,0.463296669006943,0.463296669006943
HCC1_COL1_ROW30,-8.86295892676337,-2.27708057823473,0,Malignant cells,Malignant,Malignant,Patient 1,Patient 1,Tumor,0.412824713316171,0.412824713316171
HCC1_COL1_ROW31,2.70426462212579,-1.17710046234422,6,Immune cells,Mono/Macro,Mono/Macro,Patient 1,Patient 1,Tumor,-0.190498478820501,-0.190498478820501
HCC1_COL1_ROW32,-11.3282423206232,-3.75859097900682,0,Malignant cells,Malignant,Malignant,Patient 1,Patient 1,Tumor,0.58920352601607,0.58920352601607
HCC1_COL1_ROW33,-9.61440469702705,-5.73738793793016,0,Malignant cells,Malignant,Malignant,Patient 1,Patient 1,Tumor,0.540291754427022,0.540291754427022
HCC1_COL1_ROW34,-7.94747306784614,-5.14940766754442,0,Malignant cells,Malignant,Malignant,Patient 1,Patient 1,Tumor,0.544114205476246,0.544114205476246
HCC1_COL1_ROW35,-8.35940124472602,-3.88912848892503,0,Malignant cells,Malignant,Malignant,Patient 1,Patient 1,Tumor,0.451673297449099,0.451673297449099
HCC1_COL1_ROW36,-9.68325616797431,-5.80751017990404,0,Malignant cells,Malignant,Malignant,Patient 1,Patient 1,Tumor,-0.246119042046961,-0.246119042046961
HCC1_COL1_ROW37,-10.3383627124689,-2.59055499496751,0,Malignant cells,Malignant,Malignant,Patient 1,Patient 1,Tumor,0.486153366097199,0.486153366097199
HCC1_COL1_ROW38,-8.37420370062812,-4.1499474472075,0,Malignant cells,Malignant,Malignant,Patient 1,Patient 1,Tumor,-0.228410952492394,-0.228410952492394
HCC1_COL1_ROW39,-7.36865570029243,-4.1933749145537,0,Malignant cells,Malignant,Malignant,Patient 1,Patient 1,Tumor,0.593260004680552,0.593260004680552
HCC1_COL1_ROW4,-6.96934511145576,-4.10141162338548,0,Malignant cells,Malignant,Malignant,Patient 1,Patient 1,Tumor,0.491614010453234,0.491614010453234
HCC1_COL1_ROW40,-8.79499294241889,-4.18955401840501,0,Malignant cells,Malignant,Malignant,Patient 1,Patient 1,Tumor,-0.215305406037912,-0.215305406037912
HCC1_COL1_ROW5,-8.5708866306208,-4.39481048050218,0,Malignant cells,Malignant,Malignant,Patient 1,Patient 1,Tumor,0.584444964505812,0.584444964505812
HCC1_COL1_ROW6,-8.75559236487373,-3.23495606842333,0,Malignant cells,Malignant,Malignant,Patient 1,Patient 1,Tumor,0.522037600436851,0.522037600436851
HCC1_COL1_ROW7,-9.75577260931953,-4.88308505478197,0,Malignant cells,Malignant,Malignant,Patient 1,Patient 1,Tumor,0.511662376160387,0.511662376160387
HCC1_COL1_ROW8,-8.94042207678779,-2.44870905342394,0,Malignant cells,Malignant,Malignant,Patient 1,Patient 1,Tumor,0.37015367813402,0.37015367813402
HCC1_COL1_ROW9,-10.7060270496271,-3.51748732986742,0,Malignant cells,Malignant,Malignant,Patient 1,Patient 1,Tumor,0.45596380372884,0.45596380372884
HCC1_COL10_ROW1,-9.34414674719794,-3.8414199775725,0,Malignant cells,Malignant,Malignant,Patient 1,Patient 1,Tumor,0.577346126842967,0.577346126842967
HCC1_COL10_ROW10,-9.69523145636543,-3.83146027984911,0,Malignant cells,Malignant,Malignant,Patient 1,Patient 1,Tumor,0.42928465558936,0.42928465558936
HCC1_COL10_ROW11,-10.3629713245295,-4.25246171417528,0,Malignant cells,Malignant,Malignant,Patient 1,Patient 1,Tumor,-0.312036820344801,-0.312036820344801
HCC1_COL10_ROW12,-9.28854658087714,-3.83667449417406,0,Malignant cells,Malignant,Malignant,Patient 1,Patient 1,Tumor,0.478040408768235,0.478040408768235
HCC1_COL10_ROW13,-9.4935989566706,-4.12955407562547,0,Malignant cells,Malignant,Malignant,Patient 1,Patient 1,Tumor,0.380372884000312,0.380372884000312
HCC1_COL10_ROW14,8.63664529839532,-5.36938838424974,4,Immune cells,CD8T,CD8T,Patient 1,Patient 1,Tumor,-0.201731804352914,-0.201731804352914
HCC1_COL10_ROW15,-6.88850976904853,-4.402426523593,0,Malignant cells,Malignant,Malignant,Patient 1,Patient 1,Tumor,-0.197831344098604,-0.197831344098604
HCC1_COL10_ROW16,-8.41826774558051,-4.58462171020799,0,Malignant cells,Malignant,Malignant,Patient 1,Patient 1,Tumor,-0.202511896403776,-0.202511896403776
HCC1_COL10_ROW17,-8.78755666693671,-3.84525184097582,0,Malignant cells,Malignant,Malignant,Patient 1,Patient 1,Tumor,0.514158670723145,0.514158670723145
HCC1_COL10_ROW18,-10.051660556402,-5.35031251373583,0,Malignant cells,Malignant,Malignant,Patient 1,Patient 1,Tumor,0.593260004680552,0.593260004680552
HCC1_COL10_ROW19,-8.28253509482368,-4.46280173721605,0,Malignant cells,Malignant,Malignant,Patient 1,Patient 1,Tumor,0.539355643965988,0.539355643965988
HCC1_COL10_ROW2,-8.97454835852607,-4.22550944748216,0,Malignant cells,Malignant,Malignant,Patient 1,Patient 1,Tumor,0.4816288322022,0.4816288322022
HCC1_COL10_ROW20,-10.2209749408625,-4.53465442123705,0,Malignant cells,Malignant,Malignant,Patient 1,Patient 1,Tumor,0.568843123488571,0.568843123488571
HCC1_COL10_ROW21,-7.21171953162177,-4.55422477188402,0,Malignant cells,Malignant,Malignant,Patient 1,Patient 1,Tumor,0.579842421405726,0.579842421405726
HCC1_COL10_ROW22,-10.0540228076838,-3.5167334503203,0,Malignant cells,Malignant,Malignant,Patient 1,Patient 1,Tumor,0.546064435603401,0.546064435603401
HCC1_COL10_ROW23,-9.65573408087714,-5.27048997345262,0,Malignant cells,Malignant,Malignant,Patient 1,Patient 1,Tumor,0.485217255636165,0.485217255636165
HCC1_COL10_ROW24,-8.80079032858833,-3.6462819999724,0,Malignant cells,Malignant,Malignant,Patient 1,Patient 1,Tumor,0.541071846477884,0.541071846477884
HCC1_COL10_ROW25,-8.17019655188544,-4.44429807129198,0,Malignant cells,Malignant,Malignant,Patient 1,Patient 1,Tumor,0.579530384585381,0.579530384585381
HCC1_COL10_ROW26,-7.42737628897651,-4.38134459915453,0,Malignant cells,Malignant,Malignant,Patient 1,Patient 1,Tumor,0.587331305094001,0.587331305094001
HCC1_COL10_ROW27,-10.453178424444,-3.74651364746385,0,Malignant cells,Malignant,Malignant,Patient 1,Patient 1,Tumor,0.50604571339418,0.50604571339418
HCC1_COL10_ROW28,-9.06434680899604,-4.05285052719408,0,Malignant cells,Malignant,Malignant,Patient 1,Patient 1,Tumor,-0.249941493096185,-0.249941493096185
HCC1_COL10_ROW29,-8.88127233466132,-4.8587220138579,0,Malignant cells,Malignant,Malignant,Patient 1,Patient 1,Tumor,0.429440673999532,0.429440673999532
HCC1_COL10_ROW3,-6.94865228613837,-4.10690049591356,0,Malignant cells,Malignant,Malignant,Patient 1,Patient 1,Tumor,0.567516967002106,0.567516967002106
HCC1_COL10_ROW30,-8.61342622717841,-4.43790320816332,0,Malignant cells,Malignant,Malignant,Patient 1,Patient 1,Tumor,0.574381777049692,0.574381777049692
HCC1_COL10_ROW31,-8.59418441733344,-4.48740844192796,0,Malignant cells,Malignant,Malignant,Patient 1,Patient 1,Tumor,0.456275840549185,0.456275840549185
HCC1_COL10_ROW32,-8.01372625311835,-4.74767140808397,0,Malignant cells,Malignant,Malignant,Patient 1,Patient 1,Tumor,-0.262188938294719,-0.262188938294719
HCC1_COL10_ROW33,-7.31394197424873,-3.58088283005052,0,Malignant cells,Malignant,Malignant,Patient 1,Patient 1,Tumor,0.54856073016616,0.54856073016616
HCC1_COL10_ROW34,-8.4220862575434,-4.77492360534959,0,Malignant cells,Malignant,Malignant,Patient 1,Patient 1,Tumor,0.482954988688665,0.482954988688665
HCC1_COL10_ROW35,-8.74873973807319,-2.71452741089159,0,Malignant cells,Malignant,Malignant,Patient 1,Patient 1,Tumor,-0.29378266635463,-0.29378266635463
HCC1_COL10_ROW36,-7.90079833945258,-4.32707337799364,0,Malignant cells,Malignant,Malignant,Patient 1,Patient 1,Tumor,0.580856541071846,0.580856541071846
HCC1_COL10_ROW37,-10.4968500324152,-4.28726510467821,0,Malignant cells,Malignant,Malignant,Patient 1,Patient 1,Tumor,0.537717450659178,0.537717450659178
HCC1_COL10_ROW38,-9.12118007620795,-2.25327066841417,0,Malignant cells,Malignant,Malignant,Patient 1,Patient 1,Tumor,0.585537093377018,0.585537093377018
HCC1_COL10_ROW39,-10.5720510669611,-3.95096234741502,0,Malignant cells,Malignant,Malignant,Patient 1,Patient 1,Tumor,0.590607691707621,0.590607691707621
HCC1_COL10_ROW4,-6.78768207510932,-4.27002458038622,0,Malignant cells,Malignant,Malignant,Patient 1,Patient 1,Tumor,-0.197441298073173,-0.197441298073173
HCC1_COL10_ROW40,-11.2910022922419,-3.89474610748583,0,Malignant cells,Malignant,Malignant,Patient 1,Patient 1,Tumor,-0.240502379280755,-0.240502379280755
HCC1_COL10_ROW5,-9.7452964969538,-3.95364121856981,0,Malignant cells,Malignant,Malignant,Patient 1,Patient 1,Tumor,0.549964895857711,0.549964895857711
HCC1_COL10_ROW6,-10.2859697528742,-5.38791779938036,0,Malignant cells,Malignant,Malignant,Patient 1,Patient 1,Tumor,0.530306576175989,0.530306576175989
HCC1_COL10_ROW7,-10.1708536334894,-5.42169169845873,0,Malignant cells,Malignant,Malignant,Patient 1,Patient 1,Tumor,0.442078165223496,0.442078165223496
HCC1_COL10_ROW8,-7.24296857794746,-4.2492545074492,0,Malignant cells,Malignant,Malignant,Patient 1,Patient 1,Tumor,0.582650752788829,0.582650752788829
HCC1_COL10_ROW9,-10.4940042682551,-4.2975271171599,0,Malignant cells,Malignant,Malignant,Patient 1,Patient 1,Tumor,0.525391996255558,0.525391996255558
HCC1_COL11_ROW1,-12.7763338275812,-3.65446214142137,9,Malignant cells,Malignant,Malignant,Patient 1,Patient 1,Tumor,0.498634838910992,0.498634838910992
HCC1_COL11_ROW10,-9.96617795905097,-2.48690823974901,0,Malignant cells,Malignant,Malignant,Patient 1,Patient 1,Tumor,0.557141742725642,0.557141742725642
HCC1_COL11_ROW11,-8.50202848395332,-4.48845366897875,0,Malignant cells,Malignant,Malignant,Patient 1,Patient 1,Tumor,0.469849442234184,0.469849442234184
HCC1_COL11_ROW12,-9.70696927985175,-2.86597375335985,0,Malignant cells,Malignant,Malignant,Patient 1,Patient 1,Tumor,0.575317887510726,0.575317887510726
HCC1_COL11_ROW13,-9.50260354956611,-1.8841855949431,0,Malignant cells,Malignant,Malignant,Patient 1,Patient 1,Tumor,0.54629846321866,0.54629846321866
HCC1_COL11_ROW14,2.94452379265801,-1.65195588531786,6,Immune cells,Mono/Macro,Mono/Macro,Patient 1,Patient 1,Tumor,-0.208206568375068,-0.208206568375068
HCC1_COL11_ROW15,-9.11809875449165,-3.19176940384203,0,Malignant cells,Malignant,Malignant,Patient 1,Patient 1,Tumor,0.571885482486933,0.571885482486933
HCC1_COL11_ROW16,-9.47912122687324,-5.49370078506761,0,Malignant cells,Malignant,Malignant,Patient 1,Patient 1,Tumor,0.52617208830642,0.52617208830642
HCC1_COL11_ROW17,-11.8234539218806,-3.69255523147875,9,Malignant cells,Malignant,Malignant,Patient 1,Patient 1,Tumor,0.318121538341524,0.318121538341524
HCC1_COL11_ROW18,-9.56488706549628,-2.93514613571458,0,Malignant cells,Malignant,Malignant,Patient 1,Patient 1,Tumor,0.486933458148061,0.486933458148061
HCC1_COL11_ROW19,-7.01944686850532,-4.40671328964525,0,Malignant cells,Malignant,Malignant,Patient 1,Patient 1,Tumor,0.598018566190811,0.598018566190811
HCC1_COL11_ROW2,-8.03458406409248,-5.48475484314256,0,Malignant cells,Malignant,Malignant,Patient 1,Patient 1,Tumor,0.472267727591856,0.472267727591856
HCC1_COL11_ROW20,-6.60632087668403,-4.41618232193285,0,Malignant cells,Malignant,Malignant,Patient 1,Patient 1,Tumor,-0.190654497230673,-0.190654497230673
HCC1_COL11_ROW21,-8.88796426733955,-5.62552813949876,0,Malignant cells,Malignant,Malignant,Patient 1,Patient 1,Tumor,0.540915828067712,0.540915828067712
HCC1_COL11_ROW22,-8.0766763873957,-3.29606561127,0,Malignant cells,Malignant,Malignant,Patient 1,Patient 1,Tumor,-0.236211873001014,-0.236211873001014
HCC1_COL11_ROW23,-9.8114814945124,-2.1478038257628,0,Malignant cells,Malignant,Malignant,Patient 1,Patient 1,Tumor,0.544504251501677,0.544504251501677
HCC1_COL11_ROW24,-12.3584346958063,-3.82625655594164,0,Malignant cells,Malignant,Malignant,Patient 1,Patient 1,Tumor,-0.256338247913254,-0.256338247913254
HCC1_COL11_ROW25,-10.058839816656,-3.3793666786223,0,Malignant cells,Malignant,Malignant,Patient 1,Patient 1,Tumor,0.573523675793744,0.573523675793744
HCC1_COL11_ROW26,-8.24052383383735,-5.19976596298509,0,Malignant cells,Malignant,Malignant,Patient 1,Patient 1,Tumor,0.50276932678056,0.50276932678056
HCC1_COL11_ROW27,-10.1708021350764,-2.58893565597826,0,Malignant cells,Malignant,Malignant,Patient 1,Patient 1,Tumor,0.558623917622279,0.558623917622279
HCC1_COL11_ROW28,-8.0244302936457,-5.05394486847215,0,Malignant cells,Malignant,Malignant,Patient 1,Patient 1,Tumor,0.37959279194945,0.37959279194945
HCC1_COL11_ROW29,-9.3805675693415,-1.8892817920714,0,Malignant cells,Malignant,Malignant,Patient 1,Patient 1,Tumor,0.572743583742882,0.572743583742882
HCC1_COL11_ROW3,-9.14072658499702,-6.32125691833788,0,Malignant cells,Malignant,Malignant,Patient 1,Patient 1,Tumor,0.57461580466495,0.57461580466495
HCC1_COL11_ROW30,-9.24927522620185,-2.33713917198473,0,Malignant cells,Malignant,Malignant,Patient 1,Patient 1,Tumor,0.563148451517279,0.563148451517279
HCC1_COL11_ROW31,-9.67497446021064,-3.42796401443773,0,Malignant cells,Malignant,Malignant,Patient 1,Patient 1,Tumor,0.278804898978079,0.278804898978079
HCC1_COL11_ROW32,-10.33830549201,-4.05997542801195,0,Malignant cells,Malignant,Malignant,Patient 1,Patient 1,Tumor,0.441688119198065,0.441688119198065
HCC1_COL11_ROW33,-9.16883518179877,-6.27227668228441,0,Malignant cells,Malignant,Malignant,Patient 1,Patient 1,Tumor,-0.233949606053514,-0.233949606053514
HCC1_COL11_ROW34,-9.17304756125434,-3.10601739349657,0,Malignant cells,Malignant,Malignant,Patient 1,Patient 1,Tumor,-0.264763242062563,-0.264763242062563
HCC1_COL11_ROW35,-1.1872552335821,7.71327372131056,10,Malignant cells,Malignant,Malignant,Patient 1,Patient 1,Tumor,-0.345580778531867,-0.345580778531867
HCC1_COL11_ROW36,-7.75178195914252,-4.21661166611009,0,Malignant cells,Malignant,Malignant,Patient 1,Patient 1,Tumor,0.512598486621421,0.512598486621421
HCC1_COL11_ROW37,-9.76004125555976,-3.63994864883714,0,Malignant cells,Malignant,Malignant,Patient 1,Patient 1,Tumor,0.538107496684609,0.538107496684609
HCC1_COL11_ROW38,-9.36406423529609,-4.60744885864549,0,Malignant cells,Malignant,Malignant,Patient 1,Patient 1,Tumor,0.509400109212887,0.509400109212887
HCC1_COL11_ROW39,-9.85193826636298,-3.59652022781664,0,Malignant cells,Malignant,Malignant,Patient 1,Patient 1,Tumor,0.395428660581949,0.395428660581949
HCC1_COL11_ROW4,-8.96454956015571,-6.16170339050584,0,Malignant cells,Malignant,Malignant,Patient 1,Patient 1,Tumor,0.527732272408144,0.527732272408144
HCC1_COL11_ROW40,-10.020974177923,-4.48499040069872,0,Malignant cells,Malignant,Malignant,Patient 1,Patient 1,Tumor,0.336609719946954,0.336609719946954
HCC1_COL11_ROW5,-9.05051042517646,-6.18970469894701,0,Malignant cells,Malignant,Malignant,Patient 1,Patient 1,Tumor,0.576644043997192,0.576644043997192
HCC1_COL11_ROW6,-8.55203582724555,-5.78320340576463,0,Malignant cells,Malignant,Malignant,Patient 1,Patient 1,Tumor,0.405725875653327,0.405725875653327
HCC1_COL11_ROW7,5.87457798043267,-7.71196011963182,8,Stromal cells,Tprolif,Tprolif,Patient 1,Patient 1,Tumor,-0.249317419455496,-0.249317419455496
HCC1_COL11_ROW8,-7.29264690360053,-5.15724305572801,0,Malignant cells,Malignant,Malignant,Patient 1,Patient 1,Tumor,-0.191980653717139,-0.191980653717139
HCC1_COL11_ROW9,-7.14010765036567,-4.25739268722826,0,Malignant cells,Malignant,Malignant,Patient 1,Patient 1,Tumor,-0.198455417739293,-0.198455417739293
HCC1_COL12_ROW1,-9.04131891211494,-4.60252742233568,0,Malignant cells,Malignant,Malignant,Patient 1,Patient 1,Tumor,0.581870660737967,0.581870660737967
HCC1_COL12_ROW10,-8.26952793082221,-4.56580428543382,0,Malignant cells,Malignant,Malignant,Patient 1,Patient 1,Tumor,-0.237460020282393,-0.237460020282393
HCC1_COL12_ROW11,-9.43180276831611,-4.7628329223662,0,Malignant cells,Malignant,Malignant,Patient 1,Patient 1,Tumor,0.489663780326079,0.489663780326079
HCC1_COL12_ROW12,-8.12890436133369,-4.45279387893968,0,Malignant cells,Malignant,Malignant,Patient 1,Patient 1,Tumor,-0.206490365863172,-0.206490365863172
HCC1_COL12_ROW13,-9.08886339148505,-3.39069537582689,0,Malignant cells,Malignant,Malignant,Patient 1,Patient 1,Tumor,-0.266401435369374,-0.266401435369374
HCC1_COL12_ROW14,-9.14107658347114,-5.02746371689134,0,Malignant cells,Malignant,Malignant,Patient 1,Patient 1,Tumor,-0.250409548326703,-0.250409548326703
HCC1_COL12_ROW15,-7.08739854773505,-3.99176673355394,0,Malignant cells,Malignant,Malignant,Patient 1,Patient 1,Tumor,-0.202667914813948,-0.202667914813948
HCC1_COL12_ROW16,-7.03596450766547,-4.32446746292406,0,Malignant cells,Malignant,Malignant,Patient 1,Patient 1,Tumor,-0.210702862937827,-0.210702862937827
HCC1_COL12_ROW17,-9.07792140921577,-4.48336200180345,0,Malignant cells,Malignant,Malignant,Patient 1,Patient 1,Tumor,0.547624619705125,0.547624619705125
HCC1_COL12_ROW18,-9.89062215765937,-4.17908315124803,0,Malignant cells,Malignant,Malignant,Patient 1,Patient 1,Tumor,0.481862859817458,0.481862859817458
HCC1_COL12_ROW19,-9.49254133185371,-4.13531999054247,0,Malignant cells,Malignant,Malignant,Patient 1,Patient 1,Tumor,0.488103596224355,0.488103596224355
HCC1_COL12_ROW2,-8.36559822043403,-5.57846049728685,0,Malignant cells,Malignant,Malignant,Patient 1,Patient 1,Tumor,-0.2340276152586,-0.2340276152586
HCC1_COL12_ROW20,-8.25650503119453,-4.95225505295091,0,Malignant cells,Malignant,Malignant,Patient 1,Patient 1,Tumor,0.581090568687105,0.581090568687105
HCC1_COL12_ROW21,-7.67117263754829,-4.70450047912889,0,Malignant cells,Malignant,Malignant,Patient 1,Patient 1,Tumor,-0.202277868788517,-0.202277868788517
HCC1_COL12_ROW22,-11.1709385105036,-3.78699044647508,0,Malignant cells,Malignant,Malignant,Patient 1,Patient 1,Tumor,0.50339340042125,0.50339340042125
HCC1_COL12_ROW23,-10.8262624927424,-4.51766137543016,0,Malignant cells,Malignant,Malignant,Patient 1,Patient 1,Tumor,0.431546922536859,0.431546922536859
HCC1_COL12_ROW24,-9.1204676814936,-3.67626742782884,0,Malignant cells,Malignant,Malignant,Patient 1,Patient 1,Tumor,-0.236133863795928,-0.236133863795928
HCC1_COL12_ROW25,-7.7198271938227,-3.61728362503343,0,Malignant cells,Malignant,Malignant,Patient 1,Patient 1,Tumor,-0.217021608549809,-0.217021608549809
HCC1_COL12_ROW26,-8.44407417258247,-4.61979512634569,0,Malignant cells,Malignant,Malignant,Patient 1,Patient 1,Tumor,-0.252125750838599,-0.252125750838599
HCC1_COL12_ROW27,-7.69304515799506,-4.88373736801439,0,Malignant cells,Malignant,Malignant,Patient 1,Patient 1,Tumor,0.551135033934004,0.551135033934004
HCC1_COL12_ROW28,-10.387995738592,-5.00944165649706,0,Malignant cells,Malignant,Malignant,Patient 1,Patient 1,Tumor,0.566502847335985,0.566502847335985
HCC1_COL12_ROW29,-10.3037185855769,-3.95670775833421,0,Malignant cells,Malignant,Malignant,Patient 1,Patient 1,Tumor,-0.24861533660972,-0.24861533660972
HCC1_COL12_ROW3,-9.17298366507514,-3.29992894592577,0,Malignant cells,Malignant,Malignant,Patient 1,Patient 1,Tumor,0.550979015523832,0.550979015523832
HCC1_COL12_ROW30,-9.98601819952949,-4.00556878509813,0,Malignant cells,Malignant,Malignant,Patient 1,Patient 1,Tumor,-0.322880099851782,-0.322880099851782
HCC1_COL12_ROW31,-10.4009208866022,-4.43604306640917,0,Malignant cells,Malignant,Malignant,Patient 1,Patient 1,Tumor,-0.280365083079803,-0.280365083079803
HCC1_COL12_ROW32,-10.2366428562067,-4.51619891586595,0,Malignant cells,Malignant,Malignant,Patient 1,Patient 1,Tumor,-0.244870894765582,-0.244870894765582
HCC1_COL12_ROW33,-9.6831684299372,-5.96300248565965,0,Malignant cells,Malignant,Malignant,Patient 1,Patient 1,Tumor,0.386223574381777,0.386223574381777
HCC1_COL12_ROW34,-12.3407716937922,-3.5356748527556,9,Malignant cells,Malignant,Malignant,Patient 1,Patient 1,Tumor,-0.29768312660894,-0.29768312660894
HCC1_COL12_ROW35,-8.441480655279,-5.0155971473723,0,Malignant cells,Malignant,Malignant,Patient 1,Patient 1,Tumor,-0.197363288868086,-0.197363288868086
HCC1_COL12_ROW36,-9.58736230811103,-5.77673844757372,0,Malignant cells,Malignant,Malignant,Patient 1,Patient 1,Tumor,-0.254622045401357,-0.254622045401357
HCC1_COL12_ROW37,-8.4927239604853,-4.68076161804491,0,Malignant cells,Malignant,Malignant,Patient 1,Patient 1,Tumor,-0.231297293080584,-0.231297293080584
HCC1_COL12_ROW38,-10.4553508945368,-4.99999026718431,0,Malignant cells,Malignant,Malignant,Patient 1,Patient 1,Tumor,0.274202355877994,0.274202355877994
HCC1_COL12_ROW39,-13.0967064090632,-3.50918082657152,9,Malignant cells,Malignant,Malignant,Patient 1,Patient 1,Tumor,-0.284499570949372,-0.284499570949372
HCC1_COL12_ROW4,-9.6206216998957,-4.16257123413377,0,Malignant cells,Malignant,Malignant,Patient 1,Patient 1,Tumor,0.403931663936345,0.403931663936345
HCC1_COL12_ROW40,-9.17566587409003,-4.33632974090868,0,Malignant cells,Malignant,Malignant,Patient 1,Patient 1,Tumor,-0.259848662142133,-0.259848662142133
HCC1_COL12_ROW5,-9.35898878058418,-5.38683061065965,0,Malignant cells,Malignant,Malignant,Patient 1,Patient 1,Tumor,0.517669084952024,0.517669084952024
HCC1_COL12_ROW6,-7.84902288397773,-4.8310096687346,0,Malignant cells,Malignant,Malignant,Patient 1,Patient 1,Tumor,-0.22848896169748,-0.22848896169748
HCC1_COL12_ROW7,-10.5163297840021,-4.63329581680589,0,Malignant cells,Malignant,Malignant,Patient 1,Patient 1,Tumor,0.550901006318746,0.550901006318746
HCC1_COL12_ROW8,-9.66997529944404,-3.57614259186083,0,Malignant cells,Malignant,Malignant,Patient 1,Patient 1,Tumor,0.527966300023403,0.527966300023403
HCC1_COL12_ROW9,-8.04043867072089,-4.96298436584764,0,Malignant cells,Malignant,Malignant,Patient 1,Patient 1,Tumor,-0.217177626959981,-0.217177626959981
HCC1_COL13_ROW1,-8.00103332480415,-3.3276522583037,0,Malignant cells,Malignant,Malignant,Patient 1,Patient 1,Tumor,0.425540213745222,0.425540213745222
HCC1_COL13_ROW10,-10.3265466876887,-2.64777402344042,0,Malignant cells,Malignant,Malignant,Patient 1,Patient 1,Tumor,0.58467899212107,0.58467899212107
HCC1_COL13_ROW11,-8.79620410880073,-5.79577855530077,0,Malignant cells,Malignant,Malignant,Patient 1,Patient 1,Tumor,0.586005148607536,0.586005148607536
HCC1_COL13_ROW12,-9.83998109778388,-2.21280054512315,0,Malignant cells,Malignant,Malignant,Patient 1,Patient 1,Tumor,0.585849130197363,0.585849130197363
HCC1_COL13_ROW13,-9.25862791022285,-2.83677987518602,0,Malignant cells,Malignant,Malignant,Patient 1,Patient 1,Tumor,0.58366487245495,0.58366487245495
HCC1_COL13_ROW14,-5.90016509970649,-1.40904478493028,9,Malignant cells,Malignant,Malignant,Patient 1,Patient 1,Tumor,-0.22973710897886,-0.22973710897886
HCC1_COL13_ROW15,2.53160927811639,-1.2272203392058,6,Immune cells,Mono/Macro,Mono/Macro,Patient 1,Patient 1,Tumor,-0.192994773383259,-0.192994773383259
HCC1_COL13_ROW16,-10.0894012637995,-3.25047807159715,0,Malignant cells,Malignant,Malignant,Patient 1,Patient 1,Tumor,-0.351041422887901,-0.351041422887901
HCC1_COL13_ROW17,-9.10682012518867,-5.36202029648119,0,Malignant cells,Malignant,Malignant,Patient 1,Patient 1,Tumor,-0.212419065449723,-0.212419065449723
HCC1_COL13_ROW18,2.79936645546929,-1.45279817047411,6,Immune cells,Mono/Macro,Mono/Macro,Patient 1,Patient 1,Tumor,-0.202901942429207,-0.202901942429207
HCC1_COL13_ROW19,-6.84027625998481,-4.08263663711839,0,Malignant cells,Malignant,Malignant,Patient 1,Patient 1,Tumor,0.55347531008659,0.55347531008659
HCC1_COL13_ROW2,-13.0507106967829,-3.50898198547655,9,Malignant cells,Malignant,Malignant,Patient 1,Patient 1,Tumor,0.303923863015836,0.303923863015836
HCC1_COL13_ROW20,-9.44891740759834,-3.93199519577318,0,Malignant cells,Malignant,Malignant,Patient 1,Patient 1,Tumor,0.596770418909431,0.596770418909431
HCC1_COL13_ROW21,-7.41318704565986,-4.461668295291,0,Malignant cells,Malignant,Malignant,Patient 1,Patient 1,Tumor,0.495826507527888,0.495826507527888
HCC1_COL13_ROW22,-8.08411743124946,-5.55829600754076,0,Malignant cells,Malignant,Malignant,Patient 1,Patient 1,Tumor,0.516186910055386,0.516186910055386
HCC1_COL13_ROW23,-10.2001962848566,-3.97505406799608,0,Malignant cells,Malignant,Malignant,Patient 1,Patient 1,Tumor,0.597862547780638,0.597862547780638
HCC1_COL13_ROW24,-6.7625723071955,-4.23080329361253,0,Malignant cells,Malignant,Malignant,Patient 1,Patient 1,Tumor,-0.181371401825415,-0.181371401825415
HCC1_COL13_ROW25,-10.0186386295222,-2.07859496536546,0,Malignant cells,Malignant,Malignant,Patient 1,Patient 1,Tumor,-0.309228488961697,-0.309228488961697
HCC1_COL13_ROW26,-8.76989223441108,-4.23904733124071,0,Malignant cells,Malignant,Malignant,Patient 1,Patient 1,Tumor,0.569467197129261,0.569467197129261
HCC1_COL13_ROW27,-9.45165826758369,-2.9592531150847,0,Malignant cells,Malignant,Malignant,Patient 1,Patient 1,Tumor,0.507683906700991,0.507683906700991
HCC1_COL13_ROW28,-8.23053075751289,-4.95158175888353,0,Malignant cells,Malignant,Malignant,Patient 1,Patient 1,Tumor,0.540603791247367,0.540603791247367
HCC1_COL13_ROW29,-7.61908533057197,-4.91491202774339,0,Malignant cells,Malignant,Malignant,Patient 1,Patient 1,Tumor,0.529994539355644,0.529994539355644
HCC1_COL13_ROW3,3.14792917290704,-2.04085211220079,6,Immune cells,Mono/Macro,Mono/Macro,Patient 1,Patient 1,Tumor,0.426788361026601,0.426788361026601
HCC1_COL13_ROW30,-7.35121728857978,-3.91733579101854,0,Malignant cells,Malignant,Malignant,Patient 1,Patient 1,Tumor,-0.246743115687651,-0.246743115687651
HCC1_COL13_ROW31,-3.82408596953376,12.8644988113374,2,Malignant cells,Malignant,Malignant,Patient 1,Patient 1,Tumor,-0.300413448786957,-0.300413448786957
HCC1_COL13_ROW32,-10.8878040500544,-4.2925861305266,0,Malignant cells,Malignant,Malignant,Patient 1,Patient 1,Tumor,0.558233871596848,0.558233871596848
HCC1_COL13_ROW33,-10.3720560260676,-3.6267245239287,0,Malignant cells,Malignant,Malignant,Patient 1,Patient 1,Tumor,0.586707231453311,0.586707231453311
HCC1_COL13_ROW34,-9.02861310919746,-5.07023696365648,0,Malignant cells,Malignant,Malignant,Patient 1,Patient 1,Tumor,0.529526484125127,0.529526484125127
HCC1_COL13_ROW35,-9.45105554541572,-1.91600088539415,0,Malignant cells,Malignant,Malignant,Patient 1,Patient 1,Tumor,0.563616506747796,0.563616506747796
HCC1_COL13_ROW36,-9.58989908179267,-3.4873464530974,0,Malignant cells,Malignant,Malignant,Patient 1,Patient 1,Tumor,0.525001950230127,0.525001950230127
HCC1_COL13_ROW37,2.28408072510735,-1.32313804092699,6,Immune cells,Mono/Macro,Mono/Macro,Patient 1,Patient 1,Tumor,0.582182697558312,0.582182697558312
HCC1_COL13_ROW38,2.11053178826348,-1.17046431961351,6,Immune cells,Mono/Macro,Mono/Macro,Patient 1,Patient 1,Tumor,-0.188548248693346,-0.188548248693346
HCC1_COL13_ROW39,-7.70334484061225,-3.29756955566698,0,Malignant cells,Malignant,Malignant,Patient 1,Patient 1,Tumor,-0.229035026133084,-0.229035026133084
HCC1_COL13_ROW4,-8.76071931799873,-5.83047561111742,0,Malignant cells,Malignant,Malignant,Patient 1,Patient 1,Tumor,0.565566736874951,0.565566736874951
HCC1_COL13_ROW40,-7.95959188422187,-4.31788615646654,0,Malignant cells,Malignant,Malignant,Patient 1,Patient 1,Tumor,0.520165379514783,0.520165379514783
HCC1_COL13_ROW5,-12.6825294681452,-3.77689246597582,9,Malignant cells,Malignant,Malignant,Patient 1,Patient 1,Tumor,-0.265777361728684,-0.265777361728684
HCC1_COL13_ROW6,-9.66405202826484,-3.52348308029466,0,Malignant cells,Malignant,Malignant,Patient 1,Patient 1,Tumor,0.444340432170996,0.444340432170996
HCC1_COL13_ROW7,-9.28057100256904,-5.93824080887132,0,Malignant cells,Malignant,Malignant,Patient 1,Patient 1,Tumor,-0.248537327404634,-0.248537327404634
HCC1_COL13_ROW8,-9.76518060645087,-1.98416451874071,0,Malignant cells,Malignant,Malignant,Patient 1,Patient 1,Tumor,0.537639441454092,0.537639441454092
HCC1_COL13_ROW9,-11.2614412494562,-3.74093083801561,0,Malignant cells,Malignant,Malignant,Patient 1,Patient 1,Tumor,0.354707855526952,0.354707855526952
HCC1_COL14_ROW1,-9.56608011206611,-6.07852248611742,0,Malignant cells,Malignant,Malignant,Patient 1,Patient 1,Tumor,0.567985022232623,0.567985022232623
HCC1_COL14_ROW10,-9.00487710913642,-6.01783160629564,0,Malignant cells,Malignant,Malignant,Patient 1,Patient 1,Tumor,0.444496450581169,0.444496450581169
HCC1_COL14_ROW11,-7.70871593436225,-5.34137467804247,0,Malignant cells,Malignant,Malignant,Patient 1,Patient 1,Tumor,0.504719556907715,0.504719556907715
HCC1_COL14_ROW12,-8.801916617956,-5.43172769012743,0,Malignant cells,Malignant,Malignant,Patient 1,Patient 1,Tumor,0.471331617130821,0.471331617130821
HCC1_COL14_ROW13,-1.15073229750617,7.61671085891432,10,Malignant cells,Malignant,Malignant,Patient 1,Patient 1,Tumor,0.351431468913332,0.351431468913332
HCC1_COL14_ROW14,2.74163530388848,-1.53661922874742,6,Immune cells,Mono/Macro,Mono/Macro,Patient 1,Patient 1,Tumor,-0.206100319837741,-0.206100319837741
HCC1_COL14_ROW15,-8.75137855490668,-5.97350291672044,0,Malignant cells,Malignant,Malignant,Patient 1,Patient 1,Tumor,0.537405413838833,0.537405413838833
HCC1_COL14_ROW16,-10.4488811679743,-3.79939727249437,9,Malignant cells,Malignant,Malignant,Patient 1,Patient 1,Tumor,-0.285123644590062,-0.285123644590062
HCC1_COL14_ROW17,-9.15115549048408,-4.51543788376146,0,Malignant cells,Malignant,Malignant,Patient 1,Patient 1,Tumor,0.488103596224354,0.488103596224354
HCC1_COL14_ROW18,-6.75407793005927,-4.4130466407805,0,Malignant cells,Malignant,Malignant,Patient 1,Patient 1,Tumor,-0.196973242842655,-0.196973242842655
HCC1_COL14_ROW19,-9.00293113669379,-5.08166675033861,0,Malignant cells,Malignant,Malignant,Patient 1,Patient 1,Tumor,0.575785942741243,0.575785942741243
HCC1_COL14_ROW2,-5.93212987860664,-1.44201783600145,9,Malignant cells,Malignant,Malignant,Patient 1,Patient 1,Tumor,0.295342850456354,0.295342850456354
HCC1_COL14_ROW20,-9.39008619269355,-5.83599070968919,0,Malignant cells,Malignant,Malignant,Patient 1,Patient 1,Tumor,0.579608393790467,0.579608393790467
HCC1_COL14_ROW21,-8.75713159522041,-5.8338606781035,0,Malignant cells,Malignant,Malignant,Patient 1,Patient 1,Tumor,0.533660971994695,0.533660971994695
HCC1_COL14_ROW22,-10.5608282276057,-3.43970755996996,0,Malignant cells,Malignant,Malignant,Patient 1,Patient 1,Tumor,-0.284889616974803,-0.284889616974803
HCC1_COL14_ROW23,-10.3186369129084,-3.28609685364061,0,Malignant cells,Malignant,Malignant,Patient 1,Patient 1,Tumor,0.525391996255558,0.525391996255558
HCC1_COL14_ROW24,-7.18428041419013,-4.55147580566698,0,Malignant cells,Malignant,Malignant,Patient 1,Patient 1,Tumor,0.46930337779858,0.46930337779858
HCC1_COL14_ROW25,-7.81567098578437,-3.3209531730681,0,Malignant cells,Malignant,Malignant,Patient 1,Patient 1,Tumor,0.556907715110383,0.556907715110383
HCC1_COL14_ROW26,-9.63389017065986,-2.01057867470079,0,Malignant cells,Malignant,Malignant,Patient 1,Patient 1,Tumor,0.600982915984086,0.600982915984086
HCC1_COL14_ROW27,-9.26541234930976,-2.14078907432848,0,Malignant cells,Malignant,Malignant,Patient 1,Patient 1,Tumor,0.455807785318668,0.455807785318668
HCC1_COL14_ROW28,-8.85479547461494,-2.25581769409471,0,Malignant cells,Malignant,Malignant,Patient 1,Patient 1,Tumor,0.586083157812622,0.586083157812622
HCC1_COL14_ROW29,-8.51167346915229,-5.16051034393602,0,Malignant cells,Malignant,Malignant,Patient 1,Patient 1,Tumor,0.462204540135736,0.462204540135736
HCC1_COL14_ROW3,8.99928186455743,-4.78608540954881,4,Immune cells,CD8T,CD8T,Patient 1,Patient 1,Tumor,0.379514782744364,0.379514782744364
HCC1_COL14_ROW30,-7.68403150519355,-5.27619723739916,0,Malignant cells,Malignant,Malignant,Patient 1,Patient 1,Tumor,0.548326702550901,0.548326702550901
HCC1_COL14_ROW31,-8.9702744670771,-2.95675830307298,0,Malignant cells,Malignant,Malignant,Patient 1,Patient 1,Tumor,-0.269209766752477,-0.269209766752477
HCC1_COL14_ROW32,-10.1727504917048,-2.22080497207933,0,Malignant cells,Malignant,Malignant,Patient 1,Patient 1,Tumor,0.413916842187378,0.413916842187378
HCC1_COL14_ROW33,-12.6105060764216,-3.69538335266405,9,Malignant cells,Malignant,Malignant,Patient 1,Patient 1,Tumor,0.467743193696856,0.467743193696856
HCC1_COL14_ROW34,-12.8856010623835,-3.59197978439623,9,Malignant cells,Malignant,Malignant,Patient 1,Patient 1,Tumor,0.551447070754349,0.551447070754349
HCC1_COL14_ROW35,-9.86880495032294,-3.15438012543016,0,Malignant cells,Malignant,Malignant,Patient 1,Patient 1,Tumor,0.590997737733052,0.590997737733052
HCC1_COL14_ROW36,-9.26793195685371,-3.00293092193895,0,Malignant cells,Malignant,Malignant,Patient 1,Patient 1,Tumor,0.584757001326156,0.584757001326156
HCC1_COL14_ROW37,-5.83790447195991,-1.33735064926439,9,Malignant cells,Malignant,Malignant,Patient 1,Patient 1,Tumor,-0.274202355877994,-0.274202355877994
HCC1_COL14_ROW38,-8.39279748877509,-4.70835666122728,0,Malignant cells,Malignant,Malignant,Patient 1,Patient 1,Tumor,-0.192760745768001,-0.192760745768001
HCC1_COL14_ROW39,-9.64998533209785,-2.6777966445952,0,Malignant cells,Malignant,Malignant,Patient 1,Patient 1,Tumor,-0.295030813636009,-0.295030813636009
HCC1_COL14_ROW4,-9.77466012915595,-1.96222714844042,0,Malignant cells,Malignant,Malignant,Patient 1,Patient 1,Tumor,0.471799672361339,0.471799672361339
HCC1_COL14_ROW40,-5.88586856802924,-1.36479286613756,9,Malignant cells,Malignant,Malignant,Patient 1,Patient 1,Tumor,-0.241516498946876,-0.241516498946876
HCC1_COL14_ROW5,-1.22587327478452,7.76183577117628,10,Malignant cells,Malignant,Malignant,Patient 1,Patient 1,Tumor,0.243856775099462,0.243856775099462
HCC1_COL14_ROW6,2.68596981087701,-1.43022398414903,6,Immune cells,Mono/Macro,Mono/Macro,Patient 1,Patient 1,Tumor,0.509244090802715,0.509244090802715
HCC1_COL14_ROW7,-12.9844627567194,-3.52922133865648,9,Malignant cells,Malignant,Malignant,Patient 1,Patient 1,Tumor,0.583352835634605,0.583352835634605
HCC1_COL14_ROW8,-8.21045114478095,-5.11028174820238,0,Malignant cells,Malignant,Malignant,Patient 1,Patient 1,Tumor,0.459942273188236,0.459942273188236
HCC1_COL14_ROW9,8.43860815087334,-5.38968257370287,4,Immune cells,CD8T,CD8T,Patient 1,Patient 1,Tumor,-0.254388017786099,-0.254388017786099
HCC1_COL15_ROW1,-8.19865419348701,-5.08581857147508,0,Malignant cells,Malignant,Malignant,Patient 1,Patient 1,Tumor,0.411732584444964,0.411732584444964
HCC1_COL15_ROW10,-10.3002996631525,-4.43715934219652,0,Malignant cells,Malignant,Malignant,Patient 1,Patient 1,Tumor,-0.22521257508386,-0.22521257508386
HCC1_COL15_ROW11,-10.8078327365778,-4.40971593323045,0,Malignant cells,Malignant,Malignant,Patient 1,Patient 1,Tumor,-0.298385209454716,-0.298385209454716
HCC1_COL15_ROW12,-8.17136623343452,-5.02153090896898,0,Malignant cells,Malignant,Malignant,Patient 1,Patient 1,Tumor,-0.220454013573602,-0.220454013573602
HCC1_COL15_ROW13,-8.99669649085029,-4.9870326942473,0,Malignant cells,Malignant,Malignant,Patient 1,Patient 1,Tumor,-0.242764646228255,-0.242764646228255
HCC1_COL15_ROW14,-7.60252477606757,-4.20778016510301,0,Malignant cells,Malignant,Malignant,Patient 1,Patient 1,Tumor,0.421951790311257,0.421951790311257
HCC1_COL15_ROW15,-7.18988420447333,-4.35664967956834,0,Malignant cells,Malignant,Malignant,Patient 1,Patient 1,Tumor,0.460020282393322,0.460020282393322
HCC1_COL15_ROW16,-8.93233539542182,-5.29457978668504,0,Malignant cells,Malignant,Malignant,Patient 1,Patient 1,Tumor,0.4793665652547,0.4793665652547
HCC1_COL15_ROW17,-9.34060670813544,-5.44409112396532,0,Malignant cells,Malignant,Malignant,Patient 1,Patient 1,Tumor,0.496762617988923,0.496762617988923
HCC1_COL15_ROW18,-9.48539545020087,-3.72813491287523,0,Malignant cells,Malignant,Malignant,Patient 1,Patient 1,Tumor,0.519385287463921,0.519385287463921
HCC1_COL15_ROW19,-9.64455224951728,-4.0703919357329,0,Malignant cells,Malignant,Malignant,Patient 1,Patient 1,Tumor,-0.262656993525236,-0.262656993525236
HCC1_COL15_ROW2,-9.4519615360163,-2.2799158519774,0,Malignant cells,Malignant,Malignant,Patient 1,Patient 1,Tumor,-0.317965519931352,-0.317965519931352
HCC1_COL15_ROW20,-9.19415571173652,-4.10791568222337,0,Malignant cells,Malignant,Malignant,Patient 1,Patient 1,Tumor,0.597706529370466,0.597706529370466
HCC1_COL15_ROW21,-7.7589364238642,-4.76037291946703,0,Malignant cells,Malignant,Malignant,Patient 1,Patient 1,Tumor,0.420313597004446,0.420313597004446
HCC1_COL15_ROW22,-10.3878917880915,-3.46614770355516,0,Malignant cells,Malignant,Malignant,Patient 1,Patient 1,Tumor,0.367111319135658,0.367111319135658
HCC1_COL15_ROW23,-9.70973970374091,-3.46186809006029,0,Malignant cells,Malignant,Malignant,Patient 1,Patient 1,Tumor,0.525235977845386,0.525235977845386
HCC1_COL15_ROW24,-9.02276374777778,-2.31386475029283,0,Malignant cells,Malignant,Malignant,Patient 1,Patient 1,Tumor,0.543490131835557,0.543490131835557
HCC1_COL15_ROW25,-11.4609661289118,-3.4662054008513,9,Malignant cells,Malignant,Malignant,Patient 1,Patient 1,Tumor,-0.347140962633591,-0.347140962633591
HCC1_COL15_ROW26,-7.38849737128242,-4.31735829773241,0,Malignant cells,Malignant,Malignant,Patient 1,Patient 1,Tumor,-0.192136672127311,-0.192136672127311
HCC1_COL15_ROW27,-7.41564609488471,-3.48605851593309,0,Malignant cells,Malignant,Malignant,Patient 1,Patient 1,Tumor,-0.234105624463687,-0.234105624463687
HCC1_COL15_ROW28,-10.217076320257,-3.02674560013109,0,Malignant cells,Malignant,Malignant,Patient 1,Patient 1,Tumor,-0.274436383493252,-0.274436383493252
HCC1_COL15_ROW29,-7.31337215384467,-3.80465297165208,0,Malignant cells,Malignant,Malignant,Patient 1,Patient 1,Tumor,0.572743583742882,0.572743583742882
HCC1_COL15_ROW3,-9.32598688086494,-3.81725673141771,0,Malignant cells,Malignant,Malignant,Patient 1,Patient 1,Tumor,-0.247211170918168,-0.247211170918168
HCC1_COL15_ROW30,-10.4541979022883,-3.66247157516771,0,Malignant cells,Malignant,Malignant,Patient 1,Patient 1,Tumor,0.342694437943677,0.342694437943677
HCC1_COL15_ROW31,-9.70814420660957,-2.29168776932054,0,Malignant cells,Malignant,Malignant,Patient 1,Patient 1,Tumor,0.429830720024963,0.429830720024963
HCC1_COL15_ROW32,-9.50951673468574,-3.23582629623705,0,Malignant cells,Malignant,Malignant,Patient 1,Patient 1,Tumor,0.44878695686091,0.44878695686091
HCC1_COL15_ROW33,-13.2548647113703,-3.49365500870042,9,Malignant cells,Malignant,Malignant,Patient 1,Patient 1,Tumor,0.49824479288556,0.49824479288556
HCC1_COL15_ROW34,-7.9401149936579,-5.16723517837816,0,Malignant cells,Malignant,Malignant,Patient 1,Patient 1,Tumor,0.488571651454872,0.488571651454872
HCC1_COL15_ROW35,-9.55734254797919,-5.4679053253203,0,Malignant cells,Malignant,Malignant,Patient 1,Patient 1,Tumor,-0.269365785162649,-0.269365785162649
HCC1_COL15_ROW36,-8.01042081793769,-5.05114726486498,0,Malignant cells,Malignant,Malignant,Patient 1,Patient 1,Tumor,0.462984632186598,0.462984632186598
HCC1_COL15_ROW37,-9.57217504462226,-2.47866825523668,0,Malignant cells,Malignant,Malignant,Patient 1,Patient 1,Tumor,0.30095951322256,0.30095951322256
HCC1_COL15_ROW38,-9.61842061957343,-3.40792016449266,0,Malignant cells,Malignant,Malignant,Patient 1,Patient 1,Tumor,0.576722053202278,0.576722053202278
HCC1_COL15_ROW39,-8.89947654685004,-2.93813733520799,0,Malignant cells,Malignant,Malignant,Patient 1,Patient 1,Tumor,-0.29378266635463,-0.29378266635463
HCC1_COL15_ROW4,-10.2605266757868,-2.85170392456346,0,Malignant cells,Malignant,Malignant,Patient 1,Patient 1,Tumor,0.534051018020126,0.534051018020126
HCC1_COL15_ROW40,-9.85558320960029,-4.4163105911284,0,Malignant cells,Malignant,Malignant,Patient 1,Patient 1,Tumor,0.566112801310554,0.566112801310554
HCC1_COL15_ROW5,-8.89087726553901,-4.92146233978563,0,Malignant cells,Malignant,Malignant,Patient 1,Patient 1,Tumor,-0.210000780092051,-0.210000780092051
HCC1_COL15_ROW6,-8.72998477896674,-3.69484214248949,0,Malignant cells,Malignant,Malignant,Patient 1,Patient 1,Tumor,0.439503861455652,0.439503861455652
HCC1_COL15_ROW7,-8.75880243262275,-5.3831074661284,0,Malignant cells,Malignant,Malignant,Patient 1,Patient 1,Tumor,0.478820500819097,0.478820500819097
HCC1_COL15_ROW8,-10.609955806341,-4.30010585251146,0,Malignant cells,Malignant,Malignant,Patient 1,Patient 1,Tumor,0.328028707387472,0.328028707387472
HCC1_COL15_ROW9,-9.56193162878974,-2.71312050285631,0,Malignant cells,Malignant,Malignant,Patient 1,Patient 1,Tumor,0.551603089164521,0.551603089164521
HCC1_COL16_ROW1,-10.3395195194147,-2.43294243278795,0,Malignant cells,Malignant,Malignant,Patient 1,Patient 1,Tumor,-0.307356268039629,-0.307356268039629
HCC1_COL16_ROW10,-7.97087718924506,-3.89368609848314,0,Malignant cells,Malignant,Malignant,Patient 1,Patient 1,Tumor,-0.234339652078945,-0.234339652078945
HCC1_COL16_ROW11,-8.21842719992622,-4.44630174103075,0,Malignant cells,Malignant,Malignant,Patient 1,Patient 1,Tumor,0.421951790311257,0.421951790311257
HCC1_COL16_ROW12,-7.61885835608466,-4.66428260269457,0,Malignant cells,Malignant,Malignant,Patient 1,Patient 1,Tumor,-0.189172322334035,-0.189172322334035
HCC1_COL16_ROW13,-10.0837621875666,-5.45718697967821,0,Malignant cells,Malignant,Malignant,Patient 1,Patient 1,Tumor,0.515484827209611,0.515484827209611
HCC1_COL16_ROW14,-7.98750783881171,-5.03248004379564,0,Malignant cells,Malignant,Malignant,Patient 1,Patient 1,Tumor,0.494266323426164,0.494266323426164
HCC1_COL16_ROW15,-9.31427576025947,-4.56385306778246,0,Malignant cells,Malignant,Malignant,Patient 1,Patient 1,Tumor,-0.250019502301272,-0.250019502301272
HCC1_COL16_ROW16,-10.3287830539606,-3.30111579361253,0,Malignant cells,Malignant,Malignant,Patient 1,Patient 1,Tumor,0.588501443170294,0.588501443170294
HCC1_COL16_ROW17,-9.76144983252509,-3.23328809204393,0,Malignant cells,Malignant,Malignant,Patient 1,Patient 1,Tumor,0.338013885638505,0.338013885638505
HCC1_COL16_ROW18,-9.55471994360908,-5.43702821197801,0,Malignant cells,Malignant,Malignant,Patient 1,Patient 1,Tumor,-0.259380606911616,-0.259380606911616
HCC1_COL16_ROW19,-7.91786481818183,-4.8388827270537,0,Malignant cells,Malignant,Malignant,Patient 1,Patient 1,Tumor,-0.19892347296981,-0.19892347296981
HCC1_COL16_ROW2,-9.82749654730781,-3.21796969833666,0,Malignant cells,Malignant,Malignant,Patient 1,Patient 1,Tumor,-0.30384585381075,-0.30384585381075
HCC1_COL16_ROW20,-9.47650529822334,-3.71229390564256,0,Malignant cells,Malignant,Malignant,Patient 1,Patient 1,Tumor,-0.259614634526874,-0.259614634526874
HCC1_COL16_ROW21,-8.02062847098335,-4.2485449737578,0,Malignant cells,Malignant,Malignant,Patient 1,Patient 1,Tumor,0.551759107574694,0.551759107574694
HCC1_COL16_ROW22,-10.0316009708308,-3.61595420303636,0,Malignant cells,Malignant,Malignant,Patient 1,Patient 1,Tumor,0.507059833060301,0.507059833060301
HCC1_COL16_ROW23,-9.47230150183662,-2.16302089157396,0,Malignant cells,Malignant,Malignant,Patient 1,Patient 1,Tumor,0.486777439737889,0.486777439737889
HCC1_COL16_ROW24,-8.78824140509589,-5.27396659317308,0,Malignant cells,Malignant,Malignant,Patient 1,Patient 1,Tumor,-0.235197753334894,-0.235197753334894
HCC1_COL16_ROW25,-9.00999071082099,-2.61229304733568,0,Malignant cells,Malignant,Malignant,Patient 1,Patient 1,Tumor,0.501287151883922,0.501287151883922
HCC1_COL16_ROW26,-8.78333284338935,-3.78698329391771,0,Malignant cells,Malignant,Malignant,Patient 1,Patient 1,Tumor,0.552929245650987,0.552929245650987
HCC1_COL16_ROW27,-7.1192298122309,-4.52730540695482,0,Malignant cells,Malignant,Malignant,Patient 1,Patient 1,Tumor,-0.192058662922225,-0.192058662922225
HCC1_COL16_ROW28,-10.1071644016169,-4.49576310577684,0,Malignant cells,Malignant,Malignant,Patient 1,Patient 1,Tumor,-0.272564162571183,-0.272564162571183
HCC1_COL16_ROW29,-9.33926393469794,-2.27049569549852,0,Malignant cells,Malignant,Malignant,Patient 1,Patient 1,Tumor,0.4793665652547,0.4793665652547
HCC1_COL16_ROW3,-9.03273632010444,-3.21616391601854,0,Malignant cells,Malignant,Malignant,Patient 1,Patient 1,Tumor,-0.26094079101334,-0.26094079101334
HCC1_COL16_ROW30,-7.7015109249018,-3.65086488189989,0,Malignant cells,Malignant,Malignant,Patient 1,Patient 1,Tumor,0.57976441220064,0.57976441220064
HCC1_COL16_ROW31,-9.04609920462592,-2.37057094040208,0,Malignant cells,Malignant,Malignant,Patient 1,Patient 1,Tumor,0.564942663234262,0.564942663234262
HCC1_COL16_ROW32,-8.07871820410712,-4.97653035583788,0,Malignant cells,Malignant,Malignant,Patient 1,Patient 1,Tumor,0.454403619627116,0.454403619627116
HCC1_COL16_ROW33,-12.600343722906,-3.7284992164641,9,Malignant cells,Malignant,Malignant,Patient 1,Patient 1,Tumor,-0.280677119900148,-0.280677119900148
HCC1_COL16_ROW34,-9.44573785742744,-2.81772450866991,0,Malignant cells,Malignant,Malignant,Patient 1,Patient 1,Tumor,0.477884390358062,0.477884390358062
HCC1_COL16_ROW35,-9.73978712042793,-1.97180036964708,0,Malignant cells,Malignant,Malignant,Patient 1,Patient 1,Tumor,0.243544738279117,0.243544738279117
HCC1_COL16_ROW36,-11.0428228565119,-3.71484164657884,0,Malignant cells,Malignant,Malignant,Patient 1,Patient 1,Tumor,0.550979015523832,0.550979015523832
HCC1_COL16_ROW37,-11.5730400272272,-3.57139281692796,9,Malignant cells,Malignant,Malignant,Patient 1,Patient 1,Tumor,-0.261642873859115,-0.261642873859115
HCC1_COL16_ROW38,-7.87523509940131,-4.31007127228075,0,Malignant cells,Malignant,Malignant,Patient 1,Patient 1,Tumor,0.434433263125049,0.434433263125049
HCC1_COL16_ROW39,-10.4467334934138,-3.4371755546599,0,Malignant cells,Malignant,Malignant,Patient 1,Patient 1,Tumor,-0.24182853576722,-0.24182853576722
HCC1_COL16_ROW4,3.10155962029473,-2.5671267932921,6,Immune cells,Mono/Macro,Mono/Macro,Patient 1,Patient 1,Tumor,-0.241204462126531,-0.241204462126531
HCC1_COL16_ROW40,-9.38677503546699,-4.05716161194139,0,Malignant cells,Malignant,Malignant,Patient 1,Patient 1,Tumor,0.367345346750917,0.367345346750917
HCC1_COL16_ROW5,-10.1824741550349,-4.72754744949632,0,Malignant cells,Malignant,Malignant,Patient 1,Patient 1,Tumor,-0.266557453779546,-0.266557453779546
HCC1_COL16_ROW6,-9.65529062232002,-5.41305570068651,0,Malignant cells,Malignant,Malignant,Patient 1,Patient 1,Tumor,-0.253061861299633,-0.253061861299633
HCC1_COL16_ROW7,-9.76860429724677,-5.51269988479906,0,Malignant cells,Malignant,Malignant,Patient 1,Patient 1,Tumor,-0.251657695608082,-0.251657695608082
HCC1_COL16_ROW8,-10.4840717502497,-4.66604833069139,0,Malignant cells,Malignant,Malignant,Patient 1,Patient 1,Tumor,0.52390982135892,0.52390982135892
HCC1_COL16_ROW9,-10.6055841632746,-3.29716758194261,0,Malignant cells,Malignant,Malignant,Patient 1,Patient 1,Tumor,0.438879787814962,0.438879787814962
HCC1_COL17_ROW1,-9.2202401348017,-2.17437629165941,0,Malignant cells,Malignant,Malignant,Patient 1,Patient 1,Tumor,-0.309228488961697,-0.309228488961697
HCC1_COL17_ROW10,-10.0993776508234,-2.48125414314562,0,Malignant cells,Malignant,Malignant,Patient 1,Patient 1,Tumor,0.55901396364771,0.55901396364771
HCC1_COL17_ROW11,-8.94264556845649,-5.98131827774339,0,Malignant cells,Malignant,Malignant,Patient 1,Patient 1,Tumor,-0.225524611904205,-0.225524611904205
HCC1_COL17_ROW12,-10.29200937232,-4.14221696319872,0,Malignant cells,Malignant,Malignant,Patient 1,Patient 1,Tumor,0.380060847179967,0.380060847179967
HCC1_COL17_ROW13,-9.34068204840644,-5.61439399185472,0,Malignant cells,Malignant,Malignant,Patient 1,Patient 1,Tumor,0.49333021296513,0.49333021296513
HCC1_COL17_ROW14,-9.47391225775703,-3.29104308548265,0,Malignant cells,Malignant,Malignant,Patient 1,Patient 1,Tumor,0.600046805523052,0.600046805523052
HCC1_COL17_ROW15,-9.61455347022041,-5.90767030182176,0,Malignant cells,Malignant,Malignant,Patient 1,Patient 1,Tumor,0.526640143536937,0.526640143536937
HCC1_COL17_ROW16,-8.8871159740351,-2.15030102196031,0,Malignant cells,Malignant,Malignant,Patient 1,Patient 1,Tumor,0.588423433965208,0.588423433965208
HCC1_COL17_ROW17,-8.97358133276923,-5.83372811737352,0,Malignant cells,Malignant,Malignant,Patient 1,Patient 1,Tumor,0.358296278960917,0.358296278960917
HCC1_COL17_ROW18,-9.48571874579414,-3.38879661026292,0,Malignant cells,Malignant,Malignant,Patient 1,Patient 1,Tumor,0.501521179499181,0.501521179499181
HCC1_COL17_ROW19,-12.5244245715998,-3.61725215378099,9,Malignant cells,Malignant,Malignant,Patient 1,Patient 1,Tumor,0.537795459864264,0.537795459864264
HCC1_COL17_ROW2,-5.87858583411201,-1.38667778435045,9,Malignant cells,Malignant,Malignant,Patient 1,Patient 1,Tumor,-0.2430766830486,-0.2430766830486
HCC1_COL17_ROW20,-8.58223010977729,-4.15363196792894,0,Malignant cells,Malignant,Malignant,Patient 1,Patient 1,Tumor,-0.210312816912396,-0.210312816912396
HCC1_COL17_ROW21,-8.23980094870551,-4.7101829475432,0,Malignant cells,Malignant,Malignant,Patient 1,Patient 1,Tumor,0.577034090022623,0.577034090022623
HCC1_COL17_ROW22,-9.23119165381416,-5.40440539779955,0,Malignant cells,Malignant,Malignant,Patient 1,Patient 1,Tumor,0.526640143536937,0.526640143536937
HCC1_COL17_ROW23,-9.48011972388252,-5.9307411140471,0,Malignant cells,Malignant,Malignant,Patient 1,Patient 1,Tumor,0.397612918324362,0.397612918324362
HCC1_COL17_ROW24,-9.78583051642402,-2.55648641052538,0,Malignant cells,Malignant,Malignant,Patient 1,Patient 1,Tumor,0.47772837194789,0.47772837194789
HCC1_COL17_ROW25,3.24066732445733,-1.0334923690825,6,Immune cells,Mono/Macro,Mono/Macro,Patient 1,Patient 1,Tumor,-0.203994071300413,-0.203994071300413
HCC1_COL17_ROW26,-8.97548772772773,-2.29593090477281,0,Malignant cells,Malignant,Malignant,Patient 1,Patient 1,Tumor,0.346906935018332,0.346906935018332
HCC1_COL17_ROW27,-9.99285604437812,-3.82686738434129,0,Malignant cells,Malignant,Malignant,Patient 1,Patient 1,Tumor,-0.279741009439114,-0.279741009439114
HCC1_COL17_ROW28,-7.08871890982612,-3.80211190643602,0,Malignant cells,Malignant,Malignant,Patient 1,Patient 1,Tumor,-0.251657695608082,-0.251657695608082
HCC1_COL17_ROW29,-9.7764358707331,-2.15270881119066,0,Malignant cells,Malignant,Malignant,Patient 1,Patient 1,Tumor,0.51774709415711,0.51774709415711
HCC1_COL17_ROW3,-9.40199281653388,-5.67220048370653,0,Malignant cells,Malignant,Malignant,Patient 1,Patient 1,Tumor,0.402137452219362,0.402137452219362
HCC1_COL17_ROW30,-9.10342981299384,-2.55272988739305,0,Malignant cells,Malignant,Malignant,Patient 1,Patient 1,Tumor,-0.290584288946096,-0.290584288946096
HCC1_COL17_ROW31,-9.16957857092841,-2.57248668136888,0,Malignant cells,Malignant,Malignant,Patient 1,Patient 1,Tumor,0.551525079959435,0.551525079959435
HCC1_COL17_ROW32,-9.82075025519355,-5.37038497391039,0,Malignant cells,Malignant,Malignant,Patient 1,Patient 1,Tumor,0.516888992901162,0.516888992901162
HCC1_COL17_ROW33,-8.77646495779975,-3.53468732300096,0,Malignant cells,Malignant,Malignant,Patient 1,Patient 1,Tumor,0.385443482330915,0.385443482330915
HCC1_COL17_ROW34,-9.97183515509589,-5.4473426765471,0,Malignant cells,Malignant,Malignant,Patient 1,Patient 1,Tumor,0.354239800296435,0.354239800296435
HCC1_COL17_ROW35,-9.66486741980537,-4.47479037704759,0,Malignant cells,Malignant,Malignant,Patient 1,Patient 1,Tumor,-0.239098213589204,-0.239098213589204
HCC1_COL17_ROW36,-10.6889715381525,-3.5604026741057,0,Malignant cells,Malignant,Malignant,Patient 1,Patient 1,Tumor,0.25805445042515,0.25805445042515
HCC1_COL17_ROW37,-9.86001684149726,-4.71413831177049,0,Malignant cells,Malignant,Malignant,Patient 1,Patient 1,Tumor,0.37015367813402,0.37015367813402
HCC1_COL17_ROW38,-10.0256824680231,-2.16132573547655,0,Malignant cells,Malignant,Malignant,Patient 1,Patient 1,Tumor,0.585459084171932,0.585459084171932
HCC1_COL17_ROW39,-10.0222301669977,-4.58351926269823,0,Malignant cells,Malignant,Malignant,Patient 1,Patient 1,Tumor,0.445978625477806,0.445978625477806
HCC1_COL17_ROW4,-8.54827310523017,-4.25967196884447,0,Malignant cells,Malignant,Malignant,Patient 1,Patient 1,Tumor,-0.225758639519463,-0.225758639519463
HCC1_COL17_ROW40,-8.23319818457587,-4.59294442596727,0,Malignant cells,Malignant,Malignant,Patient 1,Patient 1,Tumor,0.600046805523052,0.600046805523052
HCC1_COL17_ROW5,-8.70155670126899,-4.25132541122728,0,Malignant cells,Malignant,Malignant,Patient 1,Patient 1,Tumor,0.564240580388486,0.564240580388486
HCC1_COL17_ROW6,-9.50919630011543,-5.60059432449632,0,Malignant cells,Malignant,Malignant,Patient 1,Patient 1,Tumor,0.569935252359778,0.569935252359778
HCC1_COL17_ROW7,-13.0122146793269,-3.57784442367845,9,Malignant cells,Malignant,Malignant,Patient 1,Patient 1,Tumor,0.504875575317887,0.504875575317887
HCC1_COL17_ROW8,-8.86120845755561,-6.01740149917894,0,Malignant cells,Malignant,Malignant,Patient 1,Patient 1,Tumor,-0.191044543256104,-0.191044543256104
HCC1_COL17_ROW9,-7.87487270316108,-4.90297822418504,0,Malignant cells,Malignant,Malignant,Patient 1,Patient 1,Tumor,-0.244012793509634,-0.244012793509634
HCC1_COL18_ROW1,-10.2747383304499,-5.2305891937285,0,Malignant cells,Malignant,Malignant,Patient 1,Patient 1,Tumor,-0.25251579686403,-0.25251579686403
HCC1_COL18_ROW10,-10.2455663867853,-5.38771132889085,0,Malignant cells,Malignant,Malignant,Patient 1,Patient 1,Tumor,0.45596380372884,0.45596380372884
HCC1_COL18_ROW11,8.37059782067315,-5.69242410126024,4,Immune cells,CD8T,CD8T,Patient 1,Patient 1,Tumor,-0.231843357516187,-0.231843357516187
HCC1_COL18_ROW12,-9.02869178732856,-2.23313478889757,0,Malignant cells,Malignant,Malignant,Patient 1,Patient 1,Tumor,0.456977923394961,0.456977923394961
HCC1_COL18_ROW13,-10.852052707281,-3.67089490356737,0,Malignant cells,Malignant,Malignant,Patient 1,Patient 1,Tumor,0.534285045635385,0.534285045635385
HCC1_COL18_ROW14,-8.65707113226875,-4.73371295395189,0,Malignant cells,Malignant,Malignant,Patient 1,Patient 1,Tumor,0.439581870660738,0.439581870660738
HCC1_COL18_ROW15,-6.69840290030463,-4.52282838287645,0,Malignant cells,Malignant,Malignant,Patient 1,Patient 1,Tumor,0.498790857321164,0.498790857321164
HCC1_COL18_ROW16,-9.63719942053779,-2.98132781448656,0,Malignant cells,Malignant,Malignant,Patient 1,Patient 1,Tumor,-0.305172010297215,-0.305172010297215
HCC1_COL18_ROW17,-8.64657070120795,-4.55944613876634,0,Malignant cells,Malignant,Malignant,Patient 1,Patient 1,Tumor,0.539355643965988,0.539355643965988
HCC1_COL18_ROW18,-8.84968521079047,-2.5393381542235,0,Malignant cells,Malignant,Malignant,Patient 1,Patient 1,Tumor,0.567048911771589,0.567048911771589
HCC1_COL18_ROW19,-8.5896945186518,-5.22213963928514,0,Malignant cells,Malignant,Malignant,Patient 1,Patient 1,Tumor,0.563304469927451,0.563304469927451
HCC1_COL18_ROW2,-10.2994680591486,-5.39960507812792,0,Malignant cells,Malignant,Malignant,Patient 1,Patient 1,Tumor,0.407676105780482,0.407676105780482
HCC1_COL18_ROW20,-6.07701112708076,-1.61075357857042,9,Malignant cells,Malignant,Malignant,Patient 1,Patient 1,Tumor,-0.217879709805757,-0.217879709805757
HCC1_COL18_ROW21,2.06495593110101,-1.22044805946642,0,Malignant cells,Malignant,Malignant,Patient 1,Patient 1,Tumor,-0.19237069974257,-0.19237069974257
HCC1_COL18_ROW22,-5.88002016028388,-1.38023189964586,9,Malignant cells,Malignant,Malignant,Patient 1,Patient 1,Tumor,0.304001872220922,0.304001872220922
HCC1_COL18_ROW23,-10.5996952243708,-3.62302760544115,0,Malignant cells,Malignant,Malignant,Patient 1,Patient 1,Tumor,0.516654965285904,0.516654965285904
HCC1_COL18_ROW24,-7.33978177985175,-4.89172248306566,0,Malignant cells,Malignant,Malignant,Patient 1,Patient 1,Tumor,-0.214291286371792,-0.214291286371792
HCC1_COL18_ROW25,-6.89028932532294,-4.01431159439378,0,Malignant cells,Malignant,Malignant,Patient 1,Patient 1,Tumor,-0.228879007722911,-0.228879007722911
HCC1_COL18_ROW26,-10.2188739963435,-4.39413861694627,0,Malignant cells,Malignant,Malignant,Patient 1,Patient 1,Tumor,-0.259848662142133,-0.259848662142133
HCC1_COL18_ROW27,-6.88625480612739,-3.96969012680345,0,Malignant cells,Malignant,Malignant,Patient 1,Patient 1,Tumor,-0.209220688041189,-0.209220688041189
HCC1_COL18_ROW28,-9.95216848334296,-4.08367709579759,0,Malignant cells,Malignant,Malignant,Patient 1,Patient 1,Tumor,-0.285825727435837,-0.285825727435837
HCC1_COL18_ROW29,-13.075492877569,-3.60714654388719,9,Malignant cells,Malignant,Malignant,Patient 1,Patient 1,Tumor,0.435369373586083,0.435369373586083
HCC1_COL18_ROW3,-10.6786432453059,-4.47297696533495,0,Malignant cells,Malignant,Malignant,Patient 1,Patient 1,Tumor,-0.344722677275918,-0.344722677275918
HCC1_COL18_ROW30,-7.37563135107978,-3.79830674591356,0,Malignant cells,Malignant,Malignant,Patient 1,Patient 1,Tumor,0.572821592947968,0.572821592947968
HCC1_COL18_ROW31,-8.68907930335029,-5.6074636405974,0,Malignant cells,Malignant,Malignant,Patient 1,Patient 1,Tumor,-0.245963023636789,-0.245963023636789
HCC1_COL18_ROW32,-9.30711652716621,-1.84437326851183,0,Malignant cells,Malignant,Malignant,Patient 1,Patient 1,Tumor,0.446836726733755,0.446836726733755
HCC1_COL18_ROW33,-9.78891756018623,-5.59957436981493,0,Malignant cells,Malignant,Malignant,Patient 1,Patient 1,Tumor,-0.250565566736875,-0.250565566736875
HCC1_COL18_ROW34,-10.0781307407282,-5.46627120437914,0,Malignant cells,Malignant,Malignant,Patient 1,Patient 1,Tumor,0.373742101567985,0.373742101567985
HCC1_COL18_ROW35,-10.5262136646174,-3.72259168091112,0,Malignant cells,Malignant,Malignant,Patient 1,Patient 1,Tumor,-0.271003978469459,-0.271003978469459
HCC1_COL18_ROW36,-8.74084426840766,-5.43771819534593,0,Malignant cells,Malignant,Malignant,Patient 1,Patient 1,Tumor,0.547468601294953,0.547468601294953
HCC1_COL18_ROW37,-9.19311906775459,-2.3052654689818,0,Malignant cells,Malignant,Malignant,Patient 1,Patient 1,Tumor,0.551681098369608,0.551681098369608
HCC1_COL18_ROW38,-10.0897760578059,-3.98011426391893,0,Malignant cells,Malignant,Malignant,Patient 1,Patient 1,Tumor,0.578672283329433,0.578672283329433
HCC1_COL18_ROW39,-8.47739078482612,-3.95603684845262,0,Malignant cells,Malignant,Malignant,Patient 1,Patient 1,Tumor,-0.248069272174117,-0.248069272174117
HCC1_COL18_ROW4,-7.05721332510932,-4.26680736007982,0,Malignant cells,Malignant,Malignant,Patient 1,Patient 1,Tumor,-0.204618144941103,-0.204618144941103
HCC1_COL18_ROW40,-9.34133436163886,-6.03866748276048,0,Malignant cells,Malignant,Malignant,Patient 1,Patient 1,Tumor,-0.206412356658086,-0.206412356658086
HCC1_COL18_ROW5,-8.53916170081123,-4.66044406357103,0,Malignant cells,Malignant,Malignant,Patient 1,Patient 1,Tumor,-0.2408144161011,-0.2408144161011
HCC1_COL18_ROW6,-8.93415834387763,-3.8009450859099,0,Malignant cells,Malignant,Malignant,Patient 1,Patient 1,Tumor,-0.251657695608082,-0.251657695608082
HCC1_COL18_ROW7,-1.23189451178535,7.44575186309523,0,Malignant cells,Malignant,Malignant,Patient 1,Patient 1,Tumor,-0.238474139948514,-0.238474139948514
HCC1_COL18_ROW8,-9.75847818335517,-1.96867947044664,0,Malignant cells,Malignant,Malignant,Patient 1,Patient 1,Tumor,0.531632732662454,0.531632732662454
HCC1_COL18_ROW9,-9.30573942145332,-1.96855430069261,0,Malignant cells,Malignant,Malignant,Patient 1,Patient 1,Tumor,0.562056322646072,0.562056322646072
HCC1_COL19_ROW1,-8.83802082022651,-6.07536296310716,0,Malignant cells,Malignant,Malignant,Patient 1,Patient 1,Tumor,-0.262891021140495,-0.262891021140495
HCC1_COL19_ROW10,-10.4536800571345,-4.89133052292162,0,Malignant cells,Malignant,Malignant,Patient 1,Patient 1,Tumor,-0.255168109836961,-0.255168109836961
HCC1_COL19_ROW11,-9.21264125784858,-6.21760968628221,0,Malignant cells,Malignant,Malignant,Patient 1,Patient 1,Tumor,-0.261096809423512,-0.261096809423512
HCC1_COL19_ROW12,-9.67271902045234,-4.20417193832689,0,Malignant cells,Malignant,Malignant,Patient 1,Patient 1,Tumor,-0.215695452063343,-0.215695452063343
HCC1_COL19_ROW13,-11.0759554096125,-3.22543458404833,0,Malignant cells,Malignant,Malignant,Patient 1,Patient 1,Tumor,0.266245416959201,0.266245416959201
HCC1_COL19_ROW14,-13.2227564044855,-3.47303037109667,9,Malignant cells,Malignant,Malignant,Patient 1,Patient 1,Tumor,-0.354005772681176,-0.354005772681176
HCC1_COL19_ROW15,-9.14481450995429,-2.20982198181444,0,Malignant cells,Malignant,Malignant,Patient 1,Patient 1,Tumor,0.519151259848662,0.519151259848662
HCC1_COL19_ROW16,-8.87100078543647,-6.20107345047289,0,Malignant cells,Malignant,Malignant,Patient 1,Patient 1,Tumor,0.542163975349091,0.542163975349091
HCC1_COL19_ROW17,-7.90231754263862,-5.41241435470873,0,Malignant cells,Malignant,Malignant,Patient 1,Patient 1,Tumor,0.381777049691863,0.381777049691863
HCC1_COL19_ROW18,-12.4648800083063,-3.72444037857347,9,Malignant cells,Malignant,Malignant,Patient 1,Patient 1,Tumor,0.256260238708167,0.256260238708167
HCC1_COL19_ROW19,-9.35456754645332,-2.75165442886644,0,Malignant cells,Malignant,Malignant,Patient 1,Patient 1,Tumor,0.465714954364615,0.465714954364615
HCC1_COL19_ROW2,-9.41104604681953,-5.81021336975389,0,Malignant cells,Malignant,Malignant,Patient 1,Patient 1,Tumor,0.504797566112801,0.504797566112801
HCC1_COL19_ROW20,-9.06079532584174,-6.02970294418626,0,Malignant cells,Malignant,Malignant,Patient 1,Patient 1,Tumor,0.447616818784617,0.447616818784617
HCC1_COL19_ROW21,-7.5914526172541,-4.32097558441454,0,Malignant cells,Malignant,Malignant,Patient 1,Patient 1,Tumor,-0.20898666042593,-0.20898666042593
HCC1_COL19_ROW22,-12.1450271793269,-3.61629514160448,0,Malignant cells,Malignant,Malignant,Patient 1,Patient 1,Tumor,-0.273968328262735,-0.273968328262735
HCC1_COL19_ROW23,-8.47372438391669,-3.79726485672289,0,Malignant cells,Malignant,Malignant,Patient 1,Patient 1,Tumor,0.481862859817458,0.481862859817458
HCC1_COL19_ROW24,-9.40436746558173,-3.58124665680223,0,Malignant cells,Malignant,Malignant,Patient 1,Patient 1,Tumor,0.564942663234262,0.564942663234262
HCC1_COL19_ROW25,-6.80073549231513,-4.58753613891893,0,Malignant cells,Malignant,Malignant,Patient 1,Patient 1,Tumor,-0.192214681332397,-0.192214681332397
HCC1_COL19_ROW26,-9.15498926123603,-2.89178780975633,0,Malignant cells,Malignant,Malignant,Patient 1,Patient 1,Tumor,0.465948981979873,0.465948981979873
HCC1_COL19_ROW27,-8.69368888815864,-4.84292869034105,0,Malignant cells,Malignant,Malignant,Patient 1,Patient 1,Tumor,-0.23691395584679,-0.23691395584679
HCC1_COL19_ROW28,-9.85083105048164,-1.98301391067796,0,Malignant cells,Malignant,Malignant,Patient 1,Patient 1,Tumor,0.467275138466339,0.467275138466339
HCC1_COL19_ROW29,-10.4042911716364,-3.50092105331712,0,Malignant cells,Malignant,Malignant,Patient 1,Patient 1,Tumor,-0.222404243700757,-0.222404243700757
HCC1_COL19_ROW3,-9.05205680808051,-2.02930430832201,0,Malignant cells,Malignant,Malignant,Patient 1,Patient 1,Tumor,0.376472423746002,0.376472423746002
HCC1_COL19_ROW30,-6.70582630118354,-4.452071470645,0,Malignant cells,Malignant,Malignant,Patient 1,Patient 1,Tumor,-0.183711677978001,-0.183711677978001
HCC1_COL19_ROW31,-11.0283537097834,-3.97343854370409,0,Malignant cells,Malignant,Malignant,Patient 1,Patient 1,Tumor,0.470005460644356,0.470005460644356
HCC1_COL19_ROW32,-9.31360055884345,-3.11326198044115,0,Malignant cells,Malignant,Malignant,Patient 1,Patient 1,Tumor,0.580154458226071,0.580154458226071
HCC1_COL19_ROW33,-11.8622341342829,-3.63652877273851,9,Malignant cells,Malignant,Malignant,Patient 1,Patient 1,Tumor,0.3600904906779,0.3600904906779
HCC1_COL19_ROW34,-8.94060327490791,-5.08271626892381,0,Malignant cells,Malignant,Malignant,Patient 1,Patient 1,Tumor,0.514938762774007,0.514938762774007
HCC1_COL19_ROW35,-12.4811897464655,-3.77778129043871,9,Malignant cells,Malignant,Malignant,Patient 1,Patient 1,Tumor,0.547156564474608,0.547156564474608
HCC1_COL19_ROW36,-12.9488496967219,-3.56166057052904,9,Malignant cells,Malignant,Malignant,Patient 1,Patient 1,Tumor,0.375146267259537,0.375146267259537
HCC1_COL19_ROW37,-10.3185415454768,-3.72155217590624,0,Malignant cells,Malignant,Malignant,Patient 1,Patient 1,Tumor,-0.273812309852563,-0.273812309852563
HCC1_COL19_ROW38,-9.24683381995185,-3.92274074020677,0,Malignant cells,Malignant,Malignant,Patient 1,Patient 1,Tumor,-0.249083391840237,-0.249083391840237
HCC1_COL19_ROW39,-9.51437952002509,-2.7626617378264,0,Malignant cells,Malignant,Malignant,Patient 1,Patient 1,Tumor,0.261720883064201,0.261720883064201
HCC1_COL19_ROW4,-10.178580302801,-2.52824549141222,0,Malignant cells,Malignant,Malignant,Patient 1,Patient 1,Tumor,0.570403307590296,0.570403307590296
HCC1_COL19_ROW40,-8.23781635245307,-5.65058736267381,0,Malignant cells,Malignant,Malignant,Patient 1,Patient 1,Tumor,-0.226616740775411,-0.226616740775411
HCC1_COL19_ROW5,-9.08688308676704,-6.10715083542162,0,Malignant cells,Malignant,Malignant,Patient 1,Patient 1,Tumor,0.49395428660582,0.49395428660582
HCC1_COL19_ROW6,-8.89769031485542,-2.40798334541612,0,Malignant cells,Malignant,Malignant,Patient 1,Patient 1,Tumor,0.484203135970044,0.484203135970044
HCC1_COL19_ROW7,-9.0020742603205,-5.83711413803392,0,Malignant cells,Malignant,Malignant,Patient 1,Patient 1,Tumor,-0.207426476324206,-0.207426476324206
HCC1_COL19_ROW8,-1.16602365305646,7.72285671767897,10,Malignant cells,Malignant,Malignant,Patient 1,Patient 1,Tumor,0.542319993759264,0.542319993759264
HCC1_COL19_ROW9,-13.138652820196,-3.56831769409471,9,Malignant cells,Malignant,Malignant,Patient 1,Patient 1,Tumor,-0.31328496762618,-0.31328496762618
HCC1_COL2_ROW1,-13.2546043582819,-3.49714641037279,9,Malignant cells,Malignant,Malignant,Patient 1,Patient 1,Tumor,0.46930337779858,0.46930337779858
HCC1_COL2_ROW10,-8.5151906200312,-5.1482875770598,0,Malignant cells,Malignant,Malignant,Patient 1,Patient 1,Tumor,-0.199313518995241,-0.199313518995241
HCC1_COL2_ROW11,-10.8707723804377,-4.47244386139208,0,Malignant cells,Malignant,Malignant,Patient 1,Patient 1,Tumor,0.465636945159529,0.465636945159529
HCC1_COL2_ROW12,-5.89937021216376,-1.4003901905089,9,Malignant cells,Malignant,Malignant,Patient 1,Patient 1,Tumor,-0.238630158358686,-0.238630158358686
HCC1_COL2_ROW13,-6.78841068228706,-4.54708651962572,0,Malignant cells,Malignant,Malignant,Patient 1,Patient 1,Tumor,-0.181839457055933,-0.181839457055933
HCC1_COL2_ROW14,-9.74546529730781,-5.52279452743822,0,Malignant cells,Malignant,Malignant,Patient 1,Patient 1,Tumor,0.44200015601841,0.44200015601841
HCC1_COL2_ROW15,-8.93402959784492,-4.04077271881395,0,Malignant cells,Malignant,Malignant,Patient 1,Patient 1,Tumor,0.562368359466417,0.562368359466417
HCC1_COL2_ROW16,-8.96638633688911,-5.54550103607469,0,Malignant cells,Malignant,Malignant,Patient 1,Patient 1,Tumor,-0.194788985100242,-0.194788985100242
HCC1_COL2_ROW17,2.88214967766778,-1.4738216823607,6,Immune cells,Mono/Macro,Mono/Macro,Patient 1,Patient 1,Tumor,0.543256104220298,0.543256104220298
HCC1_COL2_ROW18,-9.50883867224677,-4.99960736694627,0,Malignant cells,Malignant,Malignant,Patient 1,Patient 1,Tumor,0.500585069038146,0.500585069038146
HCC1_COL2_ROW19,-9.68429090460761,-3.86747435989671,0,Malignant cells,Malignant,Malignant,Patient 1,Patient 1,Tumor,0.461346438879788,0.461346438879788
HCC1_COL2_ROW2,-8.98307802161201,-6.05715684356981,0,Malignant cells,Malignant,Malignant,Patient 1,Patient 1,Tumor,0.546064435603401,0.546064435603401
HCC1_COL2_ROW20,-8.02082349738105,-5.33678559723192,0,Malignant cells,Malignant,Malignant,Patient 1,Patient 1,Tumor,-0.207816522349637,-0.207816522349637
HCC1_COL2_ROW21,-10.1960544773005,-4.73900918426805,0,Malignant cells,Malignant,Malignant,Patient 1,Patient 1,Tumor,0.518215149387628,0.518215149387628
HCC1_COL2_ROW22,2.82027242699639,-1.39612035217577,6,Immune cells,Mono/Macro,Mono/Macro,Patient 1,Patient 1,Tumor,-0.219361884702395,-0.219361884702395
HCC1_COL2_ROW23,-11.1612653919123,-3.62939910354906,0,Malignant cells,Malignant,Malignant,Patient 1,Patient 1,Tumor,0.477416335127545,0.477416335127545
HCC1_COL2_ROW24,-8.10579158743842,-4.82169179382616,0,Malignant cells,Malignant,Malignant,Patient 1,Patient 1,Tumor,-0.212341056244637,-0.212341056244637
HCC1_COL2_ROW25,-7.66148473700507,-4.14027814331346,0,Malignant cells,Malignant,Malignant,Patient 1,Patient 1,Tumor,-0.198455417739293,-0.198455417739293
HCC1_COL2_ROW26,-10.750074405279,-4.2792690223723,0,Malignant cells,Malignant,Malignant,Patient 1,Patient 1,Tumor,-0.243232701458772,-0.243232701458772
HCC1_COL2_ROW27,-7.06464626273139,-3.92334298553758,0,Malignant cells,Malignant,Malignant,Patient 1,Patient 1,Tumor,-0.220297995163429,-0.220297995163429
HCC1_COL2_ROW28,-7.772215861883,-4.6804674095183,0,Malignant cells,Malignant,Malignant,Patient 1,Patient 1,Tumor,0.574147749434433,0.574147749434433
HCC1_COL2_ROW29,-9.0713463016413,-4.00163964691454,0,Malignant cells,Malignant,Malignant,Patient 1,Patient 1,Tumor,0.522661674077541,0.522661674077541
HCC1_COL2_ROW3,-10.3625469394587,-5.05282191696458,0,Malignant cells,Malignant,Malignant,Patient 1,Patient 1,Tumor,0.508385989546766,0.508385989546766
HCC1_COL2_ROW30,-9.96341421088203,-4.73070411148363,0,Malignant cells,Malignant,Malignant,Patient 1,Patient 1,Tumor,0.579374366175209,0.579374366175209
HCC1_COL2_ROW31,-13.1405925937556,-3.44643620910936,9,Malignant cells,Malignant,Malignant,Patient 1,Patient 1,Tumor,0.425072158514705,0.425072158514705
HCC1_COL2_ROW32,-9.54875184973701,-3.35661963882738,0,Malignant cells,Malignant,Malignant,Patient 1,Patient 1,Tumor,0.451127233013496,0.451127233013496
HCC1_COL2_ROW33,-8.80203725775703,-3.47253541412645,0,Malignant cells,Malignant,Malignant,Patient 1,Patient 1,Tumor,0.484593181995475,0.484593181995475
HCC1_COL2_ROW34,-10.4311943241022,-4.2026932662993,0,Malignant cells,Malignant,Malignant,Patient 1,Patient 1,Tumor,-0.234261642873859,-0.234261642873859
HCC1_COL2_ROW35,-9.57509042700752,-5.48173646393114,0,Malignant cells,Malignant,Malignant,Patient 1,Patient 1,Tumor,0.51220844059599,0.51220844059599
HCC1_COL2_ROW36,-8.14162446936591,-5.40959481659227,0,Malignant cells,Malignant,Malignant,Patient 1,Patient 1,Tumor,0.537483423043919,0.537483423043919
HCC1_COL2_ROW37,-9.73848535498603,-4.94822482528978,0,Malignant cells,Malignant,Malignant,Patient 1,Patient 1,Tumor,0.57523987830564,0.57523987830564
HCC1_COL2_ROW38,-7.35021116217597,-4.58106402817064,0,Malignant cells,Malignant,Malignant,Patient 1,Patient 1,Tumor,-0.210312816912396,-0.210312816912396
HCC1_COL2_ROW39,-10.1533413120173,-4.61447266998583,0,Malignant cells,Malignant,Malignant,Patient 1,Patient 1,Tumor,-0.294640767610578,-0.294640767610578
HCC1_COL2_ROW4,-6.77392103156074,-4.61722688141161,0,Malignant cells,Malignant,Malignant,Patient 1,Patient 1,Tumor,-0.194086902254466,-0.194086902254466
HCC1_COL2_ROW40,-8.96930982550605,-4.48065642776781,0,Malignant cells,Malignant,Malignant,Patient 1,Patient 1,Tumor,-0.226382713160153,-0.226382713160153
HCC1_COL2_ROW5,-9.1381244846247,-5.40388659897142,0,Malignant cells,Malignant,Malignant,Patient 1,Patient 1,Tumor,-0.203291988454638,-0.203291988454638
HCC1_COL2_ROW6,-9.71514226874335,-4.18326024475389,0,Malignant cells,Malignant,Malignant,Patient 1,Patient 1,Tumor,-0.265387315703253,-0.265387315703253
HCC1_COL2_ROW7,-7.82850982626899,-4.55885486069017,0,Malignant cells,Malignant,Malignant,Patient 1,Patient 1,Tumor,0.546220454013574,0.546220454013574
HCC1_COL2_ROW8,-8.19637443503364,-5.55662660064989,0,Malignant cells,Malignant,Malignant,Patient 1,Patient 1,Tumor,0.534129027225212,0.534129027225212
HCC1_COL2_ROW9,-9.82643892249091,-4.8042467063933,0,Malignant cells,Malignant,Malignant,Patient 1,Patient 1,Tumor,-0.278804898978079,-0.278804898978079
HCC1_COL20_ROW1,-9.75760938605293,-1.90304045143419,0,Malignant cells,Malignant,Malignant,Patient 1,Patient 1,Tumor,0.553865356112021,0.553865356112021
HCC1_COL20_ROW10,-9.16521598776801,-6.18761043014818,0,Malignant cells,Malignant,Malignant,Patient 1,Patient 1,Tumor,0.568765114283485,0.568765114283485
HCC1_COL20_ROW11,-10.4035263248347,-3.69452456894212,0,Malignant cells,Malignant,Malignant,Patient 1,Patient 1,Tumor,0.545440361962712,0.545440361962712
HCC1_COL20_ROW12,1.97697279969231,-1.07933144035631,0,Malignant cells,Malignant,Malignant,Patient 1,Patient 1,Tumor,-0.197051252047742,-0.197051252047742
HCC1_COL20_ROW13,-7.87305881461127,-4.98189715805345,0,Malignant cells,Malignant,Malignant,Patient 1,Patient 1,Tumor,0.553241282471332,0.553241282471332
HCC1_COL20_ROW14,8.03209493676202,-7.59448747101122,0,Malignant cells,Malignant,Malignant,Patient 1,Patient 1,Tumor,0.560730166159607,0.560730166159607
HCC1_COL20_ROW15,-9.2096576877497,-1.97402314606004,0,Malignant cells,Malignant,Malignant,Patient 1,Patient 1,Tumor,0.596614400499259,0.596614400499259
HCC1_COL20_ROW16,-11.9811668582819,-3.59619883957201,9,Malignant cells,Malignant,Malignant,Patient 1,Patient 1,Tumor,0.585615102582105,0.585615102582105
HCC1_COL20_ROW17,-8.77403547247871,-5.92177991333299,0,Malignant cells,Malignant,Malignant,Patient 1,Patient 1,Tumor,0.487089476558234,0.487089476558234
HCC1_COL20_ROW18,-9.72495653113349,-2.10171799125963,0,Malignant cells,Malignant,Malignant,Patient 1,Patient 1,Tumor,0.518137140182541,0.518137140182541
HCC1_COL20_ROW19,-11.2754774280451,-3.53821591797167,0,Malignant cells,Malignant,Malignant,Patient 1,Patient 1,Tumor,-0.321787970980576,-0.321787970980576
HCC1_COL20_ROW2,-9.29932786902412,-5.44016675415331,0,Malignant cells,Malignant,Malignant,Patient 1,Patient 1,Tumor,-0.257898432014978,-0.257898432014978
HCC1_COL20_ROW20,-8.40546371420844,-5.80720929565721,0,Malignant cells,Malignant,Malignant,Patient 1,Patient 1,Tumor,0.459630236367891,0.459630236367891
HCC1_COL20_ROW21,-10.2354917713068,-3.06053618851,0,Malignant cells,Malignant,Malignant,Patient 1,Patient 1,Tumor,0.353615726655745,0.353615726655745
HCC1_COL20_ROW22,-10.7901621051691,-3.19283847275072,0,Malignant cells,Malignant,Malignant,Patient 1,Patient 1,Tumor,0.532022778687885,0.532022778687885
HCC1_COL20_ROW23,-12.3147335239313,-3.56280831756883,9,Malignant cells,Malignant,Malignant,Patient 1,Patient 1,Tumor,0.473437865668149,0.473437865668149
HCC1_COL20_ROW24,-10.0860042758845,-2.38574032249742,0,Malignant cells,Malignant,Malignant,Patient 1,Patient 1,Tumor,0.492394102504095,0.492394102504095
HCC1_COL20_ROW25,-7.40703346213325,-5.00296763840013,0,Malignant cells,Malignant,Malignant,Patient 1,Patient 1,Tumor,-0.213121148295499,-0.213121148295499
HCC1_COL20_ROW26,2.85858390847222,-1.4974520629912,6,Immune cells,Mono/Macro,Mono/Macro,Patient 1,Patient 1,Tumor,-0.212107028629378,-0.212107028629378
HCC1_COL20_ROW27,-1.0955821164511,7.92725725707716,10,Malignant cells,Malignant,Malignant,Patient 1,Patient 1,Tumor,0.492394102504095,0.492394102504095
HCC1_COL20_ROW28,-13.2288723178767,-3.48569373550707,9,Malignant cells,Malignant,Malignant,Patient 1,Patient 1,Tumor,0.425618222950308,0.425618222950308
HCC1_COL20_ROW29,-9.95425607642158,-3.48356894913011,0,Malignant cells,Malignant,Malignant,Patient 1,Patient 1,Tumor,0.472813792027459,0.472813792027459
HCC1_COL20_ROW3,-9.45075990637763,-1.94523291054063,0,Malignant cells,Malignant,Malignant,Patient 1,Patient 1,Tumor,0.561978313440986,0.561978313440986
HCC1_COL20_ROW30,-7.98175336798652,-5.46892671051317,0,Malignant cells,Malignant,Malignant,Patient 1,Patient 1,Tumor,0.431312894921601,0.431312894921601
HCC1_COL20_ROW31,-7.24570562323554,-3.66699675979906,0,Malignant cells,Malignant,Malignant,Patient 1,Patient 1,Tumor,0.554645448162883,0.554645448162883
HCC1_COL20_ROW32,-7.36090185126289,-4.96946267547899,0,Malignant cells,Malignant,Malignant,Patient 1,Patient 1,Tumor,-0.192994773383259,-0.192994773383259
HCC1_COL20_ROW33,-10.8559570499323,-3.97588471832567,0,Malignant cells,Malignant,Malignant,Patient 1,Patient 1,Tumor,0.517045011311335,0.517045011311335
HCC1_COL20_ROW34,-10.6831522174738,-2.80928162994676,0,Malignant cells,Malignant,Malignant,Patient 1,Patient 1,Tumor,0.588735470785553,0.588735470785553
HCC1_COL20_ROW35,-7.36913682898505,-3.88595227661424,0,Malignant cells,Malignant,Malignant,Patient 1,Patient 1,Tumor,0.590139636477104,0.590139636477104
HCC1_COL20_ROW36,-13.2565117069147,-3.45375136795335,9,Malignant cells,Malignant,Malignant,Patient 1,Patient 1,Tumor,0.515952882440128,0.515952882440128
HCC1_COL20_ROW37,-9.79426767310127,-3.25924472275072,0,Malignant cells,Malignant,Malignant,Patient 1,Patient 1,Tumor,0.238006084717997,0.238006084717997
HCC1_COL20_ROW38,-6.98703767737373,-4.05983619156175,0,Malignant cells,Malignant,Malignant,Patient 1,Patient 1,Tumor,-0.231765348311101,-0.231765348311101
HCC1_COL20_ROW39,-6.82445814093574,-4.09298018875414,0,Malignant cells,Malignant,Malignant,Patient 1,Patient 1,Tumor,-0.205866292222482,-0.205866292222482
HCC1_COL20_ROW4,-9.53159334143623,-4.1882512992888,0,Malignant cells,Malignant,Malignant,Patient 1,Patient 1,Tumor,0.495670489117716,0.495670489117716
HCC1_COL20_ROW40,-10.2955770679377,-3.66269139709764,0,Malignant cells,Malignant,Malignant,Patient 1,Patient 1,Tumor,-0.285747718230751,-0.285747718230751
HCC1_COL20_ROW5,-7.57567645987495,-5.26133183899217,0,Malignant cells,Malignant,Malignant,Patient 1,Patient 1,Tumor,0.566112801310555,0.566112801310555
HCC1_COL20_ROW6,-11.4863796420954,-3.56620625915819,0,Malignant cells,Malignant,Malignant,Patient 1,Patient 1,Tumor,-0.304469927451439,-0.304469927451439
HCC1_COL20_ROW7,-8.85283376654609,-6.20295934143358,0,Malignant cells,Malignant,Malignant,Patient 1,Patient 1,Tumor,0.549496840627194,0.549496840627194
HCC1_COL20_ROW8,-10.7553472705744,-3.50475673141771,0,Malignant cells,Malignant,Malignant,Patient 1,Patient 1,Tumor,0.527576253997972,0.527576253997972
HCC1_COL20_ROW9,-13.1756963916682,-3.48860911789232,9,Malignant cells,Malignant,Malignant,Patient 1,Patient 1,Tumor,0.274358374288166,0.274358374288166
HCC1_COL3_ROW1,-9.46776868781074,-6.01200847091966,0,Malignant cells,Malignant,Malignant,Patient 1,Patient 1,Tumor,0.597472501755207,0.597472501755207
HCC1_COL3_ROW10,-8.80889846762641,-5.69049291076952,0,Malignant cells,Malignant,Malignant,Patient 1,Patient 1,Tumor,0.524377876589437,0.524377876589437
HCC1_COL3_ROW11,-8.48932029685004,-5.32301167908006,0,Malignant cells,Malignant,Malignant,Patient 1,Patient 1,Tumor,-0.241906544972307,-0.241906544972307
HCC1_COL3_ROW12,-7.21243764838203,-3.96667508545213,0,Malignant cells,Malignant,Malignant,Patient 1,Patient 1,Tumor,-0.224510492238084,-0.224510492238084
HCC1_COL3_ROW13,-8.83212568243964,-6.12271861496263,0,Malignant cells,Malignant,Malignant,Patient 1,Patient 1,Tumor,-0.234807707309462,-0.234807707309462
HCC1_COL3_ROW14,-11.4885368533991,-3.7466385787993,0,Malignant cells,Malignant,Malignant,Patient 1,Patient 1,Tumor,0.559794055698572,0.559794055698572
HCC1_COL3_ROW15,-12.0350103565119,-3.58425025406175,9,Malignant cells,Malignant,Malignant,Patient 1,Patient 1,Tumor,0.36172868398471,0.36172868398471
HCC1_COL3_ROW16,-10.5191841312311,-4.02939586105638,0,Malignant cells,Malignant,Malignant,Patient 1,Patient 1,Tumor,0.518761213823231,0.518761213823231
HCC1_COL3_ROW17,-7.78592636069282,-4.33555345001512,0,Malignant cells,Malignant,Malignant,Patient 1,Patient 1,Tumor,0.524845931819955,0.524845931819955
HCC1_COL3_ROW18,-9.09615375479682,-2.52298192444139,0,Malignant cells,Malignant,Malignant,Patient 1,Patient 1,Tumor,0.463296669006943,0.463296669006943
HCC1_COL3_ROW19,-12.4188585468195,-3.65344314041429,9,Malignant cells,Malignant,Malignant,Patient 1,Patient 1,Tumor,-0.254075980965754,-0.254075980965754
HCC1_COL3_ROW2,-13.3214149661921,-3.41194991531664,9,Malignant cells,Malignant,Malignant,Patient 1,Patient 1,Tumor,0.478664482408924,0.478664482408924
HCC1_COL3_ROW20,-8.59977008780463,-5.95570353927904,0,Malignant cells,Malignant,Malignant,Patient 1,Patient 1,Tumor,0.508854044777284,0.508854044777284
HCC1_COL3_ROW21,-10.5284786411188,-4.12671737137132,0,Malignant cells,Malignant,Malignant,Patient 1,Patient 1,Tumor,0.553163273266245,0.553163273266245
HCC1_COL3_ROW22,-7.97452451666816,-4.90537576141649,0,Malignant cells,Malignant,Malignant,Patient 1,Patient 1,Tumor,0.449255012091427,0.449255012091427
HCC1_COL3_ROW23,-10.3115291782282,-3.82732181015306,0,Malignant cells,Malignant,Malignant,Patient 1,Patient 1,Tumor,0.387237694047898,0.387237694047898
HCC1_COL3_ROW24,-7.53006269415839,-3.60328463974291,0,Malignant cells,Malignant,Malignant,Patient 1,Patient 1,Tumor,-0.219829939932912,-0.219829939932912
HCC1_COL3_ROW25,-9.4246931262873,-5.46378831329637,0,Malignant cells,Malignant,Malignant,Patient 1,Patient 1,Tumor,0.517903112567283,0.517903112567283
HCC1_COL3_ROW26,-8.21565963706001,-4.82786635818773,0,Malignant cells,Malignant,Malignant,Patient 1,Patient 1,Tumor,0.508385989546766,0.508385989546766
HCC1_COL3_ROW27,-9.20646192511543,-5.53173045578294,0,Malignant cells,Malignant,Malignant,Patient 1,Patient 1,Tumor,0.433263125048756,0.433263125048756
HCC1_COL3_ROW28,-9.16367151221259,-2.55425838890367,0,Malignant cells,Malignant,Malignant,Patient 1,Patient 1,Tumor,0.584132927685467,0.584132927685467
HCC1_COL3_ROW29,-10.2808704563044,-4.37084035339647,0,Malignant cells,Malignant,Malignant,Patient 1,Patient 1,Tumor,-0.228957016927997,-0.228957016927997
HCC1_COL3_ROW3,-9.26428510626777,-5.43945054474168,0,Malignant cells,Malignant,Malignant,Patient 1,Patient 1,Tumor,0.510102192058663,0.510102192058663
HCC1_COL3_ROW30,-9.39279462775214,-3.50957087936693,0,Malignant cells,Malignant,Malignant,Patient 1,Patient 1,Tumor,-0.275450503159373,-0.275450503159373
HCC1_COL3_ROW31,-9.55515481909736,-2.48838309707933,0,Malignant cells,Malignant,Malignant,Patient 1,Patient 1,Tumor,0.554801466573056,0.554801466573056
HCC1_COL3_ROW32,2.21686099091546,-1.27392510834032,6,Immune cells,Mono/Macro,Mono/Macro,Patient 1,Patient 1,Tumor,0.582572743583743,0.582572743583743
HCC1_COL3_ROW33,-8.36855699500068,-5.09040765228563,0,Malignant cells,Malignant,Malignant,Patient 1,Patient 1,Tumor,0.448084874015134,0.448084874015134
HCC1_COL3_ROW34,2.4965293220617,-1.24100593986803,6,Immune cells,Mono/Macro,Mono/Macro,Patient 1,Patient 1,Tumor,-0.186051954130587,-0.186051954130587
HCC1_COL3_ROW35,-8.27711250266059,-5.09987000885301,0,Malignant cells,Malignant,Malignant,Patient 1,Patient 1,Tumor,0.550042905062797,0.550042905062797
HCC1_COL3_ROW36,-8.96121551474555,-3.40460662308031,0,Malignant cells,Malignant,Malignant,Patient 1,Patient 1,Tumor,0.558701926827366,0.558701926827366
HCC1_COL3_ROW37,-9.5975504108332,-4.87316779556566,0,Malignant cells,Malignant,Malignant,Patient 1,Patient 1,Tumor,0.53171074186754,0.53171074186754
HCC1_COL3_ROW38,-6.85505916556342,-4.22945527496629,0,Malignant cells,Malignant,Malignant,Patient 1,Patient 1,Tumor,-0.202277868788517,-0.202277868788517
HCC1_COL3_ROW39,-9.88785078009589,-5.31378201904588,0,Malignant cells,Malignant,Malignant,Patient 1,Patient 1,Tumor,0.584991028941415,0.584991028941415
HCC1_COL3_ROW4,-7.58581735571845,-4.20614699783617,0,Malignant cells,Malignant,Malignant,Patient 1,Patient 1,Tumor,0.510414228879008,0.510414228879008
HCC1_COL3_ROW40,-9.48219301184638,-4.04175834121996,0,Malignant cells,Malignant,Malignant,Patient 1,Patient 1,Tumor,-0.206646384273344,-0.206646384273344
HCC1_COL3_ROW5,-9.54130269965156,-4.20170049133592,0,Malignant cells,Malignant,Malignant,Patient 1,Patient 1,Tumor,0.359232389421952,0.359232389421952
HCC1_COL3_ROW6,-9.09193899115546,-5.67113379898363,0,Malignant cells,Malignant,Malignant,Patient 1,Patient 1,Tumor,0.562446368671503,0.562446368671503
HCC1_COL3_ROW7,-10.4407453723811,-4.14994649353319,0,Malignant cells,Malignant,Malignant,Patient 1,Patient 1,Tumor,0.594274124346673,0.594274124346673
HCC1_COL3_ROW8,-8.19345619162543,-4.56354979934984,0,Malignant cells,Malignant,Malignant,Patient 1,Patient 1,Tumor,-0.217021608549809,-0.217021608549809
HCC1_COL3_ROW9,-10.3759460636042,-4.46840457382494,0,Malignant cells,Malignant,Malignant,Patient 1,Patient 1,Tumor,0.179967236133864,0.179967236133864
HCC1_COL4_ROW1,-10.0890989490412,-4.00253848495775,0,Malignant cells,Malignant,Malignant,Patient 1,Patient 1,Tumor,0.550979015523832,0.550979015523832
HCC1_COL4_ROW10,3.60575435677544,-2.52642874183946,6,Immune cells,Mono/Macro,Mono/Macro,Patient 1,Patient 1,Tumor,-0.197753334893517,-0.197753334893517
HCC1_COL4_ROW11,-8.05399705847724,-4.3926256126433,0,Malignant cells,Malignant,Malignant,Patient 1,Patient 1,Tumor,0.501833216319526,0.501833216319526
HCC1_COL4_ROW12,-10.1129522510432,-4.7476208633452,0,Malignant cells,Malignant,Malignant,Patient 1,Patient 1,Tumor,-0.249473437865668,-0.249473437865668
HCC1_COL4_ROW13,2.66909812012689,-1.38062004509264,6,Immune cells,Mono/Macro,Mono/Macro,Patient 1,Patient 1,Tumor,-0.194086902254466,-0.194086902254466
HCC1_COL4_ROW14,-8.40310813864692,-5.12967900696092,0,Malignant cells,Malignant,Malignant,Patient 1,Patient 1,Tumor,-0.234885716514549,-0.234885716514549
HCC1_COL4_ROW15,-9.40946485480293,-2.78131560745531,0,Malignant cells,Malignant,Malignant,Patient 1,Patient 1,Tumor,-0.280833138310321,-0.280833138310321
HCC1_COL4_ROW16,-10.0102377124689,-4.49778012695604,0,Malignant cells,Malignant,Malignant,Patient 1,Patient 1,Tumor,0.589593572041501,0.589593572041501
HCC1_COL4_ROW17,-10.5164280124567,-5.02398709717088,0,Malignant cells,Malignant,Malignant,Patient 1,Patient 1,Tumor,0.37015367813402,0.37015367813402
HCC1_COL4_ROW18,-12.1202402301691,-3.65874413910204,9,Malignant cells,Malignant,Malignant,Patient 1,Patient 1,Tumor,0.58140260550745,0.58140260550745
HCC1_COL4_ROW19,-8.66271116217597,-5.49903230133348,0,Malignant cells,Malignant,Malignant,Patient 1,Patient 1,Tumor,-0.195101021920587,-0.195101021920587
HCC1_COL4_ROW2,-10.2646093555353,-4.5340240425139,0,Malignant cells,Malignant,Malignant,Patient 1,Patient 1,Tumor,0.500039004602543,0.500039004602543
HCC1_COL4_ROW20,-10.3278303333186,-4.2086017555266,0,Malignant cells,Malignant,Malignant,Patient 1,Patient 1,Tumor,-0.225758639519463,-0.225758639519463
HCC1_COL4_ROW21,-7.58356620749457,-4.54429463806444,0,Malignant cells,Malignant,Malignant,Patient 1,Patient 1,Tumor,0.459942273188236,0.459942273188236
HCC1_COL4_ROW22,-11.0808286853693,-3.74112872543626,0,Malignant cells,Malignant,Malignant,Patient 1,Patient 1,Tumor,0.523363756923317,0.523363756923317
HCC1_COL4_ROW23,-8.89079858740791,-3.02198771896654,0,Malignant cells,Malignant,Malignant,Patient 1,Patient 1,Tumor,0.583508854044777,0.583508854044777
HCC1_COL4_ROW24,-8.36771680792793,-4.67588881912523,0,Malignant cells,Malignant,Malignant,Patient 1,Patient 1,Tumor,0.527888290818316,0.527888290818316
HCC1_COL4_ROW25,-10.7319679447077,-4.70546702804857,0,Malignant cells,Malignant,Malignant,Patient 1,Patient 1,Tumor,-0.29479678602075,-0.29479678602075
HCC1_COL4_ROW26,-9.70890142401679,-3.02898005905443,0,Malignant cells,Malignant,Malignant,Patient 1,Patient 1,Tumor,0.559716046493486,0.559716046493486
HCC1_COL4_ROW27,-9.11120798071845,-2.06183080139452,0,Malignant cells,Malignant,Malignant,Patient 1,Patient 1,Tumor,0.529526484125127,0.529526484125127
HCC1_COL4_ROW28,-7.57995941122993,-3.69182042541795,0,Malignant cells,Malignant,Malignant,Patient 1,Patient 1,Tumor,0.504719556907715,0.504719556907715
HCC1_COL4_ROW29,-9.35918046912177,-3.67524127426439,0,Malignant cells,Malignant,Malignant,Patient 1,Patient 1,Tumor,-0.270067868008425,-0.270067868008425
HCC1_COL4_ROW3,-9.4788398929499,-5.97847918930345,0,Malignant cells,Malignant,Malignant,Patient 1,Patient 1,Tumor,-0.209454715656447,-0.209454715656447
HCC1_COL4_ROW30,-9.49535657843574,-2.12066845360094,0,Malignant cells,Malignant,Malignant,Patient 1,Patient 1,Tumor,-0.343474529994539,-0.343474529994539
HCC1_COL4_ROW31,-9.58824636420234,-2.21684412422472,0,Malignant cells,Malignant,Malignant,Patient 1,Patient 1,Tumor,0.522583664872455,0.522583664872455
HCC1_COL4_ROW32,-9.84298707922919,-4.826658529666,0,Malignant cells,Malignant,Malignant,Patient 1,Patient 1,Tumor,0.426632342616429,0.426632342616429
HCC1_COL4_ROW33,-9.82923700293525,-4.18463067474657,0,Malignant cells,Malignant,Malignant,Patient 1,Patient 1,Tumor,0.585381074966846,0.585381074966846
HCC1_COL4_ROW35,-5.92385627707465,-1.43017248573595,9,Malignant cells,Malignant,Malignant,Patient 1,Patient 1,Tumor,-0.225914657929636,-0.225914657929636
HCC1_COL4_ROW36,-8.42754175147041,-4.68815497818285,0,Malignant cells,Malignant,Malignant,Patient 1,Patient 1,Tumor,-0.227162805211015,-0.227162805211015
HCC1_COL4_ROW37,-10.5442085452936,-3.97269515457445,0,Malignant cells,Malignant,Malignant,Patient 1,Patient 1,Tumor,0.59084171932288,0.59084171932288
HCC1_COL4_ROW38,-9.60451604804023,-2.81231002273851,0,Malignant cells,Malignant,Malignant,Patient 1,Patient 1,Tumor,0.294328730790233,0.294328730790233
HCC1_COL4_ROW39,-10.2051420398615,-4.6047027534514,0,Malignant cells,Malignant,Malignant,Patient 1,Patient 1,Tumor,0.571573445666589,0.571573445666589
HCC1_COL4_ROW4,-8.3966374584101,-4.95031814041429,0,Malignant cells,Malignant,Malignant,Patient 1,Patient 1,Tumor,0.57625399797176,0.57625399797176
HCC1_COL4_ROW40,-7.45015956839545,-4.34064130249315,0,Malignant cells,Malignant,Malignant,Patient 1,Patient 1,Tumor,0.510336219673922,0.510336219673922
HCC1_COL4_ROW5,-7.92636491736396,-5.6812203353911,0,Malignant cells,Malignant,Malignant,Patient 1,Patient 1,Tumor,0.513066541851938,0.513066541851938
HCC1_COL4_ROW6,-13.344029445257,-3.43137053909593,9,Malignant cells,Malignant,Malignant,Patient 1,Patient 1,Tumor,0.461580466495046,0.461580466495046
HCC1_COL4_ROW7,-7.11803867300971,-4.12769345703417,0,Malignant cells,Malignant,Malignant,Patient 1,Patient 1,Tumor,0.561744285825727,0.561744285825727
HCC1_COL4_ROW8,-10.6723756976984,-4.53088073196703,0,Malignant cells,Malignant,Malignant,Patient 1,Patient 1,Tumor,0.560028083313831,0.560028083313831
HCC1_COL4_ROW9,-7.02875234564765,-4.86764840545946,0,Malignant cells,Malignant,Malignant,Patient 1,Patient 1,Tumor,0.557063733520555,0.557063733520555
HCC1_COL5_ROW1,-8.84099246939643,-4.87523869934374,0,Malignant cells,Malignant,Malignant,Patient 1,Patient 1,Tumor,0.546766518449177,0.546766518449177
HCC1_COL5_ROW10,-10.2134838291071,-4.15291861954027,0,Malignant cells,Malignant,Malignant,Patient 1,Patient 1,Tumor,0.574771823075123,0.574771823075123
HCC1_COL5_ROW11,-8.18065502127631,-4.02196483078294,0,Malignant cells,Malignant,Malignant,Patient 1,Patient 1,Tumor,0.546688509244091,0.546688509244091
HCC1_COL5_ROW12,-7.72714664420112,-5.00962571564012,0,Malignant cells,Malignant,Malignant,Patient 1,Patient 1,Tumor,0.602621109290896,0.602621109290896
HCC1_COL5_ROW13,-8.43956615408881,-4.40793208542162,0,Malignant cells,Malignant,Malignant,Patient 1,Patient 1,Tumor,-0.204228098915672,-0.204228098915672
HCC1_COL5_ROW14,-8.33395101508125,-4.367918295291,0,Malignant cells,Malignant,Malignant,Patient 1,Patient 1,Tumor,0.450503159372806,0.450503159372806
HCC1_COL5_ROW15,-7.07769634207709,-4.30435304107958,0,Malignant cells,Malignant,Malignant,Patient 1,Patient 1,Tumor,0.472735782822373,0.472735782822373
HCC1_COL5_ROW16,-9.78677370032294,-4.25342587890917,0,Malignant cells,Malignant,Malignant,Patient 1,Patient 1,Tumor,0.5573757703409,0.5573757703409
HCC1_COL5_ROW17,-10.6614761539362,-4.88885335388475,0,Malignant cells,Malignant,Malignant,Patient 1,Patient 1,Tumor,0.433809189484359,0.433809189484359
HCC1_COL5_ROW18,-7.75564147910102,-4.69706611099535,0,Malignant cells,Malignant,Malignant,Patient 1,Patient 1,Tumor,0.576956080817536,0.576956080817536
HCC1_COL5_ROW19,-9.7216205783747,-3.95755509796434,0,Malignant cells,Malignant,Malignant,Patient 1,Patient 1,Tumor,0.532100787892971,0.532100787892971
HCC1_COL5_ROW2,2.47220442811028,-1.25758747520738,6,Immune cells,Mono/Macro,Mono/Macro,Patient 1,Patient 1,Tumor,-0.196427178407052,-0.196427178407052
HCC1_COL5_ROW20,-10.0975208469294,-4.7538030571013,0,Malignant cells,Malignant,Malignant,Patient 1,Patient 1,Tumor,0.407676105780482,0.407676105780482
HCC1_COL5_ROW21,-12.5017795749567,-3.49564771118456,9,Malignant cells,Malignant,Malignant,Patient 1,Patient 1,Tumor,0.54177392932366,0.54177392932366
HCC1_COL5_ROW22,-8.38078309973701,-5.51781539383226,0,Malignant cells,Malignant,Malignant,Patient 1,Patient 1,Tumor,0.466339028005305,0.466339028005305
HCC1_COL5_ROW23,-12.5510149188898,-3.44648198547655,9,Malignant cells,Malignant,Malignant,Patient 1,Patient 1,Tumor,-0.262813011935408,-0.262813011935408
HCC1_COL5_ROW24,-9.96863367041572,-5.54770068588548,0,Malignant cells,Malignant,Malignant,Patient 1,Patient 1,Tumor,0.527342226382713,0.527342226382713
HCC1_COL5_ROW25,-9.29086877783759,-5.10545091095262,0,Malignant cells,Malignant,Malignant,Patient 1,Patient 1,Tumor,-0.235431780950152,-0.235431780950152
HCC1_COL5_ROW26,-6.68095161398872,-4.3508923477202,0,Malignant cells,Malignant,Malignant,Patient 1,Patient 1,Tumor,-0.234885716514549,-0.234885716514549
HCC1_COL5_ROW27,-10.6193580814265,-4.30124930801683,0,Malignant cells,Malignant,Malignant,Patient 1,Patient 1,Tumor,-0.261174818628598,-0.261174818628598
HCC1_COL5_ROW28,-10.5545911975764,-4.31115750732713,0,Malignant cells,Malignant,Malignant,Patient 1,Patient 1,Tumor,0.589437553631328,0.589437553631328
HCC1_COL5_ROW29,-8.93405868491157,-4.43226270141893,0,Malignant cells,Malignant,Malignant,Patient 1,Patient 1,Tumor,0.558701926827365,0.558701926827365
HCC1_COL5_ROW3,-12.4272728153132,-3.55016164245897,9,Malignant cells,Malignant,Malignant,Patient 1,Patient 1,Tumor,-0.278414852952648,-0.278414852952648
HCC1_COL5_ROW30,-9.8176431842707,-4.37216786804491,0,Malignant cells,Malignant,Malignant,Patient 1,Patient 1,Tumor,0.318277556751697,0.318277556751697
HCC1_COL5_ROW31,-8.76043846091254,-5.36761693420702,0,Malignant cells,Malignant,Malignant,Patient 1,Patient 1,Tumor,-0.227396832826274,-0.227396832826274
HCC1_COL5_ROW32,-7.91701795538886,-4.74996594848924,0,Malignant cells,Malignant,Malignant,Patient 1,Patient 1,Tumor,0.47156564474608,0.47156564474608
HCC1_COL5_ROW33,-9.3821954913996,-4.00368956985765,0,Malignant cells,Malignant,Malignant,Patient 1,Patient 1,Tumor,0.594820188782276,0.594820188782276
HCC1_COL5_ROW34,-9.55908777197822,-3.84751586380296,0,Malignant cells,Malignant,Malignant,Patient 1,Patient 1,Tumor,0.578282237304002,0.578282237304002
HCC1_COL5_ROW35,-9.49401571234687,-4.76248340072923,0,Malignant cells,Malignant,Malignant,Patient 1,Patient 1,Tumor,-0.282861377642562,-0.282861377642562
HCC1_COL5_ROW36,-10.3496866413019,-4.61458758774095,0,Malignant cells,Malignant,Malignant,Patient 1,Patient 1,Tumor,0.538341524299867,0.538341524299867
HCC1_COL5_ROW37,-9.10026885947211,-5.42008857193285,0,Malignant cells,Malignant,Malignant,Patient 1,Patient 1,Tumor,-0.206256338247913,-0.206256338247913
HCC1_COL5_ROW38,-12.4628410526179,-3.47706870498949,9,Malignant cells,Malignant,Malignant,Patient 1,Patient 1,Tumor,0.580934550276933,0.580934550276933
HCC1_COL5_ROW39,-13.2664261051081,-3.43717841568285,9,Malignant cells,Malignant,Malignant,Patient 1,Patient 1,Tumor,-0.271940088930494,-0.271940088930494
HCC1_COL5_ROW4,-1.22455398092045,7.51153584060377,9,Malignant cells,Malignant,Malignant,Patient 1,Patient 1,Tumor,-0.288712068024027,-0.288712068024027
HCC1_COL5_ROW40,-5.86581375082954,-1.36579350891405,9,Malignant cells,Malignant,Malignant,Patient 1,Patient 1,Tumor,-0.224666510648256,-0.224666510648256
HCC1_COL5_ROW5,-9.65861513098701,-5.89025811615282,0,Malignant cells,Malignant,Malignant,Patient 1,Patient 1,Tumor,0.601216943599345,0.601216943599345
HCC1_COL5_ROW6,-7.69558240851386,-5.05652121963792,0,Malignant cells,Malignant,Malignant,Patient 1,Patient 1,Tumor,0.478196427178407,0.478196427178407
HCC1_COL5_ROW7,-10.5424194522761,-4.84535340729051,0,Malignant cells,Malignant,Malignant,Patient 1,Patient 1,Tumor,-0.28988220610032,-0.28988220610032
HCC1_COL5_ROW8,-8.88784219702705,-4.86556605758958,0,Malignant cells,Malignant,Malignant,Patient 1,Patient 1,Tumor,-0.197129261252828,-0.197129261252828
HCC1_COL5_ROW9,-6.73940422018989,-4.4385183280974,0,Malignant cells,Malignant,Malignant,Patient 1,Patient 1,Tumor,-0.190576488025587,-0.190576488025587
HCC1_COL6_ROW1,-9.20500614127143,-5.69848946991258,0,Malignant cells,Malignant,Malignant,Patient 1,Patient 1,Tumor,0.539823699196505,0.539823699196505
HCC1_COL6_ROW10,-9.95501043280585,-4.47281484070116,0,Malignant cells,Malignant,Malignant,Patient 1,Patient 1,Tumor,0.542007956938919,0.542007956938919
HCC1_COL6_ROW11,-9.09368135413154,-4.24381904068285,0,Malignant cells,Malignant,Malignant,Patient 1,Patient 1,Tumor,0.472891801232545,0.472891801232545
HCC1_COL6_ROW12,-9.3956518360041,-3.73366670074754,0,Malignant cells,Malignant,Malignant,Patient 1,Patient 1,Tumor,-0.237772057102738,-0.237772057102738
HCC1_COL6_ROW13,-12.5822076984309,-3.46677283706957,9,Malignant cells,Malignant,Malignant,Patient 1,Patient 1,Tumor,0.404867774397379,0.404867774397379
HCC1_COL6_ROW14,-9.3310184665583,-5.13356761398607,0,Malignant cells,Malignant,Malignant,Patient 1,Patient 1,Tumor,0.542866058194867,0.542866058194867
HCC1_COL6_ROW15,-9.61703588446601,-5.02330569687181,0,Malignant cells,Malignant,Malignant,Patient 1,Patient 1,Tumor,0.57687807161245,0.57687807161245
HCC1_COL6_ROW16,-8.82157375296577,-6.00957993927293,0,Malignant cells,Malignant,Malignant,Patient 1,Patient 1,Tumor,0.500039004602543,0.500039004602543
HCC1_COL6_ROW17,-8.05156995734199,-5.26401881637865,0,Malignant cells,Malignant,Malignant,Patient 1,Patient 1,Tumor,0.510336219673922,0.510336219673922
HCC1_COL6_ROW18,-7.74550153693183,-5.3454516357451,0,Malignant cells,Malignant,Malignant,Patient 1,Patient 1,Tumor,0.531164677431937,0.531164677431937
HCC1_COL6_ROW19,-8.93815519293769,-6.29153470459276,0,Malignant cells,Malignant,Malignant,Patient 1,Patient 1,Tumor,0.531632732662454,0.531632732662454
HCC1_COL6_ROW2,-10.8511457630061,-4.44200257721239,0,Malignant cells,Malignant,Malignant,Patient 1,Patient 1,Tumor,0.405413838832982,0.405413838832982
HCC1_COL6_ROW20,-8.8023262210749,-6.14755229416185,0,Malignant cells,Malignant,Malignant,Patient 1,Patient 1,Tumor,0.532880879943833,0.532880879943833
HCC1_COL6_ROW21,-8.85859825095161,-2.5315404361754,0,Malignant cells,Malignant,Malignant,Patient 1,Patient 1,Tumor,0.594196115141587,0.594196115141587
HCC1_COL6_ROW22,-8.85971929511054,-3.36064509811693,0,Malignant cells,Malignant,Malignant,Patient 1,Patient 1,Tumor,0.525938060691162,0.525938060691162
HCC1_COL6_ROW23,-12.2563772388361,-3.52684049072557,9,Malignant cells,Malignant,Malignant,Patient 1,Patient 1,Tumor,0.262422965909977,0.262422965909977
HCC1_COL6_ROW24,-6.85393764456733,-4.62067250671678,0,Malignant cells,Malignant,Malignant,Patient 1,Patient 1,Tumor,-0.200249629456276,-0.200249629456276
HCC1_COL6_ROW25,-1.15893478324636,7.81055231628126,10,Malignant cells,Malignant,Malignant,Patient 1,Patient 1,Tumor,0.322412044621265,0.322412044621265
HCC1_COL6_ROW26,-7.95068551978095,-5.47495297851854,0,Malignant cells,Malignant,Malignant,Patient 1,Patient 1,Tumor,0.591231765348311,0.591231765348311
HCC1_COL6_ROW27,-12.0764599033259,-3.58929280700975,9,Malignant cells,Malignant,Malignant,Patient 1,Patient 1,Tumor,0.211482954988689,0.211482954988689
HCC1_COL6_ROW28,-9.71063711127265,-3.1463401741057,0,Malignant cells,Malignant,Malignant,Patient 1,Patient 1,Tumor,0.568999141898744,0.568999141898744
HCC1_COL6_ROW29,-13.1288061328791,-3.52596644821458,9,Malignant cells,Malignant,Malignant,Patient 1,Patient 1,Tumor,0.512676495826507,0.512676495826507
HCC1_COL6_ROW3,-8.88628532370551,-5.9106486267119,0,Malignant cells,Malignant,Malignant,Patient 1,Patient 1,Tumor,-0.236445900616273,-0.236445900616273
HCC1_COL6_ROW30,-8.53879930457099,-4.61094741287523,0,Malignant cells,Malignant,Malignant,Patient 1,Patient 1,Tumor,0.567594976207192,0.567594976207192
HCC1_COL6_ROW31,-6.96407749136909,-4.79881362381273,0,Malignant cells,Malignant,Malignant,Patient 1,Patient 1,Tumor,-0.188002184257742,-0.188002184257742
HCC1_COL6_ROW32,-9.05669357260688,-4.18796376648241,0,Malignant cells,Malignant,Malignant,Patient 1,Patient 1,Tumor,0.478196427178407,0.478196427178407
HCC1_COL6_ROW33,-9.99097349127753,-3.83095197143846,0,Malignant cells,Malignant,Malignant,Patient 1,Patient 1,Tumor,0.354083781886263,0.354083781886263
HCC1_COL6_ROW34,-8.77466728171333,-4.26912908020311,0,Malignant cells,Malignant,Malignant,Patient 1,Patient 1,Tumor,-0.225914657929636,-0.225914657929636
HCC1_COL6_ROW35,2.69435785332696,-1.45106105270677,6,Immune cells,Mono/Macro,Mono/Macro,Patient 1,Patient 1,Tumor,0.541929947733833,0.541929947733833
HCC1_COL6_ROW36,-8.62733509024604,-4.01268987121874,0,Malignant cells,Malignant,Malignant,Patient 1,Patient 1,Tumor,-0.268429674701615,-0.268429674701615
HCC1_COL6_ROW37,-13.3300571628474,-3.40492467346483,9,Malignant cells,Malignant,Malignant,Patient 1,Patient 1,Tumor,-0.308214369295577,-0.308214369295577
HCC1_COL6_ROW38,-10.4133749195002,-4.36964349212938,0,Malignant cells,Malignant,Malignant,Patient 1,Patient 1,Tumor,-0.265543334113425,-0.265543334113425
HCC1_COL6_ROW39,-9.04462673148139,-3.61802749100023,0,Malignant cells,Malignant,Malignant,Patient 1,Patient 1,Tumor,0.520555425540214,0.520555425540214
HCC1_COL6_ROW4,-9.4431953616999,-4.16699437561327,0,Malignant cells,Malignant,Malignant,Patient 1,Patient 1,Tumor,0.579062329354864,0.579062329354864
HCC1_COL6_ROW40,-9.79117013892158,-5.30312566223436,0,Malignant cells,Malignant,Malignant,Patient 1,Patient 1,Tumor,0.592869958655121,0.592869958655121
HCC1_COL6_ROW5,-9.30247594794257,-3.41492347183519,0,Malignant cells,Malignant,Malignant,Patient 1,Patient 1,Tumor,0.581246587097277,0.581246587097277
HCC1_COL6_ROW6,-9.98708154639228,-4.24109439316087,0,Malignant cells,Malignant,Malignant,Patient 1,Patient 1,Tumor,0.537405413838833,0.537405413838833
HCC1_COL6_ROW7,-9.95957757910712,-4.8215897506743,0,Malignant cells,Malignant,Malignant,Patient 1,Patient 1,Tumor,0.571417427256416,0.571417427256416
HCC1_COL6_ROW8,-8.73059370001777,-5.11438064041429,0,Malignant cells,Malignant,Malignant,Patient 1,Patient 1,Tumor,0.597472501755207,0.597472501755207
HCC1_COL6_ROW9,-10.4490528293513,-4.08474902572923,0,Malignant cells,Malignant,Malignant,Patient 1,Patient 1,Tumor,0.542085966144005,0.542085966144005
HCC1_COL7_ROW1,-9.88544752081855,-5.26906947555833,0,Malignant cells,Malignant,Malignant,Patient 1,Patient 1,Tumor,-0.213355175910757,-0.213355175910757
HCC1_COL7_ROW10,-13.0883655734919,-3.51951865616136,9,Malignant cells,Malignant,Malignant,Patient 1,Patient 1,Tumor,-0.242920664638427,-0.242920664638427
HCC1_COL7_ROW11,-8.02489950140937,-4.98381833496385,0,Malignant cells,Malignant,Malignant,Patient 1,Patient 1,Tumor,-0.241750526562134,-0.241750526562134
HCC1_COL7_ROW12,-7.53510143240913,-4.37226895752245,0,Malignant cells,Malignant,Malignant,Patient 1,Patient 1,Tumor,0.489273734300647,0.489273734300647
HCC1_COL7_ROW13,-7.5467109866999,-4.78251723709398,0,Malignant cells,Malignant,Malignant,Patient 1,Patient 1,Tumor,0.464310788673064,0.464310788673064
HCC1_COL7_ROW14,-8.96933700522407,-3.30995683136278,0,Malignant cells,Malignant,Malignant,Patient 1,Patient 1,Tumor,0.521023480770731,0.521023480770731
HCC1_COL7_ROW15,-13.2799949832819,-3.38562945785814,9,Malignant cells,Malignant,Malignant,Patient 1,Patient 1,Tumor,-0.251657695608082,-0.251657695608082
HCC1_COL7_ROW16,-8.52731944998725,-5.95264987411791,0,Malignant cells,Malignant,Malignant,Patient 1,Patient 1,Tumor,-0.237460020282393,-0.237460020282393
HCC1_COL7_ROW17,-7.78558828314765,-4.64194802704149,0,Malignant cells,Malignant,Malignant,Patient 1,Patient 1,Tumor,-0.221078087214291,-0.221078087214291
HCC1_COL7_ROW18,-6.89839078864081,-4.05649833145433,0,Malignant cells,Malignant,Malignant,Patient 1,Patient 1,Tumor,-0.218971838676964,-0.218971838676964
HCC1_COL7_ROW19,-8.40178062399848,-3.36710195007616,0,Malignant cells,Malignant,Malignant,Patient 1,Patient 1,Tumor,0.512598486621421,0.512598486621421
HCC1_COL7_ROW2,-10.5858535953425,-4.38287190857225,0,Malignant cells,Malignant,Malignant,Patient 1,Patient 1,Tumor,0.592635931039862,0.592635931039862
HCC1_COL7_ROW20,-9.71235849341377,-4.41502360763841,0,Malignant cells,Malignant,Malignant,Patient 1,Patient 1,Tumor,-0.268897729932132,-0.268897729932132
HCC1_COL7_ROW21,-8.43299343070014,-3.64160327377611,0,Malignant cells,Malignant,Malignant,Patient 1,Patient 1,Tumor,-0.210780872142913,-0.210780872142913
HCC1_COL7_ROW22,-8.91983940085395,-4.95794848861986,0,Malignant cells,Malignant,Malignant,Patient 1,Patient 1,Tumor,-0.214759341602309,-0.214759341602309
HCC1_COL7_ROW23,-8.2388496585749,-4.3173344558745,0,Malignant cells,Malignant,Malignant,Patient 1,Patient 1,Tumor,0.489741789531165,0.489741789531165
HCC1_COL7_ROW24,-9.98111345252021,-4.73893956604295,0,Malignant cells,Malignant,Malignant,Patient 1,Patient 1,Tumor,0.549730868242453,0.549730868242453
HCC1_COL7_ROW25,-5.89250137289985,-1.38856796684557,9,Malignant cells,Malignant,Malignant,Patient 1,Patient 1,Tumor,-0.24143848974179,-0.24143848974179
HCC1_COL7_ROW26,-9.10232116660102,-2.0410767025023,0,Malignant cells,Malignant,Malignant,Patient 1,Patient 1,Tumor,-0.30259770652937,-0.30259770652937
HCC1_COL7_ROW27,-7.73855831107123,-5.13051299515062,0,Malignant cells,Malignant,Malignant,Patient 1,Patient 1,Tumor,-0.225992667134722,-0.225992667134722
HCC1_COL7_ROW28,-8.55521156271918,-4.20116404953294,0,Malignant cells,Malignant,Malignant,Patient 1,Patient 1,Tumor,-0.206568375068258,-0.206568375068258
HCC1_COL7_ROW29,-10.1036920734309,-5.5410631126433,0,Malignant cells,Malignant,Malignant,Patient 1,Patient 1,Tumor,0.54505031593728,0.54505031593728
HCC1_COL7_ROW3,-7.95863391837104,-4.5456994003325,0,Malignant cells,Malignant,Malignant,Patient 1,Patient 1,Tumor,0.508542007956939,0.508542007956939
HCC1_COL7_ROW30,-11.746994037237,-3.78864554825121,0,Malignant cells,Malignant,Malignant,Patient 1,Patient 1,Tumor,0.484281145175131,0.484281145175131
HCC1_COL7_ROW31,-8.74509050330146,-3.60691670837694,0,Malignant cells,Malignant,Malignant,Patient 1,Patient 1,Tumor,-0.221468133239722,-0.221468133239722
HCC1_COL7_ROW32,-7.73640777548774,-3.86949567261034,0,Malignant cells,Malignant,Malignant,Patient 1,Patient 1,Tumor,0.596536391294173,0.596536391294173
HCC1_COL7_ROW33,-10.193246860113,-3.99940089645677,0,Malignant cells,Malignant,Malignant,Patient 1,Patient 1,Tumor,-0.267025509010063,-0.267025509010063
HCC1_COL7_ROW34,-7.40779783209785,-4.68860415878587,0,Malignant cells,Malignant,Malignant,Patient 1,Patient 1,Tumor,-0.20672439347843,-0.20672439347843
HCC1_COL7_ROW35,-9.44118310889228,-5.30669288101488,0,Malignant cells,Malignant,Malignant,Patient 1,Patient 1,Tumor,0.500351041422888,0.500351041422888
HCC1_COL7_ROW36,-10.3096981235407,-5.29453019562059,0,Malignant cells,Malignant,Malignant,Patient 1,Patient 1,Tumor,0.385209454715656,0.385209454715656
HCC1_COL7_ROW37,-11.0790386386774,-3.85865621033006,0,Malignant cells,Malignant,Malignant,Patient 1,Patient 1,Tumor,-0.308682424526094,-0.308682424526094
HCC1_COL7_ROW38,-7.08773662528022,-4.2542913383513,0,Malignant cells,Malignant,Malignant,Patient 1,Patient 1,Tumor,-0.183087604337312,-0.183087604337312
HCC1_COL7_ROW39,-9.97985937079414,-2.29436282577806,0,Malignant cells,Malignant,Malignant,Patient 1,Patient 1,Tumor,0.30485997347687,0.30485997347687
HCC1_COL7_ROW4,-10.4691991992853,-4.46279076996141,0,Malignant cells,Malignant,Malignant,Patient 1,Patient 1,Tumor,0.521335517591076,0.521335517591076
HCC1_COL7_ROW40,-1.1798665822111,7.62114592132277,0,Malignant cells,Malignant,Malignant,Patient 1,Patient 1,Tumor,-0.252281769248771,-0.252281769248771
HCC1_COL7_ROW5,-9.71425439795478,-5.6920788711577,0,Malignant cells,Malignant,Malignant,Patient 1,Patient 1,Tumor,0.520477416335127,0.520477416335127
HCC1_COL7_ROW6,-7.30716468771918,-4.55034141006761,0,Malignant cells,Malignant,Malignant,Patient 1,Patient 1,Tumor,0.453467509166082,0.453467509166082
HCC1_COL7_ROW7,-10.3945837207697,-3.04518680038744,0,Malignant cells,Malignant,Malignant,Patient 1,Patient 1,Tumor,-0.305172010297215,-0.305172010297215
HCC1_COL7_ROW8,-5.85800935706123,-1.36053900184923,9,Malignant cells,Malignant,Malignant,Patient 1,Patient 1,Tumor,-0.246587097277479,-0.246587097277479
HCC1_COL7_ROW9,-6.80526449164374,-4.4630053466826,0,Malignant cells,Malignant,Malignant,Patient 1,Patient 1,Tumor,-0.23465168889929,-0.23465168889929
HCC1_COL8_ROW1,-10.0824566074274,-4.40100030365282,0,Malignant cells,Malignant,Malignant,Patient 1,Patient 1,Tumor,-0.276620641235666,-0.276620641235666
HCC1_COL8_ROW10,-12.395714778509,-3.54671697082811,9,Malignant cells,Malignant,Malignant,Patient 1,Patient 1,Tumor,0.325532412824713,0.325532412824713
HCC1_COL8_ROW11,-7.36047031363471,-4.36634950104051,0,Malignant cells,Malignant,Malignant,Patient 1,Patient 1,Tumor,-0.198143380918948,-0.198143380918948
HCC1_COL8_ROW12,-7.81598426779731,-5.07853393020921,0,Malignant cells,Malignant,Malignant,Patient 1,Patient 1,Tumor,0.510102192058663,0.510102192058663
HCC1_COL8_ROW13,-8.2085910030268,-4.61565570297533,0,Malignant cells,Malignant,Malignant,Patient 1,Patient 1,Tumor,-0.202277868788517,-0.202277868788517
HCC1_COL8_ROW14,-9.102857608404,-6.09328488769823,0,Malignant cells,Malignant,Malignant,Patient 1,Patient 1,Tumor,0.554645448162883,0.554645448162883
HCC1_COL8_ROW15,-6.97596122702582,-4.81650523605638,0,Malignant cells,Malignant,Malignant,Patient 1,Patient 1,Tumor,-0.183009595132226,-0.183009595132226
HCC1_COL8_ROW16,-12.526083011236,-3.5164344734221,9,Malignant cells,Malignant,Malignant,Patient 1,Patient 1,Tumor,0.358530306576176,0.358530306576176
HCC1_COL8_ROW17,-8.95600940665229,-3.94248895111375,0,Malignant cells,Malignant,Malignant,Patient 1,Patient 1,Tumor,0.595600280833138,0.595600280833138
HCC1_COL8_ROW18,-6.75515844305976,-4.03970364990526,0,Malignant cells,Malignant,Malignant,Patient 1,Patient 1,Tumor,-0.187066073796708,-0.187066073796708
HCC1_COL8_ROW19,-8.25517274817451,-5.80438451233202,0,Malignant cells,Malignant,Malignant,Patient 1,Patient 1,Tumor,0.517825103362197,0.517825103362197
HCC1_COL8_ROW2,-8.11904336890205,-5.59973124923998,0,Malignant cells,Malignant,Malignant,Patient 1,Patient 1,Tumor,0.505811685778922,0.505811685778922
HCC1_COL8_ROW20,-10.3553180881403,-4.4054258293181,0,Malignant cells,Malignant,Malignant,Patient 1,Patient 1,Tumor,0.591855838989001,0.591855838989001
HCC1_COL8_ROW21,-8.9857340045832,-6.13034753265672,0,Malignant cells,Malignant,Malignant,Patient 1,Patient 1,Tumor,0.577190108432795,0.577190108432795
HCC1_COL8_ROW22,-10.4043770023249,-4.52510432663255,0,Malignant cells,Malignant,Malignant,Patient 1,Patient 1,Tumor,0.538965597940557,0.538965597940557
HCC1_COL8_ROW23,-8.5243082233332,-5.55913571777635,0,Malignant cells,Malignant,Malignant,Patient 1,Patient 1,Tumor,0.587487323504174,0.587487323504174
HCC1_COL8_ROW24,9.08439634362237,-4.64174489441209,4,Immune cells,CD8T,CD8T,Patient 1,Patient 1,Tumor,0.524923941025041,0.524923941025041
HCC1_COL8_ROW25,-9.0779404827021,-3.65754060211473,0,Malignant cells,Malignant,Malignant,Patient 1,Patient 1,Tumor,0.527654263203058,0.527654263203058
HCC1_COL8_ROW26,3.11272142449395,-1.9065883583098,6,Immune cells,Mono/Macro,Mono/Macro,Patient 1,Patient 1,Tumor,-0.213199157500585,-0.213199157500585
HCC1_COL8_ROW27,-9.79606630286201,-3.52497653427416,0,Malignant cells,Malignant,Malignant,Patient 1,Patient 1,Tumor,-0.275840549184804,-0.275840549184804
HCC1_COL8_ROW28,-7.96622039755805,-4.09255151214891,0,Malignant cells,Malignant,Malignant,Patient 1,Patient 1,Tumor,0.596146345268742,0.596146345268742
HCC1_COL8_ROW29,2.95240638772027,-1.65820745888048,6,Immune cells,Mono/Macro,Mono/Macro,Patient 1,Patient 1,Tumor,0.537483423043919,0.537483423043919
HCC1_COL8_ROW3,-10.0823507495783,-3.32197789612108,0,Malignant cells,Malignant,Malignant,Patient 1,Patient 1,Tumor,0.543022076605039,0.543022076605039
HCC1_COL8_ROW30,-10.1035137363337,-4.18978290024095,0,Malignant cells,Malignant,Malignant,Patient 1,Patient 1,Tumor,0.514626725953662,0.514626725953662
HCC1_COL8_ROW31,-10.6449489780329,-4.59303597870165,0,Malignant cells,Malignant,Malignant,Patient 1,Patient 1,Tumor,0.599734768702707,0.599734768702707
HCC1_COL8_ROW32,-1.11280042311175,7.73604269561476,10,Malignant cells,Malignant,Malignant,Patient 1,Patient 1,Tumor,0.11990014821749,0.11990014821749
HCC1_COL8_ROW33,-8.06698896368964,-5.39409522476488,0,Malignant cells,Malignant,Malignant,Patient 1,Patient 1,Tumor,-0.26484125126765,-0.26484125126765
HCC1_COL8_ROW34,-8.48754407843574,-5.23526219787889,0,Malignant cells,Malignant,Malignant,Patient 1,Patient 1,Tumor,-0.225368593494032,-0.225368593494032
HCC1_COL8_ROW35,-8.88935901602729,-5.36028651657396,0,Malignant cells,Malignant,Malignant,Patient 1,Patient 1,Tumor,0.438021686559014,0.438021686559014
HCC1_COL8_ROW36,-9.59489347418769,-4.02109841766649,0,Malignant cells,Malignant,Malignant,Patient 1,Patient 1,Tumor,0.584835010531242,0.584835010531242
HCC1_COL8_ROW37,-10.4911623187922,-4.23810176315599,0,Malignant cells,Malignant,Malignant,Patient 1,Patient 1,Tumor,0.530852640611592,0.530852640611592
HCC1_COL8_ROW38,-7.80581333121284,-4.46742991867357,0,Malignant cells,Malignant,Malignant,Patient 1,Patient 1,Tumor,-0.203916062095327,-0.203916062095327
HCC1_COL8_ROW39,-8.45392705878242,-4.56682280960375,0,Malignant cells,Malignant,Malignant,Patient 1,Patient 1,Tumor,0.559950074108745,0.559950074108745
HCC1_COL8_ROW4,-11.5926733203791,-3.7263806289702,9,Malignant cells,Malignant,Malignant,Patient 1,Patient 1,Tumor,-0.283797488103596,-0.283797488103596
HCC1_COL8_ROW40,-9.11684514960273,-3.48465184631639,0,Malignant cells,Malignant,Malignant,Patient 1,Patient 1,Tumor,0.57586395194633,0.57586395194633
HCC1_COL8_ROW5,-11.0123329349421,-4.05816344681078,0,Malignant cells,Malignant,Malignant,Patient 1,Patient 1,Tumor,0.525626023870817,0.525626023870817
HCC1_COL8_ROW6,-9.52840997656806,-5.72675971451097,0,Malignant cells,Malignant,Malignant,Patient 1,Patient 1,Tumor,0.439035806225134,0.439035806225134
HCC1_COL8_ROW7,-7.46876575430854,-3.97511033478075,0,Malignant cells,Malignant,Malignant,Patient 1,Patient 1,Tumor,0.553787346906935,0.553787346906935
HCC1_COL8_ROW8,-9.9127474018,-4.19286231460863,0,Malignant cells,Malignant,Malignant,Patient 1,Patient 1,Tumor,0.52227162805211,0.52227162805211
HCC1_COL8_ROW9,-12.8369598575495,-3.60024289551073,9,Malignant cells,Malignant,Malignant,Patient 1,Patient 1,Tumor,0.45822607067634,0.45822607067634
HCC1_COL9_ROW1,-10.7024421878718,-4.36637620392137,0,Malignant cells,Malignant,Malignant,Patient 1,Patient 1,Tumor,0.282627350027303,0.282627350027303
HCC1_COL9_ROW10,-10.7385559268854,-4.39954976501756,0,Malignant cells,Malignant,Malignant,Patient 1,Patient 1,Tumor,-0.250331539121616,-0.250331539121616
HCC1_COL9_ROW11,-6.83580495795234,-4.08902673187547,0,Malignant cells,Malignant,Malignant,Patient 1,Patient 1,Tumor,0.480614712536079,0.480614712536079
HCC1_COL9_ROW12,-12.7462263294123,-3.51957730713182,9,Malignant cells,Malignant,Malignant,Patient 1,Patient 1,Tumor,0.388485841329277,0.388485841329277
HCC1_COL9_ROW13,-9.51366426428779,-3.45242099228197,0,Malignant cells,Malignant,Malignant,Patient 1,Patient 1,Tumor,-0.237694047897652,-0.237694047897652
HCC1_COL9_ROW14,-10.551982898321,-4.65402202072435,0,Malignant cells,Malignant,Malignant,Patient 1,Patient 1,Tumor,0.479600592869958,0.479600592869958
HCC1_COL9_ROW15,-10.7025432773493,-4.53322152557665,0,Malignant cells,Malignant,Malignant,Patient 1,Patient 1,Tumor,0.421795771901084,0.421795771901084
HCC1_COL9_ROW16,-7.08355619391425,-4.15801124038988,0,Malignant cells,Malignant,Malignant,Patient 1,Patient 1,Tumor,0.531242686637023,0.531242686637023
HCC1_COL9_ROW17,-9.9156599231623,-4.07574300232225,0,Malignant cells,Malignant,Malignant,Patient 1,Patient 1,Tumor,0.571105390436072,0.571105390436072
HCC1_COL9_ROW18,-8.04641057929023,-5.03968362274461,0,Malignant cells,Malignant,Malignant,Patient 1,Patient 1,Tumor,0.448708947655823,0.448708947655823
HCC1_COL9_ROW19,-8.48110534628852,-2.84448556366258,0,Malignant cells,Malignant,Malignant,Patient 1,Patient 1,Tumor,0.504641547702629,0.504641547702629
HCC1_COL9_ROW2,-9.15462018927558,-1.89522389831834,0,Malignant cells,Malignant,Malignant,Patient 1,Patient 1,Tumor,0.456041812933926,0.456041812933926
HCC1_COL9_ROW20,-7.82735158881171,-4.48298482361131,0,Malignant cells,Malignant,Malignant,Patient 1,Patient 1,Tumor,0.552461190420469,0.552461190420469
HCC1_COL9_ROW21,-9.39628984412177,-1.98944358291917,0,Malignant cells,Malignant,Malignant,Patient 1,Patient 1,Tumor,0.586083157812622,0.586083157812622
HCC1_COL9_ROW22,-10.1705398746394,-2.37434963646227,0,Malignant cells,Malignant,Malignant,Patient 1,Patient 1,Tumor,0.351509478118418,0.351509478118418
HCC1_COL9_ROW23,-8.82066966971381,-4.17725114288622,0,Malignant cells,Malignant,Malignant,Patient 1,Patient 1,Tumor,0.403775645526172,0.403775645526172
HCC1_COL9_ROW24,-9.11049940070136,-3.72491769256883,0,Malignant cells,Malignant,Malignant,Patient 1,Patient 1,Tumor,0.541617910913488,0.541617910913488
HCC1_COL9_ROW25,-11.007850665655,-3.74742536011034,0,Malignant cells,Malignant,Malignant,Patient 1,Patient 1,Tumor,0.584132927685467,0.584132927685467
HCC1_COL9_ROW26,-8.93336297949775,-2.40576652946764,0,Malignant cells,Malignant,Malignant,Patient 1,Patient 1,Tumor,0.531320695842109,0.531320695842109
HCC1_COL9_ROW27,-1.13581651827319,7.75505133208937,10,Malignant cells,Malignant,Malignant,Patient 1,Patient 1,Tumor,0.545362352757625,0.545362352757625
HCC1_COL9_ROW28,-8.03387739142402,-4.98763350906664,0,Malignant cells,Malignant,Malignant,Patient 1,Patient 1,Tumor,0.566346828925813,0.566346828925813
HCC1_COL9_ROW29,-10.1769714542292,-4.00929431381517,0,Malignant cells,Malignant,Malignant,Patient 1,Patient 1,Tumor,0.543334113425384,0.543334113425384
HCC1_COL9_ROW3,-7.87052490195258,-4.56435422363573,0,Malignant cells,Malignant,Malignant,Patient 1,Patient 1,Tumor,-0.223964427802481,-0.223964427802481
HCC1_COL9_ROW30,-9.96013452490791,-4.20670966568285,0,Malignant cells,Malignant,Malignant,Patient 1,Patient 1,Tumor,0.566346828925813,0.566346828925813
HCC1_COL9_ROW31,-10.0098676868342,-2.6194777912169,0,Malignant cells,Malignant,Malignant,Patient 1,Patient 1,Tumor,0.562758405491848,0.562758405491848
HCC1_COL9_ROW32,-7.3641872592829,-4.30707625809007,0,Malignant cells,Malignant,Malignant,Patient 1,Patient 1,Tumor,0.578204228098916,0.578204228098916
HCC1_COL9_ROW33,-9.09657527884467,-3.74448565903001,0,Malignant cells,Malignant,Malignant,Patient 1,Patient 1,Tumor,0.590919728527966,0.590919728527966
HCC1_COL9_ROW34,-9.82318593939765,-3.18284921112352,0,Malignant cells,Malignant,Malignant,Patient 1,Patient 1,Tumor,0.593416023090725,0.593416023090725
HCC1_COL9_ROW35,-8.90652801474555,-2.62291697922044,0,Malignant cells,Malignant,Malignant,Patient 1,Patient 1,Tumor,0.591309774553397,0.591309774553397
HCC1_COL9_ROW36,-10.496939677801,-3.41834763946825,0,Malignant cells,Malignant,Malignant,Patient 1,Patient 1,Tumor,0.35166549652859,0.35166549652859
HCC1_COL9_ROW37,-8.57159330328925,-5.97828320923143,0,Malignant cells,Malignant,Malignant,Patient 1,Patient 1,Tumor,-0.211482954988689,-0.211482954988689
HCC1_COL9_ROW38,-9.77761651953681,-3.48470143738084,0,Malignant cells,Malignant,Malignant,Patient 1,Patient 1,Tumor,0.590373664092363,0.590373664092363
HCC1_COL9_ROW39,3.07974527398126,-2.25680641594225,6,Immune cells,Mono/Macro,Mono/Macro,Patient 1,Patient 1,Tumor,0.462048521725564,0.462048521725564
HCC1_COL9_ROW4,-9.38232519110664,-2.94046382370287,0,Malignant cells,Malignant,Malignant,Patient 1,Patient 1,Tumor,0.483189016303924,0.483189016303924
HCC1_COL9_ROW40,-10.4259081073664,-4.56976060333543,0,Malignant cells,Malignant,Malignant,Patient 1,Patient 1,Tumor,0.597238474139949,0.597238474139949
HCC1_COL9_ROW5,-9.53778936346992,-5.70283536377245,0,Malignant cells,Malignant,Malignant,Patient 1,Patient 1,Tumor,-0.238240112333255,-0.238240112333255
HCC1_COL9_ROW6,-11.6962242313288,-3.573560041812,9,Malignant cells,Malignant,Malignant,Patient 1,Patient 1,Tumor,0.499258912551681,0.499258912551681
HCC1_COL9_ROW7,-10.083853740301,-2.83906201782518,0,Malignant cells,Malignant,Malignant,Patient 1,Patient 1,Tumor,0.566736874951244,0.566736874951244
HCC1_COL9_ROW8,-9.47966577490791,-5.56994990768724,0,Malignant cells,Malignant,Malignant,Patient 1,Patient 1,Tumor,0.408222170216085,0.408222170216085
HCC1_COL9_ROW9,-11.1373701282404,-3.48632506790453,0,Malignant cells,Malignant,Malignant,Patient 1,Patient 1,Tumor,0.571651454871675,0.571651454871675
HCC2_COL1_ROW1,3.39809701958672,4.15034504470534,1,Malignant cells,Malignant,Malignant,Patient 2,Patient 2,Tumor,0.493018176144785,0.493018176144785
HCC2_COL1_ROW10,3.22400138894097,-1.49337939682298,6,Immune cells,Mono/Macro,Mono/Macro,Patient 2,Patient 2,Tumor,0.451751306654185,0.451751306654185
HCC2_COL1_ROW11,2.97434566536919,3.06931193408675,1,Malignant cells,Malignant,Malignant,Patient 2,Patient 2,Tumor,0.472423746002028,0.472423746002028
HCC2_COL1_ROW12,2.98317668953912,2.78023047980971,1,Malignant cells,Malignant,Malignant,Patient 2,Patient 2,Tumor,0.557297761135814,0.557297761135814
HCC2_COL1_ROW13,3.60152528801934,3.12544794616408,1,Malignant cells,Malignant,Malignant,Patient 2,Patient 2,Tumor,0.527342226382713,0.527342226382713
HCC2_COL1_ROW14,5.93711422005669,2.67283936080641,1,Malignant cells,Malignant,Malignant,Patient 2,Patient 2,Tumor,0.132771667056713,0.132771667056713
HCC2_COL1_ROW15,3.44807956734673,3.33606358108229,1,Malignant cells,Malignant,Malignant,Patient 2,Patient 2,Tumor,0.489897807941337,0.489897807941337
HCC2_COL1_ROW16,5.17906854668633,3.52976794776625,1,Malignant cells,Malignant,Malignant,Patient 2,Patient 2,Tumor,0.599656759497621,0.599656759497621
HCC2_COL1_ROW17,2.29854891816155,3.50111980971999,1,Malignant cells,Malignant,Malignant,Patient 2,Patient 2,Tumor,0.406193930883844,0.406193930883844
HCC2_COL1_ROW18,3.87428854027764,-1.4387669986754,6,Immune cells,Mono/Macro,Mono/Macro,Patient 2,Patient 2,Tumor,0.412122630470395,0.412122630470395
HCC2_COL1_ROW19,2.83849475899712,3.57934399184889,1,Malignant cells,Malignant,Malignant,Patient 2,Patient 2,Tumor,0.481082767766596,0.481082767766596
HCC2_COL1_ROW2,3.67698047677056,3.19086785850233,1,Malignant cells,Malignant,Malignant,Patient 2,Patient 2,Tumor,0.508385989546767,0.508385989546767
HCC2_COL1_ROW20,3.71062133828179,-0.740298432734543,6,Immune cells,Mono/Macro,Mono/Macro,Patient 2,Patient 2,Tumor,0.485685310866682,0.485685310866682
HCC2_COL1_ROW21,4.01383493462579,3.30511327323622,1,Malignant cells,Malignant,Malignant,Patient 2,Patient 2,Tumor,-0.233325532412825,-0.233325532412825
HCC2_COL1_ROW22,3.19394109765069,1.23468980894542,6,Immune cells,Mono/Macro,Mono/Macro,Patient 2,Patient 2,Tumor,-0.24182853576722,-0.24182853576722
HCC2_COL1_ROW23,4.11188219109551,4.68363709983534,1,Malignant cells,Malignant,Malignant,Patient 2,Patient 2,Tumor,-0.249317419455496,-0.249317419455496
HCC2_COL1_ROW24,6.03666160622613,2.7737162881822,1,Malignant cells,Malignant,Malignant,Patient 2,Patient 2,Tumor,0.534519073250644,0.534519073250644
HCC2_COL1_ROW25,3.11901281395928,2.70646174487776,1,Malignant cells,Malignant,Malignant,Patient 2,Patient 2,Tumor,0.400343240502379,0.400343240502379
HCC2_COL1_ROW26,7.42058847466485,-6.34965209427171,4,Immune cells,CD8T,CD8T,Patient 2,Patient 2,Tumor,-0.237069974256962,-0.237069974256962
HCC2_COL1_ROW27,9.02205083886163,-4.6006858772307,4,Immune cells,CD8T,CD8T,Patient 2,Patient 2,Tumor,-0.261408846243857,-0.261408846243857
HCC2_COL1_ROW28,3.94864318886773,2.20697666940398,1,Malignant cells,Malignant,Malignant,Patient 2,Patient 2,Tumor,0.453311490755909,0.453311490755909
HCC2_COL1_ROW29,5.50847242394463,3.29335351524062,1,Malignant cells,Malignant,Malignant,Patient 2,Patient 2,Tumor,0.512364459006163,0.512364459006163
HCC2_COL1_ROW3,7.19614408532159,-6.41024093094164,4,Immune cells,CD8T,CD8T,Patient 2,Patient 2,Tumor,-0.254856073016616,-0.254856073016616
HCC2_COL1_ROW30,3.98945472756402,2.09136308965391,1,Malignant cells,Malignant,Malignant,Patient 2,Patient 2,Tumor,0.440205944301428,0.440205944301428
HCC2_COL1_ROW31,3.16064022103326,3.39660640296645,1,Malignant cells,Malignant,Malignant,Patient 2,Patient 2,Tumor,0.472345736796942,0.472345736796942
HCC2_COL1_ROW32,5.95528505364434,2.70633204517073,1,Malignant cells,Malignant,Malignant,Patient 2,Patient 2,Tumor,-0.319213667212731,-0.319213667212731
HCC2_COL1_ROW33,6.25981424370782,2.35808487472243,1,Malignant cells,Malignant,Malignant,Patient 2,Patient 2,Tumor,0.59700444652469,0.59700444652469
HCC2_COL1_ROW34,5.28181932488458,3.37333722648329,1,Malignant cells,Malignant,Malignant,Patient 2,Patient 2,Tumor,0.32951088228411,0.32951088228411
HCC2_COL1_ROW35,4.67463062325494,4.02018185195631,1,Malignant cells,Malignant,Malignant,Patient 2,Patient 2,Tumor,-0.295966924097043,-0.295966924097043
HCC2_COL1_ROW36,-1.2137591578625,14.6165024810762,1,Malignant cells,Malignant,Malignant,Patient 2,Patient 2,Tumor,0.503471409626336,0.503471409626336
HCC2_COL1_ROW37,3.06546876946465,3.35043497619337,1,Malignant cells,Malignant,Malignant,Patient 2,Patient 2,Tumor,0.435369373586083,0.435369373586083
HCC2_COL1_ROW38,7.55066869774835,-6.55607585373216,4,Immune cells,CD8T,CD8T,Patient 2,Patient 2,Tumor,0.391216163507294,0.391216163507294
HCC2_COL1_ROW4,2.9588894657232,2.95528812942213,1,Malignant cells,Malignant,Malignant,Patient 2,Patient 2,Tumor,0.542788048989781,0.542788048989781
HCC2_COL1_ROW40,3.8661103061773,2.49064679679579,1,Malignant cells,Malignant,Malignant,Patient 2,Patient 2,Tumor,0.434901318355566,0.434901318355566
HCC2_COL1_ROW5,2.92526815453545,3.35833879050917,1,Malignant cells,Malignant,Malignant,Patient 2,Patient 2,Tumor,0.478820500819097,0.478820500819097
HCC2_COL1_ROW6,5.18820093194024,3.03585167464918,1,Malignant cells,Malignant,Malignant,Patient 2,Patient 2,Tumor,0.277946797722131,0.277946797722131
HCC2_COL1_ROW7,5.47849271813409,2.71011300620741,1,Malignant cells,Malignant,Malignant,Patient 2,Patient 2,Tumor,0.586005148607536,0.586005148607536
HCC2_COL1_ROW8,4.85408018151299,2.44446034965224,1,Malignant cells,Malignant,Malignant,Patient 2,Patient 2,Tumor,0.274592401903425,0.274592401903425
HCC2_COL1_ROW9,4.15526721993462,1.96905465659804,1,Malignant cells,Malignant,Malignant,Patient 2,Patient 2,Tumor,0.510024182853577,0.510024182853577
HCC2_COL10_ROW1,3.016527157221,4.7272498184175,1,Malignant cells,Malignant,Malignant,Patient 2,Patient 2,Tumor,0.0856541071846478,0.0856541071846478
HCC2_COL10_ROW10,2.70874283829705,3.97102709350294,1,Malignant cells,Malignant,Malignant,Patient 2,Patient 2,Tumor,-0.319603713238162,-0.319603713238162
HCC2_COL10_ROW11,3.58587215462701,-1.06145457687669,6,Immune cells,Mono/Macro,Mono/Macro,Patient 2,Patient 2,Tumor,-0.235041734924721,-0.235041734924721
HCC2_COL10_ROW12,4.73913620034234,2.80901344356245,1,Malignant cells,Malignant,Malignant,Patient 2,Patient 2,Tumor,-0.311490755909197,-0.311490755909197
HCC2_COL10_ROW13,4.55275962868707,3.37822170791334,1,Malignant cells,Malignant,Malignant,Patient 2,Patient 2,Tumor,0.478586473203838,0.478586473203838
HCC2_COL10_ROW14,2.87077138939874,3.4277736717195,1,Malignant cells,Malignant,Malignant,Patient 2,Patient 2,Tumor,-0.219985958343084,-0.219985958343084
HCC2_COL10_ROW15,7.89544675866143,-5.61117486419969,4,Immune cells,CD8T,CD8T,Patient 2,Patient 2,Tumor,-0.227084796005929,-0.227084796005929
HCC2_COL10_ROW16,2.64011333504693,4.52569766578383,1,Malignant cells,Malignant,Malignant,Patient 2,Patient 2,Tumor,-0.358374288166004,-0.358374288166004
HCC2_COL10_ROW17,2.64294360199944,4.69897289809889,1,Malignant cells,Malignant,Malignant,Patient 2,Patient 2,Tumor,-0.351353459708246,-0.351353459708246
HCC2_COL10_ROW18,6.7292547039129,-5.3641775077849,4,Immune cells,CD8T,CD8T,Patient 2,Patient 2,Tumor,0.465324908339184,0.465324908339184
HCC2_COL10_ROW19,1.74695156136529,3.69621439513869,1,Malignant cells,Malignant,Malignant,Patient 2,Patient 2,Tumor,-0.346828925813246,-0.346828925813246
HCC2_COL10_ROW2,5.0156521610357,2.52848573264784,1,Malignant cells,Malignant,Malignant,Patient 2,Patient 2,Tumor,0.479210546844528,0.479210546844528
HCC2_COL10_ROW20,4.63657234231011,3.30408163604445,1,Malignant cells,Malignant,Malignant,Patient 2,Patient 2,Tumor,-0.316405335829628,-0.316405335829628
HCC2_COL10_ROW21,6.72177932778375,-5.31972341003709,4,Immune cells,CD8T,CD8T,Patient 2,Patient 2,Tumor,-0.227006786800842,-0.227006786800842
HCC2_COL10_ROW22,6.70513294259087,-5.25491647186571,4,Immune cells,CD8T,CD8T,Patient 2,Patient 2,Tumor,0.379514782744364,0.379514782744364
HCC2_COL10_ROW23,2.62789772072808,3.49562259254164,1,Malignant cells,Malignant,Malignant,Patient 2,Patient 2,Tumor,-0.224510492238084,-0.224510492238084
HCC2_COL10_ROW24,4.14103982964532,1.96388615903563,1,Malignant cells,Malignant,Malignant,Patient 2,Patient 2,Tumor,-0.206568375068258,-0.206568375068258
HCC2_COL10_ROW25,9.00506780663506,-4.54014234009081,4,Immune cells,CD8T,CD8T,Patient 2,Patient 2,Tumor,-0.227552851236446,-0.227552851236446
HCC2_COL10_ROW26,3.23412941018121,0.40999700364775,6,Immune cells,Mono/Macro,Mono/Macro,Patient 2,Patient 2,Tumor,-0.2040720805055,-0.2040720805055
HCC2_COL10_ROW27,4.02870414773003,2.03508861598677,1,Malignant cells,Malignant,Malignant,Patient 2,Patient 2,Tumor,-0.209454715656447,-0.209454715656447
HCC2_COL10_ROW28,3.72206829110162,3.50527759132094,1,Malignant cells,Malignant,Malignant,Patient 2,Patient 2,Tumor,-0.219283875497309,-0.219283875497309
HCC2_COL10_ROW29,3.1902332119085,-3.63455991211229,6,Immune cells,Mono/Macro,Mono/Macro,Patient 2,Patient 2,Tumor,-0.228176924877136,-0.228176924877136
HCC2_COL10_ROW3,3.51110456505792,2.83220501479811,1,Malignant cells,Malignant,Malignant,Patient 2,Patient 2,Tumor,-0.210156798502223,-0.210156798502223
HCC2_COL10_ROW30,8.99551485100762,-4.61632327499681,4,Immune cells,CD8T,CD8T,Patient 2,Patient 2,Tumor,-0.210234807707309,-0.210234807707309
HCC2_COL10_ROW31,3.5754027179815,2.73501296577162,1,Malignant cells,Malignant,Malignant,Patient 2,Patient 2,Tumor,-0.198221390124035,-0.198221390124035
HCC2_COL10_ROW32,2.56902001420037,3.41743894157118,1,Malignant cells,Malignant,Malignant,Patient 2,Patient 2,Tumor,0.452375380294875,0.452375380294875
HCC2_COL10_ROW33,2.55709455529229,3.54776402053542,1,Malignant cells,Malignant,Malignant,Patient 2,Patient 2,Tumor,-0.220766050393946,-0.220766050393946
HCC2_COL10_ROW34,3.07738588372247,2.30507655677504,1,Malignant cells,Malignant,Malignant,Patient 2,Patient 2,Tumor,-0.232935486387394,-0.232935486387394
HCC2_COL10_ROW35,2.53342721978204,3.25773282584853,1,Malignant cells,Malignant,Malignant,Patient 2,Patient 2,Tumor,-0.347140962633591,-0.347140962633591
HCC2_COL10_ROW36,1.73412225762383,3.79708023605055,1,Malignant cells,Malignant,Malignant,Patient 2,Patient 2,Tumor,-0.357672205320228,-0.357672205320228
HCC2_COL10_ROW37,3.24816654244439,2.86264820632643,1,Malignant cells,Malignant,Malignant,Patient 2,Patient 2,Tumor,-0.192136672127311,-0.192136672127311
HCC2_COL10_ROW38,3.16960237542169,3.09481795367903,1,Malignant cells,Malignant,Malignant,Patient 2,Patient 2,Tumor,-0.208050549964896,-0.208050549964896
HCC2_COL10_ROW4,9.05495832482354,-4.64016894760423,4,Immune cells,CD8T,CD8T,Patient 2,Patient 2,Tumor,-0.233715578438256,-0.233715578438256
HCC2_COL10_ROW40,3.46190784493462,3.20272632178969,1,Malignant cells,Malignant,Malignant,Patient 2,Patient 2,Tumor,0.175598720649037,0.175598720649037
HCC2_COL10_ROW5,2.57590339699761,3.68028493461317,1,Malignant cells,Malignant,Malignant,Patient 2,Patient 2,Tumor,-0.285201653795148,-0.285201653795148
HCC2_COL10_ROW6,4.66378543892877,4.51349993285841,1,Malignant cells,Malignant,Malignant,Patient 2,Patient 2,Tumor,0.549964895857711,0.549964895857711
HCC2_COL10_ROW7,4.50679443398492,3.44863291320509,1,Malignant cells,Malignant,Malignant,Patient 2,Patient 2,Tumor,-0.254388017786099,-0.254388017786099
HCC2_COL10_ROW8,4.11320207634942,2.01123507556624,1,Malignant cells,Malignant,Malignant,Patient 2,Patient 2,Tumor,-0.232779467977221,-0.232779467977221
HCC2_COL10_ROW9,4.5294723323919,3.51766701278395,1,Malignant cells,Malignant,Malignant,Patient 2,Patient 2,Tumor,0.557219751930728,0.557219751930728
HCC2_COL11_ROW1,4.12542961159722,3.52079291877455,1,Malignant cells,Malignant,Malignant,Patient 2,Patient 2,Tumor,0.372337935876433,0.372337935876433
HCC2_COL11_ROW10,8.92145345726983,-4.70414809646898,4,Immune cells,CD8T,CD8T,Patient 2,Patient 2,Tumor,-0.232311412746704,-0.232311412746704
HCC2_COL11_ROW11,5.82098815957086,-7.38682679596239,8,Stromal cells,Tprolif,Tprolif,Patient 2,Patient 2,Tumor,-0.244558857945237,-0.244558857945237
HCC2_COL11_ROW12,9.02511785546319,-4.61618737640672,4,Immune cells,CD8T,CD8T,Patient 2,Patient 2,Tumor,-0.230673219439894,-0.230673219439894
HCC2_COL11_ROW13,2.63710616150872,3.38201852378554,1,Malignant cells,Malignant,Malignant,Patient 2,Patient 2,Tumor,-0.194788985100242,-0.194788985100242
HCC2_COL11_ROW14,3.73717353859918,-1.31329063835436,6,Immune cells,Mono/Macro,Mono/Macro,Patient 2,Patient 2,Tumor,-0.243622747484203,-0.243622747484203
HCC2_COL11_ROW15,6.63500164071099,-5.26426772537523,4,Immune cells,CD8T,CD8T,Patient 2,Patient 2,Tumor,0.430532802870739,0.430532802870739
HCC2_COL11_ROW16,3.11567209282891,-2.38597969475084,6,Immune cells,Mono/Macro,Mono/Macro,Patient 2,Patient 2,Tumor,-0.271862079725408,-0.271862079725408
HCC2_COL11_ROW17,3.59113691369073,3.42811794814772,1,Malignant cells,Malignant,Malignant,Patient 2,Patient 2,Tumor,0.376628442156174,0.376628442156174
HCC2_COL11_ROW18,4.54812334099786,3.24377556380934,1,Malignant cells,Malignant,Malignant,Patient 2,Patient 2,Tumor,-0.297995163429285,-0.297995163429285
HCC2_COL11_ROW19,3.44046638527886,-0.903496069338853,6,Immune cells,Mono/Macro,Mono/Macro,Patient 2,Patient 2,Tumor,-0.222092206880412,-0.222092206880412
HCC2_COL11_ROW2,3.2827362827398,1.8569534593553,6,Immune cells,Mono/Macro,Mono/Macro,Patient 2,Patient 2,Tumor,0.598720649036586,0.598720649036586
HCC2_COL11_ROW20,4.19836566964166,2.32546027240462,1,Malignant cells,Malignant,Malignant,Patient 2,Patient 2,Tumor,-0.255246119042047,-0.255246119042047
HCC2_COL11_ROW21,6.27355621377007,2.48418255386061,1,Malignant cells,Malignant,Malignant,Patient 2,Patient 2,Tumor,0.347687027069194,0.347687027069194
HCC2_COL11_ROW22,3.27953146019952,-1.95936135711961,6,Immune cells,Mono/Macro,Mono/Macro,Patient 2,Patient 2,Tumor,-0.261642873859115,-0.261642873859115
HCC2_COL11_ROW23,3.32695529976861,1.82932897147841,6,Immune cells,Mono/Macro,Mono/Macro,Patient 2,Patient 2,Tumor,-0.208674623605585,-0.208674623605585
HCC2_COL11_ROW24,3.22612140694634,-0.872885031130845,6,Immune cells,Mono/Macro,Mono/Macro,Patient 2,Patient 2,Tumor,-0.227942897261877,-0.227942897261877
HCC2_COL11_ROW25,6.72342632332818,2.19097353753752,1,Malignant cells,Malignant,Malignant,Patient 2,Patient 2,Tumor,0.527186207972541,0.527186207972541
HCC2_COL11_ROW26,7.55639455834405,-5.93514041366869,4,Immune cells,CD8T,CD8T,Patient 2,Patient 2,Tumor,-0.242530618612996,-0.242530618612996
HCC2_COL11_ROW27,3.71686552086846,1.96659220990843,1,Malignant cells,Malignant,Malignant,Patient 2,Patient 2,Tumor,-0.226460722365239,-0.226460722365239
HCC2_COL11_ROW28,5.724290829096,2.80099888381667,1,Malignant cells,Malignant,Malignant,Patient 2,Patient 2,Tumor,-0.339028005304626,-0.339028005304626
HCC2_COL11_ROW29,1.92550991097466,2.9665383869142,1,Malignant cells,Malignant,Malignant,Patient 2,Patient 2,Tumor,-0.248381308994461,-0.248381308994461
HCC2_COL11_ROW3,3.33302686730401,2.38457997379011,1,Malignant cells,Malignant,Malignant,Patient 2,Patient 2,Tumor,0.497464700834698,0.497464700834698
HCC2_COL11_ROW30,6.28717945137994,2.45700796184248,1,Malignant cells,Malignant,Malignant,Patient 2,Patient 2,Tumor,0.344176612840315,0.344176612840315
HCC2_COL11_ROW31,5.26273773232476,3.16471310195631,1,Malignant cells,Malignant,Malignant,Patient 2,Patient 2,Tumor,0.600046805523052,0.600046805523052
HCC2_COL11_ROW32,3.63008878747002,4.94753237304396,1,Malignant cells,Malignant,Malignant,Patient 2,Patient 2,Tumor,-0.369685622903503,-0.369685622903503
HCC2_COL11_ROW33,8.94172952691094,-4.63690833511644,4,Immune cells,CD8T,CD8T,Patient 2,Patient 2,Tumor,0.503315391216164,0.503315391216164
HCC2_COL11_ROW34,3.01542900124566,2.49845417079634,1,Malignant cells,Malignant,Malignant,Patient 2,Patient 2,Tumor,0.418831422107809,0.418831422107809
HCC2_COL11_ROW35,6.75780294457452,-5.30417470398241,4,Immune cells,CD8T,CD8T,Patient 2,Patient 2,Tumor,0.554489429752711,0.554489429752711
HCC2_COL11_ROW36,6.35260532418267,2.43290193614668,1,Malignant cells,Malignant,Malignant,Patient 2,Patient 2,Tumor,0.382635150947812,0.382635150947812
HCC2_COL11_ROW37,3.19603584328668,-2.28320984306627,6,Immune cells,Mono/Macro,Mono/Macro,Patient 2,Patient 2,Tumor,-0.244012793509634,-0.244012793509634
HCC2_COL11_ROW38,6.71115682641045,2.24956651267714,1,Malignant cells,Malignant,Malignant,Patient 2,Patient 2,Tumor,0.216631562524378,0.216631562524378
HCC2_COL11_ROW4,1.81241939583794,3.78983016547865,1,Malignant cells,Malignant,Malignant,Patient 2,Patient 2,Tumor,-0.300335439581871,-0.300335439581871
HCC2_COL11_ROW40,3.44441459694878,-1.70081738891893,6,Immune cells,Mono/Macro,Mono/Macro,Patient 2,Patient 2,Tumor,-0.243934784304548,-0.243934784304548
HCC2_COL11_ROW5,6.14265678444878,2.56690116462416,1,Malignant cells,Malignant,Malignant,Patient 2,Patient 2,Tumor,0.434979327560652,0.434979327560652
HCC2_COL11_ROW6,4.52454517403619,4.36881537971205,1,Malignant cells,Malignant,Malignant,Patient 2,Patient 2,Tumor,0.4013573601685,0.4013573601685
HCC2_COL11_ROW7,5.97608898201959,2.179469483468,1,Malignant cells,Malignant,Malignant,Patient 2,Patient 2,Tumor,-0.253529916530151,-0.253529916530151
HCC2_COL11_ROW8,5.48330686608331,2.77871056136793,1,Malignant cells,Malignant,Malignant,Patient 2,Patient 2,Tumor,0.37733052500195,0.37733052500195
HCC2_COL11_ROW9,8.95911119500176,-4.65344409408861,4,Immune cells,CD8T,CD8T,Patient 2,Patient 2,Tumor,-0.221546142444808,-0.221546142444808
HCC2_COL12_ROW1,3.41707466164605,4.42622299728102,1,Malignant cells,Malignant,Malignant,Patient 2,Patient 2,Tumor,-0.281847257976441,-0.281847257976441
HCC2_COL12_ROW10,4.14643428841607,3.75090213355727,1,Malignant cells,Malignant,Malignant,Patient 2,Patient 2,Tumor,0.0869802636711132,0.0869802636711132
HCC2_COL12_ROW11,3.70676801720635,3.15985854205794,1,Malignant cells,Malignant,Malignant,Patient 2,Patient 2,Tumor,-0.312894921600749,-0.312894921600749
HCC2_COL12_ROW12,3.76971290627496,-1.06864599647813,6,Immune cells,Mono/Macro,Mono/Macro,Patient 2,Patient 2,Tumor,-0.216865590139636,-0.216865590139636
HCC2_COL12_ROW13,3.17192028084771,2.65368624267287,1,Malignant cells,Malignant,Malignant,Patient 2,Patient 2,Tumor,-0.217801700600671,-0.217801700600671
HCC2_COL12_ROW14,2.38887069741265,3.92994614181227,1,Malignant cells,Malignant,Malignant,Patient 2,Patient 2,Tumor,0.269287775957563,0.269287775957563
HCC2_COL12_ROW15,4.07602499047295,2.50944574413008,1,Malignant cells,Malignant,Malignant,Patient 2,Patient 2,Tumor,-0.206802402683517,-0.206802402683517
HCC2_COL12_ROW16,3.61686275521294,-1.92512802543932,6,Immune cells,Mono/Macro,Mono/Macro,Patient 2,Patient 2,Tumor,-0.235197753334894,-0.235197753334894
HCC2_COL12_ROW17,7.11750505486504,-5.44882516327196,4,Immune cells,CD8T,CD8T,Patient 2,Patient 2,Tumor,-0.263203057960839,-0.263203057960839
HCC2_COL12_ROW18,3.88861940423028,3.283444362256,1,Malignant cells,Malignant,Malignant,Patient 2,Patient 2,Tumor,-0.289492160074889,-0.289492160074889
HCC2_COL12_ROW19,3.4914011768438,-0.58150450649553,6,Immune cells,Mono/Macro,Mono/Macro,Patient 2,Patient 2,Tumor,-0.233715578438256,-0.233715578438256
HCC2_COL12_ROW2,3.18621395150201,2.15168489751524,6,Immune cells,Mono/Macro,Mono/Macro,Patient 2,Patient 2,Tumor,-0.230049145799204,-0.230049145799204
HCC2_COL12_ROW20,3.63107393303887,2.503668265912,1,Malignant cells,Malignant,Malignant,Patient 2,Patient 2,Tumor,-0.222716280521101,-0.222716280521101
HCC2_COL12_ROW21,3.40257308999078,3.02815445003218,1,Malignant cells,Malignant,Malignant,Patient 2,Patient 2,Tumor,-0.239332241204462,-0.239332241204462
HCC2_COL12_ROW22,3.20363901177422,4.61298008498854,1,Malignant cells,Malignant,Malignant,Patient 2,Patient 2,Tumor,-0.293626647944457,-0.293626647944457
HCC2_COL12_ROW23,3.17481849709527,-2.53056101265245,6,Immune cells,Mono/Macro,Mono/Macro,Patient 2,Patient 2,Tumor,-0.234339652078945,-0.234339652078945
HCC2_COL12_ROW24,3.38547943154351,4.53361030158705,1,Malignant cells,Malignant,Malignant,Patient 2,Patient 2,Tumor,0.373274046337468,0.373274046337468
HCC2_COL12_ROW25,3.33247755089776,4.5600442462892,1,Malignant cells,Malignant,Malignant,Patient 2,Patient 2,Tumor,0.169123956626882,0.169123956626882
HCC2_COL12_ROW26,3.02438257256524,2.85172684726424,1,Malignant cells,Malignant,Malignant,Patient 2,Patient 2,Tumor,-0.20961073406662,-0.20961073406662
HCC2_COL12_ROW27,2.33718226471917,3.81376739082045,1,Malignant cells,Malignant,Malignant,Patient 2,Patient 2,Tumor,0.523441766128403,0.523441766128403
HCC2_COL12_ROW28,4.30598495522515,3.48851414260573,1,Malignant cells,Malignant,Malignant,Patient 2,Patient 2,Tumor,0.434355253919962,0.434355253919962
HCC2_COL12_ROW29,3.14978168526666,1.90214188632674,6,Immune cells,Mono/Macro,Mono/Macro,Patient 2,Patient 2,Tumor,-0.205164209376706,-0.205164209376706
HCC2_COL12_ROW3,7.5430278591253,-5.51005916061693,4,Immune cells,CD8T,CD8T,Patient 2,Patient 2,Tumor,-0.236055854590842,-0.236055854590842
HCC2_COL12_ROW30,3.23021028557794,0.14595504340834,6,Immune cells,Mono/Macro,Mono/Macro,Patient 2,Patient 2,Tumor,-0.197129261252828,-0.197129261252828
HCC2_COL12_ROW31,8.95711706200616,-4.52103738251024,4,Immune cells,CD8T,CD8T,Patient 2,Patient 2,Tumor,-0.28044309228489,-0.28044309228489
HCC2_COL12_ROW32,1.89016674080865,3.84826655921645,1,Malignant cells,Malignant,Malignant,Patient 2,Patient 2,Tumor,-0.354005772681176,-0.354005772681176
HCC2_COL12_ROW33,3.50294635811822,4.77128263053603,1,Malignant cells,Malignant,Malignant,Patient 2,Patient 2,Tumor,-0.326702550901006,-0.326702550901006
HCC2_COL12_ROW34,3.44270513573663,-1.35621718826585,6,Immune cells,Mono/Macro,Mono/Macro,Patient 2,Patient 2,Tumor,-0.22747484203136,-0.22747484203136
HCC2_COL12_ROW35,3.17776344338433,2.55141814288802,1,Malignant cells,Malignant,Malignant,Patient 2,Patient 2,Tumor,-0.188392230283173,-0.188392230283173
HCC2_COL12_ROW36,3.32161376992242,4.3319804244966,1,Malignant cells,Malignant,Malignant,Patient 2,Patient 2,Tumor,-0.309696544192215,-0.309696544192215
HCC2_COL12_ROW37,3.13268754998223,-3.75764588775926,6,Immune cells,Mono/Macro,Mono/Macro,Patient 2,Patient 2,Tumor,-0.247523207738513,-0.247523207738513
HCC2_COL12_ROW38,2.14006565133111,3.88070841369337,1,Malignant cells,Malignant,Malignant,Patient 2,Patient 2,Tumor,0.311412746704111,0.311412746704111
HCC2_COL12_ROW4,7.21778486290948,-5.85966901245409,4,Immune cells,CD8T,CD8T,Patient 2,Patient 2,Tumor,-0.238084093923083,-0.238084093923083
HCC2_COL12_ROW40,3.51282451668755,2.03937538203902,1,Malignant cells,Malignant,Malignant,Patient 2,Patient 2,Tumor,-0.181761447850846,-0.181761447850846
HCC2_COL12_ROW5,3.60132310906426,4.1602754169435,1,Malignant cells,Malignant,Malignant,Patient 2,Patient 2,Tumor,0.45143926983384,0.45143926983384
HCC2_COL12_ROW6,4.32827899971978,4.39804525909132,1,Malignant cells,Malignant,Malignant,Patient 2,Patient 2,Tumor,0.357516186910055,0.357516186910055
HCC2_COL12_ROW7,3.25211999932305,3.46653957900709,1,Malignant cells,Malignant,Malignant,Patient 2,Patient 2,Tumor,-0.288166003588423,-0.288166003588423
HCC2_COL12_ROW8,3.69820688286797,3.00667615470595,1,Malignant cells,Malignant,Malignant,Patient 2,Patient 2,Tumor,-0.224900538263515,-0.224900538263515
HCC2_COL12_ROW9,3.61864851037042,2.60146339473433,1,Malignant cells,Malignant,Malignant,Patient 2,Patient 2,Tumor,-0.217957719010843,-0.217957719010843
HCC2_COL13_ROW1,3.70888565102593,2.72650344905562,1,Malignant cells,Malignant,Malignant,Patient 2,Patient 2,Tumor,0.469147359388408,0.469147359388408
HCC2_COL13_ROW10,3.65623853722588,2.58800240096754,1,Malignant cells,Malignant,Malignant,Patient 2,Patient 2,Tumor,0.524455885794524,0.524455885794524
HCC2_COL13_ROW11,5.11485384026544,3.34760923919386,1,Malignant cells,Malignant,Malignant,Patient 2,Patient 2,Tumor,0.535767220532023,0.535767220532023
HCC2_COL13_ROW12,4.9031557849981,2.41818662223524,1,Malignant cells,Malignant,Malignant,Patient 2,Patient 2,Tumor,-0.289804196895234,-0.289804196895234
HCC2_COL13_ROW13,5.01776693383233,3.32040901717848,1,Malignant cells,Malignant,Malignant,Patient 2,Patient 2,Tumor,0.580544504251502,0.580544504251502
HCC2_COL13_ROW14,3.78547761956231,3.36069651183791,1,Malignant cells,Malignant,Malignant,Patient 2,Patient 2,Tumor,-0.185817926515329,-0.185817926515329
HCC2_COL13_ROW15,3.38889930764214,4.57296915588087,1,Malignant cells,Malignant,Malignant,Patient 2,Patient 2,Tumor,0.517279038926593,0.517279038926593
HCC2_COL13_ROW16,4.67328403512017,4.11473484573073,1,Malignant cells,Malignant,Malignant,Patient 2,Patient 2,Tumor,-0.286683828691786,-0.286683828691786
HCC2_COL13_ROW17,3.21514795342461,-0.395761532214219,6,Immune cells,Mono/Macro,Mono/Macro,Patient 2,Patient 2,Tumor,-0.21967392152274,-0.21967392152274
HCC2_COL13_ROW18,4.08592031517999,4.81024785575575,1,Malignant cells,Malignant,Malignant,Patient 2,Patient 2,Tumor,-0.302519697324284,-0.302519697324284
HCC2_COL13_ROW19,6.13295267144219,2.26614959773726,1,Malignant cells,Malignant,Malignant,Patient 2,Patient 2,Tumor,-0.309852562602387,-0.309852562602387
HCC2_COL13_ROW2,3.98030469933526,2.7391088777513,1,Malignant cells,Malignant,Malignant,Patient 2,Patient 2,Tumor,0.541851938528746,0.541851938528746
HCC2_COL13_ROW20,4.55274580040948,4.37505431708998,1,Malignant cells,Malignant,Malignant,Patient 2,Patient 2,Tumor,-0.28371947889851,-0.28371947889851
HCC2_COL13_ROW21,3.22116420784966,-2.27557281914049,6,Immune cells,Mono/Macro,Mono/Macro,Patient 2,Patient 2,Tumor,-0.233793587643342,-0.233793587643342
HCC2_COL13_ROW22,3.46419475594537,3.69068022308058,1,Malignant cells,Malignant,Malignant,Patient 2,Patient 2,Tumor,0.461658475700133,0.461658475700133
HCC2_COL13_ROW23,3.44035718956963,4.86337538299269,1,Malignant cells,Malignant,Malignant,Patient 2,Patient 2,Tumor,0.276932678056011,0.276932678056011
HCC2_COL13_ROW24,3.58392952004449,3.91151567039198,1,Malignant cells,Malignant,Malignant,Patient 2,Patient 2,Tumor,0.553553319291676,0.553553319291676
HCC2_COL13_ROW25,3.54809806862847,-1.55649237098985,6,Immune cells,Mono/Macro,Mono/Macro,Patient 2,Patient 2,Tumor,-0.261408846243857,-0.261408846243857
HCC2_COL13_ROW26,6.72060487786309,-5.29281405868822,4,Immune cells,CD8T,CD8T,Patient 2,Patient 2,Tumor,-0.301505577658164,-0.301505577658164
HCC2_COL13_ROW27,4.33826301613824,3.86041994628615,1,Malignant cells,Malignant,Malignant,Patient 2,Patient 2,Tumor,-0.214759341602309,-0.214759341602309
HCC2_COL13_ROW28,3.59854600945489,-1.47058371963792,6,Immune cells,Mono/Macro,Mono/Macro,Patient 2,Patient 2,Tumor,-0.243388719868945,-0.243388719868945
HCC2_COL13_ROW29,5.12535665551202,3.05493159827895,1,Malignant cells,Malignant,Malignant,Patient 2,Patient 2,Tumor,-0.299867384351353,-0.299867384351353
HCC2_COL13_ROW3,3.480225544367,4.32590265807814,1,Malignant cells,Malignant,Malignant,Patient 2,Patient 2,Tumor,-0.298463218659802,-0.298463218659802
HCC2_COL13_ROW30,3.61936424294488,4.66046782073683,1,Malignant cells,Malignant,Malignant,Patient 2,Patient 2,Tumor,-0.33504953584523,-0.33504953584523
HCC2_COL13_ROW31,4.84712074318902,3.43460579452223,1,Malignant cells,Malignant,Malignant,Patient 2,Patient 2,Tumor,0.572899602153054,0.572899602153054
HCC2_COL13_ROW32,3.44288776436822,4.50607581672377,1,Malignant cells,Malignant,Malignant,Patient 2,Patient 2,Tumor,0.258210468835323,0.258210468835323
HCC2_COL13_ROW33,1.38299296418206,3.25653739509291,1,Malignant cells,Malignant,Malignant,Patient 2,Patient 2,Tumor,0.304001872220922,0.304001872220922
HCC2_COL13_ROW34,6.7881974987127,-5.21588019790941,4,Immune cells,CD8T,CD8T,Patient 2,Patient 2,Tumor,-0.261486855448943,-0.261486855448943
HCC2_COL13_ROW35,3.12052057305352,3.82858963546461,1,Malignant cells,Malignant,Malignant,Patient 2,Patient 2,Tumor,-0.238006084717997,-0.238006084717997
HCC2_COL13_ROW36,3.61555765191094,-1.23277978363329,6,Immune cells,Mono/Macro,Mono/Macro,Patient 2,Patient 2,Tumor,-0.242140572587565,-0.242140572587565
HCC2_COL13_ROW37,4.50219533959405,3.91622133788771,1,Malignant cells,Malignant,Malignant,Patient 2,Patient 2,Tumor,0.212185037834464,0.212185037834464
HCC2_COL13_ROW38,6.44027326622979,2.24884315070814,1,Malignant cells,Malignant,Malignant,Patient 2,Patient 2,Tumor,0.513456587877369,0.513456587877369
HCC2_COL13_ROW4,3.25058172265069,-1.80211929741197,6,Immune cells,Mono/Macro,Mono/Macro,Patient 2,Patient 2,Tumor,-0.246899134097823,-0.246899134097823
HCC2_COL13_ROW40,3.4316358379461,3.80036731300063,1,Malignant cells,Malignant,Malignant,Patient 2,Patient 2,Tumor,-0.220844059599033,-0.220844059599033
HCC2_COL13_ROW5,3.65745828667657,3.58705564078993,1,Malignant cells,Malignant,Malignant,Patient 2,Patient 2,Tumor,-0.239800296434979,-0.239800296434979
HCC2_COL13_ROW6,3.86863945046441,3.03726716575331,1,Malignant cells,Malignant,Malignant,Patient 2,Patient 2,Tumor,-0.235821826975583,-0.235821826975583
HCC2_COL13_ROW7,3.38963316002862,0.0419719987840113,6,Immune cells,Mono/Macro,Mono/Macro,Patient 2,Patient 2,Tumor,0.464856853108667,0.464856853108667
HCC2_COL13_ROW8,3.91249845543877,4.92278714713759,1,Malignant cells,Malignant,Malignant,Patient 2,Patient 2,Tumor,0.399563148451517,0.399563148451517
HCC2_COL13_ROW9,2.71049068490044,4.54962869224257,1,Malignant cells,Malignant,Malignant,Patient 2,Patient 2,Tumor,0.415242998673843,0.415242998673843
HCC2_COL14_ROW1,1.70307491341607,3.74147053298659,1,Malignant cells,Malignant,Malignant,Patient 2,Patient 2,Tumor,0.390046025431001,0.390046025431001
HCC2_COL14_ROW10,3.18203781167046,-3.70289020004564,6,Immune cells,Mono/Macro,Mono/Macro,Patient 2,Patient 2,Tumor,0.458850144317029,0.458850144317029
HCC2_COL14_ROW11,8.80969141045586,-4.65834598007494,4,Immune cells,CD8T,CD8T,Patient 2,Patient 2,Tumor,-0.260784772603167,-0.260784772603167
HCC2_COL14_ROW12,3.69532630959527,2.72596939143843,1,Malignant cells,Malignant,Malignant,Patient 2,Patient 2,Tumor,-0.234339652078945,-0.234339652078945
HCC2_COL14_ROW13,3.71074579278008,-1.03821281853014,6,Immune cells,Mono/Macro,Mono/Macro,Patient 2,Patient 2,Tumor,-0.223808409392308,-0.223808409392308
HCC2_COL14_ROW14,3.90545175591485,2.99852569637007,1,Malignant cells,Malignant,Malignant,Patient 2,Patient 2,Tumor,-0.22521257508386,-0.22521257508386
HCC2_COL14_ROW15,5.0822067073919,2.89135284957594,1,Malignant cells,Malignant,Malignant,Patient 2,Patient 2,Tumor,0.209298697246275,0.209298697246275
HCC2_COL14_ROW16,4.09175012627618,4.4861232810945,1,Malignant cells,Malignant,Malignant,Patient 2,Patient 2,Tumor,-0.300023402761526,-0.300023402761526
HCC2_COL14_ROW17,3.17810581246392,4.54631491241164,1,Malignant cells,Malignant,Malignant,Patient 2,Patient 2,Tumor,-0.3233481550823,-0.3233481550823
HCC2_COL14_ROW18,6.2179751209356,2.58071704444594,1,Malignant cells,Malignant,Malignant,Patient 2,Patient 2,Tumor,0.398393010375224,0.398393010375224
HCC2_COL14_ROW19,6.24815319100396,2.25492353973097,1,Malignant cells,Malignant,Malignant,Patient 2,Patient 2,Tumor,0.410094391138154,0.410094391138154
HCC2_COL14_ROW2,2.41488311806695,3.4297358566255,1,Malignant cells,Malignant,Malignant,Patient 2,Patient 2,Tumor,-0.261876901474374,-0.261876901474374
HCC2_COL14_ROW20,6.27126405755059,2.33378429946608,1,Malignant cells,Malignant,Malignant,Patient 2,Patient 2,Tumor,0.56970122474452,0.56970122474452
HCC2_COL14_ROW21,4.73769472161309,2.31463130054182,1,Malignant cells,Malignant,Malignant,Patient 2,Patient 2,Tumor,-0.293548638739371,-0.293548638739371
HCC2_COL14_ROW22,5.43801496544854,3.49148221549696,1,Malignant cells,Malignant,Malignant,Patient 2,Patient 2,Tumor,0.490521881582027,0.490521881582027
HCC2_COL14_ROW23,3.3840169719793,4.4444744163484,1,Malignant cells,Malignant,Malignant,Patient 2,Patient 2,Tumor,0.423199937592636,0.423199937592636
HCC2_COL14_ROW24,3.28821323433892,-1.75878552856737,6,Immune cells,Mono/Macro,Mono/Macro,Patient 2,Patient 2,Tumor,-0.243700756689289,-0.243700756689289
HCC2_COL14_ROW25,3.0701012424566,2.16564686832136,1,Malignant cells,Malignant,Malignant,Patient 2,Patient 2,Tumor,-0.196739215227397,-0.196739215227397
HCC2_COL14_ROW26,4.79996250191705,4.31432385978407,1,Malignant cells,Malignant,Malignant,Patient 2,Patient 2,Tumor,-0.274904438723769,-0.274904438723769
HCC2_COL14_ROW27,3.28544519463555,-1.39758758011156,6,Immune cells,Mono/Macro,Mono/Macro,Patient 2,Patient 2,Tumor,-0.233247523207738,-0.233247523207738
HCC2_COL14_ROW28,5.08918903389947,3.26491065559096,1,Malignant cells,Malignant,Malignant,Patient 2,Patient 2,Tumor,-0.34121226304704,-0.34121226304704
HCC2_COL14_ROW29,3.69182537117974,-1.21259169044786,6,Immune cells,Mono/Macro,Mono/Macro,Patient 2,Patient 2,Tumor,-0.238162103128169,-0.238162103128169
HCC2_COL14_ROW3,4.24191949883477,2.15072746810622,1,Malignant cells,Malignant,Malignant,Patient 2,Patient 2,Tumor,-0.23363756923317,-0.23363756923317
HCC2_COL14_ROW30,3.49652097741143,-1.67370490494066,6,Immune cells,Mono/Macro,Mono/Macro,Patient 2,Patient 2,Tumor,-0.261096809423512,-0.261096809423512
HCC2_COL14_ROW31,6.58510683098809,1.96964057025618,5,Malignant cells,Malignant,Malignant,Patient 2,Patient 2,Tumor,0.200249629456276,0.200249629456276
HCC2_COL14_ROW32,2.53124807396905,4.61323400077528,1,Malignant cells,Malignant,Malignant,Patient 2,Patient 2,Tumor,-0.330993057180747,-0.330993057180747
HCC2_COL14_ROW33,2.63498495141045,2.61217458781905,1,Malignant cells,Malignant,Malignant,Patient 2,Patient 2,Tumor,-0.196739215227397,-0.196739215227397
HCC2_COL14_ROW34,3.73940799752252,4.57955308494276,1,Malignant cells,Malignant,Malignant,Patient 2,Patient 2,Tumor,-0.388953896559794,-0.388953896559794
HCC2_COL14_ROW35,4.71573493996636,3.36759491500563,1,Malignant cells,Malignant,Malignant,Patient 2,Patient 2,Tumor,-0.289180123254544,-0.289180123254544
HCC2_COL14_ROW36,5.50225303689019,2.79252894458479,1,Malignant cells,Malignant,Malignant,Patient 2,Patient 2,Tumor,-0.317341446290662,-0.317341446290662
HCC2_COL14_ROW37,3.16651294747369,0.571261959645217,6,Immune cells,Mono/Macro,Mono/Macro,Patient 2,Patient 2,Tumor,-0.199859583430845,-0.199859583430845
HCC2_COL14_ROW38,2.74511669198052,2.66917141017622,1,Malignant cells,Malignant,Malignant,Patient 2,Patient 2,Tumor,-0.237928075512911,-0.237928075512911
HCC2_COL14_ROW4,4.74098585167901,4.33290381965346,1,Malignant cells,Malignant,Malignant,Patient 2,Patient 2,Tumor,-0.281067165925579,-0.281067165925579
HCC2_COL14_ROW40,1.60548708954827,3.5408324771852,1,Malignant cells,Malignant,Malignant,Patient 2,Patient 2,Tumor,-0.259146579296357,-0.259146579296357
HCC2_COL14_ROW5,6.54611013451592,2.13559790191359,1,Malignant cells,Malignant,Malignant,Patient 2,Patient 2,Tumor,0.503627428036508,0.503627428036508
HCC2_COL14_ROW6,2.82584808388726,3.55714579162306,1,Malignant cells,Malignant,Malignant,Patient 2,Patient 2,Tumor,0.481862859817458,0.481862859817458
HCC2_COL14_ROW7,2.86764905968682,3.30504675445265,1,Malignant cells,Malignant,Malignant,Patient 2,Patient 2,Tumor,-0.271706061315235,-0.271706061315235
HCC2_COL14_ROW8,5.30140874901788,3.59209342536635,1,Malignant cells,Malignant,Malignant,Patient 2,Patient 2,Tumor,-0.322802090646696,-0.322802090646696
HCC2_COL14_ROW9,3.14744184533135,-1.592527670291,6,Immune cells,Mono/Macro,Mono/Macro,Patient 2,Patient 2,Tumor,-0.223964427802481,-0.223964427802481
HCC2_COL15_ROW1,3.33922098198907,3.51338191566176,1,Malignant cells,Malignant,Malignant,Patient 2,Patient 2,Tumor,0.399641157656603,0.399641157656603
HCC2_COL15_ROW10,4.4020047000982,3.89199610290236,1,Malignant cells,Malignant,Malignant,Patient 2,Patient 2,Tumor,0.385911537561432,0.385911537561432
HCC2_COL15_ROW11,3.54093931237237,3.97676296767897,1,Malignant cells,Malignant,Malignant,Patient 2,Patient 2,Tumor,-0.244636867150324,-0.244636867150324
HCC2_COL15_ROW12,3.54405496636407,-1.48522166672044,6,Immune cells,Mono/Macro,Mono/Macro,Patient 2,Patient 2,Tumor,0.484671191200562,0.484671191200562
HCC2_COL15_ROW13,3.14958475152032,4.51563473281569,1,Malignant cells,Malignant,Malignant,Patient 2,Patient 2,Tumor,-0.325376394414541,-0.325376394414541
HCC2_COL15_ROW14,4.17973087349908,2.95101113853163,1,Malignant cells,Malignant,Malignant,Patient 2,Patient 2,Tumor,-0.224822529058429,-0.224822529058429
HCC2_COL15_ROW15,5.73828027764336,2.81740363177962,1,Malignant cells,Malignant,Malignant,Patient 2,Patient 2,Tumor,-0.315625243778766,-0.315625243778766
HCC2_COL15_ROW16,1.91071413079278,3.18164177474684,1,Malignant cells,Malignant,Malignant,Patient 2,Patient 2,Tumor,-0.281301193540838,-0.281301193540838
HCC2_COL15_ROW17,5.41739604989068,2.95214291152663,1,Malignant cells,Malignant,Malignant,Patient 2,Patient 2,Tumor,-0.32951088228411,-0.32951088228411
HCC2_COL15_ROW18,4.99971149483697,2.86276956138319,1,Malignant cells,Malignant,Malignant,Patient 2,Patient 2,Tumor,0.510336219673922,0.510336219673922
HCC2_COL15_ROW19,5.20466325799004,2.47024913367934,1,Malignant cells,Malignant,Malignant,Patient 2,Patient 2,Tumor,-0.295966924097043,-0.295966924097043
HCC2_COL15_ROW2,7.57246206322686,-5.59810761871629,4,Immune cells,CD8T,CD8T,Patient 2,Patient 2,Tumor,0.33996411576566,0.33996411576566
HCC2_COL15_ROW20,3.25913713494317,-0.595967454340989,6,Immune cells,Mono/Macro,Mono/Macro,Patient 2,Patient 2,Tumor,-0.227552851236446,-0.227552851236446
HCC2_COL15_ROW21,3.21700571099297,-1.34868697586351,6,Immune cells,Mono/Macro,Mono/Macro,Patient 2,Patient 2,Tumor,-0.232935486387394,-0.232935486387394
HCC2_COL15_ROW22,3.63933704415337,2.15607716378874,1,Malignant cells,Malignant,Malignant,Patient 2,Patient 2,Tumor,-0.228176924877136,-0.228176924877136
HCC2_COL15_ROW23,8.92141912499444,-4.50866250458055,4,Immune cells,CD8T,CD8T,Patient 2,Patient 2,Tumor,-0.276308604415321,-0.276308604415321
HCC2_COL15_ROW24,3.11575983086602,-3.62085179748827,6,Immune cells,Mono/Macro,Mono/Macro,Patient 2,Patient 2,Tumor,-0.236445900616273,-0.236445900616273
HCC2_COL15_ROW25,6.15235231438653,2.41104503211684,1,Malignant cells,Malignant,Malignant,Patient 2,Patient 2,Tumor,-0.319291676417817,-0.319291676417817
HCC2_COL15_ROW26,4.05069873848931,5.0812685066194,1,Malignant cells,Malignant,Malignant,Patient 2,Patient 2,Tumor,-0.334971526640144,-0.334971526640144
HCC2_COL15_ROW27,3.32421634713189,-1.44923977318102,6,Immune cells,Mono/Macro,Mono/Macro,Patient 2,Patient 2,Tumor,-0.226694749980498,-0.226694749980498
HCC2_COL15_ROW28,8.83396909752862,-4.47053460541063,4,Immune cells,CD8T,CD8T,Patient 2,Patient 2,Tumor,-0.241360480536703,-0.241360480536703
HCC2_COL15_ROW29,4.37183712044732,3.81125970420546,1,Malignant cells,Malignant,Malignant,Patient 2,Patient 2,Tumor,-0.257820422809891,-0.257820422809891
HCC2_COL15_ROW3,6.66458843270318,-5.42263965072923,4,Immune cells,CD8T,CD8T,Patient 2,Patient 2,Tumor,-0.231219283875497,-0.231219283875497
HCC2_COL15_ROW30,6.6892361454107,-5.24500684204393,4,Immune cells,CD8T,CD8T,Patient 2,Patient 2,Tumor,-0.237928075512911,-0.237928075512911
HCC2_COL15_ROW31,4.84533403435723,3.42587681350417,1,Malignant cells,Malignant,Malignant,Patient 2,Patient 2,Tumor,0.5941181059365,0.5941181059365
HCC2_COL15_ROW32,3.2126097492315,-0.0305884307890478,6,Immune cells,Mono/Macro,Mono/Macro,Patient 2,Patient 2,Tumor,-0.205632264607224,-0.205632264607224
HCC2_COL15_ROW33,4.21282241860406,2.57190962371535,1,Malignant cells,Malignant,Malignant,Patient 2,Patient 2,Tumor,-0.234885716514549,-0.234885716514549
HCC2_COL15_ROW34,4.20835636178033,4.48480458793349,1,Malignant cells,Malignant,Malignant,Patient 2,Patient 2,Tumor,0.418519385287464,0.418519385287464
HCC2_COL15_ROW35,3.86299560585992,3.76141067084975,1,Malignant cells,Malignant,Malignant,Patient 2,Patient 2,Tumor,-0.253373898119978,-0.253373898119978
HCC2_COL15_ROW36,3.54857109108941,4.53503771362013,1,Malignant cells,Malignant,Malignant,Patient 2,Patient 2,Tumor,0.332085186051954,0.332085186051954
HCC2_COL15_ROW37,1.80110595742242,3.67932959136671,1,Malignant cells,Malignant,Malignant,Patient 2,Patient 2,Tumor,0.281925267181527,0.281925267181527
HCC2_COL15_ROW38,6.18451164284722,2.50504334506697,1,Malignant cells,Malignant,Malignant,Patient 2,Patient 2,Tumor,0.483657071534441,0.483657071534441
HCC2_COL15_ROW4,3.88741491356866,2.79327674445814,1,Malignant cells,Malignant,Malignant,Patient 2,Patient 2,Tumor,-0.220063967548171,-0.220063967548171
HCC2_COL15_ROW40,3.55650423089044,2.63544757899947,1,Malignant cells,Malignant,Malignant,Patient 2,Patient 2,Tumor,-0.237694047897652,-0.237694047897652
HCC2_COL15_ROW5,3.45747564354913,-0.442982596781785,6,Immune cells,Mono/Macro,Mono/Macro,Patient 2,Patient 2,Tumor,-0.284109524923941,-0.284109524923941
HCC2_COL15_ROW6,3.38692853966729,4.5573153072328,1,Malignant cells,Malignant,Malignant,Patient 2,Patient 2,Tumor,0.377876589437554,0.377876589437554
HCC2_COL15_ROW7,2.6073646358587,3.6207541995973,1,Malignant cells,Malignant,Malignant,Patient 2,Patient 2,Tumor,0.370465714954365,0.370465714954365
HCC2_COL15_ROW8,3.16381738701836,0.127025800320571,6,Immune cells,Mono/Macro,Mono/Macro,Patient 2,Patient 2,Tumor,-0.210858881347999,-0.210858881347999
HCC2_COL15_ROW9,3.17990301171319,-0.256636542704636,6,Immune cells,Mono/Macro,Mono/Macro,Patient 2,Patient 2,Tumor,-0.20344800686481,-0.20344800686481
HCC2_COL16_ROW1,3.60444829979913,-1.7085731452971,6,Immune cells,Mono/Macro,Mono/Macro,Patient 2,Patient 2,Tumor,-0.2408144161011,-0.2408144161011
HCC2_COL16_ROW10,1.73673556366937,3.71777673301405,1,Malignant cells,Malignant,Malignant,Patient 2,Patient 2,Tumor,0.390280053046259,0.390280053046259
HCC2_COL16_ROW11,1.47441790619866,3.21120293674177,1,Malignant cells,Malignant,Malignant,Patient 2,Patient 2,Tumor,-0.26359310398627,-0.26359310398627
HCC2_COL16_ROW12,4.32851980248467,2.03585501250929,1,Malignant cells,Malignant,Malignant,Patient 2,Patient 2,Tumor,-0.224822529058429,-0.224822529058429
HCC2_COL16_ROW13,4.25824401894586,3.48740335044569,1,Malignant cells,Malignant,Malignant,Patient 2,Patient 2,Tumor,-0.33996411576566,-0.33996411576566
HCC2_COL16_ROW14,4.22401903191583,3.59516497192091,1,Malignant cells,Malignant,Malignant,Patient 2,Patient 2,Tumor,-0.311802792729542,-0.311802792729542
HCC2_COL16_ROW15,5.60457037011163,2.82123489913649,1,Malignant cells,Malignant,Malignant,Patient 2,Patient 2,Tumor,0.389968016225915,0.389968016225915
HCC2_COL16_ROW16,1.40134714165704,3.3982486301393,1,Malignant cells,Malignant,Malignant,Patient 2,Patient 2,Tumor,0.377720571027381,0.377720571027381
HCC2_COL16_ROW17,3.60834072152154,-0.945954365160996,6,Immune cells,Mono/Macro,Mono/Macro,Patient 2,Patient 2,Tumor,-0.21904984788205,-0.21904984788205
HCC2_COL16_ROW18,4.29572580376641,3.59171195563979,1,Malignant cells,Malignant,Malignant,Patient 2,Patient 2,Tumor,-0.24182853576722,-0.24182853576722
HCC2_COL16_ROW19,7.86714933434502,-5.55584124985033,4,Immune cells,CD8T,CD8T,Patient 2,Patient 2,Tumor,-0.260160698962478,-0.260160698962478
HCC2_COL16_ROW2,3.3640408329107,4.83288450774855,1,Malignant cells,Malignant,Malignant,Patient 2,Patient 2,Tumor,-0.318355565956783,-0.318355565956783
HCC2_COL16_ROW20,5.22229049721734,2.58326049384779,1,Malignant cells,Malignant,Malignant,Patient 2,Patient 2,Tumor,0.555425540213745,0.555425540213745
HCC2_COL16_ROW21,4.33481262246148,2.80681820449538,1,Malignant cells,Malignant,Malignant,Patient 2,Patient 2,Tumor,-0.206412356658086,-0.206412356658086
HCC2_COL16_ROW22,3.42776678124444,3.70351596412367,1,Malignant cells,Malignant,Malignant,Patient 2,Patient 2,Tumor,-0.255090100631875,-0.255090100631875
HCC2_COL16_ROW23,3.54936454812066,3.06140835818953,1,Malignant cells,Malignant,Malignant,Patient 2,Patient 2,Tumor,-0.201419767532569,-0.201419767532569
HCC2_COL16_ROW24,5.81016538659112,2.62198932704634,1,Malignant cells,Malignant,Malignant,Patient 2,Patient 2,Tumor,-0.312426866370232,-0.312426866370232
HCC2_COL16_ROW25,5.29929016152398,2.43730111655897,1,Malignant cells,Malignant,Malignant,Patient 2,Patient 2,Tumor,-0.285513690615493,-0.285513690615493
HCC2_COL16_ROW26,3.15100667992608,4.28944297370619,1,Malignant cells,Malignant,Malignant,Patient 2,Patient 2,Tumor,-0.230283173414463,-0.230283173414463
HCC2_COL16_ROW27,6.81374357262627,-5.29480008545213,4,Immune cells,CD8T,CD8T,Patient 2,Patient 2,Tumor,0.4403619627116,0.4403619627116
HCC2_COL16_ROW28,6.65545652428643,2.36288304862685,1,Malignant cells,Malignant,Malignant,Patient 2,Patient 2,Tumor,0.566502847335986,0.566502847335986
HCC2_COL16_ROW29,6.82647417107598,-5.38001326980882,4,Immune cells,CD8T,CD8T,Patient 2,Patient 2,Tumor,-0.217957719010843,-0.217957719010843
HCC2_COL16_ROW3,2.9465660862066,3.25846810874647,1,Malignant cells,Malignant,Malignant,Patient 2,Patient 2,Tumor,-0.228879007722911,-0.228879007722911
HCC2_COL16_ROW30,5.44303463021294,3.35249324378676,1,Malignant cells,Malignant,Malignant,Patient 2,Patient 2,Tumor,-0.3623527576254,-0.3623527576254
HCC2_COL16_ROW31,3.16450546303765,-1.06734375419908,6,Immune cells,Mono/Macro,Mono/Macro,Patient 2,Patient 2,Tumor,-0.229347062953428,-0.229347062953428
HCC2_COL16_ROW32,3.46580598870294,1.80285622415251,1,Malignant cells,Malignant,Malignant,Patient 2,Patient 2,Tumor,-0.225992667134722,-0.225992667134722
HCC2_COL16_ROW33,3.2763361744024,-0.717684788134629,6,Immune cells,Mono/Macro,Mono/Macro,Patient 2,Patient 2,Tumor,-0.224900538263515,-0.224900538263515
HCC2_COL16_ROW34,5.96482656517999,2.21362795171446,1,Malignant cells,Malignant,Malignant,Patient 2,Patient 2,Tumor,0.29089632576644,0.29089632576644
HCC2_COL16_ROW35,3.87571905175225,3.73846812781996,1,Malignant cells,Malignant,Malignant,Patient 2,Patient 2,Tumor,0.539667680786333,0.539667680786333
HCC2_COL16_ROW36,3.16833875695245,1.22706196506626,6,Immune cells,Mono/Macro,Mono/Macro,Patient 2,Patient 2,Tumor,-0.214057258756533,-0.214057258756533
HCC2_COL16_ROW37,3.68196867028252,-1.36828045311266,6,Immune cells,Mono/Macro,Mono/Macro,Patient 2,Patient 2,Tumor,-0.249083391840237,-0.249083391840237
HCC2_COL16_ROW38,3.22717092553155,0.521473126980728,6,Immune cells,Mono/Macro,Mono/Macro,Patient 2,Patient 2,Tumor,0.485295264841251,0.485295264841251
HCC2_COL16_ROW4,3.50534151116387,3.53523130950636,1,Malignant cells,Malignant,Malignant,Patient 2,Patient 2,Tumor,-0.244402839535065,-0.244402839535065
HCC2_COL16_ROW40,3.49717710534112,2.21029640969939,1,Malignant cells,Malignant,Malignant,Patient 2,Patient 2,Tumor,-0.208518605195413,-0.208518605195413
HCC2_COL16_ROW5,4.1870183757879,4.78703256187147,1,Malignant cells,Malignant,Malignant,Patient 2,Patient 2,Tumor,-0.239722287229893,-0.239722287229893
HCC2_COL16_ROW6,4.31267164269463,4.5934710079164,1,Malignant cells,Malignant,Malignant,Patient 2,Patient 2,Tumor,0.524143848974179,0.524143848974179
HCC2_COL16_ROW7,6.20810506859795,2.51597400245375,1,Malignant cells,Malignant,Malignant,Patient 2,Patient 2,Tumor,0.234729698104376,0.234729698104376
HCC2_COL16_ROW8,6.03226039925591,2.36824985084242,1,Malignant cells,Malignant,Malignant,Patient 2,Patient 2,Tumor,0.505187612138232,0.505187612138232
HCC2_COL16_ROW9,3.39880416909234,2.76495178279585,1,Malignant cells,Malignant,Malignant,Patient 2,Patient 2,Tumor,-0.236991965051876,-0.236991965051876
HCC2_COL17_ROW1,3.65034339943902,-0.7216598218947,6,Immune cells,Mono/Macro,Mono/Macro,Patient 2,Patient 2,Tumor,0.39745689991419,0.39745689991419
HCC2_COL17_ROW10,3.25906084099786,-0.831854385760361,6,Immune cells,Mono/Macro,Mono/Macro,Patient 2,Patient 2,Tumor,-0.210858881347999,-0.210858881347999
HCC2_COL17_ROW11,3.73754833260552,4.88422437247938,1,Malignant cells,Malignant,Malignant,Patient 2,Patient 2,Tumor,-0.296981043763164,-0.296981043763164
HCC2_COL17_ROW12,4.70301912346856,4.07093091544813,1,Malignant cells,Malignant,Malignant,Patient 2,Patient 2,Tumor,-0.375614322490054,-0.375614322490054
HCC2_COL17_ROW13,5.42160366097466,3.06600351867384,1,Malignant cells,Malignant,Malignant,Patient 2,Patient 2,Tumor,0.473905920898666,0.473905920898666
HCC2_COL17_ROW14,5.05423162499444,3.58866973457045,1,Malignant cells,Malignant,Malignant,Patient 2,Patient 2,Tumor,0.260628754192995,0.260628754192995
HCC2_COL17_ROW15,2.95479581872002,2.61613472041792,1,Malignant cells,Malignant,Malignant,Patient 2,Patient 2,Tumor,-0.239566268819721,-0.239566268819721
HCC2_COL17_ROW16,6.66795347252862,-5.23277072372728,4,Immune cells,CD8T,CD8T,Patient 2,Patient 2,Tumor,-0.255324128247133,-0.255324128247133
HCC2_COL17_ROW17,4.29921672860162,4.75114603576369,1,Malignant cells,Malignant,Malignant,Patient 2,Patient 2,Tumor,0.328418753412903,0.328418753412903
HCC2_COL17_ROW18,3.50246093789117,3.07204897937483,1,Malignant cells,Malignant,Malignant,Patient 2,Patient 2,Tumor,0.456821904984788,0.456821904984788
HCC2_COL17_ROW19,3.00360868493096,-0.572269005206162,6,Immune cells,Mono/Macro,Mono/Macro,Patient 2,Patient 2,Tumor,-0.210780872142913,-0.210780872142913
HCC2_COL17_ROW2,3.42348096886651,0.287797051045364,6,Immune cells,Mono/Macro,Mono/Macro,Patient 2,Patient 2,Tumor,0.390982135892035,0.390982135892035
HCC2_COL17_ROW20,2.40805862465875,4.59378214416212,1,Malignant cells,Malignant,Malignant,Patient 2,Patient 2,Tumor,0.27201809813558,0.27201809813558
HCC2_COL17_ROW21,5.65170953789727,3.08871920642561,1,Malignant cells,Malignant,Malignant,Patient 2,Patient 2,Tumor,-0.373508073952726,-0.373508073952726
HCC2_COL17_ROW22,1.4927987865545,3.21640105781264,1,Malignant cells,Malignant,Malignant,Patient 2,Patient 2,Tumor,0.321787970980576,0.321787970980576
HCC2_COL17_ROW23,3.54491041222588,3.89176793632216,1,Malignant cells,Malignant,Malignant,Patient 2,Patient 2,Tumor,-0.328418753412903,-0.328418753412903
HCC2_COL17_ROW24,6.30491588631646,2.57386334476179,1,Malignant cells,Malignant,Malignant,Patient 2,Patient 2,Tumor,-0.325454403619627,-0.325454403619627
HCC2_COL17_ROW25,4.16939447442071,2.57712586459822,1,Malignant cells,Malignant,Malignant,Patient 2,Patient 2,Tumor,-0.22068804118886,-0.22068804118886
HCC2_COL17_ROW26,5.68720958748834,2.98416383800215,1,Malignant cells,Malignant,Malignant,Patient 2,Patient 2,Tumor,-0.306732194398939,-0.306732194398939
HCC2_COL17_ROW27,3.54481123009698,-0.224962038424546,6,Immune cells,Mono/Macro,Mono/Macro,Patient 2,Patient 2,Tumor,-0.28309540525782,-0.28309540525782
HCC2_COL17_ROW28,4.88099906960503,4.13314815101332,1,Malignant cells,Malignant,Malignant,Patient 2,Patient 2,Tumor,0.262735002730322,0.262735002730322
HCC2_COL17_ROW29,1.62325261155145,3.54718990859694,1,Malignant cells,Malignant,Malignant,Patient 2,Patient 2,Tumor,0.366097199469538,0.366097199469538
HCC2_COL17_ROW3,3.29824922600762,-3.81925086441332,6,Immune cells,Mono/Macro,Mono/Macro,Patient 2,Patient 2,Tumor,-0.328730790233248,-0.328730790233248
HCC2_COL17_ROW30,3.25318811455743,0.0597881847352442,6,Immune cells,Mono/Macro,Mono/Macro,Patient 2,Patient 2,Tumor,-0.222716280521101,-0.222716280521101
HCC2_COL17_ROW31,3.93333480874078,4.74421854552931,1,Malignant cells,Malignant,Malignant,Patient 2,Patient 2,Tumor,0.500195023012715,0.500195023012715
HCC2_COL17_ROW32,3.42890070000665,4.33279414710707,1,Malignant cells,Malignant,Malignant,Patient 2,Patient 2,Tumor,-0.272876199391528,-0.272876199391528
HCC2_COL17_ROW33,3.22101400414483,0.20885832843489,6,Immune cells,Mono/Macro,Mono/Macro,Patient 2,Patient 2,Tumor,-0.211404945783602,-0.211404945783602
HCC2_COL17_ROW34,4.01041505852715,5.08800383147902,1,Malignant cells,Malignant,Malignant,Patient 2,Patient 2,Tumor,-0.295264841251268,-0.295264841251268
HCC2_COL17_ROW35,6.24141548195855,2.3577395254106,1,Malignant cells,Malignant,Malignant,Patient 2,Patient 2,Tumor,0.550744987908573,0.550744987908573
HCC2_COL17_ROW36,3.80628250161187,2.93198581275648,1,Malignant cells,Malignant,Malignant,Patient 2,Patient 2,Tumor,0.588267415555036,0.588267415555036
HCC2_COL17_ROW37,3.55521534005181,-1.71185473861986,6,Immune cells,Mono/Macro,Mono/Macro,Patient 2,Patient 2,Tumor,0.425696232155394,0.425696232155394
HCC2_COL17_ROW38,1.37755916634576,3.29086061057753,1,Malignant cells,Malignant,Malignant,Patient 2,Patient 2,Tumor,0.409392308292378,0.409392308292378
HCC2_COL17_ROW4,6.08220956841485,2.32560785350508,1,Malignant cells,Malignant,Malignant,Patient 2,Patient 2,Tumor,0.168577892191279,0.168577892191279
HCC2_COL17_ROW40,5.72440956154839,2.27353079852766,1,Malignant cells,Malignant,Malignant,Patient 2,Patient 2,Tumor,0.57133941805133,0.57133941805133
HCC2_COL17_ROW5,3.00303886452691,3.88956113395399,1,Malignant cells,Malignant,Malignant,Patient 2,Patient 2,Tumor,0.526250097511506,0.526250097511506
HCC2_COL17_ROW6,3.20442388573663,0.673216240975326,6,Immune cells,Mono/Macro,Mono/Macro,Patient 2,Patient 2,Tumor,-0.27428036508308,-0.27428036508308
HCC2_COL17_ROW7,3.15877054253594,-0.0313182300596777,6,Immune cells,Mono/Macro,Mono/Macro,Patient 2,Patient 2,Tumor,-0.254310008581013,-0.254310008581013
HCC2_COL17_ROW8,3.23779724160211,-0.443264526751572,6,Immune cells,Mono/Macro,Mono/Macro,Patient 2,Patient 2,Tumor,-0.227864888056791,-0.227864888056791
HCC2_COL17_ROW9,2.94885967293755,-0.862471861270005,6,Immune cells,Mono/Macro,Mono/Macro,Patient 2,Patient 2,Tumor,-0.222170216085498,-0.222170216085498
HCC2_COL18_ROW1,2.67132113495843,2.75288076934523,1,Malignant cells,Malignant,Malignant,Patient 2,Patient 2,Tumor,-0.243622747484203,-0.243622747484203
HCC2_COL18_ROW10,3.30522821465508,2.50845916804976,1,Malignant cells,Malignant,Malignant,Patient 2,Patient 2,Tumor,-0.19112255246119,-0.19112255246119
HCC2_COL18_ROW11,3.21538255730645,3.79832692680067,1,Malignant cells,Malignant,Malignant,Patient 2,Patient 2,Tumor,0.373040018722209,0.373040018722209
HCC2_COL18_ROW12,3.38618896523492,-0.954669041064316,6,Immune cells,Mono/Macro,Mono/Macro,Patient 2,Patient 2,Tumor,-0.218191746626102,-0.218191746626102
HCC2_COL18_ROW13,3.2335305027105,-3.78859357300096,6,Immune cells,Mono/Macro,Mono/Macro,Patient 2,Patient 2,Tumor,-0.294562758405492,-0.294562758405492
HCC2_COL18_ROW14,4.46003912011163,4.87293334541029,1,Malignant cells,Malignant,Malignant,Patient 2,Patient 2,Tumor,-0.28598174584601,-0.28598174584601
HCC2_COL18_ROW15,3.55275056878106,2.17337413367934,1,Malignant cells,Malignant,Malignant,Patient 2,Patient 2,Tumor,-0.230283173414463,-0.230283173414463
HCC2_COL18_ROW16,5.2022485546209,2.65330739555067,1,Malignant cells,Malignant,Malignant,Patient 2,Patient 2,Tumor,0.486309384507372,0.486309384507372
HCC2_COL18_ROW17,5.44250677147881,-7.53458527984911,8,Stromal cells,Tprolif,Tprolif,Patient 2,Patient 2,Tumor,-0.275840549184804,-0.275840549184804
HCC2_COL18_ROW18,5.31764743844048,3.16332002219862,1,Malignant cells,Malignant,Malignant,Patient 2,Patient 2,Tumor,0.491770028863406,0.491770028863406
HCC2_COL18_ROW19,4.19778535882012,4.96316953239149,1,Malignant cells,Malignant,Malignant,Patient 2,Patient 2,Tumor,-0.293080583508854,-0.293080583508854
HCC2_COL18_ROW2,8.51127718010918,-5.08098773422533,4,Immune cells,CD8T,CD8T,Patient 2,Patient 2,Tumor,0.465168889929012,0.465168889929012
HCC2_COL18_ROW20,3.15520952263848,-1.419107956317,6,Immune cells,Mono/Macro,Mono/Macro,Patient 2,Patient 2,Tumor,0.501677197909353,0.501677197909353
HCC2_COL18_ROW21,5.79402730980889,-7.51345471802049,8,Stromal cells,Tprolif,Tprolif,Patient 2,Patient 2,Tumor,-0.277478742491614,-0.277478742491614
HCC2_COL18_ROW22,4.34468172112481,2.12015362319655,1,Malignant cells,Malignant,Malignant,Patient 2,Patient 2,Tumor,-0.273578282237304,-0.273578282237304
HCC2_COL18_ROW23,3.71622560540215,4.29805870589918,1,Malignant cells,Malignant,Malignant,Patient 2,Patient 2,Tumor,0.524923941025041,0.524923941025041
HCC2_COL18_ROW24,3.52164409676568,2.05180426177687,1,Malignant cells,Malignant,Malignant,Patient 2,Patient 2,Tumor,0.496372571963492,0.496372571963492
HCC2_COL18_ROW25,3.58441970864312,3.72334833678908,1,Malignant cells,Malignant,Malignant,Patient 2,Patient 2,Tumor,0.317809501521179,0.317809501521179
HCC2_COL18_ROW26,3.25982234993951,-0.0631834692030493,6,Immune cells,Mono/Macro,Mono/Macro,Patient 2,Patient 2,Tumor,-0.203916062095327,-0.203916062095327
HCC2_COL18_ROW27,3.19232175866143,-1.43954591217333,6,Immune cells,Mono/Macro,Mono/Macro,Patient 2,Patient 2,Tumor,-0.217489663780326,-0.217489663780326
HCC2_COL18_ROW28,7.76010702172295,-5.46466903152757,4,Immune cells,CD8T,CD8T,Patient 2,Patient 2,Tumor,-0.236523909821359,-0.236523909821359
HCC2_COL18_ROW29,5.31790779152886,2.92235334453291,1,Malignant cells,Malignant,Malignant,Patient 2,Patient 2,Tumor,0.578282237304002,0.578282237304002
HCC2_COL18_ROW3,5.21205280343072,3.60449429092116,1,Malignant cells,Malignant,Malignant,Patient 2,Patient 2,Tumor,-0.3188236211873,-0.3188236211873
HCC2_COL18_ROW30,4.02510736504571,2.49626656112379,1,Malignant cells,Malignant,Malignant,Patient 2,Patient 2,Tumor,0.466183009595132,0.466183009595132
HCC2_COL18_ROW31,4.80429170647637,4.10076399383253,1,Malignant cells,Malignant,Malignant,Patient 2,Patient 2,Tumor,-0.274202355877994,-0.274202355877994
HCC2_COL18_ROW32,3.08274553338067,-0.899114889529282,6,Immune cells,Mono/Macro,Mono/Macro,Patient 2,Patient 2,Tumor,-0.222716280521101,-0.222716280521101
HCC2_COL18_ROW33,3.78493259469048,2.75029774245924,1,Malignant cells,Malignant,Malignant,Patient 2,Patient 2,Tumor,-0.253373898119978,-0.253373898119978
HCC2_COL18_ROW34,6.67668960610406,2.31455894050307,1,Malignant cells,Malignant,Malignant,Patient 2,Patient 2,Tumor,-0.389733988610656,-0.389733988610656
HCC2_COL18_ROW35,3.24732301751153,-2.28763465347582,6,Immune cells,Mono/Macro,Mono/Macro,Patient 2,Patient 2,Tumor,-0.253919962555582,-0.253919962555582
HCC2_COL18_ROW36,2.51580665627496,2.71344681319899,1,Malignant cells,Malignant,Malignant,Patient 2,Patient 2,Tumor,-0.202589905608862,-0.202589905608862
HCC2_COL18_ROW37,9.0258159450628,-4.6246812767058,4,Immune cells,CD8T,CD8T,Patient 2,Patient 2,Tumor,0.438255714174273,0.438255714174273
HCC2_COL18_ROW38,3.67007396737115,4.92458863792128,1,Malignant cells,Malignant,Malignant,Patient 2,Patient 2,Tumor,-0.349637257196349,-0.349637257196349
HCC2_COL18_ROW4,5.39087961236016,2.61609657344527,1,Malignant cells,Malignant,Malignant,Patient 2,Patient 2,Tumor,0.474529994539355,0.474529994539355
HCC2_COL18_ROW40,2.48940179863946,3.1544091278047,1,Malignant cells,Malignant,Malignant,Patient 2,Patient 2,Tumor,-0.28309540525782,-0.28309540525782
HCC2_COL18_ROW5,3.1997136882879,4.6422569328279,1,Malignant cells,Malignant,Malignant,Patient 2,Patient 2,Tumor,-0.353459708245573,-0.353459708245573
HCC2_COL18_ROW6,1.27008650818841,3.40485830840773,1,Malignant cells,Malignant,Malignant,Patient 2,Patient 2,Tumor,0.3623527576254,0.3623527576254
HCC2_COL18_ROW7,5.13663909951226,3.6826815181703,1,Malignant cells,Malignant,Malignant,Patient 2,Patient 2,Tumor,-0.340198143380919,-0.340198143380919
HCC2_COL18_ROW8,7.00186250725762,-5.28314856949144,1,Malignant cells,Malignant,Malignant,Patient 2,Patient 2,Tumor,-0.226772759185584,-0.226772759185584
HCC2_COL18_ROW9,1.54267356911675,3.20380945739455,1,Malignant cells,Malignant,Malignant,Patient 2,Patient 2,Tumor,-0.328808799438334,-0.328808799438334
HCC2_COL19_ROW1,6.72757576027886,2.32872684535689,1,Malignant cells,Malignant,Malignant,Patient 2,Patient 2,Tumor,0.489351743505734,0.489351743505734
HCC2_COL19_ROW10,3.58729789773003,2.09527375039763,1,Malignant cells,Malignant,Malignant,Patient 2,Patient 2,Tumor,-0.221546142444808,-0.221546142444808
HCC2_COL19_ROW11,3.22628353158013,0.515000897023147,6,Immune cells,Mono/Macro,Mono/Macro,Patient 2,Patient 2,Tumor,-0.21288712068024,-0.21288712068024
HCC2_COL19_ROW12,4.12721965828912,4.23850198325819,1,Malignant cells,Malignant,Malignant,Patient 2,Patient 2,Tumor,-0.26484125126765,-0.26484125126765
HCC2_COL19_ROW13,3.48578641930596,-1.17565373840624,6,Immune cells,Mono/Macro,Mono/Macro,Patient 2,Patient 2,Tumor,-0.233325532412825,-0.233325532412825
HCC2_COL19_ROW14,3.87504528084771,1.94605060157484,1,Malignant cells,Malignant,Malignant,Patient 2,Patient 2,Tumor,-0.224354473827912,-0.224354473827912
HCC2_COL19_ROW15,3.03890798607842,2.22361876306242,1,Malignant cells,Malignant,Malignant,Patient 2,Patient 2,Tumor,-0.232077385131446,-0.232077385131446
HCC2_COL19_ROW16,3.99426219979302,3.54774542388625,1,Malignant cells,Malignant,Malignant,Patient 2,Patient 2,Tumor,-0.253763944145409,-0.253763944145409
HCC2_COL19_ROW17,4.55869625130669,2.73300095138258,1,Malignant cells,Malignant,Malignant,Patient 2,Patient 2,Tumor,-0.246821124892737,-0.246821124892737
HCC2_COL19_ROW18,2.88809106865899,2.67867918548292,1,Malignant cells,Malignant,Malignant,Patient 2,Patient 2,Tumor,-0.250175520711444,-0.250175520711444
HCC2_COL19_ROW19,4.00378368416802,4.98442669448561,1,Malignant cells,Malignant,Malignant,Patient 2,Patient 2,Tumor,-0.329822919104454,-0.329822919104454
HCC2_COL19_ROW2,5.20883081475274,-7.25815514984422,8,Stromal cells,Tprolif,Tprolif,Patient 2,Patient 2,Tumor,-0.298385209454716,-0.298385209454716
HCC2_COL19_ROW20,3.83785675087945,2.09192766484923,1,Malignant cells,Malignant,Malignant,Patient 2,Patient 2,Tumor,-0.253685934940323,-0.253685934940323
HCC2_COL19_ROW21,2.37372563401238,2.73749299583144,1,Malignant cells,Malignant,Malignant,Patient 2,Patient 2,Tumor,-0.257430376784461,-0.257430376784461
HCC2_COL19_ROW22,5.16616056481377,-7.12274579468065,1,Malignant cells,Malignant,Malignant,Patient 2,Patient 2,Tumor,-0.237069974256962,-0.237069974256962
HCC2_COL19_ROW23,5.28468845406548,3.06972272929854,1,Malignant cells,Malignant,Malignant,Patient 2,Patient 2,Tumor,-0.293626647944457,-0.293626647944457
HCC2_COL19_ROW24,6.69262455025689,2.20836277541823,1,Malignant cells,Malignant,Malignant,Patient 2,Patient 2,Tumor,0.535143146891333,0.535143146891333
HCC2_COL19_ROW25,3.15100143471734,-3.53190020981126,6,Immune cells,Mono/Macro,Mono/Macro,Patient 2,Patient 2,Tumor,-0.285591699820579,-0.285591699820579
HCC2_COL19_ROW26,3.33454893151299,2.24540122089094,1,Malignant cells,Malignant,Malignant,Patient 2,Patient 2,Tumor,-0.259380606911616,-0.259380606911616
HCC2_COL19_ROW27,5.19331262627618,3.87426777419752,1,Malignant cells,Malignant,Malignant,Patient 2,Patient 2,Tumor,-0.318043529136438,-0.318043529136438
HCC2_COL19_ROW28,3.57378767052667,2.63730187949843,1,Malignant cells,Malignant,Malignant,Patient 2,Patient 2,Tumor,-0.26749356424058,-0.26749356424058
HCC2_COL19_ROW29,6.84258459130303,2.27791162070937,1,Malignant cells,Malignant,Malignant,Patient 2,Patient 2,Tumor,0.125984866214213,0.125984866214213
HCC2_COL19_ROW3,3.16934679070489,-1.48744730415636,6,Immune cells,Mono/Macro,Mono/Macro,Patient 2,Patient 2,Tumor,-0.254310008581013,-0.254310008581013
HCC2_COL19_ROW30,4.37760637322442,2.16660984096236,1,Malignant cells,Malignant,Malignant,Patient 2,Patient 2,Tumor,-0.24471487635541,-0.24471487635541
HCC2_COL19_ROW31,3.37031505623834,-1.93330649795824,6,Immune cells,Mono/Macro,Mono/Macro,Patient 2,Patient 2,Tumor,-0.247835244558858,-0.247835244558858
HCC2_COL19_ROW32,3.37997434655206,-2.0225449031859,6,Immune cells,Mono/Macro,Mono/Macro,Patient 2,Patient 2,Tumor,-0.271003978469459,-0.271003978469459
HCC2_COL19_ROW33,3.98588798562066,1.99763508376784,1,Malignant cells,Malignant,Malignant,Patient 2,Patient 2,Tumor,0.564318589593572,0.564318589593572
HCC2_COL19_ROW34,4.35837553063409,3.14284511146254,1,Malignant cells,Malignant,Malignant,Patient 2,Patient 2,Tumor,-0.223106326546532,-0.223106326546532
HCC2_COL19_ROW35,6.48646209755914,2.36487265166945,1,Malignant cells,Malignant,Malignant,Patient 2,Patient 2,Tumor,0.50729386067556,0.50729386067556
HCC2_COL19_ROW36,4.19042728463189,2.23975976047224,1,Malignant cells,Malignant,Malignant,Patient 2,Patient 2,Tumor,0.404477728371948,0.404477728371948
HCC2_COL19_ROW37,6.64206646004693,2.19042046603865,1,Malignant cells,Malignant,Malignant,Patient 2,Patient 2,Tumor,0.3233481550823,0.3233481550823
HCC2_COL19_ROW38,4.00651882210748,2.35089285907454,1,Malignant cells,Malignant,Malignant,Patient 2,Patient 2,Tumor,-0.242842655433341,-0.242842655433341
HCC2_COL19_ROW4,3.28422973671929,-0.931484026339585,6,Immune cells,Mono/Macro,Mono/Macro,Patient 2,Patient 2,Tumor,-0.218113737421016,-0.218113737421016
HCC2_COL19_ROW40,3.83881996193902,3.25120349464125,1,Malignant cells,Malignant,Malignant,Patient 2,Patient 2,Tumor,-0.230829237850066,-0.230829237850066
HCC2_COL19_ROW5,3.28792903939263,-2.30761031570726,6,Immune cells,Mono/Macro,Mono/Macro,Patient 2,Patient 2,Tumor,-0.253607925735237,-0.253607925735237
HCC2_COL19_ROW6,3.0766382030584,3.8300375514955,1,Malignant cells,Malignant,Malignant,Patient 2,Patient 2,Tumor,-0.240580388485841,-0.240580388485841
HCC2_COL19_ROW7,7.43276403466241,-6.55093745651537,4,Immune cells,CD8T,CD8T,Patient 2,Patient 2,Tumor,0.385521491536001,0.385521491536001
HCC2_COL19_ROW8,3.35530946770684,-1.61581925812059,6,Immune cells,Mono/Macro,Mono/Macro,Patient 2,Patient 2,Tumor,-0.263983150011701,-0.263983150011701
HCC2_COL19_ROW9,2.51431654015557,2.57944281634993,1,Malignant cells,Malignant,Malignant,Patient 2,Patient 2,Tumor,-0.228957016927997,-0.228957016927997
HCC2_COL2_ROW1,3.15099714318292,3.24132175979323,1,Malignant cells,Malignant,Malignant,Patient 2,Patient 2,Tumor,0.40237147983462,0.40237147983462
HCC2_COL2_ROW10,4.67068431893365,3.3660254054994,1,Malignant cells,Malignant,Malignant,Patient 2,Patient 2,Tumor,0.550666978703487,0.550666978703487
HCC2_COL2_ROW11,2.4575900844671,4.55081124839491,1,Malignant cells,Malignant,Malignant,Patient 2,Patient 2,Tumor,0.192916764178173,0.192916764178173
HCC2_COL2_ROW12,3.70770309487359,3.00667388972945,1,Malignant cells,Malignant,Malignant,Patient 2,Patient 2,Tumor,-0.230517201029722,-0.230517201029722
HCC2_COL2_ROW13,4.01724241295831,4.93507786330885,1,Malignant cells,Malignant,Malignant,Patient 2,Patient 2,Tumor,-0.30259770652937,-0.30259770652937
HCC2_COL2_ROW14,3.54061935463921,4.36054177818007,1,Malignant cells,Malignant,Malignant,Patient 2,Patient 2,Tumor,0.431702940947032,0.431702940947032
HCC2_COL2_ROW15,4.94722984353082,3.05027254161543,1,Malignant cells,Malignant,Malignant,Patient 2,Patient 2,Tumor,-0.302987752554801,-0.302987752554801
HCC2_COL2_ROW16,3.76543186226861,-0.972860617068345,6,Immune cells,Mono/Macro,Mono/Macro,Patient 2,Patient 2,Tumor,-0.266167407754115,-0.266167407754115
HCC2_COL2_ROW17,3.5492796711065,-0.962221903231675,6,Immune cells,Mono/Macro,Mono/Macro,Patient 2,Patient 2,Tumor,-0.258444496450581,-0.258444496450581
HCC2_COL2_ROW18,4.18853614846246,4.42612453040785,1,Malignant cells,Malignant,Malignant,Patient 2,Patient 2,Tumor,0.479678602075045,0.479678602075045
HCC2_COL2_ROW19,8.71956537285821,-4.08439902725511,1,Malignant cells,Malignant,Malignant,Patient 2,Patient 2,Tumor,-0.31718542788049,-0.31718542788049
HCC2_COL2_ROW2,8.93341920891778,-4.64213590088182,4,Immune cells,CD8T,CD8T,Patient 2,Patient 2,Tumor,0.383805289024105,0.383805289024105
HCC2_COL2_ROW20,4.14485834160821,2.19862266120619,1,Malignant cells,Malignant,Malignant,Patient 2,Patient 2,Tumor,0.49886886652625,0.49886886652625
HCC2_COL2_ROW21,6.82638834038751,-5.40214042129808,4,Immune cells,CD8T,CD8T,Patient 2,Patient 2,Tumor,-0.248537327404634,-0.248537327404634
HCC2_COL2_ROW22,3.53594682732598,-0.91406921806627,6,Immune cells,Mono/Macro,Mono/Macro,Patient 2,Patient 2,Tumor,-0.265777361728684,-0.265777361728684
HCC2_COL2_ROW23,3.43725154915826,3.50912638244337,1,Malignant cells,Malignant,Malignant,Patient 2,Patient 2,Tumor,0.458382089086512,0.458382089086512
HCC2_COL2_ROW24,3.82847164193169,3.01621122893996,1,Malignant cells,Malignant,Malignant,Patient 2,Patient 2,Tumor,-0.221858179265153,-0.221858179265153
HCC2_COL2_ROW25,3.22574232140557,1.12530948457426,6,Immune cells,Mono/Macro,Mono/Macro,Patient 2,Patient 2,Tumor,-0.270691941649115,-0.270691941649115
HCC2_COL2_ROW26,3.20178363839166,-3.81632117691332,6,Immune cells,Mono/Macro,Mono/Macro,Patient 2,Patient 2,Tumor,-0.257742413604805,-0.257742413604805
HCC2_COL2_ROW27,3.88050029793755,4.50814219054884,1,Malignant cells,Malignant,Malignant,Patient 2,Patient 2,Tumor,0.518527186207972,0.518527186207972
HCC2_COL2_ROW28,2.19354723015801,3.52541657027907,1,Malignant cells,Malignant,Malignant,Patient 2,Patient 2,Tumor,0.356970122474452,0.356970122474452
HCC2_COL2_ROW29,4.92524955788628,3.52796073493666,1,Malignant cells,Malignant,Malignant,Patient 2,Patient 2,Tumor,0.37506825805445,0.37506825805445
HCC2_COL2_ROW3,3.08357523003594,2.82682819900221,1,Malignant cells,Malignant,Malignant,Patient 2,Patient 2,Tumor,0.521491536001248,0.521491536001248
HCC2_COL2_ROW30,4.7326178363897,2.47379954395003,1,Malignant cells,Malignant,Malignant,Patient 2,Patient 2,Tumor,-0.278102816132304,-0.278102816132304
HCC2_COL2_ROW31,3.33880041161553,-2.23508862915331,6,Immune cells,Mono/Macro,Mono/Macro,Patient 2,Patient 2,Tumor,-0.247055152507996,-0.247055152507996
HCC2_COL2_ROW32,3.35133359948174,4.46789475021071,1,Malignant cells,Malignant,Malignant,Patient 2,Patient 2,Tumor,0.504173492472112,0.504173492472112
HCC2_COL2_ROW33,4.32009647408502,2.74591525134749,1,Malignant cells,Malignant,Malignant,Patient 2,Patient 2,Tumor,0.54114985568297,0.54114985568297
HCC2_COL2_ROW34,3.62587068596856,-0.8368702358275,6,Immune cells,Mono/Macro,Mono/Macro,Patient 2,Patient 2,Tumor,-0.226070676339808,-0.226070676339808
HCC2_COL2_ROW35,3.63121078530328,4.29383988914198,1,Malignant cells,Malignant,Malignant,Patient 2,Patient 2,Tumor,0.427802480692722,0.427802480692722
HCC2_COL2_ROW36,3.95804832497613,3.56699247893996,1,Malignant cells,Malignant,Malignant,Patient 2,Patient 2,Tumor,-0.300413448786957,-0.300413448786957
HCC2_COL2_ROW37,3.57688901940362,4.62061782417006,1,Malignant cells,Malignant,Malignant,Patient 2,Patient 2,Tumor,0.354083781886263,0.354083781886263
HCC2_COL2_ROW38,4.20528886834161,4.14947219428725,1,Malignant cells,Malignant,Malignant,Patient 2,Patient 2,Tumor,-0.253217879709806,-0.253217879709806
HCC2_COL2_ROW4,4.25898263970391,3.85001655158705,1,Malignant cells,Malignant,Malignant,Patient 2,Patient 2,Tumor,-0.295888914891957,-0.295888914891957
HCC2_COL2_ROW40,3.95861623803155,3.39214559135146,1,Malignant cells,Malignant,Malignant,Patient 2,Patient 2,Tumor,0.546454481628832,0.546454481628832
HCC2_COL2_ROW5,2.49928234139459,4.5564767890901,1,Malignant cells,Malignant,Malignant,Patient 2,Patient 2,Tumor,-0.356268039628676,-0.356268039628676
HCC2_COL2_ROW6,3.61948679009454,2.90117354926771,1,Malignant cells,Malignant,Malignant,Patient 2,Patient 2,Tumor,-0.252905842889461,-0.252905842889461
HCC2_COL2_ROW7,3.6033830455877,-1.19092850151354,6,Immune cells,Mono/Macro,Mono/Macro,Patient 2,Patient 2,Tumor,-0.272486153366097,-0.272486153366097
HCC2_COL2_ROW8,7.39122579613702,-6.06388310852342,4,Immune cells,CD8T,CD8T,Patient 2,Patient 2,Tumor,-0.246197051252048,-0.246197051252048
HCC2_COL2_ROW9,4.60584590950982,4.24911137160963,1,Malignant cells,Malignant,Malignant,Patient 2,Patient 2,Tumor,-0.28824401279351,-0.28824401279351
HCC2_COL20_ROW1,3.21159408608453,1.25678488847918,6,Immune cells,Mono/Macro,Mono/Macro,Patient 2,Patient 2,Tumor,-0.235197753334894,-0.235197753334894
HCC2_COL20_ROW10,4.3757686428167,5.00209780273146,1,Malignant cells,Malignant,Malignant,Patient 2,Patient 2,Tumor,0.414150869802637,0.414150869802637
HCC2_COL20_ROW11,3.41640470543877,-1.59124926986986,6,Immune cells,Mono/Macro,Mono/Macro,Patient 2,Patient 2,Tumor,0.394726577736173,0.394726577736173
HCC2_COL20_ROW12,4.3954825214483,2.12423147496886,1,Malignant cells,Malignant,Malignant,Patient 2,Patient 2,Tumor,-0.211638973398861,-0.211638973398861
HCC2_COL20_ROW13,3.34409759560601,-0.416394633677537,6,Immune cells,Mono/Macro,Mono/Macro,Patient 2,Patient 2,Tumor,0.495904516732974,0.495904516732974
HCC2_COL20_ROW14,3.2560462764837,4.65951247749037,1,Malignant cells,Malignant,Malignant,Patient 2,Patient 2,Tumor,0.217333645370154,0.217333645370154
HCC2_COL20_ROW15,6.7355475238897,2.28942306575484,1,Malignant cells,Malignant,Malignant,Patient 2,Patient 2,Tumor,-0.326936578516265,-0.326936578516265
HCC2_COL20_ROW16,6.64990470925347,2.31742961940474,1,Malignant cells,Malignant,Malignant,Patient 2,Patient 2,Tumor,0.395116623761604,0.395116623761604
HCC2_COL20_ROW17,8.89163587609307,-4.66929940643602,4,Immune cells,CD8T,CD8T,Patient 2,Patient 2,Tumor,-0.251033621967392,-0.251033621967392
HCC2_COL20_ROW18,3.10279939690606,1.26760902491516,1,Malignant cells,Malignant,Malignant,Patient 2,Patient 2,Tumor,-0.209922770886965,-0.209922770886965
HCC2_COL20_ROW19,3.69003007927911,3.51832218703932,1,Malignant cells,Malignant,Malignant,Patient 2,Patient 2,Tumor,-0.265933380138856,-0.265933380138856
HCC2_COL20_ROW2,6.35868642846124,2.42256649074263,1,Malignant cells,Malignant,Malignant,Patient 2,Patient 2,Tumor,-0.347921054684453,-0.347921054684453
HCC2_COL20_ROW20,3.17370174447076,-3.72880820694261,6,Immune cells,Mono/Macro,Mono/Macro,Patient 2,Patient 2,Tumor,-0.262891021140495,-0.262891021140495
HCC2_COL20_ROW21,4.71054266015069,4.17111273345656,1,Malignant cells,Malignant,Malignant,Patient 2,Patient 2,Tumor,-0.280599110695062,-0.280599110695062
HCC2_COL20_ROW22,3.39154050866143,2.96588750419325,1,Malignant cells,Malignant,Malignant,Patient 2,Patient 2,Tumor,-0.261018800218426,-0.261018800218426
HCC2_COL20_ROW23,4.25714729348199,4.78778167304701,1,Malignant cells,Malignant,Malignant,Patient 2,Patient 2,Tumor,-0.242374600202824,-0.242374600202824
HCC2_COL20_ROW24,1.52442763367669,3.36078234252638,1,Malignant cells,Malignant,Malignant,Patient 2,Patient 2,Tumor,-0.38801778609876,-0.38801778609876
HCC2_COL20_ROW25,6.11127231637017,2.6475275331468,1,Malignant cells,Malignant,Malignant,Patient 2,Patient 2,Tumor,-0.350105312426866,-0.350105312426866
HCC2_COL20_ROW26,4.06896255532281,2.06647320327467,1,Malignant cells,Malignant,Malignant,Patient 2,Patient 2,Tumor,-0.249395428660582,-0.249395428660582
HCC2_COL20_ROW27,3.15875719109551,2.690875130269,1,Malignant cells,Malignant,Malignant,Patient 2,Patient 2,Tumor,-0.19338481940869,-0.19338481940869
HCC2_COL20_ROW28,6.20818660775201,2.36144490775771,1,Malignant cells,Malignant,Malignant,Patient 2,Patient 2,Tumor,0.40915828067712,0.40915828067712
HCC2_COL20_ROW29,3.0920944027044,4.75064249572462,1,Malignant cells,Malignant,Malignant,Patient 2,Patient 2,Tumor,-0.324908339184024,-0.324908339184024
HCC2_COL20_ROW3,3.26093385735528,3.90346713599867,1,Malignant cells,Malignant,Malignant,Patient 2,Patient 2,Tumor,-0.25087760355722,-0.25087760355722
HCC2_COL20_ROW30,3.2129907421209,-3.71243504944139,6,Immune cells,Mono/Macro,Mono/Macro,Patient 2,Patient 2,Tumor,-0.280599110695062,-0.280599110695062
HCC2_COL20_ROW31,3.6835570148565,-1.43756775322252,6,Immune cells,Mono/Macro,Mono/Macro,Patient 2,Patient 2,Tumor,-0.25969264373196,-0.25969264373196
HCC2_COL20_ROW32,4.24803875008599,4.89358397063917,1,Malignant cells,Malignant,Malignant,Patient 2,Patient 2,Tumor,0.515874873235042,0.515874873235042
HCC2_COL20_ROW33,3.11340330163018,4.73460789260573,1,Malignant cells,Malignant,Malignant,Patient 2,Patient 2,Tumor,0.191668616896794,0.191668616896794
HCC2_COL20_ROW34,5.08681819954888,3.90818210181898,1,Malignant cells,Malignant,Malignant,Patient 2,Patient 2,Tumor,0.574069740229347,0.574069740229347
HCC2_COL20_ROW35,6.78303621331231,2.36870880660719,1,Malignant cells,Malignant,Malignant,Patient 2,Patient 2,Tumor,-0.328496762617989,-0.328496762617989
HCC2_COL20_ROW36,3.48580167809502,-1.82133321228319,6,Immune cells,Mono/Macro,Mono/Macro,Patient 2,Patient 2,Tumor,-0.271628052110149,-0.271628052110149
HCC2_COL20_ROW37,3.37766788521783,2.33742375907606,1,Malignant cells,Malignant,Malignant,Patient 2,Patient 2,Tumor,-0.242374600202824,-0.242374600202824
HCC2_COL20_ROW38,2.73855207482354,3.61076088485426,1,Malignant cells,Malignant,Malignant,Patient 2,Patient 2,Tumor,-0.355331929167642,-0.355331929167642
HCC2_COL20_ROW4,3.66216943779961,3.26534743842787,1,Malignant cells,Malignant,Malignant,Patient 2,Patient 2,Tumor,-0.254856073016616,-0.254856073016616
HCC2_COL20_ROW40,6.08487937966363,2.52123697337813,1,Malignant cells,Malignant,Malignant,Patient 2,Patient 2,Tumor,0.240424370075669,0.240424370075669
HCC2_COL20_ROW5,3.30610702553765,-0.0308559364347998,6,Immune cells,Mono/Macro,Mono/Macro,Patient 2,Patient 2,Tumor,0.463920742647633,0.463920742647633
HCC2_COL20_ROW6,3.27776096383111,3.29204388198561,1,Malignant cells,Malignant,Malignant,Patient 2,Patient 2,Tumor,-0.259224588501443,-0.259224588501443
HCC2_COL20_ROW7,4.50637767830865,4.45251889762587,1,Malignant cells,Malignant,Malignant,Patient 2,Patient 2,Tumor,-0.288400031203682,-0.288400031203682
HCC2_COL20_ROW8,3.29889057198541,-0.183582229044968,6,Immune cells,Mono/Macro,Mono/Macro,Patient 2,Patient 2,Tumor,-0.222170216085498,-0.222170216085498
HCC2_COL20_ROW9,3.53293846169488,2.68312223491377,1,Malignant cells,Malignant,Malignant,Patient 2,Patient 2,Tumor,-0.235509790155238,-0.235509790155238
HCC2_COL3_ROW1,4.90592811623589,2.80332668361372,1,Malignant cells,Malignant,Malignant,Patient 2,Patient 2,Tumor,0.54505031593728,0.54505031593728
HCC2_COL3_ROW10,3.37320564309136,2.98121901092238,1,Malignant cells,Malignant,Malignant,Patient 2,Patient 2,Tumor,-0.236445900616273,-0.236445900616273
HCC2_COL3_ROW11,3.30843399086968,-1.8174872821837,6,Immune cells,Mono/Macro,Mono/Macro,Patient 2,Patient 2,Tumor,-0.253997971760668,-0.253997971760668
HCC2_COL3_ROW12,3.68443439522759,-1.46131448211961,6,Immune cells,Mono/Macro,Mono/Macro,Patient 2,Patient 2,Tumor,-0.255480146657306,-0.255480146657306
HCC2_COL3_ROW13,5.14872978249566,2.78106148776717,1,Malignant cells,Malignant,Malignant,Patient 2,Patient 2,Tumor,0.218113737421016,0.218113737421016
HCC2_COL3_ROW14,3.45055721322076,0.0531670623750147,6,Immune cells,Mono/Macro,Mono/Macro,Patient 2,Patient 2,Tumor,-0.353303689835401,-0.353303689835401
HCC2_COL3_ROW15,1.36206219712273,3.27768893775648,1,Malignant cells,Malignant,Malignant,Patient 2,Patient 2,Tumor,0.516264919260473,0.516264919260473
HCC2_COL3_ROW16,4.75506685296075,3.72219296035475,1,Malignant cells,Malignant,Malignant,Patient 2,Patient 2,Tumor,-0.327092596926437,-0.327092596926437
HCC2_COL3_ROW17,5.01023099938409,3.45283241805739,1,Malignant cells,Malignant,Malignant,Patient 2,Patient 2,Tumor,0.546532490833918,0.546532490833918
HCC2_COL3_ROW18,3.07216833153741,2.74201984939284,1,Malignant cells,Malignant,Malignant,Patient 2,Patient 2,Tumor,0.444808487401513,0.444808487401513
HCC2_COL3_ROW19,3.68579862633721,-1.30114964905077,6,Immune cells,Mono/Macro,Mono/Macro,Patient 2,Patient 2,Tumor,-0.257196349169202,-0.257196349169202
HCC2_COL3_ROW2,8.90585897484795,-4.53055600586229,4,Immune cells,CD8T,CD8T,Patient 2,Patient 2,Tumor,-0.280833138310321,-0.280833138310321
HCC2_COL3_ROW20,5.12712095299737,3.36993618545241,1,Malignant cells,Malignant,Malignant,Patient 2,Patient 2,Tumor,-0.348701146735315,-0.348701146735315
HCC2_COL3_ROW21,8.02565191308038,-5.48517827453905,4,Immune cells,CD8T,CD8T,Patient 2,Patient 2,Tumor,0.417427256416257,0.417427256416257
HCC2_COL3_ROW22,3.64198444405572,4.56250687179274,1,Malignant cells,Malignant,Malignant,Patient 2,Patient 2,Tumor,0.308136360090491,0.308136360090491
HCC2_COL3_ROW23,3.78242300072686,4.36275358733839,1,Malignant cells,Malignant,Malignant,Patient 2,Patient 2,Tumor,0.398783056400655,0.398783056400655
HCC2_COL3_ROW24,3.22949598351495,-0.829417509463364,6,Immune cells,Mono/Macro,Mono/Macro,Patient 2,Patient 2,Tumor,0.545752398783056,0.545752398783056
HCC2_COL3_ROW25,4.43899248162286,2.35394294795698,1,Malignant cells,Malignant,Malignant,Patient 2,Patient 2,Tumor,-0.223028317341446,-0.223028317341446
HCC2_COL3_ROW26,4.15274189034478,4.75067635116286,1,Malignant cells,Malignant,Malignant,Patient 2,Patient 2,Tumor,-0.289570169279975,-0.289570169279975
HCC2_COL3_ROW27,4.28337381402032,4.88179512557692,1,Malignant cells,Malignant,Malignant,Patient 2,Patient 2,Tumor,0.365239098213589,0.365239098213589
HCC2_COL3_ROW28,4.2912378124334,3.33345408973402,1,Malignant cells,Malignant,Malignant,Patient 2,Patient 2,Tumor,-0.218035728215929,-0.218035728215929
HCC2_COL3_ROW29,3.79636905709283,-1.36690597000414,6,Immune cells,Mono/Macro,Mono/Macro,Patient 2,Patient 2,Tumor,-0.253529916530151,-0.253529916530151
HCC2_COL3_ROW3,4.09031436959283,2.01115782794661,1,Malignant cells,Malignant,Malignant,Patient 2,Patient 2,Tumor,0.46048833762384,0.46048833762384
HCC2_COL3_ROW30,2.55798576394097,2.62630696830458,1,Malignant cells,Malignant,Malignant,Patient 2,Patient 2,Tumor,0.542788048989781,0.542788048989781
HCC2_COL3_ROW31,4.13039205590264,4.55896277961439,1,Malignant cells,Malignant,Malignant,Patient 2,Patient 2,Tumor,-0.293548638739371,-0.293548638739371
HCC2_COL3_ROW32,5.62241170922295,2.97321589526839,1,Malignant cells,Malignant,Malignant,Patient 2,Patient 2,Tumor,0.288322021998596,0.288322021998596
HCC2_COL3_ROW33,6.74902008095757,-5.36865262451463,4,Immune cells,CD8T,CD8T,Patient 2,Patient 2,Tumor,-0.243700756689289,-0.243700756689289
HCC2_COL3_ROW34,5.23873804131524,2.88673110542006,1,Malignant cells,Malignant,Malignant,Patient 2,Patient 2,Tumor,-0.313987050471956,-0.313987050471956
HCC2_COL3_ROW35,8.95634935418145,-4.52346448364549,4,Immune cells,CD8T,CD8T,Patient 2,Patient 2,Tumor,0.423980029643498,0.423980029643498
HCC2_COL3_ROW36,3.67564914742486,-1.25592712822252,6,Immune cells,Mono/Macro,Mono/Macro,Patient 2,Patient 2,Tumor,0.386301583586863,0.386301583586863
HCC2_COL3_ROW37,4.56348703423516,3.11401374873823,1,Malignant cells,Malignant,Malignant,Patient 2,Patient 2,Tumor,0.368749512442468,0.368749512442468
HCC2_COL3_ROW38,7.50751779595391,-5.56576947632127,4,Immune cells,CD8T,CD8T,Patient 2,Patient 2,Tumor,-0.239800296434979,-0.239800296434979
HCC2_COL3_ROW4,5.31675527611749,2.82308967647261,1,Malignant cells,Malignant,Malignant,Patient 2,Patient 2,Tumor,0.458304079881426,0.458304079881426
HCC2_COL3_ROW40,4.34245393792169,3.25908251342482,1,Malignant cells,Malignant,Malignant,Patient 2,Patient 2,Tumor,0.483813089944614,0.483813089944614
HCC2_COL3_ROW5,8.35028074303643,-11.1994421905547,7,Immune cells,B,B,Patient 2,Patient 2,Tumor,-0.27365629144239,-0.27365629144239
HCC2_COL3_ROW6,3.37069557229058,3.39109750327772,1,Malignant cells,Malignant,Malignant,Patient 2,Patient 2,Tumor,0.380762930025743,0.380762930025743
HCC2_COL3_ROW7,4.94462583580987,2.51871665057844,1,Malignant cells,Malignant,Malignant,Patient 2,Patient 2,Tumor,0.573211638973399,0.573211638973399
HCC2_COL3_ROW8,3.38434837380425,-2.29102758827501,6,Immune cells,Mono/Macro,Mono/Macro,Patient 2,Patient 2,Tumor,-0.270067868008425,-0.270067868008425
HCC2_COL3_ROW9,4.7170738987066,2.22605796394057,1,Malignant cells,Malignant,Malignant,Patient 2,Patient 2,Tumor,0.41079647398393,0.41079647398393
HCC2_COL4_ROW1,5.07238433877007,2.99425073203749,1,Malignant cells,Malignant,Malignant,Patient 2,Patient 2,Tumor,0.385365473125829,0.385365473125829
HCC2_COL4_ROW10,2.82051132241265,3.25286431846327,1,Malignant cells,Malignant,Malignant,Patient 2,Patient 2,Tumor,0.476168187846166,0.476168187846166
HCC2_COL4_ROW11,3.39455364266412,-2.13002280655199,6,Immune cells,Mono/Macro,Mono/Macro,Patient 2,Patient 2,Tumor,-0.269443794367735,-0.269443794367735
HCC2_COL4_ROW12,2.29029081383721,3.0122953229875,1,Malignant cells,Malignant,Malignant,Patient 2,Patient 2,Tumor,-0.227240814416101,-0.227240814416101
HCC2_COL4_ROW13,8.80035303154961,-4.31448392334276,4,Immune cells,CD8T,CD8T,Patient 2,Patient 2,Tumor,0.403385599500741,0.403385599500741
HCC2_COL4_ROW14,3.53135297814385,2.12725414571471,1,Malignant cells,Malignant,Malignant,Patient 2,Patient 2,Tumor,-0.220454013573602,-0.220454013573602
HCC2_COL4_ROW15,4.74590728798882,2.58878405627913,1,Malignant cells,Malignant,Malignant,Patient 2,Patient 2,Tumor,-0.303143770964974,-0.303143770964974
HCC2_COL4_ROW16,3.87174985924737,2.92433150348372,1,Malignant cells,Malignant,Malignant,Patient 2,Patient 2,Tumor,-0.296434979327561,-0.296434979327561
HCC2_COL4_ROW17,4.78507183114068,3.51329203185744,1,Malignant cells,Malignant,Malignant,Patient 2,Patient 2,Tumor,-0.369451595288244,-0.369451595288244
HCC2_COL4_ROW18,3.40930936852471,4.1982540660829,1,Malignant cells,Malignant,Malignant,Patient 2,Patient 2,Tumor,-0.323816210312817,-0.323816210312817
HCC2_COL4_ROW19,2.44346545258538,3.31197424468703,1,Malignant cells,Malignant,Malignant,Patient 2,Patient 2,Tumor,0.213199157500585,0.213199157500585
HCC2_COL4_ROW2,4.74348829308526,3.08333404597945,1,Malignant cells,Malignant,Malignant,Patient 2,Patient 2,Tumor,0.472579764412201,0.472579764412201
HCC2_COL4_ROW20,2.8985695652105,3.51543732223219,1,Malignant cells,Malignant,Malignant,Patient 2,Patient 2,Tumor,-0.238396130743428,-0.238396130743428
HCC2_COL4_ROW21,3.24281261483209,-2.19909648361498,6,Immune cells,Mono/Macro,Mono/Macro,Patient 2,Patient 2,Tumor,-0.252905842889461,-0.252905842889461
HCC2_COL4_ROW22,2.74854348221795,3.09162719783491,1,Malignant cells,Malignant,Malignant,Patient 2,Patient 2,Tumor,-0.249317419455496,-0.249317419455496
HCC2_COL4_ROW23,3.24477432290093,0.350837724778121,6,Immune cells,Mono/Macro,Mono/Macro,Patient 2,Patient 2,Tumor,-0.200483657071534,-0.200483657071534
HCC2_COL4_ROW24,3.66239593544976,-0.967837137606675,6,Immune cells,Mono/Macro,Mono/Macro,Patient 2,Patient 2,Tumor,-0.233949606053514,-0.233949606053514
HCC2_COL4_ROW25,3.54766128579156,-0.403820080187852,6,Immune cells,Mono/Macro,Mono/Macro,Patient 2,Patient 2,Tumor,-0.268897729932132,-0.268897729932132
HCC2_COL4_ROW26,4.20038078347222,4.83348699149794,1,Malignant cells,Malignant,Malignant,Patient 2,Patient 2,Tumor,-0.279350963413683,-0.279350963413683
HCC2_COL4_ROW27,3.3904547504522,4.19942160186476,1,Malignant cells,Malignant,Malignant,Patient 2,Patient 2,Tumor,0.531866760277713,0.531866760277713
HCC2_COL4_ROW28,3.11186073342339,3.63026352462477,1,Malignant cells,Malignant,Malignant,Patient 2,Patient 2,Tumor,0.448864966065996,0.448864966065996
HCC2_COL4_ROW29,3.48370883980767,-1.69225029411607,6,Immune cells,Mono/Macro,Mono/Macro,Patient 2,Patient 2,Tumor,-0.238786176768859,-0.238786176768859
HCC2_COL4_ROW3,3.83796737710015,4.54880304870314,1,Malignant cells,Malignant,Malignant,Patient 2,Patient 2,Tumor,0.264763242062563,0.264763242062563
HCC2_COL4_ROW30,4.75615308800713,3.25103898582167,1,Malignant cells,Malignant,Malignant,Patient 2,Patient 2,Tumor,0.398315001170138,0.398315001170138
HCC2_COL4_ROW31,4.60074375191705,4.40594740447707,1,Malignant cells,Malignant,Malignant,Patient 2,Patient 2,Tumor,-0.258990560886185,-0.258990560886185
HCC2_COL4_ROW32,3.32246397057549,4.4872424179048,1,Malignant cells,Malignant,Malignant,Patient 2,Patient 2,Tumor,0.560808175364693,0.560808175364693
HCC2_COL4_ROW33,1.66524599114434,3.66035481033034,1,Malignant cells,Malignant,Malignant,Patient 2,Patient 2,Tumor,-0.290194242920665,-0.290194242920665
HCC2_COL4_ROW34,2.34809396782891,3.6457056575746,1,Malignant cells,Malignant,Malignant,Patient 2,Patient 2,Tumor,-0.287697948357906,-0.287697948357906
HCC2_COL4_ROW35,3.39778039971368,-2.03063635292345,6,Immune cells,Mono/Macro,Mono/Macro,Patient 2,Patient 2,Tumor,-0.247211170918168,-0.247211170918168
HCC2_COL4_ROW36,3.45304534951226,-0.836604399111802,6,Immune cells,Mono/Macro,Mono/Macro,Patient 2,Patient 2,Tumor,-0.23363756923317,-0.23363756923317
HCC2_COL4_ROW37,4.8059034160711,2.71551914748854,1,Malignant cells,Malignant,Malignant,Patient 2,Patient 2,Tumor,0.440673999531945,0.440673999531945
HCC2_COL4_ROW38,4.10367010155694,4.94072766837782,1,Malignant cells,Malignant,Malignant,Patient 2,Patient 2,Tumor,-0.312582884780404,-0.312582884780404
HCC2_COL4_ROW4,3.87806318322198,2.53815002975172,1,Malignant cells,Malignant,Malignant,Patient 2,Patient 2,Tumor,-0.232077385131446,-0.232077385131446
HCC2_COL4_ROW40,2.86791132012383,4.35281892356581,1,Malignant cells,Malignant,Malignant,Patient 2,Patient 2,Tumor,-0.316951400265231,-0.316951400265231
HCC2_COL4_ROW5,2.5245895198919,2.76377625999159,1,Malignant cells,Malignant,Malignant,Patient 2,Patient 2,Tumor,0.347296981043763,0.347296981043763
HCC2_COL4_ROW6,4.17333124199883,4.837319570157,1,Malignant cells,Malignant,Malignant,Patient 2,Patient 2,Tumor,0.204774163351275,0.204774163351275
HCC2_COL4_ROW7,7.50785062829034,-6.6409895843535,4,Immune cells,CD8T,CD8T,Patient 2,Patient 2,Tumor,-0.258132459630236,-0.258132459630236
HCC2_COL4_ROW8,5.23562953988091,2.67667992648787,1,Malignant cells,Malignant,Malignant,Patient 2,Patient 2,Tumor,0.443950386145565,0.443950386145565
HCC2_COL4_ROW9,2.68122933426873,2.70150907573408,1,Malignant cells,Malignant,Malignant,Patient 2,Patient 2,Tumor,-0.226616740775411,-0.226616740775411
HCC2_COL5_ROW1,3.28998086968438,3.00079758701033,1,Malignant cells,Malignant,Malignant,Patient 2,Patient 2,Tumor,-0.236055854590842,-0.236055854590842
HCC2_COL5_ROW10,3.23320053139703,4.37680287894911,1,Malignant cells,Malignant,Malignant,Patient 2,Patient 2,Tumor,0.18230751228645,0.18230751228645
HCC2_COL5_ROW11,3.40452144661919,4.24529738959975,1,Malignant cells,Malignant,Malignant,Patient 2,Patient 2,Tumor,-0.342616428738591,-0.342616428738591
HCC2_COL5_ROW12,6.66913888970391,-5.26713637771898,4,Immune cells,CD8T,CD8T,Patient 2,Patient 2,Tumor,-0.22357438177705,-0.22357438177705
HCC2_COL5_ROW13,3.79296825448052,4.65747900542921,1,Malignant cells,Malignant,Malignant,Patient 2,Patient 2,Tumor,0.249629456275841,0.249629456275841
HCC2_COL5_ROW14,4.1182927898504,3.70846887168593,1,Malignant cells,Malignant,Malignant,Patient 2,Patient 2,Tumor,0.412668694905999,0.412668694905999
HCC2_COL5_ROW15,2.85696266213433,2.92492325839705,1,Malignant cells,Malignant,Malignant,Patient 2,Patient 2,Tumor,-0.234495670489118,-0.234495670489118
HCC2_COL5_ROW16,1.49780295411126,3.40128298339552,1,Malignant cells,Malignant,Malignant,Patient 2,Patient 2,Tumor,0.182541539901708,0.182541539901708
HCC2_COL5_ROW17,6.69458292046563,-5.27139310303026,4,Immune cells,CD8T,CD8T,Patient 2,Patient 2,Tumor,-0.242062563382479,-0.242062563382479
HCC2_COL5_ROW18,5.80017946282403,-7.62039975586229,8,Stromal cells,Tprolif,Tprolif,Patient 2,Patient 2,Tumor,-0.251267649582651,-0.251267649582651
HCC2_COL5_ROW19,5.23210142174737,2.89979036388106,1,Malignant cells,Malignant,Malignant,Patient 2,Patient 2,Tumor,-0.341524299867384,-0.341524299867384
HCC2_COL5_ROW2,4.06956432381646,3.26129622993178,1,Malignant cells,Malignant,Malignant,Patient 2,Patient 2,Tumor,-0.234963725719635,-0.234963725719635
HCC2_COL5_ROW20,2.97994611779229,2.69429953632063,1,Malignant cells,Malignant,Malignant,Patient 2,Patient 2,Tumor,0.532022778687885,0.532022778687885
HCC2_COL5_ROW21,3.94851778069512,3.19938762721724,1,Malignant cells,Malignant,Malignant,Patient 2,Patient 2,Tumor,-0.192058662922225,-0.192058662922225
HCC2_COL5_ROW22,3.88729475060479,2.95568306979842,1,Malignant cells,Malignant,Malignant,Patient 2,Patient 2,Tumor,0.467119120056167,0.467119120056167
HCC2_COL5_ROW23,3.98496578255669,3.45080991325087,1,Malignant cells,Malignant,Malignant,Patient 2,Patient 2,Tumor,-0.308448396910835,-0.308448396910835
HCC2_COL5_ROW24,4.36656520882623,5.02687140044875,1,Malignant cells,Malignant,Malignant,Patient 2,Patient 2,Tumor,-0.276854668850924,-0.276854668850924
HCC2_COL5_ROW25,4.54305694619195,3.83237047729201,1,Malignant cells,Malignant,Malignant,Patient 2,Patient 2,Tumor,0.273500273032218,0.273500273032218
HCC2_COL5_ROW26,3.72709701577203,-1.47066096725755,6,Immune cells,Mono/Macro,Mono/Macro,Patient 2,Patient 2,Tumor,-0.241282471331617,-0.241282471331617
HCC2_COL5_ROW27,4.93859622994439,3.02083213863081,1,Malignant cells,Malignant,Malignant,Patient 2,Patient 2,Tumor,0.514938762774007,0.514938762774007
HCC2_COL5_ROW28,4.44262121239678,4.90233679351515,1,Malignant cells,Malignant,Malignant,Patient 2,Patient 2,Tumor,-0.25477806381153,-0.25477806381153
HCC2_COL5_ROW29,3.29134939232842,-1.95028237762743,6,Immune cells,Mono/Macro,Mono/Macro,Patient 2,Patient 2,Tumor,-0.236133863795928,-0.236133863795928
HCC2_COL5_ROW3,3.68466184655206,4.17089195785231,1,Malignant cells,Malignant,Malignant,Patient 2,Patient 2,Tumor,-0.304157890631094,-0.304157890631094
HCC2_COL5_ROW30,4.21575639763848,4.60377378997511,1,Malignant cells,Malignant,Malignant,Patient 2,Patient 2,Tumor,0.52905842889461,0.52905842889461
HCC2_COL5_ROW31,3.67841432610528,2.49932308730788,1,Malignant cells,Malignant,Malignant,Patient 2,Patient 2,Tumor,-0.208284577580154,-0.208284577580154
HCC2_COL5_ROW32,4.25607059517877,4.52768226203627,1,Malignant cells,Malignant,Malignant,Patient 2,Patient 2,Tumor,0.465012871518839,0.465012871518839
HCC2_COL5_ROW33,3.67082164803521,-1.50751475754076,6,Immune cells,Mono/Macro,Mono/Macro,Patient 2,Patient 2,Tumor,-0.258444496450581,-0.258444496450581
HCC2_COL5_ROW34,4.33596418419854,3.05099411544508,1,Malignant cells,Malignant,Malignant,Patient 2,Patient 2,Tumor,0.37241594508152,0.37241594508152
HCC2_COL5_ROW35,4.28703735390679,5.09574146804518,1,Malignant cells,Malignant,Malignant,Patient 2,Patient 2,Tumor,-0.280677119900148,-0.280677119900148
HCC2_COL5_ROW36,3.80575893441216,3.13709135589308,1,Malignant cells,Malignant,Malignant,Patient 2,Patient 2,Tumor,0.594820188782276,0.594820188782276
HCC2_COL5_ROW37,3.94470212975518,4.74162455138869,1,Malignant cells,Malignant,Malignant,Patient 2,Patient 2,Tumor,-0.314221078087214,-0.314221078087214
HCC2_COL5_ROW38,4.78086517373101,2.59847684440321,1,Malignant cells,Malignant,Malignant,Patient 2,Patient 2,Tumor,0.56845307746314,0.56845307746314
HCC2_COL5_ROW4,3.70471618691461,-1.0061600631743,6,Immune cells,Mono/Macro,Mono/Macro,Patient 2,Patient 2,Tumor,-0.249161401045323,-0.249161401045323
HCC2_COL5_ROW40,4.2121100238897,2.11845584449477,1,Malignant cells,Malignant,Malignant,Patient 2,Patient 2,Tumor,-0.202355877993603,-0.202355877993603
HCC2_COL5_ROW5,7.97524259606377,-5.27481584015184,4,Immune cells,CD8T,CD8T,Patient 2,Patient 2,Tumor,0.414930961853499,0.414930961853499
HCC2_COL5_ROW6,4.94880054512994,3.04835863647169,1,Malignant cells,Malignant,Malignant,Patient 2,Patient 2,Tumor,-0.320695842109369,-0.320695842109369
HCC2_COL5_ROW7,3.82732580224053,2.90249915656752,1,Malignant cells,Malignant,Malignant,Patient 2,Patient 2,Tumor,-0.238864185973945,-0.238864185973945
HCC2_COL5_ROW8,9.0319137386419,-4.54549769821458,4,Immune cells,CD8T,CD8T,Patient 2,Patient 2,Tumor,-0.241594508151962,-0.241594508151962
HCC2_COL5_ROW9,3.96800039330499,2.16909821567244,1,Malignant cells,Malignant,Malignant,Patient 2,Patient 2,Tumor,-0.209376706451361,-0.209376706451361
HCC2_COL6_ROW1,3.46760175744073,-1.16991667213731,6,Immune cells,Mono/Macro,Mono/Macro,Patient 2,Patient 2,Tumor,-0.27591855838989,-0.27591855838989
HCC2_COL6_ROW10,3.99687192955987,1.97579236564345,1,Malignant cells,Malignant,Malignant,Patient 2,Patient 2,Tumor,-0.234417661284032,-0.234417661284032
HCC2_COL6_ROW11,4.14260862389581,3.24450774726576,1,Malignant cells,Malignant,Malignant,Patient 2,Patient 2,Tumor,-0.312348857165145,-0.312348857165145
HCC2_COL6_ROW12,3.7267265133001,-3.95095567169481,8,Stromal cells,Tprolif,Tprolif,Patient 2,Patient 2,Tumor,-0.279272954208597,-0.279272954208597
HCC2_COL6_ROW13,3.53424165764825,-1.23097018661791,6,Immune cells,Mono/Macro,Mono/Macro,Patient 2,Patient 2,Tumor,-0.244402839535065,-0.244402839535065
HCC2_COL6_ROW14,5.26100395241753,3.00856371459669,1,Malignant cells,Malignant,Malignant,Patient 2,Patient 2,Tumor,0.543100085810126,0.543100085810126
HCC2_COL6_ROW15,3.13576219597833,2.46819003162093,1,Malignant cells,Malignant,Malignant,Patient 2,Patient 2,Tumor,-0.226694749980498,-0.226694749980498
HCC2_COL6_ROW16,3.95006797829644,3.20343072948164,1,Malignant cells,Malignant,Malignant,Patient 2,Patient 2,Tumor,-0.2340276152586,-0.2340276152586
HCC2_COL6_ROW17,6.73531435051934,-5.33385018768602,4,Immune cells,CD8T,CD8T,Patient 2,Patient 2,Tumor,-0.2798190186442,-0.2798190186442
HCC2_COL6_ROW18,5.17228506127374,2.74259813365645,1,Malignant cells,Malignant,Malignant,Patient 2,Patient 2,Tumor,-0.316093299009283,-0.316093299009283
HCC2_COL6_ROW19,5.15137622872369,3.37916179237074,1,Malignant cells,Malignant,Malignant,Patient 2,Patient 2,Tumor,0.159840861221624,0.159840861221624
HCC2_COL6_ROW2,9.0218572429754,-4.63683680954271,4,Immune cells,CD8T,CD8T,Patient 2,Patient 2,Tumor,-0.232779467977221,-0.232779467977221
HCC2_COL6_ROW20,4.60940502205865,2.32133503493971,1,Malignant cells,Malignant,Malignant,Patient 2,Patient 2,Tumor,0.574303767844606,0.574303767844606
HCC2_COL6_ROW21,4.83369491616265,3.64165921745009,1,Malignant cells,Malignant,Malignant,Patient 2,Patient 2,Tumor,0.516420937670645,0.516420937670645
HCC2_COL6_ROW22,3.59887931862847,4.52238674697584,1,Malignant cells,Malignant,Malignant,Patient 2,Patient 2,Tumor,0.189250331539122,0.189250331539122
HCC2_COL6_ROW23,3.56790493050591,4.34577150878615,1,Malignant cells,Malignant,Malignant,Patient 2,Patient 2,Tumor,-0.349325220376004,-0.349325220376004
HCC2_COL6_ROW24,4.43997238198296,4.21674008903212,1,Malignant cells,Malignant,Malignant,Patient 2,Patient 2,Tumor,-0.265543334113425,-0.265543334113425
HCC2_COL6_ROW25,7.80832193413751,-5.52064828338915,4,Immune cells,CD8T,CD8T,Patient 2,Patient 2,Tumor,0.453935564396599,0.453935564396599
HCC2_COL6_ROW26,3.24924514809625,2.86440177497572,1,Malignant cells,Malignant,Malignant,Patient 2,Patient 2,Tumor,-0.225290584288946,-0.225290584288946
HCC2_COL6_ROW27,4.58037279168145,3.49186106261916,1,Malignant cells,Malignant,Malignant,Patient 2,Patient 2,Tumor,-0.324284265543334,-0.324284265543334
HCC2_COL6_ROW28,2.8245630077459,4.65928097305006,1,Malignant cells,Malignant,Malignant,Patient 2,Patient 2,Tumor,-0.337779858023247,-0.337779858023247
HCC2_COL6_ROW29,2.80511949578301,4.27154632148451,1,Malignant cells,Malignant,Malignant,Patient 2,Patient 2,Tumor,-0.243310710663858,-0.243310710663858
HCC2_COL6_ROW3,6.7612371257879,-5.45218877258592,4,Immune cells,CD8T,CD8T,Patient 2,Patient 2,Tumor,-0.240970434511272,-0.240970434511272
HCC2_COL6_ROW30,4.84987257042901,3.14328570899672,1,Malignant cells,Malignant,Malignant,Patient 2,Patient 2,Tumor,-0.313518995241438,-0.313518995241438
HCC2_COL6_ROW31,4.69472263375298,2.21742274102873,1,Malignant cells,Malignant,Malignant,Patient 2,Patient 2,Tumor,0.321943989390748,0.321943989390748
HCC2_COL6_ROW32,5.28684995690362,2.88167400893874,1,Malignant cells,Malignant,Malignant,Patient 2,Patient 2,Tumor,0.310476636243077,0.310476636243077
HCC2_COL6_ROW33,1.45375631371514,3.31127424773878,1,Malignant cells,Malignant,Malignant,Patient 2,Patient 2,Tumor,-0.394960605351431,-0.394960605351431
HCC2_COL6_ROW34,3.09266613045709,-3.03525952759081,6,Immune cells,Mono/Macro,Mono/Macro,Patient 2,Patient 2,Tumor,-0.266167407754115,-0.266167407754115
HCC2_COL6_ROW35,1.37691591301934,3.29363842544264,1,Malignant cells,Malignant,Malignant,Patient 2,Patient 2,Tumor,-0.318979639597472,-0.318979639597472
HCC2_COL6_ROW36,3.28556631127374,4.69417567786879,1,Malignant cells,Malignant,Malignant,Patient 2,Patient 2,Tumor,-0.346828925813246,-0.346828925813246
HCC2_COL6_ROW37,3.24810932198541,-0.204815906909043,6,Immune cells,Mono/Macro,Mono/Macro,Patient 2,Patient 2,Tumor,-0.215617442858257,-0.215617442858257
HCC2_COL6_ROW38,3.24404666939752,4.01078339156813,1,Malignant cells,Malignant,Malignant,Patient 2,Patient 2,Tumor,-0.295030813636009,-0.295030813636009
HCC2_COL6_ROW4,4.17412899056451,5.04502411422438,1,Malignant cells,Malignant,Malignant,Patient 2,Patient 2,Tumor,0.418441376082378,0.418441376082378
HCC2_COL6_ROW40,4.20438573876397,1.96079905566878,1,Malignant cells,Malignant,Malignant,Patient 2,Patient 2,Tumor,-0.193228800998518,-0.193228800998518
HCC2_COL6_ROW5,6.15041683236138,2.16442878780073,1,Malignant cells,Malignant,Malignant,Patient 2,Patient 2,Tumor,0.482564942663234,0.482564942663234
HCC2_COL6_ROW6,5.34887598076836,3.2983631664247,1,Malignant cells,Malignant,Malignant,Patient 2,Patient 2,Tumor,0.422731882362119,0.422731882362119
HCC2_COL6_ROW7,8.84962080040948,-4.41079024734789,4,Immune cells,CD8T,CD8T,Patient 2,Patient 2,Tumor,-0.306732194398939,-0.306732194398939
HCC2_COL6_ROW8,3.34498785058038,-1.5690000480681,6,Immune cells,Mono/Macro,Mono/Macro,Patient 2,Patient 2,Tumor,-0.260082689757391,-0.260082689757391
HCC2_COL6_ROW9,3.33569572487847,2.27804263171858,1,Malignant cells,Malignant,Malignant,Patient 2,Patient 2,Tumor,-0.221702160854981,-0.221702160854981
HCC2_COL7_ROW1,3.08737085381524,3.32191534576125,1,Malignant cells,Malignant,Malignant,Patient 2,Patient 2,Tumor,0.369997659723847,0.369997659723847
HCC2_COL7_ROW10,4.63829658547418,2.4609174304933,1,Malignant cells,Malignant,Malignant,Patient 2,Patient 2,Tumor,0.542163975349091,0.542163975349091
HCC2_COL7_ROW11,3.27891681710259,-3.7618973678618,6,Immune cells,Mono/Macro,Mono/Macro,Patient 2,Patient 2,Tumor,-0.247289180123255,-0.247289180123255
HCC2_COL7_ROW12,1.1956476978399,3.49818583068556,1,Malignant cells,Malignant,Malignant,Patient 2,Patient 2,Tumor,-0.304469927451439,-0.304469927451439
HCC2_COL7_ROW13,1.89967296639459,3.09577568111128,1,Malignant cells,Malignant,Malignant,Patient 2,Patient 2,Tumor,0.492082065683751,0.492082065683751
HCC2_COL7_ROW14,3.65006921807305,-1.32606462898546,6,Immune cells,Mono/Macro,Mono/Macro,Patient 2,Patient 2,Tumor,-0.251813714018254,-0.251813714018254
HCC2_COL7_ROW15,3.71101902047173,4.46124406394667,1,Malignant cells,Malignant,Malignant,Patient 2,Patient 2,Tumor,-0.339652078945316,-0.339652078945316
HCC2_COL7_ROW16,3.18574331322686,-2.52348808708482,6,Immune cells,Mono/Macro,Mono/Macro,Patient 2,Patient 2,Tumor,-0.277088696466183,-0.277088696466183
HCC2_COL7_ROW17,4.88111827889459,3.27885528144545,1,Malignant cells,Malignant,Malignant,Patient 2,Patient 2,Tumor,0.447772837194789,0.447772837194789
HCC2_COL7_ROW18,3.62932727852837,-1.28830890121751,6,Immune cells,Mono/Macro,Mono/Macro,Patient 2,Patient 2,Tumor,-0.241672517357048,-0.241672517357048
HCC2_COL7_ROW19,4.64459465065972,2.64812322196669,1,Malignant cells,Malignant,Malignant,Patient 2,Patient 2,Tumor,0.467977221312115,0.467977221312115
HCC2_COL7_ROW2,3.93430660286919,2.96276827392287,1,Malignant cells,Malignant,Malignant,Patient 2,Patient 2,Tumor,-0.242842655433341,-0.242842655433341
HCC2_COL7_ROW20,4.08479831734673,3.35071702537245,1,Malignant cells,Malignant,Malignant,Patient 2,Patient 2,Tumor,-0.309540525782042,-0.309540525782042
HCC2_COL7_ROW21,4.00773571053521,2.66426928577132,1,Malignant cells,Malignant,Malignant,Patient 2,Patient 2,Tumor,-0.223808409392308,-0.223808409392308
HCC2_COL7_ROW22,3.86591098824517,4.4594890647859,1,Malignant cells,Malignant,Malignant,Patient 2,Patient 2,Tumor,0.407286059755051,0.407286059755051
HCC2_COL7_ROW23,3.94758079567925,3.63465614852614,1,Malignant cells,Malignant,Malignant,Patient 2,Patient 2,Tumor,-0.299165301505578,-0.299165301505578
HCC2_COL7_ROW24,4.67378137627618,2.69086297092146,1,Malignant cells,Malignant,Malignant,Patient 2,Patient 2,Tumor,-0.31266089398549,-0.31266089398549
HCC2_COL7_ROW25,3.28584430733697,1.59461294350333,6,Immune cells,Mono/Macro,Mono/Macro,Patient 2,Patient 2,Tumor,-0.222248225290584,-0.222248225290584
HCC2_COL7_ROW26,3.3317937664129,-2.1348176425963,6,Immune cells,Mono/Macro,Mono/Macro,Patient 2,Patient 2,Tumor,-0.253919962555582,-0.253919962555582
HCC2_COL7_ROW27,3.38723133126275,-2.08486728134447,6,Immune cells,Mono/Macro,Mono/Macro,Patient 2,Patient 2,Tumor,-0.267415555035494,-0.267415555035494
HCC2_COL7_ROW28,3.10216568032281,2.79013355312056,1,Malignant cells,Malignant,Malignant,Patient 2,Patient 2,Tumor,0.470551525079959,0.470551525079959
HCC2_COL7_ROW29,4.37792633095757,2.04088451204008,1,Malignant cells,Malignant,Malignant,Patient 2,Patient 2,Tumor,-0.209298697246275,-0.209298697246275
HCC2_COL7_ROW3,3.3604802898504,3.00200076636977,1,Malignant cells,Malignant,Malignant,Patient 2,Patient 2,Tumor,0.527108198767455,0.527108198767455
HCC2_COL7_ROW30,3.36468933144586,-1.90806202354723,6,Immune cells,Mono/Macro,Mono/Macro,Patient 2,Patient 2,Tumor,-0.242296590997738,-0.242296590997738
HCC2_COL7_ROW31,3.62066267052667,-1.27627305450731,6,Immune cells,Mono/Macro,Mono/Macro,Patient 2,Patient 2,Tumor,-0.243466729074031,-0.243466729074031
HCC2_COL7_ROW32,3.21919439354913,-2.04681853714281,6,Immune cells,Mono/Macro,Mono/Macro,Patient 2,Patient 2,Tumor,-0.247835244558858,-0.247835244558858
HCC2_COL7_ROW33,4.92622564354913,3.30247850951857,1,Malignant cells,Malignant,Malignant,Patient 2,Patient 2,Tumor,0.40978235431781,0.40978235431781
HCC2_COL7_ROW34,3.8657645992376,4.85380168494887,1,Malignant cells,Malignant,Malignant,Patient 2,Patient 2,Tumor,-0.326468523285748,-0.326468523285748
HCC2_COL7_ROW35,4.54460285225884,3.17110379275984,1,Malignant cells,Malignant,Malignant,Patient 2,Patient 2,Tumor,-0.281145175130665,-0.281145175130665
HCC2_COL7_ROW36,3.79241703072564,3.22917063770003,1,Malignant cells,Malignant,Malignant,Patient 2,Patient 2,Tumor,-0.234417661284032,-0.234417661284032
HCC2_COL7_ROW37,3.70058916131036,3.76901240882582,1,Malignant cells,Malignant,Malignant,Patient 2,Patient 2,Tumor,-0.28761993915282,-0.28761993915282
HCC2_COL7_ROW38,3.96922395745294,2.37313004073805,1,Malignant cells,Malignant,Malignant,Patient 2,Patient 2,Tumor,-0.222092206880412,-0.222092206880412
HCC2_COL7_ROW4,1.72863576928155,3.04893405971236,1,Malignant cells,Malignant,Malignant,Patient 2,Patient 2,Tumor,-0.242998673843513,-0.242998673843513
HCC2_COL7_ROW40,6.76582525292413,-5.29557589950853,4,Immune cells,CD8T,CD8T,Patient 2,Patient 2,Tumor,0.534285045635385,0.534285045635385
HCC2_COL7_ROW5,2.57489631691949,4.47231813010878,1,Malignant cells,Malignant,Malignant,Patient 2,Patient 2,Tumor,0.24799126296903,0.24799126296903
HCC2_COL7_ROW6,4.22834346810357,2.45240481433577,1,Malignant cells,Malignant,Malignant,Patient 2,Patient 2,Tumor,0.449489039706685,0.449489039706685
HCC2_COL7_ROW7,2.92757223168389,3.64169140395827,1,Malignant cells,Malignant,Malignant,Patient 2,Patient 2,Tumor,-0.242998673843513,-0.242998673843513
HCC2_COL7_ROW8,3.18747709313409,-0.618617457774216,6,Immune cells,Mono/Macro,Mono/Macro,Patient 2,Patient 2,Tumor,-0.219985958343084,-0.219985958343084
HCC2_COL7_ROW9,4.92378852883355,2.98755105075545,1,Malignant cells,Malignant,Malignant,Patient 2,Patient 2,Tumor,0.277400733286528,0.277400733286528
HCC2_COL8_ROW1,2.9183678440191,4.02995749053664,1,Malignant cells,Malignant,Malignant,Patient 2,Patient 2,Tumor,-0.253763944145409,-0.253763944145409
HCC2_COL8_ROW10,3.74822948494927,3.44991417464918,1,Malignant cells,Malignant,Malignant,Patient 2,Patient 2,Tumor,0.444652468991341,0.444652468991341
HCC2_COL8_ROW11,7.72766397515313,-5.67121200027757,4,Immune cells,CD8T,CD8T,Patient 2,Patient 2,Tumor,-0.240736406896014,-0.240736406896014
HCC2_COL8_ROW12,3.32426832238213,-1.89880041542345,6,Immune cells,Mono/Macro,Mono/Macro,Patient 2,Patient 2,Tumor,-0.223964427802481,-0.223964427802481
HCC2_COL8_ROW13,4.06166790047662,2.76389189300246,1,Malignant cells,Malignant,Malignant,Patient 2,Patient 2,Tumor,-0.289804196895234,-0.289804196895234
HCC2_COL8_ROW14,3.95458410302178,4.6239087158174,1,Malignant cells,Malignant,Malignant,Patient 2,Patient 2,Tumor,0.461424448084874,0.461424448084874
HCC2_COL8_ROW15,4.46161125222222,2.97412307796187,1,Malignant cells,Malignant,Malignant,Patient 2,Patient 2,Tumor,-0.218815820266791,-0.218815820266791
HCC2_COL8_ROW16,3.63847110787408,-0.72209755840593,6,Immune cells,Mono/Macro,Mono/Macro,Patient 2,Patient 2,Tumor,-0.253529916530151,-0.253529916530151
HCC2_COL8_ROW17,4.02244852105157,5.03658195075697,1,Malignant cells,Malignant,Malignant,Patient 2,Patient 2,Tumor,-0.343240502379281,-0.343240502379281
HCC2_COL8_ROW18,3.80434368172662,3.51942010459608,1,Malignant cells,Malignant,Malignant,Patient 2,Patient 2,Tumor,-0.335439581870661,-0.335439581870661
HCC2_COL8_ROW19,3.66056201973931,3.75724001464552,1,Malignant cells,Malignant,Malignant,Patient 2,Patient 2,Tumor,-0.257742413604805,-0.257742413604805
HCC2_COL8_ROW2,4.24142787972466,4.10706468162245,1,Malignant cells,Malignant,Malignant,Patient 2,Patient 2,Tumor,0.41079647398393,0.41079647398393
HCC2_COL8_ROW20,2.88631866494195,3.84200139579481,1,Malignant cells,Malignant,Malignant,Patient 2,Patient 2,Tumor,-0.242920664638427,-0.242920664638427
HCC2_COL8_ROW21,3.42076967278497,-1.43950800361925,6,Immune cells,Mono/Macro,Mono/Macro,Patient 2,Patient 2,Tumor,-0.247835244558858,-0.247835244558858
HCC2_COL8_ROW22,4.88965557137505,3.03466673431105,1,Malignant cells,Malignant,Malignant,Patient 2,Patient 2,Tumor,-0.382479132537639,-0.382479132537639
HCC2_COL8_ROW23,3.12351463356988,2.82792480525679,1,Malignant cells,Malignant,Malignant,Patient 2,Patient 2,Tumor,-0.235119744129807,-0.235119744129807
HCC2_COL8_ROW24,4.82256172219293,3.75662847099013,1,Malignant cells,Malignant,Malignant,Patient 2,Patient 2,Tumor,0.331851158436695,0.331851158436695
HCC2_COL8_ROW25,3.51098106423394,4.73886294898695,1,Malignant cells,Malignant,Malignant,Patient 2,Patient 2,Tumor,0.298619237069974,0.298619237069974
HCC2_COL8_ROW26,3.11004303017632,4.38265271720595,1,Malignant cells,Malignant,Malignant,Patient 2,Patient 2,Tumor,-0.314689133317731,-0.314689133317731
HCC2_COL8_ROW27,3.19240186730401,4.80950136718458,1,Malignant cells,Malignant,Malignant,Patient 2,Patient 2,Tumor,-0.325454403619627,-0.325454403619627
HCC2_COL8_ROW28,3.12575481453912,-3.71199826660448,6,Immune cells,Mono/Macro,Mono/Macro,Patient 2,Patient 2,Tumor,-0.22911303533817,-0.22911303533817
HCC2_COL8_ROW29,3.3924774936773,-0.779940885928208,6,Immune cells,Mono/Macro,Mono/Macro,Patient 2,Patient 2,Tumor,-0.220219985958343,-0.220219985958343
HCC2_COL8_ROW3,3.99532983819024,3.70468540725417,1,Malignant cells,Malignant,Malignant,Patient 2,Patient 2,Tumor,-0.339184023714798,-0.339184023714798
HCC2_COL8_ROW30,3.34365270653741,2.6275765472383,1,Malignant cells,Malignant,Malignant,Patient 2,Patient 2,Tumor,-0.22685076839067,-0.22685076839067
HCC2_COL8_ROW31,3.38797853508965,-1.71012286606126,6,Immune cells,Mono/Macro,Mono/Macro,Patient 2,Patient 2,Tumor,-0.224354473827912,-0.224354473827912
HCC2_COL8_ROW32,3.64121578255669,4.11257572707838,1,Malignant cells,Malignant,Malignant,Patient 2,Patient 2,Tumor,-0.348701146735315,-0.348701146735315
HCC2_COL8_ROW33,3.92770431557671,3.15127571162886,1,Malignant cells,Malignant,Malignant,Patient 2,Patient 2,Tumor,-0.22131211482955,-0.22131211482955
HCC2_COL8_ROW34,3.3026394657232,4.23419495162672,1,Malignant cells,Malignant,Malignant,Patient 2,Patient 2,Tumor,-0.291676417817302,-0.291676417817302
HCC2_COL8_ROW35,4.81858919182794,3.6063408428163,1,Malignant cells,Malignant,Malignant,Patient 2,Patient 2,Tumor,0.354707855526952,0.354707855526952
HCC2_COL8_ROW36,2.63053176919,4.52546234664625,1,Malignant cells,Malignant,Malignant,Patient 2,Patient 2,Tumor,-0.383961307434277,-0.383961307434277
HCC2_COL8_ROW37,3.1003050617315,4.51280947265333,1,Malignant cells,Malignant,Malignant,Patient 2,Patient 2,Tumor,-0.290272252125751,-0.290272252125751
HCC2_COL8_ROW38,3.23868654290215,-0.213057560351426,6,Immune cells,Mono/Macro,Mono/Macro,Patient 2,Patient 2,Tumor,-0.216241516498947,-0.216241516498947
HCC2_COL8_ROW4,2.61785672226922,4.3778297477693,1,Malignant cells,Malignant,Malignant,Patient 2,Patient 2,Tumor,-0.314455105702473,-0.314455105702473
HCC2_COL8_ROW40,3.91629169503228,4.67587562141127,1,Malignant cells,Malignant,Malignant,Patient 2,Patient 2,Tumor,-0.266635462984632,-0.266635462984632
HCC2_COL8_ROW5,3.65960166970269,-0.875646633532578,6,Immune cells,Mono/Macro,Mono/Macro,Patient 2,Patient 2,Tumor,-0.27428036508308,-0.27428036508308
HCC2_COL8_ROW6,2.65082119027154,3.06395335731215,1,Malignant cells,Malignant,Malignant,Patient 2,Patient 2,Tumor,-0.323582182697558,-0.323582182697558
HCC2_COL8_ROW7,3.46007917443292,4.79073067245192,1,Malignant cells,Malignant,Malignant,Patient 2,Patient 2,Tumor,-0.348311100709884,-0.348311100709884
HCC2_COL8_ROW8,3.69549797097222,-1.29799894752794,6,Immune cells,Mono/Macro,Mono/Macro,Patient 2,Patient 2,Tumor,-0.250331539121616,-0.250331539121616
HCC2_COL8_ROW9,3.15868328133599,-1.18780235710436,6,Immune cells,Mono/Macro,Mono/Macro,Patient 2,Patient 2,Tumor,-0.21842577424136,-0.21842577424136
HCC2_COL9_ROW1,6.51953695336358,2.28527529773421,1,Malignant cells,Malignant,Malignant,Patient 2,Patient 2,Tumor,-0.334503471409626,-0.334503471409626
HCC2_COL9_ROW10,4.96298072854058,2.87184401092238,1,Malignant cells,Malignant,Malignant,Patient 2,Patient 2,Tumor,0.587253295888915,0.587253295888915
HCC2_COL9_ROW11,3.69445608178155,4.40076561507887,1,Malignant cells,Malignant,Malignant,Patient 2,Patient 2,Tumor,-0.316483345034714,-0.316483345034714
HCC2_COL9_ROW12,3.17870424309747,4.00283237037367,1,Malignant cells,Malignant,Malignant,Patient 2,Patient 2,Tumor,0.469069350183322,0.469069350183322
HCC2_COL9_ROW13,3.2265143207647,2.99919243392653,1,Malignant cells,Malignant,Malignant,Patient 2,Patient 2,Tumor,-0.192058662922225,-0.192058662922225
HCC2_COL9_ROW14,4.65224454918877,4.09769650039381,1,Malignant cells,Malignant,Malignant,Patient 2,Patient 2,Tumor,0.498712848116078,0.498712848116078
HCC2_COL9_ROW15,6.78351972619073,2.26407487926192,1,Malignant cells,Malignant,Malignant,Patient 2,Patient 2,Tumor,0.0786332787268898,0.0786332787268898
HCC2_COL9_ROW16,5.38121221581475,3.21488006648726,1,Malignant cells,Malignant,Malignant,Patient 2,Patient 2,Tumor,-0.322880099851782,-0.322880099851782
HCC2_COL9_ROW17,3.66722343483941,-1.33792333069139,6,Immune cells,Mono/Macro,Mono/Macro,Patient 2,Patient 2,Tumor,0.415242998673843,0.415242998673843
HCC2_COL9_ROW18,2.27330301323907,3.94775648650832,1,Malignant cells,Malignant,Malignant,Patient 2,Patient 2,Tumor,-0.347218971838677,-0.347218971838677
HCC2_COL9_ROW19,3.5878276638128,-1.2039823955565,6,Immune cells,Mono/Macro,Mono/Macro,Patient 2,Patient 2,Tumor,-0.220297995163429,-0.220297995163429
HCC2_COL9_ROW2,1.9347514919378,3.76677723464674,1,Malignant cells,Malignant,Malignant,Patient 2,Patient 2,Tumor,-0.244168811919807,-0.244168811919807
HCC2_COL9_ROW20,3.28846595803277,0.278466897580093,6,Immune cells,Mono/Macro,Mono/Macro,Patient 2,Patient 2,Tumor,-0.233871596848428,-0.233871596848428
HCC2_COL9_ROW21,4.08402345696465,2.68228180942244,1,Malignant cells,Malignant,Malignant,Patient 2,Patient 2,Tumor,-0.212185037834464,-0.212185037834464
HCC2_COL9_ROW22,8.29471872368829,-6.59008340301805,4,Immune cells,CD8T,CD8T,Patient 2,Patient 2,Tumor,-0.21577346126843,-0.21577346126843
HCC2_COL9_ROW23,3.24317596474664,-0.262629670527512,6,Immune cells,Mono/Macro,Mono/Macro,Patient 2,Patient 2,Tumor,-0.202199859583431,-0.202199859583431
HCC2_COL9_ROW24,4.38406131783502,2.89592881736464,1,Malignant cells,Malignant,Malignant,Patient 2,Patient 2,Tumor,0.440752008737031,0.440752008737031
HCC2_COL9_ROW25,2.63729451218621,3.27121825751967,1,Malignant cells,Malignant,Malignant,Patient 2,Patient 2,Tumor,-0.206412356658086,-0.206412356658086
HCC2_COL9_ROW26,3.41367862740533,1.73624031481451,6,Immune cells,Mono/Macro,Mono/Macro,Patient 2,Patient 2,Tumor,-0.209922770886965,-0.209922770886965
HCC2_COL9_ROW27,4.16928146401421,2.19624145564741,1,Malignant cells,Malignant,Malignant,Patient 2,Patient 2,Tumor,-0.209844761681878,-0.209844761681878
HCC2_COL9_ROW28,4.53570888558404,4.59376020965285,1,Malignant cells,Malignant,Malignant,Patient 2,Patient 2,Tumor,-0.207582494734379,-0.207582494734379
HCC2_COL9_ROW29,5.93060157814996,2.71667976913161,1,Malignant cells,Malignant,Malignant,Patient 2,Patient 2,Tumor,0.438255714174273,0.438255714174273
HCC2_COL9_ROW3,2.93340538064019,3.90082331237501,1,Malignant cells,Malignant,Malignant,Patient 2,Patient 2,Tumor,-0.231297293080584,-0.231297293080584
HCC2_COL9_ROW30,4.97353599587457,4.2137615257234,1,Malignant cells,Malignant,Malignant,Patient 2,Patient 2,Tumor,-0.299789375146267,-0.299789375146267
HCC2_COL9_ROW31,4.0246214679815,3.24579115447707,1,Malignant cells,Malignant,Malignant,Patient 2,Patient 2,Tumor,-0.218893829471878,-0.218893829471878
HCC2_COL9_ROW32,3.32147214928643,-1.92055086555772,6,Immune cells,Mono/Macro,Mono/Macro,Patient 2,Patient 2,Tumor,-0.242686637023169,-0.242686637023169
HCC2_COL9_ROW33,1.77288196602837,3.82354946670241,1,Malignant cells,Malignant,Malignant,Patient 2,Patient 2,Tumor,0.580388485841329,0.580388485841329
HCC2_COL9_ROW34,2.78817318001763,3.38550396499342,1,Malignant cells,Malignant,Malignant,Patient 2,Patient 2,Tumor,-0.223964427802481,-0.223964427802481
HCC2_COL9_ROW35,4.95307300606744,3.093747096631,1,Malignant cells,Malignant,Malignant,Patient 2,Patient 2,Tumor,0.297527108198767,0.297527108198767
HCC2_COL9_ROW36,6.33993719140069,2.3001234107942,1,Malignant cells,Malignant,Malignant,Patient 2,Patient 2,Tumor,0.520477416335127,0.520477416335127
HCC2_COL9_ROW37,3.87837074318902,-2.7541077560454,6,Immune cells,Mono/Macro,Mono/Macro,Patient 2,Patient 2,Tumor,-0.263047039550667,-0.263047039550667
HCC2_COL9_ROW38,6.78036497155206,2.39540668067641,1,Malignant cells,Malignant,Malignant,Patient 2,Patient 2,Tumor,0.153444106404556,0.153444106404556
HCC2_COL9_ROW4,3.01620481530206,3.53346605834669,1,Malignant cells,Malignant,Malignant,Patient 2,Patient 2,Tumor,0.493720258990561,0.493720258990561
HCC2_COL9_ROW40,6.63877485314385,2.28354378280348,1,Malignant cells,Malignant,Malignant,Patient 2,Patient 2,Tumor,0.268351665496529,0.268351665496529
HCC2_COL9_ROW5,3.23427866021172,0.884779440733856,1,Malignant cells,Malignant,Malignant,Patient 2,Patient 2,Tumor,0.429206646384273,0.429206646384273
HCC2_COL9_ROW6,4.1303081325628,4.22342510757155,1,Malignant cells,Malignant,Malignant,Patient 2,Patient 2,Tumor,0.357672205320228,0.357672205320228
HCC2_COL9_ROW7,2.36647460976617,3.80040116843886,1,Malignant cells,Malignant,Malignant,Patient 2,Patient 2,Tumor,0.425306186129963,0.425306186129963
HCC2_COL9_ROW8,3.81205127755181,2.71135349807448,1,Malignant cells,Malignant,Malignant,Patient 2,Patient 2,Tumor,-0.217021608549809,-0.217021608549809
HCC2_COL9_ROW9,2.97675655404107,3.54300852355666,1,Malignant cells,Malignant,Malignant,Patient 2,Patient 2,Tumor,-0.214681332397223,-0.214681332397223
HCC5_COL1_ROW1,7.60596178093926,-11.8227179473906,7,Immune cells,B,B,Patient 5,Patient 5,Tumor,-0.219127857087136,-0.219127857087136
HCC5_COL1_ROW10,5.33696411171929,-11.0558741516142,5,Malignant cells,Malignant,Malignant,Patient 5,Patient 5,Tumor,-0.194866994305328,-0.194866994305328
HCC5_COL1_ROW11,5.91856906929986,-7.53248815002733,8,Stromal cells,Tprolif,Tprolif,Patient 5,Patient 5,Tumor,-0.266869490599891,-0.266869490599891
HCC5_COL1_ROW12,8.50339124718682,-11.8742373413115,7,Immune cells,B,B,Patient 5,Patient 5,Tumor,-0.254622045401357,-0.254622045401357
HCC5_COL1_ROW13,8.53686140099541,-5.67011098327928,4,Immune cells,CD8T,CD8T,Patient 5,Patient 5,Tumor,-0.217645682190498,-0.217645682190498
HCC5_COL1_ROW14,6.07684562722222,-11.271745008853,5,Malignant cells,Malignant,Malignant,Patient 5,Patient 5,Tumor,-0.239878305640066,-0.239878305640066
HCC5_COL1_ROW15,7.63339040795342,-9.62376336517626,12,Immune cells,B,B,Patient 5,Patient 5,Tumor,-0.266869490599891,-0.266869490599891
HCC5_COL1_ROW16,7.40529821434991,-7.17056588592821,4,Immune cells,CD8T,CD8T,Patient 5,Patient 5,Tumor,-0.25189172322334,-0.25189172322334
HCC5_COL1_ROW17,5.85740135231988,-10.4658539718657,5,Malignant cells,Malignant,Malignant,Patient 5,Patient 5,Tumor,-0.187378110617053,-0.187378110617053
HCC5_COL1_ROW18,7.99803350487725,-7.39396886291795,4,Immune cells,CD8T,CD8T,Patient 5,Patient 5,Tumor,-0.231843357516187,-0.231843357516187
HCC5_COL1_ROW19,7.92703531304376,-6.12327556076341,4,Immune cells,CD8T,CD8T,Patient 5,Patient 5,Tumor,-0.227162805211015,-0.227162805211015
HCC5_COL1_ROW2,9.43704889336602,-9.61548737945848,13,Immune cells,B,B,Patient 5,Patient 5,Tumor,-0.292300491457992,-0.292300491457992
HCC5_COL1_ROW20,5.5847530178167,-7.37460355224901,8,Stromal cells,Tprolif,Tprolif,Patient 5,Patient 5,Tumor,-0.274670411108511,-0.274670411108511
HCC5_COL1_ROW21,9.61315725365655,-9.74965123596483,13,Immune cells,B,B,Patient 5,Patient 5,Tumor,-0.257196349169202,-0.257196349169202
HCC5_COL1_ROW22,8.45031354943291,-6.44402675094896,4,Immune cells,CD8T,CD8T,Patient 5,Patient 5,Tumor,-0.228722989312739,-0.228722989312739
HCC5_COL1_ROW23,2.31129382172601,-11.8756545013457,11,Malignant cells,Malignant,Malignant,Patient 5,Patient 5,Tumor,-0.312348857165145,-0.312348857165145
HCC5_COL1_ROW24,7.61898706475274,-11.8360817855864,7,Immune cells,B,B,Patient 5,Patient 5,Tumor,-0.214291286371792,-0.214291286371792
HCC5_COL1_ROW25,4.06402299920098,-11.2726405090361,5,Malignant cells,Malignant,Malignant,Patient 5,Patient 5,Tumor,-0.190888524845932,-0.190888524845932
HCC5_COL1_ROW26,3.71598337212579,-10.9766896194487,5,Malignant cells,Malignant,Malignant,Patient 5,Patient 5,Tumor,-0.189016303923863,-0.189016303923863
HCC5_COL1_ROW27,7.64375303307549,-6.28914431991869,4,Immune cells,CD8T,CD8T,Patient 5,Patient 5,Tumor,-0.290194242920665,-0.290194242920665
HCC5_COL1_ROW28,2.0129072479345,-11.8546450561553,11,Malignant cells,Malignant,Malignant,Patient 5,Patient 5,Tumor,-0.25641625711834,-0.25641625711834
HCC5_COL1_ROW29,8.48056219140069,-11.9773810333281,7,Immune cells,B,B,Patient 5,Patient 5,Tumor,-0.242374600202824,-0.242374600202824
HCC5_COL1_ROW3,7.61579130211846,-7.02796678009325,4,Immune cells,CD8T,CD8T,Patient 5,Patient 5,Tumor,-0.240112333255324,-0.240112333255324
HCC5_COL1_ROW30,5.15260456124322,-11.1249936050444,5,Malignant cells,Malignant,Malignant,Patient 5,Patient 5,Tumor,-0.202589905608862,-0.202589905608862
HCC5_COL1_ROW31,8.20178220788018,-7.4387362426787,4,Immune cells,CD8T,CD8T,Patient 5,Patient 5,Tumor,-0.227162805211015,-0.227162805211015
HCC5_COL1_ROW32,8.35527132073418,-7.41082982483202,4,Immune cells,CD8T,CD8T,Patient 5,Patient 5,Tumor,-0.21842577424136,-0.21842577424136
HCC5_COL1_ROW33,3.15122697869317,-3.12671737137132,6,Immune cells,Mono/Macro,Mono/Macro,Patient 5,Patient 5,Tumor,-0.261876901474374,-0.261876901474374
HCC5_COL1_ROW34,7.65930078545586,-6.94554643097215,4,Immune cells,CD8T,CD8T,Patient 5,Patient 5,Tumor,-0.227786878851704,-0.227786878851704
HCC5_COL1_ROW35,4.51076219597833,-11.3431685394316,5,Malignant cells,Malignant,Malignant,Patient 5,Patient 5,Tumor,-0.198611436149466,-0.198611436149466
HCC5_COL1_ROW36,3.17180107155816,-3.30145673218065,6,Immune cells,Mono/Macro,Mono/Macro,Patient 5,Patient 5,Tumor,-0.257196349169202,-0.257196349169202
HCC5_COL1_ROW37,9.60243890801446,-9.68594960632616,13,Immune cells,B,B,Patient 5,Patient 5,Tumor,-0.230283173414463,-0.230283173414463
HCC5_COL1_ROW38,9.72298238793389,-9.79361180725389,13,Immune cells,B,B,Patient 5,Patient 5,Tumor,-0.22848896169748,-0.22848896169748
HCC5_COL1_ROW39,7.55212781945245,-9.37652806701952,12,Immune cells,B,B,Patient 5,Patient 5,Tumor,-0.307356268039629,-0.307356268039629
HCC5_COL1_ROW4,8.23851964989678,-11.3844111389189,7,Immune cells,B,B,Patient 5,Patient 5,Tumor,-0.248693345814806,-0.248693345814806
HCC5_COL1_ROW40,2.04775331536309,-11.8371556228667,11,Malignant cells,Malignant,Malignant,Patient 5,Patient 5,Tumor,-0.252047741633513,-0.252047741633513
HCC5_COL1_ROW5,7.35867689171807,-9.89539365234667,12,Immune cells,B,B,Patient 5,Patient 5,Tumor,-0.254231999375926,-0.254231999375926
HCC5_COL1_ROW6,8.28355691948907,-11.6828225082427,7,Immune cells,B,B,Patient 5,Patient 5,Tumor,-0.238240112333255,-0.238240112333255
HCC5_COL1_ROW7,8.50857065239922,-11.2735722488432,7,Immune cells,B,B,Patient 5,Patient 5,Tumor,-0.234963725719635,-0.234963725719635
HCC5_COL1_ROW8,5.41093872109429,-10.2266648239165,5,Malignant cells,Malignant,Malignant,Patient 5,Patient 5,Tumor,-0.18620797254076,-0.18620797254076
HCC5_COL1_ROW9,8.29021261254327,-6.72624997558885,4,Immune cells,CD8T,CD8T,Patient 5,Patient 5,Tumor,-0.234807707309462,-0.234807707309462
HCC5_COL10_ROW1,7.83018682518975,-11.9409144348174,7,Immune cells,B,B,Patient 5,Patient 5,Tumor,-0.224900538263515,-0.224900538263515
HCC5_COL10_ROW10,9.4219398311712,-9.60763387146288,13,Immune cells,B,B,Patient 5,Patient 5,Tumor,-0.284733598564631,-0.284733598564631
HCC5_COL10_ROW11,5.29507015267388,-7.33028535309129,8,Stromal cells,Tprolif,Tprolif,Patient 5,Patient 5,Tumor,-0.239956314845152,-0.239956314845152
HCC5_COL10_ROW12,7.6754741481878,-11.729376119998,7,Immune cells,B,B,Patient 5,Patient 5,Tumor,-0.226538731570325,-0.226538731570325
HCC5_COL10_ROW13,8.01954744378106,-11.511304182437,7,Immune cells,B,B,Patient 5,Patient 5,Tumor,-0.219829939932912,-0.219829939932912
HCC5_COL10_ROW14,7.98072431603448,-11.2146208709746,7,Immune cells,B,B,Patient 5,Patient 5,Tumor,-0.23363756923317,-0.23363756923317
HCC5_COL10_ROW15,5.41230581322686,-10.3818762725859,5,Malignant cells,Malignant,Malignant,Patient 5,Patient 5,Tumor,-0.184881816054294,-0.184881816054294
HCC5_COL10_ROW16,8.32728193322198,-7.19052056732469,4,Immune cells,CD8T,CD8T,Patient 5,Patient 5,Tumor,-0.223652390982136,-0.223652390982136
HCC5_COL10_ROW17,4.28235576668755,-11.0163319534331,5,Malignant cells,Malignant,Malignant,Patient 5,Patient 5,Tumor,-0.187534129027225,-0.187534129027225
HCC5_COL10_ROW18,7.82167528191583,-11.6664355224639,7,Immune cells,B,B,Patient 5,Patient 5,Tumor,-0.221858179265153,-0.221858179265153
HCC5_COL10_ROW19,3.28908584633843,-3.77806739273363,6,Immune cells,Mono/Macro,Mono/Macro,Patient 5,Patient 5,Tumor,-0.248069272174117,-0.248069272174117
HCC5_COL10_ROW2,7.75054643670098,-7.43196896972948,4,Immune cells,CD8T,CD8T,Patient 5,Patient 5,Tumor,-0.221156096419378,-0.221156096419378
HCC5_COL10_ROW20,6.16353414574639,-7.13976602020555,8,Stromal cells,Tprolif,Tprolif,Patient 5,Patient 5,Tumor,-0.267727591855839,-0.267727591855839
HCC5_COL10_ROW21,5.75245807686822,-8.80818776550585,8,Stromal cells,Tprolif,Tprolif,Patient 5,Patient 5,Tumor,-0.355097901552383,-0.355097901552383
HCC5_COL10_ROW22,7.61119840661065,-7.54829816284471,4,Immune cells,CD8T,CD8T,Patient 5,Patient 5,Tumor,-0.216865590139636,-0.216865590139636
HCC5_COL10_ROW23,8.32168767968194,-7.19619492950731,4,Immune cells,CD8T,CD8T,Patient 5,Patient 5,Tumor,-0.222560262110929,-0.222560262110929
HCC5_COL10_ROW24,4.62033222237603,-11.4336550659209,5,Malignant cells,Malignant,Malignant,Patient 5,Patient 5,Tumor,-0.193462828613776,-0.193462828613776
HCC5_COL10_ROW25,8.41240308800713,-11.7872479385405,7,Immune cells,B,B,Patient 5,Patient 5,Tumor,-0.220610031983774,-0.220610031983774
HCC5_COL10_ROW26,7.63667009392754,-9.26906518402391,12,Immune cells,B,B,Patient 5,Patient 5,Tumor,-0.284967626179889,-0.284967626179889
HCC5_COL10_ROW27,5.24275396386163,-10.7671435302764,5,Malignant cells,Malignant,Malignant,Patient 5,Patient 5,Tumor,-0.198299399329121,-0.198299399329121
HCC5_COL10_ROW28,8.15348337212579,-11.6522725051909,7,Immune cells,B,B,Patient 5,Patient 5,Tumor,-0.230361182619549,-0.230361182619549
HCC5_COL10_ROW29,2.72399781266229,-11.4094517654448,5,Malignant cells,Malignant,Malignant,Patient 5,Patient 5,Tumor,-0.198377408534207,-0.198377408534207
HCC5_COL10_ROW3,8.31375310936944,-11.290528578189,7,Immune cells,B,B,Patient 5,Patient 5,Tumor,-0.230049145799204,-0.230049145799204
HCC5_COL10_ROW30,6.71142385521905,-9.97209386291795,5,Malignant cells,Malignant,Malignant,Patient 5,Patient 5,Tumor,-0.204852172556362,-0.204852172556362
HCC5_COL10_ROW31,5.23790834465997,-10.1544011062651,5,Malignant cells,Malignant,Malignant,Patient 5,Patient 5,Tumor,-0.18168343864576,-0.18168343864576
HCC5_COL10_ROW32,2.33956311265008,-12.5335724777251,4,Immune cells,CD8T,CD8T,Patient 5,Patient 5,Tumor,-0.294562758405492,-0.294562758405492
HCC5_COL10_ROW33,6.38498018303887,-10.0050690597563,7,Immune cells,B,B,Patient 5,Patient 5,Tumor,-0.248069272174117,-0.248069272174117
HCC5_COL10_ROW34,2.13937042275445,-11.8483307785063,11,Malignant cells,Malignant,Malignant,Patient 5,Patient 5,Tumor,-0.286917856307044,-0.286917856307044
HCC5_COL10_ROW35,8.33760736504571,-11.5998652404814,7,Immune cells,B,B,Patient 5,Patient 5,Tumor,-0.224276464622825,-0.224276464622825
HCC5_COL10_ROW36,5.72654912987725,-7.73746327820116,8,Stromal cells,Tprolif,Tprolif,Patient 5,Patient 5,Tumor,-0.271003978469459,-0.271003978469459
HCC5_COL10_ROW37,7.8524007610418,-7.6428730911284,4,Immune cells,CD8T,CD8T,Patient 5,Patient 5,Tumor,-0.234105624463687,-0.234105624463687
HCC5_COL10_ROW38,4.70991800347344,-10.9209044403105,5,Malignant cells,Malignant,Malignant,Patient 5,Patient 5,Tumor,-0.191824635306966,-0.191824635306966
HCC5_COL10_ROW39,6.05078552285211,-10.689376158145,5,Malignant cells,Malignant,Malignant,Patient 5,Patient 5,Tumor,-0.195413058740931,-0.195413058740931
HCC5_COL10_ROW4,8.02814577141778,-7.16958455505663,4,Immune cells,CD8T,CD8T,Patient 5,Patient 5,Tumor,-0.215929479678602,-0.215929479678602
HCC5_COL10_ROW40,8.33170984307305,-11.8371451324492,7,Immune cells,B,B,Patient 5,Patient 5,Tumor,-0.229503081363601,-0.229503081363601
HCC5_COL10_ROW5,6.50124834099786,-6.96695165100389,4,Immune cells,CD8T,CD8T,Patient 5,Patient 5,Tumor,-0.233949606053514,-0.233949606053514
HCC5_COL10_ROW6,2.84237335244195,-11.3703005737334,5,Malignant cells,Malignant,Malignant,Patient 5,Patient 5,Tumor,-0.201419767532569,-0.201419767532569
HCC5_COL10_ROW7,7.00713823357598,-5.85052565994554,4,Immune cells,CD8T,CD8T,Patient 5,Patient 5,Tumor,-0.252047741633513,-0.252047741633513
HCC5_COL10_ROW8,2.22926877060906,-12.5353730148345,11,Malignant cells,Malignant,Malignant,Patient 5,Patient 5,Tumor,-0.30712224042437,-0.30712224042437
HCC5_COL10_ROW9,8.21153543511407,-12.0404227203398,7,Immune cells,B,B,Patient 5,Patient 5,Tumor,-0.223652390982136,-0.223652390982136
HCC5_COL11_ROW1,4.9072160534002,-10.4432986206084,5,Malignant cells,Malignant,Malignant,Patient 5,Patient 5,Tumor,-0.187066073796708,-0.187066073796708
HCC5_COL11_ROW10,7.62124250451104,-9.03373078766161,12,Immune cells,B,B,Patient 5,Patient 5,Tumor,-0.282549340822217,-0.282549340822217
HCC5_COL11_ROW11,7.8861789516546,-7.23604802551561,4,Immune cells,CD8T,CD8T,Patient 5,Patient 5,Tumor,-0.219751930727826,-0.219751930727826
HCC5_COL11_ROW12,2.13687632599847,-12.3399765914946,11,Malignant cells,Malignant,Malignant,Patient 5,Patient 5,Tumor,-0.319915750058507,-0.319915750058507
HCC5_COL11_ROW13,3.72251031914727,-3.93618993225389,8,Stromal cells,Tprolif,Tprolif,Patient 5,Patient 5,Tumor,-0.298775255480147,-0.298775255480147
HCC5_COL11_ROW14,7.92874334374444,-11.3356326049834,7,Immune cells,B,B,Patient 5,Patient 5,Tumor,-0.255090100631875,-0.255090100631875
HCC5_COL11_ROW15,3.75785158196465,-11.5691760009795,5,Malignant cells,Malignant,Malignant,Patient 5,Patient 5,Tumor,-0.224276464622825,-0.224276464622825
HCC5_COL11_ROW16,7.87551496544854,-6.53109149399095,4,Immune cells,CD8T,CD8T,Patient 5,Patient 5,Tumor,-0.232467431156876,-0.232467431156876
HCC5_COL11_ROW17,5.37086771050469,-7.41555718841844,8,Stromal cells,Tprolif,Tprolif,Patient 5,Patient 5,Tumor,-0.267883610266011,-0.267883610266011
HCC5_COL11_ROW18,8.00501821557061,-11.6358635849028,7,Immune cells,B,B,Patient 5,Patient 5,Tumor,-0.211482954988689,-0.211482954988689
HCC5_COL11_ROW19,5.26534460106866,-10.9175637191802,5,Malignant cells,Malignant,Malignant,Patient 5,Patient 5,Tumor,-0.196193150791793,-0.196193150791793
HCC5_COL11_ROW2,8.17942235985772,-7.11519936981493,4,Immune cells,CD8T,CD8T,Patient 5,Patient 5,Tumor,-0.230361182619549,-0.230361182619549
HCC5_COL11_ROW20,5.6817145160772,-9.80060319366747,5,Malignant cells,Malignant,Malignant,Patient 5,Patient 5,Tumor,-0.189094313128949,-0.189094313128949
HCC5_COL11_ROW21,4.31042097130792,-10.4478295272856,5,Malignant cells,Malignant,Malignant,Patient 5,Patient 5,Tumor,-0.199469537405414,-0.199469537405414
HCC5_COL11_ROW22,4.60554788628594,-10.4083168930083,5,Malignant cells,Malignant,Malignant,Patient 5,Patient 5,Tumor,-0.202121850378345,-0.202121850378345
HCC5_COL11_ROW23,3.72141550103204,-4.21001653137499,5,Malignant cells,Malignant,Malignant,Patient 5,Patient 5,Tumor,-0.200093611046103,-0.200093611046103
HCC5_COL11_ROW24,8.32920072594659,-11.9548495239287,7,Immune cells,B,B,Patient 5,Patient 5,Tumor,-0.238942195179031,-0.238942195179031
HCC5_COL11_ROW25,5.51039932290093,-7.34483460846239,8,Stromal cells,Tprolif,Tprolif,Patient 5,Patient 5,Tumor,-0.297137062173336,-0.297137062173336
HCC5_COL11_ROW26,8.04549215355889,-6.36079291763597,4,Immune cells,CD8T,CD8T,Patient 5,Patient 5,Tumor,-0.234963725719635,-0.234963725719635
HCC5_COL11_ROW27,4.41266725579278,-10.649279875186,5,Malignant cells,Malignant,Malignant,Patient 5,Patient 5,Tumor,-0.189640377564553,-0.189640377564553
HCC5_COL11_ROW28,4.03236339608209,-10.6685135787993,5,Malignant cells,Malignant,Malignant,Patient 5,Patient 5,Tumor,-0.19892347296981,-0.19892347296981
HCC5_COL11_ROW29,8.01463697472588,-6.14246348800951,4,Immune cells,CD8T,CD8T,Patient 5,Patient 5,Tumor,-0.240424370075669,-0.240424370075669
HCC5_COL11_ROW3,4.65658805886285,-10.6869442886382,5,Malignant cells,Malignant,Malignant,Patient 5,Patient 5,Tumor,-0.201887822763086,-0.201887822763086
HCC5_COL11_ROW30,7.93511674920098,-6.82017545166307,4,Immune cells,CD8T,CD8T,Patient 5,Patient 5,Tumor,-0.234495670489118,-0.234495670489118
HCC5_COL11_ROW31,8.23559377709405,-5.74570826950365,4,Immune cells,CD8T,CD8T,Patient 5,Patient 5,Tumor,-0.223730400187222,-0.223730400187222
HCC5_COL11_ROW32,5.01260278740899,-10.4698832458525,5,Malignant cells,Malignant,Malignant,Patient 5,Patient 5,Tumor,-0.200717684686793,-0.200717684686793
HCC5_COL11_ROW33,3.02259681740777,-11.2545845932036,5,Malignant cells,Malignant,Malignant,Patient 5,Patient 5,Tumor,-0.209220688041189,-0.209220688041189
HCC5_COL11_ROW34,5.14959238091485,-10.4743569320708,5,Malignant cells,Malignant,Malignant,Patient 5,Patient 5,Tumor,-0.195413058740931,-0.195413058740931
HCC5_COL11_ROW35,5.95557067910211,-7.6639559692412,8,Stromal cells,Tprolif,Tprolif,Patient 5,Patient 5,Tumor,-0.253451907325064,-0.253451907325064
HCC5_COL11_ROW36,8.01144025841729,-5.92345742645555,4,Immune cells,CD8T,CD8T,Patient 5,Patient 5,Tumor,-0.236523909821359,-0.236523909821359
HCC5_COL11_ROW37,6.03687141457574,-9.60244397583299,5,Malignant cells,Malignant,Malignant,Patient 5,Patient 5,Tumor,-0.184413760823777,-0.184413760823777
HCC5_COL11_ROW38,3.18370435753838,-3.38234643402391,6,Immune cells,Mono/Macro,Mono/Macro,Patient 5,Patient 5,Tumor,-0.269365785162649,-0.269365785162649
HCC5_COL11_ROW39,4.2567672542669,-10.9620659774809,5,Malignant cells,Malignant,Malignant,Patient 5,Patient 5,Tumor,-0.185193852874639,-0.185193852874639
HCC5_COL11_ROW4,4.52517459908502,-10.3914015716582,5,Malignant cells,Malignant,Malignant,Patient 5,Patient 5,Tumor,-0.203057960839379,-0.203057960839379
HCC5_COL11_ROW40,8.66426561394707,-11.8145506805449,7,Immune cells,B,B,Patient 5,Patient 5,Tumor,-0.271316015289804,-0.271316015289804
HCC5_COL11_ROW5,5.47544286767022,-7.48162488403612,8,Stromal cells,Tprolif,Tprolif,Patient 5,Patient 5,Tumor,-0.245572977611358,-0.245572977611358
HCC5_COL11_ROW6,4.44663284340875,-10.4218781417876,5,Malignant cells,Malignant,Malignant,Patient 5,Patient 5,Tumor,-0.198533426944379,-0.198533426944379
HCC5_COL11_ROW7,5.46830747643487,-7.59648160400682,5,Malignant cells,Malignant,Malignant,Patient 5,Patient 5,Tumor,-0.184647788439036,-0.184647788439036
HCC5_COL11_ROW8,7.75299547234551,-7.31862096252733,4,Immune cells,CD8T,CD8T,Patient 5,Patient 5,Tumor,-0.227942897261877,-0.227942897261877
HCC5_COL11_ROW9,4.48556373635308,-10.4414990371733,5,Malignant cells,Malignant,Malignant,Patient 5,Patient 5,Tumor,-0.189094313128949,-0.189094313128949
HCC5_COL12_ROW1,7.5435218624212,-7.37124566498094,4,Immune cells,CD8T,CD8T,Patient 5,Patient 5,Tumor,-0.239332241204462,-0.239332241204462
HCC5_COL12_ROW10,7.57119749108331,-7.21881322326952,4,Immune cells,CD8T,CD8T,Patient 5,Patient 5,Tumor,-0.220922068804119,-0.220922068804119
HCC5_COL12_ROW11,2.96576021233575,-11.7201683944731,5,Malignant cells,Malignant,Malignant,Patient 5,Patient 5,Tumor,-0.233871596848428,-0.233871596848428
HCC5_COL12_ROW12,2.17480681458489,-12.4692662185698,11,Malignant cells,Malignant,Malignant,Patient 5,Patient 5,Tumor,-0.31328496762618,-0.31328496762618
HCC5_COL12_ROW13,5.0977940372564,-10.4606469100981,5,Malignant cells,Malignant,Malignant,Patient 5,Patient 5,Tumor,-0.185037834464467,-0.185037834464467
HCC5_COL12_ROW14,8.04057691613213,-7.46843366089159,4,Immune cells,CD8T,CD8T,Patient 5,Patient 5,Tumor,-0.223964427802481,-0.223964427802481
HCC5_COL12_ROW15,9.26194475213067,-9.69357327881151,13,Immune cells,B,B,Patient 5,Patient 5,Tumor,-0.287229893127389,-0.287229893127389
HCC5_COL12_ROW16,8.12649820366875,-7.34960965576463,4,Immune cells,CD8T,CD8T,Patient 5,Patient 5,Tumor,-0.255870192682737,-0.255870192682737
HCC5_COL12_ROW17,7.94194696465508,-6.29839543762499,4,Immune cells,CD8T,CD8T,Patient 5,Patient 5,Tumor,-0.232467431156876,-0.232467431156876
HCC5_COL12_ROW18,7.57840917626397,-9.23540334167772,12,Immune cells,B,B,Patient 5,Patient 5,Tumor,-0.262500975115064,-0.262500975115064
HCC5_COL12_ROW19,5.80817220726983,-8.79770116272264,8,Stromal cells,Tprolif,Tprolif,Patient 5,Patient 5,Tumor,-0.263359076371012,-0.263359076371012
HCC5_COL12_ROW2,7.63933752099053,-9.43323831024462,12,Immune cells,B,B,Patient 5,Patient 5,Tumor,-0.27818082533739,-0.27818082533739
HCC5_COL12_ROW20,5.01689003029839,-11.2170775360137,5,Malignant cells,Malignant,Malignant,Patient 5,Patient 5,Tumor,-0.191356580076449,-0.191356580076449
HCC5_COL12_ROW21,2.58669374505059,-11.4771302169829,11,Malignant cells,Malignant,Malignant,Patient 5,Patient 5,Tumor,-0.198845463764724,-0.198845463764724
HCC5_COL12_ROW22,7.60859582940118,-9.95073823395067,12,Immune cells,B,B,Patient 5,Patient 5,Tumor,-0.254466026991185,-0.254466026991185
HCC5_COL12_ROW23,7.40403459588067,-11.8452208465605,7,Immune cells,B,B,Patient 5,Patient 5,Tumor,-0.223652390982136,-0.223652390982136
HCC5_COL12_ROW24,3.29944561043755,-2.42130498352342,6,Immune cells,Mono/Macro,Mono/Macro,Patient 5,Patient 5,Tumor,-0.220454013573602,-0.220454013573602
HCC5_COL12_ROW25,4.35403821984307,-11.3788807815581,5,Malignant cells,Malignant,Malignant,Patient 5,Patient 5,Tumor,-0.18784616584757,-0.18784616584757
HCC5_COL12_ROW26,4.87884042778985,-10.5627835220366,5,Malignant cells,Malignant,Malignant,Patient 5,Patient 5,Tumor,-0.191980653717139,-0.191980653717139
HCC5_COL12_ROW27,8.36188314476983,-5.70327357712083,4,Immune cells,CD8T,CD8T,Patient 5,Patient 5,Tumor,-0.240892425306186,-0.240892425306186
HCC5_COL12_ROW28,7.5815381816961,-7.38159207763963,4,Immune cells,CD8T,CD8T,Patient 5,Patient 5,Tumor,-0.239956314845152,-0.239956314845152
HCC5_COL12_ROW29,7.45136354485528,-6.81113175812059,4,Immune cells,CD8T,CD8T,Patient 5,Patient 5,Tumor,-0.208908651220844,-0.208908651220844
HCC5_COL12_ROW3,7.78444002190606,-11.8208935684233,7,Immune cells,B,B,Patient 5,Patient 5,Tumor,-0.220297995163429,-0.220297995163429
HCC5_COL12_ROW30,4.64803693810479,-11.3224184936553,5,Malignant cells,Malignant,Malignant,Patient 5,Patient 5,Tumor,-0.200951712302052,-0.200951712302052
HCC5_COL12_ROW31,4.4748601726629,-10.855524343875,5,Malignant cells,Malignant,Malignant,Patient 5,Patient 5,Tumor,-0.194788985100242,-0.194788985100242
HCC5_COL12_ROW32,5.86020610848443,-7.59378652038866,8,Stromal cells,Tprolif,Tprolif,Patient 5,Patient 5,Tumor,-0.244870894765582,-0.244870894765582
HCC5_COL12_ROW33,1.98378441849725,-12.2314598983794,11,Malignant cells,Malignant,Malignant,Patient 5,Patient 5,Tumor,-0.324128247133162,-0.324128247133162
HCC5_COL12_ROW34,8.58537099877373,-11.8640397018462,7,Immune cells,B,B,Patient 5,Patient 5,Tumor,-0.225914657929636,-0.225914657929636
HCC5_COL12_ROW35,7.61146925011651,-9.47008065643602,12,Immune cells,B,B,Patient 5,Patient 5,Tumor,-0.283641469693424,-0.283641469693424
HCC5_COL12_ROW36,2.78611228981988,-11.3966410583525,5,Malignant cells,Malignant,Malignant,Patient 5,Patient 5,Tumor,-0.205632264607224,-0.205632264607224
HCC5_COL12_ROW37,7.71933935204522,-11.7444403595,7,Immune cells,B,B,Patient 5,Patient 5,Tumor,-0.208596614400499,-0.208596614400499
HCC5_COL12_ROW38,5.43506763497369,-7.41976766052538,8,Stromal cells,Tprolif,Tprolif,Patient 5,Patient 5,Tumor,-0.324908339184024,-0.324908339184024
HCC5_COL12_ROW39,4.34288595238702,-11.0421164459258,5,Malignant cells,Malignant,Malignant,Patient 5,Patient 5,Tumor,-0.182619549106795,-0.182619549106795
HCC5_COL12_ROW4,7.92860887566583,-7.51256398620897,4,Immune cells,CD8T,CD8T,Patient 5,Patient 5,Tumor,-0.227240814416101,-0.227240814416101
HCC5_COL12_ROW40,7.82800291100518,-10.2773364013701,12,Immune cells,B,B,Patient 5,Patient 5,Tumor,-0.260784772603167,-0.260784772603167
HCC5_COL12_ROW5,4.99891660729424,-11.1867602294951,5,Malignant cells,Malignant,Malignant,Patient 5,Patient 5,Tumor,-0.186676027771277,-0.186676027771277
HCC5_COL12_ROW6,8.15705488244073,-6.82216863098436,4,Immune cells,CD8T,CD8T,Patient 5,Patient 5,Tumor,-0.22848896169748,-0.22848896169748
HCC5_COL12_ROW7,3.22300766030328,-3.32358769836717,6,Immune cells,Mono/Macro,Mono/Macro,Patient 5,Patient 5,Tumor,-0.196037132381621,-0.196037132381621
HCC5_COL12_ROW8,5.82093713799493,-7.33483056488329,8,Stromal cells,Tprolif,Tprolif,Patient 5,Patient 5,Tumor,-0.264451205242219,-0.264451205242219
HCC5_COL12_ROW9,4.18511293450372,-11.4829380935698,5,Malignant cells,Malignant,Malignant,Patient 5,Patient 5,Tumor,-0.192604727357828,-0.192604727357828
HCC5_COL13_ROW1,6.79463193932549,-5.61420182647997,4,Immune cells,CD8T,CD8T,Patient 5,Patient 5,Tumor,-0.228176924877136,-0.228176924877136
HCC5_COL13_ROW10,7.84944055596368,-7.60751561584764,4,Immune cells,CD8T,CD8T,Patient 5,Patient 5,Tumor,-0.229659099773773,-0.229659099773773
HCC5_COL13_ROW11,7.5630302242376,-11.7033722824126,7,Immune cells,B,B,Patient 5,Patient 5,Tumor,-0.197987362508776,-0.197987362508776
HCC5_COL13_ROW12,3.22676370659844,-2.55471400680833,6,Immune cells,Mono/Macro,Mono/Macro,Patient 5,Patient 5,Tumor,-0.234885716514549,-0.234885716514549
HCC5_COL13_ROW13,9.46338937798516,-9.85631303253465,7,Immune cells,B,B,Patient 5,Patient 5,Tumor,-0.228410952492394,-0.228410952492394
HCC5_COL13_ROW14,3.39851568261163,-2.58244614067369,6,Immune cells,Mono/Macro,Mono/Macro,Patient 5,Patient 5,Tumor,-0.196505187612138,-0.196505187612138
HCC5_COL13_ROW15,8.12133691826836,-11.564038557437,7,Immune cells,B,B,Patient 5,Patient 5,Tumor,-0.230673219439894,-0.230673219439894
HCC5_COL13_ROW16,5.18321512261407,-11.1876042312651,5,Malignant cells,Malignant,Malignant,Patient 5,Patient 5,Tumor,-0.196895233637569,-0.196895233637569
HCC5_COL13_ROW17,3.39514730492608,-3.55553893509203,4,Immune cells,CD8T,CD8T,Patient 5,Patient 5,Tumor,-0.264451205242219,-0.264451205242219
HCC5_COL13_ROW19,3.28105686226861,-3.01174573364549,5,Malignant cells,Malignant,Malignant,Patient 5,Patient 5,Tumor,-0.198611436149466,-0.198611436149466
HCC5_COL13_ROW2,7.64976881066338,-7.37595967712694,4,Immune cells,CD8T,CD8T,Patient 5,Patient 5,Tumor,-0.23465168889929,-0.23465168889929
HCC5_COL13_ROW20,7.62614343682305,-11.4810746139556,7,Immune cells,B,B,Patient 5,Patient 5,Tumor,-0.207192448708948,-0.207192448708948
HCC5_COL13_ROW21,5.05681894341485,-10.7496779388457,5,Malignant cells,Malignant,Malignant,Patient 5,Patient 5,Tumor,-0.185739917310243,-0.185739917310243
HCC5_COL13_ROW22,4.92828701058404,-10.4095099395781,5,Malignant cells,Malignant,Malignant,Patient 5,Patient 5,Tumor,-0.186988064591622,-0.186988064591622
HCC5_COL13_ROW24,4.68349168816583,-11.2196371978789,5,Malignant cells,Malignant,Malignant,Patient 5,Patient 5,Tumor,-0.198065371713862,-0.198065371713862
HCC5_COL13_ROW25,8.13221643486993,-11.9855339950591,7,Immune cells,B,B,Patient 5,Patient 5,Tumor,-0.225368593494032,-0.225368593494032
HCC5_COL13_ROW26,6.84576700249688,-6.88054303589159,4,Immune cells,CD8T,CD8T,Patient 5,Patient 5,Tumor,-0.22747484203136,-0.22747484203136
HCC5_COL13_ROW27,4.90033529320733,-11.277529043582,5,Malignant cells,Malignant,Malignant,Patient 5,Patient 5,Tumor,-0.200561666276621,-0.200561666276621
HCC5_COL13_ROW28,2.17713234940545,-12.2648032135039,11,Malignant cells,Malignant,Malignant,Patient 5,Patient 5,Tumor,-0.349403229581091,-0.349403229581091
HCC5_COL13_ROW29,6.00752780953423,-7.4864371246367,8,Stromal cells,Tprolif,Tprolif,Patient 5,Patient 5,Tumor,-0.257586395194633,-0.257586395194633
HCC5_COL13_ROW3,8.74584577599541,-5.29618672790819,4,Immune cells,CD8T,CD8T,Patient 5,Patient 5,Tumor,-0.214837350807395,-0.214837350807395
HCC5_COL13_ROW30,2.96321294823663,-11.3866751617461,5,Malignant cells,Malignant,Malignant,Patient 5,Patient 5,Tumor,-0.202199859583431,-0.202199859583431
HCC5_COL13_ROW31,5.76929662743585,-8.80820207062059,8,Stromal cells,Tprolif,Tprolif,Patient 5,Patient 5,Tumor,-0.330368983540058,-0.330368983540058
HCC5_COL13_ROW32,4.43152092019097,-11.6862872070342,5,Malignant cells,Malignant,Malignant,Patient 5,Patient 5,Tumor,-0.208128559169982,-0.208128559169982
HCC5_COL13_ROW33,7.33836362877862,-6.29344539108568,4,Immune cells,CD8T,CD8T,Patient 5,Patient 5,Tumor,-0.220922068804119,-0.220922068804119
HCC5_COL13_ROW34,9.60347745934502,-9.79711846771532,13,Immune cells,B,B,Patient 5,Patient 5,Tumor,-0.255480146657306,-0.255480146657306
HCC5_COL13_ROW35,4.68857429543511,-11.5648663467436,5,Malignant cells,Malignant,Malignant,Patient 5,Patient 5,Tumor,-0.196427178407052,-0.196427178407052
HCC5_COL13_ROW36,4.81285093346612,-11.4299376434355,5,Malignant cells,Malignant,Malignant,Patient 5,Patient 5,Tumor,-0.201653795147827,-0.201653795147827
HCC5_COL13_ROW37,4.86986635247247,-11.0587761825591,5,Malignant cells,Malignant,Malignant,Patient 5,Patient 5,Tumor,-0.189250331539122,-0.189250331539122
HCC5_COL13_ROW38,5.24348161736504,-11.4656784957915,5,Malignant cells,Malignant,Malignant,Patient 5,Patient 5,Tumor,-0.207426476324206,-0.207426476324206
HCC5_COL13_ROW39,4.6418933681585,-11.4323571151763,5,Malignant cells,Malignant,Malignant,Patient 5,Patient 5,Tumor,-0.18948435915438,-0.18948435915438
HCC5_COL13_ROW4,8.45083902398125,-11.9543717330962,7,Immune cells,B,B,Patient 5,Patient 5,Tumor,-0.246197051252048,-0.246197051252048
HCC5_COL13_ROW40,4.05013654747979,-10.9951212829619,5,Malignant cells,Malignant,Malignant,Patient 5,Patient 5,Tumor,-0.18230751228645,-0.18230751228645
HCC5_COL13_ROW5,7.9429769329168,-11.878377241519,7,Immune cells,B,B,Patient 5,Patient 5,Tumor,-0.219595912317653,-0.219595912317653
HCC5_COL13_ROW6,7.46955869713799,-7.28860120239549,4,Immune cells,CD8T,CD8T,Patient 5,Patient 5,Tumor,-0.238162103128169,-0.238162103128169
HCC5_COL13_ROW7,7.77038381615655,-6.93818597259813,4,Immune cells,CD8T,CD8T,Patient 5,Patient 5,Tumor,-0.274826429518683,-0.274826429518683
HCC5_COL13_ROW8,2.40566633263604,-12.1092865890532,11,Malignant cells,Malignant,Malignant,Patient 5,Patient 5,Tumor,-0.288556049613854,-0.288556049613854
HCC5_COL13_ROW9,6.94750593224542,-5.77350072326952,12,Immune cells,B,B,Patient 5,Patient 5,Tumor,-0.271316015289804,-0.271316015289804
HCC5_COL14_ROW1,6.1511707119085,-7.26715115967088,8,Stromal cells,Tprolif,Tprolif,Patient 5,Patient 5,Tumor,-0.236757937436618,-0.236757937436618
HCC5_COL14_ROW10,8.11455247918145,-11.9275696701079,7,Immune cells,B,B,Patient 5,Patient 5,Tumor,-0.243310710663858,-0.243310710663858
HCC5_COL14_ROW11,8.36398027459161,-11.1658261245757,7,Immune cells,B,B,Patient 5,Patient 5,Tumor,-0.270457914033856,-0.270457914033856
HCC5_COL14_ROW12,7.86609647789971,-11.3657925552397,7,Immune cells,B,B,Patient 5,Patient 5,Tumor,-0.229035026133084,-0.229035026133084
HCC5_COL14_ROW13,8.45134542504327,-6.01413421097093,4,Immune cells,CD8T,CD8T,Patient 5,Patient 5,Tumor,-0.211326936578516,-0.211326936578516
HCC5_COL14_ROW14,4.71369312325494,-10.4265835708647,5,Malignant cells,Malignant,Malignant,Patient 5,Patient 5,Tumor,-0.196895233637569,-0.196895233637569
HCC5_COL14_ROW15,7.63874528924004,-7.07726411285692,4,Immune cells,CD8T,CD8T,Patient 5,Patient 5,Tumor,-0.252905842889461,-0.252905842889461
HCC5_COL14_ROW16,5.41861675301568,-7.54357842865282,8,Stromal cells,Tprolif,Tprolif,Patient 5,Patient 5,Tumor,-0.276620641235666,-0.276620641235666
HCC5_COL14_ROW17,7.90660379448907,-7.39378289642625,5,Malignant cells,Malignant,Malignant,Patient 5,Patient 5,Tumor,-0.188704267103518,-0.188704267103518
HCC5_COL14_ROW18,2.86289022484795,-11.4470828002959,11,Malignant cells,Malignant,Malignant,Patient 5,Patient 5,Tumor,-0.203526016069896,-0.203526016069896
HCC5_COL14_ROW19,3.22567985573785,-3.28398589554125,6,Immune cells,Mono/Macro,Mono/Macro,Patient 5,Patient 5,Tumor,-0.239098213589204,-0.239098213589204
HCC5_COL14_ROW2,4.0274929813482,-10.9248869842558,5,Malignant cells,Malignant,Malignant,Patient 5,Patient 5,Tumor,-0.184335751618691,-0.184335751618691
HCC5_COL14_ROW20,5.37385223427789,-11.0556433624297,5,Malignant cells,Malignant,Malignant,Patient 5,Patient 5,Tumor,-0.204540135736017,-0.204540135736017
HCC5_COL14_ROW21,2.16049812356011,-11.822490019229,11,Malignant cells,Malignant,Malignant,Patient 5,Patient 5,Tumor,-0.279741009439114,-0.279741009439114
HCC5_COL14_ROW22,5.29489133873956,-7.24121694031053,8,Stromal cells,Tprolif,Tprolif,Patient 5,Patient 5,Tumor,-0.317263437085576,-0.317263437085576
HCC5_COL14_ROW23,5.02113721886651,-10.3311331695586,5,Malignant cells,Malignant,Malignant,Patient 5,Patient 5,Tumor,-0.196349169201966,-0.196349169201966
HCC5_COL14_ROW24,7.64453504601495,-11.7460787719756,7,Immune cells,B,B,Patient 5,Patient 5,Tumor,-0.235899836180669,-0.235899836180669
HCC5_COL14_ROW25,5.43701313057916,-10.4716685241728,5,Malignant cells,Malignant,Malignant,Patient 5,Patient 5,Tumor,-0.209064669631016,-0.209064669631016
HCC5_COL14_ROW26,5.53405044594781,-10.8811800903349,5,Malignant cells,Malignant,Malignant,Patient 5,Patient 5,Tumor,-0.206490365863172,-0.206490365863172
HCC5_COL14_ROW27,2.01824853936211,-12.1081440872222,11,Malignant cells,Malignant,Malignant,Patient 5,Patient 5,Tumor,-0.300335439581871,-0.300335439581871
HCC5_COL14_ROW28,7.79665372887627,-7.5286324447661,4,Immune cells,CD8T,CD8T,Patient 5,Patient 5,Tumor,-0.235431780950152,-0.235431780950152
HCC5_COL14_ROW29,8.09238241234795,-7.38729123535448,4,Immune cells,CD8T,CD8T,Patient 5,Patient 5,Tumor,-0.219595912317653,-0.219595912317653
HCC5_COL14_ROW3,7.85393045464532,-7.25836114349657,4,Immune cells,CD8T,CD8T,Patient 5,Patient 5,Tumor,-0.238396130743428,-0.238396130743428
HCC5_COL14_ROW30,7.75471876183526,-6.70056847992235,4,Immune cells,CD8T,CD8T,Patient 5,Patient 5,Tumor,-0.266713472189718,-0.266713472189718
HCC5_COL14_ROW31,5.05306766549127,-10.4224284118682,5,Malignant cells,Malignant,Malignant,Patient 5,Patient 5,Tumor,-0.205164209376706,-0.205164209376706
HCC5_COL14_ROW32,5.22228382149712,-10.0383503860503,5,Malignant cells,Malignant,Malignant,Patient 5,Patient 5,Tumor,-0.191200561666277,-0.191200561666277
HCC5_COL14_ROW33,5.35414217034356,-11.0740378326445,5,Malignant cells,Malignant,Malignant,Patient 5,Patient 5,Tumor,-0.195803104766362,-0.195803104766362
HCC5_COL14_ROW34,2.32992218056695,-12.1735957092314,11,Malignant cells,Malignant,Malignant,Patient 5,Patient 5,Tumor,-0.265309306498167,-0.265309306498167
HCC5_COL14_ROW35,3.39046714821832,-11.1001646942168,5,Malignant cells,Malignant,Malignant,Patient 5,Patient 5,Tumor,-0.200795693891879,-0.200795693891879
HCC5_COL14_ROW36,5.81250713387505,-7.71268681946092,8,Stromal cells,Tprolif,Tprolif,Patient 5,Patient 5,Tumor,-0.253139870504719,-0.253139870504719
HCC5_COL14_ROW37,7.62270353356377,-9.13228539886766,12,Immune cells,B,B,Patient 5,Patient 5,Tumor,-0.251423667992823,-0.251423667992823
HCC5_COL14_ROW38,6.10471485177056,-9.34447793426805,8,Stromal cells,Tprolif,Tprolif,Patient 5,Patient 5,Tumor,-0.287931975973165,-0.287931975973165
HCC5_COL14_ROW39,5.26009367028252,-11.3964159912139,5,Malignant cells,Malignant,Malignant,Patient 5,Patient 5,Tumor,-0.192058662922225,-0.192058662922225
HCC5_COL14_ROW4,7.95741270104424,-11.7286742157012,7,Immune cells,B,B,Patient 5,Patient 5,Tumor,-0.227942897261877,-0.227942897261877
HCC5_COL14_ROW40,8.32699392357842,-11.7517922348052,7,Immune cells,B,B,Patient 5,Patient 5,Tumor,-0.242062563382479,-0.242062563382479
HCC5_COL14_ROW5,7.595948200617,-9.97322110595995,12,Immune cells,B,B,Patient 5,Patient 5,Tumor,-0.238786176768859,-0.238786176768859
HCC5_COL14_ROW6,8.33496091881768,-6.82236604156786,4,Immune cells,CD8T,CD8T,Patient 5,Patient 5,Tumor,-0.216007488883688,-0.216007488883688
HCC5_COL14_ROW7,8.15198610344903,-11.4798796600371,7,Immune cells,B,B,Patient 5,Patient 5,Tumor,-0.238474139948514,-0.238474139948514
HCC5_COL14_ROW8,4.54695699730889,-10.6522915786772,5,Malignant cells,Malignant,Malignant,Patient 5,Patient 5,Tumor,-0.185037834464467,-0.185037834464467
HCC5_COL14_ROW9,5.41735694924371,-11.0703795379668,5,Malignant cells,Malignant,Malignant,Patient 5,Patient 5,Tumor,-0.199703565020672,-0.199703565020672
HCC5_COL15_ROW1,8.31709478417413,-6.33459453048998,4,Immune cells,CD8T,CD8T,Patient 5,Patient 5,Tumor,-0.212653093064982,-0.212653093064982
HCC5_COL15_ROW10,3.21557901421563,-2.71993760528856,6,Immune cells,Mono/Macro,Mono/Macro,Patient 5,Patient 5,Tumor,-0.226382713160153,-0.226382713160153
HCC5_COL15_ROW11,8.00220201531426,-11.9153244918852,7,Immune cells,B,B,Patient 5,Patient 5,Tumor,-0.237850066307824,-0.237850066307824
HCC5_COL15_ROW12,4.71261404076592,-11.6616337722807,5,Malignant cells,Malignant,Malignant,Patient 5,Patient 5,Tumor,-0.188314221078087,-0.188314221078087
HCC5_COL15_ROW13,2.39741037407891,-11.7562964386015,11,Malignant cells,Malignant,Malignant,Patient 5,Patient 5,Tumor,-0.25969264373196,-0.25969264373196
HCC5_COL15_ROW14,3.4719018749334,-11.1987612670928,5,Malignant cells,Malignant,Malignant,Patient 5,Patient 5,Tumor,-0.188626257898432,-0.188626257898432
HCC5_COL15_ROW15,8.02877805748956,-7.43710832062059,4,Immune cells,CD8T,CD8T,Patient 5,Patient 5,Tumor,-0.233091504797566,-0.233091504797566
HCC5_COL15_ROW16,4.64394758263604,-11.5927288955718,5,Malignant cells,Malignant,Malignant,Patient 5,Patient 5,Tumor,-0.19400889304938,-0.19400889304938
HCC5_COL15_ROW17,3.18901012459771,-2.21196917953783,6,Immune cells,Mono/Macro,Mono/Macro,Patient 5,Patient 5,Tumor,-0.226460722365239,-0.226460722365239
HCC5_COL15_ROW18,3.61159179726617,-11.3056853240996,5,Malignant cells,Malignant,Malignant,Patient 5,Patient 5,Tumor,-0.183633668772915,-0.183633668772915
HCC5_COL15_ROW19,3.5195002369024,-11.4116938537627,5,Malignant cells,Malignant,Malignant,Patient 5,Patient 5,Tumor,-0.203369997659724,-0.203369997659724
HCC5_COL15_ROW2,7.40931985894219,-11.7277892059355,7,Immune cells,B,B,Patient 5,Patient 5,Tumor,-0.241126452921445,-0.241126452921445
HCC5_COL15_ROW20,4.76537559548394,-11.7668383544951,5,Malignant cells,Malignant,Malignant,Patient 5,Patient 5,Tumor,-0.201029721507138,-0.201029721507138
HCC5_COL15_ROW21,4.49824951210992,-11.7398684448271,5,Malignant cells,Malignant,Malignant,Patient 5,Patient 5,Tumor,-0.188236211873001,-0.188236211873001
HCC5_COL15_ROW22,7.59125993767754,-7.33925847473436,4,Immune cells,CD8T,CD8T,Patient 5,Patient 5,Tumor,-0.229269053748342,-0.229269053748342
HCC5_COL15_ROW23,4.53137777367608,-11.6475079483061,5,Malignant cells,Malignant,Malignant,Patient 5,Patient 5,Tumor,-0.208362586785241,-0.208362586785241
HCC5_COL15_ROW24,9.6952848247625,-9.68235616150194,13,Immune cells,B,B,Patient 5,Patient 5,Tumor,-0.228410952492394,-0.228410952492394
HCC5_COL15_ROW25,2.13364766160027,-11.7395880645781,11,Malignant cells,Malignant,Malignant,Patient 5,Patient 5,Tumor,0.46930337779858,0.46930337779858
HCC5_COL15_ROW26,3.92641542473809,-11.0403311676055,5,Malignant cells,Malignant,Malignant,Patient 5,Patient 5,Tumor,-0.194945003510414,-0.194945003510414
HCC5_COL15_ROW27,4.23964498559014,-11.4773352569609,5,Malignant cells,Malignant,Malignant,Patient 5,Patient 5,Tumor,-0.192760745768001,-0.192760745768001
HCC5_COL15_ROW29,8.17475698510186,-11.4281313842803,7,Immune cells,B,B,Patient 5,Patient 5,Tumor,-0.231687339106014,-0.231687339106014
HCC5_COL15_ROW3,4.44978616753594,-11.3784335083037,5,Malignant cells,Malignant,Malignant,Patient 5,Patient 5,Tumor,-0.187768156642484,-0.187768156642484
HCC5_COL15_ROW30,7.96611974755303,-7.19992284241014,4,Immune cells,CD8T,CD8T,Patient 5,Patient 5,Tumor,-0.22232623449567,-0.22232623449567
HCC5_COL15_ROW31,7.58416841546075,-9.98040131988817,12,Immune cells,B,B,Patient 5,Patient 5,Tumor,-0.249317419455496,-0.249317419455496
HCC5_COL15_ROW32,3.39433715859429,-11.3190777725249,5,Malignant cells,Malignant,Malignant,Patient 5,Patient 5,Tumor,-0.195413058740931,-0.195413058740931
HCC5_COL15_ROW33,2.42239163437859,-11.5871432251006,11,Malignant cells,Malignant,Malignant,Patient 5,Patient 5,Tumor,-0.262422965909977,-0.262422965909977
HCC5_COL15_ROW34,8.36667249718682,-11.5353720611601,7,Immune cells,B,B,Patient 5,Patient 5,Tumor,-0.25251579686403,-0.25251579686403
HCC5_COL15_ROW35,6.51476524392144,-11.4160607284575,7,Immune cells,B,B,Patient 5,Patient 5,Tumor,-0.223730400187222,-0.223730400187222
HCC5_COL15_ROW36,2.07144187012689,-11.826806349185,11,Malignant cells,Malignant,Malignant,Patient 5,Patient 5,Tumor,-0.288556049613854,-0.288556049613854
HCC5_COL15_ROW37,5.32332656899468,-11.3213122314482,5,Malignant cells,Malignant,Malignant,Patient 5,Patient 5,Tumor,-0.2040720805055,-0.2040720805055
HCC5_COL15_ROW38,5.85616300622002,-7.71065930786424,8,Stromal cells,Tprolif,Tprolif,Patient 5,Patient 5,Tumor,-0.279741009439114,-0.279741009439114
HCC5_COL15_ROW39,7.51296232262627,-11.6485922760039,7,Immune cells,B,B,Patient 5,Patient 5,Tumor,-0.241360480536703,-0.241360480536703
HCC5_COL15_ROW4,8.48323438683526,-11.4939082092314,7,Immune cells,B,B,Patient 5,Patient 5,Tumor,-0.240502379280755,-0.240502379280755
HCC5_COL15_ROW40,2.10024068871514,-11.9812910980254,11,Malignant cells,Malignant,Malignant,Patient 5,Patient 5,Tumor,-0.285435681410406,-0.285435681410406
HCC5_COL15_ROW5,4.49453018227593,-10.9013255065947,5,Malignant cells,Malignant,Malignant,Patient 5,Patient 5,Tumor,-0.18168343864576,-0.18168343864576
HCC5_COL15_ROW6,4.00624225655572,-10.8724358505278,5,Malignant cells,Malignant,Malignant,Patient 5,Patient 5,Tumor,-0.183477650362743,-0.183477650362743
HCC5_COL15_ROW7,4.12985132256524,-11.1753752655058,5,Malignant cells,Malignant,Malignant,Patient 5,Patient 5,Tumor,-0.184257742413605,-0.184257742413605
HCC5_COL15_ROW8,2.18265221634881,-12.3242180770903,11,Malignant cells,Malignant,Malignant,Patient 5,Patient 5,Tumor,-0.287151883922303,-0.287151883922303
HCC5_COL15_ROW9,8.38162706414239,-5.64458064499193,4,Immune cells,CD8T,CD8T,Patient 5,Patient 5,Tumor,-0.23137530228567,-0.23137530228567
HCC5_COL16_ROW1,7.49748800316827,-9.78727559509569,12,Immune cells,B,B,Patient 5,Patient 5,Tumor,-0.243310710663858,-0.243310710663858
HCC5_COL16_ROW10,7.67372797051446,-6.52014760437303,4,Immune cells,CD8T,CD8T,Patient 5,Patient 5,Tumor,-0.248303299789375,-0.248303299789375
HCC5_COL16_ROW11,9.59206579247491,-9.73529462280565,13,Immune cells,B,B,Patient 5,Patient 5,Tumor,-0.265075278882908,-0.265075278882908
HCC5_COL16_ROW12,5.70731828728692,-7.24638776245409,8,Stromal cells,Tprolif,Tprolif,Patient 5,Patient 5,Tumor,-0.284655589359544,-0.284655589359544
HCC5_COL16_ROW13,5.10446212807671,-10.5576384490996,5,Malignant cells,Malignant,Malignant,Patient 5,Patient 5,Tumor,-0.204228098915672,-0.204228098915672
HCC5_COL16_ROW14,7.55858419457452,-10.144849104312,12,Immune cells,B,B,Patient 5,Patient 5,Tumor,-0.255246119042047,-0.255246119042047
HCC5_COL16_ROW15,8.65211771050469,-11.7512228912383,7,Immune cells,B,B,Patient 5,Patient 5,Tumor,-0.241672517357048,-0.241672517357048
HCC5_COL16_ROW16,5.80050466576592,-10.6444256729155,5,Malignant cells,Malignant,Malignant,Patient 5,Patient 5,Tumor,-0.181839457055933,-0.181839457055933
HCC5_COL16_ROW17,7.57779310265557,-9.24011830749803,12,Immune cells,B,B,Patient 5,Patient 5,Tumor,-0.280677119900148,-0.280677119900148
HCC5_COL16_ROW18,4.08164785424249,-11.4161751693755,5,Malignant cells,Malignant,Malignant,Patient 5,Patient 5,Tumor,-0.190732506435759,-0.190732506435759
HCC5_COL16_ROW19,5.38094995537774,-7.23191289367967,8,Stromal cells,Tprolif,Tprolif,Patient 5,Patient 5,Tumor,-0.272408144161011,-0.272408144161011
HCC5_COL16_ROW2,5.6465205959417,-10.6949618286162,5,Malignant cells,Malignant,Malignant,Patient 5,Patient 5,Tumor,-0.197363288868086,-0.197363288868086
HCC5_COL16_ROW20,4.75966690102593,-11.015846533206,5,Malignant cells,Malignant,Malignant,Patient 5,Patient 5,Tumor,-0.197753334893517,-0.197753334893517
HCC5_COL16_ROW21,4.9139561466314,-10.9720356887847,5,Malignant cells,Malignant,Malignant,Patient 5,Patient 5,Tumor,-0.185895935720415,-0.185895935720415
HCC5_COL16_ROW22,7.15881345788018,-6.19638137283617,4,Immune cells,CD8T,CD8T,Patient 5,Patient 5,Tumor,-0.236991965051876,-0.236991965051876
HCC5_COL16_ROW23,4.41397808114068,-11.4952786392241,5,Malignant cells,Malignant,Malignant,Patient 5,Patient 5,Tumor,-0.195959123176535,-0.195959123176535
HCC5_COL16_ROW24,4.80807397881524,-11.4237025207549,5,Malignant cells,Malignant,Malignant,Patient 5,Patient 5,Tumor,-0.2040720805055,-0.2040720805055
HCC5_COL16_ROW25,3.54252050438897,-11.188945097354,5,Malignant cells,Malignant,Malignant,Patient 5,Patient 5,Tumor,-0.194788985100242,-0.194788985100242
HCC5_COL16_ROW26,6.05073068657891,-9.36583642425829,8,Stromal cells,Tprolif,Tprolif,Patient 5,Patient 5,Tumor,-0.323270145877213,-0.323270145877213
HCC5_COL16_ROW27,8.51302240410821,-11.5700171417265,7,Immune cells,B,B,Patient 5,Patient 5,Tumor,-0.245416959201186,-0.245416959201186
HCC5_COL16_ROW28,7.78233430901544,-10.1768086380034,12,Immune cells,B,B,Patient 5,Patient 5,Tumor,-0.258834542476012,-0.258834542476012
HCC5_COL16_ROW29,5.11981962243096,-10.4840271896391,5,Malignant cells,Malignant,Malignant,Patient 5,Patient 5,Tumor,-0.202511896403776,-0.202511896403776
HCC5_COL16_ROW3,5.21676347771661,-10.8623860305815,5,Malignant cells,Malignant,Malignant,Patient 5,Patient 5,Tumor,-0.192604727357828,-0.192604727357828
HCC5_COL16_ROW30,4.97849414864556,-11.2453186935454,5,Malignant cells,Malignant,Malignant,Patient 5,Patient 5,Tumor,-0.198221390124035,-0.198221390124035
HCC5_COL16_ROW31,8.55531213799493,-5.63881329956346,4,Immune cells,CD8T,CD8T,Patient 5,Patient 5,Tumor,-0.236367891411186,-0.236367891411186
HCC5_COL16_ROW32,7.8997754863836,-7.97942285003954,4,Immune cells,CD8T,CD8T,Patient 5,Patient 5,Tumor,-0.246275060457134,-0.246275060457134
HCC5_COL16_ROW33,7.92293451348321,-9.99129990997606,12,Immune cells,B,B,Patient 5,Patient 5,Tumor,-0.265309306498167,-0.265309306498167
HCC5_COL16_ROW34,4.93024490395562,-11.0054848617583,5,Malignant cells,Malignant,Malignant,Patient 5,Patient 5,Tumor,-0.184491770028863,-0.184491770028863
HCC5_COL16_ROW35,9.71994207421319,-9.64301137390428,13,Immune cells,B,B,Patient 5,Patient 5,Tumor,-0.234807707309462,-0.234807707309462
HCC5_COL16_ROW36,8.57646654168145,-5.62342624130541,4,Immune cells,CD8T,CD8T,Patient 5,Patient 5,Tumor,-0.2362898822061,-0.2362898822061
HCC5_COL16_ROW37,3.35171363869683,-11.317082685855,5,Malignant cells,Malignant,Malignant,Patient 5,Patient 5,Tumor,-0.214213277166706,-0.214213277166706
HCC5_COL16_ROW38,4.90831897774712,-11.006798071292,5,Malignant cells,Malignant,Malignant,Patient 5,Patient 5,Tumor,-0.202355877993603,-0.202355877993603
HCC5_COL16_ROW39,4.48103235283868,-11.4453165954619,5,Malignant cells,Malignant,Malignant,Patient 5,Patient 5,Tumor,-0.196661206022311,-0.196661206022311
HCC5_COL16_ROW4,6.40440795937554,-9.69949750366503,7,Immune cells,B,B,Patient 5,Patient 5,Tumor,-0.27591855838989,-0.27591855838989
HCC5_COL16_ROW40,3.48591659585015,-11.3346093124419,5,Malignant cells,Malignant,Malignant,Patient 5,Patient 5,Tumor,-0.193462828613776,-0.193462828613776
HCC5_COL16_ROW5,8.0200786403753,-7.1540568298369,4,Immune cells,CD8T,CD8T,Patient 5,Patient 5,Tumor,-0.211092908963258,-0.211092908963258
HCC5_COL16_ROW6,2.05896947899835,-11.9434645599394,11,Malignant cells,Malignant,Malignant,Patient 5,Patient 5,Tumor,-0.30259770652937,-0.30259770652937
HCC5_COL16_ROW7,7.8179416469671,-6.41333846512132,4,Immune cells,CD8T,CD8T,Patient 5,Patient 5,Tumor,-0.249863483891099,-0.249863483891099
HCC5_COL16_ROW8,7.12954233208672,-11.7191107696562,7,Immune cells,B,B,Patient 5,Patient 5,Tumor,-0.240112333255324,-0.240112333255324
HCC5_COL16_ROW9,4.68634937325494,-11.439318937686,5,Malignant cells,Malignant,Malignant,Patient 5,Patient 5,Tumor,-0.193228800998518,-0.193228800998518
HCC5_COL17_ROW1,4.77092788735406,-11.0153496688872,5,Malignant cells,Malignant,Malignant,Patient 5,Patient 5,Tumor,-0.192448708947656,-0.192448708947656
HCC5_COL17_ROW10,7.94260404625909,-7.27278737488084,4,Immune cells,CD8T,CD8T,Patient 5,Patient 5,Tumor,-0.221858179265153,-0.221858179265153
HCC5_COL17_ROW11,4.86404941597955,-10.5619280761748,5,Malignant cells,Malignant,Malignant,Patient 5,Patient 5,Tumor,-0.198689445354552,-0.198689445354552
HCC5_COL17_ROW12,7.55702589074151,-10.0005419677764,12,Immune cells,B,B,Patient 5,Patient 5,Tumor,-0.249395428660582,-0.249395428660582
HCC5_COL17_ROW13,4.96396968880669,-10.4486287063628,5,Malignant cells,Malignant,Malignant,Patient 5,Patient 5,Tumor,-0.213277166705671,-0.213277166705671
HCC5_COL17_ROW14,8.53449819603936,-5.78014258804613,4,Immune cells,CD8T,CD8T,Patient 5,Patient 5,Tumor,-0.256494266323426,-0.256494266323426
HCC5_COL17_ROW15,4.99694488564507,-11.6013729995757,5,Malignant cells,Malignant,Malignant,Patient 5,Patient 5,Tumor,-0.232467431156876,-0.232467431156876
HCC5_COL17_ROW16,8.69974802056329,-5.45295218887621,4,Immune cells,CD8T,CD8T,Patient 5,Patient 5,Tumor,-0.226070676339808,-0.226070676339808
HCC5_COL17_ROW17,4.4195041469671,-10.4884140914946,5,Malignant cells,Malignant,Malignant,Patient 5,Patient 5,Tumor,-0.187924175052656,-0.187924175052656
HCC5_COL17_ROW18,8.38461969414727,-12.01481561127,7,Immune cells,B,B,Patient 5,Patient 5,Tumor,-0.241906544972307,-0.241906544972307
HCC5_COL17_ROW19,4.20296667138116,-10.2019608444243,5,Malignant cells,Malignant,Malignant,Patient 5,Patient 5,Tumor,-0.189172322334035,-0.189172322334035
HCC5_COL17_ROW2,7.86607358971612,-11.7773859924346,7,Immune cells,B,B,Patient 5,Patient 5,Tumor,-0.218581792651533,-0.218581792651533
HCC5_COL17_ROW20,5.24711559334771,-10.5151160186797,5,Malignant cells,Malignant,Malignant,Patient 5,Patient 5,Tumor,-0.188938294718777,-0.188938294718777
HCC5_COL17_ROW21,3.83342359581963,-10.779879850772,5,Malignant cells,Malignant,Malignant,Patient 5,Patient 5,Tumor,-0.186520009361105,-0.186520009361105
HCC5_COL17_ROW22,3.19121740380303,-3.11824254455858,6,Immune cells,Mono/Macro,Mono/Macro,Patient 5,Patient 5,Tumor,-0.307980341680318,-0.307980341680318
HCC5_COL17_ROW23,5.93554542580621,-9.22473649444872,8,Stromal cells,Tprolif,Tprolif,Patient 5,Patient 5,Tumor,-0.290974334971527,-0.290974334971527
HCC5_COL17_ROW24,2.31049750367181,-11.9272740310698,11,Malignant cells,Malignant,Malignant,Patient 5,Patient 5,Tumor,-0.280209064669631,-0.280209064669631
HCC5_COL17_ROW25,5.74450586358086,-7.50406579437547,8,Stromal cells,Tprolif,Tprolif,Patient 5,Patient 5,Tumor,-0.272564162571183,-0.272564162571183
HCC5_COL17_ROW26,2.50398848572747,-11.7910130447417,11,Malignant cells,Malignant,Malignant,Patient 5,Patient 5,Tumor,-0.259536625321788,-0.259536625321788
HCC5_COL17_ROW27,7.90028760949151,-7.24498109283739,4,Immune cells,CD8T,CD8T,Patient 5,Patient 5,Tumor,-0.244558857945237,-0.244558857945237
HCC5_COL17_ROW28,4.495286922846,-10.1773417419463,5,Malignant cells,Malignant,Malignant,Patient 5,Patient 5,Tumor,-0.18332163195257,-0.18332163195257
HCC5_COL17_ROW29,7.78971765557305,-7.53021554413133,4,Immune cells,CD8T,CD8T,Patient 5,Patient 5,Tumor,-0.217957719010843,-0.217957719010843
HCC5_COL17_ROW3,5.21309898415582,-10.6921933120757,5,Malignant cells,Malignant,Malignant,Patient 5,Patient 5,Tumor,-0.185115843669553,-0.185115843669553
HCC5_COL17_ROW30,7.56597898522393,-9.91567258301073,12,Immune cells,B,B,Patient 5,Patient 5,Tumor,-0.234261642873859,-0.234261642873859
HCC5_COL17_ROW31,7.80831049004571,-7.39879254761034,4,Immune cells,CD8T,CD8T,Patient 5,Patient 5,Tumor,-0.230985256260239,-0.230985256260239
HCC5_COL17_ROW32,4.65783594170586,-11.3552649444609,5,Malignant cells,Malignant,Malignant,Patient 5,Patient 5,Tumor,-0.21842577424136,-0.21842577424136
HCC5_COL17_ROW33,4.97130392113702,-11.6433470672637,5,Malignant cells,Malignant,Malignant,Patient 5,Patient 5,Tumor,-0.215461424448085,-0.215461424448085
HCC5_COL17_ROW34,7.74661634484307,-7.45536355438524,4,Immune cells,CD8T,CD8T,Patient 5,Patient 5,Tumor,-0.244792885560496,-0.244792885560496
HCC5_COL17_ROW35,8.32974432030694,-11.453479093936,7,Immune cells,B,B,Patient 5,Patient 5,Tumor,-0.232857477182308,-0.232857477182308
HCC5_COL17_ROW36,3.22416017571465,-2.58156685295396,6,Immune cells,Mono/Macro,Mono/Macro,Patient 5,Patient 5,Tumor,-0.265231297293081,-0.265231297293081
HCC5_COL17_ROW37,5.76109550515191,-7.45580796661668,8,Stromal cells,Tprolif,Tprolif,Patient 5,Patient 5,Tumor,-0.25477806381153,-0.25477806381153
HCC5_COL17_ROW38,7.91845129052178,-6.52188710632616,4,Immune cells,CD8T,CD8T,Patient 5,Patient 5,Tumor,-0.217255636165067,-0.217255636165067
HCC5_COL17_ROW39,4.53676984826104,-11.7899725860625,5,Malignant cells,Malignant,Malignant,Patient 5,Patient 5,Tumor,-0.191200561666277,-0.191200561666277
HCC5_COL17_ROW4,2.52781675377862,-12.3582785553008,11,Malignant cells,Malignant,Malignant,Patient 5,Patient 5,Tumor,-0.286761837896872,-0.286761837896872
HCC5_COL17_ROW40,4.06682632485406,-10.7604115432768,5,Malignant cells,Malignant,Malignant,Patient 5,Patient 5,Tumor,-0.19010843279507,-0.19010843279507
HCC5_COL17_ROW5,8.19373319664971,-11.8597920364409,7,Immune cells,B,B,Patient 5,Patient 5,Tumor,-0.233715578438256,-0.233715578438256
HCC5_COL17_ROW6,8.49185178795831,-6.35303763809496,4,Immune cells,CD8T,CD8T,Patient 5,Patient 5,Tumor,-0.222092206880412,-0.222092206880412
HCC5_COL17_ROW7,5.21974704781548,-10.2374117797881,5,Malignant cells,Malignant,Malignant,Patient 5,Patient 5,Tumor,-0.187456119822139,-0.187456119822139
HCC5_COL17_ROW8,4.81805561104791,-10.7071650451689,5,Malignant cells,Malignant,Malignant,Patient 5,Patient 5,Tumor,-0.18620797254076,-0.18620797254076
HCC5_COL17_ROW9,7.52506349602715,-6.13782433929735,4,Immune cells,CD8T,CD8T,Patient 5,Patient 5,Tumor,-0.227396832826274,-0.227396832826274
HCC5_COL18_ROW1,8.19913766900079,-5.55088595810228,4,Immune cells,CD8T,CD8T,Patient 5,Patient 5,Tumor,-0.218893829471878,-0.218893829471878
HCC5_COL18_ROW10,7.33724687615411,-9.04170064392381,12,Immune cells,B,B,Patient 5,Patient 5,Tumor,-0.333879397768937,-0.333879397768937
HCC5_COL18_ROW11,4.68093250313775,-11.3594887680083,5,Malignant cells,Malignant,Malignant,Patient 5,Patient 5,Tumor,-0.192760745768001,-0.192760745768001
HCC5_COL18_ROW12,6.85260103264825,-10.1711008972197,5,Malignant cells,Malignant,Malignant,Patient 5,Patient 5,Tumor,-0.19174662610188,-0.19174662610188
HCC5_COL18_ROW13,3.29134700814263,-2.53355102005296,6,Immune cells,Mono/Macro,Mono/Macro,Patient 5,Patient 5,Tumor,-0.197675325688431,-0.197675325688431
HCC5_COL18_ROW14,7.61414144555108,-10.9911778396636,5,Malignant cells,Malignant,Malignant,Patient 5,Patient 5,Tumor,-0.189562368359466,-0.189562368359466
HCC5_COL18_ROW15,8.56604383507745,-11.7738173431426,7,Immune cells,B,B,Patient 5,Patient 5,Tumor,-0.240658397690928,-0.240658397690928
HCC5_COL18_ROW16,8.18812749901788,-11.0334341949492,7,Immune cells,B,B,Patient 5,Patient 5,Tumor,-0.244792885560496,-0.244792885560496
HCC5_COL18_ROW17,6.88175676384942,-6.60910825195604,4,Immune cells,CD8T,CD8T,Patient 5,Patient 5,Tumor,-0.280521101489976,-0.280521101489976
HCC5_COL18_ROW18,7.95073221245782,-11.5089533752471,7,Immune cells,B,B,Patient 5,Patient 5,Tumor,-0.228644980107653,-0.228644980107653
HCC5_COL18_ROW19,9.70191762963311,-9.74543790283495,13,Immune cells,B,B,Patient 5,Patient 5,Tumor,-0.224900538263515,-0.224900538263515
HCC5_COL18_ROW2,4.01071355858819,-10.8160260147124,5,Malignant cells,Malignant,Malignant,Patient 5,Patient 5,Tumor,-0.200717684686793,-0.200717684686793
HCC5_COL18_ROW20,5.52171133080499,-10.6744339889556,5,Malignant cells,Malignant,Malignant,Patient 5,Patient 5,Tumor,-0.210234807707309,-0.210234807707309
HCC5_COL18_ROW21,8.43649480858819,-5.85850028457933,4,Immune cells,CD8T,CD8T,Patient 5,Patient 5,Tumor,-0.222638271316015,-0.222638271316015
HCC5_COL18_ROW22,7.41157339135186,-6.95648126068407,4,Immune cells,CD8T,CD8T,Patient 5,Patient 5,Tumor,-0.240424370075669,-0.240424370075669
HCC5_COL18_ROW23,8.38856313744561,-5.63381223144823,4,Immune cells,CD8T,CD8T,Patient 5,Patient 5,Tumor,-0.224822529058429,-0.224822529058429
HCC5_COL18_ROW24,7.90509317437188,-7.30342702331834,4,Immune cells,CD8T,CD8T,Patient 5,Patient 5,Tumor,-0.227552851236446,-0.227552851236446
HCC5_COL18_ROW25,5.47124383965508,-10.399394316104,5,Malignant cells,Malignant,Malignant,Patient 5,Patient 5,Tumor,-0.211560964193775,-0.211560964193775
HCC5_COL18_ROW26,9.74555395165459,-9.70735101166063,13,Immune cells,B,B,Patient 5,Patient 5,Tumor,-0.242140572587565,-0.242140572587565
HCC5_COL18_ROW27,5.81926296273248,-8.82655267181688,8,Stromal cells,Tprolif,Tprolif,Patient 5,Patient 5,Tumor,-0.325688431234886,-0.325688431234886
HCC5_COL18_ROW28,4.52093837777154,-11.0649702972441,5,Malignant cells,Malignant,Malignant,Patient 5,Patient 5,Tumor,-0.203135970044465,-0.203135970044465
HCC5_COL18_ROW29,5.43628976861016,-7.53460912170702,8,Stromal cells,Tprolif,Tprolif,Patient 5,Patient 5,Tumor,-0.284109524923941,-0.284109524923941
HCC5_COL18_ROW3,8.36132810631768,-11.3107827133208,7,Immune cells,B,B,Patient 5,Patient 5,Tumor,-0.237225992667135,-0.237225992667135
HCC5_COL18_ROW30,5.14095066109673,-11.1615755981474,5,Malignant cells,Malignant,Malignant,Patient 5,Patient 5,Tumor,-0.200327638661362,-0.200327638661362
HCC5_COL18_ROW31,7.54334734002129,-9.72012834015184,12,Immune cells,B,B,Patient 5,Patient 5,Tumor,-0.250955612762306,-0.250955612762306
HCC5_COL18_ROW32,8.22533414879815,-11.6712620681792,7,Immune cells,B,B,Patient 5,Patient 5,Tumor,-0.249005382635151,-0.249005382635151
HCC5_COL18_ROW33,-0.907629687394935,8.03195543822951,10,Malignant cells,Malignant,Malignant,Patient 5,Patient 5,Tumor,-0.301973632888681,-0.301973632888681
HCC5_COL18_ROW34,2.46013949433343,-12.3072169250517,11,Malignant cells,Malignant,Malignant,Patient 5,Patient 5,Tumor,-0.289180123254544,-0.289180123254544
HCC5_COL18_ROW35,8.28161428490655,-11.5099080032378,7,Immune cells,B,B,Patient 5,Patient 5,Tumor,-0.236133863795928,-0.236133863795928
HCC5_COL18_ROW36,4.41914413491265,-11.1714299148589,5,Malignant cells,Malignant,Malignant,Patient 5,Patient 5,Tumor,-0.202667914813948,-0.202667914813948
HCC5_COL18_ROW37,9.63921449700372,-9.71683244171434,13,Immune cells,B,B,Patient 5,Patient 5,Tumor,-0.255636165067478,-0.255636165067478
HCC5_COL18_ROW38,2.86861274758355,-11.2887871688872,11,Malignant cells,Malignant,Malignant,Patient 5,Patient 5,Tumor,-0.203604025274982,-0.203604025274982
HCC5_COL18_ROW39,8.33200071373956,-7.08952264252,4,Immune cells,CD8T,CD8T,Patient 5,Patient 5,Tumor,-0.223652390982136,-0.223652390982136
HCC5_COL18_ROW4,4.03822277108209,-11.0091097778349,5,Malignant cells,Malignant,Malignant,Patient 5,Patient 5,Tumor,-0.196661206022311,-0.196661206022311
HCC5_COL18_ROW40,9.64124296227471,-9.77333192291551,13,Immune cells,B,B,Patient 5,Patient 5,Tumor,-0.231531320695842,-0.231531320695842
HCC5_COL18_ROW5,6.24637744942681,-7.0934403366118,8,Stromal cells,Tprolif,Tprolif,Patient 5,Patient 5,Tumor,-0.268507683906701,-0.268507683906701
HCC5_COL18_ROW6,8.6084403804876,-11.7621233886748,7,Immune cells,B,B,Patient 5,Patient 5,Tumor,-0.235977845385756,-0.235977845385756
HCC5_COL18_ROW7,3.4424509815313,-11.2743962234526,5,Malignant cells,Malignant,Malignant,Patient 5,Patient 5,Tumor,-0.206334347452999,-0.206334347452999
HCC5_COL18_ROW8,3.41646574059502,-2.1876056617766,6,Immune cells,Mono/Macro,Mono/Macro,Patient 5,Patient 5,Tumor,-0.203526016069896,-0.203526016069896
HCC5_COL18_ROW9,7.69004056969659,-8.41084508362108,12,Immune cells,B,B,Patient 5,Patient 5,Tumor,-0.275840549184804,-0.275840549184804
HCC5_COL19_ROW1,4.91555593529717,-10.4917118972807,5,Malignant cells,Malignant,Malignant,Patient 5,Patient 5,Tumor,-0.206412356658086,-0.206412356658086
HCC5_COL19_ROW10,8.43153856316582,-11.9961169189482,7,Immune cells,B,B,Patient 5,Patient 5,Tumor,-0.240034324050238,-0.240034324050238
HCC5_COL19_ROW11,5.41953800240533,-7.35023431244188,8,Stromal cells,Tprolif,Tprolif,Patient 5,Patient 5,Tumor,-0.244558857945237,-0.244558857945237
HCC5_COL19_ROW12,7.8182964138128,-6.28891448440843,4,Immune cells,CD8T,CD8T,Patient 5,Patient 5,Tumor,-0.230049145799204,-0.230049145799204
HCC5_COL19_ROW13,8.00963590661065,-11.7154572433501,7,Immune cells,B,B,Patient 5,Patient 5,Tumor,-0.23075122864498,-0.23075122864498
HCC5_COL19_ROW14,8.16083524743096,-7.15893105926805,4,Immune cells,CD8T,CD8T,Patient 5,Patient 5,Tumor,-0.218737811061705,-0.218737811061705
HCC5_COL19_ROW15,8.09120462456719,-7.45181493225389,4,Immune cells,CD8T,CD8T,Patient 5,Patient 5,Tumor,-0.233793587643342,-0.233793587643342
HCC5_COL19_ROW16,7.92383001366631,-11.7879651016265,7,Immune cells,B,B,Patient 5,Patient 5,Tumor,-0.225758639519463,-0.225758639519463
HCC5_COL19_ROW17,8.45459173241631,-7.21402768554979,5,Malignant cells,Malignant,Malignant,Patient 5,Patient 5,Tumor,-0.227006786800842,-0.227006786800842
HCC5_COL19_ROW18,7.06900690117852,-10.3230603164702,5,Malignant cells,Malignant,Malignant,Patient 5,Patient 5,Tumor,-0.190186442000156,-0.190186442000156
HCC5_COL19_ROW19,4.31675241509454,-10.6402934021025,5,Malignant cells,Malignant,Malignant,Patient 5,Patient 5,Tumor,-0.186676027771277,-0.186676027771277
HCC5_COL19_ROW2,2.15789173165337,-12.4476483291655,11,Malignant cells,Malignant,Malignant,Patient 5,Patient 5,Tumor,-0.339886106560574,-0.339886106560574
HCC5_COL19_ROW20,2.07466409722344,-12.0030806488066,11,Malignant cells,Malignant,Malignant,Patient 5,Patient 5,Tumor,-0.300335439581871,-0.300335439581871
HCC5_COL19_ROW21,4.59468267479913,-11.0624087280303,5,Malignant cells,Malignant,Malignant,Patient 5,Patient 5,Tumor,-0.196193150791793,-0.196193150791793
HCC5_COL19_ROW22,4.76269815484063,-10.3098910278349,5,Malignant cells,Malignant,Malignant,Patient 5,Patient 5,Tumor,-0.203057960839379,-0.203057960839379
HCC5_COL19_ROW24,4.65594432869927,-10.4477866119414,5,Malignant cells,Malignant,Malignant,Patient 5,Patient 5,Tumor,-0.192214681332397,-0.192214681332397
HCC5_COL19_ROW25,7.707276325617,-8.28982476654344,4,Immune cells,CD8T,CD8T,Patient 5,Patient 5,Tumor,-0.255402137452219,-0.255402137452219
HCC5_COL19_ROW26,5.16918561974542,-11.3286526626616,5,Malignant cells,Malignant,Malignant,Patient 5,Patient 5,Tumor,-0.209766752476792,-0.209766752476792
HCC5_COL19_ROW27,2.1722614578344,-12.0649903244048,11,Malignant cells,Malignant,Malignant,Patient 5,Patient 5,Tumor,-0.269833840393166,-0.269833840393166
HCC5_COL19_ROW28,4.52145288506524,-11.0928938812285,5,Malignant cells,Malignant,Malignant,Patient 5,Patient 5,Tumor,-0.205476246197051,-0.205476246197051
HCC5_COL19_ROW29,6.5831980518438,-6.90935067596727,8,Stromal cells,Tprolif,Tprolif,Patient 5,Patient 5,Tumor,-0.278570871362821,-0.278570871362821
HCC5_COL19_ROW3,3.25601623574273,-2.8610880798369,6,Immune cells,Mono/Macro,Mono/Macro,Patient 5,Patient 5,Tumor,-0.204540135736017,-0.204540135736017
HCC5_COL19_ROW30,7.57521436730401,-9.62965707245165,12,Immune cells,B,B,Patient 5,Patient 5,Tumor,-0.274670411108511,-0.274670411108511
HCC5_COL19_ROW31,7.56386659661309,-9.71402291717821,12,Immune cells,B,B,Patient 5,Patient 5,Tumor,-0.240112333255324,-0.240112333255324
HCC5_COL19_ROW32,3.13414142647759,-3.41098622741991,6,Immune cells,Mono/Macro,Mono/Macro,Patient 5,Patient 5,Tumor,-0.265621343318512,-0.265621343318512
HCC5_COL19_ROW33,8.30242441216485,-9.739087385562,12,Immune cells,B,B,Patient 5,Patient 5,Tumor,-0.308916452141353,-0.308916452141353
HCC5_COL19_ROW34,4.98626277962701,-11.1222069686919,5,Malignant cells,Malignant,Malignant,Patient 5,Patient 5,Tumor,-0.203369997659724,-0.203369997659724
HCC5_COL19_ROW35,3.32052896538751,-3.72557334366136,6,Immune cells,Mono/Macro,Mono/Macro,Patient 5,Patient 5,Tumor,-0.280599110695062,-0.280599110695062
HCC5_COL19_ROW36,7.68262193718926,-11.5598690933257,7,Immune cells,B,B,Patient 5,Patient 5,Tumor,-0.202979951634293,-0.202979951634293
HCC5_COL19_ROW37,4.50117919960992,-10.3155720657378,5,Malignant cells,Malignant,Malignant,Patient 5,Patient 5,Tumor,-0.206178329042827,-0.206178329042827
HCC5_COL19_ROW38,4.70978210488336,-10.6015446609526,5,Malignant cells,Malignant,Malignant,Patient 5,Patient 5,Tumor,-0.206334347452999,-0.206334347452999
HCC5_COL19_ROW39,4.04583786049859,-10.9420340484648,5,Malignant cells,Malignant,Malignant,Patient 5,Patient 5,Tumor,-0.182775567516967,-0.182775567516967
HCC5_COL19_ROW4,8.38651559868829,-5.75614718857103,4,Immune cells,CD8T,CD8T,Patient 5,Patient 5,Tumor,-0.219205866292222,-0.219205866292222
HCC5_COL19_ROW40,5.37116525689141,-10.4530032104521,5,Malignant cells,Malignant,Malignant,Patient 5,Patient 5,Tumor,-0.192214681332397,-0.192214681332397
HCC5_COL19_ROW5,5.40726135293023,-7.26564530792528,8,Stromal cells,Tprolif,Tprolif,Patient 5,Patient 5,Tumor,-0.286137764256182,-0.286137764256182
HCC5_COL19_ROW6,3.35177038231866,-3.687498373416,13,Immune cells,B,B,Patient 5,Patient 5,Tumor,-0.284265543334113,-0.284265543334113
HCC5_COL19_ROW7,8.77931592980401,-10.0932133621245,7,Immune cells,B,B,Patient 5,Patient 5,Tumor,-0.269287775957563,-0.269287775957563
HCC5_COL19_ROW8,4.52236316720025,-10.2502205795317,5,Malignant cells,Malignant,Malignant,Patient 5,Patient 5,Tumor,-0.198221390124035,-0.198221390124035
HCC5_COL19_ROW9,7.5746850780584,-6.7047422355681,4,Immune cells,CD8T,CD8T,Patient 5,Patient 5,Tumor,-0.234105624463687,-0.234105624463687
HCC5_COL2_ROW1,4.54217145958917,-11.3081238693266,5,Malignant cells,Malignant,Malignant,Patient 5,Patient 5,Tumor,-0.181917466261019,-0.181917466261019
HCC5_COL2_ROW10,2.82473753014581,-11.3825619644194,5,Malignant cells,Malignant,Malignant,Patient 5,Patient 5,Tumor,-0.197519307278259,-0.197519307278259
HCC5_COL2_ROW11,6.91769311944024,-5.68609456482225,4,Immune cells,CD8T,CD8T,Patient 5,Patient 5,Tumor,-0.236523909821359,-0.236523909821359
HCC5_COL2_ROW12,5.11138437310235,-11.2787163681059,5,Malignant cells,Malignant,Malignant,Patient 5,Patient 5,Tumor,-0.214681332397223,-0.214681332397223
HCC5_COL2_ROW13,7.70774362603204,-7.21527890625292,4,Immune cells,CD8T,CD8T,Patient 5,Patient 5,Tumor,-0.242920664638427,-0.242920664638427
HCC5_COL2_ROW14,2.17067621270196,-11.9037745422392,11,Malignant cells,Malignant,Malignant,Patient 5,Patient 5,Tumor,-0.270613932444028,-0.270613932444028
HCC5_COL2_ROW15,8.52249334374444,-7.08995084228807,5,Malignant cells,Malignant,Malignant,Patient 5,Patient 5,Tumor,-0.214993369217568,-0.214993369217568
HCC5_COL2_ROW16,2.83104084054009,-12.1193993515044,5,Malignant cells,Malignant,Malignant,Patient 5,Patient 5,Tumor,-0.266167407754115,-0.266167407754115
HCC5_COL2_ROW17,4.49021051445977,-11.1005776351958,5,Malignant cells,Malignant,Malignant,Patient 5,Patient 5,Tumor,-0.193930883844294,-0.193930883844294
HCC5_COL2_ROW18,8.69677923241631,-5.43056373062425,4,Immune cells,CD8T,CD8T,Patient 5,Patient 5,Tumor,-0.259458616116702,-0.259458616116702
HCC5_COL2_ROW19,8.4838590435125,-11.8489220565825,7,Immune cells,B,B,Patient 5,Patient 5,Tumor,-0.234573679694204,-0.234573679694204
HCC5_COL2_ROW2,5.14712427178399,-10.6493828720122,5,Malignant cells,Malignant,Malignant,Patient 5,Patient 5,Tumor,-0.189328340744208,-0.189328340744208
HCC5_COL2_ROW20,8.07383249321954,-7.05974511566454,4,Immune cells,CD8T,CD8T,Patient 5,Patient 5,Tumor,-0.233949606053514,-0.233949606053514
HCC5_COL2_ROW21,8.08270738640801,-5.67703084411913,4,Immune cells,CD8T,CD8T,Patient 5,Patient 5,Tumor,-0.221546142444808,-0.221546142444808
HCC5_COL2_ROW22,7.83834741631524,-7.55764512481981,4,Immune cells,CD8T,CD8T,Patient 5,Patient 5,Tumor,-0.262266947499805,-0.262266947499805
HCC5_COL2_ROW23,2.62825820961968,-11.413946432498,11,Malignant cells,Malignant,Malignant,Patient 5,Patient 5,Tumor,-0.211951010219206,-0.211951010219206
HCC5_COL2_ROW24,4.30809686699883,-10.8566916412383,5,Malignant cells,Malignant,Malignant,Patient 5,Patient 5,Tumor,-0.187456119822139,-0.187456119822139
HCC5_COL2_ROW25,3.28933332482354,-11.2577021545439,5,Malignant cells,Malignant,Malignant,Patient 5,Patient 5,Tumor,-0.186442000156018,-0.186442000156018
HCC5_COL2_ROW26,8.56984231987969,-6.16616849365526,4,Immune cells,CD8T,CD8T,Patient 5,Patient 5,Tumor,-0.214447304781964,-0.214447304781964
HCC5_COL2_ROW27,8.68232248345391,-5.89423016968065,4,Immune cells,CD8T,CD8T,Patient 5,Patient 5,Tumor,-0.22357438177705,-0.22357438177705
HCC5_COL2_ROW28,4.46204851189629,-11.4479935592681,5,Malignant cells,Malignant,Malignant,Patient 5,Patient 5,Tumor,-0.189250331539122,-0.189250331539122
HCC5_COL2_ROW29,4.72617576638238,-11.752683920291,5,Malignant cells,Malignant,Malignant,Patient 5,Patient 5,Tumor,-0.203291988454638,-0.203291988454638
HCC5_COL2_ROW3,6.17895696679131,-7.37529591980272,8,Stromal cells,Tprolif,Tprolif,Patient 5,Patient 5,Tumor,-0.32046181449411,-0.32046181449411
HCC5_COL2_ROW30,4.19995735207574,-11.6828015274077,5,Malignant cells,Malignant,Malignant,Patient 5,Patient 5,Tumor,-0.196817224432483,-0.196817224432483
HCC5_COL2_ROW31,2.13955829659478,-12.4772913879424,11,Malignant cells,Malignant,Malignant,Patient 5,Patient 5,Tumor,-0.294016693969888,-0.294016693969888
HCC5_COL2_ROW32,2.10608933487908,-11.9433710998564,11,Malignant cells,Malignant,Malignant,Patient 5,Patient 5,Tumor,-0.33606365551135,-0.33606365551135
HCC5_COL2_ROW33,7.6282386592962,-10.0445168441802,12,Immune cells,B,B,Patient 5,Patient 5,Tumor,-0.234729698104376,-0.234729698104376
HCC5_COL2_ROW34,8.65366838494317,-5.47362021866136,4,Immune cells,CD8T,CD8T,Patient 5,Patient 5,Tumor,-0.253529916530151,-0.253529916530151
HCC5_COL2_ROW35,2.28560278931634,-11.9569552368193,11,Malignant cells,Malignant,Malignant,Patient 5,Patient 5,Tumor,-0.257430376784461,-0.257430376784461
HCC5_COL2_ROW36,6.26365993538873,-9.60109357300096,8,Stromal cells,Tprolif,Tprolif,Patient 5,Patient 5,Tumor,-0.277166705671269,-0.277166705671269
HCC5_COL2_ROW37,5.76984165230767,-8.85818890991503,8,Stromal cells,Tprolif,Tprolif,Patient 5,Patient 5,Tumor,-0.267961619471098,-0.267961619471098
HCC5_COL2_ROW38,4.53089664498345,-10.6579544967681,5,Malignant cells,Malignant,Malignant,Patient 5,Patient 5,Tumor,-0.199859583430845,-0.199859583430845
HCC5_COL2_ROW39,4.20089242974297,-10.9642908996611,5,Malignant cells,Malignant,Malignant,Patient 5,Patient 5,Tumor,-0.185817926515329,-0.185817926515329
HCC5_COL2_ROW4,8.29150007287041,-11.3060381835967,7,Immune cells,B,B,Patient 5,Patient 5,Tumor,-0.232545440361963,-0.232545440361963
HCC5_COL2_ROW40,7.61874101677911,-6.51882771911913,4,Immune cells,CD8T,CD8T,Patient 5,Patient 5,Tumor,-0.227552851236446,-0.227552851236446
HCC5_COL2_ROW5,4.86200616875665,-10.2394841140776,5,Malignant cells,Malignant,Malignant,Patient 5,Patient 5,Tumor,-0.194710975895156,-0.194710975895156
HCC5_COL2_ROW6,8.10892103234307,-5.94433717193895,4,Immune cells,CD8T,CD8T,Patient 5,Patient 5,Tumor,-0.240502379280755,-0.240502379280755
HCC5_COL2_ROW7,7.5557174495794,-7.06895379486375,4,Immune cells,CD8T,CD8T,Patient 5,Patient 5,Tumor,-0.239566268819721,-0.239566268819721
HCC5_COL2_ROW8,4.20099399605767,-11.0727484649687,5,Malignant cells,Malignant,Malignant,Patient 5,Patient 5,Tumor,-0.192058662922225,-0.192058662922225
HCC5_COL2_ROW9,8.25444410363213,-11.5968850082427,7,Immune cells,B,B,Patient 5,Patient 5,Tumor,-0.22685076839067,-0.22685076839067
HCC5_COL20_ROW1,8.50408456841485,-11.7543366378813,7,Immune cells,B,B,Patient 5,Patient 5,Tumor,-0.251657695608082,-0.251657695608082
HCC5_COL20_ROW10,7.93208787957208,-11.2576888031035,7,Immune cells,B,B,Patient 5,Patient 5,Tumor,-0.210312816912396,-0.210312816912396
HCC5_COL20_ROW11,5.58094118157403,-10.2419922775298,5,Malignant cells,Malignant,Malignant,Patient 5,Patient 5,Tumor,-0.197597316483345,-0.197597316483345
HCC5_COL20_ROW12,8.21142194787041,-11.9176190322905,7,Immune cells,B,B,Patient 5,Patient 5,Tumor,-0.225056556673688,-0.225056556673688
HCC5_COL20_ROW13,5.16972587624566,-10.8144429153472,5,Malignant cells,Malignant,Malignant,Patient 5,Patient 5,Tumor,-0.210078789297137,-0.210078789297137
HCC5_COL20_ROW14,7.66246221581475,-7.04565553131395,4,Immune cells,CD8T,CD8T,Patient 5,Patient 5,Tumor,-0.228644980107653,-0.228644980107653
HCC5_COL20_ROW15,5.42167423287408,-10.2862990325957,5,Malignant cells,Malignant,Malignant,Patient 5,Patient 5,Tumor,-0.194632966690069,-0.194632966690069
HCC5_COL20_ROW16,5.23793790856377,-10.9461529678374,5,Malignant cells,Malignant,Malignant,Patient 5,Patient 5,Tumor,-0.206256338247913,-0.206256338247913
HCC5_COL20_ROW17,9.5754346660711,-9.7155163711577,13,Immune cells,B,B,Patient 5,Patient 5,Tumor,-0.232467431156876,-0.232467431156876
HCC5_COL20_ROW18,4.74461124459283,-10.72060517731,5,Malignant cells,Malignant,Malignant,Patient 5,Patient 5,Tumor,-0.18784616584757,-0.18784616584757
HCC5_COL20_ROW19,2.17392013588921,-12.3990462249785,11,Malignant cells,Malignant,Malignant,Patient 5,Patient 5,Tumor,-0.285045635384975,-0.285045635384975
HCC5_COL20_ROW2,5.37165401497857,-7.48282651367479,8,Stromal cells,Tprolif,Tprolif,Patient 5,Patient 5,Tumor,-0.290506279741009,-0.290506279741009
HCC5_COL20_ROW20,5.78918645897881,-8.81146840515428,8,Stromal cells,Tprolif,Tprolif,Patient 5,Patient 5,Tumor,-0.393010375224276,-0.393010375224276
HCC5_COL20_ROW21,8.26279161492364,-11.4637234634429,7,Immune cells,B,B,Patient 5,Patient 5,Tumor,-0.242218581792652,-0.242218581792652
HCC5_COL20_ROW22,3.2856020740606,-2.51220158996874,6,Immune cells,Mono/Macro,Mono/Macro,Patient 5,Patient 5,Tumor,-0.237772057102738,-0.237772057102738
HCC5_COL20_ROW23,5.12935302773492,-10.5289175933867,5,Malignant cells,Malignant,Malignant,Patient 5,Patient 5,Tumor,-0.195881113971449,-0.195881113971449
HCC5_COL20_ROW24,5.79004953423516,-7.77104501190477,8,Stromal cells,Tprolif,Tprolif,Patient 5,Patient 5,Tumor,-0.276776659645838,-0.276776659645838
HCC5_COL20_ROW25,5.93441389122979,-9.1662171310454,8,Stromal cells,Tprolif,Tprolif,Patient 5,Patient 5,Tumor,-0.331305094001092,-0.331305094001092
HCC5_COL20_ROW26,5.37947843590752,-10.7298596328765,5,Malignant cells,Malignant,Malignant,Patient 5,Patient 5,Tumor,-0.208050549964896,-0.208050549964896
HCC5_COL20_ROW27,4.32526968041436,-11.2397292083769,5,Malignant cells,Malignant,Malignant,Patient 5,Patient 5,Tumor,-0.205398236991965,-0.205398236991965
HCC5_COL20_ROW28,7.89248750725762,-10.3566439575224,12,Immune cells,B,B,Patient 5,Patient 5,Tumor,-0.268507683906701,-0.268507683906701
HCC5_COL20_ROW29,8.1380395702459,-6.16407947006517,4,Immune cells,CD8T,CD8T,Patient 5,Patient 5,Tumor,-0.257508385989547,-0.257508385989547
HCC5_COL20_ROW3,7.00163934746758,-6.69616631927782,4,Immune cells,CD8T,CD8T,Patient 5,Patient 5,Tumor,-0.274046337467821,-0.274046337467821
HCC5_COL20_ROW30,7.61358068505303,-10.1914360946684,12,Immune cells,B,B,Patient 5,Patient 5,Tumor,-0.246197051252048,-0.246197051252048
HCC5_COL20_ROW31,2.09595678368585,-12.1079962677031,11,Malignant cells,Malignant,Malignant,Patient 5,Patient 5,Tumor,-0.311880801934628,-0.311880801934628
HCC5_COL20_ROW32,5.63652418175713,-7.34677819671922,8,Stromal cells,Tprolif,Tprolif,Patient 5,Patient 5,Tumor,-0.246041032841875,-0.246041032841875
HCC5_COL20_ROW33,7.70097826043145,-7.26879815521532,4,Immune cells,CD8T,CD8T,Patient 5,Patient 5,Tumor,-0.265075278882908,-0.265075278882908
HCC5_COL20_ROW34,4.41790483513848,-10.7400877899199,5,Malignant cells,Malignant,Malignant,Patient 5,Patient 5,Tumor,-0.202901942429207,-0.202901942429207
HCC5_COL20_ROW35,5.28208301583306,-10.8949873870879,5,Malignant cells,Malignant,Malignant,Patient 5,Patient 5,Tumor,-0.214447304781964,-0.214447304781964
HCC5_COL20_ROW36,7.66589162865655,-9.97946099701219,12,Immune cells,B,B,Patient 5,Patient 5,Tumor,-0.265309306498167,-0.265309306498167
HCC5_COL20_ROW37,7.93453310051934,-11.4977181381255,7,Immune cells,B,B,Patient 5,Patient 5,Tumor,-0.211404945783602,-0.211404945783602
HCC5_COL20_ROW38,5.24248359719293,-10.7357943481474,5,Malignant cells,Malignant,Malignant,Patient 5,Patient 5,Tumor,-0.215929479678602,-0.215929479678602
HCC5_COL20_ROW39,4.82680461922662,-10.8647683090239,5,Malignant cells,Malignant,Malignant,Patient 5,Patient 5,Tumor,-0.191044543256104,-0.191044543256104
HCC5_COL20_ROW4,7.61232374230401,-6.09259299698167,4,Immune cells,CD8T,CD8T,Patient 5,Patient 5,Tumor,-0.226304703955067,-0.226304703955067
HCC5_COL20_ROW40,5.34875820199029,-11.0965474075347,5,Malignant cells,Malignant,Malignant,Patient 5,Patient 5,Tumor,-0.211716982603947,-0.211716982603947
HCC5_COL20_ROW5,5.23210666695611,-10.4910119003325,5,Malignant cells,Malignant,Malignant,Patient 5,Patient 5,Tumor,-0.207582494734379,-0.207582494734379
HCC5_COL20_ROW6,5.15920494118707,-10.2573378509551,5,Malignant cells,Malignant,Malignant,Patient 5,Patient 5,Tumor,-0.200093611046103,-0.200093611046103
HCC5_COL20_ROW7,5.44175336876885,-7.31954316559129,8,Stromal cells,Tprolif,Tprolif,Patient 5,Patient 5,Tumor,-0.271159996879632,-0.271159996879632
HCC5_COL20_ROW8,8.15820501366631,-7.50982312622362,4,Immune cells,CD8T,CD8T,Patient 5,Patient 5,Tumor,-0.228254934082222,-0.228254934082222
HCC5_COL20_ROW9,3.37642524758355,-3.20533351364427,6,Immune cells,Mono/Macro,Mono/Macro,Patient 5,Patient 5,Tumor,-0.222170216085498,-0.222170216085498
HCC5_COL3_ROW1,8.38424299279229,-7.37204007568651,4,Immune cells,CD8T,CD8T,Patient 5,Patient 5,Tumor,-0.218035728215929,-0.218035728215929
HCC5_COL3_ROW10,8.21095464745538,-7.25452737274461,4,Immune cells,CD8T,CD8T,Patient 5,Patient 5,Tumor,-0.218503783446447,-0.218503783446447
HCC5_COL3_ROW11,7.53148839989678,-9.87174062195116,12,Immune cells,B,B,Patient 5,Patient 5,Tumor,-0.241360480536703,-0.241360480536703
HCC5_COL3_ROW12,4.36803863564507,-10.5006897872954,5,Malignant cells,Malignant,Malignant,Patient 5,Patient 5,Tumor,-0.191590607691708,-0.191590607691708
HCC5_COL3_ROW13,3.18446014443414,-3.223067564395,6,Immune cells,Mono/Macro,Mono/Macro,Patient 5,Patient 5,Tumor,-0.253139870504719,-0.253139870504719
HCC5_COL3_ROW14,8.2235059551336,-7.54237298431688,4,Immune cells,CD8T,CD8T,Patient 5,Patient 5,Tumor,-0.216007488883688,-0.216007488883688
HCC5_COL3_ROW15,7.92820928612725,-6.34405736389452,4,Immune cells,CD8T,CD8T,Patient 5,Patient 5,Tumor,-0.22232623449567,-0.22232623449567
HCC5_COL3_ROW16,8.36150072136895,-6.19311313095384,4,Immune cells,CD8T,CD8T,Patient 5,Patient 5,Tumor,-0.223184335751619,-0.223184335751619
HCC5_COL3_ROW17,8.33931539574639,-11.5799735015898,7,Immune cells,B,B,Patient 5,Patient 5,Tumor,-0.242998673843513,-0.242998673843513
HCC5_COL3_ROW18,2.10724423447625,-11.8780291503935,11,Malignant cells,Malignant,Malignant,Patient 5,Patient 5,Tumor,-0.290038224510492,-0.290038224510492
HCC5_COL3_ROW19,4.83891723671929,-10.3606827682524,5,Malignant cells,Malignant,Malignant,Patient 5,Patient 5,Tumor,-0.190654497230673,-0.190654497230673
HCC5_COL3_ROW2,8.30816743889825,-6.99422673645311,4,Immune cells,CD8T,CD8T,Patient 5,Patient 5,Tumor,-0.230517201029722,-0.230517201029722
HCC5_COL3_ROW20,5.46982000390069,-7.5288184112578,8,Stromal cells,Tprolif,Tprolif,Patient 5,Patient 5,Tumor,-0.245807005226617,-0.245807005226617
HCC5_COL3_ROW21,7.2910518459417,-6.91754178467088,4,Immune cells,CD8T,CD8T,Patient 5,Patient 5,Tumor,-0.211170918168344,-0.211170918168344
HCC5_COL3_ROW22,5.22461174050347,-10.2691748565703,5,Malignant cells,Malignant,Malignant,Patient 5,Patient 5,Tumor,-0.18948435915438,-0.18948435915438
HCC5_COL3_ROW23,7.66437528649346,-11.8558152145415,7,Immune cells,B,B,Patient 5,Patient 5,Tumor,-0.218971838676964,-0.218971838676964
HCC5_COL3_ROW24,7.61551950493829,-7.92940549316698,4,Immune cells,CD8T,CD8T,Patient 5,Patient 5,Tumor,-0.27919494500351,-0.27919494500351
HCC5_COL3_ROW25,7.85391614953057,-11.7943032211333,7,Immune cells,B,B,Patient 5,Patient 5,Tumor,-0.222716280521101,-0.222716280521101
HCC5_COL3_ROW26,8.04646108666436,-5.77273492279344,4,Immune cells,CD8T,CD8T,Patient 5,Patient 5,Tumor,-0.234495670489118,-0.234495670489118
HCC5_COL3_ROW27,5.76020334282891,-8.38672761383348,8,Stromal cells,Tprolif,Tprolif,Patient 5,Patient 5,Tumor,-0.261486855448943,-0.261486855448943
HCC5_COL3_ROW29,7.57960031548516,-11.4581702178984,7,Immune cells,B,B,Patient 5,Patient 5,Tumor,-0.210780872142913,-0.210780872142913
HCC5_COL3_ROW3,7.77302549401299,-7.37838105621629,4,Immune cells,CD8T,CD8T,Patient 5,Patient 5,Tumor,-0.212731102270068,-0.212731102270068
HCC5_COL3_ROW30,7.74619291344659,-6.02176169815355,4,Immune cells,CD8T,CD8T,Patient 5,Patient 5,Tumor,-0.22357438177705,-0.22357438177705
HCC5_COL3_ROW32,8.44459913292901,-11.5165188735991,7,Immune cells,B,B,Patient 5,Patient 5,Tumor,-0.24182853576722,-0.24182853576722
HCC5_COL3_ROW33,2.24199626961724,-12.2035048431426,11,Malignant cells,Malignant,Malignant,Patient 5,Patient 5,Tumor,-0.314455105702473,-0.314455105702473
HCC5_COL3_ROW34,8.2093229107,-11.8011315292388,7,Immune cells,B,B,Patient 5,Patient 5,Tumor,-0.250721585147047,-0.250721585147047
HCC5_COL3_ROW35,4.70829246560113,-11.7820761627226,5,Malignant cells,Malignant,Malignant,Patient 5,Patient 5,Tumor,-0.197675325688431,-0.197675325688431
HCC5_COL3_ROW36,5.29315279046075,-7.34549359741502,8,Stromal cells,Tprolif,Tprolif,Patient 5,Patient 5,Tumor,-0.314767142522818,-0.314767142522818
HCC5_COL3_ROW37,2.33564327279107,-12.3938038772612,11,Malignant cells,Malignant,Malignant,Patient 5,Patient 5,Tumor,-0.381074966846088,-0.381074966846088
HCC5_COL3_ROW38,5.26708076516168,-11.1786225265532,5,Malignant cells,Malignant,Malignant,Patient 5,Patient 5,Tumor,-0.204930181761448,-0.204930181761448
HCC5_COL3_ROW39,7.31026647606866,-7.00858239593797,4,Immune cells,CD8T,CD8T,Patient 5,Patient 5,Tumor,-0.227630860441532,-0.227630860441532
HCC5_COL3_ROW4,3.24879262963311,-3.26645545425707,6,Immune cells,Mono/Macro,Mono/Macro,Patient 5,Patient 5,Tumor,-0.233949606053514,-0.233949606053514
HCC5_COL3_ROW40,3.61037967721002,-11.2621472305327,5,Malignant cells,Malignant,Malignant,Patient 5,Patient 5,Tumor,-0.189172322334035,-0.189172322334035
HCC5_COL3_ROW5,3.53880928078668,-3.83211306991869,8,Stromal cells,Tprolif,Tprolif,Patient 5,Patient 5,Tumor,-0.332553241282471,-0.332553241282471
HCC5_COL3_ROW6,7.21739576378838,-6.62094048919969,4,Immune cells,CD8T,CD8T,Patient 5,Patient 5,Tumor,-0.258210468835323,-0.258210468835323
HCC5_COL3_ROW7,4.4388756565191,-11.2436373657256,5,Malignant cells,Malignant,Malignant,Patient 5,Patient 5,Tumor,-0.187768156642484,-0.187768156642484
HCC5_COL3_ROW8,5.08519504586236,-11.6196082061797,5,Malignant cells,Malignant,Malignant,Patient 5,Patient 5,Tumor,-0.205242218581793,-0.205242218581793
HCC5_COL4_ROW1,6.88245485344903,-5.67834071579271,4,Immune cells,CD8T,CD8T,Patient 5,Patient 5,Tumor,-0.223418363366877,-0.223418363366877
HCC5_COL4_ROW10,7.74003503838555,-12.0266354507475,7,Immune cells,B,B,Patient 5,Patient 5,Tumor,-0.210312816912396,-0.210312816912396
HCC5_COL4_ROW11,8.35127828637139,-11.6269400543242,7,Immune cells,B,B,Patient 5,Patient 5,Tumor,-0.243934784304548,-0.243934784304548
HCC5_COL4_ROW12,6.32996414223687,-7.02450494232469,4,Immune cells,CD8T,CD8T,Patient 5,Patient 5,Tumor,-0.24799126296903,-0.24799126296903
HCC5_COL4_ROW13,8.08741090813653,-12.071998876956,7,Immune cells,B,B,Patient 5,Patient 5,Tumor,-0.22068804118886,-0.22068804118886
HCC5_COL4_ROW14,7.85317037621514,-7.46977834167772,4,Immune cells,CD8T,CD8T,Patient 5,Patient 5,Tumor,-0.231531320695842,-0.231531320695842
HCC5_COL4_ROW15,6.610840778742,-10.7968409484892,5,Malignant cells,Malignant,Malignant,Patient 5,Patient 5,Tumor,-0.181761447850846,-0.181761447850846
HCC5_COL4_ROW16,8.01036165276543,-7.52477483215624,4,Immune cells,CD8T,CD8T,Patient 5,Patient 5,Tumor,-0.216241516498947,-0.216241516498947
HCC5_COL4_ROW17,7.01267812767999,-11.0559370941191,7,Immune cells,B,B,Patient 5,Patient 5,Tumor,-0.25867852406584,-0.25867852406584
HCC5_COL4_ROW18,7.99147317925469,-7.45260171356493,4,Immune cells,CD8T,CD8T,Patient 5,Patient 5,Tumor,-0.214135267961619,-0.214135267961619
HCC5_COL4_ROW19,7.25592039147393,-11.7567332214385,7,Immune cells,B,B,Patient 5,Patient 5,Tumor,-0.232623449567049,-0.232623449567049
HCC5_COL4_ROW2,7.99299333611504,-7.13186768951708,4,Immune cells,CD8T,CD8T,Patient 5,Patient 5,Tumor,-0.252359778453857,-0.252359778453857
HCC5_COL4_ROW21,2.25165913620965,-12.0998213714629,5,Malignant cells,Malignant,Malignant,Patient 5,Patient 5,Tumor,-0.243388719868945,-0.243388719868945
HCC5_COL4_ROW22,7.75988958397881,-8.08548860016161,4,Immune cells,CD8T,CD8T,Patient 5,Patient 5,Tumor,-0.262500975115064,-0.262500975115064
HCC5_COL4_ROW23,5.49815557518975,-7.32249478760057,8,Stromal cells,Tprolif,Tprolif,Patient 5,Patient 5,Tumor,-0.241282471331617,-0.241282471331617
HCC5_COL4_ROW24,2.21586654702203,-11.8982747024565,5,Malignant cells,Malignant,Malignant,Patient 5,Patient 5,Tumor,-0.231609329900928,-0.231609329900928
HCC5_COL4_ROW25,8.39001653710381,-6.96627549591356,4,Immune cells,CD8T,CD8T,Patient 5,Patient 5,Tumor,-0.215227396832826,-0.215227396832826
HCC5_COL4_ROW26,7.33400056878106,-11.7454579299956,7,Immune cells,B,B,Patient 5,Patient 5,Tumor,-0.223730400187222,-0.223730400187222
HCC5_COL4_ROW27,5.13388202706353,-11.1163676208525,5,Malignant cells,Malignant,Malignant,Patient 5,Patient 5,Tumor,-0.188704267103518,-0.188704267103518
HCC5_COL4_ROW28,3.22083995858209,-2.83778886261278,6,Immune cells,Mono/Macro,Mono/Macro,Patient 5,Patient 5,Tumor,-0.317575473905921,-0.317575473905921
HCC5_COL4_ROW29,8.52801702538506,-11.9167912429839,7,Immune cells,B,B,Patient 5,Patient 5,Tumor,-0.249239410250409,-0.249239410250409
HCC5_COL4_ROW3,4.27219865838067,-11.1830637878447,5,Malignant cells,Malignant,Malignant,Patient 5,Patient 5,Tumor,-0.185271862079725,-0.185271862079725
HCC5_COL4_ROW30,4.49726388970391,-11.7277558273345,5,Malignant cells,Malignant,Malignant,Patient 5,Patient 5,Tumor,-0.202199859583431,-0.202199859583431
HCC5_COL4_ROW31,3.20399425545709,-2.9988792366057,6,Immune cells,Mono/Macro,Mono/Macro,Patient 5,Patient 5,Tumor,-0.268273656291442,-0.268273656291442
HCC5_COL4_ROW32,2.54189632454888,-11.4798443740874,11,Malignant cells,Malignant,Malignant,Patient 5,Patient 5,Tumor,0.428582572743584,0.428582572743584
HCC5_COL4_ROW33,7.7352247051336,-6.70182303848558,4,Immune cells,CD8T,CD8T,Patient 5,Patient 5,Tumor,-0.224666510648256,-0.224666510648256
HCC5_COL4_ROW34,9.79711912194268,-9.83656815948778,13,Immune cells,B,B,Patient 5,Patient 5,Tumor,-0.217567672985412,-0.217567672985412
HCC5_COL4_ROW35,4.19396637002007,-11.7233670181304,5,Malignant cells,Malignant,Malignant,Patient 5,Patient 5,Tumor,-0.19564708635619,-0.19564708635619
HCC5_COL4_ROW36,7.81213281670586,-7.04455022278124,4,Immune cells,CD8T,CD8T,Patient 5,Patient 5,Tumor,-0.255324128247133,-0.255324128247133
HCC5_COL4_ROW37,5.01720855752007,-10.7353489822417,5,Malignant cells,Malignant,Malignant,Patient 5,Patient 5,Tumor,-0.201107730712224,-0.201107730712224
HCC5_COL4_ROW38,4.59876010933892,-11.6959364837676,5,Malignant cells,Malignant,Malignant,Patient 5,Patient 5,Tumor,-0.190888524845932,-0.190888524845932
HCC5_COL4_ROW39,4.60723588982598,-10.9490683502226,5,Malignant cells,Malignant,Malignant,Patient 5,Patient 5,Tumor,-0.194632966690069,-0.194632966690069
HCC5_COL4_ROW4,7.63165281334893,-9.34366921844774,12,Immune cells,B,B,Patient 5,Patient 5,Tumor,-0.244948903970669,-0.244948903970669
HCC5_COL4_ROW40,8.23361871758477,-11.732344908145,7,Immune cells,B,B,Patient 5,Patient 5,Tumor,-0.228722989312739,-0.228722989312739
HCC5_COL4_ROW5,3.23918769875543,-3.60287312927538,6,Immune cells,Mono/Macro,Mono/Macro,Patient 5,Patient 5,Tumor,-0.249395428660582,-0.249395428660582
HCC5_COL4_ROW6,8.38498971978204,-11.5014851516753,7,Immune cells,B,B,Patient 5,Patient 5,Tumor,-0.247757235353772,-0.247757235353772
HCC5_COL4_ROW7,4.59569404641168,-11.4738305038481,5,Malignant cells,Malignant,Malignant,Patient 5,Patient 5,Tumor,-0.192838754973087,-0.192838754973087
HCC5_COL4_ROW8,7.94752023736016,-11.5490048355132,7,Immune cells,B,B,Patient 5,Patient 5,Tumor,-0.224120446212653,-0.224120446212653
HCC5_COL4_ROW9,4.83776901284234,-11.5956309265166,5,Malignant cells,Malignant,Malignant,Patient 5,Patient 5,Tumor,-0.192292690537483,-0.192292690537483
HCC5_COL5_ROW1,8.2004174999334,-6.27315120163255,4,Immune cells,CD8T,CD8T,Patient 5,Patient 5,Tumor,-0.18456977923395,-0.18456977923395
HCC5_COL5_ROW13,5.82210205117242,-8.68132047119432,8,Stromal cells,Tprolif,Tprolif,Patient 5,Patient 5,Tumor,-0.231843357516187,-0.231843357516187
HCC5_COL5_ROW16,7.4934501461126,-6.92301968994432,4,Immune cells,CD8T,CD8T,Patient 5,Patient 5,Tumor,-0.193618847023949,-0.193618847023949
HCC5_COL5_ROW17,2.36414502182977,-11.7220957702666,11,Malignant cells,Malignant,Malignant,Patient 5,Patient 5,Tumor,-0.193852874639207,-0.193852874639207
HCC5_COL5_ROW18,7.98860834160821,-6.93402509155565,4,Immune cells,CD8T,CD8T,Patient 5,Patient 5,Tumor,-0.199157500585069,-0.199157500585069
HCC5_COL5_ROW19,8.08864973107354,-10.7611515945464,12,Immune cells,B,B,Patient 5,Patient 5,Tumor,-0.198533426944379,-0.198533426944379
HCC5_COL5_ROW2,8.21734140435235,-11.6834938949614,7,Immune cells,B,B,Patient 5,Patient 5,Tumor,-0.192448708947656,-0.192448708947656
HCC5_COL5_ROW21,8.37753770867364,-7.45470647278124,4,Immune cells,CD8T,CD8T,Patient 5,Patient 5,Tumor,-0.180903346594898,-0.180903346594898
HCC5_COL5_ROW22,8.21975420037286,-7.63761453094774,4,Immune cells,CD8T,CD8T,Patient 5,Patient 5,Tumor,-0.191824635306966,-0.191824635306966
HCC5_COL5_ROW28,7.82242105523126,-11.5248845047026,7,Immune cells,B,B,Patient 5,Patient 5,Tumor,-0.191590607691708,-0.191590607691708
HCC5_COL5_ROW3,3.12391183892266,-3.97248200836473,11,Malignant cells,Malignant,Malignant,Patient 5,Patient 5,Tumor,-0.274514392698338,-0.274514392698338
HCC5_COL5_ROW30,7.82544801751153,-11.9438546127348,7,Immune cells,B,B,Patient 5,Patient 5,Tumor,-0.189094313128949,-0.189094313128949
HCC5_COL5_ROW31,9.65205667534844,-9.73743752899462,13,Immune cells,B,B,Patient 5,Patient 5,Tumor,-0.211794991809033,-0.211794991809033
HCC5_COL5_ROW32,3.88376329461114,-3.23888902130418,8,Stromal cells,Tprolif,Tprolif,Patient 5,Patient 5,Tumor,-0.193774865434121,-0.193774865434121
HCC5_COL5_ROW33,5.32691906014459,-7.40353135528856,8,Stromal cells,Tprolif,Tprolif,Patient 5,Patient 5,Tumor,-0.206256338247913,-0.206256338247913
HCC5_COL5_ROW34,8.4959668926336,-11.3072398132353,7,Immune cells,B,B,Patient 5,Patient 5,Tumor,-0.203369997659724,-0.203369997659724
HCC5_COL5_ROW35,8.19018266716973,-7.61175851288133,4,Immune cells,CD8T,CD8T,Patient 5,Patient 5,Tumor,-0.188158202667915,-0.188158202667915
HCC5_COL5_ROW36,7.67753980675713,-9.7948039001494,12,Immune cells,B,B,Patient 5,Patient 5,Tumor,-0.203760043685155,-0.203760043685155
HCC5_COL5_ROW38,7.76284025231377,-10.1970303482085,12,Immune cells,B,B,Patient 5,Patient 5,Tumor,-0.210234807707309,-0.210234807707309
HCC5_COL5_ROW4,5.54242942849175,-7.26348905029588,8,Stromal cells,Tprolif,Tprolif,Patient 5,Patient 5,Tumor,-0.227318823621187,-0.227318823621187
HCC5_COL5_ROW40,7.60619543114678,-10.2016518539458,12,Immune cells,B,B,Patient 5,Patient 5,Tumor,-0.200405647866448,-0.200405647866448
HCC5_COL5_ROW5,7.77814291039483,-11.7453396743804,7,Immune cells,B,B,Patient 5,Patient 5,Tumor,-0.190498478820501,-0.190498478820501
HCC5_COL5_ROW7,8.32734678307549,-6.92975930633836,4,Immune cells,CD8T,CD8T,Patient 5,Patient 5,Tumor,-0.186910055386536,-0.186910055386536
HCC5_COL5_ROW8,5.710450153742,-7.45312718811327,8,Stromal cells,Tprolif,Tprolif,Patient 5,Patient 5,Tumor,-0.195257040330759,-0.195257040330759
HCC5_COL5_ROW9,8.23067091027276,-11.2610638565093,7,Immune cells,B,B,Patient 5,Patient 5,Tumor,-0.209844761681878,-0.209844761681878
HCC5_COL6_ROW1,7.75492380181329,-11.9509852355986,7,Immune cells,B,B,Patient 5,Patient 5,Tumor,-0.226538731570325,-0.226538731570325
HCC5_COL6_ROW10,7.37770746270196,-6.90280370178514,4,Immune cells,CD8T,CD8T,Patient 5,Patient 5,Tumor,-0.230205164209377,-0.230205164209377
HCC5_COL6_ROW11,4.72669361153619,-11.0302975601225,5,Malignant cells,Malignant,Malignant,Patient 5,Patient 5,Tumor,-0.190810515640846,-0.190810515640846
HCC5_COL6_ROW12,8.20827959099786,-5.76354960861498,4,Immune cells,CD8T,CD8T,Patient 5,Patient 5,Tumor,-0.229581090568687,-0.229581090568687
HCC5_COL6_ROW13,2.24751828232781,-11.7550147003203,11,Malignant cells,Malignant,Malignant,Patient 5,Patient 5,Tumor,-0.249863483891099,-0.249863483891099
HCC5_COL6_ROW14,7.88943479577081,-7.59582261505418,4,Immune cells,CD8T,CD8T,Patient 5,Patient 5,Tumor,-0.290506279741009,-0.290506279741009
HCC5_COL6_ROW15,9.68545721093194,-9.74297551574999,13,Immune cells,B,B,Patient 5,Patient 5,Tumor,-0.209142678836103,-0.209142678836103
HCC5_COL6_ROW16,8.17079256096856,-11.4141219085723,7,Immune cells,B,B,Patient 5,Patient 5,Tumor,-0.236211873001014,-0.236211873001014
HCC5_COL6_ROW17,4.59085081139581,-11.6989834732085,5,Malignant cells,Malignant,Malignant,Patient 5,Patient 5,Tumor,-0.187144083001794,-0.187144083001794
HCC5_COL6_ROW18,2.2676200679876,-11.8163559860259,11,Malignant cells,Malignant,Malignant,Patient 5,Patient 5,Tumor,-0.251579686402995,-0.251579686402995
HCC5_COL6_ROW19,8.07404230156915,-11.4114621109038,7,Immune cells,B,B,Patient 5,Patient 5,Tumor,-0.24182853576722,-0.24182853576722
HCC5_COL6_ROW2,7.74505231896417,-6.95186356964403,4,Immune cells,CD8T,CD8T,Patient 5,Patient 5,Tumor,-0.235587799360324,-0.235587799360324
HCC5_COL6_ROW20,4.40331647912042,-11.7780650085478,5,Malignant cells,Malignant,Malignant,Patient 5,Patient 5,Tumor,-0.199001482174897,-0.199001482174897
HCC5_COL6_ROW21,7.92959974328057,-7.44317845764452,4,Immune cells,CD8T,CD8T,Patient 5,Patient 5,Tumor,-0.218815820266791,-0.218815820266791
HCC5_COL6_ROW22,7.83355901757256,-6.51007251205736,4,Immune cells,CD8T,CD8T,Patient 5,Patient 5,Tumor,-0.258600514860754,-0.258600514860754
HCC5_COL6_ROW23,7.60441873589532,-7.30809907379442,4,Immune cells,CD8T,CD8T,Patient 5,Patient 5,Tumor,-0.223184335751619,-0.223184335751619
HCC5_COL6_ROW24,8.2390785030462,-11.5137312835723,7,Immune cells,B,B,Patient 5,Patient 5,Tumor,-0.236679928231531,-0.236679928231531
HCC5_COL6_ROW25,8.31595037499444,-7.27549104156786,4,Immune cells,CD8T,CD8T,Patient 5,Patient 5,Tumor,-0.244558857945237,-0.244558857945237
HCC5_COL6_ROW26,4.56819627800958,-11.767199797061,5,Malignant cells,Malignant,Malignant,Patient 5,Patient 5,Tumor,-0.202355877993603,-0.202355877993603
HCC5_COL6_ROW27,9.52768323937432,-9.68567971649462,13,Immune cells,B,B,Patient 5,Patient 5,Tumor,-0.256338247913254,-0.256338247913254
HCC5_COL6_ROW28,4.94849393883721,-11.4522211975127,5,Malignant cells,Malignant,Malignant,Patient 5,Patient 5,Tumor,-0.19627115999688,-0.19627115999688
HCC5_COL6_ROW3,4.86242864647881,-11.413138670352,5,Malignant cells,Malignant,Malignant,Patient 5,Patient 5,Tumor,-0.196349169201966,-0.196349169201966
HCC5_COL6_ROW30,4.50401971856133,-11.7824080413848,5,Malignant cells,Malignant,Malignant,Patient 5,Patient 5,Tumor,-0.193696856229035,-0.193696856229035
HCC5_COL6_ROW31,9.53936193505303,-9.61392716827684,13,Immune cells,B,B,Patient 5,Patient 5,Tumor,-0.246743115687651,-0.246743115687651
HCC5_COL6_ROW32,7.54183290520684,-7.30773095550829,4,Immune cells,CD8T,CD8T,Patient 5,Patient 5,Tumor,-0.290116233715578,-0.290116233715578
HCC5_COL6_ROW33,4.07074211159722,-11.6712773269682,5,Malignant cells,Malignant,Malignant,Patient 5,Patient 5,Tumor,-0.209142678836103,-0.209142678836103
HCC5_COL6_ROW34,8.35207841912286,-7.52485684814745,4,Immune cells,CD8T,CD8T,Patient 5,Patient 5,Tumor,-0.221156096419378,-0.221156096419378
HCC5_COL6_ROW35,3.33051918068902,-2.93382958832079,6,Immune cells,Mono/Macro,Mono/Macro,Patient 5,Patient 5,Tumor,-0.1950230127155,-0.1950230127155
HCC5_COL6_ROW36,8.48221300164239,-5.81655482712083,4,Immune cells,CD8T,CD8T,Patient 5,Patient 5,Tumor,-0.251501677197909,-0.251501677197909
HCC5_COL6_ROW37,2.05745337525384,-12.0087359375029,11,Malignant cells,Malignant,Malignant,Patient 5,Patient 5,Tumor,-0.320539823699196,-0.320539823699196
HCC5_COL6_ROW38,7.613038044367,-11.4308836883574,7,Immune cells,B,B,Patient 5,Patient 5,Tumor,-0.226772759185584,-0.226772759185584
HCC5_COL6_ROW39,7.61868665734307,-9.5397875732451,12,Immune cells,B,B,Patient 5,Patient 5,Tumor,-0.274202355877994,-0.274202355877994
HCC5_COL6_ROW4,1.99410245934502,-11.9934304183989,11,Malignant cells,Malignant,Malignant,Patient 5,Patient 5,Tumor,-0.286683828691786,-0.286683828691786
HCC5_COL6_ROW40,8.66502092400567,-11.7881548828154,7,Immune cells,B,B,Patient 5,Patient 5,Tumor,-0.233715578438256,-0.233715578438256
HCC5_COL6_ROW5,2.62525127450005,-11.5133068985015,11,Malignant cells,Malignant,Malignant,Patient 5,Patient 5,Tumor,-0.224120446212653,-0.224120446212653
HCC5_COL6_ROW6,7.9272355846502,-11.5287259048491,7,Immune cells,B,B,Patient 5,Patient 5,Tumor,-0.256026211092909,-0.256026211092909
HCC5_COL6_ROW7,8.34427545586602,-7.01985864105516,5,Malignant cells,Malignant,Malignant,Patient 5,Patient 5,Tumor,-0.188158202667915,-0.188158202667915
HCC5_COL6_ROW8,8.24964139977471,-12.0174782699614,7,Immune cells,B,B,Patient 5,Patient 5,Tumor,-0.23137530228567,-0.23137530228567
HCC5_COL6_ROW9,8.34131334343926,-5.94580058517748,4,Immune cells,CD8T,CD8T,Patient 5,Patient 5,Tumor,-0.255168109836961,-0.255168109836961
HCC5_COL7_ROW1,7.7766065410711,-11.8620999282866,7,Immune cells,B,B,Patient 5,Patient 5,Tumor,-0.213901240346361,-0.213901240346361
HCC5_COL7_ROW10,4.33540151635186,-11.7120716995268,5,Malignant cells,Malignant,Malignant,Patient 5,Patient 5,Tumor,-0.195725095561276,-0.195725095561276
HCC5_COL7_ROW11,4.44662330666558,-11.6550715393096,5,Malignant cells,Malignant,Malignant,Patient 5,Patient 5,Tumor,-0.192916764178173,-0.192916764178173
HCC5_COL7_ROW12,7.66110132256524,-9.91326264801317,12,Immune cells,B,B,Patient 5,Patient 5,Tumor,-0.237928075512911,-0.237928075512911
HCC5_COL7_ROW13,8.39451311150567,-7.44411210480028,4,Immune cells,CD8T,CD8T,Patient 5,Patient 5,Tumor,-0.225680630314377,-0.225680630314377
HCC5_COL7_ROW14,3.15668151894586,-3.04517487945848,6,Immune cells,Mono/Macro,Mono/Macro,Patient 5,Patient 5,Tumor,-0.229347062953428,-0.229347062953428
HCC5_COL7_ROW15,8.34984586754815,-11.8095391220122,7,Immune cells,B,B,Patient 5,Patient 5,Tumor,-0.224120446212653,-0.224120446212653
HCC5_COL7_ROW16,4.94979761162774,-11.6329033798247,5,Malignant cells,Malignant,Malignant,Patient 5,Patient 5,Tumor,-0.199001482174897,-0.199001482174897
HCC5_COL7_ROW17,7.21196935692803,-10.7422116226225,12,Immune cells,B,B,Patient 5,Patient 5,Tumor,-0.264139168421874,-0.264139168421874
HCC5_COL7_ROW18,7.8726062587835,-5.99903802337938,4,Immune cells,CD8T,CD8T,Patient 5,Patient 5,Tumor,-0.219985958343084,-0.219985958343084
HCC5_COL7_ROW19,7.56490037957208,-11.509670538333,7,Immune cells,B,B,Patient 5,Patient 5,Tumor,-0.219751930727826,-0.219751930727826
HCC5_COL7_ROW2,7.45421598473565,-9.80780820312792,12,Immune cells,B,B,Patient 5,Patient 5,Tumor,-0.245260940791013,-0.245260940791013
HCC5_COL7_ROW20,8.08259008446709,-7.11937074127489,4,Immune cells,CD8T,CD8T,Patient 5,Patient 5,Tumor,-0.205866292222482,-0.205866292222482
HCC5_COL7_ROW21,3.7003240398504,-11.2430861419707,5,Malignant cells,Malignant,Malignant,Patient 5,Patient 5,Tumor,-0.190888524845932,-0.190888524845932
HCC5_COL7_ROW22,5.91926572838799,-9.07174901428514,8,Stromal cells,Tprolif,Tprolif,Patient 5,Patient 5,Tumor,-0.310476636243077,-0.310476636243077
HCC5_COL7_ROW23,2.21278474846856,-12.5164339965849,11,Malignant cells,Malignant,Malignant,Patient 5,Patient 5,Tumor,-0.284031515718855,-0.284031515718855
HCC5_COL7_ROW24,4.39766309777276,-11.5171721405058,5,Malignant cells,Malignant,Malignant,Patient 5,Patient 5,Tumor,-0.192760745768001,-0.192760745768001
HCC5_COL7_ROW25,7.68374250451104,-11.9205658859282,7,Immune cells,B,B,Patient 5,Patient 5,Tumor,-0.194945003510414,-0.194945003510414
HCC5_COL7_ROW26,8.51732252160088,-5.75249413910204,4,Immune cells,CD8T,CD8T,Patient 5,Patient 5,Tumor,-0.253529916530151,-0.253529916530151
HCC5_COL7_ROW28,4.34413812676446,-11.3057730621367,5,Malignant cells,Malignant,Malignant,Patient 5,Patient 5,Tumor,-0.192994773383259,-0.192994773383259
HCC5_COL7_ROW29,7.23531244317071,-11.6973669952422,7,Immune cells,B,B,Patient 5,Patient 5,Tumor,-0.238396130743428,-0.238396130743428
HCC5_COL7_ROW3,2.17807291070001,-11.8184969848662,11,Malignant cells,Malignant,Malignant,Patient 5,Patient 5,Tumor,-0.252905842889461,-0.252905842889461
HCC5_COL7_ROW30,7.43283079186456,-9.8227580017119,12,Immune cells,B,B,Patient 5,Patient 5,Tumor,-0.236991965051876,-0.236991965051876
HCC5_COL7_ROW31,8.85830400506036,-5.06510381164842,4,Immune cells,CD8T,CD8T,Patient 5,Patient 5,Tumor,-0.219751930727826,-0.219751930727826
HCC5_COL7_ROW32,7.65136716881768,-8.71252946319872,12,Immune cells,B,B,Patient 5,Patient 5,Tumor,-0.277790779311959,-0.277790779311959
HCC5_COL7_ROW33,2.08513567963616,-12.2751105255156,11,Malignant cells,Malignant,Malignant,Patient 5,Patient 5,Tumor,-0.361884702394883,-0.361884702394883
HCC5_COL7_ROW34,7.37559507409112,-10.2565606063872,12,Immune cells,B,B,Patient 5,Patient 5,Tumor,-0.249395428660582,-0.249395428660582
HCC5_COL7_ROW35,7.69495199242608,-10.0668137496977,12,Immune cells,B,B,Patient 5,Patient 5,Tumor,-0.274826429518683,-0.274826429518683
HCC5_COL7_ROW36,8.31476305047051,-11.8038886016875,7,Immune cells,B,B,Patient 5,Patient 5,Tumor,-0.25087760355722,-0.25087760355722
HCC5_COL7_ROW37,4.53120801964776,-11.0072539276152,5,Malignant cells,Malignant,Malignant,Patient 5,Patient 5,Tumor,-0.183477650362743,-0.183477650362743
HCC5_COL7_ROW38,4.31909130135552,-11.235199255374,5,Malignant cells,Malignant,Malignant,Patient 5,Patient 5,Tumor,-0.195569077151104,-0.195569077151104
HCC5_COL7_ROW39,4.82367227593438,-11.1134446090727,5,Malignant cells,Malignant,Malignant,Patient 5,Patient 5,Tumor,-0.213589203526016,-0.213589203526016
HCC5_COL7_ROW4,6.20008991280572,-9.54955796661669,8,Stromal cells,Tprolif,Tprolif,Patient 5,Patient 5,Tumor,-0.246275060457134,-0.246275060457134
HCC5_COL7_ROW40,4.71936557808892,-11.6723206466704,5,Malignant cells,Malignant,Malignant,Patient 5,Patient 5,Tumor,-0.196973242842655,-0.196973242842655
HCC5_COL7_ROW5,8.75846860924737,-5.41225223007494,4,Immune cells,CD8T,CD8T,Patient 5,Patient 5,Tumor,-0.213043139090413,-0.213043139090413
HCC5_COL7_ROW6,4.36564634362237,-11.8318770355254,5,Malignant cells,Malignant,Malignant,Patient 5,Patient 5,Tumor,-0.216007488883688,-0.216007488883688
HCC5_COL7_ROW7,7.40331647912042,-7.22578076782518,4,Immune cells,CD8T,CD8T,Patient 5,Patient 5,Tumor,-0.246041032841875,-0.246041032841875
HCC5_COL7_ROW8,4.95158288994805,-11.1916134780913,5,Malignant cells,Malignant,Malignant,Patient 5,Patient 5,Tumor,-0.194554957484983,-0.194554957484983
HCC5_COL7_ROW9,8.20308111229913,-11.2842801040679,7,Immune cells,B,B,Patient 5,Patient 5,Tumor,-0.246041032841875,-0.246041032841875
HCC5_COL8_ROW1,5.64372060814874,-7.30214147033983,8,Stromal cells,Tprolif,Tprolif,Patient 5,Patient 5,Tumor,-0.267181527420236,-0.267181527420236
HCC5_COL8_ROW10,7.61595819512383,-7.46120194855028,4,Immune cells,CD8T,CD8T,Patient 5,Patient 5,Tumor,-0.237850066307824,-0.237850066307824
HCC5_COL8_ROW11,3.94129274407403,-11.1228268569975,5,Malignant cells,Malignant,Malignant,Patient 5,Patient 5,Tumor,-0.195569077151104,-0.195569077151104
HCC5_COL8_ROW12,5.29732320824639,-11.1696742004424,5,Malignant cells,Malignant,Malignant,Patient 5,Patient 5,Tumor,-0.196037132381621,-0.196037132381621
HCC5_COL8_ROW13,4.91273782769219,-10.4027216857939,5,Malignant cells,Malignant,Malignant,Patient 5,Patient 5,Tumor,-0.187924175052656,-0.187924175052656
HCC5_COL8_ROW14,9.66145608941094,-9.76528291168504,13,Immune cells,B,B,Patient 5,Patient 5,Tumor,-0.224120446212653,-0.224120446212653
HCC5_COL8_ROW15,7.51323793450372,-9.67002705993944,12,Immune cells,B,B,Patient 5,Patient 5,Tumor,-0.284031515718855,-0.284031515718855
HCC5_COL8_ROW16,6.02572296181695,-7.46908120575243,8,Stromal cells,Tprolif,Tprolif,Patient 5,Patient 5,Tumor,-0.256728293938685,-0.256728293938685
HCC5_COL8_ROW18,9.48205564538018,-9.66181497040087,13,Immune cells,B,B,Patient 5,Patient 5,Tumor,-0.307434277244715,-0.307434277244715
HCC5_COL8_ROW19,7.98038766900079,-5.76975564422899,4,Immune cells,CD8T,CD8T,Patient 5,Patient 5,Tumor,-0.219361884702395,-0.219361884702395
HCC5_COL8_ROW2,7.62086961785333,-7.40631417694383,4,Immune cells,CD8T,CD8T,Patient 5,Patient 5,Tumor,-0.27919494500351,-0.27919494500351
HCC5_COL8_ROW20,4.84303377190606,-11.2184031433135,5,Malignant cells,Malignant,Malignant,Patient 5,Patient 5,Tumor,0.555191512598487,0.555191512598487
HCC5_COL8_ROW21,5.41337869683282,-11.1125853485137,5,Malignant cells,Malignant,Malignant,Patient 5,Patient 5,Tumor,-0.20898666042593,-0.20898666042593
HCC5_COL8_ROW22,8.40066907921807,-11.4678719467192,7,Immune cells,B,B,Patient 5,Patient 5,Tumor,-0.240346360870583,-0.240346360870583
HCC5_COL8_ROW23,8.03136251488702,-11.4903691238432,7,Immune cells,B,B,Patient 5,Patient 5,Tumor,-0.215227396832826,-0.215227396832826
HCC5_COL8_ROW24,6.03494785347955,-9.31973199310594,8,Stromal cells,Tprolif,Tprolif,Patient 5,Patient 5,Tumor,-0.281925267181527,-0.281925267181527
HCC5_COL8_ROW25,7.73974798241631,-7.05210618439012,4,Immune cells,CD8T,CD8T,Patient 5,Patient 5,Tumor,-0.228176924877136,-0.228176924877136
HCC5_COL8_ROW26,2.1730224899389,-11.7777722305327,11,Malignant cells,Malignant,Malignant,Patient 5,Patient 5,Tumor,-0.306732194398939,-0.306732194398939
HCC5_COL8_ROW27,5.20147560158746,-10.7739441818266,5,Malignant cells,Malignant,Malignant,Patient 5,Patient 5,Tumor,-0.199937592635931,-0.199937592635931
HCC5_COL8_ROW28,8.48893735924737,-11.7643492645293,7,Immune cells,B,B,Patient 5,Patient 5,Tumor,-0.260628754192995,-0.260628754192995
HCC5_COL8_ROW29,2.80993698159234,-11.3633931106597,5,Malignant cells,Malignant,Malignant,Patient 5,Patient 5,Tumor,-0.200327638661362,-0.200327638661362
HCC5_COL8_ROW3,4.40034101525323,-10.7166617340117,5,Malignant cells,Malignant,Malignant,Patient 5,Patient 5,Tumor,-0.184257742413605,-0.184257742413605
HCC5_COL8_ROW30,4.80090520897881,-11.8449223464995,5,Malignant cells,Malignant,Malignant,Patient 5,Patient 5,Tumor,-0.212419065449723,-0.212419065449723
HCC5_COL8_ROW31,7.9933223537542,-7.59267644348436,4,Immune cells,CD8T,CD8T,Patient 5,Patient 5,Tumor,-0.226616740775411,-0.226616740775411
HCC5_COL8_ROW32,8.35158155480401,-5.60364942016893,4,Immune cells,CD8T,CD8T,Patient 5,Patient 5,Tumor,-0.23527576253998,-0.23527576253998
HCC5_COL8_ROW33,7.76480577507989,-5.90732984009081,4,Immune cells,CD8T,CD8T,Patient 5,Patient 5,Tumor,-0.221000078009205,-0.221000078009205
HCC5_COL8_ROW34,4.4899968914129,-11.0153420394927,5,Malignant cells,Malignant,Malignant,Patient 5,Patient 5,Tumor,-0.196739215227397,-0.196739215227397
HCC5_COL8_ROW35,3.1108875087835,-11.5413191741973,5,Malignant cells,Malignant,Malignant,Patient 5,Patient 5,Tumor,-0.204228098915672,-0.204228098915672
HCC5_COL8_ROW36,7.74123762169854,-6.60236243667894,4,Immune cells,CD8T,CD8T,Patient 5,Patient 5,Tumor,-0.227942897261877,-0.227942897261877
HCC5_COL8_ROW37,3.98905752221124,-11.2191622680693,5,Malignant cells,Malignant,Malignant,Patient 5,Patient 5,Tumor,-0.202199859583431,-0.202199859583431
HCC5_COL8_ROW38,5.1075014881231,-11.1711647933989,5,Malignant cells,Malignant,Malignant,Patient 5,Patient 5,Tumor,-0.189328340744208,-0.189328340744208
HCC5_COL8_ROW39,5.28663299599664,-11.3048994964629,5,Malignant cells,Malignant,Malignant,Patient 5,Patient 5,Tumor,-0.197363288868086,-0.197363288868086
HCC5_COL8_ROW4,2.88052413979546,-11.3560374206572,11,Malignant cells,Malignant,Malignant,Patient 5,Patient 5,Tumor,-0.195257040330759,-0.195257040330759
HCC5_COL8_ROW40,8.06719587365166,-12.0097611373931,7,Immune cells,B,B,Patient 5,Patient 5,Tumor,-0.202901942429207,-0.202901942429207
HCC5_COL8_ROW5,7.87914274254815,-6.54144839706712,4,Immune cells,CD8T,CD8T,Patient 5,Patient 5,Tumor,-0.251033621967392,-0.251033621967392
HCC5_COL8_ROW6,7.57065008202569,-9.85071114960008,12,Immune cells,B,B,Patient 5,Patient 5,Tumor,-0.258756533270926,-0.258756533270926
HCC5_COL8_ROW7,7.93684003869073,-7.3246939605742,4,Immune cells,CD8T,CD8T,Patient 5,Patient 5,Tumor,-0.206412356658086,-0.206412356658086
HCC5_COL8_ROW8,4.66043184319512,-10.9383528656035,5,Malignant cells,Malignant,Malignant,Patient 5,Patient 5,Tumor,-0.183165613542398,-0.183165613542398
HCC5_COL8_ROW9,5.3281316570379,-7.26024178924852,8,Stromal cells,Tprolif,Tprolif,Patient 5,Patient 5,Tumor,0.387705749278415,0.387705749278415
HCC5_COL9_ROW1,4.646241169367,-10.9287169403105,5,Malignant cells,Malignant,Malignant,Patient 5,Patient 5,Tumor,-0.196973242842655,-0.196973242842655
HCC5_COL9_ROW10,9.67238424340264,-9.72425488891893,13,Immune cells,B,B,Patient 5,Patient 5,Tumor,-0.230673219439894,-0.230673219439894
HCC5_COL9_ROW11,7.82442567864434,-11.882434172061,7,Immune cells,B,B,Patient 5,Patient 5,Tumor,-0.221234105624464,-0.221234105624464
HCC5_COL9_ROW12,8.62639425316827,-11.6793148941069,7,Immune cells,B,B,Patient 5,Patient 5,Tumor,-0.247289180123255,-0.247289180123255
HCC5_COL9_ROW13,4.91434047738091,-10.5628779357939,5,Malignant cells,Malignant,Malignant,Patient 5,Patient 5,Tumor,-0.187144083001794,-0.187144083001794
HCC5_COL9_ROW14,8.26398275414483,-11.3593056625395,7,Immune cells,B,B,Patient 5,Patient 5,Tumor,-0.229425072158515,-0.229425072158515
HCC5_COL9_ROW15,8.17978475609795,-6.83921460571581,4,Immune cells,CD8T,CD8T,Patient 5,Patient 5,Tumor,-0.214837350807395,-0.214837350807395
HCC5_COL9_ROW16,7.49071119347588,-6.10288600387865,4,Immune cells,CD8T,CD8T,Patient 5,Patient 5,Tumor,-0.256572275528512,-0.256572275528512
HCC5_COL9_ROW17,8.55718706170098,-6.58237056198412,4,Immune cells,CD8T,CD8T,Patient 5,Patient 5,Tumor,-0.216475544114205,-0.216475544114205
HCC5_COL9_ROW18,8.15089128533379,-7.36400155487352,4,Immune cells,CD8T,CD8T,Patient 5,Patient 5,Tumor,-0.21577346126843,-0.21577346126843
HCC5_COL9_ROW19,4.07224224129693,-11.0261280960112,5,Malignant cells,Malignant,Malignant,Patient 5,Patient 5,Tumor,-0.196427178407052,-0.196427178407052
HCC5_COL9_ROW2,4.89517734566705,-10.3014996475249,5,Malignant cells,Malignant,Malignant,Patient 5,Patient 5,Tumor,-0.19892347296981,-0.19892347296981
HCC5_COL9_ROW20,7.35057447472588,-11.5580256408721,7,Immune cells,B,B,Patient 5,Patient 5,Tumor,-0.205554255402137,-0.205554255402137
HCC5_COL9_ROW21,8.46822069207207,-11.9013512558013,7,Immune cells,B,B,Patient 5,Patient 5,Tumor,-0.243622747484203,-0.243622747484203
HCC5_COL9_ROW22,2.02897856751458,-12.2188723510771,11,Malignant cells,Malignant,Malignant,Patient 5,Patient 5,Tumor,-0.333723379358764,-0.333723379358764
HCC5_COL9_ROW23,7.17108820000665,-11.7252295440703,7,Immune cells,B,B,Patient 5,Patient 5,Tumor,-0.242140572587565,-0.242140572587565
HCC5_COL9_ROW24,4.37552879372613,-11.4535191482573,5,Malignant cells,Malignant,Malignant,Patient 5,Patient 5,Tumor,-0.195101021920587,-0.195101021920587
HCC5_COL9_ROW25,3.89933345833794,-11.0157235092192,5,Malignant cells,Malignant,Malignant,Patient 5,Patient 5,Tumor,-0.189952414384897,-0.189952414384897
HCC5_COL9_ROW26,9.65845964470879,-9.72650937500292,13,Immune cells,B,B,Patient 5,Patient 5,Tumor,-0.252047741633513,-0.252047741633513
HCC5_COL9_ROW27,2.09476302186028,-12.3479550308257,5,Malignant cells,Malignant,Malignant,Patient 5,Patient 5,Tumor,-0.30322178017006,-0.30322178017006
HCC5_COL9_ROW28,3.30964897194878,-2.69840697708421,5,Malignant cells,Malignant,Malignant,Patient 5,Patient 5,Tumor,-0.231297293080584,-0.231297293080584
HCC5_COL9_ROW29,4.99896190682427,-11.6975930160552,5,Malignant cells,Malignant,Malignant,Patient 5,Patient 5,Tumor,-0.20017162025119,-0.20017162025119
HCC5_COL9_ROW3,8.72761915246026,-11.8760102218657,7,Immune cells,B,B,Patient 5,Patient 5,Tumor,-0.25641625711834,-0.25641625711834
HCC5_COL9_ROW30,7.49141023674981,-9.42639188232713,12,Immune cells,B,B,Patient 5,Patient 5,Tumor,-0.267883610266011,-0.267883610266011
HCC5_COL9_ROW31,8.35861681023614,-7.2630074447661,4,Immune cells,CD8T,CD8T,Patient 5,Patient 5,Tumor,-0.223106326546532,-0.223106326546532
HCC5_COL9_ROW32,8.34355161705987,-5.59353665771776,4,Immune cells,CD8T,CD8T,Patient 5,Patient 5,Tumor,-0.227084796005929,-0.227084796005929
HCC5_COL9_ROW33,8.37282178917901,-7.41554765167528,4,Immune cells,CD8T,CD8T,Patient 5,Patient 5,Tumor,-0.253373898119978,-0.253373898119978
HCC5_COL9_ROW34,5.08919427910821,-11.3512156433135,5,Malignant cells,Malignant,Malignant,Patient 5,Patient 5,Tumor,-0.196427178407052,-0.196427178407052
HCC5_COL9_ROW35,8.44753931084649,-5.97688130798631,4,Immune cells,CD8T,CD8T,Patient 5,Patient 5,Tumor,-0.231219283875497,-0.231219283875497
HCC5_COL9_ROW36,5.81796644249932,-9.601560873416,5,Malignant cells,Malignant,Malignant,Patient 5,Patient 5,Tumor,-0.23753802948748,-0.23753802948748
HCC5_COL9_ROW37,5.39680049935357,-10.7726452774077,5,Malignant cells,Malignant,Malignant,Patient 5,Patient 5,Tumor,-0.185037834464467,-0.185037834464467
HCC5_COL9_ROW38,2.00428889313714,-12.0553076690703,11,Malignant cells,Malignant,Malignant,Patient 5,Patient 5,Tumor,-0.277010687261097,-0.277010687261097
HCC5_COL9_ROW39,4.35652826348321,-11.5704300827056,5,Malignant cells,Malignant,Malignant,Patient 5,Patient 5,Tumor,-0.190810515640846,-0.190810515640846
HCC5_COL9_ROW4,2.34909174958245,-12.325736326602,11,Malignant cells,Malignant,Malignant,Patient 5,Patient 5,Tumor,-0.293860675559716,-0.293860675559716
HCC5_COL9_ROW40,7.47264192620294,-7.27840260925584,4,Immune cells,CD8T,CD8T,Patient 5,Patient 5,Tumor,-0.249785474686013,-0.249785474686013
HCC5_COL9_ROW5,4.11855648079888,-10.6707938140898,5,Malignant cells,Malignant,Malignant,Patient 5,Patient 5,Tumor,-0.187378110617053,-0.187378110617053
HCC5_COL9_ROW6,8.02246664086358,-7.48988751831346,4,Immune cells,CD8T,CD8T,Patient 5,Patient 5,Tumor,-0.233559560028083,-0.233559560028083
HCC5_COL9_ROW7,3.69817779580132,-3.68354396286302,8,Stromal cells,Tprolif,Tprolif,Patient 5,Patient 5,Tumor,-0.270847960059287,-0.270847960059287
HCC5_COL9_ROW8,5.07333992043511,-11.5462267822295,5,Malignant cells,Malignant,Malignant,Patient 5,Patient 5,Tumor,-0.202667914813948,-0.202667914813948
HCC5_COL9_ROW9,4.22601507226006,-11.4942915863066,5,Malignant cells,Malignant,Malignant,Patient 5,Patient 5,Tumor,-0.206880411888603,-0.206880411888603
HCC9_COL1_ROW1,-0.153893847074348,13.7696167999238,3,Malignant cells,Malignant,Malignant,Patient 9,Patient 9,Tumor,-0.189640377564553,-0.189640377564553
HCC9_COL1_ROW10,-2.87342860182746,12.7800833755464,2,Malignant cells,Malignant,Malignant,Patient 9,Patient 9,Tumor,-0.244246821124893,-0.244246821124893
HCC9_COL1_ROW11,0.198583345804375,14.537412362668,3,Malignant cells,Malignant,Malignant,Patient 9,Patient 9,Tumor,-0.180825337389812,-0.180825337389812
HCC9_COL1_ROW12,-1.20919413125141,13.924863534543,3,Malignant cells,Malignant,Malignant,Patient 9,Patient 9,Tumor,-0.195257040330759,-0.195257040330759
HCC9_COL1_ROW13,-1.6878582127951,11.7463833862276,2,Malignant cells,Malignant,Malignant,Patient 9,Patient 9,Tumor,0.4748420313597,0.4748420313597
HCC9_COL1_ROW14,-2.6017087884806,13.6431471878023,2,Malignant cells,Malignant,Malignant,Patient 9,Patient 9,Tumor,0.570091270769951,0.570091270769951
HCC9_COL1_ROW15,-0.232918281164008,12.8627926879854,3,Malignant cells,Malignant,Malignant,Patient 9,Patient 9,Tumor,-0.21062485373274,-0.21062485373274
HCC9_COL1_ROW16,-1.46454605838283,12.418232637021,2,Malignant cells,Malignant,Malignant,Patient 9,Patient 9,Tumor,0.533582962789609,0.533582962789609
HCC9_COL1_ROW17,-2.34640135249122,12.9646842056245,2,Malignant cells,Malignant,Malignant,Patient 9,Patient 9,Tumor,-0.257742413604805,-0.257742413604805
HCC9_COL1_ROW18,0.307872395906609,14.0969607406587,3,Malignant cells,Malignant,Malignant,Patient 9,Patient 9,Tumor,-0.193696856229035,-0.193696856229035
HCC9_COL1_ROW19,-0.0981815048120798,13.9480998092622,3,Malignant cells,Malignant,Malignant,Patient 9,Patient 9,Tumor,-0.195881113971449,-0.195881113971449
HCC9_COL1_ROW2,-0.754238206949073,14.49752398071,3,Malignant cells,Malignant,Malignant,Patient 9,Patient 9,Tumor,-0.186051954130587,-0.186051954130587
HCC9_COL1_ROW20,-2.79646148165687,12.1357094818086,2,Malignant cells,Malignant,Malignant,Patient 9,Patient 9,Tumor,0.368359466417037,0.368359466417037
HCC9_COL1_ROW21,-1.69313298543914,14.2434565597505,3,Malignant cells,Malignant,Malignant,Patient 9,Patient 9,Tumor,0.57133941805133,0.57133941805133
HCC9_COL1_ROW22,-3.55269290884956,10.9239966445894,2,Malignant cells,Malignant,Malignant,Patient 9,Patient 9,Tumor,0.56517669084952,0.56517669084952
HCC9_COL1_ROW23,-1.47425118466838,14.2386576705903,3,Malignant cells,Malignant,Malignant,Patient 9,Patient 9,Tumor,-0.204696154146189,-0.204696154146189
HCC9_COL1_ROW24,-0.0148645826242746,14.2377621704072,3,Malignant cells,Malignant,Malignant,Patient 9,Patient 9,Tumor,0.547546610500039,0.547546610500039
HCC9_COL1_ROW25,-3.44502856215461,12.9591252380342,2,Malignant cells,Malignant,Malignant,Patient 9,Patient 9,Tumor,0.52905842889461,0.52905842889461
HCC9_COL1_ROW26,-1.22325320640578,14.1099249893159,3,Malignant cells,Malignant,Malignant,Patient 9,Patient 9,Tumor,-0.19338481940869,-0.19338481940869
HCC9_COL1_ROW27,-2.32676555594428,11.3401505523652,2,Malignant cells,Malignant,Malignant,Patient 9,Patient 9,Tumor,-0.264061159216788,-0.264061159216788
HCC9_COL1_ROW28,-2.32189180335029,12.2891060882539,2,Malignant cells,Malignant,Malignant,Patient 9,Patient 9,Tumor,0.590139636477104,0.590139636477104
HCC9_COL1_ROW29,-5.81818773230537,-1.27532939377123,10,Malignant cells,Malignant,Malignant,Patient 9,Patient 9,Tumor,0.476168187846166,0.476168187846166
HCC9_COL1_ROW3,-3.86204149207099,12.7489344650239,2,Malignant cells,Malignant,Malignant,Patient 9,Patient 9,Tumor,-0.290350261330837,-0.290350261330837
HCC9_COL1_ROW30,-0.819465924110252,12.6329476409883,3,Malignant cells,Malignant,Malignant,Patient 9,Patient 9,Tumor,-0.207192448708948,-0.207192448708948
HCC9_COL1_ROW31,-2.03049798687919,13.2517163330049,2,Malignant cells,Malignant,Malignant,Patient 9,Patient 9,Tumor,0.576488025587019,0.576488025587019
HCC9_COL1_ROW32,-3.89770128211005,12.1305539184541,2,Malignant cells,Malignant,Malignant,Patient 9,Patient 9,Tumor,0.583196817224432,0.583196817224432
HCC9_COL1_ROW33,-1.17703825986012,13.6134535842866,3,Malignant cells,Malignant,Malignant,Patient 9,Patient 9,Tumor,0.594976207192448,0.594976207192448
HCC9_COL1_ROW34,-1.57902582367881,11.4621169143648,2,Malignant cells,Malignant,Malignant,Patient 9,Patient 9,Tumor,0.493642249785475,0.493642249785475
HCC9_COL1_ROW35,-2.22797824820502,12.8988253646821,2,Malignant cells,Malignant,Malignant,Patient 9,Patient 9,Tumor,0.482720961073407,0.482720961073407
HCC9_COL1_ROW36,-0.214400548543769,14.2643000656099,3,Malignant cells,Malignant,Malignant,Patient 9,Patient 9,Tumor,-0.190420469615415,-0.190420469615415
HCC9_COL1_ROW37,0.202140551004571,13.8629939132661,3,Malignant cells,Malignant,Malignant,Patient 9,Patient 9,Tumor,-0.191512598486621,-0.191512598486621
HCC9_COL1_ROW38,-1.97025593003257,12.0992714935274,2,Malignant cells,Malignant,Malignant,Patient 9,Patient 9,Tumor,0.535377174506592,0.535377174506592
HCC9_COL1_ROW39,0.268950920496148,14.3184086852998,3,Malignant cells,Malignant,Malignant,Patient 9,Patient 9,Tumor,-0.201029721507138,-0.201029721507138
HCC9_COL1_ROW4,-1.61132739862426,9.6628491455049,10,Malignant cells,Malignant,Malignant,Patient 9,Patient 9,Tumor,0.311958811139714,0.311958811139714
HCC9_COL1_ROW40,-1.02109921356662,12.2228743606538,6,Immune cells,Mono/Macro,Mono/Macro,Patient 9,Patient 9,Tumor,-0.204618144941103,-0.204618144941103
HCC9_COL1_ROW5,-1.00144404551013,12.7172677093477,3,Malignant cells,Malignant,Malignant,Patient 9,Patient 9,Tumor,-0.218035728215929,-0.218035728215929
HCC9_COL1_ROW6,-0.0890133567713083,14.4994113021821,3,Malignant cells,Malignant,Malignant,Patient 9,Patient 9,Tumor,-0.184491770028863,-0.184491770028863
HCC9_COL1_ROW7,-1.15832455089315,14.0781142288179,3,Malignant cells,Malignant,Malignant,Patient 9,Patient 9,Tumor,0.591387783758483,0.591387783758483
HCC9_COL1_ROW8,-2.77433862170203,13.56743879852,2,Malignant cells,Malignant,Malignant,Patient 9,Patient 9,Tumor,0.527264217177627,0.527264217177627
HCC9_COL1_ROW9,-3.59609963377936,12.5832688384981,2,Malignant cells,Malignant,Malignant,Patient 9,Patient 9,Tumor,0.452141352679616,0.452141352679616
HCC9_COL10_ROW1,-3.3530070968531,13.7020489746065,2,Malignant cells,Malignant,Malignant,Patient 9,Patient 9,Tumor,0.572431546922537,0.572431546922537
HCC9_COL10_ROW10,-0.342932719793159,14.33710260925,3,Malignant cells,Malignant,Malignant,Patient 9,Patient 9,Tumor,-0.191278570871363,-0.191278570871363
HCC9_COL10_ROW11,-3.44644691428168,12.6229636245698,2,Malignant cells,Malignant,Malignant,Patient 9,Patient 9,Tumor,-0.232545440361963,-0.232545440361963
HCC9_COL10_ROW12,-1.60611389955505,14.4799887710542,3,Malignant cells,Malignant,Malignant,Patient 9,Patient 9,Tumor,-0.203526016069896,-0.203526016069896
HCC9_COL10_ROW13,-1.52405189355834,13.3173930221528,3,Malignant cells,Malignant,Malignant,Patient 9,Patient 9,Tumor,0.598096575395897,0.598096575395897
HCC9_COL10_ROW14,-0.64915509900077,14.4811436706514,3,Malignant cells,Malignant,Malignant,Patient 9,Patient 9,Tumor,0.558779936032452,0.558779936032452
HCC9_COL10_ROW15,-1.29283921426161,8.37498350677199,10,Malignant cells,Malignant,Malignant,Patient 9,Patient 9,Tumor,0.338169904048678,0.338169904048678
HCC9_COL10_ROW16,-1.15949350228532,12.2095572524995,3,Malignant cells,Malignant,Malignant,Patient 9,Patient 9,Tumor,0.58202667914814,0.58202667914814
HCC9_COL10_ROW17,-2.52477659663184,11.8133246475191,2,Malignant cells,Malignant,Malignant,Patient 9,Patient 9,Tumor,0.598486621421328,0.598486621421328
HCC9_COL10_ROW18,-2.90917529543861,11.8707348876924,2,Malignant cells,Malignant,Malignant,Patient 9,Patient 9,Tumor,0.489117715890475,0.489117715890475
HCC9_COL10_ROW19,-1.18792910134419,12.9652783447236,3,Malignant cells,Malignant,Malignant,Patient 9,Patient 9,Tumor,-0.235743817770497,-0.235743817770497
HCC9_COL10_ROW2,0.60737965622918,14.3597046905488,3,Malignant cells,Malignant,Malignant,Patient 9,Patient 9,Tumor,0.562056322646072,0.562056322646072
HCC9_COL10_ROW20,-2.26752855261787,12.9687230163545,2,Malignant cells,Malignant,Malignant,Patient 9,Patient 9,Tumor,0.588657461580467,0.588657461580467
HCC9_COL10_ROW21,-1.58545802911742,9.66120024261183,10,Malignant cells,Malignant,Malignant,Patient 9,Patient 9,Tumor,-0.262422965909977,-0.262422965909977
HCC9_COL10_ROW22,-1.18635219713672,8.13482351836867,10,Malignant cells,Malignant,Malignant,Patient 9,Patient 9,Tumor,0.567985022232623,0.567985022232623
HCC9_COL10_ROW23,-0.262062091436225,14.5248477035493,3,Malignant cells,Malignant,Malignant,Patient 9,Patient 9,Tumor,0.544582260706763,0.544582260706763
HCC9_COL10_ROW24,-1.3333243616484,13.9454905563325,2,Malignant cells,Malignant,Malignant,Patient 9,Patient 9,Tumor,0.574927841485295,0.574927841485295
HCC9_COL10_ROW25,-1.77615113934501,12.310662942502,2,Malignant cells,Malignant,Malignant,Patient 9,Patient 9,Tumor,0.594196115141587,0.594196115141587
HCC9_COL10_ROW26,-2.22132183989509,13.0053374343843,2,Malignant cells,Malignant,Malignant,Patient 9,Patient 9,Tumor,-0.262969030345581,-0.262969030345581
HCC9_COL10_ROW27,6.73005245247857,-5.3534615463286,4,Immune cells,CD8T,CD8T,Patient 9,Patient 9,Tumor,-0.21967392152274,-0.21967392152274
HCC9_COL10_ROW28,2.83467386284844,-1.51003150406175,6,Immune cells,Mono/Macro,Mono/Macro,Patient 9,Patient 9,Tumor,-0.19237069974257,-0.19237069974257
HCC9_COL10_ROW29,-1.55555864056571,10.1134259277315,10,Malignant cells,Malignant,Malignant,Patient 9,Patient 9,Tumor,0.413448786956861,0.413448786956861
HCC9_COL10_ROW3,-2.73536791285499,12.6557442718477,2,Malignant cells,Malignant,Malignant,Patient 9,Patient 9,Tumor,-0.210234807707309,-0.210234807707309
HCC9_COL10_ROW30,-2.86073126276954,12.6335608535737,2,Malignant cells,Malignant,Malignant,Patient 9,Patient 9,Tumor,-0.2362898822061,-0.2362898822061
HCC9_COL10_ROW31,3.22053812066094,-1.01121620598131,6,Immune cells,Mono/Macro,Mono/Macro,Patient 9,Patient 9,Tumor,-0.211951010219206,-0.211951010219206
HCC9_COL10_ROW32,-3.22835649928077,10.8456408554048,2,Malignant cells,Malignant,Malignant,Patient 9,Patient 9,Tumor,0.427958499102894,0.427958499102894
HCC9_COL10_ROW33,-3.00546576460822,11.6122834259004,2,Malignant cells,Malignant,Malignant,Patient 9,Patient 9,Tumor,0.55636165067478,0.55636165067478
HCC9_COL10_ROW34,-2.81357171019538,12.7650687271089,2,Malignant cells,Malignant,Malignant,Patient 9,Patient 9,Tumor,0.486777439737889,0.486777439737889
HCC9_COL10_ROW35,-2.55433430155738,10.9102322631807,2,Malignant cells,Malignant,Malignant,Patient 9,Patient 9,Tumor,-0.299867384351353,-0.299867384351353
HCC9_COL10_ROW36,-1.36348431190475,13.795900064084,3,Malignant cells,Malignant,Malignant,Patient 9,Patient 9,Tumor,-0.199703565020672,-0.199703565020672
HCC9_COL10_ROW37,-1.29111009096726,13.9772688919038,3,Malignant cells,Malignant,Malignant,Patient 9,Patient 9,Tumor,-0.231765348311101,-0.231765348311101
HCC9_COL10_ROW38,-3.35805084189399,12.6789881759614,2,Malignant cells,Malignant,Malignant,Patient 9,Patient 9,Tumor,0.313987050471956,0.313987050471956
HCC9_COL10_ROW39,-2.1319930144213,11.5835606628389,2,Malignant cells,Malignant,Malignant,Patient 9,Patient 9,Tumor,0.403073562680396,0.403073562680396
HCC9_COL10_ROW4,-0.502997357454139,13.6709334426851,3,Malignant cells,Malignant,Malignant,Patient 9,Patient 9,Tumor,-0.201653795147827,-0.201653795147827
HCC9_COL10_ROW40,-3.0247805305384,11.6383435302705,2,Malignant cells,Malignant,Malignant,Patient 9,Patient 9,Tumor,0.591309774553397,0.591309774553397
HCC9_COL10_ROW5,-2.72907044371589,13.0213725143403,2,Malignant cells,Malignant,Malignant,Patient 9,Patient 9,Tumor,-0.209220688041189,-0.209220688041189
HCC9_COL10_ROW6,-0.48030801495536,12.9088532501192,3,Malignant cells,Malignant,Malignant,Patient 9,Patient 9,Tumor,-0.229191044543256,-0.229191044543256
HCC9_COL10_ROW7,-0.390705186929542,13.0663420730562,3,Malignant cells,Malignant,Malignant,Patient 9,Patient 9,Tumor,-0.206880411888603,-0.206880411888603
HCC9_COL10_ROW8,-1.56064229091628,11.906402307126,3,Malignant cells,Malignant,Malignant,Patient 9,Patient 9,Tumor,0.530618612996333,0.530618612996333
HCC9_COL10_ROW9,-1.51929940661414,9.40451880035109,10,Malignant cells,Malignant,Malignant,Patient 9,Patient 9,Tumor,-0.242764646228255,-0.242764646228255
HCC9_COL11_ROW1,0.0161800197698294,13.8185736709566,3,Malignant cells,Malignant,Malignant,Patient 9,Patient 9,Tumor,0.583430844839691,0.583430844839691
HCC9_COL11_ROW10,-3.32087590178474,11.4340827041597,2,Malignant cells,Malignant,Malignant,Patient 9,Patient 9,Tumor,0.55799984398159,0.55799984398159
HCC9_COL11_ROW11,-2.55015363177283,13.4955908828706,2,Malignant cells,Malignant,Malignant,Patient 9,Patient 9,Tumor,-0.235587799360324,-0.235587799360324
HCC9_COL11_ROW12,-0.583361882772285,14.1865193420381,3,Malignant cells,Malignant,Malignant,Patient 9,Patient 9,Tumor,-0.196349169201966,-0.196349169201966
HCC9_COL11_ROW13,-2.50790335616096,11.0239531570405,2,Malignant cells,Malignant,Malignant,Patient 9,Patient 9,Tumor,0.567282939386847,0.567282939386847
HCC9_COL11_ROW14,-1.45453817030414,14.096626954648,3,Malignant cells,Malignant,Malignant,Patient 9,Patient 9,Tumor,-0.215461424448085,-0.215461424448085
HCC9_COL11_ROW15,-1.98004605254157,11.3919169479341,2,Malignant cells,Malignant,Malignant,Patient 9,Patient 9,Tumor,-0.26811763788127,-0.26811763788127
HCC9_COL11_ROW16,-2.56871869048102,13.6830212646455,2,Malignant cells,Malignant,Malignant,Patient 9,Patient 9,Tumor,-0.22295030813636,-0.22295030813636
HCC9_COL11_ROW17,-1.76663817843421,14.1856762939424,3,Malignant cells,Malignant,Malignant,Patient 9,Patient 9,Tumor,-0.199235509790155,-0.199235509790155
HCC9_COL11_ROW18,-2.17772783717139,12.5470177703828,2,Malignant cells,Malignant,Malignant,Patient 9,Patient 9,Tumor,0.38123098525626,0.38123098525626
HCC9_COL11_ROW19,-1.25258982187136,13.3887688690156,3,Malignant cells,Malignant,Malignant,Patient 9,Patient 9,Tumor,-0.232233403541618,-0.232233403541618
HCC9_COL11_ROW2,-2.21736385306342,14.0658461624116,2,Malignant cells,Malignant,Malignant,Patient 9,Patient 9,Tumor,-0.194320929869725,-0.194320929869725
HCC9_COL11_ROW20,-2.38199867686256,13.8675429397554,2,Malignant cells,Malignant,Malignant,Patient 9,Patient 9,Tumor,-0.212653093064982,-0.212653093064982
HCC9_COL11_ROW21,-2.25138081988319,10.6181017929048,10,Malignant cells,Malignant,Malignant,Patient 9,Patient 9,Tumor,0.508776035572197,0.508776035572197
HCC9_COL11_ROW22,-0.749166060294944,12.7955548339815,3,Malignant cells,Malignant,Malignant,Patient 9,Patient 9,Tumor,-0.235353771745066,-0.235353771745066
HCC9_COL11_ROW23,-1.45376493414863,13.8243805938692,3,Malignant cells,Malignant,Malignant,Patient 9,Patient 9,Tumor,0.566892893361416,0.566892893361416
HCC9_COL11_ROW24,-3.47494890173896,13.3579766326875,2,Malignant cells,Malignant,Malignant,Patient 9,Patient 9,Tumor,0.542163975349091,0.542163975349091
HCC9_COL11_ROW25,-2.61677600821479,12.2994992309541,2,Malignant cells,Malignant,Malignant,Patient 9,Patient 9,Tumor,0.529838520945472,0.529838520945472
HCC9_COL11_ROW26,-1.85532810172065,9.87631006774611,10,Malignant cells,Malignant,Malignant,Patient 9,Patient 9,Tumor,-0.282471331617131,-0.282471331617131
HCC9_COL11_ROW27,-2.28651489695533,12.5762755447359,2,Malignant cells,Malignant,Malignant,Patient 9,Patient 9,Tumor,-0.238240112333255,-0.238240112333255
HCC9_COL11_ROW28,-0.295882839765388,14.7201296859712,3,Malignant cells,Malignant,Malignant,Patient 9,Patient 9,Tumor,-0.192136672127311,-0.192136672127311
HCC9_COL11_ROW29,-2.94006504496558,12.8391348892183,2,Malignant cells,Malignant,Malignant,Patient 9,Patient 9,Tumor,0.497698728449957,0.497698728449957
HCC9_COL11_ROW3,-1.79301388939841,9.9820572906465,10,Malignant cells,Malignant,Malignant,Patient 9,Patient 9,Tumor,0.517981121772369,0.517981121772369
HCC9_COL11_ROW30,-3.53333761176093,14.0580222183198,2,Malignant cells,Malignant,Malignant,Patient 9,Patient 9,Tumor,0.537093377018488,0.537093377018488
HCC9_COL11_ROW31,-2.93352736910804,11.1004406982393,2,Malignant cells,Malignant,Malignant,Patient 9,Patient 9,Tumor,0.506747796239956,0.506747796239956
HCC9_COL11_ROW32,-3.69206549605353,11.3076846176118,2,Malignant cells,Malignant,Malignant,Patient 9,Patient 9,Tumor,-0.287931975973165,-0.287931975973165
HCC9_COL11_ROW33,0.133447509203118,14.4507519775361,3,Malignant cells,Malignant,Malignant,Patient 9,Patient 9,Tumor,-0.197597316483345,-0.197597316483345
HCC9_COL11_ROW34,-3.0584045835398,11.5036265426607,2,Malignant cells,Malignant,Malignant,Patient 9,Patient 9,Tumor,0.38801778609876,0.38801778609876
HCC9_COL11_ROW35,-1.31075340142472,8.36056871947951,10,Malignant cells,Malignant,Malignant,Patient 9,Patient 9,Tumor,-0.208908651220844,-0.208908651220844
HCC9_COL11_ROW36,-3.81921960791572,11.7687308364839,2,Malignant cells,Malignant,Malignant,Patient 9,Patient 9,Tumor,0.531398705047196,0.531398705047196
HCC9_COL11_ROW37,-2.32876254996284,12.4515282684297,2,Malignant cells,Malignant,Malignant,Patient 9,Patient 9,Tumor,0.562212341056245,0.562212341056245
HCC9_COL11_ROW38,-1.56535216053947,11.9194838577241,2,Malignant cells,Malignant,Malignant,Patient 9,Patient 9,Tumor,-0.253139870504719,-0.253139870504719
HCC9_COL11_ROW39,-2.38757159193977,11.7641942077608,2,Malignant cells,Malignant,Malignant,Patient 9,Patient 9,Tumor,0.589983618066932,0.589983618066932
HCC9_COL11_ROW4,-2.32786561926826,11.9178168350191,2,Malignant cells,Malignant,Malignant,Patient 9,Patient 9,Tumor,0.501521179499181,0.501521179499181
HCC9_COL11_ROW40,-3.2957594581507,11.1874014907808,2,Malignant cells,Malignant,Malignant,Patient 9,Patient 9,Tumor,0.462204540135736,0.462204540135736
HCC9_COL11_ROW5,-1.47747154911979,9.37880392608351,10,Malignant cells,Malignant,Malignant,Patient 9,Patient 9,Tumor,-0.255714174272564,-0.255714174272564
HCC9_COL11_ROW6,0.0900784544088065,14.0800091796846,3,Malignant cells,Malignant,Malignant,Patient 9,Patient 9,Tumor,0.593416023090725,0.593416023090725
HCC9_COL11_ROW7,-2.45516993483527,12.5337578826875,2,Malignant cells,Malignant,Malignant,Patient 9,Patient 9,Tumor,-0.234339652078945,-0.234339652078945
HCC9_COL11_ROW8,-2.65240230044349,11.4099518829317,2,Malignant cells,Malignant,Malignant,Patient 9,Patient 9,Tumor,0.548326702550901,0.548326702550901
HCC9_COL11_ROW9,2.90788171807305,-1.32243875923448,6,Immune cells,Mono/Macro,Mono/Macro,Patient 9,Patient 9,Tumor,0.531554723457368,0.531554723457368
HCC9_COL12_ROW1,-2.21466781577094,11.7724406295747,2,Malignant cells,Malignant,Malignant,Patient 9,Patient 9,Tumor,0.493720258990561,0.493720258990561
HCC9_COL12_ROW10,-0.151973981466133,14.5866562896699,3,Malignant cells,Malignant,Malignant,Patient 9,Patient 9,Tumor,0.56970122474452,0.56970122474452
HCC9_COL12_ROW11,2.66288254776971,-1.0248527950316,6,Immune cells,Mono/Macro,Mono/Macro,Patient 9,Patient 9,Tumor,-0.201653795147827,-0.201653795147827
HCC9_COL12_ROW12,-0.666635233964759,14.3668973022432,3,Malignant cells,Malignant,Malignant,Patient 9,Patient 9,Tumor,0.576097979561588,0.576097979561588
HCC9_COL12_ROW13,-3.68107654532416,11.3015811019868,2,Malignant cells,Malignant,Malignant,Patient 9,Patient 9,Tumor,-0.318043529136438,-0.318043529136438
HCC9_COL12_ROW14,-0.0933541246317209,14.6073395782442,3,Malignant cells,Malignant,Malignant,Patient 9,Patient 9,Tumor,0.595600280833138,0.595600280833138
HCC9_COL12_ROW15,0.36052690068261,14.1966177993745,3,Malignant cells,Malignant,Malignant,Patient 9,Patient 9,Tumor,-0.183789687183088,-0.183789687183088
HCC9_COL12_ROW16,-1.85052140435203,13.2260415130586,3,Malignant cells,Malignant,Malignant,Patient 9,Patient 9,Tumor,-0.216943599344723,-0.216943599344723
HCC9_COL12_ROW17,0.240702610407036,14.3928563171358,3,Malignant cells,Malignant,Malignant,Patient 9,Patient 9,Tumor,-0.182385521491536,-0.182385521491536
HCC9_COL12_ROW18,-1.35818210622295,10.6526591354341,10,Malignant cells,Malignant,Malignant,Patient 9,Patient 9,Tumor,0.507683906700991,0.507683906700991
HCC9_COL12_ROW19,-1.30768414964898,13.434348779294,3,Malignant cells,Malignant,Malignant,Patient 9,Patient 9,Tumor,0.534753100865902,0.534753100865902
HCC9_COL12_ROW2,-2.20619137963279,12.1687466674776,2,Malignant cells,Malignant,Malignant,Patient 9,Patient 9,Tumor,-0.257586395194633,-0.257586395194633
HCC9_COL12_ROW20,-2.10474826773627,13.7148358398408,3,Malignant cells,Malignant,Malignant,Patient 9,Patient 9,Tumor,0.588969498400811,0.588969498400811
HCC9_COL12_ROW22,0.161254029665154,14.0710036331148,3,Malignant cells,Malignant,Malignant,Patient 9,Patient 9,Tumor,-0.185817926515329,-0.185817926515329
HCC9_COL12_ROW23,-1.743775744047,13.1426684432954,3,Malignant cells,Malignant,Malignant,Patient 9,Patient 9,Tumor,0.601216943599345,0.601216943599345
HCC9_COL12_ROW24,-2.84869422396644,13.4457423263521,2,Malignant cells,Malignant,Malignant,Patient 9,Patient 9,Tumor,0.599656759497621,0.599656759497621
HCC9_COL12_ROW25,-1.11856593569739,8.06053467330641,10,Malignant cells,Malignant,Malignant,Patient 9,Patient 9,Tumor,0.4426242296591,0.4426242296591
HCC9_COL12_ROW26,-0.291766960229713,13.0926043563814,3,Malignant cells,Malignant,Malignant,Patient 9,Patient 9,Tumor,-0.183399641157657,-0.183399641157657
HCC9_COL12_ROW27,-1.22746819635852,8.19255800780958,10,Malignant cells,Malignant,Malignant,Patient 9,Patient 9,Tumor,0.366097199469537,0.366097199469537
HCC9_COL12_ROW28,-2.13495715340598,12.2956854873628,2,Malignant cells,Malignant,Malignant,Patient 9,Patient 9,Tumor,-0.236133863795928,-0.236133863795928
HCC9_COL12_ROW29,-2.43888439616187,12.81965704498,2,Malignant cells,Malignant,Malignant,Patient 9,Patient 9,Tumor,-0.230829237850066,-0.230829237850066
HCC9_COL12_ROW3,-1.93795247754081,12.5648057037324,3,Malignant cells,Malignant,Malignant,Patient 9,Patient 9,Tumor,0.599110695062017,0.599110695062017
HCC9_COL12_ROW30,-1.61957757553085,12.5056683593721,3,Malignant cells,Malignant,Malignant,Patient 9,Patient 9,Tumor,-0.262110929089633,-0.262110929089633
HCC9_COL12_ROW31,-3.56926753005012,11.0960166030855,2,Malignant cells,Malignant,Malignant,Patient 9,Patient 9,Tumor,0.476948279897028,0.476948279897028
HCC9_COL12_ROW32,-2.78834762057288,11.2594859176607,2,Malignant cells,Malignant,Malignant,Patient 9,Patient 9,Tumor,-0.254544036196271,-0.254544036196271
HCC9_COL12_ROW33,-1.89687659224494,13.4623190933198,3,Malignant cells,Malignant,Malignant,Patient 9,Patient 9,Tumor,0.589515562836415,0.589515562836415
HCC9_COL12_ROW34,-3.8611469455622,11.086201387021,2,Malignant cells,Malignant,Malignant,Patient 9,Patient 9,Tumor,0.307356268039629,0.307356268039629
HCC9_COL12_ROW35,-2.31033279379829,12.8758761459321,2,Malignant cells,Malignant,Malignant,Patient 9,Patient 9,Tumor,-0.258444496450581,-0.258444496450581
HCC9_COL12_ROW36,3.68303154030816,-2.29411558571153,6,Immune cells,Mono/Macro,Mono/Macro,Patient 9,Patient 9,Tumor,-0.219595912317653,-0.219595912317653
HCC9_COL12_ROW37,-3.32027127226813,10.9139792495698,2,Malignant cells,Malignant,Malignant,Patient 9,Patient 9,Tumor,-0.301193540837819,-0.301193540837819
HCC9_COL12_ROW38,-2.31881966074927,11.3057286315889,2,Malignant cells,Malignant,Malignant,Patient 9,Patient 9,Tumor,0.56970122474452,0.56970122474452
HCC9_COL12_ROW39,-1.46827012678607,9.40549727019972,10,Malignant cells,Malignant,Malignant,Patient 9,Patient 9,Tumor,0.371011779389968,0.371011779389968
HCC9_COL12_ROW4,-1.11276784917339,12.7016818099946,3,Malignant cells,Malignant,Malignant,Patient 9,Patient 9,Tumor,0.56127623059521,0.56127623059521
HCC9_COL12_ROW40,-2.36465646704658,12.9531962448091,2,Malignant cells,Malignant,Malignant,Patient 9,Patient 9,Tumor,-0.231219283875497,-0.231219283875497
HCC9_COL12_ROW5,0.620797377023858,13.8298070007295,3,Malignant cells,Malignant,Malignant,Patient 9,Patient 9,Tumor,0.563772525157969,0.563772525157969
HCC9_COL12_ROW6,0.286147337351006,13.6814133697481,3,Malignant cells,Malignant,Malignant,Patient 9,Patient 9,Tumor,-0.183399641157657,-0.183399641157657
HCC9_COL12_ROW7,3.32870195427911,-1.86441425743395,6,Immune cells,Mono/Macro,Mono/Macro,Patient 9,Patient 9,Tumor,-0.237460020282393,-0.237460020282393
HCC9_COL12_ROW8,0.320358615312737,14.3240468078584,3,Malignant cells,Malignant,Malignant,Patient 9,Patient 9,Tumor,-0.18168343864576,-0.18168343864576
HCC9_COL12_ROW9,0.319148998651665,14.5464283996553,3,Malignant cells,Malignant,Malignant,Patient 9,Patient 9,Tumor,0.604259302597707,0.604259302597707
HCC9_COL13_ROW1,-1.13144747545941,11.687088685605,3,Malignant cells,Malignant,Malignant,Patient 9,Patient 9,Tumor,0.549496840627194,0.549496840627194
HCC9_COL13_ROW10,-1.67995949467643,9.94881411132521,10,Malignant cells,Malignant,Malignant,Patient 9,Patient 9,Tumor,-0.264763242062563,-0.264763242062563
HCC9_COL13_ROW11,-0.0905082412622751,13.9065205627412,3,Malignant cells,Malignant,Malignant,Patient 9,Patient 9,Tumor,-0.184413760823777,-0.184413760823777
HCC9_COL13_ROW12,-2.83353807410224,13.8697402053804,2,Malignant cells,Malignant,Malignant,Patient 9,Patient 9,Tumor,0.597784538575552,0.597784538575552
HCC9_COL13_ROW13,-1.25256588874384,13.5482918792695,3,Malignant cells,Malignant,Malignant,Patient 9,Patient 9,Tumor,-0.194398939074811,-0.194398939074811
HCC9_COL13_ROW14,-0.800557900276023,14.3864419036836,3,Malignant cells,Malignant,Malignant,Patient 9,Patient 9,Tumor,-0.194554957484983,-0.194554957484983
HCC9_COL13_ROW15,-1.66414405783637,11.3024947219819,2,Malignant cells,Malignant,Malignant,Patient 9,Patient 9,Tumor,0.572275528512364,0.572275528512364
HCC9_COL13_ROW16,-0.880944211091834,14.6447827392549,3,Malignant cells,Malignant,Malignant,Patient 9,Patient 9,Tumor,0.589281535221156,0.589281535221156
HCC9_COL13_ROW17,-2.55862225970252,12.1103703552217,2,Malignant cells,Malignant,Malignant,Patient 9,Patient 9,Tumor,-0.232857477182308,-0.232857477182308
HCC9_COL13_ROW18,-2.24466099223121,12.2199494415254,2,Malignant cells,Malignant,Malignant,Patient 9,Patient 9,Tumor,0.518683204618145,0.518683204618145
HCC9_COL13_ROW19,0.163931112680596,13.9089257293672,3,Malignant cells,Malignant,Malignant,Patient 9,Patient 9,Tumor,-0.183555659567829,-0.183555659567829
HCC9_COL13_ROW2,-3.66001083334907,13.978345590207,2,Malignant cells,Malignant,Malignant,Patient 9,Patient 9,Tumor,0.579218347765036,0.579218347765036
HCC9_COL13_ROW20,0.435284953508538,14.2904107147188,3,Malignant cells,Malignant,Malignant,Patient 9,Patient 9,Tumor,-0.191668616896794,-0.191668616896794
HCC9_COL13_ROW21,-3.87398316344245,11.4085385375947,2,Malignant cells,Malignant,Malignant,Patient 9,Patient 9,Tumor,0.293002574303768,0.293002574303768
HCC9_COL13_ROW22,-1.37583516916259,13.6867892318696,3,Malignant cells,Malignant,Malignant,Patient 9,Patient 9,Tumor,-0.193306810203604,-0.193306810203604
HCC9_COL13_ROW23,-1.96392031392081,12.908521371457,3,Malignant cells,Malignant,Malignant,Patient 9,Patient 9,Tumor,0.561432249005383,0.561432249005383
HCC9_COL13_ROW24,-1.36132227262481,12.1335331970186,3,Malignant cells,Malignant,Malignant,Patient 9,Patient 9,Tumor,-0.278570871362821,-0.278570871362821
HCC9_COL13_ROW26,-0.766060341205436,14.222902017209,3,Malignant cells,Malignant,Malignant,Patient 9,Patient 9,Tumor,0.6031671737265,0.6031671737265
HCC9_COL13_ROW27,-2.34258808573707,11.3701932006807,2,Malignant cells,Malignant,Malignant,Patient 9,Patient 9,Tumor,0.585693111787191,0.585693111787191
HCC9_COL13_ROW28,-0.90952183684333,14.1606576019258,3,Malignant cells,Malignant,Malignant,Patient 9,Patient 9,Tumor,-0.18847023948826,-0.18847023948826
HCC9_COL13_ROW29,-0.261015731897193,13.6970555358858,3,Malignant cells,Malignant,Malignant,Patient 9,Patient 9,Tumor,0.569155160308917,0.569155160308917
HCC9_COL13_ROW3,-1.17672918369992,8.05013104018873,10,Malignant cells,Malignant,Malignant,Patient 9,Patient 9,Tumor,0.403229581090569,0.403229581090569
HCC9_COL13_ROW30,-0.203345913495857,13.7191483550996,3,Malignant cells,Malignant,Malignant,Patient 9,Patient 9,Tumor,-0.214447304781964,-0.214447304781964
HCC9_COL13_ROW31,-2.70825554808601,10.879546838376,2,Malignant cells,Malignant,Malignant,Patient 9,Patient 9,Tumor,0.543646150245729,0.543646150245729
HCC9_COL13_ROW32,-1.19838134950026,14.365853982541,3,Malignant cells,Malignant,Malignant,Patient 9,Patient 9,Tumor,0.553241282471332,0.553241282471332
HCC9_COL13_ROW33,-1.7838964053057,12.9154402786226,2,Malignant cells,Malignant,Malignant,Patient 9,Patient 9,Tumor,-0.252281769248771,-0.252281769248771
HCC9_COL13_ROW34,-2.86117126425727,12.0843913131685,2,Malignant cells,Malignant,Malignant,Patient 9,Patient 9,Tumor,0.589047507605897,0.589047507605897
HCC9_COL13_ROW35,2.6867160610296,-1.02486185493761,6,Immune cells,Mono/Macro,Mono/Macro,Patient 9,Patient 9,Tumor,-0.195725095561276,-0.195725095561276
HCC9_COL13_ROW36,2.82017086068169,-0.945534986880356,6,Immune cells,Mono/Macro,Mono/Macro,Patient 9,Patient 9,Tumor,-0.225056556673688,-0.225056556673688
HCC9_COL13_ROW37,-3.02813066920264,11.4422442489595,2,Malignant cells,Malignant,Malignant,Patient 9,Patient 9,Tumor,-0.255168109836961,-0.255168109836961
HCC9_COL13_ROW38,-1.43506925186141,12.9511639648408,3,Malignant cells,Malignant,Malignant,Patient 9,Patient 9,Tumor,0.428972618769015,0.428972618769015
HCC9_COL13_ROW39,-1.65100162109359,9.86675615844435,10,Malignant cells,Malignant,Malignant,Patient 9,Patient 9,Tumor,0.565644746080038,0.565644746080038
HCC9_COL13_ROW4,-1.25289784749969,8.19617529449171,10,Malignant cells,Malignant,Malignant,Patient 9,Patient 9,Tumor,-0.316093299009283,-0.316093299009283
HCC9_COL13_ROW40,-3.02731682738288,12.0059964233369,2,Malignant cells,Malignant,Malignant,Patient 9,Patient 9,Tumor,0.414540915828068,0.414540915828068
HCC9_COL13_ROW5,-1.05529643973334,14.66646929321,3,Malignant cells,Malignant,Malignant,Patient 9,Patient 9,Tumor,-0.197831344098604,-0.197831344098604
HCC9_COL13_ROW6,-3.41379358252509,11.1475703292818,2,Malignant cells,Malignant,Malignant,Patient 9,Patient 9,Tumor,-0.318277556751697,-0.318277556751697
HCC9_COL13_ROW7,-3.59021355589851,14.0102746063203,2,Malignant cells,Malignant,Malignant,Patient 9,Patient 9,Tumor,0.591777829783914,0.591777829783914
HCC9_COL13_ROW8,-3.71039678534492,13.1512734466524,2,Malignant cells,Malignant,Malignant,Patient 9,Patient 9,Tumor,0.5183711677978,0.5183711677978
HCC9_COL13_ROW9,-1.22815776016562,14.4775883727998,3,Malignant cells,Malignant,Malignant,Patient 9,Patient 9,Tumor,0.526016069896248,0.526016069896248
HCC9_COL14_ROW1,-0.0902155824564279,14.4526030593843,3,Malignant cells,Malignant,Malignant,Patient 9,Patient 9,Tumor,0.554801466573056,0.554801466573056
HCC9_COL14_ROW10,-2.10718413075431,12.2958886199922,2,Malignant cells,Malignant,Malignant,Patient 9,Patient 9,Tumor,0.594664170372104,0.594664170372104
HCC9_COL14_ROW11,-2.56414951762183,12.4137246185274,2,Malignant cells,Malignant,Malignant,Patient 9,Patient 9,Tumor,-0.27201809813558,-0.27201809813558
HCC9_COL14_ROW12,-1.18578692158683,13.9657361083955,3,Malignant cells,Malignant,Malignant,Patient 9,Patient 9,Tumor,-0.201575785942741,-0.201575785942741
HCC9_COL14_ROW13,-0.97404261311515,14.0516459518403,3,Malignant cells,Malignant,Malignant,Patient 9,Patient 9,Tumor,0.553241282471332,0.553241282471332
HCC9_COL14_ROW14,-3.18662359198554,13.7418963485689,2,Malignant cells,Malignant,Malignant,Patient 9,Patient 9,Tumor,0.590763710117794,0.590763710117794
HCC9_COL14_ROW15,-2.75316061457618,11.8153407150239,2,Malignant cells,Malignant,Malignant,Patient 9,Patient 9,Tumor,0.557765816366331,0.557765816366331
HCC9_COL14_ROW16,0.206550698671502,14.305478768918,3,Malignant cells,Malignant,Malignant,Patient 9,Patient 9,Tumor,-0.182541539901708,-0.182541539901708
HCC9_COL14_ROW17,-2.12719031056388,11.8187863403291,2,Malignant cells,Malignant,Malignant,Patient 9,Patient 9,Tumor,-0.245650986816444,-0.245650986816444
HCC9_COL14_ROW18,-1.66286068042739,13.830643373105,3,Malignant cells,Malignant,Malignant,Patient 9,Patient 9,Tumor,-0.185895935720415,-0.185895935720415
HCC9_COL14_ROW19,-2.98168160399421,13.7329928451509,2,Malignant cells,Malignant,Malignant,Patient 9,Patient 9,Tumor,0.585849130197363,0.585849130197363
HCC9_COL14_ROW2,-0.0198562332056345,14.1465842300386,3,Malignant cells,Malignant,Malignant,Patient 9,Patient 9,Tumor,-0.183867696388174,-0.183867696388174
HCC9_COL14_ROW20,-1.41516909381374,12.3499419265718,3,Malignant cells,Malignant,Malignant,Patient 9,Patient 9,Tumor,0.59536625321788,0.59536625321788
HCC9_COL14_ROW21,8.40399072686211,-6.38811759414964,4,Immune cells,CD8T,CD8T,Patient 9,Patient 9,Tumor,0.432951088228411,0.432951088228411
HCC9_COL14_ROW22,-1.38234177609904,14.1387259536714,3,Malignant cells,Malignant,Malignant,Patient 9,Patient 9,Tumor,0.449098993681254,0.449098993681254
HCC9_COL14_ROW23,-2.9216356464289,10.6392352157564,2,Malignant cells,Malignant,Malignant,Patient 9,Patient 9,Tumor,0.403151571885482,0.403151571885482
HCC9_COL14_ROW24,-1.37244393309577,8.41861649093336,10,Malignant cells,Malignant,Malignant,Patient 9,Patient 9,Tumor,-0.252125750838599,-0.252125750838599
HCC9_COL14_ROW25,-3.21466209372504,10.8361823135347,2,Malignant cells,Malignant,Malignant,Patient 9,Patient 9,Tumor,0.568219049847882,0.568219049847882
HCC9_COL14_ROW27,-1.35928030690177,11.6084782653779,2,Malignant cells,Malignant,Malignant,Patient 9,Patient 9,Tumor,-0.232779467977221,-0.232779467977221
HCC9_COL14_ROW28,0.155576687250298,14.3939406448335,3,Malignant cells,Malignant,Malignant,Patient 9,Patient 9,Tumor,-0.185115843669553,-0.185115843669553
HCC9_COL14_ROW29,-1.7638369389437,10.2557971054048,2,Malignant cells,Malignant,Malignant,Patient 9,Patient 9,Tumor,-0.247289180123255,-0.247289180123255
HCC9_COL14_ROW30,-2.19163526972755,11.6209952407808,2,Malignant cells,Malignant,Malignant,Patient 9,Patient 9,Tumor,0.513924643107887,0.513924643107887
HCC9_COL14_ROW31,-1.51646282156928,14.0938946777315,3,Malignant cells,Malignant,Malignant,Patient 9,Patient 9,Tumor,-0.211794991809033,-0.211794991809033
HCC9_COL14_ROW32,-1.6817584224604,14.219128327939,3,Malignant cells,Malignant,Malignant,Patient 9,Patient 9,Tumor,-0.211794991809033,-0.211794991809033
HCC9_COL14_ROW33,-1.55530123790725,12.1818539672822,2,Malignant cells,Malignant,Malignant,Patient 9,Patient 9,Tumor,-0.244636867150324,-0.244636867150324
HCC9_COL14_ROW34,-2.83309807261451,12.7569710784883,2,Malignant cells,Malignant,Malignant,Patient 9,Patient 9,Tumor,0.521725563616507,0.521725563616507
HCC9_COL14_ROW35,0.222414474878472,13.8293597274751,3,Malignant cells,Malignant,Malignant,Patient 9,Patient 9,Tumor,-0.216397534909119,-0.216397534909119
HCC9_COL14_ROW36,-1.85911651333793,12.1525628143281,2,Malignant cells,Malignant,Malignant,Patient 9,Patient 9,Tumor,-0.243154692253686,-0.243154692253686
HCC9_COL14_ROW37,-2.80105580767615,10.9664494567842,2,Malignant cells,Malignant,Malignant,Patient 9,Patient 9,Tumor,0.485997347687027,0.485997347687027
HCC9_COL14_ROW38,-3.25939228018745,12.4712426238985,2,Malignant cells,Malignant,Malignant,Patient 9,Patient 9,Tumor,0.576488025587019,0.576488025587019
HCC9_COL14_ROW39,-1.86945130309089,11.1420695358247,2,Malignant cells,Malignant,Malignant,Patient 9,Patient 9,Tumor,0.584132927685467,0.584132927685467
HCC9_COL14_ROW4,-1.49553497513755,9.45503302154249,10,Malignant cells,Malignant,Malignant,Patient 9,Patient 9,Tumor,0.423667992823153,0.423667992823153
HCC9_COL14_ROW40,-3.05139054736121,11.2423684173555,2,Malignant cells,Malignant,Malignant,Patient 9,Patient 9,Tumor,0.545206334347453,0.545206334347453
HCC9_COL14_ROW5,0.639118175897759,14.0378663116426,3,Malignant cells,Malignant,Malignant,Patient 9,Patient 9,Tumor,-0.182619549106795,-0.182619549106795
HCC9_COL14_ROW6,-0.214817900266487,12.8254935317964,3,Malignant cells,Malignant,Malignant,Patient 9,Patient 9,Tumor,0.482252905842889,0.482252905842889
HCC9_COL14_ROW7,3.00927923241631,-1.22048882904344,6,Immune cells,Mono/Macro,Mono/Macro,Patient 9,Patient 9,Tumor,-0.223964427802481,-0.223964427802481
HCC9_COL14_ROW8,-2.49963786086066,11.1984746032686,2,Malignant cells,Malignant,Malignant,Patient 9,Patient 9,Tumor,0.578984320149778,0.578984320149778
HCC9_COL14_ROW9,-1.96675463398917,11.1388470703096,2,Malignant cells,Malignant,Malignant,Patient 9,Patient 9,Tumor,0.50440752008737,0.50440752008737
HCC9_COL15_ROW1,-1.35866415133699,13.8744818740816,3,Malignant cells,Malignant,Malignant,Patient 9,Patient 9,Tumor,-0.185739917310243,-0.185739917310243
HCC9_COL15_ROW10,2.47926734009759,-0.941937727358872,6,Immune cells,Mono/Macro,Mono/Macro,Patient 9,Patient 9,Tumor,0.574459786254778,0.574459786254778
HCC9_COL15_ROW11,-1.12654373427852,12.4729907089204,3,Malignant cells,Malignant,Malignant,Patient 9,Patient 9,Tumor,-0.223340354161791,-0.223340354161791
HCC9_COL15_ROW12,-1.53912683209403,9.67573423919386,10,Malignant cells,Malignant,Malignant,Patient 9,Patient 9,Tumor,-0.24861533660972,-0.24861533660972
HCC9_COL15_ROW13,-1.45067023118957,13.2477738433809,3,Malignant cells,Malignant,Malignant,Patient 9,Patient 9,Tumor,-0.212653093064982,-0.212653093064982
HCC9_COL15_ROW14,-3.66235925635322,13.0821339660615,2,Malignant cells,Malignant,Malignant,Patient 9,Patient 9,Tumor,0.580466495046415,0.580466495046415
HCC9_COL15_ROW15,-0.778208572473365,14.6138789230318,3,Malignant cells,Malignant,Malignant,Patient 9,Patient 9,Tumor,-0.200015601841017,-0.200015601841017
HCC9_COL15_ROW16,-1.21748711919411,14.3797509246797,3,Malignant cells,Malignant,Malignant,Patient 9,Patient 9,Tumor,-0.192916764178173,-0.192916764178173
HCC9_COL15_ROW17,-3.77510430296882,12.6499440246553,2,Malignant cells,Malignant,Malignant,Patient 9,Patient 9,Tumor,-0.260706763398081,-0.260706763398081
HCC9_COL15_ROW18,-0.637732643689948,14.6954800659151,6,Immune cells,Mono/Macro,Mono/Macro,Patient 9,Patient 9,Tumor,-0.19790935330369,-0.19790935330369
HCC9_COL15_ROW19,-1.98842038592322,12.5069644027681,2,Malignant cells,Malignant,Malignant,Patient 9,Patient 9,Tumor,0.586863249863484,0.586863249863484
HCC9_COL15_ROW2,-1.30526427557691,13.8989836746187,3,Malignant cells,Malignant,Malignant,Patient 9,Patient 9,Tumor,-0.189640377564553,-0.189640377564553
HCC9_COL15_ROW20,-1.7862711139582,14.3134800964326,2,Malignant cells,Malignant,Malignant,Patient 9,Patient 9,Tumor,0.567750994617365,0.567750994617365
HCC9_COL15_ROW21,-0.668666321840125,14.2287413650484,3,Malignant cells,Malignant,Malignant,Patient 9,Patient 9,Tumor,-0.185349871284812,-0.185349871284812
HCC9_COL15_ROW22,-1.74569513281806,13.1781460815401,3,Malignant cells,Malignant,Malignant,Patient 9,Patient 9,Tumor,-0.234417661284032,-0.234417661284032
HCC9_COL15_ROW23,2.53816769639031,-0.875377220538193,6,Immune cells,Mono/Macro,Mono/Macro,Patient 9,Patient 9,Tumor,-0.202667914813948,-0.202667914813948
HCC9_COL15_ROW24,-2.6868180223368,12.8829037719697,2,Malignant cells,Malignant,Malignant,Patient 9,Patient 9,Tumor,-0.248537327404634,-0.248537327404634
HCC9_COL15_ROW25,-2.27300860365852,12.9051940017671,2,Malignant cells,Malignant,Malignant,Patient 9,Patient 9,Tumor,0.489117715890475,0.489117715890475
HCC9_COL15_ROW26,-3.62739850958808,11.2862498336763,2,Malignant cells,Malignant,Malignant,Patient 9,Patient 9,Tumor,0.544582260706763,0.544582260706763
HCC9_COL15_ROW27,0.102272134218377,13.7516009384126,3,Malignant cells,Malignant,Malignant,Patient 9,Patient 9,Tumor,-0.197597316483345,-0.197597316483345
HCC9_COL15_ROW28,-3.41546108206733,12.6020857864351,2,Malignant cells,Malignant,Malignant,Patient 9,Patient 9,Tumor,0.456119822139012,0.456119822139012
HCC9_COL15_ROW29,-0.560578543748695,13.8827120834321,3,Malignant cells,Malignant,Malignant,Patient 9,Patient 9,Tumor,-0.181917466261019,-0.181917466261019
HCC9_COL15_ROW3,-0.720072109308082,14.2090746932954,3,Malignant cells,Malignant,Malignant,Patient 9,Patient 9,Tumor,-0.188782276308604,-0.188782276308604
HCC9_COL15_ROW30,-1.86762048682197,14.3000046783418,3,Malignant cells,Malignant,Malignant,Patient 9,Patient 9,Tumor,-0.199625555815586,-0.199625555815586
HCC9_COL15_ROW31,-2.24637546023353,10.289850907895,10,Malignant cells,Malignant,Malignant,Patient 9,Patient 9,Tumor,-0.262891021140495,-0.262891021140495
HCC9_COL15_ROW32,-3.8634777255915,11.9626586013765,2,Malignant cells,Malignant,Malignant,Patient 9,Patient 9,Tumor,-0.307200249629456,-0.307200249629456
HCC9_COL15_ROW33,-2.86833240469916,13.4629933410615,2,Malignant cells,Malignant,Malignant,Patient 9,Patient 9,Tumor,0.588501443170294,0.588501443170294
HCC9_COL15_ROW34,-3.25998618086799,13.8924557739229,2,Malignant cells,Malignant,Malignant,Patient 9,Patient 9,Tumor,0.58920352601607,0.58920352601607
HCC9_COL15_ROW35,-0.67028512438758,14.0000216537446,3,Malignant cells,Malignant,Malignant,Patient 9,Patient 9,Tumor,0.553319291676418,0.553319291676418
HCC9_COL15_ROW36,-1.72407640894874,14.2368161254854,2,Malignant cells,Malignant,Malignant,Patient 9,Patient 9,Tumor,-0.202433887198689,-0.202433887198689
HCC9_COL15_ROW37,-3.42827012022956,13.0675456100435,2,Malignant cells,Malignant,Malignant,Patient 9,Patient 9,Tumor,0.398861065605741,0.398861065605741
HCC9_COL15_ROW38,-3.68669917067512,12.3309571319551,2,Malignant cells,Malignant,Malignant,Patient 9,Patient 9,Tumor,0.0819096653405102,0.0819096653405102
HCC9_COL15_ROW39,-3.38793780287727,11.2943846755952,2,Malignant cells,Malignant,Malignant,Patient 9,Patient 9,Tumor,0.329744909899368,0.329744909899368
HCC9_COL15_ROW4,-3.38996102293952,10.9726149612398,2,Malignant cells,Malignant,Malignant,Patient 9,Patient 9,Tumor,0.50955612762306,0.50955612762306
HCC9_COL15_ROW40,-1.6829887219332,12.32285185394,2,Malignant cells,Malignant,Malignant,Patient 9,Patient 9,Tumor,0.55799984398159,0.55799984398159
HCC9_COL15_ROW5,0.00694511452690949,14.0635678344697,3,Malignant cells,Malignant,Malignant,Patient 9,Patient 9,Tumor,-0.187690147437398,-0.187690147437398
HCC9_COL15_ROW6,-3.32926585158332,13.9812943511934,2,Malignant cells,Malignant,Malignant,Patient 9,Patient 9,Tumor,0.582572743583743,0.582572743583743
HCC9_COL15_ROW7,-1.81923230370505,12.3106123977632,2,Malignant cells,Malignant,Malignant,Patient 9,Patient 9,Tumor,-0.248849364224979,-0.248849364224979
HCC9_COL15_ROW8,-1.02830602606757,14.635255532834,3,Malignant cells,Malignant,Malignant,Patient 9,Patient 9,Tumor,-0.194086902254466,-0.194086902254466
HCC9_COL15_ROW9,-1.4149374850653,13.828199105832,3,Malignant cells,Malignant,Malignant,Patient 9,Patient 9,Tumor,-0.192058662922225,-0.192058662922225
HCC9_COL16_ROW1,-2.90593125304206,11.5614535385103,2,Malignant cells,Malignant,Malignant,Patient 9,Patient 9,Tumor,0.526874171152196,0.526874171152196
HCC9_COL16_ROW10,-2.82350422820075,11.238472657773,2,Malignant cells,Malignant,Malignant,Patient 9,Patient 9,Tumor,0.568219049847882,0.568219049847882
HCC9_COL16_ROW11,-3.90397121390327,12.0919482284517,2,Malignant cells,Malignant,Malignant,Patient 9,Patient 9,Tumor,-0.319057648802559,-0.319057648802559
HCC9_COL16_ROW12,-0.900353301372367,12.7705227905244,3,Malignant cells,Malignant,Malignant,Patient 9,Patient 9,Tumor,0.578906310944691,0.578906310944691
HCC9_COL16_ROW13,-2.47616948565467,11.3915745788545,2,Malignant cells,Malignant,Malignant,Patient 9,Patient 9,Tumor,0.556361650674779,0.556361650674779
HCC9_COL16_ROW14,-0.415467280950385,12.7631814056367,3,Malignant cells,Malignant,Malignant,Patient 9,Patient 9,Tumor,-0.220532022778688,-0.220532022778688
HCC9_COL16_ROW15,-0.433348376359779,13.0135523849458,3,Malignant cells,Malignant,Malignant,Patient 9,Patient 9,Tumor,-0.231531320695842,-0.231531320695842
HCC9_COL16_ROW16,-0.206497330274421,14.3043915801973,3,Malignant cells,Malignant,Malignant,Patient 9,Patient 9,Tumor,-0.18230751228645,-0.18230751228645
HCC9_COL16_ROW17,0.0994739345647513,14.1748253875703,3,Malignant cells,Malignant,Malignant,Patient 9,Patient 9,Tumor,-0.202589905608862,-0.202589905608862
HCC9_COL16_ROW18,-1.49793403228744,11.6117550903291,3,Malignant cells,Malignant,Malignant,Patient 9,Patient 9,Tumor,-0.248849364224979,-0.248849364224979
HCC9_COL16_ROW19,-1.17899700632318,12.6423251205415,3,Malignant cells,Malignant,Malignant,Patient 9,Patient 9,Tumor,-0.201341758327483,-0.201341758327483
HCC9_COL16_ROW2,3.28431222954766,-3.8344014114409,6,Immune cells,Mono/Macro,Mono/Macro,Patient 9,Patient 9,Tumor,0.565956782900382,0.565956782900382
HCC9_COL16_ROW20,-2.4254939742945,11.9049565368623,2,Malignant cells,Malignant,Malignant,Patient 9,Patient 9,Tumor,-0.25025352991653,-0.25025352991653
HCC9_COL16_ROW21,-1.12646651646121,14.6132008605928,3,Malignant cells,Malignant,Malignant,Patient 9,Patient 9,Tumor,-0.190810515640846,-0.190810515640846
HCC9_COL16_ROW22,-1.85025789221748,12.2080561691255,2,Malignant cells,Malignant,Malignant,Patient 9,Patient 9,Tumor,-0.242296590997738,-0.242296590997738
HCC9_COL16_ROW23,2.3127963356115,-0.749377889063889,6,Immune cells,Mono/Macro,Mono/Macro,Patient 9,Patient 9,Tumor,-0.210312816912396,-0.210312816912396
HCC9_COL16_ROW24,-3.03722502669318,12.1842400604219,2,Malignant cells,Malignant,Malignant,Patient 9,Patient 9,Tumor,0.495670489117716,0.495670489117716
HCC9_COL16_ROW25,-0.957665164079505,14.5885369354219,3,Malignant cells,Malignant,Malignant,Patient 9,Patient 9,Tumor,-0.196427178407052,-0.196427178407052
HCC9_COL16_ROW26,-3.43698718031867,13.8223073059053,2,Malignant cells,Malignant,Malignant,Patient 9,Patient 9,Tumor,0.582338715968484,0.582338715968484
HCC9_COL16_ROW27,-2.15577699622138,12.773854928586,2,Malignant cells,Malignant,Malignant,Patient 9,Patient 9,Tumor,-0.217177626959981,-0.217177626959981
HCC9_COL16_ROW28,-1.78658201178535,10.0155856185884,10,Malignant cells,Malignant,Malignant,Patient 9,Patient 9,Tumor,0.593962087526328,0.593962087526328
HCC9_COL16_ROW29,-3.07970907172187,13.7112347656221,2,Malignant cells,Malignant,Malignant,Patient 9,Patient 9,Tumor,0.601684998829862,0.601684998829862
HCC9_COL16_ROW3,0.444968324098748,14.1893012100191,3,Malignant cells,Malignant,Malignant,Patient 9,Patient 9,Tumor,0.580934550276933,0.580934550276933
HCC9_COL16_ROW30,-3.75736953696235,12.7421872192354,2,Malignant cells,Malignant,Malignant,Patient 9,Patient 9,Tumor,0.38801778609876,0.38801778609876
HCC9_COL16_ROW31,-1.43531708797439,8.65481682357496,10,Malignant cells,Malignant,Malignant,Patient 9,Patient 9,Tumor,-0.219829939932912,-0.219829939932912
HCC9_COL16_ROW32,-2.09791799267753,12.5125357681245,2,Malignant cells,Malignant,Malignant,Patient 9,Patient 9,Tumor,-0.246587097277479,-0.246587097277479
HCC9_COL16_ROW33,-2.21089776238425,10.2501151138277,2,Malignant cells,Malignant,Malignant,Patient 9,Patient 9,Tumor,0.486231375302286,0.486231375302286
HCC9_COL16_ROW34,-2.89257003745063,10.9087874465913,2,Malignant cells,Malignant,Malignant,Patient 9,Patient 9,Tumor,0.331227084796006,0.331227084796006
HCC9_COL16_ROW35,-2.98367275675758,11.5886199050874,2,Malignant cells,Malignant,Malignant,Patient 9,Patient 9,Tumor,0.336375692331695,0.336375692331695
HCC9_COL16_ROW36,-1.69168495019897,14.1472985321016,3,Malignant cells,Malignant,Malignant,Patient 9,Patient 9,Tumor,0.593025977065294,0.593025977065294
HCC9_COL16_ROW37,-1.24856097908689,12.3919026428193,3,Malignant cells,Malignant,Malignant,Patient 9,Patient 9,Tumor,-0.221936188470239,-0.221936188470239
HCC9_COL16_ROW38,-1.82361640414222,12.0180947357149,2,Malignant cells,Malignant,Malignant,Patient 9,Patient 9,Tumor,-0.239488259614634,-0.239488259614634
HCC9_COL16_ROW39,-2.07838799437507,11.0679051452608,2,Malignant cells,Malignant,Malignant,Patient 9,Patient 9,Tumor,-0.258912551681098,-0.258912551681098
HCC9_COL16_ROW4,-1.07524060091003,14.7077414566011,3,Malignant cells,Malignant,Malignant,Patient 9,Patient 9,Tumor,0.580544504251502,0.580544504251502
HCC9_COL16_ROW40,-1.01792340358718,14.0689236694307,3,Malignant cells,Malignant,Malignant,Patient 9,Patient 9,Tumor,-0.187612138232311,-0.187612138232311
HCC9_COL16_ROW5,-0.982387233581382,14.4305760436983,3,Malignant cells,Malignant,Malignant,Patient 9,Patient 9,Tumor,-0.188548248693346,-0.188548248693346
HCC9_COL16_ROW6,0.547704797182244,14.0509020858735,3,Malignant cells,Malignant,Malignant,Patient 9,Patient 9,Tumor,-0.186832046181449,-0.186832046181449
HCC9_COL16_ROW7,-0.161604065503913,13.8864962631196,3,Malignant cells,Malignant,Malignant,Patient 9,Patient 9,Tumor,0.531164677431937,0.531164677431937
HCC9_COL16_ROW8,-2.58720602473243,11.97932501373,2,Malignant cells,Malignant,Malignant,Patient 9,Patient 9,Tumor,0.591777829783914,0.591777829783914
HCC9_COL16_ROW9,-1.94145031651481,12.3842961364717,2,Malignant cells,Malignant,Malignant,Patient 9,Patient 9,Tumor,0.574459786254778,0.574459786254778
HCC9_COL17_ROW1,-1.57372649392112,14.3700377517671,3,Malignant cells,Malignant,Malignant,Patient 9,Patient 9,Tumor,-0.197831344098604,-0.197831344098604
HCC9_COL17_ROW10,0.535385947618645,13.8917500549287,3,Malignant cells,Malignant,Malignant,Patient 9,Patient 9,Tumor,-0.193228800998518,-0.193228800998518
HCC9_COL17_ROW11,-1.80313666542991,11.721078591916,2,Malignant cells,Malignant,Malignant,Patient 9,Patient 9,Tumor,-0.262656993525236,-0.262656993525236
HCC9_COL17_ROW12,-1.51970531424506,9.35093851623244,10,Malignant cells,Malignant,Malignant,Patient 9,Patient 9,Tumor,0.455495748498323,0.455495748498323
HCC9_COL17_ROW13,2.24409173050897,-0.650911731150681,6,Immune cells,Mono/Macro,Mono/Macro,Patient 9,Patient 9,Tumor,0.554957484983228,0.554957484983228
HCC9_COL17_ROW14,-3.31019832571967,10.772387223813,2,Malignant cells,Malignant,Malignant,Patient 9,Patient 9,Tumor,0.337467821202902,0.337467821202902
HCC9_COL17_ROW15,3.14141843834893,-1.44200996818834,6,Immune cells,Mono/Macro,Mono/Macro,Patient 9,Patient 9,Tumor,0.540447772837195,0.540447772837195
HCC9_COL17_ROW17,-2.2136198469065,12.0465886169404,2,Malignant cells,Malignant,Malignant,Patient 9,Patient 9,Tumor,0.351977533348935,0.351977533348935
HCC9_COL17_ROW18,-0.786534953918296,12.8228156143159,3,Malignant cells,Malignant,Malignant,Patient 9,Patient 9,Tumor,-0.228879007722911,-0.228879007722911
HCC9_COL17_ROW19,-0.534245569314796,14.8270852142305,3,Malignant cells,Malignant,Malignant,Patient 9,Patient 9,Tumor,-0.184959825259381,-0.184959825259381
HCC9_COL17_ROW2,-1.87781115254386,11.8614813858003,2,Malignant cells,Malignant,Malignant,Patient 9,Patient 9,Tumor,-0.260472735782822,-0.260472735782822
HCC9_COL17_ROW20,-1.68511741241439,12.2014576965303,2,Malignant cells,Malignant,Malignant,Patient 9,Patient 9,Tumor,0.399563148451517,0.399563148451517
HCC9_COL17_ROW21,-0.897703189458686,12.4957081848115,3,Malignant cells,Malignant,Malignant,Patient 9,Patient 9,Tumor,-0.217723691395585,-0.217723691395585
HCC9_COL17_ROW22,-2.90156533202155,11.5717675262422,2,Malignant cells,Malignant,Malignant,Patient 9,Patient 9,Tumor,0.578906310944691,0.578906310944691
HCC9_COL17_ROW23,-3.17060734709724,12.3088891082735,2,Malignant cells,Malignant,Malignant,Patient 9,Patient 9,Tumor,0.512988532646852,0.512988532646852
HCC9_COL17_ROW24,-2.65610899409278,12.1893164688081,2,Malignant cells,Malignant,Malignant,Patient 9,Patient 9,Tumor,-0.262969030345581,-0.262969030345581
HCC9_COL17_ROW25,-3.60144617041572,13.7795378738374,2,Malignant cells,Malignant,Malignant,Patient 9,Patient 9,Tumor,0.565722755285124,0.565722755285124
HCC9_COL17_ROW26,0.590193014536065,13.9223238998384,3,Malignant cells,Malignant,Malignant,Patient 9,Patient 9,Tumor,-0.183789687183088,-0.183789687183088
HCC9_COL17_ROW27,-3.56523277243598,13.273213105771,2,Malignant cells,Malignant,Malignant,Patient 9,Patient 9,Tumor,0.564786644824089,0.564786644824089
HCC9_COL17_ROW28,-1.4690029211901,11.9929711395235,2,Malignant cells,Malignant,Malignant,Patient 9,Patient 9,Tumor,0.534519073250644,0.534519073250644
HCC9_COL17_ROW29,-0.796363581027824,12.6842124038667,3,Malignant cells,Malignant,Malignant,Patient 9,Patient 9,Tumor,0.472423746002028,0.472423746002028
HCC9_COL17_ROW3,-3.21325888117774,11.165869432065,2,Malignant cells,Malignant,Malignant,Patient 9,Patient 9,Tumor,-0.294328730790233,-0.294328730790233
HCC9_COL17_ROW30,-0.984467823114234,14.5846583419771,3,Malignant cells,Malignant,Malignant,Patient 9,Patient 9,Tumor,-0.194086902254466,-0.194086902254466
HCC9_COL17_ROW31,-2.31835879763587,11.4851748519868,2,Malignant cells,Malignant,Malignant,Patient 9,Patient 9,Tumor,0.434511272330135,0.434511272330135
HCC9_COL17_ROW32,-1.67050589999183,11.6322037750215,2,Malignant cells,Malignant,Malignant,Patient 9,Patient 9,Tumor,0.362118730010141,0.362118730010141
HCC9_COL17_ROW33,-2.33850480994208,11.3887564712495,2,Malignant cells,Malignant,Malignant,Patient 9,Patient 9,Tumor,0.551135033934004,0.551135033934004
HCC9_COL17_ROW34,-1.73701163014396,11.2701384597749,2,Malignant cells,Malignant,Malignant,Patient 9,Patient 9,Tumor,-0.286527810281613,-0.286527810281613
HCC9_COL17_ROW35,-2.67983879527076,11.4001824432344,2,Malignant cells,Malignant,Malignant,Patient 9,Patient 9,Tumor,0.308604415321008,0.308604415321008
HCC9_COL17_ROW36,-2.09494413813575,10.2572581344575,2,Malignant cells,Malignant,Malignant,Patient 9,Patient 9,Tumor,0.553007254856073,0.553007254856073
HCC9_COL17_ROW37,-0.158948797788459,14.2580840164155,3,Malignant cells,Malignant,Malignant,Patient 9,Patient 9,Tumor,-0.183165613542398,-0.183165613542398
HCC9_COL17_ROW38,-3.25591589888557,10.9044262939424,2,Malignant cells,Malignant,Malignant,Patient 9,Patient 9,Tumor,-0.279897027849286,-0.279897027849286
HCC9_COL17_ROW39,-1.58405195554717,9.37808867034621,10,Malignant cells,Malignant,Malignant,Patient 9,Patient 9,Tumor,-0.249161401045323,-0.249161401045323
HCC9_COL17_ROW4,-0.0509334989450754,13.6866051727266,3,Malignant cells,Malignant,Malignant,Patient 9,Patient 9,Tumor,0.589281535221156,0.589281535221156
HCC9_COL17_ROW40,-0.721629101838905,14.2724301391572,3,Malignant cells,Malignant,Malignant,Patient 9,Patient 9,Tumor,-0.197987362508776,-0.197987362508776
HCC9_COL17_ROW5,-0.414089459981758,13.3289458328218,3,Malignant cells,Malignant,Malignant,Patient 9,Patient 9,Tumor,-0.221624151649895,-0.221624151649895
HCC9_COL17_ROW6,-2.82715393980964,11.3090302520723,2,Malignant cells,Malignant,Malignant,Patient 9,Patient 9,Tumor,0.550042905062797,0.550042905062797
HCC9_COL17_ROW7,-1.7208239920996,12.5458695465059,2,Malignant cells,Malignant,Malignant,Patient 9,Patient 9,Tumor,-0.209376706451361,-0.209376706451361
HCC9_COL17_ROW8,-1.76963480195029,10.5485875183076,10,Malignant cells,Malignant,Malignant,Patient 9,Patient 9,Tumor,0.597082455729776,0.597082455729776
HCC9_COL17_ROW9,-2.41110958537086,12.2128140502901,2,Malignant cells,Malignant,Malignant,Patient 9,Patient 9,Tumor,0.574771823075123,0.574771823075123
HCC9_COL18_ROW1,0.449951033983391,14.3253762298555,3,Malignant cells,Malignant,Malignant,Patient 9,Patient 9,Tumor,-0.181527420235588,-0.181527420235588
HCC9_COL18_ROW11,-2.42270519217475,12.4133040481538,2,Malignant cells,Malignant,Malignant,Patient 9,Patient 9,Tumor,-0.243232701458772,-0.243232701458772
HCC9_COL18_ROW12,-2.96646871050819,13.8467118316621,2,Malignant cells,Malignant,Malignant,Patient 9,Patient 9,Tumor,0.594664170372104,0.594664170372104
HCC9_COL18_ROW13,-3.62844540556892,11.8740136199922,2,Malignant cells,Malignant,Malignant,Patient 9,Patient 9,Tumor,0.518215149387628,0.518215149387628
HCC9_COL18_ROW14,-1.27522451436146,13.817607598874,3,Malignant cells,Malignant,Malignant,Patient 9,Patient 9,Tumor,-0.195491067946018,-0.195491067946018
HCC9_COL18_ROW16,-1.47630429645999,9.40299006042189,10,Malignant cells,Malignant,Malignant,Patient 9,Patient 9,Tumor,-0.250565566736875,-0.250565566736875
HCC9_COL18_ROW17,-1.97362645348533,11.3842331939668,2,Malignant cells,Malignant,Malignant,Patient 9,Patient 9,Tumor,0.55183711677978,0.55183711677978
HCC9_COL18_ROW18,0.0590563825704276,14.4415099197359,3,Malignant cells,Malignant,Malignant,Patient 9,Patient 9,Tumor,-0.181293392620329,-0.181293392620329
HCC9_COL18_ROW19,-2.97894110163673,11.5028445297212,2,Malignant cells,Malignant,Malignant,Patient 9,Patient 9,Tumor,0.489975817146423,0.489975817146423
HCC9_COL18_ROW2,-2.24525644263251,11.267037110898,2,Malignant cells,Malignant,Malignant,Patient 9,Patient 9,Tumor,-0.256962321553943,-0.256962321553943
HCC9_COL18_ROW20,-0.808683443870384,14.2457682662935,3,Malignant cells,Malignant,Malignant,Patient 9,Patient 9,Tumor,0.598174584600983,0.598174584600983
HCC9_COL18_ROW21,-0.645602364148933,14.0955798202485,3,Malignant cells,Malignant,Malignant,Patient 9,Patient 9,Tumor,-0.188782276308604,-0.188782276308604
HCC9_COL18_ROW22,-0.0219253488443674,13.9306952529878,3,Malignant cells,Malignant,Malignant,Patient 9,Patient 9,Tumor,0.604259302597707,0.604259302597707
HCC9_COL18_ROW23,-0.23455788573249,14.2443882995576,3,Malignant cells,Malignant,Malignant,Patient 9,Patient 9,Tumor,0.584835010531243,0.584835010531243
HCC9_COL18_ROW24,-2.12787826737388,13.2145993286104,2,Malignant cells,Malignant,Malignant,Patient 9,Patient 9,Tumor,0.589983618066932,0.589983618066932
HCC9_COL18_ROW25,-0.820203293170768,13.0155608230562,3,Malignant cells,Malignant,Malignant,Patient 9,Patient 9,Tumor,-0.213823231141275,-0.213823231141275
HCC9_COL18_ROW26,-2.71215762576087,11.0056254440278,2,Malignant cells,Malignant,Malignant,Patient 9,Patient 9,Tumor,0.288322021998596,0.288322021998596
HCC9_COL18_ROW27,-0.274371702279884,14.6179806762666,3,Malignant cells,Malignant,Malignant,Patient 9,Patient 9,Tumor,0.539667680786333,0.539667680786333
HCC9_COL18_ROW28,-1.71375458320602,11.9994236999483,2,Malignant cells,Malignant,Malignant,Patient 9,Patient 9,Tumor,0.398861065605741,0.398861065605741
HCC9_COL18_ROW29,-2.92431106051429,11.4884678894014,2,Malignant cells,Malignant,Malignant,Patient 9,Patient 9,Tumor,-0.287073874717217,-0.287073874717217
HCC9_COL18_ROW30,3.11422536889092,-1.51737861099535,6,Immune cells,Mono/Macro,Mono/Macro,Patient 9,Patient 9,Tumor,0.480770730946252,0.480770730946252
HCC9_COL18_ROW31,8.33181188622491,-5.92411832275682,4,Immune cells,CD8T,CD8T,Patient 9,Patient 9,Tumor,0.489975817146423,0.489975817146423
HCC9_COL18_ROW32,-1.46040259679778,12.8995520645112,3,Malignant cells,Malignant,Malignant,Patient 9,Patient 9,Tumor,-0.225524611904205,-0.225524611904205
HCC9_COL18_ROW33,-2.00198270758613,11.9343983703584,2,Malignant cells,Malignant,Malignant,Patient 9,Patient 9,Tumor,0.443092284889617,0.443092284889617
HCC9_COL18_ROW34,-1.32093342771752,12.5904290252656,3,Malignant cells,Malignant,Malignant,Patient 9,Patient 9,Tumor,-0.235041734924721,-0.235041734924721
HCC9_COL18_ROW35,-2.4736650176905,12.0592896514863,2,Malignant cells,Malignant,Malignant,Patient 9,Patient 9,Tumor,0.301115531632733,0.301115531632733
HCC9_COL18_ROW36,-2.07513817032798,11.8197381072969,2,Malignant cells,Malignant,Malignant,Patient 9,Patient 9,Tumor,0.496450581168578,0.496450581168578
HCC9_COL18_ROW38,-1.62721665581687,10.0402419143648,2,Malignant cells,Malignant,Malignant,Patient 9,Patient 9,Tumor,-0.225992667134722,-0.225992667134722
HCC9_COL18_ROW39,-3.05526663741096,11.9015280776948,2,Malignant cells,Malignant,Malignant,Patient 9,Patient 9,Tumor,-0.262500975115064,-0.262500975115064
HCC9_COL18_ROW4,-0.925218898858863,12.9130293899507,3,Malignant cells,Malignant,Malignant,Patient 9,Patient 9,Tumor,-0.244948903970669,-0.244948903970669
HCC9_COL18_ROW40,-1.59050168475135,14.2417666488618,3,Malignant cells,Malignant,Malignant,Patient 9,Patient 9,Tumor,-0.195179031125673,-0.195179031125673
HCC9_COL18_ROW5,6.79378126183526,-5.41312674942308,4,Immune cells,CD8T,CD8T,Patient 9,Patient 9,Tumor,-0.215383415242999,-0.215383415242999
HCC9_COL18_ROW6,-0.910513896550971,12.6960312896699,3,Malignant cells,Malignant,Malignant,Patient 9,Patient 9,Tumor,-0.248147281379203,-0.248147281379203
HCC9_COL18_ROW7,-0.877222795095283,14.6502816253633,3,Malignant cells,Malignant,Malignant,Patient 9,Patient 9,Tumor,-0.186988064591622,-0.186988064591622
HCC9_COL18_ROW8,-0.242144424524146,13.7179886871309,3,Malignant cells,Malignant,Malignant,Patient 9,Patient 9,Tumor,0.573289648178485,0.573289648178485
HCC9_COL18_ROW9,-0.916102249231178,12.6199690872163,3,Malignant cells,Malignant,Malignant,Patient 9,Patient 9,Tumor,-0.249941493096185,-0.249941493096185
HCC9_COL19_ROW1,-3.60333158453925,13.7692725234956,2,Malignant cells,Malignant,Malignant,Patient 9,Patient 9,Tumor,0.580466495046415,0.580466495046415
HCC9_COL19_ROW10,-1.61723213275893,9.91038389739699,10,Malignant cells,Malignant,Malignant,Patient 9,Patient 9,Tumor,0.461034402059443,0.461034402059443
HCC9_COL19_ROW12,-3.67905284842475,13.9660584503145,2,Malignant cells,Malignant,Malignant,Patient 9,Patient 9,Tumor,0.57625399797176,0.57625399797176
HCC9_COL19_ROW13,-1.6004284509085,9.84488936004347,10,Malignant cells,Malignant,Malignant,Patient 9,Patient 9,Tumor,0.407442078165223,0.407442078165223
HCC9_COL19_ROW14,-2.51372386893256,12.4045445495576,2,Malignant cells,Malignant,Malignant,Patient 9,Patient 9,Tumor,-0.232077385131446,-0.232077385131446
HCC9_COL19_ROW15,2.77562187233941,-1.17779473724657,6,Immune cells,Mono/Macro,Mono/Macro,Patient 9,Patient 9,Tumor,0.506123722599267,0.506123722599267
HCC9_COL19_ROW16,-1.56369369110091,11.935415940854,2,Malignant cells,Malignant,Malignant,Patient 9,Patient 9,Tumor,-0.253373898119978,-0.253373898119978
HCC9_COL19_ROW17,-2.28463818510993,11.1573283248872,2,Malignant cells,Malignant,Malignant,Patient 9,Patient 9,Tumor,0.583742881660036,0.583742881660036
HCC9_COL19_ROW18,-2.42801393946632,11.4310662322969,2,Malignant cells,Malignant,Malignant,Patient 9,Patient 9,Tumor,0.540525782042281,0.540525782042281
HCC9_COL19_ROW19,-0.825644839610893,14.6933571868867,3,Malignant cells,Malignant,Malignant,Patient 9,Patient 9,Tumor,-0.197675325688431,-0.197675325688431
HCC9_COL19_ROW2,0.0894942096807181,14.1637284332246,3,Malignant cells,Malignant,Malignant,Patient 9,Patient 9,Tumor,0.60418129339262,0.60418129339262
HCC9_COL19_ROW20,-3.73181201895698,11.1989075714082,2,Malignant cells,Malignant,Malignant,Patient 9,Patient 9,Tumor,-0.371011779389968,-0.371011779389968
HCC9_COL19_ROW21,2.2778694442846,-0.565902156260544,6,Immune cells,Mono/Macro,Mono/Macro,Patient 9,Patient 9,Tumor,-0.196427178407052,-0.196427178407052
HCC9_COL19_ROW22,-3.54392578085883,13.1395184570283,2,Malignant cells,Malignant,Malignant,Patient 9,Patient 9,Tumor,0.583274826429518,0.583274826429518
HCC9_COL19_ROW23,-1.8177133389376,13.4019238525361,2,Malignant cells,Malignant,Malignant,Patient 9,Patient 9,Tumor,0.576332007176847,0.576332007176847
HCC9_COL19_ROW24,-2.65194024523719,12.241363244626,2,Malignant cells,Malignant,Malignant,Patient 9,Patient 9,Tumor,0.579530384585381,0.579530384585381
HCC9_COL19_ROW25,-2.09201063593848,11.7881171279878,2,Malignant cells,Malignant,Malignant,Patient 9,Patient 9,Tumor,0.460644356034012,0.460644356034012
HCC9_COL19_ROW26,2.67131422081963,-0.996664566424424,6,Immune cells,Mono/Macro,Mono/Macro,Patient 9,Patient 9,Tumor,0.580154458226071,0.580154458226071
HCC9_COL19_ROW27,-2.19750835379584,10.0825736099214,10,Malignant cells,Malignant,Malignant,Patient 9,Patient 9,Tumor,0.274748420313597,0.274748420313597
HCC9_COL19_ROW28,0.286221127901238,14.4770686202974,3,Malignant cells,Malignant,Malignant,Patient 9,Patient 9,Tumor,-0.204462126530931,-0.204462126530931
HCC9_COL19_ROW29,0.642529111299676,13.8722693496675,3,Malignant cells,Malignant,Malignant,Patient 9,Patient 9,Tumor,0.568687105078399,0.568687105078399
HCC9_COL19_ROW3,-2.69381548842414,11.2328345352144,2,Malignant cells,Malignant,Malignant,Patient 9,Patient 9,Tumor,0.528590373664092,0.528590373664092
HCC9_COL19_ROW30,-0.795457262601692,12.9154240661592,3,Malignant cells,Malignant,Malignant,Patient 9,Patient 9,Tumor,0.52164755441142,0.52164755441142
HCC9_COL19_ROW31,-3.76013900717719,11.2852942520112,2,Malignant cells,Malignant,Malignant,Patient 9,Patient 9,Tumor,0.232077385131446,0.232077385131446
HCC9_COL19_ROW32,-0.506769675817329,14.2024552398652,3,Malignant cells,Malignant,Malignant,Patient 9,Patient 9,Tumor,0.574147749434433,0.574147749434433
HCC9_COL19_ROW33,-3.49144126852973,11.2973181777925,2,Malignant cells,Malignant,Malignant,Patient 9,Patient 9,Tumor,0.495124424682112,0.495124424682112
HCC9_COL19_ROW34,-1.39307389041408,14.3658425384492,3,Malignant cells,Malignant,Malignant,Patient 9,Patient 9,Tumor,0.523441766128403,0.523441766128403
HCC9_COL19_ROW35,-2.06111158808692,10.1275136047334,10,Malignant cells,Malignant,Malignant,Patient 9,Patient 9,Tumor,0.465480926749356,0.465480926749356
HCC9_COL19_ROW36,-3.24001242598518,12.1673171096773,2,Malignant cells,Malignant,Malignant,Patient 9,Patient 9,Tumor,0.468757313362977,0.468757313362977
HCC9_COL19_ROW37,-0.0708937831781686,14.3377291732759,3,Malignant cells,Malignant,Malignant,Patient 9,Patient 9,Tumor,-0.185817926515329,-0.185817926515329
HCC9_COL19_ROW38,0.084341268930596,13.8467890792818,3,Malignant cells,Malignant,Malignant,Patient 9,Patient 9,Tumor,-0.193462828613776,-0.193462828613776
HCC9_COL19_ROW39,6.21208141366021,-9.4963944381743,8,Stromal cells,Tprolif,Tprolif,Patient 9,Patient 9,Tumor,0.435603401201342,0.435603401201342
HCC9_COL19_ROW4,-1.74576278408988,13.9306017929048,3,Malignant cells,Malignant,Malignant,Patient 9,Patient 9,Tumor,0.554177392932366,0.554177392932366
HCC9_COL19_ROW40,-1.55063356837257,12.652028756711,2,Malignant cells,Malignant,Malignant,Patient 9,Patient 9,Tumor,-0.241282471331617,-0.241282471331617
HCC9_COL19_ROW5,0.643578391466302,14.1368338638277,3,Malignant cells,Malignant,Malignant,Patient 9,Patient 9,Tumor,-0.18784616584757,-0.18784616584757
HCC9_COL19_ROW6,3.1531762889959,-3.2619464820891,6,Immune cells,Mono/Macro,Mono/Macro,Patient 9,Patient 9,Tumor,-0.21452531398705,-0.21452531398705
HCC9_COL19_ROW8,-0.544758040513831,14.4129216247529,3,Malignant cells,Malignant,Malignant,Patient 9,Patient 9,Tumor,-0.185661908105156,-0.185661908105156
HCC9_COL19_ROW9,3.26120136300103,-1.85119800033861,6,Immune cells,Mono/Macro,Mono/Macro,Patient 9,Patient 9,Tumor,0.478586473203838,0.478586473203838
HCC9_COL2_ROW1,-2.92423095187171,12.489862161252,2,Malignant cells,Malignant,Malignant,Patient 9,Patient 9,Tumor,-0.212809111475154,-0.212809111475154
HCC9_COL2_ROW10,-1.34328023722394,8.40934629974074,10,Malignant cells,Malignant,Malignant,Patient 9,Patient 9,Tumor,0.514860753568921,0.514860753568921
HCC9_COL2_ROW12,-2.53538729628547,13.3364398056001,2,Malignant cells,Malignant,Malignant,Patient 9,Patient 9,Tumor,-0.27264217177627,-0.27264217177627
HCC9_COL2_ROW13,-3.32809402426704,11.0379616790742,2,Malignant cells,Malignant,Malignant,Patient 9,Patient 9,Tumor,-0.262656993525236,-0.262656993525236
HCC9_COL2_ROW14,0.156069617662591,14.0182606750459,3,Malignant cells,Malignant,Malignant,Patient 9,Patient 9,Tumor,-0.188002184257742,-0.188002184257742
HCC9_COL2_ROW15,-0.881924290265876,13.8307654434175,3,Malignant cells,Malignant,Malignant,Patient 9,Patient 9,Tumor,-0.186520009361105,-0.186520009361105
HCC9_COL2_ROW16,-0.213936466779548,14.3601500564546,3,Malignant cells,Malignant,Malignant,Patient 9,Patient 9,Tumor,0.5551135033934,0.5551135033934
HCC9_COL2_ROW17,-2.8910883851908,12.6813304000825,2,Malignant cells,Malignant,Malignant,Patient 9,Patient 9,Tumor,0.512520477416335,0.512520477416335
HCC9_COL2_ROW18,-2.72961046179755,11.085487084958,2,Malignant cells,Malignant,Malignant,Patient 9,Patient 9,Tumor,-0.246197051252048,-0.246197051252048
HCC9_COL2_ROW19,-1.10241781553252,12.8613392883272,3,Malignant cells,Malignant,Malignant,Patient 9,Patient 9,Tumor,-0.227162805211015,-0.227162805211015
HCC9_COL2_ROW2,-0.872040350045997,12.6190745407075,3,Malignant cells,Malignant,Malignant,Patient 9,Patient 9,Tumor,-0.210702862937827,-0.210702862937827
HCC9_COL2_ROW20,-2.7578480430506,10.5816704803438,2,Malignant cells,Malignant,Malignant,Patient 9,Patient 9,Tumor,0.592869958655121,0.592869958655121
HCC9_COL2_ROW21,-2.17817528923972,11.7961356216402,2,Malignant cells,Malignant,Malignant,Patient 9,Patient 9,Tumor,-0.219361884702395,-0.219361884702395
HCC9_COL2_ROW22,-1.67694075783713,9.98392744598097,10,Malignant cells,Malignant,Malignant,Patient 9,Patient 9,Tumor,0.571729464076761,0.571729464076761
HCC9_COL2_ROW23,-3.90593864401801,11.8890006118745,2,Malignant cells,Malignant,Malignant,Patient 9,Patient 9,Tumor,-0.271628052110149,-0.271628052110149
HCC9_COL2_ROW24,-2.57645513495429,13.4515072875947,2,Malignant cells,Malignant,Malignant,Patient 9,Patient 9,Tumor,0.588111397144863,0.588111397144863
HCC9_COL2_ROW25,-3.41091086348518,14.1466137939424,2,Malignant cells,Malignant,Malignant,Patient 9,Patient 9,Tumor,0.219595912317653,0.219595912317653
HCC9_COL2_ROW26,-1.62139191111549,13.8970162445039,3,Malignant cells,Malignant,Malignant,Patient 9,Patient 9,Tumor,-0.192916764178173,-0.192916764178173
HCC9_COL2_ROW27,-2.57201423129066,12.3911559158296,2,Malignant cells,Malignant,Malignant,Patient 9,Patient 9,Tumor,0.491848038068492,0.491848038068492
HCC9_COL2_ROW28,-1.35451620450242,12.0778986984224,2,Malignant cells,Malignant,Malignant,Patient 9,Patient 9,Tumor,-0.254700054606444,-0.254700054606444
HCC9_COL2_ROW29,0.580945830736321,14.2590844207735,3,Malignant cells,Malignant,Malignant,Patient 9,Patient 9,Tumor,-0.182229503081364,-0.182229503081364
HCC9_COL2_ROW3,-0.166753429975349,14.4754826599092,3,Malignant cells,Malignant,Malignant,Patient 9,Patient 9,Tumor,-0.192136672127311,-0.192136672127311
HCC9_COL2_ROW30,-2.44018961867316,11.7102410369844,2,Malignant cells,Malignant,Malignant,Patient 9,Patient 9,Tumor,0.54177392932366,0.54177392932366
HCC9_COL2_ROW31,-3.54290034255012,12.7839476638765,2,Malignant cells,Malignant,Malignant,Patient 9,Patient 9,Tumor,-0.29604493330213,-0.29604493330213
HCC9_COL2_ROW32,-2.39429475745185,11.2037560516328,2,Malignant cells,Malignant,Malignant,Patient 9,Patient 9,Tumor,0.564630626413917,0.564630626413917
HCC9_COL2_ROW33,-1.41646390041335,12.2281004959077,2,Malignant cells,Malignant,Malignant,Patient 9,Patient 9,Tumor,0.499414930961853,0.499414930961853
HCC9_COL2_ROW34,-3.52113344153388,12.5852973037691,2,Malignant cells,Malignant,Malignant,Patient 9,Patient 9,Tumor,0.513768624697714,0.513768624697714
HCC9_COL2_ROW35,-3.2014767118357,13.9460351043672,2,Malignant cells,Malignant,Malignant,Patient 9,Patient 9,Tumor,0.571027381230985,0.571027381230985
HCC9_COL2_ROW36,-0.15090777358039,14.4218289428682,3,Malignant cells,Malignant,Malignant,Patient 9,Patient 9,Tumor,0.54856073016616,0.54856073016616
HCC9_COL2_ROW37,0.604622941408318,14.0901171737642,3,Malignant cells,Malignant,Malignant,Patient 9,Patient 9,Tumor,-0.182931585927139,-0.182931585927139
HCC9_COL2_ROW38,-1.08677664777263,11.4079539352388,3,Malignant cells,Malignant,Malignant,Patient 9,Patient 9,Tumor,0.454247601216944,0.454247601216944
HCC9_COL2_ROW39,-0.835470456685859,12.8387639099092,3,Malignant cells,Malignant,Malignant,Patient 9,Patient 9,Tumor,-0.242530618612996,-0.242530618612996
HCC9_COL2_ROW4,-1.40858953079208,13.6065327697725,3,Malignant cells,Malignant,Malignant,Patient 9,Patient 9,Tumor,-0.195257040330759,-0.195257040330759
HCC9_COL2_ROW40,-3.23683049162849,11.32138701019,2,Malignant cells,Malignant,Malignant,Patient 9,Patient 9,Tumor,0.511116311724783,0.511116311724783
HCC9_COL2_ROW6,0.586275439653557,13.9671523147554,3,Malignant cells,Malignant,Malignant,Patient 9,Patient 9,Tumor,-0.179889226928778,-0.179889226928778
HCC9_COL2_ROW8,-0.533040601816017,14.0767981582612,3,Malignant cells,Malignant,Malignant,Patient 9,Patient 9,Tumor,-0.186754036976363,-0.186754036976363
HCC9_COL2_ROW9,-0.918685127105552,14.7246701293916,3,Malignant cells,Malignant,Malignant,Patient 9,Patient 9,Tumor,-0.189172322334035,-0.189172322334035
HCC9_COL20_ROW1,5.32506368676202,-7.39783601227098,8,Stromal cells,Tprolif,Tprolif,Patient 9,Patient 9,Tumor,-0.229659099773773,-0.229659099773773
HCC9_COL20_ROW10,-3.63490344962104,13.9026848846406,2,Malignant cells,Malignant,Malignant,Patient 9,Patient 9,Tumor,0.600202823933224,0.600202823933224
HCC9_COL20_ROW11,0.440784554872674,14.025033670041,3,Malignant cells,Malignant,Malignant,Patient 9,Patient 9,Tumor,-0.182697558311881,-0.182697558311881
HCC9_COL20_ROW12,-2.63192941626533,11.2596499496431,2,Malignant cells,Malignant,Malignant,Patient 9,Patient 9,Tumor,0.570559326000468,0.570559326000468
HCC9_COL20_ROW13,0.548168521318597,14.2751605087251,3,Malignant cells,Malignant,Malignant,Patient 9,Patient 9,Tumor,-0.195491067946018,-0.195491067946018
HCC9_COL20_ROW14,-1.21713821223004,13.6436307006807,3,Malignant cells,Malignant,Malignant,Patient 9,Patient 9,Tumor,-0.211326936578516,-0.211326936578516
HCC9_COL20_ROW15,0.151612382326287,14.279093461606,3,Malignant cells,Malignant,Malignant,Patient 9,Patient 9,Tumor,-0.185973944925501,-0.185973944925501
HCC9_COL20_ROW16,0.391696434412163,14.1216733032197,3,Malignant cells,Malignant,Malignant,Patient 9,Patient 9,Tumor,-0.188704267103518,-0.188704267103518
HCC9_COL20_ROW17,0.493725519571465,13.9427125030488,3,Malignant cells,Malignant,Malignant,Patient 9,Patient 9,Tumor,-0.184257742413605,-0.184257742413605
HCC9_COL20_ROW18,-1.39743864914401,14.4803673797578,3,Malignant cells,Malignant,Malignant,Patient 9,Patient 9,Tumor,-0.189952414384897,-0.189952414384897
HCC9_COL20_ROW19,-0.376271564569312,14.2142159515352,3,Malignant cells,Malignant,Malignant,Patient 9,Patient 9,Tumor,-0.193852874639207,-0.193852874639207
HCC9_COL20_ROW2,-1.99700589856132,10.2736746841402,2,Malignant cells,Malignant,Malignant,Patient 9,Patient 9,Tumor,0.431780950152118,0.431780950152118
HCC9_COL20_ROW20,-0.659216005410987,14.6137787872285,3,Malignant cells,Malignant,Malignant,Patient 9,Patient 9,Tumor,-0.215695452063343,-0.215695452063343
HCC9_COL20_ROW21,-0.683922488298255,13.0316426330537,3,Malignant cells,Malignant,Malignant,Patient 9,Patient 9,Tumor,0.577190108432795,0.577190108432795
HCC9_COL20_ROW22,-2.31050350150092,12.8216301971406,2,Malignant cells,Malignant,Malignant,Patient 9,Patient 9,Tumor,-0.246041032841875,-0.246041032841875
HCC9_COL20_ROW23,-3.28607465704902,11.0501906448335,2,Malignant cells,Malignant,Malignant,Patient 9,Patient 9,Tumor,0.488181605429441,0.488181605429441
HCC9_COL20_ROW24,-1.38944864651187,13.2190453582735,2,Malignant cells,Malignant,Malignant,Patient 9,Patient 9,Tumor,-0.18558389890007,-0.18558389890007
HCC9_COL20_ROW25,-1.04210675140842,12.2032792144746,3,Malignant cells,Malignant,Malignant,Patient 9,Patient 9,Tumor,-0.222014197675326,-0.222014197675326
HCC9_COL20_ROW26,-1.8747515865229,13.175330834958,3,Malignant cells,Malignant,Malignant,Patient 9,Patient 9,Tumor,0.33606365551135,0.33606365551135
HCC9_COL20_ROW27,-3.28090693434699,12.1566721969575,2,Malignant cells,Malignant,Malignant,Patient 9,Patient 9,Tumor,0.212029019424292,0.212029019424292
HCC9_COL20_ROW28,-3.05074204882606,11.4936768585176,2,Malignant cells,Malignant,Malignant,Patient 9,Patient 9,Tumor,0.412590685700913,0.412590685700913
HCC9_COL20_ROW29,-0.0971651264093698,14.366604524228,3,Malignant cells,Malignant,Malignant,Patient 9,Patient 9,Tumor,0.588735470785553,0.588735470785553
HCC9_COL20_ROW3,-0.743170011844474,14.6251742416353,3,Malignant cells,Malignant,Malignant,Patient 9,Patient 9,Tumor,0.564786644824089,0.564786644824089
HCC9_COL20_ROW30,-2.06545819720252,10.7484023147554,2,Malignant cells,Malignant,Malignant,Patient 9,Patient 9,Tumor,-0.23753802948748,-0.23753802948748
HCC9_COL20_ROW31,-1.12670468917115,12.7839028411836,3,Malignant cells,Malignant,Malignant,Patient 9,Patient 9,Tumor,0.521725563616507,0.521725563616507
HCC9_COL20_ROW32,-2.77480878314002,12.0853240066499,2,Malignant cells,Malignant,Malignant,Patient 9,Patient 9,Tumor,0.592947967860207,0.592947967860207
HCC9_COL20_ROW33,-0.14401092013343,14.1871916824312,3,Malignant cells,Malignant,Malignant,Patient 9,Patient 9,Tumor,0.603089164521413,0.603089164521413
HCC9_COL20_ROW34,-0.646110791768867,14.6386715942354,3,Malignant cells,Malignant,Malignant,Patient 9,Patient 9,Tumor,-0.190186442000156,-0.190186442000156
HCC9_COL20_ROW35,-3.33627869566901,14.0243136459321,2,Malignant cells,Malignant,Malignant,Patient 9,Patient 9,Tumor,0.548638739371246,0.548638739371246
HCC9_COL20_ROW36,7.2833957485296,-6.65713719787889,4,Immune cells,CD8T,CD8T,Patient 9,Patient 9,Tumor,-0.238006084717997,-0.238006084717997
HCC9_COL20_ROW37,-0.425040204133827,13.396919923398,3,Malignant cells,Malignant,Malignant,Patient 9,Patient 9,Tumor,-0.223028317341446,-0.223028317341446
HCC9_COL20_ROW38,-1.50542404135688,8.8884236389131,10,Malignant cells,Malignant,Malignant,Patient 9,Patient 9,Tumor,0.595132225602621,0.595132225602621
HCC9_COL20_ROW39,-3.33731176337226,10.7728306823701,2,Malignant cells,Malignant,Malignant,Patient 9,Patient 9,Tumor,0.533894999609954,0.533894999609954
HCC9_COL20_ROW4,-2.43592371424659,11.1727330261201,2,Malignant cells,Malignant,Malignant,Patient 9,Patient 9,Tumor,-0.241906544972307,-0.241906544972307
HCC9_COL20_ROW40,0.0181145481206595,12.96112604675,3,Malignant cells,Malignant,Malignant,Patient 9,Patient 9,Tumor,-0.199859583430845,-0.199859583430845
HCC9_COL20_ROW5,6.88442323723809,-6.86967210235887,4,Immune cells,CD8T,CD8T,Patient 9,Patient 9,Tumor,-0.221624151649895,-0.221624151649895
HCC9_COL20_ROW6,7.89997194329278,-6.81363133850389,4,Immune cells,CD8T,CD8T,Patient 9,Patient 9,Tumor,-0.213355175910757,-0.213355175910757
HCC9_COL20_ROW7,-0.846893418636161,14.366700845334,3,Malignant cells,Malignant,Malignant,Patient 9,Patient 9,Tumor,-0.196583196817224,-0.196583196817224
HCC9_COL20_ROW8,0.0929117015935599,13.8009945922822,3,Malignant cells,Malignant,Malignant,Patient 9,Patient 9,Tumor,0.577658163663312,0.577658163663312
HCC9_COL20_ROW9,0.421758990678948,14.409497933957,3,Malignant cells,Malignant,Malignant,Patient 9,Patient 9,Tumor,0.591309774553397,0.591309774553397
HCC9_COL3_ROW1,-2.91684486350043,11.8289982849092,2,Malignant cells,Malignant,Malignant,Patient 9,Patient 9,Tumor,0.456275840549185,0.456275840549185
HCC9_COL3_ROW10,6.74939773598687,-5.38727836075121,4,Immune cells,CD8T,CD8T,Patient 9,Patient 9,Tumor,-0.233949606053514,-0.233949606053514
HCC9_COL3_ROW11,-3.40460183104499,14.1282488876314,2,Malignant cells,Malignant,Malignant,Patient 9,Patient 9,Tumor,0.574069740229347,0.574069740229347
HCC9_COL3_ROW12,-1.14163449039682,14.3509442382783,3,Malignant cells,Malignant,Malignant,Patient 9,Patient 9,Tumor,-0.19237069974257,-0.19237069974257
HCC9_COL3_ROW13,-1.48617951950057,9.419115739438,10,Malignant cells,Malignant,Malignant,Patient 9,Patient 9,Tumor,0.569779233949606,0.569779233949606
HCC9_COL3_ROW14,8.2416772655584,-6.87980298462206,4,Immune cells,CD8T,CD8T,Patient 9,Patient 9,Tumor,0.53951166237616,0.53951166237616
HCC9_COL3_ROW15,-0.630890626516181,13.6840664916963,3,Malignant cells,Malignant,Malignant,Patient 9,Patient 9,Tumor,-0.189796395974725,-0.189796395974725
HCC9_COL3_ROW16,-0.445580560769874,14.2972800308198,3,Malignant cells,Malignant,Malignant,Patient 9,Patient 9,Tumor,0.594274124346673,0.594274124346673
HCC9_COL3_ROW17,-1.741300780382,11.943358140561,2,Malignant cells,Malignant,Malignant,Patient 9,Patient 9,Tumor,0.605039394648568,0.605039394648568
HCC9_COL3_ROW18,-3.4698169418238,12.3279530578584,2,Malignant cells,Malignant,Malignant,Patient 9,Patient 9,Tumor,0.568531086668227,0.568531086668227
HCC9_COL3_ROW19,-2.97860278567298,11.0095612579317,2,Malignant cells,Malignant,Malignant,Patient 9,Patient 9,Tumor,0.543178095015212,0.543178095015212
HCC9_COL3_ROW2,-3.71921851119025,12.5414673858613,2,Malignant cells,Malignant,Malignant,Patient 9,Patient 9,Tumor,0.573523675793744,0.573523675793744
HCC9_COL3_ROW20,0.441526871118706,14.3950831466646,3,Malignant cells,Malignant,Malignant,Patient 9,Patient 9,Tumor,-0.184335751618691,-0.184335751618691
HCC9_COL3_ROW21,2.28477547684686,-0.725437802699143,6,Immune cells,Mono/Macro,Mono/Macro,Patient 9,Patient 9,Tumor,-0.188392230283173,-0.188392230283173
HCC9_COL3_ROW22,-1.68924467643722,13.4775721603364,3,Malignant cells,Malignant,Malignant,Patient 9,Patient 9,Tumor,0.507059833060301,0.507059833060301
HCC9_COL3_ROW24,-1.37697632988914,8.71416683730788,10,Malignant cells,Malignant,Malignant,Patient 9,Patient 9,Tumor,0.454949684062719,0.454949684062719
HCC9_COL3_ROW25,-0.835622180309135,12.6575610214204,3,Malignant cells,Malignant,Malignant,Patient 9,Patient 9,Tumor,0.475544114205476,0.475544114205476
HCC9_COL3_ROW26,-2.0463989563845,13.7642447524995,2,Malignant cells,Malignant,Malignant,Patient 9,Patient 9,Tumor,-0.238396130743428,-0.238396130743428
HCC9_COL3_ROW27,-1.58301146706565,9.47094507751173,10,Malignant cells,Malignant,Malignant,Patient 9,Patient 9,Tumor,0.561822295030814,0.561822295030814
HCC9_COL3_ROW28,-1.37235932430251,10.8170353942842,3,Malignant cells,Malignant,Malignant,Patient 9,Patient 9,Tumor,0.482954988688665,0.482954988688665
HCC9_COL3_ROW29,-2.46565367659553,13.0113312774629,2,Malignant cells,Malignant,Malignant,Patient 9,Patient 9,Tumor,0.596536391294173,0.596536391294173
HCC9_COL3_ROW3,7.03688905755059,-5.55093268814378,4,Immune cells,CD8T,CD8T,Patient 9,Patient 9,Tumor,0.522661674077541,0.522661674077541
HCC9_COL3_ROW31,-2.74683036288245,10.6672570281953,2,Malignant cells,Malignant,Malignant,Patient 9,Patient 9,Tumor,0.49005382635151,0.49005382635151
HCC9_COL3_ROW32,-2.10889198264106,11.2476222091646,2,Malignant cells,Malignant,Malignant,Patient 9,Patient 9,Tumor,0.575473905920899,0.575473905920899
HCC9_COL3_ROW33,-3.5772695728205,11.4585721069307,2,Malignant cells,Malignant,Malignant,Patient 9,Patient 9,Tumor,0.563616506747796,0.563616506747796
HCC9_COL3_ROW34,-3.43008210143073,14.1561896377534,2,Malignant cells,Malignant,Malignant,Patient 9,Patient 9,Tumor,0.398705047195569,0.398705047195569
HCC9_COL3_ROW35,-3.47982503851874,13.8565823608369,2,Malignant cells,Malignant,Malignant,Patient 9,Patient 9,Tumor,0.598096575395897,0.598096575395897
HCC9_COL3_ROW36,-2.38313986739143,11.7645709091157,2,Malignant cells,Malignant,Malignant,Patient 9,Patient 9,Tumor,0.477572353537717,0.477572353537717
HCC9_COL3_ROW37,-0.910095084514457,13.0862643295259,3,Malignant cells,Malignant,Malignant,Patient 9,Patient 9,Tumor,-0.232233403541618,-0.232233403541618
HCC9_COL3_ROW38,-2.19406511267646,11.9690434509248,2,Malignant cells,Malignant,Malignant,Patient 9,Patient 9,Tumor,-0.266791481394805,-0.266791481394805
HCC9_COL3_ROW39,-1.25868123402818,8.25142736968703,10,Malignant cells,Malignant,Malignant,Patient 9,Patient 9,Tumor,0.54567438957797,0.54567438957797
HCC9_COL3_ROW4,-3.54714085539802,12.5500828796358,2,Malignant cells,Malignant,Malignant,Patient 9,Patient 9,Tumor,0.520477416335127,0.520477416335127
HCC9_COL3_ROW40,-2.71958603342994,11.2437340789766,2,Malignant cells,Malignant,Malignant,Patient 9,Patient 9,Tumor,-0.227006786800842,-0.227006786800842
HCC9_COL3_ROW5,-1.98546995600684,13.2475897842378,2,Malignant cells,Malignant,Malignant,Patient 9,Patient 9,Tumor,0.581948669943053,0.581948669943053
HCC9_COL3_ROW6,-1.7549857087992,13.2661473327608,3,Malignant cells,Malignant,Malignant,Patient 9,Patient 9,Tumor,-0.204930181761448,-0.204930181761448
HCC9_COL3_ROW7,-0.474007207956153,12.9667651229829,3,Malignant cells,Malignant,Malignant,Patient 9,Patient 9,Tumor,0.586005148607536,0.586005148607536
HCC9_COL3_ROW9,-2.99354495486243,13.475584703061,2,Malignant cells,Malignant,Malignant,Patient 9,Patient 9,Tumor,0.498790857321164,0.498790857321164
HCC9_COL4_ROW1,3.17385671654717,-1.73502664032274,6,Immune cells,Mono/Macro,Mono/Macro,Patient 9,Patient 9,Tumor,-0.204774163351275,-0.204774163351275
HCC9_COL4_ROW10,-1.47138001402839,14.494627671811,3,Malignant cells,Malignant,Malignant,Patient 9,Patient 9,Tumor,0.552383181215383,0.552383181215383
HCC9_COL4_ROW11,-2.73892094573005,13.9341895156831,3,Malignant cells,Malignant,Malignant,Patient 9,Patient 9,Tumor,0.580310476636243,0.580310476636243
HCC9_COL4_ROW12,-3.42811800917609,14.056172090146,2,Malignant cells,Malignant,Malignant,Patient 9,Patient 9,Tumor,0.596770418909431,0.596770418909431
HCC9_COL4_ROW13,-1.79274018486961,12.2096650176973,3,Malignant cells,Malignant,Malignant,Patient 9,Patient 9,Tumor,0.565254700054606,0.565254700054606
HCC9_COL4_ROW14,0.535034161005181,14.2121035629243,3,Malignant cells,Malignant,Malignant,Patient 9,Patient 9,Tumor,-0.180201263749122,-0.180201263749122
HCC9_COL4_ROW15,-0.517806787099677,14.4696070724458,3,Malignant cells,Malignant,Malignant,Patient 9,Patient 9,Tumor,-0.190966534051018,-0.190966534051018
HCC9_COL4_ROW16,-3.62720276793464,13.7043511444063,2,Malignant cells,Malignant,Malignant,Patient 9,Patient 9,Tumor,0.532724861533661,0.532724861533661
HCC9_COL4_ROW17,-1.69501246890052,9.97833033141798,2,Malignant cells,Malignant,Malignant,Patient 9,Patient 9,Tumor,-0.238084093923083,-0.238084093923083
HCC9_COL4_ROW18,-1.80941094836219,11.5139681869478,3,Malignant cells,Malignant,Malignant,Patient 9,Patient 9,Tumor,0.362274748420314,0.362274748420314
HCC9_COL4_ROW19,-3.28247048338874,12.6613022857637,2,Malignant cells,Malignant,Malignant,Patient 9,Patient 9,Tumor,0.557921834776504,0.557921834776504
HCC9_COL4_ROW2,-3.58527161559089,13.2072178894014,2,Malignant cells,Malignant,Malignant,Patient 9,Patient 9,Tumor,0.472267727591856,0.472267727591856
HCC9_COL4_ROW20,-2.76568891486152,10.6513840728731,2,Malignant cells,Malignant,Malignant,Patient 9,Patient 9,Tumor,-0.294562758405492,-0.294562758405492
HCC9_COL4_ROW21,-1.15125344326718,8.14215250549025,10,Malignant cells,Malignant,Malignant,Patient 9,Patient 9,Tumor,0.500897105858491,0.500897105858491
HCC9_COL4_ROW22,2.55508897820489,-1.09099821510606,6,Immune cells,Mono/Macro,Mono/Macro,Patient 9,Patient 9,Tumor,-0.201653795147827,-0.201653795147827
HCC9_COL4_ROW23,9.05703065911309,-4.6438405937224,4,Immune cells,CD8T,CD8T,Patient 9,Patient 9,Tumor,-0.213355175910757,-0.213355175910757
HCC9_COL4_ROW24,-0.634711224641639,14.5533501678438,3,Malignant cells,Malignant,Malignant,Patient 9,Patient 9,Tumor,0.556517669084952,0.556517669084952
HCC9_COL4_ROW25,-1.13573195418342,14.1364085250825,3,Malignant cells,Malignant,Malignant,Patient 9,Patient 9,Tumor,-0.18948435915438,-0.18948435915438
HCC9_COL4_ROW26,-0.845688093509513,14.6293665939302,3,Malignant cells,Malignant,Malignant,Patient 9,Patient 9,Tumor,0.536079257352367,0.536079257352367
HCC9_COL4_ROW27,-1.28092289721592,8.30545826492018,10,Malignant cells,Malignant,Malignant,Patient 9,Patient 9,Tumor,0.489039706685389,0.489039706685389
HCC9_COL4_ROW28,-2.97085072478278,11.002632814023,2,Malignant cells,Malignant,Malignant,Patient 9,Patient 9,Tumor,0.404477728371948,0.404477728371948
HCC9_COL4_ROW29,-2.96147658308967,12.8118025833101,2,Malignant cells,Malignant,Malignant,Patient 9,Patient 9,Tumor,0.357984242140573,0.357984242140573
HCC9_COL4_ROW3,-0.431192059125739,14.6104304367036,3,Malignant cells,Malignant,Malignant,Patient 9,Patient 9,Tumor,0.599110695062017,0.599110695062017
HCC9_COL4_ROW30,-1.48819552740081,11.7981164031953,2,Malignant cells,Malignant,Malignant,Patient 9,Patient 9,Tumor,-0.24471487635541,-0.24471487635541
HCC9_COL4_ROW31,-0.898739416208106,12.9975039535493,3,Malignant cells,Malignant,Malignant,Patient 9,Patient 9,Tumor,-0.207114439503861,-0.207114439503861
HCC9_COL4_ROW32,-2.10704334458335,11.7717034393281,2,Malignant cells,Malignant,Malignant,Patient 9,Patient 9,Tumor,0.493798268195647,0.493798268195647
HCC9_COL4_ROW33,-3.66927792510017,13.4996296936006,2,Malignant cells,Malignant,Malignant,Patient 9,Patient 9,Tumor,0.591075746938138,0.591075746938138
HCC9_COL4_ROW34,-1.52745698770507,11.6927678161592,2,Malignant cells,Malignant,Malignant,Patient 9,Patient 9,Tumor,0.523597784538576,0.523597784538576
HCC9_COL4_ROW35,-3.22129895171149,12.9420001083345,2,Malignant cells,Malignant,Malignant,Patient 9,Patient 9,Tumor,0.460722365239098,0.460722365239098
HCC9_COL4_ROW36,-3.64464928587897,11.4619137817354,2,Malignant cells,Malignant,Malignant,Patient 9,Patient 9,Tumor,0.257118339964116,0.257118339964116
HCC9_COL4_ROW37,-2.09414030989631,11.4318873458833,2,Malignant cells,Malignant,Malignant,Patient 9,Patient 9,Tumor,-0.260862781808253,-0.260862781808253
HCC9_COL4_ROW38,-3.29875232657416,13.7257086807222,2,Malignant cells,Malignant,Malignant,Patient 9,Patient 9,Tumor,0.594976207192449,0.594976207192449
HCC9_COL4_ROW39,-3.04776145895942,12.8006779724092,2,Malignant cells,Malignant,Malignant,Patient 9,Patient 9,Tumor,0.548404711755987,0.548404711755987
HCC9_COL4_ROW4,-2.56721832236274,10.6460063034028,2,Malignant cells,Malignant,Malignant,Patient 9,Patient 9,Tumor,-0.273110227006787,-0.273110227006787
HCC9_COL4_ROW40,-0.459988195504981,14.1795298629732,3,Malignant cells,Malignant,Malignant,Patient 9,Patient 9,Tumor,0.571807473281847,0.571807473281847
HCC9_COL4_ROW5,-3.23038472613319,10.955739694211,6,Immune cells,Mono/Macro,Mono/Macro,Patient 9,Patient 9,Tumor,0.380372884000312,0.380372884000312
HCC9_COL4_ROW6,-3.086744327154,13.3944584899873,3,Malignant cells,Malignant,Malignant,Patient 9,Patient 9,Tumor,0.601684998829862,0.601684998829862
HCC9_COL4_ROW7,-1.24720467539503,8.25790901717848,10,Malignant cells,Malignant,Malignant,Patient 9,Patient 9,Tumor,0.553553319291676,0.553553319291676
HCC9_COL4_ROW8,-2.44077338656409,11.2320572906465,2,Malignant cells,Malignant,Malignant,Patient 9,Patient 9,Tumor,0.47874249161401,0.47874249161401
HCC9_COL4_ROW9,8.06960485497491,-5.55980328979784,4,Immune cells,CD8T,CD8T,Patient 9,Patient 9,Tumor,-0.221858179265153,-0.221858179265153
HCC9_COL5_ROW1,0.0681729129888236,14.4768511825532,3,Malignant cells,Malignant,Malignant,Patient 9,Patient 9,Tumor,-0.187534129027225,-0.187534129027225
HCC9_COL5_ROW10,-3.19710685690864,13.867303567502,2,Malignant cells,Malignant,Malignant,Patient 9,Patient 9,Tumor,0.580232467431157,0.580232467431157
HCC9_COL5_ROW11,-2.63231112441047,12.3511616760225,2,Malignant cells,Malignant,Malignant,Patient 9,Patient 9,Tumor,0.570715344410641,0.570715344410641
HCC9_COL5_ROW12,-3.48258902510627,10.9189412170381,2,Malignant cells,Malignant,Malignant,Patient 9,Patient 9,Tumor,-0.322256026211093,-0.322256026211093
HCC9_COL5_ROW13,-2.4166912027262,11.3832404190034,2,Malignant cells,Malignant,Malignant,Patient 9,Patient 9,Tumor,-0.30095951322256,-0.30095951322256
HCC9_COL5_ROW14,-2.04339583596213,11.9152953201265,2,Malignant cells,Malignant,Malignant,Patient 9,Patient 9,Tumor,-0.247211170918168,-0.247211170918168
HCC9_COL5_ROW16,-2.51585807284339,11.358888345334,2,Malignant cells,Malignant,Malignant,Patient 9,Patient 9,Tumor,-0.260160698962478,-0.260160698962478
HCC9_COL5_ROW17,-1.446452859845,13.6420485549898,3,Malignant cells,Malignant,Malignant,Patient 9,Patient 9,Tumor,-0.196115141586707,-0.196115141586707
HCC9_COL5_ROW18,-2.03551777085288,11.97346563873,2,Malignant cells,Malignant,Malignant,Patient 9,Patient 9,Tumor,0.500585069038146,0.500585069038146
HCC9_COL5_ROW19,-2.74608590086921,11.7490593963594,2,Malignant cells,Malignant,Malignant,Patient 9,Patient 9,Tumor,0.593416023090725,0.593416023090725
HCC9_COL5_ROW2,-1.42060585698112,12.9434659057588,3,Malignant cells,Malignant,Malignant,Patient 9,Patient 9,Tumor,0.57461580466495,0.57461580466495
HCC9_COL5_ROW20,-1.49415143212302,13.9704901748628,3,Malignant cells,Malignant,Malignant,Patient 9,Patient 9,Tumor,-0.189328340744208,-0.189328340744208
HCC9_COL5_ROW21,-1.32367515197023,8.55364485320753,10,Malignant cells,Malignant,Malignant,Patient 9,Patient 9,Tumor,0.273188236211873,0.273188236211873
HCC9_COL5_ROW22,-1.07716945191844,12.0425622039766,3,Malignant cells,Malignant,Malignant,Patient 9,Patient 9,Tumor,-0.249239410250409,-0.249239410250409
HCC9_COL5_ROW23,-2.73849834879859,13.0951907211275,2,Malignant cells,Malignant,Malignant,Patient 9,Patient 9,Tumor,0.55636165067478,0.55636165067478
HCC9_COL5_ROW24,0.11476479092614,14.2839448028535,3,Malignant cells,Malignant,Malignant,Patient 9,Patient 9,Tumor,-0.186832046181449,-0.186832046181449
HCC9_COL5_ROW25,-2.94989051302894,12.9482390457124,2,Malignant cells,Malignant,Malignant,Patient 9,Patient 9,Tumor,0.450581168577892,0.450581168577892
HCC9_COL5_ROW26,-3.35868241271003,11.0633799606294,2,Malignant cells,Malignant,Malignant,Patient 9,Patient 9,Tumor,0.506201731804353,0.506201731804353
HCC9_COL5_ROW27,-3.24237920721992,12.6531598144502,2,Malignant cells,Malignant,Malignant,Patient 9,Patient 9,Tumor,0.558779936032452,0.558779936032452
HCC9_COL5_ROW28,0.177290301714104,13.8389641815156,3,Malignant cells,Malignant,Malignant,Patient 9,Patient 9,Tumor,-0.18784616584757,-0.18784616584757
HCC9_COL5_ROW29,-2.31477667769416,12.6665703826875,2,Malignant cells,Malignant,Malignant,Patient 9,Patient 9,Tumor,0.587019268273656,0.587019268273656
HCC9_COL5_ROW3,-1.9506724067591,11.7208840423555,2,Malignant cells,Malignant,Malignant,Patient 9,Patient 9,Tumor,-0.239878305640066,-0.239878305640066
HCC9_COL5_ROW30,3.2730665020086,-2.25271300735765,6,Immune cells,Mono/Macro,Mono/Macro,Patient 9,Patient 9,Tumor,-0.289804196895234,-0.289804196895234
HCC9_COL5_ROW31,-1.58455618103965,14.2127196365327,3,Malignant cells,Malignant,Malignant,Patient 9,Patient 9,Tumor,-0.195335049535845,-0.195335049535845
HCC9_COL5_ROW32,-1.19423594331368,14.2505337768526,3,Malignant cells,Malignant,Malignant,Patient 9,Patient 9,Tumor,-0.200249629456276,-0.200249629456276
HCC9_COL5_ROW33,-1.1176773049496,12.6372382217378,3,Malignant cells,Malignant,Malignant,Patient 9,Patient 9,Tumor,0.509790155238318,0.509790155238318
HCC9_COL5_ROW34,-1.94457675894721,11.1670405441255,2,Malignant cells,Malignant,Malignant,Patient 9,Patient 9,Tumor,0.416725173570481,0.416725173570481
HCC9_COL5_ROW35,-0.785156626310188,12.490404801938,3,Malignant cells,Malignant,Malignant,Patient 9,Patient 9,Tumor,-0.210468835322568,-0.210468835322568
HCC9_COL5_ROW36,-3.8644907661341,12.4385430389375,2,Malignant cells,Malignant,Malignant,Patient 9,Patient 9,Tumor,0.532880879943833,0.532880879943833
HCC9_COL5_ROW37,-2.9183100648783,10.8655259185762,2,Malignant cells,Malignant,Malignant,Patient 9,Patient 9,Tumor,0.527030189562368,0.527030189562368
HCC9_COL5_ROW38,-2.51978458842261,11.8819176727266,2,Malignant cells,Malignant,Malignant,Patient 9,Patient 9,Tumor,0.550354941883142,0.550354941883142
HCC9_COL5_ROW39,-2.00859214743598,11.2124449783296,2,Malignant cells,Malignant,Malignant,Patient 9,Patient 9,Tumor,0.554489429752711,0.554489429752711
HCC9_COL5_ROW4,0.463689427766961,13.9911562972993,3,Malignant cells,Malignant,Malignant,Patient 9,Patient 9,Tumor,-0.181527420235588,-0.181527420235588
HCC9_COL5_ROW40,-2.15942968806251,12.2580267959566,2,Malignant cells,Malignant,Malignant,Patient 9,Patient 9,Tumor,0.416491145955223,0.416491145955223
HCC9_COL5_ROW5,-1.31185674300416,12.9116742187471,3,Malignant cells,Malignant,Malignant,Patient 9,Patient 9,Tumor,0.581480614712536,0.581480614712536
HCC9_COL5_ROW6,-3.57987596472724,13.1439091735811,2,Malignant cells,Malignant,Malignant,Patient 9,Patient 9,Tumor,0.336609719946954,0.336609719946954
HCC9_COL5_ROW7,-1.54671113571151,9.61431856689162,10,Malignant cells,Malignant,Malignant,Patient 9,Patient 9,Tumor,0.439035806225134,0.439035806225134
HCC9_COL5_ROW8,-0.89518319448455,13.9798829132051,3,Malignant cells,Malignant,Malignant,Patient 9,Patient 9,Tumor,-0.18066931897964,-0.18066931897964
HCC9_COL5_ROW9,-1.12971435865386,13.4713904434175,3,Malignant cells,Malignant,Malignant,Patient 9,Patient 9,Tumor,0.585771120992277,0.585771120992277
HCC9_COL6_ROW1,-3.8215584941767,11.9403664642305,2,Malignant cells,Malignant,Malignant,Patient 9,Patient 9,Tumor,0.177236913955847,0.177236913955847
HCC9_COL6_ROW10,-3.3640515991114,14.0664822631807,2,Malignant cells,Malignant,Malignant,Patient 9,Patient 9,Tumor,0.57360168499883,0.57360168499883
HCC9_COL6_ROW11,-1.48453763505443,13.3993489318818,3,Malignant cells,Malignant,Malignant,Patient 9,Patient 9,Tumor,-0.232077385131446,-0.232077385131446
HCC9_COL6_ROW12,-0.0239205547235788,13.9348027282686,3,Malignant cells,Malignant,Malignant,Patient 9,Patient 9,Tumor,-0.187534129027225,-0.187534129027225
HCC9_COL6_ROW13,-1.03294168790801,13.7701012664766,3,Malignant cells,Malignant,Malignant,Patient 9,Patient 9,Tumor,0.57586395194633,0.57586395194633
HCC9_COL6_ROW14,-0.811994630899268,14.0032422119111,3,Malignant cells,Malignant,Malignant,Patient 9,Patient 9,Tumor,-0.195569077151104,-0.195569077151104
HCC9_COL6_ROW15,-1.96752579888328,11.9294583373994,2,Malignant cells,Malignant,Malignant,Patient 9,Patient 9,Tumor,0.526952180357282,0.526952180357282
HCC9_COL6_ROW16,-0.00459947070105682,13.9856650405855,3,Malignant cells,Malignant,Malignant,Patient 9,Patient 9,Tumor,-0.186598018566191,-0.186598018566191
HCC9_COL6_ROW17,-0.378435391988593,13.9991776519746,3,Malignant cells,Malignant,Malignant,Patient 9,Patient 9,Tumor,-0.186910055386536,-0.186910055386536
HCC9_COL6_ROW18,-0.51078029355033,13.0552041107149,3,Malignant cells,Malignant,Malignant,Patient 9,Patient 9,Tumor,0.545050315937281,0.545050315937281
HCC9_COL6_ROW19,-2.3862991519831,13.1783396774263,2,Malignant cells,Malignant,Malignant,Patient 9,Patient 9,Tumor,0.570949372025899,0.570949372025899
HCC9_COL6_ROW2,-3.57197048148139,13.5218102508516,2,Malignant cells,Malignant,Malignant,Patient 9,Patient 9,Tumor,0.596146345268742,0.596146345268742
HCC9_COL6_ROW20,-1.094333116021,13.0375802093477,3,Malignant cells,Malignant,Malignant,Patient 9,Patient 9,Tumor,-0.229191044543256,-0.229191044543256
HCC9_COL6_ROW21,0.522621851358575,13.9981934600801,3,Malignant cells,Malignant,Malignant,Patient 9,Patient 9,Tumor,-0.181371401825415,-0.181371401825415
HCC9_COL6_ROW22,-2.99878944834693,12.0694787078828,2,Malignant cells,Malignant,Malignant,Patient 9,Patient 9,Tumor,-0.261408846243857,-0.261408846243857
HCC9_COL6_ROW23,0.153788905534905,14.1197211318941,3,Malignant cells,Malignant,Malignant,Patient 9,Patient 9,Tumor,-0.185427880489898,-0.185427880489898
HCC9_COL6_ROW24,-3.22489621123298,14.0854928070039,2,Malignant cells,Malignant,Malignant,Patient 9,Patient 9,Tumor,0.557765816366331,0.557765816366331
HCC9_COL6_ROW25,-2.60208024462684,11.8088538223237,2,Malignant cells,Malignant,Malignant,Patient 9,Patient 9,Tumor,0.588501443170294,0.588501443170294
HCC9_COL6_ROW26,-2.46900727232917,12.5286519103975,2,Malignant cells,Malignant,Malignant,Patient 9,Patient 9,Tumor,-0.232155394336532,-0.232155394336532
HCC9_COL6_ROW27,-1.7958655544184,11.6521565490693,2,Malignant cells,Malignant,Malignant,Patient 9,Patient 9,Tumor,0.584054918480381,0.584054918480381
HCC9_COL6_ROW28,-1.39541004976256,12.2074935012788,2,Malignant cells,Malignant,Malignant,Patient 9,Patient 9,Tumor,-0.238474139948514,-0.238474139948514
HCC9_COL6_ROW29,-2.3453554101847,10.7372891479463,10,Malignant cells,Malignant,Malignant,Patient 9,Patient 9,Tumor,0.56580076449021,0.56580076449021
HCC9_COL6_ROW3,-0.825113404598075,12.8717076354951,3,Malignant cells,Malignant,Malignant,Patient 9,Patient 9,Tumor,-0.20898666042593,-0.20898666042593
HCC9_COL6_ROW30,-1.39872688433154,8.57636042175001,10,Malignant cells,Malignant,Malignant,Patient 9,Patient 9,Tumor,-0.259302597706529,-0.259302597706529
HCC9_COL6_ROW31,-0.22794475039466,14.4221493774385,3,Malignant cells,Malignant,Malignant,Patient 9,Patient 9,Tumor,-0.183009595132226,-0.183009595132226
HCC9_COL6_ROW32,-0.759680647458869,11.9912888580293,3,Malignant cells,Malignant,Malignant,Patient 9,Patient 9,Tumor,-0.210936890553085,-0.210936890553085
HCC9_COL6_ROW33,-3.36666371306403,13.4275147491426,2,Malignant cells,Malignant,Malignant,Patient 9,Patient 9,Tumor,0.555581558623918,0.555581558623918
HCC9_COL6_ROW34,-2.09262229880317,12.301268296811,2,Malignant cells,Malignant,Malignant,Patient 9,Patient 9,Tumor,0.537717450659178,0.537717450659178
HCC9_COL6_ROW35,-0.801414210405189,13.9785019927949,3,Malignant cells,Malignant,Malignant,Patient 9,Patient 9,Tumor,-0.188314221078087,-0.188314221078087
HCC9_COL6_ROW36,-2.3318922706507,11.4534651809663,2,Malignant cells,Malignant,Malignant,Patient 9,Patient 9,Tumor,0.563850534363055,0.563850534363055
HCC9_COL6_ROW37,-3.60204340895637,11.3709704452485,2,Malignant cells,Malignant,Malignant,Patient 9,Patient 9,Tumor,0.556907715110383,0.556907715110383
HCC9_COL6_ROW38,-1.09330693265422,14.532565789792,3,Malignant cells,Malignant,Malignant,Patient 9,Patient 9,Tumor,-0.200795693891879,-0.200795693891879
HCC9_COL6_ROW39,-2.61065580328925,11.3661896759004,2,Malignant cells,Malignant,Malignant,Patient 9,Patient 9,Tumor,0.548248693345815,0.548248693345815
HCC9_COL6_ROW4,-1.45389429112895,11.7486741119356,3,Malignant cells,Malignant,Malignant,Patient 9,Patient 9,Tumor,-0.245338949996099,-0.245338949996099
HCC9_COL6_ROW40,-1.3649113514088,13.8077265792818,3,Malignant cells,Malignant,Malignant,Patient 9,Patient 9,Tumor,-0.18558389890007,-0.18558389890007
HCC9_COL6_ROW5,-2.44481839617713,12.0484435134859,2,Malignant cells,Malignant,Malignant,Patient 9,Patient 9,Tumor,-0.237928075512911,-0.237928075512911
HCC9_COL6_ROW6,-0.92396657546981,13.0638787322969,3,Malignant cells,Malignant,Malignant,Patient 9,Patient 9,Tumor,0.493174194554957,0.493174194554957
HCC9_COL6_ROW7,-1.28279203554614,8.30119677123732,10,Malignant cells,Malignant,Malignant,Patient 9,Patient 9,Tumor,-0.251423667992823,-0.251423667992823
HCC9_COL6_ROW8,-1.12174535920842,14.0601031356782,3,Malignant cells,Malignant,Malignant,Patient 9,Patient 9,Tumor,-0.184491770028863,-0.184491770028863
HCC9_COL6_ROW9,0.153585057649773,13.6181485229463,3,Malignant cells,Malignant,Malignant,Patient 9,Patient 9,Tumor,-0.183477650362743,-0.183477650362743
HCC9_COL7_ROW1,-2.05449529370292,12.5920388275117,2,Malignant cells,Malignant,Malignant,Patient 9,Patient 9,Tumor,-0.252827833684375,-0.252827833684375
HCC9_COL7_ROW10,8.20764539757745,-5.57078484955125,4,Immune cells,CD8T,CD8T,Patient 9,Patient 9,Tumor,-0.242608627818083,-0.242608627818083
HCC9_COL7_ROW11,-1.33802325656636,14.6430069976777,3,Malignant cells,Malignant,Malignant,Patient 9,Patient 9,Tumor,-0.196115141586707,-0.196115141586707
HCC9_COL7_ROW12,-2.0777168460749,12.0685193115205,2,Malignant cells,Malignant,Malignant,Patient 9,Patient 9,Tumor,0.531086668226851,0.531086668226851
HCC9_COL7_ROW13,-2.11782445391639,12.2406584793062,2,Malignant cells,Malignant,Malignant,Patient 9,Patient 9,Tumor,0.49169201965832,0.49169201965832
HCC9_COL7_ROW14,-0.204375404920417,13.8450963073701,3,Malignant cells,Malignant,Malignant,Patient 9,Patient 9,Tumor,-0.181059365005071,-0.181059365005071
HCC9_COL7_ROW15,-1.57938234886153,11.6858088546724,2,Malignant cells,Malignant,Malignant,Patient 9,Patient 9,Tumor,-0.258444496450581,-0.258444496450581
HCC9_COL7_ROW16,-2.61191918333991,12.8743693405122,2,Malignant cells,Malignant,Malignant,Patient 9,Patient 9,Tumor,-0.234963725719635,-0.234963725719635
HCC9_COL7_ROW17,-2.31971992930396,12.338850694272,2,Malignant cells,Malignant,Malignant,Patient 9,Patient 9,Tumor,0.442546220454014,0.442546220454014
HCC9_COL7_ROW18,-2.57361902674659,12.5082566314668,2,Malignant cells,Malignant,Malignant,Patient 9,Patient 9,Tumor,-0.267961619471098,-0.267961619471098
HCC9_COL7_ROW19,-0.512557763662177,12.9160906845064,3,Malignant cells,Malignant,Malignant,Patient 9,Patient 9,Tumor,-0.212731102270068,-0.212731102270068
HCC9_COL7_ROW2,3.61305664101617,-1.58094577255541,6,Immune cells,Mono/Macro,Mono/Macro,Patient 9,Patient 9,Tumor,0.441220063967548,0.441220063967548
HCC9_COL7_ROW20,-1.34184114268048,12.4108779006929,2,Malignant cells,Malignant,Malignant,Patient 9,Patient 9,Tumor,-0.247211170918168,-0.247211170918168
HCC9_COL7_ROW21,-0.788323093261558,14.5482251220674,3,Malignant cells,Malignant,Malignant,Patient 9,Patient 9,Tumor,-0.195179031125673,-0.195179031125673
HCC9_COL7_ROW22,-3.15785064181312,10.9430644088716,2,Malignant cells,Malignant,Malignant,Patient 9,Patient 9,Tumor,0.521491536001248,0.521491536001248
HCC9_COL7_ROW23,-0.145901937093574,13.3706929260225,3,Malignant cells,Malignant,Malignant,Patient 9,Patient 9,Tumor,-0.227162805211015,-0.227162805211015
HCC9_COL7_ROW24,-0.0600605197809518,14.1833788925142,3,Malignant cells,Malignant,Malignant,Patient 9,Patient 9,Tumor,0.545206334347453,0.545206334347453
HCC9_COL7_ROW25,-3.41533662756904,11.2043492370576,2,Malignant cells,Malignant,Malignant,Patient 9,Patient 9,Tumor,-0.313518995241438,-0.313518995241438
HCC9_COL7_ROW26,-2.40631629904731,11.1265761428804,2,Malignant cells,Malignant,Malignant,Patient 9,Patient 9,Tumor,-0.251345658787737,-0.251345658787737
HCC9_COL7_ROW27,-1.5218399353884,12.4148137145967,3,Malignant cells,Malignant,Malignant,Patient 9,Patient 9,Tumor,-0.229035026133084,-0.229035026133084
HCC9_COL7_ROW28,-1.48464239021762,13.6563145690889,3,Malignant cells,Malignant,Malignant,Patient 9,Patient 9,Tumor,0.531008659021764,0.531008659021764
HCC9_COL7_ROW29,-2.15743090590461,12.8296763473482,2,Malignant cells,Malignant,Malignant,Patient 9,Patient 9,Tumor,-0.255090100631875,-0.255090100631875
HCC9_COL7_ROW3,-2.53216423472388,12.9161545806856,2,Malignant cells,Malignant,Malignant,Patient 9,Patient 9,Tumor,0.582650752788829,0.582650752788829
HCC9_COL7_ROW30,-2.92480220278724,10.9117981964082,2,Malignant cells,Malignant,Malignant,Patient 9,Patient 9,Tumor,0.448864966065996,0.448864966065996
HCC9_COL7_ROW31,-2.15827919920905,12.5225312286348,2,Malignant cells,Malignant,Malignant,Patient 9,Patient 9,Tumor,0.574693813870037,0.574693813870037
HCC9_COL7_ROW32,-2.5351073928736,11.9254681640596,2,Malignant cells,Malignant,Malignant,Patient 9,Patient 9,Tumor,0.320539823699196,0.320539823699196
HCC9_COL7_ROW33,-1.03643530985339,13.2015482955903,3,Malignant cells,Malignant,Malignant,Patient 9,Patient 9,Tumor,0.562056322646072,0.562056322646072
HCC9_COL7_ROW34,-2.80267967661841,11.7561242156953,2,Malignant cells,Malignant,Malignant,Patient 9,Patient 9,Tumor,0.580700522661674,0.580700522661674
HCC9_COL7_ROW35,-2.17655112227424,13.6413676315278,3,Malignant cells,Malignant,Malignant,Patient 9,Patient 9,Tumor,0.551915125984866,0.551915125984866
HCC9_COL7_ROW36,-3.41342665633185,13.372557359311,2,Malignant cells,Malignant,Malignant,Patient 9,Patient 9,Tumor,0.585069038146501,0.585069038146501
HCC9_COL7_ROW37,-1.30209494015201,14.4217946105928,3,Malignant cells,Malignant,Malignant,Patient 9,Patient 9,Tumor,-0.199781574225759,-0.199781574225759
HCC9_COL7_ROW38,-3.05707957228644,11.1005580001802,2,Malignant cells,Malignant,Malignant,Patient 9,Patient 9,Tumor,0.326780560106092,0.326780560106092
HCC9_COL7_ROW39,-1.86295070132239,9.97939844665236,10,Malignant cells,Malignant,Malignant,Patient 9,Patient 9,Tumor,-0.275996567594976,-0.275996567594976
HCC9_COL7_ROW4,-1.60722087701781,9.89170904693312,10,Malignant cells,Malignant,Malignant,Patient 9,Patient 9,Tumor,0.487479522583665,0.487479522583665
HCC9_COL7_ROW40,-2.62975134333594,12.7628161483735,2,Malignant cells,Malignant,Malignant,Patient 9,Patient 9,Tumor,-0.221858179265153,-0.221858179265153
HCC9_COL7_ROW5,-2.88637210806831,11.8671967559785,2,Malignant cells,Malignant,Malignant,Patient 9,Patient 9,Tumor,0.49723067321944,0.49723067321944
HCC9_COL7_ROW6,-1.31735656788571,14.4527651840181,3,Malignant cells,Malignant,Malignant,Patient 9,Patient 9,Tumor,0.576253997971761,0.576253997971761
HCC9_COL7_ROW7,3.05387161294,-1.92315368118578,6,Immune cells,Mono/Macro,Mono/Macro,Patient 9,Patient 9,Tumor,-0.204306108120758,-0.204306108120758
HCC9_COL7_ROW8,-3.13956942042335,13.7449690872163,2,Malignant cells,Malignant,Malignant,Patient 9,Patient 9,Tumor,0.517435057336766,0.517435057336766
HCC9_COL7_ROW9,-1.11453796556218,14.3272864395112,3,Malignant cells,Malignant,Malignant,Patient 9,Patient 9,Tumor,0.54505031593728,0.54505031593728
HCC9_COL8_ROW1,-1.21511646738275,14.6234881454439,3,Malignant cells,Malignant,Malignant,Patient 9,Patient 9,Tumor,-0.195959123176535,-0.195959123176535
HCC9_COL8_ROW10,-1.71280341228469,12.0851761871309,2,Malignant cells,Malignant,Malignant,Patient 9,Patient 9,Tumor,0.568609095873313,0.568609095873313
HCC9_COL8_ROW11,0.0894022993184744,14.1276824050874,3,Malignant cells,Malignant,Malignant,Patient 9,Patient 9,Tumor,-0.195257040330759,-0.195257040330759
HCC9_COL8_ROW12,-2.01753415545447,12.1712843948335,2,Malignant cells,Malignant,Malignant,Patient 9,Patient 9,Tumor,0.425072158514705,0.425072158514705
HCC9_COL8_ROW13,-0.315507311429817,14.3584286743135,3,Malignant cells,Malignant,Malignant,Patient 9,Patient 9,Tumor,-0.193072782588345,-0.193072782588345
HCC9_COL8_ROW14,-1.7819963880442,10.0401846939058,10,Malignant cells,Malignant,Malignant,Patient 9,Patient 9,Tumor,-0.243544738279117,-0.243544738279117
HCC9_COL8_ROW15,-3.466716069784,13.7092196517915,2,Malignant cells,Malignant,Malignant,Patient 9,Patient 9,Tumor,0.56517669084952,0.56517669084952
HCC9_COL8_ROW16,-1.6908977218531,11.9387814575166,2,Malignant cells,Malignant,Malignant,Patient 9,Patient 9,Tumor,0.558467899212107,0.558467899212107
HCC9_COL8_ROW17,-3.38703586539252,11.3155209594697,2,Malignant cells,Malignant,Malignant,Patient 9,Patient 9,Tumor,0.269521803572822,0.269521803572822
HCC9_COL8_ROW18,-0.691508729066688,14.2198903137178,3,Malignant cells,Malignant,Malignant,Patient 9,Patient 9,Tumor,-0.190654497230673,-0.190654497230673
HCC9_COL8_ROW19,0.428751569185418,13.9305836730928,3,Malignant cells,Malignant,Malignant,Patient 9,Patient 9,Tumor,-0.188860285513691,-0.188860285513691
HCC9_COL8_ROW2,-3.05946578463538,11.3597733550996,2,Malignant cells,Malignant,Malignant,Patient 9,Patient 9,Tumor,-0.276386613620407,-0.276386613620407
HCC9_COL8_ROW20,-0.342982251252967,13.2249953323335,3,Malignant cells,Malignant,Malignant,Patient 9,Patient 9,Tumor,-0.212185037834464,-0.212185037834464
HCC9_COL8_ROW21,-0.737660635318595,13.9011532836885,3,Malignant cells,Malignant,Malignant,Patient 9,Patient 9,Tumor,-0.178953116467743,-0.178953116467743
HCC9_COL8_ROW22,-0.0516116805933298,13.9480940872163,3,Malignant cells,Malignant,Malignant,Patient 9,Patient 9,Tumor,0.586785240658398,0.586785240658398
HCC9_COL8_ROW23,-3.76044513663276,11.8371722274751,2,Malignant cells,Malignant,Malignant,Patient 9,Patient 9,Tumor,-0.301427568453077,-0.301427568453077
HCC9_COL8_ROW24,-1.2318295841664,13.2626406722993,3,Malignant cells,Malignant,Malignant,Patient 9,Patient 9,Tumor,0.599734768702707,0.599734768702707
HCC9_COL8_ROW25,-3.46813346823676,12.811956124875,2,Malignant cells,Malignant,Malignant,Patient 9,Patient 9,Tumor,0.591621811373742,0.591621811373742
HCC9_COL8_ROW26,0.254851918611687,14.5151965194673,3,Malignant cells,Malignant,Malignant,Patient 9,Patient 9,Tumor,-0.188860285513691,-0.188860285513691
HCC9_COL8_ROW27,-0.875273693408805,12.4435832076997,3,Malignant cells,Malignant,Malignant,Patient 9,Patient 9,Tumor,0.495124424682112,0.495124424682112
HCC9_COL8_ROW28,-3.60167672118171,13.027438836667,2,Malignant cells,Malignant,Malignant,Patient 9,Patient 9,Tumor,0.550432951088228,0.550432951088228
HCC9_COL8_ROW29,-2.8985883184336,11.2396161132783,2,Malignant cells,Malignant,Malignant,Patient 9,Patient 9,Tumor,-0.261564864654029,-0.261564864654029
HCC9_COL8_ROW3,-1.11415222665294,14.5533520751924,3,Malignant cells,Malignant,Malignant,Patient 9,Patient 9,Tumor,-0.186832046181449,-0.186832046181449
HCC9_COL8_ROW30,-1.43341665348037,8.42976112899489,10,Malignant cells,Malignant,Malignant,Patient 9,Patient 9,Tumor,0.542319993759264,0.542319993759264
HCC9_COL8_ROW31,-3.63000585516914,12.5136487060518,2,Malignant cells,Malignant,Malignant,Patient 9,Patient 9,Tumor,0.580388485841329,0.580388485841329
HCC9_COL8_ROW32,-1.81448151549323,14.3250691467256,3,Malignant cells,Malignant,Malignant,Patient 9,Patient 9,Tumor,0.551447070754349,0.551447070754349
HCC9_COL8_ROW33,-3.18227531393989,11.4023596816987,2,Malignant cells,Malignant,Malignant,Patient 9,Patient 9,Tumor,0.590529682502535,0.590529682502535
HCC9_COL8_ROW34,-1.80819906672462,9.41351004180617,10,Malignant cells,Malignant,Malignant,Patient 9,Patient 9,Tumor,0.382947187768157,0.382947187768157
HCC9_COL8_ROW35,-2.07928021630271,12.583048539731,2,Malignant cells,Malignant,Malignant,Patient 9,Patient 9,Tumor,-0.250409548326703,-0.250409548326703
HCC9_COL8_ROW36,-3.49190237006171,11.1192118698091,2,Malignant cells,Malignant,Malignant,Patient 9,Patient 9,Tumor,0.493954286605819,0.493954286605819
HCC9_COL8_ROW37,-1.3152745031379,8.36379976806349,10,Malignant cells,Malignant,Malignant,Patient 9,Patient 9,Tumor,-0.29932131991575,-0.29932131991575
HCC9_COL8_ROW38,-2.05456258734687,10.1469056182832,10,Malignant cells,Malignant,Malignant,Patient 9,Patient 9,Tumor,0.507449879085732,0.507449879085732
HCC9_COL8_ROW39,-2.05536605795844,14.0791346603364,2,Malignant cells,Malignant,Malignant,Patient 9,Patient 9,Tumor,-0.212965129885326,-0.212965129885326
HCC9_COL8_ROW4,-1.17986168345435,8.13881655273146,10,Malignant cells,Malignant,Malignant,Patient 9,Patient 9,Tumor,0.50214525313987,0.50214525313987
HCC9_COL8_ROW40,-3.12111343821509,10.5847127014131,2,Malignant cells,Malignant,Malignant,Patient 9,Patient 9,Tumor,-0.275528512364459,-0.275528512364459
HCC9_COL8_ROW5,-1.68028860172256,13.4072205596895,3,Malignant cells,Malignant,Malignant,Patient 9,Patient 9,Tumor,0.596380372884,0.596380372884
HCC9_COL8_ROW6,-2.42535831412299,12.5840861373872,2,Malignant cells,Malignant,Malignant,Patient 9,Patient 9,Tumor,0.4426242296591,0.4426242296591
HCC9_COL8_ROW7,-3.65655304869636,12.687706666562,2,Malignant cells,Malignant,Malignant,Patient 9,Patient 9,Tumor,0.410484437163585,0.410484437163585
HCC9_COL8_ROW8,-1.6856392510794,14.2199446731538,3,Malignant cells,Malignant,Malignant,Patient 9,Patient 9,Tumor,0.58077853186676,0.58077853186676
HCC9_COL8_ROW9,-1.81830735882743,13.9952837997407,3,Malignant cells,Malignant,Malignant,Patient 9,Patient 9,Tumor,-0.207894531554723,-0.207894531554723
HCC9_COL9_ROW1,-0.663721758928138,13.1279427581758,3,Malignant cells,Malignant,Malignant,Patient 9,Patient 9,Tumor,-0.226304703955067,-0.226304703955067
HCC9_COL9_ROW10,-2.3555545993708,12.3912884765596,2,Malignant cells,Malignant,Malignant,Patient 9,Patient 9,Tumor,0.579218347765036,0.579218347765036
HCC9_COL9_ROW11,-1.74709250411018,13.8718802505464,3,Malignant cells,Malignant,Malignant,Patient 9,Patient 9,Tumor,-0.214447304781964,-0.214447304781964
HCC9_COL9_ROW12,-2.06340046605094,11.9336564117402,2,Malignant cells,Malignant,Malignant,Patient 9,Patient 9,Tumor,0.57461580466495,0.57461580466495
HCC9_COL9_ROW13,-2.65265991171821,11.5315253311128,2,Malignant cells,Malignant,Malignant,Patient 9,Patient 9,Tumor,0.508776035572197,0.508776035572197
HCC9_COL9_ROW14,-1.93386347969993,11.5513169342012,2,Malignant cells,Malignant,Malignant,Patient 9,Patient 9,Tumor,0.469225368593494,0.469225368593494
HCC9_COL9_ROW15,-0.922763038482505,12.7236296707124,3,Malignant cells,Malignant,Malignant,Patient 9,Patient 9,Tumor,0.558935954442624,0.558935954442624
HCC9_COL9_ROW16,-2.65431119879706,11.5257451110811,2,Malignant cells,Malignant,Malignant,Patient 9,Patient 9,Tumor,-0.270457914033856,-0.270457914033856
HCC9_COL9_ROW17,-3.3032593913935,13.4625412994356,2,Malignant cells,Malignant,Malignant,Patient 9,Patient 9,Tumor,0.474061939308838,0.474061939308838
HCC9_COL9_ROW18,-2.45761205634101,11.7497841888399,2,Malignant cells,Malignant,Malignant,Patient 9,Patient 9,Tumor,0.576488025587019,0.576488025587019
HCC9_COL9_ROW19,-1.81207563361152,10.0065590911836,10,Malignant cells,Malignant,Malignant,Patient 9,Patient 9,Tumor,0.510492238084094,0.510492238084094
HCC9_COL9_ROW2,0.345639210138482,13.9351994567842,3,Malignant cells,Malignant,Malignant,Patient 9,Patient 9,Tumor,-0.191902644512052,-0.191902644512052
HCC9_COL9_ROW20,-0.0965157934091867,14.2867629104585,3,Malignant cells,Malignant,Malignant,Patient 9,Patient 9,Tumor,-0.195413058740931,-0.195413058740931
HCC9_COL9_ROW21,-3.51718880614265,10.864973741147,6,Immune cells,Mono/Macro,Mono/Macro,Patient 9,Patient 9,Tumor,0.5161089008503,0.5161089008503
HCC9_COL9_ROW22,-2.06420936068519,12.2794806533784,2,Malignant cells,Malignant,Malignant,Patient 9,Patient 9,Tumor,0.575863951946329,0.575863951946329
HCC9_COL9_ROW23,-1.84024782856925,12.1825873428316,2,Malignant cells,Malignant,Malignant,Patient 9,Patient 9,Tumor,0.587175286683828,0.587175286683828
HCC9_COL9_ROW24,-2.4893162437342,12.2100646072359,2,Malignant cells,Malignant,Malignant,Patient 9,Patient 9,Tumor,-0.276386613620407,-0.276386613620407
HCC9_COL9_ROW25,-3.73739077528937,12.9569117599458,2,Malignant cells,Malignant,Malignant,Patient 9,Patient 9,Tumor,0.579686402995553,0.579686402995553
HCC9_COL9_ROW26,-2.88510789355262,10.7086808258027,2,Malignant cells,Malignant,Malignant,Patient 9,Patient 9,Tumor,-0.298073172634371,-0.298073172634371
HCC9_COL9_ROW27,8.94939802208916,-4.7845876640349,4,Immune cells,CD8T,CD8T,Patient 9,Patient 9,Tumor,-0.209220688041189,-0.209220688041189
HCC9_COL9_ROW28,-2.64492144068702,11.9066407257051,2,Malignant cells,Malignant,Malignant,Patient 9,Patient 9,Tumor,-0.231141274670411,-0.231141274670411
HCC9_COL9_ROW29,-1.27099619438871,12.368994432065,3,Malignant cells,Malignant,Malignant,Patient 9,Patient 9,Tumor,-0.230517201029722,-0.230517201029722
HCC9_COL9_ROW3,-1.24768789676948,8.18930693206496,10,Malignant cells,Malignant,Malignant,Patient 9,Patient 9,Tumor,-0.226538731570325,-0.226538731570325
HCC9_COL9_ROW30,-2.62210049113258,11.8986098342866,2,Malignant cells,Malignant,Malignant,Patient 9,Patient 9,Tumor,0.592635931039863,0.592635931039863
HCC9_COL9_ROW31,-3.12899424513801,12.9587361389131,2,Malignant cells,Malignant,Malignant,Patient 9,Patient 9,Tumor,0.499414930961854,0.499414930961854
HCC9_COL9_ROW32,-1.44651726266368,8.64467402038283,10,Malignant cells,Malignant,Malignant,Patient 9,Patient 9,Tumor,0.504095483267026,0.504095483267026
HCC9_COL9_ROW33,-1.17466275772079,12.9195487075777,3,Malignant cells,Malignant,Malignant,Patient 9,Patient 9,Tumor,0.39971916686169,0.39971916686169
HCC9_COL9_ROW34,-3.00971044978126,11.0782839828462,2,Malignant cells,Malignant,Malignant,Patient 9,Patient 9,Tumor,0.308994461346439,0.308994461346439
HCC9_COL9_ROW35,-0.0664560981653513,13.4390952163667,3,Malignant cells,Malignant,Malignant,Patient 9,Patient 9,Tumor,0.485139246431079,0.485139246431079
HCC9_COL9_ROW36,-2.0325980969332,11.6042401367158,2,Malignant cells,Malignant,Malignant,Patient 9,Patient 9,Tumor,-0.257430376784461,-0.257430376784461
HCC9_COL9_ROW37,-2.68386556586249,12.8451869064302,2,Malignant cells,Malignant,Malignant,Patient 9,Patient 9,Tumor,-0.272720180981356,-0.272720180981356
HCC9_COL9_ROW38,-2.0027280040644,12.7075841003389,2,Malignant cells,Malignant,Malignant,Patient 9,Patient 9,Tumor,0.4838910991497,0.4838910991497
HCC9_COL9_ROW39,-3.15611054381354,13.082240777585,2,Malignant cells,Malignant,Malignant,Patient 9,Patient 9,Tumor,0.564786644824089,0.564786644824089
HCC9_COL9_ROW4,3.30955026665704,-2.23044351997667,6,Immune cells,Mono/Macro,Mono/Macro,Patient 9,Patient 9,Tumor,-0.202277868788517,-0.202277868788517
HCC9_COL9_ROW40,-2.86550607165321,12.3989703231782,2,Malignant cells,Malignant,Malignant,Patient 9,Patient 9,Tumor,-0.250331539121616,-0.250331539121616
HCC9_COL9_ROW6,-0.508342821206886,13.0109383636445,3,Malignant cells,Malignant,Malignant,Patient 9,Patient 9,Tumor,-0.198845463764724,-0.198845463764724
HCC9_COL9_ROW7,-0.864310551490623,12.8889014297456,3,Malignant cells,Malignant,Malignant,Patient 9,Patient 9,Tumor,-0.224120446212653,-0.224120446212653
HCC9_COL9_ROW8,-0.377098400201637,13.961840348813,3,Malignant cells,Malignant,Malignant,Patient 9,Patient 9,Tumor,0.603869256572275,0.603869256572275
HCC9_COL9_ROW9,-1.76082648715003,12.2397915893526,2,Malignant cells,Malignant,Malignant,Patient 9,Patient 9,Tumor,-0.267259536625322,-0.267259536625322
